{
"type": "FeatureCollection",
"name": "voivodeships",
"features": [
{ "type": "Feature", "properties": { "voivodeship": "dolnośląskie" }, "geometry": { "type": "Polygon", "coordinates": [ [ [ 16.034422298000038, 51.784623810000028 ], [ 16.03701148500005, 51.781490673000064 ], [ 16.048897755000041, 51.781798840000079 ], [ 16.068776955000033, 51.782314233000079 ], [ 16.079585112000075, 51.773348014000078 ], [ 16.081455017000053, 51.772616860000028 ], [ 16.094081540000047, 51.767679742000041 ], [ 16.114927443000056, 51.764113180000038 ], [ 16.127060411000059, 51.764849765000065 ], [ 16.131839409000065, 51.765139895000061 ], [ 16.132179677000067, 51.764321917000075 ], [ 16.134085753000022, 51.759739853000042 ], [ 16.139953967000054, 51.759627518000059 ], [ 16.159547348000046, 51.759179352000046 ], [ 16.166752727000073, 51.760757088000048 ], [ 16.177025270000058, 51.763006430000075 ], [ 16.168079323000029, 51.737528251000072 ], [ 16.161874401000034, 51.719856551000078 ], [ 16.159756755000046, 51.717885769000077 ], [ 16.160960984000042, 51.712085513000034 ], [ 16.168181453000045, 51.709476273000064 ], [ 16.183713664000038, 51.713405886000032 ], [ 16.198634520000041, 51.717180828000039 ], [ 16.216309270000067, 51.714327257000036 ], [ 16.223754395000071, 51.703739145000043 ], [ 16.226705251000055, 51.699542574000077 ], [ 16.223295065000059, 51.695417956000028 ], [ 16.243890364000038, 51.688208142000065 ], [ 16.251673125000025, 51.685483624000028 ], [ 16.264365344000055, 51.673168683000029 ], [ 16.265194672000064, 51.671775991000061 ], [ 16.270096614000067, 51.663544149000074 ], [ 16.274836399000037, 51.672425690000068 ], [ 16.271743037000022, 51.675369250000074 ], [ 16.268409805000033, 51.678541064000058 ], [ 16.270563539000023, 51.685075762000054 ], [ 16.278046851000056, 51.68841645100008 ], [ 16.285871996000026, 51.68911349800004 ], [ 16.297970777000046, 51.690191232000075 ], [ 16.298352507000061, 51.693970423000053 ], [ 16.298369835000074, 51.694141971000079 ], [ 16.304945409000027, 51.699119322000058 ], [ 16.315886147000072, 51.70079382800003 ], [ 16.32826306100003, 51.702688144000035 ], [ 16.347960201000035, 51.70971084200005 ], [ 16.349808589000077, 51.713995111000031 ], [ 16.350130111000055, 51.714740347000031 ], [ 16.350712737000038, 51.714948043000049 ], [ 16.357204327000034, 51.717262186000028 ], [ 16.368078610000055, 51.72828656400003 ], [ 16.364345986000046, 51.735115650000068 ], [ 16.363889562000054, 51.736220205000052 ], [ 16.362142277000032, 51.740448675000039 ], [ 16.371313351000026, 51.748204885000064 ], [ 16.376864904000058, 51.752899974000059 ], [ 16.376801227000044, 51.75706430200006 ], [ 16.376723730000037, 51.762132464000047 ], [ 16.379900039000063, 51.767626780000057 ], [ 16.38428142500004, 51.769888022000032 ], [ 16.389410780000048, 51.768853807000028 ], [ 16.394492160000027, 51.767829266000035 ], [ 16.405456011000069, 51.772282737000069 ], [ 16.414306994000071, 51.782311983000056 ], [ 16.41619088300007, 51.784865006000075 ], [ 16.449480011000048, 51.787745998000048 ], [ 16.485990384000047, 51.782536748000041 ], [ 16.493685051000057, 51.781438883000078 ], [ 16.522205008000071, 51.781328759000075 ], [ 16.540323784000066, 51.781258797000078 ], [ 16.544159291000028, 51.779600697000035 ], [ 16.541756805000034, 51.772145250000051 ], [ 16.540721059000077, 51.768931100000032 ], [ 16.542288016000043, 51.766435308000041 ], [ 16.556368903000077, 51.767317505000051 ], [ 16.576689009000063, 51.768590603000064 ], [ 16.578902787000061, 51.762577608000072 ], [ 16.583110981000061, 51.751147443000036 ], [ 16.590009258000066, 51.750536371000067 ], [ 16.594220527000061, 51.750163323000038 ], [ 16.597636773000033, 51.748645773000078 ], [ 16.60580647300003, 51.745016664000048 ], [ 16.623391797000068, 51.74709579000006 ], [ 16.634857657000055, 51.748451407000061 ], [ 16.646225718000039, 51.744472074000043 ], [ 16.642344403000038, 51.737513943000067 ], [ 16.640047564000042, 51.733396341000059 ], [ 16.644637382000042, 51.729010903000074 ], [ 16.644872328000076, 51.728786419000073 ], [ 16.644980886000042, 51.727737087000037 ], [ 16.645548677000022, 51.722248790000037 ], [ 16.662095403000023, 51.712695430000053 ], [ 16.666835006000042, 51.711566518000041 ], [ 16.680485222000073, 51.708315214000038 ], [ 16.682432999000071, 51.70487599900008 ], [ 16.676197157000047, 51.697418800000037 ], [ 16.675849121000056, 51.692973889000029 ], [ 16.666349660000037, 51.696575964000033 ], [ 16.662628099000074, 51.697987133000026 ], [ 16.659520039000029, 51.69181827400007 ], [ 16.657325703000026, 51.68746297000007 ], [ 16.650397066000039, 51.685462975000064 ], [ 16.643301075000068, 51.683414673000073 ], [ 16.639514316000032, 51.677861040000039 ], [ 16.638907326000037, 51.669851813000037 ], [ 16.641862569000068, 51.662577905000035 ], [ 16.648910447000048, 51.658458006000046 ], [ 16.658591465000029, 51.657792829000073 ], [ 16.683330848000026, 51.656093001000045 ], [ 16.681961164000029, 51.649585044000048 ], [ 16.681405650000045, 51.646945556000048 ], [ 16.691190173000052, 51.647330444000033 ], [ 16.716452572000037, 51.648324176000074 ], [ 16.725841285000058, 51.647410023000077 ], [ 16.729104463000056, 51.644839278000063 ], [ 16.731837680000069, 51.642686039000068 ], [ 16.748009547000038, 51.64359711600008 ], [ 16.766753343000062, 51.644653088000041 ], [ 16.783478255000034, 51.640986923000071 ], [ 16.777149561000044, 51.632377111000039 ], [ 16.775778441000057, 51.63174809700007 ], [ 16.767038279000076, 51.627738469000064 ], [ 16.771662377000041, 51.615001206000045 ], [ 16.778236694000043, 51.612186574000077 ], [ 16.800149468000029, 51.60280515900007 ], [ 16.801293288000068, 51.600989779000031 ], [ 16.795659572000034, 51.598422292000066 ], [ 16.795638026000063, 51.598303602000044 ], [ 16.794187051000051, 51.590310849000048 ], [ 16.810775249000073, 51.586226961000079 ], [ 16.812267733000056, 51.585859523000067 ], [ 16.828371942000047, 51.57218812800005 ], [ 16.832998022000027, 51.575763584000072 ], [ 16.85213273200003, 51.579919362000055 ], [ 16.888369531000023, 51.580553085000076 ], [ 16.901092508000033, 51.574396178000029 ], [ 16.910137569000028, 51.564794668000047 ], [ 16.915799758000048, 51.558784144000072 ], [ 16.932568779000064, 51.552291726000078 ], [ 16.940646292000054, 51.552298728000039 ], [ 16.957569682000042, 51.55231339900007 ], [ 16.963180544000068, 51.54962359600006 ], [ 16.963344580000069, 51.547627281000075 ], [ 16.963542836000045, 51.545214510000051 ], [ 16.97036431600003, 51.544172547000073 ], [ 16.978781862000062, 51.546021197000073 ], [ 16.981414787000062, 51.548701455000071 ], [ 16.982691153000076, 51.550000766000039 ], [ 16.99056117300006, 51.549964971000065 ], [ 16.991433608000023, 51.549932066000054 ], [ 17.007054688000039, 51.549342900000056 ], [ 17.010594222000066, 51.550367466000068 ], [ 17.011072708000029, 51.552344336000033 ], [ 17.011583113000029, 51.554453077000062 ], [ 17.04517091200006, 51.555519931000049 ], [ 17.048985498000036, 51.551242513000034 ], [ 17.053487275000066, 51.546194526000079 ], [ 17.057649108000078, 51.54561886700003 ], [ 17.060600501000067, 51.551457088000063 ], [ 17.069288144000041, 51.553789847000075 ], [ 17.067461637000065, 51.561626201000081 ], [ 17.066310438000073, 51.566565245000049 ], [ 17.108519475000037, 51.576065992000053 ], [ 17.119063778000054, 51.56992953300005 ], [ 17.126492730000052, 51.565606112000069 ], [ 17.168738044000065, 51.569594867000035 ], [ 17.181438269000068, 51.573865756000032 ], [ 17.188335341000027, 51.57618513400007 ], [ 17.198164542000029, 51.574397686000054 ], [ 17.202620791000072, 51.570645476000038 ], [ 17.20619780100003, 51.567633595000075 ], [ 17.213903275000064, 51.574016888000074 ], [ 17.212784631000034, 51.581604415000072 ], [ 17.211827695000068, 51.588095104000047 ], [ 17.213566096000022, 51.594018580000068 ], [ 17.214587985000037, 51.597500593000063 ], [ 17.213884935000067, 51.59908357900008 ], [ 17.209119138000062, 51.609814240000048 ], [ 17.215390447000061, 51.627605515000027 ], [ 17.237323, 51.634258301000045 ], [ 17.237782906000064, 51.634397804000059 ], [ 17.241527059000077, 51.629535434000047 ], [ 17.243775120000066, 51.637012665000043 ], [ 17.244010701000036, 51.63779622800007 ], [ 17.25743308400007, 51.642843153000058 ], [ 17.328839831000039, 51.647863715000028 ], [ 17.33618653700006, 51.646204690000047 ], [ 17.382716019000043, 51.635697456000059 ], [ 17.416543454000077, 51.630775947000075 ], [ 17.436556941000049, 51.632163566000031 ], [ 17.439990003000048, 51.632401594000044 ], [ 17.466136685000038, 51.626729640000065 ], [ 17.47828232300003, 51.62151626800005 ], [ 17.486694906000025, 51.617064397000036 ], [ 17.49828433700003, 51.615451371000063 ], [ 17.504385426000056, 51.609642606000079 ], [ 17.519546866000042, 51.606048755000074 ], [ 17.521584835000056, 51.597774963000063 ], [ 17.523514043000034, 51.589942723000036 ], [ 17.54863460100006, 51.585613139000031 ], [ 17.556245198000056, 51.584301436000032 ], [ 17.555836202000023, 51.581089476000045 ], [ 17.555437830000074, 51.577960942000061 ], [ 17.561041992000071, 51.570448234000025 ], [ 17.565997432000074, 51.568405933000065 ], [ 17.571754088000034, 51.566033425000057 ], [ 17.574980701000072, 51.549281406000034 ], [ 17.575866053000027, 51.541173249000053 ], [ 17.571751466000023, 51.52992834500003 ], [ 17.561410564000028, 51.521505035000075 ], [ 17.545880814000043, 51.517086629000062 ], [ 17.535276837000026, 51.515699205000033 ], [ 17.522542308000027, 51.514033019000067 ], [ 17.512957912000047, 51.506899301000033 ], [ 17.514464291000024, 51.502043422000042 ], [ 17.517502639000043, 51.500987056000042 ], [ 17.523972468000068, 51.498737639000069 ], [ 17.519527715000038, 51.490459184000031 ], [ 17.518003365000027, 51.487620047000064 ], [ 17.520441867000045, 51.485706733000029 ], [ 17.522435216000076, 51.484142698000028 ], [ 17.521781673000078, 51.478741408000076 ], [ 17.521208496000042, 51.47400430700003 ], [ 17.522903085000053, 51.472911466000028 ], [ 17.527773216000071, 51.469770717000074 ], [ 17.524313370000073, 51.465579739000077 ], [ 17.521770385000025, 51.462499372000082 ], [ 17.527005468000027, 51.457197406000034 ], [ 17.536067173000049, 51.450552684000058 ], [ 17.549044740000056, 51.441036557000075 ], [ 17.551049255000066, 51.434773635000056 ], [ 17.547421479000036, 51.429830227000082 ], [ 17.541603049000059, 51.421901714000057 ], [ 17.548891939000043, 51.417193390000079 ], [ 17.557055837000064, 51.409232576000079 ], [ 17.571217138000065, 51.405386905000057 ], [ 17.585493122000059, 51.409473116000072 ], [ 17.603236403000039, 51.409780254000054 ], [ 17.607973211000058, 51.415416192000066 ], [ 17.613584732000049, 51.422092878000058 ], [ 17.625118350000037, 51.41950414400003 ], [ 17.638319231000025, 51.423317698000062 ], [ 17.644780081000022, 51.41898334800004 ], [ 17.655339642000058, 51.411899320000032 ], [ 17.660269956000036, 51.410682573000031 ], [ 17.664096508000057, 51.413019901000041 ], [ 17.667815321000035, 51.415291419000027 ], [ 17.672934444000077, 51.415043687000036 ], [ 17.68757781000005, 51.405770656000072 ], [ 17.688865966000037, 51.404954921000069 ], [ 17.704276951000054, 51.39991206600007 ], [ 17.718402359000038, 51.404162326000062 ], [ 17.717294606000053, 51.408425138000041 ], [ 17.714809278000075, 51.417989085000045 ], [ 17.717899030000069, 51.421697225000059 ], [ 17.734463834000053, 51.420137536000027 ], [ 17.749892424000052, 51.411373138000044 ], [ 17.755094477000057, 51.405871728000079 ], [ 17.752832658000045, 51.399830130000055 ], [ 17.746398503000023, 51.399607443000036 ], [ 17.738549463000027, 51.399335787000041 ], [ 17.736540884000021, 51.395737700000041 ], [ 17.736352278000027, 51.39539983800006 ], [ 17.735616191000076, 51.395374699000058 ], [ 17.730345490000047, 51.395194691000029 ], [ 17.73109187700004, 51.391745277000041 ], [ 17.731987009000022, 51.387608439000076 ], [ 17.726501471000063, 51.386640966000073 ], [ 17.72062487200003, 51.38560452300004 ], [ 17.716083110000056, 51.375056248000078 ], [ 17.714872441000068, 51.372244461000037 ], [ 17.712954466000042, 51.371577346000038 ], [ 17.705164929000034, 51.368867971000043 ], [ 17.710673919000044, 51.359466251000072 ], [ 17.715926488000036, 51.359072869000045 ], [ 17.723470540000051, 51.358507870000039 ], [ 17.732941671000049, 51.349358088000031 ], [ 17.742331609000075, 51.346506565000027 ], [ 17.740692674000059, 51.34261215500004 ], [ 17.743383830000028, 51.333885374000033 ], [ 17.745327927000062, 51.327581129000066 ], [ 17.756160903000023, 51.322164558000054 ], [ 17.76345363300004, 51.318518137000069 ], [ 17.760077806000027, 51.314867580000055 ], [ 17.757170579000046, 51.311723760000064 ], [ 17.76042719000003, 51.309697588000063 ], [ 17.760497288000067, 51.30965397500006 ], [ 17.763914674000034, 51.299442455000076 ], [ 17.757455024000024, 51.294829555000035 ], [ 17.749351097000044, 51.289042461000065 ], [ 17.750079568000046, 51.284611864000055 ], [ 17.750626303000047, 51.281286593000061 ], [ 17.745956095000054, 51.278899353000043 ], [ 17.740411642000026, 51.276065230000029 ], [ 17.744078872000046, 51.272973289000049 ], [ 17.748824486000046, 51.268972132000044 ], [ 17.744299209000076, 51.259444225000038 ], [ 17.743267180000032, 51.25727130100006 ], [ 17.744050021000078, 51.242986034000069 ], [ 17.748316144000057, 51.239392402000078 ], [ 17.753907209000033, 51.234682684000063 ], [ 17.757087440000078, 51.226788346000035 ], [ 17.756662152000047, 51.223536719000037 ], [ 17.755971073000069, 51.218252934000077 ], [ 17.767626583000037, 51.204186829000037 ], [ 17.777764185000024, 51.198024084000053 ], [ 17.795269319000056, 51.194146107000051 ], [ 17.793188882000038, 51.189566438000043 ], [ 17.783664041000065, 51.18776831100007 ], [ 17.778855887000077, 51.183775619000073 ], [ 17.760115838000047, 51.185610801000053 ], [ 17.754430595000031, 51.186167548000071 ], [ 17.752619379000066, 51.183790653000074 ], [ 17.749398037000049, 51.17956322100008 ], [ 17.738695063000023, 51.174543895000056 ], [ 17.70953617300006, 51.173330001000068 ], [ 17.702823832000036, 51.17305056400005 ], [ 17.699635293000028, 51.170926056000042 ], [ 17.698907641000062, 51.170441225000047 ], [ 17.700259798000047, 51.163271107000071 ], [ 17.68368939100003, 51.166554250000047 ], [ 17.668766699000059, 51.161557518000052 ], [ 17.641001966000033, 51.16832026600008 ], [ 17.638242780000041, 51.173473658000034 ], [ 17.621107894000033, 51.176105648000032 ], [ 17.61926496500007, 51.182043029000056 ], [ 17.618567331000065, 51.184290601000043 ], [ 17.611501771000064, 51.190519652000035 ], [ 17.598049165000077, 51.17979794200005 ], [ 17.598985399000071, 51.178684138000051 ], [ 17.601505469000074, 51.175686098000028 ], [ 17.59778847900003, 51.168626420000066 ], [ 17.589286449000042, 51.17046930500004 ], [ 17.577933859000041, 51.162883065000074 ], [ 17.572455289000061, 51.164198100000078 ], [ 17.568720240000061, 51.165094633000081 ], [ 17.558981457000073, 51.157505506000064 ], [ 17.545076221000045, 51.152936518000047 ], [ 17.546480786000075, 51.143787164000059 ], [ 17.555035813000075, 51.141356311000038 ], [ 17.565627631000041, 51.138346718000037 ], [ 17.566884658000049, 51.13335929200008 ], [ 17.575647751000076, 51.128889166000079 ], [ 17.572450119000052, 51.118158924000056 ], [ 17.577083797000057, 51.110543568000026 ], [ 17.568127243000049, 51.098776394000026 ], [ 17.563488939000024, 51.092682563000039 ], [ 17.572814244000028, 51.087260753000066 ], [ 17.582133685000031, 51.081842351000034 ], [ 17.557285723000064, 51.067949794000072 ], [ 17.545747753000057, 51.068412305000038 ], [ 17.534758195000052, 51.068852832000061 ], [ 17.526406887000064, 51.065968982000072 ], [ 17.519923476000031, 51.059858753000071 ], [ 17.523799756000074, 51.057679857000039 ], [ 17.523617949000027, 51.054354997000075 ], [ 17.518402609000077, 51.051526375000037 ], [ 17.523442629000044, 51.048291006000056 ], [ 17.532654131000072, 51.042377814000076 ], [ 17.527287769000054, 51.032171758000061 ], [ 17.521293737000065, 51.026836471000081 ], [ 17.519468436000068, 51.025211771000045 ], [ 17.515459962000023, 51.011830420000081 ], [ 17.525301140000067, 51.004079368000077 ], [ 17.526260869000055, 51.00385508800008 ], [ 17.543659803000025, 50.999789124000074 ], [ 17.537122408000073, 50.989649383000028 ], [ 17.516092287000049, 50.98746998200005 ], [ 17.509201032000078, 50.989281171000073 ], [ 17.498974368000063, 50.991968986000074 ], [ 17.492452977000028, 50.98899130500007 ], [ 17.494757196000023, 50.985672011000077 ], [ 17.505207177000045, 50.984478104000061 ], [ 17.507448127000032, 50.983246926000049 ], [ 17.513798092000059, 50.979758255000036 ], [ 17.513155403000042, 50.973437516000047 ], [ 17.508985299000074, 50.969869786000061 ], [ 17.501722432000065, 50.974270254000032 ], [ 17.499969342000043, 50.97533242600008 ], [ 17.491753341000049, 50.974529721000067 ], [ 17.469870642000046, 50.972391777000041 ], [ 17.467134220000048, 50.975170487000071 ], [ 17.464075895000065, 50.978276074000064 ], [ 17.43221464800007, 50.966529177000041 ], [ 17.431533466000076, 50.94571286200005 ], [ 17.432630371000073, 50.944315885000037 ], [ 17.438821498000038, 50.936431104000064 ], [ 17.430817320000074, 50.925066799000035 ], [ 17.432288423000045, 50.917129156000044 ], [ 17.427239778000057, 50.910572900000034 ], [ 17.408120110000027, 50.911152302000062 ], [ 17.403744754000058, 50.915325087000042 ], [ 17.398415494000062, 50.92040761100003 ], [ 17.369829219000053, 50.924887833000071 ], [ 17.369205385000043, 50.917606209000041 ], [ 17.368854688000056, 50.917229447000068 ], [ 17.36763181300006, 50.915915685000073 ], [ 17.353699521000067, 50.900947916000064 ], [ 17.378098588000057, 50.894421140000077 ], [ 17.393375586000047, 50.89033452700005 ], [ 17.394949100000076, 50.876820730000077 ], [ 17.386578682000049, 50.874871442000028 ], [ 17.385580126000036, 50.874638900000036 ], [ 17.385220397000069, 50.873191026000029 ], [ 17.382376674000056, 50.861745298000073 ], [ 17.368728876000034, 50.859540933000062 ], [ 17.361927062000063, 50.858442317000026 ], [ 17.34603224600005, 50.852103832000068 ], [ 17.329798014000062, 50.850739116000057 ], [ 17.330406384000071, 50.84520986900003 ], [ 17.334852875000024, 50.840606859000047 ], [ 17.340709784000069, 50.834543783000072 ], [ 17.34240735000003, 50.828844569000069 ], [ 17.332486242000073, 50.825670694000053 ], [ 17.318344319000062, 50.821146533000046 ], [ 17.326007307000054, 50.819034485000032 ], [ 17.34026661300004, 50.808479290000037 ], [ 17.343619011000044, 50.808007172000032 ], [ 17.350237076000042, 50.80707515000006 ], [ 17.353675828000064, 50.794335454000077 ], [ 17.349023936000037, 50.788080535000063 ], [ 17.342077793000044, 50.785090903000082 ], [ 17.317043424000076, 50.78702645900006 ], [ 17.308967714000062, 50.788844835000077 ], [ 17.287941834000037, 50.793579151000074 ], [ 17.275532933000022, 50.788354940000033 ], [ 17.260244955000076, 50.773036332000061 ], [ 17.272439097000074, 50.766095757000073 ], [ 17.29264777700007, 50.754593525000075 ], [ 17.29331576900006, 50.747003436000057 ], [ 17.298118173000034, 50.74138666500005 ], [ 17.293444704000024, 50.739114136000069 ], [ 17.285800205000044, 50.74219757000003 ], [ 17.283744870000078, 50.74302659600005 ], [ 17.273790808000058, 50.743150858000035 ], [ 17.264337122000029, 50.738536189000058 ], [ 17.262794789000054, 50.734204611000052 ], [ 17.261293192000039, 50.729987437000034 ], [ 17.252091797000048, 50.71920414300007 ], [ 17.235874952000074, 50.716354257000035 ], [ 17.220787653000059, 50.713702873000045 ], [ 17.221901584000022, 50.701113089000046 ], [ 17.244123843000068, 50.694367940000063 ], [ 17.25795981400006, 50.690168291000077 ], [ 17.247246257000029, 50.682631193000077 ], [ 17.245535659000041, 50.682287767000048 ], [ 17.235703864000072, 50.680313897000076 ], [ 17.238935042000037, 50.672189248000052 ], [ 17.238934839000024, 50.672182646000067 ], [ 17.238583402000074, 50.660780178000039 ], [ 17.236526845000071, 50.658314724000036 ], [ 17.233848395000052, 50.655103727000039 ], [ 17.236782145000063, 50.652163549000079 ], [ 17.237814202000038, 50.651129230000038 ], [ 17.236893990000056, 50.649468746000082 ], [ 17.230880356000057, 50.638617397000075 ], [ 17.233624965000047, 50.632954669000071 ], [ 17.237684353000077, 50.630425774000059 ], [ 17.241833189000033, 50.627841156000045 ], [ 17.24387084500006, 50.619774146000054 ], [ 17.237686385000075, 50.614294752000035 ], [ 17.23216590100003, 50.614473419000035 ], [ 17.19175029400003, 50.616178814000079 ], [ 17.188606393000043, 50.616311475000032 ], [ 17.164895792000038, 50.613463091000028 ], [ 17.122809128000029, 50.607436317000065 ], [ 17.120357124000066, 50.601856703000067 ], [ 17.113826667000069, 50.586996443000032 ], [ 17.100662556000032, 50.576933645000054 ], [ 17.093676234000043, 50.564513428000055 ], [ 17.077936349000026, 50.556651100000067 ], [ 17.07618450700005, 50.555776027000036 ], [ 17.063249757000051, 50.540599791000034 ], [ 17.06303334200004, 50.530676149000044 ], [ 17.067803209000033, 50.527248809000071 ], [ 17.074324298000022, 50.522563147000028 ], [ 17.073642688000064, 50.516916289000051 ], [ 17.065362453000034, 50.510699922000072 ], [ 17.057407388000058, 50.504727675000026 ], [ 17.060243957000068, 50.499336618000029 ], [ 17.061596226000063, 50.496766554000033 ], [ 17.060559564000073, 50.493795049000028 ], [ 17.059904164000045, 50.491916400000036 ], [ 17.060710154000049, 50.491150927000035 ], [ 17.063237048000076, 50.488751060000027 ], [ 17.062586464000049, 50.477840860000072 ], [ 17.056953712000052, 50.475610473000074 ], [ 17.054764820000059, 50.474743742000044 ], [ 17.054503425000064, 50.473077108000041 ], [ 17.053816720000043, 50.468698724000035 ], [ 17.049161249000065, 50.464451570000051 ], [ 17.019273488000067, 50.46573950800007 ], [ 17.017651852000029, 50.468132289000039 ], [ 17.021050325000033, 50.470665804000078 ], [ 17.021352634000039, 50.470891171000062 ], [ 17.020432959000061, 50.471791728000028 ], [ 17.018232956000077, 50.473945996000054 ], [ 17.018627331000062, 50.475084747000039 ], [ 17.019581836000043, 50.477840860000072 ], [ 17.020719873000075, 50.479989050000029 ], [ 17.010226419000048, 50.479149756000027 ], [ 17.007088748000058, 50.477135127000054 ], [ 17.004334449000055, 50.475366654000027 ], [ 16.999246184000071, 50.476552955000045 ], [ 16.995504262000054, 50.477425364000055 ], [ 16.984849044000043, 50.475587382000072 ], [ 16.98041472400007, 50.474822480000057 ], [ 16.978159736000066, 50.476352617000032 ], [ 16.978205872000046, 50.478969493000079 ], [ 16.978277755000022, 50.483046725000065 ], [ 16.972829274000048, 50.487371205000045 ], [ 16.95857339500003, 50.486857284000052 ], [ 16.947798598000077, 50.480631991000052 ], [ 16.945851490000052, 50.477840860000072 ], [ 16.943568921000065, 50.467869030000031 ], [ 16.942941047000033, 50.465126047000069 ], [ 16.932568779000064, 50.457892156000071 ], [ 16.907924286000025, 50.449454078000031 ], [ 16.882242640000072, 50.442471326000032 ], [ 16.860914970000067, 50.408080938000069 ], [ 16.88169074800004, 50.399898337000081 ], [ 16.885898970000028, 50.398240917000066 ], [ 16.88875407300003, 50.396420283000054 ], [ 16.898110218000056, 50.39045408100003 ], [ 16.901347986000076, 50.390218909000055 ], [ 16.909718673000043, 50.389610911000034 ], [ 16.918610053000066, 50.370989671000075 ], [ 16.918451534000042, 50.370280987000058 ], [ 16.916726937000021, 50.362570922000032 ], [ 16.928730896000047, 50.349357923000071 ], [ 16.932568779000064, 50.345133488000045 ], [ 16.936797973000068, 50.341486751000048 ], [ 16.937769937000041, 50.334074426000029 ], [ 16.936940008000022, 50.332648735000078 ], [ 16.935282724000047, 50.329801773000042 ], [ 16.939334584000051, 50.322149111000044 ], [ 16.953464212000029, 50.313002766000068 ], [ 16.959347939000054, 50.31407364100005 ], [ 16.964213202000053, 50.31495914900006 ], [ 16.96786718900006, 50.315102726000077 ], [ 16.974465620000046, 50.308434519000059 ], [ 16.97489, 50.308005652000077 ], [ 16.977231718000041, 50.307402724000042 ], [ 16.997225204000074, 50.302254947000051 ], [ 17.00156800600007, 50.301801589000036 ], [ 17.009716199000025, 50.293825453000068 ], [ 17.019134163000047, 50.278138844000068 ], [ 17.016102796000041, 50.267204456000059 ], [ 17.011078052000073, 50.262384376000057 ], [ 17.002929651000045, 50.254567870000074 ], [ 17.006467888000032, 50.251859119000073 ], [ 17.010471105000022, 50.248794396000051 ], [ 17.011405963000072, 50.245408594000025 ], [ 17.01225084400005, 50.242348664000076 ], [ 17.017413518000069, 50.238381058000073 ], [ 17.028322853000077, 50.229997044000072 ], [ 17.014785025000037, 50.219444853000027 ], [ 16.99760161100005, 50.216856581000059 ], [ 16.990568587000041, 50.225974332000078 ], [ 16.976565765000032, 50.244127869000067 ], [ 16.963264035000066, 50.238514122000026 ], [ 16.964097588000072, 50.233413771000073 ], [ 16.964690146000066, 50.229788026000051 ], [ 16.955493292000028, 50.222802450000074 ], [ 16.932568779000064, 50.22336905700007 ], [ 16.930348925000033, 50.223750948000031 ], [ 16.917719894000072, 50.22592357700006 ], [ 16.899790385000074, 50.222091533000025 ], [ 16.886032148000027, 50.213569686000028 ], [ 16.883511628000065, 50.204590306000057 ], [ 16.882306766000056, 50.20029797400008 ], [ 16.872744857000043, 50.197389479000037 ], [ 16.863269831000025, 50.198123100000032 ], [ 16.847770637000053, 50.206530790000045 ], [ 16.837249992000068, 50.203319049000072 ], [ 16.835941958000035, 50.202759936000064 ], [ 16.835366726000075, 50.20030365000008 ], [ 16.834825995000074, 50.197994684000037 ], [ 16.822764869000025, 50.189716503000056 ], [ 16.816062625000029, 50.190452453000034 ], [ 16.812944791000064, 50.190794811000046 ], [ 16.801048274000038, 50.179798599000037 ], [ 16.798708478000037, 50.171754121000049 ], [ 16.796688570000072, 50.164809453000032 ], [ 16.786882889000026, 50.155299820000039 ], [ 16.782991170000059, 50.151525599000081 ], [ 16.783143464000034, 50.15009673000003 ], [ 16.783520208000027, 50.146562008000046 ], [ 16.758550752000076, 50.135073359000046 ], [ 16.751167926000051, 50.134461520000059 ], [ 16.745026372000041, 50.133952549000071 ], [ 16.739849324000033, 50.12745370600004 ], [ 16.720407057000045, 50.103047475000039 ], [ 16.705595783000035, 50.096994836000079 ], [ 16.693825232000052, 50.098102063000056 ], [ 16.657811050000078, 50.108109058000082 ], [ 16.650008338000077, 50.110277140000051 ], [ 16.644526824000025, 50.110852960000045 ], [ 16.634421702000054, 50.111914479000063 ], [ 16.627363934000073, 50.118584724000073 ], [ 16.626606066000022, 50.119300979000059 ], [ 16.626159512000072, 50.119512605000068 ], [ 16.615195032000031, 50.12470877800007 ], [ 16.61349629700004, 50.129268292000063 ], [ 16.61241596900004, 50.13216796100005 ], [ 16.595950789000028, 50.139940191000051 ], [ 16.580289973000049, 50.142788099000029 ], [ 16.583397433000073, 50.145462717000044 ], [ 16.581421544000023, 50.148710097000048 ], [ 16.58390614700005, 50.152554658000042 ], [ 16.574902372000054, 50.157307563000074 ], [ 16.561992367000073, 50.164122485000064 ], [ 16.558381125000039, 50.16992950000008 ], [ 16.560224099000038, 50.17393484300004 ], [ 16.562962288000051, 50.179885759000058 ], [ 16.558777770000063, 50.18479830800004 ], [ 16.558448920000046, 50.185184372000037 ], [ 16.555252099000029, 50.196414044000051 ], [ 16.556591446000027, 50.201219912000056 ], [ 16.55722922800004, 50.20350841000004 ], [ 16.561340710000025, 50.206606147000059 ], [ 16.55503552600004, 50.215205826000044 ], [ 16.556324822000022, 50.220286834000035 ], [ 16.537997563000033, 50.237736249000079 ], [ 16.529794606000053, 50.238683296000033 ], [ 16.523475796000071, 50.239412815000037 ], [ 16.512886592000029, 50.247852352000052 ], [ 16.51057237200007, 50.251982756000075 ], [ 16.506490627000062, 50.259267823000073 ], [ 16.494012492000024, 50.263440188000061 ], [ 16.490489946000025, 50.264618036000059 ], [ 16.467682069000034, 50.28737073800005 ], [ 16.467019334000042, 50.288745668000047 ], [ 16.463564917000042, 50.295912308000027 ], [ 16.453773569000077, 50.302123204000054 ], [ 16.448748555000066, 50.305310696000049 ], [ 16.44183233900003, 50.314183228000047 ], [ 16.436543073000053, 50.320968611000069 ], [ 16.428745451000054, 50.324945025000034 ], [ 16.413089858000035, 50.324722066000049 ], [ 16.41092371600007, 50.32355367200006 ], [ 16.407103068000026, 50.321492856000077 ], [ 16.399292485000046, 50.319742215000076 ], [ 16.385547725000038, 50.327165113000035 ], [ 16.380999463000023, 50.333528408000063 ], [ 16.375114128000064, 50.341762351000057 ], [ 16.369501734000039, 50.345219821000057 ], [ 16.36218191200004, 50.349729137000054 ], [ 16.363682390000065, 50.354845075000071 ], [ 16.367133906000049, 50.366613150000035 ], [ 16.360988749000057, 50.379236646000038 ], [ 16.349548470000059, 50.37867376500003 ], [ 16.340545511000073, 50.378230805000044 ], [ 16.321565282000051, 50.380483231000028 ], [ 16.304903249000063, 50.382460552000055 ], [ 16.29915621400005, 50.377457595000067 ], [ 16.290908858000023, 50.370278039000027 ], [ 16.281469867000055, 50.367175632000055 ], [ 16.276104787000065, 50.375963266000042 ], [ 16.26635181100005, 50.380975914000032 ], [ 16.266648654000051, 50.386430616000041 ], [ 16.266700019000041, 50.387374486000056 ], [ 16.263640609000049, 50.392210945000045 ], [ 16.261085852000065, 50.392504694000081 ], [ 16.250220889000047, 50.393753958000048 ], [ 16.24845392900005, 50.397897665000073 ], [ 16.251557437000031, 50.402908862000061 ], [ 16.252742088000048, 50.404821703000039 ], [ 16.237140049000061, 50.414056979000065 ], [ 16.227006548000077, 50.409327316000031 ], [ 16.221859174000031, 50.406924855000057 ], [ 16.211725038000054, 50.411120625000081 ], [ 16.212876784000059, 50.414560405000032 ], [ 16.213252666000074, 50.415683006000052 ], [ 16.209087603000057, 50.426796349000028 ], [ 16.202373781000063, 50.429324173000055 ], [ 16.196790942000064, 50.431426169000076 ], [ 16.199358643000039, 50.44167899200005 ], [ 16.205049014000053, 50.448423991000027 ], [ 16.210937914000056, 50.450126056000045 ], [ 16.22153004300003, 50.450424038000051 ], [ 16.221335361000058, 50.44641636700004 ], [ 16.221330861000069, 50.446323735000078 ], [ 16.224398013000041, 50.442609726000057 ], [ 16.229687143000035, 50.442974212000081 ], [ 16.233004526000059, 50.446291453000072 ], [ 16.229815743000074, 50.453270864000046 ], [ 16.22833911500004, 50.454165334000038 ], [ 16.225683389000039, 50.455774044000066 ], [ 16.224223057000074, 50.459724551000079 ], [ 16.229685557000039, 50.46045592300004 ], [ 16.235129855000025, 50.461184858000081 ], [ 16.234202380000056, 50.463366687000075 ], [ 16.233158569000068, 50.465822192000076 ], [ 16.236863117000041, 50.465081339000051 ], [ 16.243511660000024, 50.463751731000059 ], [ 16.253683015000036, 50.467170180000039 ], [ 16.249636978000069, 50.473313164000047 ], [ 16.24920802400004, 50.473964433000049 ], [ 16.259198827000034, 50.480126983000048 ], [ 16.265090515000054, 50.478276787000027 ], [ 16.270278629000074, 50.476647538000066 ], [ 16.270541001000026, 50.479030455000043 ], [ 16.271063230000038, 50.483773451000047 ], [ 16.284932734000051, 50.481020476000026 ], [ 16.294111200000032, 50.479198631000031 ], [ 16.302065296000023, 50.489835042000038 ], [ 16.302484968000044, 50.490396237000027 ], [ 16.302623305000054, 50.490452696000034 ], [ 16.311622015000069, 50.494125343000064 ], [ 16.311873823000042, 50.500692012000059 ], [ 16.312057010000046, 50.505469173000051 ], [ 16.320161005000045, 50.507745129000057 ], [ 16.326570140000058, 50.504836712000042 ], [ 16.344050742000036, 50.496904146000077 ], [ 16.36038661200007, 50.501674738000077 ], [ 16.364313256000059, 50.505680396000059 ], [ 16.374836353000035, 50.516415246000065 ], [ 16.39183078700006, 50.524686221000081 ], [ 16.400399342000071, 50.52885642800004 ], [ 16.392826074000027, 50.536929658000076 ], [ 16.387548982000055, 50.542555126000082 ], [ 16.397822658000052, 50.545347486000026 ], [ 16.410372634000055, 50.548758538000072 ], [ 16.410325285000056, 50.556625466000071 ], [ 16.407233947000066, 50.563531051000041 ], [ 16.404664800000035, 50.569270140000071 ], [ 16.41464478100005, 50.569341613000063 ], [ 16.421317246000058, 50.569389399000045 ], [ 16.444922183000074, 50.579570951000051 ], [ 16.442315803000042, 50.587281649000033 ], [ 16.423191477000046, 50.605663703000062 ], [ 16.404102979000072, 50.617239788000063 ], [ 16.396328634000042, 50.61941736600005 ], [ 16.39182330400007, 50.620679299000074 ], [ 16.382112024000037, 50.629033399000036 ], [ 16.381428485000072, 50.629621412000063 ], [ 16.378342800000041, 50.636939048000045 ], [ 16.370640931000025, 50.639695106000033 ], [ 16.363225253000053, 50.647448214000065 ], [ 16.353871090000041, 50.648135406000051 ], [ 16.35172452200004, 50.648293101000036 ], [ 16.349479227000074, 50.65110603800008 ], [ 16.341089454000041, 50.661616859000048 ], [ 16.321533895000073, 50.666178381000066 ], [ 16.318026122000049, 50.664699839000036 ], [ 16.306319705000021, 50.659765533000041 ], [ 16.298843896000051, 50.660716088000072 ], [ 16.28355795300007, 50.66134026800006 ], [ 16.279426203000071, 50.666786020000075 ], [ 16.278812710000068, 50.667594619000056 ], [ 16.271948538000061, 50.66754340500006 ], [ 16.233139210000047, 50.67010967300007 ], [ 16.22205776800007, 50.651655971000082 ], [ 16.221189321000054, 50.644285688000082 ], [ 16.220403822000037, 50.637619361000077 ], [ 16.217372203000025, 50.633350958000051 ], [ 16.187786122000034, 50.627750672000047 ], [ 16.179393766000032, 50.62866103500005 ], [ 16.17716819900005, 50.636673474000077 ], [ 16.176373310000031, 50.639535219000038 ], [ 16.16908963700007, 50.645402262000061 ], [ 16.149605822000069, 50.652680453000073 ], [ 16.145327938000037, 50.652206228000068 ], [ 16.139531440000042, 50.651563658000043 ], [ 16.132951196000022, 50.655419042000062 ], [ 16.124619388000042, 50.660300673000052 ], [ 16.116400243000044, 50.659715418000076 ], [ 16.113345769000034, 50.659497920000035 ], [ 16.107318043000078, 50.662073019000047 ], [ 16.101756789000035, 50.662300171000027 ], [ 16.096236929000042, 50.654501164000067 ], [ 16.085683789000029, 50.647807132000025 ], [ 16.067699697000023, 50.638838261000046 ], [ 16.061396909000052, 50.629025045000049 ], [ 16.056095949000053, 50.609704912000041 ], [ 16.04219491300006, 50.613463078000052 ], [ 16.023922955000046, 50.599263245000031 ], [ 16.014268314000049, 50.60601332400006 ], [ 15.991940849000059, 50.61003009600006 ], [ 15.986371091000024, 50.614746914000079 ], [ 16.016303307000044, 50.630217713000036 ], [ 16.002914106000048, 50.644045409000057 ], [ 16.003116824000074, 50.65929611200005 ], [ 15.998023973000045, 50.671774741000036 ], [ 15.991532728000038, 50.676441990000058 ], [ 15.988160580000056, 50.68434029000008 ], [ 15.96670165300003, 50.691504894000047 ], [ 15.946126195000033, 50.688687035000044 ], [ 15.93259686500005, 50.686073663000059 ], [ 15.926991165000061, 50.681678586000032 ], [ 15.919235297000057, 50.683789303000026 ], [ 15.887697987000024, 50.675576768000042 ], [ 15.882573959000069, 50.671514883000043 ], [ 15.860921186000041, 50.674912855000059 ], [ 15.862551708000069, 50.681632997000065 ], [ 15.856717545000038, 50.696982841000079 ], [ 15.84980446000003, 50.708171509000067 ], [ 15.834572216000026, 50.720316006000076 ], [ 15.830510804000028, 50.725481303000038 ], [ 15.831954150000058, 50.742743049000069 ], [ 15.815767276000031, 50.754679834000058 ], [ 15.808334621000029, 50.754374996000081 ], [ 15.792148649000069, 50.752121023000029 ], [ 15.787739014000067, 50.746511242000054 ], [ 15.779731703000039, 50.742714327000044 ], [ 15.759084421000068, 50.743208765000077 ], [ 15.740129060000072, 50.736135926000031 ], [ 15.725911621000023, 50.73942978000008 ], [ 15.699497097000062, 50.738802087000067 ], [ 15.689773886000069, 50.74273738200003 ], [ 15.680282132000059, 50.754739939000046 ], [ 15.642221993000078, 50.760716631000037 ], [ 15.620027161000053, 50.767774902000042 ], [ 15.615335612000024, 50.772491153000033 ], [ 15.603405996000049, 50.776271367000049 ], [ 15.577998763000039, 50.778767130000062 ], [ 15.563292361000038, 50.776343071000042 ], [ 15.547163366000063, 50.78013151600004 ], [ 15.535267653000062, 50.779375997000045 ], [ 15.524351492000051, 50.777697188000047 ], [ 15.516114040000048, 50.785092563000035 ], [ 15.510562794000066, 50.790076329000044 ], [ 15.502427299000033, 50.789177491000032 ], [ 15.499643078000076, 50.788869881000039 ], [ 15.48156255400005, 50.790960490000032 ], [ 15.458622830000024, 50.802251323000064 ], [ 15.448415424000075, 50.807275364000077 ], [ 15.437328070000035, 50.80868255200005 ], [ 15.422662165000077, 50.804239650000056 ], [ 15.413449416000049, 50.791320849000044 ], [ 15.406640776000074, 50.786091685000031 ], [ 15.394535874000042, 50.776794891000065 ], [ 15.38456300100006, 50.775972292000063 ], [ 15.371547116000045, 50.780509975000029 ], [ 15.373067019000075, 50.789880860000039 ], [ 15.367381109000064, 50.802880327000082 ], [ 15.370859704000054, 50.806394401000034 ], [ 15.373205372000029, 50.808763992000081 ], [ 15.370834586000058, 50.815568293000069 ], [ 15.373922483000058, 50.821916117000058 ], [ 15.368189901000051, 50.836051118000057 ], [ 15.352172514000074, 50.85063746000003 ], [ 15.338678533000063, 50.856219061000047 ], [ 15.328576630000043, 50.857792814000049 ], [ 15.315287190000049, 50.859863146000066 ], [ 15.309811826000043, 50.861438140000075 ], [ 15.278869555000028, 50.889836217000038 ], [ 15.277571958000067, 50.893676937000066 ], [ 15.277250818000027, 50.894201140000064 ], [ 15.267672423000022, 50.920708594000075 ], [ 15.271191609000027, 50.936456617000033 ], [ 15.272246444000075, 50.936785598000029 ], [ 15.282080876000066, 50.942958869000051 ], [ 15.28939949100004, 50.947552911000059 ], [ 15.290831203000039, 50.954709569000045 ], [ 15.284475376000046, 50.957988822000061 ], [ 15.274944217000041, 50.962906369000052 ], [ 15.27630655300004, 50.970317123000029 ], [ 15.276723662000052, 50.972586091000039 ], [ 15.274043404000054, 50.978701236000063 ], [ 15.258335558000056, 50.97933469600008 ], [ 15.248557475000041, 50.979729023000061 ], [ 15.240601841000057, 50.985508124000035 ], [ 15.23957695100006, 50.989222116000064 ], [ 15.238214017000075, 50.994161106000035 ], [ 15.240986295000027, 50.996879589000059 ], [ 15.237062395000066, 50.99823168100005 ], [ 15.203367802000059, 50.991702353000051 ], [ 15.198076745000037, 50.988734071000067 ], [ 15.198119682000026, 50.988321848000055 ], [ 15.198587657000076, 50.983829036000031 ], [ 15.191870655000059, 50.980862010000067 ], [ 15.177266872000075, 50.985047874000031 ], [ 15.174379100000067, 50.987218927000072 ], [ 15.174555130000044, 51.002915816000041 ], [ 15.174633785000026, 51.009929627000076 ], [ 15.171853939000073, 51.020024976000059 ], [ 15.168251976000022, 51.018514411000069 ], [ 15.144179778000023, 51.011869023000031 ], [ 15.140140704000032, 51.005513518000043 ], [ 15.135328514000037, 50.997941510000032 ], [ 15.134865267000066, 50.992650025000046 ], [ 15.112596350000047, 50.992124057000069 ], [ 15.104420718000029, 50.992211541000074 ], [ 15.099424112000065, 50.997002059000067 ], [ 15.097956350000061, 51.003381975000082 ], [ 15.102207123000028, 51.005690293000043 ], [ 15.10511871600005, 51.007271390000028 ], [ 15.10521043600005, 51.010659177000036 ], [ 15.094940688000065, 51.011912589000076 ], [ 15.078699778000043, 51.013894776000029 ], [ 15.071630323000022, 51.017505610000057 ], [ 15.068418861000055, 51.019145914000035 ], [ 15.058974574000047, 51.022151562000033 ], [ 15.058467146000055, 51.018173343000058 ], [ 15.05789515500004, 51.013688945000069 ], [ 15.038725713000076, 51.012385702000074 ], [ 15.03432999000006, 51.014841428000068 ], [ 15.03350920500003, 51.016944354000032 ], [ 15.031928408000056, 51.020994497000061 ], [ 15.019731925000031, 51.022972132000064 ], [ 15.017371114000071, 51.020390364000036 ], [ 15.013931371000069, 51.016628684000068 ], [ 15.002274990000046, 51.011524894000047 ], [ 14.992667658000073, 51.011182868000049 ], [ 14.985001349000072, 51.010909943000058 ], [ 14.969472671000062, 50.990164771000082 ], [ 14.986946525000064, 50.979516383000032 ], [ 14.999526617000072, 50.983830844000067 ], [ 15.004914105000069, 50.985678533000055 ], [ 15.009511997000061, 50.98312350100008 ], [ 15.020024303000071, 50.968094545000042 ], [ 15.016278314000033, 50.965210444000036 ], [ 15.011481781000043, 50.961517510000078 ], [ 15.013356979000037, 50.947205008000026 ], [ 15.01432548400004, 50.939812864000032 ], [ 15.002849604000062, 50.93116782900006 ], [ 14.990532871000028, 50.921889362000059 ], [ 14.993754137000053, 50.916616528000077 ], [ 14.999456981000037, 50.907281644000079 ], [ 15.006206084000041, 50.90743814700005 ], [ 14.996596157000056, 50.899660408000045 ], [ 14.995500828000047, 50.891671537000036 ], [ 15.00212351600004, 50.871946063000053 ], [ 15.000506838000035, 50.869336235000048 ], [ 14.994335887000034, 50.869359907000046 ], [ 14.960542760000067, 50.861980045000053 ], [ 14.923342311000056, 50.870920362000049 ], [ 14.903838775000054, 50.875607612000067 ], [ 14.901904045000038, 50.873680472000046 ], [ 14.896590315000026, 50.868387588000076 ], [ 14.883529287000044, 50.872948191000035 ], [ 14.871283558000073, 50.877224112000079 ], [ 14.864815771000053, 50.872202410000057 ], [ 14.862599734000071, 50.870481841000071 ], [ 14.856303611000044, 50.86917317700005 ], [ 14.840136721000022, 50.871218887000055 ], [ 14.831638325000029, 50.872294249000049 ], [ 14.823362001000078, 50.870550372000082 ], [ 14.817887994000046, 50.879203420000067 ], [ 14.821881105000045, 50.887377196000045 ], [ 14.830195595000077, 50.892519672000049 ], [ 14.842115059000037, 50.899891809000053 ], [ 14.848512278000044, 50.906514754000057 ], [ 14.852390139000022, 50.910529445000066 ], [ 14.856268287000034, 50.912440825000033 ], [ 14.867619352000077, 50.918035301000032 ], [ 14.87204734200003, 50.924497002000066 ], [ 14.877043765000053, 50.931788209000047 ], [ 14.886552124000048, 50.935579555000061 ], [ 14.894732202000057, 50.938841264000075 ], [ 14.894553439000049, 50.943264215000056 ], [ 14.894229677000055, 50.951274727000055 ], [ 14.906557762000034, 50.972176062000074 ], [ 14.91336917700005, 50.974049510000043 ], [ 14.918660011000043, 50.975504729000079 ], [ 14.91838146300006, 50.982250342000043 ], [ 14.917857674000061, 50.994934989000058 ], [ 14.928452995000043, 50.99872883900008 ], [ 14.929047958000069, 50.99894187600006 ], [ 14.938281099000051, 51.01311154900003 ], [ 14.937979780000035, 51.014316050000048 ], [ 14.936384085000043, 51.020694735000063 ], [ 14.945908589000055, 51.027288738000038 ], [ 14.946201436000024, 51.027491482000073 ], [ 14.946486302000039, 51.028233962000058 ], [ 14.948368404000064, 51.033139499000072 ], [ 14.952665230000036, 51.044904759000076 ], [ 14.958348358000023, 51.047642017000044 ], [ 14.963624847000062, 51.050183418000074 ], [ 14.962692892000064, 51.054750308000052 ], [ 14.962461110000049, 51.055886115000078 ], [ 14.96661197800006, 51.061162506000073 ], [ 14.970604566000077, 51.066237698000066 ], [ 14.970290988000045, 51.067181903000062 ], [ 14.968934898000043, 51.071265190000076 ], [ 14.975539803000061, 51.075769730000047 ], [ 14.978565504000073, 51.077833256000076 ], [ 14.978350755000065, 51.081231993000074 ], [ 14.978038121000054, 51.086179929000082 ], [ 14.980232826000076, 51.088456553000071 ], [ 14.982768468000074, 51.09108683900007 ], [ 14.983837223000023, 51.099625017000051 ], [ 14.983358123000073, 51.100453390000041 ], [ 14.979452036000055, 51.107207094000046 ], [ 14.981853690000037, 51.116216777000034 ], [ 14.987981959000024, 51.118202555000039 ], [ 14.996120887000075, 51.120839858000068 ], [ 14.99615065100005, 51.133401167000045 ], [ 14.993410057000062, 51.139038976000052 ], [ 14.991923875000055, 51.14209627300005 ], [ 14.994960068000069, 51.144988884000043 ], [ 14.999941942000078, 51.149735165000038 ], [ 14.997416947000033, 51.154419917000041 ], [ 14.993714056000044, 51.16129008200005 ], [ 15.000270729000022, 51.165374511000039 ], [ 15.003682198000035, 51.167499659000043 ], [ 15.002500505000057, 51.172478145000071 ], [ 15.008100960000036, 51.183882618000041 ], [ 15.006376559000046, 51.188812489000043 ], [ 15.005765581000048, 51.190559208000082 ], [ 15.007168124000032, 51.191851009000061 ], [ 15.01413320000006, 51.198266136000029 ], [ 15.009182544000055, 51.199583608000069 ], [ 15.00877285200005, 51.199692635000076 ], [ 15.007934227000021, 51.203088305000051 ], [ 15.011656621000043, 51.20789277700004 ], [ 15.012441731000024, 51.208906113000069 ], [ 15.012356907000026, 51.209095307000041 ], [ 15.010576651000065, 51.213066057000049 ], [ 15.015565796000033, 51.214922977000072 ], [ 15.017818570000031, 51.220016775000033 ], [ 15.017067041000075, 51.226945757000067 ], [ 15.025360258000035, 51.232516840000073 ], [ 15.028331734000062, 51.240692210000077 ], [ 15.031472500000064, 51.241920590000063 ], [ 15.036307942000064, 51.243811771000026 ], [ 15.030082295000057, 51.247660430000053 ], [ 15.02429707400006, 51.251236820000031 ], [ 15.029605248000053, 51.254391285000054 ], [ 15.036177142000042, 51.258296736000034 ], [ 15.03743187300006, 51.268317465000052 ], [ 15.037612615000057, 51.269760938000047 ], [ 15.038899623000077, 51.271198234000053 ], [ 15.04089846100004, 51.273430483000027 ], [ 15.037022006000029, 51.276501950000068 ], [ 15.03505010300006, 51.27806436700007 ], [ 15.033709301000044, 51.285859371000072 ], [ 15.032372490000057, 51.293631169000037 ], [ 15.021357956000031, 51.300075483000057 ], [ 15.020544901000051, 51.30055118000007 ], [ 15.012990980000041, 51.300848930000029 ], [ 15.008579392000058, 51.31236143600006 ], [ 15.007038845000068, 51.316381658000068 ], [ 15.001248406000059, 51.319409815000029 ], [ 14.995746633000067, 51.322287012000061 ], [ 14.979010904000063, 51.341062848000036 ], [ 14.974511906000032, 51.356350876000079 ], [ 14.969090383000037, 51.360903560000054 ], [ 14.97418297300004, 51.363949977000061 ], [ 14.990476612000066, 51.363794745000064 ], [ 15.011751472000071, 51.364367762000029 ], [ 15.010619547000033, 51.371440092000057 ], [ 15.009969993000027, 51.375498540000081 ], [ 15.019233206000024, 51.393123091000064 ], [ 15.048859360000051, 51.396085767000045 ], [ 15.073292590000051, 51.398529140000051 ], [ 15.082093332000056, 51.407176938000077 ], [ 15.084523274000048, 51.417685877000054 ], [ 15.08633603100003, 51.425525635000042 ], [ 15.092424716000039, 51.42852349900005 ], [ 15.095175974000028, 51.426837674000069 ], [ 15.096711743000071, 51.425896636000061 ], [ 15.108876261000034, 51.427987945000041 ], [ 15.124070990000064, 51.434514883000077 ], [ 15.148915317000046, 51.442053940000051 ], [ 15.17853357000007, 51.458209370000077 ], [ 15.188485404000062, 51.463637649000077 ], [ 15.201798479000047, 51.462092049000034 ], [ 15.200880558000051, 51.452296707000073 ], [ 15.200516984000046, 51.448416932000043 ], [ 15.202707541000052, 51.445826406000037 ], [ 15.217396583000038, 51.444366851000041 ], [ 15.233616566000023, 51.446258852000028 ], [ 15.25146170000005, 51.448340421000069 ], [ 15.269615745000067, 51.43999681300005 ], [ 15.270461236000074, 51.438535393000052 ], [ 15.275516761000063, 51.429796982000028 ], [ 15.285735673000033, 51.430928210000047 ], [ 15.289727335000066, 51.431370085000026 ], [ 15.292041589000064, 51.427787652000063 ], [ 15.296251210000037, 51.421271219000062 ], [ 15.311744516000033, 51.41797493200005 ], [ 15.314736455000059, 51.417338381000036 ], [ 15.316328006000049, 51.41569220100007 ], [ 15.323597066000048, 51.408173632000057 ], [ 15.33183673700006, 51.409507527000073 ], [ 15.328406711000071, 51.414606592000041 ], [ 15.325900142000023, 51.41833284900008 ], [ 15.329113092000057, 51.429897941000036 ], [ 15.332014310000034, 51.433554890000039 ], [ 15.342091495000034, 51.446257057000082 ], [ 15.335484514000029, 51.451781548000042 ], [ 15.334275636000029, 51.452792363000071 ], [ 15.339070351000032, 51.472165619000066 ], [ 15.361332190000041, 51.470601315000067 ], [ 15.373049712000068, 51.469777944000043 ], [ 15.380598849000023, 51.471539805000077 ], [ 15.379632288000039, 51.480224709000026 ], [ 15.375744682000061, 51.480782710000028 ], [ 15.37064848600005, 51.481514183000058 ], [ 15.367910496000036, 51.493409414000041 ], [ 15.371122918000026, 51.506829885000059 ], [ 15.378396015000021, 51.510332651000056 ], [ 15.379481464000037, 51.510855410000033 ], [ 15.380137055000034, 51.512529648000054 ], [ 15.385905155000046, 51.527260120000051 ], [ 15.397391058000039, 51.529952106000053 ], [ 15.402890828000068, 51.524414742000033 ], [ 15.407059059000062, 51.520218018000037 ], [ 15.417871053000056, 51.522807 ], [ 15.437004279000064, 51.527388539000071 ], [ 15.463430449000043, 51.521393205000038 ], [ 15.466905656000051, 51.518229861000066 ], [ 15.470917758000041, 51.514577803000066 ], [ 15.481313446000058, 51.513188211000056 ], [ 15.485056520000057, 51.514341113000057 ], [ 15.486730953000063, 51.518995375000031 ], [ 15.489402752000046, 51.526421922000054 ], [ 15.592434585000035, 51.47105214000004 ], [ 15.594899501000043, 51.468997216000048 ], [ 15.593236686000068, 51.465827122000064 ], [ 15.585804300000063, 51.457755951000081 ], [ 15.581991696000046, 51.453615668000054 ], [ 15.589859648000072, 51.449899426000059 ], [ 15.593448717000058, 51.450612388000081 ], [ 15.595018891000052, 51.450924300000054 ], [ 15.597318375000043, 51.448917091000055 ], [ 15.599680292000073, 51.44685538400006 ], [ 15.616778302000057, 51.460234936000063 ], [ 15.622759364000046, 51.463777049000043 ], [ 15.624201519000053, 51.469344790000036 ], [ 15.624618042000066, 51.470952866000061 ], [ 15.626937159000022, 51.471457549000036 ], [ 15.633910286000059, 51.472975032000079 ], [ 15.634888768000053, 51.475478324000051 ], [ 15.636137082000062, 51.478671935000079 ], [ 15.645320533000074, 51.478711352000062 ], [ 15.64874965100006, 51.476328884000054 ], [ 15.653729054000053, 51.472869315000082 ], [ 15.657600376000062, 51.474530041000037 ], [ 15.663276938000024, 51.481870076000064 ], [ 15.662644780000051, 51.48498214600005 ], [ 15.662078283000028, 51.487770974000057 ], [ 15.665720259000068, 51.489548572000047 ], [ 15.667073959000049, 51.490209295000056 ], [ 15.667280494000067, 51.49186518700003 ], [ 15.668031810000059, 51.497888873000079 ], [ 15.675658159000022, 51.504304227000034 ], [ 15.678172966000034, 51.506419705000042 ], [ 15.679166316000021, 51.50949526800008 ], [ 15.679949927000052, 51.511921449000056 ], [ 15.69178402600005, 51.512354879000043 ], [ 15.699019304000046, 51.512619874000052 ], [ 15.699941111000044, 51.51420355700003 ], [ 15.701629319000062, 51.517103933000044 ], [ 15.714032307000025, 51.517397110000047 ], [ 15.711150802000077, 51.52988461800004 ], [ 15.712075327000036, 51.539856078000071 ], [ 15.712506082000061, 51.544501987000046 ], [ 15.711646682000037, 51.544775349000076 ], [ 15.703695220000043, 51.547304585000063 ], [ 15.703776301000062, 51.557055616000071 ], [ 15.713203868000051, 51.555159070000059 ], [ 15.725878159000047, 51.552609381000082 ], [ 15.74285072400005, 51.556065415000035 ], [ 15.759483012000032, 51.564141132000032 ], [ 15.770772796000074, 51.569622826000057 ], [ 15.795140738000043, 51.57106174200004 ], [ 15.823620489000064, 51.572743459000037 ], [ 15.819909585000062, 51.590002348000041 ], [ 15.817282701000067, 51.60221961600007 ], [ 15.822585475000039, 51.609007161000079 ], [ 15.832572114000072, 51.621790047000047 ], [ 15.832891337000035, 51.626796224000032 ], [ 15.833745923000038, 51.64019815000006 ], [ 15.845162912000035, 51.646629576000066 ], [ 15.854766629000039, 51.652039549000051 ], [ 15.854014771000038, 51.657661319000056 ], [ 15.849470332000067, 51.660123300000066 ], [ 15.846501368000077, 51.661731757000041 ], [ 15.848931952000044, 51.664354957000057 ], [ 15.849711748000061, 51.665196549000029 ], [ 15.848770702000024, 51.665622379000069 ], [ 15.834259067000062, 51.672188998000081 ], [ 15.843284468000036, 51.675220634000027 ], [ 15.843639708000069, 51.681221902000061 ], [ 15.851466734000041, 51.683775101000037 ], [ 15.855907840000043, 51.688651114000038 ], [ 15.859073686000045, 51.688966915000037 ], [ 15.867999490000045, 51.689857286000063 ], [ 15.865618184000027, 51.695966377000047 ], [ 15.863610399000038, 51.701117224000029 ], [ 15.87182346700007, 51.720735877000038 ], [ 15.88269686600006, 51.720423568000058 ], [ 15.896701448000044, 51.73030701600004 ], [ 15.910850656000036, 51.726016444000038 ], [ 15.91242696200004, 51.725538449000055 ], [ 15.92188793300005, 51.728966516000071 ], [ 15.925970957000061, 51.730445949000057 ], [ 15.931003528000076, 51.737324684000043 ], [ 15.947661846000074, 51.735855432000051 ], [ 15.962531571000056, 51.734543933000054 ], [ 15.962126902000023, 51.739721689000078 ], [ 15.961841707000076, 51.743370779000031 ], [ 15.96542118800005, 51.744113594000055 ], [ 15.976126252000029, 51.746335113000043 ], [ 15.972281270000053, 51.759439275000034 ], [ 15.969824516000074, 51.767812191000075 ], [ 15.976491547000023, 51.768695423000054 ], [ 15.980344654000078, 51.77274701500005 ], [ 15.984217096000066, 51.771565846000044 ], [ 15.990383276000045, 51.769685042000049 ], [ 16.007535716000064, 51.775270223000064 ], [ 16.004323062000026, 51.77885612700004 ], [ 15.984720964000076, 51.77885900900003 ], [ 15.982418665000068, 51.778859348000026 ], [ 15.972181280000029, 51.782977781000056 ], [ 15.968105062000063, 51.787906941000074 ], [ 15.968050529000038, 51.793785691000039 ], [ 15.977807889000076, 51.79650225000006 ], [ 15.984163462000026, 51.803012648000049 ], [ 16.02689808100007, 51.802441671000054 ], [ 16.034016529000041, 51.796149983000078 ], [ 16.034227656000041, 51.790152768000041 ], [ 16.034422298000038, 51.784623810000028 ] ] ] } },
{ "type": "Feature", "properties": { "voivodeship": "kujawsko-pomorskie" }, "geometry": { "type": "Polygon", "coordinates": [ [ [ 18.098109251000039, 53.76995824100004 ], [ 18.099889094000048, 53.768155527000033 ], [ 18.102082181000071, 53.768264262000059 ], [ 18.108541660000071, 53.768584529000066 ], [ 18.108506700000078, 53.765524975000062 ], [ 18.10845488800004, 53.760990594000077 ], [ 18.111078473000077, 53.758810440000047 ], [ 18.121663789000024, 53.764079407000054 ], [ 18.13111077700006, 53.768781757000056 ], [ 18.149811175000025, 53.768024994000029 ], [ 18.152869598000052, 53.760305460000041 ], [ 18.155502544000058, 53.753659841000058 ], [ 18.168610647000037, 53.746003493000046 ], [ 18.178485378000062, 53.746420727000043 ], [ 18.179970623000031, 53.748710105000043 ], [ 18.183061111000029, 53.75347382700005 ], [ 18.198675552000054, 53.756215460000078 ], [ 18.200299623000035, 53.746578001000046 ], [ 18.200332408000065, 53.746383451000042 ], [ 18.195219436000059, 53.741435937000062 ], [ 18.196354903000042, 53.739327790000061 ], [ 18.204689042000041, 53.74050754700005 ], [ 18.210980750000033, 53.745457765000026 ], [ 18.218430964000049, 53.751319478000028 ], [ 18.22073324400003, 53.750085944000034 ], [ 18.220248974000071, 53.744485714000064 ], [ 18.219913993000034, 53.740611896000075 ], [ 18.228597472000047, 53.741343821000044 ], [ 18.237650325000061, 53.742660662000048 ], [ 18.255934118000027, 53.745320249000031 ], [ 18.266821839000045, 53.739006519000043 ], [ 18.272659839000028, 53.731689502000052 ], [ 18.267075727000076, 53.725378913000043 ], [ 18.275786564000043, 53.721207869000068 ], [ 18.272506538000073, 53.716556971000045 ], [ 18.266067950000036, 53.714466682000079 ], [ 18.255212699000026, 53.710942522000039 ], [ 18.263761269000042, 53.700983023000049 ], [ 18.295400640000025, 53.698219089000077 ], [ 18.316713771000025, 53.696357228000068 ], [ 18.336551631000077, 53.693430378000073 ], [ 18.346238807000077, 53.692001146000052 ], [ 18.355784044000075, 53.687576282000066 ], [ 18.375790278000068, 53.688864206000062 ], [ 18.401144801000044, 53.690496432000032 ], [ 18.405059491000031, 53.690766695000036 ], [ 18.418194788000051, 53.691673532000038 ], [ 18.419977489000075, 53.688891183000067 ], [ 18.420742808000057, 53.687696711000058 ], [ 18.428734892000023, 53.689010143000075 ], [ 18.454002604000038, 53.693162679000068 ], [ 18.454969664000032, 53.690283707000049 ], [ 18.456021324000062, 53.687152876000027 ], [ 18.461983577000069, 53.687176538000074 ], [ 18.467647960000022, 53.689635772000031 ], [ 18.468247512000062, 53.693026617000044 ], [ 18.469046662000039, 53.697546311000053 ], [ 18.473617267000066, 53.70305425500004 ], [ 18.496009403000073, 53.699614175000079 ], [ 18.515345836000051, 53.703118931000063 ], [ 18.52228737300004, 53.692111675000035 ], [ 18.517222998000022, 53.689918406000061 ], [ 18.513293513000065, 53.688216632000035 ], [ 18.514824614000077, 53.681710084000031 ], [ 18.530269406000059, 53.678157208000073 ], [ 18.529535356000054, 53.668491078000045 ], [ 18.542221169000072, 53.666071809000073 ], [ 18.550802413000042, 53.656212435000043 ], [ 18.560469242000067, 53.656990921000045 ], [ 18.582930583000064, 53.660298362000049 ], [ 18.581443107000041, 53.666497320000076 ], [ 18.575841327000035, 53.669389196000054 ], [ 18.56845730200007, 53.673201143000028 ], [ 18.575428872000032, 53.676894953000044 ], [ 18.591443905000062, 53.674033414000064 ], [ 18.608818068000062, 53.670929027000057 ], [ 18.631034658000033, 53.674896110000077 ], [ 18.641500797000049, 53.683098885000049 ], [ 18.656917158000056, 53.695181368000078 ], [ 18.663725227000043, 53.696025433000045 ], [ 18.668938402000038, 53.694123585000057 ], [ 18.676893900000039, 53.691221293000069 ], [ 18.679322343000024, 53.692932186000064 ], [ 18.687215675000061, 53.698493217000077 ], [ 18.696552730000064, 53.699952902000064 ], [ 18.695804996000049, 53.693564748000028 ], [ 18.698503647000052, 53.691224225000042 ], [ 18.700011212000049, 53.690558456000076 ], [ 18.70886308300004, 53.686649301000045 ], [ 18.719120165000049, 53.68796549700005 ], [ 18.727615434000029, 53.68424449500003 ], [ 18.736240940000073, 53.689095550000047 ], [ 18.741769569000041, 53.692204897000067 ], [ 18.744469433000063, 53.69037129700007 ], [ 18.748716560000048, 53.68748688200003 ], [ 18.751271489000032, 53.691425889000072 ], [ 18.752604363000046, 53.693480819000058 ], [ 18.765463786000055, 53.699475986000039 ], [ 18.782759451000061, 53.703359448000072 ], [ 18.788971654000022, 53.702105070000073 ], [ 18.770621100000028, 53.676447304000078 ], [ 18.752472166000075, 53.662379673000032 ], [ 18.748446633000071, 53.659259396000039 ], [ 18.739999818000058, 53.646457214000066 ], [ 18.740743839000061, 53.63250529100003 ], [ 18.761577356000032, 53.604882137000061 ], [ 18.764178622000031, 53.610163774000057 ], [ 18.769106122000039, 53.606393708000041 ], [ 18.831081960000063, 53.604682401000048 ], [ 18.890139773000044, 53.599497537000047 ], [ 18.907264816000065, 53.592695238000033 ], [ 18.905764841000064, 53.587011229000041 ], [ 18.903829073000054, 53.579675826000027 ], [ 18.906240159000049, 53.577751825000064 ], [ 18.914674092000041, 53.579809762000082 ], [ 18.918558890000043, 53.583568809000042 ], [ 18.926172179000048, 53.590935654000077 ], [ 18.968659751000075, 53.588408904000062 ], [ 18.978034705000027, 53.587851372000046 ], [ 18.981711855000071, 53.589669829000059 ], [ 18.993063660000075, 53.595283623000057 ], [ 19.01084187400005, 53.59248399300003 ], [ 19.016007211000044, 53.591670580000027 ], [ 19.045805567000059, 53.59586173100007 ], [ 19.053031004000047, 53.596877992000032 ], [ 19.088303266000025, 53.597184223000056 ], [ 19.127329777000057, 53.588684477000072 ], [ 19.129276267000023, 53.588260543000047 ], [ 19.155480913000076, 53.582097378000071 ], [ 19.162934975000042, 53.583606928000052 ], [ 19.175699147000046, 53.580630345000031 ], [ 19.198010595000028, 53.570749427000067 ], [ 19.197015332000035, 53.560752801000035 ], [ 19.193250055000078, 53.553479769000035 ], [ 19.190286510000078, 53.547755369000072 ], [ 19.195670892000066, 53.544545059000029 ], [ 19.202998428000058, 53.545649299000047 ], [ 19.207584481000026, 53.54634040500008 ], [ 19.218839392000064, 53.524258976000056 ], [ 19.210582898000041, 53.523578642000075 ], [ 19.205919376000054, 53.523194369000066 ], [ 19.191014750000022, 53.514657268000065 ], [ 19.190429065000046, 53.510904506000031 ], [ 19.201185677000069, 53.500859100000071 ], [ 19.214570103000028, 53.494264716000032 ], [ 19.22396294400005, 53.489636950000033 ], [ 19.22392181500004, 53.485152092000078 ], [ 19.223884433000023, 53.481075907000047 ], [ 19.229048352000063, 53.475385336000045 ], [ 19.235268718000043, 53.468530575000045 ], [ 19.230047700000057, 53.462857198000052 ], [ 19.224320749000071, 53.456634053000073 ], [ 19.230311193000034, 53.453271783000048 ], [ 19.236641309000049, 53.454155594000042 ], [ 19.242220402000044, 53.45493454700005 ], [ 19.243190758000026, 53.447018908000075 ], [ 19.24408941300004, 53.439688171000057 ], [ 19.248317764000035, 53.435148192000042 ], [ 19.252749509000068, 53.430389829000035 ], [ 19.246083512000041, 53.421010265000064 ], [ 19.241209050000066, 53.420433647000038 ], [ 19.234400017000041, 53.419628181000064 ], [ 19.23559227100003, 53.413808814000049 ], [ 19.246267744000022, 53.40936193400006 ], [ 19.261110731000031, 53.396648889000062 ], [ 19.290448682000033, 53.387290943000039 ], [ 19.292564766000055, 53.390811075000045 ], [ 19.303535670000031, 53.398732169000027 ], [ 19.30269516900006, 53.401363392000064 ], [ 19.301777486000049, 53.404236237000077 ], [ 19.308827539000049, 53.411082248000071 ], [ 19.319181980000053, 53.410201760000064 ], [ 19.320946358000072, 53.409379631000036 ], [ 19.329600646000074, 53.405347081000059 ], [ 19.360135961000026, 53.410880861000066 ], [ 19.368756695000059, 53.412443159000077 ], [ 19.380558375000078, 53.410886726000058 ], [ 19.38808285600004, 53.402081976000034 ], [ 19.38972397200007, 53.396888354000055 ], [ 19.392136547000064, 53.389253306000057 ], [ 19.394593042000054, 53.389104693000036 ], [ 19.395992622000051, 53.393190190000041 ], [ 19.396126271000071, 53.393580325000073 ], [ 19.407028684000068, 53.391804498000056 ], [ 19.412722097000028, 53.386037140000042 ], [ 19.419977383000059, 53.378687622000029 ], [ 19.434966235000047, 53.376526175000038 ], [ 19.442801700000075, 53.375396272000046 ], [ 19.436707094000042, 53.368917237000062 ], [ 19.428780661000076, 53.36049083000006 ], [ 19.430893009000044, 53.35883000900003 ], [ 19.457073453000078, 53.360018806000028 ], [ 19.46184605600007, 53.363572764000082 ], [ 19.471881521000057, 53.371045757000047 ], [ 19.480601336000063, 53.370756222000068 ], [ 19.480010918000062, 53.365341990000047 ], [ 19.479661142000054, 53.362134488000038 ], [ 19.483850740000037, 53.360282276000078 ], [ 19.487977044000047, 53.361234292000063 ], [ 19.496562517000029, 53.363215121000053 ], [ 19.504594280000049, 53.367736366000031 ], [ 19.509833480000054, 53.370685620000074 ], [ 19.51864991900004, 53.369935874000078 ], [ 19.518683039000052, 53.359797025000034 ], [ 19.527959343000077, 53.351770240000064 ], [ 19.522382174000029, 53.342206578000059 ], [ 19.521431140000061, 53.340575757000067 ], [ 19.519728679000025, 53.33045303800003 ], [ 19.586724884000034, 53.331829187000039 ], [ 19.593806038000025, 53.335035393000055 ], [ 19.603191605000063, 53.339284991000056 ], [ 19.608035009000048, 53.341477988000065 ], [ 19.611309953000045, 53.34014043600007 ], [ 19.61448555000004, 53.338843460000078 ], [ 19.618989831000022, 53.339697216000047 ], [ 19.63386975700007, 53.342517605000069 ], [ 19.64255858000007, 53.344164512000077 ], [ 19.672043476000056, 53.337484060000065 ], [ 19.689477734000036, 53.33536308500004 ], [ 19.68819680200005, 53.318016553000064 ], [ 19.687308793000057, 53.305991031000076 ], [ 19.704987771000049, 53.303740518000041 ], [ 19.718122834000042, 53.302068440000028 ], [ 19.716209169000024, 53.295547529000032 ], [ 19.714716700000054, 53.290461862000029 ], [ 19.718359228000054, 53.286851626000043 ], [ 19.719607932000031, 53.285613992000037 ], [ 19.723518617000025, 53.273685946000057 ], [ 19.712713184000052, 53.272624802000053 ], [ 19.712502662000077, 53.272604128000069 ], [ 19.693176292000032, 53.263416937000045 ], [ 19.684843519000026, 53.256957858000078 ], [ 19.689692105000063, 53.252944510000077 ], [ 19.691006032000075, 53.251856926000073 ], [ 19.690407748000041, 53.24619298500005 ], [ 19.689481445000069, 53.237423701000068 ], [ 19.692192395000063, 53.233090398000058 ], [ 19.700836797000022, 53.235838546000082 ], [ 19.713947279000024, 53.233229725000058 ], [ 19.742610497000044, 53.227526104000049 ], [ 19.743109811000068, 53.223699570000065 ], [ 19.743426017000047, 53.221276304000071 ], [ 19.747109232000071, 53.217462628000078 ], [ 19.75163141400003, 53.212780270000053 ], [ 19.746008193000023, 53.208742778000044 ], [ 19.737826307000034, 53.202868156000079 ], [ 19.742316130000063, 53.197828601000026 ], [ 19.745083607000026, 53.19472227600005 ], [ 19.744434080000076, 53.19277173100005 ], [ 19.743000582000036, 53.188466901000027 ], [ 19.747302894000029, 53.185922080000068 ], [ 19.749862363000034, 53.18440815200006 ], [ 19.748859485000025, 53.18220552400004 ], [ 19.748232561000066, 53.180828605000045 ], [ 19.761595613000054, 53.151796426000033 ], [ 19.73260810000005, 53.144505963000029 ], [ 19.711956744000076, 53.134650385000043 ], [ 19.710283835000041, 53.126644642000031 ], [ 19.709236402000045, 53.121632126000065 ], [ 19.698768244000064, 53.120215873000063 ], [ 19.695335261000025, 53.119751420000057 ], [ 19.685624618000077, 53.122596910000027 ], [ 19.682189325000024, 53.113713009000037 ], [ 19.673613457000044, 53.112419802000034 ], [ 19.66848245400007, 53.10842457800004 ], [ 19.666101959000059, 53.106571021000036 ], [ 19.653952488000073, 53.107027674000051 ], [ 19.651384606000022, 53.108818155000051 ], [ 19.646521579000023, 53.112208948000045 ], [ 19.64255858000007, 53.112038881000046 ], [ 19.635370210000076, 53.110913105000066 ], [ 19.638989166000044, 53.094289052000079 ], [ 19.64255858000007, 53.090943755000069 ], [ 19.645869055000048, 53.087665102000074 ], [ 19.647372241000028, 53.076689928000064 ], [ 19.65415538700006, 53.073501637000049 ], [ 19.658985761000054, 53.071231210000064 ], [ 19.653005541000027, 53.067782324000063 ], [ 19.646502996000038, 53.064032205000046 ], [ 19.646443615000067, 53.055116185000031 ], [ 19.65001531300004, 53.053655541000069 ], [ 19.652966389000028, 53.05244870000007 ], [ 19.653285176000054, 53.046295447000034 ], [ 19.653590450000024, 53.040403013000059 ], [ 19.661565091000057, 53.038839712000026 ], [ 19.672308679000025, 53.036733603000073 ], [ 19.681522502000064, 53.023447736000037 ], [ 19.687440491000075, 53.020575903000065 ], [ 19.679693992000068, 53.01492187100007 ], [ 19.677558, 53.002113543000064 ], [ 19.670653902000026, 52.992872158000068 ], [ 19.666161582000029, 52.986859026000047 ], [ 19.672473373000059, 52.982971371000076 ], [ 19.67841923800006, 52.979309104000038 ], [ 19.684806173000027, 52.963038917000063 ], [ 19.681071858000053, 52.956472549000068 ], [ 19.659758090000025, 52.959590996000031 ], [ 19.64777097800004, 52.96899525300006 ], [ 19.634994874000029, 52.97099703400005 ], [ 19.623829628000067, 52.976540284000066 ], [ 19.593806038000025, 52.982166359000075 ], [ 19.557112537000023, 52.989042299000062 ], [ 19.560980893000078, 52.978973920000044 ], [ 19.567348066000022, 52.975100072000032 ], [ 19.583638049000058, 52.965189093000049 ], [ 19.582378774000063, 52.958560153000064 ], [ 19.575439742000071, 52.956239371000038 ], [ 19.541717629000061, 52.94810177200003 ], [ 19.527202657000032, 52.937243122000041 ], [ 19.487977044000047, 52.940995172000044 ], [ 19.48301028000003, 52.943695541000068 ], [ 19.458079586000053, 52.942152424000028 ], [ 19.446185006000064, 52.946614422000039 ], [ 19.444663806000051, 52.939042439000048 ], [ 19.45122681600003, 52.925571762000061 ], [ 19.457044458000041, 52.922966853000048 ], [ 19.467521887000032, 52.918275478000055 ], [ 19.466187816000058, 52.915860644000077 ], [ 19.46465465700004, 52.913085436000074 ], [ 19.460408611000048, 52.905399564000049 ], [ 19.487977044000047, 52.882010414000035 ], [ 19.489737339000044, 52.880516974000045 ], [ 19.492562301000078, 52.878120267000043 ], [ 19.508758973000056, 52.867844417000072 ], [ 19.510916382000062, 52.865033638000057 ], [ 19.516037316000052, 52.860172027000033 ], [ 19.491881875000047, 52.865594612000052 ], [ 19.487977044000047, 52.866471196000077 ], [ 19.473934384000074, 52.864284498000075 ], [ 19.466244140000072, 52.858871343000033 ], [ 19.46528888000006, 52.85659901300005 ], [ 19.467803318000051, 52.853876266000043 ], [ 19.470713790000048, 52.850724674000048 ], [ 19.468648081000026, 52.848748607000061 ], [ 19.444531858000062, 52.838348649000068 ], [ 19.436270085000046, 52.838529943000026 ], [ 19.427977810000073, 52.838711906000071 ], [ 19.424512697000068, 52.831170611000061 ], [ 19.429506336000031, 52.823324906000039 ], [ 19.42708142400005, 52.820053447000078 ], [ 19.423730766000062, 52.815533060000064 ], [ 19.436287634000053, 52.814959603000034 ], [ 19.451280459000031, 52.805411695000032 ], [ 19.455877810000061, 52.804895076000037 ], [ 19.464858648000074, 52.803885871000034 ], [ 19.464563233000035, 52.80080788600003 ], [ 19.464345407000053, 52.798538319000045 ], [ 19.463932271000033, 52.794233794000036 ], [ 19.468377033000024, 52.786514526000076 ], [ 19.479085109000039, 52.783365375000074 ], [ 19.487977044000047, 52.78075033600004 ], [ 19.492368956000064, 52.779458714000043 ], [ 19.492453813000054, 52.773456709000072 ], [ 19.503060275000053, 52.768196058000058 ], [ 19.505411524000067, 52.761324565000052 ], [ 19.501497597000025, 52.760294122000062 ], [ 19.498964052000076, 52.759627100000046 ], [ 19.501220888000034, 52.756504838000069 ], [ 19.498351845000059, 52.750543755000081 ], [ 19.512299110000072, 52.749175122000054 ], [ 19.522110483000063, 52.748212341000055 ], [ 19.518143383000051, 52.742644427000073 ], [ 19.510439344000076, 52.739707143000032 ], [ 19.501668048000056, 52.736362952000036 ], [ 19.499459672000057, 52.732658533000063 ], [ 19.503934470000047, 52.72848483000007 ], [ 19.503761017000045, 52.714462789000038 ], [ 19.508159693000039, 52.713298362000046 ], [ 19.519505080000044, 52.710294987000054 ], [ 19.525183536000043, 52.707142234000059 ], [ 19.525835834000077, 52.703739514000063 ], [ 19.495693742000071, 52.707300417000056 ], [ 19.490940278000039, 52.715232964000052 ], [ 19.490854547000026, 52.715376032000052 ], [ 19.487977044000047, 52.715963351000028 ], [ 19.467283923000025, 52.720186966000028 ], [ 19.458044562000055, 52.725092757000027 ], [ 19.442588439000076, 52.722683351000057 ], [ 19.440773269000033, 52.711771819000035 ], [ 19.445093338000049, 52.706724503000032 ], [ 19.445941308000045, 52.705733785000064 ], [ 19.444224449000046, 52.703427263000037 ], [ 19.437382506000063, 52.694235424000055 ], [ 19.436902504000045, 52.681236874000035 ], [ 19.438424949000023, 52.681419461000075 ], [ 19.443475517000024, 52.682025177000071 ], [ 19.449932177000051, 52.672562361000075 ], [ 19.44662986700007, 52.671397906000038 ], [ 19.441734893000046, 52.675711957000033 ], [ 19.435760877000064, 52.67660236100005 ], [ 19.435425532000068, 52.676652343000057 ], [ 19.429165745000034, 52.671961982000028 ], [ 19.416583194000054, 52.671232136000071 ], [ 19.408849307000025, 52.656833774000063 ], [ 19.402581778000069, 52.645165365000082 ], [ 19.391751772000077, 52.644274339000049 ], [ 19.383635903000027, 52.643606616000056 ], [ 19.373827770000048, 52.637167657000077 ], [ 19.367898338000032, 52.628333444000077 ], [ 19.393562060000022, 52.621898024000075 ], [ 19.401488193000034, 52.619910472000072 ], [ 19.426104605000035, 52.611446455000078 ], [ 19.416578101000027, 52.597453070000029 ], [ 19.407506462000072, 52.594676398000047 ], [ 19.396643539000024, 52.591351445000043 ], [ 19.395204709000041, 52.583180625000068 ], [ 19.394180407000022, 52.577363829000035 ], [ 19.389607534000049, 52.573123714000076 ], [ 19.37788658900007, 52.568821592000063 ], [ 19.364534559000049, 52.568180088000076 ], [ 19.341114356000048, 52.567054855000038 ], [ 19.347476784000037, 52.546172024000043 ], [ 19.348657285000058, 52.542297369000039 ], [ 19.354746820000059, 52.535761433000062 ], [ 19.348360468000067, 52.529717575000063 ], [ 19.346666150000033, 52.528114122000034 ], [ 19.336854674000051, 52.533533489000035 ], [ 19.320911558000034, 52.53433209800005 ], [ 19.321940048000044, 52.530001141000071 ], [ 19.333065830000066, 52.525308890000076 ], [ 19.359392022000065, 52.522398710000061 ], [ 19.382744213000024, 52.519817285000045 ], [ 19.395674709000048, 52.512854631000039 ], [ 19.378480481000054, 52.507954563000055 ], [ 19.365119643000071, 52.504146947000038 ], [ 19.354780151000057, 52.48953914100008 ], [ 19.355502195000042, 52.486719828000048 ], [ 19.35687901700004, 52.481343851000076 ], [ 19.348286252000037, 52.480051417000027 ], [ 19.337959773000023, 52.478498217000038 ], [ 19.332280363000052, 52.471865707000063 ], [ 19.331196594000062, 52.464258492000056 ], [ 19.33110171800007, 52.463592536000078 ], [ 19.317958858000054, 52.44890226800004 ], [ 19.298841378000077, 52.44597514600008 ], [ 19.293935477000048, 52.447240978000082 ], [ 19.284632625000029, 52.449641320000069 ], [ 19.269872020000037, 52.448662010000078 ], [ 19.259214643000064, 52.442591006000043 ], [ 19.262872035000044, 52.435968368000033 ], [ 19.281412784000054, 52.43318296800004 ], [ 19.287178491000077, 52.432316779000075 ], [ 19.296228451000047, 52.423417062000055 ], [ 19.297268890000055, 52.418918355000073 ], [ 19.293693051000048, 52.417017190000081 ], [ 19.29221007600006, 52.411266780000062 ], [ 19.290667647000078, 52.410038926000027 ], [ 19.282724160000043, 52.403715500000033 ], [ 19.289202341000077, 52.399102233000065 ], [ 19.289184555000077, 52.392712485000061 ], [ 19.271436170000072, 52.392408316000058 ], [ 19.259259753000038, 52.38152588500003 ], [ 19.251890151000055, 52.377393443000074 ], [ 19.238974578000068, 52.370151145000079 ], [ 19.234776838000073, 52.36309914800006 ], [ 19.21956218300005, 52.363889164000057 ], [ 19.211736330000065, 52.364295519000052 ], [ 19.208285404000037, 52.358660709000048 ], [ 19.210502440000027, 52.352956626000037 ], [ 19.213320279000072, 52.351129514000036 ], [ 19.223593170000072, 52.344468479000057 ], [ 19.218356933000052, 52.341191151000032 ], [ 19.204838893000044, 52.349148084000035 ], [ 19.204037458000073, 52.349619822000079 ], [ 19.203828157000032, 52.356154464000042 ], [ 19.199989773000027, 52.358532659000048 ], [ 19.186367656000073, 52.348785034000059 ], [ 19.185440584000048, 52.348524081000051 ], [ 19.163132396000037, 52.342244766000078 ], [ 19.147956673000067, 52.346227815000077 ], [ 19.127329777000057, 52.343111840000063 ], [ 19.125910539000074, 52.342897445000062 ], [ 19.109050435000029, 52.345767970000054 ], [ 19.107312023000077, 52.346010850000027 ], [ 19.09799662100005, 52.347312336000073 ], [ 19.078930270000058, 52.340708974000052 ], [ 19.073883158000058, 52.338960978000046 ], [ 19.071124257000065, 52.338769152000054 ], [ 19.059478388000059, 52.337959416000047 ], [ 19.059456083000043, 52.335869569000067 ], [ 19.059423802000026, 52.332844931000068 ], [ 19.047119842000029, 52.332803969000054 ], [ 19.028762250000057, 52.332767086000047 ], [ 19.024315862000037, 52.335136240000054 ], [ 19.018942080000045, 52.337999535000051 ], [ 19.017093306000049, 52.338308661000042 ], [ 19.006898372000023, 52.340013318000047 ], [ 19.007040810000035, 52.346276550000027 ], [ 19.007104573000049, 52.349080321000031 ], [ 18.998922595000067, 52.352937738000037 ], [ 18.985115391000022, 52.354423294000071 ], [ 18.969855376000055, 52.356065163000039 ], [ 18.969035470000051, 52.358660709000048 ], [ 18.96824782300007, 52.36115413300007 ], [ 18.97315603900006, 52.362857638000037 ], [ 18.978739484000073, 52.364795495000067 ], [ 18.974801352000043, 52.369304434000071 ], [ 18.974293959000022, 52.375229368000078 ], [ 18.966703153000026, 52.376745873000061 ], [ 18.952601057000038, 52.379563215000076 ], [ 18.943690206000042, 52.387706942000079 ], [ 18.939434603000052, 52.391596185000026 ], [ 18.920865338000056, 52.398832071000072 ], [ 18.923990266000033, 52.385697361000041 ], [ 18.925809867000055, 52.378049204000035 ], [ 18.919749456000034, 52.377427228000045 ], [ 18.912794371000075, 52.376713432000031 ], [ 18.911807382000063, 52.37163315600003 ], [ 18.911038495000071, 52.367675507000058 ], [ 18.908190556000022, 52.365579934000039 ], [ 18.889738206000061, 52.360634293000032 ], [ 18.887255620000076, 52.360976507000032 ], [ 18.877614782000023, 52.362305456000058 ], [ 18.867881768000075, 52.358660709000048 ], [ 18.864936811000064, 52.356279435000033 ], [ 18.856109357000037, 52.34914161100005 ], [ 18.832177732000048, 52.343877496000061 ], [ 18.823104219000072, 52.347475618000033 ], [ 18.812695056000052, 52.35160339600003 ], [ 18.781347543000038, 52.341528563000054 ], [ 18.779382475000034, 52.338274223000042 ], [ 18.777142431000073, 52.334564496000041 ], [ 18.766435118000061, 52.335549406000041 ], [ 18.763453346000063, 52.335823684000047 ], [ 18.759205621000035, 52.334202006000055 ], [ 18.755671148000033, 52.332852630000048 ], [ 18.752138411000033, 52.339845609000065 ], [ 18.752864766000073, 52.354043189000038 ], [ 18.753101, 52.358660709000048 ], [ 18.753274177000037, 52.362045686000044 ], [ 18.748416380000037, 52.363193382000077 ], [ 18.744139048000022, 52.36420393800006 ], [ 18.740050071000041, 52.371243912000068 ], [ 18.739082683000049, 52.372909459000027 ], [ 18.738074056000073, 52.373145343000033 ], [ 18.733288174000052, 52.37426460100005 ], [ 18.731419746000029, 52.379548492000026 ], [ 18.731009856000071, 52.380707657000073 ], [ 18.72617953300005, 52.384590918000072 ], [ 18.718530236000049, 52.390740448000031 ], [ 18.717170185000043, 52.393260216000044 ], [ 18.713912501000038, 52.399295729000073 ], [ 18.69685209000005, 52.400284509000073 ], [ 18.681182135000029, 52.40119270100007 ], [ 18.682281860000046, 52.408227773000078 ], [ 18.682531664000066, 52.409825802000057 ], [ 18.679692550000027, 52.414894565000054 ], [ 18.677981032000048, 52.41795019500006 ], [ 18.678314540000031, 52.418442580000033 ], [ 18.684820878000039, 52.428048399000033 ], [ 18.672835482000039, 52.422273881000081 ], [ 18.672025670000039, 52.422344570000064 ], [ 18.657677299000056, 52.423597057000052 ], [ 18.649793832000057, 52.438110092000045 ], [ 18.649464732000069, 52.442498514000079 ], [ 18.648865105000027, 52.450494325000079 ], [ 18.637543534000031, 52.452123056000062 ], [ 18.60875961000005, 52.456263936000028 ], [ 18.597820051000042, 52.465291854000043 ], [ 18.592761551000024, 52.469466403000069 ], [ 18.59024086200003, 52.465900109000074 ], [ 18.587521038000034, 52.462052077000067 ], [ 18.561312328000042, 52.463899486000059 ], [ 18.561979695000048, 52.471453176000068 ], [ 18.562232745000074, 52.474317364000058 ], [ 18.558301136000068, 52.484322285000076 ], [ 18.552929950000077, 52.484021237000036 ], [ 18.537790829000073, 52.483172708000041 ], [ 18.53896689100003, 52.490220253000075 ], [ 18.532522547000042, 52.492464205000033 ], [ 18.530679282000051, 52.495834905000038 ], [ 18.529510810000033, 52.49797164000006 ], [ 18.489873855000042, 52.504114918000028 ], [ 18.472174350000046, 52.490241362000063 ], [ 18.463414189000048, 52.489915756000073 ], [ 18.465817207000043, 52.483675172000062 ], [ 18.466427760000045, 52.482089579000046 ], [ 18.462599200000056, 52.477004613000076 ], [ 18.454088373000047, 52.478279349000047 ], [ 18.441255600000034, 52.480201419000082 ], [ 18.424814620000063, 52.479400787000031 ], [ 18.420145560000037, 52.475269186000048 ], [ 18.417956127000025, 52.47333178000008 ], [ 18.403309449000062, 52.471441251000044 ], [ 18.398766304000048, 52.473373201000072 ], [ 18.39841952200004, 52.473520669000038 ], [ 18.397973913000044, 52.473302929000056 ], [ 18.391668421000077, 52.470221852000066 ], [ 18.384877111000037, 52.475953275000052 ], [ 18.385775176000038, 52.484275934000038 ], [ 18.385991048000051, 52.486276493000048 ], [ 18.381909302000054, 52.493675409000048 ], [ 18.376598132000026, 52.503302882000071 ], [ 18.382871154000043, 52.517017994000071 ], [ 18.386766370000032, 52.525534355000048 ], [ 18.384664042000054, 52.53205024600004 ], [ 18.377150691000054, 52.537463518000038 ], [ 18.352473847000056, 52.543360115000041 ], [ 18.340407982000045, 52.536734157000069 ], [ 18.340350854000064, 52.531230812000047 ], [ 18.342089357000077, 52.528787668000064 ], [ 18.345454115000052, 52.524059124000075 ], [ 18.343611037000073, 52.521444924000036 ], [ 18.310538387000065, 52.506846947000042 ], [ 18.27812203600007, 52.492538654000043 ], [ 18.272394121000048, 52.489094858000044 ], [ 18.260655829000029, 52.482037442000035 ], [ 18.246879995000029, 52.485514280000075 ], [ 18.239978923000024, 52.487256019000029 ], [ 18.228786912000032, 52.485016988000041 ], [ 18.219130656000061, 52.483085194000068 ], [ 18.203974896000034, 52.483905339000046 ], [ 18.200053304000051, 52.488926610000078 ], [ 18.201022643000044, 52.495520912000075 ], [ 18.20178859400005, 52.500731589000054 ], [ 18.197443086000078, 52.504495527000074 ], [ 18.187246218000041, 52.504128596000044 ], [ 18.182012693000047, 52.503940269000054 ], [ 18.156342282000026, 52.509274025000082 ], [ 18.132908419000046, 52.505845872000066 ], [ 18.124776422000025, 52.508223228000077 ], [ 18.12320810600005, 52.51515648600008 ], [ 18.123074427000063, 52.515747459000067 ], [ 18.120970986000032, 52.515541737000035 ], [ 18.106445024000038, 52.514121057000068 ], [ 18.091535013000055, 52.520405850000031 ], [ 18.092522496000072, 52.531018002000053 ], [ 18.100110486000062, 52.536009639000042 ], [ 18.106219166000074, 52.540028136000046 ], [ 18.104328562000035, 52.545213497000077 ], [ 18.095397458000036, 52.553121538000028 ], [ 18.066429569000036, 52.551592304000053 ], [ 18.062710049000032, 52.549673116000065 ], [ 18.058947309000075, 52.547731628000065 ], [ 18.057202086000075, 52.543390356000032 ], [ 18.039884354000037, 52.549133654000059 ], [ 18.023089095000046, 52.554703677000077 ], [ 18.004618634000053, 52.554893140000047 ], [ 17.999559480000073, 52.551611597000033 ], [ 17.99895624100003, 52.548166359000049 ], [ 17.998130601000071, 52.543450943000039 ], [ 17.995518325000035, 52.541850814000043 ], [ 17.988091385000075, 52.543752027000039 ], [ 17.987164258000064, 52.553325605000055 ], [ 17.987750052000024, 52.555301144000055 ], [ 17.990688851000073, 52.565211986000065 ], [ 17.987196117000053, 52.573002876000032 ], [ 17.983142843000053, 52.56621974400008 ], [ 17.980040830000064, 52.565746404000038 ], [ 17.971974578000072, 52.564515565000079 ], [ 17.970302280000055, 52.568384232000028 ], [ 17.967486405000045, 52.574898429000029 ], [ 17.955585092000035, 52.571583456000042 ], [ 17.948448383000027, 52.569595609000032 ], [ 17.946701569000027, 52.573514558000056 ], [ 17.944852444000048, 52.577663038000026 ], [ 17.932380009000042, 52.584840498000062 ], [ 17.929743448000067, 52.582418978000078 ], [ 17.929207204000022, 52.577317485000037 ], [ 17.928679340000031, 52.572295717000031 ], [ 17.906067478000068, 52.583817329000055 ], [ 17.903939490000027, 52.587799958000062 ], [ 17.908638052000072, 52.596390245000066 ], [ 17.908940465000057, 52.599136196000075 ], [ 17.910189377000052, 52.610476498000082 ], [ 17.899849132000043, 52.613483565000081 ], [ 17.898919291000027, 52.613753974000076 ], [ 17.893978283000024, 52.617661930000054 ], [ 17.875681144000055, 52.632133554000063 ], [ 17.864241007000032, 52.631117836000044 ], [ 17.843548785000053, 52.629280666000056 ], [ 17.828381637000064, 52.63418443200004 ], [ 17.825474125000028, 52.640587554000035 ], [ 17.82507333500007, 52.641470201000061 ], [ 17.786666460000049, 52.651515375000031 ], [ 17.780666862000032, 52.648062636000077 ], [ 17.778137152000056, 52.641252841000039 ], [ 17.776535463000073, 52.636941209000042 ], [ 17.76285200500007, 52.634902417000035 ], [ 17.759864343000061, 52.637673783000082 ], [ 17.765575887000068, 52.639477141000043 ], [ 17.761293959000056, 52.648615507000045 ], [ 17.761625473000038, 52.649656679000032 ], [ 17.763604109000028, 52.655870892000053 ], [ 17.735690350000027, 52.649630664000028 ], [ 17.717548210000075, 52.638908803000049 ], [ 17.722801865000065, 52.633556858000077 ], [ 17.736274577000074, 52.638841440000078 ], [ 17.743681751000054, 52.641746855000065 ], [ 17.747913577000077, 52.632802264000077 ], [ 17.725476038000068, 52.621518062000064 ], [ 17.704217872000072, 52.606408470000076 ], [ 17.698771540000052, 52.611462076000066 ], [ 17.689668291000032, 52.603297601000065 ], [ 17.67942357000004, 52.602736728000082 ], [ 17.675935236000043, 52.616279708000036 ], [ 17.681004466000047, 52.624318655000081 ], [ 17.681946100000062, 52.625811928000076 ], [ 17.678253321000057, 52.634793531000071 ], [ 17.675931111000068, 52.640441625000051 ], [ 17.676487067000039, 52.64151847200003 ], [ 17.680704178000042, 52.649686722000069 ], [ 17.666983549000065, 52.647846402000027 ], [ 17.646908405000033, 52.645153765000032 ], [ 17.635413239000059, 52.648015539000028 ], [ 17.633404724000059, 52.652880025000059 ], [ 17.631520848000036, 52.655255879000038 ], [ 17.636983350000037, 52.662937843000066 ], [ 17.638136686000053, 52.664559789000066 ], [ 17.637334924000072, 52.665626815000053 ], [ 17.631364507000058, 52.673572552000053 ], [ 17.632071922000023, 52.678347602000031 ], [ 17.639806328000077, 52.684529078000082 ], [ 17.646536561000062, 52.689908001000049 ], [ 17.638897478000047, 52.693984336000028 ], [ 17.628017768000063, 52.707281938000051 ], [ 17.613405288000024, 52.703416669000035 ], [ 17.581973481000034, 52.704325948000076 ], [ 17.579597183000033, 52.700418744000046 ], [ 17.574717402000033, 52.692395214000044 ], [ 17.556944508000072, 52.688614238000071 ], [ 17.550418113000035, 52.68998907100007 ], [ 17.546136527000044, 52.690891018000059 ], [ 17.530164200000058, 52.682749577000038 ], [ 17.527625627000077, 52.681455611000047 ], [ 17.523065203000044, 52.673109874000033 ], [ 17.507203616000027, 52.673445307000065 ], [ 17.504512289000047, 52.67769669900008 ], [ 17.500685768000039, 52.683741313000041 ], [ 17.485859942000047, 52.687586055000054 ], [ 17.48303446400007, 52.686921085000051 ], [ 17.483038774000022, 52.683512244000042 ], [ 17.48304061400006, 52.682056854000052 ], [ 17.470128490000036, 52.680779708000046 ], [ 17.475093189000063, 52.704313229000036 ], [ 17.478956695000022, 52.706211667000048 ], [ 17.485319620000041, 52.705457117000037 ], [ 17.494669335000026, 52.704348378000077 ], [ 17.499825556000076, 52.709903332000067 ], [ 17.485536446000026, 52.711522297000045 ], [ 17.480767447000062, 52.712062628000069 ], [ 17.480833167000071, 52.716833829000052 ], [ 17.483440148000057, 52.719427869000071 ], [ 17.487486407000063, 52.723454042000071 ], [ 17.486635268000043, 52.729266874000075 ], [ 17.458523218000039, 52.738947997000082 ], [ 17.43973320200007, 52.749900068000045 ], [ 17.430583711000054, 52.750719878000041 ], [ 17.419873004000067, 52.751679575000026 ], [ 17.41069105300005, 52.756983759000036 ], [ 17.408786598000063, 52.761001645000078 ], [ 17.413801077000073, 52.764598016000036 ], [ 17.409163459000069, 52.771843562000072 ], [ 17.412417733000041, 52.777896611000074 ], [ 17.410747761000039, 52.785249953000061 ], [ 17.431477954000059, 52.784726102000036 ], [ 17.434218341000076, 52.784656853000058 ], [ 17.441947273000039, 52.789507335000053 ], [ 17.45268868200003, 52.796248373000026 ], [ 17.458689081000045, 52.790392080000061 ], [ 17.462082578000036, 52.787080082000045 ], [ 17.502491158000055, 52.786721990000046 ], [ 17.508630578000066, 52.795341104000045 ], [ 17.506889106000074, 52.80080788600003 ], [ 17.506527790000064, 52.801942119000046 ], [ 17.505683501000021, 52.804592490000061 ], [ 17.507783541000038, 52.807188279000059 ], [ 17.518191692000073, 52.820053447000078 ], [ 17.520366069000033, 52.822741122000082 ], [ 17.513610826000047, 52.83153298700006 ], [ 17.51327227400003, 52.831973608000055 ], [ 17.515466381000067, 52.839882413000055 ], [ 17.513712601000066, 52.853619117000051 ], [ 17.519277525000064, 52.855206810000027 ], [ 17.523993403000077, 52.85655226800003 ], [ 17.52613044900005, 52.860507040000073 ], [ 17.524705546000064, 52.876794004000033 ], [ 17.527718556000025, 52.884043680000048 ], [ 17.518547543000068, 52.886735581000039 ], [ 17.518406795000033, 52.89675410500007 ], [ 17.512543676000064, 52.908814412000027 ], [ 17.511205664000045, 52.915860644000077 ], [ 17.514458890000071, 52.927974422000034 ], [ 17.499379083000065, 52.933635640000034 ], [ 17.485874084000045, 52.947800946000029 ], [ 17.477984030000073, 52.948478339000076 ], [ 17.463583639000035, 52.949714670000048 ], [ 17.444864525000071, 52.958204944000045 ], [ 17.410743835000062, 52.971469923000029 ], [ 17.403330760000074, 52.976106873000049 ], [ 17.394311694000066, 52.981748386000049 ], [ 17.378812689000029, 52.976815453000029 ], [ 17.369755037000061, 52.973932637000075 ], [ 17.317927875000066, 52.974538507000034 ], [ 17.317624910000063, 52.988666007000063 ], [ 17.302695929000038, 52.995644391000042 ], [ 17.315301745000056, 53.018052991000047 ], [ 17.324248822000072, 53.01853419400004 ], [ 17.330160515000046, 53.01885214400005 ], [ 17.334633675000077, 53.026018469000064 ], [ 17.336225717000048, 53.042509930000051 ], [ 17.33060518700006, 53.052106947000027 ], [ 17.330284584000026, 53.053366918000052 ], [ 17.323949537000033, 53.078263650000054 ], [ 17.335170297000047, 53.077993014000072 ], [ 17.338811787000054, 53.079518982000081 ], [ 17.357151827000052, 53.087204382000039 ], [ 17.360671984000078, 53.118088937000039 ], [ 17.358716439000034, 53.121631387000036 ], [ 17.353728422000074, 53.130667130000063 ], [ 17.366644420000057, 53.131777087000046 ], [ 17.38482207800007, 53.133339214000046 ], [ 17.389701845000047, 53.138482839000062 ], [ 17.389669243000071, 53.142536644000074 ], [ 17.375568791000035, 53.148124077000034 ], [ 17.358966592000058, 53.150529033000055 ], [ 17.354960426000048, 53.151109357000053 ], [ 17.351233474000026, 53.154696857000033 ], [ 17.340165376000073, 53.15567530800007 ], [ 17.345316600000046, 53.163208616000077 ], [ 17.337843820000046, 53.171711253000069 ], [ 17.336107394000067, 53.179058036000072 ], [ 17.337159610000072, 53.180828605000045 ], [ 17.341282743000022, 53.187766620000048 ], [ 17.345048323000071, 53.194102979000036 ], [ 17.344610709000051, 53.20015924300003 ], [ 17.338012856000034, 53.205081973000063 ], [ 17.333824242000048, 53.208207144000028 ], [ 17.321126201000027, 53.21149211900007 ], [ 17.322636470000077, 53.215531413000065 ], [ 17.330823038000062, 53.214616113000034 ], [ 17.334452078000027, 53.21823227200008 ], [ 17.370353009000041, 53.226702791000037 ], [ 17.394050074000063, 53.227123740000081 ], [ 17.406587586000057, 53.227346453000052 ], [ 17.417278941000063, 53.23093644100004 ], [ 17.414649730000065, 53.23879673700003 ], [ 17.413816252000061, 53.241288505000057 ], [ 17.418241723000051, 53.243069253000044 ], [ 17.426594769000076, 53.246430402000044 ], [ 17.424076516000071, 53.250009479000028 ], [ 17.421307736000074, 53.253944618000048 ], [ 17.438793329000077, 53.267514471000027 ], [ 17.43588961100005, 53.26967206300003 ], [ 17.418306736000034, 53.283997529000033 ], [ 17.41125610000006, 53.286366 ], [ 17.406646962000025, 53.283850219000044 ], [ 17.405846593000035, 53.283413358000075 ], [ 17.394860564000055, 53.289005809000059 ], [ 17.394978008000066, 53.290385934000028 ], [ 17.395341402000042, 53.294656298000064 ], [ 17.387235867000072, 53.299376517000042 ], [ 17.385071164000067, 53.305453855000053 ], [ 17.378098863000048, 53.311477480000065 ], [ 17.368364442000029, 53.31561173800003 ], [ 17.355426984000076, 53.321106342000064 ], [ 17.356625742000062, 53.326738325000065 ], [ 17.356892780000067, 53.327992920000042 ], [ 17.354847612000071, 53.332513669000036 ], [ 17.346788596000067, 53.336062514000048 ], [ 17.343085084000052, 53.337693382000054 ], [ 17.34096601400006, 53.34158147800008 ], [ 17.337826805000077, 53.347341338000035 ], [ 17.317221753000069, 53.350266054000031 ], [ 17.293597835000071, 53.353619273000049 ], [ 17.257240799000044, 53.363391458000081 ], [ 17.256257944000026, 53.363778742000079 ], [ 17.25600047000006, 53.367056796000043 ], [ 17.249397072000022, 53.373240888000055 ], [ 17.247740446000023, 53.379894026000045 ], [ 17.258071310000048, 53.38113028500004 ], [ 17.266924137000046, 53.387927519000073 ], [ 17.280748231000075, 53.393968834000077 ], [ 17.289763750000077, 53.397908738000069 ], [ 17.295164322000062, 53.405275793000044 ], [ 17.293502704000048, 53.410046386000033 ], [ 17.291287039000053, 53.416407675000073 ], [ 17.298333995000064, 53.422408674000053 ], [ 17.304207652000059, 53.424870309000028 ], [ 17.327816175000066, 53.43476458300006 ], [ 17.334642135000024, 53.442643755000063 ], [ 17.340603158000022, 53.449524534000034 ], [ 17.370726828000045, 53.463716869000052 ], [ 17.381850528000029, 53.468957640000042 ], [ 17.392676204000054, 53.489378548000047 ], [ 17.390652781000028, 53.490963948000058 ], [ 17.394927797000037, 53.496324728000047 ], [ 17.394884552000065, 53.498233278000043 ], [ 17.39467208700006, 53.507610122000074 ], [ 17.402033527000071, 53.512120511000035 ], [ 17.402839874000051, 53.520755045000044 ], [ 17.409698607000053, 53.531178288000035 ], [ 17.415790704000074, 53.534145832000036 ], [ 17.421855933000074, 53.53710028900008 ], [ 17.421330214000022, 53.550378145000082 ], [ 17.420606531000033, 53.551484815000038 ], [ 17.414906529000064, 53.560201373000041 ], [ 17.418480095000064, 53.564618094000082 ], [ 17.418006165000065, 53.568681366000078 ], [ 17.423781090000034, 53.578624261000073 ], [ 17.42272435700005, 53.583568738000054 ], [ 17.429051791000063, 53.589345871000035 ], [ 17.446344922000037, 53.601020154000082 ], [ 17.46288269300004, 53.601447844000063 ], [ 17.46640588300005, 53.601538959000038 ], [ 17.498044695000033, 53.607654399000069 ], [ 17.499628586000028, 53.609056484000064 ], [ 17.507588149000071, 53.616102413000078 ], [ 17.512981706000062, 53.617395080000051 ], [ 17.511593359000074, 53.613014063000037 ], [ 17.523646357000075, 53.605432652000047 ], [ 17.52755447800007, 53.597592783000039 ], [ 17.529897890000029, 53.592891791000056 ], [ 17.54483807500003, 53.580461549000063 ], [ 17.578046405000066, 53.578614310000034 ], [ 17.593287894000071, 53.588639467000064 ], [ 17.604886687000032, 53.59626862500005 ], [ 17.649520067000026, 53.581716855000082 ], [ 17.650300883000057, 53.580567624000082 ], [ 17.656698118000065, 53.571151952000037 ], [ 17.669661014000042, 53.570671873000038 ], [ 17.673628387000065, 53.573108508000075 ], [ 17.672300416000041, 53.58349284500008 ], [ 17.666088737000052, 53.584852297000054 ], [ 17.659970198000053, 53.586191364000058 ], [ 17.656586355000059, 53.589491870000074 ], [ 17.658596072000023, 53.594430549000037 ], [ 17.667544163000059, 53.600096981000036 ], [ 17.678379967000069, 53.596519256000079 ], [ 17.687898035000046, 53.593376616000057 ], [ 17.730266308000068, 53.59504918500005 ], [ 17.734608146000028, 53.60261119300003 ], [ 17.734341266000058, 53.611186957000029 ], [ 17.724318814000071, 53.611053507000065 ], [ 17.716255794000062, 53.61094614700005 ], [ 17.718183888000056, 53.61712831300008 ], [ 17.712739527000053, 53.63372811000005 ], [ 17.726469520000023, 53.645820876000073 ], [ 17.737641703000065, 53.655660838000074 ], [ 17.736619309000048, 53.657969425000033 ], [ 17.734580040000026, 53.662574140000061 ], [ 17.743394801000022, 53.669461720000072 ], [ 17.741205563000051, 53.67742411200004 ], [ 17.753533458000049, 53.680113393000056 ], [ 17.758908948000055, 53.68546458600008 ], [ 17.759542344000067, 53.685406605000082 ], [ 17.764239756000052, 53.684976601000074 ], [ 17.765955276000057, 53.688500367000074 ], [ 17.765836780000029, 53.688837454000065 ], [ 17.763934385000027, 53.694249224000032 ], [ 17.772231488000045, 53.700033267000038 ], [ 17.790611355000067, 53.686256134000075 ], [ 17.799970869000049, 53.67924045400008 ], [ 17.808829998000022, 53.680282348000048 ], [ 17.814548663000039, 53.683991476000074 ], [ 17.826598606000061, 53.691807073000064 ], [ 17.84351397100005, 53.689969395000048 ], [ 17.854232702000047, 53.688804916000038 ], [ 17.868852834000052, 53.696714505000045 ], [ 17.873900677000051, 53.701799162000043 ], [ 17.87860859500006, 53.70654141600005 ], [ 17.883861998000043, 53.707268785000053 ], [ 17.89385096500007, 53.708651824000071 ], [ 17.893505001000051, 53.716861502000029 ], [ 17.902681939000047, 53.722264608000046 ], [ 17.892013127000041, 53.727300393000064 ], [ 17.889588500000059, 53.728444841000055 ], [ 17.876130094000075, 53.745227674000034 ], [ 17.865679042000068, 53.747418223000068 ], [ 17.861064567000028, 53.754973076000056 ], [ 17.867795915000045, 53.759188272000074 ], [ 17.901561150000077, 53.748116158000073 ], [ 17.925869263000038, 53.749559691000059 ], [ 17.935325535000061, 53.74449054400003 ], [ 17.948189128000024, 53.746178284000052 ], [ 17.954203112000073, 53.73879544700003 ], [ 17.971476728000027, 53.737344805000077 ], [ 17.978623971000047, 53.734439909000059 ], [ 17.984677971000053, 53.731979347000049 ], [ 17.991647915000044, 53.724996202000057 ], [ 18.013366648000044, 53.724353309000037 ], [ 18.02677329900007, 53.728372569000044 ], [ 18.031934583000066, 53.724946619000036 ], [ 18.045510023000077, 53.735257514000068 ], [ 18.042876413000045, 53.73867617500008 ], [ 18.042513128000053, 53.739147752000065 ], [ 18.046345711000072, 53.740886013000079 ], [ 18.050414784000054, 53.742731534000029 ], [ 18.056572458000062, 53.756884013000047 ], [ 18.057980821000058, 53.760120922000056 ], [ 18.060297070000047, 53.762710533000075 ], [ 18.070584844000052, 53.774212462000037 ], [ 18.072036639000032, 53.781075085000055 ], [ 18.093233377000047, 53.774896768000076 ], [ 18.098109251000039, 53.76995824100004 ] ], [ [ 17.701491014000055, 52.611917051000034 ], [ 17.704758200000072, 52.611054524000053 ], [ 17.705676982000057, 52.614654330000064 ], [ 17.705864090000034, 52.615387421000037 ], [ 17.700723306000043, 52.617079103000037 ], [ 17.701358501000072, 52.612808064000035 ], [ 17.701491014000055, 52.611917051000034 ] ], [ [ 17.415944978000027, 52.766199184000072 ], [ 17.421873158000039, 52.763524313000062 ], [ 17.424594425000066, 52.766512443000067 ], [ 17.419349966000027, 52.768097797000053 ], [ 17.415944978000027, 52.766199184000072 ] ] ] } },
{ "type": "Feature", "properties": { "voivodeship": "lubelskie" }, "geometry": { "type": "MultiPolygon", "coordinates": [ [ [ [ 23.153004361000058, 52.280244251000056 ], [ 23.178411194000034, 52.283179677000078 ], [ 23.18156577600007, 52.283236982000062 ], [ 23.202587608000044, 52.275211020000029 ], [ 23.200759079000022, 52.266779708000058 ], [ 23.204084177000027, 52.255820668000069 ], [ 23.198336249000079, 52.245078060000026 ], [ 23.195567765000078, 52.239903894000065 ], [ 23.20422822300003, 52.227298786000063 ], [ 23.265832158000023, 52.215330863000077 ], [ 23.283290473000022, 52.217589837000048 ], [ 23.302861905000043, 52.220122232000051 ], [ 23.305552755000065, 52.217657676000044 ], [ 23.303489701000046, 52.214956950000044 ], [ 23.301571342000045, 52.212445642000034 ], [ 23.308789426000033, 52.209364337000068 ], [ 23.325966126000026, 52.210050659000046 ], [ 23.33734439400007, 52.20706780200004 ], [ 23.348216887000035, 52.209126943000058 ], [ 23.35107610700004, 52.209668451000027 ], [ 23.352506404000053, 52.208567822000077 ], [ 23.355961317000038, 52.205909230000032 ], [ 23.362732168000036, 52.205921415000034 ], [ 23.367418877000034, 52.205929850000075 ], [ 23.370137068000076, 52.202423813000053 ], [ 23.374906124000063, 52.196272485000065 ], [ 23.380884707000064, 52.197347315000059 ], [ 23.392929884000068, 52.199512798000058 ], [ 23.399156917000028, 52.194790972000078 ], [ 23.400716963000036, 52.192483313000082 ], [ 23.399389648000067, 52.188606763000053 ], [ 23.397777764000068, 52.18389910500008 ], [ 23.401845302000027, 52.177962390000062 ], [ 23.413991964000047, 52.181709561000048 ], [ 23.415177110000059, 52.182075171000065 ], [ 23.416831557000023, 52.180368319000081 ], [ 23.423041386000023, 52.173961790000078 ], [ 23.427932671000065, 52.172937167000043 ], [ 23.438064995000047, 52.178517692000071 ], [ 23.44523861600004, 52.18246866800007 ], [ 23.451721607000025, 52.182500437000044 ], [ 23.45974572700004, 52.182859915000051 ], [ 23.461150925000027, 52.181445746000065 ], [ 23.467501811000034, 52.175054315000068 ], [ 23.482630402000041, 52.179783131000079 ], [ 23.485431666000068, 52.180658736000055 ], [ 23.501751506000062, 52.177864745000079 ], [ 23.504627486000061, 52.173901270000044 ], [ 23.494858716000067, 52.173469108000063 ], [ 23.491480263000028, 52.169226277000064 ], [ 23.487730119000048, 52.164516658000082 ], [ 23.490710899000078, 52.150983484000051 ], [ 23.498938253000063, 52.147856392000051 ], [ 23.499694830000067, 52.147871943000041 ], [ 23.510993423000059, 52.148104185000079 ], [ 23.521019354000032, 52.134243797000067 ], [ 23.541258862000063, 52.127058352000063 ], [ 23.547342980000053, 52.116759890000026 ], [ 23.550702386000069, 52.11107349200006 ], [ 23.555186703000061, 52.111737126000037 ], [ 23.556923500000039, 52.113965690000043 ], [ 23.560147500000028, 52.118102553000028 ], [ 23.595452664000049, 52.117533742000035 ], [ 23.61572545000007, 52.107635891000029 ], [ 23.614174795000054, 52.105118152000045 ], [ 23.612186951000069, 52.101890565000076 ], [ 23.613490209000076, 52.097062864000065 ], [ 23.623076812000079, 52.090062149000062 ], [ 23.634486056000071, 52.086915933000057 ], [ 23.638929894000057, 52.085690499000066 ], [ 23.641427683000074, 52.080695098000035 ], [ 23.642987187000074, 52.077576199000077 ], [ 23.646969809000041, 52.075728444000049 ], [ 23.653687160000061, 52.072611899000037 ], [ 23.650621186000023, 52.06950682300004 ], [ 23.646501722000039, 52.065334821000079 ], [ 23.652534271000036, 52.060766602000058 ], [ 23.652994673000023, 52.060417957000027 ], [ 23.652651314000025, 52.060231877000035 ], [ 23.647843647000059, 52.057626410000069 ], [ 23.654223530000024, 52.053048966000063 ], [ 23.654431808000027, 52.052899531000037 ], [ 23.661712912000041, 52.039293602000043 ], [ 23.662241084000073, 52.026239437000072 ], [ 23.660927164000043, 52.022422403000064 ], [ 23.659634154000059, 52.018666116000077 ], [ 23.667112248000024, 52.012222638000026 ], [ 23.678979813000069, 52.001996987000041 ], [ 23.686485413000071, 51.991106838000064 ], [ 23.678869489000078, 51.98597613000004 ], [ 23.668249280000055, 51.97882148900004 ], [ 23.667337580000037, 51.97112734600006 ], [ 23.66676502100006, 51.966295323000054 ], [ 23.658385449000036, 51.964172492000046 ], [ 23.652262017000055, 51.962621218000038 ], [ 23.63287192100006, 51.95102292200005 ], [ 23.638520323000023, 51.947335604000045 ], [ 23.640766241000051, 51.945869453000057 ], [ 23.643059265000034, 51.93407237100007 ], [ 23.637446244000046, 51.931833272000063 ], [ 23.634082284000044, 51.930491349000079 ], [ 23.631413661000067, 51.927358885000046 ], [ 23.628590724000048, 51.924045284000044 ], [ 23.626739260000022, 51.923891866000076 ], [ 23.61951328300006, 51.923293099000034 ], [ 23.614769430000024, 51.918949601000065 ], [ 23.620412892000047, 51.904376796000065 ], [ 23.627332175000049, 51.899558993000028 ], [ 23.634759836000057, 51.894387214000062 ], [ 23.630166497000062, 51.890003508000063 ], [ 23.625332699000069, 51.885390318000077 ], [ 23.62640151100004, 51.881132763000039 ], [ 23.627754125000024, 51.875744701000031 ], [ 23.622700242000064, 51.876561201000072 ], [ 23.615596854000046, 51.877708817000041 ], [ 23.608090704000062, 51.874620685000082 ], [ 23.610262846000069, 51.868458126000064 ], [ 23.615000070000065, 51.855018201000064 ], [ 23.611103903000071, 51.846618776000071 ], [ 23.607312818000025, 51.843538201000058 ], [ 23.605040157000076, 51.841691473000026 ], [ 23.60567439700003, 51.833696220000036 ], [ 23.610994055000049, 51.832081277000043 ], [ 23.620368460000066, 51.829235392000044 ], [ 23.629952759000048, 51.815836123000054 ], [ 23.640752743000064, 51.801606707000076 ], [ 23.635664349000024, 51.795837137000035 ], [ 23.635838255000067, 51.792248855000082 ], [ 23.63188247000005, 51.790819055000043 ], [ 23.629727548000062, 51.790040168000075 ], [ 23.629886632000023, 51.787669492000077 ], [ 23.630325439000046, 51.781130389000054 ], [ 23.624674764000076, 51.779444822000073 ], [ 23.617406146000064, 51.777276631000063 ], [ 23.613440016000027, 51.773688199000048 ], [ 23.61229835000006, 51.772655255000075 ], [ 23.611017119000053, 51.772593206000067 ], [ 23.597828436000043, 51.771954494000056 ], [ 23.589269663000039, 51.762764761000028 ], [ 23.586791593000044, 51.760104006000063 ], [ 23.571653596000033, 51.757064307000064 ], [ 23.566804427000022, 51.758511325000029 ], [ 23.559232136000048, 51.760770936000029 ], [ 23.544299452000075, 51.747691663000069 ], [ 23.530463758000053, 51.742894985000078 ], [ 23.531798878000075, 51.736742034000031 ], [ 23.531818688000044, 51.736650741000062 ], [ 23.530584935000036, 51.734352498000078 ], [ 23.528255181000077, 51.730012616000067 ], [ 23.536595950000049, 51.723005797000042 ], [ 23.542846172000054, 51.725308651000034 ], [ 23.545895288000054, 51.726432078000073 ], [ 23.551862327000038, 51.716037884000059 ], [ 23.550562935000073, 51.713924950000035 ], [ 23.548481535000064, 51.710540399000081 ], [ 23.55245185900003, 51.708539371000029 ], [ 23.554318030000047, 51.707598828000073 ], [ 23.55312149100007, 51.706630158000053 ], [ 23.549809508000067, 51.703948908000029 ], [ 23.555025325000031, 51.701202070000079 ], [ 23.559205091000024, 51.69900085300003 ], [ 23.55594615900003, 51.694425300000034 ], [ 23.549574774000064, 51.685479851000082 ], [ 23.554329672000051, 51.681098237000072 ], [ 23.552911836000078, 51.674428748000082 ], [ 23.554595641000049, 51.670904895000035 ], [ 23.557092197000031, 51.66568012700003 ], [ 23.552560411000059, 51.664192486000047 ], [ 23.545568676000073, 51.661897323000062 ], [ 23.540429575000076, 51.656568695000033 ], [ 23.542490731000044, 51.651801245000058 ], [ 23.540084667000031, 51.649493593000045 ], [ 23.538461428000062, 51.645432109000069 ], [ 23.540479984000058, 51.644287013000053 ], [ 23.548159312000053, 51.639930647000028 ], [ 23.541359915000044, 51.633860284000036 ], [ 23.541020594000031, 51.633557345000042 ], [ 23.541491334000057, 51.632303046000061 ], [ 23.545582550000063, 51.621401880000064 ], [ 23.543352098000071, 51.610253938000028 ], [ 23.54164748900007, 51.601734190000059 ], [ 23.546457994000036, 51.598494383000059 ], [ 23.548799870000039, 51.596917163000057 ], [ 23.550823137000066, 51.592136786000026 ], [ 23.55459961300005, 51.583214101000067 ], [ 23.557749217000037, 51.582049322000046 ], [ 23.56665840900007, 51.578754547000074 ], [ 23.565048384000079, 51.571418477000066 ], [ 23.564843218000078, 51.570483641000067 ], [ 23.566509819000032, 51.569289974000071 ], [ 23.568851237000047, 51.567612985000039 ], [ 23.56890376900003, 51.565803315000039 ], [ 23.569022179000058, 51.561724188000028 ], [ 23.573304111000027, 51.559205272000042 ], [ 23.576721199000076, 51.557195114000081 ], [ 23.571303958000044, 51.553463801000078 ], [ 23.564947421000056, 51.549085515000058 ], [ 23.564614984000059, 51.535325862000036 ], [ 23.584161684000037, 51.529633754000031 ], [ 23.590054575000067, 51.532761035000078 ], [ 23.593551473000048, 51.534616793000055 ], [ 23.60196387700006, 51.530083305000062 ], [ 23.603585214000077, 51.529209558000048 ], [ 23.608344682000052, 51.528648622000048 ], [ 23.611943162000046, 51.52822451600008 ], [ 23.623878939000065, 51.514466693000031 ], [ 23.617442779000044, 51.509536859000036 ], [ 23.617197286000078, 51.503690274000064 ], [ 23.622801074000051, 51.500990173000048 ], [ 23.621310836000077, 51.496465252000064 ], [ 23.638572917000033, 51.486377962000063 ], [ 23.649550410000074, 51.485942492000049 ], [ 23.649607103000051, 51.485966916000052 ], [ 23.658707437000032, 51.489887458000055 ], [ 23.67007807300007, 51.481681257000048 ], [ 23.674316161000036, 51.471321867000029 ], [ 23.669179614000029, 51.470748419000074 ], [ 23.66752273700007, 51.470563444000049 ], [ 23.64727199500004, 51.457364679000079 ], [ 23.651568956000062, 51.446637946000067 ], [ 23.675225779000073, 51.441956318000052 ], [ 23.678055509000046, 51.442345398000043 ], [ 23.684485134000056, 51.443229455000051 ], [ 23.683988886000066, 51.434309087000031 ], [ 23.681373452000059, 51.433325827000033 ], [ 23.678630605000023, 51.432294667000065 ], [ 23.677847083000074, 51.429077049000057 ], [ 23.688715006000052, 51.420414128000061 ], [ 23.688725055000077, 51.420406117000027 ], [ 23.697750903000042, 51.418874458000062 ], [ 23.695537567000031, 51.414343177000035 ], [ 23.699301310000067, 51.411051764000035 ], [ 23.698961126000029, 51.403957138000067 ], [ 23.693895453000039, 51.401844266000069 ], [ 23.686185485000067, 51.398628470000062 ], [ 23.681752584000037, 51.39251790600008 ], [ 23.685310193000078, 51.388136068000051 ], [ 23.679889382000056, 51.379909355000052 ], [ 23.682303438000076, 51.373950180000065 ], [ 23.684054396000079, 51.369627885000057 ], [ 23.675229260000037, 51.36809069800006 ], [ 23.669143505000022, 51.367030664000026 ], [ 23.667103245000078, 51.363585391000072 ], [ 23.66589777300004, 51.36154977700005 ], [ 23.660866175000024, 51.359190950000027 ], [ 23.657642065000061, 51.35767947800008 ], [ 23.656699429000071, 51.353181332000077 ], [ 23.654214874000047, 51.341325337000058 ], [ 23.643389510000077, 51.333984693000048 ], [ 23.63947181900005, 51.33132812000008 ], [ 23.637609866000048, 51.319458034000036 ], [ 23.640618979000067, 51.315542210000046 ], [ 23.64224063000006, 51.313431920000028 ], [ 23.642223450000074, 51.309641490000047 ], [ 23.642212292000067, 51.307179594000047 ], [ 23.645498549000024, 51.304176348000055 ], [ 23.649838972000055, 51.300209720000055 ], [ 23.649333734000038, 51.297776592000048 ], [ 23.648200920000079, 51.292321175000041 ], [ 23.650189566000051, 51.289416773000028 ], [ 23.668765504000078, 51.29023759200004 ], [ 23.682436421000034, 51.290841672000056 ], [ 23.709220921000053, 51.277648606000071 ], [ 23.710552773000074, 51.272715792000042 ], [ 23.712307851000048, 51.271932914000047 ], [ 23.716907086000049, 51.269881359000067 ], [ 23.723451823000062, 51.260359314000027 ], [ 23.726737290000074, 51.245282646000078 ], [ 23.726749639000047, 51.245192818000078 ], [ 23.727954187000023, 51.236430684000027 ], [ 23.733584762000078, 51.232537056000069 ], [ 23.741664822000075, 51.226949570000045 ], [ 23.741887960000042, 51.221590907000063 ], [ 23.740090447000057, 51.220491272000061 ], [ 23.737188195000044, 51.218715811000038 ], [ 23.740118901000073, 51.213335875000041 ], [ 23.747165160000065, 51.212429512000028 ], [ 23.755151671000078, 51.21140220400008 ], [ 23.763506362000044, 51.20451881300005 ], [ 23.767642652000063, 51.20111094300006 ], [ 23.772207232000028, 51.200306763000071 ], [ 23.780744430000027, 51.198802694000051 ], [ 23.782602688000054, 51.195274372000029 ], [ 23.785337353000045, 51.190081994000082 ], [ 23.801082281000049, 51.186328488000072 ], [ 23.808524409000029, 51.184554325000079 ], [ 23.812936928000056, 51.180074508000075 ], [ 23.814144683000052, 51.175226430000066 ], [ 23.815383366000049, 51.170254205000049 ], [ 23.819452197000032, 51.16925935200004 ], [ 23.821358975000066, 51.168793134000055 ], [ 23.823073979000071, 51.16518749200003 ], [ 23.824232379000023, 51.162752060000059 ], [ 23.835462717000041, 51.160826095000061 ], [ 23.837877339000045, 51.160411995000061 ], [ 23.842148233000046, 51.16309306800008 ], [ 23.851385686000071, 51.156247425000061 ], [ 23.860395470000071, 51.157239121000032 ], [ 23.866258019000043, 51.149924990000045 ], [ 23.869444882000039, 51.14489605600005 ], [ 23.868553784000028, 51.130602988000078 ], [ 23.86131398200007, 51.129471085000034 ], [ 23.854211197000041, 51.128360604000079 ], [ 23.851048697000067, 51.123985165000079 ], [ 23.861081011000067, 51.104755349000072 ], [ 23.858263462000025, 51.099812328000041 ], [ 23.867031060000045, 51.096519907000072 ], [ 23.877035360000036, 51.078792100000044 ], [ 23.882297895000079, 51.080250042000046 ], [ 23.883995705000075, 51.080720406000069 ], [ 23.889890609000076, 51.077979030000051 ], [ 23.895559478000052, 51.075342769000031 ], [ 23.898347084000022, 51.075449663000029 ], [ 23.90914348900003, 51.075863664000053 ], [ 23.909883621000063, 51.068905009000048 ], [ 23.910463924000055, 51.063449053000056 ], [ 23.91840830700005, 51.046700648000069 ], [ 23.91480271000006, 51.04163472700003 ], [ 23.923565138000072, 51.038764764000064 ], [ 23.928241454000045, 51.037233128000082 ], [ 23.923969298000031, 51.034118524000064 ], [ 23.916833176000068, 51.02891595300008 ], [ 23.922347238000043, 51.022664767000038 ], [ 23.929126302000043, 51.01497947200005 ], [ 23.920973421000042, 51.012963911000043 ], [ 23.916882233000024, 51.011952484000062 ], [ 23.91633790000003, 51.007191247000037 ], [ 23.924426778000054, 51.005618813000069 ], [ 23.936435277000044, 51.00328442700004 ], [ 23.954905140000051, 50.991770014000053 ], [ 23.965481847000035, 50.979810626000074 ], [ 23.968431257000077, 50.963046520000034 ], [ 23.970449932000065, 50.95157260600007 ], [ 23.977632786000072, 50.948544618000028 ], [ 23.989635728000053, 50.943484685000044 ], [ 23.993098824000072, 50.937377455000046 ], [ 23.998094589000061, 50.928567335000082 ], [ 24.019204054000056, 50.918528324000079 ], [ 24.026264683000022, 50.915170506000038 ], [ 24.04865823800003, 50.899127278000037 ], [ 24.050199586000076, 50.896148179000079 ], [ 24.052268114000071, 50.892150150000077 ], [ 24.061360681000053, 50.891156319000061 ], [ 24.086103841000067, 50.888451854000039 ], [ 24.09563827900007, 50.880722106000064 ], [ 24.099797757000033, 50.877349938000066 ], [ 24.11239409500007, 50.875069491000033 ], [ 24.116676618000042, 50.870875086000069 ], [ 24.133416509000028, 50.86922228800006 ], [ 24.145288625000035, 50.868050106000055 ], [ 24.142867979000073, 50.858766486000036 ], [ 24.132246456000075, 50.849641231000078 ], [ 24.098577084000055, 50.836040163000064 ], [ 24.04422601300007, 50.834338600000081 ], [ 24.041723038000043, 50.837385161000043 ], [ 24.040232727000046, 50.839199132000033 ], [ 24.032853085000056, 50.837497864000056 ], [ 24.031737203000034, 50.837240614000052 ], [ 24.030970042000035, 50.837521790000039 ], [ 24.021623211000076, 50.840947550000067 ], [ 23.995954573000063, 50.839229470000078 ], [ 23.984030684000061, 50.832469392000064 ], [ 23.967353562000028, 50.81469254600006 ], [ 23.960585195000078, 50.795000820000041 ], [ 23.967544825000061, 50.779448458000047 ], [ 23.980895214000043, 50.770009295000079 ], [ 23.992503270000043, 50.770606219000058 ], [ 24.00943410800005, 50.771476858000028 ], [ 24.021693494000033, 50.766106172000036 ], [ 24.022614209000039, 50.761451530000045 ], [ 24.018716973000039, 50.760506410000062 ], [ 24.01729431800004, 50.760161401000062 ], [ 24.014868810000053, 50.756093518000057 ], [ 24.020025125000075, 50.750362720000055 ], [ 24.02030648300007, 50.750050015000056 ], [ 24.020311317000051, 50.748143524000056 ], [ 24.020373068000026, 50.72378900800004 ], [ 24.04312077700007, 50.717069127000059 ], [ 24.051503035000053, 50.718019860000027 ], [ 24.065579350000064, 50.719616425000027 ], [ 24.071504402000073, 50.717205139000043 ], [ 24.074056922000068, 50.710899102000042 ], [ 24.069421515000045, 50.707309665000082 ], [ 24.068497968000031, 50.706594514000074 ], [ 24.069160805000024, 50.705112603000032 ], [ 24.071736818000034, 50.699353379000058 ], [ 24.067137162000051, 50.688058953000052 ], [ 24.063588046000064, 50.679344121000042 ], [ 24.071046409000076, 50.677120926000043 ], [ 24.08074861800003, 50.674228883000069 ], [ 24.085086544000035, 50.669647804000078 ], [ 24.088472605000049, 50.660545798000044 ], [ 24.087890835000053, 50.650904853000043 ], [ 24.085265784000057, 50.648431835000054 ], [ 24.081472385000041, 50.64485813500005 ], [ 24.09119826500006, 50.636506565000047 ], [ 24.098188497000024, 50.637390114000027 ], [ 24.092089948000023, 50.621724309000058 ], [ 24.09532073500003, 50.610967291000065 ], [ 24.098407820000034, 50.600688734000073 ], [ 24.092252989000031, 50.582701865000047 ], [ 24.090715536000062, 50.578208815000039 ], [ 24.090794663000054, 50.569265223000059 ], [ 24.090862279000078, 50.561622671000066 ], [ 24.070099663000065, 50.503923601000054 ], [ 24.058621358000039, 50.486083077000046 ], [ 24.055542194000054, 50.481297187000052 ], [ 24.050019248000069, 50.472038713000074 ], [ 24.034016831000031, 50.445212818000073 ], [ 24.016510174000075, 50.438604610000027 ], [ 24.006004764000068, 50.434639151000056 ], [ 24.00200766200004, 50.424752640000065 ], [ 23.997247859000026, 50.412979648000032 ], [ 23.974713079000026, 50.412909508000041 ], [ 23.962265742000056, 50.413273727000046 ], [ 23.940772916000071, 50.41390262300007 ], [ 23.932483706000028, 50.41307863600008 ], [ 23.92147654200005, 50.411984420000067 ], [ 23.917075474000058, 50.411547108000036 ], [ 23.898537407000049, 50.409704541000053 ], [ 23.883970076000026, 50.408256640000047 ], [ 23.881233955000027, 50.40867516600008 ], [ 23.864793854000027, 50.407814691000056 ], [ 23.80197475600005, 50.404526738000072 ], [ 23.740581275000068, 50.391300007000041 ], [ 23.725142831000028, 50.387081004000038 ], [ 23.702810292000038, 50.374631493000038 ], [ 23.692291410000053, 50.356001990000038 ], [ 23.689719364000041, 50.346756797000069 ], [ 23.68559732500006, 50.331940167000027 ], [ 23.677998774000059, 50.330014290000065 ], [ 23.659052969000072, 50.325212416000056 ], [ 23.639578635000078, 50.320276585000045 ], [ 23.63644292500004, 50.314981720000048 ], [ 23.630697302000044, 50.305279837000057 ], [ 23.621348710000063, 50.302047445000028 ], [ 23.611237859000028, 50.298551492000058 ], [ 23.58621613300005, 50.271942240000044 ], [ 23.580963003000022, 50.266355820000058 ], [ 23.547642006000046, 50.251601873000027 ], [ 23.541937202000042, 50.258067807000032 ], [ 23.529843084000049, 50.26191463400005 ], [ 23.51920397400005, 50.261752967000064 ], [ 23.510009106000041, 50.261613246000081 ], [ 23.511814736000076, 50.265685966000035 ], [ 23.513803736000057, 50.270172290000062 ], [ 23.513135553000041, 50.277979889000051 ], [ 23.507678334000047, 50.279870638000034 ], [ 23.504294135000066, 50.281043153000041 ], [ 23.502764335000052, 50.284387013000071 ], [ 23.507919756000035, 50.286430738000035 ], [ 23.517752544000075, 50.290328676000058 ], [ 23.519284404000075, 50.294162597000081 ], [ 23.517006681000055, 50.296298569000044 ], [ 23.512307445000033, 50.295861788000082 ], [ 23.50916098600004, 50.29556933300006 ], [ 23.502446174000056, 50.297451328000079 ], [ 23.494780924000054, 50.299599708000073 ], [ 23.491112242000042, 50.298783549000063 ], [ 23.47046288100006, 50.294189757000026 ], [ 23.456187998000075, 50.30288863800007 ], [ 23.456064512000069, 50.302963888000079 ], [ 23.455616859000031, 50.302955771000029 ], [ 23.429224064000039, 50.302477202000034 ], [ 23.413901269000064, 50.307038672000033 ], [ 23.40326381400007, 50.301298860000031 ], [ 23.426608975000079, 50.332164557000056 ], [ 23.436152955000068, 50.344783087000053 ], [ 23.433857615000022, 50.347523378000062 ], [ 23.421155936000048, 50.350100713000074 ], [ 23.413132561000054, 50.351728760000071 ], [ 23.409340891000056, 50.356306692000032 ], [ 23.403448899000068, 50.363420480000059 ], [ 23.386805181000057, 50.368143815000053 ], [ 23.376956413000073, 50.370938805000037 ], [ 23.374747831000036, 50.376365115000056 ], [ 23.376642822000065, 50.378625748000047 ], [ 23.380555968000067, 50.38329394200008 ], [ 23.372545397000067, 50.386768576000065 ], [ 23.367259056000023, 50.389061558000037 ], [ 23.366866547000029, 50.392781617000026 ], [ 23.370738275000065, 50.399411441000041 ], [ 23.378300572000057, 50.399512347000041 ], [ 23.383672291000039, 50.399584023000045 ], [ 23.387574398000027, 50.405393129000061 ], [ 23.358092189000047, 50.410484165000071 ], [ 23.354049757000041, 50.404617837000046 ], [ 23.351889929000038, 50.401483521000046 ], [ 23.336454611000079, 50.39743354400008 ], [ 23.31862787600005, 50.392756099000053 ], [ 23.313158374000068, 50.387921433000031 ], [ 23.304172969000035, 50.379978950000066 ], [ 23.286089684000046, 50.37686898700008 ], [ 23.27788249200006, 50.375457514000061 ], [ 23.265356101000066, 50.368403235000073 ], [ 23.254167060000043, 50.362102089000075 ], [ 23.219575053000028, 50.383378728000082 ], [ 23.218727175000026, 50.38520185200008 ], [ 23.217345372000068, 50.388173034000033 ], [ 23.183579117000022, 50.39546603000008 ], [ 23.148493617000042, 50.371545466000043 ], [ 23.14133885900003, 50.366667501000052 ], [ 23.123757563000026, 50.354320002000065 ], [ 23.089985027000068, 50.330562760000078 ], [ 23.08137021400006, 50.327802555000062 ], [ 23.068437610000046, 50.32365892100006 ], [ 23.060583942000051, 50.314256579000073 ], [ 23.053464588000054, 50.305733351000072 ], [ 23.02777767300006, 50.289526031000037 ], [ 23.012579663000054, 50.287202572000069 ], [ 22.997055830000022, 50.290903745000037 ], [ 22.982652986000062, 50.294337653000071 ], [ 22.966078980000077, 50.293688738000071 ], [ 22.937340501000051, 50.292563552000047 ], [ 22.897770353000055, 50.299830067000073 ], [ 22.889728409000043, 50.301306860000068 ], [ 22.885960988000022, 50.300576162000027 ], [ 22.857420054000045, 50.295040598000071 ], [ 22.841302117000055, 50.297630016000028 ], [ 22.821173846000079, 50.301634787000069 ], [ 22.819280873000025, 50.302011418000063 ], [ 22.74948007200004, 50.302887066000039 ], [ 22.733951197000067, 50.301147664000041 ], [ 22.718277128000068, 50.29565855900006 ], [ 22.706917861000022, 50.291680511000038 ], [ 22.669138068000052, 50.301553703000081 ], [ 22.65586143400003, 50.30149780000005 ], [ 22.644737933000044, 50.305339022000055 ], [ 22.638222213000063, 50.30307735100007 ], [ 22.608111749000045, 50.31105868800006 ], [ 22.606682333000037, 50.322742166000069 ], [ 22.60871067000005, 50.327951748000032 ], [ 22.620436083000072, 50.333053402000075 ], [ 22.657392593000054, 50.33798805400005 ], [ 22.667159037000033, 50.339292128000068 ], [ 22.674528867000049, 50.343863240000076 ], [ 22.685807088000047, 50.345443662000037 ], [ 22.687595380000062, 50.352457068000035 ], [ 22.686336176000054, 50.356454135000035 ], [ 22.667648375000056, 50.354138492000061 ], [ 22.644060143000047, 50.358447326000032 ], [ 22.625133328000061, 50.357193875000064 ], [ 22.618509236000023, 50.354813697000054 ], [ 22.612939548000043, 50.352812389000064 ], [ 22.596775094000066, 50.348981081000034 ], [ 22.58355922100003, 50.355279068000073 ], [ 22.577697897000064, 50.356297336000068 ], [ 22.564257271000031, 50.35863233200007 ], [ 22.533597851000025, 50.354728282000053 ], [ 22.527543323000032, 50.352210789000026 ], [ 22.50840078400006, 50.344251258000043 ], [ 22.502885983000056, 50.346201843000074 ], [ 22.500564660000066, 50.351384255000028 ], [ 22.500050169000076, 50.352532869000072 ], [ 22.497278122000068, 50.352656914000079 ], [ 22.484257583000044, 50.353239561000066 ], [ 22.477007685000046, 50.357795476000035 ], [ 22.453568446000077, 50.368638084000054 ], [ 22.452998757000046, 50.377755993000051 ], [ 22.452380486000038, 50.387651472000073 ], [ 22.439014882000038, 50.391948678000063 ], [ 22.436350092000055, 50.392805440000075 ], [ 22.436309726000047, 50.393345470000042 ], [ 22.435857351000038, 50.399397457000077 ], [ 22.422099014000025, 50.39991705400007 ], [ 22.420356930000025, 50.39934396700005 ], [ 22.40544808900006, 50.394439462000037 ], [ 22.402944894000029, 50.39524403300004 ], [ 22.404357311000069, 50.397276891000047 ], [ 22.412272568000049, 50.422474898000075 ], [ 22.425540326000032, 50.421272811000051 ], [ 22.445183715000042, 50.419493079000063 ], [ 22.450410634000036, 50.432187089000081 ], [ 22.458499363000044, 50.434674662000077 ], [ 22.456974615000036, 50.444271335000053 ], [ 22.453980175000027, 50.445563065000044 ], [ 22.450296758000036, 50.447152003000042 ], [ 22.455941739000025, 50.451293996000061 ], [ 22.447510219000037, 50.456559751000043 ], [ 22.445762657000046, 50.461969608000061 ], [ 22.461871779000035, 50.46515590000007 ], [ 22.465546249000056, 50.460535345000039 ], [ 22.473968304000039, 50.458910428000081 ], [ 22.477007685000046, 50.458324022000056 ], [ 22.497188773000062, 50.455201040000077 ], [ 22.500747285000045, 50.454927890000079 ], [ 22.502628676000029, 50.455226478000043 ], [ 22.507015868000053, 50.456464671000049 ], [ 22.509303683000041, 50.457110359000069 ], [ 22.50894622800007, 50.465662117000079 ], [ 22.512964527000065, 50.466075193000052 ], [ 22.519800514000053, 50.463750466000079 ], [ 22.523459459000037, 50.455247728000074 ], [ 22.524196222000057, 50.453535621000071 ], [ 22.533104510000044, 50.448004862000062 ], [ 22.544746036000049, 50.45214253100005 ], [ 22.549579749000031, 50.460552219000078 ], [ 22.555411828000047, 50.461238774000037 ], [ 22.556438502000049, 50.465491222000026 ], [ 22.556957232000059, 50.467639785000074 ], [ 22.563155084000073, 50.469686778000039 ], [ 22.583588443000053, 50.476435398000035 ], [ 22.585290806000046, 50.482273029000055 ], [ 22.56450023900004, 50.482656618000078 ], [ 22.550898921000055, 50.480145246000063 ], [ 22.528738452000027, 50.476053496000077 ], [ 22.512832988000071, 50.481116729000064 ], [ 22.514511158000062, 50.485679277000031 ], [ 22.536868779000031, 50.484045876000039 ], [ 22.54786546400004, 50.487623149000058 ], [ 22.56641638800005, 50.49365785100008 ], [ 22.574748921000037, 50.504331267000055 ], [ 22.56936328200004, 50.508805408000057 ], [ 22.553961826000034, 50.507416511000031 ], [ 22.542302604000042, 50.506365087000063 ], [ 22.531674728000041, 50.511838324000053 ], [ 22.534343756000055, 50.516700609000054 ], [ 22.531357245000038, 50.521124823000036 ], [ 22.532231488000036, 50.522749868000062 ], [ 22.534185946000036, 50.526382817000069 ], [ 22.53354194700006, 50.535294348000036 ], [ 22.524512808000054, 50.535223893000079 ], [ 22.520264216000044, 50.535190741000065 ], [ 22.514114654000025, 50.539634756000055 ], [ 22.521608783000033, 50.548058557000047 ], [ 22.527919928000074, 50.549306339000054 ], [ 22.536585521000063, 50.551019620000034 ], [ 22.536032719000048, 50.568350980000048 ], [ 22.519738001000064, 50.583233546000031 ], [ 22.511193717000026, 50.580369958000063 ], [ 22.514704171000062, 50.576789138000038 ], [ 22.51085839600006, 50.575559014000078 ], [ 22.506424907000053, 50.576484255000025 ], [ 22.504958588000022, 50.583829900000069 ], [ 22.492997124000055, 50.582608477000065 ], [ 22.48983875600004, 50.577009344000032 ], [ 22.487155133000044, 50.58038896000005 ], [ 22.477007685000046, 50.58331965900004 ], [ 22.469429173000037, 50.585655655000039 ], [ 22.465937956000062, 50.589030149000052 ], [ 22.463459929000066, 50.591425327000081 ], [ 22.450502619000076, 50.588197396000055 ], [ 22.420120645000054, 50.580628626000077 ], [ 22.407950067000058, 50.585533940000062 ], [ 22.403883502000042, 50.589152604000049 ], [ 22.398303184000042, 50.594118294000054 ], [ 22.383448174000023, 50.59811120300003 ], [ 22.378061082000045, 50.60368756400004 ], [ 22.349392610000052, 50.613077710000027 ], [ 22.318632982000054, 50.618996699000036 ], [ 22.292805333000047, 50.618543291000037 ], [ 22.289168678000067, 50.622091410000053 ], [ 22.264876895000043, 50.621104179000042 ], [ 22.251930984000069, 50.620578051000052 ], [ 22.246298951000028, 50.624902486000053 ], [ 22.24629684100006, 50.629785901000048 ], [ 22.246294896000052, 50.634287141000073 ], [ 22.234646355000052, 50.64604219000006 ], [ 22.232499416000053, 50.652658856000073 ], [ 22.222787762000053, 50.659515701000032 ], [ 22.21392922800004, 50.66209834700004 ], [ 22.211948343000074, 50.662948426000071 ], [ 22.21018764300004, 50.663704015000064 ], [ 22.204165757000055, 50.666288253000062 ], [ 22.194613015000073, 50.665188968000052 ], [ 22.190270046000023, 50.664689199000065 ], [ 22.141836025000032, 50.669575801000065 ], [ 22.14738139800005, 50.677813875000027 ], [ 22.156169745000057, 50.680190322000044 ], [ 22.159201089000078, 50.682548230000066 ], [ 22.167658691000042, 50.689126913000052 ], [ 22.175161775000049, 50.700603466000075 ], [ 22.174606436000033, 50.70188991200007 ], [ 22.171893018000048, 50.708175555000082 ], [ 22.199048020000077, 50.749698814000055 ], [ 22.19950721500004, 50.749989708000044 ], [ 22.204625692000036, 50.753232194000077 ], [ 22.184379653000065, 50.766371831000072 ], [ 22.16244372500006, 50.770349261000035 ], [ 22.153584937000062, 50.771955539000032 ], [ 22.15705734200003, 50.779020452000054 ], [ 22.161686546000055, 50.78843897400003 ], [ 22.162961349000057, 50.797251607000078 ], [ 22.159082196000043, 50.798315434000074 ], [ 22.153071932000046, 50.799322102000076 ], [ 22.14415034700005, 50.800265076000073 ], [ 22.138515746000053, 50.800860630000045 ], [ 22.131178469000076, 50.802307886000051 ], [ 22.128537850000043, 50.803285717000051 ], [ 22.125061824000056, 50.804572902000075 ], [ 22.120082904000071, 50.805945872000052 ], [ 22.115292772000032, 50.807038854000041 ], [ 22.112762608000025, 50.808063008000033 ], [ 22.109494770000026, 50.808967843000062 ], [ 22.105921275000071, 50.810163006000039 ], [ 22.100966328000027, 50.812254073000076 ], [ 22.097669023000037, 50.813305568000033 ], [ 22.094549520000044, 50.814039896000054 ], [ 22.092337998000062, 50.814089440000032 ], [ 22.086860137000031, 50.814800404000039 ], [ 22.081214964000026, 50.815822494000031 ], [ 22.071288589000062, 50.81634 ], [ 22.06866702700006, 50.816896628000052 ], [ 22.063211641000066, 50.817666555000073 ], [ 22.058566347000067, 50.818563631000075 ], [ 22.049121230000026, 50.819156676000034 ], [ 22.04243695100007, 50.812114131000044 ], [ 22.039000530000067, 50.808493523000038 ], [ 21.995126190000065, 50.784069102000046 ], [ 21.990355307000073, 50.78465770300005 ], [ 21.971347820000062, 50.787002723000057 ], [ 21.956840515000067, 50.776646557000049 ], [ 21.951755552000066, 50.773016612000049 ], [ 21.923595611000053, 50.774424936000059 ], [ 21.903083670000058, 50.77814163100004 ], [ 21.896338807000063, 50.779363778000061 ], [ 21.891754841000022, 50.779428313000039 ], [ 21.876995943000054, 50.779636097000036 ], [ 21.875661215000036, 50.782992725000042 ], [ 21.877007073000073, 50.785599768000054 ], [ 21.87890845000004, 50.789282897000078 ], [ 21.876430135000078, 50.795008437000035 ], [ 21.864303561000042, 50.802706545000035 ], [ 21.86812485300004, 50.818330668000044 ], [ 21.842872430000057, 50.840024386000039 ], [ 21.847439484000063, 50.860497334000058 ], [ 21.835813491000067, 50.878304516000071 ], [ 21.829701294000074, 50.892798897000034 ], [ 21.830107276000035, 50.906015915000069 ], [ 21.814496381000026, 50.932130654000048 ], [ 21.812050261000024, 50.948747552000043 ], [ 21.819335713000044, 50.965153641000029 ], [ 21.817204846000038, 50.974017088000039 ], [ 21.821198450000054, 50.987029734000032 ], [ 21.820136859000058, 51.006547257000079 ], [ 21.804325350000056, 51.02122263900003 ], [ 21.803050889000076, 51.026626171000032 ], [ 21.806261865000067, 51.03257407500007 ], [ 21.822660884000072, 51.040855995000072 ], [ 21.825955619000069, 51.047181670000043 ], [ 21.820817085000044, 51.059006477000025 ], [ 21.802997768000068, 51.072078890000057 ], [ 21.799627046000069, 51.076227397000082 ], [ 21.79802933600007, 51.08241651600008 ], [ 21.799807843000053, 51.087048479000032 ], [ 21.797556866000036, 51.095446572000071 ], [ 21.792757808000033, 51.101277713000059 ], [ 21.790709843000059, 51.11600506800005 ], [ 21.792775470000038, 51.125705726000035 ], [ 21.795576999000048, 51.126685790000067 ], [ 21.798764939000023, 51.127801033000026 ], [ 21.799316022000028, 51.132953090000058 ], [ 21.793831799000031, 51.139528121000069 ], [ 21.785392412000078, 51.149646095000037 ], [ 21.79004988500003, 51.167357927000069 ], [ 21.791104546000042, 51.171368679000068 ], [ 21.789397300000076, 51.178801643000043 ], [ 21.788455703000068, 51.179088971000056 ], [ 21.783539742000073, 51.180589073000078 ], [ 21.785534340000027, 51.19008393200005 ], [ 21.78914717400005, 51.202001985000038 ], [ 21.807889286000034, 51.224989329000039 ], [ 21.808896266000033, 51.225802599000076 ], [ 21.815638736000039, 51.231248040000025 ], [ 21.811846542000069, 51.23906683000007 ], [ 21.808553643000039, 51.245856169000035 ], [ 21.808701886000051, 51.25388440200004 ], [ 21.821717788000058, 51.262660149000055 ], [ 21.82377548200003, 51.263878982000051 ], [ 21.830485961000022, 51.266803423000056 ], [ 21.834345117000055, 51.26784144800007 ], [ 21.839366509000058, 51.269192089000057 ], [ 21.849089112000058, 51.270476368000061 ], [ 21.856219621000037, 51.274278372000026 ], [ 21.860110760000055, 51.274702359000059 ], [ 21.838266744000066, 51.283017401000052 ], [ 21.834617721000029, 51.288508291000028 ], [ 21.825535264000052, 51.283395732000031 ], [ 21.821632687000033, 51.281198952000068 ], [ 21.81640023500006, 51.283282447000033 ], [ 21.816008998000029, 51.286835391000068 ], [ 21.815734058000032, 51.289332200000047 ], [ 21.812652607000075, 51.290936454000075 ], [ 21.807600036000053, 51.289871624000057 ], [ 21.787971697000046, 51.285734951000052 ], [ 21.784040497000035, 51.291633367000031 ], [ 21.811494073000063, 51.301553231000071 ], [ 21.811763822000046, 51.30149956200006 ], [ 21.818123707000041, 51.300234215000046 ], [ 21.822660616000064, 51.303809930000057 ], [ 21.829012194000029, 51.323122778000027 ], [ 21.830289426000036, 51.327006377000032 ], [ 21.831748640000058, 51.328485714000067 ], [ 21.835351777000028, 51.332138540000074 ], [ 21.834380288000034, 51.333643266000081 ], [ 21.829791802000045, 51.340750311000079 ], [ 21.843976474000044, 51.352450047000048 ], [ 21.844631442000036, 51.352990275000082 ], [ 21.852858194000078, 51.352693078000073 ], [ 21.840334448000078, 51.375323317000039 ], [ 21.832174070000065, 51.380495506000045 ], [ 21.823578999000063, 51.37616982000003 ], [ 21.816227793000053, 51.372470140000075 ], [ 21.798216303000061, 51.381588548000082 ], [ 21.795403642000053, 51.385666926000056 ], [ 21.788186726000049, 51.39613150200006 ], [ 21.780385220000028, 51.394333593000056 ], [ 21.769172285000025, 51.391749497000035 ], [ 21.760954886000036, 51.40125344900008 ], [ 21.764008964000027, 51.402199403000054 ], [ 21.761347447000048, 51.405778955000073 ], [ 21.767742779000059, 51.413509133000048 ], [ 21.780092938000053, 51.411639481000066 ], [ 21.781551304000061, 51.415516386000036 ], [ 21.785561310000048, 51.41493141400008 ], [ 21.787654064000037, 51.420164875000069 ], [ 21.811114125000074, 51.428743712000028 ], [ 21.826908637000031, 51.425659574000065 ], [ 21.828545293000047, 51.424702860000082 ], [ 21.833363868000049, 51.421886141000073 ], [ 21.834455817000048, 51.41769000100004 ], [ 21.838736173000029, 51.417923568000049 ], [ 21.850222285000029, 51.430515573000037 ], [ 21.855765888000064, 51.448633536000045 ], [ 21.873041820000026, 51.470507007000037 ], [ 21.872209090000069, 51.474501334000081 ], [ 21.860982082000078, 51.476572625000074 ], [ 21.857896354000047, 51.47714191700004 ], [ 21.848685292000027, 51.484341370000038 ], [ 21.847648843000059, 51.492242187000045 ], [ 21.851298492000069, 51.497783953000067 ], [ 21.85508223000005, 51.503529326000034 ], [ 21.854956460000039, 51.509813087000055 ], [ 21.845727903000068, 51.520728871000074 ], [ 21.833454634000077, 51.535246021000034 ], [ 21.833328753000046, 51.539857319000077 ], [ 21.833096536000028, 51.548363966000068 ], [ 21.832869790000075, 51.551089524000076 ], [ 21.832043216000045, 51.553826098000059 ], [ 21.83063329600003, 51.556372468000063 ], [ 21.828580097000042, 51.558848520000026 ], [ 21.825935561000051, 51.560975445000054 ], [ 21.82377398400007, 51.56216306400006 ], [ 21.821345705000056, 51.56313052400003 ], [ 21.817351182000039, 51.564156021000031 ], [ 21.783193666000045, 51.568318417000057 ], [ 21.770528532000071, 51.564657717000046 ], [ 21.757075483000051, 51.560769279000056 ], [ 21.698598770000046, 51.569711871000038 ], [ 21.65790553100004, 51.581139978000067 ], [ 21.652257205000069, 51.593978854000056 ], [ 21.648625603000028, 51.602233633000026 ], [ 21.628453960000058, 51.609268432000079 ], [ 21.626276076000067, 51.610027962000061 ], [ 21.61554235400007, 51.61756196500005 ], [ 21.624072128000023, 51.623076415000071 ], [ 21.630389119000029, 51.624618432000034 ], [ 21.639446098000064, 51.626829298000075 ], [ 21.640237756000033, 51.642232663000073 ], [ 21.638677097000027, 51.646859092000057 ], [ 21.63664695600005, 51.652877261000071 ], [ 21.647227843000053, 51.660298033000061 ], [ 21.683899117000067, 51.646624047000046 ], [ 21.713894981000067, 51.635439187000031 ], [ 21.716425489000073, 51.635757857000044 ], [ 21.721668377000071, 51.636418101000061 ], [ 21.724782206000043, 51.626485889000037 ], [ 21.727261172000055, 51.618578704000072 ], [ 21.74799405400006, 51.612666053000055 ], [ 21.755800836000049, 51.628026846000068 ], [ 21.761450450000041, 51.630549675000054 ], [ 21.759589620000042, 51.63464755800004 ], [ 21.758708409000064, 51.63658814300004 ], [ 21.760617161000027, 51.640039142000035 ], [ 21.783444236000037, 51.644331240000042 ], [ 21.792799523000042, 51.650482640000064 ], [ 21.805139663000034, 51.647071406000066 ], [ 21.814526745000023, 51.647571999000036 ], [ 21.828833320000058, 51.648334939000051 ], [ 21.830428126000072, 51.650188614000058 ], [ 21.831911550000029, 51.651912827000046 ], [ 21.833264490000033, 51.652133329000037 ], [ 21.838124827000058, 51.652925467000046 ], [ 21.84182775000005, 51.659433644000046 ], [ 21.841482799000062, 51.662956551000036 ], [ 21.841155729000036, 51.66629684600008 ], [ 21.845065497000064, 51.668315368000037 ], [ 21.845967383000072, 51.672661806000065 ], [ 21.85082833000007, 51.671157113000049 ], [ 21.85606249500006, 51.669536892000053 ], [ 21.856289211000046, 51.672997831000032 ], [ 21.85669469000004, 51.679187699000067 ], [ 21.870301812000037, 51.677721108000071 ], [ 21.876662048000071, 51.677035595000063 ], [ 21.878184993000048, 51.682405082000059 ], [ 21.881003975000056, 51.69234404000008 ], [ 21.894135113000061, 51.698600139000064 ], [ 21.898316942000065, 51.700592498000049 ], [ 21.902339803000075, 51.704111578000038 ], [ 21.901402572000052, 51.706343968000056 ], [ 21.882774166000047, 51.711226800000077 ], [ 21.876651577000075, 51.712831638000068 ], [ 21.871003639000037, 51.720715938000069 ], [ 21.871859849000032, 51.723085489000027 ], [ 21.873387797000078, 51.727314064000041 ], [ 21.870793701000025, 51.732024441000078 ], [ 21.861088935000055, 51.734084606000067 ], [ 21.850157311000032, 51.736405213000069 ], [ 21.848522191000029, 51.739319409000075 ], [ 21.846829377000063, 51.74233643000008 ], [ 21.841247690000046, 51.743597716000068 ], [ 21.836282504000053, 51.744719692000047 ], [ 21.836732105000067, 51.748807741000064 ], [ 21.844266228000038, 51.752659974000039 ], [ 21.845409759000063, 51.757977556000071 ], [ 21.858207985000035, 51.760227843000052 ], [ 21.866560532000051, 51.768661380000026 ], [ 21.886763702000053, 51.769204235000075 ], [ 21.896466174000068, 51.769464939000045 ], [ 21.899714037000024, 51.774362885000073 ], [ 21.901947760000041, 51.777731456000026 ], [ 21.914129729000024, 51.780214609000041 ], [ 21.914338342000065, 51.780188346000045 ], [ 21.926036496000052, 51.77871564600008 ], [ 21.945391388000075, 51.787809183000036 ], [ 21.95102074700003, 51.794058186000029 ], [ 21.956421323000029, 51.793806090000032 ], [ 21.950238167000066, 51.808256243000073 ], [ 21.946921218000057, 51.810074145000044 ], [ 21.945216112000026, 51.811008653000044 ], [ 21.944157036000036, 51.816092062000052 ], [ 21.942340130000048, 51.824812948000044 ], [ 21.927498425000067, 51.834113964000039 ], [ 21.925928084000077, 51.837880837000057 ], [ 21.917496652000068, 51.839108088000046 ], [ 21.909043889000031, 51.835400973000048 ], [ 21.896863791000044, 51.836055225000052 ], [ 21.894364795000058, 51.834276012000032 ], [ 21.892812930000048, 51.83317112900005 ], [ 21.886288842000056, 51.833812687000034 ], [ 21.872922036000034, 51.835127137000029 ], [ 21.871576724000079, 51.832968640000047 ], [ 21.869683083000041, 51.829930370000056 ], [ 21.858936444000051, 51.830225751000057 ], [ 21.857538537000039, 51.83668868500007 ], [ 21.857103641000037, 51.838699338000026 ], [ 21.854130156000053, 51.839532245000044 ], [ 21.846403716000054, 51.841696510000077 ], [ 21.845045644000038, 51.844769013000075 ], [ 21.847220238000034, 51.850020015000041 ], [ 21.87728093000004, 51.855298555000047 ], [ 21.886489890000064, 51.85691561200008 ], [ 21.889530820000061, 51.864388655000027 ], [ 21.890939191000029, 51.867849706000072 ], [ 21.895395056000041, 51.871714519000079 ], [ 21.899371810000048, 51.875163774000043 ], [ 21.899302194000029, 51.876595490000057 ], [ 21.89897684400006, 51.883286618000056 ], [ 21.906459565000034, 51.885536797000043 ], [ 21.91184396400007, 51.887155976000031 ], [ 21.903869481000072, 51.896439458000032 ], [ 21.90690612800006, 51.902418232000059 ], [ 21.904489025000032, 51.904145369000048 ], [ 21.893650981000064, 51.908735682000042 ], [ 21.886895159000062, 51.91159702300007 ], [ 21.887695775000054, 51.917289972000049 ], [ 21.889206958000045, 51.928035555000065 ], [ 21.880322077000073, 51.931523446000028 ], [ 21.874959193000052, 51.939625613000032 ], [ 21.870892077000065, 51.941427458000078 ], [ 21.866380733000028, 51.943426109000029 ], [ 21.869502235000027, 51.953581126000074 ], [ 21.875893354000027, 51.954220599000053 ], [ 21.87683301900006, 51.954314619000058 ], [ 21.877190614000028, 51.955980991000047 ], [ 21.879823668000029, 51.968250861000058 ], [ 21.880305627000041, 51.971025651000048 ], [ 21.889174688000026, 51.973184010000068 ], [ 21.890267423000068, 51.973726319000036 ], [ 21.899162899000032, 51.978141016000052 ], [ 21.902426508000076, 51.979760698000064 ], [ 21.903262326000061, 51.979599836000034 ], [ 21.910749432000046, 51.978158860000065 ], [ 21.919269408000048, 51.98032986700008 ], [ 21.930975999000054, 51.989462007000043 ], [ 21.934562106000044, 51.992259476000072 ], [ 21.953910546000031, 51.992942026000037 ], [ 21.958361614000069, 51.991863760000058 ], [ 21.967351347000033, 51.989686007000046 ], [ 21.975550973000054, 51.994441088000031 ], [ 21.986803489000067, 52.000966585000072 ], [ 21.997372674000076, 52.011132125000074 ], [ 22.01198271800007, 52.01077194800007 ], [ 22.013561877000029, 52.010733018000053 ], [ 22.025182894000068, 52.015377600000079 ], [ 22.02760180000007, 52.017773344000034 ], [ 22.031387682000059, 52.02152297400005 ], [ 22.050251938000031, 52.020475323000028 ], [ 22.058290052000075, 52.01497375100007 ], [ 22.067844449000063, 52.008434381000029 ], [ 22.114538617000051, 52.001472436000029 ], [ 22.139934897000046, 52.008319788000051 ], [ 22.145811473000037, 52.014873010000031 ], [ 22.146280835000027, 52.016782065000029 ], [ 22.14831743700006, 52.025065620000078 ], [ 22.152337145000047, 52.027806831000078 ], [ 22.176234819000058, 52.02221267200008 ], [ 22.212202164000075, 52.013793149000037 ], [ 22.222787762000053, 52.011680359000081 ], [ 22.255216404000066, 52.005207893000033 ], [ 22.283902946000069, 52.01817393500005 ], [ 22.293686292000075, 52.029330825000045 ], [ 22.300725667000052, 52.037358501000028 ], [ 22.322151494000025, 52.036099064000041 ], [ 22.324049230000071, 52.023735530000067 ], [ 22.322348885000054, 52.020758403000059 ], [ 22.317519181000023, 52.012302098000077 ], [ 22.338534812000034, 51.997500908000063 ], [ 22.344746429000054, 51.996731618000069 ], [ 22.369868676000067, 52.006256132000033 ], [ 22.376002134000032, 52.012270679000039 ], [ 22.380415643000049, 52.01659862200006 ], [ 22.389315851000049, 52.01576377300006 ], [ 22.406310917000042, 52.014169618000039 ], [ 22.433529617000033, 52.017430363000074 ], [ 22.440139570000042, 52.021846577000076 ], [ 22.442480188000047, 52.026401939000039 ], [ 22.443852095000068, 52.029071975000079 ], [ 22.446126480000032, 52.029293179000035 ], [ 22.455852234000076, 52.030239096000059 ], [ 22.462661635000075, 52.042404333000036 ], [ 22.464603063000027, 52.045872763000034 ], [ 22.477007685000046, 52.059959523000032 ], [ 22.485680746000071, 52.067487998000047 ], [ 22.514043858000036, 52.068373805000078 ], [ 22.520697431000031, 52.063267586000052 ], [ 22.520781486000033, 52.062304101000052 ], [ 22.521231605000025, 52.057144588000028 ], [ 22.526377276000062, 52.052523939000082 ], [ 22.541456685000071, 52.051037836000035 ], [ 22.546988901000077, 52.05049262600005 ], [ 22.54859276600007, 52.04714926500003 ], [ 22.550179117000027, 52.04384241200006 ], [ 22.57268681000005, 52.038365469000041 ], [ 22.577423391000025, 52.039452701000073 ], [ 22.585249325000063, 52.041249062000077 ], [ 22.587148928000033, 52.038125677000039 ], [ 22.587509488000023, 52.037532833000057 ], [ 22.593257037000058, 52.037292241000046 ], [ 22.606750718000058, 52.03672739700005 ], [ 22.608617687000049, 52.031232444000068 ], [ 22.610585890000038, 52.025439537000068 ], [ 22.616591484000026, 52.01977548800005 ], [ 22.622901384000045, 52.018744642000058 ], [ 22.634084144000042, 52.030890880000072 ], [ 22.649611807000042, 52.034367160000045 ], [ 22.659976329000074, 52.036687534000066 ], [ 22.663284753000028, 52.045000238000057 ], [ 22.668060594000053, 52.06238628400007 ], [ 22.664797364000037, 52.070680619000029 ], [ 22.665514162000022, 52.08045680400005 ], [ 22.663328617000047, 52.081777124000041 ], [ 22.648291928000049, 52.090861008000047 ], [ 22.67033357300005, 52.105809305000037 ], [ 22.699432114000047, 52.117769563000081 ], [ 22.700343710000027, 52.107868469000039 ], [ 22.718277127000079, 52.100766166000028 ], [ 22.727202461000047, 52.097231400000055 ], [ 22.742755897000052, 52.095533226000043 ], [ 22.754719631000057, 52.094226988000059 ], [ 22.76101895100004, 52.090086654000061 ], [ 22.763620783000079, 52.085628334000035 ], [ 22.766556964000074, 52.080597098000055 ], [ 22.784347571000069, 52.069112389000054 ], [ 22.794736445000069, 52.073602857000026 ], [ 22.807283240000061, 52.079026061000036 ], [ 22.829784534000055, 52.081252213000027 ], [ 22.837668303000044, 52.079189933000066 ], [ 22.845233075000067, 52.07170314800004 ], [ 22.850579656000036, 52.066411686000038 ], [ 22.85632871100006, 52.068305767000027 ], [ 22.866043572000024, 52.071506420000048 ], [ 22.866346946000078, 52.067881015000069 ], [ 22.86669865500005, 52.063677987000062 ], [ 22.87002233000004, 52.065709863000052 ], [ 22.902465539000048, 52.06493689000007 ], [ 22.906442146000074, 52.076391468000054 ], [ 22.90129567300005, 52.078947062000054 ], [ 22.896797966000065, 52.081180497000048 ], [ 22.893952648000038, 52.090227154000047 ], [ 22.890114388000029, 52.093154516000027 ], [ 22.895979785000065, 52.104380731000049 ], [ 22.902269365000052, 52.10953408000006 ], [ 22.921379371000057, 52.107282097000052 ], [ 22.929178739000065, 52.110811396000031 ], [ 22.936546282000052, 52.107781153000076 ], [ 22.950096689000077, 52.102207921000058 ], [ 22.967331662000049, 52.115403678000064 ], [ 22.960194224000077, 52.118929488000049 ], [ 22.955656458000078, 52.121171090000075 ], [ 22.946064010000043, 52.126055256000029 ], [ 22.934304547000067, 52.137405323000053 ], [ 22.944852529000059, 52.145476773000041 ], [ 22.974103523000053, 52.155152500000042 ], [ 22.984236578000036, 52.158504341000082 ], [ 22.981422966000025, 52.165077078000081 ], [ 22.978422954000052, 52.172085256000059 ], [ 22.997419732000026, 52.174798526000075 ], [ 23.020368043000076, 52.174333296000043 ], [ 23.027215427000044, 52.17419447900005 ], [ 23.028102009000065, 52.174792360000026 ], [ 23.033434107000062, 52.178388151000036 ], [ 23.045634292000045, 52.175833023000052 ], [ 23.071477654000034, 52.170420556000067 ], [ 23.066756172000055, 52.175412579000067 ], [ 23.046652245000075, 52.182330912000054 ], [ 23.040449181000042, 52.18446556300006 ], [ 23.032253774000026, 52.198885112000028 ], [ 23.030841696000039, 52.214318511000045 ], [ 23.035207668000055, 52.219757643000037 ], [ 23.064505781000037, 52.235670395000056 ], [ 23.07330427200003, 52.235877920000064 ], [ 23.078642101000071, 52.236003821000054 ], [ 23.084515919000069, 52.243500983000047 ], [ 23.093588599000043, 52.255081074000032 ], [ 23.095817774000068, 52.254918082000074 ], [ 23.102459801000066, 52.25443243400008 ], [ 23.107222567000065, 52.258474328000034 ], [ 23.108953781000025, 52.261341713000036 ], [ 23.106463102000077, 52.265671961000066 ], [ 23.10574217900006, 52.266925345000061 ], [ 23.128408850000028, 52.287841488000026 ], [ 23.153004361000058, 52.280244251000056 ] ], [ [ 22.565204428000072, 50.459351044000073 ], [ 22.569224126000051, 50.461907158000031 ], [ 22.564946836000047, 50.463905378000049 ], [ 22.559619619000046, 50.461453144000075 ], [ 22.565204428000072, 50.459351044000073 ] ] ], [ [ [ 21.773290625000072, 51.644742078000036 ], [ 21.769378063000033, 51.648265724000055 ], [ 21.775488507000034, 51.649966844000062 ], [ 21.775943330000075, 51.645514649000063 ], [ 21.773290625000072, 51.644742078000036 ] ] ] ] } },
{ "type": "Feature", "properties": { "voivodeship": "lubuskie" }, "geometry": { "type": "Polygon", "coordinates": [ [ [ 15.91580979500003, 53.119579422000072 ], [ 15.934332556000072, 53.116883016000031 ], [ 15.976215108000076, 53.11078606500007 ], [ 15.982044940000037, 53.115525985000033 ], [ 15.983918467000024, 53.11335811500004 ], [ 15.980416128000059, 53.103379713000038 ], [ 15.986781250000035, 53.093474059000073 ], [ 15.994458439000027, 53.090112238000074 ], [ 15.997427075000076, 53.085412382000072 ], [ 15.993911285000024, 53.073635363000051 ], [ 15.99072284500005, 53.070604889000037 ], [ 15.985755166000047, 53.065883324000026 ], [ 15.986193470000046, 53.061427001000027 ], [ 15.986719316000062, 53.056080616000031 ], [ 15.981324193000034, 53.055747340000039 ], [ 15.976466489000074, 53.055447263000076 ], [ 15.962497347000067, 53.041381025000078 ], [ 15.954363615000034, 53.035123859000066 ], [ 15.954764451000074, 53.02937724700007 ], [ 15.955884985000068, 53.013312650000046 ], [ 15.954194358000052, 53.007676867000043 ], [ 15.950958267000033, 52.996889212000042 ], [ 15.953762910000023, 52.982907459000046 ], [ 15.953894115000026, 52.982253374000038 ], [ 15.954343532000053, 52.980012935000047 ], [ 15.951515607000033, 52.972970640000028 ], [ 15.959795798000073, 52.968507703000057 ], [ 15.96108068500007, 52.957121528000073 ], [ 15.97068686800003, 52.945353426000054 ], [ 15.979083385000024, 52.935067231000062 ], [ 15.974759113000061, 52.929909095000028 ], [ 15.973323128000061, 52.928196203000027 ], [ 15.97468310000005, 52.924664288000031 ], [ 15.978072964000035, 52.915860644000077 ], [ 15.979466212000034, 52.912242308000032 ], [ 15.974418914000069, 52.906435831000067 ], [ 15.968251068000029, 52.899340261000077 ], [ 15.972857138000052, 52.89490143200004 ], [ 15.974200661000054, 52.891376708000053 ], [ 15.979132224000068, 52.878438780000067 ], [ 15.974764228000026, 52.873391596000033 ], [ 15.973940240000047, 52.873408098000027 ], [ 15.964528226000027, 52.87359659100008 ], [ 15.962211289000038, 52.870838214000059 ], [ 15.970151596000051, 52.866191411000045 ], [ 15.971976822000045, 52.86512325800004 ], [ 15.973005795000063, 52.858879425000055 ], [ 15.966702135000048, 52.856835230000058 ], [ 15.969963979000056, 52.853840063000064 ], [ 15.963704578000034, 52.85393945800007 ], [ 15.949539514000037, 52.854164389000061 ], [ 15.948995379000053, 52.848392980000028 ], [ 15.948411867000061, 52.842203921000078 ], [ 15.926686434000032, 52.832908370000041 ], [ 15.919971745000055, 52.837731742000074 ], [ 15.917228099000056, 52.839702589000069 ], [ 15.902407801000038, 52.833890445000065 ], [ 15.902516880000064, 52.827321518000076 ], [ 15.896256124000047, 52.821586362000062 ], [ 15.895886657000062, 52.811760087000039 ], [ 15.902685188000078, 52.807303624000042 ], [ 15.924102064000067, 52.802878899000063 ], [ 15.934126334000041, 52.80080788600003 ], [ 15.93789130600004, 52.787176189000036 ], [ 15.931524915000068, 52.785223128000041 ], [ 15.927632003000042, 52.784028873000068 ], [ 15.926889274000075, 52.78058122300007 ], [ 15.94678820300004, 52.754834216000063 ], [ 15.94729876100007, 52.736590945000046 ], [ 15.944984266000063, 52.730062522000026 ], [ 15.931563889000074, 52.726466023000057 ], [ 15.925033833000043, 52.724716047000072 ], [ 15.911874234000038, 52.718791314000043 ], [ 15.901470990000064, 52.714107551000041 ], [ 15.890117523000072, 52.714609007000035 ], [ 15.885423970000033, 52.71481631000006 ], [ 15.877734153000063, 52.71354090300008 ], [ 15.836689096000043, 52.706733310000061 ], [ 15.820255146000022, 52.708583162000082 ], [ 15.811315352000065, 52.709589451000056 ], [ 15.793263511000077, 52.706927897000071 ], [ 15.803547457000036, 52.691988122000055 ], [ 15.812030419000052, 52.679664685000034 ], [ 15.813403443000027, 52.669005649000042 ], [ 15.79530950000003, 52.665305069000055 ], [ 15.791740469000047, 52.665721377000068 ], [ 15.785619132000022, 52.666435397000043 ], [ 15.776346470000021, 52.637869557000045 ], [ 15.784514175000027, 52.636605373000066 ], [ 15.793531820000055, 52.63520963700006 ], [ 15.796144755000057, 52.62399810900007 ], [ 15.790591952000057, 52.62208899400008 ], [ 15.787624154000071, 52.62106863300005 ], [ 15.787459289000026, 52.616489068000078 ], [ 15.796321100000057, 52.60690351900007 ], [ 15.80531860800005, 52.603139490000046 ], [ 15.809867431000043, 52.595943356000078 ], [ 15.819044312000074, 52.59184967300007 ], [ 15.830099082000061, 52.586918289000039 ], [ 15.827583804000028, 52.57756519000003 ], [ 15.825376611000024, 52.569357710000077 ], [ 15.826923787000055, 52.567083998000044 ], [ 15.833325259000048, 52.565103961000034 ], [ 15.833784027000036, 52.564962060000028 ], [ 15.841538111000034, 52.556687737000061 ], [ 15.843396013000074, 52.554705184000056 ], [ 15.843595235000066, 52.554579673000035 ], [ 15.857469193000043, 52.545839001000047 ], [ 15.85556420000006, 52.541938445000028 ], [ 15.847485619000054, 52.536526007000077 ], [ 15.836142780000046, 52.52892660100008 ], [ 15.852599918000067, 52.515680233000069 ], [ 15.862671854000041, 52.510991062000073 ], [ 15.866907240000046, 52.510577141000056 ], [ 15.875392482000052, 52.509747885000081 ], [ 15.872623025000053, 52.506318861000068 ], [ 15.870804290000024, 52.504066981000051 ], [ 15.871637029000055, 52.498924335000027 ], [ 15.879288479000024, 52.493268526000065 ], [ 15.884674653000047, 52.489287166000054 ], [ 15.884700680000037, 52.483382610000035 ], [ 15.891571335000037, 52.473155597000073 ], [ 15.892043869000076, 52.467581039000038 ], [ 15.890535063000073, 52.465810382000029 ], [ 15.88778003300007, 52.462577223000039 ], [ 15.890946118000045, 52.460382041000059 ], [ 15.892433027000038, 52.459351103000074 ], [ 15.897205648000067, 52.447876747000066 ], [ 15.882104040000058, 52.444088487000045 ], [ 15.876800721000052, 52.442758142000059 ], [ 15.875972421000029, 52.440218499000082 ], [ 15.874566169000047, 52.435906799000065 ], [ 15.865039125000067, 52.438394182000081 ], [ 15.859740561000024, 52.439777566000032 ], [ 15.857657312000072, 52.43716246200006 ], [ 15.853842858000064, 52.432374174000074 ], [ 15.834348154000054, 52.434364600000038 ], [ 15.833204022000075, 52.440999754000075 ], [ 15.832411850000028, 52.445593789000043 ], [ 15.827756553000029, 52.450508619000061 ], [ 15.805228857000031, 52.443249988000048 ], [ 15.806880543000034, 52.436302923000028 ], [ 15.819730095000068, 52.425726114000042 ], [ 15.824662858000067, 52.425693465000052 ], [ 15.826575500000047, 52.42568080500007 ], [ 15.826277936000054, 52.424066430000039 ], [ 15.82591853200006, 52.422116549000066 ], [ 15.835862879000047, 52.414078253000071 ], [ 15.843572129000052, 52.402902893000032 ], [ 15.853109594000045, 52.402529370000082 ], [ 15.860907767000072, 52.402223964000029 ], [ 15.87255355800005, 52.396102735000056 ], [ 15.899190889000067, 52.391588232000061 ], [ 15.900263454000026, 52.38360083300006 ], [ 15.894280041000059, 52.377822301000037 ], [ 15.891204879000043, 52.374852438000062 ], [ 15.888768611000046, 52.366732591000073 ], [ 15.88950118200006, 52.358660709000048 ], [ 15.889914090000048, 52.354111057000068 ], [ 15.881407068000044, 52.350029943000038 ], [ 15.881971934000035, 52.341990235000026 ], [ 15.887694298000042, 52.335394963000056 ], [ 15.883511290000058, 52.326199030000055 ], [ 15.885986358000025, 52.324011911000071 ], [ 15.887946398000054, 52.322279901000059 ], [ 15.889503380000065, 52.30919917600005 ], [ 15.88351173500007, 52.307956266000076 ], [ 15.88263481000007, 52.307774356000039 ], [ 15.878601194000055, 52.296224253000048 ], [ 15.880810395000026, 52.290429652000057 ], [ 15.880092185000024, 52.28394503700008 ], [ 15.872386843000072, 52.280876364000051 ], [ 15.866610193000042, 52.272814749000077 ], [ 15.862241035000068, 52.269544004000068 ], [ 15.853539509000029, 52.263030055000058 ], [ 15.852192409000054, 52.255319152000027 ], [ 15.857058327000061, 52.24763570500005 ], [ 15.857682026000077, 52.24665086400006 ], [ 15.860122592000039, 52.228041183000073 ], [ 15.855037852000066, 52.22097721800003 ], [ 15.849504481000054, 52.213289993000046 ], [ 15.852966125000023, 52.208633145000078 ], [ 15.860341399000049, 52.198711404000051 ], [ 15.858828354000025, 52.187432905000037 ], [ 15.86088292900007, 52.182746768000072 ], [ 15.859946465000064, 52.175444002000063 ], [ 15.859204899000076, 52.169661097000073 ], [ 15.86543406800007, 52.167489698000054 ], [ 15.880737727000053, 52.162155062000068 ], [ 15.882893169000056, 52.154558870000074 ], [ 15.881324668000047, 52.148478038000064 ], [ 15.874521719000029, 52.13108761400008 ], [ 15.865641105000066, 52.127236614000026 ], [ 15.856387672000039, 52.123223944000074 ], [ 15.854421906000027, 52.119872122000061 ], [ 15.851345742000035, 52.114626964000081 ], [ 15.84333674800007, 52.112595617000068 ], [ 15.835811327000044, 52.110686920000035 ], [ 15.837409591000039, 52.105499634000068 ], [ 15.862201393000078, 52.086194628000044 ], [ 15.866742682000051, 52.086512091000031 ], [ 15.878460325000049, 52.087331222000046 ], [ 15.914328703000024, 52.072180763000063 ], [ 15.923330930000077, 52.068378309000082 ], [ 15.928747918000056, 52.078841500000067 ], [ 15.932927968000058, 52.086915482000052 ], [ 15.942384277000031, 52.088097947000051 ], [ 15.96721668400005, 52.081672850000075 ], [ 15.973046229000033, 52.075014388000056 ], [ 15.986530646000062, 52.068973114000073 ], [ 15.98743410000003, 52.065040341000042 ], [ 15.990381872000057, 52.060972665000065 ], [ 16.000190290000035, 52.059011334000047 ], [ 16.004203192000034, 52.054580779000048 ], [ 15.994681060000062, 52.050365398000054 ], [ 15.991293479000035, 52.048865739000064 ], [ 15.98969711500007, 52.043450159000031 ], [ 15.990742670000031, 52.040875110000059 ], [ 15.992963265000071, 52.03540610500005 ], [ 15.981428678000043, 52.034710080000082 ], [ 15.966255892000049, 52.033794517000047 ], [ 15.96598993300006, 52.026736142000061 ], [ 15.96544448800006, 52.017916140000068 ], [ 15.970689844000049, 52.001594002000047 ], [ 15.984982749000039, 51.995731402000047 ], [ 15.988504564000038, 51.996860502000061 ], [ 15.98733231500006, 52.001242043000047 ], [ 15.986748022000029, 52.00342597000008 ], [ 15.997358437000059, 51.998727042000041 ], [ 16.005444004000026, 51.992857189000063 ], [ 16.008070023000073, 51.986470046000079 ], [ 16.010136548000048, 51.981443733000049 ], [ 16.060763287000043, 51.977444736000052 ], [ 16.090363353000043, 51.989016092000043 ], [ 16.107633690000057, 51.995767470000033 ], [ 16.120384782000031, 51.993029322000041 ], [ 16.132245986000044, 51.974456204000035 ], [ 16.13654364000007, 51.95537958500006 ], [ 16.132291845000054, 51.95380644100004 ], [ 16.125023200000044, 51.951117077000049 ], [ 16.129519077000054, 51.944044265000059 ], [ 16.126156930000036, 51.933894531000078 ], [ 16.132220262000033, 51.931604530000072 ], [ 16.134588060000056, 51.93071025900008 ], [ 16.136908149000021, 51.92462981400007 ], [ 16.129898866000076, 51.921942963000049 ], [ 16.127759480000066, 51.921122877000073 ], [ 16.128728183000078, 51.920206238000048 ], [ 16.131848532000049, 51.91725359600008 ], [ 16.125581650000072, 51.915538310000045 ], [ 16.120298336000076, 51.914092233000076 ], [ 16.109032236000075, 51.904414762000044 ], [ 16.101083932000051, 51.903400814000065 ], [ 16.099875956000062, 51.893992027000081 ], [ 16.117373906000068, 51.895781966000072 ], [ 16.123223334000045, 51.896380329000067 ], [ 16.159626718000027, 51.892285537000078 ], [ 16.165518830000053, 51.888086208000061 ], [ 16.171534143000031, 51.883799072000045 ], [ 16.180114182000068, 51.882731147000072 ], [ 16.18658479000004, 51.88192577500007 ], [ 16.191851647000021, 51.884530089000066 ], [ 16.196417889000031, 51.876749289000031 ], [ 16.19734836400005, 51.875163774000043 ], [ 16.200137518000076, 51.871933073000037 ], [ 16.214662350000026, 51.870206607000057 ], [ 16.224756184000057, 51.875163774000043 ], [ 16.243479168000022, 51.88809262400008 ], [ 16.245299921000026, 51.891778427000077 ], [ 16.249561267000047, 51.900404793000064 ], [ 16.259298031000071, 51.898416199000053 ], [ 16.27280752300004, 51.895657080000035 ], [ 16.273060894000025, 51.895748732000072 ], [ 16.284856072000025, 51.900015431000043 ], [ 16.30947423300006, 51.888586485000076 ], [ 16.31287160200003, 51.88700926100006 ], [ 16.334662822000041, 51.883212846000049 ], [ 16.347982967000064, 51.880892242000073 ], [ 16.346258182000042, 51.875999278000052 ], [ 16.340648498000064, 51.875207343000056 ], [ 16.337983855000061, 51.874831168000071 ], [ 16.337945045000026, 51.870232520000059 ], [ 16.356025568000064, 51.858813055000041 ], [ 16.356597173000068, 51.858643382000082 ], [ 16.372645685000066, 51.853879610000035 ], [ 16.385733895000044, 51.846884576000036 ], [ 16.382824839000023, 51.840799443000037 ], [ 16.382134883000049, 51.839356201000044 ], [ 16.38546597900006, 51.839002548000053 ], [ 16.396888015000059, 51.837789904000033 ], [ 16.399754440000038, 51.833587505000082 ], [ 16.394619800000044, 51.820888117000038 ], [ 16.401266362000058, 51.812726251000072 ], [ 16.401695784000026, 51.805853114000058 ], [ 16.394789140000057, 51.79754291200004 ], [ 16.389321898000048, 51.790964625000072 ], [ 16.39344606800006, 51.787383435000038 ], [ 16.400091695000071, 51.78908262300007 ], [ 16.41619088300007, 51.784865006000075 ], [ 16.414306994000071, 51.782311983000056 ], [ 16.405456011000069, 51.772282737000069 ], [ 16.394492160000027, 51.767829266000035 ], [ 16.389410780000048, 51.768853807000028 ], [ 16.38428142500004, 51.769888022000032 ], [ 16.379900039000063, 51.767626780000057 ], [ 16.376723730000037, 51.762132464000047 ], [ 16.376801227000044, 51.75706430200006 ], [ 16.376864904000058, 51.752899974000059 ], [ 16.371313351000026, 51.748204885000064 ], [ 16.362142277000032, 51.740448675000039 ], [ 16.363889562000054, 51.736220205000052 ], [ 16.364345986000046, 51.735115650000068 ], [ 16.368078610000055, 51.72828656400003 ], [ 16.357204327000034, 51.717262186000028 ], [ 16.350712737000038, 51.714948043000049 ], [ 16.350130111000055, 51.714740347000031 ], [ 16.349808589000077, 51.713995111000031 ], [ 16.347960201000035, 51.70971084200005 ], [ 16.32826306100003, 51.702688144000035 ], [ 16.315886147000072, 51.70079382800003 ], [ 16.304945409000027, 51.699119322000058 ], [ 16.298369835000074, 51.694141971000079 ], [ 16.298352507000061, 51.693970423000053 ], [ 16.297970777000046, 51.690191232000075 ], [ 16.285871996000026, 51.68911349800004 ], [ 16.278046851000056, 51.68841645100008 ], [ 16.270563539000023, 51.685075762000054 ], [ 16.268409805000033, 51.678541064000058 ], [ 16.271743037000022, 51.675369250000074 ], [ 16.274836399000037, 51.672425690000068 ], [ 16.270096614000067, 51.663544149000074 ], [ 16.265194672000064, 51.671775991000061 ], [ 16.264365344000055, 51.673168683000029 ], [ 16.251673125000025, 51.685483624000028 ], [ 16.243890364000038, 51.688208142000065 ], [ 16.223295065000059, 51.695417956000028 ], [ 16.226705251000055, 51.699542574000077 ], [ 16.223754395000071, 51.703739145000043 ], [ 16.216309270000067, 51.714327257000036 ], [ 16.198634520000041, 51.717180828000039 ], [ 16.183713664000038, 51.713405886000032 ], [ 16.168181453000045, 51.709476273000064 ], [ 16.160960984000042, 51.712085513000034 ], [ 16.159756755000046, 51.717885769000077 ], [ 16.161874401000034, 51.719856551000078 ], [ 16.168079323000029, 51.737528251000072 ], [ 16.177025270000058, 51.763006430000075 ], [ 16.166752727000073, 51.760757088000048 ], [ 16.159547348000046, 51.759179352000046 ], [ 16.139953967000054, 51.759627518000059 ], [ 16.134085753000022, 51.759739853000042 ], [ 16.132179677000067, 51.764321917000075 ], [ 16.131839409000065, 51.765139895000061 ], [ 16.127060411000059, 51.764849765000065 ], [ 16.114927443000056, 51.764113180000038 ], [ 16.094081540000047, 51.767679742000041 ], [ 16.081455017000053, 51.772616860000028 ], [ 16.079585112000075, 51.773348014000078 ], [ 16.068776955000033, 51.782314233000079 ], [ 16.048897755000041, 51.781798840000079 ], [ 16.03701148500005, 51.781490673000064 ], [ 16.034422298000038, 51.784623810000028 ], [ 16.034227656000041, 51.790152768000041 ], [ 16.034016529000041, 51.796149983000078 ], [ 16.02689808100007, 51.802441671000054 ], [ 15.984163462000026, 51.803012648000049 ], [ 15.977807889000076, 51.79650225000006 ], [ 15.968050529000038, 51.793785691000039 ], [ 15.968105062000063, 51.787906941000074 ], [ 15.972181280000029, 51.782977781000056 ], [ 15.982418665000068, 51.778859348000026 ], [ 15.984720964000076, 51.77885900900003 ], [ 16.004323062000026, 51.77885612700004 ], [ 16.007535716000064, 51.775270223000064 ], [ 15.990383276000045, 51.769685042000049 ], [ 15.984217096000066, 51.771565846000044 ], [ 15.980344654000078, 51.77274701500005 ], [ 15.976491547000023, 51.768695423000054 ], [ 15.969824516000074, 51.767812191000075 ], [ 15.972281270000053, 51.759439275000034 ], [ 15.976126252000029, 51.746335113000043 ], [ 15.96542118800005, 51.744113594000055 ], [ 15.961841707000076, 51.743370779000031 ], [ 15.962126902000023, 51.739721689000078 ], [ 15.962531571000056, 51.734543933000054 ], [ 15.947661846000074, 51.735855432000051 ], [ 15.931003528000076, 51.737324684000043 ], [ 15.925970957000061, 51.730445949000057 ], [ 15.92188793300005, 51.728966516000071 ], [ 15.91242696200004, 51.725538449000055 ], [ 15.910850656000036, 51.726016444000038 ], [ 15.896701448000044, 51.73030701600004 ], [ 15.88269686600006, 51.720423568000058 ], [ 15.87182346700007, 51.720735877000038 ], [ 15.863610399000038, 51.701117224000029 ], [ 15.865618184000027, 51.695966377000047 ], [ 15.867999490000045, 51.689857286000063 ], [ 15.859073686000045, 51.688966915000037 ], [ 15.855907840000043, 51.688651114000038 ], [ 15.851466734000041, 51.683775101000037 ], [ 15.843639708000069, 51.681221902000061 ], [ 15.843284468000036, 51.675220634000027 ], [ 15.834259067000062, 51.672188998000081 ], [ 15.848770702000024, 51.665622379000069 ], [ 15.849711748000061, 51.665196549000029 ], [ 15.848931952000044, 51.664354957000057 ], [ 15.846501368000077, 51.661731757000041 ], [ 15.849470332000067, 51.660123300000066 ], [ 15.854014771000038, 51.657661319000056 ], [ 15.854766629000039, 51.652039549000051 ], [ 15.845162912000035, 51.646629576000066 ], [ 15.833745923000038, 51.64019815000006 ], [ 15.832891337000035, 51.626796224000032 ], [ 15.832572114000072, 51.621790047000047 ], [ 15.822585475000039, 51.609007161000079 ], [ 15.817282701000067, 51.60221961600007 ], [ 15.819909585000062, 51.590002348000041 ], [ 15.823620489000064, 51.572743459000037 ], [ 15.795140738000043, 51.57106174200004 ], [ 15.770772796000074, 51.569622826000057 ], [ 15.759483012000032, 51.564141132000032 ], [ 15.74285072400005, 51.556065415000035 ], [ 15.725878159000047, 51.552609381000082 ], [ 15.713203868000051, 51.555159070000059 ], [ 15.703776301000062, 51.557055616000071 ], [ 15.703695220000043, 51.547304585000063 ], [ 15.711646682000037, 51.544775349000076 ], [ 15.712506082000061, 51.544501987000046 ], [ 15.712075327000036, 51.539856078000071 ], [ 15.711150802000077, 51.52988461800004 ], [ 15.714032307000025, 51.517397110000047 ], [ 15.701629319000062, 51.517103933000044 ], [ 15.699941111000044, 51.51420355700003 ], [ 15.699019304000046, 51.512619874000052 ], [ 15.69178402600005, 51.512354879000043 ], [ 15.679949927000052, 51.511921449000056 ], [ 15.679166316000021, 51.50949526800008 ], [ 15.678172966000034, 51.506419705000042 ], [ 15.675658159000022, 51.504304227000034 ], [ 15.668031810000059, 51.497888873000079 ], [ 15.667280494000067, 51.49186518700003 ], [ 15.667073959000049, 51.490209295000056 ], [ 15.665720259000068, 51.489548572000047 ], [ 15.662078283000028, 51.487770974000057 ], [ 15.662644780000051, 51.48498214600005 ], [ 15.663276938000024, 51.481870076000064 ], [ 15.657600376000062, 51.474530041000037 ], [ 15.653729054000053, 51.472869315000082 ], [ 15.64874965100006, 51.476328884000054 ], [ 15.645320533000074, 51.478711352000062 ], [ 15.636137082000062, 51.478671935000079 ], [ 15.634888768000053, 51.475478324000051 ], [ 15.633910286000059, 51.472975032000079 ], [ 15.626937159000022, 51.471457549000036 ], [ 15.624618042000066, 51.470952866000061 ], [ 15.624201519000053, 51.469344790000036 ], [ 15.622759364000046, 51.463777049000043 ], [ 15.616778302000057, 51.460234936000063 ], [ 15.599680292000073, 51.44685538400006 ], [ 15.597318375000043, 51.448917091000055 ], [ 15.595018891000052, 51.450924300000054 ], [ 15.593448717000058, 51.450612388000081 ], [ 15.589859648000072, 51.449899426000059 ], [ 15.581991696000046, 51.453615668000054 ], [ 15.585804300000063, 51.457755951000081 ], [ 15.593236686000068, 51.465827122000064 ], [ 15.594899501000043, 51.468997216000048 ], [ 15.592434585000035, 51.47105214000004 ], [ 15.489402752000046, 51.526421922000054 ], [ 15.486730953000063, 51.518995375000031 ], [ 15.485056520000057, 51.514341113000057 ], [ 15.481313446000058, 51.513188211000056 ], [ 15.470917758000041, 51.514577803000066 ], [ 15.466905656000051, 51.518229861000066 ], [ 15.463430449000043, 51.521393205000038 ], [ 15.437004279000064, 51.527388539000071 ], [ 15.417871053000056, 51.522807 ], [ 15.407059059000062, 51.520218018000037 ], [ 15.402890828000068, 51.524414742000033 ], [ 15.397391058000039, 51.529952106000053 ], [ 15.385905155000046, 51.527260120000051 ], [ 15.380137055000034, 51.512529648000054 ], [ 15.379481464000037, 51.510855410000033 ], [ 15.378396015000021, 51.510332651000056 ], [ 15.371122918000026, 51.506829885000059 ], [ 15.367910496000036, 51.493409414000041 ], [ 15.37064848600005, 51.481514183000058 ], [ 15.375744682000061, 51.480782710000028 ], [ 15.379632288000039, 51.480224709000026 ], [ 15.380598849000023, 51.471539805000077 ], [ 15.373049712000068, 51.469777944000043 ], [ 15.361332190000041, 51.470601315000067 ], [ 15.339070351000032, 51.472165619000066 ], [ 15.334275636000029, 51.452792363000071 ], [ 15.335484514000029, 51.451781548000042 ], [ 15.342091495000034, 51.446257057000082 ], [ 15.332014310000034, 51.433554890000039 ], [ 15.329113092000057, 51.429897941000036 ], [ 15.325900142000023, 51.41833284900008 ], [ 15.328406711000071, 51.414606592000041 ], [ 15.33183673700006, 51.409507527000073 ], [ 15.323597066000048, 51.408173632000057 ], [ 15.316328006000049, 51.41569220100007 ], [ 15.314736455000059, 51.417338381000036 ], [ 15.311744516000033, 51.41797493200005 ], [ 15.296251210000037, 51.421271219000062 ], [ 15.292041589000064, 51.427787652000063 ], [ 15.289727335000066, 51.431370085000026 ], [ 15.285735673000033, 51.430928210000047 ], [ 15.275516761000063, 51.429796982000028 ], [ 15.270461236000074, 51.438535393000052 ], [ 15.269615745000067, 51.43999681300005 ], [ 15.25146170000005, 51.448340421000069 ], [ 15.233616566000023, 51.446258852000028 ], [ 15.217396583000038, 51.444366851000041 ], [ 15.202707541000052, 51.445826406000037 ], [ 15.200516984000046, 51.448416932000043 ], [ 15.200880558000051, 51.452296707000073 ], [ 15.201798479000047, 51.462092049000034 ], [ 15.188485404000062, 51.463637649000077 ], [ 15.17853357000007, 51.458209370000077 ], [ 15.148915317000046, 51.442053940000051 ], [ 15.124070990000064, 51.434514883000077 ], [ 15.108876261000034, 51.427987945000041 ], [ 15.096711743000071, 51.425896636000061 ], [ 15.095175974000028, 51.426837674000069 ], [ 15.092424716000039, 51.42852349900005 ], [ 15.08633603100003, 51.425525635000042 ], [ 15.084523274000048, 51.417685877000054 ], [ 15.082093332000056, 51.407176938000077 ], [ 15.073292590000051, 51.398529140000051 ], [ 15.048859360000051, 51.396085767000045 ], [ 15.019233206000024, 51.393123091000064 ], [ 15.009969993000027, 51.375498540000081 ], [ 15.010619547000033, 51.371440092000057 ], [ 15.011751472000071, 51.364367762000029 ], [ 14.990476612000066, 51.363794745000064 ], [ 14.97418297300004, 51.363949977000061 ], [ 14.98251988100003, 51.373498797000082 ], [ 14.975754056000028, 51.37687962800004 ], [ 14.969799799000043, 51.379854925000075 ], [ 14.96136156700004, 51.395807669000078 ], [ 14.964145450000046, 51.397372029000053 ], [ 14.968438865000053, 51.399784646000057 ], [ 14.96322120800005, 51.40583562900008 ], [ 14.960060589000022, 51.409501040000066 ], [ 14.963864553000064, 51.414082737000058 ], [ 14.966575571000021, 51.417348033000053 ], [ 14.965901182000039, 51.421527049000076 ], [ 14.965149450000069, 51.426185341000064 ], [ 14.960046816000045, 51.432491028000072 ], [ 14.969190316000038, 51.43354953000005 ], [ 14.971219376000022, 51.433784425000056 ], [ 14.973219953000068, 51.44148613200008 ], [ 14.948103742000058, 51.471178100000031 ], [ 14.92819565800005, 51.473550755000076 ], [ 14.927605976000052, 51.473621034000075 ], [ 14.927542403000075, 51.473737189000076 ], [ 14.923691766000047, 51.480772692000073 ], [ 14.917881152000064, 51.483261637000055 ], [ 14.898520301000076, 51.482254244000046 ], [ 14.886976621000031, 51.487279785000055 ], [ 14.882353672000022, 51.486633668000081 ], [ 14.872465854000041, 51.485251718000029 ], [ 14.864397501000042, 51.49029060600003 ], [ 14.85228194900003, 51.489997988000027 ], [ 14.838176326000053, 51.499241507000079 ], [ 14.831356006000021, 51.503710913000077 ], [ 14.812165757000059, 51.507046469000045 ], [ 14.806057807000059, 51.513309794000065 ], [ 14.796482496000067, 51.517131787000039 ], [ 14.784794225000041, 51.518110057000058 ], [ 14.762136445000067, 51.52094264200008 ], [ 14.750841950000051, 51.522354635000056 ], [ 14.729977160000033, 51.530752913000072 ], [ 14.727455123000027, 51.539610818000028 ], [ 14.728090703000078, 51.542215120000037 ], [ 14.729637592000074, 51.548553535000053 ], [ 14.720986664000066, 51.553361692000067 ], [ 14.717847723000034, 51.555106304000049 ], [ 14.712293373000023, 51.562111168000058 ], [ 14.72208020000005, 51.571074 ], [ 14.728341493000073, 51.576808128000039 ], [ 14.72986178900004, 51.581777114000033 ], [ 14.741763739000078, 51.592205653000065 ], [ 14.743279629000028, 51.593047308000052 ], [ 14.760751894000066, 51.602748284000029 ], [ 14.764930990000039, 51.608303890000059 ], [ 14.762767045000032, 51.618963992000033 ], [ 14.758791124000027, 51.623195750000036 ], [ 14.754220231000033, 51.628060764000054 ], [ 14.75523832600004, 51.645209721000072 ], [ 14.752084969000066, 51.651389473000052 ], [ 14.75438199000007, 51.654855387000055 ], [ 14.755042069000069, 51.655851363000068 ], [ 14.756717571000024, 51.660377856000082 ], [ 14.752694200000064, 51.667096084000036 ], [ 14.746515697000063, 51.675539517000061 ], [ 14.742755106000061, 51.677054431000045 ], [ 14.738326172000029, 51.678838581000036 ], [ 14.737335360000031, 51.683118526000044 ], [ 14.736274189000028, 51.687702397000066 ], [ 14.730211662000045, 51.689154281000071 ], [ 14.725288496000076, 51.690333305000081 ], [ 14.691682306000075, 51.708230486000048 ], [ 14.677199891000043, 51.722518725000043 ], [ 14.677153107000038, 51.722564881000039 ], [ 14.677052975000038, 51.722611190000066 ], [ 14.667782249000027, 51.726898725000069 ], [ 14.657421313000043, 51.741165895000051 ], [ 14.658162447000052, 51.752322001000039 ], [ 14.658842716000038, 51.753032106000035 ], [ 14.662938077000035, 51.757307089000051 ], [ 14.656402117000027, 51.760051988000043 ], [ 14.651283748000026, 51.76220154300006 ], [ 14.653432280000061, 51.768594116000031 ], [ 14.654746760000023, 51.772505115000058 ], [ 14.651084077000064, 51.785962116000064 ], [ 14.644641615000069, 51.795394528000031 ], [ 14.633109742000045, 51.800948767000079 ], [ 14.614256867000051, 51.803585131000034 ], [ 14.605848438000066, 51.804760956000052 ], [ 14.597788867000077, 51.816305303000036 ], [ 14.590145872000051, 51.821025904000066 ], [ 14.591869464000069, 51.839205234000076 ], [ 14.596250906000023, 51.841571186000067 ], [ 14.602882288000046, 51.840910281000049 ], [ 14.604536544000041, 51.840745413000036 ], [ 14.604628631000026, 51.843149519000065 ], [ 14.604778936000059, 51.84707351000003 ], [ 14.607586299000047, 51.846941972000081 ], [ 14.611027446000037, 51.846780738000064 ], [ 14.609710336000035, 51.849665506000065 ], [ 14.608256950000055, 51.852848748000042 ], [ 14.611594706000062, 51.856833196000082 ], [ 14.617299665000075, 51.857450927000059 ], [ 14.624474899000063, 51.858227859000067 ], [ 14.652685443000053, 51.875163774000043 ], [ 14.654743031000066, 51.880692330000045 ], [ 14.655970936000074, 51.883991603000027 ], [ 14.663665255000069, 51.889845868000066 ], [ 14.669651968000039, 51.889946429000076 ], [ 14.672996495000064, 51.890002608000032 ], [ 14.67514720500003, 51.893357367000078 ], [ 14.675348780000036, 51.893671792000077 ], [ 14.676421897000068, 51.894148579000046 ], [ 14.692866876000039, 51.901455105000082 ], [ 14.692856599000038, 51.905768285000079 ], [ 14.692846773000042, 51.90989188900005 ], [ 14.697524198000053, 51.913196866000078 ], [ 14.699251754000045, 51.914417523000054 ], [ 14.704402040000048, 51.923463041000048 ], [ 14.704478676000065, 51.924265060000039 ], [ 14.705356900000027, 51.933455957000035 ], [ 14.712270432000025, 51.936665800000071 ], [ 14.712553187000026, 51.93679707900003 ], [ 14.718848831000059, 51.942840820000072 ], [ 14.720537466000053, 51.951501388000054 ], [ 14.712861582000073, 51.95970886300006 ], [ 14.708216783000069, 51.964675335000038 ], [ 14.705690021000066, 51.976688115000059 ], [ 14.709658183000045, 51.979084894000039 ], [ 14.715707234000035, 51.982738535000067 ], [ 14.721299885000064, 51.996173388000045 ], [ 14.716716022000071, 52.001188020000029 ], [ 14.715522020000037, 52.004470518000062 ], [ 14.722808351000026, 52.00781132000003 ], [ 14.724692083000036, 52.008675016000041 ], [ 14.726459052000052, 52.011780194000039 ], [ 14.728263991000063, 52.014952100000073 ], [ 14.731236494000029, 52.01697400900008 ], [ 14.739840580000077, 52.022826547000079 ], [ 14.740877241000021, 52.027454987000056 ], [ 14.741174745000023, 52.02878326900003 ], [ 14.743299892000039, 52.030088782000064 ], [ 14.747653328000069, 52.032763169000077 ], [ 14.74934883800006, 52.042405857000062 ], [ 14.748628137000026, 52.044861661000027 ], [ 14.746018765000031, 52.05375315100008 ], [ 14.751998787000048, 52.057987 ], [ 14.757464723000055, 52.061856877000082 ], [ 14.758247686000061, 52.066000129000031 ], [ 14.755105498000034, 52.07008455600004 ], [ 14.745173120000061, 52.081777124000041 ], [ 14.74464765700003, 52.082395708000035 ], [ 14.734083880000071, 52.089091232000044 ], [ 14.708427221000022, 52.09623036000005 ], [ 14.69918566900003, 52.098801880000053 ], [ 14.68273537500005, 52.11408562500003 ], [ 14.683307926000055, 52.122461961000056 ], [ 14.683553949000043, 52.126061249000031 ], [ 14.682715032000033, 52.129465778000053 ], [ 14.679455718000042, 52.142692865000072 ], [ 14.68906927300003, 52.152145819000054 ], [ 14.704732685000067, 52.167547563000028 ], [ 14.702775447000022, 52.178087649000076 ], [ 14.694060097000033, 52.18606316100005 ], [ 14.685790293000025, 52.193630949000067 ], [ 14.688859611000055, 52.198793351000063 ], [ 14.698258881000072, 52.204070753000053 ], [ 14.704459258000043, 52.207552074000034 ], [ 14.710829568000065, 52.21728403000003 ], [ 14.715388890000042, 52.234463367000046 ], [ 14.692689948000066, 52.255745114000035 ], [ 14.674649283000065, 52.258498300000042 ], [ 14.645105480000041, 52.263006980000057 ], [ 14.637081125000066, 52.265401796000049 ], [ 14.617612820000033, 52.271211985000036 ], [ 14.600891329000035, 52.272052006000081 ], [ 14.593632952000064, 52.274690046000046 ], [ 14.588503070000058, 52.281497993000073 ], [ 14.587411631000066, 52.282946459000073 ], [ 14.584199091000073, 52.284779756000034 ], [ 14.575440354000023, 52.289778097000067 ], [ 14.575608727000031, 52.295675234000043 ], [ 14.579713345000073, 52.299121734000039 ], [ 14.58263885100007, 52.301578176000078 ], [ 14.584045218000028, 52.306656750000059 ], [ 14.575265912000077, 52.321772313000054 ], [ 14.567776793000064, 52.325501647000067 ], [ 14.561913142000037, 52.328421552000066 ], [ 14.562113811000074, 52.335123446000068 ], [ 14.562248046000036, 52.339606586000059 ], [ 14.559592180000038, 52.343310496000072 ], [ 14.552723998000033, 52.352888962000065 ], [ 14.552350025000067, 52.358660709000048 ], [ 14.551680198000042, 52.368998543000032 ], [ 14.551281584000037, 52.375150585000029 ], [ 14.534361890000071, 52.395008038000071 ], [ 14.545878332000029, 52.412481294000031 ], [ 14.545128172000034, 52.420179906000044 ], [ 14.544669911000028, 52.424882868000054 ], [ 14.549580516000049, 52.433403153000029 ], [ 14.560006300000055, 52.438906925000026 ], [ 14.564020395000057, 52.439457713000081 ], [ 14.577595777000056, 52.441320437000059 ], [ 14.608796969000025, 52.463869957000043 ], [ 14.610796667000045, 52.469317064000052 ], [ 14.611397555000053, 52.470953862000044 ], [ 14.614790208000045, 52.477477923000038 ], [ 14.622015656000031, 52.482210523000049 ], [ 14.631055015000072, 52.488131218000035 ], [ 14.634950515000071, 52.495729789000052 ], [ 14.630597690000059, 52.502244794000035 ], [ 14.618937632000041, 52.507595231000039 ], [ 14.613446826000029, 52.510114791000035 ], [ 14.606189891000042, 52.525870015000066 ], [ 14.604859760000068, 52.534185500000035 ], [ 14.613358928000025, 52.544680994000032 ], [ 14.616642074000026, 52.554563572000063 ], [ 14.626296510000032, 52.560242563000031 ], [ 14.638509120000037, 52.567426339000065 ], [ 14.639203698000074, 52.571489323000037 ], [ 14.637001859000065, 52.575322880000044 ], [ 14.630796776000068, 52.577945526000065 ], [ 14.619605786000022, 52.582675520000066 ], [ 14.611834065000039, 52.589129900000046 ], [ 14.608109999000021, 52.598800947000029 ], [ 14.607914857000026, 52.599307712000041 ], [ 14.596878115000038, 52.609801117000075 ], [ 14.565062983000075, 52.624496890000046 ], [ 14.575445824000042, 52.635409163000077 ], [ 14.583367320000036, 52.633369200000061 ], [ 14.583979361000047, 52.633211586000073 ], [ 14.625911999000039, 52.653637422000031 ], [ 14.62608612300005, 52.654075466000052 ], [ 14.628603272000078, 52.660407865000082 ], [ 14.640409641000076, 52.658441482000057 ], [ 14.65088888400004, 52.650826289000065 ], [ 14.660539240000048, 52.648612903000071 ], [ 14.662399238000035, 52.646736433000058 ], [ 14.662353320000022, 52.646664240000064 ], [ 14.659585436000043, 52.642312548000064 ], [ 14.670199154000045, 52.63774438300004 ], [ 14.696428862000062, 52.633406446000038 ], [ 14.720981370000061, 52.631600948000028 ], [ 14.733184994000055, 52.641012242000045 ], [ 14.733345533000033, 52.641136048000078 ], [ 14.738630718000024, 52.642393929000036 ], [ 14.748012029000051, 52.644626693000077 ], [ 14.749766550000061, 52.654851295000071 ], [ 14.751969440000039, 52.667688799000075 ], [ 14.76321000300004, 52.671153983000067 ], [ 14.766530007000028, 52.67360413800003 ], [ 14.776211278000062, 52.680748894000033 ], [ 14.790918753000028, 52.697018810000031 ], [ 14.797576617000061, 52.725729881000063 ], [ 14.796162448000075, 52.735241814000062 ], [ 14.79863094600006, 52.738044968000054 ], [ 14.795785974000069, 52.742933463000043 ], [ 14.790375293000068, 52.752230596000061 ], [ 14.79251571900005, 52.757067096000071 ], [ 14.801295745000061, 52.759100768000053 ], [ 14.810110852000037, 52.766384413000026 ], [ 14.817497477000074, 52.77370680000007 ], [ 14.828195074000064, 52.775209191000044 ], [ 14.846622226000022, 52.777797135000071 ], [ 14.849358377000044, 52.783048767000082 ], [ 14.847844561000045, 52.787722337000048 ], [ 14.847116391000043, 52.789970400000072 ], [ 14.853212036000059, 52.791140441000039 ], [ 14.863399302000062, 52.793095857000026 ], [ 14.863511224000035, 52.80080788600003 ], [ 14.863639312000032, 52.809633813000062 ], [ 14.857286066000029, 52.813013450000028 ], [ 14.856332020000025, 52.813520959000073 ], [ 14.856338323000045, 52.817032073000064 ], [ 14.85634374600005, 52.820053447000078 ], [ 14.855059973000039, 52.822452529000032 ], [ 14.85215237500006, 52.827886177000039 ], [ 14.863492317000066, 52.83119595800008 ], [ 14.871999534000054, 52.83367895300006 ], [ 14.868989178000049, 52.837584943000081 ], [ 14.86527921000004, 52.842398692000074 ], [ 14.865987874000041, 52.846497812000052 ], [ 14.887429645000054, 52.846113034000041 ], [ 14.893770438000047, 52.841004128000066 ], [ 14.895100144000025, 52.837537145000056 ], [ 14.896418193000045, 52.834100557000056 ], [ 14.917259040000033, 52.842422444000078 ], [ 14.918576723000058, 52.847917966000068 ], [ 14.910757560000036, 52.854039253000053 ], [ 14.89943512900004, 52.855360715000074 ], [ 14.895705529000054, 52.85579600300008 ], [ 14.890297485000076, 52.860712088000071 ], [ 14.904826317000072, 52.883798245000037 ], [ 14.916608781000036, 52.888694679000082 ], [ 14.92397412300005, 52.889203577000046 ], [ 14.925647088000062, 52.885049693000042 ], [ 14.934337585000037, 52.880689018000055 ], [ 14.950075321000043, 52.877414859000055 ], [ 14.954630207000037, 52.872571471000072 ], [ 14.957473163000031, 52.869548444000031 ], [ 14.964460845000076, 52.869620313000041 ], [ 14.968900893000068, 52.869665980000036 ], [ 14.98123645000004, 52.86323188800003 ], [ 14.980770871000061, 52.85755854100006 ], [ 14.980289808000066, 52.85169650000006 ], [ 14.98652703700003, 52.850194249000026 ], [ 14.987238045000026, 52.850023001000068 ], [ 14.988787553000066, 52.847302202000037 ], [ 14.991071489000035, 52.843291812000075 ], [ 15.008251990000076, 52.84801942200005 ], [ 15.008312595000064, 52.851194111000041 ], [ 15.008354545000032, 52.853391581000039 ], [ 15.015704815000049, 52.856618482000044 ], [ 15.036397166000029, 52.860342216000049 ], [ 15.040762500000028, 52.858362457000055 ], [ 15.044039061000035, 52.852653209000039 ], [ 15.048683137000069, 52.84456113400006 ], [ 15.065726827000049, 52.838574488000063 ], [ 15.071762613000033, 52.830581462000055 ], [ 15.186290002000021, 52.860289298000055 ], [ 15.19613722400004, 52.862843618000056 ], [ 15.200468818000047, 52.863948033000042 ], [ 15.280000236000035, 52.884225945000026 ], [ 15.287099271000045, 52.881299427000044 ], [ 15.288403465000044, 52.886638898000058 ], [ 15.288415133000058, 52.886686669000028 ], [ 15.290150738000023, 52.887089768000067 ], [ 15.327255732000026, 52.895707514000037 ], [ 15.331771427000035, 52.899051592000035 ], [ 15.331665335000025, 52.90440454600008 ], [ 15.326907478000066, 52.904061536000029 ], [ 15.322861022000041, 52.903769814000043 ], [ 15.31222327200004, 52.915860644000077 ], [ 15.305182138000077, 52.923863573000062 ], [ 15.292065685000068, 52.933219252000072 ], [ 15.284222718000024, 52.944446428000049 ], [ 15.283797396000068, 52.952368770000078 ], [ 15.286838573000068, 52.957197648000033 ], [ 15.307752049000044, 52.952506539000069 ], [ 15.352882489000024, 52.94238331400004 ], [ 15.370020643000032, 52.947843981000062 ], [ 15.381559760000073, 52.957881360000044 ], [ 15.383948929000042, 52.959959596000033 ], [ 15.387669192000033, 52.961834550000049 ], [ 15.387842400000068, 52.962703249000072 ], [ 15.389615074000062, 52.971593859000052 ], [ 15.404083990000061, 52.974496490000035 ], [ 15.418873145000077, 52.982895512000027 ], [ 15.443312209000055, 52.989794390000043 ], [ 15.448440276000042, 52.989530990000048 ], [ 15.464441030000046, 52.988709122000046 ], [ 15.486767475000022, 52.996984521000059 ], [ 15.537184142000058, 53.007435956000052 ], [ 15.542501086000073, 53.011271848000035 ], [ 15.546921592000047, 53.014461007000079 ], [ 15.554734071000041, 53.010911392000082 ], [ 15.560564459000034, 53.003018229000077 ], [ 15.571904321000034, 52.98766635700008 ], [ 15.581263506000028, 52.988236039000071 ], [ 15.58871814400004, 52.981705403000035 ], [ 15.595690496000032, 52.982614776000048 ], [ 15.607116131000055, 52.984104972000068 ], [ 15.624915713000064, 52.980449269000076 ], [ 15.635478465000062, 52.978279876000045 ], [ 15.652437135000071, 52.984682120000059 ], [ 15.681799669000043, 52.99576707500006 ], [ 15.702055702000052, 52.994735723000076 ], [ 15.711773181000069, 52.991944699000044 ], [ 15.723762826000041, 52.988501070000041 ], [ 15.765796019000049, 52.99989869400008 ], [ 15.774439119000021, 53.014102417000061 ], [ 15.768341200000066, 53.024802750000049 ], [ 15.767475533000038, 53.026321780000046 ], [ 15.787301764000063, 53.03863063600005 ], [ 15.801285426000049, 53.04731221000003 ], [ 15.795978652000031, 53.054026641000064 ], [ 15.791598380000039, 53.059568808000051 ], [ 15.805103010000039, 53.063088961000062 ], [ 15.816641169000036, 53.066096529000049 ], [ 15.816968933000055, 53.075304809000045 ], [ 15.817295474000048, 53.084478747000048 ], [ 15.836009929000056, 53.089490513000044 ], [ 15.855216899000027, 53.094634176000056 ], [ 15.851698368000029, 53.104935480000051 ], [ 15.848179965000043, 53.11523641000008 ], [ 15.874394787000028, 53.120594496000081 ], [ 15.877115557000025, 53.120054144000051 ], [ 15.882162675000075, 53.119051773000081 ], [ 15.897720108000044, 53.121557746000065 ], [ 15.909806956000068, 53.123504681000043 ], [ 15.913363632000028, 53.121178969000027 ], [ 15.91580979500003, 53.119579422000072 ] ], [ [ 15.876679848000038, 52.47010516000006 ], [ 15.879747, 52.465407707000054 ], [ 15.884223896000037, 52.466210665000062 ], [ 15.880477438000071, 52.470379020000053 ], [ 15.876679848000038, 52.47010516000006 ] ] ] } },
{ "type": "Feature", "properties": { "voivodeship": "mazowieckie" }, "geometry": { "type": "MultiPolygon", "coordinates": [ [ [ [ 20.299890747000063, 51.910865967000063 ], [ 20.294598282000038, 51.912608936000026 ], [ 20.299246684000025, 51.915927079000028 ], [ 20.302356635000024, 51.914289877000044 ], [ 20.299890747000063, 51.910865967000063 ] ] ], [ [ [ 21.604075802000068, 53.474679464000076 ], [ 21.602241939000066, 53.468671925000081 ], [ 21.610318502000041, 53.464257153000062 ], [ 21.602844585000071, 53.460482493000029 ], [ 21.607721339000022, 53.449677886000075 ], [ 21.60894518300006, 53.436389500000075 ], [ 21.621387328000026, 53.429271354000036 ], [ 21.622715165000045, 53.428511699000069 ], [ 21.62292515300004, 53.427357664000056 ], [ 21.626237110000034, 53.409156081000049 ], [ 21.645029090000037, 53.399851231000071 ], [ 21.649285151000072, 53.397743842000068 ], [ 21.652141376000031, 53.391106744000069 ], [ 21.659270192000065, 53.386283152000033 ], [ 21.660063712000067, 53.38114194700006 ], [ 21.66037910700004, 53.379098510000063 ], [ 21.657066991000022, 53.372415684000032 ], [ 21.66581483300007, 53.370348441000033 ], [ 21.682446682000034, 53.36641809300005 ], [ 21.678310501000055, 53.361524703000043 ], [ 21.668641437000076, 53.35735247000008 ], [ 21.65714074300007, 53.352389883000058 ], [ 21.656937027000026, 53.347479892000081 ], [ 21.666221623000069, 53.338136484000074 ], [ 21.655861310000034, 53.33560054000003 ], [ 21.654318218000071, 53.332361742000046 ], [ 21.669019813000034, 53.330555519000029 ], [ 21.681580112000063, 53.334140288000071 ], [ 21.688541878000024, 53.336127210000029 ], [ 21.691172241000061, 53.33389777900004 ], [ 21.689784, 53.328144416000043 ], [ 21.701105321000057, 53.326395239000078 ], [ 21.709941561000051, 53.320543606000058 ], [ 21.735427496000057, 53.31272793100004 ], [ 21.732946853000044, 53.308739931000048 ], [ 21.711635917000024, 53.305134060000057 ], [ 21.702757039000062, 53.307440732000032 ], [ 21.699310645000025, 53.312978676000057 ], [ 21.693585048000045, 53.313542390000066 ], [ 21.689348910000035, 53.311700660000042 ], [ 21.68915987500003, 53.306947753000031 ], [ 21.683695060000048, 53.305560248000063 ], [ 21.679042011000035, 53.310588050000035 ], [ 21.678009674000066, 53.311703531000035 ], [ 21.667897999000047, 53.311477135000075 ], [ 21.667344402000026, 53.315721359000065 ], [ 21.659109846000035, 53.315759872000058 ], [ 21.65770025300003, 53.309590806000074 ], [ 21.663119622000067, 53.304232275000061 ], [ 21.658045651000066, 53.300105734000056 ], [ 21.659889300000032, 53.295248871000069 ], [ 21.648974131000045, 53.291659075000041 ], [ 21.646881231000066, 53.285422568000058 ], [ 21.653929278000078, 53.279633413000056 ], [ 21.65776087100005, 53.276486204000037 ], [ 21.656380679000051, 53.264763512000059 ], [ 21.647291530000075, 53.263478735000035 ], [ 21.631630138000048, 53.261264953000079 ], [ 21.642653065000047, 53.247954982000067 ], [ 21.655832200000077, 53.24491594400007 ], [ 21.666884746000051, 53.225961847000065 ], [ 21.671260294000035, 53.22226390600008 ], [ 21.676897752000059, 53.217499477000047 ], [ 21.685244872000055, 53.21469447700008 ], [ 21.682861090000074, 53.211030085000061 ], [ 21.678438027000027, 53.209437987000058 ], [ 21.671263477000025, 53.206855481000048 ], [ 21.685734417000049, 53.180828605000045 ], [ 21.687012289000052, 53.178530274000082 ], [ 21.692740634000074, 53.174705792000054 ], [ 21.703355939000062, 53.167618571000048 ], [ 21.706787450000036, 53.163208616000077 ], [ 21.700504425000076, 53.15585234200006 ], [ 21.695620985000062, 53.150134727000079 ], [ 21.697573919000035, 53.145112875000052 ], [ 21.698998452000069, 53.134851043000026 ], [ 21.734285137000029, 53.110346702000072 ], [ 21.752910531000055, 53.113189157000079 ], [ 21.755581950000078, 53.113596847000053 ], [ 21.770954857000049, 53.112677820000044 ], [ 21.773519993000036, 53.110487269000032 ], [ 21.775272741000038, 53.108990474000052 ], [ 21.778101254000035, 53.109886668000058 ], [ 21.790943263000031, 53.113955569000041 ], [ 21.808973061000074, 53.11414859000007 ], [ 21.828634994000026, 53.094632442000034 ], [ 21.837473715000044, 53.085859256000049 ], [ 21.842779934000077, 53.077175320000038 ], [ 21.860376962000032, 53.071671884000068 ], [ 21.860568208000075, 53.063021369000069 ], [ 21.874581331000059, 53.058867544000066 ], [ 21.897646013000042, 53.061024286000077 ], [ 21.908792109000046, 53.066743502000065 ], [ 21.913065996000057, 53.068936493000081 ], [ 21.913862857000026, 53.076251873000047 ], [ 21.918240879000052, 53.078331683000044 ], [ 21.926405944000066, 53.078257291000057 ], [ 21.939920739000058, 53.072369878000075 ], [ 21.925050512000041, 53.059098513000038 ], [ 21.923423374000038, 53.052930007000043 ], [ 21.922629555000071, 53.049920630000031 ], [ 21.922522312000069, 53.049514069000054 ], [ 21.927424146000078, 53.044552241000076 ], [ 21.938581853000073, 53.045296868000037 ], [ 21.939680184000053, 53.038695478000079 ], [ 21.913351095000053, 53.038634930000057 ], [ 21.909564826000064, 53.040235937000034 ], [ 21.898332150000044, 53.044985623000059 ], [ 21.89243480600004, 53.027106230000072 ], [ 21.876502093000056, 53.01945033700008 ], [ 21.886432261000039, 53.005479926000078 ], [ 21.893603400000075, 53.00065496600007 ], [ 21.908466848000046, 52.99834622700007 ], [ 21.90950907000007, 52.994864534000044 ], [ 21.92074933400005, 52.98858040600004 ], [ 21.93246890000006, 52.985608769000066 ], [ 21.948048691000054, 52.986086509000074 ], [ 21.953238396000074, 52.986245647000032 ], [ 21.959198600000036, 52.984219818000042 ], [ 21.960306136000042, 52.980258806000052 ], [ 21.960430330000065, 52.97981463800005 ], [ 21.961363250000034, 52.979756210000062 ], [ 21.97609777100007, 52.978833407000081 ], [ 22.00079123200004, 52.971590567000078 ], [ 21.998990069000058, 52.963156346000062 ], [ 21.996755115000042, 52.962929436000081 ], [ 21.990533276000065, 52.962297746000047 ], [ 21.989186876000076, 52.958201472000042 ], [ 21.991853085000059, 52.957881360000044 ], [ 22.001920803000075, 52.956672604000062 ], [ 22.005291466000074, 52.956267913000033 ], [ 22.015204996000023, 52.949454457000058 ], [ 22.014511550000066, 52.941813486000058 ], [ 22.028163671000073, 52.937257425000041 ], [ 22.024551630000076, 52.932281807000038 ], [ 22.012705968000034, 52.927638134000063 ], [ 22.010730749000061, 52.923742442000048 ], [ 22.006850037000049, 52.922735211000031 ], [ 21.992614238000044, 52.91904033600008 ], [ 21.993507037000029, 52.915860644000077 ], [ 21.994585650000033, 52.912019180000073 ], [ 22.00406799600006, 52.906832955000027 ], [ 22.008553500000062, 52.904379677000065 ], [ 22.006731031000072, 52.893925075000027 ], [ 22.00393157700006, 52.877865988000053 ], [ 22.008819703000029, 52.877131162000069 ], [ 22.019304600000055, 52.882483873000069 ], [ 22.024542480000036, 52.885157897000056 ], [ 22.03649355400006, 52.883724607000033 ], [ 22.031505917000061, 52.87138139700005 ], [ 22.029189398000028, 52.865648565000072 ], [ 22.038683541000069, 52.859734634000063 ], [ 22.038938844000029, 52.850757431000034 ], [ 22.05921012500005, 52.850136113000076 ], [ 22.084001841000031, 52.841758609000067 ], [ 22.083992851000062, 52.845750439000028 ], [ 22.089533722000056, 52.850919402000045 ], [ 22.101378866000061, 52.861969489000046 ], [ 22.111900117000062, 52.850322191000032 ], [ 22.113123703000042, 52.848967649000031 ], [ 22.124192798000024, 52.842700416000071 ], [ 22.138783230000058, 52.849604377000048 ], [ 22.14236543100003, 52.851299418000053 ], [ 22.145333183000048, 52.84942948500003 ], [ 22.14980059800007, 52.846614639000052 ], [ 22.155931603000056, 52.849496376000047 ], [ 22.174168289000022, 52.858068109000044 ], [ 22.192329538000024, 52.856244056000037 ], [ 22.209688980000067, 52.854500534000067 ], [ 22.208504495000057, 52.867283289000056 ], [ 22.207482453000068, 52.878312992000076 ], [ 22.207172301000071, 52.883018461000063 ], [ 22.217544676000045, 52.882907853000063 ], [ 22.222787762000053, 52.88197488600008 ], [ 22.230787081000074, 52.880551470000057 ], [ 22.252254503000074, 52.876731509000081 ], [ 22.26214111400003, 52.881301052000026 ], [ 22.269420965000052, 52.884665763000044 ], [ 22.278099385000075, 52.885721922000073 ], [ 22.293183406000026, 52.871112142000072 ], [ 22.286992151000049, 52.865373760000068 ], [ 22.284763981000026, 52.863308575000076 ], [ 22.279657727000028, 52.849945471000069 ], [ 22.283311610000055, 52.848958052000057 ], [ 22.292697786000076, 52.854186999000035 ], [ 22.296809491000033, 52.856477589000065 ], [ 22.305429753000055, 52.856549288000053 ], [ 22.30823902700007, 52.849072178000029 ], [ 22.304464697000071, 52.840719056000069 ], [ 22.277263318000053, 52.833043998000051 ], [ 22.273509176000061, 52.836459453000032 ], [ 22.273399403000042, 52.839044568000077 ], [ 22.273304567000025, 52.841277911000077 ], [ 22.264748025000074, 52.843459083000027 ], [ 22.260287908000066, 52.836909467000055 ], [ 22.247666310000056, 52.833266859000048 ], [ 22.256549107000069, 52.820053447000078 ], [ 22.269487053000034, 52.80080788600003 ], [ 22.279802403000076, 52.785463511000046 ], [ 22.286176049000062, 52.779114519000075 ], [ 22.291875548000064, 52.779816149000055 ], [ 22.300568205000047, 52.780886248000058 ], [ 22.303768723000076, 52.77325581100007 ], [ 22.301427912000065, 52.770687641000052 ], [ 22.301339550000023, 52.767583565000052 ], [ 22.301026229000058, 52.756576837000068 ], [ 22.307271933000038, 52.753048144000047 ], [ 22.303656668000031, 52.747979600000065 ], [ 22.322425324000051, 52.747805629000027 ], [ 22.325191166000025, 52.74242668100004 ], [ 22.332182699000043, 52.74080187900006 ], [ 22.335288196000079, 52.742897103000075 ], [ 22.338456219000022, 52.753735237000058 ], [ 22.345840121000037, 52.757302634000041 ], [ 22.342775867000057, 52.76375317000003 ], [ 22.341329367000071, 52.766798186000074 ], [ 22.344907059000036, 52.77671593000008 ], [ 22.362781380000058, 52.777498283000057 ], [ 22.382132981000041, 52.778345297000044 ], [ 22.386918485000024, 52.784920645000057 ], [ 22.385142663000067, 52.787248886000043 ], [ 22.381403831000057, 52.792150788000072 ], [ 22.382348740000054, 52.79454209000005 ], [ 22.434910464000041, 52.791968593000036 ], [ 22.453771432000053, 52.788238467000042 ], [ 22.453767721000077, 52.782443483000065 ], [ 22.459941781000055, 52.771579902000042 ], [ 22.453660166000077, 52.765286200000048 ], [ 22.453253673000063, 52.763650793000068 ], [ 22.450292397000055, 52.751736961000063 ], [ 22.445203574000061, 52.743972683000038 ], [ 22.447412598000028, 52.730517162000069 ], [ 22.440932820000057, 52.71514350800004 ], [ 22.435509671000034, 52.696890609000036 ], [ 22.444574042000056, 52.680879858000026 ], [ 22.444955490000041, 52.680206091000059 ], [ 22.444913534000023, 52.679574778000074 ], [ 22.443757155000071, 52.662174514000071 ], [ 22.450965646000043, 52.652862646000074 ], [ 22.451904978000073, 52.652698226000041 ], [ 22.471801404000075, 52.649215579000042 ], [ 22.472333990000038, 52.646246523000059 ], [ 22.463877217000061, 52.645382837000056 ], [ 22.461476858000026, 52.639687709000043 ], [ 22.451793563000024, 52.639184498000077 ], [ 22.449862612000061, 52.639084153000056 ], [ 22.449755112000048, 52.636530340000036 ], [ 22.449223890000042, 52.623910403000082 ], [ 22.421414190000064, 52.614731911000035 ], [ 22.418471143000033, 52.60980582600007 ], [ 22.408589068000026, 52.609689888000048 ], [ 22.41793892000004, 52.599560917000076 ], [ 22.44791998900007, 52.586837478000064 ], [ 22.452135417000022, 52.586209592000046 ], [ 22.457845366000072, 52.585359098000026 ], [ 22.45994068400006, 52.580570393000073 ], [ 22.464247129000057, 52.57072831000005 ], [ 22.477007685000046, 52.56283658500007 ], [ 22.481713439000032, 52.560740782000039 ], [ 22.486073236000038, 52.558799057000044 ], [ 22.488222964000045, 52.555989894000049 ], [ 22.488399580000078, 52.554651355000033 ], [ 22.488641507000068, 52.552817839000056 ], [ 22.491060520000076, 52.547123236000061 ], [ 22.499550557000077, 52.543329121000056 ], [ 22.510928627000055, 52.534132948000035 ], [ 22.524179706000041, 52.523422940000046 ], [ 22.525726790000078, 52.517953114000079 ], [ 22.520754013000044, 52.514503423000065 ], [ 22.516614441000058, 52.503168081000069 ], [ 22.510781507000047, 52.487195825000072 ], [ 22.51326602000006, 52.480044203000034 ], [ 22.52301641400004, 52.473060073000056 ], [ 22.524796177000042, 52.471785242000067 ], [ 22.525510298000029, 52.470479543000067 ], [ 22.529666122000037, 52.462881037000045 ], [ 22.537181916000065, 52.464903481000079 ], [ 22.546575679000057, 52.467431273000045 ], [ 22.553147085000035, 52.463675653000053 ], [ 22.547913944000072, 52.452169371000082 ], [ 22.542162636000057, 52.439523776000044 ], [ 22.542594885000028, 52.426635932000067 ], [ 22.544620554000062, 52.421747178000032 ], [ 22.553956406000054, 52.417908701000044 ], [ 22.556594995000069, 52.41682383400007 ], [ 22.562851183000078, 52.410534025000061 ], [ 22.56459400600005, 52.407621577000043 ], [ 22.566809597000031, 52.403919082000073 ], [ 22.578263329000038, 52.402002522000032 ], [ 22.580542302000026, 52.394176147000053 ], [ 22.592544644000043, 52.398145001000046 ], [ 22.59366779100003, 52.398516396000048 ], [ 22.605557795000038, 52.398313521000034 ], [ 22.611831825000024, 52.392128530000036 ], [ 22.615697129000068, 52.388318081000079 ], [ 22.621162336000054, 52.390574299000036 ], [ 22.626162846000057, 52.392638674000068 ], [ 22.633947715000033, 52.390856025000062 ], [ 22.642812997000078, 52.388825974000042 ], [ 22.651844919000041, 52.391250391000028 ], [ 22.657461697000031, 52.392758090000029 ], [ 22.659245674000033, 52.391413468000053 ], [ 22.666121563000047, 52.386230960000034 ], [ 22.683537363000028, 52.391948737000064 ], [ 22.685746653000024, 52.392674068000076 ], [ 22.705382878000023, 52.392194661000076 ], [ 22.721891629000027, 52.382838895000077 ], [ 22.72302667200006, 52.377637543000048 ], [ 22.722907426000063, 52.377388858000074 ], [ 22.720449559000031, 52.372263013000065 ], [ 22.730503947000045, 52.367210229000079 ], [ 22.733650298000043, 52.372385296000061 ], [ 22.738426810000078, 52.380241625000053 ], [ 22.750838502000079, 52.383736370000065 ], [ 22.760536368000032, 52.382143963000033 ], [ 22.76229448600003, 52.379793419000066 ], [ 22.76666074700006, 52.373955878000061 ], [ 22.772437029000059, 52.371142981000048 ], [ 22.790070883000055, 52.37336345500006 ], [ 22.793473280000057, 52.373791889000074 ], [ 22.811933970000041, 52.368302365000034 ], [ 22.815797701000065, 52.367153435000034 ], [ 22.849187132000054, 52.358868509000047 ], [ 22.854458364000038, 52.361267051000027 ], [ 22.859648139000058, 52.363628528000049 ], [ 22.873851394000042, 52.363686524000059 ], [ 22.886088291000078, 52.363736490000065 ], [ 22.893718488000047, 52.366165140000078 ], [ 22.917954243000054, 52.373879249000026 ], [ 22.929204603000073, 52.373593371000027 ], [ 22.963635680000039, 52.364971202000049 ], [ 22.96782872600005, 52.359415196000043 ], [ 22.968398128000047, 52.358660709000048 ], [ 22.97735282900004, 52.346795263000047 ], [ 22.983431385000074, 52.345967319000067 ], [ 22.988006733000077, 52.345344123000075 ], [ 22.987833939000041, 52.342172773000073 ], [ 22.987623171000052, 52.338304465000078 ], [ 22.994381139000041, 52.332916536000027 ], [ 22.999693800000045, 52.334343584000067 ], [ 23.006150855000044, 52.336078030000067 ], [ 23.043590752000057, 52.325794379000058 ], [ 23.058210894000069, 52.304028780000067 ], [ 23.055605549000063, 52.300327223000068 ], [ 23.048839653000073, 52.290714542000046 ], [ 23.05313897800005, 52.284939979000058 ], [ 23.074181442000054, 52.282235230000026 ], [ 23.088310270000022, 52.288900622000028 ], [ 23.111423824000042, 52.299804635000044 ], [ 23.117417765000027, 52.297930167000061 ], [ 23.128408850000028, 52.287841488000026 ], [ 23.10574217900006, 52.266925345000061 ], [ 23.106463102000077, 52.265671961000066 ], [ 23.108953781000025, 52.261341713000036 ], [ 23.107222567000065, 52.258474328000034 ], [ 23.102459801000066, 52.25443243400008 ], [ 23.095817774000068, 52.254918082000074 ], [ 23.093588599000043, 52.255081074000032 ], [ 23.084515919000069, 52.243500983000047 ], [ 23.078642101000071, 52.236003821000054 ], [ 23.07330427200003, 52.235877920000064 ], [ 23.064505781000037, 52.235670395000056 ], [ 23.035207668000055, 52.219757643000037 ], [ 23.030841696000039, 52.214318511000045 ], [ 23.032253774000026, 52.198885112000028 ], [ 23.040449181000042, 52.18446556300006 ], [ 23.046652245000075, 52.182330912000054 ], [ 23.066756172000055, 52.175412579000067 ], [ 23.071477654000034, 52.170420556000067 ], [ 23.045634292000045, 52.175833023000052 ], [ 23.033434107000062, 52.178388151000036 ], [ 23.028102009000065, 52.174792360000026 ], [ 23.027215427000044, 52.17419447900005 ], [ 23.020368043000076, 52.174333296000043 ], [ 22.997419732000026, 52.174798526000075 ], [ 22.978422954000052, 52.172085256000059 ], [ 22.981422966000025, 52.165077078000081 ], [ 22.984236578000036, 52.158504341000082 ], [ 22.974103523000053, 52.155152500000042 ], [ 22.944852529000059, 52.145476773000041 ], [ 22.934304547000067, 52.137405323000053 ], [ 22.946064010000043, 52.126055256000029 ], [ 22.955656458000078, 52.121171090000075 ], [ 22.960194224000077, 52.118929488000049 ], [ 22.967331662000049, 52.115403678000064 ], [ 22.950096689000077, 52.102207921000058 ], [ 22.936546282000052, 52.107781153000076 ], [ 22.929178739000065, 52.110811396000031 ], [ 22.921379371000057, 52.107282097000052 ], [ 22.902269365000052, 52.10953408000006 ], [ 22.895979785000065, 52.104380731000049 ], [ 22.890114388000029, 52.093154516000027 ], [ 22.893952648000038, 52.090227154000047 ], [ 22.896797966000065, 52.081180497000048 ], [ 22.90129567300005, 52.078947062000054 ], [ 22.906442146000074, 52.076391468000054 ], [ 22.902465539000048, 52.06493689000007 ], [ 22.87002233000004, 52.065709863000052 ], [ 22.86669865500005, 52.063677987000062 ], [ 22.866346946000078, 52.067881015000069 ], [ 22.866043572000024, 52.071506420000048 ], [ 22.85632871100006, 52.068305767000027 ], [ 22.850579656000036, 52.066411686000038 ], [ 22.845233075000067, 52.07170314800004 ], [ 22.837668303000044, 52.079189933000066 ], [ 22.829784534000055, 52.081252213000027 ], [ 22.807283240000061, 52.079026061000036 ], [ 22.794736445000069, 52.073602857000026 ], [ 22.784347571000069, 52.069112389000054 ], [ 22.766556964000074, 52.080597098000055 ], [ 22.763620783000079, 52.085628334000035 ], [ 22.76101895100004, 52.090086654000061 ], [ 22.754719631000057, 52.094226988000059 ], [ 22.742755897000052, 52.095533226000043 ], [ 22.727202461000047, 52.097231400000055 ], [ 22.718277127000079, 52.100766166000028 ], [ 22.700343710000027, 52.107868469000039 ], [ 22.699432114000047, 52.117769563000081 ], [ 22.67033357300005, 52.105809305000037 ], [ 22.648291928000049, 52.090861008000047 ], [ 22.663328617000047, 52.081777124000041 ], [ 22.665514162000022, 52.08045680400005 ], [ 22.664797364000037, 52.070680619000029 ], [ 22.668060594000053, 52.06238628400007 ], [ 22.663284753000028, 52.045000238000057 ], [ 22.659976329000074, 52.036687534000066 ], [ 22.649611807000042, 52.034367160000045 ], [ 22.634084144000042, 52.030890880000072 ], [ 22.622901384000045, 52.018744642000058 ], [ 22.616591484000026, 52.01977548800005 ], [ 22.610585890000038, 52.025439537000068 ], [ 22.608617687000049, 52.031232444000068 ], [ 22.606750718000058, 52.03672739700005 ], [ 22.593257037000058, 52.037292241000046 ], [ 22.587509488000023, 52.037532833000057 ], [ 22.587148928000033, 52.038125677000039 ], [ 22.585249325000063, 52.041249062000077 ], [ 22.577423391000025, 52.039452701000073 ], [ 22.57268681000005, 52.038365469000041 ], [ 22.550179117000027, 52.04384241200006 ], [ 22.54859276600007, 52.04714926500003 ], [ 22.546988901000077, 52.05049262600005 ], [ 22.541456685000071, 52.051037836000035 ], [ 22.526377276000062, 52.052523939000082 ], [ 22.521231605000025, 52.057144588000028 ], [ 22.520781486000033, 52.062304101000052 ], [ 22.520697431000031, 52.063267586000052 ], [ 22.514043858000036, 52.068373805000078 ], [ 22.485680746000071, 52.067487998000047 ], [ 22.477007685000046, 52.059959523000032 ], [ 22.464603063000027, 52.045872763000034 ], [ 22.462661635000075, 52.042404333000036 ], [ 22.455852234000076, 52.030239096000059 ], [ 22.446126480000032, 52.029293179000035 ], [ 22.443852095000068, 52.029071975000079 ], [ 22.442480188000047, 52.026401939000039 ], [ 22.440139570000042, 52.021846577000076 ], [ 22.433529617000033, 52.017430363000074 ], [ 22.406310917000042, 52.014169618000039 ], [ 22.389315851000049, 52.01576377300006 ], [ 22.380415643000049, 52.01659862200006 ], [ 22.376002134000032, 52.012270679000039 ], [ 22.369868676000067, 52.006256132000033 ], [ 22.344746429000054, 51.996731618000069 ], [ 22.338534812000034, 51.997500908000063 ], [ 22.317519181000023, 52.012302098000077 ], [ 22.322348885000054, 52.020758403000059 ], [ 22.324049230000071, 52.023735530000067 ], [ 22.322151494000025, 52.036099064000041 ], [ 22.300725667000052, 52.037358501000028 ], [ 22.293686292000075, 52.029330825000045 ], [ 22.283902946000069, 52.01817393500005 ], [ 22.255216404000066, 52.005207893000033 ], [ 22.222787762000053, 52.011680359000081 ], [ 22.212202164000075, 52.013793149000037 ], [ 22.176234819000058, 52.02221267200008 ], [ 22.152337145000047, 52.027806831000078 ], [ 22.14831743700006, 52.025065620000078 ], [ 22.146280835000027, 52.016782065000029 ], [ 22.145811473000037, 52.014873010000031 ], [ 22.139934897000046, 52.008319788000051 ], [ 22.114538617000051, 52.001472436000029 ], [ 22.067844449000063, 52.008434381000029 ], [ 22.058290052000075, 52.01497375100007 ], [ 22.050251938000031, 52.020475323000028 ], [ 22.031387682000059, 52.02152297400005 ], [ 22.02760180000007, 52.017773344000034 ], [ 22.025182894000068, 52.015377600000079 ], [ 22.013561877000029, 52.010733018000053 ], [ 22.01198271800007, 52.01077194800007 ], [ 21.997372674000076, 52.011132125000074 ], [ 21.986803489000067, 52.000966585000072 ], [ 21.975550973000054, 51.994441088000031 ], [ 21.967351347000033, 51.989686007000046 ], [ 21.958361614000069, 51.991863760000058 ], [ 21.953910546000031, 51.992942026000037 ], [ 21.934562106000044, 51.992259476000072 ], [ 21.930975999000054, 51.989462007000043 ], [ 21.919269408000048, 51.98032986700008 ], [ 21.910749432000046, 51.978158860000065 ], [ 21.903262326000061, 51.979599836000034 ], [ 21.902426508000076, 51.979760698000064 ], [ 21.899162899000032, 51.978141016000052 ], [ 21.890267423000068, 51.973726319000036 ], [ 21.889174688000026, 51.973184010000068 ], [ 21.880305627000041, 51.971025651000048 ], [ 21.879823668000029, 51.968250861000058 ], [ 21.877190614000028, 51.955980991000047 ], [ 21.87683301900006, 51.954314619000058 ], [ 21.875893354000027, 51.954220599000053 ], [ 21.869502235000027, 51.953581126000074 ], [ 21.866380733000028, 51.943426109000029 ], [ 21.870892077000065, 51.941427458000078 ], [ 21.874959193000052, 51.939625613000032 ], [ 21.880322077000073, 51.931523446000028 ], [ 21.889206958000045, 51.928035555000065 ], [ 21.887695775000054, 51.917289972000049 ], [ 21.886895159000062, 51.91159702300007 ], [ 21.893650981000064, 51.908735682000042 ], [ 21.904489025000032, 51.904145369000048 ], [ 21.90690612800006, 51.902418232000059 ], [ 21.903869481000072, 51.896439458000032 ], [ 21.91184396400007, 51.887155976000031 ], [ 21.906459565000034, 51.885536797000043 ], [ 21.89897684400006, 51.883286618000056 ], [ 21.899302194000029, 51.876595490000057 ], [ 21.899371810000048, 51.875163774000043 ], [ 21.895395056000041, 51.871714519000079 ], [ 21.890939191000029, 51.867849706000072 ], [ 21.889530820000061, 51.864388655000027 ], [ 21.886489890000064, 51.85691561200008 ], [ 21.87728093000004, 51.855298555000047 ], [ 21.847220238000034, 51.850020015000041 ], [ 21.845045644000038, 51.844769013000075 ], [ 21.846403716000054, 51.841696510000077 ], [ 21.854130156000053, 51.839532245000044 ], [ 21.857103641000037, 51.838699338000026 ], [ 21.857538537000039, 51.83668868500007 ], [ 21.858936444000051, 51.830225751000057 ], [ 21.869683083000041, 51.829930370000056 ], [ 21.871576724000079, 51.832968640000047 ], [ 21.872922036000034, 51.835127137000029 ], [ 21.886288842000056, 51.833812687000034 ], [ 21.892812930000048, 51.83317112900005 ], [ 21.894364795000058, 51.834276012000032 ], [ 21.896863791000044, 51.836055225000052 ], [ 21.909043889000031, 51.835400973000048 ], [ 21.917496652000068, 51.839108088000046 ], [ 21.925928084000077, 51.837880837000057 ], [ 21.927498425000067, 51.834113964000039 ], [ 21.942340130000048, 51.824812948000044 ], [ 21.944157036000036, 51.816092062000052 ], [ 21.945216112000026, 51.811008653000044 ], [ 21.946921218000057, 51.810074145000044 ], [ 21.950238167000066, 51.808256243000073 ], [ 21.956421323000029, 51.793806090000032 ], [ 21.95102074700003, 51.794058186000029 ], [ 21.945391388000075, 51.787809183000036 ], [ 21.926036496000052, 51.77871564600008 ], [ 21.914338342000065, 51.780188346000045 ], [ 21.914129729000024, 51.780214609000041 ], [ 21.901947760000041, 51.777731456000026 ], [ 21.899714037000024, 51.774362885000073 ], [ 21.896466174000068, 51.769464939000045 ], [ 21.886763702000053, 51.769204235000075 ], [ 21.866560532000051, 51.768661380000026 ], [ 21.858207985000035, 51.760227843000052 ], [ 21.845409759000063, 51.757977556000071 ], [ 21.844266228000038, 51.752659974000039 ], [ 21.836732105000067, 51.748807741000064 ], [ 21.836282504000053, 51.744719692000047 ], [ 21.841247690000046, 51.743597716000068 ], [ 21.846829377000063, 51.74233643000008 ], [ 21.848522191000029, 51.739319409000075 ], [ 21.850157311000032, 51.736405213000069 ], [ 21.861088935000055, 51.734084606000067 ], [ 21.870793701000025, 51.732024441000078 ], [ 21.873387797000078, 51.727314064000041 ], [ 21.871859849000032, 51.723085489000027 ], [ 21.871003639000037, 51.720715938000069 ], [ 21.876651577000075, 51.712831638000068 ], [ 21.882774166000047, 51.711226800000077 ], [ 21.901402572000052, 51.706343968000056 ], [ 21.902339803000075, 51.704111578000038 ], [ 21.898316942000065, 51.700592498000049 ], [ 21.894135113000061, 51.698600139000064 ], [ 21.881003975000056, 51.69234404000008 ], [ 21.878184993000048, 51.682405082000059 ], [ 21.876662048000071, 51.677035595000063 ], [ 21.870301812000037, 51.677721108000071 ], [ 21.85669469000004, 51.679187699000067 ], [ 21.856289211000046, 51.672997831000032 ], [ 21.85606249500006, 51.669536892000053 ], [ 21.85082833000007, 51.671157113000049 ], [ 21.845967383000072, 51.672661806000065 ], [ 21.845065497000064, 51.668315368000037 ], [ 21.841155729000036, 51.66629684600008 ], [ 21.841482799000062, 51.662956551000036 ], [ 21.84182775000005, 51.659433644000046 ], [ 21.838124827000058, 51.652925467000046 ], [ 21.833264490000033, 51.652133329000037 ], [ 21.831911550000029, 51.651912827000046 ], [ 21.830428126000072, 51.650188614000058 ], [ 21.828833320000058, 51.648334939000051 ], [ 21.814526745000023, 51.647571999000036 ], [ 21.805139663000034, 51.647071406000066 ], [ 21.792799523000042, 51.650482640000064 ], [ 21.783444236000037, 51.644331240000042 ], [ 21.760617161000027, 51.640039142000035 ], [ 21.758708409000064, 51.63658814300004 ], [ 21.759589620000042, 51.63464755800004 ], [ 21.761450450000041, 51.630549675000054 ], [ 21.755800836000049, 51.628026846000068 ], [ 21.74799405400006, 51.612666053000055 ], [ 21.727261172000055, 51.618578704000072 ], [ 21.724782206000043, 51.626485889000037 ], [ 21.721668377000071, 51.636418101000061 ], [ 21.716425489000073, 51.635757857000044 ], [ 21.713894981000067, 51.635439187000031 ], [ 21.683899117000067, 51.646624047000046 ], [ 21.647227843000053, 51.660298033000061 ], [ 21.63664695600005, 51.652877261000071 ], [ 21.638677097000027, 51.646859092000057 ], [ 21.640237756000033, 51.642232663000073 ], [ 21.639446098000064, 51.626829298000075 ], [ 21.630389119000029, 51.624618432000034 ], [ 21.624072128000023, 51.623076415000071 ], [ 21.61554235400007, 51.61756196500005 ], [ 21.626276076000067, 51.610027962000061 ], [ 21.628453960000058, 51.609268432000079 ], [ 21.648625603000028, 51.602233633000026 ], [ 21.652257205000069, 51.593978854000056 ], [ 21.65790553100004, 51.581139978000067 ], [ 21.698598770000046, 51.569711871000038 ], [ 21.757075483000051, 51.560769279000056 ], [ 21.770528532000071, 51.564657717000046 ], [ 21.783193666000045, 51.568318417000057 ], [ 21.817351182000039, 51.564156021000031 ], [ 21.821345705000056, 51.56313052400003 ], [ 21.82377398400007, 51.56216306400006 ], [ 21.825935561000051, 51.560975445000054 ], [ 21.828580097000042, 51.558848520000026 ], [ 21.83063329600003, 51.556372468000063 ], [ 21.832043216000045, 51.553826098000059 ], [ 21.832869790000075, 51.551089524000076 ], [ 21.833096536000028, 51.548363966000068 ], [ 21.833328753000046, 51.539857319000077 ], [ 21.833454634000077, 51.535246021000034 ], [ 21.845727903000068, 51.520728871000074 ], [ 21.854956460000039, 51.509813087000055 ], [ 21.85508223000005, 51.503529326000034 ], [ 21.851298492000069, 51.497783953000067 ], [ 21.847648843000059, 51.492242187000045 ], [ 21.848685292000027, 51.484341370000038 ], [ 21.857896354000047, 51.47714191700004 ], [ 21.860982082000078, 51.476572625000074 ], [ 21.872209090000069, 51.474501334000081 ], [ 21.873041820000026, 51.470507007000037 ], [ 21.855765888000064, 51.448633536000045 ], [ 21.850222285000029, 51.430515573000037 ], [ 21.838736173000029, 51.417923568000049 ], [ 21.834455817000048, 51.41769000100004 ], [ 21.833363868000049, 51.421886141000073 ], [ 21.828545293000047, 51.424702860000082 ], [ 21.826908637000031, 51.425659574000065 ], [ 21.811114125000074, 51.428743712000028 ], [ 21.787654064000037, 51.420164875000069 ], [ 21.785561310000048, 51.41493141400008 ], [ 21.781551304000061, 51.415516386000036 ], [ 21.780092938000053, 51.411639481000066 ], [ 21.767742779000059, 51.413509133000048 ], [ 21.761347447000048, 51.405778955000073 ], [ 21.764008964000027, 51.402199403000054 ], [ 21.760954886000036, 51.40125344900008 ], [ 21.769172285000025, 51.391749497000035 ], [ 21.780385220000028, 51.394333593000056 ], [ 21.788186726000049, 51.39613150200006 ], [ 21.795403642000053, 51.385666926000056 ], [ 21.798216303000061, 51.381588548000082 ], [ 21.816227793000053, 51.372470140000075 ], [ 21.823578999000063, 51.37616982000003 ], [ 21.832174070000065, 51.380495506000045 ], [ 21.840334448000078, 51.375323317000039 ], [ 21.852858194000078, 51.352693078000073 ], [ 21.844631442000036, 51.352990275000082 ], [ 21.843976474000044, 51.352450047000048 ], [ 21.829791802000045, 51.340750311000079 ], [ 21.834380288000034, 51.333643266000081 ], [ 21.835351777000028, 51.332138540000074 ], [ 21.831748640000058, 51.328485714000067 ], [ 21.830289426000036, 51.327006377000032 ], [ 21.829012194000029, 51.323122778000027 ], [ 21.822660616000064, 51.303809930000057 ], [ 21.818123707000041, 51.300234215000046 ], [ 21.811763822000046, 51.30149956200006 ], [ 21.811494073000063, 51.301553231000071 ], [ 21.784040497000035, 51.291633367000031 ], [ 21.787971697000046, 51.285734951000052 ], [ 21.807600036000053, 51.289871624000057 ], [ 21.812652607000075, 51.290936454000075 ], [ 21.815734058000032, 51.289332200000047 ], [ 21.816008998000029, 51.286835391000068 ], [ 21.81640023500006, 51.283282447000033 ], [ 21.821632687000033, 51.281198952000068 ], [ 21.825535264000052, 51.283395732000031 ], [ 21.834617721000029, 51.288508291000028 ], [ 21.838266744000066, 51.283017401000052 ], [ 21.860110760000055, 51.274702359000059 ], [ 21.856219621000037, 51.274278372000026 ], [ 21.849089112000058, 51.270476368000061 ], [ 21.839366509000058, 51.269192089000057 ], [ 21.834345117000055, 51.26784144800007 ], [ 21.830485961000022, 51.266803423000056 ], [ 21.82377548200003, 51.263878982000051 ], [ 21.821717788000058, 51.262660149000055 ], [ 21.808701886000051, 51.25388440200004 ], [ 21.808553643000039, 51.245856169000035 ], [ 21.811846542000069, 51.23906683000007 ], [ 21.815638736000039, 51.231248040000025 ], [ 21.808896266000033, 51.225802599000076 ], [ 21.807889286000034, 51.224989329000039 ], [ 21.78914717400005, 51.202001985000038 ], [ 21.785534340000027, 51.19008393200005 ], [ 21.783539742000073, 51.180589073000078 ], [ 21.788455703000068, 51.179088971000056 ], [ 21.789397300000076, 51.178801643000043 ], [ 21.791104546000042, 51.171368679000068 ], [ 21.79004988500003, 51.167357927000069 ], [ 21.785392412000078, 51.149646095000037 ], [ 21.793831799000031, 51.139528121000069 ], [ 21.799316022000028, 51.132953090000058 ], [ 21.798764939000023, 51.127801033000026 ], [ 21.795576999000048, 51.126685790000067 ], [ 21.792775470000038, 51.125705726000035 ], [ 21.790709843000059, 51.11600506800005 ], [ 21.792757808000033, 51.101277713000059 ], [ 21.797556866000036, 51.095446572000071 ], [ 21.799807843000053, 51.087048479000032 ], [ 21.79802933600007, 51.08241651600008 ], [ 21.799627046000069, 51.076227397000082 ], [ 21.802997768000068, 51.072078890000057 ], [ 21.784755948000054, 51.067484092000029 ], [ 21.782630377000032, 51.061922775000028 ], [ 21.783646532000034, 51.061078173000055 ], [ 21.786032126000066, 51.059095328000069 ], [ 21.784783580000067, 51.055190278000055 ], [ 21.776672224000038, 51.050926006000054 ], [ 21.773684954000032, 51.04935555000003 ], [ 21.774990832000071, 51.048478484000043 ], [ 21.779362495000044, 51.045542344000069 ], [ 21.778266852000058, 51.042949745000044 ], [ 21.765431546000059, 51.04262323100005 ], [ 21.761122173000047, 51.042513606000057 ], [ 21.75943975000007, 51.040828989000033 ], [ 21.756008123000072, 51.037392889000046 ], [ 21.749006689000055, 51.039975563000041 ], [ 21.731053248000023, 51.046598190000054 ], [ 21.721970718000023, 51.042558694000036 ], [ 21.720063483000047, 51.041710442000067 ], [ 21.706361626000046, 51.042752137000036 ], [ 21.698559703000058, 51.053338118000056 ], [ 21.686256603000061, 51.070031487000051 ], [ 21.675490842000045, 51.077353561000052 ], [ 21.667658119000066, 51.075056718000042 ], [ 21.650582901000064, 51.070049635000032 ], [ 21.642575840000063, 51.07437167300003 ], [ 21.640115348000052, 51.075699794000059 ], [ 21.626760521000051, 51.073654368000064 ], [ 21.612036283000066, 51.076085563000049 ], [ 21.61500895100005, 51.072586020000074 ], [ 21.623870520000025, 51.07098145100008 ], [ 21.627803612000037, 51.066378637000071 ], [ 21.630228994000049, 51.063409885000056 ], [ 21.621208329000069, 51.061324894000052 ], [ 21.61941680700005, 51.061734192000074 ], [ 21.61098596100004, 51.063660336000055 ], [ 21.591319178000049, 51.05875095600004 ], [ 21.578286859000059, 51.05909009800007 ], [ 21.555937032000031, 51.051895979000051 ], [ 21.548294585000065, 51.049435975000051 ], [ 21.543172233000064, 51.052781664000065 ], [ 21.532136047000051, 51.059990004000042 ], [ 21.513319666000029, 51.057775097000047 ], [ 21.503044901000067, 51.046184756000059 ], [ 21.505014679000055, 51.04206160800004 ], [ 21.506409570000073, 51.039141814000061 ], [ 21.502221841000051, 51.038494775000061 ], [ 21.492479950000074, 51.036989572000039 ], [ 21.497005611000077, 51.031832942000051 ], [ 21.498125682000023, 51.030556710000042 ], [ 21.488368305000051, 51.021024910000051 ], [ 21.463567176000026, 51.013112042000046 ], [ 21.43035517900006, 51.025498987000049 ], [ 21.430296367000039, 51.025699800000041 ], [ 21.429128981000076, 51.029685794000045 ], [ 21.41619355000006, 51.030492673000026 ], [ 21.410770846000048, 51.030830928000057 ], [ 21.402542567000069, 51.032734958000049 ], [ 21.404133781000041, 51.034591213000056 ], [ 21.404830503000028, 51.035403985000073 ], [ 21.395635558000038, 51.037479353000037 ], [ 21.382458076000034, 51.040453610000043 ], [ 21.382809231000067, 51.050132350000069 ], [ 21.383104851000041, 51.058280391000039 ], [ 21.376301604000048, 51.058899218000079 ], [ 21.372749063000072, 51.059222359000046 ], [ 21.371434798000053, 51.061276660000033 ], [ 21.368673219000073, 51.065593229000058 ], [ 21.361466462000067, 51.066146209000067 ], [ 21.355017381000039, 51.066641051000033 ], [ 21.355430073000036, 51.072165890000065 ], [ 21.355995826000026, 51.079739815000039 ], [ 21.351472140000055, 51.084780717000058 ], [ 21.311085565000042, 51.084208931000035 ], [ 21.240159371000061, 51.082463533000066 ], [ 21.155921715000034, 51.080390558000033 ], [ 21.151926438000032, 51.087007068000048 ], [ 21.152307492000034, 51.100486445000058 ], [ 21.156898435000073, 51.103714622000041 ], [ 21.15913563600003, 51.105287737000026 ], [ 21.155361674000062, 51.126901812000028 ], [ 21.149040582000055, 51.127352914000028 ], [ 21.137520982000069, 51.12817500400007 ], [ 21.127606374000038, 51.139194982000049 ], [ 21.125417996000067, 51.14162734100006 ], [ 21.113920465000035, 51.146756236000044 ], [ 21.092324923000035, 51.15638971900006 ], [ 21.096597559000031, 51.164030916000058 ], [ 21.11087477600006, 51.17759351400008 ], [ 21.117653157000063, 51.184032616000081 ], [ 21.11817996700006, 51.189386757000079 ], [ 21.112123144000066, 51.192732384000067 ], [ 21.109645202000024, 51.194101133000061 ], [ 21.109449613000038, 51.196662235000076 ], [ 21.109100434000027, 51.201234494000062 ], [ 21.072398209000028, 51.210735377000049 ], [ 21.068397551000032, 51.206928449000031 ], [ 21.071198996000078, 51.202890049000075 ], [ 21.074518165000029, 51.198105328000054 ], [ 21.073030507000055, 51.184627399000078 ], [ 21.069045346000053, 51.173425940000072 ], [ 21.055949243000043, 51.157474381000043 ], [ 21.04470228200006, 51.157789792000074 ], [ 21.024153622000028, 51.158366060000048 ], [ 21.019875453000054, 51.154697940000062 ], [ 21.021824921000075, 51.151318330000038 ], [ 21.022492761000024, 51.150160558000039 ], [ 20.998240736000071, 51.144914183000026 ], [ 20.994332354000051, 51.152541281000026 ], [ 20.997453774000064, 51.156776654000055 ], [ 20.99954662500005, 51.159616390000053 ], [ 20.983657521000055, 51.166487565000068 ], [ 20.977407883000069, 51.16900471200006 ], [ 20.965369017000057, 51.173853568000027 ], [ 20.965762758000039, 51.174258072000043 ], [ 20.968013054000039, 51.176569880000045 ], [ 20.941320469000061, 51.18718059400004 ], [ 20.938292549000039, 51.188379517000044 ], [ 20.920719557000041, 51.195337649000066 ], [ 20.913632999000072, 51.18823896400005 ], [ 20.911067874000025, 51.189233453000043 ], [ 20.908924505000073, 51.181024918000048 ], [ 20.908200587000067, 51.178252504000056 ], [ 20.906364634000056, 51.178940265000051 ], [ 20.90488080800003, 51.179496116000053 ], [ 20.895320697000045, 51.169946541000058 ], [ 20.879780938000067, 51.15442390700008 ], [ 20.868674892000058, 51.160863401000029 ], [ 20.859157051000068, 51.16638202300004 ], [ 20.859288904000039, 51.169317988000046 ], [ 20.853650722000054, 51.172921061000068 ], [ 20.850016296000035, 51.170621026000049 ], [ 20.821605137000063, 51.178452887000049 ], [ 20.809150095000064, 51.161201117000076 ], [ 20.816778466000073, 51.15913574800004 ], [ 20.821747477000031, 51.157790396000053 ], [ 20.813018760000034, 51.145837572000062 ], [ 20.80494634300004, 51.147991508000075 ], [ 20.789310542000067, 51.152163558000041 ], [ 20.784213803000057, 51.148130797000078 ], [ 20.781513543000074, 51.145994234000057 ], [ 20.770170872000051, 51.148741753000081 ], [ 20.767151679000051, 51.150599514000078 ], [ 20.767509708000034, 51.151860606000071 ], [ 20.769103379000057, 51.157474016000037 ], [ 20.723159734000035, 51.172306501000037 ], [ 20.714611374000071, 51.169841394000059 ], [ 20.706923027000073, 51.160870327000055 ], [ 20.697645206000061, 51.150044598000079 ], [ 20.685790816000065, 51.151224816000081 ], [ 20.687857189000056, 51.159297800000047 ], [ 20.687518233000048, 51.160823065000045 ], [ 20.686315913000044, 51.166233371000033 ], [ 20.685093787000028, 51.171732805000033 ], [ 20.695696582000039, 51.178738349000071 ], [ 20.701708881000059, 51.182710832000055 ], [ 20.699801978000039, 51.195355688000063 ], [ 20.674818992000041, 51.210392584000033 ], [ 20.663996202000078, 51.21385209500005 ], [ 20.651746718000027, 51.217767650000042 ], [ 20.634373150000044, 51.223321120000037 ], [ 20.620158983000067, 51.231505669000057 ], [ 20.612548134000065, 51.240235221000034 ], [ 20.610565653000037, 51.242509102000042 ], [ 20.605338184000061, 51.246565840000073 ], [ 20.579425141000058, 51.24440235600008 ], [ 20.569737451000037, 51.238823690000061 ], [ 20.569467287000066, 51.238298694000036 ], [ 20.565992108000046, 51.231545542000049 ], [ 20.545702498000026, 51.231081766000045 ], [ 20.533153411000058, 51.247663364000061 ], [ 20.536730279000039, 51.254654621000043 ], [ 20.527241094000033, 51.261091281000063 ], [ 20.533181274000071, 51.267300019000061 ], [ 20.534637315000055, 51.268821888000048 ], [ 20.530872785000042, 51.276749869000071 ], [ 20.525449160000051, 51.278533323000033 ], [ 20.505731720000028, 51.285017020000055 ], [ 20.503908879000051, 51.287812943000063 ], [ 20.506515540000066, 51.293324737000034 ], [ 20.506687561000035, 51.293688477000046 ], [ 20.505978004000042, 51.293744673000049 ], [ 20.498761325000032, 51.294316224000056 ], [ 20.49483241300004, 51.299712033000048 ], [ 20.495319256000073, 51.307828457000028 ], [ 20.506253973000071, 51.308553307000068 ], [ 20.510505301000023, 51.308835123000051 ], [ 20.515417596000077, 51.317057452000029 ], [ 20.507217977000039, 51.331342147000043 ], [ 20.484729023000057, 51.331586854000079 ], [ 20.466502698000056, 51.331785179000065 ], [ 20.463594291000049, 51.334769701000027 ], [ 20.462486753000064, 51.335906224000041 ], [ 20.450006724000048, 51.339011022000079 ], [ 20.434892370000057, 51.341915319000066 ], [ 20.432814863000033, 51.339405019000026 ], [ 20.428964045000043, 51.349295534000078 ], [ 20.423048395000023, 51.354921813000033 ], [ 20.422052400000041, 51.361556540000038 ], [ 20.424889723000035, 51.365122488000054 ], [ 20.427165844000058, 51.367983118000041 ], [ 20.429343883000058, 51.373626540000032 ], [ 20.434972147000053, 51.388209688000074 ], [ 20.439960639000049, 51.393896451000046 ], [ 20.442533721000075, 51.396829705000073 ], [ 20.447651816000075, 51.407547780000073 ], [ 20.450576335000051, 51.413672170000041 ], [ 20.456909223000025, 51.409324922000053 ], [ 20.456967976000044, 51.40932298000007 ], [ 20.47342850800004, 51.408778855000037 ], [ 20.482365942000058, 51.411312634000069 ], [ 20.491962473000058, 51.424144739000042 ], [ 20.487540291000073, 51.429755775000046 ], [ 20.485873138000045, 51.431871124000054 ], [ 20.487363747000074, 51.439892670000063 ], [ 20.490220145000023, 51.44062191200004 ], [ 20.496765783000058, 51.442293022000058 ], [ 20.497419441000034, 51.444926274000068 ], [ 20.498295710000036, 51.44845631000004 ], [ 20.508572966000031, 51.45044686600005 ], [ 20.512724777000074, 51.451251012000057 ], [ 20.524533392000023, 51.456596731000047 ], [ 20.527382335000027, 51.462288838000063 ], [ 20.532786322000049, 51.462046590000057 ], [ 20.527087015000063, 51.467312591000052 ], [ 20.527055998000037, 51.467876879000073 ], [ 20.526796841000078, 51.472591652000062 ], [ 20.526253644000064, 51.482473912000046 ], [ 20.523630790000027, 51.483448587000055 ], [ 20.522628716000042, 51.483820967000042 ], [ 20.521716970000057, 51.490011408000044 ], [ 20.518896372000029, 51.509162293000031 ], [ 20.502340575000062, 51.506418439000072 ], [ 20.497357015000034, 51.503385086000037 ], [ 20.492909601000065, 51.500678071000038 ], [ 20.456504313000039, 51.501928010000029 ], [ 20.450963046000027, 51.506654813000068 ], [ 20.450492318000045, 51.519023772000025 ], [ 20.456819005000057, 51.543870628000036 ], [ 20.46250864600006, 51.550292764000062 ], [ 20.466760050000062, 51.555091501000049 ], [ 20.467635078000058, 51.559852818000081 ], [ 20.459603186000038, 51.57383012400004 ], [ 20.452372301000025, 51.572991181000077 ], [ 20.442214245000059, 51.571812621000049 ], [ 20.43484049500006, 51.57481742300007 ], [ 20.435831608000058, 51.578698147000068 ], [ 20.436966581000036, 51.583142155000075 ], [ 20.431889648000038, 51.595509202000073 ], [ 20.428077808000069, 51.59962370900007 ], [ 20.423025496000037, 51.599971124000035 ], [ 20.420322114000044, 51.600157018000061 ], [ 20.416327058000036, 51.605132992000051 ], [ 20.424890743000049, 51.611619631000053 ], [ 20.419295466000051, 51.620385696000028 ], [ 20.418196430000023, 51.629333527000028 ], [ 20.413585096000077, 51.633740254000031 ], [ 20.392473131000031, 51.635986887000058 ], [ 20.385016931000052, 51.641663097000048 ], [ 20.394943105000038, 51.648119542000074 ], [ 20.392834577000031, 51.654532184000061 ], [ 20.391238926000028, 51.659385019000069 ], [ 20.398724258000072, 51.671284373000049 ], [ 20.418849864000038, 51.676402665000069 ], [ 20.437584839000067, 51.68116729500008 ], [ 20.440943651000055, 51.684703942000056 ], [ 20.440926189000038, 51.684723757000029 ], [ 20.437810124000066, 51.688259693000077 ], [ 20.441777318000049, 51.691394863000028 ], [ 20.448136092000027, 51.687441342000056 ], [ 20.449071957000058, 51.686859474000073 ], [ 20.449757435000038, 51.688052464000066 ], [ 20.451064909000024, 51.690327964000062 ], [ 20.465955697000027, 51.696247182000036 ], [ 20.470745618000024, 51.691050281000059 ], [ 20.471045109000045, 51.690725343000054 ], [ 20.487894553000046, 51.684205041000041 ], [ 20.502185690000033, 51.684812385000043 ], [ 20.513022632000059, 51.685272932000032 ], [ 20.514556375000041, 51.679394756000079 ], [ 20.515731826000035, 51.674889759000052 ], [ 20.520745112000043, 51.675538589000041 ], [ 20.522117620000074, 51.675716222000062 ], [ 20.522374109000054, 51.674523571000066 ], [ 20.524141719000056, 51.666304340000067 ], [ 20.533117713000024, 51.667829293000068 ], [ 20.536709023000071, 51.668439430000035 ], [ 20.575701325000068, 51.663668185000063 ], [ 20.583584249000069, 51.662703601000032 ], [ 20.594347851000066, 51.658233074000066 ], [ 20.621591297000066, 51.657863449000047 ], [ 20.62363053200005, 51.664220808000039 ], [ 20.624909209000066, 51.668207113000051 ], [ 20.63910799100006, 51.676116208000053 ], [ 20.641532704000042, 51.676394719000029 ], [ 20.651746718000027, 51.677567934000081 ], [ 20.654114839000044, 51.68026748300008 ], [ 20.65899444300004, 51.69968915100003 ], [ 20.654945442000042, 51.714350221000075 ], [ 20.657580009000071, 51.723434816000065 ], [ 20.651746718000027, 51.727525750000041 ], [ 20.647232060000078, 51.730691915000079 ], [ 20.640355437000039, 51.732114313000068 ], [ 20.637841398000035, 51.737278176000075 ], [ 20.633750205000069, 51.738869418000036 ], [ 20.611279730000035, 51.744196465000073 ], [ 20.601863291000029, 51.746428808000076 ], [ 20.585837367000067, 51.746941947000039 ], [ 20.582958581000071, 51.749497913000027 ], [ 20.584181443000034, 51.760496989000046 ], [ 20.586989116000041, 51.763177588000076 ], [ 20.594367165000051, 51.770221708000065 ], [ 20.59221743300003, 51.775999045000049 ], [ 20.585610793000058, 51.779524618000039 ], [ 20.585532832000069, 51.78560241200006 ], [ 20.580367316000036, 51.79252523200006 ], [ 20.579889624000032, 51.793165434000059 ], [ 20.579994931000044, 51.79417563100003 ], [ 20.581650221000075, 51.810054630000081 ], [ 20.576266801000031, 51.810698605000027 ], [ 20.561415510000074, 51.812475145000064 ], [ 20.558416006000073, 51.817565657000046 ], [ 20.562540321000029, 51.820756406000044 ], [ 20.572619446000033, 51.820976450000046 ], [ 20.589553339000076, 51.81869726900004 ], [ 20.605885504000071, 51.816499076000071 ], [ 20.618226305000064, 51.820640668000067 ], [ 20.61783852700006, 51.827122949000056 ], [ 20.605783310000049, 51.828514148000068 ], [ 20.599307219000025, 51.829261503000055 ], [ 20.597087486000078, 51.839911126000061 ], [ 20.600312130000077, 51.843667851000077 ], [ 20.605396447000032, 51.84959110300008 ], [ 20.598103977000051, 51.849783845000047 ], [ 20.591571685000076, 51.849956496000061 ], [ 20.590728212000045, 51.858534625000061 ], [ 20.590510824000035, 51.860745464000047 ], [ 20.583365481000044, 51.869715086000042 ], [ 20.576401807000025, 51.872235816000057 ], [ 20.568313140000043, 51.875163774000043 ], [ 20.567652260000045, 51.880603527000062 ], [ 20.566832674000068, 51.887349607000033 ], [ 20.518831462000037, 51.892350528000065 ], [ 20.509993888000054, 51.893956949000028 ], [ 20.50862307400007, 51.893534715000044 ], [ 20.497914708000053, 51.890236357000049 ], [ 20.481594357000063, 51.89910446500005 ], [ 20.487421977000054, 51.906841852000071 ], [ 20.490043452000066, 51.91032240800007 ], [ 20.487053452000055, 51.918697918000078 ], [ 20.478664167000034, 51.921009581000078 ], [ 20.474922083000024, 51.930675443000041 ], [ 20.454565874000025, 51.934254816000077 ], [ 20.445219638000026, 51.938980892000075 ], [ 20.44574037700005, 51.941007381000077 ], [ 20.431282206000049, 51.939647778000051 ], [ 20.423194807000073, 51.943194735000077 ], [ 20.419463414000063, 51.937976735000063 ], [ 20.416247651000049, 51.933479796000029 ], [ 20.401745594000033, 51.93115940000007 ], [ 20.392622774000074, 51.93760521300004 ], [ 20.388795660000028, 51.940309296000066 ], [ 20.380188750000059, 51.941097 ], [ 20.375683218000063, 51.938388470000064 ], [ 20.379243829000075, 51.935989476000032 ], [ 20.380307219000031, 51.935273007000035 ], [ 20.372839068000076, 51.926224539000032 ], [ 20.36087010600005, 51.926427860000047 ], [ 20.350166361000049, 51.920522207000033 ], [ 20.333907492000037, 51.920770351000044 ], [ 20.327028378000023, 51.920875340000066 ], [ 20.323073949000047, 51.917133598000078 ], [ 20.318576392000068, 51.912877940000044 ], [ 20.30512341900004, 51.913866219000056 ], [ 20.311700751000046, 51.920942526000033 ], [ 20.311684706000051, 51.921863433000055 ], [ 20.311536183000044, 51.930387907000068 ], [ 20.307616426000038, 51.935375533000069 ], [ 20.289954032000026, 51.939278150000064 ], [ 20.274199160000023, 51.936174786000038 ], [ 20.270660349000025, 51.935477718000072 ], [ 20.264458923000063, 51.931355264000047 ], [ 20.242668963000028, 51.934515641000075 ], [ 20.246279867000055, 51.951885890000028 ], [ 20.255912936000072, 51.956245881000029 ], [ 20.282710789000078, 51.968374768000047 ], [ 20.274017762000028, 51.973516539000059 ], [ 20.273680475000049, 51.973716038000077 ], [ 20.268335793000062, 51.98228789500007 ], [ 20.256146711000042, 52.00183687100008 ], [ 20.247933451000051, 52.00210412000007 ], [ 20.234037919000059, 52.002556264000077 ], [ 20.201616472000069, 52.022846446000074 ], [ 20.201364882000064, 52.029750272000058 ], [ 20.208018151000033, 52.029302556000061 ], [ 20.238405233000037, 52.04684831700007 ], [ 20.253097276000062, 52.055331628000033 ], [ 20.249080150000054, 52.059139367000057 ], [ 20.248682175000056, 52.065600441000072 ], [ 20.248571422000055, 52.067398505000028 ], [ 20.244492492000063, 52.073703643000044 ], [ 20.256578940000054, 52.075668836000034 ], [ 20.268831735000049, 52.077661076000027 ], [ 20.270047084000055, 52.094915023000055 ], [ 20.267655733000026, 52.101151129000073 ], [ 20.260855410000033, 52.105124069000055 ], [ 20.257113247000063, 52.107310346000077 ], [ 20.256117599000049, 52.10921770300007 ], [ 20.251906111000039, 52.117285625000079 ], [ 20.213714002000074, 52.118195115000049 ], [ 20.211197758000026, 52.117648575000032 ], [ 20.20104892300003, 52.115444199000081 ], [ 20.164619457000072, 52.139358399000059 ], [ 20.163802905000068, 52.14423156600003 ], [ 20.163200144000029, 52.147828831000027 ], [ 20.15967217900004, 52.150897107000048 ], [ 20.129768307000063, 52.146110042000032 ], [ 20.115513385000042, 52.143828089000067 ], [ 20.114725938000049, 52.146642335000081 ], [ 20.114660666000077, 52.146875609000062 ], [ 20.110875444000044, 52.147791960000063 ], [ 20.090903550000064, 52.152626886000064 ], [ 20.086619851000023, 52.15848158600005 ], [ 20.086965028000066, 52.162553653000032 ], [ 20.087444926000046, 52.168215040000064 ], [ 20.081263854000042, 52.174745502000064 ], [ 20.07855389100007, 52.176372455000035 ], [ 20.071740470000066, 52.182473757000082 ], [ 20.062387784000066, 52.190848927000047 ], [ 20.063658385000053, 52.199604098000066 ], [ 20.068729867000059, 52.21054302500005 ], [ 20.079296244000034, 52.233334161000073 ], [ 20.070944743000041, 52.238291147000041 ], [ 20.049996146000069, 52.243860626000071 ], [ 20.038949679000041, 52.246797485000059 ], [ 20.039643795000075, 52.251215350000052 ], [ 20.04063371500007, 52.257515928000032 ], [ 20.01734149300006, 52.261869002000026 ], [ 20.009780660000047, 52.261983504000057 ], [ 19.987438651000048, 52.262321852000071 ], [ 19.965135002000068, 52.268308383000033 ], [ 19.959029092000037, 52.277589834000082 ], [ 19.959013042000038, 52.277877893000039 ], [ 19.958653138000045, 52.284337364000066 ], [ 19.949827221000078, 52.28664019100006 ], [ 19.94040454900005, 52.289098722000062 ], [ 19.936101041000029, 52.299733510000067 ], [ 19.912212923000027, 52.299883952000073 ], [ 19.905684380000025, 52.304381391000049 ], [ 19.899913602000026, 52.308356814000035 ], [ 19.890130166000063, 52.309888852000029 ], [ 19.881247978000033, 52.306697973000041 ], [ 19.865730837000058, 52.293931349000047 ], [ 19.86983665200006, 52.291813381000054 ], [ 19.874717629000031, 52.28929554900003 ], [ 19.874185156000067, 52.285966601000041 ], [ 19.849208737000026, 52.273414539000044 ], [ 19.831584072000055, 52.274441286000069 ], [ 19.826121919000059, 52.277592724000044 ], [ 19.817369528000029, 52.282642495000061 ], [ 19.808370180000054, 52.280051102000073 ], [ 19.805071888000043, 52.27910134800004 ], [ 19.798252986000023, 52.27924310700007 ], [ 19.791028260000076, 52.279393302000074 ], [ 19.791009601000042, 52.276747899000043 ], [ 19.790982798000073, 52.272947974000033 ], [ 19.767017645000067, 52.262924589000079 ], [ 19.735993949000033, 52.258589381000036 ], [ 19.731875239000033, 52.263617660000079 ], [ 19.728078040000071, 52.268253426000058 ], [ 19.699671239000054, 52.277808700000037 ], [ 19.685633764000045, 52.26384263500006 ], [ 19.68578136800005, 52.262658768000051 ], [ 19.686235392000071, 52.25901723000004 ], [ 19.656882161000055, 52.253983008000034 ], [ 19.64255858000007, 52.254599920000032 ], [ 19.635372665000034, 52.256414415000052 ], [ 19.632799469000076, 52.25993496500007 ], [ 19.631515246000049, 52.261691991000077 ], [ 19.630139044000032, 52.262254165000058 ], [ 19.624961503000065, 52.26436917500007 ], [ 19.629419791000032, 52.269332319000057 ], [ 19.632961158000057, 52.273274710000067 ], [ 19.632026450000069, 52.276546193000058 ], [ 19.626320287000055, 52.27647449300008 ], [ 19.61353904300006, 52.276313893000065 ], [ 19.615335572000049, 52.284879189000037 ], [ 19.616022260000022, 52.288153102000081 ], [ 19.603087554000069, 52.28933704800005 ], [ 19.593806038000025, 52.290186608000056 ], [ 19.549713381000061, 52.294222518000026 ], [ 19.540031545000033, 52.301783450000073 ], [ 19.536461152000072, 52.30457171300003 ], [ 19.526824365000039, 52.304390369000032 ], [ 19.519893993000039, 52.304259954000031 ], [ 19.511818896000023, 52.310698307000052 ], [ 19.508174219000068, 52.313604243000043 ], [ 19.503830556000025, 52.315483812000082 ], [ 19.492865287000029, 52.320228649000057 ], [ 19.497337174000052, 52.326531501000034 ], [ 19.502109924000024, 52.33325840200007 ], [ 19.486714113000062, 52.337053413000035 ], [ 19.464379406000035, 52.34255883600008 ], [ 19.456632976000037, 52.34711784600006 ], [ 19.449972474000049, 52.35103775400006 ], [ 19.444588401000033, 52.345950135000066 ], [ 19.438265698000066, 52.339975567000067 ], [ 19.426415276000057, 52.337719268000058 ], [ 19.408813377000058, 52.339076391000049 ], [ 19.407632139000043, 52.340454444000045 ], [ 19.404007162000028, 52.344683405000069 ], [ 19.382084201000055, 52.343138817000067 ], [ 19.360925457000064, 52.341648073000044 ], [ 19.34875839800003, 52.346640427000068 ], [ 19.347500294000042, 52.347156649000055 ], [ 19.340419129000054, 52.347516651000035 ], [ 19.322245003000035, 52.348440613000037 ], [ 19.325223093000034, 52.353993542000069 ], [ 19.327726140000038, 52.358660709000048 ], [ 19.324201362000053, 52.366654906000065 ], [ 19.318146721000062, 52.370149778000041 ], [ 19.309652558000039, 52.369590815000038 ], [ 19.300574410000024, 52.368993423000063 ], [ 19.294145625000056, 52.371170170000028 ], [ 19.294965264000041, 52.377332486000057 ], [ 19.301067182000054, 52.380588656000043 ], [ 19.307594049000045, 52.384071592000055 ], [ 19.300316474000056, 52.391021064000029 ], [ 19.289184555000077, 52.392712485000061 ], [ 19.289202341000077, 52.399102233000065 ], [ 19.282724160000043, 52.403715500000033 ], [ 19.290667647000078, 52.410038926000027 ], [ 19.29221007600006, 52.411266780000062 ], [ 19.293693051000048, 52.417017190000081 ], [ 19.297268890000055, 52.418918355000073 ], [ 19.296228451000047, 52.423417062000055 ], [ 19.287178491000077, 52.432316779000075 ], [ 19.281412784000054, 52.43318296800004 ], [ 19.262872035000044, 52.435968368000033 ], [ 19.259214643000064, 52.442591006000043 ], [ 19.269872020000037, 52.448662010000078 ], [ 19.284632625000029, 52.449641320000069 ], [ 19.293935477000048, 52.447240978000082 ], [ 19.298841378000077, 52.44597514600008 ], [ 19.317958858000054, 52.44890226800004 ], [ 19.33110171800007, 52.463592536000078 ], [ 19.331196594000062, 52.464258492000056 ], [ 19.332280363000052, 52.471865707000063 ], [ 19.337959773000023, 52.478498217000038 ], [ 19.348286252000037, 52.480051417000027 ], [ 19.35687901700004, 52.481343851000076 ], [ 19.355502195000042, 52.486719828000048 ], [ 19.354780151000057, 52.48953914100008 ], [ 19.365119643000071, 52.504146947000038 ], [ 19.378480481000054, 52.507954563000055 ], [ 19.395674709000048, 52.512854631000039 ], [ 19.382744213000024, 52.519817285000045 ], [ 19.359392022000065, 52.522398710000061 ], [ 19.333065830000066, 52.525308890000076 ], [ 19.321940048000044, 52.530001141000071 ], [ 19.320911558000034, 52.53433209800005 ], [ 19.336854674000051, 52.533533489000035 ], [ 19.346666150000033, 52.528114122000034 ], [ 19.348360468000067, 52.529717575000063 ], [ 19.354746820000059, 52.535761433000062 ], [ 19.348657285000058, 52.542297369000039 ], [ 19.347476784000037, 52.546172024000043 ], [ 19.341114356000048, 52.567054855000038 ], [ 19.364534559000049, 52.568180088000076 ], [ 19.37788658900007, 52.568821592000063 ], [ 19.389607534000049, 52.573123714000076 ], [ 19.394180407000022, 52.577363829000035 ], [ 19.395204709000041, 52.583180625000068 ], [ 19.396643539000024, 52.591351445000043 ], [ 19.407506462000072, 52.594676398000047 ], [ 19.416578101000027, 52.597453070000029 ], [ 19.426104605000035, 52.611446455000078 ], [ 19.401488193000034, 52.619910472000072 ], [ 19.393562060000022, 52.621898024000075 ], [ 19.367898338000032, 52.628333444000077 ], [ 19.373827770000048, 52.637167657000077 ], [ 19.383635903000027, 52.643606616000056 ], [ 19.391751772000077, 52.644274339000049 ], [ 19.402581778000069, 52.645165365000082 ], [ 19.408849307000025, 52.656833774000063 ], [ 19.416583194000054, 52.671232136000071 ], [ 19.429165745000034, 52.671961982000028 ], [ 19.435425532000068, 52.676652343000057 ], [ 19.435760877000064, 52.67660236100005 ], [ 19.441734893000046, 52.675711957000033 ], [ 19.44662986700007, 52.671397906000038 ], [ 19.449932177000051, 52.672562361000075 ], [ 19.443475517000024, 52.682025177000071 ], [ 19.438424949000023, 52.681419461000075 ], [ 19.436902504000045, 52.681236874000035 ], [ 19.437382506000063, 52.694235424000055 ], [ 19.444224449000046, 52.703427263000037 ], [ 19.445941308000045, 52.705733785000064 ], [ 19.445093338000049, 52.706724503000032 ], [ 19.440773269000033, 52.711771819000035 ], [ 19.442588439000076, 52.722683351000057 ], [ 19.458044562000055, 52.725092757000027 ], [ 19.467283923000025, 52.720186966000028 ], [ 19.487977044000047, 52.715963351000028 ], [ 19.490854547000026, 52.715376032000052 ], [ 19.490940278000039, 52.715232964000052 ], [ 19.495693742000071, 52.707300417000056 ], [ 19.525835834000077, 52.703739514000063 ], [ 19.525183536000043, 52.707142234000059 ], [ 19.519505080000044, 52.710294987000054 ], [ 19.508159693000039, 52.713298362000046 ], [ 19.503761017000045, 52.714462789000038 ], [ 19.503934470000047, 52.72848483000007 ], [ 19.499459672000057, 52.732658533000063 ], [ 19.501668048000056, 52.736362952000036 ], [ 19.510439344000076, 52.739707143000032 ], [ 19.518143383000051, 52.742644427000073 ], [ 19.522110483000063, 52.748212341000055 ], [ 19.512299110000072, 52.749175122000054 ], [ 19.498351845000059, 52.750543755000081 ], [ 19.501220888000034, 52.756504838000069 ], [ 19.498964052000076, 52.759627100000046 ], [ 19.501497597000025, 52.760294122000062 ], [ 19.505411524000067, 52.761324565000052 ], [ 19.503060275000053, 52.768196058000058 ], [ 19.492453813000054, 52.773456709000072 ], [ 19.492368956000064, 52.779458714000043 ], [ 19.487977044000047, 52.78075033600004 ], [ 19.479085109000039, 52.783365375000074 ], [ 19.468377033000024, 52.786514526000076 ], [ 19.463932271000033, 52.794233794000036 ], [ 19.464345407000053, 52.798538319000045 ], [ 19.464563233000035, 52.80080788600003 ], [ 19.464858648000074, 52.803885871000034 ], [ 19.455877810000061, 52.804895076000037 ], [ 19.451280459000031, 52.805411695000032 ], [ 19.436287634000053, 52.814959603000034 ], [ 19.423730766000062, 52.815533060000064 ], [ 19.42708142400005, 52.820053447000078 ], [ 19.429506336000031, 52.823324906000039 ], [ 19.424512697000068, 52.831170611000061 ], [ 19.427977810000073, 52.838711906000071 ], [ 19.436270085000046, 52.838529943000026 ], [ 19.444531858000062, 52.838348649000068 ], [ 19.468648081000026, 52.848748607000061 ], [ 19.470713790000048, 52.850724674000048 ], [ 19.467803318000051, 52.853876266000043 ], [ 19.46528888000006, 52.85659901300005 ], [ 19.466244140000072, 52.858871343000033 ], [ 19.473934384000074, 52.864284498000075 ], [ 19.487977044000047, 52.866471196000077 ], [ 19.491881875000047, 52.865594612000052 ], [ 19.516037316000052, 52.860172027000033 ], [ 19.510916382000062, 52.865033638000057 ], [ 19.508758973000056, 52.867844417000072 ], [ 19.492562301000078, 52.878120267000043 ], [ 19.489737339000044, 52.880516974000045 ], [ 19.487977044000047, 52.882010414000035 ], [ 19.460408611000048, 52.905399564000049 ], [ 19.46465465700004, 52.913085436000074 ], [ 19.466187816000058, 52.915860644000077 ], [ 19.467521887000032, 52.918275478000055 ], [ 19.457044458000041, 52.922966853000048 ], [ 19.45122681600003, 52.925571762000061 ], [ 19.444663806000051, 52.939042439000048 ], [ 19.446185006000064, 52.946614422000039 ], [ 19.458079586000053, 52.942152424000028 ], [ 19.48301028000003, 52.943695541000068 ], [ 19.487977044000047, 52.940995172000044 ], [ 19.527202657000032, 52.937243122000041 ], [ 19.541717629000061, 52.94810177200003 ], [ 19.575439742000071, 52.956239371000038 ], [ 19.582378774000063, 52.958560153000064 ], [ 19.583638049000058, 52.965189093000049 ], [ 19.567348066000022, 52.975100072000032 ], [ 19.560980893000078, 52.978973920000044 ], [ 19.557112537000023, 52.989042299000062 ], [ 19.593806038000025, 52.982166359000075 ], [ 19.623829628000067, 52.976540284000066 ], [ 19.634994874000029, 52.97099703400005 ], [ 19.64777097800004, 52.96899525300006 ], [ 19.659758090000025, 52.959590996000031 ], [ 19.681071858000053, 52.956472549000068 ], [ 19.684806173000027, 52.963038917000063 ], [ 19.67841923800006, 52.979309104000038 ], [ 19.672473373000059, 52.982971371000076 ], [ 19.666161582000029, 52.986859026000047 ], [ 19.670653902000026, 52.992872158000068 ], [ 19.677558, 53.002113543000064 ], [ 19.679693992000068, 53.01492187100007 ], [ 19.687440491000075, 53.020575903000065 ], [ 19.681522502000064, 53.023447736000037 ], [ 19.672308679000025, 53.036733603000073 ], [ 19.661565091000057, 53.038839712000026 ], [ 19.653590450000024, 53.040403013000059 ], [ 19.653285176000054, 53.046295447000034 ], [ 19.652966389000028, 53.05244870000007 ], [ 19.65001531300004, 53.053655541000069 ], [ 19.646443615000067, 53.055116185000031 ], [ 19.646502996000038, 53.064032205000046 ], [ 19.653005541000027, 53.067782324000063 ], [ 19.658985761000054, 53.071231210000064 ], [ 19.65415538700006, 53.073501637000049 ], [ 19.647372241000028, 53.076689928000064 ], [ 19.645869055000048, 53.087665102000074 ], [ 19.64255858000007, 53.090943755000069 ], [ 19.638989166000044, 53.094289052000079 ], [ 19.635370210000076, 53.110913105000066 ], [ 19.64255858000007, 53.112038881000046 ], [ 19.646521579000023, 53.112208948000045 ], [ 19.651384606000022, 53.108818155000051 ], [ 19.653952488000073, 53.107027674000051 ], [ 19.666101959000059, 53.106571021000036 ], [ 19.66848245400007, 53.10842457800004 ], [ 19.673613457000044, 53.112419802000034 ], [ 19.682189325000024, 53.113713009000037 ], [ 19.685624618000077, 53.122596910000027 ], [ 19.695335261000025, 53.119751420000057 ], [ 19.698768244000064, 53.120215873000063 ], [ 19.709236402000045, 53.121632126000065 ], [ 19.710283835000041, 53.126644642000031 ], [ 19.711956744000076, 53.134650385000043 ], [ 19.73260810000005, 53.144505963000029 ], [ 19.761595613000054, 53.151796426000033 ], [ 19.780689782000024, 53.154187049000029 ], [ 19.820160161000047, 53.146050743000046 ], [ 19.838480261000029, 53.142274292000081 ], [ 19.83789590400005, 53.163208616000077 ], [ 19.833792610000046, 53.167373179000037 ], [ 19.826919436000026, 53.174348980000048 ], [ 19.834356994000075, 53.180828605000045 ], [ 19.847035208000023, 53.191873908000048 ], [ 19.880914853000036, 53.202891830000056 ], [ 19.884741426000062, 53.208999796000057 ], [ 19.892559093000045, 53.21237598600004 ], [ 19.897075879000056, 53.210344440000028 ], [ 19.897765795000055, 53.210034132000033 ], [ 19.902937136000048, 53.210365601000035 ], [ 19.912240895000025, 53.210961948000033 ], [ 19.917334994000043, 53.205449718000068 ], [ 19.916305137000052, 53.191297674000054 ], [ 19.914430928000058, 53.189906737000058 ], [ 19.911077870000042, 53.187418277000063 ], [ 19.909550141000068, 53.180828605000045 ], [ 19.908712874000059, 53.177217158000076 ], [ 19.917526102000068, 53.174600772000076 ], [ 19.925947208000025, 53.172100795000063 ], [ 19.927051353000024, 53.169973970000058 ], [ 19.928363261000072, 53.167446948000077 ], [ 19.937732004000054, 53.164785944000073 ], [ 19.943285389000039, 53.163208616000077 ], [ 19.953850093000028, 53.16020792300003 ], [ 19.962994868000067, 53.15251474400003 ], [ 19.968974699000057, 53.147484122000037 ], [ 19.980975950000072, 53.144391569000049 ], [ 19.991078189000064, 53.146594260000029 ], [ 20.018245703000048, 53.152517861000035 ], [ 20.024501402000055, 53.148296025000036 ], [ 20.028555319000077, 53.145560125000031 ], [ 20.034164704000034, 53.148238847000073 ], [ 20.03515662500007, 53.150253571000064 ], [ 20.039142634000029, 53.158349685000076 ], [ 20.05311286500006, 53.15574556200005 ], [ 20.056804873000033, 53.156036782000058 ], [ 20.074289417000045, 53.157415934000028 ], [ 20.075747706000072, 53.161097255000072 ], [ 20.076584083000057, 53.163208616000077 ], [ 20.077438141000073, 53.16536461000004 ], [ 20.102379546000066, 53.167801997000026 ], [ 20.114738512000031, 53.163208616000077 ], [ 20.117642626000077, 53.162129262000065 ], [ 20.12486087700006, 53.151129916000059 ], [ 20.127615210000044, 53.146932797000034 ], [ 20.135170339000069, 53.142382723000026 ], [ 20.154995646000032, 53.143613457000072 ], [ 20.162896809000074, 53.148808644000042 ], [ 20.164602355000056, 53.151687767000055 ], [ 20.16670274300003, 53.155233421000048 ], [ 20.195447885000078, 53.152334946000053 ], [ 20.229465645000062, 53.14883128200006 ], [ 20.233962190000057, 53.148368160000075 ], [ 20.265765280000039, 53.140522229000055 ], [ 20.30780070000003, 53.140552222000053 ], [ 20.334442011000078, 53.145241446000057 ], [ 20.352414405000047, 53.147335947000045 ], [ 20.357656456000029, 53.155146484000056 ], [ 20.345848239000077, 53.157035888000053 ], [ 20.331181183000069, 53.159382727000036 ], [ 20.329614442000036, 53.162525767000034 ], [ 20.331757359000051, 53.163208616000077 ], [ 20.356645065000066, 53.171139188000041 ], [ 20.376331665000066, 53.177412405000041 ], [ 20.378535341000031, 53.180828605000045 ], [ 20.381731475000038, 53.185783343000082 ], [ 20.383737459000031, 53.188893077000046 ], [ 20.386281216000043, 53.190174653000042 ], [ 20.39890880400003, 53.196536586000036 ], [ 20.412501691000045, 53.210449316000052 ], [ 20.411137157000041, 53.214165059000038 ], [ 20.45820948000005, 53.245890155000041 ], [ 20.465246114000024, 53.24047254900006 ], [ 20.472436779000077, 53.234936352000034 ], [ 20.486112200000036, 53.234686353000029 ], [ 20.505609819000028, 53.23432992000005 ], [ 20.508786450000059, 53.228416743000082 ], [ 20.509263156000031, 53.228266560000066 ], [ 20.525088565000033, 53.223280871000043 ], [ 20.531071869000073, 53.225578377000033 ], [ 20.531117548000054, 53.225748175000035 ], [ 20.532759887000054, 53.231853082000043 ], [ 20.549341210000023, 53.226172869000038 ], [ 20.551875322000058, 53.225304766000079 ], [ 20.559373303000029, 53.225833733000059 ], [ 20.568499511000027, 53.233876781000049 ], [ 20.575407612000049, 53.23996498200006 ], [ 20.579531727000074, 53.237228088000052 ], [ 20.586074539000037, 53.232886071000053 ], [ 20.609242137000024, 53.239072477000036 ], [ 20.610483299000066, 53.245712710000078 ], [ 20.611720859000059, 53.252333677000081 ], [ 20.631509024000025, 53.252108111000041 ], [ 20.651746718000027, 53.251877420000028 ], [ 20.656347617000051, 53.251824974000044 ], [ 20.661762495000062, 53.258729029000051 ], [ 20.666863095000053, 53.26523237400005 ], [ 20.675953871000047, 53.269529487000057 ], [ 20.691759070000046, 53.290700131000051 ], [ 20.692550379000068, 53.294730150000078 ], [ 20.693776679000052, 53.300975519000076 ], [ 20.701270326000042, 53.300947200000053 ], [ 20.711885187000064, 53.300907085000063 ], [ 20.714813454000023, 53.306481036000037 ], [ 20.71680329700007, 53.310268699000062 ], [ 20.722621913000069, 53.309121321000077 ], [ 20.740296245000025, 53.30563610300004 ], [ 20.744911443000035, 53.308248296000045 ], [ 20.742278841000029, 53.313031914000078 ], [ 20.741641041000037, 53.314190841000027 ], [ 20.744434942000055, 53.316586458000074 ], [ 20.791549820000057, 53.309475366000072 ], [ 20.825573786000064, 53.303746419000049 ], [ 20.837799120000057, 53.29831702000007 ], [ 20.848191903000043, 53.293701476000081 ], [ 20.852632474000075, 53.300096402000065 ], [ 20.853797190000023, 53.301773725000032 ], [ 20.855988697000043, 53.302636258000064 ], [ 20.867859656000064, 53.307308427000066 ], [ 20.871412792000058, 53.314308599000071 ], [ 20.874307557000066, 53.320011687000033 ], [ 20.892652394000038, 53.314715740000054 ], [ 20.904034224000043, 53.311429935000035 ], [ 20.906048608000049, 53.315246211000044 ], [ 20.908671016000028, 53.320214394000061 ], [ 20.914749656000026, 53.320956387000081 ], [ 20.917326141000046, 53.319000260000053 ], [ 20.919392868000045, 53.31743115300003 ], [ 20.92615792600003, 53.322305423000046 ], [ 20.920356481000056, 53.325235253000073 ], [ 20.918283756000051, 53.326282015000061 ], [ 20.918671566000057, 53.331630535000045 ], [ 20.918878139000071, 53.334479515000055 ], [ 20.917710040000031, 53.335280110000042 ], [ 20.912599322000062, 53.338782912000056 ], [ 20.911912504000043, 53.343661785000052 ], [ 20.938292549000039, 53.358830125000054 ], [ 20.943817248000073, 53.357314237000082 ], [ 20.963951214000076, 53.351789804000077 ], [ 20.989799400000038, 53.358365798000079 ], [ 20.996674696000071, 53.360114930000066 ], [ 21.030258740000022, 53.350608258000079 ], [ 21.039026511000031, 53.344565418000059 ], [ 21.053887812000028, 53.33432285300006 ], [ 21.055847366000023, 53.334676264000052 ], [ 21.06747658300003, 53.33862651000004 ], [ 21.072750173000031, 53.34012587400008 ], [ 21.077398795000022, 53.342207125000073 ], [ 21.088511440000048, 53.34858378000007 ], [ 21.115139500000055, 53.355024470000046 ], [ 21.136614791000056, 53.366445850000048 ], [ 21.139127808000069, 53.370804892000081 ], [ 21.143488601000058, 53.378369059000079 ], [ 21.181223105000072, 53.394819555000026 ], [ 21.200107940000066, 53.399162369000067 ], [ 21.244935716000043, 53.417685179000046 ], [ 21.275705051000045, 53.425344407000068 ], [ 21.286665285000026, 53.422729854000067 ], [ 21.286628809000035, 53.417940258000044 ], [ 21.286609877000046, 53.41545437700006 ], [ 21.290640421000035, 53.41151792200003 ], [ 21.298946448000038, 53.417451486000061 ], [ 21.306381290000047, 53.422762703000046 ], [ 21.327734795000026, 53.419419960000027 ], [ 21.349908245000051, 53.415948861000061 ], [ 21.352932744000043, 53.417402342000059 ], [ 21.358750597000039, 53.420198221000078 ], [ 21.374049647000049, 53.422430762000033 ], [ 21.387258837000047, 53.429109277000066 ], [ 21.400034783000024, 53.427179802000069 ], [ 21.412763321000057, 53.428673967000066 ], [ 21.420216875000051, 53.429548917000034 ], [ 21.439924929000028, 53.438699095000061 ], [ 21.437313035000045, 53.443275797000069 ], [ 21.435112378000042, 53.447131906000038 ], [ 21.437933916000077, 53.447229638000067 ], [ 21.44645685100005, 53.447524853000061 ], [ 21.439413706000039, 53.456653096000082 ], [ 21.434664311000063, 53.462808533000043 ], [ 21.516387769000062, 53.476695088000042 ], [ 21.551689914000065, 53.47812785900004 ], [ 21.565890499000034, 53.480947900000047 ], [ 21.571536172000037, 53.48006487400005 ], [ 21.574319553000066, 53.479987895000079 ], [ 21.587286520000077, 53.480318995000061 ], [ 21.593230359000074, 53.480880136000053 ], [ 21.598072432000038, 53.481805645000065 ], [ 21.604112663000024, 53.481771466000055 ], [ 21.610769203000075, 53.480955627000071 ], [ 21.612952756000027, 53.480833473000075 ], [ 21.601888332000044, 53.478248989000065 ], [ 21.604075802000068, 53.474679464000076 ] ], [ [ 21.775943330000075, 51.645514649000063 ], [ 21.775488507000034, 51.649966844000062 ], [ 21.769378063000033, 51.648265724000055 ], [ 21.773290625000072, 51.644742078000036 ], [ 21.775943330000075, 51.645514649000063 ] ] ] ] } },
{ "type": "Feature", "properties": { "voivodeship": "małopolskie" }, "geometry": { "type": "Polygon", "coordinates": [ [ [ 20.031749581000042, 50.50069512400006 ], [ 20.038079492000065, 50.500619101000041 ], [ 20.041613811000047, 50.50416563400006 ], [ 20.042987995000033, 50.505544568000062 ], [ 20.04957186300004, 50.505878885000072 ], [ 20.050027191000027, 50.505902006000042 ], [ 20.050122207000072, 50.505997366000031 ], [ 20.055330905000062, 50.511224937000065 ], [ 20.076310405000072, 50.509596563000059 ], [ 20.083728824000048, 50.504141744000037 ], [ 20.085024796000027, 50.499824782000076 ], [ 20.085135929000046, 50.499454590000028 ], [ 20.086006323000049, 50.499206430000072 ], [ 20.095631246000039, 50.496462247000068 ], [ 20.094097243000078, 50.494109235000053 ], [ 20.091514888000063, 50.490148151000028 ], [ 20.113807381000072, 50.484776095000029 ], [ 20.127808837000032, 50.488446528000054 ], [ 20.131515944000057, 50.48941833300006 ], [ 20.134786504000033, 50.488963453000054 ], [ 20.165052847000027, 50.484753911000041 ], [ 20.173316734000025, 50.491154890000075 ], [ 20.184186492000038, 50.49262314200007 ], [ 20.203712234000022, 50.495260616000053 ], [ 20.207287120000046, 50.492929705000051 ], [ 20.211523055000043, 50.490167774000042 ], [ 20.215449922000062, 50.489670509000064 ], [ 20.220059659000071, 50.489086772000064 ], [ 20.221253456000056, 50.487353309000071 ], [ 20.227275087000066, 50.47860954500004 ], [ 20.240404193000074, 50.479706916000055 ], [ 20.243533469000056, 50.479968470000074 ], [ 20.248849938000035, 50.477840860000072 ], [ 20.249369380000076, 50.476127348000034 ], [ 20.249876639000036, 50.474454025000057 ], [ 20.263297402000035, 50.468158531000029 ], [ 20.267406640000047, 50.468925538000065 ], [ 20.272868118000076, 50.469944946000055 ], [ 20.271342243000049, 50.460072772000046 ], [ 20.268537647000073, 50.454892248000078 ], [ 20.261197480000078, 50.441333819000079 ], [ 20.266759465000064, 50.426613567000061 ], [ 20.279873993000024, 50.422017284000049 ], [ 20.288691776000064, 50.418926893000048 ], [ 20.290403255000058, 50.413919815000042 ], [ 20.293242140000075, 50.40561441400007 ], [ 20.302854725000032, 50.398643681000067 ], [ 20.302956900000027, 50.398569587000054 ], [ 20.302992385000039, 50.398474792000059 ], [ 20.306312022000043, 50.389606725000078 ], [ 20.312062499000035, 50.38734708800007 ], [ 20.320090182000058, 50.384192628000051 ], [ 20.321974460000035, 50.375186561000078 ], [ 20.322940298000049, 50.370570253000039 ], [ 20.330376331000025, 50.364878693000037 ], [ 20.338421779000043, 50.358720684000048 ], [ 20.328706103000059, 50.35237705000003 ], [ 20.311389165000037, 50.348824328000035 ], [ 20.303614934000052, 50.35080337200003 ], [ 20.297767214000032, 50.352291994000041 ], [ 20.293448079000029, 50.346090670000081 ], [ 20.300343794000071, 50.340167028000053 ], [ 20.305327740000052, 50.335885657000063 ], [ 20.300146459000075, 50.332558790000064 ], [ 20.293371370000045, 50.328208549000067 ], [ 20.292622979000043, 50.322198537000077 ], [ 20.312345515000061, 50.320254499000043 ], [ 20.326474445000031, 50.318861819000062 ], [ 20.329105694000077, 50.313530438000043 ], [ 20.333494872000074, 50.304637180000043 ], [ 20.339784010000074, 50.304168640000057 ], [ 20.344858584000065, 50.303790585000058 ], [ 20.347902514000054, 50.299419624000052 ], [ 20.342184342000053, 50.29776952900005 ], [ 20.340530399000045, 50.297292250000055 ], [ 20.340184032000025, 50.288929869000071 ], [ 20.346414082000024, 50.289081162000059 ], [ 20.354449854000052, 50.28927630700008 ], [ 20.361445518000039, 50.282272140000032 ], [ 20.353115697000078, 50.279739541000026 ], [ 20.345773047000023, 50.277507082000056 ], [ 20.34221113500007, 50.272930928000051 ], [ 20.333379660000048, 50.271531112000048 ], [ 20.331660574000068, 50.268581021000045 ], [ 20.342957605000038, 50.263111639000044 ], [ 20.344479357000068, 50.263182164000057 ], [ 20.352977838000072, 50.263576025000077 ], [ 20.356906934000051, 50.257739402000027 ], [ 20.362575059000051, 50.253944933000071 ], [ 20.375789353000073, 50.245098757000051 ], [ 20.384446658000059, 50.242780236000044 ], [ 20.392104239000048, 50.240729453000029 ], [ 20.385018340000045, 50.234636801000079 ], [ 20.37724064300005, 50.227949323000075 ], [ 20.376668174000031, 50.216020014000037 ], [ 20.386311719000048, 50.208872360000043 ], [ 20.402457284000036, 50.209330223000052 ], [ 20.409115041000064, 50.209519026000066 ], [ 20.412240351000037, 50.201667733000079 ], [ 20.415400415000022, 50.193729133000033 ], [ 20.430216097000027, 50.195918091000067 ], [ 20.431457895000051, 50.196101562000081 ], [ 20.432545252000068, 50.195964742000058 ], [ 20.447648657000059, 50.194064307000076 ], [ 20.455429953000078, 50.196423098000082 ], [ 20.458787520000044, 50.197440898000082 ], [ 20.461076470000023, 50.196536192000053 ], [ 20.469814469000028, 50.193082505000064 ], [ 20.472649703000059, 50.196767992000048 ], [ 20.474254479000024, 50.198854022000035 ], [ 20.487806468000031, 50.194556050000074 ], [ 20.500026038000044, 50.190680650000047 ], [ 20.505069872000036, 50.190219966000029 ], [ 20.509481731000051, 50.189817004000076 ], [ 20.510821675000045, 50.188775274000079 ], [ 20.513929348000033, 50.186359237000033 ], [ 20.52901147700004, 50.190896377000058 ], [ 20.532934297000054, 50.189433897000072 ], [ 20.539243704000057, 50.191831317000037 ], [ 20.541284290000078, 50.195735991000049 ], [ 20.542700212000057, 50.198445365000055 ], [ 20.559453323000071, 50.200651523000033 ], [ 20.563679849000039, 50.194864979000045 ], [ 20.566775345000053, 50.190626931000054 ], [ 20.573531273000071, 50.186855452000032 ], [ 20.581791898000063, 50.189095077000047 ], [ 20.583282516000054, 50.19249523600007 ], [ 20.585100709000073, 50.196642609000037 ], [ 20.594159043000047, 50.201004371000067 ], [ 20.604393160000029, 50.200552517000062 ], [ 20.608716328000071, 50.204189843000051 ], [ 20.615472295000075, 50.202837879000072 ], [ 20.622945455000036, 50.20134239500004 ], [ 20.629825777000065, 50.20744968200006 ], [ 20.633283591000065, 50.210518996000076 ], [ 20.635119191000058, 50.209150468000075 ], [ 20.639176941000073, 50.206125220000047 ], [ 20.641538955000044, 50.209531670000047 ], [ 20.642371508000053, 50.210732361000055 ], [ 20.645105260000037, 50.209205688000054 ], [ 20.651746718000027, 50.205496744000072 ], [ 20.653681231000064, 50.204416409000032 ], [ 20.668836076000048, 50.205843282000046 ], [ 20.674777323000058, 50.202839934000053 ], [ 20.681539112000053, 50.205875416000026 ], [ 20.68005474000006, 50.212381444000073 ], [ 20.683424698000067, 50.216685609000081 ], [ 20.689800236000053, 50.216926777000026 ], [ 20.700863420000076, 50.217345266000052 ], [ 20.707039687000076, 50.224320994000038 ], [ 20.70976571500006, 50.227399881000053 ], [ 20.717943854000055, 50.228997928000069 ], [ 20.728686350000032, 50.23109706200006 ], [ 20.730465481000067, 50.235513860000026 ], [ 20.729318619000026, 50.238864121000063 ], [ 20.727987556000073, 50.242752479000046 ], [ 20.730699256000037, 50.252193351000074 ], [ 20.743869329000063, 50.259572731000048 ], [ 20.752934379000067, 50.264652008000041 ], [ 20.767844946000025, 50.26855585900006 ], [ 20.774727673000029, 50.277706442000067 ], [ 20.776372584000057, 50.279333375000078 ], [ 20.783864467000058, 50.286743379000029 ], [ 20.798748559000046, 50.29014283500004 ], [ 20.815685686000052, 50.284958089000042 ], [ 20.823326491000046, 50.279191501000071 ], [ 20.83035583000003, 50.273886392000065 ], [ 20.84672452500007, 50.277924858000063 ], [ 20.849346648000051, 50.28749911500006 ], [ 20.850453565000066, 50.291540843000064 ], [ 20.854554608000058, 50.295432271000038 ], [ 20.862295464000056, 50.29537348000008 ], [ 20.877365913000062, 50.295259022000039 ], [ 20.89002752600004, 50.303119700000082 ], [ 20.894677598000044, 50.306006592000074 ], [ 20.918038049000074, 50.300943546000042 ], [ 20.931143375000033, 50.298103153000056 ], [ 20.938292549000039, 50.300946600000032 ], [ 20.943443457000058, 50.307438544000036 ], [ 20.948721293000062, 50.314090462000081 ], [ 20.958597900000029, 50.315982117000033 ], [ 20.97036371300004, 50.314366754000048 ], [ 20.973988857000052, 50.313869047000026 ], [ 20.988337219000073, 50.314939106000054 ], [ 20.991288591000057, 50.315159211000037 ], [ 20.992019998000046, 50.31505638200008 ], [ 21.007933315000059, 50.312819107000053 ], [ 21.018878605000054, 50.315911673000073 ], [ 21.03013962700004, 50.319093449000036 ], [ 21.042291763000037, 50.31665724700008 ], [ 21.048690392000026, 50.315374481000049 ], [ 21.058736014000033, 50.316326992000029 ], [ 21.071530434000067, 50.322519228000033 ], [ 21.076143968000054, 50.327156122000076 ], [ 21.086294246000023, 50.337357793000081 ], [ 21.101941985000053, 50.338398730000051 ], [ 21.114099853000027, 50.339207510000051 ], [ 21.119151678000037, 50.34589860300008 ], [ 21.123519263000048, 50.351683426000079 ], [ 21.132207998000069, 50.354141264000077 ], [ 21.14653448100006, 50.353803448000065 ], [ 21.164244651000047, 50.343289824000067 ], [ 21.165111461000038, 50.340877922000061 ], [ 21.168179073000033, 50.332342276000077 ], [ 21.176572917000044, 50.330202916000076 ], [ 21.185169133000045, 50.335380023000027 ], [ 21.187902665000024, 50.34514308100006 ], [ 21.189606206000065, 50.351227435000055 ], [ 21.208831663000069, 50.35489741400005 ], [ 21.218074143000024, 50.34098750000004 ], [ 21.218403906000049, 50.335647126000026 ], [ 21.214753613000028, 50.330652716000031 ], [ 21.213999698000066, 50.329621193000037 ], [ 21.216142426000033, 50.324966861000064 ], [ 21.222636192000039, 50.31086141000003 ], [ 21.206778174000078, 50.306925867000075 ], [ 21.194915352000066, 50.30398182700003 ], [ 21.184968304000051, 50.297754824000037 ], [ 21.184364953000056, 50.294663524000043 ], [ 21.182860578000032, 50.286955778000049 ], [ 21.178331686000035, 50.28082637600005 ], [ 21.155334966000055, 50.26410627100006 ], [ 21.145726886000034, 50.257120575000044 ], [ 21.16356784900006, 50.246697927000071 ], [ 21.164773897000032, 50.245993357000032 ], [ 21.181518274000041, 50.241172969000047 ], [ 21.158504061000031, 50.237181613000075 ], [ 21.148715294000056, 50.235483946000045 ], [ 21.154170531000034, 50.22983193400006 ], [ 21.161964741000077, 50.221756580000033 ], [ 21.169261057000028, 50.206951487000026 ], [ 21.167319128000031, 50.173491399000056 ], [ 21.156375550000064, 50.154498238000031 ], [ 21.153314383000065, 50.149185421000027 ], [ 21.152393415000063, 50.147641539000062 ], [ 21.162112797000077, 50.143608053000037 ], [ 21.169293648000064, 50.14062804200006 ], [ 21.164078074000031, 50.136913947000039 ], [ 21.158263702000056, 50.135821553000028 ], [ 21.149726661000045, 50.13421763000008 ], [ 21.149132927000039, 50.129165239000031 ], [ 21.171737698000072, 50.123424388000046 ], [ 21.183474275000037, 50.120443692000038 ], [ 21.181356989000051, 50.114808416000074 ], [ 21.180092681000076, 50.111443390000034 ], [ 21.185116232000041, 50.104292604000079 ], [ 21.19015336700005, 50.097122483000078 ], [ 21.173531108000077, 50.091908612000054 ], [ 21.163856889000044, 50.088874119000081 ], [ 21.167829969000024, 50.081725093000045 ], [ 21.171263852000038, 50.079950703000065 ], [ 21.177176213000052, 50.076895610000065 ], [ 21.173369464000075, 50.070920327000067 ], [ 21.166168038000023, 50.067514992000042 ], [ 21.165330916000073, 50.067119142000081 ], [ 21.165530351000029, 50.066870824000034 ], [ 21.167910142000039, 50.06390772900005 ], [ 21.166724030000069, 50.060815164000076 ], [ 21.155372019000026, 50.05660927100007 ], [ 21.146083342000054, 50.053167838000036 ], [ 21.14543246900007, 50.050168629000041 ], [ 21.150052039000059, 50.046987913000066 ], [ 21.170730329000037, 50.038433024000028 ], [ 21.192906511000047, 50.029258437000067 ], [ 21.178228243000035, 50.012080780000076 ], [ 21.161834718000023, 50.006199597000034 ], [ 21.156491937000055, 50.004282872000033 ], [ 21.149623975000054, 49.994228383000063 ], [ 21.150778825000032, 49.977429885000049 ], [ 21.160130333000041, 49.966026656000054 ], [ 21.161591619000035, 49.951862590000076 ], [ 21.165548671000067, 49.945493150000061 ], [ 21.170230734000029, 49.943594792000056 ], [ 21.172742473000028, 49.936380480000025 ], [ 21.182695324000065, 49.927916185000072 ], [ 21.190532644000029, 49.930249339000056 ], [ 21.194030873000031, 49.931290755000077 ], [ 21.228002036000078, 49.928815918000055 ], [ 21.247633719000078, 49.930358434000027 ], [ 21.280745068000044, 49.926853613000048 ], [ 21.284681575000036, 49.922805220000043 ], [ 21.287959499000067, 49.910837017000063 ], [ 21.280818629000066, 49.894017097000074 ], [ 21.259982472000047, 49.884939909000082 ], [ 21.235160390000033, 49.885246816000063 ], [ 21.226711503000047, 49.885351281000055 ], [ 21.227834092000023, 49.864173441000048 ], [ 21.227896792000024, 49.862990596000031 ], [ 21.22757899000004, 49.861866373000055 ], [ 21.224959089000038, 49.852598500000056 ], [ 21.253676564000045, 49.841211801000043 ], [ 21.263419859000066, 49.842583931000036 ], [ 21.28306625700003, 49.845350697000072 ], [ 21.297149683000043, 49.842863905000058 ], [ 21.314945752000028, 49.835908061000055 ], [ 21.318572713000037, 49.833145932000036 ], [ 21.323065645000042, 49.829724319000036 ], [ 21.329851340000062, 49.82802969100004 ], [ 21.337346871000022, 49.82615779200006 ], [ 21.345338100000049, 49.814708044000042 ], [ 21.339460265000071, 49.811922534000075 ], [ 21.335049638000044, 49.811144832000082 ], [ 21.334161191000078, 49.81098817700007 ], [ 21.333941251000056, 49.810514252000075 ], [ 21.33129453500004, 49.804811145000031 ], [ 21.309810669000058, 49.796670548000066 ], [ 21.300993095000024, 49.796974969000075 ], [ 21.290993610000044, 49.800577505000035 ], [ 21.279265691000035, 49.804802748000043 ], [ 21.271797939000066, 49.797503946000063 ], [ 21.268012480000039, 49.79380412900008 ], [ 21.266012648000071, 49.793380717000048 ], [ 21.250698914000054, 49.790138433000038 ], [ 21.241772246000039, 49.776104362000069 ], [ 21.258642684000051, 49.752630600000032 ], [ 21.266244167000025, 49.753289073000076 ], [ 21.281187406000072, 49.754583521000029 ], [ 21.291884163000077, 49.74874763300005 ], [ 21.303354745000036, 49.749836264000066 ], [ 21.311102123000069, 49.747460858000068 ], [ 21.318253235000043, 49.738966812000058 ], [ 21.317683084000066, 49.73571337900006 ], [ 21.31647455600006, 49.728817198000058 ], [ 21.32513182200006, 49.722782662000043 ], [ 21.329990310000028, 49.719396060000065 ], [ 21.327892729000041, 49.711474069000076 ], [ 21.325697843000057, 49.706796156000053 ], [ 21.321771775000059, 49.698428611000054 ], [ 21.331465759000025, 49.695431036000059 ], [ 21.333232792000047, 49.695986456000071 ], [ 21.338502294000023, 49.697642784000038 ], [ 21.348678933000031, 49.69198392900006 ], [ 21.347128671000064, 49.690365887000041 ], [ 21.34447712900004, 49.671429910000029 ], [ 21.342713521000064, 49.658835115000045 ], [ 21.34750794100006, 49.655703606000031 ], [ 21.356435717000068, 49.649872366000068 ], [ 21.362159892000022, 49.634213496000029 ], [ 21.344058210000071, 49.608490907000032 ], [ 21.343117584000026, 49.607911466000076 ], [ 21.331250466000029, 49.600601131000076 ], [ 21.32725924600004, 49.592990486000076 ], [ 21.331085187000042, 49.587658225000041 ], [ 21.348710057000062, 49.579061344000081 ], [ 21.369557932000077, 49.573090754000077 ], [ 21.379470425000022, 49.57025193000004 ], [ 21.36861467600005, 49.556309542000065 ], [ 21.359613886000034, 49.54474953700003 ], [ 21.366048808000073, 49.542621561000033 ], [ 21.380840578000061, 49.537730042000078 ], [ 21.388031048000073, 49.52802458900004 ], [ 21.384858608000059, 49.525577469000041 ], [ 21.383893641000043, 49.524833123000064 ], [ 21.392200159000026, 49.512891482000043 ], [ 21.399806985000055, 49.508888468000066 ], [ 21.403439001000038, 49.508741250000071 ], [ 21.407797850000065, 49.508564570000033 ], [ 21.410263637000071, 49.502557254000067 ], [ 21.410742336000055, 49.501391016000071 ], [ 21.415939823000031, 49.496889098000054 ], [ 21.420083555000076, 49.493299913000044 ], [ 21.402234820000047, 49.490052492000075 ], [ 21.390843238000059, 49.487979893000045 ], [ 21.391236114000037, 49.483189951000043 ], [ 21.399469226000065, 49.478643556000065 ], [ 21.407933846000049, 49.473969321000027 ], [ 21.410145358000022, 49.467781887000058 ], [ 21.400699102000033, 49.46101774400006 ], [ 21.393095319000054, 49.455572934000031 ], [ 21.392728348000048, 49.45030935300008 ], [ 21.397712480000052, 49.433794037000041 ], [ 21.374453048000078, 49.432655928000031 ], [ 21.365963325000052, 49.440332076000061 ], [ 21.365582740000036, 49.440676189000044 ], [ 21.35334520400005, 49.44445993000005 ], [ 21.346569859000056, 49.45030935300008 ], [ 21.344756367000059, 49.45030935300008 ], [ 21.342465402000073, 49.450983687000075 ], [ 21.337392003000048, 49.451307644000053 ], [ 21.331286487000057, 49.45030935300008 ], [ 21.323712236000063, 49.449910979000038 ], [ 21.321902614000066, 49.449405408000075 ], [ 21.316512982000063, 49.44789965800004 ], [ 21.302284332000056, 49.45030935300008 ], [ 21.286198046000038, 49.456757977000052 ], [ 21.276927975000035, 49.460474137000062 ], [ 21.268313825000064, 49.457319488000053 ], [ 21.267213946000027, 49.453567117000034 ], [ 21.266259045000027, 49.45030935300008 ], [ 21.265544104000071, 49.447407077000037 ], [ 21.258635690000062, 49.445991405000029 ], [ 21.240573090000055, 49.434378997000067 ], [ 21.236023334000038, 49.435220414000071 ], [ 21.233142335000025, 49.43575321700007 ], [ 21.224960792000047, 49.426466786000049 ], [ 21.225128205000033, 49.425662552000063 ], [ 21.226423448000048, 49.419440363000035 ], [ 21.208192879000023, 49.402472107000051 ], [ 21.204711561000067, 49.403384803000051 ], [ 21.201566248000063, 49.404209408000042 ], [ 21.190697103000048, 49.403133402000037 ], [ 21.180471447000059, 49.402121099000055 ], [ 21.179567392000024, 49.405462871000054 ], [ 21.178558121000037, 49.409193567000045 ], [ 21.156858532000058, 49.420558459000063 ], [ 21.151728783000067, 49.426881055000081 ], [ 21.133890830000041, 49.433562149000068 ], [ 21.121949532000031, 49.435402533000058 ], [ 21.119600879000075, 49.432181520000029 ], [ 21.114099853000027, 49.424637249000057 ], [ 21.103764914000067, 49.42614702000003 ], [ 21.097297927000056, 49.428374025000039 ], [ 21.095241179000027, 49.429082297000036 ], [ 21.07319018000004, 49.425033098000029 ], [ 21.055268765000051, 49.421305870000026 ], [ 21.048375194000073, 49.416541970000026 ], [ 21.053736105000041, 49.405387326000039 ], [ 21.062459129000047, 49.402851974000043 ], [ 21.066261800000063, 49.401746725000066 ], [ 21.067290052000033, 49.399636524000073 ], [ 21.069365925000056, 49.395376371000054 ], [ 21.084150405000059, 49.38841431700007 ], [ 21.084261772000048, 49.388361874000054 ], [ 21.104102536000028, 49.376394141000048 ], [ 21.10198667800006, 49.374296482000034 ], [ 21.095032612000068, 49.366449733000081 ], [ 21.090138685000056, 49.365116938000028 ], [ 21.086086726000076, 49.365112385000032 ], [ 21.075117687000045, 49.360267637000049 ], [ 21.066267448000076, 49.364884935000077 ], [ 21.052222179000069, 49.36320310800005 ], [ 21.051123748000066, 49.363887897000041 ], [ 21.048708814000065, 49.365393425000036 ], [ 21.04415072200004, 49.365225408000072 ], [ 21.033720914000071, 49.358426991000044 ], [ 21.009487073000059, 49.344471032000058 ], [ 21.008175244000029, 49.339113516000054 ], [ 21.007985756000039, 49.338339648000044 ], [ 21.006218725000053, 49.334208113000045 ], [ 20.996515200000033, 49.330613312000025 ], [ 20.989710063000075, 49.328092258000027 ], [ 20.988790704000053, 49.322625584000036 ], [ 20.990870843000039, 49.318596724000031 ], [ 20.993604379000033, 49.313302349000026 ], [ 20.986567260000072, 49.306581033000043 ], [ 20.979888472000027, 49.307973305000075 ], [ 20.971797409000033, 49.309659982000028 ], [ 20.962539511000045, 49.307745416000046 ], [ 20.940138731000047, 49.300086905000057 ], [ 20.938292549000039, 49.299455722000062 ], [ 20.931902524000066, 49.297271063000039 ], [ 20.923722691000023, 49.296234342000048 ], [ 20.922245169000064, 49.300266960000044 ], [ 20.904872063000028, 49.31488401200005 ], [ 20.905656905000058, 49.31810497500004 ], [ 20.906229622000069, 49.320455387000038 ], [ 20.902593529000058, 49.323563307000029 ], [ 20.894018827000025, 49.324635307000051 ], [ 20.89007907000007, 49.322872886000027 ], [ 20.882306607000032, 49.319395933000067 ], [ 20.87728960100003, 49.321579775000032 ], [ 20.878568978000033, 49.326008052000077 ], [ 20.880632768000055, 49.333151397000051 ], [ 20.863754060000076, 49.34690400900007 ], [ 20.854029777000051, 49.346062608000068 ], [ 20.844531838000023, 49.33897878700003 ], [ 20.838230504000023, 49.334279081000034 ], [ 20.825623951000068, 49.335003015000041 ], [ 20.820628293000027, 49.339549032000036 ], [ 20.816063347000068, 49.343703105000031 ], [ 20.809936203000063, 49.346860173000039 ], [ 20.804272319000063, 49.345919064000043 ], [ 20.798479212000075, 49.344956483000033 ], [ 20.799158096000042, 49.349283347000039 ], [ 20.800589758000058, 49.358408030000078 ], [ 20.808144174000063, 49.354746189000082 ], [ 20.808069805000059, 49.358517027000062 ], [ 20.803889644000037, 49.361236383000062 ], [ 20.789571226000078, 49.361887566000064 ], [ 20.783572711000033, 49.362160371000073 ], [ 20.78492512400004, 49.367995971000028 ], [ 20.785807698000042, 49.371804237000049 ], [ 20.778986400000065, 49.374987071000078 ], [ 20.772359721000043, 49.373706123000034 ], [ 20.762604657000054, 49.371820452000065 ], [ 20.758617085000026, 49.375192974000072 ], [ 20.760235205000072, 49.382717769000067 ], [ 20.760483006000072, 49.383870128000069 ], [ 20.759543711000049, 49.384281725000051 ], [ 20.753775155000028, 49.386809497000058 ], [ 20.748233937000066, 49.39223157400005 ], [ 20.753875434000065, 49.397101712000051 ], [ 20.756816401000037, 49.399640562000059 ], [ 20.750782185000048, 49.401536384000053 ], [ 20.743477656000039, 49.403831311000033 ], [ 20.744126940000058, 49.407408994000036 ], [ 20.745032393000031, 49.412398217000032 ], [ 20.739043985000023, 49.41608093800005 ], [ 20.693889588000047, 49.419935107000072 ], [ 20.681657599000062, 49.414240089000032 ], [ 20.670213523000029, 49.408911912000065 ], [ 20.665616457000056, 49.40385791500006 ], [ 20.651746718000027, 49.402029943000059 ], [ 20.642865205000078, 49.400859399000069 ], [ 20.639266870000029, 49.40638038000003 ], [ 20.639049176000071, 49.406714391000037 ], [ 20.637821064000036, 49.407061021000061 ], [ 20.625419518000058, 49.410561314000063 ], [ 20.622736295000038, 49.414162473000033 ], [ 20.621017515000062, 49.41646925200007 ], [ 20.614939252000056, 49.417833085000041 ], [ 20.61179155700006, 49.412053729000036 ], [ 20.612858128000028, 49.402704318000076 ], [ 20.605613668000046, 49.400365853000039 ], [ 20.600253356000053, 49.388937806000058 ], [ 20.592135309000071, 49.383023119000029 ], [ 20.584252623000054, 49.384285937000072 ], [ 20.583434837000027, 49.384416947000034 ], [ 20.58261860600004, 49.383650017000036 ], [ 20.575470748000043, 49.376933898000061 ], [ 20.557687915000031, 49.378088945000059 ], [ 20.546528954000053, 49.385162540000067 ], [ 20.535947779000026, 49.386831930000028 ], [ 20.510991249000028, 49.393346052000027 ], [ 20.506089164000059, 49.400617860000068 ], [ 20.504344140000057, 49.403206449000038 ], [ 20.474407690000078, 49.414584697000066 ], [ 20.445630999000059, 49.415981418000058 ], [ 20.431403944000067, 49.417208939000034 ], [ 20.429520523000065, 49.414391696000052 ], [ 20.429321598000058, 49.408899643000041 ], [ 20.432908275000045, 49.408153463000076 ], [ 20.433749630000023, 49.407624312000053 ], [ 20.435815798000078, 49.40632484200006 ], [ 20.434264238000026, 49.397627647000036 ], [ 20.432908275000045, 49.396401965000052 ], [ 20.428796444000056, 49.400270226000032 ], [ 20.426386835000073, 49.402537098000039 ], [ 20.418120198000054, 49.405222523000077 ], [ 20.41132206900005, 49.396071514000027 ], [ 20.410042962000034, 49.394349700000078 ], [ 20.386635617000024, 49.390830458000039 ], [ 20.381891114000041, 49.392993419000049 ], [ 20.379648924000037, 49.40062759500006 ], [ 20.378160726000033, 49.405694588000074 ], [ 20.373531307000064, 49.407231952000075 ], [ 20.369733060000044, 49.404668517000061 ], [ 20.369014719000063, 49.403324192000071 ], [ 20.36750513800007, 49.400499118000027 ], [ 20.361511532000065, 49.398510741000052 ], [ 20.344037327000024, 49.401055782000071 ], [ 20.33652427800007, 49.402150025000026 ], [ 20.324430376000066, 49.402191382000069 ], [ 20.318431320000059, 49.393931235000082 ], [ 20.318332321000071, 49.389799608000033 ], [ 20.327235194000025, 49.389902437000046 ], [ 20.329191414000036, 49.389925031000075 ], [ 20.324711505000039, 49.382087200000058 ], [ 20.321968145000028, 49.377287552000041 ], [ 20.322508203000041, 49.375264124000068 ], [ 20.325328325000044, 49.364698010000041 ], [ 20.322825329000068, 49.351598557000045 ], [ 20.318153866000046, 49.346095028000036 ], [ 20.309964485000023, 49.343927449000034 ], [ 20.296688922000044, 49.348967275000064 ], [ 20.290544786000055, 49.351299784000048 ], [ 20.273921714000039, 49.351042004000078 ], [ 20.271092722000049, 49.348733153000069 ], [ 20.267698412000072, 49.345962924000048 ], [ 20.259438012000032, 49.348626551000052 ], [ 20.252365358000077, 49.350907181000082 ], [ 20.24120662100006, 49.348459794000064 ], [ 20.233730731000037, 49.346820146000027 ], [ 20.229362795000043, 49.348351462000039 ], [ 20.221283881000033, 49.351183776000028 ], [ 20.210748121000051, 49.344315678000044 ], [ 20.195804569000074, 49.341818158000081 ], [ 20.190138835000027, 49.337731414000075 ], [ 20.184155541000052, 49.32781409200004 ], [ 20.173619874000053, 49.327455213000064 ], [ 20.168990052000026, 49.323541545000069 ], [ 20.172955400000035, 49.316421999000056 ], [ 20.174437192000028, 49.313761530000079 ], [ 20.158907997000028, 49.303888026000038 ], [ 20.155233762000023, 49.31067756300007 ], [ 20.151373769000031, 49.317810358000031 ], [ 20.146782863000055, 49.317700502000037 ], [ 20.131138621000048, 49.296793653000066 ], [ 20.129545492000034, 49.288168873000075 ], [ 20.127961382000024, 49.279592918000048 ], [ 20.123836376000042, 49.26982350600008 ], [ 20.109372360000066, 49.257957562000058 ], [ 20.102138417000049, 49.252023003000033 ], [ 20.099347564000027, 49.239811580000037 ], [ 20.098228403000064, 49.237629488000039 ], [ 20.097991571000023, 49.234460838000075 ], [ 20.098066394000057, 49.234340403000033 ], [ 20.099347564000027, 49.232278222000048 ], [ 20.099793036000051, 49.228279709000049 ], [ 20.101886953000076, 49.225243113000033 ], [ 20.099347564000027, 49.221213184000078 ], [ 20.089385314000026, 49.208959656000047 ], [ 20.086846725000044, 49.205837202000055 ], [ 20.085351970000033, 49.197167427000068 ], [ 20.08487301200006, 49.194389411000031 ], [ 20.08817614000003, 49.187555990000078 ], [ 20.088045753000074, 49.179581010000049 ], [ 20.072112022000056, 49.179890336000028 ], [ 20.047750877000055, 49.190201469000044 ], [ 20.041156897000064, 49.19549130200005 ], [ 20.038309444000049, 49.197775590000049 ], [ 20.028383862000055, 49.200062942000045 ], [ 20.020408829000075, 49.201900789000035 ], [ 20.00791111500007, 49.212782613000059 ], [ 20.008651760000078, 49.216346613000042 ], [ 20.009287519000054, 49.219405895000079 ], [ 19.981754068000043, 49.23131756500004 ], [ 19.974413602000027, 49.230646468000032 ], [ 19.970645471000068, 49.230301969000038 ], [ 19.967306049000058, 49.230839648000028 ], [ 19.932219891000045, 49.236488856000051 ], [ 19.904380919000062, 49.230640449000077 ], [ 19.904592024000067, 49.224226482000063 ], [ 19.904698376000056, 49.220995222000056 ], [ 19.901529023000023, 49.213742885000045 ], [ 19.889145290000044, 49.209175476000041 ], [ 19.883929511000076, 49.204177068000035 ], [ 19.868418470000051, 49.196601752000049 ], [ 19.841817629000047, 49.193989013000078 ], [ 19.837793946000033, 49.196265134000043 ], [ 19.829020894000053, 49.201227885000037 ], [ 19.819149166000045, 49.200407495000036 ], [ 19.807945821000033, 49.205175847000078 ], [ 19.802334104000067, 49.202358203000074 ], [ 19.795071096000072, 49.198711446000061 ], [ 19.763547925000069, 49.207415985000068 ], [ 19.759073881000063, 49.21523572600006 ], [ 19.766887108000049, 49.22485935800006 ], [ 19.766777306000051, 49.236593861000074 ], [ 19.772010177000027, 49.239792976000047 ], [ 19.785887290000062, 49.24827674900007 ], [ 19.791595400000062, 49.262815959000079 ], [ 19.793597543000033, 49.267915646000063 ], [ 19.807144443000027, 49.274279326000055 ], [ 19.807643255000073, 49.27435683200008 ], [ 19.820539137000026, 49.276360606000026 ], [ 19.822129045000054, 49.279592918000048 ], [ 19.810067487000026, 49.294452098000079 ], [ 19.802189508000026, 49.295506013000079 ], [ 19.799800796000056, 49.295825575000038 ], [ 19.793765553000071, 49.298689892000027 ], [ 19.795592012000043, 49.307215051000071 ], [ 19.797461223000028, 49.310605668000051 ], [ 19.804426798000065, 49.323240732000045 ], [ 19.799741142000073, 49.336370558000056 ], [ 19.795554554000034, 49.348101928000062 ], [ 19.801260466000031, 49.353540128000077 ], [ 19.801875561000031, 49.354126364000081 ], [ 19.802930350000054, 49.367520094000042 ], [ 19.799269930000037, 49.371992658000067 ], [ 19.791929809000067, 49.38096134500006 ], [ 19.790538759000071, 49.400741193000044 ], [ 19.789870275000055, 49.410246614000073 ], [ 19.776343585000063, 49.412261952000051 ], [ 19.767585900000029, 49.41298689100006 ], [ 19.760136920000036, 49.411127101000034 ], [ 19.744034551000027, 49.406530978000035 ], [ 19.736033716000065, 49.398268256000051 ], [ 19.730862001000048, 49.392927259000032 ], [ 19.720332358000064, 49.387371935000033 ], [ 19.713261825000075, 49.391260536000061 ], [ 19.698777714000073, 49.399226402000068 ], [ 19.664220743000044, 49.406403878000049 ], [ 19.647508716000061, 49.408898385000043 ], [ 19.633918630000039, 49.41092689900006 ], [ 19.642549640000027, 49.42602751000004 ], [ 19.647027618000038, 49.433862074000047 ], [ 19.643388951000077, 49.437052507000033 ], [ 19.638113429000043, 49.441678158000059 ], [ 19.640331008000032, 49.451315815000044 ], [ 19.641796375000069, 49.457684338000035 ], [ 19.631470479000029, 49.452698676000068 ], [ 19.625635258000045, 49.449881250000033 ], [ 19.613408109000034, 49.447369570000035 ], [ 19.607082991000027, 49.451599765000026 ], [ 19.597326747000068, 49.458124673000043 ], [ 19.593806038000025, 49.457625480000047 ], [ 19.58995241100007, 49.457079084000043 ], [ 19.581376089000059, 49.455863069000031 ], [ 19.580056541000033, 49.460244338000052 ], [ 19.579772738000031, 49.461186644000065 ], [ 19.574218381000037, 49.465907924000078 ], [ 19.568366376000029, 49.47088221000007 ], [ 19.565793402000054, 49.479678154000055 ], [ 19.55373406800004, 49.489870024000027 ], [ 19.552205053000023, 49.502302076000035 ], [ 19.551589511000032, 49.507306904000075 ], [ 19.541723668000031, 49.519630722000045 ], [ 19.536302050000074, 49.52640308000008 ], [ 19.52923402600004, 49.54267812300003 ], [ 19.529370676000042, 49.559395961000064 ], [ 19.529483246000041, 49.573167866000063 ], [ 19.520894088000034, 49.573272064000037 ], [ 19.519733631000065, 49.573286142000029 ], [ 19.518606856000076, 49.574158448000048 ], [ 19.509690702000057, 49.581060993000051 ], [ 19.499108209000042, 49.581714869000052 ], [ 19.497936859000049, 49.581787245000044 ], [ 19.478949095000075, 49.58805428800008 ], [ 19.469668503000037, 49.59633718200007 ], [ 19.472537285000044, 49.601627870000073 ], [ 19.473968412000033, 49.60426719600008 ], [ 19.467386340000076, 49.613766868000027 ], [ 19.479772539000066, 49.624337461000039 ], [ 19.47924604800005, 49.632042960000035 ], [ 19.477026398000078, 49.634829827000033 ], [ 19.46880709800007, 49.645149518000039 ], [ 19.473227638000026, 49.652867560000061 ], [ 19.477778193000063, 49.660812603000068 ], [ 19.470657513000049, 49.665071337000029 ], [ 19.465175242000043, 49.668350171000043 ], [ 19.463481596000065, 49.670442988000048 ], [ 19.459014646000071, 49.675962742000081 ], [ 19.447299453000028, 49.679554078000081 ], [ 19.441582216000029, 49.678396659000043 ], [ 19.413788908000072, 49.672770076000063 ], [ 19.406278006000036, 49.67812854400006 ], [ 19.392679588000078, 49.677409622000027 ], [ 19.388565931000073, 49.684094304000041 ], [ 19.369976509000026, 49.694925862000048 ], [ 19.38759544800007, 49.697205783000072 ], [ 19.390162495000027, 49.697537963000059 ], [ 19.39144176700006, 49.699317834000055 ], [ 19.398675299000047, 49.709381957000062 ], [ 19.411285408000026, 49.710648031000062 ], [ 19.416013092000071, 49.712810187000059 ], [ 19.427385148000042, 49.718011077000028 ], [ 19.428188876000036, 49.721756725000034 ], [ 19.429351752000059, 49.727176129000043 ], [ 19.437517736000075, 49.731430150000051 ], [ 19.444952220000062, 49.735303101000056 ], [ 19.445033249000062, 49.74383221800008 ], [ 19.436853904000031, 49.756276681000031 ], [ 19.414951605000056, 49.775265141000034 ], [ 19.41088372400003, 49.772786993000068 ], [ 19.410481396000023, 49.771536541000046 ], [ 19.408236061000025, 49.764557940000032 ], [ 19.400588077000066, 49.76212874600003 ], [ 19.395388704000027, 49.764942394000059 ], [ 19.388184974000069, 49.768840702000034 ], [ 19.375464505000025, 49.769932649000054 ], [ 19.369169414000055, 49.774719413000071 ], [ 19.364295827000035, 49.777079249000053 ], [ 19.351824080000029, 49.772802994000074 ], [ 19.349333643000023, 49.771949085000074 ], [ 19.316784623000046, 49.777886612000032 ], [ 19.314865133000069, 49.78455170400008 ], [ 19.314507065000043, 49.785795031000077 ], [ 19.312513954000053, 49.787606377000031 ], [ 19.299634262000041, 49.799311482000064 ], [ 19.296123857000055, 49.808900541000071 ], [ 19.295416514000067, 49.810832725000068 ], [ 19.293342272000075, 49.812514400000055 ], [ 19.28651827300007, 49.818046905000074 ], [ 19.289243052000074, 49.838532709000049 ], [ 19.290039324000077, 49.840333555000029 ], [ 19.293687375000047, 49.848583973000075 ], [ 19.290000640000073, 49.850553003000073 ], [ 19.265808451000055, 49.861993176000055 ], [ 19.248490538000055, 49.863744844000053 ], [ 19.240405968000061, 49.86456258000004 ], [ 19.235701497000036, 49.862130618000037 ], [ 19.223401499000033, 49.863032788000055 ], [ 19.219982739000045, 49.868165464000072 ], [ 19.219875326000022, 49.868326726000078 ], [ 19.204777507000074, 49.871449820000066 ], [ 19.194071423000025, 49.867887825000025 ], [ 19.194290336000051, 49.862791007000055 ], [ 19.194440205000035, 49.859301701000049 ], [ 19.175195804000055, 49.853845013000068 ], [ 19.170304618000046, 49.854081848000078 ], [ 19.157070118000036, 49.865190631000075 ], [ 19.173487329000068, 49.879555862000075 ], [ 19.180820203000053, 49.882292713000027 ], [ 19.195064507000041, 49.887609118000057 ], [ 19.193770921000066, 49.913342298000032 ], [ 19.190724762000059, 49.919103592000056 ], [ 19.188713070000063, 49.919830303000026 ], [ 19.185085628000024, 49.921140692000051 ], [ 19.18497515100006, 49.939303788000075 ], [ 19.184909541000025, 49.950090345000035 ], [ 19.167555814000025, 49.946590330000049 ], [ 19.16452225200004, 49.944384181000032 ], [ 19.158315867000056, 49.939870606000056 ], [ 19.127329777000057, 49.938732690000052 ], [ 19.122763839000072, 49.938565013000073 ], [ 19.105741267000042, 49.943179380000061 ], [ 19.097586474000025, 49.951336093000066 ], [ 19.085781801000053, 49.950204760000076 ], [ 19.087044598000034, 49.953888006000057 ], [ 19.09320847500004, 49.956651892000082 ], [ 19.10302441500005, 49.956455653000035 ], [ 19.108381042000076, 49.960531073000027 ], [ 19.115852540000049, 49.95925959300007 ], [ 19.12195790100003, 49.96331794300005 ], [ 19.11904150600003, 49.968027799000026 ], [ 19.122651497000049, 49.971189027000037 ], [ 19.117883866000057, 49.972152918000063 ], [ 19.111746692000054, 49.973393696000073 ], [ 19.111253558000044, 49.977497750000055 ], [ 19.116516871000044, 49.980569793000029 ], [ 19.115812300000073, 49.984002360000034 ], [ 19.117058319000023, 49.985582514000043 ], [ 19.120162219000065, 49.989518760000067 ], [ 19.116596901000037, 49.993088651000051 ], [ 19.113009163000072, 49.996680990000073 ], [ 19.120177606000027, 50.009163381000064 ], [ 19.124384042000031, 50.011915607000049 ], [ 19.127329777000057, 50.013842970000042 ], [ 19.132082123000032, 50.016952380000077 ], [ 19.140832775000035, 50.02461210000007 ], [ 19.139563549000059, 50.031885292000027 ], [ 19.144079652000073, 50.032810719000054 ], [ 19.144357702000036, 50.038317008000035 ], [ 19.14441230400007, 50.039398305000077 ], [ 19.145554146000052, 50.039898480000033 ], [ 19.14814184100004, 50.041032001000076 ], [ 19.148246305000043, 50.04345700600004 ], [ 19.148429571000065, 50.04771128200008 ], [ 19.150808301000041, 50.045749655000066 ], [ 19.152699926000025, 50.044189721000066 ], [ 19.15584784300006, 50.047610216000066 ], [ 19.155538271000069, 50.048737783000036 ], [ 19.154695992000029, 50.051805646000048 ], [ 19.15950977600005, 50.051804387000061 ], [ 19.163086126000053, 50.05719005900005 ], [ 19.168993408000063, 50.059521587000063 ], [ 19.175016975000062, 50.05849827600008 ], [ 19.178355086000067, 50.057931183000051 ], [ 19.182024252000076, 50.05938296000005 ], [ 19.195263886000077, 50.064621480000028 ], [ 19.206771445000072, 50.062507346000075 ], [ 19.207289341000035, 50.06241220000004 ], [ 19.208216177000054, 50.062689747000036 ], [ 19.213515253000025, 50.064276588000041 ], [ 19.214390008000066, 50.063469206000036 ], [ 19.218044261000045, 50.060096403000045 ], [ 19.22398170200006, 50.067187599000079 ], [ 19.233570383000028, 50.065742528000044 ], [ 19.228498501000047, 50.071317137000051 ], [ 19.217164226000023, 50.074432634000061 ], [ 19.211859215000061, 50.075890844000071 ], [ 19.218046868000044, 50.082953539000073 ], [ 19.222244606000061, 50.087744912000062 ], [ 19.222681227000066, 50.089593250000064 ], [ 19.224144630000069, 50.095788243000072 ], [ 19.234484473000066, 50.106503922000059 ], [ 19.23965548700005, 50.111862894000069 ], [ 19.242207821000022, 50.117569269000057 ], [ 19.245344187000057, 50.124581391000049 ], [ 19.253810699000041, 50.134192871000039 ], [ 19.256407585000034, 50.132474698000067 ], [ 19.256136788000049, 50.131550140000058 ], [ 19.255238094000049, 50.128481807000071 ], [ 19.259177684000065, 50.116933411000048 ], [ 19.277817294000045, 50.119725931000062 ], [ 19.273490803000072, 50.131791730000032 ], [ 19.273265895000065, 50.132418958000073 ], [ 19.273989831000051, 50.132545744000026 ], [ 19.275218207000023, 50.132760876000077 ], [ 19.274883475000024, 50.133896011000047 ], [ 19.272101075000023, 50.143331627000066 ], [ 19.28272172000004, 50.141837147000047 ], [ 19.289010855000072, 50.140952174000063 ], [ 19.315140403000044, 50.142415601000039 ], [ 19.331672173000072, 50.144448244000046 ], [ 19.35159126800005, 50.151783784000031 ], [ 19.353517589000035, 50.153774290000058 ], [ 19.349096235000047, 50.164115795000043 ], [ 19.345906945000024, 50.165790732000062 ], [ 19.347739029000024, 50.170868476000066 ], [ 19.350964201000068, 50.17311329000006 ], [ 19.351014126000052, 50.17311090000004 ], [ 19.364236877000053, 50.172477896000032 ], [ 19.366063336000025, 50.178217162000067 ], [ 19.351690504000032, 50.178166840000074 ], [ 19.348057080000046, 50.178154119000055 ], [ 19.343688857000075, 50.180179963000057 ], [ 19.337844686000039, 50.182890305000058 ], [ 19.335824656000057, 50.187925566000047 ], [ 19.349890229000039, 50.189399478000041 ], [ 19.366747721000024, 50.191165951000073 ], [ 19.387431947000039, 50.19991503600005 ], [ 19.399810886000068, 50.200981041000034 ], [ 19.407312380000064, 50.206566470000041 ], [ 19.415479206000043, 50.203425585000048 ], [ 19.417773154000031, 50.211174697000047 ], [ 19.422660810000025, 50.214284702000043 ], [ 19.423010337000051, 50.214507105000052 ], [ 19.441975319000051, 50.226574484000082 ], [ 19.428902146000041, 50.225966815000049 ], [ 19.411877589000028, 50.232764395000061 ], [ 19.403585020000037, 50.232496449000053 ], [ 19.395461362000049, 50.23223396000003 ], [ 19.341228615000034, 50.249347201000035 ], [ 19.323423183000045, 50.259144982000066 ], [ 19.345825371000046, 50.265080612000077 ], [ 19.353446102000078, 50.264772816000061 ], [ 19.354679539000074, 50.264051729000073 ], [ 19.361289875000068, 50.260187219000045 ], [ 19.370418405000066, 50.270881710000026 ], [ 19.383753160000026, 50.274961223000048 ], [ 19.386907454000038, 50.28490673400006 ], [ 19.388015621000022, 50.288400790000026 ], [ 19.390582855000048, 50.289788955000063 ], [ 19.403905666000071, 50.296992922000072 ], [ 19.409271920000037, 50.302540184000065 ], [ 19.402827567000031, 50.304972509000038 ], [ 19.402440697000031, 50.305540332000078 ], [ 19.399246365000067, 50.310228770000037 ], [ 19.406558511000071, 50.317378460000043 ], [ 19.413597762000052, 50.322527448000073 ], [ 19.416541933000076, 50.331171981000068 ], [ 19.432212652000032, 50.32593944000007 ], [ 19.452187779000042, 50.319269633000033 ], [ 19.473868008000068, 50.324452188000066 ], [ 19.483944782000037, 50.323597113000062 ], [ 19.481121495000025, 50.333602016000043 ], [ 19.486952545000065, 50.347453274000031 ], [ 19.483675943000037, 50.35420133000008 ], [ 19.476239564000025, 50.356982572000049 ], [ 19.459388303000026, 50.363285027000074 ], [ 19.457417427000053, 50.367370831000073 ], [ 19.461637738000036, 50.372359838000079 ], [ 19.48005934300005, 50.368974984000033 ], [ 19.491062312000054, 50.366953257000034 ], [ 19.489547435000077, 50.383085817000051 ], [ 19.488309022000067, 50.396274195000046 ], [ 19.499097379000034, 50.399683654000057 ], [ 19.504227417000038, 50.401304907000053 ], [ 19.510783138000022, 50.408513203000041 ], [ 19.517908718000058, 50.416348083000059 ], [ 19.538458244000026, 50.419841862000055 ], [ 19.544016918000068, 50.418732779000038 ], [ 19.54779626100003, 50.41357030000006 ], [ 19.561812581000027, 50.411849407000034 ], [ 19.56598851900003, 50.411336695000045 ], [ 19.567380689000061, 50.407975161000081 ], [ 19.58883944300004, 50.409890328000074 ], [ 19.593806038000025, 50.408116904000053 ], [ 19.602958873000034, 50.40484869800008 ], [ 19.61179549700006, 50.405128605000073 ], [ 19.621685795000076, 50.410574469000039 ], [ 19.627442630000075, 50.413744337000026 ], [ 19.634610950000024, 50.410299241000075 ], [ 19.636564238000062, 50.409360491000029 ], [ 19.667928581000069, 50.416020074000073 ], [ 19.669328328000063, 50.419619391000026 ], [ 19.666724743000032, 50.424745390000055 ], [ 19.665996475000043, 50.426179221000041 ], [ 19.678696152000043, 50.433988817000056 ], [ 19.687488531000042, 50.434901928000045 ], [ 19.693602951000059, 50.435536926000054 ], [ 19.695995578000066, 50.43906312200005 ], [ 19.702061091000076, 50.44800232700004 ], [ 19.707231335000074, 50.447689264000076 ], [ 19.708161073000042, 50.445013833000075 ], [ 19.708623395000075, 50.443683447000069 ], [ 19.72382174300003, 50.44130625300005 ], [ 19.729742132000069, 50.443495477000056 ], [ 19.730732599000078, 50.443861729000048 ], [ 19.75846262400006, 50.443901072000074 ], [ 19.78231106100003, 50.44049628700003 ], [ 19.79926742300006, 50.443076431000065 ], [ 19.809512966000057, 50.437032916000078 ], [ 19.81226287000004, 50.435410837000063 ], [ 19.819124934000058, 50.436254212000051 ], [ 19.836222700000064, 50.438355594000029 ], [ 19.844537658000036, 50.434195423000062 ], [ 19.85249919000006, 50.435684928000057 ], [ 19.851599749000059, 50.44076436000006 ], [ 19.851040364000028, 50.443923386000051 ], [ 19.854281395000044, 50.447329677000027 ], [ 19.877067561000047, 50.450537963000045 ], [ 19.900264703000062, 50.453804114000036 ], [ 19.900597981000033, 50.458011057000078 ], [ 19.898423985000022, 50.460387543000081 ], [ 19.893963358000065, 50.465263641000035 ], [ 19.900131859000055, 50.472033137000039 ], [ 19.939010620000033, 50.478701759000046 ], [ 19.961781122000048, 50.476623223000047 ], [ 19.97139162700006, 50.475745958000061 ], [ 19.963919051000062, 50.487608865000027 ], [ 19.958370097000056, 50.491270999000051 ], [ 19.953220831000067, 50.494669352000074 ], [ 19.949966502000052, 50.504782492000061 ], [ 19.970287636000023, 50.515577538000059 ], [ 19.973534997000058, 50.52037656400006 ], [ 20.007079590000046, 50.515530269000067 ], [ 20.027156816000058, 50.508105995000051 ], [ 20.029634566000027, 50.504107905000069 ], [ 20.031749581000042, 50.50069512400006 ] ] ] } },
{ "type": "Feature", "properties": { "voivodeship": "opolskie" }, "geometry": { "type": "Polygon", "coordinates": [ [ [ 17.795269319000056, 51.194146107000051 ], [ 17.813156810000066, 51.188474006000035 ], [ 17.822666910000066, 51.192396660000043 ], [ 17.826718573000051, 51.194067860000075 ], [ 17.843805529000065, 51.187341504000074 ], [ 17.848070521000068, 51.182524951000062 ], [ 17.850590394000051, 51.172940389000075 ], [ 17.831285773000047, 51.138402730000053 ], [ 17.82422473500003, 51.139169690000074 ], [ 17.819953877000046, 51.13963358500007 ], [ 17.813323033000074, 51.13696236800007 ], [ 17.812813718000029, 51.133532826000078 ], [ 17.816999577000047, 51.130965763000063 ], [ 17.819678139000075, 51.122113050000053 ], [ 17.823865525000031, 51.118524223000065 ], [ 17.840976566000052, 51.116069517000028 ], [ 17.874804244000075, 51.111216685000045 ], [ 17.877885109000033, 51.107858512000064 ], [ 17.880174064000073, 51.105363529000044 ], [ 17.886872486000073, 51.10408555500004 ], [ 17.89690652400003, 51.105811077000055 ], [ 17.906871954000053, 51.107524800000078 ], [ 17.920936156000039, 51.113409622000063 ], [ 17.93214490500003, 51.112719123000034 ], [ 17.939456225000072, 51.108864921000077 ], [ 17.954499865000059, 51.112527586000056 ], [ 17.977631441000028, 51.117765059000078 ], [ 17.979859143000056, 51.118226374000074 ], [ 17.988399873000049, 51.119994998000038 ], [ 17.995233714000051, 51.121569653000051 ], [ 18.003677751000055, 51.121856490000027 ], [ 18.012561770000048, 51.125803651000069 ], [ 18.015134017000037, 51.126946498000052 ], [ 18.026299418000065, 51.128986697000073 ], [ 18.041009864000046, 51.131674665000048 ], [ 18.048701674000029, 51.135733605000041 ], [ 18.059300149000023, 51.141326382000045 ], [ 18.062950466000075, 51.142228299000067 ], [ 18.073108438000077, 51.144738123000081 ], [ 18.072388130000036, 51.149973605000071 ], [ 18.07589243700005, 51.153808538000078 ], [ 18.074768376000065, 51.155031289000078 ], [ 18.071791004000033, 51.158270067000046 ], [ 18.078736631000027, 51.166114567000079 ], [ 18.087011292000057, 51.160912812000049 ], [ 18.09223567600003, 51.157628573000068 ], [ 18.097395120000044, 51.157907586000078 ], [ 18.101097932000073, 51.158107827000038 ], [ 18.103098880000061, 51.156256838000047 ], [ 18.105130025000051, 51.154377915000055 ], [ 18.116446585000062, 51.162193355000056 ], [ 18.125617712000064, 51.168527116000064 ], [ 18.159336660000065, 51.174133366000035 ], [ 18.163681431000043, 51.172517115000062 ], [ 18.167534431000036, 51.164231617000041 ], [ 18.186368384000048, 51.158075678000046 ], [ 18.219437583000058, 51.154818530000057 ], [ 18.232210742000063, 51.15751907300006 ], [ 18.236086785000055, 51.158338559000072 ], [ 18.262248465000027, 51.156728143000066 ], [ 18.268745293000052, 51.15231837500005 ], [ 18.271345459000031, 51.150553494000064 ], [ 18.27590495000004, 51.149416252000037 ], [ 18.288355933000048, 51.146310690000064 ], [ 18.298616278000054, 51.140210355000079 ], [ 18.305890243000022, 51.13588558500004 ], [ 18.314954895000028, 51.133954047000032 ], [ 18.320251401000064, 51.135830314000032 ], [ 18.328603346000023, 51.138788959000067 ], [ 18.349728923000043, 51.13717411600004 ], [ 18.357880930000022, 51.137375790000078 ], [ 18.361623828000063, 51.13746838600008 ], [ 18.366719293000074, 51.137594444000058 ], [ 18.372173811000039, 51.134216347000063 ], [ 18.379097416000036, 51.129928413000073 ], [ 18.402308496000046, 51.124446404000082 ], [ 18.403641961000062, 51.124516268000036 ], [ 18.418056699000033, 51.125271493000071 ], [ 18.421935778000034, 51.118877186000077 ], [ 18.422663704000058, 51.117677266000044 ], [ 18.438862230000041, 51.114190787000041 ], [ 18.453620912000076, 51.117087262000041 ], [ 18.46419202800007, 51.119161904000066 ], [ 18.467572123000025, 51.110731111000064 ], [ 18.46981458700003, 51.105137850000062 ], [ 18.477043188000039, 51.101357893000056 ], [ 18.480296878000047, 51.099656484000036 ], [ 18.48013441300003, 51.098298604000036 ], [ 18.479461796000066, 51.092676886000049 ], [ 18.489308808000033, 51.091187722000029 ], [ 18.499431685000047, 51.099244953000039 ], [ 18.518302327000072, 51.107490334000033 ], [ 18.519266848000029, 51.116339565000033 ], [ 18.518147265000039, 51.121570544000065 ], [ 18.515827536000074, 51.132408912000074 ], [ 18.520053404000066, 51.139064365000081 ], [ 18.536537114000055, 51.138184756000044 ], [ 18.546227203000058, 51.141232493000075 ], [ 18.554298894000055, 51.137793420000037 ], [ 18.565943429000072, 51.121951852000052 ], [ 18.56677512400006, 51.117773045000035 ], [ 18.564264641000022, 51.112803509000059 ], [ 18.562055220000047, 51.108429929000067 ], [ 18.572197724000034, 51.09893915300006 ], [ 18.579356053000026, 51.092240797000045 ], [ 18.578592090000029, 51.087763955000071 ], [ 18.577614028000028, 51.08203248500007 ], [ 18.592671207000024, 51.081974052000078 ], [ 18.604858963000027, 51.08192675500004 ], [ 18.618058204000022, 51.078910954000037 ], [ 18.627385675000028, 51.071597216000043 ], [ 18.637507088000064, 51.063660944000048 ], [ 18.661377486000049, 51.054809648000059 ], [ 18.672954677000064, 51.05690260700004 ], [ 18.675417917000061, 51.053342905000079 ], [ 18.674926839000022, 51.052734818000033 ], [ 18.67196079100006, 51.049062047000064 ], [ 18.686788673000024, 51.026433647000033 ], [ 18.688177691000078, 51.02473167100004 ], [ 18.695486925000068, 51.01577560100003 ], [ 18.681220389000032, 51.008861072000059 ], [ 18.667075030000035, 51.006442453000034 ], [ 18.65739250300004, 51.004786903000081 ], [ 18.661127833000023, 50.999007507000044 ], [ 18.667286684000032, 50.989478378000058 ], [ 18.66265243600003, 50.971091903000058 ], [ 18.65430668700003, 50.970086219000052 ], [ 18.646663081000042, 50.969165145000034 ], [ 18.63848768500003, 50.964906474000031 ], [ 18.624552922000078, 50.965825632000076 ], [ 18.613357030000032, 50.95469993100005 ], [ 18.629606758000023, 50.932099492000077 ], [ 18.640991346000078, 50.93141197500006 ], [ 18.647895940000069, 50.930995006000046 ], [ 18.654779767000036, 50.915937025000062 ], [ 18.640623167000058, 50.896732943000075 ], [ 18.637072338000053, 50.891916079000055 ], [ 18.615877645000069, 50.853587547000075 ], [ 18.588781157000028, 50.851497553000058 ], [ 18.55942409000005, 50.834762193000074 ], [ 18.557891666000046, 50.830309258000057 ], [ 18.561134849000041, 50.822404642000038 ], [ 18.562292018000051, 50.819584272000043 ], [ 18.560306301000026, 50.80837852500008 ], [ 18.536892231000024, 50.805385623000063 ], [ 18.506282970000029, 50.801472997000076 ], [ 18.506619398000055, 50.797522728000047 ], [ 18.520028658000058, 50.79537038400008 ], [ 18.518317655000033, 50.789230064000037 ], [ 18.524188886000047, 50.785648303000073 ], [ 18.527996876000032, 50.778644811000049 ], [ 18.534561408000059, 50.776556041000049 ], [ 18.537385207000057, 50.769955062000065 ], [ 18.547526841000035, 50.761698403000025 ], [ 18.555603811000026, 50.759126617000049 ], [ 18.577054319000069, 50.752296568000077 ], [ 18.568761282000025, 50.745884060000037 ], [ 18.557453960000032, 50.749015575000044 ], [ 18.552533304000065, 50.750378329000057 ], [ 18.548498624000047, 50.742918258000032 ], [ 18.548421770000061, 50.738640710000027 ], [ 18.548302877000026, 50.732023387000027 ], [ 18.528345878000039, 50.728631715000063 ], [ 18.511530002000029, 50.725773874000026 ], [ 18.507546271000024, 50.718278876000056 ], [ 18.504659740000022, 50.71284815100006 ], [ 18.500257651000027, 50.711378029000059 ], [ 18.485230085000069, 50.706359421000059 ], [ 18.486341296000035, 50.702786691000028 ], [ 18.491597836000039, 50.698763621000069 ], [ 18.499266166000041, 50.692894698000032 ], [ 18.491882267000051, 50.688327382000068 ], [ 18.486047782000071, 50.684718458000077 ], [ 18.488289252000072, 50.679512292000027 ], [ 18.493731826000044, 50.677676518000055 ], [ 18.501367373000051, 50.675101056000074 ], [ 18.498451041000067, 50.669186919000026 ], [ 18.496368329000063, 50.664963310000076 ], [ 18.501669059000051, 50.663397888000077 ], [ 18.514624221000076, 50.659571944000049 ], [ 18.509920317000024, 50.648554344000047 ], [ 18.508053756000038, 50.644182439000076 ], [ 18.515043925000043, 50.638397882000049 ], [ 18.513204712000061, 50.630722517000038 ], [ 18.51746793500007, 50.625458858000059 ], [ 18.544889836000038, 50.62088624900008 ], [ 18.587251227000024, 50.613822476000053 ], [ 18.59013249800006, 50.60638765300007 ], [ 18.601727004000054, 50.604452847000061 ], [ 18.595527997000033, 50.588459964000037 ], [ 18.591614070000048, 50.578362384000059 ], [ 18.599797459000058, 50.568584422000072 ], [ 18.606848796000065, 50.568597664000038 ], [ 18.615123819000075, 50.568613203000041 ], [ 18.608769894000034, 50.557888778000063 ], [ 18.60639311500006, 50.553877149000073 ], [ 18.607473563000042, 50.550011138000059 ], [ 18.572328237000022, 50.547512389000076 ], [ 18.560188405000076, 50.542219078000073 ], [ 18.555288, 50.540082362000078 ], [ 18.507765343000074, 50.547891659000072 ], [ 18.481635439000058, 50.552185531000077 ], [ 18.469825828000069, 50.551252899000076 ], [ 18.439152605000061, 50.546656938000069 ], [ 18.431236941000066, 50.535974860000067 ], [ 18.430803249000064, 50.531830273000025 ], [ 18.435137221000048, 50.528602770000077 ], [ 18.437925604000043, 50.52652626400004 ], [ 18.445773879000058, 50.509943436000071 ], [ 18.446429063000039, 50.505722322000054 ], [ 18.447488362000058, 50.498897642000031 ], [ 18.457483662000072, 50.49903770700007 ], [ 18.465355917000068, 50.499148021000053 ], [ 18.467815106000046, 50.491312346000029 ], [ 18.468717071000071, 50.488438431000077 ], [ 18.470118208000031, 50.481035292000058 ], [ 18.473708004000059, 50.477840860000072 ], [ 18.475360356000067, 50.473876201000053 ], [ 18.481209884000066, 50.471109469000055 ], [ 18.484857120000072, 50.469384385000069 ], [ 18.480410490000054, 50.458998445000077 ], [ 18.452927212000077, 50.46295888800006 ], [ 18.451763966000044, 50.468268269000077 ], [ 18.449666682000043, 50.477840860000072 ], [ 18.440151483000022, 50.480623994000041 ], [ 18.437056190000078, 50.479352104000043 ], [ 18.435111996000046, 50.478553214000044 ], [ 18.430936674000066, 50.477840860000072 ], [ 18.427598154000066, 50.477277035000043 ], [ 18.425584410000056, 50.477072983000028 ], [ 18.421582895000029, 50.476144890000057 ], [ 18.418405456000073, 50.47590014900004 ], [ 18.414278082000067, 50.474840442000072 ], [ 18.40969072300004, 50.474646869000026 ], [ 18.404840658000069, 50.475342646000058 ], [ 18.399544217000027, 50.477840860000072 ], [ 18.395478266000055, 50.479251805000047 ], [ 18.384399892000033, 50.483096165000063 ], [ 18.380573296000023, 50.481576979000067 ], [ 18.380443678000063, 50.477840860000072 ], [ 18.381135725000036, 50.475966897000035 ], [ 18.381363969000063, 50.473628456000029 ], [ 18.381896872000027, 50.471870655000032 ], [ 18.38428532000006, 50.463777982000067 ], [ 18.385709251000037, 50.458953337000025 ], [ 18.385008837000044, 50.456503244000032 ], [ 18.382909403000042, 50.449159285000064 ], [ 18.386198845000024, 50.44453810300007 ], [ 18.388540900000066, 50.441247859000043 ], [ 18.387246377000054, 50.432278360000055 ], [ 18.377489441000023, 50.428894276000051 ], [ 18.368448752000063, 50.425758615000063 ], [ 18.366500453000072, 50.420567457000061 ], [ 18.372938563000048, 50.415835872000059 ], [ 18.380566353000063, 50.41022995000003 ], [ 18.392499914000041, 50.387889119000079 ], [ 18.384043958000063, 50.382421754000063 ], [ 18.378890827000077, 50.37908989500005 ], [ 18.379967142000055, 50.377618899000026 ], [ 18.383863490000067, 50.372293773000081 ], [ 18.374649297000076, 50.370691785000076 ], [ 18.370878524000034, 50.361229542000046 ], [ 18.363976034000075, 50.358779938000055 ], [ 18.357744440000033, 50.35656842700007 ], [ 18.371862418000035, 50.347210242000074 ], [ 18.374100779000059, 50.346366204000049 ], [ 18.39021604900006, 50.340289476000066 ], [ 18.399316033000048, 50.332003735000058 ], [ 18.399962918000028, 50.326675329000068 ], [ 18.400293323000028, 50.323953781000057 ], [ 18.403208494000069, 50.323694160000059 ], [ 18.405377517000034, 50.32350099000007 ], [ 18.408083227000077, 50.318905705000077 ], [ 18.397811190000027, 50.315187366000032 ], [ 18.392963157000054, 50.313432443000067 ], [ 18.394041150000078, 50.305141986000081 ], [ 18.39916252200004, 50.299558587000035 ], [ 18.40059407900003, 50.297700321000036 ], [ 18.406967399000052, 50.28942728700008 ], [ 18.401189884000075, 50.283379852000053 ], [ 18.395488309000029, 50.277411906000054 ], [ 18.406403528000055, 50.27594599400004 ], [ 18.417584790000035, 50.274444352000046 ], [ 18.425588094000034, 50.26960706400007 ], [ 18.426841136000064, 50.263533790000054 ], [ 18.423551819000068, 50.26160457800006 ], [ 18.421135138000068, 50.260187175000056 ], [ 18.42586659400007, 50.248965559000055 ], [ 18.405237557000078, 50.254401149000046 ], [ 18.356456448000074, 50.256856150000033 ], [ 18.357079698000064, 50.254008287000033 ], [ 18.358416164000062, 50.247901465000041 ], [ 18.331917708000049, 50.243400644000076 ], [ 18.314589, 50.240457325000079 ], [ 18.31001477600006, 50.234166935000076 ], [ 18.308424872000046, 50.231980529000055 ], [ 18.276763437000056, 50.225036196000076 ], [ 18.270804120000037, 50.221019856000055 ], [ 18.264023975000043, 50.222184097000081 ], [ 18.26174360400006, 50.222278386000028 ], [ 18.252842121000072, 50.222646444000077 ], [ 18.250483013000064, 50.219902123000054 ], [ 18.248488537000071, 50.217581974000041 ], [ 18.246298272000047, 50.216790924000065 ], [ 18.236824222000052, 50.213369215000057 ], [ 18.23677740100004, 50.200562896000065 ], [ 18.238653515000067, 50.199390835000031 ], [ 18.241601522000053, 50.197549133000052 ], [ 18.249492960000055, 50.197691298000052 ], [ 18.246577140000056, 50.192597487000057 ], [ 18.187284643000055, 50.186916599000028 ], [ 18.184226876000025, 50.181238832000076 ], [ 18.17001915000003, 50.187211749000028 ], [ 18.168118958000036, 50.188010588000054 ], [ 18.16088123000003, 50.188285821000079 ], [ 18.153646646000027, 50.184461869000074 ], [ 18.145880170000055, 50.180356776000053 ], [ 18.142965695000044, 50.180964743000061 ], [ 18.131607574000043, 50.183334074000072 ], [ 18.122081288000061, 50.179256419000069 ], [ 18.121540812000035, 50.174552533000053 ], [ 18.119271339000022, 50.173206805000063 ], [ 18.110239218000061, 50.167851035000069 ], [ 18.105577221000033, 50.16947211300004 ], [ 18.104322769000078, 50.171074044000079 ], [ 18.099852525000074, 50.176782532000061 ], [ 18.082804595000027, 50.175473728000043 ], [ 18.076776538000047, 50.173269653000034 ], [ 18.071263366000039, 50.171253838000041 ], [ 18.059833715000025, 50.174620103000052 ], [ 18.062995330000035, 50.168091509000078 ], [ 18.061239740000076, 50.16497406700006 ], [ 18.058232884000063, 50.163961125000071 ], [ 18.057686535000073, 50.163777073000063 ], [ 18.057667990000027, 50.160911985000041 ], [ 18.057764980000059, 50.160845636000033 ], [ 18.064861099000041, 50.155991332000042 ], [ 18.055647773000032, 50.146748419000062 ], [ 18.052997340000047, 50.144089475000044 ], [ 18.050933972000053, 50.138425987000062 ], [ 18.055351161000033, 50.133580086000052 ], [ 18.05780668500006, 50.132626436000066 ], [ 18.067368819000023, 50.128912796000066 ], [ 18.062976218000074, 50.119721612000035 ], [ 18.061495173000026, 50.116622637000035 ], [ 18.065293545000031, 50.113936817000081 ], [ 18.071343657000057, 50.109658797000066 ], [ 18.059126608000042, 50.095747544000062 ], [ 18.056314027000042, 50.086859939000078 ], [ 18.035061079000059, 50.065772022000033 ], [ 18.006303546000026, 50.053245875000073 ], [ 18.005259351000063, 50.036944106000078 ], [ 18.013230649000036, 50.030613371000072 ], [ 18.017499379000071, 50.033297145000063 ], [ 18.025623005000057, 50.038404512000056 ], [ 18.04305312200006, 50.036615986000072 ], [ 18.048262965000049, 50.028308457000037 ], [ 18.044106858000077, 50.022170954000046 ], [ 18.046378395000033, 50.015921892000051 ], [ 18.042436097000063, 50.014157387000068 ], [ 18.044708155000023, 50.006882440000027 ], [ 18.037173212000027, 50.008794844000079 ], [ 18.008442243000047, 50.011456354000074 ], [ 18.006139408000024, 50.014205914000058 ], [ 18.003392401000042, 50.017485810000039 ], [ 17.990110925000067, 50.01347532300008 ], [ 17.989904834000072, 50.013221160000057 ], [ 17.983305083000062, 50.005081979000067 ], [ 17.971328768000035, 50.008315945000049 ], [ 17.970727348000025, 50.00847834700005 ], [ 17.954118496000035, 50.00459227500005 ], [ 17.941013785000052, 49.993757636000055 ], [ 17.922867816000064, 49.978755014000058 ], [ 17.906361347000029, 49.976896246000081 ], [ 17.901743711000051, 49.977769093000063 ], [ 17.88950720400004, 49.980082094000068 ], [ 17.875708148000058, 49.975651490000075 ], [ 17.868270829000039, 49.973263514000053 ], [ 17.858444347000045, 49.980320314000039 ], [ 17.850195393000035, 49.986244227000043 ], [ 17.837668260000044, 49.990498728000034 ], [ 17.826658141000053, 49.994238016000054 ], [ 17.830283512000051, 49.997925642000041 ], [ 17.835794215000078, 50.003530974000057 ], [ 17.828623368000024, 50.010342206000075 ], [ 17.817369783000061, 50.011750366000058 ], [ 17.795012107000048, 50.014547981000078 ], [ 17.79352573500006, 50.017924462000053 ], [ 17.793410491000031, 50.018186252000078 ], [ 17.791095210000037, 50.018553814000029 ], [ 17.777956991000053, 50.020639567000046 ], [ 17.773035115000027, 50.024482173000081 ], [ 17.775493999000048, 50.028520557000036 ], [ 17.776697811000076, 50.03049765600008 ], [ 17.771844115000022, 50.035100503000081 ], [ 17.770176727000035, 50.036681717000079 ], [ 17.770572245000039, 50.03739340900006 ], [ 17.773224025000047, 50.042165002000047 ], [ 17.770454353000048, 50.048317189000045 ], [ 17.75835362600003, 50.059420919000047 ], [ 17.756779455000071, 50.06086539100005 ], [ 17.756894346000024, 50.06205168200006 ], [ 17.757358558000078, 50.066844820000028 ], [ 17.749898725000037, 50.07700111500003 ], [ 17.74455696900003, 50.079909530000066 ], [ 17.730597404000036, 50.08751006500006 ], [ 17.730774451000059, 50.092895052000074 ], [ 17.730914942000027, 50.097168151000062 ], [ 17.706520791000059, 50.113460959000065 ], [ 17.696974087000058, 50.116749222000067 ], [ 17.683670371000062, 50.116629814000078 ], [ 17.679138005000027, 50.109265852000078 ], [ 17.675869851000073, 50.103955919000043 ], [ 17.652199710000048, 50.110598193000044 ], [ 17.64872751200005, 50.116267847000074 ], [ 17.640267596000058, 50.130081808000057 ], [ 17.626381095000056, 50.13482289600006 ], [ 17.615650039000059, 50.13897386900004 ], [ 17.611184183000034, 50.140701346000071 ], [ 17.593850943000064, 50.160686534000035 ], [ 17.604372313000056, 50.170477885000025 ], [ 17.613004638000064, 50.170271771000046 ], [ 17.625493403000064, 50.169973576000075 ], [ 17.637211957000034, 50.174131856000031 ], [ 17.67610051500003, 50.180909193000048 ], [ 17.690892796000071, 50.18348713000006 ], [ 17.694388601000071, 50.183992407000062 ], [ 17.703971886000033, 50.185377555000059 ], [ 17.71040051600005, 50.193207352000059 ], [ 17.710897376000048, 50.196071699000072 ], [ 17.711451961000023, 50.199268830000051 ], [ 17.718960365000044, 50.205558397000061 ], [ 17.726911101000042, 50.204512730000033 ], [ 17.741266481000025, 50.202624736000075 ], [ 17.757578465000051, 50.207091412000068 ], [ 17.759312051000052, 50.216011982000055 ], [ 17.75806327500004, 50.220345241000075 ], [ 17.75742077700005, 50.222574714000075 ], [ 17.759163762000071, 50.225998753000056 ], [ 17.764225292000049, 50.235941966000041 ], [ 17.754741825000053, 50.240767912000081 ], [ 17.742199295000034, 50.24715055300004 ], [ 17.726129360000073, 50.256626745000062 ], [ 17.725646846000075, 50.262451860000056 ], [ 17.726538695000045, 50.27281853900007 ], [ 17.734229733000063, 50.277918644000067 ], [ 17.740796316000058, 50.286147675000052 ], [ 17.751560804000064, 50.299637387000075 ], [ 17.744109996000077, 50.300838873000032 ], [ 17.728835772000025, 50.303301930000032 ], [ 17.72146258500004, 50.315775640000027 ], [ 17.718403963000071, 50.320950115000073 ], [ 17.688051638000047, 50.327329875000032 ], [ 17.688515089000077, 50.316413995000062 ], [ 17.689131769000028, 50.301889039000059 ], [ 17.650323267000033, 50.278035350000039 ], [ 17.634601882000027, 50.272758001000057 ], [ 17.61731525600004, 50.266952512000046 ], [ 17.605858948000048, 50.267505124000081 ], [ 17.595086889000072, 50.275216906000026 ], [ 17.590657140000076, 50.278388190000044 ], [ 17.577230119000035, 50.274458181000057 ], [ 17.563242856000045, 50.270364192000045 ], [ 17.560016381000025, 50.271307787000069 ], [ 17.559824187000061, 50.271363995000058 ], [ 17.550702384000033, 50.270616904000065 ], [ 17.545551178000039, 50.270195012000045 ], [ 17.527280910000059, 50.272313101000066 ], [ 17.503492320000078, 50.275070934000041 ], [ 17.476264834000062, 50.270858989000033 ], [ 17.463965552000047, 50.267723653000076 ], [ 17.458207762000029, 50.268969619000075 ], [ 17.456654037000078, 50.262207535000073 ], [ 17.455822862000048, 50.258590118000029 ], [ 17.449204162000058, 50.255144620000067 ], [ 17.439965778000044, 50.25200235300008 ], [ 17.429605127000059, 50.254512987000055 ], [ 17.430052458000034, 50.264791550000041 ], [ 17.419955776000052, 50.276489889000061 ], [ 17.413628906000042, 50.275469507000025 ], [ 17.407597685000042, 50.274496806000059 ], [ 17.395619881000073, 50.279939954000042 ], [ 17.390331050000043, 50.282343390000051 ], [ 17.368268808000039, 50.282178243000033 ], [ 17.363367699000037, 50.278848551000067 ], [ 17.362604041000054, 50.271068188000072 ], [ 17.362043161000031, 50.265353790000063 ], [ 17.350679955000032, 50.264475746000073 ], [ 17.346198577000052, 50.268369947000053 ], [ 17.343292588000054, 50.277105690000042 ], [ 17.342178020000063, 50.280456210000068 ], [ 17.341437151000036, 50.280959320000079 ], [ 17.337982810000028, 50.28330509500006 ], [ 17.342986957000051, 50.285665593000033 ], [ 17.347018105000075, 50.287567120000062 ], [ 17.34591626100007, 50.294560970000077 ], [ 17.34570366500003, 50.295910405000029 ], [ 17.347198610000078, 50.298455059000048 ], [ 17.352440861000048, 50.30737827400003 ], [ 17.347473777000062, 50.310015014000044 ], [ 17.338420295000049, 50.314820988000065 ], [ 17.340602880000063, 50.321629161000033 ], [ 17.341534172000024, 50.321873181000058 ], [ 17.34832139100007, 50.32365158500005 ], [ 17.348517022000067, 50.327450569000064 ], [ 17.328822583000033, 50.327047457000049 ], [ 17.314405157000067, 50.321402550000073 ], [ 17.312758423000048, 50.320757798000045 ], [ 17.289939653000033, 50.317503153000075 ], [ 17.249735401000066, 50.331402986000057 ], [ 17.232693107000046, 50.341745586000059 ], [ 17.232156843000041, 50.341752529000075 ], [ 17.213077794000071, 50.356291841000029 ], [ 17.201427486000057, 50.364737239000078 ], [ 17.199539154000036, 50.374448230000041 ], [ 17.200470888000041, 50.37724116000004 ], [ 17.203106308000031, 50.38514099300005 ], [ 17.196897927000066, 50.387823121000054 ], [ 17.185033125000075, 50.389508980000073 ], [ 17.165042339000024, 50.383157901000061 ], [ 17.157517129000041, 50.380767139000056 ], [ 17.143580181000061, 50.380409010000051 ], [ 17.12592814900006, 50.392770143000064 ], [ 17.125538553000069, 50.393042964000074 ], [ 17.125447917000031, 50.393051421000052 ], [ 17.111995611000054, 50.39430664200006 ], [ 17.111176928000077, 50.401410139000063 ], [ 17.110768953000047, 50.404950027000041 ], [ 17.086940381000034, 50.405643673000043 ], [ 17.086018764000073, 50.405209643000035 ], [ 17.080754135000063, 50.402730299000041 ], [ 17.05255119900005, 50.406965917000036 ], [ 17.037832878000074, 50.412771958000064 ], [ 17.030309704000047, 50.415739679000069 ], [ 17.023622628000055, 50.421137304000069 ], [ 17.016136470000049, 50.419888969000056 ], [ 17.013331494000056, 50.419421233000037 ], [ 17.007158619000052, 50.422833948000061 ], [ 16.999639614000046, 50.426990880000062 ], [ 16.98888753600005, 50.423257264000028 ], [ 16.975048045000051, 50.418451557000026 ], [ 16.963590486000044, 50.424773176000031 ], [ 16.950871154000026, 50.431790969000076 ], [ 16.941953928000032, 50.434366246000081 ], [ 16.932568779000064, 50.43707665900007 ], [ 16.923041577000049, 50.440157299000077 ], [ 16.907924286000025, 50.449454078000031 ], [ 16.932568779000064, 50.457892156000071 ], [ 16.942941047000033, 50.465126047000069 ], [ 16.943568921000065, 50.467869030000031 ], [ 16.945851490000052, 50.477840860000072 ], [ 16.947798598000077, 50.480631991000052 ], [ 16.95857339500003, 50.486857284000052 ], [ 16.972829274000048, 50.487371205000045 ], [ 16.978277755000022, 50.483046725000065 ], [ 16.978205872000046, 50.478969493000079 ], [ 16.978159736000066, 50.476352617000032 ], [ 16.98041472400007, 50.474822480000057 ], [ 16.984849044000043, 50.475587382000072 ], [ 16.995504262000054, 50.477425364000055 ], [ 16.999246184000071, 50.476552955000045 ], [ 17.004334449000055, 50.475366654000027 ], [ 17.007088748000058, 50.477135127000054 ], [ 17.010226419000048, 50.479149756000027 ], [ 17.020719873000075, 50.479989050000029 ], [ 17.019581836000043, 50.477840860000072 ], [ 17.018627331000062, 50.475084747000039 ], [ 17.018232956000077, 50.473945996000054 ], [ 17.020432959000061, 50.471791728000028 ], [ 17.021352634000039, 50.470891171000062 ], [ 17.021050325000033, 50.470665804000078 ], [ 17.017651852000029, 50.468132289000039 ], [ 17.019273488000067, 50.46573950800007 ], [ 17.049161249000065, 50.464451570000051 ], [ 17.053816720000043, 50.468698724000035 ], [ 17.054503425000064, 50.473077108000041 ], [ 17.054764820000059, 50.474743742000044 ], [ 17.056953712000052, 50.475610473000074 ], [ 17.062586464000049, 50.477840860000072 ], [ 17.063237048000076, 50.488751060000027 ], [ 17.060710154000049, 50.491150927000035 ], [ 17.059904164000045, 50.491916400000036 ], [ 17.060559564000073, 50.493795049000028 ], [ 17.061596226000063, 50.496766554000033 ], [ 17.060243957000068, 50.499336618000029 ], [ 17.057407388000058, 50.504727675000026 ], [ 17.065362453000034, 50.510699922000072 ], [ 17.073642688000064, 50.516916289000051 ], [ 17.074324298000022, 50.522563147000028 ], [ 17.067803209000033, 50.527248809000071 ], [ 17.06303334200004, 50.530676149000044 ], [ 17.063249757000051, 50.540599791000034 ], [ 17.07618450700005, 50.555776027000036 ], [ 17.077936349000026, 50.556651100000067 ], [ 17.093676234000043, 50.564513428000055 ], [ 17.100662556000032, 50.576933645000054 ], [ 17.113826667000069, 50.586996443000032 ], [ 17.120357124000066, 50.601856703000067 ], [ 17.122809128000029, 50.607436317000065 ], [ 17.164895792000038, 50.613463091000028 ], [ 17.188606393000043, 50.616311475000032 ], [ 17.19175029400003, 50.616178814000079 ], [ 17.23216590100003, 50.614473419000035 ], [ 17.237686385000075, 50.614294752000035 ], [ 17.24387084500006, 50.619774146000054 ], [ 17.241833189000033, 50.627841156000045 ], [ 17.237684353000077, 50.630425774000059 ], [ 17.233624965000047, 50.632954669000071 ], [ 17.230880356000057, 50.638617397000075 ], [ 17.236893990000056, 50.649468746000082 ], [ 17.237814202000038, 50.651129230000038 ], [ 17.236782145000063, 50.652163549000079 ], [ 17.233848395000052, 50.655103727000039 ], [ 17.236526845000071, 50.658314724000036 ], [ 17.238583402000074, 50.660780178000039 ], [ 17.238934839000024, 50.672182646000067 ], [ 17.238935042000037, 50.672189248000052 ], [ 17.235703864000072, 50.680313897000076 ], [ 17.245535659000041, 50.682287767000048 ], [ 17.247246257000029, 50.682631193000077 ], [ 17.25795981400006, 50.690168291000077 ], [ 17.244123843000068, 50.694367940000063 ], [ 17.221901584000022, 50.701113089000046 ], [ 17.220787653000059, 50.713702873000045 ], [ 17.235874952000074, 50.716354257000035 ], [ 17.252091797000048, 50.71920414300007 ], [ 17.261293192000039, 50.729987437000034 ], [ 17.262794789000054, 50.734204611000052 ], [ 17.264337122000029, 50.738536189000058 ], [ 17.273790808000058, 50.743150858000035 ], [ 17.283744870000078, 50.74302659600005 ], [ 17.285800205000044, 50.74219757000003 ], [ 17.293444704000024, 50.739114136000069 ], [ 17.298118173000034, 50.74138666500005 ], [ 17.29331576900006, 50.747003436000057 ], [ 17.29264777700007, 50.754593525000075 ], [ 17.272439097000074, 50.766095757000073 ], [ 17.260244955000076, 50.773036332000061 ], [ 17.275532933000022, 50.788354940000033 ], [ 17.287941834000037, 50.793579151000074 ], [ 17.308967714000062, 50.788844835000077 ], [ 17.317043424000076, 50.78702645900006 ], [ 17.342077793000044, 50.785090903000082 ], [ 17.349023936000037, 50.788080535000063 ], [ 17.353675828000064, 50.794335454000077 ], [ 17.350237076000042, 50.80707515000006 ], [ 17.343619011000044, 50.808007172000032 ], [ 17.34026661300004, 50.808479290000037 ], [ 17.326007307000054, 50.819034485000032 ], [ 17.318344319000062, 50.821146533000046 ], [ 17.332486242000073, 50.825670694000053 ], [ 17.34240735000003, 50.828844569000069 ], [ 17.340709784000069, 50.834543783000072 ], [ 17.334852875000024, 50.840606859000047 ], [ 17.330406384000071, 50.84520986900003 ], [ 17.329798014000062, 50.850739116000057 ], [ 17.34603224600005, 50.852103832000068 ], [ 17.361927062000063, 50.858442317000026 ], [ 17.368728876000034, 50.859540933000062 ], [ 17.382376674000056, 50.861745298000073 ], [ 17.385220397000069, 50.873191026000029 ], [ 17.385580126000036, 50.874638900000036 ], [ 17.386578682000049, 50.874871442000028 ], [ 17.394949100000076, 50.876820730000077 ], [ 17.393375586000047, 50.89033452700005 ], [ 17.378098588000057, 50.894421140000077 ], [ 17.353699521000067, 50.900947916000064 ], [ 17.36763181300006, 50.915915685000073 ], [ 17.368854688000056, 50.917229447000068 ], [ 17.369205385000043, 50.917606209000041 ], [ 17.369829219000053, 50.924887833000071 ], [ 17.398415494000062, 50.92040761100003 ], [ 17.403744754000058, 50.915325087000042 ], [ 17.408120110000027, 50.911152302000062 ], [ 17.427239778000057, 50.910572900000034 ], [ 17.432288423000045, 50.917129156000044 ], [ 17.430817320000074, 50.925066799000035 ], [ 17.438821498000038, 50.936431104000064 ], [ 17.432630371000073, 50.944315885000037 ], [ 17.431533466000076, 50.94571286200005 ], [ 17.43221464800007, 50.966529177000041 ], [ 17.464075895000065, 50.978276074000064 ], [ 17.467134220000048, 50.975170487000071 ], [ 17.469870642000046, 50.972391777000041 ], [ 17.491753341000049, 50.974529721000067 ], [ 17.499969342000043, 50.97533242600008 ], [ 17.501722432000065, 50.974270254000032 ], [ 17.508985299000074, 50.969869786000061 ], [ 17.513155403000042, 50.973437516000047 ], [ 17.513798092000059, 50.979758255000036 ], [ 17.507448127000032, 50.983246926000049 ], [ 17.505207177000045, 50.984478104000061 ], [ 17.494757196000023, 50.985672011000077 ], [ 17.492452977000028, 50.98899130500007 ], [ 17.498974368000063, 50.991968986000074 ], [ 17.509201032000078, 50.989281171000073 ], [ 17.516092287000049, 50.98746998200005 ], [ 17.537122408000073, 50.989649383000028 ], [ 17.543659803000025, 50.999789124000074 ], [ 17.526260869000055, 51.00385508800008 ], [ 17.525301140000067, 51.004079368000077 ], [ 17.515459962000023, 51.011830420000081 ], [ 17.519468436000068, 51.025211771000045 ], [ 17.521293737000065, 51.026836471000081 ], [ 17.527287769000054, 51.032171758000061 ], [ 17.532654131000072, 51.042377814000076 ], [ 17.523442629000044, 51.048291006000056 ], [ 17.518402609000077, 51.051526375000037 ], [ 17.523617949000027, 51.054354997000075 ], [ 17.523799756000074, 51.057679857000039 ], [ 17.519923476000031, 51.059858753000071 ], [ 17.526406887000064, 51.065968982000072 ], [ 17.534758195000052, 51.068852832000061 ], [ 17.545747753000057, 51.068412305000038 ], [ 17.557285723000064, 51.067949794000072 ], [ 17.582133685000031, 51.081842351000034 ], [ 17.572814244000028, 51.087260753000066 ], [ 17.563488939000024, 51.092682563000039 ], [ 17.568127243000049, 51.098776394000026 ], [ 17.577083797000057, 51.110543568000026 ], [ 17.572450119000052, 51.118158924000056 ], [ 17.575647751000076, 51.128889166000079 ], [ 17.566884658000049, 51.13335929200008 ], [ 17.565627631000041, 51.138346718000037 ], [ 17.555035813000075, 51.141356311000038 ], [ 17.546480786000075, 51.143787164000059 ], [ 17.545076221000045, 51.152936518000047 ], [ 17.558981457000073, 51.157505506000064 ], [ 17.568720240000061, 51.165094633000081 ], [ 17.572455289000061, 51.164198100000078 ], [ 17.577933859000041, 51.162883065000074 ], [ 17.589286449000042, 51.17046930500004 ], [ 17.59778847900003, 51.168626420000066 ], [ 17.601505469000074, 51.175686098000028 ], [ 17.598985399000071, 51.178684138000051 ], [ 17.598049165000077, 51.17979794200005 ], [ 17.611501771000064, 51.190519652000035 ], [ 17.618567331000065, 51.184290601000043 ], [ 17.61926496500007, 51.182043029000056 ], [ 17.621107894000033, 51.176105648000032 ], [ 17.638242780000041, 51.173473658000034 ], [ 17.641001966000033, 51.16832026600008 ], [ 17.668766699000059, 51.161557518000052 ], [ 17.68368939100003, 51.166554250000047 ], [ 17.700259798000047, 51.163271107000071 ], [ 17.698907641000062, 51.170441225000047 ], [ 17.699635293000028, 51.170926056000042 ], [ 17.702823832000036, 51.17305056400005 ], [ 17.70953617300006, 51.173330001000068 ], [ 17.738695063000023, 51.174543895000056 ], [ 17.749398037000049, 51.17956322100008 ], [ 17.752619379000066, 51.183790653000074 ], [ 17.754430595000031, 51.186167548000071 ], [ 17.760115838000047, 51.185610801000053 ], [ 17.778855887000077, 51.183775619000073 ], [ 17.783664041000065, 51.18776831100007 ], [ 17.793188882000038, 51.189566438000043 ], [ 17.795269319000056, 51.194146107000051 ] ] ] } },
{ "type": "Feature", "properties": { "voivodeship": "podkarpackie" }, "geometry": { "type": "MultiPolygon", "coordinates": [ [ [ [ 22.15705734200003, 50.779020452000054 ], [ 22.153584937000062, 50.771955539000032 ], [ 22.16244372500006, 50.770349261000035 ], [ 22.184379653000065, 50.766371831000072 ], [ 22.204625692000036, 50.753232194000077 ], [ 22.19950721500004, 50.749989708000044 ], [ 22.199048020000077, 50.749698814000055 ], [ 22.171893018000048, 50.708175555000082 ], [ 22.174606436000033, 50.70188991200007 ], [ 22.175161775000049, 50.700603466000075 ], [ 22.167658691000042, 50.689126913000052 ], [ 22.159201089000078, 50.682548230000066 ], [ 22.156169745000057, 50.680190322000044 ], [ 22.14738139800005, 50.677813875000027 ], [ 22.141836025000032, 50.669575801000065 ], [ 22.190270046000023, 50.664689199000065 ], [ 22.194613015000073, 50.665188968000052 ], [ 22.204165757000055, 50.666288253000062 ], [ 22.21018764300004, 50.663704015000064 ], [ 22.211948343000074, 50.662948426000071 ], [ 22.21392922800004, 50.66209834700004 ], [ 22.222787762000053, 50.659515701000032 ], [ 22.232499416000053, 50.652658856000073 ], [ 22.234646355000052, 50.64604219000006 ], [ 22.246294896000052, 50.634287141000073 ], [ 22.24629684100006, 50.629785901000048 ], [ 22.246298951000028, 50.624902486000053 ], [ 22.251930984000069, 50.620578051000052 ], [ 22.264876895000043, 50.621104179000042 ], [ 22.289168678000067, 50.622091410000053 ], [ 22.292805333000047, 50.618543291000037 ], [ 22.318632982000054, 50.618996699000036 ], [ 22.349392610000052, 50.613077710000027 ], [ 22.378061082000045, 50.60368756400004 ], [ 22.383448174000023, 50.59811120300003 ], [ 22.398303184000042, 50.594118294000054 ], [ 22.403883502000042, 50.589152604000049 ], [ 22.407950067000058, 50.585533940000062 ], [ 22.420120645000054, 50.580628626000077 ], [ 22.450502619000076, 50.588197396000055 ], [ 22.463459929000066, 50.591425327000081 ], [ 22.465937956000062, 50.589030149000052 ], [ 22.469429173000037, 50.585655655000039 ], [ 22.477007685000046, 50.58331965900004 ], [ 22.487155133000044, 50.58038896000005 ], [ 22.48983875600004, 50.577009344000032 ], [ 22.492997124000055, 50.582608477000065 ], [ 22.504958588000022, 50.583829900000069 ], [ 22.506424907000053, 50.576484255000025 ], [ 22.51085839600006, 50.575559014000078 ], [ 22.514704171000062, 50.576789138000038 ], [ 22.511193717000026, 50.580369958000063 ], [ 22.519738001000064, 50.583233546000031 ], [ 22.536032719000048, 50.568350980000048 ], [ 22.536585521000063, 50.551019620000034 ], [ 22.527919928000074, 50.549306339000054 ], [ 22.521608783000033, 50.548058557000047 ], [ 22.514114654000025, 50.539634756000055 ], [ 22.520264216000044, 50.535190741000065 ], [ 22.524512808000054, 50.535223893000079 ], [ 22.53354194700006, 50.535294348000036 ], [ 22.534185946000036, 50.526382817000069 ], [ 22.532231488000036, 50.522749868000062 ], [ 22.531357245000038, 50.521124823000036 ], [ 22.534343756000055, 50.516700609000054 ], [ 22.531674728000041, 50.511838324000053 ], [ 22.542302604000042, 50.506365087000063 ], [ 22.553961826000034, 50.507416511000031 ], [ 22.56936328200004, 50.508805408000057 ], [ 22.574748921000037, 50.504331267000055 ], [ 22.56641638800005, 50.49365785100008 ], [ 22.54786546400004, 50.487623149000058 ], [ 22.536868779000031, 50.484045876000039 ], [ 22.514511158000062, 50.485679277000031 ], [ 22.512832988000071, 50.481116729000064 ], [ 22.528738452000027, 50.476053496000077 ], [ 22.550898921000055, 50.480145246000063 ], [ 22.56450023900004, 50.482656618000078 ], [ 22.585290806000046, 50.482273029000055 ], [ 22.583588443000053, 50.476435398000035 ], [ 22.563155084000073, 50.469686778000039 ], [ 22.556957232000059, 50.467639785000074 ], [ 22.556438502000049, 50.465491222000026 ], [ 22.555411828000047, 50.461238774000037 ], [ 22.549579749000031, 50.460552219000078 ], [ 22.544746036000049, 50.45214253100005 ], [ 22.533104510000044, 50.448004862000062 ], [ 22.524196222000057, 50.453535621000071 ], [ 22.523459459000037, 50.455247728000074 ], [ 22.519800514000053, 50.463750466000079 ], [ 22.512964527000065, 50.466075193000052 ], [ 22.50894622800007, 50.465662117000079 ], [ 22.509303683000041, 50.457110359000069 ], [ 22.507015868000053, 50.456464671000049 ], [ 22.502628676000029, 50.455226478000043 ], [ 22.500747285000045, 50.454927890000079 ], [ 22.497188773000062, 50.455201040000077 ], [ 22.477007685000046, 50.458324022000056 ], [ 22.473968304000039, 50.458910428000081 ], [ 22.465546249000056, 50.460535345000039 ], [ 22.461871779000035, 50.46515590000007 ], [ 22.445762657000046, 50.461969608000061 ], [ 22.447510219000037, 50.456559751000043 ], [ 22.455941739000025, 50.451293996000061 ], [ 22.450296758000036, 50.447152003000042 ], [ 22.453980175000027, 50.445563065000044 ], [ 22.456974615000036, 50.444271335000053 ], [ 22.458499363000044, 50.434674662000077 ], [ 22.450410634000036, 50.432187089000081 ], [ 22.445183715000042, 50.419493079000063 ], [ 22.425540326000032, 50.421272811000051 ], [ 22.412272568000049, 50.422474898000075 ], [ 22.404357311000069, 50.397276891000047 ], [ 22.402944894000029, 50.39524403300004 ], [ 22.40544808900006, 50.394439462000037 ], [ 22.420356930000025, 50.39934396700005 ], [ 22.422099014000025, 50.39991705400007 ], [ 22.435857351000038, 50.399397457000077 ], [ 22.436309726000047, 50.393345470000042 ], [ 22.436350092000055, 50.392805440000075 ], [ 22.439014882000038, 50.391948678000063 ], [ 22.452380486000038, 50.387651472000073 ], [ 22.452998757000046, 50.377755993000051 ], [ 22.453568446000077, 50.368638084000054 ], [ 22.477007685000046, 50.357795476000035 ], [ 22.484257583000044, 50.353239561000066 ], [ 22.497278122000068, 50.352656914000079 ], [ 22.500050169000076, 50.352532869000072 ], [ 22.500564660000066, 50.351384255000028 ], [ 22.502885983000056, 50.346201843000074 ], [ 22.50840078400006, 50.344251258000043 ], [ 22.527543323000032, 50.352210789000026 ], [ 22.533597851000025, 50.354728282000053 ], [ 22.564257271000031, 50.35863233200007 ], [ 22.577697897000064, 50.356297336000068 ], [ 22.58355922100003, 50.355279068000073 ], [ 22.596775094000066, 50.348981081000034 ], [ 22.612939548000043, 50.352812389000064 ], [ 22.618509236000023, 50.354813697000054 ], [ 22.625133328000061, 50.357193875000064 ], [ 22.644060143000047, 50.358447326000032 ], [ 22.667648375000056, 50.354138492000061 ], [ 22.686336176000054, 50.356454135000035 ], [ 22.687595380000062, 50.352457068000035 ], [ 22.685807088000047, 50.345443662000037 ], [ 22.674528867000049, 50.343863240000076 ], [ 22.667159037000033, 50.339292128000068 ], [ 22.657392593000054, 50.33798805400005 ], [ 22.620436083000072, 50.333053402000075 ], [ 22.60871067000005, 50.327951748000032 ], [ 22.606682333000037, 50.322742166000069 ], [ 22.608111749000045, 50.31105868800006 ], [ 22.638222213000063, 50.30307735100007 ], [ 22.644737933000044, 50.305339022000055 ], [ 22.65586143400003, 50.30149780000005 ], [ 22.669138068000052, 50.301553703000081 ], [ 22.706917861000022, 50.291680511000038 ], [ 22.718277128000068, 50.29565855900006 ], [ 22.733951197000067, 50.301147664000041 ], [ 22.74948007200004, 50.302887066000039 ], [ 22.819280873000025, 50.302011418000063 ], [ 22.821173846000079, 50.301634787000069 ], [ 22.841302117000055, 50.297630016000028 ], [ 22.857420054000045, 50.295040598000071 ], [ 22.885960988000022, 50.300576162000027 ], [ 22.889728409000043, 50.301306860000068 ], [ 22.897770353000055, 50.299830067000073 ], [ 22.937340501000051, 50.292563552000047 ], [ 22.966078980000077, 50.293688738000071 ], [ 22.982652986000062, 50.294337653000071 ], [ 22.997055830000022, 50.290903745000037 ], [ 23.012579663000054, 50.287202572000069 ], [ 23.02777767300006, 50.289526031000037 ], [ 23.053464588000054, 50.305733351000072 ], [ 23.060583942000051, 50.314256579000073 ], [ 23.068437610000046, 50.32365892100006 ], [ 23.08137021400006, 50.327802555000062 ], [ 23.089985027000068, 50.330562760000078 ], [ 23.123757563000026, 50.354320002000065 ], [ 23.14133885900003, 50.366667501000052 ], [ 23.148493617000042, 50.371545466000043 ], [ 23.183579117000022, 50.39546603000008 ], [ 23.217345372000068, 50.388173034000033 ], [ 23.218727175000026, 50.38520185200008 ], [ 23.219575053000028, 50.383378728000082 ], [ 23.254167060000043, 50.362102089000075 ], [ 23.265356101000066, 50.368403235000073 ], [ 23.27788249200006, 50.375457514000061 ], [ 23.286089684000046, 50.37686898700008 ], [ 23.304172969000035, 50.379978950000066 ], [ 23.313158374000068, 50.387921433000031 ], [ 23.31862787600005, 50.392756099000053 ], [ 23.336454611000079, 50.39743354400008 ], [ 23.351889929000038, 50.401483521000046 ], [ 23.354049757000041, 50.404617837000046 ], [ 23.358092189000047, 50.410484165000071 ], [ 23.387574398000027, 50.405393129000061 ], [ 23.383672291000039, 50.399584023000045 ], [ 23.378300572000057, 50.399512347000041 ], [ 23.370738275000065, 50.399411441000041 ], [ 23.366866547000029, 50.392781617000026 ], [ 23.367259056000023, 50.389061558000037 ], [ 23.372545397000067, 50.386768576000065 ], [ 23.380555968000067, 50.38329394200008 ], [ 23.376642822000065, 50.378625748000047 ], [ 23.374747831000036, 50.376365115000056 ], [ 23.376956413000073, 50.370938805000037 ], [ 23.386805181000057, 50.368143815000053 ], [ 23.403448899000068, 50.363420480000059 ], [ 23.409340891000056, 50.356306692000032 ], [ 23.413132561000054, 50.351728760000071 ], [ 23.421155936000048, 50.350100713000074 ], [ 23.433857615000022, 50.347523378000062 ], [ 23.436152955000068, 50.344783087000053 ], [ 23.426608975000079, 50.332164557000056 ], [ 23.40326381400007, 50.301298860000031 ], [ 23.413901269000064, 50.307038672000033 ], [ 23.429224064000039, 50.302477202000034 ], [ 23.455616859000031, 50.302955771000029 ], [ 23.456064512000069, 50.302963888000079 ], [ 23.456187998000075, 50.30288863800007 ], [ 23.47046288100006, 50.294189757000026 ], [ 23.491112242000042, 50.298783549000063 ], [ 23.494780924000054, 50.299599708000073 ], [ 23.502446174000056, 50.297451328000079 ], [ 23.50916098600004, 50.29556933300006 ], [ 23.512307445000033, 50.295861788000082 ], [ 23.517006681000055, 50.296298569000044 ], [ 23.519284404000075, 50.294162597000081 ], [ 23.517752544000075, 50.290328676000058 ], [ 23.507919756000035, 50.286430738000035 ], [ 23.502764335000052, 50.284387013000071 ], [ 23.504294135000066, 50.281043153000041 ], [ 23.507678334000047, 50.279870638000034 ], [ 23.513135553000041, 50.277979889000051 ], [ 23.513803736000057, 50.270172290000062 ], [ 23.511814736000076, 50.265685966000035 ], [ 23.510009106000041, 50.261613246000081 ], [ 23.51920397400005, 50.261752967000064 ], [ 23.529843084000049, 50.26191463400005 ], [ 23.541937202000042, 50.258067807000032 ], [ 23.547642006000046, 50.251601873000027 ], [ 23.50641181900005, 50.230472053000028 ], [ 23.479953807000072, 50.221095419000051 ], [ 23.470332538000036, 50.217685672000073 ], [ 23.465825457000051, 50.214014956000028 ], [ 23.450016677000065, 50.201139762000025 ], [ 23.429519824000067, 50.184446446000038 ], [ 23.381023701000061, 50.159634453000081 ], [ 23.358604365000076, 50.144695095000031 ], [ 23.314826027000038, 50.112795885000025 ], [ 23.30032258600005, 50.107662447000052 ], [ 23.294280430000072, 50.102168351000046 ], [ 23.285969888000068, 50.100341486000048 ], [ 23.279932883000072, 50.099014401000034 ], [ 23.27945293700003, 50.095295168000064 ], [ 23.278273802000058, 50.086157720000074 ], [ 23.264363114000048, 50.07842858600003 ], [ 23.250049525000065, 50.064834595000036 ], [ 23.23904535500003, 50.054670497000075 ], [ 23.230330208000055, 50.051720690000082 ], [ 23.216716222000059, 50.047112779000031 ], [ 23.213724469000056, 50.03699051600006 ], [ 23.211673787000052, 50.030052260000048 ], [ 23.154273863000071, 49.981140006000032 ], [ 23.142631411000025, 49.971202934000075 ], [ 23.137205492000078, 49.96832498200007 ], [ 23.135105845000055, 49.967211532000078 ], [ 23.134993469000051, 49.967151925000053 ], [ 23.133041159000072, 49.966116369000076 ], [ 23.114897992000067, 49.956493342000044 ], [ 23.110544871000059, 49.947944389000043 ], [ 23.109479065000073, 49.945849901000031 ], [ 23.108243005000077, 49.94342283800006 ], [ 23.107488296000042, 49.941940931000033 ], [ 23.097218306000059, 49.932693388000075 ], [ 23.093448531000035, 49.929298406000044 ], [ 23.08234513900004, 49.920450052000035 ], [ 23.034219627000027, 49.882098566000082 ], [ 23.002863795000053, 49.849945866000041 ], [ 22.996621576000052, 49.843545009000081 ], [ 22.987732010000059, 49.841133005000074 ], [ 22.980722133000029, 49.840102710000053 ], [ 22.97068211800007, 49.838627052000049 ], [ 22.958275023000056, 49.814269058000036 ], [ 22.95666682500007, 49.811111973000038 ], [ 22.959055468000031, 49.808185035000065 ], [ 22.960682825000049, 49.806190944000036 ], [ 22.961909949000074, 49.804687591000061 ], [ 22.957248072000027, 49.803817110000068 ], [ 22.95443332900004, 49.80329153200006 ], [ 22.94737673700007, 49.799522520000039 ], [ 22.941940330000023, 49.796619485000065 ], [ 22.932792582000047, 49.793266512000059 ], [ 22.92404356000003, 49.785849868000071 ], [ 22.908428730000026, 49.773197972000048 ], [ 22.907823177000068, 49.772707324000066 ], [ 22.899481390000062, 49.76594840100006 ], [ 22.898902027000076, 49.763800899000046 ], [ 22.895501026000034, 49.751194536000071 ], [ 22.874806918000047, 49.739745564000032 ], [ 22.868663952000077, 49.736346980000064 ], [ 22.853211461000058, 49.721385353000073 ], [ 22.849647412000024, 49.715407733000063 ], [ 22.848498194000058, 49.713480266000033 ], [ 22.845766064000031, 49.708897941000032 ], [ 22.822655862000033, 49.695140662000028 ], [ 22.813850635000051, 49.693899232000035 ], [ 22.805194727000071, 49.692678855000054 ], [ 22.794948567000063, 49.683613015000049 ], [ 22.787284508000027, 49.675750540000081 ], [ 22.783535076000078, 49.662010100000032 ], [ 22.781899151000061, 49.656014973000026 ], [ 22.771725589000027, 49.648177172000032 ], [ 22.747838847000025, 49.629774616000077 ], [ 22.718277126000032, 49.602647404000038 ], [ 22.686149500000056, 49.57316559800006 ], [ 22.672832521000032, 49.547535406000065 ], [ 22.662909459000048, 49.538954784000055 ], [ 22.660511763000045, 49.537808598000026 ], [ 22.641751710000051, 49.528840610000032 ], [ 22.653182876000074, 49.507296422000081 ], [ 22.670435511000051, 49.497814912000081 ], [ 22.677692839000031, 49.497031809000077 ], [ 22.694726234000029, 49.495193817000029 ], [ 22.698660098000062, 49.491521720000037 ], [ 22.701009398000053, 49.482601570000043 ], [ 22.712642063000033, 49.438433044000078 ], [ 22.741410717000065, 49.375337751000075 ], [ 22.744375280000042, 49.368835883000031 ], [ 22.74653188800005, 49.359572082000057 ], [ 22.745591838000053, 49.352633652000065 ], [ 22.744447664000063, 49.344188593000069 ], [ 22.743663515000037, 49.335123089000035 ], [ 22.748571444000049, 49.32136560500004 ], [ 22.750408053000058, 49.316217380000069 ], [ 22.747354139000038, 49.307321513000034 ], [ 22.744049383000061, 49.297694960000058 ], [ 22.740234386000054, 49.263180078000062 ], [ 22.739864359000023, 49.258012922000034 ], [ 22.739150566000035, 49.248045331000071 ], [ 22.731556660000024, 49.244920882000031 ], [ 22.720930241000076, 49.240548731000047 ], [ 22.715385120000064, 49.227487649000068 ], [ 22.720305623000058, 49.221657786000037 ], [ 22.729728574000035, 49.219611755000074 ], [ 22.746051931000068, 49.216067419000069 ], [ 22.735093201000041, 49.211121310000067 ], [ 22.734617263000075, 49.210906500000078 ], [ 22.733918306000078, 49.209252186000072 ], [ 22.729369887000075, 49.198486846000037 ], [ 22.726228037000055, 49.197017846000051 ], [ 22.723007791000043, 49.195512191000034 ], [ 22.717282008000041, 49.185432361000039 ], [ 22.708586585000035, 49.180255700000032 ], [ 22.70866714400006, 49.174074300000029 ], [ 22.718668955000055, 49.165693178000026 ], [ 22.723268387000076, 49.170540705000064 ], [ 22.734166103000064, 49.182026246000078 ], [ 22.746585436000032, 49.183889470000054 ], [ 22.755058416000054, 49.181823033000057 ], [ 22.747255206000034, 49.173425225000074 ], [ 22.742827172000034, 49.168659779000052 ], [ 22.739730721000058, 49.15865199600006 ], [ 22.751643199000057, 49.153598540000075 ], [ 22.760660418000043, 49.153060040000071 ], [ 22.775595657000054, 49.155173633000061 ], [ 22.788916744000062, 49.157058795000069 ], [ 22.791267272000027, 49.148113213000045 ], [ 22.793812625000044, 49.138426167000034 ], [ 22.808862070000032, 49.129451790000076 ], [ 22.812737619000075, 49.129688455000064 ], [ 22.814779057000067, 49.129813118000072 ], [ 22.814362510000024, 49.128294056000072 ], [ 22.813363018000075, 49.124649107000039 ], [ 22.818223239000076, 49.124980976000074 ], [ 22.818232997000052, 49.12498164200008 ], [ 22.827092262000065, 49.120028018000028 ], [ 22.828649540000072, 49.116334260000031 ], [ 22.830520352000065, 49.111896818000048 ], [ 22.841333114000065, 49.11052459800004 ], [ 22.842560069000058, 49.111032219000037 ], [ 22.849557947000051, 49.113927412000066 ], [ 22.856762131000039, 49.111324515000035 ], [ 22.856093455000064, 49.105873927000061 ], [ 22.855939456000044, 49.104618629000072 ], [ 22.862037303000022, 49.100983795000047 ], [ 22.87459412000004, 49.098822342000062 ], [ 22.890262110000037, 49.096125352000058 ], [ 22.891502369000023, 49.093899477000036 ], [ 22.888008393000064, 49.089846313000066 ], [ 22.882262544000071, 49.081072343000073 ], [ 22.876771809000047, 49.07950388200004 ], [ 22.869044550000069, 49.077296546000071 ], [ 22.869402143000059, 49.071938450000061 ], [ 22.865594864000059, 49.066708231000064 ], [ 22.867316049000067, 49.059394974000043 ], [ 22.869597345000045, 49.057418323000036 ], [ 22.875082058000032, 49.05266603900003 ], [ 22.872731904000034, 49.048701778000066 ], [ 22.867769402000079, 49.040330986000072 ], [ 22.877070575000062, 49.038928939000073 ], [ 22.87883934000007, 49.038662318000036 ], [ 22.878023063000057, 49.036783464000052 ], [ 22.875286975000051, 49.030485708000072 ], [ 22.88062350000007, 49.023839287000044 ], [ 22.884724021000068, 49.021689585000047 ], [ 22.893211931000053, 49.017239791000065 ], [ 22.889688961000047, 49.007396257000039 ], [ 22.867805414000031, 49.002845566000076 ], [ 22.846438474000024, 49.003388964000067 ], [ 22.839564719000066, 49.018915961000062 ], [ 22.833841206000045, 49.025024667000025 ], [ 22.823676889000069, 49.023346243000049 ], [ 22.814058377000038, 49.025409441000079 ], [ 22.80831730500006, 49.034513374000028 ], [ 22.768277492000038, 49.052841766000029 ], [ 22.762790478000056, 49.052144494000061 ], [ 22.753818129000024, 49.043126217000065 ], [ 22.717925879000063, 49.052344847000029 ], [ 22.699798212000076, 49.049507126000037 ], [ 22.692829666000023, 49.045154475000061 ], [ 22.683845942000062, 49.039543115000072 ], [ 22.676544901000057, 49.041058217000057 ], [ 22.670188937000034, 49.045739042000037 ], [ 22.667866962000062, 49.047449052000047 ], [ 22.661772441000039, 49.048773676000053 ], [ 22.651720412000032, 49.050958452000032 ], [ 22.638290325000071, 49.061411340000063 ], [ 22.631929410000055, 49.071885443000042 ], [ 22.628028628000038, 49.078308606000064 ], [ 22.620606477000024, 49.080500627000049 ], [ 22.605896525000048, 49.084844990000079 ], [ 22.602400172000046, 49.089846313000066 ], [ 22.602137552000045, 49.090105752000056 ], [ 22.59876171600007, 49.093440702000066 ], [ 22.584397760000058, 49.096918196000047 ], [ 22.568868737000059, 49.089846313000066 ], [ 22.566840213000035, 49.088377404000028 ], [ 22.557929997000031, 49.08747046600007 ], [ 22.55519718100004, 49.088312428000052 ], [ 22.550218537000035, 49.089846313000066 ], [ 22.546961991000046, 49.091579909000075 ], [ 22.538971595000078, 49.09426514300003 ], [ 22.503325382000071, 49.089846313000066 ], [ 22.500888544000077, 49.088009347000082 ], [ 22.498508574000027, 49.086215250000066 ], [ 22.491093604000071, 49.087835101000053 ], [ 22.485136305000026, 49.089846313000066 ], [ 22.483018688000072, 49.091844160000051 ], [ 22.477007685000046, 49.093339216000061 ], [ 22.473537858000043, 49.095796463000056 ], [ 22.467658411000059, 49.099960144000079 ], [ 22.455746073000057, 49.103238791000081 ], [ 22.439744458000064, 49.102643330000035 ], [ 22.435346062000065, 49.101096246000054 ], [ 22.428670063000027, 49.098748043000057 ], [ 22.414226234000068, 49.102731436000056 ], [ 22.404695932000038, 49.10984886500006 ], [ 22.392204402000061, 49.118603480000047 ], [ 22.389705512000035, 49.125836680000077 ], [ 22.389219586000024, 49.12724322400004 ], [ 22.385919553000065, 49.128736378000042 ], [ 22.379303103000041, 49.131730099000038 ], [ 22.374587682000026, 49.137415553000039 ], [ 22.367333156000029, 49.146162445000073 ], [ 22.334274080000057, 49.145793691000051 ], [ 22.324317751000024, 49.138974578000045 ], [ 22.320461197000043, 49.136333215000036 ], [ 22.308318460000066, 49.136996213000032 ], [ 22.293109173000062, 49.140906077000068 ], [ 22.247290159000045, 49.15268480900005 ], [ 22.234749197000042, 49.152889207000044 ], [ 22.226526337000053, 49.153023226000073 ], [ 22.226023573000077, 49.160454967000078 ], [ 22.231673158000035, 49.165034719000062 ], [ 22.233766995000053, 49.166732057000047 ], [ 22.234748363000051, 49.171828472000072 ], [ 22.231937880000032, 49.177536560000078 ], [ 22.22192227000005, 49.184422135000034 ], [ 22.211937765000073, 49.184750186000031 ], [ 22.198788915000023, 49.178596044000074 ], [ 22.190098658000068, 49.174528686000031 ], [ 22.179242769000041, 49.18101779400007 ], [ 22.176635438000062, 49.18257632600006 ], [ 22.17449051400007, 49.183143503000053 ], [ 22.153832580000028, 49.188606033000042 ], [ 22.144141201000025, 49.192745715000058 ], [ 22.142621931000065, 49.197398494000026 ], [ 22.141768764000062, 49.200011324000059 ], [ 22.134769715000061, 49.200643552000031 ], [ 22.131536719000053, 49.201039691000062 ], [ 22.106733365000025, 49.204078847000062 ], [ 22.061971031000041, 49.211573142000077 ], [ 22.034884887000032, 49.222464080000066 ], [ 22.031075943000076, 49.226069969000037 ], [ 22.033438052000065, 49.231629233000035 ], [ 22.03456893300006, 49.234290780000038 ], [ 22.03433122000007, 49.23576541500006 ], [ 22.033368087000042, 49.241740151000045 ], [ 22.036034275000077, 49.243652108000049 ], [ 22.037929956000028, 49.245011525000052 ], [ 22.040915504000054, 49.255638618000035 ], [ 22.037091208000049, 49.258528682000076 ], [ 22.031595049000032, 49.262682191000067 ], [ 22.033593825000025, 49.271096354000065 ], [ 22.034860916000071, 49.276430376000064 ], [ 22.027682236000032, 49.283537343000035 ], [ 22.020191406000038, 49.286306252000031 ], [ 22.011604643000055, 49.289480262000041 ], [ 21.997740516000079, 49.30088687600005 ], [ 21.983385364000071, 49.311160760000064 ], [ 21.977909260000047, 49.322723281000037 ], [ 21.972828935000052, 49.333450133000042 ], [ 21.963492985000073, 49.346976700000027 ], [ 21.952252495000039, 49.350016020000055 ], [ 21.941405918000044, 49.34791991000003 ], [ 21.934191430000055, 49.346525704000044 ], [ 21.927162722000048, 49.349857963000034 ], [ 21.919963926000037, 49.353270860000066 ], [ 21.909011956000029, 49.353560944000037 ], [ 21.906538768000075, 49.352664238000045 ], [ 21.902904358000058, 49.351346507000073 ], [ 21.892427979000047, 49.358493821000081 ], [ 21.889855588000046, 49.36354521800007 ], [ 21.887336194000056, 49.368492544000048 ], [ 21.877569398000048, 49.372744626000042 ], [ 21.869111481000061, 49.371083082000041 ], [ 21.85838519400005, 49.368975921000072 ], [ 21.848689928000056, 49.378051466000045 ], [ 21.848416578000069, 49.380158329000039 ], [ 21.847698241000046, 49.385694963000049 ], [ 21.839285695000058, 49.391152526000042 ], [ 21.825735662000056, 49.390481346000058 ], [ 21.815519808000033, 49.38374170000003 ], [ 21.805104219000043, 49.38184661300005 ], [ 21.797855592000076, 49.378514405000033 ], [ 21.789132764000044, 49.368993916000079 ], [ 21.78915836300007, 49.364694239000073 ], [ 21.789213217000054, 49.355481005000058 ], [ 21.777452346000075, 49.356674164000026 ], [ 21.771495573000038, 49.363143910000076 ], [ 21.762956643000052, 49.376984012000037 ], [ 21.762929148000069, 49.379822080000054 ], [ 21.762896956000077, 49.383144904000062 ], [ 21.754019688000028, 49.387399004000031 ], [ 21.750399216000062, 49.389133980000054 ], [ 21.735023420000061, 49.397788967000054 ], [ 21.729911677000075, 49.397808043000055 ], [ 21.725599049000039, 49.400727592000067 ], [ 21.723929840000039, 49.407504033000066 ], [ 21.723327005000044, 49.40995134700006 ], [ 21.718638421000037, 49.413161066000043 ], [ 21.699082275000023, 49.418133785000066 ], [ 21.691029206000053, 49.414353372000051 ], [ 21.684671879000064, 49.411369004000051 ], [ 21.663313815000038, 49.415402088000064 ], [ 21.658227538000062, 49.418005385000072 ], [ 21.655139055000063, 49.424310798000079 ], [ 21.654097063000052, 49.426438118000078 ], [ 21.649807684000052, 49.428474637000079 ], [ 21.644574816000045, 49.430959108000081 ], [ 21.639301436000039, 49.436680093000064 ], [ 21.629946595000035, 49.446828974000027 ], [ 21.614224811000042, 49.444320703000074 ], [ 21.605592012000045, 49.438136156000041 ], [ 21.601577504000034, 49.435260158000062 ], [ 21.586491547000037, 49.435291730000074 ], [ 21.580315333000044, 49.435304655000039 ], [ 21.57605410900004, 49.435412160000055 ], [ 21.56429457400003, 49.440713064000079 ], [ 21.551510907000022, 49.433882599000071 ], [ 21.550248530000033, 49.433208096000044 ], [ 21.542525071000057, 49.433520621000071 ], [ 21.528520701000048, 49.434087299000055 ], [ 21.519663670000057, 49.425079513000071 ], [ 21.519741319000047, 49.424974744000053 ], [ 21.523499008000044, 49.41990463500008 ], [ 21.514830731000075, 49.418581849000077 ], [ 21.507047701000033, 49.422872975000075 ], [ 21.496190675000037, 49.428858931000036 ], [ 21.490462533000027, 49.429225849000034 ], [ 21.487157505000027, 49.425516222000056 ], [ 21.478677378000043, 49.415997965000031 ], [ 21.469148920000066, 49.413662105000071 ], [ 21.456133875000035, 49.415806756000052 ], [ 21.444857144000025, 49.412221009000064 ], [ 21.430275986000026, 49.414134880000063 ], [ 21.409056767000038, 49.425385891000076 ], [ 21.404485695000062, 49.430776420000029 ], [ 21.403773339000054, 49.431616480000059 ], [ 21.397712480000052, 49.433794037000041 ], [ 21.392728348000048, 49.45030935300008 ], [ 21.393095319000054, 49.455572934000031 ], [ 21.400699102000033, 49.46101774400006 ], [ 21.410145358000022, 49.467781887000058 ], [ 21.407933846000049, 49.473969321000027 ], [ 21.399469226000065, 49.478643556000065 ], [ 21.391236114000037, 49.483189951000043 ], [ 21.390843238000059, 49.487979893000045 ], [ 21.402234820000047, 49.490052492000075 ], [ 21.420083555000076, 49.493299913000044 ], [ 21.415939823000031, 49.496889098000054 ], [ 21.410742336000055, 49.501391016000071 ], [ 21.410263637000071, 49.502557254000067 ], [ 21.407797850000065, 49.508564570000033 ], [ 21.403439001000038, 49.508741250000071 ], [ 21.399806985000055, 49.508888468000066 ], [ 21.392200159000026, 49.512891482000043 ], [ 21.383893641000043, 49.524833123000064 ], [ 21.384858608000059, 49.525577469000041 ], [ 21.388031048000073, 49.52802458900004 ], [ 21.380840578000061, 49.537730042000078 ], [ 21.366048808000073, 49.542621561000033 ], [ 21.359613886000034, 49.54474953700003 ], [ 21.36861467600005, 49.556309542000065 ], [ 21.379470425000022, 49.57025193000004 ], [ 21.369557932000077, 49.573090754000077 ], [ 21.348710057000062, 49.579061344000081 ], [ 21.331085187000042, 49.587658225000041 ], [ 21.32725924600004, 49.592990486000076 ], [ 21.331250466000029, 49.600601131000076 ], [ 21.343117584000026, 49.607911466000076 ], [ 21.344058210000071, 49.608490907000032 ], [ 21.362159892000022, 49.634213496000029 ], [ 21.356435717000068, 49.649872366000068 ], [ 21.34750794100006, 49.655703606000031 ], [ 21.342713521000064, 49.658835115000045 ], [ 21.34447712900004, 49.671429910000029 ], [ 21.347128671000064, 49.690365887000041 ], [ 21.348678933000031, 49.69198392900006 ], [ 21.338502294000023, 49.697642784000038 ], [ 21.333232792000047, 49.695986456000071 ], [ 21.331465759000025, 49.695431036000059 ], [ 21.321771775000059, 49.698428611000054 ], [ 21.325697843000057, 49.706796156000053 ], [ 21.327892729000041, 49.711474069000076 ], [ 21.329990310000028, 49.719396060000065 ], [ 21.32513182200006, 49.722782662000043 ], [ 21.31647455600006, 49.728817198000058 ], [ 21.317683084000066, 49.73571337900006 ], [ 21.318253235000043, 49.738966812000058 ], [ 21.311102123000069, 49.747460858000068 ], [ 21.303354745000036, 49.749836264000066 ], [ 21.291884163000077, 49.74874763300005 ], [ 21.281187406000072, 49.754583521000029 ], [ 21.266244167000025, 49.753289073000076 ], [ 21.258642684000051, 49.752630600000032 ], [ 21.241772246000039, 49.776104362000069 ], [ 21.250698914000054, 49.790138433000038 ], [ 21.266012648000071, 49.793380717000048 ], [ 21.268012480000039, 49.79380412900008 ], [ 21.271797939000066, 49.797503946000063 ], [ 21.279265691000035, 49.804802748000043 ], [ 21.290993610000044, 49.800577505000035 ], [ 21.300993095000024, 49.796974969000075 ], [ 21.309810669000058, 49.796670548000066 ], [ 21.33129453500004, 49.804811145000031 ], [ 21.333941251000056, 49.810514252000075 ], [ 21.334161191000078, 49.81098817700007 ], [ 21.335049638000044, 49.811144832000082 ], [ 21.339460265000071, 49.811922534000075 ], [ 21.345338100000049, 49.814708044000042 ], [ 21.337346871000022, 49.82615779200006 ], [ 21.329851340000062, 49.82802969100004 ], [ 21.323065645000042, 49.829724319000036 ], [ 21.318572713000037, 49.833145932000036 ], [ 21.314945752000028, 49.835908061000055 ], [ 21.297149683000043, 49.842863905000058 ], [ 21.28306625700003, 49.845350697000072 ], [ 21.263419859000066, 49.842583931000036 ], [ 21.253676564000045, 49.841211801000043 ], [ 21.224959089000038, 49.852598500000056 ], [ 21.22757899000004, 49.861866373000055 ], [ 21.227896792000024, 49.862990596000031 ], [ 21.227834092000023, 49.864173441000048 ], [ 21.226711503000047, 49.885351281000055 ], [ 21.235160390000033, 49.885246816000063 ], [ 21.259982472000047, 49.884939909000082 ], [ 21.280818629000066, 49.894017097000074 ], [ 21.287959499000067, 49.910837017000063 ], [ 21.284681575000036, 49.922805220000043 ], [ 21.280745068000044, 49.926853613000048 ], [ 21.247633719000078, 49.930358434000027 ], [ 21.228002036000078, 49.928815918000055 ], [ 21.194030873000031, 49.931290755000077 ], [ 21.190532644000029, 49.930249339000056 ], [ 21.182695324000065, 49.927916185000072 ], [ 21.172742473000028, 49.936380480000025 ], [ 21.170230734000029, 49.943594792000056 ], [ 21.165548671000067, 49.945493150000061 ], [ 21.161591619000035, 49.951862590000076 ], [ 21.160130333000041, 49.966026656000054 ], [ 21.150778825000032, 49.977429885000049 ], [ 21.149623975000054, 49.994228383000063 ], [ 21.156491937000055, 50.004282872000033 ], [ 21.161834718000023, 50.006199597000034 ], [ 21.178228243000035, 50.012080780000076 ], [ 21.192906511000047, 50.029258437000067 ], [ 21.170730329000037, 50.038433024000028 ], [ 21.150052039000059, 50.046987913000066 ], [ 21.14543246900007, 50.050168629000041 ], [ 21.146083342000054, 50.053167838000036 ], [ 21.155372019000026, 50.05660927100007 ], [ 21.166724030000069, 50.060815164000076 ], [ 21.167910142000039, 50.06390772900005 ], [ 21.165530351000029, 50.066870824000034 ], [ 21.165330916000073, 50.067119142000081 ], [ 21.166168038000023, 50.067514992000042 ], [ 21.173369464000075, 50.070920327000067 ], [ 21.177176213000052, 50.076895610000065 ], [ 21.171263852000038, 50.079950703000065 ], [ 21.167829969000024, 50.081725093000045 ], [ 21.163856889000044, 50.088874119000081 ], [ 21.173531108000077, 50.091908612000054 ], [ 21.19015336700005, 50.097122483000078 ], [ 21.185116232000041, 50.104292604000079 ], [ 21.180092681000076, 50.111443390000034 ], [ 21.181356989000051, 50.114808416000074 ], [ 21.183474275000037, 50.120443692000038 ], [ 21.171737698000072, 50.123424388000046 ], [ 21.149132927000039, 50.129165239000031 ], [ 21.149726661000045, 50.13421763000008 ], [ 21.158263702000056, 50.135821553000028 ], [ 21.164078074000031, 50.136913947000039 ], [ 21.169293648000064, 50.14062804200006 ], [ 21.162112797000077, 50.143608053000037 ], [ 21.152393415000063, 50.147641539000062 ], [ 21.153314383000065, 50.149185421000027 ], [ 21.156375550000064, 50.154498238000031 ], [ 21.167319128000031, 50.173491399000056 ], [ 21.169261057000028, 50.206951487000026 ], [ 21.161964741000077, 50.221756580000033 ], [ 21.154170531000034, 50.22983193400006 ], [ 21.148715294000056, 50.235483946000045 ], [ 21.158504061000031, 50.237181613000075 ], [ 21.181518274000041, 50.241172969000047 ], [ 21.164773897000032, 50.245993357000032 ], [ 21.16356784900006, 50.246697927000071 ], [ 21.145726886000034, 50.257120575000044 ], [ 21.155334966000055, 50.26410627100006 ], [ 21.178331686000035, 50.28082637600005 ], [ 21.182860578000032, 50.286955778000049 ], [ 21.184364953000056, 50.294663524000043 ], [ 21.184968304000051, 50.297754824000037 ], [ 21.194915352000066, 50.30398182700003 ], [ 21.206778174000078, 50.306925867000075 ], [ 21.222636192000039, 50.31086141000003 ], [ 21.216142426000033, 50.324966861000064 ], [ 21.213999698000066, 50.329621193000037 ], [ 21.214753613000028, 50.330652716000031 ], [ 21.218403906000049, 50.335647126000026 ], [ 21.218074143000024, 50.34098750000004 ], [ 21.208831663000069, 50.35489741400005 ], [ 21.220594365000068, 50.358427928000026 ], [ 21.224120171000038, 50.363596726000026 ], [ 21.231012391000036, 50.373700654000061 ], [ 21.245350236000036, 50.37612740000003 ], [ 21.251822483000069, 50.379621386000053 ], [ 21.253374145000066, 50.387230588000079 ], [ 21.257143710000037, 50.39058069500004 ], [ 21.273014738000029, 50.391418218000069 ], [ 21.27849698700004, 50.391707519000079 ], [ 21.279709005000029, 50.398096664000036 ], [ 21.28162278700006, 50.408185156000059 ], [ 21.339071700000034, 50.430544156000053 ], [ 21.366565585000046, 50.440674866000052 ], [ 21.382311161000075, 50.439481545000035 ], [ 21.382581438000045, 50.439461061000031 ], [ 21.384618655000054, 50.439151558000049 ], [ 21.389984641000069, 50.438832511000044 ], [ 21.397396834000062, 50.438818514000047 ], [ 21.399957964000066, 50.439065991000064 ], [ 21.448122751000028, 50.459626302000061 ], [ 21.451036379000072, 50.466206280000051 ], [ 21.44693288700006, 50.475450610000053 ], [ 21.445871872000055, 50.477840860000072 ], [ 21.443327404000058, 50.485961273000044 ], [ 21.448567023000066, 50.491903817000036 ], [ 21.457021026000064, 50.49304654000008 ], [ 21.48210689800004, 50.496437383000057 ], [ 21.489977577000047, 50.498700991000078 ], [ 21.491664686000036, 50.499500932000046 ], [ 21.499987858000054, 50.502649417000043 ], [ 21.50172840700003, 50.503460410000059 ], [ 21.511530921000031, 50.506530492000081 ], [ 21.514759303000062, 50.508043065000038 ], [ 21.517814379000072, 50.509280532000048 ], [ 21.527009804000045, 50.512544288000072 ], [ 21.531661860000042, 50.514195455000049 ], [ 21.54947439700004, 50.519351843000038 ], [ 21.555259913000043, 50.520815422000055 ], [ 21.557127321000053, 50.52099546900007 ], [ 21.562430377000055, 50.520797005000077 ], [ 21.565502434000052, 50.520442943000035 ], [ 21.566555760000028, 50.520202964000077 ], [ 21.57046437300005, 50.519312467000077 ], [ 21.574434924000059, 50.518149573000073 ], [ 21.576658931000054, 50.517713560000061 ], [ 21.588109099000064, 50.517048894000027 ], [ 21.590129334000039, 50.517040002000044 ], [ 21.59292570100007, 50.517281988000036 ], [ 21.595576230000063, 50.517783424000072 ], [ 21.597811225000044, 50.518311846000074 ], [ 21.601196431000062, 50.519695434000027 ], [ 21.609132267000064, 50.528258504000064 ], [ 21.628673637000077, 50.549344388000065 ], [ 21.631961452000041, 50.552449884000055 ], [ 21.640992831000062, 50.558297598000081 ], [ 21.642887864000045, 50.559602 ], [ 21.646105601000045, 50.561816856000064 ], [ 21.649767497000028, 50.564604600000052 ], [ 21.651712317000033, 50.566284400000029 ], [ 21.653499814000043, 50.568168116000038 ], [ 21.657463372000052, 50.573047408000036 ], [ 21.660290703000044, 50.57833849900004 ], [ 21.662410827000031, 50.582983652000053 ], [ 21.66415487200004, 50.58756651300007 ], [ 21.665078488000063, 50.590676988000041 ], [ 21.665137271000049, 50.590874953000082 ], [ 21.667067608000025, 50.600075150000066 ], [ 21.673061178000069, 50.607966451000038 ], [ 21.710207406000052, 50.629684033000046 ], [ 21.724373884000045, 50.644626845000062 ], [ 21.732815856000059, 50.643072624000069 ], [ 21.735665813000026, 50.642547929000045 ], [ 21.742475952000063, 50.648815519000038 ], [ 21.747585991000051, 50.653518453000061 ], [ 21.753037830000039, 50.655134212000064 ], [ 21.759103374000063, 50.654335822000064 ], [ 21.761800033000043, 50.650121575000071 ], [ 21.763529499000072, 50.647418825000045 ], [ 21.779163480000022, 50.645005627000046 ], [ 21.779572252000037, 50.653264423000053 ], [ 21.779875727000046, 50.659395802000063 ], [ 21.784065782000027, 50.664705636000065 ], [ 21.791340521000052, 50.673924527000054 ], [ 21.78886360100006, 50.676921616000072 ], [ 21.786281502000065, 50.680045971000027 ], [ 21.794172919000061, 50.682033699000044 ], [ 21.809032419000062, 50.685776580000038 ], [ 21.821852027000034, 50.69305838300005 ], [ 21.82554284400004, 50.699047660000076 ], [ 21.82676469300003, 50.705920266000078 ], [ 21.828972035000049, 50.71833603500005 ], [ 21.834949504000065, 50.727023124000027 ], [ 21.843356537000034, 50.739241112000059 ], [ 21.842250185000069, 50.745846435000033 ], [ 21.840305135000051, 50.757459095000058 ], [ 21.846215833000031, 50.76809299100006 ], [ 21.854283624000061, 50.776872191000052 ], [ 21.858671675000039, 50.781647175000046 ], [ 21.864303561000042, 50.802706545000035 ], [ 21.876430135000078, 50.795008437000035 ], [ 21.87890845000004, 50.789282897000078 ], [ 21.877007073000073, 50.785599768000054 ], [ 21.875661215000036, 50.782992725000042 ], [ 21.876995943000054, 50.779636097000036 ], [ 21.891754841000022, 50.779428313000039 ], [ 21.896338807000063, 50.779363778000061 ], [ 21.903083670000058, 50.77814163100004 ], [ 21.923595611000053, 50.774424936000059 ], [ 21.951755552000066, 50.773016612000049 ], [ 21.956840515000067, 50.776646557000049 ], [ 21.971347820000062, 50.787002723000057 ], [ 21.990355307000073, 50.78465770300005 ], [ 21.995126190000065, 50.784069102000046 ], [ 22.039000530000067, 50.808493523000038 ], [ 22.04243695100007, 50.812114131000044 ], [ 22.049121230000026, 50.819156676000034 ], [ 22.058566347000067, 50.818563631000075 ], [ 22.063211641000066, 50.817666555000073 ], [ 22.06866702700006, 50.816896628000052 ], [ 22.071288589000062, 50.81634 ], [ 22.081214964000026, 50.815822494000031 ], [ 22.086860137000031, 50.814800404000039 ], [ 22.092337998000062, 50.814089440000032 ], [ 22.094549520000044, 50.814039896000054 ], [ 22.097669023000037, 50.813305568000033 ], [ 22.100966328000027, 50.812254073000076 ], [ 22.105921275000071, 50.810163006000039 ], [ 22.109494770000026, 50.808967843000062 ], [ 22.112762608000025, 50.808063008000033 ], [ 22.115292772000032, 50.807038854000041 ], [ 22.120082904000071, 50.805945872000052 ], [ 22.125061824000056, 50.804572902000075 ], [ 22.128537850000043, 50.803285717000051 ], [ 22.131178469000076, 50.802307886000051 ], [ 22.138515746000053, 50.800860630000045 ], [ 22.14415034700005, 50.800265076000073 ], [ 22.153071932000046, 50.799322102000076 ], [ 22.159082196000043, 50.798315434000074 ], [ 22.162961349000057, 50.797251607000078 ], [ 22.161686546000055, 50.78843897400003 ], [ 22.15705734200003, 50.779020452000054 ] ] ], [ [ [ 22.565204428000072, 50.459351044000073 ], [ 22.559619619000046, 50.461453144000075 ], [ 22.564946836000047, 50.463905378000049 ], [ 22.569224126000051, 50.461907158000031 ], [ 22.565204428000072, 50.459351044000073 ] ] ] ] } },
{ "type": "Feature", "properties": { "voivodeship": "podlaskie" }, "geometry": { "type": "Polygon", "coordinates": [ [ [ 23.049768984000025, 54.312957898000036 ], [ 23.094050897000045, 54.298699862000035 ], [ 23.108982094000055, 54.303789033000044 ], [ 23.143095183000071, 54.315416190000064 ], [ 23.158611966000024, 54.309533960000067 ], [ 23.155649982000057, 54.301126962000069 ], [ 23.15421692700005, 54.29705952300003 ], [ 23.178111157000046, 54.29077062600004 ], [ 23.190640402000042, 54.289574990000062 ], [ 23.201163045000044, 54.288570839000045 ], [ 23.213492795000036, 54.278342040000041 ], [ 23.233508603000075, 54.261736862000078 ], [ 23.247009289000061, 54.257557620000057 ], [ 23.259401839000077, 54.258633945000042 ], [ 23.280661272000032, 54.260480381000036 ], [ 23.294078777000038, 54.25606108900007 ], [ 23.321498451000025, 54.253325927000049 ], [ 23.340729193000072, 54.249983395000072 ], [ 23.349795457000027, 54.244284092000044 ], [ 23.354614800000036, 54.238467606000029 ], [ 23.359239154000022, 54.232886452000059 ], [ 23.376216844000055, 54.228775411000072 ], [ 23.383860189000075, 54.226924623000059 ], [ 23.384558670000047, 54.225032681000073 ], [ 23.386704530000031, 54.219220299000028 ], [ 23.392669244000047, 54.21629232600003 ], [ 23.395189404000064, 54.215055224000082 ], [ 23.398436675000028, 54.20999667600006 ], [ 23.407347474000062, 54.196115573000043 ], [ 23.414483103000066, 54.192480611000065 ], [ 23.418147955000052, 54.19061369800005 ], [ 23.421265007000045, 54.185077576000026 ], [ 23.425173881000035, 54.178135117000068 ], [ 23.444350823000036, 54.176440195000055 ], [ 23.457895935000067, 54.175243033000072 ], [ 23.460922350000033, 54.16998822000005 ], [ 23.462156162000042, 54.167845933000081 ], [ 23.464644289000034, 54.166888714000038 ], [ 23.474325997000051, 54.163164021000057 ], [ 23.474791077000077, 54.158438810000064 ], [ 23.474875539000038, 54.15758068100007 ], [ 23.477356374000067, 54.156302517000029 ], [ 23.486343147000071, 54.151672396000038 ], [ 23.494044879000057, 54.133646706000036 ], [ 23.494822501000044, 54.131826702000069 ], [ 23.493607037000061, 54.116431073000058 ], [ 23.501987395000072, 54.11195097600006 ], [ 23.507339939000076, 54.099647212000036 ], [ 23.511789657000065, 54.095504835000042 ], [ 23.517282579000039, 54.09039130900004 ], [ 23.51877238000003, 54.080495683000038 ], [ 23.519163601000059, 54.077897093000047 ], [ 23.521359935000078, 54.074933811000051 ], [ 23.528015652000079, 54.06595395100004 ], [ 23.525136063000048, 54.032346748000066 ], [ 23.516897487000051, 54.028001526000082 ], [ 23.516446503000054, 54.027763666000055 ], [ 23.516253001000052, 54.027298141000074 ], [ 23.511950332000026, 54.016946811000082 ], [ 23.508498344000031, 54.013447195000026 ], [ 23.504797623000059, 54.009695415000067 ], [ 23.498588914000038, 54.008019746000059 ], [ 23.492152402000045, 54.006282596000062 ], [ 23.481813312000043, 53.997688562000064 ], [ 23.49047891400005, 53.975146179000035 ], [ 23.501550679000047, 53.968467563000047 ], [ 23.512744200000043, 53.961715502000061 ], [ 23.514649981000048, 53.956560137000054 ], [ 23.513240610000025, 53.933940220000068 ], [ 23.512952879000068, 53.930792052000072 ], [ 23.511588912000036, 53.915868411000076 ], [ 23.520763629000044, 53.885626149000075 ], [ 23.525703393000072, 53.869343396000033 ], [ 23.525681622000036, 53.868014068000036 ], [ 23.525588219000042, 53.862310834000027 ], [ 23.539193580000074, 53.858439063000048 ], [ 23.546846262000031, 53.856261287000052 ], [ 23.55070915500005, 53.851597308000066 ], [ 23.547071105000043, 53.846760054000072 ], [ 23.546209513000065, 53.845614458000057 ], [ 23.547911303000035, 53.843942821000041 ], [ 23.551199054000051, 53.840713325000081 ], [ 23.550146663000078, 53.836447535000048 ], [ 23.549810335000075, 53.835084256000073 ], [ 23.550269420000063, 53.834546105000072 ], [ 23.553058841000052, 53.831276278000075 ], [ 23.550140019000025, 53.829091253000058 ], [ 23.54645283900004, 53.826331035000067 ], [ 23.544892469000047, 53.796294808000027 ], [ 23.549056844000063, 53.769162096000059 ], [ 23.570074013000067, 53.752567385000077 ], [ 23.581893640000033, 53.74323485900004 ], [ 23.588701990000061, 53.695928566000077 ], [ 23.624874950000049, 53.601231922000068 ], [ 23.632379496000055, 53.584793423000065 ], [ 23.659501785000032, 53.522251307000033 ], [ 23.662354728000025, 53.518443001000037 ], [ 23.668412698000054, 53.51035640300006 ], [ 23.691008457000066, 53.468031784000061 ], [ 23.709267369000031, 53.43383061000003 ], [ 23.717718252000054, 53.421040579000078 ], [ 23.725913713000068, 53.408637117000069 ], [ 23.746211531000029, 53.374761472000046 ], [ 23.759814204000065, 53.346980125000073 ], [ 23.768779173000041, 53.328670568000064 ], [ 23.816256064000072, 53.247822486000075 ], [ 23.82073527600005, 53.24343815800006 ], [ 23.84609903300003, 53.234684911000045 ], [ 23.854566150000039, 53.231762837000076 ], [ 23.860402734000047, 53.222335299000065 ], [ 23.861265022000055, 53.214994543000046 ], [ 23.86007143300003, 53.212841468000079 ], [ 23.858166757000049, 53.209405687000071 ], [ 23.863749394000024, 53.196997216000057 ], [ 23.876671115000079, 53.18866098500007 ], [ 23.888811834000023, 53.180828605000045 ], [ 23.894100499000047, 53.177416713000071 ], [ 23.903598870000053, 53.17515955600004 ], [ 23.909520341000075, 53.167417252000064 ], [ 23.912924845000077, 53.164857597000037 ], [ 23.914087686000073, 53.163208616000077 ], [ 23.916192157000069, 53.157110362000026 ], [ 23.913474414000063, 53.151855732000058 ], [ 23.911846839000077, 53.148708891000069 ], [ 23.913699680000036, 53.144616806000045 ], [ 23.914676510000049, 53.142459434000045 ], [ 23.906016611000041, 53.136595648000082 ], [ 23.898249791000069, 53.131336583000063 ], [ 23.88691224300004, 53.115446742000074 ], [ 23.887346938000064, 53.111603219000074 ], [ 23.888051098000062, 53.105377115000067 ], [ 23.88017110800007, 53.093631318000064 ], [ 23.873220754000045, 53.083271222000064 ], [ 23.881290052000054, 53.072309062000045 ], [ 23.88481822500006, 53.064628330000062 ], [ 23.892152170000031, 53.061733245000028 ], [ 23.900216302000047, 53.05854991800004 ], [ 23.901745412000025, 53.049872271000027 ], [ 23.901876810000033, 53.049126590000071 ], [ 23.903096879000032, 53.048201332000076 ], [ 23.914376622000077, 53.039647167000055 ], [ 23.913477350000051, 53.035367037000071 ], [ 23.912551627000028, 53.03096100700003 ], [ 23.922021821000044, 53.024802751000038 ], [ 23.924982613000054, 53.02287741400005 ], [ 23.932461087000036, 52.991552458000058 ], [ 23.932285670000056, 52.989643735000072 ], [ 23.931231738000065, 52.978175818000068 ], [ 23.939550223000026, 52.964758868000047 ], [ 23.943814265000071, 52.957881360000044 ], [ 23.928904190000026, 52.947210141000028 ], [ 23.928327173000071, 52.946797167000057 ], [ 23.916690879000043, 52.937567246000071 ], [ 23.916398370000024, 52.915860644000077 ], [ 23.916248701000029, 52.90475391800004 ], [ 23.922918004000053, 52.901312591000078 ], [ 23.925555496000072, 52.896661430000051 ], [ 23.925078733000078, 52.859214072000043 ], [ 23.924741937000078, 52.832760428000029 ], [ 23.928327173000071, 52.826321196000038 ], [ 23.933173913000076, 52.820053447000078 ], [ 23.934796585000072, 52.81795502600005 ], [ 23.939356642000064, 52.81205801200008 ], [ 23.939252486000044, 52.80080788600003 ], [ 23.939041356000075, 52.778003147000049 ], [ 23.939009892000058, 52.771760121000057 ], [ 23.938972933000059, 52.765213091000078 ], [ 23.938925986000072, 52.759612917000027 ], [ 23.938915497000039, 52.756359468000028 ], [ 23.938908006000077, 52.753996908000033 ], [ 23.938439827000025, 52.714407388000041 ], [ 23.928327173000071, 52.707115676000058 ], [ 23.920828512000071, 52.702845504000038 ], [ 23.901289376000022, 52.69171878800006 ], [ 23.896053218000077, 52.685103558000037 ], [ 23.892261067000049, 52.68031264900003 ], [ 23.88751856600004, 52.679747545000055 ], [ 23.877315245000034, 52.678531745000043 ], [ 23.773096784000074, 52.622239699000033 ], [ 23.765690952000057, 52.618239549000066 ], [ 23.733995355000047, 52.608398697000041 ], [ 23.73076831000003, 52.609738264000043 ], [ 23.718890085000055, 52.61466899100003 ], [ 23.643171708000068, 52.607602056000076 ], [ 23.621717988000057, 52.602313476000063 ], [ 23.541395414000078, 52.580576964000045 ], [ 23.500513125000055, 52.564639173000046 ], [ 23.49558384900007, 52.562371945000052 ], [ 23.474183941000035, 52.552817839000056 ], [ 23.40727903100003, 52.510761964000039 ], [ 23.357008786000051, 52.469127684000057 ], [ 23.313915948000044, 52.426690142000041 ], [ 23.31283404800007, 52.423379837000027 ], [ 23.309778223000023, 52.414029887000027 ], [ 23.301978513000051, 52.405900005000035 ], [ 23.274500497000076, 52.388572048000071 ], [ 23.272008415000073, 52.387000512000043 ], [ 23.244066016000033, 52.358660709000048 ], [ 23.217410936000078, 52.331626534000065 ], [ 23.188713723000035, 52.296306679000054 ], [ 23.178411194000034, 52.283179677000078 ], [ 23.153004361000058, 52.280244251000056 ], [ 23.128408850000028, 52.287841488000026 ], [ 23.117417765000027, 52.297930167000061 ], [ 23.111423824000042, 52.299804635000044 ], [ 23.088310270000022, 52.288900622000028 ], [ 23.074181442000054, 52.282235230000026 ], [ 23.05313897800005, 52.284939979000058 ], [ 23.048839653000073, 52.290714542000046 ], [ 23.055605549000063, 52.300327223000068 ], [ 23.058210894000069, 52.304028780000067 ], [ 23.043590752000057, 52.325794379000058 ], [ 23.006150855000044, 52.336078030000067 ], [ 22.999693800000045, 52.334343584000067 ], [ 22.994381139000041, 52.332916536000027 ], [ 22.987623171000052, 52.338304465000078 ], [ 22.987833939000041, 52.342172773000073 ], [ 22.988006733000077, 52.345344123000075 ], [ 22.983431385000074, 52.345967319000067 ], [ 22.97735282900004, 52.346795263000047 ], [ 22.968398128000047, 52.358660709000048 ], [ 22.96782872600005, 52.359415196000043 ], [ 22.963635680000039, 52.364971202000049 ], [ 22.929204603000073, 52.373593371000027 ], [ 22.917954243000054, 52.373879249000026 ], [ 22.893718488000047, 52.366165140000078 ], [ 22.886088291000078, 52.363736490000065 ], [ 22.873851394000042, 52.363686524000059 ], [ 22.859648139000058, 52.363628528000049 ], [ 22.854458364000038, 52.361267051000027 ], [ 22.849187132000054, 52.358868509000047 ], [ 22.815797701000065, 52.367153435000034 ], [ 22.811933970000041, 52.368302365000034 ], [ 22.793473280000057, 52.373791889000074 ], [ 22.790070883000055, 52.37336345500006 ], [ 22.772437029000059, 52.371142981000048 ], [ 22.76666074700006, 52.373955878000061 ], [ 22.76229448600003, 52.379793419000066 ], [ 22.760536368000032, 52.382143963000033 ], [ 22.750838502000079, 52.383736370000065 ], [ 22.738426810000078, 52.380241625000053 ], [ 22.733650298000043, 52.372385296000061 ], [ 22.730503947000045, 52.367210229000079 ], [ 22.720449559000031, 52.372263013000065 ], [ 22.722907426000063, 52.377388858000074 ], [ 22.72302667200006, 52.377637543000048 ], [ 22.721891629000027, 52.382838895000077 ], [ 22.705382878000023, 52.392194661000076 ], [ 22.685746653000024, 52.392674068000076 ], [ 22.683537363000028, 52.391948737000064 ], [ 22.666121563000047, 52.386230960000034 ], [ 22.659245674000033, 52.391413468000053 ], [ 22.657461697000031, 52.392758090000029 ], [ 22.651844919000041, 52.391250391000028 ], [ 22.642812997000078, 52.388825974000042 ], [ 22.633947715000033, 52.390856025000062 ], [ 22.626162846000057, 52.392638674000068 ], [ 22.621162336000054, 52.390574299000036 ], [ 22.615697129000068, 52.388318081000079 ], [ 22.611831825000024, 52.392128530000036 ], [ 22.605557795000038, 52.398313521000034 ], [ 22.59366779100003, 52.398516396000048 ], [ 22.592544644000043, 52.398145001000046 ], [ 22.580542302000026, 52.394176147000053 ], [ 22.578263329000038, 52.402002522000032 ], [ 22.566809597000031, 52.403919082000073 ], [ 22.56459400600005, 52.407621577000043 ], [ 22.562851183000078, 52.410534025000061 ], [ 22.556594995000069, 52.41682383400007 ], [ 22.553956406000054, 52.417908701000044 ], [ 22.544620554000062, 52.421747178000032 ], [ 22.542594885000028, 52.426635932000067 ], [ 22.542162636000057, 52.439523776000044 ], [ 22.547913944000072, 52.452169371000082 ], [ 22.553147085000035, 52.463675653000053 ], [ 22.546575679000057, 52.467431273000045 ], [ 22.537181916000065, 52.464903481000079 ], [ 22.529666122000037, 52.462881037000045 ], [ 22.525510298000029, 52.470479543000067 ], [ 22.524796177000042, 52.471785242000067 ], [ 22.52301641400004, 52.473060073000056 ], [ 22.51326602000006, 52.480044203000034 ], [ 22.510781507000047, 52.487195825000072 ], [ 22.516614441000058, 52.503168081000069 ], [ 22.520754013000044, 52.514503423000065 ], [ 22.525726790000078, 52.517953114000079 ], [ 22.524179706000041, 52.523422940000046 ], [ 22.510928627000055, 52.534132948000035 ], [ 22.499550557000077, 52.543329121000056 ], [ 22.491060520000076, 52.547123236000061 ], [ 22.488641507000068, 52.552817839000056 ], [ 22.488399580000078, 52.554651355000033 ], [ 22.488222964000045, 52.555989894000049 ], [ 22.486073236000038, 52.558799057000044 ], [ 22.481713439000032, 52.560740782000039 ], [ 22.477007685000046, 52.56283658500007 ], [ 22.464247129000057, 52.57072831000005 ], [ 22.45994068400006, 52.580570393000073 ], [ 22.457845366000072, 52.585359098000026 ], [ 22.452135417000022, 52.586209592000046 ], [ 22.44791998900007, 52.586837478000064 ], [ 22.41793892000004, 52.599560917000076 ], [ 22.408589068000026, 52.609689888000048 ], [ 22.418471143000033, 52.60980582600007 ], [ 22.421414190000064, 52.614731911000035 ], [ 22.449223890000042, 52.623910403000082 ], [ 22.449755112000048, 52.636530340000036 ], [ 22.449862612000061, 52.639084153000056 ], [ 22.451793563000024, 52.639184498000077 ], [ 22.461476858000026, 52.639687709000043 ], [ 22.463877217000061, 52.645382837000056 ], [ 22.472333990000038, 52.646246523000059 ], [ 22.471801404000075, 52.649215579000042 ], [ 22.451904978000073, 52.652698226000041 ], [ 22.450965646000043, 52.652862646000074 ], [ 22.443757155000071, 52.662174514000071 ], [ 22.444913534000023, 52.679574778000074 ], [ 22.444955490000041, 52.680206091000059 ], [ 22.444574042000056, 52.680879858000026 ], [ 22.435509671000034, 52.696890609000036 ], [ 22.440932820000057, 52.71514350800004 ], [ 22.447412598000028, 52.730517162000069 ], [ 22.445203574000061, 52.743972683000038 ], [ 22.450292397000055, 52.751736961000063 ], [ 22.453253673000063, 52.763650793000068 ], [ 22.453660166000077, 52.765286200000048 ], [ 22.459941781000055, 52.771579902000042 ], [ 22.453767721000077, 52.782443483000065 ], [ 22.453771432000053, 52.788238467000042 ], [ 22.434910464000041, 52.791968593000036 ], [ 22.382348740000054, 52.79454209000005 ], [ 22.381403831000057, 52.792150788000072 ], [ 22.385142663000067, 52.787248886000043 ], [ 22.386918485000024, 52.784920645000057 ], [ 22.382132981000041, 52.778345297000044 ], [ 22.362781380000058, 52.777498283000057 ], [ 22.344907059000036, 52.77671593000008 ], [ 22.341329367000071, 52.766798186000074 ], [ 22.342775867000057, 52.76375317000003 ], [ 22.345840121000037, 52.757302634000041 ], [ 22.338456219000022, 52.753735237000058 ], [ 22.335288196000079, 52.742897103000075 ], [ 22.332182699000043, 52.74080187900006 ], [ 22.325191166000025, 52.74242668100004 ], [ 22.322425324000051, 52.747805629000027 ], [ 22.303656668000031, 52.747979600000065 ], [ 22.307271933000038, 52.753048144000047 ], [ 22.301026229000058, 52.756576837000068 ], [ 22.301339550000023, 52.767583565000052 ], [ 22.301427912000065, 52.770687641000052 ], [ 22.303768723000076, 52.77325581100007 ], [ 22.300568205000047, 52.780886248000058 ], [ 22.291875548000064, 52.779816149000055 ], [ 22.286176049000062, 52.779114519000075 ], [ 22.279802403000076, 52.785463511000046 ], [ 22.269487053000034, 52.80080788600003 ], [ 22.256549107000069, 52.820053447000078 ], [ 22.247666310000056, 52.833266859000048 ], [ 22.260287908000066, 52.836909467000055 ], [ 22.264748025000074, 52.843459083000027 ], [ 22.273304567000025, 52.841277911000077 ], [ 22.273399403000042, 52.839044568000077 ], [ 22.273509176000061, 52.836459453000032 ], [ 22.277263318000053, 52.833043998000051 ], [ 22.304464697000071, 52.840719056000069 ], [ 22.30823902700007, 52.849072178000029 ], [ 22.305429753000055, 52.856549288000053 ], [ 22.296809491000033, 52.856477589000065 ], [ 22.292697786000076, 52.854186999000035 ], [ 22.283311610000055, 52.848958052000057 ], [ 22.279657727000028, 52.849945471000069 ], [ 22.284763981000026, 52.863308575000076 ], [ 22.286992151000049, 52.865373760000068 ], [ 22.293183406000026, 52.871112142000072 ], [ 22.278099385000075, 52.885721922000073 ], [ 22.269420965000052, 52.884665763000044 ], [ 22.26214111400003, 52.881301052000026 ], [ 22.252254503000074, 52.876731509000081 ], [ 22.230787081000074, 52.880551470000057 ], [ 22.222787762000053, 52.88197488600008 ], [ 22.217544676000045, 52.882907853000063 ], [ 22.207172301000071, 52.883018461000063 ], [ 22.207482453000068, 52.878312992000076 ], [ 22.208504495000057, 52.867283289000056 ], [ 22.209688980000067, 52.854500534000067 ], [ 22.192329538000024, 52.856244056000037 ], [ 22.174168289000022, 52.858068109000044 ], [ 22.155931603000056, 52.849496376000047 ], [ 22.14980059800007, 52.846614639000052 ], [ 22.145333183000048, 52.84942948500003 ], [ 22.14236543100003, 52.851299418000053 ], [ 22.138783230000058, 52.849604377000048 ], [ 22.124192798000024, 52.842700416000071 ], [ 22.113123703000042, 52.848967649000031 ], [ 22.111900117000062, 52.850322191000032 ], [ 22.101378866000061, 52.861969489000046 ], [ 22.089533722000056, 52.850919402000045 ], [ 22.083992851000062, 52.845750439000028 ], [ 22.084001841000031, 52.841758609000067 ], [ 22.05921012500005, 52.850136113000076 ], [ 22.038938844000029, 52.850757431000034 ], [ 22.038683541000069, 52.859734634000063 ], [ 22.029189398000028, 52.865648565000072 ], [ 22.031505917000061, 52.87138139700005 ], [ 22.03649355400006, 52.883724607000033 ], [ 22.024542480000036, 52.885157897000056 ], [ 22.019304600000055, 52.882483873000069 ], [ 22.008819703000029, 52.877131162000069 ], [ 22.00393157700006, 52.877865988000053 ], [ 22.006731031000072, 52.893925075000027 ], [ 22.008553500000062, 52.904379677000065 ], [ 22.00406799600006, 52.906832955000027 ], [ 21.994585650000033, 52.912019180000073 ], [ 21.993507037000029, 52.915860644000077 ], [ 21.992614238000044, 52.91904033600008 ], [ 22.006850037000049, 52.922735211000031 ], [ 22.010730749000061, 52.923742442000048 ], [ 22.012705968000034, 52.927638134000063 ], [ 22.024551630000076, 52.932281807000038 ], [ 22.028163671000073, 52.937257425000041 ], [ 22.014511550000066, 52.941813486000058 ], [ 22.015204996000023, 52.949454457000058 ], [ 22.005291466000074, 52.956267913000033 ], [ 22.001920803000075, 52.956672604000062 ], [ 21.991853085000059, 52.957881360000044 ], [ 21.989186876000076, 52.958201472000042 ], [ 21.990533276000065, 52.962297746000047 ], [ 21.996755115000042, 52.962929436000081 ], [ 21.998990069000058, 52.963156346000062 ], [ 22.00079123200004, 52.971590567000078 ], [ 21.97609777100007, 52.978833407000081 ], [ 21.961363250000034, 52.979756210000062 ], [ 21.960430330000065, 52.97981463800005 ], [ 21.960306136000042, 52.980258806000052 ], [ 21.959198600000036, 52.984219818000042 ], [ 21.953238396000074, 52.986245647000032 ], [ 21.948048691000054, 52.986086509000074 ], [ 21.93246890000006, 52.985608769000066 ], [ 21.92074933400005, 52.98858040600004 ], [ 21.90950907000007, 52.994864534000044 ], [ 21.908466848000046, 52.99834622700007 ], [ 21.893603400000075, 53.00065496600007 ], [ 21.886432261000039, 53.005479926000078 ], [ 21.876502093000056, 53.01945033700008 ], [ 21.89243480600004, 53.027106230000072 ], [ 21.898332150000044, 53.044985623000059 ], [ 21.909564826000064, 53.040235937000034 ], [ 21.913351095000053, 53.038634930000057 ], [ 21.939680184000053, 53.038695478000079 ], [ 21.938581853000073, 53.045296868000037 ], [ 21.927424146000078, 53.044552241000076 ], [ 21.922522312000069, 53.049514069000054 ], [ 21.922629555000071, 53.049920630000031 ], [ 21.923423374000038, 53.052930007000043 ], [ 21.925050512000041, 53.059098513000038 ], [ 21.939920739000058, 53.072369878000075 ], [ 21.926405944000066, 53.078257291000057 ], [ 21.918240879000052, 53.078331683000044 ], [ 21.913862857000026, 53.076251873000047 ], [ 21.913065996000057, 53.068936493000081 ], [ 21.908792109000046, 53.066743502000065 ], [ 21.897646013000042, 53.061024286000077 ], [ 21.874581331000059, 53.058867544000066 ], [ 21.860568208000075, 53.063021369000069 ], [ 21.860376962000032, 53.071671884000068 ], [ 21.842779934000077, 53.077175320000038 ], [ 21.837473715000044, 53.085859256000049 ], [ 21.828634994000026, 53.094632442000034 ], [ 21.808973061000074, 53.11414859000007 ], [ 21.790943263000031, 53.113955569000041 ], [ 21.778101254000035, 53.109886668000058 ], [ 21.775272741000038, 53.108990474000052 ], [ 21.773519993000036, 53.110487269000032 ], [ 21.770954857000049, 53.112677820000044 ], [ 21.755581950000078, 53.113596847000053 ], [ 21.752910531000055, 53.113189157000079 ], [ 21.734285137000029, 53.110346702000072 ], [ 21.698998452000069, 53.134851043000026 ], [ 21.697573919000035, 53.145112875000052 ], [ 21.695620985000062, 53.150134727000079 ], [ 21.700504425000076, 53.15585234200006 ], [ 21.706787450000036, 53.163208616000077 ], [ 21.703355939000062, 53.167618571000048 ], [ 21.692740634000074, 53.174705792000054 ], [ 21.687012289000052, 53.178530274000082 ], [ 21.685734417000049, 53.180828605000045 ], [ 21.671263477000025, 53.206855481000048 ], [ 21.678438027000027, 53.209437987000058 ], [ 21.682861090000074, 53.211030085000061 ], [ 21.685244872000055, 53.21469447700008 ], [ 21.676897752000059, 53.217499477000047 ], [ 21.671260294000035, 53.22226390600008 ], [ 21.666884746000051, 53.225961847000065 ], [ 21.655832200000077, 53.24491594400007 ], [ 21.642653065000047, 53.247954982000067 ], [ 21.631630138000048, 53.261264953000079 ], [ 21.647291530000075, 53.263478735000035 ], [ 21.656380679000051, 53.264763512000059 ], [ 21.65776087100005, 53.276486204000037 ], [ 21.653929278000078, 53.279633413000056 ], [ 21.646881231000066, 53.285422568000058 ], [ 21.648974131000045, 53.291659075000041 ], [ 21.659889300000032, 53.295248871000069 ], [ 21.658045651000066, 53.300105734000056 ], [ 21.663119622000067, 53.304232275000061 ], [ 21.65770025300003, 53.309590806000074 ], [ 21.659109846000035, 53.315759872000058 ], [ 21.667344402000026, 53.315721359000065 ], [ 21.667897999000047, 53.311477135000075 ], [ 21.678009674000066, 53.311703531000035 ], [ 21.679042011000035, 53.310588050000035 ], [ 21.683695060000048, 53.305560248000063 ], [ 21.68915987500003, 53.306947753000031 ], [ 21.689348910000035, 53.311700660000042 ], [ 21.693585048000045, 53.313542390000066 ], [ 21.699310645000025, 53.312978676000057 ], [ 21.702757039000062, 53.307440732000032 ], [ 21.711635917000024, 53.305134060000057 ], [ 21.732946853000044, 53.308739931000048 ], [ 21.735427496000057, 53.31272793100004 ], [ 21.709941561000051, 53.320543606000058 ], [ 21.701105321000057, 53.326395239000078 ], [ 21.689784, 53.328144416000043 ], [ 21.691172241000061, 53.33389777900004 ], [ 21.688541878000024, 53.336127210000029 ], [ 21.681580112000063, 53.334140288000071 ], [ 21.669019813000034, 53.330555519000029 ], [ 21.654318218000071, 53.332361742000046 ], [ 21.655861310000034, 53.33560054000003 ], [ 21.666221623000069, 53.338136484000074 ], [ 21.656937027000026, 53.347479892000081 ], [ 21.65714074300007, 53.352389883000058 ], [ 21.668641437000076, 53.35735247000008 ], [ 21.678310501000055, 53.361524703000043 ], [ 21.682446682000034, 53.36641809300005 ], [ 21.66581483300007, 53.370348441000033 ], [ 21.657066991000022, 53.372415684000032 ], [ 21.66037910700004, 53.379098510000063 ], [ 21.660063712000067, 53.38114194700006 ], [ 21.659270192000065, 53.386283152000033 ], [ 21.652141376000031, 53.391106744000069 ], [ 21.649285151000072, 53.397743842000068 ], [ 21.645029090000037, 53.399851231000071 ], [ 21.626237110000034, 53.409156081000049 ], [ 21.62292515300004, 53.427357664000056 ], [ 21.622715165000045, 53.428511699000069 ], [ 21.621387328000026, 53.429271354000036 ], [ 21.60894518300006, 53.436389500000075 ], [ 21.607721339000022, 53.449677886000075 ], [ 21.602844585000071, 53.460482493000029 ], [ 21.610318502000041, 53.464257153000062 ], [ 21.602241939000066, 53.468671925000081 ], [ 21.604075802000068, 53.474679464000076 ], [ 21.601888332000044, 53.478248989000065 ], [ 21.612952756000027, 53.480833473000075 ], [ 21.64765376400004, 53.481314677000057 ], [ 21.673972333000052, 53.488691353000036 ], [ 21.687866963000033, 53.492585796000071 ], [ 21.730690856000024, 53.48865 ], [ 21.765208366000024, 53.482100453000044 ], [ 21.769038827000031, 53.48179256800006 ], [ 21.791475947000038, 53.478908196000077 ], [ 21.816988211000023, 53.469881026000053 ], [ 21.840974411000047, 53.461393834000035 ], [ 21.858764400000041, 53.459085598000058 ], [ 21.881073881000077, 53.461813303000042 ], [ 21.896665089000066, 53.472984815000075 ], [ 21.902536420000047, 53.483787563000078 ], [ 21.903116054000066, 53.489913259000048 ], [ 21.903528709000057, 53.494274287000053 ], [ 21.916875184000048, 53.501090823000027 ], [ 21.917675618000033, 53.501499634000027 ], [ 21.917769620000058, 53.501611543000081 ], [ 21.923058463000075, 53.507907894000027 ], [ 21.930957361000026, 53.510351581000066 ], [ 21.93721815300006, 53.510190578000049 ], [ 21.952799927000058, 53.50978987700006 ], [ 21.977924767000047, 53.517497718000072 ], [ 21.990609093000046, 53.521389037000063 ], [ 22.009531103000029, 53.513122464000048 ], [ 22.013888224000027, 53.505773236000039 ], [ 22.017479800000046, 53.499715266000067 ], [ 22.025742948000072, 53.496282516000065 ], [ 22.039391011000077, 53.505857793000075 ], [ 22.04473107900003, 53.514311680000048 ], [ 22.051587657000027, 53.525166360000071 ], [ 22.056328488000077, 53.52825553100007 ], [ 22.076829610000061, 53.53562252200004 ], [ 22.084459909000032, 53.534282999000027 ], [ 22.095847065000044, 53.532283948000043 ], [ 22.098490603000073, 53.532974421000063 ], [ 22.101003786000035, 53.533303623000052 ], [ 22.105508737000036, 53.534710645000075 ], [ 22.110207971000023, 53.535733527000048 ], [ 22.112936912000066, 53.536856412000077 ], [ 22.118791851000026, 53.538721589000033 ], [ 22.121349984000062, 53.539677 ], [ 22.127900143000033, 53.541470527000058 ], [ 22.135727870000039, 53.544540091000044 ], [ 22.194130464000068, 53.566244358000063 ], [ 22.20061705300003, 53.570919013000037 ], [ 22.211544496000045, 53.578794032000076 ], [ 22.220275978000075, 53.582769624000036 ], [ 22.222787762000053, 53.583913282000026 ], [ 22.228346103000035, 53.586444089000054 ], [ 22.231109840000045, 53.58930039300003 ], [ 22.235291367000059, 53.59362197400003 ], [ 22.248649966000073, 53.599873770000045 ], [ 22.270963852000023, 53.610316622000028 ], [ 22.277774451000028, 53.617430324000054 ], [ 22.281402748000062, 53.621220097000048 ], [ 22.30108099000006, 53.625717745000031 ], [ 22.305639446000043, 53.626759623000055 ], [ 22.307226350000064, 53.627364116000081 ], [ 22.308839313000078, 53.627978535000068 ], [ 22.324846421000075, 53.634076054000047 ], [ 22.326107316000048, 53.632422415000065 ], [ 22.326586970000051, 53.631793359000028 ], [ 22.329422292000061, 53.633458898000072 ], [ 22.33378516700003, 53.636026875000027 ], [ 22.350696842000048, 53.645981042000074 ], [ 22.351634679000028, 53.650046691000057 ], [ 22.357729425000059, 53.654503567000063 ], [ 22.392639738000071, 53.665179513000055 ], [ 22.401753152000026, 53.667966492000062 ], [ 22.413579889000061, 53.675551870000049 ], [ 22.42171127000006, 53.680767138000078 ], [ 22.43689807800007, 53.676557713000079 ], [ 22.443795381000029, 53.671788210000045 ], [ 22.442847070000028, 53.670623118000037 ], [ 22.439271151000071, 53.666229755000074 ], [ 22.449095172000057, 53.663620587000082 ], [ 22.475605462000033, 53.663214568000058 ], [ 22.469686836000051, 53.667670564000048 ], [ 22.46791034000006, 53.674198073000071 ], [ 22.470661673000052, 53.678775951000034 ], [ 22.469756414000074, 53.680954437000082 ], [ 22.466267196000047, 53.689351158000079 ], [ 22.473675646000061, 53.694382503000043 ], [ 22.470570979000058, 53.697875041000032 ], [ 22.472509931000047, 53.69896740400003 ], [ 22.477007685000046, 53.699668832000043 ], [ 22.494980058000067, 53.698208527000077 ], [ 22.509866027000044, 53.696999 ], [ 22.561949444000049, 53.719614872000079 ], [ 22.574125706000075, 53.727367051000044 ], [ 22.583411667000064, 53.733279082000081 ], [ 22.58512031500004, 53.728560099000049 ], [ 22.585865439000031, 53.726502198000048 ], [ 22.595384319000061, 53.719486904000064 ], [ 22.607895258000042, 53.717783872000041 ], [ 22.625051736000046, 53.741010846000052 ], [ 22.623025794000057, 53.744546133000028 ], [ 22.623075196000059, 53.744810933000053 ], [ 22.624609969000062, 53.753037502000041 ], [ 22.629786946000024, 53.756280422000032 ], [ 22.637388367000028, 53.755921177000062 ], [ 22.63865663200005, 53.753875127000072 ], [ 22.642094465000071, 53.748328980000053 ], [ 22.66550498600003, 53.756025075000082 ], [ 22.682002526000076, 53.756891385000074 ], [ 22.696801562000076, 53.761588592000066 ], [ 22.718277124000053, 53.792319469000063 ], [ 22.72583114400004, 53.803129043000069 ], [ 22.726835420000043, 53.832465016000072 ], [ 22.746094818000074, 53.842271556000071 ], [ 22.779563117000066, 53.867585228000053 ], [ 22.784595403000026, 53.882579897000028 ], [ 22.776100918000054, 53.895586611000056 ], [ 22.779545237000036, 53.900508442000046 ], [ 22.776176406000047, 53.906573524000066 ], [ 22.782184260000065, 53.916164390000063 ], [ 22.778323699000055, 53.922849929000051 ], [ 22.766501445000074, 53.930792052000072 ], [ 22.761815238000054, 53.933940220000068 ], [ 22.748142044000076, 53.944547061000037 ], [ 22.723744367000052, 53.952568899000028 ], [ 22.714745466000068, 53.957185612000046 ], [ 22.711266976000047, 53.962197415000048 ], [ 22.707473545000028, 53.96766298600005 ], [ 22.702260544000069, 53.970964242000036 ], [ 22.695538403000057, 53.975221197000053 ], [ 22.695390520000046, 53.97891063600008 ], [ 22.69505130500005, 53.987373494000053 ], [ 22.690389563000053, 53.999821126000029 ], [ 22.679983674000027, 54.006976193000071 ], [ 22.677937453000027, 54.008383171000048 ], [ 22.675122353000063, 54.013447195000026 ], [ 22.671868238000059, 54.019300950000058 ], [ 22.671346405000065, 54.022710095000036 ], [ 22.670336722000059, 54.029306370000029 ], [ 22.630606649000072, 54.046682911000062 ], [ 22.618850699000063, 54.04901837400007 ], [ 22.599858209000047, 54.052791464000052 ], [ 22.597540004000052, 54.06536043300008 ], [ 22.602443386000061, 54.071689522000042 ], [ 22.604059823000057, 54.073775955000031 ], [ 22.604448336000075, 54.078070426000068 ], [ 22.604796669000052, 54.081920762000038 ], [ 22.625107476000039, 54.089714161000074 ], [ 22.634724121000033, 54.093404135000071 ], [ 22.636980395000023, 54.099406806000047 ], [ 22.63524140800007, 54.107650850000027 ], [ 22.629483728000025, 54.10997756200004 ], [ 22.620790847000023, 54.113490406000039 ], [ 22.595064581000031, 54.140479624000079 ], [ 22.593535274000033, 54.143325828000059 ], [ 22.589979319000065, 54.149943840000049 ], [ 22.579638897000052, 54.146615611000072 ], [ 22.579013831000054, 54.145274390000054 ], [ 22.577298762000055, 54.141594324000039 ], [ 22.559778127000072, 54.139569276000032 ], [ 22.548008656000036, 54.139314331000037 ], [ 22.545932264000044, 54.143568293000044 ], [ 22.544076745000041, 54.147369745000049 ], [ 22.537010375000023, 54.151999326000066 ], [ 22.534750695000071, 54.159276202000058 ], [ 22.523683132000031, 54.161703411000076 ], [ 22.520205391000047, 54.162466109000036 ], [ 22.518393306000064, 54.166015113000071 ], [ 22.516438008000023, 54.169844602000069 ], [ 22.513417316000073, 54.172265744000072 ], [ 22.506287904000033, 54.177980103000039 ], [ 22.502694734000045, 54.184222083000066 ], [ 22.504623611000056, 54.187077308000028 ], [ 22.506652050000071, 54.190079910000065 ], [ 22.499611404000063, 54.191959166000061 ], [ 22.486945999000056, 54.195339756000067 ], [ 22.479492681000067, 54.199551232000033 ], [ 22.481530322000026, 54.202439476000052 ], [ 22.484646477000069, 54.207159582000031 ], [ 22.49579753200004, 54.21007946800006 ], [ 22.494505356000047, 54.214848009000036 ], [ 22.509520187000078, 54.219432061000077 ], [ 22.513204102000032, 54.218728512000041 ], [ 22.516755581000041, 54.218050255000037 ], [ 22.517012428000044, 54.222772039000063 ], [ 22.517170250000049, 54.225673373000063 ], [ 22.520003060000079, 54.227004975000057 ], [ 22.527246220000052, 54.230409726000062 ], [ 22.529775363000056, 54.240836684000044 ], [ 22.531410420000043, 54.247577573000058 ], [ 22.550523899000041, 54.251052876000074 ], [ 22.554706089000035, 54.249246767000045 ], [ 22.55896653700006, 54.247406861000059 ], [ 22.564507867000032, 54.249591987000031 ], [ 22.563905349000038, 54.252759170000047 ], [ 22.563897517000044, 54.252800337000053 ], [ 22.568483361000062, 54.257660487000066 ], [ 22.571716749000075, 54.258033952000062 ], [ 22.578220516000044, 54.258785154000066 ], [ 22.57846064000006, 54.262587880000069 ], [ 22.57860000900007, 54.264794995000045 ], [ 22.593988427000056, 54.262863946000039 ], [ 22.611130488000072, 54.260712838000074 ], [ 22.624712438000074, 54.26914910000005 ], [ 22.631748008000045, 54.275627171000053 ], [ 22.644379250000043, 54.287257514000032 ], [ 22.675687227000026, 54.28006110900003 ], [ 22.693782190000036, 54.27590182800003 ], [ 22.718277140000055, 54.282266221000043 ], [ 22.730574471000068, 54.285461372000043 ], [ 22.744482190000042, 54.290905103000057 ], [ 22.752098235000062, 54.297644373000082 ], [ 22.76135105700007, 54.292873586000042 ], [ 22.768003764000071, 54.289443427000037 ], [ 22.788721304000035, 54.299644783000076 ], [ 22.785194791000038, 54.306747837000046 ], [ 22.784566942000026, 54.308012443000052 ], [ 22.785351719000062, 54.308850605000032 ], [ 22.789142576000074, 54.312899343000026 ], [ 22.792676376000031, 54.325127726000062 ], [ 22.78668084800006, 54.32666047500004 ], [ 22.779984528000057, 54.328372380000076 ], [ 22.779357197000024, 54.33064734900006 ], [ 22.790546105000033, 54.335823219000076 ], [ 22.802085064000039, 54.341161018000037 ], [ 22.804999053000074, 54.346556426000063 ], [ 22.804862370000023, 54.34985006900007 ], [ 22.792011658000035, 54.363377300000082 ], [ 22.811647101000062, 54.371755051000036 ], [ 22.820211185000062, 54.383602090000068 ], [ 22.836061407000045, 54.405528336000032 ], [ 22.855254570000056, 54.409941279000066 ], [ 22.857833830000061, 54.409885468000027 ], [ 22.885499421000077, 54.409286828000063 ], [ 22.889295271000037, 54.400251642000057 ], [ 22.961969383000053, 54.391011027000047 ], [ 22.981632902000058, 54.389647784000033 ], [ 22.986638242000026, 54.384637410000039 ], [ 23.002049964000037, 54.383680484000081 ], [ 23.00917381000005, 54.381801841000026 ], [ 23.003218258000061, 54.372914933000061 ], [ 22.995569776000025, 54.361501826000051 ], [ 23.010869686000035, 54.355484838000052 ], [ 23.022796559000028, 54.353374812000027 ], [ 23.048575606000043, 54.348814149000077 ], [ 23.061868485000048, 54.341895687000033 ], [ 23.050479947000042, 54.330128265000042 ], [ 23.045652604000054, 54.325140322000038 ], [ 23.043042425000067, 54.316539373000069 ], [ 23.049768984000025, 54.312957898000036 ] ] ] } },
{ "type": "Feature", "properties": { "voivodeship": "pomorskie" }, "geometry": { "type": "Polygon", "coordinates": [ [ [ 18.294864992000043, 54.83510734400005 ], [ 18.330002980000074, 54.832472052000071 ], [ 18.352535408000051, 54.821855268000036 ], [ 18.368426715000055, 54.814367634000064 ], [ 18.376660581000067, 54.811572804000036 ], [ 18.405059491000031, 54.801933332000033 ], [ 18.43322534400005, 54.788136957000063 ], [ 18.462563421000027, 54.779128771000046 ], [ 18.46656112200003, 54.777901287000077 ], [ 18.475851240000054, 54.774566373000027 ], [ 18.513865761000034, 54.76092013400006 ], [ 18.52848109200005, 54.754790360000072 ], [ 18.535247911000056, 54.750433075000046 ], [ 18.617103080000049, 54.725917100000061 ], [ 18.620463286000074, 54.722243399000035 ], [ 18.663380601000028, 54.708448137000062 ], [ 18.731857022000042, 54.679729384000041 ], [ 18.761124375000065, 54.66479610500005 ], [ 18.781981694000024, 54.654153935000068 ], [ 18.818189929000027, 54.629669556000067 ], [ 18.818644230000075, 54.629362353000033 ], [ 18.827401053000074, 54.616537371000049 ], [ 18.828445634000047, 54.607803150000052 ], [ 18.826734854000051, 54.605032685000026 ], [ 18.823841719000029, 54.600347494000061 ], [ 18.819848421000074, 54.597470942000029 ], [ 18.819370013000025, 54.597126323000055 ], [ 18.815671111000029, 54.594461838000029 ], [ 18.815325922000056, 54.594410997000068 ], [ 18.809558657000025, 54.593561570000077 ], [ 18.802140364000024, 54.599163285000031 ], [ 18.800775772000065, 54.60019371900006 ], [ 18.798756584000046, 54.606528654000044 ], [ 18.790791593000051, 54.609381985000027 ], [ 18.780131617000052, 54.613200751000079 ], [ 18.779124162000073, 54.615821696000069 ], [ 18.776519199000063, 54.622598642000071 ], [ 18.773840876000065, 54.62584322500004 ], [ 18.766198706000068, 54.635101129000077 ], [ 18.764722837000022, 54.636889032000056 ], [ 18.760404447000042, 54.640561695000031 ], [ 18.746562811000047, 54.652333596000062 ], [ 18.720201726000028, 54.674752917000035 ], [ 18.691344602000072, 54.690810952000049 ], [ 18.656469421000054, 54.701484571000037 ], [ 18.645469693000052, 54.704518449000034 ], [ 18.617052157000046, 54.720733050000035 ], [ 18.612698661000024, 54.724134830000082 ], [ 18.533018903000027, 54.748647452000057 ], [ 18.528329365000047, 54.750720611000077 ], [ 18.513865761000034, 54.756068377000076 ], [ 18.478974215000051, 54.767886481000062 ], [ 18.476264637000043, 54.768804241000055 ], [ 18.464741713000024, 54.772443059000068 ], [ 18.460990059000039, 54.773800040000026 ], [ 18.436237635000055, 54.782753045000049 ], [ 18.428924791000043, 54.78546924300008 ], [ 18.423628271000041, 54.782183712000062 ], [ 18.417265933000067, 54.770123457000068 ], [ 18.40687409800006, 54.758674278000058 ], [ 18.402874946000054, 54.754268222000064 ], [ 18.398146694000047, 54.749058882000043 ], [ 18.396219813000073, 54.739781179000033 ], [ 18.394767328000057, 54.732787634000033 ], [ 18.39698431100004, 54.727694377000034 ], [ 18.405059491000031, 54.725579735000053 ], [ 18.40885946800006, 54.724584638000067 ], [ 18.417998778000026, 54.722191334000058 ], [ 18.418883683000047, 54.721959605000052 ], [ 18.43376524200005, 54.713265309000064 ], [ 18.470426911000061, 54.694413390000079 ], [ 18.467127141000049, 54.686011632000032 ], [ 18.466000987000029, 54.683144257000038 ], [ 18.464524716000028, 54.662230040000054 ], [ 18.466813167000055, 54.659065934000068 ], [ 18.471095699000045, 54.653144731000054 ], [ 18.473407646000055, 54.64994813900006 ], [ 18.472084715000051, 54.644953876000045 ], [ 18.471894950000035, 54.644237485000076 ], [ 18.470015366000041, 54.637141776000078 ], [ 18.470377937000023, 54.635042635000048 ], [ 18.470724548000078, 54.633035896000081 ], [ 18.479079461000026, 54.630551479000076 ], [ 18.499585800000034, 54.632618250000064 ], [ 18.502498151000054, 54.632911777000061 ], [ 18.512938657000063, 54.633964043000049 ], [ 18.512225024000031, 54.629339512000058 ], [ 18.511827818000029, 54.626765509000052 ], [ 18.510885961000042, 54.620662024000069 ], [ 18.512582608000059, 54.614705736000076 ], [ 18.513623835000033, 54.611050383000077 ], [ 18.522388823000028, 54.600916430000041 ], [ 18.531125212000063, 54.59081554100004 ], [ 18.541726747000041, 54.584479946000044 ], [ 18.559113919000026, 54.550717934000033 ], [ 18.559834873000057, 54.547743540000056 ], [ 18.562595429000055, 54.536354482000036 ], [ 18.562082426000075, 54.533819264000044 ], [ 18.561445021000054, 54.53066926200006 ], [ 18.561090012000022, 54.518611080000028 ], [ 18.554926313000067, 54.51609908100005 ], [ 18.552576758000043, 54.515141526000036 ], [ 18.550929726000049, 54.514470282000048 ], [ 18.559681728000044, 54.500586773000066 ], [ 18.568213747000073, 54.487052229000028 ], [ 18.565840746000049, 54.482181190000063 ], [ 18.562394797000024, 54.475107721000029 ], [ 18.561899513000071, 54.467231292000065 ], [ 18.561693370000057, 54.463953022000055 ], [ 18.562889383000027, 54.46066816900003 ], [ 18.565213949000054, 54.454283746000044 ], [ 18.575921212000026, 54.44259098100008 ], [ 18.579335957000069, 54.438861941000027 ], [ 18.580939035000029, 54.437544215000059 ], [ 18.584513881000078, 54.434605702000056 ], [ 18.591158848000077, 54.430185377000043 ], [ 18.593317588000048, 54.429227346000062 ], [ 18.635902153000075, 54.41032866900008 ], [ 18.636913768000056, 54.410228864000032 ], [ 18.651938183000027, 54.408746562000033 ], [ 18.65585367500006, 54.409642763000079 ], [ 18.663968219000026, 54.411500068000066 ], [ 18.674858984000025, 54.40855336900006 ], [ 18.679331599000022, 54.404961160000028 ], [ 18.684700951000025, 54.400648730000057 ], [ 18.697108324000055, 54.390683668000065 ], [ 18.708772930000066, 54.385376076000057 ], [ 18.728358264000065, 54.376464419000058 ], [ 18.735437382000043, 54.375661604000072 ], [ 18.78070100900004, 54.37052843500004 ], [ 18.817298878000031, 54.360438146000035 ], [ 18.832646125000053, 54.356206803000077 ], [ 18.882887115000074, 54.347934373000044 ], [ 18.884048178000057, 54.347744314000067 ], [ 18.923440800000037, 54.347445758000049 ], [ 18.93666423600007, 54.352664288000028 ], [ 18.937627365000026, 54.353687867000076 ], [ 18.944563656000071, 54.361059510000075 ], [ 18.950029653000058, 54.358310413000027 ], [ 18.956780446000039, 54.35896049400003 ], [ 18.963632302000065, 54.354986088000032 ], [ 18.972506741000075, 54.349838486000067 ], [ 18.975318259000062, 54.348207670000079 ], [ 18.97991668700007, 54.347322836000046 ], [ 18.991122444000041, 54.34516661400005 ], [ 19.098490607000031, 54.347876977000055 ], [ 19.127329777000057, 54.34860498200004 ], [ 19.14492086100006, 54.349049045000072 ], [ 19.260663495000074, 54.357827626000073 ], [ 19.331369277000022, 54.366705510000031 ], [ 19.373860980000075, 54.37440699800004 ], [ 19.419525665000037, 54.382683580000048 ], [ 19.44171097800006, 54.388209893000067 ], [ 19.454303929000048, 54.391346769000052 ], [ 19.487977044000047, 54.399734668000065 ], [ 19.489488421000033, 54.400111149000054 ], [ 19.49447615400004, 54.40135358200007 ], [ 19.581655762000025, 54.431313062000072 ], [ 19.593806038000025, 54.437007936000043 ], [ 19.618989831000022, 54.448811663000072 ], [ 19.634277176000069, 54.45597689300007 ], [ 19.63911257500007, 54.458243260000074 ], [ 19.64255858100006, 54.456049541000027 ], [ 19.646506291000037, 54.453703146000066 ], [ 19.648470623000037, 54.45323654300006 ], [ 19.643237163000038, 54.45015410600007 ], [ 19.64255858000007, 54.449754430000041 ], [ 19.618989831000022, 54.437907138000071 ], [ 19.609502251000038, 54.433138021000048 ], [ 19.593806038000025, 54.425248013000044 ], [ 19.539375835000044, 54.405426396000053 ], [ 19.526451355000063, 54.402150900000038 ], [ 19.479801956000074, 54.390328380000028 ], [ 19.463914657000032, 54.38630200700004 ], [ 19.448793901000045, 54.380947538000044 ], [ 19.415832960000046, 54.36927561400006 ], [ 19.410859535000043, 54.367514455000048 ], [ 19.394600862000061, 54.363691728000049 ], [ 19.345372084000076, 54.352117096000029 ], [ 19.311759876000053, 54.351782052000033 ], [ 19.29342841600004, 54.351599325000052 ], [ 19.268098044000055, 54.34816156100004 ], [ 19.266141479000055, 54.347896022000043 ], [ 19.259863151000047, 54.346259178000082 ], [ 19.231610678000038, 54.338893381000048 ], [ 19.229389046000051, 54.337454095000055 ], [ 19.225344159000031, 54.334833612000068 ], [ 19.228057597000031, 54.33090750100007 ], [ 19.228654867000046, 54.330043302000036 ], [ 19.239629183000034, 54.329127663000065 ], [ 19.248382260000028, 54.328397353000071 ], [ 19.249143395000033, 54.322563708000075 ], [ 19.249691335000023, 54.318364078000059 ], [ 19.251080706000039, 54.317610095000077 ], [ 19.25355257700005, 54.316268662000027 ], [ 19.256273875000034, 54.314791869000032 ], [ 19.263462566000044, 54.305292542000075 ], [ 19.253742754000029, 54.297861162000061 ], [ 19.247030792000032, 54.292729464000047 ], [ 19.252324659000067, 54.288512104000063 ], [ 19.258096395000052, 54.283914050000078 ], [ 19.257540650000067, 54.281262931000072 ], [ 19.256953177000071, 54.278460454000026 ], [ 19.253432623000037, 54.270276570000078 ], [ 19.256601571000033, 54.268163480000055 ], [ 19.258934457000066, 54.266988911000055 ], [ 19.267710542000032, 54.263227220000033 ], [ 19.287467889000027, 54.254758633000051 ], [ 19.29935557500005, 54.246373429000073 ], [ 19.304689742000051, 54.235461473000043 ], [ 19.315941718000033, 54.226247386000068 ], [ 19.315142919000039, 54.218715867000071 ], [ 19.324069766000036, 54.210372616000029 ], [ 19.326143961000071, 54.204449623000073 ], [ 19.32468321500005, 54.197582556000043 ], [ 19.318958254000052, 54.191144717000043 ], [ 19.292050053000025, 54.186963978000051 ], [ 19.284369792000064, 54.185770693000052 ], [ 19.26026224900005, 54.175802222000073 ], [ 19.248232478000034, 54.16728975400008 ], [ 19.247146163000025, 54.162351131000037 ], [ 19.250807228000042, 54.159960792000049 ], [ 19.256836029000056, 54.156024539000043 ], [ 19.256595578000031, 54.149815424000053 ], [ 19.238139991000025, 54.12739295700004 ], [ 19.217688682000073, 54.116121399000065 ], [ 19.217284634000066, 54.115570451000053 ], [ 19.21880544000004, 54.115179236000074 ], [ 19.23139397500006, 54.111940939000078 ], [ 19.254267882000022, 54.08592382900008 ], [ 19.243698851000033, 54.082605579000074 ], [ 19.226605824000046, 54.077239056000053 ], [ 19.221983098000067, 54.06939662700006 ], [ 19.265137405000075, 54.05173228600006 ], [ 19.265739150000059, 54.051761101000068 ], [ 19.274981679000064, 54.052203685000052 ], [ 19.282212368000046, 54.041722021000055 ], [ 19.272298145000036, 54.041616017000081 ], [ 19.272136277000072, 54.041614286000026 ], [ 19.260292701000026, 54.035515565000082 ], [ 19.268041250000067, 54.025117609000063 ], [ 19.273397055000032, 54.017854349000061 ], [ 19.280881179000062, 54.015017287000035 ], [ 19.293178629000067, 54.021924613000067 ], [ 19.297198469000023, 54.024182508000081 ], [ 19.317945545000043, 54.025498661000029 ], [ 19.331664403000048, 54.018903710000075 ], [ 19.343015079000054, 54.013447195000026 ], [ 19.358863460000066, 54.005828535000035 ], [ 19.379897413000037, 54.002117544000043 ], [ 19.397295947000032, 53.99904794400004 ], [ 19.391912425000044, 53.993068053000059 ], [ 19.383184616000051, 53.987577222000027 ], [ 19.37769882200007, 53.984126005000064 ], [ 19.367941486000063, 53.963703782000039 ], [ 19.371454072000063, 53.950072264000028 ], [ 19.370210816000053, 53.939678005000076 ], [ 19.376225125000076, 53.935512707000044 ], [ 19.391782402000047, 53.934437496000044 ], [ 19.398127185000078, 53.933998989000031 ], [ 19.398593830000038, 53.933251564000045 ], [ 19.400488813000038, 53.930216375000043 ], [ 19.417707241000073, 53.926897394000036 ], [ 19.432346485000039, 53.930792052000072 ], [ 19.438396283000031, 53.932401555000069 ], [ 19.448192170000027, 53.936899326000059 ], [ 19.454303929000048, 53.939705534000041 ], [ 19.459268049000059, 53.941984804000072 ], [ 19.483436641000026, 53.943160896000052 ], [ 19.487977044000047, 53.94524188400004 ], [ 19.489984838000055, 53.946162110000046 ], [ 19.524815345000036, 53.945012600000041 ], [ 19.535224926000069, 53.944669053000041 ], [ 19.544211692000033, 53.946085268000047 ], [ 19.554452196000057, 53.947699058000069 ], [ 19.559784950000051, 53.945724805000054 ], [ 19.565297353000062, 53.943684043000076 ], [ 19.568150809000031, 53.944919431000073 ], [ 19.575983133000022, 53.948310393000042 ], [ 19.576296461000027, 53.943319709000036 ], [ 19.581914589000064, 53.938300564000031 ], [ 19.581462508000072, 53.930792052000072 ], [ 19.581331799000054, 53.928621135000071 ], [ 19.571810052000046, 53.927153498000052 ], [ 19.558679918000053, 53.925129681000044 ], [ 19.560336169000038, 53.91667586300008 ], [ 19.55813074100007, 53.910067834000074 ], [ 19.553198464000047, 53.895289469000033 ], [ 19.53510908800007, 53.881198205000032 ], [ 19.537102494000067, 53.876019128000053 ], [ 19.530792245000043, 53.873428623000052 ], [ 19.52459136300007, 53.861381308000034 ], [ 19.514399805000039, 53.85544724500005 ], [ 19.514107747000025, 53.855277193000063 ], [ 19.514117921000036, 53.855095167000059 ], [ 19.514747434000071, 53.843831956000031 ], [ 19.490616952000039, 53.824976327000059 ], [ 19.487977044000047, 53.822913496000069 ], [ 19.48092000500003, 53.81739910500005 ], [ 19.487977044000047, 53.81319202800006 ], [ 19.491780197000026, 53.810924766000028 ], [ 19.499171876000048, 53.806518192000055 ], [ 19.487977044000047, 53.797416443000031 ], [ 19.474583965000022, 53.786527449000062 ], [ 19.474903635000032, 53.783486321000055 ], [ 19.481669856000053, 53.779881100000068 ], [ 19.480872226000031, 53.775106450000067 ], [ 19.457174608000059, 53.78706075000008 ], [ 19.455624912000076, 53.791710065000075 ], [ 19.453761070000041, 53.797301867000044 ], [ 19.372296696000035, 53.813786122000067 ], [ 19.322978181000053, 53.813944613000047 ], [ 19.310665493000045, 53.802770667000061 ], [ 19.309932417000027, 53.795064862000061 ], [ 19.312829491000059, 53.792951640000069 ], [ 19.314807122000047, 53.791509090000034 ], [ 19.311705565000068, 53.790262531000053 ], [ 19.30567916900003, 53.787840437000057 ], [ 19.300030549000041, 53.780689405000032 ], [ 19.301957651000066, 53.77715162800007 ], [ 19.299460258000067, 53.770267573000069 ], [ 19.302207654000028, 53.767537807000053 ], [ 19.302933972000062, 53.766816150000068 ], [ 19.300343835000035, 53.762182276000033 ], [ 19.302094344000068, 53.754152661000035 ], [ 19.293832384000041, 53.743911576000073 ], [ 19.277331269000058, 53.732963033000033 ], [ 19.272140766000064, 53.73155121800005 ], [ 19.263230115000056, 53.729127525000081 ], [ 19.236448640000049, 53.70766431900006 ], [ 19.226059431000067, 53.704576531000043 ], [ 19.214322519000063, 53.692282229000057 ], [ 19.217606298000078, 53.682277165000073 ], [ 19.222315496000078, 53.667929118000075 ], [ 19.214456233000078, 53.668712802000073 ], [ 19.214238143000046, 53.668734549000078 ], [ 19.214247198000066, 53.667812683000079 ], [ 19.214428579000071, 53.649346577000074 ], [ 19.205499140000029, 53.637446493000027 ], [ 19.201097775000051, 53.638061589000074 ], [ 19.196144513000036, 53.639728399000035 ], [ 19.19327686400004, 53.640693384000031 ], [ 19.184651346000066, 53.63785503500003 ], [ 19.178679681000062, 53.63936043700005 ], [ 19.161769455000069, 53.623783739000032 ], [ 19.153246052000043, 53.619395720000057 ], [ 19.142903624000041, 53.614071230000036 ], [ 19.131021646000022, 53.607954149000079 ], [ 19.128426626000078, 53.603205761000027 ], [ 19.129276267000023, 53.588260543000047 ], [ 19.127329777000057, 53.588684477000072 ], [ 19.088303266000025, 53.597184223000056 ], [ 19.053031004000047, 53.596877992000032 ], [ 19.045805567000059, 53.59586173100007 ], [ 19.016007211000044, 53.591670580000027 ], [ 19.01084187400005, 53.59248399300003 ], [ 18.993063660000075, 53.595283623000057 ], [ 18.981711855000071, 53.589669829000059 ], [ 18.978034705000027, 53.587851372000046 ], [ 18.968659751000075, 53.588408904000062 ], [ 18.926172179000048, 53.590935654000077 ], [ 18.918558890000043, 53.583568809000042 ], [ 18.914674092000041, 53.579809762000082 ], [ 18.906240159000049, 53.577751825000064 ], [ 18.903829073000054, 53.579675826000027 ], [ 18.905764841000064, 53.587011229000041 ], [ 18.907264816000065, 53.592695238000033 ], [ 18.890139773000044, 53.599497537000047 ], [ 18.831081960000063, 53.604682401000048 ], [ 18.769106122000039, 53.606393708000041 ], [ 18.764178622000031, 53.610163774000057 ], [ 18.761577356000032, 53.604882137000061 ], [ 18.740743839000061, 53.63250529100003 ], [ 18.739999818000058, 53.646457214000066 ], [ 18.748446633000071, 53.659259396000039 ], [ 18.752472166000075, 53.662379673000032 ], [ 18.770621100000028, 53.676447304000078 ], [ 18.788971654000022, 53.702105070000073 ], [ 18.782759451000061, 53.703359448000072 ], [ 18.765463786000055, 53.699475986000039 ], [ 18.752604363000046, 53.693480819000058 ], [ 18.751271489000032, 53.691425889000072 ], [ 18.748716560000048, 53.68748688200003 ], [ 18.744469433000063, 53.69037129700007 ], [ 18.741769569000041, 53.692204897000067 ], [ 18.736240940000073, 53.689095550000047 ], [ 18.727615434000029, 53.68424449500003 ], [ 18.719120165000049, 53.68796549700005 ], [ 18.70886308300004, 53.686649301000045 ], [ 18.700011212000049, 53.690558456000076 ], [ 18.698503647000052, 53.691224225000042 ], [ 18.695804996000049, 53.693564748000028 ], [ 18.696552730000064, 53.699952902000064 ], [ 18.687215675000061, 53.698493217000077 ], [ 18.679322343000024, 53.692932186000064 ], [ 18.676893900000039, 53.691221293000069 ], [ 18.668938402000038, 53.694123585000057 ], [ 18.663725227000043, 53.696025433000045 ], [ 18.656917158000056, 53.695181368000078 ], [ 18.641500797000049, 53.683098885000049 ], [ 18.631034658000033, 53.674896110000077 ], [ 18.608818068000062, 53.670929027000057 ], [ 18.591443905000062, 53.674033414000064 ], [ 18.575428872000032, 53.676894953000044 ], [ 18.56845730200007, 53.673201143000028 ], [ 18.575841327000035, 53.669389196000054 ], [ 18.581443107000041, 53.666497320000076 ], [ 18.582930583000064, 53.660298362000049 ], [ 18.560469242000067, 53.656990921000045 ], [ 18.550802413000042, 53.656212435000043 ], [ 18.542221169000072, 53.666071809000073 ], [ 18.529535356000054, 53.668491078000045 ], [ 18.530269406000059, 53.678157208000073 ], [ 18.514824614000077, 53.681710084000031 ], [ 18.513293513000065, 53.688216632000035 ], [ 18.517222998000022, 53.689918406000061 ], [ 18.52228737300004, 53.692111675000035 ], [ 18.515345836000051, 53.703118931000063 ], [ 18.496009403000073, 53.699614175000079 ], [ 18.473617267000066, 53.70305425500004 ], [ 18.469046662000039, 53.697546311000053 ], [ 18.468247512000062, 53.693026617000044 ], [ 18.467647960000022, 53.689635772000031 ], [ 18.461983577000069, 53.687176538000074 ], [ 18.456021324000062, 53.687152876000027 ], [ 18.454969664000032, 53.690283707000049 ], [ 18.454002604000038, 53.693162679000068 ], [ 18.428734892000023, 53.689010143000075 ], [ 18.420742808000057, 53.687696711000058 ], [ 18.419977489000075, 53.688891183000067 ], [ 18.418194788000051, 53.691673532000038 ], [ 18.405059491000031, 53.690766695000036 ], [ 18.401144801000044, 53.690496432000032 ], [ 18.375790278000068, 53.688864206000062 ], [ 18.355784044000075, 53.687576282000066 ], [ 18.346238807000077, 53.692001146000052 ], [ 18.336551631000077, 53.693430378000073 ], [ 18.316713771000025, 53.696357228000068 ], [ 18.295400640000025, 53.698219089000077 ], [ 18.263761269000042, 53.700983023000049 ], [ 18.255212699000026, 53.710942522000039 ], [ 18.266067950000036, 53.714466682000079 ], [ 18.272506538000073, 53.716556971000045 ], [ 18.275786564000043, 53.721207869000068 ], [ 18.267075727000076, 53.725378913000043 ], [ 18.272659839000028, 53.731689502000052 ], [ 18.266821839000045, 53.739006519000043 ], [ 18.255934118000027, 53.745320249000031 ], [ 18.237650325000061, 53.742660662000048 ], [ 18.228597472000047, 53.741343821000044 ], [ 18.219913993000034, 53.740611896000075 ], [ 18.220248974000071, 53.744485714000064 ], [ 18.22073324400003, 53.750085944000034 ], [ 18.218430964000049, 53.751319478000028 ], [ 18.210980750000033, 53.745457765000026 ], [ 18.204689042000041, 53.74050754700005 ], [ 18.196354903000042, 53.739327790000061 ], [ 18.195219436000059, 53.741435937000062 ], [ 18.200332408000065, 53.746383451000042 ], [ 18.200299623000035, 53.746578001000046 ], [ 18.198675552000054, 53.756215460000078 ], [ 18.183061111000029, 53.75347382700005 ], [ 18.179970623000031, 53.748710105000043 ], [ 18.178485378000062, 53.746420727000043 ], [ 18.168610647000037, 53.746003493000046 ], [ 18.155502544000058, 53.753659841000058 ], [ 18.152869598000052, 53.760305460000041 ], [ 18.149811175000025, 53.768024994000029 ], [ 18.13111077700006, 53.768781757000056 ], [ 18.121663789000024, 53.764079407000054 ], [ 18.111078473000077, 53.758810440000047 ], [ 18.10845488800004, 53.760990594000077 ], [ 18.108506700000078, 53.765524975000062 ], [ 18.108541660000071, 53.768584529000066 ], [ 18.102082181000071, 53.768264262000059 ], [ 18.099889094000048, 53.768155527000033 ], [ 18.098109251000039, 53.76995824100004 ], [ 18.093233377000047, 53.774896768000076 ], [ 18.072036639000032, 53.781075085000055 ], [ 18.070584844000052, 53.774212462000037 ], [ 18.060297070000047, 53.762710533000075 ], [ 18.057980821000058, 53.760120922000056 ], [ 18.056572458000062, 53.756884013000047 ], [ 18.050414784000054, 53.742731534000029 ], [ 18.046345711000072, 53.740886013000079 ], [ 18.042513128000053, 53.739147752000065 ], [ 18.042876413000045, 53.73867617500008 ], [ 18.045510023000077, 53.735257514000068 ], [ 18.031934583000066, 53.724946619000036 ], [ 18.02677329900007, 53.728372569000044 ], [ 18.013366648000044, 53.724353309000037 ], [ 17.991647915000044, 53.724996202000057 ], [ 17.984677971000053, 53.731979347000049 ], [ 17.978623971000047, 53.734439909000059 ], [ 17.971476728000027, 53.737344805000077 ], [ 17.954203112000073, 53.73879544700003 ], [ 17.948189128000024, 53.746178284000052 ], [ 17.935325535000061, 53.74449054400003 ], [ 17.925869263000038, 53.749559691000059 ], [ 17.901561150000077, 53.748116158000073 ], [ 17.867795915000045, 53.759188272000074 ], [ 17.861064567000028, 53.754973076000056 ], [ 17.865679042000068, 53.747418223000068 ], [ 17.876130094000075, 53.745227674000034 ], [ 17.889588500000059, 53.728444841000055 ], [ 17.892013127000041, 53.727300393000064 ], [ 17.902681939000047, 53.722264608000046 ], [ 17.893505001000051, 53.716861502000029 ], [ 17.89385096500007, 53.708651824000071 ], [ 17.883861998000043, 53.707268785000053 ], [ 17.87860859500006, 53.70654141600005 ], [ 17.873900677000051, 53.701799162000043 ], [ 17.868852834000052, 53.696714505000045 ], [ 17.854232702000047, 53.688804916000038 ], [ 17.84351397100005, 53.689969395000048 ], [ 17.826598606000061, 53.691807073000064 ], [ 17.814548663000039, 53.683991476000074 ], [ 17.808829998000022, 53.680282348000048 ], [ 17.799970869000049, 53.67924045400008 ], [ 17.790611355000067, 53.686256134000075 ], [ 17.772231488000045, 53.700033267000038 ], [ 17.763934385000027, 53.694249224000032 ], [ 17.765836780000029, 53.688837454000065 ], [ 17.765955276000057, 53.688500367000074 ], [ 17.764239756000052, 53.684976601000074 ], [ 17.759542344000067, 53.685406605000082 ], [ 17.758908948000055, 53.68546458600008 ], [ 17.753533458000049, 53.680113393000056 ], [ 17.741205563000051, 53.67742411200004 ], [ 17.743394801000022, 53.669461720000072 ], [ 17.734580040000026, 53.662574140000061 ], [ 17.736619309000048, 53.657969425000033 ], [ 17.737641703000065, 53.655660838000074 ], [ 17.726469520000023, 53.645820876000073 ], [ 17.712739527000053, 53.63372811000005 ], [ 17.718183888000056, 53.61712831300008 ], [ 17.716255794000062, 53.61094614700005 ], [ 17.724318814000071, 53.611053507000065 ], [ 17.734341266000058, 53.611186957000029 ], [ 17.734608146000028, 53.60261119300003 ], [ 17.730266308000068, 53.59504918500005 ], [ 17.687898035000046, 53.593376616000057 ], [ 17.678379967000069, 53.596519256000079 ], [ 17.667544163000059, 53.600096981000036 ], [ 17.658596072000023, 53.594430549000037 ], [ 17.656586355000059, 53.589491870000074 ], [ 17.659970198000053, 53.586191364000058 ], [ 17.666088737000052, 53.584852297000054 ], [ 17.672300416000041, 53.58349284500008 ], [ 17.673628387000065, 53.573108508000075 ], [ 17.669661014000042, 53.570671873000038 ], [ 17.656698118000065, 53.571151952000037 ], [ 17.650300883000057, 53.580567624000082 ], [ 17.649520067000026, 53.581716855000082 ], [ 17.604886687000032, 53.59626862500005 ], [ 17.593287894000071, 53.588639467000064 ], [ 17.578046405000066, 53.578614310000034 ], [ 17.54483807500003, 53.580461549000063 ], [ 17.529897890000029, 53.592891791000056 ], [ 17.52755447800007, 53.597592783000039 ], [ 17.523646357000075, 53.605432652000047 ], [ 17.511593359000074, 53.613014063000037 ], [ 17.512981706000062, 53.617395080000051 ], [ 17.507588149000071, 53.616102413000078 ], [ 17.499628586000028, 53.609056484000064 ], [ 17.498044695000033, 53.607654399000069 ], [ 17.46640588300005, 53.601538959000038 ], [ 17.46288269300004, 53.601447844000063 ], [ 17.446344922000037, 53.601020154000082 ], [ 17.429051791000063, 53.589345871000035 ], [ 17.42272435700005, 53.583568738000054 ], [ 17.423781090000034, 53.578624261000073 ], [ 17.418006165000065, 53.568681366000078 ], [ 17.418480095000064, 53.564618094000082 ], [ 17.414906529000064, 53.560201373000041 ], [ 17.420606531000033, 53.551484815000038 ], [ 17.421330214000022, 53.550378145000082 ], [ 17.421855933000074, 53.53710028900008 ], [ 17.415790704000074, 53.534145832000036 ], [ 17.409698607000053, 53.531178288000035 ], [ 17.402839874000051, 53.520755045000044 ], [ 17.402033527000071, 53.512120511000035 ], [ 17.39467208700006, 53.507610122000074 ], [ 17.394884552000065, 53.498233278000043 ], [ 17.394927797000037, 53.496324728000047 ], [ 17.390652781000028, 53.490963948000058 ], [ 17.384143344000051, 53.496527485000058 ], [ 17.363424489000067, 53.496963944000072 ], [ 17.357039074000056, 53.495369534000076 ], [ 17.352043540000068, 53.494122171000072 ], [ 17.340129748000038, 53.496043198000052 ], [ 17.337729238000065, 53.497677234000037 ], [ 17.338084, 53.499799106000069 ], [ 17.338479860000064, 53.502166794000061 ], [ 17.332075662000022, 53.503004046000058 ], [ 17.327080194000075, 53.503657128000043 ], [ 17.32604673000003, 53.506219972000054 ], [ 17.323506212000041, 53.51252009500007 ], [ 17.313394496000058, 53.512968870000066 ], [ 17.305950836000022, 53.513299233000055 ], [ 17.306850077000036, 53.516459766000082 ], [ 17.308960477000028, 53.523877123000034 ], [ 17.305850252000027, 53.527174695000042 ], [ 17.29534228700004, 53.525530667000055 ], [ 17.281211778000056, 53.533994025000027 ], [ 17.267854064000062, 53.536762593000049 ], [ 17.260140037000042, 53.535119879000035 ], [ 17.243506903000025, 53.531577826000046 ], [ 17.229384813000024, 53.533304074000057 ], [ 17.209088607000069, 53.535785030000056 ], [ 17.197288582000056, 53.532696350000037 ], [ 17.184411855000064, 53.534378964000041 ], [ 17.165935258000047, 53.52955797900006 ], [ 17.160130056000071, 53.528043263000029 ], [ 17.150353035000023, 53.530861102000074 ], [ 17.131150095000066, 53.536395590000041 ], [ 17.090604512000027, 53.542201601000045 ], [ 17.074295231000065, 53.531120199000043 ], [ 17.059345581000059, 53.520962603000044 ], [ 17.03313707600006, 53.516070510000077 ], [ 17.015387849000035, 53.519472542000074 ], [ 17.001040985000031, 53.518327575000058 ], [ 16.999498576000065, 53.524729120000075 ], [ 16.992773539000041, 53.52658768100008 ], [ 16.993734872000061, 53.530755415000044 ], [ 16.997049082000046, 53.532231013000057 ], [ 17.004860097000062, 53.535708741000064 ], [ 17.001358157000027, 53.54985331000006 ], [ 16.981267734000028, 53.556266300000061 ], [ 16.975993631000051, 53.552820429000064 ], [ 16.970133715000031, 53.548991813000043 ], [ 16.951190581000048, 53.544662062000043 ], [ 16.949771003000023, 53.55375207600008 ], [ 16.949144108000041, 53.557766285000071 ], [ 16.943150739000032, 53.566830467000045 ], [ 16.939219573000059, 53.572775837000052 ], [ 16.939289129000031, 53.574459111000067 ], [ 16.939664125000036, 53.583534074000056 ], [ 16.934386735000032, 53.585681341000054 ], [ 16.92303111800004, 53.599163350000026 ], [ 16.918851885000038, 53.600501654000027 ], [ 16.915847236000047, 53.601463824000064 ], [ 16.916644697000038, 53.602877496000076 ], [ 16.917839556000047, 53.604995642000063 ], [ 16.906152558000031, 53.614171353000074 ], [ 16.897474545000023, 53.620984645000078 ], [ 16.900388859000032, 53.625987360000067 ], [ 16.900526037000077, 53.626222840000082 ], [ 16.900298813000063, 53.626317873000062 ], [ 16.89455369600006, 53.628720687000055 ], [ 16.898135285000023, 53.63316353700003 ], [ 16.898225996000065, 53.633926132000056 ], [ 16.899121490000027, 53.641454414000066 ], [ 16.892247855000051, 53.655868856000041 ], [ 16.880053634000035, 53.689617288000079 ], [ 16.87985784600005, 53.691271328000028 ], [ 16.876557151000043, 53.719155964000038 ], [ 16.873685658000056, 53.723537947000068 ], [ 16.868055967000032, 53.730667995000033 ], [ 16.865556269000024, 53.734142458000065 ], [ 16.863553911000054, 53.737857217000055 ], [ 16.862697473000026, 53.739446074000057 ], [ 16.857653625000069, 53.747095005000062 ], [ 16.892003354000053, 53.758462954000038 ], [ 16.899073628000053, 53.760802842000032 ], [ 16.90126484700005, 53.762252746000058 ], [ 16.917026930000077, 53.772682330000066 ], [ 16.921879267000065, 53.774477538000042 ], [ 16.930893646000072, 53.777812568000058 ], [ 16.946971315000042, 53.804680623000081 ], [ 16.940684437000073, 53.805783781000059 ], [ 16.936030490000064, 53.801768715000037 ], [ 16.93444478300006, 53.80149808300007 ], [ 16.922533257000055, 53.799465148000081 ], [ 16.913181028000054, 53.800569777000078 ], [ 16.910168790000057, 53.802495028000067 ], [ 16.907724345000076, 53.812271388000056 ], [ 16.908003786000052, 53.812811724000028 ], [ 16.910517632000051, 53.817672585000082 ], [ 16.90892393200005, 53.820441404000064 ], [ 16.901264843000035, 53.823191848000079 ], [ 16.881933127000025, 53.830134029000078 ], [ 16.878653338000049, 53.830489141000044 ], [ 16.871582698000054, 53.831254698000066 ], [ 16.871770320000053, 53.840855673000078 ], [ 16.871849632000021, 53.844914217000053 ], [ 16.869588022000073, 53.847752100000037 ], [ 16.865281529000072, 53.853155916000048 ], [ 16.868906682000045, 53.856414038000082 ], [ 16.870485503000054, 53.857833011000082 ], [ 16.870935648000057, 53.859755788000029 ], [ 16.872829245000048, 53.867844215000048 ], [ 16.886312980000071, 53.870785864000027 ], [ 16.894166552000058, 53.872499221000055 ], [ 16.894131026000025, 53.873071420000031 ], [ 16.893819987000029, 53.878081141000052 ], [ 16.899990243000047, 53.874947607000081 ], [ 16.901264845000071, 53.87515694700005 ], [ 16.91074046600005, 53.876713216000041 ], [ 16.916615519000061, 53.876416636000044 ], [ 16.949743007000052, 53.874744318000069 ], [ 16.952008871000032, 53.878924635000033 ], [ 16.969253771000069, 53.878367270000069 ], [ 16.975778653000077, 53.880374062000044 ], [ 16.977385439000045, 53.884189855000045 ], [ 16.982053708000024, 53.904909639000039 ], [ 16.965972933000046, 53.904868572000055 ], [ 16.95421999000007, 53.907590139000035 ], [ 16.948966828000039, 53.912054567000041 ], [ 16.936861978000024, 53.913611247000063 ], [ 16.925385810000023, 53.919813545000068 ], [ 16.922042366000028, 53.924645174000034 ], [ 16.908242495000025, 53.925781942000071 ], [ 16.898040543000036, 53.930792052000072 ], [ 16.877091506000056, 53.941079984000055 ], [ 16.87398022900004, 53.944451316000027 ], [ 16.872982394000076, 53.945532555000057 ], [ 16.871782460000077, 53.945679858000062 ], [ 16.862920607000035, 53.946767734000048 ], [ 16.863792250000074, 53.950977299000044 ], [ 16.872323965000078, 53.951579442000082 ], [ 16.874072168000055, 53.951702825000041 ], [ 16.877527240000063, 53.955190749000053 ], [ 16.878892366000059, 53.963946355000076 ], [ 16.875504619000026, 53.97453250600006 ], [ 16.86587796200007, 53.977880508000055 ], [ 16.846638249000023, 53.984571782000046 ], [ 16.843337283000039, 53.992843008000079 ], [ 16.841697771000042, 53.996951129000081 ], [ 16.83471355000006, 53.996362116000057 ], [ 16.829187245000071, 53.995896056000049 ], [ 16.827912536000042, 53.998250496000082 ], [ 16.825286250000033, 54.003101358000038 ], [ 16.820569055000021, 54.003750684000067 ], [ 16.815747766000072, 53.999157146000073 ], [ 16.812051262000068, 53.995635260000029 ], [ 16.809527830000036, 53.994793725000079 ], [ 16.805131543000073, 53.993327614000066 ], [ 16.802446554000028, 53.986174710000057 ], [ 16.805855980000047, 53.985755548000043 ], [ 16.810733314000061, 53.985155919000078 ], [ 16.812980516000039, 53.980487589000063 ], [ 16.806547402000035, 53.978475212000035 ], [ 16.792231040000047, 53.98060644800006 ], [ 16.792764348000048, 53.985550601000057 ], [ 16.796183965000068, 53.987431137000044 ], [ 16.799383947000024, 54.00357381300006 ], [ 16.79475638200006, 54.007188996000082 ], [ 16.790676655000027, 54.010376192000081 ], [ 16.789219523000042, 54.013447195000026 ], [ 16.784480041000052, 54.023435970000037 ], [ 16.789785573000074, 54.028770824000048 ], [ 16.796192690000055, 54.035213350000049 ], [ 16.796104049000064, 54.040809444000047 ], [ 16.795939072000067, 54.051224872000034 ], [ 16.804788569000038, 54.057356097000081 ], [ 16.809475982000038, 54.060603693000076 ], [ 16.810532952000074, 54.072250084000075 ], [ 16.803628827000068, 54.077216170000042 ], [ 16.799774190000051, 54.077035305000038 ], [ 16.794511922000027, 54.076788391000036 ], [ 16.793288761000042, 54.084545416000026 ], [ 16.793976237000038, 54.099547207000057 ], [ 16.798093705000042, 54.101891442000067 ], [ 16.798607750000031, 54.102184108000074 ], [ 16.803370562000055, 54.116269321000061 ], [ 16.794499332000044, 54.120922201000042 ], [ 16.787188050000054, 54.120463001000076 ], [ 16.779870651000067, 54.120003417000078 ], [ 16.778041486000063, 54.12629028300006 ], [ 16.780556617000059, 54.128554600000029 ], [ 16.782993771000065, 54.130748715000038 ], [ 16.778622942000027, 54.134859838000068 ], [ 16.776800678000029, 54.136573827000063 ], [ 16.776036916000066, 54.143292233000068 ], [ 16.774953571000026, 54.152821835000054 ], [ 16.767579899000054, 54.154886649000048 ], [ 16.758629533000033, 54.15739297600004 ], [ 16.754682457000058, 54.164448082000035 ], [ 16.754001672000072, 54.165664935000052 ], [ 16.747958994000044, 54.172907774000066 ], [ 16.738085240000032, 54.176752319000059 ], [ 16.730592742000056, 54.179669674000081 ], [ 16.729534731000058, 54.183376249000048 ], [ 16.73356349900007, 54.186692978000053 ], [ 16.735301906000075, 54.188124142000049 ], [ 16.732731901000022, 54.202066792000039 ], [ 16.72808301300006, 54.202416636000066 ], [ 16.720780021000053, 54.202966210000056 ], [ 16.719065881000063, 54.208502570000064 ], [ 16.712725586000033, 54.214020495000057 ], [ 16.727103007000039, 54.224305823000066 ], [ 16.731715267000027, 54.231928364000055 ], [ 16.738792025000066, 54.231398995000063 ], [ 16.744822370000065, 54.230947901000036 ], [ 16.753474322000045, 54.233849669000051 ], [ 16.772046432000025, 54.240078548000042 ], [ 16.809187928000028, 54.243376939000029 ], [ 16.820569055000021, 54.246876198000052 ], [ 16.83043318700004, 54.246695149000061 ], [ 16.83338761300007, 54.24664092200004 ], [ 16.863929766000069, 54.261095463000061 ], [ 16.865115887000059, 54.276999487000069 ], [ 16.862838354000075, 54.288634169000034 ], [ 16.853118692000066, 54.307856199000071 ], [ 16.839570392000041, 54.314759581000033 ], [ 16.82627463700004, 54.316924829000072 ], [ 16.815126961000033, 54.318740257000059 ], [ 16.820370443000058, 54.326417377000041 ], [ 16.822851067000045, 54.330049323000082 ], [ 16.826351319000025, 54.343637987000079 ], [ 16.826877581000076, 54.34568104300007 ], [ 16.817349897000042, 54.358013530000051 ], [ 16.81731811800006, 54.358054664000065 ], [ 16.810362053000063, 54.361411990000079 ], [ 16.808910058000038, 54.367062455000053 ], [ 16.81843268700004, 54.368310461000078 ], [ 16.834117701000025, 54.370366091000051 ], [ 16.840839186000039, 54.37499534300008 ], [ 16.849353189000055, 54.374456642000041 ], [ 16.856947122000065, 54.381409305000034 ], [ 16.84214273200007, 54.397788591000051 ], [ 16.837440159000039, 54.407155086000046 ], [ 16.830501373000061, 54.411707253000031 ], [ 16.82439090400004, 54.415716006000082 ], [ 16.833091769000077, 54.425023760000045 ], [ 16.839616340000077, 54.432003422000037 ], [ 16.83988880000004, 54.439033927000082 ], [ 16.834669098000063, 54.443486742000061 ], [ 16.82293339000006, 54.453498223000054 ], [ 16.826820786000042, 54.458568189000061 ], [ 16.826927820000037, 54.458707783000079 ], [ 16.824707098000033, 54.462877782000078 ], [ 16.826299383000048, 54.465535924000051 ], [ 16.820569055000021, 54.472170119000054 ], [ 16.817002090000074, 54.47030099400007 ], [ 16.816347841000038, 54.469958161000079 ], [ 16.815020798000035, 54.472006899000064 ], [ 16.809490663000076, 54.480544530000032 ], [ 16.804638989000068, 54.480945703000032 ], [ 16.801488999000071, 54.481206168000028 ], [ 16.796857379000073, 54.484738028000038 ], [ 16.793315231000065, 54.487439107000057 ], [ 16.787587127000052, 54.486403754000037 ], [ 16.779042521000065, 54.484859319000066 ], [ 16.763055574000077, 54.487255965000031 ], [ 16.751879871000028, 54.498397502000046 ], [ 16.740119919000051, 54.516254346000039 ], [ 16.741172534000043, 54.52280808200004 ], [ 16.74309577300005, 54.524466105000045 ], [ 16.747220706000064, 54.52802220600006 ], [ 16.74515533400006, 54.532957542000077 ], [ 16.735915621000061, 54.539077985000063 ], [ 16.712378714000067, 54.554668979000041 ], [ 16.699084837000044, 54.569246892000081 ], [ 16.762690399000064, 54.569576733000076 ], [ 16.779133434000073, 54.573064771000077 ], [ 16.820569055000021, 54.581854451000027 ], [ 16.823117861000071, 54.582435345000079 ], [ 16.852537086000041, 54.588633119000065 ], [ 16.865345284000057, 54.589548742000034 ], [ 16.88415545600003, 54.590893429000062 ], [ 16.953092255000058, 54.613147567000055 ], [ 17.000406431000044, 54.637635638000063 ], [ 17.022134051000023, 54.651667013000065 ], [ 17.03353710600004, 54.659030936000079 ], [ 17.047031032000064, 54.66774511400007 ], [ 17.053606115000036, 54.669806607000055 ], [ 17.085189006000064, 54.67970882700007 ], [ 17.102871346000029, 54.685009237000031 ], [ 17.180145316000051, 54.708172671000057 ], [ 17.193433604000063, 54.71215593200003 ], [ 17.200545249000072, 54.714661321000051 ], [ 17.232916157000034, 54.726065396000081 ], [ 17.244399562000069, 54.73011093000008 ], [ 17.262215644000037, 54.732921058000045 ], [ 17.328906096000026, 54.743440133000036 ], [ 17.341018481000049, 54.747038389000068 ], [ 17.346060928000043, 54.748536361000049 ], [ 17.35457815500007, 54.74918996100007 ], [ 17.491283696000039, 54.759680547000073 ], [ 17.494556703000057, 54.760120207000057 ], [ 17.666607013000032, 54.783231552000075 ], [ 17.748075759000074, 54.800146948000076 ], [ 17.802407038000069, 54.806935587000055 ], [ 17.811051707000047, 54.808015730000079 ], [ 17.915472609000062, 54.825950359000046 ], [ 17.942728468000041, 54.828491765000081 ], [ 17.967701525000052, 54.830820317000075 ], [ 18.022870111000032, 54.83250296600005 ], [ 18.068855241000051, 54.833905518000051 ], [ 18.118670774000066, 54.833612645000073 ], [ 18.195148416000052, 54.833163022000065 ], [ 18.256890870000063, 54.834586068000078 ], [ 18.291254919000039, 54.835378094000077 ], [ 18.294864992000043, 54.83510734400005 ] ] ] } },
{ "type": "Feature", "properties": { "voivodeship": "warmińsko-mazurskie" }, "geometry": { "type": "Polygon", "coordinates": [ [ [ 20.620663836000062, 54.371273236000036 ], [ 20.631476536000037, 54.366805679000038 ], [ 20.650011945000074, 54.37127438300007 ], [ 20.692595402000052, 54.371997418000035 ], [ 20.810629479000056, 54.361143027000082 ], [ 20.886635887000068, 54.358414204000042 ], [ 20.938292549000039, 54.357261505000054 ], [ 20.950131856000041, 54.356997315000058 ], [ 21.077398795000022, 54.346775439000055 ], [ 21.141181066000058, 54.342689403000065 ], [ 21.163882265000041, 54.337488115000042 ], [ 21.22054653400005, 54.334816037000053 ], [ 21.272412875000043, 54.328546061000054 ], [ 21.301828929000067, 54.333357963000026 ], [ 21.324170016000039, 54.329559593000056 ], [ 21.378431301000035, 54.330990072000077 ], [ 21.410973948000048, 54.326491690000069 ], [ 21.434268063000047, 54.326630207000051 ], [ 21.446112737000078, 54.318215596000073 ], [ 21.528344851000043, 54.325311759000044 ], [ 21.559321861000058, 54.322504112000047 ], [ 21.577697037000064, 54.325474994000047 ], [ 21.739232232000063, 54.329702874000077 ], [ 21.938004963000026, 54.333323040000039 ], [ 22.138872346000028, 54.336465928000052 ], [ 22.222787762000053, 54.343349361000037 ], [ 22.233246845000053, 54.340936429000067 ], [ 22.314089600000045, 54.340837019000048 ], [ 22.330366208000044, 54.344213380000042 ], [ 22.490775960000065, 54.34949239000008 ], [ 22.527299747000029, 54.349270413000056 ], [ 22.616632915000025, 54.35552258000007 ], [ 22.64589468500003, 54.353975567000077 ], [ 22.682942045000061, 54.360351665000053 ], [ 22.792011658000035, 54.363377300000082 ], [ 22.804862370000023, 54.34985006900007 ], [ 22.804999053000074, 54.346556426000063 ], [ 22.802085064000039, 54.341161018000037 ], [ 22.790546105000033, 54.335823219000076 ], [ 22.779357197000024, 54.33064734900006 ], [ 22.779984528000057, 54.328372380000076 ], [ 22.78668084800006, 54.32666047500004 ], [ 22.792676376000031, 54.325127726000062 ], [ 22.789142576000074, 54.312899343000026 ], [ 22.785351719000062, 54.308850605000032 ], [ 22.784566942000026, 54.308012443000052 ], [ 22.785194791000038, 54.306747837000046 ], [ 22.788721304000035, 54.299644783000076 ], [ 22.768003764000071, 54.289443427000037 ], [ 22.76135105700007, 54.292873586000042 ], [ 22.752098235000062, 54.297644373000082 ], [ 22.744482190000042, 54.290905103000057 ], [ 22.730574471000068, 54.285461372000043 ], [ 22.718277140000055, 54.282266221000043 ], [ 22.693782190000036, 54.27590182800003 ], [ 22.675687227000026, 54.28006110900003 ], [ 22.644379250000043, 54.287257514000032 ], [ 22.631748008000045, 54.275627171000053 ], [ 22.624712438000074, 54.26914910000005 ], [ 22.611130488000072, 54.260712838000074 ], [ 22.593988427000056, 54.262863946000039 ], [ 22.57860000900007, 54.264794995000045 ], [ 22.57846064000006, 54.262587880000069 ], [ 22.578220516000044, 54.258785154000066 ], [ 22.571716749000075, 54.258033952000062 ], [ 22.568483361000062, 54.257660487000066 ], [ 22.563897517000044, 54.252800337000053 ], [ 22.563905349000038, 54.252759170000047 ], [ 22.564507867000032, 54.249591987000031 ], [ 22.55896653700006, 54.247406861000059 ], [ 22.554706089000035, 54.249246767000045 ], [ 22.550523899000041, 54.251052876000074 ], [ 22.531410420000043, 54.247577573000058 ], [ 22.529775363000056, 54.240836684000044 ], [ 22.527246220000052, 54.230409726000062 ], [ 22.520003060000079, 54.227004975000057 ], [ 22.517170250000049, 54.225673373000063 ], [ 22.517012428000044, 54.222772039000063 ], [ 22.516755581000041, 54.218050255000037 ], [ 22.513204102000032, 54.218728512000041 ], [ 22.509520187000078, 54.219432061000077 ], [ 22.494505356000047, 54.214848009000036 ], [ 22.49579753200004, 54.21007946800006 ], [ 22.484646477000069, 54.207159582000031 ], [ 22.481530322000026, 54.202439476000052 ], [ 22.479492681000067, 54.199551232000033 ], [ 22.486945999000056, 54.195339756000067 ], [ 22.499611404000063, 54.191959166000061 ], [ 22.506652050000071, 54.190079910000065 ], [ 22.504623611000056, 54.187077308000028 ], [ 22.502694734000045, 54.184222083000066 ], [ 22.506287904000033, 54.177980103000039 ], [ 22.513417316000073, 54.172265744000072 ], [ 22.516438008000023, 54.169844602000069 ], [ 22.518393306000064, 54.166015113000071 ], [ 22.520205391000047, 54.162466109000036 ], [ 22.523683132000031, 54.161703411000076 ], [ 22.534750695000071, 54.159276202000058 ], [ 22.537010375000023, 54.151999326000066 ], [ 22.544076745000041, 54.147369745000049 ], [ 22.545932264000044, 54.143568293000044 ], [ 22.548008656000036, 54.139314331000037 ], [ 22.559778127000072, 54.139569276000032 ], [ 22.577298762000055, 54.141594324000039 ], [ 22.579013831000054, 54.145274390000054 ], [ 22.579638897000052, 54.146615611000072 ], [ 22.589979319000065, 54.149943840000049 ], [ 22.593535274000033, 54.143325828000059 ], [ 22.595064581000031, 54.140479624000079 ], [ 22.620790847000023, 54.113490406000039 ], [ 22.629483728000025, 54.10997756200004 ], [ 22.63524140800007, 54.107650850000027 ], [ 22.636980395000023, 54.099406806000047 ], [ 22.634724121000033, 54.093404135000071 ], [ 22.625107476000039, 54.089714161000074 ], [ 22.604796669000052, 54.081920762000038 ], [ 22.604448336000075, 54.078070426000068 ], [ 22.604059823000057, 54.073775955000031 ], [ 22.602443386000061, 54.071689522000042 ], [ 22.597540004000052, 54.06536043300008 ], [ 22.599858209000047, 54.052791464000052 ], [ 22.618850699000063, 54.04901837400007 ], [ 22.630606649000072, 54.046682911000062 ], [ 22.670336722000059, 54.029306370000029 ], [ 22.671346405000065, 54.022710095000036 ], [ 22.671868238000059, 54.019300950000058 ], [ 22.675122353000063, 54.013447195000026 ], [ 22.677937453000027, 54.008383171000048 ], [ 22.679983674000027, 54.006976193000071 ], [ 22.690389563000053, 53.999821126000029 ], [ 22.69505130500005, 53.987373494000053 ], [ 22.695390520000046, 53.97891063600008 ], [ 22.695538403000057, 53.975221197000053 ], [ 22.702260544000069, 53.970964242000036 ], [ 22.707473545000028, 53.96766298600005 ], [ 22.711266976000047, 53.962197415000048 ], [ 22.714745466000068, 53.957185612000046 ], [ 22.723744367000052, 53.952568899000028 ], [ 22.748142044000076, 53.944547061000037 ], [ 22.761815238000054, 53.933940220000068 ], [ 22.766501445000074, 53.930792052000072 ], [ 22.778323699000055, 53.922849929000051 ], [ 22.782184260000065, 53.916164390000063 ], [ 22.776176406000047, 53.906573524000066 ], [ 22.779545237000036, 53.900508442000046 ], [ 22.776100918000054, 53.895586611000056 ], [ 22.784595403000026, 53.882579897000028 ], [ 22.779563117000066, 53.867585228000053 ], [ 22.746094818000074, 53.842271556000071 ], [ 22.726835420000043, 53.832465016000072 ], [ 22.72583114400004, 53.803129043000069 ], [ 22.718277124000053, 53.792319469000063 ], [ 22.696801562000076, 53.761588592000066 ], [ 22.682002526000076, 53.756891385000074 ], [ 22.66550498600003, 53.756025075000082 ], [ 22.642094465000071, 53.748328980000053 ], [ 22.63865663200005, 53.753875127000072 ], [ 22.637388367000028, 53.755921177000062 ], [ 22.629786946000024, 53.756280422000032 ], [ 22.624609969000062, 53.753037502000041 ], [ 22.623075196000059, 53.744810933000053 ], [ 22.623025794000057, 53.744546133000028 ], [ 22.625051736000046, 53.741010846000052 ], [ 22.607895258000042, 53.717783872000041 ], [ 22.595384319000061, 53.719486904000064 ], [ 22.585865439000031, 53.726502198000048 ], [ 22.58512031500004, 53.728560099000049 ], [ 22.583411667000064, 53.733279082000081 ], [ 22.574125706000075, 53.727367051000044 ], [ 22.561949444000049, 53.719614872000079 ], [ 22.509866027000044, 53.696999 ], [ 22.494980058000067, 53.698208527000077 ], [ 22.477007685000046, 53.699668832000043 ], [ 22.472509931000047, 53.69896740400003 ], [ 22.470570979000058, 53.697875041000032 ], [ 22.473675646000061, 53.694382503000043 ], [ 22.466267196000047, 53.689351158000079 ], [ 22.469756414000074, 53.680954437000082 ], [ 22.470661673000052, 53.678775951000034 ], [ 22.46791034000006, 53.674198073000071 ], [ 22.469686836000051, 53.667670564000048 ], [ 22.475605462000033, 53.663214568000058 ], [ 22.449095172000057, 53.663620587000082 ], [ 22.439271151000071, 53.666229755000074 ], [ 22.442847070000028, 53.670623118000037 ], [ 22.443795381000029, 53.671788210000045 ], [ 22.43689807800007, 53.676557713000079 ], [ 22.42171127000006, 53.680767138000078 ], [ 22.413579889000061, 53.675551870000049 ], [ 22.401753152000026, 53.667966492000062 ], [ 22.392639738000071, 53.665179513000055 ], [ 22.357729425000059, 53.654503567000063 ], [ 22.351634679000028, 53.650046691000057 ], [ 22.350696842000048, 53.645981042000074 ], [ 22.33378516700003, 53.636026875000027 ], [ 22.329422292000061, 53.633458898000072 ], [ 22.326586970000051, 53.631793359000028 ], [ 22.326107316000048, 53.632422415000065 ], [ 22.324846421000075, 53.634076054000047 ], [ 22.308839313000078, 53.627978535000068 ], [ 22.307226350000064, 53.627364116000081 ], [ 22.305639446000043, 53.626759623000055 ], [ 22.30108099000006, 53.625717745000031 ], [ 22.281402748000062, 53.621220097000048 ], [ 22.277774451000028, 53.617430324000054 ], [ 22.270963852000023, 53.610316622000028 ], [ 22.248649966000073, 53.599873770000045 ], [ 22.235291367000059, 53.59362197400003 ], [ 22.231109840000045, 53.58930039300003 ], [ 22.228346103000035, 53.586444089000054 ], [ 22.222787762000053, 53.583913282000026 ], [ 22.220275978000075, 53.582769624000036 ], [ 22.211544496000045, 53.578794032000076 ], [ 22.20061705300003, 53.570919013000037 ], [ 22.194130464000068, 53.566244358000063 ], [ 22.135727870000039, 53.544540091000044 ], [ 22.127900143000033, 53.541470527000058 ], [ 22.121349984000062, 53.539677 ], [ 22.118791851000026, 53.538721589000033 ], [ 22.112936912000066, 53.536856412000077 ], [ 22.110207971000023, 53.535733527000048 ], [ 22.105508737000036, 53.534710645000075 ], [ 22.101003786000035, 53.533303623000052 ], [ 22.098490603000073, 53.532974421000063 ], [ 22.095847065000044, 53.532283948000043 ], [ 22.084459909000032, 53.534282999000027 ], [ 22.076829610000061, 53.53562252200004 ], [ 22.056328488000077, 53.52825553100007 ], [ 22.051587657000027, 53.525166360000071 ], [ 22.04473107900003, 53.514311680000048 ], [ 22.039391011000077, 53.505857793000075 ], [ 22.025742948000072, 53.496282516000065 ], [ 22.017479800000046, 53.499715266000067 ], [ 22.013888224000027, 53.505773236000039 ], [ 22.009531103000029, 53.513122464000048 ], [ 21.990609093000046, 53.521389037000063 ], [ 21.977924767000047, 53.517497718000072 ], [ 21.952799927000058, 53.50978987700006 ], [ 21.93721815300006, 53.510190578000049 ], [ 21.930957361000026, 53.510351581000066 ], [ 21.923058463000075, 53.507907894000027 ], [ 21.917769620000058, 53.501611543000081 ], [ 21.917675618000033, 53.501499634000027 ], [ 21.916875184000048, 53.501090823000027 ], [ 21.903528709000057, 53.494274287000053 ], [ 21.903116054000066, 53.489913259000048 ], [ 21.902536420000047, 53.483787563000078 ], [ 21.896665089000066, 53.472984815000075 ], [ 21.881073881000077, 53.461813303000042 ], [ 21.858764400000041, 53.459085598000058 ], [ 21.840974411000047, 53.461393834000035 ], [ 21.816988211000023, 53.469881026000053 ], [ 21.791475947000038, 53.478908196000077 ], [ 21.769038827000031, 53.48179256800006 ], [ 21.765208366000024, 53.482100453000044 ], [ 21.730690856000024, 53.48865 ], [ 21.687866963000033, 53.492585796000071 ], [ 21.673972333000052, 53.488691353000036 ], [ 21.64765376400004, 53.481314677000057 ], [ 21.612952756000027, 53.480833473000075 ], [ 21.610769203000075, 53.480955627000071 ], [ 21.604112663000024, 53.481771466000055 ], [ 21.598072432000038, 53.481805645000065 ], [ 21.593230359000074, 53.480880136000053 ], [ 21.587286520000077, 53.480318995000061 ], [ 21.574319553000066, 53.479987895000079 ], [ 21.571536172000037, 53.48006487400005 ], [ 21.565890499000034, 53.480947900000047 ], [ 21.551689914000065, 53.47812785900004 ], [ 21.516387769000062, 53.476695088000042 ], [ 21.434664311000063, 53.462808533000043 ], [ 21.439413706000039, 53.456653096000082 ], [ 21.44645685100005, 53.447524853000061 ], [ 21.437933916000077, 53.447229638000067 ], [ 21.435112378000042, 53.447131906000038 ], [ 21.437313035000045, 53.443275797000069 ], [ 21.439924929000028, 53.438699095000061 ], [ 21.420216875000051, 53.429548917000034 ], [ 21.412763321000057, 53.428673967000066 ], [ 21.400034783000024, 53.427179802000069 ], [ 21.387258837000047, 53.429109277000066 ], [ 21.374049647000049, 53.422430762000033 ], [ 21.358750597000039, 53.420198221000078 ], [ 21.352932744000043, 53.417402342000059 ], [ 21.349908245000051, 53.415948861000061 ], [ 21.327734795000026, 53.419419960000027 ], [ 21.306381290000047, 53.422762703000046 ], [ 21.298946448000038, 53.417451486000061 ], [ 21.290640421000035, 53.41151792200003 ], [ 21.286609877000046, 53.41545437700006 ], [ 21.286628809000035, 53.417940258000044 ], [ 21.286665285000026, 53.422729854000067 ], [ 21.275705051000045, 53.425344407000068 ], [ 21.244935716000043, 53.417685179000046 ], [ 21.200107940000066, 53.399162369000067 ], [ 21.181223105000072, 53.394819555000026 ], [ 21.143488601000058, 53.378369059000079 ], [ 21.139127808000069, 53.370804892000081 ], [ 21.136614791000056, 53.366445850000048 ], [ 21.115139500000055, 53.355024470000046 ], [ 21.088511440000048, 53.34858378000007 ], [ 21.077398795000022, 53.342207125000073 ], [ 21.072750173000031, 53.34012587400008 ], [ 21.06747658300003, 53.33862651000004 ], [ 21.055847366000023, 53.334676264000052 ], [ 21.053887812000028, 53.33432285300006 ], [ 21.039026511000031, 53.344565418000059 ], [ 21.030258740000022, 53.350608258000079 ], [ 20.996674696000071, 53.360114930000066 ], [ 20.989799400000038, 53.358365798000079 ], [ 20.963951214000076, 53.351789804000077 ], [ 20.943817248000073, 53.357314237000082 ], [ 20.938292549000039, 53.358830125000054 ], [ 20.911912504000043, 53.343661785000052 ], [ 20.912599322000062, 53.338782912000056 ], [ 20.917710040000031, 53.335280110000042 ], [ 20.918878139000071, 53.334479515000055 ], [ 20.918671566000057, 53.331630535000045 ], [ 20.918283756000051, 53.326282015000061 ], [ 20.920356481000056, 53.325235253000073 ], [ 20.92615792600003, 53.322305423000046 ], [ 20.919392868000045, 53.31743115300003 ], [ 20.917326141000046, 53.319000260000053 ], [ 20.914749656000026, 53.320956387000081 ], [ 20.908671016000028, 53.320214394000061 ], [ 20.906048608000049, 53.315246211000044 ], [ 20.904034224000043, 53.311429935000035 ], [ 20.892652394000038, 53.314715740000054 ], [ 20.874307557000066, 53.320011687000033 ], [ 20.871412792000058, 53.314308599000071 ], [ 20.867859656000064, 53.307308427000066 ], [ 20.855988697000043, 53.302636258000064 ], [ 20.853797190000023, 53.301773725000032 ], [ 20.852632474000075, 53.300096402000065 ], [ 20.848191903000043, 53.293701476000081 ], [ 20.837799120000057, 53.29831702000007 ], [ 20.825573786000064, 53.303746419000049 ], [ 20.791549820000057, 53.309475366000072 ], [ 20.744434942000055, 53.316586458000074 ], [ 20.741641041000037, 53.314190841000027 ], [ 20.742278841000029, 53.313031914000078 ], [ 20.744911443000035, 53.308248296000045 ], [ 20.740296245000025, 53.30563610300004 ], [ 20.722621913000069, 53.309121321000077 ], [ 20.71680329700007, 53.310268699000062 ], [ 20.714813454000023, 53.306481036000037 ], [ 20.711885187000064, 53.300907085000063 ], [ 20.701270326000042, 53.300947200000053 ], [ 20.693776679000052, 53.300975519000076 ], [ 20.692550379000068, 53.294730150000078 ], [ 20.691759070000046, 53.290700131000051 ], [ 20.675953871000047, 53.269529487000057 ], [ 20.666863095000053, 53.26523237400005 ], [ 20.661762495000062, 53.258729029000051 ], [ 20.656347617000051, 53.251824974000044 ], [ 20.651746718000027, 53.251877420000028 ], [ 20.631509024000025, 53.252108111000041 ], [ 20.611720859000059, 53.252333677000081 ], [ 20.610483299000066, 53.245712710000078 ], [ 20.609242137000024, 53.239072477000036 ], [ 20.586074539000037, 53.232886071000053 ], [ 20.579531727000074, 53.237228088000052 ], [ 20.575407612000049, 53.23996498200006 ], [ 20.568499511000027, 53.233876781000049 ], [ 20.559373303000029, 53.225833733000059 ], [ 20.551875322000058, 53.225304766000079 ], [ 20.549341210000023, 53.226172869000038 ], [ 20.532759887000054, 53.231853082000043 ], [ 20.531117548000054, 53.225748175000035 ], [ 20.531071869000073, 53.225578377000033 ], [ 20.525088565000033, 53.223280871000043 ], [ 20.509263156000031, 53.228266560000066 ], [ 20.508786450000059, 53.228416743000082 ], [ 20.505609819000028, 53.23432992000005 ], [ 20.486112200000036, 53.234686353000029 ], [ 20.472436779000077, 53.234936352000034 ], [ 20.465246114000024, 53.24047254900006 ], [ 20.45820948000005, 53.245890155000041 ], [ 20.411137157000041, 53.214165059000038 ], [ 20.412501691000045, 53.210449316000052 ], [ 20.39890880400003, 53.196536586000036 ], [ 20.386281216000043, 53.190174653000042 ], [ 20.383737459000031, 53.188893077000046 ], [ 20.381731475000038, 53.185783343000082 ], [ 20.378535341000031, 53.180828605000045 ], [ 20.376331665000066, 53.177412405000041 ], [ 20.356645065000066, 53.171139188000041 ], [ 20.331757359000051, 53.163208616000077 ], [ 20.329614442000036, 53.162525767000034 ], [ 20.331181183000069, 53.159382727000036 ], [ 20.345848239000077, 53.157035888000053 ], [ 20.357656456000029, 53.155146484000056 ], [ 20.352414405000047, 53.147335947000045 ], [ 20.334442011000078, 53.145241446000057 ], [ 20.30780070000003, 53.140552222000053 ], [ 20.265765280000039, 53.140522229000055 ], [ 20.233962190000057, 53.148368160000075 ], [ 20.229465645000062, 53.14883128200006 ], [ 20.195447885000078, 53.152334946000053 ], [ 20.16670274300003, 53.155233421000048 ], [ 20.164602355000056, 53.151687767000055 ], [ 20.162896809000074, 53.148808644000042 ], [ 20.154995646000032, 53.143613457000072 ], [ 20.135170339000069, 53.142382723000026 ], [ 20.127615210000044, 53.146932797000034 ], [ 20.12486087700006, 53.151129916000059 ], [ 20.117642626000077, 53.162129262000065 ], [ 20.114738512000031, 53.163208616000077 ], [ 20.102379546000066, 53.167801997000026 ], [ 20.077438141000073, 53.16536461000004 ], [ 20.076584083000057, 53.163208616000077 ], [ 20.075747706000072, 53.161097255000072 ], [ 20.074289417000045, 53.157415934000028 ], [ 20.056804873000033, 53.156036782000058 ], [ 20.05311286500006, 53.15574556200005 ], [ 20.039142634000029, 53.158349685000076 ], [ 20.03515662500007, 53.150253571000064 ], [ 20.034164704000034, 53.148238847000073 ], [ 20.028555319000077, 53.145560125000031 ], [ 20.024501402000055, 53.148296025000036 ], [ 20.018245703000048, 53.152517861000035 ], [ 19.991078189000064, 53.146594260000029 ], [ 19.980975950000072, 53.144391569000049 ], [ 19.968974699000057, 53.147484122000037 ], [ 19.962994868000067, 53.15251474400003 ], [ 19.953850093000028, 53.16020792300003 ], [ 19.943285389000039, 53.163208616000077 ], [ 19.937732004000054, 53.164785944000073 ], [ 19.928363261000072, 53.167446948000077 ], [ 19.927051353000024, 53.169973970000058 ], [ 19.925947208000025, 53.172100795000063 ], [ 19.917526102000068, 53.174600772000076 ], [ 19.908712874000059, 53.177217158000076 ], [ 19.909550141000068, 53.180828605000045 ], [ 19.911077870000042, 53.187418277000063 ], [ 19.914430928000058, 53.189906737000058 ], [ 19.916305137000052, 53.191297674000054 ], [ 19.917334994000043, 53.205449718000068 ], [ 19.912240895000025, 53.210961948000033 ], [ 19.902937136000048, 53.210365601000035 ], [ 19.897765795000055, 53.210034132000033 ], [ 19.897075879000056, 53.210344440000028 ], [ 19.892559093000045, 53.21237598600004 ], [ 19.884741426000062, 53.208999796000057 ], [ 19.880914853000036, 53.202891830000056 ], [ 19.847035208000023, 53.191873908000048 ], [ 19.834356994000075, 53.180828605000045 ], [ 19.826919436000026, 53.174348980000048 ], [ 19.833792610000046, 53.167373179000037 ], [ 19.83789590400005, 53.163208616000077 ], [ 19.838480261000029, 53.142274292000081 ], [ 19.820160161000047, 53.146050743000046 ], [ 19.780689782000024, 53.154187049000029 ], [ 19.761595613000054, 53.151796426000033 ], [ 19.748232561000066, 53.180828605000045 ], [ 19.748859485000025, 53.18220552400004 ], [ 19.749862363000034, 53.18440815200006 ], [ 19.747302894000029, 53.185922080000068 ], [ 19.743000582000036, 53.188466901000027 ], [ 19.744434080000076, 53.19277173100005 ], [ 19.745083607000026, 53.19472227600005 ], [ 19.742316130000063, 53.197828601000026 ], [ 19.737826307000034, 53.202868156000079 ], [ 19.746008193000023, 53.208742778000044 ], [ 19.75163141400003, 53.212780270000053 ], [ 19.747109232000071, 53.217462628000078 ], [ 19.743426017000047, 53.221276304000071 ], [ 19.743109811000068, 53.223699570000065 ], [ 19.742610497000044, 53.227526104000049 ], [ 19.713947279000024, 53.233229725000058 ], [ 19.700836797000022, 53.235838546000082 ], [ 19.692192395000063, 53.233090398000058 ], [ 19.689481445000069, 53.237423701000068 ], [ 19.690407748000041, 53.24619298500005 ], [ 19.691006032000075, 53.251856926000073 ], [ 19.689692105000063, 53.252944510000077 ], [ 19.684843519000026, 53.256957858000078 ], [ 19.693176292000032, 53.263416937000045 ], [ 19.712502662000077, 53.272604128000069 ], [ 19.712713184000052, 53.272624802000053 ], [ 19.723518617000025, 53.273685946000057 ], [ 19.719607932000031, 53.285613992000037 ], [ 19.718359228000054, 53.286851626000043 ], [ 19.714716700000054, 53.290461862000029 ], [ 19.716209169000024, 53.295547529000032 ], [ 19.718122834000042, 53.302068440000028 ], [ 19.704987771000049, 53.303740518000041 ], [ 19.687308793000057, 53.305991031000076 ], [ 19.68819680200005, 53.318016553000064 ], [ 19.689477734000036, 53.33536308500004 ], [ 19.672043476000056, 53.337484060000065 ], [ 19.64255858000007, 53.344164512000077 ], [ 19.63386975700007, 53.342517605000069 ], [ 19.618989831000022, 53.339697216000047 ], [ 19.61448555000004, 53.338843460000078 ], [ 19.611309953000045, 53.34014043600007 ], [ 19.608035009000048, 53.341477988000065 ], [ 19.603191605000063, 53.339284991000056 ], [ 19.593806038000025, 53.335035393000055 ], [ 19.586724884000034, 53.331829187000039 ], [ 19.519728679000025, 53.33045303800003 ], [ 19.521431140000061, 53.340575757000067 ], [ 19.522382174000029, 53.342206578000059 ], [ 19.527959343000077, 53.351770240000064 ], [ 19.518683039000052, 53.359797025000034 ], [ 19.51864991900004, 53.369935874000078 ], [ 19.509833480000054, 53.370685620000074 ], [ 19.504594280000049, 53.367736366000031 ], [ 19.496562517000029, 53.363215121000053 ], [ 19.487977044000047, 53.361234292000063 ], [ 19.483850740000037, 53.360282276000078 ], [ 19.479661142000054, 53.362134488000038 ], [ 19.480010918000062, 53.365341990000047 ], [ 19.480601336000063, 53.370756222000068 ], [ 19.471881521000057, 53.371045757000047 ], [ 19.46184605600007, 53.363572764000082 ], [ 19.457073453000078, 53.360018806000028 ], [ 19.430893009000044, 53.35883000900003 ], [ 19.428780661000076, 53.36049083000006 ], [ 19.436707094000042, 53.368917237000062 ], [ 19.442801700000075, 53.375396272000046 ], [ 19.434966235000047, 53.376526175000038 ], [ 19.419977383000059, 53.378687622000029 ], [ 19.412722097000028, 53.386037140000042 ], [ 19.407028684000068, 53.391804498000056 ], [ 19.396126271000071, 53.393580325000073 ], [ 19.395992622000051, 53.393190190000041 ], [ 19.394593042000054, 53.389104693000036 ], [ 19.392136547000064, 53.389253306000057 ], [ 19.38972397200007, 53.396888354000055 ], [ 19.38808285600004, 53.402081976000034 ], [ 19.380558375000078, 53.410886726000058 ], [ 19.368756695000059, 53.412443159000077 ], [ 19.360135961000026, 53.410880861000066 ], [ 19.329600646000074, 53.405347081000059 ], [ 19.320946358000072, 53.409379631000036 ], [ 19.319181980000053, 53.410201760000064 ], [ 19.308827539000049, 53.411082248000071 ], [ 19.301777486000049, 53.404236237000077 ], [ 19.30269516900006, 53.401363392000064 ], [ 19.303535670000031, 53.398732169000027 ], [ 19.292564766000055, 53.390811075000045 ], [ 19.290448682000033, 53.387290943000039 ], [ 19.261110731000031, 53.396648889000062 ], [ 19.246267744000022, 53.40936193400006 ], [ 19.23559227100003, 53.413808814000049 ], [ 19.234400017000041, 53.419628181000064 ], [ 19.241209050000066, 53.420433647000038 ], [ 19.246083512000041, 53.421010265000064 ], [ 19.252749509000068, 53.430389829000035 ], [ 19.248317764000035, 53.435148192000042 ], [ 19.24408941300004, 53.439688171000057 ], [ 19.243190758000026, 53.447018908000075 ], [ 19.242220402000044, 53.45493454700005 ], [ 19.236641309000049, 53.454155594000042 ], [ 19.230311193000034, 53.453271783000048 ], [ 19.224320749000071, 53.456634053000073 ], [ 19.230047700000057, 53.462857198000052 ], [ 19.235268718000043, 53.468530575000045 ], [ 19.229048352000063, 53.475385336000045 ], [ 19.223884433000023, 53.481075907000047 ], [ 19.22392181500004, 53.485152092000078 ], [ 19.22396294400005, 53.489636950000033 ], [ 19.214570103000028, 53.494264716000032 ], [ 19.201185677000069, 53.500859100000071 ], [ 19.190429065000046, 53.510904506000031 ], [ 19.191014750000022, 53.514657268000065 ], [ 19.205919376000054, 53.523194369000066 ], [ 19.210582898000041, 53.523578642000075 ], [ 19.218839392000064, 53.524258976000056 ], [ 19.207584481000026, 53.54634040500008 ], [ 19.202998428000058, 53.545649299000047 ], [ 19.195670892000066, 53.544545059000029 ], [ 19.190286510000078, 53.547755369000072 ], [ 19.193250055000078, 53.553479769000035 ], [ 19.197015332000035, 53.560752801000035 ], [ 19.198010595000028, 53.570749427000067 ], [ 19.175699147000046, 53.580630345000031 ], [ 19.162934975000042, 53.583606928000052 ], [ 19.155480913000076, 53.582097378000071 ], [ 19.129276267000023, 53.588260543000047 ], [ 19.128426626000078, 53.603205761000027 ], [ 19.131021646000022, 53.607954149000079 ], [ 19.142903624000041, 53.614071230000036 ], [ 19.153246052000043, 53.619395720000057 ], [ 19.161769455000069, 53.623783739000032 ], [ 19.178679681000062, 53.63936043700005 ], [ 19.184651346000066, 53.63785503500003 ], [ 19.19327686400004, 53.640693384000031 ], [ 19.196144513000036, 53.639728399000035 ], [ 19.201097775000051, 53.638061589000074 ], [ 19.205499140000029, 53.637446493000027 ], [ 19.214428579000071, 53.649346577000074 ], [ 19.214247198000066, 53.667812683000079 ], [ 19.214238143000046, 53.668734549000078 ], [ 19.214456233000078, 53.668712802000073 ], [ 19.222315496000078, 53.667929118000075 ], [ 19.217606298000078, 53.682277165000073 ], [ 19.214322519000063, 53.692282229000057 ], [ 19.226059431000067, 53.704576531000043 ], [ 19.236448640000049, 53.70766431900006 ], [ 19.263230115000056, 53.729127525000081 ], [ 19.272140766000064, 53.73155121800005 ], [ 19.277331269000058, 53.732963033000033 ], [ 19.293832384000041, 53.743911576000073 ], [ 19.302094344000068, 53.754152661000035 ], [ 19.300343835000035, 53.762182276000033 ], [ 19.302933972000062, 53.766816150000068 ], [ 19.302207654000028, 53.767537807000053 ], [ 19.299460258000067, 53.770267573000069 ], [ 19.301957651000066, 53.77715162800007 ], [ 19.300030549000041, 53.780689405000032 ], [ 19.30567916900003, 53.787840437000057 ], [ 19.311705565000068, 53.790262531000053 ], [ 19.314807122000047, 53.791509090000034 ], [ 19.312829491000059, 53.792951640000069 ], [ 19.309932417000027, 53.795064862000061 ], [ 19.310665493000045, 53.802770667000061 ], [ 19.322978181000053, 53.813944613000047 ], [ 19.372296696000035, 53.813786122000067 ], [ 19.453761070000041, 53.797301867000044 ], [ 19.455624912000076, 53.791710065000075 ], [ 19.457174608000059, 53.78706075000008 ], [ 19.480872226000031, 53.775106450000067 ], [ 19.481669856000053, 53.779881100000068 ], [ 19.474903635000032, 53.783486321000055 ], [ 19.474583965000022, 53.786527449000062 ], [ 19.487977044000047, 53.797416443000031 ], [ 19.499171876000048, 53.806518192000055 ], [ 19.491780197000026, 53.810924766000028 ], [ 19.487977044000047, 53.81319202800006 ], [ 19.48092000500003, 53.81739910500005 ], [ 19.487977044000047, 53.822913496000069 ], [ 19.490616952000039, 53.824976327000059 ], [ 19.514747434000071, 53.843831956000031 ], [ 19.514117921000036, 53.855095167000059 ], [ 19.514107747000025, 53.855277193000063 ], [ 19.514399805000039, 53.85544724500005 ], [ 19.52459136300007, 53.861381308000034 ], [ 19.530792245000043, 53.873428623000052 ], [ 19.537102494000067, 53.876019128000053 ], [ 19.53510908800007, 53.881198205000032 ], [ 19.553198464000047, 53.895289469000033 ], [ 19.55813074100007, 53.910067834000074 ], [ 19.560336169000038, 53.91667586300008 ], [ 19.558679918000053, 53.925129681000044 ], [ 19.571810052000046, 53.927153498000052 ], [ 19.581331799000054, 53.928621135000071 ], [ 19.581462508000072, 53.930792052000072 ], [ 19.581914589000064, 53.938300564000031 ], [ 19.576296461000027, 53.943319709000036 ], [ 19.575983133000022, 53.948310393000042 ], [ 19.568150809000031, 53.944919431000073 ], [ 19.565297353000062, 53.943684043000076 ], [ 19.559784950000051, 53.945724805000054 ], [ 19.554452196000057, 53.947699058000069 ], [ 19.544211692000033, 53.946085268000047 ], [ 19.535224926000069, 53.944669053000041 ], [ 19.524815345000036, 53.945012600000041 ], [ 19.489984838000055, 53.946162110000046 ], [ 19.487977044000047, 53.94524188400004 ], [ 19.483436641000026, 53.943160896000052 ], [ 19.459268049000059, 53.941984804000072 ], [ 19.454303929000048, 53.939705534000041 ], [ 19.448192170000027, 53.936899326000059 ], [ 19.438396283000031, 53.932401555000069 ], [ 19.432346485000039, 53.930792052000072 ], [ 19.417707241000073, 53.926897394000036 ], [ 19.400488813000038, 53.930216375000043 ], [ 19.398593830000038, 53.933251564000045 ], [ 19.398127185000078, 53.933998989000031 ], [ 19.391782402000047, 53.934437496000044 ], [ 19.376225125000076, 53.935512707000044 ], [ 19.370210816000053, 53.939678005000076 ], [ 19.371454072000063, 53.950072264000028 ], [ 19.367941486000063, 53.963703782000039 ], [ 19.37769882200007, 53.984126005000064 ], [ 19.383184616000051, 53.987577222000027 ], [ 19.391912425000044, 53.993068053000059 ], [ 19.397295947000032, 53.99904794400004 ], [ 19.379897413000037, 54.002117544000043 ], [ 19.358863460000066, 54.005828535000035 ], [ 19.343015079000054, 54.013447195000026 ], [ 19.331664403000048, 54.018903710000075 ], [ 19.317945545000043, 54.025498661000029 ], [ 19.297198469000023, 54.024182508000081 ], [ 19.293178629000067, 54.021924613000067 ], [ 19.280881179000062, 54.015017287000035 ], [ 19.273397055000032, 54.017854349000061 ], [ 19.268041250000067, 54.025117609000063 ], [ 19.260292701000026, 54.035515565000082 ], [ 19.272136277000072, 54.041614286000026 ], [ 19.272298145000036, 54.041616017000081 ], [ 19.282212368000046, 54.041722021000055 ], [ 19.274981679000064, 54.052203685000052 ], [ 19.265739150000059, 54.051761101000068 ], [ 19.265137405000075, 54.05173228600006 ], [ 19.221983098000067, 54.06939662700006 ], [ 19.226605824000046, 54.077239056000053 ], [ 19.243698851000033, 54.082605579000074 ], [ 19.254267882000022, 54.08592382900008 ], [ 19.23139397500006, 54.111940939000078 ], [ 19.21880544000004, 54.115179236000074 ], [ 19.217284634000066, 54.115570451000053 ], [ 19.217688682000073, 54.116121399000065 ], [ 19.238139991000025, 54.12739295700004 ], [ 19.256595578000031, 54.149815424000053 ], [ 19.256836029000056, 54.156024539000043 ], [ 19.250807228000042, 54.159960792000049 ], [ 19.247146163000025, 54.162351131000037 ], [ 19.248232478000034, 54.16728975400008 ], [ 19.26026224900005, 54.175802222000073 ], [ 19.284369792000064, 54.185770693000052 ], [ 19.292050053000025, 54.186963978000051 ], [ 19.318958254000052, 54.191144717000043 ], [ 19.32468321500005, 54.197582556000043 ], [ 19.326143961000071, 54.204449623000073 ], [ 19.324069766000036, 54.210372616000029 ], [ 19.315142919000039, 54.218715867000071 ], [ 19.315941718000033, 54.226247386000068 ], [ 19.304689742000051, 54.235461473000043 ], [ 19.29935557500005, 54.246373429000073 ], [ 19.287467889000027, 54.254758633000051 ], [ 19.267710542000032, 54.263227220000033 ], [ 19.258934457000066, 54.266988911000055 ], [ 19.256601571000033, 54.268163480000055 ], [ 19.253432623000037, 54.270276570000078 ], [ 19.256953177000071, 54.278460454000026 ], [ 19.259060495000028, 54.277244582000037 ], [ 19.263042852000069, 54.274946858000078 ], [ 19.268421828000044, 54.272166463000076 ], [ 19.270287984000049, 54.273295310000037 ], [ 19.275515770000027, 54.276457625000035 ], [ 19.277693433000024, 54.277774905000058 ], [ 19.290307819000077, 54.27661953300003 ], [ 19.348110358000042, 54.271325303000026 ], [ 19.37536048100003, 54.265684782000051 ], [ 19.379708117000064, 54.264784862000056 ], [ 19.381361124000023, 54.265037337000081 ], [ 19.382972985000038, 54.265283527000065 ], [ 19.388861553000027, 54.266182928000035 ], [ 19.387267139000073, 54.262001975000032 ], [ 19.382646310000041, 54.249885006000056 ], [ 19.382480562000069, 54.247264399000073 ], [ 19.382412111000065, 54.246973697000044 ], [ 19.382156434000024, 54.246656895000058 ], [ 19.381749873000047, 54.246439906000035 ], [ 19.381443513000022, 54.246434307000072 ], [ 19.381161672000076, 54.246529327000076 ], [ 19.380874434000077, 54.246769829000073 ], [ 19.36841565800006, 54.23299367900006 ], [ 19.365775717000076, 54.23007459400003 ], [ 19.364765252000041, 54.22894070600006 ], [ 19.362994076000064, 54.226882572000079 ], [ 19.363003226000046, 54.224700777000066 ], [ 19.361468544000047, 54.222875925000039 ], [ 19.36753415000004, 54.21985698900005 ], [ 19.376697892000038, 54.221039437000059 ], [ 19.382417406000059, 54.225670843000046 ], [ 19.385560526000063, 54.228216001000078 ], [ 19.392459815000052, 54.241955751000035 ], [ 19.39294645800004, 54.242924887000072 ], [ 19.396798098000033, 54.254199247000031 ], [ 19.399672769000063, 54.262613864000059 ], [ 19.405951066000057, 54.267553991000057 ], [ 19.410992485000065, 54.271520870000074 ], [ 19.439362765000055, 54.287541067000063 ], [ 19.445934668000064, 54.290015332000053 ], [ 19.446205332000034, 54.290117235000082 ], [ 19.454303929000048, 54.293166288000066 ], [ 19.457626411000035, 54.294417174000046 ], [ 19.479678230000047, 54.307962152000073 ], [ 19.487977044000047, 54.313059566000049 ], [ 19.491760033000048, 54.315383207000082 ], [ 19.493139255000074, 54.316230372000064 ], [ 19.501206102000026, 54.321185304000039 ], [ 19.51354976600004, 54.323221058000058 ], [ 19.531575547000045, 54.326193925000041 ], [ 19.546212285000024, 54.332782057000031 ], [ 19.552586334000068, 54.335651076000033 ], [ 19.568836735000048, 54.338738738000075 ], [ 19.569612604000042, 54.338886157000047 ], [ 19.575547856000071, 54.339035118000027 ], [ 19.593806038000025, 54.339493355000059 ], [ 19.598101899000028, 54.339601171000027 ], [ 19.618989831000022, 54.340125409000052 ], [ 19.624673565000023, 54.34026805700006 ], [ 19.64255858000007, 54.344021101000067 ], [ 19.657113674000072, 54.349898487000075 ], [ 19.664425815000072, 54.35285114900006 ], [ 19.675476794000076, 54.358347190000075 ], [ 19.681010941000068, 54.361099516000081 ], [ 19.68681020300005, 54.365713080000035 ], [ 19.690299761000063, 54.372246516000075 ], [ 19.691090559000031, 54.37372711200004 ], [ 19.692971825000029, 54.377249373000041 ], [ 19.704123111000058, 54.381218481000076 ], [ 19.709854889000042, 54.383258609000052 ], [ 19.712143436000076, 54.38781999400004 ], [ 19.712343437000072, 54.388218622000068 ], [ 19.716152602000022, 54.395810806000043 ], [ 19.721985581000069, 54.402835065000033 ], [ 19.72779606000006, 54.405564196000057 ], [ 19.728769880000073, 54.406021591000069 ], [ 19.744810546000053, 54.413555751000047 ], [ 19.746408904000077, 54.416962 ], [ 19.748049090000052, 54.420457388000045 ], [ 19.746864449000043, 54.422710389000031 ], [ 19.745823259000076, 54.424690569000063 ], [ 19.74448211400005, 54.427241215000038 ], [ 19.745817792000025, 54.42890568100006 ], [ 19.747465084000055, 54.430958467000039 ], [ 19.760638122000046, 54.432449711000061 ], [ 19.790803668000024, 54.435864580000043 ], [ 19.803880327000059, 54.442264119000072 ], [ 19.998002106000058, 54.42573279100003 ], [ 20.10988178100007, 54.418586983000068 ], [ 20.313968420000037, 54.402112166000052 ], [ 20.346025259000044, 54.398601545000076 ], [ 20.515388185000063, 54.380740055000047 ], [ 20.583549996000045, 54.377971673000047 ], [ 20.620663836000062, 54.371273236000036 ] ] ] } },
{ "type": "Feature", "properties": { "voivodeship": "wielkopolskie" }, "geometry": { "type": "MultiPolygon", "coordinates": [ [ [ [ 16.898225996000065, 53.633926132000056 ], [ 16.898135285000023, 53.63316353700003 ], [ 16.89455369600006, 53.628720687000055 ], [ 16.900298813000063, 53.626317873000062 ], [ 16.900526037000077, 53.626222840000082 ], [ 16.900388859000032, 53.625987360000067 ], [ 16.897474545000023, 53.620984645000078 ], [ 16.906152558000031, 53.614171353000074 ], [ 16.917839556000047, 53.604995642000063 ], [ 16.916644697000038, 53.602877496000076 ], [ 16.915847236000047, 53.601463824000064 ], [ 16.918851885000038, 53.600501654000027 ], [ 16.92303111800004, 53.599163350000026 ], [ 16.934386735000032, 53.585681341000054 ], [ 16.939664125000036, 53.583534074000056 ], [ 16.939289129000031, 53.574459111000067 ], [ 16.939219573000059, 53.572775837000052 ], [ 16.943150739000032, 53.566830467000045 ], [ 16.949144108000041, 53.557766285000071 ], [ 16.949771003000023, 53.55375207600008 ], [ 16.951190581000048, 53.544662062000043 ], [ 16.970133715000031, 53.548991813000043 ], [ 16.975993631000051, 53.552820429000064 ], [ 16.981267734000028, 53.556266300000061 ], [ 17.001358157000027, 53.54985331000006 ], [ 17.004860097000062, 53.535708741000064 ], [ 16.997049082000046, 53.532231013000057 ], [ 16.993734872000061, 53.530755415000044 ], [ 16.992773539000041, 53.52658768100008 ], [ 16.999498576000065, 53.524729120000075 ], [ 17.001040985000031, 53.518327575000058 ], [ 17.015387849000035, 53.519472542000074 ], [ 17.03313707600006, 53.516070510000077 ], [ 17.059345581000059, 53.520962603000044 ], [ 17.074295231000065, 53.531120199000043 ], [ 17.090604512000027, 53.542201601000045 ], [ 17.131150095000066, 53.536395590000041 ], [ 17.150353035000023, 53.530861102000074 ], [ 17.160130056000071, 53.528043263000029 ], [ 17.165935258000047, 53.52955797900006 ], [ 17.184411855000064, 53.534378964000041 ], [ 17.197288582000056, 53.532696350000037 ], [ 17.209088607000069, 53.535785030000056 ], [ 17.229384813000024, 53.533304074000057 ], [ 17.243506903000025, 53.531577826000046 ], [ 17.260140037000042, 53.535119879000035 ], [ 17.267854064000062, 53.536762593000049 ], [ 17.281211778000056, 53.533994025000027 ], [ 17.29534228700004, 53.525530667000055 ], [ 17.305850252000027, 53.527174695000042 ], [ 17.308960477000028, 53.523877123000034 ], [ 17.306850077000036, 53.516459766000082 ], [ 17.305950836000022, 53.513299233000055 ], [ 17.313394496000058, 53.512968870000066 ], [ 17.323506212000041, 53.51252009500007 ], [ 17.32604673000003, 53.506219972000054 ], [ 17.327080194000075, 53.503657128000043 ], [ 17.332075662000022, 53.503004046000058 ], [ 17.338479860000064, 53.502166794000061 ], [ 17.338084, 53.499799106000069 ], [ 17.337729238000065, 53.497677234000037 ], [ 17.340129748000038, 53.496043198000052 ], [ 17.352043540000068, 53.494122171000072 ], [ 17.357039074000056, 53.495369534000076 ], [ 17.363424489000067, 53.496963944000072 ], [ 17.384143344000051, 53.496527485000058 ], [ 17.390652781000028, 53.490963948000058 ], [ 17.392676204000054, 53.489378548000047 ], [ 17.381850528000029, 53.468957640000042 ], [ 17.370726828000045, 53.463716869000052 ], [ 17.340603158000022, 53.449524534000034 ], [ 17.334642135000024, 53.442643755000063 ], [ 17.327816175000066, 53.43476458300006 ], [ 17.304207652000059, 53.424870309000028 ], [ 17.298333995000064, 53.422408674000053 ], [ 17.291287039000053, 53.416407675000073 ], [ 17.293502704000048, 53.410046386000033 ], [ 17.295164322000062, 53.405275793000044 ], [ 17.289763750000077, 53.397908738000069 ], [ 17.280748231000075, 53.393968834000077 ], [ 17.266924137000046, 53.387927519000073 ], [ 17.258071310000048, 53.38113028500004 ], [ 17.247740446000023, 53.379894026000045 ], [ 17.249397072000022, 53.373240888000055 ], [ 17.25600047000006, 53.367056796000043 ], [ 17.256257944000026, 53.363778742000079 ], [ 17.257240799000044, 53.363391458000081 ], [ 17.293597835000071, 53.353619273000049 ], [ 17.317221753000069, 53.350266054000031 ], [ 17.337826805000077, 53.347341338000035 ], [ 17.34096601400006, 53.34158147800008 ], [ 17.343085084000052, 53.337693382000054 ], [ 17.346788596000067, 53.336062514000048 ], [ 17.354847612000071, 53.332513669000036 ], [ 17.356892780000067, 53.327992920000042 ], [ 17.356625742000062, 53.326738325000065 ], [ 17.355426984000076, 53.321106342000064 ], [ 17.368364442000029, 53.31561173800003 ], [ 17.378098863000048, 53.311477480000065 ], [ 17.385071164000067, 53.305453855000053 ], [ 17.387235867000072, 53.299376517000042 ], [ 17.395341402000042, 53.294656298000064 ], [ 17.394978008000066, 53.290385934000028 ], [ 17.394860564000055, 53.289005809000059 ], [ 17.405846593000035, 53.283413358000075 ], [ 17.406646962000025, 53.283850219000044 ], [ 17.41125610000006, 53.286366 ], [ 17.418306736000034, 53.283997529000033 ], [ 17.43588961100005, 53.26967206300003 ], [ 17.438793329000077, 53.267514471000027 ], [ 17.421307736000074, 53.253944618000048 ], [ 17.424076516000071, 53.250009479000028 ], [ 17.426594769000076, 53.246430402000044 ], [ 17.418241723000051, 53.243069253000044 ], [ 17.413816252000061, 53.241288505000057 ], [ 17.414649730000065, 53.23879673700003 ], [ 17.417278941000063, 53.23093644100004 ], [ 17.406587586000057, 53.227346453000052 ], [ 17.394050074000063, 53.227123740000081 ], [ 17.370353009000041, 53.226702791000037 ], [ 17.334452078000027, 53.21823227200008 ], [ 17.330823038000062, 53.214616113000034 ], [ 17.322636470000077, 53.215531413000065 ], [ 17.321126201000027, 53.21149211900007 ], [ 17.333824242000048, 53.208207144000028 ], [ 17.338012856000034, 53.205081973000063 ], [ 17.344610709000051, 53.20015924300003 ], [ 17.345048323000071, 53.194102979000036 ], [ 17.341282743000022, 53.187766620000048 ], [ 17.337159610000072, 53.180828605000045 ], [ 17.336107394000067, 53.179058036000072 ], [ 17.337843820000046, 53.171711253000069 ], [ 17.345316600000046, 53.163208616000077 ], [ 17.340165376000073, 53.15567530800007 ], [ 17.351233474000026, 53.154696857000033 ], [ 17.354960426000048, 53.151109357000053 ], [ 17.358966592000058, 53.150529033000055 ], [ 17.375568791000035, 53.148124077000034 ], [ 17.389669243000071, 53.142536644000074 ], [ 17.389701845000047, 53.138482839000062 ], [ 17.38482207800007, 53.133339214000046 ], [ 17.366644420000057, 53.131777087000046 ], [ 17.353728422000074, 53.130667130000063 ], [ 17.358716439000034, 53.121631387000036 ], [ 17.360671984000078, 53.118088937000039 ], [ 17.357151827000052, 53.087204382000039 ], [ 17.338811787000054, 53.079518982000081 ], [ 17.335170297000047, 53.077993014000072 ], [ 17.323949537000033, 53.078263650000054 ], [ 17.330284584000026, 53.053366918000052 ], [ 17.33060518700006, 53.052106947000027 ], [ 17.336225717000048, 53.042509930000051 ], [ 17.334633675000077, 53.026018469000064 ], [ 17.330160515000046, 53.01885214400005 ], [ 17.324248822000072, 53.01853419400004 ], [ 17.315301745000056, 53.018052991000047 ], [ 17.302695929000038, 52.995644391000042 ], [ 17.317624910000063, 52.988666007000063 ], [ 17.317927875000066, 52.974538507000034 ], [ 17.369755037000061, 52.973932637000075 ], [ 17.378812689000029, 52.976815453000029 ], [ 17.394311694000066, 52.981748386000049 ], [ 17.403330760000074, 52.976106873000049 ], [ 17.410743835000062, 52.971469923000029 ], [ 17.444864525000071, 52.958204944000045 ], [ 17.463583639000035, 52.949714670000048 ], [ 17.477984030000073, 52.948478339000076 ], [ 17.485874084000045, 52.947800946000029 ], [ 17.499379083000065, 52.933635640000034 ], [ 17.514458890000071, 52.927974422000034 ], [ 17.511205664000045, 52.915860644000077 ], [ 17.512543676000064, 52.908814412000027 ], [ 17.518406795000033, 52.89675410500007 ], [ 17.518547543000068, 52.886735581000039 ], [ 17.527718556000025, 52.884043680000048 ], [ 17.524705546000064, 52.876794004000033 ], [ 17.52613044900005, 52.860507040000073 ], [ 17.523993403000077, 52.85655226800003 ], [ 17.519277525000064, 52.855206810000027 ], [ 17.513712601000066, 52.853619117000051 ], [ 17.515466381000067, 52.839882413000055 ], [ 17.51327227400003, 52.831973608000055 ], [ 17.513610826000047, 52.83153298700006 ], [ 17.520366069000033, 52.822741122000082 ], [ 17.518191692000073, 52.820053447000078 ], [ 17.507783541000038, 52.807188279000059 ], [ 17.505683501000021, 52.804592490000061 ], [ 17.506527790000064, 52.801942119000046 ], [ 17.506889106000074, 52.80080788600003 ], [ 17.508630578000066, 52.795341104000045 ], [ 17.502491158000055, 52.786721990000046 ], [ 17.462082578000036, 52.787080082000045 ], [ 17.458689081000045, 52.790392080000061 ], [ 17.45268868200003, 52.796248373000026 ], [ 17.441947273000039, 52.789507335000053 ], [ 17.434218341000076, 52.784656853000058 ], [ 17.431477954000059, 52.784726102000036 ], [ 17.410747761000039, 52.785249953000061 ], [ 17.412417733000041, 52.777896611000074 ], [ 17.409163459000069, 52.771843562000072 ], [ 17.413801077000073, 52.764598016000036 ], [ 17.408786598000063, 52.761001645000078 ], [ 17.41069105300005, 52.756983759000036 ], [ 17.419873004000067, 52.751679575000026 ], [ 17.430583711000054, 52.750719878000041 ], [ 17.43973320200007, 52.749900068000045 ], [ 17.458523218000039, 52.738947997000082 ], [ 17.486635268000043, 52.729266874000075 ], [ 17.487486407000063, 52.723454042000071 ], [ 17.483440148000057, 52.719427869000071 ], [ 17.480833167000071, 52.716833829000052 ], [ 17.480767447000062, 52.712062628000069 ], [ 17.485536446000026, 52.711522297000045 ], [ 17.499825556000076, 52.709903332000067 ], [ 17.494669335000026, 52.704348378000077 ], [ 17.485319620000041, 52.705457117000037 ], [ 17.478956695000022, 52.706211667000048 ], [ 17.475093189000063, 52.704313229000036 ], [ 17.470128490000036, 52.680779708000046 ], [ 17.48304061400006, 52.682056854000052 ], [ 17.483038774000022, 52.683512244000042 ], [ 17.48303446400007, 52.686921085000051 ], [ 17.485859942000047, 52.687586055000054 ], [ 17.500685768000039, 52.683741313000041 ], [ 17.504512289000047, 52.67769669900008 ], [ 17.507203616000027, 52.673445307000065 ], [ 17.523065203000044, 52.673109874000033 ], [ 17.527625627000077, 52.681455611000047 ], [ 17.530164200000058, 52.682749577000038 ], [ 17.546136527000044, 52.690891018000059 ], [ 17.550418113000035, 52.68998907100007 ], [ 17.556944508000072, 52.688614238000071 ], [ 17.574717402000033, 52.692395214000044 ], [ 17.579597183000033, 52.700418744000046 ], [ 17.581973481000034, 52.704325948000076 ], [ 17.613405288000024, 52.703416669000035 ], [ 17.628017768000063, 52.707281938000051 ], [ 17.638897478000047, 52.693984336000028 ], [ 17.646536561000062, 52.689908001000049 ], [ 17.639806328000077, 52.684529078000082 ], [ 17.632071922000023, 52.678347602000031 ], [ 17.631364507000058, 52.673572552000053 ], [ 17.637334924000072, 52.665626815000053 ], [ 17.638136686000053, 52.664559789000066 ], [ 17.636983350000037, 52.662937843000066 ], [ 17.631520848000036, 52.655255879000038 ], [ 17.633404724000059, 52.652880025000059 ], [ 17.635413239000059, 52.648015539000028 ], [ 17.646908405000033, 52.645153765000032 ], [ 17.666983549000065, 52.647846402000027 ], [ 17.680704178000042, 52.649686722000069 ], [ 17.676487067000039, 52.64151847200003 ], [ 17.675931111000068, 52.640441625000051 ], [ 17.678253321000057, 52.634793531000071 ], [ 17.681946100000062, 52.625811928000076 ], [ 17.681004466000047, 52.624318655000081 ], [ 17.675935236000043, 52.616279708000036 ], [ 17.67942357000004, 52.602736728000082 ], [ 17.689668291000032, 52.603297601000065 ], [ 17.698771540000052, 52.611462076000066 ], [ 17.704217872000072, 52.606408470000076 ], [ 17.725476038000068, 52.621518062000064 ], [ 17.747913577000077, 52.632802264000077 ], [ 17.743681751000054, 52.641746855000065 ], [ 17.736274577000074, 52.638841440000078 ], [ 17.722801865000065, 52.633556858000077 ], [ 17.717548210000075, 52.638908803000049 ], [ 17.735690350000027, 52.649630664000028 ], [ 17.763604109000028, 52.655870892000053 ], [ 17.761625473000038, 52.649656679000032 ], [ 17.761293959000056, 52.648615507000045 ], [ 17.765575887000068, 52.639477141000043 ], [ 17.759864343000061, 52.637673783000082 ], [ 17.76285200500007, 52.634902417000035 ], [ 17.776535463000073, 52.636941209000042 ], [ 17.778137152000056, 52.641252841000039 ], [ 17.780666862000032, 52.648062636000077 ], [ 17.786666460000049, 52.651515375000031 ], [ 17.82507333500007, 52.641470201000061 ], [ 17.825474125000028, 52.640587554000035 ], [ 17.828381637000064, 52.63418443200004 ], [ 17.843548785000053, 52.629280666000056 ], [ 17.864241007000032, 52.631117836000044 ], [ 17.875681144000055, 52.632133554000063 ], [ 17.893978283000024, 52.617661930000054 ], [ 17.898919291000027, 52.613753974000076 ], [ 17.899849132000043, 52.613483565000081 ], [ 17.910189377000052, 52.610476498000082 ], [ 17.908940465000057, 52.599136196000075 ], [ 17.908638052000072, 52.596390245000066 ], [ 17.903939490000027, 52.587799958000062 ], [ 17.906067478000068, 52.583817329000055 ], [ 17.928679340000031, 52.572295717000031 ], [ 17.929207204000022, 52.577317485000037 ], [ 17.929743448000067, 52.582418978000078 ], [ 17.932380009000042, 52.584840498000062 ], [ 17.944852444000048, 52.577663038000026 ], [ 17.946701569000027, 52.573514558000056 ], [ 17.948448383000027, 52.569595609000032 ], [ 17.955585092000035, 52.571583456000042 ], [ 17.967486405000045, 52.574898429000029 ], [ 17.970302280000055, 52.568384232000028 ], [ 17.971974578000072, 52.564515565000079 ], [ 17.980040830000064, 52.565746404000038 ], [ 17.983142843000053, 52.56621974400008 ], [ 17.987196117000053, 52.573002876000032 ], [ 17.990688851000073, 52.565211986000065 ], [ 17.987750052000024, 52.555301144000055 ], [ 17.987164258000064, 52.553325605000055 ], [ 17.988091385000075, 52.543752027000039 ], [ 17.995518325000035, 52.541850814000043 ], [ 17.998130601000071, 52.543450943000039 ], [ 17.99895624100003, 52.548166359000049 ], [ 17.999559480000073, 52.551611597000033 ], [ 18.004618634000053, 52.554893140000047 ], [ 18.023089095000046, 52.554703677000077 ], [ 18.039884354000037, 52.549133654000059 ], [ 18.057202086000075, 52.543390356000032 ], [ 18.058947309000075, 52.547731628000065 ], [ 18.062710049000032, 52.549673116000065 ], [ 18.066429569000036, 52.551592304000053 ], [ 18.095397458000036, 52.553121538000028 ], [ 18.104328562000035, 52.545213497000077 ], [ 18.106219166000074, 52.540028136000046 ], [ 18.100110486000062, 52.536009639000042 ], [ 18.092522496000072, 52.531018002000053 ], [ 18.091535013000055, 52.520405850000031 ], [ 18.106445024000038, 52.514121057000068 ], [ 18.120970986000032, 52.515541737000035 ], [ 18.123074427000063, 52.515747459000067 ], [ 18.12320810600005, 52.51515648600008 ], [ 18.124776422000025, 52.508223228000077 ], [ 18.132908419000046, 52.505845872000066 ], [ 18.156342282000026, 52.509274025000082 ], [ 18.182012693000047, 52.503940269000054 ], [ 18.187246218000041, 52.504128596000044 ], [ 18.197443086000078, 52.504495527000074 ], [ 18.20178859400005, 52.500731589000054 ], [ 18.201022643000044, 52.495520912000075 ], [ 18.200053304000051, 52.488926610000078 ], [ 18.203974896000034, 52.483905339000046 ], [ 18.219130656000061, 52.483085194000068 ], [ 18.228786912000032, 52.485016988000041 ], [ 18.239978923000024, 52.487256019000029 ], [ 18.246879995000029, 52.485514280000075 ], [ 18.260655829000029, 52.482037442000035 ], [ 18.272394121000048, 52.489094858000044 ], [ 18.27812203600007, 52.492538654000043 ], [ 18.310538387000065, 52.506846947000042 ], [ 18.343611037000073, 52.521444924000036 ], [ 18.345454115000052, 52.524059124000075 ], [ 18.342089357000077, 52.528787668000064 ], [ 18.340350854000064, 52.531230812000047 ], [ 18.340407982000045, 52.536734157000069 ], [ 18.352473847000056, 52.543360115000041 ], [ 18.377150691000054, 52.537463518000038 ], [ 18.384664042000054, 52.53205024600004 ], [ 18.386766370000032, 52.525534355000048 ], [ 18.382871154000043, 52.517017994000071 ], [ 18.376598132000026, 52.503302882000071 ], [ 18.381909302000054, 52.493675409000048 ], [ 18.385991048000051, 52.486276493000048 ], [ 18.385775176000038, 52.484275934000038 ], [ 18.384877111000037, 52.475953275000052 ], [ 18.391668421000077, 52.470221852000066 ], [ 18.397973913000044, 52.473302929000056 ], [ 18.39841952200004, 52.473520669000038 ], [ 18.398766304000048, 52.473373201000072 ], [ 18.403309449000062, 52.471441251000044 ], [ 18.417956127000025, 52.47333178000008 ], [ 18.420145560000037, 52.475269186000048 ], [ 18.424814620000063, 52.479400787000031 ], [ 18.441255600000034, 52.480201419000082 ], [ 18.454088373000047, 52.478279349000047 ], [ 18.462599200000056, 52.477004613000076 ], [ 18.466427760000045, 52.482089579000046 ], [ 18.465817207000043, 52.483675172000062 ], [ 18.463414189000048, 52.489915756000073 ], [ 18.472174350000046, 52.490241362000063 ], [ 18.489873855000042, 52.504114918000028 ], [ 18.529510810000033, 52.49797164000006 ], [ 18.530679282000051, 52.495834905000038 ], [ 18.532522547000042, 52.492464205000033 ], [ 18.53896689100003, 52.490220253000075 ], [ 18.537790829000073, 52.483172708000041 ], [ 18.552929950000077, 52.484021237000036 ], [ 18.558301136000068, 52.484322285000076 ], [ 18.562232745000074, 52.474317364000058 ], [ 18.561979695000048, 52.471453176000068 ], [ 18.561312328000042, 52.463899486000059 ], [ 18.587521038000034, 52.462052077000067 ], [ 18.59024086200003, 52.465900109000074 ], [ 18.592761551000024, 52.469466403000069 ], [ 18.597820051000042, 52.465291854000043 ], [ 18.60875961000005, 52.456263936000028 ], [ 18.637543534000031, 52.452123056000062 ], [ 18.648865105000027, 52.450494325000079 ], [ 18.649464732000069, 52.442498514000079 ], [ 18.649793832000057, 52.438110092000045 ], [ 18.657677299000056, 52.423597057000052 ], [ 18.672025670000039, 52.422344570000064 ], [ 18.672835482000039, 52.422273881000081 ], [ 18.684820878000039, 52.428048399000033 ], [ 18.678314540000031, 52.418442580000033 ], [ 18.677981032000048, 52.41795019500006 ], [ 18.679692550000027, 52.414894565000054 ], [ 18.682531664000066, 52.409825802000057 ], [ 18.682281860000046, 52.408227773000078 ], [ 18.681182135000029, 52.40119270100007 ], [ 18.69685209000005, 52.400284509000073 ], [ 18.713912501000038, 52.399295729000073 ], [ 18.717170185000043, 52.393260216000044 ], [ 18.718530236000049, 52.390740448000031 ], [ 18.72617953300005, 52.384590918000072 ], [ 18.731009856000071, 52.380707657000073 ], [ 18.731419746000029, 52.379548492000026 ], [ 18.733288174000052, 52.37426460100005 ], [ 18.738074056000073, 52.373145343000033 ], [ 18.739082683000049, 52.372909459000027 ], [ 18.740050071000041, 52.371243912000068 ], [ 18.744139048000022, 52.36420393800006 ], [ 18.748416380000037, 52.363193382000077 ], [ 18.753274177000037, 52.362045686000044 ], [ 18.753101, 52.358660709000048 ], [ 18.752864766000073, 52.354043189000038 ], [ 18.752138411000033, 52.339845609000065 ], [ 18.755671148000033, 52.332852630000048 ], [ 18.759205621000035, 52.334202006000055 ], [ 18.763453346000063, 52.335823684000047 ], [ 18.766435118000061, 52.335549406000041 ], [ 18.777142431000073, 52.334564496000041 ], [ 18.779382475000034, 52.338274223000042 ], [ 18.781347543000038, 52.341528563000054 ], [ 18.812695056000052, 52.35160339600003 ], [ 18.823104219000072, 52.347475618000033 ], [ 18.832177732000048, 52.343877496000061 ], [ 18.856109357000037, 52.34914161100005 ], [ 18.864936811000064, 52.356279435000033 ], [ 18.867881768000075, 52.358660709000048 ], [ 18.877614782000023, 52.362305456000058 ], [ 18.887255620000076, 52.360976507000032 ], [ 18.889738206000061, 52.360634293000032 ], [ 18.908190556000022, 52.365579934000039 ], [ 18.911038495000071, 52.367675507000058 ], [ 18.911807382000063, 52.37163315600003 ], [ 18.912794371000075, 52.376713432000031 ], [ 18.919749456000034, 52.377427228000045 ], [ 18.925809867000055, 52.378049204000035 ], [ 18.923990266000033, 52.385697361000041 ], [ 18.920865338000056, 52.398832071000072 ], [ 18.939434603000052, 52.391596185000026 ], [ 18.943690206000042, 52.387706942000079 ], [ 18.952601057000038, 52.379563215000076 ], [ 18.966703153000026, 52.376745873000061 ], [ 18.974293959000022, 52.375229368000078 ], [ 18.974801352000043, 52.369304434000071 ], [ 18.978739484000073, 52.364795495000067 ], [ 18.97315603900006, 52.362857638000037 ], [ 18.96824782300007, 52.36115413300007 ], [ 18.969035470000051, 52.358660709000048 ], [ 18.969855376000055, 52.356065163000039 ], [ 18.985115391000022, 52.354423294000071 ], [ 18.998922595000067, 52.352937738000037 ], [ 19.007104573000049, 52.349080321000031 ], [ 19.007040810000035, 52.346276550000027 ], [ 19.006898372000023, 52.340013318000047 ], [ 19.017093306000049, 52.338308661000042 ], [ 19.018942080000045, 52.337999535000051 ], [ 19.024315862000037, 52.335136240000054 ], [ 19.028762250000057, 52.332767086000047 ], [ 19.047119842000029, 52.332803969000054 ], [ 19.044330220000063, 52.320111434000069 ], [ 19.03905786100006, 52.318196080000064 ], [ 19.034827814000039, 52.316659379000043 ], [ 19.038544952000052, 52.299304083000038 ], [ 19.04085643600007, 52.297555474000035 ], [ 19.04453806600003, 52.294770365000034 ], [ 19.037957294000023, 52.28058283200005 ], [ 19.037466266000024, 52.280070902000034 ], [ 19.031168585000046, 52.273505144000069 ], [ 19.031852030000039, 52.270671610000079 ], [ 19.045688321000057, 52.272465797000052 ], [ 19.052982876000044, 52.273411700000054 ], [ 19.094788918000063, 52.270619570000065 ], [ 19.100264684000024, 52.264697407000028 ], [ 19.104420153000035, 52.242961277000063 ], [ 19.096280790000037, 52.241296615000067 ], [ 19.081820028000038, 52.238339100000076 ], [ 19.079785079000033, 52.232922987000052 ], [ 19.079187165000064, 52.231331609000051 ], [ 19.075920827000061, 52.230029633000072 ], [ 19.071939548000046, 52.228442678000079 ], [ 19.073763573000065, 52.223426446000076 ], [ 19.078920690000075, 52.222223928000062 ], [ 19.08266392400003, 52.221351094000056 ], [ 19.088871977000053, 52.208120977000078 ], [ 19.077634144000058, 52.200113619000035 ], [ 19.060594468000033, 52.208127971000067 ], [ 19.050806443000056, 52.212731619000067 ], [ 19.02099533300003, 52.215197722000028 ], [ 19.003233612000031, 52.212138804000062 ], [ 18.999889160000066, 52.211562824000055 ], [ 18.997241790000032, 52.212557770000046 ], [ 18.992181413000026, 52.214459582000075 ], [ 18.984298658000057, 52.210536881000053 ], [ 18.968652228000053, 52.202750736000041 ], [ 18.963277392000066, 52.204874310000037 ], [ 18.962522933000059, 52.205172394000044 ], [ 18.961569814000029, 52.204414334000035 ], [ 18.951349500000049, 52.196285644000056 ], [ 18.94353693000005, 52.199362420000057 ], [ 18.940631936000045, 52.198774226000069 ], [ 18.924351459000036, 52.195477807000032 ], [ 18.919052854000029, 52.187300034000032 ], [ 18.915311907000046, 52.161562834000051 ], [ 18.908751260000031, 52.149719573000027 ], [ 18.910715713000059, 52.134422974000074 ], [ 18.913752661000046, 52.130354928000031 ], [ 18.93027746100006, 52.124018429000046 ], [ 18.935272200000043, 52.125277130000029 ], [ 18.941953558000023, 52.126960867000037 ], [ 18.949015490000022, 52.120417994000036 ], [ 18.942975871000044, 52.103108962000078 ], [ 18.940227164000078, 52.103047857000035 ], [ 18.930786424000075, 52.102837986000054 ], [ 18.92685115200004, 52.086555433000058 ], [ 18.925087606000034, 52.079258596000045 ], [ 18.91623811900007, 52.078451183000027 ], [ 18.903495123000027, 52.082501773000047 ], [ 18.900807010000051, 52.083356238000079 ], [ 18.897989291000044, 52.082879573000071 ], [ 18.885184469000023, 52.080713418000073 ], [ 18.875090772000078, 52.084450825000033 ], [ 18.867894585000045, 52.087115367000081 ], [ 18.856698161000054, 52.086004651000053 ], [ 18.851649012000053, 52.081373811000049 ], [ 18.842827566000039, 52.079745941000056 ], [ 18.839152256000034, 52.071688438000081 ], [ 18.827809128000069, 52.064187992000029 ], [ 18.820717534000039, 52.06531401500007 ], [ 18.816488098000036, 52.070391738000069 ], [ 18.796628054000053, 52.062573431000033 ], [ 18.794291218000069, 52.061653488000047 ], [ 18.785520972000029, 52.06126589400003 ], [ 18.765076840000063, 52.067316022000057 ], [ 18.760676665000062, 52.069887823000045 ], [ 18.751274792000061, 52.07538300300007 ], [ 18.725773958000048, 52.065733420000072 ], [ 18.717859351000072, 52.065705997000066 ], [ 18.720127030000071, 52.059750035000036 ], [ 18.721869844000025, 52.055172607000031 ], [ 18.719277873000067, 52.04980738900008 ], [ 18.717388884000059, 52.045897299000046 ], [ 18.717620619000058, 52.03616349400005 ], [ 18.717605398000046, 52.031997197000067 ], [ 18.721047923000071, 52.028422664000061 ], [ 18.727554316000067, 52.021666775000028 ], [ 18.729394787000047, 52.015357961000063 ], [ 18.727390620000051, 52.012239157000067 ], [ 18.72719049400007, 52.011927729000035 ], [ 18.727954762000024, 52.01079973800006 ], [ 18.733429196000031, 52.002719969000054 ], [ 18.726203646000045, 51.99830387600008 ], [ 18.718617361000042, 51.993667309000045 ], [ 18.722482249000052, 51.988075480000077 ], [ 18.724853499000062, 51.986942598000041 ], [ 18.729781837000075, 51.984588048000035 ], [ 18.733241073000045, 51.972895273000063 ], [ 18.731588361000036, 51.96865086300005 ], [ 18.722218879000025, 51.968305567000073 ], [ 18.715751010000076, 51.968067205000068 ], [ 18.723160297000049, 51.95853057100004 ], [ 18.729790052000055, 51.95588725500005 ], [ 18.735261067000067, 51.958853038000029 ], [ 18.739122343000076, 51.960946198000045 ], [ 18.740718232000063, 51.951349641000036 ], [ 18.740621159000057, 51.951207728000043 ], [ 18.736115392000045, 51.944620646000033 ], [ 18.741576930000065, 51.944239187000051 ], [ 18.74406228600003, 51.936764796000034 ], [ 18.751303094000036, 51.93402723500003 ], [ 18.76556058500006, 51.928636849000043 ], [ 18.766176701000063, 51.925248590000081 ], [ 18.751370724000026, 51.91069626400008 ], [ 18.747748951000062, 51.907136538000032 ], [ 18.738328621000051, 51.901548760000026 ], [ 18.739384228000063, 51.898979652000037 ], [ 18.737866664000023, 51.894791008000027 ], [ 18.73706684800004, 51.89258342800008 ], [ 18.721061788000043, 51.875163774000043 ], [ 18.72041798500004, 51.871153736000053 ], [ 18.709764002000043, 51.870469583000045 ], [ 18.707482877000075, 51.870323099000075 ], [ 18.697757097000022, 51.865487624000082 ], [ 18.698666974000048, 51.860204751000026 ], [ 18.70011831100004, 51.851778092000075 ], [ 18.695718584000076, 51.84868619000008 ], [ 18.69142417300003, 51.835409049000077 ], [ 18.687867211000025, 51.832581069000071 ], [ 18.689010283000073, 51.824954588000026 ], [ 18.685665432000064, 51.821003059000077 ], [ 18.649660690000076, 51.82702054400005 ], [ 18.64713505900005, 51.82904841800007 ], [ 18.641878137000049, 51.833269295000036 ], [ 18.632005835000029, 51.831470747000026 ], [ 18.629877849000025, 51.831083068000055 ], [ 18.613047816000062, 51.834807567000041 ], [ 18.612303151000049, 51.837047472000052 ], [ 18.612248669000053, 51.837117095000053 ], [ 18.610508662000029, 51.839340652000033 ], [ 18.606925677000049, 51.841038474000072 ], [ 18.605088237000075, 51.842381380000063 ], [ 18.602160018000063, 51.843877908000081 ], [ 18.59995748700004, 51.84599610500004 ], [ 18.596888926000076, 51.847421859000065 ], [ 18.594860199000038, 51.848050028000046 ], [ 18.567701362000037, 51.844378903000063 ], [ 18.550821722000023, 51.845211461000076 ], [ 18.536365161000049, 51.841774023000028 ], [ 18.533624022000026, 51.837207792000072 ], [ 18.532914148000032, 51.836025273000075 ], [ 18.518251769000074, 51.834327640000026 ], [ 18.511579828000038, 51.83978948400005 ], [ 18.510699024000075, 51.846288703000027 ], [ 18.510187195000071, 51.850065354000037 ], [ 18.507074608000039, 51.853749477000065 ], [ 18.493372181000041, 51.851519756000073 ], [ 18.485400164000055, 51.850222513000062 ], [ 18.471965430000068, 51.851005637000071 ], [ 18.470343387000071, 51.840683746000082 ], [ 18.469943440000065, 51.840378089000069 ], [ 18.464338268000063, 51.836094379000031 ], [ 18.46748879300003, 51.827476507000029 ], [ 18.469662198000037, 51.821531427000082 ], [ 18.458418959000028, 51.824311765000061 ], [ 18.448637660000031, 51.82673058000006 ], [ 18.441244924000046, 51.825792169000067 ], [ 18.442300676000059, 51.810248372000046 ], [ 18.443078527000068, 51.798796093000078 ], [ 18.434620306000056, 51.79355576200004 ], [ 18.425877254000056, 51.792903956000032 ], [ 18.409304656000074, 51.791668448000053 ], [ 18.420388536000075, 51.780745189000072 ], [ 18.428705887000035, 51.772548368000059 ], [ 18.431669672000055, 51.763719051000066 ], [ 18.429184302000067, 51.757803656000078 ], [ 18.423361244000034, 51.757048599000029 ], [ 18.420647322000036, 51.756696693000038 ], [ 18.416827717000047, 51.749336403000029 ], [ 18.406316436000054, 51.749636862000045 ], [ 18.404955030000053, 51.74667910800008 ], [ 18.41532440900005, 51.745249546000082 ], [ 18.418544981000025, 51.742776237000044 ], [ 18.420200444000045, 51.741504889000055 ], [ 18.422954377000053, 51.735203647000048 ], [ 18.420545894000043, 51.727747285000078 ], [ 18.410284895000075, 51.725079702000073 ], [ 18.401952021000056, 51.722913379000033 ], [ 18.406530051000061, 51.718544798000039 ], [ 18.409912654000038, 51.71531695200008 ], [ 18.412143944000036, 51.701586363000047 ], [ 18.405802632000075, 51.701073154000028 ], [ 18.397310180000034, 51.700385850000032 ], [ 18.395599937000043, 51.696082068000067 ], [ 18.381693857000073, 51.691543658000057 ], [ 18.378499150000039, 51.68454061500006 ], [ 18.36541347900004, 51.681859372000076 ], [ 18.36045791500004, 51.677067062000049 ], [ 18.356381244000033, 51.660821444000078 ], [ 18.372414703000061, 51.655328979000046 ], [ 18.378428789000054, 51.65326877800004 ], [ 18.380335445000071, 51.648357007000072 ], [ 18.372398962000034, 51.636108642000067 ], [ 18.359820606000028, 51.634081152000078 ], [ 18.354207558000041, 51.633176392000053 ], [ 18.350028588000043, 51.626898613000037 ], [ 18.356518726000047, 51.625704701000075 ], [ 18.362987213000054, 51.624514771000065 ], [ 18.367529835000028, 51.617492238000068 ], [ 18.360765498000035, 51.612642372000039 ], [ 18.352898801000038, 51.607002141000066 ], [ 18.349983468000062, 51.601494671000069 ], [ 18.358044758000062, 51.601002263000055 ], [ 18.374896492000062, 51.59997290900003 ], [ 18.377463285000033, 51.597132466000062 ], [ 18.377557987000046, 51.59268189200003 ], [ 18.373355390000029, 51.590920528000026 ], [ 18.37129042600003, 51.590055075000066 ], [ 18.372014845000024, 51.576534869000056 ], [ 18.365684455000064, 51.564994413000079 ], [ 18.369090227000072, 51.550275056000032 ], [ 18.370481479000034, 51.549595499000077 ], [ 18.373892343000023, 51.547929464000049 ], [ 18.367961011000034, 51.544788163000078 ], [ 18.361298507000072, 51.541259624000077 ], [ 18.358536553000022, 51.536353975000054 ], [ 18.362154051000061, 51.530378431000031 ], [ 18.37235206400004, 51.522634547000052 ], [ 18.379757612000049, 51.517011128000036 ], [ 18.382492205000062, 51.47685763700008 ], [ 18.369587912000043, 51.472074961000033 ], [ 18.357912102000057, 51.46774759300007 ], [ 18.356780216000061, 51.46268483800003 ], [ 18.355058763000045, 51.454985044000068 ], [ 18.341504460000067, 51.441618947000052 ], [ 18.339592530000061, 51.429699005000032 ], [ 18.326309670000057, 51.419816855000079 ], [ 18.255099217000065, 51.439129605000062 ], [ 18.242881220000072, 51.444309665000048 ], [ 18.221796300000051, 51.453249031000041 ], [ 18.213421221000033, 51.453745672000082 ], [ 18.212682164000057, 51.450120165000044 ], [ 18.211998411000025, 51.446765956000036 ], [ 18.20479477300006, 51.445079656000075 ], [ 18.18831532400003, 51.441221982000059 ], [ 18.202456923000057, 51.43441294400003 ], [ 18.204998185000022, 51.433189352000056 ], [ 18.210809357000073, 51.423406550000038 ], [ 18.205682124000077, 51.417008838000072 ], [ 18.204539848000024, 51.415583517000073 ], [ 18.204673137000043, 51.414750369000046 ], [ 18.20665084500007, 51.402388314000063 ], [ 18.189786175000052, 51.386520101000031 ], [ 18.162862338000025, 51.389463775000081 ], [ 18.149795700000027, 51.390892395000037 ], [ 18.138463220000062, 51.378405066000028 ], [ 18.136430951000023, 51.369739333000041 ], [ 18.13454906100003, 51.361714826000082 ], [ 18.123989103000042, 51.35782312300006 ], [ 18.107976230000077, 51.360485792000077 ], [ 18.098807237000074, 51.362010440000063 ], [ 18.075768872000026, 51.349788856000032 ], [ 18.082774925000024, 51.346136556000033 ], [ 18.092227105000063, 51.341209076000041 ], [ 18.092466157000047, 51.33310909000005 ], [ 18.092669490000048, 51.326219395000066 ], [ 18.105079989000046, 51.316152909000039 ], [ 18.112160696000046, 51.310409560000039 ], [ 18.11071372400005, 51.30770607900007 ], [ 18.109936598000047, 51.306254118000027 ], [ 18.110516352000047, 51.304683534000048 ], [ 18.112935023000034, 51.298131227000056 ], [ 18.111032655000031, 51.293404526000074 ], [ 18.116937148000034, 51.286876206000045 ], [ 18.109268286000031, 51.285570733000043 ], [ 18.106371201000059, 51.285077561000037 ], [ 18.105307339000035, 51.282379381000055 ], [ 18.108931961000053, 51.280420278000065 ], [ 18.115710225000043, 51.276756636000073 ], [ 18.108362057000022, 51.271692805000043 ], [ 18.10338650500006, 51.268264011000042 ], [ 18.105247919000078, 51.264792147000037 ], [ 18.112997320000034, 51.260849476000033 ], [ 18.126376595000067, 51.266339501000061 ], [ 18.133989603000032, 51.269463408000036 ], [ 18.136889348000068, 51.266717515000039 ], [ 18.139367364000066, 51.264370975000077 ], [ 18.151009739000074, 51.264155713000036 ], [ 18.151282128000048, 51.267235044000074 ], [ 18.151750947000039, 51.272535005000066 ], [ 18.159791900000073, 51.273141876000068 ], [ 18.16994720100007, 51.27038591400003 ], [ 18.170151180000062, 51.258584951000046 ], [ 18.169984172000056, 51.258243225000058 ], [ 18.167278151000062, 51.252706260000082 ], [ 18.169129970000029, 51.243097233000071 ], [ 18.174493867000024, 51.237404251000044 ], [ 18.174822986000038, 51.237054940000064 ], [ 18.174884101000032, 51.23560100900005 ], [ 18.17511750400007, 51.230048278000027 ], [ 18.176688542000022, 51.227262815000074 ], [ 18.179367156000069, 51.222513611000068 ], [ 18.171365824000077, 51.216078803000073 ], [ 18.165644377000035, 51.211477518000038 ], [ 18.162616746000026, 51.204812358000027 ], [ 18.162874546000069, 51.193117471000051 ], [ 18.169839386000035, 51.19137667900003 ], [ 18.173809066000047, 51.190384498000071 ], [ 18.163681431000043, 51.172517115000062 ], [ 18.159336660000065, 51.174133366000035 ], [ 18.125617712000064, 51.168527116000064 ], [ 18.116446585000062, 51.162193355000056 ], [ 18.105130025000051, 51.154377915000055 ], [ 18.103098880000061, 51.156256838000047 ], [ 18.101097932000073, 51.158107827000038 ], [ 18.097395120000044, 51.157907586000078 ], [ 18.09223567600003, 51.157628573000068 ], [ 18.087011292000057, 51.160912812000049 ], [ 18.078736631000027, 51.166114567000079 ], [ 18.071791004000033, 51.158270067000046 ], [ 18.074768376000065, 51.155031289000078 ], [ 18.07589243700005, 51.153808538000078 ], [ 18.072388130000036, 51.149973605000071 ], [ 18.073108438000077, 51.144738123000081 ], [ 18.062950466000075, 51.142228299000067 ], [ 18.059300149000023, 51.141326382000045 ], [ 18.048701674000029, 51.135733605000041 ], [ 18.041009864000046, 51.131674665000048 ], [ 18.026299418000065, 51.128986697000073 ], [ 18.015134017000037, 51.126946498000052 ], [ 18.012561770000048, 51.125803651000069 ], [ 18.003677751000055, 51.121856490000027 ], [ 17.995233714000051, 51.121569653000051 ], [ 17.988399873000049, 51.119994998000038 ], [ 17.979859143000056, 51.118226374000074 ], [ 17.977631441000028, 51.117765059000078 ], [ 17.954499865000059, 51.112527586000056 ], [ 17.939456225000072, 51.108864921000077 ], [ 17.93214490500003, 51.112719123000034 ], [ 17.920936156000039, 51.113409622000063 ], [ 17.906871954000053, 51.107524800000078 ], [ 17.89690652400003, 51.105811077000055 ], [ 17.886872486000073, 51.10408555500004 ], [ 17.880174064000073, 51.105363529000044 ], [ 17.877885109000033, 51.107858512000064 ], [ 17.874804244000075, 51.111216685000045 ], [ 17.840976566000052, 51.116069517000028 ], [ 17.823865525000031, 51.118524223000065 ], [ 17.819678139000075, 51.122113050000053 ], [ 17.816999577000047, 51.130965763000063 ], [ 17.812813718000029, 51.133532826000078 ], [ 17.813323033000074, 51.13696236800007 ], [ 17.819953877000046, 51.13963358500007 ], [ 17.82422473500003, 51.139169690000074 ], [ 17.831285773000047, 51.138402730000053 ], [ 17.850590394000051, 51.172940389000075 ], [ 17.848070521000068, 51.182524951000062 ], [ 17.843805529000065, 51.187341504000074 ], [ 17.826718573000051, 51.194067860000075 ], [ 17.822666910000066, 51.192396660000043 ], [ 17.813156810000066, 51.188474006000035 ], [ 17.795269319000056, 51.194146107000051 ], [ 17.777764185000024, 51.198024084000053 ], [ 17.767626583000037, 51.204186829000037 ], [ 17.755971073000069, 51.218252934000077 ], [ 17.756662152000047, 51.223536719000037 ], [ 17.757087440000078, 51.226788346000035 ], [ 17.753907209000033, 51.234682684000063 ], [ 17.748316144000057, 51.239392402000078 ], [ 17.744050021000078, 51.242986034000069 ], [ 17.743267180000032, 51.25727130100006 ], [ 17.744299209000076, 51.259444225000038 ], [ 17.748824486000046, 51.268972132000044 ], [ 17.744078872000046, 51.272973289000049 ], [ 17.740411642000026, 51.276065230000029 ], [ 17.745956095000054, 51.278899353000043 ], [ 17.750626303000047, 51.281286593000061 ], [ 17.750079568000046, 51.284611864000055 ], [ 17.749351097000044, 51.289042461000065 ], [ 17.757455024000024, 51.294829555000035 ], [ 17.763914674000034, 51.299442455000076 ], [ 17.760497288000067, 51.30965397500006 ], [ 17.76042719000003, 51.309697588000063 ], [ 17.757170579000046, 51.311723760000064 ], [ 17.760077806000027, 51.314867580000055 ], [ 17.76345363300004, 51.318518137000069 ], [ 17.756160903000023, 51.322164558000054 ], [ 17.745327927000062, 51.327581129000066 ], [ 17.743383830000028, 51.333885374000033 ], [ 17.740692674000059, 51.34261215500004 ], [ 17.742331609000075, 51.346506565000027 ], [ 17.732941671000049, 51.349358088000031 ], [ 17.723470540000051, 51.358507870000039 ], [ 17.715926488000036, 51.359072869000045 ], [ 17.710673919000044, 51.359466251000072 ], [ 17.705164929000034, 51.368867971000043 ], [ 17.712954466000042, 51.371577346000038 ], [ 17.714872441000068, 51.372244461000037 ], [ 17.716083110000056, 51.375056248000078 ], [ 17.72062487200003, 51.38560452300004 ], [ 17.726501471000063, 51.386640966000073 ], [ 17.731987009000022, 51.387608439000076 ], [ 17.73109187700004, 51.391745277000041 ], [ 17.730345490000047, 51.395194691000029 ], [ 17.735616191000076, 51.395374699000058 ], [ 17.736352278000027, 51.39539983800006 ], [ 17.736540884000021, 51.395737700000041 ], [ 17.738549463000027, 51.399335787000041 ], [ 17.746398503000023, 51.399607443000036 ], [ 17.752832658000045, 51.399830130000055 ], [ 17.755094477000057, 51.405871728000079 ], [ 17.749892424000052, 51.411373138000044 ], [ 17.734463834000053, 51.420137536000027 ], [ 17.717899030000069, 51.421697225000059 ], [ 17.714809278000075, 51.417989085000045 ], [ 17.717294606000053, 51.408425138000041 ], [ 17.718402359000038, 51.404162326000062 ], [ 17.704276951000054, 51.39991206600007 ], [ 17.688865966000037, 51.404954921000069 ], [ 17.68757781000005, 51.405770656000072 ], [ 17.672934444000077, 51.415043687000036 ], [ 17.667815321000035, 51.415291419000027 ], [ 17.664096508000057, 51.413019901000041 ], [ 17.660269956000036, 51.410682573000031 ], [ 17.655339642000058, 51.411899320000032 ], [ 17.644780081000022, 51.41898334800004 ], [ 17.638319231000025, 51.423317698000062 ], [ 17.625118350000037, 51.41950414400003 ], [ 17.613584732000049, 51.422092878000058 ], [ 17.607973211000058, 51.415416192000066 ], [ 17.603236403000039, 51.409780254000054 ], [ 17.585493122000059, 51.409473116000072 ], [ 17.571217138000065, 51.405386905000057 ], [ 17.557055837000064, 51.409232576000079 ], [ 17.548891939000043, 51.417193390000079 ], [ 17.541603049000059, 51.421901714000057 ], [ 17.547421479000036, 51.429830227000082 ], [ 17.551049255000066, 51.434773635000056 ], [ 17.549044740000056, 51.441036557000075 ], [ 17.536067173000049, 51.450552684000058 ], [ 17.527005468000027, 51.457197406000034 ], [ 17.521770385000025, 51.462499372000082 ], [ 17.524313370000073, 51.465579739000077 ], [ 17.527773216000071, 51.469770717000074 ], [ 17.522903085000053, 51.472911466000028 ], [ 17.521208496000042, 51.47400430700003 ], [ 17.521781673000078, 51.478741408000076 ], [ 17.522435216000076, 51.484142698000028 ], [ 17.520441867000045, 51.485706733000029 ], [ 17.518003365000027, 51.487620047000064 ], [ 17.519527715000038, 51.490459184000031 ], [ 17.523972468000068, 51.498737639000069 ], [ 17.517502639000043, 51.500987056000042 ], [ 17.514464291000024, 51.502043422000042 ], [ 17.512957912000047, 51.506899301000033 ], [ 17.522542308000027, 51.514033019000067 ], [ 17.535276837000026, 51.515699205000033 ], [ 17.545880814000043, 51.517086629000062 ], [ 17.561410564000028, 51.521505035000075 ], [ 17.571751466000023, 51.52992834500003 ], [ 17.575866053000027, 51.541173249000053 ], [ 17.574980701000072, 51.549281406000034 ], [ 17.571754088000034, 51.566033425000057 ], [ 17.565997432000074, 51.568405933000065 ], [ 17.561041992000071, 51.570448234000025 ], [ 17.555437830000074, 51.577960942000061 ], [ 17.555836202000023, 51.581089476000045 ], [ 17.556245198000056, 51.584301436000032 ], [ 17.54863460100006, 51.585613139000031 ], [ 17.523514043000034, 51.589942723000036 ], [ 17.521584835000056, 51.597774963000063 ], [ 17.519546866000042, 51.606048755000074 ], [ 17.504385426000056, 51.609642606000079 ], [ 17.49828433700003, 51.615451371000063 ], [ 17.486694906000025, 51.617064397000036 ], [ 17.47828232300003, 51.62151626800005 ], [ 17.466136685000038, 51.626729640000065 ], [ 17.439990003000048, 51.632401594000044 ], [ 17.436556941000049, 51.632163566000031 ], [ 17.416543454000077, 51.630775947000075 ], [ 17.382716019000043, 51.635697456000059 ], [ 17.33618653700006, 51.646204690000047 ], [ 17.328839831000039, 51.647863715000028 ], [ 17.25743308400007, 51.642843153000058 ], [ 17.244010701000036, 51.63779622800007 ], [ 17.243775120000066, 51.637012665000043 ], [ 17.241527059000077, 51.629535434000047 ], [ 17.237782906000064, 51.634397804000059 ], [ 17.237323, 51.634258301000045 ], [ 17.215390447000061, 51.627605515000027 ], [ 17.209119138000062, 51.609814240000048 ], [ 17.213884935000067, 51.59908357900008 ], [ 17.214587985000037, 51.597500593000063 ], [ 17.213566096000022, 51.594018580000068 ], [ 17.211827695000068, 51.588095104000047 ], [ 17.212784631000034, 51.581604415000072 ], [ 17.213903275000064, 51.574016888000074 ], [ 17.20619780100003, 51.567633595000075 ], [ 17.202620791000072, 51.570645476000038 ], [ 17.198164542000029, 51.574397686000054 ], [ 17.188335341000027, 51.57618513400007 ], [ 17.181438269000068, 51.573865756000032 ], [ 17.168738044000065, 51.569594867000035 ], [ 17.126492730000052, 51.565606112000069 ], [ 17.119063778000054, 51.56992953300005 ], [ 17.108519475000037, 51.576065992000053 ], [ 17.066310438000073, 51.566565245000049 ], [ 17.067461637000065, 51.561626201000081 ], [ 17.069288144000041, 51.553789847000075 ], [ 17.060600501000067, 51.551457088000063 ], [ 17.057649108000078, 51.54561886700003 ], [ 17.053487275000066, 51.546194526000079 ], [ 17.048985498000036, 51.551242513000034 ], [ 17.04517091200006, 51.555519931000049 ], [ 17.011583113000029, 51.554453077000062 ], [ 17.011072708000029, 51.552344336000033 ], [ 17.010594222000066, 51.550367466000068 ], [ 17.007054688000039, 51.549342900000056 ], [ 16.991433608000023, 51.549932066000054 ], [ 16.99056117300006, 51.549964971000065 ], [ 16.982691153000076, 51.550000766000039 ], [ 16.981414787000062, 51.548701455000071 ], [ 16.978781862000062, 51.546021197000073 ], [ 16.97036431600003, 51.544172547000073 ], [ 16.963542836000045, 51.545214510000051 ], [ 16.963344580000069, 51.547627281000075 ], [ 16.963180544000068, 51.54962359600006 ], [ 16.957569682000042, 51.55231339900007 ], [ 16.940646292000054, 51.552298728000039 ], [ 16.932568779000064, 51.552291726000078 ], [ 16.915799758000048, 51.558784144000072 ], [ 16.910137569000028, 51.564794668000047 ], [ 16.901092508000033, 51.574396178000029 ], [ 16.888369531000023, 51.580553085000076 ], [ 16.85213273200003, 51.579919362000055 ], [ 16.832998022000027, 51.575763584000072 ], [ 16.828371942000047, 51.57218812800005 ], [ 16.812267733000056, 51.585859523000067 ], [ 16.810775249000073, 51.586226961000079 ], [ 16.794187051000051, 51.590310849000048 ], [ 16.795638026000063, 51.598303602000044 ], [ 16.795659572000034, 51.598422292000066 ], [ 16.801293288000068, 51.600989779000031 ], [ 16.800149468000029, 51.60280515900007 ], [ 16.778236694000043, 51.612186574000077 ], [ 16.771662377000041, 51.615001206000045 ], [ 16.767038279000076, 51.627738469000064 ], [ 16.775778441000057, 51.63174809700007 ], [ 16.777149561000044, 51.632377111000039 ], [ 16.783478255000034, 51.640986923000071 ], [ 16.766753343000062, 51.644653088000041 ], [ 16.748009547000038, 51.64359711600008 ], [ 16.731837680000069, 51.642686039000068 ], [ 16.729104463000056, 51.644839278000063 ], [ 16.725841285000058, 51.647410023000077 ], [ 16.716452572000037, 51.648324176000074 ], [ 16.691190173000052, 51.647330444000033 ], [ 16.681405650000045, 51.646945556000048 ], [ 16.681961164000029, 51.649585044000048 ], [ 16.683330848000026, 51.656093001000045 ], [ 16.658591465000029, 51.657792829000073 ], [ 16.648910447000048, 51.658458006000046 ], [ 16.641862569000068, 51.662577905000035 ], [ 16.638907326000037, 51.669851813000037 ], [ 16.639514316000032, 51.677861040000039 ], [ 16.643301075000068, 51.683414673000073 ], [ 16.650397066000039, 51.685462975000064 ], [ 16.657325703000026, 51.68746297000007 ], [ 16.659520039000029, 51.69181827400007 ], [ 16.662628099000074, 51.697987133000026 ], [ 16.666349660000037, 51.696575964000033 ], [ 16.675849121000056, 51.692973889000029 ], [ 16.676197157000047, 51.697418800000037 ], [ 16.682432999000071, 51.70487599900008 ], [ 16.680485222000073, 51.708315214000038 ], [ 16.666835006000042, 51.711566518000041 ], [ 16.662095403000023, 51.712695430000053 ], [ 16.645548677000022, 51.722248790000037 ], [ 16.644980886000042, 51.727737087000037 ], [ 16.644872328000076, 51.728786419000073 ], [ 16.644637382000042, 51.729010903000074 ], [ 16.640047564000042, 51.733396341000059 ], [ 16.642344403000038, 51.737513943000067 ], [ 16.646225718000039, 51.744472074000043 ], [ 16.634857657000055, 51.748451407000061 ], [ 16.623391797000068, 51.74709579000006 ], [ 16.60580647300003, 51.745016664000048 ], [ 16.597636773000033, 51.748645773000078 ], [ 16.594220527000061, 51.750163323000038 ], [ 16.590009258000066, 51.750536371000067 ], [ 16.583110981000061, 51.751147443000036 ], [ 16.578902787000061, 51.762577608000072 ], [ 16.576689009000063, 51.768590603000064 ], [ 16.556368903000077, 51.767317505000051 ], [ 16.542288016000043, 51.766435308000041 ], [ 16.540721059000077, 51.768931100000032 ], [ 16.541756805000034, 51.772145250000051 ], [ 16.544159291000028, 51.779600697000035 ], [ 16.540323784000066, 51.781258797000078 ], [ 16.522205008000071, 51.781328759000075 ], [ 16.493685051000057, 51.781438883000078 ], [ 16.485990384000047, 51.782536748000041 ], [ 16.449480011000048, 51.787745998000048 ], [ 16.41619088300007, 51.784865006000075 ], [ 16.400091695000071, 51.78908262300007 ], [ 16.39344606800006, 51.787383435000038 ], [ 16.389321898000048, 51.790964625000072 ], [ 16.394789140000057, 51.79754291200004 ], [ 16.401695784000026, 51.805853114000058 ], [ 16.401266362000058, 51.812726251000072 ], [ 16.394619800000044, 51.820888117000038 ], [ 16.399754440000038, 51.833587505000082 ], [ 16.396888015000059, 51.837789904000033 ], [ 16.38546597900006, 51.839002548000053 ], [ 16.382134883000049, 51.839356201000044 ], [ 16.382824839000023, 51.840799443000037 ], [ 16.385733895000044, 51.846884576000036 ], [ 16.372645685000066, 51.853879610000035 ], [ 16.356597173000068, 51.858643382000082 ], [ 16.356025568000064, 51.858813055000041 ], [ 16.337945045000026, 51.870232520000059 ], [ 16.337983855000061, 51.874831168000071 ], [ 16.340648498000064, 51.875207343000056 ], [ 16.346258182000042, 51.875999278000052 ], [ 16.347982967000064, 51.880892242000073 ], [ 16.334662822000041, 51.883212846000049 ], [ 16.31287160200003, 51.88700926100006 ], [ 16.30947423300006, 51.888586485000076 ], [ 16.284856072000025, 51.900015431000043 ], [ 16.273060894000025, 51.895748732000072 ], [ 16.27280752300004, 51.895657080000035 ], [ 16.259298031000071, 51.898416199000053 ], [ 16.249561267000047, 51.900404793000064 ], [ 16.245299921000026, 51.891778427000077 ], [ 16.243479168000022, 51.88809262400008 ], [ 16.224756184000057, 51.875163774000043 ], [ 16.214662350000026, 51.870206607000057 ], [ 16.200137518000076, 51.871933073000037 ], [ 16.19734836400005, 51.875163774000043 ], [ 16.196417889000031, 51.876749289000031 ], [ 16.191851647000021, 51.884530089000066 ], [ 16.18658479000004, 51.88192577500007 ], [ 16.180114182000068, 51.882731147000072 ], [ 16.171534143000031, 51.883799072000045 ], [ 16.165518830000053, 51.888086208000061 ], [ 16.159626718000027, 51.892285537000078 ], [ 16.123223334000045, 51.896380329000067 ], [ 16.117373906000068, 51.895781966000072 ], [ 16.099875956000062, 51.893992027000081 ], [ 16.101083932000051, 51.903400814000065 ], [ 16.109032236000075, 51.904414762000044 ], [ 16.120298336000076, 51.914092233000076 ], [ 16.125581650000072, 51.915538310000045 ], [ 16.131848532000049, 51.91725359600008 ], [ 16.128728183000078, 51.920206238000048 ], [ 16.127759480000066, 51.921122877000073 ], [ 16.129898866000076, 51.921942963000049 ], [ 16.136908149000021, 51.92462981400007 ], [ 16.134588060000056, 51.93071025900008 ], [ 16.132220262000033, 51.931604530000072 ], [ 16.126156930000036, 51.933894531000078 ], [ 16.129519077000054, 51.944044265000059 ], [ 16.125023200000044, 51.951117077000049 ], [ 16.132291845000054, 51.95380644100004 ], [ 16.13654364000007, 51.95537958500006 ], [ 16.132245986000044, 51.974456204000035 ], [ 16.120384782000031, 51.993029322000041 ], [ 16.107633690000057, 51.995767470000033 ], [ 16.090363353000043, 51.989016092000043 ], [ 16.060763287000043, 51.977444736000052 ], [ 16.010136548000048, 51.981443733000049 ], [ 16.008070023000073, 51.986470046000079 ], [ 16.005444004000026, 51.992857189000063 ], [ 15.997358437000059, 51.998727042000041 ], [ 15.986748022000029, 52.00342597000008 ], [ 15.98733231500006, 52.001242043000047 ], [ 15.988504564000038, 51.996860502000061 ], [ 15.984982749000039, 51.995731402000047 ], [ 15.970689844000049, 52.001594002000047 ], [ 15.96544448800006, 52.017916140000068 ], [ 15.96598993300006, 52.026736142000061 ], [ 15.966255892000049, 52.033794517000047 ], [ 15.981428678000043, 52.034710080000082 ], [ 15.992963265000071, 52.03540610500005 ], [ 15.990742670000031, 52.040875110000059 ], [ 15.98969711500007, 52.043450159000031 ], [ 15.991293479000035, 52.048865739000064 ], [ 15.994681060000062, 52.050365398000054 ], [ 16.004203192000034, 52.054580779000048 ], [ 16.000190290000035, 52.059011334000047 ], [ 15.990381872000057, 52.060972665000065 ], [ 15.98743410000003, 52.065040341000042 ], [ 15.986530646000062, 52.068973114000073 ], [ 15.973046229000033, 52.075014388000056 ], [ 15.96721668400005, 52.081672850000075 ], [ 15.942384277000031, 52.088097947000051 ], [ 15.932927968000058, 52.086915482000052 ], [ 15.928747918000056, 52.078841500000067 ], [ 15.923330930000077, 52.068378309000082 ], [ 15.914328703000024, 52.072180763000063 ], [ 15.878460325000049, 52.087331222000046 ], [ 15.866742682000051, 52.086512091000031 ], [ 15.862201393000078, 52.086194628000044 ], [ 15.837409591000039, 52.105499634000068 ], [ 15.835811327000044, 52.110686920000035 ], [ 15.84333674800007, 52.112595617000068 ], [ 15.851345742000035, 52.114626964000081 ], [ 15.854421906000027, 52.119872122000061 ], [ 15.856387672000039, 52.123223944000074 ], [ 15.865641105000066, 52.127236614000026 ], [ 15.874521719000029, 52.13108761400008 ], [ 15.881324668000047, 52.148478038000064 ], [ 15.882893169000056, 52.154558870000074 ], [ 15.880737727000053, 52.162155062000068 ], [ 15.86543406800007, 52.167489698000054 ], [ 15.859204899000076, 52.169661097000073 ], [ 15.859946465000064, 52.175444002000063 ], [ 15.86088292900007, 52.182746768000072 ], [ 15.858828354000025, 52.187432905000037 ], [ 15.860341399000049, 52.198711404000051 ], [ 15.852966125000023, 52.208633145000078 ], [ 15.849504481000054, 52.213289993000046 ], [ 15.855037852000066, 52.22097721800003 ], [ 15.860122592000039, 52.228041183000073 ], [ 15.857682026000077, 52.24665086400006 ], [ 15.857058327000061, 52.24763570500005 ], [ 15.852192409000054, 52.255319152000027 ], [ 15.853539509000029, 52.263030055000058 ], [ 15.862241035000068, 52.269544004000068 ], [ 15.866610193000042, 52.272814749000077 ], [ 15.872386843000072, 52.280876364000051 ], [ 15.880092185000024, 52.28394503700008 ], [ 15.880810395000026, 52.290429652000057 ], [ 15.878601194000055, 52.296224253000048 ], [ 15.88263481000007, 52.307774356000039 ], [ 15.88351173500007, 52.307956266000076 ], [ 15.889503380000065, 52.30919917600005 ], [ 15.887946398000054, 52.322279901000059 ], [ 15.885986358000025, 52.324011911000071 ], [ 15.883511290000058, 52.326199030000055 ], [ 15.887694298000042, 52.335394963000056 ], [ 15.881971934000035, 52.341990235000026 ], [ 15.881407068000044, 52.350029943000038 ], [ 15.889914090000048, 52.354111057000068 ], [ 15.88950118200006, 52.358660709000048 ], [ 15.888768611000046, 52.366732591000073 ], [ 15.891204879000043, 52.374852438000062 ], [ 15.894280041000059, 52.377822301000037 ], [ 15.900263454000026, 52.38360083300006 ], [ 15.899190889000067, 52.391588232000061 ], [ 15.87255355800005, 52.396102735000056 ], [ 15.860907767000072, 52.402223964000029 ], [ 15.853109594000045, 52.402529370000082 ], [ 15.843572129000052, 52.402902893000032 ], [ 15.835862879000047, 52.414078253000071 ], [ 15.82591853200006, 52.422116549000066 ], [ 15.826277936000054, 52.424066430000039 ], [ 15.826575500000047, 52.42568080500007 ], [ 15.824662858000067, 52.425693465000052 ], [ 15.819730095000068, 52.425726114000042 ], [ 15.806880543000034, 52.436302923000028 ], [ 15.805228857000031, 52.443249988000048 ], [ 15.827756553000029, 52.450508619000061 ], [ 15.832411850000028, 52.445593789000043 ], [ 15.833204022000075, 52.440999754000075 ], [ 15.834348154000054, 52.434364600000038 ], [ 15.853842858000064, 52.432374174000074 ], [ 15.857657312000072, 52.43716246200006 ], [ 15.859740561000024, 52.439777566000032 ], [ 15.865039125000067, 52.438394182000081 ], [ 15.874566169000047, 52.435906799000065 ], [ 15.875972421000029, 52.440218499000082 ], [ 15.876800721000052, 52.442758142000059 ], [ 15.882104040000058, 52.444088487000045 ], [ 15.897205648000067, 52.447876747000066 ], [ 15.892433027000038, 52.459351103000074 ], [ 15.890946118000045, 52.460382041000059 ], [ 15.88778003300007, 52.462577223000039 ], [ 15.890535063000073, 52.465810382000029 ], [ 15.892043869000076, 52.467581039000038 ], [ 15.891571335000037, 52.473155597000073 ], [ 15.884700680000037, 52.483382610000035 ], [ 15.884674653000047, 52.489287166000054 ], [ 15.879288479000024, 52.493268526000065 ], [ 15.871637029000055, 52.498924335000027 ], [ 15.870804290000024, 52.504066981000051 ], [ 15.872623025000053, 52.506318861000068 ], [ 15.875392482000052, 52.509747885000081 ], [ 15.866907240000046, 52.510577141000056 ], [ 15.862671854000041, 52.510991062000073 ], [ 15.852599918000067, 52.515680233000069 ], [ 15.836142780000046, 52.52892660100008 ], [ 15.847485619000054, 52.536526007000077 ], [ 15.85556420000006, 52.541938445000028 ], [ 15.857469193000043, 52.545839001000047 ], [ 15.843595235000066, 52.554579673000035 ], [ 15.843396013000074, 52.554705184000056 ], [ 15.841538111000034, 52.556687737000061 ], [ 15.833784027000036, 52.564962060000028 ], [ 15.833325259000048, 52.565103961000034 ], [ 15.826923787000055, 52.567083998000044 ], [ 15.825376611000024, 52.569357710000077 ], [ 15.827583804000028, 52.57756519000003 ], [ 15.830099082000061, 52.586918289000039 ], [ 15.819044312000074, 52.59184967300007 ], [ 15.809867431000043, 52.595943356000078 ], [ 15.80531860800005, 52.603139490000046 ], [ 15.796321100000057, 52.60690351900007 ], [ 15.787459289000026, 52.616489068000078 ], [ 15.787624154000071, 52.62106863300005 ], [ 15.790591952000057, 52.62208899400008 ], [ 15.796144755000057, 52.62399810900007 ], [ 15.793531820000055, 52.63520963700006 ], [ 15.784514175000027, 52.636605373000066 ], [ 15.776346470000021, 52.637869557000045 ], [ 15.785619132000022, 52.666435397000043 ], [ 15.791740469000047, 52.665721377000068 ], [ 15.79530950000003, 52.665305069000055 ], [ 15.813403443000027, 52.669005649000042 ], [ 15.812030419000052, 52.679664685000034 ], [ 15.803547457000036, 52.691988122000055 ], [ 15.793263511000077, 52.706927897000071 ], [ 15.811315352000065, 52.709589451000056 ], [ 15.820255146000022, 52.708583162000082 ], [ 15.836689096000043, 52.706733310000061 ], [ 15.877734153000063, 52.71354090300008 ], [ 15.885423970000033, 52.71481631000006 ], [ 15.890117523000072, 52.714609007000035 ], [ 15.901470990000064, 52.714107551000041 ], [ 15.911874234000038, 52.718791314000043 ], [ 15.925033833000043, 52.724716047000072 ], [ 15.931563889000074, 52.726466023000057 ], [ 15.944984266000063, 52.730062522000026 ], [ 15.94729876100007, 52.736590945000046 ], [ 15.94678820300004, 52.754834216000063 ], [ 15.926889274000075, 52.78058122300007 ], [ 15.927632003000042, 52.784028873000068 ], [ 15.931524915000068, 52.785223128000041 ], [ 15.93789130600004, 52.787176189000036 ], [ 15.934126334000041, 52.80080788600003 ], [ 15.924102064000067, 52.802878899000063 ], [ 15.902685188000078, 52.807303624000042 ], [ 15.895886657000062, 52.811760087000039 ], [ 15.896256124000047, 52.821586362000062 ], [ 15.902516880000064, 52.827321518000076 ], [ 15.902407801000038, 52.833890445000065 ], [ 15.917228099000056, 52.839702589000069 ], [ 15.919971745000055, 52.837731742000074 ], [ 15.926686434000032, 52.832908370000041 ], [ 15.948411867000061, 52.842203921000078 ], [ 15.948995379000053, 52.848392980000028 ], [ 15.949539514000037, 52.854164389000061 ], [ 15.963704578000034, 52.85393945800007 ], [ 15.969963979000056, 52.853840063000064 ], [ 15.966702135000048, 52.856835230000058 ], [ 15.973005795000063, 52.858879425000055 ], [ 15.971976822000045, 52.86512325800004 ], [ 15.970151596000051, 52.866191411000045 ], [ 15.962211289000038, 52.870838214000059 ], [ 15.964528226000027, 52.87359659100008 ], [ 15.973940240000047, 52.873408098000027 ], [ 15.974764228000026, 52.873391596000033 ], [ 15.979132224000068, 52.878438780000067 ], [ 15.974200661000054, 52.891376708000053 ], [ 15.972857138000052, 52.89490143200004 ], [ 15.968251068000029, 52.899340261000077 ], [ 15.974418914000069, 52.906435831000067 ], [ 15.979466212000034, 52.912242308000032 ], [ 15.978072964000035, 52.915860644000077 ], [ 15.97468310000005, 52.924664288000031 ], [ 15.973323128000061, 52.928196203000027 ], [ 15.974759113000061, 52.929909095000028 ], [ 15.979083385000024, 52.935067231000062 ], [ 15.97068686800003, 52.945353426000054 ], [ 15.96108068500007, 52.957121528000073 ], [ 15.959795798000073, 52.968507703000057 ], [ 15.951515607000033, 52.972970640000028 ], [ 15.954343532000053, 52.980012935000047 ], [ 15.953894115000026, 52.982253374000038 ], [ 15.953762910000023, 52.982907459000046 ], [ 15.950958267000033, 52.996889212000042 ], [ 15.954194358000052, 53.007676867000043 ], [ 15.955884985000068, 53.013312650000046 ], [ 15.954764451000074, 53.02937724700007 ], [ 15.954363615000034, 53.035123859000066 ], [ 15.962497347000067, 53.041381025000078 ], [ 16.007874124000068, 53.034292880000066 ], [ 16.024459848000049, 53.035144779000063 ], [ 16.044850516000054, 53.028595173000042 ], [ 16.050250605000031, 53.025047715000028 ], [ 16.05624829900006, 53.021107675000053 ], [ 16.074618542000053, 53.016089897000029 ], [ 16.118129427000042, 53.012080919000027 ], [ 16.138547379000045, 53.01413184900008 ], [ 16.158848930000033, 53.022402303000035 ], [ 16.18549501800004, 53.033257396000067 ], [ 16.227560768000046, 53.039116941000032 ], [ 16.253392800000029, 53.046555044000058 ], [ 16.271760356000073, 53.048211730000048 ], [ 16.286489427000049, 53.044100784000079 ], [ 16.286315441000056, 53.043009985000026 ], [ 16.285999291000053, 53.041027891000056 ], [ 16.315479159000063, 53.037078542000074 ], [ 16.316348933000029, 53.043346928000062 ], [ 16.31553751000007, 53.043796003000068 ], [ 16.311333694000041, 53.046122568000044 ], [ 16.31338690900003, 53.049561046000065 ], [ 16.323040756000069, 53.050391445000059 ], [ 16.324816936000047, 53.057176861000073 ], [ 16.336506780000036, 53.06024100500008 ], [ 16.338495672000022, 53.06076233400006 ], [ 16.345187874000032, 53.067049092000047 ], [ 16.350728091000065, 53.072253657000033 ], [ 16.353092907000075, 53.073248558000046 ], [ 16.362518644000033, 53.077214056000059 ], [ 16.363858064000055, 53.081869921000077 ], [ 16.359562890000063, 53.09219279000007 ], [ 16.353634546000023, 53.100839660000076 ], [ 16.346595715000035, 53.111106246000077 ], [ 16.360133051000048, 53.11493639300005 ], [ 16.365501982000069, 53.120083063000038 ], [ 16.364545834000069, 53.123699828000042 ], [ 16.372359006000067, 53.12845204100006 ], [ 16.376810841000065, 53.127233439000065 ], [ 16.380619984000077, 53.128266450000069 ], [ 16.390526645000023, 53.130953061000071 ], [ 16.391692146000025, 53.140311464000035 ], [ 16.397549849000029, 53.148650390000057 ], [ 16.396564492000039, 53.150544848000038 ], [ 16.392785039000046, 53.157811265000078 ], [ 16.400277469000059, 53.160750092000058 ], [ 16.400678944000049, 53.163208616000077 ], [ 16.40816116700006, 53.163208616000077 ], [ 16.407981128000074, 53.157860551000056 ], [ 16.41179986800006, 53.155459791000055 ], [ 16.421213402000035, 53.149541706000036 ], [ 16.431465071000048, 53.154709461000039 ], [ 16.433543986000075, 53.155757420000043 ], [ 16.436274418000039, 53.15570228100006 ], [ 16.444433180000033, 53.155537521000042 ], [ 16.445634518000077, 53.157634537000035 ], [ 16.447553623000033, 53.16098446400008 ], [ 16.457301920000077, 53.163208616000077 ], [ 16.472166751000032, 53.169127852000031 ], [ 16.483120371000041, 53.165372946000048 ], [ 16.486013018000051, 53.164381345000038 ], [ 16.498652848000063, 53.16470376500007 ], [ 16.504135966000035, 53.174003973000026 ], [ 16.506772470000044, 53.178475888000037 ], [ 16.510549774000026, 53.180828605000045 ], [ 16.513899210000034, 53.182914822000043 ], [ 16.519846990000076, 53.186619434000079 ], [ 16.523686780000048, 53.191847873000029 ], [ 16.528594134000059, 53.198529957000062 ], [ 16.529647766000039, 53.199019048000082 ], [ 16.535391821000076, 53.201685412000074 ], [ 16.533150938000063, 53.206363784000075 ], [ 16.530548446000068, 53.21179709900008 ], [ 16.53266796500003, 53.21743052100004 ], [ 16.543175356000063, 53.218963583000061 ], [ 16.551130551000028, 53.220124271000032 ], [ 16.555669558000034, 53.225972069000079 ], [ 16.560271272000023, 53.231900655000061 ], [ 16.581905289000076, 53.227790827000035 ], [ 16.594641907000039, 53.228415755000071 ], [ 16.598147543000039, 53.221106868000049 ], [ 16.601323166000043, 53.214486025000042 ], [ 16.609993398000029, 53.20938048000005 ], [ 16.622382254000058, 53.208265604000076 ], [ 16.623398692000023, 53.214625959000045 ], [ 16.632636442000035, 53.219134534000034 ], [ 16.62890175800004, 53.225218056000074 ], [ 16.633001537000041, 53.229582795000056 ], [ 16.627768150000065, 53.232051243000058 ], [ 16.623021261000076, 53.234290222000027 ], [ 16.622951565000051, 53.238630474000047 ], [ 16.63038952200003, 53.249322801000062 ], [ 16.634268220000024, 53.251366776000054 ], [ 16.641874269000027, 53.255374969000059 ], [ 16.638516801000037, 53.25816188400006 ], [ 16.636373535000075, 53.259940933000053 ], [ 16.636711516000048, 53.262843450000048 ], [ 16.644443433000049, 53.265096807000077 ], [ 16.655958630000043, 53.268452746000037 ], [ 16.655021870000041, 53.272112079000067 ], [ 16.653096202000029, 53.279634460000068 ], [ 16.662841455000034, 53.280175264000036 ], [ 16.677670329000023, 53.290915846000075 ], [ 16.686272935000034, 53.292836758000078 ], [ 16.714467098000057, 53.299132353000061 ], [ 16.708015525000064, 53.302949542000079 ], [ 16.696853322000038, 53.302231844000062 ], [ 16.694182420000061, 53.306419058000074 ], [ 16.683129111000028, 53.31023009200004 ], [ 16.678796017000025, 53.318923035000068 ], [ 16.666701985000032, 53.319745592000061 ], [ 16.65967316900003, 53.320223646000045 ], [ 16.651885662000041, 53.325658086000033 ], [ 16.63770555800005, 53.329057196000065 ], [ 16.637561504000075, 53.335322468000072 ], [ 16.630279284000039, 53.33940242400007 ], [ 16.629823987000066, 53.341207702000077 ], [ 16.628430918000049, 53.346731294000051 ], [ 16.614396305000071, 53.346642799000051 ], [ 16.586639756000068, 53.346467781000058 ], [ 16.578926047000039, 53.352581816000054 ], [ 16.572696965000034, 53.357519106000041 ], [ 16.56563393700003, 53.354807400000027 ], [ 16.562358779000022, 53.353549970000074 ], [ 16.552419967000048, 53.356575275000068 ], [ 16.54358114200005, 53.367894850000027 ], [ 16.536275129000046, 53.377251406000028 ], [ 16.531529735000049, 53.373546197000053 ], [ 16.524488322000025, 53.368048255000076 ], [ 16.509749016000058, 53.375600698000028 ], [ 16.508805438000024, 53.380233211000075 ], [ 16.508391605000043, 53.380503171000043 ], [ 16.504228244000046, 53.383219094000026 ], [ 16.492688609000027, 53.385224612000059 ], [ 16.477239319000034, 53.387909604000072 ], [ 16.476131870000074, 53.397612257000048 ], [ 16.472117185000059, 53.404062234000037 ], [ 16.46571225100007, 53.406195421000064 ], [ 16.444720077000056, 53.451662964000036 ], [ 16.446529091000059, 53.454342690000033 ], [ 16.458884072000046, 53.452808086000061 ], [ 16.462693889000036, 53.457075023000073 ], [ 16.454042746000027, 53.460235165000029 ], [ 16.446329802000037, 53.457781404000059 ], [ 16.439479147000043, 53.459361896000075 ], [ 16.437555983000038, 53.462318981000067 ], [ 16.454163226000048, 53.488493558000073 ], [ 16.472197921000031, 53.479886200000067 ], [ 16.491307345000052, 53.470765910000068 ], [ 16.503840955000044, 53.473019682000029 ], [ 16.533048352000037, 53.478271705000054 ], [ 16.557716317000029, 53.478608501000053 ], [ 16.578486911000027, 53.47889208600003 ], [ 16.582187901000054, 53.481147088000057 ], [ 16.585272309000061, 53.483026408000057 ], [ 16.605514022000023, 53.483566848000066 ], [ 16.645440957000062, 53.484632871000031 ], [ 16.655358514000056, 53.491237571000056 ], [ 16.694036573000062, 53.516995627000028 ], [ 16.70278281700007, 53.516284954000071 ], [ 16.708240619000037, 53.515841483000031 ], [ 16.720749262000027, 53.522325410000064 ], [ 16.725089620000062, 53.52964236400004 ], [ 16.721425619000058, 53.532400714000062 ], [ 16.717773590000036, 53.535150051000073 ], [ 16.719818355000029, 53.545708557000069 ], [ 16.726570278000054, 53.555214031000048 ], [ 16.725886799000023, 53.561509938000029 ], [ 16.72899192400007, 53.56743487500006 ], [ 16.733791946000053, 53.567279924000047 ], [ 16.739476423000042, 53.567096421000031 ], [ 16.744933959000036, 53.573714813000038 ], [ 16.739972935000026, 53.584713398000076 ], [ 16.739750208000032, 53.58520718300008 ], [ 16.74325721200006, 53.594067578000079 ], [ 16.741800867000052, 53.598961032000034 ], [ 16.747161174000041, 53.600932311000065 ], [ 16.749467883000023, 53.601780614000063 ], [ 16.761512998000057, 53.61808448000005 ], [ 16.761189505000061, 53.618888772000048 ], [ 16.759259630000031, 53.623686973000076 ], [ 16.780990348000046, 53.62663219500007 ], [ 16.812474001000055, 53.630899258000056 ], [ 16.815484699000024, 53.634054824000032 ], [ 16.814073251000025, 53.636745247000079 ], [ 16.813154388000044, 53.638496733000068 ], [ 16.814495430000022, 53.640882100000056 ], [ 16.820569055000021, 53.641910186000075 ], [ 16.826631104000057, 53.642284912000036 ], [ 16.832232418000046, 53.636048907000031 ], [ 16.839346326000054, 53.628128915000048 ], [ 16.846939616000043, 53.626961450000067 ], [ 16.853769807000049, 53.631206233000057 ], [ 16.854503763000025, 53.636523238000052 ], [ 16.854896619000044, 53.639369205000037 ], [ 16.865286089000051, 53.64887754800003 ], [ 16.871410934000039, 53.648569509000026 ], [ 16.892247855000051, 53.655868856000041 ], [ 16.899121490000027, 53.641454414000066 ], [ 16.898225996000065, 53.633926132000056 ] ], [ [ 18.427036519000069, 51.796442806000073 ], [ 18.429037103000041, 51.801885502000061 ], [ 18.424468073000071, 51.800777126000071 ], [ 18.423864783000056, 51.794904620000068 ], [ 18.427036519000069, 51.796442806000073 ] ] ], [ [ [ 15.876679848000038, 52.47010516000006 ], [ 15.880477438000071, 52.470379020000053 ], [ 15.884223896000037, 52.466210665000062 ], [ 15.879747, 52.465407707000054 ], [ 15.876679848000038, 52.47010516000006 ] ] ], [ [ [ 17.701491014000055, 52.611917051000034 ], [ 17.701358501000072, 52.612808064000035 ], [ 17.700723306000043, 52.617079103000037 ], [ 17.705864090000034, 52.615387421000037 ], [ 17.705676982000057, 52.614654330000064 ], [ 17.704758200000072, 52.611054524000053 ], [ 17.701491014000055, 52.611917051000034 ] ] ], [ [ [ 17.415944978000027, 52.766199184000072 ], [ 17.419349966000027, 52.768097797000053 ], [ 17.424594425000066, 52.766512443000067 ], [ 17.421873158000039, 52.763524313000062 ], [ 17.415944978000027, 52.766199184000072 ] ] ] ] } },
{ "type": "Feature", "properties": { "voivodeship": "zachodniopomorskie" }, "geometry": { "type": "MultiPolygon", "coordinates": [ [ [ [ 16.787587127000052, 54.486403754000037 ], [ 16.793315231000065, 54.487439107000057 ], [ 16.796857379000073, 54.484738028000038 ], [ 16.801488999000071, 54.481206168000028 ], [ 16.804638989000068, 54.480945703000032 ], [ 16.809490663000076, 54.480544530000032 ], [ 16.815020798000035, 54.472006899000064 ], [ 16.816347841000038, 54.469958161000079 ], [ 16.817002090000074, 54.47030099400007 ], [ 16.820569055000021, 54.472170119000054 ], [ 16.826299383000048, 54.465535924000051 ], [ 16.824707098000033, 54.462877782000078 ], [ 16.826927820000037, 54.458707783000079 ], [ 16.826820786000042, 54.458568189000061 ], [ 16.82293339000006, 54.453498223000054 ], [ 16.834669098000063, 54.443486742000061 ], [ 16.83988880000004, 54.439033927000082 ], [ 16.839616340000077, 54.432003422000037 ], [ 16.833091769000077, 54.425023760000045 ], [ 16.82439090400004, 54.415716006000082 ], [ 16.830501373000061, 54.411707253000031 ], [ 16.837440159000039, 54.407155086000046 ], [ 16.84214273200007, 54.397788591000051 ], [ 16.856947122000065, 54.381409305000034 ], [ 16.849353189000055, 54.374456642000041 ], [ 16.840839186000039, 54.37499534300008 ], [ 16.834117701000025, 54.370366091000051 ], [ 16.81843268700004, 54.368310461000078 ], [ 16.808910058000038, 54.367062455000053 ], [ 16.810362053000063, 54.361411990000079 ], [ 16.81731811800006, 54.358054664000065 ], [ 16.817349897000042, 54.358013530000051 ], [ 16.826877581000076, 54.34568104300007 ], [ 16.826351319000025, 54.343637987000079 ], [ 16.822851067000045, 54.330049323000082 ], [ 16.820370443000058, 54.326417377000041 ], [ 16.815126961000033, 54.318740257000059 ], [ 16.82627463700004, 54.316924829000072 ], [ 16.839570392000041, 54.314759581000033 ], [ 16.853118692000066, 54.307856199000071 ], [ 16.862838354000075, 54.288634169000034 ], [ 16.865115887000059, 54.276999487000069 ], [ 16.863929766000069, 54.261095463000061 ], [ 16.83338761300007, 54.24664092200004 ], [ 16.83043318700004, 54.246695149000061 ], [ 16.820569055000021, 54.246876198000052 ], [ 16.809187928000028, 54.243376939000029 ], [ 16.772046432000025, 54.240078548000042 ], [ 16.753474322000045, 54.233849669000051 ], [ 16.744822370000065, 54.230947901000036 ], [ 16.738792025000066, 54.231398995000063 ], [ 16.731715267000027, 54.231928364000055 ], [ 16.727103007000039, 54.224305823000066 ], [ 16.712725586000033, 54.214020495000057 ], [ 16.719065881000063, 54.208502570000064 ], [ 16.720780021000053, 54.202966210000056 ], [ 16.72808301300006, 54.202416636000066 ], [ 16.732731901000022, 54.202066792000039 ], [ 16.735301906000075, 54.188124142000049 ], [ 16.73356349900007, 54.186692978000053 ], [ 16.729534731000058, 54.183376249000048 ], [ 16.730592742000056, 54.179669674000081 ], [ 16.738085240000032, 54.176752319000059 ], [ 16.747958994000044, 54.172907774000066 ], [ 16.754001672000072, 54.165664935000052 ], [ 16.754682457000058, 54.164448082000035 ], [ 16.758629533000033, 54.15739297600004 ], [ 16.767579899000054, 54.154886649000048 ], [ 16.774953571000026, 54.152821835000054 ], [ 16.776036916000066, 54.143292233000068 ], [ 16.776800678000029, 54.136573827000063 ], [ 16.778622942000027, 54.134859838000068 ], [ 16.782993771000065, 54.130748715000038 ], [ 16.780556617000059, 54.128554600000029 ], [ 16.778041486000063, 54.12629028300006 ], [ 16.779870651000067, 54.120003417000078 ], [ 16.787188050000054, 54.120463001000076 ], [ 16.794499332000044, 54.120922201000042 ], [ 16.803370562000055, 54.116269321000061 ], [ 16.798607750000031, 54.102184108000074 ], [ 16.798093705000042, 54.101891442000067 ], [ 16.793976237000038, 54.099547207000057 ], [ 16.793288761000042, 54.084545416000026 ], [ 16.794511922000027, 54.076788391000036 ], [ 16.799774190000051, 54.077035305000038 ], [ 16.803628827000068, 54.077216170000042 ], [ 16.810532952000074, 54.072250084000075 ], [ 16.809475982000038, 54.060603693000076 ], [ 16.804788569000038, 54.057356097000081 ], [ 16.795939072000067, 54.051224872000034 ], [ 16.796104049000064, 54.040809444000047 ], [ 16.796192690000055, 54.035213350000049 ], [ 16.789785573000074, 54.028770824000048 ], [ 16.784480041000052, 54.023435970000037 ], [ 16.789219523000042, 54.013447195000026 ], [ 16.790676655000027, 54.010376192000081 ], [ 16.79475638200006, 54.007188996000082 ], [ 16.799383947000024, 54.00357381300006 ], [ 16.796183965000068, 53.987431137000044 ], [ 16.792764348000048, 53.985550601000057 ], [ 16.792231040000047, 53.98060644800006 ], [ 16.806547402000035, 53.978475212000035 ], [ 16.812980516000039, 53.980487589000063 ], [ 16.810733314000061, 53.985155919000078 ], [ 16.805855980000047, 53.985755548000043 ], [ 16.802446554000028, 53.986174710000057 ], [ 16.805131543000073, 53.993327614000066 ], [ 16.809527830000036, 53.994793725000079 ], [ 16.812051262000068, 53.995635260000029 ], [ 16.815747766000072, 53.999157146000073 ], [ 16.820569055000021, 54.003750684000067 ], [ 16.825286250000033, 54.003101358000038 ], [ 16.827912536000042, 53.998250496000082 ], [ 16.829187245000071, 53.995896056000049 ], [ 16.83471355000006, 53.996362116000057 ], [ 16.841697771000042, 53.996951129000081 ], [ 16.843337283000039, 53.992843008000079 ], [ 16.846638249000023, 53.984571782000046 ], [ 16.86587796200007, 53.977880508000055 ], [ 16.875504619000026, 53.97453250600006 ], [ 16.878892366000059, 53.963946355000076 ], [ 16.877527240000063, 53.955190749000053 ], [ 16.874072168000055, 53.951702825000041 ], [ 16.872323965000078, 53.951579442000082 ], [ 16.863792250000074, 53.950977299000044 ], [ 16.862920607000035, 53.946767734000048 ], [ 16.871782460000077, 53.945679858000062 ], [ 16.872982394000076, 53.945532555000057 ], [ 16.87398022900004, 53.944451316000027 ], [ 16.877091506000056, 53.941079984000055 ], [ 16.898040543000036, 53.930792052000072 ], [ 16.908242495000025, 53.925781942000071 ], [ 16.922042366000028, 53.924645174000034 ], [ 16.925385810000023, 53.919813545000068 ], [ 16.936861978000024, 53.913611247000063 ], [ 16.948966828000039, 53.912054567000041 ], [ 16.95421999000007, 53.907590139000035 ], [ 16.965972933000046, 53.904868572000055 ], [ 16.982053708000024, 53.904909639000039 ], [ 16.977385439000045, 53.884189855000045 ], [ 16.975778653000077, 53.880374062000044 ], [ 16.969253771000069, 53.878367270000069 ], [ 16.952008871000032, 53.878924635000033 ], [ 16.949743007000052, 53.874744318000069 ], [ 16.916615519000061, 53.876416636000044 ], [ 16.91074046600005, 53.876713216000041 ], [ 16.901264845000071, 53.87515694700005 ], [ 16.899990243000047, 53.874947607000081 ], [ 16.893819987000029, 53.878081141000052 ], [ 16.894131026000025, 53.873071420000031 ], [ 16.894166552000058, 53.872499221000055 ], [ 16.886312980000071, 53.870785864000027 ], [ 16.872829245000048, 53.867844215000048 ], [ 16.870935648000057, 53.859755788000029 ], [ 16.870485503000054, 53.857833011000082 ], [ 16.868906682000045, 53.856414038000082 ], [ 16.865281529000072, 53.853155916000048 ], [ 16.869588022000073, 53.847752100000037 ], [ 16.871849632000021, 53.844914217000053 ], [ 16.871770320000053, 53.840855673000078 ], [ 16.871582698000054, 53.831254698000066 ], [ 16.878653338000049, 53.830489141000044 ], [ 16.881933127000025, 53.830134029000078 ], [ 16.901264843000035, 53.823191848000079 ], [ 16.90892393200005, 53.820441404000064 ], [ 16.910517632000051, 53.817672585000082 ], [ 16.908003786000052, 53.812811724000028 ], [ 16.907724345000076, 53.812271388000056 ], [ 16.910168790000057, 53.802495028000067 ], [ 16.913181028000054, 53.800569777000078 ], [ 16.922533257000055, 53.799465148000081 ], [ 16.93444478300006, 53.80149808300007 ], [ 16.936030490000064, 53.801768715000037 ], [ 16.940684437000073, 53.805783781000059 ], [ 16.946971315000042, 53.804680623000081 ], [ 16.930893646000072, 53.777812568000058 ], [ 16.921879267000065, 53.774477538000042 ], [ 16.917026930000077, 53.772682330000066 ], [ 16.90126484700005, 53.762252746000058 ], [ 16.899073628000053, 53.760802842000032 ], [ 16.892003354000053, 53.758462954000038 ], [ 16.857653625000069, 53.747095005000062 ], [ 16.862697473000026, 53.739446074000057 ], [ 16.863553911000054, 53.737857217000055 ], [ 16.865556269000024, 53.734142458000065 ], [ 16.868055967000032, 53.730667995000033 ], [ 16.873685658000056, 53.723537947000068 ], [ 16.876557151000043, 53.719155964000038 ], [ 16.87985784600005, 53.691271328000028 ], [ 16.880053634000035, 53.689617288000079 ], [ 16.892247855000051, 53.655868856000041 ], [ 16.871410934000039, 53.648569509000026 ], [ 16.865286089000051, 53.64887754800003 ], [ 16.854896619000044, 53.639369205000037 ], [ 16.854503763000025, 53.636523238000052 ], [ 16.853769807000049, 53.631206233000057 ], [ 16.846939616000043, 53.626961450000067 ], [ 16.839346326000054, 53.628128915000048 ], [ 16.832232418000046, 53.636048907000031 ], [ 16.826631104000057, 53.642284912000036 ], [ 16.820569055000021, 53.641910186000075 ], [ 16.814495430000022, 53.640882100000056 ], [ 16.813154388000044, 53.638496733000068 ], [ 16.814073251000025, 53.636745247000079 ], [ 16.815484699000024, 53.634054824000032 ], [ 16.812474001000055, 53.630899258000056 ], [ 16.780990348000046, 53.62663219500007 ], [ 16.759259630000031, 53.623686973000076 ], [ 16.761189505000061, 53.618888772000048 ], [ 16.761512998000057, 53.61808448000005 ], [ 16.749467883000023, 53.601780614000063 ], [ 16.747161174000041, 53.600932311000065 ], [ 16.741800867000052, 53.598961032000034 ], [ 16.74325721200006, 53.594067578000079 ], [ 16.739750208000032, 53.58520718300008 ], [ 16.739972935000026, 53.584713398000076 ], [ 16.744933959000036, 53.573714813000038 ], [ 16.739476423000042, 53.567096421000031 ], [ 16.733791946000053, 53.567279924000047 ], [ 16.72899192400007, 53.56743487500006 ], [ 16.725886799000023, 53.561509938000029 ], [ 16.726570278000054, 53.555214031000048 ], [ 16.719818355000029, 53.545708557000069 ], [ 16.717773590000036, 53.535150051000073 ], [ 16.721425619000058, 53.532400714000062 ], [ 16.725089620000062, 53.52964236400004 ], [ 16.720749262000027, 53.522325410000064 ], [ 16.708240619000037, 53.515841483000031 ], [ 16.70278281700007, 53.516284954000071 ], [ 16.694036573000062, 53.516995627000028 ], [ 16.655358514000056, 53.491237571000056 ], [ 16.645440957000062, 53.484632871000031 ], [ 16.605514022000023, 53.483566848000066 ], [ 16.585272309000061, 53.483026408000057 ], [ 16.582187901000054, 53.481147088000057 ], [ 16.578486911000027, 53.47889208600003 ], [ 16.557716317000029, 53.478608501000053 ], [ 16.533048352000037, 53.478271705000054 ], [ 16.503840955000044, 53.473019682000029 ], [ 16.491307345000052, 53.470765910000068 ], [ 16.472197921000031, 53.479886200000067 ], [ 16.454163226000048, 53.488493558000073 ], [ 16.437555983000038, 53.462318981000067 ], [ 16.439479147000043, 53.459361896000075 ], [ 16.446329802000037, 53.457781404000059 ], [ 16.454042746000027, 53.460235165000029 ], [ 16.462693889000036, 53.457075023000073 ], [ 16.458884072000046, 53.452808086000061 ], [ 16.446529091000059, 53.454342690000033 ], [ 16.444720077000056, 53.451662964000036 ], [ 16.46571225100007, 53.406195421000064 ], [ 16.472117185000059, 53.404062234000037 ], [ 16.476131870000074, 53.397612257000048 ], [ 16.477239319000034, 53.387909604000072 ], [ 16.492688609000027, 53.385224612000059 ], [ 16.504228244000046, 53.383219094000026 ], [ 16.508391605000043, 53.380503171000043 ], [ 16.508805438000024, 53.380233211000075 ], [ 16.509749016000058, 53.375600698000028 ], [ 16.524488322000025, 53.368048255000076 ], [ 16.531529735000049, 53.373546197000053 ], [ 16.536275129000046, 53.377251406000028 ], [ 16.54358114200005, 53.367894850000027 ], [ 16.552419967000048, 53.356575275000068 ], [ 16.562358779000022, 53.353549970000074 ], [ 16.56563393700003, 53.354807400000027 ], [ 16.572696965000034, 53.357519106000041 ], [ 16.578926047000039, 53.352581816000054 ], [ 16.586639756000068, 53.346467781000058 ], [ 16.614396305000071, 53.346642799000051 ], [ 16.628430918000049, 53.346731294000051 ], [ 16.629823987000066, 53.341207702000077 ], [ 16.630279284000039, 53.33940242400007 ], [ 16.637561504000075, 53.335322468000072 ], [ 16.63770555800005, 53.329057196000065 ], [ 16.651885662000041, 53.325658086000033 ], [ 16.65967316900003, 53.320223646000045 ], [ 16.666701985000032, 53.319745592000061 ], [ 16.678796017000025, 53.318923035000068 ], [ 16.683129111000028, 53.31023009200004 ], [ 16.694182420000061, 53.306419058000074 ], [ 16.696853322000038, 53.302231844000062 ], [ 16.708015525000064, 53.302949542000079 ], [ 16.714467098000057, 53.299132353000061 ], [ 16.686272935000034, 53.292836758000078 ], [ 16.677670329000023, 53.290915846000075 ], [ 16.662841455000034, 53.280175264000036 ], [ 16.653096202000029, 53.279634460000068 ], [ 16.655021870000041, 53.272112079000067 ], [ 16.655958630000043, 53.268452746000037 ], [ 16.644443433000049, 53.265096807000077 ], [ 16.636711516000048, 53.262843450000048 ], [ 16.636373535000075, 53.259940933000053 ], [ 16.638516801000037, 53.25816188400006 ], [ 16.641874269000027, 53.255374969000059 ], [ 16.634268220000024, 53.251366776000054 ], [ 16.63038952200003, 53.249322801000062 ], [ 16.622951565000051, 53.238630474000047 ], [ 16.623021261000076, 53.234290222000027 ], [ 16.627768150000065, 53.232051243000058 ], [ 16.633001537000041, 53.229582795000056 ], [ 16.62890175800004, 53.225218056000074 ], [ 16.632636442000035, 53.219134534000034 ], [ 16.623398692000023, 53.214625959000045 ], [ 16.622382254000058, 53.208265604000076 ], [ 16.609993398000029, 53.20938048000005 ], [ 16.601323166000043, 53.214486025000042 ], [ 16.598147543000039, 53.221106868000049 ], [ 16.594641907000039, 53.228415755000071 ], [ 16.581905289000076, 53.227790827000035 ], [ 16.560271272000023, 53.231900655000061 ], [ 16.555669558000034, 53.225972069000079 ], [ 16.551130551000028, 53.220124271000032 ], [ 16.543175356000063, 53.218963583000061 ], [ 16.53266796500003, 53.21743052100004 ], [ 16.530548446000068, 53.21179709900008 ], [ 16.533150938000063, 53.206363784000075 ], [ 16.535391821000076, 53.201685412000074 ], [ 16.529647766000039, 53.199019048000082 ], [ 16.528594134000059, 53.198529957000062 ], [ 16.523686780000048, 53.191847873000029 ], [ 16.519846990000076, 53.186619434000079 ], [ 16.513899210000034, 53.182914822000043 ], [ 16.510549774000026, 53.180828605000045 ], [ 16.506772470000044, 53.178475888000037 ], [ 16.504135966000035, 53.174003973000026 ], [ 16.498652848000063, 53.16470376500007 ], [ 16.486013018000051, 53.164381345000038 ], [ 16.483120371000041, 53.165372946000048 ], [ 16.472166751000032, 53.169127852000031 ], [ 16.457301920000077, 53.163208616000077 ], [ 16.447553623000033, 53.16098446400008 ], [ 16.445634518000077, 53.157634537000035 ], [ 16.444433180000033, 53.155537521000042 ], [ 16.436274418000039, 53.15570228100006 ], [ 16.433543986000075, 53.155757420000043 ], [ 16.431465071000048, 53.154709461000039 ], [ 16.421213402000035, 53.149541706000036 ], [ 16.41179986800006, 53.155459791000055 ], [ 16.407981128000074, 53.157860551000056 ], [ 16.40816116700006, 53.163208616000077 ], [ 16.400678944000049, 53.163208616000077 ], [ 16.400277469000059, 53.160750092000058 ], [ 16.392785039000046, 53.157811265000078 ], [ 16.396564492000039, 53.150544848000038 ], [ 16.397549849000029, 53.148650390000057 ], [ 16.391692146000025, 53.140311464000035 ], [ 16.390526645000023, 53.130953061000071 ], [ 16.380619984000077, 53.128266450000069 ], [ 16.376810841000065, 53.127233439000065 ], [ 16.372359006000067, 53.12845204100006 ], [ 16.364545834000069, 53.123699828000042 ], [ 16.365501982000069, 53.120083063000038 ], [ 16.360133051000048, 53.11493639300005 ], [ 16.346595715000035, 53.111106246000077 ], [ 16.353634546000023, 53.100839660000076 ], [ 16.359562890000063, 53.09219279000007 ], [ 16.363858064000055, 53.081869921000077 ], [ 16.362518644000033, 53.077214056000059 ], [ 16.353092907000075, 53.073248558000046 ], [ 16.350728091000065, 53.072253657000033 ], [ 16.345187874000032, 53.067049092000047 ], [ 16.338495672000022, 53.06076233400006 ], [ 16.336506780000036, 53.06024100500008 ], [ 16.324816936000047, 53.057176861000073 ], [ 16.323040756000069, 53.050391445000059 ], [ 16.31338690900003, 53.049561046000065 ], [ 16.311333694000041, 53.046122568000044 ], [ 16.31553751000007, 53.043796003000068 ], [ 16.316348933000029, 53.043346928000062 ], [ 16.315479159000063, 53.037078542000074 ], [ 16.285999291000053, 53.041027891000056 ], [ 16.286315441000056, 53.043009985000026 ], [ 16.286489427000049, 53.044100784000079 ], [ 16.271760356000073, 53.048211730000048 ], [ 16.253392800000029, 53.046555044000058 ], [ 16.227560768000046, 53.039116941000032 ], [ 16.18549501800004, 53.033257396000067 ], [ 16.158848930000033, 53.022402303000035 ], [ 16.138547379000045, 53.01413184900008 ], [ 16.118129427000042, 53.012080919000027 ], [ 16.074618542000053, 53.016089897000029 ], [ 16.05624829900006, 53.021107675000053 ], [ 16.050250605000031, 53.025047715000028 ], [ 16.044850516000054, 53.028595173000042 ], [ 16.024459848000049, 53.035144779000063 ], [ 16.007874124000068, 53.034292880000066 ], [ 15.962497347000067, 53.041381025000078 ], [ 15.976466489000074, 53.055447263000076 ], [ 15.981324193000034, 53.055747340000039 ], [ 15.986719316000062, 53.056080616000031 ], [ 15.986193470000046, 53.061427001000027 ], [ 15.985755166000047, 53.065883324000026 ], [ 15.99072284500005, 53.070604889000037 ], [ 15.993911285000024, 53.073635363000051 ], [ 15.997427075000076, 53.085412382000072 ], [ 15.994458439000027, 53.090112238000074 ], [ 15.986781250000035, 53.093474059000073 ], [ 15.980416128000059, 53.103379713000038 ], [ 15.983918467000024, 53.11335811500004 ], [ 15.982044940000037, 53.115525985000033 ], [ 15.976215108000076, 53.11078606500007 ], [ 15.934332556000072, 53.116883016000031 ], [ 15.91580979500003, 53.119579422000072 ], [ 15.913363632000028, 53.121178969000027 ], [ 15.909806956000068, 53.123504681000043 ], [ 15.897720108000044, 53.121557746000065 ], [ 15.882162675000075, 53.119051773000081 ], [ 15.877115557000025, 53.120054144000051 ], [ 15.874394787000028, 53.120594496000081 ], [ 15.848179965000043, 53.11523641000008 ], [ 15.851698368000029, 53.104935480000051 ], [ 15.855216899000027, 53.094634176000056 ], [ 15.836009929000056, 53.089490513000044 ], [ 15.817295474000048, 53.084478747000048 ], [ 15.816968933000055, 53.075304809000045 ], [ 15.816641169000036, 53.066096529000049 ], [ 15.805103010000039, 53.063088961000062 ], [ 15.791598380000039, 53.059568808000051 ], [ 15.795978652000031, 53.054026641000064 ], [ 15.801285426000049, 53.04731221000003 ], [ 15.787301764000063, 53.03863063600005 ], [ 15.767475533000038, 53.026321780000046 ], [ 15.768341200000066, 53.024802750000049 ], [ 15.774439119000021, 53.014102417000061 ], [ 15.765796019000049, 52.99989869400008 ], [ 15.723762826000041, 52.988501070000041 ], [ 15.711773181000069, 52.991944699000044 ], [ 15.702055702000052, 52.994735723000076 ], [ 15.681799669000043, 52.99576707500006 ], [ 15.652437135000071, 52.984682120000059 ], [ 15.635478465000062, 52.978279876000045 ], [ 15.624915713000064, 52.980449269000076 ], [ 15.607116131000055, 52.984104972000068 ], [ 15.595690496000032, 52.982614776000048 ], [ 15.58871814400004, 52.981705403000035 ], [ 15.581263506000028, 52.988236039000071 ], [ 15.571904321000034, 52.98766635700008 ], [ 15.560564459000034, 53.003018229000077 ], [ 15.554734071000041, 53.010911392000082 ], [ 15.546921592000047, 53.014461007000079 ], [ 15.542501086000073, 53.011271848000035 ], [ 15.537184142000058, 53.007435956000052 ], [ 15.486767475000022, 52.996984521000059 ], [ 15.464441030000046, 52.988709122000046 ], [ 15.448440276000042, 52.989530990000048 ], [ 15.443312209000055, 52.989794390000043 ], [ 15.418873145000077, 52.982895512000027 ], [ 15.404083990000061, 52.974496490000035 ], [ 15.389615074000062, 52.971593859000052 ], [ 15.387842400000068, 52.962703249000072 ], [ 15.387669192000033, 52.961834550000049 ], [ 15.383948929000042, 52.959959596000033 ], [ 15.381559760000073, 52.957881360000044 ], [ 15.370020643000032, 52.947843981000062 ], [ 15.352882489000024, 52.94238331400004 ], [ 15.307752049000044, 52.952506539000069 ], [ 15.286838573000068, 52.957197648000033 ], [ 15.283797396000068, 52.952368770000078 ], [ 15.284222718000024, 52.944446428000049 ], [ 15.292065685000068, 52.933219252000072 ], [ 15.305182138000077, 52.923863573000062 ], [ 15.31222327200004, 52.915860644000077 ], [ 15.322861022000041, 52.903769814000043 ], [ 15.326907478000066, 52.904061536000029 ], [ 15.331665335000025, 52.90440454600008 ], [ 15.331771427000035, 52.899051592000035 ], [ 15.327255732000026, 52.895707514000037 ], [ 15.290150738000023, 52.887089768000067 ], [ 15.288415133000058, 52.886686669000028 ], [ 15.288403465000044, 52.886638898000058 ], [ 15.287099271000045, 52.881299427000044 ], [ 15.280000236000035, 52.884225945000026 ], [ 15.200468818000047, 52.863948033000042 ], [ 15.19613722400004, 52.862843618000056 ], [ 15.186290002000021, 52.860289298000055 ], [ 15.071762613000033, 52.830581462000055 ], [ 15.065726827000049, 52.838574488000063 ], [ 15.048683137000069, 52.84456113400006 ], [ 15.044039061000035, 52.852653209000039 ], [ 15.040762500000028, 52.858362457000055 ], [ 15.036397166000029, 52.860342216000049 ], [ 15.015704815000049, 52.856618482000044 ], [ 15.008354545000032, 52.853391581000039 ], [ 15.008312595000064, 52.851194111000041 ], [ 15.008251990000076, 52.84801942200005 ], [ 14.991071489000035, 52.843291812000075 ], [ 14.988787553000066, 52.847302202000037 ], [ 14.987238045000026, 52.850023001000068 ], [ 14.98652703700003, 52.850194249000026 ], [ 14.980289808000066, 52.85169650000006 ], [ 14.980770871000061, 52.85755854100006 ], [ 14.98123645000004, 52.86323188800003 ], [ 14.968900893000068, 52.869665980000036 ], [ 14.964460845000076, 52.869620313000041 ], [ 14.957473163000031, 52.869548444000031 ], [ 14.954630207000037, 52.872571471000072 ], [ 14.950075321000043, 52.877414859000055 ], [ 14.934337585000037, 52.880689018000055 ], [ 14.925647088000062, 52.885049693000042 ], [ 14.92397412300005, 52.889203577000046 ], [ 14.916608781000036, 52.888694679000082 ], [ 14.904826317000072, 52.883798245000037 ], [ 14.890297485000076, 52.860712088000071 ], [ 14.895705529000054, 52.85579600300008 ], [ 14.89943512900004, 52.855360715000074 ], [ 14.910757560000036, 52.854039253000053 ], [ 14.918576723000058, 52.847917966000068 ], [ 14.917259040000033, 52.842422444000078 ], [ 14.896418193000045, 52.834100557000056 ], [ 14.895100144000025, 52.837537145000056 ], [ 14.893770438000047, 52.841004128000066 ], [ 14.887429645000054, 52.846113034000041 ], [ 14.865987874000041, 52.846497812000052 ], [ 14.86527921000004, 52.842398692000074 ], [ 14.868989178000049, 52.837584943000081 ], [ 14.871999534000054, 52.83367895300006 ], [ 14.863492317000066, 52.83119595800008 ], [ 14.85215237500006, 52.827886177000039 ], [ 14.855059973000039, 52.822452529000032 ], [ 14.85634374600005, 52.820053447000078 ], [ 14.856338323000045, 52.817032073000064 ], [ 14.856332020000025, 52.813520959000073 ], [ 14.857286066000029, 52.813013450000028 ], [ 14.863639312000032, 52.809633813000062 ], [ 14.863511224000035, 52.80080788600003 ], [ 14.863399302000062, 52.793095857000026 ], [ 14.853212036000059, 52.791140441000039 ], [ 14.847116391000043, 52.789970400000072 ], [ 14.847844561000045, 52.787722337000048 ], [ 14.849358377000044, 52.783048767000082 ], [ 14.846622226000022, 52.777797135000071 ], [ 14.828195074000064, 52.775209191000044 ], [ 14.817497477000074, 52.77370680000007 ], [ 14.810110852000037, 52.766384413000026 ], [ 14.801295745000061, 52.759100768000053 ], [ 14.79251571900005, 52.757067096000071 ], [ 14.790375293000068, 52.752230596000061 ], [ 14.795785974000069, 52.742933463000043 ], [ 14.79863094600006, 52.738044968000054 ], [ 14.796162448000075, 52.735241814000062 ], [ 14.797576617000061, 52.725729881000063 ], [ 14.790918753000028, 52.697018810000031 ], [ 14.776211278000062, 52.680748894000033 ], [ 14.766530007000028, 52.67360413800003 ], [ 14.76321000300004, 52.671153983000067 ], [ 14.751969440000039, 52.667688799000075 ], [ 14.749766550000061, 52.654851295000071 ], [ 14.748012029000051, 52.644626693000077 ], [ 14.738630718000024, 52.642393929000036 ], [ 14.733345533000033, 52.641136048000078 ], [ 14.733184994000055, 52.641012242000045 ], [ 14.720981370000061, 52.631600948000028 ], [ 14.696428862000062, 52.633406446000038 ], [ 14.670199154000045, 52.63774438300004 ], [ 14.659585436000043, 52.642312548000064 ], [ 14.662353320000022, 52.646664240000064 ], [ 14.662399238000035, 52.646736433000058 ], [ 14.660539240000048, 52.648612903000071 ], [ 14.65088888400004, 52.650826289000065 ], [ 14.640409641000076, 52.658441482000057 ], [ 14.628603272000078, 52.660407865000082 ], [ 14.62608612300005, 52.654075466000052 ], [ 14.625911999000039, 52.653637422000031 ], [ 14.583979361000047, 52.633211586000073 ], [ 14.583367320000036, 52.633369200000061 ], [ 14.575445824000042, 52.635409163000077 ], [ 14.565062983000075, 52.624496890000046 ], [ 14.498477107000042, 52.647350564000078 ], [ 14.467858357000068, 52.660006288000034 ], [ 14.453773867000052, 52.676489964000041 ], [ 14.436438136000049, 52.67990036100008 ], [ 14.430745449000028, 52.684025855000073 ], [ 14.430286066000065, 52.684891597000046 ], [ 14.42490181900007, 52.695038626000041 ], [ 14.413501944000075, 52.701253163000047 ], [ 14.374254142000041, 52.735759037000037 ], [ 14.361993040000073, 52.740298417000076 ], [ 14.361539912000069, 52.74046617700003 ], [ 14.360521725000069, 52.741492110000081 ], [ 14.350789004000035, 52.751298873000053 ], [ 14.324777776000076, 52.761169432000031 ], [ 14.297513031000051, 52.768949789000033 ], [ 14.281222576000062, 52.773598487000072 ], [ 14.257354838000026, 52.78717798200006 ], [ 14.253048165000052, 52.789816914000028 ], [ 14.238258032000033, 52.80080788600003 ], [ 14.231415334000076, 52.805892892000031 ], [ 14.216931921000025, 52.816655931000071 ], [ 14.204774451000048, 52.817886567000073 ], [ 14.183367819000068, 52.820053447000078 ], [ 14.141681876000064, 52.824273094000034 ], [ 14.130549948000066, 52.828414362000046 ], [ 14.123596244000055, 52.835651149000057 ], [ 14.123437423000041, 52.84399181200007 ], [ 14.127408185000036, 52.849807508000026 ], [ 14.146588524000038, 52.866215250000039 ], [ 14.157468960000074, 52.875522874000069 ], [ 14.160889616000077, 52.888030473000072 ], [ 14.156692153000051, 52.895590998000046 ], [ 14.15269838200004, 52.900940547000062 ], [ 14.148381137000058, 52.915860644000077 ], [ 14.146065427000053, 52.923863573000062 ], [ 14.142749510000044, 52.934483512000043 ], [ 14.142907232000027, 52.936461005000069 ], [ 14.14356082300003, 52.944655638000029 ], [ 14.142588929000055, 52.94651688600004 ], [ 14.139732613000035, 52.95198694100003 ], [ 14.142198807000057, 52.957881360000044 ], [ 14.143657761000043, 52.961368388000039 ], [ 14.162468621000073, 52.965817530000038 ], [ 14.174673067000072, 52.975932995000051 ], [ 14.20711374800004, 52.987421959000073 ], [ 14.218356045000064, 52.988727098000027 ], [ 14.22955452900004, 52.991981396000028 ], [ 14.240390950000062, 52.995130477000032 ], [ 14.29120411100007, 53.019946814000036 ], [ 14.297977795000065, 53.024802750000049 ], [ 14.313374936000059, 53.035840692000079 ], [ 14.332112776000031, 53.044783575000054 ], [ 14.34268438600003, 53.049829016000047 ], [ 14.357842220000066, 53.067666944000052 ], [ 14.368870366000067, 53.085930631000053 ], [ 14.370077885000057, 53.097818299000039 ], [ 14.370700512000042, 53.103947877000053 ], [ 14.37360005000005, 53.107403667000028 ], [ 14.37917059800003, 53.114042878000078 ], [ 14.382162963000042, 53.130267318000051 ], [ 14.383201676000056, 53.133533938000028 ], [ 14.384290732000068, 53.136958883000034 ], [ 14.386161835000053, 53.142843265000067 ], [ 14.376932220000072, 53.152364315000057 ], [ 14.371080653000035, 53.158400651000079 ], [ 14.36986550000006, 53.163208616000077 ], [ 14.367201817000023, 53.17374794400007 ], [ 14.369915103000039, 53.180828605000045 ], [ 14.377754654000057, 53.201286895000067 ], [ 14.39619656800005, 53.207018002000041 ], [ 14.403866763000053, 53.209401632000038 ], [ 14.405711086000053, 53.214163298000074 ], [ 14.409379871000056, 53.223635357000035 ], [ 14.419474148000063, 53.232864992000032 ], [ 14.426759539000045, 53.237269287000061 ], [ 14.431948261000059, 53.240406065000059 ], [ 14.438239507000048, 53.249871447000032 ], [ 14.44122277300005, 53.254359867000062 ], [ 14.445744602000048, 53.258110183000042 ], [ 14.450013219000027, 53.261650489000033 ], [ 14.445169450000037, 53.27444279100007 ], [ 14.437824001000024, 53.275024801000029 ], [ 14.422649716000024, 53.276227121000034 ], [ 14.420387401000028, 53.278473231000078 ], [ 14.416933502000063, 53.292423123000049 ], [ 14.414769463000027, 53.301163423000048 ], [ 14.41215335000004, 53.304066405000071 ], [ 14.407702013000062, 53.309005852000041 ], [ 14.410726198000077, 53.315022164000027 ], [ 14.414683837000041, 53.322895488000029 ], [ 14.412156848000052, 53.329636082000036 ], [ 14.404753687000039, 53.346956842000054 ], [ 14.395829953000032, 53.351148093000063 ], [ 14.390296847000059, 53.353746853000075 ], [ 14.392358946000058, 53.359503871000072 ], [ 14.394682296000042, 53.365990257000078 ], [ 14.394661088000078, 53.37542648200008 ], [ 14.389015412000049, 53.387906478000048 ], [ 14.383177658000022, 53.395246213000064 ], [ 14.377906234000022, 53.401873909000074 ], [ 14.373508030000039, 53.409577391000028 ], [ 14.369161035000047, 53.433920468000053 ], [ 14.370184798000025, 53.446323435000068 ], [ 14.370907232000036, 53.455075779000026 ], [ 14.363791325000022, 53.457254508000062 ], [ 14.357526696000036, 53.459172594000052 ], [ 14.356213164000053, 53.467702192000047 ], [ 14.353689873000064, 53.484087531000057 ], [ 14.350205764000066, 53.495677985000043 ], [ 14.335825443000033, 53.501254194000069 ], [ 14.326816281000049, 53.504747646000055 ], [ 14.316729186000032, 53.524135355000055 ], [ 14.316819292000048, 53.526162666000062 ], [ 14.317177315000038, 53.534217843000079 ], [ 14.309174781000024, 53.541630731000055 ], [ 14.306627243000037, 53.543990560000054 ], [ 14.306638511000074, 53.546762672000057 ], [ 14.30665347300004, 53.55044351600003 ], [ 14.306573918000026, 53.55054373400003 ], [ 14.303659162000031, 53.554215552000073 ], [ 14.307629419000023, 53.558732654000039 ], [ 14.313038865000067, 53.564887173000045 ], [ 14.31210408000004, 53.574597177000044 ], [ 14.311886224000034, 53.576782438000066 ], [ 14.311881229000051, 53.579407923000076 ], [ 14.312333722000062, 53.583011992000081 ], [ 14.312661854000055, 53.585624045000031 ], [ 14.316374599000028, 53.616999718000045 ], [ 14.303624491000051, 53.623240981000038 ], [ 14.296459136000067, 53.626748470000052 ], [ 14.294588610000062, 53.627938441000026 ], [ 14.284338036000065, 53.635310742000058 ], [ 14.28424960600006, 53.641752546000077 ], [ 14.284016985000051, 53.658698050000055 ], [ 14.277567125000076, 53.66160818600008 ], [ 14.274822762000042, 53.662846425000055 ], [ 14.272382788000073, 53.66707326900007 ], [ 14.275859422000053, 53.669704349000028 ], [ 14.281371711000077, 53.673875992000035 ], [ 14.28325428100004, 53.681611223000061 ], [ 14.278468814000064, 53.685130356000059 ], [ 14.273879097000076, 53.688505538000072 ], [ 14.267504724000048, 53.697880477000069 ], [ 14.271052776000033, 53.697991635000051 ], [ 14.296794925000029, 53.698798115000045 ], [ 14.305279977000055, 53.70378343200008 ], [ 14.306089543000041, 53.706935391000059 ], [ 14.30680398800007, 53.709717008000041 ], [ 14.306341094000061, 53.710536226000045 ], [ 14.304031159000033, 53.714624290000074 ], [ 14.296014360000072, 53.718372310000063 ], [ 14.288411677000056, 53.721926722000035 ], [ 14.286902130000044, 53.722632467000039 ], [ 14.294825660000072, 53.726502476000064 ], [ 14.297846844000048, 53.72797808200005 ], [ 14.297777881000059, 53.729826006000053 ], [ 14.29739617000007, 53.740054372000031 ], [ 14.302689092000037, 53.741336493000063 ], [ 14.327195132000043, 53.733825286000069 ], [ 14.339133060000052, 53.721856202000026 ], [ 14.35117778800003, 53.709780039000066 ], [ 14.404207689000032, 53.680775243000028 ], [ 14.436520835000067, 53.676370805000033 ], [ 14.464382766000028, 53.672573090000071 ], [ 14.482808168000076, 53.67006161900008 ], [ 14.505401361000054, 53.665481302000046 ], [ 14.519192953000072, 53.66268533300007 ], [ 14.543443582000066, 53.644143383000028 ], [ 14.554982456000062, 53.626748470000052 ], [ 14.564164068000025, 53.61347820800006 ], [ 14.571800617000065, 53.602441038000052 ], [ 14.59042531800003, 53.592944881000051 ], [ 14.595237865000058, 53.592572099000051 ], [ 14.597302248000062, 53.596239347000051 ], [ 14.597176719000061, 53.600120450000077 ], [ 14.593365750000032, 53.610993244000042 ], [ 14.592434383000068, 53.613650457000062 ], [ 14.594928840000023, 53.626748470000052 ], [ 14.603832667000063, 53.628856293000069 ], [ 14.616542521000042, 53.631865126000037 ], [ 14.614795896000032, 53.636979278000069 ], [ 14.613964667000062, 53.639413134000051 ], [ 14.614939396000068, 53.640158395000071 ], [ 14.62027235000005, 53.644235880000053 ], [ 14.619197479000036, 53.649182574000065 ], [ 14.608373655000037, 53.650899455000058 ], [ 14.607775746000073, 53.655138157000067 ], [ 14.607652740000049, 53.655636619000063 ], [ 14.604015554000057, 53.657345937000059 ], [ 14.59288956100005, 53.656599433000054 ], [ 14.585746570000026, 53.656120170000065 ], [ 14.578483180000035, 53.655632829000069 ], [ 14.570127782000043, 53.659931261000054 ], [ 14.568133021000051, 53.665341028000057 ], [ 14.54873709900005, 53.674250923000045 ], [ 14.547381470000062, 53.675738803000058 ], [ 14.54533596400006, 53.677983863000065 ], [ 14.543924903000061, 53.694163609000043 ], [ 14.540246687000035, 53.702088316000072 ], [ 14.539799324000057, 53.703052159000038 ], [ 14.550540039000055, 53.734664869000028 ], [ 14.557595110000022, 53.755429774000049 ], [ 14.562176857000054, 53.755842158000064 ], [ 14.564857936000067, 53.756083470000078 ], [ 14.564804662000029, 53.75665613700005 ], [ 14.564566770000056, 53.759213326000065 ], [ 14.564395090000062, 53.761058784000056 ], [ 14.566958683000053, 53.76323575400005 ], [ 14.567479110000022, 53.76367769400008 ], [ 14.569566537000071, 53.762240289000033 ], [ 14.573682427000051, 53.759406082000055 ], [ 14.579952675000072, 53.755088380000075 ], [ 14.581537283000046, 53.756141039000056 ], [ 14.590635013000053, 53.762184685000079 ], [ 14.607352146000039, 53.762564446000056 ], [ 14.613484867000068, 53.766887229000076 ], [ 14.614001447000021, 53.768547348000027 ], [ 14.615563081000062, 53.773565932000054 ], [ 14.611191355000074, 53.786800956000036 ], [ 14.611485855000069, 53.793735512000069 ], [ 14.611975906000055, 53.805274661000055 ], [ 14.610216968000032, 53.810082918000035 ], [ 14.606140889000073, 53.821225343000037 ], [ 14.60588927200007, 53.821913167000048 ], [ 14.60605223400006, 53.822030796000035 ], [ 14.614430424000034, 53.828078336000033 ], [ 14.619037957000046, 53.831404142000054 ], [ 14.620673072000045, 53.837482149000039 ], [ 14.618529167000077, 53.841142026000057 ], [ 14.614686294000023, 53.831868740000061 ], [ 14.602705929000024, 53.828725766000048 ], [ 14.594060100000036, 53.82645758600006 ], [ 14.587860202000059, 53.817718696000043 ], [ 14.58877235600005, 53.816626196000072 ], [ 14.592903161000038, 53.811678677000032 ], [ 14.594538989000057, 53.809719424000036 ], [ 14.590042029000074, 53.805274661000055 ], [ 14.586246879000043, 53.801761054000053 ], [ 14.585060260000034, 53.804007328000068 ], [ 14.583509971000069, 53.804372242000056 ], [ 14.579676163000045, 53.805274661000055 ], [ 14.571573882000052, 53.817646669000055 ], [ 14.571306591000052, 53.818054817000075 ], [ 14.571106301000043, 53.822209548000046 ], [ 14.570811840000033, 53.828317742000081 ], [ 14.576281261000076, 53.829822586000034 ], [ 14.576814392000074, 53.829969270000049 ], [ 14.581564032000074, 53.831276075000062 ], [ 14.58204672100004, 53.832410792000076 ], [ 14.583592094000039, 53.836043692000032 ], [ 14.57464880200007, 53.848034344000041 ], [ 14.551526395000053, 53.855377837000049 ], [ 14.53949846200004, 53.859197813000037 ], [ 14.530142771000044, 53.859299760000056 ], [ 14.52913090800007, 53.859310786000037 ], [ 14.513679579000041, 53.859479155000031 ], [ 14.498013208000032, 53.861300893000077 ], [ 14.465134909000028, 53.865124093000077 ], [ 14.443871723000029, 53.864763469000081 ], [ 14.427165470000034, 53.864480130000061 ], [ 14.425295865000066, 53.867884267000079 ], [ 14.422909494000066, 53.872229322000067 ], [ 14.423310699000069, 53.873466268000072 ], [ 14.423658214000056, 53.874537683000028 ], [ 14.425894059000029, 53.88143096500005 ], [ 14.430483639000045, 53.887187180000069 ], [ 14.435329648000049, 53.893265008000071 ], [ 14.435718989000065, 53.893753316000073 ], [ 14.436109058000056, 53.900704225000027 ], [ 14.428297448000023, 53.897264459000041 ], [ 14.426577846000043, 53.89389280100005 ], [ 14.423201818000052, 53.887273357000026 ], [ 14.411580582000056, 53.89162243100003 ], [ 14.408576315000062, 53.892746733000081 ], [ 14.401370845000031, 53.892077918000041 ], [ 14.383592874000044, 53.890427758000044 ], [ 14.371692755000026, 53.882632509000075 ], [ 14.36815236700005, 53.876083318000042 ], [ 14.36765719400006, 53.875167321000049 ], [ 14.372062621000055, 53.872859217000041 ], [ 14.372724748000053, 53.872512313000072 ], [ 14.37946, 53.86898356100005 ], [ 14.37702190400006, 53.867043629000079 ], [ 14.374143048000064, 53.864752994000071 ], [ 14.368730715000027, 53.860446533000072 ], [ 14.338120952000054, 53.872445291000076 ], [ 14.315454622000061, 53.870927997000081 ], [ 14.29017241300005, 53.86491656000004 ], [ 14.287582597000039, 53.86768565300008 ], [ 14.277009829000065, 53.87899030300008 ], [ 14.276273419000063, 53.886943304000056 ], [ 14.267025727000032, 53.889292797000053 ], [ 14.291873718000033, 53.85700349800004 ], [ 14.334806058000026, 53.866533985000046 ], [ 14.348843419000048, 53.862445029000071 ], [ 14.374332541000058, 53.85502027800004 ], [ 14.384297466000078, 53.856116736000047 ], [ 14.392501419000041, 53.860178519000044 ], [ 14.398552706000032, 53.863174515000082 ], [ 14.404921546000026, 53.862483867000037 ], [ 14.410694641000077, 53.857792287000052 ], [ 14.410934962000056, 53.85114672800006 ], [ 14.407458793000046, 53.847374717000037 ], [ 14.405460545000039, 53.84520640900007 ], [ 14.373824829000057, 53.83801946400007 ], [ 14.353057755000066, 53.83330163800008 ], [ 14.343927003000033, 53.82623217500003 ], [ 14.333998053000073, 53.818544709000037 ], [ 14.320320228000071, 53.82270468300004 ], [ 14.31848295900005, 53.821678873000053 ], [ 14.31167841000007, 53.817879660000074 ], [ 14.274948476000077, 53.828585289000046 ], [ 14.238459810000052, 53.85296005400005 ], [ 14.222266348000062, 53.863777436000078 ], [ 14.218880957000067, 53.864955370000075 ], [ 14.216857597000057, 53.865486736000037 ], [ 14.213077566000038, 53.866479430000027 ], [ 14.214190827000039, 53.874537684000074 ], [ 14.215069364000044, 53.880896900000039 ], [ 14.213336171000037, 53.889639646000035 ], [ 14.212869300000023, 53.892979860000082 ], [ 14.212858248000032, 53.893058928000073 ], [ 14.211920447000068, 53.899768390000077 ], [ 14.206327417000068, 53.904590584000061 ], [ 14.203955184000051, 53.906635874000074 ], [ 14.201699821000034, 53.910475828000074 ], [ 14.189943139000036, 53.912538486000074 ], [ 14.190560196000035, 53.91562014200008 ], [ 14.207627445000071, 53.916236173000073 ], [ 14.22630214000003, 53.928652853000074 ], [ 14.271298896000076, 53.920592299000077 ], [ 14.271242707000056, 53.918865525000058 ], [ 14.271106506000024, 53.914679911000064 ], [ 14.259835711000051, 53.905270836000057 ], [ 14.260081225000022, 53.901938954000059 ], [ 14.27642323300006, 53.90977302500005 ], [ 14.282370301000071, 53.915025061000051 ], [ 14.283717810000041, 53.916215087000069 ], [ 14.288109982000037, 53.920093947000055 ], [ 14.310745395000026, 53.916284856000061 ], [ 14.339301613000032, 53.911479411000073 ], [ 14.39163035200005, 53.915939479000031 ], [ 14.425679421000041, 53.926534545000038 ], [ 14.439361653000049, 53.930792052000072 ], [ 14.440831274000061, 53.931249355000034 ], [ 14.448222936000036, 53.933549422000056 ], [ 14.483919624000066, 53.953945340000075 ], [ 14.500690698000028, 53.963527783000075 ], [ 14.59671101400005, 53.987967105000052 ], [ 14.651840529000026, 53.999799691000078 ], [ 14.699989284000026, 54.013447195000026 ], [ 14.711475552000024, 54.016702915000053 ], [ 14.727371099000038, 54.022085663000041 ], [ 14.729716452000048, 54.020622392000064 ], [ 14.73373973300005, 54.019424049000065 ], [ 14.738621546000047, 54.018774503000031 ], [ 14.743473035000022, 54.019062551000047 ], [ 14.74696861700005, 54.018851869000059 ], [ 14.754101124000044, 54.020019413000057 ], [ 14.756909783000026, 54.023313433000055 ], [ 14.761806488000047, 54.025092964000066 ], [ 14.765091806000044, 54.024414062000062 ], [ 14.767841954000062, 54.022885987000052 ], [ 14.767173116000038, 54.013447195000026 ], [ 14.764749335000033, 54.01069622600005 ], [ 14.705571669000051, 53.99707701300008 ], [ 14.69695947200006, 53.995094993000066 ], [ 14.695808729000078, 53.99142577300006 ], [ 14.698797085000024, 53.985518278000029 ], [ 14.699939037000036, 53.983260825000059 ], [ 14.699752886000056, 53.982688194000048 ], [ 14.699997758000052, 53.982276396000032 ], [ 14.699610692000022, 53.980899561000058 ], [ 14.699640159000069, 53.978957876000038 ], [ 14.699831944000039, 53.977691371000049 ], [ 14.699402535000047, 53.97647698600008 ], [ 14.699069798000039, 53.975535991000072 ], [ 14.70005069900003, 53.97278946800003 ], [ 14.700237989000073, 53.970046876000026 ], [ 14.699512478000031, 53.969733291000068 ], [ 14.69662803500006, 53.969687001000068 ], [ 14.68896668900004, 53.952062918000081 ], [ 14.691806964000023, 53.93700737000006 ], [ 14.683331259000056, 53.931073913000034 ], [ 14.682928632000028, 53.930792052000072 ], [ 14.673309250000045, 53.924057960000027 ], [ 14.661462327000038, 53.908329078000065 ], [ 14.656009945000051, 53.906088758000067 ], [ 14.638491938000072, 53.898890815000073 ], [ 14.628437309000049, 53.882298538000043 ], [ 14.62464228500005, 53.878726503000053 ], [ 14.620191973000033, 53.874537683000028 ], [ 14.616825328000061, 53.863919744000043 ], [ 14.621598223000035, 53.846776745000057 ], [ 14.624381156000027, 53.849433187000045 ], [ 14.627140949000022, 53.852067542000043 ], [ 14.630552574000035, 53.861246855000047 ], [ 14.635492303000035, 53.874537683000028 ], [ 14.637835218000077, 53.880935760000057 ], [ 14.638093026000035, 53.881639786000051 ], [ 14.650742928000057, 53.896835318000058 ], [ 14.656344339000043, 53.900181682000039 ], [ 14.656509996000068, 53.900280648000034 ], [ 14.659243433000029, 53.901913643000057 ], [ 14.660557888000028, 53.902302027000076 ], [ 14.670226843000023, 53.905158930000027 ], [ 14.683658542000046, 53.917628326000056 ], [ 14.686424591000048, 53.917589947000067 ], [ 14.696046085000035, 53.917456448000053 ], [ 14.696816570000067, 53.925236842000061 ], [ 14.707058307000068, 53.930792052000072 ], [ 14.720172265000031, 53.937905181000076 ], [ 14.726661896000053, 53.941425215000038 ], [ 14.729536440000061, 53.940937173000066 ], [ 14.741608681000059, 53.938887542000032 ], [ 14.746584747000043, 53.930792052000072 ], [ 14.749762175000058, 53.925622741000041 ], [ 14.754678777000038, 53.925691491000066 ], [ 14.755213524000055, 53.925698969000052 ], [ 14.755833111000072, 53.927487264000035 ], [ 14.756978114000049, 53.930792052000072 ], [ 14.758927968000023, 53.936419856000043 ], [ 14.762915130000067, 53.947927882000045 ], [ 14.763610664000055, 53.96913687600005 ], [ 14.772160425000038, 53.972958260000041 ], [ 14.778247911000051, 53.975679110000044 ], [ 14.768974869000033, 53.980418566000026 ], [ 14.767436756000052, 53.99041967900007 ], [ 14.766538896000043, 53.996257739000043 ], [ 14.770052375000034, 53.999375169000075 ], [ 14.778812668000057, 54.007147978000035 ], [ 14.781394427000066, 54.007417587000077 ], [ 14.78382375800004, 54.007671278000032 ], [ 14.793066733000046, 54.008636507000062 ], [ 14.801543560000027, 54.009521729000028 ], [ 14.802318228000047, 54.013447195000026 ], [ 14.802723352000044, 54.01550007000003 ], [ 14.804406402000041, 54.024028560000033 ], [ 14.802906324000048, 54.029277993000051 ], [ 14.79765069900003, 54.031165159000068 ], [ 14.770828601000062, 54.025365344000079 ], [ 14.769839149000063, 54.024543953000034 ], [ 14.768963467000049, 54.024890527000082 ], [ 14.767402716000049, 54.025795032000076 ], [ 14.762379346000046, 54.026241557000048 ], [ 14.758189661000074, 54.025445868000077 ], [ 14.754619986000023, 54.023888656000054 ], [ 14.749455330000046, 54.021267026000032 ], [ 14.741328438000039, 54.020431376000033 ], [ 14.736114282000074, 54.019729511000037 ], [ 14.733014756000046, 54.020172579000075 ], [ 14.72871096700004, 54.022539386000062 ], [ 14.729137839000032, 54.022683939000046 ], [ 14.733516604000044, 54.024166731000037 ], [ 14.817144169000073, 54.039856082000028 ], [ 14.895754147000048, 54.054604085000051 ], [ 15.004489845000023, 54.081337716000064 ], [ 15.057817648000025, 54.094448827000065 ], [ 15.089259544000072, 54.099321050000071 ], [ 15.094465379000042, 54.100127744000076 ], [ 15.17782677100007, 54.119722835000061 ], [ 15.195961642000043, 54.123731901000042 ], [ 15.246317700000077, 54.134864087000039 ], [ 15.261170479000043, 54.139363441000057 ], [ 15.269926663000035, 54.142015953000055 ], [ 15.286362657000041, 54.146994911000036 ], [ 15.314499364000028, 54.150306207000028 ], [ 15.388037540000028, 54.158960619000027 ], [ 15.420651103000068, 54.164341854000043 ], [ 15.421005698000045, 54.164400362000038 ], [ 15.44179263500007, 54.165008433000082 ], [ 15.469508250000047, 54.165819185000032 ], [ 15.483203475000039, 54.166219805000082 ], [ 15.513299373000052, 54.171962740000026 ], [ 15.546336578000023, 54.184072149000031 ], [ 15.554701384000055, 54.187138173000051 ], [ 15.562575609000078, 54.187264520000042 ], [ 15.572347187000048, 54.187421312000026 ], [ 15.588117870000076, 54.187674363000042 ], [ 15.595051862000048, 54.188732941000069 ], [ 15.675047498000026, 54.200945475000026 ], [ 15.792090110000061, 54.227267045000076 ], [ 15.805481173000032, 54.230343513000037 ], [ 15.847580480000033, 54.240015422000056 ], [ 15.858149214000036, 54.24244348700006 ], [ 15.866912066000054, 54.243246581000051 ], [ 16.023861459000045, 54.257630616000029 ], [ 16.091280894000022, 54.271573235000062 ], [ 16.126268916000072, 54.282376789000068 ], [ 16.183388562000061, 54.304746969000064 ], [ 16.201332832000048, 54.31399194800008 ], [ 16.214252164000072, 54.32064805300007 ], [ 16.247660397000061, 54.340698991000068 ], [ 16.251403827000047, 54.342945721000035 ], [ 16.252469588000054, 54.343637989000058 ], [ 16.26411573300004, 54.351202777000026 ], [ 16.313744086000042, 54.383439022000061 ], [ 16.359091875000047, 54.422462874000075 ], [ 16.368294837000064, 54.431846089000032 ], [ 16.372713285000032, 54.436351079000076 ], [ 16.373331988000075, 54.441304278000075 ], [ 16.381721539000068, 54.442071354000063 ], [ 16.385313764000045, 54.442399800000032 ], [ 16.386450685000057, 54.44323582700008 ], [ 16.398638554000058, 54.452198099000043 ], [ 16.408166047000066, 54.462210485000071 ], [ 16.418242745000043, 54.472800027000062 ], [ 16.432099214000061, 54.487361708000037 ], [ 16.455997210000078, 54.502159290000066 ], [ 16.472283019000031, 54.512243424000076 ], [ 16.494802407000066, 54.522951310000053 ], [ 16.534704967000039, 54.541924831000074 ], [ 16.604663272000039, 54.558046009000066 ], [ 16.66980379000006, 54.567622232000076 ], [ 16.691370532000064, 54.568818863000047 ], [ 16.699084837000044, 54.569246892000081 ], [ 16.712378714000067, 54.554668979000041 ], [ 16.735915621000061, 54.539077985000063 ], [ 16.74515533400006, 54.532957542000077 ], [ 16.747220706000064, 54.52802220600006 ], [ 16.74309577300005, 54.524466105000045 ], [ 16.741172534000043, 54.52280808200004 ], [ 16.740119919000051, 54.516254346000039 ], [ 16.751879871000028, 54.498397502000046 ], [ 16.763055574000077, 54.487255965000031 ], [ 16.779042521000065, 54.484859319000066 ], [ 16.787587127000052, 54.486403754000037 ] ] ], [ [ [ 14.524506840000072, 53.674111482000058 ], [ 14.531827186000044, 53.677080832000058 ], [ 14.536756585000035, 53.674064190000081 ], [ 14.531869283000049, 53.670970126000043 ], [ 14.524506840000072, 53.674111482000058 ] ] ], [ [ [ 14.716282745000058, 53.941633575000026 ], [ 14.715179270000021, 53.942392827000049 ], [ 14.719971024000074, 53.945068864000064 ], [ 14.722401454000021, 53.942445536000037 ], [ 14.71941550400004, 53.939478063000081 ], [ 14.716282745000058, 53.941633575000026 ] ] ], [ [ [ 14.742228774000068, 53.954532781000069 ], [ 14.732737703000055, 53.951984777000064 ], [ 14.731102982000039, 53.951545914000064 ], [ 14.712337611000066, 53.946508099000027 ], [ 14.709873496000057, 53.946875156000033 ], [ 14.704748152000036, 53.947638633000054 ], [ 14.701262181000061, 53.952329912000039 ], [ 14.70758827700007, 53.963348703000065 ], [ 14.715245641000024, 53.970276616000035 ], [ 14.714898045000041, 53.970954763000066 ], [ 14.710748256000045, 53.979050864000044 ], [ 14.713286979000031, 53.980275809000034 ], [ 14.747146563000058, 53.976855692000072 ], [ 14.747837694000054, 53.976489401000038 ], [ 14.755685292000067, 53.972330272000079 ], [ 14.759819261000075, 53.958942961000048 ], [ 14.753894287000037, 53.951985683000032 ], [ 14.742228774000068, 53.954532781000069 ] ] ] ] } },
{ "type": "Feature", "properties": { "voivodeship": "łódzkie" }, "geometry": { "type": "MultiPolygon", "coordinates": [ [ [ [ 19.300574410000024, 52.368993423000063 ], [ 19.309652558000039, 52.369590815000038 ], [ 19.318146721000062, 52.370149778000041 ], [ 19.324201362000053, 52.366654906000065 ], [ 19.327726140000038, 52.358660709000048 ], [ 19.325223093000034, 52.353993542000069 ], [ 19.322245003000035, 52.348440613000037 ], [ 19.340419129000054, 52.347516651000035 ], [ 19.347500294000042, 52.347156649000055 ], [ 19.34875839800003, 52.346640427000068 ], [ 19.360925457000064, 52.341648073000044 ], [ 19.382084201000055, 52.343138817000067 ], [ 19.404007162000028, 52.344683405000069 ], [ 19.407632139000043, 52.340454444000045 ], [ 19.408813377000058, 52.339076391000049 ], [ 19.426415276000057, 52.337719268000058 ], [ 19.438265698000066, 52.339975567000067 ], [ 19.444588401000033, 52.345950135000066 ], [ 19.449972474000049, 52.35103775400006 ], [ 19.456632976000037, 52.34711784600006 ], [ 19.464379406000035, 52.34255883600008 ], [ 19.486714113000062, 52.337053413000035 ], [ 19.502109924000024, 52.33325840200007 ], [ 19.497337174000052, 52.326531501000034 ], [ 19.492865287000029, 52.320228649000057 ], [ 19.503830556000025, 52.315483812000082 ], [ 19.508174219000068, 52.313604243000043 ], [ 19.511818896000023, 52.310698307000052 ], [ 19.519893993000039, 52.304259954000031 ], [ 19.526824365000039, 52.304390369000032 ], [ 19.536461152000072, 52.30457171300003 ], [ 19.540031545000033, 52.301783450000073 ], [ 19.549713381000061, 52.294222518000026 ], [ 19.593806038000025, 52.290186608000056 ], [ 19.603087554000069, 52.28933704800005 ], [ 19.616022260000022, 52.288153102000081 ], [ 19.615335572000049, 52.284879189000037 ], [ 19.61353904300006, 52.276313893000065 ], [ 19.626320287000055, 52.27647449300008 ], [ 19.632026450000069, 52.276546193000058 ], [ 19.632961158000057, 52.273274710000067 ], [ 19.629419791000032, 52.269332319000057 ], [ 19.624961503000065, 52.26436917500007 ], [ 19.630139044000032, 52.262254165000058 ], [ 19.631515246000049, 52.261691991000077 ], [ 19.632799469000076, 52.25993496500007 ], [ 19.635372665000034, 52.256414415000052 ], [ 19.64255858000007, 52.254599920000032 ], [ 19.656882161000055, 52.253983008000034 ], [ 19.686235392000071, 52.25901723000004 ], [ 19.68578136800005, 52.262658768000051 ], [ 19.685633764000045, 52.26384263500006 ], [ 19.699671239000054, 52.277808700000037 ], [ 19.728078040000071, 52.268253426000058 ], [ 19.731875239000033, 52.263617660000079 ], [ 19.735993949000033, 52.258589381000036 ], [ 19.767017645000067, 52.262924589000079 ], [ 19.790982798000073, 52.272947974000033 ], [ 19.791009601000042, 52.276747899000043 ], [ 19.791028260000076, 52.279393302000074 ], [ 19.798252986000023, 52.27924310700007 ], [ 19.805071888000043, 52.27910134800004 ], [ 19.808370180000054, 52.280051102000073 ], [ 19.817369528000029, 52.282642495000061 ], [ 19.826121919000059, 52.277592724000044 ], [ 19.831584072000055, 52.274441286000069 ], [ 19.849208737000026, 52.273414539000044 ], [ 19.874185156000067, 52.285966601000041 ], [ 19.874717629000031, 52.28929554900003 ], [ 19.86983665200006, 52.291813381000054 ], [ 19.865730837000058, 52.293931349000047 ], [ 19.881247978000033, 52.306697973000041 ], [ 19.890130166000063, 52.309888852000029 ], [ 19.899913602000026, 52.308356814000035 ], [ 19.905684380000025, 52.304381391000049 ], [ 19.912212923000027, 52.299883952000073 ], [ 19.936101041000029, 52.299733510000067 ], [ 19.94040454900005, 52.289098722000062 ], [ 19.949827221000078, 52.28664019100006 ], [ 19.958653138000045, 52.284337364000066 ], [ 19.959013042000038, 52.277877893000039 ], [ 19.959029092000037, 52.277589834000082 ], [ 19.965135002000068, 52.268308383000033 ], [ 19.987438651000048, 52.262321852000071 ], [ 20.009780660000047, 52.261983504000057 ], [ 20.01734149300006, 52.261869002000026 ], [ 20.04063371500007, 52.257515928000032 ], [ 20.039643795000075, 52.251215350000052 ], [ 20.038949679000041, 52.246797485000059 ], [ 20.049996146000069, 52.243860626000071 ], [ 20.070944743000041, 52.238291147000041 ], [ 20.079296244000034, 52.233334161000073 ], [ 20.068729867000059, 52.21054302500005 ], [ 20.063658385000053, 52.199604098000066 ], [ 20.062387784000066, 52.190848927000047 ], [ 20.071740470000066, 52.182473757000082 ], [ 20.07855389100007, 52.176372455000035 ], [ 20.081263854000042, 52.174745502000064 ], [ 20.087444926000046, 52.168215040000064 ], [ 20.086965028000066, 52.162553653000032 ], [ 20.086619851000023, 52.15848158600005 ], [ 20.090903550000064, 52.152626886000064 ], [ 20.110875444000044, 52.147791960000063 ], [ 20.114660666000077, 52.146875609000062 ], [ 20.114725938000049, 52.146642335000081 ], [ 20.115513385000042, 52.143828089000067 ], [ 20.129768307000063, 52.146110042000032 ], [ 20.15967217900004, 52.150897107000048 ], [ 20.163200144000029, 52.147828831000027 ], [ 20.163802905000068, 52.14423156600003 ], [ 20.164619457000072, 52.139358399000059 ], [ 20.20104892300003, 52.115444199000081 ], [ 20.211197758000026, 52.117648575000032 ], [ 20.213714002000074, 52.118195115000049 ], [ 20.251906111000039, 52.117285625000079 ], [ 20.256117599000049, 52.10921770300007 ], [ 20.257113247000063, 52.107310346000077 ], [ 20.260855410000033, 52.105124069000055 ], [ 20.267655733000026, 52.101151129000073 ], [ 20.270047084000055, 52.094915023000055 ], [ 20.268831735000049, 52.077661076000027 ], [ 20.256578940000054, 52.075668836000034 ], [ 20.244492492000063, 52.073703643000044 ], [ 20.248571422000055, 52.067398505000028 ], [ 20.248682175000056, 52.065600441000072 ], [ 20.249080150000054, 52.059139367000057 ], [ 20.253097276000062, 52.055331628000033 ], [ 20.238405233000037, 52.04684831700007 ], [ 20.208018151000033, 52.029302556000061 ], [ 20.201364882000064, 52.029750272000058 ], [ 20.201616472000069, 52.022846446000074 ], [ 20.234037919000059, 52.002556264000077 ], [ 20.247933451000051, 52.00210412000007 ], [ 20.256146711000042, 52.00183687100008 ], [ 20.268335793000062, 51.98228789500007 ], [ 20.273680475000049, 51.973716038000077 ], [ 20.274017762000028, 51.973516539000059 ], [ 20.282710789000078, 51.968374768000047 ], [ 20.255912936000072, 51.956245881000029 ], [ 20.246279867000055, 51.951885890000028 ], [ 20.242668963000028, 51.934515641000075 ], [ 20.264458923000063, 51.931355264000047 ], [ 20.270660349000025, 51.935477718000072 ], [ 20.274199160000023, 51.936174786000038 ], [ 20.289954032000026, 51.939278150000064 ], [ 20.307616426000038, 51.935375533000069 ], [ 20.311536183000044, 51.930387907000068 ], [ 20.311684706000051, 51.921863433000055 ], [ 20.311700751000046, 51.920942526000033 ], [ 20.30512341900004, 51.913866219000056 ], [ 20.318576392000068, 51.912877940000044 ], [ 20.323073949000047, 51.917133598000078 ], [ 20.327028378000023, 51.920875340000066 ], [ 20.333907492000037, 51.920770351000044 ], [ 20.350166361000049, 51.920522207000033 ], [ 20.36087010600005, 51.926427860000047 ], [ 20.372839068000076, 51.926224539000032 ], [ 20.380307219000031, 51.935273007000035 ], [ 20.379243829000075, 51.935989476000032 ], [ 20.375683218000063, 51.938388470000064 ], [ 20.380188750000059, 51.941097 ], [ 20.388795660000028, 51.940309296000066 ], [ 20.392622774000074, 51.93760521300004 ], [ 20.401745594000033, 51.93115940000007 ], [ 20.416247651000049, 51.933479796000029 ], [ 20.419463414000063, 51.937976735000063 ], [ 20.423194807000073, 51.943194735000077 ], [ 20.431282206000049, 51.939647778000051 ], [ 20.44574037700005, 51.941007381000077 ], [ 20.445219638000026, 51.938980892000075 ], [ 20.454565874000025, 51.934254816000077 ], [ 20.474922083000024, 51.930675443000041 ], [ 20.478664167000034, 51.921009581000078 ], [ 20.487053452000055, 51.918697918000078 ], [ 20.490043452000066, 51.91032240800007 ], [ 20.487421977000054, 51.906841852000071 ], [ 20.481594357000063, 51.89910446500005 ], [ 20.497914708000053, 51.890236357000049 ], [ 20.50862307400007, 51.893534715000044 ], [ 20.509993888000054, 51.893956949000028 ], [ 20.518831462000037, 51.892350528000065 ], [ 20.566832674000068, 51.887349607000033 ], [ 20.567652260000045, 51.880603527000062 ], [ 20.568313140000043, 51.875163774000043 ], [ 20.576401807000025, 51.872235816000057 ], [ 20.583365481000044, 51.869715086000042 ], [ 20.590510824000035, 51.860745464000047 ], [ 20.590728212000045, 51.858534625000061 ], [ 20.591571685000076, 51.849956496000061 ], [ 20.598103977000051, 51.849783845000047 ], [ 20.605396447000032, 51.84959110300008 ], [ 20.600312130000077, 51.843667851000077 ], [ 20.597087486000078, 51.839911126000061 ], [ 20.599307219000025, 51.829261503000055 ], [ 20.605783310000049, 51.828514148000068 ], [ 20.61783852700006, 51.827122949000056 ], [ 20.618226305000064, 51.820640668000067 ], [ 20.605885504000071, 51.816499076000071 ], [ 20.589553339000076, 51.81869726900004 ], [ 20.572619446000033, 51.820976450000046 ], [ 20.562540321000029, 51.820756406000044 ], [ 20.558416006000073, 51.817565657000046 ], [ 20.561415510000074, 51.812475145000064 ], [ 20.576266801000031, 51.810698605000027 ], [ 20.581650221000075, 51.810054630000081 ], [ 20.579994931000044, 51.79417563100003 ], [ 20.579889624000032, 51.793165434000059 ], [ 20.580367316000036, 51.79252523200006 ], [ 20.585532832000069, 51.78560241200006 ], [ 20.585610793000058, 51.779524618000039 ], [ 20.59221743300003, 51.775999045000049 ], [ 20.594367165000051, 51.770221708000065 ], [ 20.586989116000041, 51.763177588000076 ], [ 20.584181443000034, 51.760496989000046 ], [ 20.582958581000071, 51.749497913000027 ], [ 20.585837367000067, 51.746941947000039 ], [ 20.601863291000029, 51.746428808000076 ], [ 20.611279730000035, 51.744196465000073 ], [ 20.633750205000069, 51.738869418000036 ], [ 20.637841398000035, 51.737278176000075 ], [ 20.640355437000039, 51.732114313000068 ], [ 20.647232060000078, 51.730691915000079 ], [ 20.651746718000027, 51.727525750000041 ], [ 20.657580009000071, 51.723434816000065 ], [ 20.654945442000042, 51.714350221000075 ], [ 20.65899444300004, 51.69968915100003 ], [ 20.654114839000044, 51.68026748300008 ], [ 20.651746718000027, 51.677567934000081 ], [ 20.641532704000042, 51.676394719000029 ], [ 20.63910799100006, 51.676116208000053 ], [ 20.624909209000066, 51.668207113000051 ], [ 20.62363053200005, 51.664220808000039 ], [ 20.621591297000066, 51.657863449000047 ], [ 20.594347851000066, 51.658233074000066 ], [ 20.583584249000069, 51.662703601000032 ], [ 20.575701325000068, 51.663668185000063 ], [ 20.536709023000071, 51.668439430000035 ], [ 20.533117713000024, 51.667829293000068 ], [ 20.524141719000056, 51.666304340000067 ], [ 20.522374109000054, 51.674523571000066 ], [ 20.522117620000074, 51.675716222000062 ], [ 20.520745112000043, 51.675538589000041 ], [ 20.515731826000035, 51.674889759000052 ], [ 20.514556375000041, 51.679394756000079 ], [ 20.513022632000059, 51.685272932000032 ], [ 20.502185690000033, 51.684812385000043 ], [ 20.487894553000046, 51.684205041000041 ], [ 20.471045109000045, 51.690725343000054 ], [ 20.470745618000024, 51.691050281000059 ], [ 20.465955697000027, 51.696247182000036 ], [ 20.451064909000024, 51.690327964000062 ], [ 20.449757435000038, 51.688052464000066 ], [ 20.449071957000058, 51.686859474000073 ], [ 20.448136092000027, 51.687441342000056 ], [ 20.441777318000049, 51.691394863000028 ], [ 20.437810124000066, 51.688259693000077 ], [ 20.440926189000038, 51.684723757000029 ], [ 20.440943651000055, 51.684703942000056 ], [ 20.437584839000067, 51.68116729500008 ], [ 20.418849864000038, 51.676402665000069 ], [ 20.398724258000072, 51.671284373000049 ], [ 20.391238926000028, 51.659385019000069 ], [ 20.392834577000031, 51.654532184000061 ], [ 20.394943105000038, 51.648119542000074 ], [ 20.385016931000052, 51.641663097000048 ], [ 20.392473131000031, 51.635986887000058 ], [ 20.413585096000077, 51.633740254000031 ], [ 20.418196430000023, 51.629333527000028 ], [ 20.419295466000051, 51.620385696000028 ], [ 20.424890743000049, 51.611619631000053 ], [ 20.416327058000036, 51.605132992000051 ], [ 20.420322114000044, 51.600157018000061 ], [ 20.423025496000037, 51.599971124000035 ], [ 20.428077808000069, 51.59962370900007 ], [ 20.431889648000038, 51.595509202000073 ], [ 20.436966581000036, 51.583142155000075 ], [ 20.435831608000058, 51.578698147000068 ], [ 20.43484049500006, 51.57481742300007 ], [ 20.442214245000059, 51.571812621000049 ], [ 20.452372301000025, 51.572991181000077 ], [ 20.459603186000038, 51.57383012400004 ], [ 20.467635078000058, 51.559852818000081 ], [ 20.466760050000062, 51.555091501000049 ], [ 20.46250864600006, 51.550292764000062 ], [ 20.456819005000057, 51.543870628000036 ], [ 20.450492318000045, 51.519023772000025 ], [ 20.450963046000027, 51.506654813000068 ], [ 20.456504313000039, 51.501928010000029 ], [ 20.492909601000065, 51.500678071000038 ], [ 20.497357015000034, 51.503385086000037 ], [ 20.502340575000062, 51.506418439000072 ], [ 20.518896372000029, 51.509162293000031 ], [ 20.521716970000057, 51.490011408000044 ], [ 20.522628716000042, 51.483820967000042 ], [ 20.523630790000027, 51.483448587000055 ], [ 20.526253644000064, 51.482473912000046 ], [ 20.526796841000078, 51.472591652000062 ], [ 20.527055998000037, 51.467876879000073 ], [ 20.527087015000063, 51.467312591000052 ], [ 20.532786322000049, 51.462046590000057 ], [ 20.527382335000027, 51.462288838000063 ], [ 20.524533392000023, 51.456596731000047 ], [ 20.512724777000074, 51.451251012000057 ], [ 20.508572966000031, 51.45044686600005 ], [ 20.498295710000036, 51.44845631000004 ], [ 20.497419441000034, 51.444926274000068 ], [ 20.496765783000058, 51.442293022000058 ], [ 20.490220145000023, 51.44062191200004 ], [ 20.487363747000074, 51.439892670000063 ], [ 20.485873138000045, 51.431871124000054 ], [ 20.487540291000073, 51.429755775000046 ], [ 20.491962473000058, 51.424144739000042 ], [ 20.482365942000058, 51.411312634000069 ], [ 20.47342850800004, 51.408778855000037 ], [ 20.456967976000044, 51.40932298000007 ], [ 20.456909223000025, 51.409324922000053 ], [ 20.450576335000051, 51.413672170000041 ], [ 20.447651816000075, 51.407547780000073 ], [ 20.442533721000075, 51.396829705000073 ], [ 20.439960639000049, 51.393896451000046 ], [ 20.434972147000053, 51.388209688000074 ], [ 20.429343883000058, 51.373626540000032 ], [ 20.427165844000058, 51.367983118000041 ], [ 20.424889723000035, 51.365122488000054 ], [ 20.422052400000041, 51.361556540000038 ], [ 20.423048395000023, 51.354921813000033 ], [ 20.428964045000043, 51.349295534000078 ], [ 20.432814863000033, 51.339405019000026 ], [ 20.432149948000074, 51.335133068000061 ], [ 20.425098670000068, 51.333113840000067 ], [ 20.421560962000058, 51.326630830000056 ], [ 20.415771140000061, 51.326382479000074 ], [ 20.409672199000056, 51.326120868000032 ], [ 20.411777099000062, 51.323330765000037 ], [ 20.413321431000043, 51.321283710000046 ], [ 20.411202116000027, 51.319219324000073 ], [ 20.403285600000061, 51.319047485000056 ], [ 20.386324009000077, 51.318679311000039 ], [ 20.365720102000068, 51.309644621000075 ], [ 20.379328177000048, 51.288348596000048 ], [ 20.389432083000031, 51.272536437000042 ], [ 20.384775426000033, 51.263715373000082 ], [ 20.382764386000076, 51.26309505100005 ], [ 20.376010415000053, 51.261011733000032 ], [ 20.377952383000036, 51.253153286000042 ], [ 20.379727858000024, 51.245968580000067 ], [ 20.370182885000077, 51.237407913000027 ], [ 20.360050975000036, 51.241599268000073 ], [ 20.355645665000054, 51.246947508000062 ], [ 20.352735851000034, 51.250480151000033 ], [ 20.331688027000041, 51.256577133000064 ], [ 20.319491026000037, 51.249686269000051 ], [ 20.308283064000022, 51.243354176000082 ], [ 20.275512627000069, 51.245016030000045 ], [ 20.26118189500005, 51.251429622000046 ], [ 20.261894035000068, 51.253667109000048 ], [ 20.262461917000053, 51.255451347000076 ], [ 20.259879156000068, 51.25806142700003 ], [ 20.241014817000064, 51.25550151200008 ], [ 20.245002037000063, 51.252860660000067 ], [ 20.244539671000041, 51.250798180000061 ], [ 20.24369770800007, 51.247042426000064 ], [ 20.242904438000039, 51.243503881000038 ], [ 20.246138218000056, 51.24243877300006 ], [ 20.251987510000049, 51.240512195000065 ], [ 20.255026689000033, 51.236480497000059 ], [ 20.253418619000058, 51.228705398000045 ], [ 20.252119374000074, 51.222423487000071 ], [ 20.257908585000052, 51.220235756000079 ], [ 20.263725570000076, 51.218037529000071 ], [ 20.251601206000032, 51.207555640000066 ], [ 20.241376606000074, 51.207390770000075 ], [ 20.237384598000062, 51.207326399000067 ], [ 20.234800884000038, 51.204253320000078 ], [ 20.232122283000024, 51.201067382000076 ], [ 20.218342449000033, 51.199471634000076 ], [ 20.216830193000078, 51.202573981000057 ], [ 20.21381100900004, 51.208767743000067 ], [ 20.207911637000052, 51.203528755000036 ], [ 20.203656623000029, 51.199750053000059 ], [ 20.198602612000059, 51.204525330000081 ], [ 20.197631020000074, 51.205443338000066 ], [ 20.180203587000051, 51.206534898000029 ], [ 20.179150142000026, 51.200901255000076 ], [ 20.178262064000023, 51.196151968000038 ], [ 20.170117496000046, 51.196792987000038 ], [ 20.159945005000054, 51.197593613000038 ], [ 20.157400812000049, 51.195380083000032 ], [ 20.154958772000043, 51.193255429000033 ], [ 20.116754578000041, 51.190636406000067 ], [ 20.067893748000074, 51.19580813400006 ], [ 20.059069682000029, 51.193286176000072 ], [ 20.058177800000067, 51.198806173000037 ], [ 20.058116637000069, 51.199184719000073 ], [ 20.048874086000069, 51.202118994000045 ], [ 20.015310673000045, 51.196408870000027 ], [ 19.993961280000065, 51.183981402000029 ], [ 20.013223028000027, 51.170528111000067 ], [ 20.023945369000046, 51.16303913400003 ], [ 20.019856301000061, 51.155031155000074 ], [ 20.01186143700005, 51.153480868000031 ], [ 20.009844935000046, 51.153089847000047 ], [ 19.990894615000059, 51.140362689000028 ], [ 19.992178076000073, 51.138154409000038 ], [ 19.993671464000045, 51.135584936000043 ], [ 19.99013631400004, 51.133328734000031 ], [ 19.987969414000077, 51.131945776000066 ], [ 19.989308580000056, 51.121618961000081 ], [ 19.992023460000041, 51.100683502000038 ], [ 19.986600936000059, 51.083314477000044 ], [ 19.983830630000057, 51.074440841000069 ], [ 20.003851872000041, 51.072490278000032 ], [ 20.040972070000066, 51.06887385400006 ], [ 20.04606681100006, 51.06186269300008 ], [ 20.051565138000058, 51.062787962000073 ], [ 20.055099252000048, 51.058011015000034 ], [ 20.050176116000046, 51.054080054000053 ], [ 20.048584900000037, 51.052809521000029 ], [ 20.048860654000066, 51.046231385000056 ], [ 20.050101959000074, 51.016619968000043 ], [ 20.042715206000025, 51.002593030000071 ], [ 20.041371926000068, 51.001550078000037 ], [ 20.033193287000074, 50.995200004000026 ], [ 20.034566881000046, 50.991404548000048 ], [ 20.039470692000066, 50.990206413000067 ], [ 20.036275484000043, 50.974322865000033 ], [ 20.026932313000032, 50.971772373000078 ], [ 20.017690701000049, 50.962207533000026 ], [ 19.958073589000037, 50.990543430000059 ], [ 19.957294281000031, 51.003990116000068 ], [ 19.948463715000059, 51.012331270000061 ], [ 19.937062001000072, 51.010807921000037 ], [ 19.935695046000035, 51.024244358000033 ], [ 19.898315551000053, 51.028574164000077 ], [ 19.884543042000075, 51.04756563400008 ], [ 19.876724789000036, 51.047585228000059 ], [ 19.872779757000046, 51.040007209000066 ], [ 19.864761504000057, 51.03021102200006 ], [ 19.86745058300005, 51.023114860000078 ], [ 19.860977843000057, 51.016061194000031 ], [ 19.862464952000039, 51.004645590000052 ], [ 19.847525886000028, 50.994131648000064 ], [ 19.829086588000052, 50.968871791000026 ], [ 19.834613780000041, 50.949314413000081 ], [ 19.843598233000023, 50.944923603000063 ], [ 19.848287825000057, 50.935443125000063 ], [ 19.845536039000024, 50.930204551000031 ], [ 19.833650655000042, 50.916883134000045 ], [ 19.808447758000057, 50.907187591000081 ], [ 19.794742829000029, 50.907040904000041 ], [ 19.785649909000028, 50.887003783000068 ], [ 19.777180929000053, 50.884299218000081 ], [ 19.774032893000026, 50.878009076000069 ], [ 19.760136920000036, 50.872224823000067 ], [ 19.747059903000036, 50.865969892000066 ], [ 19.743077104000065, 50.852859223000053 ], [ 19.729845842000032, 50.849431165000055 ], [ 19.726015226000072, 50.843502920000049 ], [ 19.685111586000062, 50.84494597500003 ], [ 19.661393412000052, 50.854540055000029 ], [ 19.658502282000029, 50.86327194200004 ], [ 19.658831594000048, 50.866695682000056 ], [ 19.659627985000043, 50.874975490000054 ], [ 19.638810798000065, 50.879607237000073 ], [ 19.623241408000069, 50.878862501000071 ], [ 19.613524427000073, 50.878397706000044 ], [ 19.607754465000028, 50.88451772500008 ], [ 19.593806038000025, 50.899312390000034 ], [ 19.577515915000049, 50.90717297100008 ], [ 19.566319895000049, 50.90774882900007 ], [ 19.553106523000054, 50.900591653000049 ], [ 19.526504731000045, 50.89430567900007 ], [ 19.514070540000034, 50.88480532400007 ], [ 19.50918050000007, 50.881069084000046 ], [ 19.503205346000072, 50.883093429000041 ], [ 19.502081912000051, 50.883474042000046 ], [ 19.501465075000056, 50.88306917400007 ], [ 19.496800093000047, 50.88000726100006 ], [ 19.488043531000073, 50.879805704000034 ], [ 19.468883471000026, 50.887680648000071 ], [ 19.472516293000069, 50.892128643000035 ], [ 19.472873156000048, 50.892565583000078 ], [ 19.470909148000032, 50.89386959400008 ], [ 19.464141122000058, 50.898363251000035 ], [ 19.463278677000062, 50.908643339000037 ], [ 19.465055360000065, 50.909672895000028 ], [ 19.467341167000029, 50.910997480000049 ], [ 19.469103785000073, 50.916334849000066 ], [ 19.463577964000024, 50.927335499000037 ], [ 19.454642170000056, 50.931635033000077 ], [ 19.447971817000052, 50.934844531000067 ], [ 19.437561889000051, 50.944833700000061 ], [ 19.434409662000064, 50.954555257000038 ], [ 19.431034836000038, 50.964963313000055 ], [ 19.415705005000063, 50.974267144000066 ], [ 19.411641106000047, 50.974247664000075 ], [ 19.41140703700006, 50.97424654200006 ], [ 19.410069576000069, 50.971175010000081 ], [ 19.40462887700005, 50.974803165000026 ], [ 19.407213074000026, 50.977570477000029 ], [ 19.410054855000055, 50.980613626000036 ], [ 19.400488596000059, 50.994523296000068 ], [ 19.390344497000058, 51.000834776000033 ], [ 19.380720089000022, 50.996168150000074 ], [ 19.378716214000065, 50.995196523000061 ], [ 19.356378660000075, 50.992990346000056 ], [ 19.352801632000023, 50.99607883200008 ], [ 19.35725198800003, 51.001354226000046 ], [ 19.360140568000077, 51.004778310000063 ], [ 19.346687186000054, 51.010817260000067 ], [ 19.339636163000023, 51.011667935000048 ], [ 19.327394243000072, 51.013144870000076 ], [ 19.325826663000043, 51.017940317000068 ], [ 19.319605243000069, 51.020628538000039 ], [ 19.319343700000047, 51.027520396000057 ], [ 19.325365745000056, 51.033672489000026 ], [ 19.330897806000053, 51.03932401600008 ], [ 19.321146269000053, 51.046155658000032 ], [ 19.312587592000057, 51.047349165000071 ], [ 19.301997062000055, 51.04374316600007 ], [ 19.289873411000031, 51.044683445000032 ], [ 19.280023710000023, 51.039765731000045 ], [ 19.264829890000044, 51.032179829000029 ], [ 19.260463526000024, 51.032342543000027 ], [ 19.253350831000034, 51.037626618000047 ], [ 19.251373231000059, 51.039095792000069 ], [ 19.243013312000073, 51.036797569000043 ], [ 19.246407559000033, 51.030917134000049 ], [ 19.245690962000026, 51.027753068000038 ], [ 19.244481022000059, 51.022410690000072 ], [ 19.248327436000068, 51.018847652000034 ], [ 19.250617715000033, 51.016726104000043 ], [ 19.256004792000056, 51.003428833000044 ], [ 19.252601610000056, 51.004376739000065 ], [ 19.251358063000055, 51.004723111000033 ], [ 19.247840371000052, 51.000099240000054 ], [ 19.240937167000027, 50.991025243000081 ], [ 19.204254737000042, 50.982418395000082 ], [ 19.204203613000061, 50.985242032000031 ], [ 19.204191245000061, 50.985925121000037 ], [ 19.20128070800007, 50.98637287300005 ], [ 19.177097116000027, 50.990093236000064 ], [ 19.166517733000035, 50.994405616000051 ], [ 19.163745649000077, 51.000894796000068 ], [ 19.162983808000035, 51.002678192000076 ], [ 19.159547635000024, 51.002518964000046 ], [ 19.146554322000043, 51.001916871000049 ], [ 19.147204630000033, 51.007294344000059 ], [ 19.147490550000043, 51.009658650000063 ], [ 19.133021228000075, 51.010224318000041 ], [ 19.128234575000022, 51.00544605500005 ], [ 19.129300944000022, 51.003953267000043 ], [ 19.131982626000024, 51.000199232000057 ], [ 19.127329777000057, 50.999867412000071 ], [ 19.123561172000052, 50.999598652000032 ], [ 19.109887520000029, 51.013613842000041 ], [ 19.109555121000028, 51.014351516000033 ], [ 19.104412450000041, 51.025764336000066 ], [ 19.091264625000065, 51.032614631000058 ], [ 19.073689678000051, 51.035264493000057 ], [ 19.062390238000035, 51.028419185000075 ], [ 19.056644033000055, 51.024938080000027 ], [ 19.048480817000041, 51.027261998000029 ], [ 19.052337824000062, 51.031348283000057 ], [ 19.055759751000039, 51.034973624000031 ], [ 19.051366884000061, 51.041732477000039 ], [ 19.030374865000056, 51.04791754300004 ], [ 19.016750477000073, 51.05193181900006 ], [ 19.010048521000044, 51.060451560000047 ], [ 19.010134168000036, 51.062094326000079 ], [ 19.010367599000062, 51.066571698000075 ], [ 18.99398128200005, 51.075387455000055 ], [ 18.973178072000053, 51.080267333000052 ], [ 18.970126394000033, 51.080983175000028 ], [ 18.969293156000049, 51.081497563000028 ], [ 18.955978764000065, 51.08971702100007 ], [ 18.939347625000039, 51.091239874000053 ], [ 18.919428638000056, 51.097945882000033 ], [ 18.900580884000078, 51.078963129000044 ], [ 18.896605259000069, 51.068880467000042 ], [ 18.896253588000036, 51.067988587000059 ], [ 18.897333357000036, 51.06238335200004 ], [ 18.883482934000028, 51.05903132800006 ], [ 18.877088941000068, 51.065131446000066 ], [ 18.875434881000047, 51.066709484000057 ], [ 18.859104029000036, 51.074500037000064 ], [ 18.848131262000038, 51.072814401000073 ], [ 18.820717694000052, 51.068603131000032 ], [ 18.818563115000075, 51.070128641000053 ], [ 18.815154052000025, 51.072542365000061 ], [ 18.803489340000056, 51.071445235000056 ], [ 18.802594990000046, 51.06867821000003 ], [ 18.80096564400003, 51.063637186000051 ], [ 18.767850825000039, 51.064752510000062 ], [ 18.749290191000057, 51.062463280000031 ], [ 18.744642953000039, 51.063414260000059 ], [ 18.731339208000065, 51.066136649000043 ], [ 18.713613517000056, 51.06560113900008 ], [ 18.672954677000064, 51.05690260700004 ], [ 18.661377486000049, 51.054809648000059 ], [ 18.637507088000064, 51.063660944000048 ], [ 18.627385675000028, 51.071597216000043 ], [ 18.618058204000022, 51.078910954000037 ], [ 18.604858963000027, 51.08192675500004 ], [ 18.592671207000024, 51.081974052000078 ], [ 18.577614028000028, 51.08203248500007 ], [ 18.578592090000029, 51.087763955000071 ], [ 18.579356053000026, 51.092240797000045 ], [ 18.572197724000034, 51.09893915300006 ], [ 18.562055220000047, 51.108429929000067 ], [ 18.564264641000022, 51.112803509000059 ], [ 18.56677512400006, 51.117773045000035 ], [ 18.565943429000072, 51.121951852000052 ], [ 18.554298894000055, 51.137793420000037 ], [ 18.546227203000058, 51.141232493000075 ], [ 18.536537114000055, 51.138184756000044 ], [ 18.520053404000066, 51.139064365000081 ], [ 18.515827536000074, 51.132408912000074 ], [ 18.518147265000039, 51.121570544000065 ], [ 18.519266848000029, 51.116339565000033 ], [ 18.518302327000072, 51.107490334000033 ], [ 18.499431685000047, 51.099244953000039 ], [ 18.489308808000033, 51.091187722000029 ], [ 18.479461796000066, 51.092676886000049 ], [ 18.48013441300003, 51.098298604000036 ], [ 18.480296878000047, 51.099656484000036 ], [ 18.477043188000039, 51.101357893000056 ], [ 18.46981458700003, 51.105137850000062 ], [ 18.467572123000025, 51.110731111000064 ], [ 18.46419202800007, 51.119161904000066 ], [ 18.453620912000076, 51.117087262000041 ], [ 18.438862230000041, 51.114190787000041 ], [ 18.422663704000058, 51.117677266000044 ], [ 18.421935778000034, 51.118877186000077 ], [ 18.418056699000033, 51.125271493000071 ], [ 18.403641961000062, 51.124516268000036 ], [ 18.402308496000046, 51.124446404000082 ], [ 18.379097416000036, 51.129928413000073 ], [ 18.372173811000039, 51.134216347000063 ], [ 18.366719293000074, 51.137594444000058 ], [ 18.361623828000063, 51.13746838600008 ], [ 18.357880930000022, 51.137375790000078 ], [ 18.349728923000043, 51.13717411600004 ], [ 18.328603346000023, 51.138788959000067 ], [ 18.320251401000064, 51.135830314000032 ], [ 18.314954895000028, 51.133954047000032 ], [ 18.305890243000022, 51.13588558500004 ], [ 18.298616278000054, 51.140210355000079 ], [ 18.288355933000048, 51.146310690000064 ], [ 18.27590495000004, 51.149416252000037 ], [ 18.271345459000031, 51.150553494000064 ], [ 18.268745293000052, 51.15231837500005 ], [ 18.262248465000027, 51.156728143000066 ], [ 18.236086785000055, 51.158338559000072 ], [ 18.232210742000063, 51.15751907300006 ], [ 18.219437583000058, 51.154818530000057 ], [ 18.186368384000048, 51.158075678000046 ], [ 18.167534431000036, 51.164231617000041 ], [ 18.163681431000043, 51.172517115000062 ], [ 18.173809066000047, 51.190384498000071 ], [ 18.169839386000035, 51.19137667900003 ], [ 18.162874546000069, 51.193117471000051 ], [ 18.162616746000026, 51.204812358000027 ], [ 18.165644377000035, 51.211477518000038 ], [ 18.171365824000077, 51.216078803000073 ], [ 18.179367156000069, 51.222513611000068 ], [ 18.176688542000022, 51.227262815000074 ], [ 18.17511750400007, 51.230048278000027 ], [ 18.174884101000032, 51.23560100900005 ], [ 18.174822986000038, 51.237054940000064 ], [ 18.174493867000024, 51.237404251000044 ], [ 18.169129970000029, 51.243097233000071 ], [ 18.167278151000062, 51.252706260000082 ], [ 18.169984172000056, 51.258243225000058 ], [ 18.170151180000062, 51.258584951000046 ], [ 18.16994720100007, 51.27038591400003 ], [ 18.159791900000073, 51.273141876000068 ], [ 18.151750947000039, 51.272535005000066 ], [ 18.151282128000048, 51.267235044000074 ], [ 18.151009739000074, 51.264155713000036 ], [ 18.139367364000066, 51.264370975000077 ], [ 18.136889348000068, 51.266717515000039 ], [ 18.133989603000032, 51.269463408000036 ], [ 18.126376595000067, 51.266339501000061 ], [ 18.112997320000034, 51.260849476000033 ], [ 18.105247919000078, 51.264792147000037 ], [ 18.10338650500006, 51.268264011000042 ], [ 18.108362057000022, 51.271692805000043 ], [ 18.115710225000043, 51.276756636000073 ], [ 18.108931961000053, 51.280420278000065 ], [ 18.105307339000035, 51.282379381000055 ], [ 18.106371201000059, 51.285077561000037 ], [ 18.109268286000031, 51.285570733000043 ], [ 18.116937148000034, 51.286876206000045 ], [ 18.111032655000031, 51.293404526000074 ], [ 18.112935023000034, 51.298131227000056 ], [ 18.110516352000047, 51.304683534000048 ], [ 18.109936598000047, 51.306254118000027 ], [ 18.11071372400005, 51.30770607900007 ], [ 18.112160696000046, 51.310409560000039 ], [ 18.105079989000046, 51.316152909000039 ], [ 18.092669490000048, 51.326219395000066 ], [ 18.092466157000047, 51.33310909000005 ], [ 18.092227105000063, 51.341209076000041 ], [ 18.082774925000024, 51.346136556000033 ], [ 18.075768872000026, 51.349788856000032 ], [ 18.098807237000074, 51.362010440000063 ], [ 18.107976230000077, 51.360485792000077 ], [ 18.123989103000042, 51.35782312300006 ], [ 18.13454906100003, 51.361714826000082 ], [ 18.136430951000023, 51.369739333000041 ], [ 18.138463220000062, 51.378405066000028 ], [ 18.149795700000027, 51.390892395000037 ], [ 18.162862338000025, 51.389463775000081 ], [ 18.189786175000052, 51.386520101000031 ], [ 18.20665084500007, 51.402388314000063 ], [ 18.204673137000043, 51.414750369000046 ], [ 18.204539848000024, 51.415583517000073 ], [ 18.205682124000077, 51.417008838000072 ], [ 18.210809357000073, 51.423406550000038 ], [ 18.204998185000022, 51.433189352000056 ], [ 18.202456923000057, 51.43441294400003 ], [ 18.18831532400003, 51.441221982000059 ], [ 18.20479477300006, 51.445079656000075 ], [ 18.211998411000025, 51.446765956000036 ], [ 18.212682164000057, 51.450120165000044 ], [ 18.213421221000033, 51.453745672000082 ], [ 18.221796300000051, 51.453249031000041 ], [ 18.242881220000072, 51.444309665000048 ], [ 18.255099217000065, 51.439129605000062 ], [ 18.326309670000057, 51.419816855000079 ], [ 18.339592530000061, 51.429699005000032 ], [ 18.341504460000067, 51.441618947000052 ], [ 18.355058763000045, 51.454985044000068 ], [ 18.356780216000061, 51.46268483800003 ], [ 18.357912102000057, 51.46774759300007 ], [ 18.369587912000043, 51.472074961000033 ], [ 18.382492205000062, 51.47685763700008 ], [ 18.379757612000049, 51.517011128000036 ], [ 18.37235206400004, 51.522634547000052 ], [ 18.362154051000061, 51.530378431000031 ], [ 18.358536553000022, 51.536353975000054 ], [ 18.361298507000072, 51.541259624000077 ], [ 18.367961011000034, 51.544788163000078 ], [ 18.373892343000023, 51.547929464000049 ], [ 18.370481479000034, 51.549595499000077 ], [ 18.369090227000072, 51.550275056000032 ], [ 18.365684455000064, 51.564994413000079 ], [ 18.372014845000024, 51.576534869000056 ], [ 18.37129042600003, 51.590055075000066 ], [ 18.373355390000029, 51.590920528000026 ], [ 18.377557987000046, 51.59268189200003 ], [ 18.377463285000033, 51.597132466000062 ], [ 18.374896492000062, 51.59997290900003 ], [ 18.358044758000062, 51.601002263000055 ], [ 18.349983468000062, 51.601494671000069 ], [ 18.352898801000038, 51.607002141000066 ], [ 18.360765498000035, 51.612642372000039 ], [ 18.367529835000028, 51.617492238000068 ], [ 18.362987213000054, 51.624514771000065 ], [ 18.356518726000047, 51.625704701000075 ], [ 18.350028588000043, 51.626898613000037 ], [ 18.354207558000041, 51.633176392000053 ], [ 18.359820606000028, 51.634081152000078 ], [ 18.372398962000034, 51.636108642000067 ], [ 18.380335445000071, 51.648357007000072 ], [ 18.378428789000054, 51.65326877800004 ], [ 18.372414703000061, 51.655328979000046 ], [ 18.356381244000033, 51.660821444000078 ], [ 18.36045791500004, 51.677067062000049 ], [ 18.36541347900004, 51.681859372000076 ], [ 18.378499150000039, 51.68454061500006 ], [ 18.381693857000073, 51.691543658000057 ], [ 18.395599937000043, 51.696082068000067 ], [ 18.397310180000034, 51.700385850000032 ], [ 18.405802632000075, 51.701073154000028 ], [ 18.412143944000036, 51.701586363000047 ], [ 18.409912654000038, 51.71531695200008 ], [ 18.406530051000061, 51.718544798000039 ], [ 18.401952021000056, 51.722913379000033 ], [ 18.410284895000075, 51.725079702000073 ], [ 18.420545894000043, 51.727747285000078 ], [ 18.422954377000053, 51.735203647000048 ], [ 18.420200444000045, 51.741504889000055 ], [ 18.418544981000025, 51.742776237000044 ], [ 18.41532440900005, 51.745249546000082 ], [ 18.404955030000053, 51.74667910800008 ], [ 18.406316436000054, 51.749636862000045 ], [ 18.416827717000047, 51.749336403000029 ], [ 18.420647322000036, 51.756696693000038 ], [ 18.423361244000034, 51.757048599000029 ], [ 18.429184302000067, 51.757803656000078 ], [ 18.431669672000055, 51.763719051000066 ], [ 18.428705887000035, 51.772548368000059 ], [ 18.420388536000075, 51.780745189000072 ], [ 18.409304656000074, 51.791668448000053 ], [ 18.425877254000056, 51.792903956000032 ], [ 18.434620306000056, 51.79355576200004 ], [ 18.443078527000068, 51.798796093000078 ], [ 18.442300676000059, 51.810248372000046 ], [ 18.441244924000046, 51.825792169000067 ], [ 18.448637660000031, 51.82673058000006 ], [ 18.458418959000028, 51.824311765000061 ], [ 18.469662198000037, 51.821531427000082 ], [ 18.46748879300003, 51.827476507000029 ], [ 18.464338268000063, 51.836094379000031 ], [ 18.469943440000065, 51.840378089000069 ], [ 18.470343387000071, 51.840683746000082 ], [ 18.471965430000068, 51.851005637000071 ], [ 18.485400164000055, 51.850222513000062 ], [ 18.493372181000041, 51.851519756000073 ], [ 18.507074608000039, 51.853749477000065 ], [ 18.510187195000071, 51.850065354000037 ], [ 18.510699024000075, 51.846288703000027 ], [ 18.511579828000038, 51.83978948400005 ], [ 18.518251769000074, 51.834327640000026 ], [ 18.532914148000032, 51.836025273000075 ], [ 18.533624022000026, 51.837207792000072 ], [ 18.536365161000049, 51.841774023000028 ], [ 18.550821722000023, 51.845211461000076 ], [ 18.567701362000037, 51.844378903000063 ], [ 18.594860199000038, 51.848050028000046 ], [ 18.596888926000076, 51.847421859000065 ], [ 18.59995748700004, 51.84599610500004 ], [ 18.602160018000063, 51.843877908000081 ], [ 18.605088237000075, 51.842381380000063 ], [ 18.606925677000049, 51.841038474000072 ], [ 18.610508662000029, 51.839340652000033 ], [ 18.612248669000053, 51.837117095000053 ], [ 18.612303151000049, 51.837047472000052 ], [ 18.613047816000062, 51.834807567000041 ], [ 18.629877849000025, 51.831083068000055 ], [ 18.632005835000029, 51.831470747000026 ], [ 18.641878137000049, 51.833269295000036 ], [ 18.64713505900005, 51.82904841800007 ], [ 18.649660690000076, 51.82702054400005 ], [ 18.685665432000064, 51.821003059000077 ], [ 18.689010283000073, 51.824954588000026 ], [ 18.687867211000025, 51.832581069000071 ], [ 18.69142417300003, 51.835409049000077 ], [ 18.695718584000076, 51.84868619000008 ], [ 18.70011831100004, 51.851778092000075 ], [ 18.698666974000048, 51.860204751000026 ], [ 18.697757097000022, 51.865487624000082 ], [ 18.707482877000075, 51.870323099000075 ], [ 18.709764002000043, 51.870469583000045 ], [ 18.72041798500004, 51.871153736000053 ], [ 18.721061788000043, 51.875163774000043 ], [ 18.73706684800004, 51.89258342800008 ], [ 18.737866664000023, 51.894791008000027 ], [ 18.739384228000063, 51.898979652000037 ], [ 18.738328621000051, 51.901548760000026 ], [ 18.747748951000062, 51.907136538000032 ], [ 18.751370724000026, 51.91069626400008 ], [ 18.766176701000063, 51.925248590000081 ], [ 18.76556058500006, 51.928636849000043 ], [ 18.751303094000036, 51.93402723500003 ], [ 18.74406228600003, 51.936764796000034 ], [ 18.741576930000065, 51.944239187000051 ], [ 18.736115392000045, 51.944620646000033 ], [ 18.740621159000057, 51.951207728000043 ], [ 18.740718232000063, 51.951349641000036 ], [ 18.739122343000076, 51.960946198000045 ], [ 18.735261067000067, 51.958853038000029 ], [ 18.729790052000055, 51.95588725500005 ], [ 18.723160297000049, 51.95853057100004 ], [ 18.715751010000076, 51.968067205000068 ], [ 18.722218879000025, 51.968305567000073 ], [ 18.731588361000036, 51.96865086300005 ], [ 18.733241073000045, 51.972895273000063 ], [ 18.729781837000075, 51.984588048000035 ], [ 18.724853499000062, 51.986942598000041 ], [ 18.722482249000052, 51.988075480000077 ], [ 18.718617361000042, 51.993667309000045 ], [ 18.726203646000045, 51.99830387600008 ], [ 18.733429196000031, 52.002719969000054 ], [ 18.727954762000024, 52.01079973800006 ], [ 18.72719049400007, 52.011927729000035 ], [ 18.727390620000051, 52.012239157000067 ], [ 18.729394787000047, 52.015357961000063 ], [ 18.727554316000067, 52.021666775000028 ], [ 18.721047923000071, 52.028422664000061 ], [ 18.717605398000046, 52.031997197000067 ], [ 18.717620619000058, 52.03616349400005 ], [ 18.717388884000059, 52.045897299000046 ], [ 18.719277873000067, 52.04980738900008 ], [ 18.721869844000025, 52.055172607000031 ], [ 18.720127030000071, 52.059750035000036 ], [ 18.717859351000072, 52.065705997000066 ], [ 18.725773958000048, 52.065733420000072 ], [ 18.751274792000061, 52.07538300300007 ], [ 18.760676665000062, 52.069887823000045 ], [ 18.765076840000063, 52.067316022000057 ], [ 18.785520972000029, 52.06126589400003 ], [ 18.794291218000069, 52.061653488000047 ], [ 18.796628054000053, 52.062573431000033 ], [ 18.816488098000036, 52.070391738000069 ], [ 18.820717534000039, 52.06531401500007 ], [ 18.827809128000069, 52.064187992000029 ], [ 18.839152256000034, 52.071688438000081 ], [ 18.842827566000039, 52.079745941000056 ], [ 18.851649012000053, 52.081373811000049 ], [ 18.856698161000054, 52.086004651000053 ], [ 18.867894585000045, 52.087115367000081 ], [ 18.875090772000078, 52.084450825000033 ], [ 18.885184469000023, 52.080713418000073 ], [ 18.897989291000044, 52.082879573000071 ], [ 18.900807010000051, 52.083356238000079 ], [ 18.903495123000027, 52.082501773000047 ], [ 18.91623811900007, 52.078451183000027 ], [ 18.925087606000034, 52.079258596000045 ], [ 18.92685115200004, 52.086555433000058 ], [ 18.930786424000075, 52.102837986000054 ], [ 18.940227164000078, 52.103047857000035 ], [ 18.942975871000044, 52.103108962000078 ], [ 18.949015490000022, 52.120417994000036 ], [ 18.941953558000023, 52.126960867000037 ], [ 18.935272200000043, 52.125277130000029 ], [ 18.93027746100006, 52.124018429000046 ], [ 18.913752661000046, 52.130354928000031 ], [ 18.910715713000059, 52.134422974000074 ], [ 18.908751260000031, 52.149719573000027 ], [ 18.915311907000046, 52.161562834000051 ], [ 18.919052854000029, 52.187300034000032 ], [ 18.924351459000036, 52.195477807000032 ], [ 18.940631936000045, 52.198774226000069 ], [ 18.94353693000005, 52.199362420000057 ], [ 18.951349500000049, 52.196285644000056 ], [ 18.961569814000029, 52.204414334000035 ], [ 18.962522933000059, 52.205172394000044 ], [ 18.963277392000066, 52.204874310000037 ], [ 18.968652228000053, 52.202750736000041 ], [ 18.984298658000057, 52.210536881000053 ], [ 18.992181413000026, 52.214459582000075 ], [ 18.997241790000032, 52.212557770000046 ], [ 18.999889160000066, 52.211562824000055 ], [ 19.003233612000031, 52.212138804000062 ], [ 19.02099533300003, 52.215197722000028 ], [ 19.050806443000056, 52.212731619000067 ], [ 19.060594468000033, 52.208127971000067 ], [ 19.077634144000058, 52.200113619000035 ], [ 19.088871977000053, 52.208120977000078 ], [ 19.08266392400003, 52.221351094000056 ], [ 19.078920690000075, 52.222223928000062 ], [ 19.073763573000065, 52.223426446000076 ], [ 19.071939548000046, 52.228442678000079 ], [ 19.075920827000061, 52.230029633000072 ], [ 19.079187165000064, 52.231331609000051 ], [ 19.079785079000033, 52.232922987000052 ], [ 19.081820028000038, 52.238339100000076 ], [ 19.096280790000037, 52.241296615000067 ], [ 19.104420153000035, 52.242961277000063 ], [ 19.100264684000024, 52.264697407000028 ], [ 19.094788918000063, 52.270619570000065 ], [ 19.052982876000044, 52.273411700000054 ], [ 19.045688321000057, 52.272465797000052 ], [ 19.031852030000039, 52.270671610000079 ], [ 19.031168585000046, 52.273505144000069 ], [ 19.037466266000024, 52.280070902000034 ], [ 19.037957294000023, 52.28058283200005 ], [ 19.04453806600003, 52.294770365000034 ], [ 19.04085643600007, 52.297555474000035 ], [ 19.038544952000052, 52.299304083000038 ], [ 19.034827814000039, 52.316659379000043 ], [ 19.03905786100006, 52.318196080000064 ], [ 19.044330220000063, 52.320111434000069 ], [ 19.047119842000029, 52.332803969000054 ], [ 19.059423802000026, 52.332844931000068 ], [ 19.059456083000043, 52.335869569000067 ], [ 19.059478388000059, 52.337959416000047 ], [ 19.071124257000065, 52.338769152000054 ], [ 19.073883158000058, 52.338960978000046 ], [ 19.078930270000058, 52.340708974000052 ], [ 19.09799662100005, 52.347312336000073 ], [ 19.107312023000077, 52.346010850000027 ], [ 19.109050435000029, 52.345767970000054 ], [ 19.125910539000074, 52.342897445000062 ], [ 19.127329777000057, 52.343111840000063 ], [ 19.147956673000067, 52.346227815000077 ], [ 19.163132396000037, 52.342244766000078 ], [ 19.185440584000048, 52.348524081000051 ], [ 19.186367656000073, 52.348785034000059 ], [ 19.199989773000027, 52.358532659000048 ], [ 19.203828157000032, 52.356154464000042 ], [ 19.204037458000073, 52.349619822000079 ], [ 19.204838893000044, 52.349148084000035 ], [ 19.218356933000052, 52.341191151000032 ], [ 19.223593170000072, 52.344468479000057 ], [ 19.213320279000072, 52.351129514000036 ], [ 19.210502440000027, 52.352956626000037 ], [ 19.208285404000037, 52.358660709000048 ], [ 19.211736330000065, 52.364295519000052 ], [ 19.21956218300005, 52.363889164000057 ], [ 19.234776838000073, 52.36309914800006 ], [ 19.238974578000068, 52.370151145000079 ], [ 19.251890151000055, 52.377393443000074 ], [ 19.259259753000038, 52.38152588500003 ], [ 19.271436170000072, 52.392408316000058 ], [ 19.289184555000077, 52.392712485000061 ], [ 19.300316474000056, 52.391021064000029 ], [ 19.307594049000045, 52.384071592000055 ], [ 19.301067182000054, 52.380588656000043 ], [ 19.294965264000041, 52.377332486000057 ], [ 19.294145625000056, 52.371170170000028 ], [ 19.300574410000024, 52.368993423000063 ] ], [ [ 20.299890747000063, 51.910865967000063 ], [ 20.302356635000024, 51.914289877000044 ], [ 20.299246684000025, 51.915927079000028 ], [ 20.294598282000038, 51.912608936000026 ], [ 20.299890747000063, 51.910865967000063 ] ] ], [ [ [ 18.423864783000056, 51.794904620000068 ], [ 18.424468073000071, 51.800777126000071 ], [ 18.429037103000041, 51.801885502000061 ], [ 18.427036519000069, 51.796442806000073 ], [ 18.423864783000056, 51.794904620000068 ] ] ] ] } },
{ "type": "Feature", "properties": { "voivodeship": "śląskie" }, "geometry": { "type": "MultiPolygon", "coordinates": [ [ [ [ 19.016750477000073, 51.05193181900006 ], [ 19.030374865000056, 51.04791754300004 ], [ 19.051366884000061, 51.041732477000039 ], [ 19.055759751000039, 51.034973624000031 ], [ 19.052337824000062, 51.031348283000057 ], [ 19.048480817000041, 51.027261998000029 ], [ 19.056644033000055, 51.024938080000027 ], [ 19.062390238000035, 51.028419185000075 ], [ 19.073689678000051, 51.035264493000057 ], [ 19.091264625000065, 51.032614631000058 ], [ 19.104412450000041, 51.025764336000066 ], [ 19.109555121000028, 51.014351516000033 ], [ 19.109887520000029, 51.013613842000041 ], [ 19.123561172000052, 50.999598652000032 ], [ 19.127329777000057, 50.999867412000071 ], [ 19.131982626000024, 51.000199232000057 ], [ 19.129300944000022, 51.003953267000043 ], [ 19.128234575000022, 51.00544605500005 ], [ 19.133021228000075, 51.010224318000041 ], [ 19.147490550000043, 51.009658650000063 ], [ 19.147204630000033, 51.007294344000059 ], [ 19.146554322000043, 51.001916871000049 ], [ 19.159547635000024, 51.002518964000046 ], [ 19.162983808000035, 51.002678192000076 ], [ 19.163745649000077, 51.000894796000068 ], [ 19.166517733000035, 50.994405616000051 ], [ 19.177097116000027, 50.990093236000064 ], [ 19.20128070800007, 50.98637287300005 ], [ 19.204191245000061, 50.985925121000037 ], [ 19.204203613000061, 50.985242032000031 ], [ 19.204254737000042, 50.982418395000082 ], [ 19.240937167000027, 50.991025243000081 ], [ 19.247840371000052, 51.000099240000054 ], [ 19.251358063000055, 51.004723111000033 ], [ 19.252601610000056, 51.004376739000065 ], [ 19.256004792000056, 51.003428833000044 ], [ 19.250617715000033, 51.016726104000043 ], [ 19.248327436000068, 51.018847652000034 ], [ 19.244481022000059, 51.022410690000072 ], [ 19.245690962000026, 51.027753068000038 ], [ 19.246407559000033, 51.030917134000049 ], [ 19.243013312000073, 51.036797569000043 ], [ 19.251373231000059, 51.039095792000069 ], [ 19.253350831000034, 51.037626618000047 ], [ 19.260463526000024, 51.032342543000027 ], [ 19.264829890000044, 51.032179829000029 ], [ 19.280023710000023, 51.039765731000045 ], [ 19.289873411000031, 51.044683445000032 ], [ 19.301997062000055, 51.04374316600007 ], [ 19.312587592000057, 51.047349165000071 ], [ 19.321146269000053, 51.046155658000032 ], [ 19.330897806000053, 51.03932401600008 ], [ 19.325365745000056, 51.033672489000026 ], [ 19.319343700000047, 51.027520396000057 ], [ 19.319605243000069, 51.020628538000039 ], [ 19.325826663000043, 51.017940317000068 ], [ 19.327394243000072, 51.013144870000076 ], [ 19.339636163000023, 51.011667935000048 ], [ 19.346687186000054, 51.010817260000067 ], [ 19.360140568000077, 51.004778310000063 ], [ 19.35725198800003, 51.001354226000046 ], [ 19.352801632000023, 50.99607883200008 ], [ 19.356378660000075, 50.992990346000056 ], [ 19.378716214000065, 50.995196523000061 ], [ 19.380720089000022, 50.996168150000074 ], [ 19.390344497000058, 51.000834776000033 ], [ 19.400488596000059, 50.994523296000068 ], [ 19.410054855000055, 50.980613626000036 ], [ 19.407213074000026, 50.977570477000029 ], [ 19.40462887700005, 50.974803165000026 ], [ 19.410069576000069, 50.971175010000081 ], [ 19.41140703700006, 50.97424654200006 ], [ 19.411641106000047, 50.974247664000075 ], [ 19.415705005000063, 50.974267144000066 ], [ 19.431034836000038, 50.964963313000055 ], [ 19.434409662000064, 50.954555257000038 ], [ 19.437561889000051, 50.944833700000061 ], [ 19.447971817000052, 50.934844531000067 ], [ 19.454642170000056, 50.931635033000077 ], [ 19.463577964000024, 50.927335499000037 ], [ 19.469103785000073, 50.916334849000066 ], [ 19.467341167000029, 50.910997480000049 ], [ 19.465055360000065, 50.909672895000028 ], [ 19.463278677000062, 50.908643339000037 ], [ 19.464141122000058, 50.898363251000035 ], [ 19.470909148000032, 50.89386959400008 ], [ 19.472873156000048, 50.892565583000078 ], [ 19.472516293000069, 50.892128643000035 ], [ 19.468883471000026, 50.887680648000071 ], [ 19.488043531000073, 50.879805704000034 ], [ 19.496800093000047, 50.88000726100006 ], [ 19.501465075000056, 50.88306917400007 ], [ 19.502081912000051, 50.883474042000046 ], [ 19.503205346000072, 50.883093429000041 ], [ 19.50918050000007, 50.881069084000046 ], [ 19.514070540000034, 50.88480532400007 ], [ 19.526504731000045, 50.89430567900007 ], [ 19.553106523000054, 50.900591653000049 ], [ 19.566319895000049, 50.90774882900007 ], [ 19.577515915000049, 50.90717297100008 ], [ 19.593806038000025, 50.899312390000034 ], [ 19.607754465000028, 50.88451772500008 ], [ 19.613524427000073, 50.878397706000044 ], [ 19.623241408000069, 50.878862501000071 ], [ 19.638810798000065, 50.879607237000073 ], [ 19.659627985000043, 50.874975490000054 ], [ 19.658831594000048, 50.866695682000056 ], [ 19.658502282000029, 50.86327194200004 ], [ 19.661393412000052, 50.854540055000029 ], [ 19.685111586000062, 50.84494597500003 ], [ 19.726015226000072, 50.843502920000049 ], [ 19.729845842000032, 50.849431165000055 ], [ 19.743077104000065, 50.852859223000053 ], [ 19.747059903000036, 50.865969892000066 ], [ 19.753849294000076, 50.863799586000027 ], [ 19.755587847000072, 50.862713450000058 ], [ 19.758199919000049, 50.861081596000076 ], [ 19.760136920000036, 50.86030913500008 ], [ 19.776338033000059, 50.854789879000066 ], [ 19.808542998000064, 50.843818568000074 ], [ 19.821017097000038, 50.836267622000037 ], [ 19.829938636000065, 50.822518587000047 ], [ 19.823447896000062, 50.820230507000076 ], [ 19.819259886000054, 50.818754173000059 ], [ 19.819773723000026, 50.815154479000057 ], [ 19.821080265000035, 50.806001479000031 ], [ 19.807881694000059, 50.803775759000075 ], [ 19.805149760000063, 50.806593131000056 ], [ 19.795298946000059, 50.816752017000056 ], [ 19.784782952000057, 50.816981379000026 ], [ 19.777934650000077, 50.798421833000077 ], [ 19.784365949000062, 50.793305489000034 ], [ 19.787246808000077, 50.791013656000075 ], [ 19.791865723000058, 50.782930529000055 ], [ 19.780630086000031, 50.778574750000075 ], [ 19.778212246000066, 50.778360342000042 ], [ 19.766729181000073, 50.777342055000076 ], [ 19.769043583000041, 50.772874590000072 ], [ 19.770154656000045, 50.770729900000049 ], [ 19.765494753000041, 50.771029019000082 ], [ 19.764071839000053, 50.77112035600004 ], [ 19.759219944000051, 50.767765801000053 ], [ 19.745201357000042, 50.758073480000064 ], [ 19.737808847000053, 50.760332755000036 ], [ 19.737070318000065, 50.76206200300004 ], [ 19.734706693000078, 50.767596372000071 ], [ 19.729637384000057, 50.76988009300004 ], [ 19.723689655000044, 50.766977421000036 ], [ 19.721086476000039, 50.760900157000037 ], [ 19.709455902000059, 50.760712517000059 ], [ 19.706668942000022, 50.749570092000056 ], [ 19.713898781000069, 50.739132975000075 ], [ 19.717601552000076, 50.733787591000066 ], [ 19.712949632000061, 50.729156092000039 ], [ 19.760136920000036, 50.715818693000074 ], [ 19.766941129000031, 50.717794517000073 ], [ 19.779335790000061, 50.721393712000065 ], [ 19.798708802000078, 50.717789244000073 ], [ 19.800253959000031, 50.717501758000026 ], [ 19.800444822000031, 50.717788956000049 ], [ 19.804791686000044, 50.72432980800005 ], [ 19.808838794000053, 50.725140684000053 ], [ 19.807266654000045, 50.715461744000038 ], [ 19.806893019000029, 50.713161447000061 ], [ 19.809966010000039, 50.705705289000036 ], [ 19.830550132000042, 50.705452711000078 ], [ 19.842353030000027, 50.705307884000035 ], [ 19.847451892000038, 50.701802070000042 ], [ 19.849153237000053, 50.697455664000074 ], [ 19.851775432000068, 50.690756776000057 ], [ 19.861998882000023, 50.691933617000075 ], [ 19.871657264000078, 50.693045411000071 ], [ 19.871511511000051, 50.683880206000026 ], [ 19.862622631000022, 50.677661124000053 ], [ 19.860151793000057, 50.675932408000051 ], [ 19.860715986000059, 50.672952770000052 ], [ 19.86206820700005, 50.665811359000031 ], [ 19.847769221000078, 50.667350713000076 ], [ 19.836226133000025, 50.668593381000051 ], [ 19.839562759000046, 50.660016149000057 ], [ 19.834661481000069, 50.652429605000066 ], [ 19.856949783000061, 50.646224016000076 ], [ 19.865769551000028, 50.645969027000035 ], [ 19.879556382000032, 50.645570435000081 ], [ 19.889269505000073, 50.638237795000066 ], [ 19.889956062000067, 50.637719498000081 ], [ 19.890519059000042, 50.637826704000076 ], [ 19.909138971000061, 50.641372325000077 ], [ 19.919786067000075, 50.639061072000061 ], [ 19.919818943000053, 50.636284488000058 ], [ 19.909971614000028, 50.629877983000029 ], [ 19.90346661500007, 50.619621381000059 ], [ 19.896497474000057, 50.616294327000048 ], [ 19.884081643000059, 50.617648364000047 ], [ 19.859711231000063, 50.620306134000032 ], [ 19.850597085000061, 50.610763071000065 ], [ 19.847925829000076, 50.605763628000034 ], [ 19.840156149000052, 50.591222122000033 ], [ 19.824266674000057, 50.581983078000064 ], [ 19.816127363000078, 50.572616420000031 ], [ 19.808215766000046, 50.568390306000026 ], [ 19.80358331900004, 50.565915806000078 ], [ 19.789880029000074, 50.567294248000053 ], [ 19.788644299000055, 50.554479484000069 ], [ 19.819607499000028, 50.554701682000029 ], [ 19.842405004000057, 50.554865281000048 ], [ 19.851394332000041, 50.548078887000031 ], [ 19.857259858000077, 50.543650773000081 ], [ 19.885788680000076, 50.540912816000059 ], [ 19.902182554000035, 50.539339470000073 ], [ 19.909049500000037, 50.521635047000075 ], [ 19.913057626000068, 50.51130125800006 ], [ 19.93514054700006, 50.502788482000028 ], [ 19.949966502000052, 50.504782492000061 ], [ 19.953220831000067, 50.494669352000074 ], [ 19.958370097000056, 50.491270999000051 ], [ 19.963919051000062, 50.487608865000027 ], [ 19.97139162700006, 50.475745958000061 ], [ 19.961781122000048, 50.476623223000047 ], [ 19.939010620000033, 50.478701759000046 ], [ 19.900131859000055, 50.472033137000039 ], [ 19.893963358000065, 50.465263641000035 ], [ 19.898423985000022, 50.460387543000081 ], [ 19.900597981000033, 50.458011057000078 ], [ 19.900264703000062, 50.453804114000036 ], [ 19.877067561000047, 50.450537963000045 ], [ 19.854281395000044, 50.447329677000027 ], [ 19.851040364000028, 50.443923386000051 ], [ 19.851599749000059, 50.44076436000006 ], [ 19.85249919000006, 50.435684928000057 ], [ 19.844537658000036, 50.434195423000062 ], [ 19.836222700000064, 50.438355594000029 ], [ 19.819124934000058, 50.436254212000051 ], [ 19.81226287000004, 50.435410837000063 ], [ 19.809512966000057, 50.437032916000078 ], [ 19.79926742300006, 50.443076431000065 ], [ 19.78231106100003, 50.44049628700003 ], [ 19.75846262400006, 50.443901072000074 ], [ 19.730732599000078, 50.443861729000048 ], [ 19.729742132000069, 50.443495477000056 ], [ 19.72382174300003, 50.44130625300005 ], [ 19.708623395000075, 50.443683447000069 ], [ 19.708161073000042, 50.445013833000075 ], [ 19.707231335000074, 50.447689264000076 ], [ 19.702061091000076, 50.44800232700004 ], [ 19.695995578000066, 50.43906312200005 ], [ 19.693602951000059, 50.435536926000054 ], [ 19.687488531000042, 50.434901928000045 ], [ 19.678696152000043, 50.433988817000056 ], [ 19.665996475000043, 50.426179221000041 ], [ 19.666724743000032, 50.424745390000055 ], [ 19.669328328000063, 50.419619391000026 ], [ 19.667928581000069, 50.416020074000073 ], [ 19.636564238000062, 50.409360491000029 ], [ 19.634610950000024, 50.410299241000075 ], [ 19.627442630000075, 50.413744337000026 ], [ 19.621685795000076, 50.410574469000039 ], [ 19.61179549700006, 50.405128605000073 ], [ 19.602958873000034, 50.40484869800008 ], [ 19.593806038000025, 50.408116904000053 ], [ 19.58883944300004, 50.409890328000074 ], [ 19.567380689000061, 50.407975161000081 ], [ 19.56598851900003, 50.411336695000045 ], [ 19.561812581000027, 50.411849407000034 ], [ 19.54779626100003, 50.41357030000006 ], [ 19.544016918000068, 50.418732779000038 ], [ 19.538458244000026, 50.419841862000055 ], [ 19.517908718000058, 50.416348083000059 ], [ 19.510783138000022, 50.408513203000041 ], [ 19.504227417000038, 50.401304907000053 ], [ 19.499097379000034, 50.399683654000057 ], [ 19.488309022000067, 50.396274195000046 ], [ 19.489547435000077, 50.383085817000051 ], [ 19.491062312000054, 50.366953257000034 ], [ 19.48005934300005, 50.368974984000033 ], [ 19.461637738000036, 50.372359838000079 ], [ 19.457417427000053, 50.367370831000073 ], [ 19.459388303000026, 50.363285027000074 ], [ 19.476239564000025, 50.356982572000049 ], [ 19.483675943000037, 50.35420133000008 ], [ 19.486952545000065, 50.347453274000031 ], [ 19.481121495000025, 50.333602016000043 ], [ 19.483944782000037, 50.323597113000062 ], [ 19.473868008000068, 50.324452188000066 ], [ 19.452187779000042, 50.319269633000033 ], [ 19.432212652000032, 50.32593944000007 ], [ 19.416541933000076, 50.331171981000068 ], [ 19.413597762000052, 50.322527448000073 ], [ 19.406558511000071, 50.317378460000043 ], [ 19.399246365000067, 50.310228770000037 ], [ 19.402440697000031, 50.305540332000078 ], [ 19.402827567000031, 50.304972509000038 ], [ 19.409271920000037, 50.302540184000065 ], [ 19.403905666000071, 50.296992922000072 ], [ 19.390582855000048, 50.289788955000063 ], [ 19.388015621000022, 50.288400790000026 ], [ 19.386907454000038, 50.28490673400006 ], [ 19.383753160000026, 50.274961223000048 ], [ 19.370418405000066, 50.270881710000026 ], [ 19.361289875000068, 50.260187219000045 ], [ 19.354679539000074, 50.264051729000073 ], [ 19.353446102000078, 50.264772816000061 ], [ 19.345825371000046, 50.265080612000077 ], [ 19.323423183000045, 50.259144982000066 ], [ 19.341228615000034, 50.249347201000035 ], [ 19.395461362000049, 50.23223396000003 ], [ 19.403585020000037, 50.232496449000053 ], [ 19.411877589000028, 50.232764395000061 ], [ 19.428902146000041, 50.225966815000049 ], [ 19.441975319000051, 50.226574484000082 ], [ 19.423010337000051, 50.214507105000052 ], [ 19.422660810000025, 50.214284702000043 ], [ 19.417773154000031, 50.211174697000047 ], [ 19.415479206000043, 50.203425585000048 ], [ 19.407312380000064, 50.206566470000041 ], [ 19.399810886000068, 50.200981041000034 ], [ 19.387431947000039, 50.19991503600005 ], [ 19.366747721000024, 50.191165951000073 ], [ 19.349890229000039, 50.189399478000041 ], [ 19.335824656000057, 50.187925566000047 ], [ 19.337844686000039, 50.182890305000058 ], [ 19.343688857000075, 50.180179963000057 ], [ 19.348057080000046, 50.178154119000055 ], [ 19.351690504000032, 50.178166840000074 ], [ 19.366063336000025, 50.178217162000067 ], [ 19.364236877000053, 50.172477896000032 ], [ 19.351014126000052, 50.17311090000004 ], [ 19.350964201000068, 50.17311329000006 ], [ 19.347739029000024, 50.170868476000066 ], [ 19.345906945000024, 50.165790732000062 ], [ 19.349096235000047, 50.164115795000043 ], [ 19.353517589000035, 50.153774290000058 ], [ 19.35159126800005, 50.151783784000031 ], [ 19.331672173000072, 50.144448244000046 ], [ 19.315140403000044, 50.142415601000039 ], [ 19.289010855000072, 50.140952174000063 ], [ 19.28272172000004, 50.141837147000047 ], [ 19.272101075000023, 50.143331627000066 ], [ 19.274883475000024, 50.133896011000047 ], [ 19.275218207000023, 50.132760876000077 ], [ 19.273989831000051, 50.132545744000026 ], [ 19.273265895000065, 50.132418958000073 ], [ 19.273490803000072, 50.131791730000032 ], [ 19.277817294000045, 50.119725931000062 ], [ 19.259177684000065, 50.116933411000048 ], [ 19.255238094000049, 50.128481807000071 ], [ 19.256136788000049, 50.131550140000058 ], [ 19.256407585000034, 50.132474698000067 ], [ 19.253810699000041, 50.134192871000039 ], [ 19.245344187000057, 50.124581391000049 ], [ 19.242207821000022, 50.117569269000057 ], [ 19.23965548700005, 50.111862894000069 ], [ 19.234484473000066, 50.106503922000059 ], [ 19.224144630000069, 50.095788243000072 ], [ 19.222681227000066, 50.089593250000064 ], [ 19.222244606000061, 50.087744912000062 ], [ 19.218046868000044, 50.082953539000073 ], [ 19.211859215000061, 50.075890844000071 ], [ 19.217164226000023, 50.074432634000061 ], [ 19.228498501000047, 50.071317137000051 ], [ 19.233570383000028, 50.065742528000044 ], [ 19.22398170200006, 50.067187599000079 ], [ 19.218044261000045, 50.060096403000045 ], [ 19.214390008000066, 50.063469206000036 ], [ 19.213515253000025, 50.064276588000041 ], [ 19.208216177000054, 50.062689747000036 ], [ 19.207289341000035, 50.06241220000004 ], [ 19.206771445000072, 50.062507346000075 ], [ 19.195263886000077, 50.064621480000028 ], [ 19.182024252000076, 50.05938296000005 ], [ 19.178355086000067, 50.057931183000051 ], [ 19.175016975000062, 50.05849827600008 ], [ 19.168993408000063, 50.059521587000063 ], [ 19.163086126000053, 50.05719005900005 ], [ 19.15950977600005, 50.051804387000061 ], [ 19.154695992000029, 50.051805646000048 ], [ 19.155538271000069, 50.048737783000036 ], [ 19.15584784300006, 50.047610216000066 ], [ 19.152699926000025, 50.044189721000066 ], [ 19.150808301000041, 50.045749655000066 ], [ 19.148429571000065, 50.04771128200008 ], [ 19.148246305000043, 50.04345700600004 ], [ 19.14814184100004, 50.041032001000076 ], [ 19.145554146000052, 50.039898480000033 ], [ 19.14441230400007, 50.039398305000077 ], [ 19.144357702000036, 50.038317008000035 ], [ 19.144079652000073, 50.032810719000054 ], [ 19.139563549000059, 50.031885292000027 ], [ 19.140832775000035, 50.02461210000007 ], [ 19.132082123000032, 50.016952380000077 ], [ 19.127329777000057, 50.013842970000042 ], [ 19.124384042000031, 50.011915607000049 ], [ 19.120177606000027, 50.009163381000064 ], [ 19.113009163000072, 49.996680990000073 ], [ 19.116596901000037, 49.993088651000051 ], [ 19.120162219000065, 49.989518760000067 ], [ 19.117058319000023, 49.985582514000043 ], [ 19.115812300000073, 49.984002360000034 ], [ 19.116516871000044, 49.980569793000029 ], [ 19.111253558000044, 49.977497750000055 ], [ 19.111746692000054, 49.973393696000073 ], [ 19.117883866000057, 49.972152918000063 ], [ 19.122651497000049, 49.971189027000037 ], [ 19.11904150600003, 49.968027799000026 ], [ 19.12195790100003, 49.96331794300005 ], [ 19.115852540000049, 49.95925959300007 ], [ 19.108381042000076, 49.960531073000027 ], [ 19.10302441500005, 49.956455653000035 ], [ 19.09320847500004, 49.956651892000082 ], [ 19.087044598000034, 49.953888006000057 ], [ 19.085781801000053, 49.950204760000076 ], [ 19.097586474000025, 49.951336093000066 ], [ 19.105741267000042, 49.943179380000061 ], [ 19.122763839000072, 49.938565013000073 ], [ 19.127329777000057, 49.938732690000052 ], [ 19.158315867000056, 49.939870606000056 ], [ 19.16452225200004, 49.944384181000032 ], [ 19.167555814000025, 49.946590330000049 ], [ 19.184909541000025, 49.950090345000035 ], [ 19.18497515100006, 49.939303788000075 ], [ 19.185085628000024, 49.921140692000051 ], [ 19.188713070000063, 49.919830303000026 ], [ 19.190724762000059, 49.919103592000056 ], [ 19.193770921000066, 49.913342298000032 ], [ 19.195064507000041, 49.887609118000057 ], [ 19.180820203000053, 49.882292713000027 ], [ 19.173487329000068, 49.879555862000075 ], [ 19.157070118000036, 49.865190631000075 ], [ 19.170304618000046, 49.854081848000078 ], [ 19.175195804000055, 49.853845013000068 ], [ 19.194440205000035, 49.859301701000049 ], [ 19.194290336000051, 49.862791007000055 ], [ 19.194071423000025, 49.867887825000025 ], [ 19.204777507000074, 49.871449820000066 ], [ 19.219875326000022, 49.868326726000078 ], [ 19.219982739000045, 49.868165464000072 ], [ 19.223401499000033, 49.863032788000055 ], [ 19.235701497000036, 49.862130618000037 ], [ 19.240405968000061, 49.86456258000004 ], [ 19.248490538000055, 49.863744844000053 ], [ 19.265808451000055, 49.861993176000055 ], [ 19.290000640000073, 49.850553003000073 ], [ 19.293687375000047, 49.848583973000075 ], [ 19.290039324000077, 49.840333555000029 ], [ 19.289243052000074, 49.838532709000049 ], [ 19.28651827300007, 49.818046905000074 ], [ 19.293342272000075, 49.812514400000055 ], [ 19.295416514000067, 49.810832725000068 ], [ 19.296123857000055, 49.808900541000071 ], [ 19.299634262000041, 49.799311482000064 ], [ 19.312513954000053, 49.787606377000031 ], [ 19.314507065000043, 49.785795031000077 ], [ 19.314865133000069, 49.78455170400008 ], [ 19.316784623000046, 49.777886612000032 ], [ 19.349333643000023, 49.771949085000074 ], [ 19.351824080000029, 49.772802994000074 ], [ 19.364295827000035, 49.777079249000053 ], [ 19.369169414000055, 49.774719413000071 ], [ 19.375464505000025, 49.769932649000054 ], [ 19.388184974000069, 49.768840702000034 ], [ 19.395388704000027, 49.764942394000059 ], [ 19.400588077000066, 49.76212874600003 ], [ 19.408236061000025, 49.764557940000032 ], [ 19.410481396000023, 49.771536541000046 ], [ 19.41088372400003, 49.772786993000068 ], [ 19.414951605000056, 49.775265141000034 ], [ 19.436853904000031, 49.756276681000031 ], [ 19.445033249000062, 49.74383221800008 ], [ 19.444952220000062, 49.735303101000056 ], [ 19.437517736000075, 49.731430150000051 ], [ 19.429351752000059, 49.727176129000043 ], [ 19.428188876000036, 49.721756725000034 ], [ 19.427385148000042, 49.718011077000028 ], [ 19.416013092000071, 49.712810187000059 ], [ 19.411285408000026, 49.710648031000062 ], [ 19.398675299000047, 49.709381957000062 ], [ 19.39144176700006, 49.699317834000055 ], [ 19.390162495000027, 49.697537963000059 ], [ 19.38759544800007, 49.697205783000072 ], [ 19.369976509000026, 49.694925862000048 ], [ 19.388565931000073, 49.684094304000041 ], [ 19.392679588000078, 49.677409622000027 ], [ 19.406278006000036, 49.67812854400006 ], [ 19.413788908000072, 49.672770076000063 ], [ 19.441582216000029, 49.678396659000043 ], [ 19.447299453000028, 49.679554078000081 ], [ 19.459014646000071, 49.675962742000081 ], [ 19.463481596000065, 49.670442988000048 ], [ 19.465175242000043, 49.668350171000043 ], [ 19.470657513000049, 49.665071337000029 ], [ 19.477778193000063, 49.660812603000068 ], [ 19.473227638000026, 49.652867560000061 ], [ 19.46880709800007, 49.645149518000039 ], [ 19.477026398000078, 49.634829827000033 ], [ 19.47924604800005, 49.632042960000035 ], [ 19.479772539000066, 49.624337461000039 ], [ 19.467386340000076, 49.613766868000027 ], [ 19.45555170800003, 49.611402633000068 ], [ 19.452233559000035, 49.611971916000073 ], [ 19.446805299000061, 49.612903222000057 ], [ 19.442949448000036, 49.608108643000037 ], [ 19.442920186000038, 49.607792219000032 ], [ 19.442105768000033, 49.59898561600005 ], [ 19.420287681000048, 49.594206451000048 ], [ 19.411603458000059, 49.592304207000041 ], [ 19.407957236000072, 49.588189202000081 ], [ 19.407716503000074, 49.586660265000035 ], [ 19.406746145000056, 49.580497367000078 ], [ 19.401228097000057, 49.575346714000034 ], [ 19.379700565000064, 49.56984294800003 ], [ 19.373118802000022, 49.568160243000079 ], [ 19.37293143100004, 49.562332390000051 ], [ 19.372808870000028, 49.558520357000077 ], [ 19.369286277000072, 49.55495495100007 ], [ 19.367274295000072, 49.552918515000044 ], [ 19.367448337000042, 49.551235137000049 ], [ 19.368085105000034, 49.545076172000051 ], [ 19.365174391000039, 49.538015073000054 ], [ 19.318806856000037, 49.531083847000048 ], [ 19.317450895000036, 49.534295857000075 ], [ 19.317053611000063, 49.535236947000044 ], [ 19.311634706000063, 49.536813677000055 ], [ 19.260707969000066, 49.531222909000064 ], [ 19.259495508000043, 49.527912960000037 ], [ 19.259047854000073, 49.526690891000044 ], [ 19.252004371000055, 49.522128090000081 ], [ 19.234704519000047, 49.51092116500007 ], [ 19.235439098000029, 49.504818336000028 ], [ 19.236136993000059, 49.499020277000056 ], [ 19.232797057000028, 49.495684779000044 ], [ 19.229097222000064, 49.491989861000036 ], [ 19.230476690000046, 49.48766325400004 ], [ 19.23051947700003, 49.487529055000039 ], [ 19.230397691000064, 49.487390154000082 ], [ 19.227672193000046, 49.48428163400007 ], [ 19.220557647000078, 49.471829651000064 ], [ 19.224729697000043, 49.467795859000034 ], [ 19.227575767000076, 49.46504410600005 ], [ 19.225241954000069, 49.455062901000076 ], [ 19.218164367000043, 49.449352517000079 ], [ 19.212973071000022, 49.450369002000059 ], [ 19.208204955000042, 49.451302625000039 ], [ 19.197838208000064, 49.447187623000048 ], [ 19.186426760000074, 49.43457201700005 ], [ 19.191162155000029, 49.428785479000055 ], [ 19.192333348000034, 49.427354309000066 ], [ 19.192116379000026, 49.420416807000038 ], [ 19.196201718000054, 49.414672396000071 ], [ 19.194137392000073, 49.412614559000076 ], [ 19.187587360000066, 49.410265312000035 ], [ 19.181566462000035, 49.411907990000032 ], [ 19.175924222000049, 49.413447359000031 ], [ 19.161149437000063, 49.407191616000034 ], [ 19.154625220000071, 49.404429219000065 ], [ 19.147118771000066, 49.405234910000047 ], [ 19.146444891000044, 49.405521287000056 ], [ 19.137127450000037, 49.409480899000073 ], [ 19.127329777000057, 49.405212911000035 ], [ 19.125592201000075, 49.404456001000028 ], [ 19.121507973000064, 49.402676861000032 ], [ 19.107857359000036, 49.404216568000038 ], [ 19.102086099000076, 49.408014224000055 ], [ 19.090410155000029, 49.415697331000047 ], [ 19.072745123000061, 49.417974094000044 ], [ 19.069020255000055, 49.413252569000065 ], [ 19.054399400000023, 49.414461783000036 ], [ 19.045430074000024, 49.402568746000043 ], [ 19.043942611000034, 49.400596418000077 ], [ 19.029820865000033, 49.394737715000076 ], [ 19.011292196000056, 49.396437912000067 ], [ 18.992607681000038, 49.39815241000008 ], [ 18.988147335000065, 49.397124699000074 ], [ 18.979868212000042, 49.395217102000061 ], [ 18.972459376000074, 49.401554694000026 ], [ 18.96917919200007, 49.409998031000043 ], [ 18.970400096000049, 49.413932171000056 ], [ 18.975972660000025, 49.416686014000049 ], [ 18.979420714000071, 49.418389969000032 ], [ 18.985396361000028, 49.422406881000029 ], [ 18.987979408000058, 49.430684123000049 ], [ 18.979565548000039, 49.438520175000065 ], [ 18.973568207000028, 49.450967127000069 ], [ 18.96784996100007, 49.453012943000033 ], [ 18.961920814000052, 49.455134212000075 ], [ 18.965309024000078, 49.471499879000078 ], [ 18.965519223000058, 49.472515181000063 ], [ 18.969047757000055, 49.476698488000068 ], [ 18.965937722000035, 49.479258084000037 ], [ 18.963336240000046, 49.481399134000071 ], [ 18.96174327500006, 49.483210452000037 ], [ 18.965866995000056, 49.491626687000064 ], [ 18.967019048000054, 49.492601771000068 ], [ 18.972482022000065, 49.497225567000044 ], [ 18.97190413800007, 49.502673657000059 ], [ 18.94954202200006, 49.513252439000041 ], [ 18.946590008000044, 49.517370840000069 ], [ 18.930814478000059, 49.519379843000081 ], [ 18.922520833000078, 49.518247259000077 ], [ 18.896589055000049, 49.51470600500005 ], [ 18.878150742000059, 49.517585600000075 ], [ 18.867020909000075, 49.519323797000027 ], [ 18.851551020000045, 49.517188938000061 ], [ 18.838496951000025, 49.52287566900003 ], [ 18.841676577000044, 49.526167250000071 ], [ 18.843756964000022, 49.528320888000053 ], [ 18.843653582000059, 49.529693682000072 ], [ 18.843437114000039, 49.532568127000047 ], [ 18.846646187000033, 49.533897400000058 ], [ 18.856574049000074, 49.53800975300004 ], [ 18.858784756000034, 49.549065295000048 ], [ 18.846813262000069, 49.559579298000074 ], [ 18.844319682000048, 49.560467230000029 ], [ 18.838069398000073, 49.562692876000028 ], [ 18.831816637000031, 49.584625875000029 ], [ 18.835863992000043, 49.590586918000042 ], [ 18.839078998000048, 49.595322057000033 ], [ 18.834757975000059, 49.595891834000042 ], [ 18.826695876000031, 49.596954915000026 ], [ 18.823073935000025, 49.605532995000033 ], [ 18.824175514000046, 49.613121049000029 ], [ 18.820029016000035, 49.618007469000077 ], [ 18.819671567000057, 49.624567099000046 ], [ 18.807151970000064, 49.651375259000076 ], [ 18.807781264000027, 49.656972836000079 ], [ 18.809458780000057, 49.671894356000053 ], [ 18.804583158000071, 49.67888909900006 ], [ 18.777949507000073, 49.684384995000073 ], [ 18.763086037000051, 49.683722853000063 ], [ 18.759046192000028, 49.681497317000037 ], [ 18.751738344000046, 49.677471451000031 ], [ 18.743522091000045, 49.676574155000026 ], [ 18.737896945000045, 49.679730608000057 ], [ 18.731121191000057, 49.683532705000061 ], [ 18.724666100000036, 49.683529210000074 ], [ 18.717113188000042, 49.683525121000059 ], [ 18.716947219000076, 49.687198385000045 ], [ 18.716856424000071, 49.68920786800004 ], [ 18.706512381000039, 49.704360340000051 ], [ 18.694945235000034, 49.706251320000035 ], [ 18.689500406000036, 49.705720567000071 ], [ 18.669683316000032, 49.703788828000029 ], [ 18.666045145000055, 49.708422899000027 ], [ 18.664822453000056, 49.709980286000075 ], [ 18.658785464000061, 49.709259303000067 ], [ 18.653195059000041, 49.708591654000031 ], [ 18.63239962800003, 49.718555344000038 ], [ 18.631653964000066, 49.718836920000058 ], [ 18.62663920500006, 49.722789439000053 ], [ 18.627661402000058, 49.73500692500005 ], [ 18.628613294000047, 49.746384105000061 ], [ 18.624279955000077, 49.748849291000056 ], [ 18.61492897100004, 49.754168956000058 ], [ 18.614231989000075, 49.760196029000042 ], [ 18.609973168000067, 49.770521226000028 ], [ 18.598355064000032, 49.784285830000044 ], [ 18.598926456000072, 49.787590763000026 ], [ 18.599370145000023, 49.790157067000052 ], [ 18.59823691500003, 49.791523842000061 ], [ 18.592071898000029, 49.801460296000073 ], [ 18.587871541000027, 49.804483251000079 ], [ 18.584415160000049, 49.806970773000046 ], [ 18.583760404000031, 49.810765282000034 ], [ 18.582642892000024, 49.817241608000074 ], [ 18.575776578000045, 49.822964986000045 ], [ 18.570757462000074, 49.827148642000054 ], [ 18.569672733000061, 49.833460033000051 ], [ 18.585249733000069, 49.843260391000058 ], [ 18.58822299600007, 49.845131036000055 ], [ 18.587881177000042, 49.846125760000064 ], [ 18.585671894000029, 49.852554979000047 ], [ 18.596598786000072, 49.855618326000069 ], [ 18.60291494300003, 49.857389057000034 ], [ 18.60492946100004, 49.861222058000067 ], [ 18.59844354300003, 49.86621703600008 ], [ 18.588716711000075, 49.866867851000052 ], [ 18.581058810000059, 49.867380236000031 ], [ 18.56977880900007, 49.875060098000063 ], [ 18.566284916000029, 49.881849300000056 ], [ 18.571223745000054, 49.886617998000077 ], [ 18.572456037000052, 49.88780784100004 ], [ 18.572139295000056, 49.891460817000052 ], [ 18.572010041000055, 49.892951491000076 ], [ 18.572613846000024, 49.89397096600004 ], [ 18.578825091000056, 49.904458138000052 ], [ 18.575724146000027, 49.910422959000073 ], [ 18.573020721000034, 49.920685911000078 ], [ 18.565280009000048, 49.919410858000049 ], [ 18.558996528000023, 49.918375840000067 ], [ 18.552968154000041, 49.920682859000067 ], [ 18.539701017000027, 49.925760104000062 ], [ 18.542389673000059, 49.921668191000037 ], [ 18.540732513000023, 49.912439104000043 ], [ 18.541630222000038, 49.911789671000065 ], [ 18.545875012000067, 49.908718850000071 ], [ 18.533586504000027, 49.900225719000048 ], [ 18.490414698000052, 49.904721882000047 ], [ 18.478691892000029, 49.911464070000079 ], [ 18.466289292000056, 49.916856291000045 ], [ 18.464761390000035, 49.918836493000072 ], [ 18.462184873000069, 49.922175727000081 ], [ 18.456286445000046, 49.922747553000079 ], [ 18.444608286000062, 49.923879698000064 ], [ 18.433811852000076, 49.928589253000041 ], [ 18.431039737000049, 49.934398531000056 ], [ 18.429333392000046, 49.937974369000074 ], [ 18.41832854200004, 49.937528575000044 ], [ 18.402313805000063, 49.936351580000064 ], [ 18.383079047000024, 49.934937932000025 ], [ 18.368305039000063, 49.937127754000073 ], [ 18.361212952000074, 49.940751936000026 ], [ 18.355128039000022, 49.943861434000041 ], [ 18.333537070000034, 49.94898211900005 ], [ 18.335525150000024, 49.940299891000052 ], [ 18.342301098000064, 49.939831481000056 ], [ 18.346436982000057, 49.939545574000078 ], [ 18.350665349000053, 49.93528724500004 ], [ 18.344798148000052, 49.933708602000081 ], [ 18.342323948000057, 49.933042888000045 ], [ 18.34325571200003, 49.930542235000075 ], [ 18.343688636000024, 49.929380359000049 ], [ 18.340996376000078, 49.926645896000082 ], [ 18.336582379000049, 49.927805072000069 ], [ 18.330837572000064, 49.92931373600004 ], [ 18.329560996000055, 49.924925151000082 ], [ 18.328976738000051, 49.922916601000054 ], [ 18.321821200000045, 49.915819960000078 ], [ 18.301152678000051, 49.923267846000044 ], [ 18.298711041000047, 49.927414534000036 ], [ 18.298218187000032, 49.928251559000046 ], [ 18.29670236100003, 49.92845860500006 ], [ 18.289969518000078, 49.929378242000041 ], [ 18.279254156000036, 49.940197026000078 ], [ 18.280564183000024, 49.946821507000038 ], [ 18.281429495000054, 49.951197172000036 ], [ 18.276418858000056, 49.963914117000058 ], [ 18.239907753000068, 49.970434156000067 ], [ 18.228114220000066, 49.969625045000043 ], [ 18.227533852000022, 49.969501735000051 ], [ 18.221607127000027, 49.968242491000069 ], [ 18.215344948000052, 49.971878276000041 ], [ 18.214201044000049, 49.979844821000029 ], [ 18.213153695000074, 49.987138922000042 ], [ 18.207348221000075, 49.996495746000051 ], [ 18.199831032000077, 49.99570731600005 ], [ 18.194013406000067, 49.995097143000066 ], [ 18.189754657000037, 49.997150618000035 ], [ 18.183017760000041, 50.000399002000051 ], [ 18.169230138000046, 49.998132077000037 ], [ 18.169330901000023, 49.993800448000059 ], [ 18.169480646000068, 49.987363168000059 ], [ 18.153609219000032, 49.982909886000073 ], [ 18.150668497000026, 49.986466075000067 ], [ 18.146832051000047, 49.991105455000081 ], [ 18.133252205000076, 49.997340687000076 ], [ 18.121809450000057, 49.995122538000032 ], [ 18.118611590000057, 49.994502641000054 ], [ 18.106142916000067, 50.000118099000076 ], [ 18.093351751000057, 50.014971937000041 ], [ 18.098575509000057, 50.019325662000028 ], [ 18.101969275000044, 50.02215418600008 ], [ 18.095874424000044, 50.026871018000065 ], [ 18.093463434000057, 50.028300933000025 ], [ 18.085977373000048, 50.032740779000051 ], [ 18.087111030000074, 50.039453847000061 ], [ 18.08797678600007, 50.044580513000028 ], [ 18.079783035000048, 50.045909896000069 ], [ 18.067978786000026, 50.047825059000047 ], [ 18.067749412000069, 50.051254326000048 ], [ 18.067624085000034, 50.05312802800006 ], [ 18.065808619000052, 50.052925038000069 ], [ 18.064309723000065, 50.052781976000063 ], [ 18.063812856000027, 50.05273455300005 ], [ 18.063645729000029, 50.053076873000066 ], [ 18.060950714000057, 50.058596953000063 ], [ 18.05085593900003, 50.058757134000075 ], [ 18.050690788000054, 50.05875975500004 ], [ 18.035061079000059, 50.065772022000033 ], [ 18.056314027000042, 50.086859939000078 ], [ 18.059126608000042, 50.095747544000062 ], [ 18.071343657000057, 50.109658797000066 ], [ 18.065293545000031, 50.113936817000081 ], [ 18.061495173000026, 50.116622637000035 ], [ 18.062976218000074, 50.119721612000035 ], [ 18.067368819000023, 50.128912796000066 ], [ 18.05780668500006, 50.132626436000066 ], [ 18.055351161000033, 50.133580086000052 ], [ 18.050933972000053, 50.138425987000062 ], [ 18.052997340000047, 50.144089475000044 ], [ 18.055647773000032, 50.146748419000062 ], [ 18.064861099000041, 50.155991332000042 ], [ 18.057764980000059, 50.160845636000033 ], [ 18.057667990000027, 50.160911985000041 ], [ 18.057686535000073, 50.163777073000063 ], [ 18.058232884000063, 50.163961125000071 ], [ 18.061239740000076, 50.16497406700006 ], [ 18.062995330000035, 50.168091509000078 ], [ 18.059833715000025, 50.174620103000052 ], [ 18.071263366000039, 50.171253838000041 ], [ 18.076776538000047, 50.173269653000034 ], [ 18.082804595000027, 50.175473728000043 ], [ 18.099852525000074, 50.176782532000061 ], [ 18.104322769000078, 50.171074044000079 ], [ 18.105577221000033, 50.16947211300004 ], [ 18.110239218000061, 50.167851035000069 ], [ 18.119271339000022, 50.173206805000063 ], [ 18.121540812000035, 50.174552533000053 ], [ 18.122081288000061, 50.179256419000069 ], [ 18.131607574000043, 50.183334074000072 ], [ 18.142965695000044, 50.180964743000061 ], [ 18.145880170000055, 50.180356776000053 ], [ 18.153646646000027, 50.184461869000074 ], [ 18.16088123000003, 50.188285821000079 ], [ 18.168118958000036, 50.188010588000054 ], [ 18.17001915000003, 50.187211749000028 ], [ 18.184226876000025, 50.181238832000076 ], [ 18.187284643000055, 50.186916599000028 ], [ 18.246577140000056, 50.192597487000057 ], [ 18.249492960000055, 50.197691298000052 ], [ 18.241601522000053, 50.197549133000052 ], [ 18.238653515000067, 50.199390835000031 ], [ 18.23677740100004, 50.200562896000065 ], [ 18.236824222000052, 50.213369215000057 ], [ 18.246298272000047, 50.216790924000065 ], [ 18.248488537000071, 50.217581974000041 ], [ 18.250483013000064, 50.219902123000054 ], [ 18.252842121000072, 50.222646444000077 ], [ 18.26174360400006, 50.222278386000028 ], [ 18.264023975000043, 50.222184097000081 ], [ 18.270804120000037, 50.221019856000055 ], [ 18.276763437000056, 50.225036196000076 ], [ 18.308424872000046, 50.231980529000055 ], [ 18.31001477600006, 50.234166935000076 ], [ 18.314589, 50.240457325000079 ], [ 18.331917708000049, 50.243400644000076 ], [ 18.358416164000062, 50.247901465000041 ], [ 18.357079698000064, 50.254008287000033 ], [ 18.356456448000074, 50.256856150000033 ], [ 18.405237557000078, 50.254401149000046 ], [ 18.42586659400007, 50.248965559000055 ], [ 18.421135138000068, 50.260187175000056 ], [ 18.423551819000068, 50.26160457800006 ], [ 18.426841136000064, 50.263533790000054 ], [ 18.425588094000034, 50.26960706400007 ], [ 18.417584790000035, 50.274444352000046 ], [ 18.406403528000055, 50.27594599400004 ], [ 18.395488309000029, 50.277411906000054 ], [ 18.401189884000075, 50.283379852000053 ], [ 18.406967399000052, 50.28942728700008 ], [ 18.40059407900003, 50.297700321000036 ], [ 18.39916252200004, 50.299558587000035 ], [ 18.394041150000078, 50.305141986000081 ], [ 18.392963157000054, 50.313432443000067 ], [ 18.397811190000027, 50.315187366000032 ], [ 18.408083227000077, 50.318905705000077 ], [ 18.405377517000034, 50.32350099000007 ], [ 18.403208494000069, 50.323694160000059 ], [ 18.400293323000028, 50.323953781000057 ], [ 18.399962918000028, 50.326675329000068 ], [ 18.399316033000048, 50.332003735000058 ], [ 18.39021604900006, 50.340289476000066 ], [ 18.374100779000059, 50.346366204000049 ], [ 18.371862418000035, 50.347210242000074 ], [ 18.357744440000033, 50.35656842700007 ], [ 18.363976034000075, 50.358779938000055 ], [ 18.370878524000034, 50.361229542000046 ], [ 18.374649297000076, 50.370691785000076 ], [ 18.383863490000067, 50.372293773000081 ], [ 18.379967142000055, 50.377618899000026 ], [ 18.378890827000077, 50.37908989500005 ], [ 18.384043958000063, 50.382421754000063 ], [ 18.392499914000041, 50.387889119000079 ], [ 18.380566353000063, 50.41022995000003 ], [ 18.372938563000048, 50.415835872000059 ], [ 18.366500453000072, 50.420567457000061 ], [ 18.368448752000063, 50.425758615000063 ], [ 18.377489441000023, 50.428894276000051 ], [ 18.387246377000054, 50.432278360000055 ], [ 18.388540900000066, 50.441247859000043 ], [ 18.386198845000024, 50.44453810300007 ], [ 18.382909403000042, 50.449159285000064 ], [ 18.385008837000044, 50.456503244000032 ], [ 18.385709251000037, 50.458953337000025 ], [ 18.38428532000006, 50.463777982000067 ], [ 18.381896872000027, 50.471870655000032 ], [ 18.381363969000063, 50.473628456000029 ], [ 18.381135725000036, 50.475966897000035 ], [ 18.380443678000063, 50.477840860000072 ], [ 18.380573296000023, 50.481576979000067 ], [ 18.384399892000033, 50.483096165000063 ], [ 18.395478266000055, 50.479251805000047 ], [ 18.399544217000027, 50.477840860000072 ], [ 18.404840658000069, 50.475342646000058 ], [ 18.40969072300004, 50.474646869000026 ], [ 18.414278082000067, 50.474840442000072 ], [ 18.418405456000073, 50.47590014900004 ], [ 18.421582895000029, 50.476144890000057 ], [ 18.425584410000056, 50.477072983000028 ], [ 18.427598154000066, 50.477277035000043 ], [ 18.430936674000066, 50.477840860000072 ], [ 18.435111996000046, 50.478553214000044 ], [ 18.437056190000078, 50.479352104000043 ], [ 18.440151483000022, 50.480623994000041 ], [ 18.449666682000043, 50.477840860000072 ], [ 18.451763966000044, 50.468268269000077 ], [ 18.452927212000077, 50.46295888800006 ], [ 18.480410490000054, 50.458998445000077 ], [ 18.484857120000072, 50.469384385000069 ], [ 18.481209884000066, 50.471109469000055 ], [ 18.475360356000067, 50.473876201000053 ], [ 18.473708004000059, 50.477840860000072 ], [ 18.470118208000031, 50.481035292000058 ], [ 18.468717071000071, 50.488438431000077 ], [ 18.467815106000046, 50.491312346000029 ], [ 18.465355917000068, 50.499148021000053 ], [ 18.457483662000072, 50.49903770700007 ], [ 18.447488362000058, 50.498897642000031 ], [ 18.446429063000039, 50.505722322000054 ], [ 18.445773879000058, 50.509943436000071 ], [ 18.437925604000043, 50.52652626400004 ], [ 18.435137221000048, 50.528602770000077 ], [ 18.430803249000064, 50.531830273000025 ], [ 18.431236941000066, 50.535974860000067 ], [ 18.439152605000061, 50.546656938000069 ], [ 18.469825828000069, 50.551252899000076 ], [ 18.481635439000058, 50.552185531000077 ], [ 18.507765343000074, 50.547891659000072 ], [ 18.555288, 50.540082362000078 ], [ 18.560188405000076, 50.542219078000073 ], [ 18.572328237000022, 50.547512389000076 ], [ 18.607473563000042, 50.550011138000059 ], [ 18.60639311500006, 50.553877149000073 ], [ 18.608769894000034, 50.557888778000063 ], [ 18.615123819000075, 50.568613203000041 ], [ 18.606848796000065, 50.568597664000038 ], [ 18.599797459000058, 50.568584422000072 ], [ 18.591614070000048, 50.578362384000059 ], [ 18.595527997000033, 50.588459964000037 ], [ 18.601727004000054, 50.604452847000061 ], [ 18.59013249800006, 50.60638765300007 ], [ 18.587251227000024, 50.613822476000053 ], [ 18.544889836000038, 50.62088624900008 ], [ 18.51746793500007, 50.625458858000059 ], [ 18.513204712000061, 50.630722517000038 ], [ 18.515043925000043, 50.638397882000049 ], [ 18.508053756000038, 50.644182439000076 ], [ 18.509920317000024, 50.648554344000047 ], [ 18.514624221000076, 50.659571944000049 ], [ 18.501669059000051, 50.663397888000077 ], [ 18.496368329000063, 50.664963310000076 ], [ 18.498451041000067, 50.669186919000026 ], [ 18.501367373000051, 50.675101056000074 ], [ 18.493731826000044, 50.677676518000055 ], [ 18.488289252000072, 50.679512292000027 ], [ 18.486047782000071, 50.684718458000077 ], [ 18.491882267000051, 50.688327382000068 ], [ 18.499266166000041, 50.692894698000032 ], [ 18.491597836000039, 50.698763621000069 ], [ 18.486341296000035, 50.702786691000028 ], [ 18.485230085000069, 50.706359421000059 ], [ 18.500257651000027, 50.711378029000059 ], [ 18.504659740000022, 50.71284815100006 ], [ 18.507546271000024, 50.718278876000056 ], [ 18.511530002000029, 50.725773874000026 ], [ 18.528345878000039, 50.728631715000063 ], [ 18.548302877000026, 50.732023387000027 ], [ 18.548421770000061, 50.738640710000027 ], [ 18.548498624000047, 50.742918258000032 ], [ 18.552533304000065, 50.750378329000057 ], [ 18.557453960000032, 50.749015575000044 ], [ 18.568761282000025, 50.745884060000037 ], [ 18.577054319000069, 50.752296568000077 ], [ 18.555603811000026, 50.759126617000049 ], [ 18.547526841000035, 50.761698403000025 ], [ 18.537385207000057, 50.769955062000065 ], [ 18.534561408000059, 50.776556041000049 ], [ 18.527996876000032, 50.778644811000049 ], [ 18.524188886000047, 50.785648303000073 ], [ 18.518317655000033, 50.789230064000037 ], [ 18.520028658000058, 50.79537038400008 ], [ 18.506619398000055, 50.797522728000047 ], [ 18.506282970000029, 50.801472997000076 ], [ 18.536892231000024, 50.805385623000063 ], [ 18.560306301000026, 50.80837852500008 ], [ 18.562292018000051, 50.819584272000043 ], [ 18.561134849000041, 50.822404642000038 ], [ 18.557891666000046, 50.830309258000057 ], [ 18.55942409000005, 50.834762193000074 ], [ 18.588781157000028, 50.851497553000058 ], [ 18.615877645000069, 50.853587547000075 ], [ 18.637072338000053, 50.891916079000055 ], [ 18.640623167000058, 50.896732943000075 ], [ 18.654779767000036, 50.915937025000062 ], [ 18.647895940000069, 50.930995006000046 ], [ 18.640991346000078, 50.93141197500006 ], [ 18.629606758000023, 50.932099492000077 ], [ 18.613357030000032, 50.95469993100005 ], [ 18.624552922000078, 50.965825632000076 ], [ 18.63848768500003, 50.964906474000031 ], [ 18.646663081000042, 50.969165145000034 ], [ 18.65430668700003, 50.970086219000052 ], [ 18.66265243600003, 50.971091903000058 ], [ 18.667286684000032, 50.989478378000058 ], [ 18.661127833000023, 50.999007507000044 ], [ 18.65739250300004, 51.004786903000081 ], [ 18.667075030000035, 51.006442453000034 ], [ 18.681220389000032, 51.008861072000059 ], [ 18.695486925000068, 51.01577560100003 ], [ 18.688177691000078, 51.02473167100004 ], [ 18.686788673000024, 51.026433647000033 ], [ 18.67196079100006, 51.049062047000064 ], [ 18.674926839000022, 51.052734818000033 ], [ 18.675417917000061, 51.053342905000079 ], [ 18.672954677000064, 51.05690260700004 ], [ 18.713613517000056, 51.06560113900008 ], [ 18.731339208000065, 51.066136649000043 ], [ 18.744642953000039, 51.063414260000059 ], [ 18.749290191000057, 51.062463280000031 ], [ 18.767850825000039, 51.064752510000062 ], [ 18.80096564400003, 51.063637186000051 ], [ 18.802594990000046, 51.06867821000003 ], [ 18.803489340000056, 51.071445235000056 ], [ 18.815154052000025, 51.072542365000061 ], [ 18.818563115000075, 51.070128641000053 ], [ 18.820717694000052, 51.068603131000032 ], [ 18.848131262000038, 51.072814401000073 ], [ 18.859104029000036, 51.074500037000064 ], [ 18.875434881000047, 51.066709484000057 ], [ 18.877088941000068, 51.065131446000066 ], [ 18.883482934000028, 51.05903132800006 ], [ 18.897333357000036, 51.06238335200004 ], [ 18.896253588000036, 51.067988587000059 ], [ 18.896605259000069, 51.068880467000042 ], [ 18.900580884000078, 51.078963129000044 ], [ 18.919428638000056, 51.097945882000033 ], [ 18.939347625000039, 51.091239874000053 ], [ 18.955978764000065, 51.08971702100007 ], [ 18.969293156000049, 51.081497563000028 ], [ 18.970126394000033, 51.080983175000028 ], [ 18.973178072000053, 51.080267333000052 ], [ 18.99398128200005, 51.075387455000055 ], [ 19.010367599000062, 51.066571698000075 ], [ 19.010134168000036, 51.062094326000079 ], [ 19.010048521000044, 51.060451560000047 ], [ 19.016750477000073, 51.05193181900006 ] ] ], [ [ [ 19.788987685000052, 50.804445770000029 ], [ 19.784824400000048, 50.807015470000067 ], [ 19.789764869000066, 50.80990048700005 ], [ 19.791990297000041, 50.805393480000077 ], [ 19.788987685000052, 50.804445770000029 ] ] ] ] } },
{ "type": "Feature", "properties": { "voivodeship": "świętokrzyskie" }, "geometry": { "type": "Polygon", "coordinates": [ [ [ 20.533153411000058, 51.247663364000061 ], [ 20.545702498000026, 51.231081766000045 ], [ 20.565992108000046, 51.231545542000049 ], [ 20.569467287000066, 51.238298694000036 ], [ 20.569737451000037, 51.238823690000061 ], [ 20.579425141000058, 51.24440235600008 ], [ 20.605338184000061, 51.246565840000073 ], [ 20.610565653000037, 51.242509102000042 ], [ 20.612548134000065, 51.240235221000034 ], [ 20.620158983000067, 51.231505669000057 ], [ 20.634373150000044, 51.223321120000037 ], [ 20.651746718000027, 51.217767650000042 ], [ 20.663996202000078, 51.21385209500005 ], [ 20.674818992000041, 51.210392584000033 ], [ 20.699801978000039, 51.195355688000063 ], [ 20.701708881000059, 51.182710832000055 ], [ 20.695696582000039, 51.178738349000071 ], [ 20.685093787000028, 51.171732805000033 ], [ 20.686315913000044, 51.166233371000033 ], [ 20.687518233000048, 51.160823065000045 ], [ 20.687857189000056, 51.159297800000047 ], [ 20.685790816000065, 51.151224816000081 ], [ 20.697645206000061, 51.150044598000079 ], [ 20.706923027000073, 51.160870327000055 ], [ 20.714611374000071, 51.169841394000059 ], [ 20.723159734000035, 51.172306501000037 ], [ 20.769103379000057, 51.157474016000037 ], [ 20.767509708000034, 51.151860606000071 ], [ 20.767151679000051, 51.150599514000078 ], [ 20.770170872000051, 51.148741753000081 ], [ 20.781513543000074, 51.145994234000057 ], [ 20.784213803000057, 51.148130797000078 ], [ 20.789310542000067, 51.152163558000041 ], [ 20.80494634300004, 51.147991508000075 ], [ 20.813018760000034, 51.145837572000062 ], [ 20.821747477000031, 51.157790396000053 ], [ 20.816778466000073, 51.15913574800004 ], [ 20.809150095000064, 51.161201117000076 ], [ 20.821605137000063, 51.178452887000049 ], [ 20.850016296000035, 51.170621026000049 ], [ 20.853650722000054, 51.172921061000068 ], [ 20.859288904000039, 51.169317988000046 ], [ 20.859157051000068, 51.16638202300004 ], [ 20.868674892000058, 51.160863401000029 ], [ 20.879780938000067, 51.15442390700008 ], [ 20.895320697000045, 51.169946541000058 ], [ 20.90488080800003, 51.179496116000053 ], [ 20.906364634000056, 51.178940265000051 ], [ 20.908200587000067, 51.178252504000056 ], [ 20.908924505000073, 51.181024918000048 ], [ 20.911067874000025, 51.189233453000043 ], [ 20.913632999000072, 51.18823896400005 ], [ 20.920719557000041, 51.195337649000066 ], [ 20.938292549000039, 51.188379517000044 ], [ 20.941320469000061, 51.18718059400004 ], [ 20.968013054000039, 51.176569880000045 ], [ 20.965762758000039, 51.174258072000043 ], [ 20.965369017000057, 51.173853568000027 ], [ 20.977407883000069, 51.16900471200006 ], [ 20.983657521000055, 51.166487565000068 ], [ 20.99954662500005, 51.159616390000053 ], [ 20.997453774000064, 51.156776654000055 ], [ 20.994332354000051, 51.152541281000026 ], [ 20.998240736000071, 51.144914183000026 ], [ 21.022492761000024, 51.150160558000039 ], [ 21.021824921000075, 51.151318330000038 ], [ 21.019875453000054, 51.154697940000062 ], [ 21.024153622000028, 51.158366060000048 ], [ 21.04470228200006, 51.157789792000074 ], [ 21.055949243000043, 51.157474381000043 ], [ 21.069045346000053, 51.173425940000072 ], [ 21.073030507000055, 51.184627399000078 ], [ 21.074518165000029, 51.198105328000054 ], [ 21.071198996000078, 51.202890049000075 ], [ 21.068397551000032, 51.206928449000031 ], [ 21.072398209000028, 51.210735377000049 ], [ 21.109100434000027, 51.201234494000062 ], [ 21.109449613000038, 51.196662235000076 ], [ 21.109645202000024, 51.194101133000061 ], [ 21.112123144000066, 51.192732384000067 ], [ 21.11817996700006, 51.189386757000079 ], [ 21.117653157000063, 51.184032616000081 ], [ 21.11087477600006, 51.17759351400008 ], [ 21.096597559000031, 51.164030916000058 ], [ 21.092324923000035, 51.15638971900006 ], [ 21.113920465000035, 51.146756236000044 ], [ 21.125417996000067, 51.14162734100006 ], [ 21.127606374000038, 51.139194982000049 ], [ 21.137520982000069, 51.12817500400007 ], [ 21.149040582000055, 51.127352914000028 ], [ 21.155361674000062, 51.126901812000028 ], [ 21.15913563600003, 51.105287737000026 ], [ 21.156898435000073, 51.103714622000041 ], [ 21.152307492000034, 51.100486445000058 ], [ 21.151926438000032, 51.087007068000048 ], [ 21.155921715000034, 51.080390558000033 ], [ 21.240159371000061, 51.082463533000066 ], [ 21.311085565000042, 51.084208931000035 ], [ 21.351472140000055, 51.084780717000058 ], [ 21.355995826000026, 51.079739815000039 ], [ 21.355430073000036, 51.072165890000065 ], [ 21.355017381000039, 51.066641051000033 ], [ 21.361466462000067, 51.066146209000067 ], [ 21.368673219000073, 51.065593229000058 ], [ 21.371434798000053, 51.061276660000033 ], [ 21.372749063000072, 51.059222359000046 ], [ 21.376301604000048, 51.058899218000079 ], [ 21.383104851000041, 51.058280391000039 ], [ 21.382809231000067, 51.050132350000069 ], [ 21.382458076000034, 51.040453610000043 ], [ 21.395635558000038, 51.037479353000037 ], [ 21.404830503000028, 51.035403985000073 ], [ 21.404133781000041, 51.034591213000056 ], [ 21.402542567000069, 51.032734958000049 ], [ 21.410770846000048, 51.030830928000057 ], [ 21.41619355000006, 51.030492673000026 ], [ 21.429128981000076, 51.029685794000045 ], [ 21.430296367000039, 51.025699800000041 ], [ 21.43035517900006, 51.025498987000049 ], [ 21.463567176000026, 51.013112042000046 ], [ 21.488368305000051, 51.021024910000051 ], [ 21.498125682000023, 51.030556710000042 ], [ 21.497005611000077, 51.031832942000051 ], [ 21.492479950000074, 51.036989572000039 ], [ 21.502221841000051, 51.038494775000061 ], [ 21.506409570000073, 51.039141814000061 ], [ 21.505014679000055, 51.04206160800004 ], [ 21.503044901000067, 51.046184756000059 ], [ 21.513319666000029, 51.057775097000047 ], [ 21.532136047000051, 51.059990004000042 ], [ 21.543172233000064, 51.052781664000065 ], [ 21.548294585000065, 51.049435975000051 ], [ 21.555937032000031, 51.051895979000051 ], [ 21.578286859000059, 51.05909009800007 ], [ 21.591319178000049, 51.05875095600004 ], [ 21.61098596100004, 51.063660336000055 ], [ 21.61941680700005, 51.061734192000074 ], [ 21.621208329000069, 51.061324894000052 ], [ 21.630228994000049, 51.063409885000056 ], [ 21.627803612000037, 51.066378637000071 ], [ 21.623870520000025, 51.07098145100008 ], [ 21.61500895100005, 51.072586020000074 ], [ 21.612036283000066, 51.076085563000049 ], [ 21.626760521000051, 51.073654368000064 ], [ 21.640115348000052, 51.075699794000059 ], [ 21.642575840000063, 51.07437167300003 ], [ 21.650582901000064, 51.070049635000032 ], [ 21.667658119000066, 51.075056718000042 ], [ 21.675490842000045, 51.077353561000052 ], [ 21.686256603000061, 51.070031487000051 ], [ 21.698559703000058, 51.053338118000056 ], [ 21.706361626000046, 51.042752137000036 ], [ 21.720063483000047, 51.041710442000067 ], [ 21.721970718000023, 51.042558694000036 ], [ 21.731053248000023, 51.046598190000054 ], [ 21.749006689000055, 51.039975563000041 ], [ 21.756008123000072, 51.037392889000046 ], [ 21.75943975000007, 51.040828989000033 ], [ 21.761122173000047, 51.042513606000057 ], [ 21.765431546000059, 51.04262323100005 ], [ 21.778266852000058, 51.042949745000044 ], [ 21.779362495000044, 51.045542344000069 ], [ 21.774990832000071, 51.048478484000043 ], [ 21.773684954000032, 51.04935555000003 ], [ 21.776672224000038, 51.050926006000054 ], [ 21.784783580000067, 51.055190278000055 ], [ 21.786032126000066, 51.059095328000069 ], [ 21.783646532000034, 51.061078173000055 ], [ 21.782630377000032, 51.061922775000028 ], [ 21.784755948000054, 51.067484092000029 ], [ 21.802997768000068, 51.072078890000057 ], [ 21.820817085000044, 51.059006477000025 ], [ 21.825955619000069, 51.047181670000043 ], [ 21.822660884000072, 51.040855995000072 ], [ 21.806261865000067, 51.03257407500007 ], [ 21.803050889000076, 51.026626171000032 ], [ 21.804325350000056, 51.02122263900003 ], [ 21.820136859000058, 51.006547257000079 ], [ 21.821198450000054, 50.987029734000032 ], [ 21.817204846000038, 50.974017088000039 ], [ 21.819335713000044, 50.965153641000029 ], [ 21.812050261000024, 50.948747552000043 ], [ 21.814496381000026, 50.932130654000048 ], [ 21.830107276000035, 50.906015915000069 ], [ 21.829701294000074, 50.892798897000034 ], [ 21.835813491000067, 50.878304516000071 ], [ 21.847439484000063, 50.860497334000058 ], [ 21.842872430000057, 50.840024386000039 ], [ 21.86812485300004, 50.818330668000044 ], [ 21.864303561000042, 50.802706545000035 ], [ 21.858671675000039, 50.781647175000046 ], [ 21.854283624000061, 50.776872191000052 ], [ 21.846215833000031, 50.76809299100006 ], [ 21.840305135000051, 50.757459095000058 ], [ 21.842250185000069, 50.745846435000033 ], [ 21.843356537000034, 50.739241112000059 ], [ 21.834949504000065, 50.727023124000027 ], [ 21.828972035000049, 50.71833603500005 ], [ 21.82676469300003, 50.705920266000078 ], [ 21.82554284400004, 50.699047660000076 ], [ 21.821852027000034, 50.69305838300005 ], [ 21.809032419000062, 50.685776580000038 ], [ 21.794172919000061, 50.682033699000044 ], [ 21.786281502000065, 50.680045971000027 ], [ 21.78886360100006, 50.676921616000072 ], [ 21.791340521000052, 50.673924527000054 ], [ 21.784065782000027, 50.664705636000065 ], [ 21.779875727000046, 50.659395802000063 ], [ 21.779572252000037, 50.653264423000053 ], [ 21.779163480000022, 50.645005627000046 ], [ 21.763529499000072, 50.647418825000045 ], [ 21.761800033000043, 50.650121575000071 ], [ 21.759103374000063, 50.654335822000064 ], [ 21.753037830000039, 50.655134212000064 ], [ 21.747585991000051, 50.653518453000061 ], [ 21.742475952000063, 50.648815519000038 ], [ 21.735665813000026, 50.642547929000045 ], [ 21.732815856000059, 50.643072624000069 ], [ 21.724373884000045, 50.644626845000062 ], [ 21.710207406000052, 50.629684033000046 ], [ 21.673061178000069, 50.607966451000038 ], [ 21.667067608000025, 50.600075150000066 ], [ 21.665137271000049, 50.590874953000082 ], [ 21.665078488000063, 50.590676988000041 ], [ 21.66415487200004, 50.58756651300007 ], [ 21.662410827000031, 50.582983652000053 ], [ 21.660290703000044, 50.57833849900004 ], [ 21.657463372000052, 50.573047408000036 ], [ 21.653499814000043, 50.568168116000038 ], [ 21.651712317000033, 50.566284400000029 ], [ 21.649767497000028, 50.564604600000052 ], [ 21.646105601000045, 50.561816856000064 ], [ 21.642887864000045, 50.559602 ], [ 21.640992831000062, 50.558297598000081 ], [ 21.631961452000041, 50.552449884000055 ], [ 21.628673637000077, 50.549344388000065 ], [ 21.609132267000064, 50.528258504000064 ], [ 21.601196431000062, 50.519695434000027 ], [ 21.597811225000044, 50.518311846000074 ], [ 21.595576230000063, 50.517783424000072 ], [ 21.59292570100007, 50.517281988000036 ], [ 21.590129334000039, 50.517040002000044 ], [ 21.588109099000064, 50.517048894000027 ], [ 21.576658931000054, 50.517713560000061 ], [ 21.574434924000059, 50.518149573000073 ], [ 21.57046437300005, 50.519312467000077 ], [ 21.566555760000028, 50.520202964000077 ], [ 21.565502434000052, 50.520442943000035 ], [ 21.562430377000055, 50.520797005000077 ], [ 21.557127321000053, 50.52099546900007 ], [ 21.555259913000043, 50.520815422000055 ], [ 21.54947439700004, 50.519351843000038 ], [ 21.531661860000042, 50.514195455000049 ], [ 21.527009804000045, 50.512544288000072 ], [ 21.517814379000072, 50.509280532000048 ], [ 21.514759303000062, 50.508043065000038 ], [ 21.511530921000031, 50.506530492000081 ], [ 21.50172840700003, 50.503460410000059 ], [ 21.499987858000054, 50.502649417000043 ], [ 21.491664686000036, 50.499500932000046 ], [ 21.489977577000047, 50.498700991000078 ], [ 21.48210689800004, 50.496437383000057 ], [ 21.457021026000064, 50.49304654000008 ], [ 21.448567023000066, 50.491903817000036 ], [ 21.443327404000058, 50.485961273000044 ], [ 21.445871872000055, 50.477840860000072 ], [ 21.44693288700006, 50.475450610000053 ], [ 21.451036379000072, 50.466206280000051 ], [ 21.448122751000028, 50.459626302000061 ], [ 21.399957964000066, 50.439065991000064 ], [ 21.397396834000062, 50.438818514000047 ], [ 21.389984641000069, 50.438832511000044 ], [ 21.384618655000054, 50.439151558000049 ], [ 21.382581438000045, 50.439461061000031 ], [ 21.382311161000075, 50.439481545000035 ], [ 21.366565585000046, 50.440674866000052 ], [ 21.339071700000034, 50.430544156000053 ], [ 21.28162278700006, 50.408185156000059 ], [ 21.279709005000029, 50.398096664000036 ], [ 21.27849698700004, 50.391707519000079 ], [ 21.273014738000029, 50.391418218000069 ], [ 21.257143710000037, 50.39058069500004 ], [ 21.253374145000066, 50.387230588000079 ], [ 21.251822483000069, 50.379621386000053 ], [ 21.245350236000036, 50.37612740000003 ], [ 21.231012391000036, 50.373700654000061 ], [ 21.224120171000038, 50.363596726000026 ], [ 21.220594365000068, 50.358427928000026 ], [ 21.208831663000069, 50.35489741400005 ], [ 21.189606206000065, 50.351227435000055 ], [ 21.187902665000024, 50.34514308100006 ], [ 21.185169133000045, 50.335380023000027 ], [ 21.176572917000044, 50.330202916000076 ], [ 21.168179073000033, 50.332342276000077 ], [ 21.165111461000038, 50.340877922000061 ], [ 21.164244651000047, 50.343289824000067 ], [ 21.14653448100006, 50.353803448000065 ], [ 21.132207998000069, 50.354141264000077 ], [ 21.123519263000048, 50.351683426000079 ], [ 21.119151678000037, 50.34589860300008 ], [ 21.114099853000027, 50.339207510000051 ], [ 21.101941985000053, 50.338398730000051 ], [ 21.086294246000023, 50.337357793000081 ], [ 21.076143968000054, 50.327156122000076 ], [ 21.071530434000067, 50.322519228000033 ], [ 21.058736014000033, 50.316326992000029 ], [ 21.048690392000026, 50.315374481000049 ], [ 21.042291763000037, 50.31665724700008 ], [ 21.03013962700004, 50.319093449000036 ], [ 21.018878605000054, 50.315911673000073 ], [ 21.007933315000059, 50.312819107000053 ], [ 20.992019998000046, 50.31505638200008 ], [ 20.991288591000057, 50.315159211000037 ], [ 20.988337219000073, 50.314939106000054 ], [ 20.973988857000052, 50.313869047000026 ], [ 20.97036371300004, 50.314366754000048 ], [ 20.958597900000029, 50.315982117000033 ], [ 20.948721293000062, 50.314090462000081 ], [ 20.943443457000058, 50.307438544000036 ], [ 20.938292549000039, 50.300946600000032 ], [ 20.931143375000033, 50.298103153000056 ], [ 20.918038049000074, 50.300943546000042 ], [ 20.894677598000044, 50.306006592000074 ], [ 20.89002752600004, 50.303119700000082 ], [ 20.877365913000062, 50.295259022000039 ], [ 20.862295464000056, 50.29537348000008 ], [ 20.854554608000058, 50.295432271000038 ], [ 20.850453565000066, 50.291540843000064 ], [ 20.849346648000051, 50.28749911500006 ], [ 20.84672452500007, 50.277924858000063 ], [ 20.83035583000003, 50.273886392000065 ], [ 20.823326491000046, 50.279191501000071 ], [ 20.815685686000052, 50.284958089000042 ], [ 20.798748559000046, 50.29014283500004 ], [ 20.783864467000058, 50.286743379000029 ], [ 20.776372584000057, 50.279333375000078 ], [ 20.774727673000029, 50.277706442000067 ], [ 20.767844946000025, 50.26855585900006 ], [ 20.752934379000067, 50.264652008000041 ], [ 20.743869329000063, 50.259572731000048 ], [ 20.730699256000037, 50.252193351000074 ], [ 20.727987556000073, 50.242752479000046 ], [ 20.729318619000026, 50.238864121000063 ], [ 20.730465481000067, 50.235513860000026 ], [ 20.728686350000032, 50.23109706200006 ], [ 20.717943854000055, 50.228997928000069 ], [ 20.70976571500006, 50.227399881000053 ], [ 20.707039687000076, 50.224320994000038 ], [ 20.700863420000076, 50.217345266000052 ], [ 20.689800236000053, 50.216926777000026 ], [ 20.683424698000067, 50.216685609000081 ], [ 20.68005474000006, 50.212381444000073 ], [ 20.681539112000053, 50.205875416000026 ], [ 20.674777323000058, 50.202839934000053 ], [ 20.668836076000048, 50.205843282000046 ], [ 20.653681231000064, 50.204416409000032 ], [ 20.651746718000027, 50.205496744000072 ], [ 20.645105260000037, 50.209205688000054 ], [ 20.642371508000053, 50.210732361000055 ], [ 20.641538955000044, 50.209531670000047 ], [ 20.639176941000073, 50.206125220000047 ], [ 20.635119191000058, 50.209150468000075 ], [ 20.633283591000065, 50.210518996000076 ], [ 20.629825777000065, 50.20744968200006 ], [ 20.622945455000036, 50.20134239500004 ], [ 20.615472295000075, 50.202837879000072 ], [ 20.608716328000071, 50.204189843000051 ], [ 20.604393160000029, 50.200552517000062 ], [ 20.594159043000047, 50.201004371000067 ], [ 20.585100709000073, 50.196642609000037 ], [ 20.583282516000054, 50.19249523600007 ], [ 20.581791898000063, 50.189095077000047 ], [ 20.573531273000071, 50.186855452000032 ], [ 20.566775345000053, 50.190626931000054 ], [ 20.563679849000039, 50.194864979000045 ], [ 20.559453323000071, 50.200651523000033 ], [ 20.542700212000057, 50.198445365000055 ], [ 20.541284290000078, 50.195735991000049 ], [ 20.539243704000057, 50.191831317000037 ], [ 20.532934297000054, 50.189433897000072 ], [ 20.52901147700004, 50.190896377000058 ], [ 20.513929348000033, 50.186359237000033 ], [ 20.510821675000045, 50.188775274000079 ], [ 20.509481731000051, 50.189817004000076 ], [ 20.505069872000036, 50.190219966000029 ], [ 20.500026038000044, 50.190680650000047 ], [ 20.487806468000031, 50.194556050000074 ], [ 20.474254479000024, 50.198854022000035 ], [ 20.472649703000059, 50.196767992000048 ], [ 20.469814469000028, 50.193082505000064 ], [ 20.461076470000023, 50.196536192000053 ], [ 20.458787520000044, 50.197440898000082 ], [ 20.455429953000078, 50.196423098000082 ], [ 20.447648657000059, 50.194064307000076 ], [ 20.432545252000068, 50.195964742000058 ], [ 20.431457895000051, 50.196101562000081 ], [ 20.430216097000027, 50.195918091000067 ], [ 20.415400415000022, 50.193729133000033 ], [ 20.412240351000037, 50.201667733000079 ], [ 20.409115041000064, 50.209519026000066 ], [ 20.402457284000036, 50.209330223000052 ], [ 20.386311719000048, 50.208872360000043 ], [ 20.376668174000031, 50.216020014000037 ], [ 20.37724064300005, 50.227949323000075 ], [ 20.385018340000045, 50.234636801000079 ], [ 20.392104239000048, 50.240729453000029 ], [ 20.384446658000059, 50.242780236000044 ], [ 20.375789353000073, 50.245098757000051 ], [ 20.362575059000051, 50.253944933000071 ], [ 20.356906934000051, 50.257739402000027 ], [ 20.352977838000072, 50.263576025000077 ], [ 20.344479357000068, 50.263182164000057 ], [ 20.342957605000038, 50.263111639000044 ], [ 20.331660574000068, 50.268581021000045 ], [ 20.333379660000048, 50.271531112000048 ], [ 20.34221113500007, 50.272930928000051 ], [ 20.345773047000023, 50.277507082000056 ], [ 20.353115697000078, 50.279739541000026 ], [ 20.361445518000039, 50.282272140000032 ], [ 20.354449854000052, 50.28927630700008 ], [ 20.346414082000024, 50.289081162000059 ], [ 20.340184032000025, 50.288929869000071 ], [ 20.340530399000045, 50.297292250000055 ], [ 20.342184342000053, 50.29776952900005 ], [ 20.347902514000054, 50.299419624000052 ], [ 20.344858584000065, 50.303790585000058 ], [ 20.339784010000074, 50.304168640000057 ], [ 20.333494872000074, 50.304637180000043 ], [ 20.329105694000077, 50.313530438000043 ], [ 20.326474445000031, 50.318861819000062 ], [ 20.312345515000061, 50.320254499000043 ], [ 20.292622979000043, 50.322198537000077 ], [ 20.293371370000045, 50.328208549000067 ], [ 20.300146459000075, 50.332558790000064 ], [ 20.305327740000052, 50.335885657000063 ], [ 20.300343794000071, 50.340167028000053 ], [ 20.293448079000029, 50.346090670000081 ], [ 20.297767214000032, 50.352291994000041 ], [ 20.303614934000052, 50.35080337200003 ], [ 20.311389165000037, 50.348824328000035 ], [ 20.328706103000059, 50.35237705000003 ], [ 20.338421779000043, 50.358720684000048 ], [ 20.330376331000025, 50.364878693000037 ], [ 20.322940298000049, 50.370570253000039 ], [ 20.321974460000035, 50.375186561000078 ], [ 20.320090182000058, 50.384192628000051 ], [ 20.312062499000035, 50.38734708800007 ], [ 20.306312022000043, 50.389606725000078 ], [ 20.302992385000039, 50.398474792000059 ], [ 20.302956900000027, 50.398569587000054 ], [ 20.302854725000032, 50.398643681000067 ], [ 20.293242140000075, 50.40561441400007 ], [ 20.290403255000058, 50.413919815000042 ], [ 20.288691776000064, 50.418926893000048 ], [ 20.279873993000024, 50.422017284000049 ], [ 20.266759465000064, 50.426613567000061 ], [ 20.261197480000078, 50.441333819000079 ], [ 20.268537647000073, 50.454892248000078 ], [ 20.271342243000049, 50.460072772000046 ], [ 20.272868118000076, 50.469944946000055 ], [ 20.267406640000047, 50.468925538000065 ], [ 20.263297402000035, 50.468158531000029 ], [ 20.249876639000036, 50.474454025000057 ], [ 20.249369380000076, 50.476127348000034 ], [ 20.248849938000035, 50.477840860000072 ], [ 20.243533469000056, 50.479968470000074 ], [ 20.240404193000074, 50.479706916000055 ], [ 20.227275087000066, 50.47860954500004 ], [ 20.221253456000056, 50.487353309000071 ], [ 20.220059659000071, 50.489086772000064 ], [ 20.215449922000062, 50.489670509000064 ], [ 20.211523055000043, 50.490167774000042 ], [ 20.207287120000046, 50.492929705000051 ], [ 20.203712234000022, 50.495260616000053 ], [ 20.184186492000038, 50.49262314200007 ], [ 20.173316734000025, 50.491154890000075 ], [ 20.165052847000027, 50.484753911000041 ], [ 20.134786504000033, 50.488963453000054 ], [ 20.131515944000057, 50.48941833300006 ], [ 20.127808837000032, 50.488446528000054 ], [ 20.113807381000072, 50.484776095000029 ], [ 20.091514888000063, 50.490148151000028 ], [ 20.094097243000078, 50.494109235000053 ], [ 20.095631246000039, 50.496462247000068 ], [ 20.086006323000049, 50.499206430000072 ], [ 20.085135929000046, 50.499454590000028 ], [ 20.085024796000027, 50.499824782000076 ], [ 20.083728824000048, 50.504141744000037 ], [ 20.076310405000072, 50.509596563000059 ], [ 20.055330905000062, 50.511224937000065 ], [ 20.050122207000072, 50.505997366000031 ], [ 20.050027191000027, 50.505902006000042 ], [ 20.04957186300004, 50.505878885000072 ], [ 20.042987995000033, 50.505544568000062 ], [ 20.041613811000047, 50.50416563400006 ], [ 20.038079492000065, 50.500619101000041 ], [ 20.031749581000042, 50.50069512400006 ], [ 20.029634566000027, 50.504107905000069 ], [ 20.027156816000058, 50.508105995000051 ], [ 20.007079590000046, 50.515530269000067 ], [ 19.973534997000058, 50.52037656400006 ], [ 19.970287636000023, 50.515577538000059 ], [ 19.949966502000052, 50.504782492000061 ], [ 19.93514054700006, 50.502788482000028 ], [ 19.913057626000068, 50.51130125800006 ], [ 19.909049500000037, 50.521635047000075 ], [ 19.902182554000035, 50.539339470000073 ], [ 19.885788680000076, 50.540912816000059 ], [ 19.857259858000077, 50.543650773000081 ], [ 19.851394332000041, 50.548078887000031 ], [ 19.842405004000057, 50.554865281000048 ], [ 19.819607499000028, 50.554701682000029 ], [ 19.788644299000055, 50.554479484000069 ], [ 19.789880029000074, 50.567294248000053 ], [ 19.80358331900004, 50.565915806000078 ], [ 19.808215766000046, 50.568390306000026 ], [ 19.816127363000078, 50.572616420000031 ], [ 19.824266674000057, 50.581983078000064 ], [ 19.840156149000052, 50.591222122000033 ], [ 19.847925829000076, 50.605763628000034 ], [ 19.850597085000061, 50.610763071000065 ], [ 19.859711231000063, 50.620306134000032 ], [ 19.884081643000059, 50.617648364000047 ], [ 19.896497474000057, 50.616294327000048 ], [ 19.90346661500007, 50.619621381000059 ], [ 19.909971614000028, 50.629877983000029 ], [ 19.919818943000053, 50.636284488000058 ], [ 19.919786067000075, 50.639061072000061 ], [ 19.909138971000061, 50.641372325000077 ], [ 19.890519059000042, 50.637826704000076 ], [ 19.889956062000067, 50.637719498000081 ], [ 19.889269505000073, 50.638237795000066 ], [ 19.879556382000032, 50.645570435000081 ], [ 19.865769551000028, 50.645969027000035 ], [ 19.856949783000061, 50.646224016000076 ], [ 19.834661481000069, 50.652429605000066 ], [ 19.839562759000046, 50.660016149000057 ], [ 19.836226133000025, 50.668593381000051 ], [ 19.847769221000078, 50.667350713000076 ], [ 19.86206820700005, 50.665811359000031 ], [ 19.860715986000059, 50.672952770000052 ], [ 19.860151793000057, 50.675932408000051 ], [ 19.862622631000022, 50.677661124000053 ], [ 19.871511511000051, 50.683880206000026 ], [ 19.871657264000078, 50.693045411000071 ], [ 19.861998882000023, 50.691933617000075 ], [ 19.851775432000068, 50.690756776000057 ], [ 19.849153237000053, 50.697455664000074 ], [ 19.847451892000038, 50.701802070000042 ], [ 19.842353030000027, 50.705307884000035 ], [ 19.830550132000042, 50.705452711000078 ], [ 19.809966010000039, 50.705705289000036 ], [ 19.806893019000029, 50.713161447000061 ], [ 19.807266654000045, 50.715461744000038 ], [ 19.808838794000053, 50.725140684000053 ], [ 19.804791686000044, 50.72432980800005 ], [ 19.800444822000031, 50.717788956000049 ], [ 19.800253959000031, 50.717501758000026 ], [ 19.798708802000078, 50.717789244000073 ], [ 19.779335790000061, 50.721393712000065 ], [ 19.766941129000031, 50.717794517000073 ], [ 19.760136920000036, 50.715818693000074 ], [ 19.712949632000061, 50.729156092000039 ], [ 19.717601552000076, 50.733787591000066 ], [ 19.713898781000069, 50.739132975000075 ], [ 19.706668942000022, 50.749570092000056 ], [ 19.709455902000059, 50.760712517000059 ], [ 19.721086476000039, 50.760900157000037 ], [ 19.723689655000044, 50.766977421000036 ], [ 19.729637384000057, 50.76988009300004 ], [ 19.734706693000078, 50.767596372000071 ], [ 19.737070318000065, 50.76206200300004 ], [ 19.737808847000053, 50.760332755000036 ], [ 19.745201357000042, 50.758073480000064 ], [ 19.759219944000051, 50.767765801000053 ], [ 19.764071839000053, 50.77112035600004 ], [ 19.765494753000041, 50.771029019000082 ], [ 19.770154656000045, 50.770729900000049 ], [ 19.769043583000041, 50.772874590000072 ], [ 19.766729181000073, 50.777342055000076 ], [ 19.778212246000066, 50.778360342000042 ], [ 19.780630086000031, 50.778574750000075 ], [ 19.791865723000058, 50.782930529000055 ], [ 19.787246808000077, 50.791013656000075 ], [ 19.784365949000062, 50.793305489000034 ], [ 19.777934650000077, 50.798421833000077 ], [ 19.784782952000057, 50.816981379000026 ], [ 19.795298946000059, 50.816752017000056 ], [ 19.805149760000063, 50.806593131000056 ], [ 19.807881694000059, 50.803775759000075 ], [ 19.821080265000035, 50.806001479000031 ], [ 19.819773723000026, 50.815154479000057 ], [ 19.819259886000054, 50.818754173000059 ], [ 19.823447896000062, 50.820230507000076 ], [ 19.829938636000065, 50.822518587000047 ], [ 19.821017097000038, 50.836267622000037 ], [ 19.808542998000064, 50.843818568000074 ], [ 19.776338033000059, 50.854789879000066 ], [ 19.760136920000036, 50.86030913500008 ], [ 19.758199919000049, 50.861081596000076 ], [ 19.755587847000072, 50.862713450000058 ], [ 19.753849294000076, 50.863799586000027 ], [ 19.747059903000036, 50.865969892000066 ], [ 19.760136920000036, 50.872224823000067 ], [ 19.774032893000026, 50.878009076000069 ], [ 19.777180929000053, 50.884299218000081 ], [ 19.785649909000028, 50.887003783000068 ], [ 19.794742829000029, 50.907040904000041 ], [ 19.808447758000057, 50.907187591000081 ], [ 19.833650655000042, 50.916883134000045 ], [ 19.845536039000024, 50.930204551000031 ], [ 19.848287825000057, 50.935443125000063 ], [ 19.843598233000023, 50.944923603000063 ], [ 19.834613780000041, 50.949314413000081 ], [ 19.829086588000052, 50.968871791000026 ], [ 19.847525886000028, 50.994131648000064 ], [ 19.862464952000039, 51.004645590000052 ], [ 19.860977843000057, 51.016061194000031 ], [ 19.86745058300005, 51.023114860000078 ], [ 19.864761504000057, 51.03021102200006 ], [ 19.872779757000046, 51.040007209000066 ], [ 19.876724789000036, 51.047585228000059 ], [ 19.884543042000075, 51.04756563400008 ], [ 19.898315551000053, 51.028574164000077 ], [ 19.935695046000035, 51.024244358000033 ], [ 19.937062001000072, 51.010807921000037 ], [ 19.948463715000059, 51.012331270000061 ], [ 19.957294281000031, 51.003990116000068 ], [ 19.958073589000037, 50.990543430000059 ], [ 20.017690701000049, 50.962207533000026 ], [ 20.026932313000032, 50.971772373000078 ], [ 20.036275484000043, 50.974322865000033 ], [ 20.039470692000066, 50.990206413000067 ], [ 20.034566881000046, 50.991404548000048 ], [ 20.033193287000074, 50.995200004000026 ], [ 20.041371926000068, 51.001550078000037 ], [ 20.042715206000025, 51.002593030000071 ], [ 20.050101959000074, 51.016619968000043 ], [ 20.048860654000066, 51.046231385000056 ], [ 20.048584900000037, 51.052809521000029 ], [ 20.050176116000046, 51.054080054000053 ], [ 20.055099252000048, 51.058011015000034 ], [ 20.051565138000058, 51.062787962000073 ], [ 20.04606681100006, 51.06186269300008 ], [ 20.040972070000066, 51.06887385400006 ], [ 20.003851872000041, 51.072490278000032 ], [ 19.983830630000057, 51.074440841000069 ], [ 19.986600936000059, 51.083314477000044 ], [ 19.992023460000041, 51.100683502000038 ], [ 19.989308580000056, 51.121618961000081 ], [ 19.987969414000077, 51.131945776000066 ], [ 19.99013631400004, 51.133328734000031 ], [ 19.993671464000045, 51.135584936000043 ], [ 19.992178076000073, 51.138154409000038 ], [ 19.990894615000059, 51.140362689000028 ], [ 20.009844935000046, 51.153089847000047 ], [ 20.01186143700005, 51.153480868000031 ], [ 20.019856301000061, 51.155031155000074 ], [ 20.023945369000046, 51.16303913400003 ], [ 20.013223028000027, 51.170528111000067 ], [ 19.993961280000065, 51.183981402000029 ], [ 20.015310673000045, 51.196408870000027 ], [ 20.048874086000069, 51.202118994000045 ], [ 20.058116637000069, 51.199184719000073 ], [ 20.058177800000067, 51.198806173000037 ], [ 20.059069682000029, 51.193286176000072 ], [ 20.067893748000074, 51.19580813400006 ], [ 20.116754578000041, 51.190636406000067 ], [ 20.154958772000043, 51.193255429000033 ], [ 20.157400812000049, 51.195380083000032 ], [ 20.159945005000054, 51.197593613000038 ], [ 20.170117496000046, 51.196792987000038 ], [ 20.178262064000023, 51.196151968000038 ], [ 20.179150142000026, 51.200901255000076 ], [ 20.180203587000051, 51.206534898000029 ], [ 20.197631020000074, 51.205443338000066 ], [ 20.198602612000059, 51.204525330000081 ], [ 20.203656623000029, 51.199750053000059 ], [ 20.207911637000052, 51.203528755000036 ], [ 20.21381100900004, 51.208767743000067 ], [ 20.216830193000078, 51.202573981000057 ], [ 20.218342449000033, 51.199471634000076 ], [ 20.232122283000024, 51.201067382000076 ], [ 20.234800884000038, 51.204253320000078 ], [ 20.237384598000062, 51.207326399000067 ], [ 20.241376606000074, 51.207390770000075 ], [ 20.251601206000032, 51.207555640000066 ], [ 20.263725570000076, 51.218037529000071 ], [ 20.257908585000052, 51.220235756000079 ], [ 20.252119374000074, 51.222423487000071 ], [ 20.253418619000058, 51.228705398000045 ], [ 20.255026689000033, 51.236480497000059 ], [ 20.251987510000049, 51.240512195000065 ], [ 20.246138218000056, 51.24243877300006 ], [ 20.242904438000039, 51.243503881000038 ], [ 20.24369770800007, 51.247042426000064 ], [ 20.244539671000041, 51.250798180000061 ], [ 20.245002037000063, 51.252860660000067 ], [ 20.241014817000064, 51.25550151200008 ], [ 20.259879156000068, 51.25806142700003 ], [ 20.262461917000053, 51.255451347000076 ], [ 20.261894035000068, 51.253667109000048 ], [ 20.26118189500005, 51.251429622000046 ], [ 20.275512627000069, 51.245016030000045 ], [ 20.308283064000022, 51.243354176000082 ], [ 20.319491026000037, 51.249686269000051 ], [ 20.331688027000041, 51.256577133000064 ], [ 20.352735851000034, 51.250480151000033 ], [ 20.355645665000054, 51.246947508000062 ], [ 20.360050975000036, 51.241599268000073 ], [ 20.370182885000077, 51.237407913000027 ], [ 20.379727858000024, 51.245968580000067 ], [ 20.377952383000036, 51.253153286000042 ], [ 20.376010415000053, 51.261011733000032 ], [ 20.382764386000076, 51.26309505100005 ], [ 20.384775426000033, 51.263715373000082 ], [ 20.389432083000031, 51.272536437000042 ], [ 20.379328177000048, 51.288348596000048 ], [ 20.365720102000068, 51.309644621000075 ], [ 20.386324009000077, 51.318679311000039 ], [ 20.403285600000061, 51.319047485000056 ], [ 20.411202116000027, 51.319219324000073 ], [ 20.413321431000043, 51.321283710000046 ], [ 20.411777099000062, 51.323330765000037 ], [ 20.409672199000056, 51.326120868000032 ], [ 20.415771140000061, 51.326382479000074 ], [ 20.421560962000058, 51.326630830000056 ], [ 20.425098670000068, 51.333113840000067 ], [ 20.432149948000074, 51.335133068000061 ], [ 20.432814863000033, 51.339405019000026 ], [ 20.434892370000057, 51.341915319000066 ], [ 20.450006724000048, 51.339011022000079 ], [ 20.462486753000064, 51.335906224000041 ], [ 20.463594291000049, 51.334769701000027 ], [ 20.466502698000056, 51.331785179000065 ], [ 20.484729023000057, 51.331586854000079 ], [ 20.507217977000039, 51.331342147000043 ], [ 20.515417596000077, 51.317057452000029 ], [ 20.510505301000023, 51.308835123000051 ], [ 20.506253973000071, 51.308553307000068 ], [ 20.495319256000073, 51.307828457000028 ], [ 20.49483241300004, 51.299712033000048 ], [ 20.498761325000032, 51.294316224000056 ], [ 20.505978004000042, 51.293744673000049 ], [ 20.506687561000035, 51.293688477000046 ], [ 20.506515540000066, 51.293324737000034 ], [ 20.503908879000051, 51.287812943000063 ], [ 20.505731720000028, 51.285017020000055 ], [ 20.525449160000051, 51.278533323000033 ], [ 20.530872785000042, 51.276749869000071 ], [ 20.534637315000055, 51.268821888000048 ], [ 20.533181274000071, 51.267300019000061 ], [ 20.527241094000033, 51.261091281000063 ], [ 20.536730279000039, 51.254654621000043 ], [ 20.533153411000058, 51.247663364000061 ] ], [ [ 19.791990297000041, 50.805393480000077 ], [ 19.789764869000066, 50.80990048700005 ], [ 19.784824400000048, 50.807015470000067 ], [ 19.788987685000052, 50.804445770000029 ], [ 19.791990297000041, 50.805393480000077 ] ] ] } }
]
}
