hour,DE,LT,PL,PL pomorskie,PL zachodniopomorskie,SE
2015-01-28 00:00:00,0.679,0.002,0.232,0.232,0.172,0.293
2015-01-28 01:00:00,0.727,0.009,0.178,0.178,0.142,0.29
2015-01-28 02:00:00,0.77,0.01,0.161,0.161,0.185,0.284
2015-01-28 03:00:00,0.824,0.022,0.168,0.168,0.299,0.313
2015-01-28 04:00:00,0.867,0.044,0.255,0.255,0.392,0.363
2015-01-28 05:00:00,0.893,0.093,0.339,0.339,0.469,0.436
2015-01-28 06:00:00,0.913,0.125,0.384,0.384,0.576,0.468
2015-01-28 07:00:00,0.92,0.151,0.453,0.453,0.646,0.518
2015-01-28 08:00:00,0.928,0.193,0.591,0.591,0.71,0.61
2015-01-28 09:00:00,0.937,0.286,0.775,0.775,0.83,0.723
2015-01-28 10:00:00,0.943,0.431,0.876,0.876,0.915,0.845
2015-01-28 11:00:00,0.946,0.595,0.869,0.869,0.938,0.899
2015-01-28 12:00:00,0.944,0.64,0.852,0.852,0.969,0.916
2015-01-28 13:00:00,0.948,0.668,0.867,0.867,0.998,0.93
2015-01-28 14:00:00,0.949,0.775,0.923,0.923,1.0,0.939
2015-01-28 15:00:00,0.949,0.898,0.958,0.958,0.999,0.946
2015-01-28 16:00:00,0.949,0.884,0.982,0.982,0.999,0.948
2015-01-28 17:00:00,0.95,0.937,0.988,0.988,1.0,0.949
2015-01-28 18:00:00,0.95,0.95,0.995,0.995,1.0,0.949
2015-01-28 19:00:00,0.95,0.95,0.997,0.997,1.0,0.95
2015-01-28 20:00:00,0.95,0.95,0.996,0.996,1.0,0.95
2015-01-28 21:00:00,0.95,0.95,0.996,0.996,1.0,0.95
2015-01-28 22:00:00,0.95,0.95,0.997,0.997,1.0,0.95
2015-01-28 23:00:00,0.95,0.95,0.999,0.999,1.0,0.949
2015-01-29 00:00:00,0.95,0.95,0.999,0.999,1.0,0.949
2015-01-29 01:00:00,0.95,0.95,0.999,0.999,1.0,0.947
2015-01-29 02:00:00,0.95,0.95,1.0,1.0,1.0,0.949
2015-01-29 03:00:00,0.95,0.95,0.999,0.999,1.0,0.949
2015-01-29 04:00:00,0.95,0.95,0.998,0.998,1.0,0.949
2015-01-29 05:00:00,0.944,0.95,0.998,0.998,1.0,0.946
2015-01-29 06:00:00,0.925,0.95,0.999,0.999,1.0,0.944
2015-01-29 07:00:00,0.928,0.95,0.999,0.999,1.0,0.944
2015-01-29 08:00:00,0.921,0.95,0.999,0.999,1.0,0.946
2015-01-29 09:00:00,0.887,0.95,0.999,0.999,1.0,0.945
2015-01-29 10:00:00,0.859,0.95,0.999,0.999,0.999,0.946
2015-01-29 11:00:00,0.675,0.95,0.998,0.998,0.999,0.945
2015-01-29 12:00:00,0.769,0.95,0.995,0.995,1.0,0.947
2015-01-29 13:00:00,0.785,0.95,0.991,0.991,1.0,0.941
2015-01-29 14:00:00,0.73,0.95,0.989,0.989,1.0,0.941
2015-01-29 15:00:00,0.617,0.95,0.987,0.987,1.0,0.938
2015-01-29 16:00:00,0.524,0.95,0.977,0.977,0.998,0.935
2015-01-29 17:00:00,0.441,0.95,0.96,0.96,0.991,0.929
2015-01-29 18:00:00,0.347,0.949,0.94,0.94,0.969,0.909
2015-01-29 19:00:00,0.254,0.948,0.925,0.925,0.96,0.899
2015-01-29 20:00:00,0.178,0.95,0.926,0.926,0.94,0.914
2015-01-29 21:00:00,0.136,0.95,0.891,0.891,0.904,0.907
2015-01-29 22:00:00,0.12,0.95,0.802,0.802,0.839,0.882
2015-01-29 23:00:00,0.082,0.95,0.814,0.814,0.811,0.861
2015-01-30 00:00:00,0.072,0.95,0.772,0.772,0.814,0.849
2015-01-30 01:00:00,0.067,0.95,0.723,0.723,0.803,0.808
2015-01-30 02:00:00,0.064,0.948,0.736,0.736,0.791,0.766
2015-01-30 03:00:00,0.058,0.942,0.77,0.77,0.686,0.745
2015-01-30 04:00:00,0.043,0.947,0.731,0.731,0.641,0.726
2015-01-30 05:00:00,0.04,0.945,0.785,0.785,0.597,0.655
2015-01-30 06:00:00,0.037,0.944,0.82,0.82,0.658,0.578
2015-01-30 07:00:00,0.039,0.939,0.899,0.899,0.678,0.563
2015-01-30 08:00:00,0.048,0.941,0.941,0.941,0.638,0.596
2015-01-30 09:00:00,0.057,0.947,0.887,0.887,0.52,0.647
2015-01-30 10:00:00,0.054,0.949,0.88,0.88,0.476,0.651
2015-01-30 11:00:00,0.07,0.947,0.855,0.855,0.464,0.615
2015-01-30 12:00:00,0.098,0.948,0.815,0.815,0.325,0.624
2015-01-30 13:00:00,0.124,0.949,0.657,0.657,0.131,0.617
2015-01-30 14:00:00,0.118,0.948,0.585,0.585,0.106,0.581
2015-01-30 15:00:00,0.101,0.95,0.596,0.596,0.101,0.508
2015-01-30 16:00:00,0.107,0.95,0.476,0.476,0.068,0.53
2015-01-30 17:00:00,0.142,0.95,0.367,0.367,0.067,0.512
2015-01-30 18:00:00,0.193,0.95,0.346,0.346,0.068,0.49
2015-01-30 19:00:00,0.236,0.95,0.291,0.291,0.048,0.464
2015-01-30 20:00:00,0.264,0.948,0.199,0.199,0.028,0.46
2015-01-30 21:00:00,0.264,0.94,0.177,0.177,0.026,0.424
2015-01-30 22:00:00,0.234,0.942,0.113,0.113,0.021,0.379
2015-01-30 23:00:00,0.162,0.945,0.107,0.107,0.026,0.319
2015-01-31 00:00:00,0.159,0.95,0.099,0.099,0.021,0.308
2015-01-31 01:00:00,0.122,0.95,0.047,0.047,0.02,0.298
2015-01-31 02:00:00,0.083,0.95,0.047,0.047,0.04,0.288
2015-01-31 03:00:00,0.076,0.941,0.128,0.128,0.046,0.281
2015-01-31 04:00:00,0.081,0.948,0.126,0.126,0.024,0.27
2015-01-31 05:00:00,0.084,0.879,0.121,0.121,0.01,0.27
2015-01-31 06:00:00,0.075,0.465,0.112,0.112,0.004,0.26
2015-01-31 07:00:00,0.069,0.238,0.116,0.116,0.003,0.258
2015-01-31 08:00:00,0.078,0.086,0.146,0.146,0.003,0.255
2015-01-31 09:00:00,0.091,0.008,0.137,0.137,0.007,0.254
2015-01-31 10:00:00,0.093,0.008,0.143,0.143,0.011,0.255
2015-01-31 11:00:00,0.104,0.001,0.137,0.137,0.027,0.281
2015-01-31 12:00:00,0.085,0.001,0.134,0.134,0.095,0.289
2015-01-31 13:00:00,0.076,0.002,0.118,0.118,0.226,0.272
2015-01-31 14:00:00,0.084,0.022,0.1,0.1,0.381,0.271
2015-01-31 15:00:00,0.084,0.076,0.071,0.071,0.469,0.273
2015-01-31 16:00:00,0.084,0.174,0.064,0.064,0.534,0.277
2015-01-31 17:00:00,0.085,0.247,0.098,0.098,0.676,0.287
2015-01-31 18:00:00,0.09,0.31,0.162,0.162,0.865,0.303
2015-01-31 19:00:00,0.095,0.36,0.277,0.277,0.959,0.323
2015-01-31 20:00:00,0.098,0.379,0.38,0.38,0.979,0.349
2015-01-31 21:00:00,0.097,0.36,0.427,0.427,0.987,0.386
2015-01-31 22:00:00,0.096,0.327,0.509,0.509,0.997,0.428
2015-01-31 23:00:00,0.102,0.301,0.602,0.602,0.997,0.483
2015-02-01 00:00:00,0.099,0.345,0.752,0.752,0.998,0.536
2015-02-01 01:00:00,0.098,0.417,0.914,0.914,0.995,0.589
2015-02-01 02:00:00,0.093,0.494,0.967,0.967,0.989,0.662
2015-02-01 03:00:00,0.088,0.583,0.986,0.986,0.99,0.728
2015-02-01 04:00:00,0.089,0.627,0.993,0.993,0.987,0.77
2015-02-01 05:00:00,0.094,0.652,0.994,0.994,0.985,0.796
2015-02-01 06:00:00,0.11,0.712,0.987,0.987,0.987,0.794
2015-02-01 07:00:00,0.155,0.807,0.98,0.98,0.986,0.799
2015-02-01 08:00:00,0.219,0.877,0.986,0.986,0.985,0.804
2015-02-01 09:00:00,0.312,0.886,0.992,0.992,0.983,0.819
2015-02-01 10:00:00,0.417,0.921,0.999,0.999,0.989,0.83
2015-02-01 11:00:00,0.519,0.943,0.999,0.999,0.98,0.816
2015-02-01 12:00:00,0.636,0.948,0.999,0.999,0.978,0.826
2015-02-01 13:00:00,0.703,0.95,1.0,1.0,0.954,0.825
2015-02-01 14:00:00,0.748,0.95,0.999,0.999,0.927,0.812
2015-02-01 15:00:00,0.791,0.95,0.998,0.998,0.931,0.804
2015-02-01 16:00:00,0.816,0.95,0.996,0.996,0.941,0.791
2015-02-01 17:00:00,0.831,0.95,0.99,0.99,0.954,0.76
2015-02-01 18:00:00,0.844,0.95,0.987,0.987,0.986,0.724
2015-02-01 19:00:00,0.859,0.95,0.988,0.988,0.988,0.716
2015-02-01 20:00:00,0.873,0.95,0.993,0.993,0.981,0.714
2015-02-01 21:00:00,0.878,0.95,0.991,0.991,0.979,0.702
2015-02-01 22:00:00,0.851,0.95,0.985,0.985,0.97,0.643
2015-02-01 23:00:00,0.818,0.95,0.985,0.985,0.927,0.545
2015-02-02 00:00:00,0.817,0.95,0.957,0.957,0.895,0.461
2015-02-02 01:00:00,0.809,0.95,0.942,0.942,0.855,0.398
2015-02-02 02:00:00,0.763,0.948,0.921,0.921,0.812,0.372
2015-02-02 03:00:00,0.737,0.931,0.866,0.866,0.793,0.381
2015-02-02 04:00:00,0.731,0.878,0.823,0.823,0.802,0.384
2015-02-02 05:00:00,0.71,0.798,0.807,0.807,0.823,0.393
2015-02-02 06:00:00,0.683,0.723,0.798,0.798,0.854,0.373
2015-02-02 07:00:00,0.707,0.699,0.771,0.771,0.853,0.341
2015-02-02 08:00:00,0.741,0.711,0.706,0.706,0.851,0.302
2015-02-02 09:00:00,0.748,0.717,0.636,0.636,0.838,0.264
2015-02-02 10:00:00,0.715,0.686,0.581,0.581,0.896,0.246
2015-02-02 11:00:00,0.629,0.567,0.565,0.565,0.889,0.211
2015-02-02 12:00:00,0.599,0.466,0.61,0.61,0.79,0.219
2015-02-02 13:00:00,0.582,0.497,0.693,0.693,0.714,0.238
2015-02-02 14:00:00,0.588,0.534,0.779,0.779,0.651,0.268
2015-02-02 15:00:00,0.605,0.593,0.776,0.776,0.526,0.303
2015-02-02 16:00:00,0.653,0.611,0.707,0.707,0.465,0.313
2015-02-02 17:00:00,0.716,0.601,0.614,0.614,0.492,0.308
2015-02-02 18:00:00,0.744,0.585,0.54,0.54,0.538,0.279
2015-02-02 19:00:00,0.711,0.57,0.537,0.537,0.565,0.253
2015-02-02 20:00:00,0.651,0.609,0.562,0.562,0.494,0.234
2015-02-02 21:00:00,0.572,0.674,0.564,0.564,0.395,0.222
2015-02-02 22:00:00,0.469,0.657,0.563,0.563,0.423,0.213
2015-02-02 23:00:00,0.444,0.817,0.537,0.537,0.332,0.21
2015-02-03 00:00:00,0.413,0.764,0.544,0.544,0.234,0.211
2015-02-03 01:00:00,0.405,0.639,0.504,0.504,0.166,0.212
2015-02-03 02:00:00,0.399,0.539,0.457,0.457,0.14,0.204
2015-02-03 03:00:00,0.375,0.534,0.474,0.474,0.121,0.198
2015-02-03 04:00:00,0.316,0.572,0.464,0.464,0.093,0.197
2015-02-03 05:00:00,0.236,0.588,0.443,0.443,0.065,0.207
2015-02-03 06:00:00,0.201,0.608,0.408,0.408,0.043,0.221
2015-02-03 07:00:00,0.18,0.592,0.352,0.352,0.034,0.232
2015-02-03 08:00:00,0.169,0.545,0.297,0.297,0.035,0.23
2015-02-03 09:00:00,0.172,0.54,0.261,0.261,0.038,0.219
2015-02-03 10:00:00,0.19,0.529,0.288,0.288,0.043,0.21
2015-02-03 11:00:00,0.322,0.518,0.232,0.232,0.054,0.213
2015-02-03 12:00:00,0.372,0.471,0.178,0.178,0.082,0.211
2015-02-03 13:00:00,0.414,0.413,0.137,0.137,0.097,0.191
2015-02-03 14:00:00,0.46,0.365,0.095,0.095,0.098,0.174
2015-02-03 15:00:00,0.527,0.334,0.062,0.062,0.071,0.171
2015-02-03 16:00:00,0.552,0.349,0.046,0.046,0.056,0.168
2015-02-03 17:00:00,0.568,0.336,0.043,0.043,0.042,0.179
2015-02-03 18:00:00,0.584,0.357,0.043,0.043,0.027,0.202
2015-02-03 19:00:00,0.543,0.403,0.042,0.042,0.014,0.215
2015-02-03 20:00:00,0.446,0.451,0.037,0.037,0.008,0.194
2015-02-03 21:00:00,0.357,0.459,0.031,0.031,0.005,0.159
2015-02-03 22:00:00,0.301,0.424,0.027,0.027,0.005,0.135
2015-02-03 23:00:00,0.349,0.318,0.031,0.031,0.005,0.102
2015-02-04 00:00:00,0.259,0.256,0.031,0.031,0.004,0.116
2015-02-04 01:00:00,0.165,0.241,0.028,0.028,0.004,0.15
2015-02-04 02:00:00,0.104,0.21,0.024,0.024,0.005,0.181
2015-02-04 03:00:00,0.085,0.155,0.021,0.021,0.005,0.184
2015-02-04 04:00:00,0.081,0.133,0.02,0.02,0.003,0.163
2015-02-04 05:00:00,0.102,0.126,0.021,0.021,0.002,0.134
2015-02-04 06:00:00,0.13,0.141,0.025,0.025,0.001,0.116
2015-02-04 07:00:00,0.129,0.156,0.033,0.033,0.001,0.103
2015-02-04 08:00:00,0.118,0.167,0.031,0.031,0.002,0.087
2015-02-04 09:00:00,0.131,0.161,0.019,0.019,0.003,0.072
2015-02-04 10:00:00,0.154,0.147,0.011,0.011,0.005,0.058
2015-02-04 11:00:00,0.1,0.15,0.005,0.005,0.004,0.038
2015-02-04 12:00:00,0.115,0.125,0.002,0.002,0.005,0.054
2015-02-04 13:00:00,0.152,0.09,0.001,0.001,0.006,0.059
2015-02-04 14:00:00,0.179,0.083,0.002,0.002,0.007,0.053
2015-02-04 15:00:00,0.188,0.089,0.003,0.003,0.008,0.043
2015-02-04 16:00:00,0.177,0.109,0.003,0.003,0.009,0.036
2015-02-04 17:00:00,0.165,0.132,0.002,0.002,0.01,0.031
2015-02-04 18:00:00,0.164,0.146,0.001,0.001,0.009,0.026
2015-02-04 19:00:00,0.155,0.146,0.001,0.001,0.007,0.027
2015-02-04 20:00:00,0.162,0.123,0.002,0.002,0.006,0.029
2015-02-04 21:00:00,0.167,0.095,0.004,0.004,0.007,0.033
2015-02-04 22:00:00,0.188,0.09,0.004,0.004,0.009,0.04
2015-02-04 23:00:00,0.18,0.118,0.007,0.007,0.012,0.041
2015-02-05 00:00:00,0.208,0.143,0.004,0.004,0.013,0.051
2015-02-05 01:00:00,0.206,0.118,0.002,0.002,0.014,0.058
2015-02-05 02:00:00,0.177,0.093,0.001,0.001,0.014,0.068
2015-02-05 03:00:00,0.189,0.078,0.001,0.001,0.014,0.077
2015-02-05 04:00:00,0.225,0.067,0.002,0.002,0.015,0.091
2015-02-05 05:00:00,0.282,0.056,0.002,0.002,0.016,0.101
2015-02-05 06:00:00,0.323,0.035,0.003,0.003,0.022,0.083
2015-02-05 07:00:00,0.352,0.018,0.002,0.002,0.033,0.061
2015-02-05 08:00:00,0.371,0.007,0.002,0.002,0.041,0.049
2015-02-05 09:00:00,0.357,0.001,0.003,0.003,0.048,0.049
2015-02-05 10:00:00,0.323,0.0,0.001,0.001,0.067,0.052
2015-02-05 11:00:00,0.264,0.0,0.001,0.001,0.05,0.08
2015-02-05 12:00:00,0.234,0.0,0.001,0.001,0.048,0.1
2015-02-05 13:00:00,0.212,0.0,0.0,0.0,0.049,0.123
2015-02-05 14:00:00,0.196,0.0,0.001,0.001,0.041,0.144
2015-02-05 15:00:00,0.181,0.001,0.002,0.002,0.031,0.169
2015-02-05 16:00:00,0.158,0.011,0.004,0.004,0.03,0.203
2015-02-05 17:00:00,0.139,0.022,0.007,0.007,0.039,0.232
2015-02-05 18:00:00,0.143,0.026,0.005,0.005,0.034,0.241
2015-02-05 19:00:00,0.139,0.013,0.003,0.003,0.021,0.244
2015-02-05 20:00:00,0.127,0.015,0.002,0.002,0.009,0.255
2015-02-05 21:00:00,0.108,0.029,0.001,0.001,0.005,0.249
2015-02-05 22:00:00,0.093,0.034,0.001,0.001,0.002,0.234
2015-02-05 23:00:00,0.083,0.033,0.002,0.002,0.001,0.227
2015-02-06 00:00:00,0.063,0.058,0.006,0.006,0.001,0.238
2015-02-06 01:00:00,0.055,0.086,0.013,0.013,0.003,0.241
2015-02-06 02:00:00,0.059,0.103,0.018,0.018,0.002,0.253
2015-02-06 03:00:00,0.06,0.117,0.022,0.022,0.002,0.284
2015-02-06 04:00:00,0.045,0.211,0.027,0.027,0.003,0.331
2015-02-06 05:00:00,0.04,0.373,0.028,0.028,0.003,0.384
2015-02-06 06:00:00,0.046,0.476,0.034,0.034,0.002,0.421
2015-02-06 07:00:00,0.042,0.559,0.063,0.063,0.004,0.479
2015-02-06 08:00:00,0.033,0.688,0.109,0.109,0.008,0.536
2015-02-06 09:00:00,0.029,0.78,0.18,0.18,0.014,0.567
2015-02-06 10:00:00,0.028,0.846,0.357,0.357,0.058,0.588
2015-02-06 11:00:00,0.026,0.903,0.511,0.511,0.09,0.684
2015-02-06 12:00:00,0.043,0.927,0.682,0.682,0.141,0.67
2015-02-06 13:00:00,0.061,0.919,0.757,0.757,0.176,0.657
2015-02-06 14:00:00,0.083,0.902,0.802,0.802,0.25,0.671
2015-02-06 15:00:00,0.115,0.878,0.805,0.805,0.365,0.679
2015-02-06 16:00:00,0.156,0.822,0.809,0.809,0.477,0.657
2015-02-06 17:00:00,0.202,0.765,0.867,0.867,0.525,0.645
2015-02-06 18:00:00,0.228,0.726,0.884,0.884,0.579,0.631
2015-02-06 19:00:00,0.284,0.65,0.841,0.841,0.615,0.605
2015-02-06 20:00:00,0.342,0.579,0.697,0.697,0.576,0.533
2015-02-06 21:00:00,0.379,0.521,0.604,0.604,0.534,0.445
2015-02-06 22:00:00,0.381,0.499,0.679,0.679,0.639,0.459
2015-02-06 23:00:00,0.432,0.611,0.601,0.601,0.626,0.535
2015-02-07 00:00:00,0.464,0.515,0.562,0.562,0.612,0.475
2015-02-07 01:00:00,0.495,0.434,0.613,0.613,0.591,0.49
2015-02-07 02:00:00,0.509,0.418,0.709,0.709,0.633,0.576
2015-02-07 03:00:00,0.538,0.524,0.823,0.823,0.779,0.689
2015-02-07 04:00:00,0.595,0.67,0.946,0.946,0.893,0.784
2015-02-07 05:00:00,0.642,0.866,0.996,0.996,0.946,0.841
2015-02-07 06:00:00,0.703,0.945,0.997,0.997,0.973,0.865
2015-02-07 07:00:00,0.747,0.95,0.999,0.999,0.993,0.883
2015-02-07 08:00:00,0.77,0.95,1.0,1.0,0.999,0.892
2015-02-07 09:00:00,0.801,0.95,1.0,1.0,0.999,0.904
2015-02-07 10:00:00,0.83,0.95,1.0,1.0,0.999,0.919
2015-02-07 11:00:00,0.866,0.95,1.0,1.0,1.0,0.918
2015-02-07 12:00:00,0.913,0.95,0.995,0.995,1.0,0.935
2015-02-07 13:00:00,0.933,0.95,0.999,0.999,1.0,0.943
2015-02-07 14:00:00,0.943,0.95,1.0,1.0,1.0,0.946
2015-02-07 15:00:00,0.948,0.95,1.0,1.0,1.0,0.947
2015-02-07 16:00:00,0.948,0.95,1.0,1.0,1.0,0.949
2015-02-07 17:00:00,0.947,0.95,1.0,1.0,1.0,0.95
2015-02-07 18:00:00,0.949,0.95,1.0,1.0,1.0,0.949
2015-02-07 19:00:00,0.95,0.95,1.0,1.0,1.0,0.948
2015-02-07 20:00:00,0.95,0.95,0.999,0.999,1.0,0.947
2015-02-07 21:00:00,0.95,0.95,0.994,0.994,1.0,0.945
2015-02-07 22:00:00,0.95,0.95,0.98,0.98,0.999,0.947
2015-02-07 23:00:00,0.95,0.95,0.995,0.995,1.0,0.93
2015-02-08 00:00:00,0.95,0.95,1.0,1.0,1.0,0.941
2015-02-08 01:00:00,0.949,0.95,0.996,0.996,1.0,0.927
2015-02-08 02:00:00,0.948,0.95,0.996,0.996,1.0,0.922
2015-02-08 03:00:00,0.95,0.95,0.998,0.998,0.999,0.922
2015-02-08 04:00:00,0.949,0.95,0.998,0.998,0.996,0.93
2015-02-08 05:00:00,0.95,0.95,0.993,0.993,0.995,0.945
2015-02-08 06:00:00,0.95,0.95,0.988,0.988,0.995,0.945
2015-02-08 07:00:00,0.95,0.95,0.995,0.995,0.993,0.945
2015-02-08 08:00:00,0.95,0.95,0.999,0.999,0.992,0.944
2015-02-08 09:00:00,0.95,0.95,0.999,0.999,0.999,0.945
2015-02-08 10:00:00,0.949,0.95,1.0,1.0,1.0,0.946
2015-02-08 11:00:00,0.931,0.95,1.0,1.0,1.0,0.935
2015-02-08 12:00:00,0.918,0.95,0.999,0.999,1.0,0.95
2015-02-08 13:00:00,0.904,0.95,1.0,1.0,1.0,0.95
2015-02-08 14:00:00,0.85,0.95,1.0,1.0,1.0,0.936
2015-02-08 15:00:00,0.794,0.95,1.0,1.0,1.0,0.826
2015-02-08 16:00:00,0.789,0.95,1.0,1.0,1.0,0.774
2015-02-08 17:00:00,0.787,0.95,1.0,1.0,0.999,0.783
2015-02-08 18:00:00,0.816,0.95,1.0,1.0,0.976,0.759
2015-02-08 19:00:00,0.842,0.95,0.995,0.995,0.922,0.722
2015-02-08 20:00:00,0.881,0.95,0.938,0.938,0.838,0.702
2015-02-08 21:00:00,0.917,0.95,0.631,0.631,0.797,0.688
2015-02-08 22:00:00,0.932,0.947,0.591,0.591,0.924,0.614
2015-02-08 23:00:00,0.934,0.608,0.841,0.841,0.981,0.724
2015-02-09 00:00:00,0.937,0.243,0.933,0.933,0.976,0.808
2015-02-09 01:00:00,0.939,0.465,0.961,0.961,0.976,0.866
2015-02-09 02:00:00,0.945,0.747,0.965,0.965,0.942,0.891
2015-02-09 03:00:00,0.946,0.864,0.982,0.982,0.943,0.896
2015-02-09 04:00:00,0.944,0.827,0.956,0.956,0.97,0.884
2015-02-09 05:00:00,0.94,0.826,0.948,0.948,0.992,0.874
2015-02-09 06:00:00,0.939,0.753,0.917,0.917,0.995,0.834
2015-02-09 07:00:00,0.934,0.616,0.846,0.846,0.987,0.784
2015-02-09 08:00:00,0.927,0.631,0.789,0.789,0.984,0.762
2015-02-09 09:00:00,0.929,0.616,0.654,0.654,0.97,0.731
2015-02-09 10:00:00,0.927,0.511,0.462,0.462,0.905,0.668
2015-02-09 11:00:00,0.921,0.408,0.336,0.336,0.86,0.61
2015-02-09 12:00:00,0.921,0.379,0.28,0.28,0.801,0.54
2015-02-09 13:00:00,0.922,0.434,0.208,0.208,0.731,0.475
2015-02-09 14:00:00,0.915,0.394,0.15,0.15,0.75,0.391
2015-02-09 15:00:00,0.907,0.257,0.136,0.136,0.773,0.337
2015-02-09 16:00:00,0.908,0.189,0.212,0.212,0.84,0.34
2015-02-09 17:00:00,0.909,0.224,0.264,0.264,0.894,0.365
2015-02-09 18:00:00,0.908,0.234,0.224,0.224,0.841,0.376
2015-02-09 19:00:00,0.905,0.205,0.167,0.167,0.74,0.4
2015-02-09 20:00:00,0.89,0.172,0.155,0.155,0.702,0.407
2015-02-09 21:00:00,0.874,0.079,0.197,0.197,0.651,0.401
2015-02-09 22:00:00,0.861,0.054,0.229,0.229,0.641,0.397
2015-02-09 23:00:00,0.852,0.118,0.316,0.316,0.584,0.414
2015-02-10 00:00:00,0.841,0.156,0.257,0.257,0.512,0.395
2015-02-10 01:00:00,0.845,0.142,0.156,0.156,0.513,0.352
2015-02-10 02:00:00,0.839,0.162,0.176,0.176,0.506,0.336
2015-02-10 03:00:00,0.828,0.256,0.272,0.272,0.569,0.332
2015-02-10 04:00:00,0.842,0.328,0.439,0.439,0.695,0.343
2015-02-10 05:00:00,0.852,0.322,0.521,0.521,0.747,0.379
2015-02-10 06:00:00,0.848,0.345,0.516,0.516,0.769,0.435
2015-02-10 07:00:00,0.838,0.371,0.464,0.464,0.701,0.481
2015-02-10 08:00:00,0.819,0.317,0.449,0.449,0.673,0.485
2015-02-10 09:00:00,0.788,0.255,0.543,0.543,0.666,0.513
2015-02-10 10:00:00,0.766,0.221,0.528,0.528,0.474,0.52
2015-02-10 11:00:00,0.768,0.111,0.67,0.67,0.459,0.486
2015-02-10 12:00:00,0.745,0.087,0.83,0.83,0.476,0.514
2015-02-10 13:00:00,0.705,0.185,0.877,0.877,0.589,0.517
2015-02-10 14:00:00,0.657,0.327,0.925,0.925,0.688,0.577
2015-02-10 15:00:00,0.595,0.358,0.91,0.91,0.785,0.592
2015-02-10 16:00:00,0.525,0.268,0.882,0.882,0.791,0.61
2015-02-10 17:00:00,0.434,0.299,0.829,0.829,0.799,0.659
2015-02-10 18:00:00,0.36,0.432,0.772,0.772,0.824,0.703
2015-02-10 19:00:00,0.287,0.479,0.696,0.696,0.811,0.731
2015-02-10 20:00:00,0.212,0.477,0.594,0.594,0.741,0.694
2015-02-10 21:00:00,0.154,0.354,0.556,0.556,0.688,0.639
2015-02-10 22:00:00,0.117,0.36,0.372,0.372,0.554,0.593
2015-02-10 23:00:00,0.085,0.356,0.288,0.288,0.497,0.49
2015-03-20 00:00:00,0.18,0.305,0.073,0.073,0.018,0.449
2015-03-20 01:00:00,0.177,0.41,0.144,0.144,0.034,0.451
2015-03-20 02:00:00,0.163,0.552,0.233,0.233,0.062,0.432
2015-03-20 03:00:00,0.13,0.674,0.299,0.299,0.092,0.415
2015-03-20 04:00:00,0.088,0.746,0.326,0.326,0.117,0.404
2015-03-20 05:00:00,0.064,0.774,0.338,0.338,0.134,0.388
2015-03-20 06:00:00,0.07,0.798,0.349,0.349,0.159,0.378
2015-03-20 07:00:00,0.097,0.799,0.359,0.359,0.2,0.347
2015-03-20 08:00:00,0.098,0.747,0.379,0.379,0.227,0.314
2015-03-20 09:00:00,0.072,0.721,0.407,0.407,0.218,0.291
2015-03-20 10:00:00,0.061,0.704,0.377,0.377,0.186,0.263
2015-03-20 11:00:00,0.119,0.587,0.464,0.464,0.253,0.196
2015-03-20 12:00:00,0.17,0.536,0.555,0.555,0.372,0.203
2015-03-20 13:00:00,0.213,0.487,0.62,0.62,0.432,0.226
2015-03-20 14:00:00,0.276,0.409,0.654,0.654,0.425,0.255
2015-03-20 15:00:00,0.378,0.338,0.635,0.635,0.413,0.262
2015-03-20 16:00:00,0.474,0.296,0.604,0.604,0.443,0.254
2015-03-20 17:00:00,0.551,0.239,0.573,0.573,0.448,0.243
2015-03-20 18:00:00,0.614,0.252,0.538,0.538,0.405,0.251
2015-03-20 19:00:00,0.652,0.281,0.541,0.541,0.394,0.279
2015-03-20 20:00:00,0.687,0.262,0.534,0.534,0.35,0.322
2015-03-20 21:00:00,0.718,0.245,0.485,0.485,0.297,0.331
2015-03-20 22:00:00,0.722,0.207,0.351,0.351,0.221,0.325
2015-03-20 23:00:00,0.649,0.14,0.352,0.352,0.202,0.264
2015-03-21 00:00:00,0.569,0.091,0.335,0.335,0.191,0.284
2015-03-21 01:00:00,0.5,0.035,0.358,0.358,0.182,0.289
2015-03-21 02:00:00,0.45,0.008,0.354,0.354,0.205,0.282
2015-03-21 03:00:00,0.449,0.0,0.34,0.34,0.184,0.285
2015-03-21 04:00:00,0.41,0.0,0.328,0.328,0.12,0.287
2015-03-21 05:00:00,0.329,0.0,0.283,0.283,0.072,0.266
2015-03-21 06:00:00,0.272,0.0,0.242,0.242,0.05,0.251
2015-03-21 07:00:00,0.297,0.001,0.209,0.209,0.042,0.258
2015-03-21 08:00:00,0.373,0.097,0.179,0.179,0.044,0.275
2015-03-21 09:00:00,0.499,0.457,0.125,0.125,0.043,0.302
2015-03-21 10:00:00,0.641,0.819,0.145,0.145,0.084,0.411
2015-03-21 11:00:00,0.727,0.934,0.133,0.133,0.127,0.64
2015-03-21 12:00:00,0.782,0.942,0.794,0.794,0.174,0.719
2015-03-21 13:00:00,0.878,0.946,0.997,0.997,0.592,0.793
2015-03-21 14:00:00,0.93,0.949,0.999,0.999,0.988,0.8
2015-03-21 15:00:00,0.943,0.95,1.0,1.0,1.0,0.777
2015-03-21 16:00:00,0.947,0.95,1.0,1.0,1.0,0.712
2015-03-21 17:00:00,0.947,0.95,1.0,1.0,1.0,0.68
2015-03-21 18:00:00,0.941,0.95,1.0,1.0,1.0,0.665
2015-03-21 19:00:00,0.917,0.95,1.0,1.0,1.0,0.647
2015-03-21 20:00:00,0.861,0.95,1.0,1.0,1.0,0.631
2015-03-21 21:00:00,0.773,0.95,1.0,1.0,1.0,0.615
2015-03-21 22:00:00,0.681,0.95,0.999,0.999,0.999,0.6
2015-03-21 23:00:00,0.565,0.95,0.999,0.999,0.997,0.584
2015-03-22 00:00:00,0.45,0.95,0.991,0.991,0.996,0.58
2015-03-22 01:00:00,0.398,0.909,0.941,0.941,0.971,0.553
2015-03-22 02:00:00,0.328,0.82,0.857,0.857,0.893,0.494
2015-03-22 03:00:00,0.239,0.692,0.706,0.706,0.787,0.434
2015-03-22 04:00:00,0.166,0.51,0.516,0.516,0.607,0.356
2015-03-22 05:00:00,0.162,0.348,0.326,0.326,0.4,0.313
2015-03-22 06:00:00,0.121,0.174,0.197,0.197,0.21,0.266
2015-03-22 07:00:00,0.095,0.097,0.079,0.079,0.108,0.254
2015-03-22 08:00:00,0.107,0.031,0.024,0.024,0.048,0.233
2015-03-22 09:00:00,0.111,0.004,0.006,0.006,0.02,0.232
2015-03-22 10:00:00,0.128,0.001,0.001,0.001,0.006,0.234
2015-03-22 11:00:00,0.229,0.008,0.001,0.001,0.002,0.245
2015-03-22 12:00:00,0.172,0.06,0.003,0.003,0.001,0.27
2015-03-22 13:00:00,0.107,0.103,0.01,0.01,0.001,0.306
2015-03-22 14:00:00,0.073,0.115,0.027,0.027,0.005,0.362
2015-03-22 15:00:00,0.067,0.152,0.041,0.041,0.011,0.445
2015-03-22 16:00:00,0.07,0.227,0.043,0.043,0.004,0.505
2015-03-22 17:00:00,0.077,0.375,0.058,0.058,0.002,0.56
2015-03-22 18:00:00,0.072,0.575,0.061,0.061,0.001,0.57
2015-03-22 19:00:00,0.075,0.713,0.066,0.066,0.003,0.546
2015-03-22 20:00:00,0.1,0.767,0.085,0.085,0.014,0.537
2015-03-22 21:00:00,0.161,0.793,0.113,0.113,0.036,0.556
2015-03-22 22:00:00,0.255,0.829,0.194,0.194,0.095,0.583
2015-03-22 23:00:00,0.415,0.864,0.255,0.255,0.154,0.609
2015-03-23 00:00:00,0.461,0.88,0.318,0.318,0.23,0.621
2015-03-23 01:00:00,0.516,0.894,0.379,0.379,0.337,0.673
2015-03-23 02:00:00,0.566,0.899,0.419,0.419,0.372,0.736
2015-03-23 03:00:00,0.619,0.876,0.483,0.483,0.345,0.762
2015-03-23 04:00:00,0.662,0.862,0.55,0.55,0.354,0.801
2015-03-23 05:00:00,0.676,0.835,0.624,0.624,0.418,0.815
2015-03-23 06:00:00,0.674,0.859,0.686,0.686,0.455,0.817
2015-03-23 07:00:00,0.646,0.888,0.731,0.731,0.486,0.816
2015-03-23 08:00:00,0.637,0.927,0.765,0.765,0.523,0.814
2015-03-23 09:00:00,0.67,0.943,0.825,0.825,0.573,0.822
2015-03-23 10:00:00,0.717,0.947,0.787,0.787,0.503,0.835
2015-03-23 11:00:00,0.722,0.946,0.794,0.794,0.478,0.833
2015-03-23 12:00:00,0.735,0.949,0.771,0.771,0.484,0.833
2015-03-23 13:00:00,0.74,0.95,0.769,0.769,0.581,0.857
2015-03-23 14:00:00,0.748,0.95,0.8,0.8,0.67,0.872
2015-03-23 15:00:00,0.752,0.95,0.81,0.81,0.732,0.866
2015-03-23 16:00:00,0.709,0.95,0.839,0.839,0.767,0.857
2015-03-23 17:00:00,0.644,0.95,0.86,0.86,0.754,0.839
2015-03-23 18:00:00,0.559,0.95,0.886,0.886,0.708,0.841
2015-03-23 19:00:00,0.471,0.95,0.903,0.903,0.643,0.84
2015-03-23 20:00:00,0.395,0.95,0.9,0.9,0.626,0.832
2015-03-23 21:00:00,0.343,0.95,0.882,0.882,0.574,0.823
2015-03-23 22:00:00,0.285,0.95,0.777,0.777,0.469,0.809
2015-03-23 23:00:00,0.196,0.949,0.685,0.685,0.425,0.749
2015-03-24 00:00:00,0.146,0.945,0.614,0.614,0.332,0.714
2015-03-24 01:00:00,0.11,0.924,0.568,0.568,0.24,0.673
2015-03-24 02:00:00,0.084,0.886,0.465,0.465,0.165,0.638
2015-03-24 03:00:00,0.066,0.837,0.411,0.411,0.143,0.597
2015-03-24 04:00:00,0.055,0.788,0.352,0.352,0.152,0.548
2015-03-24 05:00:00,0.048,0.704,0.364,0.364,0.143,0.527
2015-03-24 06:00:00,0.043,0.705,0.409,0.409,0.124,0.535
2015-03-24 07:00:00,0.047,0.654,0.427,0.427,0.12,0.543
2015-03-24 08:00:00,0.054,0.639,0.415,0.415,0.105,0.535
2015-03-24 09:00:00,0.051,0.637,0.341,0.341,0.089,0.481
2015-03-24 10:00:00,0.051,0.599,0.185,0.185,0.047,0.395
2015-03-24 11:00:00,0.064,0.348,0.173,0.173,0.04,0.266
2015-03-24 12:00:00,0.048,0.261,0.145,0.145,0.024,0.254
2015-03-24 13:00:00,0.034,0.207,0.119,0.119,0.01,0.246
2015-03-24 14:00:00,0.019,0.215,0.089,0.089,0.003,0.246
2015-03-24 15:00:00,0.012,0.229,0.055,0.055,0.002,0.251
2015-03-24 16:00:00,0.009,0.21,0.026,0.026,0.002,0.258
2015-03-24 17:00:00,0.006,0.149,0.015,0.015,0.003,0.235
2015-03-24 18:00:00,0.006,0.086,0.012,0.012,0.008,0.226
2015-03-24 19:00:00,0.01,0.028,0.01,0.01,0.014,0.224
2015-03-24 20:00:00,0.016,0.002,0.005,0.005,0.018,0.226
2015-03-24 21:00:00,0.023,0.0,0.002,0.002,0.019,0.217
2015-03-24 22:00:00,0.031,0.0,0.001,0.001,0.018,0.194
2015-03-24 23:00:00,0.088,0.0,0.003,0.003,0.022,0.154
2015-03-25 00:00:00,0.055,0.0,0.008,0.008,0.027,0.163
2015-03-25 01:00:00,0.024,0.0,0.012,0.012,0.041,0.176
2015-03-25 02:00:00,0.009,0.0,0.015,0.015,0.054,0.18
2015-03-25 03:00:00,0.008,0.012,0.015,0.015,0.06,0.18
2015-03-25 04:00:00,0.019,0.056,0.017,0.017,0.098,0.176
2015-03-25 05:00:00,0.041,0.113,0.049,0.049,0.183,0.178
2015-03-25 06:00:00,0.062,0.141,0.131,0.131,0.313,0.19
2015-03-25 07:00:00,0.079,0.169,0.206,0.206,0.439,0.221
2015-03-25 08:00:00,0.089,0.207,0.287,0.287,0.602,0.275
2015-03-25 09:00:00,0.112,0.209,0.39,0.39,0.776,0.317
2015-03-25 10:00:00,0.159,0.202,0.349,0.349,0.829,0.337
2015-03-25 11:00:00,0.288,0.219,0.389,0.389,0.838,0.331
2015-03-25 12:00:00,0.341,0.212,0.617,0.617,0.84,0.335
2015-03-25 13:00:00,0.426,0.218,0.779,0.779,0.783,0.398
2015-03-25 14:00:00,0.488,0.328,0.831,0.831,0.905,0.521
2015-03-25 15:00:00,0.492,0.505,0.926,0.926,0.99,0.582
2015-03-25 16:00:00,0.472,0.593,0.98,0.98,0.999,0.664
2015-03-25 17:00:00,0.465,0.624,0.966,0.966,1.0,0.711
2015-03-25 18:00:00,0.466,0.819,0.965,0.965,1.0,0.73
2015-03-25 19:00:00,0.379,0.872,0.949,0.949,1.0,0.739
2015-03-25 20:00:00,0.273,0.832,0.928,0.928,1.0,0.743
2015-03-25 21:00:00,0.207,0.834,0.942,0.942,0.999,0.742
2015-03-25 22:00:00,0.176,0.849,0.955,0.955,0.997,0.74
2015-03-25 23:00:00,0.21,0.775,0.976,0.976,0.993,0.732
2015-03-26 00:00:00,0.265,0.779,0.983,0.983,0.99,0.747
2015-03-26 01:00:00,0.362,0.81,0.99,0.99,0.987,0.764
2015-03-26 02:00:00,0.431,0.837,0.99,0.99,0.978,0.788
2015-03-26 03:00:00,0.404,0.851,0.988,0.988,0.974,0.804
2015-03-26 04:00:00,0.43,0.853,0.989,0.989,0.978,0.813
2015-03-26 05:00:00,0.432,0.905,0.989,0.989,0.975,0.816
2015-03-26 06:00:00,0.387,0.943,0.986,0.986,0.957,0.821
2015-03-26 07:00:00,0.341,0.949,0.98,0.98,0.879,0.807
2015-03-26 08:00:00,0.28,0.95,0.978,0.978,0.69,0.793
2015-03-26 09:00:00,0.247,0.95,0.936,0.936,0.464,0.776
2015-03-26 10:00:00,0.218,0.95,0.761,0.761,0.305,0.773
2015-03-26 11:00:00,0.265,0.95,0.538,0.538,0.173,0.733
2015-03-26 12:00:00,0.306,0.949,0.28,0.28,0.106,0.663
2015-03-26 13:00:00,0.366,0.946,0.183,0.183,0.186,0.56
2015-03-26 14:00:00,0.458,0.946,0.178,0.178,0.351,0.46
2015-03-26 15:00:00,0.557,0.944,0.177,0.177,0.459,0.416
2015-03-26 16:00:00,0.6,0.939,0.167,0.167,0.476,0.401
2015-03-26 17:00:00,0.597,0.928,0.133,0.133,0.46,0.376
2015-03-26 18:00:00,0.631,0.921,0.078,0.078,0.544,0.342
2015-03-26 19:00:00,0.685,0.921,0.05,0.05,0.536,0.311
2015-03-26 20:00:00,0.751,0.942,0.057,0.057,0.417,0.296
2015-03-26 21:00:00,0.782,0.949,0.107,0.107,0.487,0.288
2015-03-26 22:00:00,0.793,0.949,0.402,0.402,0.543,0.285
2015-03-26 23:00:00,0.763,0.947,0.45,0.45,0.541,0.294
2015-03-27 00:00:00,0.645,0.764,0.539,0.539,0.367,0.292
2015-03-27 01:00:00,0.453,0.48,0.534,0.534,0.178,0.311
2015-03-27 02:00:00,0.305,0.332,0.444,0.444,0.1,0.322
2015-03-27 03:00:00,0.227,0.278,0.318,0.318,0.067,0.308
2015-03-27 04:00:00,0.17,0.243,0.277,0.277,0.051,0.294
2015-03-27 05:00:00,0.138,0.167,0.306,0.306,0.052,0.321
2015-03-27 06:00:00,0.169,0.078,0.275,0.275,0.087,0.341
2015-03-27 07:00:00,0.247,0.057,0.24,0.24,0.134,0.34
2015-03-27 08:00:00,0.298,0.095,0.219,0.219,0.136,0.359
2015-03-27 09:00:00,0.31,0.1,0.236,0.236,0.117,0.361
2015-03-27 10:00:00,0.305,0.087,0.246,0.246,0.079,0.345
2015-03-27 11:00:00,0.229,0.062,0.218,0.218,0.05,0.337
2015-03-27 12:00:00,0.199,0.032,0.247,0.247,0.035,0.334
2015-03-27 13:00:00,0.218,0.016,0.218,0.218,0.026,0.34
2015-03-27 14:00:00,0.256,0.021,0.18,0.18,0.023,0.344
2015-03-27 15:00:00,0.224,0.067,0.164,0.164,0.015,0.359
2015-03-27 16:00:00,0.211,0.152,0.153,0.153,0.006,0.366
2015-03-27 17:00:00,0.175,0.231,0.128,0.128,0.004,0.338
2015-03-27 18:00:00,0.149,0.252,0.074,0.074,0.007,0.295
2015-03-27 19:00:00,0.171,0.301,0.039,0.039,0.013,0.236
2015-03-27 20:00:00,0.153,0.366,0.037,0.037,0.025,0.195
2015-03-27 21:00:00,0.149,0.39,0.055,0.055,0.067,0.183
2015-03-27 22:00:00,0.191,0.392,0.087,0.087,0.166,0.184
2015-03-27 23:00:00,0.242,0.365,0.11,0.11,0.214,0.208
2015-03-28 00:00:00,0.321,0.298,0.118,0.118,0.253,0.175
2015-03-28 01:00:00,0.341,0.288,0.138,0.138,0.311,0.133
2015-03-28 02:00:00,0.304,0.35,0.158,0.158,0.351,0.128
2015-03-28 03:00:00,0.262,0.366,0.167,0.167,0.364,0.158
2015-03-28 04:00:00,0.154,0.323,0.178,0.178,0.346,0.2
2015-03-28 05:00:00,0.112,0.242,0.224,0.224,0.293,0.21
2015-03-28 06:00:00,0.121,0.179,0.287,0.287,0.229,0.217
2015-03-28 07:00:00,0.169,0.124,0.323,0.323,0.235,0.231
2015-03-28 08:00:00,0.295,0.084,0.318,0.318,0.249,0.217
2015-03-28 09:00:00,0.457,0.049,0.273,0.273,0.23,0.216
2015-03-28 10:00:00,0.614,0.033,0.201,0.201,0.214,0.221
2015-03-28 11:00:00,0.731,0.04,0.188,0.188,0.182,0.206
2015-03-28 12:00:00,0.81,0.056,0.181,0.181,0.124,0.198
2015-03-28 13:00:00,0.852,0.079,0.215,0.215,0.052,0.203
2015-03-28 14:00:00,0.864,0.109,0.212,0.212,0.012,0.223
2015-03-28 15:00:00,0.862,0.168,0.196,0.196,0.006,0.241
2015-03-28 16:00:00,0.861,0.178,0.153,0.153,0.023,0.271
2015-03-28 17:00:00,0.868,0.166,0.126,0.126,0.077,0.261
2015-03-28 18:00:00,0.886,0.155,0.116,0.116,0.195,0.285
2015-03-28 19:00:00,0.907,0.125,0.129,0.129,0.472,0.341
2015-03-28 20:00:00,0.927,0.107,0.2,0.2,0.769,0.38
2015-03-28 21:00:00,0.939,0.141,0.366,0.366,0.875,0.442
2015-03-28 22:00:00,0.945,0.166,0.687,0.687,0.965,0.544
2015-03-28 23:00:00,0.949,0.231,0.81,0.81,0.967,0.723
2015-03-29 00:00:00,0.939,0.244,0.901,0.901,0.976,0.785
2015-03-29 01:00:00,0.856,0.32,0.944,0.944,0.988,0.83
2015-03-29 02:00:00,0.745,0.465,0.965,0.965,0.994,0.881
2015-03-29 03:00:00,0.741,0.611,0.977,0.977,0.996,0.905
2015-03-29 04:00:00,0.727,0.767,0.988,0.988,0.997,0.929
2015-03-29 05:00:00,0.688,0.878,0.996,0.996,0.998,0.937
2015-03-29 06:00:00,0.7,0.925,0.998,0.998,0.999,0.925
2015-03-29 07:00:00,0.792,0.945,0.999,0.999,1.0,0.913
2015-03-29 08:00:00,0.79,0.95,1.0,1.0,1.0,0.91
2015-03-29 09:00:00,0.851,0.95,1.0,1.0,1.0,0.905
2015-03-29 10:00:00,0.911,0.95,1.0,1.0,0.994,0.886
2015-03-29 11:00:00,0.926,0.95,0.999,0.999,0.904,0.839
2015-03-29 12:00:00,0.917,0.95,0.999,0.999,0.801,0.851
2015-03-29 13:00:00,0.889,0.95,0.987,0.987,0.694,0.88
2015-03-29 14:00:00,0.819,0.95,0.918,0.918,0.6,0.899
2015-03-29 15:00:00,0.731,0.95,0.808,0.808,0.749,0.874
2015-03-29 16:00:00,0.444,0.95,0.679,0.679,0.902,0.827
2015-03-29 17:00:00,0.271,0.95,0.759,0.759,0.833,0.798
2015-03-29 18:00:00,0.208,0.95,0.744,0.744,0.826,0.792
2015-03-29 19:00:00,0.285,0.948,0.617,0.617,0.831,0.754
2015-03-29 20:00:00,0.494,0.945,0.657,0.657,0.846,0.682
2015-03-29 21:00:00,0.717,0.938,0.714,0.714,0.85,0.632
2015-03-29 22:00:00,0.859,0.909,0.629,0.629,0.868,0.591
2015-03-29 23:00:00,0.868,0.931,0.731,0.731,0.951,0.492
2015-03-30 00:00:00,0.857,0.923,0.839,0.839,0.961,0.433
2015-03-30 01:00:00,0.815,0.899,0.896,0.896,0.967,0.463
2015-03-30 02:00:00,0.787,0.87,0.92,0.92,0.994,0.528
2015-03-30 03:00:00,0.79,0.878,0.945,0.945,1.0,0.648
2015-03-30 04:00:00,0.817,0.921,0.942,0.942,0.97,0.663
2015-03-30 05:00:00,0.882,0.946,0.969,0.969,0.467,0.622
2015-03-30 06:00:00,0.917,0.95,0.998,0.998,0.609,0.568
2015-03-30 07:00:00,0.941,0.949,0.999,0.999,0.873,0.486
2015-03-30 08:00:00,0.948,0.948,0.919,0.919,0.966,0.382
2015-03-30 09:00:00,0.95,0.935,0.473,0.473,0.975,0.362
2015-03-30 10:00:00,0.95,0.942,0.813,0.813,0.983,0.475
2015-03-30 11:00:00,0.95,0.941,0.885,0.885,0.991,0.574
2015-03-30 12:00:00,0.95,0.923,0.931,0.931,0.997,0.631
2015-03-30 13:00:00,0.95,0.91,0.89,0.89,0.999,0.685
2015-03-30 14:00:00,0.95,0.825,0.873,0.873,0.999,0.719
2015-03-30 15:00:00,0.95,0.877,0.947,0.947,0.999,0.727
2015-03-30 16:00:00,0.95,0.949,0.978,0.978,0.998,0.742
2015-03-30 17:00:00,0.95,0.95,0.984,0.984,0.998,0.756
2015-03-30 18:00:00,0.949,0.95,0.986,0.986,0.998,0.749
2015-03-30 19:00:00,0.947,0.95,0.984,0.984,0.999,0.739
2015-03-30 20:00:00,0.918,0.95,0.988,0.988,0.999,0.74
2015-03-30 21:00:00,0.914,0.95,0.997,0.997,0.999,0.74
2015-03-30 22:00:00,0.915,0.95,1.0,1.0,1.0,0.738
2015-03-30 23:00:00,0.944,0.95,1.0,1.0,0.999,0.731
2015-03-31 00:00:00,0.947,0.95,0.999,0.999,1.0,0.715
2015-03-31 01:00:00,0.948,0.95,1.0,1.0,0.999,0.675
2015-03-31 02:00:00,0.948,0.95,1.0,1.0,0.994,0.658
2015-03-31 03:00:00,0.948,0.95,0.996,0.996,0.978,0.67
2015-03-31 04:00:00,0.947,0.95,0.995,0.995,0.956,0.676
2015-03-31 05:00:00,0.936,0.949,0.995,0.995,0.875,0.675
2015-03-31 06:00:00,0.934,0.949,0.904,0.904,0.88,0.67
2015-03-31 07:00:00,0.939,0.95,0.763,0.763,0.895,0.639
2015-03-31 08:00:00,0.946,0.931,0.719,0.719,0.931,0.566
2015-03-31 09:00:00,0.949,0.791,0.688,0.688,0.954,0.566
2015-03-31 10:00:00,0.95,0.695,0.436,0.436,0.985,0.618
2015-03-31 11:00:00,0.831,0.71,0.394,0.394,1.0,0.521
2015-03-31 12:00:00,0.724,0.634,0.54,0.54,0.967,0.421
2015-03-31 13:00:00,0.685,0.528,0.747,0.747,0.501,0.37
2015-03-31 14:00:00,0.683,0.442,0.916,0.916,0.697,0.39
2015-03-31 15:00:00,0.682,0.383,0.971,0.971,0.721,0.468
2015-03-31 16:00:00,0.764,0.421,0.765,0.765,0.635,0.539
2015-03-31 17:00:00,0.855,0.419,0.36,0.36,0.463,0.566
2015-03-31 18:00:00,0.871,0.445,0.083,0.083,0.393,0.536
2015-03-31 19:00:00,0.899,0.525,0.013,0.013,0.412,0.523
2015-03-31 20:00:00,0.938,0.644,0.047,0.047,0.858,0.515
2015-03-31 21:00:00,0.947,0.743,0.314,0.314,0.998,0.523
2015-03-31 22:00:00,0.944,0.8,0.798,0.798,0.994,0.544
2015-03-31 23:00:00,0.935,0.809,0.964,0.964,0.98,0.456
2015-04-01 00:00:00,0.936,0.81,0.969,0.969,0.956,0.453
2015-04-01 01:00:00,0.939,0.769,0.949,0.949,0.951,0.389
2015-04-01 02:00:00,0.939,0.802,0.885,0.885,0.962,0.297
2015-04-01 03:00:00,0.941,0.876,0.825,0.825,0.969,0.282
2015-04-01 04:00:00,0.944,0.913,0.812,0.812,0.983,0.337
2015-04-01 05:00:00,0.948,0.907,0.869,0.869,0.989,0.408
2015-04-01 06:00:00,0.949,0.922,0.935,0.935,0.999,0.468
2015-04-01 07:00:00,0.949,0.934,0.965,0.965,0.999,0.502
2015-04-01 08:00:00,0.949,0.91,0.984,0.984,0.999,0.517
2015-04-01 09:00:00,0.949,0.845,0.995,0.995,1.0,0.568
2015-04-01 10:00:00,0.949,0.752,0.988,0.988,0.995,0.567
2015-04-01 11:00:00,0.94,0.683,0.991,0.991,0.989,0.552
2015-04-01 12:00:00,0.939,0.565,0.981,0.981,0.992,0.55
2015-04-01 13:00:00,0.938,0.532,0.98,0.98,0.994,0.546
2015-04-01 14:00:00,0.945,0.56,0.989,0.989,0.999,0.592
2015-04-01 15:00:00,0.948,0.581,0.989,0.989,1.0,0.615
2015-04-01 16:00:00,0.949,0.522,0.984,0.984,1.0,0.614
2015-04-01 17:00:00,0.95,0.479,0.981,0.981,1.0,0.618
2015-04-01 18:00:00,0.95,0.48,0.996,0.996,1.0,0.626
2015-04-01 19:00:00,0.942,0.454,0.998,0.998,1.0,0.633
2015-04-01 20:00:00,0.918,0.403,0.996,0.996,1.0,0.637
2015-04-01 21:00:00,0.883,0.398,0.998,0.998,1.0,0.633
2015-04-01 22:00:00,0.809,0.431,0.999,0.999,1.0,0.627
2015-04-01 23:00:00,0.685,0.449,0.999,0.999,1.0,0.585
2015-04-02 00:00:00,0.582,0.384,0.999,0.999,1.0,0.586
2015-04-02 01:00:00,0.569,0.305,1.0,1.0,0.996,0.583
2015-04-02 02:00:00,0.527,0.355,0.999,0.999,0.987,0.583
2015-04-02 03:00:00,0.54,0.462,0.997,0.997,0.961,0.593
2015-04-02 04:00:00,0.672,0.523,0.994,0.994,0.876,0.598
2015-04-02 05:00:00,0.762,0.608,0.968,0.968,0.598,0.606
2015-04-02 06:00:00,0.742,0.758,0.835,0.835,0.357,0.595
2015-04-02 07:00:00,0.781,0.801,0.668,0.668,0.324,0.551
2015-04-02 08:00:00,0.845,0.75,0.546,0.546,0.4,0.532
2015-04-02 09:00:00,0.897,0.642,0.504,0.504,0.474,0.471
2015-04-02 10:00:00,0.915,0.528,0.467,0.467,0.537,0.406
2015-04-02 11:00:00,0.914,0.383,0.492,0.492,0.526,0.431
2015-04-02 12:00:00,0.915,0.305,0.51,0.51,0.408,0.377
2015-04-02 13:00:00,0.916,0.292,0.476,0.476,0.417,0.349
2015-04-02 14:00:00,0.891,0.319,0.491,0.491,0.574,0.328
2015-04-02 15:00:00,0.82,0.361,0.513,0.513,0.792,0.316
2015-04-02 16:00:00,0.753,0.408,0.49,0.49,0.856,0.325
2015-04-02 17:00:00,0.713,0.429,0.386,0.386,0.882,0.31
2015-04-02 18:00:00,0.673,0.403,0.256,0.256,0.858,0.272
2015-04-02 19:00:00,0.655,0.362,0.231,0.231,0.851,0.252
2015-04-02 20:00:00,0.704,0.349,0.307,0.307,0.91,0.266
2015-04-02 21:00:00,0.734,0.374,0.422,0.422,0.859,0.316
2015-04-02 22:00:00,0.73,0.448,0.543,0.543,0.71,0.325
2015-04-02 23:00:00,0.669,0.579,0.515,0.515,0.848,0.297
2015-05-21 00:00:00,0.259,0.615,0.005,0.005,0.008,0.188
2015-05-21 01:00:00,0.239,0.543,0.01,0.01,0.007,0.162
2015-05-21 02:00:00,0.259,0.454,0.012,0.012,0.012,0.129
2015-05-21 03:00:00,0.254,0.36,0.013,0.013,0.029,0.131
2015-05-21 04:00:00,0.252,0.28,0.011,0.011,0.105,0.126
2015-05-21 05:00:00,0.268,0.219,0.012,0.012,0.22,0.106
2015-05-21 06:00:00,0.291,0.185,0.024,0.024,0.203,0.086
2015-05-21 07:00:00,0.273,0.128,0.038,0.038,0.161,0.06
2015-05-21 08:00:00,0.246,0.066,0.047,0.047,0.116,0.043
2015-05-21 09:00:00,0.205,0.018,0.057,0.057,0.099,0.038
2015-05-21 10:00:00,0.174,0.006,0.045,0.045,0.06,0.054
2015-05-21 11:00:00,0.158,0.008,0.068,0.068,0.055,0.07
2015-05-21 12:00:00,0.181,0.039,0.106,0.106,0.039,0.13
2015-05-21 13:00:00,0.21,0.078,0.13,0.13,0.02,0.204
2015-05-21 14:00:00,0.215,0.131,0.157,0.157,0.013,0.264
2015-05-21 15:00:00,0.207,0.179,0.172,0.172,0.012,0.331
2015-05-21 16:00:00,0.232,0.216,0.154,0.154,0.012,0.366
2015-05-21 17:00:00,0.268,0.257,0.125,0.125,0.012,0.391
2015-05-21 18:00:00,0.279,0.296,0.098,0.098,0.014,0.398
2015-05-21 19:00:00,0.258,0.305,0.088,0.088,0.019,0.407
2015-05-21 20:00:00,0.232,0.266,0.097,0.097,0.032,0.435
2015-05-21 21:00:00,0.225,0.244,0.127,0.127,0.045,0.48
2015-05-21 22:00:00,0.231,0.279,0.139,0.139,0.048,0.525
2015-05-21 23:00:00,0.285,0.385,0.17,0.17,0.06,0.59
2015-05-22 00:00:00,0.292,0.479,0.198,0.198,0.085,0.587
2015-05-22 01:00:00,0.308,0.534,0.203,0.203,0.114,0.549
2015-05-22 02:00:00,0.321,0.582,0.206,0.206,0.141,0.509
2015-05-22 03:00:00,0.298,0.619,0.203,0.203,0.135,0.491
2015-05-22 04:00:00,0.265,0.661,0.207,0.207,0.121,0.447
2015-05-22 05:00:00,0.247,0.641,0.209,0.209,0.115,0.393
2015-05-22 06:00:00,0.242,0.579,0.195,0.195,0.098,0.368
2015-05-22 07:00:00,0.252,0.504,0.183,0.183,0.075,0.36
2015-05-22 08:00:00,0.269,0.447,0.188,0.188,0.065,0.355
2015-05-22 09:00:00,0.304,0.377,0.191,0.191,0.057,0.372
2015-05-22 10:00:00,0.358,0.304,0.129,0.129,0.045,0.413
2015-05-22 11:00:00,0.451,0.164,0.122,0.122,0.049,0.394
2015-05-22 12:00:00,0.523,0.168,0.127,0.127,0.025,0.452
2015-05-22 13:00:00,0.574,0.208,0.109,0.109,0.008,0.514
2015-05-22 14:00:00,0.616,0.244,0.107,0.107,0.005,0.563
2015-05-22 15:00:00,0.663,0.268,0.089,0.089,0.003,0.6
2015-05-22 16:00:00,0.702,0.286,0.064,0.064,0.003,0.609
2015-05-22 17:00:00,0.725,0.284,0.06,0.06,0.003,0.625
2015-05-22 18:00:00,0.721,0.295,0.071,0.071,0.001,0.654
2015-05-22 19:00:00,0.69,0.329,0.097,0.097,0.006,0.672
2015-05-22 20:00:00,0.622,0.444,0.129,0.129,0.039,0.679
2015-05-22 21:00:00,0.572,0.592,0.195,0.195,0.148,0.694
2015-05-22 22:00:00,0.493,0.713,0.265,0.265,0.249,0.73
2015-05-22 23:00:00,0.27,0.766,0.483,0.483,0.481,0.789
2015-05-23 00:00:00,0.191,0.753,0.745,0.745,0.726,0.843
2015-05-23 01:00:00,0.227,0.809,0.86,0.86,0.822,0.845
2015-05-23 02:00:00,0.261,0.877,0.87,0.87,0.794,0.81
2015-05-23 03:00:00,0.283,0.907,0.854,0.854,0.671,0.796
2015-05-23 04:00:00,0.309,0.897,0.804,0.804,0.504,0.789
2015-05-23 05:00:00,0.371,0.882,0.658,0.658,0.354,0.71
2015-05-23 06:00:00,0.436,0.867,0.493,0.493,0.314,0.683
2015-05-23 07:00:00,0.464,0.833,0.361,0.361,0.215,0.632
2015-05-23 08:00:00,0.43,0.747,0.21,0.21,0.091,0.494
2015-05-23 09:00:00,0.357,0.555,0.114,0.114,0.065,0.455
2015-05-23 10:00:00,0.301,0.359,0.125,0.125,0.06,0.458
2015-05-23 11:00:00,0.325,0.269,0.124,0.124,0.075,0.49
2015-05-23 12:00:00,0.328,0.342,0.095,0.095,0.077,0.481
2015-05-23 13:00:00,0.326,0.291,0.124,0.124,0.108,0.483
2015-05-23 14:00:00,0.315,0.274,0.159,0.159,0.136,0.515
2015-05-23 15:00:00,0.315,0.256,0.213,0.213,0.182,0.523
2015-05-23 16:00:00,0.277,0.279,0.296,0.296,0.273,0.542
2015-05-23 17:00:00,0.24,0.24,0.409,0.409,0.333,0.531
2015-05-23 18:00:00,0.193,0.193,0.451,0.451,0.348,0.554
2015-05-23 19:00:00,0.14,0.148,0.414,0.414,0.33,0.547
2015-05-23 20:00:00,0.102,0.124,0.358,0.358,0.261,0.528
2015-05-23 21:00:00,0.07,0.088,0.32,0.32,0.188,0.502
2015-05-23 22:00:00,0.065,0.045,0.297,0.297,0.149,0.504
2015-05-23 23:00:00,0.076,0.061,0.264,0.264,0.133,0.517
2015-05-24 00:00:00,0.089,0.05,0.243,0.243,0.113,0.478
2015-05-24 01:00:00,0.093,0.049,0.238,0.238,0.107,0.437
2015-05-24 02:00:00,0.091,0.06,0.18,0.18,0.091,0.37
2015-05-24 03:00:00,0.076,0.059,0.131,0.131,0.08,0.293
2015-05-24 04:00:00,0.064,0.05,0.11,0.11,0.063,0.26
2015-05-24 05:00:00,0.073,0.05,0.081,0.081,0.047,0.241
2015-05-24 06:00:00,0.116,0.057,0.079,0.079,0.038,0.23
2015-05-24 07:00:00,0.187,0.099,0.093,0.093,0.045,0.207
2015-05-24 08:00:00,0.271,0.167,0.109,0.109,0.062,0.205
2015-05-24 09:00:00,0.35,0.232,0.135,0.135,0.083,0.227
2015-05-24 10:00:00,0.407,0.308,0.118,0.118,0.097,0.258
2015-05-24 11:00:00,0.447,0.315,0.131,0.131,0.13,0.292
2015-05-24 12:00:00,0.511,0.261,0.178,0.178,0.134,0.322
2015-05-24 13:00:00,0.545,0.243,0.271,0.271,0.092,0.359
2015-05-24 14:00:00,0.558,0.285,0.32,0.32,0.048,0.42
2015-05-24 15:00:00,0.563,0.338,0.26,0.26,0.018,0.465
2015-05-24 16:00:00,0.577,0.372,0.191,0.191,0.006,0.472
2015-05-24 17:00:00,0.573,0.358,0.127,0.127,0.003,0.456
2015-05-24 18:00:00,0.579,0.288,0.096,0.096,0.003,0.455
2015-05-24 19:00:00,0.537,0.233,0.078,0.078,0.002,0.462
2015-05-24 20:00:00,0.446,0.233,0.08,0.08,0.005,0.465
2015-05-24 21:00:00,0.362,0.306,0.091,0.091,0.017,0.493
2015-05-24 22:00:00,0.303,0.372,0.097,0.097,0.026,0.502
2015-05-24 23:00:00,0.26,0.344,0.079,0.079,0.05,0.494
2015-05-25 00:00:00,0.236,0.362,0.067,0.067,0.112,0.409
2015-05-25 01:00:00,0.201,0.377,0.065,0.065,0.169,0.344
2015-05-25 02:00:00,0.184,0.33,0.08,0.08,0.21,0.323
2015-05-25 03:00:00,0.158,0.309,0.103,0.103,0.3,0.322
2015-05-25 04:00:00,0.125,0.301,0.117,0.117,0.395,0.32
2015-05-25 05:00:00,0.104,0.254,0.111,0.111,0.38,0.322
2015-05-25 06:00:00,0.086,0.21,0.091,0.091,0.329,0.318
2015-05-25 07:00:00,0.072,0.157,0.098,0.098,0.272,0.282
2015-05-25 08:00:00,0.056,0.099,0.096,0.096,0.198,0.285
2015-05-25 09:00:00,0.046,0.062,0.07,0.07,0.12,0.32
2015-05-25 10:00:00,0.042,0.032,0.053,0.053,0.06,0.352
2015-05-25 11:00:00,0.053,0.002,0.038,0.038,0.029,0.306
2015-05-25 12:00:00,0.088,0.001,0.018,0.018,0.019,0.314
2015-05-25 13:00:00,0.123,0.005,0.012,0.012,0.044,0.318
2015-05-25 14:00:00,0.147,0.015,0.019,0.019,0.117,0.291
2015-05-25 15:00:00,0.135,0.014,0.036,0.036,0.195,0.238
2015-05-25 16:00:00,0.135,0.016,0.068,0.068,0.19,0.184
2015-05-25 17:00:00,0.146,0.011,0.117,0.117,0.122,0.153
2015-05-25 18:00:00,0.187,0.014,0.146,0.146,0.086,0.136
2015-05-25 19:00:00,0.265,0.036,0.112,0.112,0.081,0.127
2015-05-25 20:00:00,0.348,0.06,0.092,0.092,0.105,0.131
2015-05-25 21:00:00,0.379,0.079,0.194,0.194,0.161,0.129
2015-05-25 22:00:00,0.37,0.117,0.284,0.284,0.218,0.123
2015-05-25 23:00:00,0.32,0.083,0.249,0.249,0.236,0.137
2015-05-26 00:00:00,0.374,0.09,0.187,0.187,0.175,0.16
2015-05-26 01:00:00,0.402,0.102,0.146,0.146,0.172,0.158
2015-05-26 02:00:00,0.411,0.079,0.124,0.124,0.219,0.128
2015-05-26 03:00:00,0.384,0.038,0.159,0.159,0.222,0.11
2015-05-26 04:00:00,0.364,0.002,0.262,0.262,0.143,0.128
2015-05-26 05:00:00,0.365,0.0,0.312,0.312,0.111,0.148
2015-05-26 06:00:00,0.37,0.0,0.311,0.311,0.11,0.154
2015-05-26 07:00:00,0.378,0.0,0.292,0.292,0.133,0.157
2015-05-26 08:00:00,0.36,0.009,0.273,0.273,0.143,0.173
2015-05-26 09:00:00,0.346,0.036,0.297,0.297,0.153,0.183
2015-05-26 10:00:00,0.371,0.115,0.231,0.231,0.149,0.223
2015-05-26 11:00:00,0.432,0.276,0.295,0.295,0.151,0.233
2015-05-26 12:00:00,0.519,0.393,0.388,0.388,0.179,0.302
2015-05-26 13:00:00,0.572,0.474,0.417,0.417,0.221,0.366
2015-05-26 14:00:00,0.64,0.514,0.495,0.495,0.279,0.43
2015-05-26 15:00:00,0.731,0.582,0.602,0.602,0.332,0.499
2015-05-26 16:00:00,0.785,0.613,0.655,0.655,0.395,0.564
2015-05-26 17:00:00,0.753,0.562,0.692,0.692,0.506,0.604
2015-05-26 18:00:00,0.694,0.524,0.686,0.686,0.65,0.603
2015-05-26 19:00:00,0.659,0.521,0.659,0.659,0.689,0.577
2015-05-26 20:00:00,0.681,0.563,0.687,0.687,0.731,0.525
2015-05-26 21:00:00,0.705,0.613,0.698,0.698,0.742,0.49
2015-05-26 22:00:00,0.716,0.603,0.692,0.692,0.577,0.477
2015-05-26 23:00:00,0.765,0.663,0.716,0.716,0.537,0.508
2015-05-27 00:00:00,0.773,0.667,0.76,0.76,0.612,0.501
2015-05-27 01:00:00,0.765,0.636,0.702,0.702,0.752,0.509
2015-05-27 02:00:00,0.745,0.516,0.634,0.634,0.802,0.488
2015-05-27 03:00:00,0.756,0.446,0.667,0.667,0.667,0.446
2015-05-27 04:00:00,0.744,0.455,0.676,0.676,0.497,0.404
2015-05-27 05:00:00,0.7,0.442,0.577,0.577,0.489,0.365
2015-05-27 06:00:00,0.582,0.307,0.501,0.501,0.609,0.375
2015-05-27 07:00:00,0.443,0.242,0.531,0.531,0.723,0.438
2015-05-27 08:00:00,0.361,0.303,0.558,0.558,0.739,0.442
2015-05-27 09:00:00,0.295,0.341,0.583,0.583,0.738,0.42
2015-05-27 10:00:00,0.227,0.402,0.573,0.573,0.781,0.426
2015-05-27 11:00:00,0.132,0.414,0.628,0.628,0.803,0.421
2015-05-27 12:00:00,0.093,0.392,0.749,0.749,0.842,0.484
2015-05-27 13:00:00,0.082,0.4,0.883,0.883,0.799,0.556
2015-05-27 14:00:00,0.083,0.448,0.934,0.934,0.813,0.587
2015-05-27 15:00:00,0.087,0.465,0.953,0.953,0.85,0.593
2015-05-27 16:00:00,0.107,0.415,0.962,0.962,0.869,0.583
2015-05-27 17:00:00,0.13,0.371,0.952,0.952,0.824,0.574
2015-05-27 18:00:00,0.148,0.374,0.913,0.913,0.819,0.556
2015-05-27 19:00:00,0.168,0.4,0.863,0.863,0.789,0.545
2015-05-27 20:00:00,0.205,0.426,0.837,0.837,0.785,0.556
2015-05-27 21:00:00,0.228,0.399,0.827,0.827,0.719,0.55
2015-05-27 22:00:00,0.231,0.332,0.822,0.822,0.634,0.528
2015-05-27 23:00:00,0.253,0.261,0.79,0.79,0.523,0.491
2015-05-28 00:00:00,0.352,0.259,0.704,0.704,0.379,0.47
2015-05-28 01:00:00,0.517,0.265,0.592,0.592,0.306,0.413
2015-05-28 02:00:00,0.649,0.242,0.455,0.455,0.234,0.323
2015-05-28 03:00:00,0.763,0.175,0.361,0.361,0.191,0.251
2015-05-28 04:00:00,0.857,0.178,0.321,0.321,0.242,0.23
2015-05-28 05:00:00,0.894,0.225,0.295,0.295,0.291,0.256
2015-05-28 06:00:00,0.906,0.27,0.262,0.262,0.42,0.263
2015-05-28 07:00:00,0.906,0.219,0.258,0.258,0.596,0.244
2015-05-28 08:00:00,0.92,0.221,0.246,0.246,0.751,0.248
2015-05-28 09:00:00,0.929,0.268,0.256,0.256,0.829,0.291
2015-05-28 10:00:00,0.925,0.244,0.211,0.211,0.774,0.372
2015-05-28 11:00:00,0.863,0.224,0.206,0.206,0.814,0.422
2015-05-28 12:00:00,0.845,0.193,0.203,0.203,0.926,0.543
2015-05-28 13:00:00,0.837,0.182,0.218,0.218,0.97,0.619
2015-05-28 14:00:00,0.818,0.152,0.298,0.298,0.968,0.659
2015-05-28 15:00:00,0.81,0.135,0.426,0.426,0.944,0.68
2015-05-28 16:00:00,0.777,0.101,0.505,0.505,0.791,0.665
2015-05-28 17:00:00,0.715,0.133,0.531,0.531,0.32,0.691
2015-05-28 18:00:00,0.664,0.271,0.529,0.529,0.428,0.707
2015-05-28 19:00:00,0.611,0.502,0.341,0.341,0.491,0.663
2015-05-28 20:00:00,0.568,0.722,0.29,0.29,0.325,0.626
2015-05-28 21:00:00,0.529,0.871,0.29,0.29,0.311,0.616
2015-05-28 22:00:00,0.564,0.929,0.3,0.3,0.377,0.602
2015-05-28 23:00:00,0.607,0.858,0.404,0.404,0.503,0.604
2015-05-29 00:00:00,0.663,0.687,0.468,0.468,0.634,0.61
2015-05-29 01:00:00,0.721,0.534,0.618,0.618,0.65,0.656
2015-05-29 02:00:00,0.723,0.388,0.676,0.676,0.563,0.647
2015-05-29 03:00:00,0.703,0.419,0.619,0.619,0.424,0.573
2015-05-29 04:00:00,0.685,0.499,0.422,0.422,0.355,0.511
2015-05-29 05:00:00,0.647,0.403,0.257,0.257,0.311,0.443
2015-05-29 06:00:00,0.584,0.345,0.215,0.215,0.227,0.394
2015-05-29 07:00:00,0.48,0.308,0.176,0.176,0.166,0.386
2015-05-29 08:00:00,0.394,0.296,0.146,0.146,0.134,0.36
2015-05-29 09:00:00,0.364,0.279,0.145,0.145,0.11,0.355
2015-05-29 10:00:00,0.354,0.24,0.066,0.066,0.062,0.387
2015-05-29 11:00:00,0.305,0.151,0.045,0.045,0.045,0.365
2015-05-29 12:00:00,0.287,0.125,0.027,0.027,0.039,0.417
2015-05-29 13:00:00,0.313,0.106,0.012,0.012,0.018,0.463
2015-05-29 14:00:00,0.321,0.093,0.006,0.006,0.005,0.483
2015-05-29 15:00:00,0.35,0.08,0.003,0.003,0.005,0.487
2015-05-29 16:00:00,0.3,0.064,0.006,0.006,0.011,0.444
2015-05-29 17:00:00,0.24,0.048,0.027,0.027,0.063,0.395
2015-05-29 18:00:00,0.228,0.035,0.106,0.106,0.215,0.33
2015-05-29 19:00:00,0.287,0.033,0.274,0.274,0.485,0.316
2015-05-29 20:00:00,0.297,0.036,0.451,0.451,0.709,0.395
2015-05-29 21:00:00,0.384,0.06,0.55,0.55,0.816,0.498
2015-05-29 22:00:00,0.411,0.155,0.621,0.621,0.886,0.602
2015-05-29 23:00:00,0.601,0.358,0.649,0.649,0.887,0.713
2015-05-30 00:00:00,0.736,0.66,0.733,0.733,0.875,0.705
2015-05-30 01:00:00,0.75,0.861,0.837,0.837,0.837,0.688
2015-05-30 02:00:00,0.734,0.914,0.874,0.874,0.64,0.643
2015-05-30 03:00:00,0.743,0.927,0.83,0.83,0.678,0.627
2015-05-30 04:00:00,0.734,0.924,0.792,0.792,0.735,0.638
2015-05-30 05:00:00,0.669,0.93,0.836,0.836,0.924,0.555
2015-05-30 06:00:00,0.57,0.945,0.755,0.755,0.956,0.578
2015-05-30 07:00:00,0.486,0.948,0.72,0.72,0.94,0.59
2015-05-30 08:00:00,0.437,0.948,0.932,0.932,0.956,0.642
2015-05-30 09:00:00,0.417,0.948,0.935,0.935,0.966,0.713
2015-05-30 10:00:00,0.397,0.897,0.774,0.774,0.913,0.732
2015-05-30 11:00:00,0.424,0.797,0.772,0.772,0.893,0.692
2015-05-30 12:00:00,0.427,0.788,0.873,0.873,0.737,0.782
2015-05-30 13:00:00,0.516,0.872,0.931,0.931,0.756,0.825
2015-05-30 14:00:00,0.645,0.778,0.938,0.938,0.734,0.844
2015-05-30 15:00:00,0.711,0.843,0.958,0.958,0.594,0.857
2015-05-30 16:00:00,0.754,0.902,0.915,0.915,0.532,0.838
2015-05-30 17:00:00,0.816,0.944,0.892,0.892,0.8,0.824
2015-05-30 18:00:00,0.838,0.928,0.851,0.851,0.802,0.804
2015-05-30 19:00:00,0.828,0.91,0.817,0.817,0.645,0.804
2015-05-30 20:00:00,0.823,0.919,0.837,0.837,0.77,0.819
2015-05-30 21:00:00,0.841,0.919,0.84,0.84,0.796,0.819
2015-05-30 22:00:00,0.836,0.914,0.821,0.821,0.814,0.815
2015-05-30 23:00:00,0.871,0.92,0.82,0.82,0.907,0.832
2015-05-31 00:00:00,0.864,0.908,0.876,0.876,0.866,0.833
2015-05-31 01:00:00,0.833,0.855,0.919,0.919,0.832,0.87
2015-05-31 02:00:00,0.832,0.879,0.87,0.87,0.888,0.894
2015-05-31 03:00:00,0.796,0.924,0.862,0.862,0.908,0.861
2015-05-31 04:00:00,0.706,0.942,0.904,0.904,0.863,0.884
2015-05-31 05:00:00,0.631,0.819,0.917,0.917,0.875,0.895
2015-05-31 06:00:00,0.58,0.885,0.941,0.941,0.931,0.894
2015-05-31 07:00:00,0.562,0.932,0.957,0.957,0.94,0.903
2015-05-31 08:00:00,0.555,0.945,0.972,0.972,0.852,0.9
2015-05-31 09:00:00,0.628,0.947,0.968,0.968,0.735,0.898
2015-05-31 10:00:00,0.717,0.949,0.787,0.787,0.464,0.891
2015-05-31 11:00:00,0.698,0.899,0.792,0.792,0.46,0.867
2015-05-31 12:00:00,0.714,0.93,0.725,0.725,0.407,0.875
2015-05-31 13:00:00,0.78,0.906,0.622,0.622,0.234,0.882
2015-05-31 14:00:00,0.863,0.785,0.402,0.402,0.255,0.874
2015-05-31 15:00:00,0.87,0.609,0.201,0.201,0.346,0.849
2015-05-31 16:00:00,0.877,0.499,0.071,0.071,0.333,0.79
2015-05-31 17:00:00,0.884,0.421,0.063,0.063,0.305,0.702
2015-05-31 18:00:00,0.886,0.328,0.177,0.177,0.481,0.635
2015-05-31 19:00:00,0.886,0.221,0.356,0.356,0.787,0.647
2015-05-31 20:00:00,0.883,0.211,0.586,0.586,0.921,0.705
2015-05-31 21:00:00,0.891,0.325,0.834,0.834,0.963,0.792
2015-05-31 22:00:00,0.88,0.551,0.99,0.99,0.997,0.876
2015-05-31 23:00:00,0.86,0.89,0.995,0.995,0.998,0.9
2015-06-01 00:00:00,0.873,0.946,0.996,0.996,0.999,0.9
2015-06-01 01:00:00,0.895,0.949,0.998,0.998,0.998,0.93
2015-06-01 02:00:00,0.892,0.95,1.0,1.0,0.998,0.938
2015-06-01 03:00:00,0.891,0.95,0.999,0.999,0.998,0.944
2015-06-01 04:00:00,0.871,0.95,0.999,0.999,0.998,0.935
2015-06-01 05:00:00,0.816,0.95,0.997,0.997,0.991,0.893
2015-06-01 06:00:00,0.786,0.95,0.992,0.992,0.966,0.878
2015-06-01 07:00:00,0.772,0.95,0.977,0.977,0.907,0.872
2015-06-01 08:00:00,0.711,0.95,0.93,0.93,0.726,0.861
2015-06-01 09:00:00,0.663,0.95,0.816,0.816,0.531,0.839
2015-06-01 10:00:00,0.701,0.95,0.556,0.556,0.33,0.811
2015-06-01 11:00:00,0.739,0.855,0.482,0.482,0.243,0.615
2015-06-01 12:00:00,0.762,0.658,0.437,0.437,0.124,0.611
2015-06-01 13:00:00,0.73,0.523,0.429,0.429,0.103,0.609
2015-06-01 14:00:00,0.677,0.455,0.348,0.348,0.068,0.647
2015-06-01 15:00:00,0.593,0.487,0.291,0.291,0.045,0.706
2015-06-01 16:00:00,0.511,0.584,0.298,0.298,0.033,0.713
2015-06-01 17:00:00,0.437,0.483,0.326,0.326,0.011,0.699
2015-06-01 18:00:00,0.416,0.166,0.252,0.252,0.003,0.707
2015-06-01 19:00:00,0.523,0.115,0.172,0.172,0.008,0.689
2015-06-01 20:00:00,0.603,0.156,0.114,0.114,0.027,0.641
2015-06-01 21:00:00,0.644,0.21,0.06,0.06,0.05,0.555
2015-06-01 22:00:00,0.712,0.268,0.067,0.067,0.14,0.451
2015-06-01 23:00:00,0.775,0.228,0.065,0.065,0.206,0.374
2015-06-02 00:00:00,0.793,0.208,0.061,0.061,0.313,0.352
2015-06-02 01:00:00,0.858,0.156,0.069,0.069,0.488,0.334
2015-06-02 02:00:00,0.908,0.09,0.082,0.082,0.457,0.328
2015-06-02 03:00:00,0.924,0.065,0.071,0.071,0.336,0.352
2015-06-02 04:00:00,0.937,0.033,0.061,0.061,0.345,0.429
2015-06-02 05:00:00,0.936,0.031,0.083,0.083,0.336,0.459
2015-06-02 06:00:00,0.93,0.009,0.091,0.091,0.412,0.456
2015-06-02 07:00:00,0.934,0.006,0.112,0.112,0.463,0.45
2015-06-02 08:00:00,0.939,0.06,0.187,0.187,0.656,0.486
2015-06-02 09:00:00,0.942,0.104,0.285,0.285,0.832,0.538
2015-06-02 10:00:00,0.946,0.156,0.292,0.292,0.95,0.628
2015-06-02 11:00:00,0.946,0.126,0.423,0.423,0.97,0.69
2015-06-02 12:00:00,0.945,0.228,0.635,0.635,0.981,0.791
2015-06-02 13:00:00,0.945,0.37,0.77,0.77,0.997,0.87
2015-06-02 14:00:00,0.946,0.526,0.85,0.85,0.998,0.922
2015-06-02 15:00:00,0.947,0.557,0.901,0.901,0.998,0.939
2015-06-02 16:00:00,0.949,0.552,0.94,0.94,0.998,0.944
2015-06-02 17:00:00,0.949,0.692,0.967,0.967,0.997,0.946
2015-06-02 18:00:00,0.95,0.744,0.976,0.976,0.998,0.947
2015-06-02 19:00:00,0.95,0.813,0.976,0.976,0.999,0.948
2015-06-02 20:00:00,0.95,0.906,0.99,0.99,0.997,0.949
2015-06-02 21:00:00,0.95,0.938,0.997,0.997,0.986,0.95
2015-06-02 22:00:00,0.95,0.94,1.0,1.0,1.0,0.95
2015-06-02 23:00:00,0.95,0.95,0.999,0.999,1.0,0.95
2015-06-03 00:00:00,0.95,0.95,1.0,1.0,1.0,0.949
2015-06-03 01:00:00,0.95,0.949,1.0,1.0,1.0,0.948
2015-06-03 02:00:00,0.95,0.95,1.0,1.0,1.0,0.949
2015-06-03 03:00:00,0.949,0.95,1.0,1.0,0.998,0.924
2015-06-03 04:00:00,0.944,0.95,0.999,0.999,0.994,0.904
2015-06-03 05:00:00,0.937,0.95,0.992,0.992,0.993,0.906
2015-06-03 06:00:00,0.933,0.95,0.971,0.971,0.996,0.918
2015-06-03 07:00:00,0.93,0.95,0.97,0.97,0.997,0.922
2015-06-03 08:00:00,0.925,0.948,0.989,0.989,0.996,0.937
2015-06-03 09:00:00,0.918,0.941,0.996,0.996,0.987,0.939
2015-06-03 10:00:00,0.911,0.949,0.993,0.993,0.914,0.936
2015-06-03 11:00:00,0.808,0.95,0.998,0.998,0.854,0.935
2015-06-03 12:00:00,0.693,0.95,0.999,0.999,0.891,0.943
2015-06-03 13:00:00,0.636,0.95,0.999,0.999,0.909,0.944
2015-06-03 14:00:00,0.663,0.95,1.0,1.0,0.97,0.938
2015-06-03 15:00:00,0.692,0.95,1.0,1.0,0.99,0.933
2015-06-03 16:00:00,0.651,0.95,1.0,1.0,0.995,0.932
2015-06-03 17:00:00,0.575,0.95,1.0,1.0,0.995,0.885
2015-06-03 18:00:00,0.537,0.95,0.999,0.999,0.996,0.858
2015-06-03 19:00:00,0.48,0.95,0.999,0.999,0.996,0.886
2015-06-03 20:00:00,0.384,0.95,0.997,0.997,0.99,0.905
2015-06-03 21:00:00,0.314,0.95,0.992,0.992,0.98,0.895
2015-06-03 22:00:00,0.302,0.95,0.985,0.985,0.962,0.891
2015-06-03 23:00:00,0.354,0.95,0.977,0.977,0.944,0.896
2015-07-01 00:00:00,0.184,0.023,0.146,0.146,0.097,0.12
2015-07-01 01:00:00,0.235,0.015,0.097,0.097,0.056,0.071
2015-07-01 02:00:00,0.313,0.023,0.044,0.044,0.027,0.044
2015-07-01 03:00:00,0.381,0.051,0.017,0.017,0.014,0.044
2015-07-01 04:00:00,0.431,0.098,0.011,0.011,0.01,0.054
2015-07-01 05:00:00,0.496,0.141,0.01,0.01,0.011,0.053
2015-07-01 06:00:00,0.561,0.151,0.011,0.011,0.007,0.041
2015-07-01 07:00:00,0.631,0.143,0.015,0.015,0.004,0.032
2015-07-01 08:00:00,0.677,0.143,0.031,0.031,0.003,0.022
2015-07-01 09:00:00,0.72,0.116,0.063,0.063,0.005,0.016
2015-07-01 10:00:00,0.731,0.097,0.078,0.078,0.006,0.015
2015-07-01 11:00:00,0.718,0.07,0.096,0.096,0.016,0.016
2015-07-01 12:00:00,0.749,0.073,0.104,0.104,0.038,0.018
2015-07-01 13:00:00,0.765,0.081,0.095,0.095,0.075,0.016
2015-07-01 14:00:00,0.771,0.095,0.093,0.093,0.114,0.013
2015-07-01 15:00:00,0.771,0.112,0.1,0.1,0.172,0.012
2015-07-01 16:00:00,0.777,0.11,0.114,0.114,0.268,0.017
2015-07-01 17:00:00,0.791,0.099,0.124,0.124,0.394,0.021
2015-07-01 18:00:00,0.818,0.08,0.128,0.128,0.483,0.029
2015-07-01 19:00:00,0.847,0.067,0.135,0.135,0.535,0.042
2015-07-01 20:00:00,0.863,0.059,0.143,0.143,0.59,0.063
2015-07-01 21:00:00,0.881,0.069,0.133,0.133,0.639,0.087
2015-07-01 22:00:00,0.899,0.076,0.11,0.11,0.669,0.108
2015-07-01 23:00:00,0.912,0.075,0.103,0.103,0.71,0.113
2015-07-02 00:00:00,0.919,0.046,0.082,0.082,0.668,0.112
2015-07-02 01:00:00,0.923,0.026,0.065,0.065,0.581,0.098
2015-07-02 02:00:00,0.924,0.013,0.057,0.057,0.485,0.091
2015-07-02 03:00:00,0.921,0.005,0.057,0.057,0.434,0.084
2015-07-02 04:00:00,0.918,0.001,0.058,0.058,0.39,0.086
2015-07-02 05:00:00,0.918,0.0,0.062,0.062,0.359,0.09
2015-07-02 06:00:00,0.917,0.0,0.063,0.063,0.318,0.09
2015-07-02 07:00:00,0.915,0.0,0.059,0.059,0.255,0.085
2015-07-02 08:00:00,0.916,0.0,0.071,0.071,0.214,0.095
2015-07-02 09:00:00,0.909,0.0,0.106,0.106,0.218,0.106
2015-07-02 10:00:00,0.891,0.0,0.131,0.131,0.24,0.124
2015-07-02 11:00:00,0.847,0.0,0.167,0.167,0.379,0.108
2015-07-02 12:00:00,0.872,0.0,0.223,0.223,0.55,0.147
2015-07-02 13:00:00,0.899,0.0,0.283,0.283,0.705,0.195
2015-07-02 14:00:00,0.915,0.0,0.361,0.361,0.805,0.255
2015-07-02 15:00:00,0.917,0.002,0.45,0.45,0.865,0.315
2015-07-02 16:00:00,0.867,0.009,0.517,0.517,0.883,0.353
2015-07-02 17:00:00,0.831,0.008,0.56,0.56,0.854,0.386
2015-07-02 18:00:00,0.824,0.007,0.562,0.562,0.832,0.424
2015-07-02 19:00:00,0.769,0.005,0.549,0.549,0.846,0.476
2015-07-02 20:00:00,0.642,0.002,0.546,0.546,0.873,0.517
2015-07-02 21:00:00,0.449,0.001,0.543,0.543,0.875,0.561
2015-07-02 22:00:00,0.301,0.0,0.613,0.613,0.858,0.604
2015-07-02 23:00:00,0.507,0.0,0.608,0.608,0.824,0.705
2015-07-03 00:00:00,0.442,0.0,0.601,0.601,0.826,0.718
2015-07-03 01:00:00,0.298,0.001,0.599,0.599,0.778,0.709
2015-07-03 02:00:00,0.219,0.013,0.589,0.589,0.684,0.708
2015-07-03 03:00:00,0.259,0.035,0.479,0.479,0.586,0.696
2015-07-03 04:00:00,0.208,0.045,0.356,0.356,0.515,0.638
2015-07-03 05:00:00,0.217,0.052,0.296,0.296,0.484,0.589
2015-07-03 06:00:00,0.235,0.061,0.231,0.231,0.406,0.554
2015-07-03 07:00:00,0.21,0.073,0.169,0.169,0.3,0.508
2015-07-03 08:00:00,0.163,0.08,0.131,0.131,0.341,0.463
2015-07-03 09:00:00,0.112,0.074,0.133,0.133,0.328,0.451
2015-07-03 10:00:00,0.076,0.065,0.113,0.113,0.124,0.455
2015-07-03 11:00:00,0.097,0.051,0.101,0.101,0.068,0.44
2015-07-03 12:00:00,0.063,0.027,0.066,0.066,0.051,0.383
2015-07-03 13:00:00,0.037,0.018,0.051,0.051,0.061,0.328
2015-07-03 14:00:00,0.02,0.015,0.049,0.049,0.05,0.301
2015-07-03 15:00:00,0.013,0.013,0.084,0.084,0.041,0.284
2015-07-03 16:00:00,0.012,0.015,0.142,0.142,0.04,0.278
2015-07-03 17:00:00,0.021,0.03,0.147,0.147,0.042,0.288
2015-07-03 18:00:00,0.056,0.073,0.117,0.117,0.075,0.309
2015-07-03 19:00:00,0.089,0.121,0.098,0.098,0.167,0.324
2015-07-03 20:00:00,0.122,0.127,0.118,0.118,0.313,0.327
2015-07-03 21:00:00,0.127,0.129,0.181,0.181,0.43,0.339
2015-07-03 22:00:00,0.107,0.154,0.267,0.267,0.634,0.352
2015-07-03 23:00:00,0.121,0.141,0.31,0.31,0.555,0.401
2015-07-04 00:00:00,0.085,0.177,0.311,0.311,0.489,0.394
2015-07-04 01:00:00,0.084,0.205,0.297,0.297,0.431,0.394
2015-07-04 02:00:00,0.121,0.21,0.281,0.281,0.347,0.355
2015-07-04 03:00:00,0.138,0.191,0.236,0.236,0.242,0.291
2015-07-04 04:00:00,0.219,0.187,0.183,0.183,0.17,0.234
2015-07-04 05:00:00,0.267,0.214,0.135,0.135,0.13,0.212
2015-07-04 06:00:00,0.342,0.184,0.101,0.101,0.087,0.198
2015-07-04 07:00:00,0.459,0.157,0.058,0.058,0.056,0.173
2015-07-04 08:00:00,0.538,0.136,0.041,0.041,0.036,0.128
2015-07-04 09:00:00,0.531,0.087,0.028,0.028,0.024,0.093
2015-07-04 10:00:00,0.461,0.054,0.006,0.006,0.026,0.068
2015-07-04 11:00:00,0.336,0.022,0.001,0.001,0.018,0.044
2015-07-04 12:00:00,0.476,0.002,0.001,0.001,0.015,0.033
2015-07-04 13:00:00,0.552,0.0,0.003,0.003,0.01,0.026
2015-07-04 14:00:00,0.635,0.004,0.003,0.003,0.007,0.032
2015-07-04 15:00:00,0.656,0.015,0.003,0.003,0.006,0.048
2015-07-04 16:00:00,0.568,0.035,0.003,0.003,0.01,0.055
2015-07-04 17:00:00,0.422,0.046,0.004,0.004,0.015,0.051
2015-07-04 18:00:00,0.312,0.049,0.004,0.004,0.033,0.04
2015-07-04 19:00:00,0.292,0.028,0.006,0.006,0.051,0.03
2015-07-04 20:00:00,0.329,0.011,0.012,0.012,0.066,0.024
2015-07-04 21:00:00,0.362,0.004,0.019,0.019,0.091,0.021
2015-07-04 22:00:00,0.37,0.003,0.045,0.045,0.081,0.025
2015-07-04 23:00:00,0.299,0.0,0.059,0.059,0.119,0.034
2015-07-05 00:00:00,0.308,0.0,0.089,0.089,0.172,0.05
2015-07-05 01:00:00,0.265,0.0,0.14,0.14,0.123,0.068
2015-07-05 02:00:00,0.207,0.0,0.198,0.198,0.057,0.074
2015-07-05 03:00:00,0.152,0.007,0.199,0.199,0.025,0.081
2015-07-05 04:00:00,0.139,0.035,0.137,0.137,0.014,0.079
2015-07-05 05:00:00,0.107,0.07,0.087,0.087,0.026,0.067
2015-07-05 06:00:00,0.072,0.123,0.074,0.074,0.081,0.047
2015-07-05 07:00:00,0.061,0.165,0.075,0.075,0.154,0.034
2015-07-05 08:00:00,0.048,0.128,0.075,0.075,0.157,0.029
2015-07-05 09:00:00,0.039,0.051,0.079,0.079,0.092,0.03
2015-07-05 10:00:00,0.035,0.014,0.039,0.039,0.017,0.031
2015-07-05 11:00:00,0.087,0.001,0.018,0.018,0.001,0.021
2015-07-05 12:00:00,0.094,0.0,0.009,0.009,0.0,0.028
2015-07-05 13:00:00,0.129,0.0,0.009,0.009,0.001,0.031
2015-07-05 14:00:00,0.145,0.0,0.014,0.014,0.001,0.031
2015-07-05 15:00:00,0.128,0.0,0.021,0.021,0.001,0.037
2015-07-05 16:00:00,0.09,0.0,0.004,0.004,0.001,0.035
2015-07-05 17:00:00,0.109,0.0,0.002,0.002,0.002,0.046
2015-07-05 18:00:00,0.168,0.0,0.013,0.013,0.005,0.056
2015-07-05 19:00:00,0.132,0.0,0.059,0.059,0.016,0.054
2015-07-05 20:00:00,0.193,0.001,0.138,0.138,0.081,0.075
2015-07-05 21:00:00,0.322,0.015,0.304,0.304,0.269,0.128
2015-07-05 22:00:00,0.429,0.019,0.406,0.406,0.068,0.2
2015-07-05 23:00:00,0.565,0.001,0.6,0.6,0.075,0.27
2015-07-06 00:00:00,0.828,0.034,0.692,0.692,0.089,0.336
2015-07-06 01:00:00,0.841,0.074,0.865,0.865,0.072,0.367
2015-07-06 02:00:00,0.849,0.11,0.839,0.839,0.068,0.357
2015-07-06 03:00:00,0.861,0.229,0.695,0.695,0.576,0.359
2015-07-06 04:00:00,0.898,0.341,0.652,0.652,0.962,0.444
2015-07-06 05:00:00,0.888,0.099,0.792,0.792,0.997,0.554
2015-07-06 06:00:00,0.872,0.0,0.812,0.812,1.0,0.591
2015-07-06 07:00:00,0.877,0.005,0.898,0.898,0.988,0.646
2015-07-06 08:00:00,0.879,0.128,0.96,0.96,0.971,0.714
2015-07-06 09:00:00,0.866,0.105,0.963,0.963,0.967,0.738
2015-07-06 10:00:00,0.861,0.148,0.835,0.835,0.914,0.772
2015-07-06 11:00:00,0.809,0.374,0.989,0.989,0.91,0.751
2015-07-06 12:00:00,0.795,0.661,1.0,1.0,0.924,0.845
2015-07-06 13:00:00,0.759,0.809,1.0,1.0,0.962,0.885
2015-07-06 14:00:00,0.781,0.95,1.0,1.0,0.955,0.895
2015-07-06 15:00:00,0.783,0.95,1.0,1.0,0.941,0.891
2015-07-06 16:00:00,0.753,0.95,1.0,1.0,0.938,0.899
2015-07-06 17:00:00,0.684,0.95,1.0,1.0,0.952,0.927
2015-07-06 18:00:00,0.687,0.95,0.999,0.999,0.931,0.914
2015-07-06 19:00:00,0.636,0.95,0.998,0.998,0.819,0.89
2015-07-06 20:00:00,0.53,0.95,0.994,0.994,0.696,0.865
2015-07-06 21:00:00,0.456,0.95,0.982,0.982,0.581,0.826
2015-07-06 22:00:00,0.372,0.95,0.944,0.944,0.519,0.802
2015-07-06 23:00:00,0.39,0.95,0.941,0.941,0.479,0.781
2015-07-07 00:00:00,0.391,0.95,0.928,0.928,0.495,0.806
2015-07-07 01:00:00,0.364,0.95,0.941,0.941,0.596,0.817
2015-07-07 02:00:00,0.309,0.95,0.938,0.938,0.636,0.803
2015-07-07 03:00:00,0.279,0.95,0.927,0.927,0.621,0.795
2015-07-07 04:00:00,0.294,0.949,0.891,0.891,0.599,0.78
2015-07-07 05:00:00,0.362,0.95,0.867,0.867,0.607,0.762
2015-07-07 06:00:00,0.441,0.95,0.907,0.907,0.545,0.746
2015-07-07 07:00:00,0.524,0.95,0.912,0.912,0.474,0.7
2015-07-07 08:00:00,0.582,0.95,0.891,0.891,0.388,0.664
2015-07-07 09:00:00,0.57,0.95,0.87,0.87,0.294,0.637
2015-07-07 10:00:00,0.554,0.95,0.757,0.757,0.097,0.633
2015-07-07 11:00:00,0.506,0.95,0.676,0.676,0.038,0.623
2015-07-07 12:00:00,0.466,0.95,0.583,0.583,0.014,0.63
2015-07-07 13:00:00,0.411,0.95,0.498,0.498,0.011,0.643
2015-07-07 14:00:00,0.301,0.95,0.405,0.405,0.001,0.644
2015-07-07 15:00:00,0.248,0.949,0.28,0.28,0.004,0.616
2015-07-07 16:00:00,0.227,0.934,0.13,0.13,0.007,0.59
2015-07-07 17:00:00,0.251,0.886,0.058,0.058,0.011,0.518
2015-07-07 18:00:00,0.287,0.739,0.028,0.028,0.047,0.451
2015-07-07 19:00:00,0.36,0.6,0.008,0.008,0.094,0.368
2015-07-07 20:00:00,0.547,0.513,0.01,0.01,0.109,0.3
2015-07-07 21:00:00,0.62,0.312,0.089,0.089,0.176,0.277
2015-07-07 22:00:00,0.646,0.174,0.557,0.557,0.442,0.234
2015-07-07 23:00:00,0.754,0.059,0.815,0.815,0.465,0.21
2015-07-08 00:00:00,0.801,0.0,0.823,0.823,0.419,0.189
2015-07-08 01:00:00,0.8,0.027,0.628,0.628,0.212,0.183
2015-07-08 02:00:00,0.813,0.192,0.391,0.391,0.426,0.193
2015-07-08 03:00:00,0.875,0.297,0.432,0.432,0.878,0.214
2015-07-08 04:00:00,0.906,0.426,0.842,0.842,0.942,0.237
2015-07-08 05:00:00,0.924,0.571,0.974,0.974,0.913,0.278
2015-07-08 06:00:00,0.931,0.545,0.967,0.967,0.979,0.417
2015-07-08 07:00:00,0.935,0.446,0.98,0.98,0.989,0.5
2015-07-08 08:00:00,0.94,0.316,0.992,0.992,0.985,0.583
2015-07-08 09:00:00,0.943,0.535,0.995,0.995,0.913,0.61
2015-07-08 10:00:00,0.941,0.817,0.98,0.98,0.665,0.656
2015-07-08 11:00:00,0.938,0.949,0.954,0.954,0.494,0.668
2015-07-08 12:00:00,0.933,0.95,0.877,0.877,0.347,0.693
2015-07-08 13:00:00,0.935,0.948,0.681,0.681,0.349,0.725
2015-07-08 14:00:00,0.938,0.939,0.624,0.624,0.551,0.709
2015-07-08 15:00:00,0.946,0.907,0.726,0.726,0.823,0.733
2015-07-08 16:00:00,0.947,0.871,0.875,0.875,0.745,0.786
2015-07-08 17:00:00,0.947,0.819,0.938,0.938,0.861,0.845
2015-07-08 18:00:00,0.944,0.889,0.941,0.941,0.914,0.833
2015-07-08 19:00:00,0.943,0.923,0.929,0.929,0.965,0.81
2015-07-08 20:00:00,0.94,0.938,0.958,0.958,0.979,0.805
2015-07-08 21:00:00,0.938,0.939,0.972,0.972,0.997,0.771
2015-07-08 22:00:00,0.942,0.94,0.996,0.996,0.999,0.749
2015-07-08 23:00:00,0.936,0.95,0.997,0.997,1.0,0.731
2015-07-09 00:00:00,0.939,0.95,0.997,0.997,1.0,0.731
2015-07-09 01:00:00,0.946,0.95,0.999,0.999,1.0,0.726
2015-07-09 02:00:00,0.949,0.95,0.999,0.999,0.999,0.732
2015-07-09 03:00:00,0.949,0.95,0.998,0.998,0.998,0.729
2015-07-09 04:00:00,0.949,0.95,0.994,0.994,0.994,0.726
2015-07-09 05:00:00,0.949,0.95,0.992,0.992,0.99,0.732
2015-07-09 06:00:00,0.949,0.947,0.99,0.99,0.994,0.74
2015-07-09 07:00:00,0.948,0.945,0.99,0.99,0.995,0.747
2015-07-09 08:00:00,0.947,0.948,0.994,0.994,0.993,0.741
2015-07-09 09:00:00,0.946,0.942,0.994,0.994,0.994,0.732
2015-07-09 10:00:00,0.947,0.942,0.971,0.971,0.973,0.725
2015-07-09 11:00:00,0.949,0.777,0.992,0.992,0.982,0.718
2015-07-09 12:00:00,0.95,0.871,0.997,0.997,0.999,0.718
2015-07-09 13:00:00,0.949,0.923,0.999,0.999,1.0,0.716
2015-07-09 14:00:00,0.949,0.945,1.0,1.0,1.0,0.713
2015-07-09 15:00:00,0.95,0.948,0.999,0.999,0.997,0.713
2015-07-09 16:00:00,0.95,0.95,0.997,0.997,0.995,0.708
2015-07-09 17:00:00,0.949,0.95,0.992,0.992,0.998,0.698
2015-07-09 18:00:00,0.945,0.95,0.998,0.998,0.999,0.689
2015-07-09 19:00:00,0.939,0.95,1.0,1.0,1.0,0.691
2015-07-09 20:00:00,0.936,0.949,1.0,1.0,1.0,0.695
2015-07-09 21:00:00,0.924,0.91,1.0,1.0,1.0,0.708
2015-07-09 22:00:00,0.905,0.925,1.0,1.0,1.0,0.717
2015-07-09 23:00:00,0.885,0.95,1.0,1.0,1.0,0.724
2015-07-10 00:00:00,0.91,0.95,1.0,1.0,1.0,0.731
2015-07-10 01:00:00,0.926,0.95,1.0,1.0,1.0,0.737
2015-07-10 02:00:00,0.923,0.95,1.0,1.0,1.0,0.739
2015-07-10 03:00:00,0.921,0.95,1.0,1.0,1.0,0.736
2015-07-10 04:00:00,0.909,0.95,1.0,1.0,1.0,0.733
2015-07-10 05:00:00,0.889,0.95,1.0,1.0,1.0,0.728
2015-07-10 06:00:00,0.869,0.95,1.0,1.0,1.0,0.725
2015-07-10 07:00:00,0.811,0.949,1.0,1.0,1.0,0.725
2015-07-10 08:00:00,0.699,0.943,1.0,1.0,1.0,0.719
2015-07-10 09:00:00,0.607,0.911,0.999,0.999,1.0,0.711
2015-07-10 10:00:00,0.532,0.855,0.999,0.999,1.0,0.711
2015-07-10 11:00:00,0.382,0.846,0.999,0.999,1.0,0.69
2015-07-10 12:00:00,0.339,0.905,1.0,1.0,1.0,0.693
2015-07-10 13:00:00,0.269,0.92,1.0,1.0,1.0,0.704
2015-07-10 14:00:00,0.207,0.931,1.0,1.0,1.0,0.715
2015-07-10 15:00:00,0.165,0.912,1.0,1.0,1.0,0.733
2015-07-10 16:00:00,0.134,0.851,1.0,1.0,0.998,0.755
2015-07-10 17:00:00,0.11,0.881,0.999,0.999,0.995,0.76
2015-07-10 18:00:00,0.093,0.895,0.997,0.997,0.989,0.725
2015-07-10 19:00:00,0.082,0.899,0.992,0.992,0.976,0.712
2015-07-10 20:00:00,0.073,0.926,0.98,0.98,0.945,0.716
2015-07-10 21:00:00,0.069,0.94,0.964,0.964,0.908,0.705
2015-07-10 22:00:00,0.067,0.938,0.974,0.974,0.877,0.679
2015-07-10 23:00:00,0.072,0.945,0.978,0.978,0.832,0.733
2015-07-11 00:00:00,0.078,0.91,0.975,0.975,0.726,0.742
2015-07-11 01:00:00,0.086,0.896,0.949,0.949,0.64,0.736
2015-07-11 02:00:00,0.089,0.918,0.874,0.874,0.541,0.713
2015-07-11 03:00:00,0.092,0.922,0.784,0.784,0.417,0.653
2015-07-11 04:00:00,0.089,0.905,0.71,0.71,0.303,0.6
2015-07-11 05:00:00,0.091,0.906,0.615,0.615,0.25,0.532
2015-07-11 06:00:00,0.111,0.906,0.514,0.514,0.232,0.474
2015-07-11 07:00:00,0.127,0.891,0.455,0.455,0.228,0.437
2015-07-11 08:00:00,0.136,0.864,0.43,0.43,0.225,0.387
2015-07-11 09:00:00,0.157,0.81,0.369,0.369,0.183,0.337
2015-07-11 10:00:00,0.192,0.717,0.275,0.275,0.153,0.278
2015-07-11 11:00:00,0.144,0.669,0.207,0.207,0.123,0.175
2015-07-11 12:00:00,0.124,0.584,0.169,0.169,0.109,0.157
2015-07-11 13:00:00,0.131,0.51,0.181,0.181,0.074,0.156
2015-07-11 14:00:00,0.161,0.486,0.181,0.181,0.056,0.15
2015-07-11 15:00:00,0.17,0.496,0.225,0.225,0.052,0.143
2015-07-11 16:00:00,0.168,0.488,0.256,0.256,0.044,0.175
2015-07-11 17:00:00,0.139,0.461,0.277,0.277,0.038,0.202
2015-07-11 18:00:00,0.134,0.435,0.249,0.249,0.045,0.207
2015-07-11 19:00:00,0.144,0.439,0.203,0.203,0.065,0.18
2015-07-11 20:00:00,0.159,0.414,0.203,0.203,0.096,0.136
2015-07-11 21:00:00,0.178,0.378,0.266,0.266,0.134,0.101
2015-07-11 22:00:00,0.168,0.331,0.303,0.303,0.16,0.103
2015-07-11 23:00:00,0.137,0.315,0.282,0.282,0.147,0.126
2015-07-12 00:00:00,0.155,0.286,0.246,0.246,0.078,0.125
2015-07-12 01:00:00,0.149,0.254,0.213,0.213,0.026,0.126
2015-07-12 02:00:00,0.186,0.231,0.14,0.14,0.008,0.126
2015-07-12 03:00:00,0.214,0.221,0.114,0.114,0.003,0.124
2015-07-12 04:00:00,0.256,0.204,0.085,0.085,0.087,0.119
2015-07-12 05:00:00,0.287,0.175,0.083,0.083,0.107,0.106
2015-07-12 06:00:00,0.248,0.137,0.101,0.101,0.049,0.103
2015-07-12 07:00:00,0.184,0.095,0.169,0.169,0.03,0.109
2015-07-12 08:00:00,0.123,0.077,0.281,0.281,0.025,0.128
2015-07-12 09:00:00,0.121,0.102,0.386,0.386,0.019,0.162
2015-07-12 10:00:00,0.177,0.175,0.189,0.189,0.016,0.19
2015-07-12 11:00:00,0.24,0.214,0.1,0.1,0.026,0.122
2015-07-12 12:00:00,0.343,0.278,0.077,0.077,0.023,0.094
2015-07-12 13:00:00,0.392,0.379,0.059,0.059,0.038,0.105
2015-07-12 14:00:00,0.416,0.38,0.059,0.059,0.105,0.124
2015-07-12 15:00:00,0.423,0.312,0.068,0.068,0.227,0.15
2015-07-12 16:00:00,0.417,0.288,0.067,0.067,0.287,0.181
2015-07-12 17:00:00,0.387,0.286,0.075,0.075,0.303,0.188
2015-07-12 18:00:00,0.369,0.269,0.077,0.077,0.4,0.187
2015-07-12 19:00:00,0.353,0.237,0.082,0.082,0.483,0.169
2015-07-12 20:00:00,0.355,0.192,0.109,0.109,0.502,0.14
2015-07-12 21:00:00,0.316,0.139,0.141,0.141,0.515,0.121
2015-07-12 22:00:00,0.252,0.101,0.15,0.15,0.561,0.104
2015-07-12 23:00:00,0.168,0.078,0.104,0.104,0.631,0.054
2015-07-13 00:00:00,0.152,0.019,0.111,0.111,0.573,0.052
2015-07-13 01:00:00,0.149,0.0,0.113,0.113,0.565,0.043
2015-07-13 02:00:00,0.149,0.002,0.123,0.123,0.604,0.033
2015-07-13 03:00:00,0.121,0.013,0.156,0.156,0.547,0.025
2015-07-13 04:00:00,0.103,0.007,0.188,0.188,0.518,0.04
2015-07-13 05:00:00,0.109,0.001,0.202,0.202,0.527,0.061
2015-07-13 06:00:00,0.08,0.0,0.218,0.218,0.522,0.072
2015-07-13 07:00:00,0.05,0.0,0.24,0.24,0.522,0.08
2015-07-13 08:00:00,0.042,0.001,0.28,0.28,0.435,0.069
2015-07-13 09:00:00,0.04,0.002,0.291,0.291,0.333,0.049
2015-07-13 10:00:00,0.057,0.001,0.222,0.222,0.268,0.035
2015-07-13 11:00:00,0.045,0.0,0.294,0.294,0.19,0.028
2015-07-13 12:00:00,0.051,0.0,0.355,0.355,0.113,0.048
2015-07-13 13:00:00,0.048,0.0,0.322,0.322,0.124,0.075
2015-07-13 14:00:00,0.044,0.02,0.235,0.235,0.146,0.092
2015-07-13 15:00:00,0.049,0.043,0.231,0.231,0.242,0.101
2015-07-13 16:00:00,0.054,0.059,0.275,0.275,0.324,0.12
2015-07-13 17:00:00,0.046,0.06,0.247,0.247,0.29,0.133
2015-07-13 18:00:00,0.043,0.061,0.187,0.187,0.322,0.128
2015-07-13 19:00:00,0.037,0.039,0.155,0.155,0.335,0.083
2015-07-13 20:00:00,0.032,0.025,0.242,0.242,0.322,0.048
2015-07-13 21:00:00,0.027,0.009,0.385,0.385,0.376,0.071
2015-07-13 22:00:00,0.029,0.0,0.35,0.35,0.326,0.122
2015-07-13 23:00:00,0.026,0.0,0.276,0.276,0.402,0.151
2015-07-14 00:00:00,0.029,0.001,0.296,0.296,0.481,0.141
2015-07-14 01:00:00,0.026,0.009,0.378,0.378,0.33,0.139
2015-07-14 02:00:00,0.02,0.008,0.404,0.404,0.239,0.132
2015-07-14 03:00:00,0.015,0.006,0.378,0.378,0.197,0.111
2015-07-14 04:00:00,0.01,0.002,0.274,0.274,0.177,0.105
2015-07-14 05:00:00,0.007,0.005,0.229,0.229,0.162,0.097
2015-07-14 06:00:00,0.008,0.003,0.182,0.182,0.147,0.086
2015-07-14 07:00:00,0.014,0.0,0.175,0.175,0.154,0.055
2015-07-14 08:00:00,0.021,0.0,0.214,0.214,0.15,0.054
2015-07-14 09:00:00,0.026,0.0,0.261,0.261,0.137,0.079
2015-07-14 10:00:00,0.025,0.0,0.218,0.218,0.108,0.083
2015-07-14 11:00:00,0.013,0.0,0.218,0.218,0.092,0.082
2015-07-14 12:00:00,0.014,0.0,0.222,0.222,0.053,0.083
2015-07-14 13:00:00,0.012,0.007,0.177,0.177,0.04,0.089
2015-07-14 14:00:00,0.011,0.043,0.145,0.145,0.047,0.098
2015-07-14 15:00:00,0.022,0.064,0.148,0.148,0.076,0.098
2015-07-14 16:00:00,0.049,0.074,0.203,0.203,0.124,0.109
2015-07-14 17:00:00,0.086,0.065,0.268,0.268,0.152,0.142
2015-07-14 18:00:00,0.137,0.046,0.23,0.23,0.202,0.184
2015-07-14 19:00:00,0.135,0.036,0.224,0.224,0.287,0.178
2015-07-14 20:00:00,0.129,0.025,0.267,0.267,0.306,0.186
2015-07-14 21:00:00,0.123,0.016,0.278,0.278,0.317,0.201
2015-07-14 22:00:00,0.122,0.019,0.273,0.273,0.372,0.201
2015-07-14 23:00:00,0.12,0.047,0.302,0.302,0.327,0.208
2015-10-01 00:00:00,0.027,0.627,0.636,0.636,0.22,0.438
2015-10-01 01:00:00,0.035,0.581,0.71,0.71,0.288,0.472
2015-10-01 02:00:00,0.046,0.573,0.755,0.755,0.36,0.492
2015-10-01 03:00:00,0.048,0.569,0.81,0.81,0.441,0.52
2015-10-01 04:00:00,0.052,0.68,0.863,0.863,0.494,0.625
2015-10-01 05:00:00,0.065,0.838,0.913,0.913,0.475,0.712
2015-10-01 06:00:00,0.071,0.885,0.918,0.918,0.424,0.734
2015-10-01 07:00:00,0.09,0.883,0.9,0.9,0.413,0.727
2015-10-01 08:00:00,0.111,0.888,0.908,0.908,0.485,0.749
2015-10-01 09:00:00,0.106,0.895,0.958,0.958,0.576,0.762
2015-10-01 10:00:00,0.111,0.912,0.96,0.96,0.603,0.77
2015-10-01 11:00:00,0.118,0.943,0.981,0.981,0.651,0.774
2015-10-01 12:00:00,0.114,0.949,0.984,0.984,0.631,0.756
2015-10-01 13:00:00,0.109,0.948,0.99,0.99,0.634,0.737
2015-10-01 14:00:00,0.116,0.949,0.991,0.991,0.687,0.734
2015-10-01 15:00:00,0.119,0.949,0.99,0.99,0.691,0.737
2015-10-01 16:00:00,0.117,0.949,0.986,0.986,0.66,0.751
2015-10-01 17:00:00,0.111,0.948,0.975,0.975,0.635,0.752
2015-10-01 18:00:00,0.098,0.943,0.956,0.956,0.607,0.751
2015-10-01 19:00:00,0.091,0.922,0.933,0.933,0.559,0.718
2015-10-01 20:00:00,0.1,0.889,0.898,0.898,0.535,0.691
2015-10-01 21:00:00,0.113,0.852,0.849,0.849,0.541,0.664
2015-10-01 22:00:00,0.109,0.846,0.863,0.863,0.508,0.664
2015-10-01 23:00:00,0.099,0.917,0.922,0.922,0.591,0.72
2015-10-02 00:00:00,0.109,0.941,0.935,0.935,0.692,0.751
2015-10-02 01:00:00,0.139,0.949,0.95,0.95,0.78,0.752
2015-10-02 02:00:00,0.177,0.95,0.968,0.968,0.79,0.787
2015-10-02 03:00:00,0.226,0.95,0.976,0.976,0.763,0.801
2015-10-02 04:00:00,0.257,0.949,0.982,0.982,0.721,0.81
2015-10-02 05:00:00,0.247,0.95,0.983,0.983,0.683,0.808
2015-10-02 06:00:00,0.213,0.95,0.97,0.97,0.612,0.805
2015-10-02 07:00:00,0.176,0.95,0.96,0.96,0.56,0.791
2015-10-02 08:00:00,0.15,0.947,0.954,0.954,0.537,0.795
2015-10-02 09:00:00,0.132,0.941,0.961,0.961,0.556,0.79
2015-10-02 10:00:00,0.138,0.944,0.957,0.957,0.533,0.79
2015-10-02 11:00:00,0.198,0.949,0.977,0.977,0.602,0.788
2015-10-02 12:00:00,0.264,0.95,0.992,0.992,0.695,0.799
2015-10-02 13:00:00,0.293,0.95,0.996,0.996,0.684,0.806
2015-10-02 14:00:00,0.269,0.95,0.995,0.995,0.626,0.808
2015-10-02 15:00:00,0.233,0.95,0.992,0.992,0.564,0.813
2015-10-02 16:00:00,0.191,0.95,0.987,0.987,0.508,0.813
2015-10-02 17:00:00,0.151,0.95,0.974,0.974,0.43,0.818
2015-10-02 18:00:00,0.113,0.95,0.96,0.96,0.358,0.82
2015-10-02 19:00:00,0.067,0.95,0.924,0.924,0.274,0.819
2015-10-02 20:00:00,0.037,0.95,0.863,0.863,0.213,0.809
2015-10-02 21:00:00,0.029,0.95,0.809,0.809,0.196,0.79
2015-10-02 22:00:00,0.024,0.947,0.769,0.769,0.2,0.758
2015-10-02 23:00:00,0.027,0.939,0.701,0.701,0.184,0.722
2015-10-03 00:00:00,0.027,0.856,0.603,0.603,0.163,0.62
2015-10-03 01:00:00,0.025,0.607,0.473,0.473,0.118,0.491
2015-10-03 02:00:00,0.021,0.418,0.345,0.345,0.081,0.393
2015-10-03 03:00:00,0.016,0.305,0.256,0.256,0.055,0.324
2015-10-03 04:00:00,0.009,0.203,0.176,0.176,0.029,0.273
2015-10-03 05:00:00,0.006,0.116,0.105,0.105,0.011,0.208
2015-10-03 06:00:00,0.009,0.054,0.052,0.052,0.003,0.153
2015-10-03 07:00:00,0.02,0.019,0.021,0.021,0.001,0.116
2015-10-03 08:00:00,0.041,0.0,0.01,0.01,0.001,0.093
2015-10-03 09:00:00,0.073,0.0,0.006,0.006,0.001,0.068
2015-10-03 10:00:00,0.098,0.0,0.003,0.003,0.005,0.048
2015-10-03 11:00:00,0.111,0.0,0.002,0.002,0.005,0.031
2015-10-03 12:00:00,0.128,0.0,0.001,0.001,0.003,0.016
2015-10-03 13:00:00,0.139,0.004,0.002,0.002,0.005,0.017
2015-10-03 14:00:00,0.147,0.005,0.002,0.002,0.022,0.022
2015-10-03 15:00:00,0.136,0.005,0.002,0.002,0.06,0.026
2015-10-03 16:00:00,0.13,0.004,0.009,0.009,0.103,0.041
2015-10-03 17:00:00,0.129,0.007,0.038,0.038,0.155,0.065
2015-10-03 18:00:00,0.127,0.016,0.102,0.102,0.208,0.102
2015-10-03 19:00:00,0.124,0.024,0.137,0.137,0.173,0.149
2015-10-03 20:00:00,0.115,0.033,0.119,0.119,0.128,0.202
2015-10-03 21:00:00,0.082,0.045,0.098,0.098,0.101,0.229
2015-10-03 22:00:00,0.048,0.063,0.087,0.087,0.061,0.235
2015-10-03 23:00:00,0.008,0.084,0.075,0.075,0.05,0.242
2015-10-04 00:00:00,0.004,0.067,0.057,0.057,0.03,0.213
2015-10-04 01:00:00,0.006,0.059,0.039,0.039,0.02,0.193
2015-10-04 02:00:00,0.006,0.068,0.036,0.036,0.014,0.177
2015-10-04 03:00:00,0.007,0.084,0.044,0.044,0.01,0.158
2015-10-04 04:00:00,0.012,0.11,0.038,0.038,0.016,0.148
2015-10-04 05:00:00,0.025,0.132,0.032,0.032,0.022,0.133
2015-10-04 06:00:00,0.03,0.13,0.022,0.022,0.019,0.09
2015-10-04 07:00:00,0.032,0.106,0.007,0.007,0.019,0.06
2015-10-04 08:00:00,0.033,0.08,0.001,0.001,0.025,0.044
2015-10-04 09:00:00,0.026,0.062,0.005,0.005,0.033,0.031
2015-10-04 10:00:00,0.027,0.044,0.024,0.024,0.048,0.024
2015-10-04 11:00:00,0.028,0.066,0.023,0.023,0.052,0.024
2015-10-04 12:00:00,0.032,0.032,0.027,0.027,0.104,0.02
2015-10-04 13:00:00,0.033,0.0,0.019,0.019,0.101,0.019
2015-10-04 14:00:00,0.041,0.0,0.014,0.014,0.11,0.026
2015-10-04 15:00:00,0.056,0.0,0.032,0.032,0.14,0.031
2015-10-04 16:00:00,0.078,0.0,0.072,0.072,0.142,0.037
2015-10-04 17:00:00,0.078,0.0,0.133,0.133,0.132,0.052
2015-10-04 18:00:00,0.057,0.0,0.15,0.15,0.101,0.078
2015-10-04 19:00:00,0.041,0.0,0.136,0.136,0.081,0.117
2015-10-04 20:00:00,0.048,0.01,0.111,0.111,0.085,0.166
2015-10-04 21:00:00,0.056,0.042,0.089,0.089,0.083,0.198
2015-10-04 22:00:00,0.047,0.057,0.077,0.077,0.112,0.189
2015-10-04 23:00:00,0.025,0.051,0.064,0.064,0.101,0.182
2015-10-05 00:00:00,0.016,0.014,0.041,0.041,0.055,0.166
2015-10-05 01:00:00,0.021,0.003,0.024,0.024,0.029,0.156
2015-10-05 02:00:00,0.02,0.002,0.022,0.022,0.021,0.147
2015-10-05 03:00:00,0.03,0.019,0.021,0.021,0.023,0.133
2015-10-05 04:00:00,0.054,0.035,0.02,0.02,0.026,0.119
2015-10-05 05:00:00,0.064,0.055,0.024,0.024,0.023,0.102
2015-10-05 06:00:00,0.081,0.089,0.025,0.025,0.02,0.095
2015-10-05 07:00:00,0.098,0.125,0.019,0.019,0.015,0.098
2015-10-05 08:00:00,0.126,0.163,0.019,0.019,0.012,0.113
2015-10-05 09:00:00,0.184,0.198,0.023,0.023,0.015,0.119
2015-10-05 10:00:00,0.227,0.196,0.014,0.014,0.015,0.112
2015-10-05 11:00:00,0.304,0.176,0.014,0.014,0.014,0.107
2015-10-05 12:00:00,0.338,0.166,0.009,0.009,0.012,0.103
2015-10-05 13:00:00,0.368,0.176,0.006,0.006,0.007,0.097
2015-10-05 14:00:00,0.398,0.266,0.013,0.013,0.006,0.117
2015-10-05 15:00:00,0.485,0.395,0.059,0.059,0.007,0.169
2015-10-05 16:00:00,0.633,0.503,0.178,0.178,0.006,0.253
2015-10-05 17:00:00,0.701,0.649,0.292,0.292,0.028,0.353
2015-10-05 18:00:00,0.724,0.792,0.332,0.332,0.107,0.42
2015-10-05 19:00:00,0.766,0.817,0.392,0.392,0.199,0.461
2015-10-05 20:00:00,0.808,0.757,0.434,0.434,0.29,0.521
2015-10-05 21:00:00,0.841,0.669,0.455,0.455,0.468,0.555
2015-10-05 22:00:00,0.872,0.636,0.499,0.499,0.591,0.564
2015-10-05 23:00:00,0.87,0.699,0.493,0.493,0.506,0.62
2015-10-06 00:00:00,0.877,0.686,0.559,0.559,0.443,0.618
2015-10-06 01:00:00,0.877,0.672,0.618,0.618,0.46,0.616
2015-10-06 02:00:00,0.892,0.676,0.674,0.674,0.502,0.62
2015-10-06 03:00:00,0.904,0.716,0.7,0.7,0.553,0.617
2015-10-06 04:00:00,0.901,0.762,0.702,0.702,0.551,0.621
2015-10-06 05:00:00,0.892,0.77,0.752,0.752,0.629,0.623
2015-10-06 06:00:00,0.902,0.842,0.813,0.813,0.703,0.662
2015-10-06 07:00:00,0.915,0.903,0.846,0.846,0.782,0.707
2015-10-06 08:00:00,0.923,0.918,0.885,0.885,0.861,0.727
2015-10-06 09:00:00,0.928,0.921,0.929,0.929,0.9,0.746
2015-10-06 10:00:00,0.924,0.907,0.941,0.941,0.907,0.757
2015-10-06 11:00:00,0.938,0.911,0.956,0.956,0.936,0.761
2015-10-06 12:00:00,0.925,0.9,0.968,0.968,0.939,0.748
2015-10-06 13:00:00,0.911,0.852,0.982,0.982,0.951,0.734
2015-10-06 14:00:00,0.879,0.812,0.983,0.983,0.964,0.729
2015-10-06 15:00:00,0.826,0.838,0.977,0.977,0.977,0.735
2015-10-06 16:00:00,0.804,0.898,0.983,0.983,0.985,0.746
2015-10-06 17:00:00,0.801,0.933,0.994,0.994,0.991,0.756
2015-10-06 18:00:00,0.794,0.945,0.998,0.998,0.995,0.765
2015-10-06 19:00:00,0.776,0.949,0.999,0.999,0.997,0.773
2015-10-06 20:00:00,0.762,0.95,0.999,0.999,0.998,0.778
2015-10-06 21:00:00,0.725,0.95,1.0,1.0,0.998,0.783
2015-10-06 22:00:00,0.707,0.95,1.0,1.0,0.995,0.789
2015-10-06 23:00:00,0.733,0.95,1.0,1.0,0.995,0.796
2015-10-07 00:00:00,0.819,0.95,0.999,0.999,0.996,0.798
2015-10-07 01:00:00,0.854,0.95,0.998,0.998,0.997,0.79
2015-10-07 02:00:00,0.841,0.949,0.996,0.996,0.996,0.778
2015-10-07 03:00:00,0.849,0.94,0.996,0.996,0.996,0.763
2015-10-07 04:00:00,0.841,0.927,0.996,0.996,0.996,0.749
2015-10-07 05:00:00,0.821,0.905,0.997,0.997,0.997,0.738
2015-10-07 06:00:00,0.802,0.895,0.998,0.998,0.998,0.73
2015-10-07 07:00:00,0.785,0.896,0.997,0.997,0.998,0.726
2015-10-07 08:00:00,0.771,0.902,0.997,0.997,0.996,0.725
2015-10-07 09:00:00,0.737,0.901,0.997,0.997,0.989,0.726
2015-10-07 10:00:00,0.688,0.891,0.995,0.995,0.952,0.728
2015-10-07 11:00:00,0.607,0.881,0.984,0.984,0.961,0.728
2015-10-07 12:00:00,0.573,0.849,0.952,0.952,0.962,0.726
2015-10-07 13:00:00,0.597,0.797,0.908,0.908,0.956,0.726
2015-10-07 14:00:00,0.627,0.723,0.883,0.883,0.942,0.725
2015-10-07 15:00:00,0.644,0.66,0.873,0.873,0.933,0.727
2015-10-07 16:00:00,0.634,0.647,0.895,0.895,0.936,0.728
2015-10-07 17:00:00,0.598,0.651,0.924,0.924,0.943,0.727
2015-10-07 18:00:00,0.579,0.661,0.934,0.934,0.945,0.725
2015-10-07 19:00:00,0.588,0.682,0.94,0.94,0.936,0.724
2015-10-07 20:00:00,0.593,0.699,0.936,0.936,0.93,0.722
2015-10-07 21:00:00,0.591,0.696,0.916,0.916,0.917,0.713
2015-10-07 22:00:00,0.554,0.667,0.92,0.92,0.886,0.693
2015-10-07 23:00:00,0.461,0.721,0.878,0.878,0.825,0.68
2015-10-08 00:00:00,0.45,0.67,0.832,0.832,0.736,0.65
2015-10-08 01:00:00,0.434,0.62,0.759,0.759,0.676,0.629
2015-10-08 02:00:00,0.376,0.523,0.716,0.716,0.639,0.588
2015-10-08 03:00:00,0.304,0.434,0.715,0.715,0.6,0.558
2015-10-08 04:00:00,0.241,0.343,0.742,0.742,0.603,0.54
2015-10-08 05:00:00,0.225,0.322,0.728,0.728,0.634,0.55
2015-10-08 06:00:00,0.225,0.35,0.694,0.694,0.7,0.549
2015-10-08 07:00:00,0.23,0.393,0.691,0.691,0.729,0.56
2015-10-08 08:00:00,0.22,0.405,0.698,0.698,0.692,0.57
2015-10-08 09:00:00,0.213,0.415,0.68,0.68,0.609,0.576
2015-10-08 10:00:00,0.198,0.407,0.557,0.557,0.41,0.56
2015-10-08 11:00:00,0.238,0.341,0.477,0.477,0.381,0.482
2015-10-08 12:00:00,0.214,0.306,0.44,0.44,0.355,0.441
2015-10-08 13:00:00,0.172,0.244,0.443,0.443,0.285,0.409
2015-10-08 14:00:00,0.152,0.194,0.456,0.456,0.281,0.392
2015-10-08 15:00:00,0.163,0.163,0.488,0.488,0.355,0.394
2015-10-08 16:00:00,0.192,0.158,0.471,0.471,0.41,0.389
2015-10-08 17:00:00,0.218,0.176,0.457,0.457,0.476,0.368
2015-10-08 18:00:00,0.241,0.224,0.406,0.406,0.501,0.36
2015-10-08 19:00:00,0.229,0.244,0.369,0.369,0.527,0.342
2015-10-08 20:00:00,0.195,0.253,0.344,0.344,0.507,0.33
2015-10-08 21:00:00,0.163,0.232,0.337,0.337,0.49,0.313
2015-10-08 22:00:00,0.145,0.212,0.378,0.378,0.557,0.295
2015-10-08 23:00:00,0.127,0.212,0.311,0.311,0.449,0.29
2015-10-09 00:00:00,0.117,0.182,0.279,0.279,0.344,0.241
2015-10-09 01:00:00,0.119,0.153,0.26,0.26,0.326,0.21
2015-10-09 02:00:00,0.126,0.118,0.234,0.234,0.305,0.181
2015-10-09 03:00:00,0.133,0.099,0.215,0.215,0.282,0.167
2015-10-09 04:00:00,0.131,0.096,0.222,0.222,0.273,0.163
2015-10-09 05:00:00,0.117,0.11,0.251,0.251,0.29,0.17
2015-10-09 06:00:00,0.1,0.125,0.263,0.263,0.286,0.186
2015-10-09 07:00:00,0.093,0.122,0.28,0.28,0.312,0.208
2015-10-09 08:00:00,0.093,0.094,0.268,0.268,0.326,0.237
2015-10-09 09:00:00,0.09,0.061,0.254,0.254,0.333,0.247
2015-10-09 10:00:00,0.084,0.031,0.26,0.26,0.332,0.252
2015-10-09 11:00:00,0.081,0.0,0.186,0.186,0.276,0.268
2015-10-09 12:00:00,0.065,0.0,0.151,0.151,0.181,0.212
2015-10-09 13:00:00,0.047,0.0,0.152,0.152,0.172,0.173
2015-10-09 14:00:00,0.036,0.0,0.18,0.18,0.182,0.145
2015-10-09 15:00:00,0.031,0.003,0.277,0.277,0.199,0.127
2015-10-09 16:00:00,0.033,0.022,0.34,0.34,0.246,0.139
2015-10-09 17:00:00,0.04,0.032,0.352,0.352,0.322,0.151
2015-10-09 18:00:00,0.052,0.048,0.299,0.299,0.393,0.16
2015-10-09 19:00:00,0.06,0.054,0.249,0.249,0.463,0.149
2015-10-09 20:00:00,0.061,0.055,0.176,0.176,0.503,0.134
2015-10-09 21:00:00,0.062,0.044,0.095,0.095,0.508,0.114
2015-10-09 22:00:00,0.061,0.028,0.073,0.073,0.58,0.093
2015-10-09 23:00:00,0.077,0.008,0.038,0.038,0.483,0.082
2015-10-10 00:00:00,0.077,0.004,0.023,0.023,0.368,0.066
2015-10-10 01:00:00,0.078,0.001,0.014,0.014,0.261,0.049
2015-10-10 02:00:00,0.076,0.001,0.008,0.008,0.165,0.047
2015-10-10 03:00:00,0.077,0.005,0.004,0.004,0.112,0.049
2015-10-10 04:00:00,0.083,0.009,0.002,0.002,0.102,0.05
2015-10-10 05:00:00,0.091,0.015,0.002,0.002,0.122,0.05
2015-10-10 06:00:00,0.108,0.03,0.002,0.002,0.148,0.057
2015-10-10 07:00:00,0.152,0.036,0.001,0.001,0.174,0.065
2015-10-10 08:00:00,0.218,0.037,0.001,0.001,0.177,0.075
2015-10-10 09:00:00,0.268,0.032,0.001,0.001,0.179,0.075
2015-10-10 10:00:00,0.286,0.033,0.001,0.001,0.146,0.095
2015-10-10 11:00:00,0.321,0.028,0.001,0.001,0.138,0.089
2015-10-10 12:00:00,0.335,0.017,0.002,0.002,0.139,0.076
2015-10-10 13:00:00,0.325,0.023,0.01,0.01,0.163,0.069
2015-10-10 14:00:00,0.292,0.047,0.052,0.052,0.219,0.076
2015-10-10 15:00:00,0.288,0.106,0.133,0.133,0.286,0.096
2015-10-10 16:00:00,0.327,0.168,0.233,0.233,0.336,0.116
2015-10-10 17:00:00,0.427,0.225,0.298,0.298,0.392,0.136
2015-10-10 18:00:00,0.541,0.26,0.329,0.329,0.389,0.15
2015-10-10 19:00:00,0.623,0.262,0.35,0.35,0.357,0.162
2015-10-10 20:00:00,0.645,0.229,0.342,0.342,0.33,0.166
2015-10-10 21:00:00,0.657,0.226,0.321,0.321,0.284,0.173
2015-10-10 22:00:00,0.676,0.204,0.231,0.231,0.166,0.178
2015-10-10 23:00:00,0.73,0.15,0.2,0.2,0.148,0.168
2015-10-11 00:00:00,0.736,0.127,0.169,0.169,0.113,0.175
2015-10-11 01:00:00,0.726,0.106,0.124,0.124,0.081,0.166
2015-10-11 02:00:00,0.696,0.096,0.105,0.105,0.054,0.164
2015-10-11 03:00:00,0.645,0.101,0.087,0.087,0.031,0.166
2015-10-11 04:00:00,0.624,0.128,0.103,0.103,0.029,0.184
2015-10-11 05:00:00,0.632,0.177,0.126,0.126,0.042,0.227
2015-10-11 06:00:00,0.662,0.243,0.17,0.17,0.065,0.274
2015-10-11 07:00:00,0.749,0.273,0.243,0.243,0.088,0.31
2015-10-11 08:00:00,0.808,0.283,0.298,0.298,0.066,0.322
2015-10-11 09:00:00,0.836,0.277,0.269,0.269,0.04,0.32
2015-10-11 10:00:00,0.842,0.268,0.261,0.261,0.013,0.305
2015-10-11 11:00:00,0.835,0.215,0.217,0.217,0.012,0.276
2015-10-11 12:00:00,0.79,0.181,0.251,0.251,0.017,0.243
2015-10-11 13:00:00,0.772,0.171,0.311,0.311,0.04,0.233
2015-10-11 14:00:00,0.775,0.179,0.389,0.389,0.144,0.236
2015-10-11 15:00:00,0.786,0.206,0.435,0.435,0.286,0.274
2015-10-11 16:00:00,0.788,0.251,0.484,0.484,0.506,0.312
2015-10-11 17:00:00,0.821,0.313,0.548,0.548,0.67,0.362
2015-10-11 18:00:00,0.85,0.38,0.565,0.565,0.708,0.402
2015-10-11 19:00:00,0.881,0.413,0.54,0.54,0.687,0.415
2015-10-11 20:00:00,0.889,0.435,0.473,0.473,0.608,0.409
2015-10-11 21:00:00,0.884,0.426,0.414,0.414,0.515,0.372
2015-10-11 22:00:00,0.863,0.403,0.364,0.364,0.48,0.331
2015-10-11 23:00:00,0.851,0.47,0.314,0.314,0.367,0.317
2015-10-12 00:00:00,0.787,0.374,0.264,0.264,0.304,0.291
2015-10-12 01:00:00,0.71,0.276,0.241,0.241,0.259,0.245
2015-10-12 02:00:00,0.64,0.222,0.22,0.22,0.229,0.22
2015-10-12 03:00:00,0.585,0.188,0.219,0.219,0.237,0.207
2015-10-12 04:00:00,0.54,0.18,0.235,0.235,0.291,0.201
2015-10-12 05:00:00,0.517,0.198,0.262,0.262,0.344,0.208
2015-10-12 06:00:00,0.532,0.229,0.302,0.302,0.384,0.222
2015-10-12 07:00:00,0.566,0.238,0.36,0.36,0.424,0.24
2015-10-12 08:00:00,0.534,0.237,0.42,0.42,0.461,0.263
2015-10-12 09:00:00,0.515,0.241,0.478,0.478,0.479,0.294
2015-10-12 10:00:00,0.527,0.258,0.519,0.519,0.414,0.332
2015-10-12 11:00:00,0.542,0.222,0.477,0.477,0.389,0.367
2015-10-12 12:00:00,0.588,0.236,0.42,0.42,0.345,0.363
2015-10-12 13:00:00,0.6,0.232,0.414,0.414,0.334,0.342
2015-10-12 14:00:00,0.576,0.225,0.467,0.467,0.393,0.338
2015-10-12 15:00:00,0.556,0.229,0.519,0.519,0.508,0.357
2015-10-12 16:00:00,0.534,0.271,0.554,0.554,0.6,0.398
2015-10-12 17:00:00,0.55,0.326,0.578,0.578,0.653,0.429
2015-10-12 18:00:00,0.593,0.412,0.574,0.574,0.678,0.465
2015-10-12 19:00:00,0.658,0.466,0.546,0.546,0.652,0.49
2015-10-12 20:00:00,0.69,0.501,0.45,0.45,0.556,0.495
2015-10-12 21:00:00,0.673,0.52,0.321,0.321,0.446,0.492
2015-10-12 22:00:00,0.62,0.517,0.204,0.204,0.292,0.469
2015-10-12 23:00:00,0.621,0.554,0.146,0.146,0.222,0.431
2015-10-13 00:00:00,0.537,0.589,0.143,0.143,0.21,0.361
2015-10-13 01:00:00,0.494,0.575,0.207,0.207,0.23,0.326
2015-10-13 02:00:00,0.481,0.558,0.244,0.244,0.294,0.332
2015-10-13 03:00:00,0.498,0.54,0.312,0.312,0.416,0.357
2015-10-13 04:00:00,0.508,0.555,0.376,0.376,0.525,0.4
2015-10-13 05:00:00,0.551,0.574,0.464,0.464,0.589,0.466
2015-10-13 06:00:00,0.596,0.594,0.533,0.533,0.601,0.511
2015-10-13 07:00:00,0.616,0.628,0.553,0.553,0.543,0.561
2015-10-13 08:00:00,0.625,0.662,0.56,0.56,0.472,0.605
2015-10-13 09:00:00,0.623,0.701,0.542,0.542,0.417,0.634
2015-10-13 10:00:00,0.597,0.711,0.421,0.421,0.297,0.653
2015-10-13 11:00:00,0.487,0.651,0.376,0.376,0.253,0.595
2015-10-13 12:00:00,0.461,0.655,0.419,0.419,0.209,0.587
2015-10-13 13:00:00,0.491,0.641,0.471,0.471,0.196,0.576
2015-10-13 14:00:00,0.531,0.65,0.471,0.471,0.202,0.581
2015-10-13 15:00:00,0.582,0.666,0.484,0.484,0.206,0.583
2015-10-13 16:00:00,0.641,0.658,0.397,0.397,0.228,0.557
2015-10-13 17:00:00,0.694,0.651,0.35,0.35,0.255,0.521
2015-10-13 18:00:00,0.74,0.635,0.326,0.326,0.268,0.481
2015-10-13 19:00:00,0.755,0.575,0.297,0.297,0.237,0.432
2015-10-13 20:00:00,0.74,0.495,0.247,0.247,0.174,0.376
2015-10-13 21:00:00,0.717,0.42,0.185,0.185,0.127,0.321
2015-10-13 22:00:00,0.712,0.364,0.131,0.131,0.15,0.272
2015-10-13 23:00:00,0.651,0.285,0.121,0.121,0.184,0.268
2015-10-14 00:00:00,0.684,0.234,0.14,0.14,0.234,0.252
2015-10-14 01:00:00,0.709,0.182,0.207,0.207,0.305,0.239
2015-10-14 02:00:00,0.738,0.165,0.263,0.263,0.325,0.271
2015-10-14 03:00:00,0.787,0.189,0.259,0.259,0.245,0.321
2015-10-14 04:00:00,0.821,0.259,0.191,0.191,0.177,0.337
2015-10-14 05:00:00,0.845,0.339,0.16,0.16,0.213,0.32
2015-10-14 06:00:00,0.852,0.357,0.211,0.211,0.342,0.297
2015-10-14 07:00:00,0.853,0.332,0.335,0.335,0.348,0.304
2015-10-14 08:00:00,0.836,0.314,0.486,0.486,0.342,0.349
2015-10-14 09:00:00,0.831,0.31,0.479,0.479,0.434,0.406
2015-10-14 10:00:00,0.833,0.338,0.503,0.503,0.545,0.443
2015-10-14 11:00:00,0.847,0.396,0.553,0.553,0.552,0.437
2015-10-14 12:00:00,0.813,0.407,0.639,0.639,0.512,0.436
2015-10-14 13:00:00,0.806,0.365,0.595,0.595,0.524,0.48
2015-10-14 14:00:00,0.79,0.366,0.613,0.613,0.65,0.49
2015-10-14 15:00:00,0.785,0.482,0.695,0.695,0.716,0.487
2015-10-14 16:00:00,0.819,0.648,0.743,0.743,0.786,0.531
2015-10-14 17:00:00,0.846,0.684,0.788,0.788,0.889,0.563
2015-10-14 18:00:00,0.857,0.682,0.798,0.798,0.889,0.581
2015-10-14 19:00:00,0.859,0.692,0.79,0.79,0.864,0.578
2015-10-14 20:00:00,0.856,0.69,0.76,0.76,0.818,0.576
2015-10-14 21:00:00,0.832,0.681,0.735,0.735,0.76,0.554
2015-10-14 22:00:00,0.796,0.677,0.807,0.807,0.822,0.538
2015-10-14 23:00:00,0.838,0.704,0.829,0.829,0.888,0.582
2015-10-24 00:00:00,0.609,0.401,0.362,0.362,0.213,0.252
2015-10-24 01:00:00,0.63,0.238,0.298,0.298,0.113,0.185
2015-10-24 02:00:00,0.686,0.149,0.261,0.261,0.08,0.151
2015-10-24 03:00:00,0.701,0.136,0.216,0.216,0.068,0.137
2015-10-24 04:00:00,0.689,0.143,0.159,0.159,0.078,0.119
2015-10-24 05:00:00,0.683,0.122,0.132,0.132,0.119,0.114
2015-10-24 06:00:00,0.683,0.082,0.142,0.142,0.109,0.148
2015-10-24 07:00:00,0.711,0.048,0.179,0.179,0.057,0.229
2015-10-24 08:00:00,0.73,0.055,0.148,0.148,0.043,0.313
2015-10-24 09:00:00,0.739,0.093,0.102,0.102,0.052,0.335
2015-10-24 10:00:00,0.774,0.125,0.089,0.089,0.028,0.33
2015-10-24 11:00:00,0.789,0.138,0.085,0.085,0.026,0.351
2015-10-24 12:00:00,0.796,0.173,0.079,0.079,0.03,0.366
2015-10-24 13:00:00,0.786,0.225,0.071,0.071,0.049,0.39
2015-10-24 14:00:00,0.783,0.229,0.061,0.061,0.087,0.425
2015-10-24 15:00:00,0.806,0.178,0.053,0.053,0.148,0.437
2015-10-24 16:00:00,0.817,0.133,0.052,0.052,0.24,0.456
2015-10-24 17:00:00,0.83,0.108,0.082,0.082,0.322,0.476
2015-10-24 18:00:00,0.848,0.105,0.154,0.154,0.388,0.493
2015-10-24 19:00:00,0.867,0.113,0.228,0.228,0.503,0.511
2015-10-24 20:00:00,0.891,0.166,0.311,0.311,0.581,0.546
2015-10-24 21:00:00,0.876,0.21,0.415,0.415,0.563,0.596
2015-10-24 22:00:00,0.791,0.245,0.371,0.371,0.386,0.647
2015-10-24 23:00:00,0.697,0.282,0.37,0.37,0.296,0.618
2015-10-25 00:00:00,0.549,0.423,0.402,0.402,0.273,0.59
2015-10-25 01:00:00,0.484,0.403,0.378,0.378,0.22,0.605
2015-10-25 02:00:00,0.484,0.321,0.326,0.326,0.222,0.6
2015-10-25 03:00:00,0.572,0.332,0.313,0.313,0.287,0.578
2015-10-25 04:00:00,0.647,0.36,0.288,0.288,0.36,0.594
2015-10-25 05:00:00,0.634,0.456,0.273,0.273,0.487,0.592
2015-10-25 06:00:00,0.611,0.577,0.289,0.289,0.554,0.586
2015-10-25 07:00:00,0.688,0.62,0.395,0.395,0.631,0.597
2015-10-25 08:00:00,0.72,0.513,0.546,0.546,0.722,0.706
2015-10-25 09:00:00,0.696,0.423,0.77,0.77,0.817,0.783
2015-10-25 10:00:00,0.648,0.467,0.807,0.807,0.801,0.801
2015-10-25 11:00:00,0.65,0.542,0.883,0.883,0.759,0.782
2015-10-25 12:00:00,0.635,0.665,0.843,0.843,0.771,0.795
2015-10-25 13:00:00,0.573,0.807,0.899,0.899,0.772,0.762
2015-10-25 14:00:00,0.528,0.833,0.905,0.905,0.808,0.718
2015-10-25 15:00:00,0.435,0.906,0.955,0.955,0.868,0.75
2015-10-25 16:00:00,0.328,0.936,0.973,0.973,0.844,0.797
2015-10-25 17:00:00,0.26,0.946,0.982,0.982,0.807,0.812
2015-10-25 18:00:00,0.181,0.949,0.989,0.989,0.793,0.816
2015-10-25 19:00:00,0.1,0.95,0.991,0.991,0.743,0.82
2015-10-25 20:00:00,0.082,0.95,0.991,0.991,0.679,0.808
2015-10-25 21:00:00,0.082,0.95,0.99,0.99,0.67,0.807
2015-10-25 22:00:00,0.105,0.95,0.991,0.991,0.666,0.814
2015-10-25 23:00:00,0.13,0.95,0.993,0.993,0.648,0.801
2015-10-26 00:00:00,0.12,0.95,0.972,0.972,0.54,0.785
2015-10-26 01:00:00,0.101,0.949,0.907,0.907,0.446,0.778
2015-10-26 02:00:00,0.096,0.948,0.837,0.837,0.452,0.757
2015-10-26 03:00:00,0.102,0.948,0.715,0.715,0.453,0.72
2015-10-26 04:00:00,0.115,0.946,0.577,0.577,0.369,0.669
2015-10-26 05:00:00,0.109,0.938,0.427,0.427,0.251,0.587
2015-10-26 06:00:00,0.129,0.893,0.377,0.377,0.18,0.51
2015-10-26 07:00:00,0.176,0.831,0.301,0.301,0.111,0.464
2015-10-26 08:00:00,0.238,0.784,0.247,0.247,0.059,0.379
2015-10-26 09:00:00,0.302,0.682,0.23,0.23,0.03,0.306
2015-10-26 10:00:00,0.377,0.558,0.183,0.183,0.018,0.268
2015-10-26 11:00:00,0.464,0.408,0.16,0.16,0.009,0.204
2015-10-26 12:00:00,0.467,0.322,0.099,0.099,0.003,0.15
2015-10-26 13:00:00,0.49,0.214,0.053,0.053,0.001,0.081
2015-10-26 14:00:00,0.498,0.172,0.031,0.031,0.0,0.055
2015-10-26 15:00:00,0.5,0.16,0.019,0.019,0.001,0.053
2015-10-26 16:00:00,0.47,0.124,0.014,0.014,0.001,0.076
2015-10-26 17:00:00,0.49,0.106,0.016,0.016,0.001,0.13
2015-10-26 18:00:00,0.556,0.101,0.019,0.019,0.001,0.171
2015-10-26 19:00:00,0.622,0.082,0.019,0.019,0.002,0.183
2015-10-26 20:00:00,0.638,0.083,0.016,0.016,0.003,0.18
2015-10-26 21:00:00,0.63,0.102,0.014,0.014,0.006,0.164
2015-10-26 22:00:00,0.605,0.085,0.029,0.029,0.005,0.165
2015-10-26 23:00:00,0.578,0.092,0.032,0.032,0.013,0.185
2015-10-27 00:00:00,0.51,0.098,0.033,0.033,0.022,0.187
2015-10-27 01:00:00,0.491,0.099,0.035,0.035,0.034,0.193
2015-10-27 02:00:00,0.475,0.114,0.037,0.037,0.052,0.2
2015-10-27 03:00:00,0.479,0.146,0.035,0.035,0.057,0.228
2015-10-27 04:00:00,0.48,0.176,0.034,0.034,0.046,0.251
2015-10-27 05:00:00,0.471,0.211,0.031,0.031,0.038,0.264
2015-10-27 06:00:00,0.459,0.229,0.024,0.024,0.048,0.265
2015-10-27 07:00:00,0.435,0.267,0.018,0.018,0.054,0.265
2015-10-27 08:00:00,0.43,0.29,0.017,0.017,0.045,0.262
2015-10-27 09:00:00,0.398,0.313,0.012,0.012,0.045,0.262
2015-10-27 10:00:00,0.364,0.327,0.007,0.007,0.05,0.251
2015-10-27 11:00:00,0.338,0.313,0.004,0.004,0.053,0.219
2015-10-27 12:00:00,0.384,0.298,0.003,0.003,0.086,0.167
2015-10-27 13:00:00,0.459,0.246,0.002,0.002,0.126,0.14
2015-10-27 14:00:00,0.53,0.198,0.003,0.003,0.163,0.137
2015-10-27 15:00:00,0.556,0.17,0.004,0.004,0.224,0.129
2015-10-27 16:00:00,0.561,0.153,0.006,0.006,0.292,0.12
2015-10-27 17:00:00,0.555,0.128,0.028,0.028,0.336,0.114
2015-10-27 18:00:00,0.546,0.109,0.081,0.081,0.349,0.109
2015-10-27 19:00:00,0.558,0.084,0.128,0.128,0.387,0.123
2015-10-27 20:00:00,0.543,0.056,0.161,0.161,0.415,0.143
2015-10-27 21:00:00,0.508,0.037,0.179,0.179,0.395,0.175
2015-10-27 22:00:00,0.463,0.051,0.261,0.261,0.465,0.215
2015-10-27 23:00:00,0.463,0.068,0.221,0.221,0.4,0.283
2015-10-28 00:00:00,0.405,0.126,0.201,0.201,0.369,0.268
2015-10-28 01:00:00,0.416,0.146,0.204,0.204,0.363,0.248
2015-10-28 02:00:00,0.472,0.159,0.258,0.258,0.406,0.244
2015-10-28 03:00:00,0.546,0.199,0.33,0.33,0.534,0.269
2015-10-28 04:00:00,0.639,0.247,0.402,0.402,0.711,0.312
2015-10-28 05:00:00,0.711,0.297,0.45,0.45,0.803,0.374
2015-10-28 06:00:00,0.772,0.372,0.5,0.5,0.844,0.434
2015-10-28 07:00:00,0.812,0.49,0.53,0.53,0.86,0.49
2015-10-28 08:00:00,0.836,0.603,0.598,0.598,0.862,0.542
2015-10-28 09:00:00,0.841,0.663,0.647,0.647,0.84,0.58
2015-10-28 10:00:00,0.845,0.591,0.767,0.767,0.8,0.589
2015-10-28 11:00:00,0.876,0.549,0.803,0.803,0.741,0.654
2015-10-28 12:00:00,0.829,0.494,0.832,0.832,0.774,0.648
2015-10-28 13:00:00,0.769,0.504,0.847,0.847,0.821,0.654
2015-10-28 14:00:00,0.747,0.51,0.891,0.891,0.867,0.661
2015-10-28 15:00:00,0.754,0.491,0.926,0.926,0.908,0.694
2015-10-28 16:00:00,0.768,0.477,0.945,0.945,0.937,0.735
2015-10-28 17:00:00,0.768,0.487,0.948,0.948,0.909,0.765
2015-10-28 18:00:00,0.763,0.536,0.939,0.939,0.83,0.778
2015-10-28 19:00:00,0.735,0.642,0.915,0.915,0.746,0.798
2015-10-28 20:00:00,0.692,0.734,0.9,0.9,0.697,0.809
2015-10-28 21:00:00,0.631,0.764,0.888,0.888,0.643,0.803
2015-10-28 22:00:00,0.521,0.822,0.85,0.85,0.527,0.786
2015-10-28 23:00:00,0.438,0.843,0.777,0.777,0.457,0.779
2015-10-29 00:00:00,0.405,0.841,0.712,0.712,0.451,0.733
2015-10-29 01:00:00,0.277,0.828,0.661,0.661,0.468,0.663
2015-10-29 02:00:00,0.257,0.796,0.628,0.628,0.462,0.598
2015-10-29 03:00:00,0.279,0.769,0.557,0.557,0.434,0.541
2015-10-29 04:00:00,0.268,0.744,0.498,0.498,0.396,0.478
2015-10-29 05:00:00,0.231,0.737,0.478,0.478,0.329,0.431
2015-10-29 06:00:00,0.228,0.718,0.512,0.512,0.271,0.392
2015-10-29 07:00:00,0.22,0.694,0.534,0.534,0.212,0.376
2015-10-29 08:00:00,0.17,0.684,0.491,0.491,0.153,0.362
2015-10-29 09:00:00,0.132,0.688,0.39,0.39,0.087,0.334
2015-10-29 10:00:00,0.126,0.648,0.273,0.273,0.034,0.286
2015-10-29 11:00:00,0.113,0.49,0.183,0.183,0.034,0.197
2015-10-29 12:00:00,0.145,0.377,0.109,0.109,0.022,0.149
2015-10-29 13:00:00,0.139,0.258,0.082,0.082,0.012,0.11
2015-10-29 14:00:00,0.104,0.149,0.066,0.066,0.006,0.086
2015-10-29 15:00:00,0.085,0.12,0.042,0.042,0.004,0.081
2015-10-29 16:00:00,0.076,0.148,0.036,0.036,0.006,0.076
2015-10-29 17:00:00,0.058,0.171,0.049,0.049,0.009,0.067
2015-10-29 18:00:00,0.056,0.141,0.057,0.057,0.014,0.069
2015-10-29 19:00:00,0.074,0.088,0.05,0.05,0.014,0.071
2015-10-29 20:00:00,0.11,0.04,0.033,0.033,0.009,0.062
2015-10-29 21:00:00,0.135,0.011,0.014,0.014,0.004,0.04
2015-10-29 22:00:00,0.158,0.001,0.009,0.009,0.002,0.021
2015-10-29 23:00:00,0.201,0.001,0.003,0.003,0.0,0.015
2015-10-30 00:00:00,0.198,0.0,0.002,0.002,0.0,0.007
2015-10-30 01:00:00,0.222,0.0,0.004,0.004,0.001,0.003
2015-10-30 02:00:00,0.277,0.0,0.014,0.014,0.003,0.008
2015-10-30 03:00:00,0.329,0.016,0.026,0.026,0.006,0.024
2015-10-30 04:00:00,0.392,0.055,0.031,0.031,0.014,0.037
2015-10-30 05:00:00,0.44,0.072,0.046,0.046,0.022,0.053
2015-10-30 06:00:00,0.544,0.07,0.046,0.046,0.043,0.058
2015-10-30 07:00:00,0.591,0.067,0.054,0.054,0.064,0.058
2015-10-30 08:00:00,0.647,0.047,0.058,0.058,0.049,0.076
2015-10-30 09:00:00,0.694,0.061,0.046,0.046,0.031,0.092
2015-10-30 10:00:00,0.701,0.073,0.036,0.036,0.034,0.099
2015-10-30 11:00:00,0.711,0.056,0.038,0.038,0.027,0.134
2015-10-30 12:00:00,0.686,0.044,0.06,0.06,0.019,0.117
2015-10-30 13:00:00,0.677,0.04,0.037,0.037,0.023,0.083
2015-10-30 14:00:00,0.674,0.032,0.041,0.041,0.051,0.049
2015-10-30 15:00:00,0.667,0.001,0.088,0.088,0.092,0.047
2015-10-30 16:00:00,0.698,0.0,0.108,0.108,0.133,0.063
2015-10-30 17:00:00,0.759,0.044,0.109,0.109,0.208,0.078
2015-10-30 18:00:00,0.785,0.092,0.125,0.125,0.283,0.098
2015-10-30 19:00:00,0.795,0.103,0.12,0.12,0.256,0.141
2015-10-30 20:00:00,0.794,0.121,0.133,0.133,0.215,0.22
2015-10-30 21:00:00,0.785,0.124,0.111,0.111,0.157,0.273
2015-10-30 22:00:00,0.752,0.166,0.064,0.064,0.174,0.282
2015-10-30 23:00:00,0.752,0.177,0.047,0.047,0.159,0.296
2015-10-31 00:00:00,0.668,0.146,0.043,0.043,0.163,0.335
2015-10-31 01:00:00,0.56,0.13,0.042,0.042,0.149,0.336
2015-10-31 02:00:00,0.52,0.098,0.044,0.044,0.106,0.341
2015-10-31 03:00:00,0.547,0.072,0.063,0.063,0.091,0.334
2015-10-31 04:00:00,0.665,0.11,0.075,0.075,0.089,0.323
2015-10-31 05:00:00,0.721,0.159,0.048,0.048,0.091,0.285
2015-10-31 06:00:00,0.738,0.147,0.036,0.036,0.107,0.26
2015-10-31 07:00:00,0.753,0.11,0.051,0.051,0.137,0.258
2015-10-31 08:00:00,0.778,0.102,0.075,0.075,0.17,0.271
2015-10-31 09:00:00,0.799,0.116,0.084,0.084,0.21,0.302
2015-10-31 10:00:00,0.803,0.113,0.07,0.07,0.283,0.353
2015-10-31 11:00:00,0.799,0.094,0.128,0.128,0.288,0.402
2015-10-31 12:00:00,0.742,0.164,0.148,0.148,0.314,0.432
2015-10-31 13:00:00,0.7,0.237,0.172,0.172,0.389,0.463
2015-10-31 14:00:00,0.693,0.347,0.279,0.279,0.477,0.496
2015-10-31 15:00:00,0.688,0.496,0.363,0.363,0.623,0.511
2015-10-31 16:00:00,0.676,0.666,0.469,0.469,0.771,0.582
2015-10-31 17:00:00,0.628,0.766,0.648,0.648,0.828,0.653
2015-10-31 18:00:00,0.559,0.819,0.762,0.762,0.844,0.72
2015-10-31 19:00:00,0.469,0.884,0.819,0.819,0.831,0.785
2015-10-31 20:00:00,0.421,0.935,0.83,0.83,0.818,0.819
2015-10-31 21:00:00,0.38,0.948,0.782,0.782,0.826,0.831
2015-10-31 22:00:00,0.349,0.949,0.787,0.787,0.804,0.829
2015-10-31 23:00:00,0.247,0.95,0.784,0.784,0.798,0.814
2015-11-01 00:00:00,0.2,0.949,0.791,0.791,0.86,0.803
2015-11-01 01:00:00,0.185,0.945,0.8,0.8,0.91,0.791
2015-11-01 02:00:00,0.168,0.93,0.818,0.818,0.91,0.774
2015-11-01 03:00:00,0.164,0.898,0.848,0.848,0.915,0.748
2015-11-01 04:00:00,0.134,0.845,0.834,0.834,0.876,0.724
2015-11-01 05:00:00,0.098,0.782,0.809,0.809,0.792,0.732
2015-11-01 06:00:00,0.066,0.803,0.888,0.888,0.797,0.787
2015-11-01 07:00:00,0.049,0.886,0.954,0.954,0.858,0.781
2015-11-01 08:00:00,0.045,0.942,0.969,0.969,0.81,0.744
2015-11-01 09:00:00,0.041,0.95,0.919,0.919,0.606,0.705
2015-11-01 10:00:00,0.051,0.944,0.778,0.778,0.353,0.654
2015-11-01 11:00:00,0.08,0.88,0.765,0.765,0.238,0.596
2015-11-01 12:00:00,0.088,0.929,0.828,0.828,0.239,0.617
2015-11-01 13:00:00,0.086,0.949,0.909,0.909,0.345,0.666
2015-11-01 14:00:00,0.074,0.95,0.927,0.927,0.389,0.669
2015-11-01 15:00:00,0.053,0.95,0.909,0.909,0.404,0.681
2015-11-01 16:00:00,0.04,0.948,0.879,0.879,0.395,0.694
2015-11-01 17:00:00,0.026,0.949,0.84,0.84,0.357,0.602
2015-11-01 18:00:00,0.014,0.944,0.791,0.791,0.278,0.499
2015-11-01 19:00:00,0.012,0.861,0.692,0.692,0.217,0.494
2015-11-01 20:00:00,0.017,0.705,0.597,0.597,0.206,0.447
2015-11-01 21:00:00,0.036,0.543,0.46,0.46,0.17,0.39
2015-11-01 22:00:00,0.05,0.479,0.382,0.382,0.145,0.36
2015-11-01 23:00:00,0.027,0.435,0.34,0.34,0.123,0.371
2015-11-02 00:00:00,0.026,0.513,0.335,0.335,0.116,0.378
2015-11-02 01:00:00,0.031,0.595,0.354,0.354,0.107,0.406
2015-11-02 02:00:00,0.041,0.572,0.374,0.374,0.101,0.44
2015-11-02 03:00:00,0.05,0.57,0.415,0.415,0.111,0.455
2015-11-02 04:00:00,0.061,0.609,0.431,0.431,0.106,0.507
2015-11-02 05:00:00,0.061,0.673,0.464,0.464,0.104,0.55
2015-11-02 06:00:00,0.055,0.75,0.499,0.499,0.092,0.599
2015-11-02 07:00:00,0.04,0.724,0.592,0.592,0.085,0.638
2015-11-02 08:00:00,0.025,0.788,0.697,0.697,0.085,0.677
2015-11-02 09:00:00,0.018,0.851,0.681,0.681,0.095,0.692
2015-11-02 10:00:00,0.018,0.87,0.695,0.695,0.089,0.681
2015-11-02 11:00:00,0.03,0.817,0.641,0.641,0.097,0.632
2015-11-02 12:00:00,0.04,0.835,0.608,0.608,0.109,0.609
2015-11-02 13:00:00,0.038,0.762,0.631,0.631,0.093,0.626
2015-11-02 14:00:00,0.036,0.762,0.665,0.665,0.074,0.627
2015-11-02 15:00:00,0.038,0.779,0.659,0.659,0.046,0.644
2015-11-02 16:00:00,0.044,0.801,0.638,0.638,0.035,0.645
2015-11-02 17:00:00,0.061,0.839,0.578,0.578,0.027,0.629
2015-11-02 18:00:00,0.069,0.863,0.519,0.519,0.021,0.618
2015-11-02 19:00:00,0.085,0.879,0.436,0.436,0.016,0.596
2015-11-02 20:00:00,0.107,0.83,0.338,0.338,0.012,0.572
2015-11-02 21:00:00,0.132,0.79,0.268,0.268,0.01,0.54
2015-11-02 22:00:00,0.161,0.715,0.19,0.19,0.01,0.495
2015-11-02 23:00:00,0.201,0.531,0.184,0.184,0.007,0.429
2015-11-03 00:00:00,0.205,0.417,0.141,0.141,0.005,0.378
2015-11-03 01:00:00,0.195,0.344,0.11,0.11,0.004,0.332
2015-11-03 02:00:00,0.177,0.302,0.096,0.096,0.004,0.265
2015-11-03 03:00:00,0.145,0.292,0.091,0.091,0.006,0.203
2015-11-03 04:00:00,0.109,0.293,0.084,0.084,0.012,0.155
2015-11-03 05:00:00,0.078,0.269,0.066,0.066,0.018,0.124
2015-11-03 06:00:00,0.071,0.208,0.049,0.049,0.016,0.107
2015-11-03 07:00:00,0.077,0.136,0.03,0.03,0.024,0.098
2015-11-03 08:00:00,0.094,0.1,0.015,0.015,0.037,0.086
2015-11-03 09:00:00,0.1,0.117,0.011,0.011,0.047,0.078
2015-11-03 10:00:00,0.091,0.118,0.02,0.02,0.065,0.089
2015-11-03 11:00:00,0.086,0.081,0.023,0.023,0.049,0.123
2015-11-03 12:00:00,0.067,0.094,0.029,0.029,0.037,0.157
2015-11-03 13:00:00,0.05,0.118,0.026,0.026,0.025,0.205
2015-11-03 14:00:00,0.043,0.149,0.015,0.015,0.03,0.261
2015-11-03 15:00:00,0.043,0.189,0.012,0.012,0.046,0.259
2015-11-03 16:00:00,0.034,0.234,0.019,0.019,0.035,0.259
2015-11-03 17:00:00,0.033,0.239,0.036,0.036,0.033,0.269
2015-11-03 18:00:00,0.047,0.216,0.051,0.051,0.036,0.276
2015-11-03 19:00:00,0.071,0.211,0.059,0.059,0.042,0.281
2015-11-03 20:00:00,0.091,0.207,0.069,0.069,0.035,0.274
2015-11-03 21:00:00,0.096,0.174,0.069,0.069,0.024,0.266
2015-11-03 22:00:00,0.106,0.136,0.042,0.042,0.01,0.249
2015-11-03 23:00:00,0.102,0.094,0.021,0.021,0.009,0.186
2015-11-04 00:00:00,0.091,0.081,0.019,0.019,0.014,0.146
2015-11-04 01:00:00,0.09,0.04,0.03,0.03,0.022,0.135
2015-11-04 02:00:00,0.079,0.027,0.048,0.048,0.029,0.118
2015-11-04 03:00:00,0.056,0.049,0.045,0.045,0.038,0.101
2015-11-04 04:00:00,0.06,0.089,0.041,0.041,0.053,0.099
2015-11-04 05:00:00,0.063,0.078,0.053,0.053,0.039,0.116
2015-11-04 06:00:00,0.052,0.066,0.045,0.045,0.014,0.117
2015-11-04 07:00:00,0.035,0.091,0.037,0.037,0.013,0.108
2015-11-04 08:00:00,0.033,0.087,0.038,0.038,0.019,0.107
2015-11-04 09:00:00,0.057,0.057,0.046,0.046,0.016,0.097
2015-11-04 10:00:00,0.121,0.033,0.042,0.042,0.007,0.109
2015-11-04 11:00:00,0.163,0.038,0.034,0.034,0.002,0.115
2015-11-04 12:00:00,0.177,0.041,0.021,0.021,0.001,0.105
2015-11-04 13:00:00,0.234,0.054,0.016,0.016,0.004,0.087
2015-11-04 14:00:00,0.287,0.057,0.018,0.018,0.004,0.087
2015-11-04 15:00:00,0.311,0.048,0.015,0.015,0.001,0.1
2015-11-04 16:00:00,0.31,0.038,0.006,0.006,0.002,0.096
2015-11-04 17:00:00,0.307,0.022,0.004,0.004,0.003,0.113
2015-11-04 18:00:00,0.301,0.009,0.007,0.007,0.006,0.137
2015-11-04 19:00:00,0.286,0.008,0.007,0.007,0.013,0.144
2015-11-04 20:00:00,0.292,0.021,0.002,0.002,0.016,0.135
2015-11-04 21:00:00,0.317,0.019,0.001,0.001,0.009,0.119
2015-11-04 22:00:00,0.322,0.001,0.001,0.001,0.014,0.087
2015-11-04 23:00:00,0.364,0.0,0.0,0.0,0.031,0.07
2015-11-05 00:00:00,0.41,0.0,0.002,0.002,0.03,0.051
2015-11-05 01:00:00,0.381,0.0,0.005,0.005,0.032,0.041
2015-11-05 02:00:00,0.465,0.0,0.009,0.009,0.054,0.045
2015-11-05 03:00:00,0.556,0.0,0.017,0.017,0.063,0.044
2015-11-05 04:00:00,0.565,0.0,0.021,0.021,0.067,0.037
2015-11-05 05:00:00,0.544,0.0,0.013,0.013,0.065,0.038
2015-11-05 06:00:00,0.514,0.0,0.01,0.01,0.061,0.038
2015-11-05 07:00:00,0.499,0.003,0.014,0.014,0.082,0.034
2015-11-05 08:00:00,0.47,0.003,0.03,0.03,0.09,0.032
2015-11-05 09:00:00,0.442,0.0,0.062,0.062,0.081,0.032
2015-11-05 10:00:00,0.443,0.001,0.079,0.079,0.04,0.047
2015-11-05 11:00:00,0.457,0.06,0.054,0.054,0.017,0.086
2015-11-05 12:00:00,0.473,0.099,0.043,0.043,0.032,0.078
2015-11-05 13:00:00,0.498,0.088,0.022,0.022,0.022,0.07
2015-11-05 14:00:00,0.449,0.065,0.021,0.021,0.03,0.059
2015-11-05 15:00:00,0.381,0.067,0.043,0.043,0.056,0.057
2015-11-05 16:00:00,0.406,0.087,0.083,0.083,0.092,0.059
2015-11-05 17:00:00,0.497,0.096,0.106,0.106,0.114,0.091
2015-11-05 18:00:00,0.493,0.099,0.124,0.124,0.102,0.147
2015-11-05 19:00:00,0.486,0.073,0.111,0.111,0.083,0.17
2015-11-05 20:00:00,0.595,0.065,0.061,0.061,0.1,0.164
2015-11-05 21:00:00,0.618,0.071,0.041,0.041,0.13,0.129
2015-11-05 22:00:00,0.647,0.079,0.033,0.033,0.101,0.115
2015-11-05 23:00:00,0.627,0.049,0.04,0.04,0.134,0.126
2015-11-06 00:00:00,0.599,0.084,0.047,0.047,0.103,0.121
2015-11-06 01:00:00,0.561,0.09,0.044,0.044,0.084,0.124
2015-11-06 02:00:00,0.528,0.085,0.036,0.036,0.082,0.116
2015-11-06 03:00:00,0.525,0.079,0.041,0.041,0.068,0.112
2015-11-06 04:00:00,0.52,0.066,0.065,0.065,0.086,0.116
2015-11-06 05:00:00,0.481,0.049,0.083,0.083,0.136,0.139
2015-11-06 06:00:00,0.49,0.038,0.084,0.084,0.202,0.16
2015-11-06 07:00:00,0.444,0.061,0.094,0.094,0.246,0.164
2015-11-06 08:00:00,0.33,0.091,0.099,0.099,0.254,0.156
2015-11-06 09:00:00,0.286,0.099,0.087,0.087,0.238,0.159
2015-11-06 10:00:00,0.24,0.087,0.067,0.067,0.235,0.16
2015-11-06 11:00:00,0.3,0.11,0.044,0.044,0.291,0.159
2015-11-06 12:00:00,0.391,0.155,0.042,0.042,0.247,0.16
2015-11-06 13:00:00,0.435,0.202,0.057,0.057,0.204,0.159
2015-11-06 14:00:00,0.481,0.177,0.052,0.052,0.165,0.165
2015-11-06 15:00:00,0.565,0.144,0.063,0.063,0.183,0.177
2015-11-06 16:00:00,0.61,0.151,0.114,0.114,0.199,0.188
2015-11-06 17:00:00,0.626,0.161,0.161,0.161,0.234,0.212
2015-11-06 18:00:00,0.689,0.185,0.189,0.189,0.269,0.237
2015-11-06 19:00:00,0.778,0.249,0.185,0.185,0.266,0.247
2015-11-06 20:00:00,0.823,0.281,0.18,0.18,0.268,0.257
2015-11-06 21:00:00,0.848,0.274,0.192,0.192,0.231,0.277
2015-11-06 22:00:00,0.857,0.262,0.144,0.144,0.266,0.296
2015-11-06 23:00:00,0.849,0.261,0.11,0.11,0.243,0.281
2015-11-12 00:00:00,0.949,0.646,1.0,1.0,0.996,0.441
2015-11-12 01:00:00,0.949,0.481,1.0,1.0,0.997,0.475
2015-11-12 02:00:00,0.949,0.25,1.0,1.0,0.998,0.549
2015-11-12 03:00:00,0.948,0.139,1.0,1.0,0.999,0.622
2015-11-12 04:00:00,0.949,0.043,1.0,1.0,0.999,0.642
2015-11-12 05:00:00,0.948,0.077,1.0,1.0,1.0,0.644
2015-11-12 06:00:00,0.947,0.179,1.0,1.0,1.0,0.649
2015-11-12 07:00:00,0.922,0.279,1.0,1.0,1.0,0.671
2015-11-12 08:00:00,0.922,0.632,1.0,1.0,1.0,0.694
2015-11-12 09:00:00,0.926,0.945,1.0,1.0,1.0,0.703
2015-11-12 10:00:00,0.923,0.95,1.0,1.0,1.0,0.718
2015-11-12 11:00:00,0.89,0.95,1.0,1.0,1.0,0.714
2015-11-12 12:00:00,0.842,0.95,0.996,0.996,1.0,0.715
2015-11-12 13:00:00,0.761,0.95,0.998,0.998,1.0,0.724
2015-11-12 14:00:00,0.615,0.95,1.0,1.0,1.0,0.744
2015-11-12 15:00:00,0.471,0.95,1.0,1.0,1.0,0.733
2015-11-12 16:00:00,0.514,0.95,1.0,1.0,1.0,0.714
2015-11-12 17:00:00,0.637,0.95,1.0,1.0,0.999,0.684
2015-11-12 18:00:00,0.716,0.95,1.0,1.0,0.994,0.661
2015-11-12 19:00:00,0.84,0.95,0.999,0.999,0.971,0.644
2015-11-12 20:00:00,0.898,0.95,0.995,0.995,0.871,0.635
2015-11-12 21:00:00,0.914,0.95,0.977,0.977,0.753,0.634
2015-11-12 22:00:00,0.911,0.95,0.948,0.948,0.534,0.601
2015-11-12 23:00:00,0.906,0.948,0.837,0.837,0.448,0.563
2015-11-13 00:00:00,0.894,0.936,0.674,0.674,0.297,0.474
2015-11-13 01:00:00,0.894,0.926,0.531,0.531,0.349,0.364
2015-11-13 02:00:00,0.905,0.786,0.465,0.465,0.465,0.309
2015-11-13 03:00:00,0.909,0.521,0.417,0.417,0.542,0.298
2015-11-13 04:00:00,0.916,0.316,0.382,0.382,0.63,0.295
2015-11-13 05:00:00,0.925,0.208,0.452,0.452,0.732,0.328
2015-11-13 06:00:00,0.929,0.195,0.485,0.485,0.791,0.407
2015-11-13 07:00:00,0.937,0.243,0.523,0.523,0.878,0.551
2015-11-13 08:00:00,0.946,0.246,0.652,0.652,0.936,0.696
2015-11-13 09:00:00,0.948,0.336,0.824,0.824,0.972,0.796
2015-11-13 10:00:00,0.949,0.518,0.955,0.955,0.981,0.866
2015-11-13 11:00:00,0.947,0.843,0.97,0.97,0.978,0.9
2015-11-13 12:00:00,0.947,0.927,0.978,0.978,0.973,0.929
2015-11-13 13:00:00,0.948,0.948,0.982,0.982,0.982,0.942
2015-11-13 14:00:00,0.949,0.95,0.983,0.983,0.991,0.947
2015-11-13 15:00:00,0.949,0.95,0.987,0.987,0.995,0.939
2015-11-13 16:00:00,0.949,0.95,0.992,0.992,0.986,0.928
2015-11-13 17:00:00,0.946,0.95,0.992,0.992,0.93,0.906
2015-11-13 18:00:00,0.946,0.95,0.979,0.979,0.835,0.884
2015-11-13 19:00:00,0.938,0.95,0.91,0.91,0.736,0.881
2015-11-13 20:00:00,0.945,0.95,0.763,0.763,0.91,0.866
2015-11-13 21:00:00,0.95,0.946,0.847,0.847,0.991,0.816
2015-11-13 22:00:00,0.95,0.864,0.933,0.933,0.999,0.854
2015-11-13 23:00:00,0.95,0.857,0.973,0.973,1.0,0.816
2015-11-14 00:00:00,0.939,0.846,0.992,0.992,1.0,0.83
2015-11-14 01:00:00,0.904,0.894,1.0,1.0,1.0,0.849
2015-11-14 02:00:00,0.944,0.881,1.0,1.0,1.0,0.841
2015-11-14 03:00:00,0.95,0.947,0.998,0.998,0.998,0.811
2015-11-14 04:00:00,0.95,0.95,0.996,0.996,0.996,0.789
2015-11-14 05:00:00,0.95,0.95,0.997,0.997,0.994,0.772
2015-11-14 06:00:00,0.95,0.95,1.0,1.0,0.997,0.761
2015-11-14 07:00:00,0.95,0.95,0.998,0.998,0.973,0.751
2015-11-14 08:00:00,0.95,0.95,0.932,0.932,0.94,0.739
2015-11-14 09:00:00,0.95,0.95,0.844,0.844,0.889,0.729
2015-11-14 10:00:00,0.95,0.95,0.988,0.988,0.96,0.724
2015-11-14 11:00:00,0.95,0.94,0.999,0.999,0.973,0.696
2015-11-14 12:00:00,0.95,0.857,1.0,1.0,0.997,0.71
2015-11-14 13:00:00,0.95,0.886,0.999,0.999,1.0,0.72
2015-11-14 14:00:00,0.95,0.948,0.997,0.997,1.0,0.721
2015-11-14 15:00:00,0.95,0.95,0.999,0.999,1.0,0.707
2015-11-14 16:00:00,0.95,0.948,1.0,1.0,1.0,0.697
2015-11-14 17:00:00,0.95,0.949,1.0,1.0,1.0,0.7
2015-11-14 18:00:00,0.949,0.949,1.0,1.0,1.0,0.701
2015-11-14 19:00:00,0.945,0.95,1.0,1.0,1.0,0.69
2015-11-14 20:00:00,0.919,0.95,1.0,1.0,1.0,0.685
2015-11-14 21:00:00,0.851,0.95,1.0,1.0,1.0,0.677
2015-11-14 22:00:00,0.722,0.95,1.0,1.0,0.996,0.67
2015-11-14 23:00:00,0.512,0.95,0.999,0.999,0.995,0.644
2015-11-15 00:00:00,0.422,0.95,0.999,0.999,0.988,0.639
2015-11-15 01:00:00,0.313,0.95,0.998,0.998,0.977,0.628
2015-11-15 02:00:00,0.209,0.948,0.996,0.996,0.963,0.635
2015-11-15 03:00:00,0.158,0.941,0.988,0.988,0.966,0.621
2015-11-15 04:00:00,0.137,0.915,0.961,0.961,0.956,0.584
2015-11-15 05:00:00,0.136,0.856,0.922,0.922,0.911,0.535
2015-11-15 06:00:00,0.156,0.828,0.87,0.87,0.809,0.462
2015-11-15 07:00:00,0.148,0.799,0.8,0.8,0.664,0.37
2015-11-15 08:00:00,0.154,0.698,0.761,0.761,0.509,0.313
2015-11-15 09:00:00,0.18,0.615,0.727,0.727,0.43,0.267
2015-11-15 10:00:00,0.204,0.563,0.716,0.716,0.308,0.217
2015-11-15 11:00:00,0.259,0.451,0.616,0.616,0.16,0.169
2015-11-15 12:00:00,0.214,0.423,0.404,0.404,0.16,0.164
2015-11-15 13:00:00,0.208,0.379,0.225,0.225,0.091,0.124
2015-11-15 14:00:00,0.183,0.301,0.105,0.105,0.015,0.083
2015-11-15 15:00:00,0.134,0.209,0.051,0.051,0.008,0.05
2015-11-15 16:00:00,0.097,0.131,0.034,0.034,0.018,0.049
2015-11-15 17:00:00,0.094,0.061,0.039,0.039,0.042,0.057
2015-11-15 18:00:00,0.119,0.035,0.064,0.064,0.072,0.077
2015-11-15 19:00:00,0.151,0.045,0.084,0.084,0.077,0.108
2015-11-15 20:00:00,0.201,0.076,0.126,0.126,0.07,0.147
2015-11-15 21:00:00,0.268,0.121,0.14,0.14,0.037,0.203
2015-11-15 22:00:00,0.331,0.154,0.162,0.162,0.025,0.238
2015-11-15 23:00:00,0.427,0.178,0.153,0.153,0.013,0.233
2015-11-16 00:00:00,0.541,0.165,0.144,0.144,0.009,0.222
2015-11-16 01:00:00,0.685,0.224,0.159,0.159,0.008,0.22
2015-11-16 02:00:00,0.824,0.235,0.129,0.129,0.009,0.19
2015-11-16 03:00:00,0.86,0.181,0.091,0.091,0.031,0.145
2015-11-16 04:00:00,0.866,0.189,0.066,0.066,0.029,0.119
2015-11-16 05:00:00,0.875,0.193,0.04,0.04,0.059,0.103
2015-11-16 06:00:00,0.885,0.143,0.042,0.042,0.092,0.113
2015-11-16 07:00:00,0.904,0.096,0.106,0.106,0.21,0.127
2015-11-16 08:00:00,0.928,0.093,0.205,0.205,0.455,0.176
2015-11-16 09:00:00,0.939,0.136,0.289,0.289,0.709,0.231
2015-11-16 10:00:00,0.939,0.101,0.447,0.447,0.874,0.283
2015-11-16 11:00:00,0.933,0.064,0.578,0.578,0.901,0.399
2015-11-16 12:00:00,0.931,0.203,0.626,0.626,0.805,0.54
2015-11-16 13:00:00,0.931,0.511,0.752,0.752,0.795,0.648
2015-11-16 14:00:00,0.942,0.587,0.813,0.813,0.872,0.721
2015-11-16 15:00:00,0.945,0.497,0.851,0.851,0.929,0.769
2015-11-16 16:00:00,0.942,0.713,0.867,0.867,0.983,0.85
2015-11-16 17:00:00,0.929,0.878,0.876,0.876,0.983,0.863
2015-11-16 18:00:00,0.914,0.939,0.914,0.914,0.989,0.883
2015-11-16 19:00:00,0.885,0.949,0.974,0.974,0.992,0.887
2015-11-16 20:00:00,0.862,0.95,0.987,0.987,0.991,0.883
2015-11-16 21:00:00,0.849,0.95,0.989,0.989,0.988,0.887
2015-11-16 22:00:00,0.845,0.949,0.974,0.974,0.99,0.88
2015-11-16 23:00:00,0.791,0.917,0.985,0.985,0.985,0.833
2015-11-17 00:00:00,0.795,0.917,0.988,0.988,0.96,0.824
2015-11-17 01:00:00,0.859,0.942,0.983,0.983,0.899,0.807
2015-11-17 02:00:00,0.875,0.942,0.97,0.97,0.759,0.778
2015-11-17 03:00:00,0.821,0.932,0.883,0.883,0.647,0.749
2015-11-17 04:00:00,0.784,0.904,0.691,0.691,0.648,0.669
2015-11-17 05:00:00,0.797,0.794,0.596,0.596,0.62,0.553
2015-11-17 06:00:00,0.811,0.58,0.549,0.549,0.692,0.477
2015-11-17 07:00:00,0.791,0.387,0.531,0.531,0.715,0.435
2015-11-17 08:00:00,0.793,0.333,0.601,0.601,0.799,0.39
2015-11-17 09:00:00,0.819,0.255,0.638,0.638,0.88,0.387
2015-11-17 10:00:00,0.809,0.192,0.469,0.469,0.874,0.385
2015-11-17 11:00:00,0.804,0.153,0.432,0.432,0.727,0.343
2015-11-17 12:00:00,0.795,0.158,0.703,0.703,0.632,0.333
2015-11-17 13:00:00,0.802,0.1,0.819,0.819,0.678,0.32
2015-11-17 14:00:00,0.817,0.034,0.891,0.891,0.528,0.378
2015-11-17 15:00:00,0.789,0.024,0.782,0.782,0.581,0.502
2015-11-17 16:00:00,0.762,0.04,0.679,0.679,0.67,0.606
2015-11-17 17:00:00,0.72,0.117,0.653,0.653,0.799,0.595
2015-11-17 18:00:00,0.595,0.369,0.779,0.779,0.824,0.632
2015-11-17 19:00:00,0.585,0.552,0.754,0.754,0.848,0.744
2015-11-17 20:00:00,0.688,0.682,0.761,0.761,0.801,0.766
2015-11-17 21:00:00,0.843,0.674,0.685,0.685,0.836,0.74
2015-11-17 22:00:00,0.907,0.789,0.686,0.686,0.832,0.621
2015-11-17 23:00:00,0.933,0.505,0.661,0.661,0.986,0.558
2015-11-18 00:00:00,0.947,0.583,0.781,0.781,0.998,0.515
2015-11-18 01:00:00,0.948,0.749,0.918,0.918,1.0,0.53
2015-11-18 02:00:00,0.949,0.693,0.984,0.984,0.999,0.694
2015-11-18 03:00:00,0.949,0.863,0.998,0.998,1.0,0.736
2015-11-18 04:00:00,0.95,0.891,1.0,1.0,1.0,0.731
2015-11-18 05:00:00,0.95,0.714,1.0,1.0,1.0,0.721
2015-11-18 06:00:00,0.95,0.856,1.0,1.0,1.0,0.732
2015-11-18 07:00:00,0.95,0.948,0.999,0.999,1.0,0.725
2015-11-18 08:00:00,0.95,0.95,1.0,1.0,1.0,0.704
2015-11-18 09:00:00,0.95,0.95,1.0,1.0,1.0,0.721
2015-11-18 10:00:00,0.95,0.95,1.0,1.0,0.954,0.707
2015-11-18 11:00:00,0.949,0.95,0.999,0.999,0.791,0.665
2015-11-18 12:00:00,0.95,0.95,0.999,0.999,0.979,0.685
2015-11-18 13:00:00,0.946,0.945,0.998,0.998,1.0,0.715
2015-11-18 14:00:00,0.949,0.916,1.0,1.0,1.0,0.702
2015-11-18 15:00:00,0.947,0.95,1.0,1.0,1.0,0.696
2015-11-18 16:00:00,0.948,0.95,1.0,1.0,1.0,0.694
2015-11-18 17:00:00,0.949,0.949,0.997,0.997,1.0,0.691
2015-11-18 18:00:00,0.929,0.939,0.999,0.999,0.996,0.694
2015-11-18 19:00:00,0.908,0.924,0.999,0.999,0.987,0.669
2015-11-18 20:00:00,0.848,0.931,1.0,1.0,0.984,0.651
2015-11-18 21:00:00,0.887,0.873,0.999,0.999,0.99,0.677
2015-11-18 22:00:00,0.95,0.9,1.0,1.0,1.0,0.73
2015-11-18 23:00:00,0.95,0.915,0.998,0.998,1.0,0.723
2015-11-19 00:00:00,0.949,0.887,0.998,0.998,1.0,0.73
2015-11-19 01:00:00,0.948,0.943,1.0,1.0,1.0,0.732
2015-11-19 02:00:00,0.95,0.95,0.999,0.999,1.0,0.728
2015-11-19 03:00:00,0.95,0.95,0.998,0.998,1.0,0.736
2015-11-19 04:00:00,0.941,0.95,1.0,1.0,1.0,0.736
2015-11-19 05:00:00,0.92,0.95,1.0,1.0,1.0,0.742
2015-11-19 06:00:00,0.915,0.95,1.0,1.0,1.0,0.741
2015-11-19 07:00:00,0.908,0.95,0.999,0.999,1.0,0.742
2015-11-19 08:00:00,0.916,0.95,0.999,0.999,1.0,0.751
2015-11-19 09:00:00,0.948,0.95,0.999,0.999,1.0,0.757
2015-11-19 10:00:00,0.95,0.95,0.996,0.996,0.993,0.758
2015-11-19 11:00:00,0.95,0.95,0.989,0.989,0.987,0.774
2015-11-19 12:00:00,0.947,0.95,0.935,0.935,0.875,0.773
2015-11-19 13:00:00,0.943,0.95,0.83,0.83,0.348,0.765
2015-11-19 14:00:00,0.948,0.95,0.516,0.516,0.747,0.756
2015-11-19 15:00:00,0.95,0.949,0.721,0.721,0.98,0.731
2015-11-19 16:00:00,0.95,0.914,0.874,0.874,0.956,0.705
2015-11-19 17:00:00,0.95,0.83,0.961,0.961,0.87,0.713
2015-11-19 18:00:00,0.949,0.814,0.791,0.791,0.702,0.717
2015-11-19 19:00:00,0.948,0.903,0.971,0.971,0.855,0.695
2015-11-19 20:00:00,0.947,0.881,1.0,1.0,0.995,0.659
2015-11-19 21:00:00,0.947,0.772,1.0,1.0,1.0,0.636
2015-11-19 22:00:00,0.94,0.716,0.996,0.996,1.0,0.619
2015-11-19 23:00:00,0.933,0.822,0.982,0.982,1.0,0.606
2015-11-20 00:00:00,0.926,0.945,0.968,0.968,0.991,0.62
2015-11-20 01:00:00,0.907,0.947,0.951,0.951,0.925,0.62
2015-11-20 02:00:00,0.891,0.931,0.939,0.939,0.84,0.606
2015-11-20 03:00:00,0.879,0.934,0.905,0.905,0.669,0.596
2015-11-20 04:00:00,0.857,0.931,0.793,0.793,0.563,0.548
2015-11-20 05:00:00,0.811,0.872,0.659,0.659,0.533,0.451
2015-11-20 06:00:00,0.691,0.899,0.507,0.507,0.578,0.371
2015-11-20 07:00:00,0.528,0.93,0.33,0.33,0.592,0.306
2015-11-20 08:00:00,0.397,0.945,0.198,0.198,0.54,0.243
2015-11-20 09:00:00,0.302,0.948,0.11,0.11,0.5,0.203
2015-11-20 10:00:00,0.23,0.925,0.031,0.031,0.403,0.198
2015-11-20 11:00:00,0.173,0.592,0.012,0.012,0.39,0.223
2015-11-20 12:00:00,0.154,0.389,0.01,0.01,0.341,0.241
2015-11-20 13:00:00,0.133,0.28,0.011,0.011,0.112,0.226
2015-11-20 14:00:00,0.12,0.284,0.01,0.01,0.047,0.22
2015-11-20 15:00:00,0.131,0.323,0.013,0.013,0.029,0.237
2015-11-20 16:00:00,0.119,0.335,0.027,0.027,0.037,0.264
2015-11-20 17:00:00,0.101,0.326,0.052,0.052,0.044,0.286
2015-11-20 18:00:00,0.103,0.302,0.109,0.109,0.04,0.296
2015-11-20 19:00:00,0.114,0.262,0.172,0.172,0.037,0.3
2015-11-20 20:00:00,0.128,0.209,0.174,0.174,0.039,0.3
2015-11-20 21:00:00,0.151,0.156,0.111,0.111,0.046,0.287
2015-11-20 22:00:00,0.189,0.107,0.084,0.084,0.07,0.272
2015-11-20 23:00:00,0.17,0.118,0.051,0.051,0.061,0.295
2015-11-21 00:00:00,0.189,0.098,0.045,0.045,0.068,0.297
2015-11-21 01:00:00,0.257,0.097,0.045,0.045,0.081,0.308
2015-11-21 02:00:00,0.36,0.135,0.032,0.032,0.097,0.333
2015-11-21 03:00:00,0.394,0.201,0.017,0.017,0.129,0.349
2015-11-21 04:00:00,0.374,0.239,0.012,0.012,0.168,0.341
2015-11-21 05:00:00,0.378,0.238,0.011,0.011,0.218,0.348
2015-11-21 06:00:00,0.511,0.245,0.011,0.011,0.275,0.364
2015-11-21 07:00:00,0.666,0.276,0.01,0.01,0.347,0.378
2015-11-21 08:00:00,0.739,0.316,0.012,0.012,0.379,0.384
2015-11-21 09:00:00,0.789,0.279,0.02,0.02,0.391,0.391
2015-11-21 10:00:00,0.813,0.202,0.022,0.022,0.403,0.405
2015-11-21 11:00:00,0.778,0.176,0.018,0.018,0.324,0.437
2015-11-21 12:00:00,0.733,0.153,0.021,0.021,0.288,0.432
2015-11-21 13:00:00,0.674,0.136,0.048,0.048,0.24,0.433
2015-11-21 14:00:00,0.656,0.14,0.088,0.088,0.174,0.484
2015-11-21 15:00:00,0.722,0.128,0.126,0.126,0.158,0.534
2015-11-21 16:00:00,0.768,0.147,0.118,0.118,0.157,0.534
2015-11-21 17:00:00,0.774,0.155,0.091,0.091,0.167,0.528
2015-11-21 18:00:00,0.771,0.152,0.073,0.073,0.157,0.562
2015-11-21 19:00:00,0.718,0.172,0.078,0.078,0.138,0.637
2015-11-21 20:00:00,0.687,0.225,0.109,0.109,0.128,0.69
2015-11-21 21:00:00,0.712,0.284,0.136,0.136,0.118,0.716
2015-11-21 22:00:00,0.763,0.331,0.247,0.247,0.093,0.705
2015-11-21 23:00:00,0.856,0.301,0.28,0.28,0.11,0.668
2015-11-22 00:00:00,0.861,0.334,0.422,0.422,0.182,0.639
2015-11-22 01:00:00,0.862,0.362,0.617,0.617,0.23,0.634
2015-11-22 02:00:00,0.865,0.416,0.636,0.636,0.271,0.678
2015-11-22 03:00:00,0.866,0.393,0.51,0.51,0.262,0.728
2015-11-22 04:00:00,0.859,0.359,0.467,0.467,0.225,0.731
2015-11-22 05:00:00,0.848,0.407,0.506,0.506,0.252,0.694
2015-11-22 06:00:00,0.843,0.472,0.473,0.473,0.285,0.7
2015-11-22 07:00:00,0.841,0.524,0.383,0.383,0.27,0.745
2015-11-22 08:00:00,0.83,0.567,0.281,0.281,0.237,0.758
2015-11-22 09:00:00,0.82,0.569,0.217,0.217,0.166,0.772
2015-11-22 10:00:00,0.814,0.591,0.129,0.129,0.087,0.786
2015-11-22 11:00:00,0.792,0.584,0.094,0.094,0.036,0.782
2015-11-22 12:00:00,0.79,0.572,0.069,0.069,0.019,0.813
2015-11-22 13:00:00,0.787,0.526,0.047,0.047,0.015,0.846
2015-11-22 14:00:00,0.827,0.552,0.054,0.054,0.019,0.867
2015-11-22 15:00:00,0.857,0.593,0.169,0.169,0.019,0.858
2015-11-22 16:00:00,0.862,0.631,0.365,0.365,0.02,0.841
2015-11-22 17:00:00,0.867,0.632,0.528,0.528,0.011,0.815
2015-11-22 18:00:00,0.885,0.585,0.575,0.575,0.003,0.779
2015-11-22 19:00:00,0.904,0.488,0.594,0.594,0.001,0.725
2015-11-22 20:00:00,0.904,0.372,0.59,0.59,0.001,0.672
2015-11-22 21:00:00,0.875,0.284,0.485,0.485,0.001,0.607
2015-11-22 22:00:00,0.79,0.21,0.462,0.462,0.003,0.529
2015-11-22 23:00:00,0.65,0.201,0.353,0.353,0.002,0.457
2015-11-23 00:00:00,0.541,0.131,0.241,0.241,0.002,0.406
2015-11-23 01:00:00,0.422,0.064,0.149,0.149,0.004,0.329
2015-11-23 02:00:00,0.307,0.022,0.092,0.092,0.007,0.269
2015-11-23 03:00:00,0.225,0.004,0.06,0.06,0.006,0.266
2015-11-23 04:00:00,0.161,0.003,0.044,0.044,0.01,0.301
2015-11-23 05:00:00,0.127,0.013,0.048,0.048,0.031,0.319
2015-11-23 06:00:00,0.112,0.024,0.055,0.055,0.062,0.299
2015-11-23 07:00:00,0.102,0.028,0.051,0.051,0.063,0.26
2015-11-23 08:00:00,0.091,0.032,0.037,0.037,0.039,0.207
2015-11-23 09:00:00,0.094,0.038,0.031,0.031,0.025,0.154
2015-11-23 10:00:00,0.11,0.052,0.022,0.022,0.01,0.115
2015-11-23 11:00:00,0.257,0.132,0.023,0.023,0.009,0.071
2015-11-23 12:00:00,0.417,0.161,0.031,0.031,0.016,0.064
2015-11-23 13:00:00,0.543,0.194,0.034,0.034,0.023,0.052
2015-11-23 14:00:00,0.627,0.194,0.028,0.028,0.027,0.046
2015-11-23 15:00:00,0.679,0.163,0.033,0.033,0.031,0.045
2015-11-23 16:00:00,0.667,0.161,0.025,0.025,0.025,0.054
2015-11-23 17:00:00,0.702,0.132,0.017,0.017,0.02,0.066
2015-11-23 18:00:00,0.749,0.083,0.016,0.016,0.02,0.085
2015-11-23 19:00:00,0.798,0.051,0.021,0.021,0.03,0.123
2015-11-23 20:00:00,0.84,0.05,0.043,0.043,0.055,0.17
2015-11-23 21:00:00,0.874,0.08,0.076,0.076,0.103,0.233
2015-11-23 22:00:00,0.9,0.12,0.145,0.145,0.278,0.298
2015-11-23 23:00:00,0.925,0.173,0.208,0.208,0.415,0.412
2015-11-24 00:00:00,0.933,0.229,0.247,0.247,0.517,0.446
2015-11-24 01:00:00,0.936,0.284,0.313,0.313,0.602,0.477
2015-11-24 02:00:00,0.939,0.303,0.464,0.464,0.656,0.557
2015-11-24 03:00:00,0.944,0.325,0.652,0.652,0.753,0.664
2015-11-24 04:00:00,0.948,0.37,0.747,0.747,0.868,0.74
2015-11-24 05:00:00,0.949,0.4,0.827,0.827,0.939,0.796
2015-11-24 06:00:00,0.949,0.447,0.898,0.898,0.978,0.857
2015-11-24 07:00:00,0.948,0.551,0.943,0.943,0.985,0.886
2015-11-24 08:00:00,0.947,0.769,0.967,0.967,0.98,0.897
2015-11-24 09:00:00,0.947,0.9,0.981,0.981,0.976,0.906
2015-11-24 10:00:00,0.942,0.942,0.991,0.991,0.982,0.919
2015-11-24 11:00:00,0.859,0.95,0.993,0.993,0.98,0.923
2015-11-24 12:00:00,0.847,0.95,0.989,0.989,0.976,0.932
2015-11-24 13:00:00,0.863,0.95,0.987,0.987,0.974,0.936
2015-11-24 14:00:00,0.848,0.95,0.983,0.983,0.974,0.937
2015-11-24 15:00:00,0.804,0.95,0.974,0.974,0.976,0.938
2015-11-24 16:00:00,0.756,0.95,0.968,0.968,0.985,0.94
2015-11-24 17:00:00,0.719,0.95,0.966,0.966,0.994,0.945
2015-11-24 18:00:00,0.677,0.949,0.97,0.97,0.999,0.944
2015-11-24 19:00:00,0.59,0.949,0.981,0.981,0.999,0.942
2015-11-24 20:00:00,0.521,0.949,0.986,0.986,0.998,0.942
2015-11-24 21:00:00,0.481,0.95,0.987,0.987,0.997,0.942
2015-11-24 22:00:00,0.439,0.95,0.977,0.977,0.994,0.944
2015-11-24 23:00:00,0.33,0.95,0.977,0.977,0.992,0.921
2015-11-25 00:00:00,0.268,0.95,0.971,0.971,0.988,0.922
2015-11-25 01:00:00,0.25,0.95,0.959,0.959,0.977,0.921
2015-11-25 02:00:00,0.259,0.95,0.944,0.944,0.956,0.91
2015-11-25 03:00:00,0.299,0.95,0.922,0.922,0.944,0.9
2015-11-25 04:00:00,0.322,0.95,0.905,0.905,0.934,0.897
2015-11-25 05:00:00,0.291,0.95,0.905,0.905,0.92,0.883
2015-11-25 06:00:00,0.271,0.95,0.898,0.898,0.9,0.859
2015-11-25 07:00:00,0.275,0.95,0.877,0.877,0.903,0.846
2015-11-25 08:00:00,0.284,0.95,0.851,0.851,0.895,0.833
2015-11-25 09:00:00,0.293,0.95,0.841,0.841,0.85,0.818
2015-11-25 10:00:00,0.293,0.949,0.782,0.782,0.746,0.807
2015-11-25 11:00:00,0.311,0.949,0.754,0.754,0.732,0.759
2015-11-25 12:00:00,0.328,0.946,0.753,0.753,0.69,0.756
2015-11-25 13:00:00,0.4,0.942,0.696,0.696,0.614,0.752
2015-11-25 14:00:00,0.518,0.931,0.627,0.627,0.571,0.725
2015-11-25 15:00:00,0.604,0.917,0.622,0.622,0.582,0.664
2015-11-25 16:00:00,0.655,0.904,0.634,0.634,0.572,0.614
2015-11-25 17:00:00,0.715,0.912,0.611,0.611,0.518,0.61
2015-11-25 18:00:00,0.763,0.926,0.563,0.563,0.476,0.587
2015-11-25 19:00:00,0.797,0.928,0.499,0.499,0.453,0.54
2015-11-25 20:00:00,0.822,0.919,0.46,0.46,0.409,0.47
2015-11-25 21:00:00,0.841,0.901,0.447,0.447,0.342,0.396
2015-11-25 22:00:00,0.846,0.879,0.446,0.446,0.297,0.346
2015-11-25 23:00:00,0.794,0.828,0.357,0.357,0.303,0.321
