hour,PL,PL dolnośląskie,PL kujawsko-pomorskie,PL lubelskie,PL lubuskie,PL łódzkie,PL małopolskie,PL mazowieckie,PL opolskie,PL podkarpackie,PL podlaskie,PL pomorskie,PL śląskie,PL świętokrzyskie,PL warmińsko-mazurskie,PL wielkopolskie,PL zachodniopomorskie
2013-01-05 00:00:00,0.0,0.0,0.0,0.0,0.0,0.0,0.0,0.0,0.0,0.0,0.0,0.0,0.0,0.0,0.0,0.0,0.0
2013-01-05 01:00:00,0.0,0.0,0.0,0.0,0.0,0.0,0.0,0.0,0.0,0.0,0.0,0.0,0.0,0.0,0.0,0.0,0.0
2013-01-05 02:00:00,0.0,0.0,0.0,0.0,0.0,0.0,0.0,0.0,0.0,0.0,0.0,0.0,0.0,0.0,0.0,0.0,0.0
2013-01-05 03:00:00,0.0,0.0,0.0,0.0,0.0,0.0,0.0,0.0,0.0,0.0,0.0,0.0,0.0,0.0,0.0,0.0,0.0
2013-01-05 04:00:00,0.0,0.0,0.0,0.0,0.0,0.0,0.0,0.0,0.0,0.0,0.0,0.0,0.0,0.0,0.0,0.0,0.0
2013-01-05 05:00:00,0.0,0.0,0.0,0.0,0.0,0.0,0.0,0.0,0.0,0.0,0.0,0.0,0.0,0.0,0.0,0.0,0.0
2013-01-05 06:00:00,0.0,0.0,0.0,0.0,0.0,0.0,0.0,0.0,0.0,0.0,0.0,0.0,0.0,0.0,0.0,0.0,0.0
2013-01-05 07:00:00,0.0,0.0,0.0,0.0,0.0,0.0,0.0,0.0,0.0,0.0,0.0,0.0,0.0,0.0,0.0,0.0,0.0
2013-01-05 08:00:00,0.003,0.0,0.002,0.008,0.0,0.004,0.009,0.003,0.002,0.012,0.002,0.001,0.004,0.009,0.003,0.002,0.0
2013-01-05 09:00:00,0.018,0.006,0.015,0.019,0.006,0.021,0.036,0.016,0.017,0.028,0.016,0.018,0.024,0.026,0.02,0.021,0.018
2013-01-05 10:00:00,0.037,0.021,0.037,0.037,0.024,0.04,0.056,0.033,0.037,0.051,0.033,0.041,0.044,0.044,0.039,0.04,0.039
2013-01-05 11:00:00,0.064,0.046,0.076,0.043,0.05,0.093,0.105,0.052,0.061,0.085,0.038,0.079,0.092,0.084,0.057,0.067,0.069
2013-01-05 12:00:00,0.087,0.069,0.131,0.041,0.073,0.132,0.095,0.068,0.086,0.094,0.038,0.093,0.104,0.12,0.057,0.105,0.082
2013-01-05 13:00:00,0.085,0.055,0.161,0.029,0.057,0.136,0.133,0.047,0.089,0.102,0.024,0.077,0.148,0.091,0.054,0.113,0.082
2013-01-05 14:00:00,0.058,0.041,0.116,0.012,0.042,0.076,0.12,0.035,0.06,0.035,0.008,0.066,0.123,0.054,0.038,0.077,0.05
2013-01-05 15:00:00,0.018,0.019,0.025,0.0,0.01,0.026,0.023,0.0,0.043,0.002,0.0,0.001,0.033,0.007,0.0,0.036,0.022
2013-01-05 16:00:00,0.0,0.0,0.0,0.0,0.0,0.0,0.0,0.0,0.0,0.0,0.0,0.0,0.0,0.0,0.0,0.0,0.0
2013-01-05 17:00:00,0.0,0.0,0.0,0.0,0.0,0.0,0.0,0.0,0.0,0.0,0.0,0.0,0.0,0.0,0.0,0.0,0.0
2013-01-05 18:00:00,0.0,0.0,0.0,0.0,0.0,0.0,0.0,0.0,0.0,0.0,0.0,0.0,0.0,0.0,0.0,0.0,0.0
2013-01-05 19:00:00,0.0,0.0,0.0,0.0,0.0,0.0,0.0,0.0,0.0,0.0,0.0,0.0,0.0,0.0,0.0,0.0,0.0
2013-01-05 20:00:00,0.0,0.0,0.0,0.0,0.0,0.0,0.0,0.0,0.0,0.0,0.0,0.0,0.0,0.0,0.0,0.0,0.0
2013-01-05 21:00:00,0.0,0.0,0.0,0.0,0.0,0.0,0.0,0.0,0.0,0.0,0.0,0.0,0.0,0.0,0.0,0.0,0.0
2013-01-05 22:00:00,0.0,0.0,0.0,0.0,0.0,0.0,0.0,0.0,0.0,0.0,0.0,0.0,0.0,0.0,0.0,0.0,0.0
2013-01-05 23:00:00,0.0,0.0,0.0,0.0,0.0,0.0,0.0,0.0,0.0,0.0,0.0,0.0,0.0,0.0,0.0,0.0,0.0
2013-01-06 00:00:00,0.0,0.0,0.0,0.0,0.0,0.0,0.0,0.0,0.0,0.0,0.0,0.0,0.0,0.0,0.0,0.0,0.0
2013-01-06 01:00:00,0.0,0.0,0.0,0.0,0.0,0.0,0.0,0.0,0.0,0.0,0.0,0.0,0.0,0.0,0.0,0.0,0.0
2013-01-06 02:00:00,0.0,0.0,0.0,0.0,0.0,0.0,0.0,0.0,0.0,0.0,0.0,0.0,0.0,0.0,0.0,0.0,0.0
2013-01-06 03:00:00,0.0,0.0,0.0,0.0,0.0,0.0,0.0,0.0,0.0,0.0,0.0,0.0,0.0,0.0,0.0,0.0,0.0
2013-01-06 04:00:00,0.0,0.0,0.0,0.0,0.0,0.0,0.0,0.0,0.0,0.0,0.0,0.0,0.0,0.0,0.0,0.0,0.0
2013-01-06 05:00:00,0.0,0.0,0.0,0.0,0.0,0.0,0.0,0.0,0.0,0.0,0.0,0.0,0.0,0.0,0.0,0.0,0.0
2013-01-06 06:00:00,0.0,0.0,0.0,0.0,0.0,0.0,0.0,0.0,0.0,0.0,0.0,0.0,0.0,0.0,0.0,0.0,0.0
2013-01-06 07:00:00,0.0,0.0,0.0,0.0,0.0,0.0,0.0,0.0,0.0,0.0,0.0,0.0,0.0,0.0,0.0,0.0,0.0
2013-01-06 08:00:00,0.004,0.001,0.002,0.014,0.0,0.007,0.015,0.005,0.006,0.017,0.006,0.0,0.011,0.012,0.004,0.001,0.0
2013-01-06 09:00:00,0.017,0.007,0.016,0.042,0.003,0.03,0.049,0.024,0.018,0.055,0.024,0.005,0.04,0.049,0.021,0.01,0.002
2013-01-06 10:00:00,0.027,0.007,0.024,0.066,0.005,0.052,0.08,0.042,0.021,0.086,0.038,0.009,0.058,0.067,0.037,0.016,0.007
2013-01-06 11:00:00,0.04,0.012,0.018,0.103,0.016,0.067,0.103,0.071,0.028,0.109,0.101,0.014,0.058,0.075,0.067,0.015,0.013
2013-01-06 12:00:00,0.043,0.013,0.017,0.09,0.012,0.068,0.09,0.109,0.018,0.113,0.141,0.011,0.047,0.065,0.091,0.013,0.01
2013-01-06 13:00:00,0.037,0.008,0.012,0.071,0.005,0.044,0.076,0.106,0.013,0.07,0.15,0.012,0.029,0.06,0.107,0.008,0.008
2013-01-06 14:00:00,0.024,0.003,0.006,0.044,0.003,0.027,0.036,0.082,0.004,0.053,0.078,0.007,0.012,0.076,0.072,0.004,0.005
2013-01-06 15:00:00,0.001,0.0,0.0,0.0,0.0,0.002,0.004,0.001,0.0,0.011,0.0,0.0,0.0,0.015,0.0,0.0,0.0
2013-01-06 16:00:00,0.0,0.0,0.0,0.0,0.0,0.0,0.0,0.0,0.0,0.0,0.0,0.0,0.0,0.0,0.0,0.0,0.0
2013-01-06 17:00:00,0.0,0.0,0.0,0.0,0.0,0.0,0.0,0.0,0.0,0.0,0.0,0.0,0.0,0.0,0.0,0.0,0.0
2013-01-06 18:00:00,0.0,0.0,0.0,0.0,0.0,0.0,0.0,0.0,0.0,0.0,0.0,0.0,0.0,0.0,0.0,0.0,0.0
2013-01-06 19:00:00,0.0,0.0,0.0,0.0,0.0,0.0,0.0,0.0,0.0,0.0,0.0,0.0,0.0,0.0,0.0,0.0,0.0
2013-01-06 20:00:00,0.0,0.0,0.0,0.0,0.0,0.0,0.0,0.0,0.0,0.0,0.0,0.0,0.0,0.0,0.0,0.0,0.0
2013-01-06 21:00:00,0.0,0.0,0.0,0.0,0.0,0.0,0.0,0.0,0.0,0.0,0.0,0.0,0.0,0.0,0.0,0.0,0.0
2013-01-06 22:00:00,0.0,0.0,0.0,0.0,0.0,0.0,0.0,0.0,0.0,0.0,0.0,0.0,0.0,0.0,0.0,0.0,0.0
2013-01-06 23:00:00,0.0,0.0,0.0,0.0,0.0,0.0,0.0,0.0,0.0,0.0,0.0,0.0,0.0,0.0,0.0,0.0,0.0
2013-01-07 00:00:00,0.0,0.0,0.0,0.0,0.0,0.0,0.0,0.0,0.0,0.0,0.0,0.0,0.0,0.0,0.0,0.0,0.0
2013-01-07 01:00:00,0.0,0.0,0.0,0.0,0.0,0.0,0.0,0.0,0.0,0.0,0.0,0.0,0.0,0.0,0.0,0.0,0.0
2013-01-07 02:00:00,0.0,0.0,0.0,0.0,0.0,0.0,0.0,0.0,0.0,0.0,0.0,0.0,0.0,0.0,0.0,0.0,0.0
2013-01-07 03:00:00,0.0,0.0,0.0,0.0,0.0,0.0,0.0,0.0,0.0,0.0,0.0,0.0,0.0,0.0,0.0,0.0,0.0
2013-01-07 04:00:00,0.0,0.0,0.0,0.0,0.0,0.0,0.0,0.0,0.0,0.0,0.0,0.0,0.0,0.0,0.0,0.0,0.0
2013-01-07 05:00:00,0.0,0.0,0.0,0.0,0.0,0.0,0.0,0.0,0.0,0.0,0.0,0.0,0.0,0.0,0.0,0.0,0.0
2013-01-07 06:00:00,0.0,0.0,0.0,0.0,0.0,0.0,0.0,0.0,0.0,0.0,0.0,0.0,0.0,0.0,0.0,0.0,0.0
2013-01-07 07:00:00,0.0,0.0,0.0,0.0,0.0,0.0,0.0,0.0,0.0,0.0,0.0,0.0,0.0,0.0,0.0,0.0,0.0
2013-01-07 08:00:00,0.007,0.005,0.005,0.021,0.001,0.012,0.018,0.011,0.01,0.015,0.012,0.002,0.016,0.014,0.007,0.004,0.001
2013-01-07 09:00:00,0.035,0.03,0.034,0.051,0.022,0.044,0.057,0.037,0.038,0.052,0.04,0.022,0.062,0.047,0.032,0.036,0.021
2013-01-07 10:00:00,0.06,0.052,0.06,0.08,0.042,0.073,0.094,0.057,0.068,0.079,0.065,0.042,0.1,0.08,0.053,0.065,0.042
2013-01-07 11:00:00,0.088,0.091,0.089,0.082,0.086,0.136,0.122,0.119,0.093,0.091,0.074,0.072,0.131,0.1,0.093,0.078,0.064
2013-01-07 12:00:00,0.1,0.1,0.128,0.068,0.092,0.177,0.132,0.139,0.093,0.097,0.069,0.088,0.144,0.109,0.094,0.092,0.089
2013-01-07 13:00:00,0.084,0.088,0.114,0.049,0.07,0.127,0.089,0.087,0.098,0.075,0.05,0.071,0.151,0.073,0.067,0.081,0.105
2013-01-07 14:00:00,0.06,0.106,0.082,0.022,0.082,0.08,0.058,0.037,0.083,0.042,0.025,0.036,0.112,0.031,0.022,0.057,0.086
2013-01-07 15:00:00,0.022,0.073,0.018,0.0,0.047,0.019,0.024,0.001,0.034,0.025,0.0,0.004,0.063,0.005,0.0,0.017,0.035
2013-01-07 16:00:00,0.0,0.0,0.0,0.0,0.0,0.0,0.0,0.0,0.0,0.0,0.0,0.0,0.0,0.0,0.0,0.0,0.0
2013-01-07 17:00:00,0.0,0.0,0.0,0.0,0.0,0.0,0.0,0.0,0.0,0.0,0.0,0.0,0.0,0.0,0.0,0.0,0.0
2013-01-07 18:00:00,0.0,0.0,0.0,0.0,0.0,0.0,0.0,0.0,0.0,0.0,0.0,0.0,0.0,0.0,0.0,0.0,0.0
2013-01-07 19:00:00,0.0,0.0,0.0,0.0,0.0,0.0,0.0,0.0,0.0,0.0,0.0,0.0,0.0,0.0,0.0,0.0,0.0
2013-01-07 20:00:00,0.0,0.0,0.0,0.0,0.0,0.0,0.0,0.0,0.0,0.0,0.0,0.0,0.0,0.0,0.0,0.0,0.0
2013-01-07 21:00:00,0.0,0.0,0.0,0.0,0.0,0.0,0.0,0.0,0.0,0.0,0.0,0.0,0.0,0.0,0.0,0.0,0.0
2013-01-07 22:00:00,0.0,0.0,0.0,0.0,0.0,0.0,0.0,0.0,0.0,0.0,0.0,0.0,0.0,0.0,0.0,0.0,0.0
2013-01-07 23:00:00,0.0,0.0,0.0,0.0,0.0,0.0,0.0,0.0,0.0,0.0,0.0,0.0,0.0,0.0,0.0,0.0,0.0
2013-01-08 00:00:00,0.0,0.0,0.0,0.0,0.0,0.0,0.0,0.0,0.0,0.0,0.0,0.0,0.0,0.0,0.0,0.0,0.0
2013-01-08 01:00:00,0.0,0.0,0.0,0.0,0.0,0.0,0.0,0.0,0.0,0.0,0.0,0.0,0.0,0.0,0.0,0.0,0.0
2013-01-08 02:00:00,0.0,0.0,0.0,0.0,0.0,0.0,0.0,0.0,0.0,0.0,0.0,0.0,0.0,0.0,0.0,0.0,0.0
2013-01-08 03:00:00,0.0,0.0,0.0,0.0,0.0,0.0,0.0,0.0,0.0,0.0,0.0,0.0,0.0,0.0,0.0,0.0,0.0
2013-01-08 04:00:00,0.0,0.0,0.0,0.0,0.0,0.0,0.0,0.0,0.0,0.0,0.0,0.0,0.0,0.0,0.0,0.0,0.0
2013-01-08 05:00:00,0.0,0.0,0.0,0.0,0.0,0.0,0.0,0.0,0.0,0.0,0.0,0.0,0.0,0.0,0.0,0.0,0.0
2013-01-08 06:00:00,0.0,0.0,0.0,0.0,0.0,0.0,0.0,0.0,0.0,0.0,0.0,0.0,0.0,0.0,0.0,0.0,0.0
2013-01-08 07:00:00,0.0,0.0,0.0,0.0,0.0,0.0,0.0,0.0,0.0,0.0,0.0,0.0,0.0,0.0,0.0,0.0,0.0
2013-01-08 08:00:00,0.007,0.001,0.005,0.018,0.0,0.015,0.024,0.012,0.013,0.025,0.011,0.002,0.022,0.02,0.007,0.004,0.0
2013-01-08 09:00:00,0.03,0.014,0.031,0.053,0.002,0.055,0.062,0.044,0.049,0.061,0.044,0.02,0.076,0.056,0.037,0.024,0.005
2013-01-08 10:00:00,0.049,0.017,0.057,0.089,0.007,0.086,0.098,0.071,0.065,0.086,0.073,0.033,0.117,0.084,0.066,0.041,0.011
2013-01-08 11:00:00,0.063,0.023,0.064,0.111,0.012,0.123,0.179,0.119,0.072,0.13,0.096,0.039,0.15,0.122,0.085,0.042,0.014
2013-01-08 12:00:00,0.066,0.03,0.06,0.144,0.008,0.117,0.193,0.116,0.06,0.167,0.109,0.035,0.142,0.149,0.088,0.041,0.015
2013-01-08 13:00:00,0.047,0.018,0.039,0.098,0.005,0.078,0.163,0.08,0.04,0.153,0.072,0.022,0.106,0.111,0.062,0.027,0.009
2013-01-08 14:00:00,0.02,0.006,0.012,0.046,0.002,0.033,0.077,0.035,0.013,0.1,0.031,0.004,0.043,0.055,0.025,0.011,0.003
2013-01-08 15:00:00,0.002,0.0,0.0,0.001,0.0,0.003,0.007,0.001,0.001,0.035,0.0,0.0,0.004,0.008,0.0,0.0,0.0
2013-01-08 16:00:00,0.0,0.0,0.0,0.0,0.0,0.0,0.0,0.0,0.0,0.0,0.0,0.0,0.0,0.0,0.0,0.0,0.0
2013-01-08 17:00:00,0.0,0.0,0.0,0.0,0.0,0.0,0.0,0.0,0.0,0.0,0.0,0.0,0.0,0.0,0.0,0.0,0.0
2013-01-08 18:00:00,0.0,0.0,0.0,0.0,0.0,0.0,0.0,0.0,0.0,0.0,0.0,0.0,0.0,0.0,0.0,0.0,0.0
2013-01-08 19:00:00,0.0,0.0,0.0,0.0,0.0,0.0,0.0,0.0,0.0,0.0,0.0,0.0,0.0,0.0,0.0,0.0,0.0
2013-01-08 20:00:00,0.0,0.0,0.0,0.0,0.0,0.0,0.0,0.0,0.0,0.0,0.0,0.0,0.0,0.0,0.0,0.0,0.0
2013-01-08 21:00:00,0.0,0.0,0.0,0.0,0.0,0.0,0.0,0.0,0.0,0.0,0.0,0.0,0.0,0.0,0.0,0.0,0.0
2013-01-08 22:00:00,0.0,0.0,0.0,0.0,0.0,0.0,0.0,0.0,0.0,0.0,0.0,0.0,0.0,0.0,0.0,0.0,0.0
2013-01-08 23:00:00,0.0,0.0,0.0,0.0,0.0,0.0,0.0,0.0,0.0,0.0,0.0,0.0,0.0,0.0,0.0,0.0,0.0
2013-01-09 00:00:00,0.0,0.0,0.0,0.0,0.0,0.0,0.0,0.0,0.0,0.0,0.0,0.0,0.0,0.0,0.0,0.0,0.0
2013-01-09 01:00:00,0.0,0.0,0.0,0.0,0.0,0.0,0.0,0.0,0.0,0.0,0.0,0.0,0.0,0.0,0.0,0.0,0.0
2013-01-09 02:00:00,0.0,0.0,0.0,0.0,0.0,0.0,0.0,0.0,0.0,0.0,0.0,0.0,0.0,0.0,0.0,0.0,0.0
2013-01-09 03:00:00,0.0,0.0,0.0,0.0,0.0,0.0,0.0,0.0,0.0,0.0,0.0,0.0,0.0,0.0,0.0,0.0,0.0
2013-01-09 04:00:00,0.0,0.0,0.0,0.0,0.0,0.0,0.0,0.0,0.0,0.0,0.0,0.0,0.0,0.0,0.0,0.0,0.0
2013-01-09 05:00:00,0.0,0.0,0.0,0.0,0.0,0.0,0.0,0.0,0.0,0.0,0.0,0.0,0.0,0.0,0.0,0.0,0.0
2013-01-09 06:00:00,0.0,0.0,0.0,0.0,0.0,0.0,0.0,0.0,0.0,0.0,0.0,0.0,0.0,0.0,0.0,0.0,0.0
2013-01-09 07:00:00,0.0,0.0,0.0,0.0,0.0,0.0,0.0,0.0,0.0,0.0,0.0,0.0,0.0,0.0,0.0,0.0,0.0
2013-01-09 08:00:00,0.005,0.0,0.002,0.018,0.0,0.012,0.011,0.012,0.003,0.023,0.012,0.001,0.013,0.016,0.007,0.001,0.0
2013-01-09 09:00:00,0.024,0.009,0.024,0.039,0.009,0.047,0.042,0.037,0.02,0.057,0.032,0.021,0.056,0.055,0.032,0.018,0.009
2013-01-09 10:00:00,0.043,0.021,0.045,0.07,0.019,0.072,0.077,0.059,0.043,0.09,0.047,0.041,0.094,0.087,0.048,0.035,0.017
2013-01-09 11:00:00,0.076,0.034,0.082,0.171,0.026,0.112,0.111,0.115,0.067,0.119,0.146,0.058,0.121,0.136,0.094,0.059,0.024
2013-01-09 12:00:00,0.084,0.04,0.074,0.237,0.021,0.111,0.126,0.142,0.088,0.123,0.202,0.048,0.113,0.146,0.106,0.06,0.025
2013-01-09 13:00:00,0.071,0.036,0.053,0.243,0.014,0.096,0.092,0.131,0.066,0.101,0.189,0.037,0.089,0.138,0.07,0.045,0.015
2013-01-09 14:00:00,0.041,0.024,0.029,0.163,0.003,0.048,0.063,0.078,0.042,0.049,0.121,0.02,0.061,0.057,0.032,0.026,0.006
2013-01-09 15:00:00,0.003,0.004,0.002,0.008,0.0,0.004,0.01,0.004,0.011,0.008,0.0,0.0,0.014,0.004,0.0,0.002,0.0
2013-01-09 16:00:00,0.0,0.0,0.0,0.0,0.0,0.0,0.0,0.0,0.0,0.0,0.0,0.0,0.0,0.0,0.0,0.0,0.0
2013-01-09 17:00:00,0.0,0.0,0.0,0.0,0.0,0.0,0.0,0.0,0.0,0.0,0.0,0.0,0.0,0.0,0.0,0.0,0.0
2013-01-09 18:00:00,0.0,0.0,0.0,0.0,0.0,0.0,0.0,0.0,0.0,0.0,0.0,0.0,0.0,0.0,0.0,0.0,0.0
2013-01-09 19:00:00,0.0,0.0,0.0,0.0,0.0,0.0,0.0,0.0,0.0,0.0,0.0,0.0,0.0,0.0,0.0,0.0,0.0
2013-01-09 20:00:00,0.0,0.0,0.0,0.0,0.0,0.0,0.0,0.0,0.0,0.0,0.0,0.0,0.0,0.0,0.0,0.0,0.0
2013-01-09 21:00:00,0.0,0.0,0.0,0.0,0.0,0.0,0.0,0.0,0.0,0.0,0.0,0.0,0.0,0.0,0.0,0.0,0.0
2013-01-09 22:00:00,0.0,0.0,0.0,0.0,0.0,0.0,0.0,0.0,0.0,0.0,0.0,0.0,0.0,0.0,0.0,0.0,0.0
2013-01-09 23:00:00,0.0,0.0,0.0,0.0,0.0,0.0,0.0,0.0,0.0,0.0,0.0,0.0,0.0,0.0,0.0,0.0,0.0
2013-01-10 00:00:00,0.0,0.0,0.0,0.0,0.0,0.0,0.0,0.0,0.0,0.0,0.0,0.0,0.0,0.0,0.0,0.0,0.0
2013-01-10 01:00:00,0.0,0.0,0.0,0.0,0.0,0.0,0.0,0.0,0.0,0.0,0.0,0.0,0.0,0.0,0.0,0.0,0.0
2013-01-10 02:00:00,0.0,0.0,0.0,0.0,0.0,0.0,0.0,0.0,0.0,0.0,0.0,0.0,0.0,0.0,0.0,0.0,0.0
2013-01-10 03:00:00,0.0,0.0,0.0,0.0,0.0,0.0,0.0,0.0,0.0,0.0,0.0,0.0,0.0,0.0,0.0,0.0,0.0
2013-01-10 04:00:00,0.0,0.0,0.0,0.0,0.0,0.0,0.0,0.0,0.0,0.0,0.0,0.0,0.0,0.0,0.0,0.0,0.0
2013-01-10 05:00:00,0.0,0.0,0.0,0.0,0.0,0.0,0.0,0.0,0.0,0.0,0.0,0.0,0.0,0.0,0.0,0.0,0.0
2013-01-10 06:00:00,0.0,0.0,0.0,0.0,0.0,0.0,0.0,0.0,0.0,0.0,0.0,0.0,0.0,0.0,0.0,0.0,0.0
2013-01-10 07:00:00,0.0,0.0,0.0,0.0,0.0,0.0,0.0,0.0,0.0,0.0,0.0,0.0,0.0,0.0,0.0,0.0,0.0
2013-01-10 08:00:00,0.002,0.004,0.002,0.005,0.0,0.004,0.011,0.001,0.007,0.008,0.002,0.0,0.008,0.005,0.001,0.001,0.0
2013-01-10 09:00:00,0.015,0.026,0.015,0.017,0.009,0.028,0.049,0.016,0.033,0.021,0.011,0.004,0.043,0.022,0.012,0.013,0.004
2013-01-10 10:00:00,0.029,0.039,0.025,0.036,0.016,0.046,0.079,0.037,0.051,0.047,0.024,0.017,0.067,0.06,0.024,0.021,0.015
2013-01-10 11:00:00,0.037,0.049,0.023,0.05,0.026,0.048,0.111,0.039,0.088,0.063,0.029,0.021,0.104,0.085,0.023,0.026,0.022
2013-01-10 12:00:00,0.039,0.047,0.019,0.048,0.023,0.038,0.146,0.037,0.087,0.083,0.029,0.031,0.12,0.115,0.028,0.025,0.032
2013-01-10 13:00:00,0.04,0.044,0.019,0.052,0.021,0.035,0.138,0.03,0.075,0.107,0.019,0.037,0.102,0.109,0.021,0.027,0.046
2013-01-10 14:00:00,0.027,0.031,0.008,0.045,0.023,0.011,0.08,0.014,0.047,0.124,0.007,0.039,0.043,0.054,0.011,0.011,0.043
2013-01-10 15:00:00,0.008,0.011,0.001,0.003,0.005,0.0,0.022,0.0,0.011,0.05,0.0,0.017,0.012,0.006,0.0,0.004,0.026
2013-01-10 16:00:00,0.0,0.0,0.0,0.0,0.0,0.0,0.0,0.0,0.0,0.0,0.0,0.0,0.0,0.0,0.0,0.0,0.0
2013-01-10 17:00:00,0.0,0.0,0.0,0.0,0.0,0.0,0.0,0.0,0.0,0.0,0.0,0.0,0.0,0.0,0.0,0.0,0.0
2013-01-10 18:00:00,0.0,0.0,0.0,0.0,0.0,0.0,0.0,0.0,0.0,0.0,0.0,0.0,0.0,0.0,0.0,0.0,0.0
2013-01-10 19:00:00,0.0,0.0,0.0,0.0,0.0,0.0,0.0,0.0,0.0,0.0,0.0,0.0,0.0,0.0,0.0,0.0,0.0
2013-01-10 20:00:00,0.0,0.0,0.0,0.0,0.0,0.0,0.0,0.0,0.0,0.0,0.0,0.0,0.0,0.0,0.0,0.0,0.0
2013-01-10 21:00:00,0.0,0.0,0.0,0.0,0.0,0.0,0.0,0.0,0.0,0.0,0.0,0.0,0.0,0.0,0.0,0.0,0.0
2013-01-10 22:00:00,0.0,0.0,0.0,0.0,0.0,0.0,0.0,0.0,0.0,0.0,0.0,0.0,0.0,0.0,0.0,0.0,0.0
2013-01-10 23:00:00,0.0,0.0,0.0,0.0,0.0,0.0,0.0,0.0,0.0,0.0,0.0,0.0,0.0,0.0,0.0,0.0,0.0
2013-01-11 00:00:00,0.0,0.0,0.0,0.0,0.0,0.0,0.0,0.0,0.0,0.0,0.0,0.0,0.0,0.0,0.0,0.0,0.0
2013-01-11 01:00:00,0.0,0.0,0.0,0.0,0.0,0.0,0.0,0.0,0.0,0.0,0.0,0.0,0.0,0.0,0.0,0.0,0.0
2013-01-11 02:00:00,0.0,0.0,0.0,0.0,0.0,0.0,0.0,0.0,0.0,0.0,0.0,0.0,0.0,0.0,0.0,0.0,0.0
2013-01-11 03:00:00,0.0,0.0,0.0,0.0,0.0,0.0,0.0,0.0,0.0,0.0,0.0,0.0,0.0,0.0,0.0,0.0,0.0
2013-01-11 04:00:00,0.0,0.0,0.0,0.0,0.0,0.0,0.0,0.0,0.0,0.0,0.0,0.0,0.0,0.0,0.0,0.0,0.0
2013-01-11 05:00:00,0.0,0.0,0.0,0.0,0.0,0.0,0.0,0.0,0.0,0.0,0.0,0.0,0.0,0.0,0.0,0.0,0.0
2013-01-11 06:00:00,0.0,0.0,0.0,0.0,0.0,0.0,0.0,0.0,0.0,0.0,0.0,0.0,0.0,0.0,0.0,0.0,0.0
2013-01-11 07:00:00,0.0,0.0,0.0,0.0,0.0,0.0,0.0,0.0,0.0,0.0,0.0,0.0,0.0,0.0,0.0,0.0,0.0
2013-01-11 08:00:00,0.007,0.006,0.007,0.014,0.002,0.01,0.012,0.01,0.01,0.02,0.011,0.004,0.014,0.013,0.01,0.006,0.002
2013-01-11 09:00:00,0.039,0.039,0.034,0.038,0.034,0.04,0.049,0.04,0.041,0.059,0.048,0.032,0.056,0.051,0.046,0.035,0.032
2013-01-11 10:00:00,0.064,0.075,0.052,0.068,0.058,0.068,0.073,0.059,0.066,0.087,0.064,0.058,0.078,0.085,0.068,0.061,0.058
2013-01-11 11:00:00,0.111,0.108,0.125,0.133,0.096,0.107,0.13,0.119,0.107,0.129,0.104,0.107,0.13,0.127,0.113,0.107,0.105
2013-01-11 12:00:00,0.143,0.154,0.171,0.136,0.152,0.143,0.153,0.132,0.161,0.15,0.112,0.129,0.148,0.13,0.128,0.138,0.161
2013-01-11 13:00:00,0.146,0.17,0.168,0.108,0.184,0.136,0.149,0.123,0.166,0.116,0.104,0.106,0.147,0.121,0.103,0.154,0.19
2013-01-11 14:00:00,0.117,0.152,0.155,0.055,0.189,0.107,0.124,0.081,0.12,0.046,0.059,0.043,0.093,0.068,0.05,0.153,0.131
2013-01-11 15:00:00,0.055,0.102,0.08,0.01,0.097,0.063,0.057,0.041,0.061,0.012,0.0,0.003,0.043,0.034,0.002,0.079,0.061
2013-01-11 16:00:00,0.0,0.0,0.0,0.0,0.0,0.0,0.0,0.0,0.0,0.0,0.0,0.0,0.0,0.0,0.0,0.0,0.0
2013-01-11 17:00:00,0.0,0.0,0.0,0.0,0.0,0.0,0.0,0.0,0.0,0.0,0.0,0.0,0.0,0.0,0.0,0.0,0.0
2013-01-11 18:00:00,0.0,0.0,0.0,0.0,0.0,0.0,0.0,0.0,0.0,0.0,0.0,0.0,0.0,0.0,0.0,0.0,0.0
2013-01-11 19:00:00,0.0,0.0,0.0,0.0,0.0,0.0,0.0,0.0,0.0,0.0,0.0,0.0,0.0,0.0,0.0,0.0,0.0
2013-01-11 20:00:00,0.0,0.0,0.0,0.0,0.0,0.0,0.0,0.0,0.0,0.0,0.0,0.0,0.0,0.0,0.0,0.0,0.0
2013-01-11 21:00:00,0.0,0.0,0.0,0.0,0.0,0.0,0.0,0.0,0.0,0.0,0.0,0.0,0.0,0.0,0.0,0.0,0.0
2013-01-11 22:00:00,0.0,0.0,0.0,0.0,0.0,0.0,0.0,0.0,0.0,0.0,0.0,0.0,0.0,0.0,0.0,0.0,0.0
2013-01-11 23:00:00,0.0,0.0,0.0,0.0,0.0,0.0,0.0,0.0,0.0,0.0,0.0,0.0,0.0,0.0,0.0,0.0,0.0
2013-01-12 00:00:00,0.0,0.0,0.0,0.0,0.0,0.0,0.0,0.0,0.0,0.0,0.0,0.0,0.0,0.0,0.0,0.0,0.0
2013-01-12 01:00:00,0.0,0.0,0.0,0.0,0.0,0.0,0.0,0.0,0.0,0.0,0.0,0.0,0.0,0.0,0.0,0.0,0.0
2013-01-12 02:00:00,0.0,0.0,0.0,0.0,0.0,0.0,0.0,0.0,0.0,0.0,0.0,0.0,0.0,0.0,0.0,0.0,0.0
2013-01-12 03:00:00,0.0,0.0,0.0,0.0,0.0,0.0,0.0,0.0,0.0,0.0,0.0,0.0,0.0,0.0,0.0,0.0,0.0
2013-01-12 04:00:00,0.0,0.0,0.0,0.0,0.0,0.0,0.0,0.0,0.0,0.0,0.0,0.0,0.0,0.0,0.0,0.0,0.0
2013-01-12 05:00:00,0.0,0.0,0.0,0.0,0.0,0.0,0.0,0.0,0.0,0.0,0.0,0.0,0.0,0.0,0.0,0.0,0.0
2013-01-12 06:00:00,0.0,0.0,0.0,0.0,0.0,0.0,0.0,0.0,0.0,0.0,0.0,0.0,0.0,0.0,0.0,0.0,0.0
2013-01-12 07:00:00,0.0,0.0,0.0,0.0,0.0,0.0,0.0,0.0,0.0,0.0,0.0,0.0,0.0,0.0,0.0,0.0,0.0
2013-01-12 08:00:00,0.009,0.006,0.009,0.023,0.003,0.011,0.025,0.015,0.012,0.027,0.009,0.003,0.019,0.019,0.01,0.005,0.003
2013-01-12 09:00:00,0.042,0.035,0.049,0.062,0.028,0.045,0.073,0.053,0.046,0.069,0.033,0.027,0.068,0.058,0.045,0.039,0.038
2013-01-12 10:00:00,0.072,0.064,0.087,0.085,0.055,0.077,0.102,0.084,0.065,0.107,0.074,0.053,0.1,0.083,0.077,0.064,0.07
2013-01-12 11:00:00,0.096,0.091,0.106,0.116,0.076,0.098,0.16,0.109,0.102,0.145,0.085,0.073,0.137,0.109,0.09,0.087,0.099
2013-01-12 12:00:00,0.103,0.099,0.114,0.111,0.072,0.097,0.179,0.103,0.116,0.158,0.088,0.08,0.145,0.1,0.094,0.101,0.115
2013-01-12 13:00:00,0.084,0.089,0.087,0.08,0.069,0.067,0.127,0.075,0.1,0.126,0.102,0.064,0.114,0.068,0.088,0.076,0.1
2013-01-12 14:00:00,0.052,0.055,0.055,0.041,0.052,0.045,0.096,0.043,0.05,0.079,0.051,0.042,0.062,0.045,0.04,0.051,0.07
2013-01-12 15:00:00,0.013,0.011,0.009,0.002,0.025,0.009,0.032,0.003,0.01,0.026,0.0,0.005,0.016,0.004,0.001,0.011,0.034
2013-01-12 16:00:00,0.0,0.0,0.0,0.0,0.0,0.0,0.0,0.0,0.0,0.0,0.0,0.0,0.0,0.0,0.0,0.0,0.0
2013-01-12 17:00:00,0.0,0.0,0.0,0.0,0.0,0.0,0.0,0.0,0.0,0.0,0.0,0.0,0.0,0.0,0.0,0.0,0.0
2013-01-12 18:00:00,0.0,0.0,0.0,0.0,0.0,0.0,0.0,0.0,0.0,0.0,0.0,0.0,0.0,0.0,0.0,0.0,0.0
2013-01-12 19:00:00,0.0,0.0,0.0,0.0,0.0,0.0,0.0,0.0,0.0,0.0,0.0,0.0,0.0,0.0,0.0,0.0,0.0
2013-01-12 20:00:00,0.0,0.0,0.0,0.0,0.0,0.0,0.0,0.0,0.0,0.0,0.0,0.0,0.0,0.0,0.0,0.0,0.0
2013-01-12 21:00:00,0.0,0.0,0.0,0.0,0.0,0.0,0.0,0.0,0.0,0.0,0.0,0.0,0.0,0.0,0.0,0.0,0.0
2013-01-12 22:00:00,0.0,0.0,0.0,0.0,0.0,0.0,0.0,0.0,0.0,0.0,0.0,0.0,0.0,0.0,0.0,0.0,0.0
2013-01-12 23:00:00,0.0,0.0,0.0,0.0,0.0,0.0,0.0,0.0,0.0,0.0,0.0,0.0,0.0,0.0,0.0,0.0,0.0
2013-01-13 00:00:00,0.0,0.0,0.0,0.0,0.0,0.0,0.0,0.0,0.0,0.0,0.0,0.0,0.0,0.0,0.0,0.0,0.0
2013-01-13 01:00:00,0.0,0.0,0.0,0.0,0.0,0.0,0.0,0.0,0.0,0.0,0.0,0.0,0.0,0.0,0.0,0.0,0.0
2013-01-13 02:00:00,0.0,0.0,0.0,0.0,0.0,0.0,0.0,0.0,0.0,0.0,0.0,0.0,0.0,0.0,0.0,0.0,0.0
2013-01-13 03:00:00,0.0,0.0,0.0,0.0,0.0,0.0,0.0,0.0,0.0,0.0,0.0,0.0,0.0,0.0,0.0,0.0,0.0
2013-01-13 04:00:00,0.0,0.0,0.0,0.0,0.0,0.0,0.0,0.0,0.0,0.0,0.0,0.0,0.0,0.0,0.0,0.0,0.0
2013-01-13 05:00:00,0.0,0.0,0.0,0.0,0.0,0.0,0.0,0.0,0.0,0.0,0.0,0.0,0.0,0.0,0.0,0.0,0.0
2013-01-13 06:00:00,0.0,0.0,0.0,0.0,0.0,0.0,0.0,0.0,0.0,0.0,0.0,0.0,0.0,0.0,0.0,0.0,0.0
2013-01-13 07:00:00,0.0,0.0,0.0,0.0,0.0,0.0,0.0,0.0,0.0,0.0,0.0,0.0,0.0,0.0,0.0,0.0,0.0
2013-01-13 08:00:00,0.013,0.01,0.011,0.029,0.004,0.02,0.031,0.016,0.018,0.037,0.017,0.005,0.026,0.031,0.009,0.01,0.004
2013-01-13 09:00:00,0.053,0.054,0.054,0.069,0.038,0.066,0.069,0.054,0.065,0.08,0.055,0.042,0.074,0.075,0.044,0.052,0.046
2013-01-13 10:00:00,0.087,0.09,0.084,0.105,0.067,0.097,0.108,0.085,0.097,0.12,0.089,0.074,0.122,0.116,0.084,0.086,0.074
2013-01-13 11:00:00,0.136,0.139,0.126,0.172,0.104,0.165,0.195,0.12,0.166,0.205,0.125,0.114,0.186,0.201,0.114,0.133,0.124
2013-01-13 12:00:00,0.169,0.181,0.163,0.197,0.147,0.193,0.264,0.155,0.187,0.272,0.133,0.151,0.198,0.263,0.123,0.165,0.162
2013-01-13 13:00:00,0.167,0.196,0.18,0.212,0.157,0.199,0.256,0.152,0.161,0.286,0.125,0.164,0.188,0.259,0.112,0.141,0.172
2013-01-13 14:00:00,0.123,0.16,0.136,0.163,0.137,0.133,0.179,0.093,0.116,0.192,0.064,0.124,0.105,0.175,0.057,0.112,0.136
2013-01-13 15:00:00,0.053,0.072,0.063,0.065,0.085,0.058,0.094,0.026,0.038,0.089,0.0,0.057,0.04,0.083,0.006,0.046,0.067
2013-01-13 16:00:00,0.0,0.0,0.0,0.0,0.0,0.0,0.0,0.0,0.0,0.0,0.0,0.0,0.0,0.0,0.0,0.0,0.0
2013-01-13 17:00:00,0.0,0.0,0.0,0.0,0.0,0.0,0.0,0.0,0.0,0.0,0.0,0.0,0.0,0.0,0.0,0.0,0.0
2013-01-13 18:00:00,0.0,0.0,0.0,0.0,0.0,0.0,0.0,0.0,0.0,0.0,0.0,0.0,0.0,0.0,0.0,0.0,0.0
2013-01-13 19:00:00,0.0,0.0,0.0,0.0,0.0,0.0,0.0,0.0,0.0,0.0,0.0,0.0,0.0,0.0,0.0,0.0,0.0
2013-01-13 20:00:00,0.0,0.0,0.0,0.0,0.0,0.0,0.0,0.0,0.0,0.0,0.0,0.0,0.0,0.0,0.0,0.0,0.0
2013-01-13 21:00:00,0.0,0.0,0.0,0.0,0.0,0.0,0.0,0.0,0.0,0.0,0.0,0.0,0.0,0.0,0.0,0.0,0.0
2013-01-13 22:00:00,0.0,0.0,0.0,0.0,0.0,0.0,0.0,0.0,0.0,0.0,0.0,0.0,0.0,0.0,0.0,0.0,0.0
2013-01-13 23:00:00,0.0,0.0,0.0,0.0,0.0,0.0,0.0,0.0,0.0,0.0,0.0,0.0,0.0,0.0,0.0,0.0,0.0
2013-01-14 00:00:00,0.0,0.0,0.0,0.0,0.0,0.0,0.0,0.0,0.0,0.0,0.0,0.0,0.0,0.0,0.0,0.0,0.0
2013-01-14 01:00:00,0.0,0.0,0.0,0.0,0.0,0.0,0.0,0.0,0.0,0.0,0.0,0.0,0.0,0.0,0.0,0.0,0.0
2013-01-14 02:00:00,0.0,0.0,0.0,0.0,0.0,0.0,0.0,0.0,0.0,0.0,0.0,0.0,0.0,0.0,0.0,0.0,0.0
2013-01-14 03:00:00,0.0,0.0,0.0,0.0,0.0,0.0,0.0,0.0,0.0,0.0,0.0,0.0,0.0,0.0,0.0,0.0,0.0
2013-01-14 04:00:00,0.0,0.0,0.0,0.0,0.0,0.0,0.0,0.0,0.0,0.0,0.0,0.0,0.0,0.0,0.0,0.0,0.0
2013-01-14 05:00:00,0.0,0.0,0.0,0.0,0.0,0.0,0.0,0.0,0.0,0.0,0.0,0.0,0.0,0.0,0.0,0.0,0.0
2013-01-14 06:00:00,0.0,0.0,0.0,0.0,0.0,0.0,0.0,0.0,0.0,0.0,0.0,0.0,0.0,0.0,0.0,0.0,0.0
2013-01-14 07:00:00,0.0,0.0,0.0,0.0,0.0,0.0,0.0,0.0,0.0,0.0,0.0,0.0,0.0,0.0,0.0,0.0,0.0
2013-01-14 08:00:00,0.013,0.012,0.01,0.028,0.005,0.018,0.026,0.018,0.023,0.034,0.017,0.006,0.03,0.03,0.012,0.009,0.003
2013-01-14 09:00:00,0.048,0.049,0.043,0.069,0.037,0.052,0.065,0.05,0.072,0.076,0.052,0.04,0.085,0.081,0.041,0.04,0.04
2013-01-14 10:00:00,0.079,0.079,0.067,0.121,0.066,0.081,0.106,0.077,0.098,0.11,0.084,0.072,0.125,0.13,0.064,0.07,0.074
2013-01-14 11:00:00,0.129,0.096,0.151,0.17,0.093,0.159,0.129,0.164,0.11,0.119,0.121,0.122,0.13,0.142,0.119,0.14,0.114
2013-01-14 12:00:00,0.139,0.067,0.223,0.191,0.074,0.156,0.117,0.2,0.083,0.128,0.123,0.176,0.103,0.135,0.14,0.137,0.152
2013-01-14 13:00:00,0.1,0.031,0.173,0.152,0.044,0.082,0.086,0.164,0.034,0.083,0.104,0.201,0.066,0.095,0.125,0.069,0.126
2013-01-14 14:00:00,0.053,0.013,0.064,0.066,0.017,0.037,0.038,0.063,0.028,0.053,0.069,0.151,0.031,0.065,0.078,0.028,0.08
2013-01-14 15:00:00,0.007,0.006,0.006,0.003,0.003,0.004,0.008,0.003,0.007,0.009,0.0,0.037,0.006,0.006,0.004,0.003,0.01
2013-01-14 16:00:00,0.0,0.0,0.0,0.0,0.0,0.0,0.0,0.0,0.0,0.0,0.0,0.0,0.0,0.0,0.0,0.0,0.0
2013-01-14 17:00:00,0.0,0.0,0.0,0.0,0.0,0.0,0.0,0.0,0.0,0.0,0.0,0.0,0.0,0.0,0.0,0.0,0.0
2013-01-14 18:00:00,0.0,0.0,0.0,0.0,0.0,0.0,0.0,0.0,0.0,0.0,0.0,0.0,0.0,0.0,0.0,0.0,0.0
2013-01-14 19:00:00,0.0,0.0,0.0,0.0,0.0,0.0,0.0,0.0,0.0,0.0,0.0,0.0,0.0,0.0,0.0,0.0,0.0
2013-01-14 20:00:00,0.0,0.0,0.0,0.0,0.0,0.0,0.0,0.0,0.0,0.0,0.0,0.0,0.0,0.0,0.0,0.0,0.0
2013-01-14 21:00:00,0.0,0.0,0.0,0.0,0.0,0.0,0.0,0.0,0.0,0.0,0.0,0.0,0.0,0.0,0.0,0.0,0.0
2013-01-14 22:00:00,0.0,0.0,0.0,0.0,0.0,0.0,0.0,0.0,0.0,0.0,0.0,0.0,0.0,0.0,0.0,0.0,0.0
2013-01-14 23:00:00,0.0,0.0,0.0,0.0,0.0,0.0,0.0,0.0,0.0,0.0,0.0,0.0,0.0,0.0,0.0,0.0,0.0
2013-01-15 00:00:00,0.0,0.0,0.0,0.0,0.0,0.0,0.0,0.0,0.0,0.0,0.0,0.0,0.0,0.0,0.0,0.0,0.0
2013-01-15 01:00:00,0.0,0.0,0.0,0.0,0.0,0.0,0.0,0.0,0.0,0.0,0.0,0.0,0.0,0.0,0.0,0.0,0.0
2013-01-15 02:00:00,0.0,0.0,0.0,0.0,0.0,0.0,0.0,0.0,0.0,0.0,0.0,0.0,0.0,0.0,0.0,0.0,0.0
2013-01-15 03:00:00,0.0,0.0,0.0,0.0,0.0,0.0,0.0,0.0,0.0,0.0,0.0,0.0,0.0,0.0,0.0,0.0,0.0
2013-01-15 04:00:00,0.0,0.0,0.0,0.0,0.0,0.0,0.0,0.0,0.0,0.0,0.0,0.0,0.0,0.0,0.0,0.0,0.0
2013-01-15 05:00:00,0.0,0.0,0.0,0.0,0.0,0.0,0.0,0.0,0.0,0.0,0.0,0.0,0.0,0.0,0.0,0.0,0.0
2013-01-15 06:00:00,0.0,0.0,0.0,0.0,0.0,0.0,0.0,0.0,0.0,0.0,0.0,0.0,0.0,0.0,0.0,0.0,0.0
2013-01-15 07:00:00,0.0,0.0,0.0,0.0,0.0,0.0,0.0,0.0,0.0,0.0,0.0,0.0,0.0,0.0,0.0,0.0,0.0
2013-01-15 08:00:00,0.012,0.013,0.011,0.014,0.005,0.026,0.029,0.021,0.02,0.012,0.008,0.007,0.023,0.028,0.011,0.01,0.004
2013-01-15 09:00:00,0.05,0.059,0.052,0.038,0.033,0.075,0.07,0.066,0.063,0.038,0.043,0.043,0.07,0.057,0.053,0.051,0.038
2013-01-15 10:00:00,0.086,0.102,0.096,0.053,0.06,0.109,0.112,0.098,0.112,0.074,0.096,0.069,0.111,0.102,0.089,0.09,0.071
2013-01-15 11:00:00,0.126,0.158,0.118,0.1,0.097,0.161,0.15,0.141,0.158,0.103,0.125,0.123,0.152,0.153,0.112,0.13,0.108
2013-01-15 12:00:00,0.149,0.212,0.125,0.139,0.128,0.168,0.153,0.15,0.165,0.098,0.151,0.181,0.148,0.154,0.115,0.157,0.133
2013-01-15 13:00:00,0.143,0.215,0.116,0.15,0.133,0.136,0.193,0.123,0.113,0.081,0.115,0.202,0.131,0.117,0.088,0.159,0.134
2013-01-15 14:00:00,0.089,0.119,0.061,0.095,0.084,0.07,0.151,0.063,0.053,0.067,0.057,0.149,0.099,0.069,0.046,0.101,0.096
2013-01-15 15:00:00,0.031,0.047,0.016,0.015,0.031,0.012,0.071,0.007,0.013,0.03,0.0,0.076,0.05,0.035,0.008,0.037,0.037
2013-01-15 16:00:00,0.0,0.0,0.0,0.0,0.0,0.0,0.0,0.0,0.0,0.0,0.0,0.0,0.0,0.0,0.0,0.0,0.0
2013-01-15 17:00:00,0.0,0.0,0.0,0.0,0.0,0.0,0.0,0.0,0.0,0.0,0.0,0.0,0.0,0.0,0.0,0.0,0.0
2013-01-15 18:00:00,0.0,0.0,0.0,0.0,0.0,0.0,0.0,0.0,0.0,0.0,0.0,0.0,0.0,0.0,0.0,0.0,0.0
2013-01-15 19:00:00,0.0,0.0,0.0,0.0,0.0,0.0,0.0,0.0,0.0,0.0,0.0,0.0,0.0,0.0,0.0,0.0,0.0
2013-01-15 20:00:00,0.0,0.0,0.0,0.0,0.0,0.0,0.0,0.0,0.0,0.0,0.0,0.0,0.0,0.0,0.0,0.0,0.0
2013-01-15 21:00:00,0.0,0.0,0.0,0.0,0.0,0.0,0.0,0.0,0.0,0.0,0.0,0.0,0.0,0.0,0.0,0.0,0.0
2013-01-15 22:00:00,0.0,0.0,0.0,0.0,0.0,0.0,0.0,0.0,0.0,0.0,0.0,0.0,0.0,0.0,0.0,0.0,0.0
2013-01-15 23:00:00,0.0,0.0,0.0,0.0,0.0,0.0,0.0,0.0,0.0,0.0,0.0,0.0,0.0,0.0,0.0,0.0,0.0
2013-01-16 00:00:00,0.0,0.0,0.0,0.0,0.0,0.0,0.0,0.0,0.0,0.0,0.0,0.0,0.0,0.0,0.0,0.0,0.0
2013-01-16 01:00:00,0.0,0.0,0.0,0.0,0.0,0.0,0.0,0.0,0.0,0.0,0.0,0.0,0.0,0.0,0.0,0.0,0.0
2013-01-16 02:00:00,0.0,0.0,0.0,0.0,0.0,0.0,0.0,0.0,0.0,0.0,0.0,0.0,0.0,0.0,0.0,0.0,0.0
2013-01-16 03:00:00,0.0,0.0,0.0,0.0,0.0,0.0,0.0,0.0,0.0,0.0,0.0,0.0,0.0,0.0,0.0,0.0,0.0
2013-01-16 04:00:00,0.0,0.0,0.0,0.0,0.0,0.0,0.0,0.0,0.0,0.0,0.0,0.0,0.0,0.0,0.0,0.0,0.0
2013-01-16 05:00:00,0.0,0.0,0.0,0.0,0.0,0.0,0.0,0.0,0.0,0.0,0.0,0.0,0.0,0.0,0.0,0.0,0.0
2013-01-16 06:00:00,0.0,0.0,0.0,0.0,0.0,0.0,0.0,0.0,0.0,0.0,0.0,0.0,0.0,0.0,0.0,0.0,0.0
2013-01-16 07:00:00,0.0,0.0,0.0,0.0,0.0,0.0,0.0,0.0,0.0,0.0,0.0,0.0,0.0,0.0,0.0,0.0,0.0
2013-01-16 08:00:00,0.008,0.004,0.008,0.01,0.002,0.016,0.018,0.011,0.01,0.004,0.016,0.004,0.025,0.018,0.009,0.006,0.005
2013-01-16 09:00:00,0.035,0.036,0.037,0.023,0.031,0.048,0.048,0.04,0.033,0.014,0.041,0.026,0.074,0.038,0.04,0.03,0.04
2013-01-16 10:00:00,0.064,0.059,0.073,0.025,0.066,0.081,0.086,0.06,0.061,0.026,0.068,0.046,0.122,0.061,0.069,0.066,0.081
2013-01-16 11:00:00,0.087,0.091,0.091,0.034,0.103,0.094,0.097,0.08,0.08,0.044,0.081,0.063,0.14,0.074,0.081,0.088,0.123
2013-01-16 12:00:00,0.092,0.083,0.101,0.034,0.121,0.097,0.083,0.08,0.084,0.061,0.067,0.062,0.113,0.078,0.077,0.093,0.154
2013-01-16 13:00:00,0.075,0.072,0.092,0.031,0.091,0.067,0.065,0.053,0.072,0.065,0.043,0.064,0.079,0.063,0.056,0.076,0.137
2013-01-16 14:00:00,0.042,0.043,0.042,0.02,0.054,0.027,0.032,0.023,0.041,0.05,0.019,0.038,0.041,0.035,0.022,0.042,0.087
2013-01-16 15:00:00,0.01,0.014,0.009,0.003,0.018,0.004,0.007,0.002,0.013,0.008,0.0,0.012,0.009,0.005,0.002,0.01,0.026
2013-01-16 16:00:00,0.0,0.0,0.0,0.0,0.0,0.0,0.0,0.0,0.0,0.0,0.0,0.0,0.0,0.0,0.0,0.0,0.0
2013-01-16 17:00:00,0.0,0.0,0.0,0.0,0.0,0.0,0.0,0.0,0.0,0.0,0.0,0.0,0.0,0.0,0.0,0.0,0.0
2013-01-16 18:00:00,0.0,0.0,0.0,0.0,0.0,0.0,0.0,0.0,0.0,0.0,0.0,0.0,0.0,0.0,0.0,0.0,0.0
2013-01-16 19:00:00,0.0,0.0,0.0,0.0,0.0,0.0,0.0,0.0,0.0,0.0,0.0,0.0,0.0,0.0,0.0,0.0,0.0
2013-01-16 20:00:00,0.0,0.0,0.0,0.0,0.0,0.0,0.0,0.0,0.0,0.0,0.0,0.0,0.0,0.0,0.0,0.0,0.0
2013-01-16 21:00:00,0.0,0.0,0.0,0.0,0.0,0.0,0.0,0.0,0.0,0.0,0.0,0.0,0.0,0.0,0.0,0.0,0.0
2013-01-16 22:00:00,0.0,0.0,0.0,0.0,0.0,0.0,0.0,0.0,0.0,0.0,0.0,0.0,0.0,0.0,0.0,0.0,0.0
2013-01-16 23:00:00,0.0,0.0,0.0,0.0,0.0,0.0,0.0,0.0,0.0,0.0,0.0,0.0,0.0,0.0,0.0,0.0,0.0
2013-01-17 00:00:00,0.0,0.0,0.0,0.0,0.0,0.0,0.0,0.0,0.0,0.0,0.0,0.0,0.0,0.0,0.0,0.0,0.0
2013-01-17 01:00:00,0.0,0.0,0.0,0.0,0.0,0.0,0.0,0.0,0.0,0.0,0.0,0.0,0.0,0.0,0.0,0.0,0.0
2013-01-17 02:00:00,0.0,0.0,0.0,0.0,0.0,0.0,0.0,0.0,0.0,0.0,0.0,0.0,0.0,0.0,0.0,0.0,0.0
2013-01-17 03:00:00,0.0,0.0,0.0,0.0,0.0,0.0,0.0,0.0,0.0,0.0,0.0,0.0,0.0,0.0,0.0,0.0,0.0
2013-01-17 04:00:00,0.0,0.0,0.0,0.0,0.0,0.0,0.0,0.0,0.0,0.0,0.0,0.0,0.0,0.0,0.0,0.0,0.0
2013-01-17 05:00:00,0.0,0.0,0.0,0.0,0.0,0.0,0.0,0.0,0.0,0.0,0.0,0.0,0.0,0.0,0.0,0.0,0.0
2013-01-17 06:00:00,0.0,0.0,0.0,0.0,0.0,0.0,0.0,0.0,0.0,0.0,0.0,0.0,0.0,0.0,0.0,0.0,0.0
2013-01-17 07:00:00,0.0,0.0,0.0,0.0,0.0,0.0,0.0,0.0,0.0,0.0,0.0,0.0,0.0,0.0,0.0,0.0,0.0
2013-01-17 08:00:00,0.009,0.005,0.011,0.012,0.004,0.013,0.015,0.013,0.007,0.02,0.018,0.007,0.013,0.018,0.012,0.007,0.004
2013-01-17 09:00:00,0.043,0.03,0.047,0.045,0.029,0.052,0.039,0.056,0.036,0.044,0.06,0.044,0.047,0.054,0.05,0.042,0.035
2013-01-17 10:00:00,0.076,0.068,0.083,0.065,0.064,0.078,0.073,0.092,0.068,0.054,0.095,0.073,0.092,0.068,0.085,0.078,0.077
2013-01-17 11:00:00,0.105,0.094,0.116,0.095,0.092,0.097,0.101,0.113,0.087,0.07,0.137,0.098,0.115,0.095,0.106,0.108,0.117
2013-01-17 12:00:00,0.109,0.089,0.114,0.098,0.111,0.09,0.097,0.098,0.062,0.052,0.14,0.1,0.109,0.076,0.103,0.119,0.156
2013-01-17 13:00:00,0.092,0.076,0.09,0.065,0.111,0.08,0.091,0.068,0.058,0.052,0.097,0.075,0.089,0.065,0.07,0.097,0.16
2013-01-17 14:00:00,0.058,0.045,0.047,0.035,0.088,0.047,0.055,0.037,0.027,0.031,0.045,0.048,0.049,0.044,0.046,0.053,0.131
2013-01-17 15:00:00,0.014,0.014,0.005,0.001,0.027,0.005,0.014,0.005,0.008,0.005,0.003,0.005,0.012,0.005,0.004,0.012,0.055
2013-01-17 16:00:00,0.0,0.0,0.0,0.0,0.0,0.0,0.0,0.0,0.0,0.0,0.0,0.0,0.0,0.0,0.0,0.0,0.0
2013-01-17 17:00:00,0.0,0.0,0.0,0.0,0.0,0.0,0.0,0.0,0.0,0.0,0.0,0.0,0.0,0.0,0.0,0.0,0.0
2013-01-17 18:00:00,0.0,0.0,0.0,0.0,0.0,0.0,0.0,0.0,0.0,0.0,0.0,0.0,0.0,0.0,0.0,0.0,0.0
2013-01-17 19:00:00,0.0,0.0,0.0,0.0,0.0,0.0,0.0,0.0,0.0,0.0,0.0,0.0,0.0,0.0,0.0,0.0,0.0
2013-01-17 20:00:00,0.0,0.0,0.0,0.0,0.0,0.0,0.0,0.0,0.0,0.0,0.0,0.0,0.0,0.0,0.0,0.0,0.0
2013-01-17 21:00:00,0.0,0.0,0.0,0.0,0.0,0.0,0.0,0.0,0.0,0.0,0.0,0.0,0.0,0.0,0.0,0.0,0.0
2013-01-17 22:00:00,0.0,0.0,0.0,0.0,0.0,0.0,0.0,0.0,0.0,0.0,0.0,0.0,0.0,0.0,0.0,0.0,0.0
2013-01-17 23:00:00,0.0,0.0,0.0,0.0,0.0,0.0,0.0,0.0,0.0,0.0,0.0,0.0,0.0,0.0,0.0,0.0,0.0
2013-01-18 00:00:00,0.0,0.0,0.0,0.0,0.0,0.0,0.0,0.0,0.0,0.0,0.0,0.0,0.0,0.0,0.0,0.0,0.0
2013-01-18 01:00:00,0.0,0.0,0.0,0.0,0.0,0.0,0.0,0.0,0.0,0.0,0.0,0.0,0.0,0.0,0.0,0.0,0.0
2013-01-18 02:00:00,0.0,0.0,0.0,0.0,0.0,0.0,0.0,0.0,0.0,0.0,0.0,0.0,0.0,0.0,0.0,0.0,0.0
2013-01-18 03:00:00,0.0,0.0,0.0,0.0,0.0,0.0,0.0,0.0,0.0,0.0,0.0,0.0,0.0,0.0,0.0,0.0,0.0
2013-01-18 04:00:00,0.0,0.0,0.0,0.0,0.0,0.0,0.0,0.0,0.0,0.0,0.0,0.0,0.0,0.0,0.0,0.0,0.0
2013-01-18 05:00:00,0.0,0.0,0.0,0.0,0.0,0.0,0.0,0.0,0.0,0.0,0.0,0.0,0.0,0.0,0.0,0.0,0.0
2013-01-18 06:00:00,0.0,0.0,0.0,0.0,0.0,0.0,0.0,0.0,0.0,0.0,0.0,0.0,0.0,0.0,0.0,0.0,0.0
2013-01-18 07:00:00,0.0,0.0,0.0,0.0,0.0,0.0,0.0,0.0,0.0,0.0,0.0,0.0,0.0,0.0,0.0,0.0,0.0
2013-01-18 08:00:00,0.011,0.009,0.008,0.02,0.005,0.015,0.018,0.016,0.012,0.019,0.022,0.005,0.018,0.02,0.014,0.008,0.003
2013-01-18 09:00:00,0.047,0.047,0.049,0.054,0.033,0.062,0.054,0.053,0.049,0.047,0.066,0.033,0.069,0.061,0.053,0.046,0.035
2013-01-18 10:00:00,0.077,0.074,0.088,0.078,0.066,0.1,0.079,0.088,0.067,0.07,0.095,0.061,0.104,0.085,0.082,0.075,0.066
2013-01-18 11:00:00,0.097,0.102,0.118,0.102,0.064,0.12,0.094,0.117,0.092,0.079,0.12,0.086,0.123,0.113,0.107,0.093,0.091
2013-01-18 12:00:00,0.101,0.11,0.112,0.088,0.08,0.116,0.09,0.112,0.104,0.064,0.107,0.089,0.124,0.092,0.106,0.102,0.112
2013-01-18 13:00:00,0.085,0.091,0.091,0.074,0.074,0.107,0.084,0.101,0.076,0.055,0.084,0.073,0.093,0.077,0.082,0.085,0.105
2013-01-18 14:00:00,0.046,0.051,0.045,0.033,0.044,0.049,0.038,0.05,0.047,0.029,0.047,0.038,0.049,0.036,0.039,0.047,0.066
2013-01-18 15:00:00,0.011,0.016,0.012,0.004,0.011,0.012,0.008,0.012,0.01,0.004,0.009,0.011,0.01,0.005,0.005,0.01,0.027
2013-01-18 16:00:00,0.0,0.0,0.0,0.0,0.0,0.0,0.0,0.0,0.0,0.0,0.0,0.0,0.0,0.0,0.0,0.0,0.0
2013-01-18 17:00:00,0.0,0.0,0.0,0.0,0.0,0.0,0.0,0.0,0.0,0.0,0.0,0.0,0.0,0.0,0.0,0.0,0.0
2013-01-18 18:00:00,0.0,0.0,0.0,0.0,0.0,0.0,0.0,0.0,0.0,0.0,0.0,0.0,0.0,0.0,0.0,0.0,0.0
2013-01-18 19:00:00,0.0,0.0,0.0,0.0,0.0,0.0,0.0,0.0,0.0,0.0,0.0,0.0,0.0,0.0,0.0,0.0,0.0
2013-01-18 20:00:00,0.0,0.0,0.0,0.0,0.0,0.0,0.0,0.0,0.0,0.0,0.0,0.0,0.0,0.0,0.0,0.0,0.0
2013-01-18 21:00:00,0.0,0.0,0.0,0.0,0.0,0.0,0.0,0.0,0.0,0.0,0.0,0.0,0.0,0.0,0.0,0.0,0.0
2013-01-18 22:00:00,0.0,0.0,0.0,0.0,0.0,0.0,0.0,0.0,0.0,0.0,0.0,0.0,0.0,0.0,0.0,0.0,0.0
2013-01-18 23:00:00,0.0,0.0,0.0,0.0,0.0,0.0,0.0,0.0,0.0,0.0,0.0,0.0,0.0,0.0,0.0,0.0,0.0
2013-01-19 00:00:00,0.0,0.0,0.0,0.0,0.0,0.0,0.0,0.0,0.0,0.0,0.0,0.0,0.0,0.0,0.0,0.0,0.0
2013-01-19 01:00:00,0.0,0.0,0.0,0.0,0.0,0.0,0.0,0.0,0.0,0.0,0.0,0.0,0.0,0.0,0.0,0.0,0.0
2013-01-19 02:00:00,0.0,0.0,0.0,0.0,0.0,0.0,0.0,0.0,0.0,0.0,0.0,0.0,0.0,0.0,0.0,0.0,0.0
2013-01-19 03:00:00,0.0,0.0,0.0,0.0,0.0,0.0,0.0,0.0,0.0,0.0,0.0,0.0,0.0,0.0,0.0,0.0,0.0
2013-01-19 04:00:00,0.0,0.0,0.0,0.0,0.0,0.0,0.0,0.0,0.0,0.0,0.0,0.0,0.0,0.0,0.0,0.0,0.0
2013-01-19 05:00:00,0.0,0.0,0.0,0.0,0.0,0.0,0.0,0.0,0.0,0.0,0.0,0.0,0.0,0.0,0.0,0.0,0.0
2013-01-19 06:00:00,0.0,0.0,0.0,0.0,0.0,0.0,0.0,0.0,0.0,0.0,0.0,0.0,0.0,0.0,0.0,0.0,0.0
2013-01-19 07:00:00,0.0,0.0,0.0,0.0,0.0,0.0,0.0,0.0,0.0,0.0,0.0,0.0,0.0,0.0,0.0,0.0,0.0
2013-01-19 08:00:00,0.013,0.014,0.015,0.013,0.008,0.011,0.021,0.016,0.017,0.016,0.026,0.009,0.017,0.016,0.02,0.012,0.006
2013-01-19 09:00:00,0.049,0.044,0.056,0.037,0.046,0.035,0.065,0.044,0.049,0.048,0.066,0.048,0.057,0.045,0.067,0.045,0.049
2013-01-19 10:00:00,0.079,0.064,0.085,0.061,0.076,0.059,0.112,0.067,0.077,0.08,0.103,0.085,0.11,0.087,0.105,0.068,0.093
2013-01-19 11:00:00,0.11,0.119,0.103,0.078,0.132,0.106,0.128,0.085,0.126,0.113,0.11,0.114,0.145,0.102,0.136,0.094,0.12
2013-01-19 12:00:00,0.125,0.178,0.099,0.081,0.162,0.111,0.15,0.077,0.165,0.115,0.101,0.125,0.139,0.112,0.133,0.116,0.14
2013-01-19 13:00:00,0.106,0.156,0.074,0.066,0.138,0.092,0.134,0.053,0.123,0.081,0.069,0.11,0.135,0.076,0.104,0.109,0.127
2013-01-19 14:00:00,0.066,0.108,0.038,0.035,0.105,0.05,0.093,0.029,0.076,0.059,0.027,0.059,0.088,0.081,0.045,0.07,0.08
2013-01-19 15:00:00,0.019,0.043,0.006,0.004,0.038,0.015,0.029,0.003,0.019,0.006,0.001,0.011,0.032,0.016,0.003,0.021,0.031
2013-01-19 16:00:00,0.0,0.0,0.0,0.0,0.0,0.0,0.0,0.0,0.0,0.0,0.0,0.0,0.0,0.0,0.0,0.0,0.0
2013-01-19 17:00:00,0.0,0.0,0.0,0.0,0.0,0.0,0.0,0.0,0.0,0.0,0.0,0.0,0.0,0.0,0.0,0.0,0.0
2013-01-19 18:00:00,0.0,0.0,0.0,0.0,0.0,0.0,0.0,0.0,0.0,0.0,0.0,0.0,0.0,0.0,0.0,0.0,0.0
2013-01-19 19:00:00,0.0,0.0,0.0,0.0,0.0,0.0,0.0,0.0,0.0,0.0,0.0,0.0,0.0,0.0,0.0,0.0,0.0
2013-01-19 20:00:00,0.0,0.0,0.0,0.0,0.0,0.0,0.0,0.0,0.0,0.0,0.0,0.0,0.0,0.0,0.0,0.0,0.0
2013-01-19 21:00:00,0.0,0.0,0.0,0.0,0.0,0.0,0.0,0.0,0.0,0.0,0.0,0.0,0.0,0.0,0.0,0.0,0.0
2013-01-19 22:00:00,0.0,0.0,0.0,0.0,0.0,0.0,0.0,0.0,0.0,0.0,0.0,0.0,0.0,0.0,0.0,0.0,0.0
2013-01-19 23:00:00,0.0,0.0,0.0,0.0,0.0,0.0,0.0,0.0,0.0,0.0,0.0,0.0,0.0,0.0,0.0,0.0,0.0
2013-01-20 00:00:00,0.0,0.0,0.0,0.0,0.0,0.0,0.0,0.0,0.0,0.0,0.0,0.0,0.0,0.0,0.0,0.0,0.0
2013-01-20 01:00:00,0.0,0.0,0.0,0.0,0.0,0.0,0.0,0.0,0.0,0.0,0.0,0.0,0.0,0.0,0.0,0.0,0.0
2013-01-20 02:00:00,0.0,0.0,0.0,0.0,0.0,0.0,0.0,0.0,0.0,0.0,0.0,0.0,0.0,0.0,0.0,0.0,0.0
2013-01-20 03:00:00,0.0,0.0,0.0,0.0,0.0,0.0,0.0,0.0,0.0,0.0,0.0,0.0,0.0,0.0,0.0,0.0,0.0
2013-01-20 04:00:00,0.0,0.0,0.0,0.0,0.0,0.0,0.0,0.0,0.0,0.0,0.0,0.0,0.0,0.0,0.0,0.0,0.0
2013-01-20 05:00:00,0.0,0.0,0.0,0.0,0.0,0.0,0.0,0.0,0.0,0.0,0.0,0.0,0.0,0.0,0.0,0.0,0.0
2013-01-20 06:00:00,0.0,0.0,0.0,0.0,0.0,0.0,0.0,0.0,0.0,0.0,0.0,0.0,0.0,0.0,0.0,0.0,0.0
2013-01-20 07:00:00,0.0,0.0,0.0,0.0,0.0,0.0,0.0,0.0,0.0,0.0,0.0,0.0,0.0,0.0,0.0,0.0,0.0
2013-01-20 08:00:00,0.016,0.016,0.015,0.035,0.008,0.028,0.029,0.025,0.021,0.033,0.016,0.007,0.027,0.037,0.014,0.013,0.004
2013-01-20 09:00:00,0.06,0.064,0.063,0.075,0.044,0.078,0.079,0.068,0.067,0.08,0.054,0.041,0.084,0.09,0.059,0.058,0.045
2013-01-20 10:00:00,0.092,0.091,0.093,0.116,0.076,0.121,0.107,0.108,0.102,0.121,0.085,0.062,0.119,0.132,0.08,0.091,0.082
2013-01-20 11:00:00,0.138,0.156,0.157,0.177,0.123,0.155,0.134,0.147,0.131,0.148,0.104,0.114,0.134,0.189,0.137,0.137,0.12
2013-01-20 12:00:00,0.158,0.165,0.172,0.193,0.157,0.149,0.149,0.151,0.155,0.132,0.118,0.106,0.163,0.21,0.167,0.161,0.176
2013-01-20 13:00:00,0.151,0.141,0.174,0.191,0.161,0.129,0.109,0.149,0.112,0.102,0.101,0.099,0.119,0.19,0.16,0.154,0.204
2013-01-20 14:00:00,0.105,0.104,0.122,0.115,0.12,0.075,0.056,0.08,0.087,0.049,0.067,0.07,0.067,0.11,0.111,0.111,0.163
2013-01-20 15:00:00,0.042,0.044,0.037,0.019,0.057,0.022,0.013,0.02,0.038,0.008,0.027,0.041,0.024,0.028,0.041,0.039,0.107
2013-01-20 16:00:00,0.0,0.0,0.0,0.0,0.0,0.0,0.0,0.0,0.0,0.0,0.0,0.0,0.0,0.0,0.0,0.0,0.0
2013-01-20 17:00:00,0.0,0.0,0.0,0.0,0.0,0.0,0.0,0.0,0.0,0.0,0.0,0.0,0.0,0.0,0.0,0.0,0.0
2013-01-20 18:00:00,0.0,0.0,0.0,0.0,0.0,0.0,0.0,0.0,0.0,0.0,0.0,0.0,0.0,0.0,0.0,0.0,0.0
2013-01-20 19:00:00,0.0,0.0,0.0,0.0,0.0,0.0,0.0,0.0,0.0,0.0,0.0,0.0,0.0,0.0,0.0,0.0,0.0
2013-01-20 20:00:00,0.0,0.0,0.0,0.0,0.0,0.0,0.0,0.0,0.0,0.0,0.0,0.0,0.0,0.0,0.0,0.0,0.0
2013-01-20 21:00:00,0.0,0.0,0.0,0.0,0.0,0.0,0.0,0.0,0.0,0.0,0.0,0.0,0.0,0.0,0.0,0.0,0.0
2013-01-20 22:00:00,0.0,0.0,0.0,0.0,0.0,0.0,0.0,0.0,0.0,0.0,0.0,0.0,0.0,0.0,0.0,0.0,0.0
2013-01-20 23:00:00,0.0,0.0,0.0,0.0,0.0,0.0,0.0,0.0,0.0,0.0,0.0,0.0,0.0,0.0,0.0,0.0,0.0
2013-01-21 00:00:00,0.0,0.0,0.0,0.0,0.0,0.0,0.0,0.0,0.0,0.0,0.0,0.0,0.0,0.0,0.0,0.0,0.0
2013-01-21 01:00:00,0.0,0.0,0.0,0.0,0.0,0.0,0.0,0.0,0.0,0.0,0.0,0.0,0.0,0.0,0.0,0.0,0.0
2013-01-21 02:00:00,0.0,0.0,0.0,0.0,0.0,0.0,0.0,0.0,0.0,0.0,0.0,0.0,0.0,0.0,0.0,0.0,0.0
2013-01-21 03:00:00,0.0,0.0,0.0,0.0,0.0,0.0,0.0,0.0,0.0,0.0,0.0,0.0,0.0,0.0,0.0,0.0,0.0
2013-01-21 04:00:00,0.0,0.0,0.0,0.0,0.0,0.0,0.0,0.0,0.0,0.0,0.0,0.0,0.0,0.0,0.0,0.0,0.0
2013-01-21 05:00:00,0.0,0.0,0.0,0.0,0.0,0.0,0.0,0.0,0.0,0.0,0.0,0.0,0.0,0.0,0.0,0.0,0.0
2013-01-21 06:00:00,0.0,0.0,0.0,0.0,0.0,0.0,0.0,0.0,0.0,0.0,0.0,0.0,0.0,0.0,0.0,0.0,0.0
2013-01-21 07:00:00,0.0,0.0,0.0,0.0,0.0,0.0,0.0,0.0,0.0,0.0,0.0,0.0,0.0,0.0,0.0,0.0,0.0
2013-01-21 08:00:00,0.012,0.006,0.019,0.01,0.004,0.014,0.007,0.017,0.008,0.005,0.028,0.012,0.009,0.007,0.025,0.011,0.007
2013-01-21 09:00:00,0.052,0.037,0.073,0.033,0.04,0.043,0.026,0.052,0.028,0.023,0.077,0.051,0.032,0.029,0.076,0.062,0.052
2013-01-21 10:00:00,0.083,0.049,0.121,0.07,0.065,0.064,0.044,0.088,0.043,0.035,0.12,0.09,0.052,0.047,0.108,0.097,0.094
2013-01-21 11:00:00,0.106,0.069,0.159,0.067,0.071,0.083,0.052,0.108,0.07,0.049,0.159,0.125,0.072,0.063,0.174,0.109,0.126
2013-01-21 12:00:00,0.11,0.072,0.172,0.055,0.064,0.087,0.043,0.101,0.073,0.041,0.156,0.139,0.08,0.066,0.21,0.112,0.134
2013-01-21 13:00:00,0.097,0.064,0.165,0.045,0.055,0.064,0.023,0.078,0.063,0.02,0.137,0.131,0.054,0.046,0.209,0.088,0.145
2013-01-21 14:00:00,0.075,0.045,0.147,0.021,0.054,0.034,0.011,0.042,0.048,0.01,0.074,0.1,0.031,0.017,0.142,0.075,0.14
2013-01-21 15:00:00,0.032,0.016,0.053,0.002,0.026,0.008,0.002,0.006,0.017,0.004,0.009,0.061,0.009,0.002,0.056,0.032,0.079
2013-01-21 16:00:00,0.0,0.0,0.0,0.0,0.0,0.0,0.0,0.0,0.0,0.0,0.0,0.0,0.0,0.0,0.0,0.0,0.0
2013-01-21 17:00:00,0.0,0.0,0.0,0.0,0.0,0.0,0.0,0.0,0.0,0.0,0.0,0.0,0.0,0.0,0.0,0.0,0.0
2013-01-21 18:00:00,0.0,0.0,0.0,0.0,0.0,0.0,0.0,0.0,0.0,0.0,0.0,0.0,0.0,0.0,0.0,0.0,0.0
2013-01-21 19:00:00,0.0,0.0,0.0,0.0,0.0,0.0,0.0,0.0,0.0,0.0,0.0,0.0,0.0,0.0,0.0,0.0,0.0
2013-01-21 20:00:00,0.0,0.0,0.0,0.0,0.0,0.0,0.0,0.0,0.0,0.0,0.0,0.0,0.0,0.0,0.0,0.0,0.0
2013-01-21 21:00:00,0.0,0.0,0.0,0.0,0.0,0.0,0.0,0.0,0.0,0.0,0.0,0.0,0.0,0.0,0.0,0.0,0.0
2013-01-21 22:00:00,0.0,0.0,0.0,0.0,0.0,0.0,0.0,0.0,0.0,0.0,0.0,0.0,0.0,0.0,0.0,0.0,0.0
2013-01-21 23:00:00,0.0,0.0,0.0,0.0,0.0,0.0,0.0,0.0,0.0,0.0,0.0,0.0,0.0,0.0,0.0,0.0,0.0
2013-01-22 00:00:00,0.0,0.0,0.0,0.0,0.0,0.0,0.0,0.0,0.0,0.0,0.0,0.0,0.0,0.0,0.0,0.0,0.0
2013-01-22 01:00:00,0.0,0.0,0.0,0.0,0.0,0.0,0.0,0.0,0.0,0.0,0.0,0.0,0.0,0.0,0.0,0.0,0.0
2013-01-22 02:00:00,0.0,0.0,0.0,0.0,0.0,0.0,0.0,0.0,0.0,0.0,0.0,0.0,0.0,0.0,0.0,0.0,0.0
2013-01-22 03:00:00,0.0,0.0,0.0,0.0,0.0,0.0,0.0,0.0,0.0,0.0,0.0,0.0,0.0,0.0,0.0,0.0,0.0
2013-01-22 04:00:00,0.0,0.0,0.0,0.0,0.0,0.0,0.0,0.0,0.0,0.0,0.0,0.0,0.0,0.0,0.0,0.0,0.0
2013-01-22 05:00:00,0.0,0.0,0.0,0.0,0.0,0.0,0.0,0.0,0.0,0.0,0.0,0.0,0.0,0.0,0.0,0.0,0.0
2013-01-22 06:00:00,0.0,0.0,0.0,0.0,0.0,0.0,0.0,0.0,0.0,0.0,0.0,0.0,0.0,0.0,0.0,0.0,0.0
2013-01-22 07:00:00,0.0,0.0,0.0,0.0,0.0,0.0,0.0,0.0,0.0,0.0,0.0,0.0,0.0,0.0,0.0,0.0,0.0
2013-01-22 08:00:00,0.014,0.016,0.008,0.026,0.009,0.015,0.014,0.02,0.024,0.011,0.03,0.01,0.024,0.021,0.02,0.01,0.008
2013-01-22 09:00:00,0.056,0.061,0.04,0.071,0.051,0.056,0.042,0.061,0.079,0.039,0.076,0.053,0.076,0.066,0.066,0.051,0.052
2013-01-22 10:00:00,0.086,0.09,0.063,0.092,0.077,0.108,0.071,0.098,0.115,0.058,0.101,0.082,0.132,0.109,0.096,0.076,0.084
2013-01-22 11:00:00,0.12,0.135,0.077,0.126,0.106,0.144,0.108,0.131,0.18,0.067,0.132,0.1,0.179,0.149,0.121,0.117,0.125
2013-01-22 12:00:00,0.122,0.152,0.067,0.096,0.123,0.154,0.083,0.118,0.189,0.064,0.133,0.106,0.18,0.143,0.128,0.121,0.129
2013-01-22 13:00:00,0.097,0.129,0.055,0.052,0.103,0.111,0.056,0.089,0.159,0.039,0.104,0.101,0.112,0.089,0.112,0.095,0.114
2013-01-22 14:00:00,0.062,0.12,0.031,0.025,0.071,0.049,0.044,0.045,0.115,0.016,0.058,0.057,0.059,0.037,0.06,0.063,0.08
2013-01-22 15:00:00,0.018,0.04,0.009,0.003,0.025,0.011,0.009,0.008,0.039,0.003,0.007,0.017,0.017,0.009,0.011,0.019,0.03
2013-01-22 16:00:00,0.0,0.0,0.0,0.0,0.0,0.0,0.0,0.0,0.0,0.0,0.0,0.0,0.0,0.0,0.0,0.0,0.0
2013-01-22 17:00:00,0.0,0.0,0.0,0.0,0.0,0.0,0.0,0.0,0.0,0.0,0.0,0.0,0.0,0.0,0.0,0.0,0.0
2013-01-22 18:00:00,0.0,0.0,0.0,0.0,0.0,0.0,0.0,0.0,0.0,0.0,0.0,0.0,0.0,0.0,0.0,0.0,0.0
2013-01-22 19:00:00,0.0,0.0,0.0,0.0,0.0,0.0,0.0,0.0,0.0,0.0,0.0,0.0,0.0,0.0,0.0,0.0,0.0
2013-01-22 20:00:00,0.0,0.0,0.0,0.0,0.0,0.0,0.0,0.0,0.0,0.0,0.0,0.0,0.0,0.0,0.0,0.0,0.0
2013-01-22 21:00:00,0.0,0.0,0.0,0.0,0.0,0.0,0.0,0.0,0.0,0.0,0.0,0.0,0.0,0.0,0.0,0.0,0.0
2013-01-22 22:00:00,0.0,0.0,0.0,0.0,0.0,0.0,0.0,0.0,0.0,0.0,0.0,0.0,0.0,0.0,0.0,0.0,0.0
2013-01-22 23:00:00,0.0,0.0,0.0,0.0,0.0,0.0,0.0,0.0,0.0,0.0,0.0,0.0,0.0,0.0,0.0,0.0,0.0
2013-01-23 00:00:00,0.0,0.0,0.0,0.0,0.0,0.0,0.0,0.0,0.0,0.0,0.0,0.0,0.0,0.0,0.0,0.0,0.0
2013-01-23 01:00:00,0.0,0.0,0.0,0.0,0.0,0.0,0.0,0.0,0.0,0.0,0.0,0.0,0.0,0.0,0.0,0.0,0.0
2013-01-23 02:00:00,0.0,0.0,0.0,0.0,0.0,0.0,0.0,0.0,0.0,0.0,0.0,0.0,0.0,0.0,0.0,0.0,0.0
2013-01-23 03:00:00,0.0,0.0,0.0,0.0,0.0,0.0,0.0,0.0,0.0,0.0,0.0,0.0,0.0,0.0,0.0,0.0,0.0
2013-01-23 04:00:00,0.0,0.0,0.0,0.0,0.0,0.0,0.0,0.0,0.0,0.0,0.0,0.0,0.0,0.0,0.0,0.0,0.0
2013-01-23 05:00:00,0.0,0.0,0.0,0.0,0.0,0.0,0.0,0.0,0.0,0.0,0.0,0.0,0.0,0.0,0.0,0.0,0.0
2013-01-23 06:00:00,0.0,0.0,0.0,0.0,0.0,0.0,0.0,0.0,0.0,0.0,0.0,0.0,0.0,0.0,0.0,0.0,0.0
2013-01-23 07:00:00,0.0,0.0,0.0,0.0,0.0,0.0,0.0,0.0,0.0,0.0,0.0,0.0,0.0,0.0,0.0,0.0,0.0
2013-01-23 08:00:00,0.016,0.019,0.013,0.024,0.006,0.021,0.028,0.016,0.016,0.023,0.032,0.012,0.019,0.028,0.024,0.015,0.005
2013-01-23 09:00:00,0.054,0.069,0.05,0.054,0.044,0.056,0.061,0.045,0.051,0.058,0.076,0.051,0.051,0.075,0.068,0.053,0.038
2013-01-23 10:00:00,0.088,0.101,0.079,0.078,0.051,0.092,0.12,0.08,0.099,0.102,0.119,0.086,0.105,0.113,0.101,0.092,0.071
2013-01-23 11:00:00,0.129,0.163,0.11,0.117,0.1,0.129,0.179,0.112,0.162,0.144,0.183,0.126,0.154,0.149,0.161,0.12,0.098
2013-01-23 12:00:00,0.136,0.195,0.129,0.113,0.09,0.13,0.159,0.111,0.174,0.126,0.228,0.14,0.145,0.158,0.182,0.127,0.1
2013-01-23 13:00:00,0.126,0.203,0.108,0.088,0.09,0.105,0.135,0.095,0.175,0.096,0.241,0.137,0.131,0.14,0.187,0.113,0.08
2013-01-23 14:00:00,0.082,0.14,0.056,0.044,0.057,0.06,0.079,0.052,0.129,0.046,0.166,0.09,0.077,0.075,0.152,0.076,0.053
2013-01-23 15:00:00,0.031,0.075,0.018,0.006,0.022,0.028,0.024,0.014,0.082,0.018,0.05,0.029,0.028,0.019,0.047,0.031,0.021
2013-01-23 16:00:00,0.0,0.0,0.0,0.0,0.0,0.0,0.0,0.0,0.0,0.0,0.0,0.0,0.0,0.0,0.0,0.0,0.0
2013-01-23 17:00:00,0.0,0.0,0.0,0.0,0.0,0.0,0.0,0.0,0.0,0.0,0.0,0.0,0.0,0.0,0.0,0.0,0.0
2013-01-23 18:00:00,0.0,0.0,0.0,0.0,0.0,0.0,0.0,0.0,0.0,0.0,0.0,0.0,0.0,0.0,0.0,0.0,0.0
2013-01-23 19:00:00,0.0,0.0,0.0,0.0,0.0,0.0,0.0,0.0,0.0,0.0,0.0,0.0,0.0,0.0,0.0,0.0,0.0
2013-01-23 20:00:00,0.0,0.0,0.0,0.0,0.0,0.0,0.0,0.0,0.0,0.0,0.0,0.0,0.0,0.0,0.0,0.0,0.0
2013-01-23 21:00:00,0.0,0.0,0.0,0.0,0.0,0.0,0.0,0.0,0.0,0.0,0.0,0.0,0.0,0.0,0.0,0.0,0.0
2013-01-23 22:00:00,0.0,0.0,0.0,0.0,0.0,0.0,0.0,0.0,0.0,0.0,0.0,0.0,0.0,0.0,0.0,0.0,0.0
2013-01-23 23:00:00,0.0,0.0,0.0,0.0,0.0,0.0,0.0,0.0,0.0,0.0,0.0,0.0,0.0,0.0,0.0,0.0,0.0
2013-01-24 00:00:00,0.0,0.0,0.0,0.0,0.0,0.0,0.0,0.0,0.0,0.0,0.0,0.0,0.0,0.0,0.0,0.0,0.0
2013-01-24 01:00:00,0.0,0.0,0.0,0.0,0.0,0.0,0.0,0.0,0.0,0.0,0.0,0.0,0.0,0.0,0.0,0.0,0.0
2013-01-24 02:00:00,0.0,0.0,0.0,0.0,0.0,0.0,0.0,0.0,0.0,0.0,0.0,0.0,0.0,0.0,0.0,0.0,0.0
2013-01-24 03:00:00,0.0,0.0,0.0,0.0,0.0,0.0,0.0,0.0,0.0,0.0,0.0,0.0,0.0,0.0,0.0,0.0,0.0
2013-01-24 04:00:00,0.0,0.0,0.0,0.0,0.0,0.0,0.0,0.0,0.0,0.0,0.0,0.0,0.0,0.0,0.0,0.0,0.0
2013-01-24 05:00:00,0.0,0.0,0.0,0.0,0.0,0.0,0.0,0.0,0.0,0.0,0.0,0.0,0.0,0.0,0.0,0.0,0.0
2013-01-24 06:00:00,0.0,0.0,0.0,0.0,0.0,0.0,0.0,0.0,0.0,0.0,0.0,0.0,0.0,0.0,0.0,0.0,0.0
2013-01-24 07:00:00,0.0,0.0,0.0,0.001,0.0,0.0,0.0,0.0,0.0,0.003,0.0,0.0,0.0,0.0,0.0,0.0,0.0
2013-01-24 08:00:00,0.022,0.016,0.018,0.043,0.012,0.033,0.038,0.03,0.026,0.044,0.034,0.014,0.038,0.044,0.026,0.017,0.009
2013-01-24 09:00:00,0.069,0.061,0.061,0.093,0.054,0.092,0.094,0.072,0.073,0.076,0.083,0.056,0.096,0.097,0.074,0.068,0.049
2013-01-24 10:00:00,0.102,0.1,0.096,0.11,0.092,0.133,0.142,0.089,0.111,0.125,0.103,0.084,0.145,0.155,0.101,0.102,0.08
2013-01-24 11:00:00,0.145,0.108,0.119,0.182,0.114,0.175,0.234,0.119,0.151,0.243,0.138,0.15,0.225,0.233,0.151,0.131,0.144
2013-01-24 12:00:00,0.172,0.133,0.127,0.213,0.123,0.195,0.302,0.153,0.165,0.326,0.145,0.21,0.263,0.281,0.175,0.14,0.204
2013-01-24 13:00:00,0.156,0.111,0.09,0.197,0.105,0.151,0.302,0.125,0.164,0.342,0.146,0.226,0.224,0.247,0.155,0.112,0.223
2013-01-24 14:00:00,0.124,0.076,0.075,0.146,0.07,0.117,0.264,0.096,0.131,0.295,0.097,0.188,0.171,0.219,0.119,0.085,0.203
2013-01-24 15:00:00,0.06,0.037,0.033,0.069,0.034,0.048,0.153,0.038,0.078,0.162,0.017,0.106,0.069,0.096,0.045,0.034,0.135
2013-01-24 16:00:00,0.0,0.0,0.0,0.0,0.0,0.0,0.0,0.0,0.0,0.0,0.0,0.0,0.0,0.0,0.0,0.0,0.0
2013-01-24 17:00:00,0.0,0.0,0.0,0.0,0.0,0.0,0.0,0.0,0.0,0.0,0.0,0.0,0.0,0.0,0.0,0.0,0.0
2013-01-24 18:00:00,0.0,0.0,0.0,0.0,0.0,0.0,0.0,0.0,0.0,0.0,0.0,0.0,0.0,0.0,0.0,0.0,0.0
2013-01-24 19:00:00,0.0,0.0,0.0,0.0,0.0,0.0,0.0,0.0,0.0,0.0,0.0,0.0,0.0,0.0,0.0,0.0,0.0
2013-01-24 20:00:00,0.0,0.0,0.0,0.0,0.0,0.0,0.0,0.0,0.0,0.0,0.0,0.0,0.0,0.0,0.0,0.0,0.0
2013-01-24 21:00:00,0.0,0.0,0.0,0.0,0.0,0.0,0.0,0.0,0.0,0.0,0.0,0.0,0.0,0.0,0.0,0.0,0.0
2013-01-24 22:00:00,0.0,0.0,0.0,0.0,0.0,0.0,0.0,0.0,0.0,0.0,0.0,0.0,0.0,0.0,0.0,0.0,0.0
2013-01-24 23:00:00,0.0,0.0,0.0,0.0,0.0,0.0,0.0,0.0,0.0,0.0,0.0,0.0,0.0,0.0,0.0,0.0,0.0
2013-01-25 00:00:00,0.0,0.0,0.0,0.0,0.0,0.0,0.0,0.0,0.0,0.0,0.0,0.0,0.0,0.0,0.0,0.0,0.0
2013-01-25 01:00:00,0.0,0.0,0.0,0.0,0.0,0.0,0.0,0.0,0.0,0.0,0.0,0.0,0.0,0.0,0.0,0.0,0.0
2013-01-25 02:00:00,0.0,0.0,0.0,0.0,0.0,0.0,0.0,0.0,0.0,0.0,0.0,0.0,0.0,0.0,0.0,0.0,0.0
2013-01-25 03:00:00,0.0,0.0,0.0,0.0,0.0,0.0,0.0,0.0,0.0,0.0,0.0,0.0,0.0,0.0,0.0,0.0,0.0
2013-01-25 04:00:00,0.0,0.0,0.0,0.0,0.0,0.0,0.0,0.0,0.0,0.0,0.0,0.0,0.0,0.0,0.0,0.0,0.0
2013-01-25 05:00:00,0.0,0.0,0.0,0.0,0.0,0.0,0.0,0.0,0.0,0.0,0.0,0.0,0.0,0.0,0.0,0.0,0.0
2013-01-25 06:00:00,0.0,0.0,0.0,0.0,0.0,0.0,0.0,0.0,0.0,0.0,0.0,0.0,0.0,0.0,0.0,0.0,0.0
2013-01-25 07:00:00,0.0,0.0,0.0,0.001,0.0,0.0,0.0,0.0,0.0,0.001,0.0,0.0,0.0,0.0,0.0,0.0,0.0
2013-01-25 08:00:00,0.023,0.023,0.018,0.043,0.01,0.037,0.027,0.031,0.028,0.042,0.03,0.012,0.038,0.038,0.022,0.021,0.009
2013-01-25 09:00:00,0.072,0.077,0.067,0.092,0.052,0.099,0.075,0.082,0.071,0.09,0.078,0.059,0.094,0.093,0.07,0.074,0.05
2013-01-25 10:00:00,0.115,0.115,0.105,0.141,0.096,0.141,0.134,0.125,0.106,0.12,0.119,0.098,0.141,0.153,0.112,0.122,0.087
2013-01-25 11:00:00,0.16,0.164,0.162,0.185,0.133,0.19,0.165,0.163,0.142,0.138,0.163,0.14,0.196,0.185,0.153,0.174,0.129
2013-01-25 12:00:00,0.186,0.181,0.2,0.191,0.16,0.212,0.172,0.183,0.149,0.122,0.211,0.154,0.212,0.187,0.184,0.221,0.143
2013-01-25 13:00:00,0.186,0.19,0.184,0.205,0.19,0.181,0.125,0.173,0.14,0.119,0.194,0.151,0.16,0.154,0.179,0.229,0.153
2013-01-25 14:00:00,0.154,0.155,0.139,0.136,0.138,0.15,0.097,0.146,0.101,0.079,0.131,0.137,0.112,0.096,0.16,0.213,0.137
2013-01-25 15:00:00,0.087,0.098,0.067,0.088,0.084,0.1,0.041,0.076,0.062,0.03,0.044,0.063,0.072,0.04,0.056,0.132,0.085
2013-01-25 16:00:00,0.0,0.0,0.0,0.0,0.0,0.0,0.0,0.0,0.0,0.0,0.0,0.0,0.0,0.0,0.0,0.0,0.0
2013-01-25 17:00:00,0.0,0.0,0.0,0.0,0.0,0.0,0.0,0.0,0.0,0.0,0.0,0.0,0.0,0.0,0.0,0.0,0.0
2013-01-25 18:00:00,0.0,0.0,0.0,0.0,0.0,0.0,0.0,0.0,0.0,0.0,0.0,0.0,0.0,0.0,0.0,0.0,0.0
2013-01-25 19:00:00,0.0,0.0,0.0,0.0,0.0,0.0,0.0,0.0,0.0,0.0,0.0,0.0,0.0,0.0,0.0,0.0,0.0
2013-01-25 20:00:00,0.0,0.0,0.0,0.0,0.0,0.0,0.0,0.0,0.0,0.0,0.0,0.0,0.0,0.0,0.0,0.0,0.0
2013-01-25 21:00:00,0.0,0.0,0.0,0.0,0.0,0.0,0.0,0.0,0.0,0.0,0.0,0.0,0.0,0.0,0.0,0.0,0.0
2013-01-25 22:00:00,0.0,0.0,0.0,0.0,0.0,0.0,0.0,0.0,0.0,0.0,0.0,0.0,0.0,0.0,0.0,0.0,0.0
2013-01-25 23:00:00,0.0,0.0,0.0,0.0,0.0,0.0,0.0,0.0,0.0,0.0,0.0,0.0,0.0,0.0,0.0,0.0,0.0
2013-01-26 00:00:00,0.0,0.0,0.0,0.0,0.0,0.0,0.0,0.0,0.0,0.0,0.0,0.0,0.0,0.0,0.0,0.0,0.0
2013-01-26 01:00:00,0.0,0.0,0.0,0.0,0.0,0.0,0.0,0.0,0.0,0.0,0.0,0.0,0.0,0.0,0.0,0.0,0.0
2013-01-26 02:00:00,0.0,0.0,0.0,0.0,0.0,0.0,0.0,0.0,0.0,0.0,0.0,0.0,0.0,0.0,0.0,0.0,0.0
2013-01-26 03:00:00,0.0,0.0,0.0,0.0,0.0,0.0,0.0,0.0,0.0,0.0,0.0,0.0,0.0,0.0,0.0,0.0,0.0
2013-01-26 04:00:00,0.0,0.0,0.0,0.0,0.0,0.0,0.0,0.0,0.0,0.0,0.0,0.0,0.0,0.0,0.0,0.0,0.0
2013-01-26 05:00:00,0.0,0.0,0.0,0.0,0.0,0.0,0.0,0.0,0.0,0.0,0.0,0.0,0.0,0.0,0.0,0.0,0.0
2013-01-26 06:00:00,0.0,0.0,0.0,0.0,0.0,0.0,0.0,0.0,0.0,0.0,0.0,0.0,0.0,0.0,0.0,0.0,0.0
2013-01-26 07:00:00,0.0,0.0,0.0,0.002,0.0,0.0,0.0,0.0,0.0,0.003,0.0,0.0,0.0,0.0,0.0,0.0,0.0
2013-01-26 08:00:00,0.026,0.027,0.021,0.05,0.015,0.037,0.043,0.034,0.031,0.051,0.032,0.017,0.039,0.049,0.026,0.023,0.009
2013-01-26 09:00:00,0.075,0.074,0.082,0.104,0.055,0.084,0.101,0.082,0.074,0.107,0.073,0.06,0.089,0.114,0.066,0.077,0.052
2013-01-26 10:00:00,0.119,0.105,0.122,0.165,0.091,0.134,0.154,0.137,0.114,0.154,0.123,0.105,0.143,0.168,0.11,0.119,0.093
2013-01-26 11:00:00,0.181,0.196,0.172,0.207,0.165,0.225,0.22,0.194,0.191,0.221,0.163,0.145,0.237,0.23,0.158,0.187,0.136
2013-01-26 12:00:00,0.222,0.301,0.201,0.223,0.242,0.278,0.278,0.225,0.26,0.236,0.173,0.163,0.294,0.248,0.18,0.233,0.155
2013-01-26 13:00:00,0.232,0.351,0.213,0.225,0.276,0.303,0.292,0.238,0.262,0.241,0.141,0.147,0.273,0.283,0.161,0.25,0.152
2013-01-26 14:00:00,0.182,0.321,0.148,0.157,0.253,0.225,0.251,0.189,0.167,0.178,0.087,0.096,0.201,0.187,0.103,0.21,0.106
2013-01-26 15:00:00,0.094,0.209,0.071,0.052,0.169,0.108,0.154,0.076,0.077,0.082,0.023,0.04,0.102,0.086,0.034,0.112,0.048
2013-01-26 16:00:00,0.0,0.0,0.0,0.0,0.0,0.0,0.0,0.0,0.0,0.0,0.0,0.0,0.0,0.0,0.0,0.0,0.0
2013-01-26 17:00:00,0.0,0.0,0.0,0.0,0.0,0.0,0.0,0.0,0.0,0.0,0.0,0.0,0.0,0.0,0.0,0.0,0.0
2013-01-26 18:00:00,0.0,0.0,0.0,0.0,0.0,0.0,0.0,0.0,0.0,0.0,0.0,0.0,0.0,0.0,0.0,0.0,0.0
2013-01-26 19:00:00,0.0,0.0,0.0,0.0,0.0,0.0,0.0,0.0,0.0,0.0,0.0,0.0,0.0,0.0,0.0,0.0,0.0
2013-01-26 20:00:00,0.0,0.0,0.0,0.0,0.0,0.0,0.0,0.0,0.0,0.0,0.0,0.0,0.0,0.0,0.0,0.0,0.0
2013-01-26 21:00:00,0.0,0.0,0.0,0.0,0.0,0.0,0.0,0.0,0.0,0.0,0.0,0.0,0.0,0.0,0.0,0.0,0.0
2013-01-26 22:00:00,0.0,0.0,0.0,0.0,0.0,0.0,0.0,0.0,0.0,0.0,0.0,0.0,0.0,0.0,0.0,0.0,0.0
2013-01-26 23:00:00,0.0,0.0,0.0,0.0,0.0,0.0,0.0,0.0,0.0,0.0,0.0,0.0,0.0,0.0,0.0,0.0,0.0
2013-01-27 00:00:00,0.0,0.0,0.0,0.0,0.0,0.0,0.0,0.0,0.0,0.0,0.0,0.0,0.0,0.0,0.0,0.0,0.0
2013-01-27 01:00:00,0.0,0.0,0.0,0.0,0.0,0.0,0.0,0.0,0.0,0.0,0.0,0.0,0.0,0.0,0.0,0.0,0.0
2013-01-27 02:00:00,0.0,0.0,0.0,0.0,0.0,0.0,0.0,0.0,0.0,0.0,0.0,0.0,0.0,0.0,0.0,0.0,0.0
2013-01-27 03:00:00,0.0,0.0,0.0,0.0,0.0,0.0,0.0,0.0,0.0,0.0,0.0,0.0,0.0,0.0,0.0,0.0,0.0
2013-01-27 04:00:00,0.0,0.0,0.0,0.0,0.0,0.0,0.0,0.0,0.0,0.0,0.0,0.0,0.0,0.0,0.0,0.0,0.0
2013-01-27 05:00:00,0.0,0.0,0.0,0.0,0.0,0.0,0.0,0.0,0.0,0.0,0.0,0.0,0.0,0.0,0.0,0.0,0.0
2013-01-27 06:00:00,0.0,0.0,0.0,0.0,0.0,0.0,0.0,0.0,0.0,0.0,0.0,0.0,0.0,0.0,0.0,0.0,0.0
2013-01-27 07:00:00,0.0,0.0,0.0,0.003,0.0,0.0,0.0,0.0,0.0,0.004,0.0,0.0,0.0,0.001,0.0,0.0,0.0
2013-01-27 08:00:00,0.024,0.021,0.027,0.04,0.009,0.041,0.051,0.035,0.027,0.041,0.033,0.016,0.042,0.047,0.025,0.021,0.005
2013-01-27 09:00:00,0.065,0.067,0.069,0.071,0.044,0.095,0.109,0.085,0.07,0.071,0.069,0.056,0.09,0.097,0.069,0.061,0.036
2013-01-27 10:00:00,0.107,0.111,0.123,0.127,0.074,0.146,0.155,0.128,0.123,0.133,0.099,0.088,0.139,0.163,0.099,0.104,0.068
2013-01-27 11:00:00,0.167,0.173,0.158,0.254,0.129,0.219,0.229,0.196,0.196,0.258,0.208,0.121,0.224,0.238,0.155,0.143,0.118
2013-01-27 12:00:00,0.208,0.212,0.185,0.335,0.171,0.269,0.325,0.225,0.239,0.338,0.259,0.133,0.31,0.294,0.16,0.178,0.171
2013-01-27 13:00:00,0.205,0.222,0.155,0.344,0.165,0.274,0.327,0.232,0.261,0.335,0.274,0.114,0.329,0.296,0.144,0.171,0.164
2013-01-27 14:00:00,0.155,0.17,0.116,0.269,0.099,0.231,0.28,0.175,0.23,0.224,0.207,0.086,0.282,0.239,0.103,0.128,0.125
2013-01-27 15:00:00,0.075,0.082,0.041,0.137,0.033,0.11,0.175,0.106,0.16,0.103,0.101,0.033,0.154,0.129,0.046,0.063,0.057
2013-01-27 16:00:00,0.0,0.0,0.0,0.0,0.0,0.0,0.0,0.0,0.0,0.0,0.0,0.0,0.0,0.0,0.0,0.0,0.0
2013-01-27 17:00:00,0.0,0.0,0.0,0.0,0.0,0.0,0.0,0.0,0.0,0.0,0.0,0.0,0.0,0.0,0.0,0.0,0.0
2013-01-27 18:00:00,0.0,0.0,0.0,0.0,0.0,0.0,0.0,0.0,0.0,0.0,0.0,0.0,0.0,0.0,0.0,0.0,0.0
2013-01-27 19:00:00,0.0,0.0,0.0,0.0,0.0,0.0,0.0,0.0,0.0,0.0,0.0,0.0,0.0,0.0,0.0,0.0,0.0
2013-01-27 20:00:00,0.0,0.0,0.0,0.0,0.0,0.0,0.0,0.0,0.0,0.0,0.0,0.0,0.0,0.0,0.0,0.0,0.0
2013-01-27 21:00:00,0.0,0.0,0.0,0.0,0.0,0.0,0.0,0.0,0.0,0.0,0.0,0.0,0.0,0.0,0.0,0.0,0.0
2013-01-27 22:00:00,0.0,0.0,0.0,0.0,0.0,0.0,0.0,0.0,0.0,0.0,0.0,0.0,0.0,0.0,0.0,0.0,0.0
2013-01-27 23:00:00,0.0,0.0,0.0,0.0,0.0,0.0,0.0,0.0,0.0,0.0,0.0,0.0,0.0,0.0,0.0,0.0,0.0
2013-01-28 00:00:00,0.0,0.0,0.0,0.0,0.0,0.0,0.0,0.0,0.0,0.0,0.0,0.0,0.0,0.0,0.0,0.0,0.0
2013-01-28 01:00:00,0.0,0.0,0.0,0.0,0.0,0.0,0.0,0.0,0.0,0.0,0.0,0.0,0.0,0.0,0.0,0.0,0.0
2013-01-28 02:00:00,0.0,0.0,0.0,0.0,0.0,0.0,0.0,0.0,0.0,0.0,0.0,0.0,0.0,0.0,0.0,0.0,0.0
2013-01-28 03:00:00,0.0,0.0,0.0,0.0,0.0,0.0,0.0,0.0,0.0,0.0,0.0,0.0,0.0,0.0,0.0,0.0,0.0
2013-01-28 04:00:00,0.0,0.0,0.0,0.0,0.0,0.0,0.0,0.0,0.0,0.0,0.0,0.0,0.0,0.0,0.0,0.0,0.0
2013-01-28 05:00:00,0.0,0.0,0.0,0.0,0.0,0.0,0.0,0.0,0.0,0.0,0.0,0.0,0.0,0.0,0.0,0.0,0.0
2013-01-28 06:00:00,0.0,0.0,0.0,0.0,0.0,0.0,0.0,0.0,0.0,0.0,0.0,0.0,0.0,0.0,0.0,0.0,0.0
2013-01-28 07:00:00,0.0,0.0,0.0,0.004,0.0,0.0,0.001,0.0,0.0,0.004,0.0,0.0,0.0,0.002,0.0,0.0,0.0
2013-01-28 08:00:00,0.023,0.017,0.015,0.042,0.016,0.032,0.034,0.038,0.016,0.042,0.043,0.014,0.024,0.043,0.028,0.014,0.015
2013-01-28 09:00:00,0.063,0.061,0.048,0.074,0.065,0.074,0.085,0.082,0.044,0.078,0.092,0.05,0.063,0.099,0.069,0.051,0.06
2013-01-28 10:00:00,0.103,0.111,0.082,0.132,0.107,0.079,0.144,0.114,0.09,0.135,0.132,0.076,0.104,0.141,0.088,0.098,0.095
2013-01-28 11:00:00,0.146,0.17,0.125,0.235,0.148,0.109,0.153,0.153,0.103,0.236,0.204,0.137,0.118,0.201,0.125,0.127,0.12
2013-01-28 12:00:00,0.173,0.205,0.133,0.298,0.158,0.106,0.166,0.162,0.152,0.294,0.269,0.191,0.124,0.214,0.171,0.147,0.131
2013-01-28 13:00:00,0.151,0.168,0.117,0.281,0.143,0.084,0.135,0.123,0.136,0.296,0.284,0.178,0.101,0.167,0.14,0.12,0.118
2013-01-28 14:00:00,0.102,0.116,0.076,0.208,0.11,0.044,0.064,0.069,0.105,0.236,0.199,0.108,0.061,0.068,0.09,0.082,0.077
2013-01-28 15:00:00,0.04,0.05,0.025,0.104,0.048,0.015,0.018,0.012,0.041,0.109,0.065,0.032,0.019,0.018,0.027,0.026,0.051
2013-01-28 16:00:00,0.0,0.0,0.0,0.0,0.0,0.0,0.0,0.0,0.0,0.0,0.0,0.0,0.0,0.0,0.0,0.0,0.0
2013-01-28 17:00:00,0.0,0.0,0.0,0.0,0.0,0.0,0.0,0.0,0.0,0.0,0.0,0.0,0.0,0.0,0.0,0.0,0.0
2013-01-28 18:00:00,0.0,0.0,0.0,0.0,0.0,0.0,0.0,0.0,0.0,0.0,0.0,0.0,0.0,0.0,0.0,0.0,0.0
2013-01-28 19:00:00,0.0,0.0,0.0,0.0,0.0,0.0,0.0,0.0,0.0,0.0,0.0,0.0,0.0,0.0,0.0,0.0,0.0
2013-01-28 20:00:00,0.0,0.0,0.0,0.0,0.0,0.0,0.0,0.0,0.0,0.0,0.0,0.0,0.0,0.0,0.0,0.0,0.0
2013-01-28 21:00:00,0.0,0.0,0.0,0.0,0.0,0.0,0.0,0.0,0.0,0.0,0.0,0.0,0.0,0.0,0.0,0.0,0.0
2013-01-28 22:00:00,0.0,0.0,0.0,0.0,0.0,0.0,0.0,0.0,0.0,0.0,0.0,0.0,0.0,0.0,0.0,0.0,0.0
2013-01-28 23:00:00,0.0,0.0,0.0,0.0,0.0,0.0,0.0,0.0,0.0,0.0,0.0,0.0,0.0,0.0,0.0,0.0,0.0
2013-01-29 00:00:00,0.0,0.0,0.0,0.0,0.0,0.0,0.0,0.0,0.0,0.0,0.0,0.0,0.0,0.0,0.0,0.0,0.0
2013-01-29 01:00:00,0.0,0.0,0.0,0.0,0.0,0.0,0.0,0.0,0.0,0.0,0.0,0.0,0.0,0.0,0.0,0.0,0.0
2013-01-29 02:00:00,0.0,0.0,0.0,0.0,0.0,0.0,0.0,0.0,0.0,0.0,0.0,0.0,0.0,0.0,0.0,0.0,0.0
2013-01-29 03:00:00,0.0,0.0,0.0,0.0,0.0,0.0,0.0,0.0,0.0,0.0,0.0,0.0,0.0,0.0,0.0,0.0,0.0
2013-01-29 04:00:00,0.0,0.0,0.0,0.0,0.0,0.0,0.0,0.0,0.0,0.0,0.0,0.0,0.0,0.0,0.0,0.0,0.0
2013-01-29 05:00:00,0.0,0.0,0.0,0.0,0.0,0.0,0.0,0.0,0.0,0.0,0.0,0.0,0.0,0.0,0.0,0.0,0.0
2013-01-29 06:00:00,0.0,0.0,0.0,0.0,0.0,0.0,0.0,0.0,0.0,0.0,0.0,0.0,0.0,0.0,0.0,0.0,0.0
2013-01-29 07:00:00,0.0,0.0,0.0,0.001,0.0,0.0,0.002,0.0,0.0,0.003,0.0,0.0,0.0,0.002,0.0,0.0,0.0
2013-01-29 08:00:00,0.022,0.019,0.023,0.031,0.006,0.041,0.051,0.032,0.032,0.048,0.023,0.014,0.044,0.053,0.02,0.021,0.004
2013-01-29 09:00:00,0.056,0.045,0.054,0.072,0.046,0.09,0.092,0.074,0.068,0.096,0.058,0.045,0.092,0.106,0.056,0.045,0.03
2013-01-29 10:00:00,0.081,0.087,0.053,0.116,0.075,0.122,0.139,0.113,0.065,0.15,0.087,0.067,0.135,0.141,0.08,0.057,0.053
2013-01-29 11:00:00,0.119,0.15,0.07,0.192,0.091,0.123,0.2,0.153,0.103,0.23,0.112,0.082,0.13,0.215,0.103,0.104,0.092
2013-01-29 12:00:00,0.128,0.137,0.081,0.23,0.089,0.116,0.155,0.151,0.139,0.293,0.112,0.117,0.098,0.215,0.108,0.112,0.124
2013-01-29 13:00:00,0.118,0.107,0.085,0.197,0.109,0.087,0.075,0.103,0.134,0.248,0.116,0.101,0.11,0.118,0.096,0.108,0.148
2013-01-29 14:00:00,0.086,0.12,0.094,0.082,0.112,0.076,0.044,0.055,0.118,0.103,0.054,0.066,0.094,0.043,0.046,0.08,0.138
2013-01-29 15:00:00,0.053,0.087,0.03,0.021,0.091,0.029,0.058,0.02,0.072,0.01,0.014,0.029,0.089,0.024,0.015,0.067,0.095
2013-01-29 16:00:00,0.0,0.002,0.0,0.0,0.001,0.0,0.0,0.0,0.0,0.0,0.0,0.0,0.0,0.0,0.0,0.0,0.0
2013-01-29 17:00:00,0.0,0.0,0.0,0.0,0.0,0.0,0.0,0.0,0.0,0.0,0.0,0.0,0.0,0.0,0.0,0.0,0.0
2013-01-29 18:00:00,0.0,0.0,0.0,0.0,0.0,0.0,0.0,0.0,0.0,0.0,0.0,0.0,0.0,0.0,0.0,0.0,0.0
2013-01-29 19:00:00,0.0,0.0,0.0,0.0,0.0,0.0,0.0,0.0,0.0,0.0,0.0,0.0,0.0,0.0,0.0,0.0,0.0
2013-01-29 20:00:00,0.0,0.0,0.0,0.0,0.0,0.0,0.0,0.0,0.0,0.0,0.0,0.0,0.0,0.0,0.0,0.0,0.0
2013-01-29 21:00:00,0.0,0.0,0.0,0.0,0.0,0.0,0.0,0.0,0.0,0.0,0.0,0.0,0.0,0.0,0.0,0.0,0.0
2013-01-29 22:00:00,0.0,0.0,0.0,0.0,0.0,0.0,0.0,0.0,0.0,0.0,0.0,0.0,0.0,0.0,0.0,0.0,0.0
2013-01-29 23:00:00,0.0,0.0,0.0,0.0,0.0,0.0,0.0,0.0,0.0,0.0,0.0,0.0,0.0,0.0,0.0,0.0,0.0
2013-01-30 00:00:00,0.0,0.0,0.0,0.0,0.0,0.0,0.0,0.0,0.0,0.0,0.0,0.0,0.0,0.0,0.0,0.0,0.0
2013-01-30 01:00:00,0.0,0.0,0.0,0.0,0.0,0.0,0.0,0.0,0.0,0.0,0.0,0.0,0.0,0.0,0.0,0.0,0.0
2013-01-30 02:00:00,0.0,0.0,0.0,0.0,0.0,0.0,0.0,0.0,0.0,0.0,0.0,0.0,0.0,0.0,0.0,0.0,0.0
2013-01-30 03:00:00,0.0,0.0,0.0,0.0,0.0,0.0,0.0,0.0,0.0,0.0,0.0,0.0,0.0,0.0,0.0,0.0,0.0
2013-01-30 04:00:00,0.0,0.0,0.0,0.0,0.0,0.0,0.0,0.0,0.0,0.0,0.0,0.0,0.0,0.0,0.0,0.0,0.0
2013-01-30 05:00:00,0.0,0.0,0.0,0.0,0.0,0.0,0.0,0.0,0.0,0.0,0.0,0.0,0.0,0.0,0.0,0.0,0.0
2013-01-30 06:00:00,0.0,0.0,0.0,0.0,0.0,0.0,0.0,0.0,0.0,0.0,0.0,0.0,0.0,0.0,0.0,0.0,0.0
2013-01-30 07:00:00,0.0,0.0,0.0,0.001,0.0,0.0,0.001,0.0,0.0,0.001,0.0,0.0,0.0,0.001,0.0,0.0,0.0
2013-01-30 08:00:00,0.007,0.006,0.002,0.023,0.003,0.007,0.022,0.014,0.002,0.026,0.013,0.001,0.008,0.025,0.008,0.001,0.0
2013-01-30 09:00:00,0.018,0.026,0.007,0.051,0.01,0.024,0.03,0.032,0.016,0.059,0.034,0.004,0.024,0.049,0.024,0.007,0.001
2013-01-30 10:00:00,0.027,0.044,0.009,0.078,0.032,0.023,0.037,0.036,0.037,0.095,0.046,0.007,0.038,0.064,0.023,0.008,0.009
2013-01-30 11:00:00,0.039,0.077,0.012,0.088,0.086,0.024,0.039,0.028,0.05,0.094,0.055,0.01,0.039,0.05,0.021,0.024,0.007
2013-01-30 12:00:00,0.036,0.108,0.014,0.076,0.029,0.021,0.026,0.023,0.107,0.076,0.037,0.012,0.051,0.036,0.016,0.029,0.013
2013-01-30 13:00:00,0.029,0.097,0.013,0.041,0.013,0.024,0.039,0.016,0.094,0.053,0.019,0.016,0.084,0.025,0.009,0.024,0.011
2013-01-30 14:00:00,0.016,0.053,0.01,0.018,0.014,0.015,0.043,0.01,0.081,0.022,0.008,0.008,0.051,0.02,0.006,0.01,0.005
2013-01-30 15:00:00,0.007,0.019,0.001,0.001,0.027,0.008,0.014,0.001,0.034,0.004,0.0,0.001,0.03,0.004,0.0,0.003,0.001
2013-01-30 16:00:00,0.001,0.004,0.0,0.0,0.011,0.0,0.0,0.0,0.0,0.0,0.0,0.0,0.0,0.0,0.0,0.0,0.0
2013-01-30 17:00:00,0.0,0.0,0.0,0.0,0.0,0.0,0.0,0.0,0.0,0.0,0.0,0.0,0.0,0.0,0.0,0.0,0.0
2013-01-30 18:00:00,0.0,0.0,0.0,0.0,0.0,0.0,0.0,0.0,0.0,0.0,0.0,0.0,0.0,0.0,0.0,0.0,0.0
2013-01-30 19:00:00,0.0,0.0,0.0,0.0,0.0,0.0,0.0,0.0,0.0,0.0,0.0,0.0,0.0,0.0,0.0,0.0,0.0
2013-01-30 20:00:00,0.0,0.0,0.0,0.0,0.0,0.0,0.0,0.0,0.0,0.0,0.0,0.0,0.0,0.0,0.0,0.0,0.0
2013-01-30 21:00:00,0.0,0.0,0.0,0.0,0.0,0.0,0.0,0.0,0.0,0.0,0.0,0.0,0.0,0.0,0.0,0.0,0.0
2013-01-30 22:00:00,0.0,0.0,0.0,0.0,0.0,0.0,0.0,0.0,0.0,0.0,0.0,0.0,0.0,0.0,0.0,0.0,0.0
2013-01-30 23:00:00,0.0,0.0,0.0,0.0,0.0,0.0,0.0,0.0,0.0,0.0,0.0,0.0,0.0,0.0,0.0,0.0,0.0
2013-01-31 00:00:00,0.0,0.0,0.0,0.0,0.0,0.0,0.0,0.0,0.0,0.0,0.0,0.0,0.0,0.0,0.0,0.0,0.0
2013-01-31 01:00:00,0.0,0.0,0.0,0.0,0.0,0.0,0.0,0.0,0.0,0.0,0.0,0.0,0.0,0.0,0.0,0.0,0.0
2013-01-31 02:00:00,0.0,0.0,0.0,0.0,0.0,0.0,0.0,0.0,0.0,0.0,0.0,0.0,0.0,0.0,0.0,0.0,0.0
2013-01-31 03:00:00,0.0,0.0,0.0,0.0,0.0,0.0,0.0,0.0,0.0,0.0,0.0,0.0,0.0,0.0,0.0,0.0,0.0
2013-01-31 04:00:00,0.0,0.0,0.0,0.0,0.0,0.0,0.0,0.0,0.0,0.0,0.0,0.0,0.0,0.0,0.0,0.0,0.0
2013-01-31 05:00:00,0.0,0.0,0.0,0.0,0.0,0.0,0.0,0.0,0.0,0.0,0.0,0.0,0.0,0.0,0.0,0.0,0.0
2013-01-31 06:00:00,0.0,0.0,0.0,0.0,0.0,0.0,0.0,0.0,0.0,0.0,0.0,0.0,0.0,0.0,0.0,0.0,0.0
2013-01-31 07:00:00,0.0,0.0,0.0,0.004,0.0,0.0,0.002,0.0,0.0,0.004,0.001,0.0,0.0,0.002,0.0,0.0,0.0
2013-01-31 08:00:00,0.015,0.018,0.006,0.038,0.009,0.02,0.031,0.023,0.022,0.038,0.035,0.003,0.03,0.032,0.015,0.009,0.001
2013-01-31 09:00:00,0.036,0.041,0.023,0.069,0.028,0.049,0.061,0.04,0.047,0.064,0.064,0.024,0.065,0.075,0.027,0.027,0.017
2013-01-31 10:00:00,0.058,0.063,0.046,0.111,0.051,0.061,0.094,0.057,0.067,0.105,0.075,0.043,0.097,0.106,0.043,0.05,0.029
2013-01-31 11:00:00,0.092,0.139,0.049,0.149,0.119,0.067,0.19,0.052,0.151,0.179,0.106,0.059,0.158,0.145,0.049,0.07,0.071
2013-01-31 12:00:00,0.136,0.247,0.059,0.129,0.222,0.089,0.243,0.071,0.231,0.169,0.082,0.097,0.206,0.122,0.045,0.124,0.159
2013-01-31 13:00:00,0.155,0.278,0.085,0.112,0.205,0.088,0.235,0.059,0.273,0.147,0.052,0.098,0.19,0.089,0.067,0.201,0.174
2013-01-31 14:00:00,0.133,0.163,0.135,0.068,0.123,0.1,0.248,0.039,0.227,0.135,0.041,0.125,0.24,0.135,0.087,0.178,0.134
2013-01-31 15:00:00,0.074,0.06,0.101,0.041,0.057,0.094,0.192,0.033,0.098,0.068,0.034,0.067,0.135,0.101,0.04,0.089,0.081
2013-01-31 16:00:00,0.0,0.003,0.0,0.0,0.001,0.0,0.0,0.0,0.0,0.0,0.0,0.0,0.0,0.0,0.0,0.0,0.0
2013-01-31 17:00:00,0.0,0.0,0.0,0.0,0.0,0.0,0.0,0.0,0.0,0.0,0.0,0.0,0.0,0.0,0.0,0.0,0.0
2013-01-31 18:00:00,0.0,0.0,0.0,0.0,0.0,0.0,0.0,0.0,0.0,0.0,0.0,0.0,0.0,0.0,0.0,0.0,0.0
2013-01-31 19:00:00,0.0,0.0,0.0,0.0,0.0,0.0,0.0,0.0,0.0,0.0,0.0,0.0,0.0,0.0,0.0,0.0,0.0
2013-01-31 20:00:00,0.0,0.0,0.0,0.0,0.0,0.0,0.0,0.0,0.0,0.0,0.0,0.0,0.0,0.0,0.0,0.0,0.0
2013-01-31 21:00:00,0.0,0.0,0.0,0.0,0.0,0.0,0.0,0.0,0.0,0.0,0.0,0.0,0.0,0.0,0.0,0.0,0.0
2013-01-31 22:00:00,0.0,0.0,0.0,0.0,0.0,0.0,0.0,0.0,0.0,0.0,0.0,0.0,0.0,0.0,0.0,0.0,0.0
2013-01-31 23:00:00,0.0,0.0,0.0,0.0,0.0,0.0,0.0,0.0,0.0,0.0,0.0,0.0,0.0,0.0,0.0,0.0,0.0
2013-02-01 00:00:00,0.0,0.0,0.0,0.0,0.0,0.0,0.0,0.0,0.0,0.0,0.0,0.0,0.0,0.0,0.0,0.0,0.0
2013-02-01 01:00:00,0.0,0.0,0.0,0.0,0.0,0.0,0.0,0.0,0.0,0.0,0.0,0.0,0.0,0.0,0.0,0.0,0.0
2013-02-01 02:00:00,0.0,0.0,0.0,0.0,0.0,0.0,0.0,0.0,0.0,0.0,0.0,0.0,0.0,0.0,0.0,0.0,0.0
2013-02-01 03:00:00,0.0,0.0,0.0,0.0,0.0,0.0,0.0,0.0,0.0,0.0,0.0,0.0,0.0,0.0,0.0,0.0,0.0
2013-02-01 04:00:00,0.0,0.0,0.0,0.0,0.0,0.0,0.0,0.0,0.0,0.0,0.0,0.0,0.0,0.0,0.0,0.0,0.0
2013-02-01 05:00:00,0.0,0.0,0.0,0.0,0.0,0.0,0.0,0.0,0.0,0.0,0.0,0.0,0.0,0.0,0.0,0.0,0.0
2013-02-01 06:00:00,0.0,0.0,0.0,0.0,0.0,0.0,0.0,0.0,0.0,0.0,0.0,0.0,0.0,0.0,0.0,0.0,0.0
2013-02-01 07:00:00,0.0,0.0,0.0,0.002,0.0,0.0,0.003,0.0,0.0,0.005,0.0,0.0,0.0,0.002,0.0,0.0,0.0
2013-02-01 08:00:00,0.013,0.015,0.007,0.027,0.003,0.012,0.034,0.011,0.024,0.048,0.017,0.009,0.032,0.031,0.013,0.01,0.002
2013-02-01 09:00:00,0.038,0.05,0.032,0.056,0.036,0.041,0.071,0.041,0.053,0.084,0.039,0.029,0.062,0.076,0.038,0.029,0.016
2013-02-01 10:00:00,0.065,0.09,0.058,0.087,0.065,0.048,0.121,0.058,0.076,0.125,0.069,0.054,0.092,0.108,0.062,0.053,0.037
2013-02-01 11:00:00,0.099,0.135,0.063,0.102,0.126,0.06,0.172,0.076,0.146,0.13,0.117,0.07,0.124,0.107,0.1,0.098,0.064
2013-02-01 12:00:00,0.125,0.176,0.108,0.097,0.142,0.085,0.23,0.078,0.197,0.121,0.138,0.077,0.184,0.112,0.114,0.141,0.094
2013-02-01 13:00:00,0.126,0.162,0.103,0.066,0.167,0.111,0.232,0.094,0.198,0.089,0.16,0.067,0.158,0.163,0.15,0.125,0.093
2013-02-01 14:00:00,0.108,0.132,0.083,0.079,0.113,0.118,0.22,0.081,0.147,0.124,0.098,0.062,0.122,0.168,0.088,0.117,0.103
2013-02-01 15:00:00,0.058,0.055,0.096,0.049,0.041,0.074,0.086,0.051,0.059,0.098,0.056,0.038,0.059,0.072,0.045,0.057,0.065
2013-02-01 16:00:00,0.0,0.002,0.0,0.0,0.001,0.0,0.0,0.0,0.0,0.0,0.0,0.0,0.0,0.0,0.0,0.0,0.0
2013-02-01 17:00:00,0.0,0.0,0.0,0.0,0.0,0.0,0.0,0.0,0.0,0.0,0.0,0.0,0.0,0.0,0.0,0.0,0.0
2013-02-01 18:00:00,0.0,0.0,0.0,0.0,0.0,0.0,0.0,0.0,0.0,0.0,0.0,0.0,0.0,0.0,0.0,0.0,0.0
2013-02-01 19:00:00,0.0,0.0,0.0,0.0,0.0,0.0,0.0,0.0,0.0,0.0,0.0,0.0,0.0,0.0,0.0,0.0,0.0
2013-02-01 20:00:00,0.0,0.0,0.0,0.0,0.0,0.0,0.0,0.0,0.0,0.0,0.0,0.0,0.0,0.0,0.0,0.0,0.0
2013-02-01 21:00:00,0.0,0.0,0.0,0.0,0.0,0.0,0.0,0.0,0.0,0.0,0.0,0.0,0.0,0.0,0.0,0.0,0.0
2013-02-01 22:00:00,0.0,0.0,0.0,0.0,0.0,0.0,0.0,0.0,0.0,0.0,0.0,0.0,0.0,0.0,0.0,0.0,0.0
2013-02-01 23:00:00,0.0,0.0,0.0,0.0,0.0,0.0,0.0,0.0,0.0,0.0,0.0,0.0,0.0,0.0,0.0,0.0,0.0
2013-04-03 00:00:00,0.0,0.0,0.0,0.0,0.0,0.0,0.0,0.0,0.0,0.0,0.0,0.0,0.0,0.0,0.0,0.0,0.0
2013-04-03 01:00:00,0.0,0.0,0.0,0.0,0.0,0.0,0.0,0.0,0.0,0.0,0.0,0.0,0.0,0.0,0.0,0.0,0.0
2013-04-03 02:00:00,0.0,0.0,0.0,0.0,0.0,0.0,0.0,0.0,0.0,0.0,0.0,0.0,0.0,0.0,0.0,0.0,0.0
2013-04-03 03:00:00,0.0,0.0,0.0,0.0,0.0,0.0,0.0,0.0,0.0,0.0,0.0,0.0,0.0,0.0,0.0,0.0,0.0
2013-04-03 04:00:00,0.0,0.0,0.0,0.0,0.0,0.0,0.0,0.0,0.0,0.0,0.0,0.0,0.0,0.0,0.0,0.0,0.0
2013-04-03 05:00:00,0.002,0.0,0.002,0.002,0.0,0.004,0.0,0.006,0.0,0.0,0.012,0.002,0.001,0.0,0.008,0.001,0.0
2013-04-03 06:00:00,0.043,0.031,0.049,0.018,0.03,0.054,0.011,0.054,0.031,0.011,0.074,0.048,0.031,0.013,0.065,0.051,0.032
2013-04-03 07:00:00,0.098,0.087,0.121,0.042,0.088,0.101,0.057,0.104,0.077,0.03,0.137,0.11,0.073,0.029,0.125,0.118,0.086
2013-04-03 08:00:00,0.15,0.12,0.192,0.08,0.133,0.17,0.1,0.166,0.114,0.069,0.209,0.143,0.148,0.064,0.168,0.181,0.138
2013-04-03 09:00:00,0.205,0.171,0.262,0.095,0.209,0.209,0.159,0.219,0.137,0.08,0.27,0.185,0.182,0.081,0.262,0.243,0.193
2013-04-03 10:00:00,0.287,0.244,0.385,0.126,0.295,0.223,0.224,0.228,0.194,0.123,0.321,0.342,0.25,0.102,0.385,0.343,0.284
2013-04-03 11:00:00,0.31,0.233,0.401,0.133,0.3,0.244,0.252,0.203,0.272,0.123,0.289,0.476,0.293,0.128,0.432,0.349,0.346
2013-04-03 12:00:00,0.299,0.24,0.381,0.122,0.294,0.211,0.251,0.184,0.199,0.125,0.244,0.568,0.235,0.172,0.419,0.312,0.357
2013-04-03 13:00:00,0.296,0.214,0.371,0.12,0.299,0.202,0.207,0.172,0.164,0.127,0.211,0.583,0.196,0.194,0.365,0.32,0.402
2013-04-03 14:00:00,0.273,0.203,0.326,0.068,0.295,0.149,0.149,0.109,0.164,0.088,0.15,0.593,0.187,0.143,0.286,0.307,0.451
2013-04-03 15:00:00,0.197,0.099,0.231,0.045,0.165,0.086,0.091,0.07,0.087,0.054,0.098,0.553,0.111,0.098,0.206,0.191,0.437
2013-04-03 16:00:00,0.133,0.059,0.157,0.026,0.118,0.038,0.042,0.04,0.043,0.019,0.048,0.433,0.046,0.039,0.124,0.107,0.371
2013-04-03 17:00:00,0.056,0.015,0.04,0.002,0.053,0.008,0.008,0.006,0.009,0.001,0.007,0.236,0.01,0.006,0.034,0.033,0.211
2013-04-03 18:00:00,0.0,0.0,0.0,0.0,0.0,0.0,0.0,0.0,0.0,0.0,0.0,0.0,0.0,0.0,0.0,0.0,0.0
2013-04-03 19:00:00,0.0,0.0,0.0,0.0,0.0,0.0,0.0,0.0,0.0,0.0,0.0,0.0,0.0,0.0,0.0,0.0,0.0
2013-04-03 20:00:00,0.0,0.0,0.0,0.0,0.0,0.0,0.0,0.0,0.0,0.0,0.0,0.0,0.0,0.0,0.0,0.0,0.0
2013-04-03 21:00:00,0.0,0.0,0.0,0.0,0.0,0.0,0.0,0.0,0.0,0.0,0.0,0.0,0.0,0.0,0.0,0.0,0.0
2013-04-03 22:00:00,0.0,0.0,0.0,0.0,0.0,0.0,0.0,0.0,0.0,0.0,0.0,0.0,0.0,0.0,0.0,0.0,0.0
2013-04-03 23:00:00,0.0,0.0,0.0,0.0,0.0,0.0,0.0,0.0,0.0,0.0,0.0,0.0,0.0,0.0,0.0,0.0,0.0
2013-04-04 00:00:00,0.0,0.0,0.0,0.0,0.0,0.0,0.0,0.0,0.0,0.0,0.0,0.0,0.0,0.0,0.0,0.0,0.0
2013-04-04 01:00:00,0.0,0.0,0.0,0.0,0.0,0.0,0.0,0.0,0.0,0.0,0.0,0.0,0.0,0.0,0.0,0.0,0.0
2013-04-04 02:00:00,0.0,0.0,0.0,0.0,0.0,0.0,0.0,0.0,0.0,0.0,0.0,0.0,0.0,0.0,0.0,0.0,0.0
2013-04-04 03:00:00,0.0,0.0,0.0,0.0,0.0,0.0,0.0,0.0,0.0,0.0,0.0,0.0,0.0,0.0,0.0,0.0,0.0
2013-04-04 04:00:00,0.0,0.0,0.0,0.0,0.0,0.0,0.0,0.0,0.0,0.0,0.0,0.0,0.0,0.0,0.0,0.0,0.0
2013-04-04 05:00:00,0.001,0.0,0.001,0.002,0.0,0.003,0.001,0.002,0.001,0.0,0.004,0.001,0.002,0.002,0.002,0.001,0.0
2013-04-04 06:00:00,0.031,0.019,0.038,0.023,0.022,0.041,0.026,0.035,0.039,0.015,0.031,0.038,0.038,0.025,0.03,0.033,0.035
2013-04-04 07:00:00,0.071,0.042,0.08,0.06,0.067,0.083,0.087,0.056,0.067,0.057,0.067,0.083,0.095,0.086,0.062,0.077,0.077
2013-04-04 08:00:00,0.117,0.083,0.113,0.097,0.13,0.121,0.217,0.083,0.137,0.079,0.094,0.127,0.176,0.17,0.093,0.123,0.128
2013-04-04 09:00:00,0.163,0.147,0.136,0.106,0.185,0.188,0.283,0.095,0.274,0.096,0.135,0.154,0.322,0.188,0.114,0.177,0.183
2013-04-04 10:00:00,0.21,0.19,0.202,0.137,0.221,0.265,0.356,0.133,0.326,0.131,0.141,0.179,0.386,0.266,0.124,0.244,0.232
2013-04-04 11:00:00,0.246,0.221,0.271,0.149,0.242,0.311,0.428,0.174,0.343,0.146,0.175,0.225,0.468,0.336,0.121,0.299,0.238
2013-04-04 12:00:00,0.241,0.169,0.281,0.166,0.221,0.358,0.448,0.2,0.288,0.152,0.165,0.209,0.503,0.313,0.163,0.28,0.222
2013-04-04 13:00:00,0.216,0.15,0.291,0.127,0.193,0.349,0.385,0.14,0.304,0.131,0.123,0.209,0.439,0.27,0.132,0.251,0.213
2013-04-04 14:00:00,0.19,0.172,0.229,0.083,0.192,0.266,0.3,0.11,0.292,0.094,0.117,0.18,0.376,0.212,0.126,0.214,0.219
2013-04-04 15:00:00,0.131,0.12,0.15,0.053,0.114,0.156,0.204,0.074,0.182,0.069,0.078,0.128,0.249,0.14,0.09,0.173,0.126
2013-04-04 16:00:00,0.076,0.087,0.085,0.025,0.098,0.079,0.082,0.036,0.084,0.032,0.044,0.057,0.122,0.064,0.052,0.099,0.087
2013-04-04 17:00:00,0.034,0.038,0.026,0.001,0.071,0.028,0.045,0.006,0.046,0.003,0.007,0.015,0.054,0.013,0.011,0.047,0.056
2013-04-04 18:00:00,0.0,0.0,0.0,0.0,0.0,0.0,0.0,0.0,0.0,0.0,0.0,0.0,0.0,0.0,0.0,0.0,0.003
2013-04-04 19:00:00,0.0,0.0,0.0,0.0,0.0,0.0,0.0,0.0,0.0,0.0,0.0,0.0,0.0,0.0,0.0,0.0,0.0
2013-04-04 20:00:00,0.0,0.0,0.0,0.0,0.0,0.0,0.0,0.0,0.0,0.0,0.0,0.0,0.0,0.0,0.0,0.0,0.0
2013-04-04 21:00:00,0.0,0.0,0.0,0.0,0.0,0.0,0.0,0.0,0.0,0.0,0.0,0.0,0.0,0.0,0.0,0.0,0.0
2013-04-04 22:00:00,0.0,0.0,0.0,0.0,0.0,0.0,0.0,0.0,0.0,0.0,0.0,0.0,0.0,0.0,0.0,0.0,0.0
2013-04-04 23:00:00,0.0,0.0,0.0,0.0,0.0,0.0,0.0,0.0,0.0,0.0,0.0,0.0,0.0,0.0,0.0,0.0,0.0
2013-04-05 00:00:00,0.0,0.0,0.0,0.0,0.0,0.0,0.0,0.0,0.0,0.0,0.0,0.0,0.0,0.0,0.0,0.0,0.0
2013-04-05 01:00:00,0.0,0.0,0.0,0.0,0.0,0.0,0.0,0.0,0.0,0.0,0.0,0.0,0.0,0.0,0.0,0.0,0.0
2013-04-05 02:00:00,0.0,0.0,0.0,0.0,0.0,0.0,0.0,0.0,0.0,0.0,0.0,0.0,0.0,0.0,0.0,0.0,0.0
2013-04-05 03:00:00,0.0,0.0,0.0,0.0,0.0,0.0,0.0,0.0,0.0,0.0,0.0,0.0,0.0,0.0,0.0,0.0,0.0
2013-04-05 04:00:00,0.0,0.0,0.0,0.0,0.0,0.0,0.0,0.0,0.0,0.0,0.0,0.0,0.0,0.0,0.0,0.0,0.0
2013-04-05 05:00:00,0.002,0.0,0.001,0.008,0.0,0.003,0.002,0.004,0.001,0.002,0.007,0.001,0.003,0.004,0.002,0.001,0.0
2013-04-05 06:00:00,0.033,0.021,0.031,0.05,0.024,0.044,0.035,0.041,0.033,0.032,0.05,0.038,0.045,0.053,0.034,0.027,0.028
2013-04-05 07:00:00,0.092,0.065,0.084,0.123,0.082,0.117,0.097,0.121,0.088,0.084,0.12,0.086,0.117,0.13,0.087,0.085,0.079
2013-04-05 08:00:00,0.157,0.128,0.135,0.199,0.135,0.204,0.161,0.198,0.15,0.125,0.212,0.15,0.196,0.195,0.177,0.148,0.121
2013-04-05 09:00:00,0.23,0.19,0.184,0.31,0.199,0.317,0.24,0.291,0.231,0.174,0.303,0.251,0.279,0.283,0.288,0.216,0.132
2013-04-05 10:00:00,0.274,0.225,0.232,0.36,0.278,0.352,0.265,0.345,0.246,0.209,0.358,0.286,0.326,0.322,0.35,0.259,0.134
2013-04-05 11:00:00,0.331,0.289,0.324,0.398,0.301,0.428,0.407,0.387,0.314,0.288,0.363,0.343,0.445,0.421,0.387,0.319,0.201
2013-04-05 12:00:00,0.323,0.262,0.327,0.383,0.255,0.405,0.437,0.375,0.296,0.286,0.399,0.313,0.455,0.422,0.405,0.313,0.203
2013-04-05 13:00:00,0.283,0.228,0.273,0.344,0.223,0.325,0.393,0.314,0.282,0.239,0.336,0.316,0.429,0.402,0.336,0.26,0.22
2013-04-05 14:00:00,0.224,0.194,0.221,0.272,0.19,0.264,0.307,0.225,0.234,0.218,0.214,0.279,0.366,0.346,0.237,0.194,0.191
2013-04-05 15:00:00,0.154,0.111,0.158,0.205,0.111,0.185,0.171,0.171,0.126,0.157,0.154,0.244,0.238,0.229,0.181,0.125,0.127
2013-04-05 16:00:00,0.093,0.068,0.078,0.1,0.067,0.108,0.09,0.068,0.065,0.081,0.08,0.18,0.156,0.123,0.08,0.087,0.11
2013-04-05 17:00:00,0.04,0.03,0.017,0.035,0.037,0.028,0.021,0.024,0.022,0.036,0.029,0.108,0.055,0.05,0.038,0.039,0.053
2013-04-05 18:00:00,0.0,0.0,0.0,0.0,0.0,0.0,0.0,0.0,0.0,0.0,0.0,0.0,0.0,0.0,0.0,0.0,0.002
2013-04-05 19:00:00,0.0,0.0,0.0,0.0,0.0,0.0,0.0,0.0,0.0,0.0,0.0,0.0,0.0,0.0,0.0,0.0,0.0
2013-04-05 20:00:00,0.0,0.0,0.0,0.0,0.0,0.0,0.0,0.0,0.0,0.0,0.0,0.0,0.0,0.0,0.0,0.0,0.0
2013-04-05 21:00:00,0.0,0.0,0.0,0.0,0.0,0.0,0.0,0.0,0.0,0.0,0.0,0.0,0.0,0.0,0.0,0.0,0.0
2013-04-05 22:00:00,0.0,0.0,0.0,0.0,0.0,0.0,0.0,0.0,0.0,0.0,0.0,0.0,0.0,0.0,0.0,0.0,0.0
2013-04-05 23:00:00,0.0,0.0,0.0,0.0,0.0,0.0,0.0,0.0,0.0,0.0,0.0,0.0,0.0,0.0,0.0,0.0,0.0
2013-04-06 00:00:00,0.0,0.0,0.0,0.0,0.0,0.0,0.0,0.0,0.0,0.0,0.0,0.0,0.0,0.0,0.0,0.0,0.0
2013-04-06 01:00:00,0.0,0.0,0.0,0.0,0.0,0.0,0.0,0.0,0.0,0.0,0.0,0.0,0.0,0.0,0.0,0.0,0.0
2013-04-06 02:00:00,0.0,0.0,0.0,0.0,0.0,0.0,0.0,0.0,0.0,0.0,0.0,0.0,0.0,0.0,0.0,0.0,0.0
2013-04-06 03:00:00,0.0,0.0,0.0,0.0,0.0,0.0,0.0,0.0,0.0,0.0,0.0,0.0,0.0,0.0,0.0,0.0,0.0
2013-04-06 04:00:00,0.0,0.0,0.0,0.0,0.0,0.0,0.0,0.0,0.0,0.0,0.0,0.0,0.0,0.0,0.0,0.0,0.0
2013-04-06 05:00:00,0.003,0.0,0.004,0.008,0.0,0.002,0.002,0.005,0.001,0.004,0.013,0.006,0.003,0.002,0.01,0.001,0.0
2013-04-06 06:00:00,0.042,0.026,0.055,0.05,0.033,0.042,0.038,0.049,0.032,0.042,0.066,0.057,0.037,0.03,0.063,0.033,0.036
2013-04-06 07:00:00,0.105,0.091,0.143,0.104,0.099,0.127,0.076,0.123,0.096,0.078,0.133,0.114,0.112,0.07,0.126,0.096,0.09
2013-04-06 08:00:00,0.159,0.141,0.168,0.18,0.137,0.208,0.129,0.196,0.15,0.115,0.196,0.147,0.18,0.127,0.176,0.168,0.115
2013-04-06 09:00:00,0.217,0.175,0.241,0.26,0.179,0.268,0.192,0.257,0.219,0.163,0.26,0.211,0.261,0.21,0.257,0.218,0.166
2013-04-06 10:00:00,0.28,0.21,0.378,0.287,0.208,0.323,0.237,0.287,0.24,0.231,0.257,0.348,0.33,0.26,0.333,0.283,0.266
2013-04-06 11:00:00,0.33,0.208,0.474,0.298,0.21,0.367,0.293,0.326,0.236,0.252,0.287,0.474,0.387,0.312,0.4,0.337,0.357
2013-04-06 12:00:00,0.355,0.241,0.534,0.284,0.202,0.381,0.292,0.335,0.308,0.188,0.313,0.568,0.423,0.282,0.472,0.355,0.396
2013-04-06 13:00:00,0.338,0.218,0.551,0.215,0.243,0.343,0.257,0.257,0.265,0.177,0.22,0.602,0.395,0.272,0.442,0.327,0.423
2013-04-06 14:00:00,0.296,0.187,0.366,0.185,0.215,0.268,0.222,0.2,0.29,0.142,0.197,0.584,0.372,0.188,0.411,0.28,0.421
2013-04-06 15:00:00,0.268,0.139,0.4,0.122,0.178,0.235,0.126,0.155,0.266,0.109,0.172,0.522,0.309,0.17,0.385,0.268,0.413
2013-04-06 16:00:00,0.191,0.099,0.319,0.076,0.127,0.111,0.102,0.09,0.147,0.051,0.103,0.429,0.194,0.072,0.309,0.183,0.325
2013-04-06 17:00:00,0.107,0.035,0.204,0.034,0.055,0.039,0.051,0.04,0.049,0.013,0.054,0.265,0.084,0.028,0.189,0.103,0.207
2013-04-06 18:00:00,0.003,0.0,0.0,0.0,0.002,0.0,0.0,0.0,0.0,0.0,0.0,0.0,0.0,0.0,0.0,0.0,0.033
2013-04-06 19:00:00,0.0,0.0,0.0,0.0,0.0,0.0,0.0,0.0,0.0,0.0,0.0,0.0,0.0,0.0,0.0,0.0,0.0
2013-04-06 20:00:00,0.0,0.0,0.0,0.0,0.0,0.0,0.0,0.0,0.0,0.0,0.0,0.0,0.0,0.0,0.0,0.0,0.0
2013-04-06 21:00:00,0.0,0.0,0.0,0.0,0.0,0.0,0.0,0.0,0.0,0.0,0.0,0.0,0.0,0.0,0.0,0.0,0.0
2013-04-06 22:00:00,0.0,0.0,0.0,0.0,0.0,0.0,0.0,0.0,0.0,0.0,0.0,0.0,0.0,0.0,0.0,0.0,0.0
2013-04-06 23:00:00,0.0,0.0,0.0,0.0,0.0,0.0,0.0,0.0,0.0,0.0,0.0,0.0,0.0,0.0,0.0,0.0,0.0
2013-04-07 00:00:00,0.0,0.0,0.0,0.0,0.0,0.0,0.0,0.0,0.0,0.0,0.0,0.0,0.0,0.0,0.0,0.0,0.0
2013-04-07 01:00:00,0.0,0.0,0.0,0.0,0.0,0.0,0.0,0.0,0.0,0.0,0.0,0.0,0.0,0.0,0.0,0.0,0.0
2013-04-07 02:00:00,0.0,0.0,0.0,0.0,0.0,0.0,0.0,0.0,0.0,0.0,0.0,0.0,0.0,0.0,0.0,0.0,0.0
2013-04-07 03:00:00,0.0,0.0,0.0,0.0,0.0,0.0,0.0,0.0,0.0,0.0,0.0,0.0,0.0,0.0,0.0,0.0,0.0
2013-04-07 04:00:00,0.0,0.0,0.0,0.0,0.0,0.0,0.0,0.0,0.0,0.0,0.0,0.0,0.0,0.0,0.0,0.0,0.0
2013-04-07 05:00:00,0.007,0.002,0.008,0.015,0.0,0.009,0.004,0.012,0.004,0.006,0.021,0.007,0.006,0.006,0.015,0.004,0.001
2013-04-07 06:00:00,0.054,0.041,0.069,0.083,0.035,0.071,0.045,0.072,0.046,0.046,0.076,0.051,0.063,0.053,0.078,0.047,0.031
2013-04-07 07:00:00,0.095,0.083,0.091,0.149,0.069,0.131,0.103,0.132,0.092,0.103,0.118,0.081,0.145,0.123,0.116,0.082,0.06
2013-04-07 08:00:00,0.129,0.115,0.12,0.219,0.101,0.174,0.137,0.177,0.129,0.149,0.16,0.107,0.205,0.155,0.138,0.108,0.085
2013-04-07 09:00:00,0.205,0.198,0.2,0.291,0.166,0.277,0.18,0.27,0.215,0.175,0.27,0.175,0.31,0.194,0.232,0.185,0.142
2013-04-07 10:00:00,0.342,0.312,0.366,0.375,0.317,0.413,0.255,0.408,0.349,0.199,0.428,0.328,0.404,0.286,0.396,0.337,0.282
2013-04-07 11:00:00,0.446,0.382,0.506,0.468,0.442,0.516,0.278,0.525,0.368,0.208,0.548,0.427,0.476,0.34,0.535,0.456,0.381
2013-04-07 12:00:00,0.51,0.436,0.599,0.477,0.55,0.528,0.252,0.573,0.329,0.213,0.637,0.56,0.533,0.312,0.628,0.505,0.497
2013-04-07 13:00:00,0.526,0.49,0.636,0.429,0.57,0.51,0.176,0.579,0.382,0.174,0.69,0.616,0.469,0.268,0.626,0.516,0.571
2013-04-07 14:00:00,0.473,0.447,0.506,0.394,0.505,0.426,0.153,0.54,0.252,0.215,0.67,0.598,0.41,0.285,0.582,0.45,0.513
2013-04-07 15:00:00,0.413,0.47,0.506,0.305,0.454,0.368,0.164,0.461,0.336,0.125,0.589,0.553,0.389,0.228,0.517,0.341,0.458
2013-04-07 16:00:00,0.323,0.403,0.369,0.216,0.312,0.286,0.106,0.316,0.252,0.096,0.44,0.44,0.315,0.153,0.348,0.32,0.364
2013-04-07 17:00:00,0.211,0.249,0.239,0.104,0.252,0.214,0.052,0.202,0.181,0.077,0.22,0.286,0.224,0.142,0.199,0.207,0.248
2013-04-07 18:00:00,0.017,0.007,0.0,0.0,0.085,0.0,0.0,0.0,0.0,0.0,0.0,0.0,0.0,0.0,0.0,0.0,0.084
2013-04-07 19:00:00,0.0,0.0,0.0,0.0,0.0,0.0,0.0,0.0,0.0,0.0,0.0,0.0,0.0,0.0,0.0,0.0,0.0
2013-04-07 20:00:00,0.0,0.0,0.0,0.0,0.0,0.0,0.0,0.0,0.0,0.0,0.0,0.0,0.0,0.0,0.0,0.0,0.0
2013-04-07 21:00:00,0.0,0.0,0.0,0.0,0.0,0.0,0.0,0.0,0.0,0.0,0.0,0.0,0.0,0.0,0.0,0.0,0.0
2013-04-07 22:00:00,0.0,0.0,0.0,0.0,0.0,0.0,0.0,0.0,0.0,0.0,0.0,0.0,0.0,0.0,0.0,0.0,0.0
2013-04-07 23:00:00,0.0,0.0,0.0,0.0,0.0,0.0,0.0,0.0,0.0,0.0,0.0,0.0,0.0,0.0,0.0,0.0,0.0
2013-04-08 00:00:00,0.0,0.0,0.0,0.0,0.0,0.0,0.0,0.0,0.0,0.0,0.0,0.0,0.0,0.0,0.0,0.0,0.0
2013-04-08 01:00:00,0.0,0.0,0.0,0.0,0.0,0.0,0.0,0.0,0.0,0.0,0.0,0.0,0.0,0.0,0.0,0.0,0.0
2013-04-08 02:00:00,0.0,0.0,0.0,0.0,0.0,0.0,0.0,0.0,0.0,0.0,0.0,0.0,0.0,0.0,0.0,0.0,0.0
2013-04-08 03:00:00,0.0,0.0,0.0,0.0,0.0,0.0,0.0,0.0,0.0,0.0,0.0,0.0,0.0,0.0,0.0,0.0,0.0
2013-04-08 04:00:00,0.0,0.0,0.0,0.0,0.0,0.0,0.0,0.0,0.0,0.0,0.0,0.0,0.0,0.0,0.0,0.0,0.0
2013-04-08 05:00:00,0.008,0.002,0.009,0.017,0.001,0.01,0.008,0.015,0.005,0.013,0.022,0.008,0.009,0.011,0.019,0.005,0.002
2013-04-08 06:00:00,0.052,0.038,0.061,0.06,0.036,0.063,0.047,0.066,0.041,0.054,0.075,0.056,0.058,0.048,0.079,0.047,0.034
2013-04-08 07:00:00,0.102,0.079,0.111,0.094,0.092,0.115,0.075,0.12,0.075,0.083,0.13,0.124,0.093,0.077,0.15,0.095,0.093
2013-04-08 08:00:00,0.129,0.096,0.169,0.118,0.116,0.132,0.103,0.14,0.09,0.104,0.159,0.163,0.122,0.098,0.196,0.112,0.126
2013-04-08 09:00:00,0.214,0.168,0.251,0.267,0.166,0.225,0.23,0.247,0.181,0.256,0.285,0.233,0.24,0.226,0.288,0.184,0.177
2013-04-08 10:00:00,0.35,0.325,0.348,0.425,0.31,0.394,0.393,0.397,0.354,0.369,0.412,0.351,0.415,0.398,0.363,0.327,0.29
2013-04-08 11:00:00,0.449,0.45,0.432,0.548,0.395,0.521,0.52,0.491,0.485,0.457,0.487,0.462,0.559,0.505,0.386,0.431,0.4
2013-04-08 12:00:00,0.498,0.478,0.487,0.579,0.448,0.58,0.624,0.51,0.562,0.492,0.496,0.54,0.654,0.553,0.412,0.459,0.531
2013-04-08 13:00:00,0.52,0.443,0.545,0.618,0.419,0.622,0.634,0.549,0.619,0.443,0.461,0.612,0.708,0.587,0.45,0.479,0.588
2013-04-08 14:00:00,0.468,0.386,0.502,0.559,0.298,0.569,0.526,0.521,0.595,0.381,0.415,0.642,0.709,0.517,0.476,0.38,0.585
2013-04-08 15:00:00,0.424,0.319,0.432,0.496,0.256,0.518,0.511,0.458,0.451,0.359,0.391,0.593,0.616,0.49,0.478,0.35,0.548
2013-04-08 16:00:00,0.308,0.228,0.32,0.376,0.167,0.412,0.377,0.349,0.277,0.265,0.295,0.497,0.357,0.339,0.371,0.218,0.439
2013-04-08 17:00:00,0.174,0.116,0.152,0.224,0.137,0.194,0.105,0.197,0.108,0.134,0.153,0.322,0.102,0.153,0.21,0.13,0.272
2013-04-08 18:00:00,0.016,0.003,0.0,0.0,0.06,0.0,0.0,0.0,0.0,0.0,0.0,0.0,0.0,0.0,0.0,0.003,0.101
2013-04-08 19:00:00,0.0,0.0,0.0,0.0,0.0,0.0,0.0,0.0,0.0,0.0,0.0,0.0,0.0,0.0,0.0,0.0,0.0
2013-04-08 20:00:00,0.0,0.0,0.0,0.0,0.0,0.0,0.0,0.0,0.0,0.0,0.0,0.0,0.0,0.0,0.0,0.0,0.0
2013-04-08 21:00:00,0.0,0.0,0.0,0.0,0.0,0.0,0.0,0.0,0.0,0.0,0.0,0.0,0.0,0.0,0.0,0.0,0.0
2013-04-08 22:00:00,0.0,0.0,0.0,0.0,0.0,0.0,0.0,0.0,0.0,0.0,0.0,0.0,0.0,0.0,0.0,0.0,0.0
2013-04-08 23:00:00,0.0,0.0,0.0,0.0,0.0,0.0,0.0,0.0,0.0,0.0,0.0,0.0,0.0,0.0,0.0,0.0,0.0
2013-04-09 00:00:00,0.0,0.0,0.0,0.0,0.0,0.0,0.0,0.0,0.0,0.0,0.0,0.0,0.0,0.0,0.0,0.0,0.0
2013-04-09 01:00:00,0.0,0.0,0.0,0.0,0.0,0.0,0.0,0.0,0.0,0.0,0.0,0.0,0.0,0.0,0.0,0.0,0.0
2013-04-09 02:00:00,0.0,0.0,0.0,0.0,0.0,0.0,0.0,0.0,0.0,0.0,0.0,0.0,0.0,0.0,0.0,0.0,0.0
2013-04-09 03:00:00,0.0,0.0,0.0,0.0,0.0,0.0,0.0,0.0,0.0,0.0,0.0,0.0,0.0,0.0,0.0,0.0,0.0
2013-04-09 04:00:00,0.0,0.0,0.0,0.0,0.0,0.0,0.0,0.0,0.0,0.0,0.0,0.0,0.0,0.0,0.0,0.0,0.0
2013-04-09 05:00:00,0.01,0.002,0.011,0.027,0.002,0.013,0.004,0.019,0.002,0.014,0.022,0.01,0.005,0.016,0.019,0.006,0.004
2013-04-09 06:00:00,0.058,0.04,0.067,0.088,0.046,0.076,0.041,0.082,0.037,0.045,0.073,0.061,0.048,0.074,0.068,0.055,0.04
2013-04-09 07:00:00,0.116,0.07,0.138,0.139,0.105,0.155,0.098,0.145,0.079,0.085,0.128,0.123,0.124,0.134,0.114,0.12,0.099
2013-04-09 08:00:00,0.162,0.111,0.186,0.2,0.167,0.199,0.163,0.205,0.08,0.113,0.167,0.172,0.166,0.204,0.145,0.163,0.14
2013-04-09 09:00:00,0.234,0.161,0.265,0.283,0.214,0.281,0.265,0.305,0.139,0.138,0.296,0.247,0.241,0.242,0.262,0.227,0.195
2013-04-09 10:00:00,0.32,0.166,0.38,0.312,0.279,0.399,0.348,0.41,0.173,0.168,0.439,0.373,0.314,0.313,0.411,0.302,0.309
2013-04-09 11:00:00,0.392,0.221,0.482,0.318,0.332,0.481,0.408,0.482,0.229,0.217,0.531,0.49,0.391,0.326,0.507,0.367,0.419
2013-04-09 12:00:00,0.402,0.239,0.561,0.265,0.338,0.515,0.35,0.53,0.191,0.201,0.554,0.581,0.343,0.23,0.56,0.342,0.464
2013-04-09 13:00:00,0.399,0.27,0.582,0.22,0.306,0.473,0.301,0.491,0.227,0.208,0.542,0.616,0.362,0.163,0.557,0.327,0.529
2013-04-09 14:00:00,0.328,0.196,0.52,0.15,0.22,0.342,0.266,0.404,0.237,0.194,0.45,0.601,0.302,0.137,0.482,0.238,0.466
2013-04-09 15:00:00,0.257,0.185,0.417,0.095,0.124,0.154,0.213,0.273,0.223,0.23,0.33,0.538,0.203,0.144,0.418,0.163,0.429
2013-04-09 16:00:00,0.168,0.123,0.247,0.061,0.077,0.087,0.172,0.19,0.087,0.209,0.195,0.41,0.111,0.138,0.305,0.082,0.292
2013-04-09 17:00:00,0.071,0.069,0.095,0.017,0.031,0.029,0.072,0.076,0.05,0.088,0.052,0.194,0.045,0.041,0.103,0.043,0.125
2013-04-09 18:00:00,0.005,0.004,0.0,0.0,0.004,0.0,0.0,0.0,0.0,0.0,0.0,0.005,0.0,0.0,0.0,0.001,0.044
2013-04-09 19:00:00,0.0,0.0,0.0,0.0,0.0,0.0,0.0,0.0,0.0,0.0,0.0,0.0,0.0,0.0,0.0,0.0,0.0
2013-04-09 20:00:00,0.0,0.0,0.0,0.0,0.0,0.0,0.0,0.0,0.0,0.0,0.0,0.0,0.0,0.0,0.0,0.0,0.0
2013-04-09 21:00:00,0.0,0.0,0.0,0.0,0.0,0.0,0.0,0.0,0.0,0.0,0.0,0.0,0.0,0.0,0.0,0.0,0.0
2013-04-09 22:00:00,0.0,0.0,0.0,0.0,0.0,0.0,0.0,0.0,0.0,0.0,0.0,0.0,0.0,0.0,0.0,0.0,0.0
2013-04-09 23:00:00,0.0,0.0,0.0,0.0,0.0,0.0,0.0,0.0,0.0,0.0,0.0,0.0,0.0,0.0,0.0,0.0,0.0
2013-04-10 00:00:00,0.0,0.0,0.0,0.0,0.0,0.0,0.0,0.0,0.0,0.0,0.0,0.0,0.0,0.0,0.0,0.0,0.0
2013-04-10 01:00:00,0.0,0.0,0.0,0.0,0.0,0.0,0.0,0.0,0.0,0.0,0.0,0.0,0.0,0.0,0.0,0.0,0.0
2013-04-10 02:00:00,0.0,0.0,0.0,0.0,0.0,0.0,0.0,0.0,0.0,0.0,0.0,0.0,0.0,0.0,0.0,0.0,0.0
2013-04-10 03:00:00,0.0,0.0,0.0,0.0,0.0,0.0,0.0,0.0,0.0,0.0,0.0,0.0,0.0,0.0,0.0,0.0,0.0
2013-04-10 04:00:00,0.0,0.0,0.0,0.0,0.0,0.0,0.0,0.0,0.0,0.0,0.0,0.0,0.0,0.0,0.0,0.0,0.0
2013-04-10 05:00:00,0.008,0.001,0.009,0.017,0.001,0.009,0.012,0.011,0.001,0.018,0.013,0.008,0.008,0.015,0.016,0.005,0.004
2013-04-10 06:00:00,0.049,0.03,0.057,0.075,0.035,0.047,0.069,0.055,0.021,0.078,0.061,0.053,0.041,0.07,0.069,0.039,0.047
2013-04-10 07:00:00,0.105,0.076,0.122,0.148,0.085,0.106,0.108,0.128,0.063,0.15,0.12,0.117,0.081,0.142,0.134,0.089,0.086
2013-04-10 08:00:00,0.146,0.097,0.179,0.204,0.113,0.139,0.121,0.173,0.095,0.194,0.199,0.16,0.106,0.184,0.187,0.127,0.126
2013-04-10 09:00:00,0.204,0.156,0.232,0.281,0.18,0.183,0.203,0.217,0.195,0.269,0.285,0.242,0.171,0.244,0.26,0.158,0.185
2013-04-10 10:00:00,0.269,0.258,0.28,0.34,0.248,0.225,0.305,0.27,0.256,0.328,0.298,0.326,0.253,0.322,0.325,0.213,0.283
2013-04-10 11:00:00,0.297,0.273,0.257,0.357,0.264,0.303,0.385,0.285,0.374,0.34,0.29,0.369,0.364,0.419,0.332,0.224,0.357
2013-04-10 12:00:00,0.311,0.33,0.277,0.351,0.215,0.306,0.439,0.299,0.438,0.378,0.294,0.372,0.439,0.424,0.331,0.249,0.375
2013-04-10 13:00:00,0.278,0.351,0.224,0.285,0.226,0.247,0.413,0.256,0.448,0.331,0.228,0.401,0.378,0.373,0.266,0.214,0.31
2013-04-10 14:00:00,0.236,0.372,0.201,0.233,0.211,0.193,0.407,0.181,0.406,0.29,0.171,0.319,0.413,0.329,0.214,0.182,0.215
2013-04-10 15:00:00,0.198,0.277,0.169,0.212,0.171,0.217,0.279,0.208,0.373,0.261,0.117,0.315,0.359,0.255,0.179,0.133,0.171
2013-04-10 16:00:00,0.152,0.227,0.079,0.21,0.155,0.205,0.267,0.176,0.329,0.189,0.111,0.211,0.298,0.22,0.128,0.09,0.088
2013-04-10 17:00:00,0.073,0.115,0.014,0.108,0.058,0.114,0.178,0.088,0.194,0.064,0.03,0.082,0.189,0.137,0.053,0.053,0.039
2013-04-10 18:00:00,0.006,0.03,0.0,0.0,0.011,0.0,0.0,0.0,0.0,0.0,0.0,0.009,0.0,0.0,0.0,0.006,0.008
2013-04-10 19:00:00,0.0,0.0,0.0,0.0,0.0,0.0,0.0,0.0,0.0,0.0,0.0,0.0,0.0,0.0,0.0,0.0,0.0
2013-04-10 20:00:00,0.0,0.0,0.0,0.0,0.0,0.0,0.0,0.0,0.0,0.0,0.0,0.0,0.0,0.0,0.0,0.0,0.0
2013-04-10 21:00:00,0.0,0.0,0.0,0.0,0.0,0.0,0.0,0.0,0.0,0.0,0.0,0.0,0.0,0.0,0.0,0.0,0.0
2013-04-10 22:00:00,0.0,0.0,0.0,0.0,0.0,0.0,0.0,0.0,0.0,0.0,0.0,0.0,0.0,0.0,0.0,0.0,0.0
2013-04-10 23:00:00,0.0,0.0,0.0,0.0,0.0,0.0,0.0,0.0,0.0,0.0,0.0,0.0,0.0,0.0,0.0,0.0,0.0
2013-04-11 00:00:00,0.0,0.0,0.0,0.0,0.0,0.0,0.0,0.0,0.0,0.0,0.0,0.0,0.0,0.0,0.0,0.0,0.0
2013-04-11 01:00:00,0.0,0.0,0.0,0.0,0.0,0.0,0.0,0.0,0.0,0.0,0.0,0.0,0.0,0.0,0.0,0.0,0.0
2013-04-11 02:00:00,0.0,0.0,0.0,0.0,0.0,0.0,0.0,0.0,0.0,0.0,0.0,0.0,0.0,0.0,0.0,0.0,0.0
2013-04-11 03:00:00,0.0,0.0,0.0,0.0,0.0,0.0,0.0,0.0,0.0,0.0,0.0,0.0,0.0,0.0,0.0,0.0,0.0
2013-04-11 04:00:00,0.0,0.0,0.0,0.0,0.0,0.0,0.0,0.0,0.0,0.0,0.0,0.0,0.0,0.0,0.0,0.0,0.0
2013-04-11 05:00:00,0.008,0.005,0.004,0.02,0.003,0.009,0.011,0.015,0.007,0.016,0.02,0.007,0.009,0.013,0.011,0.004,0.002
2013-04-11 06:00:00,0.048,0.05,0.035,0.066,0.046,0.05,0.06,0.055,0.045,0.056,0.077,0.046,0.049,0.048,0.061,0.043,0.023
2013-04-11 07:00:00,0.088,0.109,0.065,0.091,0.105,0.079,0.111,0.091,0.073,0.099,0.12,0.116,0.077,0.074,0.115,0.074,0.054
2013-04-11 08:00:00,0.12,0.118,0.087,0.103,0.129,0.124,0.126,0.12,0.095,0.126,0.17,0.161,0.1,0.092,0.183,0.104,0.095
2013-04-11 09:00:00,0.194,0.183,0.134,0.239,0.197,0.219,0.22,0.191,0.183,0.234,0.257,0.234,0.203,0.22,0.25,0.168,0.138
2013-04-11 10:00:00,0.294,0.318,0.185,0.379,0.258,0.35,0.363,0.323,0.337,0.344,0.373,0.3,0.35,0.347,0.337,0.279,0.18
2013-04-11 11:00:00,0.334,0.279,0.298,0.488,0.201,0.446,0.446,0.429,0.359,0.45,0.452,0.363,0.44,0.444,0.384,0.307,0.178
2013-04-11 12:00:00,0.343,0.291,0.261,0.56,0.143,0.461,0.44,0.458,0.395,0.51,0.544,0.377,0.409,0.495,0.466,0.3,0.142
2013-04-11 13:00:00,0.346,0.237,0.312,0.559,0.129,0.513,0.496,0.469,0.437,0.572,0.505,0.4,0.478,0.536,0.417,0.295,0.152
2013-04-11 14:00:00,0.271,0.186,0.238,0.532,0.075,0.384,0.433,0.399,0.361,0.548,0.473,0.296,0.423,0.504,0.343,0.166,0.138
2013-04-11 15:00:00,0.195,0.137,0.137,0.498,0.044,0.218,0.353,0.372,0.184,0.464,0.382,0.227,0.33,0.417,0.28,0.067,0.082
2013-04-11 16:00:00,0.123,0.134,0.047,0.351,0.068,0.083,0.232,0.185,0.169,0.257,0.267,0.105,0.191,0.214,0.216,0.035,0.042
2013-04-11 17:00:00,0.056,0.084,0.013,0.153,0.069,0.025,0.132,0.045,0.103,0.111,0.111,0.039,0.088,0.092,0.091,0.014,0.017
2013-04-11 18:00:00,0.006,0.029,0.0,0.0,0.034,0.0,0.0,0.0,0.0,0.0,0.0,0.0,0.0,0.0,0.0,0.002,0.004
2013-04-11 19:00:00,0.0,0.0,0.0,0.0,0.0,0.0,0.0,0.0,0.0,0.0,0.0,0.0,0.0,0.0,0.0,0.0,0.0
2013-04-11 20:00:00,0.0,0.0,0.0,0.0,0.0,0.0,0.0,0.0,0.0,0.0,0.0,0.0,0.0,0.0,0.0,0.0,0.0
2013-04-11 21:00:00,0.0,0.0,0.0,0.0,0.0,0.0,0.0,0.0,0.0,0.0,0.0,0.0,0.0,0.0,0.0,0.0,0.0
2013-04-11 22:00:00,0.0,0.0,0.0,0.0,0.0,0.0,0.0,0.0,0.0,0.0,0.0,0.0,0.0,0.0,0.0,0.0,0.0
2013-04-11 23:00:00,0.0,0.0,0.0,0.0,0.0,0.0,0.0,0.0,0.0,0.0,0.0,0.0,0.0,0.0,0.0,0.0,0.0
2013-04-12 00:00:00,0.0,0.0,0.0,0.0,0.0,0.0,0.0,0.0,0.0,0.0,0.0,0.0,0.0,0.0,0.0,0.0,0.0
2013-04-12 01:00:00,0.0,0.0,0.0,0.0,0.0,0.0,0.0,0.0,0.0,0.0,0.0,0.0,0.0,0.0,0.0,0.0,0.0
2013-04-12 02:00:00,0.0,0.0,0.0,0.0,0.0,0.0,0.0,0.0,0.0,0.0,0.0,0.0,0.0,0.0,0.0,0.0,0.0
2013-04-12 03:00:00,0.0,0.0,0.0,0.0,0.0,0.0,0.0,0.0,0.0,0.0,0.0,0.0,0.0,0.0,0.0,0.0,0.0
2013-04-12 04:00:00,0.0,0.0,0.0,0.0,0.0,0.0,0.0,0.0,0.0,0.0,0.0,0.0,0.0,0.0,0.0,0.0,0.0
2013-04-12 05:00:00,0.01,0.002,0.008,0.023,0.0,0.009,0.012,0.02,0.006,0.02,0.028,0.012,0.008,0.014,0.026,0.004,0.003
2013-04-12 06:00:00,0.044,0.024,0.047,0.071,0.015,0.042,0.058,0.063,0.049,0.059,0.085,0.057,0.047,0.053,0.085,0.027,0.032
2013-04-12 07:00:00,0.086,0.057,0.1,0.086,0.028,0.105,0.108,0.101,0.085,0.089,0.136,0.123,0.095,0.112,0.14,0.077,0.059
2013-04-12 08:00:00,0.108,0.048,0.137,0.117,0.038,0.133,0.133,0.136,0.077,0.157,0.16,0.172,0.12,0.169,0.191,0.082,0.07
2013-04-12 09:00:00,0.148,0.086,0.136,0.231,0.056,0.196,0.164,0.22,0.074,0.202,0.266,0.212,0.177,0.227,0.289,0.102,0.063
2013-04-12 10:00:00,0.199,0.196,0.19,0.317,0.112,0.187,0.173,0.255,0.191,0.249,0.365,0.209,0.217,0.278,0.344,0.151,0.092
2013-04-12 11:00:00,0.201,0.201,0.198,0.348,0.098,0.226,0.221,0.263,0.171,0.222,0.389,0.233,0.175,0.292,0.368,0.136,0.081
2013-04-12 12:00:00,0.188,0.246,0.188,0.321,0.137,0.197,0.202,0.258,0.165,0.162,0.322,0.19,0.125,0.198,0.338,0.13,0.069
2013-04-12 13:00:00,0.16,0.219,0.091,0.144,0.16,0.122,0.207,0.174,0.204,0.105,0.267,0.152,0.137,0.121,0.271,0.145,0.095
2013-04-12 14:00:00,0.145,0.273,0.052,0.084,0.216,0.09,0.156,0.101,0.235,0.075,0.202,0.073,0.108,0.062,0.187,0.141,0.15
2013-04-12 15:00:00,0.119,0.243,0.029,0.033,0.184,0.063,0.097,0.055,0.278,0.059,0.082,0.032,0.202,0.031,0.107,0.127,0.179
2013-04-12 16:00:00,0.144,0.242,0.026,0.019,0.3,0.066,0.112,0.027,0.291,0.047,0.029,0.014,0.203,0.034,0.04,0.207,0.239
2013-04-12 17:00:00,0.085,0.125,0.111,0.003,0.124,0.032,0.051,0.005,0.143,0.018,0.003,0.012,0.101,0.015,0.004,0.138,0.167
2013-04-12 18:00:00,0.022,0.032,0.018,0.0,0.039,0.0,0.0,0.0,0.0,0.0,0.0,0.007,0.0,0.0,0.0,0.039,0.055
2013-04-12 19:00:00,0.0,0.0,0.0,0.0,0.0,0.0,0.0,0.0,0.0,0.0,0.0,0.0,0.0,0.0,0.0,0.0,0.0
2013-04-12 20:00:00,0.0,0.0,0.0,0.0,0.0,0.0,0.0,0.0,0.0,0.0,0.0,0.0,0.0,0.0,0.0,0.0,0.0
2013-04-12 21:00:00,0.0,0.0,0.0,0.0,0.0,0.0,0.0,0.0,0.0,0.0,0.0,0.0,0.0,0.0,0.0,0.0,0.0
2013-04-12 22:00:00,0.0,0.0,0.0,0.0,0.0,0.0,0.0,0.0,0.0,0.0,0.0,0.0,0.0,0.0,0.0,0.0,0.0
2013-04-12 23:00:00,0.0,0.0,0.0,0.0,0.0,0.0,0.0,0.0,0.0,0.0,0.0,0.0,0.0,0.0,0.0,0.0,0.0
2013-04-13 00:00:00,0.0,0.0,0.0,0.0,0.0,0.0,0.0,0.0,0.0,0.0,0.0,0.0,0.0,0.0,0.0,0.0,0.0
2013-04-13 01:00:00,0.0,0.0,0.0,0.0,0.0,0.0,0.0,0.0,0.0,0.0,0.0,0.0,0.0,0.0,0.0,0.0,0.0
2013-04-13 02:00:00,0.0,0.0,0.0,0.0,0.0,0.0,0.0,0.0,0.0,0.0,0.0,0.0,0.0,0.0,0.0,0.0,0.0
2013-04-13 03:00:00,0.0,0.0,0.0,0.0,0.0,0.0,0.0,0.0,0.0,0.0,0.0,0.0,0.0,0.0,0.0,0.0,0.0
2013-04-13 04:00:00,0.0,0.0,0.0,0.0,0.0,0.0,0.0,0.0,0.0,0.0,0.0,0.0,0.0,0.0,0.0,0.0,0.0
2013-04-13 05:00:00,0.01,0.007,0.01,0.02,0.004,0.013,0.012,0.017,0.009,0.009,0.011,0.011,0.011,0.017,0.015,0.007,0.005
2013-04-13 06:00:00,0.049,0.053,0.044,0.062,0.048,0.044,0.052,0.052,0.056,0.043,0.057,0.043,0.047,0.049,0.059,0.045,0.044
2013-04-13 07:00:00,0.078,0.071,0.071,0.106,0.063,0.082,0.101,0.082,0.09,0.087,0.117,0.072,0.09,0.107,0.092,0.068,0.058
2013-04-13 08:00:00,0.11,0.101,0.089,0.139,0.099,0.107,0.116,0.103,0.151,0.145,0.168,0.089,0.127,0.141,0.119,0.102,0.096
2013-04-13 09:00:00,0.202,0.181,0.196,0.242,0.169,0.208,0.224,0.208,0.225,0.25,0.257,0.191,0.235,0.236,0.213,0.201,0.157
2013-04-13 10:00:00,0.313,0.306,0.304,0.322,0.288,0.34,0.351,0.333,0.333,0.357,0.354,0.302,0.322,0.359,0.346,0.302,0.27
2013-04-13 11:00:00,0.376,0.373,0.337,0.409,0.308,0.405,0.413,0.425,0.411,0.425,0.435,0.353,0.405,0.426,0.402,0.378,0.322
2013-04-13 12:00:00,0.426,0.442,0.398,0.443,0.43,0.429,0.454,0.4,0.418,0.504,0.457,0.402,0.466,0.468,0.409,0.427,0.403
2013-04-13 13:00:00,0.437,0.509,0.417,0.487,0.431,0.43,0.482,0.405,0.451,0.523,0.512,0.392,0.448,0.465,0.384,0.456,0.339
2013-04-13 14:00:00,0.406,0.496,0.338,0.497,0.447,0.428,0.453,0.304,0.472,0.455,0.344,0.392,0.388,0.426,0.325,0.408,0.4
2013-04-13 15:00:00,0.342,0.429,0.231,0.313,0.407,0.376,0.359,0.26,0.435,0.411,0.185,0.268,0.318,0.368,0.288,0.397,0.312
2013-04-13 16:00:00,0.258,0.335,0.229,0.233,0.287,0.163,0.213,0.154,0.335,0.267,0.124,0.143,0.317,0.182,0.24,0.333,0.272
2013-04-13 17:00:00,0.142,0.242,0.164,0.104,0.228,0.088,0.13,0.072,0.191,0.111,0.061,0.141,0.143,0.103,0.061,0.163,0.117
2013-04-13 18:00:00,0.037,0.102,0.044,0.0,0.102,0.0,0.0,0.0,0.022,0.0,0.0,0.037,0.0,0.0,0.0,0.058,0.016
2013-04-13 19:00:00,0.0,0.0,0.0,0.0,0.0,0.0,0.0,0.0,0.0,0.0,0.0,0.0,0.0,0.0,0.0,0.0,0.0
2013-04-13 20:00:00,0.0,0.0,0.0,0.0,0.0,0.0,0.0,0.0,0.0,0.0,0.0,0.0,0.0,0.0,0.0,0.0,0.0
2013-04-13 21:00:00,0.0,0.0,0.0,0.0,0.0,0.0,0.0,0.0,0.0,0.0,0.0,0.0,0.0,0.0,0.0,0.0,0.0
2013-04-13 22:00:00,0.0,0.0,0.0,0.0,0.0,0.0,0.0,0.0,0.0,0.0,0.0,0.0,0.0,0.0,0.0,0.0,0.0
2013-04-13 23:00:00,0.0,0.0,0.0,0.0,0.0,0.0,0.0,0.0,0.0,0.0,0.0,0.0,0.0,0.0,0.0,0.0,0.0
2013-04-14 00:00:00,0.0,0.0,0.0,0.0,0.0,0.0,0.0,0.0,0.0,0.0,0.0,0.0,0.0,0.0,0.0,0.0,0.0
2013-04-14 01:00:00,0.0,0.0,0.0,0.0,0.0,0.0,0.0,0.0,0.0,0.0,0.0,0.0,0.0,0.0,0.0,0.0,0.0
2013-04-14 02:00:00,0.0,0.0,0.0,0.0,0.0,0.0,0.0,0.0,0.0,0.0,0.0,0.0,0.0,0.0,0.0,0.0,0.0
2013-04-14 03:00:00,0.0,0.0,0.0,0.0,0.0,0.0,0.0,0.0,0.0,0.0,0.0,0.0,0.0,0.0,0.0,0.0,0.0
2013-04-14 04:00:00,0.0,0.0,0.0,0.0,0.0,0.0,0.0,0.0,0.0,0.0,0.0,0.0,0.0,0.0,0.0,0.0,0.0
2013-04-14 05:00:00,0.008,0.007,0.008,0.015,0.005,0.007,0.013,0.009,0.008,0.017,0.012,0.009,0.011,0.012,0.014,0.006,0.004
2013-04-14 06:00:00,0.041,0.039,0.043,0.048,0.037,0.035,0.047,0.041,0.042,0.057,0.051,0.044,0.042,0.047,0.051,0.035,0.033
2013-04-14 07:00:00,0.085,0.065,0.082,0.096,0.066,0.1,0.083,0.11,0.069,0.084,0.096,0.088,0.078,0.1,0.091,0.083,0.084
2013-04-14 08:00:00,0.125,0.08,0.135,0.154,0.085,0.141,0.116,0.148,0.089,0.15,0.151,0.147,0.129,0.146,0.136,0.118,0.131
2013-04-14 09:00:00,0.191,0.173,0.195,0.22,0.151,0.209,0.224,0.216,0.189,0.242,0.212,0.216,0.191,0.209,0.188,0.186,0.169
2013-04-14 10:00:00,0.265,0.312,0.221,0.242,0.28,0.267,0.315,0.259,0.323,0.265,0.235,0.25,0.299,0.244,0.222,0.272,0.272
2013-04-14 11:00:00,0.32,0.397,0.234,0.29,0.4,0.266,0.394,0.276,0.419,0.3,0.267,0.301,0.347,0.259,0.258,0.316,0.372
2013-04-14 12:00:00,0.348,0.419,0.225,0.251,0.42,0.266,0.463,0.273,0.463,0.345,0.233,0.365,0.425,0.324,0.22,0.364,0.48
2013-04-14 13:00:00,0.337,0.378,0.198,0.262,0.334,0.258,0.49,0.249,0.477,0.335,0.223,0.377,0.437,0.349,0.212,0.366,0.483
2013-04-14 14:00:00,0.3,0.314,0.179,0.261,0.252,0.25,0.408,0.225,0.434,0.325,0.165,0.39,0.407,0.317,0.182,0.324,0.44
2013-04-14 15:00:00,0.297,0.257,0.169,0.263,0.259,0.213,0.469,0.182,0.388,0.354,0.109,0.383,0.438,0.307,0.188,0.337,0.474
2013-04-14 16:00:00,0.243,0.222,0.099,0.228,0.199,0.14,0.427,0.125,0.276,0.253,0.071,0.404,0.337,0.346,0.157,0.287,0.351
2013-04-14 17:00:00,0.183,0.195,0.136,0.092,0.242,0.103,0.246,0.043,0.291,0.136,0.039,0.272,0.278,0.173,0.08,0.222,0.258
2013-04-14 18:00:00,0.068,0.113,0.093,0.0,0.103,0.0,0.0,0.0,0.066,0.0,0.0,0.127,0.0,0.0,0.002,0.116,0.088
2013-04-14 19:00:00,0.0,0.0,0.0,0.0,0.0,0.0,0.0,0.0,0.0,0.0,0.0,0.0,0.0,0.0,0.0,0.0,0.0
2013-04-14 20:00:00,0.0,0.0,0.0,0.0,0.0,0.0,0.0,0.0,0.0,0.0,0.0,0.0,0.0,0.0,0.0,0.0,0.0
2013-04-14 21:00:00,0.0,0.0,0.0,0.0,0.0,0.0,0.0,0.0,0.0,0.0,0.0,0.0,0.0,0.0,0.0,0.0,0.0
2013-04-14 22:00:00,0.0,0.0,0.0,0.0,0.0,0.0,0.0,0.0,0.0,0.0,0.0,0.0,0.0,0.0,0.0,0.0,0.0
2013-04-14 23:00:00,0.0,0.0,0.0,0.0,0.0,0.0,0.0,0.0,0.0,0.0,0.0,0.0,0.0,0.0,0.0,0.0,0.0
2013-04-15 00:00:00,0.0,0.0,0.0,0.0,0.0,0.0,0.0,0.0,0.0,0.0,0.0,0.0,0.0,0.0,0.0,0.0,0.0
2013-04-15 01:00:00,0.0,0.0,0.0,0.0,0.0,0.0,0.0,0.0,0.0,0.0,0.0,0.0,0.0,0.0,0.0,0.0,0.0
2013-04-15 02:00:00,0.0,0.0,0.0,0.0,0.0,0.0,0.0,0.0,0.0,0.0,0.0,0.0,0.0,0.0,0.0,0.0,0.0
2013-04-15 03:00:00,0.0,0.0,0.0,0.0,0.0,0.0,0.0,0.0,0.0,0.0,0.0,0.0,0.0,0.0,0.0,0.0,0.0
2013-04-15 04:00:00,0.0,0.0,0.0,0.0,0.0,0.0,0.0,0.0,0.0,0.0,0.0,0.0,0.0,0.0,0.0,0.0,0.0
2013-04-15 05:00:00,0.012,0.008,0.013,0.018,0.006,0.014,0.017,0.016,0.01,0.015,0.022,0.013,0.013,0.017,0.021,0.01,0.007
2013-04-15 06:00:00,0.048,0.04,0.044,0.064,0.036,0.052,0.068,0.059,0.042,0.059,0.072,0.042,0.045,0.065,0.061,0.042,0.037
2013-04-15 07:00:00,0.078,0.063,0.065,0.134,0.057,0.084,0.107,0.112,0.064,0.132,0.119,0.063,0.067,0.128,0.081,0.063,0.057
2013-04-15 08:00:00,0.1,0.077,0.079,0.198,0.071,0.106,0.109,0.156,0.079,0.189,0.151,0.075,0.08,0.177,0.102,0.078,0.074
2013-04-15 09:00:00,0.194,0.172,0.183,0.254,0.148,0.216,0.246,0.251,0.192,0.283,0.228,0.168,0.209,0.28,0.219,0.176,0.148
2013-04-15 10:00:00,0.333,0.335,0.344,0.311,0.305,0.372,0.396,0.341,0.356,0.381,0.283,0.327,0.373,0.403,0.336,0.337,0.295
2013-04-15 11:00:00,0.451,0.475,0.482,0.339,0.443,0.501,0.53,0.43,0.495,0.447,0.343,0.466,0.51,0.484,0.444,0.476,0.414
2013-04-15 12:00:00,0.541,0.579,0.583,0.419,0.534,0.601,0.624,0.547,0.596,0.54,0.385,0.567,0.605,0.615,0.528,0.579,0.443
2013-04-15 13:00:00,0.588,0.642,0.641,0.425,0.579,0.653,0.675,0.592,0.653,0.586,0.438,0.628,0.659,0.661,0.625,0.639,0.415
2013-04-15 14:00:00,0.591,0.657,0.652,0.417,0.566,0.663,0.676,0.63,0.661,0.592,0.428,0.624,0.665,0.666,0.64,0.652,0.369
2013-04-15 15:00:00,0.545,0.621,0.61,0.325,0.518,0.612,0.621,0.585,0.618,0.531,0.382,0.576,0.616,0.603,0.6,0.613,0.336
2013-04-15 16:00:00,0.449,0.524,0.505,0.268,0.42,0.496,0.498,0.47,0.51,0.444,0.304,0.46,0.502,0.484,0.483,0.512,0.3
2013-04-15 17:00:00,0.274,0.349,0.323,0.12,0.246,0.3,0.294,0.278,0.324,0.226,0.225,0.273,0.307,0.276,0.291,0.33,0.152
2013-04-15 18:00:00,0.074,0.149,0.134,0.0,0.087,0.013,0.0,0.0,0.128,0.0,0.0,0.091,0.001,0.0,0.021,0.142,0.04
2013-04-15 19:00:00,0.0,0.0,0.0,0.0,0.0,0.0,0.0,0.0,0.0,0.0,0.0,0.0,0.0,0.0,0.0,0.0,0.0
2013-04-15 20:00:00,0.0,0.0,0.0,0.0,0.0,0.0,0.0,0.0,0.0,0.0,0.0,0.0,0.0,0.0,0.0,0.0,0.0
2013-04-15 21:00:00,0.0,0.0,0.0,0.0,0.0,0.0,0.0,0.0,0.0,0.0,0.0,0.0,0.0,0.0,0.0,0.0,0.0
2013-04-15 22:00:00,0.0,0.0,0.0,0.0,0.0,0.0,0.0,0.0,0.0,0.0,0.0,0.0,0.0,0.0,0.0,0.0,0.0
2013-04-15 23:00:00,0.0,0.0,0.0,0.0,0.0,0.0,0.0,0.0,0.0,0.0,0.0,0.0,0.0,0.0,0.0,0.0,0.0
2013-04-16 00:00:00,0.0,0.0,0.0,0.0,0.0,0.0,0.0,0.0,0.0,0.0,0.0,0.0,0.0,0.0,0.0,0.0,0.0
2013-04-16 01:00:00,0.0,0.0,0.0,0.0,0.0,0.0,0.0,0.0,0.0,0.0,0.0,0.0,0.0,0.0,0.0,0.0,0.0
2013-04-16 02:00:00,0.0,0.0,0.0,0.0,0.0,0.0,0.0,0.0,0.0,0.0,0.0,0.0,0.0,0.0,0.0,0.0,0.0
2013-04-16 03:00:00,0.0,0.0,0.0,0.0,0.0,0.0,0.0,0.0,0.0,0.0,0.0,0.0,0.0,0.0,0.0,0.0,0.0
2013-04-16 04:00:00,0.0,0.0,0.0,0.0,0.0,0.0,0.0,0.0,0.0,0.0,0.0,0.0,0.0,0.0,0.0,0.0,0.0
2013-04-16 05:00:00,0.015,0.008,0.016,0.024,0.007,0.017,0.016,0.02,0.011,0.022,0.025,0.017,0.014,0.02,0.021,0.012,0.009
2013-04-16 06:00:00,0.051,0.051,0.055,0.056,0.043,0.047,0.048,0.049,0.043,0.052,0.055,0.057,0.045,0.05,0.049,0.054,0.049
2013-04-16 07:00:00,0.081,0.099,0.091,0.074,0.085,0.067,0.068,0.069,0.068,0.071,0.078,0.083,0.065,0.07,0.068,0.094,0.072
2013-04-16 08:00:00,0.112,0.152,0.127,0.087,0.124,0.081,0.081,0.083,0.083,0.085,0.089,0.13,0.078,0.084,0.081,0.131,0.117
2013-04-16 09:00:00,0.205,0.22,0.209,0.247,0.161,0.209,0.224,0.22,0.205,0.248,0.233,0.196,0.206,0.231,0.21,0.205,0.163
2013-04-16 10:00:00,0.321,0.293,0.324,0.4,0.251,0.361,0.383,0.375,0.352,0.401,0.384,0.315,0.365,0.385,0.365,0.279,0.288
2013-04-16 11:00:00,0.428,0.403,0.407,0.523,0.341,0.493,0.515,0.502,0.432,0.524,0.509,0.405,0.49,0.511,0.493,0.376,0.396
2013-04-16 12:00:00,0.485,0.472,0.443,0.604,0.368,0.581,0.608,0.591,0.539,0.607,0.598,0.426,0.588,0.599,0.583,0.418,0.419
2013-04-16 13:00:00,0.512,0.494,0.458,0.626,0.455,0.626,0.657,0.636,0.546,0.63,0.641,0.4,0.637,0.643,0.623,0.406,0.485
2013-04-16 14:00:00,0.508,0.497,0.435,0.597,0.386,0.627,0.659,0.635,0.503,0.636,0.635,0.454,0.635,0.64,0.624,0.445,0.417
2013-04-16 15:00:00,0.442,0.459,0.33,0.521,0.373,0.567,0.608,0.579,0.431,0.577,0.576,0.357,0.578,0.586,0.565,0.369,0.329
2013-04-16 16:00:00,0.344,0.351,0.284,0.432,0.265,0.407,0.488,0.452,0.295,0.453,0.452,0.271,0.42,0.465,0.442,0.306,0.229
2013-04-16 17:00:00,0.197,0.209,0.169,0.239,0.147,0.236,0.284,0.263,0.258,0.247,0.256,0.123,0.223,0.27,0.24,0.179,0.143
2013-04-16 18:00:00,0.043,0.106,0.039,0.0,0.076,0.013,0.0,0.0,0.127,0.0,0.0,0.046,0.01,0.0,0.008,0.062,0.052
2013-04-16 19:00:00,0.0,0.0,0.0,0.0,0.0,0.0,0.0,0.0,0.0,0.0,0.0,0.0,0.0,0.0,0.0,0.0,0.0
2013-04-16 20:00:00,0.0,0.0,0.0,0.0,0.0,0.0,0.0,0.0,0.0,0.0,0.0,0.0,0.0,0.0,0.0,0.0,0.0
2013-04-16 21:00:00,0.0,0.0,0.0,0.0,0.0,0.0,0.0,0.0,0.0,0.0,0.0,0.0,0.0,0.0,0.0,0.0,0.0
2013-04-16 22:00:00,0.0,0.0,0.0,0.0,0.0,0.0,0.0,0.0,0.0,0.0,0.0,0.0,0.0,0.0,0.0,0.0,0.0
2013-04-16 23:00:00,0.0,0.0,0.0,0.0,0.0,0.0,0.0,0.0,0.0,0.0,0.0,0.0,0.0,0.0,0.0,0.0,0.0
2013-05-29 00:00:00,0.0,0.0,0.0,0.0,0.0,0.0,0.0,0.0,0.0,0.0,0.0,0.0,0.0,0.0,0.0,0.0,0.0
2013-05-29 01:00:00,0.0,0.0,0.0,0.0,0.0,0.0,0.0,0.0,0.0,0.0,0.0,0.0,0.0,0.0,0.0,0.0,0.0
2013-05-29 02:00:00,0.0,0.0,0.0,0.0,0.0,0.0,0.0,0.0,0.0,0.0,0.0,0.0,0.0,0.0,0.0,0.0,0.0
2013-05-29 03:00:00,0.0,0.0,0.0,0.0,0.0,0.0,0.0,0.0,0.0,0.0,0.002,0.0,0.0,0.0,0.001,0.0,0.0
2013-05-29 04:00:00,0.015,0.01,0.016,0.025,0.007,0.017,0.016,0.021,0.012,0.02,0.027,0.017,0.014,0.019,0.024,0.012,0.008
2013-05-29 05:00:00,0.046,0.043,0.047,0.055,0.044,0.047,0.053,0.05,0.045,0.052,0.052,0.053,0.045,0.048,0.048,0.043,0.037
2013-05-29 06:00:00,0.074,0.067,0.069,0.076,0.075,0.083,0.091,0.088,0.071,0.081,0.072,0.075,0.069,0.087,0.074,0.068,0.076
2013-05-29 07:00:00,0.107,0.124,0.101,0.11,0.106,0.105,0.103,0.143,0.111,0.1,0.091,0.116,0.09,0.099,0.107,0.098,0.113
2013-05-29 08:00:00,0.17,0.176,0.167,0.198,0.137,0.169,0.182,0.211,0.195,0.187,0.185,0.178,0.162,0.178,0.18,0.165,0.135
2013-05-29 09:00:00,0.279,0.267,0.289,0.323,0.246,0.302,0.299,0.314,0.285,0.298,0.31,0.282,0.295,0.303,0.305,0.272,0.222
2013-05-29 10:00:00,0.368,0.358,0.344,0.408,0.344,0.396,0.375,0.405,0.364,0.393,0.355,0.365,0.371,0.354,0.387,0.374,0.333
2013-05-29 11:00:00,0.438,0.431,0.44,0.439,0.405,0.435,0.447,0.462,0.465,0.439,0.408,0.463,0.446,0.431,0.459,0.441,0.423
2013-05-29 12:00:00,0.502,0.517,0.509,0.48,0.501,0.509,0.517,0.501,0.467,0.495,0.466,0.498,0.467,0.517,0.515,0.516,0.481
2013-05-29 13:00:00,0.526,0.534,0.522,0.483,0.541,0.558,0.454,0.54,0.48,0.505,0.507,0.533,0.506,0.534,0.522,0.544,0.502
2013-05-29 14:00:00,0.519,0.491,0.57,0.543,0.559,0.536,0.271,0.548,0.405,0.496,0.512,0.544,0.409,0.507,0.524,0.532,0.484
2013-05-29 15:00:00,0.487,0.45,0.553,0.483,0.473,0.544,0.239,0.523,0.474,0.403,0.501,0.54,0.48,0.47,0.469,0.486,0.502
2013-05-29 16:00:00,0.387,0.336,0.399,0.353,0.331,0.426,0.239,0.415,0.375,0.339,0.408,0.472,0.36,0.317,0.437,0.392,0.412
2013-05-29 17:00:00,0.265,0.191,0.264,0.245,0.221,0.313,0.173,0.287,0.192,0.163,0.292,0.395,0.137,0.173,0.338,0.27,0.297
2013-05-29 18:00:00,0.122,0.078,0.136,0.116,0.061,0.127,0.079,0.141,0.086,0.079,0.151,0.212,0.074,0.05,0.156,0.116,0.168
2013-05-29 19:00:00,0.029,0.034,0.03,0.0,0.034,0.016,0.0,0.019,0.041,0.0,0.012,0.084,0.012,0.0,0.056,0.024,0.031
2013-05-29 20:00:00,0.0,0.0,0.0,0.0,0.0,0.0,0.0,0.0,0.0,0.0,0.0,0.0,0.0,0.0,0.0,0.0,0.0
2013-05-29 21:00:00,0.0,0.0,0.0,0.0,0.0,0.0,0.0,0.0,0.0,0.0,0.0,0.0,0.0,0.0,0.0,0.0,0.0
2013-05-29 22:00:00,0.0,0.0,0.0,0.0,0.0,0.0,0.0,0.0,0.0,0.0,0.0,0.0,0.0,0.0,0.0,0.0,0.0
2013-05-29 23:00:00,0.0,0.0,0.0,0.0,0.0,0.0,0.0,0.0,0.0,0.0,0.0,0.0,0.0,0.0,0.0,0.0,0.0
2013-05-30 00:00:00,0.0,0.0,0.0,0.0,0.0,0.0,0.0,0.0,0.0,0.0,0.0,0.0,0.0,0.0,0.0,0.0,0.0
2013-05-30 01:00:00,0.0,0.0,0.0,0.0,0.0,0.0,0.0,0.0,0.0,0.0,0.0,0.0,0.0,0.0,0.0,0.0,0.0
2013-05-30 02:00:00,0.0,0.0,0.0,0.0,0.0,0.0,0.0,0.0,0.0,0.0,0.0,0.0,0.0,0.0,0.0,0.0,0.0
2013-05-30 03:00:00,0.0,0.0,0.0,0.0,0.0,0.0,0.0,0.0,0.0,0.0,0.002,0.0,0.0,0.0,0.001,0.0,0.0
2013-05-30 04:00:00,0.017,0.009,0.018,0.029,0.009,0.023,0.01,0.024,0.011,0.017,0.027,0.019,0.017,0.02,0.024,0.016,0.012
2013-05-30 05:00:00,0.054,0.05,0.052,0.068,0.045,0.067,0.029,0.06,0.061,0.052,0.054,0.044,0.062,0.059,0.05,0.062,0.041
2013-05-30 06:00:00,0.089,0.083,0.106,0.106,0.081,0.107,0.04,0.092,0.109,0.094,0.075,0.064,0.096,0.11,0.069,0.108,0.061
2013-05-30 07:00:00,0.117,0.115,0.134,0.13,0.104,0.143,0.077,0.121,0.138,0.145,0.087,0.089,0.099,0.131,0.09,0.136,0.103
2013-05-30 08:00:00,0.162,0.147,0.154,0.207,0.141,0.209,0.096,0.189,0.104,0.221,0.175,0.142,0.101,0.178,0.159,0.173,0.143
2013-05-30 09:00:00,0.256,0.194,0.279,0.326,0.216,0.262,0.154,0.307,0.126,0.301,0.307,0.274,0.083,0.234,0.294,0.262,0.26
2013-05-30 10:00:00,0.34,0.207,0.405,0.436,0.272,0.307,0.291,0.377,0.167,0.395,0.415,0.393,0.129,0.321,0.412,0.343,0.361
2013-05-30 11:00:00,0.379,0.196,0.485,0.499,0.325,0.228,0.33,0.443,0.24,0.459,0.51,0.484,0.233,0.377,0.508,0.315,0.442
2013-05-30 12:00:00,0.391,0.177,0.464,0.55,0.353,0.265,0.347,0.468,0.139,0.505,0.537,0.538,0.275,0.399,0.556,0.282,0.49
2013-05-30 13:00:00,0.349,0.128,0.369,0.562,0.289,0.226,0.349,0.415,0.191,0.407,0.527,0.538,0.319,0.386,0.56,0.216,0.425
2013-05-30 14:00:00,0.331,0.137,0.276,0.537,0.284,0.295,0.296,0.394,0.281,0.242,0.453,0.549,0.34,0.317,0.524,0.193,0.452
2013-05-30 15:00:00,0.251,0.091,0.146,0.44,0.161,0.31,0.14,0.291,0.224,0.216,0.317,0.513,0.241,0.166,0.397,0.145,0.363
2013-05-30 16:00:00,0.164,0.072,0.128,0.331,0.066,0.17,0.137,0.17,0.149,0.263,0.226,0.398,0.091,0.092,0.18,0.113,0.187
2013-05-30 17:00:00,0.083,0.054,0.037,0.249,0.036,0.036,0.103,0.111,0.051,0.109,0.163,0.219,0.049,0.09,0.09,0.032,0.081
2013-05-30 18:00:00,0.035,0.007,0.024,0.072,0.02,0.014,0.096,0.057,0.016,0.029,0.082,0.105,0.054,0.049,0.04,0.007,0.031
2013-05-30 19:00:00,0.006,0.0,0.001,0.0,0.0,0.0,0.0,0.006,0.01,0.0,0.009,0.039,0.007,0.0,0.02,0.001,0.009
2013-05-30 20:00:00,0.0,0.0,0.0,0.0,0.0,0.0,0.0,0.0,0.0,0.0,0.0,0.0,0.0,0.0,0.0,0.0,0.0
2013-05-30 21:00:00,0.0,0.0,0.0,0.0,0.0,0.0,0.0,0.0,0.0,0.0,0.0,0.0,0.0,0.0,0.0,0.0,0.0
2013-05-30 22:00:00,0.0,0.0,0.0,0.0,0.0,0.0,0.0,0.0,0.0,0.0,0.0,0.0,0.0,0.0,0.0,0.0,0.0
2013-05-30 23:00:00,0.0,0.0,0.0,0.0,0.0,0.0,0.0,0.0,0.0,0.0,0.0,0.0,0.0,0.0,0.0,0.0,0.0
2013-05-31 00:00:00,0.0,0.0,0.0,0.0,0.0,0.0,0.0,0.0,0.0,0.0,0.0,0.0,0.0,0.0,0.0,0.0,0.0
2013-05-31 01:00:00,0.0,0.0,0.0,0.0,0.0,0.0,0.0,0.0,0.0,0.0,0.0,0.0,0.0,0.0,0.0,0.0,0.0
2013-05-31 02:00:00,0.0,0.0,0.0,0.0,0.0,0.0,0.0,0.0,0.0,0.0,0.0,0.0,0.0,0.0,0.0,0.0,0.0
2013-05-31 03:00:00,0.0,0.0,0.0,0.0,0.0,0.0,0.0,0.0,0.0,0.0,0.002,0.0,0.0,0.0,0.001,0.0,0.0
2013-05-31 04:00:00,0.015,0.008,0.017,0.021,0.005,0.013,0.016,0.024,0.01,0.005,0.029,0.018,0.009,0.005,0.023,0.015,0.013
2013-05-31 05:00:00,0.045,0.041,0.046,0.05,0.031,0.046,0.054,0.058,0.045,0.033,0.071,0.051,0.039,0.034,0.048,0.044,0.044
2013-05-31 06:00:00,0.08,0.09,0.084,0.073,0.065,0.068,0.111,0.097,0.078,0.078,0.109,0.088,0.088,0.054,0.076,0.076,0.081
2013-05-31 07:00:00,0.1,0.07,0.085,0.058,0.103,0.125,0.108,0.107,0.078,0.128,0.149,0.089,0.101,0.129,0.103,0.1,0.102
2013-05-31 08:00:00,0.144,0.075,0.142,0.147,0.095,0.164,0.171,0.176,0.112,0.225,0.196,0.143,0.134,0.209,0.164,0.143,0.142
2013-05-31 09:00:00,0.244,0.134,0.264,0.246,0.129,0.288,0.296,0.262,0.237,0.359,0.265,0.264,0.227,0.331,0.298,0.252,0.247
2013-05-31 10:00:00,0.331,0.235,0.362,0.382,0.221,0.331,0.401,0.293,0.352,0.464,0.315,0.379,0.305,0.394,0.348,0.345,0.344
2013-05-31 11:00:00,0.403,0.308,0.415,0.433,0.324,0.438,0.497,0.373,0.412,0.524,0.34,0.469,0.441,0.492,0.404,0.404,0.421
2013-05-31 12:00:00,0.448,0.49,0.294,0.485,0.4,0.465,0.548,0.383,0.517,0.554,0.364,0.488,0.548,0.562,0.45,0.434,0.495
2013-05-31 13:00:00,0.429,0.537,0.262,0.492,0.403,0.477,0.587,0.466,0.505,0.508,0.361,0.441,0.568,0.546,0.434,0.371,0.432
2013-05-31 14:00:00,0.418,0.547,0.346,0.492,0.33,0.522,0.608,0.457,0.597,0.432,0.262,0.375,0.56,0.538,0.405,0.391,0.381
2013-05-31 15:00:00,0.378,0.518,0.384,0.474,0.26,0.551,0.556,0.459,0.602,0.425,0.271,0.26,0.531,0.533,0.239,0.414,0.185
2013-05-31 16:00:00,0.338,0.524,0.314,0.404,0.307,0.481,0.448,0.413,0.558,0.331,0.232,0.149,0.479,0.462,0.139,0.398,0.146
2013-05-31 17:00:00,0.272,0.393,0.302,0.177,0.297,0.394,0.305,0.288,0.411,0.148,0.096,0.088,0.371,0.268,0.083,0.4,0.141
2013-05-31 18:00:00,0.151,0.24,0.158,0.044,0.235,0.196,0.127,0.097,0.227,0.056,0.021,0.043,0.156,0.117,0.031,0.239,0.102
2013-05-31 19:00:00,0.032,0.073,0.03,0.0,0.084,0.015,0.0,0.002,0.062,0.0,0.0,0.011,0.027,0.0,0.004,0.047,0.03
2013-05-31 20:00:00,0.0,0.0,0.0,0.0,0.0,0.0,0.0,0.0,0.0,0.0,0.0,0.0,0.0,0.0,0.0,0.0,0.0
2013-05-31 21:00:00,0.0,0.0,0.0,0.0,0.0,0.0,0.0,0.0,0.0,0.0,0.0,0.0,0.0,0.0,0.0,0.0,0.0
2013-05-31 22:00:00,0.0,0.0,0.0,0.0,0.0,0.0,0.0,0.0,0.0,0.0,0.0,0.0,0.0,0.0,0.0,0.0,0.0
2013-05-31 23:00:00,0.0,0.0,0.0,0.0,0.0,0.0,0.0,0.0,0.0,0.0,0.0,0.0,0.0,0.0,0.0,0.0,0.0
2013-06-01 00:00:00,0.0,0.0,0.0,0.0,0.0,0.0,0.0,0.0,0.0,0.0,0.0,0.0,0.0,0.0,0.0,0.0,0.0
2013-06-01 01:00:00,0.0,0.0,0.0,0.0,0.0,0.0,0.0,0.0,0.0,0.0,0.0,0.0,0.0,0.0,0.0,0.0,0.0
2013-06-01 02:00:00,0.0,0.0,0.0,0.0,0.0,0.0,0.0,0.0,0.0,0.0,0.0,0.0,0.0,0.0,0.0,0.0,0.0
2013-06-01 03:00:00,0.0,0.0,0.0,0.0,0.0,0.0,0.0,0.0,0.0,0.0,0.001,0.0,0.0,0.0,0.0,0.0,0.0
2013-06-01 04:00:00,0.009,0.008,0.002,0.006,0.005,0.005,0.005,0.008,0.011,0.014,0.028,0.009,0.008,0.007,0.02,0.004,0.011
2013-06-01 05:00:00,0.029,0.028,0.009,0.023,0.017,0.013,0.022,0.027,0.039,0.05,0.067,0.032,0.034,0.028,0.059,0.018,0.042
2013-06-01 06:00:00,0.052,0.054,0.025,0.053,0.033,0.03,0.042,0.055,0.071,0.078,0.124,0.072,0.052,0.042,0.104,0.027,0.061
2013-06-01 07:00:00,0.078,0.066,0.026,0.142,0.048,0.038,0.094,0.096,0.111,0.09,0.166,0.064,0.078,0.08,0.121,0.061,0.077
2013-06-01 08:00:00,0.109,0.085,0.039,0.191,0.063,0.071,0.099,0.16,0.107,0.168,0.205,0.107,0.095,0.111,0.182,0.08,0.114
2013-06-01 09:00:00,0.143,0.131,0.06,0.212,0.092,0.108,0.201,0.217,0.141,0.12,0.247,0.154,0.152,0.109,0.253,0.101,0.155
2013-06-01 10:00:00,0.188,0.157,0.135,0.23,0.142,0.164,0.294,0.277,0.159,0.228,0.298,0.23,0.227,0.164,0.291,0.115,0.211
2013-06-01 11:00:00,0.22,0.169,0.224,0.315,0.191,0.301,0.294,0.355,0.168,0.166,0.325,0.276,0.209,0.122,0.317,0.125,0.238
2013-06-01 12:00:00,0.254,0.134,0.345,0.319,0.171,0.299,0.254,0.371,0.175,0.134,0.41,0.298,0.226,0.103,0.345,0.223,0.243
2013-06-01 13:00:00,0.263,0.117,0.392,0.276,0.092,0.42,0.263,0.395,0.23,0.132,0.377,0.402,0.262,0.121,0.386,0.245,0.2
2013-06-01 14:00:00,0.255,0.099,0.398,0.295,0.093,0.327,0.258,0.334,0.193,0.155,0.333,0.39,0.232,0.119,0.358,0.277,0.164
2013-06-01 15:00:00,0.225,0.143,0.369,0.3,0.155,0.171,0.253,0.199,0.231,0.15,0.219,0.354,0.225,0.079,0.266,0.238,0.174
2013-06-01 16:00:00,0.21,0.16,0.311,0.224,0.205,0.161,0.171,0.173,0.208,0.116,0.107,0.292,0.125,0.097,0.119,0.268,0.231
2013-06-01 17:00:00,0.122,0.083,0.091,0.145,0.128,0.14,0.138,0.135,0.147,0.091,0.054,0.164,0.152,0.037,0.051,0.13,0.192
2013-06-01 18:00:00,0.057,0.032,0.047,0.094,0.06,0.094,0.055,0.081,0.077,0.036,0.036,0.046,0.065,0.009,0.026,0.051,0.095
2013-06-01 19:00:00,0.011,0.002,0.015,0.0,0.008,0.024,0.0,0.023,0.001,0.0,0.011,0.014,0.002,0.0,0.018,0.012,0.018
2013-06-01 20:00:00,0.0,0.0,0.0,0.0,0.0,0.0,0.0,0.0,0.0,0.0,0.0,0.0,0.0,0.0,0.0,0.0,0.0
2013-06-01 21:00:00,0.0,0.0,0.0,0.0,0.0,0.0,0.0,0.0,0.0,0.0,0.0,0.0,0.0,0.0,0.0,0.0,0.0
2013-06-01 22:00:00,0.0,0.0,0.0,0.0,0.0,0.0,0.0,0.0,0.0,0.0,0.0,0.0,0.0,0.0,0.0,0.0,0.0
2013-06-01 23:00:00,0.0,0.0,0.0,0.0,0.0,0.0,0.0,0.0,0.0,0.0,0.0,0.0,0.0,0.0,0.0,0.0,0.0
2013-06-02 00:00:00,0.0,0.0,0.0,0.0,0.0,0.0,0.0,0.0,0.0,0.0,0.0,0.0,0.0,0.0,0.0,0.0,0.0
2013-06-02 01:00:00,0.0,0.0,0.0,0.0,0.0,0.0,0.0,0.0,0.0,0.0,0.0,0.0,0.0,0.0,0.0,0.0,0.0
2013-06-02 02:00:00,0.0,0.0,0.0,0.0,0.0,0.0,0.0,0.0,0.0,0.0,0.0,0.0,0.0,0.0,0.0,0.0,0.0
2013-06-02 03:00:00,0.0,0.0,0.0,0.0,0.0,0.0,0.0,0.0,0.0,0.0,0.002,0.0,0.0,0.0,0.001,0.0,0.0
2013-06-02 04:00:00,0.015,0.003,0.02,0.033,0.002,0.014,0.018,0.024,0.008,0.026,0.028,0.023,0.018,0.026,0.028,0.01,0.007
2013-06-02 05:00:00,0.047,0.022,0.058,0.079,0.014,0.052,0.067,0.057,0.048,0.062,0.06,0.061,0.063,0.073,0.061,0.042,0.03
2013-06-02 06:00:00,0.082,0.051,0.091,0.122,0.036,0.08,0.107,0.087,0.085,0.097,0.087,0.1,0.096,0.108,0.096,0.084,0.073
2013-06-02 07:00:00,0.125,0.091,0.127,0.189,0.07,0.14,0.165,0.156,0.075,0.143,0.17,0.136,0.121,0.173,0.164,0.121,0.087
2013-06-02 08:00:00,0.17,0.123,0.181,0.251,0.087,0.215,0.215,0.223,0.149,0.213,0.216,0.18,0.182,0.244,0.203,0.166,0.102
2013-06-02 09:00:00,0.242,0.187,0.267,0.32,0.122,0.271,0.32,0.313,0.259,0.315,0.252,0.272,0.305,0.31,0.29,0.25,0.138
2013-06-02 10:00:00,0.312,0.287,0.365,0.338,0.165,0.328,0.395,0.382,0.345,0.395,0.301,0.377,0.352,0.387,0.326,0.344,0.174
2013-06-02 11:00:00,0.349,0.341,0.36,0.353,0.215,0.307,0.393,0.391,0.4,0.41,0.361,0.476,0.387,0.437,0.419,0.35,0.257
2013-06-02 12:00:00,0.377,0.376,0.422,0.267,0.263,0.365,0.495,0.349,0.459,0.423,0.297,0.502,0.445,0.423,0.382,0.435,0.275
2013-06-02 13:00:00,0.377,0.417,0.416,0.271,0.296,0.362,0.496,0.342,0.505,0.434,0.227,0.518,0.422,0.437,0.395,0.416,0.26
2013-06-02 14:00:00,0.337,0.388,0.403,0.285,0.262,0.269,0.513,0.324,0.501,0.351,0.172,0.405,0.475,0.345,0.287,0.383,0.251
2013-06-02 15:00:00,0.261,0.263,0.375,0.239,0.163,0.22,0.372,0.244,0.399,0.266,0.172,0.326,0.364,0.253,0.203,0.319,0.151
2013-06-02 16:00:00,0.213,0.309,0.324,0.165,0.164,0.214,0.281,0.143,0.337,0.226,0.092,0.227,0.295,0.221,0.114,0.27,0.115
2013-06-02 17:00:00,0.141,0.211,0.193,0.093,0.097,0.122,0.124,0.089,0.18,0.112,0.051,0.121,0.163,0.135,0.064,0.227,0.071
2013-06-02 18:00:00,0.074,0.131,0.088,0.023,0.047,0.07,0.059,0.041,0.071,0.037,0.011,0.054,0.062,0.055,0.02,0.143,0.038
2013-06-02 19:00:00,0.005,0.012,0.007,0.0,0.003,0.002,0.001,0.0,0.016,0.0,0.003,0.007,0.009,0.001,0.004,0.008,0.004
2013-06-02 20:00:00,0.0,0.0,0.0,0.0,0.0,0.0,0.0,0.0,0.0,0.0,0.0,0.0,0.0,0.0,0.0,0.0,0.0
2013-06-02 21:00:00,0.0,0.0,0.0,0.0,0.0,0.0,0.0,0.0,0.0,0.0,0.0,0.0,0.0,0.0,0.0,0.0,0.0
2013-06-02 22:00:00,0.0,0.0,0.0,0.0,0.0,0.0,0.0,0.0,0.0,0.0,0.0,0.0,0.0,0.0,0.0,0.0,0.0
2013-06-02 23:00:00,0.0,0.0,0.0,0.0,0.0,0.0,0.0,0.0,0.0,0.0,0.0,0.0,0.0,0.0,0.0,0.0,0.0
2013-06-03 00:00:00,0.0,0.0,0.0,0.0,0.0,0.0,0.0,0.0,0.0,0.0,0.0,0.0,0.0,0.0,0.0,0.0,0.0
2013-06-03 01:00:00,0.0,0.0,0.0,0.0,0.0,0.0,0.0,0.0,0.0,0.0,0.0,0.0,0.0,0.0,0.0,0.0,0.0
2013-06-03 02:00:00,0.0,0.0,0.0,0.0,0.0,0.0,0.0,0.0,0.0,0.0,0.0,0.0,0.0,0.0,0.0,0.0,0.0
2013-06-03 03:00:00,0.0,0.0,0.0,0.0,0.0,0.0,0.0,0.0,0.0,0.0,0.002,0.0,0.0,0.0,0.001,0.0,0.0
2013-06-03 04:00:00,0.009,0.0,0.01,0.015,0.001,0.007,0.008,0.02,0.001,0.003,0.028,0.016,0.005,0.008,0.025,0.002,0.007
2013-06-03 05:00:00,0.032,0.003,0.052,0.049,0.015,0.033,0.02,0.049,0.009,0.027,0.051,0.055,0.022,0.022,0.053,0.023,0.036
2013-06-03 06:00:00,0.059,0.009,0.09,0.081,0.034,0.064,0.043,0.083,0.019,0.048,0.07,0.085,0.03,0.044,0.074,0.056,0.073
2013-06-03 07:00:00,0.093,0.036,0.137,0.145,0.051,0.128,0.054,0.144,0.032,0.048,0.092,0.137,0.044,0.089,0.116,0.086,0.094
2013-06-03 08:00:00,0.129,0.044,0.172,0.198,0.089,0.182,0.054,0.197,0.04,0.097,0.191,0.183,0.059,0.151,0.17,0.103,0.125
2013-06-03 09:00:00,0.196,0.08,0.28,0.249,0.111,0.275,0.11,0.287,0.09,0.143,0.317,0.274,0.148,0.223,0.285,0.155,0.181
2013-06-03 10:00:00,0.24,0.088,0.333,0.238,0.115,0.286,0.146,0.386,0.117,0.166,0.374,0.353,0.209,0.253,0.402,0.199,0.225
2013-06-03 11:00:00,0.294,0.112,0.327,0.341,0.148,0.372,0.218,0.452,0.232,0.221,0.449,0.408,0.261,0.304,0.484,0.239,0.293
2013-06-03 12:00:00,0.326,0.123,0.407,0.359,0.155,0.434,0.234,0.481,0.201,0.368,0.452,0.467,0.26,0.448,0.543,0.249,0.325
2013-06-03 13:00:00,0.336,0.161,0.376,0.314,0.191,0.416,0.282,0.447,0.247,0.272,0.44,0.481,0.334,0.365,0.538,0.289,0.358
2013-06-03 14:00:00,0.312,0.167,0.378,0.226,0.223,0.399,0.412,0.369,0.184,0.327,0.364,0.466,0.306,0.385,0.506,0.235,0.348
2013-06-03 15:00:00,0.259,0.104,0.271,0.241,0.14,0.326,0.331,0.289,0.133,0.273,0.179,0.462,0.269,0.228,0.434,0.22,0.336
2013-06-03 16:00:00,0.183,0.054,0.214,0.238,0.123,0.103,0.19,0.188,0.062,0.123,0.143,0.343,0.166,0.157,0.297,0.148,0.289
2013-06-03 17:00:00,0.136,0.044,0.153,0.176,0.102,0.054,0.105,0.112,0.03,0.143,0.153,0.282,0.025,0.089,0.184,0.101,0.266
2013-06-03 18:00:00,0.064,0.013,0.097,0.072,0.036,0.018,0.017,0.061,0.007,0.036,0.07,0.145,0.006,0.031,0.076,0.044,0.159
2013-06-03 19:00:00,0.024,0.001,0.028,0.0,0.04,0.004,0.0,0.011,0.0,0.0,0.015,0.056,0.001,0.001,0.024,0.016,0.082
2013-06-03 20:00:00,0.0,0.0,0.0,0.0,0.0,0.0,0.0,0.0,0.0,0.0,0.0,0.0,0.0,0.0,0.0,0.0,0.0
2013-06-03 21:00:00,0.0,0.0,0.0,0.0,0.0,0.0,0.0,0.0,0.0,0.0,0.0,0.0,0.0,0.0,0.0,0.0,0.0
2013-06-03 22:00:00,0.0,0.0,0.0,0.0,0.0,0.0,0.0,0.0,0.0,0.0,0.0,0.0,0.0,0.0,0.0,0.0,0.0
2013-06-03 23:00:00,0.0,0.0,0.0,0.0,0.0,0.0,0.0,0.0,0.0,0.0,0.0,0.0,0.0,0.0,0.0,0.0,0.0
2013-06-04 00:00:00,0.0,0.0,0.0,0.0,0.0,0.0,0.0,0.0,0.0,0.0,0.0,0.0,0.0,0.0,0.0,0.0,0.0
2013-06-04 01:00:00,0.0,0.0,0.0,0.0,0.0,0.0,0.0,0.0,0.0,0.0,0.0,0.0,0.0,0.0,0.0,0.0,0.0
2013-06-04 02:00:00,0.0,0.0,0.0,0.0,0.0,0.0,0.0,0.0,0.0,0.0,0.0,0.0,0.0,0.0,0.0,0.0,0.0
2013-06-04 03:00:00,0.0,0.0,0.0,0.0,0.0,0.0,0.0,0.0,0.0,0.0,0.002,0.0,0.0,0.0,0.001,0.0,0.0
2013-06-04 04:00:00,0.013,0.003,0.016,0.016,0.007,0.016,0.009,0.023,0.002,0.008,0.028,0.017,0.006,0.015,0.024,0.009,0.012
2013-06-04 05:00:00,0.041,0.019,0.053,0.042,0.033,0.047,0.028,0.053,0.013,0.026,0.056,0.055,0.025,0.05,0.053,0.038,0.046
2013-06-04 06:00:00,0.079,0.045,0.099,0.079,0.061,0.093,0.07,0.095,0.041,0.05,0.098,0.1,0.064,0.09,0.08,0.081,0.086
2013-06-04 07:00:00,0.107,0.075,0.123,0.111,0.096,0.118,0.088,0.143,0.061,0.048,0.161,0.117,0.09,0.081,0.101,0.104,0.13
2013-06-04 08:00:00,0.149,0.109,0.195,0.135,0.11,0.171,0.153,0.2,0.089,0.062,0.208,0.167,0.119,0.125,0.169,0.146,0.167
2013-06-04 09:00:00,0.196,0.134,0.243,0.208,0.146,0.208,0.187,0.244,0.119,0.083,0.295,0.2,0.179,0.152,0.258,0.186,0.221
2013-06-04 10:00:00,0.254,0.17,0.291,0.221,0.179,0.282,0.281,0.332,0.175,0.16,0.4,0.249,0.261,0.234,0.356,0.216,0.327
2013-06-04 11:00:00,0.306,0.195,0.37,0.244,0.226,0.321,0.205,0.427,0.212,0.233,0.414,0.277,0.256,0.265,0.407,0.275,0.441
2013-06-04 12:00:00,0.34,0.209,0.329,0.286,0.209,0.37,0.234,0.424,0.192,0.323,0.477,0.349,0.194,0.362,0.456,0.325,0.505
2013-06-04 13:00:00,0.341,0.214,0.263,0.305,0.248,0.372,0.152,0.412,0.185,0.201,0.449,0.396,0.184,0.236,0.375,0.343,0.596
2013-06-04 14:00:00,0.346,0.191,0.259,0.306,0.283,0.367,0.186,0.416,0.151,0.378,0.447,0.442,0.211,0.301,0.351,0.303,0.644
2013-06-04 15:00:00,0.32,0.186,0.231,0.281,0.328,0.212,0.192,0.317,0.199,0.339,0.299,0.417,0.21,0.252,0.281,0.295,0.659
2013-06-04 16:00:00,0.285,0.103,0.23,0.289,0.412,0.154,0.11,0.266,0.137,0.265,0.204,0.4,0.096,0.187,0.194,0.272,0.588
2013-06-04 17:00:00,0.222,0.048,0.196,0.222,0.353,0.085,0.072,0.152,0.056,0.248,0.175,0.346,0.038,0.172,0.091,0.218,0.492
2013-06-04 18:00:00,0.13,0.03,0.099,0.12,0.232,0.026,0.029,0.055,0.021,0.092,0.09,0.22,0.022,0.073,0.035,0.129,0.34
2013-06-04 19:00:00,0.035,0.007,0.045,0.0,0.044,0.003,0.0,0.006,0.001,0.0,0.022,0.092,0.003,0.001,0.011,0.025,0.139
2013-06-04 20:00:00,0.0,0.0,0.0,0.0,0.0,0.0,0.0,0.0,0.0,0.0,0.0,0.0,0.0,0.0,0.0,0.0,0.0
2013-06-04 21:00:00,0.0,0.0,0.0,0.0,0.0,0.0,0.0,0.0,0.0,0.0,0.0,0.0,0.0,0.0,0.0,0.0,0.0
2013-06-04 22:00:00,0.0,0.0,0.0,0.0,0.0,0.0,0.0,0.0,0.0,0.0,0.0,0.0,0.0,0.0,0.0,0.0,0.0
2013-06-04 23:00:00,0.0,0.0,0.0,0.0,0.0,0.0,0.0,0.0,0.0,0.0,0.0,0.0,0.0,0.0,0.0,0.0,0.0
2013-06-05 00:00:00,0.0,0.0,0.0,0.0,0.0,0.0,0.0,0.0,0.0,0.0,0.0,0.0,0.0,0.0,0.0,0.0,0.0
2013-06-05 01:00:00,0.0,0.0,0.0,0.0,0.0,0.0,0.0,0.0,0.0,0.0,0.0,0.0,0.0,0.0,0.0,0.0,0.0
2013-06-05 02:00:00,0.0,0.0,0.0,0.0,0.0,0.0,0.0,0.0,0.0,0.0,0.0,0.0,0.0,0.0,0.0,0.0,0.0
2013-06-05 03:00:00,0.0,0.0,0.0,0.001,0.0,0.0,0.0,0.0,0.0,0.0,0.002,0.0,0.0,0.0,0.001,0.0,0.0
2013-06-05 04:00:00,0.013,0.009,0.006,0.03,0.013,0.007,0.003,0.021,0.001,0.016,0.031,0.016,0.0,0.012,0.016,0.009,0.017
2013-06-05 05:00:00,0.039,0.037,0.02,0.063,0.043,0.023,0.021,0.049,0.01,0.044,0.066,0.038,0.009,0.039,0.047,0.032,0.044
2013-06-05 06:00:00,0.069,0.064,0.054,0.109,0.066,0.062,0.043,0.106,0.02,0.11,0.094,0.07,0.018,0.095,0.086,0.053,0.067
2013-06-05 07:00:00,0.087,0.091,0.047,0.147,0.097,0.062,0.079,0.11,0.032,0.122,0.139,0.086,0.036,0.109,0.116,0.065,0.085
2013-06-05 08:00:00,0.14,0.137,0.105,0.222,0.143,0.133,0.138,0.168,0.066,0.224,0.19,0.152,0.063,0.192,0.165,0.11,0.123
2013-06-05 09:00:00,0.2,0.164,0.114,0.336,0.227,0.159,0.199,0.244,0.081,0.275,0.306,0.229,0.081,0.269,0.213,0.134,0.265
2013-06-05 10:00:00,0.256,0.143,0.188,0.4,0.307,0.22,0.23,0.329,0.055,0.314,0.391,0.326,0.125,0.361,0.277,0.143,0.405
2013-06-05 11:00:00,0.285,0.132,0.198,0.324,0.377,0.294,0.361,0.323,0.07,0.409,0.317,0.401,0.173,0.422,0.262,0.163,0.526
2013-06-05 12:00:00,0.31,0.141,0.166,0.35,0.408,0.272,0.382,0.343,0.094,0.463,0.414,0.457,0.176,0.389,0.291,0.164,0.625
2013-06-05 13:00:00,0.334,0.12,0.176,0.365,0.406,0.318,0.374,0.355,0.077,0.545,0.402,0.493,0.17,0.415,0.361,0.196,0.675
2013-06-05 14:00:00,0.316,0.091,0.195,0.37,0.327,0.272,0.375,0.31,0.077,0.534,0.408,0.484,0.183,0.413,0.332,0.18,0.69
2013-06-05 15:00:00,0.285,0.095,0.157,0.315,0.312,0.218,0.314,0.213,0.082,0.437,0.378,0.436,0.207,0.402,0.307,0.16,0.662
2013-06-05 16:00:00,0.208,0.07,0.123,0.251,0.175,0.123,0.237,0.17,0.05,0.328,0.296,0.369,0.094,0.337,0.168,0.099,0.571
2013-06-05 17:00:00,0.143,0.039,0.089,0.126,0.134,0.091,0.145,0.102,0.034,0.166,0.12,0.295,0.072,0.21,0.08,0.073,0.467
2013-06-05 18:00:00,0.08,0.012,0.038,0.058,0.09,0.038,0.035,0.047,0.013,0.045,0.057,0.18,0.027,0.049,0.045,0.043,0.315
2013-06-05 19:00:00,0.031,0.009,0.004,0.0,0.075,0.016,0.0,0.011,0.0,0.0,0.008,0.063,0.0,0.003,0.006,0.015,0.137
2013-06-05 20:00:00,0.0,0.0,0.0,0.0,0.0,0.0,0.0,0.0,0.0,0.0,0.0,0.0,0.0,0.0,0.0,0.0,0.0
2013-06-05 21:00:00,0.0,0.0,0.0,0.0,0.0,0.0,0.0,0.0,0.0,0.0,0.0,0.0,0.0,0.0,0.0,0.0,0.0
2013-06-05 22:00:00,0.0,0.0,0.0,0.0,0.0,0.0,0.0,0.0,0.0,0.0,0.0,0.0,0.0,0.0,0.0,0.0,0.0
2013-06-05 23:00:00,0.0,0.0,0.0,0.0,0.0,0.0,0.0,0.0,0.0,0.0,0.0,0.0,0.0,0.0,0.0,0.0,0.0
2013-06-06 00:00:00,0.0,0.0,0.0,0.0,0.0,0.0,0.0,0.0,0.0,0.0,0.0,0.0,0.0,0.0,0.0,0.0,0.0
2013-06-06 01:00:00,0.0,0.0,0.0,0.0,0.0,0.0,0.0,0.0,0.0,0.0,0.0,0.0,0.0,0.0,0.0,0.0,0.0
2013-06-06 02:00:00,0.0,0.0,0.0,0.0,0.0,0.0,0.0,0.0,0.0,0.0,0.0,0.0,0.0,0.0,0.0,0.0,0.0
2013-06-06 03:00:00,0.0,0.0,0.0,0.001,0.0,0.0,0.0,0.001,0.0,0.0,0.002,0.0,0.0,0.0,0.001,0.0,0.0
2013-06-06 04:00:00,0.011,0.003,0.009,0.023,0.01,0.008,0.006,0.018,0.002,0.013,0.026,0.013,0.002,0.007,0.023,0.006,0.014
2013-06-06 05:00:00,0.036,0.02,0.034,0.061,0.04,0.027,0.022,0.052,0.011,0.045,0.051,0.042,0.013,0.028,0.058,0.021,0.042
2013-06-06 06:00:00,0.073,0.055,0.085,0.108,0.069,0.068,0.056,0.099,0.038,0.096,0.075,0.092,0.039,0.073,0.105,0.053,0.072
2013-06-06 07:00:00,0.11,0.091,0.143,0.146,0.09,0.099,0.085,0.129,0.056,0.126,0.091,0.145,0.073,0.133,0.121,0.1,0.109
2013-06-06 08:00:00,0.159,0.135,0.177,0.211,0.143,0.121,0.132,0.19,0.083,0.183,0.184,0.18,0.1,0.186,0.199,0.149,0.145
2013-06-06 09:00:00,0.225,0.168,0.239,0.265,0.223,0.181,0.161,0.261,0.115,0.234,0.309,0.237,0.148,0.22,0.278,0.203,0.252
2013-06-06 10:00:00,0.281,0.193,0.294,0.362,0.266,0.269,0.215,0.352,0.144,0.278,0.421,0.314,0.212,0.264,0.373,0.209,0.353
2013-06-06 11:00:00,0.327,0.235,0.273,0.391,0.329,0.292,0.283,0.402,0.219,0.337,0.503,0.33,0.303,0.298,0.424,0.259,0.41
2013-06-06 12:00:00,0.342,0.259,0.321,0.526,0.324,0.298,0.244,0.459,0.213,0.396,0.53,0.368,0.287,0.366,0.449,0.229,0.411
2013-06-06 13:00:00,0.346,0.251,0.279,0.511,0.297,0.33,0.323,0.496,0.21,0.423,0.553,0.351,0.37,0.425,0.455,0.24,0.393
2013-06-06 14:00:00,0.318,0.206,0.22,0.457,0.267,0.29,0.298,0.458,0.227,0.394,0.497,0.337,0.315,0.428,0.404,0.233,0.379
2013-06-06 15:00:00,0.278,0.223,0.163,0.376,0.204,0.309,0.3,0.48,0.256,0.28,0.398,0.367,0.278,0.405,0.388,0.171,0.302
2013-06-06 16:00:00,0.217,0.191,0.232,0.217,0.117,0.265,0.222,0.316,0.262,0.106,0.207,0.326,0.267,0.235,0.221,0.183,0.263
2013-06-06 17:00:00,0.154,0.178,0.183,0.094,0.117,0.189,0.13,0.164,0.181,0.052,0.113,0.258,0.136,0.117,0.137,0.143,0.208
2013-06-06 18:00:00,0.088,0.099,0.16,0.028,0.069,0.104,0.049,0.05,0.109,0.016,0.034,0.156,0.069,0.032,0.08,0.092,0.126
2013-06-06 19:00:00,0.028,0.024,0.03,0.0,0.048,0.006,0.001,0.015,0.001,0.0,0.037,0.072,0.001,0.001,0.055,0.016,0.056
2013-06-06 20:00:00,0.0,0.0,0.0,0.0,0.0,0.0,0.0,0.0,0.0,0.0,0.0,0.0,0.0,0.0,0.0,0.0,0.0
2013-06-06 21:00:00,0.0,0.0,0.0,0.0,0.0,0.0,0.0,0.0,0.0,0.0,0.0,0.0,0.0,0.0,0.0,0.0,0.0
2013-06-06 22:00:00,0.0,0.0,0.0,0.0,0.0,0.0,0.0,0.0,0.0,0.0,0.0,0.0,0.0,0.0,0.0,0.0,0.0
2013-06-06 23:00:00,0.0,0.0,0.0,0.0,0.0,0.0,0.0,0.0,0.0,0.0,0.0,0.0,0.0,0.0,0.0,0.0,0.0
2013-06-07 00:00:00,0.0,0.0,0.0,0.0,0.0,0.0,0.0,0.0,0.0,0.0,0.0,0.0,0.0,0.0,0.0,0.0,0.0
2013-06-07 01:00:00,0.0,0.0,0.0,0.0,0.0,0.0,0.0,0.0,0.0,0.0,0.0,0.0,0.0,0.0,0.0,0.0,0.0
2013-06-07 02:00:00,0.0,0.0,0.0,0.0,0.0,0.0,0.0,0.0,0.0,0.0,0.0,0.0,0.0,0.0,0.0,0.0,0.0
2013-06-07 03:00:00,0.0,0.0,0.0,0.001,0.0,0.0,0.0,0.001,0.0,0.0,0.003,0.0,0.0,0.0,0.001,0.0,0.0
2013-06-07 04:00:00,0.016,0.006,0.018,0.028,0.007,0.02,0.009,0.025,0.005,0.018,0.029,0.022,0.014,0.023,0.025,0.011,0.015
2013-06-07 05:00:00,0.049,0.037,0.056,0.066,0.037,0.054,0.038,0.069,0.038,0.048,0.058,0.052,0.048,0.056,0.064,0.042,0.045
2013-06-07 06:00:00,0.09,0.073,0.095,0.113,0.074,0.105,0.08,0.126,0.075,0.102,0.08,0.083,0.084,0.103,0.115,0.082,0.078
2013-06-07 07:00:00,0.123,0.113,0.131,0.172,0.113,0.15,0.097,0.156,0.096,0.144,0.141,0.11,0.123,0.161,0.128,0.115,0.084
2013-06-07 08:00:00,0.169,0.152,0.18,0.238,0.137,0.196,0.144,0.215,0.151,0.188,0.197,0.154,0.157,0.205,0.194,0.163,0.118
2013-06-07 09:00:00,0.265,0.231,0.291,0.303,0.244,0.256,0.24,0.276,0.234,0.249,0.304,0.281,0.242,0.273,0.273,0.266,0.254
2013-06-07 10:00:00,0.342,0.326,0.378,0.367,0.337,0.254,0.285,0.309,0.302,0.319,0.418,0.394,0.286,0.292,0.349,0.335,0.379
2013-06-07 11:00:00,0.438,0.441,0.487,0.46,0.427,0.296,0.306,0.36,0.445,0.347,0.511,0.505,0.388,0.306,0.468,0.45,0.474
2013-06-07 12:00:00,0.506,0.498,0.567,0.466,0.472,0.373,0.426,0.454,0.541,0.381,0.528,0.588,0.503,0.444,0.514,0.531,0.551
2013-06-07 13:00:00,0.535,0.574,0.595,0.489,0.522,0.359,0.438,0.449,0.58,0.371,0.514,0.644,0.47,0.404,0.534,0.567,0.605
2013-06-07 14:00:00,0.537,0.559,0.602,0.5,0.578,0.315,0.396,0.485,0.475,0.318,0.541,0.657,0.418,0.409,0.557,0.553,0.62
2013-06-07 15:00:00,0.487,0.541,0.542,0.438,0.481,0.266,0.343,0.376,0.491,0.251,0.414,0.619,0.353,0.291,0.466,0.551,0.592
2013-06-07 16:00:00,0.393,0.481,0.479,0.299,0.391,0.183,0.304,0.255,0.412,0.226,0.237,0.557,0.256,0.275,0.306,0.446,0.537
2013-06-07 17:00:00,0.274,0.34,0.292,0.121,0.323,0.207,0.173,0.218,0.225,0.166,0.122,0.43,0.19,0.222,0.234,0.286,0.385
2013-06-07 18:00:00,0.153,0.141,0.165,0.065,0.13,0.135,0.107,0.118,0.078,0.063,0.09,0.272,0.097,0.122,0.168,0.159,0.258
2013-06-07 19:00:00,0.055,0.046,0.066,0.002,0.05,0.034,0.021,0.025,0.038,0.0,0.019,0.109,0.04,0.011,0.055,0.061,0.121
2013-06-07 20:00:00,0.0,0.0,0.0,0.0,0.0,0.0,0.0,0.0,0.0,0.0,0.0,0.0,0.0,0.0,0.0,0.0,0.0
2013-06-07 21:00:00,0.0,0.0,0.0,0.0,0.0,0.0,0.0,0.0,0.0,0.0,0.0,0.0,0.0,0.0,0.0,0.0,0.0
2013-06-07 22:00:00,0.0,0.0,0.0,0.0,0.0,0.0,0.0,0.0,0.0,0.0,0.0,0.0,0.0,0.0,0.0,0.0,0.0
2013-06-07 23:00:00,0.0,0.0,0.0,0.0,0.0,0.0,0.0,0.0,0.0,0.0,0.0,0.0,0.0,0.0,0.0,0.0,0.0
2013-06-08 00:00:00,0.0,0.0,0.0,0.0,0.0,0.0,0.0,0.0,0.0,0.0,0.0,0.0,0.0,0.0,0.0,0.0,0.0
2013-06-08 01:00:00,0.0,0.0,0.0,0.0,0.0,0.0,0.0,0.0,0.0,0.0,0.0,0.0,0.0,0.0,0.0,0.0,0.0
2013-06-08 02:00:00,0.0,0.0,0.0,0.0,0.0,0.0,0.0,0.0,0.0,0.0,0.0,0.0,0.0,0.0,0.0,0.0,0.0
2013-06-08 03:00:00,0.0,0.0,0.0,0.001,0.0,0.0,0.0,0.0,0.0,0.0,0.003,0.0,0.0,0.0,0.002,0.0,0.0
2013-06-08 04:00:00,0.02,0.014,0.021,0.029,0.014,0.021,0.015,0.025,0.013,0.022,0.032,0.022,0.016,0.023,0.026,0.018,0.016
2013-06-08 05:00:00,0.052,0.053,0.047,0.069,0.046,0.062,0.054,0.055,0.048,0.059,0.068,0.045,0.055,0.065,0.05,0.053,0.04
2013-06-08 06:00:00,0.087,0.101,0.069,0.11,0.078,0.1,0.116,0.086,0.098,0.104,0.113,0.064,0.113,0.107,0.069,0.09,0.062
2013-06-08 07:00:00,0.093,0.094,0.086,0.094,0.11,0.093,0.137,0.092,0.11,0.11,0.089,0.079,0.108,0.094,0.084,0.092,0.081
2013-06-08 08:00:00,0.15,0.139,0.142,0.184,0.147,0.16,0.179,0.175,0.154,0.199,0.182,0.133,0.165,0.176,0.162,0.14,0.111
2013-06-08 09:00:00,0.278,0.269,0.281,0.316,0.246,0.289,0.299,0.297,0.279,0.307,0.301,0.273,0.286,0.293,0.298,0.27,0.251
2013-06-08 10:00:00,0.384,0.357,0.401,0.436,0.32,0.383,0.389,0.4,0.359,0.434,0.431,0.407,0.385,0.418,0.428,0.362,0.384
2013-06-08 11:00:00,0.48,0.437,0.512,0.49,0.435,0.43,0.508,0.44,0.481,0.504,0.469,0.521,0.486,0.497,0.531,0.476,0.507
2013-06-08 12:00:00,0.507,0.424,0.537,0.565,0.388,0.472,0.515,0.52,0.505,0.565,0.448,0.604,0.472,0.541,0.586,0.484,0.586
2013-06-08 13:00:00,0.515,0.396,0.531,0.535,0.399,0.466,0.543,0.499,0.519,0.541,0.494,0.612,0.541,0.505,0.56,0.512,0.632
2013-06-08 14:00:00,0.498,0.395,0.445,0.472,0.395,0.455,0.443,0.487,0.523,0.513,0.568,0.557,0.57,0.466,0.559,0.497,0.62
2013-06-08 15:00:00,0.441,0.327,0.425,0.42,0.366,0.415,0.388,0.45,0.45,0.412,0.455,0.514,0.481,0.405,0.495,0.421,0.596
2013-06-08 16:00:00,0.364,0.259,0.405,0.312,0.245,0.387,0.373,0.403,0.37,0.365,0.408,0.469,0.428,0.339,0.436,0.304,0.525
2013-06-08 17:00:00,0.232,0.164,0.246,0.145,0.165,0.193,0.219,0.227,0.223,0.193,0.252,0.388,0.225,0.182,0.305,0.174,0.417
2013-06-08 18:00:00,0.125,0.09,0.1,0.056,0.106,0.105,0.058,0.104,0.106,0.078,0.132,0.227,0.097,0.076,0.193,0.075,0.299
2013-06-08 19:00:00,0.042,0.046,0.025,0.002,0.03,0.02,0.023,0.024,0.035,0.0,0.036,0.095,0.033,0.014,0.06,0.028,0.123
2013-06-08 20:00:00,0.0,0.0,0.0,0.0,0.0,0.0,0.0,0.0,0.0,0.0,0.0,0.0,0.0,0.0,0.0,0.0,0.0
2013-06-08 21:00:00,0.0,0.0,0.0,0.0,0.0,0.0,0.0,0.0,0.0,0.0,0.0,0.0,0.0,0.0,0.0,0.0,0.0
2013-06-08 22:00:00,0.0,0.0,0.0,0.0,0.0,0.0,0.0,0.0,0.0,0.0,0.0,0.0,0.0,0.0,0.0,0.0,0.0
2013-06-08 23:00:00,0.0,0.0,0.0,0.0,0.0,0.0,0.0,0.0,0.0,0.0,0.0,0.0,0.0,0.0,0.0,0.0,0.0
2013-06-09 00:00:00,0.0,0.0,0.0,0.0,0.0,0.0,0.0,0.0,0.0,0.0,0.0,0.0,0.0,0.0,0.0,0.0,0.0
2013-06-09 01:00:00,0.0,0.0,0.0,0.0,0.0,0.0,0.0,0.0,0.0,0.0,0.0,0.0,0.0,0.0,0.0,0.0,0.0
2013-06-09 02:00:00,0.0,0.0,0.0,0.0,0.0,0.0,0.0,0.0,0.0,0.0,0.0,0.0,0.0,0.0,0.0,0.0,0.0
2013-06-09 03:00:00,0.0,0.0,0.0,0.001,0.0,0.0,0.0,0.001,0.0,0.0,0.003,0.0,0.0,0.0,0.002,0.0,0.0
2013-06-09 04:00:00,0.019,0.011,0.02,0.027,0.01,0.021,0.021,0.025,0.017,0.025,0.029,0.022,0.019,0.025,0.031,0.016,0.017
2013-06-09 05:00:00,0.055,0.056,0.049,0.074,0.044,0.066,0.057,0.06,0.06,0.066,0.061,0.044,0.056,0.073,0.062,0.052,0.042
2013-06-09 06:00:00,0.094,0.105,0.078,0.126,0.073,0.127,0.102,0.103,0.115,0.091,0.088,0.064,0.104,0.13,0.088,0.103,0.064
2013-06-09 07:00:00,0.111,0.112,0.104,0.129,0.112,0.122,0.114,0.114,0.109,0.09,0.121,0.081,0.117,0.103,0.139,0.118,0.079
2013-06-09 08:00:00,0.16,0.146,0.155,0.191,0.131,0.185,0.179,0.188,0.165,0.187,0.198,0.134,0.158,0.182,0.186,0.164,0.111
2013-06-09 09:00:00,0.279,0.268,0.281,0.301,0.234,0.303,0.311,0.305,0.277,0.322,0.321,0.276,0.287,0.301,0.299,0.274,0.251
2013-06-09 10:00:00,0.386,0.36,0.391,0.425,0.336,0.415,0.388,0.394,0.394,0.447,0.384,0.405,0.401,0.424,0.4,0.375,0.38
2013-06-09 11:00:00,0.467,0.433,0.488,0.484,0.45,0.485,0.489,0.436,0.488,0.525,0.384,0.508,0.506,0.452,0.435,0.474,0.485
2013-06-09 12:00:00,0.519,0.442,0.569,0.489,0.481,0.538,0.524,0.487,0.512,0.59,0.415,0.571,0.548,0.533,0.515,0.55,0.52
2013-06-09 13:00:00,0.502,0.405,0.578,0.509,0.494,0.541,0.466,0.499,0.499,0.604,0.378,0.581,0.546,0.51,0.505,0.482,0.536
2013-06-09 14:00:00,0.49,0.369,0.564,0.53,0.438,0.479,0.505,0.56,0.372,0.571,0.406,0.584,0.423,0.514,0.523,0.457,0.57
2013-06-09 15:00:00,0.428,0.307,0.454,0.408,0.353,0.431,0.458,0.475,0.441,0.511,0.393,0.446,0.424,0.458,0.486,0.4,0.549
2013-06-09 16:00:00,0.35,0.239,0.412,0.335,0.296,0.271,0.409,0.374,0.375,0.388,0.303,0.428,0.369,0.327,0.406,0.291,0.522
2013-06-09 17:00:00,0.22,0.148,0.209,0.236,0.157,0.115,0.183,0.178,0.205,0.194,0.18,0.352,0.194,0.164,0.301,0.176,0.423
2013-06-09 18:00:00,0.117,0.063,0.097,0.095,0.07,0.079,0.098,0.065,0.051,0.085,0.11,0.262,0.08,0.053,0.156,0.086,0.283
2013-06-09 19:00:00,0.031,0.014,0.035,0.003,0.011,0.011,0.02,0.005,0.003,0.0,0.015,0.105,0.006,0.011,0.041,0.021,0.107
2013-06-09 20:00:00,0.0,0.0,0.0,0.0,0.0,0.0,0.0,0.0,0.0,0.0,0.0,0.0,0.0,0.0,0.0,0.0,0.0
2013-06-09 21:00:00,0.0,0.0,0.0,0.0,0.0,0.0,0.0,0.0,0.0,0.0,0.0,0.0,0.0,0.0,0.0,0.0,0.0
2013-06-09 22:00:00,0.0,0.0,0.0,0.0,0.0,0.0,0.0,0.0,0.0,0.0,0.0,0.0,0.0,0.0,0.0,0.0,0.0
2013-06-09 23:00:00,0.0,0.0,0.0,0.0,0.0,0.0,0.0,0.0,0.0,0.0,0.0,0.0,0.0,0.0,0.0,0.0,0.0
2013-06-10 00:00:00,0.0,0.0,0.0,0.0,0.0,0.0,0.0,0.0,0.0,0.0,0.0,0.0,0.0,0.0,0.0,0.0,0.0
2013-06-10 01:00:00,0.0,0.0,0.0,0.0,0.0,0.0,0.0,0.0,0.0,0.0,0.0,0.0,0.0,0.0,0.0,0.0,0.0
2013-06-10 02:00:00,0.0,0.0,0.0,0.0,0.0,0.0,0.0,0.0,0.0,0.0,0.0,0.0,0.0,0.0,0.0,0.0,0.0
2013-06-10 03:00:00,0.0,0.0,0.0,0.001,0.0,0.0,0.0,0.0,0.0,0.0,0.003,0.0,0.0,0.0,0.001,0.0,0.0
2013-06-10 04:00:00,0.015,0.005,0.011,0.027,0.009,0.018,0.022,0.017,0.015,0.026,0.029,0.023,0.021,0.024,0.019,0.008,0.017
2013-06-10 05:00:00,0.039,0.017,0.034,0.057,0.044,0.045,0.07,0.038,0.044,0.06,0.049,0.046,0.069,0.065,0.032,0.024,0.044
2013-06-10 06:00:00,0.071,0.03,0.068,0.079,0.081,0.074,0.108,0.076,0.081,0.101,0.089,0.077,0.11,0.108,0.08,0.056,0.065
2013-06-10 07:00:00,0.112,0.102,0.116,0.153,0.107,0.117,0.131,0.095,0.1,0.113,0.084,0.134,0.104,0.142,0.082,0.117,0.111
2013-06-10 08:00:00,0.16,0.127,0.195,0.219,0.142,0.181,0.192,0.145,0.187,0.21,0.103,0.166,0.157,0.212,0.107,0.16,0.169
2013-06-10 09:00:00,0.221,0.149,0.217,0.329,0.22,0.237,0.306,0.191,0.252,0.301,0.136,0.27,0.249,0.296,0.13,0.208,0.264
2013-06-10 10:00:00,0.294,0.229,0.289,0.383,0.331,0.312,0.402,0.254,0.332,0.399,0.182,0.375,0.339,0.378,0.162,0.252,0.381
2013-06-10 11:00:00,0.353,0.305,0.28,0.368,0.395,0.369,0.486,0.31,0.36,0.448,0.226,0.448,0.443,0.397,0.178,0.349,0.457
2013-06-10 12:00:00,0.398,0.389,0.395,0.285,0.447,0.359,0.576,0.279,0.416,0.453,0.267,0.541,0.523,0.546,0.221,0.377,0.547
2013-06-10 13:00:00,0.419,0.36,0.429,0.362,0.531,0.38,0.511,0.279,0.379,0.468,0.308,0.545,0.488,0.571,0.309,0.381,0.54
2013-06-10 14:00:00,0.423,0.35,0.427,0.486,0.528,0.324,0.408,0.245,0.398,0.462,0.17,0.579,0.438,0.44,0.331,0.396,0.621
2013-06-10 15:00:00,0.377,0.319,0.342,0.344,0.526,0.33,0.355,0.205,0.28,0.327,0.159,0.57,0.369,0.281,0.298,0.346,0.615
2013-06-10 16:00:00,0.324,0.264,0.278,0.19,0.429,0.22,0.244,0.254,0.154,0.255,0.129,0.542,0.238,0.227,0.283,0.31,0.593
2013-06-10 17:00:00,0.254,0.213,0.214,0.132,0.354,0.109,0.099,0.194,0.126,0.143,0.13,0.452,0.121,0.175,0.255,0.233,0.495
2013-06-10 18:00:00,0.143,0.093,0.132,0.052,0.189,0.063,0.029,0.092,0.056,0.037,0.081,0.289,0.048,0.065,0.147,0.128,0.338
2013-06-10 19:00:00,0.05,0.028,0.047,0.004,0.074,0.008,0.001,0.021,0.002,0.0,0.029,0.115,0.003,0.001,0.046,0.043,0.149
2013-06-10 20:00:00,0.0,0.0,0.0,0.0,0.0,0.0,0.0,0.0,0.0,0.0,0.0,0.0,0.0,0.0,0.0,0.0,0.0
2013-06-10 21:00:00,0.0,0.0,0.0,0.0,0.0,0.0,0.0,0.0,0.0,0.0,0.0,0.0,0.0,0.0,0.0,0.0,0.0
2013-06-10 22:00:00,0.0,0.0,0.0,0.0,0.0,0.0,0.0,0.0,0.0,0.0,0.0,0.0,0.0,0.0,0.0,0.0,0.0
2013-06-10 23:00:00,0.0,0.0,0.0,0.0,0.0,0.0,0.0,0.0,0.0,0.0,0.0,0.0,0.0,0.0,0.0,0.0,0.0
2013-06-11 00:00:00,0.0,0.0,0.0,0.0,0.0,0.0,0.0,0.0,0.0,0.0,0.0,0.0,0.0,0.0,0.0,0.0,0.0
2013-06-11 01:00:00,0.0,0.0,0.0,0.0,0.0,0.0,0.0,0.0,0.0,0.0,0.0,0.0,0.0,0.0,0.0,0.0,0.0
2013-06-11 02:00:00,0.0,0.0,0.0,0.0,0.0,0.0,0.0,0.0,0.0,0.0,0.0,0.0,0.0,0.0,0.0,0.0,0.0
2013-06-11 03:00:00,0.001,0.0,0.0,0.001,0.0,0.0,0.0,0.001,0.0,0.0,0.004,0.001,0.0,0.0,0.003,0.0,0.0
2013-06-11 04:00:00,0.018,0.012,0.024,0.018,0.012,0.015,0.006,0.024,0.002,0.01,0.034,0.023,0.003,0.006,0.031,0.018,0.017
2013-06-11 05:00:00,0.047,0.046,0.05,0.051,0.044,0.058,0.018,0.06,0.017,0.022,0.062,0.047,0.017,0.023,0.054,0.051,0.046
2013-06-11 06:00:00,0.074,0.08,0.072,0.083,0.067,0.08,0.035,0.091,0.043,0.041,0.098,0.071,0.042,0.042,0.077,0.076,0.085
2013-06-11 07:00:00,0.116,0.136,0.12,0.104,0.093,0.111,0.106,0.14,0.094,0.122,0.167,0.105,0.038,0.075,0.137,0.121,0.109
2013-06-11 08:00:00,0.164,0.162,0.176,0.14,0.124,0.154,0.169,0.188,0.089,0.186,0.242,0.159,0.054,0.122,0.214,0.172,0.155
2013-06-11 09:00:00,0.256,0.28,0.307,0.163,0.265,0.151,0.203,0.235,0.112,0.245,0.318,0.277,0.056,0.161,0.301,0.286,0.274
2013-06-11 10:00:00,0.345,0.377,0.426,0.191,0.384,0.205,0.343,0.298,0.138,0.344,0.408,0.36,0.083,0.193,0.367,0.398,0.376
2013-06-11 11:00:00,0.399,0.47,0.509,0.224,0.37,0.251,0.313,0.333,0.155,0.388,0.493,0.425,0.087,0.25,0.422,0.472,0.451
2013-06-11 12:00:00,0.424,0.495,0.528,0.212,0.394,0.259,0.367,0.364,0.169,0.296,0.511,0.449,0.101,0.238,0.412,0.516,0.533
2013-06-11 13:00:00,0.404,0.465,0.431,0.221,0.442,0.261,0.25,0.395,0.172,0.435,0.478,0.477,0.066,0.191,0.394,0.434,0.537
2013-06-11 14:00:00,0.375,0.426,0.335,0.178,0.449,0.299,0.191,0.315,0.191,0.432,0.417,0.504,0.084,0.169,0.364,0.372,0.562
2013-06-11 15:00:00,0.328,0.328,0.353,0.165,0.453,0.262,0.186,0.246,0.105,0.287,0.349,0.451,0.062,0.095,0.371,0.291,0.54
2013-06-11 16:00:00,0.265,0.239,0.274,0.097,0.292,0.198,0.063,0.196,0.12,0.242,0.279,0.403,0.042,0.046,0.322,0.264,0.468
2013-06-11 17:00:00,0.218,0.223,0.215,0.069,0.255,0.126,0.045,0.165,0.065,0.117,0.215,0.32,0.022,0.047,0.261,0.221,0.424
2013-06-11 18:00:00,0.144,0.145,0.149,0.034,0.207,0.07,0.008,0.101,0.036,0.045,0.112,0.239,0.006,0.018,0.184,0.137,0.282
2013-06-11 19:00:00,0.062,0.066,0.073,0.002,0.101,0.015,0.0,0.026,0.01,0.0,0.033,0.095,0.001,0.0,0.07,0.066,0.139
2013-06-11 20:00:00,0.0,0.0,0.0,0.0,0.0,0.0,0.0,0.0,0.0,0.0,0.0,0.0,0.0,0.0,0.0,0.0,0.0
2013-06-11 21:00:00,0.0,0.0,0.0,0.0,0.0,0.0,0.0,0.0,0.0,0.0,0.0,0.0,0.0,0.0,0.0,0.0,0.0
2013-06-11 22:00:00,0.0,0.0,0.0,0.0,0.0,0.0,0.0,0.0,0.0,0.0,0.0,0.0,0.0,0.0,0.0,0.0,0.0
2013-06-11 23:00:00,0.0,0.0,0.0,0.0,0.0,0.0,0.0,0.0,0.0,0.0,0.0,0.0,0.0,0.0,0.0,0.0,0.0
2013-07-30 00:00:00,0.0,0.0,0.0,0.0,0.0,0.0,0.0,0.0,0.0,0.0,0.0,0.0,0.0,0.0,0.0,0.0,0.0
2013-07-30 01:00:00,0.0,0.0,0.0,0.0,0.0,0.0,0.0,0.0,0.0,0.0,0.0,0.0,0.0,0.0,0.0,0.0,0.0
2013-07-30 02:00:00,0.0,0.0,0.0,0.0,0.0,0.0,0.0,0.0,0.0,0.0,0.0,0.0,0.0,0.0,0.0,0.0,0.0
2013-07-30 03:00:00,0.0,0.0,0.0,0.0,0.0,0.0,0.0,0.0,0.0,0.0,0.0,0.0,0.0,0.0,0.0,0.0,0.0
2013-07-30 04:00:00,0.003,0.0,0.002,0.007,0.0,0.004,0.002,0.009,0.0,0.005,0.012,0.002,0.001,0.005,0.01,0.0,0.0
2013-07-30 05:00:00,0.022,0.024,0.016,0.037,0.007,0.034,0.02,0.045,0.023,0.035,0.041,0.014,0.023,0.033,0.049,0.013,0.001
2013-07-30 06:00:00,0.043,0.059,0.033,0.058,0.028,0.073,0.062,0.071,0.056,0.059,0.061,0.028,0.06,0.065,0.077,0.03,0.005
2013-07-30 07:00:00,0.07,0.059,0.078,0.089,0.088,0.094,0.087,0.094,0.077,0.105,0.074,0.056,0.099,0.105,0.08,0.051,0.033
2013-07-30 08:00:00,0.095,0.085,0.052,0.145,0.144,0.133,0.132,0.148,0.052,0.16,0.111,0.069,0.119,0.176,0.116,0.047,0.069
2013-07-30 09:00:00,0.151,0.184,0.038,0.243,0.195,0.163,0.194,0.229,0.096,0.223,0.234,0.08,0.149,0.241,0.184,0.102,0.115
2013-07-30 10:00:00,0.227,0.275,0.089,0.329,0.266,0.134,0.31,0.266,0.167,0.234,0.345,0.086,0.174,0.258,0.238,0.237,0.201
2013-07-30 11:00:00,0.297,0.427,0.109,0.397,0.419,0.154,0.335,0.307,0.289,0.26,0.426,0.14,0.237,0.201,0.269,0.286,0.33
2013-07-30 12:00:00,0.354,0.455,0.23,0.336,0.452,0.245,0.303,0.262,0.429,0.182,0.405,0.228,0.306,0.21,0.27,0.413,0.442
2013-07-30 13:00:00,0.415,0.515,0.524,0.275,0.478,0.38,0.253,0.268,0.466,0.187,0.316,0.418,0.334,0.297,0.282,0.487,0.499
2013-07-30 14:00:00,0.415,0.499,0.499,0.216,0.482,0.427,0.256,0.364,0.448,0.273,0.222,0.506,0.381,0.291,0.265,0.462,0.515
2013-07-30 15:00:00,0.403,0.519,0.456,0.181,0.458,0.395,0.289,0.344,0.476,0.24,0.16,0.528,0.37,0.356,0.222,0.461,0.497
2013-07-30 16:00:00,0.319,0.398,0.386,0.135,0.322,0.289,0.25,0.232,0.416,0.172,0.096,0.481,0.301,0.286,0.203,0.36,0.427
2013-07-30 17:00:00,0.211,0.22,0.225,0.065,0.237,0.222,0.12,0.101,0.273,0.079,0.038,0.333,0.208,0.145,0.127,0.259,0.318
2013-07-30 18:00:00,0.134,0.149,0.118,0.029,0.224,0.118,0.07,0.071,0.114,0.061,0.013,0.219,0.11,0.084,0.077,0.154,0.2
2013-07-30 19:00:00,0.03,0.04,0.021,0.0,0.047,0.0,0.0,0.0,0.0,0.0,0.0,0.049,0.0,0.0,0.0,0.046,0.079
2013-07-30 20:00:00,0.0,0.0,0.0,0.0,0.0,0.0,0.0,0.0,0.0,0.0,0.0,0.0,0.0,0.0,0.0,0.0,0.0
2013-07-30 21:00:00,0.0,0.0,0.0,0.0,0.0,0.0,0.0,0.0,0.0,0.0,0.0,0.0,0.0,0.0,0.0,0.0,0.0
2013-07-30 22:00:00,0.0,0.0,0.0,0.0,0.0,0.0,0.0,0.0,0.0,0.0,0.0,0.0,0.0,0.0,0.0,0.0,0.0
2013-07-30 23:00:00,0.0,0.0,0.0,0.0,0.0,0.0,0.0,0.0,0.0,0.0,0.0,0.0,0.0,0.0,0.0,0.0,0.0
2013-07-31 00:00:00,0.0,0.0,0.0,0.0,0.0,0.0,0.0,0.0,0.0,0.0,0.0,0.0,0.0,0.0,0.0,0.0,0.0
2013-07-31 01:00:00,0.0,0.0,0.0,0.0,0.0,0.0,0.0,0.0,0.0,0.0,0.0,0.0,0.0,0.0,0.0,0.0,0.0
2013-07-31 02:00:00,0.0,0.0,0.0,0.0,0.0,0.0,0.0,0.0,0.0,0.0,0.0,0.0,0.0,0.0,0.0,0.0,0.0
2013-07-31 03:00:00,0.0,0.0,0.0,0.0,0.0,0.0,0.0,0.0,0.0,0.0,0.0,0.0,0.0,0.0,0.0,0.0,0.0
2013-07-31 04:00:00,0.004,0.0,0.004,0.01,0.0,0.004,0.003,0.007,0.001,0.007,0.013,0.005,0.003,0.005,0.01,0.002,0.001
2013-07-31 05:00:00,0.031,0.025,0.031,0.048,0.024,0.033,0.033,0.036,0.028,0.044,0.047,0.031,0.03,0.035,0.038,0.028,0.023
2013-07-31 06:00:00,0.055,0.05,0.053,0.078,0.049,0.057,0.062,0.058,0.053,0.079,0.07,0.052,0.055,0.059,0.058,0.052,0.046
2013-07-31 07:00:00,0.08,0.073,0.07,0.111,0.084,0.076,0.089,0.079,0.073,0.1,0.107,0.073,0.074,0.08,0.086,0.07,0.077
2013-07-31 08:00:00,0.104,0.091,0.086,0.158,0.106,0.099,0.114,0.109,0.088,0.15,0.146,0.091,0.097,0.115,0.108,0.085,0.114
2013-07-31 09:00:00,0.205,0.201,0.215,0.275,0.154,0.236,0.253,0.241,0.217,0.257,0.261,0.182,0.234,0.234,0.228,0.197,0.129
2013-07-31 10:00:00,0.284,0.27,0.288,0.371,0.216,0.333,0.368,0.363,0.303,0.379,0.34,0.248,0.342,0.38,0.335,0.252,0.19
2013-07-31 11:00:00,0.356,0.355,0.318,0.421,0.307,0.414,0.493,0.461,0.386,0.472,0.422,0.276,0.433,0.48,0.433,0.302,0.282
2013-07-31 12:00:00,0.393,0.401,0.291,0.505,0.363,0.422,0.498,0.539,0.391,0.548,0.511,0.293,0.358,0.552,0.517,0.317,0.318
2013-07-31 13:00:00,0.39,0.305,0.306,0.536,0.355,0.329,0.422,0.509,0.375,0.563,0.516,0.251,0.332,0.508,0.493,0.36,0.363
2013-07-31 14:00:00,0.396,0.243,0.384,0.565,0.349,0.329,0.295,0.433,0.311,0.552,0.51,0.249,0.318,0.411,0.473,0.4,0.449
2013-07-31 15:00:00,0.383,0.294,0.378,0.526,0.443,0.225,0.353,0.366,0.221,0.502,0.492,0.348,0.301,0.308,0.396,0.339,0.501
2013-07-31 16:00:00,0.304,0.279,0.29,0.397,0.382,0.171,0.147,0.242,0.173,0.353,0.379,0.322,0.214,0.217,0.224,0.262,0.499
2013-07-31 17:00:00,0.23,0.266,0.235,0.279,0.298,0.103,0.176,0.106,0.127,0.216,0.184,0.275,0.119,0.164,0.129,0.237,0.372
2013-07-31 18:00:00,0.124,0.112,0.124,0.112,0.107,0.072,0.068,0.08,0.068,0.117,0.062,0.198,0.024,0.077,0.046,0.156,0.229
2013-07-31 19:00:00,0.019,0.009,0.019,0.0,0.023,0.0,0.0,0.0,0.0,0.0,0.0,0.065,0.0,0.0,0.0,0.024,0.054
2013-07-31 20:00:00,0.0,0.0,0.0,0.0,0.0,0.0,0.0,0.0,0.0,0.0,0.0,0.0,0.0,0.0,0.0,0.0,0.0
2013-07-31 21:00:00,0.0,0.0,0.0,0.0,0.0,0.0,0.0,0.0,0.0,0.0,0.0,0.0,0.0,0.0,0.0,0.0,0.0
2013-07-31 22:00:00,0.0,0.0,0.0,0.0,0.0,0.0,0.0,0.0,0.0,0.0,0.0,0.0,0.0,0.0,0.0,0.0,0.0
2013-07-31 23:00:00,0.0,0.0,0.0,0.0,0.0,0.0,0.0,0.0,0.0,0.0,0.0,0.0,0.0,0.0,0.0,0.0,0.0
2013-08-01 00:00:00,0.0,0.0,0.0,0.0,0.0,0.0,0.0,0.0,0.0,0.0,0.0,0.0,0.0,0.0,0.0,0.0,0.0
2013-08-01 01:00:00,0.0,0.0,0.0,0.0,0.0,0.0,0.0,0.0,0.0,0.0,0.0,0.0,0.0,0.0,0.0,0.0,0.0
2013-08-01 02:00:00,0.0,0.0,0.0,0.0,0.0,0.0,0.0,0.0,0.0,0.0,0.0,0.0,0.0,0.0,0.0,0.0,0.0
2013-08-01 03:00:00,0.0,0.0,0.0,0.0,0.0,0.0,0.0,0.0,0.0,0.0,0.0,0.0,0.0,0.0,0.0,0.0,0.0
2013-08-01 04:00:00,0.003,0.0,0.004,0.009,0.0,0.004,0.003,0.007,0.001,0.005,0.01,0.004,0.002,0.005,0.008,0.002,0.001
2013-08-01 05:00:00,0.028,0.021,0.029,0.041,0.011,0.033,0.033,0.036,0.027,0.036,0.043,0.032,0.03,0.035,0.038,0.023,0.024
2013-08-01 06:00:00,0.059,0.054,0.053,0.066,0.055,0.057,0.068,0.058,0.054,0.06,0.066,0.074,0.058,0.058,0.058,0.052,0.069
2013-08-01 07:00:00,0.08,0.078,0.086,0.092,0.059,0.081,0.083,0.084,0.076,0.087,0.098,0.098,0.078,0.079,0.089,0.074,0.079
2013-08-01 08:00:00,0.117,0.103,0.111,0.134,0.103,0.119,0.111,0.119,0.095,0.129,0.15,0.12,0.099,0.119,0.126,0.116,0.113
2013-08-01 09:00:00,0.218,0.222,0.187,0.28,0.2,0.24,0.238,0.251,0.213,0.272,0.252,0.207,0.218,0.256,0.228,0.198,0.19
2013-08-01 10:00:00,0.32,0.321,0.273,0.411,0.291,0.301,0.35,0.366,0.341,0.406,0.348,0.31,0.314,0.361,0.33,0.3,0.299
2013-08-01 11:00:00,0.39,0.384,0.392,0.504,0.357,0.358,0.354,0.436,0.44,0.517,0.45,0.399,0.36,0.435,0.406,0.37,0.302
2013-08-01 12:00:00,0.408,0.41,0.398,0.54,0.408,0.325,0.342,0.428,0.397,0.573,0.459,0.422,0.375,0.363,0.444,0.393,0.322
2013-08-01 13:00:00,0.394,0.397,0.405,0.448,0.433,0.329,0.327,0.383,0.305,0.44,0.425,0.476,0.329,0.254,0.426,0.41,0.285
2013-08-01 14:00:00,0.365,0.416,0.315,0.353,0.448,0.354,0.336,0.35,0.321,0.294,0.436,0.45,0.275,0.223,0.447,0.374,0.209
2013-08-01 15:00:00,0.297,0.354,0.333,0.3,0.284,0.275,0.309,0.235,0.301,0.245,0.334,0.259,0.291,0.209,0.325,0.346,0.195
2013-08-01 16:00:00,0.293,0.359,0.288,0.305,0.241,0.297,0.338,0.276,0.279,0.321,0.331,0.254,0.26,0.212,0.283,0.325,0.26
2013-08-01 17:00:00,0.211,0.208,0.22,0.226,0.199,0.171,0.248,0.192,0.198,0.23,0.253,0.22,0.217,0.134,0.181,0.231,0.197
2013-08-01 18:00:00,0.105,0.133,0.065,0.088,0.165,0.081,0.109,0.091,0.115,0.094,0.1,0.116,0.082,0.054,0.1,0.109,0.085
2013-08-01 19:00:00,0.016,0.019,0.003,0.0,0.052,0.0,0.0,0.0,0.0,0.0,0.0,0.033,0.0,0.0,0.0,0.023,0.024
2013-08-01 20:00:00,0.0,0.0,0.0,0.0,0.0,0.0,0.0,0.0,0.0,0.0,0.0,0.0,0.0,0.0,0.0,0.0,0.0
2013-08-01 21:00:00,0.0,0.0,0.0,0.0,0.0,0.0,0.0,0.0,0.0,0.0,0.0,0.0,0.0,0.0,0.0,0.0,0.0
2013-08-01 22:00:00,0.0,0.0,0.0,0.0,0.0,0.0,0.0,0.0,0.0,0.0,0.0,0.0,0.0,0.0,0.0,0.0,0.0
2013-08-01 23:00:00,0.0,0.0,0.0,0.0,0.0,0.0,0.0,0.0,0.0,0.0,0.0,0.0,0.0,0.0,0.0,0.0,0.0
2013-08-02 00:00:00,0.0,0.0,0.0,0.0,0.0,0.0,0.0,0.0,0.0,0.0,0.0,0.0,0.0,0.0,0.0,0.0,0.0
2013-08-02 01:00:00,0.0,0.0,0.0,0.0,0.0,0.0,0.0,0.0,0.0,0.0,0.0,0.0,0.0,0.0,0.0,0.0,0.0
2013-08-02 02:00:00,0.0,0.0,0.0,0.0,0.0,0.0,0.0,0.0,0.0,0.0,0.0,0.0,0.0,0.0,0.0,0.0,0.0
2013-08-02 03:00:00,0.0,0.0,0.0,0.0,0.0,0.0,0.0,0.0,0.0,0.0,0.0,0.0,0.0,0.0,0.0,0.0,0.0
2013-08-02 04:00:00,0.003,0.0,0.002,0.007,0.0,0.003,0.002,0.004,0.001,0.005,0.009,0.004,0.002,0.004,0.009,0.001,0.001
2013-08-02 05:00:00,0.029,0.024,0.025,0.035,0.022,0.03,0.031,0.031,0.026,0.034,0.05,0.031,0.029,0.033,0.045,0.026,0.021
2013-08-02 06:00:00,0.056,0.048,0.051,0.058,0.045,0.054,0.056,0.058,0.051,0.054,0.088,0.062,0.053,0.055,0.08,0.05,0.051
2013-08-02 07:00:00,0.081,0.066,0.098,0.094,0.061,0.085,0.076,0.09,0.069,0.085,0.12,0.082,0.074,0.081,0.094,0.071,0.083
2013-08-02 08:00:00,0.097,0.078,0.122,0.12,0.074,0.102,0.103,0.117,0.082,0.129,0.136,0.09,0.09,0.115,0.112,0.086,0.089
2013-08-02 09:00:00,0.205,0.199,0.213,0.175,0.181,0.218,0.235,0.209,0.215,0.242,0.249,0.205,0.229,0.225,0.217,0.202,0.182
2013-08-02 10:00:00,0.328,0.338,0.325,0.267,0.318,0.322,0.357,0.32,0.352,0.336,0.35,0.333,0.359,0.354,0.326,0.337,0.313
2013-08-02 11:00:00,0.417,0.458,0.377,0.34,0.439,0.388,0.412,0.404,0.469,0.385,0.377,0.44,0.448,0.394,0.4,0.434,0.428
2013-08-02 12:00:00,0.484,0.548,0.418,0.432,0.532,0.402,0.428,0.435,0.548,0.431,0.416,0.512,0.474,0.394,0.483,0.504,0.519
2013-08-02 13:00:00,0.52,0.603,0.411,0.49,0.592,0.432,0.451,0.514,0.599,0.43,0.399,0.568,0.505,0.321,0.516,0.539,0.572
2013-08-02 14:00:00,0.532,0.622,0.463,0.47,0.614,0.421,0.458,0.516,0.614,0.424,0.437,0.596,0.518,0.357,0.535,0.537,0.587
2013-08-02 15:00:00,0.52,0.597,0.409,0.471,0.596,0.46,0.448,0.523,0.582,0.381,0.49,0.575,0.52,0.382,0.571,0.507,0.558
2013-08-02 16:00:00,0.464,0.527,0.347,0.373,0.531,0.436,0.427,0.457,0.512,0.277,0.446,0.52,0.488,0.32,0.498,0.467,0.512
2013-08-02 17:00:00,0.362,0.404,0.258,0.298,0.415,0.318,0.346,0.334,0.38,0.213,0.329,0.406,0.365,0.279,0.377,0.378,0.418
2013-08-02 18:00:00,0.204,0.226,0.199,0.136,0.244,0.171,0.165,0.167,0.197,0.128,0.163,0.23,0.179,0.148,0.195,0.215,0.256
2013-08-02 19:00:00,0.026,0.008,0.0,0.0,0.092,0.0,0.0,0.0,0.0,0.0,0.0,0.051,0.0,0.0,0.0,0.02,0.096
2013-08-02 20:00:00,0.0,0.0,0.0,0.0,0.0,0.0,0.0,0.0,0.0,0.0,0.0,0.0,0.0,0.0,0.0,0.0,0.0
2013-08-02 21:00:00,0.0,0.0,0.0,0.0,0.0,0.0,0.0,0.0,0.0,0.0,0.0,0.0,0.0,0.0,0.0,0.0,0.0
2013-08-02 22:00:00,0.0,0.0,0.0,0.0,0.0,0.0,0.0,0.0,0.0,0.0,0.0,0.0,0.0,0.0,0.0,0.0,0.0
2013-08-02 23:00:00,0.0,0.0,0.0,0.0,0.0,0.0,0.0,0.0,0.0,0.0,0.0,0.0,0.0,0.0,0.0,0.0,0.0
2013-08-03 00:00:00,0.0,0.0,0.0,0.0,0.0,0.0,0.0,0.0,0.0,0.0,0.0,0.0,0.0,0.0,0.0,0.0,0.0
2013-08-03 01:00:00,0.0,0.0,0.0,0.0,0.0,0.0,0.0,0.0,0.0,0.0,0.0,0.0,0.0,0.0,0.0,0.0,0.0
2013-08-03 02:00:00,0.0,0.0,0.0,0.0,0.0,0.0,0.0,0.0,0.0,0.0,0.0,0.0,0.0,0.0,0.0,0.0,0.0
2013-08-03 03:00:00,0.0,0.0,0.0,0.0,0.0,0.0,0.0,0.0,0.0,0.0,0.0,0.0,0.0,0.0,0.0,0.0,0.0
2013-08-03 04:00:00,0.003,0.0,0.003,0.007,0.0,0.003,0.002,0.006,0.0,0.005,0.009,0.003,0.002,0.004,0.007,0.001,0.001
2013-08-03 05:00:00,0.028,0.023,0.028,0.036,0.021,0.03,0.03,0.034,0.025,0.034,0.037,0.028,0.028,0.033,0.034,0.026,0.023
2013-08-03 06:00:00,0.051,0.048,0.051,0.059,0.045,0.054,0.054,0.057,0.05,0.058,0.059,0.049,0.052,0.057,0.058,0.049,0.045
2013-08-03 07:00:00,0.069,0.064,0.067,0.076,0.061,0.071,0.072,0.073,0.067,0.076,0.076,0.064,0.069,0.074,0.088,0.066,0.061
2013-08-03 08:00:00,0.087,0.077,0.079,0.123,0.073,0.09,0.099,0.101,0.08,0.12,0.113,0.075,0.087,0.107,0.098,0.078,0.072
2013-08-03 09:00:00,0.213,0.195,0.209,0.268,0.177,0.231,0.242,0.244,0.212,0.264,0.258,0.199,0.226,0.249,0.234,0.201,0.174
2013-08-03 10:00:00,0.348,0.331,0.345,0.404,0.312,0.367,0.377,0.38,0.348,0.393,0.381,0.336,0.36,0.385,0.37,0.337,0.31
2013-08-03 11:00:00,0.462,0.447,0.462,0.513,0.43,0.483,0.482,0.495,0.459,0.507,0.465,0.455,0.474,0.498,0.483,0.453,0.429
2013-08-03 12:00:00,0.545,0.526,0.55,0.595,0.518,0.567,0.552,0.577,0.522,0.587,0.517,0.546,0.545,0.576,0.559,0.54,0.521
2013-08-03 13:00:00,0.591,0.575,0.603,0.626,0.574,0.614,0.571,0.624,0.569,0.629,0.52,0.602,0.588,0.623,0.596,0.59,0.576
2013-08-03 14:00:00,0.602,0.565,0.618,0.62,0.594,0.624,0.602,0.63,0.553,0.632,0.541,0.62,0.571,0.629,0.617,0.605,0.587
2013-08-03 15:00:00,0.566,0.51,0.592,0.575,0.541,0.593,0.584,0.591,0.558,0.587,0.511,0.598,0.577,0.59,0.558,0.582,0.543
2013-08-03 16:00:00,0.464,0.42,0.518,0.482,0.313,0.51,0.469,0.505,0.471,0.49,0.457,0.525,0.474,0.499,0.497,0.498,0.388
2013-08-03 17:00:00,0.306,0.229,0.383,0.335,0.126,0.374,0.352,0.362,0.322,0.339,0.337,0.386,0.352,0.355,0.375,0.337,0.177
2013-08-03 18:00:00,0.146,0.152,0.201,0.147,0.075,0.187,0.156,0.175,0.174,0.147,0.162,0.194,0.178,0.163,0.19,0.144,0.056
2013-08-03 19:00:00,0.011,0.0,0.0,0.0,0.029,0.0,0.0,0.0,0.0,0.0,0.0,0.033,0.0,0.0,0.0,0.004,0.05
2013-08-03 20:00:00,0.0,0.0,0.0,0.0,0.0,0.0,0.0,0.0,0.0,0.0,0.0,0.0,0.0,0.0,0.0,0.0,0.0
2013-08-03 21:00:00,0.0,0.0,0.0,0.0,0.0,0.0,0.0,0.0,0.0,0.0,0.0,0.0,0.0,0.0,0.0,0.0,0.0
2013-08-03 22:00:00,0.0,0.0,0.0,0.0,0.0,0.0,0.0,0.0,0.0,0.0,0.0,0.0,0.0,0.0,0.0,0.0,0.0
2013-08-03 23:00:00,0.0,0.0,0.0,0.0,0.0,0.0,0.0,0.0,0.0,0.0,0.0,0.0,0.0,0.0,0.0,0.0,0.0
2013-08-04 00:00:00,0.0,0.0,0.0,0.0,0.0,0.0,0.0,0.0,0.0,0.0,0.0,0.0,0.0,0.0,0.0,0.0,0.0
2013-08-04 01:00:00,0.0,0.0,0.0,0.0,0.0,0.0,0.0,0.0,0.0,0.0,0.0,0.0,0.0,0.0,0.0,0.0,0.0
2013-08-04 02:00:00,0.0,0.0,0.0,0.0,0.0,0.0,0.0,0.0,0.0,0.0,0.0,0.0,0.0,0.0,0.0,0.0,0.0
2013-08-04 03:00:00,0.0,0.0,0.0,0.0,0.0,0.0,0.0,0.0,0.0,0.0,0.0,0.0,0.0,0.0,0.0,0.0,0.0
2013-08-04 04:00:00,0.002,0.0,0.002,0.007,0.0,0.003,0.002,0.005,0.0,0.005,0.009,0.002,0.001,0.004,0.007,0.0,0.0
2013-08-04 05:00:00,0.029,0.023,0.031,0.036,0.022,0.029,0.029,0.036,0.027,0.034,0.037,0.029,0.027,0.032,0.042,0.026,0.021
2013-08-04 06:00:00,0.058,0.061,0.061,0.058,0.054,0.056,0.053,0.06,0.063,0.058,0.058,0.052,0.051,0.055,0.063,0.064,0.047
2013-08-04 07:00:00,0.091,0.078,0.091,0.083,0.093,0.087,0.078,0.074,0.115,0.077,0.073,0.093,0.094,0.073,0.074,0.111,0.088
2013-08-04 08:00:00,0.121,0.106,0.146,0.12,0.119,0.121,0.101,0.099,0.168,0.119,0.108,0.101,0.115,0.104,0.092,0.146,0.108
2013-08-04 09:00:00,0.206,0.148,0.225,0.263,0.163,0.256,0.242,0.24,0.246,0.264,0.248,0.22,0.246,0.249,0.23,0.17,0.188
2013-08-04 10:00:00,0.279,0.175,0.308,0.397,0.193,0.337,0.38,0.368,0.271,0.399,0.378,0.322,0.361,0.385,0.355,0.191,0.262
2013-08-04 11:00:00,0.331,0.209,0.355,0.505,0.252,0.398,0.493,0.464,0.253,0.508,0.483,0.38,0.447,0.485,0.435,0.189,0.315
2013-08-04 12:00:00,0.358,0.292,0.308,0.579,0.27,0.383,0.568,0.52,0.283,0.582,0.556,0.361,0.474,0.557,0.472,0.178,0.388
2013-08-04 13:00:00,0.371,0.371,0.221,0.613,0.311,0.358,0.598,0.543,0.291,0.624,0.595,0.362,0.426,0.592,0.479,0.173,0.426
2013-08-04 14:00:00,0.373,0.406,0.138,0.604,0.232,0.25,0.573,0.478,0.409,0.624,0.581,0.428,0.364,0.578,0.403,0.247,0.477
2013-08-04 15:00:00,0.326,0.373,0.114,0.531,0.175,0.179,0.515,0.35,0.494,0.574,0.502,0.384,0.362,0.467,0.262,0.247,0.427
2013-08-04 16:00:00,0.257,0.235,0.129,0.443,0.121,0.158,0.437,0.232,0.375,0.473,0.324,0.363,0.347,0.363,0.173,0.221,0.308
2013-08-04 17:00:00,0.156,0.143,0.069,0.283,0.053,0.097,0.299,0.112,0.247,0.298,0.17,0.247,0.28,0.212,0.101,0.15,0.157
2013-08-04 18:00:00,0.053,0.031,0.041,0.096,0.034,0.047,0.114,0.032,0.103,0.108,0.061,0.085,0.122,0.074,0.04,0.045,0.026
2013-08-04 19:00:00,0.0,0.0,0.0,0.0,0.0,0.0,0.0,0.0,0.0,0.0,0.0,0.0,0.0,0.0,0.0,0.0,0.0
2013-08-04 20:00:00,0.0,0.0,0.0,0.0,0.0,0.0,0.0,0.0,0.0,0.0,0.0,0.0,0.0,0.0,0.0,0.0,0.0
2013-08-04 21:00:00,0.0,0.0,0.0,0.0,0.0,0.0,0.0,0.0,0.0,0.0,0.0,0.0,0.0,0.0,0.0,0.0,0.0
2013-08-04 22:00:00,0.0,0.0,0.0,0.0,0.0,0.0,0.0,0.0,0.0,0.0,0.0,0.0,0.0,0.0,0.0,0.0,0.0
2013-08-04 23:00:00,0.0,0.0,0.0,0.0,0.0,0.0,0.0,0.0,0.0,0.0,0.0,0.0,0.0,0.0,0.0,0.0,0.0
2013-08-05 00:00:00,0.0,0.0,0.0,0.0,0.0,0.0,0.0,0.0,0.0,0.0,0.0,0.0,0.0,0.0,0.0,0.0,0.0
2013-08-05 01:00:00,0.0,0.0,0.0,0.0,0.0,0.0,0.0,0.0,0.0,0.0,0.0,0.0,0.0,0.0,0.0,0.0,0.0
2013-08-05 02:00:00,0.0,0.0,0.0,0.0,0.0,0.0,0.0,0.0,0.0,0.0,0.0,0.0,0.0,0.0,0.0,0.0,0.0
2013-08-05 03:00:00,0.0,0.0,0.0,0.0,0.0,0.0,0.0,0.0,0.0,0.0,0.0,0.0,0.0,0.0,0.0,0.0,0.0
2013-08-05 04:00:00,0.001,0.0,0.002,0.004,0.0,0.001,0.001,0.002,0.0,0.003,0.005,0.003,0.001,0.002,0.003,0.0,0.0
2013-08-05 05:00:00,0.026,0.016,0.028,0.033,0.017,0.033,0.028,0.027,0.021,0.032,0.034,0.029,0.026,0.029,0.033,0.023,0.027
2013-08-05 06:00:00,0.057,0.053,0.06,0.074,0.055,0.063,0.052,0.073,0.053,0.069,0.056,0.049,0.048,0.064,0.067,0.054,0.049
2013-08-05 07:00:00,0.079,0.077,0.075,0.106,0.08,0.079,0.075,0.09,0.079,0.105,0.087,0.066,0.074,0.087,0.072,0.076,0.069
2013-08-05 08:00:00,0.106,0.115,0.088,0.156,0.111,0.099,0.098,0.124,0.097,0.16,0.13,0.078,0.094,0.131,0.099,0.098,0.09
2013-08-05 09:00:00,0.207,0.203,0.204,0.228,0.195,0.222,0.24,0.235,0.215,0.245,0.209,0.197,0.226,0.233,0.192,0.202,0.192
2013-08-05 10:00:00,0.32,0.305,0.338,0.336,0.264,0.333,0.372,0.332,0.33,0.363,0.278,0.334,0.353,0.349,0.333,0.321,0.315
2013-08-05 11:00:00,0.423,0.39,0.444,0.473,0.36,0.437,0.456,0.452,0.376,0.48,0.412,0.453,0.424,0.457,0.465,0.41,0.415
2013-08-05 12:00:00,0.485,0.42,0.51,0.548,0.371,0.501,0.524,0.524,0.45,0.558,0.476,0.541,0.474,0.504,0.553,0.477,0.474
2013-08-05 13:00:00,0.526,0.487,0.553,0.557,0.48,0.506,0.499,0.534,0.484,0.567,0.538,0.594,0.509,0.502,0.596,0.507,0.528
2013-08-05 14:00:00,0.511,0.547,0.457,0.532,0.563,0.474,0.479,0.503,0.538,0.536,0.527,0.581,0.484,0.517,0.595,0.453,0.499
2013-08-05 15:00:00,0.469,0.475,0.455,0.46,0.423,0.408,0.488,0.431,0.507,0.472,0.466,0.563,0.5,0.428,0.536,0.465,0.456
2013-08-05 16:00:00,0.393,0.425,0.36,0.341,0.41,0.337,0.339,0.334,0.396,0.336,0.425,0.504,0.421,0.302,0.478,0.397,0.338
2013-08-05 17:00:00,0.284,0.354,0.307,0.195,0.288,0.242,0.285,0.221,0.286,0.219,0.277,0.387,0.264,0.261,0.343,0.269,0.281
2013-08-05 18:00:00,0.153,0.191,0.165,0.081,0.183,0.136,0.142,0.093,0.143,0.101,0.117,0.208,0.154,0.127,0.156,0.156,0.171
2013-08-05 19:00:00,0.008,0.0,0.0,0.0,0.021,0.0,0.0,0.0,0.0,0.0,0.0,0.006,0.0,0.0,0.0,0.0,0.061
2013-08-05 20:00:00,0.0,0.0,0.0,0.0,0.0,0.0,0.0,0.0,0.0,0.0,0.0,0.0,0.0,0.0,0.0,0.0,0.0
2013-08-05 21:00:00,0.0,0.0,0.0,0.0,0.0,0.0,0.0,0.0,0.0,0.0,0.0,0.0,0.0,0.0,0.0,0.0,0.0
2013-08-05 22:00:00,0.0,0.0,0.0,0.0,0.0,0.0,0.0,0.0,0.0,0.0,0.0,0.0,0.0,0.0,0.0,0.0,0.0
2013-08-05 23:00:00,0.0,0.0,0.0,0.0,0.0,0.0,0.0,0.0,0.0,0.0,0.0,0.0,0.0,0.0,0.0,0.0,0.0
2013-08-06 00:00:00,0.0,0.0,0.0,0.0,0.0,0.0,0.0,0.0,0.0,0.0,0.0,0.0,0.0,0.0,0.0,0.0,0.0
2013-08-06 01:00:00,0.0,0.0,0.0,0.0,0.0,0.0,0.0,0.0,0.0,0.0,0.0,0.0,0.0,0.0,0.0,0.0,0.0
2013-08-06 02:00:00,0.0,0.0,0.0,0.0,0.0,0.0,0.0,0.0,0.0,0.0,0.0,0.0,0.0,0.0,0.0,0.0,0.0
2013-08-06 03:00:00,0.0,0.0,0.0,0.0,0.0,0.0,0.0,0.0,0.0,0.0,0.0,0.0,0.0,0.0,0.0,0.0,0.0
2013-08-06 04:00:00,0.002,0.0,0.002,0.005,0.0,0.002,0.001,0.004,0.0,0.004,0.007,0.002,0.0,0.003,0.005,0.0,0.0
2013-08-06 05:00:00,0.028,0.021,0.027,0.034,0.024,0.028,0.028,0.031,0.024,0.032,0.034,0.032,0.026,0.03,0.031,0.026,0.025
2013-08-06 06:00:00,0.053,0.047,0.055,0.057,0.051,0.052,0.053,0.054,0.049,0.056,0.056,0.062,0.05,0.054,0.052,0.054,0.052
2013-08-06 07:00:00,0.071,0.064,0.068,0.074,0.064,0.069,0.071,0.071,0.066,0.073,0.072,0.073,0.068,0.072,0.069,0.068,0.09
2013-08-06 08:00:00,0.091,0.077,0.082,0.113,0.077,0.084,0.092,0.093,0.079,0.112,0.104,0.099,0.081,0.1,0.086,0.083,0.115
2013-08-06 09:00:00,0.208,0.189,0.208,0.251,0.174,0.219,0.236,0.225,0.206,0.252,0.235,0.207,0.22,0.238,0.219,0.198,0.196
2013-08-06 10:00:00,0.334,0.326,0.334,0.359,0.308,0.35,0.372,0.338,0.341,0.38,0.339,0.323,0.355,0.368,0.348,0.329,0.313
2013-08-06 11:00:00,0.436,0.446,0.411,0.459,0.427,0.446,0.486,0.414,0.458,0.471,0.44,0.412,0.468,0.468,0.427,0.441,0.416
2013-08-06 12:00:00,0.509,0.53,0.508,0.468,0.519,0.522,0.561,0.472,0.502,0.549,0.482,0.438,0.54,0.557,0.502,0.532,0.491
2013-08-06 13:00:00,0.545,0.581,0.557,0.477,0.573,0.558,0.578,0.472,0.557,0.577,0.524,0.465,0.578,0.591,0.486,0.586,0.526
2013-08-06 14:00:00,0.547,0.593,0.575,0.46,0.571,0.587,0.599,0.52,0.562,0.573,0.501,0.498,0.589,0.6,0.46,0.603,0.465
2013-08-06 15:00:00,0.513,0.54,0.549,0.485,0.492,0.556,0.521,0.511,0.514,0.521,0.487,0.502,0.536,0.554,0.442,0.576,0.385
2013-08-06 16:00:00,0.428,0.482,0.47,0.385,0.402,0.481,0.428,0.436,0.458,0.437,0.379,0.436,0.435,0.454,0.362,0.495,0.274
2013-08-06 17:00:00,0.303,0.315,0.346,0.292,0.195,0.346,0.322,0.323,0.328,0.308,0.306,0.284,0.336,0.328,0.289,0.346,0.24
2013-08-06 18:00:00,0.144,0.146,0.172,0.116,0.091,0.16,0.117,0.143,0.134,0.126,0.119,0.16,0.129,0.145,0.136,0.169,0.15
2013-08-06 19:00:00,0.004,0.0,0.0,0.0,0.004,0.0,0.0,0.0,0.0,0.0,0.0,0.0,0.0,0.0,0.0,0.0,0.035
2013-08-06 20:00:00,0.0,0.0,0.0,0.0,0.0,0.0,0.0,0.0,0.0,0.0,0.0,0.0,0.0,0.0,0.0,0.0,0.0
2013-08-06 21:00:00,0.0,0.0,0.0,0.0,0.0,0.0,0.0,0.0,0.0,0.0,0.0,0.0,0.0,0.0,0.0,0.0,0.0
2013-08-06 22:00:00,0.0,0.0,0.0,0.0,0.0,0.0,0.0,0.0,0.0,0.0,0.0,0.0,0.0,0.0,0.0,0.0,0.0
2013-08-06 23:00:00,0.0,0.0,0.0,0.0,0.0,0.0,0.0,0.0,0.0,0.0,0.0,0.0,0.0,0.0,0.0,0.0,0.0
2013-08-07 00:00:00,0.0,0.0,0.0,0.0,0.0,0.0,0.0,0.0,0.0,0.0,0.0,0.0,0.0,0.0,0.0,0.0,0.0
2013-08-07 01:00:00,0.0,0.0,0.0,0.0,0.0,0.0,0.0,0.0,0.0,0.0,0.0,0.0,0.0,0.0,0.0,0.0,0.0
2013-08-07 02:00:00,0.0,0.0,0.0,0.0,0.0,0.0,0.0,0.0,0.0,0.0,0.0,0.0,0.0,0.0,0.0,0.0,0.0
2013-08-07 03:00:00,0.0,0.0,0.0,0.0,0.0,0.0,0.0,0.0,0.0,0.0,0.0,0.0,0.0,0.0,0.0,0.0,0.0
2013-08-07 04:00:00,0.001,0.0,0.001,0.005,0.0,0.001,0.0,0.003,0.0,0.003,0.006,0.002,0.0,0.002,0.004,0.0,0.0
2013-08-07 05:00:00,0.027,0.026,0.025,0.033,0.024,0.027,0.026,0.03,0.023,0.031,0.033,0.025,0.026,0.029,0.03,0.027,0.02
2013-08-07 06:00:00,0.054,0.053,0.05,0.055,0.054,0.051,0.054,0.052,0.049,0.054,0.054,0.05,0.053,0.054,0.05,0.057,0.059
2013-08-07 07:00:00,0.077,0.07,0.075,0.072,0.087,0.069,0.069,0.068,0.071,0.072,0.069,0.081,0.067,0.071,0.072,0.077,0.101
2013-08-07 08:00:00,0.099,0.081,0.096,0.11,0.105,0.083,0.089,0.089,0.079,0.109,0.099,0.102,0.079,0.096,0.098,0.1,0.121
2013-08-07 09:00:00,0.2,0.193,0.189,0.251,0.181,0.215,0.229,0.225,0.201,0.25,0.236,0.166,0.214,0.234,0.218,0.189,0.166
2013-08-07 10:00:00,0.311,0.319,0.292,0.38,0.237,0.346,0.359,0.355,0.339,0.379,0.35,0.245,0.347,0.363,0.337,0.321,0.23
2013-08-07 11:00:00,0.401,0.434,0.392,0.487,0.291,0.454,0.465,0.456,0.455,0.439,0.419,0.322,0.456,0.463,0.417,0.427,0.288
2013-08-07 12:00:00,0.472,0.536,0.487,0.566,0.374,0.535,0.494,0.538,0.535,0.474,0.545,0.395,0.524,0.526,0.483,0.498,0.291
2013-08-07 13:00:00,0.507,0.595,0.531,0.603,0.425,0.544,0.515,0.561,0.574,0.473,0.585,0.336,0.524,0.534,0.513,0.571,0.302
2013-08-07 14:00:00,0.522,0.609,0.548,0.601,0.504,0.541,0.511,0.572,0.58,0.482,0.587,0.407,0.518,0.494,0.527,0.579,0.296
2013-08-07 15:00:00,0.498,0.573,0.503,0.548,0.551,0.483,0.5,0.509,0.546,0.462,0.549,0.407,0.466,0.438,0.452,0.541,0.345
2013-08-07 16:00:00,0.424,0.493,0.459,0.45,0.485,0.415,0.343,0.408,0.441,0.401,0.457,0.344,0.417,0.369,0.333,0.487,0.276
2013-08-07 17:00:00,0.315,0.378,0.354,0.305,0.364,0.237,0.235,0.229,0.347,0.238,0.312,0.298,0.308,0.233,0.23,0.37,0.279
2013-08-07 18:00:00,0.162,0.195,0.184,0.123,0.2,0.131,0.097,0.1,0.166,0.11,0.132,0.185,0.136,0.115,0.116,0.19,0.172
2013-08-07 19:00:00,0.002,0.0,0.0,0.0,0.0,0.0,0.0,0.0,0.0,0.0,0.0,0.0,0.0,0.0,0.0,0.0,0.023
2013-08-07 20:00:00,0.0,0.0,0.0,0.0,0.0,0.0,0.0,0.0,0.0,0.0,0.0,0.0,0.0,0.0,0.0,0.0,0.0
2013-08-07 21:00:00,0.0,0.0,0.0,0.0,0.0,0.0,0.0,0.0,0.0,0.0,0.0,0.0,0.0,0.0,0.0,0.0,0.0
2013-08-07 22:00:00,0.0,0.0,0.0,0.0,0.0,0.0,0.0,0.0,0.0,0.0,0.0,0.0,0.0,0.0,0.0,0.0,0.0
2013-08-07 23:00:00,0.0,0.0,0.0,0.0,0.0,0.0,0.0,0.0,0.0,0.0,0.0,0.0,0.0,0.0,0.0,0.0,0.0
2013-08-08 00:00:00,0.0,0.0,0.0,0.0,0.0,0.0,0.0,0.0,0.0,0.0,0.0,0.0,0.0,0.0,0.0,0.0,0.0
2013-08-08 01:00:00,0.0,0.0,0.0,0.0,0.0,0.0,0.0,0.0,0.0,0.0,0.0,0.0,0.0,0.0,0.0,0.0,0.0
2013-08-08 02:00:00,0.0,0.0,0.0,0.0,0.0,0.0,0.0,0.0,0.0,0.0,0.0,0.0,0.0,0.0,0.0,0.0,0.0
2013-08-08 03:00:00,0.0,0.0,0.0,0.0,0.0,0.0,0.0,0.0,0.0,0.0,0.0,0.0,0.0,0.0,0.0,0.0,0.0
2013-08-08 04:00:00,0.001,0.0,0.001,0.004,0.0,0.001,0.0,0.003,0.0,0.003,0.004,0.001,0.0,0.002,0.003,0.0,0.0
2013-08-08 05:00:00,0.025,0.025,0.026,0.031,0.014,0.026,0.026,0.029,0.023,0.03,0.032,0.028,0.023,0.028,0.03,0.026,0.022
2013-08-08 06:00:00,0.052,0.059,0.051,0.054,0.034,0.049,0.05,0.051,0.054,0.053,0.052,0.054,0.048,0.051,0.05,0.062,0.044
2013-08-08 07:00:00,0.088,0.113,0.077,0.071,0.121,0.065,0.067,0.07,0.075,0.071,0.071,0.094,0.064,0.068,0.08,0.092,0.099
2013-08-08 08:00:00,0.115,0.128,0.097,0.106,0.16,0.082,0.087,0.091,0.097,0.105,0.097,0.125,0.085,0.091,0.094,0.136,0.1
2013-08-08 09:00:00,0.205,0.196,0.208,0.243,0.188,0.212,0.219,0.224,0.206,0.243,0.23,0.18,0.212,0.227,0.215,0.224,0.123
2013-08-08 10:00:00,0.31,0.317,0.313,0.369,0.284,0.337,0.351,0.345,0.333,0.37,0.354,0.244,0.339,0.354,0.331,0.318,0.2
2013-08-08 11:00:00,0.382,0.432,0.369,0.473,0.34,0.443,0.45,0.451,0.446,0.466,0.459,0.235,0.453,0.449,0.412,0.4,0.178
2013-08-08 12:00:00,0.454,0.499,0.452,0.526,0.391,0.502,0.545,0.497,0.528,0.516,0.525,0.308,0.533,0.498,0.45,0.481,0.316
2013-08-08 13:00:00,0.499,0.525,0.507,0.518,0.501,0.541,0.585,0.501,0.575,0.56,0.551,0.34,0.577,0.563,0.474,0.504,0.45
2013-08-08 14:00:00,0.494,0.457,0.538,0.549,0.422,0.523,0.575,0.463,0.529,0.561,0.513,0.439,0.587,0.545,0.432,0.514,0.494
2013-08-08 15:00:00,0.419,0.456,0.505,0.461,0.421,0.402,0.541,0.383,0.442,0.501,0.375,0.338,0.529,0.512,0.305,0.414,0.422
2013-08-08 16:00:00,0.344,0.379,0.407,0.378,0.382,0.322,0.464,0.34,0.282,0.41,0.242,0.309,0.375,0.422,0.235,0.328,0.377
2013-08-08 17:00:00,0.248,0.29,0.257,0.257,0.273,0.159,0.311,0.227,0.244,0.248,0.157,0.286,0.16,0.267,0.196,0.252,0.282
2013-08-08 18:00:00,0.117,0.128,0.124,0.096,0.163,0.079,0.093,0.081,0.089,0.083,0.059,0.156,0.055,0.082,0.113,0.124,0.139
2013-08-08 19:00:00,0.001,0.0,0.0,0.0,0.0,0.0,0.0,0.0,0.0,0.0,0.0,0.0,0.0,0.0,0.0,0.0,0.006
2013-08-08 20:00:00,0.0,0.0,0.0,0.0,0.0,0.0,0.0,0.0,0.0,0.0,0.0,0.0,0.0,0.0,0.0,0.0,0.0
2013-08-08 21:00:00,0.0,0.0,0.0,0.0,0.0,0.0,0.0,0.0,0.0,0.0,0.0,0.0,0.0,0.0,0.0,0.0,0.0
2013-08-08 22:00:00,0.0,0.0,0.0,0.0,0.0,0.0,0.0,0.0,0.0,0.0,0.0,0.0,0.0,0.0,0.0,0.0,0.0
2013-08-08 23:00:00,0.0,0.0,0.0,0.0,0.0,0.0,0.0,0.0,0.0,0.0,0.0,0.0,0.0,0.0,0.0,0.0,0.0
2013-08-09 00:00:00,0.0,0.0,0.0,0.0,0.0,0.0,0.0,0.0,0.0,0.0,0.0,0.0,0.0,0.0,0.0,0.0,0.0
2013-08-09 01:00:00,0.0,0.0,0.0,0.0,0.0,0.0,0.0,0.0,0.0,0.0,0.0,0.0,0.0,0.0,0.0,0.0,0.0
2013-08-09 02:00:00,0.0,0.0,0.0,0.0,0.0,0.0,0.0,0.0,0.0,0.0,0.0,0.0,0.0,0.0,0.0,0.0,0.0
2013-08-09 03:00:00,0.0,0.0,0.0,0.0,0.0,0.0,0.0,0.0,0.0,0.0,0.0,0.0,0.0,0.0,0.0,0.0,0.0
2013-08-09 04:00:00,0.001,0.0,0.0,0.004,0.0,0.001,0.0,0.003,0.0,0.002,0.007,0.001,0.0,0.001,0.003,0.0,0.0
2013-08-09 05:00:00,0.022,0.008,0.014,0.032,0.014,0.027,0.025,0.035,0.016,0.029,0.043,0.029,0.023,0.028,0.04,0.01,0.022
2013-08-09 06:00:00,0.051,0.04,0.036,0.053,0.047,0.057,0.051,0.067,0.048,0.052,0.067,0.067,0.054,0.053,0.073,0.037,0.058
2013-08-09 07:00:00,0.095,0.09,0.106,0.093,0.095,0.092,0.08,0.1,0.084,0.073,0.108,0.106,0.078,0.093,0.08,0.097,0.096
2013-08-09 08:00:00,0.13,0.109,0.156,0.129,0.145,0.128,0.098,0.141,0.118,0.105,0.146,0.134,0.094,0.103,0.122,0.13,0.138
2013-08-09 09:00:00,0.216,0.174,0.222,0.248,0.238,0.219,0.229,0.239,0.184,0.242,0.222,0.206,0.214,0.245,0.203,0.21,0.21
2013-08-09 10:00:00,0.299,0.227,0.283,0.367,0.296,0.328,0.35,0.329,0.292,0.37,0.349,0.277,0.339,0.355,0.28,0.285,0.28
2013-08-09 11:00:00,0.352,0.245,0.305,0.466,0.377,0.391,0.465,0.419,0.308,0.475,0.438,0.296,0.428,0.464,0.305,0.321,0.326
2013-08-09 12:00:00,0.404,0.229,0.415,0.543,0.359,0.485,0.511,0.503,0.373,0.544,0.507,0.359,0.51,0.525,0.355,0.368,0.39
2013-08-09 13:00:00,0.398,0.192,0.421,0.579,0.281,0.501,0.528,0.547,0.312,0.572,0.557,0.339,0.417,0.542,0.391,0.344,0.416
2013-08-09 14:00:00,0.348,0.173,0.328,0.537,0.196,0.419,0.459,0.524,0.349,0.55,0.556,0.313,0.368,0.486,0.424,0.258,0.36
2013-08-09 15:00:00,0.29,0.113,0.272,0.429,0.133,0.352,0.334,0.466,0.22,0.396,0.451,0.336,0.29,0.289,0.409,0.204,0.371
2013-08-09 16:00:00,0.204,0.073,0.189,0.267,0.077,0.254,0.127,0.377,0.085,0.272,0.335,0.27,0.074,0.208,0.336,0.142,0.271
2013-08-09 17:00:00,0.12,0.044,0.127,0.187,0.041,0.098,0.039,0.207,0.056,0.188,0.255,0.168,0.019,0.134,0.271,0.062,0.13
2013-08-09 18:00:00,0.041,0.015,0.033,0.036,0.011,0.014,0.008,0.056,0.03,0.061,0.11,0.095,0.007,0.005,0.119,0.016,0.05
2013-08-09 19:00:00,0.0,0.0,0.0,0.0,0.0,0.0,0.0,0.0,0.0,0.0,0.0,0.0,0.0,0.0,0.0,0.0,0.0
2013-08-09 20:00:00,0.0,0.0,0.0,0.0,0.0,0.0,0.0,0.0,0.0,0.0,0.0,0.0,0.0,0.0,0.0,0.0,0.0
2013-08-09 21:00:00,0.0,0.0,0.0,0.0,0.0,0.0,0.0,0.0,0.0,0.0,0.0,0.0,0.0,0.0,0.0,0.0,0.0
2013-08-09 22:00:00,0.0,0.0,0.0,0.0,0.0,0.0,0.0,0.0,0.0,0.0,0.0,0.0,0.0,0.0,0.0,0.0,0.0
2013-08-09 23:00:00,0.0,0.0,0.0,0.0,0.0,0.0,0.0,0.0,0.0,0.0,0.0,0.0,0.0,0.0,0.0,0.0,0.0
2013-08-10 00:00:00,0.0,0.0,0.0,0.0,0.0,0.0,0.0,0.0,0.0,0.0,0.0,0.0,0.0,0.0,0.0,0.0,0.0
2013-08-10 01:00:00,0.0,0.0,0.0,0.0,0.0,0.0,0.0,0.0,0.0,0.0,0.0,0.0,0.0,0.0,0.0,0.0,0.0
2013-08-10 02:00:00,0.0,0.0,0.0,0.0,0.0,0.0,0.0,0.0,0.0,0.0,0.0,0.0,0.0,0.0,0.0,0.0,0.0
2013-08-10 03:00:00,0.0,0.0,0.0,0.0,0.0,0.0,0.0,0.0,0.0,0.0,0.0,0.0,0.0,0.0,0.0,0.0,0.0
2013-08-10 04:00:00,0.0,0.0,0.0,0.003,0.0,0.0,0.0,0.0,0.0,0.002,0.003,0.0,0.0,0.001,0.0,0.0,0.0
2013-08-10 05:00:00,0.012,0.007,0.002,0.031,0.019,0.012,0.012,0.019,0.001,0.029,0.026,0.007,0.007,0.027,0.011,0.002,0.021
2013-08-10 06:00:00,0.033,0.029,0.005,0.053,0.056,0.033,0.032,0.046,0.008,0.053,0.055,0.022,0.014,0.057,0.022,0.012,0.06
2013-08-10 07:00:00,0.06,0.095,0.009,0.085,0.125,0.03,0.052,0.044,0.037,0.092,0.062,0.028,0.026,0.081,0.031,0.039,0.102
2013-08-10 08:00:00,0.087,0.134,0.019,0.119,0.159,0.038,0.064,0.067,0.078,0.109,0.095,0.061,0.043,0.07,0.029,0.073,0.142
2013-08-10 09:00:00,0.126,0.167,0.035,0.238,0.182,0.039,0.064,0.072,0.159,0.219,0.146,0.094,0.043,0.119,0.037,0.123,0.182
2013-08-10 10:00:00,0.202,0.284,0.096,0.316,0.279,0.074,0.11,0.074,0.274,0.305,0.192,0.144,0.076,0.123,0.046,0.241,0.273
2013-08-10 11:00:00,0.242,0.324,0.144,0.388,0.333,0.079,0.124,0.095,0.278,0.348,0.231,0.179,0.087,0.115,0.049,0.294,0.343
2013-08-10 12:00:00,0.309,0.412,0.279,0.416,0.41,0.107,0.121,0.12,0.264,0.334,0.288,0.255,0.109,0.124,0.055,0.408,0.42
2013-08-10 13:00:00,0.341,0.446,0.357,0.362,0.416,0.174,0.109,0.126,0.298,0.26,0.224,0.359,0.14,0.141,0.082,0.465,0.477
2013-08-10 14:00:00,0.339,0.483,0.429,0.275,0.437,0.254,0.092,0.169,0.279,0.208,0.188,0.416,0.17,0.225,0.09,0.4,0.49
2013-08-10 15:00:00,0.269,0.376,0.262,0.24,0.301,0.212,0.08,0.177,0.269,0.142,0.133,0.374,0.139,0.208,0.144,0.253,0.509
2013-08-10 16:00:00,0.266,0.329,0.191,0.188,0.26,0.202,0.072,0.246,0.258,0.122,0.13,0.332,0.15,0.195,0.248,0.288,0.468
2013-08-10 17:00:00,0.217,0.365,0.109,0.094,0.341,0.083,0.027,0.121,0.263,0.048,0.106,0.228,0.063,0.085,0.161,0.284,0.308
2013-08-10 18:00:00,0.106,0.186,0.08,0.015,0.144,0.024,0.013,0.041,0.141,0.009,0.04,0.129,0.025,0.03,0.056,0.155,0.163
2013-08-10 19:00:00,0.0,0.0,0.0,0.0,0.0,0.0,0.0,0.0,0.0,0.0,0.0,0.0,0.0,0.0,0.0,0.0,0.0
2013-08-10 20:00:00,0.0,0.0,0.0,0.0,0.0,0.0,0.0,0.0,0.0,0.0,0.0,0.0,0.0,0.0,0.0,0.0,0.0
2013-08-10 21:00:00,0.0,0.0,0.0,0.0,0.0,0.0,0.0,0.0,0.0,0.0,0.0,0.0,0.0,0.0,0.0,0.0,0.0
2013-08-10 22:00:00,0.0,0.0,0.0,0.0,0.0,0.0,0.0,0.0,0.0,0.0,0.0,0.0,0.0,0.0,0.0,0.0,0.0
2013-08-10 23:00:00,0.0,0.0,0.0,0.0,0.0,0.0,0.0,0.0,0.0,0.0,0.0,0.0,0.0,0.0,0.0,0.0,0.0
2013-08-11 00:00:00,0.0,0.0,0.0,0.0,0.0,0.0,0.0,0.0,0.0,0.0,0.0,0.0,0.0,0.0,0.0,0.0,0.0
2013-08-11 01:00:00,0.0,0.0,0.0,0.0,0.0,0.0,0.0,0.0,0.0,0.0,0.0,0.0,0.0,0.0,0.0,0.0,0.0
2013-08-11 02:00:00,0.0,0.0,0.0,0.0,0.0,0.0,0.0,0.0,0.0,0.0,0.0,0.0,0.0,0.0,0.0,0.0,0.0
2013-08-11 03:00:00,0.0,0.0,0.0,0.0,0.0,0.0,0.0,0.0,0.0,0.0,0.0,0.0,0.0,0.0,0.0,0.0,0.0
2013-08-11 04:00:00,0.001,0.0,0.0,0.002,0.0,0.0,0.0,0.002,0.0,0.001,0.003,0.0,0.0,0.001,0.003,0.0,0.0
2013-08-11 05:00:00,0.022,0.016,0.023,0.03,0.012,0.026,0.026,0.03,0.021,0.025,0.032,0.021,0.024,0.029,0.028,0.019,0.017
2013-08-11 06:00:00,0.051,0.042,0.053,0.064,0.046,0.054,0.054,0.055,0.048,0.054,0.062,0.055,0.051,0.058,0.052,0.05,0.044
2013-08-11 07:00:00,0.085,0.076,0.077,0.104,0.075,0.076,0.082,0.089,0.071,0.096,0.125,0.085,0.099,0.079,0.107,0.082,0.063
2013-08-11 08:00:00,0.114,0.101,0.099,0.147,0.13,0.085,0.096,0.125,0.089,0.142,0.177,0.097,0.094,0.106,0.149,0.101,0.096
2013-08-11 09:00:00,0.207,0.203,0.211,0.254,0.193,0.22,0.239,0.23,0.208,0.223,0.238,0.182,0.219,0.234,0.221,0.196,0.168
2013-08-11 10:00:00,0.313,0.297,0.312,0.353,0.292,0.34,0.365,0.346,0.288,0.302,0.335,0.286,0.324,0.331,0.334,0.315,0.276
2013-08-11 11:00:00,0.379,0.35,0.35,0.375,0.368,0.426,0.473,0.438,0.347,0.333,0.422,0.373,0.356,0.379,0.401,0.378,0.353
2013-08-11 12:00:00,0.422,0.4,0.375,0.401,0.429,0.424,0.507,0.443,0.42,0.424,0.504,0.393,0.389,0.418,0.457,0.428,0.385
2013-08-11 13:00:00,0.46,0.462,0.376,0.409,0.506,0.463,0.468,0.482,0.431,0.436,0.534,0.448,0.428,0.362,0.501,0.469,0.437
2013-08-11 14:00:00,0.457,0.526,0.379,0.41,0.465,0.5,0.461,0.438,0.518,0.402,0.477,0.518,0.468,0.357,0.469,0.439,0.474
2013-08-11 15:00:00,0.426,0.446,0.425,0.363,0.439,0.432,0.369,0.426,0.436,0.343,0.37,0.434,0.435,0.315,0.417,0.458,0.438
2013-08-11 16:00:00,0.347,0.377,0.361,0.329,0.358,0.348,0.303,0.335,0.292,0.32,0.343,0.386,0.329,0.254,0.307,0.367,0.335
2013-08-11 17:00:00,0.249,0.253,0.298,0.231,0.253,0.215,0.284,0.249,0.214,0.252,0.24,0.269,0.276,0.223,0.231,0.254,0.235
2013-08-11 18:00:00,0.122,0.136,0.131,0.084,0.124,0.098,0.112,0.108,0.108,0.099,0.109,0.122,0.103,0.09,0.109,0.139,0.141
2013-08-11 19:00:00,0.0,0.0,0.0,0.0,0.0,0.0,0.0,0.0,0.0,0.0,0.0,0.0,0.0,0.0,0.0,0.0,0.0
2013-08-11 20:00:00,0.0,0.0,0.0,0.0,0.0,0.0,0.0,0.0,0.0,0.0,0.0,0.0,0.0,0.0,0.0,0.0,0.0
2013-08-11 21:00:00,0.0,0.0,0.0,0.0,0.0,0.0,0.0,0.0,0.0,0.0,0.0,0.0,0.0,0.0,0.0,0.0,0.0
2013-08-11 22:00:00,0.0,0.0,0.0,0.0,0.0,0.0,0.0,0.0,0.0,0.0,0.0,0.0,0.0,0.0,0.0,0.0,0.0
2013-08-11 23:00:00,0.0,0.0,0.0,0.0,0.0,0.0,0.0,0.0,0.0,0.0,0.0,0.0,0.0,0.0,0.0,0.0,0.0
2013-08-12 00:00:00,0.0,0.0,0.0,0.0,0.0,0.0,0.0,0.0,0.0,0.0,0.0,0.0,0.0,0.0,0.0,0.0,0.0
2013-08-12 01:00:00,0.0,0.0,0.0,0.0,0.0,0.0,0.0,0.0,0.0,0.0,0.0,0.0,0.0,0.0,0.0,0.0,0.0
2013-08-12 02:00:00,0.0,0.0,0.0,0.0,0.0,0.0,0.0,0.0,0.0,0.0,0.0,0.0,0.0,0.0,0.0,0.0,0.0
2013-08-12 03:00:00,0.0,0.0,0.0,0.0,0.0,0.0,0.0,0.0,0.0,0.0,0.0,0.0,0.0,0.0,0.0,0.0,0.0
2013-08-12 04:00:00,0.001,0.0,0.0,0.002,0.0,0.0,0.0,0.001,0.0,0.001,0.003,0.0,0.0,0.0,0.002,0.0,0.0
2013-08-12 05:00:00,0.022,0.018,0.024,0.03,0.016,0.023,0.023,0.027,0.02,0.029,0.028,0.023,0.021,0.026,0.028,0.021,0.017
2013-08-12 06:00:00,0.051,0.046,0.053,0.06,0.046,0.057,0.06,0.057,0.044,0.058,0.056,0.048,0.049,0.06,0.053,0.049,0.047
2013-08-12 07:00:00,0.072,0.07,0.07,0.086,0.067,0.072,0.094,0.074,0.076,0.076,0.078,0.068,0.08,0.085,0.071,0.07,0.07
2013-08-12 08:00:00,0.094,0.082,0.087,0.11,0.103,0.087,0.132,0.096,0.089,0.113,0.104,0.087,0.098,0.118,0.086,0.085,0.097
2013-08-12 09:00:00,0.199,0.189,0.2,0.23,0.177,0.214,0.233,0.21,0.208,0.233,0.231,0.18,0.224,0.221,0.219,0.195,0.159
2013-08-12 10:00:00,0.311,0.334,0.313,0.34,0.287,0.345,0.299,0.33,0.342,0.326,0.319,0.276,0.352,0.336,0.308,0.322,0.249
2013-08-12 11:00:00,0.391,0.463,0.395,0.405,0.369,0.402,0.34,0.403,0.455,0.375,0.353,0.356,0.438,0.409,0.37,0.406,0.347
2013-08-12 12:00:00,0.441,0.506,0.476,0.501,0.422,0.428,0.461,0.445,0.493,0.377,0.434,0.424,0.489,0.459,0.419,0.43,0.414
2013-08-12 13:00:00,0.428,0.442,0.412,0.497,0.4,0.307,0.435,0.419,0.457,0.423,0.488,0.466,0.397,0.442,0.474,0.411,0.425
2013-08-12 14:00:00,0.384,0.292,0.469,0.473,0.307,0.314,0.481,0.346,0.376,0.39,0.427,0.483,0.397,0.384,0.438,0.371,0.359
2013-08-12 15:00:00,0.344,0.37,0.366,0.425,0.299,0.291,0.422,0.3,0.388,0.41,0.396,0.349,0.376,0.317,0.425,0.322,0.282
2013-08-12 16:00:00,0.221,0.266,0.177,0.284,0.149,0.314,0.354,0.245,0.336,0.312,0.285,0.184,0.398,0.227,0.263,0.183,0.132
2013-08-12 17:00:00,0.15,0.211,0.093,0.21,0.137,0.267,0.27,0.197,0.274,0.21,0.157,0.086,0.313,0.181,0.105,0.104,0.114
2013-08-12 18:00:00,0.078,0.118,0.024,0.093,0.142,0.126,0.127,0.077,0.12,0.079,0.033,0.026,0.145,0.102,0.026,0.062,0.081
2013-08-12 19:00:00,0.0,0.0,0.0,0.0,0.0,0.0,0.0,0.0,0.0,0.0,0.0,0.0,0.0,0.0,0.0,0.0,0.0
2013-08-12 20:00:00,0.0,0.0,0.0,0.0,0.0,0.0,0.0,0.0,0.0,0.0,0.0,0.0,0.0,0.0,0.0,0.0,0.0
2013-08-12 21:00:00,0.0,0.0,0.0,0.0,0.0,0.0,0.0,0.0,0.0,0.0,0.0,0.0,0.0,0.0,0.0,0.0,0.0
2013-08-12 22:00:00,0.0,0.0,0.0,0.0,0.0,0.0,0.0,0.0,0.0,0.0,0.0,0.0,0.0,0.0,0.0,0.0,0.0
2013-08-12 23:00:00,0.0,0.0,0.0,0.0,0.0,0.0,0.0,0.0,0.0,0.0,0.0,0.0,0.0,0.0,0.0,0.0,0.0
2013-10-11 00:00:00,0.0,0.0,0.0,0.0,0.0,0.0,0.0,0.0,0.0,0.0,0.0,0.0,0.0,0.0,0.0,0.0,0.0
2013-10-11 01:00:00,0.0,0.0,0.0,0.0,0.0,0.0,0.0,0.0,0.0,0.0,0.0,0.0,0.0,0.0,0.0,0.0,0.0
2013-10-11 02:00:00,0.0,0.0,0.0,0.0,0.0,0.0,0.0,0.0,0.0,0.0,0.0,0.0,0.0,0.0,0.0,0.0,0.0
2013-10-11 03:00:00,0.0,0.0,0.0,0.0,0.0,0.0,0.0,0.0,0.0,0.0,0.0,0.0,0.0,0.0,0.0,0.0,0.0
2013-10-11 04:00:00,0.0,0.0,0.0,0.0,0.0,0.0,0.0,0.0,0.0,0.0,0.0,0.0,0.0,0.0,0.0,0.0,0.0
2013-10-11 05:00:00,0.0,0.0,0.0,0.0,0.0,0.0,0.0,0.0,0.0,0.0,0.0,0.0,0.0,0.0,0.0,0.0,0.0
2013-10-11 06:00:00,0.005,0.001,0.005,0.012,0.0,0.011,0.012,0.011,0.004,0.012,0.01,0.003,0.008,0.012,0.006,0.002,0.001
2013-10-11 07:00:00,0.038,0.026,0.044,0.051,0.028,0.049,0.051,0.042,0.045,0.047,0.039,0.026,0.053,0.044,0.031,0.042,0.034
2013-10-11 08:00:00,0.079,0.078,0.065,0.094,0.065,0.097,0.081,0.081,0.095,0.075,0.078,0.068,0.089,0.089,0.066,0.092,0.068
2013-10-11 09:00:00,0.109,0.112,0.081,0.138,0.1,0.12,0.122,0.113,0.116,0.12,0.115,0.093,0.116,0.118,0.091,0.115,0.108
2013-10-11 10:00:00,0.19,0.191,0.185,0.22,0.164,0.194,0.236,0.2,0.215,0.233,0.208,0.167,0.228,0.214,0.169,0.193,0.166
2013-10-11 11:00:00,0.257,0.244,0.287,0.271,0.234,0.246,0.317,0.257,0.282,0.317,0.295,0.227,0.299,0.277,0.27,0.25,0.224
2013-10-11 12:00:00,0.293,0.291,0.318,0.283,0.244,0.262,0.348,0.28,0.328,0.288,0.322,0.296,0.378,0.284,0.331,0.293,0.278
2013-10-11 13:00:00,0.292,0.339,0.262,0.151,0.301,0.235,0.384,0.239,0.362,0.226,0.3,0.314,0.398,0.276,0.319,0.301,0.312
2013-10-11 14:00:00,0.262,0.32,0.195,0.124,0.307,0.191,0.317,0.197,0.333,0.139,0.267,0.316,0.353,0.206,0.288,0.267,0.296
2013-10-11 15:00:00,0.183,0.229,0.109,0.088,0.237,0.105,0.237,0.137,0.251,0.092,0.179,0.23,0.22,0.137,0.215,0.181,0.216
2013-10-11 16:00:00,0.087,0.129,0.041,0.019,0.131,0.027,0.128,0.047,0.144,0.036,0.041,0.116,0.135,0.02,0.098,0.091,0.112
2013-10-11 17:00:00,0.0,0.0,0.0,0.0,0.0,0.0,0.0,0.0,0.0,0.0,0.0,0.0,0.0,0.0,0.0,0.0,0.0
2013-10-11 18:00:00,0.0,0.0,0.0,0.0,0.0,0.0,0.0,0.0,0.0,0.0,0.0,0.0,0.0,0.0,0.0,0.0,0.0
2013-10-11 19:00:00,0.0,0.0,0.0,0.0,0.0,0.0,0.0,0.0,0.0,0.0,0.0,0.0,0.0,0.0,0.0,0.0,0.0
2013-10-11 20:00:00,0.0,0.0,0.0,0.0,0.0,0.0,0.0,0.0,0.0,0.0,0.0,0.0,0.0,0.0,0.0,0.0,0.0
2013-10-11 21:00:00,0.0,0.0,0.0,0.0,0.0,0.0,0.0,0.0,0.0,0.0,0.0,0.0,0.0,0.0,0.0,0.0,0.0
2013-10-11 22:00:00,0.0,0.0,0.0,0.0,0.0,0.0,0.0,0.0,0.0,0.0,0.0,0.0,0.0,0.0,0.0,0.0,0.0
2013-10-11 23:00:00,0.0,0.0,0.0,0.0,0.0,0.0,0.0,0.0,0.0,0.0,0.0,0.0,0.0,0.0,0.0,0.0,0.0
2013-10-12 00:00:00,0.0,0.0,0.0,0.0,0.0,0.0,0.0,0.0,0.0,0.0,0.0,0.0,0.0,0.0,0.0,0.0,0.0
2013-10-12 01:00:00,0.0,0.0,0.0,0.0,0.0,0.0,0.0,0.0,0.0,0.0,0.0,0.0,0.0,0.0,0.0,0.0,0.0
2013-10-12 02:00:00,0.0,0.0,0.0,0.0,0.0,0.0,0.0,0.0,0.0,0.0,0.0,0.0,0.0,0.0,0.0,0.0,0.0
2013-10-12 03:00:00,0.0,0.0,0.0,0.0,0.0,0.0,0.0,0.0,0.0,0.0,0.0,0.0,0.0,0.0,0.0,0.0,0.0
2013-10-12 04:00:00,0.0,0.0,0.0,0.0,0.0,0.0,0.0,0.0,0.0,0.0,0.0,0.0,0.0,0.0,0.0,0.0,0.0
2013-10-12 05:00:00,0.0,0.0,0.0,0.0,0.0,0.0,0.0,0.0,0.0,0.0,0.0,0.0,0.0,0.0,0.0,0.0,0.0
2013-10-12 06:00:00,0.004,0.001,0.004,0.013,0.0,0.007,0.009,0.009,0.004,0.011,0.01,0.002,0.006,0.01,0.006,0.003,0.0
2013-10-12 07:00:00,0.035,0.031,0.037,0.054,0.017,0.045,0.048,0.047,0.036,0.047,0.044,0.028,0.046,0.046,0.037,0.034,0.022
2013-10-12 08:00:00,0.076,0.073,0.087,0.088,0.047,0.093,0.087,0.087,0.064,0.094,0.085,0.064,0.088,0.089,0.07,0.082,0.061
2013-10-12 09:00:00,0.112,0.101,0.121,0.127,0.092,0.127,0.146,0.124,0.087,0.149,0.126,0.097,0.138,0.143,0.109,0.112,0.093
2013-10-12 10:00:00,0.169,0.186,0.182,0.16,0.132,0.184,0.23,0.167,0.206,0.215,0.148,0.157,0.218,0.207,0.147,0.179,0.141
2013-10-12 11:00:00,0.216,0.25,0.234,0.195,0.154,0.261,0.31,0.191,0.298,0.276,0.17,0.196,0.305,0.281,0.154,0.234,0.197
2013-10-12 12:00:00,0.251,0.261,0.276,0.21,0.194,0.327,0.396,0.227,0.35,0.363,0.161,0.199,0.37,0.373,0.162,0.263,0.266
2013-10-12 13:00:00,0.243,0.209,0.244,0.208,0.17,0.366,0.407,0.232,0.388,0.416,0.143,0.164,0.427,0.424,0.147,0.247,0.27
2013-10-12 14:00:00,0.202,0.123,0.215,0.16,0.114,0.365,0.371,0.18,0.307,0.382,0.089,0.131,0.394,0.404,0.094,0.22,0.231
2013-10-12 15:00:00,0.15,0.157,0.132,0.087,0.079,0.258,0.271,0.1,0.256,0.256,0.029,0.132,0.271,0.282,0.052,0.166,0.203
2013-10-12 16:00:00,0.063,0.062,0.074,0.03,0.026,0.115,0.126,0.031,0.091,0.125,0.001,0.04,0.124,0.129,0.014,0.082,0.08
2013-10-12 17:00:00,0.0,0.0,0.0,0.0,0.0,0.0,0.0,0.0,0.0,0.0,0.0,0.0,0.0,0.0,0.0,0.0,0.0
2013-10-12 18:00:00,0.0,0.0,0.0,0.0,0.0,0.0,0.0,0.0,0.0,0.0,0.0,0.0,0.0,0.0,0.0,0.0,0.0
2013-10-12 19:00:00,0.0,0.0,0.0,0.0,0.0,0.0,0.0,0.0,0.0,0.0,0.0,0.0,0.0,0.0,0.0,0.0,0.0
2013-10-12 20:00:00,0.0,0.0,0.0,0.0,0.0,0.0,0.0,0.0,0.0,0.0,0.0,0.0,0.0,0.0,0.0,0.0,0.0
2013-10-12 21:00:00,0.0,0.0,0.0,0.0,0.0,0.0,0.0,0.0,0.0,0.0,0.0,0.0,0.0,0.0,0.0,0.0,0.0
2013-10-12 22:00:00,0.0,0.0,0.0,0.0,0.0,0.0,0.0,0.0,0.0,0.0,0.0,0.0,0.0,0.0,0.0,0.0,0.0
2013-10-12 23:00:00,0.0,0.0,0.0,0.0,0.0,0.0,0.0,0.0,0.0,0.0,0.0,0.0,0.0,0.0,0.0,0.0,0.0
2013-10-13 00:00:00,0.0,0.0,0.0,0.0,0.0,0.0,0.0,0.0,0.0,0.0,0.0,0.0,0.0,0.0,0.0,0.0,0.0
2013-10-13 01:00:00,0.0,0.0,0.0,0.0,0.0,0.0,0.0,0.0,0.0,0.0,0.0,0.0,0.0,0.0,0.0,0.0,0.0
2013-10-13 02:00:00,0.0,0.0,0.0,0.0,0.0,0.0,0.0,0.0,0.0,0.0,0.0,0.0,0.0,0.0,0.0,0.0,0.0
2013-10-13 03:00:00,0.0,0.0,0.0,0.0,0.0,0.0,0.0,0.0,0.0,0.0,0.0,0.0,0.0,0.0,0.0,0.0,0.0
2013-10-13 04:00:00,0.0,0.0,0.0,0.0,0.0,0.0,0.0,0.0,0.0,0.0,0.0,0.0,0.0,0.0,0.0,0.0,0.0
2013-10-13 05:00:00,0.0,0.0,0.0,0.0,0.0,0.0,0.0,0.0,0.0,0.0,0.0,0.0,0.0,0.0,0.0,0.0,0.0
2013-10-13 06:00:00,0.004,0.001,0.003,0.011,0.0,0.006,0.007,0.009,0.002,0.013,0.009,0.002,0.005,0.011,0.006,0.002,0.0
2013-10-13 07:00:00,0.026,0.014,0.029,0.045,0.008,0.036,0.035,0.036,0.031,0.047,0.041,0.026,0.032,0.04,0.032,0.02,0.014
2013-10-13 08:00:00,0.054,0.03,0.069,0.095,0.021,0.081,0.059,0.075,0.069,0.086,0.079,0.053,0.066,0.09,0.063,0.044,0.028
2013-10-13 09:00:00,0.077,0.052,0.106,0.13,0.055,0.103,0.09,0.105,0.09,0.11,0.1,0.094,0.081,0.111,0.088,0.054,0.045
2013-10-13 10:00:00,0.114,0.075,0.108,0.181,0.102,0.177,0.211,0.14,0.192,0.172,0.136,0.112,0.196,0.158,0.118,0.084,0.048
2013-10-13 11:00:00,0.148,0.075,0.138,0.203,0.152,0.232,0.318,0.166,0.264,0.16,0.141,0.128,0.308,0.224,0.143,0.128,0.07
2013-10-13 12:00:00,0.154,0.098,0.105,0.225,0.188,0.266,0.363,0.175,0.255,0.229,0.129,0.11,0.362,0.301,0.124,0.119,0.062
2013-10-13 13:00:00,0.146,0.132,0.095,0.19,0.192,0.267,0.421,0.151,0.227,0.18,0.097,0.071,0.391,0.282,0.087,0.126,0.06
2013-10-13 14:00:00,0.128,0.194,0.059,0.159,0.217,0.21,0.386,0.117,0.136,0.218,0.056,0.045,0.328,0.232,0.05,0.092,0.075
2013-10-13 15:00:00,0.085,0.176,0.026,0.101,0.202,0.165,0.284,0.062,0.122,0.143,0.032,0.015,0.24,0.156,0.022,0.04,0.025
2013-10-13 16:00:00,0.053,0.143,0.015,0.007,0.153,0.083,0.126,0.026,0.109,0.081,0.0,0.002,0.122,0.089,0.002,0.037,0.015
2013-10-13 17:00:00,0.0,0.0,0.0,0.0,0.0,0.0,0.0,0.0,0.0,0.0,0.0,0.0,0.0,0.0,0.0,0.0,0.0
2013-10-13 18:00:00,0.0,0.0,0.0,0.0,0.0,0.0,0.0,0.0,0.0,0.0,0.0,0.0,0.0,0.0,0.0,0.0,0.0
2013-10-13 19:00:00,0.0,0.0,0.0,0.0,0.0,0.0,0.0,0.0,0.0,0.0,0.0,0.0,0.0,0.0,0.0,0.0,0.0
2013-10-13 20:00:00,0.0,0.0,0.0,0.0,0.0,0.0,0.0,0.0,0.0,0.0,0.0,0.0,0.0,0.0,0.0,0.0,0.0
2013-10-13 21:00:00,0.0,0.0,0.0,0.0,0.0,0.0,0.0,0.0,0.0,0.0,0.0,0.0,0.0,0.0,0.0,0.0,0.0
2013-10-13 22:00:00,0.0,0.0,0.0,0.0,0.0,0.0,0.0,0.0,0.0,0.0,0.0,0.0,0.0,0.0,0.0,0.0,0.0
2013-10-13 23:00:00,0.0,0.0,0.0,0.0,0.0,0.0,0.0,0.0,0.0,0.0,0.0,0.0,0.0,0.0,0.0,0.0,0.0
2013-10-14 00:00:00,0.0,0.0,0.0,0.0,0.0,0.0,0.0,0.0,0.0,0.0,0.0,0.0,0.0,0.0,0.0,0.0,0.0
2013-10-14 01:00:00,0.0,0.0,0.0,0.0,0.0,0.0,0.0,0.0,0.0,0.0,0.0,0.0,0.0,0.0,0.0,0.0,0.0
2013-10-14 02:00:00,0.0,0.0,0.0,0.0,0.0,0.0,0.0,0.0,0.0,0.0,0.0,0.0,0.0,0.0,0.0,0.0,0.0
2013-10-14 03:00:00,0.0,0.0,0.0,0.0,0.0,0.0,0.0,0.0,0.0,0.0,0.0,0.0,0.0,0.0,0.0,0.0,0.0
2013-10-14 04:00:00,0.0,0.0,0.0,0.0,0.0,0.0,0.0,0.0,0.0,0.0,0.0,0.0,0.0,0.0,0.0,0.0,0.0
2013-10-14 05:00:00,0.0,0.0,0.0,0.0,0.0,0.0,0.0,0.0,0.0,0.0,0.0,0.0,0.0,0.0,0.0,0.0,0.0
2013-10-14 06:00:00,0.002,0.001,0.003,0.004,0.0,0.005,0.005,0.003,0.003,0.001,0.001,0.001,0.006,0.004,0.001,0.002,0.0
2013-10-14 07:00:00,0.031,0.033,0.043,0.024,0.03,0.045,0.037,0.03,0.035,0.012,0.009,0.028,0.05,0.032,0.014,0.038,0.029
2013-10-14 08:00:00,0.069,0.09,0.09,0.054,0.083,0.088,0.064,0.062,0.084,0.023,0.026,0.053,0.094,0.06,0.038,0.081,0.063
2013-10-14 09:00:00,0.098,0.123,0.121,0.087,0.114,0.136,0.082,0.119,0.122,0.033,0.04,0.069,0.138,0.088,0.064,0.109,0.083
2013-10-14 10:00:00,0.153,0.175,0.175,0.139,0.171,0.209,0.088,0.18,0.187,0.055,0.062,0.175,0.204,0.141,0.101,0.155,0.161
2013-10-14 11:00:00,0.223,0.276,0.227,0.18,0.267,0.284,0.145,0.234,0.298,0.064,0.08,0.293,0.279,0.182,0.125,0.219,0.278
2013-10-14 12:00:00,0.281,0.358,0.331,0.187,0.342,0.331,0.179,0.277,0.398,0.08,0.067,0.378,0.332,0.204,0.164,0.28,0.356
2013-10-14 13:00:00,0.304,0.411,0.39,0.161,0.367,0.335,0.224,0.282,0.431,0.059,0.057,0.404,0.34,0.192,0.176,0.316,0.398
2013-10-14 14:00:00,0.282,0.411,0.359,0.136,0.362,0.316,0.167,0.24,0.354,0.047,0.057,0.383,0.253,0.147,0.206,0.289,0.363
2013-10-14 15:00:00,0.2,0.291,0.254,0.071,0.269,0.202,0.132,0.156,0.236,0.031,0.026,0.288,0.18,0.107,0.141,0.21,0.266
2013-10-14 16:00:00,0.085,0.096,0.103,0.001,0.122,0.099,0.058,0.038,0.086,0.01,0.0,0.148,0.09,0.064,0.055,0.097,0.118
2013-10-14 17:00:00,0.0,0.0,0.0,0.0,0.0,0.0,0.0,0.0,0.0,0.0,0.0,0.0,0.0,0.0,0.0,0.0,0.0
2013-10-14 18:00:00,0.0,0.0,0.0,0.0,0.0,0.0,0.0,0.0,0.0,0.0,0.0,0.0,0.0,0.0,0.0,0.0,0.0
2013-10-14 19:00:00,0.0,0.0,0.0,0.0,0.0,0.0,0.0,0.0,0.0,0.0,0.0,0.0,0.0,0.0,0.0,0.0,0.0
2013-10-14 20:00:00,0.0,0.0,0.0,0.0,0.0,0.0,0.0,0.0,0.0,0.0,0.0,0.0,0.0,0.0,0.0,0.0,0.0
2013-10-14 21:00:00,0.0,0.0,0.0,0.0,0.0,0.0,0.0,0.0,0.0,0.0,0.0,0.0,0.0,0.0,0.0,0.0,0.0
2013-10-14 22:00:00,0.0,0.0,0.0,0.0,0.0,0.0,0.0,0.0,0.0,0.0,0.0,0.0,0.0,0.0,0.0,0.0,0.0
2013-10-14 23:00:00,0.0,0.0,0.0,0.0,0.0,0.0,0.0,0.0,0.0,0.0,0.0,0.0,0.0,0.0,0.0,0.0,0.0
2013-10-15 00:00:00,0.0,0.0,0.0,0.0,0.0,0.0,0.0,0.0,0.0,0.0,0.0,0.0,0.0,0.0,0.0,0.0,0.0
2013-10-15 01:00:00,0.0,0.0,0.0,0.0,0.0,0.0,0.0,0.0,0.0,0.0,0.0,0.0,0.0,0.0,0.0,0.0,0.0
2013-10-15 02:00:00,0.0,0.0,0.0,0.0,0.0,0.0,0.0,0.0,0.0,0.0,0.0,0.0,0.0,0.0,0.0,0.0,0.0
2013-10-15 03:00:00,0.0,0.0,0.0,0.0,0.0,0.0,0.0,0.0,0.0,0.0,0.0,0.0,0.0,0.0,0.0,0.0,0.0
2013-10-15 04:00:00,0.0,0.0,0.0,0.0,0.0,0.0,0.0,0.0,0.0,0.0,0.0,0.0,0.0,0.0,0.0,0.0,0.0
2013-10-15 05:00:00,0.0,0.0,0.0,0.0,0.0,0.0,0.0,0.0,0.0,0.0,0.0,0.0,0.0,0.0,0.0,0.0,0.0
2013-10-15 06:00:00,0.003,0.001,0.004,0.007,0.0,0.004,0.004,0.007,0.003,0.011,0.003,0.001,0.003,0.006,0.003,0.002,0.0
2013-10-15 07:00:00,0.034,0.033,0.037,0.04,0.027,0.037,0.036,0.046,0.04,0.04,0.025,0.039,0.033,0.043,0.033,0.032,0.025
2013-10-15 08:00:00,0.067,0.068,0.065,0.082,0.056,0.071,0.073,0.092,0.078,0.066,0.068,0.082,0.065,0.077,0.075,0.061,0.048
2013-10-15 09:00:00,0.097,0.094,0.087,0.12,0.066,0.106,0.123,0.129,0.108,0.089,0.109,0.112,0.099,0.108,0.111,0.094,0.069
2013-10-15 10:00:00,0.166,0.184,0.188,0.138,0.165,0.15,0.171,0.192,0.172,0.127,0.15,0.171,0.163,0.138,0.165,0.176,0.15
2013-10-15 11:00:00,0.233,0.283,0.297,0.143,0.213,0.179,0.234,0.237,0.276,0.182,0.208,0.247,0.234,0.175,0.213,0.268,0.206
2013-10-15 12:00:00,0.283,0.322,0.372,0.142,0.241,0.185,0.218,0.288,0.359,0.232,0.261,0.302,0.233,0.187,0.294,0.33,0.281
2013-10-15 13:00:00,0.281,0.251,0.414,0.141,0.179,0.198,0.294,0.264,0.394,0.231,0.234,0.285,0.325,0.148,0.294,0.356,0.286
2013-10-15 14:00:00,0.23,0.155,0.386,0.128,0.07,0.169,0.192,0.214,0.382,0.145,0.171,0.268,0.337,0.108,0.277,0.31,0.214
2013-10-15 15:00:00,0.128,0.065,0.27,0.046,0.029,0.116,0.156,0.129,0.247,0.124,0.083,0.215,0.234,0.108,0.196,0.125,0.106
2013-10-15 16:00:00,0.037,0.008,0.114,0.0,0.006,0.061,0.081,0.023,0.066,0.013,0.0,0.111,0.113,0.053,0.036,0.023,0.032
2013-10-15 17:00:00,0.0,0.0,0.0,0.0,0.0,0.0,0.0,0.0,0.0,0.0,0.0,0.0,0.0,0.0,0.0,0.0,0.0
2013-10-15 18:00:00,0.0,0.0,0.0,0.0,0.0,0.0,0.0,0.0,0.0,0.0,0.0,0.0,0.0,0.0,0.0,0.0,0.0
2013-10-15 19:00:00,0.0,0.0,0.0,0.0,0.0,0.0,0.0,0.0,0.0,0.0,0.0,0.0,0.0,0.0,0.0,0.0,0.0
2013-10-15 20:00:00,0.0,0.0,0.0,0.0,0.0,0.0,0.0,0.0,0.0,0.0,0.0,0.0,0.0,0.0,0.0,0.0,0.0
2013-10-15 21:00:00,0.0,0.0,0.0,0.0,0.0,0.0,0.0,0.0,0.0,0.0,0.0,0.0,0.0,0.0,0.0,0.0,0.0
2013-10-15 22:00:00,0.0,0.0,0.0,0.0,0.0,0.0,0.0,0.0,0.0,0.0,0.0,0.0,0.0,0.0,0.0,0.0,0.0
2013-10-15 23:00:00,0.0,0.0,0.0,0.0,0.0,0.0,0.0,0.0,0.0,0.0,0.0,0.0,0.0,0.0,0.0,0.0,0.0
2013-10-16 00:00:00,0.0,0.0,0.0,0.0,0.0,0.0,0.0,0.0,0.0,0.0,0.0,0.0,0.0,0.0,0.0,0.0,0.0
2013-10-16 01:00:00,0.0,0.0,0.0,0.0,0.0,0.0,0.0,0.0,0.0,0.0,0.0,0.0,0.0,0.0,0.0,0.0,0.0
2013-10-16 02:00:00,0.0,0.0,0.0,0.0,0.0,0.0,0.0,0.0,0.0,0.0,0.0,0.0,0.0,0.0,0.0,0.0,0.0
2013-10-16 03:00:00,0.0,0.0,0.0,0.0,0.0,0.0,0.0,0.0,0.0,0.0,0.0,0.0,0.0,0.0,0.0,0.0,0.0
2013-10-16 04:00:00,0.0,0.0,0.0,0.0,0.0,0.0,0.0,0.0,0.0,0.0,0.0,0.0,0.0,0.0,0.0,0.0,0.0
2013-10-16 05:00:00,0.0,0.0,0.0,0.0,0.0,0.0,0.0,0.0,0.0,0.0,0.0,0.0,0.0,0.0,0.0,0.0,0.0
2013-10-16 06:00:00,0.002,0.0,0.001,0.007,0.0,0.001,0.006,0.004,0.0,0.01,0.006,0.001,0.0,0.008,0.005,0.001,0.0
2013-10-16 07:00:00,0.026,0.024,0.03,0.027,0.017,0.027,0.02,0.028,0.023,0.047,0.033,0.03,0.015,0.044,0.042,0.021,0.018
2013-10-16 08:00:00,0.057,0.052,0.071,0.057,0.037,0.055,0.021,0.059,0.052,0.08,0.073,0.057,0.023,0.072,0.087,0.055,0.055
2013-10-16 09:00:00,0.087,0.086,0.109,0.087,0.069,0.079,0.032,0.092,0.08,0.108,0.114,0.083,0.042,0.097,0.126,0.083,0.074
2013-10-16 10:00:00,0.127,0.104,0.171,0.121,0.088,0.1,0.041,0.14,0.114,0.112,0.173,0.157,0.076,0.127,0.184,0.122,0.132
2013-10-16 11:00:00,0.169,0.121,0.233,0.168,0.098,0.113,0.054,0.199,0.139,0.109,0.231,0.246,0.098,0.155,0.288,0.141,0.205
2013-10-16 12:00:00,0.184,0.145,0.252,0.151,0.11,0.106,0.052,0.223,0.191,0.13,0.24,0.304,0.091,0.141,0.368,0.128,0.239
2013-10-16 13:00:00,0.171,0.104,0.233,0.128,0.068,0.108,0.04,0.232,0.17,0.144,0.253,0.274,0.082,0.113,0.385,0.12,0.227
2013-10-16 14:00:00,0.136,0.078,0.23,0.083,0.077,0.07,0.016,0.197,0.145,0.085,0.201,0.229,0.048,0.044,0.32,0.086,0.172
2013-10-16 15:00:00,0.082,0.046,0.158,0.032,0.048,0.022,0.008,0.105,0.029,0.039,0.115,0.14,0.02,0.026,0.2,0.054,0.129
2013-10-16 16:00:00,0.035,0.009,0.114,0.0,0.043,0.008,0.001,0.005,0.002,0.0,0.0,0.069,0.003,0.003,0.005,0.049,0.073
2013-10-16 17:00:00,0.0,0.0,0.0,0.0,0.0,0.0,0.0,0.0,0.0,0.0,0.0,0.0,0.0,0.0,0.0,0.0,0.0
2013-10-16 18:00:00,0.0,0.0,0.0,0.0,0.0,0.0,0.0,0.0,0.0,0.0,0.0,0.0,0.0,0.0,0.0,0.0,0.0
2013-10-16 19:00:00,0.0,0.0,0.0,0.0,0.0,0.0,0.0,0.0,0.0,0.0,0.0,0.0,0.0,0.0,0.0,0.0,0.0
2013-10-16 20:00:00,0.0,0.0,0.0,0.0,0.0,0.0,0.0,0.0,0.0,0.0,0.0,0.0,0.0,0.0,0.0,0.0,0.0
2013-10-16 21:00:00,0.0,0.0,0.0,0.0,0.0,0.0,0.0,0.0,0.0,0.0,0.0,0.0,0.0,0.0,0.0,0.0,0.0
2013-10-16 22:00:00,0.0,0.0,0.0,0.0,0.0,0.0,0.0,0.0,0.0,0.0,0.0,0.0,0.0,0.0,0.0,0.0,0.0
2013-10-16 23:00:00,0.0,0.0,0.0,0.0,0.0,0.0,0.0,0.0,0.0,0.0,0.0,0.0,0.0,0.0,0.0,0.0,0.0
2013-10-17 00:00:00,0.0,0.0,0.0,0.0,0.0,0.0,0.0,0.0,0.0,0.0,0.0,0.0,0.0,0.0,0.0,0.0,0.0
2013-10-17 01:00:00,0.0,0.0,0.0,0.0,0.0,0.0,0.0,0.0,0.0,0.0,0.0,0.0,0.0,0.0,0.0,0.0,0.0
2013-10-17 02:00:00,0.0,0.0,0.0,0.0,0.0,0.0,0.0,0.0,0.0,0.0,0.0,0.0,0.0,0.0,0.0,0.0,0.0
2013-10-17 03:00:00,0.0,0.0,0.0,0.0,0.0,0.0,0.0,0.0,0.0,0.0,0.0,0.0,0.0,0.0,0.0,0.0,0.0
2013-10-17 04:00:00,0.0,0.0,0.0,0.0,0.0,0.0,0.0,0.0,0.0,0.0,0.0,0.0,0.0,0.0,0.0,0.0,0.0
2013-10-17 05:00:00,0.0,0.0,0.0,0.0,0.0,0.0,0.0,0.0,0.0,0.0,0.0,0.0,0.0,0.0,0.0,0.0,0.0
2013-10-17 06:00:00,0.001,0.0,0.0,0.007,0.0,0.003,0.001,0.004,0.0,0.005,0.004,0.0,0.001,0.003,0.001,0.0,0.0
2013-10-17 07:00:00,0.025,0.027,0.019,0.044,0.017,0.028,0.026,0.036,0.022,0.036,0.033,0.018,0.024,0.034,0.02,0.025,0.016
2013-10-17 08:00:00,0.061,0.063,0.062,0.086,0.049,0.072,0.058,0.073,0.055,0.072,0.07,0.055,0.061,0.078,0.041,0.065,0.042
2013-10-17 09:00:00,0.091,0.089,0.1,0.127,0.074,0.096,0.102,0.097,0.102,0.114,0.098,0.091,0.095,0.108,0.059,0.1,0.058
2013-10-17 10:00:00,0.126,0.141,0.117,0.192,0.081,0.157,0.118,0.161,0.167,0.17,0.171,0.112,0.141,0.175,0.087,0.133,0.055
2013-10-17 11:00:00,0.149,0.141,0.112,0.264,0.108,0.196,0.164,0.218,0.219,0.176,0.238,0.123,0.158,0.189,0.097,0.145,0.07
2013-10-17 12:00:00,0.14,0.131,0.097,0.239,0.166,0.156,0.179,0.212,0.158,0.155,0.262,0.106,0.132,0.17,0.101,0.114,0.078
2013-10-17 13:00:00,0.115,0.2,0.067,0.158,0.221,0.091,0.095,0.124,0.13,0.113,0.172,0.065,0.116,0.115,0.076,0.08,0.075
2013-10-17 14:00:00,0.078,0.158,0.047,0.101,0.198,0.052,0.081,0.067,0.084,0.064,0.105,0.037,0.074,0.055,0.046,0.043,0.057
2013-10-17 15:00:00,0.059,0.108,0.014,0.028,0.183,0.023,0.065,0.02,0.061,0.018,0.041,0.011,0.044,0.02,0.016,0.059,0.076
2013-10-17 16:00:00,0.025,0.071,0.0,0.0,0.075,0.003,0.012,0.0,0.034,0.0,0.0,0.005,0.007,0.002,0.0,0.034,0.03
2013-10-17 17:00:00,0.0,0.0,0.0,0.0,0.0,0.0,0.0,0.0,0.0,0.0,0.0,0.0,0.0,0.0,0.0,0.0,0.0
2013-10-17 18:00:00,0.0,0.0,0.0,0.0,0.0,0.0,0.0,0.0,0.0,0.0,0.0,0.0,0.0,0.0,0.0,0.0,0.0
2013-10-17 19:00:00,0.0,0.0,0.0,0.0,0.0,0.0,0.0,0.0,0.0,0.0,0.0,0.0,0.0,0.0,0.0,0.0,0.0
2013-10-17 20:00:00,0.0,0.0,0.0,0.0,0.0,0.0,0.0,0.0,0.0,0.0,0.0,0.0,0.0,0.0,0.0,0.0,0.0
2013-10-17 21:00:00,0.0,0.0,0.0,0.0,0.0,0.0,0.0,0.0,0.0,0.0,0.0,0.0,0.0,0.0,0.0,0.0,0.0
2013-10-17 22:00:00,0.0,0.0,0.0,0.0,0.0,0.0,0.0,0.0,0.0,0.0,0.0,0.0,0.0,0.0,0.0,0.0,0.0
2013-10-17 23:00:00,0.0,0.0,0.0,0.0,0.0,0.0,0.0,0.0,0.0,0.0,0.0,0.0,0.0,0.0,0.0,0.0,0.0
2013-10-18 00:00:00,0.0,0.0,0.0,0.0,0.0,0.0,0.0,0.0,0.0,0.0,0.0,0.0,0.0,0.0,0.0,0.0,0.0
2013-10-18 01:00:00,0.0,0.0,0.0,0.0,0.0,0.0,0.0,0.0,0.0,0.0,0.0,0.0,0.0,0.0,0.0,0.0,0.0
2013-10-18 02:00:00,0.0,0.0,0.0,0.0,0.0,0.0,0.0,0.0,0.0,0.0,0.0,0.0,0.0,0.0,0.0,0.0,0.0
2013-10-18 03:00:00,0.0,0.0,0.0,0.0,0.0,0.0,0.0,0.0,0.0,0.0,0.0,0.0,0.0,0.0,0.0,0.0,0.0
2013-10-18 04:00:00,0.0,0.0,0.0,0.0,0.0,0.0,0.0,0.0,0.0,0.0,0.0,0.0,0.0,0.0,0.0,0.0,0.0
2013-10-18 05:00:00,0.0,0.0,0.0,0.0,0.0,0.0,0.0,0.0,0.0,0.0,0.0,0.0,0.0,0.0,0.0,0.0,0.0
2013-10-18 06:00:00,0.001,0.0,0.0,0.005,0.0,0.0,0.003,0.0,0.0,0.006,0.0,0.0,0.0,0.001,0.0,0.0,0.0
2013-10-18 07:00:00,0.018,0.014,0.019,0.045,0.015,0.009,0.016,0.018,0.02,0.041,0.019,0.018,0.011,0.032,0.013,0.015,0.014
2013-10-18 08:00:00,0.041,0.037,0.03,0.058,0.043,0.034,0.036,0.043,0.051,0.064,0.043,0.037,0.037,0.032,0.035,0.041,0.043
2013-10-18 09:00:00,0.067,0.071,0.06,0.07,0.07,0.063,0.065,0.056,0.073,0.091,0.059,0.059,0.073,0.041,0.062,0.078,0.058
2013-10-18 10:00:00,0.123,0.14,0.131,0.081,0.119,0.114,0.131,0.123,0.143,0.107,0.116,0.11,0.136,0.09,0.14,0.135,0.115
2013-10-18 11:00:00,0.183,0.192,0.215,0.085,0.208,0.205,0.179,0.19,0.205,0.12,0.155,0.158,0.224,0.169,0.202,0.188,0.191
2013-10-18 12:00:00,0.226,0.253,0.205,0.137,0.269,0.246,0.158,0.26,0.281,0.092,0.217,0.219,0.22,0.19,0.258,0.222,0.244
2013-10-18 13:00:00,0.259,0.276,0.236,0.206,0.306,0.288,0.168,0.273,0.271,0.238,0.218,0.264,0.253,0.292,0.212,0.248,0.31
2013-10-18 14:00:00,0.243,0.266,0.226,0.228,0.275,0.253,0.17,0.245,0.249,0.277,0.142,0.262,0.245,0.292,0.16,0.248,0.28
2013-10-18 15:00:00,0.163,0.168,0.204,0.125,0.163,0.137,0.16,0.129,0.193,0.164,0.112,0.19,0.178,0.167,0.139,0.174,0.176
2013-10-18 16:00:00,0.057,0.081,0.089,0.0,0.094,0.021,0.043,0.0,0.08,0.0,0.0,0.049,0.074,0.001,0.0,0.086,0.095
2013-10-18 17:00:00,0.0,0.0,0.0,0.0,0.0,0.0,0.0,0.0,0.0,0.0,0.0,0.0,0.0,0.0,0.0,0.0,0.0
2013-10-18 18:00:00,0.0,0.0,0.0,0.0,0.0,0.0,0.0,0.0,0.0,0.0,0.0,0.0,0.0,0.0,0.0,0.0,0.0
2013-10-18 19:00:00,0.0,0.0,0.0,0.0,0.0,0.0,0.0,0.0,0.0,0.0,0.0,0.0,0.0,0.0,0.0,0.0,0.0
2013-10-18 20:00:00,0.0,0.0,0.0,0.0,0.0,0.0,0.0,0.0,0.0,0.0,0.0,0.0,0.0,0.0,0.0,0.0,0.0
2013-10-18 21:00:00,0.0,0.0,0.0,0.0,0.0,0.0,0.0,0.0,0.0,0.0,0.0,0.0,0.0,0.0,0.0,0.0,0.0
2013-10-18 22:00:00,0.0,0.0,0.0,0.0,0.0,0.0,0.0,0.0,0.0,0.0,0.0,0.0,0.0,0.0,0.0,0.0,0.0
2013-10-18 23:00:00,0.0,0.0,0.0,0.0,0.0,0.0,0.0,0.0,0.0,0.0,0.0,0.0,0.0,0.0,0.0,0.0,0.0
2013-10-19 00:00:00,0.0,0.0,0.0,0.0,0.0,0.0,0.0,0.0,0.0,0.0,0.0,0.0,0.0,0.0,0.0,0.0,0.0
2013-10-19 01:00:00,0.0,0.0,0.0,0.0,0.0,0.0,0.0,0.0,0.0,0.0,0.0,0.0,0.0,0.0,0.0,0.0,0.0
2013-10-19 02:00:00,0.0,0.0,0.0,0.0,0.0,0.0,0.0,0.0,0.0,0.0,0.0,0.0,0.0,0.0,0.0,0.0,0.0
2013-10-19 03:00:00,0.0,0.0,0.0,0.0,0.0,0.0,0.0,0.0,0.0,0.0,0.0,0.0,0.0,0.0,0.0,0.0,0.0
2013-10-19 04:00:00,0.0,0.0,0.0,0.0,0.0,0.0,0.0,0.0,0.0,0.0,0.0,0.0,0.0,0.0,0.0,0.0,0.0
2013-10-19 05:00:00,0.0,0.0,0.0,0.0,0.0,0.0,0.0,0.0,0.0,0.0,0.0,0.0,0.0,0.0,0.0,0.0,0.0
2013-10-19 06:00:00,0.002,0.0,0.0,0.008,0.0,0.004,0.004,0.004,0.001,0.007,0.006,0.0,0.003,0.006,0.003,0.0,0.0
2013-10-19 07:00:00,0.031,0.028,0.028,0.039,0.026,0.04,0.043,0.043,0.031,0.039,0.035,0.031,0.032,0.036,0.037,0.025,0.024
2013-10-19 08:00:00,0.068,0.067,0.063,0.057,0.067,0.087,0.085,0.086,0.061,0.076,0.055,0.071,0.076,0.071,0.076,0.065,0.062
2013-10-19 09:00:00,0.103,0.102,0.092,0.097,0.104,0.113,0.096,0.108,0.112,0.121,0.082,0.106,0.12,0.11,0.106,0.107,0.089
2013-10-19 10:00:00,0.17,0.173,0.106,0.245,0.161,0.172,0.21,0.208,0.188,0.231,0.218,0.129,0.191,0.213,0.189,0.147,0.142
2013-10-19 11:00:00,0.24,0.25,0.151,0.367,0.241,0.236,0.315,0.316,0.27,0.327,0.332,0.148,0.277,0.299,0.265,0.2,0.196
2013-10-19 12:00:00,0.289,0.333,0.168,0.441,0.265,0.292,0.396,0.379,0.381,0.414,0.377,0.16,0.368,0.383,0.287,0.255,0.223
2013-10-19 13:00:00,0.302,0.327,0.194,0.439,0.232,0.335,0.444,0.393,0.423,0.452,0.371,0.119,0.436,0.407,0.342,0.304,0.168
2013-10-19 14:00:00,0.271,0.282,0.168,0.386,0.206,0.371,0.413,0.358,0.367,0.415,0.339,0.077,0.406,0.402,0.292,0.294,0.097
2013-10-19 15:00:00,0.181,0.245,0.123,0.253,0.223,0.257,0.28,0.215,0.278,0.271,0.164,0.03,0.282,0.273,0.163,0.176,0.05
2013-10-19 16:00:00,0.041,0.127,0.006,0.0,0.118,0.021,0.041,0.0,0.138,0.0,0.0,0.0,0.104,0.0,0.0,0.055,0.011
2013-10-19 17:00:00,0.0,0.0,0.0,0.0,0.0,0.0,0.0,0.0,0.0,0.0,0.0,0.0,0.0,0.0,0.0,0.0,0.0
2013-10-19 18:00:00,0.0,0.0,0.0,0.0,0.0,0.0,0.0,0.0,0.0,0.0,0.0,0.0,0.0,0.0,0.0,0.0,0.0
2013-10-19 19:00:00,0.0,0.0,0.0,0.0,0.0,0.0,0.0,0.0,0.0,0.0,0.0,0.0,0.0,0.0,0.0,0.0,0.0
2013-10-19 20:00:00,0.0,0.0,0.0,0.0,0.0,0.0,0.0,0.0,0.0,0.0,0.0,0.0,0.0,0.0,0.0,0.0,0.0
2013-10-19 21:00:00,0.0,0.0,0.0,0.0,0.0,0.0,0.0,0.0,0.0,0.0,0.0,0.0,0.0,0.0,0.0,0.0,0.0
2013-10-19 22:00:00,0.0,0.0,0.0,0.0,0.0,0.0,0.0,0.0,0.0,0.0,0.0,0.0,0.0,0.0,0.0,0.0,0.0
2013-10-19 23:00:00,0.0,0.0,0.0,0.0,0.0,0.0,0.0,0.0,0.0,0.0,0.0,0.0,0.0,0.0,0.0,0.0,0.0
2013-10-20 00:00:00,0.0,0.0,0.0,0.0,0.0,0.0,0.0,0.0,0.0,0.0,0.0,0.0,0.0,0.0,0.0,0.0,0.0
2013-10-20 01:00:00,0.0,0.0,0.0,0.0,0.0,0.0,0.0,0.0,0.0,0.0,0.0,0.0,0.0,0.0,0.0,0.0,0.0
2013-10-20 02:00:00,0.0,0.0,0.0,0.0,0.0,0.0,0.0,0.0,0.0,0.0,0.0,0.0,0.0,0.0,0.0,0.0,0.0
2013-10-20 03:00:00,0.0,0.0,0.0,0.0,0.0,0.0,0.0,0.0,0.0,0.0,0.0,0.0,0.0,0.0,0.0,0.0,0.0
2013-10-20 04:00:00,0.0,0.0,0.0,0.0,0.0,0.0,0.0,0.0,0.0,0.0,0.0,0.0,0.0,0.0,0.0,0.0,0.0
2013-10-20 05:00:00,0.0,0.0,0.0,0.0,0.0,0.0,0.0,0.0,0.0,0.0,0.0,0.0,0.0,0.0,0.0,0.0,0.0
2013-10-20 06:00:00,0.002,0.0,0.0,0.009,0.0,0.002,0.004,0.003,0.0,0.007,0.006,0.0,0.003,0.007,0.001,0.0,0.0
2013-10-20 07:00:00,0.026,0.027,0.016,0.051,0.021,0.038,0.033,0.035,0.038,0.037,0.043,0.005,0.038,0.044,0.012,0.029,0.01
2013-10-20 08:00:00,0.055,0.063,0.057,0.085,0.058,0.07,0.057,0.057,0.073,0.061,0.064,0.017,0.084,0.08,0.018,0.06,0.038
2013-10-20 09:00:00,0.075,0.082,0.08,0.12,0.08,0.09,0.088,0.08,0.1,0.104,0.053,0.036,0.11,0.094,0.026,0.079,0.062
2013-10-20 10:00:00,0.138,0.156,0.149,0.192,0.139,0.185,0.211,0.171,0.176,0.223,0.069,0.053,0.194,0.204,0.041,0.153,0.092
2013-10-20 11:00:00,0.202,0.253,0.198,0.273,0.219,0.268,0.302,0.24,0.256,0.31,0.117,0.076,0.287,0.256,0.051,0.225,0.149
2013-10-20 12:00:00,0.244,0.348,0.159,0.326,0.283,0.323,0.374,0.291,0.355,0.331,0.118,0.078,0.356,0.305,0.053,0.28,0.181
2013-10-20 13:00:00,0.244,0.381,0.162,0.275,0.276,0.331,0.386,0.241,0.391,0.279,0.108,0.062,0.378,0.255,0.037,0.311,0.189
2013-10-20 14:00:00,0.212,0.338,0.181,0.176,0.224,0.289,0.372,0.149,0.368,0.218,0.055,0.069,0.362,0.276,0.015,0.297,0.145
2013-10-20 15:00:00,0.128,0.201,0.124,0.085,0.12,0.193,0.252,0.101,0.24,0.182,0.018,0.025,0.25,0.202,0.005,0.189,0.053
2013-10-20 16:00:00,0.018,0.065,0.004,0.0,0.016,0.004,0.0,0.0,0.07,0.0,0.0,0.0,0.036,0.0,0.0,0.039,0.004
2013-10-20 17:00:00,0.0,0.0,0.0,0.0,0.0,0.0,0.0,0.0,0.0,0.0,0.0,0.0,0.0,0.0,0.0,0.0,0.0
2013-10-20 18:00:00,0.0,0.0,0.0,0.0,0.0,0.0,0.0,0.0,0.0,0.0,0.0,0.0,0.0,0.0,0.0,0.0,0.0
2013-10-20 19:00:00,0.0,0.0,0.0,0.0,0.0,0.0,0.0,0.0,0.0,0.0,0.0,0.0,0.0,0.0,0.0,0.0,0.0
2013-10-20 20:00:00,0.0,0.0,0.0,0.0,0.0,0.0,0.0,0.0,0.0,0.0,0.0,0.0,0.0,0.0,0.0,0.0,0.0
2013-10-20 21:00:00,0.0,0.0,0.0,0.0,0.0,0.0,0.0,0.0,0.0,0.0,0.0,0.0,0.0,0.0,0.0,0.0,0.0
2013-10-20 22:00:00,0.0,0.0,0.0,0.0,0.0,0.0,0.0,0.0,0.0,0.0,0.0,0.0,0.0,0.0,0.0,0.0,0.0
2013-10-20 23:00:00,0.0,0.0,0.0,0.0,0.0,0.0,0.0,0.0,0.0,0.0,0.0,0.0,0.0,0.0,0.0,0.0,0.0
2013-10-21 00:00:00,0.0,0.0,0.0,0.0,0.0,0.0,0.0,0.0,0.0,0.0,0.0,0.0,0.0,0.0,0.0,0.0,0.0
2013-10-21 01:00:00,0.0,0.0,0.0,0.0,0.0,0.0,0.0,0.0,0.0,0.0,0.0,0.0,0.0,0.0,0.0,0.0,0.0
2013-10-21 02:00:00,0.0,0.0,0.0,0.0,0.0,0.0,0.0,0.0,0.0,0.0,0.0,0.0,0.0,0.0,0.0,0.0,0.0
2013-10-21 03:00:00,0.0,0.0,0.0,0.0,0.0,0.0,0.0,0.0,0.0,0.0,0.0,0.0,0.0,0.0,0.0,0.0,0.0
2013-10-21 04:00:00,0.0,0.0,0.0,0.0,0.0,0.0,0.0,0.0,0.0,0.0,0.0,0.0,0.0,0.0,0.0,0.0,0.0
2013-10-21 05:00:00,0.0,0.0,0.0,0.0,0.0,0.0,0.0,0.0,0.0,0.0,0.0,0.0,0.0,0.0,0.0,0.0,0.0
2013-10-21 06:00:00,0.001,0.0,0.0,0.002,0.0,0.001,0.003,0.002,0.0,0.007,0.001,0.0,0.002,0.004,0.0,0.0,0.0
2013-10-21 07:00:00,0.021,0.033,0.008,0.026,0.022,0.029,0.033,0.027,0.03,0.042,0.028,0.005,0.029,0.034,0.011,0.022,0.006
2013-10-21 08:00:00,0.048,0.069,0.016,0.065,0.06,0.056,0.052,0.047,0.067,0.063,0.063,0.012,0.052,0.06,0.026,0.055,0.03
2013-10-21 09:00:00,0.074,0.092,0.044,0.098,0.085,0.086,0.074,0.058,0.114,0.095,0.09,0.023,0.084,0.082,0.023,0.093,0.057
2013-10-21 10:00:00,0.128,0.158,0.111,0.177,0.131,0.156,0.203,0.1,0.18,0.208,0.098,0.041,0.192,0.197,0.031,0.151,0.097
2013-10-21 11:00:00,0.172,0.219,0.159,0.227,0.156,0.204,0.307,0.108,0.275,0.285,0.082,0.074,0.293,0.268,0.035,0.2,0.16
2013-10-21 12:00:00,0.196,0.237,0.22,0.166,0.211,0.218,0.357,0.109,0.276,0.333,0.058,0.1,0.334,0.304,0.058,0.226,0.211
2013-10-21 13:00:00,0.231,0.319,0.251,0.159,0.278,0.242,0.339,0.134,0.288,0.32,0.038,0.144,0.333,0.294,0.096,0.265,0.272
2013-10-21 14:00:00,0.205,0.273,0.246,0.136,0.268,0.199,0.253,0.147,0.228,0.219,0.023,0.156,0.243,0.266,0.129,0.235,0.205
2013-10-21 15:00:00,0.132,0.178,0.11,0.079,0.185,0.096,0.164,0.084,0.192,0.118,0.022,0.088,0.185,0.128,0.1,0.162,0.137
2013-10-21 16:00:00,0.032,0.068,0.0,0.0,0.071,0.0,0.0,0.0,0.081,0.0,0.0,0.0,0.012,0.0,0.0,0.052,0.065
2013-10-21 17:00:00,0.0,0.0,0.0,0.0,0.0,0.0,0.0,0.0,0.0,0.0,0.0,0.0,0.0,0.0,0.0,0.0,0.0
2013-10-21 18:00:00,0.0,0.0,0.0,0.0,0.0,0.0,0.0,0.0,0.0,0.0,0.0,0.0,0.0,0.0,0.0,0.0,0.0
2013-10-21 19:00:00,0.0,0.0,0.0,0.0,0.0,0.0,0.0,0.0,0.0,0.0,0.0,0.0,0.0,0.0,0.0,0.0,0.0
2013-10-21 20:00:00,0.0,0.0,0.0,0.0,0.0,0.0,0.0,0.0,0.0,0.0,0.0,0.0,0.0,0.0,0.0,0.0,0.0
2013-10-21 21:00:00,0.0,0.0,0.0,0.0,0.0,0.0,0.0,0.0,0.0,0.0,0.0,0.0,0.0,0.0,0.0,0.0,0.0
2013-10-21 22:00:00,0.0,0.0,0.0,0.0,0.0,0.0,0.0,0.0,0.0,0.0,0.0,0.0,0.0,0.0,0.0,0.0,0.0
2013-10-21 23:00:00,0.0,0.0,0.0,0.0,0.0,0.0,0.0,0.0,0.0,0.0,0.0,0.0,0.0,0.0,0.0,0.0,0.0
2013-10-22 00:00:00,0.0,0.0,0.0,0.0,0.0,0.0,0.0,0.0,0.0,0.0,0.0,0.0,0.0,0.0,0.0,0.0,0.0
2013-10-22 01:00:00,0.0,0.0,0.0,0.0,0.0,0.0,0.0,0.0,0.0,0.0,0.0,0.0,0.0,0.0,0.0,0.0,0.0
2013-10-22 02:00:00,0.0,0.0,0.0,0.0,0.0,0.0,0.0,0.0,0.0,0.0,0.0,0.0,0.0,0.0,0.0,0.0,0.0
2013-10-22 03:00:00,0.0,0.0,0.0,0.0,0.0,0.0,0.0,0.0,0.0,0.0,0.0,0.0,0.0,0.0,0.0,0.0,0.0
2013-10-22 04:00:00,0.0,0.0,0.0,0.0,0.0,0.0,0.0,0.0,0.0,0.0,0.0,0.0,0.0,0.0,0.0,0.0,0.0
2013-10-22 05:00:00,0.0,0.0,0.0,0.0,0.0,0.0,0.0,0.0,0.0,0.0,0.0,0.0,0.0,0.0,0.0,0.0,0.0
2013-10-22 06:00:00,0.001,0.0,0.0,0.006,0.0,0.001,0.003,0.001,0.0,0.004,0.0,0.0,0.001,0.003,0.0,0.0,0.0
2013-10-22 07:00:00,0.024,0.024,0.026,0.035,0.017,0.035,0.034,0.032,0.026,0.038,0.014,0.02,0.03,0.039,0.016,0.023,0.015
2013-10-22 08:00:00,0.05,0.062,0.059,0.058,0.042,0.056,0.054,0.06,0.053,0.06,0.041,0.045,0.051,0.064,0.043,0.048,0.039
2013-10-22 09:00:00,0.066,0.08,0.076,0.085,0.054,0.066,0.072,0.078,0.073,0.101,0.055,0.068,0.06,0.078,0.057,0.06,0.059
2013-10-22 10:00:00,0.148,0.156,0.153,0.194,0.132,0.177,0.199,0.16,0.171,0.194,0.081,0.137,0.182,0.194,0.099,0.15,0.133
2013-10-22 11:00:00,0.239,0.267,0.258,0.258,0.248,0.286,0.307,0.233,0.284,0.258,0.088,0.217,0.292,0.302,0.151,0.261,0.218
2013-10-22 12:00:00,0.294,0.347,0.304,0.279,0.331,0.358,0.379,0.274,0.363,0.331,0.069,0.235,0.369,0.369,0.159,0.337,0.271
2013-10-22 13:00:00,0.312,0.387,0.298,0.263,0.366,0.376,0.397,0.263,0.393,0.354,0.051,0.293,0.393,0.385,0.142,0.361,0.299
2013-10-22 14:00:00,0.27,0.362,0.245,0.18,0.344,0.3,0.357,0.19,0.361,0.271,0.034,0.278,0.357,0.322,0.116,0.314,0.272
2013-10-22 15:00:00,0.179,0.262,0.149,0.097,0.25,0.196,0.227,0.104,0.251,0.164,0.014,0.18,0.24,0.2,0.079,0.213,0.183
2013-10-22 16:00:00,0.037,0.132,0.0,0.0,0.117,0.0,0.0,0.0,0.07,0.0,0.0,0.0,0.001,0.0,0.0,0.045,0.044
2013-10-22 17:00:00,0.0,0.0,0.0,0.0,0.0,0.0,0.0,0.0,0.0,0.0,0.0,0.0,0.0,0.0,0.0,0.0,0.0
2013-10-22 18:00:00,0.0,0.0,0.0,0.0,0.0,0.0,0.0,0.0,0.0,0.0,0.0,0.0,0.0,0.0,0.0,0.0,0.0
2013-10-22 19:00:00,0.0,0.0,0.0,0.0,0.0,0.0,0.0,0.0,0.0,0.0,0.0,0.0,0.0,0.0,0.0,0.0,0.0
2013-10-22 20:00:00,0.0,0.0,0.0,0.0,0.0,0.0,0.0,0.0,0.0,0.0,0.0,0.0,0.0,0.0,0.0,0.0,0.0
2013-10-22 21:00:00,0.0,0.0,0.0,0.0,0.0,0.0,0.0,0.0,0.0,0.0,0.0,0.0,0.0,0.0,0.0,0.0,0.0
2013-10-22 22:00:00,0.0,0.0,0.0,0.0,0.0,0.0,0.0,0.0,0.0,0.0,0.0,0.0,0.0,0.0,0.0,0.0,0.0
2013-10-22 23:00:00,0.0,0.0,0.0,0.0,0.0,0.0,0.0,0.0,0.0,0.0,0.0,0.0,0.0,0.0,0.0,0.0,0.0
2013-10-23 00:00:00,0.0,0.0,0.0,0.0,0.0,0.0,0.0,0.0,0.0,0.0,0.0,0.0,0.0,0.0,0.0,0.0,0.0
2013-10-23 01:00:00,0.0,0.0,0.0,0.0,0.0,0.0,0.0,0.0,0.0,0.0,0.0,0.0,0.0,0.0,0.0,0.0,0.0
2013-10-23 02:00:00,0.0,0.0,0.0,0.0,0.0,0.0,0.0,0.0,0.0,0.0,0.0,0.0,0.0,0.0,0.0,0.0,0.0
2013-10-23 03:00:00,0.0,0.0,0.0,0.0,0.0,0.0,0.0,0.0,0.0,0.0,0.0,0.0,0.0,0.0,0.0,0.0,0.0
2013-10-23 04:00:00,0.0,0.0,0.0,0.0,0.0,0.0,0.0,0.0,0.0,0.0,0.0,0.0,0.0,0.0,0.0,0.0,0.0
2013-10-23 05:00:00,0.0,0.0,0.0,0.0,0.0,0.0,0.0,0.0,0.0,0.0,0.0,0.0,0.0,0.0,0.0,0.0,0.0
2013-10-23 06:00:00,0.001,0.0,0.0,0.004,0.0,0.001,0.002,0.001,0.0,0.005,0.003,0.0,0.0,0.003,0.0,0.0,0.0
2013-10-23 07:00:00,0.021,0.019,0.02,0.033,0.015,0.025,0.034,0.026,0.023,0.033,0.026,0.017,0.027,0.03,0.022,0.019,0.014
2013-10-23 08:00:00,0.046,0.048,0.041,0.053,0.04,0.047,0.067,0.054,0.05,0.05,0.063,0.037,0.051,0.05,0.051,0.041,0.039
2013-10-23 09:00:00,0.065,0.065,0.054,0.079,0.066,0.058,0.091,0.078,0.071,0.083,0.087,0.051,0.071,0.07,0.081,0.053,0.057
2013-10-23 10:00:00,0.152,0.146,0.147,0.201,0.137,0.172,0.18,0.171,0.157,0.204,0.172,0.132,0.177,0.191,0.141,0.142,0.122
2013-10-23 11:00:00,0.247,0.25,0.255,0.292,0.226,0.279,0.292,0.263,0.234,0.303,0.251,0.237,0.258,0.295,0.222,0.252,0.191
2013-10-23 12:00:00,0.302,0.321,0.326,0.332,0.288,0.326,0.361,0.328,0.27,0.359,0.293,0.295,0.253,0.367,0.288,0.302,0.238
2013-10-23 13:00:00,0.306,0.358,0.303,0.338,0.315,0.298,0.358,0.353,0.298,0.377,0.324,0.232,0.246,0.377,0.306,0.299,0.24
2013-10-23 14:00:00,0.253,0.312,0.236,0.304,0.279,0.222,0.187,0.298,0.255,0.311,0.278,0.182,0.137,0.275,0.281,0.239,0.212
2013-10-23 15:00:00,0.163,0.205,0.146,0.168,0.186,0.131,0.123,0.172,0.168,0.179,0.164,0.102,0.097,0.138,0.159,0.178,0.151
2013-10-23 16:00:00,0.014,0.081,0.0,0.0,0.042,0.0,0.0,0.0,0.009,0.0,0.0,0.0,0.0,0.0,0.0,0.008,0.029
2013-10-23 17:00:00,0.0,0.0,0.0,0.0,0.0,0.0,0.0,0.0,0.0,0.0,0.0,0.0,0.0,0.0,0.0,0.0,0.0
2013-10-23 18:00:00,0.0,0.0,0.0,0.0,0.0,0.0,0.0,0.0,0.0,0.0,0.0,0.0,0.0,0.0,0.0,0.0,0.0
2013-10-23 19:00:00,0.0,0.0,0.0,0.0,0.0,0.0,0.0,0.0,0.0,0.0,0.0,0.0,0.0,0.0,0.0,0.0,0.0
2013-10-23 20:00:00,0.0,0.0,0.0,0.0,0.0,0.0,0.0,0.0,0.0,0.0,0.0,0.0,0.0,0.0,0.0,0.0,0.0
2013-10-23 21:00:00,0.0,0.0,0.0,0.0,0.0,0.0,0.0,0.0,0.0,0.0,0.0,0.0,0.0,0.0,0.0,0.0,0.0
2013-10-23 22:00:00,0.0,0.0,0.0,0.0,0.0,0.0,0.0,0.0,0.0,0.0,0.0,0.0,0.0,0.0,0.0,0.0,0.0
2013-10-23 23:00:00,0.0,0.0,0.0,0.0,0.0,0.0,0.0,0.0,0.0,0.0,0.0,0.0,0.0,0.0,0.0,0.0,0.0
2013-10-24 00:00:00,0.0,0.0,0.0,0.0,0.0,0.0,0.0,0.0,0.0,0.0,0.0,0.0,0.0,0.0,0.0,0.0,0.0
2013-10-24 01:00:00,0.0,0.0,0.0,0.0,0.0,0.0,0.0,0.0,0.0,0.0,0.0,0.0,0.0,0.0,0.0,0.0,0.0
2013-10-24 02:00:00,0.0,0.0,0.0,0.0,0.0,0.0,0.0,0.0,0.0,0.0,0.0,0.0,0.0,0.0,0.0,0.0,0.0
2013-10-24 03:00:00,0.0,0.0,0.0,0.0,0.0,0.0,0.0,0.0,0.0,0.0,0.0,0.0,0.0,0.0,0.0,0.0,0.0
2013-10-24 04:00:00,0.0,0.0,0.0,0.0,0.0,0.0,0.0,0.0,0.0,0.0,0.0,0.0,0.0,0.0,0.0,0.0,0.0
2013-10-24 05:00:00,0.0,0.0,0.0,0.0,0.0,0.0,0.0,0.0,0.0,0.0,0.0,0.0,0.0,0.0,0.0,0.0,0.0
2013-10-24 06:00:00,0.0,0.0,0.0,0.003,0.0,0.0,0.001,0.0,0.0,0.005,0.001,0.0,0.0,0.001,0.0,0.0,0.0
2013-10-24 07:00:00,0.017,0.019,0.01,0.029,0.018,0.002,0.023,0.009,0.009,0.036,0.023,0.018,0.001,0.022,0.026,0.015,0.014
2013-10-24 08:00:00,0.046,0.061,0.046,0.052,0.044,0.014,0.035,0.02,0.046,0.057,0.054,0.048,0.012,0.023,0.052,0.056,0.038
2013-10-24 09:00:00,0.065,0.068,0.082,0.082,0.056,0.068,0.042,0.03,0.096,0.091,0.044,0.075,0.042,0.033,0.056,0.08,0.052
2013-10-24 10:00:00,0.111,0.144,0.134,0.093,0.118,0.144,0.063,0.058,0.164,0.163,0.032,0.119,0.112,0.035,0.075,0.133,0.098
2013-10-24 11:00:00,0.173,0.224,0.178,0.064,0.217,0.215,0.103,0.117,0.255,0.198,0.027,0.185,0.213,0.053,0.103,0.212,0.196
2013-10-24 12:00:00,0.215,0.269,0.196,0.063,0.297,0.272,0.149,0.175,0.289,0.187,0.074,0.221,0.309,0.13,0.141,0.239,0.258
2013-10-24 13:00:00,0.244,0.311,0.217,0.096,0.308,0.256,0.22,0.202,0.314,0.193,0.112,0.238,0.286,0.224,0.124,0.289,0.294
2013-10-24 14:00:00,0.224,0.259,0.228,0.168,0.271,0.213,0.232,0.174,0.227,0.153,0.114,0.196,0.247,0.254,0.11,0.269,0.274
2013-10-24 15:00:00,0.148,0.165,0.15,0.123,0.154,0.132,0.135,0.108,0.165,0.085,0.053,0.152,0.135,0.144,0.104,0.181,0.191
2013-10-24 16:00:00,0.015,0.054,0.0,0.0,0.068,0.0,0.0,0.0,0.0,0.0,0.0,0.0,0.0,0.0,0.0,0.001,0.044
2013-10-24 17:00:00,0.0,0.0,0.0,0.0,0.0,0.0,0.0,0.0,0.0,0.0,0.0,0.0,0.0,0.0,0.0,0.0,0.0
2013-10-24 18:00:00,0.0,0.0,0.0,0.0,0.0,0.0,0.0,0.0,0.0,0.0,0.0,0.0,0.0,0.0,0.0,0.0,0.0
2013-10-24 19:00:00,0.0,0.0,0.0,0.0,0.0,0.0,0.0,0.0,0.0,0.0,0.0,0.0,0.0,0.0,0.0,0.0,0.0
2013-10-24 20:00:00,0.0,0.0,0.0,0.0,0.0,0.0,0.0,0.0,0.0,0.0,0.0,0.0,0.0,0.0,0.0,0.0,0.0
2013-10-24 21:00:00,0.0,0.0,0.0,0.0,0.0,0.0,0.0,0.0,0.0,0.0,0.0,0.0,0.0,0.0,0.0,0.0,0.0
2013-10-24 22:00:00,0.0,0.0,0.0,0.0,0.0,0.0,0.0,0.0,0.0,0.0,0.0,0.0,0.0,0.0,0.0,0.0,0.0
2013-10-24 23:00:00,0.0,0.0,0.0,0.0,0.0,0.0,0.0,0.0,0.0,0.0,0.0,0.0,0.0,0.0,0.0,0.0,0.0
2013-11-21 00:00:00,0.0,0.0,0.0,0.0,0.0,0.0,0.0,0.0,0.0,0.0,0.0,0.0,0.0,0.0,0.0,0.0,0.0
2013-11-21 01:00:00,0.0,0.0,0.0,0.0,0.0,0.0,0.0,0.0,0.0,0.0,0.0,0.0,0.0,0.0,0.0,0.0,0.0
2013-11-21 02:00:00,0.0,0.0,0.0,0.0,0.0,0.0,0.0,0.0,0.0,0.0,0.0,0.0,0.0,0.0,0.0,0.0,0.0
2013-11-21 03:00:00,0.0,0.0,0.0,0.0,0.0,0.0,0.0,0.0,0.0,0.0,0.0,0.0,0.0,0.0,0.0,0.0,0.0
2013-11-21 04:00:00,0.0,0.0,0.0,0.0,0.0,0.0,0.0,0.0,0.0,0.0,0.0,0.0,0.0,0.0,0.0,0.0,0.0
2013-11-21 05:00:00,0.0,0.0,0.0,0.0,0.0,0.0,0.0,0.0,0.0,0.0,0.0,0.0,0.0,0.0,0.0,0.0,0.0
2013-11-21 06:00:00,0.0,0.0,0.0,0.0,0.0,0.0,0.0,0.0,0.0,0.0,0.0,0.0,0.0,0.0,0.0,0.0,0.0
2013-11-21 07:00:00,0.0,0.0,0.0,0.0,0.0,0.0,0.0,0.0,0.0,0.0,0.0,0.0,0.0,0.001,0.0,0.0,0.0
2013-11-21 08:00:00,0.013,0.018,0.012,0.009,0.012,0.019,0.014,0.011,0.015,0.009,0.007,0.01,0.019,0.019,0.01,0.014,0.009
2013-11-21 09:00:00,0.033,0.048,0.028,0.017,0.045,0.044,0.032,0.023,0.035,0.016,0.014,0.026,0.041,0.038,0.025,0.038,0.028
2013-11-21 10:00:00,0.048,0.052,0.051,0.032,0.048,0.067,0.066,0.039,0.06,0.03,0.023,0.043,0.073,0.057,0.036,0.059,0.041
2013-11-21 11:00:00,0.062,0.068,0.053,0.046,0.056,0.073,0.095,0.052,0.083,0.044,0.019,0.064,0.098,0.083,0.046,0.073,0.064
2013-11-21 12:00:00,0.065,0.077,0.064,0.047,0.062,0.086,0.08,0.054,0.114,0.053,0.017,0.061,0.102,0.087,0.043,0.068,0.076
2013-11-21 13:00:00,0.059,0.053,0.041,0.068,0.041,0.075,0.067,0.051,0.082,0.078,0.008,0.063,0.069,0.057,0.04,0.068,0.087
2013-11-21 14:00:00,0.032,0.03,0.015,0.037,0.024,0.032,0.027,0.016,0.037,0.057,0.002,0.036,0.034,0.013,0.012,0.039,0.06
2013-11-21 15:00:00,0.006,0.004,0.0,0.0,0.002,0.003,0.003,0.0,0.009,0.001,0.0,0.0,0.009,0.001,0.0,0.015,0.019
2013-11-21 16:00:00,0.0,0.0,0.0,0.0,0.0,0.0,0.0,0.0,0.0,0.0,0.0,0.0,0.0,0.0,0.0,0.0,0.0
2013-11-21 17:00:00,0.0,0.0,0.0,0.0,0.0,0.0,0.0,0.0,0.0,0.0,0.0,0.0,0.0,0.0,0.0,0.0,0.0
2013-11-21 18:00:00,0.0,0.0,0.0,0.0,0.0,0.0,0.0,0.0,0.0,0.0,0.0,0.0,0.0,0.0,0.0,0.0,0.0
2013-11-21 19:00:00,0.0,0.0,0.0,0.0,0.0,0.0,0.0,0.0,0.0,0.0,0.0,0.0,0.0,0.0,0.0,0.0,0.0
2013-11-21 20:00:00,0.0,0.0,0.0,0.0,0.0,0.0,0.0,0.0,0.0,0.0,0.0,0.0,0.0,0.0,0.0,0.0,0.0
2013-11-21 21:00:00,0.0,0.0,0.0,0.0,0.0,0.0,0.0,0.0,0.0,0.0,0.0,0.0,0.0,0.0,0.0,0.0,0.0
2013-11-21 22:00:00,0.0,0.0,0.0,0.0,0.0,0.0,0.0,0.0,0.0,0.0,0.0,0.0,0.0,0.0,0.0,0.0,0.0
2013-11-21 23:00:00,0.0,0.0,0.0,0.0,0.0,0.0,0.0,0.0,0.0,0.0,0.0,0.0,0.0,0.0,0.0,0.0,0.0
2013-11-22 00:00:00,0.0,0.0,0.0,0.0,0.0,0.0,0.0,0.0,0.0,0.0,0.0,0.0,0.0,0.0,0.0,0.0,0.0
2013-11-22 01:00:00,0.0,0.0,0.0,0.0,0.0,0.0,0.0,0.0,0.0,0.0,0.0,0.0,0.0,0.0,0.0,0.0,0.0
2013-11-22 02:00:00,0.0,0.0,0.0,0.0,0.0,0.0,0.0,0.0,0.0,0.0,0.0,0.0,0.0,0.0,0.0,0.0,0.0
2013-11-22 03:00:00,0.0,0.0,0.0,0.0,0.0,0.0,0.0,0.0,0.0,0.0,0.0,0.0,0.0,0.0,0.0,0.0,0.0
2013-11-22 04:00:00,0.0,0.0,0.0,0.0,0.0,0.0,0.0,0.0,0.0,0.0,0.0,0.0,0.0,0.0,0.0,0.0,0.0
2013-11-22 05:00:00,0.0,0.0,0.0,0.0,0.0,0.0,0.0,0.0,0.0,0.0,0.0,0.0,0.0,0.0,0.0,0.0,0.0
2013-11-22 06:00:00,0.0,0.0,0.0,0.0,0.0,0.0,0.0,0.0,0.0,0.0,0.0,0.0,0.0,0.0,0.0,0.0,0.0
2013-11-22 07:00:00,0.001,0.0,0.0,0.002,0.0,0.0,0.003,0.001,0.0,0.007,0.001,0.0,0.001,0.003,0.0,0.0,0.0
2013-11-22 08:00:00,0.01,0.004,0.004,0.021,0.004,0.008,0.031,0.015,0.012,0.039,0.022,0.011,0.016,0.026,0.009,0.003,0.01
2013-11-22 09:00:00,0.024,0.015,0.014,0.029,0.01,0.024,0.055,0.032,0.034,0.075,0.026,0.032,0.041,0.058,0.016,0.013,0.035
2013-11-22 10:00:00,0.039,0.033,0.022,0.039,0.019,0.043,0.098,0.038,0.072,0.101,0.037,0.052,0.082,0.08,0.033,0.018,0.058
2013-11-22 11:00:00,0.049,0.053,0.023,0.042,0.024,0.044,0.138,0.04,0.094,0.119,0.029,0.064,0.124,0.099,0.036,0.026,0.085
2013-11-22 12:00:00,0.05,0.062,0.024,0.055,0.017,0.049,0.125,0.042,0.106,0.147,0.028,0.067,0.14,0.096,0.045,0.022,0.075
2013-11-22 13:00:00,0.038,0.056,0.013,0.045,0.014,0.032,0.085,0.023,0.076,0.159,0.011,0.039,0.126,0.077,0.019,0.017,0.063
2013-11-22 14:00:00,0.019,0.034,0.007,0.032,0.003,0.014,0.048,0.009,0.052,0.102,0.001,0.02,0.096,0.05,0.004,0.007,0.023
2013-11-22 15:00:00,0.005,0.023,0.0,0.0,0.001,0.001,0.035,0.0,0.036,0.0,0.0,0.0,0.045,0.0,0.0,0.002,0.008
2013-11-22 16:00:00,0.0,0.0,0.0,0.0,0.0,0.0,0.0,0.0,0.0,0.0,0.0,0.0,0.0,0.0,0.0,0.0,0.0
2013-11-22 17:00:00,0.0,0.0,0.0,0.0,0.0,0.0,0.0,0.0,0.0,0.0,0.0,0.0,0.0,0.0,0.0,0.0,0.0
2013-11-22 18:00:00,0.0,0.0,0.0,0.0,0.0,0.0,0.0,0.0,0.0,0.0,0.0,0.0,0.0,0.0,0.0,0.0,0.0
2013-11-22 19:00:00,0.0,0.0,0.0,0.0,0.0,0.0,0.0,0.0,0.0,0.0,0.0,0.0,0.0,0.0,0.0,0.0,0.0
2013-11-22 20:00:00,0.0,0.0,0.0,0.0,0.0,0.0,0.0,0.0,0.0,0.0,0.0,0.0,0.0,0.0,0.0,0.0,0.0
2013-11-22 21:00:00,0.0,0.0,0.0,0.0,0.0,0.0,0.0,0.0,0.0,0.0,0.0,0.0,0.0,0.0,0.0,0.0,0.0
2013-11-22 22:00:00,0.0,0.0,0.0,0.0,0.0,0.0,0.0,0.0,0.0,0.0,0.0,0.0,0.0,0.0,0.0,0.0,0.0
2013-11-22 23:00:00,0.0,0.0,0.0,0.0,0.0,0.0,0.0,0.0,0.0,0.0,0.0,0.0,0.0,0.0,0.0,0.0,0.0
2013-11-23 00:00:00,0.0,0.0,0.0,0.0,0.0,0.0,0.0,0.0,0.0,0.0,0.0,0.0,0.0,0.0,0.0,0.0,0.0
2013-11-23 01:00:00,0.0,0.0,0.0,0.0,0.0,0.0,0.0,0.0,0.0,0.0,0.0,0.0,0.0,0.0,0.0,0.0,0.0
2013-11-23 02:00:00,0.0,0.0,0.0,0.0,0.0,0.0,0.0,0.0,0.0,0.0,0.0,0.0,0.0,0.0,0.0,0.0,0.0
2013-11-23 03:00:00,0.0,0.0,0.0,0.0,0.0,0.0,0.0,0.0,0.0,0.0,0.0,0.0,0.0,0.0,0.0,0.0,0.0
2013-11-23 04:00:00,0.0,0.0,0.0,0.0,0.0,0.0,0.0,0.0,0.0,0.0,0.0,0.0,0.0,0.0,0.0,0.0,0.0
2013-11-23 05:00:00,0.0,0.0,0.0,0.0,0.0,0.0,0.0,0.0,0.0,0.0,0.0,0.0,0.0,0.0,0.0,0.0,0.0
2013-11-23 06:00:00,0.0,0.0,0.0,0.0,0.0,0.0,0.0,0.0,0.0,0.0,0.0,0.0,0.0,0.0,0.0,0.0,0.0
2013-11-23 07:00:00,0.0,0.0,0.0,0.0,0.0,0.0,0.001,0.0,0.0,0.001,0.0,0.0,0.0,0.0,0.0,0.0,0.0
2013-11-23 08:00:00,0.005,0.006,0.0,0.009,0.0,0.005,0.016,0.006,0.01,0.014,0.007,0.006,0.01,0.011,0.002,0.002,0.004
2013-11-23 09:00:00,0.015,0.02,0.005,0.023,0.006,0.021,0.041,0.02,0.026,0.032,0.017,0.021,0.036,0.032,0.01,0.008,0.017
2013-11-23 10:00:00,0.027,0.025,0.015,0.037,0.008,0.036,0.07,0.036,0.033,0.053,0.034,0.039,0.046,0.054,0.019,0.014,0.034
2013-11-23 11:00:00,0.035,0.038,0.015,0.042,0.015,0.038,0.104,0.043,0.045,0.056,0.028,0.046,0.067,0.06,0.017,0.026,0.056
2013-11-23 12:00:00,0.039,0.035,0.024,0.043,0.014,0.036,0.116,0.042,0.038,0.058,0.026,0.062,0.07,0.065,0.019,0.026,0.08
2013-11-23 13:00:00,0.029,0.021,0.012,0.029,0.004,0.024,0.089,0.026,0.023,0.034,0.014,0.066,0.055,0.043,0.011,0.015,0.078
2013-11-23 14:00:00,0.015,0.01,0.007,0.012,0.004,0.011,0.03,0.014,0.013,0.013,0.003,0.035,0.025,0.014,0.007,0.006,0.061
2013-11-23 15:00:00,0.003,0.002,0.0,0.0,0.001,0.0,0.002,0.0,0.001,0.0,0.0,0.0,0.006,0.0,0.0,0.003,0.022
2013-11-23 16:00:00,0.0,0.0,0.0,0.0,0.0,0.0,0.0,0.0,0.0,0.0,0.0,0.0,0.0,0.0,0.0,0.0,0.0
2013-11-23 17:00:00,0.0,0.0,0.0,0.0,0.0,0.0,0.0,0.0,0.0,0.0,0.0,0.0,0.0,0.0,0.0,0.0,0.0
2013-11-23 18:00:00,0.0,0.0,0.0,0.0,0.0,0.0,0.0,0.0,0.0,0.0,0.0,0.0,0.0,0.0,0.0,0.0,0.0
2013-11-23 19:00:00,0.0,0.0,0.0,0.0,0.0,0.0,0.0,0.0,0.0,0.0,0.0,0.0,0.0,0.0,0.0,0.0,0.0
2013-11-23 20:00:00,0.0,0.0,0.0,0.0,0.0,0.0,0.0,0.0,0.0,0.0,0.0,0.0,0.0,0.0,0.0,0.0,0.0
2013-11-23 21:00:00,0.0,0.0,0.0,0.0,0.0,0.0,0.0,0.0,0.0,0.0,0.0,0.0,0.0,0.0,0.0,0.0,0.0
2013-11-23 22:00:00,0.0,0.0,0.0,0.0,0.0,0.0,0.0,0.0,0.0,0.0,0.0,0.0,0.0,0.0,0.0,0.0,0.0
2013-11-23 23:00:00,0.0,0.0,0.0,0.0,0.0,0.0,0.0,0.0,0.0,0.0,0.0,0.0,0.0,0.0,0.0,0.0,0.0
2013-11-24 00:00:00,0.0,0.0,0.0,0.0,0.0,0.0,0.0,0.0,0.0,0.0,0.0,0.0,0.0,0.0,0.0,0.0,0.0
2013-11-24 01:00:00,0.0,0.0,0.0,0.0,0.0,0.0,0.0,0.0,0.0,0.0,0.0,0.0,0.0,0.0,0.0,0.0,0.0
2013-11-24 02:00:00,0.0,0.0,0.0,0.0,0.0,0.0,0.0,0.0,0.0,0.0,0.0,0.0,0.0,0.0,0.0,0.0,0.0
2013-11-24 03:00:00,0.0,0.0,0.0,0.0,0.0,0.0,0.0,0.0,0.0,0.0,0.0,0.0,0.0,0.0,0.0,0.0,0.0
2013-11-24 04:00:00,0.0,0.0,0.0,0.0,0.0,0.0,0.0,0.0,0.0,0.0,0.0,0.0,0.0,0.0,0.0,0.0,0.0
2013-11-24 05:00:00,0.0,0.0,0.0,0.0,0.0,0.0,0.0,0.0,0.0,0.0,0.0,0.0,0.0,0.0,0.0,0.0,0.0
2013-11-24 06:00:00,0.0,0.0,0.0,0.0,0.0,0.0,0.0,0.0,0.0,0.0,0.0,0.0,0.0,0.0,0.0,0.0,0.0
2013-11-24 07:00:00,0.0,0.0,0.0,0.0,0.0,0.0,0.0,0.0,0.0,0.001,0.0,0.0,0.0,0.001,0.0,0.0,0.0
2013-11-24 08:00:00,0.009,0.003,0.01,0.014,0.008,0.009,0.008,0.013,0.004,0.01,0.009,0.009,0.01,0.013,0.01,0.009,0.006
2013-11-24 09:00:00,0.025,0.011,0.033,0.039,0.029,0.024,0.019,0.03,0.014,0.021,0.02,0.023,0.024,0.025,0.026,0.028,0.02
2013-11-24 10:00:00,0.037,0.023,0.053,0.04,0.05,0.03,0.029,0.036,0.019,0.025,0.023,0.035,0.041,0.037,0.037,0.041,0.032
2013-11-24 11:00:00,0.056,0.035,0.109,0.054,0.078,0.037,0.034,0.049,0.016,0.022,0.028,0.05,0.05,0.049,0.064,0.067,0.04
2013-11-24 12:00:00,0.055,0.046,0.105,0.049,0.04,0.03,0.023,0.048,0.009,0.014,0.016,0.058,0.041,0.03,0.061,0.077,0.063
2013-11-24 13:00:00,0.048,0.059,0.076,0.03,0.036,0.02,0.017,0.023,0.008,0.013,0.014,0.043,0.04,0.027,0.057,0.069,0.073
2013-11-24 14:00:00,0.02,0.025,0.026,0.01,0.022,0.008,0.005,0.012,0.004,0.004,0.013,0.009,0.009,0.01,0.025,0.023,0.049
2013-11-24 15:00:00,0.008,0.023,0.0,0.0,0.017,0.0,0.0,0.0,0.001,0.0,0.0,0.0,0.0,0.0,0.0,0.008,0.034
2013-11-24 16:00:00,0.0,0.0,0.0,0.0,0.0,0.0,0.0,0.0,0.0,0.0,0.0,0.0,0.0,0.0,0.0,0.0,0.0
2013-11-24 17:00:00,0.0,0.0,0.0,0.0,0.0,0.0,0.0,0.0,0.0,0.0,0.0,0.0,0.0,0.0,0.0,0.0,0.0
2013-11-24 18:00:00,0.0,0.0,0.0,0.0,0.0,0.0,0.0,0.0,0.0,0.0,0.0,0.0,0.0,0.0,0.0,0.0,0.0
2013-11-24 19:00:00,0.0,0.0,0.0,0.0,0.0,0.0,0.0,0.0,0.0,0.0,0.0,0.0,0.0,0.0,0.0,0.0,0.0
2013-11-24 20:00:00,0.0,0.0,0.0,0.0,0.0,0.0,0.0,0.0,0.0,0.0,0.0,0.0,0.0,0.0,0.0,0.0,0.0
2013-11-24 21:00:00,0.0,0.0,0.0,0.0,0.0,0.0,0.0,0.0,0.0,0.0,0.0,0.0,0.0,0.0,0.0,0.0,0.0
2013-11-24 22:00:00,0.0,0.0,0.0,0.0,0.0,0.0,0.0,0.0,0.0,0.0,0.0,0.0,0.0,0.0,0.0,0.0,0.0
2013-11-24 23:00:00,0.0,0.0,0.0,0.0,0.0,0.0,0.0,0.0,0.0,0.0,0.0,0.0,0.0,0.0,0.0,0.0,0.0
2013-11-25 00:00:00,0.0,0.0,0.0,0.0,0.0,0.0,0.0,0.0,0.0,0.0,0.0,0.0,0.0,0.0,0.0,0.0,0.0
2013-11-25 01:00:00,0.0,0.0,0.0,0.0,0.0,0.0,0.0,0.0,0.0,0.0,0.0,0.0,0.0,0.0,0.0,0.0,0.0
2013-11-25 02:00:00,0.0,0.0,0.0,0.0,0.0,0.0,0.0,0.0,0.0,0.0,0.0,0.0,0.0,0.0,0.0,0.0,0.0
2013-11-25 03:00:00,0.0,0.0,0.0,0.0,0.0,0.0,0.0,0.0,0.0,0.0,0.0,0.0,0.0,0.0,0.0,0.0,0.0
2013-11-25 04:00:00,0.0,0.0,0.0,0.0,0.0,0.0,0.0,0.0,0.0,0.0,0.0,0.0,0.0,0.0,0.0,0.0,0.0
2013-11-25 05:00:00,0.0,0.0,0.0,0.0,0.0,0.0,0.0,0.0,0.0,0.0,0.0,0.0,0.0,0.0,0.0,0.0,0.0
2013-11-25 06:00:00,0.0,0.0,0.0,0.0,0.0,0.0,0.0,0.0,0.0,0.0,0.0,0.0,0.0,0.0,0.0,0.0,0.0
2013-11-25 07:00:00,0.0,0.0,0.0,0.001,0.0,0.001,0.0,0.001,0.0,0.0,0.0,0.0,0.0,0.002,0.0,0.0,0.0
2013-11-25 08:00:00,0.018,0.02,0.017,0.02,0.014,0.026,0.01,0.022,0.026,0.014,0.024,0.013,0.024,0.022,0.019,0.019,0.01
2013-11-25 09:00:00,0.04,0.045,0.041,0.031,0.037,0.044,0.035,0.042,0.055,0.023,0.054,0.041,0.055,0.039,0.039,0.04,0.032
2013-11-25 10:00:00,0.066,0.072,0.067,0.044,0.055,0.092,0.067,0.087,0.096,0.027,0.088,0.055,0.107,0.072,0.072,0.066,0.044
2013-11-25 11:00:00,0.139,0.148,0.144,0.058,0.151,0.164,0.102,0.184,0.132,0.03,0.155,0.111,0.131,0.111,0.166,0.158,0.116
2013-11-25 12:00:00,0.191,0.206,0.189,0.088,0.233,0.175,0.139,0.235,0.194,0.047,0.197,0.145,0.145,0.169,0.199,0.221,0.19
2013-11-25 13:00:00,0.19,0.216,0.188,0.115,0.248,0.137,0.132,0.195,0.195,0.066,0.229,0.153,0.149,0.197,0.18,0.207,0.199
2013-11-25 14:00:00,0.146,0.174,0.156,0.077,0.194,0.168,0.116,0.137,0.163,0.053,0.149,0.109,0.13,0.132,0.12,0.164,0.147
2013-11-25 15:00:00,0.037,0.069,0.0,0.0,0.097,0.01,0.029,0.0,0.082,0.0,0.0,0.0,0.083,0.0,0.0,0.056,0.054
2013-11-25 16:00:00,0.0,0.0,0.0,0.0,0.0,0.0,0.0,0.0,0.0,0.0,0.0,0.0,0.0,0.0,0.0,0.0,0.0
2013-11-25 17:00:00,0.0,0.0,0.0,0.0,0.0,0.0,0.0,0.0,0.0,0.0,0.0,0.0,0.0,0.0,0.0,0.0,0.0
2013-11-25 18:00:00,0.0,0.0,0.0,0.0,0.0,0.0,0.0,0.0,0.0,0.0,0.0,0.0,0.0,0.0,0.0,0.0,0.0
2013-11-25 19:00:00,0.0,0.0,0.0,0.0,0.0,0.0,0.0,0.0,0.0,0.0,0.0,0.0,0.0,0.0,0.0,0.0,0.0
2013-11-25 20:00:00,0.0,0.0,0.0,0.0,0.0,0.0,0.0,0.0,0.0,0.0,0.0,0.0,0.0,0.0,0.0,0.0,0.0
2013-11-25 21:00:00,0.0,0.0,0.0,0.0,0.0,0.0,0.0,0.0,0.0,0.0,0.0,0.0,0.0,0.0,0.0,0.0,0.0
2013-11-25 22:00:00,0.0,0.0,0.0,0.0,0.0,0.0,0.0,0.0,0.0,0.0,0.0,0.0,0.0,0.0,0.0,0.0,0.0
2013-11-25 23:00:00,0.0,0.0,0.0,0.0,0.0,0.0,0.0,0.0,0.0,0.0,0.0,0.0,0.0,0.0,0.0,0.0,0.0
2013-11-26 00:00:00,0.0,0.0,0.0,0.0,0.0,0.0,0.0,0.0,0.0,0.0,0.0,0.0,0.0,0.0,0.0,0.0,0.0
2013-11-26 01:00:00,0.0,0.0,0.0,0.0,0.0,0.0,0.0,0.0,0.0,0.0,0.0,0.0,0.0,0.0,0.0,0.0,0.0
2013-11-26 02:00:00,0.0,0.0,0.0,0.0,0.0,0.0,0.0,0.0,0.0,0.0,0.0,0.0,0.0,0.0,0.0,0.0,0.0
2013-11-26 03:00:00,0.0,0.0,0.0,0.0,0.0,0.0,0.0,0.0,0.0,0.0,0.0,0.0,0.0,0.0,0.0,0.0,0.0
2013-11-26 04:00:00,0.0,0.0,0.0,0.0,0.0,0.0,0.0,0.0,0.0,0.0,0.0,0.0,0.0,0.0,0.0,0.0,0.0
2013-11-26 05:00:00,0.0,0.0,0.0,0.0,0.0,0.0,0.0,0.0,0.0,0.0,0.0,0.0,0.0,0.0,0.0,0.0,0.0
2013-11-26 06:00:00,0.0,0.0,0.0,0.0,0.0,0.0,0.0,0.0,0.0,0.0,0.0,0.0,0.0,0.0,0.0,0.0,0.0
2013-11-26 07:00:00,0.0,0.0,0.0,0.002,0.0,0.0,0.001,0.0,0.0,0.003,0.001,0.0,0.0,0.001,0.0,0.0,0.0
2013-11-26 08:00:00,0.018,0.017,0.019,0.026,0.014,0.02,0.027,0.021,0.016,0.03,0.02,0.014,0.019,0.026,0.018,0.018,0.011
2013-11-26 09:00:00,0.044,0.045,0.049,0.052,0.033,0.048,0.062,0.043,0.042,0.061,0.048,0.038,0.045,0.053,0.044,0.046,0.034
2013-11-26 10:00:00,0.068,0.062,0.069,0.096,0.046,0.079,0.104,0.08,0.051,0.105,0.09,0.058,0.086,0.084,0.071,0.063,0.048
2013-11-26 11:00:00,0.126,0.093,0.12,0.146,0.152,0.124,0.151,0.155,0.106,0.114,0.157,0.134,0.122,0.12,0.141,0.108,0.123
2013-11-26 12:00:00,0.16,0.083,0.152,0.156,0.217,0.171,0.166,0.184,0.17,0.116,0.225,0.168,0.149,0.155,0.178,0.13,0.179
2013-11-26 13:00:00,0.161,0.099,0.147,0.12,0.198,0.154,0.147,0.188,0.172,0.135,0.215,0.172,0.18,0.166,0.18,0.137,0.195
2013-11-26 14:00:00,0.124,0.099,0.136,0.06,0.159,0.103,0.145,0.126,0.146,0.093,0.156,0.116,0.137,0.118,0.147,0.107,0.16
2013-11-26 15:00:00,0.028,0.045,0.0,0.0,0.075,0.004,0.063,0.0,0.059,0.0,0.0,0.0,0.059,0.0,0.0,0.037,0.056
2013-11-26 16:00:00,0.0,0.0,0.0,0.0,0.0,0.0,0.0,0.0,0.0,0.0,0.0,0.0,0.0,0.0,0.0,0.0,0.0
2013-11-26 17:00:00,0.0,0.0,0.0,0.0,0.0,0.0,0.0,0.0,0.0,0.0,0.0,0.0,0.0,0.0,0.0,0.0,0.0
2013-11-26 18:00:00,0.0,0.0,0.0,0.0,0.0,0.0,0.0,0.0,0.0,0.0,0.0,0.0,0.0,0.0,0.0,0.0,0.0
2013-11-26 19:00:00,0.0,0.0,0.0,0.0,0.0,0.0,0.0,0.0,0.0,0.0,0.0,0.0,0.0,0.0,0.0,0.0,0.0
2013-11-26 20:00:00,0.0,0.0,0.0,0.0,0.0,0.0,0.0,0.0,0.0,0.0,0.0,0.0,0.0,0.0,0.0,0.0,0.0
2013-11-26 21:00:00,0.0,0.0,0.0,0.0,0.0,0.0,0.0,0.0,0.0,0.0,0.0,0.0,0.0,0.0,0.0,0.0,0.0
2013-11-26 22:00:00,0.0,0.0,0.0,0.0,0.0,0.0,0.0,0.0,0.0,0.0,0.0,0.0,0.0,0.0,0.0,0.0,0.0
2013-11-26 23:00:00,0.0,0.0,0.0,0.0,0.0,0.0,0.0,0.0,0.0,0.0,0.0,0.0,0.0,0.0,0.0,0.0,0.0
2013-11-27 00:00:00,0.0,0.0,0.0,0.0,0.0,0.0,0.0,0.0,0.0,0.0,0.0,0.0,0.0,0.0,0.0,0.0,0.0
2013-11-27 01:00:00,0.0,0.0,0.0,0.0,0.0,0.0,0.0,0.0,0.0,0.0,0.0,0.0,0.0,0.0,0.0,0.0,0.0
2013-11-27 02:00:00,0.0,0.0,0.0,0.0,0.0,0.0,0.0,0.0,0.0,0.0,0.0,0.0,0.0,0.0,0.0,0.0,0.0
2013-11-27 03:00:00,0.0,0.0,0.0,0.0,0.0,0.0,0.0,0.0,0.0,0.0,0.0,0.0,0.0,0.0,0.0,0.0,0.0
2013-11-27 04:00:00,0.0,0.0,0.0,0.0,0.0,0.0,0.0,0.0,0.0,0.0,0.0,0.0,0.0,0.0,0.0,0.0,0.0
2013-11-27 05:00:00,0.0,0.0,0.0,0.0,0.0,0.0,0.0,0.0,0.0,0.0,0.0,0.0,0.0,0.0,0.0,0.0,0.0
2013-11-27 06:00:00,0.0,0.0,0.0,0.0,0.0,0.0,0.0,0.0,0.0,0.0,0.0,0.0,0.0,0.0,0.0,0.0,0.0
2013-11-27 07:00:00,0.001,0.0,0.0,0.004,0.0,0.0,0.002,0.001,0.0,0.004,0.001,0.0,0.0,0.002,0.0,0.0,0.0
2013-11-27 08:00:00,0.02,0.022,0.017,0.031,0.019,0.022,0.034,0.023,0.011,0.034,0.026,0.011,0.024,0.031,0.022,0.02,0.008
2013-11-27 09:00:00,0.045,0.048,0.043,0.059,0.048,0.052,0.066,0.055,0.034,0.068,0.05,0.023,0.053,0.064,0.047,0.041,0.026
2013-11-27 10:00:00,0.07,0.07,0.076,0.118,0.062,0.071,0.114,0.08,0.066,0.115,0.072,0.034,0.083,0.111,0.061,0.07,0.042
2013-11-27 11:00:00,0.121,0.161,0.144,0.196,0.13,0.102,0.198,0.112,0.09,0.171,0.069,0.041,0.112,0.186,0.054,0.149,0.064
2013-11-27 12:00:00,0.151,0.228,0.182,0.256,0.171,0.119,0.272,0.125,0.139,0.206,0.061,0.035,0.113,0.242,0.037,0.205,0.052
2013-11-27 13:00:00,0.148,0.273,0.145,0.222,0.202,0.136,0.301,0.104,0.129,0.185,0.03,0.025,0.093,0.224,0.021,0.214,0.032
2013-11-27 14:00:00,0.114,0.241,0.069,0.145,0.175,0.119,0.241,0.081,0.128,0.181,0.025,0.013,0.061,0.147,0.017,0.158,0.021
2013-11-27 15:00:00,0.028,0.132,0.0,0.0,0.058,0.005,0.064,0.0,0.081,0.0,0.0,0.0,0.014,0.0,0.0,0.043,0.0
2013-11-27 16:00:00,0.0,0.0,0.0,0.0,0.0,0.0,0.0,0.0,0.0,0.0,0.0,0.0,0.0,0.0,0.0,0.0,0.0
2013-11-27 17:00:00,0.0,0.0,0.0,0.0,0.0,0.0,0.0,0.0,0.0,0.0,0.0,0.0,0.0,0.0,0.0,0.0,0.0
2013-11-27 18:00:00,0.0,0.0,0.0,0.0,0.0,0.0,0.0,0.0,0.0,0.0,0.0,0.0,0.0,0.0,0.0,0.0,0.0
2013-11-27 19:00:00,0.0,0.0,0.0,0.0,0.0,0.0,0.0,0.0,0.0,0.0,0.0,0.0,0.0,0.0,0.0,0.0,0.0
2013-11-27 20:00:00,0.0,0.0,0.0,0.0,0.0,0.0,0.0,0.0,0.0,0.0,0.0,0.0,0.0,0.0,0.0,0.0,0.0
2013-11-27 21:00:00,0.0,0.0,0.0,0.0,0.0,0.0,0.0,0.0,0.0,0.0,0.0,0.0,0.0,0.0,0.0,0.0,0.0
2013-11-27 22:00:00,0.0,0.0,0.0,0.0,0.0,0.0,0.0,0.0,0.0,0.0,0.0,0.0,0.0,0.0,0.0,0.0,0.0
2013-11-27 23:00:00,0.0,0.0,0.0,0.0,0.0,0.0,0.0,0.0,0.0,0.0,0.0,0.0,0.0,0.0,0.0,0.0,0.0
2013-11-28 00:00:00,0.0,0.0,0.0,0.0,0.0,0.0,0.0,0.0,0.0,0.0,0.0,0.0,0.0,0.0,0.0,0.0,0.0
2013-11-28 01:00:00,0.0,0.0,0.0,0.0,0.0,0.0,0.0,0.0,0.0,0.0,0.0,0.0,0.0,0.0,0.0,0.0,0.0
2013-11-28 02:00:00,0.0,0.0,0.0,0.0,0.0,0.0,0.0,0.0,0.0,0.0,0.0,0.0,0.0,0.0,0.0,0.0,0.0
2013-11-28 03:00:00,0.0,0.0,0.0,0.0,0.0,0.0,0.0,0.0,0.0,0.0,0.0,0.0,0.0,0.0,0.0,0.0,0.0
2013-11-28 04:00:00,0.0,0.0,0.0,0.0,0.0,0.0,0.0,0.0,0.0,0.0,0.0,0.0,0.0,0.0,0.0,0.0,0.0
2013-11-28 05:00:00,0.0,0.0,0.0,0.0,0.0,0.0,0.0,0.0,0.0,0.0,0.0,0.0,0.0,0.0,0.0,0.0,0.0
2013-11-28 06:00:00,0.0,0.0,0.0,0.0,0.0,0.0,0.0,0.0,0.0,0.0,0.0,0.0,0.0,0.0,0.0,0.0,0.0
2013-11-28 07:00:00,0.0,0.0,0.0,0.0,0.0,0.0,0.0,0.0,0.0,0.0,0.0,0.0,0.0,0.0,0.0,0.0,0.0
2013-11-28 08:00:00,0.005,0.005,0.003,0.011,0.002,0.003,0.01,0.004,0.006,0.008,0.002,0.009,0.004,0.005,0.005,0.002,0.006
2013-11-28 09:00:00,0.019,0.017,0.019,0.02,0.016,0.013,0.024,0.012,0.02,0.013,0.011,0.027,0.014,0.015,0.025,0.016,0.03
2013-11-28 10:00:00,0.03,0.028,0.045,0.034,0.021,0.019,0.032,0.021,0.035,0.027,0.02,0.04,0.027,0.039,0.048,0.023,0.037
2013-11-28 11:00:00,0.063,0.04,0.1,0.039,0.044,0.02,0.074,0.032,0.051,0.037,0.032,0.131,0.041,0.048,0.101,0.051,0.118
2013-11-28 12:00:00,0.095,0.038,0.16,0.025,0.077,0.021,0.076,0.034,0.056,0.045,0.061,0.195,0.047,0.042,0.147,0.091,0.198
2013-11-28 13:00:00,0.101,0.028,0.172,0.017,0.095,0.024,0.043,0.05,0.037,0.03,0.079,0.199,0.027,0.026,0.176,0.097,0.213
2013-11-28 14:00:00,0.077,0.014,0.126,0.004,0.072,0.022,0.043,0.04,0.024,0.009,0.066,0.144,0.016,0.01,0.111,0.087,0.163
2013-11-28 15:00:00,0.012,0.006,0.0,0.0,0.029,0.0,0.014,0.0,0.022,0.0,0.0,0.0,0.007,0.0,0.0,0.018,0.041
2013-11-28 16:00:00,0.0,0.0,0.0,0.0,0.0,0.0,0.0,0.0,0.0,0.0,0.0,0.0,0.0,0.0,0.0,0.0,0.0
2013-11-28 17:00:00,0.0,0.0,0.0,0.0,0.0,0.0,0.0,0.0,0.0,0.0,0.0,0.0,0.0,0.0,0.0,0.0,0.0
2013-11-28 18:00:00,0.0,0.0,0.0,0.0,0.0,0.0,0.0,0.0,0.0,0.0,0.0,0.0,0.0,0.0,0.0,0.0,0.0
2013-11-28 19:00:00,0.0,0.0,0.0,0.0,0.0,0.0,0.0,0.0,0.0,0.0,0.0,0.0,0.0,0.0,0.0,0.0,0.0
2013-11-28 20:00:00,0.0,0.0,0.0,0.0,0.0,0.0,0.0,0.0,0.0,0.0,0.0,0.0,0.0,0.0,0.0,0.0,0.0
2013-11-28 21:00:00,0.0,0.0,0.0,0.0,0.0,0.0,0.0,0.0,0.0,0.0,0.0,0.0,0.0,0.0,0.0,0.0,0.0
2013-11-28 22:00:00,0.0,0.0,0.0,0.0,0.0,0.0,0.0,0.0,0.0,0.0,0.0,0.0,0.0,0.0,0.0,0.0,0.0
2013-11-28 23:00:00,0.0,0.0,0.0,0.0,0.0,0.0,0.0,0.0,0.0,0.0,0.0,0.0,0.0,0.0,0.0,0.0,0.0
2013-11-29 00:00:00,0.0,0.0,0.0,0.0,0.0,0.0,0.0,0.0,0.0,0.0,0.0,0.0,0.0,0.0,0.0,0.0,0.0
2013-11-29 01:00:00,0.0,0.0,0.0,0.0,0.0,0.0,0.0,0.0,0.0,0.0,0.0,0.0,0.0,0.0,0.0,0.0,0.0
2013-11-29 02:00:00,0.0,0.0,0.0,0.0,0.0,0.0,0.0,0.0,0.0,0.0,0.0,0.0,0.0,0.0,0.0,0.0,0.0
2013-11-29 03:00:00,0.0,0.0,0.0,0.0,0.0,0.0,0.0,0.0,0.0,0.0,0.0,0.0,0.0,0.0,0.0,0.0,0.0
2013-11-29 04:00:00,0.0,0.0,0.0,0.0,0.0,0.0,0.0,0.0,0.0,0.0,0.0,0.0,0.0,0.0,0.0,0.0,0.0
2013-11-29 05:00:00,0.0,0.0,0.0,0.0,0.0,0.0,0.0,0.0,0.0,0.0,0.0,0.0,0.0,0.0,0.0,0.0,0.0
2013-11-29 06:00:00,0.0,0.0,0.0,0.0,0.0,0.0,0.0,0.0,0.0,0.0,0.0,0.0,0.0,0.0,0.0,0.0,0.0
2013-11-29 07:00:00,0.0,0.0,0.0,0.003,0.0,0.0,0.0,0.0,0.0,0.003,0.0,0.0,0.0,0.001,0.0,0.0,0.0
2013-11-29 08:00:00,0.016,0.01,0.013,0.028,0.013,0.022,0.02,0.019,0.016,0.028,0.018,0.011,0.02,0.024,0.014,0.016,0.011
2013-11-29 09:00:00,0.039,0.033,0.032,0.051,0.041,0.044,0.047,0.042,0.037,0.047,0.041,0.03,0.047,0.05,0.034,0.038,0.041
2013-11-29 10:00:00,0.069,0.059,0.059,0.092,0.068,0.073,0.096,0.075,0.065,0.083,0.074,0.046,0.07,0.076,0.059,0.071,0.068
2013-11-29 11:00:00,0.098,0.105,0.128,0.108,0.067,0.094,0.148,0.101,0.118,0.098,0.117,0.109,0.104,0.097,0.102,0.099,0.059
2013-11-29 12:00:00,0.101,0.092,0.132,0.109,0.04,0.11,0.206,0.127,0.15,0.135,0.147,0.094,0.155,0.106,0.142,0.094,0.04
2013-11-29 13:00:00,0.072,0.068,0.08,0.08,0.028,0.074,0.177,0.087,0.134,0.125,0.139,0.045,0.114,0.082,0.106,0.056,0.031
2013-11-29 14:00:00,0.029,0.023,0.02,0.032,0.01,0.025,0.125,0.043,0.06,0.039,0.08,0.012,0.073,0.042,0.035,0.02,0.009
2013-11-29 15:00:00,0.001,0.001,0.0,0.0,0.0,0.0,0.034,0.0,0.001,0.0,0.0,0.0,0.006,0.0,0.0,0.0,0.0
2013-11-29 16:00:00,0.0,0.0,0.0,0.0,0.0,0.0,0.0,0.0,0.0,0.0,0.0,0.0,0.0,0.0,0.0,0.0,0.0
2013-11-29 17:00:00,0.0,0.0,0.0,0.0,0.0,0.0,0.0,0.0,0.0,0.0,0.0,0.0,0.0,0.0,0.0,0.0,0.0
2013-11-29 18:00:00,0.0,0.0,0.0,0.0,0.0,0.0,0.0,0.0,0.0,0.0,0.0,0.0,0.0,0.0,0.0,0.0,0.0
2013-11-29 19:00:00,0.0,0.0,0.0,0.0,0.0,0.0,0.0,0.0,0.0,0.0,0.0,0.0,0.0,0.0,0.0,0.0,0.0
2013-11-29 20:00:00,0.0,0.0,0.0,0.0,0.0,0.0,0.0,0.0,0.0,0.0,0.0,0.0,0.0,0.0,0.0,0.0,0.0
2013-11-29 21:00:00,0.0,0.0,0.0,0.0,0.0,0.0,0.0,0.0,0.0,0.0,0.0,0.0,0.0,0.0,0.0,0.0,0.0
2013-11-29 22:00:00,0.0,0.0,0.0,0.0,0.0,0.0,0.0,0.0,0.0,0.0,0.0,0.0,0.0,0.0,0.0,0.0,0.0
2013-11-29 23:00:00,0.0,0.0,0.0,0.0,0.0,0.0,0.0,0.0,0.0,0.0,0.0,0.0,0.0,0.0,0.0,0.0,0.0
2013-11-30 00:00:00,0.0,0.0,0.0,0.0,0.0,0.0,0.0,0.0,0.0,0.0,0.0,0.0,0.0,0.0,0.0,0.0,0.0
2013-11-30 01:00:00,0.0,0.0,0.0,0.0,0.0,0.0,0.0,0.0,0.0,0.0,0.0,0.0,0.0,0.0,0.0,0.0,0.0
2013-11-30 02:00:00,0.0,0.0,0.0,0.0,0.0,0.0,0.0,0.0,0.0,0.0,0.0,0.0,0.0,0.0,0.0,0.0,0.0
2013-11-30 03:00:00,0.0,0.0,0.0,0.0,0.0,0.0,0.0,0.0,0.0,0.0,0.0,0.0,0.0,0.0,0.0,0.0,0.0
2013-11-30 04:00:00,0.0,0.0,0.0,0.0,0.0,0.0,0.0,0.0,0.0,0.0,0.0,0.0,0.0,0.0,0.0,0.0,0.0
2013-11-30 05:00:00,0.0,0.0,0.0,0.0,0.0,0.0,0.0,0.0,0.0,0.0,0.0,0.0,0.0,0.0,0.0,0.0,0.0
2013-11-30 06:00:00,0.0,0.0,0.0,0.0,0.0,0.0,0.0,0.0,0.0,0.0,0.0,0.0,0.0,0.0,0.0,0.0,0.0
2013-11-30 07:00:00,0.0,0.0,0.0,0.0,0.0,0.0,0.001,0.0,0.0,0.001,0.0,0.0,0.0,0.0,0.0,0.0,0.0
2013-11-30 08:00:00,0.008,0.009,0.005,0.017,0.003,0.008,0.027,0.011,0.014,0.024,0.01,0.005,0.013,0.018,0.007,0.007,0.002
2013-11-30 09:00:00,0.026,0.03,0.015,0.046,0.019,0.02,0.06,0.025,0.033,0.061,0.031,0.029,0.036,0.033,0.026,0.02,0.015
2013-11-30 10:00:00,0.043,0.052,0.025,0.068,0.033,0.029,0.097,0.031,0.056,0.08,0.051,0.046,0.048,0.046,0.049,0.039,0.025
2013-11-30 11:00:00,0.057,0.087,0.053,0.057,0.041,0.035,0.137,0.029,0.124,0.088,0.034,0.054,0.062,0.068,0.046,0.066,0.041
2013-11-30 12:00:00,0.061,0.098,0.043,0.042,0.043,0.04,0.144,0.027,0.179,0.087,0.03,0.042,0.089,0.068,0.034,0.082,0.041
2013-11-30 13:00:00,0.055,0.131,0.019,0.028,0.046,0.043,0.121,0.017,0.161,0.073,0.017,0.031,0.136,0.035,0.014,0.07,0.048
2013-11-30 14:00:00,0.037,0.086,0.019,0.009,0.015,0.045,0.089,0.007,0.114,0.029,0.003,0.013,0.132,0.037,0.002,0.052,0.039
2013-11-30 15:00:00,0.006,0.04,0.0,0.0,0.0,0.0,0.015,0.0,0.063,0.0,0.0,0.0,0.029,0.0,0.0,0.004,0.004
2013-11-30 16:00:00,0.0,0.0,0.0,0.0,0.0,0.0,0.0,0.0,0.0,0.0,0.0,0.0,0.0,0.0,0.0,0.0,0.0
2013-11-30 17:00:00,0.0,0.0,0.0,0.0,0.0,0.0,0.0,0.0,0.0,0.0,0.0,0.0,0.0,0.0,0.0,0.0,0.0
2013-11-30 18:00:00,0.0,0.0,0.0,0.0,0.0,0.0,0.0,0.0,0.0,0.0,0.0,0.0,0.0,0.0,0.0,0.0,0.0
2013-11-30 19:00:00,0.0,0.0,0.0,0.0,0.0,0.0,0.0,0.0,0.0,0.0,0.0,0.0,0.0,0.0,0.0,0.0,0.0
2013-11-30 20:00:00,0.0,0.0,0.0,0.0,0.0,0.0,0.0,0.0,0.0,0.0,0.0,0.0,0.0,0.0,0.0,0.0,0.0
2013-11-30 21:00:00,0.0,0.0,0.0,0.0,0.0,0.0,0.0,0.0,0.0,0.0,0.0,0.0,0.0,0.0,0.0,0.0,0.0
2013-11-30 22:00:00,0.0,0.0,0.0,0.0,0.0,0.0,0.0,0.0,0.0,0.0,0.0,0.0,0.0,0.0,0.0,0.0,0.0
2013-11-30 23:00:00,0.0,0.0,0.0,0.0,0.0,0.0,0.0,0.0,0.0,0.0,0.0,0.0,0.0,0.0,0.0,0.0,0.0
2013-12-01 00:00:00,0.0,0.0,0.0,0.0,0.0,0.0,0.0,0.0,0.0,0.0,0.0,0.0,0.0,0.0,0.0,0.0,0.0
2013-12-01 01:00:00,0.0,0.0,0.0,0.0,0.0,0.0,0.0,0.0,0.0,0.0,0.0,0.0,0.0,0.0,0.0,0.0,0.0
2013-12-01 02:00:00,0.0,0.0,0.0,0.0,0.0,0.0,0.0,0.0,0.0,0.0,0.0,0.0,0.0,0.0,0.0,0.0,0.0
2013-12-01 03:00:00,0.0,0.0,0.0,0.0,0.0,0.0,0.0,0.0,0.0,0.0,0.0,0.0,0.0,0.0,0.0,0.0,0.0
2013-12-01 04:00:00,0.0,0.0,0.0,0.0,0.0,0.0,0.0,0.0,0.0,0.0,0.0,0.0,0.0,0.0,0.0,0.0,0.0
2013-12-01 05:00:00,0.0,0.0,0.0,0.0,0.0,0.0,0.0,0.0,0.0,0.0,0.0,0.0,0.0,0.0,0.0,0.0,0.0
2013-12-01 06:00:00,0.0,0.0,0.0,0.0,0.0,0.0,0.0,0.0,0.0,0.0,0.0,0.0,0.0,0.0,0.0,0.0,0.0
2013-12-01 07:00:00,0.0,0.0,0.0,0.0,0.0,0.0,0.0,0.0,0.0,0.001,0.0,0.0,0.0,0.0,0.0,0.0,0.0
2013-12-01 08:00:00,0.007,0.008,0.006,0.013,0.006,0.008,0.027,0.006,0.014,0.021,0.008,0.001,0.018,0.022,0.003,0.006,0.002
2013-12-01 09:00:00,0.025,0.032,0.024,0.032,0.029,0.028,0.057,0.022,0.035,0.045,0.024,0.008,0.037,0.038,0.017,0.023,0.01
2013-12-01 10:00:00,0.04,0.05,0.028,0.067,0.035,0.057,0.095,0.051,0.053,0.085,0.041,0.015,0.06,0.081,0.022,0.037,0.015
2013-12-01 11:00:00,0.062,0.086,0.025,0.092,0.055,0.089,0.147,0.078,0.11,0.123,0.061,0.021,0.118,0.092,0.015,0.066,0.025
2013-12-01 12:00:00,0.056,0.083,0.019,0.097,0.047,0.091,0.174,0.055,0.097,0.113,0.058,0.015,0.111,0.094,0.007,0.053,0.024
2013-12-01 13:00:00,0.044,0.062,0.009,0.121,0.023,0.068,0.187,0.047,0.093,0.12,0.01,0.032,0.083,0.137,0.007,0.025,0.021
2013-12-01 14:00:00,0.027,0.043,0.002,0.084,0.008,0.036,0.12,0.028,0.063,0.099,0.0,0.029,0.068,0.084,0.003,0.006,0.026
2013-12-01 15:00:00,0.001,0.003,0.0,0.0,0.0,0.0,0.009,0.0,0.023,0.0,0.0,0.0,0.012,0.0,0.0,0.0,0.001
2013-12-01 16:00:00,0.0,0.0,0.0,0.0,0.0,0.0,0.0,0.0,0.0,0.0,0.0,0.0,0.0,0.0,0.0,0.0,0.0
2013-12-01 17:00:00,0.0,0.0,0.0,0.0,0.0,0.0,0.0,0.0,0.0,0.0,0.0,0.0,0.0,0.0,0.0,0.0,0.0
2013-12-01 18:00:00,0.0,0.0,0.0,0.0,0.0,0.0,0.0,0.0,0.0,0.0,0.0,0.0,0.0,0.0,0.0,0.0,0.0
2013-12-01 19:00:00,0.0,0.0,0.0,0.0,0.0,0.0,0.0,0.0,0.0,0.0,0.0,0.0,0.0,0.0,0.0,0.0,0.0
2013-12-01 20:00:00,0.0,0.0,0.0,0.0,0.0,0.0,0.0,0.0,0.0,0.0,0.0,0.0,0.0,0.0,0.0,0.0,0.0
2013-12-01 21:00:00,0.0,0.0,0.0,0.0,0.0,0.0,0.0,0.0,0.0,0.0,0.0,0.0,0.0,0.0,0.0,0.0,0.0
2013-12-01 22:00:00,0.0,0.0,0.0,0.0,0.0,0.0,0.0,0.0,0.0,0.0,0.0,0.0,0.0,0.0,0.0,0.0,0.0
2013-12-01 23:00:00,0.0,0.0,0.0,0.0,0.0,0.0,0.0,0.0,0.0,0.0,0.0,0.0,0.0,0.0,0.0,0.0,0.0
2013-12-02 00:00:00,0.0,0.0,0.0,0.0,0.0,0.0,0.0,0.0,0.0,0.0,0.0,0.0,0.0,0.0,0.0,0.0,0.0
2013-12-02 01:00:00,0.0,0.0,0.0,0.0,0.0,0.0,0.0,0.0,0.0,0.0,0.0,0.0,0.0,0.0,0.0,0.0,0.0
2013-12-02 02:00:00,0.0,0.0,0.0,0.0,0.0,0.0,0.0,0.0,0.0,0.0,0.0,0.0,0.0,0.0,0.0,0.0,0.0
2013-12-02 03:00:00,0.0,0.0,0.0,0.0,0.0,0.0,0.0,0.0,0.0,0.0,0.0,0.0,0.0,0.0,0.0,0.0,0.0
2013-12-02 04:00:00,0.0,0.0,0.0,0.0,0.0,0.0,0.0,0.0,0.0,0.0,0.0,0.0,0.0,0.0,0.0,0.0,0.0
2013-12-02 05:00:00,0.0,0.0,0.0,0.0,0.0,0.0,0.0,0.0,0.0,0.0,0.0,0.0,0.0,0.0,0.0,0.0,0.0
2013-12-02 06:00:00,0.0,0.0,0.0,0.0,0.0,0.0,0.0,0.0,0.0,0.0,0.0,0.0,0.0,0.0,0.0,0.0,0.0
2013-12-02 07:00:00,0.0,0.0,0.0,0.001,0.0,0.0,0.0,0.0,0.0,0.001,0.0,0.0,0.0,0.001,0.0,0.0,0.0
2013-12-02 08:00:00,0.014,0.014,0.013,0.026,0.009,0.019,0.023,0.019,0.018,0.026,0.018,0.008,0.02,0.026,0.014,0.013,0.006
2013-12-02 09:00:00,0.035,0.037,0.03,0.047,0.029,0.043,0.042,0.043,0.039,0.055,0.034,0.028,0.04,0.057,0.034,0.031,0.025
2013-12-02 10:00:00,0.058,0.057,0.048,0.097,0.04,0.075,0.088,0.073,0.068,0.103,0.075,0.043,0.077,0.098,0.059,0.046,0.037
2013-12-02 11:00:00,0.147,0.156,0.141,0.189,0.139,0.143,0.18,0.148,0.175,0.149,0.175,0.115,0.179,0.155,0.124,0.151,0.119
2013-12-02 12:00:00,0.211,0.235,0.21,0.212,0.222,0.185,0.237,0.195,0.246,0.201,0.234,0.174,0.235,0.158,0.176,0.227,0.198
2013-12-02 13:00:00,0.211,0.262,0.209,0.193,0.253,0.19,0.167,0.177,0.263,0.187,0.221,0.159,0.23,0.151,0.12,0.24,0.214
2013-12-02 14:00:00,0.151,0.202,0.133,0.134,0.193,0.15,0.109,0.143,0.18,0.164,0.146,0.116,0.144,0.126,0.098,0.167,0.125
2013-12-02 15:00:00,0.019,0.105,0.0,0.0,0.071,0.0,0.004,0.0,0.074,0.0,0.0,0.0,0.024,0.0,0.0,0.013,0.002
2013-12-02 16:00:00,0.0,0.0,0.0,0.0,0.0,0.0,0.0,0.0,0.0,0.0,0.0,0.0,0.0,0.0,0.0,0.0,0.0
2013-12-02 17:00:00,0.0,0.0,0.0,0.0,0.0,0.0,0.0,0.0,0.0,0.0,0.0,0.0,0.0,0.0,0.0,0.0,0.0
2013-12-02 18:00:00,0.0,0.0,0.0,0.0,0.0,0.0,0.0,0.0,0.0,0.0,0.0,0.0,0.0,0.0,0.0,0.0,0.0
2013-12-02 19:00:00,0.0,0.0,0.0,0.0,0.0,0.0,0.0,0.0,0.0,0.0,0.0,0.0,0.0,0.0,0.0,0.0,0.0
2013-12-02 20:00:00,0.0,0.0,0.0,0.0,0.0,0.0,0.0,0.0,0.0,0.0,0.0,0.0,0.0,0.0,0.0,0.0,0.0
2013-12-02 21:00:00,0.0,0.0,0.0,0.0,0.0,0.0,0.0,0.0,0.0,0.0,0.0,0.0,0.0,0.0,0.0,0.0,0.0
2013-12-02 22:00:00,0.0,0.0,0.0,0.0,0.0,0.0,0.0,0.0,0.0,0.0,0.0,0.0,0.0,0.0,0.0,0.0,0.0
2013-12-02 23:00:00,0.0,0.0,0.0,0.0,0.0,0.0,0.0,0.0,0.0,0.0,0.0,0.0,0.0,0.0,0.0,0.0,0.0
2013-12-03 00:00:00,0.0,0.0,0.0,0.0,0.0,0.0,0.0,0.0,0.0,0.0,0.0,0.0,0.0,0.0,0.0,0.0,0.0
2013-12-03 01:00:00,0.0,0.0,0.0,0.0,0.0,0.0,0.0,0.0,0.0,0.0,0.0,0.0,0.0,0.0,0.0,0.0,0.0
2013-12-03 02:00:00,0.0,0.0,0.0,0.0,0.0,0.0,0.0,0.0,0.0,0.0,0.0,0.0,0.0,0.0,0.0,0.0,0.0
2013-12-03 03:00:00,0.0,0.0,0.0,0.0,0.0,0.0,0.0,0.0,0.0,0.0,0.0,0.0,0.0,0.0,0.0,0.0,0.0
2013-12-03 04:00:00,0.0,0.0,0.0,0.0,0.0,0.0,0.0,0.0,0.0,0.0,0.0,0.0,0.0,0.0,0.0,0.0,0.0
2013-12-03 05:00:00,0.0,0.0,0.0,0.0,0.0,0.0,0.0,0.0,0.0,0.0,0.0,0.0,0.0,0.0,0.0,0.0,0.0
2013-12-03 06:00:00,0.0,0.0,0.0,0.0,0.0,0.0,0.0,0.0,0.0,0.0,0.0,0.0,0.0,0.0,0.0,0.0,0.0
2013-12-03 07:00:00,0.0,0.0,0.0,0.001,0.0,0.0,0.0,0.0,0.0,0.002,0.0,0.0,0.0,0.0,0.0,0.0,0.0
2013-12-03 08:00:00,0.02,0.02,0.018,0.031,0.014,0.026,0.026,0.028,0.025,0.026,0.028,0.011,0.028,0.028,0.02,0.019,0.009
2013-12-03 09:00:00,0.054,0.056,0.055,0.056,0.049,0.066,0.047,0.063,0.065,0.042,0.059,0.046,0.06,0.052,0.055,0.056,0.044
2013-12-03 10:00:00,0.082,0.08,0.077,0.107,0.075,0.095,0.098,0.093,0.097,0.109,0.088,0.064,0.096,0.104,0.076,0.08,0.065
2013-12-03 11:00:00,0.132,0.146,0.137,0.156,0.128,0.136,0.196,0.123,0.151,0.194,0.111,0.11,0.164,0.166,0.1,0.136,0.106
2013-12-03 12:00:00,0.162,0.18,0.196,0.16,0.158,0.15,0.25,0.138,0.191,0.227,0.102,0.135,0.189,0.183,0.113,0.181,0.141
2013-12-03 13:00:00,0.141,0.161,0.163,0.112,0.139,0.169,0.199,0.126,0.175,0.166,0.073,0.127,0.16,0.119,0.092,0.17,0.112
2013-12-03 14:00:00,0.087,0.108,0.095,0.049,0.085,0.113,0.102,0.071,0.128,0.07,0.025,0.072,0.127,0.078,0.058,0.115,0.07
2013-12-03 15:00:00,0.008,0.034,0.0,0.0,0.033,0.0,0.002,0.0,0.035,0.0,0.0,0.0,0.012,0.0,0.0,0.003,0.006
2013-12-03 16:00:00,0.0,0.0,0.0,0.0,0.0,0.0,0.0,0.0,0.0,0.0,0.0,0.0,0.0,0.0,0.0,0.0,0.0
2013-12-03 17:00:00,0.0,0.0,0.0,0.0,0.0,0.0,0.0,0.0,0.0,0.0,0.0,0.0,0.0,0.0,0.0,0.0,0.0
2013-12-03 18:00:00,0.0,0.0,0.0,0.0,0.0,0.0,0.0,0.0,0.0,0.0,0.0,0.0,0.0,0.0,0.0,0.0,0.0
2013-12-03 19:00:00,0.0,0.0,0.0,0.0,0.0,0.0,0.0,0.0,0.0,0.0,0.0,0.0,0.0,0.0,0.0,0.0,0.0
2013-12-03 20:00:00,0.0,0.0,0.0,0.0,0.0,0.0,0.0,0.0,0.0,0.0,0.0,0.0,0.0,0.0,0.0,0.0,0.0
2013-12-03 21:00:00,0.0,0.0,0.0,0.0,0.0,0.0,0.0,0.0,0.0,0.0,0.0,0.0,0.0,0.0,0.0,0.0,0.0
2013-12-03 22:00:00,0.0,0.0,0.0,0.0,0.0,0.0,0.0,0.0,0.0,0.0,0.0,0.0,0.0,0.0,0.0,0.0,0.0
2013-12-03 23:00:00,0.0,0.0,0.0,0.0,0.0,0.0,0.0,0.0,0.0,0.0,0.0,0.0,0.0,0.0,0.0,0.0,0.0
2013-12-04 00:00:00,0.0,0.0,0.0,0.0,0.0,0.0,0.0,0.0,0.0,0.0,0.0,0.0,0.0,0.0,0.0,0.0,0.0
2013-12-04 01:00:00,0.0,0.0,0.0,0.0,0.0,0.0,0.0,0.0,0.0,0.0,0.0,0.0,0.0,0.0,0.0,0.0,0.0
2013-12-04 02:00:00,0.0,0.0,0.0,0.0,0.0,0.0,0.0,0.0,0.0,0.0,0.0,0.0,0.0,0.0,0.0,0.0,0.0
2013-12-04 03:00:00,0.0,0.0,0.0,0.0,0.0,0.0,0.0,0.0,0.0,0.0,0.0,0.0,0.0,0.0,0.0,0.0,0.0
2013-12-04 04:00:00,0.0,0.0,0.0,0.0,0.0,0.0,0.0,0.0,0.0,0.0,0.0,0.0,0.0,0.0,0.0,0.0,0.0
2013-12-04 05:00:00,0.0,0.0,0.0,0.0,0.0,0.0,0.0,0.0,0.0,0.0,0.0,0.0,0.0,0.0,0.0,0.0,0.0
2013-12-04 06:00:00,0.0,0.0,0.0,0.0,0.0,0.0,0.0,0.0,0.0,0.0,0.0,0.0,0.0,0.0,0.0,0.0,0.0
2013-12-04 07:00:00,0.0,0.0,0.0,0.001,0.0,0.0,0.0,0.0,0.0,0.003,0.0,0.0,0.0,0.0,0.0,0.0,0.0
2013-12-04 08:00:00,0.015,0.016,0.01,0.036,0.01,0.027,0.033,0.022,0.021,0.037,0.011,0.002,0.025,0.032,0.004,0.016,0.002
2013-12-04 09:00:00,0.04,0.048,0.032,0.069,0.038,0.06,0.058,0.055,0.053,0.054,0.027,0.013,0.052,0.06,0.018,0.046,0.019
2013-12-04 10:00:00,0.06,0.059,0.056,0.106,0.055,0.088,0.101,0.078,0.074,0.113,0.047,0.024,0.085,0.102,0.027,0.062,0.028
2013-12-04 11:00:00,0.103,0.145,0.073,0.162,0.091,0.156,0.188,0.126,0.162,0.185,0.056,0.029,0.168,0.172,0.034,0.12,0.033
2013-12-04 12:00:00,0.124,0.202,0.08,0.196,0.069,0.207,0.25,0.162,0.235,0.212,0.074,0.026,0.234,0.21,0.037,0.147,0.023
2013-12-04 13:00:00,0.103,0.171,0.049,0.2,0.037,0.191,0.262,0.15,0.249,0.195,0.068,0.014,0.241,0.205,0.025,0.103,0.012
2013-12-04 14:00:00,0.048,0.08,0.014,0.086,0.011,0.12,0.184,0.061,0.159,0.12,0.02,0.001,0.161,0.129,0.004,0.039,0.002
2013-12-04 15:00:00,0.003,0.027,0.0,0.0,0.0,0.0,0.0,0.0,0.053,0.0,0.0,0.0,0.015,0.0,0.0,0.0,0.0
2013-12-04 16:00:00,0.0,0.0,0.0,0.0,0.0,0.0,0.0,0.0,0.0,0.0,0.0,0.0,0.0,0.0,0.0,0.0,0.0
2013-12-04 17:00:00,0.0,0.0,0.0,0.0,0.0,0.0,0.0,0.0,0.0,0.0,0.0,0.0,0.0,0.0,0.0,0.0,0.0
2013-12-04 18:00:00,0.0,0.0,0.0,0.0,0.0,0.0,0.0,0.0,0.0,0.0,0.0,0.0,0.0,0.0,0.0,0.0,0.0
2013-12-04 19:00:00,0.0,0.0,0.0,0.0,0.0,0.0,0.0,0.0,0.0,0.0,0.0,0.0,0.0,0.0,0.0,0.0,0.0
2013-12-04 20:00:00,0.0,0.0,0.0,0.0,0.0,0.0,0.0,0.0,0.0,0.0,0.0,0.0,0.0,0.0,0.0,0.0,0.0
2013-12-04 21:00:00,0.0,0.0,0.0,0.0,0.0,0.0,0.0,0.0,0.0,0.0,0.0,0.0,0.0,0.0,0.0,0.0,0.0
2013-12-04 22:00:00,0.0,0.0,0.0,0.0,0.0,0.0,0.0,0.0,0.0,0.0,0.0,0.0,0.0,0.0,0.0,0.0,0.0
2013-12-04 23:00:00,0.0,0.0,0.0,0.0,0.0,0.0,0.0,0.0,0.0,0.0,0.0,0.0,0.0,0.0,0.0,0.0,0.0
