hour,PL,PL dolnośląskie,PL kujawsko-pomorskie,PL lubelskie,PL lubuskie,PL łódzkie,PL małopolskie,PL mazowieckie,PL opolskie,PL podkarpackie,PL podlaskie,PL pomorskie,PL śląskie,PL świętokrzyskie,PL warmińsko-mazurskie,PL wielkopolskie,PL zachodniopomorskie
2015-01-28 00:00:00,0.0,0.0,0.0,0.0,0.0,0.0,0.0,0.0,0.0,0.0,0.0,0.0,0.0,0.0,0.0,0.0,0.0
2015-01-28 01:00:00,0.0,0.0,0.0,0.0,0.0,0.0,0.0,0.0,0.0,0.0,0.0,0.0,0.0,0.0,0.0,0.0,0.0
2015-01-28 02:00:00,0.0,0.0,0.0,0.0,0.0,0.0,0.0,0.0,0.0,0.0,0.0,0.0,0.0,0.0,0.0,0.0,0.0
2015-01-28 03:00:00,0.0,0.0,0.0,0.0,0.0,0.0,0.0,0.0,0.0,0.0,0.0,0.0,0.0,0.0,0.0,0.0,0.0
2015-01-28 04:00:00,0.0,0.0,0.0,0.0,0.0,0.0,0.0,0.0,0.0,0.0,0.0,0.0,0.0,0.0,0.0,0.0,0.0
2015-01-28 05:00:00,0.0,0.0,0.0,0.0,0.0,0.0,0.0,0.0,0.0,0.0,0.0,0.0,0.0,0.0,0.0,0.0,0.0
2015-01-28 06:00:00,0.0,0.0,0.0,0.0,0.0,0.0,0.0,0.0,0.0,0.0,0.0,0.0,0.0,0.0,0.0,0.0,0.0
2015-01-28 07:00:00,0.001,0.0,0.0,0.002,0.0,0.0,0.005,0.0,0.0,0.014,0.0,0.0,0.0,0.001,0.0,0.0,0.0
2015-01-28 08:00:00,0.035,0.05,0.027,0.022,0.015,0.02,0.074,0.008,0.047,0.097,0.013,0.051,0.043,0.031,0.017,0.055,0.014
2015-01-28 09:00:00,0.07,0.098,0.103,0.052,0.047,0.074,0.143,0.029,0.138,0.114,0.032,0.089,0.124,0.058,0.034,0.09,0.021
2015-01-28 10:00:00,0.095,0.125,0.09,0.09,0.064,0.137,0.197,0.058,0.165,0.117,0.051,0.084,0.21,0.079,0.075,0.119,0.037
2015-01-28 11:00:00,0.096,0.15,0.086,0.073,0.105,0.142,0.169,0.091,0.146,0.095,0.066,0.074,0.195,0.086,0.087,0.099,0.04
2015-01-28 12:00:00,0.082,0.114,0.069,0.067,0.091,0.115,0.149,0.081,0.128,0.086,0.059,0.065,0.169,0.095,0.076,0.078,0.046
2015-01-28 13:00:00,0.054,0.077,0.039,0.054,0.061,0.073,0.094,0.057,0.085,0.065,0.037,0.044,0.105,0.064,0.058,0.046,0.03
2015-01-28 14:00:00,0.038,0.05,0.022,0.032,0.046,0.045,0.063,0.035,0.057,0.039,0.021,0.022,0.078,0.042,0.033,0.039,0.03
2015-01-28 15:00:00,0.014,0.024,0.008,0.007,0.025,0.016,0.027,0.009,0.022,0.01,0.003,0.006,0.028,0.015,0.006,0.015,0.014
2015-01-28 16:00:00,0.0,0.0,0.0,0.0,0.0,0.0,0.0,0.0,0.0,0.0,0.0,0.0,0.0,0.0,0.0,0.0,0.0
2015-01-28 17:00:00,0.0,0.0,0.0,0.0,0.0,0.0,0.0,0.0,0.0,0.0,0.0,0.0,0.0,0.0,0.0,0.0,0.0
2015-01-28 18:00:00,0.0,0.0,0.0,0.0,0.0,0.0,0.0,0.0,0.0,0.0,0.0,0.0,0.0,0.0,0.0,0.0,0.0
2015-01-28 19:00:00,0.0,0.0,0.0,0.0,0.0,0.0,0.0,0.0,0.0,0.0,0.0,0.0,0.0,0.0,0.0,0.0,0.0
2015-01-28 20:00:00,0.0,0.0,0.0,0.0,0.0,0.0,0.0,0.0,0.0,0.0,0.0,0.0,0.0,0.0,0.0,0.0,0.0
2015-01-28 21:00:00,0.0,0.0,0.0,0.0,0.0,0.0,0.0,0.0,0.0,0.0,0.0,0.0,0.0,0.0,0.0,0.0,0.0
2015-01-28 22:00:00,0.0,0.0,0.0,0.0,0.0,0.0,0.0,0.0,0.0,0.0,0.0,0.0,0.0,0.0,0.0,0.0,0.0
2015-01-28 23:00:00,0.0,0.0,0.0,0.0,0.0,0.0,0.0,0.0,0.0,0.0,0.0,0.0,0.0,0.0,0.0,0.0,0.0
2015-01-29 00:00:00,0.0,0.0,0.0,0.0,0.0,0.0,0.0,0.0,0.0,0.0,0.0,0.0,0.0,0.0,0.0,0.0,0.0
2015-01-29 01:00:00,0.0,0.0,0.0,0.0,0.0,0.0,0.0,0.0,0.0,0.0,0.0,0.0,0.0,0.0,0.0,0.0,0.0
2015-01-29 02:00:00,0.0,0.0,0.0,0.0,0.0,0.0,0.0,0.0,0.0,0.0,0.0,0.0,0.0,0.0,0.0,0.0,0.0
2015-01-29 03:00:00,0.0,0.0,0.0,0.0,0.0,0.0,0.0,0.0,0.0,0.0,0.0,0.0,0.0,0.0,0.0,0.0,0.0
2015-01-29 04:00:00,0.0,0.0,0.0,0.0,0.0,0.0,0.0,0.0,0.0,0.0,0.0,0.0,0.0,0.0,0.0,0.0,0.0
2015-01-29 05:00:00,0.0,0.0,0.0,0.0,0.0,0.0,0.0,0.0,0.0,0.0,0.0,0.0,0.0,0.0,0.0,0.0,0.0
2015-01-29 06:00:00,0.0,0.0,0.0,0.0,0.0,0.0,0.0,0.0,0.0,0.0,0.0,0.0,0.0,0.0,0.0,0.0,0.0
2015-01-29 07:00:00,0.004,0.0,0.0,0.048,0.0,0.0,0.0,0.001,0.0,0.036,0.012,0.0,0.0,0.006,0.0,0.0,0.0
2015-01-29 08:00:00,0.077,0.134,0.056,0.103,0.166,0.026,0.022,0.013,0.049,0.072,0.037,0.053,0.032,0.021,0.018,0.1,0.072
2015-01-29 09:00:00,0.145,0.244,0.122,0.086,0.288,0.095,0.058,0.043,0.094,0.071,0.052,0.065,0.059,0.043,0.064,0.197,0.183
2015-01-29 10:00:00,0.188,0.32,0.159,0.102,0.323,0.123,0.097,0.083,0.166,0.097,0.081,0.123,0.065,0.054,0.101,0.242,0.253
2015-01-29 11:00:00,0.189,0.295,0.185,0.077,0.282,0.133,0.108,0.106,0.219,0.094,0.098,0.175,0.104,0.056,0.151,0.24,0.205
2015-01-29 12:00:00,0.141,0.2,0.14,0.071,0.189,0.122,0.128,0.094,0.181,0.077,0.087,0.133,0.162,0.058,0.126,0.164,0.137
2015-01-29 13:00:00,0.072,0.077,0.063,0.056,0.074,0.084,0.104,0.069,0.089,0.082,0.066,0.063,0.118,0.07,0.076,0.065,0.079
2015-01-29 14:00:00,0.049,0.047,0.045,0.047,0.053,0.058,0.062,0.05,0.051,0.053,0.043,0.044,0.074,0.05,0.045,0.043,0.059
2015-01-29 15:00:00,0.019,0.025,0.017,0.011,0.026,0.018,0.021,0.013,0.024,0.008,0.008,0.016,0.03,0.011,0.012,0.021,0.023
2015-01-29 16:00:00,0.0,0.0,0.0,0.0,0.0,0.0,0.0,0.0,0.0,0.0,0.0,0.0,0.0,0.0,0.0,0.0,0.0
2015-01-29 17:00:00,0.0,0.0,0.0,0.0,0.0,0.0,0.0,0.0,0.0,0.0,0.0,0.0,0.0,0.0,0.0,0.0,0.0
2015-01-29 18:00:00,0.0,0.0,0.0,0.0,0.0,0.0,0.0,0.0,0.0,0.0,0.0,0.0,0.0,0.0,0.0,0.0,0.0
2015-01-29 19:00:00,0.0,0.0,0.0,0.0,0.0,0.0,0.0,0.0,0.0,0.0,0.0,0.0,0.0,0.0,0.0,0.0,0.0
2015-01-29 20:00:00,0.0,0.0,0.0,0.0,0.0,0.0,0.0,0.0,0.0,0.0,0.0,0.0,0.0,0.0,0.0,0.0,0.0
2015-01-29 21:00:00,0.0,0.0,0.0,0.0,0.0,0.0,0.0,0.0,0.0,0.0,0.0,0.0,0.0,0.0,0.0,0.0,0.0
2015-01-29 22:00:00,0.0,0.0,0.0,0.0,0.0,0.0,0.0,0.0,0.0,0.0,0.0,0.0,0.0,0.0,0.0,0.0,0.0
2015-01-29 23:00:00,0.0,0.0,0.0,0.0,0.0,0.0,0.0,0.0,0.0,0.0,0.0,0.0,0.0,0.0,0.0,0.0,0.0
2015-01-30 00:00:00,0.0,0.0,0.0,0.0,0.0,0.0,0.0,0.0,0.0,0.0,0.0,0.0,0.0,0.0,0.0,0.0,0.0
2015-01-30 01:00:00,0.0,0.0,0.0,0.0,0.0,0.0,0.0,0.0,0.0,0.0,0.0,0.0,0.0,0.0,0.0,0.0,0.0
2015-01-30 02:00:00,0.0,0.0,0.0,0.0,0.0,0.0,0.0,0.0,0.0,0.0,0.0,0.0,0.0,0.0,0.0,0.0,0.0
2015-01-30 03:00:00,0.0,0.0,0.0,0.0,0.0,0.0,0.0,0.0,0.0,0.0,0.0,0.0,0.0,0.0,0.0,0.0,0.0
2015-01-30 04:00:00,0.0,0.0,0.0,0.0,0.0,0.0,0.0,0.0,0.0,0.0,0.0,0.0,0.0,0.0,0.0,0.0,0.0
2015-01-30 05:00:00,0.0,0.0,0.0,0.0,0.0,0.0,0.0,0.0,0.0,0.0,0.0,0.0,0.0,0.0,0.0,0.0,0.0
2015-01-30 06:00:00,0.0,0.0,0.0,0.0,0.0,0.0,0.0,0.0,0.0,0.0,0.0,0.0,0.0,0.0,0.0,0.0,0.0
2015-01-30 07:00:00,0.005,0.0,0.0,0.032,0.0,0.0,0.011,0.003,0.0,0.037,0.014,0.0,0.0,0.032,0.0,0.0,0.0
2015-01-30 08:00:00,0.037,0.02,0.022,0.111,0.005,0.027,0.078,0.065,0.015,0.105,0.071,0.033,0.04,0.069,0.092,0.014,0.008
2015-01-30 09:00:00,0.087,0.055,0.063,0.181,0.039,0.054,0.156,0.128,0.058,0.141,0.142,0.052,0.085,0.104,0.138,0.087,0.041
2015-01-30 10:00:00,0.121,0.107,0.104,0.231,0.056,0.093,0.189,0.172,0.076,0.123,0.201,0.073,0.09,0.122,0.189,0.122,0.068
2015-01-30 11:00:00,0.137,0.148,0.114,0.204,0.095,0.082,0.193,0.149,0.119,0.135,0.2,0.076,0.113,0.15,0.177,0.157,0.094
2015-01-30 12:00:00,0.115,0.157,0.099,0.149,0.124,0.056,0.141,0.109,0.117,0.14,0.145,0.069,0.085,0.136,0.127,0.115,0.091
2015-01-30 13:00:00,0.076,0.088,0.077,0.074,0.079,0.056,0.099,0.066,0.075,0.085,0.077,0.07,0.083,0.087,0.077,0.075,0.078
2015-01-30 14:00:00,0.044,0.045,0.049,0.041,0.042,0.043,0.044,0.042,0.047,0.057,0.043,0.043,0.048,0.052,0.043,0.041,0.046
2015-01-30 15:00:00,0.013,0.015,0.016,0.014,0.014,0.018,0.009,0.013,0.014,0.017,0.011,0.012,0.007,0.016,0.012,0.012,0.008
2015-01-30 16:00:00,0.0,0.0,0.0,0.0,0.0,0.0,0.0,0.0,0.0,0.0,0.0,0.0,0.0,0.0,0.0,0.0,0.0
2015-01-30 17:00:00,0.0,0.0,0.0,0.0,0.0,0.0,0.0,0.0,0.0,0.0,0.0,0.0,0.0,0.0,0.0,0.0,0.0
2015-01-30 18:00:00,0.0,0.0,0.0,0.0,0.0,0.0,0.0,0.0,0.0,0.0,0.0,0.0,0.0,0.0,0.0,0.0,0.0
2015-01-30 19:00:00,0.0,0.0,0.0,0.0,0.0,0.0,0.0,0.0,0.0,0.0,0.0,0.0,0.0,0.0,0.0,0.0,0.0
2015-01-30 20:00:00,0.0,0.0,0.0,0.0,0.0,0.0,0.0,0.0,0.0,0.0,0.0,0.0,0.0,0.0,0.0,0.0,0.0
2015-01-30 21:00:00,0.0,0.0,0.0,0.0,0.0,0.0,0.0,0.0,0.0,0.0,0.0,0.0,0.0,0.0,0.0,0.0,0.0
2015-01-30 22:00:00,0.0,0.0,0.0,0.0,0.0,0.0,0.0,0.0,0.0,0.0,0.0,0.0,0.0,0.0,0.0,0.0,0.0
2015-01-30 23:00:00,0.0,0.0,0.0,0.0,0.0,0.0,0.0,0.0,0.0,0.0,0.0,0.0,0.0,0.0,0.0,0.0,0.0
2015-01-31 00:00:00,0.0,0.0,0.0,0.0,0.0,0.0,0.0,0.0,0.0,0.0,0.0,0.0,0.0,0.0,0.0,0.0,0.0
2015-01-31 01:00:00,0.0,0.0,0.0,0.0,0.0,0.0,0.0,0.0,0.0,0.0,0.0,0.0,0.0,0.0,0.0,0.0,0.0
2015-01-31 02:00:00,0.0,0.0,0.0,0.0,0.0,0.0,0.0,0.0,0.0,0.0,0.0,0.0,0.0,0.0,0.0,0.0,0.0
2015-01-31 03:00:00,0.0,0.0,0.0,0.0,0.0,0.0,0.0,0.0,0.0,0.0,0.0,0.0,0.0,0.0,0.0,0.0,0.0
2015-01-31 04:00:00,0.0,0.0,0.0,0.0,0.0,0.0,0.0,0.0,0.0,0.0,0.0,0.0,0.0,0.0,0.0,0.0,0.0
2015-01-31 05:00:00,0.0,0.0,0.0,0.0,0.0,0.0,0.0,0.0,0.0,0.0,0.0,0.0,0.0,0.0,0.0,0.0,0.0
2015-01-31 06:00:00,0.0,0.0,0.0,0.0,0.0,0.0,0.0,0.0,0.0,0.0,0.0,0.0,0.0,0.0,0.0,0.0,0.0
2015-01-31 07:00:00,0.0,0.0,0.0,0.0,0.0,0.0,0.002,0.0,0.0,0.001,0.0,0.0,0.0,0.0,0.0,0.0,0.0
2015-01-31 08:00:00,0.029,0.053,0.025,0.014,0.02,0.05,0.035,0.014,0.067,0.016,0.004,0.021,0.073,0.022,0.017,0.031,0.036
2015-01-31 09:00:00,0.072,0.169,0.06,0.039,0.08,0.079,0.083,0.038,0.146,0.04,0.014,0.083,0.135,0.06,0.041,0.056,0.098
2015-01-31 10:00:00,0.127,0.267,0.085,0.053,0.163,0.124,0.17,0.074,0.204,0.049,0.021,0.137,0.214,0.114,0.057,0.135,0.15
2015-01-31 11:00:00,0.128,0.201,0.141,0.06,0.163,0.128,0.228,0.087,0.189,0.061,0.04,0.14,0.251,0.136,0.053,0.129,0.142
2015-01-31 12:00:00,0.116,0.174,0.085,0.066,0.129,0.096,0.212,0.095,0.145,0.133,0.058,0.107,0.213,0.134,0.064,0.125,0.12
2015-01-31 13:00:00,0.079,0.095,0.062,0.061,0.092,0.077,0.106,0.068,0.094,0.096,0.043,0.073,0.132,0.099,0.061,0.079,0.081
2015-01-31 14:00:00,0.052,0.066,0.055,0.043,0.063,0.061,0.058,0.039,0.072,0.056,0.017,0.05,0.087,0.056,0.027,0.055,0.052
2015-01-31 15:00:00,0.021,0.032,0.022,0.014,0.03,0.023,0.027,0.014,0.029,0.018,0.006,0.017,0.034,0.019,0.009,0.024,0.02
2015-01-31 16:00:00,0.0,0.001,0.0,0.0,0.001,0.0,0.0,0.0,0.0,0.0,0.0,0.0,0.0,0.0,0.0,0.0,0.0
2015-01-31 17:00:00,0.0,0.0,0.0,0.0,0.0,0.0,0.0,0.0,0.0,0.0,0.0,0.0,0.0,0.0,0.0,0.0,0.0
2015-01-31 18:00:00,0.0,0.0,0.0,0.0,0.0,0.0,0.0,0.0,0.0,0.0,0.0,0.0,0.0,0.0,0.0,0.0,0.0
2015-01-31 19:00:00,0.0,0.0,0.0,0.0,0.0,0.0,0.0,0.0,0.0,0.0,0.0,0.0,0.0,0.0,0.0,0.0,0.0
2015-01-31 20:00:00,0.0,0.0,0.0,0.0,0.0,0.0,0.0,0.0,0.0,0.0,0.0,0.0,0.0,0.0,0.0,0.0,0.0
2015-01-31 21:00:00,0.0,0.0,0.0,0.0,0.0,0.0,0.0,0.0,0.0,0.0,0.0,0.0,0.0,0.0,0.0,0.0,0.0
2015-01-31 22:00:00,0.0,0.0,0.0,0.0,0.0,0.0,0.0,0.0,0.0,0.0,0.0,0.0,0.0,0.0,0.0,0.0,0.0
2015-01-31 23:00:00,0.0,0.0,0.0,0.0,0.0,0.0,0.0,0.0,0.0,0.0,0.0,0.0,0.0,0.0,0.0,0.0,0.0
2015-02-01 00:00:00,0.0,0.0,0.0,0.0,0.0,0.0,0.0,0.0,0.0,0.0,0.0,0.0,0.0,0.0,0.0,0.0,0.0
2015-02-01 01:00:00,0.0,0.0,0.0,0.0,0.0,0.0,0.0,0.0,0.0,0.0,0.0,0.0,0.0,0.0,0.0,0.0,0.0
2015-02-01 02:00:00,0.0,0.0,0.0,0.0,0.0,0.0,0.0,0.0,0.0,0.0,0.0,0.0,0.0,0.0,0.0,0.0,0.0
2015-02-01 03:00:00,0.0,0.0,0.0,0.0,0.0,0.0,0.0,0.0,0.0,0.0,0.0,0.0,0.0,0.0,0.0,0.0,0.0
2015-02-01 04:00:00,0.0,0.0,0.0,0.0,0.0,0.0,0.0,0.0,0.0,0.0,0.0,0.0,0.0,0.0,0.0,0.0,0.0
2015-02-01 05:00:00,0.0,0.0,0.0,0.0,0.0,0.0,0.0,0.0,0.0,0.0,0.0,0.0,0.0,0.0,0.0,0.0,0.0
2015-02-01 06:00:00,0.0,0.0,0.0,0.0,0.0,0.0,0.0,0.0,0.0,0.0,0.0,0.0,0.0,0.0,0.0,0.0,0.0
2015-02-01 07:00:00,0.018,0.0,0.0,0.132,0.0,0.0,0.085,0.031,0.0,0.138,0.004,0.0,0.017,0.143,0.0,0.0,0.0
2015-02-01 08:00:00,0.123,0.144,0.041,0.267,0.086,0.195,0.188,0.135,0.192,0.282,0.035,0.072,0.24,0.286,0.089,0.1,0.085
2015-02-01 09:00:00,0.205,0.31,0.094,0.355,0.162,0.309,0.28,0.236,0.331,0.367,0.088,0.112,0.355,0.368,0.112,0.19,0.146
2015-02-01 10:00:00,0.248,0.347,0.142,0.345,0.204,0.342,0.311,0.276,0.36,0.37,0.202,0.199,0.379,0.367,0.189,0.228,0.19
2015-02-01 11:00:00,0.218,0.29,0.116,0.274,0.199,0.282,0.3,0.23,0.314,0.304,0.196,0.208,0.337,0.302,0.177,0.193,0.174
2015-02-01 12:00:00,0.154,0.174,0.116,0.157,0.144,0.175,0.208,0.146,0.201,0.191,0.127,0.154,0.234,0.19,0.142,0.153,0.131
2015-02-01 13:00:00,0.077,0.093,0.069,0.058,0.089,0.071,0.132,0.073,0.074,0.071,0.072,0.077,0.125,0.079,0.079,0.075,0.064
2015-02-01 14:00:00,0.052,0.053,0.055,0.041,0.051,0.053,0.09,0.048,0.057,0.058,0.046,0.052,0.095,0.055,0.05,0.05,0.046
2015-02-01 15:00:00,0.022,0.028,0.021,0.016,0.025,0.023,0.039,0.016,0.027,0.027,0.012,0.019,0.046,0.023,0.015,0.023,0.022
2015-02-01 16:00:00,0.0,0.001,0.0,0.0,0.001,0.0,0.0,0.0,0.0,0.0,0.0,0.0,0.0,0.0,0.0,0.0,0.0
2015-02-01 17:00:00,0.0,0.0,0.0,0.0,0.0,0.0,0.0,0.0,0.0,0.0,0.0,0.0,0.0,0.0,0.0,0.0,0.0
2015-02-01 18:00:00,0.0,0.0,0.0,0.0,0.0,0.0,0.0,0.0,0.0,0.0,0.0,0.0,0.0,0.0,0.0,0.0,0.0
2015-02-01 19:00:00,0.0,0.0,0.0,0.0,0.0,0.0,0.0,0.0,0.0,0.0,0.0,0.0,0.0,0.0,0.0,0.0,0.0
2015-02-01 20:00:00,0.0,0.0,0.0,0.0,0.0,0.0,0.0,0.0,0.0,0.0,0.0,0.0,0.0,0.0,0.0,0.0,0.0
2015-02-01 21:00:00,0.0,0.0,0.0,0.0,0.0,0.0,0.0,0.0,0.0,0.0,0.0,0.0,0.0,0.0,0.0,0.0,0.0
2015-02-01 22:00:00,0.0,0.0,0.0,0.0,0.0,0.0,0.0,0.0,0.0,0.0,0.0,0.0,0.0,0.0,0.0,0.0,0.0
2015-02-01 23:00:00,0.0,0.0,0.0,0.0,0.0,0.0,0.0,0.0,0.0,0.0,0.0,0.0,0.0,0.0,0.0,0.0,0.0
2015-02-02 00:00:00,0.0,0.0,0.0,0.0,0.0,0.0,0.0,0.0,0.0,0.0,0.0,0.0,0.0,0.0,0.0,0.0,0.0
2015-02-02 01:00:00,0.0,0.0,0.0,0.0,0.0,0.0,0.0,0.0,0.0,0.0,0.0,0.0,0.0,0.0,0.0,0.0,0.0
2015-02-02 02:00:00,0.0,0.0,0.0,0.0,0.0,0.0,0.0,0.0,0.0,0.0,0.0,0.0,0.0,0.0,0.0,0.0,0.0
2015-02-02 03:00:00,0.0,0.0,0.0,0.0,0.0,0.0,0.0,0.0,0.0,0.0,0.0,0.0,0.0,0.0,0.0,0.0,0.0
2015-02-02 04:00:00,0.0,0.0,0.0,0.0,0.0,0.0,0.0,0.0,0.0,0.0,0.0,0.0,0.0,0.0,0.0,0.0,0.0
2015-02-02 05:00:00,0.0,0.0,0.0,0.0,0.0,0.0,0.0,0.0,0.0,0.0,0.0,0.0,0.0,0.0,0.0,0.0,0.0
2015-02-02 06:00:00,0.0,0.0,0.0,0.0,0.0,0.0,0.0,0.0,0.0,0.0,0.0,0.0,0.0,0.0,0.0,0.0,0.0
2015-02-02 07:00:00,0.018,0.0,0.0,0.107,0.0,0.043,0.015,0.069,0.0,0.027,0.082,0.0,0.011,0.057,0.003,0.0,0.0
2015-02-02 08:00:00,0.1,0.091,0.032,0.224,0.036,0.174,0.055,0.184,0.143,0.086,0.196,0.051,0.114,0.128,0.071,0.077,0.112
2015-02-02 09:00:00,0.153,0.118,0.067,0.278,0.099,0.233,0.092,0.233,0.237,0.155,0.267,0.13,0.193,0.189,0.134,0.113,0.177
2015-02-02 10:00:00,0.185,0.181,0.084,0.273,0.223,0.242,0.118,0.224,0.293,0.187,0.22,0.195,0.266,0.204,0.136,0.13,0.219
2015-02-02 11:00:00,0.196,0.203,0.146,0.233,0.179,0.217,0.161,0.212,0.273,0.194,0.193,0.218,0.273,0.176,0.171,0.18,0.217
2015-02-02 12:00:00,0.149,0.154,0.14,0.158,0.143,0.158,0.156,0.134,0.19,0.172,0.122,0.163,0.219,0.132,0.121,0.147,0.152
2015-02-02 13:00:00,0.088,0.101,0.068,0.103,0.086,0.096,0.113,0.083,0.101,0.13,0.062,0.091,0.142,0.11,0.078,0.078,0.082
2015-02-02 14:00:00,0.062,0.071,0.052,0.07,0.064,0.072,0.081,0.063,0.069,0.086,0.045,0.059,0.095,0.079,0.05,0.057,0.054
2015-02-02 15:00:00,0.025,0.037,0.022,0.021,0.03,0.028,0.026,0.022,0.032,0.029,0.014,0.023,0.033,0.03,0.015,0.025,0.022
2015-02-02 16:00:00,0.0,0.003,0.0,0.0,0.002,0.0,0.0,0.0,0.0,0.0,0.0,0.0,0.0,0.0,0.0,0.0,0.0
2015-02-02 17:00:00,0.0,0.0,0.0,0.0,0.0,0.0,0.0,0.0,0.0,0.0,0.0,0.0,0.0,0.0,0.0,0.0,0.0
2015-02-02 18:00:00,0.0,0.0,0.0,0.0,0.0,0.0,0.0,0.0,0.0,0.0,0.0,0.0,0.0,0.0,0.0,0.0,0.0
2015-02-02 19:00:00,0.0,0.0,0.0,0.0,0.0,0.0,0.0,0.0,0.0,0.0,0.0,0.0,0.0,0.0,0.0,0.0,0.0
2015-02-02 20:00:00,0.0,0.0,0.0,0.0,0.0,0.0,0.0,0.0,0.0,0.0,0.0,0.0,0.0,0.0,0.0,0.0,0.0
2015-02-02 21:00:00,0.0,0.0,0.0,0.0,0.0,0.0,0.0,0.0,0.0,0.0,0.0,0.0,0.0,0.0,0.0,0.0,0.0
2015-02-02 22:00:00,0.0,0.0,0.0,0.0,0.0,0.0,0.0,0.0,0.0,0.0,0.0,0.0,0.0,0.0,0.0,0.0,0.0
2015-02-02 23:00:00,0.0,0.0,0.0,0.0,0.0,0.0,0.0,0.0,0.0,0.0,0.0,0.0,0.0,0.0,0.0,0.0,0.0
2015-02-03 00:00:00,0.0,0.0,0.0,0.0,0.0,0.0,0.0,0.0,0.0,0.0,0.0,0.0,0.0,0.0,0.0,0.0,0.0
2015-02-03 01:00:00,0.0,0.0,0.0,0.0,0.0,0.0,0.0,0.0,0.0,0.0,0.0,0.0,0.0,0.0,0.0,0.0,0.0
2015-02-03 02:00:00,0.0,0.0,0.0,0.0,0.0,0.0,0.0,0.0,0.0,0.0,0.0,0.0,0.0,0.0,0.0,0.0,0.0
2015-02-03 03:00:00,0.0,0.0,0.0,0.0,0.0,0.0,0.0,0.0,0.0,0.0,0.0,0.0,0.0,0.0,0.0,0.0,0.0
2015-02-03 04:00:00,0.0,0.0,0.0,0.0,0.0,0.0,0.0,0.0,0.0,0.0,0.0,0.0,0.0,0.0,0.0,0.0,0.0
2015-02-03 05:00:00,0.0,0.0,0.0,0.0,0.0,0.0,0.0,0.0,0.0,0.0,0.0,0.0,0.0,0.0,0.0,0.0,0.0
2015-02-03 06:00:00,0.0,0.0,0.0,0.0,0.0,0.0,0.0,0.0,0.0,0.0,0.0,0.0,0.0,0.0,0.0,0.0,0.0
2015-02-03 07:00:00,0.024,0.0,0.0,0.098,0.0,0.061,0.094,0.051,0.0,0.149,0.018,0.0,0.124,0.146,0.001,0.0,0.0
2015-02-03 08:00:00,0.117,0.129,0.072,0.239,0.027,0.244,0.199,0.146,0.237,0.299,0.067,0.057,0.274,0.28,0.085,0.107,0.02
2015-02-03 09:00:00,0.194,0.222,0.162,0.329,0.077,0.349,0.305,0.254,0.355,0.375,0.133,0.136,0.379,0.326,0.16,0.181,0.069
2015-02-03 10:00:00,0.22,0.223,0.165,0.333,0.105,0.356,0.365,0.293,0.359,0.38,0.192,0.184,0.393,0.358,0.212,0.195,0.124
2015-02-03 11:00:00,0.2,0.208,0.148,0.26,0.12,0.299,0.321,0.245,0.306,0.307,0.199,0.19,0.337,0.304,0.19,0.169,0.152
2015-02-03 12:00:00,0.155,0.155,0.135,0.156,0.146,0.19,0.221,0.151,0.201,0.187,0.126,0.149,0.238,0.196,0.146,0.146,0.147
2015-02-03 13:00:00,0.094,0.113,0.09,0.072,0.122,0.068,0.092,0.071,0.108,0.08,0.071,0.098,0.12,0.074,0.088,0.096,0.104
2015-02-03 14:00:00,0.068,0.078,0.06,0.046,0.085,0.059,0.076,0.048,0.075,0.057,0.054,0.071,0.084,0.056,0.053,0.07,0.083
2015-02-03 15:00:00,0.03,0.039,0.026,0.017,0.038,0.027,0.034,0.02,0.036,0.024,0.015,0.027,0.045,0.027,0.017,0.033,0.037
2015-02-03 16:00:00,0.001,0.003,0.0,0.0,0.002,0.0,0.0,0.0,0.001,0.0,0.0,0.0,0.0,0.0,0.0,0.0,0.001
2015-02-03 17:00:00,0.0,0.0,0.0,0.0,0.0,0.0,0.0,0.0,0.0,0.0,0.0,0.0,0.0,0.0,0.0,0.0,0.0
2015-02-03 18:00:00,0.0,0.0,0.0,0.0,0.0,0.0,0.0,0.0,0.0,0.0,0.0,0.0,0.0,0.0,0.0,0.0,0.0
2015-02-03 19:00:00,0.0,0.0,0.0,0.0,0.0,0.0,0.0,0.0,0.0,0.0,0.0,0.0,0.0,0.0,0.0,0.0,0.0
2015-02-03 20:00:00,0.0,0.0,0.0,0.0,0.0,0.0,0.0,0.0,0.0,0.0,0.0,0.0,0.0,0.0,0.0,0.0,0.0
2015-02-03 21:00:00,0.0,0.0,0.0,0.0,0.0,0.0,0.0,0.0,0.0,0.0,0.0,0.0,0.0,0.0,0.0,0.0,0.0
2015-02-03 22:00:00,0.0,0.0,0.0,0.0,0.0,0.0,0.0,0.0,0.0,0.0,0.0,0.0,0.0,0.0,0.0,0.0,0.0
2015-02-03 23:00:00,0.0,0.0,0.0,0.0,0.0,0.0,0.0,0.0,0.0,0.0,0.0,0.0,0.0,0.0,0.0,0.0,0.0
2015-02-04 00:00:00,0.0,0.0,0.0,0.0,0.0,0.0,0.0,0.0,0.0,0.0,0.0,0.0,0.0,0.0,0.0,0.0,0.0
2015-02-04 01:00:00,0.0,0.0,0.0,0.0,0.0,0.0,0.0,0.0,0.0,0.0,0.0,0.0,0.0,0.0,0.0,0.0,0.0
2015-02-04 02:00:00,0.0,0.0,0.0,0.0,0.0,0.0,0.0,0.0,0.0,0.0,0.0,0.0,0.0,0.0,0.0,0.0,0.0
2015-02-04 03:00:00,0.0,0.0,0.0,0.0,0.0,0.0,0.0,0.0,0.0,0.0,0.0,0.0,0.0,0.0,0.0,0.0,0.0
2015-02-04 04:00:00,0.0,0.0,0.0,0.0,0.0,0.0,0.0,0.0,0.0,0.0,0.0,0.0,0.0,0.0,0.0,0.0,0.0
2015-02-04 05:00:00,0.0,0.0,0.0,0.0,0.0,0.0,0.0,0.0,0.0,0.0,0.0,0.0,0.0,0.0,0.0,0.0,0.0
2015-02-04 06:00:00,0.0,0.0,0.0,0.0,0.0,0.0,0.0,0.0,0.0,0.0,0.0,0.0,0.0,0.0,0.0,0.0,0.0
2015-02-04 07:00:00,0.018,0.0,0.0,0.071,0.0,0.013,0.018,0.039,0.0,0.1,0.085,0.0,0.042,0.065,0.028,0.0,0.0
2015-02-04 08:00:00,0.091,0.064,0.033,0.187,0.045,0.108,0.089,0.145,0.154,0.183,0.182,0.045,0.14,0.169,0.114,0.058,0.077
2015-02-04 09:00:00,0.17,0.127,0.121,0.268,0.108,0.207,0.191,0.229,0.224,0.247,0.295,0.12,0.21,0.283,0.216,0.133,0.135
2015-02-04 10:00:00,0.214,0.221,0.156,0.294,0.135,0.242,0.252,0.256,0.242,0.282,0.302,0.184,0.251,0.307,0.255,0.193,0.176
2015-02-04 11:00:00,0.198,0.215,0.161,0.259,0.144,0.22,0.266,0.226,0.268,0.228,0.245,0.184,0.249,0.249,0.216,0.171,0.177
2015-02-04 12:00:00,0.154,0.16,0.137,0.173,0.129,0.178,0.205,0.163,0.182,0.164,0.154,0.158,0.211,0.196,0.143,0.143,0.15
2015-02-04 13:00:00,0.099,0.11,0.095,0.085,0.103,0.096,0.128,0.096,0.082,0.113,0.076,0.109,0.124,0.114,0.086,0.097,0.1
2015-02-04 14:00:00,0.068,0.078,0.057,0.064,0.076,0.066,0.083,0.063,0.063,0.068,0.05,0.069,0.091,0.081,0.053,0.066,0.081
2015-02-04 15:00:00,0.029,0.041,0.019,0.027,0.039,0.028,0.031,0.023,0.033,0.024,0.016,0.025,0.043,0.031,0.015,0.03,0.036
2015-02-04 16:00:00,0.001,0.003,0.0,0.0,0.003,0.0,0.0,0.0,0.002,0.0,0.0,0.0,0.0,0.0,0.0,0.001,0.002
2015-02-04 17:00:00,0.0,0.0,0.0,0.0,0.0,0.0,0.0,0.0,0.0,0.0,0.0,0.0,0.0,0.0,0.0,0.0,0.0
2015-02-04 18:00:00,0.0,0.0,0.0,0.0,0.0,0.0,0.0,0.0,0.0,0.0,0.0,0.0,0.0,0.0,0.0,0.0,0.0
2015-02-04 19:00:00,0.0,0.0,0.0,0.0,0.0,0.0,0.0,0.0,0.0,0.0,0.0,0.0,0.0,0.0,0.0,0.0,0.0
2015-02-04 20:00:00,0.0,0.0,0.0,0.0,0.0,0.0,0.0,0.0,0.0,0.0,0.0,0.0,0.0,0.0,0.0,0.0,0.0
2015-02-04 21:00:00,0.0,0.0,0.0,0.0,0.0,0.0,0.0,0.0,0.0,0.0,0.0,0.0,0.0,0.0,0.0,0.0,0.0
2015-02-04 22:00:00,0.0,0.0,0.0,0.0,0.0,0.0,0.0,0.0,0.0,0.0,0.0,0.0,0.0,0.0,0.0,0.0,0.0
2015-02-04 23:00:00,0.0,0.0,0.0,0.0,0.0,0.0,0.0,0.0,0.0,0.0,0.0,0.0,0.0,0.0,0.0,0.0,0.0
2015-02-05 00:00:00,0.0,0.0,0.0,0.0,0.0,0.0,0.0,0.0,0.0,0.0,0.0,0.0,0.0,0.0,0.0,0.0,0.0
2015-02-05 01:00:00,0.0,0.0,0.0,0.0,0.0,0.0,0.0,0.0,0.0,0.0,0.0,0.0,0.0,0.0,0.0,0.0,0.0
2015-02-05 02:00:00,0.0,0.0,0.0,0.0,0.0,0.0,0.0,0.0,0.0,0.0,0.0,0.0,0.0,0.0,0.0,0.0,0.0
2015-02-05 03:00:00,0.0,0.0,0.0,0.0,0.0,0.0,0.0,0.0,0.0,0.0,0.0,0.0,0.0,0.0,0.0,0.0,0.0
2015-02-05 04:00:00,0.0,0.0,0.0,0.0,0.0,0.0,0.0,0.0,0.0,0.0,0.0,0.0,0.0,0.0,0.0,0.0,0.0
2015-02-05 05:00:00,0.0,0.0,0.0,0.0,0.0,0.0,0.0,0.0,0.0,0.0,0.0,0.0,0.0,0.0,0.0,0.0,0.0
2015-02-05 06:00:00,0.0,0.0,0.0,0.0,0.0,0.0,0.0,0.0,0.0,0.0,0.0,0.0,0.0,0.0,0.0,0.0,0.0
2015-02-05 07:00:00,0.024,0.0,0.0,0.103,0.0,0.089,0.021,0.075,0.002,0.048,0.073,0.0,0.024,0.093,0.032,0.0,0.0
2015-02-05 08:00:00,0.134,0.105,0.12,0.217,0.125,0.227,0.054,0.173,0.058,0.12,0.158,0.098,0.074,0.132,0.128,0.161,0.06
2015-02-05 09:00:00,0.205,0.154,0.216,0.245,0.154,0.294,0.154,0.2,0.124,0.205,0.187,0.17,0.174,0.205,0.153,0.276,0.165
2015-02-05 10:00:00,0.23,0.173,0.236,0.254,0.201,0.294,0.161,0.223,0.143,0.199,0.216,0.187,0.214,0.231,0.194,0.295,0.212
2015-02-05 11:00:00,0.222,0.158,0.231,0.247,0.204,0.258,0.177,0.217,0.153,0.236,0.199,0.209,0.208,0.265,0.197,0.253,0.23
2015-02-05 12:00:00,0.156,0.127,0.146,0.169,0.152,0.173,0.165,0.156,0.148,0.177,0.14,0.166,0.194,0.198,0.146,0.158,0.146
2015-02-05 13:00:00,0.103,0.108,0.09,0.102,0.114,0.1,0.128,0.09,0.113,0.111,0.076,0.09,0.143,0.124,0.102,0.109,0.09
2015-02-05 14:00:00,0.063,0.063,0.068,0.062,0.06,0.061,0.071,0.056,0.072,0.078,0.053,0.057,0.096,0.079,0.062,0.065,0.059
2015-02-05 15:00:00,0.027,0.031,0.022,0.021,0.028,0.026,0.036,0.021,0.032,0.032,0.014,0.026,0.043,0.037,0.018,0.028,0.032
2015-02-05 16:00:00,0.001,0.003,0.0,0.0,0.001,0.0,0.0,0.0,0.002,0.0,0.0,0.0,0.001,0.0,0.0,0.0,0.002
2015-02-05 17:00:00,0.0,0.0,0.0,0.0,0.0,0.0,0.0,0.0,0.0,0.0,0.0,0.0,0.0,0.0,0.0,0.0,0.0
2015-02-05 18:00:00,0.0,0.0,0.0,0.0,0.0,0.0,0.0,0.0,0.0,0.0,0.0,0.0,0.0,0.0,0.0,0.0,0.0
2015-02-05 19:00:00,0.0,0.0,0.0,0.0,0.0,0.0,0.0,0.0,0.0,0.0,0.0,0.0,0.0,0.0,0.0,0.0,0.0
2015-02-05 20:00:00,0.0,0.0,0.0,0.0,0.0,0.0,0.0,0.0,0.0,0.0,0.0,0.0,0.0,0.0,0.0,0.0,0.0
2015-02-05 21:00:00,0.0,0.0,0.0,0.0,0.0,0.0,0.0,0.0,0.0,0.0,0.0,0.0,0.0,0.0,0.0,0.0,0.0
2015-02-05 22:00:00,0.0,0.0,0.0,0.0,0.0,0.0,0.0,0.0,0.0,0.0,0.0,0.0,0.0,0.0,0.0,0.0,0.0
2015-02-05 23:00:00,0.0,0.0,0.0,0.0,0.0,0.0,0.0,0.0,0.0,0.0,0.0,0.0,0.0,0.0,0.0,0.0,0.0
2015-02-06 00:00:00,0.0,0.0,0.0,0.0,0.0,0.0,0.0,0.0,0.0,0.0,0.0,0.0,0.0,0.0,0.0,0.0,0.0
2015-02-06 01:00:00,0.0,0.0,0.0,0.0,0.0,0.0,0.0,0.0,0.0,0.0,0.0,0.0,0.0,0.0,0.0,0.0,0.0
2015-02-06 02:00:00,0.0,0.0,0.0,0.0,0.0,0.0,0.0,0.0,0.0,0.0,0.0,0.0,0.0,0.0,0.0,0.0,0.0
2015-02-06 03:00:00,0.0,0.0,0.0,0.0,0.0,0.0,0.0,0.0,0.0,0.0,0.0,0.0,0.0,0.0,0.0,0.0,0.0
2015-02-06 04:00:00,0.0,0.0,0.0,0.0,0.0,0.0,0.0,0.0,0.0,0.0,0.0,0.0,0.0,0.0,0.0,0.0,0.0
2015-02-06 05:00:00,0.0,0.0,0.0,0.0,0.0,0.0,0.0,0.0,0.0,0.0,0.0,0.0,0.0,0.0,0.0,0.0,0.0
2015-02-06 06:00:00,0.0,0.0,0.0,0.0,0.0,0.0,0.0,0.0,0.0,0.0,0.0,0.0,0.0,0.0,0.0,0.0,0.0
2015-02-06 07:00:00,0.014,0.0,0.0,0.017,0.0,0.039,0.05,0.023,0.036,0.04,0.04,0.0,0.065,0.03,0.052,0.0,0.0
2015-02-06 08:00:00,0.098,0.091,0.091,0.071,0.097,0.111,0.114,0.106,0.137,0.135,0.11,0.055,0.157,0.128,0.119,0.1,0.068
2015-02-06 09:00:00,0.14,0.135,0.116,0.138,0.166,0.163,0.15,0.171,0.12,0.18,0.145,0.094,0.189,0.177,0.14,0.132,0.121
2015-02-06 10:00:00,0.158,0.145,0.145,0.157,0.157,0.17,0.156,0.218,0.147,0.177,0.164,0.141,0.242,0.211,0.178,0.132,0.16
2015-02-06 11:00:00,0.164,0.158,0.135,0.134,0.195,0.164,0.175,0.181,0.128,0.172,0.183,0.17,0.236,0.204,0.158,0.143,0.179
2015-02-06 12:00:00,0.147,0.151,0.132,0.119,0.179,0.146,0.161,0.138,0.135,0.14,0.13,0.155,0.214,0.173,0.134,0.141,0.147
2015-02-06 13:00:00,0.109,0.125,0.104,0.078,0.137,0.101,0.134,0.1,0.106,0.106,0.092,0.094,0.159,0.126,0.088,0.111,0.107
2015-02-06 14:00:00,0.071,0.078,0.071,0.052,0.089,0.077,0.084,0.067,0.075,0.072,0.059,0.061,0.102,0.085,0.057,0.072,0.067
2015-02-06 15:00:00,0.032,0.041,0.031,0.018,0.044,0.032,0.038,0.024,0.037,0.027,0.018,0.025,0.051,0.035,0.019,0.037,0.034
2015-02-06 16:00:00,0.001,0.003,0.0,0.0,0.004,0.0,0.001,0.0,0.001,0.0,0.0,0.0,0.002,0.0,0.0,0.001,0.002
2015-02-06 17:00:00,0.0,0.0,0.0,0.0,0.0,0.0,0.0,0.0,0.0,0.0,0.0,0.0,0.0,0.0,0.0,0.0,0.0
2015-02-06 18:00:00,0.0,0.0,0.0,0.0,0.0,0.0,0.0,0.0,0.0,0.0,0.0,0.0,0.0,0.0,0.0,0.0,0.0
2015-02-06 19:00:00,0.0,0.0,0.0,0.0,0.0,0.0,0.0,0.0,0.0,0.0,0.0,0.0,0.0,0.0,0.0,0.0,0.0
2015-02-06 20:00:00,0.0,0.0,0.0,0.0,0.0,0.0,0.0,0.0,0.0,0.0,0.0,0.0,0.0,0.0,0.0,0.0,0.0
2015-02-06 21:00:00,0.0,0.0,0.0,0.0,0.0,0.0,0.0,0.0,0.0,0.0,0.0,0.0,0.0,0.0,0.0,0.0,0.0
2015-02-06 22:00:00,0.0,0.0,0.0,0.0,0.0,0.0,0.0,0.0,0.0,0.0,0.0,0.0,0.0,0.0,0.0,0.0,0.0
2015-02-06 23:00:00,0.0,0.0,0.0,0.0,0.0,0.0,0.0,0.0,0.0,0.0,0.0,0.0,0.0,0.0,0.0,0.0,0.0
2015-02-07 00:00:00,0.0,0.0,0.0,0.0,0.0,0.0,0.0,0.0,0.0,0.0,0.0,0.0,0.0,0.0,0.0,0.0,0.0
2015-02-07 01:00:00,0.0,0.0,0.0,0.0,0.0,0.0,0.0,0.0,0.0,0.0,0.0,0.0,0.0,0.0,0.0,0.0,0.0
2015-02-07 02:00:00,0.0,0.0,0.0,0.0,0.0,0.0,0.0,0.0,0.0,0.0,0.0,0.0,0.0,0.0,0.0,0.0,0.0
2015-02-07 03:00:00,0.0,0.0,0.0,0.0,0.0,0.0,0.0,0.0,0.0,0.0,0.0,0.0,0.0,0.0,0.0,0.0,0.0
2015-02-07 04:00:00,0.0,0.0,0.0,0.0,0.0,0.0,0.0,0.0,0.0,0.0,0.0,0.0,0.0,0.0,0.0,0.0,0.0
2015-02-07 05:00:00,0.0,0.0,0.0,0.0,0.0,0.0,0.0,0.0,0.0,0.0,0.0,0.0,0.0,0.0,0.0,0.0,0.0
2015-02-07 06:00:00,0.0,0.0,0.0,0.0,0.0,0.0,0.0,0.0,0.0,0.0,0.0,0.0,0.0,0.0,0.0,0.0,0.0
2015-02-07 07:00:00,0.016,0.0,0.001,0.035,0.0,0.015,0.085,0.017,0.087,0.132,0.004,0.0,0.089,0.086,0.004,0.002,0.0
2015-02-07 08:00:00,0.067,0.139,0.026,0.047,0.063,0.048,0.259,0.033,0.201,0.245,0.036,0.019,0.185,0.127,0.025,0.057,0.023
2015-02-07 09:00:00,0.104,0.195,0.076,0.102,0.113,0.089,0.371,0.065,0.231,0.257,0.048,0.063,0.284,0.184,0.06,0.073,0.056
2015-02-07 10:00:00,0.121,0.238,0.096,0.08,0.136,0.098,0.361,0.077,0.228,0.259,0.065,0.1,0.29,0.179,0.083,0.089,0.081
2015-02-07 11:00:00,0.129,0.214,0.126,0.086,0.146,0.106,0.323,0.094,0.274,0.217,0.079,0.107,0.289,0.187,0.103,0.102,0.088
2015-02-07 12:00:00,0.107,0.165,0.093,0.067,0.144,0.078,0.217,0.079,0.185,0.143,0.074,0.09,0.218,0.147,0.096,0.093,0.072
2015-02-07 13:00:00,0.075,0.097,0.07,0.052,0.085,0.06,0.101,0.064,0.088,0.093,0.068,0.068,0.119,0.106,0.065,0.076,0.055
2015-02-07 14:00:00,0.046,0.06,0.041,0.028,0.06,0.044,0.066,0.038,0.056,0.053,0.032,0.037,0.082,0.06,0.036,0.046,0.042
2015-02-07 15:00:00,0.02,0.029,0.016,0.01,0.024,0.022,0.031,0.014,0.029,0.022,0.009,0.016,0.043,0.024,0.012,0.021,0.018
2015-02-07 16:00:00,0.001,0.003,0.0,0.0,0.001,0.0,0.002,0.0,0.002,0.0,0.0,0.0,0.002,0.0,0.0,0.0,0.001
2015-02-07 17:00:00,0.0,0.0,0.0,0.0,0.0,0.0,0.0,0.0,0.0,0.0,0.0,0.0,0.0,0.0,0.0,0.0,0.0
2015-02-07 18:00:00,0.0,0.0,0.0,0.0,0.0,0.0,0.0,0.0,0.0,0.0,0.0,0.0,0.0,0.0,0.0,0.0,0.0
2015-02-07 19:00:00,0.0,0.0,0.0,0.0,0.0,0.0,0.0,0.0,0.0,0.0,0.0,0.0,0.0,0.0,0.0,0.0,0.0
2015-02-07 20:00:00,0.0,0.0,0.0,0.0,0.0,0.0,0.0,0.0,0.0,0.0,0.0,0.0,0.0,0.0,0.0,0.0,0.0
2015-02-07 21:00:00,0.0,0.0,0.0,0.0,0.0,0.0,0.0,0.0,0.0,0.0,0.0,0.0,0.0,0.0,0.0,0.0,0.0
2015-02-07 22:00:00,0.0,0.0,0.0,0.0,0.0,0.0,0.0,0.0,0.0,0.0,0.0,0.0,0.0,0.0,0.0,0.0,0.0
2015-02-07 23:00:00,0.0,0.0,0.0,0.0,0.0,0.0,0.0,0.0,0.0,0.0,0.0,0.0,0.0,0.0,0.0,0.0,0.0
2015-02-08 00:00:00,0.0,0.0,0.0,0.0,0.0,0.0,0.0,0.0,0.0,0.0,0.0,0.0,0.0,0.0,0.0,0.0,0.0
2015-02-08 01:00:00,0.0,0.0,0.0,0.0,0.0,0.0,0.0,0.0,0.0,0.0,0.0,0.0,0.0,0.0,0.0,0.0,0.0
2015-02-08 02:00:00,0.0,0.0,0.0,0.0,0.0,0.0,0.0,0.0,0.0,0.0,0.0,0.0,0.0,0.0,0.0,0.0,0.0
2015-02-08 03:00:00,0.0,0.0,0.0,0.0,0.0,0.0,0.0,0.0,0.0,0.0,0.0,0.0,0.0,0.0,0.0,0.0,0.0
2015-02-08 04:00:00,0.0,0.0,0.0,0.0,0.0,0.0,0.0,0.0,0.0,0.0,0.0,0.0,0.0,0.0,0.0,0.0,0.0
2015-02-08 05:00:00,0.0,0.0,0.0,0.0,0.0,0.0,0.0,0.0,0.0,0.0,0.0,0.0,0.0,0.0,0.0,0.0,0.0
2015-02-08 06:00:00,0.0,0.0,0.0,0.0,0.0,0.0,0.0,0.0,0.0,0.0,0.0,0.0,0.0,0.0,0.0,0.0,0.0
2015-02-08 07:00:00,0.027,0.005,0.016,0.035,0.0,0.011,0.026,0.063,0.023,0.022,0.153,0.0,0.019,0.018,0.092,0.015,0.0
2015-02-08 08:00:00,0.172,0.157,0.227,0.136,0.179,0.118,0.052,0.183,0.059,0.073,0.308,0.156,0.043,0.067,0.172,0.22,0.145
2015-02-08 09:00:00,0.286,0.276,0.313,0.265,0.307,0.264,0.136,0.322,0.205,0.153,0.37,0.286,0.128,0.159,0.247,0.342,0.259
2015-02-08 10:00:00,0.321,0.338,0.353,0.314,0.354,0.351,0.14,0.33,0.286,0.18,0.337,0.291,0.238,0.229,0.284,0.368,0.293
2015-02-08 11:00:00,0.288,0.314,0.291,0.273,0.318,0.313,0.168,0.287,0.311,0.199,0.257,0.253,0.324,0.299,0.255,0.32,0.253
2015-02-08 12:00:00,0.207,0.222,0.201,0.185,0.226,0.219,0.207,0.185,0.226,0.189,0.169,0.192,0.264,0.238,0.173,0.218,0.202
2015-02-08 13:00:00,0.103,0.121,0.085,0.075,0.116,0.1,0.14,0.083,0.126,0.128,0.084,0.085,0.149,0.116,0.094,0.107,0.1
2015-02-08 14:00:00,0.067,0.065,0.068,0.059,0.063,0.074,0.088,0.066,0.066,0.079,0.056,0.064,0.089,0.08,0.066,0.067,0.062
2015-02-08 15:00:00,0.035,0.045,0.031,0.025,0.041,0.037,0.043,0.028,0.038,0.033,0.023,0.032,0.047,0.04,0.028,0.038,0.038
2015-02-08 16:00:00,0.003,0.007,0.001,0.0,0.006,0.001,0.003,0.0,0.005,0.0,0.0,0.0,0.004,0.0,0.0,0.004,0.004
2015-02-08 17:00:00,0.0,0.0,0.0,0.0,0.0,0.0,0.0,0.0,0.0,0.0,0.0,0.0,0.0,0.0,0.0,0.0,0.0
2015-02-08 18:00:00,0.0,0.0,0.0,0.0,0.0,0.0,0.0,0.0,0.0,0.0,0.0,0.0,0.0,0.0,0.0,0.0,0.0
2015-02-08 19:00:00,0.0,0.0,0.0,0.0,0.0,0.0,0.0,0.0,0.0,0.0,0.0,0.0,0.0,0.0,0.0,0.0,0.0
2015-02-08 20:00:00,0.0,0.0,0.0,0.0,0.0,0.0,0.0,0.0,0.0,0.0,0.0,0.0,0.0,0.0,0.0,0.0,0.0
2015-02-08 21:00:00,0.0,0.0,0.0,0.0,0.0,0.0,0.0,0.0,0.0,0.0,0.0,0.0,0.0,0.0,0.0,0.0,0.0
2015-02-08 22:00:00,0.0,0.0,0.0,0.0,0.0,0.0,0.0,0.0,0.0,0.0,0.0,0.0,0.0,0.0,0.0,0.0,0.0
2015-02-08 23:00:00,0.0,0.0,0.0,0.0,0.0,0.0,0.0,0.0,0.0,0.0,0.0,0.0,0.0,0.0,0.0,0.0,0.0
2015-02-09 00:00:00,0.0,0.0,0.0,0.0,0.0,0.0,0.0,0.0,0.0,0.0,0.0,0.0,0.0,0.0,0.0,0.0,0.0
2015-02-09 01:00:00,0.0,0.0,0.0,0.0,0.0,0.0,0.0,0.0,0.0,0.0,0.0,0.0,0.0,0.0,0.0,0.0,0.0
2015-02-09 02:00:00,0.0,0.0,0.0,0.0,0.0,0.0,0.0,0.0,0.0,0.0,0.0,0.0,0.0,0.0,0.0,0.0,0.0
2015-02-09 03:00:00,0.0,0.0,0.0,0.0,0.0,0.0,0.0,0.0,0.0,0.0,0.0,0.0,0.0,0.0,0.0,0.0,0.0
2015-02-09 04:00:00,0.0,0.0,0.0,0.0,0.0,0.0,0.0,0.0,0.0,0.0,0.0,0.0,0.0,0.0,0.0,0.0,0.0
2015-02-09 05:00:00,0.0,0.0,0.0,0.0,0.0,0.0,0.0,0.0,0.0,0.0,0.0,0.0,0.0,0.0,0.0,0.0,0.0
2015-02-09 06:00:00,0.0,0.0,0.0,0.0,0.0,0.0,0.0,0.0,0.0,0.0,0.0,0.0,0.0,0.0,0.0,0.0,0.0
2015-02-09 07:00:00,0.009,0.0,0.0,0.063,0.0,0.004,0.029,0.005,0.001,0.13,0.007,0.0,0.006,0.031,0.001,0.0,0.0
2015-02-09 08:00:00,0.032,0.006,0.01,0.093,0.004,0.026,0.078,0.029,0.015,0.153,0.047,0.059,0.045,0.063,0.021,0.008,0.052
2015-02-09 09:00:00,0.069,0.023,0.042,0.152,0.02,0.051,0.156,0.066,0.032,0.178,0.1,0.134,0.077,0.115,0.053,0.033,0.12
2015-02-09 10:00:00,0.09,0.044,0.077,0.164,0.039,0.072,0.156,0.087,0.05,0.212,0.096,0.173,0.083,0.139,0.053,0.055,0.16
2015-02-09 11:00:00,0.106,0.052,0.135,0.162,0.057,0.084,0.136,0.101,0.046,0.203,0.113,0.194,0.089,0.137,0.09,0.073,0.164
2015-02-09 12:00:00,0.097,0.051,0.125,0.125,0.058,0.08,0.115,0.084,0.053,0.165,0.102,0.167,0.09,0.113,0.093,0.08,0.134
2015-02-09 13:00:00,0.076,0.05,0.099,0.085,0.044,0.074,0.101,0.061,0.073,0.125,0.083,0.078,0.087,0.09,0.085,0.077,0.081
2015-02-09 14:00:00,0.051,0.04,0.068,0.05,0.043,0.044,0.048,0.038,0.045,0.072,0.038,0.054,0.057,0.05,0.058,0.055,0.057
2015-02-09 15:00:00,0.023,0.021,0.032,0.015,0.024,0.02,0.015,0.017,0.017,0.022,0.011,0.027,0.025,0.016,0.023,0.027,0.03
2015-02-09 16:00:00,0.001,0.001,0.001,0.0,0.002,0.0,0.0,0.0,0.0,0.0,0.0,0.0,0.001,0.0,0.0,0.002,0.003
2015-02-09 17:00:00,0.0,0.0,0.0,0.0,0.0,0.0,0.0,0.0,0.0,0.0,0.0,0.0,0.0,0.0,0.0,0.0,0.0
2015-02-09 18:00:00,0.0,0.0,0.0,0.0,0.0,0.0,0.0,0.0,0.0,0.0,0.0,0.0,0.0,0.0,0.0,0.0,0.0
2015-02-09 19:00:00,0.0,0.0,0.0,0.0,0.0,0.0,0.0,0.0,0.0,0.0,0.0,0.0,0.0,0.0,0.0,0.0,0.0
2015-02-09 20:00:00,0.0,0.0,0.0,0.0,0.0,0.0,0.0,0.0,0.0,0.0,0.0,0.0,0.0,0.0,0.0,0.0,0.0
2015-02-09 21:00:00,0.0,0.0,0.0,0.0,0.0,0.0,0.0,0.0,0.0,0.0,0.0,0.0,0.0,0.0,0.0,0.0,0.0
2015-02-09 22:00:00,0.0,0.0,0.0,0.0,0.0,0.0,0.0,0.0,0.0,0.0,0.0,0.0,0.0,0.0,0.0,0.0,0.0
2015-02-09 23:00:00,0.0,0.0,0.0,0.0,0.0,0.0,0.0,0.0,0.0,0.0,0.0,0.0,0.0,0.0,0.0,0.0,0.0
2015-02-10 00:00:00,0.0,0.0,0.0,0.0,0.0,0.0,0.0,0.0,0.0,0.0,0.0,0.0,0.0,0.0,0.0,0.0,0.0
2015-02-10 01:00:00,0.0,0.0,0.0,0.0,0.0,0.0,0.0,0.0,0.0,0.0,0.0,0.0,0.0,0.0,0.0,0.0,0.0
2015-02-10 02:00:00,0.0,0.0,0.0,0.0,0.0,0.0,0.0,0.0,0.0,0.0,0.0,0.0,0.0,0.0,0.0,0.0,0.0
2015-02-10 03:00:00,0.0,0.0,0.0,0.0,0.0,0.0,0.0,0.0,0.0,0.0,0.0,0.0,0.0,0.0,0.0,0.0,0.0
2015-02-10 04:00:00,0.0,0.0,0.0,0.0,0.0,0.0,0.0,0.0,0.0,0.0,0.0,0.0,0.0,0.0,0.0,0.0,0.0
2015-02-10 05:00:00,0.0,0.0,0.0,0.0,0.0,0.0,0.0,0.0,0.0,0.0,0.0,0.0,0.0,0.0,0.0,0.0,0.0
2015-02-10 06:00:00,0.0,0.0,0.0,0.0,0.0,0.0,0.0,0.0,0.0,0.0,0.0,0.0,0.0,0.0,0.0,0.0,0.0
2015-02-10 07:00:00,0.016,0.003,0.075,0.05,0.0,0.01,0.012,0.024,0.004,0.023,0.017,0.027,0.002,0.022,0.023,0.008,0.0
2015-02-10 08:00:00,0.071,0.024,0.178,0.137,0.016,0.038,0.044,0.067,0.026,0.104,0.067,0.194,0.025,0.076,0.079,0.047,0.067
2015-02-10 09:00:00,0.106,0.05,0.222,0.227,0.04,0.044,0.077,0.086,0.043,0.157,0.108,0.26,0.055,0.102,0.154,0.068,0.081
2015-02-10 10:00:00,0.128,0.081,0.234,0.225,0.064,0.077,0.092,0.101,0.063,0.19,0.083,0.28,0.086,0.157,0.209,0.096,0.088
2015-02-10 11:00:00,0.128,0.099,0.218,0.16,0.084,0.082,0.108,0.107,0.08,0.178,0.078,0.226,0.117,0.164,0.214,0.111,0.088
2015-02-10 12:00:00,0.113,0.103,0.17,0.106,0.08,0.078,0.095,0.093,0.08,0.143,0.083,0.156,0.107,0.11,0.162,0.116,0.095
2015-02-10 13:00:00,0.073,0.067,0.09,0.083,0.057,0.058,0.053,0.073,0.042,0.094,0.068,0.079,0.077,0.069,0.071,0.078,0.076
2015-02-10 14:00:00,0.049,0.047,0.064,0.052,0.038,0.047,0.035,0.048,0.026,0.06,0.043,0.055,0.045,0.043,0.051,0.052,0.052
2015-02-10 15:00:00,0.024,0.025,0.029,0.02,0.022,0.024,0.015,0.02,0.017,0.031,0.017,0.026,0.02,0.019,0.023,0.025,0.027
2015-02-10 16:00:00,0.001,0.003,0.001,0.0,0.002,0.001,0.0,0.0,0.0,0.0,0.0,0.001,0.001,0.0,0.0,0.001,0.003
2015-02-10 17:00:00,0.0,0.0,0.0,0.0,0.0,0.0,0.0,0.0,0.0,0.0,0.0,0.0,0.0,0.0,0.0,0.0,0.0
2015-02-10 18:00:00,0.0,0.0,0.0,0.0,0.0,0.0,0.0,0.0,0.0,0.0,0.0,0.0,0.0,0.0,0.0,0.0,0.0
2015-02-10 19:00:00,0.0,0.0,0.0,0.0,0.0,0.0,0.0,0.0,0.0,0.0,0.0,0.0,0.0,0.0,0.0,0.0,0.0
2015-02-10 20:00:00,0.0,0.0,0.0,0.0,0.0,0.0,0.0,0.0,0.0,0.0,0.0,0.0,0.0,0.0,0.0,0.0,0.0
2015-02-10 21:00:00,0.0,0.0,0.0,0.0,0.0,0.0,0.0,0.0,0.0,0.0,0.0,0.0,0.0,0.0,0.0,0.0,0.0
2015-02-10 22:00:00,0.0,0.0,0.0,0.0,0.0,0.0,0.0,0.0,0.0,0.0,0.0,0.0,0.0,0.0,0.0,0.0,0.0
2015-02-10 23:00:00,0.0,0.0,0.0,0.0,0.0,0.0,0.0,0.0,0.0,0.0,0.0,0.0,0.0,0.0,0.0,0.0,0.0
2015-03-20 00:00:00,0.0,0.0,0.0,0.0,0.0,0.0,0.0,0.0,0.0,0.0,0.0,0.0,0.0,0.0,0.0,0.0,0.0
2015-03-20 01:00:00,0.0,0.0,0.0,0.0,0.0,0.0,0.0,0.0,0.0,0.0,0.0,0.0,0.0,0.0,0.0,0.0,0.0
2015-03-20 02:00:00,0.0,0.0,0.0,0.0,0.0,0.0,0.0,0.0,0.0,0.0,0.0,0.0,0.0,0.0,0.0,0.0,0.0
2015-03-20 03:00:00,0.0,0.0,0.0,0.0,0.0,0.0,0.0,0.0,0.0,0.0,0.0,0.0,0.0,0.0,0.0,0.0,0.0
2015-03-20 04:00:00,0.0,0.0,0.0,0.0,0.0,0.0,0.0,0.0,0.0,0.0,0.0,0.0,0.0,0.0,0.0,0.0,0.0
2015-03-20 05:00:00,0.0,0.0,0.0,0.0,0.0,0.0,0.0,0.0,0.0,0.0,0.0,0.0,0.0,0.0,0.0,0.0,0.0
2015-03-20 06:00:00,0.215,0.201,0.216,0.28,0.187,0.239,0.254,0.256,0.22,0.264,0.279,0.161,0.234,0.256,0.242,0.208,0.143
2015-03-20 07:00:00,0.399,0.407,0.41,0.468,0.39,0.439,0.467,0.449,0.426,0.474,0.463,0.249,0.439,0.456,0.431,0.407,0.271
2015-03-20 08:00:00,0.508,0.54,0.516,0.559,0.528,0.549,0.581,0.547,0.551,0.565,0.547,0.304,0.557,0.56,0.515,0.527,0.384
2015-03-20 09:00:00,0.538,0.587,0.54,0.58,0.574,0.58,0.614,0.572,0.593,0.589,0.564,0.317,0.593,0.588,0.537,0.559,0.421
2015-03-20 10:00:00,0.517,0.576,0.491,0.542,0.56,0.555,0.587,0.54,0.576,0.556,0.524,0.328,0.571,0.559,0.492,0.536,0.439
2015-03-20 11:00:00,0.448,0.503,0.415,0.453,0.49,0.473,0.502,0.453,0.499,0.463,0.433,0.32,0.491,0.474,0.411,0.464,0.405
2015-03-20 12:00:00,0.343,0.386,0.329,0.321,0.381,0.349,0.372,0.327,0.377,0.326,0.303,0.274,0.366,0.346,0.307,0.357,0.345
2015-03-20 13:00:00,0.216,0.239,0.237,0.168,0.239,0.199,0.214,0.182,0.223,0.198,0.151,0.217,0.211,0.189,0.196,0.235,0.23
2015-03-20 14:00:00,0.109,0.084,0.164,0.076,0.087,0.092,0.08,0.096,0.077,0.095,0.083,0.149,0.074,0.073,0.147,0.12,0.117
2015-03-20 15:00:00,0.087,0.066,0.119,0.056,0.074,0.085,0.061,0.081,0.066,0.058,0.078,0.105,0.06,0.058,0.104,0.099,0.099
2015-03-20 16:00:00,0.05,0.044,0.066,0.03,0.047,0.058,0.037,0.046,0.045,0.032,0.041,0.048,0.038,0.034,0.046,0.059,0.058
2015-03-20 17:00:00,0.009,0.012,0.009,0.001,0.016,0.008,0.005,0.004,0.01,0.001,0.001,0.005,0.007,0.003,0.003,0.012,0.014
2015-03-20 18:00:00,0.0,0.0,0.0,0.0,0.0,0.0,0.0,0.0,0.0,0.0,0.0,0.0,0.0,0.0,0.0,0.0,0.0
2015-03-20 19:00:00,0.0,0.0,0.0,0.0,0.0,0.0,0.0,0.0,0.0,0.0,0.0,0.0,0.0,0.0,0.0,0.0,0.0
2015-03-20 20:00:00,0.0,0.0,0.0,0.0,0.0,0.0,0.0,0.0,0.0,0.0,0.0,0.0,0.0,0.0,0.0,0.0,0.0
2015-03-20 21:00:00,0.0,0.0,0.0,0.0,0.0,0.0,0.0,0.0,0.0,0.0,0.0,0.0,0.0,0.0,0.0,0.0,0.0
2015-03-20 22:00:00,0.0,0.0,0.0,0.0,0.0,0.0,0.0,0.0,0.0,0.0,0.0,0.0,0.0,0.0,0.0,0.0,0.0
2015-03-20 23:00:00,0.0,0.0,0.0,0.0,0.0,0.0,0.0,0.0,0.0,0.0,0.0,0.0,0.0,0.0,0.0,0.0,0.0
2015-03-21 00:00:00,0.0,0.0,0.0,0.0,0.0,0.0,0.0,0.0,0.0,0.0,0.0,0.0,0.0,0.0,0.0,0.0,0.0
2015-03-21 01:00:00,0.0,0.0,0.0,0.0,0.0,0.0,0.0,0.0,0.0,0.0,0.0,0.0,0.0,0.0,0.0,0.0,0.0
2015-03-21 02:00:00,0.0,0.0,0.0,0.0,0.0,0.0,0.0,0.0,0.0,0.0,0.0,0.0,0.0,0.0,0.0,0.0,0.0
2015-03-21 03:00:00,0.0,0.0,0.0,0.0,0.0,0.0,0.0,0.0,0.0,0.0,0.0,0.0,0.0,0.0,0.0,0.0,0.0
2015-03-21 04:00:00,0.0,0.0,0.0,0.0,0.0,0.0,0.0,0.0,0.0,0.0,0.0,0.0,0.0,0.0,0.0,0.0,0.0
2015-03-21 05:00:00,0.0,0.0,0.0,0.0,0.0,0.0,0.0,0.0,0.0,0.0,0.0,0.0,0.0,0.0,0.0,0.0,0.0
2015-03-21 06:00:00,0.121,0.179,0.138,0.166,0.18,0.062,0.214,0.048,0.103,0.277,0.032,0.019,0.139,0.196,0.02,0.167,0.041
2015-03-21 07:00:00,0.296,0.408,0.412,0.292,0.378,0.254,0.399,0.189,0.322,0.462,0.085,0.126,0.357,0.318,0.128,0.397,0.145
2015-03-21 08:00:00,0.418,0.542,0.533,0.414,0.499,0.43,0.556,0.389,0.504,0.544,0.238,0.174,0.501,0.468,0.28,0.522,0.173
2015-03-21 09:00:00,0.458,0.593,0.55,0.428,0.531,0.5,0.593,0.475,0.586,0.564,0.363,0.194,0.552,0.526,0.355,0.547,0.174
2015-03-21 10:00:00,0.446,0.574,0.477,0.412,0.501,0.532,0.559,0.502,0.565,0.518,0.423,0.196,0.539,0.487,0.357,0.53,0.162
2015-03-21 11:00:00,0.395,0.502,0.409,0.381,0.449,0.471,0.487,0.443,0.491,0.444,0.383,0.18,0.479,0.442,0.286,0.46,0.184
2015-03-21 12:00:00,0.294,0.385,0.32,0.316,0.318,0.349,0.368,0.324,0.372,0.337,0.255,0.133,0.363,0.342,0.189,0.35,0.129
2015-03-21 13:00:00,0.185,0.237,0.203,0.191,0.231,0.196,0.223,0.184,0.222,0.192,0.14,0.096,0.213,0.197,0.126,0.208,0.126
2015-03-21 14:00:00,0.098,0.1,0.116,0.093,0.137,0.072,0.105,0.101,0.087,0.082,0.12,0.061,0.075,0.095,0.095,0.101,0.082
2015-03-21 15:00:00,0.073,0.085,0.085,0.065,0.107,0.062,0.071,0.074,0.076,0.069,0.079,0.036,0.066,0.071,0.065,0.08,0.05
2015-03-21 16:00:00,0.038,0.057,0.036,0.036,0.044,0.038,0.039,0.036,0.053,0.043,0.034,0.014,0.039,0.038,0.018,0.05,0.018
2015-03-21 17:00:00,0.006,0.014,0.003,0.001,0.009,0.006,0.005,0.003,0.008,0.003,0.001,0.001,0.006,0.004,0.0,0.008,0.003
2015-03-21 18:00:00,0.0,0.0,0.0,0.0,0.0,0.0,0.0,0.0,0.0,0.0,0.0,0.0,0.0,0.0,0.0,0.0,0.0
2015-03-21 19:00:00,0.0,0.0,0.0,0.0,0.0,0.0,0.0,0.0,0.0,0.0,0.0,0.0,0.0,0.0,0.0,0.0,0.0
2015-03-21 20:00:00,0.0,0.0,0.0,0.0,0.0,0.0,0.0,0.0,0.0,0.0,0.0,0.0,0.0,0.0,0.0,0.0,0.0
2015-03-21 21:00:00,0.0,0.0,0.0,0.0,0.0,0.0,0.0,0.0,0.0,0.0,0.0,0.0,0.0,0.0,0.0,0.0,0.0
2015-03-21 22:00:00,0.0,0.0,0.0,0.0,0.0,0.0,0.0,0.0,0.0,0.0,0.0,0.0,0.0,0.0,0.0,0.0,0.0
2015-03-21 23:00:00,0.0,0.0,0.0,0.0,0.0,0.0,0.0,0.0,0.0,0.0,0.0,0.0,0.0,0.0,0.0,0.0,0.0
2015-03-22 00:00:00,0.0,0.0,0.0,0.0,0.0,0.0,0.0,0.0,0.0,0.0,0.0,0.0,0.0,0.0,0.0,0.0,0.0
2015-03-22 01:00:00,0.0,0.0,0.0,0.0,0.0,0.0,0.0,0.0,0.0,0.0,0.0,0.0,0.0,0.0,0.0,0.0,0.0
2015-03-22 02:00:00,0.0,0.0,0.0,0.0,0.0,0.0,0.0,0.0,0.0,0.0,0.0,0.0,0.0,0.0,0.0,0.0,0.0
2015-03-22 03:00:00,0.0,0.0,0.0,0.0,0.0,0.0,0.0,0.0,0.0,0.0,0.0,0.0,0.0,0.0,0.0,0.0,0.0
2015-03-22 04:00:00,0.0,0.0,0.0,0.0,0.0,0.0,0.0,0.0,0.0,0.0,0.0,0.0,0.0,0.0,0.0,0.0,0.0
2015-03-22 05:00:00,0.0,0.0,0.0,0.0,0.0,0.0,0.0,0.0,0.0,0.0,0.0,0.0,0.0,0.0,0.0,0.0,0.0
2015-03-22 06:00:00,0.153,0.031,0.254,0.029,0.152,0.063,0.026,0.172,0.013,0.031,0.293,0.214,0.013,0.019,0.293,0.169,0.186
2015-03-22 07:00:00,0.3,0.06,0.462,0.106,0.288,0.202,0.11,0.365,0.039,0.1,0.498,0.391,0.046,0.054,0.49,0.331,0.407
2015-03-22 08:00:00,0.43,0.176,0.588,0.277,0.453,0.345,0.122,0.515,0.132,0.114,0.605,0.507,0.126,0.192,0.588,0.481,0.542
2015-03-22 09:00:00,0.501,0.286,0.62,0.361,0.513,0.505,0.176,0.58,0.262,0.128,0.625,0.554,0.231,0.235,0.617,0.575,0.595
2015-03-22 10:00:00,0.508,0.343,0.591,0.38,0.544,0.534,0.248,0.571,0.329,0.205,0.578,0.531,0.284,0.298,0.576,0.582,0.565
2015-03-22 11:00:00,0.457,0.373,0.507,0.389,0.515,0.491,0.197,0.49,0.307,0.245,0.478,0.466,0.293,0.289,0.483,0.51,0.498
2015-03-22 12:00:00,0.357,0.349,0.377,0.308,0.41,0.372,0.18,0.36,0.293,0.215,0.338,0.355,0.267,0.269,0.346,0.394,0.384
2015-03-22 13:00:00,0.222,0.229,0.215,0.204,0.257,0.224,0.169,0.199,0.226,0.173,0.171,0.219,0.227,0.215,0.205,0.235,0.239
2015-03-22 14:00:00,0.105,0.11,0.078,0.128,0.095,0.092,0.122,0.1,0.131,0.117,0.109,0.126,0.156,0.157,0.158,0.08,0.09
2015-03-22 15:00:00,0.082,0.086,0.067,0.082,0.068,0.075,0.078,0.098,0.101,0.073,0.111,0.103,0.094,0.098,0.119,0.065,0.079
2015-03-22 16:00:00,0.051,0.052,0.044,0.049,0.046,0.056,0.038,0.062,0.053,0.032,0.053,0.059,0.05,0.048,0.059,0.045,0.061
2015-03-22 17:00:00,0.011,0.014,0.01,0.003,0.017,0.009,0.002,0.007,0.01,0.001,0.003,0.011,0.006,0.004,0.007,0.012,0.02
2015-03-22 18:00:00,0.0,0.0,0.0,0.0,0.0,0.0,0.0,0.0,0.0,0.0,0.0,0.0,0.0,0.0,0.0,0.0,0.0
2015-03-22 19:00:00,0.0,0.0,0.0,0.0,0.0,0.0,0.0,0.0,0.0,0.0,0.0,0.0,0.0,0.0,0.0,0.0,0.0
2015-03-22 20:00:00,0.0,0.0,0.0,0.0,0.0,0.0,0.0,0.0,0.0,0.0,0.0,0.0,0.0,0.0,0.0,0.0,0.0
2015-03-22 21:00:00,0.0,0.0,0.0,0.0,0.0,0.0,0.0,0.0,0.0,0.0,0.0,0.0,0.0,0.0,0.0,0.0,0.0
2015-03-22 22:00:00,0.0,0.0,0.0,0.0,0.0,0.0,0.0,0.0,0.0,0.0,0.0,0.0,0.0,0.0,0.0,0.0,0.0
2015-03-22 23:00:00,0.0,0.0,0.0,0.0,0.0,0.0,0.0,0.0,0.0,0.0,0.0,0.0,0.0,0.0,0.0,0.0,0.0
2015-03-23 00:00:00,0.0,0.0,0.0,0.0,0.0,0.0,0.0,0.0,0.0,0.0,0.0,0.0,0.0,0.0,0.0,0.0,0.0
2015-03-23 01:00:00,0.0,0.0,0.0,0.0,0.0,0.0,0.0,0.0,0.0,0.0,0.0,0.0,0.0,0.0,0.0,0.0,0.0
2015-03-23 02:00:00,0.0,0.0,0.0,0.0,0.0,0.0,0.0,0.0,0.0,0.0,0.0,0.0,0.0,0.0,0.0,0.0,0.0
2015-03-23 03:00:00,0.0,0.0,0.0,0.0,0.0,0.0,0.0,0.0,0.0,0.0,0.0,0.0,0.0,0.0,0.0,0.0,0.0
2015-03-23 04:00:00,0.0,0.0,0.0,0.0,0.0,0.0,0.0,0.0,0.0,0.0,0.0,0.0,0.0,0.0,0.0,0.0,0.0
2015-03-23 05:00:00,0.0,0.0,0.0,0.0,0.0,0.0,0.0,0.0,0.0,0.0,0.0,0.0,0.0,0.0,0.0,0.0,0.0
2015-03-23 06:00:00,0.205,0.218,0.208,0.273,0.19,0.257,0.187,0.27,0.235,0.209,0.308,0.074,0.241,0.172,0.258,0.206,0.1
2015-03-23 07:00:00,0.412,0.43,0.407,0.513,0.402,0.469,0.46,0.482,0.447,0.515,0.493,0.273,0.471,0.496,0.451,0.397,0.267
2015-03-23 08:00:00,0.529,0.564,0.468,0.601,0.53,0.577,0.608,0.579,0.577,0.612,0.579,0.404,0.587,0.598,0.541,0.513,0.456
2015-03-23 09:00:00,0.563,0.606,0.468,0.619,0.576,0.608,0.636,0.6,0.613,0.632,0.593,0.453,0.618,0.623,0.55,0.552,0.529
2015-03-23 10:00:00,0.548,0.59,0.47,0.573,0.569,0.575,0.599,0.56,0.593,0.588,0.547,0.479,0.587,0.586,0.523,0.544,0.531
2015-03-23 11:00:00,0.478,0.512,0.446,0.478,0.497,0.491,0.516,0.475,0.513,0.495,0.454,0.429,0.507,0.497,0.438,0.485,0.472
2015-03-23 12:00:00,0.364,0.398,0.357,0.341,0.39,0.365,0.384,0.344,0.39,0.358,0.319,0.337,0.378,0.364,0.323,0.376,0.371
2015-03-23 13:00:00,0.216,0.247,0.212,0.177,0.247,0.21,0.221,0.186,0.235,0.192,0.163,0.207,0.222,0.201,0.184,0.231,0.228
2015-03-23 14:00:00,0.084,0.084,0.088,0.074,0.089,0.079,0.077,0.075,0.08,0.075,0.08,0.091,0.076,0.076,0.102,0.084,0.079
2015-03-23 15:00:00,0.063,0.064,0.064,0.057,0.065,0.062,0.061,0.06,0.064,0.058,0.064,0.067,0.061,0.06,0.067,0.064,0.062
2015-03-23 16:00:00,0.04,0.044,0.039,0.033,0.044,0.038,0.038,0.037,0.042,0.034,0.035,0.043,0.039,0.037,0.038,0.041,0.042
2015-03-23 17:00:00,0.009,0.013,0.009,0.003,0.016,0.007,0.006,0.005,0.01,0.003,0.003,0.01,0.008,0.005,0.005,0.011,0.015
2015-03-23 18:00:00,0.0,0.0,0.0,0.0,0.0,0.0,0.0,0.0,0.0,0.0,0.0,0.0,0.0,0.0,0.0,0.0,0.0
2015-03-23 19:00:00,0.0,0.0,0.0,0.0,0.0,0.0,0.0,0.0,0.0,0.0,0.0,0.0,0.0,0.0,0.0,0.0,0.0
2015-03-23 20:00:00,0.0,0.0,0.0,0.0,0.0,0.0,0.0,0.0,0.0,0.0,0.0,0.0,0.0,0.0,0.0,0.0,0.0
2015-03-23 21:00:00,0.0,0.0,0.0,0.0,0.0,0.0,0.0,0.0,0.0,0.0,0.0,0.0,0.0,0.0,0.0,0.0,0.0
2015-03-23 22:00:00,0.0,0.0,0.0,0.0,0.0,0.0,0.0,0.0,0.0,0.0,0.0,0.0,0.0,0.0,0.0,0.0,0.0
2015-03-23 23:00:00,0.0,0.0,0.0,0.0,0.0,0.0,0.0,0.0,0.0,0.0,0.0,0.0,0.0,0.0,0.0,0.0,0.0
2015-03-24 00:00:00,0.0,0.0,0.0,0.0,0.0,0.0,0.0,0.0,0.0,0.0,0.0,0.0,0.0,0.0,0.0,0.0,0.0
2015-03-24 01:00:00,0.0,0.0,0.0,0.0,0.0,0.0,0.0,0.0,0.0,0.0,0.0,0.0,0.0,0.0,0.0,0.0,0.0
2015-03-24 02:00:00,0.0,0.0,0.0,0.0,0.0,0.0,0.0,0.0,0.0,0.0,0.0,0.0,0.0,0.0,0.0,0.0,0.0
2015-03-24 03:00:00,0.0,0.0,0.0,0.0,0.0,0.0,0.0,0.0,0.0,0.0,0.0,0.0,0.0,0.0,0.0,0.0,0.0
2015-03-24 04:00:00,0.0,0.0,0.0,0.0,0.0,0.0,0.0,0.0,0.0,0.0,0.0,0.0,0.0,0.0,0.0,0.0,0.0
2015-03-24 05:00:00,0.0,0.0,0.0,0.0,0.0,0.0,0.0,0.0,0.0,0.0,0.0,0.0,0.0,0.0,0.0,0.0,0.0
2015-03-24 06:00:00,0.241,0.222,0.242,0.316,0.206,0.262,0.286,0.284,0.237,0.313,0.307,0.204,0.256,0.288,0.275,0.232,0.154
2015-03-24 07:00:00,0.437,0.428,0.441,0.495,0.405,0.456,0.486,0.472,0.439,0.497,0.487,0.41,0.455,0.477,0.461,0.434,0.354
2015-03-24 08:00:00,0.542,0.55,0.549,0.573,0.523,0.556,0.587,0.563,0.553,0.582,0.565,0.512,0.561,0.571,0.551,0.549,0.467
2015-03-24 09:00:00,0.57,0.592,0.579,0.587,0.581,0.581,0.613,0.582,0.59,0.6,0.579,0.534,0.591,0.592,0.57,0.584,0.475
2015-03-24 10:00:00,0.54,0.572,0.551,0.541,0.561,0.55,0.58,0.542,0.566,0.558,0.531,0.486,0.562,0.554,0.528,0.56,0.458
2015-03-24 11:00:00,0.467,0.502,0.473,0.452,0.494,0.469,0.497,0.457,0.493,0.471,0.44,0.419,0.484,0.47,0.445,0.485,0.42
2015-03-24 12:00:00,0.348,0.388,0.354,0.324,0.379,0.348,0.371,0.331,0.376,0.342,0.311,0.295,0.365,0.346,0.32,0.369,0.319
2015-03-24 13:00:00,0.208,0.241,0.205,0.17,0.242,0.199,0.215,0.18,0.228,0.186,0.157,0.198,0.214,0.193,0.17,0.222,0.227
2015-03-24 14:00:00,0.086,0.097,0.072,0.071,0.098,0.084,0.076,0.071,0.082,0.072,0.069,0.11,0.093,0.077,0.074,0.077,0.127
2015-03-24 15:00:00,0.071,0.075,0.061,0.055,0.081,0.092,0.061,0.068,0.08,0.057,0.053,0.078,0.076,0.063,0.056,0.066,0.094
2015-03-24 16:00:00,0.043,0.046,0.039,0.032,0.043,0.041,0.039,0.035,0.052,0.034,0.031,0.044,0.042,0.037,0.035,0.046,0.061
2015-03-24 17:00:00,0.009,0.01,0.009,0.003,0.011,0.005,0.007,0.004,0.01,0.004,0.003,0.01,0.008,0.005,0.005,0.01,0.014
2015-03-24 18:00:00,0.0,0.0,0.0,0.0,0.0,0.0,0.0,0.0,0.0,0.0,0.0,0.0,0.0,0.0,0.0,0.0,0.0
2015-03-24 19:00:00,0.0,0.0,0.0,0.0,0.0,0.0,0.0,0.0,0.0,0.0,0.0,0.0,0.0,0.0,0.0,0.0,0.0
2015-03-24 20:00:00,0.0,0.0,0.0,0.0,0.0,0.0,0.0,0.0,0.0,0.0,0.0,0.0,0.0,0.0,0.0,0.0,0.0
2015-03-24 21:00:00,0.0,0.0,0.0,0.0,0.0,0.0,0.0,0.0,0.0,0.0,0.0,0.0,0.0,0.0,0.0,0.0,0.0
2015-03-24 22:00:00,0.0,0.0,0.0,0.0,0.0,0.0,0.0,0.0,0.0,0.0,0.0,0.0,0.0,0.0,0.0,0.0,0.0
2015-03-24 23:00:00,0.0,0.0,0.0,0.0,0.0,0.0,0.0,0.0,0.0,0.0,0.0,0.0,0.0,0.0,0.0,0.0,0.0
2015-03-25 00:00:00,0.0,0.0,0.0,0.0,0.0,0.0,0.0,0.0,0.0,0.0,0.0,0.0,0.0,0.0,0.0,0.0,0.0
2015-03-25 01:00:00,0.0,0.0,0.0,0.0,0.0,0.0,0.0,0.0,0.0,0.0,0.0,0.0,0.0,0.0,0.0,0.0,0.0
2015-03-25 02:00:00,0.0,0.0,0.0,0.0,0.0,0.0,0.0,0.0,0.0,0.0,0.0,0.0,0.0,0.0,0.0,0.0,0.0
2015-03-25 03:00:00,0.0,0.0,0.0,0.0,0.0,0.0,0.0,0.0,0.0,0.0,0.0,0.0,0.0,0.0,0.0,0.0,0.0
2015-03-25 04:00:00,0.0,0.0,0.0,0.0,0.0,0.0,0.0,0.0,0.0,0.0,0.0,0.0,0.0,0.0,0.0,0.0,0.0
2015-03-25 05:00:00,0.001,0.0,0.0,0.003,0.0,0.0,0.0,0.0,0.0,0.0,0.018,0.0,0.0,0.0,0.0,0.0,0.0
2015-03-25 06:00:00,0.173,0.22,0.089,0.276,0.169,0.224,0.271,0.238,0.236,0.257,0.272,0.08,0.248,0.265,0.226,0.129,0.058
2015-03-25 07:00:00,0.339,0.424,0.184,0.435,0.389,0.377,0.47,0.369,0.435,0.378,0.426,0.201,0.447,0.456,0.401,0.298,0.223
2015-03-25 08:00:00,0.447,0.543,0.287,0.535,0.522,0.464,0.569,0.427,0.547,0.494,0.505,0.244,0.551,0.548,0.455,0.432,0.375
2015-03-25 09:00:00,0.506,0.585,0.429,0.566,0.567,0.519,0.594,0.481,0.583,0.533,0.493,0.329,0.58,0.568,0.496,0.503,0.475
2015-03-25 10:00:00,0.508,0.564,0.454,0.523,0.555,0.518,0.558,0.483,0.558,0.521,0.484,0.398,0.551,0.537,0.487,0.517,0.488
2015-03-25 11:00:00,0.457,0.495,0.435,0.443,0.488,0.458,0.468,0.423,0.484,0.454,0.403,0.426,0.474,0.462,0.432,0.469,0.462
2015-03-25 12:00:00,0.349,0.384,0.349,0.315,0.379,0.345,0.358,0.325,0.361,0.308,0.301,0.34,0.352,0.342,0.318,0.36,0.362
2015-03-25 13:00:00,0.207,0.242,0.21,0.168,0.238,0.197,0.216,0.181,0.221,0.182,0.158,0.198,0.196,0.192,0.171,0.22,0.224
2015-03-25 14:00:00,0.087,0.114,0.073,0.075,0.096,0.089,0.142,0.076,0.142,0.088,0.072,0.073,0.139,0.119,0.08,0.078,0.078
2015-03-25 15:00:00,0.072,0.1,0.061,0.061,0.079,0.069,0.092,0.062,0.105,0.07,0.054,0.061,0.084,0.086,0.06,0.072,0.071
2015-03-25 16:00:00,0.051,0.074,0.044,0.035,0.064,0.044,0.058,0.038,0.066,0.043,0.032,0.042,0.051,0.048,0.036,0.057,0.057
2015-03-25 17:00:00,0.014,0.022,0.013,0.003,0.024,0.009,0.01,0.006,0.015,0.005,0.003,0.012,0.012,0.008,0.006,0.017,0.019
2015-03-25 18:00:00,0.0,0.0,0.0,0.0,0.0,0.0,0.0,0.0,0.0,0.0,0.0,0.0,0.0,0.0,0.0,0.0,0.0
2015-03-25 19:00:00,0.0,0.0,0.0,0.0,0.0,0.0,0.0,0.0,0.0,0.0,0.0,0.0,0.0,0.0,0.0,0.0,0.0
2015-03-25 20:00:00,0.0,0.0,0.0,0.0,0.0,0.0,0.0,0.0,0.0,0.0,0.0,0.0,0.0,0.0,0.0,0.0,0.0
2015-03-25 21:00:00,0.0,0.0,0.0,0.0,0.0,0.0,0.0,0.0,0.0,0.0,0.0,0.0,0.0,0.0,0.0,0.0,0.0
2015-03-25 22:00:00,0.0,0.0,0.0,0.0,0.0,0.0,0.0,0.0,0.0,0.0,0.0,0.0,0.0,0.0,0.0,0.0,0.0
2015-03-25 23:00:00,0.0,0.0,0.0,0.0,0.0,0.0,0.0,0.0,0.0,0.0,0.0,0.0,0.0,0.0,0.0,0.0,0.0
2015-03-26 00:00:00,0.0,0.0,0.0,0.0,0.0,0.0,0.0,0.0,0.0,0.0,0.0,0.0,0.0,0.0,0.0,0.0,0.0
2015-03-26 01:00:00,0.0,0.0,0.0,0.0,0.0,0.0,0.0,0.0,0.0,0.0,0.0,0.0,0.0,0.0,0.0,0.0,0.0
2015-03-26 02:00:00,0.0,0.0,0.0,0.0,0.0,0.0,0.0,0.0,0.0,0.0,0.0,0.0,0.0,0.0,0.0,0.0,0.0
2015-03-26 03:00:00,0.0,0.0,0.0,0.0,0.0,0.0,0.0,0.0,0.0,0.0,0.0,0.0,0.0,0.0,0.0,0.0,0.0
2015-03-26 04:00:00,0.0,0.0,0.0,0.0,0.0,0.0,0.0,0.0,0.0,0.0,0.0,0.0,0.0,0.0,0.0,0.0,0.0
2015-03-26 05:00:00,0.0,0.0,0.0,0.001,0.0,0.0,0.0,0.0,0.0,0.0,0.003,0.0,0.0,0.0,0.0,0.0,0.0
2015-03-26 06:00:00,0.04,0.009,0.034,0.044,0.015,0.03,0.182,0.039,0.036,0.116,0.079,0.034,0.064,0.055,0.058,0.031,0.028
2015-03-26 07:00:00,0.106,0.04,0.12,0.108,0.063,0.098,0.339,0.11,0.121,0.138,0.178,0.107,0.225,0.1,0.162,0.078,0.1
2015-03-26 08:00:00,0.155,0.098,0.106,0.145,0.086,0.123,0.478,0.172,0.182,0.307,0.28,0.196,0.28,0.255,0.256,0.06,0.208
2015-03-26 09:00:00,0.19,0.148,0.103,0.185,0.142,0.228,0.53,0.245,0.26,0.4,0.291,0.235,0.41,0.385,0.288,0.068,0.182
2015-03-26 10:00:00,0.237,0.242,0.115,0.301,0.174,0.327,0.462,0.294,0.299,0.478,0.32,0.238,0.403,0.484,0.294,0.143,0.179
2015-03-26 11:00:00,0.25,0.268,0.144,0.376,0.187,0.335,0.423,0.271,0.318,0.432,0.288,0.206,0.364,0.43,0.268,0.214,0.152
2015-03-26 12:00:00,0.215,0.225,0.193,0.297,0.191,0.302,0.343,0.242,0.238,0.325,0.209,0.177,0.31,0.325,0.207,0.191,0.13
2015-03-26 13:00:00,0.146,0.185,0.153,0.171,0.178,0.172,0.206,0.149,0.165,0.187,0.108,0.142,0.194,0.18,0.121,0.133,0.073
2015-03-26 14:00:00,0.089,0.1,0.084,0.089,0.105,0.106,0.114,0.097,0.102,0.085,0.086,0.083,0.104,0.087,0.089,0.091,0.051
2015-03-26 15:00:00,0.065,0.085,0.053,0.062,0.078,0.073,0.08,0.065,0.089,0.063,0.071,0.027,0.082,0.069,0.066,0.07,0.037
2015-03-26 16:00:00,0.035,0.047,0.025,0.038,0.039,0.038,0.05,0.036,0.05,0.036,0.031,0.011,0.039,0.042,0.025,0.042,0.019
2015-03-26 17:00:00,0.007,0.013,0.006,0.003,0.014,0.006,0.008,0.004,0.01,0.005,0.003,0.001,0.006,0.006,0.002,0.009,0.003
2015-03-26 18:00:00,0.0,0.0,0.0,0.0,0.0,0.0,0.0,0.0,0.0,0.0,0.0,0.0,0.0,0.0,0.0,0.0,0.0
2015-03-26 19:00:00,0.0,0.0,0.0,0.0,0.0,0.0,0.0,0.0,0.0,0.0,0.0,0.0,0.0,0.0,0.0,0.0,0.0
2015-03-26 20:00:00,0.0,0.0,0.0,0.0,0.0,0.0,0.0,0.0,0.0,0.0,0.0,0.0,0.0,0.0,0.0,0.0,0.0
2015-03-26 21:00:00,0.0,0.0,0.0,0.0,0.0,0.0,0.0,0.0,0.0,0.0,0.0,0.0,0.0,0.0,0.0,0.0,0.0
2015-03-26 22:00:00,0.0,0.0,0.0,0.0,0.0,0.0,0.0,0.0,0.0,0.0,0.0,0.0,0.0,0.0,0.0,0.0,0.0
2015-03-26 23:00:00,0.0,0.0,0.0,0.0,0.0,0.0,0.0,0.0,0.0,0.0,0.0,0.0,0.0,0.0,0.0,0.0,0.0
2015-03-27 00:00:00,0.0,0.0,0.0,0.0,0.0,0.0,0.0,0.0,0.0,0.0,0.0,0.0,0.0,0.0,0.0,0.0,0.0
2015-03-27 01:00:00,0.0,0.0,0.0,0.0,0.0,0.0,0.0,0.0,0.0,0.0,0.0,0.0,0.0,0.0,0.0,0.0,0.0
2015-03-27 02:00:00,0.0,0.0,0.0,0.0,0.0,0.0,0.0,0.0,0.0,0.0,0.0,0.0,0.0,0.0,0.0,0.0,0.0
2015-03-27 03:00:00,0.0,0.0,0.0,0.0,0.0,0.0,0.0,0.0,0.0,0.0,0.0,0.0,0.0,0.0,0.0,0.0,0.0
2015-03-27 04:00:00,0.0,0.0,0.0,0.0,0.0,0.0,0.0,0.0,0.0,0.0,0.0,0.0,0.0,0.0,0.0,0.0,0.0
2015-03-27 05:00:00,0.007,0.0,0.0,0.048,0.0,0.0,0.0,0.002,0.0,0.047,0.047,0.0,0.0,0.0,0.01,0.0,0.0
2015-03-27 06:00:00,0.061,0.002,0.016,0.222,0.002,0.095,0.185,0.133,0.015,0.221,0.15,0.04,0.108,0.213,0.091,0.004,0.017
2015-03-27 07:00:00,0.129,0.041,0.034,0.424,0.042,0.235,0.382,0.309,0.022,0.455,0.262,0.055,0.163,0.427,0.113,0.02,0.082
2015-03-27 08:00:00,0.205,0.117,0.067,0.534,0.187,0.293,0.448,0.433,0.038,0.552,0.4,0.097,0.196,0.522,0.217,0.059,0.148
2015-03-27 09:00:00,0.223,0.149,0.076,0.549,0.21,0.295,0.44,0.417,0.075,0.578,0.407,0.085,0.177,0.553,0.225,0.085,0.203
2015-03-27 10:00:00,0.24,0.23,0.051,0.518,0.289,0.285,0.423,0.449,0.059,0.537,0.434,0.089,0.138,0.505,0.265,0.108,0.199
2015-03-27 11:00:00,0.231,0.232,0.052,0.427,0.305,0.245,0.376,0.376,0.074,0.452,0.39,0.083,0.134,0.434,0.289,0.137,0.181
2015-03-27 12:00:00,0.209,0.245,0.069,0.315,0.278,0.186,0.263,0.292,0.128,0.331,0.285,0.081,0.105,0.317,0.218,0.163,0.226
2015-03-27 13:00:00,0.156,0.204,0.07,0.173,0.209,0.114,0.166,0.175,0.108,0.194,0.158,0.064,0.08,0.196,0.139,0.156,0.193
2015-03-27 14:00:00,0.102,0.137,0.088,0.084,0.138,0.068,0.088,0.088,0.079,0.127,0.081,0.055,0.062,0.122,0.068,0.11,0.134
2015-03-27 15:00:00,0.068,0.106,0.048,0.07,0.093,0.039,0.059,0.056,0.056,0.081,0.064,0.045,0.032,0.07,0.051,0.069,0.079
2015-03-27 16:00:00,0.038,0.061,0.017,0.036,0.061,0.022,0.017,0.032,0.029,0.041,0.035,0.024,0.014,0.03,0.018,0.042,0.056
2015-03-27 17:00:00,0.01,0.019,0.002,0.004,0.024,0.003,0.001,0.003,0.005,0.005,0.004,0.006,0.001,0.003,0.001,0.012,0.02
2015-03-27 18:00:00,0.0,0.0,0.0,0.0,0.0,0.0,0.0,0.0,0.0,0.0,0.0,0.0,0.0,0.0,0.0,0.0,0.0
2015-03-27 19:00:00,0.0,0.0,0.0,0.0,0.0,0.0,0.0,0.0,0.0,0.0,0.0,0.0,0.0,0.0,0.0,0.0,0.0
2015-03-27 20:00:00,0.0,0.0,0.0,0.0,0.0,0.0,0.0,0.0,0.0,0.0,0.0,0.0,0.0,0.0,0.0,0.0,0.0
2015-03-27 21:00:00,0.0,0.0,0.0,0.0,0.0,0.0,0.0,0.0,0.0,0.0,0.0,0.0,0.0,0.0,0.0,0.0,0.0
2015-03-27 22:00:00,0.0,0.0,0.0,0.0,0.0,0.0,0.0,0.0,0.0,0.0,0.0,0.0,0.0,0.0,0.0,0.0,0.0
2015-03-27 23:00:00,0.0,0.0,0.0,0.0,0.0,0.0,0.0,0.0,0.0,0.0,0.0,0.0,0.0,0.0,0.0,0.0,0.0
2015-03-28 00:00:00,0.0,0.0,0.0,0.0,0.0,0.0,0.0,0.0,0.0,0.0,0.0,0.0,0.0,0.0,0.0,0.0,0.0
2015-03-28 01:00:00,0.0,0.0,0.0,0.0,0.0,0.0,0.0,0.0,0.0,0.0,0.0,0.0,0.0,0.0,0.0,0.0,0.0
2015-03-28 02:00:00,0.0,0.0,0.0,0.0,0.0,0.0,0.0,0.0,0.0,0.0,0.0,0.0,0.0,0.0,0.0,0.0,0.0
2015-03-28 03:00:00,0.0,0.0,0.0,0.0,0.0,0.0,0.0,0.0,0.0,0.0,0.0,0.0,0.0,0.0,0.0,0.0,0.0
2015-03-28 04:00:00,0.0,0.0,0.0,0.0,0.0,0.0,0.0,0.0,0.0,0.0,0.0,0.0,0.0,0.0,0.0,0.0,0.0
2015-03-28 05:00:00,0.0,0.0,0.0,0.0,0.0,0.0,0.0,0.0,0.0,0.0,0.0,0.0,0.0,0.0,0.001,0.0,0.0
2015-03-28 06:00:00,0.066,0.031,0.122,0.009,0.013,0.111,0.02,0.079,0.04,0.006,0.01,0.076,0.063,0.011,0.082,0.092,0.11
2015-03-28 07:00:00,0.117,0.104,0.155,0.022,0.081,0.184,0.086,0.119,0.097,0.018,0.023,0.224,0.15,0.067,0.15,0.104,0.187
2015-03-28 08:00:00,0.186,0.228,0.189,0.027,0.198,0.239,0.12,0.152,0.132,0.019,0.039,0.331,0.136,0.064,0.235,0.156,0.362
2015-03-28 09:00:00,0.247,0.301,0.211,0.036,0.299,0.235,0.208,0.158,0.202,0.045,0.056,0.414,0.187,0.092,0.275,0.239,0.472
2015-03-28 10:00:00,0.274,0.371,0.261,0.053,0.392,0.214,0.199,0.15,0.325,0.061,0.049,0.4,0.27,0.071,0.248,0.274,0.484
2015-03-28 11:00:00,0.246,0.337,0.253,0.06,0.338,0.258,0.189,0.169,0.286,0.072,0.063,0.368,0.225,0.094,0.201,0.241,0.386
2015-03-28 12:00:00,0.224,0.288,0.244,0.076,0.293,0.24,0.19,0.197,0.239,0.076,0.075,0.313,0.214,0.13,0.202,0.222,0.3
2015-03-28 13:00:00,0.174,0.205,0.186,0.072,0.201,0.195,0.199,0.169,0.193,0.061,0.097,0.21,0.205,0.156,0.145,0.183,0.199
2015-03-28 14:00:00,0.116,0.123,0.136,0.062,0.113,0.125,0.141,0.117,0.138,0.044,0.085,0.114,0.139,0.105,0.106,0.133,0.123
2015-03-28 15:00:00,0.082,0.084,0.099,0.027,0.086,0.083,0.089,0.068,0.098,0.032,0.053,0.088,0.103,0.073,0.075,0.097,0.094
2015-03-28 16:00:00,0.047,0.058,0.049,0.015,0.056,0.051,0.047,0.045,0.054,0.022,0.028,0.051,0.048,0.043,0.039,0.053,0.053
2015-03-28 17:00:00,0.012,0.018,0.013,0.0,0.022,0.009,0.007,0.004,0.015,0.001,0.002,0.014,0.011,0.003,0.007,0.016,0.018
2015-03-28 18:00:00,0.0,0.0,0.0,0.0,0.0,0.0,0.0,0.0,0.0,0.0,0.0,0.0,0.0,0.0,0.0,0.0,0.0
2015-03-28 19:00:00,0.0,0.0,0.0,0.0,0.0,0.0,0.0,0.0,0.0,0.0,0.0,0.0,0.0,0.0,0.0,0.0,0.0
2015-03-28 20:00:00,0.0,0.0,0.0,0.0,0.0,0.0,0.0,0.0,0.0,0.0,0.0,0.0,0.0,0.0,0.0,0.0,0.0
2015-03-28 21:00:00,0.0,0.0,0.0,0.0,0.0,0.0,0.0,0.0,0.0,0.0,0.0,0.0,0.0,0.0,0.0,0.0,0.0
2015-03-28 22:00:00,0.0,0.0,0.0,0.0,0.0,0.0,0.0,0.0,0.0,0.0,0.0,0.0,0.0,0.0,0.0,0.0,0.0
2015-03-28 23:00:00,0.0,0.0,0.0,0.0,0.0,0.0,0.0,0.0,0.0,0.0,0.0,0.0,0.0,0.0,0.0,0.0,0.0
2015-03-29 00:00:00,0.0,0.0,0.0,0.0,0.0,0.0,0.0,0.0,0.0,0.0,0.0,0.0,0.0,0.0,0.0,0.0,0.0
2015-03-29 01:00:00,0.0,0.0,0.0,0.0,0.0,0.0,0.0,0.0,0.0,0.0,0.0,0.0,0.0,0.0,0.0,0.0,0.0
2015-03-29 02:00:00,0.0,0.0,0.0,0.0,0.0,0.0,0.0,0.0,0.0,0.0,0.0,0.0,0.0,0.0,0.0,0.0,0.0
2015-03-29 03:00:00,0.0,0.0,0.0,0.0,0.0,0.0,0.0,0.0,0.0,0.0,0.0,0.0,0.0,0.0,0.0,0.0,0.0
2015-03-29 04:00:00,0.0,0.0,0.0,0.0,0.0,0.0,0.0,0.0,0.0,0.0,0.0,0.0,0.0,0.0,0.0,0.0,0.0
2015-03-29 05:00:00,0.009,0.0,0.0,0.067,0.0,0.0,0.0,0.034,0.0,0.036,0.036,0.0,0.0,0.041,0.003,0.0,0.0
2015-03-29 06:00:00,0.09,0.021,0.1,0.172,0.014,0.243,0.258,0.17,0.152,0.099,0.105,0.069,0.272,0.236,0.082,0.059,0.005
2015-03-29 07:00:00,0.172,0.176,0.127,0.295,0.053,0.256,0.416,0.25,0.096,0.247,0.21,0.153,0.35,0.457,0.155,0.149,0.07
2015-03-29 08:00:00,0.225,0.165,0.253,0.433,0.017,0.332,0.554,0.397,0.265,0.33,0.331,0.178,0.4,0.558,0.325,0.16,0.027
2015-03-29 09:00:00,0.281,0.103,0.303,0.429,0.031,0.561,0.557,0.536,0.476,0.398,0.424,0.205,0.546,0.55,0.483,0.2,0.053
2015-03-29 10:00:00,0.235,0.07,0.186,0.329,0.087,0.495,0.553,0.521,0.33,0.311,0.391,0.156,0.556,0.467,0.481,0.096,0.087
2015-03-29 11:00:00,0.194,0.112,0.079,0.277,0.172,0.339,0.508,0.406,0.152,0.323,0.353,0.108,0.378,0.438,0.352,0.054,0.125
2015-03-29 12:00:00,0.178,0.163,0.069,0.265,0.219,0.197,0.37,0.284,0.095,0.329,0.265,0.078,0.257,0.339,0.234,0.096,0.155
2015-03-29 13:00:00,0.148,0.167,0.042,0.199,0.213,0.13,0.218,0.191,0.068,0.226,0.182,0.074,0.121,0.203,0.167,0.114,0.166
2015-03-29 14:00:00,0.111,0.113,0.063,0.148,0.129,0.083,0.124,0.12,0.083,0.124,0.123,0.04,0.089,0.129,0.098,0.123,0.127
2015-03-29 15:00:00,0.068,0.056,0.07,0.092,0.051,0.045,0.074,0.071,0.059,0.094,0.102,0.04,0.046,0.089,0.048,0.076,0.077
2015-03-29 16:00:00,0.04,0.03,0.06,0.046,0.034,0.031,0.031,0.024,0.056,0.046,0.04,0.032,0.038,0.039,0.02,0.046,0.055
2015-03-29 17:00:00,0.006,0.004,0.011,0.004,0.004,0.007,0.004,0.003,0.009,0.006,0.003,0.011,0.012,0.003,0.003,0.006,0.01
2015-03-29 18:00:00,0.0,0.0,0.0,0.0,0.0,0.0,0.0,0.0,0.0,0.0,0.0,0.0,0.0,0.0,0.0,0.0,0.0
2015-03-29 19:00:00,0.0,0.0,0.0,0.0,0.0,0.0,0.0,0.0,0.0,0.0,0.0,0.0,0.0,0.0,0.0,0.0,0.0
2015-03-29 20:00:00,0.0,0.0,0.0,0.0,0.0,0.0,0.0,0.0,0.0,0.0,0.0,0.0,0.0,0.0,0.0,0.0,0.0
2015-03-29 21:00:00,0.0,0.0,0.0,0.0,0.0,0.0,0.0,0.0,0.0,0.0,0.0,0.0,0.0,0.0,0.0,0.0,0.0
2015-03-29 22:00:00,0.0,0.0,0.0,0.0,0.0,0.0,0.0,0.0,0.0,0.0,0.0,0.0,0.0,0.0,0.0,0.0,0.0
2015-03-29 23:00:00,0.0,0.0,0.0,0.0,0.0,0.0,0.0,0.0,0.0,0.0,0.0,0.0,0.0,0.0,0.0,0.0,0.0
2015-03-30 00:00:00,0.0,0.0,0.0,0.0,0.0,0.0,0.0,0.0,0.0,0.0,0.0,0.0,0.0,0.0,0.0,0.0,0.0
2015-03-30 01:00:00,0.0,0.0,0.0,0.0,0.0,0.0,0.0,0.0,0.0,0.0,0.0,0.0,0.0,0.0,0.0,0.0,0.0
2015-03-30 02:00:00,0.0,0.0,0.0,0.0,0.0,0.0,0.0,0.0,0.0,0.0,0.0,0.0,0.0,0.0,0.0,0.0,0.0
2015-03-30 03:00:00,0.0,0.0,0.0,0.0,0.0,0.0,0.0,0.0,0.0,0.0,0.0,0.0,0.0,0.0,0.0,0.0,0.0
2015-03-30 04:00:00,0.0,0.0,0.0,0.0,0.0,0.0,0.0,0.0,0.0,0.0,0.0,0.0,0.0,0.0,0.0,0.0,0.0
2015-03-30 05:00:00,0.0,0.0,0.0,0.001,0.0,0.0,0.0,0.0,0.0,0.003,0.0,0.0,0.0,0.0,0.0,0.0,0.0
2015-03-30 06:00:00,0.054,0.173,0.064,0.01,0.043,0.082,0.018,0.01,0.177,0.014,0.004,0.011,0.046,0.012,0.008,0.093,0.008
2015-03-30 07:00:00,0.139,0.307,0.067,0.024,0.258,0.264,0.089,0.092,0.328,0.032,0.027,0.033,0.297,0.06,0.039,0.181,0.054
2015-03-30 08:00:00,0.26,0.427,0.177,0.061,0.322,0.4,0.253,0.318,0.528,0.083,0.054,0.089,0.436,0.312,0.151,0.357,0.135
2015-03-30 09:00:00,0.369,0.518,0.367,0.214,0.441,0.502,0.336,0.381,0.528,0.193,0.164,0.092,0.517,0.424,0.212,0.512,0.237
2015-03-30 10:00:00,0.409,0.398,0.481,0.435,0.418,0.536,0.436,0.501,0.476,0.333,0.33,0.122,0.507,0.519,0.295,0.503,0.276
2015-03-30 11:00:00,0.377,0.435,0.445,0.404,0.427,0.455,0.398,0.438,0.28,0.289,0.372,0.165,0.324,0.445,0.334,0.413,0.296
2015-03-30 12:00:00,0.308,0.382,0.314,0.329,0.34,0.325,0.345,0.334,0.29,0.276,0.315,0.194,0.256,0.337,0.286,0.312,0.274
2015-03-30 13:00:00,0.232,0.266,0.237,0.208,0.25,0.231,0.235,0.223,0.238,0.195,0.217,0.181,0.218,0.205,0.221,0.251,0.229
2015-03-30 14:00:00,0.132,0.139,0.123,0.127,0.134,0.139,0.083,0.134,0.119,0.117,0.125,0.116,0.131,0.109,0.126,0.142,0.151
2015-03-30 15:00:00,0.096,0.107,0.09,0.08,0.108,0.089,0.079,0.089,0.088,0.079,0.092,0.089,0.082,0.075,0.09,0.104,0.102
2015-03-30 16:00:00,0.051,0.06,0.052,0.046,0.04,0.057,0.05,0.05,0.056,0.027,0.046,0.047,0.053,0.051,0.045,0.056,0.061
2015-03-30 17:00:00,0.014,0.019,0.015,0.005,0.019,0.014,0.012,0.009,0.015,0.002,0.008,0.01,0.013,0.009,0.008,0.017,0.022
2015-03-30 18:00:00,0.0,0.0,0.0,0.0,0.0,0.0,0.0,0.0,0.0,0.0,0.0,0.0,0.0,0.0,0.0,0.0,0.0
2015-03-30 19:00:00,0.0,0.0,0.0,0.0,0.0,0.0,0.0,0.0,0.0,0.0,0.0,0.0,0.0,0.0,0.0,0.0,0.0
2015-03-30 20:00:00,0.0,0.0,0.0,0.0,0.0,0.0,0.0,0.0,0.0,0.0,0.0,0.0,0.0,0.0,0.0,0.0,0.0
2015-03-30 21:00:00,0.0,0.0,0.0,0.0,0.0,0.0,0.0,0.0,0.0,0.0,0.0,0.0,0.0,0.0,0.0,0.0,0.0
2015-03-30 22:00:00,0.0,0.0,0.0,0.0,0.0,0.0,0.0,0.0,0.0,0.0,0.0,0.0,0.0,0.0,0.0,0.0,0.0
2015-03-30 23:00:00,0.0,0.0,0.0,0.0,0.0,0.0,0.0,0.0,0.0,0.0,0.0,0.0,0.0,0.0,0.0,0.0,0.0
2015-03-31 00:00:00,0.0,0.0,0.0,0.0,0.0,0.0,0.0,0.0,0.0,0.0,0.0,0.0,0.0,0.0,0.0,0.0,0.0
2015-03-31 01:00:00,0.0,0.0,0.0,0.0,0.0,0.0,0.0,0.0,0.0,0.0,0.0,0.0,0.0,0.0,0.0,0.0,0.0
2015-03-31 02:00:00,0.0,0.0,0.0,0.0,0.0,0.0,0.0,0.0,0.0,0.0,0.0,0.0,0.0,0.0,0.0,0.0,0.0
2015-03-31 03:00:00,0.0,0.0,0.0,0.0,0.0,0.0,0.0,0.0,0.0,0.0,0.0,0.0,0.0,0.0,0.0,0.0,0.0
2015-03-31 04:00:00,0.0,0.0,0.0,0.0,0.0,0.0,0.0,0.0,0.0,0.0,0.0,0.0,0.0,0.0,0.0,0.0,0.0
2015-03-31 05:00:00,0.005,0.0,0.0,0.024,0.0,0.001,0.017,0.008,0.0,0.034,0.012,0.0,0.0,0.031,0.016,0.0,0.0
2015-03-31 06:00:00,0.088,0.02,0.241,0.09,0.017,0.11,0.257,0.07,0.036,0.124,0.061,0.182,0.104,0.142,0.109,0.078,0.029
2015-03-31 07:00:00,0.146,0.038,0.138,0.29,0.022,0.282,0.243,0.279,0.063,0.422,0.216,0.184,0.114,0.461,0.188,0.075,0.058
2015-03-31 08:00:00,0.188,0.041,0.181,0.37,0.028,0.257,0.205,0.37,0.099,0.449,0.345,0.252,0.173,0.366,0.306,0.112,0.092
2015-03-31 09:00:00,0.178,0.026,0.167,0.394,0.03,0.212,0.154,0.366,0.053,0.326,0.4,0.246,0.148,0.29,0.359,0.089,0.091
2015-03-31 10:00:00,0.159,0.089,0.117,0.371,0.033,0.164,0.106,0.302,0.059,0.286,0.416,0.21,0.086,0.196,0.352,0.073,0.062
2015-03-31 11:00:00,0.143,0.193,0.108,0.272,0.118,0.109,0.066,0.222,0.09,0.215,0.293,0.2,0.058,0.142,0.258,0.062,0.075
2015-03-31 12:00:00,0.15,0.243,0.083,0.19,0.271,0.074,0.096,0.14,0.218,0.166,0.195,0.168,0.132,0.105,0.203,0.076,0.124
2015-03-31 13:00:00,0.135,0.21,0.042,0.137,0.219,0.042,0.166,0.08,0.197,0.123,0.184,0.091,0.121,0.084,0.149,0.122,0.146
2015-03-31 14:00:00,0.102,0.129,0.057,0.097,0.136,0.043,0.138,0.06,0.125,0.069,0.127,0.07,0.116,0.08,0.094,0.112,0.123
2015-03-31 15:00:00,0.067,0.092,0.065,0.037,0.072,0.052,0.106,0.026,0.081,0.041,0.071,0.046,0.079,0.051,0.051,0.083,0.078
2015-03-31 16:00:00,0.041,0.048,0.047,0.012,0.052,0.04,0.052,0.016,0.063,0.027,0.023,0.032,0.054,0.034,0.021,0.052,0.052
2015-03-31 17:00:00,0.011,0.021,0.012,0.001,0.016,0.011,0.012,0.005,0.018,0.004,0.001,0.008,0.015,0.009,0.002,0.016,0.01
2015-03-31 18:00:00,0.0,0.0,0.0,0.0,0.0,0.0,0.0,0.0,0.0,0.0,0.0,0.0,0.0,0.0,0.0,0.0,0.0
2015-03-31 19:00:00,0.0,0.0,0.0,0.0,0.0,0.0,0.0,0.0,0.0,0.0,0.0,0.0,0.0,0.0,0.0,0.0,0.0
2015-03-31 20:00:00,0.0,0.0,0.0,0.0,0.0,0.0,0.0,0.0,0.0,0.0,0.0,0.0,0.0,0.0,0.0,0.0,0.0
2015-03-31 21:00:00,0.0,0.0,0.0,0.0,0.0,0.0,0.0,0.0,0.0,0.0,0.0,0.0,0.0,0.0,0.0,0.0,0.0
2015-03-31 22:00:00,0.0,0.0,0.0,0.0,0.0,0.0,0.0,0.0,0.0,0.0,0.0,0.0,0.0,0.0,0.0,0.0,0.0
2015-03-31 23:00:00,0.0,0.0,0.0,0.0,0.0,0.0,0.0,0.0,0.0,0.0,0.0,0.0,0.0,0.0,0.0,0.0,0.0
2015-04-01 00:00:00,0.0,0.0,0.0,0.0,0.0,0.0,0.0,0.0,0.0,0.0,0.0,0.0,0.0,0.0,0.0,0.0,0.0
2015-04-01 01:00:00,0.0,0.0,0.0,0.0,0.0,0.0,0.0,0.0,0.0,0.0,0.0,0.0,0.0,0.0,0.0,0.0,0.0
2015-04-01 02:00:00,0.0,0.0,0.0,0.0,0.0,0.0,0.0,0.0,0.0,0.0,0.0,0.0,0.0,0.0,0.0,0.0,0.0
2015-04-01 03:00:00,0.0,0.0,0.0,0.0,0.0,0.0,0.0,0.0,0.0,0.0,0.0,0.0,0.0,0.0,0.0,0.0,0.0
2015-04-01 04:00:00,0.0,0.0,0.0,0.0,0.0,0.0,0.0,0.0,0.0,0.0,0.0,0.0,0.0,0.0,0.0,0.0,0.0
2015-04-01 05:00:00,0.009,0.0,0.0,0.036,0.0,0.001,0.08,0.002,0.0,0.129,0.002,0.0,0.006,0.07,0.002,0.0,0.0
2015-04-01 06:00:00,0.052,0.081,0.025,0.087,0.03,0.027,0.294,0.024,0.133,0.299,0.014,0.028,0.18,0.136,0.012,0.025,0.02
2015-04-01 07:00:00,0.1,0.13,0.085,0.094,0.14,0.068,0.29,0.067,0.187,0.251,0.065,0.085,0.186,0.101,0.069,0.07,0.086
2015-04-01 08:00:00,0.172,0.264,0.157,0.177,0.27,0.139,0.307,0.15,0.235,0.234,0.068,0.154,0.219,0.136,0.124,0.137,0.166
2015-04-01 09:00:00,0.253,0.394,0.254,0.216,0.387,0.242,0.3,0.272,0.288,0.248,0.147,0.212,0.188,0.165,0.184,0.204,0.306
2015-04-01 10:00:00,0.325,0.42,0.35,0.293,0.381,0.31,0.315,0.338,0.392,0.263,0.224,0.261,0.216,0.208,0.225,0.339,0.395
2015-04-01 11:00:00,0.344,0.368,0.356,0.331,0.369,0.295,0.343,0.344,0.409,0.317,0.308,0.296,0.245,0.251,0.265,0.373,0.398
2015-04-01 12:00:00,0.3,0.311,0.304,0.284,0.348,0.294,0.302,0.282,0.319,0.286,0.256,0.284,0.296,0.254,0.239,0.309,0.334
2015-04-01 13:00:00,0.244,0.272,0.247,0.23,0.247,0.24,0.247,0.231,0.261,0.215,0.23,0.229,0.25,0.208,0.213,0.259,0.248
2015-04-01 14:00:00,0.172,0.19,0.182,0.178,0.179,0.183,0.162,0.176,0.172,0.155,0.173,0.161,0.154,0.16,0.166,0.177,0.153
2015-04-01 15:00:00,0.116,0.106,0.122,0.124,0.109,0.135,0.106,0.128,0.11,0.126,0.12,0.115,0.111,0.128,0.117,0.113,0.114
2015-04-01 16:00:00,0.064,0.068,0.064,0.058,0.065,0.072,0.062,0.065,0.062,0.062,0.057,0.064,0.061,0.065,0.064,0.061,0.069
2015-04-01 17:00:00,0.021,0.025,0.022,0.01,0.029,0.018,0.016,0.013,0.022,0.011,0.01,0.021,0.019,0.015,0.013,0.022,0.031
2015-04-01 18:00:00,0.0,0.0,0.0,0.0,0.0,0.0,0.0,0.0,0.0,0.0,0.0,0.0,0.0,0.0,0.0,0.0,0.0
2015-04-01 19:00:00,0.0,0.0,0.0,0.0,0.0,0.0,0.0,0.0,0.0,0.0,0.0,0.0,0.0,0.0,0.0,0.0,0.0
2015-04-01 20:00:00,0.0,0.0,0.0,0.0,0.0,0.0,0.0,0.0,0.0,0.0,0.0,0.0,0.0,0.0,0.0,0.0,0.0
2015-04-01 21:00:00,0.0,0.0,0.0,0.0,0.0,0.0,0.0,0.0,0.0,0.0,0.0,0.0,0.0,0.0,0.0,0.0,0.0
2015-04-01 22:00:00,0.0,0.0,0.0,0.0,0.0,0.0,0.0,0.0,0.0,0.0,0.0,0.0,0.0,0.0,0.0,0.0,0.0
2015-04-01 23:00:00,0.0,0.0,0.0,0.0,0.0,0.0,0.0,0.0,0.0,0.0,0.0,0.0,0.0,0.0,0.0,0.0,0.0
2015-04-02 00:00:00,0.0,0.0,0.0,0.0,0.0,0.0,0.0,0.0,0.0,0.0,0.0,0.0,0.0,0.0,0.0,0.0,0.0
2015-04-02 01:00:00,0.0,0.0,0.0,0.0,0.0,0.0,0.0,0.0,0.0,0.0,0.0,0.0,0.0,0.0,0.0,0.0,0.0
2015-04-02 02:00:00,0.0,0.0,0.0,0.0,0.0,0.0,0.0,0.0,0.0,0.0,0.0,0.0,0.0,0.0,0.0,0.0,0.0
2015-04-02 03:00:00,0.0,0.0,0.0,0.0,0.0,0.0,0.0,0.0,0.0,0.0,0.0,0.0,0.0,0.0,0.0,0.0,0.0
2015-04-02 04:00:00,0.0,0.0,0.0,0.0,0.0,0.0,0.0,0.0,0.0,0.0,0.0,0.0,0.0,0.0,0.0,0.0,0.0
2015-04-02 05:00:00,0.024,0.0,0.027,0.057,0.0,0.044,0.084,0.058,0.0,0.095,0.061,0.033,0.04,0.066,0.043,0.0,0.0
2015-04-02 06:00:00,0.112,0.047,0.138,0.144,0.056,0.124,0.272,0.214,0.099,0.268,0.105,0.14,0.137,0.193,0.146,0.068,0.086
2015-04-02 07:00:00,0.197,0.093,0.244,0.328,0.066,0.262,0.398,0.324,0.12,0.397,0.244,0.272,0.233,0.331,0.246,0.122,0.15
2015-04-02 08:00:00,0.249,0.116,0.286,0.403,0.117,0.303,0.304,0.355,0.144,0.507,0.33,0.403,0.211,0.4,0.304,0.176,0.183
2015-04-02 09:00:00,0.305,0.148,0.333,0.492,0.208,0.293,0.326,0.371,0.145,0.569,0.372,0.469,0.231,0.465,0.393,0.232,0.263
2015-04-02 10:00:00,0.355,0.297,0.391,0.5,0.318,0.326,0.341,0.419,0.22,0.55,0.431,0.483,0.179,0.414,0.428,0.246,0.394
2015-04-02 11:00:00,0.356,0.288,0.4,0.46,0.393,0.319,0.26,0.427,0.222,0.445,0.453,0.431,0.168,0.338,0.428,0.249,0.437
2015-04-02 12:00:00,0.312,0.33,0.318,0.363,0.401,0.252,0.239,0.358,0.239,0.339,0.349,0.334,0.237,0.29,0.344,0.231,0.366
2015-04-02 13:00:00,0.24,0.305,0.245,0.253,0.295,0.213,0.165,0.24,0.225,0.241,0.204,0.232,0.166,0.214,0.223,0.221,0.259
2015-04-02 14:00:00,0.152,0.194,0.164,0.164,0.173,0.176,0.093,0.152,0.188,0.139,0.107,0.112,0.129,0.117,0.119,0.158,0.16
2015-04-02 15:00:00,0.109,0.137,0.117,0.12,0.124,0.127,0.051,0.111,0.108,0.102,0.078,0.086,0.092,0.077,0.084,0.118,0.109
2015-04-02 16:00:00,0.063,0.077,0.073,0.049,0.076,0.062,0.029,0.051,0.074,0.036,0.044,0.054,0.057,0.041,0.047,0.074,0.063
2015-04-02 17:00:00,0.021,0.031,0.025,0.007,0.031,0.018,0.004,0.013,0.023,0.003,0.01,0.024,0.017,0.007,0.014,0.024,0.028
2015-04-02 18:00:00,0.0,0.0,0.0,0.0,0.0,0.0,0.0,0.0,0.0,0.0,0.0,0.0,0.0,0.0,0.0,0.0,0.0
2015-04-02 19:00:00,0.0,0.0,0.0,0.0,0.0,0.0,0.0,0.0,0.0,0.0,0.0,0.0,0.0,0.0,0.0,0.0,0.0
2015-04-02 20:00:00,0.0,0.0,0.0,0.0,0.0,0.0,0.0,0.0,0.0,0.0,0.0,0.0,0.0,0.0,0.0,0.0,0.0
2015-04-02 21:00:00,0.0,0.0,0.0,0.0,0.0,0.0,0.0,0.0,0.0,0.0,0.0,0.0,0.0,0.0,0.0,0.0,0.0
2015-04-02 22:00:00,0.0,0.0,0.0,0.0,0.0,0.0,0.0,0.0,0.0,0.0,0.0,0.0,0.0,0.0,0.0,0.0,0.0
2015-04-02 23:00:00,0.0,0.0,0.0,0.0,0.0,0.0,0.0,0.0,0.0,0.0,0.0,0.0,0.0,0.0,0.0,0.0,0.0
2015-05-21 00:00:00,0.0,0.0,0.0,0.0,0.0,0.0,0.0,0.0,0.0,0.0,0.0,0.0,0.0,0.0,0.0,0.0,0.0
2015-05-21 01:00:00,0.0,0.0,0.0,0.0,0.0,0.0,0.0,0.0,0.0,0.0,0.0,0.0,0.0,0.0,0.0,0.0,0.0
2015-05-21 02:00:00,0.0,0.0,0.0,0.0,0.0,0.0,0.0,0.0,0.0,0.0,0.0,0.0,0.0,0.0,0.0,0.0,0.0
2015-05-21 03:00:00,0.0,0.0,0.0,0.0,0.0,0.0,0.0,0.0,0.0,0.0,0.0,0.0,0.0,0.0,0.0,0.0,0.0
2015-05-21 04:00:00,0.039,0.033,0.024,0.045,0.086,0.003,0.002,0.013,0.002,0.055,0.026,0.045,0.002,0.004,0.028,0.026,0.107
2015-05-21 05:00:00,0.124,0.136,0.087,0.125,0.274,0.011,0.01,0.051,0.02,0.119,0.061,0.181,0.008,0.019,0.103,0.096,0.259
2015-05-21 06:00:00,0.219,0.272,0.171,0.16,0.463,0.028,0.027,0.07,0.038,0.137,0.105,0.291,0.023,0.03,0.186,0.206,0.43
2015-05-21 07:00:00,0.323,0.411,0.419,0.102,0.562,0.065,0.049,0.076,0.078,0.175,0.059,0.417,0.029,0.039,0.241,0.426,0.514
2015-05-21 08:00:00,0.393,0.524,0.515,0.136,0.664,0.075,0.093,0.076,0.128,0.173,0.069,0.553,0.057,0.055,0.291,0.503,0.633
2015-05-21 09:00:00,0.419,0.53,0.563,0.157,0.618,0.116,0.114,0.106,0.16,0.16,0.096,0.618,0.086,0.095,0.35,0.54,0.66
2015-05-21 10:00:00,0.387,0.414,0.526,0.187,0.542,0.128,0.099,0.142,0.169,0.187,0.107,0.567,0.101,0.1,0.316,0.495,0.609
2015-05-21 11:00:00,0.354,0.379,0.43,0.222,0.518,0.134,0.089,0.15,0.169,0.188,0.182,0.474,0.125,0.125,0.314,0.419,0.546
2015-05-21 12:00:00,0.305,0.321,0.334,0.236,0.439,0.149,0.089,0.139,0.174,0.141,0.263,0.407,0.123,0.097,0.306,0.329,0.459
2015-05-21 13:00:00,0.25,0.278,0.258,0.201,0.337,0.158,0.1,0.16,0.153,0.15,0.234,0.306,0.122,0.083,0.249,0.263,0.351
2015-05-21 14:00:00,0.18,0.201,0.176,0.121,0.221,0.138,0.068,0.147,0.141,0.074,0.177,0.173,0.113,0.064,0.183,0.216,0.217
2015-05-21 15:00:00,0.121,0.127,0.149,0.098,0.114,0.129,0.064,0.125,0.107,0.077,0.12,0.124,0.089,0.086,0.146,0.132,0.108
2015-05-21 16:00:00,0.085,0.094,0.112,0.057,0.083,0.102,0.042,0.075,0.09,0.045,0.063,0.093,0.062,0.052,0.101,0.094,0.081
2015-05-21 17:00:00,0.051,0.057,0.068,0.027,0.06,0.056,0.019,0.041,0.047,0.025,0.029,0.06,0.033,0.024,0.06,0.055,0.056
2015-05-21 18:00:00,0.02,0.025,0.027,0.004,0.03,0.015,0.003,0.011,0.017,0.003,0.006,0.028,0.007,0.005,0.023,0.021,0.032
2015-05-21 19:00:00,0.001,0.001,0.001,0.0,0.003,0.0,0.0,0.0,0.0,0.0,0.0,0.002,0.0,0.0,0.0,0.001,0.005
2015-05-21 20:00:00,0.0,0.0,0.0,0.0,0.0,0.0,0.0,0.0,0.0,0.0,0.0,0.0,0.0,0.0,0.0,0.0,0.0
2015-05-21 21:00:00,0.0,0.0,0.0,0.0,0.0,0.0,0.0,0.0,0.0,0.0,0.0,0.0,0.0,0.0,0.0,0.0,0.0
2015-05-21 22:00:00,0.0,0.0,0.0,0.0,0.0,0.0,0.0,0.0,0.0,0.0,0.0,0.0,0.0,0.0,0.0,0.0,0.0
2015-05-21 23:00:00,0.0,0.0,0.0,0.0,0.0,0.0,0.0,0.0,0.0,0.0,0.0,0.0,0.0,0.0,0.0,0.0,0.0
2015-05-22 00:00:00,0.0,0.0,0.0,0.0,0.0,0.0,0.0,0.0,0.0,0.0,0.0,0.0,0.0,0.0,0.0,0.0,0.0
2015-05-22 01:00:00,0.0,0.0,0.0,0.0,0.0,0.0,0.0,0.0,0.0,0.0,0.0,0.0,0.0,0.0,0.0,0.0,0.0
2015-05-22 02:00:00,0.0,0.0,0.0,0.0,0.0,0.0,0.0,0.0,0.0,0.0,0.0,0.0,0.0,0.0,0.0,0.0,0.0
2015-05-22 03:00:00,0.0,0.0,0.0,0.0,0.0,0.0,0.0,0.0,0.0,0.0,0.0,0.0,0.0,0.0,0.0,0.0,0.0
2015-05-22 04:00:00,0.093,0.085,0.138,0.001,0.119,0.079,0.003,0.036,0.073,0.0,0.008,0.155,0.047,0.003,0.084,0.129,0.137
2015-05-22 05:00:00,0.246,0.26,0.346,0.011,0.318,0.241,0.011,0.171,0.2,0.006,0.038,0.319,0.097,0.019,0.25,0.335,0.333
2015-05-22 06:00:00,0.391,0.418,0.5,0.026,0.5,0.404,0.036,0.283,0.395,0.018,0.095,0.477,0.263,0.044,0.438,0.511,0.509
2015-05-22 07:00:00,0.477,0.594,0.63,0.036,0.606,0.427,0.045,0.384,0.429,0.035,0.335,0.549,0.21,0.062,0.597,0.609,0.499
2015-05-22 08:00:00,0.533,0.666,0.652,0.065,0.674,0.549,0.077,0.455,0.469,0.046,0.339,0.643,0.319,0.139,0.65,0.63,0.625
2015-05-22 09:00:00,0.503,0.579,0.558,0.076,0.633,0.538,0.138,0.515,0.386,0.094,0.385,0.526,0.367,0.185,0.658,0.57,0.603
2015-05-22 10:00:00,0.453,0.524,0.549,0.106,0.53,0.458,0.118,0.465,0.385,0.09,0.439,0.453,0.335,0.281,0.591,0.525,0.434
2015-05-22 11:00:00,0.405,0.492,0.502,0.142,0.466,0.386,0.156,0.387,0.396,0.084,0.382,0.396,0.335,0.262,0.505,0.475,0.363
2015-05-22 12:00:00,0.33,0.366,0.375,0.167,0.401,0.288,0.108,0.313,0.276,0.093,0.323,0.349,0.205,0.245,0.381,0.388,0.316
2015-05-22 13:00:00,0.286,0.335,0.327,0.178,0.338,0.292,0.096,0.276,0.238,0.073,0.246,0.288,0.184,0.209,0.269,0.346,0.272
2015-05-22 14:00:00,0.209,0.25,0.237,0.151,0.238,0.2,0.069,0.2,0.172,0.057,0.192,0.205,0.143,0.137,0.195,0.252,0.208
2015-05-22 15:00:00,0.141,0.161,0.164,0.102,0.147,0.125,0.06,0.14,0.15,0.034,0.12,0.139,0.113,0.094,0.142,0.166,0.144
2015-05-22 16:00:00,0.102,0.131,0.114,0.081,0.1,0.09,0.047,0.093,0.118,0.028,0.093,0.1,0.082,0.068,0.089,0.123,0.101
2015-05-22 17:00:00,0.063,0.085,0.073,0.042,0.059,0.065,0.018,0.061,0.084,0.018,0.055,0.064,0.049,0.039,0.064,0.075,0.058
2015-05-22 18:00:00,0.028,0.041,0.032,0.012,0.034,0.028,0.004,0.021,0.031,0.002,0.019,0.032,0.017,0.012,0.026,0.034,0.027
2015-05-22 19:00:00,0.001,0.002,0.001,0.0,0.003,0.0,0.0,0.0,0.0,0.0,0.0,0.003,0.0,0.0,0.0,0.001,0.004
2015-05-22 20:00:00,0.0,0.0,0.0,0.0,0.0,0.0,0.0,0.0,0.0,0.0,0.0,0.0,0.0,0.0,0.0,0.0,0.0
2015-05-22 21:00:00,0.0,0.0,0.0,0.0,0.0,0.0,0.0,0.0,0.0,0.0,0.0,0.0,0.0,0.0,0.0,0.0,0.0
2015-05-22 22:00:00,0.0,0.0,0.0,0.0,0.0,0.0,0.0,0.0,0.0,0.0,0.0,0.0,0.0,0.0,0.0,0.0,0.0
2015-05-22 23:00:00,0.0,0.0,0.0,0.0,0.0,0.0,0.0,0.0,0.0,0.0,0.0,0.0,0.0,0.0,0.0,0.0,0.0
2015-05-23 00:00:00,0.0,0.0,0.0,0.0,0.0,0.0,0.0,0.0,0.0,0.0,0.0,0.0,0.0,0.0,0.0,0.0,0.0
2015-05-23 01:00:00,0.0,0.0,0.0,0.0,0.0,0.0,0.0,0.0,0.0,0.0,0.0,0.0,0.0,0.0,0.0,0.0,0.0
2015-05-23 02:00:00,0.0,0.0,0.0,0.0,0.0,0.0,0.0,0.0,0.0,0.0,0.0,0.0,0.0,0.0,0.0,0.0,0.0
2015-05-23 03:00:00,0.0,0.0,0.0,0.0,0.0,0.0,0.0,0.0,0.0,0.0,0.003,0.0,0.0,0.0,0.0,0.0,0.0
2015-05-23 04:00:00,0.097,0.048,0.159,0.02,0.081,0.067,0.006,0.067,0.04,0.006,0.09,0.169,0.017,0.027,0.193,0.123,0.098
2015-05-23 05:00:00,0.222,0.153,0.329,0.049,0.228,0.182,0.027,0.204,0.058,0.033,0.204,0.325,0.034,0.074,0.39,0.283,0.198
2015-05-23 06:00:00,0.341,0.339,0.478,0.062,0.369,0.311,0.055,0.336,0.118,0.054,0.327,0.439,0.068,0.113,0.538,0.437,0.275
2015-05-23 07:00:00,0.337,0.433,0.459,0.233,0.366,0.188,0.116,0.31,0.039,0.121,0.318,0.428,0.082,0.231,0.525,0.387,0.252
2015-05-23 08:00:00,0.398,0.476,0.524,0.334,0.441,0.204,0.208,0.387,0.096,0.135,0.496,0.374,0.196,0.25,0.547,0.487,0.261
2015-05-23 09:00:00,0.371,0.422,0.539,0.274,0.409,0.208,0.179,0.392,0.143,0.192,0.529,0.347,0.256,0.289,0.504,0.414,0.24
2015-05-23 10:00:00,0.326,0.383,0.352,0.333,0.338,0.272,0.236,0.374,0.226,0.205,0.454,0.294,0.298,0.296,0.343,0.338,0.258
2015-05-23 11:00:00,0.303,0.327,0.316,0.281,0.267,0.419,0.225,0.362,0.207,0.217,0.392,0.321,0.279,0.293,0.266,0.302,0.288
2015-05-23 12:00:00,0.276,0.299,0.273,0.25,0.316,0.376,0.25,0.32,0.243,0.207,0.293,0.226,0.263,0.277,0.18,0.29,0.271
2015-05-23 13:00:00,0.231,0.223,0.227,0.219,0.222,0.304,0.195,0.279,0.208,0.161,0.257,0.195,0.221,0.199,0.189,0.255,0.223
2015-05-23 14:00:00,0.178,0.212,0.177,0.153,0.196,0.215,0.16,0.195,0.176,0.124,0.164,0.168,0.173,0.141,0.166,0.19,0.144
2015-05-23 15:00:00,0.128,0.155,0.138,0.104,0.127,0.16,0.112,0.132,0.148,0.097,0.122,0.102,0.121,0.131,0.12,0.14,0.108
2015-05-23 16:00:00,0.09,0.107,0.084,0.071,0.094,0.111,0.075,0.099,0.088,0.048,0.077,0.073,0.07,0.067,0.086,0.097,0.104
2015-05-23 17:00:00,0.053,0.051,0.046,0.038,0.059,0.061,0.023,0.059,0.043,0.026,0.06,0.046,0.034,0.03,0.052,0.059,0.066
2015-05-23 18:00:00,0.021,0.018,0.021,0.009,0.026,0.022,0.005,0.022,0.011,0.006,0.02,0.022,0.008,0.005,0.016,0.024,0.035
2015-05-23 19:00:00,0.001,0.001,0.0,0.0,0.002,0.0,0.0,0.0,0.0,0.0,0.0,0.003,0.0,0.0,0.0,0.001,0.006
2015-05-23 20:00:00,0.0,0.0,0.0,0.0,0.0,0.0,0.0,0.0,0.0,0.0,0.0,0.0,0.0,0.0,0.0,0.0,0.0
2015-05-23 21:00:00,0.0,0.0,0.0,0.0,0.0,0.0,0.0,0.0,0.0,0.0,0.0,0.0,0.0,0.0,0.0,0.0,0.0
2015-05-23 22:00:00,0.0,0.0,0.0,0.0,0.0,0.0,0.0,0.0,0.0,0.0,0.0,0.0,0.0,0.0,0.0,0.0,0.0
2015-05-23 23:00:00,0.0,0.0,0.0,0.0,0.0,0.0,0.0,0.0,0.0,0.0,0.0,0.0,0.0,0.0,0.0,0.0,0.0
2015-05-24 00:00:00,0.0,0.0,0.0,0.0,0.0,0.0,0.0,0.0,0.0,0.0,0.0,0.0,0.0,0.0,0.0,0.0,0.0
2015-05-24 01:00:00,0.0,0.0,0.0,0.0,0.0,0.0,0.0,0.0,0.0,0.0,0.0,0.0,0.0,0.0,0.0,0.0,0.0
2015-05-24 02:00:00,0.0,0.0,0.0,0.0,0.0,0.0,0.0,0.0,0.0,0.0,0.0,0.0,0.0,0.0,0.0,0.0,0.0
2015-05-24 03:00:00,0.0,0.0,0.0,0.0,0.0,0.0,0.0,0.0,0.0,0.0,0.003,0.0,0.0,0.0,0.002,0.0,0.0
2015-05-24 04:00:00,0.084,0.055,0.066,0.009,0.095,0.039,0.002,0.081,0.016,0.008,0.121,0.162,0.0,0.002,0.148,0.083,0.149
2015-05-24 05:00:00,0.213,0.188,0.237,0.022,0.254,0.134,0.015,0.195,0.088,0.024,0.236,0.358,0.011,0.013,0.361,0.209,0.344
2015-05-24 06:00:00,0.343,0.301,0.437,0.069,0.405,0.226,0.034,0.298,0.136,0.059,0.395,0.511,0.038,0.039,0.521,0.356,0.521
2015-05-24 07:00:00,0.402,0.31,0.591,0.071,0.506,0.396,0.056,0.35,0.269,0.049,0.365,0.577,0.055,0.054,0.589,0.44,0.507
2015-05-24 08:00:00,0.495,0.432,0.678,0.114,0.585,0.5,0.116,0.446,0.425,0.084,0.407,0.637,0.142,0.097,0.664,0.57,0.606
2015-05-24 09:00:00,0.483,0.427,0.667,0.171,0.565,0.499,0.125,0.444,0.459,0.128,0.445,0.644,0.204,0.114,0.677,0.516,0.542
2015-05-24 10:00:00,0.479,0.39,0.637,0.221,0.586,0.423,0.133,0.421,0.429,0.177,0.434,0.642,0.213,0.155,0.642,0.517,0.547
2015-05-24 11:00:00,0.439,0.305,0.567,0.277,0.549,0.319,0.151,0.425,0.288,0.211,0.407,0.575,0.185,0.216,0.561,0.463,0.548
2015-05-24 12:00:00,0.383,0.243,0.467,0.321,0.462,0.286,0.172,0.35,0.262,0.244,0.37,0.474,0.268,0.262,0.456,0.388,0.49
2015-05-24 13:00:00,0.297,0.27,0.338,0.239,0.356,0.228,0.16,0.265,0.199,0.212,0.265,0.343,0.216,0.26,0.32,0.3,0.375
2015-05-24 14:00:00,0.197,0.19,0.202,0.195,0.231,0.183,0.156,0.196,0.183,0.147,0.177,0.209,0.19,0.197,0.17,0.191,0.234
2015-05-24 15:00:00,0.111,0.127,0.095,0.147,0.108,0.125,0.099,0.116,0.14,0.108,0.104,0.097,0.136,0.133,0.086,0.116,0.089
2015-05-24 16:00:00,0.08,0.098,0.075,0.083,0.077,0.09,0.065,0.086,0.108,0.051,0.082,0.078,0.089,0.061,0.07,0.08,0.076
2015-05-24 17:00:00,0.052,0.062,0.054,0.039,0.057,0.06,0.021,0.053,0.047,0.03,0.049,0.052,0.038,0.033,0.051,0.057,0.057
2015-05-24 18:00:00,0.025,0.029,0.028,0.013,0.031,0.021,0.007,0.021,0.021,0.008,0.021,0.03,0.013,0.011,0.025,0.026,0.035
2015-05-24 19:00:00,0.002,0.002,0.002,0.0,0.004,0.0,0.0,0.0,0.0,0.0,0.0,0.004,0.0,0.0,0.001,0.002,0.007
2015-05-24 20:00:00,0.0,0.0,0.0,0.0,0.0,0.0,0.0,0.0,0.0,0.0,0.0,0.0,0.0,0.0,0.0,0.0,0.0
2015-05-24 21:00:00,0.0,0.0,0.0,0.0,0.0,0.0,0.0,0.0,0.0,0.0,0.0,0.0,0.0,0.0,0.0,0.0,0.0
2015-05-24 22:00:00,0.0,0.0,0.0,0.0,0.0,0.0,0.0,0.0,0.0,0.0,0.0,0.0,0.0,0.0,0.0,0.0,0.0
2015-05-24 23:00:00,0.0,0.0,0.0,0.0,0.0,0.0,0.0,0.0,0.0,0.0,0.0,0.0,0.0,0.0,0.0,0.0,0.0
2015-05-25 00:00:00,0.0,0.0,0.0,0.0,0.0,0.0,0.0,0.0,0.0,0.0,0.0,0.0,0.0,0.0,0.0,0.0,0.0
2015-05-25 01:00:00,0.0,0.0,0.0,0.0,0.0,0.0,0.0,0.0,0.0,0.0,0.0,0.0,0.0,0.0,0.0,0.0,0.0
2015-05-25 02:00:00,0.0,0.0,0.0,0.0,0.0,0.0,0.0,0.0,0.0,0.0,0.0,0.0,0.0,0.0,0.0,0.0,0.0
2015-05-25 03:00:00,0.002,0.0,0.0,0.0,0.0,0.0,0.0,0.0,0.0,0.0,0.019,0.0,0.0,0.0,0.013,0.0,0.0
2015-05-25 04:00:00,0.107,0.103,0.121,0.083,0.11,0.077,0.008,0.106,0.072,0.021,0.165,0.188,0.023,0.01,0.202,0.081,0.13
2015-05-25 05:00:00,0.23,0.238,0.257,0.225,0.243,0.212,0.023,0.217,0.159,0.1,0.274,0.391,0.041,0.044,0.374,0.183,0.279
2015-05-25 06:00:00,0.325,0.381,0.353,0.348,0.337,0.219,0.057,0.27,0.21,0.13,0.344,0.546,0.061,0.088,0.466,0.288,0.416
2015-05-25 07:00:00,0.354,0.475,0.284,0.346,0.419,0.26,0.087,0.339,0.166,0.083,0.441,0.586,0.099,0.147,0.477,0.323,0.376
2015-05-25 08:00:00,0.414,0.505,0.406,0.277,0.46,0.424,0.119,0.412,0.25,0.145,0.468,0.602,0.171,0.264,0.474,0.431,0.414
2015-05-25 09:00:00,0.436,0.512,0.416,0.25,0.372,0.46,0.145,0.477,0.369,0.191,0.458,0.551,0.25,0.366,0.505,0.49,0.459
2015-05-25 10:00:00,0.402,0.498,0.438,0.212,0.292,0.45,0.232,0.363,0.423,0.216,0.395,0.525,0.357,0.33,0.423,0.455,0.425
2015-05-25 11:00:00,0.329,0.399,0.35,0.258,0.224,0.336,0.212,0.277,0.374,0.231,0.327,0.439,0.256,0.26,0.354,0.37,0.323
2015-05-25 12:00:00,0.275,0.373,0.311,0.227,0.265,0.267,0.238,0.209,0.296,0.214,0.186,0.34,0.232,0.199,0.241,0.312,0.249
2015-05-25 13:00:00,0.218,0.289,0.21,0.208,0.241,0.24,0.171,0.188,0.237,0.18,0.171,0.249,0.16,0.195,0.188,0.228,0.194
2015-05-25 14:00:00,0.173,0.236,0.174,0.164,0.199,0.192,0.139,0.152,0.156,0.161,0.13,0.172,0.118,0.151,0.142,0.186,0.153
2015-05-25 15:00:00,0.114,0.147,0.115,0.093,0.122,0.13,0.088,0.11,0.098,0.11,0.086,0.105,0.069,0.104,0.101,0.13,0.102
2015-05-25 16:00:00,0.084,0.111,0.096,0.059,0.091,0.061,0.055,0.072,0.074,0.067,0.07,0.085,0.056,0.049,0.075,0.101,0.078
2015-05-25 17:00:00,0.049,0.067,0.07,0.034,0.048,0.036,0.02,0.04,0.048,0.04,0.038,0.047,0.025,0.026,0.048,0.06,0.048
2015-05-25 18:00:00,0.021,0.031,0.025,0.008,0.025,0.014,0.006,0.01,0.019,0.014,0.009,0.023,0.005,0.008,0.016,0.029,0.026
2015-05-25 19:00:00,0.002,0.002,0.002,0.0,0.003,0.0,0.0,0.0,0.0,0.0,0.0,0.001,0.0,0.0,0.0,0.003,0.004
2015-05-25 20:00:00,0.0,0.0,0.0,0.0,0.0,0.0,0.0,0.0,0.0,0.0,0.0,0.0,0.0,0.0,0.0,0.0,0.0
2015-05-25 21:00:00,0.0,0.0,0.0,0.0,0.0,0.0,0.0,0.0,0.0,0.0,0.0,0.0,0.0,0.0,0.0,0.0,0.0
2015-05-25 22:00:00,0.0,0.0,0.0,0.0,0.0,0.0,0.0,0.0,0.0,0.0,0.0,0.0,0.0,0.0,0.0,0.0,0.0
2015-05-25 23:00:00,0.0,0.0,0.0,0.0,0.0,0.0,0.0,0.0,0.0,0.0,0.0,0.0,0.0,0.0,0.0,0.0,0.0
2015-05-26 00:00:00,0.0,0.0,0.0,0.0,0.0,0.0,0.0,0.0,0.0,0.0,0.0,0.0,0.0,0.0,0.0,0.0,0.0
2015-05-26 01:00:00,0.0,0.0,0.0,0.0,0.0,0.0,0.0,0.0,0.0,0.0,0.0,0.0,0.0,0.0,0.0,0.0,0.0
2015-05-26 02:00:00,0.0,0.0,0.0,0.0,0.0,0.0,0.0,0.0,0.0,0.0,0.0,0.0,0.0,0.0,0.0,0.0,0.0
2015-05-26 03:00:00,0.0,0.0,0.0,0.0,0.0,0.0,0.0,0.0,0.0,0.0,0.003,0.0,0.0,0.0,0.001,0.0,0.0
2015-05-26 04:00:00,0.031,0.01,0.035,0.035,0.017,0.025,0.001,0.024,0.01,0.025,0.061,0.028,0.012,0.005,0.027,0.038,0.057
2015-05-26 05:00:00,0.101,0.064,0.146,0.086,0.046,0.071,0.015,0.076,0.052,0.112,0.115,0.104,0.069,0.02,0.121,0.126,0.159
2015-05-26 06:00:00,0.196,0.14,0.302,0.212,0.116,0.186,0.016,0.137,0.099,0.205,0.103,0.246,0.105,0.07,0.206,0.225,0.326
2015-05-26 07:00:00,0.322,0.201,0.52,0.275,0.374,0.318,0.145,0.128,0.188,0.195,0.122,0.373,0.176,0.235,0.154,0.406,0.531
2015-05-26 08:00:00,0.398,0.298,0.504,0.31,0.466,0.359,0.124,0.209,0.264,0.184,0.193,0.464,0.132,0.172,0.361,0.516,0.578
2015-05-26 09:00:00,0.416,0.397,0.526,0.223,0.54,0.343,0.064,0.258,0.287,0.22,0.188,0.495,0.087,0.134,0.373,0.537,0.568
2015-05-26 10:00:00,0.42,0.426,0.488,0.286,0.552,0.292,0.082,0.33,0.284,0.297,0.194,0.51,0.11,0.163,0.438,0.501,0.528
2015-05-26 11:00:00,0.375,0.352,0.461,0.276,0.447,0.242,0.074,0.266,0.311,0.324,0.211,0.482,0.1,0.18,0.344,0.462,0.462
2015-05-26 12:00:00,0.323,0.304,0.386,0.214,0.376,0.206,0.091,0.229,0.268,0.306,0.248,0.42,0.073,0.165,0.293,0.39,0.4
2015-05-26 13:00:00,0.265,0.263,0.306,0.246,0.311,0.184,0.059,0.191,0.179,0.238,0.217,0.33,0.089,0.145,0.245,0.307,0.316
2015-05-26 14:00:00,0.189,0.205,0.207,0.183,0.22,0.149,0.06,0.135,0.146,0.166,0.143,0.202,0.063,0.125,0.144,0.226,0.231
2015-05-26 15:00:00,0.123,0.136,0.126,0.113,0.148,0.123,0.042,0.096,0.096,0.103,0.086,0.105,0.074,0.094,0.095,0.152,0.135
2015-05-26 16:00:00,0.083,0.104,0.083,0.061,0.117,0.058,0.028,0.049,0.067,0.074,0.054,0.085,0.061,0.071,0.059,0.099,0.096
2015-05-26 17:00:00,0.053,0.058,0.061,0.041,0.069,0.023,0.013,0.025,0.03,0.04,0.023,0.059,0.018,0.037,0.044,0.067,0.071
2015-05-26 18:00:00,0.02,0.023,0.028,0.008,0.029,0.006,0.002,0.004,0.006,0.005,0.007,0.032,0.005,0.005,0.014,0.027,0.035
2015-05-26 19:00:00,0.002,0.002,0.003,0.0,0.004,0.0,0.0,0.0,0.0,0.0,0.0,0.006,0.0,0.0,0.001,0.003,0.007
2015-05-26 20:00:00,0.0,0.0,0.0,0.0,0.0,0.0,0.0,0.0,0.0,0.0,0.0,0.0,0.0,0.0,0.0,0.0,0.0
2015-05-26 21:00:00,0.0,0.0,0.0,0.0,0.0,0.0,0.0,0.0,0.0,0.0,0.0,0.0,0.0,0.0,0.0,0.0,0.0
2015-05-26 22:00:00,0.0,0.0,0.0,0.0,0.0,0.0,0.0,0.0,0.0,0.0,0.0,0.0,0.0,0.0,0.0,0.0,0.0
2015-05-26 23:00:00,0.0,0.0,0.0,0.0,0.0,0.0,0.0,0.0,0.0,0.0,0.0,0.0,0.0,0.0,0.0,0.0,0.0
2015-05-27 00:00:00,0.0,0.0,0.0,0.0,0.0,0.0,0.0,0.0,0.0,0.0,0.0,0.0,0.0,0.0,0.0,0.0,0.0
2015-05-27 01:00:00,0.0,0.0,0.0,0.0,0.0,0.0,0.0,0.0,0.0,0.0,0.0,0.0,0.0,0.0,0.0,0.0,0.0
2015-05-27 02:00:00,0.0,0.0,0.0,0.0,0.0,0.0,0.0,0.0,0.0,0.0,0.0,0.0,0.0,0.0,0.0,0.0,0.0
2015-05-27 03:00:00,0.0,0.0,0.0,0.0,0.0,0.0,0.0,0.0,0.0,0.0,0.0,0.0,0.0,0.0,0.002,0.0,0.0
2015-05-27 04:00:00,0.097,0.099,0.159,0.001,0.093,0.11,0.005,0.053,0.11,0.001,0.018,0.167,0.07,0.004,0.147,0.132,0.072
2015-05-27 05:00:00,0.231,0.245,0.362,0.009,0.203,0.297,0.039,0.144,0.28,0.007,0.057,0.334,0.242,0.025,0.297,0.326,0.195
2015-05-27 06:00:00,0.349,0.378,0.516,0.025,0.344,0.441,0.127,0.248,0.441,0.023,0.098,0.426,0.452,0.069,0.416,0.477,0.305
2015-05-27 07:00:00,0.357,0.446,0.47,0.052,0.517,0.22,0.163,0.109,0.387,0.04,0.062,0.525,0.276,0.053,0.269,0.481,0.457
2015-05-27 08:00:00,0.341,0.498,0.519,0.067,0.346,0.235,0.203,0.109,0.451,0.052,0.066,0.55,0.22,0.084,0.296,0.457,0.377
2015-05-27 09:00:00,0.336,0.479,0.404,0.058,0.358,0.277,0.22,0.18,0.434,0.043,0.08,0.536,0.28,0.101,0.318,0.421,0.404
2015-05-27 10:00:00,0.311,0.437,0.387,0.071,0.316,0.263,0.191,0.137,0.455,0.075,0.081,0.487,0.312,0.121,0.265,0.381,0.392
2015-05-27 11:00:00,0.301,0.344,0.357,0.084,0.305,0.241,0.201,0.161,0.444,0.091,0.121,0.468,0.286,0.111,0.287,0.36,0.406
2015-05-27 12:00:00,0.247,0.268,0.292,0.082,0.262,0.254,0.21,0.167,0.357,0.071,0.116,0.398,0.295,0.125,0.23,0.251,0.349
2015-05-27 13:00:00,0.235,0.254,0.241,0.113,0.237,0.223,0.168,0.22,0.299,0.099,0.134,0.308,0.249,0.154,0.255,0.258,0.281
2015-05-27 14:00:00,0.172,0.188,0.187,0.066,0.151,0.148,0.156,0.161,0.235,0.084,0.144,0.227,0.161,0.133,0.197,0.177,0.222
2015-05-27 15:00:00,0.127,0.139,0.139,0.056,0.143,0.119,0.121,0.119,0.154,0.059,0.127,0.147,0.109,0.089,0.153,0.127,0.144
2015-05-27 16:00:00,0.087,0.09,0.087,0.026,0.097,0.071,0.09,0.079,0.097,0.036,0.074,0.12,0.073,0.067,0.116,0.09,0.095
2015-05-27 17:00:00,0.054,0.059,0.061,0.024,0.057,0.036,0.047,0.05,0.05,0.021,0.048,0.066,0.044,0.029,0.077,0.058,0.062
2015-05-27 18:00:00,0.023,0.026,0.029,0.006,0.025,0.014,0.012,0.017,0.019,0.005,0.021,0.033,0.015,0.009,0.032,0.025,0.033
2015-05-27 19:00:00,0.002,0.002,0.003,0.0,0.004,0.0,0.0,0.0,0.0,0.0,0.0,0.004,0.0,0.0,0.001,0.002,0.006
2015-05-27 20:00:00,0.0,0.0,0.0,0.0,0.0,0.0,0.0,0.0,0.0,0.0,0.0,0.0,0.0,0.0,0.0,0.0,0.0
2015-05-27 21:00:00,0.0,0.0,0.0,0.0,0.0,0.0,0.0,0.0,0.0,0.0,0.0,0.0,0.0,0.0,0.0,0.0,0.0
2015-05-27 22:00:00,0.0,0.0,0.0,0.0,0.0,0.0,0.0,0.0,0.0,0.0,0.0,0.0,0.0,0.0,0.0,0.0,0.0
2015-05-27 23:00:00,0.0,0.0,0.0,0.0,0.0,0.0,0.0,0.0,0.0,0.0,0.0,0.0,0.0,0.0,0.0,0.0,0.0
2015-05-28 00:00:00,0.0,0.0,0.0,0.0,0.0,0.0,0.0,0.0,0.0,0.0,0.0,0.0,0.0,0.0,0.0,0.0,0.0
2015-05-28 01:00:00,0.0,0.0,0.0,0.0,0.0,0.0,0.0,0.0,0.0,0.0,0.0,0.0,0.0,0.0,0.0,0.0,0.0
2015-05-28 02:00:00,0.0,0.0,0.0,0.0,0.0,0.0,0.0,0.0,0.0,0.0,0.0,0.0,0.0,0.0,0.0,0.0,0.0
2015-05-28 03:00:00,0.003,0.0,0.0,0.0,0.0,0.0,0.0,0.0,0.0,0.0,0.022,0.0,0.0,0.0,0.022,0.0,0.0
2015-05-28 04:00:00,0.13,0.053,0.169,0.084,0.101,0.14,0.059,0.177,0.091,0.073,0.174,0.183,0.102,0.156,0.199,0.118,0.14
2015-05-28 05:00:00,0.277,0.139,0.369,0.253,0.257,0.256,0.155,0.334,0.171,0.232,0.339,0.373,0.221,0.295,0.37,0.263,0.271
2015-05-28 06:00:00,0.438,0.291,0.533,0.443,0.386,0.362,0.334,0.479,0.276,0.425,0.519,0.545,0.363,0.48,0.547,0.448,0.393
2015-05-28 07:00:00,0.487,0.393,0.633,0.395,0.51,0.425,0.434,0.455,0.393,0.486,0.402,0.612,0.401,0.469,0.453,0.529,0.478
2015-05-28 08:00:00,0.53,0.492,0.609,0.405,0.584,0.495,0.381,0.434,0.415,0.494,0.444,0.656,0.427,0.395,0.536,0.59,0.522
2015-05-28 09:00:00,0.501,0.436,0.576,0.381,0.593,0.394,0.329,0.4,0.301,0.405,0.403,0.635,0.365,0.375,0.461,0.573,0.569
2015-05-28 10:00:00,0.388,0.321,0.384,0.34,0.486,0.334,0.297,0.358,0.266,0.355,0.346,0.502,0.27,0.261,0.392,0.368,0.517
2015-05-28 11:00:00,0.343,0.321,0.321,0.275,0.421,0.278,0.346,0.284,0.325,0.295,0.305,0.423,0.272,0.289,0.378,0.313,0.45
2015-05-28 12:00:00,0.322,0.361,0.325,0.268,0.417,0.291,0.289,0.263,0.304,0.277,0.28,0.321,0.289,0.266,0.285,0.321,0.377
2015-05-28 13:00:00,0.283,0.333,0.302,0.226,0.373,0.266,0.277,0.216,0.28,0.23,0.237,0.281,0.278,0.232,0.267,0.278,0.308
2015-05-28 14:00:00,0.209,0.229,0.212,0.143,0.244,0.183,0.176,0.184,0.214,0.18,0.194,0.2,0.197,0.184,0.204,0.231,0.208
2015-05-28 15:00:00,0.151,0.171,0.163,0.137,0.129,0.152,0.144,0.16,0.17,0.13,0.141,0.167,0.144,0.136,0.155,0.167,0.12
2015-05-28 16:00:00,0.104,0.112,0.13,0.083,0.083,0.088,0.104,0.089,0.136,0.091,0.089,0.129,0.1,0.087,0.096,0.125,0.074
2015-05-28 17:00:00,0.063,0.074,0.085,0.041,0.055,0.048,0.055,0.058,0.068,0.038,0.053,0.08,0.053,0.048,0.069,0.074,0.044
2015-05-28 18:00:00,0.027,0.036,0.035,0.013,0.02,0.018,0.017,0.02,0.028,0.013,0.021,0.035,0.016,0.019,0.031,0.034,0.028
2015-05-28 19:00:00,0.003,0.004,0.004,0.0,0.003,0.0,0.0,0.001,0.002,0.0,0.0,0.003,0.0,0.0,0.003,0.003,0.005
2015-05-28 20:00:00,0.0,0.0,0.0,0.0,0.0,0.0,0.0,0.0,0.0,0.0,0.0,0.0,0.0,0.0,0.0,0.0,0.0
2015-05-28 21:00:00,0.0,0.0,0.0,0.0,0.0,0.0,0.0,0.0,0.0,0.0,0.0,0.0,0.0,0.0,0.0,0.0,0.0
2015-05-28 22:00:00,0.0,0.0,0.0,0.0,0.0,0.0,0.0,0.0,0.0,0.0,0.0,0.0,0.0,0.0,0.0,0.0,0.0
2015-05-28 23:00:00,0.0,0.0,0.0,0.0,0.0,0.0,0.0,0.0,0.0,0.0,0.0,0.0,0.0,0.0,0.0,0.0,0.0
2015-05-29 00:00:00,0.0,0.0,0.0,0.0,0.0,0.0,0.0,0.0,0.0,0.0,0.0,0.0,0.0,0.0,0.0,0.0,0.0
2015-05-29 01:00:00,0.0,0.0,0.0,0.0,0.0,0.0,0.0,0.0,0.0,0.0,0.0,0.0,0.0,0.0,0.0,0.0,0.0
2015-05-29 02:00:00,0.0,0.0,0.0,0.0,0.0,0.0,0.0,0.0,0.0,0.0,0.0,0.0,0.0,0.0,0.0,0.0,0.0
2015-05-29 03:00:00,0.005,0.0,0.0,0.001,0.0,0.0,0.0,0.0,0.0,0.0,0.062,0.0,0.0,0.0,0.03,0.0,0.0
2015-05-29 04:00:00,0.106,0.037,0.104,0.165,0.024,0.136,0.159,0.172,0.082,0.106,0.225,0.126,0.145,0.144,0.12,0.079,0.117
2015-05-29 05:00:00,0.25,0.183,0.23,0.311,0.159,0.296,0.374,0.349,0.268,0.242,0.422,0.27,0.33,0.349,0.211,0.187,0.305
2015-05-29 06:00:00,0.404,0.305,0.385,0.487,0.318,0.456,0.537,0.47,0.421,0.389,0.553,0.469,0.499,0.541,0.375,0.326,0.482
2015-05-29 07:00:00,0.524,0.371,0.502,0.616,0.46,0.602,0.638,0.629,0.527,0.548,0.648,0.527,0.624,0.649,0.507,0.46,0.581
2015-05-29 08:00:00,0.583,0.514,0.584,0.68,0.614,0.618,0.695,0.616,0.429,0.582,0.679,0.571,0.654,0.695,0.506,0.526,0.653
2015-05-29 09:00:00,0.602,0.56,0.624,0.646,0.587,0.597,0.697,0.569,0.519,0.607,0.642,0.617,0.611,0.689,0.437,0.618,0.664
2015-05-29 10:00:00,0.552,0.524,0.61,0.572,0.54,0.528,0.642,0.537,0.52,0.517,0.496,0.593,0.572,0.626,0.437,0.553,0.619
2015-05-29 11:00:00,0.458,0.437,0.478,0.506,0.39,0.477,0.514,0.456,0.469,0.515,0.445,0.516,0.466,0.53,0.405,0.425,0.532
2015-05-29 12:00:00,0.368,0.414,0.315,0.407,0.375,0.368,0.391,0.305,0.41,0.429,0.301,0.431,0.35,0.377,0.347,0.336,0.428
2015-05-29 13:00:00,0.27,0.287,0.215,0.291,0.274,0.283,0.274,0.261,0.302,0.311,0.237,0.316,0.247,0.276,0.284,0.251,0.278
2015-05-29 14:00:00,0.205,0.229,0.185,0.189,0.231,0.193,0.18,0.17,0.209,0.215,0.16,0.218,0.196,0.184,0.177,0.207,0.242
2015-05-29 15:00:00,0.138,0.148,0.131,0.141,0.166,0.103,0.104,0.102,0.11,0.131,0.111,0.152,0.107,0.101,0.124,0.138,0.188
2015-05-29 16:00:00,0.107,0.125,0.113,0.092,0.1,0.083,0.095,0.078,0.098,0.092,0.078,0.118,0.085,0.08,0.098,0.121,0.14
2015-05-29 17:00:00,0.067,0.066,0.074,0.057,0.055,0.055,0.052,0.05,0.069,0.052,0.042,0.085,0.053,0.05,0.064,0.076,0.088
2015-05-29 18:00:00,0.03,0.033,0.035,0.018,0.025,0.024,0.02,0.02,0.035,0.017,0.017,0.045,0.026,0.015,0.027,0.037,0.041
2015-05-29 19:00:00,0.003,0.001,0.005,0.0,0.004,0.001,0.0,0.0,0.002,0.0,0.0,0.005,0.0,0.0,0.002,0.004,0.011
2015-05-29 20:00:00,0.0,0.0,0.0,0.0,0.0,0.0,0.0,0.0,0.0,0.0,0.0,0.0,0.0,0.0,0.0,0.0,0.0
2015-05-29 21:00:00,0.0,0.0,0.0,0.0,0.0,0.0,0.0,0.0,0.0,0.0,0.0,0.0,0.0,0.0,0.0,0.0,0.0
2015-05-29 22:00:00,0.0,0.0,0.0,0.0,0.0,0.0,0.0,0.0,0.0,0.0,0.0,0.0,0.0,0.0,0.0,0.0,0.0
2015-05-29 23:00:00,0.0,0.0,0.0,0.0,0.0,0.0,0.0,0.0,0.0,0.0,0.0,0.0,0.0,0.0,0.0,0.0,0.0
2015-05-30 00:00:00,0.0,0.0,0.0,0.0,0.0,0.0,0.0,0.0,0.0,0.0,0.0,0.0,0.0,0.0,0.0,0.0,0.0
2015-05-30 01:00:00,0.0,0.0,0.0,0.0,0.0,0.0,0.0,0.0,0.0,0.0,0.0,0.0,0.0,0.0,0.0,0.0,0.0
2015-05-30 02:00:00,0.0,0.0,0.0,0.0,0.0,0.0,0.0,0.0,0.0,0.0,0.0,0.0,0.0,0.0,0.0,0.0,0.0
2015-05-30 03:00:00,0.004,0.0,0.0,0.002,0.0,0.0,0.0,0.001,0.0,0.0,0.035,0.0,0.0,0.0,0.024,0.0,0.0
2015-05-30 04:00:00,0.112,0.099,0.123,0.146,0.091,0.126,0.141,0.089,0.098,0.172,0.143,0.122,0.128,0.135,0.123,0.119,0.046
2015-05-30 05:00:00,0.258,0.281,0.251,0.311,0.288,0.312,0.336,0.242,0.267,0.361,0.274,0.211,0.286,0.268,0.251,0.264,0.131
2015-05-30 06:00:00,0.381,0.458,0.406,0.404,0.413,0.479,0.45,0.352,0.435,0.494,0.377,0.244,0.472,0.362,0.339,0.413,0.207
2015-05-30 07:00:00,0.434,0.462,0.592,0.485,0.135,0.523,0.553,0.431,0.577,0.622,0.476,0.282,0.531,0.505,0.35,0.54,0.29
2015-05-30 08:00:00,0.507,0.594,0.631,0.545,0.397,0.574,0.65,0.541,0.609,0.623,0.447,0.435,0.609,0.526,0.415,0.564,0.304
2015-05-30 09:00:00,0.532,0.555,0.575,0.569,0.563,0.582,0.657,0.565,0.629,0.655,0.471,0.391,0.617,0.594,0.513,0.539,0.403
2015-05-30 10:00:00,0.53,0.548,0.531,0.545,0.567,0.57,0.608,0.553,0.597,0.623,0.463,0.279,0.578,0.601,0.514,0.57,0.468
2015-05-30 11:00:00,0.516,0.549,0.518,0.527,0.56,0.517,0.563,0.498,0.536,0.538,0.476,0.307,0.541,0.525,0.445,0.549,0.555
2015-05-30 12:00:00,0.428,0.475,0.405,0.422,0.458,0.423,0.433,0.409,0.451,0.429,0.393,0.346,0.409,0.392,0.353,0.448,0.487
2015-05-30 13:00:00,0.321,0.341,0.317,0.278,0.357,0.3,0.296,0.296,0.34,0.29,0.279,0.331,0.312,0.283,0.274,0.331,0.366
2015-05-30 14:00:00,0.202,0.201,0.197,0.159,0.237,0.183,0.192,0.189,0.206,0.163,0.161,0.213,0.193,0.169,0.173,0.211,0.242
2015-05-30 15:00:00,0.117,0.127,0.114,0.121,0.128,0.114,0.118,0.106,0.105,0.11,0.092,0.116,0.1,0.108,0.099,0.121,0.13
2015-05-30 16:00:00,0.086,0.101,0.078,0.08,0.089,0.075,0.083,0.076,0.097,0.087,0.064,0.087,0.079,0.084,0.068,0.09,0.103
2015-05-30 17:00:00,0.058,0.063,0.06,0.05,0.067,0.053,0.052,0.048,0.05,0.054,0.039,0.056,0.055,0.052,0.048,0.06,0.075
2015-05-30 18:00:00,0.03,0.033,0.033,0.018,0.035,0.021,0.02,0.024,0.026,0.02,0.02,0.036,0.022,0.021,0.026,0.033,0.043
2015-05-30 19:00:00,0.003,0.004,0.004,0.0,0.006,0.001,0.0,0.0,0.002,0.0,0.0,0.007,0.0,0.0,0.001,0.004,0.009
2015-05-30 20:00:00,0.0,0.0,0.0,0.0,0.0,0.0,0.0,0.0,0.0,0.0,0.0,0.0,0.0,0.0,0.0,0.0,0.0
2015-05-30 21:00:00,0.0,0.0,0.0,0.0,0.0,0.0,0.0,0.0,0.0,0.0,0.0,0.0,0.0,0.0,0.0,0.0,0.0
2015-05-30 22:00:00,0.0,0.0,0.0,0.0,0.0,0.0,0.0,0.0,0.0,0.0,0.0,0.0,0.0,0.0,0.0,0.0,0.0
2015-05-30 23:00:00,0.0,0.0,0.0,0.0,0.0,0.0,0.0,0.0,0.0,0.0,0.0,0.0,0.0,0.0,0.0,0.0,0.0
2015-05-31 00:00:00,0.0,0.0,0.0,0.0,0.0,0.0,0.0,0.0,0.0,0.0,0.0,0.0,0.0,0.0,0.0,0.0,0.0
2015-05-31 01:00:00,0.0,0.0,0.0,0.0,0.0,0.0,0.0,0.0,0.0,0.0,0.0,0.0,0.0,0.0,0.0,0.0,0.0
2015-05-31 02:00:00,0.0,0.0,0.0,0.0,0.0,0.0,0.0,0.0,0.0,0.0,0.0,0.0,0.0,0.0,0.0,0.0,0.0
2015-05-31 03:00:00,0.006,0.0,0.0,0.002,0.0,0.0,0.0,0.004,0.0,0.0,0.064,0.0,0.0,0.0,0.037,0.0,0.0
2015-05-31 04:00:00,0.143,0.127,0.186,0.08,0.125,0.097,0.07,0.148,0.055,0.089,0.213,0.181,0.043,0.035,0.207,0.158,0.157
2015-05-31 05:00:00,0.32,0.275,0.392,0.193,0.27,0.303,0.208,0.351,0.266,0.186,0.376,0.356,0.146,0.144,0.408,0.365,0.354
2015-05-31 06:00:00,0.48,0.44,0.55,0.3,0.501,0.525,0.356,0.531,0.477,0.234,0.562,0.519,0.344,0.314,0.552,0.489,0.53
2015-05-31 07:00:00,0.557,0.538,0.629,0.249,0.593,0.604,0.435,0.606,0.53,0.279,0.61,0.634,0.557,0.391,0.613,0.574,0.608
2015-05-31 08:00:00,0.624,0.617,0.699,0.364,0.577,0.649,0.597,0.676,0.591,0.526,0.624,0.662,0.627,0.56,0.67,0.672,0.62
2015-05-31 09:00:00,0.621,0.604,0.697,0.523,0.523,0.662,0.604,0.668,0.639,0.52,0.641,0.633,0.636,0.664,0.639,0.656,0.592
2015-05-31 10:00:00,0.579,0.576,0.556,0.528,0.539,0.639,0.524,0.626,0.59,0.516,0.599,0.575,0.591,0.613,0.593,0.591,0.578
2015-05-31 11:00:00,0.497,0.438,0.529,0.484,0.485,0.577,0.416,0.54,0.499,0.459,0.531,0.509,0.55,0.484,0.5,0.517,0.417
2015-05-31 12:00:00,0.41,0.417,0.433,0.371,0.422,0.448,0.352,0.454,0.363,0.329,0.448,0.416,0.389,0.358,0.429,0.423,0.357
2015-05-31 13:00:00,0.316,0.328,0.33,0.289,0.337,0.323,0.325,0.342,0.287,0.281,0.319,0.321,0.3,0.308,0.335,0.319,0.274
2015-05-31 14:00:00,0.252,0.276,0.278,0.218,0.275,0.237,0.237,0.243,0.238,0.218,0.205,0.235,0.244,0.248,0.249,0.268,0.243
2015-05-31 15:00:00,0.176,0.19,0.197,0.166,0.16,0.168,0.154,0.183,0.18,0.134,0.144,0.169,0.147,0.176,0.162,0.195,0.179
2015-05-31 16:00:00,0.128,0.141,0.146,0.122,0.106,0.126,0.101,0.129,0.142,0.098,0.115,0.128,0.14,0.123,0.126,0.14,0.123
2015-05-31 17:00:00,0.08,0.095,0.091,0.072,0.067,0.08,0.076,0.08,0.096,0.054,0.072,0.082,0.093,0.072,0.08,0.083,0.083
2015-05-31 18:00:00,0.037,0.041,0.043,0.026,0.036,0.038,0.031,0.036,0.04,0.022,0.035,0.038,0.038,0.03,0.038,0.039,0.042
2015-05-31 19:00:00,0.004,0.005,0.005,0.0,0.008,0.002,0.0,0.001,0.003,0.0,0.001,0.006,0.001,0.0,0.003,0.005,0.01
2015-05-31 20:00:00,0.0,0.0,0.0,0.0,0.0,0.0,0.0,0.0,0.0,0.0,0.0,0.0,0.0,0.0,0.0,0.0,0.0
2015-05-31 21:00:00,0.0,0.0,0.0,0.0,0.0,0.0,0.0,0.0,0.0,0.0,0.0,0.0,0.0,0.0,0.0,0.0,0.0
2015-05-31 22:00:00,0.0,0.0,0.0,0.0,0.0,0.0,0.0,0.0,0.0,0.0,0.0,0.0,0.0,0.0,0.0,0.0,0.0
2015-05-31 23:00:00,0.0,0.0,0.0,0.0,0.0,0.0,0.0,0.0,0.0,0.0,0.0,0.0,0.0,0.0,0.0,0.0,0.0
2015-06-01 00:00:00,0.0,0.0,0.0,0.0,0.0,0.0,0.0,0.0,0.0,0.0,0.0,0.0,0.0,0.0,0.0,0.0,0.0
2015-06-01 01:00:00,0.0,0.0,0.0,0.0,0.0,0.0,0.0,0.0,0.0,0.0,0.0,0.0,0.0,0.0,0.0,0.0,0.0
2015-06-01 02:00:00,0.0,0.0,0.0,0.0,0.0,0.0,0.0,0.0,0.0,0.0,0.0,0.0,0.0,0.0,0.0,0.0,0.0
2015-06-01 03:00:00,0.008,0.0,0.0,0.008,0.0,0.0,0.0,0.01,0.0,0.0,0.074,0.0,0.0,0.0,0.045,0.0,0.0
2015-06-01 04:00:00,0.136,0.111,0.146,0.178,0.102,0.129,0.132,0.198,0.115,0.134,0.241,0.147,0.126,0.161,0.222,0.117,0.045
2015-06-01 05:00:00,0.28,0.29,0.297,0.364,0.156,0.244,0.328,0.382,0.267,0.337,0.427,0.278,0.283,0.354,0.409,0.274,0.097
2015-06-01 06:00:00,0.42,0.472,0.413,0.512,0.297,0.374,0.478,0.5,0.417,0.501,0.564,0.406,0.406,0.49,0.542,0.443,0.168
2015-06-01 07:00:00,0.468,0.484,0.587,0.591,0.197,0.538,0.599,0.622,0.584,0.618,0.648,0.364,0.537,0.588,0.618,0.502,0.106
2015-06-01 08:00:00,0.517,0.62,0.635,0.624,0.366,0.63,0.658,0.658,0.635,0.654,0.676,0.392,0.621,0.652,0.655,0.507,0.1
2015-06-01 09:00:00,0.497,0.537,0.57,0.652,0.286,0.629,0.634,0.657,0.58,0.656,0.668,0.338,0.618,0.647,0.643,0.522,0.085
2015-06-01 10:00:00,0.418,0.402,0.528,0.559,0.152,0.507,0.619,0.555,0.55,0.609,0.622,0.274,0.608,0.553,0.6,0.405,0.123
2015-06-01 11:00:00,0.327,0.369,0.36,0.486,0.161,0.43,0.537,0.446,0.433,0.534,0.53,0.204,0.496,0.482,0.436,0.257,0.103
2015-06-01 12:00:00,0.256,0.284,0.223,0.393,0.138,0.366,0.449,0.344,0.349,0.433,0.407,0.138,0.419,0.41,0.335,0.2,0.09
2015-06-01 13:00:00,0.198,0.186,0.191,0.277,0.15,0.23,0.305,0.245,0.249,0.308,0.279,0.116,0.278,0.287,0.247,0.172,0.108
2015-06-01 14:00:00,0.145,0.124,0.155,0.167,0.126,0.16,0.198,0.165,0.165,0.164,0.152,0.105,0.183,0.161,0.164,0.145,0.116
2015-06-01 15:00:00,0.102,0.113,0.122,0.086,0.119,0.095,0.098,0.086,0.114,0.089,0.086,0.077,0.102,0.087,0.084,0.111,0.11
2015-06-01 16:00:00,0.079,0.107,0.081,0.064,0.089,0.063,0.08,0.057,0.079,0.067,0.059,0.059,0.078,0.067,0.069,0.093,0.077
2015-06-01 17:00:00,0.048,0.069,0.044,0.044,0.046,0.045,0.058,0.043,0.064,0.049,0.041,0.039,0.053,0.049,0.043,0.048,0.047
2015-06-01 18:00:00,0.021,0.03,0.019,0.016,0.016,0.025,0.021,0.02,0.029,0.018,0.017,0.016,0.021,0.023,0.018,0.023,0.019
2015-06-01 19:00:00,0.001,0.002,0.001,0.0,0.0,0.001,0.0,0.001,0.002,0.0,0.0,0.001,0.001,0.0,0.001,0.001,0.003
2015-06-01 20:00:00,0.0,0.0,0.0,0.0,0.0,0.0,0.0,0.0,0.0,0.0,0.0,0.0,0.0,0.0,0.0,0.0,0.0
2015-06-01 21:00:00,0.0,0.0,0.0,0.0,0.0,0.0,0.0,0.0,0.0,0.0,0.0,0.0,0.0,0.0,0.0,0.0,0.0
2015-06-01 22:00:00,0.0,0.0,0.0,0.0,0.0,0.0,0.0,0.0,0.0,0.0,0.0,0.0,0.0,0.0,0.0,0.0,0.0
2015-06-01 23:00:00,0.0,0.0,0.0,0.0,0.0,0.0,0.0,0.0,0.0,0.0,0.0,0.0,0.0,0.0,0.0,0.0,0.0
2015-06-02 00:00:00,0.0,0.0,0.0,0.0,0.0,0.0,0.0,0.0,0.0,0.0,0.0,0.0,0.0,0.0,0.0,0.0,0.0
2015-06-02 01:00:00,0.0,0.0,0.0,0.0,0.0,0.0,0.0,0.0,0.0,0.0,0.0,0.0,0.0,0.0,0.0,0.0,0.0
2015-06-02 02:00:00,0.0,0.0,0.0,0.0,0.0,0.0,0.0,0.0,0.0,0.0,0.0,0.0,0.0,0.0,0.0,0.0,0.0
2015-06-02 03:00:00,0.005,0.0,0.0,0.011,0.0,0.0,0.0,0.01,0.0,0.0,0.047,0.0,0.0,0.0,0.019,0.0,0.0
2015-06-02 04:00:00,0.102,0.088,0.073,0.138,0.02,0.152,0.109,0.154,0.111,0.157,0.148,0.152,0.121,0.146,0.096,0.084,0.094
2015-06-02 05:00:00,0.248,0.227,0.18,0.314,0.098,0.329,0.284,0.317,0.263,0.342,0.375,0.284,0.32,0.294,0.247,0.237,0.217
2015-06-02 06:00:00,0.37,0.355,0.368,0.461,0.168,0.478,0.469,0.461,0.423,0.503,0.511,0.386,0.446,0.408,0.368,0.361,0.277
2015-06-02 07:00:00,0.445,0.439,0.529,0.596,0.298,0.545,0.6,0.568,0.442,0.596,0.616,0.387,0.542,0.563,0.446,0.406,0.275
2015-06-02 08:00:00,0.518,0.613,0.588,0.641,0.441,0.595,0.651,0.637,0.537,0.646,0.641,0.452,0.595,0.631,0.512,0.463,0.321
2015-06-02 09:00:00,0.553,0.649,0.545,0.64,0.508,0.592,0.642,0.622,0.615,0.642,0.637,0.509,0.609,0.64,0.578,0.535,0.348
2015-06-02 10:00:00,0.557,0.62,0.466,0.582,0.579,0.598,0.569,0.592,0.606,0.605,0.583,0.507,0.585,0.595,0.58,0.568,0.419
2015-06-02 11:00:00,0.513,0.551,0.504,0.521,0.558,0.539,0.474,0.526,0.531,0.528,0.512,0.427,0.456,0.497,0.524,0.535,0.433
2015-06-02 12:00:00,0.422,0.414,0.433,0.421,0.432,0.439,0.378,0.432,0.444,0.424,0.411,0.379,0.403,0.415,0.398,0.442,0.411
2015-06-02 13:00:00,0.321,0.31,0.352,0.284,0.351,0.319,0.282,0.295,0.308,0.291,0.293,0.31,0.315,0.28,0.27,0.347,0.339
2015-06-02 14:00:00,0.227,0.259,0.272,0.178,0.278,0.183,0.18,0.173,0.198,0.164,0.158,0.239,0.19,0.181,0.187,0.258,0.245
2015-06-02 15:00:00,0.156,0.199,0.207,0.095,0.173,0.115,0.093,0.097,0.133,0.094,0.08,0.191,0.085,0.089,0.135,0.196,0.161
2015-06-02 16:00:00,0.109,0.134,0.143,0.069,0.098,0.108,0.079,0.086,0.119,0.067,0.066,0.125,0.085,0.065,0.114,0.129,0.105
2015-06-02 17:00:00,0.067,0.077,0.07,0.047,0.06,0.073,0.047,0.067,0.08,0.045,0.055,0.07,0.061,0.046,0.08,0.073,0.065
2015-06-02 18:00:00,0.032,0.036,0.033,0.018,0.036,0.035,0.025,0.031,0.042,0.017,0.026,0.031,0.031,0.021,0.036,0.034,0.037
2015-06-02 19:00:00,0.003,0.004,0.005,0.0,0.006,0.002,0.0,0.001,0.003,0.0,0.001,0.004,0.001,0.0,0.003,0.004,0.006
2015-06-02 20:00:00,0.0,0.0,0.0,0.0,0.0,0.0,0.0,0.0,0.0,0.0,0.0,0.0,0.0,0.0,0.0,0.0,0.0
2015-06-02 21:00:00,0.0,0.0,0.0,0.0,0.0,0.0,0.0,0.0,0.0,0.0,0.0,0.0,0.0,0.0,0.0,0.0,0.0
2015-06-02 22:00:00,0.0,0.0,0.0,0.0,0.0,0.0,0.0,0.0,0.0,0.0,0.0,0.0,0.0,0.0,0.0,0.0,0.0
2015-06-02 23:00:00,0.0,0.0,0.0,0.0,0.0,0.0,0.0,0.0,0.0,0.0,0.0,0.0,0.0,0.0,0.0,0.0,0.0
2015-06-03 00:00:00,0.0,0.0,0.0,0.0,0.0,0.0,0.0,0.0,0.0,0.0,0.0,0.0,0.0,0.0,0.0,0.0,0.0
2015-06-03 01:00:00,0.0,0.0,0.0,0.0,0.0,0.0,0.0,0.0,0.0,0.0,0.0,0.0,0.0,0.0,0.0,0.0,0.0
2015-06-03 02:00:00,0.0,0.0,0.0,0.0,0.0,0.0,0.0,0.0,0.0,0.0,0.0,0.0,0.0,0.0,0.0,0.0,0.0
2015-06-03 03:00:00,0.008,0.0,0.0,0.019,0.0,0.0,0.0,0.016,0.0,0.0,0.064,0.0,0.0,0.0,0.044,0.0,0.0
2015-06-03 04:00:00,0.126,0.093,0.151,0.198,0.079,0.143,0.153,0.175,0.119,0.181,0.211,0.117,0.127,0.165,0.175,0.11,0.041
2015-06-03 05:00:00,0.276,0.26,0.249,0.377,0.24,0.319,0.349,0.344,0.289,0.372,0.389,0.222,0.296,0.353,0.348,0.269,0.095
2015-06-03 06:00:00,0.407,0.422,0.391,0.52,0.404,0.461,0.505,0.483,0.443,0.52,0.511,0.302,0.457,0.499,0.424,0.414,0.17
2015-06-03 07:00:00,0.51,0.532,0.504,0.606,0.5,0.575,0.568,0.572,0.568,0.601,0.568,0.474,0.534,0.547,0.46,0.512,0.349
2015-06-03 08:00:00,0.549,0.616,0.563,0.641,0.565,0.591,0.641,0.589,0.605,0.638,0.57,0.453,0.603,0.614,0.452,0.591,0.315
2015-06-03 09:00:00,0.543,0.634,0.551,0.61,0.542,0.596,0.603,0.582,0.628,0.608,0.558,0.398,0.613,0.628,0.489,0.558,0.399
2015-06-03 10:00:00,0.489,0.616,0.438,0.473,0.445,0.581,0.558,0.532,0.604,0.503,0.531,0.385,0.558,0.503,0.425,0.504,0.413
2015-06-03 11:00:00,0.416,0.54,0.331,0.404,0.323,0.51,0.468,0.485,0.545,0.453,0.43,0.359,0.52,0.449,0.302,0.434,0.388
2015-06-03 12:00:00,0.347,0.429,0.31,0.368,0.296,0.429,0.398,0.359,0.456,0.402,0.317,0.271,0.448,0.402,0.275,0.352,0.332
2015-06-03 13:00:00,0.278,0.328,0.288,0.284,0.285,0.313,0.285,0.269,0.346,0.276,0.241,0.215,0.335,0.303,0.235,0.288,0.244
2015-06-03 14:00:00,0.2,0.236,0.206,0.183,0.214,0.213,0.215,0.211,0.211,0.179,0.18,0.162,0.201,0.212,0.183,0.207,0.183
2015-06-03 15:00:00,0.119,0.12,0.101,0.11,0.124,0.113,0.131,0.107,0.097,0.096,0.105,0.105,0.1,0.112,0.107,0.132,0.147
2015-06-03 16:00:00,0.085,0.088,0.072,0.08,0.096,0.094,0.078,0.078,0.078,0.085,0.068,0.076,0.071,0.086,0.069,0.092,0.103
2015-06-03 17:00:00,0.056,0.062,0.05,0.046,0.063,0.06,0.056,0.048,0.062,0.054,0.041,0.061,0.052,0.05,0.043,0.06,0.066
2015-06-03 18:00:00,0.028,0.03,0.023,0.021,0.037,0.025,0.022,0.024,0.026,0.024,0.021,0.03,0.025,0.023,0.014,0.028,0.041
2015-06-03 19:00:00,0.004,0.004,0.004,0.0,0.007,0.001,0.0,0.001,0.002,0.0,0.0,0.007,0.001,0.0,0.001,0.004,0.011
2015-06-03 20:00:00,0.0,0.0,0.0,0.0,0.0,0.0,0.0,0.0,0.0,0.0,0.0,0.0,0.0,0.0,0.0,0.0,0.0
2015-06-03 21:00:00,0.0,0.0,0.0,0.0,0.0,0.0,0.0,0.0,0.0,0.0,0.0,0.0,0.0,0.0,0.0,0.0,0.0
2015-06-03 22:00:00,0.0,0.0,0.0,0.0,0.0,0.0,0.0,0.0,0.0,0.0,0.0,0.0,0.0,0.0,0.0,0.0,0.0
2015-06-03 23:00:00,0.0,0.0,0.0,0.0,0.0,0.0,0.0,0.0,0.0,0.0,0.0,0.0,0.0,0.0,0.0,0.0,0.0
2015-07-01 00:00:00,0.0,0.0,0.0,0.0,0.0,0.0,0.0,0.0,0.0,0.0,0.0,0.0,0.0,0.0,0.0,0.0,0.0
2015-07-01 01:00:00,0.0,0.0,0.0,0.0,0.0,0.0,0.0,0.0,0.0,0.0,0.0,0.0,0.0,0.0,0.0,0.0,0.0
2015-07-01 02:00:00,0.0,0.0,0.0,0.0,0.0,0.0,0.0,0.0,0.0,0.0,0.0,0.0,0.0,0.0,0.0,0.0,0.0
2015-07-01 03:00:00,0.008,0.0,0.0,0.018,0.0,0.0,0.0,0.021,0.0,0.0,0.059,0.0,0.0,0.0,0.046,0.0,0.0
2015-07-01 04:00:00,0.143,0.11,0.146,0.152,0.121,0.143,0.11,0.177,0.123,0.18,0.205,0.155,0.105,0.131,0.188,0.122,0.15
2015-07-01 05:00:00,0.318,0.297,0.33,0.308,0.309,0.301,0.273,0.351,0.297,0.353,0.371,0.341,0.262,0.222,0.35,0.304,0.335
2015-07-01 06:00:00,0.475,0.472,0.506,0.416,0.476,0.471,0.377,0.505,0.452,0.5,0.513,0.497,0.416,0.334,0.484,0.479,0.493
2015-07-01 07:00:00,0.577,0.587,0.613,0.518,0.592,0.572,0.466,0.61,0.58,0.55,0.591,0.601,0.521,0.464,0.534,0.59,0.601
2015-07-01 08:00:00,0.629,0.648,0.665,0.531,0.655,0.637,0.528,0.661,0.645,0.595,0.635,0.659,0.598,0.482,0.552,0.646,0.66
2015-07-01 09:00:00,0.631,0.673,0.675,0.549,0.674,0.625,0.449,0.654,0.595,0.54,0.622,0.666,0.496,0.512,0.514,0.668,0.675
2015-07-01 10:00:00,0.591,0.639,0.638,0.519,0.652,0.601,0.431,0.604,0.504,0.411,0.582,0.61,0.49,0.461,0.465,0.63,0.651
2015-07-01 11:00:00,0.532,0.551,0.563,0.475,0.593,0.548,0.421,0.523,0.427,0.426,0.489,0.526,0.441,0.466,0.415,0.578,0.589
2015-07-01 12:00:00,0.442,0.462,0.439,0.414,0.501,0.462,0.382,0.406,0.385,0.354,0.372,0.436,0.389,0.404,0.355,0.48,0.487
2015-07-01 13:00:00,0.332,0.352,0.29,0.311,0.383,0.349,0.305,0.311,0.3,0.254,0.269,0.327,0.319,0.315,0.272,0.356,0.367
2015-07-01 14:00:00,0.225,0.246,0.229,0.186,0.248,0.218,0.196,0.218,0.217,0.16,0.215,0.218,0.224,0.203,0.217,0.235,0.244
2015-07-01 15:00:00,0.118,0.116,0.146,0.112,0.108,0.109,0.129,0.139,0.143,0.09,0.148,0.089,0.146,0.099,0.118,0.115,0.121
2015-07-01 16:00:00,0.086,0.081,0.12,0.099,0.072,0.086,0.089,0.107,0.099,0.066,0.082,0.075,0.102,0.079,0.081,0.087,0.072
2015-07-01 17:00:00,0.06,0.061,0.06,0.062,0.056,0.058,0.056,0.07,0.065,0.048,0.067,0.056,0.059,0.054,0.06,0.061,0.059
2015-07-01 18:00:00,0.034,0.034,0.035,0.025,0.037,0.032,0.029,0.031,0.033,0.023,0.028,0.036,0.033,0.028,0.032,0.037,0.039
2015-07-01 19:00:00,0.008,0.009,0.009,0.001,0.012,0.005,0.002,0.004,0.006,0.001,0.004,0.012,0.004,0.002,0.007,0.009,0.015
2015-07-01 20:00:00,0.0,0.0,0.0,0.0,0.0,0.0,0.0,0.0,0.0,0.0,0.0,0.0,0.0,0.0,0.0,0.0,0.0
2015-07-01 21:00:00,0.0,0.0,0.0,0.0,0.0,0.0,0.0,0.0,0.0,0.0,0.0,0.0,0.0,0.0,0.0,0.0,0.0
2015-07-01 22:00:00,0.0,0.0,0.0,0.0,0.0,0.0,0.0,0.0,0.0,0.0,0.0,0.0,0.0,0.0,0.0,0.0,0.0
2015-07-01 23:00:00,0.0,0.0,0.0,0.0,0.0,0.0,0.0,0.0,0.0,0.0,0.0,0.0,0.0,0.0,0.0,0.0,0.0
2015-07-02 00:00:00,0.0,0.0,0.0,0.0,0.0,0.0,0.0,0.0,0.0,0.0,0.0,0.0,0.0,0.0,0.0,0.0,0.0
2015-07-02 01:00:00,0.0,0.0,0.0,0.0,0.0,0.0,0.0,0.0,0.0,0.0,0.0,0.0,0.0,0.0,0.0,0.0,0.0
2015-07-02 02:00:00,0.0,0.0,0.0,0.0,0.0,0.0,0.0,0.0,0.0,0.0,0.0,0.0,0.0,0.0,0.0,0.0,0.0
2015-07-02 03:00:00,0.01,0.0,0.0,0.019,0.0,0.0,0.0,0.02,0.0,0.0,0.076,0.0,0.0,0.0,0.055,0.0,0.0
2015-07-02 04:00:00,0.166,0.118,0.174,0.201,0.124,0.166,0.159,0.198,0.135,0.18,0.243,0.193,0.149,0.174,0.227,0.147,0.154
2015-07-02 05:00:00,0.355,0.314,0.365,0.39,0.308,0.353,0.357,0.381,0.328,0.377,0.426,0.377,0.342,0.366,0.413,0.336,0.342
2015-07-02 06:00:00,0.509,0.472,0.518,0.537,0.472,0.51,0.514,0.534,0.49,0.514,0.565,0.524,0.501,0.504,0.555,0.495,0.5
2015-07-02 07:00:00,0.61,0.592,0.614,0.631,0.585,0.607,0.608,0.623,0.596,0.624,0.646,0.617,0.604,0.609,0.639,0.601,0.605
2015-07-02 08:00:00,0.66,0.654,0.665,0.673,0.646,0.642,0.666,0.666,0.653,0.661,0.679,0.666,0.658,0.649,0.678,0.656,0.661
2015-07-02 09:00:00,0.668,0.671,0.675,0.679,0.664,0.663,0.677,0.665,0.667,0.67,0.638,0.674,0.668,0.668,0.666,0.669,0.674
2015-07-02 10:00:00,0.629,0.648,0.645,0.622,0.642,0.597,0.613,0.607,0.64,0.596,0.581,0.643,0.601,0.588,0.62,0.641,0.648
2015-07-02 11:00:00,0.555,0.584,0.576,0.537,0.584,0.492,0.496,0.536,0.55,0.536,0.509,0.576,0.477,0.459,0.551,0.568,0.587
2015-07-02 12:00:00,0.47,0.495,0.471,0.441,0.494,0.44,0.441,0.457,0.478,0.443,0.438,0.478,0.425,0.431,0.457,0.478,0.494
2015-07-02 13:00:00,0.353,0.377,0.36,0.318,0.377,0.34,0.337,0.335,0.359,0.336,0.319,0.354,0.31,0.323,0.333,0.364,0.375
2015-07-02 14:00:00,0.223,0.242,0.22,0.194,0.243,0.232,0.247,0.202,0.239,0.215,0.186,0.215,0.261,0.21,0.191,0.231,0.239
2015-07-02 15:00:00,0.099,0.106,0.087,0.108,0.107,0.103,0.141,0.084,0.112,0.113,0.08,0.083,0.133,0.112,0.079,0.102,0.102
2015-07-02 16:00:00,0.074,0.073,0.07,0.083,0.071,0.076,0.106,0.069,0.075,0.095,0.067,0.068,0.107,0.081,0.066,0.072,0.07
2015-07-02 17:00:00,0.054,0.056,0.054,0.054,0.055,0.054,0.054,0.051,0.055,0.049,0.049,0.054,0.054,0.052,0.051,0.056,0.056
2015-07-02 18:00:00,0.033,0.035,0.034,0.026,0.036,0.031,0.028,0.029,0.032,0.024,0.027,0.035,0.03,0.027,0.03,0.035,0.038
2015-07-02 19:00:00,0.008,0.009,0.009,0.001,0.012,0.005,0.002,0.004,0.006,0.0,0.003,0.012,0.004,0.002,0.006,0.009,0.015
2015-07-02 20:00:00,0.0,0.0,0.0,0.0,0.0,0.0,0.0,0.0,0.0,0.0,0.0,0.0,0.0,0.0,0.0,0.0,0.0
2015-07-02 21:00:00,0.0,0.0,0.0,0.0,0.0,0.0,0.0,0.0,0.0,0.0,0.0,0.0,0.0,0.0,0.0,0.0,0.0
2015-07-02 22:00:00,0.0,0.0,0.0,0.0,0.0,0.0,0.0,0.0,0.0,0.0,0.0,0.0,0.0,0.0,0.0,0.0,0.0
2015-07-02 23:00:00,0.0,0.0,0.0,0.0,0.0,0.0,0.0,0.0,0.0,0.0,0.0,0.0,0.0,0.0,0.0,0.0,0.0
2015-07-03 00:00:00,0.0,0.0,0.0,0.0,0.0,0.0,0.0,0.0,0.0,0.0,0.0,0.0,0.0,0.0,0.0,0.0,0.0
2015-07-03 01:00:00,0.0,0.0,0.0,0.0,0.0,0.0,0.0,0.0,0.0,0.0,0.0,0.0,0.0,0.0,0.0,0.0,0.0
2015-07-03 02:00:00,0.0,0.0,0.0,0.0,0.0,0.0,0.0,0.0,0.0,0.0,0.0,0.0,0.0,0.0,0.0,0.0,0.0
2015-07-03 03:00:00,0.008,0.0,0.0,0.012,0.0,0.0,0.0,0.014,0.0,0.0,0.075,0.0,0.0,0.0,0.05,0.0,0.0
2015-07-03 04:00:00,0.167,0.129,0.175,0.197,0.126,0.173,0.162,0.198,0.141,0.184,0.236,0.189,0.154,0.174,0.219,0.151,0.15
2015-07-03 05:00:00,0.355,0.319,0.363,0.394,0.31,0.363,0.363,0.385,0.336,0.378,0.413,0.373,0.348,0.37,0.398,0.34,0.335
2015-07-03 06:00:00,0.508,0.486,0.513,0.543,0.472,0.514,0.523,0.529,0.498,0.529,0.547,0.518,0.506,0.521,0.535,0.497,0.491
2015-07-03 07:00:00,0.605,0.594,0.608,0.632,0.578,0.609,0.621,0.618,0.603,0.623,0.629,0.611,0.604,0.615,0.619,0.597,0.594
2015-07-03 08:00:00,0.654,0.653,0.656,0.67,0.637,0.657,0.671,0.66,0.659,0.664,0.663,0.657,0.654,0.66,0.657,0.651,0.649
2015-07-03 09:00:00,0.662,0.669,0.664,0.668,0.654,0.664,0.68,0.664,0.669,0.624,0.661,0.663,0.671,0.658,0.658,0.664,0.662
2015-07-03 10:00:00,0.631,0.646,0.634,0.613,0.632,0.633,0.638,0.626,0.642,0.599,0.618,0.631,0.642,0.59,0.621,0.638,0.637
2015-07-03 11:00:00,0.567,0.587,0.569,0.548,0.576,0.566,0.579,0.557,0.58,0.525,0.544,0.565,0.576,0.556,0.549,0.575,0.577
2015-07-03 12:00:00,0.472,0.494,0.472,0.45,0.487,0.468,0.484,0.456,0.485,0.447,0.44,0.468,0.48,0.46,0.448,0.481,0.486
2015-07-03 13:00:00,0.351,0.376,0.351,0.324,0.372,0.345,0.359,0.331,0.364,0.318,0.312,0.346,0.356,0.341,0.323,0.361,0.368
2015-07-03 14:00:00,0.215,0.24,0.214,0.183,0.239,0.208,0.216,0.192,0.228,0.193,0.173,0.21,0.218,0.202,0.186,0.225,0.234
2015-07-03 15:00:00,0.089,0.105,0.082,0.081,0.104,0.083,0.085,0.08,0.097,0.083,0.077,0.08,0.084,0.083,0.077,0.091,0.099
2015-07-03 16:00:00,0.068,0.073,0.068,0.067,0.069,0.069,0.071,0.067,0.073,0.07,0.063,0.066,0.069,0.068,0.064,0.069,0.067
2015-07-03 17:00:00,0.052,0.056,0.053,0.048,0.054,0.052,0.052,0.05,0.055,0.048,0.047,0.052,0.052,0.05,0.049,0.054,0.054
2015-07-03 18:00:00,0.032,0.035,0.033,0.025,0.035,0.03,0.028,0.028,0.032,0.024,0.026,0.034,0.03,0.027,0.029,0.034,0.037
2015-07-03 19:00:00,0.008,0.009,0.009,0.001,0.012,0.005,0.002,0.004,0.005,0.0,0.003,0.011,0.004,0.002,0.006,0.009,0.015
2015-07-03 20:00:00,0.0,0.0,0.0,0.0,0.0,0.0,0.0,0.0,0.0,0.0,0.0,0.0,0.0,0.0,0.0,0.0,0.0
2015-07-03 21:00:00,0.0,0.0,0.0,0.0,0.0,0.0,0.0,0.0,0.0,0.0,0.0,0.0,0.0,0.0,0.0,0.0,0.0
2015-07-03 22:00:00,0.0,0.0,0.0,0.0,0.0,0.0,0.0,0.0,0.0,0.0,0.0,0.0,0.0,0.0,0.0,0.0,0.0
2015-07-03 23:00:00,0.0,0.0,0.0,0.0,0.0,0.0,0.0,0.0,0.0,0.0,0.0,0.0,0.0,0.0,0.0,0.0,0.0
2015-07-04 00:00:00,0.0,0.0,0.0,0.0,0.0,0.0,0.0,0.0,0.0,0.0,0.0,0.0,0.0,0.0,0.0,0.0,0.0
2015-07-04 01:00:00,0.0,0.0,0.0,0.0,0.0,0.0,0.0,0.0,0.0,0.0,0.0,0.0,0.0,0.0,0.0,0.0,0.0
2015-07-04 02:00:00,0.0,0.0,0.0,0.0,0.0,0.0,0.0,0.0,0.0,0.0,0.0,0.0,0.0,0.0,0.0,0.0,0.0
2015-07-04 03:00:00,0.008,0.0,0.0,0.008,0.0,0.0,0.0,0.009,0.0,0.0,0.077,0.0,0.0,0.0,0.049,0.0,0.0
2015-07-04 04:00:00,0.165,0.124,0.17,0.208,0.123,0.171,0.159,0.2,0.134,0.186,0.236,0.178,0.15,0.177,0.219,0.148,0.146
2015-07-04 05:00:00,0.35,0.31,0.353,0.393,0.303,0.362,0.356,0.385,0.323,0.377,0.412,0.366,0.342,0.37,0.398,0.336,0.328
2015-07-04 06:00:00,0.5,0.471,0.501,0.535,0.463,0.511,0.512,0.527,0.483,0.528,0.544,0.508,0.498,0.52,0.533,0.49,0.481
2015-07-04 07:00:00,0.593,0.578,0.596,0.62,0.563,0.601,0.615,0.611,0.582,0.618,0.619,0.6,0.594,0.611,0.612,0.585,0.581
2015-07-04 08:00:00,0.641,0.636,0.644,0.656,0.621,0.649,0.665,0.652,0.629,0.657,0.651,0.645,0.645,0.655,0.648,0.637,0.635
2015-07-04 09:00:00,0.65,0.651,0.65,0.657,0.636,0.655,0.671,0.654,0.648,0.659,0.648,0.651,0.657,0.659,0.65,0.647,0.648
2015-07-04 10:00:00,0.62,0.627,0.621,0.617,0.614,0.623,0.636,0.618,0.623,0.622,0.606,0.619,0.627,0.625,0.612,0.622,0.624
2015-07-04 11:00:00,0.555,0.569,0.557,0.545,0.557,0.557,0.554,0.548,0.562,0.552,0.533,0.553,0.559,0.556,0.541,0.561,0.562
2015-07-04 12:00:00,0.461,0.478,0.463,0.442,0.47,0.46,0.459,0.449,0.466,0.45,0.431,0.458,0.465,0.456,0.442,0.469,0.472
2015-07-04 13:00:00,0.341,0.361,0.343,0.316,0.345,0.339,0.341,0.325,0.353,0.325,0.306,0.339,0.344,0.332,0.318,0.352,0.356
2015-07-04 14:00:00,0.209,0.228,0.21,0.18,0.221,0.204,0.224,0.189,0.22,0.19,0.17,0.207,0.214,0.194,0.183,0.22,0.227
2015-07-04 15:00:00,0.088,0.101,0.08,0.081,0.101,0.084,0.097,0.078,0.092,0.09,0.075,0.078,0.099,0.08,0.075,0.088,0.099
2015-07-04 16:00:00,0.068,0.071,0.067,0.066,0.065,0.067,0.07,0.065,0.069,0.07,0.062,0.065,0.069,0.067,0.064,0.068,0.075
2015-07-04 17:00:00,0.052,0.054,0.051,0.047,0.055,0.051,0.051,0.049,0.053,0.049,0.047,0.051,0.052,0.049,0.049,0.052,0.062
2015-07-04 18:00:00,0.031,0.032,0.032,0.024,0.037,0.029,0.027,0.028,0.03,0.024,0.026,0.033,0.029,0.026,0.029,0.033,0.039
2015-07-04 19:00:00,0.007,0.006,0.008,0.001,0.009,0.004,0.002,0.004,0.005,0.0,0.003,0.011,0.004,0.002,0.006,0.008,0.014
2015-07-04 20:00:00,0.0,0.0,0.0,0.0,0.0,0.0,0.0,0.0,0.0,0.0,0.0,0.0,0.0,0.0,0.0,0.0,0.0
2015-07-04 21:00:00,0.0,0.0,0.0,0.0,0.0,0.0,0.0,0.0,0.0,0.0,0.0,0.0,0.0,0.0,0.0,0.0,0.0
2015-07-04 22:00:00,0.0,0.0,0.0,0.0,0.0,0.0,0.0,0.0,0.0,0.0,0.0,0.0,0.0,0.0,0.0,0.0,0.0
2015-07-04 23:00:00,0.0,0.0,0.0,0.0,0.0,0.0,0.0,0.0,0.0,0.0,0.0,0.0,0.0,0.0,0.0,0.0,0.0
2015-07-05 00:00:00,0.0,0.0,0.0,0.0,0.0,0.0,0.0,0.0,0.0,0.0,0.0,0.0,0.0,0.0,0.0,0.0,0.0
2015-07-05 01:00:00,0.0,0.0,0.0,0.0,0.0,0.0,0.0,0.0,0.0,0.0,0.0,0.0,0.0,0.0,0.0,0.0,0.0
2015-07-05 02:00:00,0.0,0.0,0.0,0.0,0.0,0.0,0.0,0.0,0.0,0.0,0.0,0.0,0.0,0.0,0.0,0.0,0.0
2015-07-05 03:00:00,0.004,0.0,0.0,0.004,0.0,0.0,0.0,0.004,0.0,0.0,0.041,0.0,0.0,0.0,0.03,0.0,0.0
2015-07-05 04:00:00,0.145,0.119,0.158,0.186,0.101,0.162,0.154,0.176,0.132,0.18,0.172,0.137,0.131,0.17,0.19,0.141,0.11
2015-07-05 05:00:00,0.316,0.293,0.345,0.363,0.247,0.354,0.35,0.369,0.319,0.366,0.348,0.306,0.321,0.354,0.351,0.313,0.251
2015-07-05 06:00:00,0.461,0.437,0.474,0.496,0.403,0.504,0.504,0.511,0.476,0.497,0.519,0.455,0.461,0.501,0.484,0.452,0.409
2015-07-05 07:00:00,0.513,0.476,0.504,0.61,0.485,0.565,0.582,0.584,0.523,0.608,0.595,0.481,0.542,0.585,0.525,0.467,0.468
2015-07-05 08:00:00,0.566,0.562,0.528,0.645,0.492,0.622,0.644,0.63,0.582,0.647,0.629,0.505,0.631,0.637,0.556,0.543,0.553
2015-07-05 09:00:00,0.577,0.592,0.518,0.647,0.518,0.625,0.657,0.632,0.604,0.65,0.627,0.582,0.642,0.646,0.577,0.529,0.583
2015-07-05 10:00:00,0.559,0.545,0.555,0.607,0.518,0.59,0.625,0.598,0.564,0.614,0.553,0.556,0.617,0.612,0.566,0.521,0.586
2015-07-05 11:00:00,0.512,0.492,0.501,0.534,0.516,0.527,0.55,0.531,0.53,0.545,0.502,0.514,0.55,0.543,0.518,0.478,0.545
2015-07-05 12:00:00,0.43,0.403,0.432,0.424,0.456,0.438,0.447,0.434,0.401,0.429,0.397,0.436,0.45,0.448,0.418,0.421,0.461
2015-07-05 13:00:00,0.322,0.292,0.327,0.305,0.343,0.326,0.33,0.316,0.3,0.304,0.286,0.323,0.334,0.325,0.308,0.326,0.355
2015-07-05 14:00:00,0.211,0.241,0.218,0.176,0.216,0.198,0.195,0.188,0.218,0.175,0.169,0.212,0.213,0.194,0.186,0.227,0.23
2015-07-05 15:00:00,0.103,0.135,0.099,0.084,0.109,0.092,0.081,0.103,0.11,0.083,0.106,0.089,0.086,0.082,0.086,0.113,0.103
2015-07-05 16:00:00,0.077,0.086,0.082,0.076,0.07,0.08,0.068,0.082,0.098,0.066,0.077,0.072,0.075,0.068,0.063,0.083,0.075
2015-07-05 17:00:00,0.057,0.062,0.059,0.061,0.055,0.055,0.05,0.055,0.066,0.047,0.051,0.057,0.061,0.048,0.05,0.061,0.059
2015-07-05 18:00:00,0.032,0.035,0.035,0.031,0.035,0.029,0.027,0.027,0.031,0.02,0.024,0.035,0.03,0.026,0.03,0.031,0.04
2015-07-05 19:00:00,0.007,0.008,0.008,0.001,0.01,0.004,0.002,0.003,0.005,0.0,0.002,0.011,0.003,0.002,0.005,0.007,0.016
2015-07-05 20:00:00,0.0,0.0,0.0,0.0,0.0,0.0,0.0,0.0,0.0,0.0,0.0,0.0,0.0,0.0,0.0,0.0,0.0
2015-07-05 21:00:00,0.0,0.0,0.0,0.0,0.0,0.0,0.0,0.0,0.0,0.0,0.0,0.0,0.0,0.0,0.0,0.0,0.0
2015-07-05 22:00:00,0.0,0.0,0.0,0.0,0.0,0.0,0.0,0.0,0.0,0.0,0.0,0.0,0.0,0.0,0.0,0.0,0.0
2015-07-05 23:00:00,0.0,0.0,0.0,0.0,0.0,0.0,0.0,0.0,0.0,0.0,0.0,0.0,0.0,0.0,0.0,0.0,0.0
2015-07-06 00:00:00,0.0,0.0,0.0,0.0,0.0,0.0,0.0,0.0,0.0,0.0,0.0,0.0,0.0,0.0,0.0,0.0,0.0
2015-07-06 01:00:00,0.0,0.0,0.0,0.0,0.0,0.0,0.0,0.0,0.0,0.0,0.0,0.0,0.0,0.0,0.0,0.0,0.0
2015-07-06 02:00:00,0.0,0.0,0.0,0.0,0.0,0.0,0.0,0.0,0.0,0.0,0.0,0.0,0.0,0.0,0.0,0.0,0.0
2015-07-06 03:00:00,0.005,0.0,0.0,0.002,0.0,0.0,0.0,0.002,0.0,0.0,0.067,0.0,0.0,0.0,0.027,0.0,0.0
2015-07-06 04:00:00,0.113,0.077,0.088,0.197,0.077,0.147,0.145,0.182,0.119,0.176,0.214,0.053,0.133,0.162,0.177,0.091,0.045
2015-07-06 05:00:00,0.269,0.219,0.271,0.38,0.19,0.329,0.332,0.363,0.282,0.363,0.387,0.178,0.311,0.345,0.327,0.258,0.158
2015-07-06 06:00:00,0.398,0.358,0.422,0.521,0.288,0.466,0.484,0.501,0.396,0.508,0.517,0.361,0.463,0.482,0.448,0.409,0.179
2015-07-06 07:00:00,0.348,0.355,0.316,0.603,0.18,0.551,0.583,0.539,0.539,0.596,0.509,0.271,0.569,0.579,0.381,0.257,0.085
2015-07-06 08:00:00,0.386,0.408,0.305,0.635,0.31,0.568,0.633,0.54,0.538,0.634,0.565,0.176,0.617,0.623,0.423,0.299,0.149
2015-07-06 09:00:00,0.4,0.496,0.174,0.637,0.283,0.526,0.645,0.53,0.449,0.624,0.6,0.118,0.61,0.624,0.4,0.335,0.342
2015-07-06 10:00:00,0.407,0.449,0.23,0.585,0.269,0.468,0.609,0.486,0.555,0.521,0.54,0.143,0.554,0.548,0.297,0.388,0.512
2015-07-06 11:00:00,0.401,0.404,0.333,0.513,0.447,0.434,0.535,0.375,0.502,0.452,0.42,0.305,0.484,0.493,0.253,0.337,0.552
2015-07-06 12:00:00,0.355,0.358,0.268,0.387,0.48,0.359,0.429,0.295,0.376,0.381,0.308,0.397,0.368,0.366,0.221,0.308,0.471
2015-07-06 13:00:00,0.298,0.337,0.285,0.292,0.376,0.283,0.32,0.26,0.282,0.279,0.182,0.346,0.286,0.29,0.192,0.292,0.365
2015-07-06 14:00:00,0.207,0.229,0.223,0.174,0.248,0.179,0.184,0.171,0.179,0.159,0.133,0.219,0.195,0.163,0.187,0.223,0.24
2015-07-06 15:00:00,0.107,0.105,0.098,0.099,0.128,0.099,0.097,0.113,0.109,0.085,0.118,0.087,0.096,0.083,0.113,0.103,0.127
2015-07-06 16:00:00,0.081,0.074,0.085,0.07,0.086,0.075,0.064,0.073,0.077,0.073,0.083,0.075,0.064,0.059,0.078,0.086,0.105
2015-07-06 17:00:00,0.058,0.058,0.061,0.046,0.063,0.061,0.047,0.053,0.058,0.047,0.046,0.056,0.058,0.049,0.052,0.06,0.072
2015-07-06 18:00:00,0.033,0.035,0.031,0.021,0.038,0.031,0.023,0.029,0.032,0.021,0.027,0.035,0.028,0.021,0.031,0.037,0.042
2015-07-06 19:00:00,0.007,0.008,0.008,0.0,0.012,0.004,0.002,0.003,0.005,0.0,0.002,0.011,0.003,0.001,0.006,0.009,0.015
2015-07-06 20:00:00,0.0,0.0,0.0,0.0,0.0,0.0,0.0,0.0,0.0,0.0,0.0,0.0,0.0,0.0,0.0,0.0,0.0
2015-07-06 21:00:00,0.0,0.0,0.0,0.0,0.0,0.0,0.0,0.0,0.0,0.0,0.0,0.0,0.0,0.0,0.0,0.0,0.0
2015-07-06 22:00:00,0.0,0.0,0.0,0.0,0.0,0.0,0.0,0.0,0.0,0.0,0.0,0.0,0.0,0.0,0.0,0.0,0.0
2015-07-06 23:00:00,0.0,0.0,0.0,0.0,0.0,0.0,0.0,0.0,0.0,0.0,0.0,0.0,0.0,0.0,0.0,0.0,0.0
2015-07-07 00:00:00,0.0,0.0,0.0,0.0,0.0,0.0,0.0,0.0,0.0,0.0,0.0,0.0,0.0,0.0,0.0,0.0,0.0
2015-07-07 01:00:00,0.0,0.0,0.0,0.0,0.0,0.0,0.0,0.0,0.0,0.0,0.0,0.0,0.0,0.0,0.0,0.0,0.0
2015-07-07 02:00:00,0.0,0.0,0.0,0.0,0.0,0.0,0.0,0.0,0.0,0.0,0.0,0.0,0.0,0.0,0.0,0.0,0.0
2015-07-07 03:00:00,0.004,0.0,0.0,0.0,0.0,0.0,0.0,0.0,0.0,0.0,0.039,0.0,0.0,0.0,0.024,0.0,0.0
2015-07-07 04:00:00,0.155,0.123,0.166,0.191,0.123,0.163,0.112,0.193,0.132,0.148,0.214,0.166,0.14,0.167,0.215,0.144,0.121
2015-07-07 05:00:00,0.341,0.31,0.354,0.386,0.306,0.354,0.299,0.382,0.322,0.326,0.417,0.328,0.335,0.357,0.402,0.333,0.291
2015-07-07 06:00:00,0.496,0.475,0.505,0.535,0.47,0.506,0.468,0.527,0.484,0.472,0.557,0.478,0.494,0.516,0.539,0.491,0.464
2015-07-07 07:00:00,0.588,0.584,0.6,0.617,0.574,0.601,0.523,0.612,0.591,0.548,0.633,0.555,0.595,0.607,0.623,0.589,0.551
2015-07-07 08:00:00,0.627,0.643,0.65,0.569,0.635,0.642,0.617,0.636,0.647,0.615,0.611,0.597,0.651,0.656,0.574,0.644,0.631
2015-07-07 09:00:00,0.606,0.659,0.591,0.504,0.653,0.644,0.598,0.528,0.66,0.632,0.488,0.578,0.651,0.631,0.452,0.655,0.648
2015-07-07 10:00:00,0.58,0.636,0.577,0.516,0.632,0.608,0.599,0.495,0.634,0.582,0.491,0.539,0.627,0.586,0.418,0.627,0.615
2015-07-07 11:00:00,0.545,0.576,0.562,0.512,0.574,0.562,0.561,0.502,0.571,0.541,0.508,0.503,0.566,0.552,0.453,0.569,0.564
2015-07-07 12:00:00,0.46,0.484,0.468,0.427,0.484,0.461,0.47,0.433,0.476,0.436,0.416,0.435,0.471,0.454,0.413,0.475,0.486
2015-07-07 13:00:00,0.346,0.366,0.346,0.322,0.368,0.34,0.346,0.327,0.356,0.328,0.311,0.343,0.348,0.332,0.311,0.356,0.369
2015-07-07 14:00:00,0.213,0.236,0.211,0.179,0.235,0.203,0.208,0.189,0.222,0.187,0.173,0.219,0.211,0.194,0.198,0.221,0.234
2015-07-07 15:00:00,0.091,0.105,0.08,0.08,0.103,0.08,0.081,0.078,0.089,0.08,0.079,0.096,0.081,0.081,0.105,0.088,0.098
2015-07-07 16:00:00,0.07,0.075,0.067,0.065,0.07,0.067,0.067,0.065,0.071,0.065,0.064,0.079,0.067,0.066,0.079,0.068,0.069
2015-07-07 17:00:00,0.053,0.06,0.051,0.047,0.057,0.05,0.049,0.048,0.057,0.046,0.047,0.056,0.05,0.048,0.051,0.052,0.057
2015-07-07 18:00:00,0.032,0.036,0.032,0.023,0.038,0.028,0.026,0.027,0.033,0.022,0.025,0.036,0.029,0.025,0.029,0.033,0.042
2015-07-07 19:00:00,0.008,0.009,0.011,0.001,0.012,0.005,0.002,0.003,0.005,0.0,0.003,0.013,0.003,0.002,0.006,0.01,0.014
2015-07-07 20:00:00,0.0,0.0,0.0,0.0,0.0,0.0,0.0,0.0,0.0,0.0,0.0,0.0,0.0,0.0,0.0,0.0,0.0
2015-07-07 21:00:00,0.0,0.0,0.0,0.0,0.0,0.0,0.0,0.0,0.0,0.0,0.0,0.0,0.0,0.0,0.0,0.0,0.0
2015-07-07 22:00:00,0.0,0.0,0.0,0.0,0.0,0.0,0.0,0.0,0.0,0.0,0.0,0.0,0.0,0.0,0.0,0.0,0.0
2015-07-07 23:00:00,0.0,0.0,0.0,0.0,0.0,0.0,0.0,0.0,0.0,0.0,0.0,0.0,0.0,0.0,0.0,0.0,0.0
2015-07-08 00:00:00,0.0,0.0,0.0,0.0,0.0,0.0,0.0,0.0,0.0,0.0,0.0,0.0,0.0,0.0,0.0,0.0,0.0
2015-07-08 01:00:00,0.0,0.0,0.0,0.0,0.0,0.0,0.0,0.0,0.0,0.0,0.0,0.0,0.0,0.0,0.0,0.0,0.0
2015-07-08 02:00:00,0.0,0.0,0.0,0.0,0.0,0.0,0.0,0.0,0.0,0.0,0.0,0.0,0.0,0.0,0.0,0.0,0.0
2015-07-08 03:00:00,0.0,0.0,0.0,0.0,0.0,0.0,0.0,0.0,0.0,0.0,0.008,0.0,0.0,0.0,0.001,0.0,0.0
2015-07-08 04:00:00,0.052,0.008,0.026,0.132,0.021,0.036,0.133,0.035,0.07,0.158,0.053,0.048,0.114,0.138,0.013,0.038,0.079
2015-07-08 05:00:00,0.14,0.087,0.125,0.285,0.1,0.151,0.323,0.08,0.092,0.339,0.089,0.204,0.24,0.293,0.041,0.093,0.207
2015-07-08 06:00:00,0.266,0.314,0.222,0.339,0.187,0.273,0.47,0.264,0.352,0.426,0.106,0.321,0.345,0.376,0.152,0.244,0.325
2015-07-08 07:00:00,0.3,0.236,0.387,0.171,0.325,0.184,0.466,0.14,0.198,0.292,0.163,0.454,0.263,0.263,0.286,0.319,0.428
2015-07-08 08:00:00,0.414,0.32,0.502,0.169,0.483,0.372,0.594,0.384,0.145,0.383,0.322,0.466,0.372,0.382,0.483,0.413,0.553
2015-07-08 09:00:00,0.435,0.288,0.519,0.303,0.303,0.424,0.566,0.482,0.253,0.531,0.405,0.523,0.358,0.515,0.513,0.45,0.527
2015-07-08 10:00:00,0.451,0.338,0.569,0.467,0.377,0.418,0.553,0.453,0.304,0.559,0.459,0.534,0.357,0.504,0.476,0.44,0.486
2015-07-08 11:00:00,0.441,0.411,0.512,0.487,0.399,0.376,0.464,0.405,0.373,0.509,0.464,0.5,0.37,0.457,0.411,0.439,0.473
2015-07-08 12:00:00,0.361,0.351,0.423,0.387,0.374,0.351,0.356,0.372,0.234,0.383,0.395,0.414,0.293,0.312,0.372,0.317,0.408
2015-07-08 13:00:00,0.285,0.316,0.29,0.277,0.325,0.283,0.264,0.278,0.184,0.267,0.289,0.313,0.271,0.227,0.286,0.258,0.331
2015-07-08 14:00:00,0.205,0.236,0.169,0.201,0.235,0.203,0.2,0.198,0.133,0.179,0.174,0.199,0.203,0.16,0.181,0.218,0.228
2015-07-08 15:00:00,0.117,0.127,0.096,0.129,0.126,0.13,0.111,0.127,0.08,0.102,0.124,0.101,0.124,0.091,0.108,0.122,0.118
2015-07-08 16:00:00,0.083,0.083,0.086,0.085,0.082,0.09,0.081,0.076,0.036,0.075,0.075,0.081,0.054,0.083,0.091,0.092,0.085
2015-07-08 17:00:00,0.054,0.063,0.076,0.04,0.054,0.036,0.041,0.048,0.017,0.05,0.042,0.062,0.027,0.049,0.059,0.06,0.061
2015-07-08 18:00:00,0.025,0.038,0.032,0.017,0.034,0.011,0.009,0.011,0.011,0.014,0.012,0.032,0.01,0.009,0.015,0.031,0.034
2015-07-08 19:00:00,0.006,0.008,0.007,0.0,0.011,0.002,0.0,0.001,0.002,0.0,0.001,0.009,0.0,0.0,0.003,0.008,0.014
2015-07-08 20:00:00,0.0,0.0,0.0,0.0,0.0,0.0,0.0,0.0,0.0,0.0,0.0,0.0,0.0,0.0,0.0,0.0,0.0
2015-07-08 21:00:00,0.0,0.0,0.0,0.0,0.0,0.0,0.0,0.0,0.0,0.0,0.0,0.0,0.0,0.0,0.0,0.0,0.0
2015-07-08 22:00:00,0.0,0.0,0.0,0.0,0.0,0.0,0.0,0.0,0.0,0.0,0.0,0.0,0.0,0.0,0.0,0.0,0.0
2015-07-08 23:00:00,0.0,0.0,0.0,0.0,0.0,0.0,0.0,0.0,0.0,0.0,0.0,0.0,0.0,0.0,0.0,0.0,0.0
2015-07-09 00:00:00,0.0,0.0,0.0,0.0,0.0,0.0,0.0,0.0,0.0,0.0,0.0,0.0,0.0,0.0,0.0,0.0,0.0
2015-07-09 01:00:00,0.0,0.0,0.0,0.0,0.0,0.0,0.0,0.0,0.0,0.0,0.0,0.0,0.0,0.0,0.0,0.0,0.0
2015-07-09 02:00:00,0.0,0.0,0.0,0.0,0.0,0.0,0.0,0.0,0.0,0.0,0.0,0.0,0.0,0.0,0.0,0.0,0.0
2015-07-09 03:00:00,0.002,0.0,0.0,0.0,0.0,0.0,0.0,0.0,0.0,0.0,0.015,0.0,0.0,0.0,0.013,0.0,0.0
2015-07-09 04:00:00,0.102,0.089,0.122,0.106,0.083,0.102,0.076,0.13,0.077,0.072,0.141,0.121,0.08,0.12,0.142,0.096,0.073
2015-07-09 05:00:00,0.253,0.215,0.277,0.314,0.186,0.259,0.245,0.322,0.244,0.248,0.36,0.255,0.261,0.308,0.339,0.246,0.144
2015-07-09 06:00:00,0.396,0.365,0.427,0.485,0.279,0.421,0.435,0.497,0.374,0.437,0.537,0.326,0.393,0.478,0.498,0.39,0.274
2015-07-09 07:00:00,0.446,0.465,0.42,0.538,0.288,0.461,0.556,0.513,0.521,0.468,0.486,0.433,0.524,0.576,0.513,0.432,0.39
2015-07-09 08:00:00,0.482,0.507,0.515,0.56,0.27,0.531,0.53,0.549,0.571,0.591,0.477,0.541,0.576,0.523,0.557,0.472,0.391
2015-07-09 09:00:00,0.479,0.544,0.559,0.561,0.266,0.564,0.493,0.537,0.577,0.593,0.502,0.53,0.583,0.535,0.487,0.458,0.39
2015-07-09 10:00:00,0.445,0.494,0.424,0.484,0.252,0.508,0.494,0.486,0.55,0.494,0.498,0.462,0.563,0.457,0.432,0.415,0.508
2015-07-09 11:00:00,0.411,0.36,0.283,0.404,0.425,0.47,0.452,0.47,0.488,0.42,0.405,0.437,0.474,0.449,0.418,0.374,0.472
2015-07-09 12:00:00,0.37,0.313,0.172,0.361,0.414,0.437,0.385,0.424,0.433,0.312,0.403,0.391,0.415,0.384,0.364,0.35,0.435
2015-07-09 13:00:00,0.286,0.283,0.243,0.253,0.358,0.318,0.287,0.296,0.252,0.26,0.296,0.28,0.318,0.282,0.242,0.271,0.323
2015-07-09 14:00:00,0.209,0.244,0.19,0.177,0.253,0.177,0.217,0.19,0.2,0.176,0.166,0.214,0.22,0.192,0.16,0.219,0.24
2015-07-09 15:00:00,0.118,0.148,0.114,0.093,0.122,0.096,0.103,0.102,0.137,0.083,0.114,0.109,0.118,0.095,0.124,0.127,0.125
2015-07-09 16:00:00,0.087,0.098,0.09,0.068,0.091,0.089,0.094,0.068,0.09,0.062,0.069,0.084,0.097,0.073,0.072,0.094,0.105
2015-07-09 17:00:00,0.062,0.07,0.059,0.049,0.07,0.065,0.048,0.061,0.061,0.053,0.048,0.065,0.058,0.051,0.058,0.064,0.071
2015-07-09 18:00:00,0.034,0.037,0.034,0.019,0.045,0.033,0.02,0.029,0.037,0.018,0.027,0.031,0.03,0.022,0.032,0.037,0.039
2015-07-09 19:00:00,0.005,0.006,0.006,0.0,0.007,0.004,0.001,0.003,0.005,0.0,0.003,0.006,0.003,0.001,0.004,0.007,0.007
2015-07-09 20:00:00,0.0,0.0,0.0,0.0,0.0,0.0,0.0,0.0,0.0,0.0,0.0,0.0,0.0,0.0,0.0,0.0,0.0
2015-07-09 21:00:00,0.0,0.0,0.0,0.0,0.0,0.0,0.0,0.0,0.0,0.0,0.0,0.0,0.0,0.0,0.0,0.0,0.0
2015-07-09 22:00:00,0.0,0.0,0.0,0.0,0.0,0.0,0.0,0.0,0.0,0.0,0.0,0.0,0.0,0.0,0.0,0.0,0.0
2015-07-09 23:00:00,0.0,0.0,0.0,0.0,0.0,0.0,0.0,0.0,0.0,0.0,0.0,0.0,0.0,0.0,0.0,0.0,0.0
2015-07-10 00:00:00,0.0,0.0,0.0,0.0,0.0,0.0,0.0,0.0,0.0,0.0,0.0,0.0,0.0,0.0,0.0,0.0,0.0
2015-07-10 01:00:00,0.0,0.0,0.0,0.0,0.0,0.0,0.0,0.0,0.0,0.0,0.0,0.0,0.0,0.0,0.0,0.0,0.0
2015-07-10 02:00:00,0.0,0.0,0.0,0.0,0.0,0.0,0.0,0.0,0.0,0.0,0.0,0.0,0.0,0.0,0.0,0.0,0.0
2015-07-10 03:00:00,0.001,0.0,0.0,0.0,0.0,0.0,0.0,0.0,0.0,0.0,0.013,0.0,0.0,0.0,0.0,0.0,0.0
2015-07-10 04:00:00,0.084,0.089,0.06,0.199,0.043,0.064,0.129,0.084,0.114,0.179,0.039,0.084,0.103,0.148,0.066,0.076,0.07
2015-07-10 05:00:00,0.183,0.183,0.151,0.381,0.128,0.165,0.288,0.2,0.262,0.378,0.069,0.173,0.247,0.317,0.157,0.146,0.17
2015-07-10 06:00:00,0.291,0.243,0.207,0.517,0.238,0.177,0.422,0.248,0.361,0.533,0.14,0.322,0.389,0.386,0.276,0.267,0.338
2015-07-10 07:00:00,0.354,0.384,0.261,0.527,0.391,0.23,0.448,0.338,0.346,0.605,0.16,0.376,0.363,0.418,0.307,0.316,0.413
2015-07-10 08:00:00,0.403,0.377,0.317,0.526,0.395,0.256,0.472,0.388,0.374,0.583,0.26,0.517,0.341,0.458,0.446,0.365,0.481
2015-07-10 09:00:00,0.38,0.312,0.384,0.434,0.328,0.256,0.331,0.323,0.29,0.516,0.323,0.463,0.289,0.366,0.446,0.38,0.469
2015-07-10 10:00:00,0.383,0.367,0.493,0.359,0.332,0.281,0.324,0.331,0.268,0.452,0.413,0.455,0.288,0.279,0.435,0.38,0.438
2015-07-10 11:00:00,0.383,0.352,0.48,0.368,0.359,0.266,0.31,0.355,0.388,0.363,0.407,0.452,0.252,0.244,0.454,0.388,0.413
2015-07-10 12:00:00,0.35,0.379,0.405,0.312,0.334,0.294,0.28,0.339,0.375,0.293,0.351,0.38,0.26,0.238,0.39,0.359,0.368
2015-07-10 13:00:00,0.277,0.277,0.312,0.246,0.254,0.288,0.275,0.304,0.305,0.262,0.279,0.287,0.265,0.216,0.295,0.271,0.287
2015-07-10 14:00:00,0.204,0.211,0.205,0.197,0.214,0.216,0.209,0.224,0.212,0.202,0.206,0.192,0.213,0.185,0.187,0.193,0.223
2015-07-10 15:00:00,0.134,0.146,0.124,0.12,0.148,0.126,0.154,0.14,0.161,0.12,0.132,0.121,0.153,0.121,0.112,0.132,0.146
2015-07-10 16:00:00,0.104,0.112,0.094,0.084,0.113,0.094,0.113,0.091,0.111,0.083,0.087,0.099,0.114,0.105,0.091,0.114,0.114
2015-07-10 17:00:00,0.062,0.072,0.057,0.052,0.074,0.052,0.068,0.057,0.062,0.058,0.054,0.048,0.068,0.058,0.051,0.066,0.07
2015-07-10 18:00:00,0.031,0.035,0.033,0.021,0.039,0.028,0.031,0.027,0.031,0.027,0.018,0.025,0.027,0.028,0.02,0.035,0.039
2015-07-10 19:00:00,0.005,0.007,0.007,0.0,0.01,0.003,0.001,0.002,0.003,0.0,0.0,0.003,0.002,0.001,0.001,0.007,0.01
2015-07-10 20:00:00,0.0,0.0,0.0,0.0,0.0,0.0,0.0,0.0,0.0,0.0,0.0,0.0,0.0,0.0,0.0,0.0,0.0
2015-07-10 21:00:00,0.0,0.0,0.0,0.0,0.0,0.0,0.0,0.0,0.0,0.0,0.0,0.0,0.0,0.0,0.0,0.0,0.0
2015-07-10 22:00:00,0.0,0.0,0.0,0.0,0.0,0.0,0.0,0.0,0.0,0.0,0.0,0.0,0.0,0.0,0.0,0.0,0.0
2015-07-10 23:00:00,0.0,0.0,0.0,0.0,0.0,0.0,0.0,0.0,0.0,0.0,0.0,0.0,0.0,0.0,0.0,0.0,0.0
2015-07-11 00:00:00,0.0,0.0,0.0,0.0,0.0,0.0,0.0,0.0,0.0,0.0,0.0,0.0,0.0,0.0,0.0,0.0,0.0
2015-07-11 01:00:00,0.0,0.0,0.0,0.0,0.0,0.0,0.0,0.0,0.0,0.0,0.0,0.0,0.0,0.0,0.0,0.0,0.0
2015-07-11 02:00:00,0.0,0.0,0.0,0.0,0.0,0.0,0.0,0.0,0.0,0.0,0.0,0.0,0.0,0.0,0.0,0.0,0.0
2015-07-11 03:00:00,0.0,0.0,0.0,0.0,0.0,0.0,0.0,0.0,0.0,0.0,0.0,0.0,0.0,0.0,0.0,0.0,0.0
2015-07-11 04:00:00,0.104,0.126,0.099,0.08,0.122,0.134,0.15,0.087,0.125,0.149,0.03,0.082,0.119,0.158,0.055,0.121,0.089
2015-07-11 05:00:00,0.273,0.322,0.265,0.231,0.316,0.302,0.359,0.258,0.33,0.328,0.105,0.237,0.323,0.333,0.15,0.306,0.259
2015-07-11 06:00:00,0.421,0.499,0.42,0.389,0.483,0.43,0.503,0.363,0.502,0.463,0.2,0.329,0.455,0.462,0.254,0.479,0.437
2015-07-11 07:00:00,0.522,0.613,0.481,0.436,0.603,0.59,0.629,0.395,0.62,0.568,0.309,0.458,0.624,0.577,0.297,0.604,0.518
2015-07-11 08:00:00,0.533,0.678,0.374,0.395,0.655,0.549,0.676,0.372,0.683,0.574,0.333,0.517,0.686,0.633,0.34,0.611,0.488
2015-07-11 09:00:00,0.48,0.693,0.242,0.295,0.665,0.338,0.658,0.276,0.696,0.461,0.391,0.478,0.668,0.483,0.363,0.5,0.529
2015-07-11 10:00:00,0.469,0.663,0.205,0.286,0.648,0.348,0.625,0.257,0.661,0.304,0.378,0.44,0.653,0.403,0.365,0.519,0.553
2015-07-11 11:00:00,0.433,0.601,0.215,0.304,0.568,0.336,0.587,0.288,0.596,0.273,0.397,0.395,0.604,0.376,0.346,0.462,0.502
2015-07-11 12:00:00,0.375,0.508,0.211,0.278,0.504,0.324,0.489,0.254,0.505,0.285,0.316,0.331,0.494,0.324,0.293,0.393,0.433
2015-07-11 13:00:00,0.306,0.39,0.192,0.234,0.39,0.266,0.367,0.229,0.378,0.265,0.268,0.273,0.367,0.294,0.263,0.321,0.344
2015-07-11 14:00:00,0.221,0.264,0.182,0.187,0.267,0.188,0.231,0.171,0.238,0.22,0.183,0.194,0.225,0.232,0.197,0.229,0.254
2015-07-11 15:00:00,0.133,0.179,0.139,0.13,0.173,0.136,0.096,0.131,0.117,0.153,0.09,0.13,0.085,0.151,0.102,0.124,0.136
2015-07-11 16:00:00,0.105,0.144,0.099,0.089,0.139,0.106,0.076,0.105,0.108,0.114,0.076,0.102,0.077,0.11,0.089,0.096,0.109
2015-07-11 17:00:00,0.073,0.095,0.067,0.053,0.09,0.061,0.054,0.063,0.087,0.064,0.047,0.065,0.059,0.06,0.062,0.077,0.093
2015-07-11 18:00:00,0.036,0.041,0.035,0.024,0.042,0.031,0.028,0.027,0.04,0.024,0.022,0.033,0.032,0.026,0.03,0.041,0.05
2015-07-11 19:00:00,0.007,0.008,0.006,0.0,0.012,0.004,0.001,0.002,0.005,0.0,0.001,0.008,0.003,0.001,0.004,0.008,0.017
2015-07-11 20:00:00,0.0,0.0,0.0,0.0,0.0,0.0,0.0,0.0,0.0,0.0,0.0,0.0,0.0,0.0,0.0,0.0,0.0
2015-07-11 21:00:00,0.0,0.0,0.0,0.0,0.0,0.0,0.0,0.0,0.0,0.0,0.0,0.0,0.0,0.0,0.0,0.0,0.0
2015-07-11 22:00:00,0.0,0.0,0.0,0.0,0.0,0.0,0.0,0.0,0.0,0.0,0.0,0.0,0.0,0.0,0.0,0.0,0.0
2015-07-11 23:00:00,0.0,0.0,0.0,0.0,0.0,0.0,0.0,0.0,0.0,0.0,0.0,0.0,0.0,0.0,0.0,0.0,0.0
2015-07-12 00:00:00,0.0,0.0,0.0,0.0,0.0,0.0,0.0,0.0,0.0,0.0,0.0,0.0,0.0,0.0,0.0,0.0,0.0
2015-07-12 01:00:00,0.0,0.0,0.0,0.0,0.0,0.0,0.0,0.0,0.0,0.0,0.0,0.0,0.0,0.0,0.0,0.0,0.0
2015-07-12 02:00:00,0.0,0.0,0.0,0.0,0.0,0.0,0.0,0.0,0.0,0.0,0.0,0.0,0.0,0.0,0.0,0.0,0.0
2015-07-12 03:00:00,0.0,0.0,0.0,0.0,0.0,0.0,0.0,0.0,0.0,0.0,0.0,0.0,0.0,0.0,0.001,0.0,0.0
2015-07-12 04:00:00,0.109,0.118,0.071,0.156,0.108,0.075,0.135,0.095,0.127,0.145,0.082,0.071,0.133,0.101,0.127,0.121,0.098
2015-07-12 05:00:00,0.257,0.297,0.213,0.286,0.264,0.22,0.343,0.209,0.319,0.29,0.175,0.143,0.328,0.225,0.29,0.294,0.228
2015-07-12 06:00:00,0.387,0.454,0.387,0.34,0.339,0.366,0.509,0.318,0.489,0.442,0.268,0.262,0.497,0.327,0.405,0.464,0.33
2015-07-12 07:00:00,0.476,0.437,0.38,0.481,0.355,0.562,0.614,0.552,0.576,0.542,0.383,0.547,0.599,0.568,0.531,0.46,0.466
2015-07-12 08:00:00,0.557,0.534,0.607,0.446,0.496,0.635,0.672,0.593,0.631,0.618,0.381,0.618,0.659,0.655,0.564,0.573,0.506
2015-07-12 09:00:00,0.564,0.604,0.653,0.357,0.553,0.6,0.685,0.529,0.654,0.556,0.386,0.539,0.672,0.6,0.572,0.606,0.534
2015-07-12 10:00:00,0.502,0.542,0.613,0.298,0.498,0.517,0.648,0.372,0.625,0.427,0.362,0.486,0.646,0.467,0.51,0.556,0.485
2015-07-12 11:00:00,0.463,0.527,0.508,0.323,0.524,0.466,0.585,0.31,0.549,0.412,0.363,0.371,0.578,0.466,0.435,0.501,0.483
2015-07-12 12:00:00,0.382,0.456,0.382,0.275,0.374,0.401,0.476,0.265,0.456,0.345,0.317,0.33,0.476,0.38,0.346,0.445,0.357
2015-07-12 13:00:00,0.301,0.314,0.294,0.25,0.264,0.349,0.357,0.265,0.344,0.311,0.225,0.264,0.358,0.324,0.228,0.359,0.291
2015-07-12 14:00:00,0.215,0.202,0.232,0.192,0.189,0.241,0.224,0.214,0.227,0.206,0.162,0.202,0.244,0.21,0.163,0.257,0.203
2015-07-12 15:00:00,0.14,0.126,0.185,0.114,0.108,0.155,0.125,0.14,0.117,0.125,0.108,0.168,0.114,0.12,0.102,0.175,0.125
2015-07-12 16:00:00,0.098,0.087,0.13,0.098,0.056,0.125,0.089,0.112,0.09,0.095,0.091,0.13,0.087,0.108,0.088,0.104,0.09
2015-07-12 17:00:00,0.057,0.048,0.056,0.06,0.037,0.076,0.055,0.075,0.067,0.059,0.063,0.074,0.063,0.072,0.067,0.049,0.053
2015-07-12 18:00:00,0.022,0.017,0.017,0.031,0.022,0.021,0.027,0.027,0.032,0.029,0.022,0.034,0.03,0.031,0.025,0.016,0.021
2015-07-12 19:00:00,0.002,0.001,0.003,0.0,0.0,0.0,0.001,0.002,0.001,0.0,0.001,0.007,0.001,0.0,0.003,0.001,0.003
2015-07-12 20:00:00,0.0,0.0,0.0,0.0,0.0,0.0,0.0,0.0,0.0,0.0,0.0,0.0,0.0,0.0,0.0,0.0,0.0
2015-07-12 21:00:00,0.0,0.0,0.0,0.0,0.0,0.0,0.0,0.0,0.0,0.0,0.0,0.0,0.0,0.0,0.0,0.0,0.0
2015-07-12 22:00:00,0.0,0.0,0.0,0.0,0.0,0.0,0.0,0.0,0.0,0.0,0.0,0.0,0.0,0.0,0.0,0.0,0.0
2015-07-12 23:00:00,0.0,0.0,0.0,0.0,0.0,0.0,0.0,0.0,0.0,0.0,0.0,0.0,0.0,0.0,0.0,0.0,0.0
2015-07-13 00:00:00,0.0,0.0,0.0,0.0,0.0,0.0,0.0,0.0,0.0,0.0,0.0,0.0,0.0,0.0,0.0,0.0,0.0
2015-07-13 01:00:00,0.0,0.0,0.0,0.0,0.0,0.0,0.0,0.0,0.0,0.0,0.0,0.0,0.0,0.0,0.0,0.0,0.0
2015-07-13 02:00:00,0.0,0.0,0.0,0.0,0.0,0.0,0.0,0.0,0.0,0.0,0.0,0.0,0.0,0.0,0.0,0.0,0.0
2015-07-13 03:00:00,0.0,0.0,0.0,0.0,0.0,0.0,0.0,0.0,0.0,0.0,0.003,0.0,0.0,0.0,0.001,0.0,0.0
2015-07-13 04:00:00,0.012,0.002,0.008,0.002,0.0,0.002,0.001,0.007,0.011,0.003,0.036,0.04,0.002,0.001,0.039,0.008,0.018
2015-07-13 05:00:00,0.052,0.007,0.077,0.018,0.007,0.014,0.012,0.062,0.021,0.016,0.109,0.136,0.022,0.012,0.11,0.05,0.07
2015-07-13 06:00:00,0.1,0.011,0.16,0.033,0.043,0.043,0.058,0.106,0.029,0.036,0.193,0.172,0.057,0.038,0.156,0.111,0.151
2015-07-13 07:00:00,0.155,0.021,0.194,0.085,0.173,0.14,0.153,0.261,0.053,0.091,0.367,0.148,0.082,0.074,0.307,0.092,0.22
2015-07-13 08:00:00,0.209,0.035,0.25,0.176,0.209,0.176,0.24,0.348,0.045,0.124,0.504,0.272,0.128,0.138,0.277,0.142,0.28
2015-07-13 09:00:00,0.263,0.085,0.314,0.223,0.315,0.208,0.258,0.302,0.073,0.188,0.439,0.361,0.079,0.252,0.244,0.228,0.4
2015-07-13 10:00:00,0.309,0.16,0.38,0.332,0.322,0.268,0.25,0.269,0.163,0.261,0.386,0.411,0.15,0.219,0.291,0.333,0.356
2015-07-13 11:00:00,0.299,0.185,0.374,0.257,0.291,0.364,0.217,0.223,0.131,0.202,0.307,0.415,0.246,0.226,0.22,0.354,0.345
2015-07-13 12:00:00,0.332,0.347,0.311,0.315,0.329,0.327,0.222,0.337,0.186,0.2,0.356,0.36,0.305,0.307,0.316,0.379,0.325
2015-07-13 13:00:00,0.292,0.343,0.302,0.269,0.326,0.245,0.233,0.261,0.265,0.207,0.252,0.292,0.264,0.291,0.239,0.329,0.281
2015-07-13 14:00:00,0.206,0.247,0.179,0.184,0.211,0.155,0.175,0.191,0.232,0.161,0.208,0.214,0.187,0.182,0.195,0.228,0.2
2015-07-13 15:00:00,0.128,0.15,0.101,0.116,0.166,0.104,0.111,0.116,0.11,0.106,0.134,0.115,0.103,0.113,0.135,0.133,0.126
2015-07-13 16:00:00,0.088,0.098,0.083,0.079,0.104,0.088,0.063,0.086,0.108,0.073,0.084,0.082,0.087,0.067,0.097,0.088,0.082
2015-07-13 17:00:00,0.06,0.064,0.054,0.05,0.077,0.057,0.05,0.057,0.085,0.045,0.057,0.055,0.066,0.042,0.064,0.059,0.066
2015-07-13 18:00:00,0.031,0.037,0.024,0.02,0.039,0.023,0.028,0.023,0.03,0.01,0.025,0.029,0.037,0.021,0.029,0.033,0.042
2015-07-13 19:00:00,0.005,0.004,0.004,0.0,0.009,0.002,0.001,0.002,0.003,0.0,0.001,0.008,0.002,0.0,0.002,0.005,0.012
2015-07-13 20:00:00,0.0,0.0,0.0,0.0,0.0,0.0,0.0,0.0,0.0,0.0,0.0,0.0,0.0,0.0,0.0,0.0,0.0
2015-07-13 21:00:00,0.0,0.0,0.0,0.0,0.0,0.0,0.0,0.0,0.0,0.0,0.0,0.0,0.0,0.0,0.0,0.0,0.0
2015-07-13 22:00:00,0.0,0.0,0.0,0.0,0.0,0.0,0.0,0.0,0.0,0.0,0.0,0.0,0.0,0.0,0.0,0.0,0.0
2015-07-13 23:00:00,0.0,0.0,0.0,0.0,0.0,0.0,0.0,0.0,0.0,0.0,0.0,0.0,0.0,0.0,0.0,0.0,0.0
2015-07-14 00:00:00,0.0,0.0,0.0,0.0,0.0,0.0,0.0,0.0,0.0,0.0,0.0,0.0,0.0,0.0,0.0,0.0,0.0
2015-07-14 01:00:00,0.0,0.0,0.0,0.0,0.0,0.0,0.0,0.0,0.0,0.0,0.0,0.0,0.0,0.0,0.0,0.0,0.0
2015-07-14 02:00:00,0.0,0.0,0.0,0.0,0.0,0.0,0.0,0.0,0.0,0.0,0.0,0.0,0.0,0.0,0.0,0.0,0.0
2015-07-14 03:00:00,0.0,0.0,0.0,0.0,0.0,0.0,0.0,0.0,0.0,0.0,0.003,0.0,0.0,0.0,0.0,0.0,0.0
2015-07-14 04:00:00,0.027,0.001,0.015,0.049,0.005,0.019,0.009,0.03,0.003,0.056,0.081,0.039,0.014,0.015,0.039,0.004,0.083
2015-07-14 05:00:00,0.083,0.017,0.051,0.082,0.04,0.059,0.043,0.091,0.007,0.106,0.17,0.152,0.02,0.069,0.107,0.038,0.247
2015-07-14 06:00:00,0.166,0.065,0.201,0.164,0.109,0.059,0.125,0.159,0.043,0.173,0.169,0.271,0.056,0.212,0.228,0.119,0.379
2015-07-14 07:00:00,0.248,0.203,0.37,0.173,0.301,0.082,0.355,0.253,0.042,0.316,0.272,0.393,0.074,0.173,0.273,0.187,0.361
2015-07-14 08:00:00,0.351,0.363,0.535,0.227,0.438,0.134,0.342,0.28,0.226,0.42,0.315,0.484,0.064,0.171,0.303,0.342,0.46
2015-07-14 09:00:00,0.385,0.402,0.566,0.333,0.38,0.191,0.246,0.333,0.388,0.419,0.307,0.502,0.127,0.175,0.322,0.429,0.438
2015-07-14 10:00:00,0.378,0.375,0.526,0.387,0.311,0.309,0.147,0.393,0.494,0.398,0.312,0.495,0.175,0.163,0.316,0.429,0.362
2015-07-14 11:00:00,0.362,0.314,0.435,0.425,0.226,0.407,0.36,0.399,0.281,0.339,0.336,0.449,0.371,0.201,0.333,0.421,0.316
2015-07-14 12:00:00,0.319,0.293,0.359,0.366,0.21,0.393,0.283,0.358,0.305,0.317,0.309,0.377,0.347,0.251,0.32,0.326,0.317
2015-07-14 13:00:00,0.216,0.175,0.202,0.238,0.11,0.275,0.23,0.257,0.193,0.216,0.254,0.306,0.21,0.23,0.257,0.193,0.244
2015-07-14 14:00:00,0.177,0.184,0.177,0.162,0.162,0.164,0.187,0.177,0.185,0.184,0.209,0.209,0.182,0.171,0.208,0.152,0.2
2015-07-14 15:00:00,0.107,0.113,0.106,0.086,0.095,0.099,0.097,0.097,0.114,0.111,0.125,0.094,0.098,0.09,0.122,0.112,0.116
2015-07-14 16:00:00,0.076,0.08,0.082,0.064,0.065,0.077,0.069,0.07,0.079,0.073,0.069,0.072,0.085,0.08,0.074,0.084,0.079
2015-07-14 17:00:00,0.05,0.048,0.061,0.046,0.041,0.047,0.051,0.052,0.051,0.05,0.056,0.054,0.051,0.057,0.059,0.047,0.052
2015-07-14 18:00:00,0.024,0.027,0.026,0.02,0.025,0.02,0.022,0.02,0.019,0.016,0.02,0.031,0.02,0.024,0.023,0.021,0.034
2015-07-14 19:00:00,0.003,0.001,0.005,0.0,0.002,0.001,0.0,0.001,0.0,0.0,0.001,0.009,0.0,0.0,0.003,0.003,0.01
2015-07-14 20:00:00,0.0,0.0,0.0,0.0,0.0,0.0,0.0,0.0,0.0,0.0,0.0,0.0,0.0,0.0,0.0,0.0,0.0
2015-07-14 21:00:00,0.0,0.0,0.0,0.0,0.0,0.0,0.0,0.0,0.0,0.0,0.0,0.0,0.0,0.0,0.0,0.0,0.0
2015-07-14 22:00:00,0.0,0.0,0.0,0.0,0.0,0.0,0.0,0.0,0.0,0.0,0.0,0.0,0.0,0.0,0.0,0.0,0.0
2015-07-14 23:00:00,0.0,0.0,0.0,0.0,0.0,0.0,0.0,0.0,0.0,0.0,0.0,0.0,0.0,0.0,0.0,0.0,0.0
2015-10-01 00:00:00,0.0,0.0,0.0,0.0,0.0,0.0,0.0,0.0,0.0,0.0,0.0,0.0,0.0,0.0,0.0,0.0,0.0
2015-10-01 01:00:00,0.0,0.0,0.0,0.0,0.0,0.0,0.0,0.0,0.0,0.0,0.0,0.0,0.0,0.0,0.0,0.0,0.0
2015-10-01 02:00:00,0.0,0.0,0.0,0.0,0.0,0.0,0.0,0.0,0.0,0.0,0.0,0.0,0.0,0.0,0.0,0.0,0.0
2015-10-01 03:00:00,0.0,0.0,0.0,0.0,0.0,0.0,0.0,0.0,0.0,0.0,0.0,0.0,0.0,0.0,0.0,0.0,0.0
2015-10-01 04:00:00,0.0,0.0,0.0,0.0,0.0,0.0,0.0,0.0,0.0,0.0,0.0,0.0,0.0,0.0,0.0,0.0,0.0
2015-10-01 05:00:00,0.0,0.0,0.0,0.0,0.0,0.0,0.0,0.0,0.0,0.0,0.0,0.0,0.0,0.0,0.0,0.0,0.0
2015-10-01 06:00:00,0.148,0.198,0.098,0.183,0.155,0.208,0.198,0.174,0.213,0.135,0.12,0.1,0.206,0.156,0.073,0.16,0.108
2015-10-01 07:00:00,0.267,0.346,0.205,0.288,0.244,0.356,0.241,0.261,0.394,0.248,0.215,0.252,0.385,0.314,0.23,0.254,0.266
2015-10-01 08:00:00,0.376,0.418,0.339,0.357,0.365,0.39,0.331,0.337,0.494,0.295,0.344,0.413,0.467,0.378,0.402,0.35,0.425
2015-10-01 09:00:00,0.461,0.463,0.471,0.408,0.464,0.449,0.399,0.425,0.523,0.401,0.415,0.45,0.505,0.432,0.474,0.481,0.491
2015-10-01 10:00:00,0.448,0.487,0.457,0.377,0.48,0.426,0.468,0.42,0.489,0.354,0.416,0.435,0.474,0.412,0.426,0.467,0.464
2015-10-01 11:00:00,0.375,0.416,0.382,0.323,0.409,0.364,0.399,0.358,0.408,0.29,0.339,0.352,0.403,0.35,0.335,0.394,0.386
2015-10-01 12:00:00,0.265,0.299,0.259,0.244,0.294,0.268,0.279,0.244,0.291,0.251,0.213,0.244,0.282,0.263,0.222,0.277,0.272
2015-10-01 13:00:00,0.128,0.158,0.114,0.141,0.151,0.137,0.136,0.106,0.157,0.168,0.07,0.103,0.142,0.156,0.08,0.134,0.134
2015-10-01 14:00:00,0.069,0.073,0.059,0.099,0.062,0.083,0.071,0.067,0.088,0.094,0.055,0.058,0.084,0.102,0.055,0.068,0.064
2015-10-01 15:00:00,0.048,0.056,0.043,0.055,0.048,0.054,0.05,0.043,0.065,0.05,0.037,0.042,0.059,0.062,0.038,0.048,0.047
2015-10-01 16:00:00,0.02,0.028,0.019,0.012,0.025,0.019,0.02,0.014,0.028,0.015,0.009,0.018,0.025,0.021,0.012,0.022,0.024
2015-10-01 17:00:00,0.0,0.0,0.0,0.0,0.0,0.0,0.0,0.0,0.0,0.0,0.0,0.0,0.0,0.0,0.0,0.0,0.0
2015-10-01 18:00:00,0.0,0.0,0.0,0.0,0.0,0.0,0.0,0.0,0.0,0.0,0.0,0.0,0.0,0.0,0.0,0.0,0.0
2015-10-01 19:00:00,0.0,0.0,0.0,0.0,0.0,0.0,0.0,0.0,0.0,0.0,0.0,0.0,0.0,0.0,0.0,0.0,0.0
2015-10-01 20:00:00,0.0,0.0,0.0,0.0,0.0,0.0,0.0,0.0,0.0,0.0,0.0,0.0,0.0,0.0,0.0,0.0,0.0
2015-10-01 21:00:00,0.0,0.0,0.0,0.0,0.0,0.0,0.0,0.0,0.0,0.0,0.0,0.0,0.0,0.0,0.0,0.0,0.0
2015-10-01 22:00:00,0.0,0.0,0.0,0.0,0.0,0.0,0.0,0.0,0.0,0.0,0.0,0.0,0.0,0.0,0.0,0.0,0.0
2015-10-01 23:00:00,0.0,0.0,0.0,0.0,0.0,0.0,0.0,0.0,0.0,0.0,0.0,0.0,0.0,0.0,0.0,0.0,0.0
2015-10-02 00:00:00,0.0,0.0,0.0,0.0,0.0,0.0,0.0,0.0,0.0,0.0,0.0,0.0,0.0,0.0,0.0,0.0,0.0
2015-10-02 01:00:00,0.0,0.0,0.0,0.0,0.0,0.0,0.0,0.0,0.0,0.0,0.0,0.0,0.0,0.0,0.0,0.0,0.0
2015-10-02 02:00:00,0.0,0.0,0.0,0.0,0.0,0.0,0.0,0.0,0.0,0.0,0.0,0.0,0.0,0.0,0.0,0.0,0.0
2015-10-02 03:00:00,0.0,0.0,0.0,0.0,0.0,0.0,0.0,0.0,0.0,0.0,0.0,0.0,0.0,0.0,0.0,0.0,0.0
2015-10-02 04:00:00,0.0,0.0,0.0,0.0,0.0,0.0,0.0,0.0,0.0,0.0,0.0,0.0,0.0,0.0,0.0,0.0,0.0
2015-10-02 05:00:00,0.0,0.0,0.0,0.0,0.0,0.0,0.0,0.0,0.0,0.0,0.0,0.0,0.0,0.0,0.0,0.0,0.0
2015-10-02 06:00:00,0.163,0.197,0.111,0.266,0.151,0.221,0.253,0.212,0.22,0.281,0.195,0.063,0.234,0.261,0.12,0.135,0.113
2015-10-02 07:00:00,0.316,0.381,0.245,0.427,0.316,0.39,0.437,0.349,0.405,0.45,0.294,0.162,0.419,0.431,0.158,0.333,0.256
2015-10-02 08:00:00,0.408,0.483,0.36,0.483,0.441,0.467,0.527,0.434,0.507,0.523,0.367,0.225,0.514,0.509,0.258,0.43,0.333
2015-10-02 09:00:00,0.435,0.527,0.401,0.494,0.488,0.481,0.539,0.457,0.528,0.531,0.395,0.277,0.529,0.522,0.251,0.452,0.38
2015-10-02 10:00:00,0.427,0.491,0.414,0.445,0.466,0.447,0.492,0.43,0.489,0.477,0.365,0.382,0.486,0.474,0.299,0.443,0.375
2015-10-02 11:00:00,0.364,0.412,0.348,0.362,0.386,0.379,0.399,0.36,0.403,0.379,0.324,0.335,0.397,0.384,0.3,0.372,0.344
2015-10-02 12:00:00,0.257,0.291,0.255,0.23,0.286,0.257,0.268,0.235,0.279,0.245,0.209,0.236,0.27,0.253,0.209,0.271,0.265
2015-10-02 13:00:00,0.122,0.143,0.139,0.083,0.152,0.108,0.116,0.097,0.132,0.093,0.077,0.113,0.12,0.101,0.09,0.134,0.147
2015-10-02 14:00:00,0.068,0.062,0.094,0.06,0.069,0.061,0.06,0.067,0.062,0.058,0.058,0.063,0.06,0.059,0.06,0.07,0.082
2015-10-02 15:00:00,0.048,0.047,0.063,0.04,0.051,0.043,0.043,0.045,0.045,0.04,0.041,0.044,0.044,0.042,0.04,0.05,0.06
2015-10-02 16:00:00,0.019,0.023,0.023,0.01,0.025,0.016,0.016,0.013,0.021,0.011,0.01,0.018,0.018,0.014,0.012,0.022,0.026
2015-10-02 17:00:00,0.0,0.0,0.0,0.0,0.0,0.0,0.0,0.0,0.0,0.0,0.0,0.0,0.0,0.0,0.0,0.0,0.0
2015-10-02 18:00:00,0.0,0.0,0.0,0.0,0.0,0.0,0.0,0.0,0.0,0.0,0.0,0.0,0.0,0.0,0.0,0.0,0.0
2015-10-02 19:00:00,0.0,0.0,0.0,0.0,0.0,0.0,0.0,0.0,0.0,0.0,0.0,0.0,0.0,0.0,0.0,0.0,0.0
2015-10-02 20:00:00,0.0,0.0,0.0,0.0,0.0,0.0,0.0,0.0,0.0,0.0,0.0,0.0,0.0,0.0,0.0,0.0,0.0
2015-10-02 21:00:00,0.0,0.0,0.0,0.0,0.0,0.0,0.0,0.0,0.0,0.0,0.0,0.0,0.0,0.0,0.0,0.0,0.0
2015-10-02 22:00:00,0.0,0.0,0.0,0.0,0.0,0.0,0.0,0.0,0.0,0.0,0.0,0.0,0.0,0.0,0.0,0.0,0.0
2015-10-02 23:00:00,0.0,0.0,0.0,0.0,0.0,0.0,0.0,0.0,0.0,0.0,0.0,0.0,0.0,0.0,0.0,0.0,0.0
2015-10-03 00:00:00,0.0,0.0,0.0,0.0,0.0,0.0,0.0,0.0,0.0,0.0,0.0,0.0,0.0,0.0,0.0,0.0,0.0
2015-10-03 01:00:00,0.0,0.0,0.0,0.0,0.0,0.0,0.0,0.0,0.0,0.0,0.0,0.0,0.0,0.0,0.0,0.0,0.0
2015-10-03 02:00:00,0.0,0.0,0.0,0.0,0.0,0.0,0.0,0.0,0.0,0.0,0.0,0.0,0.0,0.0,0.0,0.0,0.0
2015-10-03 03:00:00,0.0,0.0,0.0,0.0,0.0,0.0,0.0,0.0,0.0,0.0,0.0,0.0,0.0,0.0,0.0,0.0,0.0
2015-10-03 04:00:00,0.0,0.0,0.0,0.0,0.0,0.0,0.0,0.0,0.0,0.0,0.0,0.0,0.0,0.0,0.0,0.0,0.0
2015-10-03 05:00:00,0.0,0.0,0.0,0.0,0.0,0.0,0.0,0.0,0.0,0.0,0.0,0.0,0.0,0.0,0.0,0.0,0.0
2015-10-03 06:00:00,0.192,0.175,0.2,0.237,0.168,0.214,0.247,0.224,0.196,0.256,0.237,0.177,0.22,0.238,0.211,0.189,0.097
2015-10-03 07:00:00,0.347,0.354,0.357,0.39,0.352,0.387,0.43,0.37,0.37,0.423,0.373,0.326,0.399,0.411,0.317,0.362,0.186
2015-10-03 08:00:00,0.442,0.461,0.452,0.472,0.464,0.478,0.518,0.461,0.47,0.494,0.456,0.413,0.49,0.487,0.41,0.462,0.282
2015-10-03 09:00:00,0.462,0.49,0.476,0.474,0.494,0.488,0.528,0.474,0.492,0.501,0.423,0.431,0.506,0.497,0.389,0.488,0.36
2015-10-03 10:00:00,0.436,0.462,0.452,0.408,0.463,0.452,0.482,0.434,0.458,0.426,0.394,0.421,0.465,0.444,0.382,0.457,0.387
2015-10-03 11:00:00,0.362,0.384,0.369,0.334,0.385,0.366,0.39,0.35,0.377,0.351,0.322,0.351,0.378,0.363,0.325,0.376,0.356
2015-10-03 12:00:00,0.249,0.27,0.245,0.233,0.27,0.243,0.26,0.232,0.261,0.242,0.215,0.235,0.255,0.242,0.219,0.256,0.263
2015-10-03 13:00:00,0.113,0.14,0.102,0.117,0.133,0.1,0.11,0.098,0.133,0.099,0.087,0.098,0.114,0.097,0.087,0.116,0.128
2015-10-03 14:00:00,0.066,0.096,0.056,0.087,0.063,0.057,0.06,0.065,0.082,0.061,0.081,0.058,0.064,0.058,0.068,0.059,0.057
2015-10-03 15:00:00,0.048,0.077,0.04,0.048,0.053,0.042,0.045,0.041,0.062,0.04,0.055,0.039,0.05,0.041,0.044,0.048,0.043
2015-10-03 16:00:00,0.019,0.03,0.016,0.01,0.03,0.015,0.017,0.011,0.027,0.01,0.01,0.015,0.021,0.013,0.011,0.023,0.02
2015-10-03 17:00:00,0.0,0.0,0.0,0.0,0.0,0.0,0.0,0.0,0.0,0.0,0.0,0.0,0.0,0.0,0.0,0.0,0.0
2015-10-03 18:00:00,0.0,0.0,0.0,0.0,0.0,0.0,0.0,0.0,0.0,0.0,0.0,0.0,0.0,0.0,0.0,0.0,0.0
2015-10-03 19:00:00,0.0,0.0,0.0,0.0,0.0,0.0,0.0,0.0,0.0,0.0,0.0,0.0,0.0,0.0,0.0,0.0,0.0
2015-10-03 20:00:00,0.0,0.0,0.0,0.0,0.0,0.0,0.0,0.0,0.0,0.0,0.0,0.0,0.0,0.0,0.0,0.0,0.0
2015-10-03 21:00:00,0.0,0.0,0.0,0.0,0.0,0.0,0.0,0.0,0.0,0.0,0.0,0.0,0.0,0.0,0.0,0.0,0.0
2015-10-03 22:00:00,0.0,0.0,0.0,0.0,0.0,0.0,0.0,0.0,0.0,0.0,0.0,0.0,0.0,0.0,0.0,0.0,0.0
2015-10-03 23:00:00,0.0,0.0,0.0,0.0,0.0,0.0,0.0,0.0,0.0,0.0,0.0,0.0,0.0,0.0,0.0,0.0,0.0
2015-10-04 00:00:00,0.0,0.0,0.0,0.0,0.0,0.0,0.0,0.0,0.0,0.0,0.0,0.0,0.0,0.0,0.0,0.0,0.0
2015-10-04 01:00:00,0.0,0.0,0.0,0.0,0.0,0.0,0.0,0.0,0.0,0.0,0.0,0.0,0.0,0.0,0.0,0.0,0.0
2015-10-04 02:00:00,0.0,0.0,0.0,0.0,0.0,0.0,0.0,0.0,0.0,0.0,0.0,0.0,0.0,0.0,0.0,0.0,0.0
2015-10-04 03:00:00,0.0,0.0,0.0,0.0,0.0,0.0,0.0,0.0,0.0,0.0,0.0,0.0,0.0,0.0,0.0,0.0,0.0
2015-10-04 04:00:00,0.0,0.0,0.0,0.0,0.0,0.0,0.0,0.0,0.0,0.0,0.0,0.0,0.0,0.0,0.0,0.0,0.0
2015-10-04 05:00:00,0.0,0.0,0.0,0.0,0.0,0.0,0.0,0.0,0.0,0.0,0.0,0.0,0.0,0.0,0.0,0.0,0.0
2015-10-04 06:00:00,0.127,0.133,0.119,0.236,0.113,0.188,0.216,0.155,0.16,0.231,0.146,0.021,0.189,0.215,0.053,0.138,0.039
2015-10-04 07:00:00,0.291,0.285,0.297,0.394,0.302,0.35,0.39,0.342,0.302,0.395,0.293,0.156,0.344,0.387,0.158,0.324,0.187
2015-10-04 08:00:00,0.383,0.392,0.42,0.466,0.37,0.441,0.479,0.438,0.401,0.471,0.404,0.285,0.449,0.47,0.283,0.413,0.231
2015-10-04 09:00:00,0.431,0.436,0.452,0.473,0.446,0.459,0.496,0.459,0.43,0.483,0.442,0.375,0.464,0.478,0.356,0.448,0.346
2015-10-04 10:00:00,0.409,0.43,0.421,0.422,0.432,0.423,0.443,0.416,0.429,0.436,0.399,0.38,0.431,0.438,0.355,0.413,0.371
2015-10-04 11:00:00,0.335,0.363,0.337,0.331,0.369,0.345,0.362,0.328,0.363,0.346,0.306,0.309,0.359,0.349,0.288,0.339,0.315
2015-10-04 12:00:00,0.229,0.261,0.226,0.207,0.26,0.229,0.247,0.211,0.257,0.222,0.189,0.218,0.245,0.227,0.202,0.232,0.235
2015-10-04 13:00:00,0.108,0.143,0.098,0.07,0.137,0.095,0.12,0.08,0.131,0.082,0.063,0.102,0.12,0.091,0.081,0.113,0.134
2015-10-04 14:00:00,0.069,0.09,0.06,0.054,0.079,0.067,0.076,0.065,0.078,0.056,0.059,0.068,0.079,0.067,0.066,0.063,0.08
2015-10-04 15:00:00,0.049,0.074,0.041,0.036,0.066,0.05,0.045,0.043,0.063,0.037,0.036,0.045,0.053,0.042,0.041,0.049,0.05
2015-10-04 16:00:00,0.018,0.025,0.014,0.007,0.033,0.013,0.014,0.009,0.021,0.01,0.005,0.016,0.015,0.01,0.008,0.022,0.022
2015-10-04 17:00:00,0.0,0.0,0.0,0.0,0.0,0.0,0.0,0.0,0.0,0.0,0.0,0.0,0.0,0.0,0.0,0.0,0.0
2015-10-04 18:00:00,0.0,0.0,0.0,0.0,0.0,0.0,0.0,0.0,0.0,0.0,0.0,0.0,0.0,0.0,0.0,0.0,0.0
2015-10-04 19:00:00,0.0,0.0,0.0,0.0,0.0,0.0,0.0,0.0,0.0,0.0,0.0,0.0,0.0,0.0,0.0,0.0,0.0
2015-10-04 20:00:00,0.0,0.0,0.0,0.0,0.0,0.0,0.0,0.0,0.0,0.0,0.0,0.0,0.0,0.0,0.0,0.0,0.0
2015-10-04 21:00:00,0.0,0.0,0.0,0.0,0.0,0.0,0.0,0.0,0.0,0.0,0.0,0.0,0.0,0.0,0.0,0.0,0.0
2015-10-04 22:00:00,0.0,0.0,0.0,0.0,0.0,0.0,0.0,0.0,0.0,0.0,0.0,0.0,0.0,0.0,0.0,0.0,0.0
2015-10-04 23:00:00,0.0,0.0,0.0,0.0,0.0,0.0,0.0,0.0,0.0,0.0,0.0,0.0,0.0,0.0,0.0,0.0,0.0
2015-10-05 00:00:00,0.0,0.0,0.0,0.0,0.0,0.0,0.0,0.0,0.0,0.0,0.0,0.0,0.0,0.0,0.0,0.0,0.0
2015-10-05 01:00:00,0.0,0.0,0.0,0.0,0.0,0.0,0.0,0.0,0.0,0.0,0.0,0.0,0.0,0.0,0.0,0.0,0.0
2015-10-05 02:00:00,0.0,0.0,0.0,0.0,0.0,0.0,0.0,0.0,0.0,0.0,0.0,0.0,0.0,0.0,0.0,0.0,0.0
2015-10-05 03:00:00,0.0,0.0,0.0,0.0,0.0,0.0,0.0,0.0,0.0,0.0,0.0,0.0,0.0,0.0,0.0,0.0,0.0
2015-10-05 04:00:00,0.0,0.0,0.0,0.0,0.0,0.0,0.0,0.0,0.0,0.0,0.0,0.0,0.0,0.0,0.0,0.0,0.0
2015-10-05 05:00:00,0.0,0.0,0.0,0.0,0.0,0.0,0.0,0.0,0.0,0.0,0.0,0.0,0.0,0.0,0.0,0.0,0.0
2015-10-05 06:00:00,0.095,0.144,0.066,0.118,0.105,0.136,0.051,0.118,0.104,0.083,0.156,0.034,0.085,0.115,0.108,0.093,0.041
2015-10-05 07:00:00,0.183,0.243,0.085,0.23,0.248,0.313,0.101,0.269,0.247,0.16,0.296,0.07,0.181,0.198,0.16,0.16,0.1
2015-10-05 08:00:00,0.277,0.366,0.159,0.273,0.371,0.421,0.193,0.36,0.325,0.228,0.347,0.112,0.309,0.287,0.213,0.285,0.187
2015-10-05 09:00:00,0.332,0.441,0.23,0.321,0.421,0.462,0.222,0.414,0.379,0.272,0.388,0.153,0.354,0.371,0.257,0.355,0.227
2015-10-05 10:00:00,0.349,0.444,0.254,0.34,0.423,0.429,0.301,0.398,0.419,0.316,0.372,0.187,0.365,0.384,0.281,0.375,0.28
2015-10-05 11:00:00,0.286,0.377,0.23,0.272,0.345,0.343,0.198,0.321,0.367,0.23,0.3,0.169,0.306,0.297,0.229,0.304,0.23
2015-10-05 12:00:00,0.212,0.261,0.198,0.203,0.24,0.229,0.179,0.207,0.254,0.192,0.189,0.165,0.227,0.203,0.164,0.234,0.182
2015-10-05 13:00:00,0.115,0.129,0.123,0.104,0.134,0.097,0.102,0.092,0.116,0.119,0.085,0.113,0.109,0.102,0.094,0.117,0.145
2015-10-05 14:00:00,0.072,0.066,0.08,0.078,0.067,0.062,0.075,0.07,0.06,0.093,0.066,0.08,0.062,0.073,0.063,0.071,0.087
2015-10-05 15:00:00,0.044,0.048,0.056,0.048,0.045,0.039,0.04,0.04,0.042,0.048,0.038,0.044,0.04,0.04,0.031,0.045,0.05
2015-10-05 16:00:00,0.013,0.019,0.013,0.007,0.02,0.012,0.008,0.008,0.016,0.008,0.005,0.008,0.012,0.008,0.003,0.016,0.018
2015-10-05 17:00:00,0.0,0.0,0.0,0.0,0.0,0.0,0.0,0.0,0.0,0.0,0.0,0.0,0.0,0.0,0.0,0.0,0.0
2015-10-05 18:00:00,0.0,0.0,0.0,0.0,0.0,0.0,0.0,0.0,0.0,0.0,0.0,0.0,0.0,0.0,0.0,0.0,0.0
2015-10-05 19:00:00,0.0,0.0,0.0,0.0,0.0,0.0,0.0,0.0,0.0,0.0,0.0,0.0,0.0,0.0,0.0,0.0,0.0
2015-10-05 20:00:00,0.0,0.0,0.0,0.0,0.0,0.0,0.0,0.0,0.0,0.0,0.0,0.0,0.0,0.0,0.0,0.0,0.0
2015-10-05 21:00:00,0.0,0.0,0.0,0.0,0.0,0.0,0.0,0.0,0.0,0.0,0.0,0.0,0.0,0.0,0.0,0.0,0.0
2015-10-05 22:00:00,0.0,0.0,0.0,0.0,0.0,0.0,0.0,0.0,0.0,0.0,0.0,0.0,0.0,0.0,0.0,0.0,0.0
2015-10-05 23:00:00,0.0,0.0,0.0,0.0,0.0,0.0,0.0,0.0,0.0,0.0,0.0,0.0,0.0,0.0,0.0,0.0,0.0
2015-10-06 00:00:00,0.0,0.0,0.0,0.0,0.0,0.0,0.0,0.0,0.0,0.0,0.0,0.0,0.0,0.0,0.0,0.0,0.0
2015-10-06 01:00:00,0.0,0.0,0.0,0.0,0.0,0.0,0.0,0.0,0.0,0.0,0.0,0.0,0.0,0.0,0.0,0.0,0.0
2015-10-06 02:00:00,0.0,0.0,0.0,0.0,0.0,0.0,0.0,0.0,0.0,0.0,0.0,0.0,0.0,0.0,0.0,0.0,0.0
2015-10-06 03:00:00,0.0,0.0,0.0,0.0,0.0,0.0,0.0,0.0,0.0,0.0,0.0,0.0,0.0,0.0,0.0,0.0,0.0
2015-10-06 04:00:00,0.0,0.0,0.0,0.0,0.0,0.0,0.0,0.0,0.0,0.0,0.0,0.0,0.0,0.0,0.0,0.0,0.0
2015-10-06 05:00:00,0.0,0.0,0.0,0.0,0.0,0.0,0.0,0.0,0.0,0.0,0.0,0.0,0.0,0.0,0.0,0.0,0.0
2015-10-06 06:00:00,0.075,0.067,0.014,0.118,0.047,0.122,0.1,0.042,0.153,0.098,0.015,0.081,0.164,0.163,0.069,0.095,0.031
2015-10-06 07:00:00,0.123,0.197,0.021,0.073,0.173,0.178,0.109,0.045,0.249,0.077,0.058,0.137,0.112,0.068,0.063,0.167,0.087
2015-10-06 08:00:00,0.195,0.306,0.071,0.112,0.268,0.222,0.196,0.066,0.339,0.157,0.093,0.173,0.204,0.121,0.103,0.27,0.171
2015-10-06 09:00:00,0.247,0.366,0.087,0.142,0.335,0.269,0.274,0.112,0.426,0.194,0.156,0.228,0.296,0.202,0.178,0.303,0.231
2015-10-06 10:00:00,0.252,0.322,0.113,0.17,0.317,0.295,0.338,0.123,0.387,0.238,0.188,0.232,0.384,0.245,0.216,0.3,0.206
2015-10-06 11:00:00,0.225,0.275,0.113,0.157,0.26,0.25,0.318,0.148,0.338,0.238,0.135,0.213,0.329,0.242,0.19,0.262,0.198
2015-10-06 12:00:00,0.173,0.22,0.091,0.122,0.211,0.165,0.233,0.097,0.247,0.178,0.115,0.151,0.23,0.173,0.135,0.211,0.166
2015-10-06 13:00:00,0.115,0.143,0.087,0.094,0.153,0.114,0.138,0.071,0.159,0.104,0.082,0.094,0.129,0.12,0.073,0.131,0.121
2015-10-06 14:00:00,0.079,0.098,0.062,0.053,0.109,0.082,0.092,0.049,0.102,0.07,0.057,0.061,0.096,0.077,0.059,0.087,0.084
2015-10-06 15:00:00,0.047,0.057,0.026,0.02,0.063,0.043,0.05,0.023,0.061,0.037,0.03,0.039,0.06,0.04,0.038,0.061,0.051
2015-10-06 16:00:00,0.011,0.014,0.003,0.002,0.019,0.007,0.013,0.002,0.017,0.005,0.004,0.008,0.015,0.006,0.006,0.017,0.016
2015-10-06 17:00:00,0.0,0.0,0.0,0.0,0.0,0.0,0.0,0.0,0.0,0.0,0.0,0.0,0.0,0.0,0.0,0.0,0.0
2015-10-06 18:00:00,0.0,0.0,0.0,0.0,0.0,0.0,0.0,0.0,0.0,0.0,0.0,0.0,0.0,0.0,0.0,0.0,0.0
2015-10-06 19:00:00,0.0,0.0,0.0,0.0,0.0,0.0,0.0,0.0,0.0,0.0,0.0,0.0,0.0,0.0,0.0,0.0,0.0
2015-10-06 20:00:00,0.0,0.0,0.0,0.0,0.0,0.0,0.0,0.0,0.0,0.0,0.0,0.0,0.0,0.0,0.0,0.0,0.0
2015-10-06 21:00:00,0.0,0.0,0.0,0.0,0.0,0.0,0.0,0.0,0.0,0.0,0.0,0.0,0.0,0.0,0.0,0.0,0.0
2015-10-06 22:00:00,0.0,0.0,0.0,0.0,0.0,0.0,0.0,0.0,0.0,0.0,0.0,0.0,0.0,0.0,0.0,0.0,0.0
2015-10-06 23:00:00,0.0,0.0,0.0,0.0,0.0,0.0,0.0,0.0,0.0,0.0,0.0,0.0,0.0,0.0,0.0,0.0,0.0
2015-10-07 00:00:00,0.0,0.0,0.0,0.0,0.0,0.0,0.0,0.0,0.0,0.0,0.0,0.0,0.0,0.0,0.0,0.0,0.0
2015-10-07 01:00:00,0.0,0.0,0.0,0.0,0.0,0.0,0.0,0.0,0.0,0.0,0.0,0.0,0.0,0.0,0.0,0.0,0.0
2015-10-07 02:00:00,0.0,0.0,0.0,0.0,0.0,0.0,0.0,0.0,0.0,0.0,0.0,0.0,0.0,0.0,0.0,0.0,0.0
2015-10-07 03:00:00,0.0,0.0,0.0,0.0,0.0,0.0,0.0,0.0,0.0,0.0,0.0,0.0,0.0,0.0,0.0,0.0,0.0
2015-10-07 04:00:00,0.0,0.0,0.0,0.0,0.0,0.0,0.0,0.0,0.0,0.0,0.0,0.0,0.0,0.0,0.0,0.0,0.0
2015-10-07 05:00:00,0.0,0.0,0.0,0.0,0.0,0.0,0.0,0.0,0.0,0.0,0.0,0.0,0.0,0.0,0.0,0.0,0.0
2015-10-07 06:00:00,0.065,0.017,0.043,0.148,0.013,0.031,0.024,0.138,0.019,0.013,0.251,0.126,0.024,0.024,0.22,0.017,0.017
2015-10-07 07:00:00,0.13,0.038,0.077,0.284,0.036,0.045,0.046,0.244,0.037,0.023,0.422,0.217,0.055,0.022,0.368,0.061,0.11
2015-10-07 08:00:00,0.189,0.062,0.181,0.386,0.053,0.083,0.077,0.334,0.057,0.054,0.498,0.334,0.076,0.047,0.465,0.105,0.181
2015-10-07 09:00:00,0.225,0.079,0.262,0.452,0.079,0.132,0.088,0.39,0.089,0.094,0.499,0.381,0.091,0.087,0.479,0.137,0.216
2015-10-07 10:00:00,0.252,0.099,0.277,0.409,0.131,0.195,0.13,0.389,0.132,0.141,0.441,0.387,0.154,0.133,0.434,0.19,0.293
2015-10-07 11:00:00,0.237,0.115,0.279,0.349,0.135,0.206,0.138,0.337,0.18,0.171,0.337,0.337,0.161,0.188,0.342,0.195,0.282
2015-10-07 12:00:00,0.181,0.107,0.217,0.216,0.121,0.192,0.133,0.227,0.141,0.155,0.2,0.236,0.16,0.187,0.211,0.165,0.22
2015-10-07 13:00:00,0.103,0.083,0.122,0.081,0.082,0.121,0.133,0.086,0.108,0.116,0.071,0.108,0.137,0.127,0.069,0.117,0.123
2015-10-07 14:00:00,0.074,0.061,0.083,0.063,0.069,0.096,0.091,0.07,0.082,0.086,0.053,0.073,0.087,0.094,0.053,0.08,0.082
2015-10-07 15:00:00,0.045,0.041,0.047,0.041,0.047,0.054,0.052,0.045,0.049,0.044,0.033,0.047,0.048,0.056,0.035,0.043,0.055
2015-10-07 16:00:00,0.011,0.011,0.013,0.007,0.013,0.013,0.012,0.009,0.013,0.008,0.004,0.014,0.014,0.011,0.007,0.012,0.016
2015-10-07 17:00:00,0.0,0.0,0.0,0.0,0.0,0.0,0.0,0.0,0.0,0.0,0.0,0.0,0.0,0.0,0.0,0.0,0.0
2015-10-07 18:00:00,0.0,0.0,0.0,0.0,0.0,0.0,0.0,0.0,0.0,0.0,0.0,0.0,0.0,0.0,0.0,0.0,0.0
2015-10-07 19:00:00,0.0,0.0,0.0,0.0,0.0,0.0,0.0,0.0,0.0,0.0,0.0,0.0,0.0,0.0,0.0,0.0,0.0
2015-10-07 20:00:00,0.0,0.0,0.0,0.0,0.0,0.0,0.0,0.0,0.0,0.0,0.0,0.0,0.0,0.0,0.0,0.0,0.0
2015-10-07 21:00:00,0.0,0.0,0.0,0.0,0.0,0.0,0.0,0.0,0.0,0.0,0.0,0.0,0.0,0.0,0.0,0.0,0.0
2015-10-07 22:00:00,0.0,0.0,0.0,0.0,0.0,0.0,0.0,0.0,0.0,0.0,0.0,0.0,0.0,0.0,0.0,0.0,0.0
2015-10-07 23:00:00,0.0,0.0,0.0,0.0,0.0,0.0,0.0,0.0,0.0,0.0,0.0,0.0,0.0,0.0,0.0,0.0,0.0
2015-10-08 00:00:00,0.0,0.0,0.0,0.0,0.0,0.0,0.0,0.0,0.0,0.0,0.0,0.0,0.0,0.0,0.0,0.0,0.0
2015-10-08 01:00:00,0.0,0.0,0.0,0.0,0.0,0.0,0.0,0.0,0.0,0.0,0.0,0.0,0.0,0.0,0.0,0.0,0.0
2015-10-08 02:00:00,0.0,0.0,0.0,0.0,0.0,0.0,0.0,0.0,0.0,0.0,0.0,0.0,0.0,0.0,0.0,0.0,0.0
2015-10-08 03:00:00,0.0,0.0,0.0,0.0,0.0,0.0,0.0,0.0,0.0,0.0,0.0,0.0,0.0,0.0,0.0,0.0,0.0
2015-10-08 04:00:00,0.0,0.0,0.0,0.0,0.0,0.0,0.0,0.0,0.0,0.0,0.0,0.0,0.0,0.0,0.0,0.0,0.0
2015-10-08 05:00:00,0.0,0.0,0.0,0.0,0.0,0.0,0.0,0.0,0.0,0.0,0.0,0.0,0.0,0.0,0.0,0.0,0.0
2015-10-08 06:00:00,0.109,0.067,0.128,0.122,0.02,0.152,0.137,0.15,0.136,0.178,0.238,0.092,0.146,0.182,0.203,0.098,0.014
2015-10-08 07:00:00,0.233,0.171,0.229,0.306,0.059,0.272,0.314,0.332,0.271,0.308,0.42,0.239,0.309,0.341,0.389,0.221,0.059
2015-10-08 08:00:00,0.318,0.201,0.354,0.402,0.132,0.348,0.405,0.418,0.355,0.375,0.493,0.358,0.364,0.423,0.477,0.297,0.19
2015-10-08 09:00:00,0.372,0.217,0.442,0.426,0.234,0.414,0.44,0.462,0.348,0.421,0.496,0.403,0.39,0.463,0.479,0.35,0.316
2015-10-08 10:00:00,0.365,0.203,0.434,0.41,0.245,0.411,0.404,0.432,0.291,0.37,0.438,0.397,0.338,0.432,0.438,0.367,0.356
2015-10-08 11:00:00,0.308,0.196,0.363,0.337,0.223,0.348,0.277,0.351,0.257,0.303,0.334,0.344,0.286,0.348,0.339,0.319,0.313
2015-10-08 12:00:00,0.214,0.165,0.238,0.217,0.195,0.225,0.21,0.22,0.168,0.203,0.192,0.225,0.188,0.229,0.203,0.229,0.236
2015-10-08 13:00:00,0.102,0.108,0.092,0.086,0.137,0.088,0.106,0.071,0.102,0.12,0.065,0.085,0.1,0.111,0.069,0.111,0.126
2015-10-08 14:00:00,0.069,0.073,0.059,0.065,0.095,0.06,0.07,0.055,0.061,0.077,0.051,0.06,0.065,0.074,0.052,0.068,0.086
2015-10-08 15:00:00,0.044,0.045,0.04,0.033,0.059,0.039,0.036,0.035,0.04,0.037,0.031,0.039,0.043,0.04,0.033,0.046,0.059
2015-10-08 16:00:00,0.011,0.011,0.011,0.004,0.014,0.009,0.006,0.006,0.007,0.004,0.003,0.011,0.008,0.006,0.005,0.013,0.02
2015-10-08 17:00:00,0.0,0.0,0.0,0.0,0.0,0.0,0.0,0.0,0.0,0.0,0.0,0.0,0.0,0.0,0.0,0.0,0.0
2015-10-08 18:00:00,0.0,0.0,0.0,0.0,0.0,0.0,0.0,0.0,0.0,0.0,0.0,0.0,0.0,0.0,0.0,0.0,0.0
2015-10-08 19:00:00,0.0,0.0,0.0,0.0,0.0,0.0,0.0,0.0,0.0,0.0,0.0,0.0,0.0,0.0,0.0,0.0,0.0
2015-10-08 20:00:00,0.0,0.0,0.0,0.0,0.0,0.0,0.0,0.0,0.0,0.0,0.0,0.0,0.0,0.0,0.0,0.0,0.0
2015-10-08 21:00:00,0.0,0.0,0.0,0.0,0.0,0.0,0.0,0.0,0.0,0.0,0.0,0.0,0.0,0.0,0.0,0.0,0.0
2015-10-08 22:00:00,0.0,0.0,0.0,0.0,0.0,0.0,0.0,0.0,0.0,0.0,0.0,0.0,0.0,0.0,0.0,0.0,0.0
2015-10-08 23:00:00,0.0,0.0,0.0,0.0,0.0,0.0,0.0,0.0,0.0,0.0,0.0,0.0,0.0,0.0,0.0,0.0,0.0
2015-10-09 00:00:00,0.0,0.0,0.0,0.0,0.0,0.0,0.0,0.0,0.0,0.0,0.0,0.0,0.0,0.0,0.0,0.0,0.0
2015-10-09 01:00:00,0.0,0.0,0.0,0.0,0.0,0.0,0.0,0.0,0.0,0.0,0.0,0.0,0.0,0.0,0.0,0.0,0.0
2015-10-09 02:00:00,0.0,0.0,0.0,0.0,0.0,0.0,0.0,0.0,0.0,0.0,0.0,0.0,0.0,0.0,0.0,0.0,0.0
2015-10-09 03:00:00,0.0,0.0,0.0,0.0,0.0,0.0,0.0,0.0,0.0,0.0,0.0,0.0,0.0,0.0,0.0,0.0,0.0
2015-10-09 04:00:00,0.0,0.0,0.0,0.0,0.0,0.0,0.0,0.0,0.0,0.0,0.0,0.0,0.0,0.0,0.0,0.0,0.0
2015-10-09 05:00:00,0.0,0.0,0.0,0.0,0.0,0.0,0.0,0.0,0.0,0.0,0.0,0.0,0.0,0.0,0.0,0.0,0.0
2015-10-09 06:00:00,0.113,0.026,0.14,0.242,0.057,0.188,0.06,0.217,0.019,0.21,0.165,0.1,0.063,0.216,0.181,0.073,0.069
2015-10-09 07:00:00,0.257,0.102,0.294,0.422,0.15,0.382,0.137,0.385,0.159,0.391,0.251,0.176,0.215,0.397,0.297,0.275,0.189
2015-10-09 08:00:00,0.361,0.236,0.404,0.5,0.367,0.469,0.217,0.465,0.234,0.479,0.26,0.323,0.304,0.487,0.358,0.38,0.26
2015-10-09 09:00:00,0.397,0.313,0.442,0.499,0.429,0.491,0.252,0.476,0.285,0.49,0.302,0.376,0.375,0.508,0.4,0.397,0.316
2015-10-09 10:00:00,0.383,0.391,0.402,0.444,0.412,0.454,0.273,0.425,0.317,0.451,0.312,0.362,0.34,0.457,0.341,0.391,0.317
2015-10-09 11:00:00,0.329,0.338,0.334,0.344,0.361,0.361,0.23,0.343,0.281,0.358,0.269,0.308,0.302,0.365,0.288,0.344,0.311
2015-10-09 12:00:00,0.232,0.248,0.234,0.212,0.264,0.234,0.15,0.217,0.212,0.219,0.199,0.214,0.215,0.231,0.203,0.246,0.248
2015-10-09 13:00:00,0.119,0.141,0.12,0.074,0.148,0.126,0.069,0.079,0.11,0.074,0.121,0.108,0.102,0.083,0.105,0.138,0.128
2015-10-09 14:00:00,0.081,0.089,0.085,0.057,0.087,0.093,0.052,0.064,0.077,0.056,0.084,0.082,0.073,0.071,0.073,0.096,0.069
2015-10-09 15:00:00,0.052,0.058,0.053,0.035,0.058,0.056,0.03,0.041,0.055,0.035,0.045,0.052,0.045,0.047,0.046,0.058,0.055
2015-10-09 16:00:00,0.013,0.018,0.012,0.004,0.021,0.011,0.005,0.007,0.015,0.005,0.003,0.011,0.011,0.008,0.005,0.016,0.019
2015-10-09 17:00:00,0.0,0.0,0.0,0.0,0.0,0.0,0.0,0.0,0.0,0.0,0.0,0.0,0.0,0.0,0.0,0.0,0.0
2015-10-09 18:00:00,0.0,0.0,0.0,0.0,0.0,0.0,0.0,0.0,0.0,0.0,0.0,0.0,0.0,0.0,0.0,0.0,0.0
2015-10-09 19:00:00,0.0,0.0,0.0,0.0,0.0,0.0,0.0,0.0,0.0,0.0,0.0,0.0,0.0,0.0,0.0,0.0,0.0
2015-10-09 20:00:00,0.0,0.0,0.0,0.0,0.0,0.0,0.0,0.0,0.0,0.0,0.0,0.0,0.0,0.0,0.0,0.0,0.0
2015-10-09 21:00:00,0.0,0.0,0.0,0.0,0.0,0.0,0.0,0.0,0.0,0.0,0.0,0.0,0.0,0.0,0.0,0.0,0.0
2015-10-09 22:00:00,0.0,0.0,0.0,0.0,0.0,0.0,0.0,0.0,0.0,0.0,0.0,0.0,0.0,0.0,0.0,0.0,0.0
2015-10-09 23:00:00,0.0,0.0,0.0,0.0,0.0,0.0,0.0,0.0,0.0,0.0,0.0,0.0,0.0,0.0,0.0,0.0,0.0
2015-10-10 00:00:00,0.0,0.0,0.0,0.0,0.0,0.0,0.0,0.0,0.0,0.0,0.0,0.0,0.0,0.0,0.0,0.0,0.0
2015-10-10 01:00:00,0.0,0.0,0.0,0.0,0.0,0.0,0.0,0.0,0.0,0.0,0.0,0.0,0.0,0.0,0.0,0.0,0.0
2015-10-10 02:00:00,0.0,0.0,0.0,0.0,0.0,0.0,0.0,0.0,0.0,0.0,0.0,0.0,0.0,0.0,0.0,0.0,0.0
2015-10-10 03:00:00,0.0,0.0,0.0,0.0,0.0,0.0,0.0,0.0,0.0,0.0,0.0,0.0,0.0,0.0,0.0,0.0,0.0
2015-10-10 04:00:00,0.0,0.0,0.0,0.0,0.0,0.0,0.0,0.0,0.0,0.0,0.0,0.0,0.0,0.0,0.0,0.0,0.0
2015-10-10 05:00:00,0.0,0.0,0.0,0.0,0.0,0.0,0.0,0.0,0.0,0.0,0.0,0.0,0.0,0.0,0.0,0.0,0.0
2015-10-10 06:00:00,0.159,0.146,0.172,0.249,0.103,0.193,0.108,0.218,0.164,0.243,0.208,0.145,0.164,0.225,0.188,0.129,0.12
2015-10-10 07:00:00,0.315,0.33,0.348,0.428,0.302,0.353,0.215,0.398,0.33,0.414,0.323,0.209,0.282,0.407,0.283,0.287,0.298
2015-10-10 08:00:00,0.42,0.424,0.465,0.506,0.44,0.463,0.292,0.487,0.397,0.494,0.321,0.337,0.382,0.501,0.349,0.415,0.426
2015-10-10 09:00:00,0.458,0.48,0.49,0.51,0.492,0.49,0.314,0.494,0.41,0.507,0.391,0.375,0.415,0.517,0.37,0.47,0.471
2015-10-10 10:00:00,0.433,0.466,0.449,0.454,0.464,0.462,0.319,0.443,0.437,0.455,0.356,0.362,0.401,0.461,0.35,0.455,0.444
2015-10-10 11:00:00,0.348,0.386,0.361,0.35,0.384,0.351,0.265,0.346,0.339,0.354,0.268,0.295,0.321,0.365,0.275,0.371,0.366
2015-10-10 12:00:00,0.231,0.265,0.23,0.209,0.263,0.233,0.194,0.213,0.235,0.22,0.185,0.195,0.222,0.229,0.193,0.247,0.244
2015-10-10 13:00:00,0.096,0.114,0.078,0.069,0.115,0.08,0.097,0.078,0.115,0.076,0.12,0.101,0.094,0.074,0.096,0.095,0.098
2015-10-10 14:00:00,0.061,0.059,0.054,0.056,0.057,0.056,0.076,0.061,0.063,0.059,0.088,0.073,0.058,0.058,0.071,0.056,0.055
2015-10-10 15:00:00,0.038,0.042,0.036,0.034,0.041,0.037,0.044,0.037,0.043,0.034,0.041,0.039,0.039,0.036,0.035,0.039,0.039
2015-10-10 16:00:00,0.009,0.014,0.008,0.003,0.015,0.007,0.008,0.005,0.011,0.004,0.002,0.007,0.009,0.006,0.004,0.011,0.013
2015-10-10 17:00:00,0.0,0.0,0.0,0.0,0.0,0.0,0.0,0.0,0.0,0.0,0.0,0.0,0.0,0.0,0.0,0.0,0.0
2015-10-10 18:00:00,0.0,0.0,0.0,0.0,0.0,0.0,0.0,0.0,0.0,0.0,0.0,0.0,0.0,0.0,0.0,0.0,0.0
2015-10-10 19:00:00,0.0,0.0,0.0,0.0,0.0,0.0,0.0,0.0,0.0,0.0,0.0,0.0,0.0,0.0,0.0,0.0,0.0
2015-10-10 20:00:00,0.0,0.0,0.0,0.0,0.0,0.0,0.0,0.0,0.0,0.0,0.0,0.0,0.0,0.0,0.0,0.0,0.0
2015-10-10 21:00:00,0.0,0.0,0.0,0.0,0.0,0.0,0.0,0.0,0.0,0.0,0.0,0.0,0.0,0.0,0.0,0.0,0.0
2015-10-10 22:00:00,0.0,0.0,0.0,0.0,0.0,0.0,0.0,0.0,0.0,0.0,0.0,0.0,0.0,0.0,0.0,0.0,0.0
2015-10-10 23:00:00,0.0,0.0,0.0,0.0,0.0,0.0,0.0,0.0,0.0,0.0,0.0,0.0,0.0,0.0,0.0,0.0,0.0
2015-10-11 00:00:00,0.0,0.0,0.0,0.0,0.0,0.0,0.0,0.0,0.0,0.0,0.0,0.0,0.0,0.0,0.0,0.0,0.0
2015-10-11 01:00:00,0.0,0.0,0.0,0.0,0.0,0.0,0.0,0.0,0.0,0.0,0.0,0.0,0.0,0.0,0.0,0.0,0.0
2015-10-11 02:00:00,0.0,0.0,0.0,0.0,0.0,0.0,0.0,0.0,0.0,0.0,0.0,0.0,0.0,0.0,0.0,0.0,0.0
2015-10-11 03:00:00,0.0,0.0,0.0,0.0,0.0,0.0,0.0,0.0,0.0,0.0,0.0,0.0,0.0,0.0,0.0,0.0,0.0
2015-10-11 04:00:00,0.0,0.0,0.0,0.0,0.0,0.0,0.0,0.0,0.0,0.0,0.0,0.0,0.0,0.0,0.0,0.0,0.0
2015-10-11 05:00:00,0.0,0.0,0.0,0.0,0.0,0.0,0.0,0.0,0.0,0.0,0.0,0.0,0.0,0.0,0.0,0.0,0.0
2015-10-11 06:00:00,0.105,0.127,0.159,0.087,0.159,0.096,0.015,0.125,0.019,0.021,0.064,0.044,0.015,0.047,0.067,0.161,0.06
2015-10-11 07:00:00,0.232,0.275,0.293,0.243,0.326,0.209,0.066,0.234,0.109,0.092,0.182,0.059,0.105,0.154,0.171,0.309,0.225
2015-10-11 08:00:00,0.346,0.411,0.381,0.384,0.46,0.371,0.133,0.357,0.225,0.17,0.27,0.169,0.234,0.286,0.266,0.431,0.303
2015-10-11 09:00:00,0.369,0.463,0.337,0.399,0.498,0.395,0.171,0.371,0.286,0.196,0.302,0.208,0.29,0.309,0.264,0.441,0.345
2015-10-11 10:00:00,0.364,0.455,0.35,0.372,0.468,0.386,0.246,0.356,0.311,0.233,0.278,0.21,0.308,0.322,0.26,0.43,0.354
2015-10-11 11:00:00,0.311,0.378,0.304,0.309,0.387,0.324,0.249,0.306,0.277,0.216,0.239,0.195,0.275,0.293,0.226,0.358,0.308
2015-10-11 12:00:00,0.221,0.266,0.225,0.217,0.262,0.237,0.212,0.21,0.233,0.163,0.167,0.152,0.231,0.221,0.165,0.243,0.226
2015-10-11 13:00:00,0.116,0.133,0.093,0.123,0.111,0.14,0.149,0.137,0.18,0.112,0.137,0.099,0.173,0.14,0.116,0.098,0.104
2015-10-11 14:00:00,0.076,0.075,0.065,0.09,0.057,0.105,0.092,0.1,0.116,0.077,0.091,0.069,0.111,0.096,0.086,0.062,0.06
2015-10-11 15:00:00,0.044,0.049,0.045,0.049,0.04,0.06,0.041,0.048,0.059,0.031,0.041,0.04,0.053,0.048,0.043,0.042,0.043
2015-10-11 16:00:00,0.008,0.014,0.009,0.003,0.014,0.009,0.004,0.004,0.011,0.002,0.001,0.006,0.007,0.005,0.003,0.01,0.012
2015-10-11 17:00:00,0.0,0.0,0.0,0.0,0.0,0.0,0.0,0.0,0.0,0.0,0.0,0.0,0.0,0.0,0.0,0.0,0.0
2015-10-11 18:00:00,0.0,0.0,0.0,0.0,0.0,0.0,0.0,0.0,0.0,0.0,0.0,0.0,0.0,0.0,0.0,0.0,0.0
2015-10-11 19:00:00,0.0,0.0,0.0,0.0,0.0,0.0,0.0,0.0,0.0,0.0,0.0,0.0,0.0,0.0,0.0,0.0,0.0
2015-10-11 20:00:00,0.0,0.0,0.0,0.0,0.0,0.0,0.0,0.0,0.0,0.0,0.0,0.0,0.0,0.0,0.0,0.0,0.0
2015-10-11 21:00:00,0.0,0.0,0.0,0.0,0.0,0.0,0.0,0.0,0.0,0.0,0.0,0.0,0.0,0.0,0.0,0.0,0.0
2015-10-11 22:00:00,0.0,0.0,0.0,0.0,0.0,0.0,0.0,0.0,0.0,0.0,0.0,0.0,0.0,0.0,0.0,0.0,0.0
2015-10-11 23:00:00,0.0,0.0,0.0,0.0,0.0,0.0,0.0,0.0,0.0,0.0,0.0,0.0,0.0,0.0,0.0,0.0,0.0
2015-10-12 00:00:00,0.0,0.0,0.0,0.0,0.0,0.0,0.0,0.0,0.0,0.0,0.0,0.0,0.0,0.0,0.0,0.0,0.0
2015-10-12 01:00:00,0.0,0.0,0.0,0.0,0.0,0.0,0.0,0.0,0.0,0.0,0.0,0.0,0.0,0.0,0.0,0.0,0.0
2015-10-12 02:00:00,0.0,0.0,0.0,0.0,0.0,0.0,0.0,0.0,0.0,0.0,0.0,0.0,0.0,0.0,0.0,0.0,0.0
2015-10-12 03:00:00,0.0,0.0,0.0,0.0,0.0,0.0,0.0,0.0,0.0,0.0,0.0,0.0,0.0,0.0,0.0,0.0,0.0
2015-10-12 04:00:00,0.0,0.0,0.0,0.0,0.0,0.0,0.0,0.0,0.0,0.0,0.0,0.0,0.0,0.0,0.0,0.0,0.0
2015-10-12 05:00:00,0.0,0.0,0.0,0.0,0.0,0.0,0.0,0.0,0.0,0.0,0.0,0.0,0.0,0.0,0.0,0.0,0.0
2015-10-12 06:00:00,0.071,0.121,0.113,0.013,0.099,0.01,0.0,0.021,0.01,0.002,0.039,0.103,0.001,0.003,0.074,0.11,0.048
2015-10-12 07:00:00,0.167,0.23,0.181,0.04,0.315,0.047,0.007,0.065,0.053,0.01,0.112,0.2,0.015,0.011,0.127,0.211,0.26
2015-10-12 08:00:00,0.249,0.337,0.257,0.064,0.447,0.069,0.021,0.114,0.083,0.024,0.181,0.272,0.03,0.02,0.212,0.311,0.401
2015-10-12 09:00:00,0.284,0.396,0.28,0.089,0.492,0.067,0.033,0.14,0.109,0.046,0.24,0.313,0.042,0.03,0.277,0.34,0.443
2015-10-12 10:00:00,0.282,0.372,0.283,0.11,0.462,0.084,0.047,0.153,0.117,0.063,0.247,0.322,0.054,0.045,0.276,0.33,0.44
2015-10-12 11:00:00,0.234,0.274,0.241,0.103,0.38,0.058,0.066,0.128,0.139,0.053,0.228,0.279,0.072,0.043,0.251,0.262,0.358
2015-10-12 12:00:00,0.166,0.193,0.174,0.082,0.254,0.049,0.058,0.106,0.11,0.053,0.179,0.21,0.063,0.049,0.196,0.172,0.237
2015-10-12 13:00:00,0.098,0.116,0.122,0.063,0.115,0.036,0.059,0.075,0.085,0.026,0.133,0.123,0.056,0.033,0.141,0.104,0.095
2015-10-12 14:00:00,0.066,0.088,0.077,0.031,0.073,0.02,0.045,0.042,0.061,0.015,0.086,0.092,0.036,0.019,0.09,0.076,0.059
2015-10-12 15:00:00,0.034,0.046,0.033,0.011,0.052,0.009,0.025,0.017,0.035,0.006,0.032,0.049,0.023,0.01,0.036,0.039,0.041
2015-10-12 16:00:00,0.005,0.008,0.003,0.0,0.014,0.0,0.002,0.0,0.004,0.0,0.0,0.007,0.001,0.0,0.001,0.005,0.012
2015-10-12 17:00:00,0.0,0.0,0.0,0.0,0.0,0.0,0.0,0.0,0.0,0.0,0.0,0.0,0.0,0.0,0.0,0.0,0.0
2015-10-12 18:00:00,0.0,0.0,0.0,0.0,0.0,0.0,0.0,0.0,0.0,0.0,0.0,0.0,0.0,0.0,0.0,0.0,0.0
2015-10-12 19:00:00,0.0,0.0,0.0,0.0,0.0,0.0,0.0,0.0,0.0,0.0,0.0,0.0,0.0,0.0,0.0,0.0,0.0
2015-10-12 20:00:00,0.0,0.0,0.0,0.0,0.0,0.0,0.0,0.0,0.0,0.0,0.0,0.0,0.0,0.0,0.0,0.0,0.0
2015-10-12 21:00:00,0.0,0.0,0.0,0.0,0.0,0.0,0.0,0.0,0.0,0.0,0.0,0.0,0.0,0.0,0.0,0.0,0.0
2015-10-12 22:00:00,0.0,0.0,0.0,0.0,0.0,0.0,0.0,0.0,0.0,0.0,0.0,0.0,0.0,0.0,0.0,0.0,0.0
2015-10-12 23:00:00,0.0,0.0,0.0,0.0,0.0,0.0,0.0,0.0,0.0,0.0,0.0,0.0,0.0,0.0,0.0,0.0,0.0
2015-10-13 00:00:00,0.0,0.0,0.0,0.0,0.0,0.0,0.0,0.0,0.0,0.0,0.0,0.0,0.0,0.0,0.0,0.0,0.0
2015-10-13 01:00:00,0.0,0.0,0.0,0.0,0.0,0.0,0.0,0.0,0.0,0.0,0.0,0.0,0.0,0.0,0.0,0.0,0.0
2015-10-13 02:00:00,0.0,0.0,0.0,0.0,0.0,0.0,0.0,0.0,0.0,0.0,0.0,0.0,0.0,0.0,0.0,0.0,0.0
2015-10-13 03:00:00,0.0,0.0,0.0,0.0,0.0,0.0,0.0,0.0,0.0,0.0,0.0,0.0,0.0,0.0,0.0,0.0,0.0
2015-10-13 04:00:00,0.0,0.0,0.0,0.0,0.0,0.0,0.0,0.0,0.0,0.0,0.0,0.0,0.0,0.0,0.0,0.0,0.0
2015-10-13 05:00:00,0.0,0.0,0.0,0.0,0.0,0.0,0.0,0.0,0.0,0.0,0.0,0.0,0.0,0.0,0.0,0.0,0.0
2015-10-13 06:00:00,0.004,0.003,0.002,0.005,0.0,0.001,0.054,0.003,0.002,0.005,0.014,0.003,0.012,0.002,0.008,0.0,0.0
2015-10-13 07:00:00,0.033,0.029,0.013,0.029,0.018,0.02,0.11,0.044,0.034,0.025,0.118,0.029,0.056,0.034,0.073,0.014,0.02
2015-10-13 08:00:00,0.067,0.068,0.024,0.037,0.055,0.038,0.217,0.055,0.099,0.062,0.191,0.054,0.128,0.054,0.138,0.045,0.044
2015-10-13 09:00:00,0.089,0.104,0.039,0.049,0.068,0.048,0.278,0.073,0.127,0.065,0.228,0.065,0.147,0.072,0.201,0.063,0.062
2015-10-13 10:00:00,0.103,0.148,0.033,0.055,0.088,0.054,0.294,0.062,0.173,0.088,0.266,0.068,0.183,0.1,0.221,0.069,0.071
2015-10-13 11:00:00,0.1,0.155,0.043,0.058,0.091,0.081,0.262,0.059,0.162,0.111,0.19,0.076,0.167,0.147,0.157,0.073,0.087
2015-10-13 12:00:00,0.093,0.161,0.046,0.051,0.102,0.071,0.208,0.046,0.164,0.081,0.103,0.071,0.148,0.106,0.117,0.082,0.088
2015-10-13 13:00:00,0.073,0.115,0.041,0.04,0.089,0.079,0.123,0.037,0.116,0.074,0.082,0.05,0.099,0.092,0.07,0.066,0.083
2015-10-13 14:00:00,0.049,0.082,0.024,0.029,0.059,0.044,0.088,0.022,0.086,0.048,0.053,0.04,0.072,0.058,0.043,0.045,0.058
2015-10-13 15:00:00,0.023,0.044,0.013,0.014,0.026,0.022,0.043,0.012,0.042,0.026,0.017,0.018,0.031,0.025,0.021,0.021,0.023
2015-10-13 16:00:00,0.002,0.007,0.0,0.0,0.004,0.001,0.004,0.0,0.006,0.001,0.0,0.001,0.003,0.001,0.0,0.003,0.003
2015-10-13 17:00:00,0.0,0.0,0.0,0.0,0.0,0.0,0.0,0.0,0.0,0.0,0.0,0.0,0.0,0.0,0.0,0.0,0.0
2015-10-13 18:00:00,0.0,0.0,0.0,0.0,0.0,0.0,0.0,0.0,0.0,0.0,0.0,0.0,0.0,0.0,0.0,0.0,0.0
2015-10-13 19:00:00,0.0,0.0,0.0,0.0,0.0,0.0,0.0,0.0,0.0,0.0,0.0,0.0,0.0,0.0,0.0,0.0,0.0
2015-10-13 20:00:00,0.0,0.0,0.0,0.0,0.0,0.0,0.0,0.0,0.0,0.0,0.0,0.0,0.0,0.0,0.0,0.0,0.0
2015-10-13 21:00:00,0.0,0.0,0.0,0.0,0.0,0.0,0.0,0.0,0.0,0.0,0.0,0.0,0.0,0.0,0.0,0.0,0.0
2015-10-13 22:00:00,0.0,0.0,0.0,0.0,0.0,0.0,0.0,0.0,0.0,0.0,0.0,0.0,0.0,0.0,0.0,0.0,0.0
2015-10-13 23:00:00,0.0,0.0,0.0,0.0,0.0,0.0,0.0,0.0,0.0,0.0,0.0,0.0,0.0,0.0,0.0,0.0,0.0
2015-10-14 00:00:00,0.0,0.0,0.0,0.0,0.0,0.0,0.0,0.0,0.0,0.0,0.0,0.0,0.0,0.0,0.0,0.0,0.0
2015-10-14 01:00:00,0.0,0.0,0.0,0.0,0.0,0.0,0.0,0.0,0.0,0.0,0.0,0.0,0.0,0.0,0.0,0.0,0.0
2015-10-14 02:00:00,0.0,0.0,0.0,0.0,0.0,0.0,0.0,0.0,0.0,0.0,0.0,0.0,0.0,0.0,0.0,0.0,0.0
2015-10-14 03:00:00,0.0,0.0,0.0,0.0,0.0,0.0,0.0,0.0,0.0,0.0,0.0,0.0,0.0,0.0,0.0,0.0,0.0
2015-10-14 04:00:00,0.0,0.0,0.0,0.0,0.0,0.0,0.0,0.0,0.0,0.0,0.0,0.0,0.0,0.0,0.0,0.0,0.0
2015-10-14 05:00:00,0.0,0.0,0.0,0.0,0.0,0.0,0.0,0.0,0.0,0.0,0.0,0.0,0.0,0.0,0.0,0.0,0.0
2015-10-14 06:00:00,0.022,0.0,0.005,0.118,0.0,0.037,0.028,0.055,0.0,0.15,0.035,0.005,0.004,0.075,0.013,0.004,0.0
2015-10-14 07:00:00,0.053,0.002,0.024,0.211,0.005,0.092,0.054,0.134,0.003,0.224,0.106,0.025,0.017,0.12,0.06,0.014,0.036
2015-10-14 08:00:00,0.097,0.012,0.058,0.299,0.02,0.131,0.185,0.201,0.03,0.386,0.137,0.08,0.1,0.268,0.116,0.033,0.072
2015-10-14 09:00:00,0.133,0.024,0.08,0.317,0.04,0.175,0.281,0.22,0.054,0.411,0.215,0.084,0.217,0.341,0.188,0.064,0.115
2015-10-14 10:00:00,0.142,0.025,0.129,0.336,0.036,0.202,0.233,0.252,0.03,0.398,0.235,0.116,0.111,0.36,0.191,0.078,0.114
2015-10-14 11:00:00,0.142,0.025,0.15,0.3,0.053,0.179,0.173,0.245,0.025,0.307,0.229,0.194,0.073,0.289,0.207,0.073,0.141
2015-10-14 12:00:00,0.107,0.027,0.145,0.187,0.031,0.133,0.142,0.179,0.028,0.21,0.166,0.18,0.05,0.194,0.17,0.051,0.103
2015-10-14 13:00:00,0.066,0.025,0.089,0.087,0.022,0.068,0.113,0.092,0.023,0.141,0.087,0.119,0.042,0.136,0.114,0.03,0.074
2015-10-14 14:00:00,0.047,0.011,0.073,0.074,0.011,0.048,0.075,0.065,0.017,0.1,0.06,0.088,0.031,0.098,0.082,0.021,0.05
2015-10-14 15:00:00,0.021,0.005,0.023,0.041,0.005,0.022,0.04,0.035,0.013,0.044,0.031,0.04,0.019,0.046,0.041,0.007,0.017
2015-10-14 16:00:00,0.001,0.0,0.001,0.0,0.0,0.002,0.004,0.002,0.0,0.001,0.0,0.003,0.001,0.003,0.001,0.0,0.001
2015-10-14 17:00:00,0.0,0.0,0.0,0.0,0.0,0.0,0.0,0.0,0.0,0.0,0.0,0.0,0.0,0.0,0.0,0.0,0.0
2015-10-14 18:00:00,0.0,0.0,0.0,0.0,0.0,0.0,0.0,0.0,0.0,0.0,0.0,0.0,0.0,0.0,0.0,0.0,0.0
2015-10-14 19:00:00,0.0,0.0,0.0,0.0,0.0,0.0,0.0,0.0,0.0,0.0,0.0,0.0,0.0,0.0,0.0,0.0,0.0
2015-10-14 20:00:00,0.0,0.0,0.0,0.0,0.0,0.0,0.0,0.0,0.0,0.0,0.0,0.0,0.0,0.0,0.0,0.0,0.0
2015-10-14 21:00:00,0.0,0.0,0.0,0.0,0.0,0.0,0.0,0.0,0.0,0.0,0.0,0.0,0.0,0.0,0.0,0.0,0.0
2015-10-14 22:00:00,0.0,0.0,0.0,0.0,0.0,0.0,0.0,0.0,0.0,0.0,0.0,0.0,0.0,0.0,0.0,0.0,0.0
2015-10-14 23:00:00,0.0,0.0,0.0,0.0,0.0,0.0,0.0,0.0,0.0,0.0,0.0,0.0,0.0,0.0,0.0,0.0,0.0
2015-10-24 00:00:00,0.0,0.0,0.0,0.0,0.0,0.0,0.0,0.0,0.0,0.0,0.0,0.0,0.0,0.0,0.0,0.0,0.0
2015-10-24 01:00:00,0.0,0.0,0.0,0.0,0.0,0.0,0.0,0.0,0.0,0.0,0.0,0.0,0.0,0.0,0.0,0.0,0.0
2015-10-24 02:00:00,0.0,0.0,0.0,0.0,0.0,0.0,0.0,0.0,0.0,0.0,0.0,0.0,0.0,0.0,0.0,0.0,0.0
2015-10-24 03:00:00,0.0,0.0,0.0,0.0,0.0,0.0,0.0,0.0,0.0,0.0,0.0,0.0,0.0,0.0,0.0,0.0,0.0
2015-10-24 04:00:00,0.0,0.0,0.0,0.0,0.0,0.0,0.0,0.0,0.0,0.0,0.0,0.0,0.0,0.0,0.0,0.0,0.0
2015-10-24 05:00:00,0.0,0.0,0.0,0.0,0.0,0.0,0.0,0.0,0.0,0.0,0.0,0.0,0.0,0.0,0.0,0.0,0.0
2015-10-24 06:00:00,0.017,0.0,0.0,0.029,0.0,0.028,0.039,0.067,0.0,0.012,0.117,0.0,0.004,0.058,0.032,0.0,0.0
2015-10-24 07:00:00,0.131,0.148,0.052,0.141,0.109,0.197,0.133,0.202,0.187,0.119,0.203,0.056,0.192,0.179,0.137,0.143,0.057
2015-10-24 08:00:00,0.191,0.263,0.088,0.16,0.199,0.25,0.298,0.217,0.31,0.165,0.281,0.099,0.311,0.224,0.186,0.189,0.119
2015-10-24 09:00:00,0.244,0.327,0.135,0.177,0.295,0.267,0.37,0.226,0.353,0.201,0.315,0.135,0.346,0.304,0.199,0.26,0.195
2015-10-24 10:00:00,0.236,0.35,0.127,0.17,0.316,0.243,0.328,0.196,0.348,0.192,0.277,0.139,0.335,0.266,0.173,0.247,0.197
2015-10-24 11:00:00,0.207,0.298,0.156,0.162,0.276,0.194,0.268,0.172,0.279,0.187,0.198,0.123,0.241,0.204,0.152,0.219,0.196
2015-10-24 12:00:00,0.146,0.19,0.132,0.126,0.18,0.152,0.176,0.127,0.175,0.119,0.116,0.111,0.181,0.151,0.111,0.155,0.135
2015-10-24 13:00:00,0.086,0.066,0.095,0.092,0.074,0.107,0.081,0.095,0.064,0.099,0.069,0.082,0.093,0.115,0.077,0.089,0.089
2015-10-24 14:00:00,0.055,0.048,0.06,0.055,0.049,0.066,0.053,0.057,0.047,0.063,0.045,0.054,0.05,0.07,0.048,0.059,0.054
2015-10-24 15:00:00,0.022,0.029,0.025,0.014,0.027,0.026,0.024,0.017,0.025,0.02,0.012,0.019,0.024,0.023,0.011,0.025,0.027
2015-10-24 16:00:00,0.0,0.001,0.0,0.0,0.002,0.0,0.0,0.0,0.0,0.0,0.0,0.0,0.0,0.0,0.0,0.0,0.001
2015-10-24 17:00:00,0.0,0.0,0.0,0.0,0.0,0.0,0.0,0.0,0.0,0.0,0.0,0.0,0.0,0.0,0.0,0.0,0.0
2015-10-24 18:00:00,0.0,0.0,0.0,0.0,0.0,0.0,0.0,0.0,0.0,0.0,0.0,0.0,0.0,0.0,0.0,0.0,0.0
2015-10-24 19:00:00,0.0,0.0,0.0,0.0,0.0,0.0,0.0,0.0,0.0,0.0,0.0,0.0,0.0,0.0,0.0,0.0,0.0
2015-10-24 20:00:00,0.0,0.0,0.0,0.0,0.0,0.0,0.0,0.0,0.0,0.0,0.0,0.0,0.0,0.0,0.0,0.0,0.0
2015-10-24 21:00:00,0.0,0.0,0.0,0.0,0.0,0.0,0.0,0.0,0.0,0.0,0.0,0.0,0.0,0.0,0.0,0.0,0.0
2015-10-24 22:00:00,0.0,0.0,0.0,0.0,0.0,0.0,0.0,0.0,0.0,0.0,0.0,0.0,0.0,0.0,0.0,0.0,0.0
2015-10-24 23:00:00,0.0,0.0,0.0,0.0,0.0,0.0,0.0,0.0,0.0,0.0,0.0,0.0,0.0,0.0,0.0,0.0,0.0
2015-10-25 00:00:00,0.0,0.0,0.0,0.0,0.0,0.0,0.0,0.0,0.0,0.0,0.0,0.0,0.0,0.0,0.0,0.0,0.0
2015-10-25 01:00:00,0.0,0.0,0.0,0.0,0.0,0.0,0.0,0.0,0.0,0.0,0.0,0.0,0.0,0.0,0.0,0.0,0.0
2015-10-25 02:00:00,0.0,0.0,0.0,0.0,0.0,0.0,0.0,0.0,0.0,0.0,0.0,0.0,0.0,0.0,0.0,0.0,0.0
2015-10-25 03:00:00,0.0,0.0,0.0,0.0,0.0,0.0,0.0,0.0,0.0,0.0,0.0,0.0,0.0,0.0,0.0,0.0,0.0
2015-10-25 04:00:00,0.0,0.0,0.0,0.0,0.0,0.0,0.0,0.0,0.0,0.0,0.0,0.0,0.0,0.0,0.0,0.0,0.0
2015-10-25 05:00:00,0.0,0.0,0.0,0.0,0.0,0.0,0.0,0.0,0.0,0.0,0.0,0.0,0.0,0.0,0.0,0.0,0.0
2015-10-25 06:00:00,0.016,0.0,0.0,0.117,0.0,0.0,0.051,0.019,0.0,0.134,0.049,0.0,0.0,0.075,0.002,0.0,0.0
2015-10-25 07:00:00,0.067,0.03,0.065,0.204,0.023,0.138,0.104,0.142,0.058,0.134,0.119,0.034,0.074,0.108,0.055,0.042,0.014
2015-10-25 08:00:00,0.121,0.061,0.109,0.298,0.051,0.23,0.209,0.237,0.112,0.176,0.206,0.086,0.161,0.22,0.128,0.079,0.041
2015-10-25 09:00:00,0.15,0.123,0.111,0.314,0.105,0.205,0.246,0.271,0.135,0.275,0.247,0.102,0.173,0.27,0.155,0.1,0.064
2015-10-25 10:00:00,0.158,0.177,0.138,0.302,0.158,0.163,0.235,0.223,0.131,0.278,0.228,0.107,0.17,0.232,0.149,0.121,0.071
2015-10-25 11:00:00,0.141,0.166,0.138,0.231,0.168,0.121,0.19,0.174,0.13,0.216,0.189,0.086,0.109,0.166,0.135,0.131,0.052
2015-10-25 12:00:00,0.106,0.119,0.097,0.154,0.13,0.083,0.133,0.12,0.118,0.149,0.14,0.051,0.078,0.123,0.099,0.12,0.026
2015-10-25 13:00:00,0.07,0.104,0.05,0.101,0.082,0.056,0.083,0.066,0.09,0.108,0.083,0.028,0.055,0.071,0.054,0.077,0.033
2015-10-25 14:00:00,0.038,0.062,0.021,0.045,0.036,0.035,0.044,0.03,0.051,0.057,0.036,0.022,0.041,0.036,0.023,0.046,0.032
2015-10-25 15:00:00,0.011,0.026,0.003,0.007,0.011,0.007,0.016,0.004,0.02,0.011,0.005,0.009,0.012,0.006,0.003,0.013,0.019
2015-10-25 16:00:00,0.0,0.0,0.0,0.0,0.0,0.0,0.0,0.0,0.0,0.0,0.0,0.0,0.0,0.0,0.0,0.0,0.0
2015-10-25 17:00:00,0.0,0.0,0.0,0.0,0.0,0.0,0.0,0.0,0.0,0.0,0.0,0.0,0.0,0.0,0.0,0.0,0.0
2015-10-25 18:00:00,0.0,0.0,0.0,0.0,0.0,0.0,0.0,0.0,0.0,0.0,0.0,0.0,0.0,0.0,0.0,0.0,0.0
2015-10-25 19:00:00,0.0,0.0,0.0,0.0,0.0,0.0,0.0,0.0,0.0,0.0,0.0,0.0,0.0,0.0,0.0,0.0,0.0
2015-10-25 20:00:00,0.0,0.0,0.0,0.0,0.0,0.0,0.0,0.0,0.0,0.0,0.0,0.0,0.0,0.0,0.0,0.0,0.0
2015-10-25 21:00:00,0.0,0.0,0.0,0.0,0.0,0.0,0.0,0.0,0.0,0.0,0.0,0.0,0.0,0.0,0.0,0.0,0.0
2015-10-25 22:00:00,0.0,0.0,0.0,0.0,0.0,0.0,0.0,0.0,0.0,0.0,0.0,0.0,0.0,0.0,0.0,0.0,0.0
2015-10-25 23:00:00,0.0,0.0,0.0,0.0,0.0,0.0,0.0,0.0,0.0,0.0,0.0,0.0,0.0,0.0,0.0,0.0,0.0
2015-10-26 00:00:00,0.0,0.0,0.0,0.0,0.0,0.0,0.0,0.0,0.0,0.0,0.0,0.0,0.0,0.0,0.0,0.0,0.0
2015-10-26 01:00:00,0.0,0.0,0.0,0.0,0.0,0.0,0.0,0.0,0.0,0.0,0.0,0.0,0.0,0.0,0.0,0.0,0.0
2015-10-26 02:00:00,0.0,0.0,0.0,0.0,0.0,0.0,0.0,0.0,0.0,0.0,0.0,0.0,0.0,0.0,0.0,0.0,0.0
2015-10-26 03:00:00,0.0,0.0,0.0,0.0,0.0,0.0,0.0,0.0,0.0,0.0,0.0,0.0,0.0,0.0,0.0,0.0,0.0
2015-10-26 04:00:00,0.0,0.0,0.0,0.0,0.0,0.0,0.0,0.0,0.0,0.0,0.0,0.0,0.0,0.0,0.0,0.0,0.0
2015-10-26 05:00:00,0.0,0.0,0.0,0.0,0.0,0.0,0.0,0.0,0.0,0.0,0.0,0.0,0.0,0.0,0.0,0.0,0.0
2015-10-26 06:00:00,0.008,0.0,0.0,0.052,0.0,0.0,0.011,0.013,0.0,0.025,0.057,0.0,0.0,0.025,0.0,0.0,0.0
2015-10-26 07:00:00,0.128,0.032,0.17,0.172,0.079,0.196,0.047,0.186,0.034,0.122,0.128,0.128,0.038,0.163,0.148,0.136,0.148
2015-10-26 08:00:00,0.224,0.109,0.302,0.288,0.134,0.27,0.168,0.259,0.075,0.241,0.229,0.24,0.108,0.285,0.235,0.248,0.239
2015-10-26 09:00:00,0.252,0.156,0.351,0.232,0.155,0.285,0.254,0.27,0.11,0.285,0.25,0.276,0.185,0.289,0.241,0.293,0.267
2015-10-26 10:00:00,0.243,0.164,0.327,0.226,0.186,0.268,0.274,0.223,0.133,0.302,0.195,0.258,0.197,0.327,0.192,0.277,0.281
2015-10-26 11:00:00,0.215,0.18,0.244,0.214,0.208,0.225,0.237,0.194,0.154,0.255,0.164,0.22,0.196,0.259,0.184,0.23,0.243
2015-10-26 12:00:00,0.15,0.144,0.161,0.14,0.159,0.158,0.163,0.135,0.14,0.153,0.111,0.147,0.16,0.154,0.128,0.158,0.165
2015-10-26 13:00:00,0.078,0.1,0.079,0.072,0.078,0.083,0.088,0.079,0.102,0.075,0.064,0.065,0.09,0.073,0.063,0.084,0.064
2015-10-26 14:00:00,0.055,0.071,0.056,0.046,0.061,0.062,0.064,0.049,0.073,0.048,0.041,0.044,0.068,0.059,0.04,0.06,0.047
2015-10-26 15:00:00,0.022,0.033,0.021,0.016,0.028,0.023,0.03,0.017,0.029,0.019,0.011,0.017,0.028,0.023,0.013,0.026,0.022
2015-10-26 16:00:00,0.0,0.0,0.0,0.0,0.0,0.0,0.0,0.0,0.0,0.0,0.0,0.0,0.0,0.0,0.0,0.0,0.0
2015-10-26 17:00:00,0.0,0.0,0.0,0.0,0.0,0.0,0.0,0.0,0.0,0.0,0.0,0.0,0.0,0.0,0.0,0.0,0.0
2015-10-26 18:00:00,0.0,0.0,0.0,0.0,0.0,0.0,0.0,0.0,0.0,0.0,0.0,0.0,0.0,0.0,0.0,0.0,0.0
2015-10-26 19:00:00,0.0,0.0,0.0,0.0,0.0,0.0,0.0,0.0,0.0,0.0,0.0,0.0,0.0,0.0,0.0,0.0,0.0
2015-10-26 20:00:00,0.0,0.0,0.0,0.0,0.0,0.0,0.0,0.0,0.0,0.0,0.0,0.0,0.0,0.0,0.0,0.0,0.0
2015-10-26 21:00:00,0.0,0.0,0.0,0.0,0.0,0.0,0.0,0.0,0.0,0.0,0.0,0.0,0.0,0.0,0.0,0.0,0.0
2015-10-26 22:00:00,0.0,0.0,0.0,0.0,0.0,0.0,0.0,0.0,0.0,0.0,0.0,0.0,0.0,0.0,0.0,0.0,0.0
2015-10-26 23:00:00,0.0,0.0,0.0,0.0,0.0,0.0,0.0,0.0,0.0,0.0,0.0,0.0,0.0,0.0,0.0,0.0,0.0
2015-10-27 00:00:00,0.0,0.0,0.0,0.0,0.0,0.0,0.0,0.0,0.0,0.0,0.0,0.0,0.0,0.0,0.0,0.0,0.0
2015-10-27 01:00:00,0.0,0.0,0.0,0.0,0.0,0.0,0.0,0.0,0.0,0.0,0.0,0.0,0.0,0.0,0.0,0.0,0.0
2015-10-27 02:00:00,0.0,0.0,0.0,0.0,0.0,0.0,0.0,0.0,0.0,0.0,0.0,0.0,0.0,0.0,0.0,0.0,0.0
2015-10-27 03:00:00,0.0,0.0,0.0,0.0,0.0,0.0,0.0,0.0,0.0,0.0,0.0,0.0,0.0,0.0,0.0,0.0,0.0
2015-10-27 04:00:00,0.0,0.0,0.0,0.0,0.0,0.0,0.0,0.0,0.0,0.0,0.0,0.0,0.0,0.0,0.0,0.0,0.0
2015-10-27 05:00:00,0.0,0.0,0.0,0.0,0.0,0.0,0.0,0.0,0.0,0.0,0.0,0.0,0.0,0.0,0.0,0.0,0.0
2015-10-27 06:00:00,0.014,0.0,0.0,0.113,0.0,0.0,0.02,0.005,0.0,0.147,0.006,0.0,0.0,0.098,0.0,0.0,0.0
2015-10-27 07:00:00,0.109,0.159,0.045,0.072,0.178,0.051,0.191,0.042,0.155,0.144,0.017,0.044,0.157,0.118,0.035,0.15,0.12
2015-10-27 08:00:00,0.198,0.277,0.115,0.108,0.326,0.13,0.284,0.081,0.237,0.184,0.053,0.095,0.277,0.191,0.079,0.267,0.229
2015-10-27 09:00:00,0.252,0.328,0.164,0.137,0.383,0.175,0.376,0.11,0.324,0.214,0.105,0.148,0.34,0.234,0.131,0.328,0.304
2015-10-27 10:00:00,0.261,0.303,0.196,0.165,0.354,0.232,0.369,0.135,0.313,0.253,0.131,0.161,0.343,0.265,0.158,0.334,0.296
2015-10-27 11:00:00,0.232,0.256,0.224,0.152,0.292,0.234,0.301,0.145,0.257,0.221,0.136,0.173,0.281,0.233,0.156,0.277,0.255
2015-10-27 12:00:00,0.154,0.168,0.151,0.144,0.178,0.153,0.168,0.132,0.158,0.154,0.12,0.143,0.16,0.153,0.117,0.163,0.164
2015-10-27 13:00:00,0.068,0.074,0.06,0.105,0.061,0.064,0.055,0.087,0.072,0.075,0.086,0.08,0.058,0.069,0.081,0.053,0.059
2015-10-27 14:00:00,0.046,0.058,0.041,0.059,0.049,0.042,0.042,0.051,0.06,0.045,0.049,0.047,0.044,0.047,0.048,0.041,0.04
2015-10-27 15:00:00,0.019,0.026,0.018,0.016,0.025,0.018,0.02,0.015,0.023,0.016,0.012,0.018,0.02,0.017,0.013,0.02,0.021
2015-10-27 16:00:00,0.0,0.0,0.0,0.0,0.0,0.0,0.0,0.0,0.0,0.0,0.0,0.0,0.0,0.0,0.0,0.0,0.0
2015-10-27 17:00:00,0.0,0.0,0.0,0.0,0.0,0.0,0.0,0.0,0.0,0.0,0.0,0.0,0.0,0.0,0.0,0.0,0.0
2015-10-27 18:00:00,0.0,0.0,0.0,0.0,0.0,0.0,0.0,0.0,0.0,0.0,0.0,0.0,0.0,0.0,0.0,0.0,0.0
2015-10-27 19:00:00,0.0,0.0,0.0,0.0,0.0,0.0,0.0,0.0,0.0,0.0,0.0,0.0,0.0,0.0,0.0,0.0,0.0
2015-10-27 20:00:00,0.0,0.0,0.0,0.0,0.0,0.0,0.0,0.0,0.0,0.0,0.0,0.0,0.0,0.0,0.0,0.0,0.0
2015-10-27 21:00:00,0.0,0.0,0.0,0.0,0.0,0.0,0.0,0.0,0.0,0.0,0.0,0.0,0.0,0.0,0.0,0.0,0.0
2015-10-27 22:00:00,0.0,0.0,0.0,0.0,0.0,0.0,0.0,0.0,0.0,0.0,0.0,0.0,0.0,0.0,0.0,0.0,0.0
2015-10-27 23:00:00,0.0,0.0,0.0,0.0,0.0,0.0,0.0,0.0,0.0,0.0,0.0,0.0,0.0,0.0,0.0,0.0,0.0
2015-10-28 00:00:00,0.0,0.0,0.0,0.0,0.0,0.0,0.0,0.0,0.0,0.0,0.0,0.0,0.0,0.0,0.0,0.0,0.0
2015-10-28 01:00:00,0.0,0.0,0.0,0.0,0.0,0.0,0.0,0.0,0.0,0.0,0.0,0.0,0.0,0.0,0.0,0.0,0.0
2015-10-28 02:00:00,0.0,0.0,0.0,0.0,0.0,0.0,0.0,0.0,0.0,0.0,0.0,0.0,0.0,0.0,0.0,0.0,0.0
2015-10-28 03:00:00,0.0,0.0,0.0,0.0,0.0,0.0,0.0,0.0,0.0,0.0,0.0,0.0,0.0,0.0,0.0,0.0,0.0
2015-10-28 04:00:00,0.0,0.0,0.0,0.0,0.0,0.0,0.0,0.0,0.0,0.0,0.0,0.0,0.0,0.0,0.0,0.0,0.0
2015-10-28 05:00:00,0.0,0.0,0.0,0.0,0.0,0.0,0.0,0.0,0.0,0.0,0.0,0.0,0.0,0.0,0.0,0.0,0.0
2015-10-28 06:00:00,0.008,0.0,0.0,0.03,0.0,0.0,0.004,0.0,0.0,0.167,0.001,0.0,0.0,0.049,0.0,0.0,0.0
2015-10-28 07:00:00,0.125,0.161,0.088,0.076,0.151,0.215,0.29,0.08,0.222,0.305,0.026,0.034,0.264,0.272,0.019,0.148,0.064
2015-10-28 08:00:00,0.237,0.265,0.18,0.194,0.293,0.344,0.408,0.18,0.347,0.413,0.066,0.106,0.388,0.398,0.059,0.282,0.206
2015-10-28 09:00:00,0.292,0.309,0.288,0.234,0.356,0.393,0.432,0.232,0.37,0.426,0.082,0.169,0.417,0.424,0.087,0.349,0.294
2015-10-28 10:00:00,0.289,0.304,0.286,0.263,0.324,0.361,0.386,0.248,0.345,0.375,0.112,0.212,0.377,0.37,0.124,0.332,0.305
2015-10-28 11:00:00,0.238,0.249,0.243,0.224,0.269,0.273,0.291,0.21,0.267,0.273,0.117,0.203,0.286,0.273,0.129,0.267,0.257
2015-10-28 12:00:00,0.147,0.161,0.152,0.138,0.155,0.149,0.161,0.141,0.168,0.14,0.097,0.147,0.161,0.143,0.102,0.158,0.159
2015-10-28 13:00:00,0.066,0.065,0.071,0.071,0.062,0.061,0.054,0.077,0.057,0.058,0.065,0.095,0.053,0.054,0.073,0.057,0.068
2015-10-28 14:00:00,0.047,0.05,0.053,0.042,0.049,0.045,0.041,0.051,0.044,0.039,0.039,0.065,0.04,0.039,0.047,0.044,0.05
2015-10-28 15:00:00,0.019,0.024,0.019,0.013,0.026,0.018,0.019,0.016,0.022,0.014,0.009,0.02,0.019,0.015,0.012,0.02,0.023
2015-10-28 16:00:00,0.0,0.0,0.0,0.0,0.0,0.0,0.0,0.0,0.0,0.0,0.0,0.0,0.0,0.0,0.0,0.0,0.0
2015-10-28 17:00:00,0.0,0.0,0.0,0.0,0.0,0.0,0.0,0.0,0.0,0.0,0.0,0.0,0.0,0.0,0.0,0.0,0.0
2015-10-28 18:00:00,0.0,0.0,0.0,0.0,0.0,0.0,0.0,0.0,0.0,0.0,0.0,0.0,0.0,0.0,0.0,0.0,0.0
2015-10-28 19:00:00,0.0,0.0,0.0,0.0,0.0,0.0,0.0,0.0,0.0,0.0,0.0,0.0,0.0,0.0,0.0,0.0,0.0
2015-10-28 20:00:00,0.0,0.0,0.0,0.0,0.0,0.0,0.0,0.0,0.0,0.0,0.0,0.0,0.0,0.0,0.0,0.0,0.0
2015-10-28 21:00:00,0.0,0.0,0.0,0.0,0.0,0.0,0.0,0.0,0.0,0.0,0.0,0.0,0.0,0.0,0.0,0.0,0.0
2015-10-28 22:00:00,0.0,0.0,0.0,0.0,0.0,0.0,0.0,0.0,0.0,0.0,0.0,0.0,0.0,0.0,0.0,0.0,0.0
2015-10-28 23:00:00,0.0,0.0,0.0,0.0,0.0,0.0,0.0,0.0,0.0,0.0,0.0,0.0,0.0,0.0,0.0,0.0,0.0
2015-10-29 00:00:00,0.0,0.0,0.0,0.0,0.0,0.0,0.0,0.0,0.0,0.0,0.0,0.0,0.0,0.0,0.0,0.0,0.0
2015-10-29 01:00:00,0.0,0.0,0.0,0.0,0.0,0.0,0.0,0.0,0.0,0.0,0.0,0.0,0.0,0.0,0.0,0.0,0.0
2015-10-29 02:00:00,0.0,0.0,0.0,0.0,0.0,0.0,0.0,0.0,0.0,0.0,0.0,0.0,0.0,0.0,0.0,0.0,0.0
2015-10-29 03:00:00,0.0,0.0,0.0,0.0,0.0,0.0,0.0,0.0,0.0,0.0,0.0,0.0,0.0,0.0,0.0,0.0,0.0
2015-10-29 04:00:00,0.0,0.0,0.0,0.0,0.0,0.0,0.0,0.0,0.0,0.0,0.0,0.0,0.0,0.0,0.0,0.0,0.0
2015-10-29 05:00:00,0.0,0.0,0.0,0.0,0.0,0.0,0.0,0.0,0.0,0.0,0.0,0.0,0.0,0.0,0.0,0.0,0.0
2015-10-29 06:00:00,0.009,0.0,0.0,0.099,0.0,0.0,0.0,0.0,0.0,0.114,0.008,0.0,0.0,0.0,0.0,0.0,0.0
2015-10-29 07:00:00,0.138,0.05,0.183,0.202,0.047,0.158,0.205,0.163,0.101,0.212,0.203,0.174,0.186,0.167,0.163,0.112,0.15
2015-10-29 08:00:00,0.222,0.118,0.295,0.285,0.117,0.272,0.32,0.271,0.213,0.309,0.295,0.281,0.292,0.288,0.258,0.158,0.256
2015-10-29 09:00:00,0.254,0.144,0.314,0.358,0.187,0.246,0.377,0.3,0.233,0.365,0.348,0.335,0.345,0.357,0.316,0.152,0.295
2015-10-29 10:00:00,0.244,0.152,0.285,0.33,0.199,0.241,0.345,0.282,0.236,0.353,0.31,0.303,0.32,0.32,0.277,0.171,0.256
2015-10-29 11:00:00,0.196,0.147,0.197,0.243,0.194,0.198,0.281,0.218,0.21,0.263,0.219,0.238,0.259,0.249,0.209,0.144,0.202
2015-10-29 12:00:00,0.118,0.109,0.111,0.124,0.127,0.112,0.163,0.125,0.137,0.143,0.103,0.127,0.156,0.14,0.113,0.105,0.122
2015-10-29 13:00:00,0.066,0.069,0.074,0.059,0.092,0.078,0.052,0.069,0.062,0.061,0.05,0.048,0.063,0.065,0.057,0.064,0.064
2015-10-29 14:00:00,0.045,0.047,0.034,0.042,0.064,0.053,0.051,0.05,0.049,0.045,0.035,0.036,0.049,0.043,0.038,0.041,0.045
2015-10-29 15:00:00,0.013,0.017,0.009,0.011,0.021,0.016,0.02,0.011,0.017,0.015,0.007,0.012,0.022,0.018,0.008,0.009,0.014
2015-10-29 16:00:00,0.0,0.0,0.0,0.0,0.0,0.0,0.0,0.0,0.0,0.0,0.0,0.0,0.0,0.0,0.0,0.0,0.0
2015-10-29 17:00:00,0.0,0.0,0.0,0.0,0.0,0.0,0.0,0.0,0.0,0.0,0.0,0.0,0.0,0.0,0.0,0.0,0.0
2015-10-29 18:00:00,0.0,0.0,0.0,0.0,0.0,0.0,0.0,0.0,0.0,0.0,0.0,0.0,0.0,0.0,0.0,0.0,0.0
2015-10-29 19:00:00,0.0,0.0,0.0,0.0,0.0,0.0,0.0,0.0,0.0,0.0,0.0,0.0,0.0,0.0,0.0,0.0,0.0
2015-10-29 20:00:00,0.0,0.0,0.0,0.0,0.0,0.0,0.0,0.0,0.0,0.0,0.0,0.0,0.0,0.0,0.0,0.0,0.0
2015-10-29 21:00:00,0.0,0.0,0.0,0.0,0.0,0.0,0.0,0.0,0.0,0.0,0.0,0.0,0.0,0.0,0.0,0.0,0.0
2015-10-29 22:00:00,0.0,0.0,0.0,0.0,0.0,0.0,0.0,0.0,0.0,0.0,0.0,0.0,0.0,0.0,0.0,0.0,0.0
2015-10-29 23:00:00,0.0,0.0,0.0,0.0,0.0,0.0,0.0,0.0,0.0,0.0,0.0,0.0,0.0,0.0,0.0,0.0,0.0
2015-10-30 00:00:00,0.0,0.0,0.0,0.0,0.0,0.0,0.0,0.0,0.0,0.0,0.0,0.0,0.0,0.0,0.0,0.0,0.0
2015-10-30 01:00:00,0.0,0.0,0.0,0.0,0.0,0.0,0.0,0.0,0.0,0.0,0.0,0.0,0.0,0.0,0.0,0.0,0.0
2015-10-30 02:00:00,0.0,0.0,0.0,0.0,0.0,0.0,0.0,0.0,0.0,0.0,0.0,0.0,0.0,0.0,0.0,0.0,0.0
2015-10-30 03:00:00,0.0,0.0,0.0,0.0,0.0,0.0,0.0,0.0,0.0,0.0,0.0,0.0,0.0,0.0,0.0,0.0,0.0
2015-10-30 04:00:00,0.0,0.0,0.0,0.0,0.0,0.0,0.0,0.0,0.0,0.0,0.0,0.0,0.0,0.0,0.0,0.0,0.0
2015-10-30 05:00:00,0.0,0.0,0.0,0.0,0.0,0.0,0.0,0.0,0.0,0.0,0.0,0.0,0.0,0.0,0.0,0.0,0.0
2015-10-30 06:00:00,0.007,0.0,0.0,0.073,0.0,0.0,0.0,0.0,0.0,0.094,0.0,0.0,0.0,0.0,0.0,0.0,0.0
2015-10-30 07:00:00,0.079,0.02,0.01,0.237,0.005,0.119,0.24,0.154,0.024,0.225,0.245,0.024,0.161,0.216,0.166,0.019,0.009
2015-10-30 08:00:00,0.14,0.053,0.043,0.364,0.033,0.176,0.366,0.268,0.06,0.32,0.35,0.094,0.272,0.334,0.25,0.056,0.044
2015-10-30 09:00:00,0.178,0.101,0.077,0.382,0.072,0.241,0.398,0.329,0.077,0.347,0.368,0.146,0.308,0.356,0.294,0.089,0.084
2015-10-30 10:00:00,0.185,0.106,0.104,0.338,0.076,0.268,0.366,0.317,0.138,0.314,0.318,0.203,0.326,0.331,0.283,0.107,0.111
2015-10-30 11:00:00,0.155,0.103,0.107,0.242,0.08,0.211,0.276,0.232,0.11,0.258,0.222,0.182,0.245,0.253,0.213,0.106,0.114
2015-10-30 12:00:00,0.104,0.096,0.096,0.115,0.07,0.134,0.151,0.12,0.095,0.131,0.097,0.118,0.148,0.134,0.106,0.1,0.091
2015-10-30 13:00:00,0.06,0.062,0.065,0.051,0.049,0.068,0.055,0.057,0.065,0.053,0.046,0.06,0.07,0.057,0.047,0.069,0.066
2015-10-30 14:00:00,0.038,0.039,0.04,0.035,0.033,0.043,0.041,0.037,0.041,0.038,0.031,0.039,0.048,0.041,0.032,0.039,0.041
2015-10-30 15:00:00,0.011,0.013,0.011,0.009,0.009,0.014,0.017,0.01,0.012,0.012,0.006,0.012,0.017,0.015,0.008,0.012,0.013
2015-10-30 16:00:00,0.0,0.0,0.0,0.0,0.0,0.0,0.0,0.0,0.0,0.0,0.0,0.0,0.0,0.0,0.0,0.0,0.0
2015-10-30 17:00:00,0.0,0.0,0.0,0.0,0.0,0.0,0.0,0.0,0.0,0.0,0.0,0.0,0.0,0.0,0.0,0.0,0.0
2015-10-30 18:00:00,0.0,0.0,0.0,0.0,0.0,0.0,0.0,0.0,0.0,0.0,0.0,0.0,0.0,0.0,0.0,0.0,0.0
2015-10-30 19:00:00,0.0,0.0,0.0,0.0,0.0,0.0,0.0,0.0,0.0,0.0,0.0,0.0,0.0,0.0,0.0,0.0,0.0
2015-10-30 20:00:00,0.0,0.0,0.0,0.0,0.0,0.0,0.0,0.0,0.0,0.0,0.0,0.0,0.0,0.0,0.0,0.0,0.0
2015-10-30 21:00:00,0.0,0.0,0.0,0.0,0.0,0.0,0.0,0.0,0.0,0.0,0.0,0.0,0.0,0.0,0.0,0.0,0.0
2015-10-30 22:00:00,0.0,0.0,0.0,0.0,0.0,0.0,0.0,0.0,0.0,0.0,0.0,0.0,0.0,0.0,0.0,0.0,0.0
2015-10-30 23:00:00,0.0,0.0,0.0,0.0,0.0,0.0,0.0,0.0,0.0,0.0,0.0,0.0,0.0,0.0,0.0,0.0,0.0
2015-10-31 00:00:00,0.0,0.0,0.0,0.0,0.0,0.0,0.0,0.0,0.0,0.0,0.0,0.0,0.0,0.0,0.0,0.0,0.0
2015-10-31 01:00:00,0.0,0.0,0.0,0.0,0.0,0.0,0.0,0.0,0.0,0.0,0.0,0.0,0.0,0.0,0.0,0.0,0.0
2015-10-31 02:00:00,0.0,0.0,0.0,0.0,0.0,0.0,0.0,0.0,0.0,0.0,0.0,0.0,0.0,0.0,0.0,0.0,0.0
2015-10-31 03:00:00,0.0,0.0,0.0,0.0,0.0,0.0,0.0,0.0,0.0,0.0,0.0,0.0,0.0,0.0,0.0,0.0,0.0
2015-10-31 04:00:00,0.0,0.0,0.0,0.0,0.0,0.0,0.0,0.0,0.0,0.0,0.0,0.0,0.0,0.0,0.0,0.0,0.0
2015-10-31 05:00:00,0.0,0.0,0.0,0.0,0.0,0.0,0.0,0.0,0.0,0.0,0.0,0.0,0.0,0.0,0.0,0.0,0.0
2015-10-31 06:00:00,0.004,0.0,0.0,0.039,0.0,0.0,0.0,0.0,0.0,0.072,0.0,0.0,0.0,0.0,0.0,0.0,0.0
2015-10-31 07:00:00,0.173,0.102,0.191,0.187,0.134,0.206,0.19,0.219,0.104,0.191,0.238,0.157,0.091,0.185,0.21,0.185,0.15
2015-10-31 08:00:00,0.283,0.211,0.322,0.3,0.205,0.304,0.307,0.327,0.178,0.302,0.342,0.243,0.199,0.269,0.321,0.317,0.264
2015-10-31 09:00:00,0.322,0.264,0.352,0.352,0.239,0.342,0.35,0.339,0.218,0.392,0.361,0.251,0.297,0.329,0.351,0.358,0.312
2015-10-31 10:00:00,0.317,0.303,0.332,0.342,0.283,0.342,0.346,0.322,0.294,0.36,0.311,0.247,0.35,0.343,0.307,0.345,0.28
2015-10-31 11:00:00,0.25,0.275,0.245,0.245,0.269,0.262,0.283,0.241,0.271,0.262,0.218,0.2,0.274,0.265,0.216,0.266,0.233
2015-10-31 12:00:00,0.142,0.168,0.138,0.115,0.164,0.139,0.152,0.119,0.163,0.131,0.099,0.135,0.154,0.136,0.113,0.152,0.15
2015-10-31 13:00:00,0.056,0.053,0.066,0.05,0.051,0.052,0.052,0.051,0.055,0.052,0.051,0.076,0.052,0.052,0.054,0.057,0.059
2015-10-31 14:00:00,0.041,0.041,0.045,0.035,0.043,0.038,0.039,0.036,0.04,0.037,0.032,0.051,0.039,0.038,0.034,0.044,0.043
2015-10-31 15:00:00,0.015,0.02,0.016,0.008,0.02,0.014,0.016,0.01,0.019,0.011,0.006,0.016,0.017,0.013,0.008,0.018,0.018
2015-10-31 16:00:00,0.0,0.0,0.0,0.0,0.0,0.0,0.0,0.0,0.0,0.0,0.0,0.0,0.0,0.0,0.0,0.0,0.0
2015-10-31 17:00:00,0.0,0.0,0.0,0.0,0.0,0.0,0.0,0.0,0.0,0.0,0.0,0.0,0.0,0.0,0.0,0.0,0.0
2015-10-31 18:00:00,0.0,0.0,0.0,0.0,0.0,0.0,0.0,0.0,0.0,0.0,0.0,0.0,0.0,0.0,0.0,0.0,0.0
2015-10-31 19:00:00,0.0,0.0,0.0,0.0,0.0,0.0,0.0,0.0,0.0,0.0,0.0,0.0,0.0,0.0,0.0,0.0,0.0
2015-10-31 20:00:00,0.0,0.0,0.0,0.0,0.0,0.0,0.0,0.0,0.0,0.0,0.0,0.0,0.0,0.0,0.0,0.0,0.0
2015-10-31 21:00:00,0.0,0.0,0.0,0.0,0.0,0.0,0.0,0.0,0.0,0.0,0.0,0.0,0.0,0.0,0.0,0.0,0.0
2015-10-31 22:00:00,0.0,0.0,0.0,0.0,0.0,0.0,0.0,0.0,0.0,0.0,0.0,0.0,0.0,0.0,0.0,0.0,0.0
2015-10-31 23:00:00,0.0,0.0,0.0,0.0,0.0,0.0,0.0,0.0,0.0,0.0,0.0,0.0,0.0,0.0,0.0,0.0,0.0
2015-11-01 00:00:00,0.0,0.0,0.0,0.0,0.0,0.0,0.0,0.0,0.0,0.0,0.0,0.0,0.0,0.0,0.0,0.0,0.0
2015-11-01 01:00:00,0.0,0.0,0.0,0.0,0.0,0.0,0.0,0.0,0.0,0.0,0.0,0.0,0.0,0.0,0.0,0.0,0.0
2015-11-01 02:00:00,0.0,0.0,0.0,0.0,0.0,0.0,0.0,0.0,0.0,0.0,0.0,0.0,0.0,0.0,0.0,0.0,0.0
2015-11-01 03:00:00,0.0,0.0,0.0,0.0,0.0,0.0,0.0,0.0,0.0,0.0,0.0,0.0,0.0,0.0,0.0,0.0,0.0
2015-11-01 04:00:00,0.0,0.0,0.0,0.0,0.0,0.0,0.0,0.0,0.0,0.0,0.0,0.0,0.0,0.0,0.0,0.0,0.0
2015-11-01 05:00:00,0.0,0.0,0.0,0.0,0.0,0.0,0.0,0.0,0.0,0.0,0.0,0.0,0.0,0.0,0.0,0.0,0.0
2015-11-01 06:00:00,0.003,0.0,0.0,0.021,0.0,0.0,0.0,0.0,0.0,0.049,0.0,0.0,0.0,0.0,0.0,0.0,0.0
2015-11-01 07:00:00,0.175,0.206,0.147,0.27,0.177,0.228,0.208,0.198,0.226,0.291,0.161,0.08,0.202,0.207,0.111,0.185,0.108
2015-11-01 08:00:00,0.289,0.343,0.241,0.366,0.304,0.345,0.326,0.306,0.363,0.399,0.257,0.167,0.34,0.308,0.212,0.313,0.204
2015-11-01 09:00:00,0.333,0.394,0.292,0.374,0.358,0.386,0.383,0.339,0.406,0.416,0.309,0.229,0.392,0.363,0.253,0.35,0.266
2015-11-01 10:00:00,0.308,0.366,0.252,0.328,0.333,0.345,0.374,0.301,0.371,0.359,0.27,0.256,0.366,0.341,0.222,0.317,0.288
2015-11-01 11:00:00,0.237,0.287,0.188,0.236,0.256,0.253,0.287,0.221,0.286,0.258,0.203,0.205,0.279,0.258,0.195,0.241,0.233
2015-11-01 12:00:00,0.145,0.169,0.145,0.116,0.166,0.14,0.154,0.131,0.163,0.129,0.117,0.128,0.152,0.135,0.123,0.155,0.149
2015-11-01 13:00:00,0.072,0.056,0.092,0.059,0.079,0.064,0.053,0.081,0.054,0.053,0.084,0.069,0.054,0.053,0.082,0.081,0.063
2015-11-01 14:00:00,0.053,0.051,0.062,0.044,0.06,0.056,0.039,0.056,0.04,0.036,0.044,0.046,0.038,0.037,0.051,0.062,0.049
2015-11-01 15:00:00,0.019,0.025,0.019,0.01,0.027,0.019,0.015,0.013,0.02,0.01,0.007,0.014,0.018,0.014,0.01,0.024,0.023
2015-11-01 16:00:00,0.0,0.0,0.0,0.0,0.0,0.0,0.0,0.0,0.0,0.0,0.0,0.0,0.0,0.0,0.0,0.0,0.0
2015-11-01 17:00:00,0.0,0.0,0.0,0.0,0.0,0.0,0.0,0.0,0.0,0.0,0.0,0.0,0.0,0.0,0.0,0.0,0.0
2015-11-01 18:00:00,0.0,0.0,0.0,0.0,0.0,0.0,0.0,0.0,0.0,0.0,0.0,0.0,0.0,0.0,0.0,0.0,0.0
2015-11-01 19:00:00,0.0,0.0,0.0,0.0,0.0,0.0,0.0,0.0,0.0,0.0,0.0,0.0,0.0,0.0,0.0,0.0,0.0
2015-11-01 20:00:00,0.0,0.0,0.0,0.0,0.0,0.0,0.0,0.0,0.0,0.0,0.0,0.0,0.0,0.0,0.0,0.0,0.0
2015-11-01 21:00:00,0.0,0.0,0.0,0.0,0.0,0.0,0.0,0.0,0.0,0.0,0.0,0.0,0.0,0.0,0.0,0.0,0.0
2015-11-01 22:00:00,0.0,0.0,0.0,0.0,0.0,0.0,0.0,0.0,0.0,0.0,0.0,0.0,0.0,0.0,0.0,0.0,0.0
2015-11-01 23:00:00,0.0,0.0,0.0,0.0,0.0,0.0,0.0,0.0,0.0,0.0,0.0,0.0,0.0,0.0,0.0,0.0,0.0
2015-11-02 00:00:00,0.0,0.0,0.0,0.0,0.0,0.0,0.0,0.0,0.0,0.0,0.0,0.0,0.0,0.0,0.0,0.0,0.0
2015-11-02 01:00:00,0.0,0.0,0.0,0.0,0.0,0.0,0.0,0.0,0.0,0.0,0.0,0.0,0.0,0.0,0.0,0.0,0.0
2015-11-02 02:00:00,0.0,0.0,0.0,0.0,0.0,0.0,0.0,0.0,0.0,0.0,0.0,0.0,0.0,0.0,0.0,0.0,0.0
2015-11-02 03:00:00,0.0,0.0,0.0,0.0,0.0,0.0,0.0,0.0,0.0,0.0,0.0,0.0,0.0,0.0,0.0,0.0,0.0
2015-11-02 04:00:00,0.0,0.0,0.0,0.0,0.0,0.0,0.0,0.0,0.0,0.0,0.0,0.0,0.0,0.0,0.0,0.0,0.0
2015-11-02 05:00:00,0.0,0.0,0.0,0.0,0.0,0.0,0.0,0.0,0.0,0.0,0.0,0.0,0.0,0.0,0.0,0.0,0.0
2015-11-02 06:00:00,0.0,0.0,0.0,0.001,0.0,0.0,0.0,0.0,0.0,0.004,0.0,0.0,0.0,0.0,0.0,0.0,0.0
2015-11-02 07:00:00,0.145,0.213,0.127,0.151,0.167,0.229,0.277,0.182,0.232,0.259,0.093,0.007,0.248,0.261,0.022,0.181,0.014
2015-11-02 08:00:00,0.236,0.355,0.197,0.26,0.292,0.355,0.402,0.239,0.368,0.333,0.119,0.033,0.378,0.374,0.046,0.306,0.048
2015-11-02 09:00:00,0.267,0.403,0.162,0.32,0.346,0.387,0.428,0.26,0.409,0.357,0.117,0.051,0.411,0.4,0.068,0.35,0.074
2015-11-02 10:00:00,0.26,0.375,0.18,0.298,0.335,0.346,0.382,0.244,0.375,0.32,0.12,0.102,0.371,0.353,0.093,0.327,0.113
2015-11-02 11:00:00,0.208,0.291,0.17,0.227,0.27,0.254,0.284,0.192,0.286,0.242,0.114,0.09,0.279,0.257,0.093,0.253,0.117
2015-11-02 12:00:00,0.127,0.168,0.127,0.112,0.162,0.129,0.15,0.114,0.16,0.138,0.087,0.087,0.15,0.128,0.076,0.141,0.105
2015-11-02 13:00:00,0.056,0.051,0.054,0.053,0.055,0.048,0.051,0.061,0.052,0.065,0.064,0.06,0.05,0.049,0.055,0.05,0.079
2015-11-02 14:00:00,0.036,0.039,0.035,0.036,0.038,0.034,0.038,0.037,0.039,0.041,0.028,0.034,0.037,0.035,0.023,0.036,0.043
2015-11-02 15:00:00,0.012,0.019,0.011,0.007,0.018,0.011,0.014,0.007,0.017,0.011,0.002,0.006,0.015,0.01,0.002,0.014,0.013
2015-11-02 16:00:00,0.0,0.0,0.0,0.0,0.0,0.0,0.0,0.0,0.0,0.0,0.0,0.0,0.0,0.0,0.0,0.0,0.0
2015-11-02 17:00:00,0.0,0.0,0.0,0.0,0.0,0.0,0.0,0.0,0.0,0.0,0.0,0.0,0.0,0.0,0.0,0.0,0.0
2015-11-02 18:00:00,0.0,0.0,0.0,0.0,0.0,0.0,0.0,0.0,0.0,0.0,0.0,0.0,0.0,0.0,0.0,0.0,0.0
2015-11-02 19:00:00,0.0,0.0,0.0,0.0,0.0,0.0,0.0,0.0,0.0,0.0,0.0,0.0,0.0,0.0,0.0,0.0,0.0
2015-11-02 20:00:00,0.0,0.0,0.0,0.0,0.0,0.0,0.0,0.0,0.0,0.0,0.0,0.0,0.0,0.0,0.0,0.0,0.0
2015-11-02 21:00:00,0.0,0.0,0.0,0.0,0.0,0.0,0.0,0.0,0.0,0.0,0.0,0.0,0.0,0.0,0.0,0.0,0.0
2015-11-02 22:00:00,0.0,0.0,0.0,0.0,0.0,0.0,0.0,0.0,0.0,0.0,0.0,0.0,0.0,0.0,0.0,0.0,0.0
2015-11-02 23:00:00,0.0,0.0,0.0,0.0,0.0,0.0,0.0,0.0,0.0,0.0,0.0,0.0,0.0,0.0,0.0,0.0,0.0
2015-11-03 00:00:00,0.0,0.0,0.0,0.0,0.0,0.0,0.0,0.0,0.0,0.0,0.0,0.0,0.0,0.0,0.0,0.0,0.0
2015-11-03 01:00:00,0.0,0.0,0.0,0.0,0.0,0.0,0.0,0.0,0.0,0.0,0.0,0.0,0.0,0.0,0.0,0.0,0.0
2015-11-03 02:00:00,0.0,0.0,0.0,0.0,0.0,0.0,0.0,0.0,0.0,0.0,0.0,0.0,0.0,0.0,0.0,0.0,0.0
2015-11-03 03:00:00,0.0,0.0,0.0,0.0,0.0,0.0,0.0,0.0,0.0,0.0,0.0,0.0,0.0,0.0,0.0,0.0,0.0
2015-11-03 04:00:00,0.0,0.0,0.0,0.0,0.0,0.0,0.0,0.0,0.0,0.0,0.0,0.0,0.0,0.0,0.0,0.0,0.0
2015-11-03 05:00:00,0.0,0.0,0.0,0.0,0.0,0.0,0.0,0.0,0.0,0.0,0.0,0.0,0.0,0.0,0.0,0.0,0.0
2015-11-03 06:00:00,0.0,0.0,0.0,0.0,0.0,0.0,0.0,0.0,0.0,0.0,0.0,0.0,0.0,0.0,0.0,0.0,0.0
2015-11-03 07:00:00,0.11,0.177,0.03,0.226,0.117,0.223,0.277,0.103,0.233,0.277,0.014,0.022,0.248,0.26,0.013,0.103,0.011
2015-11-03 08:00:00,0.186,0.299,0.06,0.324,0.22,0.33,0.402,0.165,0.371,0.38,0.039,0.061,0.379,0.38,0.042,0.178,0.064
2015-11-03 09:00:00,0.232,0.354,0.098,0.334,0.283,0.378,0.427,0.207,0.41,0.407,0.069,0.12,0.411,0.403,0.076,0.23,0.128
2015-11-03 10:00:00,0.248,0.357,0.134,0.305,0.309,0.344,0.381,0.2,0.371,0.353,0.098,0.144,0.369,0.355,0.093,0.273,0.187
2015-11-03 11:00:00,0.215,0.286,0.143,0.213,0.264,0.257,0.281,0.167,0.282,0.254,0.109,0.151,0.275,0.257,0.106,0.24,0.217
2015-11-03 12:00:00,0.132,0.165,0.127,0.103,0.161,0.129,0.147,0.099,0.156,0.121,0.084,0.109,0.146,0.126,0.094,0.146,0.143
2015-11-03 13:00:00,0.055,0.052,0.062,0.051,0.051,0.048,0.051,0.055,0.052,0.049,0.076,0.055,0.049,0.049,0.074,0.053,0.053
2015-11-03 14:00:00,0.037,0.039,0.036,0.033,0.038,0.034,0.037,0.036,0.038,0.034,0.037,0.036,0.037,0.035,0.042,0.038,0.038
2015-11-03 15:00:00,0.012,0.018,0.011,0.006,0.018,0.011,0.014,0.006,0.017,0.008,0.004,0.008,0.014,0.01,0.005,0.014,0.014
2015-11-03 16:00:00,0.0,0.0,0.0,0.0,0.0,0.0,0.0,0.0,0.0,0.0,0.0,0.0,0.0,0.0,0.0,0.0,0.0
2015-11-03 17:00:00,0.0,0.0,0.0,0.0,0.0,0.0,0.0,0.0,0.0,0.0,0.0,0.0,0.0,0.0,0.0,0.0,0.0
2015-11-03 18:00:00,0.0,0.0,0.0,0.0,0.0,0.0,0.0,0.0,0.0,0.0,0.0,0.0,0.0,0.0,0.0,0.0,0.0
2015-11-03 19:00:00,0.0,0.0,0.0,0.0,0.0,0.0,0.0,0.0,0.0,0.0,0.0,0.0,0.0,0.0,0.0,0.0,0.0
2015-11-03 20:00:00,0.0,0.0,0.0,0.0,0.0,0.0,0.0,0.0,0.0,0.0,0.0,0.0,0.0,0.0,0.0,0.0,0.0
2015-11-03 21:00:00,0.0,0.0,0.0,0.0,0.0,0.0,0.0,0.0,0.0,0.0,0.0,0.0,0.0,0.0,0.0,0.0,0.0
2015-11-03 22:00:00,0.0,0.0,0.0,0.0,0.0,0.0,0.0,0.0,0.0,0.0,0.0,0.0,0.0,0.0,0.0,0.0,0.0
2015-11-03 23:00:00,0.0,0.0,0.0,0.0,0.0,0.0,0.0,0.0,0.0,0.0,0.0,0.0,0.0,0.0,0.0,0.0,0.0
2015-11-04 00:00:00,0.0,0.0,0.0,0.0,0.0,0.0,0.0,0.0,0.0,0.0,0.0,0.0,0.0,0.0,0.0,0.0,0.0
2015-11-04 01:00:00,0.0,0.0,0.0,0.0,0.0,0.0,0.0,0.0,0.0,0.0,0.0,0.0,0.0,0.0,0.0,0.0,0.0
2015-11-04 02:00:00,0.0,0.0,0.0,0.0,0.0,0.0,0.0,0.0,0.0,0.0,0.0,0.0,0.0,0.0,0.0,0.0,0.0
2015-11-04 03:00:00,0.0,0.0,0.0,0.0,0.0,0.0,0.0,0.0,0.0,0.0,0.0,0.0,0.0,0.0,0.0,0.0,0.0
2015-11-04 04:00:00,0.0,0.0,0.0,0.0,0.0,0.0,0.0,0.0,0.0,0.0,0.0,0.0,0.0,0.0,0.0,0.0,0.0
2015-11-04 05:00:00,0.0,0.0,0.0,0.0,0.0,0.0,0.0,0.0,0.0,0.0,0.0,0.0,0.0,0.0,0.0,0.0,0.0
2015-11-04 06:00:00,0.0,0.0,0.0,0.0,0.0,0.0,0.0,0.0,0.0,0.0,0.0,0.0,0.0,0.0,0.0,0.0,0.0
2015-11-04 07:00:00,0.136,0.188,0.055,0.232,0.101,0.217,0.226,0.219,0.215,0.243,0.171,0.007,0.213,0.208,0.105,0.147,0.004
2015-11-04 08:00:00,0.214,0.295,0.095,0.34,0.123,0.346,0.351,0.331,0.354,0.372,0.259,0.037,0.35,0.334,0.141,0.24,0.037
2015-11-04 09:00:00,0.245,0.367,0.113,0.361,0.183,0.377,0.381,0.336,0.397,0.392,0.306,0.065,0.388,0.37,0.136,0.268,0.069
2015-11-04 10:00:00,0.232,0.344,0.122,0.308,0.209,0.342,0.351,0.286,0.363,0.329,0.281,0.083,0.353,0.316,0.135,0.247,0.103
2015-11-04 11:00:00,0.188,0.275,0.112,0.224,0.177,0.252,0.264,0.214,0.275,0.245,0.2,0.103,0.264,0.243,0.116,0.201,0.112
2015-11-04 12:00:00,0.117,0.157,0.097,0.114,0.123,0.125,0.14,0.109,0.151,0.122,0.092,0.089,0.14,0.125,0.084,0.127,0.103
2015-11-04 13:00:00,0.061,0.049,0.055,0.062,0.068,0.048,0.053,0.053,0.05,0.062,0.052,0.069,0.049,0.054,0.06,0.065,0.076
2015-11-04 14:00:00,0.04,0.038,0.036,0.039,0.046,0.034,0.038,0.036,0.037,0.04,0.032,0.04,0.036,0.036,0.029,0.042,0.053
2015-11-04 15:00:00,0.011,0.016,0.008,0.006,0.018,0.01,0.013,0.006,0.015,0.009,0.003,0.007,0.013,0.009,0.002,0.013,0.015
2015-11-04 16:00:00,0.0,0.0,0.0,0.0,0.0,0.0,0.0,0.0,0.0,0.0,0.0,0.0,0.0,0.0,0.0,0.0,0.0
2015-11-04 17:00:00,0.0,0.0,0.0,0.0,0.0,0.0,0.0,0.0,0.0,0.0,0.0,0.0,0.0,0.0,0.0,0.0,0.0
2015-11-04 18:00:00,0.0,0.0,0.0,0.0,0.0,0.0,0.0,0.0,0.0,0.0,0.0,0.0,0.0,0.0,0.0,0.0,0.0
2015-11-04 19:00:00,0.0,0.0,0.0,0.0,0.0,0.0,0.0,0.0,0.0,0.0,0.0,0.0,0.0,0.0,0.0,0.0,0.0
2015-11-04 20:00:00,0.0,0.0,0.0,0.0,0.0,0.0,0.0,0.0,0.0,0.0,0.0,0.0,0.0,0.0,0.0,0.0,0.0
2015-11-04 21:00:00,0.0,0.0,0.0,0.0,0.0,0.0,0.0,0.0,0.0,0.0,0.0,0.0,0.0,0.0,0.0,0.0,0.0
2015-11-04 22:00:00,0.0,0.0,0.0,0.0,0.0,0.0,0.0,0.0,0.0,0.0,0.0,0.0,0.0,0.0,0.0,0.0,0.0
2015-11-04 23:00:00,0.0,0.0,0.0,0.0,0.0,0.0,0.0,0.0,0.0,0.0,0.0,0.0,0.0,0.0,0.0,0.0,0.0
2015-11-05 00:00:00,0.0,0.0,0.0,0.0,0.0,0.0,0.0,0.0,0.0,0.0,0.0,0.0,0.0,0.0,0.0,0.0,0.0
2015-11-05 01:00:00,0.0,0.0,0.0,0.0,0.0,0.0,0.0,0.0,0.0,0.0,0.0,0.0,0.0,0.0,0.0,0.0,0.0
2015-11-05 02:00:00,0.0,0.0,0.0,0.0,0.0,0.0,0.0,0.0,0.0,0.0,0.0,0.0,0.0,0.0,0.0,0.0,0.0
2015-11-05 03:00:00,0.0,0.0,0.0,0.0,0.0,0.0,0.0,0.0,0.0,0.0,0.0,0.0,0.0,0.0,0.0,0.0,0.0
2015-11-05 04:00:00,0.0,0.0,0.0,0.0,0.0,0.0,0.0,0.0,0.0,0.0,0.0,0.0,0.0,0.0,0.0,0.0,0.0
2015-11-05 05:00:00,0.0,0.0,0.0,0.0,0.0,0.0,0.0,0.0,0.0,0.0,0.0,0.0,0.0,0.0,0.0,0.0,0.0
2015-11-05 06:00:00,0.0,0.0,0.0,0.0,0.0,0.0,0.0,0.0,0.0,0.0,0.0,0.0,0.0,0.0,0.0,0.0,0.0
2015-11-05 07:00:00,0.024,0.057,0.01,0.016,0.003,0.013,0.215,0.009,0.099,0.126,0.014,0.004,0.117,0.048,0.008,0.011,0.003
2015-11-05 08:00:00,0.06,0.114,0.041,0.052,0.03,0.051,0.334,0.038,0.201,0.163,0.035,0.025,0.237,0.088,0.034,0.04,0.025
2015-11-05 09:00:00,0.09,0.167,0.069,0.066,0.074,0.086,0.357,0.059,0.265,0.187,0.056,0.04,0.274,0.116,0.054,0.072,0.045
2015-11-05 10:00:00,0.11,0.191,0.079,0.091,0.123,0.1,0.328,0.07,0.259,0.17,0.075,0.045,0.277,0.126,0.059,0.11,0.057
2015-11-05 11:00:00,0.115,0.188,0.089,0.088,0.149,0.106,0.243,0.078,0.229,0.144,0.081,0.041,0.223,0.124,0.058,0.123,0.093
2015-11-05 12:00:00,0.098,0.146,0.095,0.075,0.14,0.102,0.137,0.061,0.152,0.091,0.067,0.037,0.138,0.106,0.044,0.117,0.081
2015-11-05 13:00:00,0.064,0.079,0.068,0.049,0.075,0.078,0.055,0.055,0.063,0.067,0.044,0.034,0.065,0.081,0.034,0.084,0.047
2015-11-05 14:00:00,0.038,0.044,0.038,0.024,0.053,0.043,0.038,0.023,0.049,0.033,0.024,0.019,0.047,0.04,0.017,0.047,0.04
2015-11-05 15:00:00,0.01,0.017,0.008,0.001,0.021,0.008,0.011,0.002,0.016,0.005,0.001,0.003,0.014,0.007,0.001,0.014,0.014
2015-11-05 16:00:00,0.0,0.0,0.0,0.0,0.0,0.0,0.0,0.0,0.0,0.0,0.0,0.0,0.0,0.0,0.0,0.0,0.0
2015-11-05 17:00:00,0.0,0.0,0.0,0.0,0.0,0.0,0.0,0.0,0.0,0.0,0.0,0.0,0.0,0.0,0.0,0.0,0.0
2015-11-05 18:00:00,0.0,0.0,0.0,0.0,0.0,0.0,0.0,0.0,0.0,0.0,0.0,0.0,0.0,0.0,0.0,0.0,0.0
2015-11-05 19:00:00,0.0,0.0,0.0,0.0,0.0,0.0,0.0,0.0,0.0,0.0,0.0,0.0,0.0,0.0,0.0,0.0,0.0
2015-11-05 20:00:00,0.0,0.0,0.0,0.0,0.0,0.0,0.0,0.0,0.0,0.0,0.0,0.0,0.0,0.0,0.0,0.0,0.0
2015-11-05 21:00:00,0.0,0.0,0.0,0.0,0.0,0.0,0.0,0.0,0.0,0.0,0.0,0.0,0.0,0.0,0.0,0.0,0.0
2015-11-05 22:00:00,0.0,0.0,0.0,0.0,0.0,0.0,0.0,0.0,0.0,0.0,0.0,0.0,0.0,0.0,0.0,0.0,0.0
2015-11-05 23:00:00,0.0,0.0,0.0,0.0,0.0,0.0,0.0,0.0,0.0,0.0,0.0,0.0,0.0,0.0,0.0,0.0,0.0
2015-11-06 00:00:00,0.0,0.0,0.0,0.0,0.0,0.0,0.0,0.0,0.0,0.0,0.0,0.0,0.0,0.0,0.0,0.0,0.0
2015-11-06 01:00:00,0.0,0.0,0.0,0.0,0.0,0.0,0.0,0.0,0.0,0.0,0.0,0.0,0.0,0.0,0.0,0.0,0.0
2015-11-06 02:00:00,0.0,0.0,0.0,0.0,0.0,0.0,0.0,0.0,0.0,0.0,0.0,0.0,0.0,0.0,0.0,0.0,0.0
2015-11-06 03:00:00,0.0,0.0,0.0,0.0,0.0,0.0,0.0,0.0,0.0,0.0,0.0,0.0,0.0,0.0,0.0,0.0,0.0
2015-11-06 04:00:00,0.0,0.0,0.0,0.0,0.0,0.0,0.0,0.0,0.0,0.0,0.0,0.0,0.0,0.0,0.0,0.0,0.0
2015-11-06 05:00:00,0.0,0.0,0.0,0.0,0.0,0.0,0.0,0.0,0.0,0.0,0.0,0.0,0.0,0.0,0.0,0.0,0.0
2015-11-06 06:00:00,0.0,0.0,0.0,0.0,0.0,0.0,0.0,0.0,0.0,0.0,0.0,0.0,0.0,0.0,0.0,0.0,0.0
2015-11-06 07:00:00,0.035,0.059,0.069,0.03,0.013,0.059,0.135,0.033,0.08,0.045,0.01,0.015,0.089,0.054,0.008,0.038,0.004
2015-11-06 08:00:00,0.085,0.141,0.114,0.071,0.072,0.123,0.226,0.083,0.176,0.107,0.065,0.057,0.164,0.103,0.038,0.079,0.032
2015-11-06 09:00:00,0.13,0.191,0.179,0.077,0.139,0.168,0.278,0.109,0.232,0.138,0.074,0.097,0.247,0.127,0.062,0.146,0.052
2015-11-06 10:00:00,0.158,0.233,0.192,0.102,0.182,0.224,0.266,0.145,0.253,0.151,0.081,0.101,0.262,0.17,0.071,0.183,0.084
2015-11-06 11:00:00,0.148,0.222,0.173,0.098,0.178,0.199,0.213,0.144,0.222,0.143,0.077,0.102,0.215,0.164,0.072,0.184,0.043
2015-11-06 12:00:00,0.102,0.151,0.11,0.077,0.113,0.13,0.141,0.106,0.149,0.102,0.067,0.073,0.15,0.13,0.066,0.122,0.033
2015-11-06 13:00:00,0.058,0.086,0.054,0.061,0.062,0.06,0.068,0.066,0.104,0.064,0.047,0.038,0.089,0.078,0.05,0.06,0.026
2015-11-06 14:00:00,0.035,0.051,0.025,0.026,0.041,0.038,0.05,0.033,0.063,0.034,0.025,0.015,0.061,0.047,0.027,0.039,0.023
2015-11-06 15:00:00,0.009,0.017,0.003,0.003,0.014,0.009,0.016,0.005,0.019,0.006,0.001,0.001,0.017,0.01,0.002,0.011,0.007
2015-11-06 16:00:00,0.0,0.0,0.0,0.0,0.0,0.0,0.0,0.0,0.0,0.0,0.0,0.0,0.0,0.0,0.0,0.0,0.0
2015-11-06 17:00:00,0.0,0.0,0.0,0.0,0.0,0.0,0.0,0.0,0.0,0.0,0.0,0.0,0.0,0.0,0.0,0.0,0.0
2015-11-06 18:00:00,0.0,0.0,0.0,0.0,0.0,0.0,0.0,0.0,0.0,0.0,0.0,0.0,0.0,0.0,0.0,0.0,0.0
2015-11-06 19:00:00,0.0,0.0,0.0,0.0,0.0,0.0,0.0,0.0,0.0,0.0,0.0,0.0,0.0,0.0,0.0,0.0,0.0
2015-11-06 20:00:00,0.0,0.0,0.0,0.0,0.0,0.0,0.0,0.0,0.0,0.0,0.0,0.0,0.0,0.0,0.0,0.0,0.0
2015-11-06 21:00:00,0.0,0.0,0.0,0.0,0.0,0.0,0.0,0.0,0.0,0.0,0.0,0.0,0.0,0.0,0.0,0.0,0.0
2015-11-06 22:00:00,0.0,0.0,0.0,0.0,0.0,0.0,0.0,0.0,0.0,0.0,0.0,0.0,0.0,0.0,0.0,0.0,0.0
2015-11-06 23:00:00,0.0,0.0,0.0,0.0,0.0,0.0,0.0,0.0,0.0,0.0,0.0,0.0,0.0,0.0,0.0,0.0,0.0
2015-11-12 00:00:00,0.0,0.0,0.0,0.0,0.0,0.0,0.0,0.0,0.0,0.0,0.0,0.0,0.0,0.0,0.0,0.0,0.0
2015-11-12 01:00:00,0.0,0.0,0.0,0.0,0.0,0.0,0.0,0.0,0.0,0.0,0.0,0.0,0.0,0.0,0.0,0.0,0.0
2015-11-12 02:00:00,0.0,0.0,0.0,0.0,0.0,0.0,0.0,0.0,0.0,0.0,0.0,0.0,0.0,0.0,0.0,0.0,0.0
2015-11-12 03:00:00,0.0,0.0,0.0,0.0,0.0,0.0,0.0,0.0,0.0,0.0,0.0,0.0,0.0,0.0,0.0,0.0,0.0
2015-11-12 04:00:00,0.0,0.0,0.0,0.0,0.0,0.0,0.0,0.0,0.0,0.0,0.0,0.0,0.0,0.0,0.0,0.0,0.0
2015-11-12 05:00:00,0.0,0.0,0.0,0.0,0.0,0.0,0.0,0.0,0.0,0.0,0.0,0.0,0.0,0.0,0.0,0.0,0.0
2015-11-12 06:00:00,0.0,0.0,0.0,0.0,0.0,0.0,0.0,0.0,0.0,0.0,0.0,0.0,0.0,0.0,0.0,0.0,0.0
2015-11-12 07:00:00,0.015,0.044,0.0,0.009,0.006,0.033,0.054,0.011,0.065,0.043,0.001,0.0,0.045,0.028,0.0,0.015,0.0
2015-11-12 08:00:00,0.048,0.085,0.006,0.052,0.009,0.114,0.115,0.05,0.206,0.159,0.008,0.008,0.168,0.135,0.005,0.042,0.007
2015-11-12 09:00:00,0.06,0.076,0.012,0.118,0.021,0.129,0.17,0.047,0.203,0.149,0.024,0.021,0.235,0.125,0.02,0.044,0.037
2015-11-12 10:00:00,0.062,0.065,0.021,0.117,0.038,0.108,0.163,0.062,0.155,0.131,0.025,0.032,0.18,0.149,0.026,0.043,0.055
2015-11-12 11:00:00,0.059,0.071,0.026,0.097,0.082,0.061,0.131,0.037,0.092,0.096,0.02,0.034,0.115,0.131,0.022,0.044,0.074
2015-11-12 12:00:00,0.052,0.06,0.033,0.069,0.082,0.038,0.085,0.032,0.058,0.062,0.021,0.033,0.07,0.083,0.022,0.048,0.071
2015-11-12 13:00:00,0.037,0.055,0.031,0.043,0.056,0.023,0.048,0.016,0.042,0.036,0.008,0.035,0.041,0.049,0.009,0.042,0.041
2015-11-12 14:00:00,0.02,0.03,0.022,0.014,0.029,0.008,0.031,0.005,0.017,0.019,0.002,0.022,0.017,0.018,0.006,0.025,0.026
2015-11-12 15:00:00,0.003,0.007,0.001,0.0,0.007,0.0,0.002,0.0,0.003,0.0,0.0,0.002,0.001,0.0,0.0,0.004,0.005
2015-11-12 16:00:00,0.0,0.0,0.0,0.0,0.0,0.0,0.0,0.0,0.0,0.0,0.0,0.0,0.0,0.0,0.0,0.0,0.0
2015-11-12 17:00:00,0.0,0.0,0.0,0.0,0.0,0.0,0.0,0.0,0.0,0.0,0.0,0.0,0.0,0.0,0.0,0.0,0.0
2015-11-12 18:00:00,0.0,0.0,0.0,0.0,0.0,0.0,0.0,0.0,0.0,0.0,0.0,0.0,0.0,0.0,0.0,0.0,0.0
2015-11-12 19:00:00,0.0,0.0,0.0,0.0,0.0,0.0,0.0,0.0,0.0,0.0,0.0,0.0,0.0,0.0,0.0,0.0,0.0
2015-11-12 20:00:00,0.0,0.0,0.0,0.0,0.0,0.0,0.0,0.0,0.0,0.0,0.0,0.0,0.0,0.0,0.0,0.0,0.0
2015-11-12 21:00:00,0.0,0.0,0.0,0.0,0.0,0.0,0.0,0.0,0.0,0.0,0.0,0.0,0.0,0.0,0.0,0.0,0.0
2015-11-12 22:00:00,0.0,0.0,0.0,0.0,0.0,0.0,0.0,0.0,0.0,0.0,0.0,0.0,0.0,0.0,0.0,0.0,0.0
2015-11-12 23:00:00,0.0,0.0,0.0,0.0,0.0,0.0,0.0,0.0,0.0,0.0,0.0,0.0,0.0,0.0,0.0,0.0,0.0
2015-11-13 00:00:00,0.0,0.0,0.0,0.0,0.0,0.0,0.0,0.0,0.0,0.0,0.0,0.0,0.0,0.0,0.0,0.0,0.0
2015-11-13 01:00:00,0.0,0.0,0.0,0.0,0.0,0.0,0.0,0.0,0.0,0.0,0.0,0.0,0.0,0.0,0.0,0.0,0.0
2015-11-13 02:00:00,0.0,0.0,0.0,0.0,0.0,0.0,0.0,0.0,0.0,0.0,0.0,0.0,0.0,0.0,0.0,0.0,0.0
2015-11-13 03:00:00,0.0,0.0,0.0,0.0,0.0,0.0,0.0,0.0,0.0,0.0,0.0,0.0,0.0,0.0,0.0,0.0,0.0
2015-11-13 04:00:00,0.0,0.0,0.0,0.0,0.0,0.0,0.0,0.0,0.0,0.0,0.0,0.0,0.0,0.0,0.0,0.0,0.0
2015-11-13 05:00:00,0.0,0.0,0.0,0.0,0.0,0.0,0.0,0.0,0.0,0.0,0.0,0.0,0.0,0.0,0.0,0.0,0.0
2015-11-13 06:00:00,0.0,0.0,0.0,0.0,0.0,0.0,0.0,0.0,0.0,0.0,0.0,0.0,0.0,0.0,0.0,0.0,0.0
2015-11-13 07:00:00,0.031,0.039,0.008,0.098,0.024,0.018,0.073,0.039,0.075,0.086,0.049,0.005,0.061,0.061,0.025,0.021,0.0
2015-11-13 08:00:00,0.076,0.122,0.041,0.142,0.079,0.048,0.122,0.078,0.161,0.102,0.101,0.029,0.149,0.068,0.066,0.07,0.023
2015-11-13 09:00:00,0.123,0.212,0.074,0.163,0.131,0.091,0.241,0.097,0.252,0.196,0.123,0.082,0.233,0.138,0.088,0.118,0.048
2015-11-13 10:00:00,0.129,0.204,0.074,0.145,0.127,0.111,0.266,0.114,0.246,0.194,0.133,0.085,0.246,0.15,0.111,0.134,0.046
2015-11-13 11:00:00,0.127,0.199,0.08,0.144,0.148,0.13,0.214,0.113,0.202,0.185,0.118,0.074,0.204,0.162,0.11,0.126,0.057
2015-11-13 12:00:00,0.089,0.122,0.078,0.097,0.097,0.105,0.124,0.086,0.118,0.104,0.094,0.041,0.121,0.11,0.078,0.095,0.047
2015-11-13 13:00:00,0.056,0.058,0.059,0.068,0.063,0.076,0.063,0.065,0.06,0.055,0.059,0.029,0.066,0.071,0.045,0.059,0.041
2015-11-13 14:00:00,0.033,0.039,0.027,0.036,0.046,0.042,0.038,0.032,0.044,0.036,0.023,0.016,0.043,0.042,0.018,0.034,0.029
2015-11-13 15:00:00,0.005,0.012,0.001,0.001,0.011,0.004,0.006,0.002,0.01,0.003,0.0,0.0,0.007,0.005,0.0,0.005,0.005
2015-11-13 16:00:00,0.0,0.0,0.0,0.0,0.0,0.0,0.0,0.0,0.0,0.0,0.0,0.0,0.0,0.0,0.0,0.0,0.0
2015-11-13 17:00:00,0.0,0.0,0.0,0.0,0.0,0.0,0.0,0.0,0.0,0.0,0.0,0.0,0.0,0.0,0.0,0.0,0.0
2015-11-13 18:00:00,0.0,0.0,0.0,0.0,0.0,0.0,0.0,0.0,0.0,0.0,0.0,0.0,0.0,0.0,0.0,0.0,0.0
2015-11-13 19:00:00,0.0,0.0,0.0,0.0,0.0,0.0,0.0,0.0,0.0,0.0,0.0,0.0,0.0,0.0,0.0,0.0,0.0
2015-11-13 20:00:00,0.0,0.0,0.0,0.0,0.0,0.0,0.0,0.0,0.0,0.0,0.0,0.0,0.0,0.0,0.0,0.0,0.0
2015-11-13 21:00:00,0.0,0.0,0.0,0.0,0.0,0.0,0.0,0.0,0.0,0.0,0.0,0.0,0.0,0.0,0.0,0.0,0.0
2015-11-13 22:00:00,0.0,0.0,0.0,0.0,0.0,0.0,0.0,0.0,0.0,0.0,0.0,0.0,0.0,0.0,0.0,0.0,0.0
2015-11-13 23:00:00,0.0,0.0,0.0,0.0,0.0,0.0,0.0,0.0,0.0,0.0,0.0,0.0,0.0,0.0,0.0,0.0,0.0
2015-11-14 00:00:00,0.0,0.0,0.0,0.0,0.0,0.0,0.0,0.0,0.0,0.0,0.0,0.0,0.0,0.0,0.0,0.0,0.0
2015-11-14 01:00:00,0.0,0.0,0.0,0.0,0.0,0.0,0.0,0.0,0.0,0.0,0.0,0.0,0.0,0.0,0.0,0.0,0.0
2015-11-14 02:00:00,0.0,0.0,0.0,0.0,0.0,0.0,0.0,0.0,0.0,0.0,0.0,0.0,0.0,0.0,0.0,0.0,0.0
2015-11-14 03:00:00,0.0,0.0,0.0,0.0,0.0,0.0,0.0,0.0,0.0,0.0,0.0,0.0,0.0,0.0,0.0,0.0,0.0
2015-11-14 04:00:00,0.0,0.0,0.0,0.0,0.0,0.0,0.0,0.0,0.0,0.0,0.0,0.0,0.0,0.0,0.0,0.0,0.0
2015-11-14 05:00:00,0.0,0.0,0.0,0.0,0.0,0.0,0.0,0.0,0.0,0.0,0.0,0.0,0.0,0.0,0.0,0.0,0.0
2015-11-14 06:00:00,0.0,0.0,0.0,0.0,0.0,0.0,0.0,0.0,0.0,0.0,0.0,0.0,0.0,0.0,0.0,0.0,0.0
2015-11-14 07:00:00,0.064,0.113,0.096,0.007,0.041,0.125,0.063,0.048,0.148,0.013,0.001,0.029,0.154,0.083,0.038,0.1,0.0
2015-11-14 08:00:00,0.161,0.213,0.201,0.092,0.185,0.215,0.236,0.161,0.267,0.101,0.022,0.123,0.28,0.246,0.094,0.19,0.086
2015-11-14 09:00:00,0.226,0.295,0.263,0.22,0.27,0.237,0.347,0.21,0.303,0.235,0.074,0.138,0.294,0.283,0.141,0.258,0.163
2015-11-14 10:00:00,0.233,0.303,0.262,0.248,0.261,0.2,0.305,0.208,0.281,0.254,0.172,0.122,0.258,0.24,0.153,0.276,0.174
2015-11-14 11:00:00,0.17,0.234,0.165,0.163,0.208,0.145,0.199,0.138,0.219,0.196,0.131,0.08,0.199,0.172,0.121,0.203,0.127
2015-11-14 12:00:00,0.086,0.119,0.069,0.07,0.108,0.092,0.113,0.07,0.122,0.093,0.058,0.052,0.114,0.093,0.056,0.096,0.078
2015-11-14 13:00:00,0.046,0.051,0.046,0.042,0.05,0.046,0.051,0.042,0.047,0.054,0.038,0.052,0.052,0.051,0.038,0.044,0.051
2015-11-14 14:00:00,0.025,0.032,0.023,0.02,0.029,0.024,0.03,0.021,0.034,0.027,0.015,0.02,0.031,0.03,0.018,0.028,0.023
2015-11-14 15:00:00,0.003,0.009,0.001,0.0,0.008,0.002,0.005,0.001,0.006,0.002,0.0,0.001,0.005,0.002,0.0,0.004,0.004
2015-11-14 16:00:00,0.0,0.0,0.0,0.0,0.0,0.0,0.0,0.0,0.0,0.0,0.0,0.0,0.0,0.0,0.0,0.0,0.0
2015-11-14 17:00:00,0.0,0.0,0.0,0.0,0.0,0.0,0.0,0.0,0.0,0.0,0.0,0.0,0.0,0.0,0.0,0.0,0.0
2015-11-14 18:00:00,0.0,0.0,0.0,0.0,0.0,0.0,0.0,0.0,0.0,0.0,0.0,0.0,0.0,0.0,0.0,0.0,0.0
2015-11-14 19:00:00,0.0,0.0,0.0,0.0,0.0,0.0,0.0,0.0,0.0,0.0,0.0,0.0,0.0,0.0,0.0,0.0,0.0
2015-11-14 20:00:00,0.0,0.0,0.0,0.0,0.0,0.0,0.0,0.0,0.0,0.0,0.0,0.0,0.0,0.0,0.0,0.0,0.0
2015-11-14 21:00:00,0.0,0.0,0.0,0.0,0.0,0.0,0.0,0.0,0.0,0.0,0.0,0.0,0.0,0.0,0.0,0.0,0.0
2015-11-14 22:00:00,0.0,0.0,0.0,0.0,0.0,0.0,0.0,0.0,0.0,0.0,0.0,0.0,0.0,0.0,0.0,0.0,0.0
2015-11-14 23:00:00,0.0,0.0,0.0,0.0,0.0,0.0,0.0,0.0,0.0,0.0,0.0,0.0,0.0,0.0,0.0,0.0,0.0
2015-11-15 00:00:00,0.0,0.0,0.0,0.0,0.0,0.0,0.0,0.0,0.0,0.0,0.0,0.0,0.0,0.0,0.0,0.0,0.0
2015-11-15 01:00:00,0.0,0.0,0.0,0.0,0.0,0.0,0.0,0.0,0.0,0.0,0.0,0.0,0.0,0.0,0.0,0.0,0.0
2015-11-15 02:00:00,0.0,0.0,0.0,0.0,0.0,0.0,0.0,0.0,0.0,0.0,0.0,0.0,0.0,0.0,0.0,0.0,0.0
2015-11-15 03:00:00,0.0,0.0,0.0,0.0,0.0,0.0,0.0,0.0,0.0,0.0,0.0,0.0,0.0,0.0,0.0,0.0,0.0
2015-11-15 04:00:00,0.0,0.0,0.0,0.0,0.0,0.0,0.0,0.0,0.0,0.0,0.0,0.0,0.0,0.0,0.0,0.0,0.0
2015-11-15 05:00:00,0.0,0.0,0.0,0.0,0.0,0.0,0.0,0.0,0.0,0.0,0.0,0.0,0.0,0.0,0.0,0.0,0.0
2015-11-15 06:00:00,0.0,0.0,0.0,0.0,0.0,0.0,0.0,0.0,0.0,0.0,0.0,0.0,0.0,0.0,0.0,0.0,0.0
2015-11-15 07:00:00,0.006,0.0,0.001,0.027,0.0,0.004,0.012,0.014,0.0,0.021,0.034,0.0,0.001,0.009,0.011,0.0,0.0
2015-11-15 08:00:00,0.023,0.003,0.019,0.057,0.001,0.03,0.037,0.039,0.008,0.061,0.099,0.02,0.013,0.04,0.045,0.008,0.006
2015-11-15 09:00:00,0.044,0.008,0.033,0.127,0.003,0.046,0.065,0.085,0.019,0.093,0.162,0.05,0.025,0.049,0.084,0.015,0.016
2015-11-15 10:00:00,0.048,0.008,0.039,0.137,0.005,0.056,0.083,0.086,0.02,0.068,0.128,0.08,0.035,0.053,0.089,0.018,0.023
2015-11-15 11:00:00,0.033,0.008,0.033,0.083,0.006,0.035,0.063,0.055,0.016,0.058,0.072,0.076,0.029,0.04,0.055,0.011,0.02
2015-11-15 12:00:00,0.026,0.009,0.023,0.063,0.005,0.025,0.036,0.046,0.011,0.048,0.056,0.057,0.024,0.026,0.04,0.01,0.017
2015-11-15 13:00:00,0.016,0.006,0.012,0.036,0.003,0.014,0.025,0.028,0.009,0.033,0.035,0.036,0.008,0.016,0.028,0.004,0.011
2015-11-15 14:00:00,0.005,0.001,0.002,0.013,0.0,0.002,0.005,0.008,0.001,0.007,0.015,0.011,0.002,0.002,0.01,0.001,0.007
2015-11-15 15:00:00,0.0,0.0,0.0,0.0,0.0,0.0,0.0,0.0,0.0,0.0,0.0,0.0,0.0,0.0,0.0,0.0,0.001
2015-11-15 16:00:00,0.0,0.0,0.0,0.0,0.0,0.0,0.0,0.0,0.0,0.0,0.0,0.0,0.0,0.0,0.0,0.0,0.0
2015-11-15 17:00:00,0.0,0.0,0.0,0.0,0.0,0.0,0.0,0.0,0.0,0.0,0.0,0.0,0.0,0.0,0.0,0.0,0.0
2015-11-15 18:00:00,0.0,0.0,0.0,0.0,0.0,0.0,0.0,0.0,0.0,0.0,0.0,0.0,0.0,0.0,0.0,0.0,0.0
2015-11-15 19:00:00,0.0,0.0,0.0,0.0,0.0,0.0,0.0,0.0,0.0,0.0,0.0,0.0,0.0,0.0,0.0,0.0,0.0
2015-11-15 20:00:00,0.0,0.0,0.0,0.0,0.0,0.0,0.0,0.0,0.0,0.0,0.0,0.0,0.0,0.0,0.0,0.0,0.0
2015-11-15 21:00:00,0.0,0.0,0.0,0.0,0.0,0.0,0.0,0.0,0.0,0.0,0.0,0.0,0.0,0.0,0.0,0.0,0.0
2015-11-15 22:00:00,0.0,0.0,0.0,0.0,0.0,0.0,0.0,0.0,0.0,0.0,0.0,0.0,0.0,0.0,0.0,0.0,0.0
2015-11-15 23:00:00,0.0,0.0,0.0,0.0,0.0,0.0,0.0,0.0,0.0,0.0,0.0,0.0,0.0,0.0,0.0,0.0,0.0
2015-11-16 00:00:00,0.0,0.0,0.0,0.0,0.0,0.0,0.0,0.0,0.0,0.0,0.0,0.0,0.0,0.0,0.0,0.0,0.0
2015-11-16 01:00:00,0.0,0.0,0.0,0.0,0.0,0.0,0.0,0.0,0.0,0.0,0.0,0.0,0.0,0.0,0.0,0.0,0.0
2015-11-16 02:00:00,0.0,0.0,0.0,0.0,0.0,0.0,0.0,0.0,0.0,0.0,0.0,0.0,0.0,0.0,0.0,0.0,0.0
2015-11-16 03:00:00,0.0,0.0,0.0,0.0,0.0,0.0,0.0,0.0,0.0,0.0,0.0,0.0,0.0,0.0,0.0,0.0,0.0
2015-11-16 04:00:00,0.0,0.0,0.0,0.0,0.0,0.0,0.0,0.0,0.0,0.0,0.0,0.0,0.0,0.0,0.0,0.0,0.0
2015-11-16 05:00:00,0.0,0.0,0.0,0.0,0.0,0.0,0.0,0.0,0.0,0.0,0.0,0.0,0.0,0.0,0.0,0.0,0.0
2015-11-16 06:00:00,0.0,0.0,0.0,0.0,0.0,0.0,0.0,0.0,0.0,0.0,0.0,0.0,0.0,0.0,0.0,0.0,0.0
2015-11-16 07:00:00,0.017,0.0,0.019,0.01,0.0,0.035,0.016,0.028,0.0,0.02,0.032,0.011,0.008,0.015,0.063,0.019,0.0
2015-11-16 08:00:00,0.035,0.0,0.033,0.06,0.0,0.056,0.021,0.06,0.004,0.057,0.066,0.043,0.018,0.047,0.106,0.027,0.004
2015-11-16 09:00:00,0.05,0.003,0.04,0.091,0.002,0.086,0.044,0.1,0.01,0.099,0.113,0.062,0.049,0.08,0.129,0.031,0.01
2015-11-16 10:00:00,0.051,0.012,0.039,0.099,0.007,0.096,0.065,0.099,0.012,0.091,0.096,0.051,0.067,0.09,0.132,0.026,0.013
2015-11-16 11:00:00,0.045,0.03,0.024,0.091,0.027,0.077,0.072,0.097,0.009,0.08,0.077,0.035,0.054,0.089,0.097,0.016,0.017
2015-11-16 12:00:00,0.039,0.042,0.023,0.065,0.041,0.047,0.051,0.068,0.009,0.073,0.071,0.03,0.027,0.088,0.067,0.015,0.018
2015-11-16 13:00:00,0.025,0.038,0.02,0.036,0.034,0.026,0.02,0.033,0.007,0.051,0.046,0.02,0.01,0.048,0.039,0.012,0.014
2015-11-16 14:00:00,0.01,0.02,0.006,0.014,0.017,0.009,0.005,0.012,0.009,0.017,0.019,0.006,0.005,0.012,0.014,0.003,0.006
2015-11-16 15:00:00,0.001,0.004,0.0,0.0,0.004,0.0,0.0,0.0,0.001,0.0,0.0,0.0,0.0,0.0,0.0,0.0,0.0
2015-11-16 16:00:00,0.0,0.0,0.0,0.0,0.0,0.0,0.0,0.0,0.0,0.0,0.0,0.0,0.0,0.0,0.0,0.0,0.0
2015-11-16 17:00:00,0.0,0.0,0.0,0.0,0.0,0.0,0.0,0.0,0.0,0.0,0.0,0.0,0.0,0.0,0.0,0.0,0.0
2015-11-16 18:00:00,0.0,0.0,0.0,0.0,0.0,0.0,0.0,0.0,0.0,0.0,0.0,0.0,0.0,0.0,0.0,0.0,0.0
2015-11-16 19:00:00,0.0,0.0,0.0,0.0,0.0,0.0,0.0,0.0,0.0,0.0,0.0,0.0,0.0,0.0,0.0,0.0,0.0
2015-11-16 20:00:00,0.0,0.0,0.0,0.0,0.0,0.0,0.0,0.0,0.0,0.0,0.0,0.0,0.0,0.0,0.0,0.0,0.0
2015-11-16 21:00:00,0.0,0.0,0.0,0.0,0.0,0.0,0.0,0.0,0.0,0.0,0.0,0.0,0.0,0.0,0.0,0.0,0.0
2015-11-16 22:00:00,0.0,0.0,0.0,0.0,0.0,0.0,0.0,0.0,0.0,0.0,0.0,0.0,0.0,0.0,0.0,0.0,0.0
2015-11-16 23:00:00,0.0,0.0,0.0,0.0,0.0,0.0,0.0,0.0,0.0,0.0,0.0,0.0,0.0,0.0,0.0,0.0,0.0
2015-11-17 00:00:00,0.0,0.0,0.0,0.0,0.0,0.0,0.0,0.0,0.0,0.0,0.0,0.0,0.0,0.0,0.0,0.0,0.0
2015-11-17 01:00:00,0.0,0.0,0.0,0.0,0.0,0.0,0.0,0.0,0.0,0.0,0.0,0.0,0.0,0.0,0.0,0.0,0.0
2015-11-17 02:00:00,0.0,0.0,0.0,0.0,0.0,0.0,0.0,0.0,0.0,0.0,0.0,0.0,0.0,0.0,0.0,0.0,0.0
2015-11-17 03:00:00,0.0,0.0,0.0,0.0,0.0,0.0,0.0,0.0,0.0,0.0,0.0,0.0,0.0,0.0,0.0,0.0,0.0
2015-11-17 04:00:00,0.0,0.0,0.0,0.0,0.0,0.0,0.0,0.0,0.0,0.0,0.0,0.0,0.0,0.0,0.0,0.0,0.0
2015-11-17 05:00:00,0.0,0.0,0.0,0.0,0.0,0.0,0.0,0.0,0.0,0.0,0.0,0.0,0.0,0.0,0.0,0.0,0.0
2015-11-17 06:00:00,0.0,0.0,0.0,0.0,0.0,0.0,0.0,0.0,0.0,0.0,0.0,0.0,0.0,0.0,0.0,0.0,0.0
2015-11-17 07:00:00,0.003,0.004,0.0,0.003,0.0,0.003,0.023,0.002,0.03,0.008,0.0,0.0,0.009,0.006,0.0,0.002,0.0
2015-11-17 08:00:00,0.014,0.011,0.005,0.037,0.003,0.024,0.063,0.023,0.029,0.046,0.008,0.005,0.044,0.036,0.005,0.01,0.004
2015-11-17 09:00:00,0.028,0.026,0.025,0.052,0.008,0.044,0.054,0.028,0.072,0.062,0.02,0.016,0.09,0.046,0.013,0.028,0.011
2015-11-17 10:00:00,0.037,0.024,0.036,0.093,0.012,0.048,0.087,0.046,0.061,0.074,0.035,0.027,0.091,0.086,0.022,0.028,0.019
2015-11-17 11:00:00,0.034,0.036,0.061,0.081,0.016,0.034,0.097,0.027,0.048,0.057,0.023,0.028,0.073,0.093,0.013,0.024,0.015
2015-11-17 12:00:00,0.028,0.057,0.028,0.055,0.032,0.028,0.073,0.021,0.04,0.048,0.016,0.026,0.06,0.06,0.013,0.015,0.013
2015-11-17 13:00:00,0.021,0.042,0.01,0.025,0.032,0.017,0.062,0.013,0.037,0.033,0.005,0.017,0.04,0.037,0.01,0.016,0.017
2015-11-17 14:00:00,0.012,0.032,0.002,0.01,0.024,0.005,0.027,0.005,0.021,0.013,0.001,0.003,0.017,0.01,0.005,0.014,0.008
2015-11-17 15:00:00,0.001,0.003,0.0,0.0,0.001,0.0,0.003,0.0,0.004,0.0,0.0,0.0,0.002,0.0,0.0,0.002,0.001
2015-11-17 16:00:00,0.0,0.0,0.0,0.0,0.0,0.0,0.0,0.0,0.0,0.0,0.0,0.0,0.0,0.0,0.0,0.0,0.0
2015-11-17 17:00:00,0.0,0.0,0.0,0.0,0.0,0.0,0.0,0.0,0.0,0.0,0.0,0.0,0.0,0.0,0.0,0.0,0.0
2015-11-17 18:00:00,0.0,0.0,0.0,0.0,0.0,0.0,0.0,0.0,0.0,0.0,0.0,0.0,0.0,0.0,0.0,0.0,0.0
2015-11-17 19:00:00,0.0,0.0,0.0,0.0,0.0,0.0,0.0,0.0,0.0,0.0,0.0,0.0,0.0,0.0,0.0,0.0,0.0
2015-11-17 20:00:00,0.0,0.0,0.0,0.0,0.0,0.0,0.0,0.0,0.0,0.0,0.0,0.0,0.0,0.0,0.0,0.0,0.0
2015-11-17 21:00:00,0.0,0.0,0.0,0.0,0.0,0.0,0.0,0.0,0.0,0.0,0.0,0.0,0.0,0.0,0.0,0.0,0.0
2015-11-17 22:00:00,0.0,0.0,0.0,0.0,0.0,0.0,0.0,0.0,0.0,0.0,0.0,0.0,0.0,0.0,0.0,0.0,0.0
2015-11-17 23:00:00,0.0,0.0,0.0,0.0,0.0,0.0,0.0,0.0,0.0,0.0,0.0,0.0,0.0,0.0,0.0,0.0,0.0
2015-11-18 00:00:00,0.0,0.0,0.0,0.0,0.0,0.0,0.0,0.0,0.0,0.0,0.0,0.0,0.0,0.0,0.0,0.0,0.0
2015-11-18 01:00:00,0.0,0.0,0.0,0.0,0.0,0.0,0.0,0.0,0.0,0.0,0.0,0.0,0.0,0.0,0.0,0.0,0.0
2015-11-18 02:00:00,0.0,0.0,0.0,0.0,0.0,0.0,0.0,0.0,0.0,0.0,0.0,0.0,0.0,0.0,0.0,0.0,0.0
2015-11-18 03:00:00,0.0,0.0,0.0,0.0,0.0,0.0,0.0,0.0,0.0,0.0,0.0,0.0,0.0,0.0,0.0,0.0,0.0
2015-11-18 04:00:00,0.0,0.0,0.0,0.0,0.0,0.0,0.0,0.0,0.0,0.0,0.0,0.0,0.0,0.0,0.0,0.0,0.0
2015-11-18 05:00:00,0.0,0.0,0.0,0.0,0.0,0.0,0.0,0.0,0.0,0.0,0.0,0.0,0.0,0.0,0.0,0.0,0.0
2015-11-18 06:00:00,0.0,0.0,0.0,0.0,0.0,0.0,0.0,0.0,0.0,0.0,0.0,0.0,0.0,0.0,0.0,0.0,0.0
2015-11-18 07:00:00,0.016,0.028,0.035,0.013,0.0,0.034,0.061,0.016,0.056,0.016,0.011,0.001,0.051,0.033,0.005,0.015,0.0
2015-11-18 08:00:00,0.032,0.042,0.052,0.038,0.011,0.085,0.143,0.065,0.094,0.042,0.021,0.018,0.079,0.051,0.021,0.013,0.003
2015-11-18 09:00:00,0.045,0.061,0.044,0.055,0.013,0.079,0.186,0.105,0.128,0.077,0.021,0.024,0.131,0.137,0.043,0.02,0.003
2015-11-18 10:00:00,0.054,0.041,0.053,0.112,0.01,0.041,0.137,0.108,0.115,0.169,0.064,0.033,0.089,0.127,0.111,0.02,0.009
2015-11-18 11:00:00,0.047,0.04,0.04,0.085,0.045,0.026,0.096,0.058,0.063,0.117,0.088,0.03,0.094,0.08,0.083,0.018,0.017
2015-11-18 12:00:00,0.038,0.062,0.016,0.052,0.058,0.023,0.085,0.041,0.054,0.077,0.049,0.02,0.052,0.057,0.047,0.015,0.035
2015-11-18 13:00:00,0.029,0.042,0.007,0.027,0.042,0.015,0.045,0.022,0.044,0.037,0.045,0.008,0.034,0.02,0.034,0.026,0.031
2015-11-18 14:00:00,0.013,0.021,0.005,0.009,0.022,0.006,0.022,0.004,0.017,0.014,0.014,0.003,0.017,0.011,0.005,0.016,0.019
2015-11-18 15:00:00,0.001,0.004,0.0,0.0,0.004,0.0,0.001,0.0,0.003,0.0,0.0,0.0,0.001,0.0,0.0,0.002,0.002
2015-11-18 16:00:00,0.0,0.0,0.0,0.0,0.0,0.0,0.0,0.0,0.0,0.0,0.0,0.0,0.0,0.0,0.0,0.0,0.0
2015-11-18 17:00:00,0.0,0.0,0.0,0.0,0.0,0.0,0.0,0.0,0.0,0.0,0.0,0.0,0.0,0.0,0.0,0.0,0.0
2015-11-18 18:00:00,0.0,0.0,0.0,0.0,0.0,0.0,0.0,0.0,0.0,0.0,0.0,0.0,0.0,0.0,0.0,0.0,0.0
2015-11-18 19:00:00,0.0,0.0,0.0,0.0,0.0,0.0,0.0,0.0,0.0,0.0,0.0,0.0,0.0,0.0,0.0,0.0,0.0
2015-11-18 20:00:00,0.0,0.0,0.0,0.0,0.0,0.0,0.0,0.0,0.0,0.0,0.0,0.0,0.0,0.0,0.0,0.0,0.0
2015-11-18 21:00:00,0.0,0.0,0.0,0.0,0.0,0.0,0.0,0.0,0.0,0.0,0.0,0.0,0.0,0.0,0.0,0.0,0.0
2015-11-18 22:00:00,0.0,0.0,0.0,0.0,0.0,0.0,0.0,0.0,0.0,0.0,0.0,0.0,0.0,0.0,0.0,0.0,0.0
2015-11-18 23:00:00,0.0,0.0,0.0,0.0,0.0,0.0,0.0,0.0,0.0,0.0,0.0,0.0,0.0,0.0,0.0,0.0,0.0
2015-11-19 00:00:00,0.0,0.0,0.0,0.0,0.0,0.0,0.0,0.0,0.0,0.0,0.0,0.0,0.0,0.0,0.0,0.0,0.0
2015-11-19 01:00:00,0.0,0.0,0.0,0.0,0.0,0.0,0.0,0.0,0.0,0.0,0.0,0.0,0.0,0.0,0.0,0.0,0.0
2015-11-19 02:00:00,0.0,0.0,0.0,0.0,0.0,0.0,0.0,0.0,0.0,0.0,0.0,0.0,0.0,0.0,0.0,0.0,0.0
2015-11-19 03:00:00,0.0,0.0,0.0,0.0,0.0,0.0,0.0,0.0,0.0,0.0,0.0,0.0,0.0,0.0,0.0,0.0,0.0
2015-11-19 04:00:00,0.0,0.0,0.0,0.0,0.0,0.0,0.0,0.0,0.0,0.0,0.0,0.0,0.0,0.0,0.0,0.0,0.0
2015-11-19 05:00:00,0.0,0.0,0.0,0.0,0.0,0.0,0.0,0.0,0.0,0.0,0.0,0.0,0.0,0.0,0.0,0.0,0.0
2015-11-19 06:00:00,0.0,0.0,0.0,0.0,0.0,0.0,0.0,0.0,0.0,0.0,0.0,0.0,0.0,0.0,0.0,0.0,0.0
2015-11-19 07:00:00,0.017,0.0,0.018,0.041,0.0,0.008,0.122,0.005,0.026,0.141,0.0,0.0,0.056,0.088,0.001,0.012,0.0
2015-11-19 08:00:00,0.091,0.029,0.171,0.06,0.079,0.074,0.207,0.051,0.026,0.234,0.004,0.101,0.08,0.087,0.05,0.124,0.089
2015-11-19 09:00:00,0.13,0.076,0.198,0.086,0.141,0.183,0.204,0.162,0.02,0.237,0.03,0.134,0.047,0.137,0.134,0.137,0.119
2015-11-19 10:00:00,0.164,0.143,0.174,0.164,0.218,0.162,0.161,0.201,0.081,0.199,0.097,0.127,0.039,0.135,0.141,0.178,0.179
2015-11-19 11:00:00,0.134,0.154,0.11,0.135,0.181,0.128,0.055,0.135,0.092,0.102,0.125,0.102,0.056,0.062,0.11,0.161,0.136
2015-11-19 12:00:00,0.078,0.109,0.074,0.066,0.105,0.078,0.035,0.065,0.074,0.051,0.051,0.059,0.062,0.057,0.057,0.091,0.086
2015-11-19 13:00:00,0.038,0.041,0.038,0.04,0.038,0.045,0.026,0.038,0.047,0.02,0.04,0.034,0.041,0.047,0.031,0.039,0.038
2015-11-19 14:00:00,0.021,0.038,0.017,0.018,0.033,0.019,0.014,0.017,0.027,0.009,0.014,0.01,0.025,0.016,0.015,0.023,0.018
2015-11-19 15:00:00,0.002,0.007,0.001,0.0,0.006,0.001,0.001,0.0,0.005,0.0,0.0,0.0,0.003,0.001,0.0,0.003,0.002
2015-11-19 16:00:00,0.0,0.0,0.0,0.0,0.0,0.0,0.0,0.0,0.0,0.0,0.0,0.0,0.0,0.0,0.0,0.0,0.0
2015-11-19 17:00:00,0.0,0.0,0.0,0.0,0.0,0.0,0.0,0.0,0.0,0.0,0.0,0.0,0.0,0.0,0.0,0.0,0.0
2015-11-19 18:00:00,0.0,0.0,0.0,0.0,0.0,0.0,0.0,0.0,0.0,0.0,0.0,0.0,0.0,0.0,0.0,0.0,0.0
2015-11-19 19:00:00,0.0,0.0,0.0,0.0,0.0,0.0,0.0,0.0,0.0,0.0,0.0,0.0,0.0,0.0,0.0,0.0,0.0
2015-11-19 20:00:00,0.0,0.0,0.0,0.0,0.0,0.0,0.0,0.0,0.0,0.0,0.0,0.0,0.0,0.0,0.0,0.0,0.0
2015-11-19 21:00:00,0.0,0.0,0.0,0.0,0.0,0.0,0.0,0.0,0.0,0.0,0.0,0.0,0.0,0.0,0.0,0.0,0.0
2015-11-19 22:00:00,0.0,0.0,0.0,0.0,0.0,0.0,0.0,0.0,0.0,0.0,0.0,0.0,0.0,0.0,0.0,0.0,0.0
2015-11-19 23:00:00,0.0,0.0,0.0,0.0,0.0,0.0,0.0,0.0,0.0,0.0,0.0,0.0,0.0,0.0,0.0,0.0,0.0
2015-11-20 00:00:00,0.0,0.0,0.0,0.0,0.0,0.0,0.0,0.0,0.0,0.0,0.0,0.0,0.0,0.0,0.0,0.0,0.0
2015-11-20 01:00:00,0.0,0.0,0.0,0.0,0.0,0.0,0.0,0.0,0.0,0.0,0.0,0.0,0.0,0.0,0.0,0.0,0.0
2015-11-20 02:00:00,0.0,0.0,0.0,0.0,0.0,0.0,0.0,0.0,0.0,0.0,0.0,0.0,0.0,0.0,0.0,0.0,0.0
2015-11-20 03:00:00,0.0,0.0,0.0,0.0,0.0,0.0,0.0,0.0,0.0,0.0,0.0,0.0,0.0,0.0,0.0,0.0,0.0
2015-11-20 04:00:00,0.0,0.0,0.0,0.0,0.0,0.0,0.0,0.0,0.0,0.0,0.0,0.0,0.0,0.0,0.0,0.0,0.0
2015-11-20 05:00:00,0.0,0.0,0.0,0.0,0.0,0.0,0.0,0.0,0.0,0.0,0.0,0.0,0.0,0.0,0.0,0.0,0.0
2015-11-20 06:00:00,0.0,0.0,0.0,0.0,0.0,0.0,0.0,0.0,0.0,0.0,0.0,0.0,0.0,0.0,0.0,0.0,0.0
2015-11-20 07:00:00,0.002,0.0,0.0,0.006,0.0,0.005,0.001,0.007,0.003,0.001,0.005,0.0,0.007,0.003,0.001,0.0,0.0
2015-11-20 08:00:00,0.04,0.028,0.045,0.052,0.09,0.036,0.02,0.049,0.027,0.008,0.026,0.026,0.03,0.041,0.021,0.038,0.043
2015-11-20 09:00:00,0.093,0.096,0.118,0.122,0.159,0.091,0.067,0.09,0.077,0.041,0.053,0.06,0.084,0.136,0.066,0.088,0.085
2015-11-20 10:00:00,0.134,0.128,0.147,0.157,0.161,0.14,0.084,0.133,0.12,0.112,0.128,0.083,0.091,0.154,0.109,0.154,0.119
2015-11-20 11:00:00,0.114,0.13,0.098,0.136,0.129,0.118,0.082,0.121,0.089,0.105,0.103,0.073,0.054,0.117,0.083,0.138,0.103
2015-11-20 12:00:00,0.073,0.095,0.075,0.062,0.092,0.078,0.072,0.064,0.081,0.07,0.05,0.043,0.052,0.072,0.046,0.089,0.068
2015-11-20 13:00:00,0.046,0.061,0.046,0.037,0.057,0.044,0.054,0.041,0.064,0.046,0.035,0.028,0.043,0.046,0.033,0.053,0.042
2015-11-20 14:00:00,0.021,0.03,0.017,0.017,0.026,0.025,0.027,0.02,0.023,0.021,0.012,0.013,0.024,0.025,0.014,0.022,0.02
2015-11-20 15:00:00,0.002,0.004,0.0,0.0,0.004,0.001,0.002,0.0,0.002,0.0,0.0,0.0,0.001,0.0,0.0,0.002,0.002
2015-11-20 16:00:00,0.0,0.0,0.0,0.0,0.0,0.0,0.0,0.0,0.0,0.0,0.0,0.0,0.0,0.0,0.0,0.0,0.0
2015-11-20 17:00:00,0.0,0.0,0.0,0.0,0.0,0.0,0.0,0.0,0.0,0.0,0.0,0.0,0.0,0.0,0.0,0.0,0.0
2015-11-20 18:00:00,0.0,0.0,0.0,0.0,0.0,0.0,0.0,0.0,0.0,0.0,0.0,0.0,0.0,0.0,0.0,0.0,0.0
2015-11-20 19:00:00,0.0,0.0,0.0,0.0,0.0,0.0,0.0,0.0,0.0,0.0,0.0,0.0,0.0,0.0,0.0,0.0,0.0
2015-11-20 20:00:00,0.0,0.0,0.0,0.0,0.0,0.0,0.0,0.0,0.0,0.0,0.0,0.0,0.0,0.0,0.0,0.0,0.0
2015-11-20 21:00:00,0.0,0.0,0.0,0.0,0.0,0.0,0.0,0.0,0.0,0.0,0.0,0.0,0.0,0.0,0.0,0.0,0.0
2015-11-20 22:00:00,0.0,0.0,0.0,0.0,0.0,0.0,0.0,0.0,0.0,0.0,0.0,0.0,0.0,0.0,0.0,0.0,0.0
2015-11-20 23:00:00,0.0,0.0,0.0,0.0,0.0,0.0,0.0,0.0,0.0,0.0,0.0,0.0,0.0,0.0,0.0,0.0,0.0
2015-11-21 00:00:00,0.0,0.0,0.0,0.0,0.0,0.0,0.0,0.0,0.0,0.0,0.0,0.0,0.0,0.0,0.0,0.0,0.0
2015-11-21 01:00:00,0.0,0.0,0.0,0.0,0.0,0.0,0.0,0.0,0.0,0.0,0.0,0.0,0.0,0.0,0.0,0.0,0.0
2015-11-21 02:00:00,0.0,0.0,0.0,0.0,0.0,0.0,0.0,0.0,0.0,0.0,0.0,0.0,0.0,0.0,0.0,0.0,0.0
2015-11-21 03:00:00,0.0,0.0,0.0,0.0,0.0,0.0,0.0,0.0,0.0,0.0,0.0,0.0,0.0,0.0,0.0,0.0,0.0
2015-11-21 04:00:00,0.0,0.0,0.0,0.0,0.0,0.0,0.0,0.0,0.0,0.0,0.0,0.0,0.0,0.0,0.0,0.0,0.0
2015-11-21 05:00:00,0.0,0.0,0.0,0.0,0.0,0.0,0.0,0.0,0.0,0.0,0.0,0.0,0.0,0.0,0.0,0.0,0.0
2015-11-21 06:00:00,0.0,0.0,0.0,0.0,0.0,0.0,0.0,0.0,0.0,0.0,0.0,0.0,0.0,0.0,0.0,0.0,0.0
2015-11-21 07:00:00,0.009,0.004,0.0,0.019,0.0,0.038,0.004,0.022,0.076,0.001,0.003,0.0,0.031,0.025,0.008,0.004,0.0
2015-11-21 08:00:00,0.055,0.128,0.04,0.061,0.058,0.09,0.028,0.057,0.186,0.024,0.029,0.06,0.1,0.108,0.065,0.026,0.019
2015-11-21 09:00:00,0.103,0.186,0.064,0.122,0.116,0.126,0.039,0.073,0.242,0.055,0.057,0.144,0.167,0.149,0.131,0.071,0.07
2015-11-21 10:00:00,0.114,0.188,0.1,0.125,0.152,0.108,0.067,0.088,0.234,0.074,0.075,0.194,0.155,0.156,0.145,0.062,0.082
2015-11-21 11:00:00,0.1,0.148,0.093,0.107,0.116,0.099,0.101,0.095,0.158,0.085,0.085,0.144,0.128,0.145,0.125,0.062,0.079
2015-11-21 12:00:00,0.068,0.096,0.072,0.057,0.091,0.069,0.104,0.05,0.092,0.053,0.04,0.069,0.104,0.086,0.058,0.062,0.058
2015-11-21 13:00:00,0.041,0.054,0.041,0.043,0.049,0.042,0.068,0.032,0.045,0.051,0.019,0.041,0.06,0.052,0.038,0.037,0.037
2015-11-21 14:00:00,0.02,0.035,0.016,0.019,0.03,0.018,0.034,0.014,0.026,0.019,0.007,0.017,0.033,0.028,0.011,0.019,0.016
2015-11-21 15:00:00,0.001,0.005,0.0,0.0,0.004,0.001,0.002,0.0,0.004,0.0,0.0,0.0,0.003,0.0,0.0,0.001,0.001
2015-11-21 16:00:00,0.0,0.0,0.0,0.0,0.0,0.0,0.0,0.0,0.0,0.0,0.0,0.0,0.0,0.0,0.0,0.0,0.0
2015-11-21 17:00:00,0.0,0.0,0.0,0.0,0.0,0.0,0.0,0.0,0.0,0.0,0.0,0.0,0.0,0.0,0.0,0.0,0.0
2015-11-21 18:00:00,0.0,0.0,0.0,0.0,0.0,0.0,0.0,0.0,0.0,0.0,0.0,0.0,0.0,0.0,0.0,0.0,0.0
2015-11-21 19:00:00,0.0,0.0,0.0,0.0,0.0,0.0,0.0,0.0,0.0,0.0,0.0,0.0,0.0,0.0,0.0,0.0,0.0
2015-11-21 20:00:00,0.0,0.0,0.0,0.0,0.0,0.0,0.0,0.0,0.0,0.0,0.0,0.0,0.0,0.0,0.0,0.0,0.0
2015-11-21 21:00:00,0.0,0.0,0.0,0.0,0.0,0.0,0.0,0.0,0.0,0.0,0.0,0.0,0.0,0.0,0.0,0.0,0.0
2015-11-21 22:00:00,0.0,0.0,0.0,0.0,0.0,0.0,0.0,0.0,0.0,0.0,0.0,0.0,0.0,0.0,0.0,0.0,0.0
2015-11-21 23:00:00,0.0,0.0,0.0,0.0,0.0,0.0,0.0,0.0,0.0,0.0,0.0,0.0,0.0,0.0,0.0,0.0,0.0
2015-11-22 00:00:00,0.0,0.0,0.0,0.0,0.0,0.0,0.0,0.0,0.0,0.0,0.0,0.0,0.0,0.0,0.0,0.0,0.0
2015-11-22 01:00:00,0.0,0.0,0.0,0.0,0.0,0.0,0.0,0.0,0.0,0.0,0.0,0.0,0.0,0.0,0.0,0.0,0.0
2015-11-22 02:00:00,0.0,0.0,0.0,0.0,0.0,0.0,0.0,0.0,0.0,0.0,0.0,0.0,0.0,0.0,0.0,0.0,0.0
2015-11-22 03:00:00,0.0,0.0,0.0,0.0,0.0,0.0,0.0,0.0,0.0,0.0,0.0,0.0,0.0,0.0,0.0,0.0,0.0
2015-11-22 04:00:00,0.0,0.0,0.0,0.0,0.0,0.0,0.0,0.0,0.0,0.0,0.0,0.0,0.0,0.0,0.0,0.0,0.0
2015-11-22 05:00:00,0.0,0.0,0.0,0.0,0.0,0.0,0.0,0.0,0.0,0.0,0.0,0.0,0.0,0.0,0.0,0.0,0.0
2015-11-22 06:00:00,0.0,0.0,0.0,0.0,0.0,0.0,0.0,0.0,0.0,0.0,0.0,0.0,0.0,0.0,0.0,0.0,0.0
2015-11-22 07:00:00,0.003,0.0,0.0,0.003,0.0,0.022,0.007,0.004,0.021,0.003,0.002,0.0,0.007,0.011,0.001,0.002,0.0
2015-11-22 08:00:00,0.061,0.138,0.026,0.027,0.054,0.054,0.052,0.042,0.064,0.016,0.025,0.036,0.049,0.043,0.027,0.11,0.031
2015-11-22 09:00:00,0.095,0.147,0.063,0.047,0.071,0.091,0.106,0.084,0.115,0.052,0.058,0.071,0.109,0.084,0.053,0.153,0.068
2015-11-22 10:00:00,0.111,0.17,0.09,0.075,0.145,0.111,0.122,0.095,0.155,0.08,0.093,0.083,0.121,0.107,0.065,0.129,0.095
2015-11-22 11:00:00,0.096,0.135,0.078,0.086,0.133,0.101,0.106,0.081,0.146,0.089,0.086,0.071,0.108,0.087,0.082,0.092,0.083
2015-11-22 12:00:00,0.068,0.101,0.052,0.061,0.102,0.075,0.074,0.058,0.095,0.075,0.056,0.052,0.07,0.071,0.054,0.062,0.053
2015-11-22 13:00:00,0.044,0.056,0.035,0.041,0.049,0.05,0.052,0.039,0.066,0.047,0.028,0.034,0.055,0.052,0.027,0.047,0.044
2015-11-22 14:00:00,0.023,0.035,0.017,0.017,0.031,0.025,0.029,0.014,0.038,0.022,0.005,0.014,0.029,0.027,0.009,0.028,0.02
2015-11-22 15:00:00,0.002,0.005,0.0,0.0,0.004,0.001,0.002,0.0,0.004,0.0,0.0,0.0,0.002,0.0,0.0,0.002,0.001
2015-11-22 16:00:00,0.0,0.0,0.0,0.0,0.0,0.0,0.0,0.0,0.0,0.0,0.0,0.0,0.0,0.0,0.0,0.0,0.0
2015-11-22 17:00:00,0.0,0.0,0.0,0.0,0.0,0.0,0.0,0.0,0.0,0.0,0.0,0.0,0.0,0.0,0.0,0.0,0.0
2015-11-22 18:00:00,0.0,0.0,0.0,0.0,0.0,0.0,0.0,0.0,0.0,0.0,0.0,0.0,0.0,0.0,0.0,0.0,0.0
2015-11-22 19:00:00,0.0,0.0,0.0,0.0,0.0,0.0,0.0,0.0,0.0,0.0,0.0,0.0,0.0,0.0,0.0,0.0,0.0
2015-11-22 20:00:00,0.0,0.0,0.0,0.0,0.0,0.0,0.0,0.0,0.0,0.0,0.0,0.0,0.0,0.0,0.0,0.0,0.0
2015-11-22 21:00:00,0.0,0.0,0.0,0.0,0.0,0.0,0.0,0.0,0.0,0.0,0.0,0.0,0.0,0.0,0.0,0.0,0.0
2015-11-22 22:00:00,0.0,0.0,0.0,0.0,0.0,0.0,0.0,0.0,0.0,0.0,0.0,0.0,0.0,0.0,0.0,0.0,0.0
2015-11-22 23:00:00,0.0,0.0,0.0,0.0,0.0,0.0,0.0,0.0,0.0,0.0,0.0,0.0,0.0,0.0,0.0,0.0,0.0
2015-11-23 00:00:00,0.0,0.0,0.0,0.0,0.0,0.0,0.0,0.0,0.0,0.0,0.0,0.0,0.0,0.0,0.0,0.0,0.0
2015-11-23 01:00:00,0.0,0.0,0.0,0.0,0.0,0.0,0.0,0.0,0.0,0.0,0.0,0.0,0.0,0.0,0.0,0.0,0.0
2015-11-23 02:00:00,0.0,0.0,0.0,0.0,0.0,0.0,0.0,0.0,0.0,0.0,0.0,0.0,0.0,0.0,0.0,0.0,0.0
2015-11-23 03:00:00,0.0,0.0,0.0,0.0,0.0,0.0,0.0,0.0,0.0,0.0,0.0,0.0,0.0,0.0,0.0,0.0,0.0
2015-11-23 04:00:00,0.0,0.0,0.0,0.0,0.0,0.0,0.0,0.0,0.0,0.0,0.0,0.0,0.0,0.0,0.0,0.0,0.0
2015-11-23 05:00:00,0.0,0.0,0.0,0.0,0.0,0.0,0.0,0.0,0.0,0.0,0.0,0.0,0.0,0.0,0.0,0.0,0.0
2015-11-23 06:00:00,0.0,0.0,0.0,0.0,0.0,0.0,0.0,0.0,0.0,0.0,0.0,0.0,0.0,0.0,0.0,0.0,0.0
2015-11-23 07:00:00,0.015,0.0,0.0,0.019,0.0,0.083,0.081,0.033,0.088,0.019,0.005,0.0,0.133,0.064,0.002,0.0,0.0
2015-11-23 08:00:00,0.122,0.13,0.158,0.082,0.117,0.2,0.235,0.117,0.235,0.066,0.038,0.066,0.255,0.161,0.069,0.167,0.026
2015-11-23 09:00:00,0.185,0.203,0.167,0.151,0.201,0.264,0.302,0.202,0.299,0.102,0.119,0.105,0.319,0.233,0.129,0.232,0.084
2015-11-23 10:00:00,0.179,0.191,0.15,0.141,0.196,0.251,0.285,0.156,0.278,0.118,0.135,0.106,0.295,0.195,0.115,0.226,0.122
2015-11-23 11:00:00,0.142,0.155,0.118,0.13,0.166,0.174,0.217,0.125,0.186,0.118,0.117,0.089,0.212,0.148,0.1,0.168,0.108
2015-11-23 12:00:00,0.087,0.11,0.084,0.086,0.104,0.084,0.104,0.076,0.105,0.076,0.059,0.066,0.102,0.079,0.06,0.095,0.082
2015-11-23 13:00:00,0.051,0.067,0.048,0.053,0.052,0.045,0.051,0.047,0.06,0.046,0.046,0.043,0.061,0.047,0.042,0.053,0.052
2015-11-23 14:00:00,0.024,0.036,0.021,0.02,0.028,0.025,0.028,0.021,0.035,0.02,0.016,0.017,0.028,0.022,0.017,0.026,0.026
2015-11-23 15:00:00,0.001,0.004,0.0,0.0,0.003,0.001,0.002,0.0,0.004,0.0,0.0,0.0,0.002,0.0,0.0,0.002,0.001
2015-11-23 16:00:00,0.0,0.0,0.0,0.0,0.0,0.0,0.0,0.0,0.0,0.0,0.0,0.0,0.0,0.0,0.0,0.0,0.0
2015-11-23 17:00:00,0.0,0.0,0.0,0.0,0.0,0.0,0.0,0.0,0.0,0.0,0.0,0.0,0.0,0.0,0.0,0.0,0.0
2015-11-23 18:00:00,0.0,0.0,0.0,0.0,0.0,0.0,0.0,0.0,0.0,0.0,0.0,0.0,0.0,0.0,0.0,0.0,0.0
2015-11-23 19:00:00,0.0,0.0,0.0,0.0,0.0,0.0,0.0,0.0,0.0,0.0,0.0,0.0,0.0,0.0,0.0,0.0,0.0
2015-11-23 20:00:00,0.0,0.0,0.0,0.0,0.0,0.0,0.0,0.0,0.0,0.0,0.0,0.0,0.0,0.0,0.0,0.0,0.0
2015-11-23 21:00:00,0.0,0.0,0.0,0.0,0.0,0.0,0.0,0.0,0.0,0.0,0.0,0.0,0.0,0.0,0.0,0.0,0.0
2015-11-23 22:00:00,0.0,0.0,0.0,0.0,0.0,0.0,0.0,0.0,0.0,0.0,0.0,0.0,0.0,0.0,0.0,0.0,0.0
2015-11-23 23:00:00,0.0,0.0,0.0,0.0,0.0,0.0,0.0,0.0,0.0,0.0,0.0,0.0,0.0,0.0,0.0,0.0,0.0
2015-11-24 00:00:00,0.0,0.0,0.0,0.0,0.0,0.0,0.0,0.0,0.0,0.0,0.0,0.0,0.0,0.0,0.0,0.0,0.0
2015-11-24 01:00:00,0.0,0.0,0.0,0.0,0.0,0.0,0.0,0.0,0.0,0.0,0.0,0.0,0.0,0.0,0.0,0.0,0.0
2015-11-24 02:00:00,0.0,0.0,0.0,0.0,0.0,0.0,0.0,0.0,0.0,0.0,0.0,0.0,0.0,0.0,0.0,0.0,0.0
2015-11-24 03:00:00,0.0,0.0,0.0,0.0,0.0,0.0,0.0,0.0,0.0,0.0,0.0,0.0,0.0,0.0,0.0,0.0,0.0
2015-11-24 04:00:00,0.0,0.0,0.0,0.0,0.0,0.0,0.0,0.0,0.0,0.0,0.0,0.0,0.0,0.0,0.0,0.0,0.0
2015-11-24 05:00:00,0.0,0.0,0.0,0.0,0.0,0.0,0.0,0.0,0.0,0.0,0.0,0.0,0.0,0.0,0.0,0.0,0.0
2015-11-24 06:00:00,0.0,0.0,0.0,0.0,0.0,0.0,0.0,0.0,0.0,0.0,0.0,0.0,0.0,0.0,0.0,0.0,0.0
2015-11-24 07:00:00,0.01,0.0,0.0,0.044,0.0,0.009,0.078,0.02,0.029,0.071,0.026,0.0,0.022,0.031,0.001,0.0,0.0
2015-11-24 08:00:00,0.113,0.152,0.151,0.077,0.159,0.04,0.158,0.061,0.162,0.134,0.103,0.128,0.073,0.05,0.09,0.128,0.075
2015-11-24 09:00:00,0.177,0.265,0.216,0.099,0.261,0.111,0.211,0.09,0.274,0.172,0.118,0.12,0.141,0.114,0.14,0.2,0.167
2015-11-24 10:00:00,0.194,0.271,0.21,0.137,0.28,0.158,0.212,0.108,0.296,0.163,0.102,0.113,0.193,0.15,0.158,0.216,0.204
2015-11-24 11:00:00,0.162,0.209,0.164,0.103,0.214,0.141,0.191,0.102,0.223,0.141,0.098,0.09,0.196,0.137,0.136,0.188,0.171
2015-11-24 12:00:00,0.089,0.115,0.081,0.076,0.11,0.09,0.107,0.069,0.113,0.09,0.062,0.06,0.11,0.092,0.062,0.095,0.091
2015-11-24 13:00:00,0.044,0.045,0.046,0.049,0.043,0.052,0.052,0.041,0.045,0.059,0.043,0.035,0.052,0.05,0.044,0.042,0.044
2015-11-24 14:00:00,0.022,0.029,0.021,0.018,0.03,0.024,0.028,0.017,0.028,0.025,0.009,0.018,0.028,0.019,0.016,0.024,0.024
2015-11-24 15:00:00,0.001,0.004,0.0,0.0,0.004,0.0,0.002,0.0,0.003,0.0,0.0,0.0,0.002,0.0,0.0,0.001,0.001
2015-11-24 16:00:00,0.0,0.0,0.0,0.0,0.0,0.0,0.0,0.0,0.0,0.0,0.0,0.0,0.0,0.0,0.0,0.0,0.0
2015-11-24 17:00:00,0.0,0.0,0.0,0.0,0.0,0.0,0.0,0.0,0.0,0.0,0.0,0.0,0.0,0.0,0.0,0.0,0.0
2015-11-24 18:00:00,0.0,0.0,0.0,0.0,0.0,0.0,0.0,0.0,0.0,0.0,0.0,0.0,0.0,0.0,0.0,0.0,0.0
2015-11-24 19:00:00,0.0,0.0,0.0,0.0,0.0,0.0,0.0,0.0,0.0,0.0,0.0,0.0,0.0,0.0,0.0,0.0,0.0
2015-11-24 20:00:00,0.0,0.0,0.0,0.0,0.0,0.0,0.0,0.0,0.0,0.0,0.0,0.0,0.0,0.0,0.0,0.0,0.0
2015-11-24 21:00:00,0.0,0.0,0.0,0.0,0.0,0.0,0.0,0.0,0.0,0.0,0.0,0.0,0.0,0.0,0.0,0.0,0.0
2015-11-24 22:00:00,0.0,0.0,0.0,0.0,0.0,0.0,0.0,0.0,0.0,0.0,0.0,0.0,0.0,0.0,0.0,0.0,0.0
2015-11-24 23:00:00,0.0,0.0,0.0,0.0,0.0,0.0,0.0,0.0,0.0,0.0,0.0,0.0,0.0,0.0,0.0,0.0,0.0
2015-11-25 00:00:00,0.0,0.0,0.0,0.0,0.0,0.0,0.0,0.0,0.0,0.0,0.0,0.0,0.0,0.0,0.0,0.0,0.0
2015-11-25 01:00:00,0.0,0.0,0.0,0.0,0.0,0.0,0.0,0.0,0.0,0.0,0.0,0.0,0.0,0.0,0.0,0.0,0.0
2015-11-25 02:00:00,0.0,0.0,0.0,0.0,0.0,0.0,0.0,0.0,0.0,0.0,0.0,0.0,0.0,0.0,0.0,0.0,0.0
2015-11-25 03:00:00,0.0,0.0,0.0,0.0,0.0,0.0,0.0,0.0,0.0,0.0,0.0,0.0,0.0,0.0,0.0,0.0,0.0
2015-11-25 04:00:00,0.0,0.0,0.0,0.0,0.0,0.0,0.0,0.0,0.0,0.0,0.0,0.0,0.0,0.0,0.0,0.0,0.0
2015-11-25 05:00:00,0.0,0.0,0.0,0.0,0.0,0.0,0.0,0.0,0.0,0.0,0.0,0.0,0.0,0.0,0.0,0.0,0.0
2015-11-25 06:00:00,0.0,0.0,0.0,0.0,0.0,0.0,0.0,0.0,0.0,0.0,0.0,0.0,0.0,0.0,0.0,0.0,0.0
2015-11-25 07:00:00,0.035,0.0,0.0,0.131,0.0,0.079,0.158,0.091,0.011,0.163,0.111,0.0,0.143,0.146,0.005,0.0,0.0
2015-11-25 08:00:00,0.132,0.047,0.166,0.248,0.015,0.23,0.285,0.229,0.173,0.288,0.199,0.076,0.247,0.267,0.198,0.1,0.015
2015-11-25 09:00:00,0.178,0.079,0.243,0.289,0.05,0.291,0.34,0.282,0.238,0.333,0.254,0.118,0.316,0.32,0.254,0.141,0.039
2015-11-25 10:00:00,0.178,0.15,0.207,0.266,0.079,0.27,0.309,0.258,0.23,0.294,0.221,0.146,0.292,0.286,0.234,0.148,0.053
2015-11-25 11:00:00,0.136,0.13,0.126,0.179,0.093,0.189,0.22,0.175,0.174,0.201,0.147,0.116,0.211,0.201,0.157,0.126,0.061
2015-11-25 12:00:00,0.074,0.095,0.068,0.06,0.098,0.083,0.097,0.061,0.091,0.076,0.046,0.064,0.095,0.08,0.051,0.08,0.055
2015-11-25 13:00:00,0.047,0.058,0.048,0.038,0.065,0.042,0.041,0.036,0.051,0.04,0.033,0.042,0.041,0.04,0.034,0.053,0.045
2015-11-25 14:00:00,0.022,0.035,0.02,0.018,0.023,0.022,0.025,0.017,0.027,0.021,0.012,0.017,0.025,0.022,0.014,0.027,0.017
2015-11-25 15:00:00,0.0,0.003,0.0,0.0,0.0,0.0,0.001,0.0,0.001,0.0,0.0,0.0,0.001,0.0,0.0,0.001,0.0
2015-11-25 16:00:00,0.0,0.0,0.0,0.0,0.0,0.0,0.0,0.0,0.0,0.0,0.0,0.0,0.0,0.0,0.0,0.0,0.0
2015-11-25 17:00:00,0.0,0.0,0.0,0.0,0.0,0.0,0.0,0.0,0.0,0.0,0.0,0.0,0.0,0.0,0.0,0.0,0.0
2015-11-25 18:00:00,0.0,0.0,0.0,0.0,0.0,0.0,0.0,0.0,0.0,0.0,0.0,0.0,0.0,0.0,0.0,0.0,0.0
2015-11-25 19:00:00,0.0,0.0,0.0,0.0,0.0,0.0,0.0,0.0,0.0,0.0,0.0,0.0,0.0,0.0,0.0,0.0,0.0
2015-11-25 20:00:00,0.0,0.0,0.0,0.0,0.0,0.0,0.0,0.0,0.0,0.0,0.0,0.0,0.0,0.0,0.0,0.0,0.0
2015-11-25 21:00:00,0.0,0.0,0.0,0.0,0.0,0.0,0.0,0.0,0.0,0.0,0.0,0.0,0.0,0.0,0.0,0.0,0.0
2015-11-25 22:00:00,0.0,0.0,0.0,0.0,0.0,0.0,0.0,0.0,0.0,0.0,0.0,0.0,0.0,0.0,0.0,0.0,0.0
2015-11-25 23:00:00,0.0,0.0,0.0,0.0,0.0,0.0,0.0,0.0,0.0,0.0,0.0,0.0,0.0,0.0,0.0,0.0,0.0
