hour,CZ,DE,LT,PL,PL dolnośląskie,PL kujawsko-pomorskie,PL lubelskie,PL lubuskie,PL łódzkie,PL małopolskie,PL mazowieckie,PL opolskie,PL podkarpackie,PL podlaskie,PL pomorskie,PL śląskie,PL świętokrzyskie,PL warmińsko-mazurskie,PL wielkopolskie,PL zachodniopomorskie,SE,SK
2015-01-28 00:00:00,0.286,0.24,0.09,0.328,0.357,0.387,0.364,0.361,0.473,0.308,0.398,0.235,0.255,0.196,0.301,0.38,0.363,0.177,0.352,0.309,0.499,0.081
2015-01-28 01:00:00,0.321,0.25,0.069,0.332,0.363,0.395,0.395,0.352,0.471,0.311,0.41,0.272,0.252,0.236,0.312,0.42,0.385,0.182,0.363,0.276,0.511,0.089
2015-01-28 02:00:00,0.35,0.261,0.052,0.345,0.364,0.412,0.41,0.352,0.461,0.317,0.407,0.274,0.259,0.269,0.33,0.414,0.402,0.195,0.39,0.282,0.522,0.087
2015-01-28 03:00:00,0.37,0.272,0.042,0.366,0.383,0.421,0.42,0.36,0.463,0.341,0.404,0.283,0.269,0.28,0.335,0.418,0.435,0.203,0.407,0.346,0.542,0.078
2015-01-28 04:00:00,0.364,0.292,0.036,0.376,0.379,0.412,0.428,0.378,0.459,0.357,0.408,0.296,0.276,0.279,0.349,0.422,0.457,0.206,0.401,0.393,0.548,0.077
2015-01-28 05:00:00,0.327,0.323,0.03,0.375,0.342,0.405,0.429,0.372,0.422,0.376,0.392,0.283,0.278,0.276,0.373,0.403,0.487,0.207,0.393,0.402,0.538,0.092
2015-01-28 06:00:00,0.271,0.363,0.031,0.371,0.33,0.409,0.434,0.349,0.39,0.398,0.377,0.256,0.293,0.272,0.384,0.371,0.492,0.227,0.381,0.398,0.513,0.09
2015-01-28 07:00:00,0.241,0.413,0.04,0.357,0.326,0.362,0.429,0.334,0.39,0.387,0.359,0.232,0.311,0.261,0.379,0.336,0.45,0.247,0.338,0.413,0.485,0.061
2015-01-28 08:00:00,0.239,0.464,0.055,0.347,0.315,0.303,0.446,0.341,0.397,0.343,0.357,0.215,0.325,0.263,0.372,0.309,0.414,0.25,0.298,0.446,0.475,0.033
2015-01-28 09:00:00,0.268,0.512,0.069,0.363,0.423,0.273,0.578,0.375,0.41,0.339,0.368,0.254,0.29,0.29,0.38,0.298,0.463,0.249,0.303,0.477,0.466,0.022
2015-01-28 10:00:00,0.32,0.57,0.073,0.404,0.431,0.379,0.54,0.421,0.434,0.419,0.387,0.18,0.409,0.258,0.423,0.327,0.475,0.256,0.409,0.458,0.453,0.022
2015-01-28 11:00:00,0.394,0.6,0.076,0.426,0.482,0.337,0.476,0.578,0.417,0.37,0.401,0.231,0.474,0.322,0.412,0.298,0.382,0.28,0.413,0.569,0.44,0.03
2015-01-28 12:00:00,0.515,0.666,0.095,0.443,0.438,0.325,0.432,0.52,0.359,0.35,0.401,0.238,0.394,0.378,0.405,0.266,0.382,0.308,0.443,0.66,0.44,0.051
2015-01-28 13:00:00,0.562,0.715,0.131,0.443,0.344,0.322,0.324,0.449,0.316,0.229,0.347,0.185,0.323,0.379,0.426,0.189,0.309,0.323,0.453,0.722,0.449,0.065
2015-01-28 14:00:00,0.526,0.767,0.182,0.439,0.24,0.408,0.248,0.483,0.245,0.147,0.293,0.186,0.198,0.29,0.574,0.204,0.212,0.319,0.375,0.726,0.456,0.058
2015-01-28 15:00:00,0.523,0.779,0.241,0.512,0.342,0.46,0.238,0.63,0.272,0.139,0.297,0.259,0.174,0.272,0.673,0.315,0.207,0.358,0.463,0.831,0.453,0.047
2015-01-28 16:00:00,0.571,0.808,0.311,0.621,0.551,0.596,0.266,0.753,0.357,0.186,0.315,0.41,0.173,0.29,0.781,0.463,0.257,0.43,0.641,0.902,0.453,0.045
2015-01-28 17:00:00,0.653,0.828,0.413,0.719,0.733,0.751,0.285,0.834,0.513,0.256,0.352,0.608,0.174,0.307,0.869,0.625,0.313,0.527,0.782,0.945,0.46,0.07
2015-01-28 18:00:00,0.756,0.841,0.499,0.783,0.824,0.814,0.295,0.885,0.668,0.331,0.43,0.781,0.164,0.337,0.925,0.76,0.381,0.626,0.863,0.965,0.47,0.109
2015-01-28 19:00:00,0.828,0.837,0.566,0.825,0.866,0.866,0.31,0.924,0.783,0.411,0.529,0.864,0.176,0.378,0.951,0.863,0.468,0.706,0.898,0.976,0.485,0.153
2015-01-28 20:00:00,0.859,0.829,0.624,0.857,0.905,0.909,0.349,0.946,0.841,0.513,0.62,0.888,0.233,0.476,0.958,0.921,0.605,0.768,0.915,0.985,0.51,0.222
2015-01-28 21:00:00,0.868,0.821,0.676,0.883,0.94,0.931,0.433,0.953,0.872,0.585,0.687,0.928,0.389,0.548,0.973,0.94,0.708,0.803,0.929,0.986,0.538,0.343
2015-01-28 22:00:00,0.875,0.807,0.732,0.886,0.897,0.924,0.497,0.933,0.888,0.614,0.723,0.916,0.533,0.597,0.983,0.931,0.719,0.848,0.894,0.986,0.569,0.461
2015-01-28 23:00:00,0.851,0.754,0.767,0.904,0.914,0.922,0.621,0.941,0.924,0.661,0.788,0.957,0.715,0.65,0.984,0.959,0.736,0.886,0.897,0.976,0.584,0.501
2015-01-29 00:00:00,0.864,0.719,0.81,0.916,0.933,0.924,0.705,0.957,0.95,0.7,0.838,0.968,0.801,0.739,0.978,0.983,0.752,0.908,0.903,0.962,0.635,0.609
2015-01-29 01:00:00,0.839,0.718,0.835,0.922,0.944,0.937,0.759,0.926,0.968,0.772,0.873,0.973,0.87,0.831,0.976,0.991,0.811,0.927,0.911,0.927,0.66,0.677
2015-01-29 02:00:00,0.792,0.727,0.857,0.921,0.929,0.929,0.809,0.877,0.976,0.803,0.896,0.973,0.916,0.872,0.965,0.988,0.833,0.937,0.906,0.911,0.659,0.759
2015-01-29 03:00:00,0.745,0.728,0.882,0.917,0.871,0.929,0.833,0.844,0.976,0.763,0.908,0.972,0.924,0.895,0.942,0.988,0.805,0.939,0.894,0.928,0.663,0.793
2015-01-29 04:00:00,0.725,0.735,0.902,0.899,0.761,0.908,0.825,0.84,0.97,0.728,0.906,0.952,0.913,0.894,0.923,0.99,0.763,0.933,0.846,0.945,0.683,0.761
2015-01-29 05:00:00,0.684,0.736,0.911,0.874,0.642,0.857,0.825,0.835,0.948,0.725,0.898,0.888,0.908,0.894,0.905,0.989,0.743,0.919,0.8,0.945,0.698,0.72
2015-01-29 06:00:00,0.653,0.73,0.913,0.842,0.54,0.799,0.83,0.81,0.899,0.69,0.878,0.796,0.906,0.892,0.89,0.974,0.706,0.882,0.753,0.932,0.713,0.685
2015-01-29 07:00:00,0.646,0.733,0.913,0.806,0.464,0.745,0.825,0.792,0.83,0.633,0.831,0.706,0.902,0.886,0.879,0.944,0.65,0.83,0.699,0.915,0.728,0.63
2015-01-29 08:00:00,0.636,0.74,0.906,0.767,0.425,0.697,0.792,0.774,0.739,0.559,0.758,0.643,0.865,0.856,0.872,0.902,0.589,0.768,0.653,0.89,0.743,0.563
2015-01-29 09:00:00,0.633,0.74,0.888,0.7,0.364,0.632,0.721,0.705,0.602,0.489,0.657,0.563,0.849,0.738,0.862,0.86,0.499,0.734,0.549,0.827,0.761,0.492
2015-01-29 10:00:00,0.647,0.725,0.858,0.616,0.286,0.455,0.782,0.498,0.565,0.324,0.614,0.316,0.821,0.719,0.78,0.687,0.423,0.674,0.474,0.747,0.782,0.42
2015-01-29 11:00:00,0.572,0.627,0.81,0.641,0.427,0.455,0.739,0.714,0.427,0.296,0.505,0.32,0.648,0.633,0.798,0.593,0.415,0.57,0.545,0.874,0.811,0.321
2015-01-29 12:00:00,0.587,0.683,0.796,0.643,0.507,0.48,0.727,0.73,0.347,0.264,0.413,0.409,0.516,0.578,0.787,0.538,0.381,0.551,0.561,0.925,0.821,0.317
2015-01-29 13:00:00,0.61,0.69,0.754,0.634,0.538,0.514,0.608,0.717,0.332,0.264,0.37,0.459,0.45,0.502,0.807,0.586,0.36,0.468,0.582,0.885,0.809,0.306
2015-01-29 14:00:00,0.592,0.673,0.732,0.618,0.469,0.557,0.507,0.631,0.353,0.323,0.349,0.436,0.419,0.411,0.813,0.623,0.369,0.462,0.535,0.885,0.819,0.29
2015-01-29 15:00:00,0.571,0.645,0.688,0.621,0.514,0.543,0.481,0.666,0.447,0.328,0.411,0.507,0.572,0.422,0.771,0.679,0.408,0.526,0.555,0.821,0.805,0.266
2015-01-29 16:00:00,0.66,0.625,0.661,0.671,0.661,0.602,0.494,0.727,0.606,0.326,0.494,0.701,0.595,0.49,0.776,0.752,0.419,0.613,0.652,0.782,0.784,0.26
2015-01-29 17:00:00,0.737,0.55,0.645,0.719,0.763,0.684,0.503,0.77,0.718,0.317,0.527,0.84,0.615,0.487,0.811,0.789,0.409,0.666,0.765,0.75,0.765,0.253
2015-01-29 18:00:00,0.766,0.511,0.681,0.751,0.808,0.781,0.475,0.788,0.785,0.315,0.537,0.893,0.557,0.446,0.843,0.815,0.408,0.696,0.821,0.753,0.746,0.256
2015-01-29 19:00:00,0.77,0.493,0.714,0.771,0.858,0.841,0.417,0.77,0.817,0.357,0.559,0.904,0.504,0.414,0.878,0.818,0.465,0.725,0.823,0.787,0.727,0.256
2015-01-29 20:00:00,0.781,0.48,0.704,0.779,0.887,0.842,0.397,0.764,0.813,0.363,0.582,0.915,0.51,0.415,0.892,0.797,0.48,0.746,0.823,0.807,0.706,0.288
2015-01-29 21:00:00,0.813,0.469,0.662,0.764,0.866,0.822,0.389,0.726,0.77,0.33,0.571,0.917,0.51,0.419,0.881,0.778,0.434,0.749,0.815,0.775,0.682,0.326
2015-01-29 22:00:00,0.836,0.44,0.639,0.676,0.792,0.722,0.356,0.618,0.704,0.265,0.477,0.907,0.422,0.384,0.805,0.728,0.364,0.657,0.722,0.658,0.654,0.394
2015-01-29 23:00:00,0.803,0.356,0.632,0.689,0.809,0.735,0.398,0.609,0.711,0.348,0.507,0.902,0.489,0.434,0.769,0.748,0.44,0.648,0.752,0.671,0.646,0.444
2015-01-30 00:00:00,0.817,0.323,0.668,0.703,0.846,0.753,0.443,0.617,0.697,0.396,0.57,0.907,0.537,0.51,0.764,0.731,0.468,0.693,0.774,0.655,0.642,0.649
2015-01-30 01:00:00,0.817,0.305,0.705,0.712,0.847,0.719,0.472,0.661,0.717,0.449,0.601,0.949,0.582,0.538,0.779,0.775,0.503,0.751,0.762,0.659,0.616,0.75
2015-01-30 02:00:00,0.8,0.285,0.729,0.736,0.86,0.729,0.534,0.704,0.746,0.531,0.627,0.974,0.614,0.581,0.789,0.85,0.59,0.787,0.761,0.7,0.585,0.79
2015-01-30 03:00:00,0.79,0.27,0.742,0.744,0.854,0.723,0.55,0.694,0.764,0.564,0.641,0.972,0.628,0.582,0.78,0.863,0.635,0.81,0.783,0.708,0.545,0.815
2015-01-30 04:00:00,0.729,0.262,0.76,0.755,0.818,0.767,0.515,0.67,0.805,0.682,0.687,0.96,0.599,0.643,0.754,0.87,0.713,0.82,0.803,0.726,0.518,0.842
2015-01-30 05:00:00,0.685,0.263,0.767,0.756,0.778,0.767,0.501,0.605,0.813,0.76,0.722,0.935,0.581,0.671,0.767,0.849,0.804,0.801,0.789,0.741,0.494,0.873
2015-01-30 06:00:00,0.65,0.272,0.774,0.765,0.76,0.8,0.613,0.528,0.83,0.758,0.766,0.924,0.619,0.688,0.814,0.801,0.849,0.791,0.782,0.724,0.462,0.891
2015-01-30 07:00:00,0.639,0.279,0.768,0.757,0.721,0.841,0.688,0.446,0.831,0.719,0.798,0.909,0.678,0.703,0.852,0.741,0.836,0.804,0.761,0.65,0.428,0.916
2015-01-30 08:00:00,0.656,0.275,0.758,0.738,0.695,0.851,0.718,0.401,0.808,0.689,0.807,0.872,0.714,0.737,0.86,0.712,0.816,0.838,0.732,0.567,0.4,0.929
2015-01-30 09:00:00,0.65,0.269,0.75,0.708,0.555,0.856,0.653,0.365,0.795,0.672,0.79,0.748,0.682,0.703,0.895,0.664,0.773,0.88,0.657,0.535,0.371,0.891
2015-01-30 10:00:00,0.669,0.278,0.792,0.628,0.282,0.677,0.671,0.325,0.667,0.588,0.707,0.402,0.618,0.708,0.804,0.441,0.697,0.795,0.524,0.628,0.351,0.792
2015-01-30 11:00:00,0.571,0.245,0.742,0.599,0.192,0.664,0.707,0.214,0.631,0.563,0.704,0.347,0.664,0.695,0.796,0.393,0.747,0.748,0.504,0.56,0.374,0.568
2015-01-30 12:00:00,0.639,0.236,0.77,0.519,0.31,0.58,0.771,0.238,0.668,0.566,0.722,0.334,0.738,0.682,0.73,0.344,0.767,0.72,0.393,0.334,0.304,0.446
2015-01-30 13:00:00,0.633,0.229,0.797,0.506,0.2,0.607,0.769,0.213,0.652,0.6,0.797,0.225,0.759,0.82,0.666,0.311,0.803,0.793,0.406,0.261,0.274,0.306
2015-01-30 14:00:00,0.59,0.207,0.78,0.477,0.116,0.611,0.88,0.141,0.614,0.614,0.804,0.173,0.826,0.875,0.716,0.297,0.815,0.844,0.253,0.228,0.254,0.233
2015-01-30 15:00:00,0.598,0.205,0.826,0.425,0.121,0.466,0.886,0.159,0.588,0.56,0.795,0.14,0.804,0.917,0.669,0.309,0.797,0.84,0.166,0.171,0.248,0.225
2015-01-30 16:00:00,0.544,0.191,0.871,0.392,0.192,0.401,0.88,0.261,0.509,0.493,0.8,0.083,0.808,0.914,0.546,0.259,0.788,0.808,0.144,0.161,0.258,0.244
2015-01-30 17:00:00,0.528,0.173,0.89,0.396,0.298,0.369,0.891,0.338,0.414,0.436,0.814,0.091,0.83,0.915,0.505,0.239,0.807,0.813,0.144,0.205,0.267,0.338
2015-01-30 18:00:00,0.516,0.167,0.891,0.374,0.351,0.278,0.894,0.326,0.364,0.365,0.807,0.203,0.846,0.925,0.449,0.223,0.787,0.791,0.136,0.186,0.255,0.513
2015-01-30 19:00:00,0.514,0.173,0.888,0.359,0.377,0.198,0.895,0.323,0.341,0.263,0.793,0.332,0.833,0.925,0.359,0.235,0.725,0.761,0.187,0.161,0.245,0.587
2015-01-30 20:00:00,0.509,0.182,0.888,0.353,0.357,0.134,0.886,0.31,0.33,0.161,0.765,0.43,0.757,0.922,0.275,0.232,0.567,0.732,0.267,0.163,0.23,0.551
2015-01-30 21:00:00,0.52,0.188,0.887,0.347,0.361,0.103,0.856,0.319,0.285,0.157,0.716,0.397,0.712,0.914,0.219,0.292,0.398,0.722,0.322,0.157,0.215,0.492
2015-01-30 22:00:00,0.493,0.188,0.889,0.344,0.386,0.134,0.814,0.426,0.262,0.166,0.625,0.27,0.704,0.881,0.173,0.298,0.337,0.714,0.382,0.141,0.212,0.516
2015-01-30 23:00:00,0.396,0.191,0.877,0.344,0.381,0.203,0.746,0.451,0.289,0.255,0.508,0.232,0.636,0.83,0.175,0.334,0.313,0.68,0.384,0.171,0.255,0.548
2015-01-31 00:00:00,0.415,0.207,0.886,0.32,0.341,0.237,0.647,0.405,0.292,0.313,0.363,0.243,0.582,0.738,0.162,0.367,0.321,0.575,0.36,0.185,0.262,0.56
2015-01-31 01:00:00,0.42,0.227,0.889,0.301,0.365,0.306,0.553,0.421,0.35,0.38,0.277,0.318,0.521,0.662,0.122,0.268,0.324,0.473,0.333,0.214,0.252,0.598
2015-01-31 02:00:00,0.424,0.25,0.881,0.324,0.417,0.29,0.459,0.471,0.308,0.464,0.185,0.277,0.45,0.566,0.269,0.251,0.412,0.429,0.359,0.271,0.249,0.602
2015-01-31 03:00:00,0.419,0.253,0.871,0.298,0.418,0.236,0.371,0.517,0.344,0.478,0.2,0.274,0.402,0.515,0.213,0.29,0.494,0.252,0.351,0.275,0.245,0.525
2015-01-31 04:00:00,0.423,0.26,0.86,0.297,0.511,0.233,0.34,0.506,0.368,0.455,0.244,0.313,0.333,0.445,0.191,0.278,0.556,0.255,0.344,0.282,0.241,0.433
2015-01-31 05:00:00,0.453,0.267,0.804,0.298,0.587,0.228,0.338,0.551,0.375,0.483,0.26,0.328,0.308,0.317,0.171,0.292,0.656,0.223,0.349,0.294,0.255,0.335
2015-01-31 06:00:00,0.46,0.268,0.758,0.31,0.6,0.222,0.337,0.615,0.426,0.469,0.261,0.351,0.376,0.225,0.148,0.394,0.617,0.157,0.385,0.326,0.272,0.279
2015-01-31 07:00:00,0.458,0.261,0.713,0.351,0.6,0.247,0.383,0.62,0.473,0.478,0.273,0.406,0.519,0.146,0.147,0.501,0.586,0.136,0.47,0.384,0.288,0.258
2015-01-31 08:00:00,0.454,0.252,0.632,0.417,0.578,0.31,0.466,0.638,0.494,0.468,0.319,0.412,0.659,0.122,0.168,0.568,0.534,0.138,0.609,0.459,0.311,0.251
2015-01-31 09:00:00,0.451,0.249,0.547,0.493,0.516,0.479,0.573,0.663,0.544,0.509,0.42,0.368,0.593,0.186,0.189,0.594,0.511,0.163,0.748,0.537,0.324,0.243
2015-01-31 10:00:00,0.472,0.238,0.473,0.566,0.746,0.602,0.63,0.644,0.812,0.749,0.486,0.647,0.636,0.301,0.199,0.678,0.833,0.217,0.825,0.564,0.351,0.194
2015-01-31 11:00:00,0.599,0.265,0.406,0.585,0.626,0.668,0.7,0.631,0.77,0.859,0.582,0.61,0.634,0.44,0.255,0.68,0.883,0.283,0.764,0.611,0.396,0.221
2015-01-31 12:00:00,0.675,0.267,0.377,0.585,0.549,0.71,0.702,0.573,0.702,0.832,0.556,0.569,0.702,0.488,0.27,0.635,0.866,0.311,0.714,0.663,0.425,0.244
2015-01-31 13:00:00,0.692,0.252,0.349,0.588,0.532,0.73,0.703,0.511,0.701,0.691,0.571,0.562,0.726,0.488,0.326,0.599,0.793,0.332,0.657,0.701,0.438,0.229
2015-01-31 14:00:00,0.634,0.219,0.336,0.575,0.417,0.733,0.655,0.385,0.621,0.512,0.526,0.556,0.539,0.581,0.378,0.619,0.611,0.411,0.591,0.723,0.46,0.221
2015-01-31 15:00:00,0.593,0.191,0.337,0.594,0.347,0.76,0.718,0.299,0.627,0.482,0.583,0.534,0.466,0.649,0.478,0.716,0.571,0.516,0.564,0.704,0.483,0.227
2015-01-31 16:00:00,0.568,0.163,0.384,0.631,0.352,0.804,0.741,0.295,0.66,0.521,0.669,0.567,0.418,0.651,0.607,0.79,0.617,0.626,0.555,0.701,0.484,0.272
2015-01-31 17:00:00,0.533,0.166,0.45,0.674,0.416,0.817,0.759,0.334,0.687,0.555,0.737,0.621,0.413,0.693,0.703,0.85,0.651,0.711,0.583,0.718,0.507,0.335
2015-01-31 18:00:00,0.493,0.192,0.504,0.7,0.472,0.802,0.742,0.364,0.728,0.609,0.763,0.668,0.472,0.739,0.773,0.876,0.673,0.769,0.6,0.721,0.538,0.361
2015-01-31 19:00:00,0.473,0.216,0.545,0.711,0.553,0.772,0.688,0.416,0.766,0.655,0.775,0.714,0.549,0.743,0.829,0.879,0.697,0.796,0.603,0.704,0.554,0.327
2015-01-31 20:00:00,0.481,0.233,0.601,0.71,0.621,0.724,0.64,0.483,0.764,0.682,0.77,0.726,0.614,0.766,0.862,0.874,0.69,0.802,0.603,0.678,0.567,0.282
2015-01-31 21:00:00,0.454,0.233,0.674,0.705,0.647,0.681,0.606,0.535,0.751,0.69,0.736,0.683,0.666,0.79,0.881,0.862,0.693,0.81,0.612,0.652,0.583,0.244
2015-01-31 22:00:00,0.423,0.222,0.699,0.701,0.63,0.656,0.598,0.534,0.737,0.68,0.714,0.622,0.757,0.801,0.9,0.822,0.722,0.816,0.616,0.631,0.599,0.221
2015-01-31 23:00:00,0.383,0.214,0.691,0.678,0.608,0.604,0.614,0.533,0.696,0.611,0.666,0.581,0.77,0.769,0.901,0.784,0.688,0.82,0.594,0.597,0.63,0.174
2015-02-01 00:00:00,0.315,0.194,0.73,0.661,0.554,0.571,0.645,0.546,0.699,0.532,0.635,0.542,0.756,0.729,0.907,0.753,0.643,0.825,0.579,0.568,0.642,0.153
2015-02-01 01:00:00,0.261,0.18,0.758,0.657,0.475,0.583,0.683,0.545,0.705,0.46,0.653,0.476,0.762,0.73,0.931,0.699,0.601,0.845,0.581,0.529,0.649,0.128
2015-02-01 02:00:00,0.221,0.172,0.783,0.645,0.436,0.583,0.698,0.543,0.686,0.384,0.657,0.437,0.733,0.754,0.936,0.642,0.565,0.86,0.556,0.51,0.656,0.09
2015-02-01 03:00:00,0.212,0.172,0.8,0.643,0.404,0.561,0.698,0.527,0.667,0.341,0.66,0.434,0.668,0.76,0.925,0.623,0.539,0.871,0.567,0.521,0.663,0.07
2015-02-01 04:00:00,0.207,0.168,0.83,0.632,0.342,0.545,0.661,0.484,0.666,0.323,0.65,0.392,0.616,0.742,0.912,0.587,0.496,0.861,0.577,0.522,0.668,0.065
2015-02-01 05:00:00,0.202,0.169,0.852,0.629,0.351,0.586,0.635,0.461,0.672,0.275,0.661,0.342,0.571,0.746,0.9,0.51,0.451,0.845,0.577,0.524,0.672,0.072
2015-02-01 06:00:00,0.206,0.167,0.868,0.629,0.392,0.65,0.586,0.448,0.654,0.194,0.68,0.314,0.445,0.768,0.878,0.443,0.382,0.821,0.583,0.541,0.679,0.068
2015-02-01 07:00:00,0.208,0.163,0.875,0.621,0.376,0.693,0.478,0.433,0.61,0.156,0.697,0.284,0.358,0.785,0.864,0.416,0.314,0.816,0.582,0.534,0.687,0.06
2015-02-01 08:00:00,0.204,0.158,0.888,0.588,0.286,0.695,0.368,0.393,0.524,0.13,0.684,0.245,0.302,0.76,0.863,0.4,0.242,0.829,0.524,0.5,0.692,0.059
2015-02-01 09:00:00,0.193,0.153,0.908,0.535,0.17,0.694,0.249,0.324,0.364,0.103,0.562,0.202,0.143,0.626,0.859,0.39,0.177,0.842,0.437,0.479,0.695,0.043
2015-02-01 10:00:00,0.162,0.16,0.918,0.552,0.161,0.774,0.198,0.379,0.3,0.064,0.617,0.147,0.057,0.819,0.919,0.291,0.114,0.888,0.464,0.444,0.693,0.023
2015-02-01 11:00:00,0.13,0.148,0.924,0.538,0.227,0.69,0.166,0.398,0.325,0.049,0.637,0.138,0.024,0.769,0.881,0.194,0.086,0.881,0.45,0.474,0.65,0.017
2015-02-01 12:00:00,0.111,0.151,0.927,0.499,0.24,0.594,0.121,0.364,0.301,0.039,0.513,0.151,0.012,0.677,0.841,0.149,0.057,0.782,0.411,0.499,0.662,0.005
2015-02-01 13:00:00,0.103,0.16,0.921,0.452,0.199,0.485,0.08,0.351,0.216,0.034,0.384,0.121,0.005,0.56,0.793,0.125,0.041,0.7,0.376,0.504,0.66,0.001
2015-02-01 14:00:00,0.099,0.175,0.912,0.417,0.159,0.44,0.047,0.28,0.171,0.029,0.302,0.099,0.004,0.433,0.752,0.121,0.035,0.636,0.339,0.508,0.661,0.001
2015-02-01 15:00:00,0.099,0.185,0.898,0.38,0.115,0.406,0.051,0.21,0.157,0.035,0.266,0.121,0.01,0.378,0.713,0.155,0.041,0.615,0.247,0.5,0.669,0.006
2015-02-01 16:00:00,0.102,0.204,0.899,0.385,0.109,0.394,0.081,0.229,0.193,0.051,0.245,0.154,0.014,0.324,0.698,0.225,0.079,0.57,0.243,0.548,0.658,0.013
2015-02-01 17:00:00,0.113,0.221,0.897,0.406,0.104,0.409,0.105,0.277,0.229,0.052,0.279,0.172,0.014,0.343,0.697,0.258,0.099,0.529,0.277,0.592,0.63,0.018
2015-02-01 18:00:00,0.136,0.244,0.883,0.432,0.121,0.434,0.103,0.303,0.24,0.053,0.345,0.205,0.014,0.449,0.715,0.267,0.106,0.512,0.3,0.634,0.609,0.024
2015-02-01 19:00:00,0.161,0.259,0.863,0.437,0.163,0.42,0.098,0.309,0.252,0.059,0.358,0.209,0.016,0.465,0.722,0.256,0.109,0.52,0.296,0.65,0.591,0.029
2015-02-01 20:00:00,0.18,0.274,0.84,0.438,0.2,0.397,0.104,0.319,0.275,0.068,0.35,0.188,0.018,0.426,0.718,0.236,0.114,0.522,0.314,0.645,0.574,0.028
2015-02-01 21:00:00,0.195,0.289,0.829,0.423,0.2,0.378,0.092,0.314,0.275,0.077,0.321,0.16,0.018,0.407,0.7,0.214,0.116,0.491,0.318,0.619,0.562,0.025
2015-02-01 22:00:00,0.205,0.303,0.813,0.466,0.281,0.437,0.107,0.379,0.34,0.143,0.358,0.198,0.027,0.424,0.734,0.243,0.193,0.535,0.399,0.621,0.545,0.022
2015-02-01 23:00:00,0.184,0.312,0.814,0.454,0.236,0.428,0.083,0.36,0.331,0.154,0.323,0.149,0.03,0.369,0.738,0.22,0.196,0.52,0.393,0.612,0.505,0.042
2015-02-02 00:00:00,0.176,0.298,0.773,0.455,0.224,0.462,0.079,0.353,0.326,0.147,0.321,0.15,0.028,0.344,0.749,0.218,0.195,0.533,0.385,0.607,0.514,0.042
2015-02-02 01:00:00,0.174,0.296,0.747,0.455,0.216,0.493,0.076,0.361,0.324,0.131,0.306,0.155,0.018,0.313,0.756,0.22,0.186,0.541,0.377,0.604,0.506,0.036
2015-02-02 02:00:00,0.17,0.31,0.709,0.457,0.208,0.508,0.081,0.372,0.321,0.104,0.303,0.139,0.011,0.281,0.767,0.203,0.154,0.556,0.382,0.602,0.492,0.029
2015-02-02 03:00:00,0.168,0.331,0.681,0.449,0.179,0.509,0.079,0.372,0.291,0.081,0.285,0.111,0.009,0.263,0.75,0.191,0.115,0.556,0.381,0.596,0.48,0.025
2015-02-02 04:00:00,0.159,0.338,0.658,0.442,0.169,0.504,0.063,0.375,0.26,0.066,0.27,0.092,0.01,0.254,0.723,0.183,0.099,0.55,0.365,0.62,0.461,0.025
2015-02-02 05:00:00,0.152,0.348,0.637,0.433,0.179,0.482,0.057,0.374,0.237,0.05,0.26,0.087,0.01,0.253,0.692,0.16,0.085,0.532,0.355,0.637,0.442,0.026
2015-02-02 06:00:00,0.141,0.355,0.639,0.426,0.206,0.453,0.063,0.376,0.222,0.039,0.265,0.098,0.007,0.25,0.669,0.136,0.068,0.502,0.36,0.635,0.422,0.032
2015-02-02 07:00:00,0.131,0.362,0.649,0.416,0.229,0.427,0.062,0.366,0.2,0.03,0.264,0.124,0.007,0.262,0.657,0.12,0.056,0.494,0.349,0.619,0.409,0.035
2015-02-02 08:00:00,0.131,0.37,0.673,0.4,0.216,0.407,0.053,0.348,0.173,0.023,0.231,0.137,0.007,0.231,0.659,0.124,0.048,0.492,0.335,0.582,0.397,0.039
2015-02-02 09:00:00,0.129,0.37,0.687,0.419,0.178,0.431,0.025,0.401,0.112,0.017,0.137,0.083,0.003,0.153,0.683,0.1,0.027,0.475,0.386,0.664,0.383,0.038
2015-02-02 10:00:00,0.174,0.369,0.737,0.432,0.205,0.425,0.017,0.477,0.086,0.013,0.126,0.076,0.004,0.142,0.702,0.073,0.02,0.523,0.403,0.684,0.367,0.033
2015-02-02 11:00:00,0.099,0.345,0.78,0.436,0.237,0.488,0.014,0.442,0.111,0.012,0.152,0.084,0.007,0.143,0.677,0.047,0.019,0.606,0.393,0.673,0.337,0.019
2015-02-02 12:00:00,0.116,0.365,0.792,0.414,0.222,0.457,0.014,0.378,0.144,0.014,0.199,0.09,0.012,0.143,0.652,0.036,0.017,0.58,0.39,0.591,0.331,0.016
2015-02-02 13:00:00,0.141,0.37,0.684,0.37,0.2,0.424,0.014,0.326,0.136,0.018,0.175,0.101,0.019,0.14,0.613,0.039,0.018,0.401,0.338,0.542,0.329,0.021
2015-02-02 14:00:00,0.173,0.348,0.633,0.348,0.165,0.339,0.014,0.339,0.092,0.023,0.137,0.099,0.023,0.137,0.588,0.051,0.019,0.372,0.273,0.598,0.334,0.047
2015-02-02 15:00:00,0.196,0.337,0.62,0.346,0.127,0.323,0.02,0.362,0.103,0.034,0.143,0.078,0.029,0.136,0.574,0.073,0.029,0.4,0.24,0.631,0.319,0.065
2015-02-02 16:00:00,0.188,0.327,0.607,0.373,0.164,0.347,0.025,0.412,0.139,0.061,0.164,0.074,0.035,0.137,0.578,0.113,0.05,0.418,0.289,0.66,0.333,0.065
2015-02-02 17:00:00,0.196,0.314,0.606,0.409,0.216,0.392,0.029,0.444,0.16,0.101,0.183,0.073,0.045,0.162,0.598,0.137,0.078,0.423,0.363,0.69,0.335,0.066
2015-02-02 18:00:00,0.229,0.309,0.603,0.429,0.245,0.434,0.035,0.447,0.171,0.147,0.177,0.103,0.063,0.168,0.645,0.15,0.111,0.424,0.408,0.669,0.333,0.053
2015-02-02 19:00:00,0.277,0.313,0.582,0.421,0.243,0.451,0.044,0.466,0.192,0.172,0.168,0.138,0.071,0.155,0.691,0.162,0.131,0.436,0.398,0.585,0.321,0.051
2015-02-02 20:00:00,0.324,0.312,0.547,0.403,0.253,0.431,0.054,0.48,0.22,0.19,0.162,0.161,0.077,0.137,0.692,0.188,0.149,0.444,0.391,0.493,0.31,0.062
2015-02-02 21:00:00,0.357,0.303,0.532,0.381,0.267,0.412,0.065,0.454,0.228,0.197,0.154,0.182,0.087,0.119,0.662,0.226,0.163,0.444,0.39,0.404,0.305,0.088
2015-02-02 22:00:00,0.385,0.301,0.525,0.432,0.319,0.48,0.081,0.499,0.268,0.192,0.177,0.206,0.098,0.126,0.709,0.285,0.136,0.496,0.465,0.454,0.299,0.1
2015-02-02 23:00:00,0.297,0.282,0.549,0.403,0.283,0.47,0.078,0.412,0.269,0.246,0.169,0.185,0.096,0.11,0.639,0.276,0.196,0.482,0.454,0.399,0.308,0.127
2015-02-03 00:00:00,0.306,0.272,0.504,0.376,0.257,0.48,0.075,0.375,0.291,0.278,0.168,0.163,0.113,0.1,0.563,0.276,0.244,0.456,0.412,0.375,0.326,0.09
2015-02-03 01:00:00,0.318,0.275,0.465,0.353,0.264,0.416,0.076,0.36,0.295,0.275,0.17,0.194,0.156,0.091,0.499,0.286,0.261,0.43,0.369,0.381,0.327,0.058
2015-02-03 02:00:00,0.329,0.275,0.441,0.354,0.289,0.378,0.078,0.372,0.308,0.283,0.177,0.227,0.182,0.082,0.481,0.322,0.283,0.403,0.365,0.409,0.319,0.051
2015-02-03 03:00:00,0.349,0.265,0.419,0.359,0.319,0.368,0.092,0.382,0.325,0.295,0.181,0.259,0.193,0.081,0.474,0.356,0.283,0.365,0.375,0.427,0.309,0.057
2015-02-03 04:00:00,0.376,0.256,0.393,0.346,0.332,0.359,0.097,0.369,0.327,0.286,0.177,0.287,0.19,0.076,0.463,0.364,0.278,0.311,0.375,0.383,0.301,0.061
2015-02-03 05:00:00,0.383,0.24,0.358,0.328,0.353,0.347,0.104,0.371,0.324,0.253,0.176,0.316,0.194,0.075,0.46,0.377,0.267,0.283,0.366,0.308,0.294,0.063
2015-02-03 06:00:00,0.37,0.222,0.334,0.307,0.37,0.309,0.116,0.376,0.312,0.23,0.166,0.325,0.198,0.078,0.451,0.398,0.248,0.262,0.355,0.238,0.288,0.065
2015-02-03 07:00:00,0.35,0.207,0.336,0.295,0.388,0.297,0.136,0.383,0.302,0.235,0.161,0.329,0.192,0.081,0.425,0.433,0.246,0.246,0.357,0.197,0.285,0.058
2015-02-03 08:00:00,0.341,0.188,0.33,0.286,0.375,0.274,0.091,0.409,0.254,0.194,0.125,0.31,0.134,0.065,0.386,0.423,0.207,0.217,0.372,0.222,0.282,0.051
2015-02-03 09:00:00,0.351,0.176,0.303,0.259,0.306,0.315,0.072,0.393,0.172,0.158,0.08,0.242,0.099,0.041,0.397,0.378,0.154,0.217,0.309,0.191,0.275,0.037
2015-02-03 10:00:00,0.348,0.162,0.203,0.261,0.344,0.273,0.08,0.293,0.152,0.158,0.096,0.25,0.116,0.047,0.389,0.321,0.146,0.259,0.342,0.178,0.264,0.027
2015-02-03 11:00:00,0.277,0.128,0.138,0.244,0.347,0.328,0.094,0.211,0.168,0.214,0.109,0.267,0.201,0.045,0.3,0.329,0.16,0.236,0.322,0.147,0.217,0.02
2015-02-03 12:00:00,0.253,0.107,0.123,0.212,0.279,0.329,0.098,0.145,0.197,0.255,0.101,0.27,0.213,0.048,0.256,0.357,0.175,0.161,0.249,0.138,0.191,0.04
2015-02-03 13:00:00,0.264,0.101,0.106,0.186,0.221,0.266,0.103,0.1,0.21,0.26,0.104,0.259,0.188,0.049,0.249,0.347,0.183,0.153,0.197,0.116,0.185,0.067
2015-02-03 14:00:00,0.231,0.1,0.095,0.171,0.178,0.24,0.109,0.077,0.208,0.21,0.112,0.228,0.16,0.043,0.209,0.339,0.17,0.164,0.181,0.111,0.184,0.083
2015-02-03 15:00:00,0.189,0.104,0.091,0.173,0.157,0.212,0.129,0.095,0.258,0.179,0.165,0.187,0.203,0.06,0.177,0.364,0.192,0.19,0.198,0.098,0.193,0.079
2015-02-03 16:00:00,0.149,0.12,0.125,0.17,0.203,0.173,0.165,0.15,0.323,0.194,0.235,0.235,0.292,0.075,0.164,0.409,0.251,0.223,0.151,0.076,0.207,0.081
2015-02-03 17:00:00,0.172,0.127,0.144,0.179,0.229,0.134,0.201,0.175,0.346,0.229,0.291,0.324,0.362,0.105,0.174,0.5,0.315,0.263,0.139,0.063,0.216,0.107
2015-02-03 18:00:00,0.194,0.126,0.151,0.19,0.253,0.116,0.238,0.196,0.346,0.243,0.306,0.357,0.43,0.138,0.182,0.547,0.362,0.282,0.152,0.061,0.217,0.127
2015-02-03 19:00:00,0.204,0.123,0.143,0.204,0.288,0.121,0.303,0.219,0.346,0.233,0.304,0.383,0.451,0.168,0.191,0.548,0.358,0.279,0.178,0.064,0.208,0.142
2015-02-03 20:00:00,0.205,0.115,0.129,0.211,0.316,0.12,0.337,0.215,0.352,0.233,0.281,0.406,0.401,0.197,0.19,0.55,0.322,0.26,0.216,0.061,0.203,0.155
2015-02-03 21:00:00,0.193,0.108,0.117,0.204,0.306,0.115,0.29,0.197,0.365,0.233,0.243,0.389,0.363,0.198,0.175,0.527,0.313,0.228,0.236,0.056,0.201,0.152
2015-02-03 22:00:00,0.161,0.104,0.111,0.207,0.325,0.127,0.266,0.192,0.377,0.201,0.239,0.38,0.345,0.177,0.171,0.473,0.282,0.219,0.263,0.062,0.198,0.138
2015-02-03 23:00:00,0.155,0.087,0.109,0.19,0.246,0.135,0.236,0.149,0.343,0.163,0.2,0.319,0.277,0.15,0.145,0.416,0.232,0.183,0.25,0.083,0.196,0.137
2015-02-04 00:00:00,0.112,0.095,0.126,0.165,0.169,0.154,0.211,0.103,0.324,0.144,0.18,0.252,0.219,0.143,0.105,0.376,0.203,0.151,0.204,0.094,0.198,0.129
2015-02-04 01:00:00,0.079,0.097,0.149,0.143,0.131,0.143,0.186,0.083,0.303,0.135,0.184,0.208,0.199,0.134,0.08,0.341,0.187,0.148,0.158,0.091,0.2,0.118
2015-02-04 02:00:00,0.064,0.099,0.166,0.127,0.111,0.113,0.159,0.084,0.285,0.127,0.18,0.177,0.249,0.125,0.061,0.301,0.177,0.16,0.131,0.08,0.195,0.095
2015-02-04 03:00:00,0.048,0.103,0.155,0.118,0.09,0.099,0.156,0.087,0.27,0.106,0.183,0.139,0.297,0.119,0.049,0.244,0.17,0.166,0.124,0.068,0.187,0.076
2015-02-04 04:00:00,0.036,0.101,0.146,0.105,0.068,0.094,0.171,0.086,0.227,0.083,0.189,0.094,0.266,0.123,0.041,0.17,0.14,0.17,0.103,0.062,0.185,0.064
2015-02-04 05:00:00,0.033,0.1,0.143,0.096,0.061,0.081,0.179,0.07,0.191,0.076,0.191,0.073,0.217,0.132,0.038,0.137,0.133,0.181,0.079,0.065,0.176,0.06
2015-02-04 06:00:00,0.032,0.099,0.148,0.082,0.057,0.063,0.169,0.053,0.147,0.068,0.172,0.05,0.172,0.126,0.037,0.102,0.123,0.188,0.052,0.065,0.172,0.071
2015-02-04 07:00:00,0.036,0.101,0.157,0.072,0.05,0.044,0.156,0.04,0.117,0.056,0.158,0.034,0.142,0.118,0.035,0.08,0.103,0.186,0.031,0.071,0.162,0.09
2015-02-04 08:00:00,0.029,0.099,0.159,0.053,0.041,0.028,0.088,0.051,0.066,0.033,0.107,0.02,0.078,0.083,0.027,0.054,0.055,0.145,0.02,0.068,0.157,0.088
2015-02-04 09:00:00,0.025,0.092,0.141,0.039,0.037,0.024,0.044,0.058,0.029,0.018,0.058,0.013,0.044,0.058,0.02,0.024,0.023,0.081,0.021,0.062,0.146,0.07
2015-02-04 10:00:00,0.027,0.078,0.1,0.038,0.039,0.029,0.044,0.058,0.027,0.02,0.046,0.023,0.059,0.055,0.014,0.011,0.022,0.076,0.024,0.061,0.138,0.051
2015-02-04 11:00:00,0.02,0.067,0.069,0.043,0.055,0.045,0.048,0.07,0.027,0.017,0.046,0.038,0.05,0.053,0.011,0.011,0.021,0.067,0.041,0.064,0.097,0.048
2015-02-04 12:00:00,0.025,0.076,0.058,0.047,0.07,0.054,0.045,0.096,0.028,0.008,0.034,0.05,0.037,0.041,0.011,0.015,0.017,0.054,0.054,0.069,0.084,0.025
2015-02-04 13:00:00,0.032,0.085,0.05,0.052,0.08,0.057,0.043,0.113,0.028,0.009,0.025,0.052,0.036,0.029,0.013,0.019,0.016,0.043,0.061,0.087,0.076,0.02
2015-02-04 14:00:00,0.044,0.094,0.048,0.048,0.087,0.044,0.033,0.114,0.03,0.016,0.017,0.06,0.041,0.021,0.015,0.028,0.016,0.031,0.055,0.084,0.08,0.034
2015-02-04 15:00:00,0.058,0.102,0.043,0.04,0.073,0.024,0.034,0.081,0.04,0.031,0.016,0.082,0.061,0.024,0.014,0.044,0.019,0.027,0.038,0.069,0.087,0.056
2015-02-04 16:00:00,0.061,0.093,0.049,0.04,0.063,0.014,0.046,0.074,0.057,0.055,0.015,0.133,0.09,0.028,0.011,0.081,0.03,0.027,0.027,0.073,0.098,0.08
2015-02-04 17:00:00,0.087,0.082,0.056,0.039,0.05,0.007,0.063,0.069,0.068,0.067,0.016,0.154,0.101,0.025,0.008,0.119,0.043,0.026,0.019,0.072,0.106,0.133
2015-02-04 18:00:00,0.117,0.082,0.054,0.037,0.045,0.005,0.075,0.062,0.076,0.065,0.017,0.145,0.097,0.016,0.006,0.147,0.052,0.023,0.016,0.062,0.104,0.173
2015-02-04 19:00:00,0.13,0.079,0.048,0.032,0.041,0.005,0.074,0.051,0.072,0.061,0.019,0.108,0.084,0.01,0.007,0.155,0.059,0.02,0.014,0.046,0.099,0.184
2015-02-04 20:00:00,0.117,0.078,0.038,0.027,0.044,0.005,0.065,0.046,0.059,0.064,0.02,0.067,0.069,0.008,0.007,0.141,0.069,0.016,0.015,0.027,0.093,0.189
2015-02-04 21:00:00,0.089,0.073,0.026,0.023,0.056,0.004,0.054,0.046,0.052,0.071,0.022,0.047,0.066,0.012,0.007,0.12,0.078,0.013,0.016,0.014,0.089,0.181
2015-02-04 22:00:00,0.069,0.067,0.018,0.026,0.067,0.005,0.061,0.037,0.057,0.076,0.037,0.038,0.097,0.035,0.006,0.092,0.077,0.017,0.023,0.013,0.086,0.174
2015-02-04 23:00:00,0.048,0.062,0.008,0.027,0.036,0.005,0.059,0.033,0.071,0.087,0.051,0.037,0.104,0.051,0.009,0.093,0.09,0.024,0.015,0.018,0.095,0.149
2015-02-05 00:00:00,0.046,0.065,0.008,0.029,0.027,0.006,0.052,0.036,0.07,0.08,0.057,0.028,0.097,0.055,0.009,0.089,0.102,0.029,0.016,0.024,0.098,0.155
2015-02-05 01:00:00,0.044,0.069,0.016,0.027,0.022,0.007,0.046,0.029,0.07,0.065,0.061,0.026,0.073,0.056,0.008,0.082,0.099,0.031,0.017,0.023,0.105,0.174
2015-02-05 02:00:00,0.055,0.072,0.036,0.027,0.02,0.009,0.054,0.018,0.071,0.063,0.07,0.027,0.066,0.064,0.009,0.081,0.102,0.038,0.013,0.02,0.111,0.174
2015-02-05 03:00:00,0.082,0.075,0.052,0.029,0.02,0.011,0.067,0.015,0.07,0.059,0.079,0.027,0.062,0.083,0.011,0.081,0.101,0.051,0.011,0.019,0.125,0.176
2015-02-05 04:00:00,0.091,0.079,0.057,0.035,0.023,0.016,0.077,0.015,0.074,0.056,0.092,0.035,0.069,0.095,0.015,0.101,0.107,0.066,0.014,0.023,0.135,0.163
2015-02-05 05:00:00,0.097,0.09,0.052,0.041,0.023,0.023,0.073,0.018,0.072,0.047,0.095,0.044,0.067,0.091,0.018,0.112,0.099,0.076,0.024,0.027,0.151,0.143
2015-02-05 06:00:00,0.12,0.102,0.041,0.046,0.02,0.03,0.082,0.021,0.066,0.043,0.097,0.04,0.075,0.1,0.023,0.105,0.089,0.086,0.034,0.032,0.174,0.164
2015-02-05 07:00:00,0.155,0.114,0.039,0.046,0.019,0.028,0.079,0.022,0.06,0.038,0.088,0.033,0.072,0.093,0.022,0.098,0.069,0.08,0.037,0.043,0.206,0.211
2015-02-05 08:00:00,0.182,0.127,0.036,0.039,0.014,0.026,0.04,0.022,0.052,0.031,0.057,0.018,0.068,0.048,0.017,0.081,0.045,0.056,0.036,0.047,0.233,0.216
2015-02-05 09:00:00,0.209,0.135,0.028,0.028,0.015,0.024,0.048,0.016,0.034,0.03,0.035,0.02,0.084,0.026,0.014,0.063,0.027,0.028,0.021,0.032,0.258,0.168
2015-02-05 10:00:00,0.261,0.144,0.023,0.025,0.019,0.026,0.064,0.017,0.04,0.03,0.061,0.02,0.094,0.038,0.01,0.045,0.019,0.029,0.015,0.017,0.286,0.108
2015-02-05 11:00:00,0.384,0.163,0.018,0.037,0.033,0.042,0.064,0.033,0.058,0.042,0.07,0.046,0.097,0.057,0.014,0.054,0.025,0.044,0.032,0.025,0.324,0.1
2015-02-05 12:00:00,0.411,0.19,0.033,0.054,0.064,0.076,0.067,0.064,0.074,0.078,0.063,0.09,0.109,0.07,0.019,0.082,0.044,0.047,0.057,0.041,0.341,0.106
2015-02-05 13:00:00,0.439,0.219,0.045,0.071,0.102,0.099,0.08,0.089,0.095,0.135,0.065,0.116,0.139,0.075,0.021,0.104,0.073,0.053,0.082,0.063,0.366,0.12
2015-02-05 14:00:00,0.48,0.25,0.052,0.084,0.146,0.118,0.081,0.11,0.113,0.135,0.079,0.136,0.187,0.085,0.023,0.126,0.101,0.056,0.086,0.08,0.384,0.132
2015-02-05 15:00:00,0.493,0.283,0.057,0.097,0.18,0.131,0.111,0.123,0.128,0.18,0.095,0.188,0.219,0.098,0.028,0.21,0.16,0.058,0.092,0.082,0.418,0.18
2015-02-05 16:00:00,0.523,0.29,0.078,0.127,0.211,0.153,0.158,0.159,0.191,0.269,0.118,0.208,0.255,0.108,0.046,0.321,0.259,0.075,0.142,0.087,0.449,0.275
2015-02-05 17:00:00,0.562,0.308,0.105,0.162,0.248,0.178,0.18,0.21,0.259,0.353,0.132,0.23,0.295,0.111,0.063,0.4,0.355,0.096,0.201,0.112,0.474,0.393
2015-02-05 18:00:00,0.607,0.359,0.105,0.185,0.282,0.181,0.181,0.223,0.281,0.431,0.141,0.274,0.327,0.111,0.051,0.469,0.401,0.092,0.26,0.135,0.497,0.473
2015-02-05 19:00:00,0.641,0.392,0.082,0.195,0.319,0.169,0.16,0.237,0.292,0.484,0.128,0.346,0.343,0.1,0.03,0.549,0.416,0.066,0.298,0.148,0.527,0.517
2015-02-05 20:00:00,0.677,0.408,0.059,0.195,0.349,0.147,0.146,0.267,0.301,0.515,0.111,0.405,0.339,0.08,0.019,0.603,0.423,0.05,0.31,0.146,0.559,0.537
2015-02-05 21:00:00,0.69,0.411,0.045,0.194,0.405,0.125,0.141,0.339,0.316,0.521,0.099,0.467,0.36,0.073,0.014,0.631,0.439,0.049,0.309,0.132,0.596,0.548
2015-02-05 22:00:00,0.692,0.412,0.035,0.165,0.34,0.084,0.132,0.319,0.274,0.439,0.07,0.414,0.381,0.078,0.012,0.566,0.405,0.046,0.242,0.126,0.638,0.56
2015-02-05 23:00:00,0.549,0.363,0.026,0.179,0.403,0.085,0.133,0.328,0.293,0.474,0.074,0.475,0.359,0.102,0.017,0.603,0.406,0.052,0.267,0.133,0.653,0.507
2015-02-06 00:00:00,0.615,0.373,0.023,0.173,0.407,0.088,0.117,0.314,0.281,0.483,0.082,0.465,0.343,0.117,0.026,0.586,0.37,0.055,0.256,0.114,0.676,0.553
2015-02-06 01:00:00,0.653,0.37,0.031,0.168,0.4,0.085,0.106,0.315,0.265,0.468,0.088,0.45,0.328,0.116,0.042,0.561,0.352,0.055,0.245,0.101,0.691,0.589
2015-02-06 02:00:00,0.704,0.378,0.059,0.162,0.4,0.076,0.11,0.308,0.257,0.461,0.094,0.441,0.336,0.105,0.053,0.543,0.351,0.058,0.23,0.087,0.697,0.654
2015-02-06 03:00:00,0.723,0.391,0.09,0.152,0.38,0.067,0.119,0.276,0.245,0.456,0.095,0.446,0.362,0.098,0.054,0.543,0.351,0.062,0.206,0.07,0.698,0.694
2015-02-06 04:00:00,0.731,0.388,0.113,0.146,0.362,0.066,0.128,0.248,0.235,0.479,0.099,0.457,0.403,0.103,0.048,0.559,0.372,0.057,0.185,0.061,0.696,0.677
2015-02-06 05:00:00,0.734,0.382,0.136,0.142,0.373,0.058,0.129,0.234,0.216,0.516,0.095,0.459,0.412,0.101,0.051,0.597,0.394,0.052,0.174,0.05,0.693,0.723
2015-02-06 06:00:00,0.777,0.371,0.189,0.139,0.374,0.049,0.127,0.221,0.224,0.558,0.085,0.481,0.429,0.082,0.059,0.631,0.412,0.062,0.16,0.044,0.689,0.775
2015-02-06 07:00:00,0.798,0.361,0.244,0.136,0.402,0.031,0.11,0.205,0.225,0.594,0.062,0.532,0.476,0.057,0.075,0.664,0.415,0.073,0.141,0.036,0.679,0.764
2015-02-06 08:00:00,0.793,0.356,0.317,0.136,0.438,0.019,0.122,0.172,0.212,0.643,0.048,0.572,0.627,0.045,0.086,0.645,0.386,0.07,0.135,0.025,0.667,0.763
2015-02-06 09:00:00,0.787,0.349,0.394,0.138,0.39,0.028,0.154,0.175,0.221,0.634,0.051,0.616,0.622,0.042,0.091,0.665,0.443,0.065,0.137,0.017,0.632,0.739
2015-02-06 10:00:00,0.783,0.338,0.482,0.137,0.385,0.016,0.12,0.167,0.188,0.562,0.031,0.576,0.564,0.031,0.135,0.687,0.421,0.079,0.121,0.024,0.583,0.663
2015-02-06 11:00:00,0.711,0.283,0.56,0.127,0.319,0.014,0.107,0.137,0.146,0.556,0.029,0.493,0.511,0.043,0.156,0.641,0.365,0.104,0.092,0.027,0.523,0.569
2015-02-06 12:00:00,0.746,0.288,0.649,0.123,0.263,0.014,0.087,0.102,0.12,0.548,0.031,0.43,0.443,0.066,0.194,0.592,0.365,0.149,0.072,0.031,0.444,0.615
2015-02-06 13:00:00,0.742,0.283,0.727,0.135,0.252,0.018,0.087,0.092,0.11,0.569,0.039,0.456,0.449,0.095,0.255,0.597,0.335,0.189,0.06,0.039,0.389,0.655
2015-02-06 14:00:00,0.748,0.275,0.79,0.151,0.235,0.031,0.092,0.087,0.103,0.561,0.054,0.456,0.443,0.122,0.33,0.549,0.335,0.236,0.056,0.055,0.381,0.684
2015-02-06 15:00:00,0.728,0.271,0.831,0.174,0.239,0.046,0.092,0.087,0.118,0.48,0.069,0.431,0.396,0.147,0.396,0.521,0.297,0.33,0.064,0.08,0.417,0.736
2015-02-06 16:00:00,0.694,0.272,0.829,0.204,0.233,0.083,0.077,0.072,0.131,0.436,0.106,0.391,0.318,0.209,0.471,0.484,0.281,0.417,0.075,0.12,0.454,0.783
2015-02-06 17:00:00,0.692,0.294,0.811,0.233,0.199,0.134,0.071,0.066,0.134,0.418,0.142,0.36,0.308,0.257,0.533,0.488,0.255,0.49,0.086,0.159,0.49,0.774
2015-02-06 18:00:00,0.703,0.31,0.786,0.253,0.161,0.176,0.07,0.063,0.118,0.405,0.176,0.321,0.297,0.307,0.556,0.479,0.254,0.51,0.093,0.208,0.517,0.745
2015-02-06 19:00:00,0.654,0.302,0.748,0.262,0.141,0.214,0.073,0.051,0.109,0.365,0.215,0.298,0.272,0.361,0.544,0.441,0.246,0.503,0.09,0.249,0.543,0.713
2015-02-06 20:00:00,0.596,0.291,0.713,0.257,0.126,0.233,0.075,0.034,0.095,0.314,0.25,0.263,0.225,0.417,0.503,0.395,0.223,0.482,0.079,0.27,0.577,0.673
2015-02-06 21:00:00,0.536,0.277,0.661,0.256,0.098,0.258,0.082,0.029,0.089,0.256,0.284,0.238,0.179,0.462,0.472,0.351,0.18,0.459,0.089,0.281,0.605,0.654
2015-02-06 22:00:00,0.508,0.263,0.611,0.306,0.077,0.331,0.122,0.083,0.135,0.191,0.352,0.207,0.131,0.508,0.517,0.276,0.163,0.491,0.163,0.355,0.62,0.635
2015-02-06 23:00:00,0.379,0.243,0.586,0.295,0.094,0.332,0.141,0.102,0.16,0.2,0.341,0.196,0.123,0.474,0.471,0.264,0.164,0.445,0.172,0.341,0.64,0.59
2015-02-07 00:00:00,0.384,0.237,0.522,0.287,0.092,0.334,0.175,0.122,0.196,0.165,0.361,0.16,0.096,0.473,0.426,0.22,0.163,0.411,0.195,0.31,0.629,0.571
2015-02-07 01:00:00,0.373,0.231,0.493,0.295,0.084,0.359,0.219,0.143,0.224,0.144,0.386,0.17,0.085,0.498,0.409,0.233,0.194,0.394,0.234,0.291,0.641,0.522
2015-02-07 02:00:00,0.35,0.233,0.457,0.318,0.059,0.407,0.251,0.155,0.26,0.139,0.432,0.157,0.095,0.521,0.423,0.218,0.209,0.394,0.265,0.317,0.655,0.496
2015-02-07 03:00:00,0.329,0.238,0.454,0.344,0.05,0.423,0.287,0.182,0.312,0.117,0.455,0.111,0.101,0.489,0.458,0.167,0.188,0.383,0.311,0.363,0.692,0.477
2015-02-07 04:00:00,0.29,0.241,0.475,0.373,0.061,0.435,0.344,0.223,0.347,0.085,0.473,0.075,0.112,0.471,0.534,0.127,0.198,0.393,0.328,0.409,0.722,0.472
2015-02-07 05:00:00,0.236,0.245,0.524,0.416,0.081,0.449,0.413,0.288,0.379,0.089,0.463,0.063,0.146,0.43,0.624,0.122,0.256,0.424,0.366,0.478,0.751,0.469
2015-02-07 06:00:00,0.173,0.255,0.576,0.464,0.114,0.488,0.453,0.348,0.384,0.104,0.466,0.062,0.193,0.429,0.706,0.121,0.303,0.479,0.412,0.551,0.78,0.411
2015-02-07 07:00:00,0.128,0.271,0.669,0.516,0.16,0.555,0.401,0.413,0.411,0.107,0.487,0.072,0.216,0.453,0.762,0.12,0.311,0.537,0.475,0.631,0.797,0.339
2015-02-07 08:00:00,0.093,0.29,0.772,0.556,0.147,0.631,0.367,0.476,0.364,0.091,0.531,0.073,0.178,0.476,0.815,0.125,0.29,0.61,0.472,0.737,0.814,0.267
2015-02-07 09:00:00,0.059,0.299,0.846,0.598,0.158,0.628,0.363,0.503,0.429,0.092,0.465,0.085,0.196,0.48,0.879,0.142,0.28,0.651,0.525,0.835,0.835,0.177
2015-02-07 10:00:00,0.034,0.303,0.882,0.559,0.209,0.563,0.363,0.49,0.402,0.111,0.46,0.101,0.218,0.476,0.793,0.15,0.256,0.649,0.505,0.744,0.862,0.1
2015-02-07 11:00:00,0.029,0.274,0.854,0.665,0.281,0.746,0.401,0.582,0.502,0.157,0.563,0.123,0.256,0.576,0.904,0.185,0.301,0.795,0.623,0.838,0.841,0.046
2015-02-07 12:00:00,0.029,0.301,0.886,0.739,0.329,0.821,0.459,0.655,0.617,0.227,0.687,0.154,0.303,0.725,0.953,0.246,0.4,0.891,0.729,0.872,0.88,0.033
2015-02-07 13:00:00,0.03,0.343,0.913,0.818,0.414,0.929,0.575,0.755,0.767,0.303,0.794,0.197,0.396,0.849,0.977,0.309,0.532,0.9,0.855,0.913,0.906,0.031
2015-02-07 14:00:00,0.052,0.384,0.923,0.854,0.494,0.952,0.666,0.839,0.792,0.391,0.841,0.262,0.49,0.882,0.988,0.42,0.643,0.923,0.866,0.957,0.921,0.034
2015-02-07 15:00:00,0.087,0.431,0.922,0.905,0.674,0.973,0.756,0.917,0.913,0.51,0.942,0.318,0.558,0.953,0.991,0.505,0.772,0.964,0.944,0.959,0.919,0.044
2015-02-07 16:00:00,0.142,0.477,0.92,0.926,0.786,0.98,0.826,0.935,0.942,0.585,0.951,0.411,0.639,0.951,0.992,0.594,0.816,0.968,0.963,0.963,0.898,0.065
2015-02-07 17:00:00,0.288,0.523,0.911,0.941,0.865,0.98,0.865,0.925,0.97,0.647,0.968,0.524,0.675,0.961,0.99,0.714,0.873,0.965,0.968,0.968,0.878,0.092
2015-02-07 18:00:00,0.505,0.56,0.899,0.95,0.895,0.98,0.927,0.929,0.976,0.719,0.97,0.624,0.736,0.957,0.988,0.777,0.933,0.953,0.967,0.975,0.855,0.094
2015-02-07 19:00:00,0.65,0.588,0.867,0.956,0.909,0.978,0.95,0.942,0.978,0.787,0.962,0.696,0.838,0.943,0.986,0.815,0.959,0.936,0.971,0.979,0.874,0.131
2015-02-07 20:00:00,0.684,0.616,0.832,0.958,0.926,0.973,0.953,0.954,0.978,0.829,0.962,0.718,0.895,0.938,0.98,0.823,0.968,0.932,0.971,0.983,0.907,0.218
2015-02-07 21:00:00,0.741,0.646,0.83,0.951,0.937,0.965,0.959,0.956,0.976,0.837,0.965,0.741,0.909,0.94,0.948,0.816,0.968,0.925,0.964,0.983,0.914,0.265
2015-02-07 22:00:00,0.79,0.675,0.86,0.9,0.91,0.889,0.941,0.932,0.953,0.801,0.958,0.737,0.888,0.927,0.82,0.8,0.953,0.883,0.926,0.934,0.92,0.285
2015-02-07 23:00:00,0.779,0.685,0.843,0.891,0.921,0.819,0.963,0.946,0.941,0.818,0.935,0.804,0.901,0.927,0.811,0.83,0.967,0.831,0.911,0.949,0.935,0.275
2015-02-08 00:00:00,0.807,0.714,0.823,0.895,0.926,0.803,0.967,0.972,0.911,0.813,0.902,0.824,0.909,0.91,0.842,0.841,0.97,0.801,0.916,0.965,0.933,0.355
2015-02-08 01:00:00,0.829,0.731,0.811,0.895,0.941,0.752,0.954,0.984,0.899,0.81,0.851,0.838,0.91,0.892,0.887,0.845,0.951,0.765,0.918,0.981,0.93,0.443
2015-02-08 02:00:00,0.856,0.742,0.809,0.894,0.961,0.708,0.918,0.982,0.872,0.8,0.774,0.88,0.884,0.844,0.939,0.874,0.911,0.749,0.925,0.988,0.926,0.52
2015-02-08 03:00:00,0.871,0.75,0.82,0.903,0.981,0.812,0.862,0.98,0.804,0.804,0.699,0.905,0.839,0.777,0.97,0.882,0.864,0.752,0.948,0.98,0.922,0.546
2015-02-08 04:00:00,0.878,0.741,0.798,0.903,0.992,0.892,0.74,0.968,0.753,0.788,0.664,0.955,0.772,0.729,0.978,0.902,0.827,0.749,0.963,0.965,0.918,0.628
2015-02-08 05:00:00,0.884,0.724,0.798,0.891,0.993,0.863,0.624,0.941,0.813,0.76,0.665,0.99,0.716,0.687,0.976,0.951,0.782,0.769,0.948,0.951,0.905,0.641
2015-02-08 06:00:00,0.904,0.71,0.833,0.881,0.986,0.85,0.536,0.908,0.86,0.757,0.703,0.996,0.617,0.69,0.97,0.967,0.742,0.806,0.914,0.947,0.878,0.675
2015-02-08 07:00:00,0.91,0.689,0.864,0.876,0.958,0.842,0.511,0.883,0.893,0.752,0.76,0.997,0.475,0.712,0.968,0.975,0.761,0.821,0.892,0.949,0.848,0.688
2015-02-08 08:00:00,0.912,0.665,0.88,0.864,0.917,0.83,0.528,0.869,0.889,0.845,0.77,0.985,0.348,0.677,0.955,0.99,0.851,0.817,0.876,0.94,0.815,0.717
2015-02-08 09:00:00,0.907,0.647,0.888,0.821,0.886,0.727,0.644,0.729,0.923,0.905,0.819,0.967,0.393,0.788,0.94,0.989,0.895,0.744,0.76,0.897,0.759,0.749
2015-02-08 10:00:00,0.904,0.586,0.908,0.751,0.735,0.631,0.538,0.743,0.764,0.8,0.705,0.795,0.401,0.841,0.891,0.857,0.795,0.643,0.708,0.844,0.686,0.795
2015-02-08 11:00:00,0.864,0.405,0.893,0.849,0.856,0.785,0.618,0.943,0.777,0.79,0.709,0.867,0.542,0.841,0.957,0.854,0.823,0.739,0.839,0.969,0.549,0.814
2015-02-08 12:00:00,0.879,0.507,0.909,0.884,0.926,0.88,0.715,0.924,0.81,0.829,0.745,0.884,0.697,0.825,0.948,0.884,0.864,0.847,0.884,0.951,0.45,0.866
2015-02-08 13:00:00,0.897,0.508,0.918,0.91,0.921,0.912,0.749,0.876,0.877,0.842,0.791,0.91,0.803,0.835,0.966,0.894,0.899,0.896,0.919,0.956,0.392,0.902
2015-02-08 14:00:00,0.9,0.506,0.921,0.902,0.924,0.901,0.756,0.87,0.9,0.801,0.836,0.935,0.804,0.907,0.957,0.903,0.896,0.934,0.877,0.936,0.384,0.939
2015-02-08 15:00:00,0.897,0.5,0.921,0.873,0.826,0.863,0.764,0.799,0.873,0.804,0.852,0.894,0.748,0.897,0.958,0.914,0.916,0.949,0.803,0.913,0.43,0.946
2015-02-08 16:00:00,0.868,0.446,0.92,0.862,0.812,0.846,0.815,0.749,0.867,0.803,0.872,0.843,0.765,0.913,0.952,0.887,0.914,0.925,0.788,0.892,0.483,0.947
2015-02-08 17:00:00,0.856,0.441,0.919,0.838,0.773,0.813,0.832,0.689,0.845,0.785,0.866,0.814,0.783,0.909,0.939,0.868,0.912,0.895,0.749,0.865,0.51,0.944
2015-02-08 18:00:00,0.848,0.446,0.914,0.798,0.744,0.756,0.833,0.614,0.828,0.766,0.848,0.82,0.749,0.91,0.91,0.849,0.904,0.864,0.675,0.831,0.53,0.941
2015-02-08 19:00:00,0.842,0.444,0.899,0.735,0.677,0.664,0.821,0.568,0.786,0.726,0.817,0.792,0.726,0.901,0.863,0.832,0.886,0.814,0.584,0.752,0.544,0.933
2015-02-08 20:00:00,0.827,0.439,0.892,0.695,0.678,0.578,0.799,0.596,0.751,0.689,0.788,0.76,0.713,0.884,0.824,0.794,0.863,0.782,0.539,0.706,0.561,0.909
2015-02-08 21:00:00,0.813,0.457,0.874,0.64,0.686,0.499,0.775,0.62,0.718,0.661,0.744,0.743,0.699,0.847,0.706,0.761,0.837,0.72,0.517,0.63,0.59,0.869
2015-02-08 22:00:00,0.771,0.472,0.844,0.636,0.728,0.513,0.765,0.637,0.707,0.666,0.693,0.791,0.702,0.809,0.609,0.784,0.82,0.666,0.56,0.65,0.619,0.826
2015-02-08 23:00:00,0.752,0.524,0.787,0.632,0.669,0.503,0.735,0.676,0.675,0.659,0.634,0.706,0.687,0.74,0.576,0.751,0.81,0.541,0.588,0.728,0.641,0.781
2015-02-09 00:00:00,0.726,0.531,0.647,0.634,0.654,0.559,0.692,0.699,0.651,0.632,0.57,0.596,0.658,0.617,0.596,0.688,0.786,0.403,0.67,0.714,0.629,0.718
2015-02-09 01:00:00,0.706,0.535,0.473,0.623,0.671,0.593,0.637,0.684,0.656,0.596,0.544,0.538,0.609,0.496,0.612,0.678,0.773,0.368,0.667,0.689,0.631,0.684
2015-02-09 02:00:00,0.714,0.554,0.327,0.608,0.638,0.553,0.605,0.685,0.659,0.603,0.554,0.507,0.579,0.44,0.63,0.64,0.781,0.401,0.59,0.721,0.622,0.561
2015-02-09 03:00:00,0.706,0.571,0.272,0.619,0.607,0.577,0.585,0.732,0.637,0.608,0.553,0.497,0.571,0.429,0.69,0.606,0.791,0.419,0.583,0.746,0.598,0.477
2015-02-09 04:00:00,0.696,0.594,0.237,0.648,0.604,0.622,0.592,0.77,0.619,0.603,0.52,0.467,0.574,0.431,0.734,0.57,0.781,0.433,0.643,0.781,0.58,0.419
2015-02-09 05:00:00,0.704,0.61,0.213,0.679,0.664,0.686,0.573,0.822,0.592,0.599,0.522,0.405,0.576,0.407,0.757,0.516,0.756,0.47,0.693,0.829,0.564,0.343
2015-02-09 06:00:00,0.718,0.621,0.191,0.686,0.704,0.689,0.524,0.85,0.663,0.577,0.463,0.363,0.552,0.323,0.771,0.482,0.702,0.451,0.717,0.87,0.554,0.293
2015-02-09 07:00:00,0.721,0.634,0.153,0.686,0.76,0.7,0.384,0.844,0.68,0.54,0.402,0.431,0.522,0.232,0.758,0.564,0.607,0.442,0.751,0.867,0.553,0.244
2015-02-09 08:00:00,0.735,0.637,0.132,0.694,0.824,0.727,0.28,0.823,0.709,0.553,0.422,0.567,0.399,0.224,0.73,0.608,0.593,0.447,0.797,0.855,0.556,0.184
2015-02-09 09:00:00,0.765,0.636,0.122,0.672,0.854,0.722,0.277,0.782,0.662,0.548,0.389,0.625,0.308,0.228,0.659,0.659,0.585,0.407,0.793,0.83,0.574,0.172
2015-02-09 10:00:00,0.777,0.625,0.11,0.534,0.77,0.528,0.228,0.593,0.438,0.544,0.243,0.601,0.274,0.133,0.521,0.671,0.558,0.324,0.582,0.717,0.577,0.15
2015-02-09 11:00:00,0.689,0.537,0.084,0.529,0.838,0.529,0.26,0.645,0.471,0.606,0.236,0.746,0.283,0.121,0.445,0.627,0.612,0.33,0.656,0.629,0.607,0.156
2015-02-09 12:00:00,0.717,0.555,0.078,0.545,0.856,0.555,0.283,0.627,0.517,0.684,0.232,0.831,0.402,0.101,0.406,0.653,0.664,0.336,0.726,0.612,0.605,0.174
2015-02-09 13:00:00,0.742,0.58,0.082,0.545,0.889,0.573,0.26,0.586,0.565,0.668,0.249,0.888,0.392,0.083,0.419,0.698,0.62,0.359,0.739,0.549,0.62,0.199
2015-02-09 14:00:00,0.772,0.57,0.083,0.541,0.872,0.573,0.232,0.591,0.639,0.61,0.297,0.875,0.359,0.085,0.412,0.74,0.549,0.411,0.725,0.52,0.629,0.21
2015-02-09 15:00:00,0.808,0.554,0.106,0.529,0.841,0.582,0.207,0.559,0.695,0.542,0.364,0.864,0.346,0.109,0.393,0.785,0.507,0.413,0.677,0.499,0.652,0.244
2015-02-09 16:00:00,0.823,0.523,0.124,0.522,0.796,0.588,0.169,0.538,0.714,0.527,0.393,0.844,0.31,0.14,0.44,0.821,0.534,0.362,0.623,0.502,0.681,0.239
2015-02-09 17:00:00,0.824,0.515,0.152,0.519,0.74,0.584,0.131,0.537,0.677,0.53,0.388,0.8,0.255,0.178,0.47,0.812,0.56,0.341,0.592,0.54,0.717,0.291
2015-02-09 18:00:00,0.823,0.497,0.15,0.517,0.736,0.584,0.117,0.581,0.651,0.537,0.396,0.768,0.208,0.231,0.44,0.775,0.583,0.299,0.619,0.542,0.734,0.361
2015-02-09 19:00:00,0.821,0.47,0.118,0.489,0.751,0.549,0.137,0.579,0.634,0.566,0.346,0.777,0.192,0.212,0.378,0.771,0.629,0.224,0.638,0.476,0.735,0.431
2015-02-09 20:00:00,0.816,0.44,0.092,0.456,0.717,0.489,0.158,0.547,0.563,0.584,0.26,0.763,0.192,0.13,0.337,0.768,0.63,0.172,0.605,0.473,0.731,0.518
2015-02-09 21:00:00,0.802,0.421,0.083,0.437,0.665,0.452,0.139,0.565,0.463,0.568,0.188,0.711,0.198,0.064,0.33,0.728,0.583,0.136,0.575,0.515,0.735,0.578
2015-02-09 22:00:00,0.777,0.405,0.06,0.39,0.587,0.375,0.067,0.531,0.38,0.475,0.139,0.596,0.107,0.027,0.324,0.62,0.459,0.09,0.515,0.505,0.734,0.641
2015-02-09 23:00:00,0.713,0.354,0.043,0.387,0.592,0.355,0.046,0.511,0.362,0.448,0.102,0.619,0.102,0.016,0.343,0.61,0.42,0.1,0.513,0.503,0.727,0.589
2015-02-10 00:00:00,0.691,0.35,0.069,0.374,0.593,0.317,0.039,0.504,0.36,0.408,0.095,0.641,0.096,0.02,0.325,0.607,0.395,0.123,0.493,0.487,0.713,0.638
2015-02-10 01:00:00,0.675,0.354,0.11,0.354,0.598,0.289,0.029,0.486,0.348,0.369,0.091,0.662,0.086,0.023,0.287,0.591,0.353,0.125,0.454,0.483,0.7,0.642
2015-02-10 02:00:00,0.682,0.355,0.152,0.353,0.598,0.273,0.021,0.48,0.337,0.348,0.094,0.631,0.06,0.036,0.305,0.572,0.331,0.131,0.434,0.505,0.698,0.629
2015-02-10 03:00:00,0.68,0.342,0.213,0.343,0.581,0.258,0.024,0.46,0.302,0.322,0.074,0.591,0.048,0.052,0.336,0.532,0.301,0.109,0.416,0.489,0.702,0.622
2015-02-10 04:00:00,0.665,0.331,0.247,0.349,0.582,0.286,0.031,0.429,0.248,0.293,0.054,0.567,0.052,0.068,0.389,0.491,0.263,0.111,0.423,0.48,0.71,0.612
2015-02-10 05:00:00,0.638,0.314,0.239,0.364,0.587,0.337,0.029,0.443,0.22,0.226,0.054,0.56,0.05,0.07,0.431,0.446,0.187,0.138,0.447,0.479,0.718,0.597
2015-02-10 06:00:00,0.615,0.302,0.223,0.375,0.587,0.396,0.02,0.468,0.224,0.166,0.071,0.538,0.036,0.07,0.46,0.399,0.126,0.171,0.473,0.452,0.725,0.574
2015-02-10 07:00:00,0.586,0.288,0.24,0.371,0.6,0.406,0.013,0.478,0.231,0.144,0.086,0.497,0.024,0.089,0.444,0.357,0.109,0.171,0.493,0.421,0.728,0.534
2015-02-10 08:00:00,0.571,0.276,0.243,0.361,0.624,0.346,0.009,0.493,0.208,0.139,0.077,0.464,0.019,0.097,0.387,0.333,0.106,0.13,0.546,0.398,0.719,0.479
2015-02-10 09:00:00,0.566,0.262,0.226,0.351,0.719,0.255,0.007,0.579,0.204,0.138,0.052,0.546,0.018,0.073,0.341,0.338,0.115,0.091,0.514,0.454,0.698,0.41
2015-02-10 10:00:00,0.575,0.262,0.2,0.239,0.483,0.148,0.005,0.335,0.13,0.118,0.035,0.465,0.01,0.059,0.246,0.294,0.109,0.045,0.321,0.337,0.677,0.367
2015-02-10 11:00:00,0.536,0.255,0.149,0.25,0.454,0.165,0.006,0.377,0.141,0.102,0.037,0.445,0.008,0.058,0.271,0.287,0.098,0.046,0.328,0.363,0.68,0.331
2015-02-10 12:00:00,0.417,0.259,0.131,0.274,0.478,0.23,0.007,0.377,0.171,0.087,0.045,0.423,0.008,0.065,0.314,0.294,0.082,0.057,0.372,0.354,0.653,0.352
2015-02-10 13:00:00,0.34,0.239,0.13,0.273,0.459,0.251,0.007,0.334,0.196,0.089,0.062,0.361,0.006,0.081,0.34,0.267,0.076,0.089,0.366,0.326,0.631,0.375
2015-02-10 14:00:00,0.292,0.223,0.163,0.273,0.407,0.242,0.01,0.298,0.217,0.111,0.101,0.307,0.007,0.12,0.369,0.285,0.094,0.156,0.331,0.318,0.622,0.358
2015-02-10 15:00:00,0.271,0.184,0.261,0.258,0.315,0.224,0.018,0.231,0.208,0.125,0.133,0.283,0.01,0.179,0.415,0.292,0.111,0.239,0.249,0.287,0.654,0.331
2015-02-10 16:00:00,0.234,0.161,0.343,0.3,0.299,0.287,0.037,0.248,0.249,0.141,0.194,0.312,0.014,0.235,0.498,0.302,0.135,0.331,0.264,0.328,0.688,0.325
2015-02-10 17:00:00,0.233,0.153,0.378,0.336,0.312,0.355,0.062,0.265,0.295,0.149,0.241,0.32,0.019,0.235,0.523,0.285,0.148,0.395,0.311,0.359,0.707,0.342
2015-02-10 18:00:00,0.237,0.159,0.374,0.348,0.321,0.369,0.088,0.281,0.343,0.147,0.289,0.315,0.031,0.222,0.497,0.277,0.153,0.421,0.336,0.371,0.716,0.351
2015-02-10 19:00:00,0.237,0.16,0.365,0.352,0.328,0.361,0.109,0.297,0.356,0.158,0.314,0.323,0.047,0.227,0.477,0.294,0.182,0.395,0.342,0.385,0.74,0.342
2015-02-10 20:00:00,0.229,0.16,0.346,0.332,0.32,0.336,0.12,0.298,0.333,0.177,0.289,0.303,0.058,0.21,0.438,0.298,0.207,0.328,0.327,0.372,0.762,0.318
2015-02-10 21:00:00,0.206,0.151,0.306,0.307,0.316,0.303,0.133,0.28,0.304,0.201,0.246,0.299,0.077,0.191,0.414,0.308,0.235,0.275,0.299,0.342,0.782,0.276
2015-02-10 22:00:00,0.186,0.143,0.273,0.241,0.234,0.24,0.096,0.215,0.207,0.179,0.153,0.214,0.071,0.134,0.32,0.234,0.201,0.194,0.241,0.294,0.777,0.275
2015-02-10 23:00:00,0.119,0.111,0.18,0.231,0.221,0.226,0.09,0.216,0.187,0.191,0.131,0.194,0.082,0.116,0.305,0.216,0.211,0.188,0.233,0.29,0.752,0.241
2015-03-20 00:00:00,0.053,0.038,0.188,0.088,0.07,0.088,0.084,0.036,0.167,0.048,0.141,0.094,0.014,0.104,0.114,0.063,0.026,0.158,0.085,0.045,0.417,0.142
2015-03-20 01:00:00,0.033,0.035,0.207,0.101,0.058,0.098,0.086,0.026,0.153,0.033,0.167,0.05,0.009,0.136,0.143,0.046,0.017,0.198,0.094,0.062,0.372,0.121
2015-03-20 02:00:00,0.019,0.032,0.243,0.108,0.045,0.097,0.082,0.017,0.122,0.035,0.177,0.025,0.006,0.163,0.181,0.047,0.016,0.229,0.087,0.069,0.349,0.097
2015-03-20 03:00:00,0.011,0.033,0.294,0.114,0.035,0.102,0.078,0.014,0.104,0.047,0.189,0.017,0.005,0.194,0.206,0.062,0.023,0.248,0.081,0.074,0.339,0.074
2015-03-20 04:00:00,0.007,0.039,0.332,0.111,0.028,0.102,0.077,0.013,0.086,0.055,0.184,0.018,0.006,0.211,0.209,0.07,0.031,0.235,0.071,0.075,0.327,0.059
2015-03-20 05:00:00,0.005,0.045,0.338,0.11,0.032,0.103,0.086,0.011,0.075,0.048,0.172,0.032,0.007,0.211,0.219,0.074,0.029,0.227,0.062,0.074,0.304,0.049
2015-03-20 06:00:00,0.004,0.046,0.362,0.108,0.049,0.107,0.087,0.009,0.081,0.035,0.146,0.059,0.009,0.184,0.218,0.09,0.026,0.213,0.058,0.074,0.284,0.04
2015-03-20 07:00:00,0.003,0.043,0.369,0.086,0.047,0.083,0.048,0.008,0.071,0.017,0.083,0.047,0.009,0.11,0.172,0.056,0.018,0.154,0.049,0.083,0.259,0.033
2015-03-20 08:00:00,0.002,0.037,0.341,0.054,0.021,0.036,0.029,0.011,0.032,0.011,0.04,0.02,0.006,0.063,0.113,0.026,0.011,0.076,0.025,0.082,0.218,0.013
2015-03-20 09:00:00,0.0,0.022,0.253,0.049,0.024,0.038,0.028,0.009,0.041,0.014,0.045,0.024,0.004,0.074,0.099,0.03,0.016,0.08,0.028,0.056,0.184,0.009
2015-03-20 10:00:00,0.001,0.013,0.236,0.053,0.025,0.045,0.037,0.011,0.052,0.017,0.06,0.022,0.007,0.096,0.092,0.033,0.032,0.09,0.036,0.052,0.174,0.01
2015-03-20 11:00:00,0.002,0.011,0.226,0.078,0.023,0.074,0.052,0.016,0.062,0.016,0.105,0.02,0.009,0.153,0.134,0.033,0.035,0.14,0.05,0.076,0.173,0.007
2015-03-20 12:00:00,0.005,0.012,0.291,0.11,0.018,0.115,0.065,0.022,0.068,0.015,0.169,0.018,0.009,0.22,0.192,0.033,0.03,0.201,0.062,0.113,0.181,0.009
2015-03-20 13:00:00,0.008,0.017,0.333,0.137,0.015,0.158,0.077,0.027,0.072,0.018,0.208,0.019,0.011,0.266,0.241,0.038,0.032,0.241,0.074,0.148,0.193,0.017
2015-03-20 14:00:00,0.01,0.023,0.353,0.147,0.015,0.163,0.088,0.031,0.071,0.025,0.202,0.023,0.013,0.262,0.271,0.049,0.037,0.237,0.079,0.166,0.197,0.023
2015-03-20 15:00:00,0.013,0.029,0.365,0.156,0.016,0.178,0.086,0.039,0.064,0.031,0.188,0.026,0.015,0.256,0.308,0.059,0.041,0.287,0.077,0.168,0.196,0.025
2015-03-20 16:00:00,0.016,0.035,0.401,0.185,0.018,0.223,0.104,0.061,0.069,0.032,0.217,0.025,0.015,0.317,0.342,0.062,0.04,0.35,0.097,0.201,0.178,0.027
2015-03-20 17:00:00,0.019,0.043,0.44,0.222,0.021,0.278,0.112,0.093,0.086,0.039,0.249,0.042,0.013,0.376,0.383,0.088,0.046,0.404,0.13,0.25,0.173,0.034
2015-03-20 18:00:00,0.036,0.058,0.443,0.237,0.023,0.3,0.113,0.116,0.11,0.051,0.262,0.08,0.011,0.388,0.393,0.14,0.059,0.418,0.148,0.258,0.196,0.046
2015-03-20 19:00:00,0.06,0.069,0.412,0.244,0.037,0.3,0.121,0.142,0.136,0.075,0.27,0.14,0.012,0.385,0.391,0.215,0.087,0.418,0.161,0.249,0.213,0.052
2015-03-20 20:00:00,0.074,0.074,0.366,0.246,0.061,0.29,0.157,0.164,0.163,0.128,0.288,0.227,0.03,0.387,0.378,0.321,0.142,0.396,0.166,0.226,0.226,0.058
2015-03-20 21:00:00,0.093,0.071,0.306,0.242,0.075,0.279,0.195,0.179,0.189,0.2,0.299,0.282,0.071,0.38,0.359,0.406,0.217,0.365,0.17,0.183,0.233,0.075
2015-03-20 22:00:00,0.115,0.074,0.256,0.219,0.085,0.243,0.293,0.193,0.265,0.315,0.292,0.34,0.194,0.372,0.256,0.519,0.359,0.303,0.164,0.114,0.245,0.086
2015-03-20 23:00:00,0.137,0.085,0.215,0.229,0.107,0.253,0.331,0.257,0.329,0.35,0.308,0.362,0.241,0.365,0.244,0.56,0.419,0.285,0.191,0.101,0.255,0.111
2015-03-21 00:00:00,0.145,0.107,0.195,0.231,0.119,0.244,0.361,0.269,0.345,0.37,0.319,0.373,0.294,0.373,0.222,0.576,0.469,0.275,0.207,0.088,0.262,0.109
2015-03-21 01:00:00,0.147,0.127,0.174,0.236,0.128,0.24,0.394,0.251,0.361,0.398,0.343,0.381,0.359,0.387,0.21,0.593,0.512,0.279,0.224,0.072,0.281,0.105
2015-03-21 02:00:00,0.156,0.136,0.151,0.223,0.119,0.214,0.41,0.246,0.351,0.398,0.331,0.356,0.375,0.37,0.176,0.579,0.52,0.248,0.213,0.074,0.302,0.105
2015-03-21 03:00:00,0.163,0.144,0.131,0.219,0.122,0.2,0.435,0.247,0.337,0.384,0.308,0.326,0.395,0.351,0.167,0.548,0.508,0.216,0.212,0.093,0.317,0.101
2015-03-21 04:00:00,0.159,0.14,0.118,0.217,0.137,0.192,0.444,0.231,0.335,0.374,0.29,0.321,0.408,0.306,0.174,0.536,0.497,0.202,0.212,0.094,0.331,0.092
2015-03-21 05:00:00,0.158,0.144,0.097,0.214,0.138,0.196,0.459,0.215,0.334,0.374,0.283,0.311,0.419,0.29,0.176,0.532,0.491,0.206,0.202,0.088,0.344,0.083
2015-03-21 06:00:00,0.167,0.142,0.084,0.191,0.119,0.172,0.422,0.179,0.309,0.342,0.25,0.278,0.397,0.253,0.138,0.49,0.438,0.194,0.178,0.088,0.362,0.081
2015-03-21 07:00:00,0.175,0.135,0.079,0.133,0.087,0.094,0.323,0.103,0.223,0.257,0.183,0.216,0.337,0.194,0.089,0.37,0.336,0.157,0.113,0.058,0.372,0.077
2015-03-21 08:00:00,0.162,0.136,0.092,0.085,0.04,0.04,0.241,0.049,0.108,0.188,0.099,0.121,0.272,0.11,0.076,0.279,0.24,0.143,0.049,0.043,0.36,0.048
2015-03-21 09:00:00,0.1,0.128,0.128,0.088,0.035,0.039,0.24,0.047,0.092,0.213,0.087,0.113,0.308,0.106,0.086,0.268,0.238,0.19,0.046,0.045,0.321,0.051
2015-03-21 10:00:00,0.093,0.119,0.172,0.08,0.024,0.035,0.202,0.043,0.069,0.152,0.072,0.092,0.285,0.09,0.098,0.207,0.171,0.13,0.04,0.062,0.326,0.091
2015-03-21 11:00:00,0.093,0.105,0.165,0.106,0.026,0.048,0.221,0.077,0.087,0.151,0.109,0.097,0.313,0.15,0.133,0.193,0.169,0.18,0.058,0.094,0.315,0.127
2015-03-21 12:00:00,0.132,0.115,0.196,0.134,0.036,0.082,0.25,0.113,0.108,0.15,0.159,0.103,0.326,0.257,0.159,0.197,0.169,0.21,0.094,0.108,0.337,0.172
2015-03-21 13:00:00,0.162,0.119,0.237,0.179,0.059,0.147,0.273,0.118,0.128,0.163,0.182,0.111,0.355,0.282,0.266,0.208,0.182,0.21,0.145,0.138,0.363,0.188
2015-03-21 14:00:00,0.169,0.125,0.302,0.24,0.091,0.228,0.267,0.122,0.149,0.167,0.201,0.125,0.354,0.269,0.454,0.206,0.186,0.212,0.178,0.219,0.36,0.192
2015-03-21 15:00:00,0.172,0.147,0.381,0.297,0.104,0.284,0.196,0.156,0.142,0.137,0.17,0.122,0.332,0.184,0.649,0.192,0.131,0.263,0.191,0.345,0.315,0.177
2015-03-21 16:00:00,0.166,0.18,0.529,0.384,0.147,0.392,0.175,0.218,0.156,0.144,0.177,0.111,0.372,0.193,0.857,0.163,0.104,0.432,0.233,0.468,0.258,0.148
2015-03-21 17:00:00,0.166,0.231,0.696,0.487,0.234,0.503,0.207,0.307,0.215,0.188,0.243,0.14,0.495,0.219,0.957,0.184,0.107,0.605,0.358,0.585,0.201,0.129
2015-03-21 18:00:00,0.192,0.277,0.815,0.577,0.344,0.591,0.246,0.352,0.315,0.268,0.307,0.176,0.611,0.262,0.978,0.206,0.143,0.756,0.486,0.704,0.169,0.103
2015-03-21 19:00:00,0.228,0.321,0.876,0.657,0.44,0.74,0.256,0.376,0.428,0.317,0.351,0.244,0.656,0.329,0.98,0.186,0.179,0.833,0.565,0.861,0.143,0.068
2015-03-21 20:00:00,0.256,0.36,0.892,0.702,0.438,0.852,0.249,0.415,0.511,0.292,0.414,0.337,0.662,0.393,0.976,0.19,0.178,0.846,0.625,0.925,0.113,0.044
2015-03-21 21:00:00,0.279,0.395,0.892,0.737,0.373,0.923,0.24,0.525,0.533,0.243,0.537,0.432,0.626,0.485,0.97,0.279,0.189,0.857,0.699,0.915,0.092,0.037
2015-03-21 22:00:00,0.302,0.426,0.88,0.724,0.264,0.908,0.232,0.519,0.444,0.26,0.595,0.416,0.58,0.571,0.952,0.403,0.228,0.846,0.688,0.87,0.085,0.03
2015-03-21 23:00:00,0.277,0.411,0.88,0.748,0.308,0.918,0.261,0.66,0.434,0.247,0.662,0.364,0.519,0.672,0.949,0.463,0.304,0.872,0.741,0.864,0.096,0.042
2015-03-22 00:00:00,0.347,0.432,0.838,0.761,0.389,0.91,0.287,0.743,0.507,0.274,0.731,0.315,0.449,0.802,0.926,0.438,0.408,0.882,0.795,0.821,0.13,0.03
2015-03-22 01:00:00,0.362,0.455,0.759,0.739,0.475,0.879,0.356,0.761,0.589,0.363,0.771,0.324,0.402,0.869,0.846,0.395,0.531,0.825,0.8,0.743,0.187,0.024
2015-03-22 02:00:00,0.366,0.45,0.689,0.703,0.528,0.829,0.442,0.684,0.674,0.368,0.762,0.359,0.381,0.861,0.78,0.352,0.551,0.776,0.783,0.649,0.258,0.032
2015-03-22 03:00:00,0.388,0.425,0.632,0.675,0.521,0.818,0.494,0.629,0.694,0.298,0.783,0.398,0.329,0.863,0.703,0.362,0.518,0.748,0.767,0.586,0.317,0.072
2015-03-22 04:00:00,0.399,0.404,0.56,0.627,0.544,0.749,0.556,0.628,0.753,0.267,0.79,0.454,0.355,0.842,0.597,0.434,0.537,0.686,0.747,0.454,0.362,0.162
2015-03-22 05:00:00,0.451,0.384,0.483,0.553,0.545,0.627,0.638,0.585,0.742,0.25,0.75,0.506,0.406,0.794,0.467,0.534,0.586,0.591,0.678,0.315,0.392,0.261
2015-03-22 06:00:00,0.531,0.362,0.381,0.452,0.516,0.437,0.7,0.469,0.699,0.263,0.641,0.539,0.406,0.706,0.345,0.602,0.603,0.472,0.543,0.212,0.424,0.304
2015-03-22 07:00:00,0.57,0.337,0.297,0.425,0.405,0.513,0.692,0.416,0.617,0.311,0.627,0.479,0.462,0.684,0.315,0.54,0.567,0.524,0.506,0.143,0.465,0.333
2015-03-22 08:00:00,0.571,0.289,0.25,0.37,0.294,0.455,0.623,0.388,0.494,0.275,0.517,0.349,0.342,0.539,0.253,0.424,0.487,0.381,0.455,0.188,0.506,0.355
2015-03-22 09:00:00,0.492,0.279,0.213,0.28,0.241,0.326,0.513,0.291,0.366,0.22,0.403,0.261,0.294,0.432,0.159,0.324,0.38,0.261,0.341,0.169,0.563,0.339
2015-03-22 10:00:00,0.401,0.238,0.173,0.145,0.135,0.152,0.316,0.131,0.235,0.122,0.257,0.184,0.224,0.269,0.065,0.203,0.208,0.128,0.154,0.084,0.587,0.37
2015-03-22 11:00:00,0.247,0.148,0.102,0.119,0.106,0.127,0.305,0.079,0.197,0.168,0.209,0.192,0.252,0.221,0.051,0.23,0.219,0.1,0.118,0.049,0.545,0.291
2015-03-22 12:00:00,0.279,0.123,0.146,0.094,0.088,0.094,0.267,0.049,0.153,0.183,0.143,0.177,0.274,0.169,0.037,0.222,0.193,0.091,0.091,0.026,0.553,0.306
2015-03-22 13:00:00,0.297,0.107,0.187,0.075,0.086,0.067,0.209,0.043,0.118,0.153,0.117,0.168,0.235,0.161,0.024,0.198,0.143,0.084,0.072,0.015,0.557,0.365
2015-03-22 14:00:00,0.277,0.097,0.21,0.059,0.08,0.033,0.174,0.037,0.095,0.115,0.095,0.15,0.185,0.151,0.019,0.176,0.113,0.076,0.051,0.009,0.559,0.444
2015-03-22 15:00:00,0.273,0.093,0.186,0.05,0.064,0.026,0.159,0.021,0.07,0.108,0.095,0.126,0.171,0.157,0.027,0.158,0.104,0.069,0.028,0.007,0.534,0.467
2015-03-22 16:00:00,0.268,0.09,0.159,0.047,0.037,0.045,0.163,0.017,0.086,0.087,0.094,0.076,0.178,0.088,0.023,0.113,0.089,0.038,0.034,0.011,0.537,0.458
2015-03-22 17:00:00,0.238,0.084,0.125,0.059,0.069,0.048,0.148,0.058,0.121,0.099,0.064,0.098,0.205,0.043,0.026,0.132,0.112,0.021,0.076,0.018,0.54,0.438
2015-03-22 18:00:00,0.181,0.074,0.149,0.069,0.125,0.055,0.112,0.099,0.131,0.105,0.045,0.145,0.184,0.033,0.043,0.17,0.11,0.015,0.097,0.022,0.556,0.476
2015-03-22 19:00:00,0.19,0.086,0.209,0.078,0.143,0.064,0.092,0.119,0.122,0.12,0.033,0.166,0.145,0.022,0.064,0.194,0.104,0.012,0.124,0.023,0.56,0.504
2015-03-22 20:00:00,0.208,0.109,0.278,0.088,0.147,0.066,0.074,0.126,0.095,0.108,0.025,0.168,0.107,0.012,0.11,0.184,0.077,0.02,0.135,0.037,0.556,0.429
2015-03-22 21:00:00,0.201,0.13,0.334,0.102,0.131,0.08,0.059,0.138,0.079,0.083,0.022,0.135,0.086,0.008,0.168,0.142,0.067,0.045,0.13,0.079,0.551,0.371
2015-03-22 22:00:00,0.183,0.144,0.371,0.107,0.088,0.083,0.047,0.114,0.089,0.079,0.03,0.097,0.088,0.011,0.224,0.127,0.088,0.102,0.103,0.088,0.543,0.32
2015-03-22 23:00:00,0.115,0.131,0.403,0.132,0.081,0.106,0.045,0.118,0.116,0.102,0.053,0.074,0.115,0.023,0.279,0.134,0.118,0.174,0.11,0.117,0.512,0.204
2015-03-23 00:00:00,0.091,0.138,0.434,0.154,0.069,0.125,0.053,0.1,0.124,0.119,0.077,0.068,0.14,0.049,0.325,0.142,0.127,0.223,0.107,0.161,0.502,0.144
2015-03-23 01:00:00,0.073,0.133,0.496,0.17,0.052,0.129,0.066,0.081,0.121,0.131,0.089,0.067,0.159,0.085,0.377,0.146,0.131,0.262,0.1,0.188,0.502,0.099
2015-03-23 02:00:00,0.057,0.127,0.55,0.182,0.048,0.149,0.082,0.075,0.12,0.155,0.112,0.068,0.181,0.124,0.399,0.149,0.152,0.3,0.106,0.19,0.495,0.075
2015-03-23 03:00:00,0.045,0.12,0.58,0.198,0.066,0.18,0.09,0.093,0.139,0.167,0.133,0.087,0.19,0.144,0.395,0.171,0.158,0.324,0.143,0.184,0.475,0.061
2015-03-23 04:00:00,0.041,0.115,0.61,0.211,0.107,0.187,0.095,0.096,0.172,0.172,0.148,0.117,0.185,0.167,0.397,0.206,0.156,0.327,0.161,0.192,0.454,0.055
2015-03-23 05:00:00,0.041,0.105,0.617,0.233,0.142,0.196,0.121,0.109,0.225,0.186,0.172,0.15,0.196,0.188,0.427,0.248,0.176,0.31,0.173,0.23,0.443,0.047
2015-03-23 06:00:00,0.033,0.105,0.626,0.23,0.128,0.195,0.095,0.125,0.188,0.184,0.134,0.133,0.149,0.139,0.449,0.239,0.173,0.315,0.16,0.248,0.42,0.036
2015-03-23 07:00:00,0.018,0.103,0.646,0.165,0.056,0.128,0.08,0.083,0.077,0.155,0.085,0.057,0.167,0.115,0.35,0.146,0.128,0.258,0.09,0.198,0.398,0.019
2015-03-23 08:00:00,0.006,0.089,0.676,0.176,0.064,0.131,0.111,0.071,0.092,0.159,0.135,0.053,0.249,0.192,0.368,0.135,0.179,0.304,0.098,0.169,0.363,0.01
2015-03-23 09:00:00,0.006,0.059,0.712,0.228,0.073,0.179,0.106,0.099,0.114,0.129,0.181,0.039,0.222,0.246,0.47,0.111,0.16,0.382,0.162,0.219,0.36,0.005
2015-03-23 10:00:00,0.008,0.054,0.76,0.214,0.049,0.177,0.09,0.069,0.102,0.095,0.167,0.031,0.161,0.247,0.475,0.087,0.124,0.383,0.133,0.21,0.349,0.002
2015-03-23 11:00:00,0.002,0.035,0.76,0.224,0.045,0.2,0.084,0.07,0.115,0.079,0.169,0.035,0.143,0.268,0.491,0.081,0.113,0.429,0.13,0.225,0.346,0.002
2015-03-23 12:00:00,0.004,0.044,0.808,0.237,0.039,0.221,0.076,0.074,0.114,0.065,0.179,0.031,0.119,0.288,0.513,0.07,0.103,0.465,0.133,0.257,0.366,0.004
2015-03-23 13:00:00,0.008,0.057,0.834,0.253,0.036,0.24,0.074,0.081,0.116,0.052,0.188,0.029,0.105,0.29,0.549,0.056,0.089,0.476,0.142,0.291,0.386,0.005
2015-03-23 14:00:00,0.011,0.068,0.847,0.268,0.036,0.26,0.077,0.086,0.117,0.038,0.194,0.034,0.098,0.301,0.583,0.054,0.077,0.491,0.147,0.319,0.404,0.005
2015-03-23 15:00:00,0.012,0.074,0.839,0.263,0.035,0.267,0.09,0.081,0.107,0.032,0.177,0.04,0.097,0.266,0.57,0.058,0.078,0.47,0.143,0.317,0.415,0.007
2015-03-23 16:00:00,0.016,0.073,0.824,0.252,0.035,0.242,0.163,0.073,0.11,0.054,0.212,0.045,0.172,0.298,0.531,0.066,0.11,0.485,0.131,0.272,0.445,0.019
2015-03-23 17:00:00,0.025,0.067,0.838,0.3,0.052,0.285,0.276,0.09,0.175,0.116,0.309,0.068,0.319,0.408,0.577,0.101,0.185,0.558,0.168,0.289,0.475,0.037
2015-03-23 18:00:00,0.048,0.06,0.852,0.353,0.093,0.339,0.347,0.125,0.289,0.154,0.4,0.124,0.399,0.499,0.614,0.156,0.235,0.616,0.224,0.324,0.511,0.055
2015-03-23 19:00:00,0.081,0.064,0.869,0.383,0.133,0.362,0.395,0.152,0.373,0.135,0.449,0.185,0.36,0.542,0.626,0.21,0.242,0.638,0.266,0.343,0.542,0.087
2015-03-23 20:00:00,0.112,0.065,0.877,0.41,0.151,0.391,0.442,0.185,0.431,0.103,0.475,0.24,0.302,0.572,0.645,0.27,0.247,0.648,0.308,0.361,0.562,0.125
2015-03-23 21:00:00,0.152,0.066,0.876,0.402,0.159,0.378,0.432,0.206,0.437,0.086,0.461,0.299,0.259,0.581,0.637,0.327,0.224,0.635,0.306,0.329,0.579,0.169
2015-03-23 22:00:00,0.189,0.062,0.873,0.395,0.203,0.379,0.404,0.231,0.433,0.122,0.439,0.399,0.265,0.549,0.59,0.443,0.21,0.604,0.312,0.307,0.585,0.206
2015-03-23 23:00:00,0.246,0.045,0.863,0.393,0.229,0.39,0.371,0.255,0.435,0.183,0.415,0.437,0.31,0.51,0.575,0.529,0.231,0.589,0.316,0.291,0.544,0.247
2015-03-24 00:00:00,0.24,0.039,0.852,0.373,0.214,0.374,0.36,0.234,0.442,0.226,0.388,0.43,0.381,0.469,0.569,0.574,0.274,0.572,0.282,0.243,0.543,0.252
2015-03-24 01:00:00,0.238,0.033,0.839,0.344,0.187,0.332,0.345,0.217,0.458,0.231,0.351,0.407,0.415,0.422,0.527,0.584,0.309,0.544,0.256,0.204,0.565,0.267
2015-03-24 02:00:00,0.233,0.028,0.826,0.306,0.143,0.304,0.343,0.193,0.459,0.201,0.331,0.358,0.436,0.39,0.444,0.544,0.308,0.488,0.24,0.152,0.578,0.27
2015-03-24 03:00:00,0.225,0.026,0.819,0.282,0.121,0.303,0.36,0.168,0.455,0.173,0.339,0.359,0.459,0.392,0.39,0.524,0.286,0.451,0.216,0.11,0.575,0.279
2015-03-24 04:00:00,0.228,0.024,0.806,0.251,0.106,0.257,0.357,0.127,0.435,0.167,0.321,0.382,0.486,0.366,0.346,0.526,0.264,0.417,0.173,0.083,0.573,0.29
2015-03-24 05:00:00,0.226,0.023,0.78,0.242,0.114,0.223,0.387,0.094,0.442,0.189,0.336,0.408,0.526,0.38,0.339,0.537,0.27,0.418,0.143,0.072,0.551,0.305
2015-03-24 06:00:00,0.234,0.025,0.744,0.207,0.122,0.162,0.356,0.066,0.396,0.187,0.292,0.396,0.5,0.338,0.289,0.489,0.25,0.347,0.115,0.059,0.541,0.338
2015-03-24 07:00:00,0.24,0.026,0.7,0.139,0.123,0.081,0.254,0.043,0.326,0.147,0.175,0.349,0.431,0.173,0.168,0.401,0.187,0.197,0.087,0.038,0.51,0.347
2015-03-24 08:00:00,0.214,0.025,0.588,0.096,0.089,0.044,0.199,0.014,0.267,0.088,0.128,0.336,0.37,0.135,0.106,0.366,0.124,0.119,0.044,0.016,0.448,0.287
2015-03-24 09:00:00,0.194,0.016,0.51,0.108,0.12,0.045,0.222,0.009,0.335,0.138,0.146,0.49,0.388,0.147,0.098,0.513,0.158,0.113,0.049,0.015,0.448,0.355
2015-03-24 10:00:00,0.229,0.014,0.481,0.107,0.117,0.056,0.239,0.013,0.32,0.153,0.165,0.518,0.389,0.175,0.054,0.514,0.174,0.102,0.06,0.012,0.429,0.47
2015-03-24 11:00:00,0.244,0.009,0.344,0.125,0.133,0.065,0.261,0.013,0.35,0.196,0.191,0.618,0.43,0.227,0.072,0.647,0.201,0.137,0.061,0.014,0.408,0.527
2015-03-24 12:00:00,0.275,0.011,0.352,0.132,0.134,0.065,0.269,0.013,0.38,0.213,0.198,0.643,0.462,0.255,0.067,0.701,0.217,0.154,0.062,0.016,0.393,0.571
2015-03-24 13:00:00,0.294,0.015,0.338,0.126,0.122,0.054,0.275,0.01,0.39,0.223,0.194,0.608,0.477,0.25,0.061,0.689,0.23,0.14,0.053,0.015,0.369,0.605
2015-03-24 14:00:00,0.316,0.017,0.308,0.109,0.114,0.028,0.261,0.007,0.363,0.214,0.17,0.557,0.448,0.217,0.045,0.647,0.233,0.11,0.04,0.011,0.338,0.619
2015-03-24 15:00:00,0.337,0.018,0.263,0.089,0.123,0.015,0.236,0.014,0.297,0.196,0.128,0.503,0.373,0.174,0.024,0.562,0.211,0.078,0.033,0.009,0.307,0.594
2015-03-24 16:00:00,0.323,0.014,0.206,0.086,0.106,0.008,0.314,0.012,0.254,0.239,0.126,0.45,0.409,0.152,0.032,0.504,0.274,0.051,0.024,0.016,0.251,0.548
2015-03-24 17:00:00,0.252,0.013,0.174,0.112,0.106,0.006,0.483,0.011,0.301,0.312,0.195,0.472,0.49,0.173,0.07,0.515,0.399,0.044,0.025,0.042,0.21,0.454
2015-03-24 18:00:00,0.218,0.018,0.166,0.141,0.127,0.007,0.593,0.016,0.402,0.364,0.281,0.507,0.546,0.205,0.105,0.54,0.49,0.04,0.03,0.075,0.217,0.43
2015-03-24 19:00:00,0.213,0.026,0.134,0.156,0.152,0.01,0.617,0.023,0.488,0.339,0.336,0.527,0.539,0.245,0.11,0.537,0.485,0.037,0.039,0.099,0.223,0.409
2015-03-24 20:00:00,0.205,0.043,0.091,0.171,0.164,0.015,0.592,0.031,0.548,0.291,0.367,0.532,0.5,0.3,0.125,0.529,0.426,0.045,0.056,0.123,0.215,0.38
2015-03-24 21:00:00,0.197,0.06,0.046,0.183,0.17,0.026,0.544,0.039,0.569,0.245,0.363,0.522,0.464,0.349,0.135,0.529,0.354,0.063,0.077,0.149,0.199,0.375
2015-03-24 22:00:00,0.189,0.079,0.016,0.187,0.123,0.038,0.558,0.065,0.589,0.256,0.377,0.455,0.506,0.376,0.15,0.556,0.345,0.095,0.08,0.132,0.18,0.349
2015-03-24 23:00:00,0.167,0.1,0.017,0.183,0.101,0.058,0.508,0.077,0.555,0.258,0.351,0.41,0.5,0.372,0.144,0.544,0.302,0.101,0.091,0.124,0.167,0.347
2015-03-25 00:00:00,0.15,0.125,0.015,0.168,0.09,0.061,0.467,0.078,0.516,0.248,0.342,0.36,0.481,0.354,0.139,0.509,0.284,0.094,0.083,0.094,0.162,0.313
2015-03-25 01:00:00,0.138,0.146,0.026,0.151,0.064,0.049,0.415,0.068,0.441,0.197,0.329,0.299,0.449,0.341,0.138,0.44,0.258,0.083,0.065,0.085,0.163,0.289
2015-03-25 02:00:00,0.127,0.161,0.053,0.132,0.043,0.041,0.369,0.057,0.36,0.139,0.302,0.233,0.392,0.338,0.128,0.352,0.215,0.076,0.047,0.086,0.177,0.263
2015-03-25 03:00:00,0.123,0.176,0.081,0.12,0.029,0.055,0.325,0.038,0.276,0.115,0.262,0.197,0.332,0.328,0.118,0.288,0.176,0.074,0.04,0.092,0.198,0.254
2015-03-25 04:00:00,0.141,0.187,0.102,0.117,0.021,0.089,0.284,0.03,0.223,0.107,0.218,0.184,0.312,0.305,0.107,0.252,0.168,0.075,0.047,0.105,0.217,0.257
2015-03-25 05:00:00,0.166,0.194,0.123,0.124,0.015,0.132,0.283,0.02,0.194,0.1,0.186,0.165,0.325,0.265,0.123,0.213,0.167,0.086,0.059,0.118,0.235,0.246
2015-03-25 06:00:00,0.205,0.199,0.123,0.122,0.013,0.15,0.256,0.009,0.142,0.09,0.138,0.131,0.299,0.195,0.146,0.163,0.145,0.1,0.062,0.126,0.259,0.24
2015-03-25 07:00:00,0.238,0.201,0.101,0.09,0.019,0.133,0.124,0.015,0.056,0.056,0.053,0.071,0.198,0.068,0.123,0.081,0.066,0.065,0.05,0.123,0.276,0.236
2015-03-25 08:00:00,0.243,0.195,0.065,0.061,0.018,0.084,0.066,0.018,0.017,0.03,0.021,0.044,0.163,0.038,0.093,0.047,0.027,0.032,0.038,0.087,0.28,0.189
2015-03-25 09:00:00,0.189,0.168,0.053,0.074,0.034,0.104,0.056,0.047,0.02,0.032,0.015,0.061,0.182,0.025,0.11,0.062,0.031,0.029,0.061,0.1,0.266,0.196
2015-03-25 10:00:00,0.222,0.145,0.049,0.105,0.052,0.15,0.073,0.097,0.037,0.042,0.02,0.109,0.219,0.027,0.129,0.097,0.039,0.029,0.108,0.138,0.26,0.279
2015-03-25 11:00:00,0.329,0.112,0.033,0.128,0.082,0.19,0.059,0.143,0.035,0.041,0.02,0.1,0.221,0.03,0.128,0.067,0.03,0.03,0.161,0.174,0.253,0.365
2015-03-25 12:00:00,0.371,0.117,0.028,0.154,0.101,0.204,0.054,0.157,0.034,0.055,0.019,0.122,0.175,0.032,0.158,0.069,0.045,0.03,0.194,0.24,0.265,0.346
2015-03-25 13:00:00,0.412,0.139,0.032,0.172,0.12,0.215,0.03,0.163,0.044,0.089,0.017,0.165,0.1,0.022,0.195,0.107,0.074,0.035,0.196,0.297,0.28,0.368
2015-03-25 14:00:00,0.497,0.162,0.037,0.192,0.188,0.234,0.015,0.173,0.066,0.119,0.018,0.161,0.075,0.013,0.226,0.108,0.104,0.046,0.205,0.339,0.299,0.424
2015-03-25 15:00:00,0.573,0.179,0.057,0.233,0.242,0.27,0.015,0.231,0.132,0.173,0.038,0.139,0.048,0.012,0.326,0.143,0.15,0.075,0.285,0.324,0.315,0.429
2015-03-25 16:00:00,0.555,0.18,0.086,0.335,0.26,0.428,0.039,0.336,0.25,0.3,0.122,0.151,0.043,0.048,0.491,0.26,0.248,0.17,0.412,0.38,0.333,0.426
2015-03-25 17:00:00,0.566,0.207,0.146,0.504,0.323,0.564,0.124,0.505,0.431,0.385,0.242,0.209,0.074,0.156,0.668,0.391,0.383,0.408,0.584,0.623,0.361,0.469
2015-03-25 18:00:00,0.592,0.265,0.249,0.618,0.388,0.654,0.25,0.645,0.567,0.427,0.344,0.276,0.184,0.217,0.686,0.49,0.461,0.517,0.726,0.813,0.412,0.491
2015-03-25 19:00:00,0.643,0.322,0.431,0.66,0.392,0.709,0.354,0.697,0.635,0.423,0.434,0.341,0.345,0.291,0.662,0.532,0.496,0.511,0.767,0.876,0.458,0.479
2015-03-25 20:00:00,0.664,0.345,0.562,0.683,0.404,0.724,0.431,0.695,0.652,0.386,0.488,0.386,0.432,0.376,0.69,0.496,0.48,0.552,0.775,0.89,0.471,0.474
2015-03-25 21:00:00,0.676,0.341,0.592,0.684,0.412,0.727,0.466,0.65,0.614,0.354,0.51,0.4,0.461,0.398,0.71,0.443,0.47,0.597,0.761,0.873,0.469,0.49
2015-03-25 22:00:00,0.658,0.327,0.545,0.655,0.338,0.709,0.511,0.596,0.557,0.297,0.529,0.281,0.506,0.408,0.708,0.362,0.471,0.589,0.681,0.861,0.457,0.477
2015-03-25 23:00:00,0.5,0.277,0.487,0.64,0.335,0.701,0.524,0.556,0.544,0.274,0.553,0.283,0.514,0.425,0.709,0.361,0.462,0.587,0.65,0.817,0.417,0.398
2015-03-26 00:00:00,0.501,0.273,0.501,0.624,0.354,0.681,0.523,0.533,0.521,0.264,0.561,0.289,0.487,0.449,0.703,0.36,0.436,0.594,0.609,0.794,0.412,0.45
2015-03-26 01:00:00,0.521,0.272,0.529,0.611,0.383,0.657,0.535,0.479,0.515,0.277,0.564,0.324,0.443,0.473,0.713,0.37,0.425,0.615,0.562,0.772,0.409,0.49
2015-03-26 02:00:00,0.507,0.266,0.594,0.581,0.403,0.623,0.537,0.413,0.494,0.301,0.563,0.353,0.367,0.482,0.707,0.35,0.399,0.625,0.507,0.714,0.408,0.491
2015-03-26 03:00:00,0.436,0.234,0.654,0.571,0.42,0.597,0.548,0.39,0.484,0.346,0.589,0.383,0.307,0.525,0.71,0.357,0.411,0.659,0.483,0.678,0.415,0.508
2015-03-26 04:00:00,0.389,0.203,0.727,0.557,0.398,0.548,0.522,0.397,0.436,0.352,0.603,0.396,0.239,0.565,0.706,0.392,0.42,0.696,0.448,0.665,0.431,0.514
2015-03-26 05:00:00,0.359,0.176,0.774,0.536,0.383,0.5,0.507,0.414,0.395,0.427,0.599,0.375,0.218,0.606,0.691,0.385,0.451,0.718,0.421,0.628,0.456,0.491
2015-03-26 06:00:00,0.339,0.153,0.81,0.494,0.362,0.434,0.478,0.403,0.353,0.456,0.561,0.385,0.197,0.611,0.665,0.379,0.529,0.713,0.363,0.557,0.476,0.498
2015-03-26 07:00:00,0.324,0.142,0.841,0.443,0.335,0.311,0.372,0.352,0.333,0.373,0.557,0.36,0.194,0.667,0.647,0.294,0.515,0.705,0.318,0.461,0.474,0.448
2015-03-26 08:00:00,0.311,0.129,0.809,0.35,0.264,0.191,0.291,0.261,0.317,0.264,0.454,0.358,0.133,0.513,0.549,0.206,0.43,0.601,0.292,0.293,0.471,0.319
2015-03-26 09:00:00,0.304,0.115,0.737,0.301,0.303,0.173,0.233,0.167,0.269,0.228,0.419,0.388,0.148,0.541,0.43,0.228,0.349,0.508,0.271,0.21,0.463,0.391
2015-03-26 10:00:00,0.284,0.098,0.67,0.258,0.348,0.144,0.22,0.216,0.343,0.16,0.368,0.424,0.154,0.531,0.314,0.238,0.262,0.43,0.257,0.134,0.477,0.42
2015-03-26 11:00:00,0.219,0.091,0.56,0.258,0.292,0.152,0.235,0.227,0.402,0.161,0.385,0.556,0.181,0.612,0.255,0.402,0.225,0.457,0.264,0.097,0.467,0.298
2015-03-26 12:00:00,0.207,0.093,0.557,0.252,0.221,0.234,0.224,0.214,0.407,0.196,0.382,0.534,0.235,0.574,0.232,0.483,0.204,0.471,0.245,0.067,0.504,0.327
2015-03-26 13:00:00,0.222,0.099,0.579,0.226,0.162,0.191,0.247,0.253,0.364,0.189,0.381,0.468,0.253,0.453,0.231,0.436,0.227,0.494,0.169,0.073,0.508,0.356
2015-03-26 14:00:00,0.219,0.103,0.617,0.22,0.114,0.183,0.265,0.271,0.261,0.164,0.351,0.344,0.22,0.433,0.219,0.361,0.218,0.543,0.134,0.135,0.508,0.331
2015-03-26 15:00:00,0.198,0.112,0.694,0.229,0.085,0.215,0.197,0.264,0.168,0.125,0.341,0.276,0.139,0.48,0.227,0.308,0.183,0.6,0.13,0.201,0.494,0.268
2015-03-26 16:00:00,0.155,0.12,0.823,0.234,0.065,0.219,0.231,0.247,0.138,0.099,0.302,0.2,0.114,0.536,0.223,0.267,0.184,0.598,0.145,0.236,0.475,0.182
2015-03-26 17:00:00,0.116,0.117,0.865,0.237,0.074,0.24,0.339,0.248,0.13,0.085,0.273,0.116,0.125,0.587,0.233,0.167,0.162,0.568,0.157,0.235,0.489,0.134
2015-03-26 18:00:00,0.11,0.121,0.883,0.244,0.114,0.254,0.427,0.213,0.106,0.06,0.244,0.123,0.187,0.589,0.249,0.106,0.117,0.53,0.182,0.235,0.515,0.151
2015-03-26 19:00:00,0.115,0.139,0.883,0.242,0.142,0.238,0.487,0.147,0.073,0.056,0.21,0.1,0.267,0.547,0.273,0.083,0.106,0.487,0.208,0.2,0.529,0.158
2015-03-26 20:00:00,0.126,0.167,0.873,0.229,0.135,0.222,0.522,0.092,0.066,0.051,0.199,0.082,0.338,0.528,0.298,0.054,0.11,0.424,0.201,0.157,0.515,0.122
2015-03-26 21:00:00,0.149,0.197,0.858,0.202,0.13,0.215,0.492,0.071,0.056,0.033,0.198,0.066,0.319,0.501,0.296,0.044,0.076,0.349,0.159,0.115,0.497,0.088
2015-03-26 22:00:00,0.174,0.218,0.845,0.202,0.078,0.255,0.505,0.071,0.069,0.044,0.218,0.099,0.298,0.485,0.337,0.069,0.077,0.362,0.112,0.11,0.476,0.068
2015-03-26 23:00:00,0.231,0.25,0.813,0.168,0.087,0.172,0.383,0.056,0.048,0.041,0.152,0.087,0.221,0.388,0.282,0.072,0.048,0.291,0.109,0.112,0.429,0.063
2015-03-27 00:00:00,0.274,0.258,0.765,0.145,0.086,0.123,0.309,0.041,0.035,0.046,0.119,0.08,0.186,0.325,0.246,0.082,0.039,0.232,0.112,0.095,0.387,0.041
2015-03-27 01:00:00,0.301,0.267,0.733,0.122,0.105,0.108,0.235,0.035,0.026,0.038,0.075,0.073,0.121,0.259,0.207,0.065,0.033,0.186,0.118,0.064,0.356,0.039
2015-03-27 02:00:00,0.317,0.278,0.694,0.097,0.124,0.09,0.184,0.029,0.024,0.033,0.051,0.081,0.089,0.214,0.156,0.053,0.033,0.143,0.107,0.037,0.357,0.032
2015-03-27 03:00:00,0.319,0.285,0.657,0.081,0.127,0.08,0.181,0.025,0.031,0.022,0.042,0.118,0.09,0.208,0.114,0.04,0.036,0.104,0.089,0.027,0.335,0.048
2015-03-27 04:00:00,0.334,0.295,0.622,0.078,0.145,0.075,0.216,0.028,0.045,0.016,0.046,0.234,0.094,0.234,0.092,0.046,0.038,0.078,0.075,0.03,0.311,0.103
2015-03-27 05:00:00,0.349,0.298,0.588,0.088,0.16,0.06,0.25,0.041,0.066,0.015,0.064,0.344,0.112,0.294,0.084,0.108,0.041,0.07,0.086,0.033,0.288,0.171
2015-03-27 06:00:00,0.365,0.299,0.57,0.1,0.161,0.06,0.221,0.053,0.096,0.014,0.077,0.401,0.139,0.302,0.066,0.235,0.03,0.062,0.115,0.043,0.266,0.242
2015-03-27 07:00:00,0.397,0.306,0.54,0.101,0.188,0.099,0.111,0.062,0.12,0.02,0.051,0.403,0.077,0.227,0.053,0.3,0.012,0.045,0.134,0.046,0.251,0.291
2015-03-27 08:00:00,0.488,0.324,0.494,0.103,0.268,0.134,0.087,0.114,0.12,0.039,0.032,0.358,0.051,0.184,0.054,0.307,0.017,0.036,0.133,0.046,0.23,0.352
2015-03-27 09:00:00,0.491,0.35,0.425,0.107,0.284,0.14,0.09,0.145,0.156,0.099,0.025,0.366,0.052,0.151,0.058,0.32,0.051,0.031,0.128,0.062,0.198,0.415
2015-03-27 10:00:00,0.469,0.328,0.381,0.123,0.252,0.161,0.124,0.087,0.298,0.168,0.038,0.392,0.075,0.154,0.089,0.434,0.118,0.033,0.152,0.035,0.182,0.442
2015-03-27 11:00:00,0.366,0.277,0.295,0.118,0.209,0.146,0.146,0.111,0.372,0.268,0.063,0.308,0.098,0.194,0.084,0.411,0.202,0.033,0.113,0.05,0.151,0.464
2015-03-27 12:00:00,0.39,0.318,0.263,0.122,0.212,0.142,0.154,0.125,0.388,0.375,0.102,0.221,0.139,0.217,0.089,0.352,0.33,0.054,0.105,0.059,0.132,0.507
2015-03-27 13:00:00,0.435,0.353,0.237,0.139,0.195,0.137,0.153,0.151,0.416,0.406,0.177,0.214,0.152,0.21,0.103,0.386,0.377,0.102,0.115,0.075,0.122,0.57
2015-03-27 14:00:00,0.447,0.384,0.247,0.156,0.18,0.141,0.165,0.158,0.413,0.466,0.236,0.181,0.155,0.195,0.104,0.414,0.489,0.208,0.131,0.084,0.125,0.622
2015-03-27 15:00:00,0.468,0.417,0.258,0.163,0.163,0.153,0.146,0.128,0.438,0.508,0.335,0.155,0.157,0.176,0.097,0.476,0.562,0.264,0.128,0.064,0.125,0.674
2015-03-27 16:00:00,0.453,0.443,0.268,0.157,0.127,0.096,0.176,0.152,0.406,0.507,0.442,0.125,0.233,0.204,0.083,0.367,0.638,0.313,0.089,0.079,0.123,0.74
2015-03-27 17:00:00,0.426,0.419,0.331,0.16,0.111,0.07,0.253,0.216,0.367,0.531,0.483,0.092,0.283,0.231,0.066,0.279,0.727,0.357,0.059,0.123,0.127,0.808
2015-03-27 18:00:00,0.4,0.354,0.429,0.163,0.148,0.042,0.307,0.266,0.337,0.494,0.507,0.068,0.294,0.226,0.055,0.259,0.708,0.351,0.07,0.13,0.131,0.818
2015-03-27 19:00:00,0.414,0.333,0.498,0.17,0.2,0.036,0.329,0.296,0.264,0.44,0.475,0.073,0.311,0.24,0.05,0.237,0.672,0.311,0.107,0.15,0.14,0.812
2015-03-27 20:00:00,0.421,0.328,0.551,0.202,0.297,0.048,0.34,0.367,0.233,0.358,0.449,0.127,0.342,0.295,0.056,0.241,0.617,0.275,0.183,0.198,0.143,0.801
2015-03-27 21:00:00,0.45,0.31,0.607,0.239,0.415,0.063,0.355,0.403,0.233,0.288,0.417,0.227,0.382,0.34,0.057,0.263,0.547,0.261,0.282,0.232,0.148,0.8
2015-03-27 22:00:00,0.502,0.278,0.617,0.252,0.512,0.109,0.376,0.333,0.235,0.246,0.405,0.348,0.362,0.369,0.071,0.191,0.415,0.264,0.339,0.195,0.149,0.808
2015-03-27 23:00:00,0.518,0.265,0.576,0.261,0.453,0.14,0.339,0.343,0.22,0.298,0.37,0.428,0.421,0.386,0.071,0.212,0.443,0.239,0.361,0.218,0.166,0.789
2015-03-28 00:00:00,0.537,0.235,0.53,0.271,0.428,0.178,0.293,0.362,0.252,0.33,0.37,0.47,0.422,0.372,0.079,0.296,0.504,0.219,0.349,0.256,0.17,0.839
2015-03-28 01:00:00,0.554,0.219,0.483,0.288,0.456,0.239,0.297,0.365,0.28,0.327,0.352,0.466,0.504,0.42,0.111,0.383,0.521,0.196,0.352,0.256,0.175,0.867
2015-03-28 02:00:00,0.562,0.209,0.414,0.296,0.474,0.295,0.314,0.348,0.285,0.333,0.312,0.447,0.554,0.405,0.146,0.414,0.511,0.166,0.365,0.239,0.172,0.877
2015-03-28 03:00:00,0.557,0.189,0.356,0.298,0.473,0.326,0.323,0.311,0.315,0.345,0.281,0.452,0.546,0.385,0.172,0.438,0.499,0.165,0.36,0.225,0.154,0.881
2015-03-28 04:00:00,0.528,0.163,0.317,0.286,0.441,0.303,0.324,0.272,0.325,0.353,0.273,0.491,0.537,0.367,0.178,0.44,0.495,0.165,0.322,0.229,0.132,0.876
2015-03-28 05:00:00,0.488,0.144,0.31,0.276,0.398,0.26,0.312,0.283,0.306,0.364,0.26,0.471,0.533,0.347,0.191,0.435,0.489,0.153,0.293,0.243,0.115,0.87
2015-03-28 06:00:00,0.459,0.127,0.304,0.265,0.431,0.181,0.311,0.319,0.219,0.35,0.218,0.405,0.526,0.328,0.165,0.369,0.445,0.11,0.33,0.251,0.107,0.87
2015-03-28 07:00:00,0.428,0.111,0.267,0.313,0.589,0.251,0.325,0.262,0.249,0.364,0.175,0.629,0.56,0.29,0.167,0.446,0.413,0.068,0.491,0.244,0.106,0.858
2015-03-28 08:00:00,0.471,0.095,0.217,0.274,0.539,0.277,0.337,0.18,0.263,0.352,0.15,0.658,0.573,0.232,0.173,0.453,0.396,0.07,0.38,0.179,0.088,0.866
2015-03-28 09:00:00,0.492,0.074,0.193,0.236,0.432,0.22,0.359,0.122,0.273,0.349,0.159,0.584,0.561,0.19,0.162,0.481,0.414,0.084,0.292,0.14,0.061,0.914
2015-03-28 10:00:00,0.443,0.085,0.162,0.171,0.228,0.12,0.336,0.086,0.197,0.318,0.134,0.448,0.467,0.182,0.159,0.41,0.351,0.09,0.144,0.127,0.06,0.9
2015-03-28 11:00:00,0.33,0.109,0.109,0.164,0.242,0.09,0.35,0.088,0.236,0.335,0.147,0.398,0.427,0.198,0.185,0.392,0.338,0.099,0.113,0.113,0.062,0.899
2015-03-28 12:00:00,0.305,0.157,0.096,0.157,0.212,0.08,0.37,0.087,0.282,0.37,0.172,0.368,0.395,0.227,0.174,0.397,0.358,0.115,0.094,0.096,0.079,0.882
2015-03-28 13:00:00,0.284,0.206,0.082,0.146,0.187,0.074,0.354,0.082,0.284,0.359,0.205,0.322,0.362,0.231,0.161,0.36,0.391,0.122,0.082,0.075,0.082,0.889
2015-03-28 14:00:00,0.259,0.255,0.086,0.134,0.161,0.074,0.358,0.073,0.248,0.352,0.192,0.255,0.366,0.219,0.149,0.303,0.382,0.127,0.078,0.058,0.084,0.867
2015-03-28 15:00:00,0.226,0.3,0.091,0.113,0.132,0.067,0.359,0.071,0.181,0.274,0.146,0.183,0.398,0.171,0.113,0.245,0.262,0.117,0.067,0.047,0.086,0.837
2015-03-28 16:00:00,0.196,0.333,0.094,0.084,0.081,0.049,0.344,0.047,0.115,0.204,0.097,0.124,0.391,0.131,0.067,0.178,0.188,0.09,0.043,0.041,0.103,0.752
2015-03-28 17:00:00,0.126,0.345,0.082,0.067,0.035,0.036,0.31,0.028,0.085,0.169,0.09,0.09,0.333,0.124,0.041,0.132,0.175,0.077,0.023,0.047,0.15,0.599
2015-03-28 18:00:00,0.081,0.384,0.075,0.07,0.012,0.021,0.281,0.04,0.08,0.165,0.104,0.083,0.31,0.125,0.032,0.136,0.196,0.079,0.012,0.099,0.248,0.512
2015-03-28 19:00:00,0.079,0.444,0.069,0.099,0.009,0.013,0.255,0.088,0.081,0.154,0.116,0.086,0.301,0.116,0.044,0.144,0.205,0.089,0.014,0.234,0.349,0.479
2015-03-28 20:00:00,0.096,0.5,0.061,0.148,0.021,0.016,0.241,0.179,0.075,0.145,0.11,0.075,0.289,0.109,0.101,0.146,0.209,0.086,0.045,0.406,0.428,0.443
2015-03-28 21:00:00,0.137,0.55,0.053,0.197,0.065,0.045,0.233,0.28,0.059,0.134,0.097,0.044,0.264,0.104,0.206,0.118,0.206,0.072,0.098,0.508,0.487,0.415
2015-03-28 22:00:00,0.193,0.582,0.05,0.273,0.204,0.131,0.151,0.477,0.031,0.103,0.06,0.035,0.187,0.071,0.355,0.07,0.15,0.047,0.215,0.634,0.533,0.373
2015-03-28 23:00:00,0.275,0.629,0.045,0.314,0.272,0.192,0.16,0.529,0.028,0.092,0.054,0.052,0.202,0.077,0.433,0.056,0.141,0.054,0.292,0.647,0.603,0.331
2015-03-29 00:00:00,0.327,0.639,0.036,0.353,0.311,0.248,0.146,0.522,0.026,0.08,0.047,0.046,0.207,0.084,0.493,0.037,0.126,0.07,0.354,0.697,0.636,0.285
2015-03-29 01:00:00,0.358,0.65,0.035,0.394,0.342,0.303,0.159,0.515,0.022,0.074,0.044,0.063,0.218,0.093,0.542,0.021,0.124,0.085,0.419,0.758,0.66,0.239
2015-03-29 02:00:00,0.411,0.667,0.038,0.441,0.381,0.392,0.164,0.516,0.03,0.059,0.041,0.115,0.217,0.086,0.615,0.016,0.101,0.113,0.509,0.779,0.682,0.2
2015-03-29 03:00:00,0.45,0.686,0.04,0.484,0.417,0.507,0.173,0.507,0.07,0.053,0.041,0.208,0.213,0.086,0.681,0.044,0.078,0.142,0.584,0.776,0.708,0.161
2015-03-29 04:00:00,0.469,0.702,0.045,0.511,0.403,0.58,0.169,0.482,0.14,0.046,0.053,0.319,0.191,0.074,0.741,0.133,0.053,0.183,0.596,0.779,0.735,0.128
2015-03-29 05:00:00,0.487,0.714,0.061,0.546,0.392,0.642,0.147,0.545,0.23,0.05,0.075,0.384,0.162,0.047,0.798,0.256,0.041,0.226,0.611,0.82,0.747,0.099
2015-03-29 06:00:00,0.516,0.714,0.099,0.569,0.399,0.698,0.096,0.579,0.282,0.067,0.069,0.379,0.102,0.021,0.851,0.315,0.046,0.236,0.639,0.835,0.752,0.081
2015-03-29 07:00:00,0.548,0.715,0.119,0.581,0.447,0.786,0.063,0.615,0.29,0.039,0.056,0.412,0.089,0.01,0.873,0.278,0.029,0.242,0.649,0.832,0.737,0.06
2015-03-29 08:00:00,0.575,0.715,0.138,0.569,0.428,0.711,0.05,0.646,0.314,0.056,0.082,0.36,0.101,0.009,0.887,0.355,0.054,0.316,0.583,0.826,0.717,0.05
2015-03-29 09:00:00,0.594,0.703,0.182,0.602,0.507,0.71,0.056,0.669,0.429,0.07,0.166,0.385,0.118,0.024,0.925,0.456,0.079,0.438,0.6,0.825,0.705,0.044
2015-03-29 10:00:00,0.661,0.693,0.274,0.585,0.421,0.693,0.024,0.482,0.437,0.114,0.294,0.328,0.055,0.071,0.929,0.457,0.146,0.581,0.548,0.756,0.711,0.041
2015-03-29 11:00:00,0.576,0.608,0.392,0.589,0.418,0.689,0.026,0.481,0.471,0.155,0.36,0.33,0.034,0.118,0.938,0.499,0.193,0.701,0.588,0.648,0.631,0.054
2015-03-29 12:00:00,0.636,0.628,0.522,0.598,0.42,0.695,0.049,0.466,0.5,0.228,0.393,0.382,0.047,0.171,0.93,0.567,0.226,0.736,0.609,0.617,0.628,0.099
2015-03-29 13:00:00,0.676,0.635,0.665,0.593,0.409,0.718,0.078,0.526,0.546,0.338,0.427,0.434,0.095,0.218,0.861,0.607,0.29,0.781,0.614,0.563,0.607,0.159
2015-03-29 14:00:00,0.671,0.634,0.743,0.546,0.389,0.692,0.083,0.572,0.518,0.432,0.45,0.457,0.089,0.283,0.806,0.594,0.399,0.734,0.507,0.5,0.587,0.197
2015-03-29 15:00:00,0.684,0.61,0.736,0.55,0.448,0.626,0.103,0.577,0.472,0.438,0.387,0.52,0.06,0.332,0.721,0.56,0.419,0.635,0.561,0.592,0.576,0.202
2015-03-29 16:00:00,0.731,0.576,0.732,0.543,0.505,0.587,0.084,0.594,0.47,0.397,0.289,0.61,0.034,0.279,0.669,0.643,0.367,0.574,0.581,0.623,0.563,0.204
2015-03-29 17:00:00,0.765,0.565,0.775,0.569,0.63,0.592,0.174,0.643,0.562,0.422,0.351,0.674,0.056,0.407,0.671,0.737,0.423,0.593,0.604,0.601,0.577,0.219
2015-03-29 18:00:00,0.801,0.59,0.812,0.586,0.724,0.612,0.352,0.657,0.637,0.455,0.426,0.738,0.196,0.576,0.64,0.786,0.487,0.619,0.614,0.548,0.552,0.296
2015-03-29 19:00:00,0.827,0.645,0.838,0.616,0.722,0.609,0.479,0.712,0.705,0.473,0.483,0.767,0.328,0.675,0.625,0.837,0.515,0.644,0.618,0.608,0.519,0.375
2015-03-29 20:00:00,0.845,0.687,0.851,0.666,0.775,0.586,0.541,0.796,0.75,0.51,0.542,0.76,0.349,0.738,0.646,0.866,0.552,0.688,0.676,0.709,0.494,0.457
2015-03-29 21:00:00,0.87,0.719,0.862,0.728,0.833,0.66,0.565,0.869,0.79,0.571,0.6,0.801,0.408,0.783,0.675,0.89,0.603,0.738,0.764,0.791,0.461,0.486
2015-03-29 22:00:00,0.886,0.765,0.868,0.795,0.917,0.739,0.582,0.932,0.85,0.637,0.71,0.847,0.487,0.848,0.697,0.908,0.642,0.797,0.859,0.856,0.416,0.475
2015-03-29 23:00:00,0.9,0.795,0.88,0.827,0.94,0.796,0.586,0.949,0.837,0.677,0.737,0.902,0.589,0.851,0.741,0.919,0.707,0.791,0.915,0.863,0.377,0.458
2015-03-30 00:00:00,0.904,0.805,0.884,0.862,0.942,0.884,0.613,0.977,0.875,0.712,0.757,0.934,0.722,0.87,0.79,0.956,0.744,0.792,0.933,0.898,0.336,0.52
2015-03-30 01:00:00,0.907,0.814,0.886,0.9,0.947,0.935,0.655,0.998,0.924,0.784,0.805,0.952,0.812,0.885,0.854,0.979,0.809,0.822,0.944,0.946,0.279,0.632
2015-03-30 02:00:00,0.912,0.815,0.888,0.932,0.982,0.956,0.72,0.999,0.952,0.861,0.851,0.97,0.9,0.887,0.885,0.992,0.885,0.86,0.974,0.977,0.233,0.697
2015-03-30 03:00:00,0.912,0.824,0.889,0.959,0.987,0.977,0.816,0.998,0.968,0.905,0.9,0.986,0.938,0.893,0.918,0.997,0.937,0.907,0.996,0.994,0.196,0.708
2015-03-30 04:00:00,0.906,0.82,0.895,0.97,0.973,0.994,0.876,0.997,0.986,0.923,0.929,0.947,0.954,0.908,0.938,0.989,0.956,0.93,0.998,0.998,0.187,0.745
2015-03-30 05:00:00,0.889,0.811,0.898,0.977,0.965,0.997,0.91,0.996,0.992,0.923,0.951,0.883,0.977,0.923,0.972,0.941,0.976,0.947,0.996,0.998,0.188,0.717
2015-03-30 06:00:00,0.85,0.808,0.902,0.981,0.962,0.997,0.947,0.996,0.991,0.9,0.97,0.823,0.988,0.922,0.992,0.876,0.985,0.963,0.997,0.999,0.19,0.632
2015-03-30 07:00:00,0.806,0.804,0.905,0.976,0.91,0.998,0.973,0.956,0.977,0.838,0.984,0.719,0.982,0.936,0.996,0.841,0.954,0.968,0.994,0.993,0.201,0.557
2015-03-30 08:00:00,0.813,0.802,0.908,0.981,0.978,0.994,0.963,0.959,0.993,0.82,0.986,0.9,0.944,0.97,0.991,0.93,0.932,0.977,0.99,0.981,0.227,0.504
2015-03-30 09:00:00,0.871,0.807,0.904,0.969,0.969,0.986,0.91,0.968,0.982,0.836,0.975,0.896,0.882,0.973,0.977,0.918,0.914,0.978,0.98,0.975,0.262,0.461
2015-03-30 10:00:00,0.879,0.81,0.895,0.929,0.921,0.951,0.764,0.956,0.868,0.688,0.902,0.849,0.774,0.893,0.995,0.785,0.751,0.948,0.926,0.978,0.275,0.43
2015-03-30 11:00:00,0.85,0.769,0.886,0.938,0.956,0.974,0.699,0.968,0.881,0.708,0.879,0.872,0.734,0.866,0.993,0.874,0.71,0.939,0.963,0.971,0.314,0.382
2015-03-30 12:00:00,0.875,0.794,0.888,0.936,0.953,0.984,0.611,0.971,0.94,0.753,0.849,0.93,0.689,0.857,0.997,0.943,0.775,0.937,0.964,0.96,0.319,0.458
2015-03-30 13:00:00,0.9,0.818,0.88,0.938,0.948,0.964,0.586,0.982,0.947,0.806,0.891,0.92,0.685,0.85,0.996,0.942,0.887,0.961,0.963,0.96,0.323,0.649
2015-03-30 14:00:00,0.906,0.839,0.89,0.947,0.977,0.977,0.657,0.971,0.928,0.884,0.905,0.892,0.689,0.881,0.993,0.893,0.895,0.98,0.973,0.973,0.319,0.839
2015-03-30 15:00:00,0.906,0.848,0.917,0.936,0.968,0.94,0.688,0.989,0.914,0.85,0.812,0.919,0.72,0.817,0.997,0.876,0.841,0.971,0.957,0.984,0.308,0.9
2015-03-30 16:00:00,0.907,0.846,0.93,0.917,0.948,0.9,0.531,0.974,0.936,0.769,0.738,0.832,0.78,0.653,0.997,0.931,0.753,0.945,0.951,0.989,0.292,0.773
2015-03-30 17:00:00,0.896,0.833,0.932,0.909,0.978,0.888,0.455,0.977,0.874,0.782,0.769,0.837,0.812,0.62,0.991,0.82,0.829,0.932,0.949,0.986,0.287,0.74
2015-03-30 18:00:00,0.889,0.791,0.931,0.913,0.956,0.905,0.582,0.985,0.855,0.789,0.761,0.884,0.674,0.686,0.992,0.823,0.845,0.931,0.947,0.989,0.289,0.796
2015-03-30 19:00:00,0.881,0.717,0.931,0.925,0.953,0.925,0.645,0.98,0.877,0.818,0.778,0.88,0.675,0.725,0.994,0.832,0.881,0.944,0.966,0.99,0.301,0.719
2015-03-30 20:00:00,0.877,0.642,0.931,0.934,0.952,0.945,0.675,0.97,0.901,0.805,0.813,0.88,0.714,0.772,0.995,0.852,0.883,0.955,0.967,0.988,0.303,0.674
2015-03-30 21:00:00,0.848,0.591,0.932,0.936,0.938,0.941,0.714,0.959,0.914,0.823,0.839,0.863,0.778,0.804,0.994,0.844,0.895,0.961,0.963,0.982,0.297,0.661
2015-03-30 22:00:00,0.836,0.556,0.932,0.933,0.929,0.938,0.698,0.955,0.922,0.81,0.855,0.841,0.757,0.814,0.99,0.845,0.89,0.959,0.96,0.974,0.285,0.643
2015-03-30 23:00:00,0.819,0.609,0.93,0.921,0.908,0.926,0.657,0.952,0.901,0.806,0.832,0.805,0.727,0.788,0.983,0.809,0.863,0.941,0.954,0.977,0.293,0.655
2015-03-31 00:00:00,0.765,0.598,0.928,0.912,0.892,0.951,0.635,0.888,0.913,0.764,0.833,0.806,0.709,0.789,0.984,0.805,0.842,0.936,0.952,0.935,0.303,0.622
2015-03-31 01:00:00,0.688,0.596,0.923,0.876,0.764,0.918,0.64,0.757,0.92,0.753,0.863,0.725,0.712,0.814,0.979,0.8,0.86,0.943,0.898,0.853,0.304,0.6
2015-03-31 02:00:00,0.62,0.619,0.915,0.796,0.583,0.854,0.687,0.615,0.88,0.735,0.86,0.556,0.744,0.837,0.952,0.722,0.859,0.93,0.743,0.739,0.292,0.567
2015-03-31 03:00:00,0.574,0.652,0.911,0.698,0.43,0.685,0.697,0.539,0.738,0.647,0.795,0.381,0.735,0.815,0.859,0.545,0.797,0.888,0.579,0.717,0.282,0.46
2015-03-31 04:00:00,0.547,0.696,0.898,0.639,0.427,0.614,0.621,0.549,0.622,0.523,0.65,0.357,0.641,0.736,0.775,0.477,0.636,0.767,0.543,0.707,0.279,0.297
2015-03-31 05:00:00,0.603,0.732,0.867,0.607,0.52,0.632,0.466,0.595,0.599,0.486,0.536,0.449,0.485,0.585,0.764,0.532,0.544,0.648,0.527,0.667,0.264,0.113
2015-03-31 06:00:00,0.704,0.755,0.795,0.609,0.723,0.51,0.466,0.726,0.54,0.428,0.505,0.639,0.35,0.528,0.656,0.651,0.441,0.597,0.606,0.703,0.255,0.06
2015-03-31 07:00:00,0.834,0.757,0.754,0.655,0.872,0.524,0.581,0.893,0.544,0.35,0.551,0.789,0.51,0.543,0.608,0.689,0.442,0.599,0.656,0.795,0.249,0.145
2015-03-31 08:00:00,0.888,0.784,0.814,0.754,0.968,0.645,0.456,0.963,0.727,0.438,0.489,0.929,0.362,0.48,0.743,0.823,0.492,0.499,0.833,0.953,0.219,0.398
2015-03-31 09:00:00,0.905,0.796,0.749,0.837,0.992,0.788,0.496,0.925,0.818,0.59,0.655,0.994,0.546,0.425,0.84,0.924,0.673,0.604,0.946,0.955,0.179,0.707
2015-03-31 10:00:00,0.899,0.803,0.586,0.84,0.967,0.901,0.608,0.772,0.942,0.517,0.72,0.996,0.675,0.484,0.803,0.946,0.673,0.613,0.931,0.895,0.159,0.893
2015-03-31 11:00:00,0.884,0.837,0.302,0.878,0.952,0.946,0.813,0.834,0.956,0.634,0.837,0.995,0.942,0.695,0.875,0.979,0.791,0.747,0.925,0.83,0.167,0.773
2015-03-31 12:00:00,0.876,0.829,0.234,0.882,0.9,0.928,0.893,0.88,0.953,0.707,0.849,0.969,0.949,0.825,0.925,0.966,0.778,0.827,0.894,0.809,0.166,0.883
2015-03-31 13:00:00,0.875,0.834,0.239,0.864,0.965,0.84,0.882,0.94,0.96,0.786,0.838,0.922,0.959,0.913,0.877,0.963,0.762,0.857,0.828,0.846,0.163,0.754
2015-03-31 14:00:00,0.879,0.837,0.294,0.864,0.969,0.736,0.847,0.993,0.911,0.852,0.815,0.91,0.92,0.75,0.886,0.983,0.799,0.819,0.884,0.868,0.162,0.627
2015-03-31 15:00:00,0.897,0.845,0.365,0.892,0.992,0.756,0.882,0.999,0.874,0.923,0.855,0.875,0.981,0.558,0.839,0.951,0.939,0.767,0.983,0.935,0.137,0.71
2015-03-31 16:00:00,0.89,0.849,0.39,0.884,0.993,0.889,0.878,1.0,0.91,0.893,0.788,0.921,0.988,0.738,0.659,0.921,0.951,0.782,0.994,0.947,0.12,0.742
2015-03-31 17:00:00,0.899,0.844,0.35,0.868,0.994,0.955,0.851,1.0,0.976,0.862,0.731,0.958,0.979,0.761,0.54,0.951,0.942,0.69,0.996,0.961,0.099,0.745
2015-03-31 18:00:00,0.909,0.848,0.362,0.87,0.998,0.983,0.843,0.999,0.993,0.868,0.752,0.976,0.973,0.682,0.538,0.97,0.961,0.623,0.999,0.972,0.1,0.724
2015-03-31 19:00:00,0.914,0.846,0.386,0.885,0.999,0.992,0.891,0.997,0.998,0.894,0.847,0.991,0.966,0.6,0.592,0.984,0.975,0.618,1.0,0.975,0.13,0.802
2015-03-31 20:00:00,0.914,0.849,0.478,0.898,0.998,0.996,0.945,0.995,0.999,0.927,0.925,0.996,0.963,0.604,0.642,0.994,0.985,0.617,0.999,0.965,0.15,0.85
2015-03-31 21:00:00,0.914,0.847,0.555,0.911,0.998,0.996,0.979,0.996,1.0,0.957,0.965,0.997,0.947,0.708,0.668,0.995,0.993,0.641,0.998,0.974,0.163,0.863
2015-03-31 22:00:00,0.915,0.838,0.623,0.92,0.999,0.99,0.965,1.0,0.999,0.953,0.96,0.998,0.937,0.804,0.693,0.996,0.996,0.684,0.999,0.985,0.171,0.861
2015-03-31 23:00:00,0.915,0.806,0.638,0.932,0.998,0.991,0.961,0.999,1.0,0.977,0.957,0.995,0.927,0.851,0.769,0.994,0.997,0.71,0.998,0.974,0.177,0.853
2015-04-01 00:00:00,0.912,0.784,0.601,0.93,0.998,0.991,0.969,0.996,1.0,0.978,0.964,0.993,0.963,0.849,0.81,0.99,0.999,0.694,0.998,0.932,0.161,0.853
2015-04-01 01:00:00,0.911,0.782,0.524,0.939,0.996,0.994,0.984,0.991,1.0,0.975,0.969,0.991,0.964,0.857,0.898,0.99,0.999,0.699,0.996,0.907,0.158,0.851
2015-04-01 02:00:00,0.911,0.784,0.474,0.942,0.996,0.992,0.988,0.989,1.0,0.973,0.97,0.986,0.954,0.852,0.926,0.989,1.0,0.73,0.988,0.902,0.16,0.841
2015-04-01 03:00:00,0.911,0.782,0.422,0.934,0.996,0.98,0.99,0.984,1.0,0.97,0.967,0.987,0.94,0.819,0.902,0.991,0.999,0.751,0.973,0.902,0.167,0.858
2015-04-01 04:00:00,0.911,0.777,0.368,0.926,0.996,0.952,0.991,0.978,0.999,0.968,0.974,0.987,0.922,0.775,0.886,0.99,0.999,0.802,0.954,0.897,0.181,0.85
2015-04-01 05:00:00,0.912,0.776,0.339,0.919,0.994,0.904,0.991,0.975,0.997,0.963,0.981,0.984,0.925,0.781,0.863,0.987,0.999,0.88,0.932,0.901,0.195,0.847
2015-04-01 06:00:00,0.912,0.781,0.349,0.935,0.992,0.877,0.988,0.977,0.991,0.911,0.985,0.977,0.933,0.901,0.872,0.975,0.997,0.933,0.951,0.934,0.198,0.853
2015-04-01 07:00:00,0.912,0.789,0.36,0.947,0.977,0.885,0.98,0.968,0.965,0.931,0.946,0.965,0.967,0.949,0.889,0.976,0.994,0.96,0.979,0.954,0.188,0.859
2015-04-01 08:00:00,0.908,0.771,0.363,0.931,0.979,0.891,0.97,0.928,0.947,0.934,0.912,0.984,0.948,0.979,0.852,0.983,0.982,0.926,0.985,0.912,0.169,0.848
2015-04-01 09:00:00,0.902,0.769,0.371,0.911,0.971,0.892,0.941,0.913,0.955,0.928,0.918,0.984,0.935,0.975,0.856,0.972,0.973,0.883,0.933,0.892,0.159,0.878
2015-04-01 10:00:00,0.9,0.767,0.401,0.863,0.932,0.842,0.856,0.907,0.906,0.837,0.855,0.906,0.841,0.94,0.84,0.86,0.913,0.82,0.867,0.868,0.153,0.9
2015-04-01 11:00:00,0.877,0.73,0.36,0.894,0.946,0.896,0.853,0.926,0.922,0.861,0.877,0.919,0.875,0.949,0.893,0.904,0.929,0.848,0.907,0.88,0.172,0.806
2015-04-01 12:00:00,0.886,0.768,0.413,0.914,0.958,0.919,0.867,0.957,0.943,0.876,0.895,0.931,0.896,0.94,0.904,0.925,0.948,0.866,0.925,0.916,0.185,0.804
2015-04-01 13:00:00,0.892,0.79,0.491,0.925,0.963,0.919,0.887,0.989,0.959,0.87,0.908,0.938,0.881,0.923,0.909,0.928,0.943,0.879,0.937,0.94,0.214,0.814
2015-04-01 14:00:00,0.897,0.796,0.556,0.919,0.974,0.899,0.899,0.989,0.962,0.864,0.9,0.941,0.899,0.897,0.874,0.944,0.937,0.845,0.957,0.927,0.211,0.859
2015-04-01 15:00:00,0.9,0.797,0.606,0.899,0.989,0.861,0.912,0.989,0.965,0.849,0.901,0.947,0.902,0.832,0.802,0.923,0.939,0.782,0.934,0.95,0.225,0.814
2015-04-01 16:00:00,0.889,0.783,0.624,0.923,0.995,0.831,0.962,0.987,0.978,0.876,0.941,0.98,0.911,0.857,0.803,0.965,0.972,0.804,0.984,0.981,0.246,0.774
2015-04-01 17:00:00,0.898,0.755,0.613,0.916,0.98,0.903,0.916,0.949,0.909,0.897,0.867,0.943,0.926,0.862,0.806,0.943,0.96,0.734,0.99,0.975,0.253,0.806
2015-04-01 18:00:00,0.892,0.754,0.609,0.902,0.951,0.932,0.859,0.923,0.943,0.879,0.787,0.945,0.855,0.828,0.823,0.921,0.924,0.711,0.971,0.964,0.283,0.872
2015-04-01 19:00:00,0.873,0.717,0.613,0.901,0.909,0.957,0.764,0.904,0.972,0.877,0.77,0.901,0.793,0.775,0.882,0.923,0.928,0.699,0.963,0.96,0.303,0.807
2015-04-01 20:00:00,0.865,0.666,0.599,0.905,0.887,0.962,0.774,0.886,0.978,0.882,0.803,0.842,0.799,0.745,0.913,0.885,0.957,0.748,0.946,0.962,0.306,0.745
2015-04-01 21:00:00,0.862,0.638,0.608,0.908,0.88,0.95,0.836,0.875,0.971,0.843,0.835,0.81,0.902,0.748,0.92,0.857,0.954,0.786,0.939,0.955,0.295,0.716
2015-04-01 22:00:00,0.863,0.63,0.626,0.914,0.872,0.956,0.866,0.857,0.973,0.851,0.829,0.866,0.902,0.76,0.933,0.893,0.952,0.81,0.949,0.94,0.283,0.693
2015-04-01 23:00:00,0.857,0.61,0.569,0.91,0.84,0.959,0.875,0.845,0.964,0.853,0.853,0.804,0.894,0.724,0.954,0.885,0.954,0.807,0.943,0.921,0.268,0.645
2015-04-02 00:00:00,0.833,0.599,0.585,0.903,0.808,0.961,0.915,0.817,0.955,0.853,0.889,0.763,0.9,0.711,0.963,0.849,0.959,0.827,0.93,0.886,0.263,0.624
2015-04-02 01:00:00,0.785,0.59,0.588,0.876,0.755,0.953,0.926,0.723,0.949,0.836,0.923,0.672,0.91,0.753,0.961,0.808,0.949,0.857,0.902,0.785,0.262,0.617
2015-04-02 02:00:00,0.776,0.591,0.589,0.84,0.708,0.937,0.92,0.645,0.93,0.798,0.936,0.594,0.898,0.813,0.957,0.738,0.932,0.883,0.846,0.696,0.247,0.636
2015-04-02 03:00:00,0.783,0.573,0.583,0.798,0.695,0.878,0.918,0.627,0.892,0.721,0.937,0.562,0.869,0.857,0.929,0.666,0.872,0.901,0.763,0.648,0.243,0.621
2015-04-02 04:00:00,0.79,0.553,0.576,0.76,0.676,0.804,0.899,0.565,0.839,0.653,0.925,0.664,0.837,0.891,0.888,0.651,0.82,0.908,0.727,0.578,0.24,0.553
2015-04-02 05:00:00,0.809,0.538,0.568,0.677,0.607,0.728,0.861,0.486,0.788,0.61,0.888,0.607,0.777,0.896,0.835,0.674,0.766,0.883,0.593,0.439,0.241,0.486
2015-04-02 06:00:00,0.785,0.52,0.56,0.571,0.551,0.482,0.814,0.435,0.761,0.61,0.807,0.526,0.722,0.863,0.732,0.525,0.762,0.839,0.46,0.355,0.239,0.421
2015-04-02 07:00:00,0.807,0.511,0.606,0.566,0.486,0.534,0.92,0.371,0.761,0.834,0.944,0.453,0.865,0.969,0.721,0.612,0.904,0.874,0.431,0.243,0.219,0.326
2015-04-02 08:00:00,0.81,0.52,0.62,0.504,0.505,0.338,0.874,0.461,0.61,0.79,0.813,0.532,0.804,0.922,0.567,0.681,0.801,0.785,0.346,0.319,0.166,0.348
2015-04-02 09:00:00,0.808,0.503,0.579,0.424,0.541,0.198,0.745,0.503,0.478,0.733,0.622,0.549,0.564,0.78,0.38,0.71,0.691,0.628,0.258,0.403,0.146,0.552
2015-04-02 10:00:00,0.794,0.488,0.597,0.253,0.429,0.065,0.412,0.253,0.199,0.584,0.378,0.488,0.321,0.454,0.279,0.545,0.562,0.408,0.062,0.285,0.157,0.782
2015-04-02 11:00:00,0.795,0.45,0.511,0.26,0.428,0.046,0.365,0.268,0.165,0.567,0.301,0.556,0.399,0.454,0.27,0.55,0.51,0.369,0.108,0.318,0.168,0.679
2015-04-02 12:00:00,0.793,0.481,0.531,0.297,0.537,0.052,0.322,0.341,0.135,0.604,0.213,0.536,0.5,0.459,0.295,0.554,0.497,0.362,0.203,0.38,0.175,0.758
2015-04-02 13:00:00,0.728,0.553,0.581,0.333,0.667,0.095,0.298,0.45,0.074,0.329,0.138,0.607,0.518,0.362,0.337,0.51,0.276,0.329,0.316,0.412,0.202,0.844
2015-04-02 14:00:00,0.75,0.615,0.663,0.385,0.779,0.206,0.19,0.558,0.108,0.251,0.088,0.796,0.444,0.267,0.41,0.569,0.166,0.312,0.432,0.447,0.229,0.863
2015-04-02 15:00:00,0.764,0.656,0.743,0.43,0.791,0.357,0.122,0.662,0.191,0.31,0.063,0.934,0.359,0.195,0.41,0.761,0.183,0.307,0.484,0.517,0.257,0.867
2015-04-02 16:00:00,0.844,0.67,0.75,0.451,0.771,0.383,0.074,0.593,0.296,0.537,0.073,0.94,0.342,0.118,0.404,0.929,0.305,0.316,0.515,0.554,0.26,0.858
2015-04-02 17:00:00,0.846,0.664,0.71,0.445,0.753,0.378,0.041,0.601,0.445,0.829,0.15,0.893,0.228,0.135,0.395,0.906,0.496,0.281,0.483,0.559,0.251,0.851
2015-04-02 18:00:00,0.823,0.627,0.638,0.459,0.767,0.365,0.03,0.641,0.502,0.846,0.212,0.827,0.197,0.185,0.408,0.845,0.54,0.294,0.507,0.58,0.283,0.848
2015-04-02 19:00:00,0.813,0.572,0.574,0.481,0.789,0.425,0.035,0.643,0.496,0.856,0.271,0.826,0.251,0.202,0.396,0.832,0.608,0.34,0.562,0.562,0.323,0.845
2015-04-02 20:00:00,0.825,0.527,0.536,0.512,0.773,0.501,0.102,0.649,0.53,0.895,0.322,0.821,0.478,0.211,0.391,0.847,0.704,0.374,0.592,0.577,0.348,0.815
2015-04-02 21:00:00,0.84,0.482,0.48,0.545,0.771,0.546,0.211,0.688,0.603,0.905,0.367,0.79,0.611,0.24,0.42,0.805,0.792,0.386,0.617,0.614,0.366,0.821
2015-04-02 22:00:00,0.843,0.45,0.425,0.515,0.776,0.526,0.376,0.661,0.506,0.777,0.386,0.743,0.733,0.247,0.43,0.66,0.734,0.407,0.574,0.501,0.374,0.856
2015-04-02 23:00:00,0.852,0.436,0.371,0.556,0.764,0.548,0.478,0.749,0.56,0.763,0.467,0.721,0.839,0.298,0.429,0.656,0.765,0.401,0.618,0.58,0.43,0.919
2015-05-21 00:00:00,0.195,0.114,0.409,0.177,0.17,0.137,0.08,0.136,0.342,0.249,0.403,0.226,0.102,0.232,0.204,0.328,0.365,0.377,0.116,0.075,0.198,0.257
2015-05-21 01:00:00,0.2,0.125,0.417,0.182,0.256,0.141,0.122,0.126,0.303,0.187,0.413,0.218,0.145,0.245,0.166,0.303,0.309,0.377,0.155,0.062,0.186,0.257
2015-05-21 02:00:00,0.199,0.129,0.421,0.19,0.305,0.152,0.162,0.161,0.273,0.136,0.374,0.23,0.176,0.282,0.178,0.282,0.215,0.401,0.164,0.065,0.184,0.265
2015-05-21 03:00:00,0.237,0.126,0.465,0.189,0.292,0.128,0.158,0.209,0.273,0.124,0.34,0.253,0.095,0.287,0.195,0.29,0.184,0.405,0.13,0.116,0.182,0.246
2015-05-21 04:00:00,0.254,0.124,0.506,0.169,0.236,0.101,0.122,0.22,0.257,0.151,0.335,0.237,0.048,0.272,0.148,0.295,0.191,0.408,0.089,0.135,0.181,0.257
2015-05-21 05:00:00,0.223,0.122,0.504,0.136,0.165,0.07,0.105,0.143,0.195,0.177,0.314,0.199,0.048,0.254,0.097,0.311,0.208,0.413,0.051,0.1,0.164,0.257
2015-05-21 06:00:00,0.193,0.112,0.486,0.111,0.075,0.051,0.135,0.064,0.153,0.184,0.28,0.153,0.073,0.216,0.061,0.281,0.224,0.411,0.032,0.072,0.14,0.224
2015-05-21 07:00:00,0.189,0.081,0.462,0.106,0.062,0.039,0.156,0.049,0.144,0.173,0.29,0.159,0.109,0.222,0.042,0.271,0.217,0.403,0.026,0.069,0.121,0.201
2015-05-21 08:00:00,0.188,0.087,0.41,0.101,0.064,0.025,0.167,0.057,0.139,0.161,0.298,0.167,0.151,0.241,0.037,0.235,0.208,0.361,0.022,0.068,0.103,0.23
2015-05-21 09:00:00,0.184,0.095,0.388,0.103,0.053,0.021,0.187,0.067,0.191,0.141,0.319,0.127,0.16,0.274,0.044,0.223,0.197,0.32,0.025,0.072,0.108,0.263
2015-05-21 10:00:00,0.191,0.108,0.404,0.103,0.058,0.039,0.188,0.059,0.131,0.147,0.23,0.118,0.158,0.34,0.051,0.257,0.209,0.355,0.027,0.063,0.11,0.296
2015-05-21 11:00:00,0.182,0.082,0.393,0.104,0.044,0.054,0.183,0.056,0.138,0.13,0.256,0.089,0.135,0.368,0.054,0.212,0.174,0.311,0.03,0.077,0.102,0.231
2015-05-21 12:00:00,0.194,0.094,0.379,0.095,0.045,0.042,0.132,0.044,0.129,0.157,0.228,0.094,0.115,0.407,0.053,0.217,0.169,0.277,0.025,0.069,0.1,0.264
2015-05-21 13:00:00,0.224,0.104,0.328,0.093,0.059,0.037,0.126,0.042,0.166,0.147,0.235,0.104,0.138,0.381,0.047,0.233,0.198,0.258,0.031,0.054,0.102,0.262
2015-05-21 14:00:00,0.221,0.108,0.326,0.099,0.054,0.044,0.158,0.049,0.22,0.164,0.257,0.125,0.17,0.346,0.047,0.275,0.216,0.235,0.041,0.048,0.107,0.281
2015-05-21 15:00:00,0.215,0.112,0.32,0.094,0.054,0.03,0.206,0.044,0.198,0.155,0.235,0.151,0.213,0.305,0.058,0.248,0.207,0.209,0.032,0.043,0.111,0.34
2015-05-21 16:00:00,0.192,0.112,0.275,0.084,0.045,0.019,0.265,0.041,0.168,0.161,0.199,0.135,0.246,0.276,0.042,0.194,0.22,0.147,0.032,0.043,0.114,0.408
2015-05-21 17:00:00,0.191,0.104,0.221,0.078,0.026,0.02,0.295,0.066,0.108,0.156,0.152,0.107,0.28,0.228,0.038,0.184,0.218,0.097,0.043,0.045,0.119,0.476
2015-05-21 18:00:00,0.197,0.086,0.147,0.088,0.04,0.03,0.344,0.073,0.092,0.169,0.155,0.088,0.339,0.201,0.062,0.175,0.231,0.095,0.052,0.049,0.119,0.517
2015-05-21 19:00:00,0.215,0.063,0.12,0.11,0.102,0.068,0.388,0.083,0.111,0.175,0.172,0.096,0.377,0.207,0.077,0.181,0.249,0.116,0.091,0.048,0.116,0.55
2015-05-21 20:00:00,0.234,0.059,0.123,0.12,0.174,0.104,0.406,0.087,0.118,0.174,0.184,0.117,0.349,0.213,0.055,0.194,0.274,0.122,0.121,0.038,0.133,0.546
2015-05-21 21:00:00,0.268,0.058,0.107,0.129,0.23,0.133,0.428,0.093,0.141,0.187,0.181,0.157,0.324,0.198,0.043,0.184,0.299,0.127,0.145,0.037,0.164,0.54
2015-05-21 22:00:00,0.29,0.061,0.092,0.123,0.182,0.141,0.419,0.134,0.092,0.135,0.139,0.168,0.264,0.147,0.04,0.165,0.254,0.116,0.144,0.05,0.188,0.524
2015-05-21 23:00:00,0.27,0.071,0.083,0.123,0.23,0.105,0.426,0.102,0.093,0.187,0.168,0.243,0.264,0.18,0.036,0.188,0.262,0.112,0.135,0.052,0.221,0.572
2015-05-22 00:00:00,0.326,0.078,0.076,0.118,0.225,0.075,0.418,0.091,0.112,0.248,0.184,0.27,0.242,0.233,0.038,0.226,0.379,0.097,0.113,0.049,0.231,0.575
2015-05-22 01:00:00,0.316,0.077,0.065,0.115,0.159,0.069,0.441,0.085,0.147,0.251,0.199,0.293,0.234,0.259,0.037,0.259,0.402,0.075,0.097,0.049,0.233,0.596
2015-05-22 02:00:00,0.317,0.07,0.051,0.109,0.138,0.057,0.457,0.068,0.16,0.285,0.202,0.324,0.286,0.247,0.035,0.299,0.369,0.056,0.071,0.049,0.24,0.626
2015-05-22 03:00:00,0.329,0.065,0.046,0.109,0.177,0.051,0.458,0.072,0.156,0.323,0.199,0.315,0.377,0.232,0.039,0.299,0.395,0.049,0.068,0.042,0.257,0.644
2015-05-22 04:00:00,0.335,0.064,0.048,0.106,0.193,0.05,0.452,0.067,0.116,0.323,0.177,0.256,0.401,0.213,0.045,0.255,0.397,0.047,0.064,0.049,0.285,0.679
2015-05-22 05:00:00,0.32,0.061,0.049,0.091,0.148,0.031,0.457,0.066,0.067,0.31,0.143,0.165,0.39,0.204,0.043,0.201,0.406,0.026,0.046,0.055,0.304,0.685
2015-05-22 06:00:00,0.279,0.056,0.027,0.064,0.073,0.016,0.448,0.025,0.035,0.265,0.112,0.118,0.372,0.174,0.025,0.135,0.364,0.019,0.023,0.021,0.326,0.678
2015-05-22 07:00:00,0.232,0.041,0.019,0.065,0.068,0.02,0.434,0.021,0.048,0.188,0.109,0.137,0.332,0.158,0.028,0.134,0.269,0.02,0.031,0.025,0.362,0.673
2015-05-22 08:00:00,0.257,0.03,0.018,0.083,0.093,0.021,0.425,0.025,0.079,0.208,0.13,0.222,0.317,0.158,0.057,0.193,0.338,0.021,0.045,0.047,0.425,0.66
2015-05-22 09:00:00,0.321,0.034,0.028,0.09,0.112,0.016,0.429,0.025,0.113,0.261,0.156,0.259,0.271,0.183,0.061,0.262,0.397,0.022,0.038,0.057,0.522,0.618
2015-05-22 10:00:00,0.349,0.042,0.045,0.082,0.067,0.017,0.423,0.015,0.096,0.26,0.158,0.186,0.218,0.194,0.046,0.285,0.428,0.026,0.027,0.05,0.612,0.554
2015-05-22 11:00:00,0.28,0.035,0.061,0.082,0.058,0.019,0.392,0.015,0.08,0.292,0.13,0.179,0.176,0.157,0.063,0.293,0.384,0.031,0.024,0.068,0.666,0.542
2015-05-22 12:00:00,0.284,0.048,0.081,0.078,0.052,0.02,0.378,0.016,0.082,0.275,0.119,0.17,0.173,0.15,0.059,0.297,0.356,0.033,0.023,0.062,0.663,0.531
2015-05-22 13:00:00,0.286,0.052,0.092,0.078,0.051,0.022,0.38,0.019,0.086,0.316,0.124,0.197,0.186,0.163,0.049,0.345,0.344,0.031,0.023,0.052,0.616,0.451
2015-05-22 14:00:00,0.307,0.052,0.102,0.074,0.065,0.019,0.36,0.02,0.096,0.295,0.11,0.211,0.178,0.146,0.041,0.337,0.348,0.028,0.024,0.048,0.571,0.473
2015-05-22 15:00:00,0.309,0.052,0.109,0.066,0.061,0.018,0.316,0.025,0.101,0.215,0.094,0.202,0.204,0.115,0.033,0.268,0.311,0.026,0.029,0.035,0.53,0.496
2015-05-22 16:00:00,0.294,0.052,0.108,0.055,0.045,0.017,0.292,0.029,0.082,0.17,0.069,0.18,0.203,0.068,0.022,0.244,0.234,0.022,0.029,0.023,0.51,0.509
2015-05-22 17:00:00,0.29,0.05,0.103,0.048,0.043,0.015,0.235,0.03,0.076,0.166,0.053,0.18,0.177,0.047,0.014,0.24,0.186,0.018,0.031,0.017,0.488,0.508
2015-05-22 18:00:00,0.291,0.045,0.105,0.051,0.046,0.022,0.175,0.052,0.081,0.191,0.047,0.175,0.175,0.039,0.014,0.243,0.172,0.021,0.049,0.02,0.495,0.536
2015-05-22 19:00:00,0.278,0.05,0.126,0.059,0.052,0.041,0.147,0.079,0.099,0.196,0.044,0.162,0.184,0.037,0.014,0.225,0.202,0.033,0.07,0.026,0.493,0.512
2015-05-22 20:00:00,0.288,0.067,0.163,0.073,0.069,0.068,0.155,0.078,0.097,0.172,0.043,0.15,0.186,0.037,0.019,0.234,0.157,0.058,0.09,0.044,0.507,0.506
2015-05-22 21:00:00,0.283,0.08,0.174,0.09,0.09,0.086,0.17,0.086,0.099,0.15,0.034,0.177,0.176,0.034,0.041,0.229,0.129,0.084,0.11,0.074,0.524,0.479
2015-05-22 22:00:00,0.268,0.086,0.188,0.095,0.108,0.052,0.148,0.078,0.072,0.23,0.031,0.177,0.162,0.04,0.071,0.233,0.177,0.116,0.111,0.082,0.529,0.434
2015-05-22 23:00:00,0.255,0.072,0.221,0.103,0.086,0.031,0.135,0.058,0.06,0.207,0.029,0.133,0.215,0.036,0.136,0.222,0.181,0.135,0.088,0.118,0.493,0.391
2015-05-23 00:00:00,0.253,0.078,0.26,0.109,0.044,0.028,0.119,0.042,0.046,0.199,0.033,0.128,0.185,0.036,0.184,0.234,0.179,0.137,0.063,0.152,0.481,0.379
2015-05-23 01:00:00,0.271,0.08,0.308,0.117,0.031,0.027,0.119,0.037,0.055,0.183,0.042,0.14,0.153,0.049,0.219,0.242,0.186,0.181,0.041,0.18,0.471,0.409
2015-05-23 02:00:00,0.299,0.079,0.333,0.129,0.035,0.028,0.132,0.035,0.057,0.168,0.048,0.166,0.124,0.053,0.265,0.263,0.175,0.202,0.033,0.199,0.456,0.415
2015-05-23 03:00:00,0.336,0.076,0.374,0.144,0.031,0.035,0.14,0.034,0.066,0.195,0.054,0.194,0.143,0.052,0.323,0.316,0.176,0.187,0.03,0.222,0.474,0.385
2015-05-23 04:00:00,0.375,0.076,0.433,0.15,0.03,0.047,0.142,0.043,0.065,0.206,0.057,0.195,0.157,0.053,0.344,0.334,0.206,0.156,0.032,0.23,0.499,0.339
2015-05-23 05:00:00,0.383,0.073,0.445,0.13,0.033,0.044,0.118,0.04,0.066,0.265,0.046,0.202,0.133,0.043,0.292,0.367,0.244,0.116,0.031,0.184,0.521,0.29
2015-05-23 06:00:00,0.37,0.067,0.432,0.091,0.026,0.024,0.108,0.024,0.072,0.249,0.035,0.212,0.135,0.024,0.185,0.403,0.229,0.059,0.02,0.109,0.553,0.255
2015-05-23 07:00:00,0.328,0.053,0.342,0.084,0.033,0.018,0.123,0.014,0.084,0.228,0.05,0.227,0.141,0.024,0.17,0.387,0.236,0.062,0.016,0.082,0.601,0.233
2015-05-23 08:00:00,0.347,0.046,0.285,0.087,0.042,0.019,0.132,0.018,0.087,0.229,0.061,0.189,0.161,0.03,0.189,0.342,0.229,0.093,0.019,0.071,0.609,0.194
2015-05-23 09:00:00,0.424,0.049,0.309,0.092,0.051,0.025,0.152,0.031,0.107,0.222,0.076,0.205,0.198,0.034,0.173,0.351,0.245,0.111,0.029,0.062,0.619,0.172
2015-05-23 10:00:00,0.512,0.064,0.433,0.059,0.037,0.02,0.083,0.012,0.073,0.125,0.048,0.154,0.121,0.029,0.119,0.245,0.133,0.072,0.021,0.029,0.632,0.162
2015-05-23 11:00:00,0.409,0.056,0.363,0.067,0.048,0.025,0.085,0.021,0.075,0.112,0.046,0.2,0.122,0.019,0.143,0.238,0.123,0.073,0.022,0.045,0.621,0.106
2015-05-23 12:00:00,0.498,0.079,0.345,0.077,0.077,0.021,0.087,0.039,0.103,0.126,0.048,0.27,0.14,0.021,0.137,0.304,0.144,0.069,0.024,0.069,0.649,0.098
2015-05-23 13:00:00,0.558,0.098,0.315,0.091,0.096,0.031,0.069,0.064,0.133,0.116,0.052,0.294,0.122,0.029,0.138,0.296,0.155,0.066,0.036,0.116,0.663,0.092
2015-05-23 14:00:00,0.561,0.117,0.286,0.111,0.112,0.03,0.086,0.097,0.162,0.102,0.062,0.288,0.116,0.025,0.149,0.261,0.149,0.056,0.045,0.2,0.662,0.095
2015-05-23 15:00:00,0.542,0.135,0.228,0.129,0.103,0.03,0.105,0.122,0.146,0.065,0.055,0.255,0.096,0.027,0.164,0.181,0.109,0.068,0.052,0.288,0.645,0.103
2015-05-23 16:00:00,0.536,0.144,0.176,0.134,0.097,0.037,0.122,0.167,0.116,0.061,0.052,0.225,0.1,0.028,0.161,0.14,0.082,0.084,0.067,0.302,0.628,0.119
2015-05-23 17:00:00,0.492,0.14,0.127,0.134,0.095,0.077,0.108,0.224,0.088,0.078,0.065,0.183,0.131,0.039,0.133,0.165,0.102,0.103,0.089,0.26,0.592,0.127
2015-05-23 18:00:00,0.465,0.136,0.113,0.143,0.108,0.151,0.126,0.267,0.097,0.089,0.083,0.173,0.174,0.049,0.11,0.216,0.139,0.105,0.138,0.199,0.539,0.143
2015-05-23 19:00:00,0.416,0.126,0.098,0.16,0.103,0.172,0.176,0.328,0.116,0.09,0.11,0.17,0.176,0.063,0.11,0.256,0.154,0.092,0.175,0.203,0.491,0.131
2015-05-23 20:00:00,0.365,0.131,0.082,0.156,0.077,0.169,0.214,0.347,0.114,0.082,0.119,0.168,0.144,0.074,0.112,0.268,0.143,0.086,0.178,0.178,0.494,0.103
2015-05-23 21:00:00,0.319,0.137,0.078,0.14,0.049,0.167,0.207,0.327,0.106,0.085,0.108,0.144,0.098,0.071,0.105,0.239,0.145,0.082,0.158,0.15,0.502,0.08
2015-05-23 22:00:00,0.298,0.133,0.072,0.12,0.055,0.148,0.178,0.261,0.059,0.077,0.081,0.121,0.07,0.057,0.108,0.172,0.162,0.071,0.134,0.128,0.513,0.063
2015-05-23 23:00:00,0.22,0.104,0.082,0.117,0.032,0.158,0.193,0.249,0.041,0.076,0.065,0.069,0.061,0.051,0.119,0.126,0.181,0.071,0.132,0.124,0.551,0.081
2015-05-24 00:00:00,0.217,0.101,0.075,0.108,0.021,0.176,0.178,0.217,0.034,0.063,0.063,0.047,0.051,0.055,0.122,0.109,0.162,0.076,0.123,0.094,0.514,0.056
2015-05-24 01:00:00,0.199,0.09,0.059,0.106,0.019,0.173,0.163,0.203,0.039,0.067,0.077,0.066,0.057,0.068,0.129,0.124,0.136,0.087,0.127,0.065,0.488,0.049
2015-05-24 02:00:00,0.205,0.078,0.053,0.106,0.029,0.14,0.165,0.173,0.043,0.09,0.09,0.106,0.063,0.072,0.135,0.184,0.16,0.095,0.117,0.063,0.473,0.044
2015-05-24 03:00:00,0.222,0.065,0.046,0.105,0.042,0.13,0.177,0.153,0.046,0.104,0.093,0.115,0.078,0.065,0.108,0.212,0.18,0.094,0.115,0.074,0.451,0.044
2015-05-24 04:00:00,0.241,0.056,0.037,0.1,0.047,0.114,0.196,0.141,0.044,0.139,0.092,0.106,0.09,0.058,0.077,0.22,0.229,0.065,0.113,0.082,0.415,0.054
2015-05-24 05:00:00,0.256,0.048,0.02,0.071,0.038,0.061,0.207,0.099,0.035,0.166,0.065,0.111,0.102,0.031,0.04,0.236,0.249,0.031,0.079,0.046,0.326,0.063
2015-05-24 06:00:00,0.255,0.035,0.01,0.055,0.035,0.048,0.187,0.072,0.024,0.156,0.047,0.091,0.122,0.023,0.028,0.218,0.21,0.023,0.064,0.021,0.371,0.074
2015-05-24 07:00:00,0.243,0.021,0.01,0.046,0.031,0.033,0.186,0.059,0.022,0.132,0.035,0.082,0.129,0.02,0.029,0.174,0.174,0.017,0.042,0.025,0.352,0.084
2015-05-24 08:00:00,0.22,0.016,0.012,0.041,0.036,0.02,0.191,0.037,0.023,0.135,0.032,0.067,0.15,0.018,0.029,0.162,0.188,0.012,0.028,0.021,0.282,0.087
2015-05-24 09:00:00,0.231,0.013,0.016,0.038,0.041,0.011,0.166,0.019,0.032,0.154,0.03,0.087,0.134,0.015,0.033,0.175,0.191,0.01,0.018,0.022,0.249,0.09
2015-05-24 10:00:00,0.225,0.011,0.022,0.041,0.034,0.014,0.172,0.01,0.035,0.173,0.025,0.132,0.122,0.016,0.034,0.233,0.203,0.012,0.017,0.025,0.231,0.08
2015-05-24 11:00:00,0.24,0.008,0.03,0.037,0.033,0.01,0.166,0.007,0.025,0.146,0.024,0.134,0.118,0.023,0.03,0.201,0.162,0.013,0.012,0.025,0.176,0.107
2015-05-24 12:00:00,0.224,0.008,0.045,0.035,0.03,0.009,0.157,0.005,0.02,0.146,0.018,0.125,0.154,0.019,0.03,0.173,0.16,0.014,0.009,0.026,0.214,0.109
2015-05-24 13:00:00,0.194,0.009,0.059,0.033,0.024,0.007,0.159,0.004,0.013,0.135,0.018,0.089,0.153,0.017,0.038,0.145,0.15,0.015,0.007,0.026,0.231,0.134
2015-05-24 14:00:00,0.18,0.009,0.069,0.031,0.018,0.006,0.154,0.003,0.011,0.116,0.017,0.055,0.14,0.016,0.043,0.122,0.138,0.016,0.005,0.021,0.245,0.171
2015-05-24 15:00:00,0.167,0.01,0.066,0.028,0.018,0.005,0.131,0.003,0.011,0.096,0.015,0.056,0.17,0.013,0.042,0.119,0.116,0.015,0.004,0.016,0.251,0.214
2015-05-24 16:00:00,0.163,0.013,0.065,0.025,0.016,0.005,0.1,0.003,0.011,0.085,0.011,0.055,0.186,0.009,0.04,0.099,0.096,0.014,0.004,0.013,0.244,0.237
2015-05-24 17:00:00,0.158,0.015,0.062,0.025,0.014,0.005,0.08,0.005,0.015,0.08,0.011,0.041,0.215,0.01,0.043,0.08,0.105,0.017,0.005,0.012,0.216,0.263
2015-05-24 18:00:00,0.121,0.015,0.051,0.032,0.02,0.012,0.072,0.015,0.017,0.071,0.014,0.03,0.215,0.018,0.061,0.055,0.101,0.036,0.009,0.02,0.192,0.277
2015-05-24 19:00:00,0.086,0.016,0.057,0.045,0.031,0.024,0.073,0.044,0.026,0.095,0.025,0.027,0.178,0.041,0.079,0.053,0.121,0.077,0.021,0.034,0.187,0.302
2015-05-24 20:00:00,0.076,0.023,0.065,0.059,0.046,0.043,0.069,0.088,0.054,0.122,0.04,0.028,0.137,0.066,0.079,0.069,0.121,0.106,0.041,0.053,0.198,0.327
2015-05-24 21:00:00,0.074,0.031,0.066,0.074,0.058,0.08,0.081,0.113,0.067,0.102,0.041,0.023,0.137,0.066,0.082,0.07,0.075,0.116,0.065,0.07,0.216,0.312
2015-05-24 22:00:00,0.078,0.037,0.073,0.061,0.057,0.043,0.084,0.104,0.062,0.067,0.041,0.038,0.135,0.065,0.06,0.053,0.049,0.106,0.063,0.045,0.216,0.3
2015-05-24 23:00:00,0.114,0.047,0.096,0.068,0.045,0.042,0.112,0.093,0.044,0.082,0.031,0.052,0.191,0.074,0.054,0.064,0.077,0.118,0.058,0.083,0.192,0.326
2015-05-25 00:00:00,0.12,0.049,0.094,0.077,0.04,0.051,0.134,0.088,0.026,0.085,0.031,0.044,0.202,0.076,0.053,0.065,0.099,0.146,0.053,0.122,0.183,0.29
2015-05-25 01:00:00,0.108,0.054,0.094,0.082,0.027,0.078,0.145,0.072,0.014,0.091,0.036,0.043,0.22,0.078,0.057,0.072,0.113,0.183,0.037,0.134,0.168,0.31
2015-05-25 02:00:00,0.115,0.057,0.091,0.091,0.019,0.09,0.151,0.071,0.012,0.117,0.04,0.052,0.233,0.088,0.064,0.092,0.15,0.18,0.029,0.17,0.158,0.321
2015-05-25 03:00:00,0.128,0.059,0.098,0.103,0.016,0.083,0.16,0.074,0.015,0.131,0.054,0.05,0.217,0.12,0.07,0.107,0.176,0.177,0.023,0.228,0.151,0.321
2015-05-25 04:00:00,0.13,0.061,0.114,0.102,0.016,0.063,0.167,0.074,0.024,0.14,0.069,0.056,0.237,0.121,0.07,0.125,0.167,0.177,0.019,0.226,0.14,0.315
2015-05-25 05:00:00,0.137,0.062,0.122,0.087,0.014,0.049,0.134,0.069,0.033,0.156,0.061,0.069,0.277,0.075,0.055,0.146,0.173,0.132,0.025,0.177,0.125,0.285
2015-05-25 06:00:00,0.146,0.059,0.109,0.063,0.009,0.031,0.138,0.033,0.029,0.15,0.042,0.057,0.27,0.042,0.033,0.121,0.14,0.074,0.021,0.122,0.122,0.269
2015-05-25 07:00:00,0.13,0.053,0.084,0.05,0.008,0.018,0.164,0.022,0.04,0.185,0.055,0.048,0.27,0.051,0.026,0.107,0.169,0.059,0.017,0.065,0.12,0.254
2015-05-25 08:00:00,0.146,0.043,0.075,0.057,0.016,0.029,0.2,0.036,0.054,0.187,0.096,0.045,0.241,0.085,0.031,0.108,0.191,0.073,0.029,0.052,0.132,0.25
2015-05-25 09:00:00,0.131,0.047,0.093,0.066,0.017,0.052,0.212,0.049,0.064,0.179,0.13,0.051,0.224,0.117,0.046,0.125,0.185,0.075,0.033,0.049,0.148,0.239
2015-05-25 10:00:00,0.13,0.057,0.096,0.055,0.013,0.042,0.129,0.043,0.026,0.109,0.069,0.047,0.172,0.084,0.094,0.112,0.143,0.061,0.021,0.034,0.148,0.24
2015-05-25 11:00:00,0.12,0.054,0.072,0.061,0.017,0.032,0.182,0.059,0.038,0.081,0.085,0.054,0.165,0.088,0.117,0.096,0.098,0.065,0.02,0.04,0.111,0.203
2015-05-25 12:00:00,0.14,0.064,0.082,0.066,0.023,0.032,0.152,0.062,0.054,0.111,0.114,0.07,0.188,0.138,0.117,0.099,0.119,0.064,0.028,0.035,0.112,0.123
2015-05-25 13:00:00,0.139,0.076,0.08,0.061,0.024,0.035,0.113,0.059,0.079,0.154,0.115,0.05,0.114,0.117,0.104,0.099,0.139,0.071,0.033,0.027,0.109,0.117
2015-05-25 14:00:00,0.112,0.09,0.074,0.059,0.016,0.037,0.11,0.052,0.094,0.179,0.101,0.049,0.087,0.086,0.095,0.092,0.151,0.083,0.03,0.034,0.114,0.112
2015-05-25 15:00:00,0.101,0.106,0.075,0.057,0.012,0.041,0.085,0.039,0.094,0.127,0.089,0.041,0.078,0.081,0.085,0.064,0.108,0.081,0.025,0.056,0.106,0.127
2015-05-25 16:00:00,0.098,0.118,0.052,0.06,0.012,0.052,0.065,0.036,0.072,0.1,0.073,0.027,0.078,0.076,0.076,0.05,0.089,0.085,0.02,0.096,0.097,0.146
2015-05-25 17:00:00,0.088,0.126,0.026,0.076,0.01,0.093,0.088,0.041,0.076,0.061,0.061,0.03,0.12,0.086,0.104,0.054,0.059,0.094,0.021,0.126,0.095,0.168
2015-05-25 18:00:00,0.071,0.124,0.026,0.109,0.018,0.207,0.13,0.058,0.067,0.036,0.045,0.027,0.19,0.099,0.172,0.047,0.04,0.097,0.039,0.157,0.097,0.174
2015-05-25 19:00:00,0.084,0.114,0.035,0.158,0.058,0.306,0.19,0.086,0.057,0.029,0.056,0.023,0.235,0.136,0.251,0.034,0.05,0.092,0.099,0.202,0.097,0.164
2015-05-25 20:00:00,0.102,0.117,0.052,0.187,0.147,0.265,0.221,0.105,0.035,0.031,0.088,0.011,0.284,0.182,0.289,0.025,0.063,0.073,0.158,0.24,0.104,0.163
2015-05-25 21:00:00,0.115,0.117,0.065,0.183,0.161,0.22,0.18,0.147,0.031,0.043,0.116,0.012,0.301,0.223,0.259,0.025,0.086,0.074,0.146,0.26,0.108,0.17
2015-05-25 22:00:00,0.125,0.12,0.086,0.15,0.129,0.125,0.111,0.208,0.017,0.035,0.095,0.02,0.055,0.137,0.203,0.015,0.063,0.092,0.135,0.25,0.106,0.161
2015-05-25 23:00:00,0.158,0.124,0.145,0.143,0.143,0.046,0.103,0.229,0.014,0.035,0.093,0.066,0.034,0.135,0.154,0.026,0.061,0.084,0.152,0.266,0.098,0.164
2015-05-26 00:00:00,0.19,0.127,0.126,0.141,0.191,0.043,0.116,0.262,0.017,0.03,0.074,0.094,0.033,0.134,0.12,0.034,0.057,0.08,0.196,0.222,0.09,0.162
2015-05-26 01:00:00,0.234,0.129,0.097,0.149,0.157,0.066,0.128,0.34,0.022,0.019,0.061,0.098,0.024,0.142,0.112,0.034,0.046,0.072,0.233,0.217,0.086,0.155
2015-05-26 02:00:00,0.3,0.14,0.096,0.16,0.186,0.1,0.096,0.338,0.025,0.018,0.047,0.154,0.012,0.142,0.127,0.037,0.038,0.055,0.257,0.226,0.085,0.139
2015-05-26 03:00:00,0.32,0.149,0.115,0.188,0.278,0.143,0.069,0.315,0.03,0.029,0.035,0.218,0.01,0.113,0.176,0.048,0.046,0.043,0.331,0.222,0.08,0.135
2015-05-26 04:00:00,0.317,0.15,0.161,0.231,0.369,0.218,0.042,0.3,0.039,0.038,0.03,0.256,0.006,0.065,0.265,0.065,0.054,0.04,0.411,0.236,0.073,0.125
2015-05-26 05:00:00,0.319,0.14,0.192,0.238,0.411,0.253,0.011,0.291,0.04,0.034,0.023,0.315,0.005,0.031,0.319,0.079,0.041,0.04,0.406,0.216,0.066,0.127
2015-05-26 06:00:00,0.356,0.13,0.187,0.246,0.387,0.277,0.007,0.306,0.04,0.04,0.028,0.323,0.008,0.021,0.334,0.091,0.051,0.036,0.41,0.23,0.059,0.128
2015-05-26 07:00:00,0.414,0.122,0.17,0.243,0.404,0.29,0.009,0.276,0.095,0.063,0.057,0.365,0.01,0.016,0.324,0.146,0.077,0.052,0.36,0.238,0.066,0.12
2015-05-26 08:00:00,0.41,0.119,0.137,0.251,0.404,0.292,0.01,0.282,0.134,0.069,0.073,0.393,0.01,0.015,0.324,0.171,0.077,0.085,0.339,0.276,0.078,0.131
2015-05-26 09:00:00,0.429,0.137,0.107,0.281,0.464,0.32,0.011,0.34,0.16,0.06,0.067,0.45,0.012,0.013,0.359,0.226,0.085,0.137,0.383,0.291,0.094,0.155
2015-05-26 10:00:00,0.429,0.167,0.083,0.268,0.49,0.285,0.039,0.29,0.241,0.087,0.123,0.537,0.013,0.024,0.34,0.245,0.123,0.22,0.349,0.221,0.103,0.188
2015-05-26 11:00:00,0.44,0.154,0.057,0.292,0.46,0.336,0.035,0.285,0.313,0.077,0.157,0.501,0.019,0.022,0.37,0.273,0.11,0.313,0.359,0.243,0.094,0.32
2015-05-26 12:00:00,0.437,0.196,0.078,0.338,0.459,0.408,0.035,0.326,0.346,0.099,0.222,0.526,0.029,0.05,0.406,0.38,0.119,0.407,0.403,0.284,0.091,0.359
2015-05-26 13:00:00,0.471,0.237,0.121,0.381,0.47,0.445,0.042,0.35,0.394,0.168,0.294,0.574,0.057,0.129,0.432,0.521,0.173,0.449,0.47,0.295,0.101,0.387
2015-05-26 14:00:00,0.513,0.261,0.16,0.414,0.5,0.477,0.056,0.362,0.512,0.243,0.375,0.663,0.064,0.237,0.434,0.677,0.243,0.504,0.49,0.305,0.117,0.453
2015-05-26 15:00:00,0.547,0.283,0.175,0.439,0.455,0.473,0.105,0.394,0.647,0.364,0.477,0.712,0.109,0.359,0.432,0.769,0.387,0.559,0.495,0.316,0.126,0.485
2015-05-26 16:00:00,0.557,0.3,0.201,0.468,0.46,0.491,0.173,0.415,0.71,0.51,0.597,0.706,0.169,0.546,0.412,0.837,0.536,0.538,0.52,0.339,0.145,0.519
2015-05-26 17:00:00,0.552,0.315,0.229,0.466,0.464,0.5,0.236,0.404,0.753,0.647,0.699,0.711,0.143,0.652,0.361,0.872,0.665,0.517,0.521,0.296,0.158,0.603
2015-05-26 18:00:00,0.536,0.3,0.279,0.442,0.47,0.451,0.37,0.346,0.764,0.764,0.763,0.703,0.139,0.734,0.319,0.874,0.74,0.502,0.481,0.228,0.173,0.734
2015-05-26 19:00:00,0.501,0.252,0.328,0.441,0.49,0.439,0.521,0.325,0.75,0.823,0.802,0.693,0.262,0.781,0.328,0.85,0.834,0.49,0.447,0.204,0.173,0.79
2015-05-26 20:00:00,0.492,0.228,0.386,0.45,0.494,0.438,0.651,0.286,0.734,0.852,0.819,0.702,0.387,0.81,0.344,0.826,0.918,0.49,0.414,0.237,0.169,0.815
2015-05-26 21:00:00,0.493,0.217,0.43,0.457,0.471,0.418,0.683,0.253,0.729,0.847,0.825,0.719,0.424,0.882,0.357,0.814,0.962,0.503,0.383,0.291,0.176,0.846
2015-05-26 22:00:00,0.48,0.21,0.486,0.445,0.401,0.417,0.643,0.219,0.612,0.791,0.787,0.635,0.391,0.822,0.433,0.674,0.94,0.515,0.373,0.273,0.183,0.867
2015-05-26 23:00:00,0.403,0.216,0.459,0.507,0.451,0.478,0.771,0.31,0.624,0.782,0.776,0.649,0.508,0.83,0.532,0.657,0.941,0.557,0.427,0.358,0.21,0.87
2015-05-27 00:00:00,0.434,0.225,0.447,0.524,0.399,0.454,0.836,0.396,0.656,0.776,0.742,0.637,0.709,0.818,0.552,0.683,0.925,0.519,0.393,0.471,0.206,0.9
2015-05-27 01:00:00,0.469,0.235,0.4,0.517,0.356,0.454,0.881,0.372,0.667,0.757,0.707,0.621,0.874,0.822,0.509,0.699,0.907,0.46,0.357,0.517,0.202,0.911
2015-05-27 02:00:00,0.497,0.245,0.351,0.533,0.384,0.532,0.917,0.345,0.637,0.711,0.671,0.59,0.962,0.816,0.507,0.699,0.884,0.433,0.448,0.468,0.206,0.921
2015-05-27 03:00:00,0.493,0.242,0.326,0.541,0.413,0.531,0.926,0.399,0.566,0.676,0.629,0.524,0.964,0.728,0.529,0.655,0.856,0.403,0.512,0.463,0.216,0.927
2015-05-27 04:00:00,0.475,0.238,0.303,0.509,0.413,0.461,0.918,0.434,0.538,0.656,0.607,0.47,0.935,0.648,0.483,0.589,0.83,0.428,0.465,0.449,0.227,0.928
2015-05-27 05:00:00,0.482,0.224,0.272,0.486,0.374,0.413,0.886,0.419,0.457,0.62,0.556,0.416,0.899,0.668,0.458,0.477,0.803,0.487,0.427,0.466,0.238,0.923
2015-05-27 06:00:00,0.454,0.219,0.244,0.594,0.517,0.607,0.87,0.471,0.666,0.66,0.642,0.653,0.895,0.726,0.516,0.77,0.788,0.543,0.541,0.581,0.267,0.897
2015-05-27 07:00:00,0.54,0.248,0.243,0.593,0.553,0.556,0.877,0.441,0.699,0.717,0.631,0.698,0.9,0.687,0.531,0.815,0.791,0.549,0.542,0.569,0.299,0.905
2015-05-27 08:00:00,0.515,0.257,0.258,0.598,0.589,0.562,0.883,0.448,0.714,0.662,0.619,0.755,0.878,0.638,0.564,0.807,0.729,0.607,0.556,0.535,0.318,0.934
2015-05-27 09:00:00,0.567,0.243,0.321,0.609,0.602,0.571,0.863,0.459,0.702,0.651,0.63,0.765,0.838,0.657,0.604,0.803,0.686,0.637,0.563,0.541,0.329,0.938
2015-05-27 10:00:00,0.592,0.237,0.385,0.588,0.552,0.537,0.752,0.434,0.608,0.473,0.576,0.699,0.864,0.582,0.558,0.661,0.644,0.627,0.554,0.598,0.342,0.931
2015-05-27 11:00:00,0.613,0.185,0.41,0.585,0.526,0.498,0.705,0.449,0.646,0.573,0.523,0.677,0.835,0.569,0.551,0.75,0.664,0.646,0.562,0.601,0.339,0.909
2015-05-27 12:00:00,0.638,0.201,0.427,0.601,0.53,0.51,0.697,0.455,0.664,0.611,0.528,0.731,0.829,0.528,0.581,0.749,0.583,0.613,0.584,0.641,0.37,0.901
2015-05-27 13:00:00,0.633,0.216,0.417,0.63,0.563,0.603,0.704,0.506,0.642,0.632,0.548,0.744,0.796,0.645,0.629,0.735,0.573,0.582,0.635,0.641,0.396,0.895
2015-05-27 14:00:00,0.606,0.201,0.4,0.638,0.589,0.665,0.662,0.503,0.66,0.501,0.543,0.765,0.735,0.61,0.665,0.738,0.468,0.59,0.628,0.646,0.417,0.881
2015-05-27 15:00:00,0.577,0.184,0.4,0.624,0.568,0.687,0.602,0.479,0.625,0.42,0.531,0.751,0.667,0.609,0.686,0.709,0.409,0.587,0.628,0.591,0.436,0.875
2015-05-27 16:00:00,0.58,0.161,0.412,0.601,0.588,0.676,0.607,0.475,0.559,0.345,0.466,0.662,0.577,0.593,0.686,0.618,0.364,0.575,0.644,0.523,0.451,0.793
2015-05-27 17:00:00,0.524,0.124,0.404,0.55,0.509,0.615,0.574,0.424,0.511,0.31,0.446,0.49,0.492,0.601,0.643,0.524,0.338,0.514,0.62,0.446,0.419,0.652
2015-05-27 18:00:00,0.443,0.083,0.381,0.474,0.441,0.542,0.537,0.335,0.497,0.315,0.453,0.377,0.43,0.605,0.553,0.445,0.346,0.466,0.528,0.336,0.377,0.545
2015-05-27 19:00:00,0.322,0.062,0.355,0.399,0.368,0.434,0.511,0.22,0.472,0.345,0.44,0.342,0.393,0.588,0.478,0.406,0.382,0.411,0.4,0.279,0.337,0.47
2015-05-27 20:00:00,0.247,0.076,0.34,0.359,0.295,0.321,0.49,0.178,0.429,0.372,0.415,0.331,0.385,0.581,0.468,0.38,0.434,0.366,0.303,0.297,0.329,0.441
2015-05-27 21:00:00,0.182,0.112,0.349,0.34,0.243,0.258,0.476,0.187,0.382,0.379,0.389,0.319,0.393,0.556,0.478,0.348,0.471,0.342,0.26,0.312,0.332,0.405
2015-05-27 22:00:00,0.145,0.152,0.361,0.326,0.2,0.259,0.448,0.149,0.356,0.376,0.366,0.294,0.385,0.522,0.498,0.33,0.483,0.349,0.225,0.301,0.339,0.37
2015-05-27 23:00:00,0.116,0.201,0.334,0.322,0.182,0.275,0.462,0.144,0.345,0.353,0.355,0.294,0.405,0.474,0.481,0.335,0.469,0.359,0.232,0.283,0.343,0.297
2015-05-28 00:00:00,0.103,0.235,0.305,0.309,0.174,0.298,0.474,0.126,0.34,0.313,0.348,0.286,0.421,0.416,0.461,0.335,0.433,0.364,0.235,0.225,0.326,0.301
2015-05-28 01:00:00,0.108,0.273,0.279,0.298,0.176,0.322,0.446,0.117,0.333,0.281,0.349,0.279,0.399,0.378,0.433,0.316,0.396,0.378,0.229,0.199,0.312,0.279
2015-05-28 02:00:00,0.113,0.3,0.255,0.288,0.161,0.324,0.402,0.132,0.32,0.258,0.35,0.244,0.355,0.352,0.412,0.285,0.359,0.375,0.218,0.21,0.298,0.252
2015-05-28 03:00:00,0.11,0.321,0.229,0.28,0.158,0.311,0.381,0.145,0.281,0.239,0.33,0.188,0.326,0.331,0.393,0.232,0.324,0.343,0.211,0.243,0.276,0.246
2015-05-28 04:00:00,0.096,0.35,0.196,0.253,0.14,0.272,0.361,0.137,0.219,0.201,0.283,0.14,0.312,0.313,0.362,0.161,0.269,0.296,0.184,0.242,0.249,0.24
2015-05-28 05:00:00,0.09,0.387,0.123,0.182,0.082,0.165,0.345,0.077,0.139,0.145,0.201,0.078,0.322,0.292,0.267,0.088,0.182,0.299,0.095,0.185,0.23,0.211
2015-05-28 06:00:00,0.072,0.411,0.073,0.171,0.049,0.13,0.45,0.055,0.141,0.155,0.259,0.068,0.341,0.281,0.251,0.1,0.218,0.274,0.073,0.152,0.204,0.158
2015-05-28 07:00:00,0.05,0.406,0.054,0.179,0.046,0.133,0.412,0.087,0.17,0.211,0.251,0.067,0.351,0.236,0.214,0.143,0.322,0.216,0.092,0.213,0.19,0.181
2015-05-28 08:00:00,0.084,0.412,0.054,0.205,0.074,0.144,0.359,0.171,0.173,0.217,0.227,0.067,0.396,0.199,0.181,0.124,0.302,0.169,0.129,0.349,0.186,0.165
2015-05-28 09:00:00,0.13,0.436,0.057,0.206,0.071,0.132,0.304,0.212,0.152,0.177,0.194,0.056,0.356,0.174,0.127,0.095,0.25,0.144,0.12,0.456,0.215,0.182
2015-05-28 10:00:00,0.123,0.446,0.082,0.159,0.053,0.076,0.295,0.138,0.103,0.127,0.128,0.054,0.362,0.107,0.062,0.078,0.193,0.097,0.073,0.412,0.243,0.165
2015-05-28 11:00:00,0.056,0.331,0.08,0.182,0.05,0.061,0.32,0.173,0.099,0.141,0.149,0.039,0.349,0.141,0.065,0.085,0.186,0.098,0.07,0.529,0.237,0.12
2015-05-28 12:00:00,0.067,0.412,0.103,0.196,0.053,0.053,0.303,0.184,0.092,0.122,0.155,0.027,0.318,0.154,0.075,0.064,0.172,0.096,0.085,0.587,0.245,0.113
2015-05-28 13:00:00,0.08,0.445,0.11,0.212,0.057,0.061,0.304,0.186,0.081,0.124,0.158,0.025,0.316,0.168,0.096,0.056,0.183,0.097,0.113,0.613,0.279,0.104
2015-05-28 14:00:00,0.074,0.472,0.117,0.234,0.059,0.083,0.281,0.213,0.083,0.102,0.143,0.032,0.318,0.166,0.112,0.058,0.149,0.097,0.139,0.683,0.299,0.087
2015-05-28 15:00:00,0.078,0.481,0.113,0.264,0.057,0.123,0.252,0.302,0.088,0.079,0.118,0.036,0.27,0.148,0.181,0.06,0.114,0.095,0.168,0.746,0.311,0.071
2015-05-28 16:00:00,0.087,0.442,0.111,0.253,0.065,0.181,0.178,0.354,0.086,0.067,0.089,0.037,0.2,0.11,0.212,0.054,0.087,0.082,0.207,0.626,0.307,0.055
2015-05-28 17:00:00,0.104,0.398,0.096,0.233,0.069,0.218,0.124,0.304,0.111,0.054,0.075,0.032,0.122,0.108,0.255,0.037,0.07,0.076,0.187,0.529,0.278,0.048
2015-05-28 18:00:00,0.095,0.314,0.089,0.262,0.107,0.284,0.099,0.288,0.177,0.054,0.095,0.056,0.079,0.148,0.348,0.049,0.074,0.117,0.227,0.494,0.257,0.039
2015-05-28 19:00:00,0.085,0.235,0.101,0.337,0.208,0.42,0.109,0.326,0.249,0.05,0.138,0.105,0.073,0.193,0.421,0.082,0.081,0.189,0.415,0.454,0.257,0.042
2015-05-28 20:00:00,0.106,0.187,0.12,0.402,0.321,0.575,0.128,0.338,0.318,0.048,0.201,0.171,0.087,0.227,0.492,0.133,0.094,0.278,0.565,0.381,0.263,0.037
2015-05-28 21:00:00,0.141,0.145,0.135,0.398,0.37,0.653,0.133,0.292,0.386,0.047,0.245,0.24,0.103,0.211,0.546,0.2,0.103,0.346,0.576,0.202,0.272,0.035
2015-05-28 22:00:00,0.174,0.125,0.15,0.36,0.278,0.665,0.18,0.155,0.401,0.061,0.315,0.28,0.177,0.229,0.515,0.256,0.12,0.412,0.446,0.123,0.286,0.041
2015-05-28 23:00:00,0.206,0.116,0.171,0.333,0.258,0.582,0.172,0.157,0.434,0.076,0.314,0.317,0.15,0.208,0.509,0.306,0.119,0.452,0.308,0.175,0.297,0.033
2015-05-29 00:00:00,0.203,0.103,0.22,0.322,0.248,0.477,0.171,0.16,0.45,0.103,0.311,0.362,0.128,0.199,0.47,0.369,0.138,0.489,0.251,0.24,0.296,0.021
2015-05-29 01:00:00,0.179,0.099,0.277,0.297,0.201,0.37,0.172,0.107,0.458,0.114,0.318,0.386,0.11,0.206,0.405,0.413,0.155,0.504,0.224,0.239,0.308,0.018
2015-05-29 02:00:00,0.15,0.098,0.329,0.255,0.127,0.278,0.162,0.09,0.442,0.109,0.323,0.358,0.078,0.21,0.337,0.428,0.165,0.48,0.154,0.229,0.31,0.016
2015-05-29 03:00:00,0.117,0.099,0.356,0.219,0.081,0.162,0.167,0.149,0.395,0.116,0.338,0.285,0.077,0.22,0.256,0.434,0.183,0.441,0.098,0.245,0.313,0.013
2015-05-29 04:00:00,0.09,0.099,0.351,0.178,0.073,0.097,0.158,0.159,0.283,0.119,0.291,0.198,0.087,0.209,0.171,0.373,0.168,0.326,0.11,0.201,0.307,0.014
2015-05-29 05:00:00,0.068,0.093,0.32,0.117,0.057,0.07,0.085,0.072,0.172,0.098,0.165,0.138,0.048,0.118,0.145,0.278,0.107,0.174,0.08,0.116,0.305,0.013
2015-05-29 06:00:00,0.051,0.085,0.253,0.088,0.04,0.076,0.058,0.044,0.09,0.053,0.093,0.065,0.031,0.087,0.147,0.148,0.057,0.118,0.068,0.079,0.314,0.01
2015-05-29 07:00:00,0.028,0.073,0.162,0.07,0.029,0.06,0.052,0.024,0.073,0.061,0.08,0.042,0.02,0.074,0.122,0.114,0.054,0.106,0.048,0.057,0.324,0.001
2015-05-29 08:00:00,0.027,0.069,0.161,0.058,0.023,0.042,0.049,0.019,0.062,0.062,0.078,0.035,0.022,0.079,0.094,0.091,0.046,0.098,0.034,0.058,0.352,0.003
2015-05-29 09:00:00,0.057,0.084,0.174,0.056,0.023,0.032,0.032,0.024,0.071,0.055,0.089,0.034,0.025,0.109,0.082,0.075,0.041,0.109,0.028,0.062,0.39,0.007
2015-05-29 10:00:00,0.156,0.114,0.214,0.027,0.009,0.012,0.014,0.009,0.018,0.022,0.028,0.013,0.009,0.062,0.037,0.038,0.019,0.045,0.01,0.045,0.422,0.011
2015-05-29 11:00:00,0.115,0.091,0.14,0.038,0.012,0.021,0.02,0.036,0.033,0.025,0.031,0.035,0.014,0.078,0.038,0.071,0.026,0.034,0.023,0.07,0.376,0.012
2015-05-29 12:00:00,0.162,0.129,0.167,0.051,0.026,0.028,0.028,0.082,0.056,0.028,0.035,0.065,0.018,0.085,0.045,0.114,0.031,0.026,0.039,0.089,0.414,0.018
2015-05-29 13:00:00,0.184,0.177,0.161,0.052,0.029,0.023,0.039,0.096,0.061,0.035,0.036,0.079,0.021,0.067,0.035,0.125,0.031,0.024,0.049,0.088,0.43,0.021
2015-05-29 14:00:00,0.179,0.225,0.139,0.051,0.028,0.036,0.048,0.094,0.058,0.04,0.032,0.062,0.025,0.053,0.039,0.108,0.035,0.019,0.052,0.075,0.429,0.027
2015-05-29 15:00:00,0.175,0.248,0.131,0.039,0.027,0.033,0.038,0.07,0.034,0.03,0.02,0.045,0.021,0.03,0.039,0.069,0.025,0.015,0.035,0.057,0.433,0.033
2015-05-29 16:00:00,0.125,0.261,0.106,0.028,0.032,0.017,0.02,0.053,0.017,0.021,0.012,0.05,0.011,0.021,0.04,0.053,0.02,0.014,0.026,0.03,0.405,0.043
2015-05-29 17:00:00,0.119,0.245,0.079,0.029,0.066,0.008,0.009,0.049,0.009,0.016,0.006,0.039,0.006,0.011,0.049,0.044,0.022,0.017,0.032,0.029,0.369,0.058
2015-05-29 18:00:00,0.114,0.223,0.051,0.064,0.127,0.025,0.009,0.087,0.015,0.03,0.013,0.081,0.019,0.012,0.075,0.066,0.059,0.04,0.088,0.084,0.324,0.076
2015-05-29 19:00:00,0.133,0.233,0.048,0.158,0.204,0.154,0.018,0.139,0.059,0.06,0.038,0.193,0.062,0.029,0.146,0.13,0.124,0.087,0.218,0.22,0.285,0.115
2015-05-29 20:00:00,0.188,0.272,0.057,0.259,0.257,0.344,0.059,0.184,0.172,0.116,0.084,0.302,0.149,0.069,0.248,0.257,0.205,0.159,0.307,0.347,0.277,0.151
2015-05-29 21:00:00,0.268,0.327,0.066,0.346,0.271,0.463,0.147,0.256,0.319,0.166,0.153,0.395,0.227,0.127,0.361,0.408,0.288,0.255,0.32,0.489,0.27,0.18
2015-05-29 22:00:00,0.324,0.401,0.072,0.442,0.374,0.522,0.297,0.435,0.439,0.214,0.297,0.405,0.363,0.232,0.507,0.5,0.386,0.384,0.394,0.547,0.278,0.197
2015-05-29 23:00:00,0.515,0.46,0.093,0.475,0.437,0.469,0.338,0.457,0.487,0.237,0.342,0.445,0.355,0.266,0.559,0.535,0.387,0.42,0.437,0.583,0.281,0.213
2015-05-30 00:00:00,0.497,0.48,0.135,0.486,0.54,0.444,0.371,0.504,0.518,0.257,0.389,0.514,0.351,0.309,0.59,0.546,0.356,0.452,0.452,0.546,0.289,0.177
2015-05-30 01:00:00,0.463,0.494,0.184,0.5,0.593,0.44,0.384,0.586,0.532,0.277,0.412,0.599,0.339,0.34,0.619,0.581,0.352,0.478,0.497,0.491,0.288,0.178
2015-05-30 02:00:00,0.421,0.494,0.249,0.511,0.573,0.439,0.37,0.612,0.568,0.269,0.426,0.581,0.318,0.362,0.605,0.613,0.355,0.504,0.541,0.491,0.283,0.179
2015-05-30 03:00:00,0.424,0.493,0.319,0.529,0.52,0.481,0.355,0.591,0.609,0.256,0.442,0.523,0.287,0.412,0.578,0.624,0.346,0.527,0.58,0.533,0.267,0.158
2015-05-30 04:00:00,0.449,0.488,0.374,0.527,0.455,0.497,0.324,0.533,0.58,0.252,0.432,0.47,0.244,0.407,0.568,0.635,0.324,0.522,0.581,0.563,0.258,0.128
2015-05-30 05:00:00,0.485,0.472,0.405,0.484,0.401,0.443,0.269,0.521,0.487,0.243,0.421,0.391,0.197,0.364,0.525,0.594,0.287,0.528,0.479,0.581,0.253,0.109
2015-05-30 06:00:00,0.489,0.445,0.459,0.527,0.503,0.541,0.162,0.686,0.383,0.157,0.324,0.295,0.141,0.275,0.462,0.433,0.185,0.448,0.671,0.692,0.237,0.091
2015-05-30 07:00:00,0.412,0.425,0.425,0.58,0.569,0.654,0.151,0.617,0.448,0.155,0.371,0.484,0.161,0.294,0.532,0.474,0.166,0.51,0.726,0.721,0.247,0.06
2015-05-30 08:00:00,0.509,0.388,0.41,0.608,0.471,0.725,0.143,0.57,0.521,0.222,0.408,0.56,0.173,0.341,0.695,0.564,0.216,0.575,0.678,0.714,0.27,0.11
2015-05-30 09:00:00,0.521,0.38,0.473,0.614,0.425,0.727,0.141,0.621,0.554,0.27,0.424,0.511,0.173,0.396,0.77,0.582,0.275,0.642,0.61,0.735,0.286,0.145
2015-05-30 10:00:00,0.52,0.398,0.528,0.494,0.433,0.575,0.119,0.637,0.37,0.21,0.345,0.367,0.148,0.287,0.629,0.393,0.203,0.575,0.507,0.549,0.294,0.166
2015-05-30 11:00:00,0.52,0.359,0.448,0.469,0.459,0.551,0.157,0.588,0.286,0.254,0.409,0.357,0.171,0.366,0.582,0.338,0.22,0.619,0.459,0.491,0.266,0.189
2015-05-30 12:00:00,0.507,0.359,0.505,0.494,0.384,0.567,0.182,0.479,0.251,0.265,0.403,0.433,0.214,0.461,0.558,0.363,0.224,0.658,0.528,0.534,0.308,0.201
2015-05-30 13:00:00,0.521,0.391,0.534,0.494,0.351,0.598,0.215,0.448,0.361,0.193,0.371,0.437,0.25,0.514,0.574,0.357,0.278,0.676,0.515,0.5,0.324,0.191
2015-05-30 14:00:00,0.529,0.408,0.669,0.482,0.389,0.566,0.262,0.452,0.495,0.195,0.359,0.32,0.265,0.465,0.56,0.371,0.221,0.595,0.5,0.494,0.354,0.188
2015-05-30 15:00:00,0.511,0.439,0.711,0.443,0.346,0.496,0.27,0.419,0.453,0.181,0.383,0.297,0.186,0.382,0.574,0.292,0.239,0.432,0.489,0.421,0.37,0.167
2015-05-30 16:00:00,0.506,0.442,0.643,0.386,0.27,0.501,0.199,0.425,0.331,0.137,0.398,0.199,0.084,0.257,0.502,0.238,0.216,0.321,0.458,0.336,0.405,0.144
2015-05-30 17:00:00,0.464,0.423,0.492,0.324,0.23,0.433,0.221,0.563,0.238,0.136,0.309,0.103,0.097,0.358,0.316,0.124,0.184,0.212,0.333,0.42,0.405,0.139
2015-05-30 18:00:00,0.383,0.347,0.377,0.25,0.19,0.237,0.268,0.496,0.175,0.113,0.218,0.095,0.156,0.348,0.199,0.068,0.139,0.154,0.276,0.353,0.399,0.118
2015-05-30 19:00:00,0.287,0.264,0.333,0.251,0.213,0.197,0.305,0.395,0.174,0.094,0.186,0.113,0.243,0.249,0.197,0.106,0.082,0.105,0.33,0.334,0.399,0.109
2015-05-30 20:00:00,0.227,0.206,0.28,0.269,0.257,0.232,0.265,0.356,0.223,0.117,0.187,0.136,0.218,0.206,0.276,0.164,0.094,0.08,0.315,0.366,0.41,0.126
2015-05-30 21:00:00,0.185,0.18,0.256,0.28,0.289,0.193,0.218,0.291,0.278,0.166,0.229,0.151,0.167,0.201,0.308,0.203,0.175,0.097,0.341,0.364,0.427,0.125
2015-05-30 22:00:00,0.145,0.179,0.252,0.295,0.357,0.214,0.259,0.303,0.253,0.175,0.212,0.173,0.213,0.2,0.328,0.184,0.172,0.084,0.308,0.446,0.453,0.143
2015-05-30 23:00:00,0.146,0.224,0.303,0.313,0.313,0.285,0.26,0.277,0.29,0.166,0.166,0.2,0.222,0.176,0.406,0.152,0.136,0.097,0.277,0.503,0.513,0.154
2015-05-31 00:00:00,0.114,0.217,0.311,0.311,0.255,0.303,0.238,0.257,0.313,0.178,0.144,0.223,0.217,0.13,0.421,0.181,0.148,0.142,0.275,0.481,0.521,0.141
2015-05-31 01:00:00,0.087,0.212,0.302,0.305,0.196,0.352,0.193,0.209,0.31,0.189,0.165,0.22,0.175,0.078,0.424,0.237,0.177,0.197,0.274,0.425,0.552,0.094
2015-05-31 02:00:00,0.062,0.22,0.29,0.298,0.158,0.328,0.133,0.241,0.252,0.188,0.207,0.164,0.131,0.053,0.429,0.236,0.206,0.262,0.243,0.43,0.593,0.063
2015-05-31 03:00:00,0.049,0.232,0.283,0.295,0.147,0.301,0.098,0.278,0.202,0.186,0.232,0.101,0.114,0.053,0.442,0.182,0.232,0.284,0.249,0.421,0.619,0.052
2015-05-31 04:00:00,0.036,0.237,0.284,0.276,0.107,0.263,0.069,0.251,0.146,0.149,0.207,0.055,0.108,0.075,0.458,0.092,0.197,0.271,0.232,0.407,0.635,0.057
2015-05-31 05:00:00,0.03,0.248,0.271,0.205,0.041,0.175,0.038,0.156,0.08,0.066,0.131,0.019,0.095,0.062,0.386,0.04,0.093,0.224,0.128,0.349,0.643,0.062
2015-05-31 06:00:00,0.032,0.242,0.249,0.204,0.023,0.176,0.018,0.118,0.048,0.029,0.092,0.008,0.076,0.099,0.446,0.019,0.047,0.213,0.116,0.348,0.653,0.038
2015-05-31 07:00:00,0.022,0.225,0.259,0.227,0.027,0.172,0.016,0.116,0.038,0.012,0.081,0.006,0.042,0.143,0.485,0.006,0.021,0.239,0.116,0.436,0.65,0.012
2015-05-31 08:00:00,0.037,0.193,0.316,0.28,0.04,0.219,0.023,0.153,0.05,0.005,0.121,0.012,0.03,0.218,0.584,0.007,0.008,0.329,0.164,0.5,0.64,0.009
2015-05-31 09:00:00,0.094,0.199,0.419,0.337,0.064,0.329,0.035,0.175,0.065,0.012,0.169,0.022,0.022,0.272,0.676,0.012,0.019,0.392,0.213,0.557,0.641,0.004
2015-05-31 10:00:00,0.141,0.252,0.491,0.272,0.056,0.267,0.032,0.202,0.066,0.007,0.117,0.026,0.018,0.183,0.549,0.012,0.012,0.29,0.18,0.448,0.663,0.002
2015-05-31 11:00:00,0.077,0.236,0.325,0.326,0.085,0.329,0.047,0.284,0.111,0.01,0.146,0.047,0.021,0.182,0.594,0.034,0.021,0.344,0.265,0.512,0.599,0.009
2015-05-31 12:00:00,0.117,0.349,0.397,0.338,0.092,0.408,0.052,0.267,0.146,0.012,0.189,0.059,0.03,0.19,0.608,0.057,0.029,0.396,0.292,0.452,0.605,0.014
2015-05-31 13:00:00,0.157,0.369,0.465,0.36,0.12,0.426,0.062,0.313,0.177,0.011,0.231,0.065,0.04,0.242,0.569,0.072,0.04,0.434,0.33,0.489,0.597,0.016
2015-05-31 14:00:00,0.182,0.403,0.516,0.375,0.137,0.46,0.072,0.351,0.163,0.01,0.223,0.072,0.041,0.265,0.516,0.078,0.042,0.417,0.37,0.541,0.567,0.025
2015-05-31 15:00:00,0.187,0.434,0.472,0.355,0.147,0.494,0.062,0.378,0.149,0.01,0.173,0.077,0.031,0.261,0.434,0.083,0.034,0.328,0.391,0.505,0.559,0.032
2015-05-31 16:00:00,0.194,0.434,0.376,0.259,0.118,0.308,0.043,0.386,0.125,0.014,0.096,0.043,0.014,0.191,0.24,0.045,0.023,0.197,0.36,0.379,0.552,0.038
2015-05-31 17:00:00,0.185,0.446,0.246,0.169,0.071,0.179,0.026,0.327,0.116,0.021,0.074,0.021,0.011,0.11,0.097,0.021,0.011,0.093,0.284,0.252,0.52,0.038
2015-05-31 18:00:00,0.15,0.455,0.116,0.151,0.082,0.14,0.02,0.253,0.157,0.021,0.121,0.065,0.024,0.053,0.061,0.049,0.006,0.051,0.261,0.227,0.474,0.029
2015-05-31 19:00:00,0.171,0.472,0.059,0.208,0.172,0.211,0.027,0.289,0.238,0.042,0.19,0.179,0.056,0.051,0.117,0.161,0.012,0.08,0.317,0.279,0.449,0.036
2015-05-31 20:00:00,0.206,0.496,0.039,0.323,0.325,0.332,0.065,0.408,0.331,0.096,0.259,0.299,0.092,0.09,0.285,0.318,0.047,0.219,0.411,0.405,0.423,0.05
2015-05-31 21:00:00,0.24,0.524,0.062,0.447,0.417,0.41,0.138,0.517,0.423,0.146,0.327,0.361,0.133,0.157,0.497,0.409,0.117,0.386,0.503,0.58,0.412,0.072
2015-05-31 22:00:00,0.268,0.542,0.15,0.598,0.422,0.57,0.179,0.689,0.44,0.135,0.321,0.369,0.173,0.29,0.782,0.407,0.155,0.449,0.644,0.834,0.428,0.091
2015-05-31 23:00:00,0.378,0.535,0.295,0.607,0.385,0.58,0.192,0.638,0.457,0.119,0.32,0.373,0.168,0.308,0.827,0.405,0.16,0.483,0.65,0.829,0.507,0.128
2015-06-01 00:00:00,0.364,0.536,0.407,0.617,0.398,0.646,0.19,0.572,0.47,0.099,0.338,0.407,0.161,0.328,0.848,0.407,0.161,0.539,0.647,0.81,0.488,0.122
2015-06-01 01:00:00,0.364,0.536,0.508,0.616,0.381,0.675,0.192,0.548,0.511,0.086,0.377,0.434,0.149,0.345,0.848,0.425,0.161,0.581,0.631,0.776,0.466,0.109
2015-06-01 02:00:00,0.348,0.487,0.553,0.616,0.33,0.681,0.194,0.565,0.551,0.069,0.414,0.394,0.132,0.363,0.868,0.424,0.154,0.61,0.611,0.769,0.468,0.098
2015-06-01 03:00:00,0.329,0.439,0.599,0.625,0.312,0.713,0.203,0.582,0.566,0.063,0.452,0.378,0.127,0.397,0.885,0.425,0.14,0.644,0.593,0.781,0.478,0.088
2015-06-01 04:00:00,0.31,0.39,0.639,0.595,0.288,0.681,0.178,0.539,0.508,0.06,0.422,0.35,0.1,0.381,0.879,0.385,0.12,0.653,0.531,0.762,0.485,0.087
2015-06-01 05:00:00,0.285,0.326,0.649,0.545,0.256,0.612,0.115,0.444,0.445,0.062,0.367,0.312,0.057,0.319,0.879,0.349,0.099,0.686,0.437,0.709,0.469,0.081
2015-06-01 06:00:00,0.267,0.267,0.662,0.412,0.164,0.388,0.058,0.337,0.294,0.045,0.229,0.184,0.025,0.204,0.793,0.239,0.058,0.536,0.263,0.592,0.486,0.068
2015-06-01 07:00:00,0.234,0.22,0.583,0.359,0.154,0.333,0.047,0.273,0.28,0.038,0.235,0.17,0.026,0.227,0.73,0.281,0.051,0.537,0.245,0.414,0.526,0.032
2015-06-01 08:00:00,0.233,0.186,0.569,0.333,0.218,0.306,0.043,0.359,0.274,0.07,0.262,0.149,0.028,0.276,0.638,0.304,0.082,0.551,0.277,0.284,0.597,0.041
2015-06-01 09:00:00,0.334,0.151,0.636,0.346,0.311,0.35,0.047,0.359,0.276,0.097,0.285,0.168,0.031,0.32,0.553,0.289,0.116,0.567,0.372,0.246,0.667,0.08
2015-06-01 10:00:00,0.361,0.133,0.7,0.253,0.193,0.291,0.03,0.277,0.18,0.086,0.207,0.095,0.035,0.18,0.425,0.194,0.104,0.45,0.226,0.21,0.724,0.106
2015-06-01 11:00:00,0.121,0.093,0.565,0.234,0.204,0.259,0.039,0.218,0.207,0.086,0.233,0.132,0.051,0.218,0.366,0.201,0.119,0.458,0.227,0.146,0.677,0.075
2015-06-01 12:00:00,0.147,0.091,0.556,0.194,0.192,0.225,0.043,0.131,0.204,0.079,0.219,0.141,0.063,0.219,0.271,0.194,0.114,0.363,0.218,0.079,0.725,0.095
2015-06-01 13:00:00,0.121,0.088,0.529,0.168,0.148,0.22,0.043,0.081,0.192,0.08,0.178,0.138,0.064,0.196,0.286,0.201,0.098,0.272,0.177,0.043,0.736,0.116
2015-06-01 14:00:00,0.096,0.083,0.418,0.134,0.1,0.172,0.039,0.072,0.17,0.078,0.144,0.107,0.059,0.159,0.254,0.181,0.088,0.201,0.129,0.029,0.78,0.125
2015-06-01 15:00:00,0.088,0.082,0.325,0.101,0.064,0.115,0.035,0.097,0.131,0.063,0.097,0.072,0.058,0.135,0.197,0.139,0.061,0.184,0.091,0.022,0.793,0.122
2015-06-01 16:00:00,0.098,0.069,0.204,0.088,0.066,0.106,0.022,0.132,0.082,0.044,0.053,0.046,0.046,0.096,0.163,0.086,0.036,0.169,0.094,0.022,0.79,0.1
2015-06-01 17:00:00,0.148,0.059,0.171,0.097,0.084,0.158,0.012,0.174,0.063,0.038,0.051,0.036,0.058,0.088,0.139,0.052,0.027,0.172,0.134,0.021,0.759,0.069
2015-06-01 18:00:00,0.175,0.045,0.19,0.131,0.144,0.251,0.02,0.184,0.084,0.03,0.099,0.067,0.084,0.127,0.106,0.06,0.029,0.197,0.211,0.033,0.772,0.052
2015-06-01 19:00:00,0.175,0.033,0.222,0.164,0.195,0.317,0.044,0.133,0.135,0.036,0.162,0.106,0.092,0.199,0.088,0.094,0.044,0.253,0.267,0.051,0.754,0.068
2015-06-01 20:00:00,0.158,0.043,0.245,0.173,0.179,0.341,0.09,0.076,0.197,0.057,0.189,0.107,0.106,0.26,0.071,0.132,0.071,0.28,0.261,0.063,0.725,0.091
2015-06-01 21:00:00,0.131,0.068,0.253,0.157,0.144,0.319,0.136,0.042,0.202,0.075,0.188,0.089,0.127,0.256,0.066,0.139,0.1,0.257,0.214,0.055,0.707,0.1
2015-06-01 22:00:00,0.08,0.108,0.249,0.154,0.105,0.27,0.195,0.032,0.2,0.087,0.195,0.141,0.198,0.202,0.056,0.141,0.124,0.235,0.208,0.073,0.694,0.095
2015-06-01 23:00:00,0.073,0.202,0.225,0.127,0.032,0.196,0.188,0.019,0.181,0.115,0.19,0.109,0.205,0.193,0.052,0.157,0.136,0.176,0.136,0.093,0.683,0.094
2015-06-02 00:00:00,0.086,0.274,0.193,0.108,0.015,0.125,0.178,0.014,0.166,0.15,0.171,0.044,0.201,0.177,0.044,0.138,0.178,0.143,0.062,0.155,0.663,0.078
2015-06-02 01:00:00,0.108,0.334,0.171,0.098,0.015,0.085,0.166,0.019,0.122,0.147,0.143,0.02,0.188,0.156,0.049,0.087,0.197,0.124,0.035,0.186,0.648,0.06
2015-06-02 02:00:00,0.157,0.38,0.138,0.092,0.024,0.085,0.163,0.029,0.107,0.118,0.123,0.025,0.174,0.138,0.058,0.093,0.168,0.117,0.028,0.171,0.626,0.043
2015-06-02 03:00:00,0.221,0.416,0.092,0.085,0.033,0.067,0.153,0.035,0.128,0.094,0.112,0.043,0.153,0.128,0.062,0.14,0.135,0.109,0.022,0.143,0.616,0.029
2015-06-02 04:00:00,0.273,0.444,0.069,0.087,0.041,0.027,0.124,0.089,0.16,0.092,0.092,0.06,0.117,0.119,0.054,0.172,0.125,0.072,0.023,0.188,0.605,0.024
2015-06-02 05:00:00,0.291,0.492,0.043,0.086,0.049,0.016,0.074,0.181,0.115,0.094,0.06,0.061,0.071,0.08,0.06,0.147,0.114,0.034,0.035,0.216,0.579,0.025
2015-06-02 06:00:00,0.276,0.541,0.023,0.105,0.064,0.019,0.036,0.327,0.09,0.063,0.043,0.041,0.035,0.051,0.074,0.096,0.065,0.017,0.084,0.269,0.579,0.03
2015-06-02 07:00:00,0.171,0.555,0.007,0.179,0.129,0.046,0.038,0.581,0.098,0.056,0.065,0.044,0.036,0.066,0.118,0.11,0.069,0.014,0.205,0.42,0.587,0.015
2015-06-02 08:00:00,0.294,0.623,0.007,0.318,0.196,0.175,0.054,0.647,0.122,0.093,0.105,0.069,0.04,0.114,0.203,0.161,0.109,0.032,0.405,0.715,0.602,0.023
2015-06-02 09:00:00,0.371,0.694,0.018,0.406,0.257,0.462,0.086,0.666,0.16,0.106,0.138,0.094,0.046,0.179,0.328,0.184,0.135,0.079,0.501,0.762,0.623,0.056
2015-06-02 10:00:00,0.449,0.716,0.048,0.436,0.399,0.493,0.095,0.674,0.164,0.069,0.193,0.068,0.046,0.207,0.42,0.093,0.095,0.162,0.524,0.751,0.654,0.069
2015-06-02 11:00:00,0.357,0.647,0.054,0.54,0.526,0.558,0.103,0.685,0.205,0.074,0.257,0.118,0.053,0.289,0.663,0.09,0.086,0.391,0.648,0.786,0.676,0.076
2015-06-02 12:00:00,0.414,0.691,0.111,0.61,0.585,0.7,0.082,0.751,0.306,0.07,0.317,0.196,0.052,0.35,0.75,0.14,0.073,0.575,0.685,0.843,0.715,0.109
2015-06-02 13:00:00,0.487,0.714,0.191,0.669,0.598,0.747,0.065,0.764,0.475,0.058,0.421,0.274,0.047,0.402,0.786,0.212,0.073,0.673,0.762,0.9,0.746,0.13
2015-06-02 14:00:00,0.498,0.731,0.319,0.696,0.484,0.753,0.066,0.736,0.573,0.059,0.541,0.329,0.04,0.464,0.846,0.275,0.108,0.767,0.76,0.912,0.758,0.105
2015-06-02 15:00:00,0.463,0.732,0.347,0.671,0.408,0.705,0.085,0.734,0.506,0.111,0.521,0.291,0.048,0.562,0.824,0.269,0.155,0.718,0.724,0.894,0.768,0.093
2015-06-02 16:00:00,0.435,0.726,0.315,0.599,0.346,0.579,0.104,0.724,0.378,0.113,0.337,0.232,0.095,0.51,0.719,0.211,0.168,0.545,0.685,0.862,0.771,0.071
2015-06-02 17:00:00,0.383,0.705,0.262,0.532,0.238,0.526,0.138,0.592,0.325,0.099,0.233,0.195,0.118,0.364,0.675,0.175,0.185,0.423,0.577,0.826,0.787,0.047
2015-06-02 18:00:00,0.303,0.663,0.255,0.512,0.225,0.555,0.206,0.505,0.34,0.136,0.233,0.184,0.153,0.28,0.695,0.251,0.222,0.358,0.479,0.815,0.763,0.028
2015-06-02 19:00:00,0.282,0.652,0.294,0.505,0.25,0.532,0.263,0.491,0.382,0.157,0.306,0.219,0.173,0.336,0.718,0.326,0.244,0.341,0.42,0.78,0.736,0.026
2015-06-02 20:00:00,0.276,0.648,0.34,0.52,0.314,0.511,0.298,0.515,0.421,0.191,0.394,0.29,0.183,0.395,0.766,0.389,0.291,0.408,0.434,0.714,0.739,0.042
2015-06-02 21:00:00,0.307,0.654,0.402,0.544,0.387,0.523,0.3,0.566,0.433,0.21,0.431,0.333,0.196,0.427,0.776,0.426,0.314,0.477,0.481,0.695,0.71,0.056
2015-06-02 22:00:00,0.323,0.658,0.493,0.705,0.424,0.748,0.324,0.727,0.505,0.263,0.529,0.349,0.247,0.548,0.934,0.466,0.357,0.704,0.648,0.938,0.666,0.058
2015-06-02 23:00:00,0.438,0.697,0.664,0.659,0.376,0.668,0.29,0.621,0.485,0.257,0.485,0.34,0.217,0.512,0.905,0.446,0.347,0.688,0.583,0.898,0.625,0.09
2015-06-03 00:00:00,0.417,0.666,0.715,0.615,0.35,0.605,0.286,0.583,0.466,0.267,0.462,0.325,0.209,0.491,0.871,0.442,0.335,0.651,0.518,0.837,0.589,0.066
2015-06-03 01:00:00,0.393,0.641,0.77,0.568,0.343,0.522,0.262,0.615,0.437,0.273,0.427,0.291,0.196,0.436,0.813,0.43,0.321,0.582,0.476,0.777,0.556,0.051
2015-06-03 02:00:00,0.343,0.613,0.757,0.561,0.36,0.522,0.247,0.601,0.42,0.284,0.416,0.287,0.182,0.402,0.779,0.426,0.318,0.575,0.506,0.748,0.544,0.035
2015-06-03 03:00:00,0.302,0.588,0.732,0.555,0.335,0.554,0.211,0.549,0.394,0.279,0.405,0.27,0.154,0.388,0.787,0.405,0.309,0.606,0.509,0.718,0.522,0.023
2015-06-03 04:00:00,0.297,0.567,0.754,0.542,0.327,0.555,0.178,0.533,0.342,0.254,0.366,0.236,0.137,0.371,0.777,0.358,0.295,0.593,0.5,0.717,0.501,0.016
2015-06-03 05:00:00,0.307,0.535,0.775,0.507,0.291,0.522,0.12,0.465,0.267,0.207,0.297,0.215,0.104,0.304,0.747,0.305,0.241,0.548,0.454,0.722,0.472,0.014
2015-06-03 06:00:00,0.303,0.5,0.778,0.408,0.199,0.399,0.075,0.325,0.173,0.145,0.193,0.153,0.054,0.202,0.658,0.207,0.158,0.425,0.338,0.636,0.466,0.012
2015-06-03 07:00:00,0.255,0.474,0.736,0.474,0.234,0.459,0.084,0.393,0.21,0.124,0.208,0.15,0.05,0.209,0.809,0.193,0.15,0.45,0.43,0.699,0.448,0.004
2015-06-03 08:00:00,0.265,0.488,0.694,0.547,0.327,0.533,0.111,0.538,0.262,0.147,0.272,0.226,0.064,0.259,0.897,0.228,0.166,0.552,0.479,0.803,0.44,0.008
2015-06-03 09:00:00,0.364,0.547,0.682,0.633,0.385,0.712,0.214,0.66,0.357,0.21,0.398,0.307,0.079,0.426,0.937,0.309,0.253,0.659,0.564,0.858,0.423,0.022
2015-06-03 10:00:00,0.431,0.568,0.81,0.503,0.192,0.553,0.216,0.559,0.259,0.146,0.375,0.169,0.068,0.484,0.83,0.211,0.204,0.531,0.407,0.658,0.414,0.041
2015-06-03 11:00:00,0.22,0.377,0.768,0.611,0.289,0.717,0.28,0.687,0.345,0.189,0.517,0.241,0.093,0.615,0.864,0.285,0.271,0.788,0.598,0.668,0.438,0.062
2015-06-03 12:00:00,0.297,0.448,0.837,0.669,0.412,0.695,0.308,0.717,0.462,0.211,0.632,0.297,0.106,0.696,0.831,0.353,0.298,0.838,0.727,0.721,0.465,0.088
2015-06-03 13:00:00,0.374,0.478,0.841,0.663,0.489,0.675,0.323,0.683,0.575,0.249,0.642,0.334,0.12,0.758,0.792,0.4,0.333,0.787,0.73,0.692,0.474,0.1
2015-06-03 14:00:00,0.415,0.498,0.851,0.64,0.486,0.636,0.317,0.701,0.54,0.273,0.533,0.355,0.123,0.724,0.668,0.404,0.355,0.665,0.7,0.802,0.481,0.099
2015-06-03 15:00:00,0.425,0.486,0.853,0.624,0.472,0.671,0.271,0.757,0.512,0.251,0.439,0.352,0.118,0.628,0.636,0.397,0.332,0.554,0.689,0.831,0.485,0.08
2015-06-03 16:00:00,0.422,0.444,0.858,0.6,0.436,0.646,0.201,0.779,0.497,0.203,0.368,0.283,0.087,0.466,0.674,0.298,0.244,0.504,0.705,0.78,0.498,0.06
2015-06-03 17:00:00,0.369,0.39,0.867,0.58,0.461,0.616,0.167,0.769,0.508,0.184,0.423,0.227,0.092,0.343,0.734,0.256,0.225,0.509,0.717,0.635,0.525,0.043
2015-06-03 18:00:00,0.332,0.314,0.893,0.586,0.627,0.681,0.179,0.717,0.588,0.183,0.485,0.212,0.125,0.408,0.734,0.242,0.262,0.568,0.711,0.557,0.559,0.032
2015-06-03 19:00:00,0.382,0.253,0.903,0.585,0.737,0.664,0.238,0.627,0.677,0.201,0.538,0.332,0.172,0.563,0.685,0.235,0.328,0.546,0.69,0.544,0.572,0.037
2015-06-03 20:00:00,0.432,0.216,0.875,0.557,0.715,0.499,0.322,0.473,0.669,0.224,0.598,0.617,0.216,0.68,0.68,0.319,0.372,0.447,0.596,0.546,0.607,0.042
2015-06-03 21:00:00,0.464,0.183,0.841,0.508,0.598,0.361,0.408,0.338,0.635,0.225,0.565,0.819,0.234,0.577,0.678,0.591,0.426,0.408,0.467,0.499,0.643,0.051
2015-06-03 22:00:00,0.488,0.159,0.817,0.421,0.384,0.204,0.533,0.194,0.596,0.317,0.526,0.69,0.222,0.499,0.644,0.754,0.654,0.474,0.257,0.398,0.681,0.054
2015-06-03 23:00:00,0.491,0.121,0.822,0.385,0.318,0.181,0.613,0.154,0.566,0.468,0.451,0.603,0.238,0.395,0.629,0.724,0.733,0.455,0.201,0.357,0.728,0.047
2015-07-01 00:00:00,0.098,0.21,0.169,0.125,0.113,0.134,0.051,0.176,0.117,0.026,0.175,0.007,0.038,0.182,0.119,0.024,0.034,0.136,0.214,0.05,0.111,0.012
2015-07-01 01:00:00,0.079,0.204,0.149,0.119,0.093,0.108,0.066,0.158,0.111,0.023,0.155,0.015,0.037,0.185,0.148,0.02,0.037,0.136,0.193,0.042,0.118,0.009
2015-07-01 02:00:00,0.066,0.201,0.153,0.115,0.091,0.103,0.072,0.15,0.099,0.021,0.156,0.029,0.026,0.198,0.152,0.024,0.041,0.147,0.177,0.033,0.109,0.006
2015-07-01 03:00:00,0.052,0.194,0.156,0.119,0.087,0.128,0.086,0.136,0.104,0.021,0.172,0.037,0.022,0.198,0.143,0.03,0.054,0.167,0.179,0.031,0.09,0.007
2015-07-01 04:00:00,0.04,0.192,0.171,0.106,0.072,0.114,0.098,0.119,0.107,0.021,0.147,0.032,0.022,0.137,0.125,0.03,0.059,0.151,0.156,0.036,0.066,0.009
2015-07-01 05:00:00,0.033,0.185,0.177,0.063,0.045,0.055,0.067,0.072,0.066,0.017,0.073,0.021,0.017,0.094,0.069,0.021,0.038,0.097,0.085,0.035,0.038,0.012
2015-07-01 06:00:00,0.03,0.157,0.158,0.039,0.023,0.023,0.042,0.039,0.05,0.01,0.06,0.011,0.009,0.083,0.042,0.011,0.022,0.087,0.05,0.015,0.02,0.013
2015-07-01 07:00:00,0.017,0.11,0.159,0.039,0.019,0.023,0.051,0.039,0.054,0.013,0.068,0.011,0.009,0.089,0.042,0.015,0.032,0.094,0.045,0.015,0.01,0.002
2015-07-01 08:00:00,0.016,0.073,0.169,0.043,0.018,0.026,0.06,0.036,0.05,0.027,0.083,0.013,0.014,0.116,0.054,0.031,0.06,0.112,0.035,0.015,0.008,0.002
2015-07-01 09:00:00,0.024,0.07,0.187,0.053,0.025,0.028,0.072,0.033,0.053,0.051,0.101,0.021,0.019,0.153,0.094,0.055,0.089,0.141,0.027,0.018,0.01,0.002
2015-07-01 10:00:00,0.035,0.076,0.23,0.039,0.02,0.013,0.047,0.018,0.03,0.026,0.06,0.018,0.011,0.12,0.088,0.035,0.046,0.094,0.009,0.023,0.014,0.004
2015-07-01 11:00:00,0.039,0.093,0.191,0.051,0.016,0.019,0.076,0.015,0.041,0.039,0.089,0.02,0.022,0.2,0.108,0.038,0.063,0.128,0.011,0.028,0.03,0.001
2015-07-01 12:00:00,0.029,0.101,0.238,0.067,0.013,0.03,0.121,0.015,0.051,0.052,0.131,0.02,0.036,0.269,0.131,0.041,0.084,0.161,0.016,0.038,0.041,0.005
2015-07-01 13:00:00,0.025,0.103,0.315,0.085,0.014,0.046,0.184,0.018,0.066,0.073,0.172,0.026,0.065,0.315,0.148,0.054,0.116,0.203,0.024,0.05,0.054,0.008
2015-07-01 14:00:00,0.024,0.109,0.403,0.105,0.019,0.063,0.258,0.025,0.081,0.098,0.199,0.038,0.103,0.335,0.173,0.075,0.16,0.248,0.033,0.058,0.063,0.015
2015-07-01 15:00:00,0.027,0.116,0.481,0.122,0.025,0.083,0.318,0.031,0.088,0.103,0.213,0.044,0.128,0.346,0.205,0.084,0.193,0.277,0.041,0.071,0.063,0.031
2015-07-01 16:00:00,0.035,0.131,0.53,0.149,0.035,0.126,0.301,0.048,0.104,0.108,0.235,0.055,0.138,0.36,0.253,0.097,0.21,0.32,0.059,0.104,0.059,0.045
2015-07-01 17:00:00,0.054,0.144,0.558,0.171,0.05,0.189,0.223,0.076,0.113,0.116,0.234,0.065,0.136,0.328,0.272,0.115,0.195,0.319,0.09,0.145,0.057,0.062
2015-07-01 18:00:00,0.095,0.161,0.518,0.222,0.072,0.317,0.199,0.122,0.146,0.158,0.268,0.096,0.141,0.292,0.307,0.168,0.2,0.353,0.15,0.213,0.055,0.081
2015-07-01 19:00:00,0.165,0.222,0.52,0.292,0.124,0.421,0.224,0.234,0.208,0.219,0.307,0.156,0.143,0.281,0.335,0.248,0.207,0.368,0.254,0.311,0.063,0.11
2015-07-01 20:00:00,0.251,0.321,0.511,0.346,0.213,0.44,0.246,0.347,0.257,0.214,0.325,0.228,0.147,0.302,0.335,0.27,0.182,0.35,0.359,0.413,0.077,0.136
2015-07-01 21:00:00,0.298,0.409,0.498,0.366,0.28,0.4,0.227,0.398,0.285,0.173,0.321,0.284,0.126,0.337,0.31,0.259,0.162,0.33,0.415,0.477,0.091,0.153
2015-07-01 22:00:00,0.313,0.449,0.457,0.392,0.292,0.444,0.179,0.373,0.302,0.119,0.308,0.317,0.104,0.311,0.314,0.262,0.121,0.329,0.47,0.541,0.105,0.153
2015-07-01 23:00:00,0.267,0.446,0.433,0.392,0.306,0.387,0.153,0.429,0.283,0.064,0.285,0.255,0.085,0.315,0.297,0.207,0.107,0.323,0.485,0.589,0.138,0.098
2015-07-02 00:00:00,0.246,0.437,0.386,0.367,0.268,0.347,0.137,0.459,0.265,0.044,0.266,0.186,0.082,0.31,0.273,0.166,0.113,0.297,0.44,0.586,0.15,0.096
2015-07-02 01:00:00,0.214,0.416,0.331,0.329,0.195,0.322,0.126,0.422,0.241,0.038,0.245,0.112,0.083,0.279,0.249,0.138,0.123,0.259,0.384,0.54,0.155,0.095
2015-07-02 02:00:00,0.187,0.407,0.29,0.298,0.146,0.29,0.135,0.395,0.207,0.038,0.235,0.068,0.093,0.251,0.237,0.125,0.121,0.237,0.337,0.494,0.158,0.094
2015-07-02 03:00:00,0.17,0.394,0.267,0.287,0.137,0.293,0.156,0.387,0.191,0.039,0.225,0.062,0.103,0.225,0.225,0.13,0.111,0.214,0.323,0.475,0.149,0.089
2015-07-02 04:00:00,0.16,0.383,0.24,0.247,0.122,0.249,0.145,0.337,0.155,0.036,0.181,0.061,0.086,0.183,0.183,0.116,0.093,0.171,0.275,0.427,0.129,0.094
2015-07-02 05:00:00,0.139,0.373,0.196,0.172,0.08,0.152,0.077,0.255,0.079,0.033,0.101,0.038,0.036,0.098,0.116,0.067,0.051,0.087,0.173,0.373,0.099,0.1
2015-07-02 06:00:00,0.116,0.347,0.101,0.109,0.039,0.109,0.055,0.161,0.062,0.017,0.076,0.013,0.026,0.069,0.072,0.024,0.028,0.063,0.12,0.215,0.065,0.089
2015-07-02 07:00:00,0.069,0.298,0.061,0.089,0.031,0.09,0.059,0.122,0.053,0.02,0.054,0.013,0.04,0.063,0.065,0.024,0.025,0.058,0.101,0.163,0.043,0.056
2015-07-02 08:00:00,0.061,0.211,0.065,0.094,0.033,0.091,0.09,0.11,0.047,0.033,0.059,0.021,0.071,0.096,0.091,0.04,0.027,0.091,0.096,0.143,0.045,0.074
2015-07-02 09:00:00,0.081,0.179,0.112,0.12,0.047,0.13,0.145,0.117,0.058,0.064,0.081,0.048,0.139,0.127,0.135,0.075,0.065,0.122,0.11,0.157,0.062,0.086
2015-07-02 10:00:00,0.102,0.184,0.142,0.094,0.048,0.09,0.115,0.102,0.041,0.069,0.054,0.038,0.115,0.084,0.117,0.067,0.069,0.078,0.071,0.146,0.082,0.085
2015-07-02 11:00:00,0.077,0.159,0.089,0.099,0.051,0.083,0.129,0.105,0.044,0.073,0.063,0.039,0.113,0.085,0.134,0.07,0.075,0.085,0.069,0.154,0.076,0.061
2015-07-02 12:00:00,0.067,0.196,0.08,0.106,0.051,0.088,0.136,0.106,0.054,0.079,0.064,0.045,0.122,0.078,0.149,0.083,0.089,0.083,0.074,0.163,0.1,0.05
2015-07-02 13:00:00,0.065,0.209,0.078,0.119,0.06,0.105,0.142,0.117,0.064,0.084,0.063,0.056,0.142,0.08,0.165,0.096,0.103,0.08,0.091,0.18,0.125,0.048
2015-07-02 14:00:00,0.08,0.208,0.091,0.133,0.073,0.11,0.136,0.136,0.066,0.087,0.055,0.058,0.149,0.087,0.182,0.109,0.102,0.08,0.112,0.206,0.148,0.055
2015-07-02 15:00:00,0.103,0.205,0.106,0.147,0.08,0.116,0.126,0.154,0.073,0.098,0.053,0.057,0.142,0.1,0.2,0.129,0.103,0.084,0.126,0.239,0.16,0.067
2015-07-02 16:00:00,0.119,0.192,0.125,0.161,0.076,0.126,0.107,0.166,0.088,0.103,0.058,0.063,0.125,0.121,0.219,0.149,0.114,0.091,0.146,0.262,0.164,0.082
2015-07-02 17:00:00,0.129,0.188,0.139,0.178,0.066,0.15,0.079,0.164,0.126,0.107,0.067,0.085,0.123,0.144,0.247,0.192,0.144,0.105,0.185,0.251,0.166,0.092
2015-07-02 18:00:00,0.147,0.203,0.143,0.237,0.075,0.227,0.094,0.2,0.185,0.153,0.102,0.143,0.134,0.187,0.301,0.251,0.213,0.155,0.269,0.312,0.17,0.096
2015-07-02 19:00:00,0.211,0.269,0.189,0.337,0.122,0.328,0.134,0.315,0.266,0.263,0.17,0.228,0.147,0.236,0.37,0.336,0.313,0.238,0.406,0.451,0.202,0.119
2015-07-02 20:00:00,0.293,0.335,0.228,0.416,0.213,0.39,0.176,0.431,0.308,0.34,0.234,0.297,0.136,0.245,0.421,0.392,0.347,0.286,0.516,0.572,0.237,0.148
2015-07-02 21:00:00,0.351,0.379,0.227,0.44,0.331,0.39,0.209,0.492,0.285,0.324,0.267,0.303,0.116,0.219,0.436,0.4,0.302,0.281,0.548,0.612,0.27,0.155
2015-07-02 22:00:00,0.342,0.397,0.204,0.456,0.457,0.42,0.205,0.56,0.314,0.289,0.319,0.312,0.067,0.186,0.469,0.438,0.249,0.248,0.536,0.637,0.294,0.154
2015-07-02 23:00:00,0.264,0.432,0.145,0.449,0.477,0.454,0.205,0.558,0.285,0.222,0.306,0.328,0.067,0.133,0.47,0.434,0.201,0.216,0.516,0.631,0.337,0.137
2015-07-03 00:00:00,0.225,0.405,0.105,0.434,0.459,0.457,0.181,0.557,0.264,0.175,0.273,0.326,0.062,0.087,0.446,0.405,0.174,0.182,0.488,0.648,0.33,0.188
2015-07-03 01:00:00,0.209,0.335,0.07,0.403,0.414,0.443,0.154,0.512,0.257,0.144,0.235,0.275,0.053,0.062,0.421,0.36,0.158,0.162,0.448,0.615,0.33,0.22
2015-07-03 02:00:00,0.188,0.256,0.05,0.367,0.367,0.411,0.125,0.457,0.254,0.117,0.2,0.22,0.048,0.045,0.399,0.318,0.143,0.149,0.404,0.559,0.338,0.225
2015-07-03 03:00:00,0.151,0.209,0.036,0.322,0.288,0.367,0.113,0.39,0.244,0.101,0.168,0.183,0.053,0.041,0.354,0.292,0.129,0.138,0.341,0.501,0.343,0.214
2015-07-03 04:00:00,0.115,0.173,0.028,0.264,0.212,0.256,0.092,0.367,0.202,0.086,0.125,0.138,0.054,0.041,0.272,0.244,0.107,0.116,0.253,0.48,0.336,0.188
2015-07-03 05:00:00,0.096,0.138,0.023,0.202,0.168,0.143,0.046,0.346,0.099,0.055,0.062,0.084,0.031,0.03,0.187,0.141,0.051,0.064,0.18,0.462,0.3,0.147
2015-07-03 06:00:00,0.084,0.109,0.017,0.124,0.103,0.072,0.022,0.201,0.048,0.024,0.025,0.055,0.019,0.015,0.107,0.073,0.018,0.024,0.117,0.304,0.247,0.088
2015-07-03 07:00:00,0.052,0.08,0.006,0.102,0.092,0.062,0.016,0.17,0.048,0.034,0.024,0.059,0.017,0.018,0.086,0.085,0.015,0.022,0.112,0.221,0.175,0.06
2015-07-03 08:00:00,0.036,0.042,0.002,0.104,0.11,0.059,0.021,0.172,0.058,0.075,0.032,0.074,0.027,0.025,0.072,0.108,0.031,0.023,0.126,0.209,0.169,0.122
2015-07-03 09:00:00,0.034,0.028,0.002,0.117,0.136,0.08,0.038,0.202,0.064,0.078,0.035,0.083,0.056,0.031,0.072,0.101,0.042,0.021,0.151,0.221,0.16,0.129
2015-07-03 10:00:00,0.025,0.026,0.001,0.089,0.102,0.061,0.025,0.177,0.065,0.067,0.027,0.053,0.032,0.024,0.069,0.096,0.042,0.018,0.114,0.155,0.155,0.094
2015-07-03 11:00:00,0.013,0.021,0.001,0.097,0.082,0.085,0.029,0.133,0.074,0.07,0.032,0.046,0.037,0.023,0.089,0.097,0.05,0.026,0.113,0.17,0.148,0.041
2015-07-03 12:00:00,0.005,0.031,0.0,0.101,0.072,0.103,0.033,0.127,0.088,0.068,0.041,0.044,0.041,0.023,0.099,0.098,0.056,0.034,0.108,0.177,0.171,0.035
2015-07-03 13:00:00,0.004,0.027,0.0,0.109,0.066,0.106,0.037,0.152,0.096,0.058,0.049,0.047,0.042,0.025,0.102,0.096,0.055,0.039,0.098,0.217,0.189,0.03
2015-07-03 14:00:00,0.011,0.026,0.001,0.106,0.069,0.097,0.04,0.205,0.092,0.048,0.051,0.05,0.045,0.027,0.092,0.092,0.051,0.039,0.097,0.21,0.208,0.026
2015-07-03 15:00:00,0.017,0.021,0.001,0.105,0.093,0.104,0.041,0.206,0.09,0.046,0.054,0.052,0.051,0.028,0.091,0.089,0.054,0.037,0.134,0.152,0.222,0.024
2015-07-03 16:00:00,0.019,0.022,0.003,0.099,0.105,0.123,0.04,0.151,0.091,0.042,0.057,0.067,0.054,0.03,0.091,0.095,0.057,0.03,0.151,0.094,0.228,0.026
2015-07-03 17:00:00,0.016,0.026,0.005,0.092,0.092,0.147,0.034,0.117,0.113,0.055,0.06,0.116,0.05,0.035,0.078,0.121,0.073,0.029,0.127,0.076,0.219,0.026
2015-07-03 18:00:00,0.028,0.03,0.014,0.119,0.102,0.21,0.036,0.128,0.171,0.085,0.08,0.204,0.053,0.045,0.073,0.148,0.121,0.042,0.127,0.158,0.209,0.031
2015-07-03 19:00:00,0.067,0.046,0.033,0.187,0.145,0.309,0.041,0.202,0.286,0.123,0.118,0.301,0.064,0.067,0.085,0.177,0.181,0.071,0.187,0.31,0.235,0.041
2015-07-03 20:00:00,0.116,0.073,0.063,0.252,0.199,0.393,0.042,0.272,0.365,0.15,0.149,0.323,0.066,0.091,0.128,0.179,0.215,0.108,0.259,0.436,0.278,0.044
2015-07-03 21:00:00,0.141,0.104,0.113,0.293,0.263,0.449,0.046,0.283,0.375,0.169,0.156,0.266,0.072,0.11,0.191,0.175,0.226,0.14,0.304,0.494,0.311,0.038
2015-07-03 22:00:00,0.144,0.12,0.172,0.312,0.277,0.455,0.06,0.233,0.403,0.172,0.183,0.269,0.099,0.127,0.239,0.21,0.226,0.2,0.3,0.515,0.318,0.028
2015-07-03 23:00:00,0.194,0.159,0.225,0.322,0.304,0.503,0.07,0.21,0.372,0.127,0.164,0.227,0.105,0.106,0.313,0.176,0.191,0.234,0.362,0.419,0.35,0.023
2015-07-04 00:00:00,0.198,0.145,0.271,0.314,0.254,0.5,0.068,0.199,0.349,0.099,0.147,0.18,0.096,0.088,0.367,0.163,0.157,0.268,0.369,0.346,0.333,0.019
2015-07-04 01:00:00,0.175,0.143,0.318,0.287,0.198,0.438,0.066,0.18,0.319,0.097,0.136,0.136,0.084,0.081,0.38,0.178,0.145,0.279,0.327,0.297,0.322,0.022
2015-07-04 02:00:00,0.143,0.135,0.351,0.25,0.179,0.351,0.072,0.16,0.289,0.103,0.135,0.12,0.084,0.073,0.358,0.196,0.154,0.258,0.282,0.23,0.331,0.023
2015-07-04 03:00:00,0.114,0.128,0.349,0.213,0.164,0.27,0.073,0.14,0.26,0.101,0.137,0.119,0.078,0.065,0.312,0.206,0.165,0.222,0.232,0.189,0.346,0.024
2015-07-04 04:00:00,0.096,0.13,0.3,0.181,0.138,0.183,0.061,0.139,0.215,0.099,0.132,0.118,0.06,0.064,0.261,0.213,0.166,0.188,0.172,0.197,0.341,0.026
2015-07-04 05:00:00,0.081,0.136,0.237,0.122,0.103,0.1,0.035,0.102,0.115,0.06,0.07,0.089,0.038,0.04,0.183,0.151,0.097,0.121,0.114,0.15,0.326,0.023
2015-07-04 06:00:00,0.068,0.134,0.148,0.058,0.051,0.039,0.012,0.037,0.047,0.025,0.025,0.046,0.021,0.013,0.098,0.064,0.04,0.057,0.049,0.082,0.312,0.021
2015-07-04 07:00:00,0.036,0.109,0.075,0.037,0.025,0.022,0.01,0.025,0.045,0.025,0.023,0.031,0.023,0.013,0.061,0.056,0.047,0.045,0.033,0.042,0.292,0.008
2015-07-04 08:00:00,0.021,0.069,0.054,0.034,0.026,0.017,0.012,0.022,0.04,0.026,0.026,0.035,0.029,0.017,0.048,0.045,0.049,0.048,0.034,0.034,0.262,0.012
2015-07-04 09:00:00,0.024,0.052,0.061,0.032,0.023,0.014,0.012,0.028,0.029,0.018,0.027,0.032,0.031,0.025,0.04,0.028,0.033,0.044,0.033,0.037,0.257,0.01
2015-07-04 10:00:00,0.023,0.05,0.085,0.027,0.019,0.012,0.019,0.014,0.036,0.018,0.041,0.039,0.041,0.042,0.028,0.022,0.037,0.042,0.016,0.037,0.242,0.006
2015-07-04 11:00:00,0.019,0.039,0.139,0.022,0.013,0.013,0.014,0.009,0.023,0.012,0.032,0.027,0.03,0.041,0.02,0.012,0.022,0.031,0.014,0.035,0.149,0.004
2015-07-04 12:00:00,0.014,0.039,0.195,0.019,0.009,0.012,0.011,0.008,0.017,0.01,0.025,0.019,0.019,0.036,0.014,0.008,0.012,0.023,0.015,0.033,0.154,0.003
2015-07-04 13:00:00,0.009,0.039,0.209,0.017,0.007,0.01,0.009,0.008,0.017,0.009,0.022,0.013,0.013,0.033,0.009,0.006,0.009,0.019,0.016,0.028,0.167,0.003
2015-07-04 14:00:00,0.004,0.036,0.193,0.016,0.008,0.009,0.011,0.011,0.018,0.01,0.021,0.011,0.013,0.033,0.008,0.007,0.01,0.017,0.019,0.025,0.176,0.005
2015-07-04 15:00:00,0.003,0.04,0.177,0.018,0.008,0.012,0.014,0.016,0.016,0.01,0.02,0.013,0.017,0.031,0.008,0.008,0.011,0.016,0.022,0.025,0.176,0.007
2015-07-04 16:00:00,0.003,0.047,0.159,0.021,0.007,0.014,0.017,0.027,0.017,0.011,0.019,0.011,0.023,0.031,0.01,0.011,0.013,0.017,0.03,0.028,0.171,0.012
2015-07-04 17:00:00,0.005,0.057,0.125,0.034,0.007,0.03,0.027,0.034,0.033,0.021,0.024,0.013,0.031,0.042,0.021,0.03,0.027,0.026,0.048,0.041,0.164,0.017
2015-07-04 18:00:00,0.011,0.063,0.099,0.065,0.013,0.053,0.048,0.054,0.095,0.041,0.044,0.029,0.052,0.081,0.04,0.084,0.063,0.041,0.08,0.098,0.15,0.024
2015-07-04 19:00:00,0.021,0.083,0.112,0.115,0.021,0.07,0.07,0.097,0.177,0.056,0.078,0.054,0.08,0.149,0.057,0.157,0.094,0.055,0.14,0.201,0.137,0.035
2015-07-04 20:00:00,0.039,0.092,0.126,0.157,0.027,0.089,0.081,0.128,0.222,0.065,0.103,0.07,0.085,0.204,0.076,0.196,0.104,0.06,0.187,0.304,0.134,0.061
2015-07-04 21:00:00,0.044,0.1,0.134,0.183,0.032,0.102,0.078,0.171,0.236,0.068,0.102,0.075,0.074,0.224,0.101,0.199,0.107,0.05,0.204,0.388,0.138,0.075
2015-07-04 22:00:00,0.056,0.105,0.123,0.162,0.065,0.11,0.063,0.192,0.141,0.075,0.081,0.091,0.064,0.154,0.105,0.171,0.11,0.064,0.276,0.209,0.146,0.066
2015-07-04 23:00:00,0.039,0.087,0.12,0.148,0.076,0.138,0.06,0.098,0.135,0.056,0.073,0.076,0.045,0.113,0.126,0.144,0.085,0.066,0.239,0.17,0.131,0.063
2015-07-05 00:00:00,0.038,0.076,0.081,0.121,0.065,0.127,0.054,0.052,0.109,0.048,0.068,0.076,0.033,0.09,0.147,0.132,0.077,0.068,0.144,0.153,0.13,0.045
2015-07-05 01:00:00,0.041,0.068,0.05,0.102,0.045,0.149,0.04,0.068,0.061,0.038,0.055,0.065,0.021,0.076,0.166,0.114,0.064,0.063,0.071,0.139,0.127,0.026
2015-07-05 02:00:00,0.046,0.066,0.034,0.088,0.05,0.134,0.03,0.067,0.035,0.03,0.045,0.036,0.012,0.076,0.218,0.072,0.044,0.069,0.04,0.086,0.119,0.011
2015-07-05 03:00:00,0.052,0.058,0.024,0.07,0.067,0.074,0.023,0.058,0.022,0.017,0.031,0.033,0.008,0.064,0.208,0.043,0.025,0.083,0.022,0.06,0.108,0.006
2015-07-05 04:00:00,0.034,0.051,0.017,0.055,0.049,0.027,0.018,0.076,0.021,0.013,0.02,0.035,0.005,0.041,0.178,0.033,0.017,0.083,0.021,0.044,0.091,0.006
2015-07-05 05:00:00,0.013,0.044,0.013,0.045,0.021,0.02,0.011,0.063,0.017,0.011,0.012,0.02,0.005,0.016,0.134,0.021,0.013,0.05,0.045,0.029,0.067,0.003
2015-07-05 06:00:00,0.009,0.029,0.009,0.035,0.016,0.044,0.005,0.02,0.007,0.009,0.006,0.007,0.004,0.008,0.073,0.01,0.008,0.018,0.051,0.028,0.058,0.002
2015-07-05 07:00:00,0.006,0.014,0.005,0.024,0.016,0.042,0.004,0.013,0.008,0.006,0.006,0.007,0.004,0.009,0.046,0.007,0.006,0.011,0.031,0.02,0.049,0.0
2015-07-05 08:00:00,0.004,0.007,0.006,0.027,0.014,0.049,0.004,0.015,0.019,0.007,0.007,0.008,0.005,0.01,0.054,0.007,0.007,0.011,0.029,0.023,0.044,0.0
2015-07-05 09:00:00,0.004,0.007,0.009,0.028,0.012,0.051,0.004,0.014,0.018,0.007,0.007,0.007,0.005,0.01,0.071,0.005,0.005,0.013,0.024,0.024,0.041,0.001
2015-07-05 10:00:00,0.012,0.01,0.015,0.026,0.015,0.045,0.004,0.026,0.007,0.008,0.007,0.009,0.007,0.012,0.047,0.004,0.006,0.014,0.031,0.023,0.035,0.006
2015-07-05 11:00:00,0.046,0.023,0.011,0.028,0.011,0.049,0.004,0.015,0.012,0.008,0.008,0.038,0.005,0.02,0.044,0.009,0.004,0.02,0.042,0.019,0.026,0.012
2015-07-05 12:00:00,0.051,0.043,0.014,0.029,0.009,0.058,0.006,0.01,0.033,0.011,0.009,0.08,0.004,0.023,0.038,0.024,0.005,0.028,0.043,0.01,0.028,0.019
2015-07-05 13:00:00,0.043,0.066,0.016,0.027,0.015,0.055,0.011,0.01,0.035,0.014,0.012,0.111,0.004,0.031,0.03,0.053,0.008,0.037,0.029,0.008,0.031,0.021
2015-07-05 14:00:00,0.023,0.06,0.021,0.022,0.015,0.047,0.013,0.008,0.026,0.012,0.014,0.076,0.004,0.035,0.022,0.064,0.011,0.04,0.017,0.007,0.037,0.019
2015-07-05 15:00:00,0.014,0.034,0.021,0.018,0.017,0.033,0.016,0.008,0.024,0.011,0.016,0.044,0.006,0.038,0.02,0.06,0.016,0.044,0.009,0.004,0.048,0.013
2015-07-05 16:00:00,0.027,0.048,0.02,0.016,0.024,0.014,0.021,0.02,0.023,0.011,0.02,0.021,0.011,0.038,0.012,0.042,0.025,0.047,0.008,0.006,0.065,0.015
2015-07-05 17:00:00,0.063,0.079,0.017,0.022,0.034,0.006,0.038,0.039,0.041,0.024,0.029,0.019,0.033,0.044,0.012,0.048,0.059,0.037,0.02,0.014,0.076,0.024
2015-07-05 18:00:00,0.064,0.102,0.023,0.047,0.067,0.014,0.061,0.051,0.075,0.052,0.041,0.032,0.085,0.057,0.03,0.082,0.115,0.03,0.053,0.053,0.103,0.046
2015-07-05 19:00:00,0.059,0.107,0.054,0.094,0.136,0.052,0.068,0.066,0.133,0.073,0.061,0.033,0.117,0.085,0.077,0.111,0.162,0.033,0.107,0.133,0.141,0.098
2015-07-05 20:00:00,0.072,0.149,0.125,0.155,0.191,0.118,0.069,0.158,0.208,0.068,0.082,0.028,0.123,0.09,0.135,0.13,0.191,0.039,0.187,0.236,0.178,0.147
2015-07-05 21:00:00,0.107,0.22,0.177,0.224,0.24,0.22,0.077,0.303,0.251,0.054,0.1,0.027,0.123,0.094,0.189,0.125,0.172,0.061,0.286,0.352,0.221,0.153
2015-07-05 22:00:00,0.154,0.286,0.205,0.179,0.257,0.163,0.062,0.106,0.285,0.034,0.155,0.031,0.084,0.136,0.214,0.089,0.095,0.14,0.301,0.082,0.244,0.157
2015-07-05 23:00:00,0.108,0.241,0.227,0.217,0.247,0.271,0.072,0.105,0.376,0.027,0.174,0.061,0.084,0.167,0.316,0.116,0.077,0.242,0.283,0.111,0.267,0.127
2015-07-06 00:00:00,0.127,0.252,0.247,0.222,0.224,0.294,0.082,0.162,0.378,0.036,0.186,0.088,0.097,0.184,0.375,0.136,0.068,0.289,0.198,0.15,0.274,0.108
2015-07-06 01:00:00,0.107,0.294,0.258,0.222,0.239,0.187,0.085,0.251,0.366,0.047,0.218,0.104,0.118,0.175,0.388,0.138,0.059,0.33,0.215,0.136,0.264,0.077
2015-07-06 02:00:00,0.085,0.367,0.273,0.268,0.26,0.097,0.094,0.394,0.357,0.052,0.272,0.131,0.126,0.192,0.431,0.159,0.058,0.387,0.246,0.291,0.265,0.041
2015-07-06 03:00:00,0.072,0.384,0.278,0.304,0.223,0.09,0.092,0.427,0.341,0.063,0.271,0.157,0.108,0.204,0.367,0.22,0.055,0.347,0.277,0.501,0.276,0.023
2015-07-06 04:00:00,0.088,0.389,0.27,0.327,0.211,0.107,0.076,0.479,0.312,0.095,0.236,0.124,0.08,0.168,0.469,0.255,0.071,0.31,0.289,0.55,0.305,0.02
2015-07-06 05:00:00,0.13,0.376,0.248,0.323,0.251,0.097,0.055,0.386,0.204,0.113,0.177,0.107,0.056,0.092,0.412,0.209,0.078,0.294,0.402,0.505,0.34,0.021
2015-07-06 06:00:00,0.174,0.343,0.197,0.353,0.256,0.252,0.027,0.294,0.114,0.085,0.093,0.068,0.036,0.062,0.34,0.125,0.053,0.139,0.531,0.613,0.367,0.02
2015-07-06 07:00:00,0.232,0.318,0.134,0.388,0.322,0.431,0.028,0.411,0.134,0.088,0.093,0.074,0.046,0.076,0.443,0.131,0.072,0.093,0.479,0.68,0.388,0.007
2015-07-06 08:00:00,0.295,0.291,0.124,0.392,0.386,0.442,0.042,0.573,0.239,0.13,0.174,0.129,0.067,0.156,0.535,0.172,0.104,0.144,0.437,0.565,0.429,0.012
2015-07-06 09:00:00,0.367,0.289,0.183,0.461,0.535,0.486,0.057,0.547,0.339,0.193,0.275,0.169,0.076,0.306,0.667,0.208,0.158,0.226,0.551,0.532,0.46,0.034
2015-07-06 10:00:00,0.436,0.31,0.159,0.34,0.464,0.245,0.029,0.366,0.224,0.093,0.148,0.253,0.031,0.316,0.413,0.151,0.065,0.161,0.46,0.443,0.488,0.077
2015-07-06 11:00:00,0.15,0.265,0.106,0.391,0.472,0.344,0.046,0.317,0.202,0.167,0.203,0.315,0.043,0.424,0.53,0.233,0.19,0.271,0.496,0.436,0.426,0.04
2015-07-06 12:00:00,0.159,0.292,0.164,0.425,0.45,0.482,0.094,0.346,0.3,0.212,0.232,0.427,0.071,0.541,0.638,0.232,0.302,0.366,0.421,0.462,0.487,0.046
2015-07-06 13:00:00,0.158,0.282,0.391,0.466,0.404,0.383,0.233,0.479,0.553,0.184,0.368,0.555,0.132,0.473,0.704,0.369,0.176,0.399,0.373,0.589,0.523,0.045
2015-07-06 14:00:00,0.163,0.257,0.582,0.527,0.42,0.343,0.27,0.524,0.668,0.155,0.464,0.508,0.265,0.374,0.774,0.625,0.142,0.472,0.45,0.655,0.553,0.056
2015-07-06 15:00:00,0.18,0.235,0.737,0.557,0.416,0.422,0.285,0.476,0.591,0.322,0.507,0.47,0.277,0.488,0.829,0.642,0.397,0.567,0.504,0.604,0.574,0.096
2015-07-06 16:00:00,0.174,0.193,0.831,0.522,0.344,0.463,0.301,0.37,0.519,0.456,0.479,0.465,0.087,0.392,0.819,0.548,0.614,0.644,0.481,0.494,0.56,0.113
2015-07-06 17:00:00,0.145,0.148,0.86,0.435,0.228,0.384,0.296,0.234,0.498,0.444,0.457,0.407,0.092,0.383,0.666,0.493,0.517,0.657,0.362,0.398,0.529,0.12
2015-07-06 18:00:00,0.12,0.106,0.896,0.35,0.107,0.304,0.283,0.147,0.384,0.339,0.446,0.281,0.117,0.468,0.629,0.38,0.386,0.609,0.225,0.27,0.501,0.115
2015-07-06 19:00:00,0.11,0.074,0.91,0.306,0.071,0.265,0.327,0.112,0.282,0.257,0.41,0.187,0.155,0.549,0.628,0.265,0.347,0.548,0.174,0.185,0.468,0.138
2015-07-06 20:00:00,0.134,0.058,0.902,0.252,0.058,0.191,0.368,0.068,0.221,0.169,0.341,0.139,0.202,0.564,0.567,0.18,0.279,0.511,0.124,0.101,0.451,0.211
2015-07-06 21:00:00,0.14,0.048,0.894,0.21,0.044,0.118,0.386,0.03,0.195,0.12,0.291,0.121,0.264,0.504,0.508,0.163,0.244,0.482,0.07,0.064,0.442,0.271
2015-07-06 22:00:00,0.12,0.043,0.885,0.153,0.027,0.045,0.336,0.017,0.103,0.096,0.183,0.071,0.227,0.317,0.398,0.106,0.194,0.427,0.016,0.07,0.444,0.309
2015-07-06 23:00:00,0.07,0.039,0.882,0.151,0.023,0.035,0.317,0.011,0.062,0.111,0.136,0.047,0.262,0.248,0.42,0.077,0.188,0.427,0.01,0.092,0.413,0.225
2015-07-07 00:00:00,0.058,0.041,0.832,0.147,0.02,0.023,0.243,0.01,0.032,0.085,0.098,0.022,0.282,0.239,0.429,0.031,0.121,0.389,0.01,0.127,0.416,0.198
2015-07-07 01:00:00,0.043,0.047,0.774,0.154,0.018,0.034,0.17,0.014,0.016,0.047,0.07,0.011,0.238,0.218,0.466,0.013,0.065,0.377,0.018,0.16,0.42,0.16
2015-07-07 02:00:00,0.031,0.052,0.747,0.157,0.014,0.058,0.102,0.02,0.012,0.025,0.059,0.008,0.152,0.217,0.485,0.009,0.035,0.359,0.029,0.17,0.421,0.128
2015-07-07 03:00:00,0.028,0.056,0.735,0.17,0.013,0.106,0.06,0.037,0.011,0.012,0.056,0.006,0.083,0.216,0.497,0.008,0.018,0.349,0.06,0.194,0.424,0.113
2015-07-07 04:00:00,0.03,0.064,0.71,0.177,0.017,0.154,0.031,0.053,0.022,0.011,0.057,0.006,0.055,0.175,0.471,0.013,0.011,0.32,0.109,0.185,0.432,0.087
2015-07-07 05:00:00,0.032,0.074,0.701,0.152,0.023,0.146,0.016,0.05,0.035,0.011,0.046,0.012,0.033,0.166,0.402,0.022,0.006,0.275,0.097,0.145,0.451,0.066
2015-07-07 06:00:00,0.023,0.079,0.861,0.136,0.012,0.121,0.012,0.017,0.032,0.018,0.068,0.012,0.016,0.206,0.398,0.021,0.015,0.315,0.061,0.103,0.5,0.029
2015-07-07 07:00:00,0.01,0.067,0.89,0.175,0.01,0.179,0.021,0.019,0.046,0.016,0.116,0.014,0.008,0.287,0.474,0.02,0.017,0.509,0.078,0.111,0.508,0.01
2015-07-07 08:00:00,0.007,0.054,0.899,0.241,0.012,0.238,0.042,0.039,0.06,0.011,0.205,0.013,0.005,0.391,0.642,0.016,0.015,0.656,0.112,0.161,0.511,0.007
2015-07-07 09:00:00,0.009,0.054,0.901,0.273,0.014,0.277,0.062,0.049,0.081,0.01,0.257,0.012,0.004,0.454,0.717,0.014,0.016,0.697,0.114,0.205,0.499,0.004
2015-07-07 10:00:00,0.013,0.063,0.91,0.184,0.011,0.188,0.043,0.03,0.058,0.007,0.157,0.012,0.003,0.302,0.509,0.013,0.012,0.477,0.076,0.119,0.502,0.001
2015-07-07 11:00:00,0.006,0.052,0.914,0.187,0.018,0.181,0.054,0.031,0.061,0.011,0.191,0.016,0.006,0.394,0.499,0.017,0.019,0.562,0.066,0.102,0.477,0.001
2015-07-07 12:00:00,0.029,0.071,0.913,0.169,0.035,0.154,0.062,0.045,0.061,0.018,0.199,0.026,0.012,0.375,0.44,0.025,0.03,0.536,0.057,0.079,0.485,0.017
2015-07-07 13:00:00,0.065,0.099,0.903,0.16,0.055,0.127,0.063,0.07,0.065,0.025,0.206,0.039,0.022,0.353,0.363,0.037,0.041,0.519,0.063,0.088,0.482,0.046
2015-07-07 14:00:00,0.109,0.106,0.884,0.139,0.06,0.1,0.064,0.079,0.068,0.027,0.222,0.042,0.029,0.362,0.253,0.044,0.048,0.482,0.068,0.072,0.462,0.079
2015-07-07 15:00:00,0.105,0.116,0.852,0.123,0.081,0.068,0.066,0.123,0.072,0.023,0.189,0.054,0.04,0.352,0.149,0.055,0.054,0.383,0.087,0.092,0.424,0.108
2015-07-07 16:00:00,0.116,0.132,0.788,0.103,0.091,0.049,0.05,0.139,0.08,0.02,0.142,0.065,0.045,0.252,0.076,0.073,0.059,0.252,0.105,0.097,0.388,0.146
2015-07-07 17:00:00,0.155,0.137,0.67,0.079,0.121,0.022,0.024,0.144,0.053,0.014,0.085,0.074,0.042,0.193,0.034,0.082,0.051,0.134,0.13,0.053,0.338,0.189
2015-07-07 18:00:00,0.188,0.152,0.523,0.085,0.193,0.04,0.014,0.133,0.073,0.034,0.031,0.134,0.053,0.117,0.035,0.142,0.052,0.051,0.179,0.041,0.3,0.177
2015-07-07 19:00:00,0.227,0.186,0.41,0.143,0.305,0.111,0.065,0.217,0.174,0.105,0.055,0.207,0.15,0.107,0.048,0.245,0.085,0.025,0.279,0.094,0.267,0.197
2015-07-07 20:00:00,0.335,0.237,0.338,0.254,0.46,0.256,0.211,0.409,0.286,0.233,0.156,0.375,0.328,0.175,0.128,0.417,0.174,0.027,0.425,0.17,0.242,0.263
2015-07-07 21:00:00,0.444,0.271,0.313,0.371,0.583,0.473,0.326,0.367,0.423,0.287,0.269,0.509,0.407,0.251,0.265,0.536,0.317,0.062,0.602,0.196,0.223,0.376
2015-07-07 22:00:00,0.491,0.309,0.294,0.318,0.193,0.317,0.417,0.17,0.558,0.26,0.398,0.501,0.411,0.298,0.329,0.611,0.338,0.156,0.257,0.32,0.211,0.447
2015-07-07 23:00:00,0.424,0.39,0.235,0.34,0.141,0.327,0.489,0.059,0.535,0.259,0.434,0.345,0.501,0.319,0.462,0.575,0.354,0.306,0.251,0.286,0.182,0.499
2015-07-08 00:00:00,0.437,0.406,0.172,0.366,0.2,0.403,0.475,0.273,0.495,0.236,0.526,0.271,0.491,0.457,0.551,0.528,0.319,0.442,0.219,0.263,0.176,0.6
2015-07-08 01:00:00,0.402,0.442,0.129,0.414,0.237,0.392,0.533,0.601,0.46,0.293,0.577,0.223,0.468,0.607,0.495,0.446,0.371,0.519,0.291,0.391,0.176,0.591
2015-07-08 02:00:00,0.426,0.463,0.124,0.498,0.33,0.399,0.589,0.739,0.485,0.3,0.535,0.156,0.545,0.612,0.383,0.3,0.312,0.555,0.5,0.649,0.171,0.523
2015-07-08 03:00:00,0.441,0.465,0.166,0.586,0.396,0.546,0.582,0.779,0.523,0.277,0.55,0.163,0.599,0.598,0.467,0.266,0.173,0.594,0.646,0.771,0.163,0.408
2015-07-08 04:00:00,0.457,0.452,0.291,0.619,0.351,0.575,0.535,0.68,0.598,0.252,0.554,0.124,0.541,0.59,0.654,0.248,0.127,0.638,0.689,0.752,0.153,0.347
2015-07-08 05:00:00,0.436,0.458,0.425,0.583,0.311,0.561,0.476,0.53,0.589,0.311,0.618,0.06,0.628,0.628,0.674,0.155,0.248,0.668,0.608,0.654,0.153,0.272
2015-07-08 06:00:00,0.453,0.49,0.528,0.559,0.291,0.605,0.482,0.445,0.467,0.241,0.575,0.061,0.797,0.496,0.594,0.066,0.268,0.576,0.6,0.656,0.177,0.182
2015-07-08 07:00:00,0.489,0.534,0.569,0.554,0.282,0.655,0.551,0.441,0.469,0.211,0.49,0.099,0.859,0.433,0.716,0.07,0.212,0.542,0.464,0.704,0.198,0.101
2015-07-08 08:00:00,0.598,0.533,0.571,0.545,0.217,0.615,0.378,0.421,0.582,0.2,0.486,0.157,0.825,0.45,0.795,0.157,0.151,0.664,0.379,0.692,0.198,0.098
2015-07-08 09:00:00,0.622,0.545,0.502,0.509,0.212,0.5,0.248,0.472,0.543,0.217,0.478,0.18,0.74,0.438,0.805,0.187,0.173,0.681,0.318,0.647,0.204,0.109
2015-07-08 10:00:00,0.668,0.583,0.615,0.42,0.137,0.434,0.285,0.347,0.487,0.197,0.509,0.162,0.57,0.456,0.667,0.214,0.13,0.549,0.244,0.486,0.214,0.132
2015-07-08 11:00:00,0.583,0.577,0.56,0.39,0.313,0.394,0.34,0.415,0.356,0.21,0.48,0.107,0.476,0.628,0.553,0.202,0.114,0.512,0.26,0.405,0.176,0.122
2015-07-08 12:00:00,0.575,0.624,0.618,0.409,0.364,0.338,0.321,0.585,0.314,0.337,0.463,0.154,0.366,0.652,0.457,0.187,0.226,0.494,0.406,0.429,0.187,0.209
2015-07-08 13:00:00,0.524,0.668,0.701,0.436,0.324,0.453,0.345,0.737,0.344,0.264,0.466,0.143,0.313,0.564,0.31,0.166,0.242,0.41,0.577,0.464,0.208,0.294
2015-07-08 14:00:00,0.54,0.695,0.694,0.483,0.433,0.678,0.35,0.788,0.316,0.194,0.422,0.168,0.382,0.619,0.286,0.154,0.172,0.311,0.695,0.489,0.232,0.294
2015-07-08 15:00:00,0.588,0.717,0.626,0.524,0.56,0.74,0.279,0.778,0.358,0.213,0.37,0.29,0.37,0.555,0.279,0.298,0.188,0.269,0.767,0.579,0.252,0.395
2015-07-08 16:00:00,0.583,0.706,0.53,0.515,0.619,0.68,0.246,0.753,0.41,0.407,0.407,0.216,0.197,0.465,0.253,0.422,0.366,0.262,0.789,0.543,0.276,0.507
2015-07-08 17:00:00,0.568,0.68,0.466,0.499,0.614,0.658,0.252,0.645,0.441,0.472,0.443,0.264,0.13,0.448,0.26,0.416,0.442,0.227,0.737,0.538,0.266,0.476
2015-07-08 18:00:00,0.578,0.659,0.393,0.459,0.578,0.53,0.259,0.441,0.486,0.455,0.38,0.306,0.253,0.488,0.318,0.526,0.399,0.147,0.607,0.516,0.261,0.369
2015-07-08 19:00:00,0.509,0.595,0.399,0.439,0.528,0.442,0.293,0.341,0.566,0.306,0.406,0.339,0.436,0.438,0.374,0.489,0.361,0.117,0.495,0.538,0.252,0.309
2015-07-08 20:00:00,0.403,0.577,0.406,0.441,0.484,0.378,0.428,0.332,0.552,0.368,0.35,0.434,0.585,0.473,0.441,0.461,0.358,0.161,0.412,0.594,0.266,0.28
2015-07-08 21:00:00,0.36,0.551,0.41,0.451,0.448,0.397,0.373,0.446,0.481,0.385,0.28,0.418,0.351,0.326,0.523,0.518,0.379,0.204,0.387,0.666,0.28,0.245
2015-07-08 22:00:00,0.377,0.534,0.435,0.507,0.548,0.392,0.386,0.63,0.387,0.392,0.358,0.34,0.286,0.34,0.674,0.428,0.457,0.33,0.421,0.738,0.302,0.257
2015-07-08 23:00:00,0.523,0.533,0.564,0.494,0.502,0.322,0.334,0.716,0.265,0.461,0.367,0.224,0.208,0.345,0.673,0.333,0.537,0.345,0.423,0.75,0.325,0.273
2015-07-09 00:00:00,0.508,0.523,0.506,0.515,0.459,0.333,0.337,0.679,0.213,0.477,0.33,0.188,0.244,0.4,0.697,0.226,0.5,0.376,0.501,0.772,0.346,0.222
2015-07-09 01:00:00,0.52,0.533,0.476,0.517,0.425,0.412,0.329,0.667,0.226,0.313,0.288,0.179,0.306,0.36,0.703,0.181,0.353,0.394,0.519,0.749,0.366,0.227
2015-07-09 02:00:00,0.508,0.538,0.46,0.523,0.428,0.467,0.286,0.635,0.308,0.207,0.268,0.201,0.318,0.299,0.708,0.211,0.259,0.412,0.524,0.747,0.384,0.226
2015-07-09 03:00:00,0.473,0.535,0.436,0.517,0.45,0.486,0.244,0.586,0.372,0.209,0.278,0.241,0.227,0.278,0.719,0.249,0.258,0.445,0.513,0.703,0.405,0.19
2015-07-09 04:00:00,0.428,0.53,0.438,0.479,0.419,0.431,0.2,0.487,0.377,0.196,0.255,0.298,0.169,0.221,0.702,0.28,0.237,0.442,0.464,0.635,0.428,0.151
2015-07-09 05:00:00,0.417,0.536,0.473,0.45,0.349,0.403,0.153,0.474,0.312,0.134,0.207,0.221,0.131,0.173,0.651,0.229,0.166,0.347,0.504,0.594,0.457,0.115
2015-07-09 06:00:00,0.442,0.529,0.518,0.486,0.5,0.512,0.144,0.464,0.445,0.098,0.26,0.261,0.142,0.195,0.71,0.238,0.122,0.428,0.528,0.567,0.487,0.085
2015-07-09 07:00:00,0.548,0.555,0.542,0.486,0.502,0.409,0.127,0.506,0.502,0.142,0.342,0.306,0.125,0.279,0.682,0.348,0.187,0.422,0.486,0.62,0.506,0.113
2015-07-09 08:00:00,0.618,0.568,0.566,0.478,0.527,0.341,0.126,0.679,0.495,0.212,0.396,0.318,0.102,0.355,0.657,0.353,0.271,0.396,0.447,0.634,0.525,0.149
2015-07-09 09:00:00,0.66,0.583,0.593,0.51,0.633,0.313,0.201,0.783,0.474,0.252,0.417,0.417,0.12,0.406,0.658,0.376,0.316,0.414,0.485,0.697,0.534,0.171
2015-07-09 10:00:00,0.691,0.614,0.64,0.438,0.475,0.302,0.159,0.662,0.284,0.155,0.286,0.244,0.085,0.23,0.523,0.237,0.202,0.257,0.539,0.599,0.553,0.212
2015-07-09 11:00:00,0.521,0.521,0.384,0.538,0.696,0.511,0.158,0.665,0.277,0.238,0.292,0.338,0.087,0.329,0.568,0.296,0.242,0.242,0.669,0.761,0.462,0.209
2015-07-09 12:00:00,0.622,0.553,0.376,0.624,0.841,0.595,0.179,0.815,0.427,0.309,0.38,0.588,0.106,0.337,0.636,0.427,0.297,0.316,0.701,0.913,0.507,0.234
2015-07-09 13:00:00,0.709,0.601,0.412,0.691,0.831,0.559,0.213,0.918,0.685,0.393,0.452,0.828,0.12,0.454,0.654,0.58,0.368,0.415,0.807,0.975,0.537,0.31
2015-07-09 14:00:00,0.761,0.647,0.454,0.774,0.844,0.74,0.302,0.941,0.815,0.499,0.615,0.743,0.14,0.448,0.763,0.89,0.485,0.412,0.893,0.986,0.583,0.419
2015-07-09 15:00:00,0.781,0.678,0.485,0.794,0.866,0.843,0.382,0.95,0.711,0.611,0.536,0.619,0.193,0.565,0.853,0.743,0.649,0.396,0.911,0.985,0.599,0.505
2015-07-09 16:00:00,0.745,0.686,0.457,0.802,0.835,0.852,0.444,0.939,0.721,0.667,0.502,0.669,0.322,0.531,0.909,0.615,0.708,0.43,0.909,0.981,0.571,0.612
2015-07-09 17:00:00,0.724,0.664,0.436,0.781,0.786,0.829,0.493,0.925,0.71,0.47,0.439,0.614,0.424,0.303,0.893,0.602,0.546,0.445,0.882,0.978,0.563,0.697
2015-07-09 18:00:00,0.668,0.624,0.427,0.749,0.727,0.771,0.46,0.856,0.608,0.416,0.436,0.439,0.559,0.241,0.911,0.436,0.519,0.509,0.819,0.954,0.553,0.626
2015-07-09 19:00:00,0.543,0.559,0.412,0.746,0.652,0.783,0.438,0.831,0.56,0.38,0.476,0.414,0.486,0.337,0.942,0.351,0.477,0.553,0.808,0.934,0.558,0.478
2015-07-09 20:00:00,0.458,0.497,0.438,0.757,0.601,0.812,0.507,0.756,0.587,0.327,0.513,0.382,0.58,0.428,0.961,0.398,0.43,0.652,0.789,0.914,0.55,0.332
2015-07-09 21:00:00,0.409,0.459,0.553,0.765,0.594,0.795,0.549,0.733,0.649,0.341,0.581,0.381,0.687,0.485,0.971,0.428,0.422,0.778,0.751,0.904,0.544,0.292
2015-07-09 22:00:00,0.371,0.436,0.651,0.773,0.669,0.768,0.582,0.808,0.617,0.385,0.601,0.424,0.635,0.55,0.963,0.472,0.413,0.826,0.74,0.919,0.552,0.304
2015-07-09 23:00:00,0.376,0.411,0.765,0.777,0.686,0.784,0.488,0.797,0.621,0.436,0.622,0.477,0.441,0.569,0.963,0.52,0.539,0.86,0.76,0.905,0.575,0.224
2015-07-10 00:00:00,0.391,0.389,0.794,0.789,0.688,0.819,0.469,0.752,0.662,0.468,0.664,0.448,0.419,0.6,0.962,0.525,0.594,0.856,0.799,0.897,0.583,0.187
2015-07-10 01:00:00,0.353,0.386,0.823,0.799,0.651,0.854,0.481,0.736,0.72,0.485,0.706,0.445,0.458,0.642,0.966,0.528,0.589,0.867,0.802,0.897,0.594,0.172
2015-07-10 02:00:00,0.32,0.391,0.857,0.801,0.637,0.838,0.492,0.742,0.736,0.482,0.738,0.423,0.437,0.675,0.959,0.529,0.593,0.883,0.791,0.914,0.598,0.178
2015-07-10 03:00:00,0.293,0.391,0.875,0.817,0.661,0.868,0.524,0.772,0.721,0.481,0.737,0.434,0.445,0.696,0.961,0.519,0.612,0.855,0.834,0.925,0.596,0.142
2015-07-10 04:00:00,0.323,0.386,0.881,0.8,0.656,0.882,0.488,0.747,0.694,0.428,0.632,0.435,0.436,0.645,0.963,0.475,0.539,0.813,0.823,0.922,0.592,0.123
2015-07-10 05:00:00,0.287,0.372,0.878,0.84,0.626,0.928,0.575,0.813,0.823,0.438,0.792,0.434,0.455,0.811,0.959,0.581,0.583,0.876,0.854,0.93,0.59,0.107
2015-07-10 06:00:00,0.315,0.35,0.891,0.917,0.807,0.989,0.666,0.919,0.885,0.596,0.842,0.654,0.507,0.857,0.991,0.707,0.724,0.941,0.964,0.982,0.59,0.064
2015-07-10 07:00:00,0.405,0.389,0.868,0.918,0.823,0.975,0.693,0.942,0.9,0.621,0.829,0.688,0.593,0.797,0.992,0.746,0.726,0.941,0.955,0.982,0.593,0.106
2015-07-10 08:00:00,0.438,0.419,0.823,0.921,0.847,0.962,0.715,0.94,0.888,0.681,0.84,0.694,0.719,0.775,0.986,0.759,0.801,0.938,0.95,0.986,0.608,0.194
2015-07-10 09:00:00,0.489,0.428,0.781,0.925,0.868,0.96,0.742,0.937,0.913,0.714,0.845,0.755,0.752,0.786,0.978,0.772,0.821,0.931,0.952,0.985,0.595,0.304
2015-07-10 10:00:00,0.517,0.408,0.768,0.836,0.718,0.888,0.649,0.879,0.811,0.567,0.726,0.573,0.638,0.684,0.925,0.67,0.721,0.788,0.822,0.966,0.567,0.457
2015-07-10 11:00:00,0.367,0.331,0.773,0.877,0.784,0.907,0.753,0.897,0.883,0.605,0.792,0.659,0.72,0.793,0.935,0.756,0.783,0.843,0.872,0.97,0.505,0.354
2015-07-10 12:00:00,0.438,0.332,0.772,0.903,0.811,0.939,0.794,0.863,0.907,0.766,0.883,0.737,0.769,0.859,0.943,0.807,0.881,0.834,0.915,0.963,0.495,0.423
2015-07-10 13:00:00,0.483,0.352,0.78,0.913,0.832,0.957,0.826,0.859,0.907,0.791,0.887,0.78,0.779,0.852,0.937,0.826,0.908,0.841,0.937,0.963,0.461,0.444
2015-07-10 14:00:00,0.521,0.347,0.805,0.915,0.793,0.958,0.782,0.824,0.931,0.817,0.899,0.77,0.797,0.884,0.957,0.836,0.882,0.865,0.933,0.96,0.455,0.487
2015-07-10 15:00:00,0.53,0.325,0.829,0.902,0.773,0.954,0.698,0.765,0.93,0.759,0.901,0.75,0.772,0.873,0.969,0.83,0.861,0.862,0.909,0.945,0.443,0.518
2015-07-10 16:00:00,0.499,0.298,0.803,0.872,0.736,0.919,0.674,0.714,0.89,0.71,0.883,0.719,0.712,0.77,0.959,0.805,0.865,0.812,0.867,0.931,0.42,0.527
2015-07-10 17:00:00,0.461,0.253,0.734,0.8,0.59,0.837,0.617,0.573,0.819,0.623,0.813,0.591,0.546,0.715,0.932,0.732,0.815,0.806,0.782,0.853,0.418,0.497
2015-07-10 18:00:00,0.363,0.197,0.628,0.694,0.427,0.736,0.569,0.389,0.648,0.469,0.75,0.403,0.423,0.732,0.905,0.55,0.642,0.745,0.608,0.761,0.372,0.377
2015-07-10 19:00:00,0.244,0.136,0.538,0.614,0.303,0.661,0.566,0.303,0.502,0.356,0.66,0.281,0.362,0.722,0.876,0.364,0.485,0.741,0.481,0.69,0.346,0.294
2015-07-10 20:00:00,0.185,0.105,0.471,0.565,0.226,0.624,0.55,0.254,0.454,0.28,0.619,0.212,0.31,0.686,0.863,0.275,0.381,0.77,0.408,0.619,0.345,0.264
2015-07-10 21:00:00,0.143,0.097,0.466,0.538,0.225,0.611,0.534,0.238,0.458,0.267,0.634,0.19,0.291,0.685,0.836,0.268,0.362,0.797,0.38,0.539,0.357,0.242
2015-07-10 22:00:00,0.111,0.096,0.495,0.557,0.366,0.594,0.48,0.35,0.529,0.289,0.672,0.301,0.27,0.757,0.834,0.368,0.41,0.835,0.406,0.521,0.358,0.207
2015-07-10 23:00:00,0.083,0.097,0.553,0.53,0.37,0.594,0.472,0.294,0.536,0.324,0.704,0.288,0.262,0.796,0.799,0.374,0.442,0.781,0.375,0.447,0.379,0.138
2015-07-11 00:00:00,0.05,0.097,0.521,0.512,0.396,0.594,0.494,0.251,0.493,0.322,0.707,0.287,0.317,0.802,0.763,0.329,0.436,0.743,0.392,0.374,0.345,0.088
2015-07-11 01:00:00,0.03,0.092,0.477,0.498,0.373,0.582,0.513,0.2,0.501,0.317,0.695,0.314,0.346,0.783,0.736,0.35,0.407,0.735,0.388,0.338,0.322,0.048
2015-07-11 02:00:00,0.021,0.084,0.445,0.468,0.291,0.533,0.53,0.181,0.501,0.349,0.683,0.291,0.369,0.765,0.664,0.37,0.431,0.71,0.356,0.325,0.313,0.02
2015-07-11 03:00:00,0.018,0.076,0.471,0.448,0.234,0.516,0.557,0.176,0.482,0.382,0.658,0.25,0.406,0.758,0.601,0.359,0.478,0.654,0.368,0.296,0.305,0.015
2015-07-11 04:00:00,0.017,0.071,0.524,0.405,0.167,0.503,0.566,0.131,0.461,0.378,0.593,0.191,0.421,0.728,0.56,0.309,0.483,0.589,0.327,0.23,0.291,0.017
2015-07-11 05:00:00,0.021,0.072,0.563,0.34,0.098,0.417,0.519,0.079,0.384,0.296,0.539,0.103,0.398,0.644,0.587,0.186,0.379,0.57,0.206,0.165,0.269,0.019
2015-07-11 06:00:00,0.016,0.066,0.538,0.376,0.068,0.472,0.689,0.05,0.39,0.289,0.742,0.084,0.483,0.76,0.628,0.164,0.372,0.646,0.201,0.166,0.221,0.013
2015-07-11 07:00:00,0.006,0.048,0.399,0.381,0.088,0.425,0.763,0.059,0.441,0.314,0.703,0.105,0.562,0.692,0.619,0.235,0.398,0.656,0.236,0.147,0.186,0.02
2015-07-11 08:00:00,0.008,0.033,0.375,0.39,0.125,0.378,0.744,0.088,0.458,0.487,0.667,0.144,0.774,0.667,0.651,0.318,0.602,0.706,0.232,0.134,0.145,0.049
2015-07-11 09:00:00,0.01,0.028,0.402,0.369,0.128,0.356,0.705,0.097,0.418,0.445,0.646,0.144,0.762,0.687,0.645,0.291,0.571,0.69,0.193,0.114,0.113,0.056
2015-07-11 10:00:00,0.01,0.027,0.415,0.261,0.066,0.188,0.477,0.085,0.226,0.263,0.462,0.078,0.45,0.616,0.502,0.17,0.362,0.598,0.105,0.097,0.107,0.053
2015-07-11 11:00:00,0.003,0.02,0.397,0.292,0.086,0.222,0.55,0.09,0.271,0.269,0.579,0.099,0.512,0.687,0.553,0.193,0.385,0.651,0.114,0.093,0.096,0.023
2015-07-11 12:00:00,0.006,0.022,0.409,0.296,0.087,0.253,0.635,0.07,0.322,0.293,0.644,0.111,0.525,0.74,0.495,0.206,0.423,0.661,0.117,0.08,0.092,0.03
2015-07-11 13:00:00,0.008,0.022,0.469,0.283,0.092,0.221,0.664,0.08,0.312,0.28,0.616,0.11,0.444,0.773,0.468,0.202,0.413,0.632,0.11,0.08,0.092,0.044
2015-07-11 14:00:00,0.009,0.027,0.553,0.269,0.096,0.203,0.66,0.066,0.28,0.259,0.619,0.129,0.376,0.774,0.416,0.203,0.353,0.62,0.11,0.074,0.091,0.058
2015-07-11 15:00:00,0.011,0.037,0.632,0.248,0.086,0.188,0.571,0.067,0.259,0.252,0.554,0.118,0.315,0.752,0.37,0.211,0.326,0.582,0.105,0.074,0.091,0.071
2015-07-11 16:00:00,0.014,0.051,0.698,0.229,0.09,0.157,0.503,0.096,0.21,0.203,0.48,0.098,0.211,0.749,0.351,0.169,0.271,0.568,0.102,0.075,0.087,0.068
2015-07-11 17:00:00,0.016,0.058,0.696,0.189,0.097,0.121,0.377,0.093,0.143,0.115,0.369,0.087,0.113,0.66,0.273,0.132,0.168,0.463,0.114,0.067,0.08,0.065
2015-07-11 18:00:00,0.018,0.061,0.6,0.156,0.122,0.098,0.326,0.076,0.108,0.07,0.31,0.097,0.084,0.587,0.199,0.114,0.121,0.387,0.102,0.052,0.073,0.046
2015-07-11 19:00:00,0.029,0.061,0.559,0.135,0.118,0.083,0.282,0.064,0.089,0.058,0.263,0.12,0.067,0.516,0.148,0.123,0.109,0.323,0.095,0.05,0.065,0.035
2015-07-11 20:00:00,0.046,0.076,0.522,0.12,0.09,0.076,0.246,0.062,0.075,0.056,0.234,0.102,0.043,0.449,0.13,0.099,0.096,0.276,0.089,0.052,0.075,0.025
2015-07-11 21:00:00,0.04,0.091,0.536,0.116,0.058,0.069,0.263,0.059,0.059,0.048,0.224,0.067,0.031,0.39,0.148,0.061,0.086,0.254,0.087,0.058,0.083,0.015
2015-07-11 22:00:00,0.024,0.103,0.544,0.111,0.033,0.041,0.287,0.051,0.033,0.023,0.193,0.037,0.037,0.36,0.154,0.02,0.048,0.248,0.079,0.08,0.086,0.01
2015-07-11 23:00:00,0.011,0.096,0.576,0.101,0.028,0.038,0.272,0.019,0.031,0.016,0.175,0.06,0.033,0.336,0.188,0.025,0.035,0.226,0.062,0.046,0.087,0.005
2015-07-12 00:00:00,0.005,0.11,0.569,0.094,0.033,0.037,0.254,0.014,0.033,0.015,0.16,0.076,0.035,0.31,0.202,0.032,0.033,0.234,0.036,0.033,0.082,0.003
2015-07-12 01:00:00,0.002,0.119,0.549,0.089,0.041,0.042,0.231,0.012,0.041,0.015,0.156,0.088,0.048,0.262,0.199,0.042,0.038,0.238,0.025,0.024,0.078,0.003
2015-07-12 02:00:00,0.004,0.121,0.511,0.081,0.031,0.041,0.217,0.013,0.052,0.019,0.168,0.076,0.064,0.249,0.157,0.048,0.044,0.24,0.018,0.022,0.074,0.002
2015-07-12 03:00:00,0.007,0.126,0.486,0.077,0.027,0.031,0.221,0.015,0.06,0.03,0.158,0.057,0.079,0.257,0.149,0.052,0.054,0.211,0.014,0.024,0.073,0.002
2015-07-12 04:00:00,0.015,0.127,0.479,0.074,0.032,0.031,0.199,0.014,0.047,0.045,0.12,0.049,0.09,0.25,0.138,0.045,0.066,0.187,0.016,0.038,0.072,0.003
2015-07-12 05:00:00,0.027,0.129,0.458,0.06,0.025,0.024,0.13,0.012,0.039,0.047,0.07,0.044,0.078,0.289,0.093,0.053,0.044,0.147,0.022,0.041,0.066,0.004
2015-07-12 06:00:00,0.03,0.131,0.449,0.043,0.009,0.016,0.116,0.01,0.018,0.033,0.067,0.015,0.038,0.273,0.067,0.029,0.024,0.123,0.009,0.023,0.064,0.003
2015-07-12 07:00:00,0.023,0.119,0.391,0.048,0.007,0.016,0.203,0.007,0.023,0.042,0.086,0.015,0.071,0.28,0.059,0.037,0.029,0.122,0.01,0.022,0.071,0.001
2015-07-12 08:00:00,0.017,0.105,0.361,0.06,0.009,0.017,0.311,0.009,0.038,0.059,0.113,0.02,0.144,0.308,0.069,0.048,0.052,0.136,0.015,0.024,0.073,0.005
2015-07-12 09:00:00,0.035,0.111,0.339,0.065,0.011,0.019,0.295,0.013,0.048,0.08,0.122,0.021,0.174,0.311,0.091,0.051,0.076,0.138,0.014,0.023,0.072,0.018
2015-07-12 10:00:00,0.093,0.125,0.355,0.043,0.004,0.014,0.196,0.005,0.022,0.045,0.068,0.012,0.089,0.223,0.075,0.027,0.04,0.093,0.007,0.016,0.062,0.028
2015-07-12 11:00:00,0.049,0.099,0.276,0.049,0.01,0.017,0.202,0.019,0.016,0.044,0.079,0.015,0.129,0.228,0.068,0.028,0.068,0.122,0.011,0.024,0.038,0.026
2015-07-12 12:00:00,0.115,0.13,0.367,0.058,0.043,0.027,0.207,0.034,0.015,0.036,0.08,0.022,0.13,0.215,0.068,0.022,0.059,0.172,0.024,0.029,0.038,0.041
2015-07-12 13:00:00,0.179,0.165,0.417,0.074,0.065,0.047,0.164,0.047,0.02,0.038,0.094,0.045,0.086,0.229,0.078,0.029,0.051,0.22,0.045,0.052,0.035,0.062
2015-07-12 14:00:00,0.243,0.2,0.462,0.104,0.097,0.066,0.124,0.101,0.038,0.039,0.123,0.093,0.103,0.287,0.092,0.051,0.053,0.262,0.059,0.121,0.037,0.09
2015-07-12 15:00:00,0.275,0.221,0.517,0.123,0.126,0.069,0.102,0.16,0.047,0.05,0.163,0.1,0.112,0.278,0.099,0.072,0.068,0.301,0.083,0.149,0.045,0.112
2015-07-12 16:00:00,0.281,0.256,0.459,0.134,0.176,0.079,0.075,0.137,0.054,0.043,0.152,0.084,0.084,0.289,0.092,0.072,0.057,0.219,0.18,0.12,0.05,0.112
2015-07-12 17:00:00,0.278,0.273,0.382,0.141,0.264,0.136,0.041,0.079,0.068,0.019,0.106,0.071,0.052,0.248,0.077,0.062,0.025,0.127,0.247,0.116,0.044,0.063
2015-07-12 18:00:00,0.294,0.257,0.324,0.137,0.326,0.204,0.035,0.082,0.147,0.012,0.089,0.121,0.054,0.201,0.081,0.085,0.018,0.09,0.183,0.13,0.041,0.017
2015-07-12 19:00:00,0.323,0.244,0.292,0.116,0.227,0.182,0.045,0.129,0.217,0.02,0.086,0.21,0.084,0.132,0.076,0.17,0.039,0.068,0.09,0.139,0.043,0.022
2015-07-12 20:00:00,0.313,0.228,0.248,0.12,0.135,0.145,0.064,0.197,0.158,0.038,0.084,0.255,0.149,0.081,0.079,0.267,0.081,0.067,0.094,0.159,0.053,0.071
2015-07-12 21:00:00,0.278,0.212,0.236,0.137,0.111,0.164,0.095,0.274,0.076,0.063,0.078,0.219,0.164,0.053,0.094,0.215,0.11,0.07,0.138,0.194,0.062,0.109
2015-07-12 22:00:00,0.249,0.208,0.229,0.175,0.28,0.163,0.175,0.406,0.096,0.166,0.083,0.161,0.135,0.037,0.094,0.172,0.151,0.062,0.227,0.242,0.063,0.108
2015-07-12 23:00:00,0.271,0.209,0.217,0.189,0.34,0.158,0.175,0.386,0.173,0.18,0.075,0.131,0.101,0.033,0.11,0.155,0.121,0.075,0.27,0.248,0.064,0.118
2015-07-13 00:00:00,0.299,0.211,0.198,0.204,0.396,0.158,0.17,0.367,0.256,0.195,0.086,0.137,0.078,0.034,0.148,0.102,0.115,0.092,0.324,0.215,0.061,0.139
2015-07-13 01:00:00,0.265,0.209,0.167,0.221,0.405,0.197,0.161,0.339,0.282,0.139,0.114,0.217,0.063,0.047,0.181,0.103,0.108,0.108,0.346,0.213,0.06,0.162
2015-07-13 02:00:00,0.25,0.213,0.139,0.217,0.372,0.217,0.14,0.323,0.289,0.093,0.121,0.234,0.053,0.061,0.198,0.191,0.094,0.099,0.274,0.251,0.064,0.229
2015-07-13 03:00:00,0.215,0.211,0.118,0.219,0.409,0.172,0.121,0.331,0.255,0.151,0.126,0.231,0.07,0.08,0.208,0.239,0.145,0.091,0.239,0.299,0.062,0.312
2015-07-13 04:00:00,0.224,0.203,0.107,0.244,0.409,0.156,0.116,0.353,0.229,0.193,0.123,0.266,0.12,0.072,0.254,0.265,0.182,0.089,0.293,0.328,0.05,0.291
2015-07-13 05:00:00,0.278,0.196,0.095,0.265,0.469,0.188,0.114,0.395,0.227,0.223,0.097,0.301,0.171,0.036,0.268,0.362,0.199,0.069,0.326,0.346,0.035,0.207
2015-07-13 06:00:00,0.305,0.195,0.063,0.272,0.513,0.168,0.109,0.449,0.268,0.311,0.076,0.388,0.179,0.024,0.285,0.42,0.277,0.071,0.301,0.379,0.023,0.117
2015-07-13 07:00:00,0.334,0.183,0.041,0.253,0.579,0.167,0.109,0.305,0.268,0.348,0.069,0.531,0.175,0.028,0.235,0.523,0.319,0.076,0.299,0.287,0.02,0.094
2015-07-13 08:00:00,0.345,0.194,0.031,0.235,0.481,0.176,0.092,0.227,0.211,0.372,0.075,0.525,0.187,0.042,0.233,0.432,0.312,0.081,0.274,0.269,0.021,0.119
2015-07-13 09:00:00,0.354,0.195,0.033,0.21,0.282,0.168,0.08,0.225,0.203,0.366,0.102,0.406,0.192,0.05,0.226,0.375,0.324,0.088,0.204,0.279,0.021,0.186
2015-07-13 10:00:00,0.33,0.203,0.035,0.162,0.2,0.185,0.054,0.176,0.164,0.28,0.045,0.318,0.097,0.042,0.206,0.281,0.192,0.064,0.179,0.166,0.021,0.26
2015-07-13 11:00:00,0.243,0.167,0.039,0.173,0.186,0.212,0.047,0.215,0.187,0.233,0.059,0.4,0.135,0.058,0.224,0.248,0.157,0.099,0.193,0.156,0.016,0.248
2015-07-13 12:00:00,0.224,0.193,0.041,0.206,0.243,0.202,0.052,0.391,0.273,0.245,0.108,0.332,0.237,0.077,0.263,0.359,0.217,0.141,0.201,0.195,0.019,0.27
2015-07-13 13:00:00,0.226,0.226,0.044,0.239,0.291,0.222,0.075,0.446,0.327,0.277,0.165,0.284,0.33,0.116,0.228,0.373,0.289,0.155,0.284,0.219,0.028,0.379
2015-07-13 14:00:00,0.259,0.24,0.041,0.267,0.33,0.224,0.105,0.469,0.27,0.366,0.223,0.231,0.341,0.164,0.232,0.295,0.348,0.142,0.392,0.221,0.033,0.449
2015-07-13 15:00:00,0.282,0.227,0.051,0.276,0.348,0.368,0.157,0.46,0.255,0.429,0.247,0.269,0.341,0.167,0.198,0.27,0.418,0.148,0.351,0.249,0.033,0.367
2015-07-13 16:00:00,0.324,0.215,0.056,0.252,0.356,0.22,0.202,0.517,0.382,0.339,0.26,0.247,0.342,0.132,0.17,0.284,0.337,0.127,0.321,0.23,0.036,0.312
2015-07-13 17:00:00,0.322,0.208,0.062,0.253,0.358,0.177,0.233,0.434,0.279,0.217,0.193,0.215,0.359,0.097,0.171,0.237,0.202,0.139,0.391,0.226,0.037,0.256
2015-07-13 18:00:00,0.295,0.197,0.065,0.251,0.354,0.228,0.218,0.318,0.198,0.187,0.194,0.288,0.348,0.13,0.132,0.221,0.181,0.15,0.438,0.178,0.037,0.151
2015-07-13 19:00:00,0.299,0.184,0.065,0.223,0.287,0.212,0.246,0.274,0.251,0.231,0.192,0.283,0.246,0.158,0.126,0.261,0.211,0.135,0.358,0.151,0.044,0.09
2015-07-13 20:00:00,0.289,0.18,0.052,0.222,0.249,0.264,0.277,0.257,0.354,0.271,0.182,0.235,0.28,0.174,0.152,0.312,0.209,0.107,0.302,0.158,0.056,0.069
2015-07-13 21:00:00,0.301,0.168,0.045,0.236,0.275,0.279,0.277,0.255,0.357,0.309,0.213,0.164,0.341,0.17,0.194,0.278,0.291,0.111,0.294,0.188,0.071,0.071
2015-07-13 22:00:00,0.323,0.171,0.043,0.262,0.288,0.339,0.306,0.228,0.493,0.324,0.254,0.227,0.372,0.166,0.227,0.3,0.384,0.122,0.329,0.17,0.083,0.1
2015-07-13 23:00:00,0.348,0.151,0.048,0.24,0.309,0.293,0.381,0.149,0.47,0.303,0.256,0.21,0.431,0.166,0.195,0.234,0.376,0.126,0.271,0.171,0.084,0.117
2015-07-14 00:00:00,0.329,0.162,0.053,0.231,0.256,0.258,0.37,0.137,0.432,0.341,0.238,0.176,0.447,0.163,0.245,0.228,0.412,0.115,0.213,0.199,0.071,0.119
2015-07-14 01:00:00,0.333,0.171,0.051,0.213,0.197,0.218,0.295,0.126,0.342,0.348,0.232,0.109,0.367,0.12,0.304,0.215,0.403,0.116,0.17,0.19,0.06,0.108
2015-07-14 02:00:00,0.375,0.181,0.048,0.188,0.148,0.168,0.296,0.131,0.273,0.299,0.223,0.09,0.367,0.095,0.288,0.211,0.338,0.129,0.131,0.165,0.051,0.095
2015-07-14 03:00:00,0.397,0.184,0.042,0.168,0.174,0.149,0.277,0.128,0.231,0.276,0.199,0.099,0.362,0.089,0.266,0.197,0.307,0.121,0.106,0.136,0.048,0.097
2015-07-14 04:00:00,0.387,0.189,0.037,0.148,0.227,0.129,0.246,0.143,0.185,0.24,0.188,0.133,0.316,0.088,0.231,0.166,0.295,0.109,0.082,0.112,0.044,0.104
2015-07-14 05:00:00,0.386,0.192,0.03,0.133,0.249,0.089,0.302,0.158,0.115,0.169,0.19,0.147,0.387,0.068,0.187,0.121,0.264,0.095,0.077,0.096,0.037,0.097
2015-07-14 06:00:00,0.421,0.203,0.018,0.115,0.228,0.067,0.234,0.091,0.095,0.118,0.139,0.172,0.428,0.046,0.17,0.111,0.187,0.078,0.06,0.089,0.036,0.071
2015-07-14 07:00:00,0.468,0.208,0.011,0.104,0.186,0.071,0.186,0.056,0.086,0.113,0.121,0.172,0.326,0.041,0.152,0.147,0.123,0.081,0.047,0.092,0.028,0.081
2015-07-14 08:00:00,0.508,0.232,0.007,0.104,0.174,0.083,0.193,0.045,0.081,0.149,0.126,0.158,0.263,0.065,0.149,0.194,0.091,0.081,0.042,0.096,0.023,0.132
2015-07-14 09:00:00,0.419,0.264,0.007,0.109,0.152,0.097,0.213,0.046,0.083,0.241,0.159,0.105,0.24,0.101,0.151,0.187,0.084,0.094,0.045,0.101,0.022,0.184
2015-07-14 10:00:00,0.333,0.256,0.012,0.106,0.132,0.1,0.156,0.036,0.051,0.261,0.099,0.124,0.167,0.142,0.15,0.151,0.128,0.103,0.07,0.095,0.023,0.263
2015-07-14 11:00:00,0.271,0.204,0.018,0.116,0.094,0.111,0.17,0.041,0.055,0.274,0.126,0.088,0.14,0.189,0.169,0.107,0.122,0.125,0.082,0.112,0.025,0.153
2015-07-14 12:00:00,0.338,0.205,0.016,0.133,0.08,0.18,0.202,0.037,0.064,0.249,0.158,0.071,0.108,0.211,0.212,0.096,0.114,0.159,0.1,0.09,0.032,0.161
2015-07-14 13:00:00,0.389,0.229,0.017,0.135,0.069,0.208,0.213,0.034,0.118,0.211,0.204,0.051,0.082,0.211,0.237,0.12,0.085,0.207,0.079,0.062,0.039,0.191
2015-07-14 14:00:00,0.434,0.244,0.027,0.135,0.054,0.183,0.223,0.032,0.152,0.186,0.262,0.033,0.113,0.234,0.241,0.112,0.118,0.255,0.057,0.054,0.049,0.238
2015-07-14 15:00:00,0.455,0.257,0.055,0.124,0.067,0.15,0.235,0.033,0.153,0.174,0.291,0.028,0.14,0.268,0.209,0.093,0.163,0.207,0.039,0.053,0.055,0.279
2015-07-14 16:00:00,0.482,0.256,0.075,0.11,0.105,0.117,0.204,0.068,0.125,0.147,0.256,0.044,0.14,0.254,0.183,0.092,0.141,0.136,0.026,0.064,0.067,0.292
2015-07-14 17:00:00,0.505,0.246,0.092,0.099,0.135,0.094,0.154,0.108,0.093,0.117,0.163,0.095,0.135,0.205,0.176,0.134,0.085,0.11,0.027,0.065,0.068,0.259
2015-07-14 18:00:00,0.486,0.222,0.077,0.09,0.238,0.081,0.139,0.101,0.068,0.118,0.12,0.151,0.102,0.134,0.139,0.143,0.083,0.113,0.028,0.055,0.067,0.204
2015-07-14 19:00:00,0.466,0.194,0.068,0.091,0.31,0.09,0.141,0.097,0.048,0.158,0.1,0.191,0.046,0.101,0.126,0.141,0.106,0.1,0.032,0.072,0.074,0.163
2015-07-14 20:00:00,0.424,0.18,0.063,0.104,0.392,0.108,0.195,0.109,0.043,0.135,0.088,0.228,0.06,0.102,0.127,0.132,0.076,0.09,0.043,0.093,0.089,0.158
2015-07-14 21:00:00,0.402,0.159,0.065,0.117,0.474,0.13,0.177,0.101,0.041,0.114,0.091,0.333,0.069,0.134,0.127,0.146,0.052,0.1,0.063,0.099,0.111,0.181
2015-07-14 22:00:00,0.376,0.147,0.071,0.134,0.537,0.139,0.117,0.087,0.045,0.119,0.082,0.519,0.044,0.141,0.138,0.182,0.026,0.11,0.093,0.119,0.142,0.197
2015-07-14 23:00:00,0.443,0.14,0.085,0.153,0.407,0.157,0.093,0.092,0.066,0.138,0.085,0.579,0.09,0.149,0.174,0.289,0.024,0.116,0.114,0.15,0.158,0.37
2015-10-01 00:00:00,0.308,0.225,0.588,0.161,0.111,0.179,0.018,0.085,0.031,0.073,0.091,0.092,0.079,0.107,0.4,0.126,0.052,0.307,0.09,0.116,0.541,0.122
2015-10-01 01:00:00,0.29,0.196,0.594,0.17,0.086,0.185,0.02,0.065,0.024,0.064,0.107,0.067,0.066,0.134,0.456,0.106,0.04,0.35,0.074,0.131,0.554,0.116
2015-10-01 02:00:00,0.288,0.184,0.612,0.178,0.067,0.183,0.023,0.059,0.019,0.055,0.126,0.055,0.06,0.163,0.491,0.097,0.031,0.39,0.061,0.145,0.575,0.108
2015-10-01 03:00:00,0.273,0.18,0.618,0.188,0.057,0.178,0.026,0.06,0.019,0.045,0.141,0.05,0.051,0.198,0.521,0.092,0.024,0.413,0.058,0.166,0.586,0.109
2015-10-01 04:00:00,0.268,0.188,0.655,0.202,0.051,0.186,0.031,0.064,0.02,0.036,0.134,0.044,0.048,0.202,0.549,0.086,0.019,0.424,0.067,0.207,0.593,0.118
2015-10-01 05:00:00,0.261,0.195,0.671,0.214,0.052,0.217,0.033,0.072,0.024,0.034,0.135,0.041,0.045,0.217,0.53,0.085,0.018,0.422,0.086,0.24,0.591,0.107
2015-10-01 06:00:00,0.268,0.2,0.672,0.198,0.051,0.205,0.029,0.077,0.035,0.026,0.142,0.035,0.03,0.217,0.49,0.071,0.016,0.39,0.093,0.199,0.59,0.096
2015-10-01 07:00:00,0.254,0.195,0.648,0.155,0.028,0.125,0.016,0.047,0.031,0.014,0.104,0.017,0.016,0.178,0.442,0.035,0.008,0.325,0.057,0.148,0.587,0.076
2015-10-01 08:00:00,0.193,0.181,0.687,0.113,0.016,0.074,0.013,0.01,0.011,0.025,0.07,0.015,0.017,0.136,0.363,0.028,0.007,0.271,0.02,0.104,0.579,0.039
2015-10-01 09:00:00,0.164,0.14,0.701,0.141,0.036,0.109,0.021,0.013,0.014,0.051,0.099,0.033,0.027,0.176,0.433,0.051,0.017,0.321,0.028,0.128,0.513,0.047
2015-10-01 10:00:00,0.207,0.128,0.675,0.169,0.044,0.157,0.019,0.023,0.013,0.037,0.128,0.041,0.023,0.217,0.486,0.047,0.015,0.354,0.038,0.173,0.51,0.041
2015-10-01 11:00:00,0.182,0.105,0.671,0.187,0.057,0.179,0.026,0.03,0.017,0.041,0.164,0.048,0.032,0.29,0.51,0.048,0.015,0.373,0.046,0.194,0.492,0.017
2015-10-01 12:00:00,0.157,0.123,0.763,0.183,0.057,0.172,0.03,0.031,0.019,0.042,0.162,0.046,0.036,0.304,0.497,0.047,0.014,0.378,0.051,0.176,0.492,0.018
2015-10-01 13:00:00,0.169,0.127,0.823,0.176,0.048,0.153,0.031,0.02,0.02,0.043,0.154,0.037,0.032,0.317,0.5,0.043,0.013,0.394,0.044,0.156,0.452,0.018
2015-10-01 14:00:00,0.183,0.13,0.848,0.173,0.039,0.145,0.031,0.013,0.017,0.037,0.156,0.032,0.022,0.327,0.499,0.037,0.011,0.386,0.037,0.155,0.423,0.019
2015-10-01 15:00:00,0.178,0.132,0.861,0.161,0.031,0.134,0.03,0.01,0.018,0.03,0.146,0.028,0.014,0.298,0.463,0.033,0.009,0.335,0.035,0.159,0.386,0.02
2015-10-01 16:00:00,0.163,0.132,0.836,0.186,0.031,0.166,0.041,0.013,0.024,0.031,0.18,0.032,0.013,0.348,0.514,0.043,0.009,0.402,0.044,0.177,0.401,0.017
2015-10-01 17:00:00,0.147,0.126,0.84,0.222,0.04,0.236,0.057,0.023,0.034,0.037,0.244,0.042,0.012,0.437,0.547,0.062,0.011,0.477,0.066,0.212,0.429,0.017
2015-10-01 18:00:00,0.176,0.148,0.838,0.244,0.048,0.275,0.073,0.03,0.055,0.042,0.292,0.051,0.011,0.488,0.56,0.082,0.018,0.52,0.08,0.238,0.471,0.019
2015-10-01 19:00:00,0.187,0.162,0.821,0.259,0.046,0.294,0.096,0.036,0.082,0.043,0.333,0.054,0.01,0.506,0.571,0.084,0.017,0.559,0.083,0.258,0.501,0.016
2015-10-01 20:00:00,0.18,0.168,0.801,0.281,0.041,0.318,0.12,0.044,0.124,0.033,0.362,0.041,0.008,0.552,0.585,0.065,0.014,0.604,0.098,0.296,0.526,0.011
2015-10-01 21:00:00,0.154,0.162,0.783,0.298,0.047,0.363,0.153,0.047,0.174,0.036,0.408,0.054,0.008,0.583,0.558,0.083,0.029,0.599,0.118,0.326,0.55,0.006
2015-10-01 22:00:00,0.145,0.149,0.764,0.323,0.035,0.405,0.217,0.053,0.224,0.035,0.455,0.047,0.013,0.607,0.565,0.072,0.051,0.609,0.151,0.356,0.56,0.005
2015-10-01 23:00:00,0.155,0.141,0.792,0.328,0.032,0.371,0.23,0.068,0.238,0.035,0.432,0.044,0.018,0.589,0.584,0.059,0.051,0.6,0.174,0.366,0.534,0.006
2015-10-02 00:00:00,0.163,0.13,0.792,0.342,0.039,0.37,0.241,0.079,0.256,0.031,0.427,0.051,0.022,0.568,0.61,0.06,0.057,0.603,0.192,0.392,0.548,0.007
2015-10-02 01:00:00,0.16,0.121,0.793,0.348,0.029,0.402,0.252,0.066,0.268,0.027,0.44,0.043,0.026,0.569,0.633,0.049,0.055,0.609,0.183,0.397,0.593,0.009
2015-10-02 02:00:00,0.163,0.116,0.801,0.346,0.018,0.411,0.253,0.056,0.257,0.017,0.458,0.03,0.022,0.581,0.648,0.031,0.04,0.623,0.174,0.382,0.631,0.015
2015-10-02 03:00:00,0.181,0.107,0.811,0.345,0.017,0.417,0.246,0.056,0.255,0.009,0.468,0.029,0.019,0.597,0.642,0.029,0.04,0.614,0.179,0.373,0.661,0.019
2015-10-02 04:00:00,0.196,0.104,0.816,0.33,0.017,0.405,0.248,0.055,0.247,0.007,0.454,0.031,0.021,0.575,0.61,0.029,0.049,0.585,0.177,0.346,0.687,0.019
2015-10-02 05:00:00,0.203,0.106,0.832,0.327,0.018,0.411,0.262,0.059,0.246,0.007,0.442,0.031,0.022,0.546,0.595,0.024,0.051,0.554,0.182,0.346,0.714,0.018
2015-10-02 06:00:00,0.201,0.11,0.848,0.309,0.021,0.374,0.245,0.059,0.202,0.01,0.397,0.039,0.025,0.518,0.596,0.028,0.05,0.535,0.164,0.321,0.734,0.019
2015-10-02 07:00:00,0.204,0.112,0.851,0.272,0.018,0.331,0.137,0.057,0.118,0.018,0.322,0.041,0.02,0.434,0.592,0.038,0.035,0.467,0.129,0.278,0.741,0.023
2015-10-02 08:00:00,0.189,0.104,0.878,0.243,0.006,0.261,0.114,0.031,0.071,0.007,0.296,0.013,0.009,0.477,0.614,0.013,0.014,0.515,0.079,0.213,0.748,0.017
2015-10-02 09:00:00,0.137,0.069,0.872,0.26,0.006,0.322,0.147,0.024,0.093,0.006,0.361,0.013,0.01,0.544,0.601,0.015,0.016,0.551,0.096,0.216,0.731,0.011
2015-10-02 10:00:00,0.16,0.05,0.873,0.27,0.011,0.357,0.165,0.03,0.103,0.005,0.393,0.018,0.015,0.59,0.576,0.018,0.02,0.565,0.109,0.222,0.725,0.028
2015-10-02 11:00:00,0.224,0.049,0.882,0.279,0.009,0.381,0.179,0.029,0.107,0.004,0.426,0.017,0.018,0.622,0.594,0.017,0.019,0.581,0.112,0.221,0.718,0.046
2015-10-02 12:00:00,0.238,0.052,0.888,0.281,0.011,0.37,0.182,0.025,0.115,0.004,0.438,0.02,0.023,0.624,0.623,0.017,0.019,0.588,0.109,0.208,0.736,0.052
2015-10-02 13:00:00,0.267,0.057,0.891,0.268,0.016,0.329,0.173,0.019,0.113,0.004,0.418,0.022,0.027,0.616,0.628,0.016,0.019,0.592,0.094,0.183,0.766,0.052
2015-10-02 14:00:00,0.291,0.066,0.892,0.237,0.024,0.27,0.15,0.015,0.102,0.005,0.359,0.037,0.03,0.562,0.575,0.025,0.023,0.544,0.078,0.151,0.798,0.054
2015-10-02 15:00:00,0.307,0.075,0.887,0.213,0.03,0.222,0.179,0.011,0.1,0.011,0.371,0.053,0.039,0.592,0.501,0.042,0.047,0.501,0.061,0.117,0.81,0.069
2015-10-02 16:00:00,0.303,0.084,0.875,0.235,0.041,0.253,0.251,0.012,0.115,0.015,0.425,0.076,0.06,0.633,0.548,0.06,0.074,0.54,0.06,0.123,0.81,0.088
2015-10-02 17:00:00,0.342,0.11,0.876,0.253,0.064,0.284,0.322,0.018,0.137,0.015,0.452,0.129,0.094,0.621,0.577,0.077,0.075,0.568,0.062,0.131,0.804,0.131
2015-10-02 18:00:00,0.436,0.157,0.879,0.26,0.098,0.29,0.366,0.029,0.171,0.014,0.451,0.208,0.154,0.603,0.575,0.107,0.079,0.58,0.063,0.124,0.777,0.188
2015-10-02 19:00:00,0.51,0.193,0.879,0.258,0.129,0.279,0.385,0.043,0.185,0.016,0.449,0.282,0.256,0.594,0.552,0.144,0.081,0.566,0.059,0.11,0.745,0.216
2015-10-02 20:00:00,0.53,0.199,0.869,0.256,0.134,0.262,0.385,0.057,0.179,0.015,0.451,0.284,0.321,0.603,0.54,0.161,0.064,0.564,0.055,0.11,0.706,0.226
2015-10-02 21:00:00,0.508,0.197,0.857,0.246,0.151,0.231,0.363,0.072,0.176,0.013,0.43,0.264,0.32,0.597,0.516,0.166,0.048,0.545,0.053,0.11,0.665,0.238
2015-10-02 22:00:00,0.474,0.186,0.839,0.246,0.183,0.199,0.383,0.084,0.215,0.02,0.432,0.267,0.352,0.609,0.492,0.222,0.061,0.539,0.058,0.104,0.612,0.239
2015-10-02 23:00:00,0.435,0.186,0.834,0.232,0.178,0.163,0.373,0.084,0.258,0.033,0.41,0.306,0.345,0.573,0.453,0.267,0.077,0.49,0.069,0.079,0.573,0.215
2015-10-03 00:00:00,0.41,0.165,0.787,0.223,0.171,0.143,0.389,0.098,0.326,0.049,0.399,0.352,0.355,0.538,0.4,0.301,0.113,0.444,0.089,0.058,0.491,0.21
2015-10-03 01:00:00,0.389,0.146,0.687,0.209,0.184,0.113,0.4,0.118,0.384,0.059,0.371,0.374,0.372,0.492,0.323,0.314,0.156,0.395,0.111,0.044,0.435,0.204
2015-10-03 02:00:00,0.38,0.128,0.562,0.191,0.215,0.079,0.37,0.125,0.405,0.053,0.319,0.402,0.386,0.422,0.251,0.314,0.167,0.331,0.124,0.043,0.388,0.231
2015-10-03 03:00:00,0.375,0.112,0.483,0.179,0.268,0.053,0.334,0.137,0.412,0.042,0.27,0.455,0.389,0.353,0.202,0.333,0.136,0.279,0.139,0.044,0.348,0.261
2015-10-03 04:00:00,0.366,0.101,0.4,0.168,0.298,0.034,0.293,0.162,0.402,0.033,0.227,0.488,0.369,0.307,0.154,0.342,0.085,0.236,0.163,0.038,0.314,0.293
2015-10-03 05:00:00,0.369,0.096,0.308,0.157,0.302,0.024,0.259,0.174,0.368,0.033,0.195,0.527,0.339,0.265,0.112,0.344,0.048,0.19,0.181,0.038,0.278,0.326
2015-10-03 06:00:00,0.38,0.09,0.218,0.147,0.322,0.024,0.209,0.199,0.292,0.046,0.156,0.56,0.275,0.209,0.086,0.349,0.032,0.141,0.186,0.052,0.253,0.356
2015-10-03 07:00:00,0.393,0.088,0.128,0.116,0.259,0.041,0.093,0.171,0.181,0.049,0.087,0.519,0.146,0.099,0.065,0.312,0.033,0.066,0.153,0.071,0.222,0.383
2015-10-03 08:00:00,0.358,0.082,0.043,0.074,0.159,0.035,0.038,0.084,0.108,0.027,0.039,0.482,0.096,0.057,0.03,0.245,0.021,0.031,0.094,0.052,0.192,0.352
2015-10-03 09:00:00,0.33,0.061,0.013,0.069,0.157,0.037,0.024,0.065,0.14,0.027,0.035,0.524,0.081,0.042,0.015,0.314,0.032,0.02,0.093,0.029,0.157,0.327
2015-10-03 10:00:00,0.323,0.047,0.006,0.065,0.117,0.045,0.018,0.06,0.148,0.033,0.032,0.424,0.075,0.022,0.01,0.291,0.046,0.013,0.092,0.035,0.158,0.394
2015-10-03 11:00:00,0.278,0.038,0.005,0.072,0.128,0.048,0.023,0.065,0.173,0.046,0.034,0.432,0.082,0.016,0.008,0.331,0.065,0.01,0.1,0.046,0.138,0.426
2015-10-03 12:00:00,0.278,0.037,0.005,0.086,0.156,0.058,0.033,0.08,0.213,0.059,0.042,0.48,0.095,0.015,0.011,0.364,0.087,0.012,0.122,0.058,0.14,0.482
2015-10-03 13:00:00,0.274,0.032,0.004,0.104,0.176,0.082,0.038,0.103,0.246,0.066,0.049,0.476,0.111,0.02,0.019,0.355,0.101,0.018,0.155,0.078,0.145,0.513
2015-10-03 14:00:00,0.272,0.029,0.003,0.129,0.2,0.12,0.042,0.127,0.276,0.074,0.061,0.463,0.128,0.026,0.036,0.344,0.12,0.031,0.197,0.109,0.125,0.547
2015-10-03 15:00:00,0.285,0.031,0.002,0.147,0.24,0.146,0.056,0.118,0.281,0.096,0.091,0.421,0.159,0.034,0.063,0.307,0.148,0.052,0.208,0.137,0.101,0.559
2015-10-03 16:00:00,0.269,0.031,0.003,0.215,0.321,0.249,0.099,0.108,0.39,0.154,0.174,0.488,0.276,0.052,0.133,0.382,0.217,0.119,0.262,0.201,0.107,0.52
2015-10-03 17:00:00,0.298,0.041,0.015,0.31,0.376,0.37,0.161,0.131,0.514,0.223,0.274,0.571,0.396,0.091,0.242,0.462,0.297,0.225,0.354,0.293,0.148,0.553
2015-10-03 18:00:00,0.326,0.052,0.044,0.368,0.392,0.421,0.224,0.17,0.548,0.256,0.338,0.619,0.46,0.149,0.313,0.491,0.347,0.312,0.422,0.338,0.202,0.555
2015-10-03 19:00:00,0.338,0.056,0.072,0.387,0.399,0.456,0.273,0.183,0.525,0.24,0.369,0.649,0.483,0.214,0.347,0.492,0.336,0.368,0.466,0.29,0.244,0.553
2015-10-03 20:00:00,0.341,0.06,0.101,0.388,0.397,0.473,0.329,0.18,0.515,0.221,0.38,0.678,0.495,0.276,0.363,0.497,0.29,0.411,0.482,0.22,0.268,0.554
2015-10-03 21:00:00,0.351,0.062,0.132,0.367,0.386,0.44,0.357,0.173,0.508,0.19,0.377,0.686,0.47,0.306,0.352,0.496,0.227,0.431,0.456,0.165,0.28,0.558
2015-10-03 22:00:00,0.33,0.06,0.172,0.367,0.422,0.405,0.407,0.151,0.537,0.224,0.377,0.722,0.54,0.342,0.354,0.568,0.251,0.436,0.454,0.133,0.286,0.518
2015-10-03 23:00:00,0.343,0.076,0.227,0.341,0.407,0.35,0.387,0.169,0.538,0.234,0.334,0.705,0.54,0.324,0.331,0.615,0.239,0.409,0.415,0.111,0.307,0.501
2015-10-04 00:00:00,0.28,0.075,0.232,0.308,0.349,0.322,0.385,0.183,0.531,0.248,0.316,0.656,0.543,0.316,0.295,0.627,0.24,0.392,0.353,0.079,0.288,0.478
2015-10-04 01:00:00,0.238,0.075,0.25,0.292,0.336,0.318,0.385,0.206,0.526,0.261,0.315,0.631,0.55,0.325,0.272,0.622,0.246,0.39,0.313,0.066,0.285,0.468
2015-10-04 02:00:00,0.218,0.087,0.269,0.273,0.32,0.296,0.373,0.202,0.522,0.259,0.308,0.595,0.53,0.329,0.234,0.591,0.233,0.382,0.289,0.056,0.287,0.449
2015-10-04 03:00:00,0.184,0.093,0.294,0.279,0.31,0.303,0.377,0.25,0.555,0.264,0.314,0.547,0.529,0.3,0.226,0.576,0.255,0.373,0.303,0.078,0.288,0.411
2015-10-04 04:00:00,0.149,0.093,0.329,0.285,0.26,0.305,0.391,0.232,0.558,0.265,0.344,0.469,0.544,0.302,0.235,0.539,0.295,0.384,0.292,0.115,0.28,0.393
2015-10-04 05:00:00,0.126,0.092,0.368,0.281,0.207,0.288,0.404,0.223,0.535,0.271,0.368,0.416,0.577,0.311,0.245,0.506,0.341,0.392,0.269,0.125,0.285,0.388
2015-10-04 06:00:00,0.129,0.102,0.386,0.247,0.185,0.249,0.367,0.245,0.475,0.248,0.348,0.391,0.566,0.262,0.208,0.461,0.329,0.359,0.231,0.096,0.288,0.378
2015-10-04 07:00:00,0.143,0.11,0.364,0.187,0.132,0.157,0.301,0.189,0.381,0.192,0.292,0.307,0.51,0.176,0.131,0.349,0.259,0.313,0.153,0.095,0.301,0.364
2015-10-04 08:00:00,0.154,0.106,0.297,0.131,0.097,0.093,0.197,0.107,0.356,0.098,0.209,0.336,0.422,0.117,0.072,0.436,0.14,0.187,0.103,0.049,0.307,0.312
2015-10-04 09:00:00,0.143,0.081,0.171,0.131,0.095,0.073,0.192,0.104,0.341,0.122,0.23,0.265,0.442,0.135,0.075,0.517,0.144,0.176,0.108,0.032,0.312,0.35
2015-10-04 10:00:00,0.108,0.072,0.103,0.109,0.078,0.07,0.138,0.121,0.182,0.085,0.167,0.132,0.421,0.139,0.083,0.291,0.094,0.139,0.09,0.056,0.337,0.457
2015-10-04 11:00:00,0.064,0.07,0.09,0.111,0.095,0.106,0.158,0.134,0.143,0.101,0.155,0.105,0.478,0.171,0.064,0.243,0.109,0.131,0.091,0.068,0.327,0.363
2015-10-04 12:00:00,0.069,0.074,0.084,0.123,0.102,0.114,0.193,0.159,0.128,0.118,0.159,0.104,0.509,0.201,0.08,0.231,0.133,0.137,0.095,0.091,0.355,0.361
2015-10-04 13:00:00,0.075,0.075,0.075,0.128,0.085,0.099,0.207,0.151,0.112,0.131,0.154,0.084,0.51,0.204,0.082,0.21,0.142,0.141,0.108,0.113,0.391,0.332
2015-10-04 14:00:00,0.077,0.075,0.061,0.126,0.091,0.108,0.192,0.147,0.089,0.137,0.136,0.079,0.438,0.194,0.076,0.204,0.131,0.133,0.117,0.121,0.398,0.274
2015-10-04 15:00:00,0.072,0.069,0.056,0.131,0.106,0.119,0.228,0.155,0.068,0.151,0.11,0.097,0.419,0.19,0.079,0.213,0.126,0.106,0.125,0.137,0.388,0.23
2015-10-04 16:00:00,0.056,0.062,0.074,0.153,0.104,0.149,0.315,0.143,0.087,0.196,0.13,0.106,0.459,0.218,0.115,0.257,0.195,0.126,0.126,0.157,0.369,0.163
2015-10-04 17:00:00,0.037,0.054,0.102,0.2,0.125,0.193,0.41,0.169,0.143,0.235,0.162,0.152,0.499,0.242,0.19,0.323,0.305,0.185,0.168,0.188,0.344,0.12
2015-10-04 18:00:00,0.037,0.058,0.118,0.222,0.129,0.224,0.444,0.171,0.186,0.24,0.186,0.168,0.514,0.231,0.237,0.342,0.381,0.219,0.198,0.174,0.328,0.096
2015-10-04 19:00:00,0.039,0.057,0.124,0.223,0.137,0.255,0.436,0.162,0.206,0.193,0.216,0.138,0.53,0.209,0.235,0.299,0.393,0.23,0.216,0.14,0.314,0.071
2015-10-04 20:00:00,0.047,0.057,0.115,0.209,0.148,0.26,0.419,0.136,0.198,0.129,0.242,0.117,0.513,0.199,0.216,0.225,0.331,0.23,0.207,0.11,0.303,0.056
2015-10-04 21:00:00,0.05,0.056,0.099,0.183,0.123,0.228,0.377,0.11,0.163,0.094,0.233,0.101,0.436,0.183,0.202,0.163,0.269,0.205,0.17,0.1,0.286,0.044
2015-10-04 22:00:00,0.04,0.054,0.075,0.169,0.098,0.196,0.343,0.104,0.147,0.074,0.227,0.079,0.39,0.163,0.193,0.118,0.238,0.191,0.147,0.114,0.274,0.033
2015-10-04 23:00:00,0.028,0.055,0.08,0.153,0.117,0.176,0.269,0.114,0.101,0.053,0.185,0.057,0.282,0.124,0.183,0.072,0.166,0.165,0.148,0.114,0.282,0.033
2015-10-05 00:00:00,0.033,0.05,0.056,0.135,0.129,0.157,0.206,0.124,0.082,0.041,0.152,0.061,0.196,0.098,0.174,0.049,0.113,0.134,0.145,0.094,0.246,0.034
2015-10-05 01:00:00,0.04,0.048,0.033,0.12,0.125,0.141,0.152,0.099,0.089,0.038,0.119,0.082,0.136,0.076,0.162,0.048,0.082,0.11,0.134,0.083,0.226,0.029
2015-10-05 02:00:00,0.041,0.046,0.017,0.105,0.096,0.122,0.118,0.073,0.103,0.04,0.096,0.096,0.104,0.066,0.147,0.062,0.065,0.107,0.107,0.083,0.211,0.021
2015-10-05 03:00:00,0.047,0.048,0.013,0.091,0.065,0.097,0.1,0.07,0.093,0.045,0.075,0.092,0.087,0.061,0.116,0.087,0.058,0.101,0.075,0.102,0.198,0.019
2015-10-05 04:00:00,0.05,0.059,0.017,0.082,0.06,0.082,0.078,0.071,0.067,0.049,0.062,0.081,0.075,0.052,0.095,0.103,0.061,0.087,0.064,0.107,0.196,0.026
2015-10-05 05:00:00,0.048,0.072,0.028,0.077,0.081,0.085,0.067,0.078,0.064,0.048,0.066,0.094,0.079,0.045,0.083,0.104,0.067,0.088,0.069,0.079,0.192,0.03
2015-10-05 06:00:00,0.045,0.081,0.039,0.076,0.099,0.075,0.061,0.067,0.079,0.036,0.077,0.11,0.084,0.046,0.088,0.089,0.053,0.096,0.071,0.065,0.193,0.025
2015-10-05 07:00:00,0.034,0.088,0.041,0.058,0.063,0.063,0.038,0.033,0.055,0.019,0.05,0.073,0.056,0.036,0.092,0.055,0.024,0.085,0.049,0.042,0.178,0.018
2015-10-05 08:00:00,0.026,0.084,0.033,0.045,0.025,0.053,0.023,0.01,0.041,0.011,0.032,0.041,0.041,0.024,0.092,0.032,0.01,0.082,0.032,0.029,0.146,0.01
2015-10-05 09:00:00,0.017,0.069,0.026,0.048,0.02,0.074,0.023,0.007,0.051,0.011,0.036,0.038,0.046,0.028,0.105,0.034,0.011,0.081,0.035,0.023,0.114,0.012
2015-10-05 10:00:00,0.015,0.062,0.025,0.045,0.016,0.08,0.019,0.006,0.063,0.011,0.041,0.031,0.047,0.026,0.08,0.041,0.014,0.091,0.034,0.015,0.111,0.011
2015-10-05 11:00:00,0.008,0.057,0.029,0.05,0.025,0.071,0.024,0.011,0.091,0.018,0.069,0.037,0.037,0.044,0.085,0.057,0.027,0.091,0.036,0.023,0.109,0.008
2015-10-05 12:00:00,0.008,0.073,0.041,0.054,0.036,0.066,0.026,0.015,0.095,0.028,0.083,0.047,0.025,0.055,0.08,0.066,0.043,0.089,0.039,0.031,0.113,0.01
2015-10-05 13:00:00,0.026,0.091,0.057,0.056,0.046,0.072,0.035,0.014,0.088,0.039,0.093,0.066,0.024,0.071,0.065,0.064,0.057,0.083,0.052,0.028,0.106,0.02
2015-10-05 14:00:00,0.048,0.111,0.098,0.057,0.037,0.076,0.046,0.012,0.093,0.042,0.097,0.084,0.033,0.087,0.06,0.067,0.061,0.078,0.054,0.029,0.115,0.029
2015-10-05 15:00:00,0.047,0.127,0.16,0.055,0.025,0.066,0.055,0.014,0.087,0.037,0.086,0.061,0.021,0.092,0.066,0.067,0.055,0.071,0.049,0.034,0.129,0.032
2015-10-05 16:00:00,0.037,0.127,0.239,0.08,0.034,0.065,0.067,0.038,0.109,0.033,0.1,0.049,0.022,0.134,0.115,0.065,0.06,0.1,0.071,0.075,0.151,0.042
2015-10-05 17:00:00,0.039,0.165,0.348,0.129,0.065,0.07,0.079,0.125,0.162,0.031,0.121,0.069,0.019,0.182,0.172,0.096,0.088,0.134,0.127,0.163,0.193,0.039
2015-10-05 18:00:00,0.044,0.232,0.43,0.16,0.104,0.082,0.086,0.186,0.178,0.032,0.148,0.094,0.017,0.214,0.189,0.133,0.11,0.133,0.175,0.212,0.236,0.026
2015-10-05 19:00:00,0.062,0.296,0.467,0.178,0.127,0.114,0.106,0.229,0.18,0.034,0.173,0.096,0.02,0.228,0.219,0.15,0.141,0.127,0.19,0.222,0.263,0.018
2015-10-05 20:00:00,0.094,0.332,0.463,0.175,0.145,0.112,0.126,0.283,0.159,0.034,0.16,0.08,0.024,0.197,0.211,0.153,0.156,0.129,0.167,0.241,0.277,0.016
2015-10-05 21:00:00,0.133,0.367,0.436,0.176,0.162,0.097,0.127,0.348,0.118,0.031,0.136,0.067,0.027,0.167,0.181,0.121,0.141,0.133,0.156,0.305,0.289,0.017
2015-10-05 22:00:00,0.167,0.389,0.444,0.218,0.238,0.12,0.124,0.419,0.138,0.033,0.104,0.097,0.028,0.103,0.179,0.139,0.131,0.125,0.253,0.393,0.297,0.014
2015-10-05 23:00:00,0.225,0.405,0.545,0.209,0.23,0.092,0.108,0.397,0.105,0.027,0.072,0.098,0.027,0.079,0.189,0.116,0.113,0.125,0.253,0.378,0.316,0.008
2015-10-06 00:00:00,0.254,0.405,0.547,0.212,0.231,0.076,0.086,0.417,0.079,0.022,0.062,0.086,0.024,0.092,0.218,0.09,0.094,0.144,0.258,0.382,0.296,0.011
2015-10-06 01:00:00,0.264,0.418,0.544,0.207,0.198,0.078,0.067,0.37,0.064,0.02,0.061,0.076,0.023,0.125,0.254,0.076,0.07,0.171,0.226,0.374,0.29,0.011
2015-10-06 02:00:00,0.247,0.433,0.553,0.201,0.155,0.072,0.056,0.385,0.061,0.021,0.066,0.064,0.023,0.151,0.296,0.073,0.052,0.209,0.164,0.381,0.293,0.007
2015-10-06 03:00:00,0.239,0.446,0.575,0.213,0.177,0.089,0.061,0.409,0.069,0.021,0.081,0.055,0.022,0.179,0.34,0.067,0.045,0.238,0.155,0.391,0.29,0.008
2015-10-06 04:00:00,0.238,0.467,0.613,0.227,0.193,0.095,0.06,0.393,0.079,0.019,0.09,0.076,0.015,0.203,0.365,0.058,0.042,0.251,0.183,0.392,0.296,0.018
2015-10-06 05:00:00,0.22,0.477,0.652,0.256,0.168,0.102,0.069,0.4,0.092,0.015,0.111,0.093,0.01,0.252,0.388,0.066,0.034,0.296,0.245,0.421,0.304,0.019
2015-10-06 06:00:00,0.19,0.472,0.667,0.269,0.149,0.128,0.053,0.428,0.108,0.012,0.103,0.092,0.005,0.315,0.392,0.088,0.013,0.315,0.259,0.443,0.315,0.015
2015-10-06 07:00:00,0.181,0.465,0.682,0.263,0.125,0.171,0.041,0.478,0.069,0.011,0.107,0.041,0.005,0.334,0.393,0.046,0.013,0.32,0.198,0.477,0.327,0.019
2015-10-06 08:00:00,0.183,0.449,0.678,0.27,0.114,0.177,0.045,0.377,0.057,0.014,0.127,0.03,0.007,0.285,0.454,0.025,0.018,0.323,0.199,0.475,0.32,0.023
2015-10-06 09:00:00,0.17,0.436,0.65,0.313,0.142,0.201,0.051,0.434,0.08,0.013,0.14,0.046,0.01,0.275,0.485,0.027,0.018,0.326,0.277,0.555,0.336,0.03
2015-10-06 10:00:00,0.161,0.424,0.602,0.373,0.193,0.301,0.044,0.521,0.122,0.02,0.177,0.076,0.007,0.264,0.482,0.041,0.023,0.334,0.397,0.64,0.361,0.039
2015-10-06 11:00:00,0.132,0.369,0.558,0.383,0.199,0.343,0.054,0.537,0.099,0.03,0.209,0.082,0.012,0.301,0.465,0.047,0.028,0.352,0.379,0.679,0.366,0.028
2015-10-06 12:00:00,0.121,0.37,0.519,0.379,0.188,0.383,0.065,0.486,0.084,0.037,0.228,0.084,0.014,0.297,0.49,0.053,0.027,0.366,0.33,0.677,0.397,0.052
2015-10-06 13:00:00,0.111,0.338,0.492,0.381,0.194,0.405,0.095,0.497,0.095,0.048,0.265,0.082,0.018,0.307,0.514,0.059,0.031,0.386,0.299,0.665,0.413,0.058
2015-10-06 14:00:00,0.11,0.316,0.517,0.389,0.201,0.401,0.152,0.472,0.127,0.069,0.303,0.097,0.028,0.338,0.534,0.079,0.049,0.429,0.314,0.626,0.41,0.065
2015-10-06 15:00:00,0.127,0.309,0.559,0.409,0.206,0.39,0.235,0.45,0.204,0.112,0.312,0.112,0.058,0.392,0.513,0.125,0.101,0.436,0.374,0.626,0.405,0.069
2015-10-06 16:00:00,0.143,0.323,0.579,0.512,0.277,0.508,0.291,0.533,0.353,0.223,0.38,0.174,0.134,0.556,0.597,0.244,0.212,0.53,0.524,0.701,0.409,0.072
2015-10-06 17:00:00,0.175,0.347,0.677,0.606,0.397,0.597,0.333,0.632,0.493,0.35,0.472,0.29,0.234,0.65,0.736,0.389,0.351,0.63,0.619,0.746,0.444,0.094
2015-10-06 18:00:00,0.211,0.378,0.747,0.668,0.475,0.639,0.365,0.696,0.556,0.4,0.586,0.382,0.28,0.689,0.804,0.457,0.43,0.717,0.683,0.79,0.473,0.118
2015-10-06 19:00:00,0.236,0.393,0.752,0.706,0.498,0.667,0.424,0.721,0.562,0.404,0.661,0.4,0.296,0.744,0.83,0.469,0.459,0.767,0.736,0.818,0.48,0.125
2015-10-06 20:00:00,0.224,0.393,0.73,0.736,0.499,0.713,0.485,0.725,0.579,0.418,0.698,0.386,0.294,0.774,0.863,0.482,0.492,0.787,0.778,0.838,0.477,0.12
2015-10-06 21:00:00,0.21,0.385,0.687,0.743,0.461,0.754,0.511,0.722,0.603,0.427,0.712,0.341,0.286,0.759,0.877,0.498,0.493,0.789,0.776,0.843,0.472,0.127
2015-10-06 22:00:00,0.197,0.375,0.629,0.735,0.414,0.8,0.54,0.653,0.627,0.396,0.751,0.312,0.294,0.78,0.897,0.5,0.458,0.829,0.744,0.787,0.463,0.132
2015-10-06 23:00:00,0.16,0.31,0.651,0.752,0.413,0.834,0.595,0.68,0.665,0.349,0.76,0.294,0.306,0.733,0.898,0.478,0.439,0.813,0.755,0.843,0.485,0.124
2015-10-07 00:00:00,0.148,0.31,0.565,0.754,0.423,0.818,0.606,0.681,0.676,0.32,0.744,0.3,0.362,0.676,0.878,0.459,0.454,0.785,0.762,0.875,0.481,0.121
2015-10-07 01:00:00,0.125,0.314,0.477,0.749,0.418,0.78,0.608,0.693,0.679,0.337,0.738,0.294,0.452,0.622,0.86,0.462,0.526,0.749,0.759,0.889,0.468,0.114
2015-10-07 02:00:00,0.102,0.32,0.448,0.745,0.412,0.771,0.609,0.716,0.689,0.371,0.73,0.275,0.516,0.585,0.841,0.452,0.606,0.713,0.759,0.896,0.461,0.101
2015-10-07 03:00:00,0.09,0.318,0.437,0.749,0.408,0.755,0.63,0.718,0.706,0.418,0.731,0.3,0.541,0.582,0.839,0.499,0.618,0.703,0.768,0.901,0.453,0.091
2015-10-07 04:00:00,0.087,0.314,0.433,0.762,0.421,0.788,0.649,0.712,0.721,0.496,0.731,0.32,0.539,0.581,0.842,0.551,0.622,0.698,0.795,0.901,0.439,0.089
2015-10-07 05:00:00,0.089,0.313,0.433,0.785,0.457,0.818,0.686,0.73,0.778,0.547,0.747,0.345,0.575,0.594,0.853,0.604,0.65,0.702,0.834,0.907,0.435,0.092
2015-10-07 06:00:00,0.095,0.305,0.464,0.784,0.494,0.85,0.689,0.771,0.795,0.542,0.715,0.371,0.626,0.496,0.838,0.618,0.673,0.657,0.827,0.916,0.429,0.098
2015-10-07 07:00:00,0.104,0.297,0.467,0.796,0.558,0.868,0.664,0.777,0.821,0.584,0.718,0.51,0.636,0.53,0.852,0.669,0.72,0.687,0.851,0.882,0.426,0.096
2015-10-07 08:00:00,0.106,0.284,0.358,0.794,0.605,0.857,0.594,0.799,0.825,0.638,0.675,0.532,0.588,0.498,0.852,0.718,0.73,0.678,0.855,0.89,0.418,0.089
2015-10-07 09:00:00,0.11,0.287,0.297,0.78,0.621,0.817,0.582,0.791,0.803,0.664,0.679,0.568,0.552,0.523,0.842,0.753,0.716,0.678,0.83,0.868,0.415,0.117
2015-10-07 10:00:00,0.121,0.283,0.292,0.738,0.514,0.768,0.561,0.678,0.738,0.58,0.677,0.555,0.522,0.526,0.831,0.725,0.631,0.671,0.767,0.808,0.422,0.155
2015-10-07 11:00:00,0.116,0.229,0.248,0.715,0.511,0.739,0.539,0.658,0.705,0.518,0.671,0.554,0.517,0.517,0.798,0.703,0.589,0.658,0.735,0.791,0.423,0.138
2015-10-07 12:00:00,0.113,0.234,0.237,0.693,0.508,0.726,0.524,0.65,0.668,0.494,0.629,0.531,0.517,0.457,0.756,0.664,0.571,0.612,0.728,0.782,0.433,0.106
2015-10-07 13:00:00,0.111,0.224,0.21,0.672,0.464,0.712,0.518,0.633,0.65,0.499,0.589,0.478,0.529,0.426,0.718,0.639,0.581,0.566,0.712,0.777,0.434,0.102
2015-10-07 14:00:00,0.103,0.217,0.188,0.655,0.449,0.699,0.506,0.605,0.651,0.511,0.561,0.435,0.541,0.405,0.679,0.647,0.591,0.516,0.71,0.758,0.428,0.095
2015-10-07 15:00:00,0.101,0.201,0.176,0.62,0.456,0.666,0.45,0.607,0.632,0.523,0.482,0.423,0.528,0.352,0.606,0.659,0.576,0.42,0.717,0.717,0.421,0.094
2015-10-07 16:00:00,0.113,0.194,0.188,0.622,0.507,0.632,0.452,0.65,0.645,0.541,0.456,0.474,0.588,0.355,0.605,0.714,0.585,0.404,0.69,0.755,0.415,0.089
2015-10-07 17:00:00,0.132,0.198,0.266,0.667,0.583,0.668,0.505,0.731,0.697,0.571,0.494,0.532,0.658,0.384,0.633,0.751,0.638,0.436,0.742,0.801,0.433,0.104
2015-10-07 18:00:00,0.137,0.206,0.357,0.672,0.619,0.668,0.528,0.761,0.699,0.56,0.52,0.506,0.697,0.399,0.645,0.734,0.655,0.456,0.721,0.814,0.437,0.102
2015-10-07 19:00:00,0.13,0.21,0.387,0.672,0.621,0.669,0.545,0.766,0.674,0.552,0.542,0.447,0.729,0.418,0.659,0.706,0.667,0.481,0.697,0.815,0.421,0.082
2015-10-07 20:00:00,0.129,0.212,0.388,0.659,0.569,0.653,0.556,0.737,0.641,0.522,0.554,0.39,0.74,0.418,0.663,0.675,0.661,0.496,0.667,0.803,0.407,0.07
2015-10-07 21:00:00,0.128,0.207,0.368,0.637,0.487,0.621,0.568,0.685,0.619,0.49,0.565,0.34,0.723,0.434,0.653,0.645,0.641,0.5,0.632,0.778,0.392,0.064
2015-10-07 22:00:00,0.125,0.198,0.339,0.621,0.397,0.653,0.614,0.538,0.635,0.429,0.644,0.275,0.699,0.53,0.694,0.575,0.598,0.58,0.578,0.695,0.381,0.071
2015-10-07 23:00:00,0.122,0.176,0.35,0.593,0.379,0.611,0.62,0.545,0.608,0.408,0.611,0.245,0.687,0.491,0.653,0.522,0.578,0.528,0.562,0.67,0.403,0.081
2015-10-08 00:00:00,0.13,0.165,0.307,0.568,0.327,0.577,0.618,0.561,0.573,0.397,0.572,0.215,0.687,0.442,0.628,0.46,0.572,0.475,0.535,0.669,0.383,0.054
2015-10-08 01:00:00,0.13,0.151,0.273,0.535,0.291,0.536,0.59,0.532,0.541,0.385,0.522,0.199,0.657,0.384,0.588,0.432,0.563,0.426,0.508,0.647,0.367,0.048
2015-10-08 02:00:00,0.126,0.139,0.229,0.524,0.293,0.518,0.576,0.525,0.544,0.365,0.501,0.218,0.646,0.363,0.572,0.434,0.547,0.412,0.516,0.618,0.358,0.042
2015-10-08 03:00:00,0.122,0.131,0.206,0.519,0.322,0.533,0.573,0.51,0.546,0.346,0.499,0.246,0.641,0.341,0.573,0.432,0.528,0.4,0.546,0.552,0.359,0.042
2015-10-08 04:00:00,0.124,0.121,0.188,0.516,0.3,0.569,0.563,0.491,0.557,0.318,0.503,0.235,0.613,0.347,0.577,0.431,0.513,0.403,0.537,0.536,0.356,0.044
2015-10-08 05:00:00,0.128,0.117,0.181,0.512,0.263,0.555,0.566,0.496,0.577,0.311,0.522,0.203,0.584,0.387,0.566,0.419,0.516,0.425,0.492,0.578,0.354,0.045
2015-10-08 06:00:00,0.129,0.112,0.185,0.492,0.237,0.498,0.57,0.496,0.552,0.255,0.52,0.166,0.554,0.398,0.53,0.355,0.492,0.42,0.466,0.585,0.35,0.04
2015-10-08 07:00:00,0.13,0.107,0.186,0.433,0.204,0.398,0.438,0.466,0.434,0.196,0.399,0.12,0.491,0.266,0.452,0.259,0.412,0.304,0.465,0.563,0.354,0.033
2015-10-08 08:00:00,0.135,0.097,0.136,0.404,0.171,0.409,0.432,0.405,0.389,0.15,0.381,0.089,0.441,0.242,0.446,0.197,0.348,0.273,0.442,0.495,0.346,0.021
2015-10-08 09:00:00,0.151,0.093,0.075,0.358,0.133,0.413,0.44,0.325,0.345,0.124,0.374,0.068,0.391,0.267,0.42,0.149,0.284,0.278,0.363,0.403,0.331,0.013
2015-10-08 10:00:00,0.156,0.082,0.094,0.295,0.085,0.377,0.376,0.232,0.297,0.077,0.335,0.044,0.276,0.231,0.36,0.091,0.195,0.254,0.297,0.307,0.35,0.008
2015-10-08 11:00:00,0.157,0.06,0.069,0.283,0.065,0.405,0.419,0.173,0.349,0.094,0.389,0.032,0.286,0.233,0.357,0.091,0.222,0.272,0.259,0.25,0.331,0.024
2015-10-08 12:00:00,0.162,0.051,0.068,0.28,0.062,0.418,0.425,0.151,0.396,0.122,0.398,0.035,0.289,0.205,0.346,0.108,0.264,0.249,0.273,0.219,0.331,0.028
2015-10-08 13:00:00,0.159,0.043,0.053,0.276,0.066,0.401,0.394,0.129,0.407,0.148,0.38,0.051,0.264,0.195,0.325,0.135,0.281,0.223,0.297,0.207,0.32,0.02
2015-10-08 14:00:00,0.151,0.038,0.047,0.273,0.073,0.394,0.353,0.112,0.397,0.155,0.357,0.067,0.261,0.197,0.304,0.158,0.283,0.203,0.32,0.201,0.306,0.024
2015-10-08 15:00:00,0.132,0.036,0.052,0.265,0.08,0.391,0.303,0.11,0.367,0.147,0.31,0.074,0.243,0.176,0.29,0.176,0.249,0.185,0.331,0.194,0.289,0.023
2015-10-08 16:00:00,0.124,0.037,0.08,0.288,0.071,0.424,0.346,0.107,0.391,0.19,0.344,0.069,0.252,0.227,0.336,0.196,0.281,0.238,0.323,0.221,0.283,0.019
2015-10-08 17:00:00,0.128,0.039,0.13,0.349,0.083,0.457,0.404,0.154,0.441,0.263,0.399,0.082,0.253,0.297,0.401,0.234,0.348,0.315,0.388,0.314,0.285,0.019
2015-10-08 18:00:00,0.12,0.044,0.171,0.375,0.093,0.442,0.431,0.204,0.436,0.261,0.402,0.087,0.237,0.319,0.397,0.238,0.357,0.336,0.434,0.379,0.297,0.02
2015-10-08 19:00:00,0.107,0.049,0.178,0.385,0.11,0.431,0.434,0.246,0.432,0.24,0.391,0.092,0.242,0.322,0.389,0.241,0.35,0.332,0.454,0.419,0.295,0.019
2015-10-08 20:00:00,0.087,0.054,0.159,0.375,0.122,0.407,0.428,0.255,0.423,0.226,0.383,0.096,0.257,0.316,0.379,0.233,0.35,0.316,0.431,0.419,0.289,0.015
2015-10-08 21:00:00,0.072,0.058,0.123,0.362,0.133,0.389,0.426,0.246,0.407,0.223,0.383,0.107,0.262,0.303,0.368,0.226,0.351,0.303,0.406,0.402,0.282,0.012
2015-10-08 22:00:00,0.062,0.058,0.092,0.382,0.136,0.432,0.445,0.271,0.375,0.171,0.424,0.089,0.252,0.338,0.409,0.192,0.306,0.322,0.421,0.426,0.272,0.009
2015-10-08 23:00:00,0.072,0.058,0.075,0.349,0.121,0.395,0.416,0.236,0.355,0.131,0.388,0.093,0.255,0.275,0.346,0.177,0.275,0.281,0.398,0.396,0.276,0.013
2015-10-09 00:00:00,0.058,0.051,0.061,0.321,0.11,0.371,0.403,0.22,0.358,0.121,0.363,0.081,0.271,0.235,0.301,0.165,0.27,0.241,0.369,0.363,0.253,0.011
2015-10-09 01:00:00,0.046,0.045,0.053,0.302,0.123,0.342,0.393,0.254,0.334,0.119,0.337,0.079,0.273,0.221,0.27,0.159,0.262,0.201,0.346,0.354,0.233,0.011
2015-10-09 02:00:00,0.04,0.042,0.054,0.295,0.146,0.316,0.373,0.27,0.331,0.135,0.309,0.102,0.271,0.209,0.247,0.16,0.274,0.18,0.36,0.344,0.222,0.012
2015-10-09 03:00:00,0.039,0.042,0.064,0.295,0.146,0.303,0.348,0.265,0.341,0.157,0.299,0.106,0.282,0.181,0.238,0.194,0.291,0.181,0.362,0.358,0.219,0.012
2015-10-09 04:00:00,0.046,0.046,0.077,0.299,0.143,0.285,0.349,0.28,0.346,0.168,0.319,0.107,0.294,0.168,0.238,0.216,0.302,0.205,0.357,0.372,0.218,0.01
2015-10-09 05:00:00,0.049,0.049,0.082,0.3,0.153,0.299,0.369,0.312,0.362,0.183,0.333,0.112,0.284,0.178,0.236,0.241,0.306,0.214,0.346,0.363,0.217,0.009
2015-10-09 06:00:00,0.05,0.054,0.071,0.286,0.16,0.297,0.356,0.309,0.372,0.163,0.307,0.106,0.256,0.158,0.21,0.228,0.294,0.189,0.34,0.345,0.216,0.011
2015-10-09 07:00:00,0.042,0.059,0.063,0.209,0.133,0.203,0.227,0.23,0.271,0.141,0.189,0.086,0.18,0.085,0.147,0.168,0.208,0.103,0.25,0.289,0.218,0.009
2015-10-09 08:00:00,0.032,0.058,0.039,0.175,0.121,0.184,0.211,0.19,0.239,0.123,0.171,0.079,0.163,0.099,0.11,0.145,0.179,0.077,0.224,0.214,0.213,0.006
2015-10-09 09:00:00,0.028,0.051,0.023,0.173,0.114,0.182,0.216,0.166,0.237,0.117,0.207,0.087,0.167,0.102,0.108,0.151,0.163,0.096,0.22,0.195,0.178,0.005
2015-10-09 10:00:00,0.023,0.044,0.048,0.183,0.148,0.203,0.177,0.239,0.245,0.162,0.141,0.096,0.174,0.052,0.114,0.201,0.182,0.059,0.243,0.225,0.18,0.004
2015-10-09 11:00:00,0.024,0.036,0.027,0.184,0.118,0.173,0.146,0.228,0.274,0.197,0.118,0.088,0.185,0.039,0.098,0.225,0.218,0.054,0.251,0.261,0.189,0.006
2015-10-09 12:00:00,0.021,0.033,0.034,0.158,0.112,0.176,0.131,0.194,0.241,0.199,0.105,0.069,0.18,0.034,0.081,0.199,0.236,0.048,0.225,0.191,0.188,0.01
2015-10-09 13:00:00,0.027,0.033,0.052,0.159,0.13,0.177,0.134,0.207,0.244,0.197,0.108,0.087,0.182,0.042,0.091,0.191,0.23,0.055,0.213,0.193,0.171,0.01
2015-10-09 14:00:00,0.042,0.039,0.087,0.177,0.159,0.186,0.148,0.246,0.261,0.222,0.119,0.107,0.2,0.05,0.112,0.218,0.246,0.067,0.245,0.199,0.157,0.012
2015-10-09 15:00:00,0.068,0.05,0.097,0.214,0.203,0.235,0.171,0.274,0.286,0.25,0.138,0.139,0.254,0.064,0.185,0.254,0.284,0.088,0.3,0.192,0.136,0.018
2015-10-09 16:00:00,0.091,0.063,0.112,0.268,0.227,0.303,0.249,0.28,0.376,0.315,0.195,0.197,0.367,0.088,0.28,0.336,0.371,0.131,0.338,0.222,0.124,0.026
2015-10-09 17:00:00,0.118,0.082,0.137,0.353,0.328,0.385,0.304,0.362,0.448,0.391,0.239,0.316,0.442,0.114,0.344,0.444,0.441,0.166,0.466,0.307,0.132,0.043
2015-10-09 18:00:00,0.148,0.113,0.161,0.389,0.413,0.407,0.308,0.424,0.461,0.431,0.24,0.388,0.473,0.116,0.325,0.508,0.474,0.165,0.535,0.37,0.141,0.059
2015-10-09 19:00:00,0.154,0.142,0.163,0.404,0.461,0.408,0.312,0.469,0.473,0.445,0.243,0.429,0.496,0.099,0.294,0.534,0.5,0.149,0.557,0.428,0.139,0.062
2015-10-09 20:00:00,0.168,0.155,0.149,0.396,0.471,0.367,0.302,0.51,0.457,0.473,0.239,0.433,0.466,0.079,0.248,0.563,0.509,0.131,0.541,0.467,0.132,0.06
2015-10-09 21:00:00,0.182,0.16,0.122,0.376,0.473,0.31,0.285,0.55,0.433,0.491,0.227,0.425,0.452,0.068,0.199,0.588,0.515,0.12,0.506,0.478,0.122,0.059
2015-10-09 22:00:00,0.172,0.158,0.089,0.378,0.436,0.341,0.315,0.546,0.482,0.462,0.248,0.371,0.491,0.059,0.181,0.588,0.528,0.105,0.515,0.466,0.112,0.052
2015-10-09 23:00:00,0.125,0.168,0.058,0.356,0.408,0.354,0.321,0.505,0.487,0.446,0.235,0.328,0.528,0.057,0.14,0.568,0.537,0.087,0.498,0.42,0.094,0.041
2015-10-10 00:00:00,0.119,0.158,0.047,0.327,0.385,0.347,0.298,0.473,0.448,0.421,0.196,0.308,0.503,0.044,0.108,0.545,0.491,0.067,0.46,0.391,0.093,0.038
2015-10-10 01:00:00,0.118,0.149,0.035,0.309,0.368,0.343,0.269,0.453,0.431,0.432,0.164,0.298,0.471,0.029,0.09,0.556,0.476,0.059,0.442,0.363,0.085,0.038
2015-10-10 02:00:00,0.105,0.146,0.028,0.293,0.336,0.329,0.247,0.431,0.424,0.431,0.146,0.269,0.467,0.018,0.078,0.546,0.473,0.057,0.432,0.332,0.075,0.032
2015-10-10 03:00:00,0.107,0.148,0.032,0.278,0.314,0.301,0.24,0.416,0.406,0.422,0.14,0.257,0.459,0.014,0.065,0.533,0.467,0.057,0.412,0.318,0.066,0.028
2015-10-10 04:00:00,0.132,0.156,0.049,0.277,0.307,0.284,0.238,0.406,0.4,0.439,0.129,0.268,0.479,0.013,0.059,0.549,0.49,0.049,0.409,0.332,0.059,0.033
2015-10-10 05:00:00,0.136,0.169,0.063,0.291,0.306,0.29,0.249,0.411,0.431,0.436,0.119,0.269,0.519,0.01,0.058,0.555,0.515,0.036,0.433,0.368,0.052,0.041
2015-10-10 06:00:00,0.131,0.184,0.074,0.293,0.302,0.283,0.239,0.429,0.431,0.394,0.112,0.249,0.511,0.007,0.059,0.536,0.483,0.028,0.444,0.38,0.048,0.051
2015-10-10 07:00:00,0.133,0.2,0.076,0.234,0.248,0.192,0.137,0.365,0.319,0.353,0.074,0.215,0.358,0.006,0.047,0.482,0.374,0.022,0.357,0.33,0.044,0.057
2015-10-10 08:00:00,0.114,0.205,0.065,0.207,0.267,0.128,0.134,0.365,0.324,0.37,0.049,0.227,0.383,0.003,0.021,0.492,0.403,0.011,0.339,0.26,0.037,0.058
2015-10-10 09:00:00,0.107,0.162,0.043,0.225,0.277,0.166,0.194,0.355,0.4,0.379,0.071,0.237,0.436,0.006,0.022,0.486,0.446,0.017,0.371,0.26,0.021,0.053
2015-10-10 10:00:00,0.126,0.144,0.037,0.221,0.295,0.169,0.153,0.358,0.336,0.329,0.049,0.255,0.376,0.005,0.017,0.456,0.373,0.017,0.378,0.264,0.016,0.051
2015-10-10 11:00:00,0.162,0.14,0.024,0.236,0.331,0.201,0.172,0.392,0.362,0.369,0.078,0.272,0.41,0.011,0.025,0.466,0.413,0.036,0.387,0.268,0.017,0.039
2015-10-10 12:00:00,0.177,0.151,0.035,0.244,0.365,0.229,0.168,0.399,0.385,0.419,0.1,0.308,0.427,0.018,0.037,0.495,0.458,0.054,0.393,0.246,0.015,0.039
2015-10-10 13:00:00,0.2,0.163,0.05,0.261,0.396,0.257,0.168,0.409,0.403,0.459,0.11,0.36,0.419,0.022,0.056,0.536,0.483,0.067,0.409,0.258,0.014,0.049
2015-10-10 14:00:00,0.22,0.187,0.063,0.274,0.415,0.268,0.17,0.419,0.411,0.472,0.114,0.372,0.42,0.029,0.077,0.543,0.49,0.078,0.418,0.28,0.017,0.075
2015-10-10 15:00:00,0.256,0.218,0.088,0.271,0.422,0.244,0.208,0.431,0.385,0.431,0.122,0.369,0.39,0.042,0.077,0.509,0.439,0.098,0.416,0.274,0.024,0.103
2015-10-10 16:00:00,0.313,0.243,0.113,0.307,0.42,0.273,0.288,0.455,0.437,0.492,0.159,0.392,0.491,0.067,0.085,0.567,0.521,0.122,0.445,0.336,0.033,0.133
2015-10-10 17:00:00,0.377,0.274,0.138,0.378,0.517,0.369,0.356,0.565,0.499,0.557,0.214,0.489,0.584,0.101,0.094,0.658,0.607,0.13,0.54,0.428,0.042,0.145
2015-10-10 18:00:00,0.451,0.334,0.123,0.408,0.593,0.408,0.358,0.625,0.505,0.566,0.262,0.536,0.609,0.153,0.1,0.689,0.616,0.145,0.573,0.464,0.048,0.161
2015-10-10 19:00:00,0.486,0.374,0.106,0.41,0.636,0.393,0.343,0.649,0.485,0.569,0.276,0.555,0.608,0.195,0.105,0.698,0.606,0.157,0.569,0.458,0.052,0.177
2015-10-10 20:00:00,0.503,0.396,0.088,0.402,0.63,0.386,0.356,0.652,0.472,0.553,0.277,0.535,0.616,0.185,0.102,0.686,0.608,0.153,0.554,0.448,0.057,0.201
2015-10-10 21:00:00,0.493,0.403,0.083,0.388,0.582,0.385,0.363,0.635,0.453,0.529,0.291,0.497,0.613,0.162,0.094,0.669,0.597,0.145,0.525,0.435,0.06,0.228
2015-10-10 22:00:00,0.472,0.404,0.08,0.406,0.605,0.433,0.415,0.695,0.482,0.466,0.33,0.489,0.642,0.165,0.089,0.65,0.576,0.16,0.565,0.424,0.063,0.252
2015-10-10 23:00:00,0.44,0.41,0.1,0.377,0.542,0.432,0.413,0.628,0.462,0.482,0.306,0.454,0.674,0.142,0.075,0.659,0.602,0.137,0.514,0.379,0.076,0.26
2015-10-11 00:00:00,0.437,0.384,0.096,0.347,0.487,0.393,0.413,0.582,0.455,0.502,0.283,0.411,0.674,0.112,0.058,0.658,0.624,0.11,0.479,0.331,0.079,0.29
2015-10-11 01:00:00,0.438,0.365,0.086,0.336,0.474,0.375,0.417,0.573,0.461,0.514,0.275,0.41,0.705,0.087,0.046,0.661,0.637,0.091,0.479,0.301,0.083,0.317
2015-10-11 02:00:00,0.441,0.363,0.088,0.346,0.497,0.373,0.437,0.601,0.495,0.546,0.264,0.449,0.74,0.069,0.041,0.696,0.685,0.078,0.512,0.3,0.09,0.376
2015-10-11 03:00:00,0.455,0.365,0.097,0.347,0.493,0.348,0.478,0.599,0.534,0.54,0.268,0.441,0.762,0.067,0.036,0.699,0.698,0.072,0.518,0.299,0.095,0.422
2015-10-11 04:00:00,0.454,0.365,0.116,0.355,0.497,0.347,0.497,0.585,0.566,0.545,0.286,0.445,0.807,0.081,0.037,0.714,0.703,0.08,0.523,0.31,0.101,0.453
2015-10-11 05:00:00,0.466,0.384,0.125,0.363,0.473,0.364,0.519,0.555,0.592,0.574,0.311,0.436,0.845,0.104,0.041,0.719,0.728,0.103,0.518,0.323,0.103,0.508
2015-10-11 06:00:00,0.478,0.391,0.142,0.364,0.45,0.355,0.555,0.52,0.602,0.564,0.315,0.442,0.802,0.115,0.044,0.746,0.746,0.119,0.503,0.335,0.103,0.538
2015-10-11 07:00:00,0.5,0.398,0.148,0.309,0.375,0.266,0.463,0.41,0.507,0.6,0.245,0.436,0.789,0.086,0.04,0.736,0.692,0.106,0.397,0.31,0.104,0.555
2015-10-11 08:00:00,0.468,0.381,0.125,0.287,0.461,0.196,0.495,0.418,0.572,0.647,0.197,0.495,0.818,0.056,0.03,0.779,0.756,0.069,0.399,0.212,0.097,0.541
2015-10-11 09:00:00,0.46,0.323,0.077,0.352,0.502,0.294,0.626,0.511,0.709,0.666,0.27,0.522,0.838,0.086,0.04,0.786,0.791,0.092,0.54,0.235,0.078,0.482
2015-10-11 10:00:00,0.459,0.313,0.108,0.293,0.51,0.206,0.521,0.417,0.613,0.62,0.184,0.545,0.765,0.043,0.04,0.755,0.701,0.045,0.462,0.161,0.063,0.452
2015-10-11 11:00:00,0.422,0.261,0.081,0.329,0.528,0.289,0.531,0.459,0.611,0.684,0.267,0.591,0.801,0.125,0.06,0.77,0.724,0.087,0.482,0.199,0.071,0.372
2015-10-11 12:00:00,0.451,0.284,0.087,0.366,0.522,0.348,0.562,0.456,0.635,0.755,0.348,0.622,0.843,0.184,0.111,0.792,0.779,0.126,0.51,0.223,0.061,0.462
2015-10-11 13:00:00,0.492,0.311,0.089,0.405,0.514,0.399,0.613,0.437,0.661,0.809,0.394,0.673,0.877,0.238,0.182,0.84,0.826,0.173,0.535,0.255,0.059,0.523
2015-10-11 14:00:00,0.546,0.327,0.104,0.445,0.539,0.433,0.598,0.455,0.685,0.847,0.391,0.725,0.873,0.262,0.261,0.879,0.852,0.219,0.565,0.315,0.059,0.588
2015-10-11 15:00:00,0.598,0.357,0.123,0.443,0.543,0.377,0.603,0.448,0.65,0.818,0.391,0.712,0.83,0.32,0.302,0.856,0.804,0.259,0.543,0.324,0.068,0.616
2015-10-11 16:00:00,0.601,0.352,0.171,0.449,0.536,0.362,0.639,0.422,0.645,0.815,0.459,0.699,0.783,0.411,0.365,0.844,0.819,0.349,0.483,0.329,0.076,0.637
2015-10-11 17:00:00,0.608,0.361,0.237,0.487,0.58,0.414,0.665,0.483,0.658,0.8,0.515,0.698,0.812,0.445,0.431,0.836,0.806,0.408,0.505,0.361,0.087,0.655
2015-10-11 18:00:00,0.634,0.408,0.273,0.493,0.581,0.441,0.651,0.503,0.651,0.788,0.521,0.651,0.758,0.418,0.436,0.821,0.778,0.408,0.523,0.371,0.095,0.628
2015-10-11 19:00:00,0.624,0.433,0.266,0.496,0.552,0.467,0.64,0.497,0.659,0.768,0.53,0.606,0.781,0.405,0.42,0.805,0.764,0.409,0.539,0.379,0.099,0.566
2015-10-11 20:00:00,0.584,0.434,0.246,0.478,0.491,0.453,0.633,0.47,0.651,0.724,0.531,0.539,0.811,0.422,0.381,0.728,0.739,0.401,0.522,0.375,0.103,0.508
2015-10-11 21:00:00,0.511,0.42,0.212,0.474,0.441,0.444,0.656,0.457,0.647,0.742,0.548,0.497,0.828,0.469,0.36,0.753,0.747,0.391,0.51,0.383,0.108,0.429
2015-10-11 22:00:00,0.439,0.403,0.191,0.526,0.494,0.5,0.717,0.522,0.73,0.683,0.657,0.539,0.855,0.577,0.371,0.744,0.743,0.44,0.586,0.424,0.112,0.378
2015-10-11 23:00:00,0.401,0.388,0.229,0.505,0.443,0.495,0.729,0.467,0.699,0.707,0.651,0.513,0.888,0.557,0.374,0.733,0.74,0.409,0.559,0.375,0.13,0.274
2015-10-12 00:00:00,0.375,0.34,0.194,0.486,0.4,0.481,0.747,0.434,0.667,0.713,0.646,0.464,0.907,0.531,0.359,0.707,0.746,0.39,0.536,0.352,0.138,0.26
2015-10-12 01:00:00,0.349,0.304,0.164,0.488,0.382,0.494,0.765,0.433,0.655,0.69,0.645,0.45,0.912,0.508,0.354,0.694,0.738,0.395,0.541,0.359,0.151,0.244
2015-10-12 02:00:00,0.33,0.288,0.143,0.492,0.364,0.515,0.765,0.438,0.63,0.705,0.635,0.442,0.917,0.511,0.36,0.691,0.746,0.408,0.536,0.375,0.16,0.236
2015-10-12 03:00:00,0.311,0.278,0.135,0.509,0.364,0.55,0.751,0.466,0.629,0.712,0.639,0.451,0.932,0.526,0.386,0.7,0.795,0.427,0.537,0.413,0.159,0.218
2015-10-12 04:00:00,0.311,0.282,0.136,0.527,0.358,0.57,0.757,0.472,0.64,0.702,0.664,0.464,0.945,0.562,0.41,0.749,0.828,0.456,0.541,0.438,0.154,0.21
2015-10-12 05:00:00,0.3,0.284,0.144,0.548,0.355,0.588,0.809,0.473,0.658,0.726,0.711,0.474,0.945,0.606,0.45,0.772,0.868,0.5,0.549,0.441,0.15,0.193
2015-10-12 06:00:00,0.282,0.282,0.156,0.547,0.332,0.58,0.833,0.459,0.664,0.687,0.727,0.434,0.948,0.619,0.463,0.746,0.885,0.513,0.537,0.442,0.15,0.189
2015-10-12 07:00:00,0.268,0.286,0.16,0.497,0.274,0.497,0.789,0.374,0.617,0.675,0.731,0.444,0.958,0.601,0.439,0.774,0.893,0.49,0.442,0.382,0.149,0.171
2015-10-12 08:00:00,0.243,0.266,0.153,0.503,0.311,0.543,0.779,0.37,0.661,0.632,0.652,0.502,0.962,0.527,0.413,0.794,0.866,0.408,0.504,0.382,0.143,0.147
2015-10-12 09:00:00,0.213,0.194,0.112,0.53,0.363,0.584,0.791,0.363,0.711,0.622,0.662,0.542,0.96,0.539,0.467,0.813,0.881,0.454,0.536,0.378,0.122,0.115
2015-10-12 10:00:00,0.192,0.166,0.075,0.44,0.286,0.478,0.704,0.295,0.574,0.582,0.484,0.385,0.925,0.366,0.433,0.68,0.816,0.367,0.441,0.305,0.121,0.095
2015-10-12 11:00:00,0.114,0.139,0.059,0.412,0.257,0.422,0.714,0.272,0.513,0.521,0.475,0.34,0.933,0.372,0.406,0.59,0.776,0.359,0.397,0.297,0.132,0.067
2015-10-12 12:00:00,0.103,0.139,0.101,0.409,0.261,0.421,0.755,0.254,0.619,0.455,0.525,0.326,0.926,0.404,0.389,0.489,0.808,0.355,0.405,0.269,0.129,0.07
2015-10-12 13:00:00,0.101,0.131,0.146,0.429,0.313,0.411,0.805,0.278,0.732,0.422,0.559,0.341,0.923,0.416,0.383,0.495,0.804,0.312,0.475,0.264,0.127,0.075
2015-10-12 14:00:00,0.124,0.142,0.156,0.437,0.331,0.387,0.799,0.348,0.752,0.359,0.569,0.367,0.92,0.435,0.376,0.435,0.763,0.301,0.487,0.307,0.123,0.077
2015-10-12 15:00:00,0.153,0.168,0.188,0.444,0.31,0.4,0.797,0.379,0.727,0.286,0.606,0.339,0.908,0.501,0.389,0.374,0.723,0.358,0.473,0.327,0.139,0.079
2015-10-12 16:00:00,0.166,0.178,0.267,0.459,0.269,0.437,0.78,0.442,0.694,0.232,0.644,0.23,0.897,0.545,0.423,0.296,0.682,0.427,0.448,0.385,0.146,0.075
2015-10-12 17:00:00,0.196,0.208,0.334,0.489,0.253,0.463,0.796,0.495,0.677,0.199,0.677,0.191,0.894,0.586,0.438,0.26,0.655,0.487,0.469,0.467,0.159,0.066
2015-10-12 18:00:00,0.22,0.247,0.399,0.497,0.21,0.469,0.79,0.472,0.657,0.163,0.673,0.155,0.884,0.59,0.412,0.213,0.615,0.5,0.5,0.516,0.165,0.06
2015-10-12 19:00:00,0.208,0.272,0.433,0.484,0.167,0.493,0.789,0.418,0.64,0.14,0.663,0.105,0.872,0.589,0.375,0.171,0.591,0.487,0.504,0.498,0.164,0.055
2015-10-12 20:00:00,0.182,0.276,0.455,0.449,0.132,0.499,0.783,0.359,0.608,0.112,0.654,0.078,0.854,0.602,0.312,0.128,0.564,0.47,0.471,0.438,0.16,0.049
2015-10-12 21:00:00,0.148,0.263,0.455,0.413,0.106,0.5,0.77,0.31,0.559,0.081,0.637,0.056,0.828,0.618,0.26,0.097,0.512,0.46,0.429,0.376,0.154,0.045
2015-10-12 22:00:00,0.112,0.245,0.446,0.356,0.082,0.463,0.753,0.23,0.487,0.038,0.58,0.041,0.771,0.607,0.212,0.067,0.41,0.413,0.38,0.269,0.147,0.035
2015-10-12 23:00:00,0.094,0.232,0.482,0.342,0.061,0.45,0.745,0.213,0.442,0.019,0.584,0.026,0.731,0.6,0.225,0.047,0.344,0.434,0.331,0.267,0.154,0.021
2015-10-13 00:00:00,0.066,0.217,0.484,0.324,0.036,0.41,0.744,0.171,0.387,0.013,0.6,0.016,0.695,0.591,0.243,0.033,0.289,0.468,0.269,0.26,0.141,0.016
2015-10-13 01:00:00,0.055,0.208,0.479,0.315,0.025,0.375,0.743,0.148,0.324,0.01,0.612,0.01,0.649,0.592,0.274,0.023,0.237,0.5,0.236,0.256,0.138,0.016
2015-10-13 02:00:00,0.047,0.2,0.473,0.304,0.021,0.365,0.717,0.115,0.28,0.009,0.592,0.007,0.584,0.582,0.291,0.017,0.194,0.506,0.212,0.249,0.135,0.018
2015-10-13 03:00:00,0.034,0.2,0.457,0.303,0.016,0.366,0.686,0.117,0.252,0.008,0.578,0.006,0.517,0.577,0.314,0.015,0.159,0.511,0.191,0.275,0.137,0.019
2015-10-13 04:00:00,0.028,0.194,0.46,0.305,0.013,0.38,0.656,0.121,0.228,0.006,0.573,0.007,0.461,0.589,0.348,0.016,0.134,0.526,0.177,0.277,0.138,0.02
2015-10-13 05:00:00,0.031,0.192,0.464,0.295,0.009,0.359,0.63,0.081,0.201,0.006,0.571,0.007,0.409,0.609,0.368,0.018,0.113,0.54,0.158,0.256,0.143,0.03
2015-10-13 06:00:00,0.034,0.183,0.481,0.296,0.007,0.406,0.599,0.08,0.181,0.005,0.571,0.007,0.353,0.607,0.402,0.013,0.09,0.558,0.15,0.232,0.15,0.039
2015-10-13 07:00:00,0.033,0.177,0.503,0.289,0.005,0.474,0.573,0.049,0.215,0.007,0.558,0.009,0.345,0.519,0.415,0.017,0.078,0.535,0.146,0.189,0.158,0.047
2015-10-13 08:00:00,0.032,0.17,0.506,0.29,0.004,0.543,0.686,0.037,0.234,0.007,0.573,0.01,0.277,0.559,0.396,0.018,0.07,0.497,0.146,0.162,0.156,0.056
2015-10-13 09:00:00,0.029,0.13,0.417,0.276,0.005,0.487,0.725,0.031,0.218,0.01,0.578,0.011,0.252,0.605,0.405,0.021,0.056,0.522,0.103,0.144,0.144,0.078
2015-10-13 10:00:00,0.03,0.108,0.307,0.208,0.009,0.364,0.621,0.021,0.124,0.011,0.484,0.026,0.175,0.526,0.287,0.028,0.027,0.431,0.062,0.096,0.138,0.1
2015-10-13 11:00:00,0.044,0.095,0.243,0.207,0.011,0.34,0.608,0.02,0.125,0.012,0.498,0.029,0.199,0.518,0.293,0.039,0.033,0.454,0.058,0.089,0.183,0.132
2015-10-13 12:00:00,0.042,0.09,0.255,0.209,0.014,0.341,0.545,0.022,0.096,0.014,0.472,0.028,0.211,0.512,0.333,0.033,0.043,0.473,0.056,0.086,0.208,0.14
2015-10-13 13:00:00,0.049,0.092,0.283,0.203,0.017,0.327,0.474,0.021,0.098,0.016,0.464,0.027,0.2,0.494,0.322,0.03,0.052,0.479,0.057,0.087,0.252,0.143
2015-10-13 14:00:00,0.058,0.098,0.322,0.186,0.024,0.235,0.405,0.029,0.089,0.019,0.385,0.03,0.203,0.463,0.312,0.03,0.061,0.425,0.061,0.098,0.287,0.156
2015-10-13 15:00:00,0.069,0.104,0.392,0.178,0.035,0.185,0.353,0.04,0.072,0.038,0.351,0.044,0.23,0.465,0.304,0.047,0.082,0.414,0.063,0.099,0.319,0.187
2015-10-13 16:00:00,0.084,0.109,0.469,0.179,0.048,0.155,0.345,0.044,0.066,0.075,0.346,0.043,0.31,0.454,0.305,0.068,0.116,0.4,0.064,0.109,0.345,0.213
2015-10-13 17:00:00,0.099,0.108,0.541,0.184,0.081,0.153,0.355,0.04,0.074,0.117,0.334,0.078,0.331,0.439,0.294,0.126,0.151,0.385,0.069,0.122,0.362,0.216
2015-10-13 18:00:00,0.107,0.111,0.577,0.183,0.126,0.144,0.338,0.056,0.102,0.175,0.304,0.135,0.291,0.403,0.285,0.2,0.208,0.36,0.066,0.126,0.363,0.24
2015-10-13 19:00:00,0.112,0.11,0.577,0.176,0.166,0.122,0.318,0.076,0.133,0.214,0.281,0.172,0.276,0.363,0.264,0.238,0.271,0.328,0.075,0.111,0.367,0.274
2015-10-13 20:00:00,0.124,0.105,0.55,0.166,0.165,0.108,0.298,0.081,0.153,0.231,0.257,0.178,0.258,0.326,0.233,0.242,0.309,0.283,0.094,0.094,0.37,0.31
2015-10-13 21:00:00,0.159,0.102,0.497,0.163,0.188,0.102,0.298,0.117,0.171,0.219,0.239,0.187,0.247,0.307,0.199,0.245,0.313,0.25,0.114,0.092,0.362,0.346
2015-10-13 22:00:00,0.183,0.096,0.451,0.186,0.179,0.127,0.338,0.124,0.188,0.195,0.229,0.212,0.258,0.317,0.186,0.282,0.276,0.235,0.155,0.15,0.349,0.379
2015-10-13 23:00:00,0.194,0.092,0.434,0.189,0.173,0.128,0.309,0.153,0.209,0.19,0.224,0.19,0.236,0.302,0.182,0.27,0.267,0.221,0.167,0.173,0.351,0.441
2015-10-14 00:00:00,0.209,0.088,0.383,0.205,0.195,0.155,0.289,0.157,0.224,0.184,0.233,0.193,0.237,0.296,0.186,0.247,0.266,0.225,0.208,0.187,0.33,0.412
2015-10-14 01:00:00,0.217,0.08,0.354,0.241,0.247,0.195,0.301,0.219,0.256,0.196,0.258,0.237,0.284,0.299,0.203,0.276,0.294,0.232,0.287,0.2,0.313,0.388
2015-10-14 02:00:00,0.222,0.078,0.333,0.253,0.232,0.212,0.332,0.206,0.302,0.235,0.278,0.241,0.344,0.289,0.206,0.316,0.353,0.24,0.339,0.161,0.293,0.391
2015-10-14 03:00:00,0.219,0.087,0.318,0.257,0.254,0.222,0.374,0.248,0.341,0.267,0.306,0.268,0.396,0.296,0.195,0.338,0.396,0.256,0.335,0.142,0.281,0.421
2015-10-14 04:00:00,0.218,0.099,0.328,0.294,0.304,0.196,0.375,0.378,0.372,0.304,0.308,0.307,0.392,0.297,0.164,0.428,0.41,0.256,0.426,0.218,0.267,0.483
2015-10-14 05:00:00,0.202,0.107,0.336,0.342,0.338,0.259,0.367,0.46,0.454,0.371,0.326,0.311,0.366,0.299,0.159,0.508,0.486,0.251,0.498,0.312,0.242,0.524
2015-10-14 06:00:00,0.186,0.114,0.346,0.377,0.38,0.308,0.362,0.549,0.475,0.423,0.388,0.302,0.394,0.302,0.21,0.511,0.567,0.285,0.515,0.354,0.234,0.535
2015-10-14 07:00:00,0.167,0.123,0.337,0.402,0.405,0.387,0.343,0.631,0.442,0.426,0.374,0.259,0.345,0.323,0.266,0.473,0.502,0.282,0.515,0.425,0.233,0.52
2015-10-14 08:00:00,0.141,0.132,0.287,0.415,0.375,0.391,0.439,0.643,0.382,0.328,0.37,0.184,0.382,0.401,0.284,0.339,0.444,0.293,0.541,0.458,0.218,0.453
2015-10-14 09:00:00,0.123,0.141,0.17,0.418,0.335,0.436,0.515,0.611,0.421,0.327,0.381,0.124,0.421,0.388,0.295,0.295,0.46,0.278,0.496,0.498,0.191,0.36
2015-10-14 10:00:00,0.112,0.146,0.123,0.386,0.272,0.488,0.369,0.539,0.406,0.276,0.352,0.089,0.302,0.335,0.344,0.215,0.394,0.288,0.441,0.429,0.184,0.254
2015-10-14 11:00:00,0.064,0.139,0.093,0.435,0.367,0.506,0.377,0.581,0.452,0.265,0.418,0.12,0.326,0.375,0.392,0.204,0.435,0.335,0.524,0.465,0.173,0.179
2015-10-14 12:00:00,0.055,0.143,0.124,0.472,0.329,0.513,0.407,0.573,0.494,0.288,0.496,0.159,0.413,0.409,0.404,0.227,0.481,0.392,0.518,0.582,0.174,0.16
2015-10-14 13:00:00,0.04,0.152,0.155,0.514,0.335,0.572,0.472,0.556,0.503,0.342,0.561,0.189,0.481,0.474,0.42,0.287,0.516,0.44,0.592,0.59,0.18,0.171
2015-10-14 14:00:00,0.031,0.156,0.17,0.533,0.323,0.606,0.486,0.526,0.508,0.418,0.567,0.226,0.492,0.516,0.469,0.403,0.541,0.467,0.596,0.587,0.184,0.192
2015-10-14 15:00:00,0.029,0.154,0.195,0.53,0.329,0.613,0.415,0.5,0.557,0.531,0.512,0.237,0.454,0.502,0.547,0.521,0.573,0.487,0.611,0.494,0.195,0.194
2015-10-14 16:00:00,0.029,0.144,0.303,0.552,0.311,0.633,0.476,0.444,0.629,0.577,0.556,0.207,0.531,0.537,0.602,0.552,0.639,0.552,0.61,0.491,0.209,0.157
2015-10-14 17:00:00,0.035,0.14,0.425,0.57,0.315,0.643,0.589,0.425,0.628,0.543,0.617,0.228,0.62,0.555,0.638,0.553,0.624,0.59,0.594,0.504,0.227,0.187
2015-10-14 18:00:00,0.053,0.143,0.474,0.58,0.293,0.624,0.646,0.383,0.606,0.549,0.635,0.279,0.632,0.62,0.645,0.588,0.628,0.612,0.601,0.52,0.249,0.242
2015-10-14 19:00:00,0.069,0.146,0.482,0.567,0.281,0.601,0.629,0.386,0.622,0.516,0.621,0.294,0.666,0.629,0.633,0.613,0.643,0.612,0.565,0.508,0.263,0.285
2015-10-14 20:00:00,0.084,0.146,0.482,0.557,0.295,0.544,0.655,0.399,0.639,0.521,0.652,0.303,0.706,0.601,0.622,0.627,0.673,0.616,0.526,0.509,0.268,0.307
2015-10-14 21:00:00,0.091,0.143,0.478,0.545,0.29,0.509,0.697,0.385,0.67,0.55,0.683,0.258,0.716,0.626,0.601,0.596,0.726,0.625,0.504,0.491,0.272,0.351
2015-10-14 22:00:00,0.101,0.143,0.469,0.589,0.284,0.624,0.771,0.364,0.707,0.508,0.789,0.198,0.741,0.739,0.674,0.499,0.78,0.699,0.51,0.532,0.283,0.357
2015-10-14 23:00:00,0.105,0.117,0.508,0.6,0.237,0.652,0.765,0.38,0.681,0.482,0.779,0.195,0.736,0.691,0.696,0.445,0.765,0.694,0.513,0.587,0.326,0.318
2015-10-24 00:00:00,0.011,0.092,0.655,0.346,0.174,0.327,0.677,0.156,0.421,0.337,0.623,0.193,0.566,0.672,0.472,0.265,0.452,0.531,0.22,0.193,0.176,0.104
2015-10-24 01:00:00,0.01,0.098,0.636,0.312,0.163,0.311,0.638,0.126,0.406,0.319,0.563,0.195,0.536,0.636,0.409,0.273,0.426,0.486,0.216,0.135,0.195,0.107
2015-10-24 02:00:00,0.013,0.106,0.593,0.277,0.136,0.298,0.587,0.102,0.369,0.298,0.48,0.172,0.483,0.56,0.355,0.254,0.394,0.431,0.201,0.105,0.222,0.106
2015-10-24 03:00:00,0.024,0.111,0.541,0.246,0.101,0.276,0.537,0.092,0.321,0.263,0.416,0.14,0.444,0.486,0.309,0.22,0.355,0.398,0.179,0.095,0.249,0.094
2015-10-24 04:00:00,0.036,0.122,0.506,0.212,0.071,0.237,0.473,0.071,0.264,0.218,0.366,0.099,0.394,0.43,0.265,0.17,0.301,0.36,0.157,0.078,0.269,0.075
2015-10-24 05:00:00,0.043,0.132,0.474,0.179,0.048,0.191,0.425,0.045,0.224,0.198,0.335,0.062,0.359,0.398,0.219,0.123,0.279,0.328,0.12,0.065,0.295,0.063
2015-10-24 06:00:00,0.051,0.149,0.446,0.141,0.028,0.13,0.356,0.029,0.18,0.158,0.281,0.035,0.333,0.343,0.187,0.081,0.232,0.263,0.075,0.058,0.327,0.051
2015-10-24 07:00:00,0.065,0.168,0.388,0.106,0.018,0.096,0.328,0.018,0.114,0.094,0.168,0.018,0.296,0.258,0.192,0.043,0.143,0.169,0.04,0.039,0.353,0.035
2015-10-24 08:00:00,0.072,0.175,0.301,0.071,0.014,0.067,0.26,0.012,0.053,0.048,0.097,0.011,0.311,0.138,0.142,0.015,0.077,0.103,0.013,0.028,0.373,0.022
2015-10-24 09:00:00,0.055,0.166,0.203,0.053,0.009,0.043,0.2,0.013,0.037,0.036,0.071,0.007,0.22,0.124,0.099,0.01,0.066,0.095,0.009,0.026,0.369,0.02
2015-10-24 10:00:00,0.044,0.129,0.151,0.043,0.019,0.02,0.173,0.02,0.028,0.026,0.066,0.011,0.192,0.128,0.061,0.009,0.049,0.089,0.006,0.025,0.376,0.009
2015-10-24 11:00:00,0.038,0.098,0.162,0.04,0.037,0.009,0.171,0.042,0.021,0.013,0.066,0.016,0.157,0.156,0.039,0.009,0.032,0.075,0.01,0.032,0.393,0.004
2015-10-24 12:00:00,0.047,0.097,0.139,0.044,0.05,0.007,0.173,0.058,0.015,0.007,0.063,0.023,0.131,0.172,0.028,0.011,0.021,0.068,0.018,0.049,0.378,0.003
2015-10-24 13:00:00,0.06,0.098,0.129,0.049,0.059,0.008,0.157,0.068,0.015,0.006,0.056,0.035,0.108,0.163,0.025,0.015,0.016,0.058,0.025,0.078,0.368,0.005
2015-10-24 14:00:00,0.073,0.099,0.125,0.057,0.077,0.01,0.124,0.088,0.015,0.004,0.046,0.055,0.08,0.128,0.024,0.02,0.012,0.047,0.035,0.121,0.382,0.011
2015-10-24 15:00:00,0.093,0.098,0.126,0.077,0.135,0.014,0.103,0.15,0.017,0.004,0.042,0.104,0.057,0.132,0.027,0.032,0.008,0.051,0.057,0.178,0.408,0.026
2015-10-24 16:00:00,0.146,0.11,0.158,0.141,0.255,0.033,0.095,0.307,0.027,0.013,0.037,0.193,0.047,0.153,0.064,0.061,0.009,0.063,0.149,0.313,0.457,0.059
2015-10-24 17:00:00,0.232,0.134,0.174,0.225,0.362,0.096,0.087,0.428,0.063,0.032,0.034,0.287,0.032,0.142,0.138,0.116,0.019,0.074,0.304,0.432,0.497,0.098
2015-10-24 18:00:00,0.32,0.162,0.157,0.287,0.415,0.194,0.069,0.441,0.135,0.062,0.037,0.367,0.019,0.11,0.207,0.203,0.046,0.093,0.424,0.472,0.525,0.122
2015-10-24 19:00:00,0.388,0.188,0.135,0.322,0.442,0.269,0.049,0.387,0.226,0.101,0.049,0.436,0.014,0.098,0.25,0.307,0.104,0.111,0.482,0.471,0.544,0.118
2015-10-24 20:00:00,0.418,0.208,0.124,0.345,0.434,0.343,0.031,0.345,0.31,0.118,0.066,0.495,0.021,0.084,0.298,0.374,0.163,0.121,0.486,0.481,0.559,0.114
2015-10-24 21:00:00,0.416,0.22,0.119,0.342,0.377,0.364,0.021,0.346,0.381,0.094,0.093,0.512,0.048,0.066,0.35,0.409,0.178,0.143,0.445,0.443,0.57,0.127
2015-10-24 22:00:00,0.376,0.227,0.119,0.284,0.337,0.3,0.029,0.339,0.426,0.091,0.121,0.494,0.111,0.05,0.312,0.468,0.195,0.143,0.344,0.3,0.571,0.137
2015-10-24 23:00:00,0.35,0.232,0.095,0.26,0.294,0.279,0.051,0.339,0.427,0.073,0.144,0.429,0.148,0.042,0.31,0.471,0.185,0.148,0.296,0.237,0.527,0.139
2015-10-25 00:00:00,0.314,0.222,0.093,0.26,0.277,0.283,0.09,0.38,0.433,0.062,0.169,0.393,0.18,0.044,0.331,0.48,0.153,0.149,0.283,0.219,0.544,0.132
2015-10-25 01:00:00,0.313,0.221,0.105,0.266,0.282,0.282,0.115,0.386,0.444,0.054,0.194,0.376,0.223,0.051,0.347,0.509,0.108,0.174,0.296,0.19,0.547,0.121
2015-10-25 02:00:00,0.293,0.212,0.124,0.276,0.304,0.254,0.109,0.386,0.446,0.068,0.21,0.36,0.24,0.053,0.326,0.566,0.09,0.213,0.341,0.188,0.556,0.115
2015-10-25 03:00:00,0.271,0.208,0.132,0.291,0.282,0.259,0.11,0.365,0.466,0.12,0.245,0.314,0.259,0.073,0.317,0.622,0.122,0.269,0.355,0.214,0.573,0.113
2015-10-25 04:00:00,0.269,0.208,0.141,0.284,0.282,0.221,0.124,0.349,0.447,0.191,0.271,0.247,0.273,0.129,0.286,0.611,0.197,0.295,0.331,0.227,0.569,0.103
2015-10-25 05:00:00,0.267,0.209,0.139,0.295,0.309,0.21,0.168,0.364,0.431,0.244,0.289,0.219,0.302,0.187,0.253,0.559,0.282,0.285,0.357,0.264,0.562,0.084
2015-10-25 06:00:00,0.263,0.207,0.154,0.295,0.318,0.253,0.182,0.323,0.404,0.273,0.274,0.193,0.301,0.216,0.238,0.478,0.325,0.256,0.368,0.272,0.545,0.073
2015-10-25 07:00:00,0.242,0.193,0.178,0.289,0.318,0.289,0.151,0.299,0.388,0.277,0.237,0.163,0.254,0.218,0.249,0.387,0.327,0.206,0.37,0.275,0.503,0.063
2015-10-25 08:00:00,0.212,0.191,0.204,0.251,0.266,0.242,0.103,0.237,0.326,0.22,0.168,0.117,0.218,0.153,0.234,0.263,0.277,0.146,0.298,0.309,0.472,0.047
2015-10-25 09:00:00,0.183,0.184,0.212,0.266,0.321,0.228,0.121,0.222,0.399,0.244,0.198,0.144,0.212,0.136,0.236,0.259,0.317,0.137,0.276,0.393,0.458,0.031
2015-10-25 10:00:00,0.141,0.171,0.204,0.285,0.273,0.222,0.151,0.389,0.351,0.237,0.192,0.194,0.209,0.103,0.273,0.239,0.299,0.115,0.31,0.437,0.444,0.032
2015-10-25 11:00:00,0.098,0.145,0.162,0.356,0.298,0.335,0.199,0.431,0.379,0.306,0.231,0.19,0.22,0.122,0.369,0.295,0.363,0.147,0.414,0.495,0.445,0.026
2015-10-25 12:00:00,0.146,0.136,0.165,0.4,0.366,0.4,0.261,0.446,0.402,0.368,0.306,0.193,0.275,0.172,0.409,0.336,0.443,0.185,0.49,0.482,0.424,0.026
2015-10-25 13:00:00,0.174,0.128,0.189,0.427,0.362,0.482,0.359,0.408,0.464,0.403,0.381,0.257,0.357,0.24,0.514,0.356,0.518,0.239,0.492,0.409,0.422,0.028
2015-10-25 14:00:00,0.186,0.117,0.212,0.422,0.359,0.411,0.395,0.312,0.461,0.386,0.456,0.256,0.345,0.316,0.628,0.318,0.507,0.306,0.402,0.39,0.42,0.029
2015-10-25 15:00:00,0.156,0.103,0.249,0.412,0.258,0.424,0.441,0.26,0.383,0.391,0.434,0.204,0.37,0.343,0.683,0.285,0.51,0.371,0.333,0.383,0.448,0.05
2015-10-25 16:00:00,0.101,0.084,0.335,0.443,0.24,0.505,0.481,0.262,0.362,0.378,0.423,0.168,0.402,0.389,0.716,0.26,0.483,0.494,0.369,0.4,0.49,0.089
2015-10-25 17:00:00,0.094,0.074,0.465,0.454,0.234,0.502,0.473,0.283,0.425,0.338,0.466,0.196,0.43,0.382,0.715,0.275,0.442,0.589,0.383,0.386,0.515,0.119
2015-10-25 18:00:00,0.1,0.071,0.544,0.476,0.26,0.509,0.483,0.277,0.439,0.338,0.52,0.182,0.485,0.439,0.724,0.284,0.439,0.655,0.401,0.408,0.537,0.108
2015-10-25 19:00:00,0.088,0.071,0.619,0.492,0.301,0.524,0.496,0.241,0.476,0.301,0.558,0.2,0.518,0.5,0.759,0.249,0.392,0.709,0.4,0.416,0.559,0.107
2015-10-25 20:00:00,0.07,0.065,0.699,0.484,0.294,0.535,0.471,0.201,0.503,0.266,0.604,0.24,0.486,0.612,0.761,0.267,0.383,0.742,0.361,0.375,0.57,0.128
2015-10-25 21:00:00,0.068,0.06,0.786,0.476,0.226,0.54,0.495,0.17,0.485,0.283,0.625,0.265,0.46,0.699,0.757,0.279,0.411,0.76,0.337,0.354,0.584,0.104
2015-10-25 22:00:00,0.055,0.064,0.812,0.443,0.103,0.497,0.52,0.133,0.434,0.277,0.648,0.17,0.442,0.699,0.724,0.233,0.442,0.759,0.261,0.356,0.586,0.113
2015-10-25 23:00:00,0.024,0.059,0.83,0.442,0.071,0.484,0.561,0.14,0.367,0.28,0.618,0.138,0.432,0.706,0.746,0.218,0.445,0.743,0.258,0.366,0.589,0.131
2015-10-26 00:00:00,0.021,0.065,0.827,0.425,0.074,0.486,0.578,0.134,0.338,0.238,0.593,0.094,0.462,0.684,0.718,0.155,0.377,0.736,0.28,0.302,0.53,0.115
2015-10-26 01:00:00,0.015,0.066,0.837,0.384,0.081,0.429,0.564,0.097,0.348,0.187,0.556,0.105,0.449,0.68,0.638,0.154,0.34,0.69,0.248,0.25,0.505,0.126
2015-10-26 02:00:00,0.017,0.071,0.84,0.347,0.056,0.389,0.544,0.068,0.296,0.199,0.526,0.097,0.436,0.669,0.564,0.15,0.342,0.65,0.207,0.224,0.507,0.112
2015-10-26 03:00:00,0.036,0.085,0.855,0.327,0.04,0.384,0.473,0.049,0.274,0.176,0.514,0.07,0.389,0.657,0.543,0.111,0.265,0.631,0.18,0.218,0.493,0.087
2015-10-26 04:00:00,0.054,0.099,0.86,0.306,0.028,0.379,0.447,0.039,0.265,0.142,0.515,0.049,0.322,0.651,0.515,0.085,0.225,0.607,0.157,0.197,0.447,0.076
2015-10-26 05:00:00,0.073,0.113,0.849,0.285,0.016,0.375,0.448,0.029,0.258,0.108,0.519,0.031,0.308,0.641,0.495,0.064,0.207,0.594,0.134,0.148,0.406,0.067
2015-10-26 06:00:00,0.083,0.123,0.839,0.255,0.008,0.337,0.433,0.015,0.231,0.073,0.516,0.016,0.278,0.633,0.469,0.046,0.186,0.568,0.095,0.105,0.365,0.056
2015-10-26 07:00:00,0.097,0.134,0.822,0.226,0.005,0.282,0.504,0.01,0.178,0.047,0.493,0.009,0.258,0.602,0.429,0.027,0.149,0.534,0.063,0.075,0.32,0.054
2015-10-26 08:00:00,0.101,0.153,0.804,0.185,0.004,0.164,0.552,0.009,0.123,0.03,0.479,0.006,0.243,0.741,0.333,0.019,0.121,0.484,0.028,0.037,0.282,0.05
2015-10-26 09:00:00,0.1,0.162,0.745,0.201,0.006,0.125,0.597,0.008,0.127,0.031,0.488,0.006,0.233,0.808,0.421,0.017,0.123,0.616,0.019,0.025,0.235,0.025
2015-10-26 10:00:00,0.11,0.137,0.819,0.162,0.014,0.107,0.505,0.013,0.105,0.024,0.402,0.007,0.229,0.668,0.296,0.012,0.105,0.525,0.016,0.02,0.183,0.015
2015-10-26 11:00:00,0.125,0.098,0.76,0.147,0.018,0.077,0.509,0.012,0.094,0.029,0.364,0.007,0.246,0.67,0.24,0.015,0.121,0.51,0.015,0.013,0.148,0.015
2015-10-26 12:00:00,0.136,0.093,0.771,0.129,0.025,0.059,0.482,0.015,0.08,0.033,0.336,0.008,0.261,0.647,0.178,0.017,0.118,0.475,0.013,0.009,0.135,0.018
2015-10-26 13:00:00,0.161,0.101,0.77,0.106,0.032,0.038,0.44,0.018,0.069,0.034,0.294,0.009,0.241,0.565,0.113,0.017,0.11,0.413,0.009,0.005,0.154,0.023
2015-10-26 14:00:00,0.187,0.105,0.724,0.084,0.042,0.025,0.348,0.027,0.054,0.041,0.223,0.012,0.206,0.498,0.074,0.023,0.107,0.331,0.006,0.005,0.19,0.026
2015-10-26 15:00:00,0.201,0.119,0.691,0.074,0.056,0.02,0.282,0.045,0.042,0.05,0.192,0.023,0.153,0.475,0.055,0.035,0.096,0.292,0.006,0.008,0.238,0.029
2015-10-26 16:00:00,0.201,0.147,0.647,0.074,0.095,0.016,0.264,0.094,0.037,0.074,0.199,0.05,0.154,0.447,0.041,0.072,0.109,0.255,0.009,0.013,0.31,0.037
2015-10-26 17:00:00,0.261,0.215,0.59,0.075,0.138,0.011,0.236,0.149,0.023,0.092,0.191,0.086,0.138,0.412,0.037,0.107,0.092,0.225,0.017,0.024,0.359,0.052
2015-10-26 18:00:00,0.309,0.279,0.56,0.081,0.176,0.009,0.23,0.182,0.014,0.081,0.184,0.126,0.12,0.401,0.036,0.122,0.059,0.211,0.027,0.042,0.389,0.064
2015-10-26 19:00:00,0.338,0.314,0.524,0.084,0.189,0.009,0.229,0.206,0.013,0.059,0.172,0.139,0.092,0.375,0.028,0.119,0.033,0.175,0.038,0.067,0.417,0.065
2015-10-26 20:00:00,0.346,0.326,0.455,0.087,0.203,0.007,0.222,0.233,0.014,0.056,0.135,0.145,0.072,0.311,0.026,0.125,0.025,0.137,0.05,0.101,0.423,0.068
2015-10-26 21:00:00,0.327,0.328,0.408,0.096,0.241,0.008,0.195,0.267,0.015,0.06,0.091,0.158,0.054,0.249,0.029,0.142,0.02,0.123,0.069,0.143,0.437,0.084
2015-10-26 22:00:00,0.306,0.315,0.39,0.103,0.265,0.01,0.167,0.308,0.025,0.081,0.08,0.178,0.046,0.234,0.041,0.199,0.027,0.108,0.077,0.151,0.458,0.101
2015-10-26 23:00:00,0.257,0.317,0.362,0.109,0.274,0.013,0.127,0.313,0.033,0.086,0.068,0.193,0.031,0.215,0.055,0.222,0.032,0.096,0.083,0.176,0.495,0.123
2015-10-27 00:00:00,0.257,0.286,0.322,0.12,0.262,0.021,0.113,0.349,0.04,0.09,0.054,0.189,0.019,0.178,0.058,0.226,0.039,0.091,0.116,0.2,0.51,0.14
2015-10-27 01:00:00,0.25,0.266,0.301,0.13,0.27,0.029,0.105,0.386,0.059,0.095,0.039,0.175,0.015,0.14,0.049,0.229,0.045,0.08,0.156,0.217,0.513,0.141
2015-10-27 02:00:00,0.238,0.247,0.28,0.142,0.289,0.041,0.091,0.415,0.08,0.108,0.031,0.176,0.012,0.113,0.044,0.243,0.057,0.074,0.193,0.234,0.522,0.142
2015-10-27 03:00:00,0.242,0.241,0.29,0.154,0.284,0.059,0.082,0.42,0.096,0.12,0.02,0.177,0.011,0.068,0.047,0.257,0.07,0.065,0.223,0.257,0.514,0.147
2015-10-27 04:00:00,0.241,0.233,0.309,0.17,0.271,0.087,0.072,0.42,0.111,0.125,0.012,0.18,0.013,0.046,0.055,0.259,0.081,0.059,0.263,0.283,0.486,0.15
2015-10-27 05:00:00,0.264,0.232,0.347,0.184,0.272,0.118,0.053,0.414,0.129,0.123,0.009,0.191,0.013,0.033,0.06,0.246,0.083,0.055,0.305,0.294,0.45,0.144
2015-10-27 06:00:00,0.285,0.223,0.376,0.197,0.301,0.125,0.034,0.421,0.143,0.126,0.013,0.219,0.014,0.024,0.057,0.23,0.085,0.051,0.333,0.322,0.412,0.146
2015-10-27 07:00:00,0.306,0.212,0.415,0.189,0.326,0.087,0.016,0.398,0.146,0.111,0.017,0.228,0.013,0.021,0.045,0.222,0.074,0.046,0.314,0.335,0.38,0.143
2015-10-27 08:00:00,0.309,0.197,0.425,0.142,0.209,0.047,0.009,0.262,0.107,0.065,0.014,0.152,0.009,0.025,0.034,0.146,0.055,0.045,0.21,0.301,0.344,0.124
2015-10-27 09:00:00,0.3,0.158,0.41,0.094,0.157,0.035,0.008,0.178,0.077,0.07,0.012,0.126,0.009,0.031,0.027,0.117,0.072,0.044,0.13,0.183,0.291,0.107
2015-10-27 10:00:00,0.301,0.1,0.467,0.087,0.175,0.034,0.007,0.183,0.077,0.07,0.014,0.102,0.014,0.038,0.022,0.104,0.088,0.04,0.101,0.188,0.229,0.124
2015-10-27 11:00:00,0.358,0.083,0.52,0.074,0.2,0.037,0.006,0.16,0.064,0.061,0.012,0.114,0.018,0.042,0.018,0.077,0.07,0.041,0.089,0.137,0.176,0.124
2015-10-27 12:00:00,0.351,0.082,0.575,0.074,0.22,0.043,0.005,0.172,0.058,0.069,0.012,0.141,0.018,0.046,0.016,0.074,0.064,0.045,0.097,0.118,0.133,0.142
2015-10-27 13:00:00,0.32,0.084,0.561,0.079,0.2,0.052,0.006,0.177,0.063,0.088,0.014,0.142,0.019,0.056,0.015,0.094,0.078,0.049,0.115,0.116,0.107,0.161
2015-10-27 14:00:00,0.323,0.092,0.562,0.097,0.201,0.075,0.008,0.191,0.096,0.13,0.018,0.142,0.03,0.064,0.021,0.124,0.116,0.051,0.138,0.146,0.09,0.183
2015-10-27 15:00:00,0.314,0.105,0.477,0.167,0.215,0.154,0.015,0.257,0.202,0.239,0.038,0.185,0.067,0.112,0.048,0.222,0.229,0.068,0.243,0.258,0.089,0.18
2015-10-27 16:00:00,0.287,0.143,0.456,0.268,0.309,0.254,0.023,0.4,0.312,0.339,0.064,0.299,0.123,0.131,0.082,0.367,0.342,0.071,0.398,0.42,0.102,0.194
2015-10-27 17:00:00,0.299,0.204,0.437,0.324,0.414,0.31,0.03,0.508,0.374,0.357,0.082,0.376,0.169,0.109,0.095,0.45,0.386,0.066,0.473,0.521,0.117,0.238
2015-10-27 18:00:00,0.321,0.248,0.41,0.338,0.464,0.305,0.037,0.543,0.4,0.325,0.086,0.393,0.192,0.095,0.109,0.464,0.387,0.055,0.483,0.553,0.132,0.278
2015-10-27 19:00:00,0.33,0.27,0.392,0.334,0.463,0.278,0.046,0.542,0.402,0.283,0.079,0.378,0.212,0.08,0.146,0.447,0.377,0.045,0.475,0.535,0.145,0.296
2015-10-27 20:00:00,0.333,0.27,0.356,0.319,0.441,0.257,0.06,0.531,0.384,0.239,0.077,0.349,0.219,0.067,0.182,0.409,0.358,0.042,0.448,0.489,0.165,0.314
2015-10-27 21:00:00,0.335,0.261,0.311,0.305,0.432,0.255,0.072,0.51,0.35,0.203,0.083,0.325,0.206,0.058,0.201,0.358,0.331,0.044,0.41,0.463,0.189,0.325
2015-10-27 22:00:00,0.348,0.25,0.269,0.355,0.459,0.346,0.122,0.495,0.401,0.215,0.129,0.377,0.294,0.027,0.264,0.375,0.378,0.065,0.453,0.524,0.212,0.335
2015-10-27 23:00:00,0.378,0.251,0.222,0.331,0.404,0.325,0.113,0.454,0.363,0.164,0.128,0.344,0.242,0.024,0.23,0.308,0.329,0.074,0.43,0.507,0.268,0.377
2015-10-28 00:00:00,0.372,0.229,0.231,0.325,0.374,0.336,0.097,0.467,0.347,0.129,0.12,0.32,0.205,0.019,0.216,0.245,0.298,0.071,0.432,0.512,0.279,0.389
2015-10-28 01:00:00,0.364,0.212,0.217,0.326,0.367,0.361,0.084,0.49,0.336,0.112,0.107,0.297,0.194,0.017,0.225,0.197,0.281,0.063,0.433,0.519,0.29,0.39
2015-10-28 02:00:00,0.349,0.206,0.201,0.345,0.39,0.395,0.079,0.507,0.364,0.118,0.117,0.298,0.199,0.019,0.252,0.195,0.301,0.068,0.449,0.547,0.3,0.388
2015-10-28 03:00:00,0.342,0.21,0.204,0.361,0.406,0.402,0.089,0.488,0.375,0.116,0.14,0.312,0.206,0.025,0.269,0.199,0.308,0.079,0.458,0.584,0.308,0.403
2015-10-28 04:00:00,0.334,0.221,0.233,0.391,0.422,0.447,0.102,0.488,0.405,0.12,0.157,0.342,0.225,0.026,0.284,0.223,0.321,0.096,0.491,0.639,0.313,0.404
2015-10-28 05:00:00,0.333,0.233,0.268,0.413,0.433,0.488,0.103,0.492,0.414,0.124,0.161,0.353,0.243,0.026,0.31,0.234,0.328,0.113,0.513,0.673,0.318,0.415
2015-10-28 06:00:00,0.329,0.238,0.288,0.453,0.454,0.554,0.11,0.512,0.436,0.13,0.189,0.376,0.253,0.032,0.369,0.244,0.346,0.144,0.556,0.716,0.315,0.422
2015-10-28 07:00:00,0.337,0.245,0.316,0.457,0.419,0.575,0.109,0.471,0.413,0.114,0.187,0.358,0.22,0.035,0.394,0.209,0.322,0.149,0.565,0.723,0.317,0.445
2015-10-28 08:00:00,0.345,0.247,0.289,0.398,0.357,0.405,0.087,0.388,0.28,0.083,0.18,0.303,0.145,0.044,0.393,0.126,0.227,0.152,0.437,0.721,0.312,0.464
2015-10-28 09:00:00,0.337,0.224,0.237,0.341,0.309,0.366,0.082,0.333,0.247,0.071,0.188,0.228,0.097,0.05,0.364,0.072,0.187,0.164,0.36,0.591,0.293,0.464
2015-10-28 10:00:00,0.335,0.175,0.192,0.369,0.361,0.438,0.099,0.361,0.291,0.084,0.236,0.229,0.097,0.065,0.43,0.081,0.212,0.216,0.377,0.574,0.276,0.456
2015-10-28 11:00:00,0.332,0.14,0.194,0.366,0.322,0.433,0.115,0.367,0.288,0.099,0.251,0.214,0.1,0.076,0.453,0.098,0.216,0.259,0.361,0.544,0.255,0.477
2015-10-28 12:00:00,0.324,0.124,0.159,0.393,0.298,0.47,0.168,0.386,0.327,0.135,0.309,0.237,0.131,0.125,0.49,0.148,0.255,0.314,0.392,0.532,0.242,0.517
2015-10-28 13:00:00,0.318,0.118,0.152,0.415,0.313,0.503,0.226,0.378,0.37,0.158,0.353,0.251,0.193,0.202,0.512,0.193,0.285,0.372,0.424,0.494,0.234,0.527
2015-10-28 14:00:00,0.309,0.119,0.162,0.497,0.319,0.623,0.351,0.336,0.5,0.216,0.476,0.255,0.306,0.296,0.617,0.279,0.387,0.452,0.499,0.55,0.224,0.514
2015-10-28 15:00:00,0.284,0.124,0.196,0.598,0.328,0.733,0.495,0.37,0.645,0.312,0.618,0.331,0.421,0.392,0.706,0.408,0.532,0.554,0.617,0.625,0.227,0.492
2015-10-28 16:00:00,0.287,0.139,0.313,0.667,0.342,0.793,0.6,0.404,0.734,0.382,0.709,0.392,0.495,0.454,0.766,0.489,0.647,0.627,0.681,0.702,0.233,0.465
2015-10-28 17:00:00,0.296,0.149,0.419,0.685,0.343,0.792,0.657,0.438,0.756,0.395,0.747,0.396,0.518,0.532,0.774,0.47,0.696,0.672,0.68,0.736,0.238,0.503
2015-10-28 18:00:00,0.308,0.16,0.495,0.682,0.344,0.768,0.676,0.463,0.735,0.372,0.754,0.366,0.525,0.58,0.748,0.405,0.705,0.692,0.671,0.762,0.238,0.524
2015-10-28 19:00:00,0.333,0.161,0.552,0.676,0.353,0.749,0.707,0.46,0.705,0.347,0.766,0.356,0.551,0.599,0.727,0.339,0.7,0.701,0.659,0.765,0.236,0.52
2015-10-28 20:00:00,0.343,0.145,0.6,0.666,0.342,0.747,0.728,0.41,0.673,0.311,0.775,0.361,0.569,0.605,0.723,0.283,0.674,0.708,0.649,0.738,0.233,0.521
2015-10-28 21:00:00,0.348,0.123,0.619,0.661,0.335,0.768,0.751,0.371,0.651,0.279,0.795,0.359,0.599,0.629,0.737,0.233,0.658,0.733,0.64,0.693,0.228,0.524
2015-10-28 22:00:00,0.329,0.112,0.638,0.631,0.29,0.75,0.767,0.345,0.629,0.236,0.808,0.317,0.612,0.677,0.708,0.208,0.62,0.759,0.588,0.631,0.218,0.514
2015-10-28 23:00:00,0.259,0.12,0.68,0.607,0.295,0.737,0.765,0.301,0.583,0.194,0.807,0.305,0.607,0.697,0.688,0.166,0.564,0.765,0.555,0.586,0.217,0.493
2015-10-29 00:00:00,0.247,0.097,0.672,0.586,0.279,0.707,0.757,0.244,0.538,0.17,0.798,0.317,0.605,0.704,0.667,0.14,0.545,0.762,0.524,0.563,0.196,0.512
2015-10-29 01:00:00,0.24,0.086,0.664,0.563,0.243,0.672,0.748,0.211,0.503,0.168,0.781,0.296,0.604,0.69,0.649,0.141,0.53,0.751,0.478,0.56,0.183,0.498
2015-10-29 02:00:00,0.215,0.077,0.653,0.546,0.219,0.627,0.748,0.219,0.464,0.171,0.767,0.244,0.585,0.685,0.638,0.142,0.529,0.737,0.449,0.556,0.175,0.471
2015-10-29 03:00:00,0.189,0.072,0.636,0.514,0.198,0.572,0.737,0.202,0.405,0.142,0.722,0.226,0.559,0.68,0.61,0.123,0.469,0.712,0.43,0.513,0.17,0.442
2015-10-29 04:00:00,0.162,0.067,0.629,0.497,0.182,0.574,0.733,0.167,0.392,0.127,0.689,0.231,0.552,0.687,0.587,0.12,0.428,0.697,0.426,0.467,0.162,0.407
2015-10-29 05:00:00,0.143,0.061,0.637,0.466,0.172,0.564,0.729,0.12,0.394,0.117,0.666,0.24,0.556,0.692,0.562,0.115,0.387,0.677,0.381,0.407,0.153,0.414
2015-10-29 06:00:00,0.134,0.055,0.651,0.435,0.145,0.53,0.707,0.093,0.378,0.101,0.638,0.233,0.535,0.68,0.541,0.108,0.346,0.657,0.34,0.363,0.143,0.407
2015-10-29 07:00:00,0.129,0.052,0.661,0.402,0.124,0.479,0.701,0.085,0.364,0.074,0.61,0.201,0.505,0.605,0.496,0.094,0.315,0.638,0.306,0.331,0.134,0.357
2015-10-29 08:00:00,0.127,0.049,0.663,0.294,0.094,0.318,0.553,0.046,0.226,0.042,0.524,0.109,0.319,0.602,0.394,0.051,0.191,0.553,0.199,0.204,0.124,0.302
2015-10-29 09:00:00,0.103,0.037,0.505,0.243,0.078,0.247,0.47,0.029,0.163,0.03,0.474,0.076,0.225,0.585,0.391,0.027,0.132,0.552,0.139,0.114,0.115,0.229
2015-10-29 10:00:00,0.102,0.028,0.387,0.165,0.054,0.149,0.343,0.021,0.101,0.018,0.344,0.062,0.211,0.487,0.275,0.023,0.089,0.405,0.077,0.06,0.087,0.185
2015-10-29 11:00:00,0.076,0.024,0.294,0.137,0.052,0.118,0.326,0.018,0.074,0.015,0.324,0.117,0.17,0.441,0.198,0.024,0.099,0.352,0.056,0.048,0.063,0.131
2015-10-29 12:00:00,0.077,0.025,0.265,0.117,0.035,0.092,0.319,0.017,0.073,0.02,0.265,0.114,0.137,0.387,0.171,0.022,0.1,0.305,0.045,0.039,0.05,0.119
2015-10-29 13:00:00,0.062,0.025,0.242,0.102,0.029,0.084,0.297,0.016,0.078,0.019,0.219,0.087,0.173,0.323,0.144,0.026,0.064,0.26,0.037,0.036,0.045,0.088
2015-10-29 14:00:00,0.047,0.02,0.257,0.09,0.022,0.092,0.292,0.017,0.091,0.013,0.195,0.057,0.25,0.269,0.111,0.028,0.047,0.216,0.03,0.026,0.048,0.049
2015-10-29 15:00:00,0.031,0.015,0.32,0.104,0.021,0.108,0.375,0.016,0.128,0.011,0.255,0.054,0.357,0.332,0.106,0.037,0.092,0.238,0.035,0.023,0.059,0.027
2015-10-29 16:00:00,0.022,0.008,0.393,0.124,0.021,0.125,0.409,0.015,0.173,0.016,0.304,0.066,0.402,0.385,0.131,0.053,0.142,0.261,0.046,0.032,0.075,0.023
2015-10-29 17:00:00,0.026,0.007,0.438,0.129,0.025,0.126,0.389,0.018,0.184,0.022,0.314,0.074,0.363,0.388,0.148,0.069,0.14,0.256,0.049,0.039,0.095,0.018
2015-10-29 18:00:00,0.029,0.008,0.436,0.116,0.032,0.102,0.35,0.022,0.157,0.021,0.283,0.075,0.277,0.362,0.131,0.079,0.121,0.242,0.041,0.043,0.107,0.009
2015-10-29 19:00:00,0.028,0.01,0.404,0.094,0.037,0.07,0.318,0.022,0.116,0.015,0.213,0.075,0.212,0.309,0.107,0.09,0.097,0.203,0.029,0.035,0.107,0.004
2015-10-29 20:00:00,0.026,0.013,0.344,0.075,0.036,0.049,0.277,0.023,0.085,0.011,0.153,0.076,0.176,0.25,0.087,0.108,0.059,0.165,0.021,0.023,0.1,0.002
2015-10-29 21:00:00,0.022,0.014,0.269,0.058,0.035,0.037,0.226,0.022,0.062,0.017,0.11,0.066,0.145,0.215,0.055,0.114,0.029,0.137,0.017,0.013,0.096,0.001
2015-10-29 22:00:00,0.016,0.014,0.193,0.054,0.022,0.051,0.19,0.013,0.091,0.041,0.092,0.071,0.116,0.201,0.041,0.135,0.028,0.134,0.019,0.01,0.095,0.001
2015-10-29 23:00:00,0.013,0.018,0.166,0.039,0.025,0.03,0.137,0.013,0.072,0.092,0.065,0.064,0.057,0.152,0.018,0.135,0.041,0.092,0.02,0.007,0.111,0.0
2015-10-30 00:00:00,0.01,0.018,0.113,0.033,0.029,0.014,0.111,0.018,0.06,0.133,0.059,0.055,0.036,0.152,0.009,0.113,0.079,0.068,0.022,0.007,0.105,0.0
2015-10-30 01:00:00,0.009,0.022,0.081,0.029,0.028,0.013,0.087,0.019,0.05,0.144,0.047,0.048,0.026,0.134,0.006,0.097,0.112,0.047,0.022,0.009,0.102,0.0
2015-10-30 02:00:00,0.005,0.026,0.051,0.029,0.019,0.026,0.075,0.019,0.04,0.137,0.042,0.031,0.02,0.11,0.015,0.083,0.121,0.041,0.021,0.014,0.103,0.001
2015-10-30 03:00:00,0.002,0.034,0.033,0.034,0.012,0.047,0.063,0.023,0.033,0.11,0.055,0.016,0.021,0.104,0.031,0.068,0.097,0.061,0.019,0.016,0.108,0.001
2015-10-30 04:00:00,0.001,0.049,0.029,0.042,0.011,0.058,0.059,0.022,0.03,0.068,0.082,0.01,0.023,0.137,0.037,0.049,0.059,0.096,0.02,0.029,0.116,0.004
2015-10-30 05:00:00,0.001,0.058,0.038,0.051,0.011,0.07,0.068,0.018,0.034,0.042,0.098,0.01,0.018,0.155,0.047,0.039,0.036,0.095,0.029,0.046,0.124,0.004
2015-10-30 06:00:00,0.0,0.062,0.051,0.059,0.007,0.095,0.083,0.016,0.038,0.03,0.101,0.01,0.013,0.143,0.06,0.03,0.027,0.087,0.036,0.06,0.13,0.004
2015-10-30 07:00:00,0.0,0.068,0.064,0.053,0.005,0.087,0.062,0.015,0.033,0.024,0.078,0.007,0.01,0.094,0.057,0.02,0.02,0.072,0.036,0.066,0.144,0.004
2015-10-30 08:00:00,0.0,0.079,0.07,0.034,0.004,0.053,0.023,0.011,0.018,0.011,0.03,0.005,0.005,0.034,0.043,0.007,0.008,0.03,0.025,0.053,0.149,0.004
2015-10-30 09:00:00,0.001,0.078,0.049,0.021,0.003,0.035,0.017,0.01,0.012,0.006,0.02,0.005,0.004,0.023,0.027,0.004,0.004,0.021,0.016,0.031,0.153,0.002
2015-10-30 10:00:00,0.001,0.068,0.029,0.022,0.011,0.037,0.015,0.016,0.011,0.008,0.016,0.009,0.004,0.019,0.022,0.005,0.004,0.016,0.02,0.035,0.149,0.0
2015-10-30 11:00:00,0.002,0.048,0.022,0.022,0.016,0.031,0.02,0.014,0.01,0.009,0.02,0.012,0.005,0.026,0.023,0.007,0.005,0.017,0.017,0.032,0.169,0.0
2015-10-30 12:00:00,0.002,0.045,0.018,0.026,0.02,0.031,0.033,0.016,0.014,0.01,0.032,0.018,0.01,0.041,0.033,0.011,0.01,0.025,0.018,0.034,0.161,0.0
2015-10-30 13:00:00,0.004,0.047,0.027,0.033,0.024,0.041,0.058,0.023,0.023,0.016,0.05,0.02,0.024,0.066,0.034,0.015,0.022,0.041,0.022,0.036,0.16,0.0
2015-10-30 14:00:00,0.008,0.049,0.078,0.044,0.029,0.043,0.091,0.03,0.036,0.028,0.071,0.019,0.056,0.108,0.033,0.017,0.045,0.069,0.023,0.055,0.167,0.001
2015-10-30 15:00:00,0.017,0.059,0.154,0.085,0.043,0.078,0.176,0.033,0.087,0.063,0.132,0.015,0.15,0.178,0.083,0.035,0.1,0.125,0.052,0.089,0.185,0.004
2015-10-30 16:00:00,0.024,0.08,0.228,0.142,0.061,0.181,0.247,0.043,0.167,0.115,0.196,0.02,0.249,0.241,0.146,0.083,0.166,0.174,0.113,0.123,0.207,0.01
2015-10-30 17:00:00,0.04,0.133,0.268,0.181,0.069,0.239,0.277,0.086,0.235,0.166,0.238,0.047,0.283,0.272,0.166,0.144,0.219,0.242,0.156,0.155,0.234,0.014
2015-10-30 18:00:00,0.062,0.188,0.298,0.211,0.093,0.245,0.276,0.144,0.282,0.178,0.272,0.079,0.285,0.279,0.178,0.217,0.227,0.284,0.196,0.191,0.252,0.016
2015-10-30 19:00:00,0.086,0.226,0.306,0.215,0.111,0.219,0.273,0.171,0.288,0.183,0.283,0.102,0.283,0.284,0.165,0.267,0.245,0.275,0.207,0.204,0.282,0.018
2015-10-30 20:00:00,0.101,0.246,0.295,0.226,0.133,0.201,0.278,0.202,0.274,0.188,0.284,0.111,0.294,0.263,0.18,0.274,0.268,0.284,0.214,0.239,0.308,0.021
2015-10-30 21:00:00,0.115,0.264,0.292,0.233,0.16,0.194,0.281,0.235,0.256,0.177,0.286,0.106,0.328,0.248,0.197,0.241,0.26,0.289,0.228,0.246,0.332,0.024
2015-10-30 22:00:00,0.136,0.27,0.297,0.247,0.161,0.243,0.278,0.271,0.284,0.185,0.276,0.117,0.353,0.257,0.188,0.261,0.262,0.251,0.274,0.252,0.365,0.019
2015-10-30 23:00:00,0.113,0.28,0.324,0.247,0.162,0.245,0.287,0.267,0.262,0.182,0.259,0.12,0.379,0.27,0.161,0.26,0.262,0.223,0.284,0.268,0.396,0.013
2015-10-31 00:00:00,0.123,0.285,0.34,0.246,0.156,0.24,0.292,0.256,0.257,0.203,0.27,0.13,0.395,0.267,0.154,0.262,0.29,0.237,0.283,0.263,0.409,0.008
2015-10-31 01:00:00,0.132,0.285,0.334,0.248,0.147,0.249,0.29,0.245,0.265,0.212,0.28,0.129,0.383,0.261,0.171,0.27,0.309,0.256,0.276,0.253,0.413,0.004
2015-10-31 02:00:00,0.148,0.284,0.326,0.26,0.15,0.255,0.318,0.253,0.296,0.205,0.296,0.133,0.392,0.272,0.192,0.285,0.322,0.283,0.27,0.275,0.415,0.004
2015-10-31 03:00:00,0.184,0.273,0.332,0.274,0.152,0.273,0.335,0.263,0.318,0.171,0.3,0.14,0.417,0.277,0.197,0.287,0.32,0.301,0.282,0.303,0.418,0.007
2015-10-31 04:00:00,0.213,0.272,0.318,0.296,0.169,0.284,0.382,0.262,0.357,0.152,0.335,0.146,0.46,0.301,0.215,0.285,0.346,0.286,0.312,0.328,0.415,0.011
2015-10-31 05:00:00,0.238,0.286,0.32,0.315,0.183,0.284,0.421,0.26,0.392,0.137,0.356,0.15,0.495,0.313,0.252,0.27,0.358,0.278,0.329,0.358,0.408,0.018
2015-10-31 06:00:00,0.258,0.31,0.348,0.341,0.182,0.331,0.452,0.28,0.411,0.141,0.377,0.159,0.516,0.314,0.274,0.274,0.384,0.339,0.359,0.379,0.399,0.026
2015-10-31 07:00:00,0.29,0.32,0.39,0.332,0.168,0.345,0.443,0.278,0.376,0.128,0.355,0.126,0.499,0.268,0.261,0.204,0.349,0.354,0.343,0.39,0.385,0.038
2015-10-31 08:00:00,0.327,0.326,0.437,0.264,0.125,0.243,0.305,0.207,0.262,0.103,0.253,0.111,0.325,0.169,0.247,0.158,0.266,0.284,0.233,0.379,0.389,0.042
2015-10-31 09:00:00,0.336,0.305,0.464,0.197,0.098,0.174,0.208,0.158,0.216,0.08,0.191,0.091,0.256,0.154,0.204,0.115,0.197,0.204,0.177,0.264,0.376,0.026
2015-10-31 10:00:00,0.307,0.204,0.397,0.165,0.078,0.14,0.157,0.129,0.184,0.053,0.175,0.073,0.205,0.156,0.155,0.079,0.145,0.202,0.137,0.238,0.322,0.011
2015-10-31 11:00:00,0.28,0.131,0.387,0.166,0.098,0.149,0.147,0.131,0.164,0.048,0.155,0.069,0.196,0.131,0.152,0.064,0.133,0.185,0.148,0.252,0.273,0.011
2015-10-31 12:00:00,0.301,0.114,0.362,0.186,0.12,0.18,0.15,0.161,0.161,0.047,0.145,0.089,0.189,0.124,0.211,0.065,0.128,0.186,0.186,0.246,0.257,0.033
2015-10-31 13:00:00,0.337,0.105,0.368,0.22,0.15,0.248,0.172,0.208,0.176,0.059,0.164,0.118,0.199,0.148,0.244,0.075,0.153,0.23,0.237,0.262,0.238,0.053
2015-10-31 14:00:00,0.372,0.104,0.437,0.297,0.217,0.32,0.247,0.26,0.22,0.092,0.246,0.15,0.251,0.227,0.336,0.094,0.209,0.342,0.272,0.392,0.251,0.061
2015-10-31 15:00:00,0.439,0.133,0.566,0.439,0.372,0.451,0.394,0.419,0.346,0.179,0.396,0.261,0.395,0.365,0.472,0.181,0.355,0.479,0.401,0.568,0.278,0.052
2015-10-31 16:00:00,0.546,0.202,0.676,0.559,0.489,0.523,0.494,0.551,0.475,0.243,0.513,0.377,0.486,0.481,0.635,0.264,0.457,0.589,0.525,0.688,0.325,0.066
2015-10-31 17:00:00,0.616,0.287,0.717,0.613,0.552,0.552,0.54,0.611,0.559,0.236,0.554,0.439,0.485,0.529,0.727,0.292,0.469,0.654,0.586,0.729,0.374,0.098
2015-10-31 18:00:00,0.653,0.349,0.727,0.63,0.588,0.589,0.552,0.616,0.581,0.205,0.548,0.481,0.445,0.541,0.766,0.294,0.434,0.683,0.605,0.727,0.421,0.137
2015-10-31 19:00:00,0.657,0.369,0.732,0.618,0.601,0.581,0.52,0.584,0.535,0.17,0.511,0.522,0.384,0.53,0.765,0.289,0.37,0.685,0.601,0.706,0.459,0.16
2015-10-31 20:00:00,0.64,0.359,0.747,0.61,0.623,0.545,0.488,0.552,0.483,0.141,0.484,0.579,0.317,0.51,0.767,0.296,0.306,0.694,0.611,0.695,0.488,0.156
2015-10-31 21:00:00,0.64,0.338,0.766,0.591,0.632,0.509,0.433,0.511,0.439,0.104,0.449,0.611,0.256,0.476,0.754,0.29,0.225,0.677,0.609,0.674,0.513,0.159
2015-10-31 22:00:00,0.626,0.302,0.772,0.597,0.68,0.533,0.397,0.482,0.465,0.102,0.435,0.69,0.242,0.457,0.772,0.362,0.204,0.69,0.63,0.639,0.552,0.153
2015-10-31 23:00:00,0.616,0.284,0.786,0.582,0.71,0.533,0.375,0.474,0.465,0.092,0.381,0.727,0.226,0.424,0.752,0.418,0.184,0.653,0.626,0.6,0.554,0.163
2015-11-01 00:00:00,0.609,0.264,0.791,0.595,0.706,0.565,0.374,0.455,0.488,0.092,0.354,0.742,0.243,0.421,0.75,0.49,0.165,0.636,0.637,0.636,0.564,0.159
2015-11-01 01:00:00,0.598,0.25,0.796,0.62,0.687,0.615,0.366,0.448,0.532,0.088,0.346,0.747,0.28,0.419,0.767,0.569,0.155,0.65,0.648,0.697,0.565,0.15
2015-11-01 02:00:00,0.588,0.233,0.789,0.634,0.682,0.635,0.376,0.453,0.578,0.08,0.371,0.735,0.306,0.438,0.771,0.624,0.15,0.668,0.649,0.721,0.563,0.14
2015-11-01 03:00:00,0.566,0.213,0.775,0.645,0.687,0.626,0.42,0.446,0.653,0.084,0.425,0.732,0.34,0.465,0.784,0.669,0.16,0.679,0.641,0.728,0.564,0.129
2015-11-01 04:00:00,0.55,0.191,0.758,0.635,0.689,0.593,0.449,0.413,0.715,0.098,0.437,0.758,0.372,0.444,0.779,0.715,0.179,0.673,0.621,0.697,0.586,0.116
2015-11-01 05:00:00,0.54,0.163,0.75,0.627,0.684,0.591,0.445,0.389,0.758,0.117,0.435,0.799,0.387,0.419,0.774,0.773,0.214,0.676,0.607,0.66,0.606,0.106
2015-11-01 06:00:00,0.535,0.145,0.741,0.625,0.658,0.616,0.396,0.391,0.765,0.123,0.453,0.81,0.364,0.44,0.784,0.798,0.214,0.697,0.61,0.618,0.625,0.107
2015-11-01 07:00:00,0.529,0.137,0.753,0.61,0.631,0.629,0.307,0.391,0.736,0.107,0.459,0.787,0.275,0.452,0.792,0.778,0.173,0.693,0.603,0.576,0.618,0.115
2015-11-01 08:00:00,0.515,0.139,0.77,0.592,0.61,0.631,0.222,0.352,0.743,0.077,0.467,0.746,0.173,0.498,0.796,0.719,0.122,0.717,0.581,0.538,0.624,0.107
2015-11-01 09:00:00,0.488,0.133,0.783,0.504,0.523,0.506,0.138,0.255,0.617,0.049,0.356,0.679,0.102,0.401,0.794,0.691,0.09,0.718,0.413,0.464,0.643,0.074
2015-11-01 10:00:00,0.431,0.099,0.814,0.417,0.437,0.44,0.18,0.193,0.586,0.041,0.411,0.649,0.109,0.503,0.602,0.661,0.094,0.636,0.347,0.293,0.657,0.068
2015-11-01 11:00:00,0.393,0.046,0.803,0.379,0.437,0.411,0.181,0.193,0.604,0.047,0.447,0.673,0.118,0.531,0.475,0.692,0.101,0.531,0.344,0.216,0.647,0.081
2015-11-01 12:00:00,0.381,0.027,0.765,0.35,0.426,0.351,0.227,0.182,0.617,0.063,0.475,0.661,0.158,0.575,0.389,0.704,0.122,0.485,0.335,0.159,0.646,0.098
2015-11-01 13:00:00,0.381,0.023,0.801,0.382,0.476,0.368,0.3,0.185,0.713,0.084,0.599,0.628,0.195,0.649,0.471,0.686,0.179,0.557,0.346,0.134,0.643,0.104
2015-11-01 14:00:00,0.379,0.021,0.819,0.444,0.579,0.395,0.426,0.211,0.787,0.154,0.635,0.734,0.275,0.646,0.61,0.777,0.307,0.593,0.382,0.175,0.65,0.104
2015-11-01 15:00:00,0.401,0.025,0.83,0.491,0.636,0.425,0.574,0.208,0.812,0.257,0.622,0.791,0.426,0.647,0.671,0.853,0.467,0.667,0.389,0.246,0.658,0.093
2015-11-01 16:00:00,0.452,0.035,0.831,0.509,0.62,0.485,0.627,0.209,0.77,0.348,0.605,0.8,0.568,0.66,0.671,0.889,0.576,0.723,0.357,0.302,0.659,0.103
2015-11-01 17:00:00,0.471,0.043,0.818,0.508,0.48,0.585,0.608,0.248,0.695,0.362,0.643,0.746,0.595,0.708,0.61,0.885,0.59,0.709,0.347,0.332,0.666,0.125
2015-11-01 18:00:00,0.465,0.048,0.807,0.499,0.319,0.641,0.581,0.343,0.668,0.322,0.704,0.622,0.566,0.738,0.535,0.835,0.51,0.657,0.384,0.326,0.676,0.158
2015-11-01 19:00:00,0.429,0.051,0.788,0.477,0.224,0.562,0.614,0.439,0.712,0.273,0.702,0.507,0.51,0.713,0.488,0.792,0.474,0.604,0.439,0.265,0.676,0.187
2015-11-01 20:00:00,0.374,0.052,0.755,0.464,0.256,0.458,0.683,0.468,0.775,0.278,0.65,0.443,0.524,0.665,0.455,0.788,0.534,0.568,0.477,0.233,0.672,0.193
2015-11-01 21:00:00,0.337,0.058,0.715,0.438,0.379,0.416,0.73,0.428,0.758,0.327,0.622,0.439,0.602,0.648,0.387,0.8,0.642,0.536,0.43,0.206,0.669,0.191
2015-11-01 22:00:00,0.32,0.063,0.654,0.405,0.508,0.403,0.731,0.341,0.73,0.412,0.621,0.562,0.72,0.64,0.323,0.857,0.72,0.474,0.335,0.169,0.669,0.185
2015-11-01 23:00:00,0.313,0.061,0.555,0.373,0.51,0.375,0.724,0.212,0.71,0.485,0.607,0.649,0.707,0.624,0.297,0.884,0.756,0.444,0.272,0.128,0.686,0.211
2015-11-02 00:00:00,0.326,0.06,0.505,0.359,0.409,0.336,0.73,0.197,0.682,0.525,0.606,0.666,0.687,0.619,0.309,0.887,0.76,0.435,0.259,0.11,0.674,0.228
2015-11-02 01:00:00,0.318,0.055,0.486,0.347,0.286,0.329,0.728,0.239,0.66,0.54,0.611,0.649,0.666,0.599,0.315,0.879,0.713,0.417,0.252,0.093,0.668,0.225
2015-11-02 02:00:00,0.31,0.05,0.473,0.324,0.176,0.325,0.723,0.242,0.655,0.495,0.603,0.547,0.624,0.562,0.302,0.838,0.661,0.393,0.229,0.071,0.674,0.216
2015-11-02 03:00:00,0.287,0.043,0.473,0.319,0.157,0.319,0.738,0.243,0.666,0.439,0.601,0.44,0.629,0.535,0.293,0.802,0.67,0.376,0.237,0.068,0.684,0.191
2015-11-02 04:00:00,0.272,0.039,0.469,0.298,0.174,0.276,0.724,0.22,0.61,0.402,0.553,0.378,0.639,0.496,0.257,0.78,0.683,0.329,0.232,0.061,0.692,0.188
2015-11-02 05:00:00,0.27,0.034,0.484,0.29,0.193,0.267,0.694,0.213,0.559,0.417,0.496,0.381,0.641,0.451,0.239,0.778,0.678,0.312,0.245,0.062,0.694,0.19
2015-11-02 06:00:00,0.268,0.032,0.519,0.276,0.177,0.246,0.663,0.202,0.532,0.429,0.443,0.399,0.622,0.42,0.231,0.747,0.655,0.306,0.239,0.057,0.694,0.183
2015-11-02 07:00:00,0.268,0.031,0.511,0.252,0.15,0.197,0.601,0.186,0.479,0.41,0.371,0.392,0.549,0.389,0.238,0.687,0.602,0.292,0.214,0.057,0.685,0.161
2015-11-02 08:00:00,0.253,0.032,0.483,0.203,0.126,0.111,0.555,0.135,0.387,0.379,0.266,0.354,0.478,0.267,0.236,0.647,0.58,0.206,0.141,0.053,0.681,0.139
2015-11-02 09:00:00,0.221,0.032,0.59,0.143,0.07,0.078,0.39,0.049,0.217,0.268,0.204,0.226,0.291,0.222,0.217,0.471,0.385,0.197,0.059,0.041,0.679,0.116
2015-11-02 10:00:00,0.163,0.026,0.571,0.113,0.043,0.048,0.339,0.023,0.157,0.234,0.158,0.188,0.29,0.192,0.192,0.418,0.322,0.145,0.031,0.024,0.661,0.092
2015-11-02 11:00:00,0.13,0.02,0.527,0.112,0.038,0.055,0.341,0.02,0.148,0.224,0.158,0.165,0.309,0.177,0.201,0.389,0.304,0.161,0.028,0.022,0.641,0.092
2015-11-02 12:00:00,0.117,0.014,0.547,0.106,0.037,0.057,0.313,0.016,0.127,0.196,0.148,0.147,0.313,0.182,0.189,0.344,0.248,0.169,0.025,0.021,0.641,0.093
2015-11-02 13:00:00,0.11,0.011,0.568,0.103,0.031,0.059,0.321,0.009,0.108,0.2,0.137,0.131,0.375,0.197,0.174,0.299,0.248,0.165,0.024,0.021,0.649,0.09
2015-11-02 14:00:00,0.103,0.01,0.57,0.114,0.033,0.068,0.374,0.008,0.158,0.235,0.156,0.17,0.419,0.201,0.18,0.381,0.303,0.151,0.031,0.021,0.65,0.089
2015-11-02 15:00:00,0.116,0.013,0.632,0.131,0.037,0.078,0.455,0.01,0.228,0.266,0.191,0.227,0.487,0.215,0.175,0.483,0.372,0.17,0.039,0.018,0.673,0.099
2015-11-02 16:00:00,0.15,0.023,0.715,0.149,0.046,0.076,0.501,0.016,0.277,0.291,0.209,0.293,0.559,0.232,0.194,0.574,0.438,0.213,0.046,0.019,0.684,0.128
2015-11-02 17:00:00,0.182,0.041,0.757,0.149,0.058,0.061,0.467,0.024,0.266,0.28,0.199,0.335,0.57,0.234,0.196,0.596,0.438,0.232,0.045,0.021,0.689,0.148
2015-11-02 18:00:00,0.204,0.06,0.757,0.142,0.07,0.046,0.425,0.029,0.243,0.255,0.19,0.351,0.562,0.23,0.185,0.586,0.423,0.233,0.035,0.023,0.687,0.153
2015-11-02 19:00:00,0.213,0.076,0.739,0.129,0.068,0.029,0.384,0.026,0.217,0.228,0.175,0.333,0.534,0.223,0.171,0.553,0.396,0.218,0.022,0.022,0.678,0.156
2015-11-02 20:00:00,0.217,0.086,0.709,0.115,0.058,0.018,0.352,0.028,0.195,0.204,0.157,0.298,0.493,0.204,0.144,0.523,0.362,0.202,0.014,0.024,0.677,0.152
2015-11-02 21:00:00,0.209,0.088,0.665,0.107,0.058,0.015,0.337,0.047,0.189,0.201,0.147,0.28,0.45,0.183,0.118,0.525,0.346,0.182,0.012,0.029,0.676,0.137
2015-11-02 22:00:00,0.187,0.091,0.615,0.099,0.077,0.012,0.338,0.07,0.183,0.198,0.118,0.294,0.459,0.153,0.086,0.552,0.332,0.132,0.011,0.03,0.659,0.127
2015-11-02 23:00:00,0.184,0.084,0.494,0.102,0.096,0.011,0.358,0.106,0.205,0.194,0.115,0.313,0.439,0.147,0.083,0.565,0.334,0.122,0.017,0.035,0.627,0.143
2015-11-03 00:00:00,0.181,0.085,0.484,0.101,0.115,0.008,0.355,0.117,0.207,0.189,0.1,0.315,0.412,0.123,0.075,0.562,0.338,0.114,0.024,0.038,0.577,0.132
2015-11-03 01:00:00,0.171,0.081,0.491,0.094,0.109,0.007,0.317,0.102,0.177,0.184,0.081,0.306,0.402,0.11,0.067,0.547,0.331,0.108,0.019,0.039,0.524,0.126
2015-11-03 02:00:00,0.163,0.073,0.49,0.088,0.1,0.008,0.277,0.083,0.143,0.176,0.068,0.313,0.394,0.102,0.067,0.536,0.306,0.103,0.013,0.038,0.474,0.124
2015-11-03 03:00:00,0.169,0.065,0.472,0.081,0.087,0.011,0.235,0.068,0.117,0.154,0.05,0.331,0.349,0.087,0.066,0.529,0.251,0.1,0.013,0.033,0.42,0.126
2015-11-03 04:00:00,0.176,0.056,0.44,0.077,0.087,0.017,0.196,0.066,0.111,0.124,0.034,0.36,0.304,0.076,0.058,0.527,0.202,0.09,0.019,0.035,0.389,0.137
2015-11-03 05:00:00,0.183,0.05,0.409,0.076,0.094,0.022,0.158,0.072,0.116,0.091,0.026,0.372,0.277,0.057,0.042,0.518,0.161,0.073,0.032,0.044,0.368,0.154
2015-11-03 06:00:00,0.194,0.048,0.382,0.079,0.099,0.029,0.139,0.081,0.119,0.062,0.022,0.374,0.253,0.043,0.036,0.489,0.122,0.055,0.055,0.053,0.344,0.173
2015-11-03 07:00:00,0.208,0.049,0.339,0.081,0.115,0.036,0.112,0.089,0.12,0.041,0.019,0.374,0.203,0.03,0.025,0.44,0.088,0.035,0.072,0.072,0.33,0.183
2015-11-03 08:00:00,0.215,0.05,0.273,0.069,0.114,0.031,0.057,0.069,0.099,0.027,0.015,0.341,0.122,0.018,0.023,0.376,0.052,0.021,0.058,0.078,0.317,0.173
2015-11-03 09:00:00,0.195,0.043,0.169,0.051,0.068,0.026,0.029,0.038,0.054,0.018,0.008,0.244,0.069,0.011,0.03,0.265,0.023,0.015,0.034,0.078,0.304,0.129
2015-11-03 10:00:00,0.138,0.026,0.102,0.052,0.047,0.031,0.026,0.035,0.051,0.021,0.009,0.209,0.072,0.005,0.046,0.207,0.024,0.013,0.031,0.088,0.289,0.11
2015-11-03 11:00:00,0.115,0.013,0.041,0.046,0.038,0.027,0.02,0.022,0.057,0.022,0.01,0.211,0.066,0.004,0.052,0.191,0.021,0.017,0.024,0.067,0.247,0.126
2015-11-03 12:00:00,0.107,0.007,0.036,0.045,0.042,0.03,0.016,0.021,0.066,0.026,0.012,0.211,0.061,0.004,0.061,0.177,0.021,0.026,0.026,0.052,0.25,0.134
2015-11-03 13:00:00,0.114,0.006,0.048,0.05,0.048,0.039,0.012,0.022,0.087,0.032,0.018,0.244,0.063,0.007,0.064,0.21,0.027,0.037,0.03,0.048,0.246,0.145
2015-11-03 14:00:00,0.12,0.006,0.069,0.068,0.063,0.063,0.017,0.034,0.141,0.052,0.039,0.315,0.099,0.011,0.06,0.276,0.061,0.049,0.042,0.07,0.252,0.156
2015-11-03 15:00:00,0.146,0.008,0.101,0.109,0.087,0.118,0.03,0.054,0.224,0.074,0.092,0.378,0.157,0.026,0.073,0.323,0.116,0.08,0.09,0.124,0.27,0.196
2015-11-03 16:00:00,0.19,0.01,0.147,0.163,0.116,0.206,0.054,0.061,0.317,0.091,0.159,0.46,0.23,0.059,0.11,0.361,0.172,0.119,0.16,0.162,0.285,0.249
2015-11-03 17:00:00,0.22,0.014,0.175,0.196,0.153,0.263,0.087,0.091,0.392,0.088,0.203,0.489,0.27,0.1,0.171,0.379,0.177,0.157,0.163,0.192,0.293,0.301
2015-11-03 18:00:00,0.217,0.018,0.191,0.208,0.173,0.219,0.117,0.113,0.456,0.076,0.24,0.46,0.274,0.146,0.222,0.394,0.153,0.206,0.16,0.189,0.308,0.315
2015-11-03 19:00:00,0.218,0.019,0.202,0.205,0.198,0.184,0.149,0.136,0.499,0.068,0.279,0.432,0.279,0.186,0.236,0.414,0.131,0.239,0.147,0.147,0.324,0.317
2015-11-03 20:00:00,0.224,0.021,0.197,0.197,0.202,0.157,0.194,0.153,0.525,0.063,0.303,0.444,0.299,0.222,0.202,0.443,0.112,0.263,0.152,0.099,0.35,0.322
2015-11-03 21:00:00,0.217,0.024,0.192,0.192,0.198,0.139,0.241,0.167,0.563,0.062,0.316,0.448,0.332,0.251,0.134,0.493,0.1,0.263,0.181,0.063,0.38,0.328
2015-11-03 22:00:00,0.2,0.032,0.188,0.153,0.158,0.097,0.274,0.164,0.502,0.058,0.268,0.417,0.396,0.223,0.071,0.489,0.094,0.188,0.137,0.031,0.398,0.316
2015-11-03 23:00:00,0.183,0.035,0.135,0.148,0.157,0.094,0.298,0.173,0.507,0.065,0.265,0.406,0.4,0.214,0.033,0.543,0.1,0.131,0.144,0.029,0.409,0.329
2015-11-04 00:00:00,0.167,0.048,0.147,0.154,0.151,0.098,0.325,0.187,0.5,0.077,0.257,0.379,0.397,0.194,0.025,0.574,0.125,0.102,0.166,0.045,0.417,0.287
2015-11-04 01:00:00,0.154,0.063,0.149,0.166,0.155,0.136,0.341,0.199,0.455,0.09,0.248,0.345,0.397,0.178,0.034,0.574,0.144,0.091,0.196,0.059,0.431,0.244
2015-11-04 02:00:00,0.14,0.077,0.136,0.169,0.148,0.168,0.342,0.195,0.422,0.111,0.245,0.305,0.403,0.177,0.046,0.576,0.165,0.091,0.207,0.044,0.422,0.211
2015-11-04 03:00:00,0.131,0.087,0.122,0.155,0.13,0.157,0.326,0.195,0.397,0.137,0.248,0.247,0.397,0.176,0.043,0.553,0.202,0.101,0.181,0.022,0.409,0.192
2015-11-04 04:00:00,0.149,0.099,0.109,0.141,0.117,0.126,0.314,0.197,0.366,0.172,0.254,0.211,0.38,0.174,0.036,0.521,0.259,0.105,0.154,0.014,0.394,0.17
2015-11-04 05:00:00,0.161,0.111,0.103,0.137,0.113,0.105,0.316,0.186,0.339,0.202,0.264,0.201,0.376,0.177,0.034,0.499,0.317,0.094,0.152,0.018,0.385,0.133
2015-11-04 06:00:00,0.15,0.133,0.095,0.136,0.106,0.089,0.318,0.177,0.326,0.216,0.262,0.179,0.379,0.186,0.038,0.468,0.352,0.075,0.155,0.025,0.383,0.09
2015-11-04 07:00:00,0.124,0.149,0.084,0.122,0.103,0.067,0.291,0.16,0.291,0.207,0.229,0.144,0.338,0.157,0.047,0.399,0.336,0.048,0.144,0.024,0.388,0.066
2015-11-04 08:00:00,0.11,0.165,0.069,0.088,0.086,0.042,0.245,0.101,0.191,0.17,0.149,0.09,0.252,0.09,0.054,0.288,0.26,0.027,0.098,0.017,0.396,0.053
2015-11-04 09:00:00,0.105,0.162,0.058,0.056,0.051,0.037,0.145,0.045,0.105,0.111,0.089,0.047,0.128,0.063,0.057,0.167,0.143,0.029,0.054,0.011,0.395,0.032
2015-11-04 10:00:00,0.096,0.155,0.036,0.034,0.021,0.02,0.117,0.016,0.065,0.075,0.061,0.023,0.082,0.054,0.036,0.107,0.091,0.029,0.024,0.008,0.383,0.02
2015-11-04 11:00:00,0.039,0.092,0.039,0.032,0.013,0.02,0.102,0.014,0.069,0.07,0.066,0.016,0.071,0.057,0.032,0.097,0.091,0.039,0.019,0.006,0.359,0.012
2015-11-04 12:00:00,0.035,0.073,0.04,0.031,0.013,0.015,0.124,0.01,0.065,0.07,0.074,0.01,0.083,0.081,0.024,0.076,0.091,0.044,0.016,0.004,0.332,0.008
2015-11-04 13:00:00,0.031,0.067,0.055,0.031,0.018,0.01,0.159,0.01,0.062,0.074,0.07,0.011,0.11,0.104,0.018,0.066,0.102,0.045,0.013,0.006,0.339,0.006
2015-11-04 14:00:00,0.025,0.062,0.081,0.035,0.024,0.012,0.21,0.01,0.062,0.088,0.066,0.019,0.164,0.108,0.02,0.073,0.119,0.04,0.015,0.008,0.344,0.005
2015-11-04 15:00:00,0.019,0.067,0.09,0.047,0.024,0.019,0.271,0.01,0.087,0.115,0.082,0.035,0.24,0.125,0.024,0.104,0.138,0.038,0.025,0.01,0.362,0.004
2015-11-04 16:00:00,0.025,0.088,0.082,0.054,0.02,0.022,0.271,0.012,0.123,0.15,0.108,0.036,0.281,0.136,0.017,0.136,0.157,0.056,0.024,0.022,0.365,0.003
2015-11-04 17:00:00,0.032,0.128,0.069,0.051,0.019,0.011,0.233,0.012,0.116,0.165,0.117,0.025,0.275,0.155,0.007,0.114,0.181,0.054,0.022,0.032,0.352,0.003
2015-11-04 18:00:00,0.035,0.163,0.06,0.048,0.023,0.011,0.199,0.011,0.086,0.137,0.1,0.017,0.254,0.162,0.013,0.069,0.169,0.035,0.027,0.037,0.325,0.004
2015-11-04 19:00:00,0.035,0.183,0.059,0.045,0.024,0.017,0.173,0.012,0.067,0.085,0.073,0.016,0.222,0.128,0.03,0.041,0.12,0.027,0.033,0.031,0.296,0.005
2015-11-04 20:00:00,0.034,0.187,0.068,0.042,0.024,0.022,0.145,0.017,0.054,0.048,0.063,0.013,0.183,0.086,0.026,0.037,0.081,0.036,0.03,0.035,0.27,0.003
2015-11-04 21:00:00,0.034,0.189,0.079,0.04,0.017,0.03,0.127,0.025,0.052,0.035,0.054,0.013,0.151,0.06,0.01,0.027,0.066,0.04,0.029,0.051,0.233,0.004
2015-11-04 22:00:00,0.028,0.181,0.073,0.042,0.007,0.039,0.106,0.023,0.038,0.045,0.053,0.007,0.13,0.062,0.01,0.016,0.051,0.039,0.029,0.071,0.206,0.004
2015-11-04 23:00:00,0.022,0.149,0.062,0.044,0.008,0.051,0.089,0.028,0.036,0.025,0.06,0.005,0.105,0.065,0.012,0.008,0.035,0.029,0.032,0.08,0.182,0.002
2015-11-05 00:00:00,0.021,0.148,0.035,0.043,0.009,0.049,0.074,0.033,0.033,0.017,0.051,0.004,0.09,0.059,0.015,0.005,0.03,0.025,0.037,0.076,0.161,0.002
2015-11-05 01:00:00,0.019,0.139,0.028,0.045,0.01,0.043,0.066,0.041,0.033,0.015,0.041,0.004,0.066,0.044,0.022,0.005,0.034,0.02,0.049,0.083,0.147,0.003
2015-11-05 02:00:00,0.021,0.13,0.027,0.05,0.012,0.039,0.062,0.04,0.037,0.013,0.031,0.005,0.046,0.032,0.054,0.006,0.04,0.014,0.056,0.085,0.123,0.002
2015-11-05 03:00:00,0.028,0.125,0.027,0.054,0.016,0.034,0.046,0.044,0.033,0.009,0.021,0.007,0.034,0.03,0.106,0.007,0.038,0.02,0.054,0.075,0.102,0.001
2015-11-05 04:00:00,0.03,0.117,0.028,0.046,0.018,0.042,0.035,0.036,0.034,0.007,0.017,0.008,0.021,0.032,0.074,0.009,0.036,0.016,0.052,0.064,0.089,0.001
2015-11-05 05:00:00,0.023,0.113,0.02,0.038,0.015,0.047,0.029,0.034,0.034,0.007,0.018,0.008,0.015,0.037,0.037,0.01,0.032,0.009,0.04,0.068,0.087,0.002
2015-11-05 06:00:00,0.017,0.113,0.012,0.041,0.014,0.049,0.027,0.037,0.032,0.008,0.026,0.008,0.014,0.039,0.028,0.011,0.032,0.009,0.031,0.096,0.097,0.002
2015-11-05 07:00:00,0.019,0.115,0.008,0.048,0.014,0.045,0.025,0.034,0.026,0.009,0.047,0.01,0.014,0.061,0.041,0.008,0.023,0.015,0.024,0.12,0.12,0.003
2015-11-05 08:00:00,0.022,0.119,0.008,0.048,0.013,0.038,0.026,0.029,0.02,0.007,0.066,0.011,0.01,0.075,0.062,0.006,0.014,0.031,0.02,0.102,0.15,0.002
2015-11-05 09:00:00,0.02,0.115,0.002,0.046,0.01,0.035,0.029,0.023,0.017,0.006,0.055,0.009,0.01,0.076,0.078,0.005,0.011,0.039,0.02,0.084,0.163,0.001
2015-11-05 10:00:00,0.015,0.099,0.001,0.042,0.007,0.041,0.032,0.015,0.024,0.01,0.039,0.007,0.016,0.075,0.086,0.008,0.017,0.033,0.033,0.048,0.159,0.0
2015-11-05 11:00:00,0.003,0.06,0.006,0.037,0.008,0.034,0.028,0.014,0.025,0.012,0.033,0.01,0.016,0.059,0.067,0.011,0.016,0.028,0.031,0.042,0.151,0.0
2015-11-05 12:00:00,0.004,0.054,0.009,0.034,0.008,0.025,0.025,0.017,0.03,0.013,0.037,0.013,0.017,0.049,0.061,0.012,0.016,0.038,0.025,0.043,0.136,0.0
2015-11-05 13:00:00,0.006,0.051,0.01,0.037,0.009,0.029,0.031,0.016,0.033,0.016,0.048,0.016,0.023,0.054,0.053,0.014,0.021,0.044,0.026,0.054,0.134,0.0
2015-11-05 14:00:00,0.01,0.045,0.01,0.046,0.011,0.042,0.045,0.02,0.033,0.03,0.055,0.021,0.041,0.068,0.061,0.017,0.032,0.046,0.032,0.064,0.133,0.001
2015-11-05 15:00:00,0.013,0.047,0.014,0.067,0.014,0.064,0.055,0.037,0.049,0.055,0.053,0.029,0.076,0.059,0.09,0.037,0.051,0.042,0.039,0.122,0.128,0.003
2015-11-05 16:00:00,0.021,0.066,0.019,0.087,0.017,0.076,0.057,0.079,0.08,0.079,0.052,0.035,0.103,0.038,0.108,0.067,0.074,0.049,0.041,0.184,0.117,0.007
2015-11-05 17:00:00,0.032,0.102,0.024,0.101,0.022,0.064,0.055,0.104,0.084,0.086,0.057,0.032,0.1,0.029,0.157,0.076,0.085,0.064,0.061,0.193,0.105,0.012
2015-11-05 18:00:00,0.033,0.146,0.031,0.115,0.025,0.059,0.043,0.115,0.08,0.075,0.061,0.026,0.091,0.033,0.179,0.066,0.074,0.083,0.101,0.199,0.093,0.014
2015-11-05 19:00:00,0.024,0.18,0.032,0.121,0.02,0.071,0.041,0.125,0.083,0.053,0.063,0.018,0.076,0.039,0.168,0.061,0.057,0.091,0.11,0.228,0.089,0.014
2015-11-05 20:00:00,0.016,0.211,0.039,0.128,0.019,0.077,0.04,0.122,0.071,0.04,0.062,0.013,0.065,0.057,0.154,0.056,0.05,0.092,0.12,0.26,0.084,0.015
2015-11-05 21:00:00,0.014,0.225,0.051,0.133,0.02,0.089,0.048,0.111,0.058,0.023,0.06,0.011,0.059,0.086,0.16,0.041,0.035,0.089,0.121,0.276,0.076,0.015
2015-11-05 22:00:00,0.021,0.239,0.072,0.105,0.017,0.09,0.049,0.076,0.034,0.009,0.044,0.015,0.042,0.087,0.137,0.023,0.016,0.063,0.083,0.218,0.066,0.014
2015-11-05 23:00:00,0.024,0.222,0.066,0.088,0.013,0.083,0.059,0.052,0.036,0.008,0.044,0.01,0.052,0.091,0.117,0.016,0.014,0.058,0.062,0.179,0.065,0.016
2015-11-06 00:00:00,0.034,0.221,0.091,0.073,0.01,0.06,0.047,0.04,0.051,0.007,0.044,0.008,0.041,0.08,0.103,0.016,0.013,0.067,0.041,0.151,0.064,0.016
2015-11-06 01:00:00,0.04,0.227,0.101,0.077,0.01,0.071,0.042,0.061,0.052,0.009,0.042,0.009,0.033,0.076,0.101,0.02,0.02,0.071,0.039,0.165,0.07,0.017
2015-11-06 02:00:00,0.047,0.239,0.098,0.092,0.01,0.11,0.042,0.093,0.046,0.008,0.031,0.009,0.028,0.062,0.125,0.01,0.019,0.07,0.058,0.194,0.065,0.012
2015-11-06 03:00:00,0.053,0.252,0.097,0.112,0.014,0.141,0.039,0.104,0.059,0.007,0.028,0.008,0.023,0.048,0.18,0.008,0.01,0.069,0.089,0.204,0.067,0.007
2015-11-06 04:00:00,0.058,0.263,0.104,0.133,0.02,0.144,0.023,0.106,0.067,0.009,0.033,0.009,0.011,0.042,0.23,0.017,0.008,0.079,0.103,0.251,0.071,0.007
2015-11-06 05:00:00,0.068,0.282,0.107,0.138,0.027,0.132,0.017,0.107,0.056,0.009,0.038,0.011,0.005,0.039,0.229,0.019,0.011,0.09,0.112,0.27,0.076,0.011
2015-11-06 06:00:00,0.081,0.293,0.095,0.151,0.04,0.147,0.021,0.132,0.057,0.011,0.046,0.015,0.006,0.047,0.23,0.022,0.014,0.093,0.123,0.306,0.083,0.009
2015-11-06 07:00:00,0.103,0.311,0.09,0.152,0.047,0.134,0.02,0.142,0.038,0.015,0.046,0.016,0.006,0.082,0.231,0.019,0.008,0.096,0.12,0.317,0.085,0.005
2015-11-06 08:00:00,0.126,0.324,0.086,0.153,0.053,0.094,0.018,0.154,0.023,0.013,0.038,0.018,0.004,0.084,0.241,0.016,0.005,0.092,0.1,0.36,0.087,0.005
2015-11-06 09:00:00,0.138,0.334,0.093,0.124,0.05,0.065,0.013,0.128,0.017,0.009,0.028,0.013,0.003,0.062,0.212,0.012,0.003,0.088,0.067,0.299,0.085,0.004
2015-11-06 10:00:00,0.126,0.328,0.091,0.111,0.042,0.075,0.007,0.084,0.019,0.007,0.031,0.01,0.003,0.046,0.181,0.009,0.003,0.105,0.057,0.266,0.084,0.002
2015-11-06 11:00:00,0.055,0.273,0.071,0.107,0.032,0.079,0.006,0.065,0.015,0.008,0.033,0.01,0.004,0.053,0.189,0.008,0.003,0.099,0.049,0.251,0.076,0.0
2015-11-06 12:00:00,0.052,0.253,0.087,0.122,0.023,0.089,0.007,0.087,0.015,0.007,0.031,0.009,0.006,0.055,0.211,0.007,0.003,0.098,0.058,0.294,0.085,0.0
2015-11-06 13:00:00,0.055,0.254,0.093,0.126,0.03,0.103,0.009,0.123,0.02,0.007,0.036,0.007,0.007,0.067,0.191,0.006,0.004,0.096,0.085,0.287,0.086,0.0
2015-11-06 14:00:00,0.069,0.24,0.088,0.141,0.067,0.138,0.012,0.162,0.041,0.01,0.05,0.014,0.007,0.069,0.19,0.01,0.011,0.107,0.131,0.267,0.094,0.001
2015-11-06 15:00:00,0.095,0.231,0.086,0.18,0.116,0.198,0.011,0.231,0.107,0.013,0.088,0.036,0.011,0.06,0.236,0.026,0.024,0.139,0.189,0.289,0.112,0.001
2015-11-06 16:00:00,0.143,0.234,0.092,0.226,0.161,0.277,0.019,0.292,0.185,0.02,0.131,0.067,0.017,0.079,0.305,0.069,0.053,0.182,0.256,0.291,0.135,0.001
2015-11-06 17:00:00,0.182,0.257,0.107,0.248,0.204,0.288,0.027,0.302,0.246,0.027,0.163,0.097,0.02,0.094,0.356,0.118,0.077,0.235,0.266,0.288,0.147,0.001
2015-11-06 18:00:00,0.219,0.283,0.115,0.259,0.246,0.287,0.039,0.342,0.292,0.031,0.192,0.132,0.021,0.096,0.38,0.171,0.097,0.293,0.256,0.279,0.158,0.001
2015-11-06 19:00:00,0.26,0.305,0.129,0.263,0.296,0.272,0.055,0.388,0.29,0.038,0.205,0.182,0.024,0.102,0.405,0.23,0.132,0.321,0.247,0.255,0.174,0.001
2015-11-06 20:00:00,0.297,0.345,0.145,0.267,0.324,0.261,0.061,0.407,0.288,0.041,0.204,0.259,0.035,0.121,0.415,0.294,0.133,0.332,0.233,0.256,0.187,0.001
2015-11-06 21:00:00,0.315,0.379,0.161,0.271,0.317,0.255,0.059,0.382,0.293,0.038,0.206,0.28,0.033,0.14,0.428,0.343,0.116,0.326,0.232,0.265,0.2,0.003
2015-11-06 22:00:00,0.333,0.423,0.167,0.285,0.397,0.219,0.051,0.44,0.287,0.043,0.216,0.268,0.019,0.159,0.412,0.359,0.104,0.345,0.27,0.292,0.203,0.006
2015-11-06 23:00:00,0.359,0.474,0.147,0.266,0.366,0.206,0.059,0.401,0.271,0.053,0.191,0.283,0.022,0.152,0.332,0.35,0.102,0.326,0.255,0.305,0.214,0.011
2015-11-12 00:00:00,0.296,0.45,0.33,0.617,0.355,0.62,0.745,0.569,0.553,0.331,0.648,0.203,0.545,0.179,0.853,0.291,0.481,0.477,0.599,0.692,0.193,0.031
2015-11-12 01:00:00,0.294,0.458,0.329,0.642,0.343,0.67,0.743,0.567,0.554,0.335,0.667,0.205,0.561,0.182,0.848,0.313,0.481,0.517,0.666,0.7,0.188,0.033
2015-11-12 02:00:00,0.313,0.474,0.339,0.661,0.384,0.734,0.741,0.552,0.566,0.33,0.664,0.222,0.585,0.319,0.848,0.318,0.465,0.577,0.689,0.694,0.186,0.041
2015-11-12 03:00:00,0.344,0.477,0.335,0.67,0.396,0.724,0.703,0.563,0.636,0.315,0.657,0.248,0.568,0.518,0.851,0.363,0.432,0.68,0.643,0.732,0.198,0.043
2015-11-12 04:00:00,0.399,0.491,0.311,0.68,0.401,0.705,0.638,0.607,0.657,0.322,0.669,0.24,0.53,0.647,0.864,0.353,0.443,0.761,0.619,0.772,0.215,0.053
2015-11-12 05:00:00,0.427,0.493,0.271,0.699,0.435,0.702,0.595,0.642,0.681,0.338,0.697,0.257,0.509,0.742,0.885,0.352,0.439,0.81,0.634,0.803,0.221,0.071
2015-11-12 06:00:00,0.469,0.487,0.24,0.726,0.471,0.753,0.579,0.688,0.687,0.375,0.725,0.263,0.462,0.744,0.908,0.364,0.461,0.823,0.683,0.82,0.23,0.074
2015-11-12 07:00:00,0.495,0.473,0.238,0.748,0.548,0.789,0.636,0.694,0.715,0.372,0.765,0.275,0.461,0.734,0.919,0.35,0.45,0.862,0.72,0.816,0.238,0.083
2015-11-12 08:00:00,0.502,0.453,0.273,0.756,0.523,0.795,0.702,0.706,0.702,0.395,0.809,0.298,0.475,0.788,0.921,0.344,0.434,0.885,0.701,0.841,0.249,0.077
2015-11-12 09:00:00,0.485,0.446,0.328,0.768,0.562,0.764,0.715,0.673,0.812,0.51,0.816,0.438,0.481,0.836,0.918,0.522,0.608,0.898,0.699,0.834,0.262,0.074
2015-11-12 10:00:00,0.447,0.434,0.379,0.686,0.469,0.716,0.694,0.517,0.739,0.422,0.76,0.399,0.47,0.816,0.853,0.488,0.561,0.873,0.594,0.689,0.271,0.078
2015-11-12 11:00:00,0.294,0.312,0.436,0.756,0.549,0.778,0.725,0.616,0.769,0.532,0.795,0.419,0.531,0.847,0.939,0.553,0.702,0.893,0.66,0.796,0.279,0.072
2015-11-12 12:00:00,0.331,0.359,0.563,0.797,0.632,0.803,0.733,0.626,0.792,0.572,0.849,0.431,0.589,0.871,0.982,0.588,0.752,0.948,0.718,0.82,0.284,0.138
2015-11-12 13:00:00,0.346,0.317,0.676,0.828,0.577,0.883,0.806,0.56,0.842,0.655,0.905,0.512,0.66,0.92,0.997,0.623,0.823,0.981,0.725,0.863,0.285,0.227
2015-11-12 14:00:00,0.336,0.27,0.778,0.853,0.601,0.945,0.864,0.625,0.889,0.663,0.942,0.511,0.769,0.968,0.993,0.597,0.831,0.993,0.822,0.793,0.294,0.288
2015-11-12 15:00:00,0.264,0.216,0.855,0.831,0.514,0.899,0.898,0.583,0.859,0.663,0.943,0.448,0.879,0.988,0.983,0.613,0.819,0.988,0.782,0.761,0.291,0.307
2015-11-12 16:00:00,0.183,0.178,0.9,0.811,0.463,0.855,0.907,0.578,0.81,0.642,0.936,0.373,0.897,0.986,0.974,0.562,0.831,0.979,0.753,0.752,0.284,0.34
2015-11-12 17:00:00,0.13,0.163,0.92,0.792,0.469,0.811,0.907,0.594,0.777,0.597,0.926,0.317,0.85,0.983,0.969,0.482,0.777,0.977,0.73,0.742,0.269,0.359
2015-11-12 18:00:00,0.099,0.163,0.932,0.753,0.47,0.77,0.901,0.538,0.771,0.518,0.93,0.286,0.801,0.982,0.955,0.437,0.708,0.977,0.674,0.657,0.247,0.36
2015-11-12 19:00:00,0.085,0.172,0.932,0.695,0.383,0.716,0.907,0.381,0.764,0.487,0.932,0.258,0.77,0.981,0.939,0.424,0.716,0.968,0.57,0.555,0.224,0.291
2015-11-12 20:00:00,0.069,0.196,0.93,0.629,0.249,0.666,0.914,0.257,0.701,0.478,0.92,0.189,0.768,0.974,0.914,0.373,0.728,0.953,0.447,0.467,0.201,0.211
2015-11-12 21:00:00,0.053,0.222,0.92,0.565,0.178,0.6,0.906,0.188,0.63,0.412,0.901,0.136,0.771,0.97,0.859,0.303,0.673,0.929,0.353,0.383,0.182,0.156
2015-11-12 22:00:00,0.042,0.244,0.893,0.5,0.168,0.492,0.853,0.175,0.538,0.348,0.854,0.102,0.68,0.964,0.776,0.232,0.566,0.876,0.301,0.312,0.16,0.14
2015-11-12 23:00:00,0.03,0.273,0.869,0.43,0.108,0.388,0.816,0.15,0.456,0.304,0.788,0.08,0.628,0.934,0.646,0.189,0.489,0.803,0.23,0.279,0.121,0.091
2015-11-13 00:00:00,0.038,0.276,0.833,0.367,0.068,0.339,0.752,0.135,0.374,0.243,0.699,0.05,0.584,0.885,0.508,0.141,0.396,0.722,0.197,0.233,0.094,0.057
2015-11-13 01:00:00,0.055,0.294,0.813,0.315,0.055,0.311,0.65,0.131,0.307,0.185,0.591,0.037,0.502,0.83,0.391,0.107,0.309,0.609,0.165,0.231,0.091,0.036
2015-11-13 02:00:00,0.081,0.315,0.761,0.278,0.056,0.262,0.585,0.15,0.248,0.142,0.461,0.037,0.451,0.729,0.328,0.078,0.244,0.5,0.135,0.269,0.109,0.019
2015-11-13 03:00:00,0.107,0.338,0.676,0.251,0.083,0.206,0.478,0.189,0.175,0.095,0.362,0.062,0.361,0.58,0.298,0.053,0.177,0.4,0.129,0.301,0.153,0.011
2015-11-13 04:00:00,0.13,0.381,0.562,0.238,0.129,0.163,0.405,0.245,0.114,0.051,0.271,0.099,0.28,0.461,0.274,0.048,0.109,0.325,0.139,0.347,0.209,0.009
2015-11-13 05:00:00,0.141,0.424,0.443,0.245,0.182,0.141,0.31,0.335,0.095,0.025,0.22,0.13,0.197,0.332,0.252,0.057,0.059,0.288,0.187,0.413,0.281,0.027
2015-11-13 06:00:00,0.173,0.467,0.324,0.278,0.224,0.17,0.238,0.406,0.103,0.015,0.205,0.179,0.146,0.313,0.26,0.077,0.036,0.26,0.242,0.512,0.351,0.05
2015-11-13 07:00:00,0.224,0.501,0.227,0.318,0.251,0.229,0.188,0.453,0.124,0.021,0.158,0.238,0.103,0.28,0.327,0.129,0.03,0.216,0.302,0.592,0.419,0.076
2015-11-13 08:00:00,0.285,0.542,0.181,0.344,0.279,0.248,0.138,0.465,0.142,0.039,0.094,0.251,0.053,0.202,0.398,0.159,0.037,0.182,0.346,0.651,0.481,0.103
2015-11-13 09:00:00,0.342,0.572,0.162,0.355,0.258,0.256,0.096,0.483,0.165,0.038,0.075,0.221,0.033,0.137,0.451,0.159,0.057,0.156,0.344,0.7,0.547,0.092
2015-11-13 10:00:00,0.337,0.594,0.173,0.354,0.203,0.275,0.053,0.382,0.166,0.046,0.091,0.24,0.06,0.077,0.552,0.207,0.078,0.212,0.27,0.692,0.601,0.069
2015-11-13 11:00:00,0.3,0.511,0.221,0.385,0.232,0.372,0.049,0.354,0.199,0.042,0.124,0.316,0.079,0.113,0.638,0.314,0.074,0.289,0.295,0.637,0.584,0.097
2015-11-13 12:00:00,0.351,0.537,0.259,0.399,0.247,0.405,0.06,0.343,0.255,0.064,0.164,0.356,0.085,0.174,0.69,0.421,0.077,0.358,0.295,0.574,0.621,0.152
2015-11-13 13:00:00,0.395,0.572,0.292,0.441,0.238,0.428,0.068,0.374,0.299,0.09,0.216,0.339,0.098,0.208,0.766,0.475,0.094,0.417,0.323,0.633,0.646,0.154
2015-11-13 14:00:00,0.423,0.594,0.357,0.471,0.294,0.463,0.082,0.458,0.277,0.128,0.245,0.334,0.131,0.203,0.782,0.481,0.123,0.454,0.359,0.669,0.66,0.124
2015-11-13 15:00:00,0.458,0.588,0.431,0.529,0.374,0.513,0.128,0.522,0.329,0.187,0.311,0.407,0.219,0.244,0.808,0.547,0.182,0.562,0.435,0.712,0.658,0.103
2015-11-13 16:00:00,0.494,0.575,0.503,0.574,0.443,0.53,0.185,0.553,0.415,0.254,0.369,0.47,0.35,0.323,0.808,0.606,0.253,0.641,0.499,0.737,0.637,0.11
2015-11-13 17:00:00,0.512,0.601,0.552,0.603,0.481,0.555,0.259,0.569,0.502,0.355,0.407,0.504,0.451,0.4,0.81,0.646,0.368,0.68,0.548,0.723,0.615,0.116
2015-11-13 18:00:00,0.543,0.659,0.618,0.609,0.536,0.583,0.336,0.62,0.543,0.411,0.419,0.538,0.52,0.424,0.793,0.651,0.465,0.673,0.568,0.673,0.579,0.117
2015-11-13 19:00:00,0.58,0.691,0.67,0.606,0.612,0.607,0.406,0.675,0.572,0.412,0.44,0.587,0.576,0.408,0.759,0.664,0.508,0.664,0.607,0.575,0.522,0.109
2015-11-13 20:00:00,0.611,0.716,0.719,0.613,0.662,0.617,0.447,0.722,0.599,0.419,0.458,0.617,0.588,0.416,0.654,0.672,0.535,0.65,0.642,0.615,0.48,0.105
2015-11-13 21:00:00,0.647,0.74,0.751,0.63,0.664,0.63,0.469,0.753,0.65,0.445,0.476,0.622,0.576,0.438,0.604,0.668,0.549,0.622,0.673,0.69,0.46,0.114
2015-11-13 22:00:00,0.682,0.769,0.765,0.699,0.698,0.731,0.493,0.8,0.684,0.498,0.548,0.634,0.58,0.492,0.63,0.683,0.583,0.626,0.766,0.812,0.444,0.117
2015-11-13 23:00:00,0.718,0.764,0.751,0.742,0.754,0.75,0.504,0.884,0.705,0.547,0.591,0.646,0.576,0.487,0.667,0.675,0.623,0.645,0.792,0.925,0.413,0.114
2015-11-14 00:00:00,0.759,0.761,0.707,0.784,0.834,0.807,0.526,0.949,0.704,0.58,0.6,0.714,0.56,0.497,0.702,0.71,0.636,0.62,0.885,0.95,0.378,0.13
2015-11-14 01:00:00,0.808,0.76,0.696,0.828,0.933,0.914,0.521,0.916,0.751,0.642,0.575,0.786,0.561,0.508,0.82,0.769,0.662,0.578,0.953,0.938,0.36,0.145
2015-11-14 02:00:00,0.843,0.77,0.651,0.87,0.957,0.966,0.538,0.894,0.842,0.716,0.629,0.89,0.572,0.481,0.94,0.862,0.734,0.637,0.968,0.943,0.348,0.188
2015-11-14 03:00:00,0.858,0.779,0.58,0.899,0.915,0.962,0.605,0.907,0.944,0.804,0.742,0.94,0.6,0.515,0.969,0.936,0.844,0.772,0.948,0.967,0.352,0.262
2015-11-14 04:00:00,0.871,0.782,0.578,0.914,0.894,0.93,0.714,0.93,0.984,0.879,0.849,0.848,0.653,0.602,0.961,0.953,0.94,0.837,0.944,0.975,0.346,0.378
2015-11-14 05:00:00,0.861,0.781,0.66,0.934,0.889,0.956,0.817,0.939,0.966,0.933,0.938,0.791,0.757,0.722,0.97,0.872,0.988,0.893,0.959,0.972,0.331,0.515
2015-11-14 06:00:00,0.836,0.784,0.731,0.951,0.905,0.966,0.946,0.938,0.962,0.924,0.966,0.734,0.875,0.902,0.98,0.804,0.972,0.927,0.964,0.977,0.328,0.688
2015-11-14 07:00:00,0.829,0.782,0.759,0.956,0.908,0.963,0.975,0.945,0.966,0.841,0.966,0.762,0.957,0.974,0.978,0.776,0.955,0.928,0.963,0.986,0.323,0.716
2015-11-14 08:00:00,0.831,0.774,0.799,0.947,0.886,0.947,0.976,0.956,0.927,0.734,0.96,0.753,0.939,0.967,0.98,0.733,0.885,0.895,0.956,0.991,0.323,0.698
2015-11-14 09:00:00,0.794,0.758,0.829,0.945,0.881,0.952,0.976,0.896,0.992,0.83,0.954,0.8,0.932,0.952,0.953,0.828,0.945,0.877,0.967,0.965,0.328,0.612
2015-11-14 10:00:00,0.86,0.718,0.854,0.964,0.863,0.994,0.944,0.94,0.99,0.908,0.971,0.797,0.888,0.934,0.992,0.889,0.976,0.941,0.97,0.987,0.328,0.671
2015-11-14 11:00:00,0.834,0.669,0.812,0.972,0.919,0.998,0.918,0.979,0.989,0.889,0.954,0.817,0.891,0.933,0.996,0.878,0.97,0.936,0.993,0.995,0.313,0.647
2015-11-14 12:00:00,0.837,0.714,0.83,0.965,0.91,0.994,0.91,0.96,0.976,0.856,0.923,0.828,0.897,0.884,0.998,0.854,0.956,0.944,0.991,0.986,0.333,0.57
2015-11-14 13:00:00,0.819,0.72,0.805,0.959,0.893,0.989,0.887,0.956,0.953,0.768,0.911,0.77,0.909,0.911,0.997,0.838,0.907,0.99,0.98,0.975,0.332,0.551
2015-11-14 14:00:00,0.837,0.706,0.814,0.952,0.835,0.978,0.873,0.94,0.952,0.678,0.956,0.756,0.828,0.955,0.991,0.82,0.854,0.99,0.971,0.971,0.346,0.534
2015-11-14 15:00:00,0.836,0.701,0.78,0.923,0.832,0.955,0.835,0.887,0.928,0.743,0.94,0.718,0.713,0.953,0.979,0.78,0.878,0.979,0.932,0.93,0.347,0.399
2015-11-14 16:00:00,0.831,0.654,0.785,0.902,0.805,0.927,0.866,0.83,0.9,0.664,0.935,0.722,0.73,0.962,0.969,0.758,0.843,0.955,0.889,0.914,0.351,0.391
2015-11-14 17:00:00,0.778,0.62,0.777,0.89,0.771,0.892,0.891,0.831,0.887,0.667,0.931,0.707,0.78,0.964,0.961,0.76,0.827,0.926,0.866,0.91,0.341,0.364
2015-11-14 18:00:00,0.745,0.603,0.767,0.879,0.75,0.872,0.908,0.826,0.873,0.691,0.92,0.65,0.811,0.943,0.954,0.732,0.825,0.904,0.856,0.904,0.325,0.401
2015-11-14 19:00:00,0.711,0.601,0.765,0.872,0.761,0.873,0.907,0.822,0.868,0.671,0.899,0.635,0.812,0.916,0.945,0.701,0.806,0.894,0.853,0.895,0.306,0.436
2015-11-14 20:00:00,0.704,0.607,0.751,0.862,0.764,0.869,0.88,0.802,0.876,0.662,0.886,0.649,0.791,0.899,0.947,0.702,0.793,0.893,0.84,0.875,0.292,0.427
2015-11-14 21:00:00,0.709,0.606,0.772,0.849,0.743,0.847,0.856,0.791,0.862,0.672,0.883,0.641,0.77,0.892,0.94,0.678,0.801,0.905,0.824,0.855,0.288,0.396
2015-11-14 22:00:00,0.7,0.609,0.796,0.802,0.676,0.788,0.838,0.735,0.821,0.665,0.851,0.595,0.74,0.867,0.899,0.668,0.788,0.856,0.789,0.78,0.284,0.379
2015-11-14 23:00:00,0.62,0.576,0.762,0.791,0.663,0.775,0.821,0.713,0.823,0.671,0.841,0.591,0.719,0.884,0.884,0.66,0.787,0.87,0.763,0.779,0.273,0.292
2015-11-15 00:00:00,0.644,0.573,0.799,0.773,0.594,0.743,0.797,0.677,0.799,0.649,0.809,0.575,0.718,0.868,0.862,0.655,0.767,0.844,0.759,0.765,0.267,0.253
2015-11-15 01:00:00,0.661,0.555,0.811,0.738,0.516,0.737,0.754,0.62,0.792,0.674,0.768,0.499,0.699,0.815,0.854,0.675,0.749,0.811,0.725,0.697,0.253,0.239
2015-11-15 02:00:00,0.669,0.544,0.808,0.69,0.447,0.679,0.731,0.542,0.722,0.673,0.741,0.438,0.694,0.785,0.811,0.617,0.742,0.783,0.662,0.652,0.247,0.208
2015-11-15 03:00:00,0.685,0.537,0.797,0.647,0.373,0.652,0.695,0.444,0.681,0.627,0.673,0.409,0.63,0.756,0.768,0.599,0.685,0.74,0.606,0.631,0.235,0.172
2015-11-15 04:00:00,0.73,0.556,0.769,0.571,0.32,0.572,0.634,0.364,0.623,0.589,0.603,0.361,0.536,0.695,0.682,0.549,0.654,0.678,0.505,0.568,0.221,0.19
2015-11-15 05:00:00,0.757,0.567,0.745,0.52,0.397,0.529,0.59,0.388,0.529,0.528,0.55,0.411,0.51,0.653,0.637,0.53,0.581,0.611,0.423,0.511,0.201,0.225
2015-11-15 06:00:00,0.784,0.588,0.728,0.463,0.462,0.469,0.536,0.399,0.431,0.473,0.485,0.484,0.459,0.593,0.577,0.533,0.467,0.537,0.352,0.441,0.189,0.256
2015-11-15 07:00:00,0.787,0.606,0.693,0.428,0.478,0.417,0.466,0.397,0.384,0.471,0.424,0.51,0.383,0.556,0.528,0.569,0.405,0.477,0.341,0.392,0.172,0.292
2015-11-15 08:00:00,0.786,0.623,0.661,0.4,0.533,0.318,0.346,0.422,0.348,0.497,0.312,0.555,0.272,0.466,0.525,0.615,0.384,0.461,0.358,0.345,0.167,0.309
2015-11-15 09:00:00,0.805,0.638,0.631,0.454,0.594,0.443,0.377,0.437,0.47,0.525,0.495,0.619,0.247,0.652,0.561,0.687,0.462,0.533,0.409,0.324,0.157,0.365
2015-11-15 10:00:00,0.83,0.649,0.646,0.466,0.617,0.503,0.482,0.469,0.479,0.516,0.445,0.643,0.376,0.544,0.529,0.759,0.574,0.47,0.464,0.304,0.138,0.466
2015-11-15 11:00:00,0.844,0.677,0.553,0.417,0.701,0.433,0.415,0.53,0.468,0.488,0.394,0.692,0.4,0.415,0.455,0.732,0.546,0.429,0.45,0.194,0.137,0.533
2015-11-15 12:00:00,0.853,0.685,0.486,0.366,0.827,0.324,0.386,0.679,0.45,0.516,0.319,0.782,0.39,0.319,0.354,0.775,0.48,0.379,0.416,0.108,0.126,0.555
2015-11-15 13:00:00,0.872,0.682,0.45,0.306,0.927,0.228,0.326,0.776,0.435,0.599,0.234,0.876,0.405,0.21,0.209,0.833,0.48,0.228,0.371,0.067,0.108,0.595
2015-11-15 14:00:00,0.885,0.672,0.454,0.28,0.979,0.166,0.334,0.79,0.396,0.674,0.201,0.939,0.497,0.183,0.097,0.879,0.529,0.175,0.367,0.047,0.106,0.615
2015-11-15 15:00:00,0.9,0.658,0.384,0.272,0.994,0.129,0.348,0.783,0.405,0.766,0.177,0.978,0.513,0.164,0.049,0.933,0.625,0.129,0.394,0.029,0.1,0.602
2015-11-15 16:00:00,0.907,0.638,0.335,0.266,0.994,0.066,0.321,0.764,0.408,0.856,0.165,0.99,0.548,0.139,0.022,0.961,0.707,0.071,0.405,0.052,0.106,0.599
2015-11-15 17:00:00,0.909,0.616,0.308,0.27,0.993,0.037,0.288,0.716,0.401,0.913,0.137,0.991,0.629,0.106,0.022,0.983,0.757,0.04,0.417,0.088,0.112,0.569
2015-11-15 18:00:00,0.911,0.59,0.289,0.268,0.993,0.055,0.241,0.643,0.386,0.944,0.097,0.992,0.696,0.092,0.035,0.987,0.784,0.027,0.403,0.103,0.119,0.604
2015-11-15 19:00:00,0.912,0.562,0.271,0.256,0.982,0.07,0.204,0.553,0.372,0.949,0.057,0.992,0.727,0.068,0.056,0.988,0.809,0.016,0.379,0.072,0.117,0.63
2015-11-15 20:00:00,0.912,0.536,0.257,0.241,0.941,0.08,0.166,0.38,0.369,0.95,0.034,0.986,0.785,0.034,0.105,0.984,0.826,0.014,0.318,0.06,0.108,0.689
2015-11-15 21:00:00,0.911,0.518,0.237,0.227,0.826,0.113,0.12,0.198,0.354,0.953,0.041,0.962,0.845,0.014,0.162,0.961,0.823,0.035,0.239,0.062,0.097,0.752
2015-11-15 22:00:00,0.91,0.501,0.212,0.21,0.589,0.144,0.112,0.096,0.35,0.912,0.092,0.819,0.874,0.013,0.179,0.811,0.75,0.066,0.191,0.068,0.088,0.797
2015-11-15 23:00:00,0.901,0.465,0.17,0.194,0.37,0.157,0.144,0.059,0.328,0.85,0.133,0.637,0.852,0.024,0.196,0.673,0.688,0.103,0.166,0.054,0.068,0.823
2015-11-16 00:00:00,0.893,0.451,0.156,0.166,0.223,0.148,0.25,0.031,0.286,0.736,0.174,0.412,0.81,0.05,0.182,0.534,0.647,0.121,0.11,0.039,0.063,0.838
2015-11-16 01:00:00,0.875,0.449,0.132,0.143,0.131,0.128,0.346,0.015,0.2,0.574,0.175,0.259,0.803,0.071,0.186,0.342,0.551,0.13,0.066,0.034,0.056,0.842
2015-11-16 02:00:00,0.836,0.464,0.127,0.126,0.061,0.109,0.44,0.01,0.13,0.432,0.155,0.179,0.729,0.078,0.167,0.224,0.429,0.15,0.046,0.041,0.047,0.829
2015-11-16 03:00:00,0.781,0.494,0.142,0.118,0.024,0.119,0.433,0.018,0.085,0.354,0.126,0.085,0.645,0.076,0.152,0.139,0.315,0.167,0.039,0.072,0.041,0.806
2015-11-16 04:00:00,0.728,0.533,0.129,0.106,0.017,0.11,0.376,0.047,0.069,0.226,0.119,0.034,0.525,0.084,0.139,0.078,0.216,0.178,0.027,0.079,0.042,0.774
2015-11-16 05:00:00,0.686,0.556,0.114,0.098,0.031,0.065,0.289,0.098,0.055,0.13,0.122,0.015,0.404,0.098,0.129,0.038,0.145,0.168,0.019,0.117,0.055,0.717
2015-11-16 06:00:00,0.664,0.575,0.111,0.101,0.069,0.022,0.238,0.144,0.036,0.076,0.103,0.014,0.284,0.095,0.131,0.018,0.102,0.14,0.038,0.163,0.076,0.646
2015-11-16 07:00:00,0.647,0.584,0.108,0.135,0.116,0.016,0.254,0.186,0.021,0.037,0.079,0.041,0.271,0.093,0.172,0.014,0.074,0.123,0.065,0.279,0.11,0.549
2015-11-16 08:00:00,0.629,0.58,0.109,0.16,0.142,0.023,0.176,0.235,0.022,0.014,0.057,0.078,0.23,0.088,0.155,0.026,0.027,0.093,0.098,0.405,0.159,0.425
2015-11-16 09:00:00,0.612,0.575,0.118,0.194,0.177,0.053,0.114,0.274,0.032,0.007,0.052,0.092,0.13,0.113,0.158,0.039,0.013,0.082,0.181,0.482,0.221,0.337
2015-11-16 10:00:00,0.519,0.549,0.133,0.223,0.176,0.103,0.063,0.301,0.052,0.008,0.044,0.107,0.055,0.08,0.25,0.038,0.009,0.097,0.23,0.49,0.276,0.285
2015-11-16 11:00:00,0.323,0.485,0.096,0.266,0.201,0.211,0.04,0.344,0.084,0.01,0.055,0.091,0.045,0.058,0.347,0.047,0.011,0.136,0.276,0.514,0.296,0.127
2015-11-16 12:00:00,0.349,0.52,0.099,0.308,0.217,0.325,0.035,0.404,0.13,0.015,0.091,0.093,0.032,0.065,0.423,0.068,0.017,0.172,0.316,0.533,0.311,0.093
2015-11-16 13:00:00,0.351,0.532,0.143,0.332,0.208,0.375,0.026,0.39,0.153,0.021,0.091,0.083,0.025,0.075,0.528,0.102,0.036,0.205,0.325,0.527,0.357,0.07
2015-11-16 14:00:00,0.337,0.532,0.175,0.363,0.165,0.436,0.019,0.388,0.203,0.029,0.091,0.082,0.017,0.066,0.63,0.116,0.057,0.247,0.341,0.55,0.42,0.035
2015-11-16 15:00:00,0.396,0.525,0.193,0.384,0.157,0.44,0.028,0.346,0.251,0.037,0.143,0.087,0.014,0.071,0.643,0.143,0.072,0.29,0.379,0.562,0.477,0.018
2015-11-16 16:00:00,0.404,0.526,0.235,0.396,0.112,0.408,0.041,0.369,0.284,0.053,0.205,0.098,0.016,0.116,0.638,0.173,0.091,0.357,0.35,0.626,0.514,0.016
2015-11-16 17:00:00,0.418,0.541,0.295,0.41,0.11,0.36,0.071,0.465,0.29,0.072,0.258,0.093,0.035,0.179,0.631,0.188,0.115,0.431,0.34,0.671,0.544,0.02
2015-11-16 18:00:00,0.419,0.538,0.372,0.434,0.138,0.364,0.126,0.492,0.294,0.089,0.316,0.104,0.084,0.237,0.625,0.196,0.149,0.495,0.372,0.684,0.567,0.03
2015-11-16 19:00:00,0.418,0.538,0.438,0.45,0.163,0.365,0.192,0.486,0.291,0.104,0.347,0.116,0.171,0.287,0.609,0.198,0.158,0.536,0.399,0.688,0.593,0.05
2015-11-16 20:00:00,0.433,0.542,0.51,0.458,0.171,0.405,0.259,0.452,0.268,0.117,0.384,0.127,0.201,0.352,0.611,0.183,0.158,0.57,0.405,0.663,0.6,0.072
2015-11-16 21:00:00,0.463,0.531,0.591,0.467,0.206,0.444,0.327,0.436,0.269,0.13,0.412,0.147,0.229,0.471,0.63,0.195,0.154,0.577,0.391,0.642,0.584,0.077
2015-11-16 22:00:00,0.5,0.523,0.669,0.462,0.197,0.437,0.376,0.435,0.27,0.128,0.408,0.139,0.253,0.56,0.604,0.204,0.139,0.564,0.378,0.642,0.556,0.078
2015-11-16 23:00:00,0.447,0.471,0.736,0.479,0.227,0.43,0.4,0.488,0.31,0.165,0.394,0.166,0.26,0.582,0.6,0.269,0.155,0.524,0.395,0.692,0.547,0.075
2015-11-17 00:00:00,0.507,0.484,0.755,0.489,0.23,0.43,0.385,0.515,0.335,0.225,0.386,0.173,0.287,0.581,0.615,0.308,0.183,0.495,0.413,0.71,0.539,0.085
2015-11-17 01:00:00,0.522,0.482,0.767,0.483,0.274,0.423,0.351,0.537,0.323,0.255,0.379,0.174,0.351,0.563,0.639,0.298,0.195,0.463,0.409,0.673,0.519,0.086
2015-11-17 02:00:00,0.509,0.485,0.759,0.489,0.337,0.457,0.324,0.57,0.322,0.289,0.37,0.218,0.423,0.514,0.644,0.325,0.217,0.434,0.448,0.628,0.488,0.082
2015-11-17 03:00:00,0.5,0.505,0.737,0.472,0.38,0.442,0.283,0.581,0.325,0.307,0.342,0.244,0.461,0.447,0.586,0.321,0.24,0.408,0.441,0.618,0.466,0.088
2015-11-17 04:00:00,0.48,0.526,0.727,0.472,0.404,0.465,0.259,0.57,0.343,0.296,0.318,0.268,0.49,0.384,0.511,0.311,0.26,0.382,0.488,0.627,0.452,0.09
2015-11-17 05:00:00,0.506,0.53,0.717,0.472,0.397,0.525,0.245,0.561,0.357,0.26,0.306,0.25,0.509,0.331,0.535,0.297,0.249,0.358,0.485,0.609,0.454,0.089
2015-11-17 06:00:00,0.557,0.533,0.697,0.491,0.468,0.528,0.269,0.588,0.381,0.244,0.331,0.28,0.499,0.305,0.555,0.319,0.254,0.397,0.495,0.629,0.455,0.07
2015-11-17 07:00:00,0.592,0.548,0.643,0.506,0.509,0.533,0.275,0.58,0.4,0.255,0.338,0.332,0.471,0.302,0.55,0.378,0.266,0.427,0.528,0.635,0.452,0.054
2015-11-17 08:00:00,0.626,0.551,0.609,0.524,0.53,0.596,0.271,0.574,0.452,0.273,0.337,0.367,0.467,0.29,0.598,0.418,0.294,0.441,0.532,0.64,0.446,0.045
2015-11-17 09:00:00,0.663,0.551,0.593,0.524,0.617,0.555,0.334,0.65,0.49,0.276,0.376,0.364,0.376,0.256,0.642,0.423,0.317,0.472,0.483,0.632,0.439,0.037
2015-11-17 10:00:00,0.684,0.545,0.542,0.53,0.618,0.474,0.339,0.62,0.42,0.268,0.461,0.442,0.431,0.365,0.563,0.403,0.32,0.547,0.482,0.7,0.414,0.038
2015-11-17 11:00:00,0.666,0.523,0.504,0.561,0.66,0.511,0.395,0.614,0.404,0.33,0.485,0.618,0.422,0.404,0.589,0.513,0.273,0.6,0.553,0.667,0.375,0.05
2015-11-17 12:00:00,0.699,0.542,0.473,0.572,0.65,0.566,0.342,0.648,0.454,0.406,0.436,0.685,0.413,0.449,0.634,0.655,0.308,0.552,0.565,0.644,0.381,0.092
2015-11-17 13:00:00,0.75,0.561,0.483,0.556,0.585,0.554,0.363,0.692,0.519,0.532,0.406,0.645,0.409,0.474,0.653,0.712,0.441,0.504,0.56,0.563,0.374,0.131
2015-11-17 14:00:00,0.783,0.567,0.508,0.561,0.601,0.568,0.376,0.675,0.549,0.663,0.418,0.557,0.466,0.452,0.763,0.663,0.59,0.509,0.566,0.483,0.357,0.188
2015-11-17 15:00:00,0.787,0.559,0.515,0.535,0.634,0.517,0.407,0.651,0.58,0.672,0.453,0.611,0.528,0.433,0.659,0.639,0.64,0.576,0.533,0.437,0.351,0.224
2015-11-17 16:00:00,0.791,0.568,0.521,0.533,0.67,0.474,0.424,0.695,0.566,0.653,0.497,0.63,0.606,0.451,0.546,0.637,0.639,0.596,0.549,0.471,0.347,0.237
2015-11-17 17:00:00,0.769,0.595,0.512,0.548,0.699,0.466,0.432,0.749,0.556,0.608,0.484,0.617,0.609,0.493,0.448,0.626,0.596,0.589,0.613,0.546,0.354,0.27
2015-11-17 18:00:00,0.758,0.61,0.518,0.574,0.707,0.534,0.441,0.786,0.582,0.597,0.481,0.643,0.573,0.532,0.47,0.639,0.578,0.551,0.679,0.555,0.341,0.288
2015-11-17 19:00:00,0.776,0.642,0.547,0.576,0.71,0.538,0.464,0.793,0.603,0.568,0.468,0.616,0.545,0.528,0.456,0.66,0.544,0.522,0.704,0.556,0.333,0.271
2015-11-17 20:00:00,0.777,0.693,0.577,0.571,0.695,0.534,0.455,0.778,0.657,0.556,0.461,0.611,0.481,0.486,0.439,0.693,0.549,0.453,0.706,0.572,0.31,0.246
2015-11-17 21:00:00,0.786,0.742,0.616,0.576,0.656,0.527,0.451,0.772,0.7,0.568,0.505,0.598,0.444,0.458,0.43,0.71,0.596,0.421,0.682,0.64,0.277,0.25
2015-11-17 22:00:00,0.799,0.79,0.633,0.635,0.693,0.6,0.476,0.812,0.731,0.617,0.571,0.644,0.5,0.431,0.493,0.735,0.64,0.449,0.733,0.742,0.248,0.272
2015-11-17 23:00:00,0.831,0.836,0.538,0.68,0.703,0.663,0.474,0.872,0.736,0.59,0.587,0.655,0.506,0.45,0.574,0.753,0.606,0.455,0.743,0.849,0.217,0.313
2015-11-18 00:00:00,0.822,0.855,0.45,0.755,0.787,0.751,0.483,0.911,0.759,0.613,0.624,0.695,0.513,0.527,0.704,0.772,0.645,0.521,0.819,0.933,0.208,0.31
2015-11-18 01:00:00,0.841,0.863,0.424,0.816,0.842,0.859,0.536,0.954,0.805,0.66,0.665,0.791,0.559,0.601,0.831,0.84,0.7,0.587,0.844,0.97,0.209,0.316
2015-11-18 02:00:00,0.86,0.86,0.451,0.877,0.918,0.88,0.619,0.985,0.832,0.701,0.746,0.848,0.65,0.665,0.924,0.872,0.751,0.706,0.915,0.989,0.196,0.321
2015-11-18 03:00:00,0.876,0.859,0.529,0.923,0.959,0.947,0.691,0.99,0.88,0.723,0.788,0.932,0.685,0.739,0.966,0.928,0.751,0.8,0.977,0.988,0.184,0.325
2015-11-18 04:00:00,0.893,0.859,0.574,0.94,0.95,0.979,0.696,0.989,0.953,0.805,0.81,0.93,0.72,0.78,0.984,0.967,0.816,0.867,0.98,0.989,0.177,0.369
2015-11-18 05:00:00,0.898,0.859,0.621,0.951,0.971,0.984,0.732,0.992,0.967,0.87,0.869,0.913,0.789,0.787,0.984,0.956,0.887,0.906,0.981,0.988,0.164,0.442
2015-11-18 06:00:00,0.906,0.859,0.655,0.959,0.985,0.986,0.808,0.996,0.972,0.898,0.918,0.943,0.847,0.832,0.965,0.954,0.918,0.926,0.984,0.986,0.155,0.44
2015-11-18 07:00:00,0.911,0.861,0.712,0.961,0.988,0.977,0.854,0.999,0.98,0.924,0.939,0.955,0.862,0.893,0.939,0.952,0.944,0.918,0.986,0.992,0.147,0.426
2015-11-18 08:00:00,0.913,0.854,0.768,0.969,0.993,0.976,0.904,1.0,0.985,0.947,0.95,0.972,0.92,0.907,0.948,0.953,0.964,0.91,0.994,0.997,0.148,0.475
2015-11-18 09:00:00,0.916,0.841,0.81,0.973,0.996,0.978,0.928,1.0,0.989,0.96,0.951,0.984,0.932,0.862,0.959,0.98,0.96,0.898,0.998,0.999,0.166,0.517
2015-11-18 10:00:00,0.916,0.826,0.841,0.969,0.997,0.991,0.911,1.0,0.995,0.912,0.945,0.944,0.871,0.877,0.957,0.96,0.967,0.87,1.0,0.997,0.184,0.593
2015-11-18 11:00:00,0.914,0.786,0.851,0.975,0.998,0.997,0.942,1.0,0.998,0.956,0.958,0.978,0.906,0.849,0.976,0.975,0.98,0.862,1.0,0.996,0.189,0.699
2015-11-18 12:00:00,0.915,0.806,0.848,0.981,0.999,0.999,0.97,1.0,1.0,0.961,0.965,0.987,0.924,0.871,0.984,0.985,0.99,0.886,0.999,0.996,0.206,0.792
2015-11-18 13:00:00,0.916,0.791,0.839,0.983,0.999,0.997,0.975,0.997,1.0,0.976,0.968,0.998,0.929,0.875,0.994,0.996,0.997,0.889,0.999,0.994,0.226,0.858
2015-11-18 14:00:00,0.915,0.762,0.833,0.982,0.995,1.0,0.977,0.99,0.999,0.981,0.975,0.995,0.956,0.841,0.999,0.994,1.0,0.9,0.999,0.983,0.239,0.864
2015-11-18 15:00:00,0.909,0.739,0.784,0.98,0.984,0.998,0.985,0.98,1.0,0.977,0.987,0.977,0.987,0.816,0.998,0.976,1.0,0.917,0.994,0.975,0.231,0.844
2015-11-18 16:00:00,0.894,0.707,0.748,0.973,0.968,0.99,0.996,0.942,0.999,0.949,0.999,0.949,0.994,0.879,0.989,0.937,0.998,0.947,0.992,0.945,0.253,0.815
2015-11-18 17:00:00,0.861,0.688,0.768,0.949,0.915,0.965,0.999,0.836,0.997,0.938,0.999,0.915,0.991,0.963,0.97,0.908,0.997,0.978,0.965,0.88,0.258,0.725
2015-11-18 18:00:00,0.808,0.704,0.811,0.907,0.798,0.91,0.999,0.752,0.978,0.931,0.995,0.793,0.992,0.994,0.925,0.848,0.993,0.976,0.913,0.835,0.246,0.626
2015-11-18 19:00:00,0.739,0.726,0.856,0.839,0.662,0.87,0.994,0.598,0.937,0.894,0.972,0.57,0.983,0.997,0.884,0.734,0.972,0.924,0.821,0.75,0.226,0.555
2015-11-18 20:00:00,0.666,0.762,0.869,0.765,0.488,0.799,0.982,0.558,0.87,0.83,0.93,0.331,0.963,0.981,0.84,0.616,0.937,0.855,0.668,0.746,0.2,0.485
2015-11-18 21:00:00,0.655,0.794,0.866,0.716,0.475,0.711,0.957,0.663,0.738,0.728,0.868,0.26,0.934,0.926,0.827,0.499,0.866,0.791,0.55,0.779,0.18,0.445
2015-11-18 22:00:00,0.677,0.817,0.797,0.769,0.665,0.62,0.932,0.897,0.668,0.587,0.84,0.511,0.891,0.877,0.817,0.552,0.771,0.774,0.667,0.924,0.175,0.404
2015-11-18 23:00:00,0.77,0.836,0.717,0.804,0.743,0.7,0.885,0.903,0.596,0.494,0.739,0.68,0.788,0.819,0.821,0.674,0.647,0.718,0.803,0.947,0.194,0.262
2015-11-19 00:00:00,0.775,0.838,0.683,0.828,0.787,0.798,0.794,0.941,0.668,0.512,0.676,0.766,0.641,0.751,0.846,0.775,0.543,0.726,0.852,0.967,0.209,0.214
2015-11-19 01:00:00,0.809,0.841,0.702,0.851,0.852,0.869,0.659,0.946,0.738,0.586,0.621,0.798,0.486,0.721,0.906,0.82,0.547,0.703,0.913,0.975,0.221,0.195
2015-11-19 02:00:00,0.841,0.849,0.722,0.874,0.904,0.927,0.526,0.965,0.841,0.649,0.637,0.836,0.426,0.662,0.957,0.852,0.604,0.766,0.93,0.981,0.227,0.227
2015-11-19 03:00:00,0.865,0.851,0.744,0.895,0.956,0.965,0.454,0.982,0.885,0.722,0.692,0.884,0.43,0.581,0.979,0.874,0.702,0.803,0.961,0.985,0.233,0.365
2015-11-19 04:00:00,0.876,0.849,0.749,0.921,0.964,0.979,0.488,0.974,0.935,0.797,0.811,0.92,0.533,0.632,0.987,0.918,0.815,0.879,0.979,0.975,0.244,0.449
2015-11-19 05:00:00,0.886,0.848,0.751,0.944,0.957,0.982,0.692,0.959,0.955,0.865,0.903,0.915,0.668,0.815,0.986,0.928,0.892,0.935,0.979,0.967,0.254,0.453
2015-11-19 06:00:00,0.885,0.854,0.805,0.952,0.936,0.971,0.825,0.949,0.965,0.902,0.94,0.891,0.749,0.908,0.978,0.92,0.93,0.954,0.972,0.971,0.258,0.445
2015-11-19 07:00:00,0.881,0.86,0.864,0.954,0.903,0.961,0.891,0.96,0.964,0.921,0.956,0.884,0.775,0.954,0.974,0.921,0.951,0.955,0.96,0.981,0.258,0.438
2015-11-19 08:00:00,0.882,0.864,0.89,0.957,0.906,0.958,0.912,0.982,0.96,0.918,0.95,0.885,0.812,0.967,0.971,0.93,0.954,0.94,0.962,0.989,0.253,0.413
2015-11-19 09:00:00,0.891,0.864,0.904,0.955,0.95,0.969,0.886,0.983,0.932,0.839,0.927,0.887,0.725,0.947,0.971,0.916,0.937,0.921,0.973,0.991,0.248,0.368
2015-11-19 10:00:00,0.895,0.867,0.903,0.939,0.928,0.971,0.818,0.987,0.903,0.82,0.856,0.811,0.695,0.899,0.963,0.84,0.886,0.872,0.981,0.993,0.249,0.298
2015-11-19 11:00:00,0.869,0.841,0.887,0.942,0.935,0.94,0.827,0.969,0.96,0.873,0.866,0.848,0.75,0.732,0.983,0.879,0.924,0.872,0.984,0.995,0.248,0.238
2015-11-19 12:00:00,0.892,0.854,0.886,0.965,0.929,0.988,0.936,0.976,0.975,0.876,0.962,0.815,0.796,0.86,0.992,0.856,0.949,0.931,0.986,0.998,0.259,0.32
2015-11-19 13:00:00,0.9,0.852,0.895,0.975,0.941,0.997,0.968,0.994,0.981,0.856,0.965,0.822,0.839,0.935,0.997,0.852,0.946,0.949,0.995,0.998,0.257,0.509
2015-11-19 14:00:00,0.9,0.847,0.888,0.972,0.943,0.996,0.97,0.988,0.975,0.834,0.956,0.815,0.86,0.923,0.996,0.834,0.914,0.948,0.99,0.998,0.263,0.596
2015-11-19 15:00:00,0.898,0.833,0.891,0.969,0.932,0.992,0.953,0.986,0.968,0.814,0.954,0.841,0.837,0.916,0.997,0.853,0.879,0.951,0.984,0.998,0.267,0.558
2015-11-19 16:00:00,0.889,0.803,0.868,0.967,0.928,0.993,0.928,0.983,0.955,0.828,0.951,0.824,0.8,0.908,0.998,0.845,0.868,0.956,0.988,0.997,0.276,0.523
2015-11-19 17:00:00,0.875,0.754,0.833,0.967,0.908,0.996,0.906,0.973,0.969,0.858,0.961,0.796,0.782,0.909,0.998,0.851,0.892,0.969,0.987,0.995,0.279,0.461
2015-11-19 18:00:00,0.866,0.71,0.811,0.963,0.874,0.993,0.909,0.966,0.963,0.858,0.973,0.746,0.776,0.939,0.998,0.817,0.908,0.981,0.977,0.993,0.285,0.405
2015-11-19 19:00:00,0.849,0.666,0.787,0.957,0.847,0.988,0.909,0.94,0.948,0.824,0.969,0.753,0.757,0.965,0.998,0.807,0.88,0.986,0.968,0.985,0.288,0.4
2015-11-19 20:00:00,0.808,0.624,0.783,0.944,0.812,0.982,0.882,0.91,0.929,0.798,0.959,0.737,0.706,0.958,0.998,0.807,0.856,0.985,0.951,0.972,0.282,0.403
2015-11-19 21:00:00,0.721,0.596,0.783,0.928,0.764,0.978,0.849,0.868,0.922,0.783,0.944,0.735,0.654,0.946,0.998,0.812,0.845,0.985,0.928,0.951,0.267,0.414
2015-11-19 22:00:00,0.609,0.592,0.789,0.922,0.664,0.982,0.834,0.829,0.926,0.73,0.959,0.639,0.651,0.961,0.994,0.77,0.84,0.989,0.932,0.946,0.255,0.429
2015-11-19 23:00:00,0.569,0.581,0.763,0.883,0.546,0.963,0.782,0.743,0.874,0.716,0.943,0.574,0.603,0.963,0.979,0.736,0.782,0.986,0.875,0.904,0.239,0.474
2015-11-20 00:00:00,0.587,0.596,0.736,0.855,0.424,0.927,0.751,0.767,0.811,0.694,0.922,0.323,0.605,0.97,0.965,0.602,0.721,0.98,0.835,0.918,0.242,0.558
2015-11-20 01:00:00,0.735,0.585,0.726,0.816,0.453,0.889,0.701,0.744,0.721,0.543,0.867,0.222,0.549,0.956,0.937,0.405,0.524,0.959,0.803,0.898,0.235,0.678
2015-11-20 02:00:00,0.741,0.589,0.734,0.795,0.474,0.873,0.602,0.766,0.672,0.48,0.806,0.268,0.501,0.921,0.891,0.39,0.4,0.927,0.817,0.88,0.226,0.718
2015-11-20 03:00:00,0.716,0.592,0.76,0.793,0.558,0.895,0.466,0.772,0.71,0.435,0.765,0.443,0.549,0.858,0.837,0.388,0.343,0.894,0.847,0.88,0.222,0.786
2015-11-20 04:00:00,0.699,0.587,0.77,0.778,0.55,0.898,0.466,0.732,0.77,0.552,0.79,0.507,0.686,0.827,0.771,0.596,0.327,0.876,0.816,0.832,0.214,0.808
2015-11-20 05:00:00,0.722,0.572,0.751,0.768,0.616,0.876,0.469,0.751,0.752,0.738,0.794,0.522,0.704,0.822,0.726,0.635,0.57,0.846,0.802,0.812,0.209,0.733
2015-11-20 06:00:00,0.735,0.552,0.713,0.763,0.64,0.853,0.5,0.787,0.797,0.791,0.798,0.492,0.74,0.802,0.693,0.576,0.661,0.82,0.802,0.819,0.2,0.59
2015-11-20 07:00:00,0.686,0.541,0.661,0.763,0.67,0.838,0.592,0.792,0.803,0.659,0.824,0.473,0.818,0.814,0.612,0.52,0.636,0.812,0.835,0.824,0.196,0.536
2015-11-20 08:00:00,0.65,0.529,0.622,0.767,0.653,0.871,0.63,0.772,0.871,0.614,0.874,0.49,0.681,0.875,0.527,0.626,0.725,0.785,0.847,0.847,0.193,0.428
2015-11-20 09:00:00,0.619,0.505,0.583,0.713,0.564,0.835,0.746,0.687,0.868,0.6,0.876,0.419,0.639,0.866,0.464,0.635,0.864,0.695,0.735,0.804,0.19,0.358
2015-11-20 10:00:00,0.621,0.485,0.559,0.629,0.414,0.781,0.802,0.523,0.789,0.594,0.864,0.332,0.618,0.806,0.262,0.5,0.82,0.631,0.639,0.769,0.18,0.291
2015-11-20 11:00:00,0.615,0.345,0.549,0.647,0.542,0.849,0.777,0.573,0.818,0.535,0.873,0.401,0.627,0.785,0.305,0.488,0.754,0.614,0.676,0.73,0.194,0.342
2015-11-20 12:00:00,0.59,0.361,0.572,0.661,0.493,0.805,0.769,0.657,0.756,0.493,0.82,0.391,0.546,0.783,0.338,0.422,0.665,0.642,0.717,0.795,0.178,0.287
2015-11-20 13:00:00,0.528,0.361,0.586,0.626,0.475,0.695,0.75,0.649,0.7,0.489,0.822,0.318,0.475,0.796,0.368,0.419,0.515,0.572,0.68,0.741,0.171,0.248
2015-11-20 14:00:00,0.43,0.343,0.534,0.552,0.442,0.64,0.649,0.545,0.565,0.427,0.705,0.262,0.397,0.74,0.303,0.319,0.465,0.468,0.632,0.652,0.181,0.213
2015-11-20 15:00:00,0.353,0.319,0.482,0.455,0.382,0.511,0.587,0.449,0.456,0.369,0.631,0.313,0.287,0.653,0.25,0.343,0.362,0.389,0.506,0.512,0.195,0.107
2015-11-20 16:00:00,0.267,0.292,0.454,0.395,0.311,0.474,0.456,0.379,0.417,0.341,0.511,0.273,0.237,0.626,0.193,0.375,0.322,0.307,0.442,0.456,0.204,0.072
2015-11-20 17:00:00,0.226,0.276,0.421,0.337,0.245,0.463,0.411,0.317,0.374,0.293,0.455,0.262,0.201,0.504,0.169,0.389,0.297,0.264,0.374,0.344,0.211,0.097
2015-11-20 18:00:00,0.187,0.274,0.344,0.285,0.219,0.392,0.383,0.276,0.319,0.282,0.43,0.258,0.14,0.461,0.143,0.398,0.29,0.244,0.309,0.249,0.228,0.116
2015-11-20 19:00:00,0.119,0.284,0.269,0.245,0.144,0.36,0.33,0.23,0.296,0.286,0.377,0.173,0.131,0.443,0.111,0.358,0.319,0.209,0.257,0.217,0.245,0.115
2015-11-20 20:00:00,0.097,0.296,0.222,0.214,0.118,0.319,0.305,0.22,0.227,0.18,0.336,0.096,0.136,0.424,0.091,0.208,0.285,0.179,0.215,0.222,0.267,0.108
2015-11-20 21:00:00,0.103,0.317,0.184,0.188,0.106,0.293,0.256,0.216,0.176,0.094,0.271,0.07,0.101,0.351,0.077,0.144,0.174,0.148,0.205,0.201,0.293,0.096
2015-11-20 22:00:00,0.15,0.327,0.155,0.178,0.166,0.288,0.218,0.256,0.191,0.07,0.268,0.097,0.043,0.328,0.077,0.097,0.158,0.118,0.228,0.144,0.317,0.136
2015-11-20 23:00:00,0.197,0.302,0.134,0.163,0.204,0.248,0.153,0.265,0.186,0.042,0.225,0.108,0.022,0.25,0.079,0.073,0.105,0.086,0.233,0.125,0.349,0.129
2015-11-21 00:00:00,0.264,0.33,0.108,0.159,0.263,0.203,0.113,0.275,0.183,0.053,0.212,0.137,0.018,0.257,0.087,0.089,0.093,0.066,0.241,0.112,0.344,0.186
2015-11-21 01:00:00,0.38,0.355,0.107,0.156,0.332,0.163,0.08,0.255,0.208,0.061,0.176,0.209,0.017,0.198,0.094,0.131,0.085,0.057,0.244,0.103,0.354,0.241
2015-11-21 02:00:00,0.41,0.365,0.106,0.144,0.308,0.141,0.07,0.24,0.24,0.096,0.173,0.17,0.029,0.168,0.074,0.148,0.097,0.047,0.209,0.117,0.363,0.322
2015-11-21 03:00:00,0.446,0.363,0.101,0.127,0.327,0.106,0.066,0.249,0.194,0.136,0.134,0.191,0.092,0.144,0.053,0.148,0.119,0.038,0.171,0.12,0.376,0.352
2015-11-21 04:00:00,0.405,0.353,0.104,0.119,0.341,0.074,0.053,0.256,0.176,0.175,0.09,0.22,0.114,0.083,0.051,0.182,0.143,0.038,0.153,0.125,0.401,0.372
2015-11-21 05:00:00,0.343,0.343,0.097,0.116,0.297,0.053,0.052,0.25,0.179,0.221,0.067,0.229,0.111,0.053,0.048,0.208,0.182,0.046,0.151,0.134,0.422,0.387
2015-11-21 06:00:00,0.339,0.322,0.076,0.108,0.259,0.045,0.047,0.232,0.161,0.174,0.056,0.243,0.11,0.034,0.039,0.214,0.192,0.044,0.139,0.134,0.432,0.373
2015-11-21 07:00:00,0.306,0.301,0.062,0.106,0.279,0.043,0.038,0.245,0.151,0.12,0.05,0.254,0.101,0.03,0.033,0.22,0.141,0.033,0.135,0.136,0.437,0.322
2015-11-21 08:00:00,0.26,0.274,0.061,0.101,0.285,0.038,0.035,0.256,0.156,0.123,0.047,0.182,0.099,0.036,0.031,0.168,0.124,0.027,0.131,0.135,0.44,0.282
2015-11-21 09:00:00,0.257,0.251,0.045,0.101,0.265,0.035,0.042,0.218,0.167,0.123,0.046,0.172,0.16,0.046,0.031,0.144,0.098,0.028,0.147,0.12,0.436,0.22
2015-11-21 10:00:00,0.255,0.24,0.025,0.088,0.192,0.027,0.037,0.263,0.076,0.086,0.027,0.103,0.087,0.037,0.025,0.099,0.084,0.033,0.118,0.147,0.426,0.188
2015-11-21 11:00:00,0.137,0.163,0.014,0.062,0.122,0.024,0.03,0.159,0.054,0.069,0.023,0.073,0.081,0.032,0.029,0.08,0.058,0.035,0.088,0.078,0.439,0.127
2015-11-21 12:00:00,0.077,0.14,0.015,0.054,0.086,0.024,0.023,0.082,0.052,0.049,0.023,0.05,0.044,0.027,0.031,0.051,0.052,0.033,0.095,0.053,0.422,0.103
2015-11-21 13:00:00,0.039,0.129,0.015,0.041,0.052,0.022,0.015,0.039,0.065,0.051,0.033,0.043,0.027,0.029,0.033,0.041,0.048,0.038,0.057,0.045,0.422,0.094
2015-11-21 14:00:00,0.034,0.126,0.022,0.038,0.064,0.032,0.009,0.05,0.055,0.023,0.023,0.033,0.016,0.032,0.034,0.033,0.022,0.041,0.044,0.043,0.424,0.068
2015-11-21 15:00:00,0.047,0.139,0.036,0.044,0.047,0.034,0.005,0.042,0.044,0.015,0.021,0.039,0.015,0.039,0.046,0.032,0.012,0.052,0.052,0.056,0.45,0.059
2015-11-21 16:00:00,0.057,0.154,0.052,0.052,0.044,0.032,0.005,0.065,0.055,0.021,0.025,0.061,0.013,0.057,0.058,0.039,0.016,0.056,0.058,0.074,0.483,0.07
2015-11-21 17:00:00,0.071,0.172,0.052,0.059,0.043,0.041,0.007,0.116,0.045,0.026,0.024,0.046,0.013,0.053,0.069,0.043,0.022,0.064,0.064,0.086,0.498,0.075
2015-11-21 18:00:00,0.1,0.188,0.041,0.071,0.055,0.046,0.007,0.13,0.035,0.032,0.03,0.05,0.018,0.063,0.092,0.061,0.028,0.091,0.079,0.09,0.508,0.088
2015-11-21 19:00:00,0.122,0.206,0.032,0.078,0.066,0.038,0.007,0.136,0.034,0.026,0.042,0.026,0.028,0.072,0.111,0.033,0.024,0.117,0.091,0.094,0.514,0.129
2015-11-21 20:00:00,0.123,0.227,0.036,0.082,0.065,0.038,0.013,0.151,0.022,0.039,0.047,0.028,0.033,0.095,0.128,0.041,0.03,0.141,0.076,0.103,0.519,0.126
2015-11-21 21:00:00,0.134,0.24,0.046,0.083,0.065,0.033,0.019,0.166,0.037,0.026,0.047,0.04,0.035,0.118,0.144,0.051,0.029,0.155,0.05,0.116,0.529,0.121
2015-11-21 22:00:00,0.121,0.253,0.066,0.091,0.095,0.036,0.027,0.162,0.051,0.023,0.045,0.036,0.053,0.124,0.183,0.038,0.025,0.188,0.038,0.119,0.532,0.179
2015-11-21 23:00:00,0.11,0.272,0.112,0.115,0.117,0.037,0.041,0.204,0.061,0.032,0.039,0.026,0.069,0.132,0.242,0.034,0.027,0.191,0.066,0.155,0.565,0.218
2015-11-22 00:00:00,0.098,0.273,0.127,0.145,0.112,0.047,0.044,0.204,0.077,0.041,0.037,0.033,0.088,0.146,0.284,0.05,0.046,0.165,0.114,0.212,0.548,0.228
2015-11-22 01:00:00,0.093,0.285,0.137,0.148,0.11,0.047,0.047,0.209,0.074,0.045,0.035,0.034,0.07,0.133,0.255,0.05,0.057,0.174,0.124,0.242,0.546,0.203
2015-11-22 02:00:00,0.104,0.296,0.151,0.144,0.146,0.057,0.047,0.249,0.067,0.064,0.027,0.039,0.064,0.106,0.209,0.04,0.085,0.178,0.15,0.215,0.543,0.154
2015-11-22 03:00:00,0.123,0.321,0.158,0.144,0.165,0.071,0.036,0.309,0.078,0.065,0.021,0.054,0.048,0.087,0.207,0.034,0.082,0.165,0.162,0.203,0.545,0.147
2015-11-22 04:00:00,0.123,0.322,0.168,0.15,0.185,0.069,0.038,0.352,0.106,0.068,0.025,0.062,0.055,0.094,0.207,0.046,0.076,0.156,0.171,0.208,0.545,0.18
2015-11-22 05:00:00,0.131,0.324,0.199,0.15,0.21,0.059,0.047,0.351,0.122,0.065,0.031,0.056,0.058,0.1,0.183,0.042,0.073,0.14,0.185,0.212,0.55,0.187
2015-11-22 06:00:00,0.139,0.332,0.233,0.145,0.226,0.041,0.041,0.346,0.095,0.084,0.032,0.039,0.056,0.084,0.16,0.028,0.094,0.132,0.172,0.234,0.549,0.194
2015-11-22 07:00:00,0.16,0.353,0.273,0.138,0.229,0.031,0.03,0.333,0.073,0.088,0.03,0.04,0.052,0.062,0.131,0.034,0.1,0.124,0.155,0.256,0.541,0.188
2015-11-22 08:00:00,0.172,0.363,0.281,0.126,0.217,0.024,0.025,0.444,0.065,0.075,0.017,0.042,0.056,0.046,0.104,0.04,0.073,0.093,0.118,0.274,0.524,0.166
2015-11-22 09:00:00,0.2,0.374,0.279,0.13,0.275,0.025,0.031,0.485,0.094,0.079,0.022,0.034,0.056,0.035,0.083,0.074,0.093,0.061,0.164,0.241,0.513,0.116
2015-11-22 10:00:00,0.221,0.377,0.252,0.131,0.243,0.04,0.042,0.477,0.11,0.057,0.029,0.043,0.054,0.014,0.046,0.089,0.079,0.033,0.144,0.301,0.486,0.141
2015-11-22 11:00:00,0.207,0.313,0.211,0.12,0.209,0.031,0.044,0.441,0.13,0.045,0.033,0.064,0.05,0.009,0.03,0.093,0.063,0.021,0.157,0.253,0.471,0.133
2015-11-22 12:00:00,0.249,0.344,0.188,0.111,0.181,0.042,0.053,0.36,0.13,0.047,0.048,0.067,0.061,0.01,0.02,0.09,0.064,0.02,0.142,0.23,0.424,0.131
2015-11-22 13:00:00,0.238,0.378,0.19,0.123,0.211,0.077,0.084,0.281,0.133,0.054,0.084,0.072,0.078,0.015,0.02,0.092,0.079,0.034,0.176,0.209,0.396,0.156
2015-11-22 14:00:00,0.224,0.382,0.22,0.131,0.208,0.117,0.091,0.176,0.142,0.049,0.109,0.091,0.085,0.023,0.028,0.069,0.07,0.047,0.224,0.167,0.369,0.183
2015-11-22 15:00:00,0.251,0.403,0.257,0.136,0.175,0.189,0.105,0.125,0.129,0.072,0.109,0.092,0.118,0.034,0.041,0.073,0.085,0.044,0.246,0.126,0.351,0.189
2015-11-22 16:00:00,0.225,0.405,0.259,0.154,0.145,0.264,0.136,0.133,0.146,0.08,0.111,0.096,0.128,0.054,0.057,0.095,0.107,0.046,0.274,0.125,0.327,0.136
2015-11-22 17:00:00,0.247,0.393,0.26,0.147,0.117,0.265,0.123,0.148,0.169,0.075,0.112,0.089,0.113,0.067,0.073,0.118,0.107,0.049,0.235,0.118,0.284,0.103
2015-11-22 18:00:00,0.272,0.39,0.25,0.131,0.113,0.226,0.088,0.191,0.177,0.103,0.128,0.061,0.092,0.079,0.084,0.12,0.148,0.05,0.178,0.109,0.24,0.101
2015-11-22 19:00:00,0.276,0.389,0.233,0.122,0.129,0.181,0.091,0.214,0.159,0.155,0.162,0.034,0.085,0.103,0.091,0.096,0.226,0.064,0.149,0.1,0.204,0.099
2015-11-22 20:00:00,0.274,0.377,0.194,0.114,0.137,0.142,0.101,0.195,0.133,0.154,0.159,0.022,0.092,0.113,0.091,0.068,0.232,0.087,0.139,0.086,0.18,0.109
2015-11-22 21:00:00,0.277,0.358,0.159,0.113,0.137,0.139,0.108,0.156,0.135,0.139,0.143,0.03,0.105,0.119,0.084,0.065,0.215,0.114,0.145,0.074,0.164,0.129
2015-11-22 22:00:00,0.304,0.337,0.131,0.127,0.119,0.167,0.137,0.119,0.185,0.101,0.191,0.054,0.118,0.184,0.091,0.068,0.181,0.157,0.149,0.083,0.159,0.161
2015-11-22 23:00:00,0.322,0.306,0.099,0.135,0.097,0.178,0.109,0.104,0.218,0.082,0.192,0.073,0.102,0.195,0.103,0.082,0.131,0.198,0.143,0.108,0.167,0.187
2015-11-23 00:00:00,0.326,0.286,0.08,0.14,0.108,0.184,0.08,0.12,0.228,0.069,0.209,0.101,0.086,0.192,0.124,0.093,0.097,0.234,0.124,0.121,0.159,0.156
2015-11-23 01:00:00,0.327,0.28,0.074,0.142,0.108,0.169,0.087,0.116,0.199,0.065,0.219,0.136,0.097,0.142,0.155,0.102,0.08,0.235,0.122,0.118,0.15,0.127
2015-11-23 02:00:00,0.352,0.272,0.06,0.152,0.101,0.174,0.112,0.104,0.161,0.053,0.208,0.144,0.108,0.155,0.204,0.103,0.056,0.258,0.131,0.115,0.133,0.103
2015-11-23 03:00:00,0.358,0.261,0.048,0.159,0.115,0.185,0.12,0.093,0.154,0.054,0.19,0.137,0.095,0.172,0.24,0.105,0.042,0.316,0.128,0.106,0.115,0.072
2015-11-23 04:00:00,0.341,0.247,0.033,0.149,0.159,0.17,0.104,0.08,0.14,0.053,0.166,0.153,0.06,0.187,0.229,0.123,0.034,0.314,0.119,0.081,0.104,0.052
2015-11-23 05:00:00,0.309,0.227,0.024,0.152,0.22,0.162,0.098,0.068,0.144,0.065,0.157,0.207,0.041,0.208,0.234,0.181,0.043,0.326,0.123,0.064,0.094,0.041
2015-11-23 06:00:00,0.303,0.199,0.025,0.152,0.217,0.169,0.094,0.05,0.154,0.079,0.153,0.246,0.034,0.204,0.226,0.237,0.06,0.33,0.122,0.058,0.087,0.041
2015-11-23 07:00:00,0.308,0.172,0.028,0.152,0.2,0.187,0.099,0.042,0.161,0.102,0.17,0.256,0.022,0.258,0.219,0.28,0.077,0.313,0.105,0.062,0.081,0.044
2015-11-23 08:00:00,0.339,0.148,0.034,0.129,0.182,0.107,0.089,0.036,0.132,0.096,0.163,0.224,0.027,0.328,0.205,0.265,0.071,0.308,0.062,0.05,0.076,0.044
2015-11-23 09:00:00,0.392,0.132,0.046,0.119,0.143,0.116,0.082,0.025,0.085,0.089,0.188,0.164,0.03,0.257,0.197,0.191,0.069,0.326,0.042,0.054,0.076,0.039
2015-11-23 10:00:00,0.456,0.113,0.05,0.144,0.111,0.111,0.108,0.03,0.072,0.144,0.263,0.189,0.024,0.371,0.22,0.281,0.076,0.42,0.037,0.093,0.07,0.041
2015-11-23 11:00:00,0.353,0.081,0.075,0.148,0.077,0.095,0.115,0.051,0.086,0.199,0.261,0.185,0.024,0.437,0.216,0.321,0.101,0.436,0.044,0.095,0.076,0.094
2015-11-23 12:00:00,0.368,0.077,0.069,0.147,0.055,0.101,0.117,0.071,0.093,0.227,0.237,0.143,0.025,0.44,0.227,0.307,0.136,0.414,0.051,0.09,0.068,0.176
2015-11-23 13:00:00,0.395,0.082,0.08,0.137,0.058,0.116,0.076,0.074,0.084,0.204,0.176,0.097,0.02,0.358,0.256,0.247,0.149,0.385,0.05,0.071,0.07,0.21
2015-11-23 14:00:00,0.424,0.092,0.074,0.128,0.106,0.109,0.051,0.1,0.073,0.128,0.134,0.079,0.019,0.265,0.258,0.177,0.136,0.389,0.057,0.052,0.079,0.212
2015-11-23 15:00:00,0.476,0.105,0.092,0.127,0.14,0.087,0.075,0.113,0.066,0.084,0.135,0.098,0.02,0.238,0.253,0.162,0.104,0.372,0.055,0.061,0.099,0.183
2015-11-23 16:00:00,0.417,0.13,0.119,0.135,0.193,0.076,0.122,0.128,0.079,0.072,0.145,0.141,0.039,0.244,0.251,0.181,0.096,0.37,0.058,0.076,0.122,0.211
2015-11-23 17:00:00,0.368,0.168,0.155,0.144,0.226,0.078,0.18,0.14,0.092,0.105,0.146,0.208,0.076,0.25,0.233,0.206,0.1,0.356,0.068,0.094,0.148,0.28
2015-11-23 18:00:00,0.327,0.2,0.186,0.16,0.243,0.082,0.232,0.158,0.111,0.158,0.156,0.281,0.141,0.248,0.202,0.251,0.155,0.334,0.095,0.129,0.178,0.306
2015-11-23 19:00:00,0.276,0.23,0.198,0.172,0.212,0.097,0.254,0.175,0.12,0.199,0.163,0.308,0.214,0.256,0.189,0.269,0.2,0.298,0.122,0.153,0.204,0.292
2015-11-23 20:00:00,0.218,0.249,0.196,0.186,0.19,0.134,0.236,0.188,0.136,0.276,0.152,0.3,0.245,0.241,0.194,0.302,0.207,0.281,0.146,0.185,0.232,0.255
2015-11-23 21:00:00,0.178,0.264,0.187,0.198,0.171,0.155,0.218,0.192,0.167,0.382,0.146,0.241,0.279,0.209,0.212,0.334,0.245,0.295,0.149,0.215,0.262,0.22
2015-11-23 22:00:00,0.142,0.275,0.184,0.201,0.222,0.124,0.175,0.22,0.174,0.405,0.157,0.184,0.357,0.199,0.243,0.291,0.278,0.303,0.121,0.246,0.291,0.18
2015-11-23 23:00:00,0.131,0.303,0.204,0.213,0.258,0.127,0.181,0.246,0.19,0.414,0.169,0.178,0.386,0.177,0.26,0.281,0.34,0.297,0.133,0.262,0.327,0.128
2015-11-24 00:00:00,0.112,0.317,0.217,0.225,0.257,0.145,0.175,0.249,0.181,0.4,0.169,0.195,0.419,0.164,0.291,0.263,0.386,0.277,0.149,0.28,0.353,0.093
2015-11-24 01:00:00,0.112,0.337,0.209,0.251,0.242,0.165,0.204,0.235,0.174,0.366,0.178,0.2,0.465,0.17,0.33,0.269,0.378,0.291,0.17,0.334,0.375,0.063
2015-11-24 02:00:00,0.114,0.36,0.234,0.278,0.225,0.18,0.246,0.238,0.172,0.328,0.184,0.192,0.464,0.182,0.366,0.258,0.351,0.279,0.197,0.409,0.395,0.036
2015-11-24 03:00:00,0.11,0.39,0.258,0.3,0.196,0.18,0.264,0.266,0.168,0.275,0.179,0.18,0.419,0.2,0.41,0.237,0.318,0.256,0.213,0.491,0.419,0.022
2015-11-24 04:00:00,0.102,0.418,0.284,0.313,0.164,0.176,0.279,0.315,0.155,0.217,0.162,0.151,0.366,0.215,0.429,0.195,0.26,0.237,0.231,0.557,0.444,0.015
2015-11-24 05:00:00,0.096,0.44,0.322,0.34,0.164,0.212,0.276,0.36,0.148,0.161,0.147,0.12,0.316,0.216,0.485,0.163,0.182,0.219,0.277,0.608,0.463,0.01
2015-11-24 06:00:00,0.111,0.463,0.372,0.368,0.176,0.268,0.236,0.396,0.141,0.127,0.147,0.097,0.263,0.22,0.563,0.132,0.121,0.24,0.306,0.643,0.482,0.007
2015-11-24 07:00:00,0.128,0.489,0.422,0.402,0.178,0.325,0.213,0.44,0.144,0.12,0.172,0.099,0.22,0.233,0.644,0.122,0.114,0.294,0.336,0.677,0.503,0.005
2015-11-24 08:00:00,0.144,0.519,0.464,0.418,0.159,0.345,0.184,0.44,0.158,0.09,0.187,0.101,0.156,0.255,0.688,0.1,0.102,0.365,0.343,0.696,0.525,0.003
2015-11-24 09:00:00,0.143,0.538,0.512,0.415,0.144,0.316,0.172,0.448,0.18,0.074,0.234,0.095,0.154,0.303,0.7,0.098,0.123,0.405,0.276,0.73,0.528,0.001
2015-11-24 10:00:00,0.149,0.554,0.543,0.362,0.126,0.345,0.149,0.276,0.196,0.074,0.195,0.073,0.09,0.228,0.688,0.087,0.11,0.431,0.225,0.559,0.527,0.0
2015-11-24 11:00:00,0.121,0.492,0.586,0.354,0.143,0.321,0.129,0.299,0.21,0.067,0.194,0.081,0.056,0.216,0.65,0.102,0.11,0.391,0.238,0.551,0.472,0.0
2015-11-24 12:00:00,0.143,0.524,0.628,0.353,0.142,0.316,0.117,0.305,0.184,0.052,0.172,0.085,0.043,0.239,0.682,0.1,0.081,0.354,0.251,0.534,0.471,0.001
2015-11-24 13:00:00,0.177,0.54,0.623,0.345,0.136,0.306,0.086,0.293,0.161,0.039,0.135,0.084,0.026,0.215,0.701,0.092,0.06,0.329,0.243,0.53,0.464,0.001
2015-11-24 14:00:00,0.191,0.569,0.592,0.372,0.146,0.322,0.051,0.342,0.131,0.02,0.124,0.08,0.011,0.146,0.716,0.087,0.039,0.349,0.267,0.638,0.457,0.003
2015-11-24 15:00:00,0.172,0.597,0.609,0.429,0.202,0.4,0.051,0.434,0.164,0.013,0.167,0.11,0.007,0.145,0.744,0.115,0.04,0.419,0.342,0.721,0.457,0.004
2015-11-24 16:00:00,0.211,0.616,0.649,0.475,0.249,0.462,0.057,0.5,0.224,0.017,0.203,0.155,0.01,0.154,0.766,0.159,0.052,0.48,0.403,0.774,0.449,0.018
2015-11-24 17:00:00,0.287,0.632,0.664,0.516,0.281,0.52,0.064,0.55,0.288,0.044,0.242,0.216,0.022,0.173,0.789,0.212,0.079,0.539,0.464,0.796,0.434,0.038
2015-11-24 18:00:00,0.37,0.641,0.683,0.542,0.306,0.558,0.071,0.568,0.347,0.094,0.269,0.287,0.046,0.188,0.809,0.265,0.134,0.565,0.505,0.799,0.419,0.044
2015-11-24 19:00:00,0.429,0.638,0.695,0.557,0.323,0.569,0.089,0.561,0.391,0.124,0.299,0.346,0.076,0.214,0.83,0.303,0.211,0.577,0.509,0.803,0.414,0.044
2015-11-24 20:00:00,0.457,0.625,0.708,0.564,0.353,0.552,0.109,0.557,0.413,0.122,0.321,0.397,0.094,0.243,0.833,0.328,0.251,0.583,0.503,0.814,0.405,0.052
2015-11-24 21:00:00,0.466,0.606,0.704,0.577,0.413,0.54,0.125,0.564,0.442,0.118,0.342,0.435,0.109,0.292,0.828,0.353,0.264,0.587,0.525,0.819,0.396,0.071
2015-11-24 22:00:00,0.469,0.578,0.715,0.585,0.432,0.555,0.128,0.541,0.463,0.113,0.368,0.442,0.126,0.326,0.82,0.362,0.257,0.597,0.552,0.808,0.393,0.089
2015-11-24 23:00:00,0.452,0.49,0.729,0.592,0.448,0.573,0.147,0.515,0.473,0.106,0.379,0.481,0.153,0.326,0.825,0.385,0.246,0.59,0.569,0.792,0.349,0.113
2015-11-25 00:00:00,0.481,0.494,0.734,0.58,0.43,0.559,0.171,0.477,0.474,0.097,0.382,0.502,0.19,0.328,0.812,0.411,0.241,0.575,0.557,0.755,0.373,0.122
2015-11-25 01:00:00,0.484,0.482,0.723,0.566,0.423,0.541,0.187,0.455,0.483,0.088,0.383,0.53,0.215,0.324,0.794,0.436,0.226,0.569,0.544,0.716,0.381,0.133
2015-11-25 02:00:00,0.508,0.456,0.704,0.568,0.438,0.544,0.217,0.453,0.523,0.098,0.402,0.575,0.233,0.33,0.776,0.477,0.236,0.567,0.556,0.692,0.381,0.154
2015-11-25 03:00:00,0.547,0.426,0.695,0.575,0.461,0.561,0.252,0.444,0.569,0.124,0.439,0.624,0.24,0.343,0.76,0.525,0.266,0.571,0.574,0.663,0.377,0.173
2015-11-25 04:00:00,0.558,0.4,0.686,0.573,0.45,0.578,0.275,0.415,0.59,0.125,0.469,0.633,0.218,0.372,0.754,0.542,0.268,0.584,0.573,0.629,0.367,0.183
2015-11-25 05:00:00,0.543,0.375,0.668,0.571,0.434,0.588,0.286,0.397,0.6,0.108,0.498,0.633,0.21,0.429,0.771,0.559,0.244,0.622,0.547,0.605,0.358,0.179
2015-11-25 06:00:00,0.53,0.351,0.652,0.555,0.419,0.557,0.296,0.376,0.594,0.094,0.491,0.631,0.2,0.458,0.773,0.572,0.213,0.638,0.501,0.589,0.344,0.197
2015-11-25 07:00:00,0.515,0.327,0.658,0.548,0.416,0.548,0.293,0.367,0.603,0.084,0.488,0.639,0.177,0.452,0.772,0.576,0.185,0.643,0.489,0.575,0.335,0.215
2015-11-25 08:00:00,0.498,0.306,0.691,0.545,0.404,0.588,0.218,0.368,0.611,0.064,0.521,0.611,0.111,0.437,0.757,0.548,0.14,0.662,0.492,0.565,0.323,0.198
2015-11-25 09:00:00,0.469,0.282,0.711,0.449,0.335,0.426,0.197,0.36,0.475,0.035,0.407,0.507,0.072,0.394,0.7,0.455,0.086,0.606,0.366,0.463,0.31,0.158
2015-11-25 10:00:00,0.414,0.265,0.648,0.38,0.225,0.352,0.196,0.229,0.417,0.029,0.357,0.474,0.078,0.379,0.613,0.459,0.063,0.54,0.251,0.423,0.293,0.148
2015-11-25 11:00:00,0.392,0.236,0.587,0.367,0.221,0.293,0.205,0.207,0.403,0.043,0.333,0.434,0.107,0.392,0.595,0.484,0.076,0.526,0.229,0.428,0.228,0.157
2015-11-25 12:00:00,0.411,0.228,0.536,0.352,0.201,0.236,0.236,0.225,0.375,0.051,0.331,0.399,0.135,0.412,0.601,0.455,0.096,0.499,0.204,0.415,0.212,0.194
2015-11-25 13:00:00,0.36,0.218,0.528,0.343,0.18,0.208,0.26,0.22,0.361,0.054,0.385,0.375,0.156,0.462,0.497,0.394,0.125,0.554,0.198,0.437,0.197,0.222
2015-11-25 14:00:00,0.343,0.187,0.618,0.38,0.239,0.262,0.344,0.204,0.42,0.087,0.49,0.431,0.241,0.548,0.528,0.422,0.219,0.609,0.248,0.403,0.185,0.195
2015-11-25 15:00:00,0.32,0.156,0.68,0.415,0.257,0.327,0.409,0.194,0.483,0.108,0.555,0.481,0.323,0.609,0.558,0.466,0.287,0.658,0.305,0.371,0.183,0.163
2015-11-25 16:00:00,0.319,0.143,0.738,0.424,0.254,0.34,0.439,0.203,0.523,0.1,0.571,0.477,0.361,0.646,0.566,0.488,0.285,0.69,0.319,0.353,0.184,0.138
2015-11-25 17:00:00,0.328,0.149,0.781,0.399,0.241,0.306,0.436,0.21,0.521,0.065,0.552,0.43,0.335,0.631,0.534,0.452,0.22,0.677,0.307,0.309,0.181,0.102
2015-11-25 18:00:00,0.291,0.152,0.791,0.369,0.219,0.287,0.416,0.213,0.483,0.037,0.514,0.335,0.304,0.598,0.485,0.37,0.148,0.641,0.291,0.285,0.182,0.094
2015-11-25 19:00:00,0.245,0.151,0.788,0.327,0.196,0.256,0.396,0.193,0.401,0.02,0.455,0.255,0.273,0.548,0.442,0.292,0.099,0.585,0.252,0.253,0.187,0.074
2015-11-25 20:00:00,0.207,0.149,0.778,0.287,0.157,0.221,0.371,0.165,0.325,0.014,0.402,0.232,0.251,0.511,0.403,0.272,0.07,0.53,0.206,0.217,0.197,0.046
2015-11-25 21:00:00,0.174,0.152,0.747,0.247,0.107,0.183,0.35,0.13,0.263,0.013,0.344,0.209,0.241,0.493,0.378,0.258,0.056,0.49,0.145,0.183,0.213,0.037
2015-11-25 22:00:00,0.138,0.155,0.719,0.214,0.09,0.146,0.335,0.116,0.232,0.017,0.296,0.195,0.234,0.469,0.325,0.26,0.073,0.42,0.122,0.147,0.235,0.032
2015-11-25 23:00:00,0.078,0.163,0.701,0.19,0.076,0.117,0.353,0.12,0.184,0.014,0.261,0.173,0.234,0.451,0.271,0.237,0.076,0.358,0.103,0.149,0.268,0.022
