hour,PL,PL dolnośląskie,PL kujawsko-pomorskie,PL lubelskie,PL lubuskie,PL łódzkie,PL małopolskie,PL mazowieckie,PL opolskie,PL podkarpackie,PL podlaskie,PL pomorskie,PL śląskie,PL świętokrzyskie,PL warmińsko-mazurskie,PL wielkopolskie,PL zachodniopomorskie
2015-01-28 00:00:00,2.82,2.89,2.87,2.81,2.91,2.82,2.75,2.83,2.86,2.77,2.73,2.9,2.77,2.8,2.73,2.87,2.93
2015-01-28 01:00:00,2.82,2.89,2.87,2.81,2.9,2.82,2.74,2.83,2.85,2.76,2.72,2.89,2.76,2.81,2.74,2.87,2.9
2015-01-28 02:00:00,2.82,2.89,2.87,2.81,2.88,2.81,2.74,2.83,2.86,2.76,2.72,2.89,2.77,2.81,2.75,2.86,2.87
2015-01-28 03:00:00,2.82,2.88,2.87,2.81,2.86,2.81,2.74,2.83,2.85,2.76,2.73,2.89,2.78,2.81,2.75,2.86,2.87
2015-01-28 04:00:00,2.82,2.88,2.87,2.81,2.84,2.81,2.75,2.83,2.85,2.76,2.73,2.89,2.78,2.81,2.76,2.85,2.87
2015-01-28 05:00:00,2.81,2.88,2.86,2.81,2.83,2.8,2.74,2.82,2.85,2.77,2.73,2.88,2.78,2.8,2.76,2.84,2.87
2015-01-28 06:00:00,2.81,2.87,2.85,2.81,2.84,2.8,2.74,2.83,2.85,2.76,2.73,2.88,2.78,2.8,2.76,2.85,2.87
2015-01-28 07:00:00,2.81,2.86,2.84,2.81,2.86,2.8,2.74,2.83,2.85,2.77,2.73,2.88,2.78,2.81,2.76,2.84,2.88
2015-01-28 08:00:00,2.82,2.88,2.84,2.82,2.88,2.79,2.76,2.83,2.86,2.8,2.74,2.88,2.78,2.81,2.77,2.85,2.89
2015-01-28 09:00:00,2.83,2.91,2.86,2.82,2.9,2.8,2.78,2.83,2.87,2.82,2.74,2.89,2.79,2.82,2.78,2.85,2.92
2015-01-28 10:00:00,2.84,2.93,2.87,2.83,2.93,2.81,2.8,2.83,2.89,2.83,2.75,2.89,2.8,2.82,2.79,2.87,2.94
2015-01-28 11:00:00,2.85,2.95,2.87,2.83,2.97,2.8,2.82,2.83,2.9,2.85,2.75,2.9,2.82,2.83,2.79,2.88,2.97
2015-01-28 12:00:00,2.86,2.98,2.86,2.83,2.98,2.8,2.8,2.83,2.92,2.83,2.76,2.91,2.82,2.83,2.79,2.91,2.98
2015-01-28 13:00:00,2.86,2.97,2.86,2.83,3.0,2.81,2.8,2.83,2.93,2.83,2.77,2.91,2.82,2.82,2.79,2.93,3.0
2015-01-28 14:00:00,2.86,2.96,2.86,2.82,3.01,2.81,2.79,2.81,2.93,2.83,2.77,2.91,2.82,2.81,2.78,2.94,3.01
2015-01-28 15:00:00,2.85,2.96,2.86,2.81,3.0,2.81,2.77,2.81,2.91,2.8,2.76,2.9,2.8,2.79,2.77,2.94,3.02
2015-01-28 16:00:00,2.84,2.93,2.85,2.79,2.99,2.8,2.76,2.8,2.88,2.79,2.76,2.91,2.79,2.78,2.76,2.92,3.01
2015-01-28 17:00:00,2.83,2.91,2.86,2.79,2.98,2.79,2.74,2.79,2.87,2.78,2.74,2.91,2.78,2.77,2.76,2.91,3.02
2015-01-28 18:00:00,2.83,2.91,2.87,2.79,2.98,2.78,2.74,2.79,2.86,2.78,2.73,2.92,2.78,2.76,2.75,2.91,3.03
2015-01-28 19:00:00,2.82,2.91,2.88,2.78,2.99,2.76,2.73,2.79,2.85,2.78,2.73,2.93,2.77,2.73,2.75,2.89,3.04
2015-01-28 20:00:00,2.82,2.91,2.88,2.77,2.99,2.76,2.72,2.78,2.86,2.79,2.72,2.93,2.76,2.71,2.75,2.88,3.04
2015-01-28 21:00:00,2.81,2.91,2.87,2.77,2.98,2.76,2.7,2.78,2.85,2.79,2.72,2.94,2.76,2.73,2.76,2.88,3.03
2015-01-28 22:00:00,2.81,2.91,2.86,2.76,2.96,2.77,2.69,2.76,2.87,2.78,2.72,2.94,2.77,2.72,2.77,2.89,2.99
2015-01-28 23:00:00,2.8,2.94,2.87,2.76,2.93,2.78,2.65,2.75,2.88,2.77,2.71,2.93,2.76,2.7,2.77,2.89,2.97
2015-01-29 00:00:00,2.8,2.93,2.87,2.75,2.91,2.78,2.62,2.75,2.87,2.77,2.72,2.93,2.76,2.71,2.77,2.9,2.96
2015-01-29 01:00:00,2.8,2.91,2.87,2.74,2.93,2.8,2.65,2.75,2.88,2.77,2.7,2.92,2.79,2.69,2.77,2.88,2.96
2015-01-29 02:00:00,2.81,2.9,2.87,2.74,2.93,2.82,2.66,2.76,2.9,2.75,2.7,2.9,2.8,2.68,2.77,2.89,2.96
2015-01-29 03:00:00,2.8,2.9,2.84,2.74,2.92,2.82,2.66,2.78,2.89,2.74,2.69,2.9,2.8,2.68,2.76,2.89,2.96
2015-01-29 04:00:00,2.81,2.9,2.84,2.74,2.91,2.8,2.69,2.78,2.88,2.74,2.68,2.91,2.81,2.7,2.75,2.88,2.96
2015-01-29 05:00:00,2.81,2.88,2.85,2.74,2.89,2.78,2.73,2.78,2.88,2.74,2.68,2.91,2.8,2.71,2.76,2.88,2.96
2015-01-29 06:00:00,2.81,2.88,2.87,2.74,2.87,2.78,2.75,2.78,2.87,2.73,2.68,2.91,2.79,2.72,2.75,2.88,2.95
2015-01-29 07:00:00,2.81,2.87,2.85,2.76,2.85,2.78,2.78,2.78,2.87,2.74,2.71,2.92,2.78,2.74,2.77,2.88,2.94
2015-01-29 08:00:00,2.82,2.88,2.87,2.79,2.87,2.79,2.78,2.78,2.88,2.74,2.72,2.93,2.78,2.76,2.77,2.88,2.94
2015-01-29 09:00:00,2.83,2.92,2.87,2.79,2.91,2.78,2.78,2.8,2.88,2.74,2.71,2.94,2.79,2.74,2.8,2.9,2.95
2015-01-29 10:00:00,2.84,2.95,2.9,2.78,2.94,2.79,2.78,2.8,2.9,2.73,2.72,2.95,2.78,2.74,2.82,2.94,2.97
2015-01-29 11:00:00,2.85,2.97,2.92,2.77,2.97,2.8,2.79,2.81,2.94,2.73,2.73,2.96,2.79,2.74,2.82,2.96,2.98
2015-01-29 12:00:00,2.85,2.96,2.94,2.77,2.96,2.81,2.78,2.8,2.94,2.74,2.74,2.95,2.81,2.75,2.83,2.97,2.98
2015-01-29 13:00:00,2.86,2.97,2.96,2.77,2.94,2.83,2.79,2.81,2.98,2.74,2.75,2.95,2.81,2.74,2.83,2.97,2.97
2015-01-29 14:00:00,2.85,2.95,2.94,2.77,2.95,2.83,2.79,2.81,2.97,2.74,2.75,2.94,2.82,2.74,2.82,2.97,2.97
2015-01-29 15:00:00,2.83,2.91,2.91,2.77,2.9,2.78,2.77,2.79,2.94,2.73,2.74,2.92,2.79,2.73,2.79,2.93,2.94
2015-01-29 16:00:00,2.8,2.87,2.86,2.77,2.89,2.73,2.74,2.76,2.86,2.72,2.74,2.9,2.75,2.72,2.78,2.88,2.92
2015-01-29 17:00:00,2.78,2.87,2.84,2.77,2.83,2.71,2.72,2.74,2.83,2.72,2.74,2.89,2.73,2.69,2.77,2.85,2.89
2015-01-29 18:00:00,2.77,2.86,2.8,2.77,2.83,2.69,2.7,2.73,2.83,2.72,2.73,2.87,2.72,2.67,2.76,2.85,2.87
2015-01-29 19:00:00,2.76,2.86,2.8,2.76,2.82,2.67,2.68,2.71,2.81,2.73,2.73,2.85,2.71,2.64,2.74,2.83,2.87
2015-01-29 20:00:00,2.75,2.85,2.79,2.75,2.82,2.67,2.68,2.7,2.83,2.74,2.72,2.84,2.72,2.63,2.73,2.83,2.86
2015-01-29 21:00:00,2.74,2.86,2.77,2.74,2.81,2.67,2.66,2.68,2.82,2.75,2.72,2.84,2.71,2.64,2.71,2.82,2.85
2015-01-29 22:00:00,2.74,2.85,2.77,2.74,2.79,2.66,2.65,2.67,2.81,2.76,2.7,2.82,2.72,2.61,2.71,2.81,2.83
2015-01-29 23:00:00,2.73,2.85,2.75,2.74,2.79,2.65,2.66,2.65,2.8,2.78,2.68,2.8,2.73,2.61,2.69,2.81,2.83
2015-01-30 00:00:00,2.73,2.83,2.73,2.74,2.79,2.63,2.72,2.64,2.78,2.78,2.67,2.79,2.73,2.61,2.68,2.79,2.83
2015-01-30 01:00:00,2.73,2.82,2.74,2.75,2.79,2.63,2.77,2.64,2.76,2.78,2.66,2.78,2.75,2.64,2.67,2.78,2.82
2015-01-30 02:00:00,2.74,2.83,2.72,2.76,2.8,2.64,2.78,2.63,2.78,2.79,2.68,2.77,2.77,2.67,2.66,2.78,2.82
2015-01-30 03:00:00,2.74,2.84,2.72,2.78,2.8,2.65,2.79,2.63,2.84,2.8,2.66,2.77,2.77,2.69,2.64,2.76,2.81
2015-01-30 04:00:00,2.75,2.85,2.72,2.8,2.78,2.68,2.8,2.63,2.87,2.82,2.64,2.76,2.79,2.71,2.62,2.77,2.8
2015-01-30 05:00:00,2.76,2.86,2.71,2.8,2.79,2.69,2.83,2.64,2.87,2.86,2.65,2.76,2.81,2.72,2.61,2.77,2.8
2015-01-30 06:00:00,2.77,2.87,2.74,2.8,2.81,2.71,2.84,2.67,2.89,2.88,2.65,2.75,2.81,2.73,2.61,2.79,2.79
2015-01-30 07:00:00,2.78,2.89,2.75,2.81,2.8,2.73,2.86,2.69,2.92,2.91,2.67,2.75,2.83,2.76,2.61,2.81,2.79
2015-01-30 08:00:00,2.81,2.91,2.76,2.84,2.81,2.77,2.9,2.72,2.89,2.94,2.71,2.77,2.85,2.8,2.63,2.82,2.8
2015-01-30 09:00:00,2.84,2.93,2.77,2.89,2.8,2.81,2.93,2.76,2.88,2.95,2.74,2.79,2.88,2.85,2.67,2.85,2.81
2015-01-30 10:00:00,2.87,2.94,2.79,2.95,2.82,2.83,2.98,2.8,2.88,2.97,2.77,2.81,2.91,2.89,2.7,2.86,2.82
2015-01-30 11:00:00,2.89,2.97,2.81,2.97,2.83,2.85,3.0,2.83,2.94,3.0,2.79,2.82,2.93,2.93,2.74,2.88,2.83
2015-01-30 12:00:00,2.91,2.96,2.83,3.0,2.86,2.87,3.01,2.86,2.95,3.03,2.82,2.83,2.92,2.98,2.77,2.9,2.84
2015-01-30 13:00:00,2.91,2.95,2.85,3.01,2.86,2.87,2.99,2.88,2.97,3.05,2.83,2.84,2.9,3.0,2.79,2.91,2.85
2015-01-30 14:00:00,2.9,2.94,2.85,2.99,2.88,2.88,2.97,2.9,2.95,3.06,2.84,2.84,2.84,3.0,2.8,2.91,2.85
2015-01-30 15:00:00,2.89,2.91,2.82,2.98,2.88,2.88,2.94,2.89,2.9,3.07,2.83,2.84,2.82,3.0,2.81,2.9,2.85
2015-01-30 16:00:00,2.88,2.86,2.85,2.96,2.86,2.86,2.95,2.9,2.88,3.08,2.85,2.84,2.81,2.98,2.82,2.87,2.84
2015-01-30 17:00:00,2.88,2.85,2.83,2.97,2.84,2.85,2.95,2.92,2.82,3.06,2.86,2.83,2.79,2.99,2.83,2.86,2.84
2015-01-30 18:00:00,2.87,2.83,2.8,2.97,2.83,2.82,2.92,2.91,2.81,3.04,2.87,2.82,2.78,3.0,2.85,2.84,2.84
2015-01-30 19:00:00,2.86,2.82,2.79,2.97,2.82,2.82,2.93,2.9,2.8,3.05,2.87,2.81,2.78,2.99,2.85,2.82,2.82
2015-01-30 20:00:00,2.86,2.81,2.79,2.97,2.8,2.8,2.93,2.88,2.8,3.07,2.87,2.81,2.79,2.98,2.86,2.81,2.82
2015-01-30 21:00:00,2.85,2.77,2.79,2.96,2.77,2.81,2.91,2.88,2.79,3.08,2.88,2.81,2.77,2.98,2.83,2.8,2.82
2015-01-30 22:00:00,2.84,2.75,2.79,2.97,2.76,2.8,2.89,2.89,2.78,3.09,2.87,2.81,2.76,2.96,2.81,2.79,2.82
2015-01-30 23:00:00,2.83,2.75,2.79,2.97,2.76,2.79,2.82,2.88,2.79,3.06,2.86,2.81,2.73,2.95,2.81,2.79,2.82
2015-01-31 00:00:00,2.82,2.74,2.79,2.97,2.77,2.79,2.78,2.88,2.77,3.04,2.85,2.81,2.72,2.91,2.82,2.78,2.82
2015-01-31 01:00:00,2.81,2.71,2.79,2.96,2.77,2.77,2.76,2.87,2.76,3.01,2.87,2.81,2.71,2.89,2.83,2.77,2.82
2015-01-31 02:00:00,2.8,2.72,2.79,2.96,2.76,2.76,2.74,2.86,2.75,2.92,2.88,2.81,2.7,2.88,2.82,2.76,2.82
2015-01-31 03:00:00,2.79,2.73,2.79,2.95,2.76,2.75,2.73,2.83,2.73,2.87,2.89,2.81,2.69,2.84,2.82,2.75,2.81
2015-01-31 04:00:00,2.77,2.75,2.78,2.94,2.76,2.73,2.71,2.82,2.73,2.82,2.88,2.81,2.67,2.8,2.81,2.74,2.81
2015-01-31 05:00:00,2.76,2.75,2.76,2.93,2.75,2.72,2.7,2.81,2.71,2.8,2.89,2.81,2.65,2.78,2.8,2.75,2.8
2015-01-31 06:00:00,2.75,2.75,2.74,2.92,2.75,2.71,2.68,2.79,2.7,2.78,2.88,2.8,2.63,2.77,2.78,2.74,2.81
2015-01-31 07:00:00,2.75,2.75,2.72,2.91,2.75,2.71,2.68,2.79,2.73,2.76,2.88,2.8,2.63,2.75,2.78,2.74,2.8
2015-01-31 08:00:00,2.75,2.76,2.74,2.91,2.74,2.72,2.67,2.78,2.75,2.75,2.88,2.8,2.64,2.73,2.77,2.76,2.8
2015-01-31 09:00:00,2.76,2.79,2.75,2.9,2.75,2.73,2.68,2.78,2.77,2.72,2.86,2.81,2.66,2.72,2.77,2.77,2.8
2015-01-31 10:00:00,2.76,2.82,2.75,2.86,2.76,2.74,2.69,2.77,2.79,2.71,2.85,2.82,2.68,2.72,2.78,2.78,2.81
2015-01-31 11:00:00,2.77,2.83,2.77,2.82,2.79,2.76,2.68,2.77,2.84,2.73,2.83,2.83,2.71,2.73,2.78,2.79,2.81
2015-01-31 12:00:00,2.78,2.83,2.78,2.81,2.79,2.77,2.69,2.77,2.86,2.73,2.82,2.83,2.73,2.72,2.77,2.82,2.81
2015-01-31 13:00:00,2.78,2.84,2.78,2.79,2.81,2.78,2.7,2.77,2.87,2.73,2.81,2.84,2.73,2.73,2.77,2.81,2.8
2015-01-31 14:00:00,2.77,2.84,2.78,2.79,2.81,2.79,2.7,2.77,2.85,2.72,2.79,2.84,2.72,2.72,2.76,2.82,2.79
2015-01-31 15:00:00,2.76,2.83,2.78,2.78,2.79,2.78,2.66,2.77,2.83,2.7,2.78,2.82,2.7,2.69,2.75,2.81,2.78
2015-01-31 16:00:00,2.74,2.82,2.77,2.78,2.78,2.75,2.6,2.76,2.81,2.67,2.77,2.8,2.69,2.66,2.75,2.79,2.76
2015-01-31 17:00:00,2.73,2.8,2.74,2.78,2.77,2.73,2.6,2.75,2.79,2.65,2.76,2.8,2.7,2.64,2.74,2.79,2.75
2015-01-31 18:00:00,2.73,2.82,2.74,2.77,2.76,2.73,2.61,2.75,2.77,2.65,2.76,2.8,2.71,2.65,2.75,2.77,2.74
2015-01-31 19:00:00,2.73,2.83,2.73,2.75,2.75,2.73,2.61,2.75,2.76,2.64,2.75,2.8,2.72,2.65,2.74,2.78,2.73
2015-01-31 20:00:00,2.73,2.83,2.72,2.74,2.76,2.73,2.6,2.74,2.78,2.65,2.75,2.79,2.72,2.65,2.74,2.78,2.72
2015-01-31 21:00:00,2.72,2.82,2.72,2.73,2.77,2.74,2.59,2.73,2.77,2.66,2.75,2.79,2.72,2.64,2.73,2.77,2.71
2015-01-31 22:00:00,2.72,2.8,2.71,2.71,2.76,2.74,2.57,2.72,2.76,2.67,2.75,2.78,2.73,2.64,2.73,2.77,2.69
2015-01-31 23:00:00,2.71,2.81,2.7,2.72,2.75,2.77,2.53,2.73,2.75,2.67,2.74,2.78,2.72,2.65,2.72,2.77,2.67
2015-02-01 00:00:00,2.71,2.78,2.69,2.72,2.75,2.77,2.52,2.72,2.75,2.67,2.74,2.77,2.7,2.66,2.71,2.77,2.66
2015-02-01 01:00:00,2.7,2.76,2.69,2.74,2.75,2.77,2.51,2.72,2.79,2.66,2.73,2.77,2.68,2.68,2.7,2.77,2.65
2015-02-01 02:00:00,2.7,2.76,2.68,2.75,2.75,2.77,2.5,2.73,2.71,2.66,2.72,2.77,2.67,2.68,2.68,2.77,2.66
2015-02-01 03:00:00,2.69,2.75,2.68,2.76,2.74,2.75,2.48,2.75,2.69,2.65,2.72,2.76,2.65,2.68,2.67,2.76,2.67
2015-02-01 04:00:00,2.69,2.73,2.68,2.77,2.74,2.74,2.45,2.77,2.66,2.65,2.72,2.75,2.65,2.67,2.67,2.77,2.67
2015-02-01 05:00:00,2.68,2.69,2.71,2.76,2.74,2.72,2.44,2.77,2.64,2.65,2.72,2.73,2.64,2.65,2.67,2.77,2.68
2015-02-01 06:00:00,2.67,2.68,2.77,2.75,2.74,2.7,2.42,2.75,2.65,2.66,2.72,2.71,2.62,2.62,2.67,2.75,2.68
2015-02-01 07:00:00,2.67,2.69,2.78,2.74,2.73,2.68,2.42,2.76,2.65,2.65,2.72,2.71,2.62,2.62,2.66,2.74,2.69
2015-02-01 08:00:00,2.71,2.75,2.78,2.77,2.75,2.72,2.49,2.77,2.67,2.69,2.74,2.73,2.67,2.65,2.68,2.78,2.7
2015-02-01 09:00:00,2.75,2.81,2.78,2.81,2.77,2.78,2.61,2.79,2.7,2.76,2.76,2.76,2.73,2.72,2.71,2.81,2.72
2015-02-01 10:00:00,2.79,2.87,2.79,2.85,2.79,2.82,2.67,2.82,2.76,2.8,2.77,2.78,2.79,2.75,2.73,2.84,2.74
2015-02-01 11:00:00,2.81,2.86,2.8,2.88,2.82,2.86,2.69,2.83,2.81,2.81,2.81,2.79,2.81,2.8,2.75,2.86,2.76
2015-02-01 12:00:00,2.83,2.88,2.82,2.89,2.84,2.86,2.72,2.84,2.88,2.82,2.83,2.81,2.82,2.82,2.77,2.88,2.78
2015-02-01 13:00:00,2.83,2.87,2.81,2.89,2.85,2.86,2.74,2.85,2.9,2.8,2.83,2.82,2.82,2.82,2.78,2.88,2.79
2015-02-01 14:00:00,2.82,2.87,2.81,2.88,2.87,2.85,2.73,2.83,2.88,2.78,2.8,2.81,2.8,2.79,2.76,2.88,2.79
2015-02-01 15:00:00,2.79,2.83,2.81,2.8,2.87,2.82,2.68,2.8,2.84,2.74,2.79,2.8,2.75,2.74,2.74,2.85,2.79
2015-02-01 16:00:00,2.73,2.77,2.8,2.72,2.82,2.74,2.6,2.74,2.78,2.69,2.75,2.78,2.69,2.68,2.71,2.82,2.77
2015-02-01 17:00:00,2.71,2.72,2.79,2.67,2.79,2.7,2.57,2.72,2.76,2.66,2.74,2.76,2.64,2.65,2.69,2.79,2.78
2015-02-01 18:00:00,2.69,2.69,2.79,2.64,2.77,2.68,2.55,2.7,2.69,2.64,2.72,2.76,2.63,2.62,2.68,2.76,2.79
2015-02-01 19:00:00,2.67,2.69,2.8,2.62,2.74,2.65,2.53,2.67,2.65,2.62,2.71,2.76,2.6,2.6,2.65,2.76,2.8
2015-02-01 20:00:00,2.65,2.68,2.75,2.6,2.73,2.67,2.51,2.64,2.64,2.61,2.69,2.76,2.58,2.59,2.66,2.74,2.81
2015-02-01 21:00:00,2.64,2.7,2.72,2.59,2.71,2.65,2.49,2.62,2.63,2.58,2.68,2.76,2.58,2.55,2.66,2.73,2.81
2015-02-01 22:00:00,2.63,2.69,2.71,2.57,2.69,2.62,2.48,2.62,2.6,2.56,2.67,2.77,2.56,2.53,2.71,2.73,2.81
2015-02-01 23:00:00,2.63,2.68,2.72,2.56,2.69,2.59,2.48,2.62,2.59,2.56,2.66,2.79,2.54,2.51,2.72,2.72,2.81
2015-02-02 00:00:00,2.61,2.68,2.71,2.55,2.71,2.57,2.47,2.6,2.57,2.53,2.65,2.8,2.51,2.5,2.71,2.7,2.81
2015-02-02 01:00:00,2.6,2.68,2.69,2.54,2.72,2.57,2.44,2.57,2.55,2.52,2.65,2.8,2.51,2.48,2.71,2.7,2.8
2015-02-02 02:00:00,2.59,2.68,2.68,2.52,2.73,2.55,2.42,2.56,2.57,2.48,2.63,2.81,2.51,2.47,2.68,2.69,2.8
2015-02-02 03:00:00,2.59,2.68,2.67,2.54,2.74,2.53,2.43,2.56,2.6,2.46,2.61,2.81,2.5,2.46,2.65,2.69,2.8
2015-02-02 04:00:00,2.58,2.66,2.65,2.52,2.74,2.52,2.44,2.55,2.59,2.45,2.58,2.8,2.49,2.46,2.64,2.69,2.8
2015-02-02 05:00:00,2.58,2.66,2.65,2.51,2.74,2.49,2.45,2.55,2.59,2.45,2.56,2.79,2.48,2.47,2.62,2.7,2.8
2015-02-02 06:00:00,2.58,2.64,2.64,2.52,2.74,2.51,2.46,2.54,2.59,2.45,2.56,2.78,2.49,2.47,2.61,2.71,2.79
2015-02-02 07:00:00,2.58,2.65,2.66,2.53,2.73,2.51,2.47,2.54,2.61,2.47,2.57,2.78,2.51,2.49,2.62,2.7,2.78
2015-02-02 08:00:00,2.62,2.71,2.69,2.61,2.74,2.57,2.51,2.59,2.63,2.48,2.61,2.79,2.56,2.51,2.64,2.74,2.79
2015-02-02 09:00:00,2.67,2.76,2.72,2.66,2.79,2.62,2.56,2.64,2.66,2.52,2.65,2.81,2.6,2.56,2.67,2.77,2.81
2015-02-02 10:00:00,2.71,2.79,2.75,2.72,2.83,2.67,2.61,2.7,2.72,2.55,2.7,2.82,2.65,2.61,2.7,2.8,2.81
2015-02-02 11:00:00,2.74,2.82,2.8,2.76,2.85,2.71,2.65,2.74,2.77,2.59,2.73,2.84,2.69,2.66,2.71,2.83,2.83
2015-02-02 12:00:00,2.76,2.82,2.78,2.77,2.87,2.74,2.67,2.76,2.84,2.62,2.76,2.84,2.72,2.7,2.73,2.85,2.84
2015-02-02 13:00:00,2.77,2.83,2.78,2.8,2.88,2.75,2.67,2.76,2.83,2.65,2.75,2.84,2.73,2.72,2.73,2.85,2.84
2015-02-02 14:00:00,2.76,2.83,2.8,2.78,2.88,2.74,2.67,2.77,2.82,2.64,2.73,2.83,2.72,2.71,2.72,2.85,2.83
2015-02-02 15:00:00,2.74,2.83,2.76,2.73,2.85,2.73,2.65,2.74,2.81,2.62,2.67,2.8,2.71,2.7,2.7,2.84,2.81
2015-02-02 16:00:00,2.72,2.79,2.73,2.7,2.85,2.7,2.64,2.7,2.77,2.61,2.62,2.79,2.68,2.68,2.69,2.82,2.8
2015-02-02 17:00:00,2.7,2.77,2.72,2.69,2.83,2.7,2.62,2.68,2.75,2.61,2.61,2.78,2.66,2.68,2.66,2.81,2.79
2015-02-02 18:00:00,2.69,2.73,2.71,2.68,2.82,2.69,2.6,2.67,2.73,2.61,2.59,2.78,2.66,2.68,2.63,2.8,2.77
2015-02-02 19:00:00,2.68,2.72,2.73,2.69,2.82,2.69,2.58,2.65,2.71,2.6,2.59,2.78,2.65,2.68,2.61,2.8,2.75
2015-02-02 20:00:00,2.68,2.69,2.75,2.68,2.81,2.7,2.57,2.65,2.7,2.6,2.57,2.77,2.64,2.67,2.6,2.8,2.74
2015-02-02 21:00:00,2.67,2.7,2.73,2.68,2.8,2.71,2.55,2.65,2.71,2.6,2.56,2.77,2.63,2.67,2.6,2.79,2.73
2015-02-02 22:00:00,2.68,2.71,2.76,2.68,2.8,2.71,2.57,2.66,2.7,2.6,2.56,2.75,2.62,2.66,2.6,2.79,2.72
2015-02-02 23:00:00,2.68,2.72,2.77,2.68,2.79,2.7,2.57,2.66,2.69,2.6,2.54,2.74,2.63,2.67,2.59,2.79,2.72
2015-02-03 00:00:00,2.67,2.74,2.77,2.68,2.77,2.69,2.57,2.66,2.68,2.61,2.52,2.73,2.63,2.67,2.59,2.79,2.72
2015-02-03 01:00:00,2.67,2.72,2.77,2.68,2.75,2.69,2.55,2.66,2.7,2.61,2.52,2.73,2.61,2.66,2.58,2.77,2.71
2015-02-03 02:00:00,2.66,2.7,2.76,2.69,2.74,2.69,2.53,2.66,2.68,2.61,2.48,2.72,2.59,2.65,2.59,2.76,2.71
2015-02-03 03:00:00,2.65,2.72,2.75,2.69,2.73,2.67,2.51,2.65,2.63,2.59,2.47,2.7,2.58,2.64,2.57,2.75,2.71
2015-02-03 04:00:00,2.63,2.69,2.72,2.68,2.73,2.65,2.49,2.64,2.62,2.58,2.46,2.71,2.57,2.64,2.57,2.74,2.7
2015-02-03 05:00:00,2.62,2.67,2.71,2.67,2.73,2.64,2.47,2.64,2.61,2.57,2.47,2.7,2.55,2.62,2.57,2.74,2.7
2015-02-03 06:00:00,2.62,2.67,2.67,2.67,2.72,2.61,2.45,2.65,2.63,2.57,2.49,2.7,2.56,2.58,2.58,2.73,2.7
2015-02-03 07:00:00,2.62,2.69,2.66,2.68,2.72,2.61,2.44,2.65,2.61,2.58,2.5,2.7,2.57,2.57,2.59,2.74,2.69
2015-02-03 08:00:00,2.65,2.71,2.72,2.68,2.72,2.64,2.52,2.68,2.66,2.6,2.56,2.71,2.6,2.6,2.6,2.75,2.69
2015-02-03 09:00:00,2.7,2.77,2.77,2.7,2.74,2.7,2.59,2.72,2.74,2.63,2.63,2.72,2.66,2.65,2.64,2.78,2.7
2015-02-03 10:00:00,2.73,2.79,2.8,2.71,2.75,2.75,2.66,2.75,2.78,2.66,2.67,2.74,2.71,2.69,2.67,2.8,2.71
2015-02-03 11:00:00,2.76,2.82,2.79,2.73,2.76,2.8,2.71,2.79,2.8,2.7,2.68,2.75,2.74,2.73,2.71,2.81,2.71
2015-02-03 12:00:00,2.77,2.83,2.79,2.74,2.76,2.81,2.7,2.81,2.8,2.74,2.7,2.75,2.74,2.75,2.73,2.81,2.71
2015-02-03 13:00:00,2.76,2.79,2.79,2.73,2.76,2.81,2.72,2.81,2.82,2.72,2.69,2.75,2.75,2.76,2.73,2.79,2.7
2015-02-03 14:00:00,2.75,2.77,2.77,2.74,2.76,2.79,2.69,2.8,2.84,2.71,2.68,2.74,2.74,2.73,2.72,2.78,2.7
2015-02-03 15:00:00,2.73,2.76,2.76,2.71,2.73,2.76,2.67,2.77,2.84,2.66,2.68,2.72,2.71,2.7,2.7,2.76,2.69
2015-02-03 16:00:00,2.69,2.72,2.73,2.67,2.71,2.73,2.6,2.73,2.78,2.63,2.62,2.69,2.7,2.63,2.68,2.74,2.66
2015-02-03 17:00:00,2.67,2.69,2.7,2.65,2.69,2.72,2.56,2.71,2.77,2.6,2.6,2.67,2.68,2.61,2.67,2.72,2.65
2015-02-03 18:00:00,2.65,2.67,2.67,2.62,2.69,2.69,2.54,2.69,2.74,2.58,2.56,2.65,2.66,2.58,2.67,2.7,2.64
2015-02-03 19:00:00,2.64,2.67,2.67,2.58,2.68,2.71,2.52,2.68,2.73,2.58,2.54,2.62,2.65,2.6,2.68,2.69,2.62
2015-02-03 20:00:00,2.63,2.67,2.67,2.57,2.68,2.69,2.51,2.67,2.71,2.57,2.55,2.62,2.63,2.59,2.67,2.69,2.62
2015-02-03 21:00:00,2.62,2.67,2.65,2.57,2.65,2.67,2.49,2.67,2.7,2.58,2.52,2.6,2.61,2.57,2.67,2.69,2.61
2015-02-03 22:00:00,2.62,2.66,2.67,2.57,2.64,2.66,2.47,2.67,2.69,2.57,2.52,2.59,2.61,2.58,2.66,2.69,2.61
2015-02-03 23:00:00,2.6,2.66,2.67,2.57,2.62,2.64,2.45,2.66,2.66,2.56,2.5,2.58,2.59,2.58,2.64,2.68,2.6
2015-02-04 00:00:00,2.59,2.63,2.66,2.58,2.61,2.63,2.44,2.65,2.64,2.54,2.47,2.59,2.58,2.58,2.61,2.67,2.61
2015-02-04 01:00:00,2.58,2.61,2.68,2.58,2.61,2.63,2.42,2.64,2.62,2.54,2.5,2.58,2.54,2.56,2.59,2.65,2.62
2015-02-04 02:00:00,2.58,2.59,2.69,2.57,2.6,2.62,2.42,2.63,2.61,2.53,2.48,2.57,2.56,2.55,2.58,2.64,2.62
2015-02-04 03:00:00,2.57,2.58,2.69,2.56,2.59,2.61,2.45,2.61,2.58,2.54,2.46,2.56,2.56,2.52,2.59,2.63,2.62
2015-02-04 04:00:00,2.57,2.58,2.69,2.55,2.6,2.59,2.46,2.6,2.53,2.55,2.46,2.56,2.57,2.5,2.58,2.62,2.63
2015-02-04 05:00:00,2.57,2.58,2.68,2.54,2.59,2.58,2.47,2.6,2.52,2.54,2.45,2.55,2.57,2.48,2.58,2.59,2.64
2015-02-04 06:00:00,2.56,2.6,2.65,2.54,2.6,2.58,2.47,2.6,2.53,2.52,2.44,2.54,2.58,2.5,2.58,2.57,2.64
2015-02-04 07:00:00,2.57,2.6,2.65,2.56,2.61,2.59,2.5,2.62,2.55,2.52,2.44,2.55,2.58,2.52,2.59,2.59,2.64
2015-02-04 08:00:00,2.59,2.6,2.65,2.59,2.62,2.61,2.54,2.64,2.56,2.56,2.48,2.57,2.6,2.58,2.59,2.58,2.65
2015-02-04 09:00:00,2.62,2.62,2.67,2.64,2.63,2.63,2.59,2.66,2.63,2.6,2.52,2.6,2.63,2.64,2.6,2.61,2.66
2015-02-04 10:00:00,2.66,2.63,2.67,2.68,2.64,2.68,2.63,2.69,2.67,2.63,2.56,2.62,2.68,2.69,2.63,2.63,2.67
2015-02-04 11:00:00,2.68,2.65,2.67,2.72,2.66,2.7,2.67,2.73,2.7,2.65,2.58,2.65,2.71,2.74,2.66,2.64,2.69
2015-02-04 12:00:00,2.69,2.67,2.66,2.75,2.66,2.71,2.7,2.74,2.7,2.66,2.6,2.66,2.72,2.73,2.66,2.65,2.72
2015-02-04 13:00:00,2.7,2.67,2.66,2.75,2.67,2.72,2.71,2.75,2.71,2.66,2.61,2.68,2.7,2.73,2.66,2.65,2.72
2015-02-04 14:00:00,2.69,2.65,2.66,2.75,2.66,2.72,2.69,2.72,2.72,2.66,2.61,2.68,2.7,2.73,2.65,2.64,2.73
2015-02-04 15:00:00,2.67,2.65,2.64,2.72,2.66,2.7,2.68,2.7,2.71,2.66,2.61,2.67,2.68,2.7,2.63,2.63,2.71
2015-02-04 16:00:00,2.65,2.64,2.63,2.67,2.65,2.67,2.67,2.67,2.67,2.65,2.58,2.65,2.64,2.69,2.62,2.63,2.68
2015-02-04 17:00:00,2.64,2.63,2.62,2.64,2.64,2.65,2.66,2.64,2.66,2.65,2.56,2.64,2.64,2.68,2.61,2.61,2.66
2015-02-04 18:00:00,2.62,2.62,2.6,2.6,2.63,2.63,2.65,2.62,2.66,2.64,2.55,2.64,2.62,2.69,2.6,2.6,2.65
2015-02-04 19:00:00,2.61,2.61,2.54,2.57,2.63,2.62,2.64,2.61,2.62,2.63,2.55,2.64,2.61,2.68,2.61,2.59,2.66
2015-02-04 20:00:00,2.6,2.61,2.49,2.55,2.63,2.63,2.65,2.6,2.61,2.64,2.56,2.63,2.6,2.67,2.6,2.59,2.64
2015-02-04 21:00:00,2.6,2.61,2.46,2.55,2.62,2.63,2.64,2.58,2.62,2.64,2.53,2.62,2.59,2.67,2.6,2.6,2.63
2015-02-04 22:00:00,2.59,2.61,2.44,2.53,2.61,2.63,2.64,2.57,2.62,2.64,2.52,2.61,2.58,2.67,2.59,2.6,2.61
2015-02-04 23:00:00,2.59,2.6,2.47,2.54,2.59,2.61,2.64,2.56,2.63,2.63,2.52,2.59,2.57,2.67,2.59,2.6,2.61
2015-02-05 00:00:00,2.58,2.59,2.48,2.52,2.58,2.61,2.63,2.56,2.59,2.63,2.54,2.59,2.56,2.65,2.57,2.6,2.61
2015-02-05 01:00:00,2.57,2.58,2.46,2.5,2.57,2.62,2.63,2.55,2.54,2.63,2.51,2.58,2.55,2.64,2.56,2.59,2.61
2015-02-05 02:00:00,2.56,2.57,2.41,2.48,2.56,2.61,2.62,2.54,2.59,2.63,2.56,2.56,2.54,2.62,2.56,2.59,2.61
2015-02-05 03:00:00,2.56,2.55,2.4,2.48,2.56,2.61,2.61,2.55,2.56,2.62,2.57,2.56,2.52,2.62,2.56,2.59,2.6
2015-02-05 04:00:00,2.55,2.55,2.39,2.48,2.55,2.61,2.59,2.55,2.55,2.61,2.56,2.54,2.52,2.61,2.56,2.57,2.59
2015-02-05 05:00:00,2.54,2.52,2.4,2.48,2.54,2.61,2.58,2.55,2.54,2.61,2.57,2.53,2.52,2.6,2.56,2.55,2.59
2015-02-05 06:00:00,2.55,2.51,2.43,2.48,2.53,2.61,2.57,2.57,2.53,2.59,2.57,2.51,2.52,2.61,2.56,2.57,2.59
2015-02-05 07:00:00,2.54,2.51,2.39,2.49,2.52,2.62,2.57,2.57,2.53,2.59,2.58,2.5,2.51,2.6,2.56,2.57,2.59
2015-02-05 08:00:00,2.57,2.53,2.45,2.54,2.53,2.63,2.58,2.59,2.58,2.61,2.59,2.53,2.54,2.6,2.57,2.59,2.59
2015-02-05 09:00:00,2.59,2.57,2.53,2.57,2.55,2.65,2.6,2.61,2.64,2.63,2.6,2.58,2.58,2.61,2.59,2.6,2.62
2015-02-05 10:00:00,2.62,2.61,2.6,2.6,2.56,2.67,2.62,2.63,2.68,2.64,2.61,2.64,2.61,2.63,2.6,2.61,2.64
2015-02-05 11:00:00,2.63,2.63,2.61,2.59,2.59,2.68,2.63,2.63,2.69,2.66,2.61,2.67,2.61,2.65,2.6,2.63,2.67
2015-02-05 12:00:00,2.64,2.65,2.6,2.58,2.6,2.69,2.64,2.63,2.72,2.67,2.61,2.71,2.62,2.64,2.59,2.64,2.68
2015-02-05 13:00:00,2.64,2.65,2.61,2.58,2.61,2.68,2.64,2.63,2.73,2.65,2.62,2.71,2.64,2.65,2.6,2.65,2.69
2015-02-05 14:00:00,2.64,2.65,2.62,2.58,2.63,2.68,2.64,2.62,2.7,2.64,2.63,2.71,2.64,2.65,2.6,2.65,2.69
2015-02-05 15:00:00,2.63,2.64,2.59,2.58,2.63,2.68,2.62,2.62,2.69,2.62,2.63,2.68,2.63,2.62,2.59,2.63,2.69
2015-02-05 16:00:00,2.61,2.63,2.56,2.58,2.6,2.66,2.61,2.61,2.64,2.6,2.63,2.64,2.62,2.62,2.58,2.61,2.65
2015-02-05 17:00:00,2.61,2.63,2.54,2.58,2.57,2.66,2.6,2.61,2.63,2.58,2.63,2.6,2.61,2.59,2.58,2.62,2.62
2015-02-05 18:00:00,2.6,2.62,2.56,2.59,2.55,2.65,2.58,2.6,2.6,2.57,2.63,2.57,2.62,2.58,2.58,2.62,2.6
2015-02-05 19:00:00,2.59,2.62,2.57,2.59,2.52,2.63,2.59,2.6,2.6,2.55,2.63,2.54,2.61,2.57,2.58,2.61,2.57
2015-02-05 20:00:00,2.59,2.62,2.58,2.59,2.53,2.6,2.59,2.59,2.62,2.56,2.62,2.53,2.6,2.56,2.58,2.61,2.55
2015-02-05 21:00:00,2.58,2.62,2.58,2.59,2.53,2.59,2.57,2.59,2.6,2.56,2.62,2.52,2.6,2.54,2.57,2.59,2.52
2015-02-05 22:00:00,2.57,2.61,2.57,2.6,2.52,2.58,2.56,2.59,2.62,2.56,2.62,2.51,2.6,2.55,2.57,2.58,2.48
2015-02-05 23:00:00,2.57,2.61,2.58,2.6,2.52,2.59,2.55,2.59,2.65,2.56,2.62,2.5,2.58,2.55,2.56,2.58,2.46
2015-02-06 00:00:00,2.57,2.61,2.57,2.6,2.52,2.57,2.55,2.59,2.64,2.56,2.61,2.5,2.58,2.57,2.54,2.58,2.48
2015-02-06 01:00:00,2.56,2.61,2.57,2.6,2.53,2.57,2.54,2.58,2.64,2.55,2.62,2.49,2.57,2.57,2.55,2.58,2.46
2015-02-06 02:00:00,2.56,2.6,2.56,2.6,2.54,2.56,2.53,2.58,2.62,2.55,2.61,2.48,2.55,2.57,2.55,2.57,2.46
2015-02-06 03:00:00,2.55,2.6,2.56,2.6,2.54,2.56,2.53,2.58,2.59,2.55,2.61,2.47,2.55,2.57,2.55,2.57,2.44
2015-02-06 04:00:00,2.55,2.59,2.56,2.6,2.54,2.56,2.53,2.58,2.58,2.54,2.6,2.47,2.54,2.58,2.54,2.57,2.43
2015-02-06 05:00:00,2.55,2.58,2.57,2.6,2.53,2.57,2.53,2.57,2.58,2.54,2.58,2.48,2.54,2.57,2.54,2.57,2.42
2015-02-06 06:00:00,2.55,2.57,2.56,2.6,2.53,2.57,2.53,2.56,2.58,2.55,2.59,2.49,2.54,2.58,2.53,2.57,2.43
2015-02-06 07:00:00,2.55,2.57,2.56,2.61,2.53,2.58,2.54,2.56,2.58,2.55,2.54,2.5,2.55,2.58,2.53,2.57,2.45
2015-02-06 08:00:00,2.56,2.56,2.56,2.61,2.54,2.58,2.54,2.57,2.6,2.55,2.57,2.52,2.56,2.59,2.55,2.58,2.47
2015-02-06 09:00:00,2.58,2.57,2.58,2.62,2.54,2.6,2.55,2.59,2.62,2.57,2.59,2.56,2.57,2.6,2.57,2.59,2.5
2015-02-06 10:00:00,2.59,2.57,2.61,2.63,2.55,2.61,2.56,2.61,2.64,2.58,2.61,2.62,2.59,2.61,2.59,2.6,2.53
2015-02-06 11:00:00,2.61,2.58,2.66,2.64,2.56,2.61,2.57,2.63,2.66,2.57,2.63,2.66,2.6,2.61,2.61,2.61,2.55
2015-02-06 12:00:00,2.61,2.59,2.63,2.64,2.57,2.61,2.57,2.64,2.65,2.58,2.64,2.68,2.6,2.61,2.63,2.62,2.56
2015-02-06 13:00:00,2.62,2.6,2.66,2.63,2.57,2.62,2.57,2.64,2.65,2.58,2.65,2.7,2.6,2.61,2.64,2.62,2.57
2015-02-06 14:00:00,2.61,2.61,2.64,2.63,2.58,2.62,2.56,2.64,2.65,2.58,2.65,2.69,2.59,2.6,2.64,2.62,2.57
2015-02-06 15:00:00,2.6,2.6,2.63,2.62,2.57,2.6,2.56,2.62,2.64,2.58,2.63,2.68,2.58,2.59,2.64,2.6,2.57
2015-02-06 16:00:00,2.59,2.6,2.58,2.61,2.56,2.59,2.55,2.58,2.63,2.57,2.62,2.67,2.58,2.58,2.62,2.57,2.56
2015-02-06 17:00:00,2.57,2.6,2.52,2.59,2.55,2.57,2.55,2.55,2.63,2.57,2.6,2.68,2.58,2.58,2.62,2.55,2.56
2015-02-06 18:00:00,2.56,2.59,2.53,2.57,2.53,2.53,2.54,2.52,2.63,2.57,2.61,2.7,2.57,2.57,2.61,2.51,2.55
2015-02-06 19:00:00,2.56,2.59,2.52,2.55,2.5,2.52,2.54,2.51,2.62,2.56,2.61,2.73,2.57,2.57,2.61,2.49,2.55
2015-02-06 20:00:00,2.55,2.58,2.5,2.55,2.5,2.51,2.54,2.49,2.62,2.56,2.63,2.76,2.56,2.57,2.63,2.48,2.56
2015-02-06 21:00:00,2.55,2.57,2.49,2.53,2.49,2.48,2.53,2.5,2.62,2.56,2.64,2.78,2.56,2.56,2.64,2.47,2.56
2015-02-06 22:00:00,2.55,2.56,2.51,2.53,2.48,2.44,2.53,2.5,2.6,2.55,2.64,2.79,2.55,2.56,2.65,2.48,2.59
2015-02-06 23:00:00,2.55,2.54,2.53,2.54,2.47,2.43,2.53,2.52,2.6,2.55,2.64,2.8,2.55,2.53,2.66,2.47,2.6
2015-02-07 00:00:00,2.54,2.52,2.54,2.55,2.47,2.43,2.52,2.52,2.58,2.54,2.65,2.81,2.54,2.49,2.67,2.46,2.61
2015-02-07 01:00:00,2.54,2.5,2.55,2.55,2.47,2.42,2.52,2.53,2.57,2.54,2.65,2.82,2.52,2.44,2.68,2.48,2.63
2015-02-07 02:00:00,2.54,2.46,2.56,2.56,2.48,2.43,2.51,2.54,2.56,2.53,2.66,2.83,2.52,2.43,2.68,2.48,2.64
2015-02-07 03:00:00,2.54,2.45,2.57,2.56,2.49,2.43,2.5,2.55,2.55,2.53,2.67,2.83,2.51,2.43,2.69,2.49,2.65
2015-02-07 04:00:00,2.54,2.44,2.57,2.57,2.5,2.45,2.49,2.56,2.52,2.51,2.67,2.85,2.5,2.42,2.69,2.49,2.67
2015-02-07 05:00:00,2.54,2.43,2.58,2.56,2.51,2.46,2.48,2.56,2.48,2.49,2.67,2.85,2.49,2.42,2.7,2.5,2.69
2015-02-07 06:00:00,2.54,2.44,2.59,2.56,2.51,2.46,2.46,2.57,2.47,2.48,2.67,2.87,2.46,2.45,2.7,2.52,2.71
2015-02-07 07:00:00,2.55,2.43,2.6,2.57,2.52,2.47,2.45,2.58,2.48,2.48,2.68,2.88,2.46,2.42,2.71,2.53,2.74
2015-02-07 08:00:00,2.57,2.47,2.61,2.59,2.53,2.51,2.49,2.59,2.53,2.52,2.69,2.89,2.51,2.49,2.71,2.55,2.77
2015-02-07 09:00:00,2.61,2.53,2.63,2.6,2.55,2.54,2.56,2.61,2.57,2.53,2.68,2.89,2.56,2.55,2.72,2.58,2.79
2015-02-07 10:00:00,2.64,2.59,2.66,2.63,2.58,2.58,2.6,2.64,2.62,2.55,2.68,2.9,2.59,2.6,2.73,2.61,2.82
2015-02-07 11:00:00,2.66,2.65,2.69,2.64,2.61,2.62,2.63,2.66,2.68,2.58,2.67,2.9,2.61,2.61,2.74,2.64,2.84
2015-02-07 12:00:00,2.69,2.7,2.7,2.66,2.65,2.65,2.66,2.69,2.73,2.61,2.68,2.92,2.63,2.63,2.74,2.67,2.86
2015-02-07 13:00:00,2.71,2.73,2.72,2.68,2.69,2.66,2.67,2.71,2.75,2.63,2.69,2.94,2.65,2.64,2.74,2.68,2.88
2015-02-07 14:00:00,2.72,2.74,2.75,2.69,2.72,2.66,2.67,2.71,2.77,2.63,2.69,2.95,2.65,2.65,2.75,2.7,2.92
2015-02-07 15:00:00,2.72,2.72,2.76,2.7,2.74,2.66,2.66,2.72,2.77,2.62,2.7,2.97,2.65,2.64,2.76,2.71,2.95
2015-02-07 16:00:00,2.71,2.71,2.75,2.7,2.75,2.67,2.62,2.72,2.74,2.58,2.7,2.99,2.62,2.63,2.77,2.73,2.96
2015-02-07 17:00:00,2.71,2.72,2.76,2.7,2.77,2.68,2.59,2.72,2.72,2.56,2.7,3.0,2.61,2.61,2.79,2.74,2.98
2015-02-07 18:00:00,2.72,2.73,2.78,2.7,2.79,2.68,2.59,2.73,2.74,2.56,2.71,3.01,2.64,2.6,2.8,2.75,2.99
2015-02-07 19:00:00,2.73,2.74,2.79,2.7,2.82,2.68,2.6,2.73,2.77,2.57,2.72,3.01,2.64,2.63,2.81,2.77,2.99
2015-02-07 20:00:00,2.73,2.76,2.82,2.69,2.85,2.69,2.6,2.75,2.78,2.6,2.72,2.94,2.62,2.65,2.82,2.79,2.99
2015-02-07 21:00:00,2.74,2.77,2.83,2.7,2.87,2.71,2.61,2.76,2.77,2.62,2.73,2.92,2.64,2.66,2.81,2.8,3.0
2015-02-07 22:00:00,2.75,2.79,2.82,2.71,2.89,2.72,2.61,2.77,2.77,2.63,2.73,2.94,2.65,2.67,2.77,2.82,2.97
2015-02-07 23:00:00,2.76,2.8,2.83,2.71,2.89,2.74,2.66,2.77,2.76,2.63,2.74,2.94,2.67,2.67,2.76,2.82,2.97
2015-02-08 00:00:00,2.76,2.81,2.79,2.72,2.88,2.75,2.65,2.77,2.79,2.63,2.73,2.92,2.68,2.68,2.76,2.8,2.93
2015-02-08 01:00:00,2.76,2.81,2.76,2.73,2.88,2.74,2.66,2.78,2.8,2.63,2.72,2.91,2.69,2.68,2.75,2.8,2.92
2015-02-08 02:00:00,2.75,2.8,2.74,2.75,2.86,2.73,2.65,2.75,2.81,2.63,2.71,2.89,2.69,2.68,2.72,2.78,2.94
2015-02-08 03:00:00,2.74,2.79,2.74,2.75,2.84,2.73,2.65,2.73,2.81,2.62,2.67,2.87,2.69,2.69,2.7,2.75,2.93
2015-02-08 04:00:00,2.73,2.76,2.74,2.73,2.83,2.71,2.65,2.72,2.79,2.62,2.66,2.85,2.69,2.7,2.68,2.74,2.91
2015-02-08 05:00:00,2.71,2.74,2.73,2.71,2.81,2.69,2.64,2.7,2.77,2.61,2.63,2.84,2.68,2.68,2.67,2.71,2.9
2015-02-08 06:00:00,2.7,2.71,2.7,2.69,2.79,2.68,2.64,2.69,2.74,2.62,2.62,2.82,2.66,2.67,2.66,2.7,2.89
2015-02-08 07:00:00,2.69,2.7,2.68,2.69,2.78,2.67,2.64,2.68,2.74,2.61,2.6,2.8,2.65,2.67,2.66,2.67,2.88
2015-02-08 08:00:00,2.69,2.7,2.71,2.7,2.78,2.66,2.65,2.7,2.73,2.61,2.62,2.8,2.64,2.68,2.66,2.68,2.88
2015-02-08 09:00:00,2.69,2.71,2.73,2.72,2.8,2.65,2.63,2.7,2.71,2.62,2.63,2.82,2.63,2.68,2.67,2.69,2.88
2015-02-08 10:00:00,2.69,2.7,2.75,2.71,2.81,2.65,2.63,2.7,2.72,2.63,2.64,2.82,2.62,2.67,2.67,2.7,2.88
2015-02-08 11:00:00,2.7,2.71,2.78,2.72,2.81,2.65,2.6,2.71,2.72,2.63,2.66,2.81,2.63,2.67,2.67,2.71,2.88
2015-02-08 12:00:00,2.7,2.72,2.75,2.71,2.8,2.65,2.61,2.69,2.73,2.65,2.66,2.8,2.64,2.67,2.67,2.71,2.87
2015-02-08 13:00:00,2.69,2.69,2.73,2.72,2.79,2.64,2.6,2.7,2.71,2.63,2.66,2.82,2.63,2.66,2.67,2.71,2.88
2015-02-08 14:00:00,2.68,2.68,2.75,2.7,2.8,2.63,2.59,2.66,2.68,2.63,2.65,2.8,2.61,2.66,2.66,2.69,2.89
2015-02-08 15:00:00,2.66,2.65,2.71,2.67,2.78,2.63,2.58,2.64,2.7,2.61,2.63,2.78,2.6,2.64,2.63,2.67,2.89
2015-02-08 16:00:00,2.63,2.63,2.68,2.64,2.76,2.58,2.56,2.62,2.67,2.59,2.61,2.78,2.57,2.61,2.61,2.63,2.89
2015-02-08 17:00:00,2.62,2.62,2.64,2.62,2.74,2.56,2.55,2.6,2.6,2.58,2.59,2.77,2.56,2.58,2.61,2.61,2.89
2015-02-08 18:00:00,2.61,2.62,2.61,2.61,2.73,2.55,2.54,2.59,2.61,2.56,2.57,2.8,2.53,2.58,2.61,2.61,2.89
2015-02-08 19:00:00,2.6,2.62,2.59,2.61,2.73,2.52,2.53,2.58,2.59,2.55,2.55,2.82,2.53,2.57,2.6,2.59,2.88
2015-02-08 20:00:00,2.59,2.63,2.58,2.61,2.73,2.51,2.53,2.56,2.56,2.55,2.52,2.83,2.52,2.56,2.6,2.57,2.87
2015-02-08 21:00:00,2.58,2.63,2.59,2.6,2.73,2.47,2.52,2.55,2.58,2.54,2.51,2.83,2.5,2.52,2.6,2.57,2.87
2015-02-08 22:00:00,2.58,2.63,2.59,2.57,2.73,2.45,2.5,2.54,2.6,2.53,2.52,2.84,2.5,2.5,2.6,2.59,2.87
2015-02-08 23:00:00,2.57,2.64,2.57,2.56,2.75,2.44,2.48,2.53,2.6,2.53,2.54,2.85,2.49,2.5,2.61,2.6,2.88
2015-02-09 00:00:00,2.57,2.63,2.59,2.55,2.75,2.45,2.46,2.53,2.61,2.52,2.55,2.84,2.49,2.49,2.61,2.62,2.9
2015-02-09 01:00:00,2.58,2.64,2.59,2.55,2.76,2.48,2.45,2.52,2.62,2.49,2.55,2.85,2.5,2.46,2.59,2.64,2.9
2015-02-09 02:00:00,2.58,2.65,2.59,2.53,2.77,2.49,2.45,2.53,2.63,2.47,2.53,2.88,2.5,2.45,2.6,2.65,2.92
2015-02-09 03:00:00,2.59,2.67,2.61,2.52,2.78,2.52,2.45,2.53,2.64,2.46,2.54,2.9,2.52,2.47,2.6,2.66,2.95
2015-02-09 04:00:00,2.6,2.68,2.65,2.51,2.81,2.54,2.47,2.55,2.65,2.45,2.53,2.93,2.54,2.47,2.62,2.67,2.99
2015-02-09 05:00:00,2.61,2.69,2.66,2.51,2.84,2.56,2.47,2.56,2.65,2.45,2.52,2.93,2.53,2.49,2.63,2.69,3.0
2015-02-09 06:00:00,2.62,2.7,2.69,2.51,2.88,2.57,2.48,2.56,2.66,2.45,2.52,2.95,2.54,2.51,2.64,2.71,3.03
2015-02-09 07:00:00,2.64,2.73,2.71,2.51,2.92,2.57,2.49,2.58,2.64,2.46,2.53,2.98,2.56,2.52,2.66,2.74,3.04
2015-02-09 08:00:00,2.66,2.76,2.76,2.53,2.95,2.59,2.52,2.61,2.67,2.49,2.55,3.0,2.58,2.53,2.69,2.78,3.05
2015-02-09 09:00:00,2.69,2.78,2.81,2.56,2.97,2.61,2.55,2.64,2.71,2.52,2.56,3.03,2.58,2.56,2.74,2.82,3.06
2015-02-09 10:00:00,2.72,2.81,2.86,2.59,2.99,2.65,2.58,2.67,2.75,2.54,2.57,3.06,2.6,2.59,2.78,2.86,3.09
2015-02-09 11:00:00,2.75,2.84,2.9,2.61,3.01,2.7,2.59,2.7,2.79,2.56,2.59,3.08,2.63,2.61,2.82,2.89,3.1
2015-02-09 12:00:00,2.77,2.89,2.93,2.63,3.03,2.74,2.6,2.73,2.8,2.58,2.61,3.09,2.67,2.63,2.84,2.91,3.12
2015-02-09 13:00:00,2.79,2.92,2.95,2.63,3.04,2.77,2.6,2.75,2.82,2.59,2.62,3.1,2.71,2.64,2.86,2.92,3.13
2015-02-09 14:00:00,2.81,2.93,2.96,2.63,3.05,2.79,2.62,2.78,2.86,2.59,2.63,3.09,2.72,2.66,2.87,2.94,3.13
2015-02-09 15:00:00,2.82,2.95,2.97,2.63,3.06,2.81,2.63,2.79,2.88,2.59,2.64,3.06,2.74,2.68,2.87,2.95,3.12
2015-02-09 16:00:00,2.82,2.95,2.96,2.64,3.07,2.82,2.64,2.8,2.88,2.6,2.65,3.03,2.76,2.7,2.88,2.95,3.1
2015-02-09 17:00:00,2.83,2.96,2.95,2.65,3.07,2.84,2.66,2.82,2.89,2.6,2.65,3.02,2.77,2.73,2.88,2.96,3.08
2015-02-09 18:00:00,2.84,2.97,2.94,2.66,3.08,2.85,2.69,2.83,2.9,2.61,2.65,3.01,2.79,2.76,2.88,2.97,3.06
2015-02-09 19:00:00,2.84,2.98,2.92,2.67,3.08,2.85,2.71,2.84,2.9,2.63,2.67,2.98,2.8,2.77,2.88,2.98,3.05
2015-02-09 20:00:00,2.85,2.99,2.89,2.68,3.08,2.86,2.72,2.84,2.91,2.66,2.67,2.94,2.81,2.78,2.87,2.98,3.03
2015-02-09 21:00:00,2.85,3.0,2.89,2.69,3.08,2.86,2.74,2.85,2.92,2.68,2.67,2.92,2.81,2.8,2.87,2.99,3.01
2015-02-09 22:00:00,2.86,3.0,2.89,2.68,3.09,2.87,2.77,2.85,2.93,2.69,2.66,2.93,2.82,2.8,2.88,2.99,2.99
2015-02-09 23:00:00,2.86,3.01,2.91,2.69,3.08,2.87,2.77,2.85,2.94,2.7,2.66,2.93,2.83,2.81,2.88,2.99,2.99
2015-02-10 00:00:00,2.87,3.02,2.92,2.69,3.07,2.87,2.77,2.85,2.94,2.72,2.68,2.93,2.84,2.81,2.87,2.99,2.98
2015-02-10 01:00:00,2.87,3.02,2.93,2.69,3.06,2.87,2.78,2.85,2.95,2.73,2.69,2.93,2.85,2.82,2.87,2.99,2.97
2015-02-10 02:00:00,2.87,3.03,2.93,2.7,3.07,2.87,2.78,2.85,2.96,2.74,2.7,2.92,2.85,2.81,2.86,2.99,2.96
2015-02-10 03:00:00,2.87,3.03,2.93,2.7,3.07,2.87,2.78,2.85,2.95,2.74,2.71,2.93,2.86,2.81,2.86,2.99,2.98
2015-02-10 04:00:00,2.87,3.04,2.94,2.7,3.08,2.87,2.79,2.84,2.95,2.74,2.72,2.93,2.86,2.82,2.86,2.98,2.99
2015-02-10 05:00:00,2.87,3.03,2.94,2.69,3.08,2.87,2.79,2.84,2.95,2.74,2.72,2.92,2.86,2.82,2.86,2.98,3.01
2015-02-10 06:00:00,2.87,3.03,2.94,2.69,3.07,2.87,2.79,2.84,2.96,2.74,2.73,2.92,2.86,2.82,2.86,2.97,3.01
2015-02-10 07:00:00,2.88,3.04,2.93,2.71,3.08,2.87,2.79,2.85,2.97,2.74,2.74,2.92,2.86,2.83,2.86,2.98,3.01
2015-02-10 08:00:00,2.89,3.05,2.93,2.75,3.09,2.87,2.8,2.86,2.99,2.76,2.77,2.94,2.86,2.83,2.88,2.99,3.03
2015-02-10 09:00:00,2.91,3.07,2.95,2.78,3.1,2.88,2.82,2.87,3.0,2.77,2.79,2.98,2.87,2.84,2.89,3.0,3.03
2015-02-10 10:00:00,2.92,3.09,2.97,2.78,3.11,2.89,2.82,2.88,3.0,2.78,2.81,3.0,2.88,2.86,2.91,3.02,3.04
2015-02-10 11:00:00,2.93,3.1,2.99,2.8,3.11,2.9,2.83,2.88,3.03,2.79,2.82,3.02,2.89,2.86,2.94,3.03,3.05
2015-02-10 12:00:00,2.94,3.1,3.01,2.81,3.11,2.9,2.84,2.88,3.04,2.8,2.83,3.02,2.89,2.88,2.96,3.05,3.06
2015-02-10 13:00:00,2.94,3.11,3.03,2.81,3.11,2.9,2.84,2.88,3.05,2.8,2.84,3.03,2.89,2.88,2.97,3.06,3.08
2015-02-10 14:00:00,2.94,3.11,3.02,2.81,3.11,2.9,2.84,2.88,3.06,2.79,2.84,3.02,2.89,2.88,2.97,3.05,3.08
2015-02-10 15:00:00,2.93,3.08,3.01,2.8,3.11,2.9,2.84,2.87,3.05,2.78,2.83,3.0,2.89,2.87,2.94,3.04,3.08
2015-02-10 16:00:00,2.92,3.06,2.99,2.79,3.1,2.9,2.83,2.87,3.03,2.77,2.83,2.98,2.88,2.86,2.9,3.03,3.09
2015-02-10 17:00:00,2.92,3.05,2.98,2.79,3.1,2.9,2.83,2.87,3.02,2.77,2.82,2.98,2.89,2.85,2.87,3.03,3.1
2015-02-10 18:00:00,2.91,3.04,2.97,2.79,3.1,2.9,2.83,2.87,3.01,2.77,2.81,2.98,2.89,2.85,2.86,3.03,3.1
2015-02-10 19:00:00,2.91,3.03,2.96,2.8,3.1,2.9,2.83,2.86,3.01,2.77,2.8,2.99,2.89,2.85,2.86,3.03,3.08
2015-02-10 20:00:00,2.91,3.02,2.95,2.8,3.1,2.9,2.83,2.86,3.01,2.78,2.81,2.98,2.89,2.85,2.87,3.02,3.06
2015-02-10 21:00:00,2.91,3.02,2.95,2.8,3.1,2.89,2.84,2.85,3.0,2.77,2.81,2.98,2.88,2.86,2.87,3.02,3.05
2015-02-10 22:00:00,2.9,3.0,2.94,2.79,3.1,2.9,2.84,2.85,3.0,2.78,2.8,2.98,2.88,2.85,2.87,3.02,3.04
2015-02-10 23:00:00,2.9,3.0,2.95,2.8,3.11,2.9,2.84,2.86,2.99,2.78,2.79,2.96,2.88,2.85,2.87,3.02,3.01
2015-03-20 00:00:00,2.79,2.79,2.68,2.78,2.96,2.79,2.75,2.76,2.77,2.73,2.67,2.85,2.85,2.79,2.94,2.83,2.84
2015-03-20 01:00:00,2.78,2.75,2.66,2.78,2.94,2.77,2.73,2.75,2.77,2.73,2.65,2.82,2.83,2.77,2.93,2.8,2.81
2015-03-20 02:00:00,2.76,2.72,2.64,2.79,2.92,2.76,2.71,2.74,2.76,2.71,2.65,2.81,2.82,2.74,2.9,2.78,2.81
2015-03-20 03:00:00,2.75,2.72,2.62,2.74,2.9,2.75,2.7,2.73,2.72,2.72,2.64,2.81,2.8,2.74,2.9,2.77,2.83
2015-03-20 04:00:00,2.74,2.71,2.62,2.73,2.9,2.74,2.69,2.72,2.71,2.71,2.62,2.8,2.78,2.71,2.88,2.75,2.82
2015-03-20 05:00:00,2.73,2.71,2.6,2.75,2.89,2.73,2.68,2.73,2.72,2.71,2.64,2.8,2.77,2.69,2.87,2.74,2.8
2015-03-20 06:00:00,2.79,2.74,2.68,2.83,2.88,2.78,2.74,2.83,2.75,2.73,2.76,2.85,2.83,2.78,2.94,2.78,2.85
2015-03-20 07:00:00,2.93,2.85,2.93,2.98,3.03,2.93,2.85,2.97,2.88,2.85,2.93,2.94,2.95,2.91,3.1,2.94,2.98
2015-03-20 08:00:00,3.08,3.02,3.1,3.11,3.16,3.08,2.98,3.13,3.03,3.0,3.08,3.06,3.07,3.08,3.24,3.13,3.11
2015-03-20 09:00:00,3.19,3.16,3.23,3.19,3.31,3.19,3.08,3.23,3.15,3.11,3.2,3.18,3.15,3.16,3.32,3.26,3.24
2015-03-20 10:00:00,3.19,3.17,3.27,3.19,3.29,3.19,3.08,3.24,3.18,3.12,3.22,3.2,3.15,3.15,3.31,3.25,3.24
2015-03-20 11:00:00,3.27,3.27,3.34,3.24,3.4,3.25,3.14,3.3,3.24,3.18,3.28,3.27,3.22,3.21,3.37,3.34,3.36
2015-03-20 12:00:00,3.33,3.34,3.41,3.28,3.45,3.29,3.2,3.35,3.31,3.23,3.35,3.34,3.3,3.26,3.42,3.38,3.43
2015-03-20 13:00:00,3.36,3.38,3.41,3.3,3.49,3.34,3.23,3.38,3.36,3.25,3.36,3.37,3.34,3.29,3.44,3.43,3.45
2015-03-20 14:00:00,3.38,3.41,3.45,3.31,3.52,3.37,3.25,3.4,3.38,3.29,3.38,3.37,3.37,3.3,3.45,3.45,3.4
2015-03-20 15:00:00,3.38,3.42,3.46,3.31,3.52,3.38,3.27,3.4,3.41,3.28,3.38,3.37,3.38,3.3,3.45,3.45,3.42
2015-03-20 16:00:00,3.36,3.39,3.45,3.26,3.49,3.36,3.23,3.37,3.41,3.25,3.34,3.34,3.37,3.27,3.42,3.43,3.41
2015-03-20 17:00:00,3.28,3.3,3.38,3.18,3.44,3.28,3.12,3.29,3.35,3.19,3.27,3.3,3.29,3.18,3.38,3.35,3.34
2015-03-20 18:00:00,3.2,3.17,3.34,3.08,3.36,3.22,3.02,3.24,3.25,3.09,3.19,3.27,3.21,3.09,3.34,3.27,3.28
2015-03-20 19:00:00,3.15,3.06,3.3,3.04,3.33,3.15,2.96,3.2,3.12,3.01,3.22,3.26,3.16,3.04,3.32,3.21,3.22
2015-03-20 20:00:00,3.12,3.02,3.28,2.99,3.32,3.13,2.9,3.19,3.11,2.95,3.22,3.25,3.15,2.98,3.31,3.17,3.21
2015-03-20 21:00:00,3.1,2.95,3.3,2.98,3.28,3.1,2.86,3.18,3.17,2.92,3.21,3.23,3.14,2.94,3.29,3.15,3.19
2015-03-20 22:00:00,3.09,2.94,3.27,2.96,3.27,3.08,2.84,3.16,3.16,2.9,3.2,3.22,3.15,2.92,3.27,3.14,3.17
2015-03-20 23:00:00,3.08,2.94,3.26,2.96,3.25,3.05,2.82,3.15,3.16,2.92,3.2,3.23,3.15,2.89,3.26,3.13,3.12
2015-03-21 00:00:00,3.06,2.94,3.23,2.96,3.19,3.04,2.82,3.15,3.14,2.89,3.18,3.21,3.15,2.89,3.26,3.1,3.08
2015-03-21 01:00:00,3.07,2.94,3.21,3.0,3.13,3.04,2.83,3.17,3.1,2.89,3.17,3.19,3.16,2.89,3.24,3.1,3.08
2015-03-21 02:00:00,3.06,2.91,3.21,3.0,3.09,3.04,2.82,3.16,3.12,2.9,3.16,3.17,3.17,2.88,3.22,3.08,3.04
2015-03-21 03:00:00,3.05,2.89,3.23,2.99,3.08,3.06,2.82,3.14,3.13,2.91,3.14,3.14,3.17,2.86,3.18,3.04,3.07
2015-03-21 04:00:00,3.03,2.86,3.14,2.97,3.03,3.05,2.81,3.13,3.15,2.9,3.12,3.12,3.15,2.88,3.16,3.01,3.05
2015-03-21 05:00:00,3.02,2.85,3.04,2.98,3.0,3.02,2.8,3.13,3.13,2.93,3.1,3.1,3.15,2.89,3.13,2.99,3.04
2015-03-21 06:00:00,3.05,2.85,3.09,3.07,2.98,3.05,2.87,3.16,3.13,2.99,3.1,3.1,3.2,2.94,3.12,3.0,3.05
2015-03-21 07:00:00,3.15,3.0,3.22,3.15,3.05,3.19,3.03,3.25,3.32,3.09,3.15,3.11,3.32,3.05,3.16,3.11,3.05
2015-03-21 08:00:00,3.27,3.22,3.32,3.27,3.1,3.3,3.2,3.36,3.43,3.25,3.19,3.13,3.44,3.22,3.21,3.26,3.06
2015-03-21 09:00:00,3.36,3.42,3.42,3.37,3.17,3.42,3.34,3.45,3.58,3.34,3.22,3.14,3.54,3.35,3.21,3.38,3.07
2015-03-21 10:00:00,3.43,3.51,3.52,3.44,3.22,3.49,3.43,3.53,3.71,3.41,3.27,3.14,3.63,3.44,3.22,3.45,3.08
2015-03-21 11:00:00,3.48,3.58,3.56,3.47,3.26,3.55,3.5,3.57,3.79,3.48,3.29,3.13,3.71,3.53,3.22,3.5,3.08
2015-03-21 12:00:00,3.5,3.62,3.54,3.51,3.27,3.61,3.55,3.61,3.83,3.53,3.29,3.11,3.73,3.57,3.2,3.5,3.07
2015-03-21 13:00:00,3.51,3.64,3.54,3.54,3.26,3.64,3.57,3.61,3.85,3.56,3.28,3.07,3.77,3.61,3.17,3.5,3.07
2015-03-21 14:00:00,3.5,3.64,3.49,3.56,3.24,3.65,3.6,3.6,3.89,3.59,3.26,3.01,3.78,3.62,3.13,3.48,3.05
2015-03-21 15:00:00,3.48,3.63,3.44,3.54,3.2,3.63,3.62,3.57,3.87,3.6,3.24,2.96,3.75,3.63,3.08,3.43,3.01
2015-03-21 16:00:00,3.42,3.57,3.37,3.48,3.16,3.58,3.58,3.51,3.82,3.57,3.18,2.94,3.68,3.59,3.01,3.37,2.99
2015-03-21 17:00:00,3.34,3.5,3.23,3.37,3.11,3.47,3.43,3.41,3.71,3.5,3.11,2.9,3.6,3.48,2.95,3.3,2.97
2015-03-21 18:00:00,3.26,3.45,3.07,3.26,3.07,3.35,3.34,3.3,3.56,3.46,3.04,2.89,3.53,3.36,2.91,3.24,2.93
2015-03-21 19:00:00,3.2,3.42,3.01,3.15,3.04,3.27,3.27,3.22,3.46,3.45,2.98,2.87,3.47,3.3,2.84,3.19,2.92
2015-03-21 20:00:00,3.16,3.38,2.97,3.1,3.01,3.26,3.22,3.14,3.42,3.43,2.94,2.86,3.41,3.21,2.79,3.13,2.92
2015-03-21 21:00:00,3.12,3.32,2.94,3.07,2.97,3.24,3.17,3.1,3.48,3.42,2.9,2.84,3.4,3.17,2.76,3.08,2.89
2015-03-21 22:00:00,3.09,3.27,2.91,3.08,2.94,3.17,3.14,3.06,3.43,3.37,2.84,2.83,3.38,3.12,2.72,3.03,2.87
2015-03-21 23:00:00,3.05,3.22,2.87,3.05,2.88,3.18,3.11,3.01,3.38,3.35,2.77,2.81,3.34,3.1,2.69,2.96,2.86
2015-03-22 00:00:00,3.01,3.17,2.86,3.01,2.85,3.13,3.06,2.97,3.33,3.32,2.73,2.8,3.29,3.1,2.66,2.92,2.85
2015-03-22 01:00:00,2.97,3.09,2.82,2.97,2.82,3.04,3.06,2.9,3.28,3.25,2.69,2.79,3.23,3.11,2.62,2.88,2.84
2015-03-22 02:00:00,2.94,3.04,2.74,2.96,2.79,2.97,3.06,2.87,3.24,3.23,2.64,2.78,3.18,3.09,2.59,2.85,2.84
2015-03-22 03:00:00,2.9,2.98,2.71,2.95,2.77,2.91,3.04,2.81,3.16,3.19,2.6,2.77,3.12,3.06,2.56,2.82,2.82
2015-03-22 04:00:00,2.86,2.93,2.68,2.89,2.74,2.86,3.02,2.77,3.06,3.14,2.57,2.77,3.08,3.03,2.54,2.79,2.83
2015-03-22 05:00:00,2.83,2.9,2.65,2.86,2.71,2.83,2.98,2.73,2.99,3.1,2.55,2.76,3.04,2.94,2.52,2.75,2.81
2015-03-22 06:00:00,2.81,2.88,2.67,2.81,2.71,2.8,2.98,2.7,2.97,3.08,2.55,2.77,2.98,2.86,2.55,2.73,2.82
2015-03-22 07:00:00,2.81,2.85,2.7,2.78,2.74,2.78,2.95,2.7,2.95,3.06,2.57,2.8,2.94,2.83,2.59,2.75,2.85
2015-03-22 08:00:00,2.81,2.82,2.72,2.77,2.78,2.8,2.9,2.71,2.93,3.0,2.59,2.82,2.91,2.81,2.63,2.78,2.88
2015-03-22 09:00:00,2.81,2.8,2.75,2.77,2.81,2.81,2.87,2.74,2.93,2.94,2.61,2.84,2.88,2.81,2.65,2.81,2.91
2015-03-22 10:00:00,2.82,2.81,2.78,2.78,2.84,2.83,2.86,2.77,2.93,2.91,2.63,2.86,2.89,2.82,2.67,2.84,2.92
2015-03-22 11:00:00,2.83,2.82,2.8,2.79,2.86,2.86,2.85,2.79,2.93,2.87,2.66,2.88,2.87,2.82,2.69,2.87,2.93
2015-03-22 12:00:00,2.84,2.84,2.82,2.82,2.89,2.86,2.83,2.82,2.89,2.86,2.68,2.88,2.87,2.84,2.7,2.88,2.93
2015-03-22 13:00:00,2.85,2.85,2.83,2.81,2.9,2.87,2.82,2.83,2.87,2.84,2.69,2.9,2.86,2.84,2.71,2.89,2.94
2015-03-22 14:00:00,2.84,2.87,2.83,2.81,2.93,2.87,2.8,2.82,2.9,2.83,2.68,2.89,2.86,2.85,2.72,2.9,2.95
2015-03-22 15:00:00,2.83,2.87,2.83,2.79,2.92,2.85,2.78,2.81,2.9,2.81,2.68,2.88,2.85,2.84,2.71,2.9,2.94
2015-03-22 16:00:00,2.81,2.85,2.81,2.75,2.91,2.83,2.77,2.78,2.92,2.79,2.65,2.85,2.83,2.81,2.69,2.87,2.92
2015-03-22 17:00:00,2.77,2.81,2.75,2.68,2.87,2.77,2.75,2.73,2.85,2.76,2.62,2.82,2.79,2.76,2.66,2.82,2.9
2015-03-22 18:00:00,2.72,2.74,2.65,2.63,2.82,2.72,2.7,2.67,2.77,2.72,2.6,2.78,2.75,2.7,2.63,2.76,2.88
2015-03-22 19:00:00,2.68,2.68,2.63,2.61,2.78,2.66,2.67,2.64,2.7,2.7,2.57,2.76,2.71,2.65,2.61,2.72,2.86
2015-03-22 20:00:00,2.66,2.65,2.63,2.59,2.77,2.64,2.66,2.61,2.65,2.69,2.54,2.76,2.67,2.63,2.6,2.73,2.84
2015-03-22 21:00:00,2.64,2.62,2.6,2.56,2.77,2.61,2.62,2.59,2.63,2.67,2.51,2.76,2.66,2.6,2.6,2.72,2.83
2015-03-22 22:00:00,2.63,2.6,2.59,2.54,2.76,2.59,2.59,2.57,2.63,2.65,2.51,2.77,2.64,2.58,2.6,2.72,2.83
2015-03-22 23:00:00,2.62,2.58,2.57,2.51,2.74,2.57,2.58,2.57,2.63,2.64,2.49,2.78,2.64,2.56,2.6,2.71,2.86
2015-03-23 00:00:00,2.62,2.57,2.58,2.5,2.76,2.57,2.57,2.56,2.61,2.63,2.48,2.79,2.63,2.54,2.61,2.71,2.87
2015-03-23 01:00:00,2.61,2.56,2.62,2.49,2.77,2.57,2.56,2.53,2.62,2.62,2.49,2.81,2.62,2.54,2.62,2.71,2.85
2015-03-23 02:00:00,2.61,2.59,2.61,2.49,2.78,2.58,2.56,2.53,2.65,2.61,2.49,2.81,2.62,2.53,2.63,2.72,2.85
2015-03-23 03:00:00,2.62,2.61,2.66,2.47,2.77,2.59,2.57,2.52,2.64,2.61,2.49,2.84,2.62,2.53,2.63,2.73,2.87
2015-03-23 04:00:00,2.63,2.62,2.73,2.48,2.76,2.59,2.57,2.51,2.64,2.59,2.49,2.86,2.62,2.52,2.63,2.73,2.9
2015-03-23 05:00:00,2.64,2.64,2.75,2.5,2.75,2.59,2.57,2.53,2.65,2.6,2.53,2.87,2.64,2.52,2.65,2.72,2.9
2015-03-23 06:00:00,2.71,2.68,2.79,2.61,2.78,2.68,2.63,2.65,2.73,2.68,2.61,2.9,2.72,2.64,2.71,2.77,2.93
2015-03-23 07:00:00,2.8,2.75,2.85,2.72,2.87,2.78,2.72,2.76,2.83,2.78,2.68,2.95,2.79,2.72,2.78,2.85,2.99
2015-03-23 08:00:00,2.89,2.86,2.93,2.8,2.97,2.88,2.81,2.85,2.96,2.85,2.76,3.01,2.88,2.82,2.86,2.97,3.07
2015-03-23 09:00:00,2.96,2.95,3.01,2.85,3.08,2.94,2.9,2.92,3.02,2.93,2.84,3.08,2.97,2.89,2.92,3.06,3.16
2015-03-23 10:00:00,3.03,3.03,3.08,2.9,3.17,2.99,2.97,2.97,3.08,3.01,2.87,3.14,3.04,2.94,2.97,3.12,3.22
2015-03-23 11:00:00,3.09,3.11,3.16,2.95,3.24,3.07,3.05,3.03,3.16,3.09,2.91,3.21,3.11,3.01,3.05,3.17,3.26
2015-03-23 12:00:00,3.15,3.17,3.22,2.99,3.32,3.14,3.11,3.08,3.22,3.14,2.95,3.25,3.19,3.06,3.1,3.21,3.3
2015-03-23 13:00:00,3.19,3.23,3.26,3.03,3.37,3.18,3.16,3.11,3.25,3.19,2.99,3.25,3.23,3.09,3.13,3.25,3.35
2015-03-23 14:00:00,3.22,3.27,3.29,3.06,3.4,3.22,3.2,3.14,3.31,3.22,3.03,3.28,3.27,3.14,3.16,3.28,3.38
2015-03-23 15:00:00,3.23,3.28,3.29,3.07,3.42,3.24,3.21,3.15,3.32,3.24,3.02,3.29,3.3,3.14,3.16,3.29,3.39
2015-03-23 16:00:00,3.22,3.27,3.26,3.05,3.41,3.22,3.2,3.13,3.32,3.2,3.02,3.25,3.28,3.11,3.14,3.28,3.38
2015-03-23 17:00:00,3.15,3.19,3.2,2.97,3.36,3.15,3.1,3.06,3.26,3.11,2.97,3.2,3.24,3.04,3.09,3.22,3.33
2015-03-23 18:00:00,3.08,3.09,3.14,2.91,3.27,3.06,3.03,3.0,3.14,3.06,2.93,3.17,3.17,2.96,3.05,3.14,3.25
2015-03-23 19:00:00,3.03,3.01,3.1,2.87,3.22,3.0,2.96,2.96,3.01,3.03,2.88,3.14,3.12,2.9,3.03,3.07,3.24
2015-03-23 20:00:00,3.0,2.95,3.06,2.86,3.19,2.97,2.93,2.94,2.94,2.99,2.89,3.11,3.1,2.87,3.01,3.02,3.18
2015-03-23 21:00:00,2.97,2.95,3.01,2.83,3.15,2.96,2.9,2.91,2.9,2.97,2.88,3.08,3.08,2.85,3.0,2.97,3.09
2015-03-23 22:00:00,2.95,2.91,2.97,2.83,3.12,2.95,2.85,2.9,2.95,2.95,2.86,3.06,3.13,2.85,3.0,2.94,3.06
2015-03-23 23:00:00,2.95,2.9,3.03,2.83,3.08,2.96,2.85,2.9,3.08,2.97,2.82,3.06,3.11,2.83,2.99,2.92,3.03
2015-03-24 00:00:00,2.93,2.85,2.99,2.82,3.04,2.92,2.84,2.88,3.08,3.0,2.8,3.04,3.09,2.81,2.98,2.9,3.03
2015-03-24 01:00:00,2.93,2.87,2.88,2.83,3.06,2.92,2.83,2.88,3.08,3.02,2.8,3.03,3.11,2.82,2.97,2.89,3.04
2015-03-24 02:00:00,2.93,2.87,2.83,2.84,3.04,2.93,2.83,2.89,3.06,3.07,2.81,3.03,3.12,2.79,2.96,2.87,3.02
2015-03-24 03:00:00,2.93,2.88,2.86,2.85,3.03,2.94,2.83,2.87,3.08,3.1,2.79,3.02,3.1,2.78,2.95,2.86,3.06
2015-03-24 04:00:00,2.93,2.9,2.84,2.86,3.01,2.96,2.84,2.88,3.15,3.08,2.83,3.0,3.09,2.82,2.95,2.85,3.05
2015-03-24 05:00:00,2.93,2.95,2.82,2.88,3.01,2.95,2.84,2.89,2.98,3.1,2.84,2.97,3.11,2.8,2.94,2.85,3.03
2015-03-24 06:00:00,3.03,3.05,2.99,2.99,3.06,3.04,2.95,3.01,3.25,3.18,2.94,3.01,3.16,2.87,3.03,2.93,3.05
2015-03-24 07:00:00,3.2,3.2,3.14,3.17,3.18,3.24,3.14,3.18,3.42,3.34,3.09,3.11,3.38,3.09,3.13,3.12,3.13
2015-03-24 08:00:00,3.35,3.35,3.28,3.32,3.32,3.4,3.34,3.34,3.53,3.47,3.21,3.19,3.55,3.28,3.27,3.31,3.2
2015-03-24 09:00:00,3.47,3.5,3.42,3.47,3.47,3.56,3.49,3.48,3.61,3.57,3.31,3.26,3.66,3.46,3.39,3.45,3.26
2015-03-24 10:00:00,3.57,3.59,3.55,3.57,3.58,3.64,3.63,3.58,3.79,3.65,3.38,3.3,3.76,3.59,3.46,3.55,3.3
2015-03-24 11:00:00,3.64,3.66,3.62,3.65,3.66,3.73,3.72,3.68,3.87,3.73,3.44,3.3,3.83,3.65,3.5,3.62,3.35
2015-03-24 12:00:00,3.69,3.71,3.65,3.72,3.72,3.8,3.8,3.74,3.92,3.76,3.49,3.3,3.88,3.72,3.54,3.67,3.37
2015-03-24 13:00:00,3.73,3.74,3.68,3.77,3.75,3.84,3.84,3.79,3.96,3.81,3.52,3.28,3.93,3.75,3.58,3.71,3.36
2015-03-24 14:00:00,3.74,3.76,3.68,3.8,3.78,3.87,3.87,3.82,3.97,3.85,3.54,3.25,3.95,3.8,3.59,3.74,3.32
2015-03-24 15:00:00,3.74,3.75,3.68,3.79,3.8,3.87,3.87,3.83,3.96,3.84,3.54,3.23,3.93,3.82,3.57,3.74,3.31
2015-03-24 16:00:00,3.71,3.72,3.66,3.75,3.78,3.85,3.82,3.81,3.94,3.8,3.5,3.21,3.89,3.79,3.51,3.73,3.3
2015-03-24 17:00:00,3.63,3.66,3.59,3.63,3.73,3.77,3.77,3.7,3.85,3.75,3.36,3.17,3.81,3.7,3.41,3.64,3.26
2015-03-24 18:00:00,3.55,3.55,3.54,3.54,3.66,3.62,3.73,3.61,3.8,3.74,3.15,3.12,3.72,3.6,3.3,3.54,3.24
2015-03-24 19:00:00,3.5,3.46,3.38,3.51,3.62,3.6,3.71,3.58,3.75,3.71,3.09,3.09,3.72,3.52,3.23,3.45,3.24
2015-03-24 20:00:00,3.47,3.39,3.31,3.49,3.59,3.58,3.74,3.6,3.73,3.7,3.0,3.06,3.68,3.5,3.17,3.4,3.22
2015-03-24 21:00:00,3.44,3.3,3.21,3.48,3.57,3.57,3.71,3.59,3.7,3.69,2.98,3.02,3.63,3.5,3.19,3.37,3.22
2015-03-24 22:00:00,3.42,3.25,3.23,3.47,3.55,3.56,3.68,3.52,3.66,3.66,2.95,3.01,3.65,3.45,3.19,3.33,3.21
2015-03-24 23:00:00,3.4,3.25,3.15,3.47,3.53,3.54,3.63,3.5,3.61,3.71,2.97,3.0,3.61,3.46,3.2,3.31,3.22
2015-03-25 00:00:00,3.38,3.22,3.11,3.52,3.49,3.53,3.6,3.47,3.62,3.67,3.0,2.98,3.57,3.46,3.2,3.26,3.23
2015-03-25 01:00:00,3.36,3.22,3.04,3.54,3.43,3.49,3.54,3.47,3.55,3.63,3.06,2.98,3.5,3.48,3.18,3.25,3.19
2015-03-25 02:00:00,3.33,3.17,2.99,3.54,3.41,3.44,3.49,3.44,3.44,3.61,3.09,2.98,3.5,3.47,3.15,3.26,3.19
2015-03-25 03:00:00,3.3,3.14,2.95,3.51,3.37,3.4,3.46,3.4,3.42,3.58,3.08,2.99,3.46,3.39,3.12,3.22,3.19
2015-03-25 04:00:00,3.27,3.08,2.93,3.48,3.31,3.34,3.43,3.37,3.34,3.56,3.11,3.0,3.41,3.39,3.1,3.2,3.21
2015-03-25 05:00:00,3.25,3.08,2.95,3.47,3.29,3.29,3.36,3.33,3.26,3.56,3.05,3.02,3.4,3.38,3.07,3.19,3.19
2015-03-25 06:00:00,3.32,3.09,3.05,3.55,3.32,3.37,3.44,3.41,3.37,3.64,3.18,3.06,3.45,3.45,3.12,3.24,3.24
2015-03-25 07:00:00,3.48,3.3,3.21,3.73,3.47,3.59,3.62,3.59,3.6,3.74,3.34,3.11,3.66,3.66,3.25,3.4,3.3
2015-03-25 08:00:00,3.64,3.52,3.36,3.85,3.62,3.75,3.81,3.76,3.87,3.83,3.44,3.15,3.84,3.82,3.36,3.58,3.38
2015-03-25 09:00:00,3.76,3.7,3.53,3.96,3.73,3.9,3.93,3.88,3.94,3.9,3.57,3.21,3.96,3.93,3.47,3.75,3.47
2015-03-25 10:00:00,3.86,3.86,3.68,4.02,3.84,4.0,4.03,3.96,4.02,3.98,3.67,3.27,4.05,4.02,3.59,3.88,3.52
2015-03-25 11:00:00,3.92,3.95,3.8,4.08,3.93,4.06,4.06,4.01,4.09,4.02,3.72,3.3,4.09,4.06,3.65,3.97,3.6
2015-03-25 12:00:00,3.96,4.02,3.88,4.1,4.01,4.11,4.07,4.06,4.15,4.04,3.76,3.31,4.11,4.1,3.69,4.03,3.65
2015-03-25 13:00:00,3.98,4.07,3.9,4.13,4.06,4.12,4.08,4.08,4.16,4.08,3.78,3.33,4.14,4.12,3.7,4.08,3.67
2015-03-25 14:00:00,3.99,4.1,3.92,4.14,4.08,4.12,4.05,4.08,4.16,4.08,3.8,3.35,4.14,4.13,3.69,4.09,3.7
2015-03-25 15:00:00,3.98,4.09,3.93,4.1,4.08,4.12,4.01,4.07,4.16,4.05,3.77,3.33,4.1,4.09,3.68,4.09,3.7
2015-03-25 16:00:00,3.93,4.04,3.92,4.03,4.05,4.06,3.96,4.01,4.12,4.0,3.71,3.33,4.05,4.04,3.62,4.05,3.7
2015-03-25 17:00:00,3.84,3.95,3.84,3.91,3.97,3.99,3.88,3.87,4.03,3.92,3.53,3.28,3.98,3.96,3.53,3.97,3.67
2015-03-25 18:00:00,3.76,3.85,3.77,3.81,3.89,3.87,3.81,3.77,3.92,3.85,3.42,3.24,3.9,3.92,3.49,3.87,3.62
2015-03-25 19:00:00,3.72,3.79,3.72,3.73,3.87,3.85,3.74,3.71,3.92,3.79,3.36,3.22,3.9,3.83,3.47,3.85,3.64
2015-03-25 20:00:00,3.68,3.72,3.7,3.68,3.84,3.84,3.69,3.67,3.85,3.73,3.33,3.21,3.84,3.82,3.44,3.8,3.64
2015-03-25 21:00:00,3.66,3.69,3.66,3.64,3.81,3.8,3.68,3.63,3.82,3.69,3.3,3.22,3.79,3.77,3.43,3.77,3.74
2015-03-25 22:00:00,3.64,3.7,3.65,3.67,3.77,3.75,3.66,3.6,3.82,3.65,3.3,3.24,3.78,3.76,3.41,3.75,3.72
2015-03-25 23:00:00,3.63,3.71,3.63,3.62,3.74,3.73,3.63,3.59,3.75,3.62,3.32,3.26,3.76,3.7,3.39,3.71,3.71
2015-03-26 00:00:00,3.61,3.7,3.62,3.58,3.71,3.65,3.62,3.6,3.71,3.63,3.32,3.3,3.73,3.66,3.38,3.7,3.69
2015-03-26 01:00:00,3.6,3.72,3.6,3.57,3.69,3.69,3.64,3.59,3.73,3.61,3.26,3.31,3.68,3.64,3.37,3.67,3.68
2015-03-26 02:00:00,3.6,3.71,3.6,3.55,3.68,3.66,3.63,3.59,3.83,3.6,3.27,3.34,3.69,3.65,3.37,3.66,3.67
2015-03-26 03:00:00,3.6,3.71,3.56,3.54,3.7,3.65,3.68,3.59,3.74,3.63,3.27,3.33,3.69,3.68,3.37,3.67,3.67
2015-03-26 04:00:00,3.6,3.71,3.6,3.55,3.69,3.64,3.68,3.6,3.69,3.61,3.27,3.35,3.68,3.68,3.38,3.67,3.65
2015-03-26 05:00:00,3.6,3.69,3.61,3.56,3.65,3.63,3.7,3.62,3.7,3.62,3.28,3.38,3.66,3.66,3.39,3.65,3.64
2015-03-26 06:00:00,3.64,3.68,3.64,3.61,3.64,3.69,3.74,3.66,3.75,3.65,3.37,3.39,3.75,3.7,3.44,3.65,3.63
2015-03-26 07:00:00,3.7,3.69,3.71,3.67,3.65,3.79,3.84,3.72,3.78,3.76,3.49,3.46,3.8,3.78,3.51,3.67,3.64
2015-03-26 08:00:00,3.77,3.74,3.73,3.77,3.65,3.88,3.91,3.79,3.74,3.92,3.66,3.54,3.89,3.82,3.61,3.7,3.66
2015-03-26 09:00:00,3.83,3.79,3.8,3.84,3.67,3.86,3.96,3.86,3.8,4.01,3.79,3.59,3.95,3.95,3.73,3.75,3.71
2015-03-26 10:00:00,3.88,3.82,3.91,3.91,3.72,3.89,4.02,3.94,3.84,4.04,3.91,3.65,3.96,4.07,3.83,3.78,3.66
2015-03-26 11:00:00,3.92,3.87,3.93,4.01,3.7,3.93,4.01,4.02,3.86,4.07,3.95,3.65,4.0,4.12,3.89,3.8,3.63
2015-03-26 12:00:00,3.93,3.92,3.94,4.07,3.64,3.94,4.04,4.05,3.94,4.13,3.96,3.65,4.0,4.14,3.89,3.8,3.58
2015-03-26 13:00:00,3.93,3.94,3.83,4.12,3.59,3.93,4.06,4.06,3.95,4.13,3.96,3.62,3.98,4.12,3.88,3.82,3.55
2015-03-26 14:00:00,3.92,3.89,3.84,4.15,3.54,3.93,4.07,4.03,3.95,4.17,3.95,3.62,3.96,4.12,3.89,3.82,3.53
2015-03-26 15:00:00,3.9,3.85,3.85,4.12,3.48,3.92,4.06,3.99,3.94,4.14,3.94,3.62,3.98,4.09,3.87,3.82,3.44
2015-03-26 16:00:00,3.86,3.81,3.84,4.06,3.47,3.91,4.03,3.94,3.89,4.1,3.91,3.59,3.95,4.05,3.81,3.77,3.42
2015-03-26 17:00:00,3.81,3.74,3.83,3.97,3.45,3.87,3.95,3.88,3.84,3.99,3.85,3.57,3.92,3.96,3.76,3.71,3.33
2015-03-26 18:00:00,3.75,3.69,3.8,3.72,3.44,3.83,3.87,3.86,3.8,3.91,3.83,3.56,3.85,3.89,3.69,3.66,3.32
2015-03-26 19:00:00,3.72,3.65,3.79,3.84,3.43,3.79,3.8,3.84,3.77,3.85,3.75,3.56,3.81,3.86,3.67,3.62,3.3
2015-03-26 20:00:00,3.68,3.6,3.75,3.8,3.4,3.77,3.69,3.81,3.74,3.8,3.69,3.53,3.77,3.81,3.67,3.58,3.29
2015-03-26 21:00:00,3.65,3.56,3.71,3.77,3.39,3.73,3.65,3.79,3.73,3.73,3.65,3.49,3.73,3.74,3.68,3.53,3.27
2015-03-26 22:00:00,3.62,3.52,3.67,3.74,3.37,3.68,3.59,3.76,3.72,3.71,3.62,3.44,3.72,3.68,3.68,3.49,3.25
2015-03-26 23:00:00,3.59,3.49,3.62,3.7,3.35,3.67,3.56,3.72,3.72,3.64,3.62,3.41,3.73,3.65,3.66,3.46,3.24
2015-03-27 00:00:00,3.55,3.46,3.56,3.54,3.33,3.65,3.54,3.69,3.68,3.66,3.61,3.38,3.67,3.6,3.65,3.44,3.22
2015-03-27 01:00:00,3.54,3.44,3.54,3.62,3.32,3.64,3.53,3.62,3.62,3.64,3.59,3.36,3.74,3.6,3.63,3.43,3.21
2015-03-27 02:00:00,3.52,3.41,3.53,3.61,3.31,3.61,3.55,3.57,3.57,3.62,3.59,3.33,3.7,3.56,3.61,3.41,3.2
2015-03-27 03:00:00,3.5,3.39,3.5,3.58,3.31,3.58,3.53,3.55,3.53,3.58,3.58,3.29,3.66,3.55,3.61,3.4,3.19
2015-03-27 04:00:00,3.48,3.38,3.48,3.54,3.31,3.55,3.5,3.56,3.5,3.57,3.58,3.28,3.62,3.53,3.58,3.38,3.2
2015-03-27 05:00:00,3.47,3.36,3.47,3.56,3.31,3.52,3.49,3.56,3.46,3.58,3.58,3.26,3.59,3.52,3.52,3.37,3.19
2015-03-27 06:00:00,3.48,3.33,3.43,3.51,3.31,3.52,3.56,3.63,3.45,3.64,3.61,3.26,3.56,3.61,3.53,3.37,3.2
2015-03-27 07:00:00,3.52,3.33,3.4,3.77,3.32,3.53,3.65,3.73,3.44,3.73,3.65,3.26,3.53,3.82,3.54,3.36,3.25
2015-03-27 08:00:00,3.56,3.34,3.4,3.89,3.33,3.53,3.76,3.83,3.43,3.84,3.72,3.25,3.45,3.97,3.58,3.37,3.31
2015-03-27 09:00:00,3.58,3.35,3.37,4.01,3.36,3.54,3.76,3.93,3.42,3.93,3.77,3.24,3.41,4.07,3.62,3.38,3.33
2015-03-27 10:00:00,3.59,3.37,3.33,4.08,3.39,3.44,3.77,3.99,3.41,4.0,3.92,3.24,3.4,4.16,3.65,3.38,3.33
2015-03-27 11:00:00,3.6,3.37,3.31,4.15,3.45,3.42,3.72,3.98,3.44,4.11,3.99,3.24,3.39,4.15,3.65,3.41,3.35
2015-03-27 12:00:00,3.6,3.39,3.29,4.21,3.45,3.41,3.65,3.96,3.44,4.16,4.06,3.24,3.38,4.09,3.67,3.41,3.38
2015-03-27 13:00:00,3.59,3.41,3.3,4.25,3.51,3.4,3.59,3.9,3.44,4.2,4.13,3.24,3.36,3.9,3.65,3.42,3.39
2015-03-27 14:00:00,3.56,3.42,3.31,4.24,3.53,3.38,3.51,3.81,3.44,4.08,4.15,3.22,3.33,3.81,3.58,3.42,3.41
2015-03-27 15:00:00,3.52,3.44,3.3,4.2,3.54,3.36,3.46,3.68,3.43,3.92,4.12,3.21,3.32,3.75,3.49,3.41,3.41
2015-03-27 16:00:00,3.48,3.44,3.29,4.09,3.5,3.34,3.41,3.63,3.42,3.77,4.05,3.2,3.31,3.66,3.4,3.4,3.41
2015-03-27 17:00:00,3.43,3.41,3.27,3.96,3.42,3.32,3.39,3.54,3.39,3.67,3.96,3.18,3.3,3.59,3.31,3.38,3.35
2015-03-27 18:00:00,3.4,3.35,3.23,3.88,3.37,3.3,3.37,3.49,3.37,3.61,3.93,3.17,3.29,3.55,3.27,3.34,3.3
2015-03-27 19:00:00,3.37,3.33,3.22,3.83,3.34,3.29,3.35,3.43,3.35,3.57,3.9,3.16,3.26,3.52,3.21,3.3,3.29
2015-03-27 20:00:00,3.34,3.31,3.18,3.76,3.33,3.25,3.32,3.4,3.34,3.52,3.85,3.15,3.25,3.47,3.19,3.27,3.29
2015-03-27 21:00:00,3.31,3.3,3.18,3.7,3.34,3.24,3.29,3.36,3.33,3.47,3.78,3.15,3.24,3.43,3.17,3.23,3.27
2015-03-27 22:00:00,3.29,3.27,3.14,3.65,3.33,3.22,3.26,3.33,3.33,3.43,3.71,3.14,3.23,3.4,3.14,3.23,3.27
2015-03-27 23:00:00,3.26,3.25,3.06,3.61,3.32,3.19,3.23,3.3,3.34,3.38,3.64,3.14,3.22,3.37,3.12,3.21,3.28
2015-03-28 00:00:00,3.25,3.25,3.05,3.59,3.31,3.17,3.21,3.26,3.31,3.33,3.48,3.13,3.22,3.33,3.11,3.2,3.26
2015-03-28 01:00:00,3.23,3.26,3.05,3.51,3.31,3.14,3.2,3.23,3.25,3.28,3.37,3.12,3.23,3.31,3.09,3.21,3.25
2015-03-28 02:00:00,3.21,3.25,2.99,3.46,3.31,3.14,3.19,3.21,3.2,3.24,3.32,3.13,3.21,3.28,3.09,3.2,3.26
2015-03-28 03:00:00,3.2,3.25,3.04,3.4,3.3,3.16,3.18,3.19,3.19,3.22,3.27,3.14,3.19,3.27,3.08,3.2,3.25
2015-03-28 04:00:00,3.19,3.25,3.03,3.34,3.29,3.17,3.17,3.17,3.21,3.19,3.22,3.13,3.17,3.25,3.08,3.2,3.24
2015-03-28 05:00:00,3.17,3.22,3.01,3.28,3.28,3.14,3.17,3.15,3.25,3.16,3.19,3.13,3.15,3.24,3.08,3.21,3.22
2015-03-28 06:00:00,3.18,3.24,3.07,3.25,3.28,3.15,3.17,3.15,3.28,3.15,3.16,3.15,3.17,3.23,3.11,3.23,3.24
2015-03-28 07:00:00,3.19,3.23,3.12,3.23,3.28,3.17,3.16,3.19,3.3,3.14,3.1,3.19,3.19,3.24,3.14,3.26,3.24
2015-03-28 08:00:00,3.21,3.25,3.13,3.21,3.3,3.22,3.16,3.22,3.32,3.14,3.06,3.21,3.21,3.25,3.17,3.29,3.28
2015-03-28 09:00:00,3.23,3.24,3.16,3.2,3.33,3.26,3.18,3.25,3.36,3.14,3.07,3.24,3.24,3.26,3.2,3.32,3.3
2015-03-28 10:00:00,3.26,3.25,3.19,3.19,3.36,3.26,3.19,3.28,3.42,3.16,3.08,3.27,3.29,3.27,3.23,3.34,3.33
2015-03-28 11:00:00,3.27,3.25,3.18,3.19,3.37,3.29,3.22,3.3,3.31,3.16,3.09,3.28,3.33,3.3,3.26,3.34,3.35
2015-03-28 12:00:00,3.27,3.26,3.25,3.12,3.37,3.3,3.22,3.33,3.36,3.18,3.08,3.26,3.29,3.32,3.28,3.35,3.34
2015-03-28 13:00:00,3.28,3.29,3.27,3.16,3.36,3.33,3.23,3.34,3.29,3.19,3.1,3.24,3.31,3.32,3.27,3.33,3.36
2015-03-28 14:00:00,3.27,3.26,3.24,3.15,3.34,3.26,3.24,3.33,3.29,3.2,3.11,3.23,3.29,3.32,3.25,3.35,3.36
2015-03-28 15:00:00,3.25,3.23,3.23,3.14,3.35,3.26,3.22,3.3,3.33,3.19,3.12,3.21,3.26,3.29,3.23,3.33,3.35
2015-03-28 16:00:00,3.24,3.22,3.21,3.12,3.34,3.22,3.2,3.27,3.27,3.18,3.12,3.19,3.25,3.29,3.19,3.3,3.37
2015-03-28 17:00:00,3.21,3.2,3.16,3.11,3.32,3.19,3.19,3.25,3.25,3.16,3.1,3.15,3.22,3.25,3.13,3.27,3.33
2015-03-28 18:00:00,3.17,3.17,3.02,3.05,3.25,3.15,3.16,3.23,3.22,3.14,3.09,3.07,3.19,3.23,3.1,3.22,3.28
2015-03-28 19:00:00,3.14,3.09,2.92,3.09,3.22,3.14,3.16,3.22,3.19,3.13,3.08,3.02,3.17,3.22,3.04,3.16,3.29
2015-03-28 20:00:00,3.11,3.02,2.87,3.08,3.17,3.12,3.15,3.21,3.16,3.12,3.08,2.98,3.16,3.21,3.03,3.1,3.27
2015-03-28 21:00:00,3.09,2.97,2.83,3.09,3.13,3.09,3.14,3.2,3.09,3.12,3.09,2.97,3.14,3.2,2.99,3.08,3.26
2015-03-28 22:00:00,3.07,2.92,2.8,3.09,3.15,3.07,3.13,3.18,3.03,3.13,3.08,2.97,3.13,3.19,2.95,3.05,3.27
2015-03-28 23:00:00,3.06,2.92,2.79,3.09,3.16,3.04,3.14,3.17,2.97,3.13,3.08,2.97,3.08,3.18,2.92,3.0,3.27
2015-03-29 00:00:00,3.05,2.93,2.78,3.1,3.18,3.03,3.13,3.16,2.94,3.14,3.08,2.99,3.03,3.17,2.9,3.01,3.28
2015-03-29 01:00:00,3.05,2.93,2.78,3.1,3.19,3.01,3.13,3.15,2.91,3.14,3.08,3.0,3.02,3.17,2.89,3.0,3.3
2015-03-29 02:00:00,3.04,2.97,2.79,3.1,3.21,2.94,3.12,3.14,2.91,3.14,3.08,3.01,2.98,3.17,2.87,3.01,3.31
2015-03-29 03:00:00,3.04,3.0,2.81,3.11,3.24,2.93,3.11,3.11,2.94,3.15,3.09,3.02,2.96,3.17,2.86,3.03,3.3
2015-03-29 04:00:00,3.05,3.04,2.85,3.12,3.25,2.93,3.1,3.12,2.98,3.15,3.09,3.05,2.92,3.15,2.86,3.05,3.32
2015-03-29 05:00:00,3.07,3.09,2.9,3.13,3.27,2.92,3.1,3.12,3.04,3.16,3.1,3.07,2.95,3.16,2.9,3.06,3.33
2015-03-29 06:00:00,3.11,3.15,2.96,3.14,3.28,2.98,3.13,3.18,3.1,3.18,3.13,3.12,3.03,3.19,3.01,3.11,3.35
2015-03-29 07:00:00,3.19,3.21,3.05,3.17,3.33,3.12,3.21,3.27,3.15,3.22,3.19,3.16,3.16,3.24,3.11,3.16,3.37
2015-03-29 08:00:00,3.27,3.28,3.16,3.19,3.37,3.25,3.29,3.36,3.25,3.28,3.23,3.2,3.26,3.32,3.21,3.2,3.41
2015-03-29 09:00:00,3.34,3.33,3.25,3.22,3.46,3.36,3.4,3.45,3.38,3.3,3.29,3.24,3.34,3.45,3.27,3.25,3.45
2015-03-29 10:00:00,3.4,3.45,3.28,3.24,3.55,3.43,3.46,3.5,3.39,3.37,3.35,3.27,3.41,3.51,3.33,3.31,3.52
2015-03-29 11:00:00,3.45,3.5,3.33,3.29,3.61,3.47,3.54,3.55,3.45,3.44,3.39,3.3,3.46,3.56,3.36,3.37,3.56
2015-03-29 12:00:00,3.48,3.53,3.3,3.32,3.66,3.5,3.59,3.58,3.49,3.49,3.41,3.33,3.46,3.57,3.38,3.42,3.6
2015-03-29 13:00:00,3.51,3.56,3.31,3.37,3.67,3.52,3.62,3.61,3.54,3.52,3.45,3.34,3.48,3.64,3.4,3.47,3.64
2015-03-29 14:00:00,3.52,3.58,3.35,3.4,3.62,3.52,3.62,3.61,3.55,3.58,3.44,3.36,3.47,3.64,3.4,3.51,3.62
2015-03-29 15:00:00,3.53,3.62,3.42,3.41,3.61,3.52,3.63,3.61,3.58,3.58,3.44,3.4,3.48,3.65,3.4,3.53,3.6
2015-03-29 16:00:00,3.53,3.59,3.47,3.39,3.57,3.52,3.62,3.61,3.56,3.6,3.4,3.42,3.49,3.65,3.41,3.53,3.54
2015-03-29 17:00:00,3.52,3.61,3.49,3.33,3.55,3.52,3.58,3.61,3.52,3.58,3.37,3.42,3.49,3.61,3.43,3.53,3.49
2015-03-29 18:00:00,3.51,3.57,3.5,3.3,3.53,3.5,3.57,3.6,3.52,3.57,3.31,3.42,3.5,3.59,3.43,3.51,3.47
2015-03-29 19:00:00,3.51,3.57,3.51,3.28,3.53,3.49,3.57,3.59,3.54,3.6,3.29,3.42,3.49,3.59,3.45,3.51,3.47
2015-03-29 20:00:00,3.51,3.56,3.51,3.29,3.54,3.49,3.58,3.58,3.55,3.59,3.28,3.41,3.5,3.59,3.45,3.51,3.49
2015-03-29 21:00:00,3.51,3.6,3.51,3.31,3.54,3.5,3.56,3.57,3.57,3.59,3.27,3.41,3.51,3.56,3.43,3.51,3.5
2015-03-29 22:00:00,3.5,3.59,3.49,3.32,3.53,3.5,3.53,3.54,3.56,3.59,3.27,3.41,3.52,3.54,3.4,3.51,3.5
2015-03-29 23:00:00,3.5,3.6,3.47,3.32,3.54,3.51,3.53,3.53,3.62,3.57,3.26,3.41,3.53,3.54,3.4,3.51,3.5
2015-03-30 00:00:00,3.49,3.62,3.5,3.26,3.54,3.51,3.51,3.52,3.59,3.53,3.26,3.4,3.54,3.54,3.39,3.51,3.49
2015-03-30 01:00:00,3.49,3.55,3.5,3.34,3.5,3.51,3.54,3.52,3.58,3.53,3.26,3.41,3.51,3.53,3.39,3.52,3.45
2015-03-30 02:00:00,3.48,3.48,3.49,3.35,3.39,3.5,3.55,3.53,3.59,3.53,3.25,3.4,3.51,3.53,3.39,3.51,3.36
2015-03-30 03:00:00,3.47,3.44,3.51,3.36,3.37,3.49,3.52,3.53,3.56,3.54,3.25,3.4,3.52,3.53,3.4,3.46,3.32
2015-03-30 04:00:00,3.44,3.41,3.45,3.37,3.34,3.47,3.51,3.52,3.52,3.53,3.26,3.38,3.5,3.5,3.4,3.4,3.28
2015-03-30 05:00:00,3.42,3.39,3.38,3.39,3.35,3.43,3.52,3.5,3.48,3.5,3.27,3.34,3.43,3.48,3.41,3.37,3.26
2015-03-30 06:00:00,3.4,3.4,3.37,3.41,3.35,3.39,3.51,3.48,3.48,3.48,3.29,3.28,3.4,3.46,3.4,3.37,3.27
2015-03-30 07:00:00,3.4,3.43,3.38,3.44,3.34,3.4,3.41,3.48,3.54,3.46,3.32,3.23,3.42,3.46,3.36,3.38,3.29
2015-03-30 08:00:00,3.42,3.45,3.39,3.47,3.36,3.41,3.43,3.48,3.55,3.45,3.35,3.21,3.46,3.5,3.32,3.4,3.3
2015-03-30 09:00:00,3.43,3.44,3.37,3.47,3.31,3.43,3.5,3.47,3.57,3.44,3.34,3.21,3.49,3.53,3.33,3.43,3.32
2015-03-30 10:00:00,3.44,3.31,3.42,3.51,3.31,3.47,3.52,3.47,3.6,3.48,3.38,3.25,3.5,3.56,3.36,3.42,3.32
2015-03-30 11:00:00,3.44,3.31,3.44,3.56,3.36,3.45,3.56,3.52,3.32,3.52,3.39,3.26,3.49,3.51,3.36,3.38,3.32
2015-03-30 12:00:00,3.41,3.25,3.48,3.57,3.35,3.34,3.6,3.52,3.38,3.52,3.44,3.26,3.29,3.57,3.38,3.37,3.35
2015-03-30 13:00:00,3.39,3.3,3.39,3.61,3.3,3.31,3.49,3.5,3.45,3.55,3.42,3.24,3.25,3.51,3.37,3.37,3.33
2015-03-30 14:00:00,3.35,3.24,3.38,3.57,3.31,3.3,3.26,3.42,3.29,3.5,3.38,3.24,3.31,3.37,3.39,3.37,3.33
2015-03-30 15:00:00,3.31,3.23,3.24,3.49,3.25,3.33,3.27,3.36,3.41,3.3,3.42,3.24,3.29,3.22,3.36,3.34,3.32
2015-03-30 16:00:00,3.28,3.25,3.17,3.4,3.24,3.23,3.26,3.34,3.34,3.17,3.39,3.23,3.29,3.25,3.3,3.29,3.31
2015-03-30 17:00:00,3.23,3.23,3.22,3.26,3.24,3.17,3.18,3.29,3.32,3.16,3.27,3.22,3.2,3.19,3.26,3.25,3.29
2015-03-30 18:00:00,3.21,3.2,3.18,3.22,3.22,3.17,3.15,3.26,3.31,3.16,3.27,3.21,3.18,3.16,3.23,3.22,3.27
2015-03-30 19:00:00,3.19,3.14,3.18,3.22,3.19,3.17,3.16,3.23,3.29,3.13,3.25,3.22,3.17,3.15,3.24,3.2,3.24
2015-03-30 20:00:00,3.18,3.12,3.16,3.21,3.16,3.16,3.14,3.22,3.28,3.11,3.22,3.22,3.17,3.14,3.21,3.19,3.23
2015-03-30 21:00:00,3.16,3.11,3.15,3.18,3.14,3.14,3.16,3.2,3.2,3.15,3.18,3.22,3.1,3.15,3.2,3.18,3.22
2015-03-30 22:00:00,3.15,3.09,3.15,3.17,3.12,3.13,3.14,3.19,3.18,3.15,3.15,3.21,3.1,3.15,3.19,3.16,3.2
2015-03-30 23:00:00,3.14,3.07,3.15,3.16,3.09,3.12,3.13,3.19,3.17,3.14,3.14,3.19,3.09,3.13,3.2,3.14,3.16
2015-03-31 00:00:00,3.12,3.05,3.14,3.15,3.06,3.1,3.1,3.19,3.17,3.11,3.15,3.17,3.07,3.12,3.18,3.12,3.12
2015-03-31 01:00:00,3.11,3.04,3.12,3.15,3.02,3.08,3.08,3.18,3.12,3.06,3.14,3.16,3.07,3.11,3.17,3.1,3.09
2015-03-31 02:00:00,3.09,3.04,3.09,3.14,3.01,3.06,3.06,3.16,3.09,3.06,3.13,3.14,3.05,3.09,3.15,3.08,3.08
2015-03-31 03:00:00,3.07,3.06,3.05,3.12,3.02,3.03,3.03,3.14,3.05,3.07,3.13,3.12,3.03,3.07,3.14,3.05,3.08
2015-03-31 04:00:00,3.06,3.06,3.06,3.11,3.02,3.01,3.02,3.12,3.05,3.05,3.12,3.09,2.99,3.05,3.11,3.02,3.07
2015-03-31 05:00:00,3.05,3.08,3.06,3.1,3.05,3.0,2.99,3.1,3.06,3.05,3.12,3.07,3.01,3.03,3.07,3.02,3.07
2015-03-31 06:00:00,3.07,3.1,3.07,3.13,3.03,3.02,3.04,3.11,3.11,3.08,3.13,3.07,3.04,3.07,3.07,3.04,3.05
2015-03-31 07:00:00,3.08,3.07,3.05,3.15,2.96,3.04,3.09,3.13,3.14,3.12,3.15,3.09,3.06,3.12,3.07,3.05,3.05
2015-03-31 08:00:00,3.1,3.07,3.07,3.17,2.95,3.08,3.12,3.15,3.06,3.15,3.16,3.11,3.06,3.13,3.08,3.05,3.04
2015-03-31 09:00:00,3.1,3.14,3.12,3.2,2.96,3.08,3.12,3.15,3.1,3.17,3.1,3.1,3.02,3.14,3.12,3.02,2.99
2015-03-31 10:00:00,3.09,3.23,3.12,3.21,3.07,3.02,3.02,3.17,3.08,3.17,3.14,3.08,3.02,3.09,3.14,3.0,2.98
2015-03-31 11:00:00,3.1,3.25,3.01,3.23,3.22,3.01,3.04,3.15,3.24,3.1,3.17,3.04,3.07,3.08,3.13,3.01,3.03
2015-03-31 12:00:00,3.11,3.33,2.99,3.21,3.37,3.01,3.12,3.05,3.23,3.05,3.19,3.01,3.14,3.01,3.1,3.13,3.11
2015-03-31 13:00:00,3.13,3.41,2.99,3.2,3.38,3.05,3.16,3.04,3.33,3.02,3.2,2.99,3.19,2.99,3.05,3.22,3.14
2015-03-31 14:00:00,3.15,3.46,3.04,3.12,3.36,3.14,3.16,3.02,3.45,3.03,3.18,2.98,3.25,2.98,3.01,3.3,3.18
2015-03-31 15:00:00,3.18,3.45,3.14,3.08,3.36,3.25,3.18,3.03,3.48,3.05,3.14,2.99,3.29,3.11,2.97,3.26,3.23
2015-03-31 16:00:00,3.18,3.37,3.2,3.08,3.3,3.27,3.19,3.07,3.49,3.05,3.03,2.99,3.31,3.17,2.94,3.27,3.22
2015-03-31 17:00:00,3.18,3.33,3.2,3.11,3.29,3.19,3.22,3.11,3.35,3.08,3.02,2.99,3.29,3.19,2.94,3.26,3.19
2015-03-31 18:00:00,3.17,3.29,3.16,3.12,3.24,3.19,3.23,3.14,3.34,3.09,3.0,3.01,3.28,3.21,2.95,3.24,3.14
2015-03-31 19:00:00,3.17,3.3,3.18,3.13,3.25,3.21,3.26,3.16,3.36,3.1,3.01,3.03,3.21,3.17,2.98,3.2,3.09
2015-03-31 20:00:00,3.16,3.28,3.15,3.14,3.23,3.19,3.14,3.17,3.38,3.12,3.01,3.02,3.23,3.16,3.01,3.19,3.06
2015-03-31 21:00:00,3.15,3.25,3.13,3.16,3.22,3.17,3.16,3.16,3.36,3.13,3.02,3.02,3.23,3.16,3.04,3.17,3.05
2015-03-31 22:00:00,3.15,3.23,3.1,3.17,3.2,3.16,3.16,3.14,3.31,3.11,3.04,3.01,3.23,3.16,3.06,3.16,3.05
2015-03-31 23:00:00,3.14,3.22,3.06,3.17,3.2,3.16,3.18,3.12,3.31,3.14,3.05,3.0,3.21,3.15,3.06,3.13,3.06
2015-04-01 00:00:00,3.11,3.16,3.02,3.15,3.15,3.16,3.14,3.1,3.26,3.13,3.07,2.99,3.15,3.15,3.03,3.12,3.07
2015-04-01 01:00:00,3.1,3.16,3.03,3.13,3.12,3.14,3.14,3.07,3.28,3.12,3.07,2.99,3.14,3.14,2.99,3.1,3.07
2015-04-01 02:00:00,3.09,3.14,3.02,3.12,3.11,3.11,3.11,3.05,3.25,3.12,3.05,2.99,3.14,3.15,2.97,3.07,3.07
2015-04-01 03:00:00,3.07,3.14,3.02,3.11,3.1,3.05,3.12,3.04,3.26,3.1,3.02,3.0,3.11,3.14,2.95,3.05,3.07
2015-04-01 04:00:00,3.06,3.1,3.03,3.1,3.09,3.02,3.1,3.02,3.24,3.11,3.0,3.01,3.11,3.11,2.94,3.05,3.07
2015-04-01 05:00:00,3.05,3.07,3.02,3.09,3.08,2.97,3.08,3.02,3.22,3.11,2.98,3.02,3.09,3.07,2.92,3.03,3.05
2015-04-01 06:00:00,3.04,3.05,3.03,3.06,3.07,2.97,3.07,3.02,3.21,3.08,2.97,3.04,3.09,3.01,2.94,3.02,3.05
2015-04-01 07:00:00,3.05,3.04,3.05,3.02,3.07,2.99,3.08,3.02,3.21,3.12,2.98,3.07,3.07,3.01,2.96,3.04,3.09
2015-04-01 08:00:00,3.05,3.06,3.08,3.02,3.09,3.0,3.07,3.04,3.2,3.13,2.97,3.06,3.07,3.02,2.97,3.04,3.13
2015-04-01 09:00:00,3.06,3.07,3.06,3.03,3.09,3.01,3.07,3.06,3.21,3.12,2.98,3.08,3.05,3.04,2.99,3.06,3.18
2015-04-01 10:00:00,3.07,3.08,3.08,3.06,3.13,3.03,3.03,3.08,3.18,3.09,2.97,3.1,3.03,3.05,3.02,3.09,3.2
2015-04-01 11:00:00,3.09,3.1,3.16,3.07,3.16,3.06,3.01,3.1,3.22,3.03,3.0,3.11,3.05,3.06,3.02,3.12,3.22
2015-04-01 12:00:00,3.08,3.13,3.21,3.08,3.19,3.02,3.02,3.07,3.22,3.0,2.98,3.14,3.04,3.09,3.02,3.13,3.17
2015-04-01 13:00:00,3.08,3.09,3.11,3.08,3.1,3.08,3.01,3.05,3.26,3.01,3.01,3.13,3.1,3.04,3.01,3.17,3.15
2015-04-01 14:00:00,3.08,3.05,3.21,3.08,3.08,3.09,3.01,3.07,3.29,3.04,3.02,3.17,3.09,3.03,2.99,3.09,3.18
2015-04-01 15:00:00,3.07,3.04,3.21,3.04,3.16,3.04,2.98,3.06,3.19,3.04,2.99,3.15,3.05,3.04,3.01,3.09,3.14
2015-04-01 16:00:00,3.04,3.06,3.02,3.01,3.11,3.07,2.99,3.05,3.13,3.02,2.97,3.14,3.04,3.0,3.01,3.04,3.12
2015-04-01 17:00:00,3.01,3.01,3.04,2.98,3.06,2.97,2.95,3.02,3.13,2.98,2.96,3.11,3.01,2.99,2.98,3.02,3.12
2015-04-01 18:00:00,2.99,3.0,3.04,2.95,3.0,2.94,2.91,3.0,3.1,2.96,2.95,3.1,2.98,2.96,2.98,2.99,3.11
2015-04-01 19:00:00,2.98,2.99,3.02,2.93,2.97,2.94,2.92,3.0,3.09,2.94,2.95,3.08,2.96,2.92,2.95,2.98,3.12
2015-04-01 20:00:00,2.97,2.98,2.95,2.94,2.96,2.91,2.92,2.99,3.06,2.95,2.95,3.09,2.93,2.93,2.93,2.95,3.09
2015-04-01 21:00:00,2.95,2.94,2.97,2.94,2.94,2.9,2.9,2.98,3.03,2.94,2.93,3.1,2.88,2.95,2.93,2.94,3.06
2015-04-01 22:00:00,2.94,2.94,2.98,2.93,2.92,2.89,2.89,2.97,2.92,2.94,2.93,3.1,2.88,2.9,2.93,2.94,3.05
2015-04-01 23:00:00,2.93,2.93,2.98,2.94,2.91,2.87,2.89,2.93,3.0,2.95,2.93,3.09,2.88,2.89,2.93,2.92,3.04
2015-04-02 00:00:00,2.92,2.92,2.92,2.94,2.9,2.87,2.87,2.92,2.97,2.93,2.89,3.08,2.88,2.89,2.94,2.9,3.02
2015-04-02 01:00:00,2.91,2.9,2.95,2.9,2.9,2.86,2.81,2.92,2.96,2.93,2.89,3.07,2.88,2.88,2.95,2.89,3.02
2015-04-02 02:00:00,2.9,2.9,2.93,2.91,2.89,2.86,2.83,2.92,2.93,2.89,2.89,3.07,2.86,2.88,2.94,2.88,3.01
2015-04-02 03:00:00,2.9,2.91,2.93,2.88,2.89,2.84,2.83,2.92,2.91,2.87,2.9,3.06,2.83,2.88,2.93,2.88,3.0
2015-04-02 04:00:00,2.89,2.91,2.9,2.88,2.87,2.84,2.81,2.91,2.91,2.87,2.9,3.05,2.81,2.87,2.94,2.88,2.95
2015-04-02 05:00:00,2.88,2.9,2.9,2.88,2.85,2.83,2.8,2.91,2.9,2.88,2.91,3.04,2.84,2.86,2.93,2.88,2.95
2015-04-02 06:00:00,2.9,2.89,2.94,2.89,2.84,2.84,2.85,2.92,2.93,2.92,2.91,3.06,2.87,2.87,2.94,2.88,2.94
2015-04-02 07:00:00,2.92,2.88,3.0,2.91,2.84,2.87,2.91,2.94,2.95,2.96,2.92,3.08,2.89,2.92,2.95,2.88,2.94
2015-04-02 08:00:00,2.94,2.93,3.01,2.93,2.86,2.88,2.95,2.95,2.85,3.01,2.92,3.1,2.9,2.95,2.98,2.88,2.97
2015-04-02 09:00:00,2.95,2.94,3.02,2.96,2.89,2.88,2.97,2.97,2.85,3.05,2.92,3.13,2.88,2.97,3.01,2.87,3.01
2015-04-02 10:00:00,2.97,2.95,3.02,3.0,2.92,2.87,2.97,2.99,2.88,3.08,2.94,3.14,2.91,2.99,3.02,2.88,3.05
2015-04-02 11:00:00,2.98,2.92,3.02,3.04,2.93,2.85,2.97,3.0,2.98,3.09,2.98,3.15,2.94,2.98,3.04,2.88,3.04
2015-04-02 12:00:00,2.99,2.93,3.04,3.06,2.97,2.86,2.97,3.01,2.93,3.02,2.98,3.15,2.94,2.94,3.08,2.9,3.07
2015-04-02 13:00:00,2.98,2.95,3.07,3.07,2.98,2.87,2.96,3.02,2.97,2.96,2.99,3.13,2.89,2.9,3.06,2.88,3.06
2015-04-02 14:00:00,2.97,2.98,3.08,3.02,2.99,2.86,2.97,3.0,2.99,2.96,3.01,3.15,2.86,2.9,3.08,2.89,3.08
2015-04-02 15:00:00,2.96,3.0,3.09,2.98,3.02,2.85,2.91,2.97,2.94,2.97,2.98,3.16,2.86,2.91,3.02,2.92,3.08
2015-04-02 16:00:00,2.93,2.93,2.98,2.94,2.93,2.84,2.88,2.96,2.84,2.94,2.94,3.12,2.87,2.87,2.99,2.92,3.07
2015-04-02 17:00:00,2.9,2.88,2.96,2.89,2.94,2.81,2.81,2.92,2.88,2.91,2.91,3.09,2.85,2.83,2.95,2.89,3.03
2015-04-02 18:00:00,2.88,2.86,2.91,2.87,2.92,2.81,2.83,2.88,2.86,2.86,2.81,3.07,2.81,2.83,2.92,2.86,3.03
2015-04-02 19:00:00,2.86,2.87,2.89,2.87,2.89,2.81,2.82,2.86,2.84,2.82,2.77,3.06,2.81,2.82,2.92,2.83,3.03
2015-04-02 20:00:00,2.86,2.88,2.86,2.87,2.9,2.82,2.8,2.85,2.83,2.83,2.78,3.04,2.81,2.82,2.92,2.83,3.05
2015-04-02 21:00:00,2.85,2.87,2.85,2.84,2.9,2.82,2.78,2.84,2.84,2.83,2.8,3.05,2.8,2.81,2.92,2.82,3.03
2015-04-02 22:00:00,2.85,2.87,2.87,2.83,2.9,2.82,2.78,2.83,2.86,2.8,2.81,3.05,2.81,2.8,2.91,2.82,3.05
2015-04-02 23:00:00,2.85,2.88,2.86,2.82,2.91,2.81,2.79,2.81,2.86,2.78,2.79,3.04,2.8,2.81,2.91,2.84,3.06
2015-05-21 00:00:00,3.74,3.63,3.67,3.93,3.72,3.74,3.8,3.81,3.69,3.93,4.0,3.58,3.69,3.88,3.67,3.66,3.65
2015-05-21 01:00:00,3.73,3.63,3.67,3.91,3.68,3.73,3.78,3.8,3.68,3.94,3.95,3.54,3.68,3.87,3.66,3.62,3.63
2015-05-21 02:00:00,3.71,3.64,3.65,3.88,3.65,3.71,3.75,3.77,3.68,3.93,3.87,3.54,3.69,3.82,3.66,3.6,3.63
2015-05-21 03:00:00,3.7,3.64,3.66,3.89,3.62,3.7,3.74,3.76,3.68,3.92,3.86,3.52,3.69,3.81,3.65,3.59,3.63
2015-05-21 04:00:00,3.7,3.64,3.66,3.93,3.62,3.69,3.73,3.74,3.69,3.89,3.82,3.54,3.69,3.81,3.66,3.62,3.63
2015-05-21 05:00:00,3.72,3.67,3.69,3.95,3.65,3.69,3.73,3.73,3.71,3.87,3.77,3.61,3.68,3.8,3.67,3.68,3.74
2015-05-21 06:00:00,3.75,3.71,3.72,3.98,3.77,3.71,3.73,3.74,3.76,3.87,3.74,3.71,3.7,3.8,3.69,3.72,3.79
2015-05-21 07:00:00,3.78,3.76,3.75,4.0,3.84,3.77,3.74,3.76,3.78,3.86,3.73,3.75,3.71,3.79,3.73,3.79,3.83
2015-05-21 08:00:00,3.81,3.82,3.83,3.96,3.92,3.82,3.75,3.79,3.82,3.83,3.71,3.83,3.73,3.78,3.78,3.87,3.88
2015-05-21 09:00:00,3.85,3.88,3.87,3.93,3.98,3.85,3.77,3.84,3.86,3.83,3.72,3.89,3.76,3.77,3.84,3.94,3.92
2015-05-21 10:00:00,3.88,3.93,3.95,3.91,4.02,3.88,3.78,3.87,3.89,3.82,3.75,3.92,3.77,3.77,3.86,4.02,3.92
2015-05-21 11:00:00,3.9,3.94,4.01,3.91,4.03,3.92,3.79,3.89,3.95,3.83,3.79,3.92,3.8,3.79,3.89,4.03,3.93
2015-05-21 12:00:00,3.91,3.93,4.07,3.93,4.03,3.95,3.77,3.92,4.0,3.82,3.81,3.92,3.82,3.78,3.95,4.02,3.93
2015-05-21 13:00:00,3.92,3.9,4.06,3.92,4.05,3.98,3.78,3.95,4.02,3.82,3.83,3.95,3.84,3.79,3.98,4.05,3.94
2015-05-21 14:00:00,3.92,3.89,4.07,3.9,4.05,3.99,3.77,3.95,3.96,3.84,3.85,3.92,3.84,3.79,4.0,4.05,3.94
2015-05-21 15:00:00,3.91,3.9,4.06,3.87,4.05,3.99,3.76,3.97,3.93,3.83,3.86,3.89,3.84,3.79,3.99,4.0,3.94
2015-05-21 16:00:00,3.9,3.9,4.03,3.87,4.04,3.98,3.75,3.96,3.93,3.82,3.86,3.88,3.84,3.81,3.95,3.98,3.93
2015-05-21 17:00:00,3.88,3.89,3.96,3.85,4.01,3.96,3.75,3.95,3.89,3.8,3.85,3.87,3.82,3.8,3.92,3.95,3.91
2015-05-21 18:00:00,3.85,3.86,3.86,3.83,4.0,3.93,3.73,3.92,3.87,3.78,3.82,3.84,3.8,3.78,3.87,3.91,3.88
2015-05-21 19:00:00,3.82,3.82,3.83,3.82,3.89,3.89,3.72,3.88,3.85,3.77,3.79,3.76,3.79,3.77,3.8,3.86,3.81
2015-05-21 20:00:00,3.78,3.77,3.8,3.81,3.81,3.86,3.72,3.86,3.85,3.77,3.77,3.68,3.76,3.76,3.77,3.81,3.69
2015-05-21 21:00:00,3.76,3.75,3.78,3.79,3.74,3.84,3.71,3.84,3.83,3.76,3.73,3.63,3.75,3.76,3.73,3.77,3.6
2015-05-21 22:00:00,3.73,3.69,3.75,3.79,3.7,3.82,3.71,3.82,3.8,3.75,3.7,3.6,3.74,3.75,3.71,3.71,3.58
2015-05-21 23:00:00,3.71,3.64,3.76,3.77,3.67,3.8,3.7,3.79,3.79,3.74,3.69,3.56,3.74,3.74,3.7,3.66,3.56
2015-05-22 00:00:00,3.69,3.63,3.75,3.75,3.63,3.78,3.7,3.77,3.78,3.73,3.68,3.53,3.73,3.73,3.68,3.62,3.53
2015-05-22 01:00:00,3.68,3.61,3.73,3.72,3.6,3.77,3.69,3.76,3.77,3.73,3.67,3.51,3.72,3.72,3.67,3.57,3.52
2015-05-22 02:00:00,3.65,3.54,3.72,3.7,3.56,3.74,3.69,3.74,3.75,3.73,3.66,3.46,3.71,3.69,3.66,3.53,3.51
2015-05-22 03:00:00,3.63,3.49,3.66,3.69,3.48,3.7,3.69,3.74,3.74,3.71,3.65,3.44,3.7,3.68,3.65,3.49,3.49
2015-05-22 04:00:00,3.64,3.53,3.6,3.69,3.49,3.69,3.66,3.73,3.71,3.71,3.66,3.5,3.71,3.69,3.66,3.54,3.53
2015-05-22 05:00:00,3.7,3.6,3.78,3.68,3.63,3.78,3.67,3.75,3.76,3.71,3.68,3.63,3.74,3.68,3.72,3.69,3.64
2015-05-22 06:00:00,3.77,3.71,3.91,3.69,3.78,3.83,3.69,3.79,3.85,3.71,3.71,3.78,3.77,3.71,3.76,3.83,3.79
2015-05-22 07:00:00,3.83,3.83,3.98,3.71,3.89,3.93,3.71,3.84,3.93,3.71,3.76,3.87,3.81,3.75,3.86,3.95,3.88
2015-05-22 08:00:00,3.89,3.93,4.05,3.75,3.96,3.99,3.73,3.9,4.0,3.72,3.83,3.91,3.85,3.83,3.92,4.02,3.95
2015-05-22 09:00:00,3.92,3.97,4.04,3.77,4.0,4.01,3.77,3.95,3.98,3.72,3.88,3.93,3.91,3.85,3.95,4.04,3.99
2015-05-22 10:00:00,3.95,4.03,4.02,3.8,4.05,4.03,3.79,3.97,3.98,3.73,3.95,3.95,3.92,3.88,3.99,4.08,4.02
2015-05-22 11:00:00,3.96,4.05,4.05,3.82,4.09,4.04,3.8,4.04,3.99,3.73,3.99,3.98,3.92,3.92,4.01,4.06,4.0
2015-05-22 12:00:00,3.98,4.05,4.08,3.85,4.11,4.05,3.81,4.04,4.01,3.75,4.0,3.99,3.93,3.98,4.05,4.11,4.05
2015-05-22 13:00:00,4.0,4.07,4.13,3.88,4.14,4.09,3.81,4.05,4.08,3.75,4.02,3.99,3.96,3.98,4.07,4.15,4.05
2015-05-22 14:00:00,4.01,4.09,4.12,3.89,4.17,4.11,3.83,4.06,4.02,3.75,4.01,3.98,3.98,3.97,4.07,4.15,4.05
2015-05-22 15:00:00,4.02,4.09,4.13,3.9,4.18,4.11,3.84,4.08,4.0,3.76,4.02,3.97,3.97,3.98,4.07,4.18,4.02
2015-05-22 16:00:00,4.01,4.08,4.17,3.89,4.15,4.09,3.82,4.08,4.03,3.76,4.02,3.95,3.95,3.96,4.07,4.16,4.01
2015-05-22 17:00:00,3.98,4.05,4.14,3.87,4.15,4.04,3.81,4.03,4.05,3.75,3.97,3.93,3.93,3.93,4.04,4.14,4.0
2015-05-22 18:00:00,3.93,3.98,4.09,3.83,4.11,3.98,3.79,3.97,3.99,3.73,3.87,3.91,3.9,3.88,3.94,4.05,3.97
2015-05-22 19:00:00,3.85,3.89,3.85,3.75,3.99,3.9,3.77,3.87,3.91,3.73,3.7,3.79,3.86,3.82,3.83,3.96,3.86
2015-05-22 20:00:00,3.77,3.79,3.72,3.7,3.88,3.82,3.75,3.77,3.87,3.72,3.57,3.72,3.85,3.73,3.73,3.86,3.75
2015-05-22 21:00:00,3.72,3.71,3.63,3.66,3.86,3.76,3.74,3.71,3.83,3.72,3.51,3.66,3.83,3.68,3.67,3.76,3.73
2015-05-22 22:00:00,3.69,3.66,3.58,3.62,3.8,3.73,3.74,3.64,3.82,3.71,3.45,3.63,3.81,3.69,3.63,3.72,3.71
2015-05-22 23:00:00,3.67,3.63,3.52,3.62,3.76,3.72,3.73,3.61,3.81,3.71,3.41,3.6,3.8,3.69,3.64,3.67,3.7
2015-05-23 00:00:00,3.65,3.62,3.46,3.63,3.75,3.72,3.72,3.56,3.79,3.71,3.38,3.6,3.8,3.69,3.6,3.63,3.71
2015-05-23 01:00:00,3.64,3.61,3.46,3.64,3.76,3.73,3.72,3.55,3.78,3.7,3.36,3.57,3.78,3.69,3.58,3.59,3.76
2015-05-23 02:00:00,3.63,3.6,3.4,3.64,3.73,3.72,3.71,3.53,3.78,3.69,3.35,3.58,3.76,3.69,3.58,3.57,3.78
2015-05-23 03:00:00,3.62,3.6,3.38,3.62,3.72,3.72,3.7,3.56,3.77,3.69,3.34,3.59,3.76,3.69,3.57,3.56,3.78
2015-05-23 04:00:00,3.66,3.61,3.48,3.66,3.74,3.73,3.7,3.63,3.77,3.69,3.55,3.64,3.75,3.72,3.67,3.6,3.82
2015-05-23 05:00:00,3.74,3.67,3.75,3.72,3.77,3.74,3.7,3.72,3.78,3.71,3.73,3.76,3.76,3.75,3.8,3.72,3.85
2015-05-23 06:00:00,3.81,3.75,3.92,3.76,3.86,3.78,3.72,3.81,3.81,3.74,3.85,3.89,3.77,3.79,3.93,3.87,3.9
2015-05-23 07:00:00,3.87,3.86,4.05,3.8,3.94,3.82,3.73,3.88,3.87,3.76,3.97,3.94,3.79,3.83,4.03,3.98,3.93
2015-05-23 08:00:00,3.91,3.96,4.07,3.84,4.08,3.86,3.74,3.92,3.89,3.79,4.01,3.98,3.81,3.86,4.07,4.04,3.95
2015-05-23 09:00:00,3.94,4.0,4.13,3.87,4.16,3.9,3.75,3.96,3.92,3.81,4.01,4.02,3.84,3.87,4.07,4.07,3.94
2015-05-23 10:00:00,3.96,4.02,4.19,3.89,4.2,3.93,3.77,3.97,3.97,3.81,4.02,4.01,3.86,3.89,4.09,4.09,3.94
2015-05-23 11:00:00,3.96,4.05,4.16,3.91,4.18,3.94,3.8,3.97,3.98,3.82,4.0,3.98,3.86,3.9,4.09,4.13,3.92
2015-05-23 12:00:00,3.97,4.09,4.19,3.9,4.19,3.97,3.81,3.99,4.01,3.83,3.99,3.89,3.87,3.93,4.11,4.15,3.86
2015-05-23 13:00:00,3.98,4.11,4.28,3.92,4.18,3.99,3.8,4.0,4.02,3.83,3.98,3.85,3.88,3.92,4.07,4.17,3.84
2015-05-23 14:00:00,3.98,4.13,4.21,3.91,4.22,3.98,3.81,4.01,3.98,3.83,3.96,3.85,3.88,3.91,4.07,4.17,3.85
2015-05-23 15:00:00,3.95,4.11,4.21,3.9,4.18,3.91,3.79,3.98,3.96,3.84,3.96,3.85,3.84,3.88,4.03,4.16,3.85
2015-05-23 16:00:00,3.94,4.09,4.2,3.9,4.14,3.9,3.78,3.98,3.95,3.81,3.94,3.85,3.83,3.86,4.0,4.14,3.85
2015-05-23 17:00:00,3.92,4.07,4.18,3.88,4.11,3.89,3.77,3.95,3.96,3.8,3.87,3.83,3.8,3.85,3.9,4.1,3.83
2015-05-23 18:00:00,3.89,4.03,4.13,3.86,4.04,3.87,3.76,3.91,3.92,3.8,3.83,3.8,3.78,3.83,3.84,4.06,3.81
2015-05-23 19:00:00,3.84,3.94,3.95,3.84,3.98,3.84,3.76,3.86,3.89,3.79,3.79,3.73,3.77,3.83,3.81,4.01,3.76
2015-05-23 20:00:00,3.81,3.9,3.87,3.8,3.93,3.81,3.75,3.82,3.83,3.78,3.76,3.67,3.75,3.82,3.78,3.95,3.68
2015-05-23 21:00:00,3.77,3.83,3.85,3.77,3.86,3.78,3.74,3.79,3.8,3.78,3.75,3.59,3.74,3.8,3.73,3.9,3.64
2015-05-23 22:00:00,3.75,3.82,3.81,3.76,3.8,3.76,3.74,3.76,3.77,3.77,3.74,3.54,3.73,3.77,3.71,3.85,3.62
2015-05-23 23:00:00,3.73,3.78,3.77,3.75,3.75,3.74,3.73,3.77,3.75,3.77,3.73,3.52,3.73,3.75,3.69,3.81,3.57
2015-05-24 00:00:00,3.71,3.74,3.75,3.73,3.7,3.72,3.73,3.75,3.74,3.77,3.74,3.48,3.72,3.75,3.66,3.76,3.55
2015-05-24 01:00:00,3.69,3.7,3.74,3.72,3.68,3.7,3.73,3.75,3.74,3.77,3.72,3.47,3.71,3.74,3.65,3.72,3.49
2015-05-24 02:00:00,3.68,3.66,3.76,3.71,3.63,3.7,3.72,3.73,3.73,3.76,3.71,3.44,3.71,3.72,3.57,3.68,3.48
2015-05-24 03:00:00,3.66,3.65,3.69,3.7,3.59,3.7,3.72,3.73,3.72,3.76,3.68,3.45,3.7,3.71,3.57,3.65,3.45
2015-05-24 04:00:00,3.67,3.67,3.72,3.71,3.59,3.7,3.72,3.73,3.72,3.76,3.69,3.5,3.7,3.71,3.6,3.65,3.48
2015-05-24 05:00:00,3.72,3.75,3.77,3.72,3.64,3.75,3.72,3.77,3.73,3.77,3.72,3.58,3.7,3.7,3.66,3.72,3.58
2015-05-24 06:00:00,3.76,3.79,3.84,3.73,3.73,3.81,3.73,3.82,3.78,3.77,3.75,3.68,3.72,3.7,3.75,3.76,3.74
2015-05-24 07:00:00,3.82,3.82,3.93,3.76,3.84,3.89,3.75,3.89,3.89,3.78,3.79,3.8,3.74,3.73,3.82,3.84,3.83
2015-05-24 08:00:00,3.86,3.87,3.96,3.79,3.89,3.97,3.75,3.95,3.94,3.78,3.87,3.87,3.78,3.76,3.88,3.91,3.86
2015-05-24 09:00:00,3.91,3.92,4.06,3.83,3.97,4.02,3.77,3.99,4.01,3.78,3.94,3.91,3.8,3.79,3.93,4.0,3.9
2015-05-24 10:00:00,3.94,3.95,4.09,3.84,4.03,4.06,3.77,4.05,4.05,3.8,4.0,3.95,3.82,3.82,3.99,4.06,3.94
2015-05-24 11:00:00,3.98,4.0,4.15,3.87,4.08,4.11,3.78,4.1,4.1,3.82,4.09,3.97,3.83,3.85,4.03,4.14,3.96
2015-05-24 12:00:00,4.01,4.03,4.21,3.91,4.17,4.11,3.8,4.13,4.11,3.82,4.13,3.98,3.86,3.9,4.07,4.16,3.98
2015-05-24 13:00:00,4.03,4.08,4.25,3.96,4.21,4.13,3.79,4.14,4.16,3.83,4.15,3.97,3.9,3.93,4.11,4.21,3.98
2015-05-24 14:00:00,4.05,4.1,4.24,3.99,4.24,4.15,3.81,4.16,4.11,3.84,4.18,3.97,3.92,3.96,4.12,4.24,3.98
2015-05-24 15:00:00,4.06,4.13,4.27,4.0,4.25,4.15,3.81,4.17,4.1,3.83,4.18,3.95,3.93,3.98,4.11,4.25,3.99
2015-05-24 16:00:00,4.05,4.11,4.24,4.0,4.25,4.13,3.81,4.17,4.09,3.82,4.15,3.93,3.93,3.96,4.11,4.24,3.97
2015-05-24 17:00:00,4.03,4.11,4.23,3.99,4.25,4.1,3.8,4.15,4.06,3.81,4.12,3.91,3.93,3.95,4.08,4.22,3.95
2015-05-24 18:00:00,3.99,4.04,4.16,3.95,4.18,4.05,3.78,4.09,4.03,3.81,4.03,3.86,3.91,3.93,3.98,4.18,3.91
2015-05-24 19:00:00,3.9,3.96,3.93,3.9,4.03,3.96,3.77,3.98,3.99,3.8,3.75,3.77,3.86,3.89,3.86,4.03,3.83
2015-05-24 20:00:00,3.83,3.85,3.75,3.86,3.93,3.91,3.76,3.9,3.96,3.8,3.61,3.7,3.84,3.86,3.78,3.9,3.74
2015-05-24 21:00:00,3.78,3.79,3.63,3.83,3.87,3.9,3.75,3.84,3.93,3.8,3.55,3.63,3.8,3.84,3.72,3.81,3.67
2015-05-24 22:00:00,3.74,3.72,3.54,3.81,3.8,3.89,3.75,3.81,3.91,3.8,3.49,3.61,3.74,3.81,3.69,3.79,3.66
2015-05-24 23:00:00,3.72,3.68,3.48,3.77,3.75,3.87,3.75,3.78,3.89,3.81,3.45,3.57,3.73,3.78,3.69,3.74,3.68
2015-05-25 00:00:00,3.69,3.63,3.45,3.76,3.67,3.85,3.75,3.75,3.87,3.81,3.42,3.51,3.73,3.75,3.65,3.68,3.63
2015-05-25 01:00:00,3.68,3.62,3.42,3.73,3.65,3.82,3.75,3.77,3.85,3.81,3.4,3.48,3.74,3.73,3.65,3.64,3.63
2015-05-25 02:00:00,3.67,3.57,3.36,3.74,3.62,3.81,3.76,3.75,3.83,3.81,3.38,3.46,3.75,3.76,3.64,3.64,3.61
2015-05-25 03:00:00,3.67,3.57,3.36,3.74,3.64,3.8,3.76,3.76,3.83,3.81,3.41,3.42,3.77,3.79,3.65,3.63,3.63
2015-05-25 04:00:00,3.72,3.56,3.54,3.79,3.68,3.81,3.77,3.81,3.84,3.82,3.62,3.51,3.79,3.8,3.75,3.69,3.68
2015-05-25 05:00:00,3.81,3.65,3.84,3.85,3.77,3.89,3.78,3.89,3.9,3.83,3.78,3.67,3.82,3.87,3.84,3.83,3.76
2015-05-25 06:00:00,3.91,3.81,4.02,3.89,3.91,3.98,3.81,3.98,3.96,3.85,3.95,3.85,3.86,3.92,3.99,3.98,3.86
2015-05-25 07:00:00,3.99,3.96,4.14,3.93,4.02,4.1,3.84,4.02,4.05,3.88,4.09,4.0,3.9,3.97,4.1,4.09,3.94
2015-05-25 08:00:00,4.04,4.09,4.01,3.99,4.09,4.12,3.87,4.03,4.11,3.92,4.14,4.11,3.94,3.97,4.18,4.18,4.07
2015-05-25 09:00:00,4.08,4.16,3.99,4.0,4.18,4.14,3.89,4.1,4.16,3.95,4.17,4.17,3.99,4.0,4.17,4.22,4.16
2015-05-25 10:00:00,4.11,4.18,4.06,4.0,4.25,4.17,3.9,4.14,4.21,3.98,4.19,4.2,4.05,3.98,4.18,4.25,4.17
2015-05-25 11:00:00,4.13,4.23,4.26,4.0,4.3,4.21,3.92,4.12,4.2,4.0,4.21,4.24,4.06,3.99,4.21,4.3,4.16
2015-05-25 12:00:00,4.15,4.27,4.33,4.04,4.28,4.19,3.95,4.13,4.24,3.98,4.23,4.23,4.04,3.99,4.24,4.3,4.17
2015-05-25 13:00:00,4.14,4.28,4.34,4.09,4.14,4.18,3.94,4.1,4.25,3.99,4.26,4.2,4.05,4.0,4.24,4.33,4.15
2015-05-25 14:00:00,4.13,4.23,4.29,4.16,4.06,4.14,3.95,4.08,4.22,4.01,4.23,4.2,4.05,3.99,4.22,4.33,4.12
2015-05-25 15:00:00,4.12,4.18,4.32,4.15,4.05,4.15,3.95,4.07,4.25,4.01,4.18,4.16,4.04,3.98,4.2,4.31,4.11
2015-05-25 16:00:00,4.09,4.15,4.32,4.15,4.04,4.12,3.95,4.05,4.22,4.02,4.12,4.12,4.0,3.97,4.18,4.26,4.03
2015-05-25 17:00:00,4.05,4.1,4.27,4.13,4.08,4.07,3.93,3.99,4.19,4.01,4.05,4.09,3.97,3.97,4.15,4.17,3.96
2015-05-25 18:00:00,4.02,4.04,4.22,4.07,4.05,4.02,3.92,3.97,4.13,3.98,4.01,4.06,3.95,3.94,4.1,4.13,3.91
2015-05-25 19:00:00,3.98,3.99,4.15,4.04,3.99,3.98,3.9,3.96,4.05,3.96,4.0,3.99,3.9,3.91,4.05,4.06,3.88
2015-05-25 20:00:00,3.95,3.92,4.07,4.03,3.93,3.95,3.89,3.94,4.0,3.94,3.98,3.94,3.9,3.91,4.01,3.99,3.85
2015-05-25 21:00:00,3.92,3.89,4.0,3.99,3.9,3.93,3.88,3.91,3.98,3.93,3.95,3.9,3.88,3.89,3.99,3.96,3.83
2015-05-25 22:00:00,3.9,3.86,3.93,3.96,3.88,3.91,3.88,3.91,3.96,3.92,3.93,3.87,3.88,3.9,3.95,3.94,3.81
2015-05-25 23:00:00,3.88,3.82,3.82,3.95,3.83,3.91,3.87,3.9,3.95,3.92,3.91,3.83,3.86,3.89,3.91,3.88,3.79
2015-05-26 00:00:00,3.86,3.81,3.77,3.93,3.81,3.89,3.87,3.9,3.93,3.91,3.92,3.81,3.86,3.88,3.89,3.84,3.79
2015-05-26 01:00:00,3.85,3.81,3.79,3.92,3.79,3.88,3.86,3.89,3.92,3.9,3.91,3.78,3.86,3.88,3.89,3.83,3.77
2015-05-26 02:00:00,3.84,3.83,3.78,3.89,3.77,3.88,3.86,3.89,3.9,3.89,3.88,3.78,3.85,3.88,3.86,3.8,3.74
2015-05-26 03:00:00,3.84,3.82,3.76,3.89,3.76,3.87,3.85,3.89,3.88,3.88,3.88,3.75,3.85,3.89,3.87,3.78,3.72
2015-05-26 04:00:00,3.84,3.8,3.8,3.93,3.75,3.88,3.86,3.9,3.89,3.89,3.89,3.77,3.85,3.9,3.86,3.79,3.72
2015-05-26 05:00:00,3.87,3.81,3.87,3.96,3.75,3.91,3.87,3.92,3.91,3.9,3.91,3.78,3.86,3.92,3.87,3.83,3.78
2015-05-26 06:00:00,3.9,3.84,3.92,4.0,3.78,3.93,3.9,3.94,3.95,3.91,3.94,3.81,3.88,3.94,3.88,3.87,3.82
2015-05-26 07:00:00,3.93,3.86,3.99,4.06,3.84,3.97,3.9,3.96,3.99,3.93,3.98,3.85,3.89,3.96,3.9,3.92,3.87
2015-05-26 08:00:00,3.96,3.9,3.96,4.11,3.92,4.03,3.91,4.01,4.0,3.95,4.07,3.88,3.92,3.97,3.92,3.99,3.89
2015-05-26 09:00:00,3.99,3.92,4.03,4.14,3.93,4.09,3.92,4.05,4.0,3.98,4.12,3.9,3.93,3.98,3.95,4.05,3.89
2015-05-26 10:00:00,4.02,3.95,4.05,4.2,3.97,4.09,3.92,4.09,4.02,4.03,4.12,3.93,3.95,4.0,3.97,4.09,3.91
2015-05-26 11:00:00,4.03,3.93,4.08,4.25,3.98,4.06,3.92,4.13,4.06,4.05,4.16,3.94,3.95,4.02,3.99,4.11,3.9
2015-05-26 12:00:00,4.04,3.94,4.16,4.28,4.01,4.03,3.92,4.14,4.02,4.11,4.16,3.93,3.93,4.02,3.95,4.1,3.91
2015-05-26 13:00:00,4.02,3.92,4.12,4.31,4.03,4.02,3.94,4.13,3.99,4.05,4.2,3.95,3.89,4.01,3.92,4.11,3.9
2015-05-26 14:00:00,4.02,3.9,4.13,4.34,4.02,4.0,3.93,4.1,4.0,4.04,4.15,3.94,3.89,4.02,3.9,4.11,3.91
2015-05-26 15:00:00,4.0,3.91,4.12,4.3,4.0,3.98,3.93,4.06,4.0,4.03,4.11,3.93,3.87,4.01,3.89,4.07,3.94
2015-05-26 16:00:00,3.98,3.92,4.08,4.25,3.96,3.96,3.91,4.03,3.95,4.01,4.07,3.9,3.86,4.0,3.86,4.04,3.92
2015-05-26 17:00:00,3.95,3.92,4.06,4.21,3.96,3.93,3.88,3.97,3.91,3.99,3.99,3.87,3.85,3.98,3.83,4.02,3.9
2015-05-26 18:00:00,3.91,3.89,4.01,4.15,3.91,3.89,3.86,3.89,3.9,3.96,3.94,3.84,3.84,3.95,3.77,3.97,3.86
2015-05-26 19:00:00,3.86,3.85,3.96,4.01,3.88,3.87,3.85,3.82,3.87,3.94,3.86,3.78,3.81,3.93,3.72,3.91,3.8
2015-05-26 20:00:00,3.82,3.82,3.89,3.98,3.84,3.83,3.82,3.76,3.85,3.93,3.81,3.74,3.79,3.87,3.69,3.87,3.76
2015-05-26 21:00:00,3.78,3.77,3.79,3.88,3.81,3.79,3.78,3.72,3.84,3.9,3.77,3.7,3.79,3.8,3.67,3.81,3.71
2015-05-26 22:00:00,3.74,3.7,3.75,3.86,3.78,3.76,3.75,3.69,3.83,3.84,3.73,3.67,3.78,3.74,3.66,3.74,3.68
2015-05-26 23:00:00,3.71,3.66,3.69,3.84,3.75,3.74,3.73,3.67,3.75,3.79,3.69,3.65,3.76,3.68,3.64,3.65,3.66
2015-05-27 00:00:00,3.67,3.66,3.6,3.77,3.71,3.7,3.71,3.65,3.69,3.73,3.65,3.64,3.74,3.65,3.61,3.59,3.68
2015-05-27 01:00:00,3.64,3.65,3.55,3.72,3.67,3.65,3.68,3.61,3.64,3.67,3.62,3.64,3.71,3.62,3.59,3.57,3.68
2015-05-27 02:00:00,3.61,3.64,3.52,3.66,3.63,3.61,3.64,3.58,3.57,3.6,3.61,3.63,3.67,3.61,3.58,3.58,3.66
2015-05-27 03:00:00,3.59,3.65,3.51,3.62,3.59,3.57,3.61,3.57,3.54,3.54,3.61,3.63,3.62,3.58,3.58,3.54,3.66
2015-05-27 04:00:00,3.59,3.66,3.56,3.59,3.6,3.57,3.59,3.58,3.53,3.5,3.62,3.67,3.6,3.58,3.61,3.57,3.68
2015-05-27 05:00:00,3.63,3.69,3.68,3.57,3.65,3.62,3.58,3.59,3.63,3.48,3.63,3.73,3.62,3.59,3.68,3.66,3.72
2015-05-27 06:00:00,3.66,3.72,3.77,3.57,3.71,3.68,3.58,3.63,3.74,3.45,3.66,3.77,3.67,3.57,3.72,3.75,3.75
2015-05-27 07:00:00,3.69,3.75,3.82,3.57,3.74,3.73,3.58,3.68,3.83,3.42,3.69,3.8,3.71,3.58,3.77,3.79,3.77
2015-05-27 08:00:00,3.72,3.76,3.87,3.55,3.79,3.79,3.58,3.72,3.85,3.39,3.74,3.81,3.76,3.59,3.82,3.83,3.79
2015-05-27 09:00:00,3.74,3.76,3.91,3.56,3.78,3.78,3.59,3.75,3.88,3.39,3.77,3.86,3.78,3.61,3.84,3.83,3.84
2015-05-27 10:00:00,3.75,3.77,3.89,3.57,3.81,3.8,3.6,3.79,3.86,3.41,3.81,3.86,3.79,3.64,3.86,3.86,3.82
2015-05-27 11:00:00,3.77,3.8,3.93,3.57,3.85,3.84,3.62,3.81,3.93,3.43,3.82,3.88,3.8,3.64,3.87,3.88,3.83
2015-05-27 12:00:00,3.78,3.81,3.98,3.57,3.82,3.85,3.65,3.83,3.87,3.43,3.86,3.88,3.78,3.65,3.87,3.89,3.85
2015-05-27 13:00:00,3.79,3.82,3.96,3.58,3.82,3.87,3.65,3.86,3.87,3.43,3.88,3.88,3.79,3.67,3.88,3.92,3.86
2015-05-27 14:00:00,3.8,3.83,3.99,3.61,3.83,3.89,3.63,3.87,3.86,3.43,3.84,3.88,3.8,3.69,3.85,3.89,3.86
2015-05-27 15:00:00,3.79,3.82,3.95,3.63,3.85,3.88,3.62,3.88,3.87,3.43,3.83,3.86,3.79,3.71,3.84,3.89,3.87
2015-05-27 16:00:00,3.79,3.81,3.93,3.63,3.85,3.88,3.6,3.89,3.88,3.43,3.8,3.86,3.78,3.71,3.8,3.87,3.87
2015-05-27 17:00:00,3.77,3.79,3.9,3.63,3.83,3.85,3.61,3.87,3.86,3.43,3.77,3.84,3.76,3.72,3.76,3.85,3.85
2015-05-27 18:00:00,3.75,3.77,3.87,3.62,3.81,3.82,3.6,3.83,3.81,3.43,3.73,3.81,3.74,3.69,3.72,3.82,3.83
2015-05-27 19:00:00,3.71,3.75,3.85,3.63,3.79,3.79,3.59,3.77,3.8,3.43,3.7,3.76,3.72,3.64,3.67,3.77,3.8
2015-05-27 20:00:00,3.69,3.72,3.82,3.63,3.78,3.76,3.58,3.72,3.79,3.44,3.67,3.71,3.7,3.62,3.63,3.73,3.75
2015-05-27 21:00:00,3.66,3.7,3.75,3.64,3.76,3.74,3.57,3.69,3.75,3.46,3.64,3.67,3.68,3.62,3.58,3.69,3.71
2015-05-27 22:00:00,3.64,3.69,3.65,3.64,3.75,3.72,3.56,3.67,3.72,3.47,3.62,3.64,3.67,3.62,3.54,3.67,3.67
2015-05-27 23:00:00,3.62,3.67,3.59,3.64,3.71,3.7,3.56,3.65,3.71,3.48,3.6,3.61,3.66,3.6,3.5,3.65,3.65
2015-05-28 00:00:00,3.6,3.64,3.5,3.64,3.65,3.68,3.56,3.59,3.7,3.48,3.59,3.62,3.64,3.62,3.49,3.64,3.62
2015-05-28 01:00:00,3.59,3.62,3.48,3.63,3.59,3.66,3.55,3.57,3.68,3.48,3.58,3.61,3.64,3.6,3.49,3.6,3.58
2015-05-28 02:00:00,3.56,3.62,3.43,3.61,3.54,3.63,3.55,3.56,3.65,3.47,3.55,3.59,3.63,3.58,3.48,3.54,3.52
2015-05-28 03:00:00,3.55,3.62,3.44,3.59,3.53,3.6,3.55,3.51,3.65,3.48,3.54,3.59,3.61,3.57,3.47,3.5,3.52
2015-05-28 04:00:00,3.58,3.61,3.53,3.61,3.56,3.61,3.56,3.56,3.66,3.5,3.55,3.61,3.62,3.62,3.54,3.55,3.59
2015-05-28 05:00:00,3.65,3.67,3.66,3.64,3.63,3.67,3.58,3.67,3.69,3.54,3.65,3.7,3.64,3.65,3.64,3.67,3.69
2015-05-28 06:00:00,3.72,3.72,3.8,3.72,3.77,3.71,3.62,3.75,3.74,3.59,3.68,3.8,3.67,3.69,3.73,3.79,3.79
2015-05-28 07:00:00,3.78,3.78,3.89,3.79,3.89,3.76,3.67,3.81,3.79,3.64,3.76,3.86,3.71,3.76,3.8,3.87,3.88
2015-05-28 08:00:00,3.83,3.84,3.92,3.82,3.98,3.81,3.71,3.86,3.84,3.71,3.83,3.91,3.75,3.78,3.87,3.91,3.98
2015-05-28 09:00:00,3.87,3.86,3.96,3.85,4.04,3.84,3.72,3.89,3.85,3.73,3.9,3.97,3.78,3.81,3.9,3.97,4.04
2015-05-28 10:00:00,3.9,3.92,4.0,3.9,4.09,3.86,3.74,3.92,3.88,3.74,3.95,4.01,3.81,3.87,3.94,4.02,4.09
2015-05-28 11:00:00,3.93,3.95,4.06,3.94,4.12,3.9,3.72,3.95,3.92,3.75,4.02,4.04,3.81,3.85,3.98,4.06,4.13
2015-05-28 12:00:00,3.96,3.99,4.14,3.95,4.16,3.93,3.73,3.99,3.93,3.76,4.04,4.07,3.85,3.86,4.03,4.1,4.12
2015-05-28 13:00:00,3.98,4.03,4.16,3.95,4.19,3.95,3.74,4.02,3.97,3.77,3.99,4.08,3.87,3.89,4.05,4.13,4.16
2015-05-28 14:00:00,3.99,4.04,4.14,3.99,4.21,3.95,3.73,4.03,4.0,3.78,4.02,4.1,3.91,3.94,4.05,4.14,4.15
2015-05-28 15:00:00,3.99,4.06,4.12,3.99,4.22,3.98,3.72,4.02,4.0,3.75,4.04,4.11,3.89,3.92,4.06,4.16,4.17
2015-05-28 16:00:00,3.98,4.08,4.12,3.97,4.21,3.97,3.71,4.02,4.0,3.77,4.0,4.09,3.86,3.87,4.05,4.16,4.17
2015-05-28 17:00:00,3.96,4.06,4.14,3.96,4.19,3.93,3.7,3.99,4.01,3.71,3.98,4.07,3.85,3.84,4.03,4.13,4.07
2015-05-28 18:00:00,3.89,3.97,4.07,3.84,4.15,3.89,3.64,3.91,3.95,3.66,3.88,4.03,3.77,3.77,3.96,4.08,3.95
2015-05-28 19:00:00,3.78,3.82,3.96,3.73,4.03,3.77,3.54,3.79,3.84,3.59,3.73,3.99,3.67,3.7,3.87,3.99,3.77
2015-05-28 20:00:00,3.71,3.74,3.96,3.67,3.97,3.67,3.45,3.7,3.76,3.5,3.62,3.93,3.62,3.65,3.8,3.92,3.75
2015-05-28 21:00:00,3.66,3.69,3.94,3.63,3.87,3.65,3.4,3.65,3.69,3.44,3.63,3.86,3.57,3.63,3.75,3.86,3.73
2015-05-28 22:00:00,3.63,3.69,3.91,3.57,3.81,3.6,3.36,3.63,3.68,3.4,3.54,3.84,3.56,3.59,3.74,3.82,3.72
2015-05-28 23:00:00,3.6,3.7,3.87,3.56,3.8,3.58,3.34,3.57,3.65,3.37,3.46,3.81,3.54,3.55,3.71,3.78,3.71
2015-05-29 00:00:00,3.57,3.69,3.85,3.52,3.78,3.54,3.33,3.53,3.61,3.36,3.43,3.78,3.48,3.51,3.7,3.73,3.69
2015-05-29 01:00:00,3.55,3.69,3.85,3.46,3.73,3.51,3.32,3.51,3.6,3.34,3.37,3.76,3.46,3.44,3.68,3.72,3.67
2015-05-29 02:00:00,3.53,3.67,3.77,3.42,3.7,3.48,3.31,3.49,3.58,3.34,3.35,3.73,3.45,3.39,3.67,3.71,3.64
2015-05-29 03:00:00,3.52,3.67,3.75,3.43,3.7,3.48,3.31,3.5,3.59,3.34,3.35,3.72,3.44,3.38,3.68,3.69,3.61
2015-05-29 04:00:00,3.58,3.69,3.74,3.55,3.71,3.55,3.38,3.61,3.61,3.38,3.61,3.72,3.5,3.42,3.72,3.69,3.62
2015-05-29 05:00:00,3.69,3.76,3.76,3.71,3.75,3.67,3.56,3.73,3.65,3.5,3.75,3.77,3.68,3.59,3.76,3.75,3.69
2015-05-29 06:00:00,3.8,3.84,3.87,3.83,3.81,3.79,3.73,3.83,3.79,3.68,3.87,3.81,3.81,3.76,3.79,3.82,3.75
2015-05-29 07:00:00,3.9,3.95,3.93,3.92,3.87,3.89,3.88,3.91,3.89,3.81,3.97,3.85,3.96,3.91,3.8,3.9,3.79
2015-05-29 08:00:00,3.97,4.01,4.02,3.99,3.92,3.96,3.99,3.99,3.93,3.9,4.04,3.88,4.07,3.98,3.82,4.0,3.83
2015-05-29 09:00:00,4.03,4.08,4.05,4.01,3.96,4.06,4.06,4.09,4.05,3.97,4.05,3.92,4.14,4.06,3.86,4.03,3.89
2015-05-29 10:00:00,4.09,4.14,4.14,4.07,4.0,4.11,4.14,4.13,4.13,4.03,4.05,3.95,4.18,4.11,3.91,4.09,3.93
2015-05-29 11:00:00,4.12,4.18,4.13,4.1,4.1,4.13,4.18,4.14,4.21,4.08,4.05,3.96,4.23,4.18,3.97,4.13,3.95
2015-05-29 12:00:00,4.16,4.23,4.14,4.14,4.15,4.16,4.22,4.19,4.28,4.13,4.07,3.96,4.27,4.18,4.01,4.16,3.97
2015-05-29 13:00:00,4.18,4.25,4.13,4.16,4.18,4.19,4.26,4.21,4.3,4.18,4.09,3.95,4.28,4.21,4.03,4.19,3.97
2015-05-29 14:00:00,4.2,4.27,4.2,4.2,4.2,4.24,4.26,4.22,4.36,4.22,4.1,3.94,4.3,4.27,4.04,4.22,3.96
2015-05-29 15:00:00,4.2,4.28,4.16,4.21,4.21,4.21,4.28,4.2,4.39,4.23,4.11,3.91,4.3,4.27,4.05,4.23,3.97
2015-05-29 16:00:00,4.19,4.26,4.19,4.2,4.18,4.21,4.26,4.21,4.34,4.23,4.11,3.91,4.29,4.25,4.03,4.24,3.98
2015-05-29 17:00:00,4.16,4.26,4.16,4.18,4.17,4.21,4.22,4.17,4.33,4.2,4.1,3.89,4.22,4.17,4.02,4.22,3.96
2015-05-29 18:00:00,4.09,4.14,4.14,4.09,4.1,4.16,4.13,4.08,4.27,4.11,3.96,3.87,4.15,4.12,3.96,4.17,3.93
2015-05-29 19:00:00,3.98,4.03,4.05,3.91,4.01,4.03,3.99,3.94,4.16,3.96,3.77,3.83,4.05,4.01,3.87,4.05,3.9
2015-05-29 20:00:00,3.9,3.99,3.91,3.8,3.98,3.97,3.89,3.86,4.06,3.85,3.69,3.79,3.96,3.95,3.8,4.02,3.86
2015-05-29 21:00:00,3.87,3.9,3.98,3.75,3.95,3.92,3.84,3.81,4.04,3.81,3.63,3.77,3.94,3.9,3.77,3.97,3.83
2015-05-29 22:00:00,3.85,3.84,3.97,3.72,3.92,3.92,3.79,3.8,4.05,3.76,3.59,3.76,3.97,3.85,3.77,3.94,3.87
2015-05-29 23:00:00,3.82,3.86,3.89,3.69,3.9,3.89,3.74,3.79,4.02,3.72,3.6,3.76,3.96,3.82,3.74,3.89,3.88
2015-05-30 00:00:00,3.82,3.91,3.87,3.7,3.88,3.87,3.71,3.83,3.99,3.68,3.63,3.78,3.89,3.77,3.75,3.87,3.86
2015-05-30 01:00:00,3.81,3.94,3.87,3.7,3.89,3.85,3.64,3.82,3.95,3.67,3.61,3.81,3.89,3.71,3.75,3.86,3.87
2015-05-30 02:00:00,3.79,3.94,3.82,3.71,3.87,3.83,3.63,3.81,3.89,3.64,3.63,3.83,3.83,3.69,3.76,3.88,3.86
2015-05-30 03:00:00,3.79,3.9,3.83,3.73,3.84,3.85,3.61,3.81,3.92,3.63,3.59,3.85,3.86,3.67,3.77,3.88,3.84
2015-05-30 04:00:00,3.84,3.91,3.88,3.81,3.84,3.91,3.67,3.86,3.93,3.73,3.77,3.87,3.89,3.73,3.81,3.91,3.85
2015-05-30 05:00:00,3.92,3.98,3.96,3.93,3.87,3.95,3.83,3.91,3.99,3.89,3.92,3.9,3.96,3.82,3.86,3.97,3.82
2015-05-30 06:00:00,4.0,4.05,4.0,4.04,3.87,4.03,3.99,4.01,4.09,4.01,3.98,3.94,4.07,3.91,3.93,4.04,3.81
2015-05-30 07:00:00,4.08,4.09,4.13,4.15,3.78,4.14,4.11,4.09,4.26,4.13,4.03,4.0,4.18,4.04,4.0,4.08,3.78
2015-05-30 08:00:00,4.14,4.13,4.23,4.24,3.8,4.23,4.22,4.17,4.28,4.22,4.14,4.03,4.27,4.11,4.06,4.07,3.74
2015-05-30 09:00:00,4.18,4.07,4.21,4.31,3.86,4.29,4.27,4.21,4.29,4.29,4.23,3.98,4.31,4.19,4.15,4.09,3.81
2015-05-30 10:00:00,4.2,4.02,4.23,4.35,3.89,4.3,4.36,4.28,4.34,4.33,4.27,3.87,4.33,4.29,4.21,4.11,3.85
2015-05-30 11:00:00,4.23,4.03,4.2,4.36,3.98,4.35,4.39,4.32,4.32,4.37,4.27,3.91,4.34,4.3,4.25,4.15,3.86
2015-05-30 12:00:00,4.23,4.01,4.17,4.39,3.99,4.32,4.4,4.34,4.34,4.41,4.28,3.91,4.35,4.39,4.2,4.12,3.83
2015-05-30 13:00:00,4.21,3.99,4.21,4.42,4.0,4.32,4.31,4.35,4.39,4.43,4.31,3.92,4.22,4.4,4.23,4.14,3.77
2015-05-30 14:00:00,4.19,4.07,4.14,4.34,4.04,4.26,4.18,4.33,4.24,4.39,4.35,3.88,4.3,4.29,4.21,4.1,3.8
2015-05-30 15:00:00,4.16,4.06,4.16,4.34,4.07,4.19,4.2,4.29,4.16,4.16,4.35,3.9,4.19,4.35,4.13,4.08,3.84
2015-05-30 16:00:00,4.1,4.05,4.18,4.23,4.02,4.14,4.18,4.22,4.2,4.1,4.32,3.87,4.0,4.3,4.05,4.04,3.87
2015-05-30 17:00:00,4.05,4.03,4.06,4.16,3.87,4.07,4.07,4.16,4.15,4.12,4.15,3.85,3.98,4.17,3.94,4.04,3.85
2015-05-30 18:00:00,3.98,3.99,3.88,4.06,3.86,4.05,3.97,4.1,4.11,4.05,4.01,3.83,3.96,4.03,3.9,3.99,3.77
2015-05-30 19:00:00,3.9,3.93,3.75,4.0,3.82,3.98,3.9,4.03,4.04,3.97,3.89,3.76,3.91,3.98,3.82,3.86,3.69
2015-05-30 20:00:00,3.85,3.89,3.8,3.95,3.79,3.9,3.85,3.97,3.92,3.93,3.83,3.71,3.88,3.95,3.73,3.77,3.64
2015-05-30 21:00:00,3.8,3.81,3.68,3.95,3.73,3.88,3.79,3.92,3.9,3.89,3.82,3.65,3.84,3.89,3.65,3.73,3.6
2015-05-30 22:00:00,3.77,3.75,3.6,3.94,3.66,3.84,3.76,3.86,3.86,3.86,3.76,3.66,3.84,3.84,3.61,3.69,3.57
2015-05-30 23:00:00,3.73,3.66,3.57,3.92,3.6,3.82,3.76,3.78,3.82,3.84,3.72,3.63,3.8,3.81,3.58,3.64,3.56
2015-05-31 00:00:00,3.69,3.6,3.56,3.88,3.57,3.82,3.76,3.71,3.8,3.8,3.64,3.58,3.79,3.77,3.56,3.58,3.55
2015-05-31 01:00:00,3.66,3.54,3.49,3.82,3.54,3.79,3.75,3.7,3.8,3.76,3.59,3.55,3.75,3.78,3.52,3.53,3.54
2015-05-31 02:00:00,3.63,3.48,3.46,3.78,3.49,3.74,3.76,3.69,3.75,3.75,3.55,3.53,3.71,3.77,3.54,3.49,3.53
2015-05-31 03:00:00,3.61,3.46,3.42,3.77,3.45,3.65,3.74,3.69,3.76,3.75,3.55,3.52,3.65,3.78,3.53,3.46,3.53
2015-05-31 04:00:00,3.64,3.45,3.53,3.83,3.47,3.64,3.75,3.72,3.75,3.77,3.67,3.57,3.67,3.8,3.59,3.51,3.56
2015-05-31 05:00:00,3.72,3.61,3.65,3.88,3.57,3.76,3.8,3.76,3.81,3.81,3.75,3.66,3.74,3.85,3.67,3.63,3.64
2015-05-31 06:00:00,3.81,3.77,3.78,3.91,3.71,3.83,3.86,3.83,3.89,3.87,3.85,3.74,3.82,3.9,3.77,3.75,3.72
2015-05-31 07:00:00,3.89,3.88,3.87,3.94,3.83,3.88,3.92,3.89,3.93,3.92,3.92,3.83,3.9,3.97,3.84,3.85,3.81
2015-05-31 08:00:00,3.95,3.96,3.95,4.03,3.94,3.96,3.98,3.96,3.97,3.98,3.98,3.88,3.97,4.03,3.89,3.94,3.87
2015-05-31 09:00:00,4.01,4.04,4.02,4.07,4.01,4.0,4.03,4.02,4.05,4.05,3.99,3.93,4.02,4.1,3.94,4.0,3.92
2015-05-31 10:00:00,4.06,4.08,4.03,4.12,4.08,4.05,4.08,4.05,4.12,4.08,4.03,3.97,4.08,4.13,4.0,4.07,3.98
2015-05-31 11:00:00,4.09,4.13,4.08,4.14,4.12,4.1,4.11,4.08,4.15,4.12,4.05,4.01,4.11,4.15,4.03,4.1,4.01
2015-05-31 12:00:00,4.13,4.18,4.12,4.17,4.18,4.11,4.16,4.13,4.17,4.16,4.09,4.03,4.15,4.2,4.06,4.15,4.06
2015-05-31 13:00:00,4.16,4.22,4.18,4.18,4.2,4.15,4.16,4.15,4.2,4.18,4.11,4.04,4.18,4.19,4.08,4.17,4.1
2015-05-31 14:00:00,4.18,4.23,4.2,4.2,4.23,4.16,4.21,4.17,4.21,4.21,4.12,4.03,4.19,4.22,4.11,4.2,4.13
2015-05-31 15:00:00,4.18,4.25,4.16,4.2,4.25,4.17,4.21,4.17,4.22,4.23,4.1,4.01,4.2,4.2,4.11,4.21,4.14
2015-05-31 16:00:00,4.17,4.23,4.15,4.18,4.27,4.15,4.21,4.15,4.23,4.23,4.09,4.0,4.19,4.17,4.08,4.22,4.15
2015-05-31 17:00:00,4.15,4.25,4.14,4.12,4.27,4.12,4.15,4.13,4.2,4.16,4.06,3.98,4.17,4.12,4.08,4.21,4.15
2015-05-31 18:00:00,4.08,4.15,4.11,4.05,4.22,4.06,4.07,4.07,4.13,4.08,3.96,3.95,4.1,4.06,4.01,4.16,4.13
2015-05-31 19:00:00,3.98,4.0,4.02,3.94,4.12,3.97,3.98,3.92,4.08,4.0,3.85,3.9,3.99,3.96,3.93,4.07,4.07
2015-05-31 20:00:00,3.9,3.88,3.99,3.83,4.06,3.86,3.88,3.82,4.01,3.96,3.66,3.85,3.94,3.89,3.84,3.96,4.07
2015-05-31 21:00:00,3.85,3.84,3.94,3.76,3.99,3.78,3.84,3.78,3.95,3.89,3.58,3.81,3.92,3.83,3.79,3.93,4.05
2015-05-31 22:00:00,3.81,3.76,3.87,3.7,3.96,3.78,3.78,3.74,3.88,3.86,3.55,3.79,3.88,3.8,3.74,3.89,4.04
2015-05-31 23:00:00,3.78,3.78,3.84,3.67,3.93,3.72,3.73,3.71,3.75,3.81,3.52,3.81,3.86,3.78,3.72,3.88,4.04
2015-06-01 00:00:00,3.76,3.77,3.81,3.63,3.93,3.71,3.69,3.69,3.71,3.76,3.47,3.81,3.84,3.78,3.72,3.86,4.05
2015-06-01 01:00:00,3.74,3.77,3.76,3.6,3.92,3.68,3.65,3.64,3.74,3.75,3.45,3.82,3.81,3.7,3.7,3.83,4.05
2015-06-01 02:00:00,3.73,3.76,3.79,3.59,3.92,3.69,3.63,3.63,3.92,3.73,3.43,3.82,3.81,3.68,3.73,3.83,4.05
2015-06-01 03:00:00,3.74,3.74,3.81,3.63,3.94,3.69,3.62,3.62,3.96,3.71,3.45,3.83,3.84,3.67,3.75,3.83,4.05
2015-06-01 04:00:00,3.82,3.8,3.87,3.77,3.98,3.82,3.69,3.76,4.0,3.77,3.75,3.87,3.88,3.77,3.84,3.87,4.04
2015-06-01 05:00:00,3.95,4.0,3.98,3.91,4.04,3.97,3.85,3.93,4.08,3.88,3.93,3.95,3.95,3.91,3.94,3.98,4.07
2015-06-01 06:00:00,4.08,4.18,4.13,4.09,4.12,4.11,4.0,4.09,4.14,4.05,4.05,4.02,4.08,4.04,4.06,4.13,4.03
2015-06-01 07:00:00,4.2,4.28,4.29,4.21,4.2,4.23,4.13,4.21,4.26,4.18,4.15,4.1,4.23,4.17,4.17,4.26,3.96
2015-06-01 08:00:00,4.27,4.35,4.41,4.29,4.22,4.31,4.23,4.3,4.38,4.31,4.22,4.1,4.3,4.24,4.25,4.35,3.89
2015-06-01 09:00:00,4.32,4.36,4.47,4.35,4.2,4.4,4.33,4.38,4.48,4.37,4.26,4.1,4.36,4.32,4.31,4.4,3.88
2015-06-01 10:00:00,4.35,4.38,4.45,4.41,4.11,4.44,4.4,4.42,4.47,4.42,4.31,4.04,4.41,4.38,4.37,4.38,3.87
2015-06-01 11:00:00,4.37,4.39,4.47,4.42,4.0,4.5,4.44,4.46,4.46,4.46,4.36,3.99,4.45,4.46,4.42,4.39,3.88
2015-06-01 12:00:00,4.37,4.42,4.47,4.47,3.96,4.47,4.49,4.48,4.46,4.47,4.4,3.9,4.47,4.48,4.36,4.38,3.88
2015-06-01 13:00:00,4.37,4.39,4.46,4.5,3.93,4.48,4.5,4.5,4.52,4.48,4.43,3.85,4.45,4.51,4.32,4.32,3.9
2015-06-01 14:00:00,4.36,4.42,4.46,4.51,3.96,4.51,4.51,4.5,4.21,4.47,4.46,3.85,4.41,4.51,4.31,4.32,3.9
2015-06-01 15:00:00,4.36,4.42,4.41,4.5,3.98,4.51,4.51,4.5,4.25,4.46,4.44,3.83,4.45,4.53,4.2,4.31,3.91
2015-06-01 16:00:00,4.32,4.4,4.3,4.49,3.92,4.43,4.49,4.47,4.36,4.47,4.43,3.81,4.37,4.5,4.07,4.28,3.9
2015-06-01 17:00:00,4.27,4.38,4.15,4.41,3.9,4.38,4.39,4.45,4.44,4.4,4.4,3.78,4.32,4.45,4.02,4.22,3.88
2015-06-01 18:00:00,4.2,4.3,4.06,4.34,3.84,4.3,4.3,4.37,4.39,4.31,4.26,3.77,4.27,4.36,3.91,4.14,3.86
2015-06-01 19:00:00,4.1,4.14,4.0,4.16,3.83,4.21,4.19,4.24,4.27,4.23,4.12,3.75,4.21,4.23,3.86,4.02,3.82
2015-06-01 20:00:00,4.03,4.01,3.98,4.05,3.81,4.13,4.07,4.18,4.09,4.15,4.06,3.71,4.16,4.15,3.82,3.94,3.72
2015-06-01 21:00:00,3.97,3.94,3.94,4.01,3.79,4.03,3.98,4.1,4.03,4.12,4.01,3.66,4.11,4.11,3.79,3.9,3.67
2015-06-01 22:00:00,3.93,3.91,3.88,3.95,3.78,3.99,3.92,4.05,4.11,4.05,3.94,3.62,4.09,4.09,3.75,3.89,3.66
2015-06-01 23:00:00,3.9,3.9,3.82,3.91,3.78,3.97,3.87,4.0,4.09,4.03,3.89,3.6,4.05,4.07,3.72,3.86,3.63
2015-06-02 00:00:00,3.88,3.9,3.77,3.89,3.76,3.92,3.85,3.98,4.02,4.02,3.87,3.57,4.06,4.06,3.71,3.84,3.65
2015-06-02 01:00:00,3.86,3.86,3.75,3.85,3.75,3.94,3.83,3.94,3.99,3.98,3.85,3.54,4.04,4.03,3.7,3.82,3.63
2015-06-02 02:00:00,3.83,3.85,3.73,3.84,3.74,3.93,3.8,3.91,3.93,3.95,3.87,3.51,3.94,4.01,3.7,3.81,3.62
2015-06-02 03:00:00,3.82,3.85,3.73,3.86,3.75,3.93,3.77,3.93,3.93,3.94,3.89,3.51,3.89,3.99,3.7,3.8,3.61
2015-06-02 04:00:00,3.87,3.86,3.74,3.98,3.76,3.97,3.86,3.97,3.96,3.97,3.96,3.57,3.95,3.98,3.72,3.81,3.64
2015-06-02 05:00:00,3.96,3.92,3.75,4.1,3.78,4.05,4.0,4.07,4.09,4.11,4.04,3.67,4.11,4.09,3.74,3.86,3.71
2015-06-02 06:00:00,4.06,4.03,3.82,4.27,3.87,4.14,4.18,4.17,4.17,4.24,4.11,3.78,4.24,4.21,3.8,3.91,3.75
2015-06-02 07:00:00,4.16,4.14,3.91,4.38,4.0,4.23,4.31,4.26,4.27,4.36,4.25,3.85,4.34,4.33,3.85,3.99,3.86
2015-06-02 08:00:00,4.25,4.27,3.97,4.47,4.08,4.28,4.39,4.34,4.34,4.44,4.35,3.95,4.42,4.43,3.98,4.13,3.96
2015-06-02 09:00:00,4.33,4.34,4.19,4.51,4.18,4.32,4.44,4.39,4.46,4.47,4.46,4.03,4.43,4.5,4.11,4.25,4.05
2015-06-02 10:00:00,4.39,4.4,4.34,4.49,4.23,4.4,4.52,4.46,4.55,4.5,4.46,4.1,4.4,4.53,4.25,4.32,4.13
2015-06-02 11:00:00,4.42,4.44,4.4,4.43,4.31,4.48,4.49,4.51,4.62,4.55,4.52,4.17,4.36,4.57,4.34,4.41,4.21
2015-06-02 12:00:00,4.45,4.5,4.43,4.48,4.34,4.54,4.41,4.49,4.6,4.59,4.55,4.24,4.44,4.58,4.4,4.45,4.24
2015-06-02 13:00:00,4.48,4.49,4.45,4.5,4.37,4.58,4.42,4.57,4.61,4.58,4.56,4.26,4.48,4.58,4.44,4.48,4.28
2015-06-02 14:00:00,4.5,4.47,4.5,4.53,4.45,4.6,4.38,4.59,4.68,4.48,4.57,4.3,4.55,4.6,4.45,4.52,4.34
2015-06-02 15:00:00,4.49,4.5,4.49,4.54,4.47,4.58,4.43,4.56,4.65,4.34,4.57,4.33,4.52,4.39,4.43,4.53,4.34
2015-06-02 16:00:00,4.49,4.52,4.49,4.53,4.48,4.56,4.46,4.52,4.67,4.39,4.53,4.33,4.54,4.45,4.42,4.52,4.36
2015-06-02 17:00:00,4.46,4.48,4.49,4.49,4.45,4.53,4.42,4.52,4.6,4.37,4.46,4.33,4.5,4.42,4.38,4.51,4.35
2015-06-02 18:00:00,4.4,4.42,4.44,4.37,4.43,4.45,4.33,4.45,4.59,4.29,4.39,4.31,4.4,4.35,4.34,4.46,4.34
2015-06-02 19:00:00,4.3,4.32,4.33,4.24,4.37,4.32,4.19,4.34,4.43,4.2,4.28,4.27,4.31,4.25,4.26,4.37,4.31
2015-06-02 20:00:00,4.22,4.18,4.27,4.15,4.32,4.21,4.08,4.27,4.25,4.17,4.2,4.27,4.24,4.17,4.16,4.29,4.28
2015-06-02 21:00:00,4.17,4.09,4.25,4.11,4.28,4.15,4.03,4.19,4.16,4.12,4.14,4.23,4.17,4.13,4.16,4.25,4.27
2015-06-02 22:00:00,4.14,4.04,4.25,4.07,4.21,4.09,3.99,4.17,4.15,4.1,4.12,4.2,4.17,4.08,4.14,4.22,4.26
2015-06-02 23:00:00,4.1,4.02,4.18,4.04,4.19,4.03,3.94,4.14,4.15,4.05,4.11,4.17,4.12,4.04,4.15,4.19,4.24
2015-06-03 00:00:00,4.07,3.95,4.13,4.02,4.18,4.02,3.91,4.09,4.14,4.03,4.08,4.13,4.11,4.0,4.12,4.17,4.22
2015-06-03 01:00:00,4.05,3.94,4.07,3.99,4.13,4.04,3.89,4.06,4.1,4.04,4.05,4.11,4.1,3.96,4.1,4.11,4.19
2015-06-03 02:00:00,4.02,3.88,4.02,3.94,4.1,4.06,3.87,4.04,4.06,4.01,4.01,4.1,4.08,3.92,4.08,4.06,4.19
2015-06-03 03:00:00,4.01,3.88,4.07,3.93,4.08,4.05,3.85,4.04,4.05,3.99,4.02,4.06,4.07,3.9,4.07,4.04,4.15
2015-06-03 04:00:00,4.07,3.97,4.09,4.05,4.09,4.08,3.94,4.13,4.08,4.02,4.11,4.09,4.13,3.98,4.12,4.09,4.18
2015-06-03 05:00:00,4.2,4.18,4.23,4.18,4.14,4.22,4.11,4.24,4.19,4.14,4.2,4.17,4.24,4.12,4.19,4.23,4.2
2015-06-03 06:00:00,4.32,4.34,4.36,4.32,4.27,4.34,4.28,4.37,4.34,4.27,4.31,4.23,4.35,4.27,4.26,4.34,4.25
2015-06-03 07:00:00,4.41,4.42,4.44,4.45,4.37,4.43,4.4,4.45,4.55,4.4,4.39,4.28,4.46,4.38,4.33,4.41,4.25
2015-06-03 08:00:00,4.47,4.51,4.54,4.51,4.45,4.49,4.5,4.53,4.6,4.49,4.44,4.31,4.52,4.48,4.38,4.49,4.19
2015-06-03 09:00:00,4.52,4.57,4.56,4.58,4.48,4.55,4.56,4.6,4.68,4.56,4.49,4.27,4.57,4.55,4.45,4.55,4.18
2015-06-03 10:00:00,4.56,4.61,4.61,4.62,4.55,4.59,4.6,4.61,4.7,4.61,4.57,4.24,4.62,4.59,4.49,4.6,4.21
2015-06-03 11:00:00,4.58,4.63,4.67,4.62,4.53,4.65,4.61,4.65,4.74,4.63,4.58,4.21,4.64,4.6,4.5,4.62,4.23
2015-06-03 12:00:00,4.6,4.64,4.68,4.63,4.47,4.68,4.63,4.68,4.76,4.66,4.59,4.21,4.67,4.63,4.5,4.66,4.21
2015-06-03 13:00:00,4.61,4.69,4.63,4.66,4.48,4.69,4.66,4.72,4.81,4.66,4.57,4.21,4.68,4.68,4.46,4.66,4.15
2015-06-03 14:00:00,4.6,4.67,4.62,4.67,4.48,4.7,4.67,4.7,4.82,4.65,4.6,4.15,4.69,4.67,4.4,4.66,4.15
2015-06-03 15:00:00,4.58,4.66,4.56,4.66,4.44,4.72,4.68,4.69,4.82,4.65,4.62,4.08,4.7,4.68,4.24,4.64,4.11
2015-06-03 16:00:00,4.54,4.65,4.51,4.64,4.38,4.68,4.66,4.66,4.74,4.65,4.41,4.05,4.67,4.68,4.17,4.55,4.08
2015-06-03 17:00:00,4.48,4.61,4.38,4.6,4.3,4.61,4.61,4.59,4.74,4.59,4.35,4.03,4.59,4.63,4.12,4.48,4.07
2015-06-03 18:00:00,4.39,4.48,4.25,4.5,4.22,4.53,4.5,4.49,4.66,4.51,4.28,4.0,4.55,4.52,4.02,4.36,4.02
2015-06-03 19:00:00,4.28,4.38,4.15,4.36,4.14,4.44,4.37,4.36,4.53,4.42,4.12,3.95,4.41,4.42,3.98,4.25,3.97
2015-06-03 20:00:00,4.21,4.3,4.05,4.29,4.03,4.36,4.26,4.26,4.46,4.37,4.02,3.89,4.41,4.35,3.93,4.15,3.9
2015-06-03 21:00:00,4.15,4.23,4.0,4.26,3.96,4.29,4.21,4.19,4.39,4.32,3.98,3.85,4.34,4.31,3.88,4.07,3.88
2015-06-03 22:00:00,4.11,4.18,3.96,4.28,3.88,4.22,4.23,4.09,4.32,4.27,3.92,3.83,4.32,4.26,3.82,4.01,3.83
2015-06-03 23:00:00,4.05,4.13,3.89,4.2,3.83,4.15,4.22,4.03,4.26,4.23,3.85,3.8,4.26,4.25,3.75,3.9,3.81
2015-07-01 00:00:00,3.89,3.89,3.75,3.91,3.95,3.87,3.93,3.96,3.91,3.83,3.92,3.79,3.96,4.01,3.75,3.88,3.82
2015-07-01 01:00:00,3.86,3.86,3.73,3.89,3.89,3.82,3.91,3.93,3.92,3.79,3.9,3.77,3.93,4.0,3.73,3.84,3.79
2015-07-01 02:00:00,3.82,3.79,3.71,3.85,3.86,3.8,3.87,3.87,3.85,3.76,3.89,3.75,3.89,3.96,3.73,3.79,3.77
2015-07-01 03:00:00,3.8,3.76,3.68,3.85,3.84,3.78,3.86,3.83,3.82,3.73,3.89,3.75,3.86,3.92,3.75,3.77,3.74
2015-07-01 04:00:00,3.87,3.82,3.79,3.93,3.89,3.89,3.89,3.93,3.91,3.8,3.91,3.84,3.91,3.98,3.83,3.85,3.82
2015-07-01 05:00:00,4.0,3.92,3.99,4.03,3.95,4.03,4.01,4.02,4.02,3.93,3.95,3.95,4.04,4.1,3.92,4.0,3.97
2015-07-01 06:00:00,4.11,4.05,4.12,4.13,4.08,4.13,4.12,4.11,4.16,4.07,3.99,4.08,4.18,4.18,4.01,4.11,4.1
2015-07-01 07:00:00,4.2,4.19,4.21,4.2,4.19,4.21,4.22,4.19,4.27,4.16,4.04,4.15,4.27,4.24,4.08,4.21,4.16
2015-07-01 08:00:00,4.27,4.32,4.26,4.25,4.25,4.29,4.27,4.27,4.41,4.29,4.1,4.17,4.35,4.28,4.15,4.27,4.2
2015-07-01 09:00:00,4.32,4.39,4.33,4.31,4.32,4.33,4.35,4.31,4.51,4.34,4.15,4.21,4.38,4.32,4.19,4.33,4.24
2015-07-01 10:00:00,4.36,4.42,4.41,4.35,4.36,4.39,4.36,4.37,4.47,4.4,4.2,4.23,4.41,4.32,4.25,4.38,4.26
2015-07-01 11:00:00,4.4,4.47,4.47,4.41,4.42,4.44,4.41,4.42,4.55,4.43,4.25,4.22,4.45,4.42,4.28,4.42,4.29
2015-07-01 12:00:00,4.43,4.49,4.49,4.42,4.47,4.45,4.45,4.44,4.59,4.46,4.27,4.25,4.49,4.42,4.31,4.46,4.3
2015-07-01 13:00:00,4.45,4.51,4.53,4.43,4.51,4.48,4.44,4.47,4.61,4.47,4.3,4.25,4.5,4.45,4.33,4.49,4.32
2015-07-01 14:00:00,4.47,4.54,4.53,4.44,4.54,4.49,4.47,4.5,4.62,4.46,4.36,4.26,4.53,4.46,4.34,4.51,4.31
2015-07-01 15:00:00,4.47,4.54,4.55,4.43,4.57,4.51,4.48,4.49,4.65,4.45,4.37,4.25,4.52,4.48,4.32,4.52,4.32
2015-07-01 16:00:00,4.46,4.53,4.54,4.41,4.57,4.5,4.45,4.47,4.62,4.45,4.33,4.22,4.52,4.46,4.27,4.53,4.33
2015-07-01 17:00:00,4.43,4.5,4.46,4.37,4.56,4.48,4.43,4.46,4.55,4.41,4.31,4.2,4.5,4.42,4.25,4.51,4.31
2015-07-01 18:00:00,4.37,4.46,4.39,4.29,4.51,4.43,4.36,4.39,4.47,4.35,4.28,4.15,4.43,4.35,4.19,4.45,4.28
2015-07-01 19:00:00,4.26,4.36,4.26,4.12,4.4,4.32,4.26,4.25,4.32,4.24,4.14,4.1,4.31,4.22,4.1,4.34,4.22
2015-07-01 20:00:00,4.14,4.2,4.14,4.02,4.29,4.11,4.18,4.14,4.2,4.17,4.05,4.02,4.2,4.09,4.02,4.22,4.15
2015-07-01 21:00:00,4.07,4.08,4.04,3.96,4.25,3.98,4.1,4.06,4.14,4.13,4.03,3.97,4.15,4.0,3.95,4.12,4.15
2015-07-01 22:00:00,4.01,3.95,3.95,3.9,4.2,4.02,4.0,4.0,4.03,4.04,3.98,3.93,4.08,3.94,3.9,4.08,4.11
2015-07-01 23:00:00,3.96,3.91,3.89,3.84,4.16,4.01,3.93,3.95,3.95,4.02,3.9,3.88,4.0,3.88,3.86,4.02,4.1
2015-07-02 00:00:00,3.91,3.87,3.83,3.84,4.1,3.99,3.87,3.91,3.89,3.91,3.87,3.85,3.91,3.84,3.83,4.0,4.05
2015-07-02 01:00:00,3.86,3.8,3.8,3.79,4.04,3.92,3.82,3.87,3.83,3.85,3.83,3.81,3.88,3.8,3.82,3.97,4.04
2015-07-02 02:00:00,3.83,3.78,3.78,3.75,4.01,3.89,3.78,3.84,3.79,3.8,3.74,3.79,3.87,3.77,3.8,3.91,3.99
2015-07-02 03:00:00,3.81,3.74,3.78,3.78,3.99,3.9,3.76,3.85,3.77,3.76,3.73,3.8,3.81,3.76,3.78,3.88,3.96
2015-07-02 04:00:00,3.9,3.78,3.89,3.88,4.01,3.95,3.83,3.95,3.86,3.82,3.92,3.89,3.89,3.88,3.85,3.96,3.99
2015-07-02 05:00:00,4.03,3.97,4.02,4.03,4.08,4.07,3.99,4.06,4.05,3.95,3.99,4.04,4.07,4.07,3.98,4.05,4.08
2015-07-02 06:00:00,4.16,4.15,4.1,4.16,4.18,4.17,4.15,4.16,4.22,4.09,4.08,4.14,4.22,4.23,4.09,4.17,4.17
2015-07-02 07:00:00,4.27,4.29,4.24,4.27,4.28,4.28,4.27,4.27,4.4,4.21,4.18,4.22,4.35,4.29,4.16,4.26,4.26
2015-07-02 08:00:00,4.35,4.42,4.32,4.34,4.39,4.37,4.35,4.35,4.49,4.32,4.23,4.27,4.42,4.35,4.24,4.36,4.35
2015-07-02 09:00:00,4.4,4.49,4.41,4.38,4.48,4.44,4.41,4.39,4.58,4.35,4.28,4.28,4.46,4.38,4.28,4.42,4.38
2015-07-02 10:00:00,4.45,4.52,4.47,4.43,4.54,4.49,4.45,4.44,4.61,4.39,4.35,4.31,4.49,4.42,4.3,4.48,4.39
2015-07-02 11:00:00,4.48,4.55,4.54,4.46,4.58,4.51,4.48,4.49,4.64,4.43,4.36,4.33,4.51,4.47,4.34,4.52,4.41
2015-07-02 12:00:00,4.51,4.58,4.53,4.49,4.62,4.55,4.5,4.51,4.69,4.45,4.41,4.38,4.55,4.5,4.36,4.56,4.45
2015-07-02 13:00:00,4.53,4.61,4.59,4.51,4.65,4.59,4.49,4.54,4.68,4.48,4.45,4.41,4.55,4.49,4.39,4.58,4.46
2015-07-02 14:00:00,4.55,4.62,4.56,4.52,4.67,4.6,4.53,4.57,4.69,4.49,4.48,4.4,4.55,4.52,4.42,4.61,4.47
2015-07-02 15:00:00,4.54,4.63,4.6,4.52,4.67,4.59,4.51,4.57,4.72,4.5,4.48,4.34,4.54,4.52,4.42,4.61,4.46
2015-07-02 16:00:00,4.53,4.62,4.58,4.51,4.67,4.59,4.49,4.56,4.72,4.47,4.46,4.3,4.55,4.5,4.42,4.61,4.47
2015-07-02 17:00:00,4.5,4.6,4.56,4.47,4.64,4.56,4.45,4.53,4.67,4.43,4.43,4.27,4.5,4.48,4.39,4.58,4.44
2015-07-02 18:00:00,4.44,4.54,4.51,4.4,4.59,4.5,4.37,4.45,4.6,4.38,4.38,4.25,4.45,4.42,4.34,4.53,4.4
2015-07-02 19:00:00,4.31,4.46,4.38,4.21,4.48,4.38,4.21,4.28,4.43,4.26,4.26,4.19,4.34,4.26,4.24,4.42,4.33
2015-07-02 20:00:00,4.19,4.3,4.26,4.07,4.39,4.22,4.11,4.15,4.29,4.15,4.03,4.1,4.26,4.14,4.14,4.32,4.19
2015-07-02 21:00:00,4.11,4.16,4.18,4.0,4.32,4.09,4.05,4.08,4.19,4.05,3.89,4.05,4.17,4.06,4.06,4.26,4.16
2015-07-02 22:00:00,4.05,4.06,4.18,3.95,4.27,4.0,3.93,4.04,4.12,3.98,3.85,4.03,4.11,4.0,4.01,4.18,4.14
2015-07-02 23:00:00,4.01,4.02,4.12,3.93,4.24,3.96,3.88,3.99,4.06,3.93,3.79,4.03,4.05,3.94,3.95,4.13,4.12
2015-07-03 00:00:00,3.97,3.96,4.11,3.88,4.19,3.96,3.83,3.95,3.96,3.87,3.74,4.02,4.04,3.87,3.92,4.1,4.11
2015-07-03 01:00:00,3.93,3.9,4.09,3.84,4.15,3.9,3.79,3.92,3.95,3.8,3.71,3.97,3.96,3.84,3.9,4.05,4.11
2015-07-03 02:00:00,3.89,3.87,4.01,3.8,4.08,3.86,3.76,3.89,3.88,3.75,3.68,3.95,3.93,3.79,3.88,4.01,4.07
2015-07-03 03:00:00,3.87,3.82,3.99,3.78,4.05,3.82,3.74,3.87,3.85,3.74,3.71,3.95,3.88,3.8,3.87,3.98,4.07
2015-07-03 04:00:00,3.96,3.88,4.08,3.92,4.1,3.91,3.83,3.99,3.95,3.8,3.92,4.02,3.98,3.9,3.96,4.05,4.1
2015-07-03 05:00:00,4.12,4.06,4.24,4.13,4.2,4.12,3.99,4.16,4.11,3.94,4.21,4.15,4.15,4.12,4.11,4.18,4.17
2015-07-03 06:00:00,4.27,4.25,4.35,4.28,4.32,4.3,4.16,4.3,4.27,4.12,4.35,4.26,4.28,4.26,4.28,4.3,4.29
2015-07-03 07:00:00,4.39,4.39,4.47,4.39,4.45,4.42,4.29,4.42,4.48,4.27,4.43,4.38,4.39,4.38,4.36,4.43,4.41
2015-07-03 08:00:00,4.49,4.5,4.58,4.44,4.58,4.52,4.41,4.51,4.6,4.42,4.49,4.47,4.47,4.46,4.45,4.53,4.52
2015-07-03 09:00:00,4.55,4.56,4.63,4.49,4.66,4.56,4.49,4.56,4.66,4.46,4.53,4.54,4.53,4.51,4.48,4.58,4.61
2015-07-03 10:00:00,4.59,4.63,4.66,4.51,4.69,4.6,4.53,4.57,4.68,4.5,4.59,4.59,4.58,4.56,4.53,4.63,4.68
2015-07-03 11:00:00,4.63,4.67,4.7,4.55,4.74,4.65,4.55,4.62,4.76,4.53,4.62,4.62,4.62,4.57,4.57,4.68,4.72
2015-07-03 12:00:00,4.67,4.72,4.75,4.58,4.79,4.68,4.59,4.67,4.79,4.57,4.66,4.67,4.65,4.6,4.61,4.72,4.75
2015-07-03 13:00:00,4.69,4.73,4.79,4.63,4.81,4.73,4.62,4.69,4.82,4.58,4.67,4.68,4.66,4.63,4.66,4.76,4.79
2015-07-03 14:00:00,4.7,4.76,4.83,4.63,4.82,4.72,4.63,4.71,4.81,4.6,4.69,4.6,4.68,4.62,4.69,4.77,4.8
2015-07-03 15:00:00,4.7,4.77,4.82,4.65,4.83,4.73,4.63,4.7,4.82,4.6,4.71,4.57,4.67,4.64,4.7,4.78,4.81
2015-07-03 16:00:00,4.69,4.76,4.81,4.63,4.82,4.71,4.61,4.7,4.79,4.58,4.7,4.56,4.66,4.62,4.69,4.77,4.73
2015-07-03 17:00:00,4.65,4.72,4.8,4.6,4.8,4.69,4.58,4.67,4.76,4.54,4.65,4.51,4.62,4.59,4.61,4.75,4.68
2015-07-03 18:00:00,4.58,4.64,4.74,4.52,4.74,4.62,4.49,4.57,4.69,4.46,4.5,4.47,4.55,4.51,4.54,4.69,4.62
2015-07-03 19:00:00,4.42,4.49,4.57,4.31,4.6,4.48,4.3,4.4,4.53,4.33,4.3,4.38,4.43,4.33,4.42,4.53,4.47
2015-07-03 20:00:00,4.28,4.32,4.4,4.11,4.49,4.28,4.18,4.27,4.4,4.21,4.12,4.28,4.32,4.23,4.3,4.38,4.34
2015-07-03 21:00:00,4.2,4.2,4.22,4.02,4.44,4.26,4.07,4.19,4.31,4.13,3.99,4.25,4.23,4.22,4.26,4.26,4.36
2015-07-03 22:00:00,4.14,4.15,4.3,3.97,4.39,4.15,4.02,4.1,4.23,4.08,3.92,4.18,4.15,4.2,4.23,4.18,4.29
2015-07-03 23:00:00,4.09,4.08,4.28,3.93,4.38,4.08,3.94,4.04,4.15,4.0,3.87,4.15,4.09,4.11,4.19,4.18,4.28
2015-07-04 00:00:00,4.04,4.02,4.25,3.87,4.32,4.01,3.9,3.98,4.07,3.93,3.84,4.12,4.05,4.08,4.14,4.15,4.23
2015-07-04 01:00:00,4.0,3.99,4.2,3.85,4.25,3.96,3.9,3.95,4.02,3.88,3.79,4.09,4.01,3.99,4.12,4.12,4.18
2015-07-04 02:00:00,3.96,3.95,4.15,3.81,4.2,3.91,3.86,3.9,4.0,3.84,3.77,4.06,4.01,3.91,4.08,4.06,4.15
2015-07-04 03:00:00,3.95,3.91,4.12,3.83,4.15,3.92,3.82,3.91,3.97,3.82,3.79,4.06,3.98,3.92,4.07,4.03,4.12
2015-07-04 04:00:00,4.04,3.95,4.23,3.98,4.18,4.06,3.93,4.05,4.05,3.87,4.05,4.1,4.03,4.03,4.16,4.1,4.19
2015-07-04 05:00:00,4.2,4.12,4.35,4.2,4.28,4.19,4.09,4.22,4.21,4.01,4.31,4.22,4.2,4.19,4.3,4.24,4.3
2015-07-04 06:00:00,4.36,4.31,4.46,4.38,4.4,4.36,4.26,4.39,4.37,4.19,4.46,4.38,4.35,4.35,4.43,4.38,4.42
2015-07-04 07:00:00,4.5,4.51,4.6,4.52,4.57,4.53,4.39,4.54,4.55,4.35,4.58,4.51,4.5,4.45,4.53,4.51,4.55
2015-07-04 08:00:00,4.61,4.65,4.71,4.59,4.7,4.64,4.49,4.63,4.69,4.47,4.63,4.62,4.59,4.54,4.6,4.62,4.69
2015-07-04 09:00:00,4.68,4.76,4.79,4.65,4.8,4.7,4.58,4.68,4.75,4.55,4.68,4.69,4.68,4.59,4.64,4.71,4.79
2015-07-04 10:00:00,4.74,4.83,4.82,4.69,4.87,4.76,4.63,4.72,4.83,4.62,4.7,4.73,4.73,4.66,4.7,4.77,4.83
2015-07-04 11:00:00,4.77,4.87,4.85,4.73,4.94,4.8,4.69,4.75,4.88,4.65,4.75,4.74,4.77,4.67,4.74,4.82,4.88
2015-07-04 12:00:00,4.81,4.9,4.87,4.75,4.97,4.84,4.71,4.78,4.91,4.69,4.77,4.74,4.81,4.71,4.77,4.88,4.91
2015-07-04 13:00:00,4.83,4.93,4.89,4.79,5.01,4.87,4.74,4.81,5.0,4.74,4.8,4.72,4.82,4.75,4.8,4.91,4.94
2015-07-04 14:00:00,4.84,4.95,4.94,4.78,5.04,4.87,4.76,4.83,5.0,4.74,4.79,4.73,4.84,4.78,4.81,4.93,4.83
2015-07-04 15:00:00,4.85,4.95,4.95,4.79,5.04,4.89,4.75,4.84,5.02,4.74,4.8,4.73,4.84,4.78,4.8,4.95,4.81
2015-07-04 16:00:00,4.83,4.95,4.95,4.77,5.03,4.87,4.75,4.83,5.0,4.7,4.77,4.68,4.83,4.76,4.8,4.94,4.72
2015-07-04 17:00:00,4.79,4.93,4.92,4.72,4.99,4.84,4.71,4.79,4.99,4.66,4.77,4.63,4.79,4.7,4.76,4.91,4.73
2015-07-04 18:00:00,4.7,4.82,4.86,4.59,4.91,4.76,4.59,4.7,4.92,4.54,4.63,4.57,4.66,4.59,4.68,4.84,4.72
2015-07-04 19:00:00,4.53,4.65,4.67,4.4,4.78,4.58,4.4,4.5,4.73,4.42,4.36,4.47,4.46,4.48,4.54,4.67,4.64
2015-07-04 20:00:00,4.39,4.44,4.41,4.25,4.71,4.41,4.25,4.35,4.61,4.32,4.2,4.41,4.37,4.34,4.42,4.53,4.52
2015-07-04 21:00:00,4.29,4.3,4.27,4.15,4.66,4.28,4.18,4.2,4.52,4.23,4.09,4.33,4.3,4.27,4.35,4.39,4.5
2015-07-04 22:00:00,4.22,4.24,4.2,4.1,4.61,4.19,4.11,4.14,4.46,4.14,4.01,4.28,4.24,4.16,4.31,4.33,4.53
2015-07-04 23:00:00,4.17,4.15,4.15,4.06,4.57,4.14,4.06,4.08,4.35,4.07,3.97,4.26,4.22,4.12,4.25,4.28,4.46
2015-07-05 00:00:00,4.12,4.12,4.1,4.04,4.52,4.1,4.01,4.04,4.25,4.02,3.93,4.22,4.14,4.1,4.19,4.21,4.43
2015-07-05 01:00:00,4.09,4.09,4.05,4.01,4.49,4.05,3.97,4.0,4.14,3.96,3.9,4.19,4.12,4.06,4.16,4.18,4.41
2015-07-05 02:00:00,4.06,4.05,4.02,3.95,4.42,4.01,3.95,3.98,4.09,3.91,3.88,4.2,4.11,4.02,4.14,4.17,4.38
2015-07-05 03:00:00,4.05,4.04,4.03,3.94,4.39,3.98,3.93,3.97,4.06,3.9,3.91,4.2,4.09,3.97,4.13,4.18,4.36
2015-07-05 04:00:00,4.13,4.06,4.19,4.08,4.38,4.07,3.99,4.11,4.15,3.94,4.11,4.23,4.12,4.07,4.21,4.22,4.38
2015-07-05 05:00:00,4.28,4.18,4.37,4.31,4.37,4.28,4.16,4.32,4.22,4.09,4.38,4.32,4.27,4.21,4.35,4.3,4.41
2015-07-05 06:00:00,4.42,4.34,4.52,4.49,4.38,4.42,4.33,4.51,4.37,4.25,4.52,4.45,4.41,4.4,4.5,4.42,4.44
2015-07-05 07:00:00,4.56,4.55,4.68,4.61,4.43,4.59,4.49,4.67,4.58,4.41,4.61,4.57,4.54,4.53,4.59,4.59,4.45
2015-07-05 08:00:00,4.68,4.7,4.85,4.69,4.5,4.73,4.61,4.75,4.74,4.55,4.71,4.63,4.69,4.66,4.71,4.69,4.56
2015-07-05 09:00:00,4.77,4.84,4.95,4.74,4.63,4.83,4.71,4.81,4.86,4.64,4.77,4.67,4.78,4.73,4.77,4.8,4.62
2015-07-05 10:00:00,4.81,4.78,4.96,4.78,4.77,4.87,4.77,4.87,4.95,4.7,4.8,4.71,4.84,4.77,4.8,4.83,4.69
2015-07-05 11:00:00,4.84,4.72,4.99,4.8,4.89,4.91,4.81,4.89,4.99,4.75,4.86,4.71,4.88,4.82,4.84,4.89,4.7
2015-07-05 12:00:00,4.87,4.76,5.07,4.84,4.93,4.96,4.84,4.93,5.05,4.78,4.85,4.73,4.91,4.84,4.88,4.92,4.71
2015-07-05 13:00:00,4.9,4.84,5.07,4.85,4.97,4.98,4.87,4.94,5.07,4.81,4.87,4.68,4.93,4.89,4.87,4.96,4.73
2015-07-05 14:00:00,4.91,4.9,5.08,4.87,4.99,4.99,4.89,4.97,5.05,4.82,4.86,4.69,4.95,4.88,4.89,4.97,4.75
2015-07-05 15:00:00,4.9,4.93,5.06,4.85,5.0,4.98,4.87,4.95,4.94,4.84,4.87,4.64,4.95,4.87,4.89,4.99,4.68
2015-07-05 16:00:00,4.88,4.93,5.06,4.83,4.99,4.95,4.84,4.93,4.92,4.81,4.86,4.61,4.91,4.87,4.88,4.98,4.67
2015-07-05 17:00:00,4.84,4.86,5.04,4.78,4.95,4.92,4.8,4.88,4.89,4.77,4.8,4.6,4.84,4.84,4.83,4.93,4.62
2015-07-05 18:00:00,4.73,4.7,4.95,4.67,4.86,4.83,4.69,4.77,4.77,4.67,4.6,4.55,4.68,4.75,4.73,4.87,4.58
2015-07-05 19:00:00,4.59,4.56,4.76,4.44,4.76,4.65,4.48,4.64,4.69,4.53,4.43,4.51,4.53,4.59,4.6,4.75,4.52
2015-07-05 20:00:00,4.46,4.44,4.56,4.29,4.71,4.47,4.38,4.45,4.59,4.44,4.29,4.44,4.44,4.49,4.48,4.6,4.47
2015-07-05 21:00:00,4.39,4.37,4.49,4.19,4.68,4.38,4.31,4.38,4.46,4.27,4.22,4.4,4.37,4.38,4.44,4.54,4.45
2015-07-05 22:00:00,4.32,4.28,4.41,4.13,4.63,4.3,4.23,4.27,4.34,4.21,4.15,4.38,4.34,4.34,4.37,4.5,4.54
2015-07-05 23:00:00,4.27,4.27,4.31,4.09,4.48,4.25,4.18,4.22,4.28,4.2,4.09,4.36,4.31,4.28,4.32,4.44,4.41
2015-07-06 00:00:00,4.23,4.22,4.25,4.06,4.43,4.22,4.13,4.18,4.23,4.14,4.06,4.34,4.25,4.26,4.29,4.41,4.38
2015-07-06 01:00:00,4.21,4.28,4.21,4.03,4.37,4.19,4.1,4.13,4.2,4.09,4.02,4.33,4.24,4.14,4.27,4.4,4.32
2015-07-06 02:00:00,4.19,4.31,4.26,4.01,4.31,4.17,4.07,4.13,4.16,4.06,4.05,4.34,4.21,4.11,4.24,4.35,4.28
2015-07-06 03:00:00,4.19,4.31,4.42,3.99,4.29,4.17,4.07,4.12,4.16,4.04,4.03,4.31,4.19,4.11,4.26,4.37,4.27
2015-07-06 04:00:00,4.25,4.28,4.42,4.12,4.29,4.27,4.13,4.25,4.36,4.1,4.22,4.26,4.23,4.18,4.32,4.36,4.26
2015-07-06 05:00:00,4.35,4.36,4.44,4.34,4.29,4.35,4.27,4.41,4.49,4.22,4.42,4.29,4.34,4.31,4.42,4.37,4.27
2015-07-06 06:00:00,4.46,4.43,4.45,4.54,4.31,4.5,4.43,4.56,4.59,4.39,4.58,4.32,4.53,4.46,4.51,4.41,4.24
2015-07-06 07:00:00,4.54,4.52,4.39,4.68,4.29,4.61,4.58,4.69,4.67,4.54,4.67,4.32,4.63,4.58,4.54,4.43,4.19
2015-07-06 08:00:00,4.59,4.58,4.4,4.8,4.27,4.65,4.7,4.72,4.72,4.66,4.8,4.3,4.7,4.69,4.52,4.47,4.21
2015-07-06 09:00:00,4.62,4.58,4.47,4.87,4.27,4.64,4.78,4.74,4.75,4.77,4.84,4.25,4.74,4.8,4.43,4.48,4.24
2015-07-06 10:00:00,4.63,4.52,4.52,4.91,4.34,4.65,4.85,4.71,4.83,4.83,4.86,4.22,4.74,4.89,4.36,4.46,4.32
2015-07-06 11:00:00,4.64,4.51,4.58,4.93,4.4,4.72,4.85,4.7,4.87,4.87,4.75,4.22,4.82,4.91,4.39,4.43,4.33
2015-07-06 12:00:00,4.64,4.5,4.47,4.96,4.45,4.72,4.9,4.58,4.8,4.93,4.54,4.26,4.86,4.88,4.39,4.51,4.36
2015-07-06 13:00:00,4.64,4.55,4.41,4.82,4.47,4.68,4.89,4.64,4.75,4.94,4.47,4.32,4.86,4.73,4.44,4.54,4.36
2015-07-06 14:00:00,4.63,4.59,4.46,4.71,4.52,4.69,4.89,4.63,4.7,4.94,4.59,4.33,4.8,4.75,4.32,4.55,4.37
2015-07-06 15:00:00,4.61,4.58,4.48,4.54,4.54,4.64,4.85,4.66,4.63,4.86,4.62,4.31,4.73,4.74,4.29,4.54,4.37
2015-07-06 16:00:00,4.58,4.59,4.53,4.62,4.51,4.6,4.8,4.62,4.68,4.72,4.5,4.29,4.66,4.71,4.29,4.53,4.36
2015-07-06 17:00:00,4.54,4.55,4.49,4.6,4.49,4.56,4.74,4.56,4.66,4.68,4.39,4.25,4.61,4.66,4.28,4.5,4.32
2015-07-06 18:00:00,4.47,4.48,4.43,4.54,4.46,4.48,4.64,4.47,4.57,4.62,4.26,4.21,4.55,4.59,4.23,4.44,4.28
2015-07-06 19:00:00,4.37,4.36,4.36,4.42,4.39,4.37,4.55,4.38,4.45,4.54,4.18,4.14,4.45,4.52,4.14,4.32,4.21
2015-07-06 20:00:00,4.28,4.2,4.2,4.36,4.26,4.22,4.48,4.3,4.3,4.48,4.12,4.09,4.37,4.45,4.07,4.22,4.09
2015-07-06 21:00:00,4.19,4.1,4.12,4.32,4.19,4.07,4.42,4.23,4.21,4.38,4.05,4.04,4.27,4.38,3.99,4.12,4.02
2015-07-06 22:00:00,4.13,4.0,4.08,4.28,4.13,4.01,4.38,4.13,4.09,4.33,3.98,4.02,4.21,4.28,3.96,4.02,3.99
2015-07-06 23:00:00,4.05,3.92,3.95,4.2,4.06,3.95,4.34,4.01,4.03,4.31,3.94,4.0,4.09,4.2,3.95,3.96,3.95
2015-07-07 00:00:00,4.01,3.89,3.85,4.13,4.07,3.91,4.25,3.94,3.99,4.29,3.9,3.96,4.05,4.14,3.93,3.93,3.93
2015-07-07 01:00:00,3.96,3.84,3.81,4.04,4.01,3.87,4.18,3.91,3.94,4.26,3.85,3.94,4.02,4.02,3.91,3.87,3.93
2015-07-07 02:00:00,3.92,3.83,3.78,3.97,3.98,3.83,4.12,3.85,3.91,4.19,3.86,3.92,3.98,3.98,3.88,3.84,3.93
2015-07-07 03:00:00,3.89,3.78,3.76,3.91,3.94,3.8,4.07,3.81,3.87,4.16,3.86,3.93,3.95,3.95,3.83,3.81,3.92
2015-07-07 04:00:00,3.96,3.83,3.9,4.02,3.98,3.91,4.12,3.92,3.96,4.19,3.94,3.97,3.99,4.02,3.9,3.89,3.94
2015-07-07 05:00:00,4.12,3.98,4.13,4.19,4.09,4.11,4.23,4.12,4.12,4.25,4.03,4.08,4.17,4.17,4.01,4.05,4.05
2015-07-07 06:00:00,4.25,4.16,4.23,4.28,4.23,4.31,4.35,4.24,4.29,4.34,4.12,4.15,4.32,4.31,4.13,4.25,4.17
2015-07-07 07:00:00,4.37,4.35,4.38,4.35,4.36,4.43,4.45,4.34,4.46,4.41,4.23,4.25,4.44,4.4,4.22,4.39,4.26
2015-07-07 08:00:00,4.45,4.51,4.47,4.41,4.45,4.49,4.52,4.45,4.53,4.48,4.31,4.31,4.52,4.46,4.29,4.49,4.33
2015-07-07 09:00:00,4.52,4.62,4.53,4.47,4.53,4.55,4.6,4.51,4.62,4.52,4.35,4.35,4.59,4.51,4.35,4.55,4.41
2015-07-07 10:00:00,4.57,4.69,4.58,4.52,4.6,4.61,4.64,4.56,4.73,4.58,4.4,4.38,4.65,4.57,4.42,4.59,4.45
2015-07-07 11:00:00,4.62,4.75,4.63,4.56,4.66,4.66,4.7,4.61,4.76,4.63,4.43,4.4,4.71,4.64,4.48,4.66,4.49
2015-07-07 12:00:00,4.68,4.8,4.68,4.62,4.73,4.71,4.76,4.67,4.87,4.7,4.49,4.44,4.75,4.69,4.53,4.72,4.52
2015-07-07 13:00:00,4.72,4.84,4.73,4.66,4.78,4.76,4.82,4.72,4.89,4.74,4.55,4.45,4.82,4.74,4.57,4.77,4.54
2015-07-07 14:00:00,4.75,4.89,4.77,4.69,4.82,4.8,4.84,4.75,4.92,4.77,4.56,4.42,4.85,4.75,4.58,4.79,4.55
2015-07-07 15:00:00,4.76,4.92,4.77,4.7,4.85,4.82,4.85,4.76,4.93,4.78,4.59,4.4,4.87,4.77,4.57,4.82,4.54
2015-07-07 16:00:00,4.76,4.92,4.77,4.7,4.88,4.83,4.83,4.76,4.92,4.77,4.59,4.38,4.86,4.75,4.55,4.83,4.53
2015-07-07 17:00:00,4.73,4.87,4.76,4.66,4.87,4.81,4.8,4.73,4.93,4.74,4.58,4.33,4.83,4.71,4.52,4.82,4.48
2015-07-07 18:00:00,4.65,4.77,4.67,4.58,4.81,4.74,4.68,4.65,4.88,4.67,4.47,4.3,4.73,4.61,4.46,4.78,4.41
2015-07-07 19:00:00,4.5,4.63,4.46,4.36,4.67,4.54,4.53,4.46,4.75,4.53,4.26,4.27,4.61,4.49,4.32,4.64,4.37
2015-07-07 20:00:00,4.4,4.5,4.28,4.23,4.53,4.43,4.44,4.35,4.66,4.42,4.11,4.22,4.58,4.43,4.21,4.51,4.32
2015-07-07 21:00:00,4.35,4.48,4.3,4.15,4.41,4.37,4.38,4.28,4.65,4.38,4.03,4.21,4.55,4.39,4.13,4.48,4.31
2015-07-07 22:00:00,4.33,4.5,4.32,4.14,4.21,4.38,4.35,4.25,4.61,4.35,3.96,4.21,4.53,4.34,4.09,4.45,4.29
2015-07-07 23:00:00,4.3,4.41,4.41,4.13,4.18,4.38,4.38,4.25,4.55,4.34,3.91,4.19,4.5,4.35,4.08,4.26,4.23
2015-07-08 00:00:00,4.27,4.31,4.29,4.13,4.17,4.43,4.4,4.26,4.56,4.34,3.91,4.16,4.53,4.32,4.09,3.99,4.21
2015-07-08 01:00:00,4.27,4.28,4.15,4.15,4.19,4.38,4.37,4.25,4.56,4.36,3.89,4.16,4.54,4.24,4.11,4.18,4.2
2015-07-08 02:00:00,4.26,4.22,4.18,4.12,4.19,4.3,4.36,4.22,4.48,4.39,3.96,4.14,4.53,4.26,4.23,4.18,4.18
2015-07-08 03:00:00,4.23,4.18,4.16,4.17,4.2,4.21,4.35,4.16,4.21,4.44,4.05,4.13,4.4,4.31,4.23,4.18,4.17
2015-07-08 04:00:00,4.21,4.18,4.2,4.29,4.21,4.19,4.31,4.14,4.18,4.48,4.13,4.15,4.18,4.3,4.23,4.19,4.18
2015-07-08 05:00:00,4.25,4.24,4.23,4.34,4.22,4.2,4.33,4.19,4.23,4.56,4.18,4.23,4.18,4.34,4.24,4.22,4.21
2015-07-08 06:00:00,4.27,4.28,4.29,4.36,4.26,4.25,4.23,4.22,4.28,4.55,4.23,4.29,4.22,4.22,4.31,4.27,4.23
2015-07-08 07:00:00,4.31,4.33,4.29,4.27,4.29,4.34,4.33,4.3,4.33,4.44,4.32,4.3,4.26,4.27,4.35,4.34,4.25
2015-07-08 08:00:00,4.38,4.4,4.33,4.36,4.23,4.39,4.5,4.4,4.3,4.49,4.38,4.31,4.37,4.35,4.41,4.38,4.29
2015-07-08 09:00:00,4.46,4.43,4.42,4.53,4.23,4.41,4.62,4.5,4.35,4.68,4.52,4.33,4.48,4.46,4.44,4.42,4.29
2015-07-08 10:00:00,4.5,4.39,4.53,4.64,4.31,4.45,4.73,4.5,4.48,4.8,4.59,4.35,4.52,4.47,4.43,4.4,4.3
2015-07-08 11:00:00,4.53,4.43,4.56,4.69,4.36,4.53,4.82,4.55,4.46,4.84,4.58,4.36,4.47,4.58,4.44,4.42,4.3
2015-07-08 12:00:00,4.51,4.41,4.52,4.68,4.38,4.54,4.76,4.57,4.47,4.86,4.63,4.32,4.42,4.65,4.49,4.39,4.21
2015-07-08 13:00:00,4.48,4.37,4.53,4.73,4.39,4.41,4.62,4.53,4.47,4.8,4.64,4.29,4.35,4.65,4.46,4.42,4.19
2015-07-08 14:00:00,4.42,4.42,4.47,4.69,4.38,4.21,4.46,4.55,4.46,4.5,4.58,4.23,4.29,4.55,4.42,4.45,4.19
2015-07-08 15:00:00,4.36,4.41,4.47,4.59,4.3,4.23,4.41,4.44,4.44,4.33,4.42,4.15,4.26,4.49,4.38,4.42,4.14
2015-07-08 16:00:00,4.31,4.38,4.5,4.47,4.32,4.24,4.37,4.33,4.43,4.23,4.4,4.06,4.24,4.41,4.28,4.38,4.11
2015-07-08 17:00:00,4.26,4.34,4.17,4.43,4.3,4.21,4.28,4.26,4.39,4.24,4.34,4.09,4.22,4.33,4.21,4.32,4.09
2015-07-08 18:00:00,4.22,4.3,4.16,4.35,4.24,4.21,4.19,4.25,4.34,4.21,4.28,4.07,4.22,4.26,4.1,4.27,4.11
2015-07-08 19:00:00,4.16,4.21,4.06,4.3,4.21,4.19,4.16,4.18,4.29,4.18,4.21,4.02,4.19,4.18,3.97,4.19,4.09
2015-07-08 20:00:00,4.11,4.08,3.92,4.21,4.17,4.13,4.13,4.16,4.21,4.13,4.16,3.96,4.15,4.17,3.94,4.09,4.06
2015-07-08 21:00:00,4.07,4.01,3.88,4.16,4.14,4.07,4.13,4.13,4.21,4.11,4.09,3.96,4.13,4.17,3.9,4.04,4.03
2015-07-08 22:00:00,4.05,3.96,3.9,4.16,4.1,4.01,4.11,4.09,4.14,4.09,4.08,3.94,4.11,4.16,3.89,3.99,4.02
2015-07-08 23:00:00,4.02,3.88,3.9,4.13,4.07,3.95,4.09,4.07,4.05,4.09,4.03,3.94,4.09,4.12,3.87,3.95,4.01
2015-07-09 00:00:00,3.99,3.85,3.93,4.12,4.05,3.87,4.08,4.02,3.99,4.09,3.98,3.92,4.04,4.09,3.86,3.94,3.99
2015-07-09 01:00:00,3.96,3.88,3.93,4.12,4.01,3.83,4.06,3.95,3.86,4.09,3.93,3.91,3.97,4.03,3.85,3.95,3.99
2015-07-09 02:00:00,3.94,3.93,3.93,4.1,4.0,3.83,4.04,3.89,3.92,4.08,3.86,3.92,3.9,3.97,3.85,3.92,3.96
2015-07-09 03:00:00,3.92,3.94,3.91,4.07,3.97,3.83,4.0,3.87,3.92,4.06,3.86,3.93,3.85,3.92,3.84,3.91,3.94
2015-07-09 04:00:00,3.95,3.9,3.92,4.05,3.98,3.9,4.01,3.94,3.95,4.06,3.93,3.93,3.92,3.93,3.9,3.95,3.95
2015-07-09 05:00:00,4.02,4.06,4.01,4.1,4.02,3.97,4.04,4.03,4.05,4.08,4.03,3.97,4.0,4.05,3.98,4.03,3.96
2015-07-09 06:00:00,4.09,4.13,4.05,4.16,4.0,4.07,4.1,4.13,4.17,4.11,4.12,4.0,4.11,4.14,4.04,4.08,3.97
2015-07-09 07:00:00,4.15,4.18,4.12,4.21,3.92,4.16,4.16,4.2,4.26,4.14,4.19,4.02,4.2,4.24,4.11,4.13,4.01
2015-07-09 08:00:00,4.19,4.2,4.15,4.28,3.91,4.19,4.23,4.24,4.32,4.21,4.25,4.05,4.23,4.29,4.16,4.12,4.04
2015-07-09 09:00:00,4.22,4.24,4.19,4.33,3.93,4.23,4.3,4.27,4.31,4.27,4.27,4.04,4.29,4.33,4.18,4.11,4.07
2015-07-09 10:00:00,4.24,4.21,4.21,4.38,4.0,4.25,4.34,4.32,4.38,4.31,4.25,4.03,4.31,4.37,4.13,4.09,4.07
2015-07-09 11:00:00,4.22,4.02,3.96,4.41,4.05,4.33,4.33,4.3,4.39,4.35,4.32,4.07,4.34,4.31,4.15,4.07,4.04
2015-07-09 12:00:00,4.2,3.93,3.99,4.44,4.04,4.21,4.37,4.31,4.39,4.38,4.36,4.09,4.3,4.28,4.11,4.03,4.05
2015-07-09 13:00:00,4.17,4.02,4.02,4.41,4.08,4.14,4.34,4.2,4.01,4.39,4.22,4.12,4.26,4.33,4.03,4.05,4.02
2015-07-09 14:00:00,4.14,4.09,4.16,4.42,4.13,3.96,4.26,4.16,3.94,4.34,4.21,4.06,4.07,4.39,3.99,4.07,4.0
2015-07-09 15:00:00,4.11,4.13,4.2,4.38,4.01,3.94,4.28,4.12,4.0,4.29,4.1,4.05,3.94,4.24,4.03,4.11,4.01
2015-07-09 16:00:00,4.07,4.12,4.21,4.36,4.1,4.01,4.01,4.01,4.1,4.28,4.02,3.98,3.96,4.16,4.05,4.09,3.95
2015-07-09 17:00:00,4.03,4.1,4.13,4.25,4.06,4.0,3.99,4.01,4.13,4.08,3.96,3.95,3.95,3.94,4.0,4.1,3.94
2015-07-09 18:00:00,3.99,4.07,4.04,4.03,4.02,3.99,3.95,4.0,4.11,4.01,3.96,3.92,3.95,3.93,3.93,4.03,3.93
2015-07-09 19:00:00,3.94,3.98,3.99,3.97,3.98,3.94,3.91,3.97,4.03,3.97,3.92,3.9,3.87,3.89,3.88,3.96,3.94
2015-07-09 20:00:00,3.89,3.88,3.99,3.93,3.95,3.83,3.87,3.89,3.97,3.95,3.86,3.91,3.82,3.82,3.86,3.94,3.93
2015-07-09 21:00:00,3.86,3.86,3.96,3.89,3.92,3.79,3.82,3.86,3.9,3.91,3.83,3.91,3.76,3.77,3.82,3.89,3.93
2015-07-09 22:00:00,3.83,3.82,3.95,3.88,3.88,3.72,3.77,3.85,3.83,3.88,3.83,3.9,3.75,3.78,3.83,3.86,3.93
2015-07-09 23:00:00,3.82,3.81,3.93,3.83,3.84,3.79,3.74,3.84,3.8,3.83,3.8,3.89,3.75,3.75,3.84,3.83,3.9
2015-07-10 00:00:00,3.8,3.8,3.92,3.81,3.83,3.77,3.72,3.84,3.83,3.78,3.78,3.88,3.72,3.72,3.83,3.79,3.89
2015-07-10 01:00:00,3.78,3.76,3.89,3.77,3.81,3.73,3.69,3.83,3.83,3.76,3.79,3.87,3.73,3.69,3.84,3.77,3.86
2015-07-10 02:00:00,3.76,3.72,3.87,3.73,3.81,3.7,3.68,3.82,3.81,3.71,3.79,3.86,3.69,3.66,3.84,3.77,3.85
2015-07-10 03:00:00,3.74,3.68,3.87,3.71,3.8,3.69,3.67,3.8,3.8,3.69,3.81,3.85,3.67,3.63,3.82,3.76,3.85
2015-07-10 04:00:00,3.77,3.73,3.85,3.77,3.81,3.72,3.7,3.81,3.79,3.75,3.81,3.84,3.73,3.7,3.82,3.78,3.85
2015-07-10 05:00:00,3.82,3.8,3.85,3.83,3.81,3.78,3.8,3.83,3.86,3.82,3.83,3.84,3.81,3.8,3.82,3.81,3.83
2015-07-10 06:00:00,3.87,3.84,3.88,3.91,3.82,3.84,3.85,3.87,3.92,3.9,3.87,3.86,3.88,3.86,3.84,3.85,3.85
2015-07-10 07:00:00,3.9,3.88,3.91,3.96,3.87,3.84,3.91,3.89,3.92,3.93,3.88,3.88,3.92,3.92,3.86,3.87,3.9
2015-07-10 08:00:00,3.92,3.9,3.91,4.01,3.89,3.86,3.95,3.91,4.0,3.97,3.85,3.92,3.94,3.89,3.91,3.9,3.92
2015-07-10 09:00:00,3.93,3.94,3.83,3.96,3.93,3.88,3.98,3.92,4.02,3.99,3.89,3.93,3.96,3.89,3.94,3.92,3.96
2015-07-10 10:00:00,3.96,3.96,3.87,3.97,3.97,3.9,4.02,3.93,4.09,4.03,3.87,3.95,4.01,3.94,3.91,3.93,3.97
2015-07-10 11:00:00,3.98,4.01,3.91,3.96,3.99,3.96,4.04,3.95,4.08,4.03,3.93,3.98,4.04,3.93,3.96,3.97,3.97
2015-07-10 12:00:00,4.0,4.05,3.99,3.95,4.01,3.99,4.06,3.92,4.14,4.04,3.99,4.0,4.07,3.95,3.96,3.98,4.01
2015-07-10 13:00:00,4.02,4.07,4.0,3.95,4.05,4.0,4.11,3.97,4.08,4.06,3.99,3.99,4.11,3.96,3.93,4.01,4.02
2015-07-10 14:00:00,4.04,4.08,4.0,3.96,4.07,4.02,4.13,4.01,4.16,4.08,3.98,3.97,4.11,3.97,3.97,4.02,4.03
2015-07-10 15:00:00,4.02,4.06,3.92,3.95,4.09,4.0,4.1,3.99,4.12,4.07,3.93,3.98,4.08,3.99,3.89,4.03,4.05
2015-07-10 16:00:00,4.01,4.06,3.96,3.95,4.13,4.02,4.08,3.93,4.14,4.03,3.89,3.97,4.06,4.01,3.86,4.03,4.04
2015-07-10 17:00:00,3.98,4.07,3.92,3.91,4.12,3.99,4.02,3.92,4.08,4.03,3.87,3.96,4.03,3.98,3.84,4.03,4.03
2015-07-10 18:00:00,3.95,4.02,3.95,3.84,4.09,3.95,3.95,3.89,4.05,3.94,3.84,3.95,3.98,3.91,3.83,4.02,4.01
2015-07-10 19:00:00,3.89,3.92,3.9,3.8,4.04,3.89,3.86,3.87,3.94,3.85,3.78,3.94,3.89,3.79,3.82,3.95,3.99
2015-07-10 20:00:00,3.84,3.8,3.9,3.75,3.98,3.84,3.78,3.87,3.83,3.77,3.75,3.94,3.82,3.72,3.81,3.88,3.95
2015-07-10 21:00:00,3.8,3.67,3.89,3.73,3.95,3.83,3.7,3.85,3.83,3.72,3.75,3.93,3.76,3.66,3.81,3.83,3.93
2015-07-10 22:00:00,3.78,3.64,3.89,3.73,3.89,3.8,3.69,3.83,3.76,3.68,3.75,3.95,3.71,3.63,3.81,3.82,3.9
2015-07-10 23:00:00,3.76,3.61,3.87,3.75,3.87,3.78,3.64,3.83,3.69,3.63,3.75,3.94,3.68,3.72,3.81,3.79,3.87
2015-07-11 00:00:00,3.74,3.59,3.86,3.74,3.84,3.78,3.63,3.82,3.67,3.63,3.75,3.94,3.65,3.71,3.8,3.76,3.86
2015-07-11 01:00:00,3.72,3.56,3.81,3.71,3.74,3.78,3.62,3.81,3.65,3.63,3.74,3.94,3.64,3.6,3.81,3.73,3.84
2015-07-11 02:00:00,3.69,3.55,3.73,3.7,3.66,3.74,3.55,3.81,3.62,3.61,3.77,3.93,3.61,3.63,3.82,3.68,3.82
2015-07-11 03:00:00,3.68,3.51,3.69,3.72,3.6,3.68,3.54,3.8,3.65,3.58,3.78,3.93,3.6,3.65,3.81,3.65,3.79
2015-07-11 04:00:00,3.71,3.52,3.71,3.75,3.65,3.67,3.65,3.82,3.7,3.61,3.81,3.93,3.64,3.69,3.83,3.69,3.8
2015-07-11 05:00:00,3.8,3.69,3.88,3.8,3.77,3.77,3.76,3.85,3.83,3.7,3.83,3.95,3.78,3.76,3.88,3.78,3.86
2015-07-11 06:00:00,3.89,3.85,3.94,3.86,3.87,3.88,3.88,3.89,3.95,3.78,3.88,3.99,3.9,3.86,3.93,3.89,3.93
2015-07-11 07:00:00,3.97,3.99,4.05,3.89,3.99,3.98,3.97,3.96,4.04,3.93,3.91,4.01,3.99,3.95,3.98,3.99,3.99
2015-07-11 08:00:00,4.04,4.09,4.09,3.93,4.05,4.04,4.03,4.03,4.12,4.01,3.93,4.06,4.06,4.04,4.03,4.05,4.03
2015-07-11 09:00:00,4.09,4.16,4.12,3.99,4.12,4.1,4.11,4.1,4.19,4.06,3.97,4.08,4.13,4.09,4.06,4.09,4.07
2015-07-11 10:00:00,4.13,4.22,4.16,4.08,4.2,4.11,4.15,4.11,4.27,4.1,3.99,4.09,4.18,4.12,4.05,4.16,4.1
2015-07-11 11:00:00,4.17,4.28,4.15,4.07,4.24,4.16,4.2,4.12,4.31,4.17,3.97,4.12,4.23,4.19,4.07,4.2,4.13
2015-07-11 12:00:00,4.21,4.34,4.19,4.12,4.31,4.2,4.26,4.16,4.4,4.2,4.04,4.11,4.28,4.2,4.08,4.25,4.14
2015-07-11 13:00:00,4.23,4.36,4.21,4.15,4.34,4.24,4.29,4.17,4.38,4.26,4.06,4.1,4.33,4.24,4.09,4.29,4.14
2015-07-11 14:00:00,4.25,4.36,4.2,4.15,4.34,4.29,4.33,4.16,4.41,4.27,4.13,4.1,4.35,4.25,4.08,4.32,4.15
2015-07-11 15:00:00,4.25,4.34,4.2,4.14,4.34,4.3,4.34,4.17,4.43,4.27,4.16,4.09,4.36,4.29,4.07,4.33,4.12
2015-07-11 16:00:00,4.24,4.32,4.22,4.13,4.33,4.3,4.34,4.15,4.42,4.26,4.12,4.1,4.35,4.26,4.02,4.34,4.11
2015-07-11 17:00:00,4.21,4.29,4.21,4.11,4.32,4.27,4.3,4.13,4.34,4.24,4.09,4.08,4.31,4.21,3.99,4.29,4.09
2015-07-11 18:00:00,4.16,4.25,4.17,4.07,4.25,4.21,4.2,4.11,4.28,4.18,4.05,4.07,4.2,4.13,3.97,4.24,4.07
2015-07-11 19:00:00,4.07,4.18,4.13,4.0,4.21,4.06,4.02,4.05,4.21,4.04,3.95,4.0,4.11,4.01,3.92,4.14,4.02
2015-07-11 20:00:00,3.98,4.09,3.92,3.93,4.12,3.89,3.91,4.01,4.18,3.95,3.93,3.93,4.0,3.91,3.89,4.07,3.94
2015-07-11 21:00:00,3.91,3.98,3.79,3.88,4.07,3.81,3.84,3.96,4.09,3.89,3.91,3.86,3.95,3.83,3.88,4.0,3.91
2015-07-11 22:00:00,3.86,3.94,3.73,3.86,4.06,3.73,3.79,3.92,4.02,3.79,3.89,3.8,3.9,3.76,3.86,3.94,3.91
2015-07-11 23:00:00,3.82,3.91,3.69,3.81,4.0,3.7,3.75,3.86,3.98,3.73,3.88,3.78,3.83,3.71,3.85,3.88,3.9
2015-07-12 00:00:00,3.79,3.85,3.65,3.81,3.97,3.7,3.7,3.8,3.98,3.67,3.86,3.8,3.82,3.66,3.82,3.85,3.88
2015-07-12 01:00:00,3.76,3.8,3.65,3.8,3.91,3.66,3.67,3.75,3.92,3.65,3.88,3.8,3.77,3.65,3.81,3.8,3.84
2015-07-12 02:00:00,3.73,3.72,3.65,3.77,3.88,3.63,3.65,3.72,3.81,3.61,3.87,3.76,3.74,3.63,3.83,3.79,3.81
2015-07-12 03:00:00,3.71,3.68,3.66,3.77,3.85,3.64,3.63,3.7,3.73,3.59,3.86,3.78,3.71,3.62,3.83,3.77,3.79
2015-07-12 04:00:00,3.76,3.71,3.73,3.84,3.89,3.72,3.68,3.78,3.8,3.63,3.89,3.82,3.76,3.69,3.84,3.81,3.82
2015-07-12 05:00:00,3.88,3.84,3.96,3.9,3.97,3.87,3.83,3.88,3.99,3.72,3.89,3.9,3.9,3.83,3.94,3.91,3.93
2015-07-12 06:00:00,4.01,3.97,4.02,3.97,4.07,4.07,4.01,3.99,4.05,3.89,3.99,3.99,4.05,3.99,4.0,4.04,4.04
2015-07-12 07:00:00,4.13,4.16,4.08,4.07,4.17,4.19,4.15,4.09,4.25,4.06,4.08,4.07,4.2,4.13,4.08,4.18,4.11
2015-07-12 08:00:00,4.22,4.3,4.14,4.09,4.27,4.28,4.26,4.18,4.37,4.18,4.17,4.13,4.3,4.22,4.17,4.27,4.19
2015-07-12 09:00:00,4.28,4.41,4.23,4.15,4.33,4.34,4.33,4.21,4.43,4.27,4.18,4.17,4.36,4.3,4.2,4.32,4.24
2015-07-12 10:00:00,4.33,4.46,4.28,4.2,4.4,4.4,4.39,4.26,4.49,4.33,4.18,4.23,4.41,4.35,4.25,4.37,4.3
2015-07-12 11:00:00,4.37,4.51,4.32,4.22,4.48,4.43,4.43,4.31,4.55,4.35,4.19,4.25,4.46,4.41,4.28,4.41,4.32
2015-07-12 12:00:00,4.41,4.58,4.35,4.25,4.5,4.46,4.47,4.37,4.6,4.4,4.3,4.27,4.5,4.43,4.32,4.45,4.33
2015-07-12 13:00:00,4.44,4.6,4.4,4.31,4.51,4.48,4.49,4.38,4.65,4.43,4.31,4.25,4.53,4.48,4.29,4.5,4.33
2015-07-12 14:00:00,4.44,4.61,4.41,4.36,4.4,4.52,4.53,4.4,4.64,4.44,4.3,4.19,4.57,4.47,4.25,4.49,4.26
2015-07-12 15:00:00,4.43,4.59,4.4,4.35,4.2,4.53,4.5,4.4,4.64,4.45,4.33,4.19,4.56,4.5,4.21,4.46,4.2
2015-07-12 16:00:00,4.4,4.54,4.33,4.35,4.13,4.5,4.49,4.38,4.62,4.43,4.29,4.19,4.56,4.47,4.18,4.4,4.17
2015-07-12 17:00:00,4.33,4.38,4.22,4.29,4.14,4.43,4.44,4.34,4.58,4.41,4.22,4.15,4.52,4.44,4.15,4.23,4.14
2015-07-12 18:00:00,4.27,4.24,4.17,4.22,4.12,4.35,4.36,4.25,4.5,4.32,4.18,4.12,4.45,4.36,4.12,4.2,4.15
2015-07-12 19:00:00,4.19,4.12,4.12,4.07,4.09,4.26,4.23,4.19,4.4,4.22,4.13,4.08,4.36,4.26,4.07,4.14,4.12
2015-07-12 20:00:00,4.11,4.08,4.07,3.98,4.06,4.13,4.15,4.1,4.14,4.11,4.09,4.05,4.22,4.22,4.03,4.11,4.1
2015-07-12 21:00:00,4.07,4.04,4.05,4.02,4.03,4.05,4.12,4.07,4.07,4.08,4.05,4.03,4.16,4.18,4.0,4.08,4.07
2015-07-12 22:00:00,4.05,4.01,4.02,4.03,4.02,4.0,4.12,4.06,4.05,4.04,4.03,4.02,4.1,4.09,3.96,4.07,4.06
2015-07-12 23:00:00,4.03,3.99,4.04,3.99,4.01,3.98,4.1,4.05,4.03,4.04,3.98,4.01,4.03,4.06,3.93,4.05,4.05
2015-07-13 00:00:00,4.01,3.98,4.06,4.01,4.0,3.97,4.05,4.02,4.0,3.99,3.96,4.01,4.0,4.02,3.91,4.03,4.04
2015-07-13 01:00:00,3.98,3.97,4.0,4.0,4.0,3.97,4.01,4.0,3.99,3.96,3.93,4.01,3.95,3.98,3.92,4.0,4.05
2015-07-13 02:00:00,3.97,3.97,3.99,3.95,4.0,3.97,3.97,3.99,3.98,3.94,3.93,4.02,3.94,3.96,3.92,4.0,4.04
2015-07-13 03:00:00,3.96,3.96,3.98,3.95,3.99,3.96,3.93,3.99,3.99,3.93,3.91,4.02,3.93,3.95,3.92,3.99,4.02
2015-07-13 04:00:00,3.97,3.96,4.01,3.95,3.98,3.96,3.92,3.99,4.01,3.93,3.95,4.03,3.94,3.94,3.93,4.0,4.01
2015-07-13 05:00:00,3.98,3.96,4.03,3.97,3.98,3.95,3.93,4.0,3.98,3.92,4.03,4.05,3.97,3.94,3.95,4.01,4.02
2015-07-13 06:00:00,4.0,3.97,4.07,3.99,4.0,3.97,3.96,4.03,4.0,3.93,4.06,4.08,4.01,3.97,3.97,4.02,4.04
2015-07-13 07:00:00,4.03,3.99,4.11,4.02,4.03,3.99,3.99,4.06,4.02,3.99,4.08,4.09,4.0,4.02,4.0,4.04,4.08
2015-07-13 08:00:00,4.06,4.01,4.12,4.07,4.07,4.02,4.01,4.12,4.0,4.01,4.07,4.12,4.01,4.05,4.03,4.07,4.11
2015-07-13 09:00:00,4.08,4.03,4.14,4.12,4.1,4.04,4.02,4.17,4.03,4.01,4.04,4.14,4.02,4.05,4.06,4.09,4.13
2015-07-13 10:00:00,4.11,4.08,4.23,4.16,4.13,4.12,4.03,4.19,4.02,4.05,4.04,4.17,4.04,4.08,4.1,4.11,4.15
2015-07-13 11:00:00,4.14,4.11,4.18,4.18,4.19,4.13,4.06,4.23,4.08,4.08,4.06,4.17,4.05,4.09,4.12,4.19,4.18
2015-07-13 12:00:00,4.16,4.16,4.27,4.19,4.19,4.14,4.08,4.26,4.15,4.12,4.07,4.15,4.06,4.15,4.16,4.23,4.21
2015-07-13 13:00:00,4.18,4.23,4.33,4.22,4.2,4.15,4.12,4.22,4.24,4.11,4.13,4.16,4.08,4.22,4.15,4.27,4.18
2015-07-13 14:00:00,4.2,4.27,4.39,4.24,4.21,4.25,4.1,4.19,4.33,4.08,4.17,4.18,4.15,4.22,4.12,4.31,4.15
2015-07-13 15:00:00,4.2,4.3,4.4,4.23,4.22,4.26,4.13,4.16,4.34,4.11,4.16,4.17,4.2,4.15,4.09,4.22,4.16
2015-07-13 16:00:00,4.19,4.25,4.35,4.15,4.21,4.3,4.12,4.2,4.31,4.11,4.13,4.17,4.21,4.04,4.05,4.19,4.18
2015-07-13 17:00:00,4.16,4.17,4.13,4.13,4.11,4.27,4.1,4.2,4.29,4.1,4.11,4.15,4.18,4.08,4.06,4.15,4.16
2015-07-13 18:00:00,4.12,4.14,4.07,4.09,4.07,4.22,4.09,4.14,4.25,4.07,4.08,4.11,4.13,4.09,4.04,4.11,4.12
2015-07-13 19:00:00,4.05,4.08,4.04,4.04,4.03,4.1,4.05,4.06,4.07,4.02,4.02,4.05,4.08,4.03,4.0,4.05,4.07
2015-07-13 20:00:00,4.01,4.05,4.03,4.0,4.03,3.99,4.0,4.0,4.05,4.02,3.97,4.02,4.05,3.96,3.95,4.03,4.03
2015-07-13 21:00:00,3.99,4.03,4.03,3.97,4.03,3.98,3.97,3.97,4.02,4.0,3.93,4.0,4.03,3.93,3.92,4.0,4.01
2015-07-13 22:00:00,3.98,4.05,4.02,3.96,4.02,3.96,3.96,3.97,4.03,3.98,3.94,3.99,4.0,3.92,3.9,3.98,3.99
2015-07-13 23:00:00,3.97,4.02,4.0,3.93,4.01,3.95,3.94,4.0,4.02,3.96,3.92,3.98,3.97,3.91,3.9,3.98,3.96
2015-07-14 00:00:00,3.96,4.01,3.96,3.89,4.01,3.95,3.93,3.99,4.0,3.93,3.89,3.96,3.97,3.87,3.89,3.98,3.97
2015-07-14 01:00:00,3.95,3.99,3.93,3.89,3.98,3.95,3.93,3.98,4.01,3.92,3.9,3.96,3.97,3.9,3.9,3.98,3.97
2015-07-14 02:00:00,3.95,3.99,3.91,3.9,3.98,3.95,3.93,3.98,4.02,3.89,3.91,3.95,3.97,3.91,3.9,3.98,3.96
2015-07-14 03:00:00,3.95,4.0,3.9,3.93,3.98,3.95,3.93,3.97,4.01,3.9,3.89,3.95,3.97,3.89,3.91,3.98,3.95
2015-07-14 04:00:00,3.96,4.01,3.92,3.96,3.98,3.96,3.94,3.97,4.02,3.92,3.93,3.96,3.98,3.89,3.92,3.98,3.95
2015-07-14 05:00:00,3.99,4.04,3.93,3.98,4.0,3.98,3.99,3.98,4.02,3.99,3.95,3.99,4.0,3.96,3.95,4.0,4.01
2015-07-14 06:00:00,4.03,4.1,3.95,4.02,4.04,3.99,4.04,4.01,4.05,4.06,3.98,4.05,4.04,4.01,4.0,4.03,4.06
2015-07-14 07:00:00,4.07,4.14,4.03,4.07,4.07,4.01,4.06,4.03,4.12,4.1,4.03,4.11,4.08,4.05,4.04,4.07,4.11
2015-07-14 08:00:00,4.1,4.17,4.13,4.12,4.14,4.0,4.11,4.06,4.2,4.12,4.05,4.14,4.11,4.05,4.08,4.1,4.14
2015-07-14 09:00:00,4.15,4.22,4.19,4.14,4.18,4.05,4.12,4.12,4.21,4.15,4.12,4.19,4.18,4.08,4.13,4.14,4.15
2015-07-14 10:00:00,4.18,4.26,4.27,4.21,4.19,4.11,4.18,4.18,4.21,4.1,4.19,4.17,4.2,4.09,4.15,4.19,4.16
2015-07-14 11:00:00,4.21,4.26,4.29,4.23,4.14,4.13,4.18,4.22,4.33,4.18,4.2,4.18,4.22,4.16,4.18,4.25,4.15
2015-07-14 12:00:00,4.22,4.25,4.3,4.25,4.11,4.17,4.22,4.26,4.4,4.1,4.12,4.16,4.26,4.19,4.18,4.26,4.19
2015-07-14 13:00:00,4.25,4.33,4.31,4.29,4.11,4.22,4.26,4.3,4.39,4.15,4.18,4.19,4.29,4.2,4.19,4.24,4.2
2015-07-14 14:00:00,4.26,4.33,4.28,4.27,4.14,4.27,4.27,4.31,4.43,4.22,4.11,4.2,4.3,4.16,4.11,4.23,4.2
2015-07-14 15:00:00,4.26,4.38,4.32,4.25,4.16,4.27,4.26,4.31,4.37,4.23,4.1,4.2,4.29,4.22,4.14,4.21,4.21
2015-07-14 16:00:00,4.25,4.32,4.29,4.26,4.16,4.27,4.3,4.3,4.4,4.25,4.11,4.19,4.26,4.2,4.1,4.17,4.19
2015-07-14 17:00:00,4.21,4.3,4.32,4.22,4.14,4.21,4.25,4.21,4.38,4.21,4.06,4.16,4.25,4.19,4.08,4.16,4.16
2015-07-14 18:00:00,4.17,4.26,4.26,4.14,4.12,4.18,4.2,4.15,4.31,4.18,4.02,4.12,4.22,4.17,4.05,4.13,4.15
2015-07-14 19:00:00,4.11,4.19,4.17,4.07,4.09,4.12,4.13,4.1,4.23,4.1,3.95,4.06,4.16,4.12,3.97,4.09,4.08
2015-07-14 20:00:00,4.07,4.16,4.07,4.03,4.09,4.08,4.1,4.05,4.17,4.07,3.9,4.0,4.12,4.09,3.89,4.07,4.03
2015-07-14 21:00:00,4.04,4.14,4.01,4.02,4.07,4.04,4.07,4.01,4.15,4.05,3.85,3.95,4.13,4.08,3.83,4.04,4.0
2015-07-14 22:00:00,4.01,4.11,3.96,4.0,4.06,4.02,4.06,3.95,4.12,4.03,3.86,3.91,4.11,4.06,3.78,4.0,3.99
2015-07-14 23:00:00,3.99,4.08,3.96,3.97,4.05,4.0,4.06,3.92,4.12,4.0,3.82,3.92,4.12,4.03,3.75,3.99,3.99
2015-10-01 00:00:00,3.2,3.01,3.02,3.11,3.38,3.04,3.14,3.14,3.18,3.16,3.1,3.59,3.36,3.13,3.46,3.2,3.44
2015-10-01 01:00:00,3.18,2.99,3.0,3.12,3.35,3.02,3.11,3.12,3.19,3.14,3.07,3.61,3.3,3.13,3.46,3.17,3.44
2015-10-01 02:00:00,3.16,2.97,2.98,3.07,3.32,3.0,3.11,3.1,3.16,3.12,3.06,3.59,3.3,3.12,3.46,3.14,3.45
2015-10-01 03:00:00,3.15,2.96,2.98,3.06,3.29,2.98,3.11,3.09,3.13,3.11,3.11,3.59,3.25,3.09,3.48,3.11,3.43
2015-10-01 04:00:00,3.13,2.93,2.97,3.05,3.28,2.97,3.1,3.08,3.1,3.09,3.13,3.58,3.22,3.09,3.5,3.1,3.46
2015-10-01 05:00:00,3.13,2.92,3.0,3.04,3.26,2.96,3.1,3.08,3.1,3.09,3.14,3.58,3.18,3.11,3.51,3.08,3.47
2015-10-01 06:00:00,3.22,2.98,3.15,3.19,3.31,3.06,3.16,3.21,3.19,3.13,3.25,3.63,3.28,3.19,3.57,3.16,3.51
2015-10-01 07:00:00,3.38,3.16,3.35,3.41,3.42,3.32,3.28,3.37,3.35,3.21,3.41,3.74,3.47,3.4,3.65,3.34,3.59
2015-10-01 08:00:00,3.54,3.36,3.52,3.53,3.65,3.52,3.39,3.55,3.53,3.34,3.59,3.85,3.6,3.55,3.78,3.53,3.75
2015-10-01 09:00:00,3.67,3.56,3.69,3.62,3.78,3.64,3.47,3.69,3.72,3.47,3.73,3.93,3.7,3.62,3.89,3.71,3.9
2015-10-01 10:00:00,3.75,3.68,3.8,3.68,3.85,3.65,3.59,3.76,3.82,3.56,3.81,3.99,3.75,3.65,3.96,3.78,3.97
2015-10-01 11:00:00,3.8,3.71,3.84,3.71,3.9,3.7,3.65,3.81,3.84,3.66,3.87,4.02,3.79,3.7,4.01,3.83,4.03
2015-10-01 12:00:00,3.83,3.74,3.9,3.74,3.93,3.75,3.68,3.84,3.89,3.66,3.92,4.05,3.82,3.74,4.05,3.86,4.05
2015-10-01 13:00:00,3.85,3.76,3.93,3.75,3.96,3.76,3.69,3.87,3.93,3.7,3.96,4.06,3.83,3.77,4.07,3.88,4.06
2015-10-01 14:00:00,3.86,3.77,3.94,3.76,3.98,3.79,3.69,3.89,3.95,3.7,3.96,4.05,3.81,3.74,4.07,3.9,4.08
2015-10-01 15:00:00,3.84,3.77,3.93,3.72,3.98,3.78,3.66,3.87,3.87,3.67,3.95,4.02,3.79,3.72,4.02,3.89,4.04
2015-10-01 16:00:00,3.75,3.7,3.83,3.64,3.93,3.68,3.57,3.76,3.79,3.58,3.87,3.97,3.72,3.61,3.92,3.81,3.96
2015-10-01 17:00:00,3.62,3.58,3.64,3.5,3.78,3.48,3.44,3.63,3.59,3.48,3.74,3.9,3.6,3.51,3.84,3.66,3.83
2015-10-01 18:00:00,3.52,3.43,3.49,3.43,3.68,3.39,3.34,3.56,3.45,3.41,3.65,3.86,3.49,3.44,3.77,3.52,3.74
2015-10-01 19:00:00,3.46,3.31,3.41,3.39,3.61,3.32,3.29,3.51,3.37,3.33,3.67,3.82,3.41,3.37,3.74,3.47,3.73
2015-10-01 20:00:00,3.41,3.22,3.36,3.32,3.57,3.25,3.25,3.47,3.28,3.3,3.66,3.8,3.36,3.29,3.73,3.4,3.74
2015-10-01 21:00:00,3.38,3.19,3.36,3.3,3.52,3.25,3.23,3.45,3.24,3.27,3.62,3.81,3.32,3.25,3.71,3.33,3.7
2015-10-01 22:00:00,3.35,3.12,3.38,3.28,3.51,3.22,3.19,3.45,3.18,3.23,3.61,3.82,3.27,3.22,3.69,3.31,3.67
2015-10-01 23:00:00,3.33,3.09,3.33,3.29,3.54,3.2,3.16,3.42,3.14,3.21,3.59,3.81,3.24,3.2,3.67,3.28,3.64
2015-10-02 00:00:00,3.31,3.06,3.31,3.28,3.47,3.2,3.15,3.41,3.11,3.2,3.56,3.81,3.22,3.19,3.63,3.25,3.62
2015-10-02 01:00:00,3.3,3.03,3.3,3.27,3.44,3.2,3.13,3.41,3.09,3.2,3.58,3.79,3.2,3.17,3.61,3.26,3.62
2015-10-02 02:00:00,3.28,3.02,3.3,3.26,3.45,3.18,3.12,3.37,3.06,3.17,3.56,3.79,3.2,3.15,3.6,3.25,3.6
2015-10-02 03:00:00,3.28,3.03,3.25,3.24,3.41,3.17,3.12,3.38,3.04,3.15,3.56,3.79,3.2,3.13,3.6,3.23,3.59
2015-10-02 04:00:00,3.27,3.01,3.31,3.24,3.4,3.14,3.12,3.39,3.01,3.16,3.55,3.79,3.17,3.13,3.58,3.21,3.6
2015-10-02 05:00:00,3.26,3.0,3.27,3.24,3.42,3.13,3.11,3.37,3.0,3.16,3.56,3.77,3.19,3.1,3.58,3.2,3.62
2015-10-02 06:00:00,3.34,3.04,3.39,3.37,3.43,3.21,3.17,3.48,3.07,3.25,3.61,3.78,3.28,3.2,3.6,3.26,3.65
2015-10-02 07:00:00,3.51,3.26,3.63,3.49,3.52,3.47,3.38,3.65,3.19,3.44,3.69,3.84,3.5,3.32,3.67,3.44,3.7
2015-10-02 08:00:00,3.68,3.52,3.85,3.68,3.72,3.69,3.57,3.78,3.45,3.62,3.75,3.91,3.68,3.53,3.73,3.65,3.78
2015-10-02 09:00:00,3.82,3.74,3.97,3.8,3.87,3.83,3.71,3.9,3.67,3.79,3.81,3.95,3.83,3.69,3.8,3.85,3.86
2015-10-02 10:00:00,3.93,3.91,4.07,3.87,3.99,3.94,3.8,3.99,3.85,3.94,3.85,4.0,3.96,3.8,3.89,3.95,3.91
2015-10-02 11:00:00,4.01,4.03,4.15,3.95,4.04,4.01,3.89,4.04,4.0,4.06,3.91,4.04,4.04,3.88,4.01,4.03,3.95
2015-10-02 12:00:00,4.07,4.12,4.17,4.0,4.09,4.07,3.97,4.1,4.13,4.1,3.96,4.06,4.12,3.92,4.08,4.09,3.99
2015-10-02 13:00:00,4.11,4.15,4.2,4.01,4.13,4.12,4.01,4.15,4.2,4.13,4.03,4.08,4.16,3.95,4.1,4.14,4.05
2015-10-02 14:00:00,4.12,4.18,4.2,4.01,4.13,4.14,4.0,4.13,4.22,4.15,4.06,4.08,4.18,3.99,4.14,4.14,4.06
2015-10-02 15:00:00,4.09,4.17,4.14,3.99,4.13,4.11,3.98,4.11,4.22,4.11,4.0,4.05,4.14,3.96,4.11,4.11,4.03
2015-10-02 16:00:00,3.97,4.09,4.01,3.86,4.09,3.99,3.81,3.95,4.16,4.0,3.94,3.98,4.01,3.84,4.01,4.01,3.94
2015-10-02 17:00:00,3.81,3.89,3.79,3.72,3.92,3.76,3.66,3.8,3.94,3.89,3.84,3.91,3.86,3.69,3.93,3.8,3.81
2015-10-02 18:00:00,3.72,3.81,3.66,3.65,3.81,3.6,3.56,3.73,3.8,3.81,3.74,3.87,3.78,3.58,3.88,3.68,3.71
2015-10-02 19:00:00,3.65,3.67,3.53,3.59,3.75,3.52,3.5,3.66,3.77,3.73,3.69,3.8,3.73,3.53,3.85,3.59,3.64
2015-10-02 20:00:00,3.6,3.63,3.49,3.61,3.72,3.48,3.46,3.6,3.68,3.66,3.56,3.77,3.67,3.5,3.82,3.51,3.6
2015-10-02 21:00:00,3.55,3.55,3.36,3.54,3.67,3.43,3.43,3.6,3.6,3.64,3.63,3.74,3.62,3.48,3.78,3.47,3.55
2015-10-02 22:00:00,3.52,3.53,3.29,3.54,3.62,3.42,3.4,3.57,3.71,3.62,3.63,3.71,3.55,3.45,3.74,3.39,3.52
2015-10-02 23:00:00,3.5,3.51,3.23,3.54,3.59,3.4,3.37,3.52,3.71,3.61,3.62,3.71,3.53,3.42,3.72,3.36,3.51
2015-10-03 00:00:00,3.46,3.44,3.21,3.4,3.56,3.41,3.36,3.47,3.56,3.57,3.59,3.7,3.5,3.37,3.66,3.35,3.5
2015-10-03 01:00:00,3.44,3.4,3.15,3.44,3.51,3.38,3.34,3.47,3.49,3.6,3.57,3.66,3.5,3.35,3.6,3.32,3.46
2015-10-03 02:00:00,3.41,3.38,3.13,3.47,3.47,3.39,3.32,3.38,3.46,3.59,3.55,3.66,3.47,3.34,3.58,3.3,3.43
2015-10-03 03:00:00,3.4,3.39,3.09,3.46,3.45,3.36,3.31,3.34,3.69,3.55,3.54,3.67,3.45,3.3,3.56,3.31,3.4
2015-10-03 04:00:00,3.38,3.4,3.07,3.4,3.41,3.38,3.3,3.3,3.7,3.55,3.45,3.65,3.43,3.31,3.55,3.27,3.4
2015-10-03 05:00:00,3.38,3.46,3.06,3.41,3.43,3.35,3.29,3.29,3.67,3.53,3.44,3.64,3.44,3.29,3.53,3.27,3.38
2015-10-03 06:00:00,3.48,3.53,3.22,3.52,3.46,3.46,3.38,3.42,3.73,3.68,3.55,3.64,3.57,3.36,3.62,3.41,3.41
2015-10-03 07:00:00,3.67,3.74,3.5,3.71,3.65,3.73,3.63,3.62,3.86,3.87,3.67,3.69,3.72,3.64,3.71,3.62,3.54
2015-10-03 08:00:00,3.85,3.97,3.64,3.88,3.81,3.92,3.83,3.84,3.99,4.0,3.76,3.77,3.93,3.8,3.79,3.83,3.72
2015-10-03 09:00:00,3.99,4.13,3.8,4.02,3.94,4.06,3.99,3.99,4.09,4.08,3.87,3.83,4.09,3.95,3.89,4.01,3.84
2015-10-03 10:00:00,4.09,4.2,4.0,4.08,4.05,4.15,4.09,4.1,4.23,4.14,3.94,3.89,4.19,4.04,3.94,4.11,3.97
2015-10-03 11:00:00,4.17,4.27,4.12,4.14,4.18,4.25,4.17,4.18,4.29,4.19,4.01,3.95,4.27,4.15,4.0,4.21,4.05
2015-10-03 12:00:00,4.21,4.3,4.22,4.19,4.26,4.29,4.24,4.21,4.36,4.22,4.04,4.01,4.28,4.2,4.05,4.28,4.08
2015-10-03 13:00:00,4.23,4.25,4.27,4.22,4.29,4.32,4.28,4.24,4.33,4.24,4.03,4.04,4.28,4.22,4.09,4.3,4.05
2015-10-03 14:00:00,4.22,4.26,4.27,4.2,4.28,4.3,4.28,4.24,4.3,4.23,4.02,4.05,4.28,4.22,4.12,4.28,4.06
2015-10-03 15:00:00,4.19,4.23,4.28,4.16,4.25,4.26,4.21,4.2,4.32,4.18,3.94,4.03,4.22,4.16,4.1,4.27,4.03
2015-10-03 16:00:00,4.08,4.19,4.09,4.0,4.18,4.16,4.07,4.05,4.27,4.06,3.79,3.97,4.13,4.02,3.97,4.19,3.96
2015-10-03 17:00:00,3.96,4.15,3.85,3.85,4.06,4.05,3.94,3.9,4.22,3.98,3.58,3.87,4.06,3.93,3.84,4.08,3.85
2015-10-03 18:00:00,3.89,4.1,3.75,3.73,4.02,3.98,3.87,3.82,4.17,3.92,3.47,3.81,4.03,3.88,3.79,3.97,3.75
2015-10-03 19:00:00,3.84,4.03,3.69,3.68,3.99,3.94,3.83,3.79,4.12,3.93,3.4,3.78,3.99,3.81,3.74,3.93,3.71
2015-10-03 20:00:00,3.82,3.96,3.81,3.63,3.99,3.89,3.77,3.74,4.11,3.93,3.34,3.75,3.99,3.79,3.74,3.9,3.73
2015-10-03 21:00:00,3.81,3.94,3.88,3.62,3.94,3.87,3.77,3.73,4.06,3.95,3.3,3.71,3.99,3.75,3.73,3.91,3.72
2015-10-03 22:00:00,3.79,3.89,3.87,3.58,3.92,3.86,3.76,3.7,4.02,3.92,3.35,3.69,3.99,3.72,3.69,3.85,3.68
2015-10-03 23:00:00,3.78,3.84,3.86,3.57,3.9,3.85,3.75,3.69,4.01,3.91,3.34,3.69,3.99,3.69,3.67,3.82,3.73
2015-10-04 00:00:00,3.77,3.82,3.85,3.57,3.87,3.83,3.72,3.69,3.99,3.92,3.33,3.71,3.99,3.63,3.68,3.8,3.72
2015-10-04 01:00:00,3.76,3.79,3.82,3.62,3.83,3.81,3.74,3.67,3.98,3.91,3.33,3.71,3.96,3.64,3.69,3.75,3.73
2015-10-04 02:00:00,3.74,3.78,3.8,3.59,3.8,3.81,3.73,3.66,3.98,3.92,3.34,3.72,3.93,3.61,3.7,3.7,3.73
2015-10-04 03:00:00,3.73,3.75,3.77,3.58,3.83,3.8,3.66,3.67,3.98,3.89,3.35,3.72,3.93,3.6,3.7,3.7,3.74
2015-10-04 04:00:00,3.72,3.71,3.78,3.58,3.82,3.74,3.67,3.66,3.93,3.91,3.37,3.73,3.88,3.6,3.7,3.68,3.74
2015-10-04 05:00:00,3.71,3.69,3.73,3.59,3.79,3.73,3.65,3.66,3.92,3.89,3.43,3.75,3.83,3.63,3.69,3.69,3.73
2015-10-04 06:00:00,3.78,3.68,3.79,3.73,3.82,3.84,3.79,3.75,3.93,3.95,3.55,3.77,3.88,3.71,3.71,3.74,3.75
2015-10-04 07:00:00,3.92,3.9,3.91,3.91,3.87,3.97,4.02,3.91,4.03,4.06,3.72,3.83,4.06,3.89,3.76,3.88,3.83
2015-10-04 08:00:00,4.05,4.1,4.02,4.07,3.98,4.1,4.15,4.04,4.16,4.14,3.83,3.9,4.16,4.03,3.89,4.01,3.95
2015-10-04 09:00:00,4.15,4.21,4.15,4.18,4.04,4.19,4.25,4.17,4.24,4.2,3.97,4.01,4.23,4.19,3.96,4.13,4.05
2015-10-04 10:00:00,4.23,4.28,4.23,4.25,4.15,4.27,4.32,4.25,4.31,4.24,4.09,4.07,4.29,4.29,4.11,4.24,4.13
2015-10-04 11:00:00,4.29,4.34,4.29,4.3,4.18,4.31,4.38,4.3,4.35,4.28,4.18,4.14,4.32,4.34,4.19,4.3,4.17
2015-10-04 12:00:00,4.32,4.34,4.32,4.36,4.23,4.36,4.39,4.35,4.4,4.3,4.24,4.18,4.37,4.37,4.23,4.34,4.16
2015-10-04 13:00:00,4.33,4.35,4.33,4.35,4.26,4.36,4.39,4.36,4.43,4.3,4.27,4.18,4.38,4.4,4.26,4.33,4.17
2015-10-04 14:00:00,4.31,4.33,4.35,4.35,4.23,4.37,4.36,4.36,4.43,4.27,4.26,4.17,4.33,4.34,4.26,4.3,4.12
2015-10-04 15:00:00,4.26,4.27,4.29,4.29,4.21,4.33,4.29,4.31,4.4,4.22,4.24,4.12,4.27,4.35,4.2,4.27,4.08
2015-10-04 16:00:00,4.16,4.19,4.17,4.14,4.17,4.22,4.18,4.16,4.27,4.15,4.1,4.05,4.19,4.19,4.11,4.17,4.01
2015-10-04 17:00:00,4.04,4.1,3.98,4.0,4.1,4.05,4.08,4.02,4.18,4.09,3.95,3.96,4.1,4.06,4.05,4.05,3.89
2015-10-04 18:00:00,3.97,4.04,3.83,3.93,4.05,3.92,4.0,3.95,4.12,4.07,3.82,3.92,4.02,3.97,4.01,3.95,3.86
2015-10-04 19:00:00,3.92,4.01,3.78,3.89,4.01,3.89,3.97,3.89,4.06,4.05,3.75,3.89,3.97,3.9,3.94,3.87,3.85
2015-10-04 20:00:00,3.88,3.99,3.75,3.89,3.96,3.83,3.88,3.84,4.03,4.03,3.71,3.86,3.94,3.85,3.9,3.81,3.84
2015-10-04 21:00:00,3.84,3.96,3.71,3.89,3.89,3.83,3.82,3.78,3.98,4.02,3.71,3.83,3.88,3.81,3.86,3.79,3.83
2015-10-04 22:00:00,3.81,3.92,3.68,3.84,3.85,3.77,3.77,3.74,3.93,3.98,3.75,3.84,3.86,3.79,3.84,3.74,3.79
2015-10-04 23:00:00,3.79,3.91,3.65,3.81,3.79,3.74,3.74,3.73,3.88,3.96,3.71,3.84,3.83,3.75,3.79,3.76,3.77
2015-10-05 00:00:00,3.77,3.88,3.6,3.78,3.79,3.71,3.75,3.71,3.81,3.94,3.64,3.83,3.82,3.71,3.76,3.74,3.77
2015-10-05 01:00:00,3.75,3.83,3.59,3.77,3.75,3.71,3.75,3.69,3.78,3.91,3.61,3.83,3.79,3.7,3.71,3.72,3.78
2015-10-05 02:00:00,3.73,3.82,3.63,3.7,3.72,3.66,3.74,3.66,3.8,3.88,3.57,3.83,3.78,3.69,3.7,3.71,3.78
2015-10-05 03:00:00,3.72,3.78,3.68,3.68,3.7,3.65,3.73,3.64,3.86,3.85,3.56,3.83,3.78,3.67,3.65,3.7,3.79
2015-10-05 04:00:00,3.71,3.74,3.73,3.66,3.72,3.63,3.72,3.64,3.82,3.84,3.52,3.83,3.79,3.66,3.65,3.68,3.79
2015-10-05 05:00:00,3.7,3.7,3.73,3.65,3.67,3.59,3.72,3.63,3.79,3.84,3.51,3.81,3.8,3.63,3.66,3.64,3.79
2015-10-05 06:00:00,3.73,3.72,3.74,3.71,3.67,3.61,3.77,3.67,3.83,3.87,3.63,3.82,3.84,3.64,3.71,3.66,3.79
2015-10-05 07:00:00,3.83,3.8,3.76,3.91,3.73,3.78,3.85,3.79,3.94,3.91,3.86,3.87,3.89,3.84,3.75,3.77,3.82
2015-10-05 08:00:00,3.94,3.9,3.82,4.06,3.85,3.92,3.94,3.94,4.0,3.98,3.98,3.93,4.0,4.0,3.79,3.9,3.89
2015-10-05 09:00:00,4.03,4.06,3.91,4.17,3.96,4.07,4.02,4.01,4.12,4.05,4.01,3.96,4.08,4.16,3.86,4.01,3.91
2015-10-05 10:00:00,4.09,4.16,3.98,4.24,4.04,4.17,4.08,4.09,4.2,4.07,4.05,3.98,4.14,4.19,3.92,4.1,3.95
2015-10-05 11:00:00,4.14,4.23,4.03,4.28,4.12,4.22,4.13,4.15,4.25,4.09,4.11,4.01,4.18,4.25,3.94,4.15,3.97
2015-10-05 12:00:00,4.16,4.25,4.04,4.29,4.16,4.25,4.13,4.17,4.28,4.14,4.1,4.0,4.22,4.26,3.97,4.16,4.01
2015-10-05 13:00:00,4.16,4.27,4.06,4.27,4.16,4.24,4.13,4.16,4.26,4.13,4.09,4.01,4.24,4.25,3.97,4.18,4.0
2015-10-05 14:00:00,4.15,4.25,4.06,4.26,4.16,4.22,4.14,4.14,4.32,4.12,4.08,4.01,4.23,4.2,3.95,4.18,3.99
2015-10-05 15:00:00,4.11,4.22,4.03,4.18,4.14,4.2,4.08,4.08,4.32,4.1,4.04,3.98,4.2,4.15,3.94,4.14,3.96
2015-10-05 16:00:00,4.03,4.14,3.93,4.05,4.05,4.1,4.02,3.96,4.2,4.05,3.94,3.95,4.13,4.08,3.92,4.05,3.91
2015-10-05 17:00:00,3.92,4.03,3.85,3.94,3.96,3.97,3.93,3.85,4.02,4.0,3.9,3.93,3.94,3.98,3.9,3.9,3.84
2015-10-05 18:00:00,3.86,3.88,3.88,3.86,3.91,3.84,3.89,3.82,3.86,3.96,3.89,3.93,3.84,3.89,3.89,3.82,3.8
2015-10-05 19:00:00,3.82,3.74,3.93,3.82,3.85,3.81,3.87,3.77,3.76,3.92,3.88,3.92,3.8,3.83,3.88,3.78,3.72
2015-10-05 20:00:00,3.79,3.73,3.91,3.81,3.82,3.73,3.84,3.73,3.68,3.88,3.87,3.89,3.75,3.8,3.87,3.76,3.76
2015-10-05 21:00:00,3.74,3.62,3.75,3.77,3.82,3.71,3.77,3.7,3.63,3.86,3.83,3.87,3.72,3.73,3.87,3.72,3.78
2015-10-05 22:00:00,3.72,3.59,3.66,3.74,3.81,3.66,3.73,3.68,3.58,3.86,3.81,3.85,3.68,3.7,3.87,3.71,3.78
2015-10-05 23:00:00,3.69,3.58,3.58,3.71,3.78,3.61,3.67,3.67,3.53,3.84,3.77,3.85,3.65,3.68,3.85,3.67,3.79
2015-10-06 00:00:00,3.67,3.56,3.55,3.71,3.74,3.55,3.65,3.65,3.52,3.81,3.77,3.86,3.62,3.68,3.83,3.64,3.8
2015-10-06 01:00:00,3.65,3.52,3.62,3.69,3.72,3.51,3.62,3.66,3.48,3.76,3.76,3.86,3.61,3.66,3.78,3.65,3.8
2015-10-06 02:00:00,3.65,3.53,3.69,3.64,3.72,3.49,3.61,3.68,3.47,3.75,3.76,3.86,3.57,3.63,3.75,3.61,3.8
2015-10-06 03:00:00,3.63,3.5,3.74,3.62,3.69,3.47,3.58,3.7,3.44,3.73,3.77,3.83,3.57,3.6,3.72,3.57,3.79
2015-10-06 04:00:00,3.62,3.45,3.77,3.59,3.68,3.46,3.58,3.71,3.44,3.69,3.76,3.81,3.53,3.56,3.68,3.58,3.8
2015-10-06 05:00:00,3.62,3.46,3.79,3.61,3.67,3.44,3.58,3.73,3.43,3.69,3.75,3.77,3.52,3.53,3.66,3.58,3.8
2015-10-06 06:00:00,3.65,3.52,3.83,3.65,3.69,3.47,3.6,3.74,3.51,3.71,3.72,3.78,3.56,3.55,3.65,3.63,3.83
2015-10-06 07:00:00,3.72,3.63,3.86,3.73,3.74,3.59,3.7,3.76,3.68,3.74,3.75,3.83,3.72,3.65,3.68,3.72,3.85
2015-10-06 08:00:00,3.81,3.76,3.86,3.77,3.81,3.76,3.8,3.8,3.82,3.81,3.75,3.85,3.88,3.78,3.71,3.83,3.89
2015-10-06 09:00:00,3.89,3.97,3.9,3.82,3.9,3.87,3.91,3.83,3.95,3.92,3.78,3.87,4.0,3.88,3.77,3.89,3.92
2015-10-06 10:00:00,3.97,4.11,3.93,3.85,3.97,4.0,4.05,3.85,4.11,4.04,3.73,3.9,4.11,3.96,3.84,3.98,3.97
2015-10-06 11:00:00,4.02,4.18,3.91,3.91,4.03,4.07,4.14,3.87,4.21,4.12,3.74,3.93,4.18,4.03,3.83,4.03,4.01
2015-10-06 12:00:00,4.05,4.22,3.93,3.94,4.05,4.13,4.16,3.89,4.28,4.15,3.69,3.94,4.21,4.12,3.84,4.07,4.05
2015-10-06 13:00:00,4.05,4.23,3.92,3.94,4.08,4.13,4.16,3.91,4.3,4.17,3.68,3.93,4.21,4.11,3.79,4.07,4.07
2015-10-06 14:00:00,4.03,4.21,3.93,3.93,4.07,4.12,4.13,3.89,4.33,4.15,3.62,3.89,4.21,4.1,3.74,4.07,4.05
2015-10-06 15:00:00,4.0,4.19,3.92,3.89,4.06,4.09,4.09,3.9,4.28,4.09,3.57,3.84,4.17,4.01,3.66,4.05,4.02
2015-10-06 16:00:00,3.94,4.13,3.89,3.87,4.04,4.02,4.01,3.88,4.2,4.0,3.47,3.79,4.1,3.89,3.55,4.0,3.97
2015-10-06 17:00:00,3.89,4.08,3.88,3.86,4.01,3.92,3.93,3.86,4.1,3.93,3.38,3.74,4.01,3.84,3.47,3.94,3.92
2015-10-06 18:00:00,3.85,4.03,3.89,3.84,3.97,3.87,3.88,3.84,4.04,3.92,3.3,3.73,3.95,3.82,3.41,3.89,3.89
2015-10-06 19:00:00,3.82,4.0,3.89,3.81,3.96,3.84,3.83,3.81,3.96,3.89,3.22,3.7,3.93,3.79,3.37,3.87,3.87
2015-10-06 20:00:00,3.79,3.99,3.84,3.76,3.93,3.83,3.8,3.75,3.92,3.88,3.16,3.66,3.9,3.83,3.33,3.85,3.86
2015-10-06 21:00:00,3.76,3.95,3.81,3.69,3.91,3.82,3.78,3.7,3.92,3.87,3.11,3.61,3.88,3.83,3.28,3.86,3.84
2015-10-06 22:00:00,3.73,3.93,3.8,3.63,3.89,3.83,3.77,3.64,3.92,3.88,3.06,3.57,3.85,3.86,3.25,3.85,3.81
2015-10-06 23:00:00,3.7,3.92,3.75,3.57,3.88,3.83,3.77,3.58,3.87,3.88,3.01,3.53,3.83,3.86,3.21,3.84,3.8
2015-10-07 00:00:00,3.67,3.9,3.69,3.48,3.87,3.81,3.75,3.51,3.84,3.88,2.97,3.49,3.82,3.84,3.18,3.84,3.78
2015-10-07 01:00:00,3.64,3.88,3.63,3.41,3.87,3.81,3.74,3.45,3.84,3.87,2.94,3.45,3.82,3.81,3.14,3.83,3.76
2015-10-07 02:00:00,3.62,3.87,3.59,3.34,3.85,3.8,3.74,3.4,3.86,3.86,2.91,3.42,3.83,3.77,3.1,3.81,3.74
2015-10-07 03:00:00,3.59,3.86,3.56,3.29,3.83,3.78,3.74,3.35,3.88,3.83,2.89,3.38,3.84,3.71,3.06,3.78,3.72
2015-10-07 04:00:00,3.55,3.84,3.5,3.2,3.83,3.74,3.74,3.27,3.91,3.78,2.87,3.35,3.85,3.65,3.05,3.75,3.7
2015-10-07 05:00:00,3.52,3.83,3.4,3.14,3.83,3.7,3.74,3.2,3.92,3.73,2.85,3.32,3.84,3.61,3.02,3.72,3.68
2015-10-07 06:00:00,3.52,3.84,3.39,3.15,3.83,3.67,3.76,3.21,3.93,3.69,2.91,3.33,3.83,3.56,3.07,3.69,3.67
2015-10-07 07:00:00,3.54,3.87,3.39,3.2,3.84,3.65,3.76,3.24,3.95,3.66,3.0,3.35,3.85,3.51,3.12,3.68,3.68
2015-10-07 08:00:00,3.56,3.91,3.4,3.27,3.82,3.65,3.76,3.3,3.96,3.62,3.08,3.39,3.86,3.5,3.18,3.68,3.7
2015-10-07 09:00:00,3.59,3.93,3.45,3.32,3.79,3.66,3.76,3.34,3.98,3.63,3.16,3.42,3.86,3.51,3.26,3.69,3.73
2015-10-07 10:00:00,3.62,3.95,3.49,3.35,3.83,3.71,3.78,3.37,4.0,3.64,3.21,3.46,3.86,3.56,3.3,3.74,3.8
2015-10-07 11:00:00,3.65,3.96,3.56,3.39,3.86,3.72,3.79,3.39,4.03,3.7,3.23,3.5,3.87,3.58,3.33,3.77,3.83
2015-10-07 12:00:00,3.66,4.0,3.57,3.38,3.87,3.72,3.79,3.41,4.06,3.67,3.25,3.52,3.91,3.58,3.35,3.8,3.87
2015-10-07 13:00:00,3.67,4.01,3.55,3.38,3.87,3.7,3.79,3.42,4.06,3.68,3.25,3.53,3.93,3.58,3.36,3.79,3.86
2015-10-07 14:00:00,3.64,4.01,3.53,3.36,3.89,3.67,3.75,3.39,4.05,3.65,3.23,3.53,3.9,3.53,3.36,3.77,3.85
2015-10-07 15:00:00,3.6,4.0,3.49,3.31,3.87,3.63,3.7,3.35,3.99,3.56,3.18,3.49,3.84,3.46,3.32,3.73,3.84
2015-10-07 16:00:00,3.52,3.96,3.44,3.22,3.85,3.54,3.61,3.25,3.87,3.47,3.06,3.42,3.76,3.38,3.24,3.67,3.79
2015-10-07 17:00:00,3.44,3.92,3.37,3.15,3.8,3.45,3.54,3.14,3.8,3.4,2.93,3.35,3.67,3.31,3.19,3.61,3.74
2015-10-07 18:00:00,3.39,3.89,3.31,3.11,3.76,3.38,3.47,3.1,3.78,3.34,2.88,3.32,3.6,3.24,3.14,3.56,3.71
2015-10-07 19:00:00,3.35,3.84,3.26,3.07,3.73,3.32,3.42,3.06,3.73,3.31,2.84,3.31,3.55,3.19,3.12,3.52,3.69
2015-10-07 20:00:00,3.32,3.79,3.23,3.05,3.7,3.29,3.36,3.05,3.67,3.28,2.8,3.3,3.51,3.19,3.1,3.48,3.66
2015-10-07 21:00:00,3.29,3.74,3.22,3.03,3.67,3.26,3.34,3.03,3.6,3.26,2.78,3.28,3.47,3.18,3.07,3.44,3.64
2015-10-07 22:00:00,3.27,3.7,3.22,3.01,3.65,3.23,3.31,3.03,3.53,3.24,2.75,3.27,3.43,3.2,3.04,3.41,3.61
2015-10-07 23:00:00,3.25,3.68,3.19,2.98,3.62,3.2,3.28,3.03,3.48,3.21,2.74,3.25,3.39,3.19,3.02,3.38,3.6
2015-10-08 00:00:00,3.22,3.65,3.15,2.97,3.59,3.19,3.25,3.01,3.41,3.19,2.7,3.22,3.36,3.17,3.01,3.35,3.58
2015-10-08 01:00:00,3.2,3.63,3.13,2.95,3.58,3.17,3.23,2.98,3.37,3.16,2.66,3.19,3.32,3.16,2.99,3.32,3.56
2015-10-08 02:00:00,3.17,3.6,3.1,2.94,3.55,3.15,3.2,2.96,3.33,3.13,2.65,3.18,3.28,3.15,2.95,3.3,3.53
2015-10-08 03:00:00,3.15,3.57,3.08,2.93,3.51,3.12,3.2,2.95,3.33,3.13,2.64,3.16,3.26,3.12,2.94,3.26,3.51
2015-10-08 04:00:00,3.13,3.54,3.09,2.91,3.47,3.07,3.19,2.93,3.3,3.11,2.64,3.14,3.24,3.11,2.94,3.23,3.48
2015-10-08 05:00:00,3.12,3.52,3.07,2.9,3.44,3.04,3.19,2.93,3.26,3.11,2.63,3.13,3.22,3.08,2.93,3.21,3.45
2015-10-08 06:00:00,3.16,3.51,3.07,2.96,3.42,3.08,3.23,2.98,3.29,3.16,2.77,3.15,3.26,3.13,2.98,3.22,3.43
2015-10-08 07:00:00,3.24,3.51,3.17,3.07,3.45,3.19,3.33,3.07,3.39,3.24,2.88,3.23,3.32,3.25,3.05,3.29,3.46
2015-10-08 08:00:00,3.32,3.52,3.25,3.17,3.51,3.29,3.42,3.16,3.47,3.31,2.98,3.32,3.4,3.33,3.15,3.37,3.5
2015-10-08 09:00:00,3.4,3.55,3.36,3.26,3.55,3.4,3.54,3.28,3.55,3.36,3.08,3.41,3.48,3.41,3.24,3.46,3.55
2015-10-08 10:00:00,3.48,3.57,3.47,3.32,3.62,3.48,3.6,3.35,3.63,3.44,3.12,3.47,3.59,3.48,3.28,3.54,3.63
2015-10-08 11:00:00,3.52,3.6,3.53,3.35,3.68,3.52,3.65,3.37,3.71,3.48,3.14,3.48,3.66,3.48,3.31,3.58,3.7
2015-10-08 12:00:00,3.54,3.61,3.53,3.37,3.71,3.56,3.69,3.38,3.76,3.49,3.15,3.5,3.69,3.51,3.33,3.63,3.72
2015-10-08 13:00:00,3.55,3.62,3.52,3.37,3.71,3.57,3.69,3.39,3.8,3.5,3.15,3.5,3.7,3.51,3.34,3.65,3.73
2015-10-08 14:00:00,3.53,3.6,3.51,3.35,3.72,3.54,3.66,3.37,3.82,3.47,3.15,3.49,3.69,3.46,3.33,3.63,3.73
2015-10-08 15:00:00,3.49,3.56,3.48,3.3,3.71,3.5,3.61,3.32,3.82,3.44,3.09,3.45,3.66,3.43,3.28,3.59,3.71
2015-10-08 16:00:00,3.42,3.55,3.4,3.22,3.67,3.41,3.55,3.21,3.81,3.42,2.97,3.36,3.62,3.35,3.18,3.51,3.64
2015-10-08 17:00:00,3.35,3.55,3.29,3.14,3.63,3.32,3.53,3.11,3.78,3.41,2.9,3.29,3.58,3.23,3.1,3.39,3.57
2015-10-08 18:00:00,3.3,3.53,3.23,3.08,3.6,3.25,3.51,3.03,3.77,3.4,2.81,3.25,3.54,3.18,3.06,3.33,3.57
2015-10-08 19:00:00,3.27,3.51,3.2,3.04,3.57,3.2,3.5,3.0,3.75,3.4,2.77,3.22,3.52,3.13,3.02,3.28,3.55
2015-10-08 20:00:00,3.23,3.52,3.12,2.99,3.53,3.17,3.48,2.94,3.72,3.39,2.77,3.19,3.48,3.1,2.97,3.25,3.52
2015-10-08 21:00:00,3.2,3.5,3.09,2.96,3.5,3.11,3.44,2.9,3.65,3.37,2.72,3.17,3.44,3.07,2.94,3.21,3.49
2015-10-08 22:00:00,3.17,3.5,3.04,2.92,3.46,3.06,3.4,2.88,3.6,3.34,2.66,3.15,3.42,3.03,2.93,3.17,3.46
2015-10-08 23:00:00,3.14,3.49,2.99,2.89,3.43,3.02,3.39,2.84,3.51,3.32,2.63,3.14,3.38,3.01,2.91,3.14,3.43
2015-10-09 00:00:00,3.11,3.47,2.98,2.86,3.39,2.99,3.36,2.83,3.45,3.28,2.6,3.11,3.35,2.97,2.89,3.13,3.43
2015-10-09 01:00:00,3.09,3.46,2.95,2.83,3.38,2.94,3.33,2.8,3.44,3.26,2.59,3.07,3.32,2.96,2.87,3.11,3.4
2015-10-09 02:00:00,3.06,3.45,2.92,2.81,3.36,2.92,3.3,2.77,3.41,3.21,2.58,3.04,3.3,2.91,2.83,3.08,3.37
2015-10-09 03:00:00,3.03,3.45,2.93,2.75,3.34,2.86,3.29,2.75,3.39,3.18,2.6,3.03,3.27,2.86,2.79,3.04,3.35
2015-10-09 04:00:00,3.01,3.44,2.89,2.73,3.32,2.84,3.26,2.73,3.37,3.15,2.61,3.02,3.25,2.83,2.77,3.02,3.32
2015-10-09 05:00:00,3.0,3.42,2.9,2.72,3.3,2.86,3.23,2.72,3.33,3.12,2.61,3.01,3.23,2.82,2.76,3.03,3.3
2015-10-09 06:00:00,3.04,3.42,2.92,2.81,3.28,2.92,3.22,2.81,3.31,3.14,2.68,3.05,3.23,2.87,2.82,3.05,3.3
2015-10-09 07:00:00,3.11,3.41,2.97,2.92,3.28,3.02,3.29,2.93,3.35,3.25,2.84,3.13,3.23,3.04,2.93,3.09,3.34
2015-10-09 08:00:00,3.2,3.42,3.07,3.02,3.31,3.13,3.36,3.04,3.4,3.34,2.94,3.22,3.3,3.17,3.04,3.18,3.41
2015-10-09 09:00:00,3.27,3.46,3.16,3.07,3.37,3.25,3.42,3.12,3.45,3.42,2.98,3.3,3.36,3.27,3.1,3.28,3.49
2015-10-09 10:00:00,3.33,3.52,3.26,3.1,3.44,3.3,3.46,3.15,3.53,3.47,2.98,3.34,3.42,3.31,3.1,3.38,3.56
2015-10-09 11:00:00,3.36,3.58,3.28,3.12,3.49,3.35,3.47,3.16,3.61,3.5,3.02,3.34,3.48,3.32,3.14,3.41,3.59
2015-10-09 12:00:00,3.38,3.59,3.28,3.14,3.51,3.4,3.48,3.17,3.69,3.52,3.02,3.33,3.52,3.32,3.15,3.44,3.61
2015-10-09 13:00:00,3.37,3.58,3.28,3.13,3.51,3.38,3.48,3.18,3.69,3.5,3.02,3.33,3.53,3.34,3.15,3.44,3.6
2015-10-09 14:00:00,3.36,3.58,3.25,3.11,3.51,3.37,3.46,3.16,3.68,3.45,3.02,3.31,3.53,3.34,3.15,3.43,3.6
2015-10-09 15:00:00,3.32,3.57,3.21,3.07,3.5,3.33,3.41,3.12,3.65,3.39,2.98,3.26,3.5,3.26,3.09,3.4,3.56
2015-10-09 16:00:00,3.25,3.53,3.12,2.97,3.44,3.28,3.34,3.03,3.61,3.32,2.81,3.2,3.45,3.18,3.03,3.35,3.5
2015-10-09 17:00:00,3.18,3.49,2.98,2.88,3.36,3.23,3.3,2.95,3.57,3.26,2.68,3.14,3.4,3.12,2.98,3.29,3.45
2015-10-09 18:00:00,3.14,3.46,2.92,2.82,3.28,3.21,3.26,2.89,3.51,3.21,2.63,3.08,3.37,3.1,2.93,3.26,3.4
2015-10-09 19:00:00,3.09,3.44,2.78,2.78,3.24,3.17,3.22,2.85,3.48,3.19,2.59,3.05,3.34,3.09,2.86,3.23,3.36
2015-10-09 20:00:00,3.06,3.42,2.74,2.75,3.23,3.14,3.19,2.81,3.45,3.14,2.57,3.0,3.3,3.09,2.84,3.19,3.32
2015-10-09 21:00:00,3.03,3.39,2.7,2.74,3.2,3.1,3.16,2.78,3.41,3.1,2.55,2.97,3.27,3.07,2.81,3.14,3.28
2015-10-09 22:00:00,3.0,3.36,2.7,2.7,3.17,3.05,3.12,2.76,3.34,3.06,2.53,2.95,3.24,3.04,2.79,3.11,3.26
2015-10-09 23:00:00,2.97,3.33,2.69,2.68,3.14,3.02,3.08,2.73,3.28,3.02,2.51,2.91,3.19,3.02,2.79,3.08,3.24
2015-10-10 00:00:00,2.94,3.28,2.64,2.66,3.11,2.99,3.05,2.71,3.27,3.01,2.51,2.9,3.15,2.99,2.78,3.04,3.22
2015-10-10 01:00:00,2.92,3.25,2.62,2.64,3.09,2.95,3.03,2.69,3.25,2.97,2.51,2.87,3.12,2.95,2.78,3.0,3.18
2015-10-10 02:00:00,2.89,3.22,2.62,2.62,3.05,2.92,3.01,2.67,3.23,2.97,2.5,2.85,3.1,2.92,2.76,2.97,3.15
2015-10-10 03:00:00,2.87,3.19,2.61,2.6,3.03,2.9,3.0,2.65,3.18,2.94,2.47,2.84,3.07,2.89,2.74,2.95,3.1
2015-10-10 04:00:00,2.86,3.17,2.61,2.58,2.99,2.85,2.99,2.64,3.15,2.92,2.46,2.83,3.05,2.87,2.73,2.93,3.09
2015-10-10 05:00:00,2.84,3.14,2.6,2.59,2.95,2.82,2.97,2.64,3.07,2.9,2.47,2.82,3.03,2.85,2.74,2.92,3.05
2015-10-10 06:00:00,2.89,3.15,2.73,2.67,2.94,2.89,2.99,2.72,3.09,2.95,2.54,2.86,3.04,2.93,2.78,2.94,3.09
2015-10-10 07:00:00,3.0,3.19,2.88,2.82,3.04,2.99,3.08,2.85,3.24,3.03,2.74,2.98,3.09,3.04,2.91,3.03,3.16
2015-10-10 08:00:00,3.1,3.28,2.99,2.95,3.14,3.07,3.14,2.99,3.35,3.13,2.86,3.12,3.17,3.13,3.05,3.14,3.24
2015-10-10 09:00:00,3.18,3.34,3.11,3.02,3.24,3.14,3.2,3.08,3.43,3.23,2.92,3.21,3.24,3.18,3.11,3.21,3.33
2015-10-10 10:00:00,3.23,3.38,3.16,3.04,3.32,3.2,3.26,3.11,3.48,3.28,2.97,3.27,3.31,3.2,3.15,3.26,3.38
2015-10-10 11:00:00,3.26,3.39,3.19,3.07,3.37,3.24,3.31,3.14,3.51,3.3,3.01,3.31,3.35,3.22,3.17,3.31,3.42
2015-10-10 12:00:00,3.28,3.42,3.2,3.08,3.38,3.26,3.34,3.15,3.53,3.33,3.0,3.32,3.39,3.24,3.18,3.33,3.45
2015-10-10 13:00:00,3.29,3.42,3.23,3.09,3.39,3.27,3.34,3.16,3.55,3.32,3.03,3.32,3.39,3.25,3.18,3.34,3.45
2015-10-10 14:00:00,3.28,3.41,3.23,3.09,3.38,3.26,3.32,3.16,3.53,3.31,3.05,3.32,3.38,3.24,3.17,3.33,3.45
2015-10-10 15:00:00,3.25,3.39,3.23,3.05,3.35,3.23,3.28,3.12,3.51,3.27,3.01,3.3,3.34,3.2,3.14,3.3,3.42
2015-10-10 16:00:00,3.18,3.34,3.15,2.96,3.29,3.15,3.21,3.03,3.43,3.22,2.89,3.24,3.3,3.12,3.08,3.22,3.36
2015-10-10 17:00:00,3.1,3.29,2.96,2.86,3.21,3.04,3.16,2.93,3.32,3.16,2.84,3.19,3.26,3.06,3.01,3.15,3.31
2015-10-10 18:00:00,3.05,3.24,2.83,2.81,3.16,2.99,3.13,2.86,3.27,3.13,2.75,3.19,3.21,3.02,2.98,3.09,3.24
2015-10-10 19:00:00,3.01,3.18,2.78,2.76,3.14,2.98,3.1,2.83,3.21,3.11,2.72,3.17,3.16,2.99,2.94,3.06,3.21
2015-10-10 20:00:00,2.98,3.13,2.89,2.74,3.1,2.92,3.06,2.8,3.18,3.09,2.73,3.15,3.13,2.94,2.89,3.01,3.17
2015-10-10 21:00:00,2.95,3.08,2.78,2.74,3.07,2.89,3.02,2.76,3.14,3.07,2.74,3.14,3.09,2.93,2.89,2.98,3.17
2015-10-10 22:00:00,2.93,3.04,2.8,2.73,3.04,2.89,2.99,2.74,3.12,3.05,2.79,3.08,3.06,2.94,2.87,2.94,3.13
2015-10-10 23:00:00,2.92,3.02,2.85,2.71,3.0,2.86,2.98,2.72,3.09,3.04,2.78,3.05,3.03,2.94,2.89,2.91,3.11
2015-10-11 00:00:00,2.9,2.98,2.87,2.69,2.97,2.85,2.97,2.71,3.05,3.03,2.75,3.04,3.01,2.93,2.89,2.87,3.1
2015-10-11 01:00:00,2.88,2.95,2.87,2.7,2.94,2.84,2.95,2.69,3.04,3.02,2.74,3.04,2.99,2.92,2.9,2.85,3.06
2015-10-11 02:00:00,2.87,2.92,2.81,2.69,2.91,2.81,2.94,2.67,3.02,3.0,2.76,3.03,2.97,2.92,2.92,2.83,3.04
2015-10-11 03:00:00,2.85,2.91,2.79,2.66,2.88,2.78,2.93,2.65,3.0,2.99,2.8,3.04,2.95,2.91,2.93,2.82,3.01
2015-10-11 04:00:00,2.85,2.9,2.78,2.65,2.86,2.78,2.93,2.65,2.98,2.98,2.81,3.04,2.95,2.9,2.92,2.8,3.04
2015-10-11 05:00:00,2.84,2.85,2.79,2.65,2.83,2.78,2.92,2.65,2.97,2.98,2.83,3.04,2.94,2.9,2.88,2.79,3.01
2015-10-11 06:00:00,2.87,2.84,2.84,2.73,2.84,2.82,2.93,2.71,2.98,2.98,2.85,3.06,2.95,2.93,2.91,2.8,3.03
2015-10-11 07:00:00,2.95,2.89,2.96,2.84,2.96,2.89,2.96,2.84,3.03,3.02,2.92,3.14,2.98,3.01,3.0,2.89,3.1
2015-10-11 08:00:00,3.03,2.98,3.05,2.93,3.05,2.97,3.01,2.96,3.1,3.06,2.99,3.21,3.04,3.07,3.09,3.02,3.23
2015-10-11 09:00:00,3.1,3.06,3.15,2.98,3.14,3.05,3.08,3.04,3.16,3.1,3.04,3.26,3.12,3.12,3.15,3.12,3.3
2015-10-11 10:00:00,3.15,3.1,3.17,3.04,3.19,3.11,3.12,3.07,3.24,3.14,3.05,3.29,3.19,3.15,3.18,3.18,3.36
2015-10-11 11:00:00,3.18,3.16,3.23,3.07,3.24,3.13,3.15,3.11,3.29,3.15,3.08,3.31,3.23,3.19,3.2,3.2,3.4
2015-10-11 12:00:00,3.2,3.19,3.23,3.08,3.26,3.14,3.17,3.11,3.29,3.16,3.08,3.33,3.24,3.2,3.21,3.23,3.41
2015-10-11 13:00:00,3.2,3.19,3.24,3.09,3.27,3.14,3.15,3.12,3.3,3.16,3.1,3.34,3.26,3.19,3.23,3.23,3.4
2015-10-11 14:00:00,3.19,3.19,3.24,3.09,3.26,3.14,3.13,3.11,3.28,3.12,3.08,3.32,3.24,3.16,3.22,3.23,3.4
2015-10-11 15:00:00,3.16,3.16,3.22,3.07,3.25,3.12,3.11,3.1,3.26,3.08,3.04,3.3,3.22,3.13,3.17,3.2,3.39
2015-10-11 16:00:00,3.12,3.1,3.15,3.03,3.2,3.08,3.08,3.04,3.23,3.05,2.96,3.27,3.19,3.09,3.09,3.15,3.35
2015-10-11 17:00:00,3.07,3.04,3.0,3.01,3.13,3.04,3.06,2.99,3.22,3.01,2.85,3.25,3.16,3.06,3.04,3.07,3.31
2015-10-11 18:00:00,3.02,3.0,2.85,2.97,3.08,3.02,3.03,2.95,3.19,2.99,2.75,3.21,3.14,3.04,3.01,3.02,3.22
2015-10-11 19:00:00,3.0,2.96,2.78,2.97,3.03,3.0,3.01,2.93,3.17,2.97,2.72,3.19,3.12,3.02,2.98,2.98,3.17
2015-10-11 20:00:00,2.98,2.92,2.8,2.96,3.01,2.98,2.99,2.92,3.16,2.96,2.67,3.17,3.09,3.0,2.94,2.95,3.16
2015-10-11 21:00:00,2.96,2.91,2.9,2.95,2.97,2.97,2.97,2.91,3.15,2.96,2.67,3.15,3.06,2.99,2.89,2.9,3.12
2015-10-11 22:00:00,2.94,2.88,2.89,2.96,2.94,2.93,2.94,2.9,3.13,2.93,2.73,3.12,3.04,2.99,2.86,2.88,3.09
2015-10-11 23:00:00,2.92,2.84,2.85,2.95,2.9,2.9,2.9,2.88,3.06,2.9,2.72,3.08,3.01,2.99,2.84,2.86,3.05
2015-10-12 00:00:00,2.9,2.8,2.82,2.95,2.87,2.87,2.87,2.87,3.02,2.89,2.7,3.04,2.99,2.98,2.83,2.84,3.04
2015-10-12 01:00:00,2.88,2.77,2.81,2.95,2.86,2.86,2.85,2.85,3.04,2.87,2.69,3.01,2.97,2.95,2.81,2.82,3.0
2015-10-12 02:00:00,2.86,2.73,2.79,2.96,2.86,2.84,2.83,2.85,3.04,2.86,2.71,2.98,2.94,2.89,2.81,2.8,2.97
2015-10-12 03:00:00,2.85,2.71,2.78,2.94,2.84,2.84,2.81,2.85,3.01,2.86,2.69,2.97,2.92,2.84,2.8,2.78,2.97
2015-10-12 04:00:00,2.83,2.69,2.76,2.93,2.82,2.83,2.8,2.85,3.0,2.85,2.7,2.96,2.9,2.83,2.79,2.77,2.96
2015-10-12 05:00:00,2.82,2.66,2.75,2.93,2.8,2.82,2.79,2.85,2.97,2.85,2.7,2.97,2.87,2.83,2.78,2.75,2.93
2015-10-12 06:00:00,2.83,2.68,2.78,2.95,2.8,2.82,2.79,2.87,2.98,2.85,2.75,2.98,2.85,2.82,2.81,2.76,2.95
2015-10-12 07:00:00,2.87,2.77,2.85,2.99,2.86,2.82,2.79,2.92,2.97,2.86,2.84,3.05,2.84,2.82,2.86,2.81,3.02
2015-10-12 08:00:00,2.91,2.84,2.91,3.04,2.94,2.8,2.8,2.97,2.96,2.87,2.92,3.13,2.84,2.82,2.94,2.9,3.11
2015-10-12 09:00:00,2.95,2.9,3.01,3.08,3.03,2.8,2.8,3.03,2.94,2.88,3.0,3.21,2.84,2.83,3.03,2.97,3.19
2015-10-12 10:00:00,2.98,2.94,3.06,3.12,3.11,2.8,2.81,3.07,2.95,2.89,3.06,3.25,2.85,2.83,3.09,3.0,3.26
2015-10-12 11:00:00,3.0,2.94,3.11,3.14,3.18,2.8,2.81,3.1,2.95,2.9,3.08,3.28,2.85,2.85,3.11,3.01,3.3
2015-10-12 12:00:00,3.01,2.93,3.1,3.16,3.24,2.81,2.82,3.11,2.94,2.91,3.12,3.3,2.85,2.86,3.13,2.99,3.34
2015-10-12 13:00:00,3.0,2.93,3.06,3.17,3.24,2.81,2.83,3.09,2.94,2.91,3.14,3.31,2.85,2.86,3.14,2.98,3.36
2015-10-12 14:00:00,2.99,2.92,2.97,3.14,3.23,2.81,2.83,3.07,2.94,2.91,3.14,3.29,2.85,2.87,3.15,2.95,3.36
2015-10-12 15:00:00,2.98,2.92,2.97,3.13,3.19,2.81,2.82,3.05,2.93,2.91,3.12,3.27,2.84,2.87,3.14,2.94,3.34
2015-10-12 16:00:00,2.97,2.91,2.95,3.11,3.16,2.81,2.82,3.05,2.92,2.92,3.09,3.25,2.84,2.87,3.13,2.93,3.28
2015-10-12 17:00:00,2.97,2.9,2.93,3.1,3.12,2.82,2.82,3.06,2.91,2.92,3.07,3.24,2.84,2.87,3.12,2.91,3.25
2015-10-12 18:00:00,2.97,2.9,2.92,3.1,3.09,2.82,2.81,3.07,2.91,2.93,3.05,3.23,2.84,2.89,3.12,2.91,3.23
2015-10-12 19:00:00,2.97,2.9,2.96,3.11,3.07,2.82,2.82,3.08,2.91,2.93,3.06,3.22,2.85,2.89,3.13,2.91,3.22
2015-10-12 20:00:00,2.97,2.9,2.98,3.12,3.06,2.83,2.82,3.07,2.91,2.94,3.05,3.22,2.85,2.9,3.13,2.92,3.22
2015-10-12 21:00:00,2.97,2.9,3.0,3.11,3.05,2.83,2.82,3.06,2.92,2.95,3.03,3.22,2.85,2.91,3.13,2.93,3.2
2015-10-12 22:00:00,2.97,2.89,2.99,3.1,3.04,2.85,2.82,3.05,2.91,2.97,3.02,3.22,2.85,2.93,3.14,2.93,3.17
2015-10-12 23:00:00,2.97,2.89,2.99,3.1,3.04,2.86,2.82,3.04,2.91,2.99,3.0,3.21,2.86,2.93,3.14,2.94,3.15
2015-10-13 00:00:00,2.97,2.89,2.98,3.08,3.03,2.87,2.83,3.03,2.92,3.0,3.0,3.21,2.86,2.95,3.14,2.94,3.12
2015-10-13 01:00:00,2.97,2.89,2.98,3.08,3.02,2.87,2.84,3.03,2.93,3.02,3.0,3.21,2.87,2.95,3.13,2.95,3.11
2015-10-13 02:00:00,2.98,2.89,2.99,3.07,3.0,2.88,2.84,3.03,2.93,3.03,3.0,3.19,2.88,2.96,3.13,2.95,3.1
2015-10-13 03:00:00,2.98,2.89,2.99,3.08,3.0,2.89,2.85,3.03,2.93,3.05,2.99,3.17,2.89,2.97,3.12,2.96,3.09
2015-10-13 04:00:00,2.98,2.89,3.0,3.08,2.99,2.9,2.85,3.04,2.94,3.06,2.99,3.16,2.89,2.98,3.11,2.96,3.08
2015-10-13 05:00:00,2.99,2.9,3.01,3.09,2.97,2.91,2.85,3.05,2.94,3.08,2.99,3.16,2.9,2.99,3.11,2.96,3.07
2015-10-13 06:00:00,3.0,2.91,3.02,3.1,2.97,2.92,2.87,3.06,2.95,3.1,3.02,3.16,2.91,3.0,3.12,2.97,3.06
2015-10-13 07:00:00,3.02,2.91,3.04,3.11,2.98,2.93,2.9,3.08,2.97,3.13,3.09,3.16,2.94,3.01,3.14,2.98,3.07
2015-10-13 08:00:00,3.04,2.93,3.06,3.13,3.0,2.95,2.94,3.1,2.99,3.17,3.15,3.19,2.96,3.03,3.18,3.0,3.08
2015-10-13 09:00:00,3.06,2.95,3.08,3.15,3.01,2.97,2.99,3.1,3.01,3.21,3.24,3.21,2.99,3.06,3.23,3.02,3.09
2015-10-13 10:00:00,3.09,2.96,3.09,3.17,3.02,2.99,3.04,3.12,3.04,3.23,3.27,3.22,3.02,3.08,3.29,3.03,3.11
2015-10-13 11:00:00,3.11,2.99,3.09,3.19,3.03,3.01,3.08,3.13,3.06,3.25,3.31,3.25,3.05,3.1,3.32,3.05,3.12
2015-10-13 12:00:00,3.13,3.02,3.1,3.2,3.03,3.02,3.11,3.14,3.08,3.25,3.35,3.25,3.08,3.12,3.33,3.06,3.13
2015-10-13 13:00:00,3.14,3.04,3.11,3.2,3.04,3.03,3.13,3.15,3.11,3.25,3.35,3.25,3.11,3.13,3.34,3.07,3.13
2015-10-13 14:00:00,3.14,3.04,3.12,3.2,3.04,3.05,3.12,3.16,3.12,3.26,3.34,3.24,3.14,3.15,3.34,3.07,3.14
2015-10-13 15:00:00,3.14,3.05,3.13,3.2,3.03,3.06,3.12,3.16,3.12,3.26,3.32,3.24,3.13,3.15,3.33,3.08,3.14
2015-10-13 16:00:00,3.14,3.04,3.14,3.2,3.02,3.06,3.11,3.15,3.12,3.25,3.31,3.24,3.13,3.15,3.32,3.08,3.14
2015-10-13 17:00:00,3.14,3.04,3.14,3.2,3.02,3.06,3.1,3.16,3.14,3.25,3.3,3.25,3.13,3.15,3.31,3.08,3.14
2015-10-13 18:00:00,3.14,3.05,3.15,3.2,3.02,3.07,3.1,3.11,3.15,3.24,3.29,3.24,3.13,3.15,3.31,3.08,3.15
2015-10-13 19:00:00,3.15,3.05,3.16,3.2,3.02,3.08,3.11,3.16,3.16,3.24,3.28,3.24,3.15,3.17,3.31,3.09,3.15
2015-10-13 20:00:00,3.15,3.05,3.16,3.2,3.02,3.1,3.11,3.16,3.18,3.24,3.27,3.25,3.16,3.17,3.3,3.09,3.16
2015-10-13 21:00:00,3.16,3.06,3.17,3.2,3.02,3.11,3.11,3.17,3.19,3.24,3.28,3.25,3.18,3.17,3.3,3.1,3.16
2015-10-13 22:00:00,3.17,3.07,3.18,3.19,3.02,3.13,3.12,3.17,3.19,3.23,3.27,3.27,3.18,3.17,3.29,3.11,3.17
2015-10-13 23:00:00,3.17,3.08,3.19,3.19,3.03,3.14,3.15,3.17,3.2,3.24,3.26,3.26,3.2,3.17,3.29,3.11,3.18
2015-10-14 00:00:00,3.17,3.09,3.2,3.19,3.03,3.15,3.15,3.14,3.22,3.25,3.26,3.27,3.21,3.16,3.28,3.12,3.19
2015-10-14 01:00:00,3.19,3.09,3.21,3.2,3.03,3.17,3.17,3.19,3.23,3.25,3.25,3.27,3.23,3.16,3.27,3.13,3.21
2015-10-14 02:00:00,3.2,3.1,3.23,3.21,3.04,3.18,3.17,3.2,3.25,3.25,3.24,3.28,3.24,3.16,3.27,3.15,3.21
2015-10-14 03:00:00,3.21,3.11,3.23,3.21,3.05,3.2,3.18,3.21,3.27,3.24,3.22,3.28,3.25,3.16,3.28,3.17,3.23
2015-10-14 04:00:00,3.21,3.12,3.23,3.21,3.06,3.21,3.19,3.21,3.3,3.24,3.22,3.28,3.27,3.17,3.28,3.19,3.23
2015-10-14 05:00:00,3.22,3.13,3.25,3.22,3.07,3.21,3.2,3.22,3.31,3.24,3.21,3.28,3.27,3.17,3.27,3.2,3.24
2015-10-14 06:00:00,3.23,3.15,3.26,3.22,3.09,3.22,3.22,3.18,3.33,3.25,3.22,3.3,3.29,3.18,3.27,3.23,3.25
2015-10-14 07:00:00,3.26,3.18,3.29,3.25,3.13,3.24,3.26,3.27,3.35,3.26,3.25,3.33,3.31,3.2,3.28,3.25,3.28
2015-10-14 08:00:00,3.29,3.2,3.32,3.28,3.16,3.26,3.32,3.3,3.37,3.29,3.27,3.35,3.34,3.24,3.31,3.27,3.32
2015-10-14 09:00:00,3.33,3.23,3.36,3.32,3.19,3.3,3.4,3.33,3.37,3.32,3.3,3.39,3.36,3.25,3.34,3.3,3.34
2015-10-14 10:00:00,3.36,3.25,3.44,3.36,3.22,3.33,3.45,3.37,3.38,3.36,3.33,3.42,3.38,3.26,3.39,3.33,3.38
2015-10-14 11:00:00,3.39,3.28,3.44,3.4,3.22,3.36,3.48,3.41,3.41,3.37,3.36,3.45,3.4,3.26,3.42,3.34,3.41
2015-10-14 12:00:00,3.4,3.3,3.45,3.43,3.24,3.37,3.49,3.44,3.42,3.34,3.39,3.47,3.42,3.25,3.44,3.34,3.43
2015-10-14 13:00:00,3.41,3.31,3.47,3.44,3.26,3.37,3.47,3.46,3.43,3.31,3.4,3.47,3.44,3.26,3.45,3.35,3.45
2015-10-14 14:00:00,3.41,3.33,3.47,3.44,3.27,3.38,3.45,3.46,3.44,3.26,3.38,3.47,3.44,3.27,3.43,3.37,3.45
2015-10-14 15:00:00,3.39,3.34,3.49,3.41,3.28,3.36,3.43,3.44,3.44,3.23,3.34,3.45,3.42,3.28,3.4,3.37,3.45
2015-10-14 16:00:00,3.37,3.35,3.49,3.33,3.29,3.35,3.4,3.39,3.44,3.23,3.23,3.42,3.39,3.27,3.33,3.38,3.44
2015-10-14 17:00:00,3.35,3.36,3.49,3.32,3.29,3.34,3.37,3.36,3.45,3.23,3.17,3.4,3.37,3.27,3.29,3.37,3.43
2015-10-14 18:00:00,3.34,3.37,3.48,3.3,3.3,3.32,3.35,3.34,3.43,3.24,3.12,3.37,3.35,3.26,3.27,3.36,3.43
2015-10-14 19:00:00,3.34,3.37,3.48,3.28,3.31,3.32,3.34,3.33,3.39,3.25,3.16,3.36,3.34,3.27,3.25,3.37,3.43
2015-10-14 20:00:00,3.33,3.38,3.45,3.27,3.31,3.33,3.35,3.33,3.36,3.26,3.1,3.34,3.33,3.29,3.23,3.38,3.42
2015-10-14 21:00:00,3.32,3.37,3.4,3.25,3.31,3.32,3.35,3.32,3.34,3.27,3.08,3.33,3.32,3.31,3.23,3.37,3.42
2015-10-14 22:00:00,3.32,3.37,3.41,3.23,3.31,3.33,3.36,3.29,3.33,3.28,3.08,3.31,3.32,3.33,3.21,3.36,3.41
2015-10-14 23:00:00,3.31,3.36,3.37,3.22,3.31,3.34,3.36,3.29,3.33,3.28,3.06,3.31,3.32,3.33,3.2,3.36,3.39
2015-10-24 00:00:00,3.6,3.5,3.68,3.6,3.51,3.65,3.56,3.61,3.71,3.59,3.68,3.69,3.64,3.64,3.6,3.54,3.57
2015-10-24 01:00:00,3.58,3.5,3.57,3.6,3.44,3.65,3.56,3.59,3.69,3.59,3.68,3.7,3.64,3.63,3.59,3.5,3.52
2015-10-24 02:00:00,3.57,3.49,3.53,3.58,3.37,3.64,3.54,3.58,3.67,3.58,3.68,3.68,3.63,3.63,3.59,3.5,3.52
2015-10-24 03:00:00,3.57,3.46,3.58,3.57,3.38,3.64,3.52,3.57,3.67,3.58,3.66,3.66,3.63,3.61,3.59,3.5,3.51
2015-10-24 04:00:00,3.56,3.42,3.61,3.55,3.38,3.63,3.51,3.56,3.66,3.58,3.65,3.64,3.62,3.62,3.59,3.48,3.51
2015-10-24 05:00:00,3.54,3.35,3.61,3.54,3.33,3.61,3.48,3.57,3.65,3.57,3.65,3.64,3.59,3.61,3.58,3.47,3.52
2015-10-24 06:00:00,3.53,3.3,3.61,3.55,3.32,3.6,3.47,3.56,3.66,3.55,3.64,3.65,3.6,3.6,3.57,3.46,3.53
2015-10-24 07:00:00,3.56,3.36,3.6,3.57,3.34,3.62,3.5,3.56,3.67,3.58,3.65,3.66,3.64,3.61,3.58,3.51,3.54
2015-10-24 08:00:00,3.6,3.49,3.59,3.6,3.42,3.65,3.56,3.58,3.8,3.61,3.67,3.69,3.7,3.64,3.6,3.56,3.58
2015-10-24 09:00:00,3.64,3.63,3.58,3.62,3.51,3.68,3.59,3.59,3.87,3.62,3.71,3.72,3.74,3.65,3.63,3.63,3.64
2015-10-24 10:00:00,3.68,3.72,3.61,3.64,3.62,3.69,3.62,3.58,3.88,3.61,3.74,3.75,3.79,3.67,3.66,3.68,3.71
2015-10-24 11:00:00,3.7,3.79,3.61,3.65,3.74,3.7,3.66,3.57,3.93,3.61,3.76,3.77,3.81,3.63,3.66,3.74,3.73
2015-10-24 12:00:00,3.7,3.85,3.61,3.63,3.76,3.7,3.66,3.57,3.96,3.61,3.72,3.78,3.82,3.61,3.65,3.78,3.76
2015-10-24 13:00:00,3.7,3.87,3.59,3.62,3.79,3.7,3.66,3.55,3.96,3.6,3.74,3.76,3.82,3.6,3.64,3.78,3.76
2015-10-24 14:00:00,3.68,3.85,3.57,3.58,3.8,3.69,3.62,3.52,3.95,3.58,3.68,3.74,3.8,3.57,3.61,3.77,3.76
2015-10-24 15:00:00,3.63,3.79,3.54,3.54,3.75,3.63,3.53,3.5,3.88,3.52,3.6,3.69,3.73,3.51,3.58,3.72,3.73
2015-10-24 16:00:00,3.53,3.63,3.51,3.48,3.68,3.48,3.36,3.46,3.76,3.44,3.52,3.64,3.59,3.4,3.54,3.62,3.65
2015-10-24 17:00:00,3.46,3.52,3.5,3.45,3.64,3.37,3.27,3.41,3.62,3.33,3.43,3.6,3.51,3.29,3.52,3.56,3.61
2015-10-24 18:00:00,3.4,3.48,3.35,3.42,3.63,3.34,3.2,3.36,3.58,3.25,3.35,3.55,3.45,3.2,3.5,3.52,3.56
2015-10-24 19:00:00,3.37,3.47,3.26,3.36,3.58,3.34,3.16,3.3,3.56,3.21,3.33,3.51,3.41,3.16,3.48,3.49,3.58
2015-10-24 20:00:00,3.35,3.43,3.33,3.3,3.55,3.31,3.14,3.27,3.69,3.16,3.39,3.47,3.39,3.12,3.46,3.47,3.58
2015-10-24 21:00:00,3.31,3.4,3.31,3.25,3.55,3.3,3.11,3.21,3.66,3.14,3.37,3.47,3.36,3.06,3.44,3.43,3.54
2015-10-24 22:00:00,3.29,3.38,3.28,3.2,3.56,3.29,3.1,3.17,3.6,3.13,3.35,3.45,3.34,3.04,3.41,3.39,3.52
2015-10-24 23:00:00,3.27,3.38,3.25,3.14,3.55,3.27,3.05,3.15,3.57,3.14,3.36,3.44,3.37,3.03,3.4,3.35,3.5
2015-10-25 00:00:00,3.25,3.37,3.24,3.09,3.52,3.22,3.04,3.12,3.55,3.14,3.37,3.44,3.34,3.01,3.38,3.34,3.5
2015-10-25 01:00:00,3.24,3.35,3.23,3.08,3.49,3.25,3.01,3.09,3.51,3.17,3.35,3.42,3.32,3.01,3.35,3.32,3.5
2015-10-25 02:00:00,3.23,3.31,3.23,3.05,3.5,3.23,3.02,3.09,3.47,3.16,3.35,3.42,3.29,2.99,3.33,3.32,3.49
2015-10-25 03:00:00,3.21,3.29,3.21,3.02,3.51,3.24,2.98,3.07,3.41,3.18,3.33,3.39,3.32,2.95,3.32,3.31,3.48
2015-10-25 04:00:00,3.21,3.28,3.2,3.03,3.51,3.23,2.97,3.06,3.32,3.2,3.33,3.39,3.37,2.94,3.3,3.31,3.48
2015-10-25 05:00:00,3.22,3.3,3.17,3.04,3.52,3.23,2.98,3.05,3.27,3.2,3.28,3.38,3.43,2.91,3.28,3.33,3.48
2015-10-25 06:00:00,3.24,3.41,3.16,3.07,3.51,3.26,3.0,3.07,3.25,3.25,3.31,3.39,3.43,2.95,3.28,3.36,3.5
2015-10-25 07:00:00,3.32,3.45,3.23,3.18,3.53,3.34,3.1,3.17,3.36,3.38,3.34,3.42,3.5,3.01,3.3,3.42,3.53
2015-10-25 08:00:00,3.42,3.56,3.3,3.32,3.57,3.47,3.33,3.29,3.47,3.51,3.38,3.48,3.59,3.17,3.32,3.48,3.59
2015-10-25 09:00:00,3.5,3.61,3.35,3.43,3.6,3.51,3.48,3.38,3.57,3.58,3.45,3.57,3.6,3.36,3.36,3.53,3.63
2015-10-25 10:00:00,3.55,3.67,3.39,3.52,3.67,3.55,3.6,3.42,3.67,3.64,3.51,3.61,3.64,3.45,3.35,3.56,3.65
2015-10-25 11:00:00,3.59,3.7,3.43,3.58,3.7,3.57,3.67,3.45,3.7,3.69,3.56,3.64,3.65,3.52,3.34,3.61,3.69
2015-10-25 12:00:00,3.61,3.72,3.49,3.61,3.69,3.61,3.67,3.47,3.74,3.7,3.63,3.65,3.67,3.57,3.35,3.64,3.74
2015-10-25 13:00:00,3.62,3.73,3.52,3.61,3.7,3.64,3.64,3.47,3.76,3.7,3.6,3.66,3.68,3.57,3.36,3.64,3.77
2015-10-25 14:00:00,3.61,3.72,3.55,3.61,3.69,3.62,3.62,3.46,3.74,3.66,3.57,3.68,3.69,3.59,3.36,3.65,3.76
2015-10-25 15:00:00,3.6,3.72,3.55,3.6,3.69,3.6,3.61,3.47,3.73,3.64,3.48,3.67,3.68,3.58,3.37,3.63,3.72
2015-10-25 16:00:00,3.58,3.7,3.53,3.58,3.65,3.56,3.59,3.48,3.7,3.63,3.44,3.63,3.64,3.58,3.39,3.61,3.66
2015-10-25 17:00:00,3.57,3.68,3.5,3.58,3.62,3.58,3.6,3.48,3.68,3.63,3.42,3.61,3.62,3.58,3.4,3.59,3.62
2015-10-25 18:00:00,3.56,3.67,3.45,3.56,3.59,3.6,3.6,3.5,3.66,3.63,3.42,3.61,3.62,3.57,3.41,3.54,3.57
2015-10-25 19:00:00,3.56,3.65,3.41,3.54,3.56,3.62,3.61,3.51,3.65,3.63,3.43,3.6,3.61,3.56,3.4,3.51,3.55
2015-10-25 20:00:00,3.55,3.62,3.38,3.56,3.51,3.61,3.61,3.51,3.67,3.63,3.45,3.58,3.63,3.57,3.38,3.47,3.53
2015-10-25 21:00:00,3.53,3.59,3.36,3.56,3.46,3.59,3.61,3.49,3.7,3.62,3.48,3.58,3.63,3.6,3.37,3.39,3.54
2015-10-25 22:00:00,3.52,3.55,3.34,3.56,3.45,3.53,3.61,3.47,3.68,3.61,3.48,3.57,3.62,3.6,3.36,3.35,3.53
2015-10-25 23:00:00,3.49,3.49,3.32,3.57,3.4,3.47,3.59,3.44,3.64,3.59,3.48,3.58,3.6,3.61,3.36,3.33,3.51
2015-10-26 00:00:00,3.47,3.46,3.31,3.55,3.36,3.42,3.57,3.42,3.55,3.57,3.44,3.59,3.58,3.59,3.34,3.33,3.51
2015-10-26 01:00:00,3.45,3.41,3.3,3.52,3.35,3.41,3.57,3.39,3.52,3.56,3.43,3.57,3.55,3.54,3.33,3.31,3.48
2015-10-26 02:00:00,3.43,3.4,3.27,3.5,3.34,3.42,3.56,3.37,3.5,3.56,3.4,3.55,3.52,3.5,3.31,3.3,3.44
2015-10-26 03:00:00,3.41,3.39,3.26,3.47,3.32,3.4,3.51,3.35,3.43,3.54,3.37,3.54,3.49,3.48,3.3,3.27,3.41
2015-10-26 04:00:00,3.38,3.41,3.23,3.44,3.27,3.39,3.48,3.32,3.38,3.51,3.35,3.52,3.47,3.46,3.31,3.23,3.37
2015-10-26 05:00:00,3.36,3.4,3.22,3.39,3.27,3.37,3.45,3.31,3.43,3.47,3.34,3.52,3.43,3.42,3.29,3.2,3.35
2015-10-26 06:00:00,3.35,3.39,3.21,3.39,3.23,3.37,3.44,3.31,3.45,3.43,3.34,3.5,3.4,3.38,3.29,3.18,3.36
2015-10-26 07:00:00,3.37,3.38,3.24,3.4,3.25,3.37,3.45,3.33,3.42,3.46,3.39,3.52,3.43,3.46,3.34,3.18,3.37
2015-10-26 08:00:00,3.41,3.4,3.3,3.41,3.3,3.38,3.48,3.37,3.41,3.49,3.44,3.59,3.46,3.5,3.42,3.25,3.45
2015-10-26 09:00:00,3.45,3.42,3.4,3.45,3.38,3.38,3.5,3.4,3.41,3.51,3.49,3.61,3.48,3.51,3.45,3.33,3.53
2015-10-26 10:00:00,3.48,3.48,3.47,3.46,3.42,3.39,3.5,3.41,3.41,3.54,3.52,3.64,3.5,3.53,3.5,3.41,3.57
2015-10-26 11:00:00,3.5,3.51,3.49,3.47,3.53,3.4,3.53,3.45,3.44,3.54,3.55,3.63,3.53,3.56,3.52,3.48,3.58
2015-10-26 12:00:00,3.51,3.54,3.5,3.47,3.58,3.41,3.53,3.45,3.53,3.54,3.54,3.54,3.54,3.55,3.54,3.52,3.58
2015-10-26 13:00:00,3.51,3.55,3.49,3.44,3.58,3.42,3.53,3.45,3.54,3.54,3.54,3.61,3.52,3.52,3.53,3.53,3.56
2015-10-26 14:00:00,3.48,3.52,3.46,3.4,3.58,3.4,3.48,3.43,3.53,3.48,3.51,3.58,3.5,3.47,3.49,3.51,3.53
2015-10-26 15:00:00,3.41,3.45,3.38,3.32,3.54,3.34,3.42,3.34,3.45,3.4,3.44,3.52,3.44,3.37,3.42,3.45,3.44
2015-10-26 16:00:00,3.29,3.36,3.21,3.22,3.42,3.2,3.27,3.24,3.35,3.31,3.33,3.4,3.31,3.28,3.34,3.33,3.33
2015-10-26 17:00:00,3.22,3.3,3.1,3.17,3.34,3.11,3.19,3.16,3.26,3.25,3.24,3.33,3.24,3.2,3.3,3.24,3.24
2015-10-26 18:00:00,3.16,3.21,3.03,3.13,3.31,3.06,3.13,3.12,3.19,3.16,3.2,3.22,3.19,3.14,3.25,3.17,3.21
2015-10-26 19:00:00,3.11,3.18,2.98,3.09,3.29,3.0,3.08,3.06,3.14,3.1,3.21,3.2,3.16,3.07,3.24,3.12,3.17
2015-10-26 20:00:00,3.08,3.14,2.94,3.06,3.27,2.96,3.04,3.03,3.08,3.04,3.13,3.15,3.13,3.02,3.21,3.08,3.15
2015-10-26 21:00:00,3.03,3.11,2.89,3.01,3.25,2.93,2.99,2.95,3.07,3.0,3.09,3.12,3.11,2.97,3.13,3.05,3.13
2015-10-26 22:00:00,3.01,3.07,2.87,2.98,3.23,2.91,2.95,2.92,3.05,2.96,3.08,3.1,3.1,2.93,3.11,3.01,3.09
2015-10-26 23:00:00,2.98,3.03,2.84,2.95,3.19,2.89,2.93,2.89,3.04,2.92,3.06,3.1,3.03,2.9,3.12,3.0,3.07
2015-10-27 00:00:00,2.96,3.0,2.82,2.93,3.18,2.88,2.92,2.85,3.03,2.89,3.03,3.08,3.04,2.89,3.09,3.0,3.07
2015-10-27 01:00:00,2.95,3.0,2.8,2.91,3.17,2.87,2.89,2.85,3.01,2.88,3.0,3.05,3.04,2.87,3.08,2.99,3.05
2015-10-27 02:00:00,2.94,3.0,2.8,2.89,3.18,2.86,2.88,2.84,3.0,2.86,3.0,3.03,3.04,2.86,3.09,2.97,3.05
2015-10-27 03:00:00,2.93,2.99,2.82,2.87,3.15,2.87,2.89,2.84,3.0,2.85,2.94,3.03,3.03,2.85,3.1,2.94,3.06
2015-10-27 04:00:00,2.93,2.98,2.86,2.85,3.15,2.87,2.88,2.84,2.99,2.82,2.93,3.0,3.02,2.81,3.12,2.95,3.08
2015-10-27 05:00:00,2.93,2.97,2.87,2.86,3.13,2.88,2.9,2.83,2.99,2.81,2.9,2.98,3.01,2.82,3.12,2.96,3.05
2015-10-27 06:00:00,2.94,2.99,2.89,2.85,3.11,2.9,2.91,2.84,3.0,2.81,2.9,2.99,3.04,2.84,3.11,2.98,3.09
2015-10-27 07:00:00,2.99,3.04,2.93,2.87,3.16,2.95,2.96,2.87,3.07,2.85,2.94,3.04,3.12,2.84,3.16,3.03,3.14
2015-10-27 08:00:00,3.08,3.14,3.02,2.91,3.23,3.03,3.06,2.94,3.19,2.94,3.0,3.16,3.24,2.93,3.23,3.16,3.24
2015-10-27 09:00:00,3.18,3.26,3.11,3.0,3.31,3.15,3.13,3.02,3.34,3.09,3.06,3.28,3.36,2.97,3.31,3.3,3.36
2015-10-27 10:00:00,3.29,3.42,3.23,3.08,3.42,3.31,3.23,3.12,3.51,3.21,3.1,3.36,3.48,3.07,3.4,3.42,3.45
2015-10-27 11:00:00,3.38,3.52,3.29,3.17,3.55,3.39,3.33,3.23,3.62,3.32,3.15,3.43,3.57,3.14,3.44,3.5,3.52
2015-10-27 12:00:00,3.43,3.59,3.37,3.24,3.63,3.44,3.39,3.29,3.64,3.36,3.19,3.38,3.62,3.18,3.48,3.55,3.58
2015-10-27 13:00:00,3.45,3.6,3.4,3.26,3.68,3.46,3.43,3.31,3.64,3.38,3.2,3.46,3.62,3.2,3.46,3.58,3.61
2015-10-27 14:00:00,3.44,3.6,3.42,3.24,3.67,3.45,3.41,3.31,3.63,3.37,3.17,3.44,3.61,3.18,3.48,3.57,3.62
2015-10-27 15:00:00,3.38,3.55,3.38,3.18,3.62,3.39,3.33,3.23,3.57,3.31,3.08,3.39,3.53,3.13,3.41,3.52,3.56
2015-10-27 16:00:00,3.27,3.48,3.23,3.06,3.54,3.27,3.21,3.11,3.45,3.21,2.99,3.34,3.41,3.05,3.28,3.44,3.49
2015-10-27 17:00:00,3.21,3.45,3.11,2.96,3.5,3.17,3.16,3.06,3.31,3.14,2.93,3.29,3.34,3.02,3.22,3.38,3.44
2015-10-27 18:00:00,3.17,3.42,3.13,2.91,3.46,3.14,3.09,3.0,3.29,3.09,2.88,3.28,3.28,3.01,3.16,3.34,3.42
2015-10-27 19:00:00,3.13,3.39,3.1,2.86,3.44,3.11,3.05,2.96,3.24,3.04,2.86,3.25,3.23,3.02,3.13,3.31,3.41
2015-10-27 20:00:00,3.1,3.35,3.06,2.85,3.41,3.06,3.02,2.93,3.18,3.0,2.83,3.22,3.2,3.0,3.11,3.28,3.39
2015-10-27 21:00:00,3.08,3.33,3.08,2.84,3.38,3.01,3.01,2.91,3.12,2.99,2.83,3.2,3.19,3.01,3.08,3.24,3.36
2015-10-27 22:00:00,3.07,3.33,3.08,2.82,3.37,3.0,3.0,2.9,3.08,2.97,2.85,3.19,3.15,2.97,3.02,3.21,3.34
2015-10-27 23:00:00,3.04,3.27,3.03,2.82,3.34,3.0,2.96,2.89,3.03,2.96,2.87,3.19,3.1,2.93,2.99,3.18,3.33
2015-10-28 00:00:00,3.03,3.27,2.99,2.81,3.31,2.99,2.96,2.88,2.99,2.93,2.87,3.18,3.08,2.95,2.97,3.18,3.32
2015-10-28 01:00:00,3.02,3.26,3.04,2.81,3.28,2.94,2.95,2.86,3.01,2.92,2.85,3.16,3.06,2.95,2.96,3.15,3.3
2015-10-28 02:00:00,3.01,3.27,3.04,2.81,3.26,2.95,2.95,2.85,3.01,2.91,2.86,3.14,3.03,2.93,2.94,3.13,3.27
2015-10-28 03:00:00,3.0,3.26,3.0,2.79,3.21,2.95,2.93,2.85,2.99,2.92,2.87,3.14,3.04,2.93,2.94,3.12,3.24
2015-10-28 04:00:00,2.99,3.26,2.98,2.77,3.18,2.94,2.93,2.84,3.02,2.92,2.89,3.14,3.03,2.95,2.92,3.1,3.23
2015-10-28 05:00:00,2.99,3.22,2.95,2.77,3.16,2.94,2.95,2.85,3.0,2.92,2.9,3.15,3.04,2.97,2.91,3.09,3.24
2015-10-28 06:00:00,3.01,3.23,2.98,2.79,3.17,2.96,2.99,2.88,2.96,2.95,2.96,3.17,3.07,3.01,2.91,3.1,3.26
2015-10-28 07:00:00,3.09,3.33,3.06,2.87,3.18,3.05,3.1,2.94,3.11,3.06,3.0,3.22,3.17,3.09,2.98,3.16,3.29
2015-10-28 08:00:00,3.21,3.48,3.16,2.97,3.26,3.2,3.27,3.05,3.3,3.19,3.03,3.3,3.33,3.2,3.06,3.25,3.35
2015-10-28 09:00:00,3.33,3.57,3.28,3.09,3.35,3.32,3.43,3.17,3.52,3.33,3.11,3.34,3.49,3.33,3.13,3.36,3.44
2015-10-28 10:00:00,3.43,3.66,3.37,3.17,3.44,3.42,3.57,3.26,3.63,3.46,3.17,3.4,3.59,3.42,3.22,3.46,3.53
2015-10-28 11:00:00,3.5,3.72,3.44,3.19,3.52,3.53,3.65,3.33,3.73,3.56,3.18,3.45,3.71,3.5,3.27,3.53,3.59
2015-10-28 12:00:00,3.54,3.75,3.45,3.24,3.57,3.58,3.72,3.35,3.82,3.58,3.16,3.47,3.79,3.55,3.31,3.6,3.62
2015-10-28 13:00:00,3.56,3.76,3.47,3.26,3.6,3.62,3.75,3.36,3.87,3.61,3.15,3.48,3.79,3.57,3.31,3.63,3.64
2015-10-28 14:00:00,3.55,3.77,3.47,3.26,3.59,3.63,3.72,3.34,3.89,3.59,3.16,3.46,3.75,3.56,3.29,3.63,3.63
2015-10-28 15:00:00,3.49,3.72,3.41,3.19,3.53,3.58,3.62,3.29,3.82,3.52,3.15,3.43,3.69,3.49,3.27,3.58,3.57
2015-10-28 16:00:00,3.43,3.65,3.32,3.14,3.47,3.51,3.55,3.25,3.75,3.45,3.15,3.39,3.62,3.41,3.25,3.52,3.48
2015-10-28 17:00:00,3.4,3.6,3.27,3.13,3.44,3.47,3.53,3.23,3.7,3.37,3.1,3.37,3.61,3.39,3.24,3.49,3.45
2015-10-28 18:00:00,3.38,3.57,3.26,3.13,3.41,3.45,3.53,3.2,3.68,3.31,3.09,3.35,3.6,3.4,3.23,3.43,3.38
2015-10-28 19:00:00,3.36,3.54,3.24,3.13,3.39,3.43,3.51,3.19,3.62,3.28,3.06,3.33,3.56,3.37,3.23,3.41,3.4
2015-10-28 20:00:00,3.34,3.48,3.27,3.12,3.35,3.42,3.48,3.18,3.55,3.23,3.0,3.3,3.55,3.33,3.22,3.4,3.38
2015-10-28 21:00:00,3.31,3.43,3.27,3.12,3.3,3.41,3.48,3.16,3.49,3.21,2.95,3.27,3.49,3.24,3.22,3.39,3.35
2015-10-28 22:00:00,3.3,3.46,3.25,3.12,3.29,3.41,3.46,3.15,3.45,3.19,2.93,3.25,3.47,3.23,3.21,3.36,3.33
2015-10-28 23:00:00,3.28,3.43,3.22,3.12,3.27,3.38,3.44,3.13,3.62,3.18,2.92,3.23,3.41,3.23,3.18,3.34,3.31
2015-10-29 00:00:00,3.26,3.39,3.19,3.12,3.22,3.34,3.42,3.12,3.46,3.2,2.9,3.2,3.39,3.23,3.14,3.31,3.29
2015-10-29 01:00:00,3.23,3.36,3.16,3.12,3.18,3.33,3.41,3.11,3.5,3.21,2.87,3.18,3.33,3.23,3.09,3.29,3.26
2015-10-29 02:00:00,3.22,3.32,3.17,3.13,3.14,3.31,3.38,3.1,3.46,3.21,2.86,3.17,3.32,3.2,3.07,3.27,3.24
2015-10-29 03:00:00,3.21,3.33,3.16,3.13,3.12,3.29,3.36,3.11,3.45,3.22,2.85,3.15,3.29,3.19,3.05,3.25,3.21
2015-10-29 04:00:00,3.2,3.34,3.16,3.13,3.11,3.28,3.35,3.11,3.4,3.24,2.83,3.13,3.28,3.18,3.04,3.24,3.18
2015-10-29 05:00:00,3.19,3.35,3.14,3.13,3.12,3.28,3.32,3.12,3.44,3.24,2.82,3.12,3.22,3.17,3.02,3.23,3.15
2015-10-29 06:00:00,3.19,3.36,3.13,3.13,3.14,3.27,3.3,3.12,3.46,3.25,2.84,3.11,3.26,3.17,3.01,3.23,3.14
2015-10-29 07:00:00,3.23,3.38,3.17,3.17,3.15,3.3,3.34,3.14,3.52,3.29,2.87,3.15,3.33,3.18,3.02,3.27,3.16
2015-10-29 08:00:00,3.29,3.42,3.22,3.22,3.21,3.39,3.49,3.18,3.6,3.35,2.92,3.2,3.44,3.22,3.03,3.32,3.23
2015-10-29 09:00:00,3.37,3.49,3.28,3.28,3.29,3.46,3.68,3.23,3.73,3.44,3.0,3.23,3.55,3.29,3.05,3.36,3.29
2015-10-29 10:00:00,3.42,3.58,3.3,3.33,3.34,3.52,3.73,3.27,3.81,3.57,3.1,3.21,3.66,3.34,3.06,3.4,3.34
2015-10-29 11:00:00,3.47,3.64,3.35,3.35,3.4,3.61,3.78,3.31,3.88,3.62,3.15,3.24,3.75,3.43,3.08,3.43,3.37
2015-10-29 12:00:00,3.5,3.67,3.38,3.38,3.44,3.66,3.8,3.34,3.9,3.66,3.18,3.24,3.79,3.47,3.09,3.44,3.4
2015-10-29 13:00:00,3.52,3.67,3.42,3.37,3.46,3.68,3.78,3.36,3.93,3.66,3.17,3.29,3.83,3.47,3.11,3.47,3.42
2015-10-29 14:00:00,3.51,3.68,3.44,3.35,3.46,3.69,3.73,3.35,3.92,3.62,3.13,3.28,3.81,3.45,3.11,3.48,3.42
2015-10-29 15:00:00,3.46,3.66,3.43,3.28,3.46,3.64,3.62,3.31,3.88,3.57,3.03,3.24,3.73,3.39,3.06,3.49,3.4
2015-10-29 16:00:00,3.41,3.65,3.42,3.23,3.46,3.62,3.51,3.28,3.84,3.49,2.91,3.2,3.65,3.32,3.02,3.49,3.36
2015-10-29 17:00:00,3.39,3.64,3.42,3.22,3.46,3.61,3.46,3.25,3.82,3.46,2.85,3.18,3.61,3.29,3.01,3.49,3.35
2015-10-29 18:00:00,3.37,3.63,3.42,3.2,3.46,3.6,3.42,3.24,3.79,3.39,2.82,3.17,3.6,3.25,2.98,3.5,3.35
2015-10-29 19:00:00,3.36,3.63,3.41,3.17,3.43,3.59,3.36,3.22,3.77,3.34,2.81,3.16,3.59,3.24,2.95,3.49,3.36
2015-10-29 20:00:00,3.34,3.63,3.42,3.15,3.43,3.56,3.32,3.21,3.75,3.31,2.8,3.15,3.55,3.22,2.94,3.5,3.38
2015-10-29 21:00:00,3.33,3.63,3.42,3.14,3.43,3.56,3.28,3.2,3.73,3.31,2.78,3.14,3.53,3.22,2.93,3.5,3.39
2015-10-29 22:00:00,3.32,3.62,3.42,3.12,3.43,3.56,3.24,3.19,3.71,3.28,2.74,3.13,3.51,3.18,2.91,3.5,3.4
2015-10-29 23:00:00,3.3,3.62,3.42,3.07,3.43,3.57,3.23,3.18,3.71,3.24,2.74,3.14,3.49,3.14,2.89,3.5,3.39
2015-10-30 00:00:00,3.29,3.62,3.42,3.06,3.43,3.57,3.2,3.18,3.68,3.21,2.72,3.14,3.45,3.12,2.91,3.49,3.39
2015-10-30 01:00:00,3.28,3.6,3.42,3.03,3.42,3.57,3.2,3.17,3.68,3.15,2.7,3.15,3.41,3.07,2.89,3.49,3.4
2015-10-30 02:00:00,3.27,3.59,3.42,2.99,3.42,3.57,3.14,3.16,3.69,3.12,2.68,3.17,3.4,3.06,2.9,3.49,3.41
2015-10-30 03:00:00,3.26,3.58,3.42,2.99,3.4,3.56,3.13,3.15,3.69,3.1,2.66,3.2,3.4,3.05,2.89,3.49,3.41
2015-10-30 04:00:00,3.25,3.57,3.42,2.96,3.4,3.54,3.13,3.15,3.67,3.08,2.66,3.21,3.37,3.04,2.87,3.49,3.42
2015-10-30 05:00:00,3.25,3.57,3.42,2.94,3.4,3.52,3.12,3.13,3.67,3.1,2.64,3.23,3.35,3.04,2.89,3.49,3.43
2015-10-30 06:00:00,3.24,3.57,3.41,2.97,3.4,3.5,3.09,3.14,3.67,3.09,2.65,3.24,3.33,3.02,2.88,3.49,3.44
2015-10-30 07:00:00,3.28,3.58,3.41,3.05,3.4,3.55,3.16,3.18,3.68,3.13,2.77,3.26,3.37,3.1,2.94,3.5,3.45
2015-10-30 08:00:00,3.36,3.61,3.41,3.15,3.42,3.62,3.3,3.27,3.72,3.23,2.85,3.31,3.47,3.21,3.0,3.53,3.48
2015-10-30 09:00:00,3.44,3.65,3.42,3.24,3.45,3.73,3.41,3.35,3.77,3.33,2.95,3.35,3.6,3.35,3.1,3.55,3.52
2015-10-30 10:00:00,3.5,3.68,3.44,3.32,3.48,3.79,3.49,3.42,3.8,3.42,3.06,3.39,3.66,3.41,3.19,3.58,3.55
2015-10-30 11:00:00,3.54,3.69,3.46,3.36,3.5,3.84,3.56,3.48,3.8,3.5,3.11,3.41,3.71,3.49,3.24,3.61,3.58
2015-10-30 12:00:00,3.56,3.7,3.48,3.39,3.53,3.84,3.61,3.5,3.82,3.52,3.16,3.42,3.73,3.54,3.29,3.63,3.6
2015-10-30 13:00:00,3.57,3.68,3.51,3.4,3.55,3.84,3.63,3.49,3.79,3.56,3.18,3.43,3.73,3.53,3.33,3.64,3.61
2015-10-30 14:00:00,3.56,3.67,3.49,3.38,3.56,3.82,3.63,3.46,3.75,3.52,3.15,3.41,3.72,3.54,3.31,3.64,3.61
2015-10-30 15:00:00,3.49,3.64,3.41,3.3,3.55,3.71,3.53,3.38,3.69,3.44,3.03,3.39,3.65,3.47,3.24,3.61,3.6
2015-10-30 16:00:00,3.4,3.61,3.32,3.21,3.54,3.58,3.41,3.28,3.54,3.36,2.92,3.35,3.53,3.37,3.17,3.56,3.58
2015-10-30 17:00:00,3.34,3.57,3.23,3.14,3.54,3.51,3.35,3.22,3.41,3.29,2.84,3.3,3.45,3.27,3.13,3.51,3.57
2015-10-30 18:00:00,3.3,3.55,3.17,3.1,3.53,3.47,3.28,3.17,3.33,3.24,2.79,3.28,3.41,3.22,3.1,3.49,3.57
2015-10-30 19:00:00,3.27,3.54,3.14,3.1,3.54,3.39,3.24,3.14,3.28,3.2,2.78,3.26,3.34,3.19,3.06,3.47,3.56
2015-10-30 20:00:00,3.24,3.53,3.23,3.08,3.54,3.38,3.18,3.1,3.2,3.17,2.76,3.25,3.3,3.18,3.04,3.45,3.55
2015-10-30 21:00:00,3.22,3.47,3.2,3.08,3.53,3.33,3.13,3.06,3.15,3.14,2.79,3.23,3.26,3.16,3.03,3.42,3.54
2015-10-30 22:00:00,3.18,3.4,3.14,3.07,3.53,3.26,3.1,3.03,3.1,3.08,2.78,3.2,3.21,3.14,3.03,3.41,3.51
2015-10-30 23:00:00,3.15,3.3,3.05,3.07,3.54,3.23,3.09,3.0,3.06,3.05,2.79,3.17,3.17,3.11,3.01,3.36,3.5
2015-10-31 00:00:00,3.12,3.22,3.09,3.06,3.55,3.17,3.06,2.98,3.04,3.03,2.78,3.17,3.12,3.06,2.99,3.32,3.49
2015-10-31 01:00:00,3.1,3.21,3.09,3.03,3.55,3.11,3.06,2.97,3.0,3.02,2.76,3.18,3.11,3.07,2.98,3.29,3.49
2015-10-31 02:00:00,3.09,3.19,3.07,3.02,3.54,3.1,3.06,2.98,2.98,3.02,2.74,3.17,3.08,3.09,2.96,3.26,3.5
2015-10-31 03:00:00,3.09,3.18,3.05,3.02,3.52,3.05,3.06,2.99,2.94,3.03,2.75,3.16,3.07,3.13,2.95,3.23,3.5
2015-10-31 04:00:00,3.08,3.17,3.03,2.98,3.47,3.05,3.05,3.01,2.92,3.01,2.75,3.15,3.07,3.11,2.94,3.21,3.51
2015-10-31 05:00:00,3.07,3.16,3.01,2.96,3.44,3.03,3.05,3.01,2.91,3.0,2.72,3.15,3.06,3.12,2.93,3.19,3.5
2015-10-31 06:00:00,3.07,3.16,2.99,2.98,3.41,3.03,3.03,3.02,2.91,2.99,2.74,3.15,3.05,3.13,2.93,3.18,3.47
2015-10-31 07:00:00,3.1,3.16,3.05,3.05,3.41,3.05,3.05,3.04,2.93,3.04,2.86,3.15,3.08,3.15,2.99,3.2,3.49
2015-10-31 08:00:00,3.16,3.22,3.1,3.17,3.46,3.07,3.13,3.06,3.03,3.14,3.0,3.25,3.12,3.21,3.04,3.24,3.54
2015-10-31 09:00:00,3.23,3.3,3.1,3.32,3.52,3.11,3.21,3.12,3.11,3.27,3.13,3.34,3.15,3.31,3.1,3.3,3.61
2015-10-31 10:00:00,3.3,3.43,3.14,3.4,3.66,3.18,3.29,3.2,3.18,3.4,3.24,3.4,3.2,3.44,3.19,3.34,3.69
2015-10-31 11:00:00,3.37,3.49,3.15,3.45,3.73,3.26,3.39,3.29,3.28,3.51,3.33,3.43,3.25,3.53,3.27,3.39,3.76
2015-10-31 12:00:00,3.44,3.55,3.22,3.48,3.8,3.34,3.45,3.37,3.43,3.57,3.33,3.48,3.33,3.58,3.3,3.44,3.8
2015-10-31 13:00:00,3.48,3.63,3.31,3.47,3.83,3.44,3.48,3.42,3.5,3.62,3.37,3.52,3.37,3.6,3.3,3.46,3.82
2015-10-31 14:00:00,3.47,3.61,3.32,3.43,3.82,3.45,3.45,3.43,3.54,3.59,3.33,3.52,3.34,3.57,3.27,3.46,3.82
2015-10-31 15:00:00,3.39,3.6,3.29,3.33,3.74,3.38,3.37,3.35,3.51,3.44,3.21,3.47,3.23,3.48,3.22,3.39,3.75
2015-10-31 16:00:00,3.31,3.57,3.22,3.23,3.66,3.28,3.26,3.27,3.43,3.33,3.09,3.4,3.15,3.38,3.2,3.32,3.7
2015-10-31 17:00:00,3.27,3.55,3.21,3.17,3.61,3.18,3.19,3.24,3.4,3.29,3.06,3.34,3.14,3.32,3.17,3.28,3.67
2015-10-31 18:00:00,3.24,3.54,3.2,3.12,3.53,3.16,3.14,3.21,3.37,3.24,3.06,3.34,3.11,3.28,3.19,3.27,3.63
2015-10-31 19:00:00,3.21,3.55,3.17,3.07,3.51,3.14,3.1,3.17,3.32,3.2,3.03,3.32,3.08,3.24,3.22,3.23,3.56
2015-10-31 20:00:00,3.2,3.6,3.15,3.03,3.48,3.07,3.06,3.15,3.3,3.17,3.08,3.31,3.09,3.19,3.24,3.21,3.53
2015-10-31 21:00:00,3.18,3.63,3.16,3.0,3.45,3.03,3.0,3.12,3.39,3.14,3.06,3.31,3.09,3.14,3.24,3.2,3.5
2015-10-31 22:00:00,3.17,3.62,3.16,2.95,3.44,3.04,2.98,3.1,3.36,3.11,3.04,3.31,3.09,3.12,3.25,3.2,3.48
2015-10-31 23:00:00,3.17,3.71,3.18,2.94,3.44,3.06,2.98,3.08,3.39,3.15,3.01,3.32,3.07,3.04,3.25,3.18,3.46
2015-11-01 00:00:00,3.16,3.71,3.17,2.9,3.44,3.09,2.94,3.07,3.49,3.14,2.97,3.32,3.05,2.99,3.23,3.2,3.47
2015-11-01 01:00:00,3.15,3.73,3.18,2.91,3.44,3.14,2.92,3.05,3.56,3.11,2.95,3.32,3.06,2.94,3.23,3.2,3.44
2015-11-01 02:00:00,3.16,3.72,3.17,2.91,3.43,3.15,2.89,3.03,3.56,3.1,2.93,3.3,3.13,2.92,3.22,3.21,3.46
2015-11-01 03:00:00,3.16,3.69,3.15,2.9,3.43,3.21,2.89,3.0,3.56,3.12,2.93,3.3,3.18,2.89,3.23,3.21,3.49
2015-11-01 04:00:00,3.15,3.64,3.14,2.88,3.42,3.24,2.87,3.01,3.57,3.07,2.95,3.31,3.18,2.87,3.21,3.21,3.48
2015-11-01 05:00:00,3.14,3.61,3.08,2.84,3.4,3.25,2.85,3.01,3.57,3.08,2.96,3.3,3.17,2.87,3.22,3.2,3.42
2015-11-01 06:00:00,3.14,3.59,3.1,2.89,3.38,3.25,2.84,3.03,3.56,3.07,2.96,3.29,3.15,2.86,3.22,3.19,3.41
2015-11-01 07:00:00,3.21,3.66,3.19,2.99,3.44,3.31,2.9,3.12,3.6,3.19,3.04,3.34,3.24,2.93,3.27,3.27,3.43
2015-11-01 08:00:00,3.36,3.84,3.31,3.17,3.55,3.43,3.08,3.3,3.69,3.33,3.14,3.41,3.41,3.07,3.35,3.44,3.55
2015-11-01 09:00:00,3.5,3.94,3.46,3.35,3.63,3.57,3.24,3.47,3.8,3.47,3.3,3.48,3.55,3.25,3.44,3.55,3.61
2015-11-01 10:00:00,3.61,4.01,3.55,3.46,3.74,3.68,3.38,3.58,3.84,3.63,3.42,3.58,3.65,3.37,3.54,3.67,3.67
2015-11-01 11:00:00,3.68,4.05,3.59,3.55,3.87,3.75,3.51,3.66,3.89,3.71,3.49,3.61,3.7,3.46,3.58,3.76,3.74
2015-11-01 12:00:00,3.72,4.04,3.64,3.59,3.94,3.8,3.57,3.71,3.92,3.76,3.53,3.66,3.73,3.49,3.6,3.8,3.78
2015-11-01 13:00:00,3.73,4.01,3.65,3.61,3.95,3.81,3.6,3.72,3.91,3.77,3.55,3.66,3.76,3.5,3.61,3.82,3.77
2015-11-01 14:00:00,3.71,3.94,3.62,3.57,3.93,3.78,3.57,3.69,3.9,3.74,3.52,3.65,3.74,3.5,3.58,3.8,3.76
2015-11-01 15:00:00,3.62,3.8,3.55,3.48,3.88,3.7,3.44,3.63,3.82,3.64,3.48,3.6,3.67,3.39,3.52,3.7,3.7
2015-11-01 16:00:00,3.51,3.65,3.34,3.39,3.76,3.61,3.25,3.56,3.73,3.55,3.46,3.55,3.57,3.28,3.5,3.53,3.6
2015-11-01 17:00:00,3.46,3.54,3.35,3.35,3.65,3.56,3.14,3.49,3.66,3.51,3.45,3.53,3.54,3.22,3.48,3.47,3.56
2015-11-01 18:00:00,3.42,3.45,3.31,3.38,3.62,3.5,3.12,3.46,3.59,3.51,3.41,3.52,3.49,3.17,3.48,3.41,3.51
2015-11-01 19:00:00,3.39,3.32,3.28,3.42,3.62,3.46,3.06,3.44,3.52,3.49,3.42,3.52,3.46,3.13,3.46,3.36,3.52
2015-11-01 20:00:00,3.35,3.26,3.22,3.4,3.6,3.44,3.04,3.42,3.5,3.45,3.38,3.53,3.4,3.1,3.47,3.3,3.52
2015-11-01 21:00:00,3.31,3.18,3.19,3.36,3.49,3.41,3.03,3.37,3.41,3.41,3.36,3.53,3.36,3.06,3.45,3.25,3.51
2015-11-01 22:00:00,3.3,3.17,3.09,3.31,3.45,3.34,3.03,3.36,3.38,3.44,3.35,3.55,3.39,3.04,3.42,3.22,3.48
2015-11-01 23:00:00,3.27,3.14,3.08,3.31,3.5,3.31,3.02,3.31,3.42,3.43,3.33,3.55,3.32,3.02,3.39,3.19,3.48
2015-11-02 00:00:00,3.25,3.07,3.06,3.26,3.42,3.24,2.99,3.31,3.41,3.43,3.31,3.47,3.35,2.98,3.36,3.18,3.45
2015-11-02 01:00:00,3.24,3.05,3.09,3.24,3.44,3.2,2.97,3.29,3.39,3.41,3.29,3.56,3.4,2.97,3.34,3.12,3.42
2015-11-02 02:00:00,3.22,3.01,3.02,3.22,3.35,3.21,2.95,3.29,3.42,3.4,3.3,3.56,3.38,2.93,3.31,3.09,3.41
2015-11-02 03:00:00,3.19,2.97,3.02,3.21,3.3,3.18,2.93,3.27,3.24,3.35,3.3,3.57,3.35,2.92,3.31,3.07,3.39
2015-11-02 04:00:00,3.16,2.98,3.02,3.19,3.27,3.14,2.89,3.24,3.14,3.26,3.3,3.58,3.26,2.89,3.33,3.06,3.38
2015-11-02 05:00:00,3.13,2.91,3.0,3.16,3.24,3.1,2.87,3.18,3.09,3.26,3.29,3.58,3.18,2.88,3.33,3.05,3.39
2015-11-02 06:00:00,3.11,2.88,2.99,3.18,3.23,3.05,2.88,3.15,3.09,3.22,3.27,3.5,3.17,2.88,3.34,3.03,3.4
2015-11-02 07:00:00,3.2,2.99,3.06,3.26,3.29,3.19,2.96,3.22,3.34,3.34,3.3,3.58,3.31,2.97,3.35,3.08,3.4
2015-11-02 08:00:00,3.32,3.2,3.16,3.35,3.36,3.36,3.19,3.32,3.5,3.43,3.32,3.59,3.43,3.14,3.37,3.19,3.41
2015-11-02 09:00:00,3.41,3.37,3.23,3.41,3.48,3.44,3.35,3.38,3.59,3.52,3.35,3.6,3.52,3.23,3.4,3.33,3.43
2015-11-02 10:00:00,3.49,3.51,3.37,3.46,3.57,3.51,3.46,3.43,3.67,3.59,3.37,3.61,3.61,3.36,3.41,3.43,3.45
2015-11-02 11:00:00,3.55,3.61,3.47,3.52,3.63,3.55,3.53,3.48,3.76,3.66,3.4,3.62,3.71,3.43,3.41,3.52,3.45
2015-11-02 12:00:00,3.59,3.64,3.53,3.54,3.68,3.6,3.59,3.53,3.83,3.69,3.41,3.63,3.75,3.49,3.42,3.59,3.45
2015-11-02 13:00:00,3.6,3.67,3.54,3.54,3.7,3.62,3.62,3.55,3.83,3.65,3.41,3.63,3.76,3.53,3.42,3.62,3.45
2015-11-02 14:00:00,3.58,3.65,3.51,3.49,3.68,3.62,3.59,3.49,3.79,3.61,3.41,3.62,3.73,3.52,3.41,3.61,3.44
2015-11-02 15:00:00,3.49,3.51,3.42,3.41,3.62,3.5,3.45,3.41,3.64,3.51,3.4,3.61,3.61,3.42,3.41,3.52,3.43
2015-11-02 16:00:00,3.38,3.33,3.34,3.32,3.48,3.38,3.25,3.33,3.49,3.4,3.4,3.6,3.43,3.26,3.41,3.39,3.42
2015-11-02 17:00:00,3.3,3.17,3.34,3.27,3.4,3.29,3.14,3.26,3.41,3.34,3.39,3.59,3.32,3.19,3.41,3.29,3.41
2015-11-02 18:00:00,3.25,3.08,3.34,3.22,3.31,3.18,3.08,3.22,3.35,3.3,3.38,3.58,3.28,3.14,3.42,3.23,3.4
2015-11-02 19:00:00,3.22,3.0,3.37,3.21,3.27,3.15,3.01,3.21,3.24,3.23,3.38,3.57,3.23,3.09,3.42,3.19,3.38
2015-11-02 20:00:00,3.17,2.93,3.36,3.18,3.23,3.13,2.98,3.15,3.02,3.21,3.39,3.56,3.16,3.03,3.41,3.15,3.36
2015-11-02 21:00:00,3.14,2.87,3.35,3.16,3.19,3.02,2.95,3.12,2.93,3.19,3.4,3.55,3.13,3.01,3.41,3.11,3.34
2015-11-02 22:00:00,3.11,2.84,3.35,3.13,3.19,2.99,2.93,3.08,2.88,3.17,3.41,3.54,3.06,2.98,3.41,3.06,3.32
2015-11-02 23:00:00,3.08,2.78,3.33,3.09,3.14,2.98,2.91,3.03,2.84,3.13,3.41,3.54,3.1,2.96,3.41,3.04,3.3
2015-11-03 00:00:00,3.07,2.78,3.32,3.07,3.12,2.97,2.88,3.02,2.81,3.1,3.41,3.52,3.09,2.95,3.41,3.0,3.29
2015-11-03 01:00:00,3.04,2.74,3.29,3.06,3.07,2.94,2.87,2.99,2.8,3.12,3.41,3.51,3.02,2.93,3.41,2.97,3.28
2015-11-03 02:00:00,3.03,2.73,3.27,3.05,3.02,2.93,2.86,2.97,2.78,3.12,3.41,3.49,3.01,2.92,3.41,2.94,3.26
2015-11-03 03:00:00,3.01,2.71,3.25,3.04,2.99,2.92,2.84,2.96,2.76,3.1,3.41,3.48,2.99,2.91,3.39,2.92,3.25
2015-11-03 04:00:00,3.0,2.67,3.24,3.02,3.01,2.91,2.83,2.96,2.75,3.08,3.4,3.46,3.0,2.89,3.38,2.9,3.24
2015-11-03 05:00:00,2.98,2.66,3.23,2.99,2.98,2.9,2.81,2.96,2.74,3.07,3.4,3.44,2.98,2.88,3.36,2.88,3.21
2015-11-03 06:00:00,2.98,2.68,3.23,3.0,2.98,2.89,2.82,2.94,2.73,3.08,3.4,3.42,2.97,2.91,3.35,2.88,3.18
2015-11-03 07:00:00,3.04,2.74,3.21,3.09,3.01,2.97,2.93,2.97,2.82,3.17,3.4,3.4,3.08,3.0,3.33,2.9,3.16
2015-11-03 08:00:00,3.14,2.9,3.2,3.18,3.1,3.12,3.15,3.02,3.02,3.33,3.4,3.37,3.24,3.14,3.33,3.04,3.15
2015-11-03 09:00:00,3.24,3.07,3.19,3.24,3.23,3.27,3.34,3.1,3.24,3.44,3.4,3.35,3.39,3.28,3.32,3.13,3.16
2015-11-03 10:00:00,3.33,3.22,3.19,3.31,3.3,3.44,3.47,3.14,3.41,3.53,3.4,3.35,3.54,3.39,3.31,3.23,3.17
2015-11-03 11:00:00,3.39,3.37,3.18,3.36,3.35,3.53,3.56,3.19,3.62,3.59,3.39,3.35,3.66,3.48,3.31,3.31,3.24
2015-11-03 12:00:00,3.42,3.43,3.2,3.39,3.4,3.63,3.63,3.23,3.74,3.63,3.38,3.34,3.52,3.55,3.3,3.36,3.3
2015-11-03 13:00:00,3.46,3.45,3.23,3.4,3.42,3.67,3.66,3.26,3.76,3.64,3.36,3.34,3.74,3.58,3.29,3.39,3.33
2015-11-03 14:00:00,3.44,3.44,3.19,3.38,3.4,3.68,3.6,3.24,3.73,3.6,3.35,3.33,3.69,3.54,3.26,3.36,3.34
2015-11-03 15:00:00,3.35,3.32,3.17,3.29,3.33,3.55,3.45,3.16,3.68,3.48,3.32,3.29,3.56,3.43,3.22,3.29,3.26
2015-11-03 16:00:00,3.24,3.18,3.15,3.2,3.18,3.34,3.3,3.09,3.61,3.36,3.29,3.25,3.42,3.33,3.19,3.18,3.14
2015-11-03 17:00:00,3.18,3.05,3.13,3.13,3.13,3.31,3.22,3.03,3.54,3.31,3.27,3.21,3.35,3.23,3.17,3.1,3.09
2015-11-03 18:00:00,3.13,2.99,3.1,3.08,3.1,3.21,3.16,3.0,3.48,3.27,3.24,3.17,3.3,3.16,3.15,3.07,3.03
2015-11-03 19:00:00,3.1,2.96,3.07,3.07,3.09,3.18,3.12,2.96,3.41,3.23,3.21,3.14,3.31,3.14,3.13,3.02,2.98
2015-11-03 20:00:00,3.07,2.91,3.05,3.06,3.03,3.12,3.09,2.94,3.3,3.19,3.18,3.1,3.25,3.11,3.11,2.98,2.95
2015-11-03 21:00:00,3.04,2.84,3.03,2.99,2.99,3.15,3.07,2.92,3.16,3.16,3.16,3.08,3.24,3.07,3.08,2.94,2.93
2015-11-03 22:00:00,3.01,2.81,3.02,2.96,2.98,3.21,3.01,2.9,3.09,3.13,3.13,3.06,3.24,2.97,3.06,2.92,2.92
2015-11-03 23:00:00,2.99,2.82,3.0,2.95,2.94,3.14,3.0,2.86,3.05,3.11,3.1,3.04,3.21,2.96,3.03,2.89,2.92
2015-11-04 00:00:00,2.98,2.81,3.0,2.94,2.89,3.13,2.98,2.86,2.98,3.18,3.07,3.02,3.21,2.91,3.0,2.88,2.93
2015-11-04 01:00:00,2.96,2.78,2.98,2.93,2.87,3.05,2.95,2.83,2.93,3.14,3.04,3.02,3.23,2.87,2.98,2.85,2.93
2015-11-04 02:00:00,2.94,2.76,2.97,2.9,2.88,3.01,2.94,2.82,2.91,3.13,3.02,3.02,3.16,2.85,2.97,2.84,2.93
2015-11-04 03:00:00,2.92,2.76,2.96,2.9,2.86,2.98,2.93,2.79,2.88,3.08,2.99,3.0,3.16,2.83,2.95,2.82,2.93
2015-11-04 04:00:00,2.91,2.73,2.96,2.86,2.82,2.94,2.93,2.75,2.89,3.07,2.98,3.0,3.18,2.82,2.94,2.81,2.92
2015-11-04 05:00:00,2.9,2.73,2.95,2.85,2.82,2.89,2.93,2.75,2.87,3.08,2.95,3.01,3.16,2.8,2.93,2.79,2.93
2015-11-04 06:00:00,2.9,2.74,2.95,2.86,2.83,2.93,2.93,2.73,2.83,3.13,2.93,3.03,3.16,2.81,2.92,2.78,2.94
2015-11-04 07:00:00,2.94,2.8,2.93,2.9,2.86,2.95,2.99,2.78,2.92,3.2,2.92,3.02,3.22,2.88,2.91,2.81,2.96
2015-11-04 08:00:00,3.05,2.98,2.93,3.03,2.92,3.07,3.18,2.92,3.1,3.37,2.92,3.05,3.37,2.97,2.91,2.89,2.98
2015-11-04 09:00:00,3.14,3.16,2.92,3.14,2.96,3.23,3.33,2.98,3.26,3.48,2.91,3.09,3.5,3.11,2.92,2.99,3.01
2015-11-04 10:00:00,3.21,3.31,2.94,3.25,3.0,3.34,3.43,3.02,3.43,3.6,2.93,3.12,3.59,3.25,2.92,3.07,3.04
2015-11-04 11:00:00,3.27,3.44,2.94,3.33,3.05,3.39,3.54,3.07,3.48,3.65,2.94,3.17,3.63,3.39,2.92,3.13,3.07
2015-11-04 12:00:00,3.3,3.51,2.95,3.36,3.09,3.42,3.56,3.11,3.52,3.69,2.96,3.2,3.65,3.43,2.93,3.16,3.08
2015-11-04 13:00:00,3.31,3.54,2.95,3.37,3.1,3.42,3.56,3.11,3.58,3.68,2.94,3.23,3.66,3.44,2.96,3.16,3.09
2015-11-04 14:00:00,3.28,3.53,2.95,3.33,3.07,3.38,3.53,3.06,3.58,3.62,2.93,3.24,3.63,3.38,2.98,3.09,3.09
2015-11-04 15:00:00,3.21,3.43,2.94,3.22,3.05,3.29,3.4,2.97,3.5,3.51,2.93,3.24,3.52,3.27,2.99,3.03,3.08
2015-11-04 16:00:00,3.13,3.3,2.93,3.11,3.03,3.14,3.23,2.93,3.28,3.42,2.94,3.24,3.36,3.16,3.0,2.97,3.08
2015-11-04 17:00:00,3.09,3.25,2.91,3.09,3.03,3.06,3.13,2.91,3.15,3.35,2.96,3.25,3.27,3.11,3.01,2.96,3.07
2015-11-04 18:00:00,3.06,3.19,2.91,3.05,3.03,2.98,3.07,2.9,3.08,3.25,2.97,3.25,3.2,3.07,3.01,2.95,3.06
2015-11-04 19:00:00,3.03,3.12,2.91,3.03,3.04,2.93,3.03,2.9,3.02,3.2,2.98,3.25,3.13,3.03,3.02,2.95,3.05
2015-11-04 20:00:00,3.01,3.1,2.9,2.98,3.03,2.92,2.98,2.9,2.99,3.14,3.0,3.25,3.13,3.0,3.03,2.94,3.05
2015-11-04 21:00:00,3.0,3.08,2.89,2.95,3.03,2.88,2.95,2.9,2.97,3.07,3.02,3.25,3.1,2.93,3.05,2.93,3.04
2015-11-04 22:00:00,2.98,3.09,2.89,2.93,3.03,2.89,2.92,2.9,2.94,3.02,3.02,3.25,3.06,2.89,3.06,2.92,3.05
2015-11-04 23:00:00,2.97,3.1,2.9,2.92,3.02,2.89,2.89,2.9,2.93,2.96,3.03,3.25,3.0,2.87,3.07,2.91,3.05
2015-11-05 00:00:00,2.96,3.1,2.92,2.87,3.04,2.87,2.86,2.89,2.92,2.92,3.04,3.24,2.98,2.84,3.08,2.9,3.06
2015-11-05 01:00:00,2.95,3.11,2.92,2.84,3.05,2.83,2.84,2.89,2.96,2.88,3.06,3.23,2.99,2.78,3.09,2.89,3.06
2015-11-05 02:00:00,2.93,3.11,2.92,2.84,3.05,2.82,2.82,2.89,2.96,2.85,3.07,3.22,2.93,2.75,3.1,2.89,3.06
2015-11-05 03:00:00,2.93,3.1,2.93,2.83,3.05,2.8,2.79,2.89,2.94,2.83,3.08,3.21,2.92,2.74,3.11,2.89,3.06
2015-11-05 04:00:00,2.91,3.11,2.92,2.82,3.05,2.79,2.77,2.9,2.88,2.8,3.08,3.19,2.87,2.72,3.11,2.88,3.07
2015-11-05 05:00:00,2.91,3.09,2.93,2.81,3.08,2.79,2.75,2.91,2.85,2.79,3.08,3.19,2.86,2.72,3.12,2.89,3.08
2015-11-05 06:00:00,2.91,3.09,2.95,2.8,3.08,2.78,2.73,2.92,2.83,2.78,3.07,3.18,2.86,2.72,3.12,2.89,3.09
2015-11-05 07:00:00,2.93,3.13,2.96,2.81,3.09,2.78,2.79,2.94,2.88,2.82,3.07,3.18,2.89,2.73,3.14,2.9,3.11
2015-11-05 08:00:00,2.98,3.22,2.99,2.81,3.12,2.79,2.94,2.96,3.04,2.88,3.08,3.19,3.01,2.74,3.16,2.91,3.14
2015-11-05 09:00:00,3.04,3.33,3.02,2.81,3.15,2.81,3.05,2.98,3.16,2.97,3.09,3.21,3.13,2.75,3.18,2.93,3.18
2015-11-05 10:00:00,3.07,3.43,3.05,2.82,3.19,2.84,3.12,3.01,3.21,3.0,3.1,3.22,3.2,2.77,3.18,2.95,3.22
2015-11-05 11:00:00,3.11,3.52,3.06,2.83,3.31,2.87,3.19,3.02,3.32,3.06,3.1,3.22,3.25,2.78,3.19,2.98,3.25
2015-11-05 12:00:00,3.13,3.55,3.08,2.83,3.36,2.9,3.21,3.03,3.37,3.09,3.11,3.23,3.27,2.79,3.19,3.0,3.29
2015-11-05 13:00:00,3.13,3.55,3.1,2.84,3.38,2.89,3.2,3.03,3.37,3.1,3.1,3.22,3.28,2.79,3.19,3.03,3.31
2015-11-05 14:00:00,3.12,3.56,3.11,2.84,3.35,2.89,3.13,3.02,3.38,3.08,3.09,3.22,3.27,2.79,3.18,3.03,3.31
2015-11-05 15:00:00,3.09,3.47,3.12,2.83,3.32,2.89,3.03,3.01,3.3,3.01,3.09,3.2,3.18,2.79,3.16,3.02,3.3
2015-11-05 16:00:00,3.05,3.4,3.13,2.84,3.26,2.89,2.96,3.0,3.19,2.95,3.09,3.2,3.03,2.79,3.16,3.0,3.28
2015-11-05 17:00:00,3.02,3.32,3.13,2.84,3.22,2.89,2.93,2.98,3.09,2.89,3.09,3.2,2.98,2.78,3.14,2.98,3.26
2015-11-05 18:00:00,3.0,3.22,3.14,2.83,3.19,2.89,2.9,2.98,3.05,2.86,3.08,3.18,2.94,2.77,3.13,2.95,3.24
2015-11-05 19:00:00,2.98,3.15,3.14,2.82,3.15,2.89,2.88,2.97,3.0,2.82,3.07,3.18,2.94,2.76,3.12,2.94,3.22
2015-11-05 20:00:00,2.97,3.11,3.14,2.82,3.13,2.89,2.87,2.95,2.91,2.8,3.07,3.17,2.92,2.76,3.11,2.92,3.19
2015-11-05 21:00:00,2.95,3.04,3.14,2.82,3.11,2.89,2.86,2.94,2.86,2.77,3.07,3.16,2.89,2.75,3.1,2.94,3.18
2015-11-05 22:00:00,2.94,3.02,3.13,2.82,3.09,2.88,2.85,2.93,2.85,2.76,3.06,3.15,2.86,2.75,3.09,2.92,3.18
2015-11-05 23:00:00,2.94,3.01,3.13,2.83,3.07,2.87,2.85,2.92,2.82,2.75,3.05,3.15,2.87,2.75,3.08,2.93,3.17
2015-11-06 00:00:00,2.92,2.98,3.13,2.83,3.05,2.87,2.83,2.92,2.8,2.74,3.04,3.14,2.85,2.75,3.07,2.93,3.16
2015-11-06 01:00:00,2.92,2.94,3.12,2.82,3.05,2.86,2.83,2.91,2.79,2.74,3.03,3.14,2.85,2.75,3.06,2.92,3.16
2015-11-06 02:00:00,2.91,2.94,3.11,2.82,3.04,2.87,2.82,2.9,2.79,2.74,3.03,3.14,2.85,2.75,3.05,2.9,3.15
2015-11-06 03:00:00,2.91,2.93,3.11,2.81,3.05,2.86,2.82,2.89,2.8,2.73,3.03,3.14,2.83,2.74,3.03,2.9,3.15
2015-11-06 04:00:00,2.9,2.94,3.09,2.81,3.05,2.85,2.83,2.88,2.78,2.72,3.02,3.14,2.83,2.74,3.02,2.91,3.16
2015-11-06 05:00:00,2.9,2.94,3.08,2.81,3.06,2.84,2.83,2.87,2.76,2.71,3.01,3.14,2.85,2.74,3.0,2.92,3.18
2015-11-06 06:00:00,2.9,2.94,3.07,2.8,3.06,2.84,2.84,2.86,2.77,2.71,3.01,3.14,2.86,2.74,2.99,2.92,3.2
2015-11-06 07:00:00,2.92,2.99,3.06,2.81,3.07,2.85,2.86,2.85,2.79,2.72,3.02,3.14,2.91,2.75,2.98,2.93,3.22
2015-11-06 08:00:00,2.95,3.07,3.07,2.81,3.13,2.86,2.95,2.85,2.84,2.73,3.03,3.16,3.01,2.75,2.97,2.95,3.25
2015-11-06 09:00:00,3.0,3.21,3.07,2.82,3.21,2.88,3.06,2.85,2.92,2.76,3.02,3.18,3.17,2.77,2.96,2.98,3.3
2015-11-06 10:00:00,3.05,3.35,3.1,2.82,3.31,2.91,3.15,2.85,3.04,2.78,3.02,3.21,3.31,2.78,2.96,3.02,3.34
2015-11-06 11:00:00,3.1,3.49,3.13,2.83,3.4,2.97,3.24,2.86,3.19,2.81,3.04,3.22,3.42,2.79,2.96,3.08,3.39
2015-11-06 12:00:00,3.14,3.57,3.14,2.83,3.45,3.02,3.29,2.87,3.31,2.83,3.03,3.23,3.49,2.81,2.96,3.15,3.43
2015-11-06 13:00:00,3.16,3.62,3.15,2.83,3.5,3.04,3.29,2.87,3.41,2.85,3.02,3.23,3.55,2.82,2.96,3.21,3.46
2015-11-06 14:00:00,3.16,3.63,3.14,2.83,3.56,3.05,3.24,2.86,3.45,2.84,3.01,3.24,3.55,2.82,2.95,3.24,3.47
2015-11-06 15:00:00,3.15,3.63,3.12,2.82,3.58,3.04,3.19,2.86,3.42,2.82,3.01,3.24,3.51,2.82,2.93,3.25,3.48
2015-11-06 16:00:00,3.13,3.6,3.1,2.82,3.59,3.01,3.13,2.85,3.4,2.81,2.99,3.23,3.48,2.81,2.92,3.26,3.49
2015-11-06 17:00:00,3.13,3.63,3.09,2.82,3.62,3.02,3.11,2.85,3.36,2.81,2.98,3.23,3.47,2.81,2.91,3.27,3.5
2015-11-06 18:00:00,3.13,3.61,3.09,2.82,3.67,3.04,3.11,2.85,3.36,2.8,2.96,3.22,3.47,2.81,2.9,3.28,3.52
2015-11-06 19:00:00,3.14,3.6,3.1,2.82,3.73,3.06,3.1,2.85,3.39,2.8,2.94,3.23,3.48,2.8,2.9,3.31,3.54
2015-11-06 20:00:00,3.14,3.6,3.1,2.82,3.76,3.09,3.08,2.85,3.47,2.8,2.92,3.23,3.51,2.8,2.89,3.33,3.55
2015-11-06 21:00:00,3.15,3.61,3.1,2.82,3.77,3.1,3.1,2.85,3.48,2.8,2.92,3.23,3.52,2.8,2.89,3.36,3.59
2015-11-06 22:00:00,3.16,3.64,3.11,2.82,3.78,3.14,3.1,2.85,3.47,2.8,2.9,3.24,3.51,2.8,2.89,3.39,3.65
2015-11-06 23:00:00,3.17,3.64,3.11,2.82,3.78,3.2,3.1,2.86,3.49,2.83,2.89,3.24,3.52,2.8,2.89,3.41,3.69
2015-11-12 00:00:00,3.84,3.79,3.88,3.84,3.79,3.86,3.81,3.88,3.89,3.85,3.71,3.82,3.85,3.84,3.75,3.85,3.83
2015-11-12 01:00:00,3.83,3.79,3.88,3.85,3.79,3.86,3.8,3.87,3.88,3.86,3.72,3.82,3.84,3.83,3.76,3.81,3.82
2015-11-12 02:00:00,3.82,3.78,3.85,3.84,3.78,3.85,3.81,3.87,3.85,3.85,3.7,3.81,3.79,3.83,3.77,3.79,3.81
2015-11-12 03:00:00,3.8,3.74,3.82,3.84,3.77,3.83,3.76,3.86,3.77,3.85,3.7,3.79,3.79,3.81,3.79,3.76,3.81
2015-11-12 04:00:00,3.78,3.71,3.8,3.85,3.76,3.78,3.7,3.84,3.68,3.86,3.72,3.79,3.78,3.82,3.8,3.77,3.8
2015-11-12 05:00:00,3.77,3.69,3.79,3.84,3.76,3.78,3.69,3.82,3.63,3.86,3.75,3.77,3.78,3.82,3.79,3.76,3.79
2015-11-12 06:00:00,3.76,3.67,3.79,3.84,3.74,3.74,3.64,3.8,3.68,3.83,3.76,3.77,3.75,3.82,3.78,3.75,3.79
2015-11-12 07:00:00,3.77,3.7,3.79,3.84,3.74,3.74,3.73,3.8,3.73,3.87,3.77,3.78,3.77,3.81,3.76,3.75,3.79
2015-11-12 08:00:00,3.79,3.73,3.8,3.86,3.76,3.75,3.84,3.79,3.77,3.92,3.77,3.77,3.81,3.83,3.75,3.75,3.8
2015-11-12 09:00:00,3.81,3.75,3.79,3.85,3.77,3.75,3.91,3.79,3.78,3.96,3.76,3.77,3.8,3.85,3.75,3.75,3.83
2015-11-12 10:00:00,3.81,3.77,3.74,3.83,3.81,3.75,3.96,3.8,3.79,3.98,3.74,3.78,3.8,3.87,3.75,3.77,3.85
2015-11-12 11:00:00,3.82,3.79,3.76,3.8,3.84,3.76,3.96,3.78,3.79,4.01,3.75,3.8,3.8,3.86,3.75,3.8,3.87
2015-11-12 12:00:00,3.82,3.79,3.8,3.81,3.85,3.76,3.91,3.78,3.8,3.97,3.74,3.82,3.79,3.81,3.75,3.82,3.9
2015-11-12 13:00:00,3.81,3.77,3.82,3.79,3.88,3.76,3.87,3.77,3.8,3.94,3.74,3.83,3.77,3.79,3.75,3.83,3.9
2015-11-12 14:00:00,3.79,3.75,3.83,3.76,3.89,3.76,3.8,3.77,3.79,3.87,3.72,3.81,3.76,3.77,3.76,3.83,3.88
2015-11-12 15:00:00,3.77,3.72,3.81,3.74,3.84,3.74,3.77,3.76,3.76,3.82,3.7,3.78,3.75,3.76,3.73,3.78,3.83
2015-11-12 16:00:00,3.74,3.68,3.77,3.74,3.79,3.72,3.72,3.76,3.74,3.78,3.69,3.76,3.72,3.72,3.69,3.72,3.79
2015-11-12 17:00:00,3.71,3.62,3.7,3.73,3.77,3.68,3.69,3.75,3.72,3.76,3.67,3.75,3.69,3.71,3.66,3.67,3.77
2015-11-12 18:00:00,3.67,3.55,3.67,3.74,3.71,3.64,3.65,3.73,3.66,3.74,3.66,3.73,3.66,3.69,3.64,3.63,3.74
2015-11-12 19:00:00,3.64,3.46,3.58,3.7,3.65,3.59,3.63,3.7,3.64,3.73,3.64,3.71,3.62,3.65,3.62,3.59,3.72
2015-11-12 20:00:00,3.6,3.34,3.52,3.68,3.63,3.56,3.6,3.67,3.59,3.74,3.62,3.68,3.59,3.58,3.6,3.53,3.68
2015-11-12 21:00:00,3.56,3.28,3.5,3.66,3.6,3.53,3.58,3.63,3.52,3.7,3.6,3.65,3.55,3.53,3.58,3.49,3.63
2015-11-12 22:00:00,3.51,3.21,3.48,3.64,3.52,3.49,3.54,3.59,3.42,3.65,3.59,3.62,3.49,3.47,3.56,3.45,3.59
2015-11-12 23:00:00,3.47,3.2,3.45,3.62,3.51,3.45,3.45,3.56,3.36,3.61,3.58,3.58,3.41,3.41,3.54,3.4,3.54
2015-11-13 00:00:00,3.43,3.13,3.42,3.57,3.49,3.41,3.39,3.53,3.34,3.56,3.54,3.54,3.36,3.37,3.52,3.35,3.52
2015-11-13 01:00:00,3.39,3.1,3.4,3.54,3.47,3.37,3.31,3.49,3.35,3.51,3.52,3.51,3.32,3.36,3.49,3.32,3.51
2015-11-13 02:00:00,3.36,3.09,3.35,3.51,3.46,3.33,3.27,3.45,3.38,3.47,3.5,3.46,3.31,3.29,3.44,3.32,3.52
2015-11-13 03:00:00,3.33,3.08,3.24,3.49,3.46,3.32,3.2,3.4,3.33,3.43,3.46,3.42,3.3,3.29,3.41,3.29,3.5
2015-11-13 04:00:00,3.32,3.09,3.23,3.46,3.47,3.32,3.17,3.37,3.31,3.42,3.45,3.38,3.26,3.28,3.4,3.3,3.52
2015-11-13 05:00:00,3.31,3.06,3.32,3.42,3.48,3.31,3.15,3.35,3.26,3.35,3.42,3.38,3.25,3.26,3.38,3.33,3.57
2015-11-13 06:00:00,3.3,3.07,3.31,3.39,3.48,3.3,3.13,3.35,3.2,3.33,3.4,3.38,3.24,3.25,3.36,3.33,3.58
2015-11-13 07:00:00,3.31,3.07,3.29,3.41,3.53,3.31,3.16,3.35,3.2,3.38,3.4,3.39,3.26,3.29,3.35,3.35,3.61
2015-11-13 08:00:00,3.37,3.2,3.33,3.44,3.58,3.36,3.32,3.35,3.34,3.47,3.42,3.42,3.36,3.3,3.37,3.38,3.65
2015-11-13 09:00:00,3.45,3.37,3.37,3.5,3.66,3.44,3.45,3.37,3.54,3.59,3.42,3.46,3.48,3.33,3.4,3.46,3.69
2015-11-13 10:00:00,3.52,3.56,3.43,3.52,3.76,3.48,3.52,3.4,3.61,3.7,3.41,3.51,3.59,3.35,3.42,3.54,3.72
2015-11-13 11:00:00,3.57,3.67,3.52,3.54,3.8,3.53,3.58,3.44,3.72,3.75,3.4,3.53,3.63,3.38,3.44,3.62,3.76
2015-11-13 12:00:00,3.6,3.75,3.58,3.57,3.84,3.56,3.63,3.47,3.76,3.75,3.38,3.47,3.66,3.43,3.46,3.68,3.79
2015-11-13 13:00:00,3.62,3.76,3.6,3.55,3.85,3.59,3.66,3.49,3.79,3.75,3.37,3.57,3.68,3.46,3.46,3.7,3.81
2015-11-13 14:00:00,3.61,3.75,3.59,3.5,3.85,3.6,3.63,3.48,3.78,3.72,3.36,3.58,3.66,3.46,3.46,3.71,3.82
2015-11-13 15:00:00,3.59,3.71,3.61,3.45,3.83,3.56,3.54,3.47,3.72,3.66,3.34,3.59,3.63,3.44,3.46,3.72,3.81
2015-11-13 16:00:00,3.57,3.68,3.63,3.41,3.82,3.55,3.45,3.46,3.64,3.62,3.33,3.61,3.6,3.44,3.45,3.73,3.78
2015-11-13 17:00:00,3.56,3.69,3.64,3.39,3.81,3.57,3.43,3.48,3.59,3.61,3.34,3.6,3.59,3.42,3.46,3.72,3.76
2015-11-13 18:00:00,3.56,3.71,3.64,3.39,3.8,3.59,3.41,3.5,3.57,3.61,3.34,3.62,3.58,3.38,3.47,3.71,3.74
2015-11-13 19:00:00,3.56,3.72,3.63,3.44,3.8,3.58,3.39,3.5,3.58,3.6,3.34,3.62,3.59,3.35,3.48,3.69,3.7
2015-11-13 20:00:00,3.57,3.73,3.62,3.48,3.79,3.6,3.4,3.51,3.61,3.61,3.35,3.6,3.6,3.36,3.48,3.68,3.68
2015-11-13 21:00:00,3.57,3.75,3.63,3.48,3.77,3.62,3.39,3.52,3.63,3.61,3.37,3.59,3.62,3.34,3.49,3.7,3.66
2015-11-13 22:00:00,3.57,3.78,3.62,3.48,3.67,3.61,3.4,3.54,3.62,3.6,3.38,3.59,3.62,3.36,3.49,3.69,3.64
2015-11-13 23:00:00,3.57,3.77,3.63,3.48,3.61,3.6,3.42,3.54,3.6,3.61,3.38,3.59,3.61,3.36,3.48,3.66,3.59
2015-11-14 00:00:00,3.55,3.68,3.57,3.47,3.55,3.6,3.42,3.55,3.6,3.61,3.38,3.58,3.59,3.37,3.48,3.65,3.53
2015-11-14 01:00:00,3.54,3.66,3.53,3.47,3.48,3.59,3.46,3.55,3.6,3.59,3.38,3.53,3.57,3.4,3.48,3.58,3.49
2015-11-14 02:00:00,3.52,3.58,3.55,3.46,3.44,3.55,3.47,3.54,3.59,3.59,3.39,3.51,3.59,3.42,3.45,3.54,3.47
2015-11-14 03:00:00,3.49,3.5,3.48,3.45,3.39,3.54,3.48,3.53,3.54,3.57,3.4,3.49,3.54,3.41,3.44,3.47,3.44
2015-11-14 04:00:00,3.46,3.46,3.44,3.45,3.4,3.49,3.5,3.52,3.47,3.54,3.41,3.45,3.43,3.44,3.42,3.42,3.44
2015-11-14 05:00:00,3.43,3.41,3.38,3.46,3.39,3.42,3.45,3.49,3.43,3.51,3.38,3.42,3.41,3.44,3.38,3.39,3.42
2015-11-14 06:00:00,3.4,3.4,3.39,3.48,3.36,3.35,3.38,3.43,3.4,3.51,3.35,3.41,3.38,3.4,3.33,3.38,3.41
2015-11-14 07:00:00,3.39,3.41,3.39,3.45,3.35,3.36,3.37,3.41,3.42,3.47,3.32,3.4,3.36,3.37,3.31,3.39,3.42
2015-11-14 08:00:00,3.4,3.43,3.4,3.43,3.38,3.39,3.37,3.4,3.47,3.44,3.32,3.4,3.43,3.38,3.31,3.41,3.43
2015-11-14 09:00:00,3.42,3.46,3.42,3.44,3.41,3.4,3.39,3.4,3.51,3.44,3.32,3.41,3.45,3.4,3.33,3.44,3.42
2015-11-14 10:00:00,3.43,3.48,3.42,3.42,3.43,3.42,3.41,3.42,3.53,3.45,3.31,3.42,3.47,3.4,3.33,3.46,3.43
2015-11-14 11:00:00,3.43,3.48,3.43,3.41,3.42,3.45,3.4,3.43,3.53,3.45,3.33,3.41,3.48,3.43,3.33,3.45,3.44
2015-11-14 12:00:00,3.43,3.44,3.44,3.4,3.43,3.45,3.41,3.43,3.54,3.44,3.31,3.41,3.49,3.4,3.32,3.44,3.45
2015-11-14 13:00:00,3.42,3.42,3.43,3.4,3.43,3.41,3.42,3.43,3.54,3.43,3.3,3.4,3.45,3.41,3.3,3.43,3.47
2015-11-14 14:00:00,3.4,3.37,3.42,3.38,3.42,3.38,3.39,3.42,3.5,3.41,3.28,3.39,3.4,3.39,3.3,3.42,3.47
2015-11-14 15:00:00,3.37,3.34,3.41,3.36,3.41,3.36,3.34,3.4,3.44,3.33,3.27,3.37,3.35,3.36,3.27,3.4,3.45
2015-11-14 16:00:00,3.34,3.31,3.39,3.34,3.41,3.33,3.29,3.38,3.39,3.3,3.25,3.36,3.33,3.3,3.24,3.39,3.45
2015-11-14 17:00:00,3.33,3.31,3.38,3.32,3.39,3.32,3.27,3.37,3.37,3.28,3.21,3.36,3.31,3.29,3.23,3.39,3.43
2015-11-14 18:00:00,3.31,3.31,3.38,3.31,3.36,3.31,3.26,3.36,3.35,3.21,3.21,3.34,3.29,3.27,3.23,3.37,3.4
2015-11-14 19:00:00,3.3,3.31,3.39,3.3,3.36,3.3,3.24,3.35,3.34,3.24,3.2,3.34,3.26,3.24,3.21,3.35,3.39
2015-11-14 20:00:00,3.29,3.31,3.37,3.29,3.35,3.3,3.21,3.34,3.33,3.24,3.21,3.32,3.25,3.21,3.21,3.34,3.37
2015-11-14 21:00:00,3.29,3.32,3.38,3.29,3.35,3.29,3.2,3.34,3.33,3.21,3.21,3.33,3.25,3.21,3.21,3.33,3.37
2015-11-14 22:00:00,3.28,3.33,3.37,3.28,3.35,3.27,3.19,3.34,3.34,3.19,3.22,3.33,3.24,3.22,3.2,3.32,3.37
2015-11-14 23:00:00,3.27,3.31,3.36,3.27,3.34,3.24,3.16,3.33,3.34,3.19,3.22,3.31,3.23,3.21,3.2,3.3,3.37
2015-11-15 00:00:00,3.26,3.27,3.33,3.26,3.34,3.25,3.15,3.32,3.33,3.2,3.22,3.3,3.22,3.18,3.2,3.31,3.37
2015-11-15 01:00:00,3.25,3.25,3.32,3.26,3.32,3.24,3.13,3.31,3.32,3.18,3.22,3.29,3.22,3.14,3.21,3.3,3.37
2015-11-15 02:00:00,3.24,3.22,3.3,3.25,3.3,3.23,3.16,3.29,3.31,3.14,3.22,3.29,3.21,3.1,3.19,3.29,3.37
2015-11-15 03:00:00,3.23,3.24,3.31,3.23,3.29,3.22,3.16,3.27,3.26,3.16,3.21,3.28,3.19,3.11,3.18,3.28,3.37
2015-11-15 04:00:00,3.23,3.28,3.3,3.21,3.29,3.2,3.15,3.26,3.25,3.15,3.2,3.28,3.18,3.11,3.18,3.27,3.35
2015-11-15 05:00:00,3.23,3.3,3.31,3.2,3.31,3.19,3.17,3.25,3.24,3.15,3.2,3.27,3.19,3.13,3.18,3.26,3.35
2015-11-15 06:00:00,3.23,3.31,3.3,3.2,3.33,3.19,3.17,3.24,3.25,3.15,3.19,3.26,3.21,3.12,3.16,3.25,3.34
2015-11-15 07:00:00,3.24,3.32,3.29,3.2,3.35,3.2,3.19,3.24,3.26,3.17,3.19,3.26,3.24,3.13,3.16,3.26,3.35
2015-11-15 08:00:00,3.26,3.36,3.27,3.2,3.37,3.22,3.23,3.25,3.3,3.19,3.2,3.29,3.26,3.17,3.19,3.28,3.35
2015-11-15 09:00:00,3.28,3.4,3.26,3.23,3.39,3.25,3.28,3.26,3.36,3.18,3.22,3.3,3.28,3.2,3.2,3.3,3.36
2015-11-15 10:00:00,3.3,3.46,3.24,3.25,3.41,3.27,3.31,3.26,3.39,3.2,3.23,3.31,3.31,3.21,3.22,3.31,3.37
2015-11-15 11:00:00,3.31,3.51,3.25,3.25,3.47,3.28,3.34,3.26,3.42,3.2,3.23,3.31,3.34,3.22,3.23,3.32,3.38
2015-11-15 12:00:00,3.32,3.56,3.25,3.24,3.53,3.29,3.34,3.24,3.43,3.21,3.23,3.31,3.37,3.23,3.22,3.33,3.38
2015-11-15 13:00:00,3.33,3.6,3.26,3.22,3.56,3.29,3.36,3.23,3.45,3.21,3.22,3.3,3.41,3.23,3.22,3.35,3.38
2015-11-15 14:00:00,3.33,3.64,3.25,3.21,3.57,3.31,3.38,3.22,3.48,3.21,3.2,3.29,3.45,3.23,3.2,3.37,3.37
2015-11-15 15:00:00,3.34,3.7,3.23,3.18,3.61,3.32,3.39,3.2,3.54,3.23,3.19,3.27,3.48,3.23,3.18,3.39,3.35
2015-11-15 16:00:00,3.35,3.72,3.23,3.17,3.62,3.35,3.42,3.2,3.59,3.26,3.17,3.26,3.5,3.23,3.17,3.41,3.35
2015-11-15 17:00:00,3.35,3.74,3.21,3.16,3.58,3.38,3.44,3.19,3.62,3.28,3.15,3.24,3.54,3.25,3.16,3.42,3.35
2015-11-15 18:00:00,3.36,3.77,3.21,3.15,3.57,3.41,3.47,3.19,3.64,3.29,3.12,3.22,3.56,3.28,3.15,3.39,3.35
2015-11-15 19:00:00,3.36,3.77,3.19,3.15,3.53,3.43,3.5,3.18,3.64,3.3,3.11,3.21,3.59,3.32,3.14,3.38,3.32
2015-11-15 20:00:00,3.37,3.79,3.18,3.15,3.49,3.45,3.53,3.18,3.68,3.32,3.11,3.21,3.61,3.36,3.14,3.35,3.31
2015-11-15 21:00:00,3.36,3.79,3.15,3.16,3.46,3.42,3.55,3.17,3.69,3.37,3.09,3.18,3.64,3.39,3.14,3.32,3.31
2015-11-15 22:00:00,3.36,3.75,3.11,3.16,3.44,3.35,3.57,3.17,3.7,3.42,3.1,3.16,3.65,3.44,3.13,3.3,3.31
2015-11-15 23:00:00,3.35,3.74,3.1,3.16,3.44,3.32,3.58,3.17,3.65,3.45,3.1,3.16,3.63,3.38,3.13,3.28,3.28
2015-11-16 00:00:00,3.33,3.71,3.13,3.15,3.44,3.3,3.59,3.14,3.59,3.47,3.08,3.12,3.59,3.32,3.12,3.27,3.25
2015-11-16 01:00:00,3.32,3.68,3.14,3.14,3.43,3.29,3.57,3.15,3.55,3.43,3.06,3.14,3.55,3.3,3.11,3.26,3.23
2015-11-16 02:00:00,3.3,3.63,3.15,3.13,3.42,3.28,3.51,3.16,3.51,3.4,3.08,3.09,3.52,3.27,3.11,3.25,3.22
2015-11-16 03:00:00,3.28,3.61,3.14,3.13,3.41,3.28,3.47,3.15,3.48,3.36,3.1,3.07,3.48,3.26,3.08,3.24,3.21
2015-11-16 04:00:00,3.27,3.6,3.15,3.13,3.4,3.27,3.44,3.15,3.46,3.33,3.1,3.06,3.46,3.23,3.08,3.22,3.22
2015-11-16 05:00:00,3.26,3.59,3.15,3.13,3.41,3.26,3.41,3.15,3.46,3.29,3.06,3.05,3.45,3.22,3.08,3.21,3.26
2015-11-16 06:00:00,3.26,3.59,3.14,3.13,3.42,3.26,3.4,3.16,3.45,3.27,3.08,3.05,3.44,3.21,3.07,3.21,3.28
2015-11-16 07:00:00,3.27,3.62,3.15,3.14,3.44,3.27,3.39,3.16,3.46,3.26,3.09,3.07,3.44,3.21,3.08,3.24,3.3
2015-11-16 08:00:00,3.29,3.63,3.15,3.16,3.46,3.27,3.4,3.18,3.47,3.26,3.13,3.11,3.45,3.21,3.08,3.26,3.33
2015-11-16 09:00:00,3.31,3.65,3.17,3.17,3.52,3.28,3.39,3.2,3.49,3.26,3.15,3.16,3.47,3.21,3.09,3.3,3.37
2015-11-16 10:00:00,3.33,3.69,3.18,3.19,3.6,3.29,3.4,3.23,3.52,3.26,3.18,3.21,3.48,3.21,3.09,3.33,3.42
2015-11-16 11:00:00,3.35,3.7,3.23,3.2,3.62,3.31,3.41,3.23,3.53,3.27,3.19,3.25,3.49,3.2,3.1,3.36,3.46
2015-11-16 12:00:00,3.37,3.73,3.3,3.2,3.64,3.34,3.42,3.25,3.53,3.27,3.18,3.27,3.5,3.22,3.12,3.39,3.53
2015-11-16 13:00:00,3.38,3.74,3.33,3.2,3.67,3.35,3.41,3.27,3.56,3.27,3.17,3.29,3.51,3.22,3.13,3.42,3.56
2015-11-16 14:00:00,3.38,3.73,3.34,3.19,3.67,3.37,3.41,3.26,3.58,3.27,3.16,3.3,3.53,3.22,3.13,3.45,3.58
2015-11-16 15:00:00,3.38,3.67,3.35,3.15,3.67,3.38,3.4,3.25,3.6,3.24,3.15,3.33,3.54,3.21,3.14,3.47,3.6
2015-11-16 16:00:00,3.38,3.64,3.34,3.11,3.67,3.4,3.39,3.25,3.6,3.22,3.12,3.35,3.55,3.2,3.14,3.5,3.63
2015-11-16 17:00:00,3.39,3.59,3.37,3.11,3.67,3.41,3.39,3.25,3.59,3.22,3.11,3.38,3.56,3.21,3.15,3.53,3.66
2015-11-16 18:00:00,3.39,3.57,3.39,3.11,3.67,3.44,3.39,3.26,3.59,3.22,3.11,3.42,3.54,3.2,3.16,3.56,3.68
2015-11-16 19:00:00,3.4,3.53,3.44,3.11,3.67,3.46,3.39,3.27,3.56,3.22,3.11,3.47,3.53,3.21,3.19,3.58,3.7
2015-11-16 20:00:00,3.4,3.5,3.48,3.11,3.66,3.49,3.36,3.28,3.52,3.23,3.12,3.51,3.51,3.21,3.21,3.6,3.71
2015-11-16 21:00:00,3.41,3.49,3.51,3.12,3.65,3.5,3.35,3.29,3.5,3.24,3.13,3.55,3.52,3.22,3.23,3.61,3.73
2015-11-16 22:00:00,3.43,3.48,3.55,3.15,3.65,3.52,3.35,3.32,3.49,3.27,3.13,3.58,3.53,3.24,3.25,3.61,3.73
2015-11-16 23:00:00,3.44,3.51,3.58,3.17,3.66,3.53,3.34,3.35,3.48,3.3,3.14,3.6,3.52,3.26,3.29,3.61,3.75
2015-11-17 00:00:00,3.46,3.52,3.59,3.19,3.64,3.55,3.35,3.38,3.48,3.32,3.14,3.62,3.53,3.28,3.32,3.61,3.74
2015-11-17 01:00:00,3.47,3.56,3.6,3.2,3.65,3.56,3.34,3.41,3.49,3.34,3.16,3.63,3.53,3.3,3.34,3.61,3.74
2015-11-17 02:00:00,3.48,3.58,3.61,3.22,3.66,3.56,3.36,3.44,3.49,3.35,3.17,3.64,3.55,3.32,3.36,3.62,3.73
2015-11-17 03:00:00,3.5,3.61,3.6,3.25,3.65,3.56,3.36,3.46,3.49,3.35,3.19,3.64,3.57,3.33,3.39,3.63,3.72
2015-11-17 04:00:00,3.51,3.61,3.6,3.27,3.65,3.56,3.42,3.47,3.5,3.36,3.22,3.65,3.57,3.36,3.42,3.64,3.71
2015-11-17 05:00:00,3.52,3.62,3.6,3.3,3.66,3.57,3.44,3.49,3.5,3.37,3.24,3.65,3.57,3.37,3.45,3.65,3.71
2015-11-17 06:00:00,3.53,3.62,3.6,3.33,3.67,3.58,3.48,3.5,3.52,3.38,3.26,3.66,3.54,3.38,3.47,3.66,3.71
2015-11-17 07:00:00,3.55,3.66,3.62,3.36,3.68,3.6,3.5,3.52,3.54,3.4,3.31,3.66,3.59,3.4,3.49,3.67,3.71
2015-11-17 08:00:00,3.59,3.7,3.64,3.41,3.7,3.62,3.55,3.55,3.59,3.43,3.35,3.66,3.64,3.45,3.51,3.69,3.71
2015-11-17 09:00:00,3.62,3.7,3.67,3.46,3.7,3.65,3.61,3.59,3.61,3.46,3.39,3.67,3.69,3.54,3.53,3.71,3.72
2015-11-17 10:00:00,3.65,3.75,3.68,3.51,3.72,3.66,3.67,3.63,3.62,3.5,3.41,3.68,3.7,3.57,3.54,3.72,3.73
2015-11-17 11:00:00,3.66,3.8,3.7,3.56,3.75,3.68,3.69,3.63,3.63,3.52,3.45,3.68,3.7,3.6,3.55,3.72,3.75
2015-11-17 12:00:00,3.68,3.82,3.71,3.58,3.78,3.68,3.71,3.65,3.66,3.52,3.49,3.69,3.71,3.59,3.56,3.73,3.76
2015-11-17 13:00:00,3.68,3.83,3.74,3.58,3.8,3.68,3.71,3.65,3.71,3.52,3.5,3.69,3.72,3.59,3.57,3.75,3.75
2015-11-17 14:00:00,3.69,3.84,3.73,3.56,3.81,3.69,3.72,3.66,3.74,3.53,3.51,3.68,3.74,3.59,3.58,3.76,3.74
2015-11-17 15:00:00,3.7,3.84,3.74,3.56,3.8,3.7,3.73,3.66,3.79,3.54,3.52,3.67,3.74,3.6,3.59,3.77,3.75
2015-11-17 16:00:00,3.7,3.84,3.74,3.56,3.8,3.71,3.76,3.67,3.79,3.54,3.53,3.67,3.74,3.6,3.6,3.77,3.75
2015-11-17 17:00:00,3.71,3.84,3.75,3.57,3.8,3.72,3.76,3.68,3.82,3.54,3.54,3.66,3.75,3.6,3.61,3.78,3.76
2015-11-17 18:00:00,3.72,3.84,3.75,3.58,3.81,3.74,3.75,3.68,3.8,3.55,3.56,3.66,3.77,3.63,3.63,3.79,3.77
2015-11-17 19:00:00,3.72,3.85,3.76,3.6,3.82,3.75,3.75,3.7,3.79,3.57,3.58,3.66,3.78,3.62,3.64,3.8,3.78
2015-11-17 20:00:00,3.73,3.86,3.76,3.61,3.85,3.76,3.74,3.71,3.73,3.57,3.59,3.69,3.79,3.65,3.66,3.81,3.78
2015-11-17 21:00:00,3.74,3.87,3.76,3.61,3.84,3.77,3.74,3.72,3.77,3.58,3.6,3.7,3.78,3.67,3.67,3.81,3.79
2015-11-17 22:00:00,3.75,3.87,3.77,3.62,3.84,3.77,3.75,3.73,3.78,3.6,3.61,3.71,3.79,3.68,3.68,3.81,3.81
2015-11-17 23:00:00,3.75,3.88,3.77,3.64,3.82,3.77,3.75,3.74,3.76,3.6,3.63,3.73,3.79,3.68,3.69,3.81,3.81
2015-11-18 00:00:00,3.75,3.89,3.79,3.65,3.82,3.76,3.74,3.73,3.75,3.6,3.63,3.75,3.78,3.68,3.7,3.81,3.81
2015-11-18 01:00:00,3.76,3.9,3.79,3.65,3.82,3.77,3.76,3.74,3.76,3.59,3.65,3.76,3.78,3.68,3.72,3.82,3.82
2015-11-18 02:00:00,3.77,3.89,3.81,3.65,3.85,3.77,3.76,3.75,3.8,3.59,3.66,3.77,3.8,3.68,3.72,3.83,3.83
2015-11-18 03:00:00,3.78,3.93,3.81,3.66,3.87,3.78,3.79,3.75,3.79,3.6,3.68,3.78,3.83,3.7,3.73,3.84,3.84
2015-11-18 04:00:00,3.78,3.93,3.8,3.67,3.87,3.78,3.8,3.75,3.81,3.63,3.69,3.79,3.82,3.69,3.74,3.84,3.83
2015-11-18 05:00:00,3.79,3.91,3.82,3.68,3.86,3.78,3.84,3.76,3.87,3.64,3.7,3.79,3.84,3.71,3.74,3.81,3.82
2015-11-18 06:00:00,3.79,3.85,3.81,3.69,3.82,3.76,3.88,3.77,3.85,3.65,3.7,3.8,3.86,3.73,3.75,3.8,3.79
2015-11-18 07:00:00,3.79,3.87,3.82,3.71,3.8,3.78,3.87,3.76,3.86,3.67,3.71,3.78,3.87,3.77,3.75,3.79,3.78
2015-11-18 08:00:00,3.8,3.86,3.8,3.73,3.81,3.79,3.94,3.78,3.82,3.69,3.71,3.76,3.88,3.75,3.76,3.81,3.78
2015-11-18 09:00:00,3.81,3.86,3.85,3.73,3.83,3.83,3.84,3.81,3.84,3.76,3.73,3.77,3.83,3.74,3.77,3.81,3.76
2015-11-18 10:00:00,3.8,3.87,3.76,3.77,3.82,3.83,3.78,3.82,3.87,3.74,3.79,3.76,3.87,3.76,3.74,3.8,3.75
2015-11-18 11:00:00,3.8,3.86,3.77,3.81,3.8,3.83,3.74,3.81,3.94,3.65,3.8,3.75,3.87,3.82,3.74,3.78,3.75
2015-11-18 12:00:00,3.79,3.87,3.75,3.78,3.75,3.79,3.8,3.79,3.92,3.68,3.76,3.75,3.84,3.8,3.72,3.78,3.75
2015-11-18 13:00:00,3.77,3.84,3.72,3.78,3.75,3.79,3.79,3.77,3.9,3.72,3.74,3.7,3.84,3.77,3.69,3.77,3.73
2015-11-18 14:00:00,3.75,3.82,3.71,3.74,3.72,3.74,3.78,3.73,3.88,3.71,3.71,3.67,3.82,3.73,3.68,3.76,3.74
2015-11-18 15:00:00,3.72,3.78,3.71,3.71,3.69,3.76,3.76,3.7,3.84,3.72,3.66,3.63,3.81,3.7,3.62,3.7,3.7
2015-11-18 16:00:00,3.71,3.75,3.69,3.68,3.69,3.7,3.77,3.68,3.8,3.73,3.65,3.62,3.79,3.68,3.58,3.68,3.71
2015-11-18 17:00:00,3.68,3.74,3.66,3.65,3.69,3.66,3.72,3.66,3.76,3.71,3.63,3.61,3.78,3.62,3.55,3.67,3.7
2015-11-18 18:00:00,3.66,3.69,3.63,3.63,3.69,3.64,3.69,3.63,3.73,3.68,3.6,3.61,3.74,3.6,3.5,3.65,3.68
2015-11-18 19:00:00,3.63,3.63,3.63,3.59,3.66,3.62,3.66,3.6,3.72,3.67,3.57,3.6,3.72,3.57,3.47,3.64,3.69
2015-11-18 20:00:00,3.61,3.66,3.63,3.57,3.66,3.59,3.65,3.59,3.67,3.62,3.53,3.59,3.68,3.53,3.44,3.62,3.68
2015-11-18 21:00:00,3.6,3.67,3.6,3.56,3.66,3.58,3.61,3.58,3.65,3.6,3.48,3.58,3.68,3.5,3.43,3.61,3.65
2015-11-18 22:00:00,3.58,3.69,3.54,3.53,3.71,3.56,3.57,3.56,3.61,3.57,3.42,3.57,3.64,3.5,3.43,3.61,3.66
2015-11-18 23:00:00,3.57,3.69,3.55,3.52,3.72,3.56,3.52,3.55,3.72,3.54,3.42,3.56,3.62,3.46,3.42,3.63,3.68
2015-11-19 00:00:00,3.57,3.69,3.57,3.49,3.72,3.58,3.49,3.53,3.69,3.54,3.42,3.57,3.65,3.42,3.42,3.67,3.7
2015-11-19 01:00:00,3.57,3.7,3.6,3.47,3.7,3.59,3.43,3.52,3.61,3.55,3.41,3.57,3.63,3.38,3.43,3.69,3.69
2015-11-19 02:00:00,3.57,3.72,3.61,3.46,3.72,3.58,3.42,3.53,3.61,3.53,3.41,3.58,3.63,3.38,3.43,3.69,3.7
2015-11-19 03:00:00,3.58,3.75,3.62,3.46,3.75,3.6,3.41,3.55,3.66,3.52,3.42,3.6,3.66,3.37,3.42,3.69,3.72
2015-11-19 04:00:00,3.59,3.76,3.6,3.45,3.76,3.61,3.49,3.56,3.63,3.45,3.4,3.61,3.66,3.39,3.43,3.71,3.71
2015-11-19 05:00:00,3.61,3.77,3.64,3.45,3.77,3.6,3.56,3.57,3.75,3.49,3.4,3.62,3.68,3.42,3.43,3.73,3.69
2015-11-19 06:00:00,3.62,3.78,3.68,3.46,3.75,3.64,3.59,3.58,3.73,3.49,3.4,3.62,3.71,3.45,3.45,3.73,3.69
2015-11-19 07:00:00,3.63,3.75,3.67,3.51,3.77,3.65,3.64,3.61,3.77,3.52,3.4,3.63,3.71,3.5,3.47,3.72,3.66
2015-11-19 08:00:00,3.67,3.76,3.73,3.56,3.78,3.7,3.72,3.66,3.72,3.58,3.4,3.64,3.72,3.56,3.49,3.74,3.67
2015-11-19 09:00:00,3.68,3.76,3.6,3.6,3.79,3.72,3.73,3.68,3.79,3.6,3.44,3.66,3.73,3.58,3.52,3.79,3.72
2015-11-19 10:00:00,3.71,3.8,3.66,3.63,3.84,3.75,3.76,3.73,3.79,3.61,3.46,3.67,3.73,3.61,3.55,3.84,3.74
2015-11-19 11:00:00,3.73,3.78,3.77,3.66,3.87,3.77,3.73,3.75,3.74,3.61,3.5,3.68,3.75,3.66,3.58,3.86,3.73
2015-11-19 12:00:00,3.74,3.83,3.82,3.68,3.85,3.8,3.67,3.77,3.74,3.61,3.55,3.68,3.77,3.68,3.59,3.86,3.75
2015-11-19 13:00:00,3.73,3.86,3.8,3.69,3.8,3.8,3.66,3.72,3.75,3.56,3.51,3.65,3.78,3.67,3.59,3.85,3.76
2015-11-19 14:00:00,3.71,3.85,3.79,3.65,3.8,3.75,3.65,3.73,3.76,3.57,3.48,3.64,3.79,3.65,3.56,3.77,3.74
2015-11-19 15:00:00,3.69,3.78,3.76,3.61,3.78,3.72,3.66,3.69,3.81,3.58,3.46,3.63,3.76,3.61,3.51,3.72,3.71
2015-11-19 16:00:00,3.68,3.78,3.76,3.59,3.77,3.67,3.69,3.67,3.82,3.59,3.49,3.61,3.74,3.6,3.47,3.71,3.7
2015-11-19 17:00:00,3.67,3.77,3.75,3.58,3.77,3.63,3.67,3.67,3.82,3.59,3.44,3.59,3.77,3.58,3.5,3.71,3.68
2015-11-19 18:00:00,3.66,3.75,3.73,3.6,3.75,3.63,3.7,3.63,3.79,3.64,3.44,3.58,3.76,3.56,3.5,3.7,3.69
2015-11-19 19:00:00,3.65,3.73,3.68,3.58,3.73,3.63,3.69,3.62,3.73,3.62,3.48,3.58,3.74,3.55,3.5,3.71,3.65
2015-11-19 20:00:00,3.64,3.69,3.65,3.56,3.72,3.63,3.68,3.6,3.77,3.65,3.47,3.58,3.71,3.54,3.5,3.69,3.61
2015-11-19 21:00:00,3.62,3.65,3.63,3.54,3.7,3.62,3.66,3.59,3.73,3.66,3.47,3.58,3.67,3.52,3.5,3.68,3.61
2015-11-19 22:00:00,3.6,3.59,3.66,3.51,3.67,3.62,3.62,3.58,3.7,3.64,3.45,3.56,3.65,3.5,3.5,3.67,3.6
2015-11-19 23:00:00,3.59,3.54,3.67,3.51,3.63,3.61,3.64,3.57,3.62,3.62,3.45,3.54,3.61,3.51,3.48,3.65,3.59
2015-11-20 00:00:00,3.56,3.51,3.65,3.5,3.59,3.57,3.6,3.57,3.58,3.64,3.45,3.52,3.56,3.52,3.45,3.62,3.57
2015-11-20 01:00:00,3.55,3.49,3.63,3.49,3.55,3.53,3.59,3.57,3.56,3.61,3.43,3.5,3.57,3.52,3.43,3.59,3.55
2015-11-20 02:00:00,3.52,3.47,3.61,3.48,3.52,3.48,3.57,3.56,3.54,3.57,3.41,3.49,3.55,3.48,3.41,3.54,3.54
2015-11-20 03:00:00,3.5,3.45,3.58,3.46,3.5,3.42,3.57,3.53,3.5,3.56,3.42,3.46,3.54,3.44,3.4,3.52,3.52
2015-11-20 04:00:00,3.49,3.45,3.58,3.46,3.48,3.42,3.56,3.51,3.49,3.55,3.39,3.45,3.48,3.41,3.39,3.51,3.5
2015-11-20 05:00:00,3.46,3.43,3.57,3.43,3.46,3.4,3.52,3.47,3.46,3.55,3.37,3.43,3.44,3.39,3.37,3.49,3.47
2015-11-20 06:00:00,3.43,3.42,3.54,3.4,3.44,3.39,3.46,3.45,3.44,3.54,3.36,3.4,3.4,3.36,3.35,3.48,3.46
2015-11-20 07:00:00,3.42,3.41,3.5,3.38,3.42,3.38,3.42,3.44,3.45,3.49,3.36,3.38,3.38,3.35,3.34,3.45,3.44
2015-11-20 08:00:00,3.41,3.4,3.52,3.39,3.42,3.38,3.4,3.44,3.47,3.4,3.36,3.37,3.38,3.36,3.34,3.45,3.45
2015-11-20 09:00:00,3.41,3.41,3.52,3.41,3.45,3.39,3.39,3.44,3.5,3.4,3.37,3.36,3.38,3.37,3.34,3.45,3.47
2015-11-20 10:00:00,3.42,3.44,3.52,3.42,3.46,3.4,3.38,3.45,3.51,3.39,3.33,3.35,3.39,3.37,3.34,3.45,3.45
2015-11-20 11:00:00,3.42,3.44,3.5,3.43,3.45,3.41,3.39,3.44,3.5,3.4,3.34,3.34,3.41,3.4,3.33,3.45,3.47
2015-11-20 12:00:00,3.41,3.42,3.44,3.41,3.43,3.4,3.38,3.44,3.49,3.39,3.31,3.32,3.41,3.41,3.32,3.46,3.47
2015-11-20 13:00:00,3.39,3.39,3.48,3.39,3.38,3.37,3.34,3.41,3.5,3.37,3.29,3.3,3.39,3.38,3.3,3.44,3.45
2015-11-20 14:00:00,3.36,3.37,3.44,3.37,3.37,3.34,3.33,3.4,3.48,3.35,3.28,3.26,3.37,3.35,3.25,3.4,3.39
2015-11-20 15:00:00,3.32,3.35,3.41,3.34,3.33,3.3,3.29,3.35,3.44,3.33,3.25,3.24,3.34,3.3,3.24,3.33,3.35
2015-11-20 16:00:00,3.29,3.32,3.36,3.32,3.3,3.26,3.27,3.31,3.41,3.31,3.19,3.21,3.32,3.25,3.21,3.29,3.33
2015-11-20 17:00:00,3.27,3.28,3.29,3.3,3.28,3.25,3.24,3.27,3.39,3.28,3.2,3.19,3.3,3.21,3.19,3.26,3.33
2015-11-20 18:00:00,3.25,3.26,3.27,3.27,3.25,3.24,3.22,3.24,3.4,3.26,3.19,3.19,3.28,3.18,3.18,3.25,3.3
2015-11-20 19:00:00,3.23,3.24,3.26,3.25,3.22,3.22,3.2,3.24,3.39,3.24,3.18,3.18,3.25,3.19,3.17,3.23,3.28
2015-11-20 20:00:00,3.22,3.23,3.24,3.23,3.23,3.22,3.19,3.24,3.36,3.23,3.18,3.16,3.23,3.18,3.15,3.2,3.28
2015-11-20 21:00:00,3.2,3.21,3.2,3.21,3.2,3.21,3.16,3.22,3.33,3.21,3.16,3.13,3.21,3.2,3.15,3.19,3.26
2015-11-20 22:00:00,3.18,3.19,3.21,3.19,3.19,3.19,3.14,3.21,3.31,3.2,3.14,3.12,3.17,3.19,3.14,3.16,3.23
2015-11-20 23:00:00,3.16,3.16,3.2,3.17,3.17,3.17,3.12,3.2,3.29,3.19,3.12,3.11,3.15,3.19,3.13,3.14,3.21
2015-11-21 00:00:00,3.15,3.14,3.19,3.15,3.17,3.15,3.1,3.19,3.27,3.18,3.11,3.1,3.13,3.16,3.12,3.14,3.19
2015-11-21 01:00:00,3.14,3.13,3.19,3.14,3.16,3.14,3.08,3.18,3.26,3.17,3.11,3.07,3.12,3.14,3.1,3.12,3.19
2015-11-21 02:00:00,3.13,3.11,3.2,3.14,3.15,3.13,3.05,3.17,3.23,3.15,3.1,3.07,3.11,3.13,3.09,3.12,3.17
2015-11-21 03:00:00,3.11,3.09,3.16,3.13,3.14,3.13,3.03,3.16,3.19,3.11,3.08,3.06,3.11,3.11,3.07,3.12,3.17
2015-11-21 04:00:00,3.1,3.07,3.15,3.12,3.14,3.12,3.02,3.14,3.17,3.08,3.06,3.06,3.09,3.09,3.06,3.11,3.17
2015-11-21 05:00:00,3.09,3.06,3.14,3.1,3.15,3.11,3.0,3.14,3.15,3.06,3.06,3.06,3.07,3.08,3.05,3.12,3.15
2015-11-21 06:00:00,3.08,3.04,3.13,3.09,3.14,3.1,3.0,3.13,3.13,3.05,3.06,3.05,3.05,3.08,3.04,3.11,3.13
2015-11-21 07:00:00,3.07,3.04,3.12,3.09,3.13,3.1,2.99,3.14,3.11,3.04,3.05,3.03,3.02,3.08,3.03,3.1,3.11
2015-11-21 08:00:00,3.08,3.05,3.15,3.09,3.13,3.1,3.0,3.14,3.13,3.04,3.04,3.03,3.04,3.08,3.05,3.11,3.13
2015-11-21 09:00:00,3.1,3.09,3.15,3.1,3.14,3.11,3.01,3.15,3.14,3.05,3.06,3.09,3.07,3.1,3.08,3.12,3.14
2015-11-21 10:00:00,3.1,3.09,3.17,3.11,3.17,3.11,3.02,3.15,3.14,3.05,3.07,3.12,3.07,3.11,3.07,3.12,3.15
2015-11-21 11:00:00,3.11,3.1,3.15,3.13,3.17,3.12,3.03,3.16,3.13,3.06,3.06,3.13,3.07,3.12,3.08,3.12,3.15
2015-11-21 12:00:00,3.11,3.07,3.18,3.14,3.17,3.12,3.02,3.16,3.12,3.07,3.05,3.12,3.07,3.11,3.06,3.13,3.15
2015-11-21 13:00:00,3.1,3.06,3.13,3.13,3.17,3.11,3.01,3.14,3.11,3.07,3.04,3.12,3.06,3.11,3.05,3.12,3.15
2015-11-21 14:00:00,3.07,3.05,3.11,3.11,3.16,3.08,3.0,3.13,3.04,3.06,3.02,3.1,3.02,3.07,3.03,3.09,3.14
2015-11-21 15:00:00,3.05,2.99,3.08,3.08,3.13,3.05,2.98,3.1,3.01,3.03,3.0,3.07,3.0,3.03,3.02,3.06,3.12
2015-11-21 16:00:00,3.02,2.92,3.08,3.07,3.09,3.01,2.97,3.09,2.96,3.01,3.0,3.05,2.98,3.02,3.02,3.04,3.1
2015-11-21 17:00:00,3.0,2.86,3.07,3.05,3.05,3.0,2.97,3.08,2.93,2.99,2.99,3.04,2.97,3.0,3.01,3.01,3.03
2015-11-21 18:00:00,2.98,2.85,3.05,3.03,3.04,3.0,2.96,3.05,2.92,2.99,2.99,3.0,2.94,2.98,3.0,2.97,3.03
2015-11-21 19:00:00,2.97,2.82,3.03,3.0,3.04,2.98,2.95,3.02,2.93,2.98,2.98,2.99,2.95,2.97,2.98,2.95,3.04
2015-11-21 20:00:00,2.96,2.81,2.99,2.99,3.02,2.97,2.95,3.02,2.91,2.98,2.97,2.98,2.93,2.96,2.97,2.93,3.03
2015-11-21 21:00:00,2.95,2.79,2.97,2.96,3.01,2.96,2.94,3.01,2.88,2.98,2.97,2.98,2.93,2.96,2.97,2.9,3.02
2015-11-21 22:00:00,2.94,2.84,2.96,2.96,3.0,2.94,2.93,2.98,2.84,2.97,2.97,2.98,2.92,2.96,2.96,2.92,3.03
2015-11-21 23:00:00,2.94,2.85,2.96,2.96,2.98,2.92,2.93,2.97,2.83,2.97,2.95,2.97,2.91,2.95,2.96,2.91,3.03
2015-11-22 00:00:00,2.94,2.85,2.97,2.97,2.96,2.91,2.93,2.97,2.82,2.96,2.95,2.98,2.91,2.95,2.95,2.9,3.05
2015-11-22 01:00:00,2.93,2.84,2.97,2.98,2.92,2.89,2.93,2.98,2.79,2.95,2.95,2.97,2.9,2.93,2.95,2.89,3.04
2015-11-22 02:00:00,2.92,2.81,2.98,2.98,2.89,2.89,2.93,2.98,2.77,2.95,2.95,2.97,2.87,2.92,2.96,2.87,3.04
2015-11-22 03:00:00,2.91,2.78,2.98,2.97,2.87,2.88,2.92,2.97,2.76,2.93,2.95,2.96,2.87,2.9,2.96,2.87,3.03
2015-11-22 04:00:00,2.9,2.76,2.98,2.97,2.87,2.87,2.91,2.96,2.77,2.93,2.94,2.95,2.85,2.9,2.95,2.86,3.01
2015-11-22 05:00:00,2.9,2.78,2.96,2.97,2.87,2.85,2.9,2.97,2.78,2.93,2.94,2.96,2.84,2.9,2.95,2.85,3.0
2015-11-22 06:00:00,2.9,2.77,2.96,2.97,2.88,2.85,2.9,2.96,2.78,2.92,2.95,2.95,2.83,2.9,2.95,2.85,2.99
2015-11-22 07:00:00,2.9,2.78,2.93,2.97,2.88,2.85,2.9,2.96,2.8,2.92,2.95,2.96,2.84,2.91,2.94,2.83,2.98
2015-11-22 08:00:00,2.91,2.8,2.93,2.99,2.89,2.87,2.92,2.98,2.82,2.91,2.95,2.97,2.86,2.93,2.94,2.85,2.98
2015-11-22 09:00:00,2.93,2.84,2.97,2.99,2.89,2.89,2.93,2.98,2.87,2.9,2.96,2.99,2.9,2.94,2.95,2.88,3.0
2015-11-22 10:00:00,2.95,2.88,3.0,3.01,2.88,2.91,2.93,2.99,2.94,2.91,2.98,3.0,2.93,2.95,2.97,2.89,3.01
2015-11-22 11:00:00,2.96,2.89,3.0,3.03,2.87,2.93,2.94,3.0,2.97,2.92,2.98,3.01,2.95,2.95,2.98,2.9,3.0
2015-11-22 12:00:00,2.96,2.89,3.04,3.03,2.87,2.94,2.93,3.01,2.98,2.92,2.99,3.02,2.95,2.95,2.99,2.9,2.99
2015-11-22 13:00:00,2.96,2.88,3.01,3.04,2.85,2.94,2.93,3.0,2.99,2.93,2.98,3.02,2.96,2.96,3.0,2.89,2.98
2015-11-22 14:00:00,2.95,2.87,2.99,3.02,2.84,2.92,2.91,2.99,2.96,2.93,2.96,3.01,2.95,2.93,3.0,2.88,2.97
2015-11-22 15:00:00,2.92,2.81,2.96,3.01,2.82,2.9,2.9,2.97,2.94,2.92,2.96,2.99,2.93,2.9,2.93,2.85,2.95
2015-11-22 16:00:00,2.9,2.76,2.94,2.99,2.78,2.89,2.88,2.95,2.92,2.9,2.96,2.98,2.91,2.86,2.91,2.83,2.94
2015-11-22 17:00:00,2.88,2.74,2.93,2.97,2.76,2.88,2.86,2.94,2.88,2.88,2.96,2.96,2.9,2.86,2.91,2.81,2.92
2015-11-22 18:00:00,2.87,2.72,2.91,2.95,2.73,2.88,2.85,2.91,2.88,2.86,2.96,2.95,2.9,2.83,2.92,2.77,2.92
2015-11-22 19:00:00,2.85,2.69,2.89,2.93,2.7,2.84,2.82,2.9,2.87,2.84,2.95,2.95,2.88,2.81,2.92,2.75,2.91
2015-11-22 20:00:00,2.83,2.68,2.87,2.92,2.68,2.83,2.81,2.89,2.83,2.83,2.93,2.95,2.87,2.81,2.91,2.73,2.87
2015-11-22 21:00:00,2.82,2.69,2.84,2.91,2.66,2.81,2.79,2.87,2.79,2.82,2.95,2.94,2.85,2.8,2.91,2.71,2.86
2015-11-22 22:00:00,2.8,2.67,2.8,2.88,2.65,2.78,2.76,2.85,2.74,2.8,2.95,2.93,2.84,2.79,2.91,2.69,2.87
2015-11-22 23:00:00,2.79,2.66,2.76,2.85,2.64,2.75,2.76,2.84,2.73,2.79,2.93,2.91,2.83,2.75,2.91,2.67,2.87
2015-11-23 00:00:00,2.77,2.64,2.73,2.82,2.61,2.73,2.77,2.83,2.72,2.76,2.93,2.89,2.82,2.75,2.91,2.66,2.86
2015-11-23 01:00:00,2.77,2.65,2.7,2.8,2.61,2.73,2.78,2.82,2.71,2.76,2.92,2.89,2.8,2.79,2.91,2.64,2.85
2015-11-23 02:00:00,2.76,2.63,2.69,2.79,2.61,2.73,2.79,2.8,2.7,2.75,2.91,2.88,2.79,2.76,2.91,2.63,2.85
2015-11-23 03:00:00,2.75,2.62,2.64,2.8,2.62,2.72,2.79,2.79,2.68,2.76,2.92,2.87,2.78,2.78,2.9,2.63,2.85
2015-11-23 04:00:00,2.74,2.61,2.62,2.8,2.62,2.7,2.79,2.76,2.64,2.77,2.91,2.86,2.76,2.77,2.88,2.62,2.85
2015-11-23 05:00:00,2.73,2.6,2.6,2.79,2.63,2.68,2.79,2.74,2.67,2.77,2.91,2.85,2.74,2.76,2.87,2.61,2.85
2015-11-23 06:00:00,2.72,2.6,2.61,2.78,2.63,2.67,2.77,2.73,2.66,2.77,2.91,2.84,2.72,2.75,2.86,2.6,2.84
2015-11-23 07:00:00,2.73,2.63,2.64,2.78,2.63,2.68,2.77,2.72,2.67,2.78,2.9,2.84,2.74,2.73,2.84,2.62,2.87
2015-11-23 08:00:00,2.76,2.69,2.65,2.79,2.67,2.73,2.8,2.76,2.74,2.81,2.88,2.85,2.79,2.76,2.83,2.66,2.88
2015-11-23 09:00:00,2.79,2.72,2.65,2.81,2.69,2.79,2.83,2.79,2.81,2.83,2.87,2.86,2.83,2.81,2.83,2.69,2.89
2015-11-23 10:00:00,2.81,2.74,2.66,2.83,2.71,2.83,2.84,2.82,2.82,2.84,2.89,2.87,2.87,2.87,2.85,2.73,2.9
2015-11-23 11:00:00,2.84,2.76,2.67,2.87,2.74,2.85,2.87,2.84,2.85,2.86,2.9,2.88,2.89,2.89,2.84,2.77,2.9
2015-11-23 12:00:00,2.84,2.76,2.67,2.88,2.75,2.86,2.89,2.85,2.86,2.86,2.87,2.88,2.89,2.88,2.83,2.79,2.9
2015-11-23 13:00:00,2.84,2.77,2.68,2.87,2.77,2.87,2.89,2.86,2.86,2.87,2.86,2.87,2.87,2.89,2.82,2.79,2.89
2015-11-23 14:00:00,2.82,2.76,2.66,2.85,2.77,2.84,2.85,2.84,2.78,2.86,2.82,2.88,2.86,2.87,2.8,2.78,2.91
2015-11-23 15:00:00,2.79,2.74,2.67,2.8,2.76,2.79,2.81,2.79,2.75,2.84,2.79,2.87,2.82,2.81,2.77,2.74,2.89
2015-11-23 16:00:00,2.77,2.74,2.66,2.77,2.76,2.77,2.77,2.75,2.71,2.8,2.76,2.86,2.8,2.76,2.75,2.74,2.86
2015-11-23 17:00:00,2.75,2.74,2.67,2.76,2.75,2.74,2.72,2.73,2.75,2.78,2.75,2.85,2.77,2.76,2.74,2.73,2.85
2015-11-23 18:00:00,2.75,2.72,2.67,2.75,2.76,2.74,2.71,2.73,2.77,2.78,2.72,2.85,2.78,2.76,2.73,2.74,2.82
2015-11-23 19:00:00,2.74,2.71,2.67,2.75,2.76,2.75,2.71,2.72,2.73,2.74,2.69,2.83,2.76,2.73,2.73,2.74,2.79
2015-11-23 20:00:00,2.74,2.7,2.68,2.75,2.77,2.76,2.73,2.71,2.76,2.74,2.69,2.83,2.75,2.73,2.72,2.73,2.78
2015-11-23 21:00:00,2.74,2.72,2.68,2.74,2.75,2.76,2.72,2.7,2.75,2.76,2.68,2.82,2.75,2.74,2.72,2.74,2.76
2015-11-23 22:00:00,2.73,2.73,2.69,2.74,2.73,2.76,2.69,2.72,2.73,2.77,2.66,2.81,2.74,2.71,2.71,2.74,2.76
2015-11-23 23:00:00,2.73,2.73,2.7,2.73,2.71,2.76,2.7,2.72,2.72,2.76,2.65,2.81,2.74,2.72,2.71,2.74,2.76
2015-11-24 00:00:00,2.73,2.73,2.71,2.74,2.68,2.75,2.68,2.73,2.72,2.75,2.65,2.81,2.72,2.72,2.71,2.75,2.77
2015-11-24 01:00:00,2.73,2.73,2.73,2.74,2.69,2.74,2.67,2.73,2.74,2.73,2.64,2.8,2.73,2.72,2.71,2.76,2.77
2015-11-24 02:00:00,2.72,2.7,2.73,2.74,2.68,2.74,2.66,2.71,2.75,2.75,2.64,2.79,2.72,2.71,2.72,2.76,2.78
2015-11-24 03:00:00,2.71,2.67,2.74,2.73,2.67,2.75,2.64,2.69,2.77,2.75,2.65,2.78,2.72,2.7,2.71,2.75,2.79
2015-11-24 04:00:00,2.71,2.65,2.74,2.72,2.66,2.74,2.61,2.7,2.74,2.72,2.66,2.78,2.73,2.67,2.71,2.74,2.8
2015-11-24 05:00:00,2.7,2.61,2.75,2.71,2.66,2.74,2.59,2.71,2.73,2.69,2.66,2.77,2.73,2.66,2.71,2.73,2.8
2015-11-24 06:00:00,2.7,2.58,2.76,2.73,2.66,2.74,2.58,2.7,2.68,2.66,2.66,2.78,2.73,2.68,2.71,2.72,2.81
2015-11-24 07:00:00,2.7,2.59,2.77,2.73,2.65,2.74,2.59,2.7,2.67,2.69,2.67,2.78,2.71,2.68,2.71,2.72,2.81
2015-11-24 08:00:00,2.72,2.65,2.77,2.72,2.68,2.75,2.64,2.72,2.72,2.72,2.67,2.8,2.74,2.7,2.71,2.74,2.83
2015-11-24 09:00:00,2.76,2.74,2.79,2.73,2.74,2.77,2.69,2.75,2.77,2.74,2.67,2.82,2.78,2.71,2.72,2.77,2.86
2015-11-24 10:00:00,2.78,2.79,2.81,2.75,2.79,2.78,2.71,2.77,2.81,2.77,2.67,2.84,2.82,2.74,2.73,2.8,2.89
2015-11-24 11:00:00,2.8,2.83,2.83,2.75,2.83,2.8,2.74,2.76,2.84,2.77,2.69,2.85,2.83,2.75,2.76,2.83,2.92
2015-11-24 12:00:00,2.81,2.84,2.81,2.74,2.86,2.81,2.74,2.77,2.85,2.77,2.69,2.86,2.85,2.77,2.76,2.85,2.93
2015-11-24 13:00:00,2.81,2.84,2.83,2.76,2.87,2.81,2.75,2.77,2.86,2.75,2.69,2.87,2.84,2.76,2.76,2.86,2.93
2015-11-24 14:00:00,2.79,2.81,2.81,2.73,2.85,2.78,2.73,2.76,2.84,2.74,2.68,2.87,2.82,2.73,2.74,2.84,2.93
2015-11-24 15:00:00,2.75,2.75,2.78,2.72,2.8,2.72,2.66,2.73,2.79,2.68,2.68,2.86,2.76,2.68,2.73,2.78,2.91
2015-11-24 16:00:00,2.71,2.7,2.74,2.71,2.77,2.67,2.61,2.71,2.72,2.64,2.67,2.85,2.71,2.64,2.71,2.74,2.9
2015-11-24 17:00:00,2.69,2.67,2.73,2.7,2.75,2.66,2.58,2.68,2.69,2.61,2.66,2.85,2.69,2.62,2.71,2.72,2.91
2015-11-24 18:00:00,2.68,2.63,2.72,2.69,2.74,2.64,2.56,2.67,2.71,2.58,2.65,2.85,2.67,2.59,2.7,2.7,2.9
2015-11-24 19:00:00,2.66,2.63,2.7,2.68,2.74,2.63,2.54,2.65,2.66,2.57,2.64,2.85,2.65,2.57,2.7,2.68,2.9
2015-11-24 20:00:00,2.65,2.61,2.68,2.65,2.75,2.61,2.52,2.63,2.64,2.55,2.62,2.85,2.62,2.56,2.69,2.67,2.9
2015-11-24 21:00:00,2.64,2.6,2.67,2.62,2.75,2.6,2.51,2.62,2.59,2.54,2.59,2.85,2.62,2.56,2.68,2.66,2.9
2015-11-24 22:00:00,2.63,2.61,2.65,2.61,2.75,2.59,2.49,2.61,2.66,2.52,2.57,2.84,2.61,2.55,2.68,2.66,2.9
2015-11-24 23:00:00,2.61,2.6,2.62,2.58,2.75,2.59,2.47,2.6,2.67,2.52,2.56,2.83,2.6,2.55,2.67,2.64,2.89
2015-11-25 00:00:00,2.61,2.58,2.63,2.58,2.74,2.58,2.46,2.59,2.67,2.5,2.55,2.82,2.59,2.53,2.67,2.64,2.88
2015-11-25 01:00:00,2.6,2.57,2.62,2.56,2.73,2.59,2.45,2.57,2.68,2.49,2.55,2.8,2.6,2.52,2.65,2.63,2.88
2015-11-25 02:00:00,2.6,2.59,2.62,2.55,2.72,2.59,2.43,2.57,2.68,2.48,2.54,2.78,2.61,2.53,2.63,2.62,2.87
2015-11-25 03:00:00,2.59,2.59,2.61,2.55,2.73,2.59,2.42,2.57,2.68,2.47,2.52,2.77,2.59,2.52,2.61,2.62,2.86
2015-11-25 04:00:00,2.58,2.58,2.6,2.54,2.73,2.58,2.41,2.56,2.69,2.46,2.54,2.76,2.59,2.51,2.6,2.61,2.86
2015-11-25 05:00:00,2.59,2.59,2.6,2.55,2.74,2.57,2.44,2.55,2.69,2.45,2.58,2.75,2.61,2.5,2.59,2.63,2.85
2015-11-25 06:00:00,2.59,2.63,2.6,2.54,2.75,2.57,2.42,2.54,2.69,2.46,2.56,2.74,2.64,2.49,2.59,2.64,2.84
2015-11-25 07:00:00,2.61,2.67,2.61,2.56,2.75,2.58,2.44,2.56,2.72,2.5,2.57,2.75,2.66,2.52,2.6,2.66,2.83
2015-11-25 08:00:00,2.66,2.72,2.65,2.6,2.76,2.65,2.54,2.62,2.76,2.57,2.61,2.76,2.72,2.55,2.63,2.69,2.84
2015-11-25 09:00:00,2.71,2.74,2.7,2.65,2.79,2.72,2.61,2.67,2.82,2.65,2.66,2.78,2.79,2.61,2.67,2.73,2.84
2015-11-25 10:00:00,2.75,2.77,2.74,2.68,2.82,2.77,2.7,2.72,2.86,2.72,2.7,2.8,2.84,2.66,2.71,2.76,2.85
2015-11-25 11:00:00,2.79,2.81,2.77,2.7,2.85,2.82,2.74,2.74,2.91,2.8,2.72,2.81,2.87,2.71,2.74,2.79,2.87
2015-11-25 12:00:00,2.81,2.83,2.78,2.7,2.86,2.84,2.78,2.76,2.9,2.83,2.73,2.82,2.9,2.74,2.76,2.81,2.88
2015-11-25 13:00:00,2.81,2.83,2.79,2.69,2.87,2.85,2.78,2.76,2.91,2.81,2.72,2.83,2.9,2.74,2.76,2.83,2.89
2015-11-25 14:00:00,2.79,2.84,2.8,2.67,2.88,2.82,2.76,2.73,2.9,2.78,2.68,2.83,2.88,2.71,2.73,2.83,2.89
2015-11-25 15:00:00,2.77,2.83,2.79,2.63,2.88,2.8,2.69,2.69,2.89,2.7,2.65,2.83,2.85,2.66,2.72,2.82,2.9
2015-11-25 16:00:00,2.75,2.82,2.8,2.62,2.88,2.78,2.63,2.68,2.86,2.66,2.63,2.83,2.86,2.62,2.72,2.83,2.91
2015-11-25 17:00:00,2.75,2.82,2.81,2.62,2.88,2.78,2.6,2.68,2.87,2.63,2.63,2.82,2.85,2.6,2.72,2.83,2.92
2015-11-25 18:00:00,2.74,2.82,2.82,2.62,2.88,2.79,2.59,2.67,2.88,2.62,2.62,2.83,2.84,2.59,2.72,2.84,2.93
2015-11-25 19:00:00,2.74,2.82,2.84,2.6,2.89,2.79,2.55,2.66,2.9,2.62,2.6,2.84,2.83,2.58,2.73,2.84,2.94
2015-11-25 20:00:00,2.74,2.82,2.84,2.59,2.9,2.8,2.53,2.65,2.89,2.61,2.58,2.84,2.82,2.57,2.73,2.85,2.96
2015-11-25 21:00:00,2.73,2.83,2.85,2.58,2.91,2.79,2.52,2.64,2.9,2.58,2.58,2.85,2.82,2.55,2.73,2.85,2.97
2015-11-25 22:00:00,2.73,2.83,2.85,2.57,2.92,2.8,2.51,2.62,2.89,2.57,2.57,2.86,2.82,2.54,2.72,2.85,2.98
2015-11-25 23:00:00,2.72,2.84,2.85,2.56,2.93,2.79,2.5,2.61,2.89,2.56,2.56,2.87,2.81,2.53,2.72,2.86,2.99
