hour,PL,PL dolnośląskie,PL kujawsko-pomorskie,PL lubelskie,PL lubuskie,PL łódzkie,PL małopolskie,PL mazowieckie,PL opolskie,PL podkarpackie,PL podlaskie,PL pomorskie,PL śląskie,PL świętokrzyskie,PL warmińsko-mazurskie,PL wielkopolskie,PL zachodniopomorskie
2013-01-05 00:00:00,0.875,0.875,0.875,0.875,0.875,0.875,0.875,0.875,0.875,0.875,0.875,0.875,0.875,0.875,0.875,0.875,0.875
2013-01-05 01:00:00,0.835,0.835,0.835,0.835,0.835,0.835,0.835,0.835,0.835,0.835,0.835,0.835,0.835,0.835,0.835,0.835,0.835
2013-01-05 02:00:00,0.815,0.815,0.815,0.815,0.815,0.815,0.815,0.815,0.815,0.815,0.815,0.815,0.815,0.815,0.815,0.815,0.815
2013-01-05 03:00:00,0.809,0.809,0.809,0.809,0.809,0.809,0.809,0.809,0.809,0.809,0.809,0.809,0.809,0.809,0.809,0.809,0.809
2013-01-05 04:00:00,0.811,0.811,0.811,0.811,0.811,0.811,0.811,0.811,0.811,0.811,0.811,0.811,0.811,0.811,0.811,0.811,0.811
2013-01-05 05:00:00,0.821,0.821,0.821,0.821,0.821,0.821,0.821,0.821,0.821,0.821,0.821,0.821,0.821,0.821,0.821,0.821,0.821
2013-01-05 06:00:00,0.857,0.857,0.857,0.857,0.857,0.857,0.857,0.857,0.857,0.857,0.857,0.857,0.857,0.857,0.857,0.857,0.857
2013-01-05 07:00:00,0.894,0.894,0.894,0.894,0.894,0.894,0.894,0.894,0.894,0.894,0.894,0.894,0.894,0.894,0.894,0.894,0.894
2013-01-05 08:00:00,0.935,0.935,0.935,0.935,0.935,0.935,0.935,0.935,0.935,0.935,0.935,0.935,0.935,0.935,0.935,0.935,0.935
2013-01-05 09:00:00,0.988,0.988,0.988,0.988,0.988,0.988,0.988,0.988,0.988,0.988,0.988,0.988,0.988,0.988,0.988,0.988,0.988
2013-01-05 10:00:00,1.023,1.023,1.023,1.023,1.023,1.023,1.023,1.023,1.023,1.023,1.023,1.023,1.023,1.023,1.023,1.023,1.023
2013-01-05 11:00:00,1.045,1.045,1.045,1.045,1.045,1.045,1.045,1.045,1.045,1.045,1.045,1.045,1.045,1.045,1.045,1.045,1.045
2013-01-05 12:00:00,1.05,1.05,1.05,1.05,1.05,1.05,1.05,1.05,1.05,1.05,1.05,1.05,1.05,1.05,1.05,1.05,1.05
2013-01-05 13:00:00,1.06,1.06,1.06,1.06,1.06,1.06,1.06,1.06,1.06,1.06,1.06,1.06,1.06,1.06,1.06,1.06,1.06
2013-01-05 14:00:00,1.048,1.048,1.048,1.048,1.048,1.048,1.048,1.048,1.048,1.048,1.048,1.048,1.048,1.048,1.048,1.048,1.048
2013-01-05 15:00:00,1.052,1.052,1.052,1.052,1.052,1.052,1.052,1.052,1.052,1.052,1.052,1.052,1.052,1.052,1.052,1.052,1.052
2013-01-05 16:00:00,1.122,1.122,1.122,1.122,1.122,1.122,1.122,1.122,1.122,1.122,1.122,1.122,1.122,1.122,1.122,1.122,1.122
2013-01-05 17:00:00,1.134,1.134,1.134,1.134,1.134,1.134,1.134,1.134,1.134,1.134,1.134,1.134,1.134,1.134,1.134,1.134,1.134
2013-01-05 18:00:00,1.121,1.121,1.121,1.121,1.121,1.121,1.121,1.121,1.121,1.121,1.121,1.121,1.121,1.121,1.121,1.121,1.121
2013-01-05 19:00:00,1.108,1.108,1.108,1.108,1.108,1.108,1.108,1.108,1.108,1.108,1.108,1.108,1.108,1.108,1.108,1.108,1.108
2013-01-05 20:00:00,1.074,1.074,1.074,1.074,1.074,1.074,1.074,1.074,1.074,1.074,1.074,1.074,1.074,1.074,1.074,1.074,1.074
2013-01-05 21:00:00,1.013,1.013,1.013,1.013,1.013,1.013,1.013,1.013,1.013,1.013,1.013,1.013,1.013,1.013,1.013,1.013,1.013
2013-01-05 22:00:00,0.954,0.954,0.954,0.954,0.954,0.954,0.954,0.954,0.954,0.954,0.954,0.954,0.954,0.954,0.954,0.954,0.954
2013-01-05 23:00:00,0.887,0.887,0.887,0.887,0.887,0.887,0.887,0.887,0.887,0.887,0.887,0.887,0.887,0.887,0.887,0.887,0.887
2013-01-06 00:00:00,0.82,0.82,0.82,0.82,0.82,0.82,0.82,0.82,0.82,0.82,0.82,0.82,0.82,0.82,0.82,0.82,0.82
2013-01-06 01:00:00,0.777,0.777,0.777,0.777,0.777,0.777,0.777,0.777,0.777,0.777,0.777,0.777,0.777,0.777,0.777,0.777,0.777
2013-01-06 02:00:00,0.753,0.753,0.753,0.753,0.753,0.753,0.753,0.753,0.753,0.753,0.753,0.753,0.753,0.753,0.753,0.753,0.753
2013-01-06 03:00:00,0.743,0.743,0.743,0.743,0.743,0.743,0.743,0.743,0.743,0.743,0.743,0.743,0.743,0.743,0.743,0.743,0.743
2013-01-06 04:00:00,0.742,0.742,0.742,0.742,0.742,0.742,0.742,0.742,0.742,0.742,0.742,0.742,0.742,0.742,0.742,0.742,0.742
2013-01-06 05:00:00,0.741,0.741,0.741,0.741,0.741,0.741,0.741,0.741,0.741,0.741,0.741,0.741,0.741,0.741,0.741,0.741,0.741
2013-01-06 06:00:00,0.748,0.748,0.748,0.748,0.748,0.748,0.748,0.748,0.748,0.748,0.748,0.748,0.748,0.748,0.748,0.748,0.748
2013-01-06 07:00:00,0.761,0.761,0.761,0.761,0.761,0.761,0.761,0.761,0.761,0.761,0.761,0.761,0.761,0.761,0.761,0.761,0.761
2013-01-06 08:00:00,0.78,0.78,0.78,0.78,0.78,0.78,0.78,0.78,0.78,0.78,0.78,0.78,0.78,0.78,0.78,0.78,0.78
2013-01-06 09:00:00,0.829,0.829,0.829,0.829,0.829,0.829,0.829,0.829,0.829,0.829,0.829,0.829,0.829,0.829,0.829,0.829,0.829
2013-01-06 10:00:00,0.869,0.869,0.869,0.869,0.869,0.869,0.869,0.869,0.869,0.869,0.869,0.869,0.869,0.869,0.869,0.869,0.869
2013-01-06 11:00:00,0.898,0.898,0.898,0.898,0.898,0.898,0.898,0.898,0.898,0.898,0.898,0.898,0.898,0.898,0.898,0.898,0.898
2013-01-06 12:00:00,0.914,0.914,0.914,0.914,0.914,0.914,0.914,0.914,0.914,0.914,0.914,0.914,0.914,0.914,0.914,0.914,0.914
2013-01-06 13:00:00,0.935,0.935,0.935,0.935,0.935,0.935,0.935,0.935,0.935,0.935,0.935,0.935,0.935,0.935,0.935,0.935,0.935
2013-01-06 14:00:00,0.925,0.925,0.925,0.925,0.925,0.925,0.925,0.925,0.925,0.925,0.925,0.925,0.925,0.925,0.925,0.925,0.925
2013-01-06 15:00:00,0.922,0.922,0.922,0.922,0.922,0.922,0.922,0.922,0.922,0.922,0.922,0.922,0.922,0.922,0.922,0.922,0.922
2013-01-06 16:00:00,0.989,0.989,0.989,0.989,0.989,0.989,0.989,0.989,0.989,0.989,0.989,0.989,0.989,0.989,0.989,0.989,0.989
2013-01-06 17:00:00,1.013,1.013,1.013,1.013,1.013,1.013,1.013,1.013,1.013,1.013,1.013,1.013,1.013,1.013,1.013,1.013,1.013
2013-01-06 18:00:00,1.02,1.02,1.02,1.02,1.02,1.02,1.02,1.02,1.02,1.02,1.02,1.02,1.02,1.02,1.02,1.02,1.02
2013-01-06 19:00:00,1.029,1.029,1.029,1.029,1.029,1.029,1.029,1.029,1.029,1.029,1.029,1.029,1.029,1.029,1.029,1.029,1.029
2013-01-06 20:00:00,1.004,1.004,1.004,1.004,1.004,1.004,1.004,1.004,1.004,1.004,1.004,1.004,1.004,1.004,1.004,1.004,1.004
2013-01-06 21:00:00,0.959,0.959,0.959,0.959,0.959,0.959,0.959,0.959,0.959,0.959,0.959,0.959,0.959,0.959,0.959,0.959,0.959
2013-01-06 22:00:00,0.909,0.909,0.909,0.909,0.909,0.909,0.909,0.909,0.909,0.909,0.909,0.909,0.909,0.909,0.909,0.909,0.909
2013-01-06 23:00:00,0.844,0.844,0.844,0.844,0.844,0.844,0.844,0.844,0.844,0.844,0.844,0.844,0.844,0.844,0.844,0.844,0.844
2013-01-07 00:00:00,0.789,0.789,0.789,0.789,0.789,0.789,0.789,0.789,0.789,0.789,0.789,0.789,0.789,0.789,0.789,0.789,0.789
2013-01-07 01:00:00,0.761,0.761,0.761,0.761,0.761,0.761,0.761,0.761,0.761,0.761,0.761,0.761,0.761,0.761,0.761,0.761,0.761
2013-01-07 02:00:00,0.752,0.752,0.752,0.752,0.752,0.752,0.752,0.752,0.752,0.752,0.752,0.752,0.752,0.752,0.752,0.752,0.752
2013-01-07 03:00:00,0.75,0.75,0.75,0.75,0.75,0.75,0.75,0.75,0.75,0.75,0.75,0.75,0.75,0.75,0.75,0.75,0.75
2013-01-07 04:00:00,0.773,0.773,0.773,0.773,0.773,0.773,0.773,0.773,0.773,0.773,0.773,0.773,0.773,0.773,0.773,0.773,0.773
2013-01-07 05:00:00,0.827,0.827,0.827,0.827,0.827,0.827,0.827,0.827,0.827,0.827,0.827,0.827,0.827,0.827,0.827,0.827,0.827
2013-01-07 06:00:00,0.988,0.988,0.988,0.988,0.988,0.988,0.988,0.988,0.988,0.988,0.988,0.988,0.988,0.988,0.988,0.988,0.988
2013-01-07 07:00:00,1.115,1.115,1.115,1.115,1.115,1.115,1.115,1.115,1.115,1.115,1.115,1.115,1.115,1.115,1.115,1.115,1.115
2013-01-07 08:00:00,1.155,1.155,1.155,1.155,1.155,1.155,1.155,1.155,1.155,1.155,1.155,1.155,1.155,1.155,1.155,1.155,1.155
2013-01-07 09:00:00,1.19,1.19,1.19,1.19,1.19,1.19,1.19,1.19,1.19,1.19,1.19,1.19,1.19,1.19,1.19,1.19,1.19
2013-01-07 10:00:00,1.192,1.192,1.192,1.192,1.192,1.192,1.192,1.192,1.192,1.192,1.192,1.192,1.192,1.192,1.192,1.192,1.192
2013-01-07 11:00:00,1.206,1.206,1.206,1.206,1.206,1.206,1.206,1.206,1.206,1.206,1.206,1.206,1.206,1.206,1.206,1.206,1.206
2013-01-07 12:00:00,1.208,1.208,1.208,1.208,1.208,1.208,1.208,1.208,1.208,1.208,1.208,1.208,1.208,1.208,1.208,1.208,1.208
2013-01-07 13:00:00,1.22,1.22,1.22,1.22,1.22,1.22,1.22,1.22,1.22,1.22,1.22,1.22,1.22,1.22,1.22,1.22,1.22
2013-01-07 14:00:00,1.209,1.209,1.209,1.209,1.209,1.209,1.209,1.209,1.209,1.209,1.209,1.209,1.209,1.209,1.209,1.209,1.209
2013-01-07 15:00:00,1.208,1.208,1.208,1.208,1.208,1.208,1.208,1.208,1.208,1.208,1.208,1.208,1.208,1.208,1.208,1.208,1.208
2013-01-07 16:00:00,1.27,1.27,1.27,1.27,1.27,1.27,1.27,1.27,1.27,1.27,1.27,1.27,1.27,1.27,1.27,1.27,1.27
2013-01-07 17:00:00,1.28,1.28,1.28,1.28,1.28,1.28,1.28,1.28,1.28,1.28,1.28,1.28,1.28,1.28,1.28,1.28,1.28
2013-01-07 18:00:00,1.264,1.264,1.264,1.264,1.264,1.264,1.264,1.264,1.264,1.264,1.264,1.264,1.264,1.264,1.264,1.264,1.264
2013-01-07 19:00:00,1.26,1.26,1.26,1.26,1.26,1.26,1.26,1.26,1.26,1.26,1.26,1.26,1.26,1.26,1.26,1.26,1.26
2013-01-07 20:00:00,1.224,1.224,1.224,1.224,1.224,1.224,1.224,1.224,1.224,1.224,1.224,1.224,1.224,1.224,1.224,1.224,1.224
2013-01-07 21:00:00,1.144,1.144,1.144,1.144,1.144,1.144,1.144,1.144,1.144,1.144,1.144,1.144,1.144,1.144,1.144,1.144,1.144
2013-01-07 22:00:00,1.056,1.056,1.056,1.056,1.056,1.056,1.056,1.056,1.056,1.056,1.056,1.056,1.056,1.056,1.056,1.056,1.056
2013-01-07 23:00:00,0.976,0.976,0.976,0.976,0.976,0.976,0.976,0.976,0.976,0.976,0.976,0.976,0.976,0.976,0.976,0.976,0.976
2013-01-08 00:00:00,0.917,0.917,0.917,0.917,0.917,0.917,0.917,0.917,0.917,0.917,0.917,0.917,0.917,0.917,0.917,0.917,0.917
2013-01-08 01:00:00,0.875,0.875,0.875,0.875,0.875,0.875,0.875,0.875,0.875,0.875,0.875,0.875,0.875,0.875,0.875,0.875,0.875
2013-01-08 02:00:00,0.862,0.862,0.862,0.862,0.862,0.862,0.862,0.862,0.862,0.862,0.862,0.862,0.862,0.862,0.862,0.862,0.862
2013-01-08 03:00:00,0.861,0.861,0.861,0.861,0.861,0.861,0.861,0.861,0.861,0.861,0.861,0.861,0.861,0.861,0.861,0.861,0.861
2013-01-08 04:00:00,0.876,0.876,0.876,0.876,0.876,0.876,0.876,0.876,0.876,0.876,0.876,0.876,0.876,0.876,0.876,0.876,0.876
2013-01-08 05:00:00,0.915,0.915,0.915,0.915,0.915,0.915,0.915,0.915,0.915,0.915,0.915,0.915,0.915,0.915,0.915,0.915,0.915
2013-01-08 06:00:00,1.048,1.048,1.048,1.048,1.048,1.048,1.048,1.048,1.048,1.048,1.048,1.048,1.048,1.048,1.048,1.048,1.048
2013-01-08 07:00:00,1.15,1.15,1.15,1.15,1.15,1.15,1.15,1.15,1.15,1.15,1.15,1.15,1.15,1.15,1.15,1.15,1.15
2013-01-08 08:00:00,1.185,1.185,1.185,1.185,1.185,1.185,1.185,1.185,1.185,1.185,1.185,1.185,1.185,1.185,1.185,1.185,1.185
2013-01-08 09:00:00,1.205,1.205,1.205,1.205,1.205,1.205,1.205,1.205,1.205,1.205,1.205,1.205,1.205,1.205,1.205,1.205,1.205
2013-01-08 10:00:00,1.207,1.207,1.207,1.207,1.207,1.207,1.207,1.207,1.207,1.207,1.207,1.207,1.207,1.207,1.207,1.207,1.207
2013-01-08 11:00:00,1.219,1.219,1.219,1.219,1.219,1.219,1.219,1.219,1.219,1.219,1.219,1.219,1.219,1.219,1.219,1.219,1.219
2013-01-08 12:00:00,1.22,1.22,1.22,1.22,1.22,1.22,1.22,1.22,1.22,1.22,1.22,1.22,1.22,1.22,1.22,1.22,1.22
2013-01-08 13:00:00,1.23,1.23,1.23,1.23,1.23,1.23,1.23,1.23,1.23,1.23,1.23,1.23,1.23,1.23,1.23,1.23,1.23
2013-01-08 14:00:00,1.217,1.217,1.217,1.217,1.217,1.217,1.217,1.217,1.217,1.217,1.217,1.217,1.217,1.217,1.217,1.217,1.217
2013-01-08 15:00:00,1.218,1.218,1.218,1.218,1.218,1.218,1.218,1.218,1.218,1.218,1.218,1.218,1.218,1.218,1.218,1.218,1.218
2013-01-08 16:00:00,1.285,1.285,1.285,1.285,1.285,1.285,1.285,1.285,1.285,1.285,1.285,1.285,1.285,1.285,1.285,1.285,1.285
2013-01-08 17:00:00,1.297,1.297,1.297,1.297,1.297,1.297,1.297,1.297,1.297,1.297,1.297,1.297,1.297,1.297,1.297,1.297,1.297
2013-01-08 18:00:00,1.277,1.277,1.277,1.277,1.277,1.277,1.277,1.277,1.277,1.277,1.277,1.277,1.277,1.277,1.277,1.277,1.277
2013-01-08 19:00:00,1.271,1.271,1.271,1.271,1.271,1.271,1.271,1.271,1.271,1.271,1.271,1.271,1.271,1.271,1.271,1.271,1.271
2013-01-08 20:00:00,1.238,1.238,1.238,1.238,1.238,1.238,1.238,1.238,1.238,1.238,1.238,1.238,1.238,1.238,1.238,1.238,1.238
2013-01-08 21:00:00,1.161,1.161,1.161,1.161,1.161,1.161,1.161,1.161,1.161,1.161,1.161,1.161,1.161,1.161,1.161,1.161,1.161
2013-01-08 22:00:00,1.072,1.072,1.072,1.072,1.072,1.072,1.072,1.072,1.072,1.072,1.072,1.072,1.072,1.072,1.072,1.072,1.072
2013-01-08 23:00:00,0.991,0.991,0.991,0.991,0.991,0.991,0.991,0.991,0.991,0.991,0.991,0.991,0.991,0.991,0.991,0.991,0.991
2013-01-09 00:00:00,0.929,0.929,0.929,0.929,0.929,0.929,0.929,0.929,0.929,0.929,0.929,0.929,0.929,0.929,0.929,0.929,0.929
2013-01-09 01:00:00,0.89,0.89,0.89,0.89,0.89,0.89,0.89,0.89,0.89,0.89,0.89,0.89,0.89,0.89,0.89,0.89,0.89
2013-01-09 02:00:00,0.872,0.872,0.872,0.872,0.872,0.872,0.872,0.872,0.872,0.872,0.872,0.872,0.872,0.872,0.872,0.872,0.872
2013-01-09 03:00:00,0.867,0.867,0.867,0.867,0.867,0.867,0.867,0.867,0.867,0.867,0.867,0.867,0.867,0.867,0.867,0.867,0.867
2013-01-09 04:00:00,0.878,0.878,0.878,0.878,0.878,0.878,0.878,0.878,0.878,0.878,0.878,0.878,0.878,0.878,0.878,0.878,0.878
2013-01-09 05:00:00,0.917,0.917,0.917,0.917,0.917,0.917,0.917,0.917,0.917,0.917,0.917,0.917,0.917,0.917,0.917,0.917,0.917
2013-01-09 06:00:00,1.052,1.052,1.052,1.052,1.052,1.052,1.052,1.052,1.052,1.052,1.052,1.052,1.052,1.052,1.052,1.052,1.052
2013-01-09 07:00:00,1.149,1.149,1.149,1.149,1.149,1.149,1.149,1.149,1.149,1.149,1.149,1.149,1.149,1.149,1.149,1.149,1.149
2013-01-09 08:00:00,1.182,1.182,1.182,1.182,1.182,1.182,1.182,1.182,1.182,1.182,1.182,1.182,1.182,1.182,1.182,1.182,1.182
2013-01-09 09:00:00,1.2,1.2,1.2,1.2,1.2,1.2,1.2,1.2,1.2,1.2,1.2,1.2,1.2,1.2,1.2,1.2,1.2
2013-01-09 10:00:00,1.203,1.203,1.203,1.203,1.203,1.203,1.203,1.203,1.203,1.203,1.203,1.203,1.203,1.203,1.203,1.203,1.203
2013-01-09 11:00:00,1.212,1.212,1.212,1.212,1.212,1.212,1.212,1.212,1.212,1.212,1.212,1.212,1.212,1.212,1.212,1.212,1.212
2013-01-09 12:00:00,1.218,1.218,1.218,1.218,1.218,1.218,1.218,1.218,1.218,1.218,1.218,1.218,1.218,1.218,1.218,1.218,1.218
2013-01-09 13:00:00,1.224,1.224,1.224,1.224,1.224,1.224,1.224,1.224,1.224,1.224,1.224,1.224,1.224,1.224,1.224,1.224,1.224
2013-01-09 14:00:00,1.208,1.208,1.208,1.208,1.208,1.208,1.208,1.208,1.208,1.208,1.208,1.208,1.208,1.208,1.208,1.208,1.208
2013-01-09 15:00:00,1.211,1.211,1.211,1.211,1.211,1.211,1.211,1.211,1.211,1.211,1.211,1.211,1.211,1.211,1.211,1.211,1.211
2013-01-09 16:00:00,1.271,1.271,1.271,1.271,1.271,1.271,1.271,1.271,1.271,1.271,1.271,1.271,1.271,1.271,1.271,1.271,1.271
2013-01-09 17:00:00,1.282,1.282,1.282,1.282,1.282,1.282,1.282,1.282,1.282,1.282,1.282,1.282,1.282,1.282,1.282,1.282,1.282
2013-01-09 18:00:00,1.266,1.266,1.266,1.266,1.266,1.266,1.266,1.266,1.266,1.266,1.266,1.266,1.266,1.266,1.266,1.266,1.266
2013-01-09 19:00:00,1.259,1.259,1.259,1.259,1.259,1.259,1.259,1.259,1.259,1.259,1.259,1.259,1.259,1.259,1.259,1.259,1.259
2013-01-09 20:00:00,1.222,1.222,1.222,1.222,1.222,1.222,1.222,1.222,1.222,1.222,1.222,1.222,1.222,1.222,1.222,1.222,1.222
2013-01-09 21:00:00,1.15,1.15,1.15,1.15,1.15,1.15,1.15,1.15,1.15,1.15,1.15,1.15,1.15,1.15,1.15,1.15,1.15
2013-01-09 22:00:00,1.063,1.063,1.063,1.063,1.063,1.063,1.063,1.063,1.063,1.063,1.063,1.063,1.063,1.063,1.063,1.063,1.063
2013-01-09 23:00:00,0.975,0.975,0.975,0.975,0.975,0.975,0.975,0.975,0.975,0.975,0.975,0.975,0.975,0.975,0.975,0.975,0.975
2013-01-10 00:00:00,0.912,0.912,0.912,0.912,0.912,0.912,0.912,0.912,0.912,0.912,0.912,0.912,0.912,0.912,0.912,0.912,0.912
2013-01-10 01:00:00,0.877,0.877,0.877,0.877,0.877,0.877,0.877,0.877,0.877,0.877,0.877,0.877,0.877,0.877,0.877,0.877,0.877
2013-01-10 02:00:00,0.857,0.857,0.857,0.857,0.857,0.857,0.857,0.857,0.857,0.857,0.857,0.857,0.857,0.857,0.857,0.857,0.857
2013-01-10 03:00:00,0.858,0.858,0.858,0.858,0.858,0.858,0.858,0.858,0.858,0.858,0.858,0.858,0.858,0.858,0.858,0.858,0.858
2013-01-10 04:00:00,0.873,0.873,0.873,0.873,0.873,0.873,0.873,0.873,0.873,0.873,0.873,0.873,0.873,0.873,0.873,0.873,0.873
2013-01-10 05:00:00,0.908,0.908,0.908,0.908,0.908,0.908,0.908,0.908,0.908,0.908,0.908,0.908,0.908,0.908,0.908,0.908,0.908
2013-01-10 06:00:00,1.041,1.041,1.041,1.041,1.041,1.041,1.041,1.041,1.041,1.041,1.041,1.041,1.041,1.041,1.041,1.041,1.041
2013-01-10 07:00:00,1.149,1.149,1.149,1.149,1.149,1.149,1.149,1.149,1.149,1.149,1.149,1.149,1.149,1.149,1.149,1.149,1.149
2013-01-10 08:00:00,1.18,1.18,1.18,1.18,1.18,1.18,1.18,1.18,1.18,1.18,1.18,1.18,1.18,1.18,1.18,1.18,1.18
2013-01-10 09:00:00,1.192,1.192,1.192,1.192,1.192,1.192,1.192,1.192,1.192,1.192,1.192,1.192,1.192,1.192,1.192,1.192,1.192
2013-01-10 10:00:00,1.193,1.193,1.193,1.193,1.193,1.193,1.193,1.193,1.193,1.193,1.193,1.193,1.193,1.193,1.193,1.193,1.193
2013-01-10 11:00:00,1.205,1.205,1.205,1.205,1.205,1.205,1.205,1.205,1.205,1.205,1.205,1.205,1.205,1.205,1.205,1.205,1.205
2013-01-10 12:00:00,1.208,1.208,1.208,1.208,1.208,1.208,1.208,1.208,1.208,1.208,1.208,1.208,1.208,1.208,1.208,1.208,1.208
2013-01-10 13:00:00,1.224,1.224,1.224,1.224,1.224,1.224,1.224,1.224,1.224,1.224,1.224,1.224,1.224,1.224,1.224,1.224,1.224
2013-01-10 14:00:00,1.212,1.212,1.212,1.212,1.212,1.212,1.212,1.212,1.212,1.212,1.212,1.212,1.212,1.212,1.212,1.212,1.212
2013-01-10 15:00:00,1.205,1.205,1.205,1.205,1.205,1.205,1.205,1.205,1.205,1.205,1.205,1.205,1.205,1.205,1.205,1.205,1.205
2013-01-10 16:00:00,1.271,1.271,1.271,1.271,1.271,1.271,1.271,1.271,1.271,1.271,1.271,1.271,1.271,1.271,1.271,1.271,1.271
2013-01-10 17:00:00,1.289,1.289,1.289,1.289,1.289,1.289,1.289,1.289,1.289,1.289,1.289,1.289,1.289,1.289,1.289,1.289,1.289
2013-01-10 18:00:00,1.267,1.267,1.267,1.267,1.267,1.267,1.267,1.267,1.267,1.267,1.267,1.267,1.267,1.267,1.267,1.267,1.267
2013-01-10 19:00:00,1.261,1.261,1.261,1.261,1.261,1.261,1.261,1.261,1.261,1.261,1.261,1.261,1.261,1.261,1.261,1.261,1.261
2013-01-10 20:00:00,1.226,1.226,1.226,1.226,1.226,1.226,1.226,1.226,1.226,1.226,1.226,1.226,1.226,1.226,1.226,1.226,1.226
2013-01-10 21:00:00,1.154,1.154,1.154,1.154,1.154,1.154,1.154,1.154,1.154,1.154,1.154,1.154,1.154,1.154,1.154,1.154,1.154
2013-01-10 22:00:00,1.067,1.067,1.067,1.067,1.067,1.067,1.067,1.067,1.067,1.067,1.067,1.067,1.067,1.067,1.067,1.067,1.067
2013-01-10 23:00:00,0.983,0.983,0.983,0.983,0.983,0.983,0.983,0.983,0.983,0.983,0.983,0.983,0.983,0.983,0.983,0.983,0.983
2013-01-11 00:00:00,0.924,0.924,0.924,0.924,0.924,0.924,0.924,0.924,0.924,0.924,0.924,0.924,0.924,0.924,0.924,0.924,0.924
2013-01-11 01:00:00,0.888,0.888,0.888,0.888,0.888,0.888,0.888,0.888,0.888,0.888,0.888,0.888,0.888,0.888,0.888,0.888,0.888
2013-01-11 02:00:00,0.871,0.871,0.871,0.871,0.871,0.871,0.871,0.871,0.871,0.871,0.871,0.871,0.871,0.871,0.871,0.871,0.871
2013-01-11 03:00:00,0.867,0.867,0.867,0.867,0.867,0.867,0.867,0.867,0.867,0.867,0.867,0.867,0.867,0.867,0.867,0.867,0.867
2013-01-11 04:00:00,0.879,0.879,0.879,0.879,0.879,0.879,0.879,0.879,0.879,0.879,0.879,0.879,0.879,0.879,0.879,0.879,0.879
2013-01-11 05:00:00,0.913,0.913,0.913,0.913,0.913,0.913,0.913,0.913,0.913,0.913,0.913,0.913,0.913,0.913,0.913,0.913,0.913
2013-01-11 06:00:00,1.043,1.043,1.043,1.043,1.043,1.043,1.043,1.043,1.043,1.043,1.043,1.043,1.043,1.043,1.043,1.043,1.043
2013-01-11 07:00:00,1.143,1.143,1.143,1.143,1.143,1.143,1.143,1.143,1.143,1.143,1.143,1.143,1.143,1.143,1.143,1.143,1.143
2013-01-11 08:00:00,1.175,1.175,1.175,1.175,1.175,1.175,1.175,1.175,1.175,1.175,1.175,1.175,1.175,1.175,1.175,1.175,1.175
2013-01-11 09:00:00,1.192,1.192,1.192,1.192,1.192,1.192,1.192,1.192,1.192,1.192,1.192,1.192,1.192,1.192,1.192,1.192,1.192
2013-01-11 10:00:00,1.194,1.194,1.194,1.194,1.194,1.194,1.194,1.194,1.194,1.194,1.194,1.194,1.194,1.194,1.194,1.194,1.194
2013-01-11 11:00:00,1.201,1.201,1.201,1.201,1.201,1.201,1.201,1.201,1.201,1.201,1.201,1.201,1.201,1.201,1.201,1.201,1.201
2013-01-11 12:00:00,1.203,1.203,1.203,1.203,1.203,1.203,1.203,1.203,1.203,1.203,1.203,1.203,1.203,1.203,1.203,1.203,1.203
2013-01-11 13:00:00,1.209,1.209,1.209,1.209,1.209,1.209,1.209,1.209,1.209,1.209,1.209,1.209,1.209,1.209,1.209,1.209,1.209
2013-01-11 14:00:00,1.201,1.201,1.201,1.201,1.201,1.201,1.201,1.201,1.201,1.201,1.201,1.201,1.201,1.201,1.201,1.201,1.201
2013-01-11 15:00:00,1.199,1.199,1.199,1.199,1.199,1.199,1.199,1.199,1.199,1.199,1.199,1.199,1.199,1.199,1.199,1.199,1.199
2013-01-11 16:00:00,1.264,1.264,1.264,1.264,1.264,1.264,1.264,1.264,1.264,1.264,1.264,1.264,1.264,1.264,1.264,1.264,1.264
2013-01-11 17:00:00,1.288,1.288,1.288,1.288,1.288,1.288,1.288,1.288,1.288,1.288,1.288,1.288,1.288,1.288,1.288,1.288,1.288
2013-01-11 18:00:00,1.267,1.267,1.267,1.267,1.267,1.267,1.267,1.267,1.267,1.267,1.267,1.267,1.267,1.267,1.267,1.267,1.267
2013-01-11 19:00:00,1.255,1.255,1.255,1.255,1.255,1.255,1.255,1.255,1.255,1.255,1.255,1.255,1.255,1.255,1.255,1.255,1.255
2013-01-11 20:00:00,1.213,1.213,1.213,1.213,1.213,1.213,1.213,1.213,1.213,1.213,1.213,1.213,1.213,1.213,1.213,1.213,1.213
2013-01-11 21:00:00,1.139,1.139,1.139,1.139,1.139,1.139,1.139,1.139,1.139,1.139,1.139,1.139,1.139,1.139,1.139,1.139,1.139
2013-01-11 22:00:00,1.06,1.06,1.06,1.06,1.06,1.06,1.06,1.06,1.06,1.06,1.06,1.06,1.06,1.06,1.06,1.06,1.06
2013-01-11 23:00:00,0.99,0.99,0.99,0.99,0.99,0.99,0.99,0.99,0.99,0.99,0.99,0.99,0.99,0.99,0.99,0.99,0.99
2013-01-12 00:00:00,0.925,0.925,0.925,0.925,0.925,0.925,0.925,0.925,0.925,0.925,0.925,0.925,0.925,0.925,0.925,0.925,0.925
2013-01-12 01:00:00,0.886,0.886,0.886,0.886,0.886,0.886,0.886,0.886,0.886,0.886,0.886,0.886,0.886,0.886,0.886,0.886,0.886
2013-01-12 02:00:00,0.865,0.865,0.865,0.865,0.865,0.865,0.865,0.865,0.865,0.865,0.865,0.865,0.865,0.865,0.865,0.865,0.865
2013-01-12 03:00:00,0.864,0.864,0.864,0.864,0.864,0.864,0.864,0.864,0.864,0.864,0.864,0.864,0.864,0.864,0.864,0.864,0.864
2013-01-12 04:00:00,0.864,0.864,0.864,0.864,0.864,0.864,0.864,0.864,0.864,0.864,0.864,0.864,0.864,0.864,0.864,0.864,0.864
2013-01-12 05:00:00,0.861,0.861,0.861,0.861,0.861,0.861,0.861,0.861,0.861,0.861,0.861,0.861,0.861,0.861,0.861,0.861,0.861
2013-01-12 06:00:00,0.907,0.907,0.907,0.907,0.907,0.907,0.907,0.907,0.907,0.907,0.907,0.907,0.907,0.907,0.907,0.907,0.907
2013-01-12 07:00:00,0.946,0.946,0.946,0.946,0.946,0.946,0.946,0.946,0.946,0.946,0.946,0.946,0.946,0.946,0.946,0.946,0.946
2013-01-12 08:00:00,0.995,0.995,0.995,0.995,0.995,0.995,0.995,0.995,0.995,0.995,0.995,0.995,0.995,0.995,0.995,0.995,0.995
2013-01-12 09:00:00,1.055,1.055,1.055,1.055,1.055,1.055,1.055,1.055,1.055,1.055,1.055,1.055,1.055,1.055,1.055,1.055,1.055
2013-01-12 10:00:00,1.081,1.081,1.081,1.081,1.081,1.081,1.081,1.081,1.081,1.081,1.081,1.081,1.081,1.081,1.081,1.081,1.081
2013-01-12 11:00:00,1.101,1.101,1.101,1.101,1.101,1.101,1.101,1.101,1.101,1.101,1.101,1.101,1.101,1.101,1.101,1.101,1.101
2013-01-12 12:00:00,1.098,1.098,1.098,1.098,1.098,1.098,1.098,1.098,1.098,1.098,1.098,1.098,1.098,1.098,1.098,1.098,1.098
2013-01-12 13:00:00,1.103,1.103,1.103,1.103,1.103,1.103,1.103,1.103,1.103,1.103,1.103,1.103,1.103,1.103,1.103,1.103,1.103
2013-01-12 14:00:00,1.082,1.082,1.082,1.082,1.082,1.082,1.082,1.082,1.082,1.082,1.082,1.082,1.082,1.082,1.082,1.082,1.082
2013-01-12 15:00:00,1.075,1.075,1.075,1.075,1.075,1.075,1.075,1.075,1.075,1.075,1.075,1.075,1.075,1.075,1.075,1.075,1.075
2013-01-12 16:00:00,1.147,1.147,1.147,1.147,1.147,1.147,1.147,1.147,1.147,1.147,1.147,1.147,1.147,1.147,1.147,1.147,1.147
2013-01-12 17:00:00,1.168,1.168,1.168,1.168,1.168,1.168,1.168,1.168,1.168,1.168,1.168,1.168,1.168,1.168,1.168,1.168,1.168
2013-01-12 18:00:00,1.159,1.159,1.159,1.159,1.159,1.159,1.159,1.159,1.159,1.159,1.159,1.159,1.159,1.159,1.159,1.159,1.159
2013-01-12 19:00:00,1.151,1.151,1.151,1.151,1.151,1.151,1.151,1.151,1.151,1.151,1.151,1.151,1.151,1.151,1.151,1.151,1.151
2013-01-12 20:00:00,1.118,1.118,1.118,1.118,1.118,1.118,1.118,1.118,1.118,1.118,1.118,1.118,1.118,1.118,1.118,1.118,1.118
2013-01-12 21:00:00,1.054,1.054,1.054,1.054,1.054,1.054,1.054,1.054,1.054,1.054,1.054,1.054,1.054,1.054,1.054,1.054,1.054
2013-01-12 22:00:00,0.998,0.998,0.998,0.998,0.998,0.998,0.998,0.998,0.998,0.998,0.998,0.998,0.998,0.998,0.998,0.998,0.998
2013-01-12 23:00:00,0.928,0.928,0.928,0.928,0.928,0.928,0.928,0.928,0.928,0.928,0.928,0.928,0.928,0.928,0.928,0.928,0.928
2013-01-13 00:00:00,0.868,0.868,0.868,0.868,0.868,0.868,0.868,0.868,0.868,0.868,0.868,0.868,0.868,0.868,0.868,0.868,0.868
2013-01-13 01:00:00,0.821,0.821,0.821,0.821,0.821,0.821,0.821,0.821,0.821,0.821,0.821,0.821,0.821,0.821,0.821,0.821,0.821
2013-01-13 02:00:00,0.801,0.801,0.801,0.801,0.801,0.801,0.801,0.801,0.801,0.801,0.801,0.801,0.801,0.801,0.801,0.801,0.801
2013-01-13 03:00:00,0.791,0.791,0.791,0.791,0.791,0.791,0.791,0.791,0.791,0.791,0.791,0.791,0.791,0.791,0.791,0.791,0.791
2013-01-13 04:00:00,0.794,0.794,0.794,0.794,0.794,0.794,0.794,0.794,0.794,0.794,0.794,0.794,0.794,0.794,0.794,0.794,0.794
2013-01-13 05:00:00,0.795,0.795,0.795,0.795,0.795,0.795,0.795,0.795,0.795,0.795,0.795,0.795,0.795,0.795,0.795,0.795,0.795
2013-01-13 06:00:00,0.816,0.816,0.816,0.816,0.816,0.816,0.816,0.816,0.816,0.816,0.816,0.816,0.816,0.816,0.816,0.816,0.816
2013-01-13 07:00:00,0.828,0.828,0.828,0.828,0.828,0.828,0.828,0.828,0.828,0.828,0.828,0.828,0.828,0.828,0.828,0.828,0.828
2013-01-13 08:00:00,0.859,0.859,0.859,0.859,0.859,0.859,0.859,0.859,0.859,0.859,0.859,0.859,0.859,0.859,0.859,0.859,0.859
2013-01-13 09:00:00,0.916,0.916,0.916,0.916,0.916,0.916,0.916,0.916,0.916,0.916,0.916,0.916,0.916,0.916,0.916,0.916,0.916
2013-01-13 10:00:00,0.95,0.95,0.95,0.95,0.95,0.95,0.95,0.95,0.95,0.95,0.95,0.95,0.95,0.95,0.95,0.95,0.95
2013-01-13 11:00:00,0.963,0.963,0.963,0.963,0.963,0.963,0.963,0.963,0.963,0.963,0.963,0.963,0.963,0.963,0.963,0.963,0.963
2013-01-13 12:00:00,0.972,0.972,0.972,0.972,0.972,0.972,0.972,0.972,0.972,0.972,0.972,0.972,0.972,0.972,0.972,0.972,0.972
2013-01-13 13:00:00,0.984,0.984,0.984,0.984,0.984,0.984,0.984,0.984,0.984,0.984,0.984,0.984,0.984,0.984,0.984,0.984,0.984
2013-01-13 14:00:00,0.974,0.974,0.974,0.974,0.974,0.974,0.974,0.974,0.974,0.974,0.974,0.974,0.974,0.974,0.974,0.974,0.974
2013-01-13 15:00:00,0.96,0.96,0.96,0.96,0.96,0.96,0.96,0.96,0.96,0.96,0.96,0.96,0.96,0.96,0.96,0.96,0.96
2013-01-13 16:00:00,1.032,1.032,1.032,1.032,1.032,1.032,1.032,1.032,1.032,1.032,1.032,1.032,1.032,1.032,1.032,1.032,1.032
2013-01-13 17:00:00,1.076,1.076,1.076,1.076,1.076,1.076,1.076,1.076,1.076,1.076,1.076,1.076,1.076,1.076,1.076,1.076,1.076
2013-01-13 18:00:00,1.084,1.084,1.084,1.084,1.084,1.084,1.084,1.084,1.084,1.084,1.084,1.084,1.084,1.084,1.084,1.084,1.084
2013-01-13 19:00:00,1.086,1.086,1.086,1.086,1.086,1.086,1.086,1.086,1.086,1.086,1.086,1.086,1.086,1.086,1.086,1.086,1.086
2013-01-13 20:00:00,1.057,1.057,1.057,1.057,1.057,1.057,1.057,1.057,1.057,1.057,1.057,1.057,1.057,1.057,1.057,1.057,1.057
2013-01-13 21:00:00,1.013,1.013,1.013,1.013,1.013,1.013,1.013,1.013,1.013,1.013,1.013,1.013,1.013,1.013,1.013,1.013,1.013
2013-01-13 22:00:00,0.969,0.969,0.969,0.969,0.969,0.969,0.969,0.969,0.969,0.969,0.969,0.969,0.969,0.969,0.969,0.969,0.969
2013-01-13 23:00:00,0.902,0.902,0.902,0.902,0.902,0.902,0.902,0.902,0.902,0.902,0.902,0.902,0.902,0.902,0.902,0.902,0.902
2013-01-14 00:00:00,0.852,0.852,0.852,0.852,0.852,0.852,0.852,0.852,0.852,0.852,0.852,0.852,0.852,0.852,0.852,0.852,0.852
2013-01-14 01:00:00,0.828,0.828,0.828,0.828,0.828,0.828,0.828,0.828,0.828,0.828,0.828,0.828,0.828,0.828,0.828,0.828,0.828
2013-01-14 02:00:00,0.823,0.823,0.823,0.823,0.823,0.823,0.823,0.823,0.823,0.823,0.823,0.823,0.823,0.823,0.823,0.823,0.823
2013-01-14 03:00:00,0.821,0.821,0.821,0.821,0.821,0.821,0.821,0.821,0.821,0.821,0.821,0.821,0.821,0.821,0.821,0.821,0.821
2013-01-14 04:00:00,0.837,0.837,0.837,0.837,0.837,0.837,0.837,0.837,0.837,0.837,0.837,0.837,0.837,0.837,0.837,0.837,0.837
2013-01-14 05:00:00,0.889,0.889,0.889,0.889,0.889,0.889,0.889,0.889,0.889,0.889,0.889,0.889,0.889,0.889,0.889,0.889,0.889
2013-01-14 06:00:00,1.034,1.034,1.034,1.034,1.034,1.034,1.034,1.034,1.034,1.034,1.034,1.034,1.034,1.034,1.034,1.034,1.034
2013-01-14 07:00:00,1.152,1.152,1.152,1.152,1.152,1.152,1.152,1.152,1.152,1.152,1.152,1.152,1.152,1.152,1.152,1.152,1.152
2013-01-14 08:00:00,1.208,1.208,1.208,1.208,1.208,1.208,1.208,1.208,1.208,1.208,1.208,1.208,1.208,1.208,1.208,1.208,1.208
2013-01-14 09:00:00,1.237,1.237,1.237,1.237,1.237,1.237,1.237,1.237,1.237,1.237,1.237,1.237,1.237,1.237,1.237,1.237,1.237
2013-01-14 10:00:00,1.237,1.237,1.237,1.237,1.237,1.237,1.237,1.237,1.237,1.237,1.237,1.237,1.237,1.237,1.237,1.237,1.237
2013-01-14 11:00:00,1.243,1.243,1.243,1.243,1.243,1.243,1.243,1.243,1.243,1.243,1.243,1.243,1.243,1.243,1.243,1.243,1.243
2013-01-14 12:00:00,1.243,1.243,1.243,1.243,1.243,1.243,1.243,1.243,1.243,1.243,1.243,1.243,1.243,1.243,1.243,1.243,1.243
2013-01-14 13:00:00,1.255,1.255,1.255,1.255,1.255,1.255,1.255,1.255,1.255,1.255,1.255,1.255,1.255,1.255,1.255,1.255,1.255
2013-01-14 14:00:00,1.236,1.236,1.236,1.236,1.236,1.236,1.236,1.236,1.236,1.236,1.236,1.236,1.236,1.236,1.236,1.236,1.236
2013-01-14 15:00:00,1.228,1.228,1.228,1.228,1.228,1.228,1.228,1.228,1.228,1.228,1.228,1.228,1.228,1.228,1.228,1.228,1.228
2013-01-14 16:00:00,1.287,1.287,1.287,1.287,1.287,1.287,1.287,1.287,1.287,1.287,1.287,1.287,1.287,1.287,1.287,1.287,1.287
2013-01-14 17:00:00,1.306,1.306,1.306,1.306,1.306,1.306,1.306,1.306,1.306,1.306,1.306,1.306,1.306,1.306,1.306,1.306,1.306
2013-01-14 18:00:00,1.293,1.293,1.293,1.293,1.293,1.293,1.293,1.293,1.293,1.293,1.293,1.293,1.293,1.293,1.293,1.293,1.293
2013-01-14 19:00:00,1.284,1.284,1.284,1.284,1.284,1.284,1.284,1.284,1.284,1.284,1.284,1.284,1.284,1.284,1.284,1.284,1.284
2013-01-14 20:00:00,1.25,1.25,1.25,1.25,1.25,1.25,1.25,1.25,1.25,1.25,1.25,1.25,1.25,1.25,1.25,1.25,1.25
2013-01-14 21:00:00,1.174,1.174,1.174,1.174,1.174,1.174,1.174,1.174,1.174,1.174,1.174,1.174,1.174,1.174,1.174,1.174,1.174
2013-01-14 22:00:00,1.079,1.079,1.079,1.079,1.079,1.079,1.079,1.079,1.079,1.079,1.079,1.079,1.079,1.079,1.079,1.079,1.079
2013-01-14 23:00:00,1.007,1.007,1.007,1.007,1.007,1.007,1.007,1.007,1.007,1.007,1.007,1.007,1.007,1.007,1.007,1.007,1.007
2013-01-15 00:00:00,0.947,0.947,0.947,0.947,0.947,0.947,0.947,0.947,0.947,0.947,0.947,0.947,0.947,0.947,0.947,0.947,0.947
2013-01-15 01:00:00,0.911,0.911,0.911,0.911,0.911,0.911,0.911,0.911,0.911,0.911,0.911,0.911,0.911,0.911,0.911,0.911,0.911
2013-01-15 02:00:00,0.895,0.895,0.895,0.895,0.895,0.895,0.895,0.895,0.895,0.895,0.895,0.895,0.895,0.895,0.895,0.895,0.895
2013-01-15 03:00:00,0.897,0.897,0.897,0.897,0.897,0.897,0.897,0.897,0.897,0.897,0.897,0.897,0.897,0.897,0.897,0.897,0.897
2013-01-15 04:00:00,0.908,0.908,0.908,0.908,0.908,0.908,0.908,0.908,0.908,0.908,0.908,0.908,0.908,0.908,0.908,0.908,0.908
2013-01-15 05:00:00,0.943,0.943,0.943,0.943,0.943,0.943,0.943,0.943,0.943,0.943,0.943,0.943,0.943,0.943,0.943,0.943,0.943
2013-01-15 06:00:00,1.067,1.067,1.067,1.067,1.067,1.067,1.067,1.067,1.067,1.067,1.067,1.067,1.067,1.067,1.067,1.067,1.067
2013-01-15 07:00:00,1.164,1.164,1.164,1.164,1.164,1.164,1.164,1.164,1.164,1.164,1.164,1.164,1.164,1.164,1.164,1.164,1.164
2013-01-15 08:00:00,1.206,1.206,1.206,1.206,1.206,1.206,1.206,1.206,1.206,1.206,1.206,1.206,1.206,1.206,1.206,1.206,1.206
2013-01-15 09:00:00,1.23,1.23,1.23,1.23,1.23,1.23,1.23,1.23,1.23,1.23,1.23,1.23,1.23,1.23,1.23,1.23,1.23
2013-01-15 10:00:00,1.232,1.232,1.232,1.232,1.232,1.232,1.232,1.232,1.232,1.232,1.232,1.232,1.232,1.232,1.232,1.232,1.232
2013-01-15 11:00:00,1.241,1.241,1.241,1.241,1.241,1.241,1.241,1.241,1.241,1.241,1.241,1.241,1.241,1.241,1.241,1.241,1.241
2013-01-15 12:00:00,1.244,1.244,1.244,1.244,1.244,1.244,1.244,1.244,1.244,1.244,1.244,1.244,1.244,1.244,1.244,1.244,1.244
2013-01-15 13:00:00,1.251,1.251,1.251,1.251,1.251,1.251,1.251,1.251,1.251,1.251,1.251,1.251,1.251,1.251,1.251,1.251,1.251
2013-01-15 14:00:00,1.236,1.236,1.236,1.236,1.236,1.236,1.236,1.236,1.236,1.236,1.236,1.236,1.236,1.236,1.236,1.236,1.236
2013-01-15 15:00:00,1.226,1.226,1.226,1.226,1.226,1.226,1.226,1.226,1.226,1.226,1.226,1.226,1.226,1.226,1.226,1.226,1.226
2013-01-15 16:00:00,1.281,1.281,1.281,1.281,1.281,1.281,1.281,1.281,1.281,1.281,1.281,1.281,1.281,1.281,1.281,1.281,1.281
2013-01-15 17:00:00,1.308,1.308,1.308,1.308,1.308,1.308,1.308,1.308,1.308,1.308,1.308,1.308,1.308,1.308,1.308,1.308,1.308
2013-01-15 18:00:00,1.296,1.296,1.296,1.296,1.296,1.296,1.296,1.296,1.296,1.296,1.296,1.296,1.296,1.296,1.296,1.296,1.296
2013-01-15 19:00:00,1.285,1.285,1.285,1.285,1.285,1.285,1.285,1.285,1.285,1.285,1.285,1.285,1.285,1.285,1.285,1.285,1.285
2013-01-15 20:00:00,1.251,1.251,1.251,1.251,1.251,1.251,1.251,1.251,1.251,1.251,1.251,1.251,1.251,1.251,1.251,1.251,1.251
2013-01-15 21:00:00,1.174,1.174,1.174,1.174,1.174,1.174,1.174,1.174,1.174,1.174,1.174,1.174,1.174,1.174,1.174,1.174,1.174
2013-01-15 22:00:00,1.085,1.085,1.085,1.085,1.085,1.085,1.085,1.085,1.085,1.085,1.085,1.085,1.085,1.085,1.085,1.085,1.085
2013-01-15 23:00:00,1.003,1.003,1.003,1.003,1.003,1.003,1.003,1.003,1.003,1.003,1.003,1.003,1.003,1.003,1.003,1.003,1.003
2013-01-16 00:00:00,0.94,0.94,0.94,0.94,0.94,0.94,0.94,0.94,0.94,0.94,0.94,0.94,0.94,0.94,0.94,0.94,0.94
2013-01-16 01:00:00,0.904,0.904,0.904,0.904,0.904,0.904,0.904,0.904,0.904,0.904,0.904,0.904,0.904,0.904,0.904,0.904,0.904
2013-01-16 02:00:00,0.888,0.888,0.888,0.888,0.888,0.888,0.888,0.888,0.888,0.888,0.888,0.888,0.888,0.888,0.888,0.888,0.888
2013-01-16 03:00:00,0.889,0.889,0.889,0.889,0.889,0.889,0.889,0.889,0.889,0.889,0.889,0.889,0.889,0.889,0.889,0.889,0.889
2013-01-16 04:00:00,0.9,0.9,0.9,0.9,0.9,0.9,0.9,0.9,0.9,0.9,0.9,0.9,0.9,0.9,0.9,0.9,0.9
2013-01-16 05:00:00,0.941,0.941,0.941,0.941,0.941,0.941,0.941,0.941,0.941,0.941,0.941,0.941,0.941,0.941,0.941,0.941,0.941
2013-01-16 06:00:00,1.07,1.07,1.07,1.07,1.07,1.07,1.07,1.07,1.07,1.07,1.07,1.07,1.07,1.07,1.07,1.07,1.07
2013-01-16 07:00:00,1.175,1.175,1.175,1.175,1.175,1.175,1.175,1.175,1.175,1.175,1.175,1.175,1.175,1.175,1.175,1.175,1.175
2013-01-16 08:00:00,1.215,1.215,1.215,1.215,1.215,1.215,1.215,1.215,1.215,1.215,1.215,1.215,1.215,1.215,1.215,1.215,1.215
2013-01-16 09:00:00,1.239,1.239,1.239,1.239,1.239,1.239,1.239,1.239,1.239,1.239,1.239,1.239,1.239,1.239,1.239,1.239,1.239
2013-01-16 10:00:00,1.246,1.246,1.246,1.246,1.246,1.246,1.246,1.246,1.246,1.246,1.246,1.246,1.246,1.246,1.246,1.246,1.246
2013-01-16 11:00:00,1.259,1.259,1.259,1.259,1.259,1.259,1.259,1.259,1.259,1.259,1.259,1.259,1.259,1.259,1.259,1.259,1.259
2013-01-16 12:00:00,1.265,1.265,1.265,1.265,1.265,1.265,1.265,1.265,1.265,1.265,1.265,1.265,1.265,1.265,1.265,1.265,1.265
2013-01-16 13:00:00,1.272,1.272,1.272,1.272,1.272,1.272,1.272,1.272,1.272,1.272,1.272,1.272,1.272,1.272,1.272,1.272,1.272
2013-01-16 14:00:00,1.253,1.253,1.253,1.253,1.253,1.253,1.253,1.253,1.253,1.253,1.253,1.253,1.253,1.253,1.253,1.253,1.253
2013-01-16 15:00:00,1.24,1.24,1.24,1.24,1.24,1.24,1.24,1.24,1.24,1.24,1.24,1.24,1.24,1.24,1.24,1.24,1.24
2013-01-16 16:00:00,1.293,1.293,1.293,1.293,1.293,1.293,1.293,1.293,1.293,1.293,1.293,1.293,1.293,1.293,1.293,1.293,1.293
2013-01-16 17:00:00,1.317,1.317,1.317,1.317,1.317,1.317,1.317,1.317,1.317,1.317,1.317,1.317,1.317,1.317,1.317,1.317,1.317
2013-01-16 18:00:00,1.297,1.297,1.297,1.297,1.297,1.297,1.297,1.297,1.297,1.297,1.297,1.297,1.297,1.297,1.297,1.297,1.297
2013-01-16 19:00:00,1.285,1.285,1.285,1.285,1.285,1.285,1.285,1.285,1.285,1.285,1.285,1.285,1.285,1.285,1.285,1.285,1.285
2013-01-16 20:00:00,1.251,1.251,1.251,1.251,1.251,1.251,1.251,1.251,1.251,1.251,1.251,1.251,1.251,1.251,1.251,1.251,1.251
2013-01-16 21:00:00,1.173,1.173,1.173,1.173,1.173,1.173,1.173,1.173,1.173,1.173,1.173,1.173,1.173,1.173,1.173,1.173,1.173
2013-01-16 22:00:00,1.088,1.088,1.088,1.088,1.088,1.088,1.088,1.088,1.088,1.088,1.088,1.088,1.088,1.088,1.088,1.088,1.088
2013-01-16 23:00:00,1.007,1.007,1.007,1.007,1.007,1.007,1.007,1.007,1.007,1.007,1.007,1.007,1.007,1.007,1.007,1.007,1.007
2013-01-17 00:00:00,0.95,0.95,0.95,0.95,0.95,0.95,0.95,0.95,0.95,0.95,0.95,0.95,0.95,0.95,0.95,0.95,0.95
2013-01-17 01:00:00,0.915,0.915,0.915,0.915,0.915,0.915,0.915,0.915,0.915,0.915,0.915,0.915,0.915,0.915,0.915,0.915,0.915
2013-01-17 02:00:00,0.901,0.901,0.901,0.901,0.901,0.901,0.901,0.901,0.901,0.901,0.901,0.901,0.901,0.901,0.901,0.901,0.901
2013-01-17 03:00:00,0.9,0.9,0.9,0.9,0.9,0.9,0.9,0.9,0.9,0.9,0.9,0.9,0.9,0.9,0.9,0.9,0.9
2013-01-17 04:00:00,0.913,0.913,0.913,0.913,0.913,0.913,0.913,0.913,0.913,0.913,0.913,0.913,0.913,0.913,0.913,0.913,0.913
2013-01-17 05:00:00,0.944,0.944,0.944,0.944,0.944,0.944,0.944,0.944,0.944,0.944,0.944,0.944,0.944,0.944,0.944,0.944,0.944
2013-01-17 06:00:00,1.077,1.077,1.077,1.077,1.077,1.077,1.077,1.077,1.077,1.077,1.077,1.077,1.077,1.077,1.077,1.077,1.077
2013-01-17 07:00:00,1.174,1.174,1.174,1.174,1.174,1.174,1.174,1.174,1.174,1.174,1.174,1.174,1.174,1.174,1.174,1.174,1.174
2013-01-17 08:00:00,1.216,1.216,1.216,1.216,1.216,1.216,1.216,1.216,1.216,1.216,1.216,1.216,1.216,1.216,1.216,1.216,1.216
2013-01-17 09:00:00,1.238,1.238,1.238,1.238,1.238,1.238,1.238,1.238,1.238,1.238,1.238,1.238,1.238,1.238,1.238,1.238,1.238
2013-01-17 10:00:00,1.244,1.244,1.244,1.244,1.244,1.244,1.244,1.244,1.244,1.244,1.244,1.244,1.244,1.244,1.244,1.244,1.244
2013-01-17 11:00:00,1.258,1.258,1.258,1.258,1.258,1.258,1.258,1.258,1.258,1.258,1.258,1.258,1.258,1.258,1.258,1.258,1.258
2013-01-17 12:00:00,1.259,1.259,1.259,1.259,1.259,1.259,1.259,1.259,1.259,1.259,1.259,1.259,1.259,1.259,1.259,1.259,1.259
2013-01-17 13:00:00,1.27,1.27,1.27,1.27,1.27,1.27,1.27,1.27,1.27,1.27,1.27,1.27,1.27,1.27,1.27,1.27,1.27
2013-01-17 14:00:00,1.246,1.246,1.246,1.246,1.246,1.246,1.246,1.246,1.246,1.246,1.246,1.246,1.246,1.246,1.246,1.246,1.246
2013-01-17 15:00:00,1.235,1.235,1.235,1.235,1.235,1.235,1.235,1.235,1.235,1.235,1.235,1.235,1.235,1.235,1.235,1.235,1.235
2013-01-17 16:00:00,1.291,1.291,1.291,1.291,1.291,1.291,1.291,1.291,1.291,1.291,1.291,1.291,1.291,1.291,1.291,1.291,1.291
2013-01-17 17:00:00,1.318,1.318,1.318,1.318,1.318,1.318,1.318,1.318,1.318,1.318,1.318,1.318,1.318,1.318,1.318,1.318,1.318
2013-01-17 18:00:00,1.298,1.298,1.298,1.298,1.298,1.298,1.298,1.298,1.298,1.298,1.298,1.298,1.298,1.298,1.298,1.298,1.298
2013-01-17 19:00:00,1.291,1.291,1.291,1.291,1.291,1.291,1.291,1.291,1.291,1.291,1.291,1.291,1.291,1.291,1.291,1.291,1.291
2013-01-17 20:00:00,1.257,1.257,1.257,1.257,1.257,1.257,1.257,1.257,1.257,1.257,1.257,1.257,1.257,1.257,1.257,1.257,1.257
2013-01-17 21:00:00,1.179,1.179,1.179,1.179,1.179,1.179,1.179,1.179,1.179,1.179,1.179,1.179,1.179,1.179,1.179,1.179,1.179
2013-01-17 22:00:00,1.095,1.095,1.095,1.095,1.095,1.095,1.095,1.095,1.095,1.095,1.095,1.095,1.095,1.095,1.095,1.095,1.095
2013-01-17 23:00:00,1.019,1.019,1.019,1.019,1.019,1.019,1.019,1.019,1.019,1.019,1.019,1.019,1.019,1.019,1.019,1.019,1.019
2013-01-18 00:00:00,0.955,0.955,0.955,0.955,0.955,0.955,0.955,0.955,0.955,0.955,0.955,0.955,0.955,0.955,0.955,0.955,0.955
2013-01-18 01:00:00,0.918,0.918,0.918,0.918,0.918,0.918,0.918,0.918,0.918,0.918,0.918,0.918,0.918,0.918,0.918,0.918,0.918
2013-01-18 02:00:00,0.899,0.899,0.899,0.899,0.899,0.899,0.899,0.899,0.899,0.899,0.899,0.899,0.899,0.899,0.899,0.899,0.899
2013-01-18 03:00:00,0.902,0.902,0.902,0.902,0.902,0.902,0.902,0.902,0.902,0.902,0.902,0.902,0.902,0.902,0.902,0.902,0.902
2013-01-18 04:00:00,0.912,0.912,0.912,0.912,0.912,0.912,0.912,0.912,0.912,0.912,0.912,0.912,0.912,0.912,0.912,0.912,0.912
2013-01-18 05:00:00,0.946,0.946,0.946,0.946,0.946,0.946,0.946,0.946,0.946,0.946,0.946,0.946,0.946,0.946,0.946,0.946,0.946
2013-01-18 06:00:00,1.07,1.07,1.07,1.07,1.07,1.07,1.07,1.07,1.07,1.07,1.07,1.07,1.07,1.07,1.07,1.07,1.07
2013-01-18 07:00:00,1.169,1.169,1.169,1.169,1.169,1.169,1.169,1.169,1.169,1.169,1.169,1.169,1.169,1.169,1.169,1.169,1.169
2013-01-18 08:00:00,1.214,1.214,1.214,1.214,1.214,1.214,1.214,1.214,1.214,1.214,1.214,1.214,1.214,1.214,1.214,1.214,1.214
2013-01-18 09:00:00,1.243,1.243,1.243,1.243,1.243,1.243,1.243,1.243,1.243,1.243,1.243,1.243,1.243,1.243,1.243,1.243,1.243
2013-01-18 10:00:00,1.248,1.248,1.248,1.248,1.248,1.248,1.248,1.248,1.248,1.248,1.248,1.248,1.248,1.248,1.248,1.248,1.248
2013-01-18 11:00:00,1.257,1.257,1.257,1.257,1.257,1.257,1.257,1.257,1.257,1.257,1.257,1.257,1.257,1.257,1.257,1.257,1.257
2013-01-18 12:00:00,1.262,1.262,1.262,1.262,1.262,1.262,1.262,1.262,1.262,1.262,1.262,1.262,1.262,1.262,1.262,1.262,1.262
2013-01-18 13:00:00,1.271,1.271,1.271,1.271,1.271,1.271,1.271,1.271,1.271,1.271,1.271,1.271,1.271,1.271,1.271,1.271,1.271
2013-01-18 14:00:00,1.251,1.251,1.251,1.251,1.251,1.251,1.251,1.251,1.251,1.251,1.251,1.251,1.251,1.251,1.251,1.251,1.251
2013-01-18 15:00:00,1.238,1.238,1.238,1.238,1.238,1.238,1.238,1.238,1.238,1.238,1.238,1.238,1.238,1.238,1.238,1.238,1.238
2013-01-18 16:00:00,1.292,1.292,1.292,1.292,1.292,1.292,1.292,1.292,1.292,1.292,1.292,1.292,1.292,1.292,1.292,1.292,1.292
2013-01-18 17:00:00,1.31,1.31,1.31,1.31,1.31,1.31,1.31,1.31,1.31,1.31,1.31,1.31,1.31,1.31,1.31,1.31,1.31
2013-01-18 18:00:00,1.296,1.296,1.296,1.296,1.296,1.296,1.296,1.296,1.296,1.296,1.296,1.296,1.296,1.296,1.296,1.296,1.296
2013-01-18 19:00:00,1.28,1.28,1.28,1.28,1.28,1.28,1.28,1.28,1.28,1.28,1.28,1.28,1.28,1.28,1.28,1.28,1.28
2013-01-18 20:00:00,1.235,1.235,1.235,1.235,1.235,1.235,1.235,1.235,1.235,1.235,1.235,1.235,1.235,1.235,1.235,1.235,1.235
2013-01-18 21:00:00,1.161,1.161,1.161,1.161,1.161,1.161,1.161,1.161,1.161,1.161,1.161,1.161,1.161,1.161,1.161,1.161,1.161
2013-01-18 22:00:00,1.087,1.087,1.087,1.087,1.087,1.087,1.087,1.087,1.087,1.087,1.087,1.087,1.087,1.087,1.087,1.087,1.087
2013-01-18 23:00:00,1.019,1.019,1.019,1.019,1.019,1.019,1.019,1.019,1.019,1.019,1.019,1.019,1.019,1.019,1.019,1.019,1.019
2013-01-19 00:00:00,0.956,0.956,0.956,0.956,0.956,0.956,0.956,0.956,0.956,0.956,0.956,0.956,0.956,0.956,0.956,0.956,0.956
2013-01-19 01:00:00,0.914,0.914,0.914,0.914,0.914,0.914,0.914,0.914,0.914,0.914,0.914,0.914,0.914,0.914,0.914,0.914,0.914
2013-01-19 02:00:00,0.891,0.891,0.891,0.891,0.891,0.891,0.891,0.891,0.891,0.891,0.891,0.891,0.891,0.891,0.891,0.891,0.891
2013-01-19 03:00:00,0.888,0.888,0.888,0.888,0.888,0.888,0.888,0.888,0.888,0.888,0.888,0.888,0.888,0.888,0.888,0.888,0.888
2013-01-19 04:00:00,0.888,0.888,0.888,0.888,0.888,0.888,0.888,0.888,0.888,0.888,0.888,0.888,0.888,0.888,0.888,0.888,0.888
2013-01-19 05:00:00,0.894,0.894,0.894,0.894,0.894,0.894,0.894,0.894,0.894,0.894,0.894,0.894,0.894,0.894,0.894,0.894,0.894
2013-01-19 06:00:00,0.932,0.932,0.932,0.932,0.932,0.932,0.932,0.932,0.932,0.932,0.932,0.932,0.932,0.932,0.932,0.932,0.932
2013-01-19 07:00:00,0.968,0.968,0.968,0.968,0.968,0.968,0.968,0.968,0.968,0.968,0.968,0.968,0.968,0.968,0.968,0.968,0.968
2013-01-19 08:00:00,1.023,1.023,1.023,1.023,1.023,1.023,1.023,1.023,1.023,1.023,1.023,1.023,1.023,1.023,1.023,1.023,1.023
2013-01-19 09:00:00,1.078,1.078,1.078,1.078,1.078,1.078,1.078,1.078,1.078,1.078,1.078,1.078,1.078,1.078,1.078,1.078,1.078
2013-01-19 10:00:00,1.112,1.112,1.112,1.112,1.112,1.112,1.112,1.112,1.112,1.112,1.112,1.112,1.112,1.112,1.112,1.112,1.112
2013-01-19 11:00:00,1.127,1.127,1.127,1.127,1.127,1.127,1.127,1.127,1.127,1.127,1.127,1.127,1.127,1.127,1.127,1.127,1.127
2013-01-19 12:00:00,1.127,1.127,1.127,1.127,1.127,1.127,1.127,1.127,1.127,1.127,1.127,1.127,1.127,1.127,1.127,1.127,1.127
2013-01-19 13:00:00,1.134,1.134,1.134,1.134,1.134,1.134,1.134,1.134,1.134,1.134,1.134,1.134,1.134,1.134,1.134,1.134,1.134
2013-01-19 14:00:00,1.109,1.109,1.109,1.109,1.109,1.109,1.109,1.109,1.109,1.109,1.109,1.109,1.109,1.109,1.109,1.109,1.109
2013-01-19 15:00:00,1.094,1.094,1.094,1.094,1.094,1.094,1.094,1.094,1.094,1.094,1.094,1.094,1.094,1.094,1.094,1.094,1.094
2013-01-19 16:00:00,1.152,1.152,1.152,1.152,1.152,1.152,1.152,1.152,1.152,1.152,1.152,1.152,1.152,1.152,1.152,1.152,1.152
2013-01-19 17:00:00,1.189,1.189,1.189,1.189,1.189,1.189,1.189,1.189,1.189,1.189,1.189,1.189,1.189,1.189,1.189,1.189,1.189
2013-01-19 18:00:00,1.176,1.176,1.176,1.176,1.176,1.176,1.176,1.176,1.176,1.176,1.176,1.176,1.176,1.176,1.176,1.176,1.176
2013-01-19 19:00:00,1.156,1.156,1.156,1.156,1.156,1.156,1.156,1.156,1.156,1.156,1.156,1.156,1.156,1.156,1.156,1.156,1.156
2013-01-19 20:00:00,1.123,1.123,1.123,1.123,1.123,1.123,1.123,1.123,1.123,1.123,1.123,1.123,1.123,1.123,1.123,1.123,1.123
2013-01-19 21:00:00,1.063,1.063,1.063,1.063,1.063,1.063,1.063,1.063,1.063,1.063,1.063,1.063,1.063,1.063,1.063,1.063,1.063
2013-01-19 22:00:00,1.008,1.008,1.008,1.008,1.008,1.008,1.008,1.008,1.008,1.008,1.008,1.008,1.008,1.008,1.008,1.008,1.008
2013-01-19 23:00:00,0.939,0.939,0.939,0.939,0.939,0.939,0.939,0.939,0.939,0.939,0.939,0.939,0.939,0.939,0.939,0.939,0.939
2013-01-20 00:00:00,0.883,0.883,0.883,0.883,0.883,0.883,0.883,0.883,0.883,0.883,0.883,0.883,0.883,0.883,0.883,0.883,0.883
2013-01-20 01:00:00,0.841,0.841,0.841,0.841,0.841,0.841,0.841,0.841,0.841,0.841,0.841,0.841,0.841,0.841,0.841,0.841,0.841
2013-01-20 02:00:00,0.809,0.809,0.809,0.809,0.809,0.809,0.809,0.809,0.809,0.809,0.809,0.809,0.809,0.809,0.809,0.809,0.809
2013-01-20 03:00:00,0.808,0.808,0.808,0.808,0.808,0.808,0.808,0.808,0.808,0.808,0.808,0.808,0.808,0.808,0.808,0.808,0.808
2013-01-20 04:00:00,0.807,0.807,0.807,0.807,0.807,0.807,0.807,0.807,0.807,0.807,0.807,0.807,0.807,0.807,0.807,0.807,0.807
2013-01-20 05:00:00,0.812,0.812,0.812,0.812,0.812,0.812,0.812,0.812,0.812,0.812,0.812,0.812,0.812,0.812,0.812,0.812,0.812
2013-01-20 06:00:00,0.831,0.831,0.831,0.831,0.831,0.831,0.831,0.831,0.831,0.831,0.831,0.831,0.831,0.831,0.831,0.831,0.831
2013-01-20 07:00:00,0.842,0.842,0.842,0.842,0.842,0.842,0.842,0.842,0.842,0.842,0.842,0.842,0.842,0.842,0.842,0.842,0.842
2013-01-20 08:00:00,0.876,0.876,0.876,0.876,0.876,0.876,0.876,0.876,0.876,0.876,0.876,0.876,0.876,0.876,0.876,0.876,0.876
2013-01-20 09:00:00,0.934,0.934,0.934,0.934,0.934,0.934,0.934,0.934,0.934,0.934,0.934,0.934,0.934,0.934,0.934,0.934,0.934
2013-01-20 10:00:00,0.97,0.97,0.97,0.97,0.97,0.97,0.97,0.97,0.97,0.97,0.97,0.97,0.97,0.97,0.97,0.97,0.97
2013-01-20 11:00:00,0.993,0.993,0.993,0.993,0.993,0.993,0.993,0.993,0.993,0.993,0.993,0.993,0.993,0.993,0.993,0.993,0.993
2013-01-20 12:00:00,0.995,0.995,0.995,0.995,0.995,0.995,0.995,0.995,0.995,0.995,0.995,0.995,0.995,0.995,0.995,0.995,0.995
2013-01-20 13:00:00,1.003,1.003,1.003,1.003,1.003,1.003,1.003,1.003,1.003,1.003,1.003,1.003,1.003,1.003,1.003,1.003,1.003
2013-01-20 14:00:00,0.989,0.989,0.989,0.989,0.989,0.989,0.989,0.989,0.989,0.989,0.989,0.989,0.989,0.989,0.989,0.989,0.989
2013-01-20 15:00:00,0.972,0.972,0.972,0.972,0.972,0.972,0.972,0.972,0.972,0.972,0.972,0.972,0.972,0.972,0.972,0.972,0.972
2013-01-20 16:00:00,1.027,1.027,1.027,1.027,1.027,1.027,1.027,1.027,1.027,1.027,1.027,1.027,1.027,1.027,1.027,1.027,1.027
2013-01-20 17:00:00,1.08,1.08,1.08,1.08,1.08,1.08,1.08,1.08,1.08,1.08,1.08,1.08,1.08,1.08,1.08,1.08,1.08
2013-01-20 18:00:00,1.087,1.087,1.087,1.087,1.087,1.087,1.087,1.087,1.087,1.087,1.087,1.087,1.087,1.087,1.087,1.087,1.087
2013-01-20 19:00:00,1.093,1.093,1.093,1.093,1.093,1.093,1.093,1.093,1.093,1.093,1.093,1.093,1.093,1.093,1.093,1.093,1.093
2013-01-20 20:00:00,1.063,1.063,1.063,1.063,1.063,1.063,1.063,1.063,1.063,1.063,1.063,1.063,1.063,1.063,1.063,1.063,1.063
2013-01-20 21:00:00,1.012,1.012,1.012,1.012,1.012,1.012,1.012,1.012,1.012,1.012,1.012,1.012,1.012,1.012,1.012,1.012,1.012
2013-01-20 22:00:00,0.964,0.964,0.964,0.964,0.964,0.964,0.964,0.964,0.964,0.964,0.964,0.964,0.964,0.964,0.964,0.964,0.964
2013-01-20 23:00:00,0.902,0.902,0.902,0.902,0.902,0.902,0.902,0.902,0.902,0.902,0.902,0.902,0.902,0.902,0.902,0.902,0.902
2013-01-21 00:00:00,0.852,0.852,0.852,0.852,0.852,0.852,0.852,0.852,0.852,0.852,0.852,0.852,0.852,0.852,0.852,0.852,0.852
2013-01-21 01:00:00,0.823,0.823,0.823,0.823,0.823,0.823,0.823,0.823,0.823,0.823,0.823,0.823,0.823,0.823,0.823,0.823,0.823
2013-01-21 02:00:00,0.813,0.813,0.813,0.813,0.813,0.813,0.813,0.813,0.813,0.813,0.813,0.813,0.813,0.813,0.813,0.813,0.813
2013-01-21 03:00:00,0.813,0.813,0.813,0.813,0.813,0.813,0.813,0.813,0.813,0.813,0.813,0.813,0.813,0.813,0.813,0.813,0.813
2013-01-21 04:00:00,0.833,0.833,0.833,0.833,0.833,0.833,0.833,0.833,0.833,0.833,0.833,0.833,0.833,0.833,0.833,0.833,0.833
2013-01-21 05:00:00,0.884,0.884,0.884,0.884,0.884,0.884,0.884,0.884,0.884,0.884,0.884,0.884,0.884,0.884,0.884,0.884,0.884
2013-01-21 06:00:00,1.033,1.033,1.033,1.033,1.033,1.033,1.033,1.033,1.033,1.033,1.033,1.033,1.033,1.033,1.033,1.033,1.033
2013-01-21 07:00:00,1.145,1.145,1.145,1.145,1.145,1.145,1.145,1.145,1.145,1.145,1.145,1.145,1.145,1.145,1.145,1.145,1.145
2013-01-21 08:00:00,1.212,1.212,1.212,1.212,1.212,1.212,1.212,1.212,1.212,1.212,1.212,1.212,1.212,1.212,1.212,1.212,1.212
2013-01-21 09:00:00,1.244,1.244,1.244,1.244,1.244,1.244,1.244,1.244,1.244,1.244,1.244,1.244,1.244,1.244,1.244,1.244,1.244
2013-01-21 10:00:00,1.247,1.247,1.247,1.247,1.247,1.247,1.247,1.247,1.247,1.247,1.247,1.247,1.247,1.247,1.247,1.247,1.247
2013-01-21 11:00:00,1.26,1.26,1.26,1.26,1.26,1.26,1.26,1.26,1.26,1.26,1.26,1.26,1.26,1.26,1.26,1.26,1.26
2013-01-21 12:00:00,1.257,1.257,1.257,1.257,1.257,1.257,1.257,1.257,1.257,1.257,1.257,1.257,1.257,1.257,1.257,1.257,1.257
2013-01-21 13:00:00,1.273,1.273,1.273,1.273,1.273,1.273,1.273,1.273,1.273,1.273,1.273,1.273,1.273,1.273,1.273,1.273,1.273
2013-01-21 14:00:00,1.25,1.25,1.25,1.25,1.25,1.25,1.25,1.25,1.25,1.25,1.25,1.25,1.25,1.25,1.25,1.25,1.25
2013-01-21 15:00:00,1.236,1.236,1.236,1.236,1.236,1.236,1.236,1.236,1.236,1.236,1.236,1.236,1.236,1.236,1.236,1.236,1.236
2013-01-21 16:00:00,1.275,1.275,1.275,1.275,1.275,1.275,1.275,1.275,1.275,1.275,1.275,1.275,1.275,1.275,1.275,1.275,1.275
2013-01-21 17:00:00,1.309,1.309,1.309,1.309,1.309,1.309,1.309,1.309,1.309,1.309,1.309,1.309,1.309,1.309,1.309,1.309,1.309
2013-01-21 18:00:00,1.288,1.288,1.288,1.288,1.288,1.288,1.288,1.288,1.288,1.288,1.288,1.288,1.288,1.288,1.288,1.288,1.288
2013-01-21 19:00:00,1.283,1.283,1.283,1.283,1.283,1.283,1.283,1.283,1.283,1.283,1.283,1.283,1.283,1.283,1.283,1.283,1.283
2013-01-21 20:00:00,1.248,1.248,1.248,1.248,1.248,1.248,1.248,1.248,1.248,1.248,1.248,1.248,1.248,1.248,1.248,1.248,1.248
2013-01-21 21:00:00,1.182,1.182,1.182,1.182,1.182,1.182,1.182,1.182,1.182,1.182,1.182,1.182,1.182,1.182,1.182,1.182,1.182
2013-01-21 22:00:00,1.105,1.105,1.105,1.105,1.105,1.105,1.105,1.105,1.105,1.105,1.105,1.105,1.105,1.105,1.105,1.105,1.105
2013-01-21 23:00:00,1.025,1.025,1.025,1.025,1.025,1.025,1.025,1.025,1.025,1.025,1.025,1.025,1.025,1.025,1.025,1.025,1.025
2013-01-22 00:00:00,0.962,0.962,0.962,0.962,0.962,0.962,0.962,0.962,0.962,0.962,0.962,0.962,0.962,0.962,0.962,0.962,0.962
2013-01-22 01:00:00,0.93,0.93,0.93,0.93,0.93,0.93,0.93,0.93,0.93,0.93,0.93,0.93,0.93,0.93,0.93,0.93,0.93
2013-01-22 02:00:00,0.907,0.907,0.907,0.907,0.907,0.907,0.907,0.907,0.907,0.907,0.907,0.907,0.907,0.907,0.907,0.907,0.907
2013-01-22 03:00:00,0.908,0.908,0.908,0.908,0.908,0.908,0.908,0.908,0.908,0.908,0.908,0.908,0.908,0.908,0.908,0.908,0.908
2013-01-22 04:00:00,0.918,0.918,0.918,0.918,0.918,0.918,0.918,0.918,0.918,0.918,0.918,0.918,0.918,0.918,0.918,0.918,0.918
2013-01-22 05:00:00,0.958,0.958,0.958,0.958,0.958,0.958,0.958,0.958,0.958,0.958,0.958,0.958,0.958,0.958,0.958,0.958,0.958
2013-01-22 06:00:00,1.07,1.07,1.07,1.07,1.07,1.07,1.07,1.07,1.07,1.07,1.07,1.07,1.07,1.07,1.07,1.07,1.07
2013-01-22 07:00:00,1.166,1.166,1.166,1.166,1.166,1.166,1.166,1.166,1.166,1.166,1.166,1.166,1.166,1.166,1.166,1.166,1.166
2013-01-22 08:00:00,1.214,1.214,1.214,1.214,1.214,1.214,1.214,1.214,1.214,1.214,1.214,1.214,1.214,1.214,1.214,1.214,1.214
2013-01-22 09:00:00,1.245,1.245,1.245,1.245,1.245,1.245,1.245,1.245,1.245,1.245,1.245,1.245,1.245,1.245,1.245,1.245,1.245
2013-01-22 10:00:00,1.249,1.249,1.249,1.249,1.249,1.249,1.249,1.249,1.249,1.249,1.249,1.249,1.249,1.249,1.249,1.249,1.249
2013-01-22 11:00:00,1.265,1.265,1.265,1.265,1.265,1.265,1.265,1.265,1.265,1.265,1.265,1.265,1.265,1.265,1.265,1.265,1.265
2013-01-22 12:00:00,1.266,1.266,1.266,1.266,1.266,1.266,1.266,1.266,1.266,1.266,1.266,1.266,1.266,1.266,1.266,1.266,1.266
2013-01-22 13:00:00,1.272,1.272,1.272,1.272,1.272,1.272,1.272,1.272,1.272,1.272,1.272,1.272,1.272,1.272,1.272,1.272,1.272
2013-01-22 14:00:00,1.251,1.251,1.251,1.251,1.251,1.251,1.251,1.251,1.251,1.251,1.251,1.251,1.251,1.251,1.251,1.251,1.251
2013-01-22 15:00:00,1.232,1.232,1.232,1.232,1.232,1.232,1.232,1.232,1.232,1.232,1.232,1.232,1.232,1.232,1.232,1.232,1.232
2013-01-22 16:00:00,1.274,1.274,1.274,1.274,1.274,1.274,1.274,1.274,1.274,1.274,1.274,1.274,1.274,1.274,1.274,1.274,1.274
2013-01-22 17:00:00,1.32,1.32,1.32,1.32,1.32,1.32,1.32,1.32,1.32,1.32,1.32,1.32,1.32,1.32,1.32,1.32,1.32
2013-01-22 18:00:00,1.306,1.306,1.306,1.306,1.306,1.306,1.306,1.306,1.306,1.306,1.306,1.306,1.306,1.306,1.306,1.306,1.306
2013-01-22 19:00:00,1.297,1.297,1.297,1.297,1.297,1.297,1.297,1.297,1.297,1.297,1.297,1.297,1.297,1.297,1.297,1.297,1.297
2013-01-22 20:00:00,1.258,1.258,1.258,1.258,1.258,1.258,1.258,1.258,1.258,1.258,1.258,1.258,1.258,1.258,1.258,1.258,1.258
2013-01-22 21:00:00,1.187,1.187,1.187,1.187,1.187,1.187,1.187,1.187,1.187,1.187,1.187,1.187,1.187,1.187,1.187,1.187,1.187
2013-01-22 22:00:00,1.105,1.105,1.105,1.105,1.105,1.105,1.105,1.105,1.105,1.105,1.105,1.105,1.105,1.105,1.105,1.105,1.105
2013-01-22 23:00:00,1.03,1.03,1.03,1.03,1.03,1.03,1.03,1.03,1.03,1.03,1.03,1.03,1.03,1.03,1.03,1.03,1.03
2013-01-23 00:00:00,0.97,0.97,0.97,0.97,0.97,0.97,0.97,0.97,0.97,0.97,0.97,0.97,0.97,0.97,0.97,0.97,0.97
2013-01-23 01:00:00,0.936,0.936,0.936,0.936,0.936,0.936,0.936,0.936,0.936,0.936,0.936,0.936,0.936,0.936,0.936,0.936,0.936
2013-01-23 02:00:00,0.915,0.915,0.915,0.915,0.915,0.915,0.915,0.915,0.915,0.915,0.915,0.915,0.915,0.915,0.915,0.915,0.915
2013-01-23 03:00:00,0.916,0.916,0.916,0.916,0.916,0.916,0.916,0.916,0.916,0.916,0.916,0.916,0.916,0.916,0.916,0.916,0.916
2013-01-23 04:00:00,0.931,0.931,0.931,0.931,0.931,0.931,0.931,0.931,0.931,0.931,0.931,0.931,0.931,0.931,0.931,0.931,0.931
2013-01-23 05:00:00,0.97,0.97,0.97,0.97,0.97,0.97,0.97,0.97,0.97,0.97,0.97,0.97,0.97,0.97,0.97,0.97,0.97
2013-01-23 06:00:00,1.09,1.09,1.09,1.09,1.09,1.09,1.09,1.09,1.09,1.09,1.09,1.09,1.09,1.09,1.09,1.09,1.09
2013-01-23 07:00:00,1.182,1.182,1.182,1.182,1.182,1.182,1.182,1.182,1.182,1.182,1.182,1.182,1.182,1.182,1.182,1.182,1.182
2013-01-23 08:00:00,1.23,1.23,1.23,1.23,1.23,1.23,1.23,1.23,1.23,1.23,1.23,1.23,1.23,1.23,1.23,1.23,1.23
2013-01-23 09:00:00,1.26,1.26,1.26,1.26,1.26,1.26,1.26,1.26,1.26,1.26,1.26,1.26,1.26,1.26,1.26,1.26,1.26
2013-01-23 10:00:00,1.267,1.267,1.267,1.267,1.267,1.267,1.267,1.267,1.267,1.267,1.267,1.267,1.267,1.267,1.267,1.267,1.267
2013-01-23 11:00:00,1.272,1.272,1.272,1.272,1.272,1.272,1.272,1.272,1.272,1.272,1.272,1.272,1.272,1.272,1.272,1.272,1.272
2013-01-23 12:00:00,1.275,1.275,1.275,1.275,1.275,1.275,1.275,1.275,1.275,1.275,1.275,1.275,1.275,1.275,1.275,1.275,1.275
2013-01-23 13:00:00,1.281,1.281,1.281,1.281,1.281,1.281,1.281,1.281,1.281,1.281,1.281,1.281,1.281,1.281,1.281,1.281,1.281
2013-01-23 14:00:00,1.26,1.26,1.26,1.26,1.26,1.26,1.26,1.26,1.26,1.26,1.26,1.26,1.26,1.26,1.26,1.26,1.26
2013-01-23 15:00:00,1.238,1.238,1.238,1.238,1.238,1.238,1.238,1.238,1.238,1.238,1.238,1.238,1.238,1.238,1.238,1.238,1.238
2013-01-23 16:00:00,1.28,1.28,1.28,1.28,1.28,1.28,1.28,1.28,1.28,1.28,1.28,1.28,1.28,1.28,1.28,1.28,1.28
2013-01-23 17:00:00,1.324,1.324,1.324,1.324,1.324,1.324,1.324,1.324,1.324,1.324,1.324,1.324,1.324,1.324,1.324,1.324,1.324
2013-01-23 18:00:00,1.309,1.309,1.309,1.309,1.309,1.309,1.309,1.309,1.309,1.309,1.309,1.309,1.309,1.309,1.309,1.309,1.309
2013-01-23 19:00:00,1.298,1.298,1.298,1.298,1.298,1.298,1.298,1.298,1.298,1.298,1.298,1.298,1.298,1.298,1.298,1.298,1.298
2013-01-23 20:00:00,1.261,1.261,1.261,1.261,1.261,1.261,1.261,1.261,1.261,1.261,1.261,1.261,1.261,1.261,1.261,1.261,1.261
2013-01-23 21:00:00,1.183,1.183,1.183,1.183,1.183,1.183,1.183,1.183,1.183,1.183,1.183,1.183,1.183,1.183,1.183,1.183,1.183
2013-01-23 22:00:00,1.101,1.101,1.101,1.101,1.101,1.101,1.101,1.101,1.101,1.101,1.101,1.101,1.101,1.101,1.101,1.101,1.101
2013-01-23 23:00:00,1.026,1.026,1.026,1.026,1.026,1.026,1.026,1.026,1.026,1.026,1.026,1.026,1.026,1.026,1.026,1.026,1.026
2013-01-24 00:00:00,0.962,0.962,0.962,0.962,0.962,0.962,0.962,0.962,0.962,0.962,0.962,0.962,0.962,0.962,0.962,0.962,0.962
2013-01-24 01:00:00,0.927,0.927,0.927,0.927,0.927,0.927,0.927,0.927,0.927,0.927,0.927,0.927,0.927,0.927,0.927,0.927,0.927
2013-01-24 02:00:00,0.906,0.906,0.906,0.906,0.906,0.906,0.906,0.906,0.906,0.906,0.906,0.906,0.906,0.906,0.906,0.906,0.906
2013-01-24 03:00:00,0.907,0.907,0.907,0.907,0.907,0.907,0.907,0.907,0.907,0.907,0.907,0.907,0.907,0.907,0.907,0.907,0.907
2013-01-24 04:00:00,0.919,0.919,0.919,0.919,0.919,0.919,0.919,0.919,0.919,0.919,0.919,0.919,0.919,0.919,0.919,0.919,0.919
2013-01-24 05:00:00,0.956,0.956,0.956,0.956,0.956,0.956,0.956,0.956,0.956,0.956,0.956,0.956,0.956,0.956,0.956,0.956,0.956
2013-01-24 06:00:00,1.079,1.079,1.079,1.079,1.079,1.079,1.079,1.079,1.079,1.079,1.079,1.079,1.079,1.079,1.079,1.079,1.079
2013-01-24 07:00:00,1.175,1.175,1.175,1.175,1.175,1.175,1.175,1.175,1.175,1.175,1.175,1.175,1.175,1.175,1.175,1.175,1.175
2013-01-24 08:00:00,1.225,1.225,1.225,1.225,1.225,1.225,1.225,1.225,1.225,1.225,1.225,1.225,1.225,1.225,1.225,1.225,1.225
2013-01-24 09:00:00,1.253,1.253,1.253,1.253,1.253,1.253,1.253,1.253,1.253,1.253,1.253,1.253,1.253,1.253,1.253,1.253,1.253
2013-01-24 10:00:00,1.257,1.257,1.257,1.257,1.257,1.257,1.257,1.257,1.257,1.257,1.257,1.257,1.257,1.257,1.257,1.257,1.257
2013-01-24 11:00:00,1.269,1.269,1.269,1.269,1.269,1.269,1.269,1.269,1.269,1.269,1.269,1.269,1.269,1.269,1.269,1.269,1.269
2013-01-24 12:00:00,1.268,1.268,1.268,1.268,1.268,1.268,1.268,1.268,1.268,1.268,1.268,1.268,1.268,1.268,1.268,1.268,1.268
2013-01-24 13:00:00,1.27,1.27,1.27,1.27,1.27,1.27,1.27,1.27,1.27,1.27,1.27,1.27,1.27,1.27,1.27,1.27,1.27
2013-01-24 14:00:00,1.251,1.251,1.251,1.251,1.251,1.251,1.251,1.251,1.251,1.251,1.251,1.251,1.251,1.251,1.251,1.251,1.251
2013-01-24 15:00:00,1.232,1.232,1.232,1.232,1.232,1.232,1.232,1.232,1.232,1.232,1.232,1.232,1.232,1.232,1.232,1.232,1.232
2013-01-24 16:00:00,1.273,1.273,1.273,1.273,1.273,1.273,1.273,1.273,1.273,1.273,1.273,1.273,1.273,1.273,1.273,1.273,1.273
2013-01-24 17:00:00,1.321,1.321,1.321,1.321,1.321,1.321,1.321,1.321,1.321,1.321,1.321,1.321,1.321,1.321,1.321,1.321,1.321
2013-01-24 18:00:00,1.302,1.302,1.302,1.302,1.302,1.302,1.302,1.302,1.302,1.302,1.302,1.302,1.302,1.302,1.302,1.302,1.302
2013-01-24 19:00:00,1.294,1.294,1.294,1.294,1.294,1.294,1.294,1.294,1.294,1.294,1.294,1.294,1.294,1.294,1.294,1.294,1.294
2013-01-24 20:00:00,1.262,1.262,1.262,1.262,1.262,1.262,1.262,1.262,1.262,1.262,1.262,1.262,1.262,1.262,1.262,1.262,1.262
2013-01-24 21:00:00,1.191,1.191,1.191,1.191,1.191,1.191,1.191,1.191,1.191,1.191,1.191,1.191,1.191,1.191,1.191,1.191,1.191
2013-01-24 22:00:00,1.107,1.107,1.107,1.107,1.107,1.107,1.107,1.107,1.107,1.107,1.107,1.107,1.107,1.107,1.107,1.107,1.107
2013-01-24 23:00:00,1.033,1.033,1.033,1.033,1.033,1.033,1.033,1.033,1.033,1.033,1.033,1.033,1.033,1.033,1.033,1.033,1.033
2013-01-25 00:00:00,0.975,0.975,0.975,0.975,0.975,0.975,0.975,0.975,0.975,0.975,0.975,0.975,0.975,0.975,0.975,0.975,0.975
2013-01-25 01:00:00,0.938,0.938,0.938,0.938,0.938,0.938,0.938,0.938,0.938,0.938,0.938,0.938,0.938,0.938,0.938,0.938,0.938
2013-01-25 02:00:00,0.914,0.914,0.914,0.914,0.914,0.914,0.914,0.914,0.914,0.914,0.914,0.914,0.914,0.914,0.914,0.914,0.914
2013-01-25 03:00:00,0.915,0.915,0.915,0.915,0.915,0.915,0.915,0.915,0.915,0.915,0.915,0.915,0.915,0.915,0.915,0.915,0.915
2013-01-25 04:00:00,0.93,0.93,0.93,0.93,0.93,0.93,0.93,0.93,0.93,0.93,0.93,0.93,0.93,0.93,0.93,0.93,0.93
2013-01-25 05:00:00,0.972,0.972,0.972,0.972,0.972,0.972,0.972,0.972,0.972,0.972,0.972,0.972,0.972,0.972,0.972,0.972,0.972
2013-01-25 06:00:00,1.087,1.087,1.087,1.087,1.087,1.087,1.087,1.087,1.087,1.087,1.087,1.087,1.087,1.087,1.087,1.087,1.087
2013-01-25 07:00:00,1.172,1.172,1.172,1.172,1.172,1.172,1.172,1.172,1.172,1.172,1.172,1.172,1.172,1.172,1.172,1.172,1.172
2013-01-25 08:00:00,1.216,1.216,1.216,1.216,1.216,1.216,1.216,1.216,1.216,1.216,1.216,1.216,1.216,1.216,1.216,1.216,1.216
2013-01-25 09:00:00,1.248,1.248,1.248,1.248,1.248,1.248,1.248,1.248,1.248,1.248,1.248,1.248,1.248,1.248,1.248,1.248,1.248
2013-01-25 10:00:00,1.254,1.254,1.254,1.254,1.254,1.254,1.254,1.254,1.254,1.254,1.254,1.254,1.254,1.254,1.254,1.254,1.254
2013-01-25 11:00:00,1.264,1.264,1.264,1.264,1.264,1.264,1.264,1.264,1.264,1.264,1.264,1.264,1.264,1.264,1.264,1.264,1.264
2013-01-25 12:00:00,1.262,1.262,1.262,1.262,1.262,1.262,1.262,1.262,1.262,1.262,1.262,1.262,1.262,1.262,1.262,1.262,1.262
2013-01-25 13:00:00,1.267,1.267,1.267,1.267,1.267,1.267,1.267,1.267,1.267,1.267,1.267,1.267,1.267,1.267,1.267,1.267,1.267
2013-01-25 14:00:00,1.24,1.24,1.24,1.24,1.24,1.24,1.24,1.24,1.24,1.24,1.24,1.24,1.24,1.24,1.24,1.24,1.24
2013-01-25 15:00:00,1.22,1.22,1.22,1.22,1.22,1.22,1.22,1.22,1.22,1.22,1.22,1.22,1.22,1.22,1.22,1.22,1.22
2013-01-25 16:00:00,1.261,1.261,1.261,1.261,1.261,1.261,1.261,1.261,1.261,1.261,1.261,1.261,1.261,1.261,1.261,1.261,1.261
2013-01-25 17:00:00,1.316,1.316,1.316,1.316,1.316,1.316,1.316,1.316,1.316,1.316,1.316,1.316,1.316,1.316,1.316,1.316,1.316
2013-01-25 18:00:00,1.296,1.296,1.296,1.296,1.296,1.296,1.296,1.296,1.296,1.296,1.296,1.296,1.296,1.296,1.296,1.296,1.296
2013-01-25 19:00:00,1.289,1.289,1.289,1.289,1.289,1.289,1.289,1.289,1.289,1.289,1.289,1.289,1.289,1.289,1.289,1.289,1.289
2013-01-25 20:00:00,1.247,1.247,1.247,1.247,1.247,1.247,1.247,1.247,1.247,1.247,1.247,1.247,1.247,1.247,1.247,1.247,1.247
2013-01-25 21:00:00,1.172,1.172,1.172,1.172,1.172,1.172,1.172,1.172,1.172,1.172,1.172,1.172,1.172,1.172,1.172,1.172,1.172
2013-01-25 22:00:00,1.102,1.102,1.102,1.102,1.102,1.102,1.102,1.102,1.102,1.102,1.102,1.102,1.102,1.102,1.102,1.102,1.102
2013-01-25 23:00:00,1.031,1.031,1.031,1.031,1.031,1.031,1.031,1.031,1.031,1.031,1.031,1.031,1.031,1.031,1.031,1.031,1.031
2013-01-26 00:00:00,0.972,0.972,0.972,0.972,0.972,0.972,0.972,0.972,0.972,0.972,0.972,0.972,0.972,0.972,0.972,0.972,0.972
2013-01-26 01:00:00,0.928,0.928,0.928,0.928,0.928,0.928,0.928,0.928,0.928,0.928,0.928,0.928,0.928,0.928,0.928,0.928,0.928
2013-01-26 02:00:00,0.91,0.91,0.91,0.91,0.91,0.91,0.91,0.91,0.91,0.91,0.91,0.91,0.91,0.91,0.91,0.91,0.91
2013-01-26 03:00:00,0.905,0.905,0.905,0.905,0.905,0.905,0.905,0.905,0.905,0.905,0.905,0.905,0.905,0.905,0.905,0.905,0.905
2013-01-26 04:00:00,0.906,0.906,0.906,0.906,0.906,0.906,0.906,0.906,0.906,0.906,0.906,0.906,0.906,0.906,0.906,0.906,0.906
2013-01-26 05:00:00,0.906,0.906,0.906,0.906,0.906,0.906,0.906,0.906,0.906,0.906,0.906,0.906,0.906,0.906,0.906,0.906,0.906
2013-01-26 06:00:00,0.941,0.941,0.941,0.941,0.941,0.941,0.941,0.941,0.941,0.941,0.941,0.941,0.941,0.941,0.941,0.941,0.941
2013-01-26 07:00:00,0.975,0.975,0.975,0.975,0.975,0.975,0.975,0.975,0.975,0.975,0.975,0.975,0.975,0.975,0.975,0.975,0.975
2013-01-26 08:00:00,1.031,1.031,1.031,1.031,1.031,1.031,1.031,1.031,1.031,1.031,1.031,1.031,1.031,1.031,1.031,1.031,1.031
2013-01-26 09:00:00,1.092,1.092,1.092,1.092,1.092,1.092,1.092,1.092,1.092,1.092,1.092,1.092,1.092,1.092,1.092,1.092,1.092
2013-01-26 10:00:00,1.117,1.117,1.117,1.117,1.117,1.117,1.117,1.117,1.117,1.117,1.117,1.117,1.117,1.117,1.117,1.117,1.117
2013-01-26 11:00:00,1.129,1.129,1.129,1.129,1.129,1.129,1.129,1.129,1.129,1.129,1.129,1.129,1.129,1.129,1.129,1.129,1.129
2013-01-26 12:00:00,1.122,1.122,1.122,1.122,1.122,1.122,1.122,1.122,1.122,1.122,1.122,1.122,1.122,1.122,1.122,1.122,1.122
2013-01-26 13:00:00,1.121,1.121,1.121,1.121,1.121,1.121,1.121,1.121,1.121,1.121,1.121,1.121,1.121,1.121,1.121,1.121,1.121
2013-01-26 14:00:00,1.099,1.099,1.099,1.099,1.099,1.099,1.099,1.099,1.099,1.099,1.099,1.099,1.099,1.099,1.099,1.099,1.099
2013-01-26 15:00:00,1.073,1.073,1.073,1.073,1.073,1.073,1.073,1.073,1.073,1.073,1.073,1.073,1.073,1.073,1.073,1.073,1.073
2013-01-26 16:00:00,1.119,1.119,1.119,1.119,1.119,1.119,1.119,1.119,1.119,1.119,1.119,1.119,1.119,1.119,1.119,1.119,1.119
2013-01-26 17:00:00,1.182,1.182,1.182,1.182,1.182,1.182,1.182,1.182,1.182,1.182,1.182,1.182,1.182,1.182,1.182,1.182,1.182
2013-01-26 18:00:00,1.177,1.177,1.177,1.177,1.177,1.177,1.177,1.177,1.177,1.177,1.177,1.177,1.177,1.177,1.177,1.177,1.177
2013-01-26 19:00:00,1.16,1.16,1.16,1.16,1.16,1.16,1.16,1.16,1.16,1.16,1.16,1.16,1.16,1.16,1.16,1.16,1.16
2013-01-26 20:00:00,1.125,1.125,1.125,1.125,1.125,1.125,1.125,1.125,1.125,1.125,1.125,1.125,1.125,1.125,1.125,1.125,1.125
2013-01-26 21:00:00,1.068,1.068,1.068,1.068,1.068,1.068,1.068,1.068,1.068,1.068,1.068,1.068,1.068,1.068,1.068,1.068,1.068
2013-01-26 22:00:00,1.013,1.013,1.013,1.013,1.013,1.013,1.013,1.013,1.013,1.013,1.013,1.013,1.013,1.013,1.013,1.013,1.013
2013-01-26 23:00:00,0.949,0.949,0.949,0.949,0.949,0.949,0.949,0.949,0.949,0.949,0.949,0.949,0.949,0.949,0.949,0.949,0.949
2013-01-27 00:00:00,0.891,0.891,0.891,0.891,0.891,0.891,0.891,0.891,0.891,0.891,0.891,0.891,0.891,0.891,0.891,0.891,0.891
2013-01-27 01:00:00,0.847,0.847,0.847,0.847,0.847,0.847,0.847,0.847,0.847,0.847,0.847,0.847,0.847,0.847,0.847,0.847,0.847
2013-01-27 02:00:00,0.831,0.831,0.831,0.831,0.831,0.831,0.831,0.831,0.831,0.831,0.831,0.831,0.831,0.831,0.831,0.831,0.831
2013-01-27 03:00:00,0.825,0.825,0.825,0.825,0.825,0.825,0.825,0.825,0.825,0.825,0.825,0.825,0.825,0.825,0.825,0.825,0.825
2013-01-27 04:00:00,0.824,0.824,0.824,0.824,0.824,0.824,0.824,0.824,0.824,0.824,0.824,0.824,0.824,0.824,0.824,0.824,0.824
2013-01-27 05:00:00,0.834,0.834,0.834,0.834,0.834,0.834,0.834,0.834,0.834,0.834,0.834,0.834,0.834,0.834,0.834,0.834,0.834
2013-01-27 06:00:00,0.848,0.848,0.848,0.848,0.848,0.848,0.848,0.848,0.848,0.848,0.848,0.848,0.848,0.848,0.848,0.848,0.848
2013-01-27 07:00:00,0.85,0.85,0.85,0.85,0.85,0.85,0.85,0.85,0.85,0.85,0.85,0.85,0.85,0.85,0.85,0.85,0.85
2013-01-27 08:00:00,0.896,0.896,0.896,0.896,0.896,0.896,0.896,0.896,0.896,0.896,0.896,0.896,0.896,0.896,0.896,0.896,0.896
2013-01-27 09:00:00,0.955,0.955,0.955,0.955,0.955,0.955,0.955,0.955,0.955,0.955,0.955,0.955,0.955,0.955,0.955,0.955,0.955
2013-01-27 10:00:00,0.988,0.988,0.988,0.988,0.988,0.988,0.988,0.988,0.988,0.988,0.988,0.988,0.988,0.988,0.988,0.988,0.988
2013-01-27 11:00:00,1.001,1.001,1.001,1.001,1.001,1.001,1.001,1.001,1.001,1.001,1.001,1.001,1.001,1.001,1.001,1.001,1.001
2013-01-27 12:00:00,1.004,1.004,1.004,1.004,1.004,1.004,1.004,1.004,1.004,1.004,1.004,1.004,1.004,1.004,1.004,1.004,1.004
2013-01-27 13:00:00,1.011,1.011,1.011,1.011,1.011,1.011,1.011,1.011,1.011,1.011,1.011,1.011,1.011,1.011,1.011,1.011,1.011
2013-01-27 14:00:00,0.994,0.994,0.994,0.994,0.994,0.994,0.994,0.994,0.994,0.994,0.994,0.994,0.994,0.994,0.994,0.994,0.994
2013-01-27 15:00:00,0.972,0.972,0.972,0.972,0.972,0.972,0.972,0.972,0.972,0.972,0.972,0.972,0.972,0.972,0.972,0.972,0.972
2013-01-27 16:00:00,1.014,1.014,1.014,1.014,1.014,1.014,1.014,1.014,1.014,1.014,1.014,1.014,1.014,1.014,1.014,1.014,1.014
2013-01-27 17:00:00,1.085,1.085,1.085,1.085,1.085,1.085,1.085,1.085,1.085,1.085,1.085,1.085,1.085,1.085,1.085,1.085,1.085
2013-01-27 18:00:00,1.093,1.093,1.093,1.093,1.093,1.093,1.093,1.093,1.093,1.093,1.093,1.093,1.093,1.093,1.093,1.093,1.093
2013-01-27 19:00:00,1.098,1.098,1.098,1.098,1.098,1.098,1.098,1.098,1.098,1.098,1.098,1.098,1.098,1.098,1.098,1.098,1.098
2013-01-27 20:00:00,1.068,1.068,1.068,1.068,1.068,1.068,1.068,1.068,1.068,1.068,1.068,1.068,1.068,1.068,1.068,1.068,1.068
2013-01-27 21:00:00,1.018,1.018,1.018,1.018,1.018,1.018,1.018,1.018,1.018,1.018,1.018,1.018,1.018,1.018,1.018,1.018,1.018
2013-01-27 22:00:00,0.972,0.972,0.972,0.972,0.972,0.972,0.972,0.972,0.972,0.972,0.972,0.972,0.972,0.972,0.972,0.972,0.972
2013-01-27 23:00:00,0.91,0.91,0.91,0.91,0.91,0.91,0.91,0.91,0.91,0.91,0.91,0.91,0.91,0.91,0.91,0.91,0.91
2013-01-28 00:00:00,0.862,0.862,0.862,0.862,0.862,0.862,0.862,0.862,0.862,0.862,0.862,0.862,0.862,0.862,0.862,0.862,0.862
2013-01-28 01:00:00,0.835,0.835,0.835,0.835,0.835,0.835,0.835,0.835,0.835,0.835,0.835,0.835,0.835,0.835,0.835,0.835,0.835
2013-01-28 02:00:00,0.825,0.825,0.825,0.825,0.825,0.825,0.825,0.825,0.825,0.825,0.825,0.825,0.825,0.825,0.825,0.825,0.825
2013-01-28 03:00:00,0.83,0.83,0.83,0.83,0.83,0.83,0.83,0.83,0.83,0.83,0.83,0.83,0.83,0.83,0.83,0.83,0.83
2013-01-28 04:00:00,0.847,0.847,0.847,0.847,0.847,0.847,0.847,0.847,0.847,0.847,0.847,0.847,0.847,0.847,0.847,0.847,0.847
2013-01-28 05:00:00,0.898,0.898,0.898,0.898,0.898,0.898,0.898,0.898,0.898,0.898,0.898,0.898,0.898,0.898,0.898,0.898,0.898
2013-01-28 06:00:00,1.046,1.046,1.046,1.046,1.046,1.046,1.046,1.046,1.046,1.046,1.046,1.046,1.046,1.046,1.046,1.046,1.046
2013-01-28 07:00:00,1.141,1.141,1.141,1.141,1.141,1.141,1.141,1.141,1.141,1.141,1.141,1.141,1.141,1.141,1.141,1.141,1.141
2013-01-28 08:00:00,1.203,1.203,1.203,1.203,1.203,1.203,1.203,1.203,1.203,1.203,1.203,1.203,1.203,1.203,1.203,1.203,1.203
2013-01-28 09:00:00,1.232,1.232,1.232,1.232,1.232,1.232,1.232,1.232,1.232,1.232,1.232,1.232,1.232,1.232,1.232,1.232,1.232
2013-01-28 10:00:00,1.235,1.235,1.235,1.235,1.235,1.235,1.235,1.235,1.235,1.235,1.235,1.235,1.235,1.235,1.235,1.235,1.235
2013-01-28 11:00:00,1.243,1.243,1.243,1.243,1.243,1.243,1.243,1.243,1.243,1.243,1.243,1.243,1.243,1.243,1.243,1.243,1.243
2013-01-28 12:00:00,1.243,1.243,1.243,1.243,1.243,1.243,1.243,1.243,1.243,1.243,1.243,1.243,1.243,1.243,1.243,1.243,1.243
2013-01-28 13:00:00,1.247,1.247,1.247,1.247,1.247,1.247,1.247,1.247,1.247,1.247,1.247,1.247,1.247,1.247,1.247,1.247,1.247
2013-01-28 14:00:00,1.227,1.227,1.227,1.227,1.227,1.227,1.227,1.227,1.227,1.227,1.227,1.227,1.227,1.227,1.227,1.227,1.227
2013-01-28 15:00:00,1.206,1.206,1.206,1.206,1.206,1.206,1.206,1.206,1.206,1.206,1.206,1.206,1.206,1.206,1.206,1.206,1.206
2013-01-28 16:00:00,1.239,1.239,1.239,1.239,1.239,1.239,1.239,1.239,1.239,1.239,1.239,1.239,1.239,1.239,1.239,1.239,1.239
2013-01-28 17:00:00,1.286,1.286,1.286,1.286,1.286,1.286,1.286,1.286,1.286,1.286,1.286,1.286,1.286,1.286,1.286,1.286,1.286
2013-01-28 18:00:00,1.274,1.274,1.274,1.274,1.274,1.274,1.274,1.274,1.274,1.274,1.274,1.274,1.274,1.274,1.274,1.274,1.274
2013-01-28 19:00:00,1.268,1.268,1.268,1.268,1.268,1.268,1.268,1.268,1.268,1.268,1.268,1.268,1.268,1.268,1.268,1.268,1.268
2013-01-28 20:00:00,1.226,1.226,1.226,1.226,1.226,1.226,1.226,1.226,1.226,1.226,1.226,1.226,1.226,1.226,1.226,1.226,1.226
2013-01-28 21:00:00,1.152,1.152,1.152,1.152,1.152,1.152,1.152,1.152,1.152,1.152,1.152,1.152,1.152,1.152,1.152,1.152,1.152
2013-01-28 22:00:00,1.064,1.064,1.064,1.064,1.064,1.064,1.064,1.064,1.064,1.064,1.064,1.064,1.064,1.064,1.064,1.064,1.064
2013-01-28 23:00:00,0.983,0.983,0.983,0.983,0.983,0.983,0.983,0.983,0.983,0.983,0.983,0.983,0.983,0.983,0.983,0.983,0.983
2013-01-29 00:00:00,0.924,0.924,0.924,0.924,0.924,0.924,0.924,0.924,0.924,0.924,0.924,0.924,0.924,0.924,0.924,0.924,0.924
2013-01-29 01:00:00,0.887,0.887,0.887,0.887,0.887,0.887,0.887,0.887,0.887,0.887,0.887,0.887,0.887,0.887,0.887,0.887,0.887
2013-01-29 02:00:00,0.876,0.876,0.876,0.876,0.876,0.876,0.876,0.876,0.876,0.876,0.876,0.876,0.876,0.876,0.876,0.876,0.876
2013-01-29 03:00:00,0.877,0.877,0.877,0.877,0.877,0.877,0.877,0.877,0.877,0.877,0.877,0.877,0.877,0.877,0.877,0.877,0.877
2013-01-29 04:00:00,0.889,0.889,0.889,0.889,0.889,0.889,0.889,0.889,0.889,0.889,0.889,0.889,0.889,0.889,0.889,0.889,0.889
2013-01-29 05:00:00,0.925,0.925,0.925,0.925,0.925,0.925,0.925,0.925,0.925,0.925,0.925,0.925,0.925,0.925,0.925,0.925,0.925
2013-01-29 06:00:00,1.042,1.042,1.042,1.042,1.042,1.042,1.042,1.042,1.042,1.042,1.042,1.042,1.042,1.042,1.042,1.042,1.042
2013-01-29 07:00:00,1.129,1.129,1.129,1.129,1.129,1.129,1.129,1.129,1.129,1.129,1.129,1.129,1.129,1.129,1.129,1.129,1.129
2013-01-29 08:00:00,1.176,1.176,1.176,1.176,1.176,1.176,1.176,1.176,1.176,1.176,1.176,1.176,1.176,1.176,1.176,1.176,1.176
2013-01-29 09:00:00,1.198,1.198,1.198,1.198,1.198,1.198,1.198,1.198,1.198,1.198,1.198,1.198,1.198,1.198,1.198,1.198,1.198
2013-01-29 10:00:00,1.196,1.196,1.196,1.196,1.196,1.196,1.196,1.196,1.196,1.196,1.196,1.196,1.196,1.196,1.196,1.196,1.196
2013-01-29 11:00:00,1.207,1.207,1.207,1.207,1.207,1.207,1.207,1.207,1.207,1.207,1.207,1.207,1.207,1.207,1.207,1.207,1.207
2013-01-29 12:00:00,1.209,1.209,1.209,1.209,1.209,1.209,1.209,1.209,1.209,1.209,1.209,1.209,1.209,1.209,1.209,1.209,1.209
2013-01-29 13:00:00,1.225,1.225,1.225,1.225,1.225,1.225,1.225,1.225,1.225,1.225,1.225,1.225,1.225,1.225,1.225,1.225,1.225
2013-01-29 14:00:00,1.209,1.209,1.209,1.209,1.209,1.209,1.209,1.209,1.209,1.209,1.209,1.209,1.209,1.209,1.209,1.209,1.209
2013-01-29 15:00:00,1.195,1.195,1.195,1.195,1.195,1.195,1.195,1.195,1.195,1.195,1.195,1.195,1.195,1.195,1.195,1.195,1.195
2013-01-29 16:00:00,1.223,1.223,1.223,1.223,1.223,1.223,1.223,1.223,1.223,1.223,1.223,1.223,1.223,1.223,1.223,1.223,1.223
2013-01-29 17:00:00,1.276,1.276,1.276,1.276,1.276,1.276,1.276,1.276,1.276,1.276,1.276,1.276,1.276,1.276,1.276,1.276,1.276
2013-01-29 18:00:00,1.261,1.261,1.261,1.261,1.261,1.261,1.261,1.261,1.261,1.261,1.261,1.261,1.261,1.261,1.261,1.261,1.261
2013-01-29 19:00:00,1.253,1.253,1.253,1.253,1.253,1.253,1.253,1.253,1.253,1.253,1.253,1.253,1.253,1.253,1.253,1.253,1.253
2013-01-29 20:00:00,1.209,1.209,1.209,1.209,1.209,1.209,1.209,1.209,1.209,1.209,1.209,1.209,1.209,1.209,1.209,1.209,1.209
2013-01-29 21:00:00,1.139,1.139,1.139,1.139,1.139,1.139,1.139,1.139,1.139,1.139,1.139,1.139,1.139,1.139,1.139,1.139,1.139
2013-01-29 22:00:00,1.048,1.048,1.048,1.048,1.048,1.048,1.048,1.048,1.048,1.048,1.048,1.048,1.048,1.048,1.048,1.048,1.048
2013-01-29 23:00:00,0.977,0.977,0.977,0.977,0.977,0.977,0.977,0.977,0.977,0.977,0.977,0.977,0.977,0.977,0.977,0.977,0.977
2013-01-30 00:00:00,0.919,0.919,0.919,0.919,0.919,0.919,0.919,0.919,0.919,0.919,0.919,0.919,0.919,0.919,0.919,0.919,0.919
2013-01-30 01:00:00,0.88,0.88,0.88,0.88,0.88,0.88,0.88,0.88,0.88,0.88,0.88,0.88,0.88,0.88,0.88,0.88,0.88
2013-01-30 02:00:00,0.869,0.869,0.869,0.869,0.869,0.869,0.869,0.869,0.869,0.869,0.869,0.869,0.869,0.869,0.869,0.869,0.869
2013-01-30 03:00:00,0.868,0.868,0.868,0.868,0.868,0.868,0.868,0.868,0.868,0.868,0.868,0.868,0.868,0.868,0.868,0.868,0.868
2013-01-30 04:00:00,0.879,0.879,0.879,0.879,0.879,0.879,0.879,0.879,0.879,0.879,0.879,0.879,0.879,0.879,0.879,0.879,0.879
2013-01-30 05:00:00,0.916,0.916,0.916,0.916,0.916,0.916,0.916,0.916,0.916,0.916,0.916,0.916,0.916,0.916,0.916,0.916,0.916
2013-01-30 06:00:00,1.037,1.037,1.037,1.037,1.037,1.037,1.037,1.037,1.037,1.037,1.037,1.037,1.037,1.037,1.037,1.037,1.037
2013-01-30 07:00:00,1.127,1.127,1.127,1.127,1.127,1.127,1.127,1.127,1.127,1.127,1.127,1.127,1.127,1.127,1.127,1.127,1.127
2013-01-30 08:00:00,1.177,1.177,1.177,1.177,1.177,1.177,1.177,1.177,1.177,1.177,1.177,1.177,1.177,1.177,1.177,1.177,1.177
2013-01-30 09:00:00,1.2,1.2,1.2,1.2,1.2,1.2,1.2,1.2,1.2,1.2,1.2,1.2,1.2,1.2,1.2,1.2,1.2
2013-01-30 10:00:00,1.203,1.203,1.203,1.203,1.203,1.203,1.203,1.203,1.203,1.203,1.203,1.203,1.203,1.203,1.203,1.203,1.203
2013-01-30 11:00:00,1.214,1.214,1.214,1.214,1.214,1.214,1.214,1.214,1.214,1.214,1.214,1.214,1.214,1.214,1.214,1.214,1.214
2013-01-30 12:00:00,1.217,1.217,1.217,1.217,1.217,1.217,1.217,1.217,1.217,1.217,1.217,1.217,1.217,1.217,1.217,1.217,1.217
2013-01-30 13:00:00,1.224,1.224,1.224,1.224,1.224,1.224,1.224,1.224,1.224,1.224,1.224,1.224,1.224,1.224,1.224,1.224,1.224
2013-01-30 14:00:00,1.205,1.205,1.205,1.205,1.205,1.205,1.205,1.205,1.205,1.205,1.205,1.205,1.205,1.205,1.205,1.205,1.205
2013-01-30 15:00:00,1.18,1.18,1.18,1.18,1.18,1.18,1.18,1.18,1.18,1.18,1.18,1.18,1.18,1.18,1.18,1.18,1.18
2013-01-30 16:00:00,1.207,1.207,1.207,1.207,1.207,1.207,1.207,1.207,1.207,1.207,1.207,1.207,1.207,1.207,1.207,1.207,1.207
2013-01-30 17:00:00,1.254,1.254,1.254,1.254,1.254,1.254,1.254,1.254,1.254,1.254,1.254,1.254,1.254,1.254,1.254,1.254,1.254
2013-01-30 18:00:00,1.236,1.236,1.236,1.236,1.236,1.236,1.236,1.236,1.236,1.236,1.236,1.236,1.236,1.236,1.236,1.236,1.236
2013-01-30 19:00:00,1.232,1.232,1.232,1.232,1.232,1.232,1.232,1.232,1.232,1.232,1.232,1.232,1.232,1.232,1.232,1.232,1.232
2013-01-30 20:00:00,1.192,1.192,1.192,1.192,1.192,1.192,1.192,1.192,1.192,1.192,1.192,1.192,1.192,1.192,1.192,1.192,1.192
2013-01-30 21:00:00,1.121,1.121,1.121,1.121,1.121,1.121,1.121,1.121,1.121,1.121,1.121,1.121,1.121,1.121,1.121,1.121,1.121
2013-01-30 22:00:00,1.039,1.039,1.039,1.039,1.039,1.039,1.039,1.039,1.039,1.039,1.039,1.039,1.039,1.039,1.039,1.039,1.039
2013-01-30 23:00:00,0.967,0.967,0.967,0.967,0.967,0.967,0.967,0.967,0.967,0.967,0.967,0.967,0.967,0.967,0.967,0.967,0.967
2013-01-31 00:00:00,0.903,0.903,0.903,0.903,0.903,0.903,0.903,0.903,0.903,0.903,0.903,0.903,0.903,0.903,0.903,0.903,0.903
2013-01-31 01:00:00,0.865,0.865,0.865,0.865,0.865,0.865,0.865,0.865,0.865,0.865,0.865,0.865,0.865,0.865,0.865,0.865,0.865
2013-01-31 02:00:00,0.851,0.851,0.851,0.851,0.851,0.851,0.851,0.851,0.851,0.851,0.851,0.851,0.851,0.851,0.851,0.851,0.851
2013-01-31 03:00:00,0.849,0.849,0.849,0.849,0.849,0.849,0.849,0.849,0.849,0.849,0.849,0.849,0.849,0.849,0.849,0.849,0.849
2013-01-31 04:00:00,0.862,0.862,0.862,0.862,0.862,0.862,0.862,0.862,0.862,0.862,0.862,0.862,0.862,0.862,0.862,0.862,0.862
2013-01-31 05:00:00,0.896,0.896,0.896,0.896,0.896,0.896,0.896,0.896,0.896,0.896,0.896,0.896,0.896,0.896,0.896,0.896,0.896
2013-01-31 06:00:00,1.015,1.015,1.015,1.015,1.015,1.015,1.015,1.015,1.015,1.015,1.015,1.015,1.015,1.015,1.015,1.015,1.015
2013-01-31 07:00:00,1.095,1.095,1.095,1.095,1.095,1.095,1.095,1.095,1.095,1.095,1.095,1.095,1.095,1.095,1.095,1.095,1.095
2013-01-31 08:00:00,1.142,1.142,1.142,1.142,1.142,1.142,1.142,1.142,1.142,1.142,1.142,1.142,1.142,1.142,1.142,1.142,1.142
2013-01-31 09:00:00,1.162,1.162,1.162,1.162,1.162,1.162,1.162,1.162,1.162,1.162,1.162,1.162,1.162,1.162,1.162,1.162,1.162
2013-01-31 10:00:00,1.165,1.165,1.165,1.165,1.165,1.165,1.165,1.165,1.165,1.165,1.165,1.165,1.165,1.165,1.165,1.165,1.165
2013-01-31 11:00:00,1.173,1.173,1.173,1.173,1.173,1.173,1.173,1.173,1.173,1.173,1.173,1.173,1.173,1.173,1.173,1.173,1.173
2013-01-31 12:00:00,1.171,1.171,1.171,1.171,1.171,1.171,1.171,1.171,1.171,1.171,1.171,1.171,1.171,1.171,1.171,1.171,1.171
2013-01-31 13:00:00,1.176,1.176,1.176,1.176,1.176,1.176,1.176,1.176,1.176,1.176,1.176,1.176,1.176,1.176,1.176,1.176,1.176
2013-01-31 14:00:00,1.161,1.161,1.161,1.161,1.161,1.161,1.161,1.161,1.161,1.161,1.161,1.161,1.161,1.161,1.161,1.161,1.161
2013-01-31 15:00:00,1.143,1.143,1.143,1.143,1.143,1.143,1.143,1.143,1.143,1.143,1.143,1.143,1.143,1.143,1.143,1.143,1.143
2013-01-31 16:00:00,1.174,1.174,1.174,1.174,1.174,1.174,1.174,1.174,1.174,1.174,1.174,1.174,1.174,1.174,1.174,1.174,1.174
2013-01-31 17:00:00,1.228,1.228,1.228,1.228,1.228,1.228,1.228,1.228,1.228,1.228,1.228,1.228,1.228,1.228,1.228,1.228,1.228
2013-01-31 18:00:00,1.22,1.22,1.22,1.22,1.22,1.22,1.22,1.22,1.22,1.22,1.22,1.22,1.22,1.22,1.22,1.22,1.22
2013-01-31 19:00:00,1.214,1.214,1.214,1.214,1.214,1.214,1.214,1.214,1.214,1.214,1.214,1.214,1.214,1.214,1.214,1.214,1.214
2013-01-31 20:00:00,1.172,1.172,1.172,1.172,1.172,1.172,1.172,1.172,1.172,1.172,1.172,1.172,1.172,1.172,1.172,1.172,1.172
2013-01-31 21:00:00,1.102,1.102,1.102,1.102,1.102,1.102,1.102,1.102,1.102,1.102,1.102,1.102,1.102,1.102,1.102,1.102,1.102
2013-01-31 22:00:00,1.02,1.02,1.02,1.02,1.02,1.02,1.02,1.02,1.02,1.02,1.02,1.02,1.02,1.02,1.02,1.02,1.02
2013-01-31 23:00:00,0.945,0.945,0.945,0.945,0.945,0.945,0.945,0.945,0.945,0.945,0.945,0.945,0.945,0.945,0.945,0.945,0.945
2013-02-01 00:00:00,0.888,0.888,0.888,0.888,0.888,0.888,0.888,0.888,0.888,0.888,0.888,0.888,0.888,0.888,0.888,0.888,0.888
2013-02-01 01:00:00,0.856,0.856,0.856,0.856,0.856,0.856,0.856,0.856,0.856,0.856,0.856,0.856,0.856,0.856,0.856,0.856,0.856
2013-02-01 02:00:00,0.841,0.841,0.841,0.841,0.841,0.841,0.841,0.841,0.841,0.841,0.841,0.841,0.841,0.841,0.841,0.841,0.841
2013-02-01 03:00:00,0.842,0.842,0.842,0.842,0.842,0.842,0.842,0.842,0.842,0.842,0.842,0.842,0.842,0.842,0.842,0.842,0.842
2013-02-01 04:00:00,0.855,0.855,0.855,0.855,0.855,0.855,0.855,0.855,0.855,0.855,0.855,0.855,0.855,0.855,0.855,0.855,0.855
2013-02-01 05:00:00,0.892,0.892,0.892,0.892,0.892,0.892,0.892,0.892,0.892,0.892,0.892,0.892,0.892,0.892,0.892,0.892,0.892
2013-02-01 06:00:00,1.007,1.007,1.007,1.007,1.007,1.007,1.007,1.007,1.007,1.007,1.007,1.007,1.007,1.007,1.007,1.007,1.007
2013-02-01 07:00:00,1.088,1.088,1.088,1.088,1.088,1.088,1.088,1.088,1.088,1.088,1.088,1.088,1.088,1.088,1.088,1.088,1.088
2013-02-01 08:00:00,1.14,1.14,1.14,1.14,1.14,1.14,1.14,1.14,1.14,1.14,1.14,1.14,1.14,1.14,1.14,1.14,1.14
2013-02-01 09:00:00,1.165,1.165,1.165,1.165,1.165,1.165,1.165,1.165,1.165,1.165,1.165,1.165,1.165,1.165,1.165,1.165,1.165
2013-02-01 10:00:00,1.168,1.168,1.168,1.168,1.168,1.168,1.168,1.168,1.168,1.168,1.168,1.168,1.168,1.168,1.168,1.168,1.168
2013-02-01 11:00:00,1.184,1.184,1.184,1.184,1.184,1.184,1.184,1.184,1.184,1.184,1.184,1.184,1.184,1.184,1.184,1.184,1.184
2013-02-01 12:00:00,1.19,1.19,1.19,1.19,1.19,1.19,1.19,1.19,1.19,1.19,1.19,1.19,1.19,1.19,1.19,1.19,1.19
2013-02-01 13:00:00,1.2,1.2,1.2,1.2,1.2,1.2,1.2,1.2,1.2,1.2,1.2,1.2,1.2,1.2,1.2,1.2,1.2
2013-02-01 14:00:00,1.174,1.174,1.174,1.174,1.174,1.174,1.174,1.174,1.174,1.174,1.174,1.174,1.174,1.174,1.174,1.174,1.174
2013-02-01 15:00:00,1.151,1.151,1.151,1.151,1.151,1.151,1.151,1.151,1.151,1.151,1.151,1.151,1.151,1.151,1.151,1.151,1.151
2013-02-01 16:00:00,1.181,1.181,1.181,1.181,1.181,1.181,1.181,1.181,1.181,1.181,1.181,1.181,1.181,1.181,1.181,1.181,1.181
2013-02-01 17:00:00,1.235,1.235,1.235,1.235,1.235,1.235,1.235,1.235,1.235,1.235,1.235,1.235,1.235,1.235,1.235,1.235,1.235
2013-02-01 18:00:00,1.22,1.22,1.22,1.22,1.22,1.22,1.22,1.22,1.22,1.22,1.22,1.22,1.22,1.22,1.22,1.22,1.22
2013-02-01 19:00:00,1.212,1.212,1.212,1.212,1.212,1.212,1.212,1.212,1.212,1.212,1.212,1.212,1.212,1.212,1.212,1.212,1.212
2013-02-01 20:00:00,1.173,1.173,1.173,1.173,1.173,1.173,1.173,1.173,1.173,1.173,1.173,1.173,1.173,1.173,1.173,1.173,1.173
2013-02-01 21:00:00,1.1,1.1,1.1,1.1,1.1,1.1,1.1,1.1,1.1,1.1,1.1,1.1,1.1,1.1,1.1,1.1,1.1
2013-02-01 22:00:00,1.027,1.027,1.027,1.027,1.027,1.027,1.027,1.027,1.027,1.027,1.027,1.027,1.027,1.027,1.027,1.027,1.027
2013-02-01 23:00:00,0.962,0.962,0.962,0.962,0.962,0.962,0.962,0.962,0.962,0.962,0.962,0.962,0.962,0.962,0.962,0.962,0.962
2013-04-03 00:00:00,0.848,0.848,0.848,0.848,0.848,0.848,0.848,0.848,0.848,0.848,0.848,0.848,0.848,0.848,0.848,0.848,0.848
2013-04-03 01:00:00,0.829,0.829,0.829,0.829,0.829,0.829,0.829,0.829,0.829,0.829,0.829,0.829,0.829,0.829,0.829,0.829,0.829
2013-04-03 02:00:00,0.83,0.83,0.83,0.83,0.83,0.83,0.83,0.83,0.83,0.83,0.83,0.83,0.83,0.83,0.83,0.83,0.83
2013-04-03 03:00:00,0.843,0.843,0.843,0.843,0.843,0.843,0.843,0.843,0.843,0.843,0.843,0.843,0.843,0.843,0.843,0.843,0.843
2013-04-03 04:00:00,0.871,0.871,0.871,0.871,0.871,0.871,0.871,0.871,0.871,0.871,0.871,0.871,0.871,0.871,0.871,0.871,0.871
2013-04-03 05:00:00,0.97,0.97,0.97,0.97,0.97,0.97,0.97,0.97,0.97,0.97,0.97,0.97,0.97,0.97,0.97,0.97,0.97
2013-04-03 06:00:00,1.082,1.082,1.082,1.082,1.082,1.082,1.082,1.082,1.082,1.082,1.082,1.082,1.082,1.082,1.082,1.082,1.082
2013-04-03 07:00:00,1.145,1.145,1.145,1.145,1.145,1.145,1.145,1.145,1.145,1.145,1.145,1.145,1.145,1.145,1.145,1.145,1.145
2013-04-03 08:00:00,1.175,1.175,1.175,1.175,1.175,1.175,1.175,1.175,1.175,1.175,1.175,1.175,1.175,1.175,1.175,1.175,1.175
2013-04-03 09:00:00,1.172,1.172,1.172,1.172,1.172,1.172,1.172,1.172,1.172,1.172,1.172,1.172,1.172,1.172,1.172,1.172,1.172
2013-04-03 10:00:00,1.183,1.183,1.183,1.183,1.183,1.183,1.183,1.183,1.183,1.183,1.183,1.183,1.183,1.183,1.183,1.183,1.183
2013-04-03 11:00:00,1.173,1.173,1.173,1.173,1.173,1.173,1.173,1.173,1.173,1.173,1.173,1.173,1.173,1.173,1.173,1.173,1.173
2013-04-03 12:00:00,1.177,1.177,1.177,1.177,1.177,1.177,1.177,1.177,1.177,1.177,1.177,1.177,1.177,1.177,1.177,1.177,1.177
2013-04-03 13:00:00,1.157,1.157,1.157,1.157,1.157,1.157,1.157,1.157,1.157,1.157,1.157,1.157,1.157,1.157,1.157,1.157,1.157
2013-04-03 14:00:00,1.13,1.13,1.13,1.13,1.13,1.13,1.13,1.13,1.13,1.13,1.13,1.13,1.13,1.13,1.13,1.13,1.13
2013-04-03 15:00:00,1.113,1.113,1.113,1.113,1.113,1.113,1.113,1.113,1.113,1.113,1.113,1.113,1.113,1.113,1.113,1.113,1.113
2013-04-03 16:00:00,1.109,1.109,1.109,1.109,1.109,1.109,1.109,1.109,1.109,1.109,1.109,1.109,1.109,1.109,1.109,1.109,1.109
2013-04-03 17:00:00,1.107,1.107,1.107,1.107,1.107,1.107,1.107,1.107,1.107,1.107,1.107,1.107,1.107,1.107,1.107,1.107,1.107
2013-04-03 18:00:00,1.171,1.171,1.171,1.171,1.171,1.171,1.171,1.171,1.171,1.171,1.171,1.171,1.171,1.171,1.171,1.171,1.171
2013-04-03 19:00:00,1.197,1.197,1.197,1.197,1.197,1.197,1.197,1.197,1.197,1.197,1.197,1.197,1.197,1.197,1.197,1.197,1.197
2013-04-03 20:00:00,1.126,1.126,1.126,1.126,1.126,1.126,1.126,1.126,1.126,1.126,1.126,1.126,1.126,1.126,1.126,1.126,1.126
2013-04-03 21:00:00,1.049,1.049,1.049,1.049,1.049,1.049,1.049,1.049,1.049,1.049,1.049,1.049,1.049,1.049,1.049,1.049,1.049
2013-04-03 22:00:00,0.969,0.969,0.969,0.969,0.969,0.969,0.969,0.969,0.969,0.969,0.969,0.969,0.969,0.969,0.969,0.969,0.969
2013-04-03 23:00:00,0.899,0.899,0.899,0.899,0.899,0.899,0.899,0.899,0.899,0.899,0.899,0.899,0.899,0.899,0.899,0.899,0.899
2013-04-04 00:00:00,0.864,0.864,0.864,0.864,0.864,0.864,0.864,0.864,0.864,0.864,0.864,0.864,0.864,0.864,0.864,0.864,0.864
2013-04-04 01:00:00,0.849,0.849,0.849,0.849,0.849,0.849,0.849,0.849,0.849,0.849,0.849,0.849,0.849,0.849,0.849,0.849,0.849
2013-04-04 02:00:00,0.849,0.849,0.849,0.849,0.849,0.849,0.849,0.849,0.849,0.849,0.849,0.849,0.849,0.849,0.849,0.849,0.849
2013-04-04 03:00:00,0.863,0.863,0.863,0.863,0.863,0.863,0.863,0.863,0.863,0.863,0.863,0.863,0.863,0.863,0.863,0.863,0.863
2013-04-04 04:00:00,0.89,0.89,0.89,0.89,0.89,0.89,0.89,0.89,0.89,0.89,0.89,0.89,0.89,0.89,0.89,0.89,0.89
2013-04-04 05:00:00,0.979,0.979,0.979,0.979,0.979,0.979,0.979,0.979,0.979,0.979,0.979,0.979,0.979,0.979,0.979,0.979,0.979
2013-04-04 06:00:00,1.088,1.088,1.088,1.088,1.088,1.088,1.088,1.088,1.088,1.088,1.088,1.088,1.088,1.088,1.088,1.088,1.088
2013-04-04 07:00:00,1.148,1.148,1.148,1.148,1.148,1.148,1.148,1.148,1.148,1.148,1.148,1.148,1.148,1.148,1.148,1.148,1.148
2013-04-04 08:00:00,1.171,1.171,1.171,1.171,1.171,1.171,1.171,1.171,1.171,1.171,1.171,1.171,1.171,1.171,1.171,1.171,1.171
2013-04-04 09:00:00,1.176,1.176,1.176,1.176,1.176,1.176,1.176,1.176,1.176,1.176,1.176,1.176,1.176,1.176,1.176,1.176,1.176
2013-04-04 10:00:00,1.186,1.186,1.186,1.186,1.186,1.186,1.186,1.186,1.186,1.186,1.186,1.186,1.186,1.186,1.186,1.186,1.186
2013-04-04 11:00:00,1.19,1.19,1.19,1.19,1.19,1.19,1.19,1.19,1.19,1.19,1.19,1.19,1.19,1.19,1.19,1.19,1.19
2013-04-04 12:00:00,1.196,1.196,1.196,1.196,1.196,1.196,1.196,1.196,1.196,1.196,1.196,1.196,1.196,1.196,1.196,1.196,1.196
2013-04-04 13:00:00,1.172,1.172,1.172,1.172,1.172,1.172,1.172,1.172,1.172,1.172,1.172,1.172,1.172,1.172,1.172,1.172,1.172
2013-04-04 14:00:00,1.152,1.152,1.152,1.152,1.152,1.152,1.152,1.152,1.152,1.152,1.152,1.152,1.152,1.152,1.152,1.152,1.152
2013-04-04 15:00:00,1.131,1.131,1.131,1.131,1.131,1.131,1.131,1.131,1.131,1.131,1.131,1.131,1.131,1.131,1.131,1.131,1.131
2013-04-04 16:00:00,1.122,1.122,1.122,1.122,1.122,1.122,1.122,1.122,1.122,1.122,1.122,1.122,1.122,1.122,1.122,1.122,1.122
2013-04-04 17:00:00,1.118,1.118,1.118,1.118,1.118,1.118,1.118,1.118,1.118,1.118,1.118,1.118,1.118,1.118,1.118,1.118,1.118
2013-04-04 18:00:00,1.179,1.179,1.179,1.179,1.179,1.179,1.179,1.179,1.179,1.179,1.179,1.179,1.179,1.179,1.179,1.179,1.179
2013-04-04 19:00:00,1.207,1.207,1.207,1.207,1.207,1.207,1.207,1.207,1.207,1.207,1.207,1.207,1.207,1.207,1.207,1.207,1.207
2013-04-04 20:00:00,1.135,1.135,1.135,1.135,1.135,1.135,1.135,1.135,1.135,1.135,1.135,1.135,1.135,1.135,1.135,1.135,1.135
2013-04-04 21:00:00,1.052,1.052,1.052,1.052,1.052,1.052,1.052,1.052,1.052,1.052,1.052,1.052,1.052,1.052,1.052,1.052,1.052
2013-04-04 22:00:00,0.973,0.973,0.973,0.973,0.973,0.973,0.973,0.973,0.973,0.973,0.973,0.973,0.973,0.973,0.973,0.973,0.973
2013-04-04 23:00:00,0.903,0.903,0.903,0.903,0.903,0.903,0.903,0.903,0.903,0.903,0.903,0.903,0.903,0.903,0.903,0.903,0.903
2013-04-05 00:00:00,0.868,0.868,0.868,0.868,0.868,0.868,0.868,0.868,0.868,0.868,0.868,0.868,0.868,0.868,0.868,0.868,0.868
2013-04-05 01:00:00,0.849,0.849,0.849,0.849,0.849,0.849,0.849,0.849,0.849,0.849,0.849,0.849,0.849,0.849,0.849,0.849,0.849
2013-04-05 02:00:00,0.847,0.847,0.847,0.847,0.847,0.847,0.847,0.847,0.847,0.847,0.847,0.847,0.847,0.847,0.847,0.847,0.847
2013-04-05 03:00:00,0.861,0.861,0.861,0.861,0.861,0.861,0.861,0.861,0.861,0.861,0.861,0.861,0.861,0.861,0.861,0.861,0.861
2013-04-05 04:00:00,0.887,0.887,0.887,0.887,0.887,0.887,0.887,0.887,0.887,0.887,0.887,0.887,0.887,0.887,0.887,0.887,0.887
2013-04-05 05:00:00,0.976,0.976,0.976,0.976,0.976,0.976,0.976,0.976,0.976,0.976,0.976,0.976,0.976,0.976,0.976,0.976,0.976
2013-04-05 06:00:00,1.085,1.085,1.085,1.085,1.085,1.085,1.085,1.085,1.085,1.085,1.085,1.085,1.085,1.085,1.085,1.085,1.085
2013-04-05 07:00:00,1.142,1.142,1.142,1.142,1.142,1.142,1.142,1.142,1.142,1.142,1.142,1.142,1.142,1.142,1.142,1.142,1.142
2013-04-05 08:00:00,1.17,1.17,1.17,1.17,1.17,1.17,1.17,1.17,1.17,1.17,1.17,1.17,1.17,1.17,1.17,1.17,1.17
2013-04-05 09:00:00,1.17,1.17,1.17,1.17,1.17,1.17,1.17,1.17,1.17,1.17,1.17,1.17,1.17,1.17,1.17,1.17,1.17
2013-04-05 10:00:00,1.182,1.182,1.182,1.182,1.182,1.182,1.182,1.182,1.182,1.182,1.182,1.182,1.182,1.182,1.182,1.182,1.182
2013-04-05 11:00:00,1.178,1.178,1.178,1.178,1.178,1.178,1.178,1.178,1.178,1.178,1.178,1.178,1.178,1.178,1.178,1.178,1.178
2013-04-05 12:00:00,1.183,1.183,1.183,1.183,1.183,1.183,1.183,1.183,1.183,1.183,1.183,1.183,1.183,1.183,1.183,1.183,1.183
2013-04-05 13:00:00,1.169,1.169,1.169,1.169,1.169,1.169,1.169,1.169,1.169,1.169,1.169,1.169,1.169,1.169,1.169,1.169,1.169
2013-04-05 14:00:00,1.139,1.139,1.139,1.139,1.139,1.139,1.139,1.139,1.139,1.139,1.139,1.139,1.139,1.139,1.139,1.139,1.139
2013-04-05 15:00:00,1.122,1.122,1.122,1.122,1.122,1.122,1.122,1.122,1.122,1.122,1.122,1.122,1.122,1.122,1.122,1.122,1.122
2013-04-05 16:00:00,1.109,1.109,1.109,1.109,1.109,1.109,1.109,1.109,1.109,1.109,1.109,1.109,1.109,1.109,1.109,1.109,1.109
2013-04-05 17:00:00,1.107,1.107,1.107,1.107,1.107,1.107,1.107,1.107,1.107,1.107,1.107,1.107,1.107,1.107,1.107,1.107,1.107
2013-04-05 18:00:00,1.161,1.161,1.161,1.161,1.161,1.161,1.161,1.161,1.161,1.161,1.161,1.161,1.161,1.161,1.161,1.161,1.161
2013-04-05 19:00:00,1.178,1.178,1.178,1.178,1.178,1.178,1.178,1.178,1.178,1.178,1.178,1.178,1.178,1.178,1.178,1.178,1.178
2013-04-05 20:00:00,1.106,1.106,1.106,1.106,1.106,1.106,1.106,1.106,1.106,1.106,1.106,1.106,1.106,1.106,1.106,1.106,1.106
2013-04-05 21:00:00,1.038,1.038,1.038,1.038,1.038,1.038,1.038,1.038,1.038,1.038,1.038,1.038,1.038,1.038,1.038,1.038,1.038
2013-04-05 22:00:00,0.972,0.972,0.972,0.972,0.972,0.972,0.972,0.972,0.972,0.972,0.972,0.972,0.972,0.972,0.972,0.972,0.972
2013-04-05 23:00:00,0.909,0.909,0.909,0.909,0.909,0.909,0.909,0.909,0.909,0.909,0.909,0.909,0.909,0.909,0.909,0.909,0.909
2013-04-06 00:00:00,0.862,0.862,0.862,0.862,0.862,0.862,0.862,0.862,0.862,0.862,0.862,0.862,0.862,0.862,0.862,0.862,0.862
2013-04-06 01:00:00,0.844,0.844,0.844,0.844,0.844,0.844,0.844,0.844,0.844,0.844,0.844,0.844,0.844,0.844,0.844,0.844,0.844
2013-04-06 02:00:00,0.84,0.84,0.84,0.84,0.84,0.84,0.84,0.84,0.84,0.84,0.84,0.84,0.84,0.84,0.84,0.84,0.84
2013-04-06 03:00:00,0.839,0.839,0.839,0.839,0.839,0.839,0.839,0.839,0.839,0.839,0.839,0.839,0.839,0.839,0.839,0.839,0.839
2013-04-06 04:00:00,0.83,0.83,0.83,0.83,0.83,0.83,0.83,0.83,0.83,0.83,0.83,0.83,0.83,0.83,0.83,0.83,0.83
2013-04-06 05:00:00,0.837,0.837,0.837,0.837,0.837,0.837,0.837,0.837,0.837,0.837,0.837,0.837,0.837,0.837,0.837,0.837,0.837
2013-04-06 06:00:00,0.901,0.901,0.901,0.901,0.901,0.901,0.901,0.901,0.901,0.901,0.901,0.901,0.901,0.901,0.901,0.901,0.901
2013-04-06 07:00:00,0.972,0.972,0.972,0.972,0.972,0.972,0.972,0.972,0.972,0.972,0.972,0.972,0.972,0.972,0.972,0.972,0.972
2013-04-06 08:00:00,1.03,1.03,1.03,1.03,1.03,1.03,1.03,1.03,1.03,1.03,1.03,1.03,1.03,1.03,1.03,1.03,1.03
2013-04-06 09:00:00,1.05,1.05,1.05,1.05,1.05,1.05,1.05,1.05,1.05,1.05,1.05,1.05,1.05,1.05,1.05,1.05,1.05
2013-04-06 10:00:00,1.066,1.066,1.066,1.066,1.066,1.066,1.066,1.066,1.066,1.066,1.066,1.066,1.066,1.066,1.066,1.066,1.066
2013-04-06 11:00:00,1.062,1.062,1.062,1.062,1.062,1.062,1.062,1.062,1.062,1.062,1.062,1.062,1.062,1.062,1.062,1.062,1.062
2013-04-06 12:00:00,1.054,1.054,1.054,1.054,1.054,1.054,1.054,1.054,1.054,1.054,1.054,1.054,1.054,1.054,1.054,1.054,1.054
2013-04-06 13:00:00,1.033,1.033,1.033,1.033,1.033,1.033,1.033,1.033,1.033,1.033,1.033,1.033,1.033,1.033,1.033,1.033,1.033
2013-04-06 14:00:00,0.996,0.996,0.996,0.996,0.996,0.996,0.996,0.996,0.996,0.996,0.996,0.996,0.996,0.996,0.996,0.996,0.996
2013-04-06 15:00:00,0.983,0.983,0.983,0.983,0.983,0.983,0.983,0.983,0.983,0.983,0.983,0.983,0.983,0.983,0.983,0.983,0.983
2013-04-06 16:00:00,0.971,0.971,0.971,0.971,0.971,0.971,0.971,0.971,0.971,0.971,0.971,0.971,0.971,0.971,0.971,0.971,0.971
2013-04-06 17:00:00,0.981,0.981,0.981,0.981,0.981,0.981,0.981,0.981,0.981,0.981,0.981,0.981,0.981,0.981,0.981,0.981,0.981
2013-04-06 18:00:00,1.026,1.026,1.026,1.026,1.026,1.026,1.026,1.026,1.026,1.026,1.026,1.026,1.026,1.026,1.026,1.026,1.026
2013-04-06 19:00:00,1.063,1.063,1.063,1.063,1.063,1.063,1.063,1.063,1.063,1.063,1.063,1.063,1.063,1.063,1.063,1.063,1.063
2013-04-06 20:00:00,1.008,1.008,1.008,1.008,1.008,1.008,1.008,1.008,1.008,1.008,1.008,1.008,1.008,1.008,1.008,1.008,1.008
2013-04-06 21:00:00,0.942,0.942,0.942,0.942,0.942,0.942,0.942,0.942,0.942,0.942,0.942,0.942,0.942,0.942,0.942,0.942,0.942
2013-04-06 22:00:00,0.881,0.881,0.881,0.881,0.881,0.881,0.881,0.881,0.881,0.881,0.881,0.881,0.881,0.881,0.881,0.881,0.881
2013-04-06 23:00:00,0.814,0.814,0.814,0.814,0.814,0.814,0.814,0.814,0.814,0.814,0.814,0.814,0.814,0.814,0.814,0.814,0.814
2013-04-07 00:00:00,0.774,0.774,0.774,0.774,0.774,0.774,0.774,0.774,0.774,0.774,0.774,0.774,0.774,0.774,0.774,0.774,0.774
2013-04-07 01:00:00,0.754,0.754,0.754,0.754,0.754,0.754,0.754,0.754,0.754,0.754,0.754,0.754,0.754,0.754,0.754,0.754,0.754
2013-04-07 02:00:00,0.746,0.746,0.746,0.746,0.746,0.746,0.746,0.746,0.746,0.746,0.746,0.746,0.746,0.746,0.746,0.746,0.746
2013-04-07 03:00:00,0.741,0.741,0.741,0.741,0.741,0.741,0.741,0.741,0.741,0.741,0.741,0.741,0.741,0.741,0.741,0.741,0.741
2013-04-07 04:00:00,0.732,0.732,0.732,0.732,0.732,0.732,0.732,0.732,0.732,0.732,0.732,0.732,0.732,0.732,0.732,0.732,0.732
2013-04-07 05:00:00,0.723,0.723,0.723,0.723,0.723,0.723,0.723,0.723,0.723,0.723,0.723,0.723,0.723,0.723,0.723,0.723,0.723
2013-04-07 06:00:00,0.76,0.76,0.76,0.76,0.76,0.76,0.76,0.76,0.76,0.76,0.76,0.76,0.76,0.76,0.76,0.76,0.76
2013-04-07 07:00:00,0.813,0.813,0.813,0.813,0.813,0.813,0.813,0.813,0.813,0.813,0.813,0.813,0.813,0.813,0.813,0.813,0.813
2013-04-07 08:00:00,0.856,0.856,0.856,0.856,0.856,0.856,0.856,0.856,0.856,0.856,0.856,0.856,0.856,0.856,0.856,0.856,0.856
2013-04-07 09:00:00,0.886,0.886,0.886,0.886,0.886,0.886,0.886,0.886,0.886,0.886,0.886,0.886,0.886,0.886,0.886,0.886,0.886
2013-04-07 10:00:00,0.9,0.9,0.9,0.9,0.9,0.9,0.9,0.9,0.9,0.9,0.9,0.9,0.9,0.9,0.9,0.9,0.9
2013-04-07 11:00:00,0.898,0.898,0.898,0.898,0.898,0.898,0.898,0.898,0.898,0.898,0.898,0.898,0.898,0.898,0.898,0.898,0.898
2013-04-07 12:00:00,0.904,0.904,0.904,0.904,0.904,0.904,0.904,0.904,0.904,0.904,0.904,0.904,0.904,0.904,0.904,0.904,0.904
2013-04-07 13:00:00,0.883,0.883,0.883,0.883,0.883,0.883,0.883,0.883,0.883,0.883,0.883,0.883,0.883,0.883,0.883,0.883,0.883
2013-04-07 14:00:00,0.857,0.857,0.857,0.857,0.857,0.857,0.857,0.857,0.857,0.857,0.857,0.857,0.857,0.857,0.857,0.857,0.857
2013-04-07 15:00:00,0.848,0.848,0.848,0.848,0.848,0.848,0.848,0.848,0.848,0.848,0.848,0.848,0.848,0.848,0.848,0.848,0.848
2013-04-07 16:00:00,0.853,0.853,0.853,0.853,0.853,0.853,0.853,0.853,0.853,0.853,0.853,0.853,0.853,0.853,0.853,0.853,0.853
2013-04-07 17:00:00,0.866,0.866,0.866,0.866,0.866,0.866,0.866,0.866,0.866,0.866,0.866,0.866,0.866,0.866,0.866,0.866,0.866
2013-04-07 18:00:00,0.935,0.935,0.935,0.935,0.935,0.935,0.935,0.935,0.935,0.935,0.935,0.935,0.935,0.935,0.935,0.935,0.935
2013-04-07 19:00:00,0.996,0.996,0.996,0.996,0.996,0.996,0.996,0.996,0.996,0.996,0.996,0.996,0.996,0.996,0.996,0.996,0.996
2013-04-07 20:00:00,0.957,0.957,0.957,0.957,0.957,0.957,0.957,0.957,0.957,0.957,0.957,0.957,0.957,0.957,0.957,0.957,0.957
2013-04-07 21:00:00,0.906,0.906,0.906,0.906,0.906,0.906,0.906,0.906,0.906,0.906,0.906,0.906,0.906,0.906,0.906,0.906,0.906
2013-04-07 22:00:00,0.844,0.844,0.844,0.844,0.844,0.844,0.844,0.844,0.844,0.844,0.844,0.844,0.844,0.844,0.844,0.844,0.844
2013-04-07 23:00:00,0.795,0.795,0.795,0.795,0.795,0.795,0.795,0.795,0.795,0.795,0.795,0.795,0.795,0.795,0.795,0.795,0.795
2013-04-08 00:00:00,0.765,0.765,0.765,0.765,0.765,0.765,0.765,0.765,0.765,0.765,0.765,0.765,0.765,0.765,0.765,0.765,0.765
2013-04-08 01:00:00,0.75,0.75,0.75,0.75,0.75,0.75,0.75,0.75,0.75,0.75,0.75,0.75,0.75,0.75,0.75,0.75,0.75
2013-04-08 02:00:00,0.753,0.753,0.753,0.753,0.753,0.753,0.753,0.753,0.753,0.753,0.753,0.753,0.753,0.753,0.753,0.753,0.753
2013-04-08 03:00:00,0.776,0.776,0.776,0.776,0.776,0.776,0.776,0.776,0.776,0.776,0.776,0.776,0.776,0.776,0.776,0.776,0.776
2013-04-08 04:00:00,0.813,0.813,0.813,0.813,0.813,0.813,0.813,0.813,0.813,0.813,0.813,0.813,0.813,0.813,0.813,0.813,0.813
2013-04-08 05:00:00,0.925,0.925,0.925,0.925,0.925,0.925,0.925,0.925,0.925,0.925,0.925,0.925,0.925,0.925,0.925,0.925,0.925
2013-04-08 06:00:00,1.047,1.047,1.047,1.047,1.047,1.047,1.047,1.047,1.047,1.047,1.047,1.047,1.047,1.047,1.047,1.047,1.047
2013-04-08 07:00:00,1.113,1.113,1.113,1.113,1.113,1.113,1.113,1.113,1.113,1.113,1.113,1.113,1.113,1.113,1.113,1.113,1.113
2013-04-08 08:00:00,1.136,1.136,1.136,1.136,1.136,1.136,1.136,1.136,1.136,1.136,1.136,1.136,1.136,1.136,1.136,1.136,1.136
2013-04-08 09:00:00,1.126,1.126,1.126,1.126,1.126,1.126,1.126,1.126,1.126,1.126,1.126,1.126,1.126,1.126,1.126,1.126,1.126
2013-04-08 10:00:00,1.136,1.136,1.136,1.136,1.136,1.136,1.136,1.136,1.136,1.136,1.136,1.136,1.136,1.136,1.136,1.136,1.136
2013-04-08 11:00:00,1.131,1.131,1.131,1.131,1.131,1.131,1.131,1.131,1.131,1.131,1.131,1.131,1.131,1.131,1.131,1.131,1.131
2013-04-08 12:00:00,1.129,1.129,1.129,1.129,1.129,1.129,1.129,1.129,1.129,1.129,1.129,1.129,1.129,1.129,1.129,1.129,1.129
2013-04-08 13:00:00,1.109,1.109,1.109,1.109,1.109,1.109,1.109,1.109,1.109,1.109,1.109,1.109,1.109,1.109,1.109,1.109,1.109
2013-04-08 14:00:00,1.087,1.087,1.087,1.087,1.087,1.087,1.087,1.087,1.087,1.087,1.087,1.087,1.087,1.087,1.087,1.087,1.087
2013-04-08 15:00:00,1.069,1.069,1.069,1.069,1.069,1.069,1.069,1.069,1.069,1.069,1.069,1.069,1.069,1.069,1.069,1.069,1.069
2013-04-08 16:00:00,1.064,1.064,1.064,1.064,1.064,1.064,1.064,1.064,1.064,1.064,1.064,1.064,1.064,1.064,1.064,1.064,1.064
2013-04-08 17:00:00,1.062,1.062,1.062,1.062,1.062,1.062,1.062,1.062,1.062,1.062,1.062,1.062,1.062,1.062,1.062,1.062,1.062
2013-04-08 18:00:00,1.117,1.117,1.117,1.117,1.117,1.117,1.117,1.117,1.117,1.117,1.117,1.117,1.117,1.117,1.117,1.117,1.117
2013-04-08 19:00:00,1.174,1.174,1.174,1.174,1.174,1.174,1.174,1.174,1.174,1.174,1.174,1.174,1.174,1.174,1.174,1.174,1.174
2013-04-08 20:00:00,1.105,1.105,1.105,1.105,1.105,1.105,1.105,1.105,1.105,1.105,1.105,1.105,1.105,1.105,1.105,1.105,1.105
2013-04-08 21:00:00,1.025,1.025,1.025,1.025,1.025,1.025,1.025,1.025,1.025,1.025,1.025,1.025,1.025,1.025,1.025,1.025,1.025
2013-04-08 22:00:00,0.945,0.945,0.945,0.945,0.945,0.945,0.945,0.945,0.945,0.945,0.945,0.945,0.945,0.945,0.945,0.945,0.945
2013-04-08 23:00:00,0.881,0.881,0.881,0.881,0.881,0.881,0.881,0.881,0.881,0.881,0.881,0.881,0.881,0.881,0.881,0.881,0.881
2013-04-09 00:00:00,0.845,0.845,0.845,0.845,0.845,0.845,0.845,0.845,0.845,0.845,0.845,0.845,0.845,0.845,0.845,0.845,0.845
2013-04-09 01:00:00,0.827,0.827,0.827,0.827,0.827,0.827,0.827,0.827,0.827,0.827,0.827,0.827,0.827,0.827,0.827,0.827,0.827
2013-04-09 02:00:00,0.833,0.833,0.833,0.833,0.833,0.833,0.833,0.833,0.833,0.833,0.833,0.833,0.833,0.833,0.833,0.833,0.833
2013-04-09 03:00:00,0.845,0.845,0.845,0.845,0.845,0.845,0.845,0.845,0.845,0.845,0.845,0.845,0.845,0.845,0.845,0.845,0.845
2013-04-09 04:00:00,0.869,0.869,0.869,0.869,0.869,0.869,0.869,0.869,0.869,0.869,0.869,0.869,0.869,0.869,0.869,0.869,0.869
2013-04-09 05:00:00,0.964,0.964,0.964,0.964,0.964,0.964,0.964,0.964,0.964,0.964,0.964,0.964,0.964,0.964,0.964,0.964,0.964
2013-04-09 06:00:00,1.074,1.074,1.074,1.074,1.074,1.074,1.074,1.074,1.074,1.074,1.074,1.074,1.074,1.074,1.074,1.074,1.074
2013-04-09 07:00:00,1.134,1.134,1.134,1.134,1.134,1.134,1.134,1.134,1.134,1.134,1.134,1.134,1.134,1.134,1.134,1.134,1.134
2013-04-09 08:00:00,1.15,1.15,1.15,1.15,1.15,1.15,1.15,1.15,1.15,1.15,1.15,1.15,1.15,1.15,1.15,1.15,1.15
2013-04-09 09:00:00,1.145,1.145,1.145,1.145,1.145,1.145,1.145,1.145,1.145,1.145,1.145,1.145,1.145,1.145,1.145,1.145,1.145
2013-04-09 10:00:00,1.15,1.15,1.15,1.15,1.15,1.15,1.15,1.15,1.15,1.15,1.15,1.15,1.15,1.15,1.15,1.15,1.15
2013-04-09 11:00:00,1.148,1.148,1.148,1.148,1.148,1.148,1.148,1.148,1.148,1.148,1.148,1.148,1.148,1.148,1.148,1.148,1.148
2013-04-09 12:00:00,1.153,1.153,1.153,1.153,1.153,1.153,1.153,1.153,1.153,1.153,1.153,1.153,1.153,1.153,1.153,1.153,1.153
2013-04-09 13:00:00,1.135,1.135,1.135,1.135,1.135,1.135,1.135,1.135,1.135,1.135,1.135,1.135,1.135,1.135,1.135,1.135,1.135
2013-04-09 14:00:00,1.112,1.112,1.112,1.112,1.112,1.112,1.112,1.112,1.112,1.112,1.112,1.112,1.112,1.112,1.112,1.112,1.112
2013-04-09 15:00:00,1.095,1.095,1.095,1.095,1.095,1.095,1.095,1.095,1.095,1.095,1.095,1.095,1.095,1.095,1.095,1.095,1.095
2013-04-09 16:00:00,1.087,1.087,1.087,1.087,1.087,1.087,1.087,1.087,1.087,1.087,1.087,1.087,1.087,1.087,1.087,1.087,1.087
2013-04-09 17:00:00,1.084,1.084,1.084,1.084,1.084,1.084,1.084,1.084,1.084,1.084,1.084,1.084,1.084,1.084,1.084,1.084,1.084
2013-04-09 18:00:00,1.134,1.134,1.134,1.134,1.134,1.134,1.134,1.134,1.134,1.134,1.134,1.134,1.134,1.134,1.134,1.134,1.134
2013-04-09 19:00:00,1.177,1.177,1.177,1.177,1.177,1.177,1.177,1.177,1.177,1.177,1.177,1.177,1.177,1.177,1.177,1.177,1.177
2013-04-09 20:00:00,1.104,1.104,1.104,1.104,1.104,1.104,1.104,1.104,1.104,1.104,1.104,1.104,1.104,1.104,1.104,1.104,1.104
2013-04-09 21:00:00,1.017,1.017,1.017,1.017,1.017,1.017,1.017,1.017,1.017,1.017,1.017,1.017,1.017,1.017,1.017,1.017,1.017
2013-04-09 22:00:00,0.945,0.945,0.945,0.945,0.945,0.945,0.945,0.945,0.945,0.945,0.945,0.945,0.945,0.945,0.945,0.945,0.945
2013-04-09 23:00:00,0.879,0.879,0.879,0.879,0.879,0.879,0.879,0.879,0.879,0.879,0.879,0.879,0.879,0.879,0.879,0.879,0.879
2013-04-10 00:00:00,0.844,0.844,0.844,0.844,0.844,0.844,0.844,0.844,0.844,0.844,0.844,0.844,0.844,0.844,0.844,0.844,0.844
2013-04-10 01:00:00,0.829,0.829,0.829,0.829,0.829,0.829,0.829,0.829,0.829,0.829,0.829,0.829,0.829,0.829,0.829,0.829,0.829
2013-04-10 02:00:00,0.83,0.83,0.83,0.83,0.83,0.83,0.83,0.83,0.83,0.83,0.83,0.83,0.83,0.83,0.83,0.83,0.83
2013-04-10 03:00:00,0.846,0.846,0.846,0.846,0.846,0.846,0.846,0.846,0.846,0.846,0.846,0.846,0.846,0.846,0.846,0.846,0.846
2013-04-10 04:00:00,0.865,0.865,0.865,0.865,0.865,0.865,0.865,0.865,0.865,0.865,0.865,0.865,0.865,0.865,0.865,0.865,0.865
2013-04-10 05:00:00,0.961,0.961,0.961,0.961,0.961,0.961,0.961,0.961,0.961,0.961,0.961,0.961,0.961,0.961,0.961,0.961,0.961
2013-04-10 06:00:00,1.075,1.075,1.075,1.075,1.075,1.075,1.075,1.075,1.075,1.075,1.075,1.075,1.075,1.075,1.075,1.075,1.075
2013-04-10 07:00:00,1.133,1.133,1.133,1.133,1.133,1.133,1.133,1.133,1.133,1.133,1.133,1.133,1.133,1.133,1.133,1.133,1.133
2013-04-10 08:00:00,1.154,1.154,1.154,1.154,1.154,1.154,1.154,1.154,1.154,1.154,1.154,1.154,1.154,1.154,1.154,1.154,1.154
2013-04-10 09:00:00,1.147,1.147,1.147,1.147,1.147,1.147,1.147,1.147,1.147,1.147,1.147,1.147,1.147,1.147,1.147,1.147,1.147
2013-04-10 10:00:00,1.151,1.151,1.151,1.151,1.151,1.151,1.151,1.151,1.151,1.151,1.151,1.151,1.151,1.151,1.151,1.151,1.151
2013-04-10 11:00:00,1.15,1.15,1.15,1.15,1.15,1.15,1.15,1.15,1.15,1.15,1.15,1.15,1.15,1.15,1.15,1.15,1.15
2013-04-10 12:00:00,1.148,1.148,1.148,1.148,1.148,1.148,1.148,1.148,1.148,1.148,1.148,1.148,1.148,1.148,1.148,1.148,1.148
2013-04-10 13:00:00,1.13,1.13,1.13,1.13,1.13,1.13,1.13,1.13,1.13,1.13,1.13,1.13,1.13,1.13,1.13,1.13,1.13
2013-04-10 14:00:00,1.111,1.111,1.111,1.111,1.111,1.111,1.111,1.111,1.111,1.111,1.111,1.111,1.111,1.111,1.111,1.111,1.111
2013-04-10 15:00:00,1.094,1.094,1.094,1.094,1.094,1.094,1.094,1.094,1.094,1.094,1.094,1.094,1.094,1.094,1.094,1.094,1.094
2013-04-10 16:00:00,1.088,1.088,1.088,1.088,1.088,1.088,1.088,1.088,1.088,1.088,1.088,1.088,1.088,1.088,1.088,1.088,1.088
2013-04-10 17:00:00,1.082,1.082,1.082,1.082,1.082,1.082,1.082,1.082,1.082,1.082,1.082,1.082,1.082,1.082,1.082,1.082,1.082
2013-04-10 18:00:00,1.132,1.132,1.132,1.132,1.132,1.132,1.132,1.132,1.132,1.132,1.132,1.132,1.132,1.132,1.132,1.132,1.132
2013-04-10 19:00:00,1.176,1.176,1.176,1.176,1.176,1.176,1.176,1.176,1.176,1.176,1.176,1.176,1.176,1.176,1.176,1.176,1.176
2013-04-10 20:00:00,1.106,1.106,1.106,1.106,1.106,1.106,1.106,1.106,1.106,1.106,1.106,1.106,1.106,1.106,1.106,1.106,1.106
2013-04-10 21:00:00,1.024,1.024,1.024,1.024,1.024,1.024,1.024,1.024,1.024,1.024,1.024,1.024,1.024,1.024,1.024,1.024,1.024
2013-04-10 22:00:00,0.943,0.943,0.943,0.943,0.943,0.943,0.943,0.943,0.943,0.943,0.943,0.943,0.943,0.943,0.943,0.943,0.943
2013-04-10 23:00:00,0.879,0.879,0.879,0.879,0.879,0.879,0.879,0.879,0.879,0.879,0.879,0.879,0.879,0.879,0.879,0.879,0.879
2013-04-11 00:00:00,0.845,0.845,0.845,0.845,0.845,0.845,0.845,0.845,0.845,0.845,0.845,0.845,0.845,0.845,0.845,0.845,0.845
2013-04-11 01:00:00,0.828,0.828,0.828,0.828,0.828,0.828,0.828,0.828,0.828,0.828,0.828,0.828,0.828,0.828,0.828,0.828,0.828
2013-04-11 02:00:00,0.83,0.83,0.83,0.83,0.83,0.83,0.83,0.83,0.83,0.83,0.83,0.83,0.83,0.83,0.83,0.83,0.83
2013-04-11 03:00:00,0.841,0.841,0.841,0.841,0.841,0.841,0.841,0.841,0.841,0.841,0.841,0.841,0.841,0.841,0.841,0.841,0.841
2013-04-11 04:00:00,0.861,0.861,0.861,0.861,0.861,0.861,0.861,0.861,0.861,0.861,0.861,0.861,0.861,0.861,0.861,0.861,0.861
2013-04-11 05:00:00,0.954,0.954,0.954,0.954,0.954,0.954,0.954,0.954,0.954,0.954,0.954,0.954,0.954,0.954,0.954,0.954,0.954
2013-04-11 06:00:00,1.058,1.058,1.058,1.058,1.058,1.058,1.058,1.058,1.058,1.058,1.058,1.058,1.058,1.058,1.058,1.058,1.058
2013-04-11 07:00:00,1.107,1.107,1.107,1.107,1.107,1.107,1.107,1.107,1.107,1.107,1.107,1.107,1.107,1.107,1.107,1.107,1.107
2013-04-11 08:00:00,1.118,1.118,1.118,1.118,1.118,1.118,1.118,1.118,1.118,1.118,1.118,1.118,1.118,1.118,1.118,1.118,1.118
2013-04-11 09:00:00,1.112,1.112,1.112,1.112,1.112,1.112,1.112,1.112,1.112,1.112,1.112,1.112,1.112,1.112,1.112,1.112,1.112
2013-04-11 10:00:00,1.116,1.116,1.116,1.116,1.116,1.116,1.116,1.116,1.116,1.116,1.116,1.116,1.116,1.116,1.116,1.116,1.116
2013-04-11 11:00:00,1.109,1.109,1.109,1.109,1.109,1.109,1.109,1.109,1.109,1.109,1.109,1.109,1.109,1.109,1.109,1.109,1.109
2013-04-11 12:00:00,1.11,1.11,1.11,1.11,1.11,1.11,1.11,1.11,1.11,1.11,1.11,1.11,1.11,1.11,1.11,1.11,1.11
2013-04-11 13:00:00,1.091,1.091,1.091,1.091,1.091,1.091,1.091,1.091,1.091,1.091,1.091,1.091,1.091,1.091,1.091,1.091,1.091
2013-04-11 14:00:00,1.075,1.075,1.075,1.075,1.075,1.075,1.075,1.075,1.075,1.075,1.075,1.075,1.075,1.075,1.075,1.075,1.075
2013-04-11 15:00:00,1.064,1.064,1.064,1.064,1.064,1.064,1.064,1.064,1.064,1.064,1.064,1.064,1.064,1.064,1.064,1.064,1.064
2013-04-11 16:00:00,1.058,1.058,1.058,1.058,1.058,1.058,1.058,1.058,1.058,1.058,1.058,1.058,1.058,1.058,1.058,1.058,1.058
2013-04-11 17:00:00,1.058,1.058,1.058,1.058,1.058,1.058,1.058,1.058,1.058,1.058,1.058,1.058,1.058,1.058,1.058,1.058,1.058
2013-04-11 18:00:00,1.107,1.107,1.107,1.107,1.107,1.107,1.107,1.107,1.107,1.107,1.107,1.107,1.107,1.107,1.107,1.107,1.107
2013-04-11 19:00:00,1.15,1.15,1.15,1.15,1.15,1.15,1.15,1.15,1.15,1.15,1.15,1.15,1.15,1.15,1.15,1.15,1.15
2013-04-11 20:00:00,1.082,1.082,1.082,1.082,1.082,1.082,1.082,1.082,1.082,1.082,1.082,1.082,1.082,1.082,1.082,1.082,1.082
2013-04-11 21:00:00,1.003,1.003,1.003,1.003,1.003,1.003,1.003,1.003,1.003,1.003,1.003,1.003,1.003,1.003,1.003,1.003,1.003
2013-04-11 22:00:00,0.924,0.924,0.924,0.924,0.924,0.924,0.924,0.924,0.924,0.924,0.924,0.924,0.924,0.924,0.924,0.924,0.924
2013-04-11 23:00:00,0.858,0.858,0.858,0.858,0.858,0.858,0.858,0.858,0.858,0.858,0.858,0.858,0.858,0.858,0.858,0.858,0.858
2013-04-12 00:00:00,0.822,0.822,0.822,0.822,0.822,0.822,0.822,0.822,0.822,0.822,0.822,0.822,0.822,0.822,0.822,0.822,0.822
2013-04-12 01:00:00,0.808,0.808,0.808,0.808,0.808,0.808,0.808,0.808,0.808,0.808,0.808,0.808,0.808,0.808,0.808,0.808,0.808
2013-04-12 02:00:00,0.809,0.809,0.809,0.809,0.809,0.809,0.809,0.809,0.809,0.809,0.809,0.809,0.809,0.809,0.809,0.809,0.809
2013-04-12 03:00:00,0.817,0.817,0.817,0.817,0.817,0.817,0.817,0.817,0.817,0.817,0.817,0.817,0.817,0.817,0.817,0.817,0.817
2013-04-12 04:00:00,0.837,0.837,0.837,0.837,0.837,0.837,0.837,0.837,0.837,0.837,0.837,0.837,0.837,0.837,0.837,0.837,0.837
2013-04-12 05:00:00,0.93,0.93,0.93,0.93,0.93,0.93,0.93,0.93,0.93,0.93,0.93,0.93,0.93,0.93,0.93,0.93,0.93
2013-04-12 06:00:00,1.043,1.043,1.043,1.043,1.043,1.043,1.043,1.043,1.043,1.043,1.043,1.043,1.043,1.043,1.043,1.043,1.043
2013-04-12 07:00:00,1.099,1.099,1.099,1.099,1.099,1.099,1.099,1.099,1.099,1.099,1.099,1.099,1.099,1.099,1.099,1.099,1.099
2013-04-12 08:00:00,1.114,1.114,1.114,1.114,1.114,1.114,1.114,1.114,1.114,1.114,1.114,1.114,1.114,1.114,1.114,1.114,1.114
2013-04-12 09:00:00,1.114,1.114,1.114,1.114,1.114,1.114,1.114,1.114,1.114,1.114,1.114,1.114,1.114,1.114,1.114,1.114,1.114
2013-04-12 10:00:00,1.128,1.128,1.128,1.128,1.128,1.128,1.128,1.128,1.128,1.128,1.128,1.128,1.128,1.128,1.128,1.128,1.128
2013-04-12 11:00:00,1.127,1.127,1.127,1.127,1.127,1.127,1.127,1.127,1.127,1.127,1.127,1.127,1.127,1.127,1.127,1.127,1.127
2013-04-12 12:00:00,1.131,1.131,1.131,1.131,1.131,1.131,1.131,1.131,1.131,1.131,1.131,1.131,1.131,1.131,1.131,1.131,1.131
2013-04-12 13:00:00,1.112,1.112,1.112,1.112,1.112,1.112,1.112,1.112,1.112,1.112,1.112,1.112,1.112,1.112,1.112,1.112,1.112
2013-04-12 14:00:00,1.088,1.088,1.088,1.088,1.088,1.088,1.088,1.088,1.088,1.088,1.088,1.088,1.088,1.088,1.088,1.088,1.088
2013-04-12 15:00:00,1.07,1.07,1.07,1.07,1.07,1.07,1.07,1.07,1.07,1.07,1.07,1.07,1.07,1.07,1.07,1.07,1.07
2013-04-12 16:00:00,1.064,1.064,1.064,1.064,1.064,1.064,1.064,1.064,1.064,1.064,1.064,1.064,1.064,1.064,1.064,1.064,1.064
2013-04-12 17:00:00,1.065,1.065,1.065,1.065,1.065,1.065,1.065,1.065,1.065,1.065,1.065,1.065,1.065,1.065,1.065,1.065,1.065
2013-04-12 18:00:00,1.102,1.102,1.102,1.102,1.102,1.102,1.102,1.102,1.102,1.102,1.102,1.102,1.102,1.102,1.102,1.102,1.102
2013-04-12 19:00:00,1.139,1.139,1.139,1.139,1.139,1.139,1.139,1.139,1.139,1.139,1.139,1.139,1.139,1.139,1.139,1.139,1.139
2013-04-12 20:00:00,1.072,1.072,1.072,1.072,1.072,1.072,1.072,1.072,1.072,1.072,1.072,1.072,1.072,1.072,1.072,1.072,1.072
2013-04-12 21:00:00,0.987,0.987,0.987,0.987,0.987,0.987,0.987,0.987,0.987,0.987,0.987,0.987,0.987,0.987,0.987,0.987,0.987
2013-04-12 22:00:00,0.921,0.921,0.921,0.921,0.921,0.921,0.921,0.921,0.921,0.921,0.921,0.921,0.921,0.921,0.921,0.921,0.921
2013-04-12 23:00:00,0.86,0.86,0.86,0.86,0.86,0.86,0.86,0.86,0.86,0.86,0.86,0.86,0.86,0.86,0.86,0.86,0.86
2013-04-13 00:00:00,0.819,0.819,0.819,0.819,0.819,0.819,0.819,0.819,0.819,0.819,0.819,0.819,0.819,0.819,0.819,0.819,0.819
2013-04-13 01:00:00,0.801,0.801,0.801,0.801,0.801,0.801,0.801,0.801,0.801,0.801,0.801,0.801,0.801,0.801,0.801,0.801,0.801
2013-04-13 02:00:00,0.79,0.79,0.79,0.79,0.79,0.79,0.79,0.79,0.79,0.79,0.79,0.79,0.79,0.79,0.79,0.79,0.79
2013-04-13 03:00:00,0.792,0.792,0.792,0.792,0.792,0.792,0.792,0.792,0.792,0.792,0.792,0.792,0.792,0.792,0.792,0.792,0.792
2013-04-13 04:00:00,0.773,0.773,0.773,0.773,0.773,0.773,0.773,0.773,0.773,0.773,0.773,0.773,0.773,0.773,0.773,0.773,0.773
2013-04-13 05:00:00,0.795,0.795,0.795,0.795,0.795,0.795,0.795,0.795,0.795,0.795,0.795,0.795,0.795,0.795,0.795,0.795,0.795
2013-04-13 06:00:00,0.866,0.866,0.866,0.866,0.866,0.866,0.866,0.866,0.866,0.866,0.866,0.866,0.866,0.866,0.866,0.866,0.866
2013-04-13 07:00:00,0.94,0.94,0.94,0.94,0.94,0.94,0.94,0.94,0.94,0.94,0.94,0.94,0.94,0.94,0.94,0.94,0.94
2013-04-13 08:00:00,0.985,0.985,0.985,0.985,0.985,0.985,0.985,0.985,0.985,0.985,0.985,0.985,0.985,0.985,0.985,0.985,0.985
2013-04-13 09:00:00,0.997,0.997,0.997,0.997,0.997,0.997,0.997,0.997,0.997,0.997,0.997,0.997,0.997,0.997,0.997,0.997,0.997
2013-04-13 10:00:00,1.003,1.003,1.003,1.003,1.003,1.003,1.003,1.003,1.003,1.003,1.003,1.003,1.003,1.003,1.003,1.003,1.003
2013-04-13 11:00:00,0.993,0.993,0.993,0.993,0.993,0.993,0.993,0.993,0.993,0.993,0.993,0.993,0.993,0.993,0.993,0.993,0.993
2013-04-13 12:00:00,0.986,0.986,0.986,0.986,0.986,0.986,0.986,0.986,0.986,0.986,0.986,0.986,0.986,0.986,0.986,0.986,0.986
2013-04-13 13:00:00,0.961,0.961,0.961,0.961,0.961,0.961,0.961,0.961,0.961,0.961,0.961,0.961,0.961,0.961,0.961,0.961,0.961
2013-04-13 14:00:00,0.94,0.94,0.94,0.94,0.94,0.94,0.94,0.94,0.94,0.94,0.94,0.94,0.94,0.94,0.94,0.94,0.94
2013-04-13 15:00:00,0.917,0.917,0.917,0.917,0.917,0.917,0.917,0.917,0.917,0.917,0.917,0.917,0.917,0.917,0.917,0.917,0.917
2013-04-13 16:00:00,0.915,0.915,0.915,0.915,0.915,0.915,0.915,0.915,0.915,0.915,0.915,0.915,0.915,0.915,0.915,0.915,0.915
2013-04-13 17:00:00,0.927,0.927,0.927,0.927,0.927,0.927,0.927,0.927,0.927,0.927,0.927,0.927,0.927,0.927,0.927,0.927,0.927
2013-04-13 18:00:00,0.97,0.97,0.97,0.97,0.97,0.97,0.97,0.97,0.97,0.97,0.97,0.97,0.97,0.97,0.97,0.97,0.97
2013-04-13 19:00:00,1.017,1.017,1.017,1.017,1.017,1.017,1.017,1.017,1.017,1.017,1.017,1.017,1.017,1.017,1.017,1.017,1.017
2013-04-13 20:00:00,0.963,0.963,0.963,0.963,0.963,0.963,0.963,0.963,0.963,0.963,0.963,0.963,0.963,0.963,0.963,0.963,0.963
2013-04-13 21:00:00,0.901,0.901,0.901,0.901,0.901,0.901,0.901,0.901,0.901,0.901,0.901,0.901,0.901,0.901,0.901,0.901,0.901
2013-04-13 22:00:00,0.833,0.833,0.833,0.833,0.833,0.833,0.833,0.833,0.833,0.833,0.833,0.833,0.833,0.833,0.833,0.833,0.833
2013-04-13 23:00:00,0.772,0.772,0.772,0.772,0.772,0.772,0.772,0.772,0.772,0.772,0.772,0.772,0.772,0.772,0.772,0.772,0.772
2013-04-14 00:00:00,0.735,0.735,0.735,0.735,0.735,0.735,0.735,0.735,0.735,0.735,0.735,0.735,0.735,0.735,0.735,0.735,0.735
2013-04-14 01:00:00,0.713,0.713,0.713,0.713,0.713,0.713,0.713,0.713,0.713,0.713,0.713,0.713,0.713,0.713,0.713,0.713,0.713
2013-04-14 02:00:00,0.71,0.71,0.71,0.71,0.71,0.71,0.71,0.71,0.71,0.71,0.71,0.71,0.71,0.71,0.71,0.71,0.71
2013-04-14 03:00:00,0.709,0.709,0.709,0.709,0.709,0.709,0.709,0.709,0.709,0.709,0.709,0.709,0.709,0.709,0.709,0.709,0.709
2013-04-14 04:00:00,0.691,0.691,0.691,0.691,0.691,0.691,0.691,0.691,0.691,0.691,0.691,0.691,0.691,0.691,0.691,0.691,0.691
2013-04-14 05:00:00,0.691,0.691,0.691,0.691,0.691,0.691,0.691,0.691,0.691,0.691,0.691,0.691,0.691,0.691,0.691,0.691,0.691
2013-04-14 06:00:00,0.736,0.736,0.736,0.736,0.736,0.736,0.736,0.736,0.736,0.736,0.736,0.736,0.736,0.736,0.736,0.736,0.736
2013-04-14 07:00:00,0.791,0.791,0.791,0.791,0.791,0.791,0.791,0.791,0.791,0.791,0.791,0.791,0.791,0.791,0.791,0.791,0.791
2013-04-14 08:00:00,0.842,0.842,0.842,0.842,0.842,0.842,0.842,0.842,0.842,0.842,0.842,0.842,0.842,0.842,0.842,0.842,0.842
2013-04-14 09:00:00,0.867,0.867,0.867,0.867,0.867,0.867,0.867,0.867,0.867,0.867,0.867,0.867,0.867,0.867,0.867,0.867,0.867
2013-04-14 10:00:00,0.875,0.875,0.875,0.875,0.875,0.875,0.875,0.875,0.875,0.875,0.875,0.875,0.875,0.875,0.875,0.875,0.875
2013-04-14 11:00:00,0.876,0.876,0.876,0.876,0.876,0.876,0.876,0.876,0.876,0.876,0.876,0.876,0.876,0.876,0.876,0.876,0.876
2013-04-14 12:00:00,0.878,0.878,0.878,0.878,0.878,0.878,0.878,0.878,0.878,0.878,0.878,0.878,0.878,0.878,0.878,0.878,0.878
2013-04-14 13:00:00,0.859,0.859,0.859,0.859,0.859,0.859,0.859,0.859,0.859,0.859,0.859,0.859,0.859,0.859,0.859,0.859,0.859
2013-04-14 14:00:00,0.831,0.831,0.831,0.831,0.831,0.831,0.831,0.831,0.831,0.831,0.831,0.831,0.831,0.831,0.831,0.831,0.831
2013-04-14 15:00:00,0.816,0.816,0.816,0.816,0.816,0.816,0.816,0.816,0.816,0.816,0.816,0.816,0.816,0.816,0.816,0.816,0.816
2013-04-14 16:00:00,0.816,0.816,0.816,0.816,0.816,0.816,0.816,0.816,0.816,0.816,0.816,0.816,0.816,0.816,0.816,0.816,0.816
2013-04-14 17:00:00,0.834,0.834,0.834,0.834,0.834,0.834,0.834,0.834,0.834,0.834,0.834,0.834,0.834,0.834,0.834,0.834,0.834
2013-04-14 18:00:00,0.891,0.891,0.891,0.891,0.891,0.891,0.891,0.891,0.891,0.891,0.891,0.891,0.891,0.891,0.891,0.891,0.891
2013-04-14 19:00:00,0.961,0.961,0.961,0.961,0.961,0.961,0.961,0.961,0.961,0.961,0.961,0.961,0.961,0.961,0.961,0.961,0.961
2013-04-14 20:00:00,0.925,0.925,0.925,0.925,0.925,0.925,0.925,0.925,0.925,0.925,0.925,0.925,0.925,0.925,0.925,0.925,0.925
2013-04-14 21:00:00,0.865,0.865,0.865,0.865,0.865,0.865,0.865,0.865,0.865,0.865,0.865,0.865,0.865,0.865,0.865,0.865,0.865
2013-04-14 22:00:00,0.795,0.795,0.795,0.795,0.795,0.795,0.795,0.795,0.795,0.795,0.795,0.795,0.795,0.795,0.795,0.795,0.795
2013-04-14 23:00:00,0.743,0.743,0.743,0.743,0.743,0.743,0.743,0.743,0.743,0.743,0.743,0.743,0.743,0.743,0.743,0.743,0.743
2013-04-15 00:00:00,0.719,0.719,0.719,0.719,0.719,0.719,0.719,0.719,0.719,0.719,0.719,0.719,0.719,0.719,0.719,0.719,0.719
2013-04-15 01:00:00,0.711,0.711,0.711,0.711,0.711,0.711,0.711,0.711,0.711,0.711,0.711,0.711,0.711,0.711,0.711,0.711,0.711
2013-04-15 02:00:00,0.714,0.714,0.714,0.714,0.714,0.714,0.714,0.714,0.714,0.714,0.714,0.714,0.714,0.714,0.714,0.714,0.714
2013-04-15 03:00:00,0.731,0.731,0.731,0.731,0.731,0.731,0.731,0.731,0.731,0.731,0.731,0.731,0.731,0.731,0.731,0.731,0.731
2013-04-15 04:00:00,0.759,0.759,0.759,0.759,0.759,0.759,0.759,0.759,0.759,0.759,0.759,0.759,0.759,0.759,0.759,0.759,0.759
2013-04-15 05:00:00,0.884,0.884,0.884,0.884,0.884,0.884,0.884,0.884,0.884,0.884,0.884,0.884,0.884,0.884,0.884,0.884,0.884
2013-04-15 06:00:00,1.008,1.008,1.008,1.008,1.008,1.008,1.008,1.008,1.008,1.008,1.008,1.008,1.008,1.008,1.008,1.008,1.008
2013-04-15 07:00:00,1.068,1.068,1.068,1.068,1.068,1.068,1.068,1.068,1.068,1.068,1.068,1.068,1.068,1.068,1.068,1.068,1.068
2013-04-15 08:00:00,1.088,1.088,1.088,1.088,1.088,1.088,1.088,1.088,1.088,1.088,1.088,1.088,1.088,1.088,1.088,1.088,1.088
2013-04-15 09:00:00,1.077,1.077,1.077,1.077,1.077,1.077,1.077,1.077,1.077,1.077,1.077,1.077,1.077,1.077,1.077,1.077,1.077
2013-04-15 10:00:00,1.083,1.083,1.083,1.083,1.083,1.083,1.083,1.083,1.083,1.083,1.083,1.083,1.083,1.083,1.083,1.083,1.083
2013-04-15 11:00:00,1.08,1.08,1.08,1.08,1.08,1.08,1.08,1.08,1.08,1.08,1.08,1.08,1.08,1.08,1.08,1.08,1.08
2013-04-15 12:00:00,1.075,1.075,1.075,1.075,1.075,1.075,1.075,1.075,1.075,1.075,1.075,1.075,1.075,1.075,1.075,1.075,1.075
2013-04-15 13:00:00,1.049,1.049,1.049,1.049,1.049,1.049,1.049,1.049,1.049,1.049,1.049,1.049,1.049,1.049,1.049,1.049,1.049
2013-04-15 14:00:00,1.027,1.027,1.027,1.027,1.027,1.027,1.027,1.027,1.027,1.027,1.027,1.027,1.027,1.027,1.027,1.027,1.027
2013-04-15 15:00:00,1.011,1.011,1.011,1.011,1.011,1.011,1.011,1.011,1.011,1.011,1.011,1.011,1.011,1.011,1.011,1.011,1.011
2013-04-15 16:00:00,1.006,1.006,1.006,1.006,1.006,1.006,1.006,1.006,1.006,1.006,1.006,1.006,1.006,1.006,1.006,1.006,1.006
2013-04-15 17:00:00,1.01,1.01,1.01,1.01,1.01,1.01,1.01,1.01,1.01,1.01,1.01,1.01,1.01,1.01,1.01,1.01,1.01
2013-04-15 18:00:00,1.048,1.048,1.048,1.048,1.048,1.048,1.048,1.048,1.048,1.048,1.048,1.048,1.048,1.048,1.048,1.048,1.048
2013-04-15 19:00:00,1.131,1.131,1.131,1.131,1.131,1.131,1.131,1.131,1.131,1.131,1.131,1.131,1.131,1.131,1.131,1.131,1.131
2013-04-15 20:00:00,1.064,1.064,1.064,1.064,1.064,1.064,1.064,1.064,1.064,1.064,1.064,1.064,1.064,1.064,1.064,1.064,1.064
2013-04-15 21:00:00,0.974,0.974,0.974,0.974,0.974,0.974,0.974,0.974,0.974,0.974,0.974,0.974,0.974,0.974,0.974,0.974,0.974
2013-04-15 22:00:00,0.896,0.896,0.896,0.896,0.896,0.896,0.896,0.896,0.896,0.896,0.896,0.896,0.896,0.896,0.896,0.896,0.896
2013-04-15 23:00:00,0.835,0.835,0.835,0.835,0.835,0.835,0.835,0.835,0.835,0.835,0.835,0.835,0.835,0.835,0.835,0.835,0.835
2013-04-16 00:00:00,0.801,0.801,0.801,0.801,0.801,0.801,0.801,0.801,0.801,0.801,0.801,0.801,0.801,0.801,0.801,0.801,0.801
2013-04-16 01:00:00,0.789,0.789,0.789,0.789,0.789,0.789,0.789,0.789,0.789,0.789,0.789,0.789,0.789,0.789,0.789,0.789,0.789
2013-04-16 02:00:00,0.789,0.789,0.789,0.789,0.789,0.789,0.789,0.789,0.789,0.789,0.789,0.789,0.789,0.789,0.789,0.789,0.789
2013-04-16 03:00:00,0.796,0.796,0.796,0.796,0.796,0.796,0.796,0.796,0.796,0.796,0.796,0.796,0.796,0.796,0.796,0.796,0.796
2013-04-16 04:00:00,0.809,0.809,0.809,0.809,0.809,0.809,0.809,0.809,0.809,0.809,0.809,0.809,0.809,0.809,0.809,0.809,0.809
2013-04-16 05:00:00,0.915,0.915,0.915,0.915,0.915,0.915,0.915,0.915,0.915,0.915,0.915,0.915,0.915,0.915,0.915,0.915,0.915
2013-04-16 06:00:00,1.023,1.023,1.023,1.023,1.023,1.023,1.023,1.023,1.023,1.023,1.023,1.023,1.023,1.023,1.023,1.023,1.023
2013-04-16 07:00:00,1.076,1.076,1.076,1.076,1.076,1.076,1.076,1.076,1.076,1.076,1.076,1.076,1.076,1.076,1.076,1.076,1.076
2013-04-16 08:00:00,1.089,1.089,1.089,1.089,1.089,1.089,1.089,1.089,1.089,1.089,1.089,1.089,1.089,1.089,1.089,1.089,1.089
2013-04-16 09:00:00,1.074,1.074,1.074,1.074,1.074,1.074,1.074,1.074,1.074,1.074,1.074,1.074,1.074,1.074,1.074,1.074,1.074
2013-04-16 10:00:00,1.076,1.076,1.076,1.076,1.076,1.076,1.076,1.076,1.076,1.076,1.076,1.076,1.076,1.076,1.076,1.076,1.076
2013-04-16 11:00:00,1.072,1.072,1.072,1.072,1.072,1.072,1.072,1.072,1.072,1.072,1.072,1.072,1.072,1.072,1.072,1.072,1.072
2013-04-16 12:00:00,1.065,1.065,1.065,1.065,1.065,1.065,1.065,1.065,1.065,1.065,1.065,1.065,1.065,1.065,1.065,1.065,1.065
2013-04-16 13:00:00,1.043,1.043,1.043,1.043,1.043,1.043,1.043,1.043,1.043,1.043,1.043,1.043,1.043,1.043,1.043,1.043,1.043
2013-04-16 14:00:00,1.03,1.03,1.03,1.03,1.03,1.03,1.03,1.03,1.03,1.03,1.03,1.03,1.03,1.03,1.03,1.03,1.03
2013-04-16 15:00:00,1.014,1.014,1.014,1.014,1.014,1.014,1.014,1.014,1.014,1.014,1.014,1.014,1.014,1.014,1.014,1.014,1.014
2013-04-16 16:00:00,1.007,1.007,1.007,1.007,1.007,1.007,1.007,1.007,1.007,1.007,1.007,1.007,1.007,1.007,1.007,1.007,1.007
2013-04-16 17:00:00,1.01,1.01,1.01,1.01,1.01,1.01,1.01,1.01,1.01,1.01,1.01,1.01,1.01,1.01,1.01,1.01,1.01
2013-04-16 18:00:00,1.053,1.053,1.053,1.053,1.053,1.053,1.053,1.053,1.053,1.053,1.053,1.053,1.053,1.053,1.053,1.053,1.053
2013-04-16 19:00:00,1.127,1.127,1.127,1.127,1.127,1.127,1.127,1.127,1.127,1.127,1.127,1.127,1.127,1.127,1.127,1.127,1.127
2013-04-16 20:00:00,1.06,1.06,1.06,1.06,1.06,1.06,1.06,1.06,1.06,1.06,1.06,1.06,1.06,1.06,1.06,1.06,1.06
2013-04-16 21:00:00,0.966,0.966,0.966,0.966,0.966,0.966,0.966,0.966,0.966,0.966,0.966,0.966,0.966,0.966,0.966,0.966,0.966
2013-04-16 22:00:00,0.888,0.888,0.888,0.888,0.888,0.888,0.888,0.888,0.888,0.888,0.888,0.888,0.888,0.888,0.888,0.888,0.888
2013-04-16 23:00:00,0.822,0.822,0.822,0.822,0.822,0.822,0.822,0.822,0.822,0.822,0.822,0.822,0.822,0.822,0.822,0.822,0.822
2013-05-29 00:00:00,0.777,0.777,0.777,0.777,0.777,0.777,0.777,0.777,0.777,0.777,0.777,0.777,0.777,0.777,0.777,0.777,0.777
2013-05-29 01:00:00,0.761,0.761,0.761,0.761,0.761,0.761,0.761,0.761,0.761,0.761,0.761,0.761,0.761,0.761,0.761,0.761,0.761
2013-05-29 02:00:00,0.759,0.759,0.759,0.759,0.759,0.759,0.759,0.759,0.759,0.759,0.759,0.759,0.759,0.759,0.759,0.759,0.759
2013-05-29 03:00:00,0.741,0.741,0.741,0.741,0.741,0.741,0.741,0.741,0.741,0.741,0.741,0.741,0.741,0.741,0.741,0.741,0.741
2013-05-29 04:00:00,0.755,0.755,0.755,0.755,0.755,0.755,0.755,0.755,0.755,0.755,0.755,0.755,0.755,0.755,0.755,0.755,0.755
2013-05-29 05:00:00,0.882,0.882,0.882,0.882,0.882,0.882,0.882,0.882,0.882,0.882,0.882,0.882,0.882,0.882,0.882,0.882,0.882
2013-05-29 06:00:00,0.998,0.998,0.998,0.998,0.998,0.998,0.998,0.998,0.998,0.998,0.998,0.998,0.998,0.998,0.998,0.998,0.998
2013-05-29 07:00:00,1.047,1.047,1.047,1.047,1.047,1.047,1.047,1.047,1.047,1.047,1.047,1.047,1.047,1.047,1.047,1.047,1.047
2013-05-29 08:00:00,1.062,1.062,1.062,1.062,1.062,1.062,1.062,1.062,1.062,1.062,1.062,1.062,1.062,1.062,1.062,1.062,1.062
2013-05-29 09:00:00,1.064,1.064,1.064,1.064,1.064,1.064,1.064,1.064,1.064,1.064,1.064,1.064,1.064,1.064,1.064,1.064,1.064
2013-05-29 10:00:00,1.075,1.075,1.075,1.075,1.075,1.075,1.075,1.075,1.075,1.075,1.075,1.075,1.075,1.075,1.075,1.075,1.075
2013-05-29 11:00:00,1.074,1.074,1.074,1.074,1.074,1.074,1.074,1.074,1.074,1.074,1.074,1.074,1.074,1.074,1.074,1.074,1.074
2013-05-29 12:00:00,1.08,1.08,1.08,1.08,1.08,1.08,1.08,1.08,1.08,1.08,1.08,1.08,1.08,1.08,1.08,1.08,1.08
2013-05-29 13:00:00,1.059,1.059,1.059,1.059,1.059,1.059,1.059,1.059,1.059,1.059,1.059,1.059,1.059,1.059,1.059,1.059,1.059
2013-05-29 14:00:00,1.04,1.04,1.04,1.04,1.04,1.04,1.04,1.04,1.04,1.04,1.04,1.04,1.04,1.04,1.04,1.04,1.04
2013-05-29 15:00:00,1.027,1.027,1.027,1.027,1.027,1.027,1.027,1.027,1.027,1.027,1.027,1.027,1.027,1.027,1.027,1.027,1.027
2013-05-29 16:00:00,1.008,1.008,1.008,1.008,1.008,1.008,1.008,1.008,1.008,1.008,1.008,1.008,1.008,1.008,1.008,1.008,1.008
2013-05-29 17:00:00,0.992,0.992,0.992,0.992,0.992,0.992,0.992,0.992,0.992,0.992,0.992,0.992,0.992,0.992,0.992,0.992,0.992
2013-05-29 18:00:00,1.0,1.0,1.0,1.0,1.0,1.0,1.0,1.0,1.0,1.0,1.0,1.0,1.0,1.0,1.0,1.0,1.0
2013-05-29 19:00:00,1.013,1.013,1.013,1.013,1.013,1.013,1.013,1.013,1.013,1.013,1.013,1.013,1.013,1.013,1.013,1.013,1.013
2013-05-29 20:00:00,1.014,1.014,1.014,1.014,1.014,1.014,1.014,1.014,1.014,1.014,1.014,1.014,1.014,1.014,1.014,1.014,1.014
2013-05-29 21:00:00,0.95,0.95,0.95,0.95,0.95,0.95,0.95,0.95,0.95,0.95,0.95,0.95,0.95,0.95,0.95,0.95,0.95
2013-05-29 22:00:00,0.87,0.87,0.87,0.87,0.87,0.87,0.87,0.87,0.87,0.87,0.87,0.87,0.87,0.87,0.87,0.87,0.87
2013-05-29 23:00:00,0.788,0.788,0.788,0.788,0.788,0.788,0.788,0.788,0.788,0.788,0.788,0.788,0.788,0.788,0.788,0.788,0.788
2013-05-30 00:00:00,0.746,0.746,0.746,0.746,0.746,0.746,0.746,0.746,0.746,0.746,0.746,0.746,0.746,0.746,0.746,0.746,0.746
2013-05-30 01:00:00,0.718,0.718,0.718,0.718,0.718,0.718,0.718,0.718,0.718,0.718,0.718,0.718,0.718,0.718,0.718,0.718,0.718
2013-05-30 02:00:00,0.706,0.706,0.706,0.706,0.706,0.706,0.706,0.706,0.706,0.706,0.706,0.706,0.706,0.706,0.706,0.706,0.706
2013-05-30 03:00:00,0.673,0.673,0.673,0.673,0.673,0.673,0.673,0.673,0.673,0.673,0.673,0.673,0.673,0.673,0.673,0.673,0.673
2013-05-30 04:00:00,0.641,0.641,0.641,0.641,0.641,0.641,0.641,0.641,0.641,0.641,0.641,0.641,0.641,0.641,0.641,0.641,0.641
2013-05-30 05:00:00,0.649,0.649,0.649,0.649,0.649,0.649,0.649,0.649,0.649,0.649,0.649,0.649,0.649,0.649,0.649,0.649,0.649
2013-05-30 06:00:00,0.694,0.694,0.694,0.694,0.694,0.694,0.694,0.694,0.694,0.694,0.694,0.694,0.694,0.694,0.694,0.694,0.694
2013-05-30 07:00:00,0.747,0.747,0.747,0.747,0.747,0.747,0.747,0.747,0.747,0.747,0.747,0.747,0.747,0.747,0.747,0.747,0.747
2013-05-30 08:00:00,0.789,0.789,0.789,0.789,0.789,0.789,0.789,0.789,0.789,0.789,0.789,0.789,0.789,0.789,0.789,0.789,0.789
2013-05-30 09:00:00,0.801,0.801,0.801,0.801,0.801,0.801,0.801,0.801,0.801,0.801,0.801,0.801,0.801,0.801,0.801,0.801,0.801
2013-05-30 10:00:00,0.797,0.797,0.797,0.797,0.797,0.797,0.797,0.797,0.797,0.797,0.797,0.797,0.797,0.797,0.797,0.797,0.797
2013-05-30 11:00:00,0.801,0.801,0.801,0.801,0.801,0.801,0.801,0.801,0.801,0.801,0.801,0.801,0.801,0.801,0.801,0.801,0.801
2013-05-30 12:00:00,0.808,0.808,0.808,0.808,0.808,0.808,0.808,0.808,0.808,0.808,0.808,0.808,0.808,0.808,0.808,0.808,0.808
2013-05-30 13:00:00,0.797,0.797,0.797,0.797,0.797,0.797,0.797,0.797,0.797,0.797,0.797,0.797,0.797,0.797,0.797,0.797,0.797
2013-05-30 14:00:00,0.776,0.776,0.776,0.776,0.776,0.776,0.776,0.776,0.776,0.776,0.776,0.776,0.776,0.776,0.776,0.776,0.776
2013-05-30 15:00:00,0.757,0.757,0.757,0.757,0.757,0.757,0.757,0.757,0.757,0.757,0.757,0.757,0.757,0.757,0.757,0.757,0.757
2013-05-30 16:00:00,0.761,0.761,0.761,0.761,0.761,0.761,0.761,0.761,0.761,0.761,0.761,0.761,0.761,0.761,0.761,0.761,0.761
2013-05-30 17:00:00,0.767,0.767,0.767,0.767,0.767,0.767,0.767,0.767,0.767,0.767,0.767,0.767,0.767,0.767,0.767,0.767,0.767
2013-05-30 18:00:00,0.78,0.78,0.78,0.78,0.78,0.78,0.78,0.78,0.78,0.78,0.78,0.78,0.78,0.78,0.78,0.78,0.78
2013-05-30 19:00:00,0.796,0.796,0.796,0.796,0.796,0.796,0.796,0.796,0.796,0.796,0.796,0.796,0.796,0.796,0.796,0.796,0.796
2013-05-30 20:00:00,0.83,0.83,0.83,0.83,0.83,0.83,0.83,0.83,0.83,0.83,0.83,0.83,0.83,0.83,0.83,0.83,0.83
2013-05-30 21:00:00,0.795,0.795,0.795,0.795,0.795,0.795,0.795,0.795,0.795,0.795,0.795,0.795,0.795,0.795,0.795,0.795,0.795
2013-05-30 22:00:00,0.736,0.736,0.736,0.736,0.736,0.736,0.736,0.736,0.736,0.736,0.736,0.736,0.736,0.736,0.736,0.736,0.736
2013-05-30 23:00:00,0.693,0.693,0.693,0.693,0.693,0.693,0.693,0.693,0.693,0.693,0.693,0.693,0.693,0.693,0.693,0.693,0.693
2013-05-31 00:00:00,0.664,0.664,0.664,0.664,0.664,0.664,0.664,0.664,0.664,0.664,0.664,0.664,0.664,0.664,0.664,0.664,0.664
2013-05-31 01:00:00,0.645,0.645,0.645,0.645,0.645,0.645,0.645,0.645,0.645,0.645,0.645,0.645,0.645,0.645,0.645,0.645,0.645
2013-05-31 02:00:00,0.637,0.637,0.637,0.637,0.637,0.637,0.637,0.637,0.637,0.637,0.637,0.637,0.637,0.637,0.637,0.637,0.637
2013-05-31 03:00:00,0.622,0.622,0.622,0.622,0.622,0.622,0.622,0.622,0.622,0.622,0.622,0.622,0.622,0.622,0.622,0.622,0.622
2013-05-31 04:00:00,0.643,0.643,0.643,0.643,0.643,0.643,0.643,0.643,0.643,0.643,0.643,0.643,0.643,0.643,0.643,0.643,0.643
2013-05-31 05:00:00,0.741,0.741,0.741,0.741,0.741,0.741,0.741,0.741,0.741,0.741,0.741,0.741,0.741,0.741,0.741,0.741,0.741
2013-05-31 06:00:00,0.842,0.842,0.842,0.842,0.842,0.842,0.842,0.842,0.842,0.842,0.842,0.842,0.842,0.842,0.842,0.842,0.842
2013-05-31 07:00:00,0.916,0.916,0.916,0.916,0.916,0.916,0.916,0.916,0.916,0.916,0.916,0.916,0.916,0.916,0.916,0.916,0.916
2013-05-31 08:00:00,0.956,0.956,0.956,0.956,0.956,0.956,0.956,0.956,0.956,0.956,0.956,0.956,0.956,0.956,0.956,0.956,0.956
2013-05-31 09:00:00,0.966,0.966,0.966,0.966,0.966,0.966,0.966,0.966,0.966,0.966,0.966,0.966,0.966,0.966,0.966,0.966,0.966
2013-05-31 10:00:00,0.976,0.976,0.976,0.976,0.976,0.976,0.976,0.976,0.976,0.976,0.976,0.976,0.976,0.976,0.976,0.976,0.976
2013-05-31 11:00:00,0.978,0.978,0.978,0.978,0.978,0.978,0.978,0.978,0.978,0.978,0.978,0.978,0.978,0.978,0.978,0.978,0.978
2013-05-31 12:00:00,0.989,0.989,0.989,0.989,0.989,0.989,0.989,0.989,0.989,0.989,0.989,0.989,0.989,0.989,0.989,0.989,0.989
2013-05-31 13:00:00,0.969,0.969,0.969,0.969,0.969,0.969,0.969,0.969,0.969,0.969,0.969,0.969,0.969,0.969,0.969,0.969,0.969
2013-05-31 14:00:00,0.949,0.949,0.949,0.949,0.949,0.949,0.949,0.949,0.949,0.949,0.949,0.949,0.949,0.949,0.949,0.949,0.949
2013-05-31 15:00:00,0.935,0.935,0.935,0.935,0.935,0.935,0.935,0.935,0.935,0.935,0.935,0.935,0.935,0.935,0.935,0.935,0.935
2013-05-31 16:00:00,0.918,0.918,0.918,0.918,0.918,0.918,0.918,0.918,0.918,0.918,0.918,0.918,0.918,0.918,0.918,0.918,0.918
2013-05-31 17:00:00,0.907,0.907,0.907,0.907,0.907,0.907,0.907,0.907,0.907,0.907,0.907,0.907,0.907,0.907,0.907,0.907,0.907
2013-05-31 18:00:00,0.909,0.909,0.909,0.909,0.909,0.909,0.909,0.909,0.909,0.909,0.909,0.909,0.909,0.909,0.909,0.909,0.909
2013-05-31 19:00:00,0.92,0.92,0.92,0.92,0.92,0.92,0.92,0.92,0.92,0.92,0.92,0.92,0.92,0.92,0.92,0.92,0.92
2013-05-31 20:00:00,0.943,0.943,0.943,0.943,0.943,0.943,0.943,0.943,0.943,0.943,0.943,0.943,0.943,0.943,0.943,0.943,0.943
2013-05-31 21:00:00,0.897,0.897,0.897,0.897,0.897,0.897,0.897,0.897,0.897,0.897,0.897,0.897,0.897,0.897,0.897,0.897,0.897
2013-05-31 22:00:00,0.818,0.818,0.818,0.818,0.818,0.818,0.818,0.818,0.818,0.818,0.818,0.818,0.818,0.818,0.818,0.818,0.818
2013-05-31 23:00:00,0.755,0.755,0.755,0.755,0.755,0.755,0.755,0.755,0.755,0.755,0.755,0.755,0.755,0.755,0.755,0.755,0.755
2013-06-01 00:00:00,0.716,0.716,0.716,0.716,0.716,0.716,0.716,0.716,0.716,0.716,0.716,0.716,0.716,0.716,0.716,0.716,0.716
2013-06-01 01:00:00,0.697,0.697,0.697,0.697,0.697,0.697,0.697,0.697,0.697,0.697,0.697,0.697,0.697,0.697,0.697,0.697,0.697
2013-06-01 02:00:00,0.694,0.694,0.694,0.694,0.694,0.694,0.694,0.694,0.694,0.694,0.694,0.694,0.694,0.694,0.694,0.694,0.694
2013-06-01 03:00:00,0.671,0.671,0.671,0.671,0.671,0.671,0.671,0.671,0.671,0.671,0.671,0.671,0.671,0.671,0.671,0.671,0.671
2013-06-01 04:00:00,0.662,0.662,0.662,0.662,0.662,0.662,0.662,0.662,0.662,0.662,0.662,0.662,0.662,0.662,0.662,0.662,0.662
2013-06-01 05:00:00,0.713,0.713,0.713,0.713,0.713,0.713,0.713,0.713,0.713,0.713,0.713,0.713,0.713,0.713,0.713,0.713,0.713
2013-06-01 06:00:00,0.783,0.783,0.783,0.783,0.783,0.783,0.783,0.783,0.783,0.783,0.783,0.783,0.783,0.783,0.783,0.783,0.783
2013-06-01 07:00:00,0.849,0.849,0.849,0.849,0.849,0.849,0.849,0.849,0.849,0.849,0.849,0.849,0.849,0.849,0.849,0.849,0.849
2013-06-01 08:00:00,0.903,0.903,0.903,0.903,0.903,0.903,0.903,0.903,0.903,0.903,0.903,0.903,0.903,0.903,0.903,0.903,0.903
2013-06-01 09:00:00,0.925,0.925,0.925,0.925,0.925,0.925,0.925,0.925,0.925,0.925,0.925,0.925,0.925,0.925,0.925,0.925,0.925
2013-06-01 10:00:00,0.937,0.937,0.937,0.937,0.937,0.937,0.937,0.937,0.937,0.937,0.937,0.937,0.937,0.937,0.937,0.937,0.937
2013-06-01 11:00:00,0.935,0.935,0.935,0.935,0.935,0.935,0.935,0.935,0.935,0.935,0.935,0.935,0.935,0.935,0.935,0.935,0.935
2013-06-01 12:00:00,0.934,0.934,0.934,0.934,0.934,0.934,0.934,0.934,0.934,0.934,0.934,0.934,0.934,0.934,0.934,0.934,0.934
2013-06-01 13:00:00,0.908,0.908,0.908,0.908,0.908,0.908,0.908,0.908,0.908,0.908,0.908,0.908,0.908,0.908,0.908,0.908,0.908
2013-06-01 14:00:00,0.884,0.884,0.884,0.884,0.884,0.884,0.884,0.884,0.884,0.884,0.884,0.884,0.884,0.884,0.884,0.884,0.884
2013-06-01 15:00:00,0.872,0.872,0.872,0.872,0.872,0.872,0.872,0.872,0.872,0.872,0.872,0.872,0.872,0.872,0.872,0.872,0.872
2013-06-01 16:00:00,0.866,0.866,0.866,0.866,0.866,0.866,0.866,0.866,0.866,0.866,0.866,0.866,0.866,0.866,0.866,0.866,0.866
2013-06-01 17:00:00,0.863,0.863,0.863,0.863,0.863,0.863,0.863,0.863,0.863,0.863,0.863,0.863,0.863,0.863,0.863,0.863,0.863
2013-06-01 18:00:00,0.874,0.874,0.874,0.874,0.874,0.874,0.874,0.874,0.874,0.874,0.874,0.874,0.874,0.874,0.874,0.874,0.874
2013-06-01 19:00:00,0.883,0.883,0.883,0.883,0.883,0.883,0.883,0.883,0.883,0.883,0.883,0.883,0.883,0.883,0.883,0.883,0.883
2013-06-01 20:00:00,0.901,0.901,0.901,0.901,0.901,0.901,0.901,0.901,0.901,0.901,0.901,0.901,0.901,0.901,0.901,0.901,0.901
2013-06-01 21:00:00,0.852,0.852,0.852,0.852,0.852,0.852,0.852,0.852,0.852,0.852,0.852,0.852,0.852,0.852,0.852,0.852,0.852
2013-06-01 22:00:00,0.778,0.778,0.778,0.778,0.778,0.778,0.778,0.778,0.778,0.778,0.778,0.778,0.778,0.778,0.778,0.778,0.778
2013-06-01 23:00:00,0.717,0.717,0.717,0.717,0.717,0.717,0.717,0.717,0.717,0.717,0.717,0.717,0.717,0.717,0.717,0.717,0.717
2013-06-02 00:00:00,0.681,0.681,0.681,0.681,0.681,0.681,0.681,0.681,0.681,0.681,0.681,0.681,0.681,0.681,0.681,0.681,0.681
2013-06-02 01:00:00,0.66,0.66,0.66,0.66,0.66,0.66,0.66,0.66,0.66,0.66,0.66,0.66,0.66,0.66,0.66,0.66,0.66
2013-06-02 02:00:00,0.651,0.651,0.651,0.651,0.651,0.651,0.651,0.651,0.651,0.651,0.651,0.651,0.651,0.651,0.651,0.651,0.651
2013-06-02 03:00:00,0.617,0.617,0.617,0.617,0.617,0.617,0.617,0.617,0.617,0.617,0.617,0.617,0.617,0.617,0.617,0.617,0.617
2013-06-02 04:00:00,0.606,0.606,0.606,0.606,0.606,0.606,0.606,0.606,0.606,0.606,0.606,0.606,0.606,0.606,0.606,0.606,0.606
2013-06-02 05:00:00,0.626,0.626,0.626,0.626,0.626,0.626,0.626,0.626,0.626,0.626,0.626,0.626,0.626,0.626,0.626,0.626,0.626
2013-06-02 06:00:00,0.671,0.671,0.671,0.671,0.671,0.671,0.671,0.671,0.671,0.671,0.671,0.671,0.671,0.671,0.671,0.671,0.671
2013-06-02 07:00:00,0.729,0.729,0.729,0.729,0.729,0.729,0.729,0.729,0.729,0.729,0.729,0.729,0.729,0.729,0.729,0.729,0.729
2013-06-02 08:00:00,0.783,0.783,0.783,0.783,0.783,0.783,0.783,0.783,0.783,0.783,0.783,0.783,0.783,0.783,0.783,0.783,0.783
2013-06-02 09:00:00,0.82,0.82,0.82,0.82,0.82,0.82,0.82,0.82,0.82,0.82,0.82,0.82,0.82,0.82,0.82,0.82,0.82
2013-06-02 10:00:00,0.829,0.829,0.829,0.829,0.829,0.829,0.829,0.829,0.829,0.829,0.829,0.829,0.829,0.829,0.829,0.829,0.829
2013-06-02 11:00:00,0.825,0.825,0.825,0.825,0.825,0.825,0.825,0.825,0.825,0.825,0.825,0.825,0.825,0.825,0.825,0.825,0.825
2013-06-02 12:00:00,0.824,0.824,0.824,0.824,0.824,0.824,0.824,0.824,0.824,0.824,0.824,0.824,0.824,0.824,0.824,0.824,0.824
2013-06-02 13:00:00,0.807,0.807,0.807,0.807,0.807,0.807,0.807,0.807,0.807,0.807,0.807,0.807,0.807,0.807,0.807,0.807,0.807
2013-06-02 14:00:00,0.788,0.788,0.788,0.788,0.788,0.788,0.788,0.788,0.788,0.788,0.788,0.788,0.788,0.788,0.788,0.788,0.788
2013-06-02 15:00:00,0.775,0.775,0.775,0.775,0.775,0.775,0.775,0.775,0.775,0.775,0.775,0.775,0.775,0.775,0.775,0.775,0.775
2013-06-02 16:00:00,0.776,0.776,0.776,0.776,0.776,0.776,0.776,0.776,0.776,0.776,0.776,0.776,0.776,0.776,0.776,0.776,0.776
2013-06-02 17:00:00,0.79,0.79,0.79,0.79,0.79,0.79,0.79,0.79,0.79,0.79,0.79,0.79,0.79,0.79,0.79,0.79,0.79
2013-06-02 18:00:00,0.814,0.814,0.814,0.814,0.814,0.814,0.814,0.814,0.814,0.814,0.814,0.814,0.814,0.814,0.814,0.814,0.814
2013-06-02 19:00:00,0.834,0.834,0.834,0.834,0.834,0.834,0.834,0.834,0.834,0.834,0.834,0.834,0.834,0.834,0.834,0.834,0.834
2013-06-02 20:00:00,0.858,0.858,0.858,0.858,0.858,0.858,0.858,0.858,0.858,0.858,0.858,0.858,0.858,0.858,0.858,0.858,0.858
2013-06-02 21:00:00,0.82,0.82,0.82,0.82,0.82,0.82,0.82,0.82,0.82,0.82,0.82,0.82,0.82,0.82,0.82,0.82,0.82
2013-06-02 22:00:00,0.746,0.746,0.746,0.746,0.746,0.746,0.746,0.746,0.746,0.746,0.746,0.746,0.746,0.746,0.746,0.746,0.746
2013-06-02 23:00:00,0.693,0.693,0.693,0.693,0.693,0.693,0.693,0.693,0.693,0.693,0.693,0.693,0.693,0.693,0.693,0.693,0.693
2013-06-03 00:00:00,0.665,0.665,0.665,0.665,0.665,0.665,0.665,0.665,0.665,0.665,0.665,0.665,0.665,0.665,0.665,0.665,0.665
2013-06-03 01:00:00,0.659,0.659,0.659,0.659,0.659,0.659,0.659,0.659,0.659,0.659,0.659,0.659,0.659,0.659,0.659,0.659,0.659
2013-06-03 02:00:00,0.661,0.661,0.661,0.661,0.661,0.661,0.661,0.661,0.661,0.661,0.661,0.661,0.661,0.661,0.661,0.661,0.661
2013-06-03 03:00:00,0.648,0.648,0.648,0.648,0.648,0.648,0.648,0.648,0.648,0.648,0.648,0.648,0.648,0.648,0.648,0.648,0.648
2013-06-03 04:00:00,0.677,0.677,0.677,0.677,0.677,0.677,0.677,0.677,0.677,0.677,0.677,0.677,0.677,0.677,0.677,0.677,0.677
2013-06-03 05:00:00,0.821,0.821,0.821,0.821,0.821,0.821,0.821,0.821,0.821,0.821,0.821,0.821,0.821,0.821,0.821,0.821,0.821
2013-06-03 06:00:00,0.953,0.953,0.953,0.953,0.953,0.953,0.953,0.953,0.953,0.953,0.953,0.953,0.953,0.953,0.953,0.953,0.953
2013-06-03 07:00:00,1.023,1.023,1.023,1.023,1.023,1.023,1.023,1.023,1.023,1.023,1.023,1.023,1.023,1.023,1.023,1.023,1.023
2013-06-03 08:00:00,1.05,1.05,1.05,1.05,1.05,1.05,1.05,1.05,1.05,1.05,1.05,1.05,1.05,1.05,1.05,1.05,1.05
2013-06-03 09:00:00,1.052,1.052,1.052,1.052,1.052,1.052,1.052,1.052,1.052,1.052,1.052,1.052,1.052,1.052,1.052,1.052,1.052
2013-06-03 10:00:00,1.075,1.075,1.075,1.075,1.075,1.075,1.075,1.075,1.075,1.075,1.075,1.075,1.075,1.075,1.075,1.075,1.075
2013-06-03 11:00:00,1.082,1.082,1.082,1.082,1.082,1.082,1.082,1.082,1.082,1.082,1.082,1.082,1.082,1.082,1.082,1.082,1.082
2013-06-03 12:00:00,1.083,1.083,1.083,1.083,1.083,1.083,1.083,1.083,1.083,1.083,1.083,1.083,1.083,1.083,1.083,1.083,1.083
2013-06-03 13:00:00,1.058,1.058,1.058,1.058,1.058,1.058,1.058,1.058,1.058,1.058,1.058,1.058,1.058,1.058,1.058,1.058,1.058
2013-06-03 14:00:00,1.043,1.043,1.043,1.043,1.043,1.043,1.043,1.043,1.043,1.043,1.043,1.043,1.043,1.043,1.043,1.043,1.043
2013-06-03 15:00:00,1.027,1.027,1.027,1.027,1.027,1.027,1.027,1.027,1.027,1.027,1.027,1.027,1.027,1.027,1.027,1.027,1.027
2013-06-03 16:00:00,1.015,1.015,1.015,1.015,1.015,1.015,1.015,1.015,1.015,1.015,1.015,1.015,1.015,1.015,1.015,1.015,1.015
2013-06-03 17:00:00,1.01,1.01,1.01,1.01,1.01,1.01,1.01,1.01,1.01,1.01,1.01,1.01,1.01,1.01,1.01,1.01,1.01
2013-06-03 18:00:00,1.022,1.022,1.022,1.022,1.022,1.022,1.022,1.022,1.022,1.022,1.022,1.022,1.022,1.022,1.022,1.022,1.022
2013-06-03 19:00:00,1.033,1.033,1.033,1.033,1.033,1.033,1.033,1.033,1.033,1.033,1.033,1.033,1.033,1.033,1.033,1.033,1.033
2013-06-03 20:00:00,1.023,1.023,1.023,1.023,1.023,1.023,1.023,1.023,1.023,1.023,1.023,1.023,1.023,1.023,1.023,1.023,1.023
2013-06-03 21:00:00,0.955,0.955,0.955,0.955,0.955,0.955,0.955,0.955,0.955,0.955,0.955,0.955,0.955,0.955,0.955,0.955,0.955
2013-06-03 22:00:00,0.872,0.872,0.872,0.872,0.872,0.872,0.872,0.872,0.872,0.872,0.872,0.872,0.872,0.872,0.872,0.872,0.872
2013-06-03 23:00:00,0.807,0.807,0.807,0.807,0.807,0.807,0.807,0.807,0.807,0.807,0.807,0.807,0.807,0.807,0.807,0.807,0.807
2013-06-04 00:00:00,0.772,0.772,0.772,0.772,0.772,0.772,0.772,0.772,0.772,0.772,0.772,0.772,0.772,0.772,0.772,0.772,0.772
2013-06-04 01:00:00,0.753,0.753,0.753,0.753,0.753,0.753,0.753,0.753,0.753,0.753,0.753,0.753,0.753,0.753,0.753,0.753,0.753
2013-06-04 02:00:00,0.745,0.745,0.745,0.745,0.745,0.745,0.745,0.745,0.745,0.745,0.745,0.745,0.745,0.745,0.745,0.745,0.745
2013-06-04 03:00:00,0.732,0.732,0.732,0.732,0.732,0.732,0.732,0.732,0.732,0.732,0.732,0.732,0.732,0.732,0.732,0.732,0.732
2013-06-04 04:00:00,0.752,0.752,0.752,0.752,0.752,0.752,0.752,0.752,0.752,0.752,0.752,0.752,0.752,0.752,0.752,0.752,0.752
2013-06-04 05:00:00,0.87,0.87,0.87,0.87,0.87,0.87,0.87,0.87,0.87,0.87,0.87,0.87,0.87,0.87,0.87,0.87,0.87
2013-06-04 06:00:00,0.986,0.986,0.986,0.986,0.986,0.986,0.986,0.986,0.986,0.986,0.986,0.986,0.986,0.986,0.986,0.986,0.986
2013-06-04 07:00:00,1.047,1.047,1.047,1.047,1.047,1.047,1.047,1.047,1.047,1.047,1.047,1.047,1.047,1.047,1.047,1.047,1.047
2013-06-04 08:00:00,1.073,1.073,1.073,1.073,1.073,1.073,1.073,1.073,1.073,1.073,1.073,1.073,1.073,1.073,1.073,1.073,1.073
2013-06-04 09:00:00,1.073,1.073,1.073,1.073,1.073,1.073,1.073,1.073,1.073,1.073,1.073,1.073,1.073,1.073,1.073,1.073,1.073
2013-06-04 10:00:00,1.089,1.089,1.089,1.089,1.089,1.089,1.089,1.089,1.089,1.089,1.089,1.089,1.089,1.089,1.089,1.089,1.089
2013-06-04 11:00:00,1.097,1.097,1.097,1.097,1.097,1.097,1.097,1.097,1.097,1.097,1.097,1.097,1.097,1.097,1.097,1.097,1.097
2013-06-04 12:00:00,1.096,1.096,1.096,1.096,1.096,1.096,1.096,1.096,1.096,1.096,1.096,1.096,1.096,1.096,1.096,1.096,1.096
2013-06-04 13:00:00,1.078,1.078,1.078,1.078,1.078,1.078,1.078,1.078,1.078,1.078,1.078,1.078,1.078,1.078,1.078,1.078,1.078
2013-06-04 14:00:00,1.059,1.059,1.059,1.059,1.059,1.059,1.059,1.059,1.059,1.059,1.059,1.059,1.059,1.059,1.059,1.059,1.059
2013-06-04 15:00:00,1.046,1.046,1.046,1.046,1.046,1.046,1.046,1.046,1.046,1.046,1.046,1.046,1.046,1.046,1.046,1.046,1.046
2013-06-04 16:00:00,1.033,1.033,1.033,1.033,1.033,1.033,1.033,1.033,1.033,1.033,1.033,1.033,1.033,1.033,1.033,1.033,1.033
2013-06-04 17:00:00,1.021,1.021,1.021,1.021,1.021,1.021,1.021,1.021,1.021,1.021,1.021,1.021,1.021,1.021,1.021,1.021,1.021
2013-06-04 18:00:00,1.035,1.035,1.035,1.035,1.035,1.035,1.035,1.035,1.035,1.035,1.035,1.035,1.035,1.035,1.035,1.035,1.035
2013-06-04 19:00:00,1.042,1.042,1.042,1.042,1.042,1.042,1.042,1.042,1.042,1.042,1.042,1.042,1.042,1.042,1.042,1.042,1.042
2013-06-04 20:00:00,1.027,1.027,1.027,1.027,1.027,1.027,1.027,1.027,1.027,1.027,1.027,1.027,1.027,1.027,1.027,1.027,1.027
2013-06-04 21:00:00,0.961,0.961,0.961,0.961,0.961,0.961,0.961,0.961,0.961,0.961,0.961,0.961,0.961,0.961,0.961,0.961,0.961
2013-06-04 22:00:00,0.878,0.878,0.878,0.878,0.878,0.878,0.878,0.878,0.878,0.878,0.878,0.878,0.878,0.878,0.878,0.878,0.878
2013-06-04 23:00:00,0.814,0.814,0.814,0.814,0.814,0.814,0.814,0.814,0.814,0.814,0.814,0.814,0.814,0.814,0.814,0.814,0.814
2013-06-05 00:00:00,0.78,0.78,0.78,0.78,0.78,0.78,0.78,0.78,0.78,0.78,0.78,0.78,0.78,0.78,0.78,0.78,0.78
2013-06-05 01:00:00,0.763,0.763,0.763,0.763,0.763,0.763,0.763,0.763,0.763,0.763,0.763,0.763,0.763,0.763,0.763,0.763,0.763
2013-06-05 02:00:00,0.764,0.764,0.764,0.764,0.764,0.764,0.764,0.764,0.764,0.764,0.764,0.764,0.764,0.764,0.764,0.764,0.764
2013-06-05 03:00:00,0.74,0.74,0.74,0.74,0.74,0.74,0.74,0.74,0.74,0.74,0.74,0.74,0.74,0.74,0.74,0.74,0.74
2013-06-05 04:00:00,0.76,0.76,0.76,0.76,0.76,0.76,0.76,0.76,0.76,0.76,0.76,0.76,0.76,0.76,0.76,0.76,0.76
2013-06-05 05:00:00,0.881,0.881,0.881,0.881,0.881,0.881,0.881,0.881,0.881,0.881,0.881,0.881,0.881,0.881,0.881,0.881,0.881
2013-06-05 06:00:00,1.0,1.0,1.0,1.0,1.0,1.0,1.0,1.0,1.0,1.0,1.0,1.0,1.0,1.0,1.0,1.0,1.0
2013-06-05 07:00:00,1.06,1.06,1.06,1.06,1.06,1.06,1.06,1.06,1.06,1.06,1.06,1.06,1.06,1.06,1.06,1.06,1.06
2013-06-05 08:00:00,1.079,1.079,1.079,1.079,1.079,1.079,1.079,1.079,1.079,1.079,1.079,1.079,1.079,1.079,1.079,1.079,1.079
2013-06-05 09:00:00,1.081,1.081,1.081,1.081,1.081,1.081,1.081,1.081,1.081,1.081,1.081,1.081,1.081,1.081,1.081,1.081,1.081
2013-06-05 10:00:00,1.094,1.094,1.094,1.094,1.094,1.094,1.094,1.094,1.094,1.094,1.094,1.094,1.094,1.094,1.094,1.094,1.094
2013-06-05 11:00:00,1.088,1.088,1.088,1.088,1.088,1.088,1.088,1.088,1.088,1.088,1.088,1.088,1.088,1.088,1.088,1.088,1.088
2013-06-05 12:00:00,1.096,1.096,1.096,1.096,1.096,1.096,1.096,1.096,1.096,1.096,1.096,1.096,1.096,1.096,1.096,1.096,1.096
2013-06-05 13:00:00,1.073,1.073,1.073,1.073,1.073,1.073,1.073,1.073,1.073,1.073,1.073,1.073,1.073,1.073,1.073,1.073,1.073
2013-06-05 14:00:00,1.058,1.058,1.058,1.058,1.058,1.058,1.058,1.058,1.058,1.058,1.058,1.058,1.058,1.058,1.058,1.058,1.058
2013-06-05 15:00:00,1.041,1.041,1.041,1.041,1.041,1.041,1.041,1.041,1.041,1.041,1.041,1.041,1.041,1.041,1.041,1.041,1.041
2013-06-05 16:00:00,1.03,1.03,1.03,1.03,1.03,1.03,1.03,1.03,1.03,1.03,1.03,1.03,1.03,1.03,1.03,1.03,1.03
2013-06-05 17:00:00,1.025,1.025,1.025,1.025,1.025,1.025,1.025,1.025,1.025,1.025,1.025,1.025,1.025,1.025,1.025,1.025,1.025
2013-06-05 18:00:00,1.036,1.036,1.036,1.036,1.036,1.036,1.036,1.036,1.036,1.036,1.036,1.036,1.036,1.036,1.036,1.036,1.036
2013-06-05 19:00:00,1.047,1.047,1.047,1.047,1.047,1.047,1.047,1.047,1.047,1.047,1.047,1.047,1.047,1.047,1.047,1.047,1.047
2013-06-05 20:00:00,1.043,1.043,1.043,1.043,1.043,1.043,1.043,1.043,1.043,1.043,1.043,1.043,1.043,1.043,1.043,1.043,1.043
2013-06-05 21:00:00,0.979,0.979,0.979,0.979,0.979,0.979,0.979,0.979,0.979,0.979,0.979,0.979,0.979,0.979,0.979,0.979,0.979
2013-06-05 22:00:00,0.897,0.897,0.897,0.897,0.897,0.897,0.897,0.897,0.897,0.897,0.897,0.897,0.897,0.897,0.897,0.897,0.897
2013-06-05 23:00:00,0.82,0.82,0.82,0.82,0.82,0.82,0.82,0.82,0.82,0.82,0.82,0.82,0.82,0.82,0.82,0.82,0.82
2013-06-06 00:00:00,0.789,0.789,0.789,0.789,0.789,0.789,0.789,0.789,0.789,0.789,0.789,0.789,0.789,0.789,0.789,0.789,0.789
2013-06-06 01:00:00,0.774,0.774,0.774,0.774,0.774,0.774,0.774,0.774,0.774,0.774,0.774,0.774,0.774,0.774,0.774,0.774,0.774
2013-06-06 02:00:00,0.767,0.767,0.767,0.767,0.767,0.767,0.767,0.767,0.767,0.767,0.767,0.767,0.767,0.767,0.767,0.767,0.767
2013-06-06 03:00:00,0.748,0.748,0.748,0.748,0.748,0.748,0.748,0.748,0.748,0.748,0.748,0.748,0.748,0.748,0.748,0.748,0.748
2013-06-06 04:00:00,0.764,0.764,0.764,0.764,0.764,0.764,0.764,0.764,0.764,0.764,0.764,0.764,0.764,0.764,0.764,0.764,0.764
2013-06-06 05:00:00,0.885,0.885,0.885,0.885,0.885,0.885,0.885,0.885,0.885,0.885,0.885,0.885,0.885,0.885,0.885,0.885,0.885
2013-06-06 06:00:00,1.003,1.003,1.003,1.003,1.003,1.003,1.003,1.003,1.003,1.003,1.003,1.003,1.003,1.003,1.003,1.003,1.003
2013-06-06 07:00:00,1.054,1.054,1.054,1.054,1.054,1.054,1.054,1.054,1.054,1.054,1.054,1.054,1.054,1.054,1.054,1.054,1.054
2013-06-06 08:00:00,1.077,1.077,1.077,1.077,1.077,1.077,1.077,1.077,1.077,1.077,1.077,1.077,1.077,1.077,1.077,1.077,1.077
2013-06-06 09:00:00,1.077,1.077,1.077,1.077,1.077,1.077,1.077,1.077,1.077,1.077,1.077,1.077,1.077,1.077,1.077,1.077,1.077
2013-06-06 10:00:00,1.097,1.097,1.097,1.097,1.097,1.097,1.097,1.097,1.097,1.097,1.097,1.097,1.097,1.097,1.097,1.097,1.097
2013-06-06 11:00:00,1.095,1.095,1.095,1.095,1.095,1.095,1.095,1.095,1.095,1.095,1.095,1.095,1.095,1.095,1.095,1.095,1.095
2013-06-06 12:00:00,1.095,1.095,1.095,1.095,1.095,1.095,1.095,1.095,1.095,1.095,1.095,1.095,1.095,1.095,1.095,1.095,1.095
2013-06-06 13:00:00,1.074,1.074,1.074,1.074,1.074,1.074,1.074,1.074,1.074,1.074,1.074,1.074,1.074,1.074,1.074,1.074,1.074
2013-06-06 14:00:00,1.059,1.059,1.059,1.059,1.059,1.059,1.059,1.059,1.059,1.059,1.059,1.059,1.059,1.059,1.059,1.059,1.059
2013-06-06 15:00:00,1.042,1.042,1.042,1.042,1.042,1.042,1.042,1.042,1.042,1.042,1.042,1.042,1.042,1.042,1.042,1.042,1.042
2013-06-06 16:00:00,1.022,1.022,1.022,1.022,1.022,1.022,1.022,1.022,1.022,1.022,1.022,1.022,1.022,1.022,1.022,1.022,1.022
2013-06-06 17:00:00,1.007,1.007,1.007,1.007,1.007,1.007,1.007,1.007,1.007,1.007,1.007,1.007,1.007,1.007,1.007,1.007,1.007
2013-06-06 18:00:00,1.021,1.021,1.021,1.021,1.021,1.021,1.021,1.021,1.021,1.021,1.021,1.021,1.021,1.021,1.021,1.021,1.021
2013-06-06 19:00:00,1.033,1.033,1.033,1.033,1.033,1.033,1.033,1.033,1.033,1.033,1.033,1.033,1.033,1.033,1.033,1.033,1.033
2013-06-06 20:00:00,1.037,1.037,1.037,1.037,1.037,1.037,1.037,1.037,1.037,1.037,1.037,1.037,1.037,1.037,1.037,1.037,1.037
2013-06-06 21:00:00,0.984,0.984,0.984,0.984,0.984,0.984,0.984,0.984,0.984,0.984,0.984,0.984,0.984,0.984,0.984,0.984,0.984
2013-06-06 22:00:00,0.896,0.896,0.896,0.896,0.896,0.896,0.896,0.896,0.896,0.896,0.896,0.896,0.896,0.896,0.896,0.896,0.896
2013-06-06 23:00:00,0.828,0.828,0.828,0.828,0.828,0.828,0.828,0.828,0.828,0.828,0.828,0.828,0.828,0.828,0.828,0.828,0.828
2013-06-07 00:00:00,0.785,0.785,0.785,0.785,0.785,0.785,0.785,0.785,0.785,0.785,0.785,0.785,0.785,0.785,0.785,0.785,0.785
2013-06-07 01:00:00,0.768,0.768,0.768,0.768,0.768,0.768,0.768,0.768,0.768,0.768,0.768,0.768,0.768,0.768,0.768,0.768,0.768
2013-06-07 02:00:00,0.764,0.764,0.764,0.764,0.764,0.764,0.764,0.764,0.764,0.764,0.764,0.764,0.764,0.764,0.764,0.764,0.764
2013-06-07 03:00:00,0.743,0.743,0.743,0.743,0.743,0.743,0.743,0.743,0.743,0.743,0.743,0.743,0.743,0.743,0.743,0.743,0.743
2013-06-07 04:00:00,0.761,0.761,0.761,0.761,0.761,0.761,0.761,0.761,0.761,0.761,0.761,0.761,0.761,0.761,0.761,0.761,0.761
2013-06-07 05:00:00,0.879,0.879,0.879,0.879,0.879,0.879,0.879,0.879,0.879,0.879,0.879,0.879,0.879,0.879,0.879,0.879,0.879
2013-06-07 06:00:00,0.987,0.987,0.987,0.987,0.987,0.987,0.987,0.987,0.987,0.987,0.987,0.987,0.987,0.987,0.987,0.987,0.987
2013-06-07 07:00:00,1.047,1.047,1.047,1.047,1.047,1.047,1.047,1.047,1.047,1.047,1.047,1.047,1.047,1.047,1.047,1.047,1.047
2013-06-07 08:00:00,1.071,1.071,1.071,1.071,1.071,1.071,1.071,1.071,1.071,1.071,1.071,1.071,1.071,1.071,1.071,1.071,1.071
2013-06-07 09:00:00,1.07,1.07,1.07,1.07,1.07,1.07,1.07,1.07,1.07,1.07,1.07,1.07,1.07,1.07,1.07,1.07,1.07
2013-06-07 10:00:00,1.085,1.085,1.085,1.085,1.085,1.085,1.085,1.085,1.085,1.085,1.085,1.085,1.085,1.085,1.085,1.085,1.085
2013-06-07 11:00:00,1.093,1.093,1.093,1.093,1.093,1.093,1.093,1.093,1.093,1.093,1.093,1.093,1.093,1.093,1.093,1.093,1.093
2013-06-07 12:00:00,1.091,1.091,1.091,1.091,1.091,1.091,1.091,1.091,1.091,1.091,1.091,1.091,1.091,1.091,1.091,1.091,1.091
2013-06-07 13:00:00,1.076,1.076,1.076,1.076,1.076,1.076,1.076,1.076,1.076,1.076,1.076,1.076,1.076,1.076,1.076,1.076,1.076
2013-06-07 14:00:00,1.059,1.059,1.059,1.059,1.059,1.059,1.059,1.059,1.059,1.059,1.059,1.059,1.059,1.059,1.059,1.059,1.059
2013-06-07 15:00:00,1.042,1.042,1.042,1.042,1.042,1.042,1.042,1.042,1.042,1.042,1.042,1.042,1.042,1.042,1.042,1.042,1.042
2013-06-07 16:00:00,1.018,1.018,1.018,1.018,1.018,1.018,1.018,1.018,1.018,1.018,1.018,1.018,1.018,1.018,1.018,1.018,1.018
2013-06-07 17:00:00,1.006,1.006,1.006,1.006,1.006,1.006,1.006,1.006,1.006,1.006,1.006,1.006,1.006,1.006,1.006,1.006,1.006
2013-06-07 18:00:00,1.009,1.009,1.009,1.009,1.009,1.009,1.009,1.009,1.009,1.009,1.009,1.009,1.009,1.009,1.009,1.009,1.009
2013-06-07 19:00:00,1.014,1.014,1.014,1.014,1.014,1.014,1.014,1.014,1.014,1.014,1.014,1.014,1.014,1.014,1.014,1.014,1.014
2013-06-07 20:00:00,1.023,1.023,1.023,1.023,1.023,1.023,1.023,1.023,1.023,1.023,1.023,1.023,1.023,1.023,1.023,1.023,1.023
2013-06-07 21:00:00,0.983,0.983,0.983,0.983,0.983,0.983,0.983,0.983,0.983,0.983,0.983,0.983,0.983,0.983,0.983,0.983,0.983
2013-06-07 22:00:00,0.906,0.906,0.906,0.906,0.906,0.906,0.906,0.906,0.906,0.906,0.906,0.906,0.906,0.906,0.906,0.906,0.906
2013-06-07 23:00:00,0.833,0.833,0.833,0.833,0.833,0.833,0.833,0.833,0.833,0.833,0.833,0.833,0.833,0.833,0.833,0.833,0.833
2013-06-08 00:00:00,0.787,0.787,0.787,0.787,0.787,0.787,0.787,0.787,0.787,0.787,0.787,0.787,0.787,0.787,0.787,0.787,0.787
2013-06-08 01:00:00,0.766,0.766,0.766,0.766,0.766,0.766,0.766,0.766,0.766,0.766,0.766,0.766,0.766,0.766,0.766,0.766,0.766
2013-06-08 02:00:00,0.755,0.755,0.755,0.755,0.755,0.755,0.755,0.755,0.755,0.755,0.755,0.755,0.755,0.755,0.755,0.755,0.755
2013-06-08 03:00:00,0.714,0.714,0.714,0.714,0.714,0.714,0.714,0.714,0.714,0.714,0.714,0.714,0.714,0.714,0.714,0.714,0.714
2013-06-08 04:00:00,0.707,0.707,0.707,0.707,0.707,0.707,0.707,0.707,0.707,0.707,0.707,0.707,0.707,0.707,0.707,0.707,0.707
2013-06-08 05:00:00,0.755,0.755,0.755,0.755,0.755,0.755,0.755,0.755,0.755,0.755,0.755,0.755,0.755,0.755,0.755,0.755,0.755
2013-06-08 06:00:00,0.839,0.839,0.839,0.839,0.839,0.839,0.839,0.839,0.839,0.839,0.839,0.839,0.839,0.839,0.839,0.839,0.839
2013-06-08 07:00:00,0.918,0.918,0.918,0.918,0.918,0.918,0.918,0.918,0.918,0.918,0.918,0.918,0.918,0.918,0.918,0.918,0.918
2013-06-08 08:00:00,0.967,0.967,0.967,0.967,0.967,0.967,0.967,0.967,0.967,0.967,0.967,0.967,0.967,0.967,0.967,0.967,0.967
2013-06-08 09:00:00,0.981,0.981,0.981,0.981,0.981,0.981,0.981,0.981,0.981,0.981,0.981,0.981,0.981,0.981,0.981,0.981,0.981
2013-06-08 10:00:00,0.994,0.994,0.994,0.994,0.994,0.994,0.994,0.994,0.994,0.994,0.994,0.994,0.994,0.994,0.994,0.994,0.994
2013-06-08 11:00:00,0.978,0.978,0.978,0.978,0.978,0.978,0.978,0.978,0.978,0.978,0.978,0.978,0.978,0.978,0.978,0.978,0.978
2013-06-08 12:00:00,0.969,0.969,0.969,0.969,0.969,0.969,0.969,0.969,0.969,0.969,0.969,0.969,0.969,0.969,0.969,0.969,0.969
2013-06-08 13:00:00,0.937,0.937,0.937,0.937,0.937,0.937,0.937,0.937,0.937,0.937,0.937,0.937,0.937,0.937,0.937,0.937,0.937
2013-06-08 14:00:00,0.918,0.918,0.918,0.918,0.918,0.918,0.918,0.918,0.918,0.918,0.918,0.918,0.918,0.918,0.918,0.918,0.918
2013-06-08 15:00:00,0.893,0.893,0.893,0.893,0.893,0.893,0.893,0.893,0.893,0.893,0.893,0.893,0.893,0.893,0.893,0.893,0.893
2013-06-08 16:00:00,0.882,0.882,0.882,0.882,0.882,0.882,0.882,0.882,0.882,0.882,0.882,0.882,0.882,0.882,0.882,0.882,0.882
2013-06-08 17:00:00,0.879,0.879,0.879,0.879,0.879,0.879,0.879,0.879,0.879,0.879,0.879,0.879,0.879,0.879,0.879,0.879,0.879
2013-06-08 18:00:00,0.888,0.888,0.888,0.888,0.888,0.888,0.888,0.888,0.888,0.888,0.888,0.888,0.888,0.888,0.888,0.888,0.888
2013-06-08 19:00:00,0.89,0.89,0.89,0.89,0.89,0.89,0.89,0.89,0.89,0.89,0.89,0.89,0.89,0.89,0.89,0.89,0.89
2013-06-08 20:00:00,0.91,0.91,0.91,0.91,0.91,0.91,0.91,0.91,0.91,0.91,0.91,0.91,0.91,0.91,0.91,0.91,0.91
2013-06-08 21:00:00,0.888,0.888,0.888,0.888,0.888,0.888,0.888,0.888,0.888,0.888,0.888,0.888,0.888,0.888,0.888,0.888,0.888
2013-06-08 22:00:00,0.818,0.818,0.818,0.818,0.818,0.818,0.818,0.818,0.818,0.818,0.818,0.818,0.818,0.818,0.818,0.818,0.818
2013-06-08 23:00:00,0.752,0.752,0.752,0.752,0.752,0.752,0.752,0.752,0.752,0.752,0.752,0.752,0.752,0.752,0.752,0.752,0.752
2013-06-09 00:00:00,0.711,0.711,0.711,0.711,0.711,0.711,0.711,0.711,0.711,0.711,0.711,0.711,0.711,0.711,0.711,0.711,0.711
2013-06-09 01:00:00,0.682,0.682,0.682,0.682,0.682,0.682,0.682,0.682,0.682,0.682,0.682,0.682,0.682,0.682,0.682,0.682,0.682
2013-06-09 02:00:00,0.667,0.667,0.667,0.667,0.667,0.667,0.667,0.667,0.667,0.667,0.667,0.667,0.667,0.667,0.667,0.667,0.667
2013-06-09 03:00:00,0.63,0.63,0.63,0.63,0.63,0.63,0.63,0.63,0.63,0.63,0.63,0.63,0.63,0.63,0.63,0.63,0.63
2013-06-09 04:00:00,0.625,0.625,0.625,0.625,0.625,0.625,0.625,0.625,0.625,0.625,0.625,0.625,0.625,0.625,0.625,0.625,0.625
2013-06-09 05:00:00,0.647,0.647,0.647,0.647,0.647,0.647,0.647,0.647,0.647,0.647,0.647,0.647,0.647,0.647,0.647,0.647,0.647
2013-06-09 06:00:00,0.699,0.699,0.699,0.699,0.699,0.699,0.699,0.699,0.699,0.699,0.699,0.699,0.699,0.699,0.699,0.699,0.699
2013-06-09 07:00:00,0.755,0.755,0.755,0.755,0.755,0.755,0.755,0.755,0.755,0.755,0.755,0.755,0.755,0.755,0.755,0.755,0.755
2013-06-09 08:00:00,0.809,0.809,0.809,0.809,0.809,0.809,0.809,0.809,0.809,0.809,0.809,0.809,0.809,0.809,0.809,0.809,0.809
2013-06-09 09:00:00,0.845,0.845,0.845,0.845,0.845,0.845,0.845,0.845,0.845,0.845,0.845,0.845,0.845,0.845,0.845,0.845,0.845
2013-06-09 10:00:00,0.85,0.85,0.85,0.85,0.85,0.85,0.85,0.85,0.85,0.85,0.85,0.85,0.85,0.85,0.85,0.85,0.85
2013-06-09 11:00:00,0.847,0.847,0.847,0.847,0.847,0.847,0.847,0.847,0.847,0.847,0.847,0.847,0.847,0.847,0.847,0.847,0.847
2013-06-09 12:00:00,0.84,0.84,0.84,0.84,0.84,0.84,0.84,0.84,0.84,0.84,0.84,0.84,0.84,0.84,0.84,0.84,0.84
2013-06-09 13:00:00,0.819,0.819,0.819,0.819,0.819,0.819,0.819,0.819,0.819,0.819,0.819,0.819,0.819,0.819,0.819,0.819,0.819
2013-06-09 14:00:00,0.806,0.806,0.806,0.806,0.806,0.806,0.806,0.806,0.806,0.806,0.806,0.806,0.806,0.806,0.806,0.806,0.806
2013-06-09 15:00:00,0.791,0.791,0.791,0.791,0.791,0.791,0.791,0.791,0.791,0.791,0.791,0.791,0.791,0.791,0.791,0.791,0.791
2013-06-09 16:00:00,0.791,0.791,0.791,0.791,0.791,0.791,0.791,0.791,0.791,0.791,0.791,0.791,0.791,0.791,0.791,0.791,0.791
2013-06-09 17:00:00,0.799,0.799,0.799,0.799,0.799,0.799,0.799,0.799,0.799,0.799,0.799,0.799,0.799,0.799,0.799,0.799,0.799
2013-06-09 18:00:00,0.824,0.824,0.824,0.824,0.824,0.824,0.824,0.824,0.824,0.824,0.824,0.824,0.824,0.824,0.824,0.824,0.824
2013-06-09 19:00:00,0.837,0.837,0.837,0.837,0.837,0.837,0.837,0.837,0.837,0.837,0.837,0.837,0.837,0.837,0.837,0.837,0.837
2013-06-09 20:00:00,0.861,0.861,0.861,0.861,0.861,0.861,0.861,0.861,0.861,0.861,0.861,0.861,0.861,0.861,0.861,0.861,0.861
2013-06-09 21:00:00,0.842,0.842,0.842,0.842,0.842,0.842,0.842,0.842,0.842,0.842,0.842,0.842,0.842,0.842,0.842,0.842,0.842
2013-06-09 22:00:00,0.773,0.773,0.773,0.773,0.773,0.773,0.773,0.773,0.773,0.773,0.773,0.773,0.773,0.773,0.773,0.773,0.773
2013-06-09 23:00:00,0.71,0.71,0.71,0.71,0.71,0.71,0.71,0.71,0.71,0.71,0.71,0.71,0.71,0.71,0.71,0.71,0.71
2013-06-10 00:00:00,0.685,0.685,0.685,0.685,0.685,0.685,0.685,0.685,0.685,0.685,0.685,0.685,0.685,0.685,0.685,0.685,0.685
2013-06-10 01:00:00,0.672,0.672,0.672,0.672,0.672,0.672,0.672,0.672,0.672,0.672,0.672,0.672,0.672,0.672,0.672,0.672,0.672
2013-06-10 02:00:00,0.666,0.666,0.666,0.666,0.666,0.666,0.666,0.666,0.666,0.666,0.666,0.666,0.666,0.666,0.666,0.666,0.666
2013-06-10 03:00:00,0.653,0.653,0.653,0.653,0.653,0.653,0.653,0.653,0.653,0.653,0.653,0.653,0.653,0.653,0.653,0.653,0.653
2013-06-10 04:00:00,0.688,0.688,0.688,0.688,0.688,0.688,0.688,0.688,0.688,0.688,0.688,0.688,0.688,0.688,0.688,0.688,0.688
2013-06-10 05:00:00,0.833,0.833,0.833,0.833,0.833,0.833,0.833,0.833,0.833,0.833,0.833,0.833,0.833,0.833,0.833,0.833,0.833
2013-06-10 06:00:00,0.962,0.962,0.962,0.962,0.962,0.962,0.962,0.962,0.962,0.962,0.962,0.962,0.962,0.962,0.962,0.962,0.962
2013-06-10 07:00:00,1.033,1.033,1.033,1.033,1.033,1.033,1.033,1.033,1.033,1.033,1.033,1.033,1.033,1.033,1.033,1.033,1.033
2013-06-10 08:00:00,1.058,1.058,1.058,1.058,1.058,1.058,1.058,1.058,1.058,1.058,1.058,1.058,1.058,1.058,1.058,1.058,1.058
2013-06-10 09:00:00,1.062,1.062,1.062,1.062,1.062,1.062,1.062,1.062,1.062,1.062,1.062,1.062,1.062,1.062,1.062,1.062,1.062
2013-06-10 10:00:00,1.079,1.079,1.079,1.079,1.079,1.079,1.079,1.079,1.079,1.079,1.079,1.079,1.079,1.079,1.079,1.079,1.079
2013-06-10 11:00:00,1.084,1.084,1.084,1.084,1.084,1.084,1.084,1.084,1.084,1.084,1.084,1.084,1.084,1.084,1.084,1.084,1.084
2013-06-10 12:00:00,1.083,1.083,1.083,1.083,1.083,1.083,1.083,1.083,1.083,1.083,1.083,1.083,1.083,1.083,1.083,1.083,1.083
2013-06-10 13:00:00,1.064,1.064,1.064,1.064,1.064,1.064,1.064,1.064,1.064,1.064,1.064,1.064,1.064,1.064,1.064,1.064,1.064
2013-06-10 14:00:00,1.051,1.051,1.051,1.051,1.051,1.051,1.051,1.051,1.051,1.051,1.051,1.051,1.051,1.051,1.051,1.051,1.051
2013-06-10 15:00:00,1.037,1.037,1.037,1.037,1.037,1.037,1.037,1.037,1.037,1.037,1.037,1.037,1.037,1.037,1.037,1.037,1.037
2013-06-10 16:00:00,1.017,1.017,1.017,1.017,1.017,1.017,1.017,1.017,1.017,1.017,1.017,1.017,1.017,1.017,1.017,1.017,1.017
2013-06-10 17:00:00,1.01,1.01,1.01,1.01,1.01,1.01,1.01,1.01,1.01,1.01,1.01,1.01,1.01,1.01,1.01,1.01,1.01
2013-06-10 18:00:00,1.014,1.014,1.014,1.014,1.014,1.014,1.014,1.014,1.014,1.014,1.014,1.014,1.014,1.014,1.014,1.014,1.014
2013-06-10 19:00:00,1.027,1.027,1.027,1.027,1.027,1.027,1.027,1.027,1.027,1.027,1.027,1.027,1.027,1.027,1.027,1.027,1.027
2013-06-10 20:00:00,1.017,1.017,1.017,1.017,1.017,1.017,1.017,1.017,1.017,1.017,1.017,1.017,1.017,1.017,1.017,1.017,1.017
2013-06-10 21:00:00,0.961,0.961,0.961,0.961,0.961,0.961,0.961,0.961,0.961,0.961,0.961,0.961,0.961,0.961,0.961,0.961,0.961
2013-06-10 22:00:00,0.878,0.878,0.878,0.878,0.878,0.878,0.878,0.878,0.878,0.878,0.878,0.878,0.878,0.878,0.878,0.878,0.878
2013-06-10 23:00:00,0.814,0.814,0.814,0.814,0.814,0.814,0.814,0.814,0.814,0.814,0.814,0.814,0.814,0.814,0.814,0.814,0.814
2013-06-11 00:00:00,0.778,0.778,0.778,0.778,0.778,0.778,0.778,0.778,0.778,0.778,0.778,0.778,0.778,0.778,0.778,0.778,0.778
2013-06-11 01:00:00,0.76,0.76,0.76,0.76,0.76,0.76,0.76,0.76,0.76,0.76,0.76,0.76,0.76,0.76,0.76,0.76,0.76
2013-06-11 02:00:00,0.753,0.753,0.753,0.753,0.753,0.753,0.753,0.753,0.753,0.753,0.753,0.753,0.753,0.753,0.753,0.753,0.753
2013-06-11 03:00:00,0.729,0.729,0.729,0.729,0.729,0.729,0.729,0.729,0.729,0.729,0.729,0.729,0.729,0.729,0.729,0.729,0.729
2013-06-11 04:00:00,0.746,0.746,0.746,0.746,0.746,0.746,0.746,0.746,0.746,0.746,0.746,0.746,0.746,0.746,0.746,0.746,0.746
2013-06-11 05:00:00,0.875,0.875,0.875,0.875,0.875,0.875,0.875,0.875,0.875,0.875,0.875,0.875,0.875,0.875,0.875,0.875,0.875
2013-06-11 06:00:00,0.985,0.985,0.985,0.985,0.985,0.985,0.985,0.985,0.985,0.985,0.985,0.985,0.985,0.985,0.985,0.985,0.985
2013-06-11 07:00:00,1.038,1.038,1.038,1.038,1.038,1.038,1.038,1.038,1.038,1.038,1.038,1.038,1.038,1.038,1.038,1.038,1.038
2013-06-11 08:00:00,1.057,1.057,1.057,1.057,1.057,1.057,1.057,1.057,1.057,1.057,1.057,1.057,1.057,1.057,1.057,1.057,1.057
2013-06-11 09:00:00,1.059,1.059,1.059,1.059,1.059,1.059,1.059,1.059,1.059,1.059,1.059,1.059,1.059,1.059,1.059,1.059,1.059
2013-06-11 10:00:00,1.073,1.073,1.073,1.073,1.073,1.073,1.073,1.073,1.073,1.073,1.073,1.073,1.073,1.073,1.073,1.073,1.073
2013-06-11 11:00:00,1.078,1.078,1.078,1.078,1.078,1.078,1.078,1.078,1.078,1.078,1.078,1.078,1.078,1.078,1.078,1.078,1.078
2013-06-11 12:00:00,1.079,1.079,1.079,1.079,1.079,1.079,1.079,1.079,1.079,1.079,1.079,1.079,1.079,1.079,1.079,1.079,1.079
2013-06-11 13:00:00,1.064,1.064,1.064,1.064,1.064,1.064,1.064,1.064,1.064,1.064,1.064,1.064,1.064,1.064,1.064,1.064,1.064
2013-06-11 14:00:00,1.049,1.049,1.049,1.049,1.049,1.049,1.049,1.049,1.049,1.049,1.049,1.049,1.049,1.049,1.049,1.049,1.049
2013-06-11 15:00:00,1.036,1.036,1.036,1.036,1.036,1.036,1.036,1.036,1.036,1.036,1.036,1.036,1.036,1.036,1.036,1.036,1.036
2013-06-11 16:00:00,1.019,1.019,1.019,1.019,1.019,1.019,1.019,1.019,1.019,1.019,1.019,1.019,1.019,1.019,1.019,1.019,1.019
2013-06-11 17:00:00,1.012,1.012,1.012,1.012,1.012,1.012,1.012,1.012,1.012,1.012,1.012,1.012,1.012,1.012,1.012,1.012,1.012
2013-06-11 18:00:00,1.024,1.024,1.024,1.024,1.024,1.024,1.024,1.024,1.024,1.024,1.024,1.024,1.024,1.024,1.024,1.024,1.024
2013-06-11 19:00:00,1.029,1.029,1.029,1.029,1.029,1.029,1.029,1.029,1.029,1.029,1.029,1.029,1.029,1.029,1.029,1.029,1.029
2013-06-11 20:00:00,1.026,1.026,1.026,1.026,1.026,1.026,1.026,1.026,1.026,1.026,1.026,1.026,1.026,1.026,1.026,1.026,1.026
2013-06-11 21:00:00,0.976,0.976,0.976,0.976,0.976,0.976,0.976,0.976,0.976,0.976,0.976,0.976,0.976,0.976,0.976,0.976,0.976
2013-06-11 22:00:00,0.891,0.891,0.891,0.891,0.891,0.891,0.891,0.891,0.891,0.891,0.891,0.891,0.891,0.891,0.891,0.891,0.891
2013-06-11 23:00:00,0.821,0.821,0.821,0.821,0.821,0.821,0.821,0.821,0.821,0.821,0.821,0.821,0.821,0.821,0.821,0.821,0.821
2013-07-30 00:00:00,0.813,0.813,0.813,0.813,0.813,0.813,0.813,0.813,0.813,0.813,0.813,0.813,0.813,0.813,0.813,0.813,0.813
2013-07-30 01:00:00,0.79,0.79,0.79,0.79,0.79,0.79,0.79,0.79,0.79,0.79,0.79,0.79,0.79,0.79,0.79,0.79,0.79
2013-07-30 02:00:00,0.783,0.783,0.783,0.783,0.783,0.783,0.783,0.783,0.783,0.783,0.783,0.783,0.783,0.783,0.783,0.783,0.783
2013-07-30 03:00:00,0.776,0.776,0.776,0.776,0.776,0.776,0.776,0.776,0.776,0.776,0.776,0.776,0.776,0.776,0.776,0.776,0.776
2013-07-30 04:00:00,0.775,0.775,0.775,0.775,0.775,0.775,0.775,0.775,0.775,0.775,0.775,0.775,0.775,0.775,0.775,0.775,0.775
2013-07-30 05:00:00,0.875,0.875,0.875,0.875,0.875,0.875,0.875,0.875,0.875,0.875,0.875,0.875,0.875,0.875,0.875,0.875,0.875
2013-07-30 06:00:00,0.971,0.971,0.971,0.971,0.971,0.971,0.971,0.971,0.971,0.971,0.971,0.971,0.971,0.971,0.971,0.971,0.971
2013-07-30 07:00:00,1.027,1.027,1.027,1.027,1.027,1.027,1.027,1.027,1.027,1.027,1.027,1.027,1.027,1.027,1.027,1.027,1.027
2013-07-30 08:00:00,1.06,1.06,1.06,1.06,1.06,1.06,1.06,1.06,1.06,1.06,1.06,1.06,1.06,1.06,1.06,1.06,1.06
2013-07-30 09:00:00,1.069,1.069,1.069,1.069,1.069,1.069,1.069,1.069,1.069,1.069,1.069,1.069,1.069,1.069,1.069,1.069,1.069
2013-07-30 10:00:00,1.09,1.09,1.09,1.09,1.09,1.09,1.09,1.09,1.09,1.09,1.09,1.09,1.09,1.09,1.09,1.09,1.09
2013-07-30 11:00:00,1.098,1.098,1.098,1.098,1.098,1.098,1.098,1.098,1.098,1.098,1.098,1.098,1.098,1.098,1.098,1.098,1.098
2013-07-30 12:00:00,1.092,1.092,1.092,1.092,1.092,1.092,1.092,1.092,1.092,1.092,1.092,1.092,1.092,1.092,1.092,1.092,1.092
2013-07-30 13:00:00,1.073,1.073,1.073,1.073,1.073,1.073,1.073,1.073,1.073,1.073,1.073,1.073,1.073,1.073,1.073,1.073,1.073
2013-07-30 14:00:00,1.053,1.053,1.053,1.053,1.053,1.053,1.053,1.053,1.053,1.053,1.053,1.053,1.053,1.053,1.053,1.053,1.053
2013-07-30 15:00:00,1.032,1.032,1.032,1.032,1.032,1.032,1.032,1.032,1.032,1.032,1.032,1.032,1.032,1.032,1.032,1.032,1.032
2013-07-30 16:00:00,1.013,1.013,1.013,1.013,1.013,1.013,1.013,1.013,1.013,1.013,1.013,1.013,1.013,1.013,1.013,1.013,1.013
2013-07-30 17:00:00,0.999,0.999,0.999,0.999,0.999,0.999,0.999,0.999,0.999,0.999,0.999,0.999,0.999,0.999,0.999,0.999,0.999
2013-07-30 18:00:00,1.005,1.005,1.005,1.005,1.005,1.005,1.005,1.005,1.005,1.005,1.005,1.005,1.005,1.005,1.005,1.005,1.005
2013-07-30 19:00:00,1.021,1.021,1.021,1.021,1.021,1.021,1.021,1.021,1.021,1.021,1.021,1.021,1.021,1.021,1.021,1.021,1.021
2013-07-30 20:00:00,1.04,1.04,1.04,1.04,1.04,1.04,1.04,1.04,1.04,1.04,1.04,1.04,1.04,1.04,1.04,1.04,1.04
2013-07-30 21:00:00,0.97,0.97,0.97,0.97,0.97,0.97,0.97,0.97,0.97,0.97,0.97,0.97,0.97,0.97,0.97,0.97,0.97
2013-07-30 22:00:00,0.891,0.891,0.891,0.891,0.891,0.891,0.891,0.891,0.891,0.891,0.891,0.891,0.891,0.891,0.891,0.891,0.891
2013-07-30 23:00:00,0.825,0.825,0.825,0.825,0.825,0.825,0.825,0.825,0.825,0.825,0.825,0.825,0.825,0.825,0.825,0.825,0.825
2013-07-31 00:00:00,0.784,0.784,0.784,0.784,0.784,0.784,0.784,0.784,0.784,0.784,0.784,0.784,0.784,0.784,0.784,0.784,0.784
2013-07-31 01:00:00,0.761,0.761,0.761,0.761,0.761,0.761,0.761,0.761,0.761,0.761,0.761,0.761,0.761,0.761,0.761,0.761,0.761
2013-07-31 02:00:00,0.764,0.764,0.764,0.764,0.764,0.764,0.764,0.764,0.764,0.764,0.764,0.764,0.764,0.764,0.764,0.764,0.764
2013-07-31 03:00:00,0.754,0.754,0.754,0.754,0.754,0.754,0.754,0.754,0.754,0.754,0.754,0.754,0.754,0.754,0.754,0.754,0.754
2013-07-31 04:00:00,0.747,0.747,0.747,0.747,0.747,0.747,0.747,0.747,0.747,0.747,0.747,0.747,0.747,0.747,0.747,0.747,0.747
2013-07-31 05:00:00,0.852,0.852,0.852,0.852,0.852,0.852,0.852,0.852,0.852,0.852,0.852,0.852,0.852,0.852,0.852,0.852,0.852
2013-07-31 06:00:00,0.958,0.958,0.958,0.958,0.958,0.958,0.958,0.958,0.958,0.958,0.958,0.958,0.958,0.958,0.958,0.958,0.958
2013-07-31 07:00:00,1.027,1.027,1.027,1.027,1.027,1.027,1.027,1.027,1.027,1.027,1.027,1.027,1.027,1.027,1.027,1.027,1.027
2013-07-31 08:00:00,1.06,1.06,1.06,1.06,1.06,1.06,1.06,1.06,1.06,1.06,1.06,1.06,1.06,1.06,1.06,1.06,1.06
2013-07-31 09:00:00,1.072,1.072,1.072,1.072,1.072,1.072,1.072,1.072,1.072,1.072,1.072,1.072,1.072,1.072,1.072,1.072,1.072
2013-07-31 10:00:00,1.093,1.093,1.093,1.093,1.093,1.093,1.093,1.093,1.093,1.093,1.093,1.093,1.093,1.093,1.093,1.093,1.093
2013-07-31 11:00:00,1.092,1.092,1.092,1.092,1.092,1.092,1.092,1.092,1.092,1.092,1.092,1.092,1.092,1.092,1.092,1.092,1.092
2013-07-31 12:00:00,1.093,1.093,1.093,1.093,1.093,1.093,1.093,1.093,1.093,1.093,1.093,1.093,1.093,1.093,1.093,1.093,1.093
2013-07-31 13:00:00,1.073,1.073,1.073,1.073,1.073,1.073,1.073,1.073,1.073,1.073,1.073,1.073,1.073,1.073,1.073,1.073,1.073
2013-07-31 14:00:00,1.062,1.062,1.062,1.062,1.062,1.062,1.062,1.062,1.062,1.062,1.062,1.062,1.062,1.062,1.062,1.062,1.062
2013-07-31 15:00:00,1.04,1.04,1.04,1.04,1.04,1.04,1.04,1.04,1.04,1.04,1.04,1.04,1.04,1.04,1.04,1.04,1.04
2013-07-31 16:00:00,1.015,1.015,1.015,1.015,1.015,1.015,1.015,1.015,1.015,1.015,1.015,1.015,1.015,1.015,1.015,1.015,1.015
2013-07-31 17:00:00,1.003,1.003,1.003,1.003,1.003,1.003,1.003,1.003,1.003,1.003,1.003,1.003,1.003,1.003,1.003,1.003,1.003
2013-07-31 18:00:00,1.001,1.001,1.001,1.001,1.001,1.001,1.001,1.001,1.001,1.001,1.001,1.001,1.001,1.001,1.001,1.001,1.001
2013-07-31 19:00:00,1.024,1.024,1.024,1.024,1.024,1.024,1.024,1.024,1.024,1.024,1.024,1.024,1.024,1.024,1.024,1.024,1.024
2013-07-31 20:00:00,1.035,1.035,1.035,1.035,1.035,1.035,1.035,1.035,1.035,1.035,1.035,1.035,1.035,1.035,1.035,1.035,1.035
2013-07-31 21:00:00,0.962,0.962,0.962,0.962,0.962,0.962,0.962,0.962,0.962,0.962,0.962,0.962,0.962,0.962,0.962,0.962,0.962
2013-07-31 22:00:00,0.888,0.888,0.888,0.888,0.888,0.888,0.888,0.888,0.888,0.888,0.888,0.888,0.888,0.888,0.888,0.888,0.888
2013-07-31 23:00:00,0.824,0.824,0.824,0.824,0.824,0.824,0.824,0.824,0.824,0.824,0.824,0.824,0.824,0.824,0.824,0.824,0.824
2013-08-01 00:00:00,0.788,0.788,0.788,0.788,0.788,0.788,0.788,0.788,0.788,0.788,0.788,0.788,0.788,0.788,0.788,0.788,0.788
2013-08-01 01:00:00,0.767,0.767,0.767,0.767,0.767,0.767,0.767,0.767,0.767,0.767,0.767,0.767,0.767,0.767,0.767,0.767,0.767
2013-08-01 02:00:00,0.764,0.764,0.764,0.764,0.764,0.764,0.764,0.764,0.764,0.764,0.764,0.764,0.764,0.764,0.764,0.764,0.764
2013-08-01 03:00:00,0.756,0.756,0.756,0.756,0.756,0.756,0.756,0.756,0.756,0.756,0.756,0.756,0.756,0.756,0.756,0.756,0.756
2013-08-01 04:00:00,0.747,0.747,0.747,0.747,0.747,0.747,0.747,0.747,0.747,0.747,0.747,0.747,0.747,0.747,0.747,0.747,0.747
2013-08-01 05:00:00,0.842,0.842,0.842,0.842,0.842,0.842,0.842,0.842,0.842,0.842,0.842,0.842,0.842,0.842,0.842,0.842,0.842
2013-08-01 06:00:00,0.948,0.948,0.948,0.948,0.948,0.948,0.948,0.948,0.948,0.948,0.948,0.948,0.948,0.948,0.948,0.948,0.948
2013-08-01 07:00:00,1.014,1.014,1.014,1.014,1.014,1.014,1.014,1.014,1.014,1.014,1.014,1.014,1.014,1.014,1.014,1.014,1.014
2013-08-01 08:00:00,1.047,1.047,1.047,1.047,1.047,1.047,1.047,1.047,1.047,1.047,1.047,1.047,1.047,1.047,1.047,1.047,1.047
2013-08-01 09:00:00,1.057,1.057,1.057,1.057,1.057,1.057,1.057,1.057,1.057,1.057,1.057,1.057,1.057,1.057,1.057,1.057,1.057
2013-08-01 10:00:00,1.077,1.077,1.077,1.077,1.077,1.077,1.077,1.077,1.077,1.077,1.077,1.077,1.077,1.077,1.077,1.077,1.077
2013-08-01 11:00:00,1.081,1.081,1.081,1.081,1.081,1.081,1.081,1.081,1.081,1.081,1.081,1.081,1.081,1.081,1.081,1.081,1.081
2013-08-01 12:00:00,1.082,1.082,1.082,1.082,1.082,1.082,1.082,1.082,1.082,1.082,1.082,1.082,1.082,1.082,1.082,1.082,1.082
2013-08-01 13:00:00,1.064,1.064,1.064,1.064,1.064,1.064,1.064,1.064,1.064,1.064,1.064,1.064,1.064,1.064,1.064,1.064,1.064
2013-08-01 14:00:00,1.047,1.047,1.047,1.047,1.047,1.047,1.047,1.047,1.047,1.047,1.047,1.047,1.047,1.047,1.047,1.047,1.047
2013-08-01 15:00:00,1.028,1.028,1.028,1.028,1.028,1.028,1.028,1.028,1.028,1.028,1.028,1.028,1.028,1.028,1.028,1.028,1.028
2013-08-01 16:00:00,1.015,1.015,1.015,1.015,1.015,1.015,1.015,1.015,1.015,1.015,1.015,1.015,1.015,1.015,1.015,1.015,1.015
2013-08-01 17:00:00,0.999,0.999,0.999,0.999,0.999,0.999,0.999,0.999,0.999,0.999,0.999,0.999,0.999,0.999,0.999,0.999,0.999
2013-08-01 18:00:00,1.003,1.003,1.003,1.003,1.003,1.003,1.003,1.003,1.003,1.003,1.003,1.003,1.003,1.003,1.003,1.003,1.003
2013-08-01 19:00:00,1.021,1.021,1.021,1.021,1.021,1.021,1.021,1.021,1.021,1.021,1.021,1.021,1.021,1.021,1.021,1.021,1.021
2013-08-01 20:00:00,1.043,1.043,1.043,1.043,1.043,1.043,1.043,1.043,1.043,1.043,1.043,1.043,1.043,1.043,1.043,1.043,1.043
2013-08-01 21:00:00,0.974,0.974,0.974,0.974,0.974,0.974,0.974,0.974,0.974,0.974,0.974,0.974,0.974,0.974,0.974,0.974,0.974
2013-08-01 22:00:00,0.895,0.895,0.895,0.895,0.895,0.895,0.895,0.895,0.895,0.895,0.895,0.895,0.895,0.895,0.895,0.895,0.895
2013-08-01 23:00:00,0.824,0.824,0.824,0.824,0.824,0.824,0.824,0.824,0.824,0.824,0.824,0.824,0.824,0.824,0.824,0.824,0.824
2013-08-02 00:00:00,0.788,0.788,0.788,0.788,0.788,0.788,0.788,0.788,0.788,0.788,0.788,0.788,0.788,0.788,0.788,0.788,0.788
2013-08-02 01:00:00,0.767,0.767,0.767,0.767,0.767,0.767,0.767,0.767,0.767,0.767,0.767,0.767,0.767,0.767,0.767,0.767,0.767
2013-08-02 02:00:00,0.766,0.766,0.766,0.766,0.766,0.766,0.766,0.766,0.766,0.766,0.766,0.766,0.766,0.766,0.766,0.766,0.766
2013-08-02 03:00:00,0.757,0.757,0.757,0.757,0.757,0.757,0.757,0.757,0.757,0.757,0.757,0.757,0.757,0.757,0.757,0.757,0.757
2013-08-02 04:00:00,0.748,0.748,0.748,0.748,0.748,0.748,0.748,0.748,0.748,0.748,0.748,0.748,0.748,0.748,0.748,0.748,0.748
2013-08-02 05:00:00,0.845,0.845,0.845,0.845,0.845,0.845,0.845,0.845,0.845,0.845,0.845,0.845,0.845,0.845,0.845,0.845,0.845
2013-08-02 06:00:00,0.941,0.941,0.941,0.941,0.941,0.941,0.941,0.941,0.941,0.941,0.941,0.941,0.941,0.941,0.941,0.941,0.941
2013-08-02 07:00:00,1.016,1.016,1.016,1.016,1.016,1.016,1.016,1.016,1.016,1.016,1.016,1.016,1.016,1.016,1.016,1.016,1.016
2013-08-02 08:00:00,1.059,1.059,1.059,1.059,1.059,1.059,1.059,1.059,1.059,1.059,1.059,1.059,1.059,1.059,1.059,1.059,1.059
2013-08-02 09:00:00,1.073,1.073,1.073,1.073,1.073,1.073,1.073,1.073,1.073,1.073,1.073,1.073,1.073,1.073,1.073,1.073,1.073
2013-08-02 10:00:00,1.094,1.094,1.094,1.094,1.094,1.094,1.094,1.094,1.094,1.094,1.094,1.094,1.094,1.094,1.094,1.094,1.094
2013-08-02 11:00:00,1.101,1.101,1.101,1.101,1.101,1.101,1.101,1.101,1.101,1.101,1.101,1.101,1.101,1.101,1.101,1.101,1.101
2013-08-02 12:00:00,1.105,1.105,1.105,1.105,1.105,1.105,1.105,1.105,1.105,1.105,1.105,1.105,1.105,1.105,1.105,1.105,1.105
2013-08-02 13:00:00,1.08,1.08,1.08,1.08,1.08,1.08,1.08,1.08,1.08,1.08,1.08,1.08,1.08,1.08,1.08,1.08,1.08
2013-08-02 14:00:00,1.068,1.068,1.068,1.068,1.068,1.068,1.068,1.068,1.068,1.068,1.068,1.068,1.068,1.068,1.068,1.068,1.068
2013-08-02 15:00:00,1.045,1.045,1.045,1.045,1.045,1.045,1.045,1.045,1.045,1.045,1.045,1.045,1.045,1.045,1.045,1.045,1.045
2013-08-02 16:00:00,1.029,1.029,1.029,1.029,1.029,1.029,1.029,1.029,1.029,1.029,1.029,1.029,1.029,1.029,1.029,1.029,1.029
2013-08-02 17:00:00,1.005,1.005,1.005,1.005,1.005,1.005,1.005,1.005,1.005,1.005,1.005,1.005,1.005,1.005,1.005,1.005,1.005
2013-08-02 18:00:00,0.998,0.998,0.998,0.998,0.998,0.998,0.998,0.998,0.998,0.998,0.998,0.998,0.998,0.998,0.998,0.998,0.998
2013-08-02 19:00:00,1.012,1.012,1.012,1.012,1.012,1.012,1.012,1.012,1.012,1.012,1.012,1.012,1.012,1.012,1.012,1.012,1.012
2013-08-02 20:00:00,1.038,1.038,1.038,1.038,1.038,1.038,1.038,1.038,1.038,1.038,1.038,1.038,1.038,1.038,1.038,1.038,1.038
2013-08-02 21:00:00,0.969,0.969,0.969,0.969,0.969,0.969,0.969,0.969,0.969,0.969,0.969,0.969,0.969,0.969,0.969,0.969,0.969
2013-08-02 22:00:00,0.89,0.89,0.89,0.89,0.89,0.89,0.89,0.89,0.89,0.89,0.89,0.89,0.89,0.89,0.89,0.89,0.89
2013-08-02 23:00:00,0.826,0.826,0.826,0.826,0.826,0.826,0.826,0.826,0.826,0.826,0.826,0.826,0.826,0.826,0.826,0.826,0.826
2013-08-03 00:00:00,0.78,0.78,0.78,0.78,0.78,0.78,0.78,0.78,0.78,0.78,0.78,0.78,0.78,0.78,0.78,0.78,0.78
2013-08-03 01:00:00,0.758,0.758,0.758,0.758,0.758,0.758,0.758,0.758,0.758,0.758,0.758,0.758,0.758,0.758,0.758,0.758,0.758
2013-08-03 02:00:00,0.749,0.749,0.749,0.749,0.749,0.749,0.749,0.749,0.749,0.749,0.749,0.749,0.749,0.749,0.749,0.749,0.749
2013-08-03 03:00:00,0.734,0.734,0.734,0.734,0.734,0.734,0.734,0.734,0.734,0.734,0.734,0.734,0.734,0.734,0.734,0.734,0.734
2013-08-03 04:00:00,0.705,0.705,0.705,0.705,0.705,0.705,0.705,0.705,0.705,0.705,0.705,0.705,0.705,0.705,0.705,0.705,0.705
2013-08-03 05:00:00,0.752,0.752,0.752,0.752,0.752,0.752,0.752,0.752,0.752,0.752,0.752,0.752,0.752,0.752,0.752,0.752,0.752
2013-08-03 06:00:00,0.824,0.824,0.824,0.824,0.824,0.824,0.824,0.824,0.824,0.824,0.824,0.824,0.824,0.824,0.824,0.824,0.824
2013-08-03 07:00:00,0.896,0.896,0.896,0.896,0.896,0.896,0.896,0.896,0.896,0.896,0.896,0.896,0.896,0.896,0.896,0.896,0.896
2013-08-03 08:00:00,0.95,0.95,0.95,0.95,0.95,0.95,0.95,0.95,0.95,0.95,0.95,0.95,0.95,0.95,0.95,0.95,0.95
2013-08-03 09:00:00,0.974,0.974,0.974,0.974,0.974,0.974,0.974,0.974,0.974,0.974,0.974,0.974,0.974,0.974,0.974,0.974,0.974
2013-08-03 10:00:00,0.985,0.985,0.985,0.985,0.985,0.985,0.985,0.985,0.985,0.985,0.985,0.985,0.985,0.985,0.985,0.985,0.985
2013-08-03 11:00:00,0.982,0.982,0.982,0.982,0.982,0.982,0.982,0.982,0.982,0.982,0.982,0.982,0.982,0.982,0.982,0.982,0.982
2013-08-03 12:00:00,0.969,0.969,0.969,0.969,0.969,0.969,0.969,0.969,0.969,0.969,0.969,0.969,0.969,0.969,0.969,0.969,0.969
2013-08-03 13:00:00,0.939,0.939,0.939,0.939,0.939,0.939,0.939,0.939,0.939,0.939,0.939,0.939,0.939,0.939,0.939,0.939,0.939
2013-08-03 14:00:00,0.924,0.924,0.924,0.924,0.924,0.924,0.924,0.924,0.924,0.924,0.924,0.924,0.924,0.924,0.924,0.924,0.924
2013-08-03 15:00:00,0.907,0.907,0.907,0.907,0.907,0.907,0.907,0.907,0.907,0.907,0.907,0.907,0.907,0.907,0.907,0.907,0.907
2013-08-03 16:00:00,0.901,0.901,0.901,0.901,0.901,0.901,0.901,0.901,0.901,0.901,0.901,0.901,0.901,0.901,0.901,0.901,0.901
2013-08-03 17:00:00,0.894,0.894,0.894,0.894,0.894,0.894,0.894,0.894,0.894,0.894,0.894,0.894,0.894,0.894,0.894,0.894,0.894
2013-08-03 18:00:00,0.889,0.889,0.889,0.889,0.889,0.889,0.889,0.889,0.889,0.889,0.889,0.889,0.889,0.889,0.889,0.889,0.889
2013-08-03 19:00:00,0.905,0.905,0.905,0.905,0.905,0.905,0.905,0.905,0.905,0.905,0.905,0.905,0.905,0.905,0.905,0.905,0.905
2013-08-03 20:00:00,0.933,0.933,0.933,0.933,0.933,0.933,0.933,0.933,0.933,0.933,0.933,0.933,0.933,0.933,0.933,0.933,0.933
2013-08-03 21:00:00,0.875,0.875,0.875,0.875,0.875,0.875,0.875,0.875,0.875,0.875,0.875,0.875,0.875,0.875,0.875,0.875,0.875
2013-08-03 22:00:00,0.806,0.806,0.806,0.806,0.806,0.806,0.806,0.806,0.806,0.806,0.806,0.806,0.806,0.806,0.806,0.806,0.806
2013-08-03 23:00:00,0.743,0.743,0.743,0.743,0.743,0.743,0.743,0.743,0.743,0.743,0.743,0.743,0.743,0.743,0.743,0.743,0.743
2013-08-04 00:00:00,0.708,0.708,0.708,0.708,0.708,0.708,0.708,0.708,0.708,0.708,0.708,0.708,0.708,0.708,0.708,0.708,0.708
2013-08-04 01:00:00,0.682,0.682,0.682,0.682,0.682,0.682,0.682,0.682,0.682,0.682,0.682,0.682,0.682,0.682,0.682,0.682,0.682
2013-08-04 02:00:00,0.669,0.669,0.669,0.669,0.669,0.669,0.669,0.669,0.669,0.669,0.669,0.669,0.669,0.669,0.669,0.669,0.669
2013-08-04 03:00:00,0.652,0.652,0.652,0.652,0.652,0.652,0.652,0.652,0.652,0.652,0.652,0.652,0.652,0.652,0.652,0.652,0.652
2013-08-04 04:00:00,0.626,0.626,0.626,0.626,0.626,0.626,0.626,0.626,0.626,0.626,0.626,0.626,0.626,0.626,0.626,0.626,0.626
2013-08-04 05:00:00,0.647,0.647,0.647,0.647,0.647,0.647,0.647,0.647,0.647,0.647,0.647,0.647,0.647,0.647,0.647,0.647,0.647
2013-08-04 06:00:00,0.695,0.695,0.695,0.695,0.695,0.695,0.695,0.695,0.695,0.695,0.695,0.695,0.695,0.695,0.695,0.695,0.695
2013-08-04 07:00:00,0.752,0.752,0.752,0.752,0.752,0.752,0.752,0.752,0.752,0.752,0.752,0.752,0.752,0.752,0.752,0.752,0.752
2013-08-04 08:00:00,0.806,0.806,0.806,0.806,0.806,0.806,0.806,0.806,0.806,0.806,0.806,0.806,0.806,0.806,0.806,0.806,0.806
2013-08-04 09:00:00,0.835,0.835,0.835,0.835,0.835,0.835,0.835,0.835,0.835,0.835,0.835,0.835,0.835,0.835,0.835,0.835,0.835
2013-08-04 10:00:00,0.85,0.85,0.85,0.85,0.85,0.85,0.85,0.85,0.85,0.85,0.85,0.85,0.85,0.85,0.85,0.85,0.85
2013-08-04 11:00:00,0.851,0.851,0.851,0.851,0.851,0.851,0.851,0.851,0.851,0.851,0.851,0.851,0.851,0.851,0.851,0.851,0.851
2013-08-04 12:00:00,0.847,0.847,0.847,0.847,0.847,0.847,0.847,0.847,0.847,0.847,0.847,0.847,0.847,0.847,0.847,0.847,0.847
2013-08-04 13:00:00,0.841,0.841,0.841,0.841,0.841,0.841,0.841,0.841,0.841,0.841,0.841,0.841,0.841,0.841,0.841,0.841,0.841
2013-08-04 14:00:00,0.82,0.82,0.82,0.82,0.82,0.82,0.82,0.82,0.82,0.82,0.82,0.82,0.82,0.82,0.82,0.82,0.82
2013-08-04 15:00:00,0.81,0.81,0.81,0.81,0.81,0.81,0.81,0.81,0.81,0.81,0.81,0.81,0.81,0.81,0.81,0.81,0.81
2013-08-04 16:00:00,0.809,0.809,0.809,0.809,0.809,0.809,0.809,0.809,0.809,0.809,0.809,0.809,0.809,0.809,0.809,0.809,0.809
2013-08-04 17:00:00,0.822,0.822,0.822,0.822,0.822,0.822,0.822,0.822,0.822,0.822,0.822,0.822,0.822,0.822,0.822,0.822,0.822
2013-08-04 18:00:00,0.835,0.835,0.835,0.835,0.835,0.835,0.835,0.835,0.835,0.835,0.835,0.835,0.835,0.835,0.835,0.835,0.835
2013-08-04 19:00:00,0.86,0.86,0.86,0.86,0.86,0.86,0.86,0.86,0.86,0.86,0.86,0.86,0.86,0.86,0.86,0.86,0.86
2013-08-04 20:00:00,0.889,0.889,0.889,0.889,0.889,0.889,0.889,0.889,0.889,0.889,0.889,0.889,0.889,0.889,0.889,0.889,0.889
2013-08-04 21:00:00,0.844,0.844,0.844,0.844,0.844,0.844,0.844,0.844,0.844,0.844,0.844,0.844,0.844,0.844,0.844,0.844,0.844
2013-08-04 22:00:00,0.781,0.781,0.781,0.781,0.781,0.781,0.781,0.781,0.781,0.781,0.781,0.781,0.781,0.781,0.781,0.781,0.781
2013-08-04 23:00:00,0.73,0.73,0.73,0.73,0.73,0.73,0.73,0.73,0.73,0.73,0.73,0.73,0.73,0.73,0.73,0.73,0.73
2013-08-05 00:00:00,0.704,0.704,0.704,0.704,0.704,0.704,0.704,0.704,0.704,0.704,0.704,0.704,0.704,0.704,0.704,0.704,0.704
2013-08-05 01:00:00,0.684,0.684,0.684,0.684,0.684,0.684,0.684,0.684,0.684,0.684,0.684,0.684,0.684,0.684,0.684,0.684,0.684
2013-08-05 02:00:00,0.677,0.677,0.677,0.677,0.677,0.677,0.677,0.677,0.677,0.677,0.677,0.677,0.677,0.677,0.677,0.677,0.677
2013-08-05 03:00:00,0.678,0.678,0.678,0.678,0.678,0.678,0.678,0.678,0.678,0.678,0.678,0.678,0.678,0.678,0.678,0.678,0.678
2013-08-05 04:00:00,0.681,0.681,0.681,0.681,0.681,0.681,0.681,0.681,0.681,0.681,0.681,0.681,0.681,0.681,0.681,0.681,0.681
2013-08-05 05:00:00,0.804,0.804,0.804,0.804,0.804,0.804,0.804,0.804,0.804,0.804,0.804,0.804,0.804,0.804,0.804,0.804,0.804
2013-08-05 06:00:00,0.921,0.921,0.921,0.921,0.921,0.921,0.921,0.921,0.921,0.921,0.921,0.921,0.921,0.921,0.921,0.921,0.921
2013-08-05 07:00:00,1.007,1.007,1.007,1.007,1.007,1.007,1.007,1.007,1.007,1.007,1.007,1.007,1.007,1.007,1.007,1.007,1.007
2013-08-05 08:00:00,1.046,1.046,1.046,1.046,1.046,1.046,1.046,1.046,1.046,1.046,1.046,1.046,1.046,1.046,1.046,1.046,1.046
2013-08-05 09:00:00,1.062,1.062,1.062,1.062,1.062,1.062,1.062,1.062,1.062,1.062,1.062,1.062,1.062,1.062,1.062,1.062,1.062
2013-08-05 10:00:00,1.082,1.082,1.082,1.082,1.082,1.082,1.082,1.082,1.082,1.082,1.082,1.082,1.082,1.082,1.082,1.082,1.082
2013-08-05 11:00:00,1.095,1.095,1.095,1.095,1.095,1.095,1.095,1.095,1.095,1.095,1.095,1.095,1.095,1.095,1.095,1.095,1.095
2013-08-05 12:00:00,1.1,1.1,1.1,1.1,1.1,1.1,1.1,1.1,1.1,1.1,1.1,1.1,1.1,1.1,1.1,1.1,1.1
2013-08-05 13:00:00,1.081,1.081,1.081,1.081,1.081,1.081,1.081,1.081,1.081,1.081,1.081,1.081,1.081,1.081,1.081,1.081,1.081
2013-08-05 14:00:00,1.06,1.06,1.06,1.06,1.06,1.06,1.06,1.06,1.06,1.06,1.06,1.06,1.06,1.06,1.06,1.06,1.06
2013-08-05 15:00:00,1.04,1.04,1.04,1.04,1.04,1.04,1.04,1.04,1.04,1.04,1.04,1.04,1.04,1.04,1.04,1.04,1.04
2013-08-05 16:00:00,1.019,1.019,1.019,1.019,1.019,1.019,1.019,1.019,1.019,1.019,1.019,1.019,1.019,1.019,1.019,1.019,1.019
2013-08-05 17:00:00,1.008,1.008,1.008,1.008,1.008,1.008,1.008,1.008,1.008,1.008,1.008,1.008,1.008,1.008,1.008,1.008,1.008
2013-08-05 18:00:00,1.007,1.007,1.007,1.007,1.007,1.007,1.007,1.007,1.007,1.007,1.007,1.007,1.007,1.007,1.007,1.007,1.007
2013-08-05 19:00:00,1.034,1.034,1.034,1.034,1.034,1.034,1.034,1.034,1.034,1.034,1.034,1.034,1.034,1.034,1.034,1.034,1.034
2013-08-05 20:00:00,1.051,1.051,1.051,1.051,1.051,1.051,1.051,1.051,1.051,1.051,1.051,1.051,1.051,1.051,1.051,1.051,1.051
2013-08-05 21:00:00,0.97,0.97,0.97,0.97,0.97,0.97,0.97,0.97,0.97,0.97,0.97,0.97,0.97,0.97,0.97,0.97,0.97
2013-08-05 22:00:00,0.89,0.89,0.89,0.89,0.89,0.89,0.89,0.89,0.89,0.89,0.89,0.89,0.89,0.89,0.89,0.89,0.89
2013-08-05 23:00:00,0.819,0.819,0.819,0.819,0.819,0.819,0.819,0.819,0.819,0.819,0.819,0.819,0.819,0.819,0.819,0.819,0.819
2013-08-06 00:00:00,0.782,0.782,0.782,0.782,0.782,0.782,0.782,0.782,0.782,0.782,0.782,0.782,0.782,0.782,0.782,0.782,0.782
2013-08-06 01:00:00,0.763,0.763,0.763,0.763,0.763,0.763,0.763,0.763,0.763,0.763,0.763,0.763,0.763,0.763,0.763,0.763,0.763
2013-08-06 02:00:00,0.761,0.761,0.761,0.761,0.761,0.761,0.761,0.761,0.761,0.761,0.761,0.761,0.761,0.761,0.761,0.761,0.761
2013-08-06 03:00:00,0.76,0.76,0.76,0.76,0.76,0.76,0.76,0.76,0.76,0.76,0.76,0.76,0.76,0.76,0.76,0.76,0.76
2013-08-06 04:00:00,0.749,0.749,0.749,0.749,0.749,0.749,0.749,0.749,0.749,0.749,0.749,0.749,0.749,0.749,0.749,0.749,0.749
2013-08-06 05:00:00,0.849,0.849,0.849,0.849,0.849,0.849,0.849,0.849,0.849,0.849,0.849,0.849,0.849,0.849,0.849,0.849,0.849
2013-08-06 06:00:00,0.96,0.96,0.96,0.96,0.96,0.96,0.96,0.96,0.96,0.96,0.96,0.96,0.96,0.96,0.96,0.96,0.96
2013-08-06 07:00:00,1.037,1.037,1.037,1.037,1.037,1.037,1.037,1.037,1.037,1.037,1.037,1.037,1.037,1.037,1.037,1.037,1.037
2013-08-06 08:00:00,1.08,1.08,1.08,1.08,1.08,1.08,1.08,1.08,1.08,1.08,1.08,1.08,1.08,1.08,1.08,1.08,1.08
2013-08-06 09:00:00,1.096,1.096,1.096,1.096,1.096,1.096,1.096,1.096,1.096,1.096,1.096,1.096,1.096,1.096,1.096,1.096,1.096
2013-08-06 10:00:00,1.118,1.118,1.118,1.118,1.118,1.118,1.118,1.118,1.118,1.118,1.118,1.118,1.118,1.118,1.118,1.118,1.118
2013-08-06 11:00:00,1.122,1.122,1.122,1.122,1.122,1.122,1.122,1.122,1.122,1.122,1.122,1.122,1.122,1.122,1.122,1.122,1.122
2013-08-06 12:00:00,1.126,1.126,1.126,1.126,1.126,1.126,1.126,1.126,1.126,1.126,1.126,1.126,1.126,1.126,1.126,1.126,1.126
2013-08-06 13:00:00,1.102,1.102,1.102,1.102,1.102,1.102,1.102,1.102,1.102,1.102,1.102,1.102,1.102,1.102,1.102,1.102,1.102
2013-08-06 14:00:00,1.084,1.084,1.084,1.084,1.084,1.084,1.084,1.084,1.084,1.084,1.084,1.084,1.084,1.084,1.084,1.084,1.084
2013-08-06 15:00:00,1.061,1.061,1.061,1.061,1.061,1.061,1.061,1.061,1.061,1.061,1.061,1.061,1.061,1.061,1.061,1.061,1.061
2013-08-06 16:00:00,1.041,1.041,1.041,1.041,1.041,1.041,1.041,1.041,1.041,1.041,1.041,1.041,1.041,1.041,1.041,1.041,1.041
2013-08-06 17:00:00,1.02,1.02,1.02,1.02,1.02,1.02,1.02,1.02,1.02,1.02,1.02,1.02,1.02,1.02,1.02,1.02,1.02
2013-08-06 18:00:00,1.025,1.025,1.025,1.025,1.025,1.025,1.025,1.025,1.025,1.025,1.025,1.025,1.025,1.025,1.025,1.025,1.025
2013-08-06 19:00:00,1.054,1.054,1.054,1.054,1.054,1.054,1.054,1.054,1.054,1.054,1.054,1.054,1.054,1.054,1.054,1.054,1.054
2013-08-06 20:00:00,1.072,1.072,1.072,1.072,1.072,1.072,1.072,1.072,1.072,1.072,1.072,1.072,1.072,1.072,1.072,1.072,1.072
2013-08-06 21:00:00,0.986,0.986,0.986,0.986,0.986,0.986,0.986,0.986,0.986,0.986,0.986,0.986,0.986,0.986,0.986,0.986,0.986
2013-08-06 22:00:00,0.903,0.903,0.903,0.903,0.903,0.903,0.903,0.903,0.903,0.903,0.903,0.903,0.903,0.903,0.903,0.903,0.903
2013-08-06 23:00:00,0.835,0.835,0.835,0.835,0.835,0.835,0.835,0.835,0.835,0.835,0.835,0.835,0.835,0.835,0.835,0.835,0.835
2013-08-07 00:00:00,0.799,0.799,0.799,0.799,0.799,0.799,0.799,0.799,0.799,0.799,0.799,0.799,0.799,0.799,0.799,0.799,0.799
2013-08-07 01:00:00,0.78,0.78,0.78,0.78,0.78,0.78,0.78,0.78,0.78,0.78,0.78,0.78,0.78,0.78,0.78,0.78,0.78
2013-08-07 02:00:00,0.778,0.778,0.778,0.778,0.778,0.778,0.778,0.778,0.778,0.778,0.778,0.778,0.778,0.778,0.778,0.778,0.778
2013-08-07 03:00:00,0.773,0.773,0.773,0.773,0.773,0.773,0.773,0.773,0.773,0.773,0.773,0.773,0.773,0.773,0.773,0.773,0.773
2013-08-07 04:00:00,0.762,0.762,0.762,0.762,0.762,0.762,0.762,0.762,0.762,0.762,0.762,0.762,0.762,0.762,0.762,0.762,0.762
2013-08-07 05:00:00,0.86,0.86,0.86,0.86,0.86,0.86,0.86,0.86,0.86,0.86,0.86,0.86,0.86,0.86,0.86,0.86,0.86
2013-08-07 06:00:00,0.967,0.967,0.967,0.967,0.967,0.967,0.967,0.967,0.967,0.967,0.967,0.967,0.967,0.967,0.967,0.967,0.967
2013-08-07 07:00:00,1.051,1.051,1.051,1.051,1.051,1.051,1.051,1.051,1.051,1.051,1.051,1.051,1.051,1.051,1.051,1.051,1.051
2013-08-07 08:00:00,1.088,1.088,1.088,1.088,1.088,1.088,1.088,1.088,1.088,1.088,1.088,1.088,1.088,1.088,1.088,1.088,1.088
2013-08-07 09:00:00,1.106,1.106,1.106,1.106,1.106,1.106,1.106,1.106,1.106,1.106,1.106,1.106,1.106,1.106,1.106,1.106,1.106
2013-08-07 10:00:00,1.127,1.127,1.127,1.127,1.127,1.127,1.127,1.127,1.127,1.127,1.127,1.127,1.127,1.127,1.127,1.127,1.127
2013-08-07 11:00:00,1.131,1.131,1.131,1.131,1.131,1.131,1.131,1.131,1.131,1.131,1.131,1.131,1.131,1.131,1.131,1.131,1.131
2013-08-07 12:00:00,1.132,1.132,1.132,1.132,1.132,1.132,1.132,1.132,1.132,1.132,1.132,1.132,1.132,1.132,1.132,1.132,1.132
2013-08-07 13:00:00,1.11,1.11,1.11,1.11,1.11,1.11,1.11,1.11,1.11,1.11,1.11,1.11,1.11,1.11,1.11,1.11,1.11
2013-08-07 14:00:00,1.092,1.092,1.092,1.092,1.092,1.092,1.092,1.092,1.092,1.092,1.092,1.092,1.092,1.092,1.092,1.092,1.092
2013-08-07 15:00:00,1.071,1.071,1.071,1.071,1.071,1.071,1.071,1.071,1.071,1.071,1.071,1.071,1.071,1.071,1.071,1.071,1.071
2013-08-07 16:00:00,1.055,1.055,1.055,1.055,1.055,1.055,1.055,1.055,1.055,1.055,1.055,1.055,1.055,1.055,1.055,1.055,1.055
2013-08-07 17:00:00,1.039,1.039,1.039,1.039,1.039,1.039,1.039,1.039,1.039,1.039,1.039,1.039,1.039,1.039,1.039,1.039,1.039
2013-08-07 18:00:00,1.038,1.038,1.038,1.038,1.038,1.038,1.038,1.038,1.038,1.038,1.038,1.038,1.038,1.038,1.038,1.038,1.038
2013-08-07 19:00:00,1.067,1.067,1.067,1.067,1.067,1.067,1.067,1.067,1.067,1.067,1.067,1.067,1.067,1.067,1.067,1.067,1.067
2013-08-07 20:00:00,1.079,1.079,1.079,1.079,1.079,1.079,1.079,1.079,1.079,1.079,1.079,1.079,1.079,1.079,1.079,1.079,1.079
2013-08-07 21:00:00,0.999,0.999,0.999,0.999,0.999,0.999,0.999,0.999,0.999,0.999,0.999,0.999,0.999,0.999,0.999,0.999,0.999
2013-08-07 22:00:00,0.912,0.912,0.912,0.912,0.912,0.912,0.912,0.912,0.912,0.912,0.912,0.912,0.912,0.912,0.912,0.912,0.912
2013-08-07 23:00:00,0.844,0.844,0.844,0.844,0.844,0.844,0.844,0.844,0.844,0.844,0.844,0.844,0.844,0.844,0.844,0.844,0.844
2013-08-08 00:00:00,0.808,0.808,0.808,0.808,0.808,0.808,0.808,0.808,0.808,0.808,0.808,0.808,0.808,0.808,0.808,0.808,0.808
2013-08-08 01:00:00,0.784,0.784,0.784,0.784,0.784,0.784,0.784,0.784,0.784,0.784,0.784,0.784,0.784,0.784,0.784,0.784,0.784
2013-08-08 02:00:00,0.782,0.782,0.782,0.782,0.782,0.782,0.782,0.782,0.782,0.782,0.782,0.782,0.782,0.782,0.782,0.782,0.782
2013-08-08 03:00:00,0.776,0.776,0.776,0.776,0.776,0.776,0.776,0.776,0.776,0.776,0.776,0.776,0.776,0.776,0.776,0.776,0.776
2013-08-08 04:00:00,0.765,0.765,0.765,0.765,0.765,0.765,0.765,0.765,0.765,0.765,0.765,0.765,0.765,0.765,0.765,0.765,0.765
2013-08-08 05:00:00,0.865,0.865,0.865,0.865,0.865,0.865,0.865,0.865,0.865,0.865,0.865,0.865,0.865,0.865,0.865,0.865,0.865
2013-08-08 06:00:00,0.978,0.978,0.978,0.978,0.978,0.978,0.978,0.978,0.978,0.978,0.978,0.978,0.978,0.978,0.978,0.978,0.978
2013-08-08 07:00:00,1.049,1.049,1.049,1.049,1.049,1.049,1.049,1.049,1.049,1.049,1.049,1.049,1.049,1.049,1.049,1.049,1.049
2013-08-08 08:00:00,1.093,1.093,1.093,1.093,1.093,1.093,1.093,1.093,1.093,1.093,1.093,1.093,1.093,1.093,1.093,1.093,1.093
2013-08-08 09:00:00,1.107,1.107,1.107,1.107,1.107,1.107,1.107,1.107,1.107,1.107,1.107,1.107,1.107,1.107,1.107,1.107,1.107
2013-08-08 10:00:00,1.129,1.129,1.129,1.129,1.129,1.129,1.129,1.129,1.129,1.129,1.129,1.129,1.129,1.129,1.129,1.129,1.129
2013-08-08 11:00:00,1.133,1.133,1.133,1.133,1.133,1.133,1.133,1.133,1.133,1.133,1.133,1.133,1.133,1.133,1.133,1.133,1.133
2013-08-08 12:00:00,1.134,1.134,1.134,1.134,1.134,1.134,1.134,1.134,1.134,1.134,1.134,1.134,1.134,1.134,1.134,1.134,1.134
2013-08-08 13:00:00,1.114,1.114,1.114,1.114,1.114,1.114,1.114,1.114,1.114,1.114,1.114,1.114,1.114,1.114,1.114,1.114,1.114
2013-08-08 14:00:00,1.093,1.093,1.093,1.093,1.093,1.093,1.093,1.093,1.093,1.093,1.093,1.093,1.093,1.093,1.093,1.093,1.093
2013-08-08 15:00:00,1.071,1.071,1.071,1.071,1.071,1.071,1.071,1.071,1.071,1.071,1.071,1.071,1.071,1.071,1.071,1.071,1.071
2013-08-08 16:00:00,1.046,1.046,1.046,1.046,1.046,1.046,1.046,1.046,1.046,1.046,1.046,1.046,1.046,1.046,1.046,1.046,1.046
2013-08-08 17:00:00,1.039,1.039,1.039,1.039,1.039,1.039,1.039,1.039,1.039,1.039,1.039,1.039,1.039,1.039,1.039,1.039,1.039
2013-08-08 18:00:00,1.035,1.035,1.035,1.035,1.035,1.035,1.035,1.035,1.035,1.035,1.035,1.035,1.035,1.035,1.035,1.035,1.035
2013-08-08 19:00:00,1.068,1.068,1.068,1.068,1.068,1.068,1.068,1.068,1.068,1.068,1.068,1.068,1.068,1.068,1.068,1.068,1.068
2013-08-08 20:00:00,1.08,1.08,1.08,1.08,1.08,1.08,1.08,1.08,1.08,1.08,1.08,1.08,1.08,1.08,1.08,1.08,1.08
2013-08-08 21:00:00,1.001,1.001,1.001,1.001,1.001,1.001,1.001,1.001,1.001,1.001,1.001,1.001,1.001,1.001,1.001,1.001,1.001
2013-08-08 22:00:00,0.921,0.921,0.921,0.921,0.921,0.921,0.921,0.921,0.921,0.921,0.921,0.921,0.921,0.921,0.921,0.921,0.921
2013-08-08 23:00:00,0.855,0.855,0.855,0.855,0.855,0.855,0.855,0.855,0.855,0.855,0.855,0.855,0.855,0.855,0.855,0.855,0.855
2013-08-09 00:00:00,0.81,0.81,0.81,0.81,0.81,0.81,0.81,0.81,0.81,0.81,0.81,0.81,0.81,0.81,0.81,0.81,0.81
2013-08-09 01:00:00,0.792,0.792,0.792,0.792,0.792,0.792,0.792,0.792,0.792,0.792,0.792,0.792,0.792,0.792,0.792,0.792,0.792
2013-08-09 02:00:00,0.793,0.793,0.793,0.793,0.793,0.793,0.793,0.793,0.793,0.793,0.793,0.793,0.793,0.793,0.793,0.793,0.793
2013-08-09 03:00:00,0.789,0.789,0.789,0.789,0.789,0.789,0.789,0.789,0.789,0.789,0.789,0.789,0.789,0.789,0.789,0.789,0.789
2013-08-09 04:00:00,0.779,0.779,0.779,0.779,0.779,0.779,0.779,0.779,0.779,0.779,0.779,0.779,0.779,0.779,0.779,0.779,0.779
2013-08-09 05:00:00,0.869,0.869,0.869,0.869,0.869,0.869,0.869,0.869,0.869,0.869,0.869,0.869,0.869,0.869,0.869,0.869,0.869
2013-08-09 06:00:00,0.973,0.973,0.973,0.973,0.973,0.973,0.973,0.973,0.973,0.973,0.973,0.973,0.973,0.973,0.973,0.973,0.973
2013-08-09 07:00:00,1.039,1.039,1.039,1.039,1.039,1.039,1.039,1.039,1.039,1.039,1.039,1.039,1.039,1.039,1.039,1.039,1.039
2013-08-09 08:00:00,1.073,1.073,1.073,1.073,1.073,1.073,1.073,1.073,1.073,1.073,1.073,1.073,1.073,1.073,1.073,1.073,1.073
2013-08-09 09:00:00,1.081,1.081,1.081,1.081,1.081,1.081,1.081,1.081,1.081,1.081,1.081,1.081,1.081,1.081,1.081,1.081,1.081
2013-08-09 10:00:00,1.102,1.102,1.102,1.102,1.102,1.102,1.102,1.102,1.102,1.102,1.102,1.102,1.102,1.102,1.102,1.102,1.102
2013-08-09 11:00:00,1.106,1.106,1.106,1.106,1.106,1.106,1.106,1.106,1.106,1.106,1.106,1.106,1.106,1.106,1.106,1.106,1.106
2013-08-09 12:00:00,1.106,1.106,1.106,1.106,1.106,1.106,1.106,1.106,1.106,1.106,1.106,1.106,1.106,1.106,1.106,1.106,1.106
2013-08-09 13:00:00,1.083,1.083,1.083,1.083,1.083,1.083,1.083,1.083,1.083,1.083,1.083,1.083,1.083,1.083,1.083,1.083,1.083
2013-08-09 14:00:00,1.07,1.07,1.07,1.07,1.07,1.07,1.07,1.07,1.07,1.07,1.07,1.07,1.07,1.07,1.07,1.07,1.07
2013-08-09 15:00:00,1.045,1.045,1.045,1.045,1.045,1.045,1.045,1.045,1.045,1.045,1.045,1.045,1.045,1.045,1.045,1.045,1.045
2013-08-09 16:00:00,1.028,1.028,1.028,1.028,1.028,1.028,1.028,1.028,1.028,1.028,1.028,1.028,1.028,1.028,1.028,1.028,1.028
2013-08-09 17:00:00,1.018,1.018,1.018,1.018,1.018,1.018,1.018,1.018,1.018,1.018,1.018,1.018,1.018,1.018,1.018,1.018,1.018
2013-08-09 18:00:00,1.013,1.013,1.013,1.013,1.013,1.013,1.013,1.013,1.013,1.013,1.013,1.013,1.013,1.013,1.013,1.013,1.013
2013-08-09 19:00:00,1.038,1.038,1.038,1.038,1.038,1.038,1.038,1.038,1.038,1.038,1.038,1.038,1.038,1.038,1.038,1.038,1.038
2013-08-09 20:00:00,1.015,1.015,1.015,1.015,1.015,1.015,1.015,1.015,1.015,1.015,1.015,1.015,1.015,1.015,1.015,1.015,1.015
2013-08-09 21:00:00,0.936,0.936,0.936,0.936,0.936,0.936,0.936,0.936,0.936,0.936,0.936,0.936,0.936,0.936,0.936,0.936,0.936
2013-08-09 22:00:00,0.864,0.864,0.864,0.864,0.864,0.864,0.864,0.864,0.864,0.864,0.864,0.864,0.864,0.864,0.864,0.864,0.864
2013-08-09 23:00:00,0.805,0.805,0.805,0.805,0.805,0.805,0.805,0.805,0.805,0.805,0.805,0.805,0.805,0.805,0.805,0.805,0.805
2013-08-10 00:00:00,0.772,0.772,0.772,0.772,0.772,0.772,0.772,0.772,0.772,0.772,0.772,0.772,0.772,0.772,0.772,0.772,0.772
2013-08-10 01:00:00,0.754,0.754,0.754,0.754,0.754,0.754,0.754,0.754,0.754,0.754,0.754,0.754,0.754,0.754,0.754,0.754,0.754
2013-08-10 02:00:00,0.75,0.75,0.75,0.75,0.75,0.75,0.75,0.75,0.75,0.75,0.75,0.75,0.75,0.75,0.75,0.75,0.75
2013-08-10 03:00:00,0.739,0.739,0.739,0.739,0.739,0.739,0.739,0.739,0.739,0.739,0.739,0.739,0.739,0.739,0.739,0.739,0.739
2013-08-10 04:00:00,0.714,0.714,0.714,0.714,0.714,0.714,0.714,0.714,0.714,0.714,0.714,0.714,0.714,0.714,0.714,0.714,0.714
2013-08-10 05:00:00,0.753,0.753,0.753,0.753,0.753,0.753,0.753,0.753,0.753,0.753,0.753,0.753,0.753,0.753,0.753,0.753,0.753
2013-08-10 06:00:00,0.816,0.816,0.816,0.816,0.816,0.816,0.816,0.816,0.816,0.816,0.816,0.816,0.816,0.816,0.816,0.816,0.816
2013-08-10 07:00:00,0.883,0.883,0.883,0.883,0.883,0.883,0.883,0.883,0.883,0.883,0.883,0.883,0.883,0.883,0.883,0.883,0.883
2013-08-10 08:00:00,0.931,0.931,0.931,0.931,0.931,0.931,0.931,0.931,0.931,0.931,0.931,0.931,0.931,0.931,0.931,0.931,0.931
2013-08-10 09:00:00,0.953,0.953,0.953,0.953,0.953,0.953,0.953,0.953,0.953,0.953,0.953,0.953,0.953,0.953,0.953,0.953,0.953
2013-08-10 10:00:00,0.965,0.965,0.965,0.965,0.965,0.965,0.965,0.965,0.965,0.965,0.965,0.965,0.965,0.965,0.965,0.965,0.965
2013-08-10 11:00:00,0.959,0.959,0.959,0.959,0.959,0.959,0.959,0.959,0.959,0.959,0.959,0.959,0.959,0.959,0.959,0.959,0.959
2013-08-10 12:00:00,0.955,0.955,0.955,0.955,0.955,0.955,0.955,0.955,0.955,0.955,0.955,0.955,0.955,0.955,0.955,0.955,0.955
2013-08-10 13:00:00,0.924,0.924,0.924,0.924,0.924,0.924,0.924,0.924,0.924,0.924,0.924,0.924,0.924,0.924,0.924,0.924,0.924
2013-08-10 14:00:00,0.906,0.906,0.906,0.906,0.906,0.906,0.906,0.906,0.906,0.906,0.906,0.906,0.906,0.906,0.906,0.906,0.906
2013-08-10 15:00:00,0.891,0.891,0.891,0.891,0.891,0.891,0.891,0.891,0.891,0.891,0.891,0.891,0.891,0.891,0.891,0.891,0.891
2013-08-10 16:00:00,0.881,0.881,0.881,0.881,0.881,0.881,0.881,0.881,0.881,0.881,0.881,0.881,0.881,0.881,0.881,0.881,0.881
2013-08-10 17:00:00,0.876,0.876,0.876,0.876,0.876,0.876,0.876,0.876,0.876,0.876,0.876,0.876,0.876,0.876,0.876,0.876,0.876
2013-08-10 18:00:00,0.88,0.88,0.88,0.88,0.88,0.88,0.88,0.88,0.88,0.88,0.88,0.88,0.88,0.88,0.88,0.88,0.88
2013-08-10 19:00:00,0.905,0.905,0.905,0.905,0.905,0.905,0.905,0.905,0.905,0.905,0.905,0.905,0.905,0.905,0.905,0.905,0.905
2013-08-10 20:00:00,0.906,0.906,0.906,0.906,0.906,0.906,0.906,0.906,0.906,0.906,0.906,0.906,0.906,0.906,0.906,0.906,0.906
2013-08-10 21:00:00,0.847,0.847,0.847,0.847,0.847,0.847,0.847,0.847,0.847,0.847,0.847,0.847,0.847,0.847,0.847,0.847,0.847
2013-08-10 22:00:00,0.787,0.787,0.787,0.787,0.787,0.787,0.787,0.787,0.787,0.787,0.787,0.787,0.787,0.787,0.787,0.787,0.787
2013-08-10 23:00:00,0.728,0.728,0.728,0.728,0.728,0.728,0.728,0.728,0.728,0.728,0.728,0.728,0.728,0.728,0.728,0.728,0.728
2013-08-11 00:00:00,0.69,0.69,0.69,0.69,0.69,0.69,0.69,0.69,0.69,0.69,0.69,0.69,0.69,0.69,0.69,0.69,0.69
2013-08-11 01:00:00,0.668,0.668,0.668,0.668,0.668,0.668,0.668,0.668,0.668,0.668,0.668,0.668,0.668,0.668,0.668,0.668,0.668
2013-08-11 02:00:00,0.658,0.658,0.658,0.658,0.658,0.658,0.658,0.658,0.658,0.658,0.658,0.658,0.658,0.658,0.658,0.658,0.658
2013-08-11 03:00:00,0.653,0.653,0.653,0.653,0.653,0.653,0.653,0.653,0.653,0.653,0.653,0.653,0.653,0.653,0.653,0.653,0.653
2013-08-11 04:00:00,0.62,0.62,0.62,0.62,0.62,0.62,0.62,0.62,0.62,0.62,0.62,0.62,0.62,0.62,0.62,0.62,0.62
2013-08-11 05:00:00,0.638,0.638,0.638,0.638,0.638,0.638,0.638,0.638,0.638,0.638,0.638,0.638,0.638,0.638,0.638,0.638,0.638
2013-08-11 06:00:00,0.681,0.681,0.681,0.681,0.681,0.681,0.681,0.681,0.681,0.681,0.681,0.681,0.681,0.681,0.681,0.681,0.681
2013-08-11 07:00:00,0.74,0.74,0.74,0.74,0.74,0.74,0.74,0.74,0.74,0.74,0.74,0.74,0.74,0.74,0.74,0.74,0.74
2013-08-11 08:00:00,0.784,0.784,0.784,0.784,0.784,0.784,0.784,0.784,0.784,0.784,0.784,0.784,0.784,0.784,0.784,0.784,0.784
2013-08-11 09:00:00,0.816,0.816,0.816,0.816,0.816,0.816,0.816,0.816,0.816,0.816,0.816,0.816,0.816,0.816,0.816,0.816,0.816
2013-08-11 10:00:00,0.824,0.824,0.824,0.824,0.824,0.824,0.824,0.824,0.824,0.824,0.824,0.824,0.824,0.824,0.824,0.824,0.824
2013-08-11 11:00:00,0.828,0.828,0.828,0.828,0.828,0.828,0.828,0.828,0.828,0.828,0.828,0.828,0.828,0.828,0.828,0.828,0.828
2013-08-11 12:00:00,0.831,0.831,0.831,0.831,0.831,0.831,0.831,0.831,0.831,0.831,0.831,0.831,0.831,0.831,0.831,0.831,0.831
2013-08-11 13:00:00,0.818,0.818,0.818,0.818,0.818,0.818,0.818,0.818,0.818,0.818,0.818,0.818,0.818,0.818,0.818,0.818,0.818
2013-08-11 14:00:00,0.8,0.8,0.8,0.8,0.8,0.8,0.8,0.8,0.8,0.8,0.8,0.8,0.8,0.8,0.8,0.8,0.8
2013-08-11 15:00:00,0.786,0.786,0.786,0.786,0.786,0.786,0.786,0.786,0.786,0.786,0.786,0.786,0.786,0.786,0.786,0.786,0.786
2013-08-11 16:00:00,0.786,0.786,0.786,0.786,0.786,0.786,0.786,0.786,0.786,0.786,0.786,0.786,0.786,0.786,0.786,0.786,0.786
2013-08-11 17:00:00,0.789,0.789,0.789,0.789,0.789,0.789,0.789,0.789,0.789,0.789,0.789,0.789,0.789,0.789,0.789,0.789,0.789
2013-08-11 18:00:00,0.802,0.802,0.802,0.802,0.802,0.802,0.802,0.802,0.802,0.802,0.802,0.802,0.802,0.802,0.802,0.802,0.802
2013-08-11 19:00:00,0.851,0.851,0.851,0.851,0.851,0.851,0.851,0.851,0.851,0.851,0.851,0.851,0.851,0.851,0.851,0.851,0.851
2013-08-11 20:00:00,0.871,0.871,0.871,0.871,0.871,0.871,0.871,0.871,0.871,0.871,0.871,0.871,0.871,0.871,0.871,0.871,0.871
2013-08-11 21:00:00,0.823,0.823,0.823,0.823,0.823,0.823,0.823,0.823,0.823,0.823,0.823,0.823,0.823,0.823,0.823,0.823,0.823
2013-08-11 22:00:00,0.762,0.762,0.762,0.762,0.762,0.762,0.762,0.762,0.762,0.762,0.762,0.762,0.762,0.762,0.762,0.762,0.762
2013-08-11 23:00:00,0.709,0.709,0.709,0.709,0.709,0.709,0.709,0.709,0.709,0.709,0.709,0.709,0.709,0.709,0.709,0.709,0.709
2013-08-12 00:00:00,0.687,0.687,0.687,0.687,0.687,0.687,0.687,0.687,0.687,0.687,0.687,0.687,0.687,0.687,0.687,0.687,0.687
2013-08-12 01:00:00,0.677,0.677,0.677,0.677,0.677,0.677,0.677,0.677,0.677,0.677,0.677,0.677,0.677,0.677,0.677,0.677,0.677
2013-08-12 02:00:00,0.673,0.673,0.673,0.673,0.673,0.673,0.673,0.673,0.673,0.673,0.673,0.673,0.673,0.673,0.673,0.673,0.673
2013-08-12 03:00:00,0.682,0.682,0.682,0.682,0.682,0.682,0.682,0.682,0.682,0.682,0.682,0.682,0.682,0.682,0.682,0.682,0.682
2013-08-12 04:00:00,0.679,0.679,0.679,0.679,0.679,0.679,0.679,0.679,0.679,0.679,0.679,0.679,0.679,0.679,0.679,0.679,0.679
2013-08-12 05:00:00,0.784,0.784,0.784,0.784,0.784,0.784,0.784,0.784,0.784,0.784,0.784,0.784,0.784,0.784,0.784,0.784,0.784
2013-08-12 06:00:00,0.896,0.896,0.896,0.896,0.896,0.896,0.896,0.896,0.896,0.896,0.896,0.896,0.896,0.896,0.896,0.896,0.896
2013-08-12 07:00:00,0.974,0.974,0.974,0.974,0.974,0.974,0.974,0.974,0.974,0.974,0.974,0.974,0.974,0.974,0.974,0.974,0.974
2013-08-12 08:00:00,1.012,1.012,1.012,1.012,1.012,1.012,1.012,1.012,1.012,1.012,1.012,1.012,1.012,1.012,1.012,1.012,1.012
2013-08-12 09:00:00,1.02,1.02,1.02,1.02,1.02,1.02,1.02,1.02,1.02,1.02,1.02,1.02,1.02,1.02,1.02,1.02,1.02
2013-08-12 10:00:00,1.041,1.041,1.041,1.041,1.041,1.041,1.041,1.041,1.041,1.041,1.041,1.041,1.041,1.041,1.041,1.041,1.041
2013-08-12 11:00:00,1.044,1.044,1.044,1.044,1.044,1.044,1.044,1.044,1.044,1.044,1.044,1.044,1.044,1.044,1.044,1.044,1.044
2013-08-12 12:00:00,1.046,1.046,1.046,1.046,1.046,1.046,1.046,1.046,1.046,1.046,1.046,1.046,1.046,1.046,1.046,1.046,1.046
2013-08-12 13:00:00,1.025,1.025,1.025,1.025,1.025,1.025,1.025,1.025,1.025,1.025,1.025,1.025,1.025,1.025,1.025,1.025,1.025
2013-08-12 14:00:00,1.012,1.012,1.012,1.012,1.012,1.012,1.012,1.012,1.012,1.012,1.012,1.012,1.012,1.012,1.012,1.012,1.012
2013-08-12 15:00:00,0.996,0.996,0.996,0.996,0.996,0.996,0.996,0.996,0.996,0.996,0.996,0.996,0.996,0.996,0.996,0.996,0.996
2013-08-12 16:00:00,0.982,0.982,0.982,0.982,0.982,0.982,0.982,0.982,0.982,0.982,0.982,0.982,0.982,0.982,0.982,0.982,0.982
2013-08-12 17:00:00,0.97,0.97,0.97,0.97,0.97,0.97,0.97,0.97,0.97,0.97,0.97,0.97,0.97,0.97,0.97,0.97,0.97
2013-08-12 18:00:00,0.974,0.974,0.974,0.974,0.974,0.974,0.974,0.974,0.974,0.974,0.974,0.974,0.974,0.974,0.974,0.974,0.974
2013-08-12 19:00:00,1.023,1.023,1.023,1.023,1.023,1.023,1.023,1.023,1.023,1.023,1.023,1.023,1.023,1.023,1.023,1.023,1.023
2013-08-12 20:00:00,1.014,1.014,1.014,1.014,1.014,1.014,1.014,1.014,1.014,1.014,1.014,1.014,1.014,1.014,1.014,1.014,1.014
2013-08-12 21:00:00,0.924,0.924,0.924,0.924,0.924,0.924,0.924,0.924,0.924,0.924,0.924,0.924,0.924,0.924,0.924,0.924,0.924
2013-08-12 22:00:00,0.854,0.854,0.854,0.854,0.854,0.854,0.854,0.854,0.854,0.854,0.854,0.854,0.854,0.854,0.854,0.854,0.854
2013-08-12 23:00:00,0.785,0.785,0.785,0.785,0.785,0.785,0.785,0.785,0.785,0.785,0.785,0.785,0.785,0.785,0.785,0.785,0.785
2013-10-11 00:00:00,0.834,0.834,0.834,0.834,0.834,0.834,0.834,0.834,0.834,0.834,0.834,0.834,0.834,0.834,0.834,0.834,0.834
2013-10-11 01:00:00,0.817,0.817,0.817,0.817,0.817,0.817,0.817,0.817,0.817,0.817,0.817,0.817,0.817,0.817,0.817,0.817,0.817
2013-10-11 02:00:00,0.818,0.818,0.818,0.818,0.818,0.818,0.818,0.818,0.818,0.818,0.818,0.818,0.818,0.818,0.818,0.818,0.818
2013-10-11 03:00:00,0.831,0.831,0.831,0.831,0.831,0.831,0.831,0.831,0.831,0.831,0.831,0.831,0.831,0.831,0.831,0.831,0.831
2013-10-11 04:00:00,0.868,0.868,0.868,0.868,0.868,0.868,0.868,0.868,0.868,0.868,0.868,0.868,0.868,0.868,0.868,0.868,0.868
2013-10-11 05:00:00,0.986,0.986,0.986,0.986,0.986,0.986,0.986,0.986,0.986,0.986,0.986,0.986,0.986,0.986,0.986,0.986,0.986
2013-10-11 06:00:00,1.071,1.071,1.071,1.071,1.071,1.071,1.071,1.071,1.071,1.071,1.071,1.071,1.071,1.071,1.071,1.071,1.071
2013-10-11 07:00:00,1.107,1.107,1.107,1.107,1.107,1.107,1.107,1.107,1.107,1.107,1.107,1.107,1.107,1.107,1.107,1.107,1.107
2013-10-11 08:00:00,1.119,1.119,1.119,1.119,1.119,1.119,1.119,1.119,1.119,1.119,1.119,1.119,1.119,1.119,1.119,1.119,1.119
2013-10-11 09:00:00,1.114,1.114,1.114,1.114,1.114,1.114,1.114,1.114,1.114,1.114,1.114,1.114,1.114,1.114,1.114,1.114,1.114
2013-10-11 10:00:00,1.124,1.124,1.124,1.124,1.124,1.124,1.124,1.124,1.124,1.124,1.124,1.124,1.124,1.124,1.124,1.124,1.124
2013-10-11 11:00:00,1.125,1.125,1.125,1.125,1.125,1.125,1.125,1.125,1.125,1.125,1.125,1.125,1.125,1.125,1.125,1.125,1.125
2013-10-11 12:00:00,1.125,1.125,1.125,1.125,1.125,1.125,1.125,1.125,1.125,1.125,1.125,1.125,1.125,1.125,1.125,1.125,1.125
2013-10-11 13:00:00,1.106,1.106,1.106,1.106,1.106,1.106,1.106,1.106,1.106,1.106,1.106,1.106,1.106,1.106,1.106,1.106,1.106
2013-10-11 14:00:00,1.093,1.093,1.093,1.093,1.093,1.093,1.093,1.093,1.093,1.093,1.093,1.093,1.093,1.093,1.093,1.093,1.093
2013-10-11 15:00:00,1.071,1.071,1.071,1.071,1.071,1.071,1.071,1.071,1.071,1.071,1.071,1.071,1.071,1.071,1.071,1.071,1.071
2013-10-11 16:00:00,1.082,1.082,1.082,1.082,1.082,1.082,1.082,1.082,1.082,1.082,1.082,1.082,1.082,1.082,1.082,1.082,1.082
2013-10-11 17:00:00,1.172,1.172,1.172,1.172,1.172,1.172,1.172,1.172,1.172,1.172,1.172,1.172,1.172,1.172,1.172,1.172,1.172
2013-10-11 18:00:00,1.207,1.207,1.207,1.207,1.207,1.207,1.207,1.207,1.207,1.207,1.207,1.207,1.207,1.207,1.207,1.207,1.207
2013-10-11 19:00:00,1.161,1.161,1.161,1.161,1.161,1.161,1.161,1.161,1.161,1.161,1.161,1.161,1.161,1.161,1.161,1.161,1.161
2013-10-11 20:00:00,1.086,1.086,1.086,1.086,1.086,1.086,1.086,1.086,1.086,1.086,1.086,1.086,1.086,1.086,1.086,1.086,1.086
2013-10-11 21:00:00,1.001,1.001,1.001,1.001,1.001,1.001,1.001,1.001,1.001,1.001,1.001,1.001,1.001,1.001,1.001,1.001,1.001
2013-10-11 22:00:00,0.929,0.929,0.929,0.929,0.929,0.929,0.929,0.929,0.929,0.929,0.929,0.929,0.929,0.929,0.929,0.929,0.929
2013-10-11 23:00:00,0.868,0.868,0.868,0.868,0.868,0.868,0.868,0.868,0.868,0.868,0.868,0.868,0.868,0.868,0.868,0.868,0.868
2013-10-12 00:00:00,0.832,0.832,0.832,0.832,0.832,0.832,0.832,0.832,0.832,0.832,0.832,0.832,0.832,0.832,0.832,0.832,0.832
2013-10-12 01:00:00,0.808,0.808,0.808,0.808,0.808,0.808,0.808,0.808,0.808,0.808,0.808,0.808,0.808,0.808,0.808,0.808,0.808
2013-10-12 02:00:00,0.803,0.803,0.803,0.803,0.803,0.803,0.803,0.803,0.803,0.803,0.803,0.803,0.803,0.803,0.803,0.803,0.803
2013-10-12 03:00:00,0.803,0.803,0.803,0.803,0.803,0.803,0.803,0.803,0.803,0.803,0.803,0.803,0.803,0.803,0.803,0.803,0.803
2013-10-12 04:00:00,0.806,0.806,0.806,0.806,0.806,0.806,0.806,0.806,0.806,0.806,0.806,0.806,0.806,0.806,0.806,0.806,0.806
2013-10-12 05:00:00,0.85,0.85,0.85,0.85,0.85,0.85,0.85,0.85,0.85,0.85,0.85,0.85,0.85,0.85,0.85,0.85,0.85
2013-10-12 06:00:00,0.89,0.89,0.89,0.89,0.89,0.89,0.89,0.89,0.89,0.89,0.89,0.89,0.89,0.89,0.89,0.89,0.89
2013-10-12 07:00:00,0.964,0.964,0.964,0.964,0.964,0.964,0.964,0.964,0.964,0.964,0.964,0.964,0.964,0.964,0.964,0.964,0.964
2013-10-12 08:00:00,1.003,1.003,1.003,1.003,1.003,1.003,1.003,1.003,1.003,1.003,1.003,1.003,1.003,1.003,1.003,1.003,1.003
2013-10-12 09:00:00,1.017,1.017,1.017,1.017,1.017,1.017,1.017,1.017,1.017,1.017,1.017,1.017,1.017,1.017,1.017,1.017,1.017
2013-10-12 10:00:00,1.026,1.026,1.026,1.026,1.026,1.026,1.026,1.026,1.026,1.026,1.026,1.026,1.026,1.026,1.026,1.026,1.026
2013-10-12 11:00:00,1.02,1.02,1.02,1.02,1.02,1.02,1.02,1.02,1.02,1.02,1.02,1.02,1.02,1.02,1.02,1.02,1.02
2013-10-12 12:00:00,1.008,1.008,1.008,1.008,1.008,1.008,1.008,1.008,1.008,1.008,1.008,1.008,1.008,1.008,1.008,1.008,1.008
2013-10-12 13:00:00,0.979,0.979,0.979,0.979,0.979,0.979,0.979,0.979,0.979,0.979,0.979,0.979,0.979,0.979,0.979,0.979,0.979
2013-10-12 14:00:00,0.956,0.956,0.956,0.956,0.956,0.956,0.956,0.956,0.956,0.956,0.956,0.956,0.956,0.956,0.956,0.956,0.956
2013-10-12 15:00:00,0.948,0.948,0.948,0.948,0.948,0.948,0.948,0.948,0.948,0.948,0.948,0.948,0.948,0.948,0.948,0.948,0.948
2013-10-12 16:00:00,0.968,0.968,0.968,0.968,0.968,0.968,0.968,0.968,0.968,0.968,0.968,0.968,0.968,0.968,0.968,0.968,0.968
2013-10-12 17:00:00,1.048,1.048,1.048,1.048,1.048,1.048,1.048,1.048,1.048,1.048,1.048,1.048,1.048,1.048,1.048,1.048,1.048
2013-10-12 18:00:00,1.079,1.079,1.079,1.079,1.079,1.079,1.079,1.079,1.079,1.079,1.079,1.079,1.079,1.079,1.079,1.079,1.079
2013-10-12 19:00:00,1.039,1.039,1.039,1.039,1.039,1.039,1.039,1.039,1.039,1.039,1.039,1.039,1.039,1.039,1.039,1.039,1.039
2013-10-12 20:00:00,0.971,0.971,0.971,0.971,0.971,0.971,0.971,0.971,0.971,0.971,0.971,0.971,0.971,0.971,0.971,0.971,0.971
2013-10-12 21:00:00,0.908,0.908,0.908,0.908,0.908,0.908,0.908,0.908,0.908,0.908,0.908,0.908,0.908,0.908,0.908,0.908,0.908
2013-10-12 22:00:00,0.841,0.841,0.841,0.841,0.841,0.841,0.841,0.841,0.841,0.841,0.841,0.841,0.841,0.841,0.841,0.841,0.841
2013-10-12 23:00:00,0.78,0.78,0.78,0.78,0.78,0.78,0.78,0.78,0.78,0.78,0.78,0.78,0.78,0.78,0.78,0.78,0.78
2013-10-13 00:00:00,0.744,0.744,0.744,0.744,0.744,0.744,0.744,0.744,0.744,0.744,0.744,0.744,0.744,0.744,0.744,0.744,0.744
2013-10-13 01:00:00,0.724,0.724,0.724,0.724,0.724,0.724,0.724,0.724,0.724,0.724,0.724,0.724,0.724,0.724,0.724,0.724,0.724
2013-10-13 02:00:00,0.718,0.718,0.718,0.718,0.718,0.718,0.718,0.718,0.718,0.718,0.718,0.718,0.718,0.718,0.718,0.718,0.718
2013-10-13 03:00:00,0.713,0.713,0.713,0.713,0.713,0.713,0.713,0.713,0.713,0.713,0.713,0.713,0.713,0.713,0.713,0.713,0.713
2013-10-13 04:00:00,0.723,0.723,0.723,0.723,0.723,0.723,0.723,0.723,0.723,0.723,0.723,0.723,0.723,0.723,0.723,0.723,0.723
2013-10-13 05:00:00,0.743,0.743,0.743,0.743,0.743,0.743,0.743,0.743,0.743,0.743,0.743,0.743,0.743,0.743,0.743,0.743,0.743
2013-10-13 06:00:00,0.754,0.754,0.754,0.754,0.754,0.754,0.754,0.754,0.754,0.754,0.754,0.754,0.754,0.754,0.754,0.754,0.754
2013-10-13 07:00:00,0.81,0.81,0.81,0.81,0.81,0.81,0.81,0.81,0.81,0.81,0.81,0.81,0.81,0.81,0.81,0.81,0.81
2013-10-13 08:00:00,0.856,0.856,0.856,0.856,0.856,0.856,0.856,0.856,0.856,0.856,0.856,0.856,0.856,0.856,0.856,0.856,0.856
2013-10-13 09:00:00,0.887,0.887,0.887,0.887,0.887,0.887,0.887,0.887,0.887,0.887,0.887,0.887,0.887,0.887,0.887,0.887,0.887
2013-10-13 10:00:00,0.895,0.895,0.895,0.895,0.895,0.895,0.895,0.895,0.895,0.895,0.895,0.895,0.895,0.895,0.895,0.895,0.895
2013-10-13 11:00:00,0.897,0.897,0.897,0.897,0.897,0.897,0.897,0.897,0.897,0.897,0.897,0.897,0.897,0.897,0.897,0.897,0.897
2013-10-13 12:00:00,0.895,0.895,0.895,0.895,0.895,0.895,0.895,0.895,0.895,0.895,0.895,0.895,0.895,0.895,0.895,0.895,0.895
2013-10-13 13:00:00,0.881,0.881,0.881,0.881,0.881,0.881,0.881,0.881,0.881,0.881,0.881,0.881,0.881,0.881,0.881,0.881,0.881
2013-10-13 14:00:00,0.862,0.862,0.862,0.862,0.862,0.862,0.862,0.862,0.862,0.862,0.862,0.862,0.862,0.862,0.862,0.862,0.862
2013-10-13 15:00:00,0.858,0.858,0.858,0.858,0.858,0.858,0.858,0.858,0.858,0.858,0.858,0.858,0.858,0.858,0.858,0.858,0.858
2013-10-13 16:00:00,0.878,0.878,0.878,0.878,0.878,0.878,0.878,0.878,0.878,0.878,0.878,0.878,0.878,0.878,0.878,0.878,0.878
2013-10-13 17:00:00,0.974,0.974,0.974,0.974,0.974,0.974,0.974,0.974,0.974,0.974,0.974,0.974,0.974,0.974,0.974,0.974,0.974
2013-10-13 18:00:00,1.017,1.017,1.017,1.017,1.017,1.017,1.017,1.017,1.017,1.017,1.017,1.017,1.017,1.017,1.017,1.017,1.017
2013-10-13 19:00:00,0.985,0.985,0.985,0.985,0.985,0.985,0.985,0.985,0.985,0.985,0.985,0.985,0.985,0.985,0.985,0.985,0.985
2013-10-13 20:00:00,0.937,0.937,0.937,0.937,0.937,0.937,0.937,0.937,0.937,0.937,0.937,0.937,0.937,0.937,0.937,0.937,0.937
2013-10-13 21:00:00,0.886,0.886,0.886,0.886,0.886,0.886,0.886,0.886,0.886,0.886,0.886,0.886,0.886,0.886,0.886,0.886,0.886
2013-10-13 22:00:00,0.82,0.82,0.82,0.82,0.82,0.82,0.82,0.82,0.82,0.82,0.82,0.82,0.82,0.82,0.82,0.82,0.82
2013-10-13 23:00:00,0.767,0.767,0.767,0.767,0.767,0.767,0.767,0.767,0.767,0.767,0.767,0.767,0.767,0.767,0.767,0.767,0.767
2013-10-14 00:00:00,0.738,0.738,0.738,0.738,0.738,0.738,0.738,0.738,0.738,0.738,0.738,0.738,0.738,0.738,0.738,0.738,0.738
2013-10-14 01:00:00,0.727,0.727,0.727,0.727,0.727,0.727,0.727,0.727,0.727,0.727,0.727,0.727,0.727,0.727,0.727,0.727,0.727
2013-10-14 02:00:00,0.729,0.729,0.729,0.729,0.729,0.729,0.729,0.729,0.729,0.729,0.729,0.729,0.729,0.729,0.729,0.729,0.729
2013-10-14 03:00:00,0.748,0.748,0.748,0.748,0.748,0.748,0.748,0.748,0.748,0.748,0.748,0.748,0.748,0.748,0.748,0.748,0.748
2013-10-14 04:00:00,0.802,0.802,0.802,0.802,0.802,0.802,0.802,0.802,0.802,0.802,0.802,0.802,0.802,0.802,0.802,0.802,0.802
2013-10-14 05:00:00,0.948,0.948,0.948,0.948,0.948,0.948,0.948,0.948,0.948,0.948,0.948,0.948,0.948,0.948,0.948,0.948,0.948
2013-10-14 06:00:00,1.044,1.044,1.044,1.044,1.044,1.044,1.044,1.044,1.044,1.044,1.044,1.044,1.044,1.044,1.044,1.044,1.044
2013-10-14 07:00:00,1.108,1.108,1.108,1.108,1.108,1.108,1.108,1.108,1.108,1.108,1.108,1.108,1.108,1.108,1.108,1.108,1.108
2013-10-14 08:00:00,1.133,1.133,1.133,1.133,1.133,1.133,1.133,1.133,1.133,1.133,1.133,1.133,1.133,1.133,1.133,1.133,1.133
2013-10-14 09:00:00,1.132,1.132,1.132,1.132,1.132,1.132,1.132,1.132,1.132,1.132,1.132,1.132,1.132,1.132,1.132,1.132,1.132
2013-10-14 10:00:00,1.138,1.138,1.138,1.138,1.138,1.138,1.138,1.138,1.138,1.138,1.138,1.138,1.138,1.138,1.138,1.138,1.138
2013-10-14 11:00:00,1.139,1.139,1.139,1.139,1.139,1.139,1.139,1.139,1.139,1.139,1.139,1.139,1.139,1.139,1.139,1.139,1.139
2013-10-14 12:00:00,1.136,1.136,1.136,1.136,1.136,1.136,1.136,1.136,1.136,1.136,1.136,1.136,1.136,1.136,1.136,1.136,1.136
2013-10-14 13:00:00,1.106,1.106,1.106,1.106,1.106,1.106,1.106,1.106,1.106,1.106,1.106,1.106,1.106,1.106,1.106,1.106,1.106
2013-10-14 14:00:00,1.086,1.086,1.086,1.086,1.086,1.086,1.086,1.086,1.086,1.086,1.086,1.086,1.086,1.086,1.086,1.086,1.086
2013-10-14 15:00:00,1.076,1.076,1.076,1.076,1.076,1.076,1.076,1.076,1.076,1.076,1.076,1.076,1.076,1.076,1.076,1.076,1.076
2013-10-14 16:00:00,1.091,1.091,1.091,1.091,1.091,1.091,1.091,1.091,1.091,1.091,1.091,1.091,1.091,1.091,1.091,1.091,1.091
2013-10-14 17:00:00,1.188,1.188,1.188,1.188,1.188,1.188,1.188,1.188,1.188,1.188,1.188,1.188,1.188,1.188,1.188,1.188,1.188
2013-10-14 18:00:00,1.218,1.218,1.218,1.218,1.218,1.218,1.218,1.218,1.218,1.218,1.218,1.218,1.218,1.218,1.218,1.218,1.218
2013-10-14 19:00:00,1.18,1.18,1.18,1.18,1.18,1.18,1.18,1.18,1.18,1.18,1.18,1.18,1.18,1.18,1.18,1.18,1.18
2013-10-14 20:00:00,1.092,1.092,1.092,1.092,1.092,1.092,1.092,1.092,1.092,1.092,1.092,1.092,1.092,1.092,1.092,1.092,1.092
2013-10-14 21:00:00,1.001,1.001,1.001,1.001,1.001,1.001,1.001,1.001,1.001,1.001,1.001,1.001,1.001,1.001,1.001,1.001,1.001
2013-10-14 22:00:00,0.921,0.921,0.921,0.921,0.921,0.921,0.921,0.921,0.921,0.921,0.921,0.921,0.921,0.921,0.921,0.921,0.921
2013-10-14 23:00:00,0.862,0.862,0.862,0.862,0.862,0.862,0.862,0.862,0.862,0.862,0.862,0.862,0.862,0.862,0.862,0.862,0.862
2013-10-15 00:00:00,0.83,0.83,0.83,0.83,0.83,0.83,0.83,0.83,0.83,0.83,0.83,0.83,0.83,0.83,0.83,0.83,0.83
2013-10-15 01:00:00,0.813,0.813,0.813,0.813,0.813,0.813,0.813,0.813,0.813,0.813,0.813,0.813,0.813,0.813,0.813,0.813,0.813
2013-10-15 02:00:00,0.815,0.815,0.815,0.815,0.815,0.815,0.815,0.815,0.815,0.815,0.815,0.815,0.815,0.815,0.815,0.815,0.815
2013-10-15 03:00:00,0.825,0.825,0.825,0.825,0.825,0.825,0.825,0.825,0.825,0.825,0.825,0.825,0.825,0.825,0.825,0.825,0.825
2013-10-15 04:00:00,0.868,0.868,0.868,0.868,0.868,0.868,0.868,0.868,0.868,0.868,0.868,0.868,0.868,0.868,0.868,0.868,0.868
2013-10-15 05:00:00,1.0,1.0,1.0,1.0,1.0,1.0,1.0,1.0,1.0,1.0,1.0,1.0,1.0,1.0,1.0,1.0,1.0
2013-10-15 06:00:00,1.08,1.08,1.08,1.08,1.08,1.08,1.08,1.08,1.08,1.08,1.08,1.08,1.08,1.08,1.08,1.08,1.08
2013-10-15 07:00:00,1.12,1.12,1.12,1.12,1.12,1.12,1.12,1.12,1.12,1.12,1.12,1.12,1.12,1.12,1.12,1.12,1.12
2013-10-15 08:00:00,1.139,1.139,1.139,1.139,1.139,1.139,1.139,1.139,1.139,1.139,1.139,1.139,1.139,1.139,1.139,1.139,1.139
2013-10-15 09:00:00,1.127,1.127,1.127,1.127,1.127,1.127,1.127,1.127,1.127,1.127,1.127,1.127,1.127,1.127,1.127,1.127,1.127
2013-10-15 10:00:00,1.14,1.14,1.14,1.14,1.14,1.14,1.14,1.14,1.14,1.14,1.14,1.14,1.14,1.14,1.14,1.14,1.14
2013-10-15 11:00:00,1.14,1.14,1.14,1.14,1.14,1.14,1.14,1.14,1.14,1.14,1.14,1.14,1.14,1.14,1.14,1.14,1.14
2013-10-15 12:00:00,1.139,1.139,1.139,1.139,1.139,1.139,1.139,1.139,1.139,1.139,1.139,1.139,1.139,1.139,1.139,1.139,1.139
2013-10-15 13:00:00,1.113,1.113,1.113,1.113,1.113,1.113,1.113,1.113,1.113,1.113,1.113,1.113,1.113,1.113,1.113,1.113,1.113
2013-10-15 14:00:00,1.094,1.094,1.094,1.094,1.094,1.094,1.094,1.094,1.094,1.094,1.094,1.094,1.094,1.094,1.094,1.094,1.094
2013-10-15 15:00:00,1.082,1.082,1.082,1.082,1.082,1.082,1.082,1.082,1.082,1.082,1.082,1.082,1.082,1.082,1.082,1.082,1.082
2013-10-15 16:00:00,1.102,1.102,1.102,1.102,1.102,1.102,1.102,1.102,1.102,1.102,1.102,1.102,1.102,1.102,1.102,1.102,1.102
2013-10-15 17:00:00,1.195,1.195,1.195,1.195,1.195,1.195,1.195,1.195,1.195,1.195,1.195,1.195,1.195,1.195,1.195,1.195,1.195
2013-10-15 18:00:00,1.222,1.222,1.222,1.222,1.222,1.222,1.222,1.222,1.222,1.222,1.222,1.222,1.222,1.222,1.222,1.222,1.222
2013-10-15 19:00:00,1.179,1.179,1.179,1.179,1.179,1.179,1.179,1.179,1.179,1.179,1.179,1.179,1.179,1.179,1.179,1.179,1.179
2013-10-15 20:00:00,1.099,1.099,1.099,1.099,1.099,1.099,1.099,1.099,1.099,1.099,1.099,1.099,1.099,1.099,1.099,1.099,1.099
2013-10-15 21:00:00,1.008,1.008,1.008,1.008,1.008,1.008,1.008,1.008,1.008,1.008,1.008,1.008,1.008,1.008,1.008,1.008,1.008
2013-10-15 22:00:00,0.936,0.936,0.936,0.936,0.936,0.936,0.936,0.936,0.936,0.936,0.936,0.936,0.936,0.936,0.936,0.936,0.936
2013-10-15 23:00:00,0.872,0.872,0.872,0.872,0.872,0.872,0.872,0.872,0.872,0.872,0.872,0.872,0.872,0.872,0.872,0.872,0.872
2013-10-16 00:00:00,0.838,0.838,0.838,0.838,0.838,0.838,0.838,0.838,0.838,0.838,0.838,0.838,0.838,0.838,0.838,0.838,0.838
2013-10-16 01:00:00,0.819,0.819,0.819,0.819,0.819,0.819,0.819,0.819,0.819,0.819,0.819,0.819,0.819,0.819,0.819,0.819,0.819
2013-10-16 02:00:00,0.819,0.819,0.819,0.819,0.819,0.819,0.819,0.819,0.819,0.819,0.819,0.819,0.819,0.819,0.819,0.819,0.819
2013-10-16 03:00:00,0.836,0.836,0.836,0.836,0.836,0.836,0.836,0.836,0.836,0.836,0.836,0.836,0.836,0.836,0.836,0.836,0.836
2013-10-16 04:00:00,0.875,0.875,0.875,0.875,0.875,0.875,0.875,0.875,0.875,0.875,0.875,0.875,0.875,0.875,0.875,0.875,0.875
2013-10-16 05:00:00,1.009,1.009,1.009,1.009,1.009,1.009,1.009,1.009,1.009,1.009,1.009,1.009,1.009,1.009,1.009,1.009,1.009
2013-10-16 06:00:00,1.102,1.102,1.102,1.102,1.102,1.102,1.102,1.102,1.102,1.102,1.102,1.102,1.102,1.102,1.102,1.102,1.102
2013-10-16 07:00:00,1.142,1.142,1.142,1.142,1.142,1.142,1.142,1.142,1.142,1.142,1.142,1.142,1.142,1.142,1.142,1.142,1.142
2013-10-16 08:00:00,1.159,1.159,1.159,1.159,1.159,1.159,1.159,1.159,1.159,1.159,1.159,1.159,1.159,1.159,1.159,1.159,1.159
2013-10-16 09:00:00,1.152,1.152,1.152,1.152,1.152,1.152,1.152,1.152,1.152,1.152,1.152,1.152,1.152,1.152,1.152,1.152,1.152
2013-10-16 10:00:00,1.168,1.168,1.168,1.168,1.168,1.168,1.168,1.168,1.168,1.168,1.168,1.168,1.168,1.168,1.168,1.168,1.168
2013-10-16 11:00:00,1.167,1.167,1.167,1.167,1.167,1.167,1.167,1.167,1.167,1.167,1.167,1.167,1.167,1.167,1.167,1.167,1.167
2013-10-16 12:00:00,1.168,1.168,1.168,1.168,1.168,1.168,1.168,1.168,1.168,1.168,1.168,1.168,1.168,1.168,1.168,1.168,1.168
2013-10-16 13:00:00,1.143,1.143,1.143,1.143,1.143,1.143,1.143,1.143,1.143,1.143,1.143,1.143,1.143,1.143,1.143,1.143,1.143
2013-10-16 14:00:00,1.133,1.133,1.133,1.133,1.133,1.133,1.133,1.133,1.133,1.133,1.133,1.133,1.133,1.133,1.133,1.133,1.133
2013-10-16 15:00:00,1.122,1.122,1.122,1.122,1.122,1.122,1.122,1.122,1.122,1.122,1.122,1.122,1.122,1.122,1.122,1.122,1.122
2013-10-16 16:00:00,1.138,1.138,1.138,1.138,1.138,1.138,1.138,1.138,1.138,1.138,1.138,1.138,1.138,1.138,1.138,1.138,1.138
2013-10-16 17:00:00,1.216,1.216,1.216,1.216,1.216,1.216,1.216,1.216,1.216,1.216,1.216,1.216,1.216,1.216,1.216,1.216,1.216
2013-10-16 18:00:00,1.238,1.238,1.238,1.238,1.238,1.238,1.238,1.238,1.238,1.238,1.238,1.238,1.238,1.238,1.238,1.238,1.238
2013-10-16 19:00:00,1.197,1.197,1.197,1.197,1.197,1.197,1.197,1.197,1.197,1.197,1.197,1.197,1.197,1.197,1.197,1.197,1.197
2013-10-16 20:00:00,1.11,1.11,1.11,1.11,1.11,1.11,1.11,1.11,1.11,1.11,1.11,1.11,1.11,1.11,1.11,1.11,1.11
2013-10-16 21:00:00,1.016,1.016,1.016,1.016,1.016,1.016,1.016,1.016,1.016,1.016,1.016,1.016,1.016,1.016,1.016,1.016,1.016
2013-10-16 22:00:00,0.941,0.941,0.941,0.941,0.941,0.941,0.941,0.941,0.941,0.941,0.941,0.941,0.941,0.941,0.941,0.941,0.941
2013-10-16 23:00:00,0.874,0.874,0.874,0.874,0.874,0.874,0.874,0.874,0.874,0.874,0.874,0.874,0.874,0.874,0.874,0.874,0.874
2013-10-17 00:00:00,0.842,0.842,0.842,0.842,0.842,0.842,0.842,0.842,0.842,0.842,0.842,0.842,0.842,0.842,0.842,0.842,0.842
2013-10-17 01:00:00,0.825,0.825,0.825,0.825,0.825,0.825,0.825,0.825,0.825,0.825,0.825,0.825,0.825,0.825,0.825,0.825,0.825
2013-10-17 02:00:00,0.822,0.822,0.822,0.822,0.822,0.822,0.822,0.822,0.822,0.822,0.822,0.822,0.822,0.822,0.822,0.822,0.822
2013-10-17 03:00:00,0.834,0.834,0.834,0.834,0.834,0.834,0.834,0.834,0.834,0.834,0.834,0.834,0.834,0.834,0.834,0.834,0.834
2013-10-17 04:00:00,0.875,0.875,0.875,0.875,0.875,0.875,0.875,0.875,0.875,0.875,0.875,0.875,0.875,0.875,0.875,0.875,0.875
2013-10-17 05:00:00,1.008,1.008,1.008,1.008,1.008,1.008,1.008,1.008,1.008,1.008,1.008,1.008,1.008,1.008,1.008,1.008,1.008
2013-10-17 06:00:00,1.091,1.091,1.091,1.091,1.091,1.091,1.091,1.091,1.091,1.091,1.091,1.091,1.091,1.091,1.091,1.091,1.091
2013-10-17 07:00:00,1.136,1.136,1.136,1.136,1.136,1.136,1.136,1.136,1.136,1.136,1.136,1.136,1.136,1.136,1.136,1.136,1.136
2013-10-17 08:00:00,1.151,1.151,1.151,1.151,1.151,1.151,1.151,1.151,1.151,1.151,1.151,1.151,1.151,1.151,1.151,1.151,1.151
2013-10-17 09:00:00,1.15,1.15,1.15,1.15,1.15,1.15,1.15,1.15,1.15,1.15,1.15,1.15,1.15,1.15,1.15,1.15,1.15
2013-10-17 10:00:00,1.161,1.161,1.161,1.161,1.161,1.161,1.161,1.161,1.161,1.161,1.161,1.161,1.161,1.161,1.161,1.161,1.161
2013-10-17 11:00:00,1.154,1.154,1.154,1.154,1.154,1.154,1.154,1.154,1.154,1.154,1.154,1.154,1.154,1.154,1.154,1.154,1.154
2013-10-17 12:00:00,1.16,1.16,1.16,1.16,1.16,1.16,1.16,1.16,1.16,1.16,1.16,1.16,1.16,1.16,1.16,1.16,1.16
2013-10-17 13:00:00,1.139,1.139,1.139,1.139,1.139,1.139,1.139,1.139,1.139,1.139,1.139,1.139,1.139,1.139,1.139,1.139,1.139
2013-10-17 14:00:00,1.122,1.122,1.122,1.122,1.122,1.122,1.122,1.122,1.122,1.122,1.122,1.122,1.122,1.122,1.122,1.122,1.122
2013-10-17 15:00:00,1.113,1.113,1.113,1.113,1.113,1.113,1.113,1.113,1.113,1.113,1.113,1.113,1.113,1.113,1.113,1.113,1.113
2013-10-17 16:00:00,1.133,1.133,1.133,1.133,1.133,1.133,1.133,1.133,1.133,1.133,1.133,1.133,1.133,1.133,1.133,1.133,1.133
2013-10-17 17:00:00,1.216,1.216,1.216,1.216,1.216,1.216,1.216,1.216,1.216,1.216,1.216,1.216,1.216,1.216,1.216,1.216,1.216
2013-10-17 18:00:00,1.232,1.232,1.232,1.232,1.232,1.232,1.232,1.232,1.232,1.232,1.232,1.232,1.232,1.232,1.232,1.232,1.232
2013-10-17 19:00:00,1.193,1.193,1.193,1.193,1.193,1.193,1.193,1.193,1.193,1.193,1.193,1.193,1.193,1.193,1.193,1.193,1.193
2013-10-17 20:00:00,1.114,1.114,1.114,1.114,1.114,1.114,1.114,1.114,1.114,1.114,1.114,1.114,1.114,1.114,1.114,1.114,1.114
2013-10-17 21:00:00,1.022,1.022,1.022,1.022,1.022,1.022,1.022,1.022,1.022,1.022,1.022,1.022,1.022,1.022,1.022,1.022,1.022
2013-10-17 22:00:00,0.94,0.94,0.94,0.94,0.94,0.94,0.94,0.94,0.94,0.94,0.94,0.94,0.94,0.94,0.94,0.94,0.94
2013-10-17 23:00:00,0.877,0.877,0.877,0.877,0.877,0.877,0.877,0.877,0.877,0.877,0.877,0.877,0.877,0.877,0.877,0.877,0.877
2013-10-18 00:00:00,0.842,0.842,0.842,0.842,0.842,0.842,0.842,0.842,0.842,0.842,0.842,0.842,0.842,0.842,0.842,0.842,0.842
2013-10-18 01:00:00,0.826,0.826,0.826,0.826,0.826,0.826,0.826,0.826,0.826,0.826,0.826,0.826,0.826,0.826,0.826,0.826,0.826
2013-10-18 02:00:00,0.83,0.83,0.83,0.83,0.83,0.83,0.83,0.83,0.83,0.83,0.83,0.83,0.83,0.83,0.83,0.83,0.83
2013-10-18 03:00:00,0.837,0.837,0.837,0.837,0.837,0.837,0.837,0.837,0.837,0.837,0.837,0.837,0.837,0.837,0.837,0.837,0.837
2013-10-18 04:00:00,0.875,0.875,0.875,0.875,0.875,0.875,0.875,0.875,0.875,0.875,0.875,0.875,0.875,0.875,0.875,0.875,0.875
2013-10-18 05:00:00,1.005,1.005,1.005,1.005,1.005,1.005,1.005,1.005,1.005,1.005,1.005,1.005,1.005,1.005,1.005,1.005,1.005
2013-10-18 06:00:00,1.088,1.088,1.088,1.088,1.088,1.088,1.088,1.088,1.088,1.088,1.088,1.088,1.088,1.088,1.088,1.088,1.088
2013-10-18 07:00:00,1.132,1.132,1.132,1.132,1.132,1.132,1.132,1.132,1.132,1.132,1.132,1.132,1.132,1.132,1.132,1.132,1.132
2013-10-18 08:00:00,1.147,1.147,1.147,1.147,1.147,1.147,1.147,1.147,1.147,1.147,1.147,1.147,1.147,1.147,1.147,1.147,1.147
2013-10-18 09:00:00,1.14,1.14,1.14,1.14,1.14,1.14,1.14,1.14,1.14,1.14,1.14,1.14,1.14,1.14,1.14,1.14,1.14
2013-10-18 10:00:00,1.16,1.16,1.16,1.16,1.16,1.16,1.16,1.16,1.16,1.16,1.16,1.16,1.16,1.16,1.16,1.16,1.16
2013-10-18 11:00:00,1.16,1.16,1.16,1.16,1.16,1.16,1.16,1.16,1.16,1.16,1.16,1.16,1.16,1.16,1.16,1.16,1.16
2013-10-18 12:00:00,1.158,1.158,1.158,1.158,1.158,1.158,1.158,1.158,1.158,1.158,1.158,1.158,1.158,1.158,1.158,1.158,1.158
2013-10-18 13:00:00,1.136,1.136,1.136,1.136,1.136,1.136,1.136,1.136,1.136,1.136,1.136,1.136,1.136,1.136,1.136,1.136,1.136
2013-10-18 14:00:00,1.12,1.12,1.12,1.12,1.12,1.12,1.12,1.12,1.12,1.12,1.12,1.12,1.12,1.12,1.12,1.12,1.12
2013-10-18 15:00:00,1.106,1.106,1.106,1.106,1.106,1.106,1.106,1.106,1.106,1.106,1.106,1.106,1.106,1.106,1.106,1.106,1.106
2013-10-18 16:00:00,1.138,1.138,1.138,1.138,1.138,1.138,1.138,1.138,1.138,1.138,1.138,1.138,1.138,1.138,1.138,1.138,1.138
2013-10-18 17:00:00,1.211,1.211,1.211,1.211,1.211,1.211,1.211,1.211,1.211,1.211,1.211,1.211,1.211,1.211,1.211,1.211,1.211
2013-10-18 18:00:00,1.222,1.222,1.222,1.222,1.222,1.222,1.222,1.222,1.222,1.222,1.222,1.222,1.222,1.222,1.222,1.222,1.222
2013-10-18 19:00:00,1.183,1.183,1.183,1.183,1.183,1.183,1.183,1.183,1.183,1.183,1.183,1.183,1.183,1.183,1.183,1.183,1.183
2013-10-18 20:00:00,1.106,1.106,1.106,1.106,1.106,1.106,1.106,1.106,1.106,1.106,1.106,1.106,1.106,1.106,1.106,1.106,1.106
2013-10-18 21:00:00,1.028,1.028,1.028,1.028,1.028,1.028,1.028,1.028,1.028,1.028,1.028,1.028,1.028,1.028,1.028,1.028,1.028
2013-10-18 22:00:00,0.954,0.954,0.954,0.954,0.954,0.954,0.954,0.954,0.954,0.954,0.954,0.954,0.954,0.954,0.954,0.954,0.954
2013-10-18 23:00:00,0.892,0.892,0.892,0.892,0.892,0.892,0.892,0.892,0.892,0.892,0.892,0.892,0.892,0.892,0.892,0.892,0.892
2013-10-19 00:00:00,0.848,0.848,0.848,0.848,0.848,0.848,0.848,0.848,0.848,0.848,0.848,0.848,0.848,0.848,0.848,0.848,0.848
2013-10-19 01:00:00,0.826,0.826,0.826,0.826,0.826,0.826,0.826,0.826,0.826,0.826,0.826,0.826,0.826,0.826,0.826,0.826,0.826
2013-10-19 02:00:00,0.824,0.824,0.824,0.824,0.824,0.824,0.824,0.824,0.824,0.824,0.824,0.824,0.824,0.824,0.824,0.824,0.824
2013-10-19 03:00:00,0.824,0.824,0.824,0.824,0.824,0.824,0.824,0.824,0.824,0.824,0.824,0.824,0.824,0.824,0.824,0.824,0.824
2013-10-19 04:00:00,0.829,0.829,0.829,0.829,0.829,0.829,0.829,0.829,0.829,0.829,0.829,0.829,0.829,0.829,0.829,0.829,0.829
2013-10-19 05:00:00,0.878,0.878,0.878,0.878,0.878,0.878,0.878,0.878,0.878,0.878,0.878,0.878,0.878,0.878,0.878,0.878,0.878
2013-10-19 06:00:00,0.917,0.917,0.917,0.917,0.917,0.917,0.917,0.917,0.917,0.917,0.917,0.917,0.917,0.917,0.917,0.917,0.917
2013-10-19 07:00:00,0.98,0.98,0.98,0.98,0.98,0.98,0.98,0.98,0.98,0.98,0.98,0.98,0.98,0.98,0.98,0.98,0.98
2013-10-19 08:00:00,1.026,1.026,1.026,1.026,1.026,1.026,1.026,1.026,1.026,1.026,1.026,1.026,1.026,1.026,1.026,1.026,1.026
2013-10-19 09:00:00,1.044,1.044,1.044,1.044,1.044,1.044,1.044,1.044,1.044,1.044,1.044,1.044,1.044,1.044,1.044,1.044,1.044
2013-10-19 10:00:00,1.044,1.044,1.044,1.044,1.044,1.044,1.044,1.044,1.044,1.044,1.044,1.044,1.044,1.044,1.044,1.044,1.044
2013-10-19 11:00:00,1.032,1.032,1.032,1.032,1.032,1.032,1.032,1.032,1.032,1.032,1.032,1.032,1.032,1.032,1.032,1.032,1.032
2013-10-19 12:00:00,1.019,1.019,1.019,1.019,1.019,1.019,1.019,1.019,1.019,1.019,1.019,1.019,1.019,1.019,1.019,1.019,1.019
2013-10-19 13:00:00,0.992,0.992,0.992,0.992,0.992,0.992,0.992,0.992,0.992,0.992,0.992,0.992,0.992,0.992,0.992,0.992,0.992
2013-10-19 14:00:00,0.961,0.961,0.961,0.961,0.961,0.961,0.961,0.961,0.961,0.961,0.961,0.961,0.961,0.961,0.961,0.961,0.961
2013-10-19 15:00:00,0.952,0.952,0.952,0.952,0.952,0.952,0.952,0.952,0.952,0.952,0.952,0.952,0.952,0.952,0.952,0.952,0.952
2013-10-19 16:00:00,0.982,0.982,0.982,0.982,0.982,0.982,0.982,0.982,0.982,0.982,0.982,0.982,0.982,0.982,0.982,0.982,0.982
2013-10-19 17:00:00,1.078,1.078,1.078,1.078,1.078,1.078,1.078,1.078,1.078,1.078,1.078,1.078,1.078,1.078,1.078,1.078,1.078
2013-10-19 18:00:00,1.087,1.087,1.087,1.087,1.087,1.087,1.087,1.087,1.087,1.087,1.087,1.087,1.087,1.087,1.087,1.087,1.087
2013-10-19 19:00:00,1.047,1.047,1.047,1.047,1.047,1.047,1.047,1.047,1.047,1.047,1.047,1.047,1.047,1.047,1.047,1.047,1.047
2013-10-19 20:00:00,0.978,0.978,0.978,0.978,0.978,0.978,0.978,0.978,0.978,0.978,0.978,0.978,0.978,0.978,0.978,0.978,0.978
2013-10-19 21:00:00,0.915,0.915,0.915,0.915,0.915,0.915,0.915,0.915,0.915,0.915,0.915,0.915,0.915,0.915,0.915,0.915,0.915
2013-10-19 22:00:00,0.854,0.854,0.854,0.854,0.854,0.854,0.854,0.854,0.854,0.854,0.854,0.854,0.854,0.854,0.854,0.854,0.854
2013-10-19 23:00:00,0.794,0.794,0.794,0.794,0.794,0.794,0.794,0.794,0.794,0.794,0.794,0.794,0.794,0.794,0.794,0.794,0.794
2013-10-20 00:00:00,0.761,0.761,0.761,0.761,0.761,0.761,0.761,0.761,0.761,0.761,0.761,0.761,0.761,0.761,0.761,0.761,0.761
2013-10-20 01:00:00,0.732,0.732,0.732,0.732,0.732,0.732,0.732,0.732,0.732,0.732,0.732,0.732,0.732,0.732,0.732,0.732,0.732
2013-10-20 02:00:00,0.727,0.727,0.727,0.727,0.727,0.727,0.727,0.727,0.727,0.727,0.727,0.727,0.727,0.727,0.727,0.727,0.727
2013-10-20 03:00:00,0.721,0.721,0.721,0.721,0.721,0.721,0.721,0.721,0.721,0.721,0.721,0.721,0.721,0.721,0.721,0.721,0.721
2013-10-20 04:00:00,0.726,0.726,0.726,0.726,0.726,0.726,0.726,0.726,0.726,0.726,0.726,0.726,0.726,0.726,0.726,0.726,0.726
2013-10-20 05:00:00,0.747,0.747,0.747,0.747,0.747,0.747,0.747,0.747,0.747,0.747,0.747,0.747,0.747,0.747,0.747,0.747,0.747
2013-10-20 06:00:00,0.757,0.757,0.757,0.757,0.757,0.757,0.757,0.757,0.757,0.757,0.757,0.757,0.757,0.757,0.757,0.757,0.757
2013-10-20 07:00:00,0.804,0.804,0.804,0.804,0.804,0.804,0.804,0.804,0.804,0.804,0.804,0.804,0.804,0.804,0.804,0.804,0.804
2013-10-20 08:00:00,0.853,0.853,0.853,0.853,0.853,0.853,0.853,0.853,0.853,0.853,0.853,0.853,0.853,0.853,0.853,0.853,0.853
2013-10-20 09:00:00,0.881,0.881,0.881,0.881,0.881,0.881,0.881,0.881,0.881,0.881,0.881,0.881,0.881,0.881,0.881,0.881,0.881
2013-10-20 10:00:00,0.897,0.897,0.897,0.897,0.897,0.897,0.897,0.897,0.897,0.897,0.897,0.897,0.897,0.897,0.897,0.897,0.897
2013-10-20 11:00:00,0.895,0.895,0.895,0.895,0.895,0.895,0.895,0.895,0.895,0.895,0.895,0.895,0.895,0.895,0.895,0.895,0.895
2013-10-20 12:00:00,0.9,0.9,0.9,0.9,0.9,0.9,0.9,0.9,0.9,0.9,0.9,0.9,0.9,0.9,0.9,0.9,0.9
2013-10-20 13:00:00,0.878,0.878,0.878,0.878,0.878,0.878,0.878,0.878,0.878,0.878,0.878,0.878,0.878,0.878,0.878,0.878,0.878
2013-10-20 14:00:00,0.859,0.859,0.859,0.859,0.859,0.859,0.859,0.859,0.859,0.859,0.859,0.859,0.859,0.859,0.859,0.859,0.859
2013-10-20 15:00:00,0.858,0.858,0.858,0.858,0.858,0.858,0.858,0.858,0.858,0.858,0.858,0.858,0.858,0.858,0.858,0.858,0.858
2013-10-20 16:00:00,0.904,0.904,0.904,0.904,0.904,0.904,0.904,0.904,0.904,0.904,0.904,0.904,0.904,0.904,0.904,0.904,0.904
2013-10-20 17:00:00,1.003,1.003,1.003,1.003,1.003,1.003,1.003,1.003,1.003,1.003,1.003,1.003,1.003,1.003,1.003,1.003,1.003
2013-10-20 18:00:00,1.022,1.022,1.022,1.022,1.022,1.022,1.022,1.022,1.022,1.022,1.022,1.022,1.022,1.022,1.022,1.022,1.022
2013-10-20 19:00:00,0.985,0.985,0.985,0.985,0.985,0.985,0.985,0.985,0.985,0.985,0.985,0.985,0.985,0.985,0.985,0.985,0.985
2013-10-20 20:00:00,0.931,0.931,0.931,0.931,0.931,0.931,0.931,0.931,0.931,0.931,0.931,0.931,0.931,0.931,0.931,0.931,0.931
2013-10-20 21:00:00,0.874,0.874,0.874,0.874,0.874,0.874,0.874,0.874,0.874,0.874,0.874,0.874,0.874,0.874,0.874,0.874,0.874
2013-10-20 22:00:00,0.809,0.809,0.809,0.809,0.809,0.809,0.809,0.809,0.809,0.809,0.809,0.809,0.809,0.809,0.809,0.809,0.809
2013-10-20 23:00:00,0.76,0.76,0.76,0.76,0.76,0.76,0.76,0.76,0.76,0.76,0.76,0.76,0.76,0.76,0.76,0.76,0.76
2013-10-21 00:00:00,0.736,0.736,0.736,0.736,0.736,0.736,0.736,0.736,0.736,0.736,0.736,0.736,0.736,0.736,0.736,0.736,0.736
2013-10-21 01:00:00,0.728,0.728,0.728,0.728,0.728,0.728,0.728,0.728,0.728,0.728,0.728,0.728,0.728,0.728,0.728,0.728,0.728
2013-10-21 02:00:00,0.728,0.728,0.728,0.728,0.728,0.728,0.728,0.728,0.728,0.728,0.728,0.728,0.728,0.728,0.728,0.728,0.728
2013-10-21 03:00:00,0.749,0.749,0.749,0.749,0.749,0.749,0.749,0.749,0.749,0.749,0.749,0.749,0.749,0.749,0.749,0.749,0.749
2013-10-21 04:00:00,0.804,0.804,0.804,0.804,0.804,0.804,0.804,0.804,0.804,0.804,0.804,0.804,0.804,0.804,0.804,0.804,0.804
2013-10-21 05:00:00,0.964,0.964,0.964,0.964,0.964,0.964,0.964,0.964,0.964,0.964,0.964,0.964,0.964,0.964,0.964,0.964,0.964
2013-10-21 06:00:00,1.067,1.067,1.067,1.067,1.067,1.067,1.067,1.067,1.067,1.067,1.067,1.067,1.067,1.067,1.067,1.067,1.067
2013-10-21 07:00:00,1.111,1.111,1.111,1.111,1.111,1.111,1.111,1.111,1.111,1.111,1.111,1.111,1.111,1.111,1.111,1.111,1.111
2013-10-21 08:00:00,1.128,1.128,1.128,1.128,1.128,1.128,1.128,1.128,1.128,1.128,1.128,1.128,1.128,1.128,1.128,1.128,1.128
2013-10-21 09:00:00,1.122,1.122,1.122,1.122,1.122,1.122,1.122,1.122,1.122,1.122,1.122,1.122,1.122,1.122,1.122,1.122,1.122
2013-10-21 10:00:00,1.126,1.126,1.126,1.126,1.126,1.126,1.126,1.126,1.126,1.126,1.126,1.126,1.126,1.126,1.126,1.126,1.126
2013-10-21 11:00:00,1.127,1.127,1.127,1.127,1.127,1.127,1.127,1.127,1.127,1.127,1.127,1.127,1.127,1.127,1.127,1.127,1.127
2013-10-21 12:00:00,1.126,1.126,1.126,1.126,1.126,1.126,1.126,1.126,1.126,1.126,1.126,1.126,1.126,1.126,1.126,1.126,1.126
2013-10-21 13:00:00,1.106,1.106,1.106,1.106,1.106,1.106,1.106,1.106,1.106,1.106,1.106,1.106,1.106,1.106,1.106,1.106,1.106
2013-10-21 14:00:00,1.098,1.098,1.098,1.098,1.098,1.098,1.098,1.098,1.098,1.098,1.098,1.098,1.098,1.098,1.098,1.098,1.098
2013-10-21 15:00:00,1.077,1.077,1.077,1.077,1.077,1.077,1.077,1.077,1.077,1.077,1.077,1.077,1.077,1.077,1.077,1.077,1.077
2013-10-21 16:00:00,1.11,1.11,1.11,1.11,1.11,1.11,1.11,1.11,1.11,1.11,1.11,1.11,1.11,1.11,1.11,1.11,1.11
2013-10-21 17:00:00,1.205,1.205,1.205,1.205,1.205,1.205,1.205,1.205,1.205,1.205,1.205,1.205,1.205,1.205,1.205,1.205,1.205
2013-10-21 18:00:00,1.214,1.214,1.214,1.214,1.214,1.214,1.214,1.214,1.214,1.214,1.214,1.214,1.214,1.214,1.214,1.214,1.214
2013-10-21 19:00:00,1.175,1.175,1.175,1.175,1.175,1.175,1.175,1.175,1.175,1.175,1.175,1.175,1.175,1.175,1.175,1.175,1.175
2013-10-21 20:00:00,1.092,1.092,1.092,1.092,1.092,1.092,1.092,1.092,1.092,1.092,1.092,1.092,1.092,1.092,1.092,1.092,1.092
2013-10-21 21:00:00,0.999,0.999,0.999,0.999,0.999,0.999,0.999,0.999,0.999,0.999,0.999,0.999,0.999,0.999,0.999,0.999,0.999
2013-10-21 22:00:00,0.918,0.918,0.918,0.918,0.918,0.918,0.918,0.918,0.918,0.918,0.918,0.918,0.918,0.918,0.918,0.918,0.918
2013-10-21 23:00:00,0.861,0.861,0.861,0.861,0.861,0.861,0.861,0.861,0.861,0.861,0.861,0.861,0.861,0.861,0.861,0.861,0.861
2013-10-22 00:00:00,0.827,0.827,0.827,0.827,0.827,0.827,0.827,0.827,0.827,0.827,0.827,0.827,0.827,0.827,0.827,0.827,0.827
2013-10-22 01:00:00,0.811,0.811,0.811,0.811,0.811,0.811,0.811,0.811,0.811,0.811,0.811,0.811,0.811,0.811,0.811,0.811,0.811
2013-10-22 02:00:00,0.809,0.809,0.809,0.809,0.809,0.809,0.809,0.809,0.809,0.809,0.809,0.809,0.809,0.809,0.809,0.809,0.809
2013-10-22 03:00:00,0.825,0.825,0.825,0.825,0.825,0.825,0.825,0.825,0.825,0.825,0.825,0.825,0.825,0.825,0.825,0.825,0.825
2013-10-22 04:00:00,0.861,0.861,0.861,0.861,0.861,0.861,0.861,0.861,0.861,0.861,0.861,0.861,0.861,0.861,0.861,0.861,0.861
2013-10-22 05:00:00,1.009,1.009,1.009,1.009,1.009,1.009,1.009,1.009,1.009,1.009,1.009,1.009,1.009,1.009,1.009,1.009,1.009
2013-10-22 06:00:00,1.094,1.094,1.094,1.094,1.094,1.094,1.094,1.094,1.094,1.094,1.094,1.094,1.094,1.094,1.094,1.094,1.094
2013-10-22 07:00:00,1.125,1.125,1.125,1.125,1.125,1.125,1.125,1.125,1.125,1.125,1.125,1.125,1.125,1.125,1.125,1.125,1.125
2013-10-22 08:00:00,1.131,1.131,1.131,1.131,1.131,1.131,1.131,1.131,1.131,1.131,1.131,1.131,1.131,1.131,1.131,1.131,1.131
2013-10-22 09:00:00,1.121,1.121,1.121,1.121,1.121,1.121,1.121,1.121,1.121,1.121,1.121,1.121,1.121,1.121,1.121,1.121,1.121
2013-10-22 10:00:00,1.128,1.128,1.128,1.128,1.128,1.128,1.128,1.128,1.128,1.128,1.128,1.128,1.128,1.128,1.128,1.128,1.128
2013-10-22 11:00:00,1.125,1.125,1.125,1.125,1.125,1.125,1.125,1.125,1.125,1.125,1.125,1.125,1.125,1.125,1.125,1.125,1.125
2013-10-22 12:00:00,1.122,1.122,1.122,1.122,1.122,1.122,1.122,1.122,1.122,1.122,1.122,1.122,1.122,1.122,1.122,1.122,1.122
2013-10-22 13:00:00,1.105,1.105,1.105,1.105,1.105,1.105,1.105,1.105,1.105,1.105,1.105,1.105,1.105,1.105,1.105,1.105,1.105
2013-10-22 14:00:00,1.08,1.08,1.08,1.08,1.08,1.08,1.08,1.08,1.08,1.08,1.08,1.08,1.08,1.08,1.08,1.08,1.08
2013-10-22 15:00:00,1.068,1.068,1.068,1.068,1.068,1.068,1.068,1.068,1.068,1.068,1.068,1.068,1.068,1.068,1.068,1.068,1.068
2013-10-22 16:00:00,1.097,1.097,1.097,1.097,1.097,1.097,1.097,1.097,1.097,1.097,1.097,1.097,1.097,1.097,1.097,1.097,1.097
2013-10-22 17:00:00,1.199,1.199,1.199,1.199,1.199,1.199,1.199,1.199,1.199,1.199,1.199,1.199,1.199,1.199,1.199,1.199,1.199
2013-10-22 18:00:00,1.21,1.21,1.21,1.21,1.21,1.21,1.21,1.21,1.21,1.21,1.21,1.21,1.21,1.21,1.21,1.21,1.21
2013-10-22 19:00:00,1.176,1.176,1.176,1.176,1.176,1.176,1.176,1.176,1.176,1.176,1.176,1.176,1.176,1.176,1.176,1.176,1.176
2013-10-22 20:00:00,1.089,1.089,1.089,1.089,1.089,1.089,1.089,1.089,1.089,1.089,1.089,1.089,1.089,1.089,1.089,1.089,1.089
2013-10-22 21:00:00,0.995,0.995,0.995,0.995,0.995,0.995,0.995,0.995,0.995,0.995,0.995,0.995,0.995,0.995,0.995,0.995,0.995
2013-10-22 22:00:00,0.919,0.919,0.919,0.919,0.919,0.919,0.919,0.919,0.919,0.919,0.919,0.919,0.919,0.919,0.919,0.919,0.919
2013-10-22 23:00:00,0.859,0.859,0.859,0.859,0.859,0.859,0.859,0.859,0.859,0.859,0.859,0.859,0.859,0.859,0.859,0.859,0.859
2013-10-23 00:00:00,0.826,0.826,0.826,0.826,0.826,0.826,0.826,0.826,0.826,0.826,0.826,0.826,0.826,0.826,0.826,0.826,0.826
2013-10-23 01:00:00,0.809,0.809,0.809,0.809,0.809,0.809,0.809,0.809,0.809,0.809,0.809,0.809,0.809,0.809,0.809,0.809,0.809
2013-10-23 02:00:00,0.811,0.811,0.811,0.811,0.811,0.811,0.811,0.811,0.811,0.811,0.811,0.811,0.811,0.811,0.811,0.811,0.811
2013-10-23 03:00:00,0.822,0.822,0.822,0.822,0.822,0.822,0.822,0.822,0.822,0.822,0.822,0.822,0.822,0.822,0.822,0.822,0.822
2013-10-23 04:00:00,0.861,0.861,0.861,0.861,0.861,0.861,0.861,0.861,0.861,0.861,0.861,0.861,0.861,0.861,0.861,0.861,0.861
2013-10-23 05:00:00,0.997,0.997,0.997,0.997,0.997,0.997,0.997,0.997,0.997,0.997,0.997,0.997,0.997,0.997,0.997,0.997,0.997
2013-10-23 06:00:00,1.076,1.076,1.076,1.076,1.076,1.076,1.076,1.076,1.076,1.076,1.076,1.076,1.076,1.076,1.076,1.076,1.076
2013-10-23 07:00:00,1.109,1.109,1.109,1.109,1.109,1.109,1.109,1.109,1.109,1.109,1.109,1.109,1.109,1.109,1.109,1.109,1.109
2013-10-23 08:00:00,1.128,1.128,1.128,1.128,1.128,1.128,1.128,1.128,1.128,1.128,1.128,1.128,1.128,1.128,1.128,1.128,1.128
2013-10-23 09:00:00,1.111,1.111,1.111,1.111,1.111,1.111,1.111,1.111,1.111,1.111,1.111,1.111,1.111,1.111,1.111,1.111,1.111
2013-10-23 10:00:00,1.118,1.118,1.118,1.118,1.118,1.118,1.118,1.118,1.118,1.118,1.118,1.118,1.118,1.118,1.118,1.118,1.118
2013-10-23 11:00:00,1.119,1.119,1.119,1.119,1.119,1.119,1.119,1.119,1.119,1.119,1.119,1.119,1.119,1.119,1.119,1.119,1.119
2013-10-23 12:00:00,1.116,1.116,1.116,1.116,1.116,1.116,1.116,1.116,1.116,1.116,1.116,1.116,1.116,1.116,1.116,1.116,1.116
2013-10-23 13:00:00,1.101,1.101,1.101,1.101,1.101,1.101,1.101,1.101,1.101,1.101,1.101,1.101,1.101,1.101,1.101,1.101,1.101
2013-10-23 14:00:00,1.085,1.085,1.085,1.085,1.085,1.085,1.085,1.085,1.085,1.085,1.085,1.085,1.085,1.085,1.085,1.085,1.085
2013-10-23 15:00:00,1.075,1.075,1.075,1.075,1.075,1.075,1.075,1.075,1.075,1.075,1.075,1.075,1.075,1.075,1.075,1.075,1.075
2013-10-23 16:00:00,1.106,1.106,1.106,1.106,1.106,1.106,1.106,1.106,1.106,1.106,1.106,1.106,1.106,1.106,1.106,1.106,1.106
2013-10-23 17:00:00,1.204,1.204,1.204,1.204,1.204,1.204,1.204,1.204,1.204,1.204,1.204,1.204,1.204,1.204,1.204,1.204,1.204
2013-10-23 18:00:00,1.219,1.219,1.219,1.219,1.219,1.219,1.219,1.219,1.219,1.219,1.219,1.219,1.219,1.219,1.219,1.219,1.219
2013-10-23 19:00:00,1.177,1.177,1.177,1.177,1.177,1.177,1.177,1.177,1.177,1.177,1.177,1.177,1.177,1.177,1.177,1.177,1.177
2013-10-23 20:00:00,1.102,1.102,1.102,1.102,1.102,1.102,1.102,1.102,1.102,1.102,1.102,1.102,1.102,1.102,1.102,1.102,1.102
2013-10-23 21:00:00,1.002,1.002,1.002,1.002,1.002,1.002,1.002,1.002,1.002,1.002,1.002,1.002,1.002,1.002,1.002,1.002,1.002
2013-10-23 22:00:00,0.922,0.922,0.922,0.922,0.922,0.922,0.922,0.922,0.922,0.922,0.922,0.922,0.922,0.922,0.922,0.922,0.922
2013-10-23 23:00:00,0.863,0.863,0.863,0.863,0.863,0.863,0.863,0.863,0.863,0.863,0.863,0.863,0.863,0.863,0.863,0.863,0.863
2013-10-24 00:00:00,0.829,0.829,0.829,0.829,0.829,0.829,0.829,0.829,0.829,0.829,0.829,0.829,0.829,0.829,0.829,0.829,0.829
2013-10-24 01:00:00,0.812,0.812,0.812,0.812,0.812,0.812,0.812,0.812,0.812,0.812,0.812,0.812,0.812,0.812,0.812,0.812,0.812
2013-10-24 02:00:00,0.815,0.815,0.815,0.815,0.815,0.815,0.815,0.815,0.815,0.815,0.815,0.815,0.815,0.815,0.815,0.815,0.815
2013-10-24 03:00:00,0.825,0.825,0.825,0.825,0.825,0.825,0.825,0.825,0.825,0.825,0.825,0.825,0.825,0.825,0.825,0.825,0.825
2013-10-24 04:00:00,0.861,0.861,0.861,0.861,0.861,0.861,0.861,0.861,0.861,0.861,0.861,0.861,0.861,0.861,0.861,0.861,0.861
2013-10-24 05:00:00,1.001,1.001,1.001,1.001,1.001,1.001,1.001,1.001,1.001,1.001,1.001,1.001,1.001,1.001,1.001,1.001,1.001
2013-10-24 06:00:00,1.09,1.09,1.09,1.09,1.09,1.09,1.09,1.09,1.09,1.09,1.09,1.09,1.09,1.09,1.09,1.09,1.09
2013-10-24 07:00:00,1.132,1.132,1.132,1.132,1.132,1.132,1.132,1.132,1.132,1.132,1.132,1.132,1.132,1.132,1.132,1.132,1.132
2013-10-24 08:00:00,1.145,1.145,1.145,1.145,1.145,1.145,1.145,1.145,1.145,1.145,1.145,1.145,1.145,1.145,1.145,1.145,1.145
2013-10-24 09:00:00,1.141,1.141,1.141,1.141,1.141,1.141,1.141,1.141,1.141,1.141,1.141,1.141,1.141,1.141,1.141,1.141,1.141
2013-10-24 10:00:00,1.149,1.149,1.149,1.149,1.149,1.149,1.149,1.149,1.149,1.149,1.149,1.149,1.149,1.149,1.149,1.149,1.149
2013-10-24 11:00:00,1.15,1.15,1.15,1.15,1.15,1.15,1.15,1.15,1.15,1.15,1.15,1.15,1.15,1.15,1.15,1.15,1.15
2013-10-24 12:00:00,1.152,1.152,1.152,1.152,1.152,1.152,1.152,1.152,1.152,1.152,1.152,1.152,1.152,1.152,1.152,1.152,1.152
2013-10-24 13:00:00,1.125,1.125,1.125,1.125,1.125,1.125,1.125,1.125,1.125,1.125,1.125,1.125,1.125,1.125,1.125,1.125,1.125
2013-10-24 14:00:00,1.106,1.106,1.106,1.106,1.106,1.106,1.106,1.106,1.106,1.106,1.106,1.106,1.106,1.106,1.106,1.106,1.106
2013-10-24 15:00:00,1.094,1.094,1.094,1.094,1.094,1.094,1.094,1.094,1.094,1.094,1.094,1.094,1.094,1.094,1.094,1.094,1.094
2013-10-24 16:00:00,1.127,1.127,1.127,1.127,1.127,1.127,1.127,1.127,1.127,1.127,1.127,1.127,1.127,1.127,1.127,1.127,1.127
2013-10-24 17:00:00,1.216,1.216,1.216,1.216,1.216,1.216,1.216,1.216,1.216,1.216,1.216,1.216,1.216,1.216,1.216,1.216,1.216
2013-10-24 18:00:00,1.229,1.229,1.229,1.229,1.229,1.229,1.229,1.229,1.229,1.229,1.229,1.229,1.229,1.229,1.229,1.229,1.229
2013-10-24 19:00:00,1.19,1.19,1.19,1.19,1.19,1.19,1.19,1.19,1.19,1.19,1.19,1.19,1.19,1.19,1.19,1.19,1.19
2013-10-24 20:00:00,1.11,1.11,1.11,1.11,1.11,1.11,1.11,1.11,1.11,1.11,1.11,1.11,1.11,1.11,1.11,1.11,1.11
2013-10-24 21:00:00,1.014,1.014,1.014,1.014,1.014,1.014,1.014,1.014,1.014,1.014,1.014,1.014,1.014,1.014,1.014,1.014,1.014
2013-10-24 22:00:00,0.935,0.935,0.935,0.935,0.935,0.935,0.935,0.935,0.935,0.935,0.935,0.935,0.935,0.935,0.935,0.935,0.935
2013-10-24 23:00:00,0.869,0.869,0.869,0.869,0.869,0.869,0.869,0.869,0.869,0.869,0.869,0.869,0.869,0.869,0.869,0.869,0.869
2013-11-21 00:00:00,0.894,0.894,0.894,0.894,0.894,0.894,0.894,0.894,0.894,0.894,0.894,0.894,0.894,0.894,0.894,0.894,0.894
2013-11-21 01:00:00,0.862,0.862,0.862,0.862,0.862,0.862,0.862,0.862,0.862,0.862,0.862,0.862,0.862,0.862,0.862,0.862,0.862
2013-11-21 02:00:00,0.842,0.842,0.842,0.842,0.842,0.842,0.842,0.842,0.842,0.842,0.842,0.842,0.842,0.842,0.842,0.842,0.842
2013-11-21 03:00:00,0.842,0.842,0.842,0.842,0.842,0.842,0.842,0.842,0.842,0.842,0.842,0.842,0.842,0.842,0.842,0.842,0.842
2013-11-21 04:00:00,0.858,0.858,0.858,0.858,0.858,0.858,0.858,0.858,0.858,0.858,0.858,0.858,0.858,0.858,0.858,0.858,0.858
2013-11-21 05:00:00,0.9,0.9,0.9,0.9,0.9,0.9,0.9,0.9,0.9,0.9,0.9,0.9,0.9,0.9,0.9,0.9,0.9
2013-11-21 06:00:00,1.035,1.035,1.035,1.035,1.035,1.035,1.035,1.035,1.035,1.035,1.035,1.035,1.035,1.035,1.035,1.035,1.035
2013-11-21 07:00:00,1.121,1.121,1.121,1.121,1.121,1.121,1.121,1.121,1.121,1.121,1.121,1.121,1.121,1.121,1.121,1.121,1.121
2013-11-21 08:00:00,1.169,1.169,1.169,1.169,1.169,1.169,1.169,1.169,1.169,1.169,1.169,1.169,1.169,1.169,1.169,1.169,1.169
2013-11-21 09:00:00,1.189,1.189,1.189,1.189,1.189,1.189,1.189,1.189,1.189,1.189,1.189,1.189,1.189,1.189,1.189,1.189,1.189
2013-11-21 10:00:00,1.187,1.187,1.187,1.187,1.187,1.187,1.187,1.187,1.187,1.187,1.187,1.187,1.187,1.187,1.187,1.187,1.187
2013-11-21 11:00:00,1.204,1.204,1.204,1.204,1.204,1.204,1.204,1.204,1.204,1.204,1.204,1.204,1.204,1.204,1.204,1.204,1.204
2013-11-21 12:00:00,1.206,1.206,1.206,1.206,1.206,1.206,1.206,1.206,1.206,1.206,1.206,1.206,1.206,1.206,1.206,1.206,1.206
2013-11-21 13:00:00,1.212,1.212,1.212,1.212,1.212,1.212,1.212,1.212,1.212,1.212,1.212,1.212,1.212,1.212,1.212,1.212,1.212
2013-11-21 14:00:00,1.204,1.204,1.204,1.204,1.204,1.204,1.204,1.204,1.204,1.204,1.204,1.204,1.204,1.204,1.204,1.204,1.204
2013-11-21 15:00:00,1.211,1.211,1.211,1.211,1.211,1.211,1.211,1.211,1.211,1.211,1.211,1.211,1.211,1.211,1.211,1.211,1.211
2013-11-21 16:00:00,1.271,1.271,1.271,1.271,1.271,1.271,1.271,1.271,1.271,1.271,1.271,1.271,1.271,1.271,1.271,1.271,1.271
2013-11-21 17:00:00,1.276,1.276,1.276,1.276,1.276,1.276,1.276,1.276,1.276,1.276,1.276,1.276,1.276,1.276,1.276,1.276,1.276
2013-11-21 18:00:00,1.251,1.251,1.251,1.251,1.251,1.251,1.251,1.251,1.251,1.251,1.251,1.251,1.251,1.251,1.251,1.251,1.251
2013-11-21 19:00:00,1.244,1.244,1.244,1.244,1.244,1.244,1.244,1.244,1.244,1.244,1.244,1.244,1.244,1.244,1.244,1.244,1.244
2013-11-21 20:00:00,1.207,1.207,1.207,1.207,1.207,1.207,1.207,1.207,1.207,1.207,1.207,1.207,1.207,1.207,1.207,1.207,1.207
2013-11-21 21:00:00,1.135,1.135,1.135,1.135,1.135,1.135,1.135,1.135,1.135,1.135,1.135,1.135,1.135,1.135,1.135,1.135,1.135
2013-11-21 22:00:00,1.044,1.044,1.044,1.044,1.044,1.044,1.044,1.044,1.044,1.044,1.044,1.044,1.044,1.044,1.044,1.044,1.044
2013-11-21 23:00:00,0.966,0.966,0.966,0.966,0.966,0.966,0.966,0.966,0.966,0.966,0.966,0.966,0.966,0.966,0.966,0.966,0.966
2013-11-22 00:00:00,0.897,0.897,0.897,0.897,0.897,0.897,0.897,0.897,0.897,0.897,0.897,0.897,0.897,0.897,0.897,0.897,0.897
2013-11-22 01:00:00,0.863,0.863,0.863,0.863,0.863,0.863,0.863,0.863,0.863,0.863,0.863,0.863,0.863,0.863,0.863,0.863,0.863
2013-11-22 02:00:00,0.85,0.85,0.85,0.85,0.85,0.85,0.85,0.85,0.85,0.85,0.85,0.85,0.85,0.85,0.85,0.85,0.85
2013-11-22 03:00:00,0.85,0.85,0.85,0.85,0.85,0.85,0.85,0.85,0.85,0.85,0.85,0.85,0.85,0.85,0.85,0.85,0.85
2013-11-22 04:00:00,0.859,0.859,0.859,0.859,0.859,0.859,0.859,0.859,0.859,0.859,0.859,0.859,0.859,0.859,0.859,0.859,0.859
2013-11-22 05:00:00,0.904,0.904,0.904,0.904,0.904,0.904,0.904,0.904,0.904,0.904,0.904,0.904,0.904,0.904,0.904,0.904,0.904
2013-11-22 06:00:00,1.032,1.032,1.032,1.032,1.032,1.032,1.032,1.032,1.032,1.032,1.032,1.032,1.032,1.032,1.032,1.032,1.032
2013-11-22 07:00:00,1.118,1.118,1.118,1.118,1.118,1.118,1.118,1.118,1.118,1.118,1.118,1.118,1.118,1.118,1.118,1.118,1.118
2013-11-22 08:00:00,1.16,1.16,1.16,1.16,1.16,1.16,1.16,1.16,1.16,1.16,1.16,1.16,1.16,1.16,1.16,1.16,1.16
2013-11-22 09:00:00,1.18,1.18,1.18,1.18,1.18,1.18,1.18,1.18,1.18,1.18,1.18,1.18,1.18,1.18,1.18,1.18,1.18
2013-11-22 10:00:00,1.181,1.181,1.181,1.181,1.181,1.181,1.181,1.181,1.181,1.181,1.181,1.181,1.181,1.181,1.181,1.181,1.181
2013-11-22 11:00:00,1.201,1.201,1.201,1.201,1.201,1.201,1.201,1.201,1.201,1.201,1.201,1.201,1.201,1.201,1.201,1.201,1.201
2013-11-22 12:00:00,1.205,1.205,1.205,1.205,1.205,1.205,1.205,1.205,1.205,1.205,1.205,1.205,1.205,1.205,1.205,1.205,1.205
2013-11-22 13:00:00,1.216,1.216,1.216,1.216,1.216,1.216,1.216,1.216,1.216,1.216,1.216,1.216,1.216,1.216,1.216,1.216,1.216
2013-11-22 14:00:00,1.2,1.2,1.2,1.2,1.2,1.2,1.2,1.2,1.2,1.2,1.2,1.2,1.2,1.2,1.2,1.2,1.2
2013-11-22 15:00:00,1.209,1.209,1.209,1.209,1.209,1.209,1.209,1.209,1.209,1.209,1.209,1.209,1.209,1.209,1.209,1.209,1.209
2013-11-22 16:00:00,1.268,1.268,1.268,1.268,1.268,1.268,1.268,1.268,1.268,1.268,1.268,1.268,1.268,1.268,1.268,1.268,1.268
2013-11-22 17:00:00,1.265,1.265,1.265,1.265,1.265,1.265,1.265,1.265,1.265,1.265,1.265,1.265,1.265,1.265,1.265,1.265,1.265
2013-11-22 18:00:00,1.241,1.241,1.241,1.241,1.241,1.241,1.241,1.241,1.241,1.241,1.241,1.241,1.241,1.241,1.241,1.241,1.241
2013-11-22 19:00:00,1.227,1.227,1.227,1.227,1.227,1.227,1.227,1.227,1.227,1.227,1.227,1.227,1.227,1.227,1.227,1.227,1.227
2013-11-22 20:00:00,1.19,1.19,1.19,1.19,1.19,1.19,1.19,1.19,1.19,1.19,1.19,1.19,1.19,1.19,1.19,1.19,1.19
2013-11-22 21:00:00,1.12,1.12,1.12,1.12,1.12,1.12,1.12,1.12,1.12,1.12,1.12,1.12,1.12,1.12,1.12,1.12,1.12
2013-11-22 22:00:00,1.035,1.035,1.035,1.035,1.035,1.035,1.035,1.035,1.035,1.035,1.035,1.035,1.035,1.035,1.035,1.035,1.035
2013-11-22 23:00:00,0.959,0.959,0.959,0.959,0.959,0.959,0.959,0.959,0.959,0.959,0.959,0.959,0.959,0.959,0.959,0.959,0.959
2013-11-23 00:00:00,0.898,0.898,0.898,0.898,0.898,0.898,0.898,0.898,0.898,0.898,0.898,0.898,0.898,0.898,0.898,0.898,0.898
2013-11-23 01:00:00,0.858,0.858,0.858,0.858,0.858,0.858,0.858,0.858,0.858,0.858,0.858,0.858,0.858,0.858,0.858,0.858,0.858
2013-11-23 02:00:00,0.833,0.833,0.833,0.833,0.833,0.833,0.833,0.833,0.833,0.833,0.833,0.833,0.833,0.833,0.833,0.833,0.833
2013-11-23 03:00:00,0.831,0.831,0.831,0.831,0.831,0.831,0.831,0.831,0.831,0.831,0.831,0.831,0.831,0.831,0.831,0.831,0.831
2013-11-23 04:00:00,0.836,0.836,0.836,0.836,0.836,0.836,0.836,0.836,0.836,0.836,0.836,0.836,0.836,0.836,0.836,0.836,0.836
2013-11-23 05:00:00,0.842,0.842,0.842,0.842,0.842,0.842,0.842,0.842,0.842,0.842,0.842,0.842,0.842,0.842,0.842,0.842,0.842
2013-11-23 06:00:00,0.899,0.899,0.899,0.899,0.899,0.899,0.899,0.899,0.899,0.899,0.899,0.899,0.899,0.899,0.899,0.899,0.899
2013-11-23 07:00:00,0.944,0.944,0.944,0.944,0.944,0.944,0.944,0.944,0.944,0.944,0.944,0.944,0.944,0.944,0.944,0.944,0.944
2013-11-23 08:00:00,1.009,1.009,1.009,1.009,1.009,1.009,1.009,1.009,1.009,1.009,1.009,1.009,1.009,1.009,1.009,1.009,1.009
2013-11-23 09:00:00,1.059,1.059,1.059,1.059,1.059,1.059,1.059,1.059,1.059,1.059,1.059,1.059,1.059,1.059,1.059,1.059,1.059
2013-11-23 10:00:00,1.081,1.081,1.081,1.081,1.081,1.081,1.081,1.081,1.081,1.081,1.081,1.081,1.081,1.081,1.081,1.081,1.081
2013-11-23 11:00:00,1.098,1.098,1.098,1.098,1.098,1.098,1.098,1.098,1.098,1.098,1.098,1.098,1.098,1.098,1.098,1.098,1.098
2013-11-23 12:00:00,1.092,1.092,1.092,1.092,1.092,1.092,1.092,1.092,1.092,1.092,1.092,1.092,1.092,1.092,1.092,1.092,1.092
2013-11-23 13:00:00,1.098,1.098,1.098,1.098,1.098,1.098,1.098,1.098,1.098,1.098,1.098,1.098,1.098,1.098,1.098,1.098,1.098
2013-11-23 14:00:00,1.075,1.075,1.075,1.075,1.075,1.075,1.075,1.075,1.075,1.075,1.075,1.075,1.075,1.075,1.075,1.075,1.075
2013-11-23 15:00:00,1.093,1.093,1.093,1.093,1.093,1.093,1.093,1.093,1.093,1.093,1.093,1.093,1.093,1.093,1.093,1.093,1.093
2013-11-23 16:00:00,1.146,1.146,1.146,1.146,1.146,1.146,1.146,1.146,1.146,1.146,1.146,1.146,1.146,1.146,1.146,1.146,1.146
2013-11-23 17:00:00,1.143,1.143,1.143,1.143,1.143,1.143,1.143,1.143,1.143,1.143,1.143,1.143,1.143,1.143,1.143,1.143,1.143
2013-11-23 18:00:00,1.123,1.123,1.123,1.123,1.123,1.123,1.123,1.123,1.123,1.123,1.123,1.123,1.123,1.123,1.123,1.123,1.123
2013-11-23 19:00:00,1.103,1.103,1.103,1.103,1.103,1.103,1.103,1.103,1.103,1.103,1.103,1.103,1.103,1.103,1.103,1.103,1.103
2013-11-23 20:00:00,1.062,1.062,1.062,1.062,1.062,1.062,1.062,1.062,1.062,1.062,1.062,1.062,1.062,1.062,1.062,1.062,1.062
2013-11-23 21:00:00,1.0,1.0,1.0,1.0,1.0,1.0,1.0,1.0,1.0,1.0,1.0,1.0,1.0,1.0,1.0,1.0,1.0
2013-11-23 22:00:00,0.94,0.94,0.94,0.94,0.94,0.94,0.94,0.94,0.94,0.94,0.94,0.94,0.94,0.94,0.94,0.94,0.94
2013-11-23 23:00:00,0.869,0.869,0.869,0.869,0.869,0.869,0.869,0.869,0.869,0.869,0.869,0.869,0.869,0.869,0.869,0.869,0.869
2013-11-24 00:00:00,0.81,0.81,0.81,0.81,0.81,0.81,0.81,0.81,0.81,0.81,0.81,0.81,0.81,0.81,0.81,0.81,0.81
2013-11-24 01:00:00,0.775,0.775,0.775,0.775,0.775,0.775,0.775,0.775,0.775,0.775,0.775,0.775,0.775,0.775,0.775,0.775,0.775
2013-11-24 02:00:00,0.751,0.751,0.751,0.751,0.751,0.751,0.751,0.751,0.751,0.751,0.751,0.751,0.751,0.751,0.751,0.751,0.751
2013-11-24 03:00:00,0.743,0.743,0.743,0.743,0.743,0.743,0.743,0.743,0.743,0.743,0.743,0.743,0.743,0.743,0.743,0.743,0.743
2013-11-24 04:00:00,0.747,0.747,0.747,0.747,0.747,0.747,0.747,0.747,0.747,0.747,0.747,0.747,0.747,0.747,0.747,0.747,0.747
2013-11-24 05:00:00,0.751,0.751,0.751,0.751,0.751,0.751,0.751,0.751,0.751,0.751,0.751,0.751,0.751,0.751,0.751,0.751,0.751
2013-11-24 06:00:00,0.77,0.77,0.77,0.77,0.77,0.77,0.77,0.77,0.77,0.77,0.77,0.77,0.77,0.77,0.77,0.77,0.77
2013-11-24 07:00:00,0.774,0.774,0.774,0.774,0.774,0.774,0.774,0.774,0.774,0.774,0.774,0.774,0.774,0.774,0.774,0.774,0.774
2013-11-24 08:00:00,0.814,0.814,0.814,0.814,0.814,0.814,0.814,0.814,0.814,0.814,0.814,0.814,0.814,0.814,0.814,0.814,0.814
2013-11-24 09:00:00,0.873,0.873,0.873,0.873,0.873,0.873,0.873,0.873,0.873,0.873,0.873,0.873,0.873,0.873,0.873,0.873,0.873
2013-11-24 10:00:00,0.914,0.914,0.914,0.914,0.914,0.914,0.914,0.914,0.914,0.914,0.914,0.914,0.914,0.914,0.914,0.914,0.914
2013-11-24 11:00:00,0.934,0.934,0.934,0.934,0.934,0.934,0.934,0.934,0.934,0.934,0.934,0.934,0.934,0.934,0.934,0.934,0.934
2013-11-24 12:00:00,0.947,0.947,0.947,0.947,0.947,0.947,0.947,0.947,0.947,0.947,0.947,0.947,0.947,0.947,0.947,0.947,0.947
2013-11-24 13:00:00,0.962,0.962,0.962,0.962,0.962,0.962,0.962,0.962,0.962,0.962,0.962,0.962,0.962,0.962,0.962,0.962,0.962
2013-11-24 14:00:00,0.956,0.956,0.956,0.956,0.956,0.956,0.956,0.956,0.956,0.956,0.956,0.956,0.956,0.956,0.956,0.956,0.956
2013-11-24 15:00:00,0.958,0.958,0.958,0.958,0.958,0.958,0.958,0.958,0.958,0.958,0.958,0.958,0.958,0.958,0.958,0.958,0.958
2013-11-24 16:00:00,1.023,1.023,1.023,1.023,1.023,1.023,1.023,1.023,1.023,1.023,1.023,1.023,1.023,1.023,1.023,1.023,1.023
2013-11-24 17:00:00,1.044,1.044,1.044,1.044,1.044,1.044,1.044,1.044,1.044,1.044,1.044,1.044,1.044,1.044,1.044,1.044,1.044
2013-11-24 18:00:00,1.038,1.038,1.038,1.038,1.038,1.038,1.038,1.038,1.038,1.038,1.038,1.038,1.038,1.038,1.038,1.038,1.038
2013-11-24 19:00:00,1.036,1.036,1.036,1.036,1.036,1.036,1.036,1.036,1.036,1.036,1.036,1.036,1.036,1.036,1.036,1.036,1.036
2013-11-24 20:00:00,1.004,1.004,1.004,1.004,1.004,1.004,1.004,1.004,1.004,1.004,1.004,1.004,1.004,1.004,1.004,1.004,1.004
2013-11-24 21:00:00,0.956,0.956,0.956,0.956,0.956,0.956,0.956,0.956,0.956,0.956,0.956,0.956,0.956,0.956,0.956,0.956,0.956
2013-11-24 22:00:00,0.902,0.902,0.902,0.902,0.902,0.902,0.902,0.902,0.902,0.902,0.902,0.902,0.902,0.902,0.902,0.902,0.902
2013-11-24 23:00:00,0.841,0.841,0.841,0.841,0.841,0.841,0.841,0.841,0.841,0.841,0.841,0.841,0.841,0.841,0.841,0.841,0.841
2013-11-25 00:00:00,0.79,0.79,0.79,0.79,0.79,0.79,0.79,0.79,0.79,0.79,0.79,0.79,0.79,0.79,0.79,0.79,0.79
2013-11-25 01:00:00,0.768,0.768,0.768,0.768,0.768,0.768,0.768,0.768,0.768,0.768,0.768,0.768,0.768,0.768,0.768,0.768,0.768
2013-11-25 02:00:00,0.766,0.766,0.766,0.766,0.766,0.766,0.766,0.766,0.766,0.766,0.766,0.766,0.766,0.766,0.766,0.766,0.766
2013-11-25 03:00:00,0.77,0.77,0.77,0.77,0.77,0.77,0.77,0.77,0.77,0.77,0.77,0.77,0.77,0.77,0.77,0.77,0.77
2013-11-25 04:00:00,0.791,0.791,0.791,0.791,0.791,0.791,0.791,0.791,0.791,0.791,0.791,0.791,0.791,0.791,0.791,0.791,0.791
2013-11-25 05:00:00,0.846,0.846,0.846,0.846,0.846,0.846,0.846,0.846,0.846,0.846,0.846,0.846,0.846,0.846,0.846,0.846,0.846
2013-11-25 06:00:00,1.004,1.004,1.004,1.004,1.004,1.004,1.004,1.004,1.004,1.004,1.004,1.004,1.004,1.004,1.004,1.004,1.004
2013-11-25 07:00:00,1.1,1.1,1.1,1.1,1.1,1.1,1.1,1.1,1.1,1.1,1.1,1.1,1.1,1.1,1.1,1.1,1.1
2013-11-25 08:00:00,1.153,1.153,1.153,1.153,1.153,1.153,1.153,1.153,1.153,1.153,1.153,1.153,1.153,1.153,1.153,1.153,1.153
2013-11-25 09:00:00,1.182,1.182,1.182,1.182,1.182,1.182,1.182,1.182,1.182,1.182,1.182,1.182,1.182,1.182,1.182,1.182,1.182
2013-11-25 10:00:00,1.178,1.178,1.178,1.178,1.178,1.178,1.178,1.178,1.178,1.178,1.178,1.178,1.178,1.178,1.178,1.178,1.178
2013-11-25 11:00:00,1.187,1.187,1.187,1.187,1.187,1.187,1.187,1.187,1.187,1.187,1.187,1.187,1.187,1.187,1.187,1.187,1.187
2013-11-25 12:00:00,1.189,1.189,1.189,1.189,1.189,1.189,1.189,1.189,1.189,1.189,1.189,1.189,1.189,1.189,1.189,1.189,1.189
2013-11-25 13:00:00,1.202,1.202,1.202,1.202,1.202,1.202,1.202,1.202,1.202,1.202,1.202,1.202,1.202,1.202,1.202,1.202,1.202
2013-11-25 14:00:00,1.188,1.188,1.188,1.188,1.188,1.188,1.188,1.188,1.188,1.188,1.188,1.188,1.188,1.188,1.188,1.188,1.188
2013-11-25 15:00:00,1.202,1.202,1.202,1.202,1.202,1.202,1.202,1.202,1.202,1.202,1.202,1.202,1.202,1.202,1.202,1.202,1.202
2013-11-25 16:00:00,1.274,1.274,1.274,1.274,1.274,1.274,1.274,1.274,1.274,1.274,1.274,1.274,1.274,1.274,1.274,1.274,1.274
2013-11-25 17:00:00,1.278,1.278,1.278,1.278,1.278,1.278,1.278,1.278,1.278,1.278,1.278,1.278,1.278,1.278,1.278,1.278,1.278
2013-11-25 18:00:00,1.256,1.256,1.256,1.256,1.256,1.256,1.256,1.256,1.256,1.256,1.256,1.256,1.256,1.256,1.256,1.256,1.256
2013-11-25 19:00:00,1.247,1.247,1.247,1.247,1.247,1.247,1.247,1.247,1.247,1.247,1.247,1.247,1.247,1.247,1.247,1.247,1.247
2013-11-25 20:00:00,1.205,1.205,1.205,1.205,1.205,1.205,1.205,1.205,1.205,1.205,1.205,1.205,1.205,1.205,1.205,1.205,1.205
2013-11-25 21:00:00,1.126,1.126,1.126,1.126,1.126,1.126,1.126,1.126,1.126,1.126,1.126,1.126,1.126,1.126,1.126,1.126,1.126
2013-11-25 22:00:00,1.042,1.042,1.042,1.042,1.042,1.042,1.042,1.042,1.042,1.042,1.042,1.042,1.042,1.042,1.042,1.042,1.042
2013-11-25 23:00:00,0.966,0.966,0.966,0.966,0.966,0.966,0.966,0.966,0.966,0.966,0.966,0.966,0.966,0.966,0.966,0.966,0.966
2013-11-26 00:00:00,0.902,0.902,0.902,0.902,0.902,0.902,0.902,0.902,0.902,0.902,0.902,0.902,0.902,0.902,0.902,0.902,0.902
2013-11-26 01:00:00,0.87,0.87,0.87,0.87,0.87,0.87,0.87,0.87,0.87,0.87,0.87,0.87,0.87,0.87,0.87,0.87,0.87
2013-11-26 02:00:00,0.851,0.851,0.851,0.851,0.851,0.851,0.851,0.851,0.851,0.851,0.851,0.851,0.851,0.851,0.851,0.851,0.851
2013-11-26 03:00:00,0.853,0.853,0.853,0.853,0.853,0.853,0.853,0.853,0.853,0.853,0.853,0.853,0.853,0.853,0.853,0.853,0.853
2013-11-26 04:00:00,0.872,0.872,0.872,0.872,0.872,0.872,0.872,0.872,0.872,0.872,0.872,0.872,0.872,0.872,0.872,0.872,0.872
2013-11-26 05:00:00,0.916,0.916,0.916,0.916,0.916,0.916,0.916,0.916,0.916,0.916,0.916,0.916,0.916,0.916,0.916,0.916,0.916
2013-11-26 06:00:00,1.052,1.052,1.052,1.052,1.052,1.052,1.052,1.052,1.052,1.052,1.052,1.052,1.052,1.052,1.052,1.052,1.052
2013-11-26 07:00:00,1.148,1.148,1.148,1.148,1.148,1.148,1.148,1.148,1.148,1.148,1.148,1.148,1.148,1.148,1.148,1.148,1.148
2013-11-26 08:00:00,1.193,1.193,1.193,1.193,1.193,1.193,1.193,1.193,1.193,1.193,1.193,1.193,1.193,1.193,1.193,1.193,1.193
2013-11-26 09:00:00,1.208,1.208,1.208,1.208,1.208,1.208,1.208,1.208,1.208,1.208,1.208,1.208,1.208,1.208,1.208,1.208,1.208
2013-11-26 10:00:00,1.206,1.206,1.206,1.206,1.206,1.206,1.206,1.206,1.206,1.206,1.206,1.206,1.206,1.206,1.206,1.206,1.206
2013-11-26 11:00:00,1.219,1.219,1.219,1.219,1.219,1.219,1.219,1.219,1.219,1.219,1.219,1.219,1.219,1.219,1.219,1.219,1.219
2013-11-26 12:00:00,1.223,1.223,1.223,1.223,1.223,1.223,1.223,1.223,1.223,1.223,1.223,1.223,1.223,1.223,1.223,1.223,1.223
2013-11-26 13:00:00,1.23,1.23,1.23,1.23,1.23,1.23,1.23,1.23,1.23,1.23,1.23,1.23,1.23,1.23,1.23,1.23,1.23
2013-11-26 14:00:00,1.218,1.218,1.218,1.218,1.218,1.218,1.218,1.218,1.218,1.218,1.218,1.218,1.218,1.218,1.218,1.218,1.218
2013-11-26 15:00:00,1.232,1.232,1.232,1.232,1.232,1.232,1.232,1.232,1.232,1.232,1.232,1.232,1.232,1.232,1.232,1.232,1.232
2013-11-26 16:00:00,1.305,1.305,1.305,1.305,1.305,1.305,1.305,1.305,1.305,1.305,1.305,1.305,1.305,1.305,1.305,1.305,1.305
2013-11-26 17:00:00,1.303,1.303,1.303,1.303,1.303,1.303,1.303,1.303,1.303,1.303,1.303,1.303,1.303,1.303,1.303,1.303,1.303
2013-11-26 18:00:00,1.285,1.285,1.285,1.285,1.285,1.285,1.285,1.285,1.285,1.285,1.285,1.285,1.285,1.285,1.285,1.285,1.285
2013-11-26 19:00:00,1.271,1.271,1.271,1.271,1.271,1.271,1.271,1.271,1.271,1.271,1.271,1.271,1.271,1.271,1.271,1.271,1.271
2013-11-26 20:00:00,1.235,1.235,1.235,1.235,1.235,1.235,1.235,1.235,1.235,1.235,1.235,1.235,1.235,1.235,1.235,1.235,1.235
2013-11-26 21:00:00,1.156,1.156,1.156,1.156,1.156,1.156,1.156,1.156,1.156,1.156,1.156,1.156,1.156,1.156,1.156,1.156,1.156
2013-11-26 22:00:00,1.065,1.065,1.065,1.065,1.065,1.065,1.065,1.065,1.065,1.065,1.065,1.065,1.065,1.065,1.065,1.065,1.065
2013-11-26 23:00:00,0.991,0.991,0.991,0.991,0.991,0.991,0.991,0.991,0.991,0.991,0.991,0.991,0.991,0.991,0.991,0.991,0.991
2013-11-27 00:00:00,0.923,0.923,0.923,0.923,0.923,0.923,0.923,0.923,0.923,0.923,0.923,0.923,0.923,0.923,0.923,0.923,0.923
2013-11-27 01:00:00,0.886,0.886,0.886,0.886,0.886,0.886,0.886,0.886,0.886,0.886,0.886,0.886,0.886,0.886,0.886,0.886,0.886
2013-11-27 02:00:00,0.877,0.877,0.877,0.877,0.877,0.877,0.877,0.877,0.877,0.877,0.877,0.877,0.877,0.877,0.877,0.877,0.877
2013-11-27 03:00:00,0.88,0.88,0.88,0.88,0.88,0.88,0.88,0.88,0.88,0.88,0.88,0.88,0.88,0.88,0.88,0.88,0.88
2013-11-27 04:00:00,0.897,0.897,0.897,0.897,0.897,0.897,0.897,0.897,0.897,0.897,0.897,0.897,0.897,0.897,0.897,0.897,0.897
2013-11-27 05:00:00,0.934,0.934,0.934,0.934,0.934,0.934,0.934,0.934,0.934,0.934,0.934,0.934,0.934,0.934,0.934,0.934,0.934
2013-11-27 06:00:00,1.064,1.064,1.064,1.064,1.064,1.064,1.064,1.064,1.064,1.064,1.064,1.064,1.064,1.064,1.064,1.064,1.064
2013-11-27 07:00:00,1.149,1.149,1.149,1.149,1.149,1.149,1.149,1.149,1.149,1.149,1.149,1.149,1.149,1.149,1.149,1.149,1.149
2013-11-27 08:00:00,1.197,1.197,1.197,1.197,1.197,1.197,1.197,1.197,1.197,1.197,1.197,1.197,1.197,1.197,1.197,1.197,1.197
2013-11-27 09:00:00,1.214,1.214,1.214,1.214,1.214,1.214,1.214,1.214,1.214,1.214,1.214,1.214,1.214,1.214,1.214,1.214,1.214
2013-11-27 10:00:00,1.213,1.213,1.213,1.213,1.213,1.213,1.213,1.213,1.213,1.213,1.213,1.213,1.213,1.213,1.213,1.213,1.213
2013-11-27 11:00:00,1.22,1.22,1.22,1.22,1.22,1.22,1.22,1.22,1.22,1.22,1.22,1.22,1.22,1.22,1.22,1.22,1.22
2013-11-27 12:00:00,1.219,1.219,1.219,1.219,1.219,1.219,1.219,1.219,1.219,1.219,1.219,1.219,1.219,1.219,1.219,1.219,1.219
2013-11-27 13:00:00,1.227,1.227,1.227,1.227,1.227,1.227,1.227,1.227,1.227,1.227,1.227,1.227,1.227,1.227,1.227,1.227,1.227
2013-11-27 14:00:00,1.212,1.212,1.212,1.212,1.212,1.212,1.212,1.212,1.212,1.212,1.212,1.212,1.212,1.212,1.212,1.212,1.212
2013-11-27 15:00:00,1.237,1.237,1.237,1.237,1.237,1.237,1.237,1.237,1.237,1.237,1.237,1.237,1.237,1.237,1.237,1.237,1.237
2013-11-27 16:00:00,1.31,1.31,1.31,1.31,1.31,1.31,1.31,1.31,1.31,1.31,1.31,1.31,1.31,1.31,1.31,1.31,1.31
2013-11-27 17:00:00,1.309,1.309,1.309,1.309,1.309,1.309,1.309,1.309,1.309,1.309,1.309,1.309,1.309,1.309,1.309,1.309,1.309
2013-11-27 18:00:00,1.288,1.288,1.288,1.288,1.288,1.288,1.288,1.288,1.288,1.288,1.288,1.288,1.288,1.288,1.288,1.288,1.288
2013-11-27 19:00:00,1.279,1.279,1.279,1.279,1.279,1.279,1.279,1.279,1.279,1.279,1.279,1.279,1.279,1.279,1.279,1.279,1.279
2013-11-27 20:00:00,1.241,1.241,1.241,1.241,1.241,1.241,1.241,1.241,1.241,1.241,1.241,1.241,1.241,1.241,1.241,1.241,1.241
2013-11-27 21:00:00,1.166,1.166,1.166,1.166,1.166,1.166,1.166,1.166,1.166,1.166,1.166,1.166,1.166,1.166,1.166,1.166,1.166
2013-11-27 22:00:00,1.076,1.076,1.076,1.076,1.076,1.076,1.076,1.076,1.076,1.076,1.076,1.076,1.076,1.076,1.076,1.076,1.076
2013-11-27 23:00:00,0.993,0.993,0.993,0.993,0.993,0.993,0.993,0.993,0.993,0.993,0.993,0.993,0.993,0.993,0.993,0.993,0.993
2013-11-28 00:00:00,0.931,0.931,0.931,0.931,0.931,0.931,0.931,0.931,0.931,0.931,0.931,0.931,0.931,0.931,0.931,0.931,0.931
2013-11-28 01:00:00,0.894,0.894,0.894,0.894,0.894,0.894,0.894,0.894,0.894,0.894,0.894,0.894,0.894,0.894,0.894,0.894,0.894
2013-11-28 02:00:00,0.877,0.877,0.877,0.877,0.877,0.877,0.877,0.877,0.877,0.877,0.877,0.877,0.877,0.877,0.877,0.877,0.877
2013-11-28 03:00:00,0.877,0.877,0.877,0.877,0.877,0.877,0.877,0.877,0.877,0.877,0.877,0.877,0.877,0.877,0.877,0.877,0.877
2013-11-28 04:00:00,0.891,0.891,0.891,0.891,0.891,0.891,0.891,0.891,0.891,0.891,0.891,0.891,0.891,0.891,0.891,0.891,0.891
2013-11-28 05:00:00,0.93,0.93,0.93,0.93,0.93,0.93,0.93,0.93,0.93,0.93,0.93,0.93,0.93,0.93,0.93,0.93,0.93
2013-11-28 06:00:00,1.064,1.064,1.064,1.064,1.064,1.064,1.064,1.064,1.064,1.064,1.064,1.064,1.064,1.064,1.064,1.064,1.064
2013-11-28 07:00:00,1.16,1.16,1.16,1.16,1.16,1.16,1.16,1.16,1.16,1.16,1.16,1.16,1.16,1.16,1.16,1.16,1.16
2013-11-28 08:00:00,1.2,1.2,1.2,1.2,1.2,1.2,1.2,1.2,1.2,1.2,1.2,1.2,1.2,1.2,1.2,1.2,1.2
2013-11-28 09:00:00,1.225,1.225,1.225,1.225,1.225,1.225,1.225,1.225,1.225,1.225,1.225,1.225,1.225,1.225,1.225,1.225,1.225
2013-11-28 10:00:00,1.221,1.221,1.221,1.221,1.221,1.221,1.221,1.221,1.221,1.221,1.221,1.221,1.221,1.221,1.221,1.221,1.221
2013-11-28 11:00:00,1.235,1.235,1.235,1.235,1.235,1.235,1.235,1.235,1.235,1.235,1.235,1.235,1.235,1.235,1.235,1.235,1.235
2013-11-28 12:00:00,1.243,1.243,1.243,1.243,1.243,1.243,1.243,1.243,1.243,1.243,1.243,1.243,1.243,1.243,1.243,1.243,1.243
2013-11-28 13:00:00,1.254,1.254,1.254,1.254,1.254,1.254,1.254,1.254,1.254,1.254,1.254,1.254,1.254,1.254,1.254,1.254,1.254
2013-11-28 14:00:00,1.248,1.248,1.248,1.248,1.248,1.248,1.248,1.248,1.248,1.248,1.248,1.248,1.248,1.248,1.248,1.248,1.248
2013-11-28 15:00:00,1.26,1.26,1.26,1.26,1.26,1.26,1.26,1.26,1.26,1.26,1.26,1.26,1.26,1.26,1.26,1.26,1.26
2013-11-28 16:00:00,1.306,1.306,1.306,1.306,1.306,1.306,1.306,1.306,1.306,1.306,1.306,1.306,1.306,1.306,1.306,1.306,1.306
2013-11-28 17:00:00,1.3,1.3,1.3,1.3,1.3,1.3,1.3,1.3,1.3,1.3,1.3,1.3,1.3,1.3,1.3,1.3,1.3
2013-11-28 18:00:00,1.277,1.277,1.277,1.277,1.277,1.277,1.277,1.277,1.277,1.277,1.277,1.277,1.277,1.277,1.277,1.277,1.277
2013-11-28 19:00:00,1.263,1.263,1.263,1.263,1.263,1.263,1.263,1.263,1.263,1.263,1.263,1.263,1.263,1.263,1.263,1.263,1.263
2013-11-28 20:00:00,1.227,1.227,1.227,1.227,1.227,1.227,1.227,1.227,1.227,1.227,1.227,1.227,1.227,1.227,1.227,1.227,1.227
2013-11-28 21:00:00,1.149,1.149,1.149,1.149,1.149,1.149,1.149,1.149,1.149,1.149,1.149,1.149,1.149,1.149,1.149,1.149,1.149
2013-11-28 22:00:00,1.059,1.059,1.059,1.059,1.059,1.059,1.059,1.059,1.059,1.059,1.059,1.059,1.059,1.059,1.059,1.059,1.059
2013-11-28 23:00:00,0.981,0.981,0.981,0.981,0.981,0.981,0.981,0.981,0.981,0.981,0.981,0.981,0.981,0.981,0.981,0.981,0.981
2013-11-29 00:00:00,0.918,0.918,0.918,0.918,0.918,0.918,0.918,0.918,0.918,0.918,0.918,0.918,0.918,0.918,0.918,0.918,0.918
2013-11-29 01:00:00,0.889,0.889,0.889,0.889,0.889,0.889,0.889,0.889,0.889,0.889,0.889,0.889,0.889,0.889,0.889,0.889,0.889
2013-11-29 02:00:00,0.875,0.875,0.875,0.875,0.875,0.875,0.875,0.875,0.875,0.875,0.875,0.875,0.875,0.875,0.875,0.875,0.875
2013-11-29 03:00:00,0.875,0.875,0.875,0.875,0.875,0.875,0.875,0.875,0.875,0.875,0.875,0.875,0.875,0.875,0.875,0.875,0.875
2013-11-29 04:00:00,0.881,0.881,0.881,0.881,0.881,0.881,0.881,0.881,0.881,0.881,0.881,0.881,0.881,0.881,0.881,0.881,0.881
2013-11-29 05:00:00,0.918,0.918,0.918,0.918,0.918,0.918,0.918,0.918,0.918,0.918,0.918,0.918,0.918,0.918,0.918,0.918,0.918
2013-11-29 06:00:00,1.051,1.051,1.051,1.051,1.051,1.051,1.051,1.051,1.051,1.051,1.051,1.051,1.051,1.051,1.051,1.051,1.051
2013-11-29 07:00:00,1.136,1.136,1.136,1.136,1.136,1.136,1.136,1.136,1.136,1.136,1.136,1.136,1.136,1.136,1.136,1.136,1.136
2013-11-29 08:00:00,1.181,1.181,1.181,1.181,1.181,1.181,1.181,1.181,1.181,1.181,1.181,1.181,1.181,1.181,1.181,1.181,1.181
2013-11-29 09:00:00,1.205,1.205,1.205,1.205,1.205,1.205,1.205,1.205,1.205,1.205,1.205,1.205,1.205,1.205,1.205,1.205,1.205
2013-11-29 10:00:00,1.198,1.198,1.198,1.198,1.198,1.198,1.198,1.198,1.198,1.198,1.198,1.198,1.198,1.198,1.198,1.198,1.198
2013-11-29 11:00:00,1.212,1.212,1.212,1.212,1.212,1.212,1.212,1.212,1.212,1.212,1.212,1.212,1.212,1.212,1.212,1.212,1.212
2013-11-29 12:00:00,1.218,1.218,1.218,1.218,1.218,1.218,1.218,1.218,1.218,1.218,1.218,1.218,1.218,1.218,1.218,1.218,1.218
2013-11-29 13:00:00,1.228,1.228,1.228,1.228,1.228,1.228,1.228,1.228,1.228,1.228,1.228,1.228,1.228,1.228,1.228,1.228,1.228
2013-11-29 14:00:00,1.23,1.23,1.23,1.23,1.23,1.23,1.23,1.23,1.23,1.23,1.23,1.23,1.23,1.23,1.23,1.23,1.23
2013-11-29 15:00:00,1.249,1.249,1.249,1.249,1.249,1.249,1.249,1.249,1.249,1.249,1.249,1.249,1.249,1.249,1.249,1.249,1.249
2013-11-29 16:00:00,1.299,1.299,1.299,1.299,1.299,1.299,1.299,1.299,1.299,1.299,1.299,1.299,1.299,1.299,1.299,1.299,1.299
2013-11-29 17:00:00,1.292,1.292,1.292,1.292,1.292,1.292,1.292,1.292,1.292,1.292,1.292,1.292,1.292,1.292,1.292,1.292,1.292
2013-11-29 18:00:00,1.269,1.269,1.269,1.269,1.269,1.269,1.269,1.269,1.269,1.269,1.269,1.269,1.269,1.269,1.269,1.269,1.269
2013-11-29 19:00:00,1.255,1.255,1.255,1.255,1.255,1.255,1.255,1.255,1.255,1.255,1.255,1.255,1.255,1.255,1.255,1.255,1.255
2013-11-29 20:00:00,1.213,1.213,1.213,1.213,1.213,1.213,1.213,1.213,1.213,1.213,1.213,1.213,1.213,1.213,1.213,1.213,1.213
2013-11-29 21:00:00,1.14,1.14,1.14,1.14,1.14,1.14,1.14,1.14,1.14,1.14,1.14,1.14,1.14,1.14,1.14,1.14,1.14
2013-11-29 22:00:00,1.062,1.062,1.062,1.062,1.062,1.062,1.062,1.062,1.062,1.062,1.062,1.062,1.062,1.062,1.062,1.062,1.062
2013-11-29 23:00:00,0.989,0.989,0.989,0.989,0.989,0.989,0.989,0.989,0.989,0.989,0.989,0.989,0.989,0.989,0.989,0.989,0.989
2013-11-30 00:00:00,0.923,0.923,0.923,0.923,0.923,0.923,0.923,0.923,0.923,0.923,0.923,0.923,0.923,0.923,0.923,0.923,0.923
2013-11-30 01:00:00,0.877,0.877,0.877,0.877,0.877,0.877,0.877,0.877,0.877,0.877,0.877,0.877,0.877,0.877,0.877,0.877,0.877
2013-11-30 02:00:00,0.859,0.859,0.859,0.859,0.859,0.859,0.859,0.859,0.859,0.859,0.859,0.859,0.859,0.859,0.859,0.859,0.859
2013-11-30 03:00:00,0.852,0.852,0.852,0.852,0.852,0.852,0.852,0.852,0.852,0.852,0.852,0.852,0.852,0.852,0.852,0.852,0.852
2013-11-30 04:00:00,0.857,0.857,0.857,0.857,0.857,0.857,0.857,0.857,0.857,0.857,0.857,0.857,0.857,0.857,0.857,0.857,0.857
2013-11-30 05:00:00,0.86,0.86,0.86,0.86,0.86,0.86,0.86,0.86,0.86,0.86,0.86,0.86,0.86,0.86,0.86,0.86,0.86
2013-11-30 06:00:00,0.91,0.91,0.91,0.91,0.91,0.91,0.91,0.91,0.91,0.91,0.91,0.91,0.91,0.91,0.91,0.91,0.91
2013-11-30 07:00:00,0.956,0.956,0.956,0.956,0.956,0.956,0.956,0.956,0.956,0.956,0.956,0.956,0.956,0.956,0.956,0.956,0.956
2013-11-30 08:00:00,1.025,1.025,1.025,1.025,1.025,1.025,1.025,1.025,1.025,1.025,1.025,1.025,1.025,1.025,1.025,1.025,1.025
2013-11-30 09:00:00,1.081,1.081,1.081,1.081,1.081,1.081,1.081,1.081,1.081,1.081,1.081,1.081,1.081,1.081,1.081,1.081,1.081
2013-11-30 10:00:00,1.104,1.104,1.104,1.104,1.104,1.104,1.104,1.104,1.104,1.104,1.104,1.104,1.104,1.104,1.104,1.104,1.104
2013-11-30 11:00:00,1.118,1.118,1.118,1.118,1.118,1.118,1.118,1.118,1.118,1.118,1.118,1.118,1.118,1.118,1.118,1.118,1.118
2013-11-30 12:00:00,1.111,1.111,1.111,1.111,1.111,1.111,1.111,1.111,1.111,1.111,1.111,1.111,1.111,1.111,1.111,1.111,1.111
2013-11-30 13:00:00,1.114,1.114,1.114,1.114,1.114,1.114,1.114,1.114,1.114,1.114,1.114,1.114,1.114,1.114,1.114,1.114,1.114
2013-11-30 14:00:00,1.089,1.089,1.089,1.089,1.089,1.089,1.089,1.089,1.089,1.089,1.089,1.089,1.089,1.089,1.089,1.089,1.089
2013-11-30 15:00:00,1.103,1.103,1.103,1.103,1.103,1.103,1.103,1.103,1.103,1.103,1.103,1.103,1.103,1.103,1.103,1.103,1.103
2013-11-30 16:00:00,1.166,1.166,1.166,1.166,1.166,1.166,1.166,1.166,1.166,1.166,1.166,1.166,1.166,1.166,1.166,1.166,1.166
2013-11-30 17:00:00,1.155,1.155,1.155,1.155,1.155,1.155,1.155,1.155,1.155,1.155,1.155,1.155,1.155,1.155,1.155,1.155,1.155
2013-11-30 18:00:00,1.127,1.127,1.127,1.127,1.127,1.127,1.127,1.127,1.127,1.127,1.127,1.127,1.127,1.127,1.127,1.127,1.127
2013-11-30 19:00:00,1.106,1.106,1.106,1.106,1.106,1.106,1.106,1.106,1.106,1.106,1.106,1.106,1.106,1.106,1.106,1.106,1.106
2013-11-30 20:00:00,1.062,1.062,1.062,1.062,1.062,1.062,1.062,1.062,1.062,1.062,1.062,1.062,1.062,1.062,1.062,1.062,1.062
2013-11-30 21:00:00,1.002,1.002,1.002,1.002,1.002,1.002,1.002,1.002,1.002,1.002,1.002,1.002,1.002,1.002,1.002,1.002,1.002
2013-11-30 22:00:00,0.947,0.947,0.947,0.947,0.947,0.947,0.947,0.947,0.947,0.947,0.947,0.947,0.947,0.947,0.947,0.947,0.947
2013-11-30 23:00:00,0.888,0.888,0.888,0.888,0.888,0.888,0.888,0.888,0.888,0.888,0.888,0.888,0.888,0.888,0.888,0.888,0.888
2013-12-01 00:00:00,0.829,0.829,0.829,0.829,0.829,0.829,0.829,0.829,0.829,0.829,0.829,0.829,0.829,0.829,0.829,0.829,0.829
2013-12-01 01:00:00,0.79,0.79,0.79,0.79,0.79,0.79,0.79,0.79,0.79,0.79,0.79,0.79,0.79,0.79,0.79,0.79,0.79
2013-12-01 02:00:00,0.772,0.772,0.772,0.772,0.772,0.772,0.772,0.772,0.772,0.772,0.772,0.772,0.772,0.772,0.772,0.772,0.772
2013-12-01 03:00:00,0.761,0.761,0.761,0.761,0.761,0.761,0.761,0.761,0.761,0.761,0.761,0.761,0.761,0.761,0.761,0.761,0.761
2013-12-01 04:00:00,0.761,0.761,0.761,0.761,0.761,0.761,0.761,0.761,0.761,0.761,0.761,0.761,0.761,0.761,0.761,0.761,0.761
2013-12-01 05:00:00,0.768,0.768,0.768,0.768,0.768,0.768,0.768,0.768,0.768,0.768,0.768,0.768,0.768,0.768,0.768,0.768,0.768
2013-12-01 06:00:00,0.783,0.783,0.783,0.783,0.783,0.783,0.783,0.783,0.783,0.783,0.783,0.783,0.783,0.783,0.783,0.783,0.783
2013-12-01 07:00:00,0.795,0.795,0.795,0.795,0.795,0.795,0.795,0.795,0.795,0.795,0.795,0.795,0.795,0.795,0.795,0.795,0.795
2013-12-01 08:00:00,0.836,0.836,0.836,0.836,0.836,0.836,0.836,0.836,0.836,0.836,0.836,0.836,0.836,0.836,0.836,0.836,0.836
2013-12-01 09:00:00,0.893,0.893,0.893,0.893,0.893,0.893,0.893,0.893,0.893,0.893,0.893,0.893,0.893,0.893,0.893,0.893,0.893
2013-12-01 10:00:00,0.93,0.93,0.93,0.93,0.93,0.93,0.93,0.93,0.93,0.93,0.93,0.93,0.93,0.93,0.93,0.93,0.93
2013-12-01 11:00:00,0.944,0.944,0.944,0.944,0.944,0.944,0.944,0.944,0.944,0.944,0.944,0.944,0.944,0.944,0.944,0.944,0.944
2013-12-01 12:00:00,0.948,0.948,0.948,0.948,0.948,0.948,0.948,0.948,0.948,0.948,0.948,0.948,0.948,0.948,0.948,0.948,0.948
2013-12-01 13:00:00,0.962,0.962,0.962,0.962,0.962,0.962,0.962,0.962,0.962,0.962,0.962,0.962,0.962,0.962,0.962,0.962,0.962
2013-12-01 14:00:00,0.958,0.958,0.958,0.958,0.958,0.958,0.958,0.958,0.958,0.958,0.958,0.958,0.958,0.958,0.958,0.958,0.958
2013-12-01 15:00:00,0.966,0.966,0.966,0.966,0.966,0.966,0.966,0.966,0.966,0.966,0.966,0.966,0.966,0.966,0.966,0.966,0.966
2013-12-01 16:00:00,1.033,1.033,1.033,1.033,1.033,1.033,1.033,1.033,1.033,1.033,1.033,1.033,1.033,1.033,1.033,1.033,1.033
2013-12-01 17:00:00,1.041,1.041,1.041,1.041,1.041,1.041,1.041,1.041,1.041,1.041,1.041,1.041,1.041,1.041,1.041,1.041,1.041
2013-12-01 18:00:00,1.05,1.05,1.05,1.05,1.05,1.05,1.05,1.05,1.05,1.05,1.05,1.05,1.05,1.05,1.05,1.05,1.05
2013-12-01 19:00:00,1.051,1.051,1.051,1.051,1.051,1.051,1.051,1.051,1.051,1.051,1.051,1.051,1.051,1.051,1.051,1.051,1.051
2013-12-01 20:00:00,1.02,1.02,1.02,1.02,1.02,1.02,1.02,1.02,1.02,1.02,1.02,1.02,1.02,1.02,1.02,1.02,1.02
2013-12-01 21:00:00,0.97,0.97,0.97,0.97,0.97,0.97,0.97,0.97,0.97,0.97,0.97,0.97,0.97,0.97,0.97,0.97,0.97
2013-12-01 22:00:00,0.913,0.913,0.913,0.913,0.913,0.913,0.913,0.913,0.913,0.913,0.913,0.913,0.913,0.913,0.913,0.913,0.913
2013-12-01 23:00:00,0.857,0.857,0.857,0.857,0.857,0.857,0.857,0.857,0.857,0.857,0.857,0.857,0.857,0.857,0.857,0.857,0.857
2013-12-02 00:00:00,0.808,0.808,0.808,0.808,0.808,0.808,0.808,0.808,0.808,0.808,0.808,0.808,0.808,0.808,0.808,0.808,0.808
2013-12-02 01:00:00,0.784,0.784,0.784,0.784,0.784,0.784,0.784,0.784,0.784,0.784,0.784,0.784,0.784,0.784,0.784,0.784,0.784
2013-12-02 02:00:00,0.773,0.773,0.773,0.773,0.773,0.773,0.773,0.773,0.773,0.773,0.773,0.773,0.773,0.773,0.773,0.773,0.773
2013-12-02 03:00:00,0.776,0.776,0.776,0.776,0.776,0.776,0.776,0.776,0.776,0.776,0.776,0.776,0.776,0.776,0.776,0.776,0.776
2013-12-02 04:00:00,0.797,0.797,0.797,0.797,0.797,0.797,0.797,0.797,0.797,0.797,0.797,0.797,0.797,0.797,0.797,0.797,0.797
2013-12-02 05:00:00,0.852,0.852,0.852,0.852,0.852,0.852,0.852,0.852,0.852,0.852,0.852,0.852,0.852,0.852,0.852,0.852,0.852
2013-12-02 06:00:00,1.01,1.01,1.01,1.01,1.01,1.01,1.01,1.01,1.01,1.01,1.01,1.01,1.01,1.01,1.01,1.01,1.01
2013-12-02 07:00:00,1.114,1.114,1.114,1.114,1.114,1.114,1.114,1.114,1.114,1.114,1.114,1.114,1.114,1.114,1.114,1.114,1.114
2013-12-02 08:00:00,1.167,1.167,1.167,1.167,1.167,1.167,1.167,1.167,1.167,1.167,1.167,1.167,1.167,1.167,1.167,1.167,1.167
2013-12-02 09:00:00,1.194,1.194,1.194,1.194,1.194,1.194,1.194,1.194,1.194,1.194,1.194,1.194,1.194,1.194,1.194,1.194,1.194
2013-12-02 10:00:00,1.192,1.192,1.192,1.192,1.192,1.192,1.192,1.192,1.192,1.192,1.192,1.192,1.192,1.192,1.192,1.192,1.192
2013-12-02 11:00:00,1.207,1.207,1.207,1.207,1.207,1.207,1.207,1.207,1.207,1.207,1.207,1.207,1.207,1.207,1.207,1.207,1.207
2013-12-02 12:00:00,1.207,1.207,1.207,1.207,1.207,1.207,1.207,1.207,1.207,1.207,1.207,1.207,1.207,1.207,1.207,1.207,1.207
2013-12-02 13:00:00,1.214,1.214,1.214,1.214,1.214,1.214,1.214,1.214,1.214,1.214,1.214,1.214,1.214,1.214,1.214,1.214,1.214
2013-12-02 14:00:00,1.199,1.199,1.199,1.199,1.199,1.199,1.199,1.199,1.199,1.199,1.199,1.199,1.199,1.199,1.199,1.199,1.199
2013-12-02 15:00:00,1.221,1.221,1.221,1.221,1.221,1.221,1.221,1.221,1.221,1.221,1.221,1.221,1.221,1.221,1.221,1.221,1.221
2013-12-02 16:00:00,1.3,1.3,1.3,1.3,1.3,1.3,1.3,1.3,1.3,1.3,1.3,1.3,1.3,1.3,1.3,1.3,1.3
2013-12-02 17:00:00,1.294,1.294,1.294,1.294,1.294,1.294,1.294,1.294,1.294,1.294,1.294,1.294,1.294,1.294,1.294,1.294,1.294
2013-12-02 18:00:00,1.275,1.275,1.275,1.275,1.275,1.275,1.275,1.275,1.275,1.275,1.275,1.275,1.275,1.275,1.275,1.275,1.275
2013-12-02 19:00:00,1.269,1.269,1.269,1.269,1.269,1.269,1.269,1.269,1.269,1.269,1.269,1.269,1.269,1.269,1.269,1.269,1.269
2013-12-02 20:00:00,1.229,1.229,1.229,1.229,1.229,1.229,1.229,1.229,1.229,1.229,1.229,1.229,1.229,1.229,1.229,1.229,1.229
2013-12-02 21:00:00,1.149,1.149,1.149,1.149,1.149,1.149,1.149,1.149,1.149,1.149,1.149,1.149,1.149,1.149,1.149,1.149,1.149
2013-12-02 22:00:00,1.062,1.062,1.062,1.062,1.062,1.062,1.062,1.062,1.062,1.062,1.062,1.062,1.062,1.062,1.062,1.062,1.062
2013-12-02 23:00:00,0.984,0.984,0.984,0.984,0.984,0.984,0.984,0.984,0.984,0.984,0.984,0.984,0.984,0.984,0.984,0.984,0.984
2013-12-03 00:00:00,0.918,0.918,0.918,0.918,0.918,0.918,0.918,0.918,0.918,0.918,0.918,0.918,0.918,0.918,0.918,0.918,0.918
2013-12-03 01:00:00,0.884,0.884,0.884,0.884,0.884,0.884,0.884,0.884,0.884,0.884,0.884,0.884,0.884,0.884,0.884,0.884,0.884
2013-12-03 02:00:00,0.863,0.863,0.863,0.863,0.863,0.863,0.863,0.863,0.863,0.863,0.863,0.863,0.863,0.863,0.863,0.863,0.863
2013-12-03 03:00:00,0.865,0.865,0.865,0.865,0.865,0.865,0.865,0.865,0.865,0.865,0.865,0.865,0.865,0.865,0.865,0.865,0.865
2013-12-03 04:00:00,0.882,0.882,0.882,0.882,0.882,0.882,0.882,0.882,0.882,0.882,0.882,0.882,0.882,0.882,0.882,0.882,0.882
2013-12-03 05:00:00,0.928,0.928,0.928,0.928,0.928,0.928,0.928,0.928,0.928,0.928,0.928,0.928,0.928,0.928,0.928,0.928,0.928
2013-12-03 06:00:00,1.07,1.07,1.07,1.07,1.07,1.07,1.07,1.07,1.07,1.07,1.07,1.07,1.07,1.07,1.07,1.07,1.07
2013-12-03 07:00:00,1.157,1.157,1.157,1.157,1.157,1.157,1.157,1.157,1.157,1.157,1.157,1.157,1.157,1.157,1.157,1.157,1.157
2013-12-03 08:00:00,1.192,1.192,1.192,1.192,1.192,1.192,1.192,1.192,1.192,1.192,1.192,1.192,1.192,1.192,1.192,1.192,1.192
2013-12-03 09:00:00,1.211,1.211,1.211,1.211,1.211,1.211,1.211,1.211,1.211,1.211,1.211,1.211,1.211,1.211,1.211,1.211,1.211
2013-12-03 10:00:00,1.2,1.2,1.2,1.2,1.2,1.2,1.2,1.2,1.2,1.2,1.2,1.2,1.2,1.2,1.2,1.2,1.2
2013-12-03 11:00:00,1.211,1.211,1.211,1.211,1.211,1.211,1.211,1.211,1.211,1.211,1.211,1.211,1.211,1.211,1.211,1.211,1.211
2013-12-03 12:00:00,1.21,1.21,1.21,1.21,1.21,1.21,1.21,1.21,1.21,1.21,1.21,1.21,1.21,1.21,1.21,1.21,1.21
2013-12-03 13:00:00,1.218,1.218,1.218,1.218,1.218,1.218,1.218,1.218,1.218,1.218,1.218,1.218,1.218,1.218,1.218,1.218,1.218
2013-12-03 14:00:00,1.207,1.207,1.207,1.207,1.207,1.207,1.207,1.207,1.207,1.207,1.207,1.207,1.207,1.207,1.207,1.207,1.207
2013-12-03 15:00:00,1.231,1.231,1.231,1.231,1.231,1.231,1.231,1.231,1.231,1.231,1.231,1.231,1.231,1.231,1.231,1.231,1.231
2013-12-03 16:00:00,1.303,1.303,1.303,1.303,1.303,1.303,1.303,1.303,1.303,1.303,1.303,1.303,1.303,1.303,1.303,1.303,1.303
2013-12-03 17:00:00,1.303,1.303,1.303,1.303,1.303,1.303,1.303,1.303,1.303,1.303,1.303,1.303,1.303,1.303,1.303,1.303,1.303
2013-12-03 18:00:00,1.277,1.277,1.277,1.277,1.277,1.277,1.277,1.277,1.277,1.277,1.277,1.277,1.277,1.277,1.277,1.277,1.277
2013-12-03 19:00:00,1.271,1.271,1.271,1.271,1.271,1.271,1.271,1.271,1.271,1.271,1.271,1.271,1.271,1.271,1.271,1.271,1.271
2013-12-03 20:00:00,1.231,1.231,1.231,1.231,1.231,1.231,1.231,1.231,1.231,1.231,1.231,1.231,1.231,1.231,1.231,1.231,1.231
2013-12-03 21:00:00,1.154,1.154,1.154,1.154,1.154,1.154,1.154,1.154,1.154,1.154,1.154,1.154,1.154,1.154,1.154,1.154,1.154
2013-12-03 22:00:00,1.071,1.071,1.071,1.071,1.071,1.071,1.071,1.071,1.071,1.071,1.071,1.071,1.071,1.071,1.071,1.071,1.071
2013-12-03 23:00:00,0.991,0.991,0.991,0.991,0.991,0.991,0.991,0.991,0.991,0.991,0.991,0.991,0.991,0.991,0.991,0.991,0.991
2013-12-04 00:00:00,0.926,0.926,0.926,0.926,0.926,0.926,0.926,0.926,0.926,0.926,0.926,0.926,0.926,0.926,0.926,0.926,0.926
2013-12-04 01:00:00,0.892,0.892,0.892,0.892,0.892,0.892,0.892,0.892,0.892,0.892,0.892,0.892,0.892,0.892,0.892,0.892,0.892
2013-12-04 02:00:00,0.879,0.879,0.879,0.879,0.879,0.879,0.879,0.879,0.879,0.879,0.879,0.879,0.879,0.879,0.879,0.879,0.879
2013-12-04 03:00:00,0.874,0.874,0.874,0.874,0.874,0.874,0.874,0.874,0.874,0.874,0.874,0.874,0.874,0.874,0.874,0.874,0.874
2013-12-04 04:00:00,0.89,0.89,0.89,0.89,0.89,0.89,0.89,0.89,0.89,0.89,0.89,0.89,0.89,0.89,0.89,0.89,0.89
2013-12-04 05:00:00,0.93,0.93,0.93,0.93,0.93,0.93,0.93,0.93,0.93,0.93,0.93,0.93,0.93,0.93,0.93,0.93,0.93
2013-12-04 06:00:00,1.066,1.066,1.066,1.066,1.066,1.066,1.066,1.066,1.066,1.066,1.066,1.066,1.066,1.066,1.066,1.066,1.066
2013-12-04 07:00:00,1.15,1.15,1.15,1.15,1.15,1.15,1.15,1.15,1.15,1.15,1.15,1.15,1.15,1.15,1.15,1.15,1.15
2013-12-04 08:00:00,1.174,1.174,1.174,1.174,1.174,1.174,1.174,1.174,1.174,1.174,1.174,1.174,1.174,1.174,1.174,1.174,1.174
2013-12-04 09:00:00,1.183,1.183,1.183,1.183,1.183,1.183,1.183,1.183,1.183,1.183,1.183,1.183,1.183,1.183,1.183,1.183,1.183
2013-12-04 10:00:00,1.178,1.178,1.178,1.178,1.178,1.178,1.178,1.178,1.178,1.178,1.178,1.178,1.178,1.178,1.178,1.178,1.178
2013-12-04 11:00:00,1.191,1.191,1.191,1.191,1.191,1.191,1.191,1.191,1.191,1.191,1.191,1.191,1.191,1.191,1.191,1.191,1.191
2013-12-04 12:00:00,1.195,1.195,1.195,1.195,1.195,1.195,1.195,1.195,1.195,1.195,1.195,1.195,1.195,1.195,1.195,1.195,1.195
2013-12-04 13:00:00,1.209,1.209,1.209,1.209,1.209,1.209,1.209,1.209,1.209,1.209,1.209,1.209,1.209,1.209,1.209,1.209,1.209
2013-12-04 14:00:00,1.196,1.196,1.196,1.196,1.196,1.196,1.196,1.196,1.196,1.196,1.196,1.196,1.196,1.196,1.196,1.196,1.196
2013-12-04 15:00:00,1.22,1.22,1.22,1.22,1.22,1.22,1.22,1.22,1.22,1.22,1.22,1.22,1.22,1.22,1.22,1.22,1.22
2013-12-04 16:00:00,1.289,1.289,1.289,1.289,1.289,1.289,1.289,1.289,1.289,1.289,1.289,1.289,1.289,1.289,1.289,1.289,1.289
2013-12-04 17:00:00,1.285,1.285,1.285,1.285,1.285,1.285,1.285,1.285,1.285,1.285,1.285,1.285,1.285,1.285,1.285,1.285,1.285
2013-12-04 18:00:00,1.26,1.26,1.26,1.26,1.26,1.26,1.26,1.26,1.26,1.26,1.26,1.26,1.26,1.26,1.26,1.26,1.26
2013-12-04 19:00:00,1.253,1.253,1.253,1.253,1.253,1.253,1.253,1.253,1.253,1.253,1.253,1.253,1.253,1.253,1.253,1.253,1.253
2013-12-04 20:00:00,1.214,1.214,1.214,1.214,1.214,1.214,1.214,1.214,1.214,1.214,1.214,1.214,1.214,1.214,1.214,1.214,1.214
2013-12-04 21:00:00,1.134,1.134,1.134,1.134,1.134,1.134,1.134,1.134,1.134,1.134,1.134,1.134,1.134,1.134,1.134,1.134,1.134
2013-12-04 22:00:00,1.046,1.046,1.046,1.046,1.046,1.046,1.046,1.046,1.046,1.046,1.046,1.046,1.046,1.046,1.046,1.046,1.046
2013-12-04 23:00:00,0.971,0.971,0.971,0.971,0.971,0.971,0.971,0.971,0.971,0.971,0.971,0.971,0.971,0.971,0.971,0.971,0.971
