hour,PL,PL dolnośląskie,PL kujawsko-pomorskie,PL lubelskie,PL lubuskie,PL łódzkie,PL małopolskie,PL mazowieckie,PL opolskie,PL podkarpackie,PL podlaskie,PL pomorskie,PL śląskie,PL świętokrzyskie,PL warmińsko-mazurskie,PL wielkopolskie,PL zachodniopomorskie
2012-01-28 00:00:00,0.213,0.213,0.213,0.213,0.213,0.213,0.213,0.213,0.213,0.213,0.213,0.213,0.213,0.213,0.213,0.213,0.213
2012-01-28 01:00:00,0.162,0.162,0.162,0.162,0.162,0.162,0.162,0.162,0.162,0.162,0.162,0.162,0.162,0.162,0.162,0.162,0.162
2012-01-28 02:00:00,0.142,0.142,0.142,0.142,0.142,0.142,0.142,0.142,0.142,0.142,0.142,0.142,0.142,0.142,0.142,0.142,0.142
2012-01-28 03:00:00,0.142,0.142,0.142,0.142,0.142,0.142,0.142,0.142,0.142,0.142,0.142,0.142,0.142,0.142,0.142,0.142,0.142
2012-01-28 04:00:00,0.172,0.172,0.172,0.172,0.172,0.172,0.172,0.172,0.172,0.172,0.172,0.172,0.172,0.172,0.172,0.172,0.172
2012-01-28 05:00:00,0.303,0.303,0.303,0.303,0.303,0.303,0.303,0.303,0.303,0.303,0.303,0.303,0.303,0.303,0.303,0.303,0.303
2012-01-28 06:00:00,0.434,0.434,0.434,0.434,0.434,0.434,0.434,0.434,0.434,0.434,0.434,0.434,0.434,0.434,0.434,0.434,0.434
2012-01-28 07:00:00,0.556,0.556,0.556,0.556,0.556,0.556,0.556,0.556,0.556,0.556,0.556,0.556,0.556,0.556,0.556,0.556,0.556
2012-01-28 08:00:00,0.748,0.748,0.748,0.748,0.748,0.748,0.748,0.748,0.748,0.748,0.748,0.748,0.748,0.748,0.748,0.748,0.748
2012-01-28 09:00:00,0.949,0.949,0.949,0.949,0.949,0.949,0.949,0.949,0.949,0.949,0.949,0.949,0.949,0.949,0.949,0.949,0.949
2012-01-28 10:00:00,1.192,1.192,1.192,1.192,1.192,1.192,1.192,1.192,1.192,1.192,1.192,1.192,1.192,1.192,1.192,1.192,1.192
2012-01-28 11:00:00,1.292,1.292,1.292,1.292,1.292,1.292,1.292,1.292,1.292,1.292,1.292,1.292,1.292,1.292,1.292,1.292,1.292
2012-01-28 12:00:00,1.363,1.363,1.363,1.363,1.363,1.363,1.363,1.363,1.363,1.363,1.363,1.363,1.363,1.363,1.363,1.363,1.363
2012-01-28 13:00:00,1.373,1.373,1.373,1.373,1.373,1.373,1.373,1.373,1.373,1.373,1.373,1.373,1.373,1.373,1.373,1.373,1.373
2012-01-28 14:00:00,1.353,1.353,1.353,1.353,1.353,1.353,1.353,1.353,1.353,1.353,1.353,1.353,1.353,1.353,1.353,1.353,1.353
2012-01-28 15:00:00,1.282,1.282,1.282,1.282,1.282,1.282,1.282,1.282,1.282,1.282,1.282,1.282,1.282,1.282,1.282,1.282,1.282
2012-01-28 16:00:00,1.172,1.172,1.172,1.172,1.172,1.172,1.172,1.172,1.172,1.172,1.172,1.172,1.172,1.172,1.172,1.172,1.172
2012-01-28 17:00:00,1.081,1.081,1.081,1.081,1.081,1.081,1.081,1.081,1.081,1.081,1.081,1.081,1.081,1.081,1.081,1.081,1.081
2012-01-28 18:00:00,0.959,0.959,0.959,0.959,0.959,0.959,0.959,0.959,0.959,0.959,0.959,0.959,0.959,0.959,0.959,0.959,0.959
2012-01-28 19:00:00,0.838,0.838,0.838,0.838,0.838,0.838,0.838,0.838,0.838,0.838,0.838,0.838,0.838,0.838,0.838,0.838,0.838
2012-01-28 20:00:00,0.687,0.687,0.687,0.687,0.687,0.687,0.687,0.687,0.687,0.687,0.687,0.687,0.687,0.687,0.687,0.687,0.687
2012-01-28 21:00:00,0.525,0.525,0.525,0.525,0.525,0.525,0.525,0.525,0.525,0.525,0.525,0.525,0.525,0.525,0.525,0.525,0.525
2012-01-28 22:00:00,0.384,0.384,0.384,0.384,0.384,0.384,0.384,0.384,0.384,0.384,0.384,0.384,0.384,0.384,0.384,0.384,0.384
2012-01-28 23:00:00,0.252,0.252,0.252,0.252,0.252,0.252,0.252,0.252,0.252,0.252,0.252,0.252,0.252,0.252,0.252,0.252,0.252
2012-01-29 00:00:00,0.192,0.192,0.192,0.192,0.192,0.192,0.192,0.192,0.192,0.192,0.192,0.192,0.192,0.192,0.192,0.192,0.192
2012-01-29 01:00:00,0.162,0.162,0.162,0.162,0.162,0.162,0.162,0.162,0.162,0.162,0.162,0.162,0.162,0.162,0.162,0.162,0.162
2012-01-29 02:00:00,0.132,0.132,0.132,0.132,0.132,0.132,0.132,0.132,0.132,0.132,0.132,0.132,0.132,0.132,0.132,0.132,0.132
2012-01-29 03:00:00,0.101,0.101,0.101,0.101,0.101,0.101,0.101,0.101,0.101,0.101,0.101,0.101,0.101,0.101,0.101,0.101,0.101
2012-01-29 04:00:00,0.111,0.111,0.111,0.111,0.111,0.111,0.111,0.111,0.111,0.111,0.111,0.111,0.111,0.111,0.111,0.111,0.111
2012-01-29 05:00:00,0.192,0.192,0.192,0.192,0.192,0.192,0.192,0.192,0.192,0.192,0.192,0.192,0.192,0.192,0.192,0.192,0.192
2012-01-29 06:00:00,0.262,0.262,0.262,0.262,0.262,0.262,0.262,0.262,0.262,0.262,0.262,0.262,0.262,0.262,0.262,0.262,0.262
2012-01-29 07:00:00,0.353,0.353,0.353,0.353,0.353,0.353,0.353,0.353,0.353,0.353,0.353,0.353,0.353,0.353,0.353,0.353,0.353
2012-01-29 08:00:00,0.475,0.475,0.475,0.475,0.475,0.475,0.475,0.475,0.475,0.475,0.475,0.475,0.475,0.475,0.475,0.475,0.475
2012-01-29 09:00:00,0.667,0.667,0.667,0.667,0.667,0.667,0.667,0.667,0.667,0.667,0.667,0.667,0.667,0.667,0.667,0.667,0.667
2012-01-29 10:00:00,0.878,0.878,0.878,0.878,0.878,0.878,0.878,0.878,0.878,0.878,0.878,0.878,0.878,0.878,0.878,0.878,0.878
2012-01-29 11:00:00,1.061,1.061,1.061,1.061,1.061,1.061,1.061,1.061,1.061,1.061,1.061,1.061,1.061,1.061,1.061,1.061,1.061
2012-01-29 12:00:00,1.172,1.172,1.172,1.172,1.172,1.172,1.172,1.172,1.172,1.172,1.172,1.172,1.172,1.172,1.172,1.172,1.172
2012-01-29 13:00:00,1.233,1.233,1.233,1.233,1.233,1.233,1.233,1.233,1.233,1.233,1.233,1.233,1.233,1.233,1.233,1.233,1.233
2012-01-29 14:00:00,1.302,1.302,1.302,1.302,1.302,1.302,1.302,1.302,1.302,1.302,1.302,1.302,1.302,1.302,1.302,1.302,1.302
2012-01-29 15:00:00,1.323,1.323,1.323,1.323,1.323,1.323,1.323,1.323,1.323,1.323,1.323,1.323,1.323,1.323,1.323,1.323,1.323
2012-01-29 16:00:00,1.333,1.333,1.333,1.333,1.333,1.333,1.333,1.333,1.333,1.333,1.333,1.333,1.333,1.333,1.333,1.333,1.333
2012-01-29 17:00:00,1.302,1.302,1.302,1.302,1.302,1.302,1.302,1.302,1.302,1.302,1.302,1.302,1.302,1.302,1.302,1.302,1.302
2012-01-29 18:00:00,1.253,1.253,1.253,1.253,1.253,1.253,1.253,1.253,1.253,1.253,1.253,1.253,1.253,1.253,1.253,1.253,1.253
2012-01-29 19:00:00,1.101,1.101,1.101,1.101,1.101,1.101,1.101,1.101,1.101,1.101,1.101,1.101,1.101,1.101,1.101,1.101,1.101
2012-01-29 20:00:00,0.858,0.858,0.858,0.858,0.858,0.858,0.858,0.858,0.858,0.858,0.858,0.858,0.858,0.858,0.858,0.858,0.858
2012-01-29 21:00:00,0.606,0.606,0.606,0.606,0.606,0.606,0.606,0.606,0.606,0.606,0.606,0.606,0.606,0.606,0.606,0.606,0.606
2012-01-29 22:00:00,0.373,0.373,0.373,0.373,0.373,0.373,0.373,0.373,0.373,0.373,0.373,0.373,0.373,0.373,0.373,0.373,0.373
2012-01-29 23:00:00,0.213,0.213,0.213,0.213,0.213,0.213,0.213,0.213,0.213,0.213,0.213,0.213,0.213,0.213,0.213,0.213,0.213
2012-01-30 00:00:00,0.101,0.101,0.101,0.101,0.101,0.101,0.101,0.101,0.101,0.101,0.101,0.101,0.101,0.101,0.101,0.101,0.101
2012-01-30 01:00:00,0.081,0.081,0.081,0.081,0.081,0.081,0.081,0.081,0.081,0.081,0.081,0.081,0.081,0.081,0.081,0.081,0.081
2012-01-30 02:00:00,0.071,0.071,0.071,0.071,0.071,0.071,0.071,0.071,0.071,0.071,0.071,0.071,0.071,0.071,0.071,0.071,0.071
2012-01-30 03:00:00,0.091,0.091,0.091,0.091,0.091,0.091,0.091,0.091,0.091,0.091,0.091,0.091,0.091,0.091,0.091,0.091,0.091
2012-01-30 04:00:00,0.172,0.172,0.172,0.172,0.172,0.172,0.172,0.172,0.172,0.172,0.172,0.172,0.172,0.172,0.172,0.172,0.172
2012-01-30 05:00:00,0.556,0.556,0.556,0.556,0.556,0.556,0.556,0.556,0.556,0.556,0.556,0.556,0.556,0.556,0.556,0.556,0.556
2012-01-30 06:00:00,1.061,1.061,1.061,1.061,1.061,1.061,1.061,1.061,1.061,1.061,1.061,1.061,1.061,1.061,1.061,1.061,1.061
2012-01-30 07:00:00,1.444,1.444,1.444,1.444,1.444,1.444,1.444,1.444,1.444,1.444,1.444,1.444,1.444,1.444,1.444,1.444,1.444
2012-01-30 08:00:00,1.313,1.313,1.313,1.313,1.313,1.313,1.313,1.313,1.313,1.313,1.313,1.313,1.313,1.313,1.313,1.313,1.313
2012-01-30 09:00:00,1.091,1.091,1.091,1.091,1.091,1.091,1.091,1.091,1.091,1.091,1.091,1.091,1.091,1.091,1.091,1.091,1.091
2012-01-30 10:00:00,1.061,1.061,1.061,1.061,1.061,1.061,1.061,1.061,1.061,1.061,1.061,1.061,1.061,1.061,1.061,1.061,1.061
2012-01-30 11:00:00,1.081,1.081,1.081,1.081,1.081,1.081,1.081,1.081,1.081,1.081,1.081,1.081,1.081,1.081,1.081,1.081,1.081
2012-01-30 12:00:00,1.121,1.121,1.121,1.121,1.121,1.121,1.121,1.121,1.121,1.121,1.121,1.121,1.121,1.121,1.121,1.121,1.121
2012-01-30 13:00:00,1.253,1.253,1.253,1.253,1.253,1.253,1.253,1.253,1.253,1.253,1.253,1.253,1.253,1.253,1.253,1.253,1.253
2012-01-30 14:00:00,1.525,1.525,1.525,1.525,1.525,1.525,1.525,1.525,1.525,1.525,1.525,1.525,1.525,1.525,1.525,1.525,1.525
2012-01-30 15:00:00,1.748,1.748,1.748,1.748,1.748,1.748,1.748,1.748,1.748,1.748,1.748,1.748,1.748,1.748,1.748,1.748,1.748
2012-01-30 16:00:00,1.748,1.748,1.748,1.748,1.748,1.748,1.748,1.748,1.748,1.748,1.748,1.748,1.748,1.748,1.748,1.748,1.748
2012-01-30 17:00:00,1.404,1.404,1.404,1.404,1.404,1.404,1.404,1.404,1.404,1.404,1.404,1.404,1.404,1.404,1.404,1.404,1.404
2012-01-30 18:00:00,1.091,1.091,1.091,1.091,1.091,1.091,1.091,1.091,1.091,1.091,1.091,1.091,1.091,1.091,1.091,1.091,1.091
2012-01-30 19:00:00,0.848,0.848,0.848,0.848,0.848,0.848,0.848,0.848,0.848,0.848,0.848,0.848,0.848,0.848,0.848,0.848,0.848
2012-01-30 20:00:00,0.657,0.657,0.657,0.657,0.657,0.657,0.657,0.657,0.657,0.657,0.657,0.657,0.657,0.657,0.657,0.657,0.657
2012-01-30 21:00:00,0.495,0.495,0.495,0.495,0.495,0.495,0.495,0.495,0.495,0.495,0.495,0.495,0.495,0.495,0.495,0.495,0.495
2012-01-30 22:00:00,0.353,0.353,0.353,0.353,0.353,0.353,0.353,0.353,0.353,0.353,0.353,0.353,0.353,0.353,0.353,0.353,0.353
2012-01-30 23:00:00,0.182,0.182,0.182,0.182,0.182,0.182,0.182,0.182,0.182,0.182,0.182,0.182,0.182,0.182,0.182,0.182,0.182
2012-01-31 00:00:00,0.101,0.101,0.101,0.101,0.101,0.101,0.101,0.101,0.101,0.101,0.101,0.101,0.101,0.101,0.101,0.101,0.101
2012-01-31 01:00:00,0.071,0.071,0.071,0.071,0.071,0.071,0.071,0.071,0.071,0.071,0.071,0.071,0.071,0.071,0.071,0.071,0.071
2012-01-31 02:00:00,0.071,0.071,0.071,0.071,0.071,0.071,0.071,0.071,0.071,0.071,0.071,0.071,0.071,0.071,0.071,0.071,0.071
2012-01-31 03:00:00,0.081,0.081,0.081,0.081,0.081,0.081,0.081,0.081,0.081,0.081,0.081,0.081,0.081,0.081,0.081,0.081,0.081
2012-01-31 04:00:00,0.162,0.162,0.162,0.162,0.162,0.162,0.162,0.162,0.162,0.162,0.162,0.162,0.162,0.162,0.162,0.162,0.162
2012-01-31 05:00:00,0.535,0.535,0.535,0.535,0.535,0.535,0.535,0.535,0.535,0.535,0.535,0.535,0.535,0.535,0.535,0.535,0.535
2012-01-31 06:00:00,1.03,1.03,1.03,1.03,1.03,1.03,1.03,1.03,1.03,1.03,1.03,1.03,1.03,1.03,1.03,1.03,1.03
2012-01-31 07:00:00,1.404,1.404,1.404,1.404,1.404,1.404,1.404,1.404,1.404,1.404,1.404,1.404,1.404,1.404,1.404,1.404,1.404
2012-01-31 08:00:00,1.272,1.272,1.272,1.272,1.272,1.272,1.272,1.272,1.272,1.272,1.272,1.272,1.272,1.272,1.272,1.272,1.272
2012-01-31 09:00:00,1.061,1.061,1.061,1.061,1.061,1.061,1.061,1.061,1.061,1.061,1.061,1.061,1.061,1.061,1.061,1.061,1.061
2012-01-31 10:00:00,1.03,1.03,1.03,1.03,1.03,1.03,1.03,1.03,1.03,1.03,1.03,1.03,1.03,1.03,1.03,1.03,1.03
2012-01-31 11:00:00,1.05,1.05,1.05,1.05,1.05,1.05,1.05,1.05,1.05,1.05,1.05,1.05,1.05,1.05,1.05,1.05,1.05
2012-01-31 12:00:00,1.091,1.091,1.091,1.091,1.091,1.091,1.091,1.091,1.091,1.091,1.091,1.091,1.091,1.091,1.091,1.091,1.091
2012-01-31 13:00:00,1.212,1.212,1.212,1.212,1.212,1.212,1.212,1.212,1.212,1.212,1.212,1.212,1.212,1.212,1.212,1.212,1.212
2012-01-31 14:00:00,1.485,1.485,1.485,1.485,1.485,1.485,1.485,1.485,1.485,1.485,1.485,1.485,1.485,1.485,1.485,1.485,1.485
2012-01-31 15:00:00,1.697,1.697,1.697,1.697,1.697,1.697,1.697,1.697,1.697,1.697,1.697,1.697,1.697,1.697,1.697,1.697,1.697
2012-01-31 16:00:00,1.697,1.697,1.697,1.697,1.697,1.697,1.697,1.697,1.697,1.697,1.697,1.697,1.697,1.697,1.697,1.697,1.697
2012-01-31 17:00:00,1.363,1.363,1.363,1.363,1.363,1.363,1.363,1.363,1.363,1.363,1.363,1.363,1.363,1.363,1.363,1.363,1.363
2012-01-31 18:00:00,1.061,1.061,1.061,1.061,1.061,1.061,1.061,1.061,1.061,1.061,1.061,1.061,1.061,1.061,1.061,1.061,1.061
2012-01-31 19:00:00,0.828,0.828,0.828,0.828,0.828,0.828,0.828,0.828,0.828,0.828,0.828,0.828,0.828,0.828,0.828,0.828,0.828
2012-01-31 20:00:00,0.637,0.637,0.637,0.637,0.637,0.637,0.637,0.637,0.637,0.637,0.637,0.637,0.637,0.637,0.637,0.637,0.637
2012-01-31 21:00:00,0.485,0.485,0.485,0.485,0.485,0.485,0.485,0.485,0.485,0.485,0.485,0.485,0.485,0.485,0.485,0.485,0.485
2012-01-31 22:00:00,0.343,0.343,0.343,0.343,0.343,0.343,0.343,0.343,0.343,0.343,0.343,0.343,0.343,0.343,0.343,0.343,0.343
2012-01-31 23:00:00,0.182,0.182,0.182,0.182,0.182,0.182,0.182,0.182,0.182,0.182,0.182,0.182,0.182,0.182,0.182,0.182,0.182
2012-02-01 00:00:00,0.111,0.111,0.111,0.111,0.111,0.111,0.111,0.111,0.111,0.111,0.111,0.111,0.111,0.111,0.111,0.111,0.111
2012-02-01 01:00:00,0.081,0.081,0.081,0.081,0.081,0.081,0.081,0.081,0.081,0.081,0.081,0.081,0.081,0.081,0.081,0.081,0.081
2012-02-01 02:00:00,0.081,0.081,0.081,0.081,0.081,0.081,0.081,0.081,0.081,0.081,0.081,0.081,0.081,0.081,0.081,0.081,0.081
2012-02-01 03:00:00,0.091,0.091,0.091,0.091,0.091,0.091,0.091,0.091,0.091,0.091,0.091,0.091,0.091,0.091,0.091,0.091,0.091
2012-02-01 04:00:00,0.182,0.182,0.182,0.182,0.182,0.182,0.182,0.182,0.182,0.182,0.182,0.182,0.182,0.182,0.182,0.182,0.182
2012-02-01 05:00:00,0.596,0.596,0.596,0.596,0.596,0.596,0.596,0.596,0.596,0.596,0.596,0.596,0.596,0.596,0.596,0.596,0.596
2012-02-01 06:00:00,1.142,1.142,1.142,1.142,1.142,1.142,1.142,1.142,1.142,1.142,1.142,1.142,1.142,1.142,1.142,1.142,1.142
2012-02-01 07:00:00,1.555,1.555,1.555,1.555,1.555,1.555,1.555,1.555,1.555,1.555,1.555,1.555,1.555,1.555,1.555,1.555,1.555
2012-02-01 08:00:00,1.414,1.414,1.414,1.414,1.414,1.414,1.414,1.414,1.414,1.414,1.414,1.414,1.414,1.414,1.414,1.414,1.414
2012-02-01 09:00:00,1.172,1.172,1.172,1.172,1.172,1.172,1.172,1.172,1.172,1.172,1.172,1.172,1.172,1.172,1.172,1.172,1.172
2012-02-01 10:00:00,1.142,1.142,1.142,1.142,1.142,1.142,1.142,1.142,1.142,1.142,1.142,1.142,1.142,1.142,1.142,1.142,1.142
2012-02-01 11:00:00,1.162,1.162,1.162,1.162,1.162,1.162,1.162,1.162,1.162,1.162,1.162,1.162,1.162,1.162,1.162,1.162,1.162
2012-02-01 12:00:00,1.212,1.212,1.212,1.212,1.212,1.212,1.212,1.212,1.212,1.212,1.212,1.212,1.212,1.212,1.212,1.212,1.212
2012-02-01 13:00:00,1.343,1.343,1.343,1.343,1.343,1.343,1.343,1.343,1.343,1.343,1.343,1.343,1.343,1.343,1.343,1.343,1.343
2012-02-01 14:00:00,1.636,1.636,1.636,1.636,1.636,1.636,1.636,1.636,1.636,1.636,1.636,1.636,1.636,1.636,1.636,1.636,1.636
2012-02-01 15:00:00,1.878,1.878,1.878,1.878,1.878,1.878,1.878,1.878,1.878,1.878,1.878,1.878,1.878,1.878,1.878,1.878,1.878
2012-02-01 16:00:00,1.878,1.878,1.878,1.878,1.878,1.878,1.878,1.878,1.878,1.878,1.878,1.878,1.878,1.878,1.878,1.878,1.878
2012-02-01 17:00:00,1.515,1.515,1.515,1.515,1.515,1.515,1.515,1.515,1.515,1.515,1.515,1.515,1.515,1.515,1.515,1.515,1.515
2012-02-01 18:00:00,1.172,1.172,1.172,1.172,1.172,1.172,1.172,1.172,1.172,1.172,1.172,1.172,1.172,1.172,1.172,1.172,1.172
2012-02-01 19:00:00,0.919,0.919,0.919,0.919,0.919,0.919,0.919,0.919,0.919,0.919,0.919,0.919,0.919,0.919,0.919,0.919,0.919
2012-02-01 20:00:00,0.707,0.707,0.707,0.707,0.707,0.707,0.707,0.707,0.707,0.707,0.707,0.707,0.707,0.707,0.707,0.707,0.707
2012-02-01 21:00:00,0.535,0.535,0.535,0.535,0.535,0.535,0.535,0.535,0.535,0.535,0.535,0.535,0.535,0.535,0.535,0.535,0.535
2012-02-01 22:00:00,0.384,0.384,0.384,0.384,0.384,0.384,0.384,0.384,0.384,0.384,0.384,0.384,0.384,0.384,0.384,0.384,0.384
2012-02-01 23:00:00,0.202,0.202,0.202,0.202,0.202,0.202,0.202,0.202,0.202,0.202,0.202,0.202,0.202,0.202,0.202,0.202,0.202
2012-02-02 00:00:00,0.111,0.111,0.111,0.111,0.111,0.111,0.111,0.111,0.111,0.111,0.111,0.111,0.111,0.111,0.111,0.111,0.111
2012-02-02 01:00:00,0.081,0.081,0.081,0.081,0.081,0.081,0.081,0.081,0.081,0.081,0.081,0.081,0.081,0.081,0.081,0.081,0.081
2012-02-02 02:00:00,0.081,0.081,0.081,0.081,0.081,0.081,0.081,0.081,0.081,0.081,0.081,0.081,0.081,0.081,0.081,0.081,0.081
2012-02-02 03:00:00,0.101,0.101,0.101,0.101,0.101,0.101,0.101,0.101,0.101,0.101,0.101,0.101,0.101,0.101,0.101,0.101,0.101
2012-02-02 04:00:00,0.182,0.182,0.182,0.182,0.182,0.182,0.182,0.182,0.182,0.182,0.182,0.182,0.182,0.182,0.182,0.182,0.182
2012-02-02 05:00:00,0.616,0.616,0.616,0.616,0.616,0.616,0.616,0.616,0.616,0.616,0.616,0.616,0.616,0.616,0.616,0.616,0.616
2012-02-02 06:00:00,1.172,1.172,1.172,1.172,1.172,1.172,1.172,1.172,1.172,1.172,1.172,1.172,1.172,1.172,1.172,1.172,1.172
2012-02-02 07:00:00,1.606,1.606,1.606,1.606,1.606,1.606,1.606,1.606,1.606,1.606,1.606,1.606,1.606,1.606,1.606,1.606,1.606
2012-02-02 08:00:00,1.464,1.464,1.464,1.464,1.464,1.464,1.464,1.464,1.464,1.464,1.464,1.464,1.464,1.464,1.464,1.464,1.464
2012-02-02 09:00:00,1.212,1.212,1.212,1.212,1.212,1.212,1.212,1.212,1.212,1.212,1.212,1.212,1.212,1.212,1.212,1.212,1.212
2012-02-02 10:00:00,1.172,1.172,1.172,1.172,1.172,1.172,1.172,1.172,1.172,1.172,1.172,1.172,1.172,1.172,1.172,1.172,1.172
2012-02-02 11:00:00,1.202,1.202,1.202,1.202,1.202,1.202,1.202,1.202,1.202,1.202,1.202,1.202,1.202,1.202,1.202,1.202,1.202
2012-02-02 12:00:00,1.253,1.253,1.253,1.253,1.253,1.253,1.253,1.253,1.253,1.253,1.253,1.253,1.253,1.253,1.253,1.253,1.253
2012-02-02 13:00:00,1.383,1.383,1.383,1.383,1.383,1.383,1.383,1.383,1.383,1.383,1.383,1.383,1.383,1.383,1.383,1.383,1.383
2012-02-02 14:00:00,1.697,1.697,1.697,1.697,1.697,1.697,1.697,1.697,1.697,1.697,1.697,1.697,1.697,1.697,1.697,1.697,1.697
2012-02-02 15:00:00,1.939,1.939,1.939,1.939,1.939,1.939,1.939,1.939,1.939,1.939,1.939,1.939,1.939,1.939,1.939,1.939,1.939
2012-02-02 16:00:00,1.949,1.949,1.949,1.949,1.949,1.949,1.949,1.949,1.949,1.949,1.949,1.949,1.949,1.949,1.949,1.949,1.949
2012-02-02 17:00:00,1.566,1.566,1.566,1.566,1.566,1.566,1.566,1.566,1.566,1.566,1.566,1.566,1.566,1.566,1.566,1.566,1.566
2012-02-02 18:00:00,1.212,1.212,1.212,1.212,1.212,1.212,1.212,1.212,1.212,1.212,1.212,1.212,1.212,1.212,1.212,1.212,1.212
2012-02-02 19:00:00,0.949,0.949,0.949,0.949,0.949,0.949,0.949,0.949,0.949,0.949,0.949,0.949,0.949,0.949,0.949,0.949,0.949
2012-02-02 20:00:00,0.728,0.728,0.728,0.728,0.728,0.728,0.728,0.728,0.728,0.728,0.728,0.728,0.728,0.728,0.728,0.728,0.728
2012-02-02 21:00:00,0.556,0.556,0.556,0.556,0.556,0.556,0.556,0.556,0.556,0.556,0.556,0.556,0.556,0.556,0.556,0.556,0.556
2012-02-02 22:00:00,0.394,0.394,0.394,0.394,0.394,0.394,0.394,0.394,0.394,0.394,0.394,0.394,0.394,0.394,0.394,0.394,0.394
2012-02-02 23:00:00,0.202,0.202,0.202,0.202,0.202,0.202,0.202,0.202,0.202,0.202,0.202,0.202,0.202,0.202,0.202,0.202,0.202
2012-02-03 00:00:00,0.121,0.121,0.121,0.121,0.121,0.121,0.121,0.121,0.121,0.121,0.121,0.121,0.121,0.121,0.121,0.121,0.121
2012-02-03 01:00:00,0.091,0.091,0.091,0.091,0.091,0.091,0.091,0.091,0.091,0.091,0.091,0.091,0.091,0.091,0.091,0.091,0.091
2012-02-03 02:00:00,0.091,0.091,0.091,0.091,0.091,0.091,0.091,0.091,0.091,0.091,0.091,0.091,0.091,0.091,0.091,0.091,0.091
2012-02-03 03:00:00,0.101,0.101,0.101,0.101,0.101,0.101,0.101,0.101,0.101,0.101,0.101,0.101,0.101,0.101,0.101,0.101,0.101
2012-02-03 04:00:00,0.202,0.202,0.202,0.202,0.202,0.202,0.202,0.202,0.202,0.202,0.202,0.202,0.202,0.202,0.202,0.202,0.202
2012-02-03 05:00:00,0.657,0.657,0.657,0.657,0.657,0.657,0.657,0.657,0.657,0.657,0.657,0.657,0.657,0.657,0.657,0.657,0.657
2012-02-03 06:00:00,1.253,1.253,1.253,1.253,1.253,1.253,1.253,1.253,1.253,1.253,1.253,1.253,1.253,1.253,1.253,1.253,1.253
2012-02-03 07:00:00,1.717,1.717,1.717,1.717,1.717,1.717,1.717,1.717,1.717,1.717,1.717,1.717,1.717,1.717,1.717,1.717,1.717
2012-02-03 08:00:00,1.555,1.555,1.555,1.555,1.555,1.555,1.555,1.555,1.555,1.555,1.555,1.555,1.555,1.555,1.555,1.555,1.555
2012-02-03 09:00:00,1.302,1.302,1.302,1.302,1.302,1.302,1.302,1.302,1.302,1.302,1.302,1.302,1.302,1.302,1.302,1.302,1.302
2012-02-03 10:00:00,1.253,1.253,1.253,1.253,1.253,1.253,1.253,1.253,1.253,1.253,1.253,1.253,1.253,1.253,1.253,1.253,1.253
2012-02-03 11:00:00,1.282,1.282,1.282,1.282,1.282,1.282,1.282,1.282,1.282,1.282,1.282,1.282,1.282,1.282,1.282,1.282,1.282
2012-02-03 12:00:00,1.333,1.333,1.333,1.333,1.333,1.333,1.333,1.333,1.333,1.333,1.333,1.333,1.333,1.333,1.333,1.333,1.333
2012-02-03 13:00:00,1.485,1.485,1.485,1.485,1.485,1.485,1.485,1.485,1.485,1.485,1.485,1.485,1.485,1.485,1.485,1.485,1.485
2012-02-03 14:00:00,1.807,1.807,1.807,1.807,1.807,1.807,1.807,1.807,1.807,1.807,1.807,1.807,1.807,1.807,1.807,1.807,1.807
2012-02-03 15:00:00,2.071,2.071,2.071,2.071,2.071,2.071,2.071,2.071,2.071,2.071,2.071,2.071,2.071,2.071,2.071,2.071,2.071
2012-02-03 16:00:00,2.071,2.071,2.071,2.071,2.071,2.071,2.071,2.071,2.071,2.071,2.071,2.071,2.071,2.071,2.071,2.071,2.071
2012-02-03 17:00:00,1.667,1.667,1.667,1.667,1.667,1.667,1.667,1.667,1.667,1.667,1.667,1.667,1.667,1.667,1.667,1.667,1.667
2012-02-03 18:00:00,1.292,1.292,1.292,1.292,1.292,1.292,1.292,1.292,1.292,1.292,1.292,1.292,1.292,1.292,1.292,1.292,1.292
2012-02-03 19:00:00,1.01,1.01,1.01,1.01,1.01,1.01,1.01,1.01,1.01,1.01,1.01,1.01,1.01,1.01,1.01,1.01,1.01
2012-02-03 20:00:00,0.777,0.777,0.777,0.777,0.777,0.777,0.777,0.777,0.777,0.777,0.777,0.777,0.777,0.777,0.777,0.777,0.777
2012-02-03 21:00:00,0.596,0.596,0.596,0.596,0.596,0.596,0.596,0.596,0.596,0.596,0.596,0.596,0.596,0.596,0.596,0.596,0.596
2012-02-03 22:00:00,0.424,0.424,0.424,0.424,0.424,0.424,0.424,0.424,0.424,0.424,0.424,0.424,0.424,0.424,0.424,0.424,0.424
2012-02-03 23:00:00,0.223,0.223,0.223,0.223,0.223,0.223,0.223,0.223,0.223,0.223,0.223,0.223,0.223,0.223,0.223,0.223,0.223
2012-02-04 00:00:00,0.233,0.233,0.233,0.233,0.233,0.233,0.233,0.233,0.233,0.233,0.233,0.233,0.233,0.233,0.233,0.233,0.233
2012-02-04 01:00:00,0.182,0.182,0.182,0.182,0.182,0.182,0.182,0.182,0.182,0.182,0.182,0.182,0.182,0.182,0.182,0.182,0.182
2012-02-04 02:00:00,0.152,0.152,0.152,0.152,0.152,0.152,0.152,0.152,0.152,0.152,0.152,0.152,0.152,0.152,0.152,0.152,0.152
2012-02-04 03:00:00,0.152,0.152,0.152,0.152,0.152,0.152,0.152,0.152,0.152,0.152,0.152,0.152,0.152,0.152,0.152,0.152,0.152
2012-02-04 04:00:00,0.182,0.182,0.182,0.182,0.182,0.182,0.182,0.182,0.182,0.182,0.182,0.182,0.182,0.182,0.182,0.182,0.182
2012-02-04 05:00:00,0.333,0.333,0.333,0.333,0.333,0.333,0.333,0.333,0.333,0.333,0.333,0.333,0.333,0.333,0.333,0.333,0.333
2012-02-04 06:00:00,0.465,0.465,0.465,0.465,0.465,0.465,0.465,0.465,0.465,0.465,0.465,0.465,0.465,0.465,0.465,0.465,0.465
2012-02-04 07:00:00,0.596,0.596,0.596,0.596,0.596,0.596,0.596,0.596,0.596,0.596,0.596,0.596,0.596,0.596,0.596,0.596,0.596
2012-02-04 08:00:00,0.808,0.808,0.808,0.808,0.808,0.808,0.808,0.808,0.808,0.808,0.808,0.808,0.808,0.808,0.808,0.808,0.808
2012-02-04 09:00:00,1.02,1.02,1.02,1.02,1.02,1.02,1.02,1.02,1.02,1.02,1.02,1.02,1.02,1.02,1.02,1.02,1.02
2012-02-04 10:00:00,1.282,1.282,1.282,1.282,1.282,1.282,1.282,1.282,1.282,1.282,1.282,1.282,1.282,1.282,1.282,1.282,1.282
2012-02-04 11:00:00,1.404,1.404,1.404,1.404,1.404,1.404,1.404,1.404,1.404,1.404,1.404,1.404,1.404,1.404,1.404,1.404,1.404
2012-02-04 12:00:00,1.464,1.464,1.464,1.464,1.464,1.464,1.464,1.464,1.464,1.464,1.464,1.464,1.464,1.464,1.464,1.464,1.464
2012-02-04 13:00:00,1.485,1.485,1.485,1.485,1.485,1.485,1.485,1.485,1.485,1.485,1.485,1.485,1.485,1.485,1.485,1.485,1.485
2012-02-04 14:00:00,1.454,1.454,1.454,1.454,1.454,1.454,1.454,1.454,1.454,1.454,1.454,1.454,1.454,1.454,1.454,1.454,1.454
2012-02-04 15:00:00,1.383,1.383,1.383,1.383,1.383,1.383,1.383,1.383,1.383,1.383,1.383,1.383,1.383,1.383,1.383,1.383,1.383
2012-02-04 16:00:00,1.272,1.272,1.272,1.272,1.272,1.272,1.272,1.272,1.272,1.272,1.272,1.272,1.272,1.272,1.272,1.272,1.272
2012-02-04 17:00:00,1.172,1.172,1.172,1.172,1.172,1.172,1.172,1.172,1.172,1.172,1.172,1.172,1.172,1.172,1.172,1.172,1.172
2012-02-04 18:00:00,1.04,1.04,1.04,1.04,1.04,1.04,1.04,1.04,1.04,1.04,1.04,1.04,1.04,1.04,1.04,1.04,1.04
2012-02-04 19:00:00,0.899,0.899,0.899,0.899,0.899,0.899,0.899,0.899,0.899,0.899,0.899,0.899,0.899,0.899,0.899,0.899,0.899
2012-02-04 20:00:00,0.748,0.748,0.748,0.748,0.748,0.748,0.748,0.748,0.748,0.748,0.748,0.748,0.748,0.748,0.748,0.748,0.748
2012-02-04 21:00:00,0.566,0.566,0.566,0.566,0.566,0.566,0.566,0.566,0.566,0.566,0.566,0.566,0.566,0.566,0.566,0.566,0.566
2012-02-04 22:00:00,0.414,0.414,0.414,0.414,0.414,0.414,0.414,0.414,0.414,0.414,0.414,0.414,0.414,0.414,0.414,0.414,0.414
2012-02-04 23:00:00,0.272,0.272,0.272,0.272,0.272,0.272,0.272,0.272,0.272,0.272,0.272,0.272,0.272,0.272,0.272,0.272,0.272
2012-02-05 00:00:00,0.213,0.213,0.213,0.213,0.213,0.213,0.213,0.213,0.213,0.213,0.213,0.213,0.213,0.213,0.213,0.213,0.213
2012-02-05 01:00:00,0.172,0.172,0.172,0.172,0.172,0.172,0.172,0.172,0.172,0.172,0.172,0.172,0.172,0.172,0.172,0.172,0.172
2012-02-05 02:00:00,0.142,0.142,0.142,0.142,0.142,0.142,0.142,0.142,0.142,0.142,0.142,0.142,0.142,0.142,0.142,0.142,0.142
2012-02-05 03:00:00,0.111,0.111,0.111,0.111,0.111,0.111,0.111,0.111,0.111,0.111,0.111,0.111,0.111,0.111,0.111,0.111,0.111
2012-02-05 04:00:00,0.121,0.121,0.121,0.121,0.121,0.121,0.121,0.121,0.121,0.121,0.121,0.121,0.121,0.121,0.121,0.121,0.121
2012-02-05 05:00:00,0.202,0.202,0.202,0.202,0.202,0.202,0.202,0.202,0.202,0.202,0.202,0.202,0.202,0.202,0.202,0.202,0.202
2012-02-05 06:00:00,0.282,0.282,0.282,0.282,0.282,0.282,0.282,0.282,0.282,0.282,0.282,0.282,0.282,0.282,0.282,0.282,0.282
2012-02-05 07:00:00,0.373,0.373,0.373,0.373,0.373,0.373,0.373,0.373,0.373,0.373,0.373,0.373,0.373,0.373,0.373,0.373,0.373
2012-02-05 08:00:00,0.505,0.505,0.505,0.505,0.505,0.505,0.505,0.505,0.505,0.505,0.505,0.505,0.505,0.505,0.505,0.505,0.505
2012-02-05 09:00:00,0.718,0.718,0.718,0.718,0.718,0.718,0.718,0.718,0.718,0.718,0.718,0.718,0.718,0.718,0.718,0.718,0.718
2012-02-05 10:00:00,0.949,0.949,0.949,0.949,0.949,0.949,0.949,0.949,0.949,0.949,0.949,0.949,0.949,0.949,0.949,0.949,0.949
2012-02-05 11:00:00,1.142,1.142,1.142,1.142,1.142,1.142,1.142,1.142,1.142,1.142,1.142,1.142,1.142,1.142,1.142,1.142,1.142
2012-02-05 12:00:00,1.262,1.262,1.262,1.262,1.262,1.262,1.262,1.262,1.262,1.262,1.262,1.262,1.262,1.262,1.262,1.262,1.262
2012-02-05 13:00:00,1.333,1.333,1.333,1.333,1.333,1.333,1.333,1.333,1.333,1.333,1.333,1.333,1.333,1.333,1.333,1.333,1.333
2012-02-05 14:00:00,1.414,1.414,1.414,1.414,1.414,1.414,1.414,1.414,1.414,1.414,1.414,1.414,1.414,1.414,1.414,1.414,1.414
2012-02-05 15:00:00,1.424,1.424,1.424,1.424,1.424,1.424,1.424,1.424,1.424,1.424,1.424,1.424,1.424,1.424,1.424,1.424,1.424
2012-02-05 16:00:00,1.444,1.444,1.444,1.444,1.444,1.444,1.444,1.444,1.444,1.444,1.444,1.444,1.444,1.444,1.444,1.444,1.444
2012-02-05 17:00:00,1.404,1.404,1.404,1.404,1.404,1.404,1.404,1.404,1.404,1.404,1.404,1.404,1.404,1.404,1.404,1.404,1.404
2012-02-05 18:00:00,1.343,1.343,1.343,1.343,1.343,1.343,1.343,1.343,1.343,1.343,1.343,1.343,1.343,1.343,1.343,1.343,1.343
2012-02-05 19:00:00,1.192,1.192,1.192,1.192,1.192,1.192,1.192,1.192,1.192,1.192,1.192,1.192,1.192,1.192,1.192,1.192,1.192
2012-02-05 20:00:00,0.929,0.929,0.929,0.929,0.929,0.929,0.929,0.929,0.929,0.929,0.929,0.929,0.929,0.929,0.929,0.929,0.929
2012-02-05 21:00:00,0.657,0.657,0.657,0.657,0.657,0.657,0.657,0.657,0.657,0.657,0.657,0.657,0.657,0.657,0.657,0.657,0.657
2012-02-05 22:00:00,0.404,0.404,0.404,0.404,0.404,0.404,0.404,0.404,0.404,0.404,0.404,0.404,0.404,0.404,0.404,0.404,0.404
2012-02-05 23:00:00,0.223,0.223,0.223,0.223,0.223,0.223,0.223,0.223,0.223,0.223,0.223,0.223,0.223,0.223,0.223,0.223,0.223
2012-02-06 00:00:00,0.111,0.111,0.111,0.111,0.111,0.111,0.111,0.111,0.111,0.111,0.111,0.111,0.111,0.111,0.111,0.111,0.111
2012-02-06 01:00:00,0.081,0.081,0.081,0.081,0.081,0.081,0.081,0.081,0.081,0.081,0.081,0.081,0.081,0.081,0.081,0.081,0.081
2012-02-06 02:00:00,0.081,0.081,0.081,0.081,0.081,0.081,0.081,0.081,0.081,0.081,0.081,0.081,0.081,0.081,0.081,0.081,0.081
2012-02-06 03:00:00,0.091,0.091,0.091,0.091,0.091,0.091,0.091,0.091,0.091,0.091,0.091,0.091,0.091,0.091,0.091,0.091,0.091
2012-02-06 04:00:00,0.182,0.182,0.182,0.182,0.182,0.182,0.182,0.182,0.182,0.182,0.182,0.182,0.182,0.182,0.182,0.182,0.182
2012-02-06 05:00:00,0.606,0.606,0.606,0.606,0.606,0.606,0.606,0.606,0.606,0.606,0.606,0.606,0.606,0.606,0.606,0.606,0.606
2012-02-06 06:00:00,1.142,1.142,1.142,1.142,1.142,1.142,1.142,1.142,1.142,1.142,1.142,1.142,1.142,1.142,1.142,1.142,1.142
2012-02-06 07:00:00,1.566,1.566,1.566,1.566,1.566,1.566,1.566,1.566,1.566,1.566,1.566,1.566,1.566,1.566,1.566,1.566,1.566
2012-02-06 08:00:00,1.424,1.424,1.424,1.424,1.424,1.424,1.424,1.424,1.424,1.424,1.424,1.424,1.424,1.424,1.424,1.424,1.424
2012-02-06 09:00:00,1.182,1.182,1.182,1.182,1.182,1.182,1.182,1.182,1.182,1.182,1.182,1.182,1.182,1.182,1.182,1.182,1.182
2012-02-06 10:00:00,1.142,1.142,1.142,1.142,1.142,1.142,1.142,1.142,1.142,1.142,1.142,1.142,1.142,1.142,1.142,1.142,1.142
2012-02-06 11:00:00,1.172,1.172,1.172,1.172,1.172,1.172,1.172,1.172,1.172,1.172,1.172,1.172,1.172,1.172,1.172,1.172,1.172
2012-02-06 12:00:00,1.212,1.212,1.212,1.212,1.212,1.212,1.212,1.212,1.212,1.212,1.212,1.212,1.212,1.212,1.212,1.212,1.212
2012-02-06 13:00:00,1.353,1.353,1.353,1.353,1.353,1.353,1.353,1.353,1.353,1.353,1.353,1.353,1.353,1.353,1.353,1.353,1.353
2012-02-06 14:00:00,1.647,1.647,1.647,1.647,1.647,1.647,1.647,1.647,1.647,1.647,1.647,1.647,1.647,1.647,1.647,1.647,1.647
2012-02-06 15:00:00,1.888,1.888,1.888,1.888,1.888,1.888,1.888,1.888,1.888,1.888,1.888,1.888,1.888,1.888,1.888,1.888,1.888
2012-02-06 16:00:00,1.888,1.888,1.888,1.888,1.888,1.888,1.888,1.888,1.888,1.888,1.888,1.888,1.888,1.888,1.888,1.888,1.888
2012-02-06 17:00:00,1.515,1.515,1.515,1.515,1.515,1.515,1.515,1.515,1.515,1.515,1.515,1.515,1.515,1.515,1.515,1.515,1.515
2012-02-06 18:00:00,1.182,1.182,1.182,1.182,1.182,1.182,1.182,1.182,1.182,1.182,1.182,1.182,1.182,1.182,1.182,1.182,1.182
2012-02-06 19:00:00,0.919,0.919,0.919,0.919,0.919,0.919,0.919,0.919,0.919,0.919,0.919,0.919,0.919,0.919,0.919,0.919,0.919
2012-02-06 20:00:00,0.707,0.707,0.707,0.707,0.707,0.707,0.707,0.707,0.707,0.707,0.707,0.707,0.707,0.707,0.707,0.707,0.707
2012-02-06 21:00:00,0.535,0.535,0.535,0.535,0.535,0.535,0.535,0.535,0.535,0.535,0.535,0.535,0.535,0.535,0.535,0.535,0.535
2012-02-06 22:00:00,0.384,0.384,0.384,0.384,0.384,0.384,0.384,0.384,0.384,0.384,0.384,0.384,0.384,0.384,0.384,0.384,0.384
2012-02-06 23:00:00,0.202,0.202,0.202,0.202,0.202,0.202,0.202,0.202,0.202,0.202,0.202,0.202,0.202,0.202,0.202,0.202,0.202
2012-02-07 00:00:00,0.101,0.101,0.101,0.101,0.101,0.101,0.101,0.101,0.101,0.101,0.101,0.101,0.101,0.101,0.101,0.101,0.101
2012-02-07 01:00:00,0.081,0.081,0.081,0.081,0.081,0.081,0.081,0.081,0.081,0.081,0.081,0.081,0.081,0.081,0.081,0.081,0.081
2012-02-07 02:00:00,0.081,0.081,0.081,0.081,0.081,0.081,0.081,0.081,0.081,0.081,0.081,0.081,0.081,0.081,0.081,0.081,0.081
2012-02-07 03:00:00,0.091,0.091,0.091,0.091,0.091,0.091,0.091,0.091,0.091,0.091,0.091,0.091,0.091,0.091,0.091,0.091,0.091
2012-02-07 04:00:00,0.172,0.172,0.172,0.172,0.172,0.172,0.172,0.172,0.172,0.172,0.172,0.172,0.172,0.172,0.172,0.172,0.172
2012-02-07 05:00:00,0.586,0.586,0.586,0.586,0.586,0.586,0.586,0.586,0.586,0.586,0.586,0.586,0.586,0.586,0.586,0.586,0.586
2012-02-07 06:00:00,1.111,1.111,1.111,1.111,1.111,1.111,1.111,1.111,1.111,1.111,1.111,1.111,1.111,1.111,1.111,1.111,1.111
2012-02-07 07:00:00,1.515,1.515,1.515,1.515,1.515,1.515,1.515,1.515,1.515,1.515,1.515,1.515,1.515,1.515,1.515,1.515,1.515
2012-02-07 08:00:00,1.373,1.373,1.373,1.373,1.373,1.373,1.373,1.373,1.373,1.373,1.373,1.373,1.373,1.373,1.373,1.373,1.373
2012-02-07 09:00:00,1.152,1.152,1.152,1.152,1.152,1.152,1.152,1.152,1.152,1.152,1.152,1.152,1.152,1.152,1.152,1.152,1.152
2012-02-07 10:00:00,1.111,1.111,1.111,1.111,1.111,1.111,1.111,1.111,1.111,1.111,1.111,1.111,1.111,1.111,1.111,1.111,1.111
2012-02-07 11:00:00,1.131,1.131,1.131,1.131,1.131,1.131,1.131,1.131,1.131,1.131,1.131,1.131,1.131,1.131,1.131,1.131,1.131
2012-02-07 12:00:00,1.182,1.182,1.182,1.182,1.182,1.182,1.182,1.182,1.182,1.182,1.182,1.182,1.182,1.182,1.182,1.182,1.182
2012-02-07 13:00:00,1.313,1.313,1.313,1.313,1.313,1.313,1.313,1.313,1.313,1.313,1.313,1.313,1.313,1.313,1.313,1.313,1.313
2012-02-07 14:00:00,1.596,1.596,1.596,1.596,1.596,1.596,1.596,1.596,1.596,1.596,1.596,1.596,1.596,1.596,1.596,1.596,1.596
2012-02-07 15:00:00,1.828,1.828,1.828,1.828,1.828,1.828,1.828,1.828,1.828,1.828,1.828,1.828,1.828,1.828,1.828,1.828,1.828
2012-02-07 16:00:00,1.838,1.838,1.838,1.838,1.838,1.838,1.838,1.838,1.838,1.838,1.838,1.838,1.838,1.838,1.838,1.838,1.838
2012-02-07 17:00:00,1.475,1.475,1.475,1.475,1.475,1.475,1.475,1.475,1.475,1.475,1.475,1.475,1.475,1.475,1.475,1.475,1.475
2012-02-07 18:00:00,1.142,1.142,1.142,1.142,1.142,1.142,1.142,1.142,1.142,1.142,1.142,1.142,1.142,1.142,1.142,1.142,1.142
2012-02-07 19:00:00,0.889,0.889,0.889,0.889,0.889,0.889,0.889,0.889,0.889,0.889,0.889,0.889,0.889,0.889,0.889,0.889,0.889
2012-02-07 20:00:00,0.687,0.687,0.687,0.687,0.687,0.687,0.687,0.687,0.687,0.687,0.687,0.687,0.687,0.687,0.687,0.687,0.687
2012-02-07 21:00:00,0.525,0.525,0.525,0.525,0.525,0.525,0.525,0.525,0.525,0.525,0.525,0.525,0.525,0.525,0.525,0.525,0.525
2012-02-07 22:00:00,0.373,0.373,0.373,0.373,0.373,0.373,0.373,0.373,0.373,0.373,0.373,0.373,0.373,0.373,0.373,0.373,0.373
2012-02-07 23:00:00,0.192,0.192,0.192,0.192,0.192,0.192,0.192,0.192,0.192,0.192,0.192,0.192,0.192,0.192,0.192,0.192,0.192
2012-02-08 00:00:00,0.111,0.111,0.111,0.111,0.111,0.111,0.111,0.111,0.111,0.111,0.111,0.111,0.111,0.111,0.111,0.111,0.111
2012-02-08 01:00:00,0.081,0.081,0.081,0.081,0.081,0.081,0.081,0.081,0.081,0.081,0.081,0.081,0.081,0.081,0.081,0.081,0.081
2012-02-08 02:00:00,0.081,0.081,0.081,0.081,0.081,0.081,0.081,0.081,0.081,0.081,0.081,0.081,0.081,0.081,0.081,0.081,0.081
2012-02-08 03:00:00,0.091,0.091,0.091,0.091,0.091,0.091,0.091,0.091,0.091,0.091,0.091,0.091,0.091,0.091,0.091,0.091,0.091
2012-02-08 04:00:00,0.182,0.182,0.182,0.182,0.182,0.182,0.182,0.182,0.182,0.182,0.182,0.182,0.182,0.182,0.182,0.182,0.182
2012-02-08 05:00:00,0.596,0.596,0.596,0.596,0.596,0.596,0.596,0.596,0.596,0.596,0.596,0.596,0.596,0.596,0.596,0.596,0.596
2012-02-08 06:00:00,1.142,1.142,1.142,1.142,1.142,1.142,1.142,1.142,1.142,1.142,1.142,1.142,1.142,1.142,1.142,1.142,1.142
2012-02-08 07:00:00,1.555,1.555,1.555,1.555,1.555,1.555,1.555,1.555,1.555,1.555,1.555,1.555,1.555,1.555,1.555,1.555,1.555
2012-02-08 08:00:00,1.414,1.414,1.414,1.414,1.414,1.414,1.414,1.414,1.414,1.414,1.414,1.414,1.414,1.414,1.414,1.414,1.414
2012-02-08 09:00:00,1.172,1.172,1.172,1.172,1.172,1.172,1.172,1.172,1.172,1.172,1.172,1.172,1.172,1.172,1.172,1.172,1.172
2012-02-08 10:00:00,1.142,1.142,1.142,1.142,1.142,1.142,1.142,1.142,1.142,1.142,1.142,1.142,1.142,1.142,1.142,1.142,1.142
2012-02-08 11:00:00,1.162,1.162,1.162,1.162,1.162,1.162,1.162,1.162,1.162,1.162,1.162,1.162,1.162,1.162,1.162,1.162,1.162
2012-02-08 12:00:00,1.212,1.212,1.212,1.212,1.212,1.212,1.212,1.212,1.212,1.212,1.212,1.212,1.212,1.212,1.212,1.212,1.212
2012-02-08 13:00:00,1.343,1.343,1.343,1.343,1.343,1.343,1.343,1.343,1.343,1.343,1.343,1.343,1.343,1.343,1.343,1.343,1.343
2012-02-08 14:00:00,1.636,1.636,1.636,1.636,1.636,1.636,1.636,1.636,1.636,1.636,1.636,1.636,1.636,1.636,1.636,1.636,1.636
2012-02-08 15:00:00,1.878,1.878,1.878,1.878,1.878,1.878,1.878,1.878,1.878,1.878,1.878,1.878,1.878,1.878,1.878,1.878,1.878
2012-02-08 16:00:00,1.878,1.878,1.878,1.878,1.878,1.878,1.878,1.878,1.878,1.878,1.878,1.878,1.878,1.878,1.878,1.878,1.878
2012-02-08 17:00:00,1.515,1.515,1.515,1.515,1.515,1.515,1.515,1.515,1.515,1.515,1.515,1.515,1.515,1.515,1.515,1.515,1.515
2012-02-08 18:00:00,1.172,1.172,1.172,1.172,1.172,1.172,1.172,1.172,1.172,1.172,1.172,1.172,1.172,1.172,1.172,1.172,1.172
2012-02-08 19:00:00,0.919,0.919,0.919,0.919,0.919,0.919,0.919,0.919,0.919,0.919,0.919,0.919,0.919,0.919,0.919,0.919,0.919
2012-02-08 20:00:00,0.707,0.707,0.707,0.707,0.707,0.707,0.707,0.707,0.707,0.707,0.707,0.707,0.707,0.707,0.707,0.707,0.707
2012-02-08 21:00:00,0.535,0.535,0.535,0.535,0.535,0.535,0.535,0.535,0.535,0.535,0.535,0.535,0.535,0.535,0.535,0.535,0.535
2012-02-08 22:00:00,0.384,0.384,0.384,0.384,0.384,0.384,0.384,0.384,0.384,0.384,0.384,0.384,0.384,0.384,0.384,0.384,0.384
2012-02-08 23:00:00,0.202,0.202,0.202,0.202,0.202,0.202,0.202,0.202,0.202,0.202,0.202,0.202,0.202,0.202,0.202,0.202,0.202
2012-02-09 00:00:00,0.111,0.111,0.111,0.111,0.111,0.111,0.111,0.111,0.111,0.111,0.111,0.111,0.111,0.111,0.111,0.111,0.111
2012-02-09 01:00:00,0.081,0.081,0.081,0.081,0.081,0.081,0.081,0.081,0.081,0.081,0.081,0.081,0.081,0.081,0.081,0.081,0.081
2012-02-09 02:00:00,0.081,0.081,0.081,0.081,0.081,0.081,0.081,0.081,0.081,0.081,0.081,0.081,0.081,0.081,0.081,0.081,0.081
2012-02-09 03:00:00,0.101,0.101,0.101,0.101,0.101,0.101,0.101,0.101,0.101,0.101,0.101,0.101,0.101,0.101,0.101,0.101,0.101
2012-02-09 04:00:00,0.182,0.182,0.182,0.182,0.182,0.182,0.182,0.182,0.182,0.182,0.182,0.182,0.182,0.182,0.182,0.182,0.182
2012-02-09 05:00:00,0.616,0.616,0.616,0.616,0.616,0.616,0.616,0.616,0.616,0.616,0.616,0.616,0.616,0.616,0.616,0.616,0.616
2012-02-09 06:00:00,1.172,1.172,1.172,1.172,1.172,1.172,1.172,1.172,1.172,1.172,1.172,1.172,1.172,1.172,1.172,1.172,1.172
2012-02-09 07:00:00,1.606,1.606,1.606,1.606,1.606,1.606,1.606,1.606,1.606,1.606,1.606,1.606,1.606,1.606,1.606,1.606,1.606
2012-02-09 08:00:00,1.464,1.464,1.464,1.464,1.464,1.464,1.464,1.464,1.464,1.464,1.464,1.464,1.464,1.464,1.464,1.464,1.464
2012-02-09 09:00:00,1.212,1.212,1.212,1.212,1.212,1.212,1.212,1.212,1.212,1.212,1.212,1.212,1.212,1.212,1.212,1.212,1.212
2012-02-09 10:00:00,1.172,1.172,1.172,1.172,1.172,1.172,1.172,1.172,1.172,1.172,1.172,1.172,1.172,1.172,1.172,1.172,1.172
2012-02-09 11:00:00,1.202,1.202,1.202,1.202,1.202,1.202,1.202,1.202,1.202,1.202,1.202,1.202,1.202,1.202,1.202,1.202,1.202
2012-02-09 12:00:00,1.253,1.253,1.253,1.253,1.253,1.253,1.253,1.253,1.253,1.253,1.253,1.253,1.253,1.253,1.253,1.253,1.253
2012-02-09 13:00:00,1.383,1.383,1.383,1.383,1.383,1.383,1.383,1.383,1.383,1.383,1.383,1.383,1.383,1.383,1.383,1.383,1.383
2012-02-09 14:00:00,1.697,1.697,1.697,1.697,1.697,1.697,1.697,1.697,1.697,1.697,1.697,1.697,1.697,1.697,1.697,1.697,1.697
2012-02-09 15:00:00,1.939,1.939,1.939,1.939,1.939,1.939,1.939,1.939,1.939,1.939,1.939,1.939,1.939,1.939,1.939,1.939,1.939
2012-02-09 16:00:00,1.949,1.949,1.949,1.949,1.949,1.949,1.949,1.949,1.949,1.949,1.949,1.949,1.949,1.949,1.949,1.949,1.949
2012-02-09 17:00:00,1.566,1.566,1.566,1.566,1.566,1.566,1.566,1.566,1.566,1.566,1.566,1.566,1.566,1.566,1.566,1.566,1.566
2012-02-09 18:00:00,1.212,1.212,1.212,1.212,1.212,1.212,1.212,1.212,1.212,1.212,1.212,1.212,1.212,1.212,1.212,1.212,1.212
2012-02-09 19:00:00,0.949,0.949,0.949,0.949,0.949,0.949,0.949,0.949,0.949,0.949,0.949,0.949,0.949,0.949,0.949,0.949,0.949
2012-02-09 20:00:00,0.728,0.728,0.728,0.728,0.728,0.728,0.728,0.728,0.728,0.728,0.728,0.728,0.728,0.728,0.728,0.728,0.728
2012-02-09 21:00:00,0.556,0.556,0.556,0.556,0.556,0.556,0.556,0.556,0.556,0.556,0.556,0.556,0.556,0.556,0.556,0.556,0.556
2012-02-09 22:00:00,0.394,0.394,0.394,0.394,0.394,0.394,0.394,0.394,0.394,0.394,0.394,0.394,0.394,0.394,0.394,0.394,0.394
2012-02-09 23:00:00,0.202,0.202,0.202,0.202,0.202,0.202,0.202,0.202,0.202,0.202,0.202,0.202,0.202,0.202,0.202,0.202,0.202
2012-02-10 00:00:00,0.121,0.121,0.121,0.121,0.121,0.121,0.121,0.121,0.121,0.121,0.121,0.121,0.121,0.121,0.121,0.121,0.121
2012-02-10 01:00:00,0.091,0.091,0.091,0.091,0.091,0.091,0.091,0.091,0.091,0.091,0.091,0.091,0.091,0.091,0.091,0.091,0.091
2012-02-10 02:00:00,0.091,0.091,0.091,0.091,0.091,0.091,0.091,0.091,0.091,0.091,0.091,0.091,0.091,0.091,0.091,0.091,0.091
2012-02-10 03:00:00,0.101,0.101,0.101,0.101,0.101,0.101,0.101,0.101,0.101,0.101,0.101,0.101,0.101,0.101,0.101,0.101,0.101
2012-02-10 04:00:00,0.202,0.202,0.202,0.202,0.202,0.202,0.202,0.202,0.202,0.202,0.202,0.202,0.202,0.202,0.202,0.202,0.202
2012-02-10 05:00:00,0.657,0.657,0.657,0.657,0.657,0.657,0.657,0.657,0.657,0.657,0.657,0.657,0.657,0.657,0.657,0.657,0.657
2012-02-10 06:00:00,1.253,1.253,1.253,1.253,1.253,1.253,1.253,1.253,1.253,1.253,1.253,1.253,1.253,1.253,1.253,1.253,1.253
2012-02-10 07:00:00,1.717,1.717,1.717,1.717,1.717,1.717,1.717,1.717,1.717,1.717,1.717,1.717,1.717,1.717,1.717,1.717,1.717
2012-02-10 08:00:00,1.555,1.555,1.555,1.555,1.555,1.555,1.555,1.555,1.555,1.555,1.555,1.555,1.555,1.555,1.555,1.555,1.555
2012-02-10 09:00:00,1.302,1.302,1.302,1.302,1.302,1.302,1.302,1.302,1.302,1.302,1.302,1.302,1.302,1.302,1.302,1.302,1.302
2012-02-10 10:00:00,1.253,1.253,1.253,1.253,1.253,1.253,1.253,1.253,1.253,1.253,1.253,1.253,1.253,1.253,1.253,1.253,1.253
2012-02-10 11:00:00,1.282,1.282,1.282,1.282,1.282,1.282,1.282,1.282,1.282,1.282,1.282,1.282,1.282,1.282,1.282,1.282,1.282
2012-02-10 12:00:00,1.333,1.333,1.333,1.333,1.333,1.333,1.333,1.333,1.333,1.333,1.333,1.333,1.333,1.333,1.333,1.333,1.333
2012-02-10 13:00:00,1.485,1.485,1.485,1.485,1.485,1.485,1.485,1.485,1.485,1.485,1.485,1.485,1.485,1.485,1.485,1.485,1.485
2012-02-10 14:00:00,1.807,1.807,1.807,1.807,1.807,1.807,1.807,1.807,1.807,1.807,1.807,1.807,1.807,1.807,1.807,1.807,1.807
2012-02-10 15:00:00,2.071,2.071,2.071,2.071,2.071,2.071,2.071,2.071,2.071,2.071,2.071,2.071,2.071,2.071,2.071,2.071,2.071
2012-02-10 16:00:00,2.071,2.071,2.071,2.071,2.071,2.071,2.071,2.071,2.071,2.071,2.071,2.071,2.071,2.071,2.071,2.071,2.071
2012-02-10 17:00:00,1.667,1.667,1.667,1.667,1.667,1.667,1.667,1.667,1.667,1.667,1.667,1.667,1.667,1.667,1.667,1.667,1.667
2012-02-10 18:00:00,1.292,1.292,1.292,1.292,1.292,1.292,1.292,1.292,1.292,1.292,1.292,1.292,1.292,1.292,1.292,1.292,1.292
2012-02-10 19:00:00,1.01,1.01,1.01,1.01,1.01,1.01,1.01,1.01,1.01,1.01,1.01,1.01,1.01,1.01,1.01,1.01,1.01
2012-02-10 20:00:00,0.777,0.777,0.777,0.777,0.777,0.777,0.777,0.777,0.777,0.777,0.777,0.777,0.777,0.777,0.777,0.777,0.777
2012-02-10 21:00:00,0.596,0.596,0.596,0.596,0.596,0.596,0.596,0.596,0.596,0.596,0.596,0.596,0.596,0.596,0.596,0.596,0.596
2012-02-10 22:00:00,0.424,0.424,0.424,0.424,0.424,0.424,0.424,0.424,0.424,0.424,0.424,0.424,0.424,0.424,0.424,0.424,0.424
2012-02-10 23:00:00,0.223,0.223,0.223,0.223,0.223,0.223,0.223,0.223,0.223,0.223,0.223,0.223,0.223,0.223,0.223,0.223,0.223
2012-02-11 00:00:00,0.233,0.233,0.233,0.233,0.233,0.233,0.233,0.233,0.233,0.233,0.233,0.233,0.233,0.233,0.233,0.233,0.233
2012-02-11 01:00:00,0.182,0.182,0.182,0.182,0.182,0.182,0.182,0.182,0.182,0.182,0.182,0.182,0.182,0.182,0.182,0.182,0.182
2012-02-11 02:00:00,0.152,0.152,0.152,0.152,0.152,0.152,0.152,0.152,0.152,0.152,0.152,0.152,0.152,0.152,0.152,0.152,0.152
2012-02-11 03:00:00,0.152,0.152,0.152,0.152,0.152,0.152,0.152,0.152,0.152,0.152,0.152,0.152,0.152,0.152,0.152,0.152,0.152
2012-02-11 04:00:00,0.182,0.182,0.182,0.182,0.182,0.182,0.182,0.182,0.182,0.182,0.182,0.182,0.182,0.182,0.182,0.182,0.182
2012-02-11 05:00:00,0.333,0.333,0.333,0.333,0.333,0.333,0.333,0.333,0.333,0.333,0.333,0.333,0.333,0.333,0.333,0.333,0.333
2012-02-11 06:00:00,0.465,0.465,0.465,0.465,0.465,0.465,0.465,0.465,0.465,0.465,0.465,0.465,0.465,0.465,0.465,0.465,0.465
2012-02-11 07:00:00,0.596,0.596,0.596,0.596,0.596,0.596,0.596,0.596,0.596,0.596,0.596,0.596,0.596,0.596,0.596,0.596,0.596
2012-02-11 08:00:00,0.808,0.808,0.808,0.808,0.808,0.808,0.808,0.808,0.808,0.808,0.808,0.808,0.808,0.808,0.808,0.808,0.808
2012-02-11 09:00:00,1.02,1.02,1.02,1.02,1.02,1.02,1.02,1.02,1.02,1.02,1.02,1.02,1.02,1.02,1.02,1.02,1.02
2012-02-11 10:00:00,1.282,1.282,1.282,1.282,1.282,1.282,1.282,1.282,1.282,1.282,1.282,1.282,1.282,1.282,1.282,1.282,1.282
2012-02-11 11:00:00,1.404,1.404,1.404,1.404,1.404,1.404,1.404,1.404,1.404,1.404,1.404,1.404,1.404,1.404,1.404,1.404,1.404
2012-02-11 12:00:00,1.464,1.464,1.464,1.464,1.464,1.464,1.464,1.464,1.464,1.464,1.464,1.464,1.464,1.464,1.464,1.464,1.464
2012-02-11 13:00:00,1.485,1.485,1.485,1.485,1.485,1.485,1.485,1.485,1.485,1.485,1.485,1.485,1.485,1.485,1.485,1.485,1.485
2012-02-11 14:00:00,1.454,1.454,1.454,1.454,1.454,1.454,1.454,1.454,1.454,1.454,1.454,1.454,1.454,1.454,1.454,1.454,1.454
2012-02-11 15:00:00,1.383,1.383,1.383,1.383,1.383,1.383,1.383,1.383,1.383,1.383,1.383,1.383,1.383,1.383,1.383,1.383,1.383
2012-02-11 16:00:00,1.272,1.272,1.272,1.272,1.272,1.272,1.272,1.272,1.272,1.272,1.272,1.272,1.272,1.272,1.272,1.272,1.272
2012-02-11 17:00:00,1.172,1.172,1.172,1.172,1.172,1.172,1.172,1.172,1.172,1.172,1.172,1.172,1.172,1.172,1.172,1.172,1.172
2012-02-11 18:00:00,1.04,1.04,1.04,1.04,1.04,1.04,1.04,1.04,1.04,1.04,1.04,1.04,1.04,1.04,1.04,1.04,1.04
2012-02-11 19:00:00,0.899,0.899,0.899,0.899,0.899,0.899,0.899,0.899,0.899,0.899,0.899,0.899,0.899,0.899,0.899,0.899,0.899
2012-02-11 20:00:00,0.748,0.748,0.748,0.748,0.748,0.748,0.748,0.748,0.748,0.748,0.748,0.748,0.748,0.748,0.748,0.748,0.748
2012-02-11 21:00:00,0.566,0.566,0.566,0.566,0.566,0.566,0.566,0.566,0.566,0.566,0.566,0.566,0.566,0.566,0.566,0.566,0.566
2012-02-11 22:00:00,0.414,0.414,0.414,0.414,0.414,0.414,0.414,0.414,0.414,0.414,0.414,0.414,0.414,0.414,0.414,0.414,0.414
2012-02-11 23:00:00,0.272,0.272,0.272,0.272,0.272,0.272,0.272,0.272,0.272,0.272,0.272,0.272,0.272,0.272,0.272,0.272,0.272
2012-02-12 00:00:00,0.213,0.213,0.213,0.213,0.213,0.213,0.213,0.213,0.213,0.213,0.213,0.213,0.213,0.213,0.213,0.213,0.213
2012-02-12 01:00:00,0.172,0.172,0.172,0.172,0.172,0.172,0.172,0.172,0.172,0.172,0.172,0.172,0.172,0.172,0.172,0.172,0.172
2012-02-12 02:00:00,0.142,0.142,0.142,0.142,0.142,0.142,0.142,0.142,0.142,0.142,0.142,0.142,0.142,0.142,0.142,0.142,0.142
2012-02-12 03:00:00,0.111,0.111,0.111,0.111,0.111,0.111,0.111,0.111,0.111,0.111,0.111,0.111,0.111,0.111,0.111,0.111,0.111
2012-02-12 04:00:00,0.121,0.121,0.121,0.121,0.121,0.121,0.121,0.121,0.121,0.121,0.121,0.121,0.121,0.121,0.121,0.121,0.121
2012-02-12 05:00:00,0.202,0.202,0.202,0.202,0.202,0.202,0.202,0.202,0.202,0.202,0.202,0.202,0.202,0.202,0.202,0.202,0.202
2012-02-12 06:00:00,0.282,0.282,0.282,0.282,0.282,0.282,0.282,0.282,0.282,0.282,0.282,0.282,0.282,0.282,0.282,0.282,0.282
2012-02-12 07:00:00,0.373,0.373,0.373,0.373,0.373,0.373,0.373,0.373,0.373,0.373,0.373,0.373,0.373,0.373,0.373,0.373,0.373
2012-02-12 08:00:00,0.505,0.505,0.505,0.505,0.505,0.505,0.505,0.505,0.505,0.505,0.505,0.505,0.505,0.505,0.505,0.505,0.505
2012-02-12 09:00:00,0.718,0.718,0.718,0.718,0.718,0.718,0.718,0.718,0.718,0.718,0.718,0.718,0.718,0.718,0.718,0.718,0.718
2012-02-12 10:00:00,0.949,0.949,0.949,0.949,0.949,0.949,0.949,0.949,0.949,0.949,0.949,0.949,0.949,0.949,0.949,0.949,0.949
2012-02-12 11:00:00,1.142,1.142,1.142,1.142,1.142,1.142,1.142,1.142,1.142,1.142,1.142,1.142,1.142,1.142,1.142,1.142,1.142
2012-02-12 12:00:00,1.262,1.262,1.262,1.262,1.262,1.262,1.262,1.262,1.262,1.262,1.262,1.262,1.262,1.262,1.262,1.262,1.262
2012-02-12 13:00:00,1.333,1.333,1.333,1.333,1.333,1.333,1.333,1.333,1.333,1.333,1.333,1.333,1.333,1.333,1.333,1.333,1.333
2012-02-12 14:00:00,1.414,1.414,1.414,1.414,1.414,1.414,1.414,1.414,1.414,1.414,1.414,1.414,1.414,1.414,1.414,1.414,1.414
2012-02-12 15:00:00,1.424,1.424,1.424,1.424,1.424,1.424,1.424,1.424,1.424,1.424,1.424,1.424,1.424,1.424,1.424,1.424,1.424
2012-02-12 16:00:00,1.444,1.444,1.444,1.444,1.444,1.444,1.444,1.444,1.444,1.444,1.444,1.444,1.444,1.444,1.444,1.444,1.444
2012-02-12 17:00:00,1.404,1.404,1.404,1.404,1.404,1.404,1.404,1.404,1.404,1.404,1.404,1.404,1.404,1.404,1.404,1.404,1.404
2012-02-12 18:00:00,1.343,1.343,1.343,1.343,1.343,1.343,1.343,1.343,1.343,1.343,1.343,1.343,1.343,1.343,1.343,1.343,1.343
2012-02-12 19:00:00,1.192,1.192,1.192,1.192,1.192,1.192,1.192,1.192,1.192,1.192,1.192,1.192,1.192,1.192,1.192,1.192,1.192
2012-02-12 20:00:00,0.929,0.929,0.929,0.929,0.929,0.929,0.929,0.929,0.929,0.929,0.929,0.929,0.929,0.929,0.929,0.929,0.929
2012-02-12 21:00:00,0.657,0.657,0.657,0.657,0.657,0.657,0.657,0.657,0.657,0.657,0.657,0.657,0.657,0.657,0.657,0.657,0.657
2012-02-12 22:00:00,0.404,0.404,0.404,0.404,0.404,0.404,0.404,0.404,0.404,0.404,0.404,0.404,0.404,0.404,0.404,0.404,0.404
2012-02-12 23:00:00,0.223,0.223,0.223,0.223,0.223,0.223,0.223,0.223,0.223,0.223,0.223,0.223,0.223,0.223,0.223,0.223,0.223
2012-02-13 00:00:00,0.111,0.111,0.111,0.111,0.111,0.111,0.111,0.111,0.111,0.111,0.111,0.111,0.111,0.111,0.111,0.111,0.111
2012-02-13 01:00:00,0.081,0.081,0.081,0.081,0.081,0.081,0.081,0.081,0.081,0.081,0.081,0.081,0.081,0.081,0.081,0.081,0.081
2012-02-13 02:00:00,0.081,0.081,0.081,0.081,0.081,0.081,0.081,0.081,0.081,0.081,0.081,0.081,0.081,0.081,0.081,0.081,0.081
2012-02-13 03:00:00,0.091,0.091,0.091,0.091,0.091,0.091,0.091,0.091,0.091,0.091,0.091,0.091,0.091,0.091,0.091,0.091,0.091
2012-02-13 04:00:00,0.182,0.182,0.182,0.182,0.182,0.182,0.182,0.182,0.182,0.182,0.182,0.182,0.182,0.182,0.182,0.182,0.182
2012-02-13 05:00:00,0.606,0.606,0.606,0.606,0.606,0.606,0.606,0.606,0.606,0.606,0.606,0.606,0.606,0.606,0.606,0.606,0.606
2012-02-13 06:00:00,1.142,1.142,1.142,1.142,1.142,1.142,1.142,1.142,1.142,1.142,1.142,1.142,1.142,1.142,1.142,1.142,1.142
2012-02-13 07:00:00,1.566,1.566,1.566,1.566,1.566,1.566,1.566,1.566,1.566,1.566,1.566,1.566,1.566,1.566,1.566,1.566,1.566
2012-02-13 08:00:00,1.424,1.424,1.424,1.424,1.424,1.424,1.424,1.424,1.424,1.424,1.424,1.424,1.424,1.424,1.424,1.424,1.424
2012-02-13 09:00:00,1.182,1.182,1.182,1.182,1.182,1.182,1.182,1.182,1.182,1.182,1.182,1.182,1.182,1.182,1.182,1.182,1.182
2012-02-13 10:00:00,1.142,1.142,1.142,1.142,1.142,1.142,1.142,1.142,1.142,1.142,1.142,1.142,1.142,1.142,1.142,1.142,1.142
2012-02-13 11:00:00,1.172,1.172,1.172,1.172,1.172,1.172,1.172,1.172,1.172,1.172,1.172,1.172,1.172,1.172,1.172,1.172,1.172
2012-02-13 12:00:00,1.212,1.212,1.212,1.212,1.212,1.212,1.212,1.212,1.212,1.212,1.212,1.212,1.212,1.212,1.212,1.212,1.212
2012-02-13 13:00:00,1.353,1.353,1.353,1.353,1.353,1.353,1.353,1.353,1.353,1.353,1.353,1.353,1.353,1.353,1.353,1.353,1.353
2012-02-13 14:00:00,1.647,1.647,1.647,1.647,1.647,1.647,1.647,1.647,1.647,1.647,1.647,1.647,1.647,1.647,1.647,1.647,1.647
2012-02-13 15:00:00,1.888,1.888,1.888,1.888,1.888,1.888,1.888,1.888,1.888,1.888,1.888,1.888,1.888,1.888,1.888,1.888,1.888
2012-02-13 16:00:00,1.888,1.888,1.888,1.888,1.888,1.888,1.888,1.888,1.888,1.888,1.888,1.888,1.888,1.888,1.888,1.888,1.888
2012-02-13 17:00:00,1.515,1.515,1.515,1.515,1.515,1.515,1.515,1.515,1.515,1.515,1.515,1.515,1.515,1.515,1.515,1.515,1.515
2012-02-13 18:00:00,1.182,1.182,1.182,1.182,1.182,1.182,1.182,1.182,1.182,1.182,1.182,1.182,1.182,1.182,1.182,1.182,1.182
2012-02-13 19:00:00,0.919,0.919,0.919,0.919,0.919,0.919,0.919,0.919,0.919,0.919,0.919,0.919,0.919,0.919,0.919,0.919,0.919
2012-02-13 20:00:00,0.707,0.707,0.707,0.707,0.707,0.707,0.707,0.707,0.707,0.707,0.707,0.707,0.707,0.707,0.707,0.707,0.707
2012-02-13 21:00:00,0.535,0.535,0.535,0.535,0.535,0.535,0.535,0.535,0.535,0.535,0.535,0.535,0.535,0.535,0.535,0.535,0.535
2012-02-13 22:00:00,0.384,0.384,0.384,0.384,0.384,0.384,0.384,0.384,0.384,0.384,0.384,0.384,0.384,0.384,0.384,0.384,0.384
2012-02-13 23:00:00,0.202,0.202,0.202,0.202,0.202,0.202,0.202,0.202,0.202,0.202,0.202,0.202,0.202,0.202,0.202,0.202,0.202
2012-02-14 00:00:00,0.101,0.101,0.101,0.101,0.101,0.101,0.101,0.101,0.101,0.101,0.101,0.101,0.101,0.101,0.101,0.101,0.101
2012-02-14 01:00:00,0.081,0.081,0.081,0.081,0.081,0.081,0.081,0.081,0.081,0.081,0.081,0.081,0.081,0.081,0.081,0.081,0.081
2012-02-14 02:00:00,0.081,0.081,0.081,0.081,0.081,0.081,0.081,0.081,0.081,0.081,0.081,0.081,0.081,0.081,0.081,0.081,0.081
2012-02-14 03:00:00,0.091,0.091,0.091,0.091,0.091,0.091,0.091,0.091,0.091,0.091,0.091,0.091,0.091,0.091,0.091,0.091,0.091
2012-02-14 04:00:00,0.172,0.172,0.172,0.172,0.172,0.172,0.172,0.172,0.172,0.172,0.172,0.172,0.172,0.172,0.172,0.172,0.172
2012-02-14 05:00:00,0.586,0.586,0.586,0.586,0.586,0.586,0.586,0.586,0.586,0.586,0.586,0.586,0.586,0.586,0.586,0.586,0.586
2012-02-14 06:00:00,1.111,1.111,1.111,1.111,1.111,1.111,1.111,1.111,1.111,1.111,1.111,1.111,1.111,1.111,1.111,1.111,1.111
2012-02-14 07:00:00,1.515,1.515,1.515,1.515,1.515,1.515,1.515,1.515,1.515,1.515,1.515,1.515,1.515,1.515,1.515,1.515,1.515
2012-02-14 08:00:00,1.373,1.373,1.373,1.373,1.373,1.373,1.373,1.373,1.373,1.373,1.373,1.373,1.373,1.373,1.373,1.373,1.373
2012-02-14 09:00:00,1.152,1.152,1.152,1.152,1.152,1.152,1.152,1.152,1.152,1.152,1.152,1.152,1.152,1.152,1.152,1.152,1.152
2012-02-14 10:00:00,1.111,1.111,1.111,1.111,1.111,1.111,1.111,1.111,1.111,1.111,1.111,1.111,1.111,1.111,1.111,1.111,1.111
2012-02-14 11:00:00,1.131,1.131,1.131,1.131,1.131,1.131,1.131,1.131,1.131,1.131,1.131,1.131,1.131,1.131,1.131,1.131,1.131
2012-02-14 12:00:00,1.182,1.182,1.182,1.182,1.182,1.182,1.182,1.182,1.182,1.182,1.182,1.182,1.182,1.182,1.182,1.182,1.182
2012-02-14 13:00:00,1.313,1.313,1.313,1.313,1.313,1.313,1.313,1.313,1.313,1.313,1.313,1.313,1.313,1.313,1.313,1.313,1.313
2012-02-14 14:00:00,1.596,1.596,1.596,1.596,1.596,1.596,1.596,1.596,1.596,1.596,1.596,1.596,1.596,1.596,1.596,1.596,1.596
2012-02-14 15:00:00,1.828,1.828,1.828,1.828,1.828,1.828,1.828,1.828,1.828,1.828,1.828,1.828,1.828,1.828,1.828,1.828,1.828
2012-02-14 16:00:00,1.838,1.838,1.838,1.838,1.838,1.838,1.838,1.838,1.838,1.838,1.838,1.838,1.838,1.838,1.838,1.838,1.838
2012-02-14 17:00:00,1.475,1.475,1.475,1.475,1.475,1.475,1.475,1.475,1.475,1.475,1.475,1.475,1.475,1.475,1.475,1.475,1.475
2012-02-14 18:00:00,1.142,1.142,1.142,1.142,1.142,1.142,1.142,1.142,1.142,1.142,1.142,1.142,1.142,1.142,1.142,1.142,1.142
2012-02-14 19:00:00,0.889,0.889,0.889,0.889,0.889,0.889,0.889,0.889,0.889,0.889,0.889,0.889,0.889,0.889,0.889,0.889,0.889
2012-02-14 20:00:00,0.687,0.687,0.687,0.687,0.687,0.687,0.687,0.687,0.687,0.687,0.687,0.687,0.687,0.687,0.687,0.687,0.687
2012-02-14 21:00:00,0.525,0.525,0.525,0.525,0.525,0.525,0.525,0.525,0.525,0.525,0.525,0.525,0.525,0.525,0.525,0.525,0.525
2012-02-14 22:00:00,0.373,0.373,0.373,0.373,0.373,0.373,0.373,0.373,0.373,0.373,0.373,0.373,0.373,0.373,0.373,0.373,0.373
2012-02-14 23:00:00,0.192,0.192,0.192,0.192,0.192,0.192,0.192,0.192,0.192,0.192,0.192,0.192,0.192,0.192,0.192,0.192,0.192
2012-02-15 00:00:00,0.111,0.111,0.111,0.111,0.111,0.111,0.111,0.111,0.111,0.111,0.111,0.111,0.111,0.111,0.111,0.111,0.111
2012-02-15 01:00:00,0.081,0.081,0.081,0.081,0.081,0.081,0.081,0.081,0.081,0.081,0.081,0.081,0.081,0.081,0.081,0.081,0.081
2012-02-15 02:00:00,0.081,0.081,0.081,0.081,0.081,0.081,0.081,0.081,0.081,0.081,0.081,0.081,0.081,0.081,0.081,0.081,0.081
2012-02-15 03:00:00,0.091,0.091,0.091,0.091,0.091,0.091,0.091,0.091,0.091,0.091,0.091,0.091,0.091,0.091,0.091,0.091,0.091
2012-02-15 04:00:00,0.182,0.182,0.182,0.182,0.182,0.182,0.182,0.182,0.182,0.182,0.182,0.182,0.182,0.182,0.182,0.182,0.182
2012-02-15 05:00:00,0.596,0.596,0.596,0.596,0.596,0.596,0.596,0.596,0.596,0.596,0.596,0.596,0.596,0.596,0.596,0.596,0.596
2012-02-15 06:00:00,1.142,1.142,1.142,1.142,1.142,1.142,1.142,1.142,1.142,1.142,1.142,1.142,1.142,1.142,1.142,1.142,1.142
2012-02-15 07:00:00,1.555,1.555,1.555,1.555,1.555,1.555,1.555,1.555,1.555,1.555,1.555,1.555,1.555,1.555,1.555,1.555,1.555
2012-02-15 08:00:00,1.414,1.414,1.414,1.414,1.414,1.414,1.414,1.414,1.414,1.414,1.414,1.414,1.414,1.414,1.414,1.414,1.414
2012-02-15 09:00:00,1.172,1.172,1.172,1.172,1.172,1.172,1.172,1.172,1.172,1.172,1.172,1.172,1.172,1.172,1.172,1.172,1.172
2012-02-15 10:00:00,1.142,1.142,1.142,1.142,1.142,1.142,1.142,1.142,1.142,1.142,1.142,1.142,1.142,1.142,1.142,1.142,1.142
2012-02-15 11:00:00,1.162,1.162,1.162,1.162,1.162,1.162,1.162,1.162,1.162,1.162,1.162,1.162,1.162,1.162,1.162,1.162,1.162
2012-02-15 12:00:00,1.212,1.212,1.212,1.212,1.212,1.212,1.212,1.212,1.212,1.212,1.212,1.212,1.212,1.212,1.212,1.212,1.212
2012-02-15 13:00:00,1.343,1.343,1.343,1.343,1.343,1.343,1.343,1.343,1.343,1.343,1.343,1.343,1.343,1.343,1.343,1.343,1.343
2012-02-15 14:00:00,1.636,1.636,1.636,1.636,1.636,1.636,1.636,1.636,1.636,1.636,1.636,1.636,1.636,1.636,1.636,1.636,1.636
2012-02-15 15:00:00,1.878,1.878,1.878,1.878,1.878,1.878,1.878,1.878,1.878,1.878,1.878,1.878,1.878,1.878,1.878,1.878,1.878
2012-02-15 16:00:00,1.878,1.878,1.878,1.878,1.878,1.878,1.878,1.878,1.878,1.878,1.878,1.878,1.878,1.878,1.878,1.878,1.878
2012-02-15 17:00:00,1.515,1.515,1.515,1.515,1.515,1.515,1.515,1.515,1.515,1.515,1.515,1.515,1.515,1.515,1.515,1.515,1.515
2012-02-15 18:00:00,1.172,1.172,1.172,1.172,1.172,1.172,1.172,1.172,1.172,1.172,1.172,1.172,1.172,1.172,1.172,1.172,1.172
2012-02-15 19:00:00,0.919,0.919,0.919,0.919,0.919,0.919,0.919,0.919,0.919,0.919,0.919,0.919,0.919,0.919,0.919,0.919,0.919
2012-02-15 20:00:00,0.707,0.707,0.707,0.707,0.707,0.707,0.707,0.707,0.707,0.707,0.707,0.707,0.707,0.707,0.707,0.707,0.707
2012-02-15 21:00:00,0.535,0.535,0.535,0.535,0.535,0.535,0.535,0.535,0.535,0.535,0.535,0.535,0.535,0.535,0.535,0.535,0.535
2012-02-15 22:00:00,0.384,0.384,0.384,0.384,0.384,0.384,0.384,0.384,0.384,0.384,0.384,0.384,0.384,0.384,0.384,0.384,0.384
2012-02-15 23:00:00,0.202,0.202,0.202,0.202,0.202,0.202,0.202,0.202,0.202,0.202,0.202,0.202,0.202,0.202,0.202,0.202,0.202
2012-02-16 00:00:00,0.111,0.111,0.111,0.111,0.111,0.111,0.111,0.111,0.111,0.111,0.111,0.111,0.111,0.111,0.111,0.111,0.111
2012-02-16 01:00:00,0.081,0.081,0.081,0.081,0.081,0.081,0.081,0.081,0.081,0.081,0.081,0.081,0.081,0.081,0.081,0.081,0.081
2012-02-16 02:00:00,0.081,0.081,0.081,0.081,0.081,0.081,0.081,0.081,0.081,0.081,0.081,0.081,0.081,0.081,0.081,0.081,0.081
2012-02-16 03:00:00,0.101,0.101,0.101,0.101,0.101,0.101,0.101,0.101,0.101,0.101,0.101,0.101,0.101,0.101,0.101,0.101,0.101
2012-02-16 04:00:00,0.182,0.182,0.182,0.182,0.182,0.182,0.182,0.182,0.182,0.182,0.182,0.182,0.182,0.182,0.182,0.182,0.182
2012-02-16 05:00:00,0.616,0.616,0.616,0.616,0.616,0.616,0.616,0.616,0.616,0.616,0.616,0.616,0.616,0.616,0.616,0.616,0.616
2012-02-16 06:00:00,1.172,1.172,1.172,1.172,1.172,1.172,1.172,1.172,1.172,1.172,1.172,1.172,1.172,1.172,1.172,1.172,1.172
2012-02-16 07:00:00,1.606,1.606,1.606,1.606,1.606,1.606,1.606,1.606,1.606,1.606,1.606,1.606,1.606,1.606,1.606,1.606,1.606
2012-02-16 08:00:00,1.464,1.464,1.464,1.464,1.464,1.464,1.464,1.464,1.464,1.464,1.464,1.464,1.464,1.464,1.464,1.464,1.464
2012-02-16 09:00:00,1.212,1.212,1.212,1.212,1.212,1.212,1.212,1.212,1.212,1.212,1.212,1.212,1.212,1.212,1.212,1.212,1.212
2012-02-16 10:00:00,1.172,1.172,1.172,1.172,1.172,1.172,1.172,1.172,1.172,1.172,1.172,1.172,1.172,1.172,1.172,1.172,1.172
2012-02-16 11:00:00,1.202,1.202,1.202,1.202,1.202,1.202,1.202,1.202,1.202,1.202,1.202,1.202,1.202,1.202,1.202,1.202,1.202
2012-02-16 12:00:00,1.253,1.253,1.253,1.253,1.253,1.253,1.253,1.253,1.253,1.253,1.253,1.253,1.253,1.253,1.253,1.253,1.253
2012-02-16 13:00:00,1.383,1.383,1.383,1.383,1.383,1.383,1.383,1.383,1.383,1.383,1.383,1.383,1.383,1.383,1.383,1.383,1.383
2012-02-16 14:00:00,1.697,1.697,1.697,1.697,1.697,1.697,1.697,1.697,1.697,1.697,1.697,1.697,1.697,1.697,1.697,1.697,1.697
2012-02-16 15:00:00,1.939,1.939,1.939,1.939,1.939,1.939,1.939,1.939,1.939,1.939,1.939,1.939,1.939,1.939,1.939,1.939,1.939
2012-02-16 16:00:00,1.949,1.949,1.949,1.949,1.949,1.949,1.949,1.949,1.949,1.949,1.949,1.949,1.949,1.949,1.949,1.949,1.949
2012-02-16 17:00:00,1.566,1.566,1.566,1.566,1.566,1.566,1.566,1.566,1.566,1.566,1.566,1.566,1.566,1.566,1.566,1.566,1.566
2012-02-16 18:00:00,1.212,1.212,1.212,1.212,1.212,1.212,1.212,1.212,1.212,1.212,1.212,1.212,1.212,1.212,1.212,1.212,1.212
2012-02-16 19:00:00,0.949,0.949,0.949,0.949,0.949,0.949,0.949,0.949,0.949,0.949,0.949,0.949,0.949,0.949,0.949,0.949,0.949
2012-02-16 20:00:00,0.728,0.728,0.728,0.728,0.728,0.728,0.728,0.728,0.728,0.728,0.728,0.728,0.728,0.728,0.728,0.728,0.728
2012-02-16 21:00:00,0.556,0.556,0.556,0.556,0.556,0.556,0.556,0.556,0.556,0.556,0.556,0.556,0.556,0.556,0.556,0.556,0.556
2012-02-16 22:00:00,0.394,0.394,0.394,0.394,0.394,0.394,0.394,0.394,0.394,0.394,0.394,0.394,0.394,0.394,0.394,0.394,0.394
2012-02-16 23:00:00,0.202,0.202,0.202,0.202,0.202,0.202,0.202,0.202,0.202,0.202,0.202,0.202,0.202,0.202,0.202,0.202,0.202
2012-02-17 00:00:00,0.121,0.121,0.121,0.121,0.121,0.121,0.121,0.121,0.121,0.121,0.121,0.121,0.121,0.121,0.121,0.121,0.121
2012-02-17 01:00:00,0.091,0.091,0.091,0.091,0.091,0.091,0.091,0.091,0.091,0.091,0.091,0.091,0.091,0.091,0.091,0.091,0.091
2012-02-17 02:00:00,0.091,0.091,0.091,0.091,0.091,0.091,0.091,0.091,0.091,0.091,0.091,0.091,0.091,0.091,0.091,0.091,0.091
2012-02-17 03:00:00,0.101,0.101,0.101,0.101,0.101,0.101,0.101,0.101,0.101,0.101,0.101,0.101,0.101,0.101,0.101,0.101,0.101
2012-02-17 04:00:00,0.202,0.202,0.202,0.202,0.202,0.202,0.202,0.202,0.202,0.202,0.202,0.202,0.202,0.202,0.202,0.202,0.202
2012-02-17 05:00:00,0.657,0.657,0.657,0.657,0.657,0.657,0.657,0.657,0.657,0.657,0.657,0.657,0.657,0.657,0.657,0.657,0.657
2012-02-17 06:00:00,1.253,1.253,1.253,1.253,1.253,1.253,1.253,1.253,1.253,1.253,1.253,1.253,1.253,1.253,1.253,1.253,1.253
2012-02-17 07:00:00,1.717,1.717,1.717,1.717,1.717,1.717,1.717,1.717,1.717,1.717,1.717,1.717,1.717,1.717,1.717,1.717,1.717
2012-02-17 08:00:00,1.555,1.555,1.555,1.555,1.555,1.555,1.555,1.555,1.555,1.555,1.555,1.555,1.555,1.555,1.555,1.555,1.555
2012-02-17 09:00:00,1.302,1.302,1.302,1.302,1.302,1.302,1.302,1.302,1.302,1.302,1.302,1.302,1.302,1.302,1.302,1.302,1.302
2012-02-17 10:00:00,1.253,1.253,1.253,1.253,1.253,1.253,1.253,1.253,1.253,1.253,1.253,1.253,1.253,1.253,1.253,1.253,1.253
2012-02-17 11:00:00,1.282,1.282,1.282,1.282,1.282,1.282,1.282,1.282,1.282,1.282,1.282,1.282,1.282,1.282,1.282,1.282,1.282
2012-02-17 12:00:00,1.333,1.333,1.333,1.333,1.333,1.333,1.333,1.333,1.333,1.333,1.333,1.333,1.333,1.333,1.333,1.333,1.333
2012-02-17 13:00:00,1.485,1.485,1.485,1.485,1.485,1.485,1.485,1.485,1.485,1.485,1.485,1.485,1.485,1.485,1.485,1.485,1.485
2012-02-17 14:00:00,1.807,1.807,1.807,1.807,1.807,1.807,1.807,1.807,1.807,1.807,1.807,1.807,1.807,1.807,1.807,1.807,1.807
2012-02-17 15:00:00,2.071,2.071,2.071,2.071,2.071,2.071,2.071,2.071,2.071,2.071,2.071,2.071,2.071,2.071,2.071,2.071,2.071
2012-02-17 16:00:00,2.071,2.071,2.071,2.071,2.071,2.071,2.071,2.071,2.071,2.071,2.071,2.071,2.071,2.071,2.071,2.071,2.071
2012-02-17 17:00:00,1.667,1.667,1.667,1.667,1.667,1.667,1.667,1.667,1.667,1.667,1.667,1.667,1.667,1.667,1.667,1.667,1.667
2012-02-17 18:00:00,1.292,1.292,1.292,1.292,1.292,1.292,1.292,1.292,1.292,1.292,1.292,1.292,1.292,1.292,1.292,1.292,1.292
2012-02-17 19:00:00,1.01,1.01,1.01,1.01,1.01,1.01,1.01,1.01,1.01,1.01,1.01,1.01,1.01,1.01,1.01,1.01,1.01
2012-02-17 20:00:00,0.777,0.777,0.777,0.777,0.777,0.777,0.777,0.777,0.777,0.777,0.777,0.777,0.777,0.777,0.777,0.777,0.777
2012-02-17 21:00:00,0.596,0.596,0.596,0.596,0.596,0.596,0.596,0.596,0.596,0.596,0.596,0.596,0.596,0.596,0.596,0.596,0.596
2012-02-17 22:00:00,0.424,0.424,0.424,0.424,0.424,0.424,0.424,0.424,0.424,0.424,0.424,0.424,0.424,0.424,0.424,0.424,0.424
2012-02-17 23:00:00,0.223,0.223,0.223,0.223,0.223,0.223,0.223,0.223,0.223,0.223,0.223,0.223,0.223,0.223,0.223,0.223,0.223
2012-02-18 00:00:00,0.233,0.233,0.233,0.233,0.233,0.233,0.233,0.233,0.233,0.233,0.233,0.233,0.233,0.233,0.233,0.233,0.233
2012-02-18 01:00:00,0.182,0.182,0.182,0.182,0.182,0.182,0.182,0.182,0.182,0.182,0.182,0.182,0.182,0.182,0.182,0.182,0.182
2012-02-18 02:00:00,0.152,0.152,0.152,0.152,0.152,0.152,0.152,0.152,0.152,0.152,0.152,0.152,0.152,0.152,0.152,0.152,0.152
2012-02-18 03:00:00,0.152,0.152,0.152,0.152,0.152,0.152,0.152,0.152,0.152,0.152,0.152,0.152,0.152,0.152,0.152,0.152,0.152
2012-02-18 04:00:00,0.182,0.182,0.182,0.182,0.182,0.182,0.182,0.182,0.182,0.182,0.182,0.182,0.182,0.182,0.182,0.182,0.182
2012-02-18 05:00:00,0.333,0.333,0.333,0.333,0.333,0.333,0.333,0.333,0.333,0.333,0.333,0.333,0.333,0.333,0.333,0.333,0.333
2012-02-18 06:00:00,0.465,0.465,0.465,0.465,0.465,0.465,0.465,0.465,0.465,0.465,0.465,0.465,0.465,0.465,0.465,0.465,0.465
2012-02-18 07:00:00,0.596,0.596,0.596,0.596,0.596,0.596,0.596,0.596,0.596,0.596,0.596,0.596,0.596,0.596,0.596,0.596,0.596
2012-02-18 08:00:00,0.808,0.808,0.808,0.808,0.808,0.808,0.808,0.808,0.808,0.808,0.808,0.808,0.808,0.808,0.808,0.808,0.808
2012-02-18 09:00:00,1.02,1.02,1.02,1.02,1.02,1.02,1.02,1.02,1.02,1.02,1.02,1.02,1.02,1.02,1.02,1.02,1.02
2012-02-18 10:00:00,1.282,1.282,1.282,1.282,1.282,1.282,1.282,1.282,1.282,1.282,1.282,1.282,1.282,1.282,1.282,1.282,1.282
2012-02-18 11:00:00,1.404,1.404,1.404,1.404,1.404,1.404,1.404,1.404,1.404,1.404,1.404,1.404,1.404,1.404,1.404,1.404,1.404
2012-02-18 12:00:00,1.464,1.464,1.464,1.464,1.464,1.464,1.464,1.464,1.464,1.464,1.464,1.464,1.464,1.464,1.464,1.464,1.464
2012-02-18 13:00:00,1.485,1.485,1.485,1.485,1.485,1.485,1.485,1.485,1.485,1.485,1.485,1.485,1.485,1.485,1.485,1.485,1.485
2012-02-18 14:00:00,1.454,1.454,1.454,1.454,1.454,1.454,1.454,1.454,1.454,1.454,1.454,1.454,1.454,1.454,1.454,1.454,1.454
2012-02-18 15:00:00,1.383,1.383,1.383,1.383,1.383,1.383,1.383,1.383,1.383,1.383,1.383,1.383,1.383,1.383,1.383,1.383,1.383
2012-02-18 16:00:00,1.272,1.272,1.272,1.272,1.272,1.272,1.272,1.272,1.272,1.272,1.272,1.272,1.272,1.272,1.272,1.272,1.272
2012-02-18 17:00:00,1.172,1.172,1.172,1.172,1.172,1.172,1.172,1.172,1.172,1.172,1.172,1.172,1.172,1.172,1.172,1.172,1.172
2012-02-18 18:00:00,1.04,1.04,1.04,1.04,1.04,1.04,1.04,1.04,1.04,1.04,1.04,1.04,1.04,1.04,1.04,1.04,1.04
2012-02-18 19:00:00,0.899,0.899,0.899,0.899,0.899,0.899,0.899,0.899,0.899,0.899,0.899,0.899,0.899,0.899,0.899,0.899,0.899
2012-02-18 20:00:00,0.748,0.748,0.748,0.748,0.748,0.748,0.748,0.748,0.748,0.748,0.748,0.748,0.748,0.748,0.748,0.748,0.748
2012-02-18 21:00:00,0.566,0.566,0.566,0.566,0.566,0.566,0.566,0.566,0.566,0.566,0.566,0.566,0.566,0.566,0.566,0.566,0.566
2012-02-18 22:00:00,0.414,0.414,0.414,0.414,0.414,0.414,0.414,0.414,0.414,0.414,0.414,0.414,0.414,0.414,0.414,0.414,0.414
2012-02-18 23:00:00,0.272,0.272,0.272,0.272,0.272,0.272,0.272,0.272,0.272,0.272,0.272,0.272,0.272,0.272,0.272,0.272,0.272
2012-02-19 00:00:00,0.213,0.213,0.213,0.213,0.213,0.213,0.213,0.213,0.213,0.213,0.213,0.213,0.213,0.213,0.213,0.213,0.213
2012-02-19 01:00:00,0.172,0.172,0.172,0.172,0.172,0.172,0.172,0.172,0.172,0.172,0.172,0.172,0.172,0.172,0.172,0.172,0.172
2012-02-19 02:00:00,0.142,0.142,0.142,0.142,0.142,0.142,0.142,0.142,0.142,0.142,0.142,0.142,0.142,0.142,0.142,0.142,0.142
2012-02-19 03:00:00,0.111,0.111,0.111,0.111,0.111,0.111,0.111,0.111,0.111,0.111,0.111,0.111,0.111,0.111,0.111,0.111,0.111
2012-02-19 04:00:00,0.121,0.121,0.121,0.121,0.121,0.121,0.121,0.121,0.121,0.121,0.121,0.121,0.121,0.121,0.121,0.121,0.121
2012-02-19 05:00:00,0.202,0.202,0.202,0.202,0.202,0.202,0.202,0.202,0.202,0.202,0.202,0.202,0.202,0.202,0.202,0.202,0.202
2012-02-19 06:00:00,0.282,0.282,0.282,0.282,0.282,0.282,0.282,0.282,0.282,0.282,0.282,0.282,0.282,0.282,0.282,0.282,0.282
2012-02-19 07:00:00,0.373,0.373,0.373,0.373,0.373,0.373,0.373,0.373,0.373,0.373,0.373,0.373,0.373,0.373,0.373,0.373,0.373
2012-02-19 08:00:00,0.505,0.505,0.505,0.505,0.505,0.505,0.505,0.505,0.505,0.505,0.505,0.505,0.505,0.505,0.505,0.505,0.505
2012-02-19 09:00:00,0.718,0.718,0.718,0.718,0.718,0.718,0.718,0.718,0.718,0.718,0.718,0.718,0.718,0.718,0.718,0.718,0.718
2012-02-19 10:00:00,0.949,0.949,0.949,0.949,0.949,0.949,0.949,0.949,0.949,0.949,0.949,0.949,0.949,0.949,0.949,0.949,0.949
2012-02-19 11:00:00,1.142,1.142,1.142,1.142,1.142,1.142,1.142,1.142,1.142,1.142,1.142,1.142,1.142,1.142,1.142,1.142,1.142
2012-02-19 12:00:00,1.262,1.262,1.262,1.262,1.262,1.262,1.262,1.262,1.262,1.262,1.262,1.262,1.262,1.262,1.262,1.262,1.262
2012-02-19 13:00:00,1.333,1.333,1.333,1.333,1.333,1.333,1.333,1.333,1.333,1.333,1.333,1.333,1.333,1.333,1.333,1.333,1.333
2012-02-19 14:00:00,1.414,1.414,1.414,1.414,1.414,1.414,1.414,1.414,1.414,1.414,1.414,1.414,1.414,1.414,1.414,1.414,1.414
2012-02-19 15:00:00,1.424,1.424,1.424,1.424,1.424,1.424,1.424,1.424,1.424,1.424,1.424,1.424,1.424,1.424,1.424,1.424,1.424
2012-02-19 16:00:00,1.444,1.444,1.444,1.444,1.444,1.444,1.444,1.444,1.444,1.444,1.444,1.444,1.444,1.444,1.444,1.444,1.444
2012-02-19 17:00:00,1.404,1.404,1.404,1.404,1.404,1.404,1.404,1.404,1.404,1.404,1.404,1.404,1.404,1.404,1.404,1.404,1.404
2012-02-19 18:00:00,1.343,1.343,1.343,1.343,1.343,1.343,1.343,1.343,1.343,1.343,1.343,1.343,1.343,1.343,1.343,1.343,1.343
2012-02-19 19:00:00,1.192,1.192,1.192,1.192,1.192,1.192,1.192,1.192,1.192,1.192,1.192,1.192,1.192,1.192,1.192,1.192,1.192
2012-02-19 20:00:00,0.929,0.929,0.929,0.929,0.929,0.929,0.929,0.929,0.929,0.929,0.929,0.929,0.929,0.929,0.929,0.929,0.929
2012-02-19 21:00:00,0.657,0.657,0.657,0.657,0.657,0.657,0.657,0.657,0.657,0.657,0.657,0.657,0.657,0.657,0.657,0.657,0.657
2012-02-19 22:00:00,0.404,0.404,0.404,0.404,0.404,0.404,0.404,0.404,0.404,0.404,0.404,0.404,0.404,0.404,0.404,0.404,0.404
2012-02-19 23:00:00,0.223,0.223,0.223,0.223,0.223,0.223,0.223,0.223,0.223,0.223,0.223,0.223,0.223,0.223,0.223,0.223,0.223
2012-02-20 00:00:00,0.111,0.111,0.111,0.111,0.111,0.111,0.111,0.111,0.111,0.111,0.111,0.111,0.111,0.111,0.111,0.111,0.111
2012-02-20 01:00:00,0.081,0.081,0.081,0.081,0.081,0.081,0.081,0.081,0.081,0.081,0.081,0.081,0.081,0.081,0.081,0.081,0.081
2012-02-20 02:00:00,0.081,0.081,0.081,0.081,0.081,0.081,0.081,0.081,0.081,0.081,0.081,0.081,0.081,0.081,0.081,0.081,0.081
2012-02-20 03:00:00,0.091,0.091,0.091,0.091,0.091,0.091,0.091,0.091,0.091,0.091,0.091,0.091,0.091,0.091,0.091,0.091,0.091
2012-02-20 04:00:00,0.182,0.182,0.182,0.182,0.182,0.182,0.182,0.182,0.182,0.182,0.182,0.182,0.182,0.182,0.182,0.182,0.182
2012-02-20 05:00:00,0.606,0.606,0.606,0.606,0.606,0.606,0.606,0.606,0.606,0.606,0.606,0.606,0.606,0.606,0.606,0.606,0.606
2012-02-20 06:00:00,1.142,1.142,1.142,1.142,1.142,1.142,1.142,1.142,1.142,1.142,1.142,1.142,1.142,1.142,1.142,1.142,1.142
2012-02-20 07:00:00,1.566,1.566,1.566,1.566,1.566,1.566,1.566,1.566,1.566,1.566,1.566,1.566,1.566,1.566,1.566,1.566,1.566
2012-02-20 08:00:00,1.424,1.424,1.424,1.424,1.424,1.424,1.424,1.424,1.424,1.424,1.424,1.424,1.424,1.424,1.424,1.424,1.424
2012-02-20 09:00:00,1.182,1.182,1.182,1.182,1.182,1.182,1.182,1.182,1.182,1.182,1.182,1.182,1.182,1.182,1.182,1.182,1.182
2012-02-20 10:00:00,1.142,1.142,1.142,1.142,1.142,1.142,1.142,1.142,1.142,1.142,1.142,1.142,1.142,1.142,1.142,1.142,1.142
2012-02-20 11:00:00,1.172,1.172,1.172,1.172,1.172,1.172,1.172,1.172,1.172,1.172,1.172,1.172,1.172,1.172,1.172,1.172,1.172
2012-02-20 12:00:00,1.212,1.212,1.212,1.212,1.212,1.212,1.212,1.212,1.212,1.212,1.212,1.212,1.212,1.212,1.212,1.212,1.212
2012-02-20 13:00:00,1.353,1.353,1.353,1.353,1.353,1.353,1.353,1.353,1.353,1.353,1.353,1.353,1.353,1.353,1.353,1.353,1.353
2012-02-20 14:00:00,1.647,1.647,1.647,1.647,1.647,1.647,1.647,1.647,1.647,1.647,1.647,1.647,1.647,1.647,1.647,1.647,1.647
2012-02-20 15:00:00,1.888,1.888,1.888,1.888,1.888,1.888,1.888,1.888,1.888,1.888,1.888,1.888,1.888,1.888,1.888,1.888,1.888
2012-02-20 16:00:00,1.888,1.888,1.888,1.888,1.888,1.888,1.888,1.888,1.888,1.888,1.888,1.888,1.888,1.888,1.888,1.888,1.888
2012-02-20 17:00:00,1.515,1.515,1.515,1.515,1.515,1.515,1.515,1.515,1.515,1.515,1.515,1.515,1.515,1.515,1.515,1.515,1.515
2012-02-20 18:00:00,1.182,1.182,1.182,1.182,1.182,1.182,1.182,1.182,1.182,1.182,1.182,1.182,1.182,1.182,1.182,1.182,1.182
2012-02-20 19:00:00,0.919,0.919,0.919,0.919,0.919,0.919,0.919,0.919,0.919,0.919,0.919,0.919,0.919,0.919,0.919,0.919,0.919
2012-02-20 20:00:00,0.707,0.707,0.707,0.707,0.707,0.707,0.707,0.707,0.707,0.707,0.707,0.707,0.707,0.707,0.707,0.707,0.707
2012-02-20 21:00:00,0.535,0.535,0.535,0.535,0.535,0.535,0.535,0.535,0.535,0.535,0.535,0.535,0.535,0.535,0.535,0.535,0.535
2012-02-20 22:00:00,0.384,0.384,0.384,0.384,0.384,0.384,0.384,0.384,0.384,0.384,0.384,0.384,0.384,0.384,0.384,0.384,0.384
2012-02-20 23:00:00,0.202,0.202,0.202,0.202,0.202,0.202,0.202,0.202,0.202,0.202,0.202,0.202,0.202,0.202,0.202,0.202,0.202
2012-02-21 00:00:00,0.101,0.101,0.101,0.101,0.101,0.101,0.101,0.101,0.101,0.101,0.101,0.101,0.101,0.101,0.101,0.101,0.101
2012-02-21 01:00:00,0.081,0.081,0.081,0.081,0.081,0.081,0.081,0.081,0.081,0.081,0.081,0.081,0.081,0.081,0.081,0.081,0.081
2012-02-21 02:00:00,0.081,0.081,0.081,0.081,0.081,0.081,0.081,0.081,0.081,0.081,0.081,0.081,0.081,0.081,0.081,0.081,0.081
2012-02-21 03:00:00,0.091,0.091,0.091,0.091,0.091,0.091,0.091,0.091,0.091,0.091,0.091,0.091,0.091,0.091,0.091,0.091,0.091
2012-02-21 04:00:00,0.172,0.172,0.172,0.172,0.172,0.172,0.172,0.172,0.172,0.172,0.172,0.172,0.172,0.172,0.172,0.172,0.172
2012-02-21 05:00:00,0.586,0.586,0.586,0.586,0.586,0.586,0.586,0.586,0.586,0.586,0.586,0.586,0.586,0.586,0.586,0.586,0.586
2012-02-21 06:00:00,1.111,1.111,1.111,1.111,1.111,1.111,1.111,1.111,1.111,1.111,1.111,1.111,1.111,1.111,1.111,1.111,1.111
2012-02-21 07:00:00,1.515,1.515,1.515,1.515,1.515,1.515,1.515,1.515,1.515,1.515,1.515,1.515,1.515,1.515,1.515,1.515,1.515
2012-02-21 08:00:00,1.373,1.373,1.373,1.373,1.373,1.373,1.373,1.373,1.373,1.373,1.373,1.373,1.373,1.373,1.373,1.373,1.373
2012-02-21 09:00:00,1.152,1.152,1.152,1.152,1.152,1.152,1.152,1.152,1.152,1.152,1.152,1.152,1.152,1.152,1.152,1.152,1.152
2012-02-21 10:00:00,1.111,1.111,1.111,1.111,1.111,1.111,1.111,1.111,1.111,1.111,1.111,1.111,1.111,1.111,1.111,1.111,1.111
2012-02-21 11:00:00,1.131,1.131,1.131,1.131,1.131,1.131,1.131,1.131,1.131,1.131,1.131,1.131,1.131,1.131,1.131,1.131,1.131
2012-02-21 12:00:00,1.182,1.182,1.182,1.182,1.182,1.182,1.182,1.182,1.182,1.182,1.182,1.182,1.182,1.182,1.182,1.182,1.182
2012-02-21 13:00:00,1.313,1.313,1.313,1.313,1.313,1.313,1.313,1.313,1.313,1.313,1.313,1.313,1.313,1.313,1.313,1.313,1.313
2012-02-21 14:00:00,1.596,1.596,1.596,1.596,1.596,1.596,1.596,1.596,1.596,1.596,1.596,1.596,1.596,1.596,1.596,1.596,1.596
2012-02-21 15:00:00,1.828,1.828,1.828,1.828,1.828,1.828,1.828,1.828,1.828,1.828,1.828,1.828,1.828,1.828,1.828,1.828,1.828
2012-02-21 16:00:00,1.838,1.838,1.838,1.838,1.838,1.838,1.838,1.838,1.838,1.838,1.838,1.838,1.838,1.838,1.838,1.838,1.838
2012-02-21 17:00:00,1.475,1.475,1.475,1.475,1.475,1.475,1.475,1.475,1.475,1.475,1.475,1.475,1.475,1.475,1.475,1.475,1.475
2012-02-21 18:00:00,1.142,1.142,1.142,1.142,1.142,1.142,1.142,1.142,1.142,1.142,1.142,1.142,1.142,1.142,1.142,1.142,1.142
2012-02-21 19:00:00,0.889,0.889,0.889,0.889,0.889,0.889,0.889,0.889,0.889,0.889,0.889,0.889,0.889,0.889,0.889,0.889,0.889
2012-02-21 20:00:00,0.687,0.687,0.687,0.687,0.687,0.687,0.687,0.687,0.687,0.687,0.687,0.687,0.687,0.687,0.687,0.687,0.687
2012-02-21 21:00:00,0.525,0.525,0.525,0.525,0.525,0.525,0.525,0.525,0.525,0.525,0.525,0.525,0.525,0.525,0.525,0.525,0.525
2012-02-21 22:00:00,0.373,0.373,0.373,0.373,0.373,0.373,0.373,0.373,0.373,0.373,0.373,0.373,0.373,0.373,0.373,0.373,0.373
2012-02-21 23:00:00,0.192,0.192,0.192,0.192,0.192,0.192,0.192,0.192,0.192,0.192,0.192,0.192,0.192,0.192,0.192,0.192,0.192
2012-02-22 00:00:00,0.111,0.111,0.111,0.111,0.111,0.111,0.111,0.111,0.111,0.111,0.111,0.111,0.111,0.111,0.111,0.111,0.111
2012-02-22 01:00:00,0.081,0.081,0.081,0.081,0.081,0.081,0.081,0.081,0.081,0.081,0.081,0.081,0.081,0.081,0.081,0.081,0.081
2012-02-22 02:00:00,0.081,0.081,0.081,0.081,0.081,0.081,0.081,0.081,0.081,0.081,0.081,0.081,0.081,0.081,0.081,0.081,0.081
2012-02-22 03:00:00,0.091,0.091,0.091,0.091,0.091,0.091,0.091,0.091,0.091,0.091,0.091,0.091,0.091,0.091,0.091,0.091,0.091
2012-02-22 04:00:00,0.182,0.182,0.182,0.182,0.182,0.182,0.182,0.182,0.182,0.182,0.182,0.182,0.182,0.182,0.182,0.182,0.182
2012-02-22 05:00:00,0.596,0.596,0.596,0.596,0.596,0.596,0.596,0.596,0.596,0.596,0.596,0.596,0.596,0.596,0.596,0.596,0.596
2012-02-22 06:00:00,1.142,1.142,1.142,1.142,1.142,1.142,1.142,1.142,1.142,1.142,1.142,1.142,1.142,1.142,1.142,1.142,1.142
2012-02-22 07:00:00,1.555,1.555,1.555,1.555,1.555,1.555,1.555,1.555,1.555,1.555,1.555,1.555,1.555,1.555,1.555,1.555,1.555
2012-02-22 08:00:00,1.414,1.414,1.414,1.414,1.414,1.414,1.414,1.414,1.414,1.414,1.414,1.414,1.414,1.414,1.414,1.414,1.414
2012-02-22 09:00:00,1.172,1.172,1.172,1.172,1.172,1.172,1.172,1.172,1.172,1.172,1.172,1.172,1.172,1.172,1.172,1.172,1.172
2012-02-22 10:00:00,1.142,1.142,1.142,1.142,1.142,1.142,1.142,1.142,1.142,1.142,1.142,1.142,1.142,1.142,1.142,1.142,1.142
2012-02-22 11:00:00,1.162,1.162,1.162,1.162,1.162,1.162,1.162,1.162,1.162,1.162,1.162,1.162,1.162,1.162,1.162,1.162,1.162
2012-02-22 12:00:00,1.212,1.212,1.212,1.212,1.212,1.212,1.212,1.212,1.212,1.212,1.212,1.212,1.212,1.212,1.212,1.212,1.212
2012-02-22 13:00:00,1.343,1.343,1.343,1.343,1.343,1.343,1.343,1.343,1.343,1.343,1.343,1.343,1.343,1.343,1.343,1.343,1.343
2012-02-22 14:00:00,1.636,1.636,1.636,1.636,1.636,1.636,1.636,1.636,1.636,1.636,1.636,1.636,1.636,1.636,1.636,1.636,1.636
2012-02-22 15:00:00,1.878,1.878,1.878,1.878,1.878,1.878,1.878,1.878,1.878,1.878,1.878,1.878,1.878,1.878,1.878,1.878,1.878
2012-02-22 16:00:00,1.878,1.878,1.878,1.878,1.878,1.878,1.878,1.878,1.878,1.878,1.878,1.878,1.878,1.878,1.878,1.878,1.878
2012-02-22 17:00:00,1.515,1.515,1.515,1.515,1.515,1.515,1.515,1.515,1.515,1.515,1.515,1.515,1.515,1.515,1.515,1.515,1.515
2012-02-22 18:00:00,1.172,1.172,1.172,1.172,1.172,1.172,1.172,1.172,1.172,1.172,1.172,1.172,1.172,1.172,1.172,1.172,1.172
2012-02-22 19:00:00,0.919,0.919,0.919,0.919,0.919,0.919,0.919,0.919,0.919,0.919,0.919,0.919,0.919,0.919,0.919,0.919,0.919
2012-02-22 20:00:00,0.707,0.707,0.707,0.707,0.707,0.707,0.707,0.707,0.707,0.707,0.707,0.707,0.707,0.707,0.707,0.707,0.707
2012-02-22 21:00:00,0.535,0.535,0.535,0.535,0.535,0.535,0.535,0.535,0.535,0.535,0.535,0.535,0.535,0.535,0.535,0.535,0.535
2012-02-22 22:00:00,0.384,0.384,0.384,0.384,0.384,0.384,0.384,0.384,0.384,0.384,0.384,0.384,0.384,0.384,0.384,0.384,0.384
2012-02-22 23:00:00,0.202,0.202,0.202,0.202,0.202,0.202,0.202,0.202,0.202,0.202,0.202,0.202,0.202,0.202,0.202,0.202,0.202
2012-02-23 00:00:00,0.111,0.111,0.111,0.111,0.111,0.111,0.111,0.111,0.111,0.111,0.111,0.111,0.111,0.111,0.111,0.111,0.111
2012-02-23 01:00:00,0.081,0.081,0.081,0.081,0.081,0.081,0.081,0.081,0.081,0.081,0.081,0.081,0.081,0.081,0.081,0.081,0.081
2012-02-23 02:00:00,0.081,0.081,0.081,0.081,0.081,0.081,0.081,0.081,0.081,0.081,0.081,0.081,0.081,0.081,0.081,0.081,0.081
2012-02-23 03:00:00,0.101,0.101,0.101,0.101,0.101,0.101,0.101,0.101,0.101,0.101,0.101,0.101,0.101,0.101,0.101,0.101,0.101
2012-02-23 04:00:00,0.182,0.182,0.182,0.182,0.182,0.182,0.182,0.182,0.182,0.182,0.182,0.182,0.182,0.182,0.182,0.182,0.182
2012-02-23 05:00:00,0.616,0.616,0.616,0.616,0.616,0.616,0.616,0.616,0.616,0.616,0.616,0.616,0.616,0.616,0.616,0.616,0.616
2012-02-23 06:00:00,1.172,1.172,1.172,1.172,1.172,1.172,1.172,1.172,1.172,1.172,1.172,1.172,1.172,1.172,1.172,1.172,1.172
2012-02-23 07:00:00,1.606,1.606,1.606,1.606,1.606,1.606,1.606,1.606,1.606,1.606,1.606,1.606,1.606,1.606,1.606,1.606,1.606
2012-02-23 08:00:00,1.464,1.464,1.464,1.464,1.464,1.464,1.464,1.464,1.464,1.464,1.464,1.464,1.464,1.464,1.464,1.464,1.464
2012-02-23 09:00:00,1.212,1.212,1.212,1.212,1.212,1.212,1.212,1.212,1.212,1.212,1.212,1.212,1.212,1.212,1.212,1.212,1.212
2012-02-23 10:00:00,1.172,1.172,1.172,1.172,1.172,1.172,1.172,1.172,1.172,1.172,1.172,1.172,1.172,1.172,1.172,1.172,1.172
2012-02-23 11:00:00,1.202,1.202,1.202,1.202,1.202,1.202,1.202,1.202,1.202,1.202,1.202,1.202,1.202,1.202,1.202,1.202,1.202
2012-02-23 12:00:00,1.253,1.253,1.253,1.253,1.253,1.253,1.253,1.253,1.253,1.253,1.253,1.253,1.253,1.253,1.253,1.253,1.253
2012-02-23 13:00:00,1.383,1.383,1.383,1.383,1.383,1.383,1.383,1.383,1.383,1.383,1.383,1.383,1.383,1.383,1.383,1.383,1.383
2012-02-23 14:00:00,1.697,1.697,1.697,1.697,1.697,1.697,1.697,1.697,1.697,1.697,1.697,1.697,1.697,1.697,1.697,1.697,1.697
2012-02-23 15:00:00,1.939,1.939,1.939,1.939,1.939,1.939,1.939,1.939,1.939,1.939,1.939,1.939,1.939,1.939,1.939,1.939,1.939
2012-02-23 16:00:00,1.949,1.949,1.949,1.949,1.949,1.949,1.949,1.949,1.949,1.949,1.949,1.949,1.949,1.949,1.949,1.949,1.949
2012-02-23 17:00:00,1.566,1.566,1.566,1.566,1.566,1.566,1.566,1.566,1.566,1.566,1.566,1.566,1.566,1.566,1.566,1.566,1.566
2012-02-23 18:00:00,1.212,1.212,1.212,1.212,1.212,1.212,1.212,1.212,1.212,1.212,1.212,1.212,1.212,1.212,1.212,1.212,1.212
2012-02-23 19:00:00,0.949,0.949,0.949,0.949,0.949,0.949,0.949,0.949,0.949,0.949,0.949,0.949,0.949,0.949,0.949,0.949,0.949
2012-02-23 20:00:00,0.728,0.728,0.728,0.728,0.728,0.728,0.728,0.728,0.728,0.728,0.728,0.728,0.728,0.728,0.728,0.728,0.728
2012-02-23 21:00:00,0.556,0.556,0.556,0.556,0.556,0.556,0.556,0.556,0.556,0.556,0.556,0.556,0.556,0.556,0.556,0.556,0.556
2012-02-23 22:00:00,0.394,0.394,0.394,0.394,0.394,0.394,0.394,0.394,0.394,0.394,0.394,0.394,0.394,0.394,0.394,0.394,0.394
2012-02-23 23:00:00,0.202,0.202,0.202,0.202,0.202,0.202,0.202,0.202,0.202,0.202,0.202,0.202,0.202,0.202,0.202,0.202,0.202
2012-02-24 00:00:00,0.121,0.121,0.121,0.121,0.121,0.121,0.121,0.121,0.121,0.121,0.121,0.121,0.121,0.121,0.121,0.121,0.121
2012-02-24 01:00:00,0.091,0.091,0.091,0.091,0.091,0.091,0.091,0.091,0.091,0.091,0.091,0.091,0.091,0.091,0.091,0.091,0.091
2012-02-24 02:00:00,0.091,0.091,0.091,0.091,0.091,0.091,0.091,0.091,0.091,0.091,0.091,0.091,0.091,0.091,0.091,0.091,0.091
2012-02-24 03:00:00,0.101,0.101,0.101,0.101,0.101,0.101,0.101,0.101,0.101,0.101,0.101,0.101,0.101,0.101,0.101,0.101,0.101
2012-02-24 04:00:00,0.202,0.202,0.202,0.202,0.202,0.202,0.202,0.202,0.202,0.202,0.202,0.202,0.202,0.202,0.202,0.202,0.202
2012-02-24 05:00:00,0.657,0.657,0.657,0.657,0.657,0.657,0.657,0.657,0.657,0.657,0.657,0.657,0.657,0.657,0.657,0.657,0.657
2012-02-24 06:00:00,1.253,1.253,1.253,1.253,1.253,1.253,1.253,1.253,1.253,1.253,1.253,1.253,1.253,1.253,1.253,1.253,1.253
2012-02-24 07:00:00,1.717,1.717,1.717,1.717,1.717,1.717,1.717,1.717,1.717,1.717,1.717,1.717,1.717,1.717,1.717,1.717,1.717
2012-02-24 08:00:00,1.555,1.555,1.555,1.555,1.555,1.555,1.555,1.555,1.555,1.555,1.555,1.555,1.555,1.555,1.555,1.555,1.555
2012-02-24 09:00:00,1.302,1.302,1.302,1.302,1.302,1.302,1.302,1.302,1.302,1.302,1.302,1.302,1.302,1.302,1.302,1.302,1.302
2012-02-24 10:00:00,1.253,1.253,1.253,1.253,1.253,1.253,1.253,1.253,1.253,1.253,1.253,1.253,1.253,1.253,1.253,1.253,1.253
2012-02-24 11:00:00,1.282,1.282,1.282,1.282,1.282,1.282,1.282,1.282,1.282,1.282,1.282,1.282,1.282,1.282,1.282,1.282,1.282
2012-02-24 12:00:00,1.333,1.333,1.333,1.333,1.333,1.333,1.333,1.333,1.333,1.333,1.333,1.333,1.333,1.333,1.333,1.333,1.333
2012-02-24 13:00:00,1.485,1.485,1.485,1.485,1.485,1.485,1.485,1.485,1.485,1.485,1.485,1.485,1.485,1.485,1.485,1.485,1.485
2012-02-24 14:00:00,1.807,1.807,1.807,1.807,1.807,1.807,1.807,1.807,1.807,1.807,1.807,1.807,1.807,1.807,1.807,1.807,1.807
2012-02-24 15:00:00,2.071,2.071,2.071,2.071,2.071,2.071,2.071,2.071,2.071,2.071,2.071,2.071,2.071,2.071,2.071,2.071,2.071
2012-02-24 16:00:00,2.071,2.071,2.071,2.071,2.071,2.071,2.071,2.071,2.071,2.071,2.071,2.071,2.071,2.071,2.071,2.071,2.071
2012-02-24 17:00:00,1.667,1.667,1.667,1.667,1.667,1.667,1.667,1.667,1.667,1.667,1.667,1.667,1.667,1.667,1.667,1.667,1.667
2012-02-24 18:00:00,1.292,1.292,1.292,1.292,1.292,1.292,1.292,1.292,1.292,1.292,1.292,1.292,1.292,1.292,1.292,1.292,1.292
2012-02-24 19:00:00,1.01,1.01,1.01,1.01,1.01,1.01,1.01,1.01,1.01,1.01,1.01,1.01,1.01,1.01,1.01,1.01,1.01
2012-02-24 20:00:00,0.777,0.777,0.777,0.777,0.777,0.777,0.777,0.777,0.777,0.777,0.777,0.777,0.777,0.777,0.777,0.777,0.777
2012-02-24 21:00:00,0.596,0.596,0.596,0.596,0.596,0.596,0.596,0.596,0.596,0.596,0.596,0.596,0.596,0.596,0.596,0.596,0.596
2012-02-24 22:00:00,0.424,0.424,0.424,0.424,0.424,0.424,0.424,0.424,0.424,0.424,0.424,0.424,0.424,0.424,0.424,0.424,0.424
2012-02-24 23:00:00,0.223,0.223,0.223,0.223,0.223,0.223,0.223,0.223,0.223,0.223,0.223,0.223,0.223,0.223,0.223,0.223,0.223
2012-04-01 00:00:00,0.182,0.182,0.182,0.182,0.182,0.182,0.182,0.182,0.182,0.182,0.182,0.182,0.182,0.182,0.182,0.182,0.182
2012-04-01 01:00:00,0.162,0.162,0.162,0.162,0.162,0.162,0.162,0.162,0.162,0.162,0.162,0.162,0.162,0.162,0.162,0.162,0.162
2012-04-01 02:00:00,0.152,0.152,0.152,0.152,0.152,0.152,0.152,0.152,0.152,0.152,0.152,0.152,0.152,0.152,0.152,0.152,0.152
2012-04-01 03:00:00,0.192,0.192,0.192,0.192,0.192,0.192,0.192,0.192,0.192,0.192,0.192,0.192,0.192,0.192,0.192,0.192,0.192
2012-04-01 04:00:00,0.343,0.343,0.343,0.343,0.343,0.343,0.343,0.343,0.343,0.343,0.343,0.343,0.343,0.343,0.343,0.343,0.343
2012-04-01 05:00:00,0.485,0.485,0.485,0.485,0.485,0.485,0.485,0.485,0.485,0.485,0.485,0.485,0.485,0.485,0.485,0.485,0.485
2012-04-01 06:00:00,0.616,0.616,0.616,0.616,0.616,0.616,0.616,0.616,0.616,0.616,0.616,0.616,0.616,0.616,0.616,0.616,0.616
2012-04-01 07:00:00,0.838,0.838,0.838,0.838,0.838,0.838,0.838,0.838,0.838,0.838,0.838,0.838,0.838,0.838,0.838,0.838,0.838
2012-04-01 08:00:00,1.061,1.061,1.061,1.061,1.061,1.061,1.061,1.061,1.061,1.061,1.061,1.061,1.061,1.061,1.061,1.061,1.061
2012-04-01 09:00:00,1.333,1.333,1.333,1.333,1.333,1.333,1.333,1.333,1.333,1.333,1.333,1.333,1.333,1.333,1.333,1.333,1.333
2012-04-01 10:00:00,1.454,1.454,1.454,1.454,1.454,1.454,1.454,1.454,1.454,1.454,1.454,1.454,1.454,1.454,1.454,1.454,1.454
2012-04-01 11:00:00,1.525,1.525,1.525,1.525,1.525,1.525,1.525,1.525,1.525,1.525,1.525,1.525,1.525,1.525,1.525,1.525,1.525
2012-04-01 12:00:00,1.545,1.545,1.545,1.545,1.545,1.545,1.545,1.545,1.545,1.545,1.545,1.545,1.545,1.545,1.545,1.545,1.545
2012-04-01 13:00:00,1.515,1.515,1.515,1.515,1.515,1.515,1.515,1.515,1.515,1.515,1.515,1.515,1.515,1.515,1.515,1.515,1.515
2012-04-01 14:00:00,1.434,1.434,1.434,1.434,1.434,1.434,1.434,1.434,1.434,1.434,1.434,1.434,1.434,1.434,1.434,1.434,1.434
2012-04-01 15:00:00,1.323,1.323,1.323,1.323,1.323,1.323,1.323,1.323,1.323,1.323,1.323,1.323,1.323,1.323,1.323,1.323,1.323
2012-04-01 16:00:00,1.212,1.212,1.212,1.212,1.212,1.212,1.212,1.212,1.212,1.212,1.212,1.212,1.212,1.212,1.212,1.212,1.212
2012-04-01 17:00:00,1.081,1.081,1.081,1.081,1.081,1.081,1.081,1.081,1.081,1.081,1.081,1.081,1.081,1.081,1.081,1.081,1.081
2012-04-01 18:00:00,0.939,0.939,0.939,0.939,0.939,0.939,0.939,0.939,0.939,0.939,0.939,0.939,0.939,0.939,0.939,0.939,0.939
2012-04-01 19:00:00,0.777,0.777,0.777,0.777,0.777,0.777,0.777,0.777,0.777,0.777,0.777,0.777,0.777,0.777,0.777,0.777,0.777
2012-04-01 20:00:00,0.586,0.586,0.586,0.586,0.586,0.586,0.586,0.586,0.586,0.586,0.586,0.586,0.586,0.586,0.586,0.586,0.586
2012-04-01 21:00:00,0.424,0.424,0.424,0.424,0.424,0.424,0.424,0.424,0.424,0.424,0.424,0.424,0.424,0.424,0.424,0.424,0.424
2012-04-01 22:00:00,0.282,0.282,0.282,0.282,0.282,0.282,0.282,0.282,0.282,0.282,0.282,0.282,0.282,0.282,0.282,0.282,0.282
2012-04-01 23:00:00,0.223,0.223,0.223,0.223,0.223,0.223,0.223,0.223,0.223,0.223,0.223,0.223,0.223,0.223,0.223,0.223,0.223
2012-04-02 00:00:00,0.182,0.182,0.182,0.182,0.182,0.182,0.182,0.182,0.182,0.182,0.182,0.182,0.182,0.182,0.182,0.182,0.182
2012-04-02 01:00:00,0.152,0.152,0.152,0.152,0.152,0.152,0.152,0.152,0.152,0.152,0.152,0.152,0.152,0.152,0.152,0.152,0.152
2012-04-02 02:00:00,0.121,0.121,0.121,0.121,0.121,0.121,0.121,0.121,0.121,0.121,0.121,0.121,0.121,0.121,0.121,0.121,0.121
2012-04-02 03:00:00,0.121,0.121,0.121,0.121,0.121,0.121,0.121,0.121,0.121,0.121,0.121,0.121,0.121,0.121,0.121,0.121,0.121
2012-04-02 04:00:00,0.213,0.213,0.213,0.213,0.213,0.213,0.213,0.213,0.213,0.213,0.213,0.213,0.213,0.213,0.213,0.213,0.213
2012-04-02 05:00:00,0.303,0.303,0.303,0.303,0.303,0.303,0.303,0.303,0.303,0.303,0.303,0.303,0.303,0.303,0.303,0.303,0.303
2012-04-02 06:00:00,0.404,0.404,0.404,0.404,0.404,0.404,0.404,0.404,0.404,0.404,0.404,0.404,0.404,0.404,0.404,0.404,0.404
2012-04-02 07:00:00,0.535,0.535,0.535,0.535,0.535,0.535,0.535,0.535,0.535,0.535,0.535,0.535,0.535,0.535,0.535,0.535,0.535
2012-04-02 08:00:00,0.757,0.757,0.757,0.757,0.757,0.757,0.757,0.757,0.757,0.757,0.757,0.757,0.757,0.757,0.757,0.757,0.757
2012-04-02 09:00:00,1.01,1.01,1.01,1.01,1.01,1.01,1.01,1.01,1.01,1.01,1.01,1.01,1.01,1.01,1.01,1.01,1.01
2012-04-02 10:00:00,1.212,1.212,1.212,1.212,1.212,1.212,1.212,1.212,1.212,1.212,1.212,1.212,1.212,1.212,1.212,1.212,1.212
2012-04-02 11:00:00,1.343,1.343,1.343,1.343,1.343,1.343,1.343,1.343,1.343,1.343,1.343,1.343,1.343,1.343,1.343,1.343,1.343
2012-04-02 12:00:00,1.414,1.414,1.414,1.414,1.414,1.414,1.414,1.414,1.414,1.414,1.414,1.414,1.414,1.414,1.414,1.414,1.414
2012-04-02 13:00:00,1.505,1.505,1.505,1.505,1.505,1.505,1.505,1.505,1.505,1.505,1.505,1.505,1.505,1.505,1.505,1.505,1.505
2012-04-02 14:00:00,1.515,1.515,1.515,1.515,1.515,1.515,1.515,1.515,1.515,1.515,1.515,1.515,1.515,1.515,1.515,1.515,1.515
2012-04-02 15:00:00,1.535,1.535,1.535,1.535,1.535,1.535,1.535,1.535,1.535,1.535,1.535,1.535,1.535,1.535,1.535,1.535,1.535
2012-04-02 16:00:00,1.495,1.495,1.495,1.495,1.495,1.495,1.495,1.495,1.495,1.495,1.495,1.495,1.495,1.495,1.495,1.495,1.495
2012-04-02 17:00:00,1.434,1.434,1.434,1.434,1.434,1.434,1.434,1.434,1.434,1.434,1.434,1.434,1.434,1.434,1.434,1.434,1.434
2012-04-02 18:00:00,1.272,1.272,1.272,1.272,1.272,1.272,1.272,1.272,1.272,1.272,1.272,1.272,1.272,1.272,1.272,1.272,1.272
2012-04-02 19:00:00,0.99,0.99,0.99,0.99,0.99,0.99,0.99,0.99,0.99,0.99,0.99,0.99,0.99,0.99,0.99,0.99,0.99
2012-04-02 20:00:00,0.697,0.697,0.697,0.697,0.697,0.697,0.697,0.697,0.697,0.697,0.697,0.697,0.697,0.697,0.697,0.697,0.697
2012-04-02 21:00:00,0.424,0.424,0.424,0.424,0.424,0.424,0.424,0.424,0.424,0.424,0.424,0.424,0.424,0.424,0.424,0.424,0.424
2012-04-02 22:00:00,0.243,0.243,0.243,0.243,0.243,0.243,0.243,0.243,0.243,0.243,0.243,0.243,0.243,0.243,0.243,0.243,0.243
2012-04-02 23:00:00,0.111,0.111,0.111,0.111,0.111,0.111,0.111,0.111,0.111,0.111,0.111,0.111,0.111,0.111,0.111,0.111,0.111
2012-04-03 00:00:00,0.091,0.091,0.091,0.091,0.091,0.091,0.091,0.091,0.091,0.091,0.091,0.091,0.091,0.091,0.091,0.091,0.091
2012-04-03 01:00:00,0.091,0.091,0.091,0.091,0.091,0.091,0.091,0.091,0.091,0.091,0.091,0.091,0.091,0.091,0.091,0.091,0.091
2012-04-03 02:00:00,0.101,0.101,0.101,0.101,0.101,0.101,0.101,0.101,0.101,0.101,0.101,0.101,0.101,0.101,0.101,0.101,0.101
2012-04-03 03:00:00,0.192,0.192,0.192,0.192,0.192,0.192,0.192,0.192,0.192,0.192,0.192,0.192,0.192,0.192,0.192,0.192,0.192
2012-04-03 04:00:00,0.637,0.637,0.637,0.637,0.637,0.637,0.637,0.637,0.637,0.637,0.637,0.637,0.637,0.637,0.637,0.637,0.637
2012-04-03 05:00:00,1.212,1.212,1.212,1.212,1.212,1.212,1.212,1.212,1.212,1.212,1.212,1.212,1.212,1.212,1.212,1.212,1.212
2012-04-03 06:00:00,1.667,1.667,1.667,1.667,1.667,1.667,1.667,1.667,1.667,1.667,1.667,1.667,1.667,1.667,1.667,1.667,1.667
2012-04-03 07:00:00,1.505,1.505,1.505,1.505,1.505,1.505,1.505,1.505,1.505,1.505,1.505,1.505,1.505,1.505,1.505,1.505,1.505
2012-04-03 08:00:00,1.253,1.253,1.253,1.253,1.253,1.253,1.253,1.253,1.253,1.253,1.253,1.253,1.253,1.253,1.253,1.253,1.253
2012-04-03 09:00:00,1.212,1.212,1.212,1.212,1.212,1.212,1.212,1.212,1.212,1.212,1.212,1.212,1.212,1.212,1.212,1.212,1.212
2012-04-03 10:00:00,1.243,1.243,1.243,1.243,1.243,1.243,1.243,1.243,1.243,1.243,1.243,1.243,1.243,1.243,1.243,1.243,1.243
2012-04-03 11:00:00,1.292,1.292,1.292,1.292,1.292,1.292,1.292,1.292,1.292,1.292,1.292,1.292,1.292,1.292,1.292,1.292,1.292
2012-04-03 12:00:00,1.434,1.434,1.434,1.434,1.434,1.434,1.434,1.434,1.434,1.434,1.434,1.434,1.434,1.434,1.434,1.434,1.434
2012-04-03 13:00:00,1.757,1.757,1.757,1.757,1.757,1.757,1.757,1.757,1.757,1.757,1.757,1.757,1.757,1.757,1.757,1.757,1.757
2012-04-03 14:00:00,2.01,2.01,2.01,2.01,2.01,2.01,2.01,2.01,2.01,2.01,2.01,2.01,2.01,2.01,2.01,2.01,2.01
2012-04-03 15:00:00,2.01,2.01,2.01,2.01,2.01,2.01,2.01,2.01,2.01,2.01,2.01,2.01,2.01,2.01,2.01,2.01,2.01
2012-04-03 16:00:00,1.616,1.616,1.616,1.616,1.616,1.616,1.616,1.616,1.616,1.616,1.616,1.616,1.616,1.616,1.616,1.616,1.616
2012-04-03 17:00:00,1.253,1.253,1.253,1.253,1.253,1.253,1.253,1.253,1.253,1.253,1.253,1.253,1.253,1.253,1.253,1.253,1.253
2012-04-03 18:00:00,0.98,0.98,0.98,0.98,0.98,0.98,0.98,0.98,0.98,0.98,0.98,0.98,0.98,0.98,0.98,0.98,0.98
2012-04-03 19:00:00,0.748,0.748,0.748,0.748,0.748,0.748,0.748,0.748,0.748,0.748,0.748,0.748,0.748,0.748,0.748,0.748,0.748
2012-04-03 20:00:00,0.576,0.576,0.576,0.576,0.576,0.576,0.576,0.576,0.576,0.576,0.576,0.576,0.576,0.576,0.576,0.576,0.576
2012-04-03 21:00:00,0.404,0.404,0.404,0.404,0.404,0.404,0.404,0.404,0.404,0.404,0.404,0.404,0.404,0.404,0.404,0.404,0.404
2012-04-03 22:00:00,0.213,0.213,0.213,0.213,0.213,0.213,0.213,0.213,0.213,0.213,0.213,0.213,0.213,0.213,0.213,0.213,0.213
2012-04-03 23:00:00,0.111,0.111,0.111,0.111,0.111,0.111,0.111,0.111,0.111,0.111,0.111,0.111,0.111,0.111,0.111,0.111,0.111
2012-04-04 00:00:00,0.081,0.081,0.081,0.081,0.081,0.081,0.081,0.081,0.081,0.081,0.081,0.081,0.081,0.081,0.081,0.081,0.081
2012-04-04 01:00:00,0.081,0.081,0.081,0.081,0.081,0.081,0.081,0.081,0.081,0.081,0.081,0.081,0.081,0.081,0.081,0.081,0.081
2012-04-04 02:00:00,0.101,0.101,0.101,0.101,0.101,0.101,0.101,0.101,0.101,0.101,0.101,0.101,0.101,0.101,0.101,0.101,0.101
2012-04-04 03:00:00,0.182,0.182,0.182,0.182,0.182,0.182,0.182,0.182,0.182,0.182,0.182,0.182,0.182,0.182,0.182,0.182,0.182
2012-04-04 04:00:00,0.616,0.616,0.616,0.616,0.616,0.616,0.616,0.616,0.616,0.616,0.616,0.616,0.616,0.616,0.616,0.616,0.616
2012-04-04 05:00:00,1.182,1.182,1.182,1.182,1.182,1.182,1.182,1.182,1.182,1.182,1.182,1.182,1.182,1.182,1.182,1.182,1.182
2012-04-04 06:00:00,1.616,1.616,1.616,1.616,1.616,1.616,1.616,1.616,1.616,1.616,1.616,1.616,1.616,1.616,1.616,1.616,1.616
2012-04-04 07:00:00,1.464,1.464,1.464,1.464,1.464,1.464,1.464,1.464,1.464,1.464,1.464,1.464,1.464,1.464,1.464,1.464,1.464
2012-04-04 08:00:00,1.223,1.223,1.223,1.223,1.223,1.223,1.223,1.223,1.223,1.223,1.223,1.223,1.223,1.223,1.223,1.223,1.223
2012-04-04 09:00:00,1.182,1.182,1.182,1.182,1.182,1.182,1.182,1.182,1.182,1.182,1.182,1.182,1.182,1.182,1.182,1.182,1.182
2012-04-04 10:00:00,1.202,1.202,1.202,1.202,1.202,1.202,1.202,1.202,1.202,1.202,1.202,1.202,1.202,1.202,1.202,1.202,1.202
2012-04-04 11:00:00,1.253,1.253,1.253,1.253,1.253,1.253,1.253,1.253,1.253,1.253,1.253,1.253,1.253,1.253,1.253,1.253,1.253
2012-04-04 12:00:00,1.394,1.394,1.394,1.394,1.394,1.394,1.394,1.394,1.394,1.394,1.394,1.394,1.394,1.394,1.394,1.394,1.394
2012-04-04 13:00:00,1.697,1.697,1.697,1.697,1.697,1.697,1.697,1.697,1.697,1.697,1.697,1.697,1.697,1.697,1.697,1.697,1.697
2012-04-04 14:00:00,1.949,1.949,1.949,1.949,1.949,1.949,1.949,1.949,1.949,1.949,1.949,1.949,1.949,1.949,1.949,1.949,1.949
2012-04-04 15:00:00,1.949,1.949,1.949,1.949,1.949,1.949,1.949,1.949,1.949,1.949,1.949,1.949,1.949,1.949,1.949,1.949,1.949
2012-04-04 16:00:00,1.566,1.566,1.566,1.566,1.566,1.566,1.566,1.566,1.566,1.566,1.566,1.566,1.566,1.566,1.566,1.566,1.566
2012-04-04 17:00:00,1.212,1.212,1.212,1.212,1.212,1.212,1.212,1.212,1.212,1.212,1.212,1.212,1.212,1.212,1.212,1.212,1.212
2012-04-04 18:00:00,0.949,0.949,0.949,0.949,0.949,0.949,0.949,0.949,0.949,0.949,0.949,0.949,0.949,0.949,0.949,0.949,0.949
2012-04-04 19:00:00,0.728,0.728,0.728,0.728,0.728,0.728,0.728,0.728,0.728,0.728,0.728,0.728,0.728,0.728,0.728,0.728,0.728
2012-04-04 20:00:00,0.556,0.556,0.556,0.556,0.556,0.556,0.556,0.556,0.556,0.556,0.556,0.556,0.556,0.556,0.556,0.556,0.556
2012-04-04 21:00:00,0.394,0.394,0.394,0.394,0.394,0.394,0.394,0.394,0.394,0.394,0.394,0.394,0.394,0.394,0.394,0.394,0.394
2012-04-04 22:00:00,0.202,0.202,0.202,0.202,0.202,0.202,0.202,0.202,0.202,0.202,0.202,0.202,0.202,0.202,0.202,0.202,0.202
2012-04-04 23:00:00,0.111,0.111,0.111,0.111,0.111,0.111,0.111,0.111,0.111,0.111,0.111,0.111,0.111,0.111,0.111,0.111,0.111
2012-04-05 00:00:00,0.091,0.091,0.091,0.091,0.091,0.091,0.091,0.091,0.091,0.091,0.091,0.091,0.091,0.091,0.091,0.091,0.091
2012-04-05 01:00:00,0.081,0.081,0.081,0.081,0.081,0.081,0.081,0.081,0.081,0.081,0.081,0.081,0.081,0.081,0.081,0.081,0.081
2012-04-05 02:00:00,0.101,0.101,0.101,0.101,0.101,0.101,0.101,0.101,0.101,0.101,0.101,0.101,0.101,0.101,0.101,0.101,0.101
2012-04-05 03:00:00,0.192,0.192,0.192,0.192,0.192,0.192,0.192,0.192,0.192,0.192,0.192,0.192,0.192,0.192,0.192,0.192,0.192
2012-04-05 04:00:00,0.637,0.637,0.637,0.637,0.637,0.637,0.637,0.637,0.637,0.637,0.637,0.637,0.637,0.637,0.637,0.637,0.637
2012-04-05 05:00:00,1.212,1.212,1.212,1.212,1.212,1.212,1.212,1.212,1.212,1.212,1.212,1.212,1.212,1.212,1.212,1.212,1.212
2012-04-05 06:00:00,1.657,1.657,1.657,1.657,1.657,1.657,1.657,1.657,1.657,1.657,1.657,1.657,1.657,1.657,1.657,1.657,1.657
2012-04-05 07:00:00,1.505,1.505,1.505,1.505,1.505,1.505,1.505,1.505,1.505,1.505,1.505,1.505,1.505,1.505,1.505,1.505,1.505
2012-04-05 08:00:00,1.253,1.253,1.253,1.253,1.253,1.253,1.253,1.253,1.253,1.253,1.253,1.253,1.253,1.253,1.253,1.253,1.253
2012-04-05 09:00:00,1.212,1.212,1.212,1.212,1.212,1.212,1.212,1.212,1.212,1.212,1.212,1.212,1.212,1.212,1.212,1.212,1.212
2012-04-05 10:00:00,1.233,1.233,1.233,1.233,1.233,1.233,1.233,1.233,1.233,1.233,1.233,1.233,1.233,1.233,1.233,1.233,1.233
2012-04-05 11:00:00,1.282,1.282,1.282,1.282,1.282,1.282,1.282,1.282,1.282,1.282,1.282,1.282,1.282,1.282,1.282,1.282,1.282
2012-04-05 12:00:00,1.424,1.424,1.424,1.424,1.424,1.424,1.424,1.424,1.424,1.424,1.424,1.424,1.424,1.424,1.424,1.424,1.424
2012-04-05 13:00:00,1.748,1.748,1.748,1.748,1.748,1.748,1.748,1.748,1.748,1.748,1.748,1.748,1.748,1.748,1.748,1.748,1.748
2012-04-05 14:00:00,2.0,2.0,2.0,2.0,2.0,2.0,2.0,2.0,2.0,2.0,2.0,2.0,2.0,2.0,2.0,2.0,2.0
2012-04-05 15:00:00,2.0,2.0,2.0,2.0,2.0,2.0,2.0,2.0,2.0,2.0,2.0,2.0,2.0,2.0,2.0,2.0,2.0
2012-04-05 16:00:00,1.606,1.606,1.606,1.606,1.606,1.606,1.606,1.606,1.606,1.606,1.606,1.606,1.606,1.606,1.606,1.606,1.606
2012-04-05 17:00:00,1.243,1.243,1.243,1.243,1.243,1.243,1.243,1.243,1.243,1.243,1.243,1.243,1.243,1.243,1.243,1.243,1.243
2012-04-05 18:00:00,0.97,0.97,0.97,0.97,0.97,0.97,0.97,0.97,0.97,0.97,0.97,0.97,0.97,0.97,0.97,0.97,0.97
2012-04-05 19:00:00,0.748,0.748,0.748,0.748,0.748,0.748,0.748,0.748,0.748,0.748,0.748,0.748,0.748,0.748,0.748,0.748,0.748
2012-04-05 20:00:00,0.566,0.566,0.566,0.566,0.566,0.566,0.566,0.566,0.566,0.566,0.566,0.566,0.566,0.566,0.566,0.566,0.566
2012-04-05 21:00:00,0.404,0.404,0.404,0.404,0.404,0.404,0.404,0.404,0.404,0.404,0.404,0.404,0.404,0.404,0.404,0.404,0.404
2012-04-05 22:00:00,0.213,0.213,0.213,0.213,0.213,0.213,0.213,0.213,0.213,0.213,0.213,0.213,0.213,0.213,0.213,0.213,0.213
2012-04-05 23:00:00,0.121,0.121,0.121,0.121,0.121,0.121,0.121,0.121,0.121,0.121,0.121,0.121,0.121,0.121,0.121,0.121,0.121
2012-04-06 00:00:00,0.091,0.091,0.091,0.091,0.091,0.091,0.091,0.091,0.091,0.091,0.091,0.091,0.091,0.091,0.091,0.091,0.091
2012-04-06 01:00:00,0.091,0.091,0.091,0.091,0.091,0.091,0.091,0.091,0.091,0.091,0.091,0.091,0.091,0.091,0.091,0.091,0.091
2012-04-06 02:00:00,0.101,0.101,0.101,0.101,0.101,0.101,0.101,0.101,0.101,0.101,0.101,0.101,0.101,0.101,0.101,0.101,0.101
2012-04-06 03:00:00,0.202,0.202,0.202,0.202,0.202,0.202,0.202,0.202,0.202,0.202,0.202,0.202,0.202,0.202,0.202,0.202,0.202
2012-04-06 04:00:00,0.657,0.657,0.657,0.657,0.657,0.657,0.657,0.657,0.657,0.657,0.657,0.657,0.657,0.657,0.657,0.657,0.657
2012-04-06 05:00:00,1.253,1.253,1.253,1.253,1.253,1.253,1.253,1.253,1.253,1.253,1.253,1.253,1.253,1.253,1.253,1.253,1.253
2012-04-06 06:00:00,1.707,1.707,1.707,1.707,1.707,1.707,1.707,1.707,1.707,1.707,1.707,1.707,1.707,1.707,1.707,1.707,1.707
2012-04-06 07:00:00,1.555,1.555,1.555,1.555,1.555,1.555,1.555,1.555,1.555,1.555,1.555,1.555,1.555,1.555,1.555,1.555,1.555
2012-04-06 08:00:00,1.292,1.292,1.292,1.292,1.292,1.292,1.292,1.292,1.292,1.292,1.292,1.292,1.292,1.292,1.292,1.292,1.292
2012-04-06 09:00:00,1.253,1.253,1.253,1.253,1.253,1.253,1.253,1.253,1.253,1.253,1.253,1.253,1.253,1.253,1.253,1.253,1.253
2012-04-06 10:00:00,1.282,1.282,1.282,1.282,1.282,1.282,1.282,1.282,1.282,1.282,1.282,1.282,1.282,1.282,1.282,1.282,1.282
2012-04-06 11:00:00,1.323,1.323,1.323,1.323,1.323,1.323,1.323,1.323,1.323,1.323,1.323,1.323,1.323,1.323,1.323,1.323,1.323
2012-04-06 12:00:00,1.475,1.475,1.475,1.475,1.475,1.475,1.475,1.475,1.475,1.475,1.475,1.475,1.475,1.475,1.475,1.475,1.475
2012-04-06 13:00:00,1.807,1.807,1.807,1.807,1.807,1.807,1.807,1.807,1.807,1.807,1.807,1.807,1.807,1.807,1.807,1.807,1.807
2012-04-06 14:00:00,2.061,2.061,2.061,2.061,2.061,2.061,2.061,2.061,2.061,2.061,2.061,2.061,2.061,2.061,2.061,2.061,2.061
2012-04-06 15:00:00,2.071,2.071,2.071,2.071,2.071,2.071,2.071,2.071,2.071,2.071,2.071,2.071,2.071,2.071,2.071,2.071,2.071
2012-04-06 16:00:00,1.667,1.667,1.667,1.667,1.667,1.667,1.667,1.667,1.667,1.667,1.667,1.667,1.667,1.667,1.667,1.667,1.667
2012-04-06 17:00:00,1.282,1.282,1.282,1.282,1.282,1.282,1.282,1.282,1.282,1.282,1.282,1.282,1.282,1.282,1.282,1.282,1.282
2012-04-06 18:00:00,1.01,1.01,1.01,1.01,1.01,1.01,1.01,1.01,1.01,1.01,1.01,1.01,1.01,1.01,1.01,1.01,1.01
2012-04-06 19:00:00,0.777,0.777,0.777,0.777,0.777,0.777,0.777,0.777,0.777,0.777,0.777,0.777,0.777,0.777,0.777,0.777,0.777
2012-04-06 20:00:00,0.586,0.586,0.586,0.586,0.586,0.586,0.586,0.586,0.586,0.586,0.586,0.586,0.586,0.586,0.586,0.586,0.586
2012-04-06 21:00:00,0.424,0.424,0.424,0.424,0.424,0.424,0.424,0.424,0.424,0.424,0.424,0.424,0.424,0.424,0.424,0.424,0.424
2012-04-06 22:00:00,0.223,0.223,0.223,0.223,0.223,0.223,0.223,0.223,0.223,0.223,0.223,0.223,0.223,0.223,0.223,0.223,0.223
2012-04-06 23:00:00,0.132,0.132,0.132,0.132,0.132,0.132,0.132,0.132,0.132,0.132,0.132,0.132,0.132,0.132,0.132,0.132,0.132
2012-04-07 00:00:00,0.101,0.101,0.101,0.101,0.101,0.101,0.101,0.101,0.101,0.101,0.101,0.101,0.101,0.101,0.101,0.101,0.101
2012-04-07 01:00:00,0.091,0.091,0.091,0.091,0.091,0.091,0.091,0.091,0.091,0.091,0.091,0.091,0.091,0.091,0.091,0.091,0.091
2012-04-07 02:00:00,0.111,0.111,0.111,0.111,0.111,0.111,0.111,0.111,0.111,0.111,0.111,0.111,0.111,0.111,0.111,0.111,0.111
2012-04-07 03:00:00,0.213,0.213,0.213,0.213,0.213,0.213,0.213,0.213,0.213,0.213,0.213,0.213,0.213,0.213,0.213,0.213,0.213
2012-04-07 04:00:00,0.697,0.697,0.697,0.697,0.697,0.697,0.697,0.697,0.697,0.697,0.697,0.697,0.697,0.697,0.697,0.697,0.697
2012-04-07 05:00:00,1.333,1.333,1.333,1.333,1.333,1.333,1.333,1.333,1.333,1.333,1.333,1.333,1.333,1.333,1.333,1.333,1.333
2012-04-07 06:00:00,1.828,1.828,1.828,1.828,1.828,1.828,1.828,1.828,1.828,1.828,1.828,1.828,1.828,1.828,1.828,1.828,1.828
2012-04-07 07:00:00,1.657,1.657,1.657,1.657,1.657,1.657,1.657,1.657,1.657,1.657,1.657,1.657,1.657,1.657,1.657,1.657,1.657
2012-04-07 08:00:00,1.383,1.383,1.383,1.383,1.383,1.383,1.383,1.383,1.383,1.383,1.383,1.383,1.383,1.383,1.383,1.383,1.383
2012-04-07 09:00:00,1.333,1.333,1.333,1.333,1.333,1.333,1.333,1.333,1.333,1.333,1.333,1.333,1.333,1.333,1.333,1.333,1.333
2012-04-07 10:00:00,1.363,1.363,1.363,1.363,1.363,1.363,1.363,1.363,1.363,1.363,1.363,1.363,1.363,1.363,1.363,1.363,1.363
2012-04-07 11:00:00,1.414,1.414,1.414,1.414,1.414,1.414,1.414,1.414,1.414,1.414,1.414,1.414,1.414,1.414,1.414,1.414,1.414
2012-04-07 12:00:00,1.576,1.576,1.576,1.576,1.576,1.576,1.576,1.576,1.576,1.576,1.576,1.576,1.576,1.576,1.576,1.576,1.576
2012-04-07 13:00:00,1.929,1.929,1.929,1.929,1.929,1.929,1.929,1.929,1.929,1.929,1.929,1.929,1.929,1.929,1.929,1.929,1.929
2012-04-07 14:00:00,2.202,2.202,2.202,2.202,2.202,2.202,2.202,2.202,2.202,2.202,2.202,2.202,2.202,2.202,2.202,2.202,2.202
2012-04-07 15:00:00,2.202,2.202,2.202,2.202,2.202,2.202,2.202,2.202,2.202,2.202,2.202,2.202,2.202,2.202,2.202,2.202,2.202
2012-04-07 16:00:00,1.777,1.777,1.777,1.777,1.777,1.777,1.777,1.777,1.777,1.777,1.777,1.777,1.777,1.777,1.777,1.777,1.777
2012-04-07 17:00:00,1.373,1.373,1.373,1.373,1.373,1.373,1.373,1.373,1.373,1.373,1.373,1.373,1.373,1.373,1.373,1.373,1.373
2012-04-07 18:00:00,1.071,1.071,1.071,1.071,1.071,1.071,1.071,1.071,1.071,1.071,1.071,1.071,1.071,1.071,1.071,1.071,1.071
2012-04-07 19:00:00,0.828,0.828,0.828,0.828,0.828,0.828,0.828,0.828,0.828,0.828,0.828,0.828,0.828,0.828,0.828,0.828,0.828
2012-04-07 20:00:00,0.626,0.626,0.626,0.626,0.626,0.626,0.626,0.626,0.626,0.626,0.626,0.626,0.626,0.626,0.626,0.626,0.626
2012-04-07 21:00:00,0.444,0.444,0.444,0.444,0.444,0.444,0.444,0.444,0.444,0.444,0.444,0.444,0.444,0.444,0.444,0.444,0.444
2012-04-07 22:00:00,0.233,0.233,0.233,0.233,0.233,0.233,0.233,0.233,0.233,0.233,0.233,0.233,0.233,0.233,0.233,0.233,0.233
2012-04-07 23:00:00,0.243,0.243,0.243,0.243,0.243,0.243,0.243,0.243,0.243,0.243,0.243,0.243,0.243,0.243,0.243,0.243,0.243
2012-04-08 00:00:00,0.192,0.192,0.192,0.192,0.192,0.192,0.192,0.192,0.192,0.192,0.192,0.192,0.192,0.192,0.192,0.192,0.192
2012-04-08 01:00:00,0.162,0.162,0.162,0.162,0.162,0.162,0.162,0.162,0.162,0.162,0.162,0.162,0.162,0.162,0.162,0.162,0.162
2012-04-08 02:00:00,0.162,0.162,0.162,0.162,0.162,0.162,0.162,0.162,0.162,0.162,0.162,0.162,0.162,0.162,0.162,0.162,0.162
2012-04-08 03:00:00,0.202,0.202,0.202,0.202,0.202,0.202,0.202,0.202,0.202,0.202,0.202,0.202,0.202,0.202,0.202,0.202,0.202
2012-04-08 04:00:00,0.353,0.353,0.353,0.353,0.353,0.353,0.353,0.353,0.353,0.353,0.353,0.353,0.353,0.353,0.353,0.353,0.353
2012-04-08 05:00:00,0.495,0.495,0.495,0.495,0.495,0.495,0.495,0.495,0.495,0.495,0.495,0.495,0.495,0.495,0.495,0.495,0.495
2012-04-08 06:00:00,0.637,0.637,0.637,0.637,0.637,0.637,0.637,0.637,0.637,0.637,0.637,0.637,0.637,0.637,0.637,0.637,0.637
2012-04-08 07:00:00,0.858,0.858,0.858,0.858,0.858,0.858,0.858,0.858,0.858,0.858,0.858,0.858,0.858,0.858,0.858,0.858,0.858
2012-04-08 08:00:00,1.081,1.081,1.081,1.081,1.081,1.081,1.081,1.081,1.081,1.081,1.081,1.081,1.081,1.081,1.081,1.081,1.081
2012-04-08 09:00:00,1.363,1.363,1.363,1.363,1.363,1.363,1.363,1.363,1.363,1.363,1.363,1.363,1.363,1.363,1.363,1.363,1.363
2012-04-08 10:00:00,1.485,1.485,1.485,1.485,1.485,1.485,1.485,1.485,1.485,1.485,1.485,1.485,1.485,1.485,1.485,1.485,1.485
2012-04-08 11:00:00,1.566,1.566,1.566,1.566,1.566,1.566,1.566,1.566,1.566,1.566,1.566,1.566,1.566,1.566,1.566,1.566,1.566
2012-04-08 12:00:00,1.576,1.576,1.576,1.576,1.576,1.576,1.576,1.576,1.576,1.576,1.576,1.576,1.576,1.576,1.576,1.576,1.576
2012-04-08 13:00:00,1.545,1.545,1.545,1.545,1.545,1.545,1.545,1.545,1.545,1.545,1.545,1.545,1.545,1.545,1.545,1.545,1.545
2012-04-08 14:00:00,1.464,1.464,1.464,1.464,1.464,1.464,1.464,1.464,1.464,1.464,1.464,1.464,1.464,1.464,1.464,1.464,1.464
2012-04-08 15:00:00,1.353,1.353,1.353,1.353,1.353,1.353,1.353,1.353,1.353,1.353,1.353,1.353,1.353,1.353,1.353,1.353,1.353
2012-04-08 16:00:00,1.243,1.243,1.243,1.243,1.243,1.243,1.243,1.243,1.243,1.243,1.243,1.243,1.243,1.243,1.243,1.243,1.243
2012-04-08 17:00:00,1.101,1.101,1.101,1.101,1.101,1.101,1.101,1.101,1.101,1.101,1.101,1.101,1.101,1.101,1.101,1.101,1.101
2012-04-08 18:00:00,0.959,0.959,0.959,0.959,0.959,0.959,0.959,0.959,0.959,0.959,0.959,0.959,0.959,0.959,0.959,0.959,0.959
2012-04-08 19:00:00,0.787,0.787,0.787,0.787,0.787,0.787,0.787,0.787,0.787,0.787,0.787,0.787,0.787,0.787,0.787,0.787,0.787
2012-04-08 20:00:00,0.606,0.606,0.606,0.606,0.606,0.606,0.606,0.606,0.606,0.606,0.606,0.606,0.606,0.606,0.606,0.606,0.606
2012-04-08 21:00:00,0.434,0.434,0.434,0.434,0.434,0.434,0.434,0.434,0.434,0.434,0.434,0.434,0.434,0.434,0.434,0.434,0.434
2012-04-08 22:00:00,0.292,0.292,0.292,0.292,0.292,0.292,0.292,0.292,0.292,0.292,0.292,0.292,0.292,0.292,0.292,0.292,0.292
2012-04-08 23:00:00,0.223,0.223,0.223,0.223,0.223,0.223,0.223,0.223,0.223,0.223,0.223,0.223,0.223,0.223,0.223,0.223,0.223
2012-04-09 00:00:00,0.182,0.182,0.182,0.182,0.182,0.182,0.182,0.182,0.182,0.182,0.182,0.182,0.182,0.182,0.182,0.182,0.182
2012-04-09 01:00:00,0.152,0.152,0.152,0.152,0.152,0.152,0.152,0.152,0.152,0.152,0.152,0.152,0.152,0.152,0.152,0.152,0.152
2012-04-09 02:00:00,0.121,0.121,0.121,0.121,0.121,0.121,0.121,0.121,0.121,0.121,0.121,0.121,0.121,0.121,0.121,0.121,0.121
2012-04-09 03:00:00,0.121,0.121,0.121,0.121,0.121,0.121,0.121,0.121,0.121,0.121,0.121,0.121,0.121,0.121,0.121,0.121,0.121
2012-04-09 04:00:00,0.213,0.213,0.213,0.213,0.213,0.213,0.213,0.213,0.213,0.213,0.213,0.213,0.213,0.213,0.213,0.213,0.213
2012-04-09 05:00:00,0.303,0.303,0.303,0.303,0.303,0.303,0.303,0.303,0.303,0.303,0.303,0.303,0.303,0.303,0.303,0.303,0.303
2012-04-09 06:00:00,0.404,0.404,0.404,0.404,0.404,0.404,0.404,0.404,0.404,0.404,0.404,0.404,0.404,0.404,0.404,0.404,0.404
2012-04-09 07:00:00,0.535,0.535,0.535,0.535,0.535,0.535,0.535,0.535,0.535,0.535,0.535,0.535,0.535,0.535,0.535,0.535,0.535
2012-04-09 08:00:00,0.757,0.757,0.757,0.757,0.757,0.757,0.757,0.757,0.757,0.757,0.757,0.757,0.757,0.757,0.757,0.757,0.757
2012-04-09 09:00:00,1.01,1.01,1.01,1.01,1.01,1.01,1.01,1.01,1.01,1.01,1.01,1.01,1.01,1.01,1.01,1.01,1.01
2012-04-09 10:00:00,1.212,1.212,1.212,1.212,1.212,1.212,1.212,1.212,1.212,1.212,1.212,1.212,1.212,1.212,1.212,1.212,1.212
2012-04-09 11:00:00,1.343,1.343,1.343,1.343,1.343,1.343,1.343,1.343,1.343,1.343,1.343,1.343,1.343,1.343,1.343,1.343,1.343
2012-04-09 12:00:00,1.414,1.414,1.414,1.414,1.414,1.414,1.414,1.414,1.414,1.414,1.414,1.414,1.414,1.414,1.414,1.414,1.414
2012-04-09 13:00:00,1.505,1.505,1.505,1.505,1.505,1.505,1.505,1.505,1.505,1.505,1.505,1.505,1.505,1.505,1.505,1.505,1.505
2012-04-09 14:00:00,1.515,1.515,1.515,1.515,1.515,1.515,1.515,1.515,1.515,1.515,1.515,1.515,1.515,1.515,1.515,1.515,1.515
2012-04-09 15:00:00,1.535,1.535,1.535,1.535,1.535,1.535,1.535,1.535,1.535,1.535,1.535,1.535,1.535,1.535,1.535,1.535,1.535
2012-04-09 16:00:00,1.495,1.495,1.495,1.495,1.495,1.495,1.495,1.495,1.495,1.495,1.495,1.495,1.495,1.495,1.495,1.495,1.495
2012-04-09 17:00:00,1.434,1.434,1.434,1.434,1.434,1.434,1.434,1.434,1.434,1.434,1.434,1.434,1.434,1.434,1.434,1.434,1.434
2012-04-09 18:00:00,1.272,1.272,1.272,1.272,1.272,1.272,1.272,1.272,1.272,1.272,1.272,1.272,1.272,1.272,1.272,1.272,1.272
2012-04-09 19:00:00,0.99,0.99,0.99,0.99,0.99,0.99,0.99,0.99,0.99,0.99,0.99,0.99,0.99,0.99,0.99,0.99,0.99
2012-04-09 20:00:00,0.697,0.697,0.697,0.697,0.697,0.697,0.697,0.697,0.697,0.697,0.697,0.697,0.697,0.697,0.697,0.697,0.697
2012-04-09 21:00:00,0.424,0.424,0.424,0.424,0.424,0.424,0.424,0.424,0.424,0.424,0.424,0.424,0.424,0.424,0.424,0.424,0.424
2012-04-09 22:00:00,0.243,0.243,0.243,0.243,0.243,0.243,0.243,0.243,0.243,0.243,0.243,0.243,0.243,0.243,0.243,0.243,0.243
2012-04-09 23:00:00,0.272,0.272,0.272,0.272,0.272,0.272,0.272,0.272,0.272,0.272,0.272,0.272,0.272,0.272,0.272,0.272,0.272
2012-04-10 00:00:00,0.223,0.223,0.223,0.223,0.223,0.223,0.223,0.223,0.223,0.223,0.223,0.223,0.223,0.223,0.223,0.223,0.223
2012-04-10 01:00:00,0.182,0.182,0.182,0.182,0.182,0.182,0.182,0.182,0.182,0.182,0.182,0.182,0.182,0.182,0.182,0.182,0.182
2012-04-10 02:00:00,0.152,0.152,0.152,0.152,0.152,0.152,0.152,0.152,0.152,0.152,0.152,0.152,0.152,0.152,0.152,0.152,0.152
2012-04-10 03:00:00,0.152,0.152,0.152,0.152,0.152,0.152,0.152,0.152,0.152,0.152,0.152,0.152,0.152,0.152,0.152,0.152,0.152
2012-04-10 04:00:00,0.262,0.262,0.262,0.262,0.262,0.262,0.262,0.262,0.262,0.262,0.262,0.262,0.262,0.262,0.262,0.262,0.262
2012-04-10 05:00:00,0.373,0.373,0.373,0.373,0.373,0.373,0.373,0.373,0.373,0.373,0.373,0.373,0.373,0.373,0.373,0.373,0.373
2012-04-10 06:00:00,0.495,0.495,0.495,0.495,0.495,0.495,0.495,0.495,0.495,0.495,0.495,0.495,0.495,0.495,0.495,0.495,0.495
2012-04-10 07:00:00,0.667,0.667,0.667,0.667,0.667,0.667,0.667,0.667,0.667,0.667,0.667,0.667,0.667,0.667,0.667,0.667,0.667
2012-04-10 08:00:00,0.939,0.939,0.939,0.939,0.939,0.939,0.939,0.939,0.939,0.939,0.939,0.939,0.939,0.939,0.939,0.939,0.939
2012-04-10 09:00:00,1.243,1.243,1.243,1.243,1.243,1.243,1.243,1.243,1.243,1.243,1.243,1.243,1.243,1.243,1.243,1.243,1.243
2012-04-10 10:00:00,1.495,1.495,1.495,1.495,1.495,1.495,1.495,1.495,1.495,1.495,1.495,1.495,1.495,1.495,1.495,1.495,1.495
2012-04-10 11:00:00,1.667,1.667,1.667,1.667,1.667,1.667,1.667,1.667,1.667,1.667,1.667,1.667,1.667,1.667,1.667,1.667,1.667
2012-04-10 12:00:00,1.748,1.748,1.748,1.748,1.748,1.748,1.748,1.748,1.748,1.748,1.748,1.748,1.748,1.748,1.748,1.748,1.748
2012-04-10 13:00:00,1.848,1.848,1.848,1.848,1.848,1.848,1.848,1.848,1.848,1.848,1.848,1.848,1.848,1.848,1.848,1.848,1.848
2012-04-10 14:00:00,1.868,1.868,1.868,1.868,1.868,1.868,1.868,1.868,1.868,1.868,1.868,1.868,1.868,1.868,1.868,1.868,1.868
2012-04-10 15:00:00,1.888,1.888,1.888,1.888,1.888,1.888,1.888,1.888,1.888,1.888,1.888,1.888,1.888,1.888,1.888,1.888,1.888
2012-04-10 16:00:00,1.848,1.848,1.848,1.848,1.848,1.848,1.848,1.848,1.848,1.848,1.848,1.848,1.848,1.848,1.848,1.848,1.848
2012-04-10 17:00:00,1.767,1.767,1.767,1.767,1.767,1.767,1.767,1.767,1.767,1.767,1.767,1.767,1.767,1.767,1.767,1.767,1.767
2012-04-10 18:00:00,1.566,1.566,1.566,1.566,1.566,1.566,1.566,1.566,1.566,1.566,1.566,1.566,1.566,1.566,1.566,1.566,1.566
2012-04-10 19:00:00,1.223,1.223,1.223,1.223,1.223,1.223,1.223,1.223,1.223,1.223,1.223,1.223,1.223,1.223,1.223,1.223,1.223
2012-04-10 20:00:00,0.858,0.858,0.858,0.858,0.858,0.858,0.858,0.858,0.858,0.858,0.858,0.858,0.858,0.858,0.858,0.858,0.858
2012-04-10 21:00:00,0.525,0.525,0.525,0.525,0.525,0.525,0.525,0.525,0.525,0.525,0.525,0.525,0.525,0.525,0.525,0.525,0.525
2012-04-10 22:00:00,0.292,0.292,0.292,0.292,0.292,0.292,0.292,0.292,0.292,0.292,0.292,0.292,0.292,0.292,0.292,0.292,0.292
2012-04-10 23:00:00,0.111,0.111,0.111,0.111,0.111,0.111,0.111,0.111,0.111,0.111,0.111,0.111,0.111,0.111,0.111,0.111,0.111
2012-04-11 00:00:00,0.081,0.081,0.081,0.081,0.081,0.081,0.081,0.081,0.081,0.081,0.081,0.081,0.081,0.081,0.081,0.081,0.081
2012-04-11 01:00:00,0.081,0.081,0.081,0.081,0.081,0.081,0.081,0.081,0.081,0.081,0.081,0.081,0.081,0.081,0.081,0.081,0.081
2012-04-11 02:00:00,0.101,0.101,0.101,0.101,0.101,0.101,0.101,0.101,0.101,0.101,0.101,0.101,0.101,0.101,0.101,0.101,0.101
2012-04-11 03:00:00,0.182,0.182,0.182,0.182,0.182,0.182,0.182,0.182,0.182,0.182,0.182,0.182,0.182,0.182,0.182,0.182,0.182
2012-04-11 04:00:00,0.616,0.616,0.616,0.616,0.616,0.616,0.616,0.616,0.616,0.616,0.616,0.616,0.616,0.616,0.616,0.616,0.616
2012-04-11 05:00:00,1.182,1.182,1.182,1.182,1.182,1.182,1.182,1.182,1.182,1.182,1.182,1.182,1.182,1.182,1.182,1.182,1.182
2012-04-11 06:00:00,1.616,1.616,1.616,1.616,1.616,1.616,1.616,1.616,1.616,1.616,1.616,1.616,1.616,1.616,1.616,1.616,1.616
2012-04-11 07:00:00,1.464,1.464,1.464,1.464,1.464,1.464,1.464,1.464,1.464,1.464,1.464,1.464,1.464,1.464,1.464,1.464,1.464
2012-04-11 08:00:00,1.223,1.223,1.223,1.223,1.223,1.223,1.223,1.223,1.223,1.223,1.223,1.223,1.223,1.223,1.223,1.223,1.223
2012-04-11 09:00:00,1.182,1.182,1.182,1.182,1.182,1.182,1.182,1.182,1.182,1.182,1.182,1.182,1.182,1.182,1.182,1.182,1.182
2012-04-11 10:00:00,1.202,1.202,1.202,1.202,1.202,1.202,1.202,1.202,1.202,1.202,1.202,1.202,1.202,1.202,1.202,1.202,1.202
2012-04-11 11:00:00,1.253,1.253,1.253,1.253,1.253,1.253,1.253,1.253,1.253,1.253,1.253,1.253,1.253,1.253,1.253,1.253,1.253
2012-04-11 12:00:00,1.394,1.394,1.394,1.394,1.394,1.394,1.394,1.394,1.394,1.394,1.394,1.394,1.394,1.394,1.394,1.394,1.394
2012-04-11 13:00:00,1.697,1.697,1.697,1.697,1.697,1.697,1.697,1.697,1.697,1.697,1.697,1.697,1.697,1.697,1.697,1.697,1.697
2012-04-11 14:00:00,1.949,1.949,1.949,1.949,1.949,1.949,1.949,1.949,1.949,1.949,1.949,1.949,1.949,1.949,1.949,1.949,1.949
2012-04-11 15:00:00,1.949,1.949,1.949,1.949,1.949,1.949,1.949,1.949,1.949,1.949,1.949,1.949,1.949,1.949,1.949,1.949,1.949
2012-04-11 16:00:00,1.566,1.566,1.566,1.566,1.566,1.566,1.566,1.566,1.566,1.566,1.566,1.566,1.566,1.566,1.566,1.566,1.566
2012-04-11 17:00:00,1.212,1.212,1.212,1.212,1.212,1.212,1.212,1.212,1.212,1.212,1.212,1.212,1.212,1.212,1.212,1.212,1.212
2012-04-11 18:00:00,0.949,0.949,0.949,0.949,0.949,0.949,0.949,0.949,0.949,0.949,0.949,0.949,0.949,0.949,0.949,0.949,0.949
2012-04-11 19:00:00,0.728,0.728,0.728,0.728,0.728,0.728,0.728,0.728,0.728,0.728,0.728,0.728,0.728,0.728,0.728,0.728,0.728
2012-04-11 20:00:00,0.556,0.556,0.556,0.556,0.556,0.556,0.556,0.556,0.556,0.556,0.556,0.556,0.556,0.556,0.556,0.556,0.556
2012-04-11 21:00:00,0.394,0.394,0.394,0.394,0.394,0.394,0.394,0.394,0.394,0.394,0.394,0.394,0.394,0.394,0.394,0.394,0.394
2012-04-11 22:00:00,0.202,0.202,0.202,0.202,0.202,0.202,0.202,0.202,0.202,0.202,0.202,0.202,0.202,0.202,0.202,0.202,0.202
2012-04-11 23:00:00,0.111,0.111,0.111,0.111,0.111,0.111,0.111,0.111,0.111,0.111,0.111,0.111,0.111,0.111,0.111,0.111,0.111
2012-04-12 00:00:00,0.091,0.091,0.091,0.091,0.091,0.091,0.091,0.091,0.091,0.091,0.091,0.091,0.091,0.091,0.091,0.091,0.091
2012-04-12 01:00:00,0.081,0.081,0.081,0.081,0.081,0.081,0.081,0.081,0.081,0.081,0.081,0.081,0.081,0.081,0.081,0.081,0.081
2012-04-12 02:00:00,0.101,0.101,0.101,0.101,0.101,0.101,0.101,0.101,0.101,0.101,0.101,0.101,0.101,0.101,0.101,0.101,0.101
2012-04-12 03:00:00,0.192,0.192,0.192,0.192,0.192,0.192,0.192,0.192,0.192,0.192,0.192,0.192,0.192,0.192,0.192,0.192,0.192
2012-04-12 04:00:00,0.637,0.637,0.637,0.637,0.637,0.637,0.637,0.637,0.637,0.637,0.637,0.637,0.637,0.637,0.637,0.637,0.637
2012-04-12 05:00:00,1.212,1.212,1.212,1.212,1.212,1.212,1.212,1.212,1.212,1.212,1.212,1.212,1.212,1.212,1.212,1.212,1.212
2012-04-12 06:00:00,1.657,1.657,1.657,1.657,1.657,1.657,1.657,1.657,1.657,1.657,1.657,1.657,1.657,1.657,1.657,1.657,1.657
2012-04-12 07:00:00,1.505,1.505,1.505,1.505,1.505,1.505,1.505,1.505,1.505,1.505,1.505,1.505,1.505,1.505,1.505,1.505,1.505
2012-04-12 08:00:00,1.253,1.253,1.253,1.253,1.253,1.253,1.253,1.253,1.253,1.253,1.253,1.253,1.253,1.253,1.253,1.253,1.253
2012-04-12 09:00:00,1.212,1.212,1.212,1.212,1.212,1.212,1.212,1.212,1.212,1.212,1.212,1.212,1.212,1.212,1.212,1.212,1.212
2012-04-12 10:00:00,1.233,1.233,1.233,1.233,1.233,1.233,1.233,1.233,1.233,1.233,1.233,1.233,1.233,1.233,1.233,1.233,1.233
2012-04-12 11:00:00,1.282,1.282,1.282,1.282,1.282,1.282,1.282,1.282,1.282,1.282,1.282,1.282,1.282,1.282,1.282,1.282,1.282
2012-04-12 12:00:00,1.424,1.424,1.424,1.424,1.424,1.424,1.424,1.424,1.424,1.424,1.424,1.424,1.424,1.424,1.424,1.424,1.424
2012-04-12 13:00:00,1.748,1.748,1.748,1.748,1.748,1.748,1.748,1.748,1.748,1.748,1.748,1.748,1.748,1.748,1.748,1.748,1.748
2012-04-12 14:00:00,2.0,2.0,2.0,2.0,2.0,2.0,2.0,2.0,2.0,2.0,2.0,2.0,2.0,2.0,2.0,2.0,2.0
2012-04-12 15:00:00,2.0,2.0,2.0,2.0,2.0,2.0,2.0,2.0,2.0,2.0,2.0,2.0,2.0,2.0,2.0,2.0,2.0
2012-04-12 16:00:00,1.606,1.606,1.606,1.606,1.606,1.606,1.606,1.606,1.606,1.606,1.606,1.606,1.606,1.606,1.606,1.606,1.606
2012-04-12 17:00:00,1.243,1.243,1.243,1.243,1.243,1.243,1.243,1.243,1.243,1.243,1.243,1.243,1.243,1.243,1.243,1.243,1.243
2012-04-12 18:00:00,0.97,0.97,0.97,0.97,0.97,0.97,0.97,0.97,0.97,0.97,0.97,0.97,0.97,0.97,0.97,0.97,0.97
2012-04-12 19:00:00,0.748,0.748,0.748,0.748,0.748,0.748,0.748,0.748,0.748,0.748,0.748,0.748,0.748,0.748,0.748,0.748,0.748
2012-04-12 20:00:00,0.566,0.566,0.566,0.566,0.566,0.566,0.566,0.566,0.566,0.566,0.566,0.566,0.566,0.566,0.566,0.566,0.566
2012-04-12 21:00:00,0.404,0.404,0.404,0.404,0.404,0.404,0.404,0.404,0.404,0.404,0.404,0.404,0.404,0.404,0.404,0.404,0.404
2012-04-12 22:00:00,0.213,0.213,0.213,0.213,0.213,0.213,0.213,0.213,0.213,0.213,0.213,0.213,0.213,0.213,0.213,0.213,0.213
2012-04-12 23:00:00,0.121,0.121,0.121,0.121,0.121,0.121,0.121,0.121,0.121,0.121,0.121,0.121,0.121,0.121,0.121,0.121,0.121
2012-04-13 00:00:00,0.091,0.091,0.091,0.091,0.091,0.091,0.091,0.091,0.091,0.091,0.091,0.091,0.091,0.091,0.091,0.091,0.091
2012-04-13 01:00:00,0.091,0.091,0.091,0.091,0.091,0.091,0.091,0.091,0.091,0.091,0.091,0.091,0.091,0.091,0.091,0.091,0.091
2012-04-13 02:00:00,0.101,0.101,0.101,0.101,0.101,0.101,0.101,0.101,0.101,0.101,0.101,0.101,0.101,0.101,0.101,0.101,0.101
2012-04-13 03:00:00,0.202,0.202,0.202,0.202,0.202,0.202,0.202,0.202,0.202,0.202,0.202,0.202,0.202,0.202,0.202,0.202,0.202
2012-04-13 04:00:00,0.657,0.657,0.657,0.657,0.657,0.657,0.657,0.657,0.657,0.657,0.657,0.657,0.657,0.657,0.657,0.657,0.657
2012-04-13 05:00:00,1.253,1.253,1.253,1.253,1.253,1.253,1.253,1.253,1.253,1.253,1.253,1.253,1.253,1.253,1.253,1.253,1.253
2012-04-13 06:00:00,1.707,1.707,1.707,1.707,1.707,1.707,1.707,1.707,1.707,1.707,1.707,1.707,1.707,1.707,1.707,1.707,1.707
2012-04-13 07:00:00,1.555,1.555,1.555,1.555,1.555,1.555,1.555,1.555,1.555,1.555,1.555,1.555,1.555,1.555,1.555,1.555,1.555
2012-04-13 08:00:00,1.292,1.292,1.292,1.292,1.292,1.292,1.292,1.292,1.292,1.292,1.292,1.292,1.292,1.292,1.292,1.292,1.292
2012-04-13 09:00:00,1.253,1.253,1.253,1.253,1.253,1.253,1.253,1.253,1.253,1.253,1.253,1.253,1.253,1.253,1.253,1.253,1.253
2012-04-13 10:00:00,1.282,1.282,1.282,1.282,1.282,1.282,1.282,1.282,1.282,1.282,1.282,1.282,1.282,1.282,1.282,1.282,1.282
2012-04-13 11:00:00,1.323,1.323,1.323,1.323,1.323,1.323,1.323,1.323,1.323,1.323,1.323,1.323,1.323,1.323,1.323,1.323,1.323
2012-04-13 12:00:00,1.475,1.475,1.475,1.475,1.475,1.475,1.475,1.475,1.475,1.475,1.475,1.475,1.475,1.475,1.475,1.475,1.475
2012-04-13 13:00:00,1.807,1.807,1.807,1.807,1.807,1.807,1.807,1.807,1.807,1.807,1.807,1.807,1.807,1.807,1.807,1.807,1.807
2012-04-13 14:00:00,2.061,2.061,2.061,2.061,2.061,2.061,2.061,2.061,2.061,2.061,2.061,2.061,2.061,2.061,2.061,2.061,2.061
2012-04-13 15:00:00,2.071,2.071,2.071,2.071,2.071,2.071,2.071,2.071,2.071,2.071,2.071,2.071,2.071,2.071,2.071,2.071,2.071
2012-04-13 16:00:00,1.667,1.667,1.667,1.667,1.667,1.667,1.667,1.667,1.667,1.667,1.667,1.667,1.667,1.667,1.667,1.667,1.667
2012-04-13 17:00:00,1.282,1.282,1.282,1.282,1.282,1.282,1.282,1.282,1.282,1.282,1.282,1.282,1.282,1.282,1.282,1.282,1.282
2012-04-13 18:00:00,1.01,1.01,1.01,1.01,1.01,1.01,1.01,1.01,1.01,1.01,1.01,1.01,1.01,1.01,1.01,1.01,1.01
2012-04-13 19:00:00,0.777,0.777,0.777,0.777,0.777,0.777,0.777,0.777,0.777,0.777,0.777,0.777,0.777,0.777,0.777,0.777,0.777
2012-04-13 20:00:00,0.586,0.586,0.586,0.586,0.586,0.586,0.586,0.586,0.586,0.586,0.586,0.586,0.586,0.586,0.586,0.586,0.586
2012-04-13 21:00:00,0.424,0.424,0.424,0.424,0.424,0.424,0.424,0.424,0.424,0.424,0.424,0.424,0.424,0.424,0.424,0.424,0.424
2012-04-13 22:00:00,0.223,0.223,0.223,0.223,0.223,0.223,0.223,0.223,0.223,0.223,0.223,0.223,0.223,0.223,0.223,0.223,0.223
2012-04-13 23:00:00,0.132,0.132,0.132,0.132,0.132,0.132,0.132,0.132,0.132,0.132,0.132,0.132,0.132,0.132,0.132,0.132,0.132
2012-04-14 00:00:00,0.101,0.101,0.101,0.101,0.101,0.101,0.101,0.101,0.101,0.101,0.101,0.101,0.101,0.101,0.101,0.101,0.101
2012-04-14 01:00:00,0.091,0.091,0.091,0.091,0.091,0.091,0.091,0.091,0.091,0.091,0.091,0.091,0.091,0.091,0.091,0.091,0.091
2012-04-14 02:00:00,0.111,0.111,0.111,0.111,0.111,0.111,0.111,0.111,0.111,0.111,0.111,0.111,0.111,0.111,0.111,0.111,0.111
2012-04-14 03:00:00,0.213,0.213,0.213,0.213,0.213,0.213,0.213,0.213,0.213,0.213,0.213,0.213,0.213,0.213,0.213,0.213,0.213
2012-04-14 04:00:00,0.697,0.697,0.697,0.697,0.697,0.697,0.697,0.697,0.697,0.697,0.697,0.697,0.697,0.697,0.697,0.697,0.697
2012-04-14 05:00:00,1.333,1.333,1.333,1.333,1.333,1.333,1.333,1.333,1.333,1.333,1.333,1.333,1.333,1.333,1.333,1.333,1.333
2012-04-14 06:00:00,1.828,1.828,1.828,1.828,1.828,1.828,1.828,1.828,1.828,1.828,1.828,1.828,1.828,1.828,1.828,1.828,1.828
2012-04-14 07:00:00,1.657,1.657,1.657,1.657,1.657,1.657,1.657,1.657,1.657,1.657,1.657,1.657,1.657,1.657,1.657,1.657,1.657
2012-04-14 08:00:00,1.383,1.383,1.383,1.383,1.383,1.383,1.383,1.383,1.383,1.383,1.383,1.383,1.383,1.383,1.383,1.383,1.383
2012-04-14 09:00:00,1.333,1.333,1.333,1.333,1.333,1.333,1.333,1.333,1.333,1.333,1.333,1.333,1.333,1.333,1.333,1.333,1.333
2012-04-14 10:00:00,1.363,1.363,1.363,1.363,1.363,1.363,1.363,1.363,1.363,1.363,1.363,1.363,1.363,1.363,1.363,1.363,1.363
2012-04-14 11:00:00,1.414,1.414,1.414,1.414,1.414,1.414,1.414,1.414,1.414,1.414,1.414,1.414,1.414,1.414,1.414,1.414,1.414
2012-04-14 12:00:00,1.576,1.576,1.576,1.576,1.576,1.576,1.576,1.576,1.576,1.576,1.576,1.576,1.576,1.576,1.576,1.576,1.576
2012-04-14 13:00:00,1.929,1.929,1.929,1.929,1.929,1.929,1.929,1.929,1.929,1.929,1.929,1.929,1.929,1.929,1.929,1.929,1.929
2012-04-14 14:00:00,2.202,2.202,2.202,2.202,2.202,2.202,2.202,2.202,2.202,2.202,2.202,2.202,2.202,2.202,2.202,2.202,2.202
2012-04-14 15:00:00,2.202,2.202,2.202,2.202,2.202,2.202,2.202,2.202,2.202,2.202,2.202,2.202,2.202,2.202,2.202,2.202,2.202
2012-04-14 16:00:00,1.777,1.777,1.777,1.777,1.777,1.777,1.777,1.777,1.777,1.777,1.777,1.777,1.777,1.777,1.777,1.777,1.777
2012-04-14 17:00:00,1.373,1.373,1.373,1.373,1.373,1.373,1.373,1.373,1.373,1.373,1.373,1.373,1.373,1.373,1.373,1.373,1.373
2012-04-14 18:00:00,1.071,1.071,1.071,1.071,1.071,1.071,1.071,1.071,1.071,1.071,1.071,1.071,1.071,1.071,1.071,1.071,1.071
2012-04-14 19:00:00,0.828,0.828,0.828,0.828,0.828,0.828,0.828,0.828,0.828,0.828,0.828,0.828,0.828,0.828,0.828,0.828,0.828
2012-04-14 20:00:00,0.626,0.626,0.626,0.626,0.626,0.626,0.626,0.626,0.626,0.626,0.626,0.626,0.626,0.626,0.626,0.626,0.626
2012-04-14 21:00:00,0.444,0.444,0.444,0.444,0.444,0.444,0.444,0.444,0.444,0.444,0.444,0.444,0.444,0.444,0.444,0.444,0.444
2012-04-14 22:00:00,0.233,0.233,0.233,0.233,0.233,0.233,0.233,0.233,0.233,0.233,0.233,0.233,0.233,0.233,0.233,0.233,0.233
2012-04-14 23:00:00,0.243,0.243,0.243,0.243,0.243,0.243,0.243,0.243,0.243,0.243,0.243,0.243,0.243,0.243,0.243,0.243,0.243
2012-05-24 00:00:00,0.091,0.091,0.091,0.091,0.091,0.091,0.091,0.091,0.091,0.091,0.091,0.091,0.091,0.091,0.091,0.091,0.091
2012-05-24 01:00:00,0.091,0.091,0.091,0.091,0.091,0.091,0.091,0.091,0.091,0.091,0.091,0.091,0.091,0.091,0.091,0.091,0.091
2012-05-24 02:00:00,0.111,0.111,0.111,0.111,0.111,0.111,0.111,0.111,0.111,0.111,0.111,0.111,0.111,0.111,0.111,0.111,0.111
2012-05-24 03:00:00,0.202,0.202,0.202,0.202,0.202,0.202,0.202,0.202,0.202,0.202,0.202,0.202,0.202,0.202,0.202,0.202,0.202
2012-05-24 04:00:00,0.687,0.687,0.687,0.687,0.687,0.687,0.687,0.687,0.687,0.687,0.687,0.687,0.687,0.687,0.687,0.687,0.687
2012-05-24 05:00:00,1.302,1.302,1.302,1.302,1.302,1.302,1.302,1.302,1.302,1.302,1.302,1.302,1.302,1.302,1.302,1.302,1.302
2012-05-24 06:00:00,1.787,1.787,1.787,1.787,1.787,1.787,1.787,1.787,1.787,1.787,1.787,1.787,1.787,1.787,1.787,1.787,1.787
2012-05-24 07:00:00,1.626,1.626,1.626,1.626,1.626,1.626,1.626,1.626,1.626,1.626,1.626,1.626,1.626,1.626,1.626,1.626,1.626
2012-05-24 08:00:00,1.353,1.353,1.353,1.353,1.353,1.353,1.353,1.353,1.353,1.353,1.353,1.353,1.353,1.353,1.353,1.353,1.353
2012-05-24 09:00:00,1.302,1.302,1.302,1.302,1.302,1.302,1.302,1.302,1.302,1.302,1.302,1.302,1.302,1.302,1.302,1.302,1.302
2012-05-24 10:00:00,1.333,1.333,1.333,1.333,1.333,1.333,1.333,1.333,1.333,1.333,1.333,1.333,1.333,1.333,1.333,1.333,1.333
2012-05-24 11:00:00,1.383,1.383,1.383,1.383,1.383,1.383,1.383,1.383,1.383,1.383,1.383,1.383,1.383,1.383,1.383,1.383,1.383
2012-05-24 12:00:00,1.545,1.545,1.545,1.545,1.545,1.545,1.545,1.545,1.545,1.545,1.545,1.545,1.545,1.545,1.545,1.545,1.545
2012-05-24 13:00:00,1.888,1.888,1.888,1.888,1.888,1.888,1.888,1.888,1.888,1.888,1.888,1.888,1.888,1.888,1.888,1.888,1.888
2012-05-24 14:00:00,2.162,2.162,2.162,2.162,2.162,2.162,2.162,2.162,2.162,2.162,2.162,2.162,2.162,2.162,2.162,2.162,2.162
2012-05-24 15:00:00,2.162,2.162,2.162,2.162,2.162,2.162,2.162,2.162,2.162,2.162,2.162,2.162,2.162,2.162,2.162,2.162,2.162
2012-05-24 16:00:00,1.738,1.738,1.738,1.738,1.738,1.738,1.738,1.738,1.738,1.738,1.738,1.738,1.738,1.738,1.738,1.738,1.738
2012-05-24 17:00:00,1.343,1.343,1.343,1.343,1.343,1.343,1.343,1.343,1.343,1.343,1.343,1.343,1.343,1.343,1.343,1.343,1.343
2012-05-24 18:00:00,1.05,1.05,1.05,1.05,1.05,1.05,1.05,1.05,1.05,1.05,1.05,1.05,1.05,1.05,1.05,1.05,1.05
2012-05-24 19:00:00,0.808,0.808,0.808,0.808,0.808,0.808,0.808,0.808,0.808,0.808,0.808,0.808,0.808,0.808,0.808,0.808,0.808
2012-05-24 20:00:00,0.616,0.616,0.616,0.616,0.616,0.616,0.616,0.616,0.616,0.616,0.616,0.616,0.616,0.616,0.616,0.616,0.616
2012-05-24 21:00:00,0.434,0.434,0.434,0.434,0.434,0.434,0.434,0.434,0.434,0.434,0.434,0.434,0.434,0.434,0.434,0.434,0.434
2012-05-24 22:00:00,0.233,0.233,0.233,0.233,0.233,0.233,0.233,0.233,0.233,0.233,0.233,0.233,0.233,0.233,0.233,0.233,0.233
2012-05-24 23:00:00,0.132,0.132,0.132,0.132,0.132,0.132,0.132,0.132,0.132,0.132,0.132,0.132,0.132,0.132,0.132,0.132,0.132
2012-05-25 00:00:00,0.101,0.101,0.101,0.101,0.101,0.101,0.101,0.101,0.101,0.101,0.101,0.101,0.101,0.101,0.101,0.101,0.101
2012-05-25 01:00:00,0.091,0.091,0.091,0.091,0.091,0.091,0.091,0.091,0.091,0.091,0.091,0.091,0.091,0.091,0.091,0.091,0.091
2012-05-25 02:00:00,0.111,0.111,0.111,0.111,0.111,0.111,0.111,0.111,0.111,0.111,0.111,0.111,0.111,0.111,0.111,0.111,0.111
2012-05-25 03:00:00,0.213,0.213,0.213,0.213,0.213,0.213,0.213,0.213,0.213,0.213,0.213,0.213,0.213,0.213,0.213,0.213,0.213
2012-05-25 04:00:00,0.707,0.707,0.707,0.707,0.707,0.707,0.707,0.707,0.707,0.707,0.707,0.707,0.707,0.707,0.707,0.707,0.707
2012-05-25 05:00:00,1.353,1.353,1.353,1.353,1.353,1.353,1.353,1.353,1.353,1.353,1.353,1.353,1.353,1.353,1.353,1.353,1.353
2012-05-25 06:00:00,1.848,1.848,1.848,1.848,1.848,1.848,1.848,1.848,1.848,1.848,1.848,1.848,1.848,1.848,1.848,1.848,1.848
2012-05-25 07:00:00,1.677,1.677,1.677,1.677,1.677,1.677,1.677,1.677,1.677,1.677,1.677,1.677,1.677,1.677,1.677,1.677,1.677
2012-05-25 08:00:00,1.394,1.394,1.394,1.394,1.394,1.394,1.394,1.394,1.394,1.394,1.394,1.394,1.394,1.394,1.394,1.394,1.394
2012-05-25 09:00:00,1.353,1.353,1.353,1.353,1.353,1.353,1.353,1.353,1.353,1.353,1.353,1.353,1.353,1.353,1.353,1.353,1.353
2012-05-25 10:00:00,1.383,1.383,1.383,1.383,1.383,1.383,1.383,1.383,1.383,1.383,1.383,1.383,1.383,1.383,1.383,1.383,1.383
2012-05-25 11:00:00,1.434,1.434,1.434,1.434,1.434,1.434,1.434,1.434,1.434,1.434,1.434,1.434,1.434,1.434,1.434,1.434,1.434
2012-05-25 12:00:00,1.596,1.596,1.596,1.596,1.596,1.596,1.596,1.596,1.596,1.596,1.596,1.596,1.596,1.596,1.596,1.596,1.596
2012-05-25 13:00:00,1.949,1.949,1.949,1.949,1.949,1.949,1.949,1.949,1.949,1.949,1.949,1.949,1.949,1.949,1.949,1.949,1.949
2012-05-25 14:00:00,2.233,2.233,2.233,2.233,2.233,2.233,2.233,2.233,2.233,2.233,2.233,2.233,2.233,2.233,2.233,2.233,2.233
2012-05-25 15:00:00,2.233,2.233,2.233,2.233,2.233,2.233,2.233,2.233,2.233,2.233,2.233,2.233,2.233,2.233,2.233,2.233,2.233
2012-05-25 16:00:00,1.797,1.797,1.797,1.797,1.797,1.797,1.797,1.797,1.797,1.797,1.797,1.797,1.797,1.797,1.797,1.797,1.797
2012-05-25 17:00:00,1.394,1.394,1.394,1.394,1.394,1.394,1.394,1.394,1.394,1.394,1.394,1.394,1.394,1.394,1.394,1.394,1.394
2012-05-25 18:00:00,1.091,1.091,1.091,1.091,1.091,1.091,1.091,1.091,1.091,1.091,1.091,1.091,1.091,1.091,1.091,1.091,1.091
2012-05-25 19:00:00,0.838,0.838,0.838,0.838,0.838,0.838,0.838,0.838,0.838,0.838,0.838,0.838,0.838,0.838,0.838,0.838,0.838
2012-05-25 20:00:00,0.637,0.637,0.637,0.637,0.637,0.637,0.637,0.637,0.637,0.637,0.637,0.637,0.637,0.637,0.637,0.637,0.637
2012-05-25 21:00:00,0.454,0.454,0.454,0.454,0.454,0.454,0.454,0.454,0.454,0.454,0.454,0.454,0.454,0.454,0.454,0.454,0.454
2012-05-25 22:00:00,0.233,0.233,0.233,0.233,0.233,0.233,0.233,0.233,0.233,0.233,0.233,0.233,0.233,0.233,0.233,0.233,0.233
2012-05-25 23:00:00,0.142,0.142,0.142,0.142,0.142,0.142,0.142,0.142,0.142,0.142,0.142,0.142,0.142,0.142,0.142,0.142,0.142
2012-05-26 00:00:00,0.101,0.101,0.101,0.101,0.101,0.101,0.101,0.101,0.101,0.101,0.101,0.101,0.101,0.101,0.101,0.101,0.101
2012-05-26 01:00:00,0.101,0.101,0.101,0.101,0.101,0.101,0.101,0.101,0.101,0.101,0.101,0.101,0.101,0.101,0.101,0.101,0.101
2012-05-26 02:00:00,0.121,0.121,0.121,0.121,0.121,0.121,0.121,0.121,0.121,0.121,0.121,0.121,0.121,0.121,0.121,0.121,0.121
2012-05-26 03:00:00,0.233,0.233,0.233,0.233,0.233,0.233,0.233,0.233,0.233,0.233,0.233,0.233,0.233,0.233,0.233,0.233,0.233
2012-05-26 04:00:00,0.757,0.757,0.757,0.757,0.757,0.757,0.757,0.757,0.757,0.757,0.757,0.757,0.757,0.757,0.757,0.757,0.757
2012-05-26 05:00:00,1.444,1.444,1.444,1.444,1.444,1.444,1.444,1.444,1.444,1.444,1.444,1.444,1.444,1.444,1.444,1.444,1.444
2012-05-26 06:00:00,1.969,1.969,1.969,1.969,1.969,1.969,1.969,1.969,1.969,1.969,1.969,1.969,1.969,1.969,1.969,1.969,1.969
2012-05-26 07:00:00,1.787,1.787,1.787,1.787,1.787,1.787,1.787,1.787,1.787,1.787,1.787,1.787,1.787,1.787,1.787,1.787,1.787
2012-05-26 08:00:00,1.495,1.495,1.495,1.495,1.495,1.495,1.495,1.495,1.495,1.495,1.495,1.495,1.495,1.495,1.495,1.495,1.495
2012-05-26 09:00:00,1.444,1.444,1.444,1.444,1.444,1.444,1.444,1.444,1.444,1.444,1.444,1.444,1.444,1.444,1.444,1.444,1.444
2012-05-26 10:00:00,1.475,1.475,1.475,1.475,1.475,1.475,1.475,1.475,1.475,1.475,1.475,1.475,1.475,1.475,1.475,1.475,1.475
2012-05-26 11:00:00,1.535,1.535,1.535,1.535,1.535,1.535,1.535,1.535,1.535,1.535,1.535,1.535,1.535,1.535,1.535,1.535,1.535
2012-05-26 12:00:00,1.697,1.697,1.697,1.697,1.697,1.697,1.697,1.697,1.697,1.697,1.697,1.697,1.697,1.697,1.697,1.697,1.697
2012-05-26 13:00:00,2.081,2.081,2.081,2.081,2.081,2.081,2.081,2.081,2.081,2.081,2.081,2.081,2.081,2.081,2.081,2.081,2.081
2012-05-26 14:00:00,2.383,2.383,2.383,2.383,2.383,2.383,2.383,2.383,2.383,2.383,2.383,2.383,2.383,2.383,2.383,2.383,2.383
2012-05-26 15:00:00,2.383,2.383,2.383,2.383,2.383,2.383,2.383,2.383,2.383,2.383,2.383,2.383,2.383,2.383,2.383,2.383,2.383
2012-05-26 16:00:00,1.919,1.919,1.919,1.919,1.919,1.919,1.919,1.919,1.919,1.919,1.919,1.919,1.919,1.919,1.919,1.919,1.919
2012-05-26 17:00:00,1.485,1.485,1.485,1.485,1.485,1.485,1.485,1.485,1.485,1.485,1.485,1.485,1.485,1.485,1.485,1.485,1.485
2012-05-26 18:00:00,1.162,1.162,1.162,1.162,1.162,1.162,1.162,1.162,1.162,1.162,1.162,1.162,1.162,1.162,1.162,1.162,1.162
2012-05-26 19:00:00,0.889,0.889,0.889,0.889,0.889,0.889,0.889,0.889,0.889,0.889,0.889,0.889,0.889,0.889,0.889,0.889,0.889
2012-05-26 20:00:00,0.677,0.677,0.677,0.677,0.677,0.677,0.677,0.677,0.677,0.677,0.677,0.677,0.677,0.677,0.677,0.677,0.677
2012-05-26 21:00:00,0.485,0.485,0.485,0.485,0.485,0.485,0.485,0.485,0.485,0.485,0.485,0.485,0.485,0.485,0.485,0.485,0.485
2012-05-26 22:00:00,0.252,0.252,0.252,0.252,0.252,0.252,0.252,0.252,0.252,0.252,0.252,0.252,0.252,0.252,0.252,0.252,0.252
2012-05-26 23:00:00,0.262,0.262,0.262,0.262,0.262,0.262,0.262,0.262,0.262,0.262,0.262,0.262,0.262,0.262,0.262,0.262,0.262
2012-05-27 00:00:00,0.202,0.202,0.202,0.202,0.202,0.202,0.202,0.202,0.202,0.202,0.202,0.202,0.202,0.202,0.202,0.202,0.202
2012-05-27 01:00:00,0.182,0.182,0.182,0.182,0.182,0.182,0.182,0.182,0.182,0.182,0.182,0.182,0.182,0.182,0.182,0.182,0.182
2012-05-27 02:00:00,0.172,0.172,0.172,0.172,0.172,0.172,0.172,0.172,0.172,0.172,0.172,0.172,0.172,0.172,0.172,0.172,0.172
2012-05-27 03:00:00,0.213,0.213,0.213,0.213,0.213,0.213,0.213,0.213,0.213,0.213,0.213,0.213,0.213,0.213,0.213,0.213,0.213
2012-05-27 04:00:00,0.384,0.384,0.384,0.384,0.384,0.384,0.384,0.384,0.384,0.384,0.384,0.384,0.384,0.384,0.384,0.384,0.384
2012-05-27 05:00:00,0.535,0.535,0.535,0.535,0.535,0.535,0.535,0.535,0.535,0.535,0.535,0.535,0.535,0.535,0.535,0.535,0.535
2012-05-27 06:00:00,0.687,0.687,0.687,0.687,0.687,0.687,0.687,0.687,0.687,0.687,0.687,0.687,0.687,0.687,0.687,0.687,0.687
2012-05-27 07:00:00,0.919,0.919,0.919,0.919,0.919,0.919,0.919,0.919,0.919,0.919,0.919,0.919,0.919,0.919,0.919,0.919,0.919
2012-05-27 08:00:00,1.172,1.172,1.172,1.172,1.172,1.172,1.172,1.172,1.172,1.172,1.172,1.172,1.172,1.172,1.172,1.172,1.172
2012-05-27 09:00:00,1.475,1.475,1.475,1.475,1.475,1.475,1.475,1.475,1.475,1.475,1.475,1.475,1.475,1.475,1.475,1.475,1.475
2012-05-27 10:00:00,1.606,1.606,1.606,1.606,1.606,1.606,1.606,1.606,1.606,1.606,1.606,1.606,1.606,1.606,1.606,1.606,1.606
2012-05-27 11:00:00,1.687,1.687,1.687,1.687,1.687,1.687,1.687,1.687,1.687,1.687,1.687,1.687,1.687,1.687,1.687,1.687,1.687
2012-05-27 12:00:00,1.707,1.707,1.707,1.707,1.707,1.707,1.707,1.707,1.707,1.707,1.707,1.707,1.707,1.707,1.707,1.707,1.707
2012-05-27 13:00:00,1.677,1.677,1.677,1.677,1.677,1.677,1.677,1.677,1.677,1.677,1.677,1.677,1.677,1.677,1.677,1.677,1.677
2012-05-27 14:00:00,1.586,1.586,1.586,1.586,1.586,1.586,1.586,1.586,1.586,1.586,1.586,1.586,1.586,1.586,1.586,1.586,1.586
2012-05-27 15:00:00,1.454,1.454,1.454,1.454,1.454,1.454,1.454,1.454,1.454,1.454,1.454,1.454,1.454,1.454,1.454,1.454,1.454
2012-05-27 16:00:00,1.343,1.343,1.343,1.343,1.343,1.343,1.343,1.343,1.343,1.343,1.343,1.343,1.343,1.343,1.343,1.343,1.343
2012-05-27 17:00:00,1.192,1.192,1.192,1.192,1.192,1.192,1.192,1.192,1.192,1.192,1.192,1.192,1.192,1.192,1.192,1.192,1.192
2012-05-27 18:00:00,1.04,1.04,1.04,1.04,1.04,1.04,1.04,1.04,1.04,1.04,1.04,1.04,1.04,1.04,1.04,1.04,1.04
2012-05-27 19:00:00,0.858,0.858,0.858,0.858,0.858,0.858,0.858,0.858,0.858,0.858,0.858,0.858,0.858,0.858,0.858,0.858,0.858
2012-05-27 20:00:00,0.647,0.647,0.647,0.647,0.647,0.647,0.647,0.647,0.647,0.647,0.647,0.647,0.647,0.647,0.647,0.647,0.647
2012-05-27 21:00:00,0.475,0.475,0.475,0.475,0.475,0.475,0.475,0.475,0.475,0.475,0.475,0.475,0.475,0.475,0.475,0.475,0.475
2012-05-27 22:00:00,0.313,0.313,0.313,0.313,0.313,0.313,0.313,0.313,0.313,0.313,0.313,0.313,0.313,0.313,0.313,0.313,0.313
2012-05-27 23:00:00,0.243,0.243,0.243,0.243,0.243,0.243,0.243,0.243,0.243,0.243,0.243,0.243,0.243,0.243,0.243,0.243,0.243
2012-05-28 00:00:00,0.192,0.192,0.192,0.192,0.192,0.192,0.192,0.192,0.192,0.192,0.192,0.192,0.192,0.192,0.192,0.192,0.192
2012-05-28 01:00:00,0.162,0.162,0.162,0.162,0.162,0.162,0.162,0.162,0.162,0.162,0.162,0.162,0.162,0.162,0.162,0.162,0.162
2012-05-28 02:00:00,0.132,0.132,0.132,0.132,0.132,0.132,0.132,0.132,0.132,0.132,0.132,0.132,0.132,0.132,0.132,0.132,0.132
2012-05-28 03:00:00,0.132,0.132,0.132,0.132,0.132,0.132,0.132,0.132,0.132,0.132,0.132,0.132,0.132,0.132,0.132,0.132,0.132
2012-05-28 04:00:00,0.233,0.233,0.233,0.233,0.233,0.233,0.233,0.233,0.233,0.233,0.233,0.233,0.233,0.233,0.233,0.233,0.233
2012-05-28 05:00:00,0.323,0.323,0.323,0.323,0.323,0.323,0.323,0.323,0.323,0.323,0.323,0.323,0.323,0.323,0.323,0.323,0.323
2012-05-28 06:00:00,0.434,0.434,0.434,0.434,0.434,0.434,0.434,0.434,0.434,0.434,0.434,0.434,0.434,0.434,0.434,0.434,0.434
2012-05-28 07:00:00,0.586,0.586,0.586,0.586,0.586,0.586,0.586,0.586,0.586,0.586,0.586,0.586,0.586,0.586,0.586,0.586,0.586
2012-05-28 08:00:00,0.818,0.818,0.818,0.818,0.818,0.818,0.818,0.818,0.818,0.818,0.818,0.818,0.818,0.818,0.818,0.818,0.818
2012-05-28 09:00:00,1.091,1.091,1.091,1.091,1.091,1.091,1.091,1.091,1.091,1.091,1.091,1.091,1.091,1.091,1.091,1.091,1.091
2012-05-28 10:00:00,1.313,1.313,1.313,1.313,1.313,1.313,1.313,1.313,1.313,1.313,1.313,1.313,1.313,1.313,1.313,1.313,1.313
2012-05-28 11:00:00,1.454,1.454,1.454,1.454,1.454,1.454,1.454,1.454,1.454,1.454,1.454,1.454,1.454,1.454,1.454,1.454,1.454
2012-05-28 12:00:00,1.535,1.535,1.535,1.535,1.535,1.535,1.535,1.535,1.535,1.535,1.535,1.535,1.535,1.535,1.535,1.535,1.535
2012-05-28 13:00:00,1.626,1.626,1.626,1.626,1.626,1.626,1.626,1.626,1.626,1.626,1.626,1.626,1.626,1.626,1.626,1.626,1.626
2012-05-28 14:00:00,1.636,1.636,1.636,1.636,1.636,1.636,1.636,1.636,1.636,1.636,1.636,1.636,1.636,1.636,1.636,1.636,1.636
2012-05-28 15:00:00,1.657,1.657,1.657,1.657,1.657,1.657,1.657,1.657,1.657,1.657,1.657,1.657,1.657,1.657,1.657,1.657,1.657
2012-05-28 16:00:00,1.616,1.616,1.616,1.616,1.616,1.616,1.616,1.616,1.616,1.616,1.616,1.616,1.616,1.616,1.616,1.616,1.616
2012-05-28 17:00:00,1.545,1.545,1.545,1.545,1.545,1.545,1.545,1.545,1.545,1.545,1.545,1.545,1.545,1.545,1.545,1.545,1.545
2012-05-28 18:00:00,1.373,1.373,1.373,1.373,1.373,1.373,1.373,1.373,1.373,1.373,1.373,1.373,1.373,1.373,1.373,1.373,1.373
2012-05-28 19:00:00,1.071,1.071,1.071,1.071,1.071,1.071,1.071,1.071,1.071,1.071,1.071,1.071,1.071,1.071,1.071,1.071,1.071
2012-05-28 20:00:00,0.748,0.748,0.748,0.748,0.748,0.748,0.748,0.748,0.748,0.748,0.748,0.748,0.748,0.748,0.748,0.748,0.748
2012-05-28 21:00:00,0.465,0.465,0.465,0.465,0.465,0.465,0.465,0.465,0.465,0.465,0.465,0.465,0.465,0.465,0.465,0.465,0.465
2012-05-28 22:00:00,0.262,0.262,0.262,0.262,0.262,0.262,0.262,0.262,0.262,0.262,0.262,0.262,0.262,0.262,0.262,0.262,0.262
2012-05-28 23:00:00,0.121,0.121,0.121,0.121,0.121,0.121,0.121,0.121,0.121,0.121,0.121,0.121,0.121,0.121,0.121,0.121,0.121
2012-05-29 00:00:00,0.091,0.091,0.091,0.091,0.091,0.091,0.091,0.091,0.091,0.091,0.091,0.091,0.091,0.091,0.091,0.091,0.091
2012-05-29 01:00:00,0.091,0.091,0.091,0.091,0.091,0.091,0.091,0.091,0.091,0.091,0.091,0.091,0.091,0.091,0.091,0.091,0.091
2012-05-29 02:00:00,0.111,0.111,0.111,0.111,0.111,0.111,0.111,0.111,0.111,0.111,0.111,0.111,0.111,0.111,0.111,0.111,0.111
2012-05-29 03:00:00,0.213,0.213,0.213,0.213,0.213,0.213,0.213,0.213,0.213,0.213,0.213,0.213,0.213,0.213,0.213,0.213,0.213
2012-05-29 04:00:00,0.687,0.687,0.687,0.687,0.687,0.687,0.687,0.687,0.687,0.687,0.687,0.687,0.687,0.687,0.687,0.687,0.687
2012-05-29 05:00:00,1.313,1.313,1.313,1.313,1.313,1.313,1.313,1.313,1.313,1.313,1.313,1.313,1.313,1.313,1.313,1.313,1.313
2012-05-29 06:00:00,1.797,1.797,1.797,1.797,1.797,1.797,1.797,1.797,1.797,1.797,1.797,1.797,1.797,1.797,1.797,1.797,1.797
2012-05-29 07:00:00,1.636,1.636,1.636,1.636,1.636,1.636,1.636,1.636,1.636,1.636,1.636,1.636,1.636,1.636,1.636,1.636,1.636
2012-05-29 08:00:00,1.353,1.353,1.353,1.353,1.353,1.353,1.353,1.353,1.353,1.353,1.353,1.353,1.353,1.353,1.353,1.353,1.353
2012-05-29 09:00:00,1.313,1.313,1.313,1.313,1.313,1.313,1.313,1.313,1.313,1.313,1.313,1.313,1.313,1.313,1.313,1.313,1.313
2012-05-29 10:00:00,1.343,1.343,1.343,1.343,1.343,1.343,1.343,1.343,1.343,1.343,1.343,1.343,1.343,1.343,1.343,1.343,1.343
2012-05-29 11:00:00,1.394,1.394,1.394,1.394,1.394,1.394,1.394,1.394,1.394,1.394,1.394,1.394,1.394,1.394,1.394,1.394,1.394
2012-05-29 12:00:00,1.545,1.545,1.545,1.545,1.545,1.545,1.545,1.545,1.545,1.545,1.545,1.545,1.545,1.545,1.545,1.545,1.545
2012-05-29 13:00:00,1.899,1.899,1.899,1.899,1.899,1.899,1.899,1.899,1.899,1.899,1.899,1.899,1.899,1.899,1.899,1.899,1.899
2012-05-29 14:00:00,2.172,2.172,2.172,2.172,2.172,2.172,2.172,2.172,2.172,2.172,2.172,2.172,2.172,2.172,2.172,2.172,2.172
2012-05-29 15:00:00,2.172,2.172,2.172,2.172,2.172,2.172,2.172,2.172,2.172,2.172,2.172,2.172,2.172,2.172,2.172,2.172,2.172
2012-05-29 16:00:00,1.748,1.748,1.748,1.748,1.748,1.748,1.748,1.748,1.748,1.748,1.748,1.748,1.748,1.748,1.748,1.748,1.748
2012-05-29 17:00:00,1.353,1.353,1.353,1.353,1.353,1.353,1.353,1.353,1.353,1.353,1.353,1.353,1.353,1.353,1.353,1.353,1.353
2012-05-29 18:00:00,1.061,1.061,1.061,1.061,1.061,1.061,1.061,1.061,1.061,1.061,1.061,1.061,1.061,1.061,1.061,1.061,1.061
2012-05-29 19:00:00,0.818,0.818,0.818,0.818,0.818,0.818,0.818,0.818,0.818,0.818,0.818,0.818,0.818,0.818,0.818,0.818,0.818
2012-05-29 20:00:00,0.616,0.616,0.616,0.616,0.616,0.616,0.616,0.616,0.616,0.616,0.616,0.616,0.616,0.616,0.616,0.616,0.616
2012-05-29 21:00:00,0.444,0.444,0.444,0.444,0.444,0.444,0.444,0.444,0.444,0.444,0.444,0.444,0.444,0.444,0.444,0.444,0.444
2012-05-29 22:00:00,0.233,0.233,0.233,0.233,0.233,0.233,0.233,0.233,0.233,0.233,0.233,0.233,0.233,0.233,0.233,0.233,0.233
2012-05-29 23:00:00,0.121,0.121,0.121,0.121,0.121,0.121,0.121,0.121,0.121,0.121,0.121,0.121,0.121,0.121,0.121,0.121,0.121
2012-05-30 00:00:00,0.091,0.091,0.091,0.091,0.091,0.091,0.091,0.091,0.091,0.091,0.091,0.091,0.091,0.091,0.091,0.091,0.091
2012-05-30 01:00:00,0.091,0.091,0.091,0.091,0.091,0.091,0.091,0.091,0.091,0.091,0.091,0.091,0.091,0.091,0.091,0.091,0.091
2012-05-30 02:00:00,0.101,0.101,0.101,0.101,0.101,0.101,0.101,0.101,0.101,0.101,0.101,0.101,0.101,0.101,0.101,0.101,0.101
2012-05-30 03:00:00,0.202,0.202,0.202,0.202,0.202,0.202,0.202,0.202,0.202,0.202,0.202,0.202,0.202,0.202,0.202,0.202,0.202
2012-05-30 04:00:00,0.667,0.667,0.667,0.667,0.667,0.667,0.667,0.667,0.667,0.667,0.667,0.667,0.667,0.667,0.667,0.667,0.667
2012-05-30 05:00:00,1.272,1.272,1.272,1.272,1.272,1.272,1.272,1.272,1.272,1.272,1.272,1.272,1.272,1.272,1.272,1.272,1.272
2012-05-30 06:00:00,1.748,1.748,1.748,1.748,1.748,1.748,1.748,1.748,1.748,1.748,1.748,1.748,1.748,1.748,1.748,1.748,1.748
2012-05-30 07:00:00,1.586,1.586,1.586,1.586,1.586,1.586,1.586,1.586,1.586,1.586,1.586,1.586,1.586,1.586,1.586,1.586,1.586
2012-05-30 08:00:00,1.313,1.313,1.313,1.313,1.313,1.313,1.313,1.313,1.313,1.313,1.313,1.313,1.313,1.313,1.313,1.313,1.313
2012-05-30 09:00:00,1.272,1.272,1.272,1.272,1.272,1.272,1.272,1.272,1.272,1.272,1.272,1.272,1.272,1.272,1.272,1.272,1.272
2012-05-30 10:00:00,1.302,1.302,1.302,1.302,1.302,1.302,1.302,1.302,1.302,1.302,1.302,1.302,1.302,1.302,1.302,1.302,1.302
2012-05-30 11:00:00,1.353,1.353,1.353,1.353,1.353,1.353,1.353,1.353,1.353,1.353,1.353,1.353,1.353,1.353,1.353,1.353,1.353
2012-05-30 12:00:00,1.505,1.505,1.505,1.505,1.505,1.505,1.505,1.505,1.505,1.505,1.505,1.505,1.505,1.505,1.505,1.505,1.505
2012-05-30 13:00:00,1.838,1.838,1.838,1.838,1.838,1.838,1.838,1.838,1.838,1.838,1.838,1.838,1.838,1.838,1.838,1.838,1.838
2012-05-30 14:00:00,2.101,2.101,2.101,2.101,2.101,2.101,2.101,2.101,2.101,2.101,2.101,2.101,2.101,2.101,2.101,2.101,2.101
2012-05-30 15:00:00,2.111,2.111,2.111,2.111,2.111,2.111,2.111,2.111,2.111,2.111,2.111,2.111,2.111,2.111,2.111,2.111,2.111
2012-05-30 16:00:00,1.697,1.697,1.697,1.697,1.697,1.697,1.697,1.697,1.697,1.697,1.697,1.697,1.697,1.697,1.697,1.697,1.697
2012-05-30 17:00:00,1.313,1.313,1.313,1.313,1.313,1.313,1.313,1.313,1.313,1.313,1.313,1.313,1.313,1.313,1.313,1.313,1.313
2012-05-30 18:00:00,1.03,1.03,1.03,1.03,1.03,1.03,1.03,1.03,1.03,1.03,1.03,1.03,1.03,1.03,1.03,1.03,1.03
2012-05-30 19:00:00,0.787,0.787,0.787,0.787,0.787,0.787,0.787,0.787,0.787,0.787,0.787,0.787,0.787,0.787,0.787,0.787,0.787
2012-05-30 20:00:00,0.596,0.596,0.596,0.596,0.596,0.596,0.596,0.596,0.596,0.596,0.596,0.596,0.596,0.596,0.596,0.596,0.596
2012-05-30 21:00:00,0.424,0.424,0.424,0.424,0.424,0.424,0.424,0.424,0.424,0.424,0.424,0.424,0.424,0.424,0.424,0.424,0.424
2012-05-30 22:00:00,0.223,0.223,0.223,0.223,0.223,0.223,0.223,0.223,0.223,0.223,0.223,0.223,0.223,0.223,0.223,0.223,0.223
2012-05-30 23:00:00,0.121,0.121,0.121,0.121,0.121,0.121,0.121,0.121,0.121,0.121,0.121,0.121,0.121,0.121,0.121,0.121,0.121
2012-05-31 00:00:00,0.091,0.091,0.091,0.091,0.091,0.091,0.091,0.091,0.091,0.091,0.091,0.091,0.091,0.091,0.091,0.091,0.091
2012-05-31 01:00:00,0.091,0.091,0.091,0.091,0.091,0.091,0.091,0.091,0.091,0.091,0.091,0.091,0.091,0.091,0.091,0.091,0.091
2012-05-31 02:00:00,0.111,0.111,0.111,0.111,0.111,0.111,0.111,0.111,0.111,0.111,0.111,0.111,0.111,0.111,0.111,0.111,0.111
2012-05-31 03:00:00,0.202,0.202,0.202,0.202,0.202,0.202,0.202,0.202,0.202,0.202,0.202,0.202,0.202,0.202,0.202,0.202,0.202
2012-05-31 04:00:00,0.687,0.687,0.687,0.687,0.687,0.687,0.687,0.687,0.687,0.687,0.687,0.687,0.687,0.687,0.687,0.687,0.687
2012-05-31 05:00:00,1.302,1.302,1.302,1.302,1.302,1.302,1.302,1.302,1.302,1.302,1.302,1.302,1.302,1.302,1.302,1.302,1.302
2012-05-31 06:00:00,1.787,1.787,1.787,1.787,1.787,1.787,1.787,1.787,1.787,1.787,1.787,1.787,1.787,1.787,1.787,1.787,1.787
2012-05-31 07:00:00,1.626,1.626,1.626,1.626,1.626,1.626,1.626,1.626,1.626,1.626,1.626,1.626,1.626,1.626,1.626,1.626,1.626
2012-05-31 08:00:00,1.353,1.353,1.353,1.353,1.353,1.353,1.353,1.353,1.353,1.353,1.353,1.353,1.353,1.353,1.353,1.353,1.353
2012-05-31 09:00:00,1.302,1.302,1.302,1.302,1.302,1.302,1.302,1.302,1.302,1.302,1.302,1.302,1.302,1.302,1.302,1.302,1.302
2012-05-31 10:00:00,1.333,1.333,1.333,1.333,1.333,1.333,1.333,1.333,1.333,1.333,1.333,1.333,1.333,1.333,1.333,1.333,1.333
2012-05-31 11:00:00,1.383,1.383,1.383,1.383,1.383,1.383,1.383,1.383,1.383,1.383,1.383,1.383,1.383,1.383,1.383,1.383,1.383
2012-05-31 12:00:00,1.545,1.545,1.545,1.545,1.545,1.545,1.545,1.545,1.545,1.545,1.545,1.545,1.545,1.545,1.545,1.545,1.545
2012-05-31 13:00:00,1.888,1.888,1.888,1.888,1.888,1.888,1.888,1.888,1.888,1.888,1.888,1.888,1.888,1.888,1.888,1.888,1.888
2012-05-31 14:00:00,2.162,2.162,2.162,2.162,2.162,2.162,2.162,2.162,2.162,2.162,2.162,2.162,2.162,2.162,2.162,2.162,2.162
2012-05-31 15:00:00,2.162,2.162,2.162,2.162,2.162,2.162,2.162,2.162,2.162,2.162,2.162,2.162,2.162,2.162,2.162,2.162,2.162
2012-05-31 16:00:00,1.738,1.738,1.738,1.738,1.738,1.738,1.738,1.738,1.738,1.738,1.738,1.738,1.738,1.738,1.738,1.738,1.738
2012-05-31 17:00:00,1.343,1.343,1.343,1.343,1.343,1.343,1.343,1.343,1.343,1.343,1.343,1.343,1.343,1.343,1.343,1.343,1.343
2012-05-31 18:00:00,1.05,1.05,1.05,1.05,1.05,1.05,1.05,1.05,1.05,1.05,1.05,1.05,1.05,1.05,1.05,1.05,1.05
2012-05-31 19:00:00,0.808,0.808,0.808,0.808,0.808,0.808,0.808,0.808,0.808,0.808,0.808,0.808,0.808,0.808,0.808,0.808,0.808
2012-05-31 20:00:00,0.616,0.616,0.616,0.616,0.616,0.616,0.616,0.616,0.616,0.616,0.616,0.616,0.616,0.616,0.616,0.616,0.616
2012-05-31 21:00:00,0.434,0.434,0.434,0.434,0.434,0.434,0.434,0.434,0.434,0.434,0.434,0.434,0.434,0.434,0.434,0.434,0.434
2012-05-31 22:00:00,0.233,0.233,0.233,0.233,0.233,0.233,0.233,0.233,0.233,0.233,0.233,0.233,0.233,0.233,0.233,0.233,0.233
2012-05-31 23:00:00,0.132,0.132,0.132,0.132,0.132,0.132,0.132,0.132,0.132,0.132,0.132,0.132,0.132,0.132,0.132,0.132,0.132
2012-06-01 00:00:00,0.101,0.101,0.101,0.101,0.101,0.101,0.101,0.101,0.101,0.101,0.101,0.101,0.101,0.101,0.101,0.101,0.101
2012-06-01 01:00:00,0.091,0.091,0.091,0.091,0.091,0.091,0.091,0.091,0.091,0.091,0.091,0.091,0.091,0.091,0.091,0.091,0.091
2012-06-01 02:00:00,0.111,0.111,0.111,0.111,0.111,0.111,0.111,0.111,0.111,0.111,0.111,0.111,0.111,0.111,0.111,0.111,0.111
2012-06-01 03:00:00,0.213,0.213,0.213,0.213,0.213,0.213,0.213,0.213,0.213,0.213,0.213,0.213,0.213,0.213,0.213,0.213,0.213
2012-06-01 04:00:00,0.707,0.707,0.707,0.707,0.707,0.707,0.707,0.707,0.707,0.707,0.707,0.707,0.707,0.707,0.707,0.707,0.707
2012-06-01 05:00:00,1.353,1.353,1.353,1.353,1.353,1.353,1.353,1.353,1.353,1.353,1.353,1.353,1.353,1.353,1.353,1.353,1.353
2012-06-01 06:00:00,1.848,1.848,1.848,1.848,1.848,1.848,1.848,1.848,1.848,1.848,1.848,1.848,1.848,1.848,1.848,1.848,1.848
2012-06-01 07:00:00,1.677,1.677,1.677,1.677,1.677,1.677,1.677,1.677,1.677,1.677,1.677,1.677,1.677,1.677,1.677,1.677,1.677
2012-06-01 08:00:00,1.394,1.394,1.394,1.394,1.394,1.394,1.394,1.394,1.394,1.394,1.394,1.394,1.394,1.394,1.394,1.394,1.394
2012-06-01 09:00:00,1.353,1.353,1.353,1.353,1.353,1.353,1.353,1.353,1.353,1.353,1.353,1.353,1.353,1.353,1.353,1.353,1.353
2012-06-01 10:00:00,1.383,1.383,1.383,1.383,1.383,1.383,1.383,1.383,1.383,1.383,1.383,1.383,1.383,1.383,1.383,1.383,1.383
2012-06-01 11:00:00,1.434,1.434,1.434,1.434,1.434,1.434,1.434,1.434,1.434,1.434,1.434,1.434,1.434,1.434,1.434,1.434,1.434
2012-06-01 12:00:00,1.596,1.596,1.596,1.596,1.596,1.596,1.596,1.596,1.596,1.596,1.596,1.596,1.596,1.596,1.596,1.596,1.596
2012-06-01 13:00:00,1.949,1.949,1.949,1.949,1.949,1.949,1.949,1.949,1.949,1.949,1.949,1.949,1.949,1.949,1.949,1.949,1.949
2012-06-01 14:00:00,2.233,2.233,2.233,2.233,2.233,2.233,2.233,2.233,2.233,2.233,2.233,2.233,2.233,2.233,2.233,2.233,2.233
2012-06-01 15:00:00,2.233,2.233,2.233,2.233,2.233,2.233,2.233,2.233,2.233,2.233,2.233,2.233,2.233,2.233,2.233,2.233,2.233
2012-06-01 16:00:00,1.797,1.797,1.797,1.797,1.797,1.797,1.797,1.797,1.797,1.797,1.797,1.797,1.797,1.797,1.797,1.797,1.797
2012-06-01 17:00:00,1.394,1.394,1.394,1.394,1.394,1.394,1.394,1.394,1.394,1.394,1.394,1.394,1.394,1.394,1.394,1.394,1.394
2012-06-01 18:00:00,1.091,1.091,1.091,1.091,1.091,1.091,1.091,1.091,1.091,1.091,1.091,1.091,1.091,1.091,1.091,1.091,1.091
2012-06-01 19:00:00,0.838,0.838,0.838,0.838,0.838,0.838,0.838,0.838,0.838,0.838,0.838,0.838,0.838,0.838,0.838,0.838,0.838
2012-06-01 20:00:00,0.637,0.637,0.637,0.637,0.637,0.637,0.637,0.637,0.637,0.637,0.637,0.637,0.637,0.637,0.637,0.637,0.637
2012-06-01 21:00:00,0.454,0.454,0.454,0.454,0.454,0.454,0.454,0.454,0.454,0.454,0.454,0.454,0.454,0.454,0.454,0.454,0.454
2012-06-01 22:00:00,0.233,0.233,0.233,0.233,0.233,0.233,0.233,0.233,0.233,0.233,0.233,0.233,0.233,0.233,0.233,0.233,0.233
2012-06-01 23:00:00,0.152,0.152,0.152,0.152,0.152,0.152,0.152,0.152,0.152,0.152,0.152,0.152,0.152,0.152,0.152,0.152,0.152
2012-06-02 00:00:00,0.111,0.111,0.111,0.111,0.111,0.111,0.111,0.111,0.111,0.111,0.111,0.111,0.111,0.111,0.111,0.111,0.111
2012-06-02 01:00:00,0.111,0.111,0.111,0.111,0.111,0.111,0.111,0.111,0.111,0.111,0.111,0.111,0.111,0.111,0.111,0.111,0.111
2012-06-02 02:00:00,0.132,0.132,0.132,0.132,0.132,0.132,0.132,0.132,0.132,0.132,0.132,0.132,0.132,0.132,0.132,0.132,0.132
2012-06-02 03:00:00,0.243,0.243,0.243,0.243,0.243,0.243,0.243,0.243,0.243,0.243,0.243,0.243,0.243,0.243,0.243,0.243,0.243
2012-06-02 04:00:00,0.818,0.818,0.818,0.818,0.818,0.818,0.818,0.818,0.818,0.818,0.818,0.818,0.818,0.818,0.818,0.818,0.818
2012-06-02 05:00:00,1.555,1.555,1.555,1.555,1.555,1.555,1.555,1.555,1.555,1.555,1.555,1.555,1.555,1.555,1.555,1.555,1.555
2012-06-02 06:00:00,2.131,2.131,2.131,2.131,2.131,2.131,2.131,2.131,2.131,2.131,2.131,2.131,2.131,2.131,2.131,2.131,2.131
2012-06-02 07:00:00,1.929,1.929,1.929,1.929,1.929,1.929,1.929,1.929,1.929,1.929,1.929,1.929,1.929,1.929,1.929,1.929,1.929
2012-06-02 08:00:00,1.606,1.606,1.606,1.606,1.606,1.606,1.606,1.606,1.606,1.606,1.606,1.606,1.606,1.606,1.606,1.606,1.606
2012-06-02 09:00:00,1.555,1.555,1.555,1.555,1.555,1.555,1.555,1.555,1.555,1.555,1.555,1.555,1.555,1.555,1.555,1.555,1.555
2012-06-02 10:00:00,1.596,1.596,1.596,1.596,1.596,1.596,1.596,1.596,1.596,1.596,1.596,1.596,1.596,1.596,1.596,1.596,1.596
2012-06-02 11:00:00,1.657,1.657,1.657,1.657,1.657,1.657,1.657,1.657,1.657,1.657,1.657,1.657,1.657,1.657,1.657,1.657,1.657
2012-06-02 12:00:00,1.838,1.838,1.838,1.838,1.838,1.838,1.838,1.838,1.838,1.838,1.838,1.838,1.838,1.838,1.838,1.838,1.838
2012-06-02 13:00:00,2.243,2.243,2.243,2.243,2.243,2.243,2.243,2.243,2.243,2.243,2.243,2.243,2.243,2.243,2.243,2.243,2.243
2012-06-02 14:00:00,2.566,2.566,2.566,2.566,2.566,2.566,2.566,2.566,2.566,2.566,2.566,2.566,2.566,2.566,2.566,2.566,2.566
2012-06-02 15:00:00,2.576,2.576,2.576,2.576,2.576,2.576,2.576,2.576,2.576,2.576,2.576,2.576,2.576,2.576,2.576,2.576,2.576
2012-06-02 16:00:00,2.071,2.071,2.071,2.071,2.071,2.071,2.071,2.071,2.071,2.071,2.071,2.071,2.071,2.071,2.071,2.071,2.071
2012-06-02 17:00:00,1.606,1.606,1.606,1.606,1.606,1.606,1.606,1.606,1.606,1.606,1.606,1.606,1.606,1.606,1.606,1.606,1.606
2012-06-02 18:00:00,1.253,1.253,1.253,1.253,1.253,1.253,1.253,1.253,1.253,1.253,1.253,1.253,1.253,1.253,1.253,1.253,1.253
2012-06-02 19:00:00,0.959,0.959,0.959,0.959,0.959,0.959,0.959,0.959,0.959,0.959,0.959,0.959,0.959,0.959,0.959,0.959,0.959
2012-06-02 20:00:00,0.738,0.738,0.738,0.738,0.738,0.738,0.738,0.738,0.738,0.738,0.738,0.738,0.738,0.738,0.738,0.738,0.738
2012-06-02 21:00:00,0.525,0.525,0.525,0.525,0.525,0.525,0.525,0.525,0.525,0.525,0.525,0.525,0.525,0.525,0.525,0.525,0.525
2012-06-02 22:00:00,0.272,0.272,0.272,0.272,0.272,0.272,0.272,0.272,0.272,0.272,0.272,0.272,0.272,0.272,0.272,0.272,0.272
2012-06-02 23:00:00,0.282,0.282,0.282,0.282,0.282,0.282,0.282,0.282,0.282,0.282,0.282,0.282,0.282,0.282,0.282,0.282,0.282
2012-06-03 00:00:00,0.223,0.223,0.223,0.223,0.223,0.223,0.223,0.223,0.223,0.223,0.223,0.223,0.223,0.223,0.223,0.223,0.223
2012-06-03 01:00:00,0.192,0.192,0.192,0.192,0.192,0.192,0.192,0.192,0.192,0.192,0.192,0.192,0.192,0.192,0.192,0.192,0.192
2012-06-03 02:00:00,0.182,0.182,0.182,0.182,0.182,0.182,0.182,0.182,0.182,0.182,0.182,0.182,0.182,0.182,0.182,0.182,0.182
2012-06-03 03:00:00,0.233,0.233,0.233,0.233,0.233,0.233,0.233,0.233,0.233,0.233,0.233,0.233,0.233,0.233,0.233,0.233,0.233
2012-06-03 04:00:00,0.404,0.404,0.404,0.404,0.404,0.404,0.404,0.404,0.404,0.404,0.404,0.404,0.404,0.404,0.404,0.404,0.404
2012-06-03 05:00:00,0.576,0.576,0.576,0.576,0.576,0.576,0.576,0.576,0.576,0.576,0.576,0.576,0.576,0.576,0.576,0.576,0.576
2012-06-03 06:00:00,0.738,0.738,0.738,0.738,0.738,0.738,0.738,0.738,0.738,0.738,0.738,0.738,0.738,0.738,0.738,0.738,0.738
2012-06-03 07:00:00,1.0,1.0,1.0,1.0,1.0,1.0,1.0,1.0,1.0,1.0,1.0,1.0,1.0,1.0,1.0,1.0,1.0
2012-06-03 08:00:00,1.262,1.262,1.262,1.262,1.262,1.262,1.262,1.262,1.262,1.262,1.262,1.262,1.262,1.262,1.262,1.262,1.262
2012-06-03 09:00:00,1.596,1.596,1.596,1.596,1.596,1.596,1.596,1.596,1.596,1.596,1.596,1.596,1.596,1.596,1.596,1.596,1.596
2012-06-03 10:00:00,1.738,1.738,1.738,1.738,1.738,1.738,1.738,1.738,1.738,1.738,1.738,1.738,1.738,1.738,1.738,1.738,1.738
2012-06-03 11:00:00,1.818,1.818,1.818,1.818,1.818,1.818,1.818,1.818,1.818,1.818,1.818,1.818,1.818,1.818,1.818,1.818,1.818
2012-06-03 12:00:00,1.838,1.838,1.838,1.838,1.838,1.838,1.838,1.838,1.838,1.838,1.838,1.838,1.838,1.838,1.838,1.838,1.838
2012-06-03 13:00:00,1.807,1.807,1.807,1.807,1.807,1.807,1.807,1.807,1.807,1.807,1.807,1.807,1.807,1.807,1.807,1.807,1.807
2012-06-03 14:00:00,1.707,1.707,1.707,1.707,1.707,1.707,1.707,1.707,1.707,1.707,1.707,1.707,1.707,1.707,1.707,1.707,1.707
2012-06-03 15:00:00,1.576,1.576,1.576,1.576,1.576,1.576,1.576,1.576,1.576,1.576,1.576,1.576,1.576,1.576,1.576,1.576,1.576
2012-06-03 16:00:00,1.444,1.444,1.444,1.444,1.444,1.444,1.444,1.444,1.444,1.444,1.444,1.444,1.444,1.444,1.444,1.444,1.444
2012-06-03 17:00:00,1.282,1.282,1.282,1.282,1.282,1.282,1.282,1.282,1.282,1.282,1.282,1.282,1.282,1.282,1.282,1.282,1.282
2012-06-03 18:00:00,1.121,1.121,1.121,1.121,1.121,1.121,1.121,1.121,1.121,1.121,1.121,1.121,1.121,1.121,1.121,1.121,1.121
2012-06-03 19:00:00,0.919,0.919,0.919,0.919,0.919,0.919,0.919,0.919,0.919,0.919,0.919,0.919,0.919,0.919,0.919,0.919,0.919
2012-06-03 20:00:00,0.707,0.707,0.707,0.707,0.707,0.707,0.707,0.707,0.707,0.707,0.707,0.707,0.707,0.707,0.707,0.707,0.707
2012-06-03 21:00:00,0.505,0.505,0.505,0.505,0.505,0.505,0.505,0.505,0.505,0.505,0.505,0.505,0.505,0.505,0.505,0.505,0.505
2012-06-03 22:00:00,0.333,0.333,0.333,0.333,0.333,0.333,0.333,0.333,0.333,0.333,0.333,0.333,0.333,0.333,0.333,0.333,0.333
2012-06-03 23:00:00,0.262,0.262,0.262,0.262,0.262,0.262,0.262,0.262,0.262,0.262,0.262,0.262,0.262,0.262,0.262,0.262,0.262
2012-06-04 00:00:00,0.213,0.213,0.213,0.213,0.213,0.213,0.213,0.213,0.213,0.213,0.213,0.213,0.213,0.213,0.213,0.213,0.213
2012-06-04 01:00:00,0.172,0.172,0.172,0.172,0.172,0.172,0.172,0.172,0.172,0.172,0.172,0.172,0.172,0.172,0.172,0.172,0.172
2012-06-04 02:00:00,0.142,0.142,0.142,0.142,0.142,0.142,0.142,0.142,0.142,0.142,0.142,0.142,0.142,0.142,0.142,0.142,0.142
2012-06-04 03:00:00,0.142,0.142,0.142,0.142,0.142,0.142,0.142,0.142,0.142,0.142,0.142,0.142,0.142,0.142,0.142,0.142,0.142
2012-06-04 04:00:00,0.252,0.252,0.252,0.252,0.252,0.252,0.252,0.252,0.252,0.252,0.252,0.252,0.252,0.252,0.252,0.252,0.252
2012-06-04 05:00:00,0.343,0.343,0.343,0.343,0.343,0.343,0.343,0.343,0.343,0.343,0.343,0.343,0.343,0.343,0.343,0.343,0.343
2012-06-04 06:00:00,0.465,0.465,0.465,0.465,0.465,0.465,0.465,0.465,0.465,0.465,0.465,0.465,0.465,0.465,0.465,0.465,0.465
2012-06-04 07:00:00,0.626,0.626,0.626,0.626,0.626,0.626,0.626,0.626,0.626,0.626,0.626,0.626,0.626,0.626,0.626,0.626,0.626
2012-06-04 08:00:00,0.889,0.889,0.889,0.889,0.889,0.889,0.889,0.889,0.889,0.889,0.889,0.889,0.889,0.889,0.889,0.889,0.889
2012-06-04 09:00:00,1.172,1.172,1.172,1.172,1.172,1.172,1.172,1.172,1.172,1.172,1.172,1.172,1.172,1.172,1.172,1.172,1.172
2012-06-04 10:00:00,1.414,1.414,1.414,1.414,1.414,1.414,1.414,1.414,1.414,1.414,1.414,1.414,1.414,1.414,1.414,1.414,1.414
2012-06-04 11:00:00,1.566,1.566,1.566,1.566,1.566,1.566,1.566,1.566,1.566,1.566,1.566,1.566,1.566,1.566,1.566,1.566,1.566
2012-06-04 12:00:00,1.657,1.657,1.657,1.657,1.657,1.657,1.657,1.657,1.657,1.657,1.657,1.657,1.657,1.657,1.657,1.657,1.657
2012-06-04 13:00:00,1.748,1.748,1.748,1.748,1.748,1.748,1.748,1.748,1.748,1.748,1.748,1.748,1.748,1.748,1.748,1.748,1.748
2012-06-04 14:00:00,1.767,1.767,1.767,1.767,1.767,1.767,1.767,1.767,1.767,1.767,1.767,1.767,1.767,1.767,1.767,1.767,1.767
2012-06-04 15:00:00,1.787,1.787,1.787,1.787,1.787,1.787,1.787,1.787,1.787,1.787,1.787,1.787,1.787,1.787,1.787,1.787,1.787
2012-06-04 16:00:00,1.748,1.748,1.748,1.748,1.748,1.748,1.748,1.748,1.748,1.748,1.748,1.748,1.748,1.748,1.748,1.748,1.748
2012-06-04 17:00:00,1.667,1.667,1.667,1.667,1.667,1.667,1.667,1.667,1.667,1.667,1.667,1.667,1.667,1.667,1.667,1.667,1.667
2012-06-04 18:00:00,1.475,1.475,1.475,1.475,1.475,1.475,1.475,1.475,1.475,1.475,1.475,1.475,1.475,1.475,1.475,1.475,1.475
2012-06-04 19:00:00,1.152,1.152,1.152,1.152,1.152,1.152,1.152,1.152,1.152,1.152,1.152,1.152,1.152,1.152,1.152,1.152,1.152
2012-06-04 20:00:00,0.808,0.808,0.808,0.808,0.808,0.808,0.808,0.808,0.808,0.808,0.808,0.808,0.808,0.808,0.808,0.808,0.808
2012-06-04 21:00:00,0.495,0.495,0.495,0.495,0.495,0.495,0.495,0.495,0.495,0.495,0.495,0.495,0.495,0.495,0.495,0.495,0.495
2012-06-04 22:00:00,0.282,0.282,0.282,0.282,0.282,0.282,0.282,0.282,0.282,0.282,0.282,0.282,0.282,0.282,0.282,0.282,0.282
2012-06-04 23:00:00,0.132,0.132,0.132,0.132,0.132,0.132,0.132,0.132,0.132,0.132,0.132,0.132,0.132,0.132,0.132,0.132,0.132
2012-06-05 00:00:00,0.101,0.101,0.101,0.101,0.101,0.101,0.101,0.101,0.101,0.101,0.101,0.101,0.101,0.101,0.101,0.101,0.101
2012-06-05 01:00:00,0.101,0.101,0.101,0.101,0.101,0.101,0.101,0.101,0.101,0.101,0.101,0.101,0.101,0.101,0.101,0.101,0.101
2012-06-05 02:00:00,0.121,0.121,0.121,0.121,0.121,0.121,0.121,0.121,0.121,0.121,0.121,0.121,0.121,0.121,0.121,0.121,0.121
2012-06-05 03:00:00,0.223,0.223,0.223,0.223,0.223,0.223,0.223,0.223,0.223,0.223,0.223,0.223,0.223,0.223,0.223,0.223,0.223
2012-06-05 04:00:00,0.748,0.748,0.748,0.748,0.748,0.748,0.748,0.748,0.748,0.748,0.748,0.748,0.748,0.748,0.748,0.748,0.748
2012-06-05 05:00:00,1.414,1.414,1.414,1.414,1.414,1.414,1.414,1.414,1.414,1.414,1.414,1.414,1.414,1.414,1.414,1.414,1.414
2012-06-05 06:00:00,1.939,1.939,1.939,1.939,1.939,1.939,1.939,1.939,1.939,1.939,1.939,1.939,1.939,1.939,1.939,1.939,1.939
2012-06-05 07:00:00,1.757,1.757,1.757,1.757,1.757,1.757,1.757,1.757,1.757,1.757,1.757,1.757,1.757,1.757,1.757,1.757,1.757
2012-06-05 08:00:00,1.464,1.464,1.464,1.464,1.464,1.464,1.464,1.464,1.464,1.464,1.464,1.464,1.464,1.464,1.464,1.464,1.464
2012-06-05 09:00:00,1.414,1.414,1.414,1.414,1.414,1.414,1.414,1.414,1.414,1.414,1.414,1.414,1.414,1.414,1.414,1.414,1.414
2012-06-05 10:00:00,1.454,1.454,1.454,1.454,1.454,1.454,1.454,1.454,1.454,1.454,1.454,1.454,1.454,1.454,1.454,1.454,1.454
2012-06-05 11:00:00,1.505,1.505,1.505,1.505,1.505,1.505,1.505,1.505,1.505,1.505,1.505,1.505,1.505,1.505,1.505,1.505,1.505
2012-06-05 12:00:00,1.667,1.667,1.667,1.667,1.667,1.667,1.667,1.667,1.667,1.667,1.667,1.667,1.667,1.667,1.667,1.667,1.667
2012-06-05 13:00:00,2.04,2.04,2.04,2.04,2.04,2.04,2.04,2.04,2.04,2.04,2.04,2.04,2.04,2.04,2.04,2.04,2.04
2012-06-05 14:00:00,2.343,2.343,2.343,2.343,2.343,2.343,2.343,2.343,2.343,2.343,2.343,2.343,2.343,2.343,2.343,2.343,2.343
2012-06-05 15:00:00,2.343,2.343,2.343,2.343,2.343,2.343,2.343,2.343,2.343,2.343,2.343,2.343,2.343,2.343,2.343,2.343,2.343
2012-06-05 16:00:00,1.878,1.878,1.878,1.878,1.878,1.878,1.878,1.878,1.878,1.878,1.878,1.878,1.878,1.878,1.878,1.878,1.878
2012-06-05 17:00:00,1.454,1.454,1.454,1.454,1.454,1.454,1.454,1.454,1.454,1.454,1.454,1.454,1.454,1.454,1.454,1.454,1.454
2012-06-05 18:00:00,1.142,1.142,1.142,1.142,1.142,1.142,1.142,1.142,1.142,1.142,1.142,1.142,1.142,1.142,1.142,1.142,1.142
2012-06-05 19:00:00,0.878,0.878,0.878,0.878,0.878,0.878,0.878,0.878,0.878,0.878,0.878,0.878,0.878,0.878,0.878,0.878,0.878
2012-06-05 20:00:00,0.667,0.667,0.667,0.667,0.667,0.667,0.667,0.667,0.667,0.667,0.667,0.667,0.667,0.667,0.667,0.667,0.667
2012-06-05 21:00:00,0.475,0.475,0.475,0.475,0.475,0.475,0.475,0.475,0.475,0.475,0.475,0.475,0.475,0.475,0.475,0.475,0.475
2012-06-05 22:00:00,0.243,0.243,0.243,0.243,0.243,0.243,0.243,0.243,0.243,0.243,0.243,0.243,0.243,0.243,0.243,0.243,0.243
2012-06-05 23:00:00,0.132,0.132,0.132,0.132,0.132,0.132,0.132,0.132,0.132,0.132,0.132,0.132,0.132,0.132,0.132,0.132,0.132
2012-06-06 00:00:00,0.101,0.101,0.101,0.101,0.101,0.101,0.101,0.101,0.101,0.101,0.101,0.101,0.101,0.101,0.101,0.101,0.101
2012-06-06 01:00:00,0.101,0.101,0.101,0.101,0.101,0.101,0.101,0.101,0.101,0.101,0.101,0.101,0.101,0.101,0.101,0.101,0.101
2012-06-06 02:00:00,0.111,0.111,0.111,0.111,0.111,0.111,0.111,0.111,0.111,0.111,0.111,0.111,0.111,0.111,0.111,0.111,0.111
2012-06-06 03:00:00,0.213,0.213,0.213,0.213,0.213,0.213,0.213,0.213,0.213,0.213,0.213,0.213,0.213,0.213,0.213,0.213,0.213
2012-06-06 04:00:00,0.728,0.728,0.728,0.728,0.728,0.728,0.728,0.728,0.728,0.728,0.728,0.728,0.728,0.728,0.728,0.728,0.728
2012-06-06 05:00:00,1.373,1.373,1.373,1.373,1.373,1.373,1.373,1.373,1.373,1.373,1.373,1.373,1.373,1.373,1.373,1.373,1.373
2012-06-06 06:00:00,1.878,1.878,1.878,1.878,1.878,1.878,1.878,1.878,1.878,1.878,1.878,1.878,1.878,1.878,1.878,1.878,1.878
2012-06-06 07:00:00,1.707,1.707,1.707,1.707,1.707,1.707,1.707,1.707,1.707,1.707,1.707,1.707,1.707,1.707,1.707,1.707,1.707
2012-06-06 08:00:00,1.424,1.424,1.424,1.424,1.424,1.424,1.424,1.424,1.424,1.424,1.424,1.424,1.424,1.424,1.424,1.424,1.424
2012-06-06 09:00:00,1.373,1.373,1.373,1.373,1.373,1.373,1.373,1.373,1.373,1.373,1.373,1.373,1.373,1.373,1.373,1.373,1.373
2012-06-06 10:00:00,1.404,1.404,1.404,1.404,1.404,1.404,1.404,1.404,1.404,1.404,1.404,1.404,1.404,1.404,1.404,1.404,1.404
2012-06-06 11:00:00,1.464,1.464,1.464,1.464,1.464,1.464,1.464,1.464,1.464,1.464,1.464,1.464,1.464,1.464,1.464,1.464,1.464
2012-06-06 12:00:00,1.626,1.626,1.626,1.626,1.626,1.626,1.626,1.626,1.626,1.626,1.626,1.626,1.626,1.626,1.626,1.626,1.626
2012-06-06 13:00:00,1.98,1.98,1.98,1.98,1.98,1.98,1.98,1.98,1.98,1.98,1.98,1.98,1.98,1.98,1.98,1.98,1.98
2012-06-06 14:00:00,2.272,2.272,2.272,2.272,2.272,2.272,2.272,2.272,2.272,2.272,2.272,2.272,2.272,2.272,2.272,2.272,2.272
2012-06-06 15:00:00,2.272,2.272,2.272,2.272,2.272,2.272,2.272,2.272,2.272,2.272,2.272,2.272,2.272,2.272,2.272,2.272,2.272
2012-06-06 16:00:00,1.828,1.828,1.828,1.828,1.828,1.828,1.828,1.828,1.828,1.828,1.828,1.828,1.828,1.828,1.828,1.828,1.828
2012-06-06 17:00:00,1.414,1.414,1.414,1.414,1.414,1.414,1.414,1.414,1.414,1.414,1.414,1.414,1.414,1.414,1.414,1.414,1.414
2012-06-06 18:00:00,1.111,1.111,1.111,1.111,1.111,1.111,1.111,1.111,1.111,1.111,1.111,1.111,1.111,1.111,1.111,1.111,1.111
2012-06-06 19:00:00,0.848,0.848,0.848,0.848,0.848,0.848,0.848,0.848,0.848,0.848,0.848,0.848,0.848,0.848,0.848,0.848,0.848
2012-06-06 20:00:00,0.647,0.647,0.647,0.647,0.647,0.647,0.647,0.647,0.647,0.647,0.647,0.647,0.647,0.647,0.647,0.647,0.647
2012-06-06 21:00:00,0.465,0.465,0.465,0.465,0.465,0.465,0.465,0.465,0.465,0.465,0.465,0.465,0.465,0.465,0.465,0.465,0.465
2012-06-06 22:00:00,0.243,0.243,0.243,0.243,0.243,0.243,0.243,0.243,0.243,0.243,0.243,0.243,0.243,0.243,0.243,0.243,0.243
2012-06-06 23:00:00,0.132,0.132,0.132,0.132,0.132,0.132,0.132,0.132,0.132,0.132,0.132,0.132,0.132,0.132,0.132,0.132,0.132
2012-07-31 00:00:00,0.111,0.111,0.111,0.111,0.111,0.111,0.111,0.111,0.111,0.111,0.111,0.111,0.111,0.111,0.111,0.111,0.111
2012-07-31 01:00:00,0.111,0.111,0.111,0.111,0.111,0.111,0.111,0.111,0.111,0.111,0.111,0.111,0.111,0.111,0.111,0.111,0.111
2012-07-31 02:00:00,0.132,0.132,0.132,0.132,0.132,0.132,0.132,0.132,0.132,0.132,0.132,0.132,0.132,0.132,0.132,0.132,0.132
2012-07-31 03:00:00,0.243,0.243,0.243,0.243,0.243,0.243,0.243,0.243,0.243,0.243,0.243,0.243,0.243,0.243,0.243,0.243,0.243
2012-07-31 04:00:00,0.797,0.797,0.797,0.797,0.797,0.797,0.797,0.797,0.797,0.797,0.797,0.797,0.797,0.797,0.797,0.797,0.797
2012-07-31 05:00:00,1.525,1.525,1.525,1.525,1.525,1.525,1.525,1.525,1.525,1.525,1.525,1.525,1.525,1.525,1.525,1.525,1.525
2012-07-31 06:00:00,2.081,2.081,2.081,2.081,2.081,2.081,2.081,2.081,2.081,2.081,2.081,2.081,2.081,2.081,2.081,2.081,2.081
2012-07-31 07:00:00,1.888,1.888,1.888,1.888,1.888,1.888,1.888,1.888,1.888,1.888,1.888,1.888,1.888,1.888,1.888,1.888,1.888
2012-07-31 08:00:00,1.576,1.576,1.576,1.576,1.576,1.576,1.576,1.576,1.576,1.576,1.576,1.576,1.576,1.576,1.576,1.576,1.576
2012-07-31 09:00:00,1.525,1.525,1.525,1.525,1.525,1.525,1.525,1.525,1.525,1.525,1.525,1.525,1.525,1.525,1.525,1.525,1.525
2012-07-31 10:00:00,1.555,1.555,1.555,1.555,1.555,1.555,1.555,1.555,1.555,1.555,1.555,1.555,1.555,1.555,1.555,1.555,1.555
2012-07-31 11:00:00,1.616,1.616,1.616,1.616,1.616,1.616,1.616,1.616,1.616,1.616,1.616,1.616,1.616,1.616,1.616,1.616,1.616
2012-07-31 12:00:00,1.797,1.797,1.797,1.797,1.797,1.797,1.797,1.797,1.797,1.797,1.797,1.797,1.797,1.797,1.797,1.797,1.797
2012-07-31 13:00:00,2.192,2.192,2.192,2.192,2.192,2.192,2.192,2.192,2.192,2.192,2.192,2.192,2.192,2.192,2.192,2.192,2.192
2012-07-31 14:00:00,2.515,2.515,2.515,2.515,2.515,2.515,2.515,2.515,2.515,2.515,2.515,2.515,2.515,2.515,2.515,2.515,2.515
2012-07-31 15:00:00,2.515,2.515,2.515,2.515,2.515,2.515,2.515,2.515,2.515,2.515,2.515,2.515,2.515,2.515,2.515,2.515,2.515
2012-07-31 16:00:00,2.02,2.02,2.02,2.02,2.02,2.02,2.02,2.02,2.02,2.02,2.02,2.02,2.02,2.02,2.02,2.02,2.02
2012-07-31 17:00:00,1.566,1.566,1.566,1.566,1.566,1.566,1.566,1.566,1.566,1.566,1.566,1.566,1.566,1.566,1.566,1.566,1.566
2012-07-31 18:00:00,1.223,1.223,1.223,1.223,1.223,1.223,1.223,1.223,1.223,1.223,1.223,1.223,1.223,1.223,1.223,1.223,1.223
2012-07-31 19:00:00,0.939,0.939,0.939,0.939,0.939,0.939,0.939,0.939,0.939,0.939,0.939,0.939,0.939,0.939,0.939,0.939,0.939
2012-07-31 20:00:00,0.718,0.718,0.718,0.718,0.718,0.718,0.718,0.718,0.718,0.718,0.718,0.718,0.718,0.718,0.718,0.718,0.718
2012-07-31 21:00:00,0.515,0.515,0.515,0.515,0.515,0.515,0.515,0.515,0.515,0.515,0.515,0.515,0.515,0.515,0.515,0.515,0.515
2012-07-31 22:00:00,0.262,0.262,0.262,0.262,0.262,0.262,0.262,0.262,0.262,0.262,0.262,0.262,0.262,0.262,0.262,0.262,0.262
2012-07-31 23:00:00,0.142,0.142,0.142,0.142,0.142,0.142,0.142,0.142,0.142,0.142,0.142,0.142,0.142,0.142,0.142,0.142,0.142
2012-08-01 00:00:00,0.111,0.111,0.111,0.111,0.111,0.111,0.111,0.111,0.111,0.111,0.111,0.111,0.111,0.111,0.111,0.111,0.111
2012-08-01 01:00:00,0.101,0.101,0.101,0.101,0.101,0.101,0.101,0.101,0.101,0.101,0.101,0.101,0.101,0.101,0.101,0.101,0.101
2012-08-01 02:00:00,0.121,0.121,0.121,0.121,0.121,0.121,0.121,0.121,0.121,0.121,0.121,0.121,0.121,0.121,0.121,0.121,0.121
2012-08-01 03:00:00,0.233,0.233,0.233,0.233,0.233,0.233,0.233,0.233,0.233,0.233,0.233,0.233,0.233,0.233,0.233,0.233,0.233
2012-08-01 04:00:00,0.777,0.777,0.777,0.777,0.777,0.777,0.777,0.777,0.777,0.777,0.777,0.777,0.777,0.777,0.777,0.777,0.777
2012-08-01 05:00:00,1.475,1.475,1.475,1.475,1.475,1.475,1.475,1.475,1.475,1.475,1.475,1.475,1.475,1.475,1.475,1.475,1.475
2012-08-01 06:00:00,2.02,2.02,2.02,2.02,2.02,2.02,2.02,2.02,2.02,2.02,2.02,2.02,2.02,2.02,2.02,2.02,2.02
2012-08-01 07:00:00,1.838,1.838,1.838,1.838,1.838,1.838,1.838,1.838,1.838,1.838,1.838,1.838,1.838,1.838,1.838,1.838,1.838
2012-08-01 08:00:00,1.525,1.525,1.525,1.525,1.525,1.525,1.525,1.525,1.525,1.525,1.525,1.525,1.525,1.525,1.525,1.525,1.525
2012-08-01 09:00:00,1.475,1.475,1.475,1.475,1.475,1.475,1.475,1.475,1.475,1.475,1.475,1.475,1.475,1.475,1.475,1.475,1.475
2012-08-01 10:00:00,1.515,1.515,1.515,1.515,1.515,1.515,1.515,1.515,1.515,1.515,1.515,1.515,1.515,1.515,1.515,1.515,1.515
2012-08-01 11:00:00,1.566,1.566,1.566,1.566,1.566,1.566,1.566,1.566,1.566,1.566,1.566,1.566,1.566,1.566,1.566,1.566,1.566
2012-08-01 12:00:00,1.738,1.738,1.738,1.738,1.738,1.738,1.738,1.738,1.738,1.738,1.738,1.738,1.738,1.738,1.738,1.738,1.738
2012-08-01 13:00:00,2.131,2.131,2.131,2.131,2.131,2.131,2.131,2.131,2.131,2.131,2.131,2.131,2.131,2.131,2.131,2.131,2.131
2012-08-01 14:00:00,2.434,2.434,2.434,2.434,2.434,2.434,2.434,2.434,2.434,2.434,2.434,2.434,2.434,2.434,2.434,2.434,2.434
2012-08-01 15:00:00,2.444,2.444,2.444,2.444,2.444,2.444,2.444,2.444,2.444,2.444,2.444,2.444,2.444,2.444,2.444,2.444,2.444
2012-08-01 16:00:00,1.959,1.959,1.959,1.959,1.959,1.959,1.959,1.959,1.959,1.959,1.959,1.959,1.959,1.959,1.959,1.959,1.959
2012-08-01 17:00:00,1.525,1.525,1.525,1.525,1.525,1.525,1.525,1.525,1.525,1.525,1.525,1.525,1.525,1.525,1.525,1.525,1.525
2012-08-01 18:00:00,1.192,1.192,1.192,1.192,1.192,1.192,1.192,1.192,1.192,1.192,1.192,1.192,1.192,1.192,1.192,1.192,1.192
2012-08-01 19:00:00,0.919,0.919,0.919,0.919,0.919,0.919,0.919,0.919,0.919,0.919,0.919,0.919,0.919,0.919,0.919,0.919,0.919
2012-08-01 20:00:00,0.697,0.697,0.697,0.697,0.697,0.697,0.697,0.697,0.697,0.697,0.697,0.697,0.697,0.697,0.697,0.697,0.697
2012-08-01 21:00:00,0.495,0.495,0.495,0.495,0.495,0.495,0.495,0.495,0.495,0.495,0.495,0.495,0.495,0.495,0.495,0.495,0.495
2012-08-01 22:00:00,0.252,0.252,0.252,0.252,0.252,0.252,0.252,0.252,0.252,0.252,0.252,0.252,0.252,0.252,0.252,0.252,0.252
2012-08-01 23:00:00,0.152,0.152,0.152,0.152,0.152,0.152,0.152,0.152,0.152,0.152,0.152,0.152,0.152,0.152,0.152,0.152,0.152
2012-08-02 00:00:00,0.111,0.111,0.111,0.111,0.111,0.111,0.111,0.111,0.111,0.111,0.111,0.111,0.111,0.111,0.111,0.111,0.111
2012-08-02 01:00:00,0.111,0.111,0.111,0.111,0.111,0.111,0.111,0.111,0.111,0.111,0.111,0.111,0.111,0.111,0.111,0.111,0.111
2012-08-02 02:00:00,0.132,0.132,0.132,0.132,0.132,0.132,0.132,0.132,0.132,0.132,0.132,0.132,0.132,0.132,0.132,0.132,0.132
2012-08-02 03:00:00,0.243,0.243,0.243,0.243,0.243,0.243,0.243,0.243,0.243,0.243,0.243,0.243,0.243,0.243,0.243,0.243,0.243
2012-08-02 04:00:00,0.818,0.818,0.818,0.818,0.818,0.818,0.818,0.818,0.818,0.818,0.818,0.818,0.818,0.818,0.818,0.818,0.818
2012-08-02 05:00:00,1.545,1.545,1.545,1.545,1.545,1.545,1.545,1.545,1.545,1.545,1.545,1.545,1.545,1.545,1.545,1.545,1.545
2012-08-02 06:00:00,2.121,2.121,2.121,2.121,2.121,2.121,2.121,2.121,2.121,2.121,2.121,2.121,2.121,2.121,2.121,2.121,2.121
2012-08-02 07:00:00,1.919,1.919,1.919,1.919,1.919,1.919,1.919,1.919,1.919,1.919,1.919,1.919,1.919,1.919,1.919,1.919,1.919
2012-08-02 08:00:00,1.596,1.596,1.596,1.596,1.596,1.596,1.596,1.596,1.596,1.596,1.596,1.596,1.596,1.596,1.596,1.596,1.596
2012-08-02 09:00:00,1.545,1.545,1.545,1.545,1.545,1.545,1.545,1.545,1.545,1.545,1.545,1.545,1.545,1.545,1.545,1.545,1.545
2012-08-02 10:00:00,1.586,1.586,1.586,1.586,1.586,1.586,1.586,1.586,1.586,1.586,1.586,1.586,1.586,1.586,1.586,1.586,1.586
2012-08-02 11:00:00,1.647,1.647,1.647,1.647,1.647,1.647,1.647,1.647,1.647,1.647,1.647,1.647,1.647,1.647,1.647,1.647,1.647
2012-08-02 12:00:00,1.828,1.828,1.828,1.828,1.828,1.828,1.828,1.828,1.828,1.828,1.828,1.828,1.828,1.828,1.828,1.828,1.828
2012-08-02 13:00:00,2.233,2.233,2.233,2.233,2.233,2.233,2.233,2.233,2.233,2.233,2.233,2.233,2.233,2.233,2.233,2.233,2.233
2012-08-02 14:00:00,2.555,2.555,2.555,2.555,2.555,2.555,2.555,2.555,2.555,2.555,2.555,2.555,2.555,2.555,2.555,2.555,2.555
2012-08-02 15:00:00,2.555,2.555,2.555,2.555,2.555,2.555,2.555,2.555,2.555,2.555,2.555,2.555,2.555,2.555,2.555,2.555,2.555
2012-08-02 16:00:00,2.061,2.061,2.061,2.061,2.061,2.061,2.061,2.061,2.061,2.061,2.061,2.061,2.061,2.061,2.061,2.061,2.061
2012-08-02 17:00:00,1.596,1.596,1.596,1.596,1.596,1.596,1.596,1.596,1.596,1.596,1.596,1.596,1.596,1.596,1.596,1.596,1.596
2012-08-02 18:00:00,1.243,1.243,1.243,1.243,1.243,1.243,1.243,1.243,1.243,1.243,1.243,1.243,1.243,1.243,1.243,1.243,1.243
2012-08-02 19:00:00,0.959,0.959,0.959,0.959,0.959,0.959,0.959,0.959,0.959,0.959,0.959,0.959,0.959,0.959,0.959,0.959,0.959
2012-08-02 20:00:00,0.728,0.728,0.728,0.728,0.728,0.728,0.728,0.728,0.728,0.728,0.728,0.728,0.728,0.728,0.728,0.728,0.728
2012-08-02 21:00:00,0.515,0.515,0.515,0.515,0.515,0.515,0.515,0.515,0.515,0.515,0.515,0.515,0.515,0.515,0.515,0.515,0.515
2012-08-02 22:00:00,0.272,0.272,0.272,0.272,0.272,0.272,0.272,0.272,0.272,0.272,0.272,0.272,0.272,0.272,0.272,0.272,0.272
2012-08-02 23:00:00,0.152,0.152,0.152,0.152,0.152,0.152,0.152,0.152,0.152,0.152,0.152,0.152,0.152,0.152,0.152,0.152,0.152
2012-08-03 00:00:00,0.121,0.121,0.121,0.121,0.121,0.121,0.121,0.121,0.121,0.121,0.121,0.121,0.121,0.121,0.121,0.121,0.121
2012-08-03 01:00:00,0.111,0.111,0.111,0.111,0.111,0.111,0.111,0.111,0.111,0.111,0.111,0.111,0.111,0.111,0.111,0.111,0.111
2012-08-03 02:00:00,0.132,0.132,0.132,0.132,0.132,0.132,0.132,0.132,0.132,0.132,0.132,0.132,0.132,0.132,0.132,0.132,0.132
2012-08-03 03:00:00,0.252,0.252,0.252,0.252,0.252,0.252,0.252,0.252,0.252,0.252,0.252,0.252,0.252,0.252,0.252,0.252,0.252
2012-08-03 04:00:00,0.838,0.838,0.838,0.838,0.838,0.838,0.838,0.838,0.838,0.838,0.838,0.838,0.838,0.838,0.838,0.838,0.838
2012-08-03 05:00:00,1.596,1.596,1.596,1.596,1.596,1.596,1.596,1.596,1.596,1.596,1.596,1.596,1.596,1.596,1.596,1.596,1.596
2012-08-03 06:00:00,2.192,2.192,2.192,2.192,2.192,2.192,2.192,2.192,2.192,2.192,2.192,2.192,2.192,2.192,2.192,2.192,2.192
2012-08-03 07:00:00,1.99,1.99,1.99,1.99,1.99,1.99,1.99,1.99,1.99,1.99,1.99,1.99,1.99,1.99,1.99,1.99,1.99
2012-08-03 08:00:00,1.657,1.657,1.657,1.657,1.657,1.657,1.657,1.657,1.657,1.657,1.657,1.657,1.657,1.657,1.657,1.657,1.657
2012-08-03 09:00:00,1.596,1.596,1.596,1.596,1.596,1.596,1.596,1.596,1.596,1.596,1.596,1.596,1.596,1.596,1.596,1.596,1.596
2012-08-03 10:00:00,1.636,1.636,1.636,1.636,1.636,1.636,1.636,1.636,1.636,1.636,1.636,1.636,1.636,1.636,1.636,1.636,1.636
2012-08-03 11:00:00,1.697,1.697,1.697,1.697,1.697,1.697,1.697,1.697,1.697,1.697,1.697,1.697,1.697,1.697,1.697,1.697,1.697
2012-08-03 12:00:00,1.888,1.888,1.888,1.888,1.888,1.888,1.888,1.888,1.888,1.888,1.888,1.888,1.888,1.888,1.888,1.888,1.888
2012-08-03 13:00:00,2.313,2.313,2.313,2.313,2.313,2.313,2.313,2.313,2.313,2.313,2.313,2.313,2.313,2.313,2.313,2.313,2.313
2012-08-03 14:00:00,2.646,2.646,2.646,2.646,2.646,2.646,2.646,2.646,2.646,2.646,2.646,2.646,2.646,2.646,2.646,2.646,2.646
2012-08-03 15:00:00,2.646,2.646,2.646,2.646,2.646,2.646,2.646,2.646,2.646,2.646,2.646,2.646,2.646,2.646,2.646,2.646,2.646
2012-08-03 16:00:00,2.131,2.131,2.131,2.131,2.131,2.131,2.131,2.131,2.131,2.131,2.131,2.131,2.131,2.131,2.131,2.131,2.131
2012-08-03 17:00:00,1.647,1.647,1.647,1.647,1.647,1.647,1.647,1.647,1.647,1.647,1.647,1.647,1.647,1.647,1.647,1.647,1.647
2012-08-03 18:00:00,1.292,1.292,1.292,1.292,1.292,1.292,1.292,1.292,1.292,1.292,1.292,1.292,1.292,1.292,1.292,1.292,1.292
2012-08-03 19:00:00,0.99,0.99,0.99,0.99,0.99,0.99,0.99,0.99,0.99,0.99,0.99,0.99,0.99,0.99,0.99,0.99,0.99
2012-08-03 20:00:00,0.757,0.757,0.757,0.757,0.757,0.757,0.757,0.757,0.757,0.757,0.757,0.757,0.757,0.757,0.757,0.757,0.757
2012-08-03 21:00:00,0.535,0.535,0.535,0.535,0.535,0.535,0.535,0.535,0.535,0.535,0.535,0.535,0.535,0.535,0.535,0.535,0.535
2012-08-03 22:00:00,0.282,0.282,0.282,0.282,0.282,0.282,0.282,0.282,0.282,0.282,0.282,0.282,0.282,0.282,0.282,0.282,0.282
2012-08-03 23:00:00,0.162,0.162,0.162,0.162,0.162,0.162,0.162,0.162,0.162,0.162,0.162,0.162,0.162,0.162,0.162,0.162,0.162
2012-08-04 00:00:00,0.121,0.121,0.121,0.121,0.121,0.121,0.121,0.121,0.121,0.121,0.121,0.121,0.121,0.121,0.121,0.121,0.121
2012-08-04 01:00:00,0.121,0.121,0.121,0.121,0.121,0.121,0.121,0.121,0.121,0.121,0.121,0.121,0.121,0.121,0.121,0.121,0.121
2012-08-04 02:00:00,0.142,0.142,0.142,0.142,0.142,0.142,0.142,0.142,0.142,0.142,0.142,0.142,0.142,0.142,0.142,0.142,0.142
2012-08-04 03:00:00,0.272,0.272,0.272,0.272,0.272,0.272,0.272,0.272,0.272,0.272,0.272,0.272,0.272,0.272,0.272,0.272,0.272
2012-08-04 04:00:00,0.899,0.899,0.899,0.899,0.899,0.899,0.899,0.899,0.899,0.899,0.899,0.899,0.899,0.899,0.899,0.899,0.899
2012-08-04 05:00:00,1.707,1.707,1.707,1.707,1.707,1.707,1.707,1.707,1.707,1.707,1.707,1.707,1.707,1.707,1.707,1.707,1.707
2012-08-04 06:00:00,2.333,2.333,2.333,2.333,2.333,2.333,2.333,2.333,2.333,2.333,2.333,2.333,2.333,2.333,2.333,2.333,2.333
2012-08-04 07:00:00,2.121,2.121,2.121,2.121,2.121,2.121,2.121,2.121,2.121,2.121,2.121,2.121,2.121,2.121,2.121,2.121,2.121
2012-08-04 08:00:00,1.767,1.767,1.767,1.767,1.767,1.767,1.767,1.767,1.767,1.767,1.767,1.767,1.767,1.767,1.767,1.767,1.767
2012-08-04 09:00:00,1.707,1.707,1.707,1.707,1.707,1.707,1.707,1.707,1.707,1.707,1.707,1.707,1.707,1.707,1.707,1.707,1.707
2012-08-04 10:00:00,1.748,1.748,1.748,1.748,1.748,1.748,1.748,1.748,1.748,1.748,1.748,1.748,1.748,1.748,1.748,1.748,1.748
2012-08-04 11:00:00,1.818,1.818,1.818,1.818,1.818,1.818,1.818,1.818,1.818,1.818,1.818,1.818,1.818,1.818,1.818,1.818,1.818
2012-08-04 12:00:00,2.02,2.02,2.02,2.02,2.02,2.02,2.02,2.02,2.02,2.02,2.02,2.02,2.02,2.02,2.02,2.02,2.02
2012-08-04 13:00:00,2.464,2.464,2.464,2.464,2.464,2.464,2.464,2.464,2.464,2.464,2.464,2.464,2.464,2.464,2.464,2.464,2.464
2012-08-04 14:00:00,2.818,2.818,2.818,2.818,2.818,2.818,2.818,2.818,2.818,2.818,2.818,2.818,2.818,2.818,2.818,2.818,2.818
2012-08-04 15:00:00,2.828,2.828,2.828,2.828,2.828,2.828,2.828,2.828,2.828,2.828,2.828,2.828,2.828,2.828,2.828,2.828,2.828
2012-08-04 16:00:00,2.272,2.272,2.272,2.272,2.272,2.272,2.272,2.272,2.272,2.272,2.272,2.272,2.272,2.272,2.272,2.272,2.272
2012-08-04 17:00:00,1.757,1.757,1.757,1.757,1.757,1.757,1.757,1.757,1.757,1.757,1.757,1.757,1.757,1.757,1.757,1.757,1.757
2012-08-04 18:00:00,1.373,1.373,1.373,1.373,1.373,1.373,1.373,1.373,1.373,1.373,1.373,1.373,1.373,1.373,1.373,1.373,1.373
2012-08-04 19:00:00,1.061,1.061,1.061,1.061,1.061,1.061,1.061,1.061,1.061,1.061,1.061,1.061,1.061,1.061,1.061,1.061,1.061
2012-08-04 20:00:00,0.808,0.808,0.808,0.808,0.808,0.808,0.808,0.808,0.808,0.808,0.808,0.808,0.808,0.808,0.808,0.808,0.808
2012-08-04 21:00:00,0.576,0.576,0.576,0.576,0.576,0.576,0.576,0.576,0.576,0.576,0.576,0.576,0.576,0.576,0.576,0.576,0.576
2012-08-04 22:00:00,0.292,0.292,0.292,0.292,0.292,0.292,0.292,0.292,0.292,0.292,0.292,0.292,0.292,0.292,0.292,0.292,0.292
2012-08-04 23:00:00,0.313,0.313,0.313,0.313,0.313,0.313,0.313,0.313,0.313,0.313,0.313,0.313,0.313,0.313,0.313,0.313,0.313
2012-08-05 00:00:00,0.243,0.243,0.243,0.243,0.243,0.243,0.243,0.243,0.243,0.243,0.243,0.243,0.243,0.243,0.243,0.243,0.243
2012-08-05 01:00:00,0.213,0.213,0.213,0.213,0.213,0.213,0.213,0.213,0.213,0.213,0.213,0.213,0.213,0.213,0.213,0.213,0.213
2012-08-05 02:00:00,0.202,0.202,0.202,0.202,0.202,0.202,0.202,0.202,0.202,0.202,0.202,0.202,0.202,0.202,0.202,0.202,0.202
2012-08-05 03:00:00,0.252,0.252,0.252,0.252,0.252,0.252,0.252,0.252,0.252,0.252,0.252,0.252,0.252,0.252,0.252,0.252,0.252
2012-08-05 04:00:00,0.444,0.444,0.444,0.444,0.444,0.444,0.444,0.444,0.444,0.444,0.444,0.444,0.444,0.444,0.444,0.444,0.444
2012-08-05 05:00:00,0.637,0.637,0.637,0.637,0.637,0.637,0.637,0.637,0.637,0.637,0.637,0.637,0.637,0.637,0.637,0.637,0.637
2012-08-05 06:00:00,0.808,0.808,0.808,0.808,0.808,0.808,0.808,0.808,0.808,0.808,0.808,0.808,0.808,0.808,0.808,0.808,0.808
2012-08-05 07:00:00,1.091,1.091,1.091,1.091,1.091,1.091,1.091,1.091,1.091,1.091,1.091,1.091,1.091,1.091,1.091,1.091,1.091
2012-08-05 08:00:00,1.394,1.394,1.394,1.394,1.394,1.394,1.394,1.394,1.394,1.394,1.394,1.394,1.394,1.394,1.394,1.394,1.394
2012-08-05 09:00:00,1.757,1.757,1.757,1.757,1.757,1.757,1.757,1.757,1.757,1.757,1.757,1.757,1.757,1.757,1.757,1.757,1.757
2012-08-05 10:00:00,1.909,1.909,1.909,1.909,1.909,1.909,1.909,1.909,1.909,1.909,1.909,1.909,1.909,1.909,1.909,1.909,1.909
2012-08-05 11:00:00,2.0,2.0,2.0,2.0,2.0,2.0,2.0,2.0,2.0,2.0,2.0,2.0,2.0,2.0,2.0,2.0,2.0
2012-08-05 12:00:00,2.02,2.02,2.02,2.02,2.02,2.02,2.02,2.02,2.02,2.02,2.02,2.02,2.02,2.02,2.02,2.02,2.02
2012-08-05 13:00:00,1.98,1.98,1.98,1.98,1.98,1.98,1.98,1.98,1.98,1.98,1.98,1.98,1.98,1.98,1.98,1.98,1.98
2012-08-05 14:00:00,1.878,1.878,1.878,1.878,1.878,1.878,1.878,1.878,1.878,1.878,1.878,1.878,1.878,1.878,1.878,1.878,1.878
2012-08-05 15:00:00,1.728,1.728,1.728,1.728,1.728,1.728,1.728,1.728,1.728,1.728,1.728,1.728,1.728,1.728,1.728,1.728,1.728
2012-08-05 16:00:00,1.586,1.586,1.586,1.586,1.586,1.586,1.586,1.586,1.586,1.586,1.586,1.586,1.586,1.586,1.586,1.586,1.586
2012-08-05 17:00:00,1.414,1.414,1.414,1.414,1.414,1.414,1.414,1.414,1.414,1.414,1.414,1.414,1.414,1.414,1.414,1.414,1.414
2012-08-05 18:00:00,1.233,1.233,1.233,1.233,1.233,1.233,1.233,1.233,1.233,1.233,1.233,1.233,1.233,1.233,1.233,1.233,1.233
2012-08-05 19:00:00,1.01,1.01,1.01,1.01,1.01,1.01,1.01,1.01,1.01,1.01,1.01,1.01,1.01,1.01,1.01,1.01,1.01
2012-08-05 20:00:00,0.767,0.767,0.767,0.767,0.767,0.767,0.767,0.767,0.767,0.767,0.767,0.767,0.767,0.767,0.767,0.767,0.767
2012-08-05 21:00:00,0.556,0.556,0.556,0.556,0.556,0.556,0.556,0.556,0.556,0.556,0.556,0.556,0.556,0.556,0.556,0.556,0.556
2012-08-05 22:00:00,0.373,0.373,0.373,0.373,0.373,0.373,0.373,0.373,0.373,0.373,0.373,0.373,0.373,0.373,0.373,0.373,0.373
2012-08-05 23:00:00,0.282,0.282,0.282,0.282,0.282,0.282,0.282,0.282,0.282,0.282,0.282,0.282,0.282,0.282,0.282,0.282,0.282
2012-08-06 00:00:00,0.233,0.233,0.233,0.233,0.233,0.233,0.233,0.233,0.233,0.233,0.233,0.233,0.233,0.233,0.233,0.233,0.233
2012-08-06 01:00:00,0.192,0.192,0.192,0.192,0.192,0.192,0.192,0.192,0.192,0.192,0.192,0.192,0.192,0.192,0.192,0.192,0.192
2012-08-06 02:00:00,0.152,0.152,0.152,0.152,0.152,0.152,0.152,0.152,0.152,0.152,0.152,0.152,0.152,0.152,0.152,0.152,0.152
2012-08-06 03:00:00,0.162,0.162,0.162,0.162,0.162,0.162,0.162,0.162,0.162,0.162,0.162,0.162,0.162,0.162,0.162,0.162,0.162
2012-08-06 04:00:00,0.272,0.272,0.272,0.272,0.272,0.272,0.272,0.272,0.272,0.272,0.272,0.272,0.272,0.272,0.272,0.272,0.272
2012-08-06 05:00:00,0.384,0.384,0.384,0.384,0.384,0.384,0.384,0.384,0.384,0.384,0.384,0.384,0.384,0.384,0.384,0.384,0.384
2012-08-06 06:00:00,0.515,0.515,0.515,0.515,0.515,0.515,0.515,0.515,0.515,0.515,0.515,0.515,0.515,0.515,0.515,0.515,0.515
2012-08-06 07:00:00,0.687,0.687,0.687,0.687,0.687,0.687,0.687,0.687,0.687,0.687,0.687,0.687,0.687,0.687,0.687,0.687,0.687
2012-08-06 08:00:00,0.97,0.97,0.97,0.97,0.97,0.97,0.97,0.97,0.97,0.97,0.97,0.97,0.97,0.97,0.97,0.97,0.97
2012-08-06 09:00:00,1.292,1.292,1.292,1.292,1.292,1.292,1.292,1.292,1.292,1.292,1.292,1.292,1.292,1.292,1.292,1.292,1.292
2012-08-06 10:00:00,1.555,1.555,1.555,1.555,1.555,1.555,1.555,1.555,1.555,1.555,1.555,1.555,1.555,1.555,1.555,1.555,1.555
2012-08-06 11:00:00,1.728,1.728,1.728,1.728,1.728,1.728,1.728,1.728,1.728,1.728,1.728,1.728,1.728,1.728,1.728,1.728,1.728
2012-08-06 12:00:00,1.818,1.818,1.818,1.818,1.818,1.818,1.818,1.818,1.818,1.818,1.818,1.818,1.818,1.818,1.818,1.818,1.818
2012-08-06 13:00:00,1.919,1.919,1.919,1.919,1.919,1.919,1.919,1.919,1.919,1.919,1.919,1.919,1.919,1.919,1.919,1.919,1.919
2012-08-06 14:00:00,1.939,1.939,1.939,1.939,1.939,1.939,1.939,1.939,1.939,1.939,1.939,1.939,1.939,1.939,1.939,1.939,1.939
2012-08-06 15:00:00,1.959,1.959,1.959,1.959,1.959,1.959,1.959,1.959,1.959,1.959,1.959,1.959,1.959,1.959,1.959,1.959,1.959
2012-08-06 16:00:00,1.909,1.909,1.909,1.909,1.909,1.909,1.909,1.909,1.909,1.909,1.909,1.909,1.909,1.909,1.909,1.909,1.909
2012-08-06 17:00:00,1.838,1.838,1.838,1.838,1.838,1.838,1.838,1.838,1.838,1.838,1.838,1.838,1.838,1.838,1.838,1.838,1.838
2012-08-06 18:00:00,1.626,1.626,1.626,1.626,1.626,1.626,1.626,1.626,1.626,1.626,1.626,1.626,1.626,1.626,1.626,1.626,1.626
2012-08-06 19:00:00,1.262,1.262,1.262,1.262,1.262,1.262,1.262,1.262,1.262,1.262,1.262,1.262,1.262,1.262,1.262,1.262,1.262
2012-08-06 20:00:00,0.889,0.889,0.889,0.889,0.889,0.889,0.889,0.889,0.889,0.889,0.889,0.889,0.889,0.889,0.889,0.889,0.889
2012-08-06 21:00:00,0.545,0.545,0.545,0.545,0.545,0.545,0.545,0.545,0.545,0.545,0.545,0.545,0.545,0.545,0.545,0.545,0.545
2012-08-06 22:00:00,0.313,0.313,0.313,0.313,0.313,0.313,0.313,0.313,0.313,0.313,0.313,0.313,0.313,0.313,0.313,0.313,0.313
2012-08-06 23:00:00,0.152,0.152,0.152,0.152,0.152,0.152,0.152,0.152,0.152,0.152,0.152,0.152,0.152,0.152,0.152,0.152,0.152
2012-08-07 00:00:00,0.111,0.111,0.111,0.111,0.111,0.111,0.111,0.111,0.111,0.111,0.111,0.111,0.111,0.111,0.111,0.111,0.111
2012-08-07 01:00:00,0.111,0.111,0.111,0.111,0.111,0.111,0.111,0.111,0.111,0.111,0.111,0.111,0.111,0.111,0.111,0.111,0.111
2012-08-07 02:00:00,0.132,0.132,0.132,0.132,0.132,0.132,0.132,0.132,0.132,0.132,0.132,0.132,0.132,0.132,0.132,0.132,0.132
2012-08-07 03:00:00,0.243,0.243,0.243,0.243,0.243,0.243,0.243,0.243,0.243,0.243,0.243,0.243,0.243,0.243,0.243,0.243,0.243
2012-08-07 04:00:00,0.818,0.818,0.818,0.818,0.818,0.818,0.818,0.818,0.818,0.818,0.818,0.818,0.818,0.818,0.818,0.818,0.818
2012-08-07 05:00:00,1.555,1.555,1.555,1.555,1.555,1.555,1.555,1.555,1.555,1.555,1.555,1.555,1.555,1.555,1.555,1.555,1.555
2012-08-07 06:00:00,2.131,2.131,2.131,2.131,2.131,2.131,2.131,2.131,2.131,2.131,2.131,2.131,2.131,2.131,2.131,2.131,2.131
2012-08-07 07:00:00,1.929,1.929,1.929,1.929,1.929,1.929,1.929,1.929,1.929,1.929,1.929,1.929,1.929,1.929,1.929,1.929,1.929
2012-08-07 08:00:00,1.606,1.606,1.606,1.606,1.606,1.606,1.606,1.606,1.606,1.606,1.606,1.606,1.606,1.606,1.606,1.606,1.606
2012-08-07 09:00:00,1.555,1.555,1.555,1.555,1.555,1.555,1.555,1.555,1.555,1.555,1.555,1.555,1.555,1.555,1.555,1.555,1.555
2012-08-07 10:00:00,1.596,1.596,1.596,1.596,1.596,1.596,1.596,1.596,1.596,1.596,1.596,1.596,1.596,1.596,1.596,1.596,1.596
2012-08-07 11:00:00,1.657,1.657,1.657,1.657,1.657,1.657,1.657,1.657,1.657,1.657,1.657,1.657,1.657,1.657,1.657,1.657,1.657
2012-08-07 12:00:00,1.838,1.838,1.838,1.838,1.838,1.838,1.838,1.838,1.838,1.838,1.838,1.838,1.838,1.838,1.838,1.838,1.838
2012-08-07 13:00:00,2.243,2.243,2.243,2.243,2.243,2.243,2.243,2.243,2.243,2.243,2.243,2.243,2.243,2.243,2.243,2.243,2.243
2012-08-07 14:00:00,2.566,2.566,2.566,2.566,2.566,2.566,2.566,2.566,2.566,2.566,2.566,2.566,2.566,2.566,2.566,2.566,2.566
2012-08-07 15:00:00,2.576,2.576,2.576,2.576,2.576,2.576,2.576,2.576,2.576,2.576,2.576,2.576,2.576,2.576,2.576,2.576,2.576
2012-08-07 16:00:00,2.071,2.071,2.071,2.071,2.071,2.071,2.071,2.071,2.071,2.071,2.071,2.071,2.071,2.071,2.071,2.071,2.071
2012-08-07 17:00:00,1.606,1.606,1.606,1.606,1.606,1.606,1.606,1.606,1.606,1.606,1.606,1.606,1.606,1.606,1.606,1.606,1.606
2012-08-07 18:00:00,1.253,1.253,1.253,1.253,1.253,1.253,1.253,1.253,1.253,1.253,1.253,1.253,1.253,1.253,1.253,1.253,1.253
2012-08-07 19:00:00,0.959,0.959,0.959,0.959,0.959,0.959,0.959,0.959,0.959,0.959,0.959,0.959,0.959,0.959,0.959,0.959,0.959
2012-08-07 20:00:00,0.738,0.738,0.738,0.738,0.738,0.738,0.738,0.738,0.738,0.738,0.738,0.738,0.738,0.738,0.738,0.738,0.738
2012-08-07 21:00:00,0.525,0.525,0.525,0.525,0.525,0.525,0.525,0.525,0.525,0.525,0.525,0.525,0.525,0.525,0.525,0.525,0.525
2012-08-07 22:00:00,0.272,0.272,0.272,0.272,0.272,0.272,0.272,0.272,0.272,0.272,0.272,0.272,0.272,0.272,0.272,0.272,0.272
2012-08-07 23:00:00,0.142,0.142,0.142,0.142,0.142,0.142,0.142,0.142,0.142,0.142,0.142,0.142,0.142,0.142,0.142,0.142,0.142
2012-08-08 00:00:00,0.111,0.111,0.111,0.111,0.111,0.111,0.111,0.111,0.111,0.111,0.111,0.111,0.111,0.111,0.111,0.111,0.111
2012-08-08 01:00:00,0.111,0.111,0.111,0.111,0.111,0.111,0.111,0.111,0.111,0.111,0.111,0.111,0.111,0.111,0.111,0.111,0.111
2012-08-08 02:00:00,0.121,0.121,0.121,0.121,0.121,0.121,0.121,0.121,0.121,0.121,0.121,0.121,0.121,0.121,0.121,0.121,0.121
2012-08-08 03:00:00,0.243,0.243,0.243,0.243,0.243,0.243,0.243,0.243,0.243,0.243,0.243,0.243,0.243,0.243,0.243,0.243,0.243
2012-08-08 04:00:00,0.797,0.797,0.797,0.797,0.797,0.797,0.797,0.797,0.797,0.797,0.797,0.797,0.797,0.797,0.797,0.797,0.797
2012-08-08 05:00:00,1.505,1.505,1.505,1.505,1.505,1.505,1.505,1.505,1.505,1.505,1.505,1.505,1.505,1.505,1.505,1.505,1.505
2012-08-08 06:00:00,2.061,2.061,2.061,2.061,2.061,2.061,2.061,2.061,2.061,2.061,2.061,2.061,2.061,2.061,2.061,2.061,2.061
2012-08-08 07:00:00,1.878,1.878,1.878,1.878,1.878,1.878,1.878,1.878,1.878,1.878,1.878,1.878,1.878,1.878,1.878,1.878,1.878
2012-08-08 08:00:00,1.566,1.566,1.566,1.566,1.566,1.566,1.566,1.566,1.566,1.566,1.566,1.566,1.566,1.566,1.566,1.566,1.566
2012-08-08 09:00:00,1.505,1.505,1.505,1.505,1.505,1.505,1.505,1.505,1.505,1.505,1.505,1.505,1.505,1.505,1.505,1.505,1.505
2012-08-08 10:00:00,1.545,1.545,1.545,1.545,1.545,1.545,1.545,1.545,1.545,1.545,1.545,1.545,1.545,1.545,1.545,1.545,1.545
2012-08-08 11:00:00,1.606,1.606,1.606,1.606,1.606,1.606,1.606,1.606,1.606,1.606,1.606,1.606,1.606,1.606,1.606,1.606,1.606
2012-08-08 12:00:00,1.777,1.777,1.777,1.777,1.777,1.777,1.777,1.777,1.777,1.777,1.777,1.777,1.777,1.777,1.777,1.777,1.777
2012-08-08 13:00:00,2.182,2.182,2.182,2.182,2.182,2.182,2.182,2.182,2.182,2.182,2.182,2.182,2.182,2.182,2.182,2.182,2.182
2012-08-08 14:00:00,2.495,2.495,2.495,2.495,2.495,2.495,2.495,2.495,2.495,2.495,2.495,2.495,2.495,2.495,2.495,2.495,2.495
2012-08-08 15:00:00,2.495,2.495,2.495,2.495,2.495,2.495,2.495,2.495,2.495,2.495,2.495,2.495,2.495,2.495,2.495,2.495,2.495
2012-08-08 16:00:00,2.01,2.01,2.01,2.01,2.01,2.01,2.01,2.01,2.01,2.01,2.01,2.01,2.01,2.01,2.01,2.01,2.01
2012-08-08 17:00:00,1.555,1.555,1.555,1.555,1.555,1.555,1.555,1.555,1.555,1.555,1.555,1.555,1.555,1.555,1.555,1.555,1.555
2012-08-08 18:00:00,1.212,1.212,1.212,1.212,1.212,1.212,1.212,1.212,1.212,1.212,1.212,1.212,1.212,1.212,1.212,1.212,1.212
2012-08-08 19:00:00,0.939,0.939,0.939,0.939,0.939,0.939,0.939,0.939,0.939,0.939,0.939,0.939,0.939,0.939,0.939,0.939,0.939
2012-08-08 20:00:00,0.707,0.707,0.707,0.707,0.707,0.707,0.707,0.707,0.707,0.707,0.707,0.707,0.707,0.707,0.707,0.707,0.707
2012-08-08 21:00:00,0.505,0.505,0.505,0.505,0.505,0.505,0.505,0.505,0.505,0.505,0.505,0.505,0.505,0.505,0.505,0.505,0.505
2012-08-08 22:00:00,0.262,0.262,0.262,0.262,0.262,0.262,0.262,0.262,0.262,0.262,0.262,0.262,0.262,0.262,0.262,0.262,0.262
2012-08-08 23:00:00,0.152,0.152,0.152,0.152,0.152,0.152,0.152,0.152,0.152,0.152,0.152,0.152,0.152,0.152,0.152,0.152,0.152
2012-08-09 00:00:00,0.111,0.111,0.111,0.111,0.111,0.111,0.111,0.111,0.111,0.111,0.111,0.111,0.111,0.111,0.111,0.111,0.111
2012-08-09 01:00:00,0.111,0.111,0.111,0.111,0.111,0.111,0.111,0.111,0.111,0.111,0.111,0.111,0.111,0.111,0.111,0.111,0.111
2012-08-09 02:00:00,0.132,0.132,0.132,0.132,0.132,0.132,0.132,0.132,0.132,0.132,0.132,0.132,0.132,0.132,0.132,0.132,0.132
2012-08-09 03:00:00,0.243,0.243,0.243,0.243,0.243,0.243,0.243,0.243,0.243,0.243,0.243,0.243,0.243,0.243,0.243,0.243,0.243
2012-08-09 04:00:00,0.818,0.818,0.818,0.818,0.818,0.818,0.818,0.818,0.818,0.818,0.818,0.818,0.818,0.818,0.818,0.818,0.818
2012-08-09 05:00:00,1.545,1.545,1.545,1.545,1.545,1.545,1.545,1.545,1.545,1.545,1.545,1.545,1.545,1.545,1.545,1.545,1.545
2012-08-09 06:00:00,2.121,2.121,2.121,2.121,2.121,2.121,2.121,2.121,2.121,2.121,2.121,2.121,2.121,2.121,2.121,2.121,2.121
2012-08-09 07:00:00,1.919,1.919,1.919,1.919,1.919,1.919,1.919,1.919,1.919,1.919,1.919,1.919,1.919,1.919,1.919,1.919,1.919
2012-08-09 08:00:00,1.596,1.596,1.596,1.596,1.596,1.596,1.596,1.596,1.596,1.596,1.596,1.596,1.596,1.596,1.596,1.596,1.596
2012-08-09 09:00:00,1.545,1.545,1.545,1.545,1.545,1.545,1.545,1.545,1.545,1.545,1.545,1.545,1.545,1.545,1.545,1.545,1.545
2012-08-09 10:00:00,1.586,1.586,1.586,1.586,1.586,1.586,1.586,1.586,1.586,1.586,1.586,1.586,1.586,1.586,1.586,1.586,1.586
2012-08-09 11:00:00,1.647,1.647,1.647,1.647,1.647,1.647,1.647,1.647,1.647,1.647,1.647,1.647,1.647,1.647,1.647,1.647,1.647
2012-08-09 12:00:00,1.828,1.828,1.828,1.828,1.828,1.828,1.828,1.828,1.828,1.828,1.828,1.828,1.828,1.828,1.828,1.828,1.828
2012-08-09 13:00:00,2.233,2.233,2.233,2.233,2.233,2.233,2.233,2.233,2.233,2.233,2.233,2.233,2.233,2.233,2.233,2.233,2.233
2012-08-09 14:00:00,2.555,2.555,2.555,2.555,2.555,2.555,2.555,2.555,2.555,2.555,2.555,2.555,2.555,2.555,2.555,2.555,2.555
2012-08-09 15:00:00,2.555,2.555,2.555,2.555,2.555,2.555,2.555,2.555,2.555,2.555,2.555,2.555,2.555,2.555,2.555,2.555,2.555
2012-08-09 16:00:00,2.061,2.061,2.061,2.061,2.061,2.061,2.061,2.061,2.061,2.061,2.061,2.061,2.061,2.061,2.061,2.061,2.061
2012-08-09 17:00:00,1.596,1.596,1.596,1.596,1.596,1.596,1.596,1.596,1.596,1.596,1.596,1.596,1.596,1.596,1.596,1.596,1.596
2012-08-09 18:00:00,1.243,1.243,1.243,1.243,1.243,1.243,1.243,1.243,1.243,1.243,1.243,1.243,1.243,1.243,1.243,1.243,1.243
2012-08-09 19:00:00,0.959,0.959,0.959,0.959,0.959,0.959,0.959,0.959,0.959,0.959,0.959,0.959,0.959,0.959,0.959,0.959,0.959
2012-08-09 20:00:00,0.728,0.728,0.728,0.728,0.728,0.728,0.728,0.728,0.728,0.728,0.728,0.728,0.728,0.728,0.728,0.728,0.728
2012-08-09 21:00:00,0.515,0.515,0.515,0.515,0.515,0.515,0.515,0.515,0.515,0.515,0.515,0.515,0.515,0.515,0.515,0.515,0.515
2012-08-09 22:00:00,0.272,0.272,0.272,0.272,0.272,0.272,0.272,0.272,0.272,0.272,0.272,0.272,0.272,0.272,0.272,0.272,0.272
2012-08-09 23:00:00,0.152,0.152,0.152,0.152,0.152,0.152,0.152,0.152,0.152,0.152,0.152,0.152,0.152,0.152,0.152,0.152,0.152
2012-08-10 00:00:00,0.121,0.121,0.121,0.121,0.121,0.121,0.121,0.121,0.121,0.121,0.121,0.121,0.121,0.121,0.121,0.121,0.121
2012-08-10 01:00:00,0.111,0.111,0.111,0.111,0.111,0.111,0.111,0.111,0.111,0.111,0.111,0.111,0.111,0.111,0.111,0.111,0.111
2012-08-10 02:00:00,0.132,0.132,0.132,0.132,0.132,0.132,0.132,0.132,0.132,0.132,0.132,0.132,0.132,0.132,0.132,0.132,0.132
2012-08-10 03:00:00,0.252,0.252,0.252,0.252,0.252,0.252,0.252,0.252,0.252,0.252,0.252,0.252,0.252,0.252,0.252,0.252,0.252
2012-08-10 04:00:00,0.838,0.838,0.838,0.838,0.838,0.838,0.838,0.838,0.838,0.838,0.838,0.838,0.838,0.838,0.838,0.838,0.838
2012-08-10 05:00:00,1.596,1.596,1.596,1.596,1.596,1.596,1.596,1.596,1.596,1.596,1.596,1.596,1.596,1.596,1.596,1.596,1.596
2012-08-10 06:00:00,2.192,2.192,2.192,2.192,2.192,2.192,2.192,2.192,2.192,2.192,2.192,2.192,2.192,2.192,2.192,2.192,2.192
2012-08-10 07:00:00,1.99,1.99,1.99,1.99,1.99,1.99,1.99,1.99,1.99,1.99,1.99,1.99,1.99,1.99,1.99,1.99,1.99
2012-08-10 08:00:00,1.657,1.657,1.657,1.657,1.657,1.657,1.657,1.657,1.657,1.657,1.657,1.657,1.657,1.657,1.657,1.657,1.657
2012-08-10 09:00:00,1.596,1.596,1.596,1.596,1.596,1.596,1.596,1.596,1.596,1.596,1.596,1.596,1.596,1.596,1.596,1.596,1.596
2012-08-10 10:00:00,1.636,1.636,1.636,1.636,1.636,1.636,1.636,1.636,1.636,1.636,1.636,1.636,1.636,1.636,1.636,1.636,1.636
2012-08-10 11:00:00,1.697,1.697,1.697,1.697,1.697,1.697,1.697,1.697,1.697,1.697,1.697,1.697,1.697,1.697,1.697,1.697,1.697
2012-08-10 12:00:00,1.888,1.888,1.888,1.888,1.888,1.888,1.888,1.888,1.888,1.888,1.888,1.888,1.888,1.888,1.888,1.888,1.888
2012-08-10 13:00:00,2.313,2.313,2.313,2.313,2.313,2.313,2.313,2.313,2.313,2.313,2.313,2.313,2.313,2.313,2.313,2.313,2.313
2012-08-10 14:00:00,2.646,2.646,2.646,2.646,2.646,2.646,2.646,2.646,2.646,2.646,2.646,2.646,2.646,2.646,2.646,2.646,2.646
2012-08-10 15:00:00,2.646,2.646,2.646,2.646,2.646,2.646,2.646,2.646,2.646,2.646,2.646,2.646,2.646,2.646,2.646,2.646,2.646
2012-08-10 16:00:00,2.131,2.131,2.131,2.131,2.131,2.131,2.131,2.131,2.131,2.131,2.131,2.131,2.131,2.131,2.131,2.131,2.131
2012-08-10 17:00:00,1.647,1.647,1.647,1.647,1.647,1.647,1.647,1.647,1.647,1.647,1.647,1.647,1.647,1.647,1.647,1.647,1.647
2012-08-10 18:00:00,1.292,1.292,1.292,1.292,1.292,1.292,1.292,1.292,1.292,1.292,1.292,1.292,1.292,1.292,1.292,1.292,1.292
2012-08-10 19:00:00,0.99,0.99,0.99,0.99,0.99,0.99,0.99,0.99,0.99,0.99,0.99,0.99,0.99,0.99,0.99,0.99,0.99
2012-08-10 20:00:00,0.757,0.757,0.757,0.757,0.757,0.757,0.757,0.757,0.757,0.757,0.757,0.757,0.757,0.757,0.757,0.757,0.757
2012-08-10 21:00:00,0.535,0.535,0.535,0.535,0.535,0.535,0.535,0.535,0.535,0.535,0.535,0.535,0.535,0.535,0.535,0.535,0.535
2012-08-10 22:00:00,0.282,0.282,0.282,0.282,0.282,0.282,0.282,0.282,0.282,0.282,0.282,0.282,0.282,0.282,0.282,0.282,0.282
2012-08-10 23:00:00,0.162,0.162,0.162,0.162,0.162,0.162,0.162,0.162,0.162,0.162,0.162,0.162,0.162,0.162,0.162,0.162,0.162
2012-08-11 00:00:00,0.121,0.121,0.121,0.121,0.121,0.121,0.121,0.121,0.121,0.121,0.121,0.121,0.121,0.121,0.121,0.121,0.121
2012-08-11 01:00:00,0.121,0.121,0.121,0.121,0.121,0.121,0.121,0.121,0.121,0.121,0.121,0.121,0.121,0.121,0.121,0.121,0.121
2012-08-11 02:00:00,0.142,0.142,0.142,0.142,0.142,0.142,0.142,0.142,0.142,0.142,0.142,0.142,0.142,0.142,0.142,0.142,0.142
2012-08-11 03:00:00,0.272,0.272,0.272,0.272,0.272,0.272,0.272,0.272,0.272,0.272,0.272,0.272,0.272,0.272,0.272,0.272,0.272
2012-08-11 04:00:00,0.899,0.899,0.899,0.899,0.899,0.899,0.899,0.899,0.899,0.899,0.899,0.899,0.899,0.899,0.899,0.899,0.899
2012-08-11 05:00:00,1.707,1.707,1.707,1.707,1.707,1.707,1.707,1.707,1.707,1.707,1.707,1.707,1.707,1.707,1.707,1.707,1.707
2012-08-11 06:00:00,2.333,2.333,2.333,2.333,2.333,2.333,2.333,2.333,2.333,2.333,2.333,2.333,2.333,2.333,2.333,2.333,2.333
2012-08-11 07:00:00,2.121,2.121,2.121,2.121,2.121,2.121,2.121,2.121,2.121,2.121,2.121,2.121,2.121,2.121,2.121,2.121,2.121
2012-08-11 08:00:00,1.767,1.767,1.767,1.767,1.767,1.767,1.767,1.767,1.767,1.767,1.767,1.767,1.767,1.767,1.767,1.767,1.767
2012-08-11 09:00:00,1.707,1.707,1.707,1.707,1.707,1.707,1.707,1.707,1.707,1.707,1.707,1.707,1.707,1.707,1.707,1.707,1.707
2012-08-11 10:00:00,1.748,1.748,1.748,1.748,1.748,1.748,1.748,1.748,1.748,1.748,1.748,1.748,1.748,1.748,1.748,1.748,1.748
2012-08-11 11:00:00,1.818,1.818,1.818,1.818,1.818,1.818,1.818,1.818,1.818,1.818,1.818,1.818,1.818,1.818,1.818,1.818,1.818
2012-08-11 12:00:00,2.02,2.02,2.02,2.02,2.02,2.02,2.02,2.02,2.02,2.02,2.02,2.02,2.02,2.02,2.02,2.02,2.02
2012-08-11 13:00:00,2.464,2.464,2.464,2.464,2.464,2.464,2.464,2.464,2.464,2.464,2.464,2.464,2.464,2.464,2.464,2.464,2.464
2012-08-11 14:00:00,2.818,2.818,2.818,2.818,2.818,2.818,2.818,2.818,2.818,2.818,2.818,2.818,2.818,2.818,2.818,2.818,2.818
2012-08-11 15:00:00,2.828,2.828,2.828,2.828,2.828,2.828,2.828,2.828,2.828,2.828,2.828,2.828,2.828,2.828,2.828,2.828,2.828
2012-08-11 16:00:00,2.272,2.272,2.272,2.272,2.272,2.272,2.272,2.272,2.272,2.272,2.272,2.272,2.272,2.272,2.272,2.272,2.272
2012-08-11 17:00:00,1.757,1.757,1.757,1.757,1.757,1.757,1.757,1.757,1.757,1.757,1.757,1.757,1.757,1.757,1.757,1.757,1.757
2012-08-11 18:00:00,1.373,1.373,1.373,1.373,1.373,1.373,1.373,1.373,1.373,1.373,1.373,1.373,1.373,1.373,1.373,1.373,1.373
2012-08-11 19:00:00,1.061,1.061,1.061,1.061,1.061,1.061,1.061,1.061,1.061,1.061,1.061,1.061,1.061,1.061,1.061,1.061,1.061
2012-08-11 20:00:00,0.808,0.808,0.808,0.808,0.808,0.808,0.808,0.808,0.808,0.808,0.808,0.808,0.808,0.808,0.808,0.808,0.808
2012-08-11 21:00:00,0.576,0.576,0.576,0.576,0.576,0.576,0.576,0.576,0.576,0.576,0.576,0.576,0.576,0.576,0.576,0.576,0.576
2012-08-11 22:00:00,0.292,0.292,0.292,0.292,0.292,0.292,0.292,0.292,0.292,0.292,0.292,0.292,0.292,0.292,0.292,0.292,0.292
2012-08-11 23:00:00,0.313,0.313,0.313,0.313,0.313,0.313,0.313,0.313,0.313,0.313,0.313,0.313,0.313,0.313,0.313,0.313,0.313
2012-08-12 00:00:00,0.243,0.243,0.243,0.243,0.243,0.243,0.243,0.243,0.243,0.243,0.243,0.243,0.243,0.243,0.243,0.243,0.243
2012-08-12 01:00:00,0.213,0.213,0.213,0.213,0.213,0.213,0.213,0.213,0.213,0.213,0.213,0.213,0.213,0.213,0.213,0.213,0.213
2012-08-12 02:00:00,0.202,0.202,0.202,0.202,0.202,0.202,0.202,0.202,0.202,0.202,0.202,0.202,0.202,0.202,0.202,0.202,0.202
2012-08-12 03:00:00,0.252,0.252,0.252,0.252,0.252,0.252,0.252,0.252,0.252,0.252,0.252,0.252,0.252,0.252,0.252,0.252,0.252
2012-08-12 04:00:00,0.444,0.444,0.444,0.444,0.444,0.444,0.444,0.444,0.444,0.444,0.444,0.444,0.444,0.444,0.444,0.444,0.444
2012-08-12 05:00:00,0.637,0.637,0.637,0.637,0.637,0.637,0.637,0.637,0.637,0.637,0.637,0.637,0.637,0.637,0.637,0.637,0.637
2012-08-12 06:00:00,0.808,0.808,0.808,0.808,0.808,0.808,0.808,0.808,0.808,0.808,0.808,0.808,0.808,0.808,0.808,0.808,0.808
2012-08-12 07:00:00,1.091,1.091,1.091,1.091,1.091,1.091,1.091,1.091,1.091,1.091,1.091,1.091,1.091,1.091,1.091,1.091,1.091
2012-08-12 08:00:00,1.394,1.394,1.394,1.394,1.394,1.394,1.394,1.394,1.394,1.394,1.394,1.394,1.394,1.394,1.394,1.394,1.394
2012-08-12 09:00:00,1.757,1.757,1.757,1.757,1.757,1.757,1.757,1.757,1.757,1.757,1.757,1.757,1.757,1.757,1.757,1.757,1.757
2012-08-12 10:00:00,1.909,1.909,1.909,1.909,1.909,1.909,1.909,1.909,1.909,1.909,1.909,1.909,1.909,1.909,1.909,1.909,1.909
2012-08-12 11:00:00,2.0,2.0,2.0,2.0,2.0,2.0,2.0,2.0,2.0,2.0,2.0,2.0,2.0,2.0,2.0,2.0,2.0
2012-08-12 12:00:00,2.02,2.02,2.02,2.02,2.02,2.02,2.02,2.02,2.02,2.02,2.02,2.02,2.02,2.02,2.02,2.02,2.02
2012-08-12 13:00:00,1.98,1.98,1.98,1.98,1.98,1.98,1.98,1.98,1.98,1.98,1.98,1.98,1.98,1.98,1.98,1.98,1.98
2012-08-12 14:00:00,1.878,1.878,1.878,1.878,1.878,1.878,1.878,1.878,1.878,1.878,1.878,1.878,1.878,1.878,1.878,1.878,1.878
2012-08-12 15:00:00,1.728,1.728,1.728,1.728,1.728,1.728,1.728,1.728,1.728,1.728,1.728,1.728,1.728,1.728,1.728,1.728,1.728
2012-08-12 16:00:00,1.586,1.586,1.586,1.586,1.586,1.586,1.586,1.586,1.586,1.586,1.586,1.586,1.586,1.586,1.586,1.586,1.586
2012-08-12 17:00:00,1.414,1.414,1.414,1.414,1.414,1.414,1.414,1.414,1.414,1.414,1.414,1.414,1.414,1.414,1.414,1.414,1.414
2012-08-12 18:00:00,1.233,1.233,1.233,1.233,1.233,1.233,1.233,1.233,1.233,1.233,1.233,1.233,1.233,1.233,1.233,1.233,1.233
2012-08-12 19:00:00,1.01,1.01,1.01,1.01,1.01,1.01,1.01,1.01,1.01,1.01,1.01,1.01,1.01,1.01,1.01,1.01,1.01
2012-08-12 20:00:00,0.767,0.767,0.767,0.767,0.767,0.767,0.767,0.767,0.767,0.767,0.767,0.767,0.767,0.767,0.767,0.767,0.767
2012-08-12 21:00:00,0.556,0.556,0.556,0.556,0.556,0.556,0.556,0.556,0.556,0.556,0.556,0.556,0.556,0.556,0.556,0.556,0.556
2012-08-12 22:00:00,0.373,0.373,0.373,0.373,0.373,0.373,0.373,0.373,0.373,0.373,0.373,0.373,0.373,0.373,0.373,0.373,0.373
2012-08-12 23:00:00,0.282,0.282,0.282,0.282,0.282,0.282,0.282,0.282,0.282,0.282,0.282,0.282,0.282,0.282,0.282,0.282,0.282
2012-08-13 00:00:00,0.233,0.233,0.233,0.233,0.233,0.233,0.233,0.233,0.233,0.233,0.233,0.233,0.233,0.233,0.233,0.233,0.233
2012-08-13 01:00:00,0.192,0.192,0.192,0.192,0.192,0.192,0.192,0.192,0.192,0.192,0.192,0.192,0.192,0.192,0.192,0.192,0.192
2012-08-13 02:00:00,0.152,0.152,0.152,0.152,0.152,0.152,0.152,0.152,0.152,0.152,0.152,0.152,0.152,0.152,0.152,0.152,0.152
2012-08-13 03:00:00,0.162,0.162,0.162,0.162,0.162,0.162,0.162,0.162,0.162,0.162,0.162,0.162,0.162,0.162,0.162,0.162,0.162
2012-08-13 04:00:00,0.272,0.272,0.272,0.272,0.272,0.272,0.272,0.272,0.272,0.272,0.272,0.272,0.272,0.272,0.272,0.272,0.272
2012-08-13 05:00:00,0.384,0.384,0.384,0.384,0.384,0.384,0.384,0.384,0.384,0.384,0.384,0.384,0.384,0.384,0.384,0.384,0.384
2012-08-13 06:00:00,0.515,0.515,0.515,0.515,0.515,0.515,0.515,0.515,0.515,0.515,0.515,0.515,0.515,0.515,0.515,0.515,0.515
2012-08-13 07:00:00,0.687,0.687,0.687,0.687,0.687,0.687,0.687,0.687,0.687,0.687,0.687,0.687,0.687,0.687,0.687,0.687,0.687
2012-08-13 08:00:00,0.97,0.97,0.97,0.97,0.97,0.97,0.97,0.97,0.97,0.97,0.97,0.97,0.97,0.97,0.97,0.97,0.97
2012-08-13 09:00:00,1.292,1.292,1.292,1.292,1.292,1.292,1.292,1.292,1.292,1.292,1.292,1.292,1.292,1.292,1.292,1.292,1.292
2012-08-13 10:00:00,1.555,1.555,1.555,1.555,1.555,1.555,1.555,1.555,1.555,1.555,1.555,1.555,1.555,1.555,1.555,1.555,1.555
2012-08-13 11:00:00,1.728,1.728,1.728,1.728,1.728,1.728,1.728,1.728,1.728,1.728,1.728,1.728,1.728,1.728,1.728,1.728,1.728
2012-08-13 12:00:00,1.818,1.818,1.818,1.818,1.818,1.818,1.818,1.818,1.818,1.818,1.818,1.818,1.818,1.818,1.818,1.818,1.818
2012-08-13 13:00:00,1.919,1.919,1.919,1.919,1.919,1.919,1.919,1.919,1.919,1.919,1.919,1.919,1.919,1.919,1.919,1.919,1.919
2012-08-13 14:00:00,1.939,1.939,1.939,1.939,1.939,1.939,1.939,1.939,1.939,1.939,1.939,1.939,1.939,1.939,1.939,1.939,1.939
2012-08-13 15:00:00,1.959,1.959,1.959,1.959,1.959,1.959,1.959,1.959,1.959,1.959,1.959,1.959,1.959,1.959,1.959,1.959,1.959
2012-08-13 16:00:00,1.909,1.909,1.909,1.909,1.909,1.909,1.909,1.909,1.909,1.909,1.909,1.909,1.909,1.909,1.909,1.909,1.909
2012-08-13 17:00:00,1.838,1.838,1.838,1.838,1.838,1.838,1.838,1.838,1.838,1.838,1.838,1.838,1.838,1.838,1.838,1.838,1.838
2012-08-13 18:00:00,1.626,1.626,1.626,1.626,1.626,1.626,1.626,1.626,1.626,1.626,1.626,1.626,1.626,1.626,1.626,1.626,1.626
2012-08-13 19:00:00,1.262,1.262,1.262,1.262,1.262,1.262,1.262,1.262,1.262,1.262,1.262,1.262,1.262,1.262,1.262,1.262,1.262
2012-08-13 20:00:00,0.889,0.889,0.889,0.889,0.889,0.889,0.889,0.889,0.889,0.889,0.889,0.889,0.889,0.889,0.889,0.889,0.889
2012-08-13 21:00:00,0.545,0.545,0.545,0.545,0.545,0.545,0.545,0.545,0.545,0.545,0.545,0.545,0.545,0.545,0.545,0.545,0.545
2012-08-13 22:00:00,0.313,0.313,0.313,0.313,0.313,0.313,0.313,0.313,0.313,0.313,0.313,0.313,0.313,0.313,0.313,0.313,0.313
2012-08-13 23:00:00,0.152,0.152,0.152,0.152,0.152,0.152,0.152,0.152,0.152,0.152,0.152,0.152,0.152,0.152,0.152,0.152,0.152
2012-10-09 00:00:00,0.101,0.101,0.101,0.101,0.101,0.101,0.101,0.101,0.101,0.101,0.101,0.101,0.101,0.101,0.101,0.101,0.101
2012-10-09 01:00:00,0.091,0.091,0.091,0.091,0.091,0.091,0.091,0.091,0.091,0.091,0.091,0.091,0.091,0.091,0.091,0.091,0.091
2012-10-09 02:00:00,0.111,0.111,0.111,0.111,0.111,0.111,0.111,0.111,0.111,0.111,0.111,0.111,0.111,0.111,0.111,0.111,0.111
2012-10-09 03:00:00,0.213,0.213,0.213,0.213,0.213,0.213,0.213,0.213,0.213,0.213,0.213,0.213,0.213,0.213,0.213,0.213,0.213
2012-10-09 04:00:00,0.707,0.707,0.707,0.707,0.707,0.707,0.707,0.707,0.707,0.707,0.707,0.707,0.707,0.707,0.707,0.707,0.707
2012-10-09 05:00:00,1.333,1.333,1.333,1.333,1.333,1.333,1.333,1.333,1.333,1.333,1.333,1.333,1.333,1.333,1.333,1.333,1.333
2012-10-09 06:00:00,1.828,1.828,1.828,1.828,1.828,1.828,1.828,1.828,1.828,1.828,1.828,1.828,1.828,1.828,1.828,1.828,1.828
2012-10-09 07:00:00,1.667,1.667,1.667,1.667,1.667,1.667,1.667,1.667,1.667,1.667,1.667,1.667,1.667,1.667,1.667,1.667,1.667
2012-10-09 08:00:00,1.383,1.383,1.383,1.383,1.383,1.383,1.383,1.383,1.383,1.383,1.383,1.383,1.383,1.383,1.383,1.383,1.383
2012-10-09 09:00:00,1.333,1.333,1.333,1.333,1.333,1.333,1.333,1.333,1.333,1.333,1.333,1.333,1.333,1.333,1.333,1.333,1.333
2012-10-09 10:00:00,1.373,1.373,1.373,1.373,1.373,1.373,1.373,1.373,1.373,1.373,1.373,1.373,1.373,1.373,1.373,1.373,1.373
2012-10-09 11:00:00,1.424,1.424,1.424,1.424,1.424,1.424,1.424,1.424,1.424,1.424,1.424,1.424,1.424,1.424,1.424,1.424,1.424
2012-10-09 12:00:00,1.576,1.576,1.576,1.576,1.576,1.576,1.576,1.576,1.576,1.576,1.576,1.576,1.576,1.576,1.576,1.576,1.576
2012-10-09 13:00:00,1.929,1.929,1.929,1.929,1.929,1.929,1.929,1.929,1.929,1.929,1.929,1.929,1.929,1.929,1.929,1.929,1.929
2012-10-09 14:00:00,2.212,2.212,2.212,2.212,2.212,2.212,2.212,2.212,2.212,2.212,2.212,2.212,2.212,2.212,2.212,2.212,2.212
2012-10-09 15:00:00,2.212,2.212,2.212,2.212,2.212,2.212,2.212,2.212,2.212,2.212,2.212,2.212,2.212,2.212,2.212,2.212,2.212
2012-10-09 16:00:00,1.777,1.777,1.777,1.777,1.777,1.777,1.777,1.777,1.777,1.777,1.777,1.777,1.777,1.777,1.777,1.777,1.777
2012-10-09 17:00:00,1.373,1.373,1.373,1.373,1.373,1.373,1.373,1.373,1.373,1.373,1.373,1.373,1.373,1.373,1.373,1.373,1.373
2012-10-09 18:00:00,1.081,1.081,1.081,1.081,1.081,1.081,1.081,1.081,1.081,1.081,1.081,1.081,1.081,1.081,1.081,1.081,1.081
2012-10-09 19:00:00,0.828,0.828,0.828,0.828,0.828,0.828,0.828,0.828,0.828,0.828,0.828,0.828,0.828,0.828,0.828,0.828,0.828
2012-10-09 20:00:00,0.626,0.626,0.626,0.626,0.626,0.626,0.626,0.626,0.626,0.626,0.626,0.626,0.626,0.626,0.626,0.626,0.626
2012-10-09 21:00:00,0.444,0.444,0.444,0.444,0.444,0.444,0.444,0.444,0.444,0.444,0.444,0.444,0.444,0.444,0.444,0.444,0.444
2012-10-09 22:00:00,0.233,0.233,0.233,0.233,0.233,0.233,0.233,0.233,0.233,0.233,0.233,0.233,0.233,0.233,0.233,0.233,0.233
2012-10-09 23:00:00,0.121,0.121,0.121,0.121,0.121,0.121,0.121,0.121,0.121,0.121,0.121,0.121,0.121,0.121,0.121,0.121,0.121
2012-10-10 00:00:00,0.091,0.091,0.091,0.091,0.091,0.091,0.091,0.091,0.091,0.091,0.091,0.091,0.091,0.091,0.091,0.091,0.091
2012-10-10 01:00:00,0.091,0.091,0.091,0.091,0.091,0.091,0.091,0.091,0.091,0.091,0.091,0.091,0.091,0.091,0.091,0.091,0.091
2012-10-10 02:00:00,0.111,0.111,0.111,0.111,0.111,0.111,0.111,0.111,0.111,0.111,0.111,0.111,0.111,0.111,0.111,0.111,0.111
2012-10-10 03:00:00,0.202,0.202,0.202,0.202,0.202,0.202,0.202,0.202,0.202,0.202,0.202,0.202,0.202,0.202,0.202,0.202,0.202
2012-10-10 04:00:00,0.687,0.687,0.687,0.687,0.687,0.687,0.687,0.687,0.687,0.687,0.687,0.687,0.687,0.687,0.687,0.687,0.687
2012-10-10 05:00:00,1.292,1.292,1.292,1.292,1.292,1.292,1.292,1.292,1.292,1.292,1.292,1.292,1.292,1.292,1.292,1.292,1.292
2012-10-10 06:00:00,1.777,1.777,1.777,1.777,1.777,1.777,1.777,1.777,1.777,1.777,1.777,1.777,1.777,1.777,1.777,1.777,1.777
2012-10-10 07:00:00,1.616,1.616,1.616,1.616,1.616,1.616,1.616,1.616,1.616,1.616,1.616,1.616,1.616,1.616,1.616,1.616,1.616
2012-10-10 08:00:00,1.343,1.343,1.343,1.343,1.343,1.343,1.343,1.343,1.343,1.343,1.343,1.343,1.343,1.343,1.343,1.343,1.343
2012-10-10 09:00:00,1.292,1.292,1.292,1.292,1.292,1.292,1.292,1.292,1.292,1.292,1.292,1.292,1.292,1.292,1.292,1.292,1.292
2012-10-10 10:00:00,1.333,1.333,1.333,1.333,1.333,1.333,1.333,1.333,1.333,1.333,1.333,1.333,1.333,1.333,1.333,1.333,1.333
2012-10-10 11:00:00,1.383,1.383,1.383,1.383,1.383,1.383,1.383,1.383,1.383,1.383,1.383,1.383,1.383,1.383,1.383,1.383,1.383
2012-10-10 12:00:00,1.535,1.535,1.535,1.535,1.535,1.535,1.535,1.535,1.535,1.535,1.535,1.535,1.535,1.535,1.535,1.535,1.535
2012-10-10 13:00:00,1.868,1.868,1.868,1.868,1.868,1.868,1.868,1.868,1.868,1.868,1.868,1.868,1.868,1.868,1.868,1.868,1.868
2012-10-10 14:00:00,2.141,2.141,2.141,2.141,2.141,2.141,2.141,2.141,2.141,2.141,2.141,2.141,2.141,2.141,2.141,2.141,2.141
2012-10-10 15:00:00,2.141,2.141,2.141,2.141,2.141,2.141,2.141,2.141,2.141,2.141,2.141,2.141,2.141,2.141,2.141,2.141,2.141
2012-10-10 16:00:00,1.728,1.728,1.728,1.728,1.728,1.728,1.728,1.728,1.728,1.728,1.728,1.728,1.728,1.728,1.728,1.728,1.728
2012-10-10 17:00:00,1.333,1.333,1.333,1.333,1.333,1.333,1.333,1.333,1.333,1.333,1.333,1.333,1.333,1.333,1.333,1.333,1.333
2012-10-10 18:00:00,1.04,1.04,1.04,1.04,1.04,1.04,1.04,1.04,1.04,1.04,1.04,1.04,1.04,1.04,1.04,1.04,1.04
2012-10-10 19:00:00,0.808,0.808,0.808,0.808,0.808,0.808,0.808,0.808,0.808,0.808,0.808,0.808,0.808,0.808,0.808,0.808,0.808
2012-10-10 20:00:00,0.616,0.616,0.616,0.616,0.616,0.616,0.616,0.616,0.616,0.616,0.616,0.616,0.616,0.616,0.616,0.616,0.616
2012-10-10 21:00:00,0.434,0.434,0.434,0.434,0.434,0.434,0.434,0.434,0.434,0.434,0.434,0.434,0.434,0.434,0.434,0.434,0.434
2012-10-10 22:00:00,0.223,0.223,0.223,0.223,0.223,0.223,0.223,0.223,0.223,0.223,0.223,0.223,0.223,0.223,0.223,0.223,0.223
2012-10-10 23:00:00,0.132,0.132,0.132,0.132,0.132,0.132,0.132,0.132,0.132,0.132,0.132,0.132,0.132,0.132,0.132,0.132,0.132
2012-10-11 00:00:00,0.101,0.101,0.101,0.101,0.101,0.101,0.101,0.101,0.101,0.101,0.101,0.101,0.101,0.101,0.101,0.101,0.101
2012-10-11 01:00:00,0.091,0.091,0.091,0.091,0.091,0.091,0.091,0.091,0.091,0.091,0.091,0.091,0.091,0.091,0.091,0.091,0.091
2012-10-11 02:00:00,0.111,0.111,0.111,0.111,0.111,0.111,0.111,0.111,0.111,0.111,0.111,0.111,0.111,0.111,0.111,0.111,0.111
2012-10-11 03:00:00,0.213,0.213,0.213,0.213,0.213,0.213,0.213,0.213,0.213,0.213,0.213,0.213,0.213,0.213,0.213,0.213,0.213
2012-10-11 04:00:00,0.697,0.697,0.697,0.697,0.697,0.697,0.697,0.697,0.697,0.697,0.697,0.697,0.697,0.697,0.697,0.697,0.697
2012-10-11 05:00:00,1.333,1.333,1.333,1.333,1.333,1.333,1.333,1.333,1.333,1.333,1.333,1.333,1.333,1.333,1.333,1.333,1.333
2012-10-11 06:00:00,1.818,1.818,1.818,1.818,1.818,1.818,1.818,1.818,1.818,1.818,1.818,1.818,1.818,1.818,1.818,1.818,1.818
2012-10-11 07:00:00,1.657,1.657,1.657,1.657,1.657,1.657,1.657,1.657,1.657,1.657,1.657,1.657,1.657,1.657,1.657,1.657,1.657
2012-10-11 08:00:00,1.373,1.373,1.373,1.373,1.373,1.373,1.373,1.373,1.373,1.373,1.373,1.373,1.373,1.373,1.373,1.373,1.373
2012-10-11 09:00:00,1.333,1.333,1.333,1.333,1.333,1.333,1.333,1.333,1.333,1.333,1.333,1.333,1.333,1.333,1.333,1.333,1.333
2012-10-11 10:00:00,1.363,1.363,1.363,1.363,1.363,1.363,1.363,1.363,1.363,1.363,1.363,1.363,1.363,1.363,1.363,1.363,1.363
2012-10-11 11:00:00,1.414,1.414,1.414,1.414,1.414,1.414,1.414,1.414,1.414,1.414,1.414,1.414,1.414,1.414,1.414,1.414,1.414
2012-10-11 12:00:00,1.566,1.566,1.566,1.566,1.566,1.566,1.566,1.566,1.566,1.566,1.566,1.566,1.566,1.566,1.566,1.566,1.566
2012-10-11 13:00:00,1.919,1.919,1.919,1.919,1.919,1.919,1.919,1.919,1.919,1.919,1.919,1.919,1.919,1.919,1.919,1.919,1.919
2012-10-11 14:00:00,2.202,2.202,2.202,2.202,2.202,2.202,2.202,2.202,2.202,2.202,2.202,2.202,2.202,2.202,2.202,2.202,2.202
2012-10-11 15:00:00,2.202,2.202,2.202,2.202,2.202,2.202,2.202,2.202,2.202,2.202,2.202,2.202,2.202,2.202,2.202,2.202,2.202
2012-10-11 16:00:00,1.767,1.767,1.767,1.767,1.767,1.767,1.767,1.767,1.767,1.767,1.767,1.767,1.767,1.767,1.767,1.767,1.767
2012-10-11 17:00:00,1.373,1.373,1.373,1.373,1.373,1.373,1.373,1.373,1.373,1.373,1.373,1.373,1.373,1.373,1.373,1.373,1.373
2012-10-11 18:00:00,1.071,1.071,1.071,1.071,1.071,1.071,1.071,1.071,1.071,1.071,1.071,1.071,1.071,1.071,1.071,1.071,1.071
2012-10-11 19:00:00,0.828,0.828,0.828,0.828,0.828,0.828,0.828,0.828,0.828,0.828,0.828,0.828,0.828,0.828,0.828,0.828,0.828
2012-10-11 20:00:00,0.626,0.626,0.626,0.626,0.626,0.626,0.626,0.626,0.626,0.626,0.626,0.626,0.626,0.626,0.626,0.626,0.626
2012-10-11 21:00:00,0.444,0.444,0.444,0.444,0.444,0.444,0.444,0.444,0.444,0.444,0.444,0.444,0.444,0.444,0.444,0.444,0.444
2012-10-11 22:00:00,0.233,0.233,0.233,0.233,0.233,0.233,0.233,0.233,0.233,0.233,0.233,0.233,0.233,0.233,0.233,0.233,0.233
2012-10-11 23:00:00,0.132,0.132,0.132,0.132,0.132,0.132,0.132,0.132,0.132,0.132,0.132,0.132,0.132,0.132,0.132,0.132,0.132
2012-10-12 00:00:00,0.101,0.101,0.101,0.101,0.101,0.101,0.101,0.101,0.101,0.101,0.101,0.101,0.101,0.101,0.101,0.101,0.101
2012-10-12 01:00:00,0.101,0.101,0.101,0.101,0.101,0.101,0.101,0.101,0.101,0.101,0.101,0.101,0.101,0.101,0.101,0.101,0.101
2012-10-12 02:00:00,0.111,0.111,0.111,0.111,0.111,0.111,0.111,0.111,0.111,0.111,0.111,0.111,0.111,0.111,0.111,0.111,0.111
2012-10-12 03:00:00,0.223,0.223,0.223,0.223,0.223,0.223,0.223,0.223,0.223,0.223,0.223,0.223,0.223,0.223,0.223,0.223,0.223
2012-10-12 04:00:00,0.728,0.728,0.728,0.728,0.728,0.728,0.728,0.728,0.728,0.728,0.728,0.728,0.728,0.728,0.728,0.728,0.728
2012-10-12 05:00:00,1.373,1.373,1.373,1.373,1.373,1.373,1.373,1.373,1.373,1.373,1.373,1.373,1.373,1.373,1.373,1.373,1.373
2012-10-12 06:00:00,1.878,1.878,1.878,1.878,1.878,1.878,1.878,1.878,1.878,1.878,1.878,1.878,1.878,1.878,1.878,1.878,1.878
2012-10-12 07:00:00,1.707,1.707,1.707,1.707,1.707,1.707,1.707,1.707,1.707,1.707,1.707,1.707,1.707,1.707,1.707,1.707,1.707
2012-10-12 08:00:00,1.424,1.424,1.424,1.424,1.424,1.424,1.424,1.424,1.424,1.424,1.424,1.424,1.424,1.424,1.424,1.424,1.424
2012-10-12 09:00:00,1.373,1.373,1.373,1.373,1.373,1.373,1.373,1.373,1.373,1.373,1.373,1.373,1.373,1.373,1.373,1.373,1.373
2012-10-12 10:00:00,1.414,1.414,1.414,1.414,1.414,1.414,1.414,1.414,1.414,1.414,1.414,1.414,1.414,1.414,1.414,1.414,1.414
2012-10-12 11:00:00,1.464,1.464,1.464,1.464,1.464,1.464,1.464,1.464,1.464,1.464,1.464,1.464,1.464,1.464,1.464,1.464,1.464
2012-10-12 12:00:00,1.626,1.626,1.626,1.626,1.626,1.626,1.626,1.626,1.626,1.626,1.626,1.626,1.626,1.626,1.626,1.626,1.626
2012-10-12 13:00:00,1.99,1.99,1.99,1.99,1.99,1.99,1.99,1.99,1.99,1.99,1.99,1.99,1.99,1.99,1.99,1.99,1.99
2012-10-12 14:00:00,2.272,2.272,2.272,2.272,2.272,2.272,2.272,2.272,2.272,2.272,2.272,2.272,2.272,2.272,2.272,2.272,2.272
2012-10-12 15:00:00,2.272,2.272,2.272,2.272,2.272,2.272,2.272,2.272,2.272,2.272,2.272,2.272,2.272,2.272,2.272,2.272,2.272
2012-10-12 16:00:00,1.828,1.828,1.828,1.828,1.828,1.828,1.828,1.828,1.828,1.828,1.828,1.828,1.828,1.828,1.828,1.828,1.828
2012-10-12 17:00:00,1.414,1.414,1.414,1.414,1.414,1.414,1.414,1.414,1.414,1.414,1.414,1.414,1.414,1.414,1.414,1.414,1.414
2012-10-12 18:00:00,1.111,1.111,1.111,1.111,1.111,1.111,1.111,1.111,1.111,1.111,1.111,1.111,1.111,1.111,1.111,1.111,1.111
2012-10-12 19:00:00,0.848,0.848,0.848,0.848,0.848,0.848,0.848,0.848,0.848,0.848,0.848,0.848,0.848,0.848,0.848,0.848,0.848
2012-10-12 20:00:00,0.647,0.647,0.647,0.647,0.647,0.647,0.647,0.647,0.647,0.647,0.647,0.647,0.647,0.647,0.647,0.647,0.647
2012-10-12 21:00:00,0.465,0.465,0.465,0.465,0.465,0.465,0.465,0.465,0.465,0.465,0.465,0.465,0.465,0.465,0.465,0.465,0.465
2012-10-12 22:00:00,0.243,0.243,0.243,0.243,0.243,0.243,0.243,0.243,0.243,0.243,0.243,0.243,0.243,0.243,0.243,0.243,0.243
2012-10-12 23:00:00,0.142,0.142,0.142,0.142,0.142,0.142,0.142,0.142,0.142,0.142,0.142,0.142,0.142,0.142,0.142,0.142,0.142
2012-10-13 00:00:00,0.111,0.111,0.111,0.111,0.111,0.111,0.111,0.111,0.111,0.111,0.111,0.111,0.111,0.111,0.111,0.111,0.111
2012-10-13 01:00:00,0.101,0.101,0.101,0.101,0.101,0.101,0.101,0.101,0.101,0.101,0.101,0.101,0.101,0.101,0.101,0.101,0.101
2012-10-13 02:00:00,0.121,0.121,0.121,0.121,0.121,0.121,0.121,0.121,0.121,0.121,0.121,0.121,0.121,0.121,0.121,0.121,0.121
2012-10-13 03:00:00,0.233,0.233,0.233,0.233,0.233,0.233,0.233,0.233,0.233,0.233,0.233,0.233,0.233,0.233,0.233,0.233,0.233
2012-10-13 04:00:00,0.777,0.777,0.777,0.777,0.777,0.777,0.777,0.777,0.777,0.777,0.777,0.777,0.777,0.777,0.777,0.777,0.777
2012-10-13 05:00:00,1.464,1.464,1.464,1.464,1.464,1.464,1.464,1.464,1.464,1.464,1.464,1.464,1.464,1.464,1.464,1.464,1.464
2012-10-13 06:00:00,2.01,2.01,2.01,2.01,2.01,2.01,2.01,2.01,2.01,2.01,2.01,2.01,2.01,2.01,2.01,2.01,2.01
2012-10-13 07:00:00,1.828,1.828,1.828,1.828,1.828,1.828,1.828,1.828,1.828,1.828,1.828,1.828,1.828,1.828,1.828,1.828,1.828
2012-10-13 08:00:00,1.515,1.515,1.515,1.515,1.515,1.515,1.515,1.515,1.515,1.515,1.515,1.515,1.515,1.515,1.515,1.515,1.515
2012-10-13 09:00:00,1.464,1.464,1.464,1.464,1.464,1.464,1.464,1.464,1.464,1.464,1.464,1.464,1.464,1.464,1.464,1.464,1.464
2012-10-13 10:00:00,1.505,1.505,1.505,1.505,1.505,1.505,1.505,1.505,1.505,1.505,1.505,1.505,1.505,1.505,1.505,1.505,1.505
2012-10-13 11:00:00,1.566,1.566,1.566,1.566,1.566,1.566,1.566,1.566,1.566,1.566,1.566,1.566,1.566,1.566,1.566,1.566,1.566
2012-10-13 12:00:00,1.738,1.738,1.738,1.738,1.738,1.738,1.738,1.738,1.738,1.738,1.738,1.738,1.738,1.738,1.738,1.738,1.738
2012-10-13 13:00:00,2.121,2.121,2.121,2.121,2.121,2.121,2.121,2.121,2.121,2.121,2.121,2.121,2.121,2.121,2.121,2.121,2.121
2012-10-13 14:00:00,2.424,2.424,2.424,2.424,2.424,2.424,2.424,2.424,2.424,2.424,2.424,2.424,2.424,2.424,2.424,2.424,2.424
2012-10-13 15:00:00,2.424,2.424,2.424,2.424,2.424,2.424,2.424,2.424,2.424,2.424,2.424,2.424,2.424,2.424,2.424,2.424,2.424
2012-10-13 16:00:00,1.949,1.949,1.949,1.949,1.949,1.949,1.949,1.949,1.949,1.949,1.949,1.949,1.949,1.949,1.949,1.949,1.949
2012-10-13 17:00:00,1.515,1.515,1.515,1.515,1.515,1.515,1.515,1.515,1.515,1.515,1.515,1.515,1.515,1.515,1.515,1.515,1.515
2012-10-13 18:00:00,1.182,1.182,1.182,1.182,1.182,1.182,1.182,1.182,1.182,1.182,1.182,1.182,1.182,1.182,1.182,1.182,1.182
2012-10-13 19:00:00,0.909,0.909,0.909,0.909,0.909,0.909,0.909,0.909,0.909,0.909,0.909,0.909,0.909,0.909,0.909,0.909,0.909
2012-10-13 20:00:00,0.697,0.697,0.697,0.697,0.697,0.697,0.697,0.697,0.697,0.697,0.697,0.697,0.697,0.697,0.697,0.697,0.697
2012-10-13 21:00:00,0.495,0.495,0.495,0.495,0.495,0.495,0.495,0.495,0.495,0.495,0.495,0.495,0.495,0.495,0.495,0.495,0.495
2012-10-13 22:00:00,0.252,0.252,0.252,0.252,0.252,0.252,0.252,0.252,0.252,0.252,0.252,0.252,0.252,0.252,0.252,0.252,0.252
2012-10-13 23:00:00,0.272,0.272,0.272,0.272,0.272,0.272,0.272,0.272,0.272,0.272,0.272,0.272,0.272,0.272,0.272,0.272,0.272
2012-10-14 00:00:00,0.213,0.213,0.213,0.213,0.213,0.213,0.213,0.213,0.213,0.213,0.213,0.213,0.213,0.213,0.213,0.213,0.213
2012-10-14 01:00:00,0.182,0.182,0.182,0.182,0.182,0.182,0.182,0.182,0.182,0.182,0.182,0.182,0.182,0.182,0.182,0.182,0.182
2012-10-14 02:00:00,0.172,0.172,0.172,0.172,0.172,0.172,0.172,0.172,0.172,0.172,0.172,0.172,0.172,0.172,0.172,0.172,0.172
2012-10-14 03:00:00,0.223,0.223,0.223,0.223,0.223,0.223,0.223,0.223,0.223,0.223,0.223,0.223,0.223,0.223,0.223,0.223,0.223
2012-10-14 04:00:00,0.384,0.384,0.384,0.384,0.384,0.384,0.384,0.384,0.384,0.384,0.384,0.384,0.384,0.384,0.384,0.384,0.384
2012-10-14 05:00:00,0.545,0.545,0.545,0.545,0.545,0.545,0.545,0.545,0.545,0.545,0.545,0.545,0.545,0.545,0.545,0.545,0.545
2012-10-14 06:00:00,0.697,0.697,0.697,0.697,0.697,0.697,0.697,0.697,0.697,0.697,0.697,0.697,0.697,0.697,0.697,0.697,0.697
2012-10-14 07:00:00,0.939,0.939,0.939,0.939,0.939,0.939,0.939,0.939,0.939,0.939,0.939,0.939,0.939,0.939,0.939,0.939,0.939
2012-10-14 08:00:00,1.192,1.192,1.192,1.192,1.192,1.192,1.192,1.192,1.192,1.192,1.192,1.192,1.192,1.192,1.192,1.192,1.192
2012-10-14 09:00:00,1.505,1.505,1.505,1.505,1.505,1.505,1.505,1.505,1.505,1.505,1.505,1.505,1.505,1.505,1.505,1.505,1.505
2012-10-14 10:00:00,1.636,1.636,1.636,1.636,1.636,1.636,1.636,1.636,1.636,1.636,1.636,1.636,1.636,1.636,1.636,1.636,1.636
2012-10-14 11:00:00,1.717,1.717,1.717,1.717,1.717,1.717,1.717,1.717,1.717,1.717,1.717,1.717,1.717,1.717,1.717,1.717,1.717
2012-10-14 12:00:00,1.738,1.738,1.738,1.738,1.738,1.738,1.738,1.738,1.738,1.738,1.738,1.738,1.738,1.738,1.738,1.738,1.738
2012-10-14 13:00:00,1.707,1.707,1.707,1.707,1.707,1.707,1.707,1.707,1.707,1.707,1.707,1.707,1.707,1.707,1.707,1.707,1.707
2012-10-14 14:00:00,1.616,1.616,1.616,1.616,1.616,1.616,1.616,1.616,1.616,1.616,1.616,1.616,1.616,1.616,1.616,1.616,1.616
2012-10-14 15:00:00,1.485,1.485,1.485,1.485,1.485,1.485,1.485,1.485,1.485,1.485,1.485,1.485,1.485,1.485,1.485,1.485,1.485
2012-10-14 16:00:00,1.363,1.363,1.363,1.363,1.363,1.363,1.363,1.363,1.363,1.363,1.363,1.363,1.363,1.363,1.363,1.363,1.363
2012-10-14 17:00:00,1.212,1.212,1.212,1.212,1.212,1.212,1.212,1.212,1.212,1.212,1.212,1.212,1.212,1.212,1.212,1.212,1.212
2012-10-14 18:00:00,1.061,1.061,1.061,1.061,1.061,1.061,1.061,1.061,1.061,1.061,1.061,1.061,1.061,1.061,1.061,1.061,1.061
2012-10-14 19:00:00,0.868,0.868,0.868,0.868,0.868,0.868,0.868,0.868,0.868,0.868,0.868,0.868,0.868,0.868,0.868,0.868,0.868
2012-10-14 20:00:00,0.667,0.667,0.667,0.667,0.667,0.667,0.667,0.667,0.667,0.667,0.667,0.667,0.667,0.667,0.667,0.667,0.667
2012-10-14 21:00:00,0.485,0.485,0.485,0.485,0.485,0.485,0.485,0.485,0.485,0.485,0.485,0.485,0.485,0.485,0.485,0.485,0.485
2012-10-14 22:00:00,0.323,0.323,0.323,0.323,0.323,0.323,0.323,0.323,0.323,0.323,0.323,0.323,0.323,0.323,0.323,0.323,0.323
2012-10-14 23:00:00,0.243,0.243,0.243,0.243,0.243,0.243,0.243,0.243,0.243,0.243,0.243,0.243,0.243,0.243,0.243,0.243,0.243
2012-10-15 00:00:00,0.202,0.202,0.202,0.202,0.202,0.202,0.202,0.202,0.202,0.202,0.202,0.202,0.202,0.202,0.202,0.202,0.202
2012-10-15 01:00:00,0.162,0.162,0.162,0.162,0.162,0.162,0.162,0.162,0.162,0.162,0.162,0.162,0.162,0.162,0.162,0.162,0.162
2012-10-15 02:00:00,0.132,0.132,0.132,0.132,0.132,0.132,0.132,0.132,0.132,0.132,0.132,0.132,0.132,0.132,0.132,0.132,0.132
2012-10-15 03:00:00,0.142,0.142,0.142,0.142,0.142,0.142,0.142,0.142,0.142,0.142,0.142,0.142,0.142,0.142,0.142,0.142,0.142
2012-10-15 04:00:00,0.233,0.233,0.233,0.233,0.233,0.233,0.233,0.233,0.233,0.233,0.233,0.233,0.233,0.233,0.233,0.233,0.233
2012-10-15 05:00:00,0.333,0.333,0.333,0.333,0.333,0.333,0.333,0.333,0.333,0.333,0.333,0.333,0.333,0.333,0.333,0.333,0.333
2012-10-15 06:00:00,0.444,0.444,0.444,0.444,0.444,0.444,0.444,0.444,0.444,0.444,0.444,0.444,0.444,0.444,0.444,0.444,0.444
2012-10-15 07:00:00,0.596,0.596,0.596,0.596,0.596,0.596,0.596,0.596,0.596,0.596,0.596,0.596,0.596,0.596,0.596,0.596,0.596
2012-10-15 08:00:00,0.838,0.838,0.838,0.838,0.838,0.838,0.838,0.838,0.838,0.838,0.838,0.838,0.838,0.838,0.838,0.838,0.838
2012-10-15 09:00:00,1.111,1.111,1.111,1.111,1.111,1.111,1.111,1.111,1.111,1.111,1.111,1.111,1.111,1.111,1.111,1.111,1.111
2012-10-15 10:00:00,1.333,1.333,1.333,1.333,1.333,1.333,1.333,1.333,1.333,1.333,1.333,1.333,1.333,1.333,1.333,1.333,1.333
2012-10-15 11:00:00,1.485,1.485,1.485,1.485,1.485,1.485,1.485,1.485,1.485,1.485,1.485,1.485,1.485,1.485,1.485,1.485,1.485
2012-10-15 12:00:00,1.566,1.566,1.566,1.566,1.566,1.566,1.566,1.566,1.566,1.566,1.566,1.566,1.566,1.566,1.566,1.566,1.566
2012-10-15 13:00:00,1.657,1.657,1.657,1.657,1.657,1.657,1.657,1.657,1.657,1.657,1.657,1.657,1.657,1.657,1.657,1.657,1.657
2012-10-15 14:00:00,1.667,1.667,1.667,1.667,1.667,1.667,1.667,1.667,1.667,1.667,1.667,1.667,1.667,1.667,1.667,1.667,1.667
2012-10-15 15:00:00,1.687,1.687,1.687,1.687,1.687,1.687,1.687,1.687,1.687,1.687,1.687,1.687,1.687,1.687,1.687,1.687,1.687
2012-10-15 16:00:00,1.647,1.647,1.647,1.647,1.647,1.647,1.647,1.647,1.647,1.647,1.647,1.647,1.647,1.647,1.647,1.647,1.647
2012-10-15 17:00:00,1.576,1.576,1.576,1.576,1.576,1.576,1.576,1.576,1.576,1.576,1.576,1.576,1.576,1.576,1.576,1.576,1.576
2012-10-15 18:00:00,1.394,1.394,1.394,1.394,1.394,1.394,1.394,1.394,1.394,1.394,1.394,1.394,1.394,1.394,1.394,1.394,1.394
2012-10-15 19:00:00,1.091,1.091,1.091,1.091,1.091,1.091,1.091,1.091,1.091,1.091,1.091,1.091,1.091,1.091,1.091,1.091,1.091
2012-10-15 20:00:00,0.767,0.767,0.767,0.767,0.767,0.767,0.767,0.767,0.767,0.767,0.767,0.767,0.767,0.767,0.767,0.767,0.767
2012-10-15 21:00:00,0.475,0.475,0.475,0.475,0.475,0.475,0.475,0.475,0.475,0.475,0.475,0.475,0.475,0.475,0.475,0.475,0.475
2012-10-15 22:00:00,0.262,0.262,0.262,0.262,0.262,0.262,0.262,0.262,0.262,0.262,0.262,0.262,0.262,0.262,0.262,0.262,0.262
2012-10-15 23:00:00,0.132,0.132,0.132,0.132,0.132,0.132,0.132,0.132,0.132,0.132,0.132,0.132,0.132,0.132,0.132,0.132,0.132
2012-10-16 00:00:00,0.101,0.101,0.101,0.101,0.101,0.101,0.101,0.101,0.101,0.101,0.101,0.101,0.101,0.101,0.101,0.101,0.101
2012-10-16 01:00:00,0.091,0.091,0.091,0.091,0.091,0.091,0.091,0.091,0.091,0.091,0.091,0.091,0.091,0.091,0.091,0.091,0.091
2012-10-16 02:00:00,0.111,0.111,0.111,0.111,0.111,0.111,0.111,0.111,0.111,0.111,0.111,0.111,0.111,0.111,0.111,0.111,0.111
2012-10-16 03:00:00,0.213,0.213,0.213,0.213,0.213,0.213,0.213,0.213,0.213,0.213,0.213,0.213,0.213,0.213,0.213,0.213,0.213
2012-10-16 04:00:00,0.707,0.707,0.707,0.707,0.707,0.707,0.707,0.707,0.707,0.707,0.707,0.707,0.707,0.707,0.707,0.707,0.707
2012-10-16 05:00:00,1.333,1.333,1.333,1.333,1.333,1.333,1.333,1.333,1.333,1.333,1.333,1.333,1.333,1.333,1.333,1.333,1.333
2012-10-16 06:00:00,1.828,1.828,1.828,1.828,1.828,1.828,1.828,1.828,1.828,1.828,1.828,1.828,1.828,1.828,1.828,1.828,1.828
2012-10-16 07:00:00,1.667,1.667,1.667,1.667,1.667,1.667,1.667,1.667,1.667,1.667,1.667,1.667,1.667,1.667,1.667,1.667,1.667
2012-10-16 08:00:00,1.383,1.383,1.383,1.383,1.383,1.383,1.383,1.383,1.383,1.383,1.383,1.383,1.383,1.383,1.383,1.383,1.383
2012-10-16 09:00:00,1.333,1.333,1.333,1.333,1.333,1.333,1.333,1.333,1.333,1.333,1.333,1.333,1.333,1.333,1.333,1.333,1.333
2012-10-16 10:00:00,1.373,1.373,1.373,1.373,1.373,1.373,1.373,1.373,1.373,1.373,1.373,1.373,1.373,1.373,1.373,1.373,1.373
2012-10-16 11:00:00,1.424,1.424,1.424,1.424,1.424,1.424,1.424,1.424,1.424,1.424,1.424,1.424,1.424,1.424,1.424,1.424,1.424
2012-10-16 12:00:00,1.576,1.576,1.576,1.576,1.576,1.576,1.576,1.576,1.576,1.576,1.576,1.576,1.576,1.576,1.576,1.576,1.576
2012-10-16 13:00:00,1.929,1.929,1.929,1.929,1.929,1.929,1.929,1.929,1.929,1.929,1.929,1.929,1.929,1.929,1.929,1.929,1.929
2012-10-16 14:00:00,2.212,2.212,2.212,2.212,2.212,2.212,2.212,2.212,2.212,2.212,2.212,2.212,2.212,2.212,2.212,2.212,2.212
2012-10-16 15:00:00,2.212,2.212,2.212,2.212,2.212,2.212,2.212,2.212,2.212,2.212,2.212,2.212,2.212,2.212,2.212,2.212,2.212
2012-10-16 16:00:00,1.777,1.777,1.777,1.777,1.777,1.777,1.777,1.777,1.777,1.777,1.777,1.777,1.777,1.777,1.777,1.777,1.777
2012-10-16 17:00:00,1.373,1.373,1.373,1.373,1.373,1.373,1.373,1.373,1.373,1.373,1.373,1.373,1.373,1.373,1.373,1.373,1.373
2012-10-16 18:00:00,1.081,1.081,1.081,1.081,1.081,1.081,1.081,1.081,1.081,1.081,1.081,1.081,1.081,1.081,1.081,1.081,1.081
2012-10-16 19:00:00,0.828,0.828,0.828,0.828,0.828,0.828,0.828,0.828,0.828,0.828,0.828,0.828,0.828,0.828,0.828,0.828,0.828
2012-10-16 20:00:00,0.626,0.626,0.626,0.626,0.626,0.626,0.626,0.626,0.626,0.626,0.626,0.626,0.626,0.626,0.626,0.626,0.626
2012-10-16 21:00:00,0.444,0.444,0.444,0.444,0.444,0.444,0.444,0.444,0.444,0.444,0.444,0.444,0.444,0.444,0.444,0.444,0.444
2012-10-16 22:00:00,0.233,0.233,0.233,0.233,0.233,0.233,0.233,0.233,0.233,0.233,0.233,0.233,0.233,0.233,0.233,0.233,0.233
2012-10-16 23:00:00,0.121,0.121,0.121,0.121,0.121,0.121,0.121,0.121,0.121,0.121,0.121,0.121,0.121,0.121,0.121,0.121,0.121
2012-10-17 00:00:00,0.091,0.091,0.091,0.091,0.091,0.091,0.091,0.091,0.091,0.091,0.091,0.091,0.091,0.091,0.091,0.091,0.091
2012-10-17 01:00:00,0.091,0.091,0.091,0.091,0.091,0.091,0.091,0.091,0.091,0.091,0.091,0.091,0.091,0.091,0.091,0.091,0.091
2012-10-17 02:00:00,0.111,0.111,0.111,0.111,0.111,0.111,0.111,0.111,0.111,0.111,0.111,0.111,0.111,0.111,0.111,0.111,0.111
2012-10-17 03:00:00,0.202,0.202,0.202,0.202,0.202,0.202,0.202,0.202,0.202,0.202,0.202,0.202,0.202,0.202,0.202,0.202,0.202
2012-10-17 04:00:00,0.687,0.687,0.687,0.687,0.687,0.687,0.687,0.687,0.687,0.687,0.687,0.687,0.687,0.687,0.687,0.687,0.687
2012-10-17 05:00:00,1.292,1.292,1.292,1.292,1.292,1.292,1.292,1.292,1.292,1.292,1.292,1.292,1.292,1.292,1.292,1.292,1.292
2012-10-17 06:00:00,1.777,1.777,1.777,1.777,1.777,1.777,1.777,1.777,1.777,1.777,1.777,1.777,1.777,1.777,1.777,1.777,1.777
2012-10-17 07:00:00,1.616,1.616,1.616,1.616,1.616,1.616,1.616,1.616,1.616,1.616,1.616,1.616,1.616,1.616,1.616,1.616,1.616
2012-10-17 08:00:00,1.343,1.343,1.343,1.343,1.343,1.343,1.343,1.343,1.343,1.343,1.343,1.343,1.343,1.343,1.343,1.343,1.343
2012-10-17 09:00:00,1.292,1.292,1.292,1.292,1.292,1.292,1.292,1.292,1.292,1.292,1.292,1.292,1.292,1.292,1.292,1.292,1.292
2012-10-17 10:00:00,1.333,1.333,1.333,1.333,1.333,1.333,1.333,1.333,1.333,1.333,1.333,1.333,1.333,1.333,1.333,1.333,1.333
2012-10-17 11:00:00,1.383,1.383,1.383,1.383,1.383,1.383,1.383,1.383,1.383,1.383,1.383,1.383,1.383,1.383,1.383,1.383,1.383
2012-10-17 12:00:00,1.535,1.535,1.535,1.535,1.535,1.535,1.535,1.535,1.535,1.535,1.535,1.535,1.535,1.535,1.535,1.535,1.535
2012-10-17 13:00:00,1.868,1.868,1.868,1.868,1.868,1.868,1.868,1.868,1.868,1.868,1.868,1.868,1.868,1.868,1.868,1.868,1.868
2012-10-17 14:00:00,2.141,2.141,2.141,2.141,2.141,2.141,2.141,2.141,2.141,2.141,2.141,2.141,2.141,2.141,2.141,2.141,2.141
2012-10-17 15:00:00,2.141,2.141,2.141,2.141,2.141,2.141,2.141,2.141,2.141,2.141,2.141,2.141,2.141,2.141,2.141,2.141,2.141
2012-10-17 16:00:00,1.728,1.728,1.728,1.728,1.728,1.728,1.728,1.728,1.728,1.728,1.728,1.728,1.728,1.728,1.728,1.728,1.728
2012-10-17 17:00:00,1.333,1.333,1.333,1.333,1.333,1.333,1.333,1.333,1.333,1.333,1.333,1.333,1.333,1.333,1.333,1.333,1.333
2012-10-17 18:00:00,1.04,1.04,1.04,1.04,1.04,1.04,1.04,1.04,1.04,1.04,1.04,1.04,1.04,1.04,1.04,1.04,1.04
2012-10-17 19:00:00,0.808,0.808,0.808,0.808,0.808,0.808,0.808,0.808,0.808,0.808,0.808,0.808,0.808,0.808,0.808,0.808,0.808
2012-10-17 20:00:00,0.616,0.616,0.616,0.616,0.616,0.616,0.616,0.616,0.616,0.616,0.616,0.616,0.616,0.616,0.616,0.616,0.616
2012-10-17 21:00:00,0.434,0.434,0.434,0.434,0.434,0.434,0.434,0.434,0.434,0.434,0.434,0.434,0.434,0.434,0.434,0.434,0.434
2012-10-17 22:00:00,0.223,0.223,0.223,0.223,0.223,0.223,0.223,0.223,0.223,0.223,0.223,0.223,0.223,0.223,0.223,0.223,0.223
2012-10-17 23:00:00,0.132,0.132,0.132,0.132,0.132,0.132,0.132,0.132,0.132,0.132,0.132,0.132,0.132,0.132,0.132,0.132,0.132
2012-10-18 00:00:00,0.101,0.101,0.101,0.101,0.101,0.101,0.101,0.101,0.101,0.101,0.101,0.101,0.101,0.101,0.101,0.101,0.101
2012-10-18 01:00:00,0.091,0.091,0.091,0.091,0.091,0.091,0.091,0.091,0.091,0.091,0.091,0.091,0.091,0.091,0.091,0.091,0.091
2012-10-18 02:00:00,0.111,0.111,0.111,0.111,0.111,0.111,0.111,0.111,0.111,0.111,0.111,0.111,0.111,0.111,0.111,0.111,0.111
2012-10-18 03:00:00,0.213,0.213,0.213,0.213,0.213,0.213,0.213,0.213,0.213,0.213,0.213,0.213,0.213,0.213,0.213,0.213,0.213
2012-10-18 04:00:00,0.697,0.697,0.697,0.697,0.697,0.697,0.697,0.697,0.697,0.697,0.697,0.697,0.697,0.697,0.697,0.697,0.697
2012-10-18 05:00:00,1.333,1.333,1.333,1.333,1.333,1.333,1.333,1.333,1.333,1.333,1.333,1.333,1.333,1.333,1.333,1.333,1.333
2012-10-18 06:00:00,1.818,1.818,1.818,1.818,1.818,1.818,1.818,1.818,1.818,1.818,1.818,1.818,1.818,1.818,1.818,1.818,1.818
2012-10-18 07:00:00,1.657,1.657,1.657,1.657,1.657,1.657,1.657,1.657,1.657,1.657,1.657,1.657,1.657,1.657,1.657,1.657,1.657
2012-10-18 08:00:00,1.373,1.373,1.373,1.373,1.373,1.373,1.373,1.373,1.373,1.373,1.373,1.373,1.373,1.373,1.373,1.373,1.373
2012-10-18 09:00:00,1.333,1.333,1.333,1.333,1.333,1.333,1.333,1.333,1.333,1.333,1.333,1.333,1.333,1.333,1.333,1.333,1.333
2012-10-18 10:00:00,1.363,1.363,1.363,1.363,1.363,1.363,1.363,1.363,1.363,1.363,1.363,1.363,1.363,1.363,1.363,1.363,1.363
2012-10-18 11:00:00,1.414,1.414,1.414,1.414,1.414,1.414,1.414,1.414,1.414,1.414,1.414,1.414,1.414,1.414,1.414,1.414,1.414
2012-10-18 12:00:00,1.566,1.566,1.566,1.566,1.566,1.566,1.566,1.566,1.566,1.566,1.566,1.566,1.566,1.566,1.566,1.566,1.566
2012-10-18 13:00:00,1.919,1.919,1.919,1.919,1.919,1.919,1.919,1.919,1.919,1.919,1.919,1.919,1.919,1.919,1.919,1.919,1.919
2012-10-18 14:00:00,2.202,2.202,2.202,2.202,2.202,2.202,2.202,2.202,2.202,2.202,2.202,2.202,2.202,2.202,2.202,2.202,2.202
2012-10-18 15:00:00,2.202,2.202,2.202,2.202,2.202,2.202,2.202,2.202,2.202,2.202,2.202,2.202,2.202,2.202,2.202,2.202,2.202
2012-10-18 16:00:00,1.767,1.767,1.767,1.767,1.767,1.767,1.767,1.767,1.767,1.767,1.767,1.767,1.767,1.767,1.767,1.767,1.767
2012-10-18 17:00:00,1.373,1.373,1.373,1.373,1.373,1.373,1.373,1.373,1.373,1.373,1.373,1.373,1.373,1.373,1.373,1.373,1.373
2012-10-18 18:00:00,1.071,1.071,1.071,1.071,1.071,1.071,1.071,1.071,1.071,1.071,1.071,1.071,1.071,1.071,1.071,1.071,1.071
2012-10-18 19:00:00,0.828,0.828,0.828,0.828,0.828,0.828,0.828,0.828,0.828,0.828,0.828,0.828,0.828,0.828,0.828,0.828,0.828
2012-10-18 20:00:00,0.626,0.626,0.626,0.626,0.626,0.626,0.626,0.626,0.626,0.626,0.626,0.626,0.626,0.626,0.626,0.626,0.626
2012-10-18 21:00:00,0.444,0.444,0.444,0.444,0.444,0.444,0.444,0.444,0.444,0.444,0.444,0.444,0.444,0.444,0.444,0.444,0.444
2012-10-18 22:00:00,0.233,0.233,0.233,0.233,0.233,0.233,0.233,0.233,0.233,0.233,0.233,0.233,0.233,0.233,0.233,0.233,0.233
2012-10-18 23:00:00,0.132,0.132,0.132,0.132,0.132,0.132,0.132,0.132,0.132,0.132,0.132,0.132,0.132,0.132,0.132,0.132,0.132
2012-10-19 00:00:00,0.101,0.101,0.101,0.101,0.101,0.101,0.101,0.101,0.101,0.101,0.101,0.101,0.101,0.101,0.101,0.101,0.101
2012-10-19 01:00:00,0.101,0.101,0.101,0.101,0.101,0.101,0.101,0.101,0.101,0.101,0.101,0.101,0.101,0.101,0.101,0.101,0.101
2012-10-19 02:00:00,0.111,0.111,0.111,0.111,0.111,0.111,0.111,0.111,0.111,0.111,0.111,0.111,0.111,0.111,0.111,0.111,0.111
2012-10-19 03:00:00,0.223,0.223,0.223,0.223,0.223,0.223,0.223,0.223,0.223,0.223,0.223,0.223,0.223,0.223,0.223,0.223,0.223
2012-10-19 04:00:00,0.728,0.728,0.728,0.728,0.728,0.728,0.728,0.728,0.728,0.728,0.728,0.728,0.728,0.728,0.728,0.728,0.728
2012-10-19 05:00:00,1.373,1.373,1.373,1.373,1.373,1.373,1.373,1.373,1.373,1.373,1.373,1.373,1.373,1.373,1.373,1.373,1.373
2012-10-19 06:00:00,1.878,1.878,1.878,1.878,1.878,1.878,1.878,1.878,1.878,1.878,1.878,1.878,1.878,1.878,1.878,1.878,1.878
2012-10-19 07:00:00,1.707,1.707,1.707,1.707,1.707,1.707,1.707,1.707,1.707,1.707,1.707,1.707,1.707,1.707,1.707,1.707,1.707
2012-10-19 08:00:00,1.424,1.424,1.424,1.424,1.424,1.424,1.424,1.424,1.424,1.424,1.424,1.424,1.424,1.424,1.424,1.424,1.424
2012-10-19 09:00:00,1.373,1.373,1.373,1.373,1.373,1.373,1.373,1.373,1.373,1.373,1.373,1.373,1.373,1.373,1.373,1.373,1.373
2012-10-19 10:00:00,1.414,1.414,1.414,1.414,1.414,1.414,1.414,1.414,1.414,1.414,1.414,1.414,1.414,1.414,1.414,1.414,1.414
2012-10-19 11:00:00,1.464,1.464,1.464,1.464,1.464,1.464,1.464,1.464,1.464,1.464,1.464,1.464,1.464,1.464,1.464,1.464,1.464
2012-10-19 12:00:00,1.626,1.626,1.626,1.626,1.626,1.626,1.626,1.626,1.626,1.626,1.626,1.626,1.626,1.626,1.626,1.626,1.626
2012-10-19 13:00:00,1.99,1.99,1.99,1.99,1.99,1.99,1.99,1.99,1.99,1.99,1.99,1.99,1.99,1.99,1.99,1.99,1.99
2012-10-19 14:00:00,2.272,2.272,2.272,2.272,2.272,2.272,2.272,2.272,2.272,2.272,2.272,2.272,2.272,2.272,2.272,2.272,2.272
2012-10-19 15:00:00,2.272,2.272,2.272,2.272,2.272,2.272,2.272,2.272,2.272,2.272,2.272,2.272,2.272,2.272,2.272,2.272,2.272
2012-10-19 16:00:00,1.828,1.828,1.828,1.828,1.828,1.828,1.828,1.828,1.828,1.828,1.828,1.828,1.828,1.828,1.828,1.828,1.828
2012-10-19 17:00:00,1.414,1.414,1.414,1.414,1.414,1.414,1.414,1.414,1.414,1.414,1.414,1.414,1.414,1.414,1.414,1.414,1.414
2012-10-19 18:00:00,1.111,1.111,1.111,1.111,1.111,1.111,1.111,1.111,1.111,1.111,1.111,1.111,1.111,1.111,1.111,1.111,1.111
2012-10-19 19:00:00,0.848,0.848,0.848,0.848,0.848,0.848,0.848,0.848,0.848,0.848,0.848,0.848,0.848,0.848,0.848,0.848,0.848
2012-10-19 20:00:00,0.647,0.647,0.647,0.647,0.647,0.647,0.647,0.647,0.647,0.647,0.647,0.647,0.647,0.647,0.647,0.647,0.647
2012-10-19 21:00:00,0.465,0.465,0.465,0.465,0.465,0.465,0.465,0.465,0.465,0.465,0.465,0.465,0.465,0.465,0.465,0.465,0.465
2012-10-19 22:00:00,0.243,0.243,0.243,0.243,0.243,0.243,0.243,0.243,0.243,0.243,0.243,0.243,0.243,0.243,0.243,0.243,0.243
2012-10-19 23:00:00,0.142,0.142,0.142,0.142,0.142,0.142,0.142,0.142,0.142,0.142,0.142,0.142,0.142,0.142,0.142,0.142,0.142
2012-10-20 00:00:00,0.111,0.111,0.111,0.111,0.111,0.111,0.111,0.111,0.111,0.111,0.111,0.111,0.111,0.111,0.111,0.111,0.111
2012-10-20 01:00:00,0.101,0.101,0.101,0.101,0.101,0.101,0.101,0.101,0.101,0.101,0.101,0.101,0.101,0.101,0.101,0.101,0.101
2012-10-20 02:00:00,0.121,0.121,0.121,0.121,0.121,0.121,0.121,0.121,0.121,0.121,0.121,0.121,0.121,0.121,0.121,0.121,0.121
2012-10-20 03:00:00,0.233,0.233,0.233,0.233,0.233,0.233,0.233,0.233,0.233,0.233,0.233,0.233,0.233,0.233,0.233,0.233,0.233
2012-10-20 04:00:00,0.777,0.777,0.777,0.777,0.777,0.777,0.777,0.777,0.777,0.777,0.777,0.777,0.777,0.777,0.777,0.777,0.777
2012-10-20 05:00:00,1.464,1.464,1.464,1.464,1.464,1.464,1.464,1.464,1.464,1.464,1.464,1.464,1.464,1.464,1.464,1.464,1.464
2012-10-20 06:00:00,2.01,2.01,2.01,2.01,2.01,2.01,2.01,2.01,2.01,2.01,2.01,2.01,2.01,2.01,2.01,2.01,2.01
2012-10-20 07:00:00,1.828,1.828,1.828,1.828,1.828,1.828,1.828,1.828,1.828,1.828,1.828,1.828,1.828,1.828,1.828,1.828,1.828
2012-10-20 08:00:00,1.515,1.515,1.515,1.515,1.515,1.515,1.515,1.515,1.515,1.515,1.515,1.515,1.515,1.515,1.515,1.515,1.515
2012-10-20 09:00:00,1.464,1.464,1.464,1.464,1.464,1.464,1.464,1.464,1.464,1.464,1.464,1.464,1.464,1.464,1.464,1.464,1.464
2012-10-20 10:00:00,1.505,1.505,1.505,1.505,1.505,1.505,1.505,1.505,1.505,1.505,1.505,1.505,1.505,1.505,1.505,1.505,1.505
2012-10-20 11:00:00,1.566,1.566,1.566,1.566,1.566,1.566,1.566,1.566,1.566,1.566,1.566,1.566,1.566,1.566,1.566,1.566,1.566
2012-10-20 12:00:00,1.738,1.738,1.738,1.738,1.738,1.738,1.738,1.738,1.738,1.738,1.738,1.738,1.738,1.738,1.738,1.738,1.738
2012-10-20 13:00:00,2.121,2.121,2.121,2.121,2.121,2.121,2.121,2.121,2.121,2.121,2.121,2.121,2.121,2.121,2.121,2.121,2.121
2012-10-20 14:00:00,2.424,2.424,2.424,2.424,2.424,2.424,2.424,2.424,2.424,2.424,2.424,2.424,2.424,2.424,2.424,2.424,2.424
2012-10-20 15:00:00,2.424,2.424,2.424,2.424,2.424,2.424,2.424,2.424,2.424,2.424,2.424,2.424,2.424,2.424,2.424,2.424,2.424
2012-10-20 16:00:00,1.949,1.949,1.949,1.949,1.949,1.949,1.949,1.949,1.949,1.949,1.949,1.949,1.949,1.949,1.949,1.949,1.949
2012-10-20 17:00:00,1.515,1.515,1.515,1.515,1.515,1.515,1.515,1.515,1.515,1.515,1.515,1.515,1.515,1.515,1.515,1.515,1.515
2012-10-20 18:00:00,1.182,1.182,1.182,1.182,1.182,1.182,1.182,1.182,1.182,1.182,1.182,1.182,1.182,1.182,1.182,1.182,1.182
2012-10-20 19:00:00,0.909,0.909,0.909,0.909,0.909,0.909,0.909,0.909,0.909,0.909,0.909,0.909,0.909,0.909,0.909,0.909,0.909
2012-10-20 20:00:00,0.697,0.697,0.697,0.697,0.697,0.697,0.697,0.697,0.697,0.697,0.697,0.697,0.697,0.697,0.697,0.697,0.697
2012-10-20 21:00:00,0.495,0.495,0.495,0.495,0.495,0.495,0.495,0.495,0.495,0.495,0.495,0.495,0.495,0.495,0.495,0.495,0.495
2012-10-20 22:00:00,0.252,0.252,0.252,0.252,0.252,0.252,0.252,0.252,0.252,0.252,0.252,0.252,0.252,0.252,0.252,0.252,0.252
2012-10-20 23:00:00,0.272,0.272,0.272,0.272,0.272,0.272,0.272,0.272,0.272,0.272,0.272,0.272,0.272,0.272,0.272,0.272,0.272
2012-10-21 00:00:00,0.213,0.213,0.213,0.213,0.213,0.213,0.213,0.213,0.213,0.213,0.213,0.213,0.213,0.213,0.213,0.213,0.213
2012-10-21 01:00:00,0.182,0.182,0.182,0.182,0.182,0.182,0.182,0.182,0.182,0.182,0.182,0.182,0.182,0.182,0.182,0.182,0.182
2012-10-21 02:00:00,0.172,0.172,0.172,0.172,0.172,0.172,0.172,0.172,0.172,0.172,0.172,0.172,0.172,0.172,0.172,0.172,0.172
2012-10-21 03:00:00,0.223,0.223,0.223,0.223,0.223,0.223,0.223,0.223,0.223,0.223,0.223,0.223,0.223,0.223,0.223,0.223,0.223
2012-10-21 04:00:00,0.384,0.384,0.384,0.384,0.384,0.384,0.384,0.384,0.384,0.384,0.384,0.384,0.384,0.384,0.384,0.384,0.384
2012-10-21 05:00:00,0.545,0.545,0.545,0.545,0.545,0.545,0.545,0.545,0.545,0.545,0.545,0.545,0.545,0.545,0.545,0.545,0.545
2012-10-21 06:00:00,0.697,0.697,0.697,0.697,0.697,0.697,0.697,0.697,0.697,0.697,0.697,0.697,0.697,0.697,0.697,0.697,0.697
2012-10-21 07:00:00,0.939,0.939,0.939,0.939,0.939,0.939,0.939,0.939,0.939,0.939,0.939,0.939,0.939,0.939,0.939,0.939,0.939
2012-10-21 08:00:00,1.192,1.192,1.192,1.192,1.192,1.192,1.192,1.192,1.192,1.192,1.192,1.192,1.192,1.192,1.192,1.192,1.192
2012-10-21 09:00:00,1.505,1.505,1.505,1.505,1.505,1.505,1.505,1.505,1.505,1.505,1.505,1.505,1.505,1.505,1.505,1.505,1.505
2012-10-21 10:00:00,1.636,1.636,1.636,1.636,1.636,1.636,1.636,1.636,1.636,1.636,1.636,1.636,1.636,1.636,1.636,1.636,1.636
2012-10-21 11:00:00,1.717,1.717,1.717,1.717,1.717,1.717,1.717,1.717,1.717,1.717,1.717,1.717,1.717,1.717,1.717,1.717,1.717
2012-10-21 12:00:00,1.738,1.738,1.738,1.738,1.738,1.738,1.738,1.738,1.738,1.738,1.738,1.738,1.738,1.738,1.738,1.738,1.738
2012-10-21 13:00:00,1.707,1.707,1.707,1.707,1.707,1.707,1.707,1.707,1.707,1.707,1.707,1.707,1.707,1.707,1.707,1.707,1.707
2012-10-21 14:00:00,1.616,1.616,1.616,1.616,1.616,1.616,1.616,1.616,1.616,1.616,1.616,1.616,1.616,1.616,1.616,1.616,1.616
2012-10-21 15:00:00,1.485,1.485,1.485,1.485,1.485,1.485,1.485,1.485,1.485,1.485,1.485,1.485,1.485,1.485,1.485,1.485,1.485
2012-10-21 16:00:00,1.363,1.363,1.363,1.363,1.363,1.363,1.363,1.363,1.363,1.363,1.363,1.363,1.363,1.363,1.363,1.363,1.363
2012-10-21 17:00:00,1.212,1.212,1.212,1.212,1.212,1.212,1.212,1.212,1.212,1.212,1.212,1.212,1.212,1.212,1.212,1.212,1.212
2012-10-21 18:00:00,1.061,1.061,1.061,1.061,1.061,1.061,1.061,1.061,1.061,1.061,1.061,1.061,1.061,1.061,1.061,1.061,1.061
2012-10-21 19:00:00,0.868,0.868,0.868,0.868,0.868,0.868,0.868,0.868,0.868,0.868,0.868,0.868,0.868,0.868,0.868,0.868,0.868
2012-10-21 20:00:00,0.667,0.667,0.667,0.667,0.667,0.667,0.667,0.667,0.667,0.667,0.667,0.667,0.667,0.667,0.667,0.667,0.667
2012-10-21 21:00:00,0.485,0.485,0.485,0.485,0.485,0.485,0.485,0.485,0.485,0.485,0.485,0.485,0.485,0.485,0.485,0.485,0.485
2012-10-21 22:00:00,0.323,0.323,0.323,0.323,0.323,0.323,0.323,0.323,0.323,0.323,0.323,0.323,0.323,0.323,0.323,0.323,0.323
2012-10-21 23:00:00,0.243,0.243,0.243,0.243,0.243,0.243,0.243,0.243,0.243,0.243,0.243,0.243,0.243,0.243,0.243,0.243,0.243
2012-10-22 00:00:00,0.202,0.202,0.202,0.202,0.202,0.202,0.202,0.202,0.202,0.202,0.202,0.202,0.202,0.202,0.202,0.202,0.202
2012-10-22 01:00:00,0.162,0.162,0.162,0.162,0.162,0.162,0.162,0.162,0.162,0.162,0.162,0.162,0.162,0.162,0.162,0.162,0.162
2012-10-22 02:00:00,0.132,0.132,0.132,0.132,0.132,0.132,0.132,0.132,0.132,0.132,0.132,0.132,0.132,0.132,0.132,0.132,0.132
2012-10-22 03:00:00,0.142,0.142,0.142,0.142,0.142,0.142,0.142,0.142,0.142,0.142,0.142,0.142,0.142,0.142,0.142,0.142,0.142
2012-10-22 04:00:00,0.233,0.233,0.233,0.233,0.233,0.233,0.233,0.233,0.233,0.233,0.233,0.233,0.233,0.233,0.233,0.233,0.233
2012-10-22 05:00:00,0.333,0.333,0.333,0.333,0.333,0.333,0.333,0.333,0.333,0.333,0.333,0.333,0.333,0.333,0.333,0.333,0.333
2012-10-22 06:00:00,0.444,0.444,0.444,0.444,0.444,0.444,0.444,0.444,0.444,0.444,0.444,0.444,0.444,0.444,0.444,0.444,0.444
2012-10-22 07:00:00,0.596,0.596,0.596,0.596,0.596,0.596,0.596,0.596,0.596,0.596,0.596,0.596,0.596,0.596,0.596,0.596,0.596
2012-10-22 08:00:00,0.838,0.838,0.838,0.838,0.838,0.838,0.838,0.838,0.838,0.838,0.838,0.838,0.838,0.838,0.838,0.838,0.838
2012-10-22 09:00:00,1.111,1.111,1.111,1.111,1.111,1.111,1.111,1.111,1.111,1.111,1.111,1.111,1.111,1.111,1.111,1.111,1.111
2012-10-22 10:00:00,1.333,1.333,1.333,1.333,1.333,1.333,1.333,1.333,1.333,1.333,1.333,1.333,1.333,1.333,1.333,1.333,1.333
2012-10-22 11:00:00,1.485,1.485,1.485,1.485,1.485,1.485,1.485,1.485,1.485,1.485,1.485,1.485,1.485,1.485,1.485,1.485,1.485
2012-10-22 12:00:00,1.566,1.566,1.566,1.566,1.566,1.566,1.566,1.566,1.566,1.566,1.566,1.566,1.566,1.566,1.566,1.566,1.566
2012-10-22 13:00:00,1.657,1.657,1.657,1.657,1.657,1.657,1.657,1.657,1.657,1.657,1.657,1.657,1.657,1.657,1.657,1.657,1.657
2012-10-22 14:00:00,1.667,1.667,1.667,1.667,1.667,1.667,1.667,1.667,1.667,1.667,1.667,1.667,1.667,1.667,1.667,1.667,1.667
2012-10-22 15:00:00,1.687,1.687,1.687,1.687,1.687,1.687,1.687,1.687,1.687,1.687,1.687,1.687,1.687,1.687,1.687,1.687,1.687
2012-10-22 16:00:00,1.647,1.647,1.647,1.647,1.647,1.647,1.647,1.647,1.647,1.647,1.647,1.647,1.647,1.647,1.647,1.647,1.647
2012-10-22 17:00:00,1.576,1.576,1.576,1.576,1.576,1.576,1.576,1.576,1.576,1.576,1.576,1.576,1.576,1.576,1.576,1.576,1.576
2012-10-22 18:00:00,1.394,1.394,1.394,1.394,1.394,1.394,1.394,1.394,1.394,1.394,1.394,1.394,1.394,1.394,1.394,1.394,1.394
2012-10-22 19:00:00,1.091,1.091,1.091,1.091,1.091,1.091,1.091,1.091,1.091,1.091,1.091,1.091,1.091,1.091,1.091,1.091,1.091
2012-10-22 20:00:00,0.767,0.767,0.767,0.767,0.767,0.767,0.767,0.767,0.767,0.767,0.767,0.767,0.767,0.767,0.767,0.767,0.767
2012-10-22 21:00:00,0.475,0.475,0.475,0.475,0.475,0.475,0.475,0.475,0.475,0.475,0.475,0.475,0.475,0.475,0.475,0.475,0.475
2012-10-22 22:00:00,0.262,0.262,0.262,0.262,0.262,0.262,0.262,0.262,0.262,0.262,0.262,0.262,0.262,0.262,0.262,0.262,0.262
2012-10-22 23:00:00,0.132,0.132,0.132,0.132,0.132,0.132,0.132,0.132,0.132,0.132,0.132,0.132,0.132,0.132,0.132,0.132,0.132
2012-11-08 00:00:00,0.121,0.121,0.121,0.121,0.121,0.121,0.121,0.121,0.121,0.121,0.121,0.121,0.121,0.121,0.121,0.121,0.121
2012-11-08 01:00:00,0.091,0.091,0.091,0.091,0.091,0.091,0.091,0.091,0.091,0.091,0.091,0.091,0.091,0.091,0.091,0.091,0.091
2012-11-08 02:00:00,0.091,0.091,0.091,0.091,0.091,0.091,0.091,0.091,0.091,0.091,0.091,0.091,0.091,0.091,0.091,0.091,0.091
2012-11-08 03:00:00,0.101,0.101,0.101,0.101,0.101,0.101,0.101,0.101,0.101,0.101,0.101,0.101,0.101,0.101,0.101,0.101,0.101
2012-11-08 04:00:00,0.192,0.192,0.192,0.192,0.192,0.192,0.192,0.192,0.192,0.192,0.192,0.192,0.192,0.192,0.192,0.192,0.192
2012-11-08 05:00:00,0.657,0.657,0.657,0.657,0.657,0.657,0.657,0.657,0.657,0.657,0.657,0.657,0.657,0.657,0.657,0.657,0.657
2012-11-08 06:00:00,1.243,1.243,1.243,1.243,1.243,1.243,1.243,1.243,1.243,1.243,1.243,1.243,1.243,1.243,1.243,1.243,1.243
2012-11-08 07:00:00,1.697,1.697,1.697,1.697,1.697,1.697,1.697,1.697,1.697,1.697,1.697,1.697,1.697,1.697,1.697,1.697,1.697
2012-11-08 08:00:00,1.535,1.535,1.535,1.535,1.535,1.535,1.535,1.535,1.535,1.535,1.535,1.535,1.535,1.535,1.535,1.535,1.535
2012-11-08 09:00:00,1.282,1.282,1.282,1.282,1.282,1.282,1.282,1.282,1.282,1.282,1.282,1.282,1.282,1.282,1.282,1.282,1.282
2012-11-08 10:00:00,1.243,1.243,1.243,1.243,1.243,1.243,1.243,1.243,1.243,1.243,1.243,1.243,1.243,1.243,1.243,1.243,1.243
2012-11-08 11:00:00,1.272,1.272,1.272,1.272,1.272,1.272,1.272,1.272,1.272,1.272,1.272,1.272,1.272,1.272,1.272,1.272,1.272
2012-11-08 12:00:00,1.313,1.313,1.313,1.313,1.313,1.313,1.313,1.313,1.313,1.313,1.313,1.313,1.313,1.313,1.313,1.313,1.313
2012-11-08 13:00:00,1.464,1.464,1.464,1.464,1.464,1.464,1.464,1.464,1.464,1.464,1.464,1.464,1.464,1.464,1.464,1.464,1.464
2012-11-08 14:00:00,1.787,1.787,1.787,1.787,1.787,1.787,1.787,1.787,1.787,1.787,1.787,1.787,1.787,1.787,1.787,1.787,1.787
2012-11-08 15:00:00,2.05,2.05,2.05,2.05,2.05,2.05,2.05,2.05,2.05,2.05,2.05,2.05,2.05,2.05,2.05,2.05,2.05
2012-11-08 16:00:00,2.05,2.05,2.05,2.05,2.05,2.05,2.05,2.05,2.05,2.05,2.05,2.05,2.05,2.05,2.05,2.05,2.05
2012-11-08 17:00:00,1.647,1.647,1.647,1.647,1.647,1.647,1.647,1.647,1.647,1.647,1.647,1.647,1.647,1.647,1.647,1.647,1.647
2012-11-08 18:00:00,1.272,1.272,1.272,1.272,1.272,1.272,1.272,1.272,1.272,1.272,1.272,1.272,1.272,1.272,1.272,1.272,1.272
2012-11-08 19:00:00,1.0,1.0,1.0,1.0,1.0,1.0,1.0,1.0,1.0,1.0,1.0,1.0,1.0,1.0,1.0,1.0,1.0
2012-11-08 20:00:00,0.767,0.767,0.767,0.767,0.767,0.767,0.767,0.767,0.767,0.767,0.767,0.767,0.767,0.767,0.767,0.767,0.767
2012-11-08 21:00:00,0.586,0.586,0.586,0.586,0.586,0.586,0.586,0.586,0.586,0.586,0.586,0.586,0.586,0.586,0.586,0.586,0.586
2012-11-08 22:00:00,0.414,0.414,0.414,0.414,0.414,0.414,0.414,0.414,0.414,0.414,0.414,0.414,0.414,0.414,0.414,0.414,0.414
2012-11-08 23:00:00,0.213,0.213,0.213,0.213,0.213,0.213,0.213,0.213,0.213,0.213,0.213,0.213,0.213,0.213,0.213,0.213,0.213
2012-11-09 00:00:00,0.121,0.121,0.121,0.121,0.121,0.121,0.121,0.121,0.121,0.121,0.121,0.121,0.121,0.121,0.121,0.121,0.121
2012-11-09 01:00:00,0.091,0.091,0.091,0.091,0.091,0.091,0.091,0.091,0.091,0.091,0.091,0.091,0.091,0.091,0.091,0.091,0.091
2012-11-09 02:00:00,0.091,0.091,0.091,0.091,0.091,0.091,0.091,0.091,0.091,0.091,0.091,0.091,0.091,0.091,0.091,0.091,0.091
2012-11-09 03:00:00,0.111,0.111,0.111,0.111,0.111,0.111,0.111,0.111,0.111,0.111,0.111,0.111,0.111,0.111,0.111,0.111,0.111
2012-11-09 04:00:00,0.202,0.202,0.202,0.202,0.202,0.202,0.202,0.202,0.202,0.202,0.202,0.202,0.202,0.202,0.202,0.202,0.202
2012-11-09 05:00:00,0.677,0.677,0.677,0.677,0.677,0.677,0.677,0.677,0.677,0.677,0.677,0.677,0.677,0.677,0.677,0.677,0.677
2012-11-09 06:00:00,1.282,1.282,1.282,1.282,1.282,1.282,1.282,1.282,1.282,1.282,1.282,1.282,1.282,1.282,1.282,1.282,1.282
2012-11-09 07:00:00,1.757,1.757,1.757,1.757,1.757,1.757,1.757,1.757,1.757,1.757,1.757,1.757,1.757,1.757,1.757,1.757,1.757
2012-11-09 08:00:00,1.596,1.596,1.596,1.596,1.596,1.596,1.596,1.596,1.596,1.596,1.596,1.596,1.596,1.596,1.596,1.596,1.596
2012-11-09 09:00:00,1.323,1.323,1.323,1.323,1.323,1.323,1.323,1.323,1.323,1.323,1.323,1.323,1.323,1.323,1.323,1.323,1.323
2012-11-09 10:00:00,1.282,1.282,1.282,1.282,1.282,1.282,1.282,1.282,1.282,1.282,1.282,1.282,1.282,1.282,1.282,1.282,1.282
2012-11-09 11:00:00,1.313,1.313,1.313,1.313,1.313,1.313,1.313,1.313,1.313,1.313,1.313,1.313,1.313,1.313,1.313,1.313,1.313
2012-11-09 12:00:00,1.363,1.363,1.363,1.363,1.363,1.363,1.363,1.363,1.363,1.363,1.363,1.363,1.363,1.363,1.363,1.363,1.363
2012-11-09 13:00:00,1.515,1.515,1.515,1.515,1.515,1.515,1.515,1.515,1.515,1.515,1.515,1.515,1.515,1.515,1.515,1.515,1.515
2012-11-09 14:00:00,1.848,1.848,1.848,1.848,1.848,1.848,1.848,1.848,1.848,1.848,1.848,1.848,1.848,1.848,1.848,1.848,1.848
2012-11-09 15:00:00,2.121,2.121,2.121,2.121,2.121,2.121,2.121,2.121,2.121,2.121,2.121,2.121,2.121,2.121,2.121,2.121,2.121
2012-11-09 16:00:00,2.121,2.121,2.121,2.121,2.121,2.121,2.121,2.121,2.121,2.121,2.121,2.121,2.121,2.121,2.121,2.121,2.121
2012-11-09 17:00:00,1.707,1.707,1.707,1.707,1.707,1.707,1.707,1.707,1.707,1.707,1.707,1.707,1.707,1.707,1.707,1.707,1.707
2012-11-09 18:00:00,1.323,1.323,1.323,1.323,1.323,1.323,1.323,1.323,1.323,1.323,1.323,1.323,1.323,1.323,1.323,1.323,1.323
2012-11-09 19:00:00,1.03,1.03,1.03,1.03,1.03,1.03,1.03,1.03,1.03,1.03,1.03,1.03,1.03,1.03,1.03,1.03,1.03
2012-11-09 20:00:00,0.797,0.797,0.797,0.797,0.797,0.797,0.797,0.797,0.797,0.797,0.797,0.797,0.797,0.797,0.797,0.797,0.797
2012-11-09 21:00:00,0.606,0.606,0.606,0.606,0.606,0.606,0.606,0.606,0.606,0.606,0.606,0.606,0.606,0.606,0.606,0.606,0.606
2012-11-09 22:00:00,0.434,0.434,0.434,0.434,0.434,0.434,0.434,0.434,0.434,0.434,0.434,0.434,0.434,0.434,0.434,0.434,0.434
2012-11-09 23:00:00,0.223,0.223,0.223,0.223,0.223,0.223,0.223,0.223,0.223,0.223,0.223,0.223,0.223,0.223,0.223,0.223,0.223
2012-11-10 00:00:00,0.132,0.132,0.132,0.132,0.132,0.132,0.132,0.132,0.132,0.132,0.132,0.132,0.132,0.132,0.132,0.132,0.132
2012-11-10 01:00:00,0.101,0.101,0.101,0.101,0.101,0.101,0.101,0.101,0.101,0.101,0.101,0.101,0.101,0.101,0.101,0.101,0.101
2012-11-10 02:00:00,0.101,0.101,0.101,0.101,0.101,0.101,0.101,0.101,0.101,0.101,0.101,0.101,0.101,0.101,0.101,0.101,0.101
2012-11-10 03:00:00,0.111,0.111,0.111,0.111,0.111,0.111,0.111,0.111,0.111,0.111,0.111,0.111,0.111,0.111,0.111,0.111,0.111
2012-11-10 04:00:00,0.213,0.213,0.213,0.213,0.213,0.213,0.213,0.213,0.213,0.213,0.213,0.213,0.213,0.213,0.213,0.213,0.213
2012-11-10 05:00:00,0.718,0.718,0.718,0.718,0.718,0.718,0.718,0.718,0.718,0.718,0.718,0.718,0.718,0.718,0.718,0.718,0.718
2012-11-10 06:00:00,1.363,1.363,1.363,1.363,1.363,1.363,1.363,1.363,1.363,1.363,1.363,1.363,1.363,1.363,1.363,1.363,1.363
2012-11-10 07:00:00,1.868,1.868,1.868,1.868,1.868,1.868,1.868,1.868,1.868,1.868,1.868,1.868,1.868,1.868,1.868,1.868,1.868
2012-11-10 08:00:00,1.697,1.697,1.697,1.697,1.697,1.697,1.697,1.697,1.697,1.697,1.697,1.697,1.697,1.697,1.697,1.697,1.697
2012-11-10 09:00:00,1.414,1.414,1.414,1.414,1.414,1.414,1.414,1.414,1.414,1.414,1.414,1.414,1.414,1.414,1.414,1.414,1.414
2012-11-10 10:00:00,1.363,1.363,1.363,1.363,1.363,1.363,1.363,1.363,1.363,1.363,1.363,1.363,1.363,1.363,1.363,1.363,1.363
2012-11-10 11:00:00,1.404,1.404,1.404,1.404,1.404,1.404,1.404,1.404,1.404,1.404,1.404,1.404,1.404,1.404,1.404,1.404,1.404
2012-11-10 12:00:00,1.454,1.454,1.454,1.454,1.454,1.454,1.454,1.454,1.454,1.454,1.454,1.454,1.454,1.454,1.454,1.454,1.454
2012-11-10 13:00:00,1.616,1.616,1.616,1.616,1.616,1.616,1.616,1.616,1.616,1.616,1.616,1.616,1.616,1.616,1.616,1.616,1.616
2012-11-10 14:00:00,1.969,1.969,1.969,1.969,1.969,1.969,1.969,1.969,1.969,1.969,1.969,1.969,1.969,1.969,1.969,1.969,1.969
2012-11-10 15:00:00,2.262,2.262,2.262,2.262,2.262,2.262,2.262,2.262,2.262,2.262,2.262,2.262,2.262,2.262,2.262,2.262,2.262
2012-11-10 16:00:00,2.262,2.262,2.262,2.262,2.262,2.262,2.262,2.262,2.262,2.262,2.262,2.262,2.262,2.262,2.262,2.262,2.262
2012-11-10 17:00:00,1.818,1.818,1.818,1.818,1.818,1.818,1.818,1.818,1.818,1.818,1.818,1.818,1.818,1.818,1.818,1.818,1.818
2012-11-10 18:00:00,1.414,1.414,1.414,1.414,1.414,1.414,1.414,1.414,1.414,1.414,1.414,1.414,1.414,1.414,1.414,1.414,1.414
2012-11-10 19:00:00,1.101,1.101,1.101,1.101,1.101,1.101,1.101,1.101,1.101,1.101,1.101,1.101,1.101,1.101,1.101,1.101,1.101
2012-11-10 20:00:00,0.848,0.848,0.848,0.848,0.848,0.848,0.848,0.848,0.848,0.848,0.848,0.848,0.848,0.848,0.848,0.848,0.848
2012-11-10 21:00:00,0.647,0.647,0.647,0.647,0.647,0.647,0.647,0.647,0.647,0.647,0.647,0.647,0.647,0.647,0.647,0.647,0.647
2012-11-10 22:00:00,0.465,0.465,0.465,0.465,0.465,0.465,0.465,0.465,0.465,0.465,0.465,0.465,0.465,0.465,0.465,0.465,0.465
2012-11-10 23:00:00,0.243,0.243,0.243,0.243,0.243,0.243,0.243,0.243,0.243,0.243,0.243,0.243,0.243,0.243,0.243,0.243,0.243
2012-11-11 00:00:00,0.252,0.252,0.252,0.252,0.252,0.252,0.252,0.252,0.252,0.252,0.252,0.252,0.252,0.252,0.252,0.252,0.252
2012-11-11 01:00:00,0.192,0.192,0.192,0.192,0.192,0.192,0.192,0.192,0.192,0.192,0.192,0.192,0.192,0.192,0.192,0.192,0.192
2012-11-11 02:00:00,0.172,0.172,0.172,0.172,0.172,0.172,0.172,0.172,0.172,0.172,0.172,0.172,0.172,0.172,0.172,0.172,0.172
2012-11-11 03:00:00,0.162,0.162,0.162,0.162,0.162,0.162,0.162,0.162,0.162,0.162,0.162,0.162,0.162,0.162,0.162,0.162,0.162
2012-11-11 04:00:00,0.202,0.202,0.202,0.202,0.202,0.202,0.202,0.202,0.202,0.202,0.202,0.202,0.202,0.202,0.202,0.202,0.202
2012-11-11 05:00:00,0.363,0.363,0.363,0.363,0.363,0.363,0.363,0.363,0.363,0.363,0.363,0.363,0.363,0.363,0.363,0.363,0.363
2012-11-11 06:00:00,0.505,0.505,0.505,0.505,0.505,0.505,0.505,0.505,0.505,0.505,0.505,0.505,0.505,0.505,0.505,0.505,0.505
2012-11-11 07:00:00,0.647,0.647,0.647,0.647,0.647,0.647,0.647,0.647,0.647,0.647,0.647,0.647,0.647,0.647,0.647,0.647,0.647
2012-11-11 08:00:00,0.878,0.878,0.878,0.878,0.878,0.878,0.878,0.878,0.878,0.878,0.878,0.878,0.878,0.878,0.878,0.878,0.878
2012-11-11 09:00:00,1.111,1.111,1.111,1.111,1.111,1.111,1.111,1.111,1.111,1.111,1.111,1.111,1.111,1.111,1.111,1.111,1.111
2012-11-11 10:00:00,1.404,1.404,1.404,1.404,1.404,1.404,1.404,1.404,1.404,1.404,1.404,1.404,1.404,1.404,1.404,1.404,1.404
2012-11-11 11:00:00,1.525,1.525,1.525,1.525,1.525,1.525,1.525,1.525,1.525,1.525,1.525,1.525,1.525,1.525,1.525,1.525,1.525
2012-11-11 12:00:00,1.606,1.606,1.606,1.606,1.606,1.606,1.606,1.606,1.606,1.606,1.606,1.606,1.606,1.606,1.606,1.606,1.606
2012-11-11 13:00:00,1.616,1.616,1.616,1.616,1.616,1.616,1.616,1.616,1.616,1.616,1.616,1.616,1.616,1.616,1.616,1.616,1.616
2012-11-11 14:00:00,1.586,1.586,1.586,1.586,1.586,1.586,1.586,1.586,1.586,1.586,1.586,1.586,1.586,1.586,1.586,1.586,1.586
2012-11-11 15:00:00,1.505,1.505,1.505,1.505,1.505,1.505,1.505,1.505,1.505,1.505,1.505,1.505,1.505,1.505,1.505,1.505,1.505
2012-11-11 16:00:00,1.383,1.383,1.383,1.383,1.383,1.383,1.383,1.383,1.383,1.383,1.383,1.383,1.383,1.383,1.383,1.383,1.383
2012-11-11 17:00:00,1.272,1.272,1.272,1.272,1.272,1.272,1.272,1.272,1.272,1.272,1.272,1.272,1.272,1.272,1.272,1.272,1.272
2012-11-11 18:00:00,1.131,1.131,1.131,1.131,1.131,1.131,1.131,1.131,1.131,1.131,1.131,1.131,1.131,1.131,1.131,1.131,1.131
2012-11-11 19:00:00,0.98,0.98,0.98,0.98,0.98,0.98,0.98,0.98,0.98,0.98,0.98,0.98,0.98,0.98,0.98,0.98,0.98
2012-11-11 20:00:00,0.808,0.808,0.808,0.808,0.808,0.808,0.808,0.808,0.808,0.808,0.808,0.808,0.808,0.808,0.808,0.808,0.808
2012-11-11 21:00:00,0.616,0.616,0.616,0.616,0.616,0.616,0.616,0.616,0.616,0.616,0.616,0.616,0.616,0.616,0.616,0.616,0.616
2012-11-11 22:00:00,0.444,0.444,0.444,0.444,0.444,0.444,0.444,0.444,0.444,0.444,0.444,0.444,0.444,0.444,0.444,0.444,0.444
2012-11-11 23:00:00,0.292,0.292,0.292,0.292,0.292,0.292,0.292,0.292,0.292,0.292,0.292,0.292,0.292,0.292,0.292,0.292,0.292
2012-11-12 00:00:00,0.223,0.223,0.223,0.223,0.223,0.223,0.223,0.223,0.223,0.223,0.223,0.223,0.223,0.223,0.223,0.223,0.223
2012-11-12 01:00:00,0.182,0.182,0.182,0.182,0.182,0.182,0.182,0.182,0.182,0.182,0.182,0.182,0.182,0.182,0.182,0.182,0.182
2012-11-12 02:00:00,0.152,0.152,0.152,0.152,0.152,0.152,0.152,0.152,0.152,0.152,0.152,0.152,0.152,0.152,0.152,0.152,0.152
2012-11-12 03:00:00,0.121,0.121,0.121,0.121,0.121,0.121,0.121,0.121,0.121,0.121,0.121,0.121,0.121,0.121,0.121,0.121,0.121
2012-11-12 04:00:00,0.132,0.132,0.132,0.132,0.132,0.132,0.132,0.132,0.132,0.132,0.132,0.132,0.132,0.132,0.132,0.132,0.132
2012-11-12 05:00:00,0.223,0.223,0.223,0.223,0.223,0.223,0.223,0.223,0.223,0.223,0.223,0.223,0.223,0.223,0.223,0.223,0.223
2012-11-12 06:00:00,0.303,0.303,0.303,0.303,0.303,0.303,0.303,0.303,0.303,0.303,0.303,0.303,0.303,0.303,0.303,0.303,0.303
2012-11-12 07:00:00,0.414,0.414,0.414,0.414,0.414,0.414,0.414,0.414,0.414,0.414,0.414,0.414,0.414,0.414,0.414,0.414,0.414
2012-11-12 08:00:00,0.556,0.556,0.556,0.556,0.556,0.556,0.556,0.556,0.556,0.556,0.556,0.556,0.556,0.556,0.556,0.556,0.556
2012-11-12 09:00:00,0.777,0.777,0.777,0.777,0.777,0.777,0.777,0.777,0.777,0.777,0.777,0.777,0.777,0.777,0.777,0.777,0.777
2012-11-12 10:00:00,1.03,1.03,1.03,1.03,1.03,1.03,1.03,1.03,1.03,1.03,1.03,1.03,1.03,1.03,1.03,1.03,1.03
2012-11-12 11:00:00,1.243,1.243,1.243,1.243,1.243,1.243,1.243,1.243,1.243,1.243,1.243,1.243,1.243,1.243,1.243,1.243,1.243
2012-11-12 12:00:00,1.383,1.383,1.383,1.383,1.383,1.383,1.383,1.383,1.383,1.383,1.383,1.383,1.383,1.383,1.383,1.383,1.383
2012-11-12 13:00:00,1.454,1.454,1.454,1.454,1.454,1.454,1.454,1.454,1.454,1.454,1.454,1.454,1.454,1.454,1.454,1.454,1.454
2012-11-12 14:00:00,1.535,1.535,1.535,1.535,1.535,1.535,1.535,1.535,1.535,1.535,1.535,1.535,1.535,1.535,1.535,1.535,1.535
2012-11-12 15:00:00,1.555,1.555,1.555,1.555,1.555,1.555,1.555,1.555,1.555,1.555,1.555,1.555,1.555,1.555,1.555,1.555,1.555
2012-11-12 16:00:00,1.576,1.576,1.576,1.576,1.576,1.576,1.576,1.576,1.576,1.576,1.576,1.576,1.576,1.576,1.576,1.576,1.576
2012-11-12 17:00:00,1.535,1.535,1.535,1.535,1.535,1.535,1.535,1.535,1.535,1.535,1.535,1.535,1.535,1.535,1.535,1.535,1.535
2012-11-12 18:00:00,1.475,1.475,1.475,1.475,1.475,1.475,1.475,1.475,1.475,1.475,1.475,1.475,1.475,1.475,1.475,1.475,1.475
2012-11-12 19:00:00,1.302,1.302,1.302,1.302,1.302,1.302,1.302,1.302,1.302,1.302,1.302,1.302,1.302,1.302,1.302,1.302,1.302
2012-11-12 20:00:00,1.01,1.01,1.01,1.01,1.01,1.01,1.01,1.01,1.01,1.01,1.01,1.01,1.01,1.01,1.01,1.01,1.01
2012-11-12 21:00:00,0.718,0.718,0.718,0.718,0.718,0.718,0.718,0.718,0.718,0.718,0.718,0.718,0.718,0.718,0.718,0.718,0.718
2012-11-12 22:00:00,0.434,0.434,0.434,0.434,0.434,0.434,0.434,0.434,0.434,0.434,0.434,0.434,0.434,0.434,0.434,0.434,0.434
2012-11-12 23:00:00,0.243,0.243,0.243,0.243,0.243,0.243,0.243,0.243,0.243,0.243,0.243,0.243,0.243,0.243,0.243,0.243,0.243
2012-11-13 00:00:00,0.121,0.121,0.121,0.121,0.121,0.121,0.121,0.121,0.121,0.121,0.121,0.121,0.121,0.121,0.121,0.121,0.121
2012-11-13 01:00:00,0.091,0.091,0.091,0.091,0.091,0.091,0.091,0.091,0.091,0.091,0.091,0.091,0.091,0.091,0.091,0.091,0.091
2012-11-13 02:00:00,0.091,0.091,0.091,0.091,0.091,0.091,0.091,0.091,0.091,0.091,0.091,0.091,0.091,0.091,0.091,0.091,0.091
2012-11-13 03:00:00,0.101,0.101,0.101,0.101,0.101,0.101,0.101,0.101,0.101,0.101,0.101,0.101,0.101,0.101,0.101,0.101,0.101
2012-11-13 04:00:00,0.192,0.192,0.192,0.192,0.192,0.192,0.192,0.192,0.192,0.192,0.192,0.192,0.192,0.192,0.192,0.192,0.192
2012-11-13 05:00:00,0.657,0.657,0.657,0.657,0.657,0.657,0.657,0.657,0.657,0.657,0.657,0.657,0.657,0.657,0.657,0.657,0.657
2012-11-13 06:00:00,1.243,1.243,1.243,1.243,1.243,1.243,1.243,1.243,1.243,1.243,1.243,1.243,1.243,1.243,1.243,1.243,1.243
2012-11-13 07:00:00,1.707,1.707,1.707,1.707,1.707,1.707,1.707,1.707,1.707,1.707,1.707,1.707,1.707,1.707,1.707,1.707,1.707
2012-11-13 08:00:00,1.545,1.545,1.545,1.545,1.545,1.545,1.545,1.545,1.545,1.545,1.545,1.545,1.545,1.545,1.545,1.545,1.545
2012-11-13 09:00:00,1.292,1.292,1.292,1.292,1.292,1.292,1.292,1.292,1.292,1.292,1.292,1.292,1.292,1.292,1.292,1.292,1.292
2012-11-13 10:00:00,1.243,1.243,1.243,1.243,1.243,1.243,1.243,1.243,1.243,1.243,1.243,1.243,1.243,1.243,1.243,1.243,1.243
2012-11-13 11:00:00,1.272,1.272,1.272,1.272,1.272,1.272,1.272,1.272,1.272,1.272,1.272,1.272,1.272,1.272,1.272,1.272,1.272
2012-11-13 12:00:00,1.323,1.323,1.323,1.323,1.323,1.323,1.323,1.323,1.323,1.323,1.323,1.323,1.323,1.323,1.323,1.323,1.323
2012-11-13 13:00:00,1.475,1.475,1.475,1.475,1.475,1.475,1.475,1.475,1.475,1.475,1.475,1.475,1.475,1.475,1.475,1.475,1.475
2012-11-13 14:00:00,1.797,1.797,1.797,1.797,1.797,1.797,1.797,1.797,1.797,1.797,1.797,1.797,1.797,1.797,1.797,1.797,1.797
2012-11-13 15:00:00,2.061,2.061,2.061,2.061,2.061,2.061,2.061,2.061,2.061,2.061,2.061,2.061,2.061,2.061,2.061,2.061,2.061
2012-11-13 16:00:00,2.061,2.061,2.061,2.061,2.061,2.061,2.061,2.061,2.061,2.061,2.061,2.061,2.061,2.061,2.061,2.061,2.061
2012-11-13 17:00:00,1.657,1.657,1.657,1.657,1.657,1.657,1.657,1.657,1.657,1.657,1.657,1.657,1.657,1.657,1.657,1.657,1.657
2012-11-13 18:00:00,1.282,1.282,1.282,1.282,1.282,1.282,1.282,1.282,1.282,1.282,1.282,1.282,1.282,1.282,1.282,1.282,1.282
2012-11-13 19:00:00,1.0,1.0,1.0,1.0,1.0,1.0,1.0,1.0,1.0,1.0,1.0,1.0,1.0,1.0,1.0,1.0,1.0
2012-11-13 20:00:00,0.767,0.767,0.767,0.767,0.767,0.767,0.767,0.767,0.767,0.767,0.767,0.767,0.767,0.767,0.767,0.767,0.767
2012-11-13 21:00:00,0.586,0.586,0.586,0.586,0.586,0.586,0.586,0.586,0.586,0.586,0.586,0.586,0.586,0.586,0.586,0.586,0.586
2012-11-13 22:00:00,0.414,0.414,0.414,0.414,0.414,0.414,0.414,0.414,0.414,0.414,0.414,0.414,0.414,0.414,0.414,0.414,0.414
2012-11-13 23:00:00,0.213,0.213,0.213,0.213,0.213,0.213,0.213,0.213,0.213,0.213,0.213,0.213,0.213,0.213,0.213,0.213,0.213
2012-11-14 00:00:00,0.111,0.111,0.111,0.111,0.111,0.111,0.111,0.111,0.111,0.111,0.111,0.111,0.111,0.111,0.111,0.111,0.111
2012-11-14 01:00:00,0.091,0.091,0.091,0.091,0.091,0.091,0.091,0.091,0.091,0.091,0.091,0.091,0.091,0.091,0.091,0.091,0.091
2012-11-14 02:00:00,0.081,0.081,0.081,0.081,0.081,0.081,0.081,0.081,0.081,0.081,0.081,0.081,0.081,0.081,0.081,0.081,0.081
2012-11-14 03:00:00,0.101,0.101,0.101,0.101,0.101,0.101,0.101,0.101,0.101,0.101,0.101,0.101,0.101,0.101,0.101,0.101,0.101
2012-11-14 04:00:00,0.192,0.192,0.192,0.192,0.192,0.192,0.192,0.192,0.192,0.192,0.192,0.192,0.192,0.192,0.192,0.192,0.192
2012-11-14 05:00:00,0.637,0.637,0.637,0.637,0.637,0.637,0.637,0.637,0.637,0.637,0.637,0.637,0.637,0.637,0.637,0.637,0.637
2012-11-14 06:00:00,1.212,1.212,1.212,1.212,1.212,1.212,1.212,1.212,1.212,1.212,1.212,1.212,1.212,1.212,1.212,1.212,1.212
2012-11-14 07:00:00,1.657,1.657,1.657,1.657,1.657,1.657,1.657,1.657,1.657,1.657,1.657,1.657,1.657,1.657,1.657,1.657,1.657
2012-11-14 08:00:00,1.505,1.505,1.505,1.505,1.505,1.505,1.505,1.505,1.505,1.505,1.505,1.505,1.505,1.505,1.505,1.505,1.505
2012-11-14 09:00:00,1.253,1.253,1.253,1.253,1.253,1.253,1.253,1.253,1.253,1.253,1.253,1.253,1.253,1.253,1.253,1.253,1.253
2012-11-14 10:00:00,1.212,1.212,1.212,1.212,1.212,1.212,1.212,1.212,1.212,1.212,1.212,1.212,1.212,1.212,1.212,1.212,1.212
2012-11-14 11:00:00,1.243,1.243,1.243,1.243,1.243,1.243,1.243,1.243,1.243,1.243,1.243,1.243,1.243,1.243,1.243,1.243,1.243
2012-11-14 12:00:00,1.282,1.282,1.282,1.282,1.282,1.282,1.282,1.282,1.282,1.282,1.282,1.282,1.282,1.282,1.282,1.282,1.282
2012-11-14 13:00:00,1.424,1.424,1.424,1.424,1.424,1.424,1.424,1.424,1.424,1.424,1.424,1.424,1.424,1.424,1.424,1.424,1.424
2012-11-14 14:00:00,1.748,1.748,1.748,1.748,1.748,1.748,1.748,1.748,1.748,1.748,1.748,1.748,1.748,1.748,1.748,1.748,1.748
2012-11-14 15:00:00,2.0,2.0,2.0,2.0,2.0,2.0,2.0,2.0,2.0,2.0,2.0,2.0,2.0,2.0,2.0,2.0,2.0
2012-11-14 16:00:00,2.0,2.0,2.0,2.0,2.0,2.0,2.0,2.0,2.0,2.0,2.0,2.0,2.0,2.0,2.0,2.0,2.0
2012-11-14 17:00:00,1.606,1.606,1.606,1.606,1.606,1.606,1.606,1.606,1.606,1.606,1.606,1.606,1.606,1.606,1.606,1.606,1.606
2012-11-14 18:00:00,1.243,1.243,1.243,1.243,1.243,1.243,1.243,1.243,1.243,1.243,1.243,1.243,1.243,1.243,1.243,1.243,1.243
2012-11-14 19:00:00,0.97,0.97,0.97,0.97,0.97,0.97,0.97,0.97,0.97,0.97,0.97,0.97,0.97,0.97,0.97,0.97,0.97
2012-11-14 20:00:00,0.748,0.748,0.748,0.748,0.748,0.748,0.748,0.748,0.748,0.748,0.748,0.748,0.748,0.748,0.748,0.748,0.748
2012-11-14 21:00:00,0.566,0.566,0.566,0.566,0.566,0.566,0.566,0.566,0.566,0.566,0.566,0.566,0.566,0.566,0.566,0.566,0.566
2012-11-14 22:00:00,0.404,0.404,0.404,0.404,0.404,0.404,0.404,0.404,0.404,0.404,0.404,0.404,0.404,0.404,0.404,0.404,0.404
2012-11-14 23:00:00,0.213,0.213,0.213,0.213,0.213,0.213,0.213,0.213,0.213,0.213,0.213,0.213,0.213,0.213,0.213,0.213,0.213
2012-11-15 00:00:00,0.121,0.121,0.121,0.121,0.121,0.121,0.121,0.121,0.121,0.121,0.121,0.121,0.121,0.121,0.121,0.121,0.121
2012-11-15 01:00:00,0.091,0.091,0.091,0.091,0.091,0.091,0.091,0.091,0.091,0.091,0.091,0.091,0.091,0.091,0.091,0.091,0.091
2012-11-15 02:00:00,0.091,0.091,0.091,0.091,0.091,0.091,0.091,0.091,0.091,0.091,0.091,0.091,0.091,0.091,0.091,0.091,0.091
2012-11-15 03:00:00,0.101,0.101,0.101,0.101,0.101,0.101,0.101,0.101,0.101,0.101,0.101,0.101,0.101,0.101,0.101,0.101,0.101
2012-11-15 04:00:00,0.192,0.192,0.192,0.192,0.192,0.192,0.192,0.192,0.192,0.192,0.192,0.192,0.192,0.192,0.192,0.192,0.192
2012-11-15 05:00:00,0.657,0.657,0.657,0.657,0.657,0.657,0.657,0.657,0.657,0.657,0.657,0.657,0.657,0.657,0.657,0.657,0.657
2012-11-15 06:00:00,1.243,1.243,1.243,1.243,1.243,1.243,1.243,1.243,1.243,1.243,1.243,1.243,1.243,1.243,1.243,1.243,1.243
2012-11-15 07:00:00,1.697,1.697,1.697,1.697,1.697,1.697,1.697,1.697,1.697,1.697,1.697,1.697,1.697,1.697,1.697,1.697,1.697
2012-11-15 08:00:00,1.535,1.535,1.535,1.535,1.535,1.535,1.535,1.535,1.535,1.535,1.535,1.535,1.535,1.535,1.535,1.535,1.535
2012-11-15 09:00:00,1.282,1.282,1.282,1.282,1.282,1.282,1.282,1.282,1.282,1.282,1.282,1.282,1.282,1.282,1.282,1.282,1.282
2012-11-15 10:00:00,1.243,1.243,1.243,1.243,1.243,1.243,1.243,1.243,1.243,1.243,1.243,1.243,1.243,1.243,1.243,1.243,1.243
2012-11-15 11:00:00,1.272,1.272,1.272,1.272,1.272,1.272,1.272,1.272,1.272,1.272,1.272,1.272,1.272,1.272,1.272,1.272,1.272
2012-11-15 12:00:00,1.313,1.313,1.313,1.313,1.313,1.313,1.313,1.313,1.313,1.313,1.313,1.313,1.313,1.313,1.313,1.313,1.313
2012-11-15 13:00:00,1.464,1.464,1.464,1.464,1.464,1.464,1.464,1.464,1.464,1.464,1.464,1.464,1.464,1.464,1.464,1.464,1.464
2012-11-15 14:00:00,1.787,1.787,1.787,1.787,1.787,1.787,1.787,1.787,1.787,1.787,1.787,1.787,1.787,1.787,1.787,1.787,1.787
2012-11-15 15:00:00,2.05,2.05,2.05,2.05,2.05,2.05,2.05,2.05,2.05,2.05,2.05,2.05,2.05,2.05,2.05,2.05,2.05
2012-11-15 16:00:00,2.05,2.05,2.05,2.05,2.05,2.05,2.05,2.05,2.05,2.05,2.05,2.05,2.05,2.05,2.05,2.05,2.05
2012-11-15 17:00:00,1.647,1.647,1.647,1.647,1.647,1.647,1.647,1.647,1.647,1.647,1.647,1.647,1.647,1.647,1.647,1.647,1.647
2012-11-15 18:00:00,1.272,1.272,1.272,1.272,1.272,1.272,1.272,1.272,1.272,1.272,1.272,1.272,1.272,1.272,1.272,1.272,1.272
2012-11-15 19:00:00,1.0,1.0,1.0,1.0,1.0,1.0,1.0,1.0,1.0,1.0,1.0,1.0,1.0,1.0,1.0,1.0,1.0
2012-11-15 20:00:00,0.767,0.767,0.767,0.767,0.767,0.767,0.767,0.767,0.767,0.767,0.767,0.767,0.767,0.767,0.767,0.767,0.767
2012-11-15 21:00:00,0.586,0.586,0.586,0.586,0.586,0.586,0.586,0.586,0.586,0.586,0.586,0.586,0.586,0.586,0.586,0.586,0.586
2012-11-15 22:00:00,0.414,0.414,0.414,0.414,0.414,0.414,0.414,0.414,0.414,0.414,0.414,0.414,0.414,0.414,0.414,0.414,0.414
2012-11-15 23:00:00,0.213,0.213,0.213,0.213,0.213,0.213,0.213,0.213,0.213,0.213,0.213,0.213,0.213,0.213,0.213,0.213,0.213
2012-11-16 00:00:00,0.121,0.121,0.121,0.121,0.121,0.121,0.121,0.121,0.121,0.121,0.121,0.121,0.121,0.121,0.121,0.121,0.121
2012-11-16 01:00:00,0.091,0.091,0.091,0.091,0.091,0.091,0.091,0.091,0.091,0.091,0.091,0.091,0.091,0.091,0.091,0.091,0.091
2012-11-16 02:00:00,0.091,0.091,0.091,0.091,0.091,0.091,0.091,0.091,0.091,0.091,0.091,0.091,0.091,0.091,0.091,0.091,0.091
2012-11-16 03:00:00,0.111,0.111,0.111,0.111,0.111,0.111,0.111,0.111,0.111,0.111,0.111,0.111,0.111,0.111,0.111,0.111,0.111
2012-11-16 04:00:00,0.202,0.202,0.202,0.202,0.202,0.202,0.202,0.202,0.202,0.202,0.202,0.202,0.202,0.202,0.202,0.202,0.202
2012-11-16 05:00:00,0.677,0.677,0.677,0.677,0.677,0.677,0.677,0.677,0.677,0.677,0.677,0.677,0.677,0.677,0.677,0.677,0.677
2012-11-16 06:00:00,1.282,1.282,1.282,1.282,1.282,1.282,1.282,1.282,1.282,1.282,1.282,1.282,1.282,1.282,1.282,1.282,1.282
2012-11-16 07:00:00,1.757,1.757,1.757,1.757,1.757,1.757,1.757,1.757,1.757,1.757,1.757,1.757,1.757,1.757,1.757,1.757,1.757
2012-11-16 08:00:00,1.596,1.596,1.596,1.596,1.596,1.596,1.596,1.596,1.596,1.596,1.596,1.596,1.596,1.596,1.596,1.596,1.596
2012-11-16 09:00:00,1.323,1.323,1.323,1.323,1.323,1.323,1.323,1.323,1.323,1.323,1.323,1.323,1.323,1.323,1.323,1.323,1.323
2012-11-16 10:00:00,1.282,1.282,1.282,1.282,1.282,1.282,1.282,1.282,1.282,1.282,1.282,1.282,1.282,1.282,1.282,1.282,1.282
2012-11-16 11:00:00,1.313,1.313,1.313,1.313,1.313,1.313,1.313,1.313,1.313,1.313,1.313,1.313,1.313,1.313,1.313,1.313,1.313
2012-11-16 12:00:00,1.363,1.363,1.363,1.363,1.363,1.363,1.363,1.363,1.363,1.363,1.363,1.363,1.363,1.363,1.363,1.363,1.363
2012-11-16 13:00:00,1.515,1.515,1.515,1.515,1.515,1.515,1.515,1.515,1.515,1.515,1.515,1.515,1.515,1.515,1.515,1.515,1.515
2012-11-16 14:00:00,1.848,1.848,1.848,1.848,1.848,1.848,1.848,1.848,1.848,1.848,1.848,1.848,1.848,1.848,1.848,1.848,1.848
2012-11-16 15:00:00,2.121,2.121,2.121,2.121,2.121,2.121,2.121,2.121,2.121,2.121,2.121,2.121,2.121,2.121,2.121,2.121,2.121
2012-11-16 16:00:00,2.121,2.121,2.121,2.121,2.121,2.121,2.121,2.121,2.121,2.121,2.121,2.121,2.121,2.121,2.121,2.121,2.121
2012-11-16 17:00:00,1.707,1.707,1.707,1.707,1.707,1.707,1.707,1.707,1.707,1.707,1.707,1.707,1.707,1.707,1.707,1.707,1.707
2012-11-16 18:00:00,1.323,1.323,1.323,1.323,1.323,1.323,1.323,1.323,1.323,1.323,1.323,1.323,1.323,1.323,1.323,1.323,1.323
2012-11-16 19:00:00,1.03,1.03,1.03,1.03,1.03,1.03,1.03,1.03,1.03,1.03,1.03,1.03,1.03,1.03,1.03,1.03,1.03
2012-11-16 20:00:00,0.797,0.797,0.797,0.797,0.797,0.797,0.797,0.797,0.797,0.797,0.797,0.797,0.797,0.797,0.797,0.797,0.797
2012-11-16 21:00:00,0.606,0.606,0.606,0.606,0.606,0.606,0.606,0.606,0.606,0.606,0.606,0.606,0.606,0.606,0.606,0.606,0.606
2012-11-16 22:00:00,0.434,0.434,0.434,0.434,0.434,0.434,0.434,0.434,0.434,0.434,0.434,0.434,0.434,0.434,0.434,0.434,0.434
2012-11-16 23:00:00,0.223,0.223,0.223,0.223,0.223,0.223,0.223,0.223,0.223,0.223,0.223,0.223,0.223,0.223,0.223,0.223,0.223
2012-11-17 00:00:00,0.132,0.132,0.132,0.132,0.132,0.132,0.132,0.132,0.132,0.132,0.132,0.132,0.132,0.132,0.132,0.132,0.132
2012-11-17 01:00:00,0.101,0.101,0.101,0.101,0.101,0.101,0.101,0.101,0.101,0.101,0.101,0.101,0.101,0.101,0.101,0.101,0.101
2012-11-17 02:00:00,0.101,0.101,0.101,0.101,0.101,0.101,0.101,0.101,0.101,0.101,0.101,0.101,0.101,0.101,0.101,0.101,0.101
2012-11-17 03:00:00,0.111,0.111,0.111,0.111,0.111,0.111,0.111,0.111,0.111,0.111,0.111,0.111,0.111,0.111,0.111,0.111,0.111
2012-11-17 04:00:00,0.213,0.213,0.213,0.213,0.213,0.213,0.213,0.213,0.213,0.213,0.213,0.213,0.213,0.213,0.213,0.213,0.213
2012-11-17 05:00:00,0.718,0.718,0.718,0.718,0.718,0.718,0.718,0.718,0.718,0.718,0.718,0.718,0.718,0.718,0.718,0.718,0.718
2012-11-17 06:00:00,1.363,1.363,1.363,1.363,1.363,1.363,1.363,1.363,1.363,1.363,1.363,1.363,1.363,1.363,1.363,1.363,1.363
2012-11-17 07:00:00,1.868,1.868,1.868,1.868,1.868,1.868,1.868,1.868,1.868,1.868,1.868,1.868,1.868,1.868,1.868,1.868,1.868
2012-11-17 08:00:00,1.697,1.697,1.697,1.697,1.697,1.697,1.697,1.697,1.697,1.697,1.697,1.697,1.697,1.697,1.697,1.697,1.697
2012-11-17 09:00:00,1.414,1.414,1.414,1.414,1.414,1.414,1.414,1.414,1.414,1.414,1.414,1.414,1.414,1.414,1.414,1.414,1.414
2012-11-17 10:00:00,1.363,1.363,1.363,1.363,1.363,1.363,1.363,1.363,1.363,1.363,1.363,1.363,1.363,1.363,1.363,1.363,1.363
2012-11-17 11:00:00,1.404,1.404,1.404,1.404,1.404,1.404,1.404,1.404,1.404,1.404,1.404,1.404,1.404,1.404,1.404,1.404,1.404
2012-11-17 12:00:00,1.454,1.454,1.454,1.454,1.454,1.454,1.454,1.454,1.454,1.454,1.454,1.454,1.454,1.454,1.454,1.454,1.454
2012-11-17 13:00:00,1.616,1.616,1.616,1.616,1.616,1.616,1.616,1.616,1.616,1.616,1.616,1.616,1.616,1.616,1.616,1.616,1.616
2012-11-17 14:00:00,1.969,1.969,1.969,1.969,1.969,1.969,1.969,1.969,1.969,1.969,1.969,1.969,1.969,1.969,1.969,1.969,1.969
2012-11-17 15:00:00,2.262,2.262,2.262,2.262,2.262,2.262,2.262,2.262,2.262,2.262,2.262,2.262,2.262,2.262,2.262,2.262,2.262
2012-11-17 16:00:00,2.262,2.262,2.262,2.262,2.262,2.262,2.262,2.262,2.262,2.262,2.262,2.262,2.262,2.262,2.262,2.262,2.262
2012-11-17 17:00:00,1.818,1.818,1.818,1.818,1.818,1.818,1.818,1.818,1.818,1.818,1.818,1.818,1.818,1.818,1.818,1.818,1.818
2012-11-17 18:00:00,1.414,1.414,1.414,1.414,1.414,1.414,1.414,1.414,1.414,1.414,1.414,1.414,1.414,1.414,1.414,1.414,1.414
2012-11-17 19:00:00,1.101,1.101,1.101,1.101,1.101,1.101,1.101,1.101,1.101,1.101,1.101,1.101,1.101,1.101,1.101,1.101,1.101
2012-11-17 20:00:00,0.848,0.848,0.848,0.848,0.848,0.848,0.848,0.848,0.848,0.848,0.848,0.848,0.848,0.848,0.848,0.848,0.848
2012-11-17 21:00:00,0.647,0.647,0.647,0.647,0.647,0.647,0.647,0.647,0.647,0.647,0.647,0.647,0.647,0.647,0.647,0.647,0.647
2012-11-17 22:00:00,0.465,0.465,0.465,0.465,0.465,0.465,0.465,0.465,0.465,0.465,0.465,0.465,0.465,0.465,0.465,0.465,0.465
2012-11-17 23:00:00,0.243,0.243,0.243,0.243,0.243,0.243,0.243,0.243,0.243,0.243,0.243,0.243,0.243,0.243,0.243,0.243,0.243
2012-11-18 00:00:00,0.252,0.252,0.252,0.252,0.252,0.252,0.252,0.252,0.252,0.252,0.252,0.252,0.252,0.252,0.252,0.252,0.252
2012-11-18 01:00:00,0.192,0.192,0.192,0.192,0.192,0.192,0.192,0.192,0.192,0.192,0.192,0.192,0.192,0.192,0.192,0.192,0.192
2012-11-18 02:00:00,0.172,0.172,0.172,0.172,0.172,0.172,0.172,0.172,0.172,0.172,0.172,0.172,0.172,0.172,0.172,0.172,0.172
2012-11-18 03:00:00,0.162,0.162,0.162,0.162,0.162,0.162,0.162,0.162,0.162,0.162,0.162,0.162,0.162,0.162,0.162,0.162,0.162
2012-11-18 04:00:00,0.202,0.202,0.202,0.202,0.202,0.202,0.202,0.202,0.202,0.202,0.202,0.202,0.202,0.202,0.202,0.202,0.202
2012-11-18 05:00:00,0.363,0.363,0.363,0.363,0.363,0.363,0.363,0.363,0.363,0.363,0.363,0.363,0.363,0.363,0.363,0.363,0.363
2012-11-18 06:00:00,0.505,0.505,0.505,0.505,0.505,0.505,0.505,0.505,0.505,0.505,0.505,0.505,0.505,0.505,0.505,0.505,0.505
2012-11-18 07:00:00,0.647,0.647,0.647,0.647,0.647,0.647,0.647,0.647,0.647,0.647,0.647,0.647,0.647,0.647,0.647,0.647,0.647
2012-11-18 08:00:00,0.878,0.878,0.878,0.878,0.878,0.878,0.878,0.878,0.878,0.878,0.878,0.878,0.878,0.878,0.878,0.878,0.878
2012-11-18 09:00:00,1.111,1.111,1.111,1.111,1.111,1.111,1.111,1.111,1.111,1.111,1.111,1.111,1.111,1.111,1.111,1.111,1.111
2012-11-18 10:00:00,1.404,1.404,1.404,1.404,1.404,1.404,1.404,1.404,1.404,1.404,1.404,1.404,1.404,1.404,1.404,1.404,1.404
2012-11-18 11:00:00,1.525,1.525,1.525,1.525,1.525,1.525,1.525,1.525,1.525,1.525,1.525,1.525,1.525,1.525,1.525,1.525,1.525
2012-11-18 12:00:00,1.606,1.606,1.606,1.606,1.606,1.606,1.606,1.606,1.606,1.606,1.606,1.606,1.606,1.606,1.606,1.606,1.606
2012-11-18 13:00:00,1.616,1.616,1.616,1.616,1.616,1.616,1.616,1.616,1.616,1.616,1.616,1.616,1.616,1.616,1.616,1.616,1.616
2012-11-18 14:00:00,1.586,1.586,1.586,1.586,1.586,1.586,1.586,1.586,1.586,1.586,1.586,1.586,1.586,1.586,1.586,1.586,1.586
2012-11-18 15:00:00,1.505,1.505,1.505,1.505,1.505,1.505,1.505,1.505,1.505,1.505,1.505,1.505,1.505,1.505,1.505,1.505,1.505
2012-11-18 16:00:00,1.383,1.383,1.383,1.383,1.383,1.383,1.383,1.383,1.383,1.383,1.383,1.383,1.383,1.383,1.383,1.383,1.383
2012-11-18 17:00:00,1.272,1.272,1.272,1.272,1.272,1.272,1.272,1.272,1.272,1.272,1.272,1.272,1.272,1.272,1.272,1.272,1.272
2012-11-18 18:00:00,1.131,1.131,1.131,1.131,1.131,1.131,1.131,1.131,1.131,1.131,1.131,1.131,1.131,1.131,1.131,1.131,1.131
2012-11-18 19:00:00,0.98,0.98,0.98,0.98,0.98,0.98,0.98,0.98,0.98,0.98,0.98,0.98,0.98,0.98,0.98,0.98,0.98
2012-11-18 20:00:00,0.808,0.808,0.808,0.808,0.808,0.808,0.808,0.808,0.808,0.808,0.808,0.808,0.808,0.808,0.808,0.808,0.808
2012-11-18 21:00:00,0.616,0.616,0.616,0.616,0.616,0.616,0.616,0.616,0.616,0.616,0.616,0.616,0.616,0.616,0.616,0.616,0.616
2012-11-18 22:00:00,0.444,0.444,0.444,0.444,0.444,0.444,0.444,0.444,0.444,0.444,0.444,0.444,0.444,0.444,0.444,0.444,0.444
2012-11-18 23:00:00,0.292,0.292,0.292,0.292,0.292,0.292,0.292,0.292,0.292,0.292,0.292,0.292,0.292,0.292,0.292,0.292,0.292
2012-11-19 00:00:00,0.223,0.223,0.223,0.223,0.223,0.223,0.223,0.223,0.223,0.223,0.223,0.223,0.223,0.223,0.223,0.223,0.223
2012-11-19 01:00:00,0.182,0.182,0.182,0.182,0.182,0.182,0.182,0.182,0.182,0.182,0.182,0.182,0.182,0.182,0.182,0.182,0.182
2012-11-19 02:00:00,0.152,0.152,0.152,0.152,0.152,0.152,0.152,0.152,0.152,0.152,0.152,0.152,0.152,0.152,0.152,0.152,0.152
2012-11-19 03:00:00,0.121,0.121,0.121,0.121,0.121,0.121,0.121,0.121,0.121,0.121,0.121,0.121,0.121,0.121,0.121,0.121,0.121
2012-11-19 04:00:00,0.132,0.132,0.132,0.132,0.132,0.132,0.132,0.132,0.132,0.132,0.132,0.132,0.132,0.132,0.132,0.132,0.132
2012-11-19 05:00:00,0.223,0.223,0.223,0.223,0.223,0.223,0.223,0.223,0.223,0.223,0.223,0.223,0.223,0.223,0.223,0.223,0.223
2012-11-19 06:00:00,0.303,0.303,0.303,0.303,0.303,0.303,0.303,0.303,0.303,0.303,0.303,0.303,0.303,0.303,0.303,0.303,0.303
2012-11-19 07:00:00,0.414,0.414,0.414,0.414,0.414,0.414,0.414,0.414,0.414,0.414,0.414,0.414,0.414,0.414,0.414,0.414,0.414
2012-11-19 08:00:00,0.556,0.556,0.556,0.556,0.556,0.556,0.556,0.556,0.556,0.556,0.556,0.556,0.556,0.556,0.556,0.556,0.556
2012-11-19 09:00:00,0.777,0.777,0.777,0.777,0.777,0.777,0.777,0.777,0.777,0.777,0.777,0.777,0.777,0.777,0.777,0.777,0.777
2012-11-19 10:00:00,1.03,1.03,1.03,1.03,1.03,1.03,1.03,1.03,1.03,1.03,1.03,1.03,1.03,1.03,1.03,1.03,1.03
2012-11-19 11:00:00,1.243,1.243,1.243,1.243,1.243,1.243,1.243,1.243,1.243,1.243,1.243,1.243,1.243,1.243,1.243,1.243,1.243
2012-11-19 12:00:00,1.383,1.383,1.383,1.383,1.383,1.383,1.383,1.383,1.383,1.383,1.383,1.383,1.383,1.383,1.383,1.383,1.383
2012-11-19 13:00:00,1.454,1.454,1.454,1.454,1.454,1.454,1.454,1.454,1.454,1.454,1.454,1.454,1.454,1.454,1.454,1.454,1.454
2012-11-19 14:00:00,1.535,1.535,1.535,1.535,1.535,1.535,1.535,1.535,1.535,1.535,1.535,1.535,1.535,1.535,1.535,1.535,1.535
2012-11-19 15:00:00,1.555,1.555,1.555,1.555,1.555,1.555,1.555,1.555,1.555,1.555,1.555,1.555,1.555,1.555,1.555,1.555,1.555
2012-11-19 16:00:00,1.576,1.576,1.576,1.576,1.576,1.576,1.576,1.576,1.576,1.576,1.576,1.576,1.576,1.576,1.576,1.576,1.576
2012-11-19 17:00:00,1.535,1.535,1.535,1.535,1.535,1.535,1.535,1.535,1.535,1.535,1.535,1.535,1.535,1.535,1.535,1.535,1.535
2012-11-19 18:00:00,1.475,1.475,1.475,1.475,1.475,1.475,1.475,1.475,1.475,1.475,1.475,1.475,1.475,1.475,1.475,1.475,1.475
2012-11-19 19:00:00,1.302,1.302,1.302,1.302,1.302,1.302,1.302,1.302,1.302,1.302,1.302,1.302,1.302,1.302,1.302,1.302,1.302
2012-11-19 20:00:00,1.01,1.01,1.01,1.01,1.01,1.01,1.01,1.01,1.01,1.01,1.01,1.01,1.01,1.01,1.01,1.01,1.01
2012-11-19 21:00:00,0.718,0.718,0.718,0.718,0.718,0.718,0.718,0.718,0.718,0.718,0.718,0.718,0.718,0.718,0.718,0.718,0.718
2012-11-19 22:00:00,0.434,0.434,0.434,0.434,0.434,0.434,0.434,0.434,0.434,0.434,0.434,0.434,0.434,0.434,0.434,0.434,0.434
2012-11-19 23:00:00,0.243,0.243,0.243,0.243,0.243,0.243,0.243,0.243,0.243,0.243,0.243,0.243,0.243,0.243,0.243,0.243,0.243
2012-11-20 00:00:00,0.121,0.121,0.121,0.121,0.121,0.121,0.121,0.121,0.121,0.121,0.121,0.121,0.121,0.121,0.121,0.121,0.121
2012-11-20 01:00:00,0.091,0.091,0.091,0.091,0.091,0.091,0.091,0.091,0.091,0.091,0.091,0.091,0.091,0.091,0.091,0.091,0.091
2012-11-20 02:00:00,0.091,0.091,0.091,0.091,0.091,0.091,0.091,0.091,0.091,0.091,0.091,0.091,0.091,0.091,0.091,0.091,0.091
2012-11-20 03:00:00,0.101,0.101,0.101,0.101,0.101,0.101,0.101,0.101,0.101,0.101,0.101,0.101,0.101,0.101,0.101,0.101,0.101
2012-11-20 04:00:00,0.192,0.192,0.192,0.192,0.192,0.192,0.192,0.192,0.192,0.192,0.192,0.192,0.192,0.192,0.192,0.192,0.192
2012-11-20 05:00:00,0.657,0.657,0.657,0.657,0.657,0.657,0.657,0.657,0.657,0.657,0.657,0.657,0.657,0.657,0.657,0.657,0.657
2012-11-20 06:00:00,1.243,1.243,1.243,1.243,1.243,1.243,1.243,1.243,1.243,1.243,1.243,1.243,1.243,1.243,1.243,1.243,1.243
2012-11-20 07:00:00,1.707,1.707,1.707,1.707,1.707,1.707,1.707,1.707,1.707,1.707,1.707,1.707,1.707,1.707,1.707,1.707,1.707
2012-11-20 08:00:00,1.545,1.545,1.545,1.545,1.545,1.545,1.545,1.545,1.545,1.545,1.545,1.545,1.545,1.545,1.545,1.545,1.545
2012-11-20 09:00:00,1.292,1.292,1.292,1.292,1.292,1.292,1.292,1.292,1.292,1.292,1.292,1.292,1.292,1.292,1.292,1.292,1.292
2012-11-20 10:00:00,1.243,1.243,1.243,1.243,1.243,1.243,1.243,1.243,1.243,1.243,1.243,1.243,1.243,1.243,1.243,1.243,1.243
2012-11-20 11:00:00,1.272,1.272,1.272,1.272,1.272,1.272,1.272,1.272,1.272,1.272,1.272,1.272,1.272,1.272,1.272,1.272,1.272
2012-11-20 12:00:00,1.323,1.323,1.323,1.323,1.323,1.323,1.323,1.323,1.323,1.323,1.323,1.323,1.323,1.323,1.323,1.323,1.323
2012-11-20 13:00:00,1.475,1.475,1.475,1.475,1.475,1.475,1.475,1.475,1.475,1.475,1.475,1.475,1.475,1.475,1.475,1.475,1.475
2012-11-20 14:00:00,1.797,1.797,1.797,1.797,1.797,1.797,1.797,1.797,1.797,1.797,1.797,1.797,1.797,1.797,1.797,1.797,1.797
2012-11-20 15:00:00,2.061,2.061,2.061,2.061,2.061,2.061,2.061,2.061,2.061,2.061,2.061,2.061,2.061,2.061,2.061,2.061,2.061
2012-11-20 16:00:00,2.061,2.061,2.061,2.061,2.061,2.061,2.061,2.061,2.061,2.061,2.061,2.061,2.061,2.061,2.061,2.061,2.061
2012-11-20 17:00:00,1.657,1.657,1.657,1.657,1.657,1.657,1.657,1.657,1.657,1.657,1.657,1.657,1.657,1.657,1.657,1.657,1.657
2012-11-20 18:00:00,1.282,1.282,1.282,1.282,1.282,1.282,1.282,1.282,1.282,1.282,1.282,1.282,1.282,1.282,1.282,1.282,1.282
2012-11-20 19:00:00,1.0,1.0,1.0,1.0,1.0,1.0,1.0,1.0,1.0,1.0,1.0,1.0,1.0,1.0,1.0,1.0,1.0
2012-11-20 20:00:00,0.767,0.767,0.767,0.767,0.767,0.767,0.767,0.767,0.767,0.767,0.767,0.767,0.767,0.767,0.767,0.767,0.767
2012-11-20 21:00:00,0.586,0.586,0.586,0.586,0.586,0.586,0.586,0.586,0.586,0.586,0.586,0.586,0.586,0.586,0.586,0.586,0.586
2012-11-20 22:00:00,0.414,0.414,0.414,0.414,0.414,0.414,0.414,0.414,0.414,0.414,0.414,0.414,0.414,0.414,0.414,0.414,0.414
2012-11-20 23:00:00,0.213,0.213,0.213,0.213,0.213,0.213,0.213,0.213,0.213,0.213,0.213,0.213,0.213,0.213,0.213,0.213,0.213
2012-11-21 00:00:00,0.111,0.111,0.111,0.111,0.111,0.111,0.111,0.111,0.111,0.111,0.111,0.111,0.111,0.111,0.111,0.111,0.111
2012-11-21 01:00:00,0.091,0.091,0.091,0.091,0.091,0.091,0.091,0.091,0.091,0.091,0.091,0.091,0.091,0.091,0.091,0.091,0.091
2012-11-21 02:00:00,0.081,0.081,0.081,0.081,0.081,0.081,0.081,0.081,0.081,0.081,0.081,0.081,0.081,0.081,0.081,0.081,0.081
2012-11-21 03:00:00,0.101,0.101,0.101,0.101,0.101,0.101,0.101,0.101,0.101,0.101,0.101,0.101,0.101,0.101,0.101,0.101,0.101
2012-11-21 04:00:00,0.192,0.192,0.192,0.192,0.192,0.192,0.192,0.192,0.192,0.192,0.192,0.192,0.192,0.192,0.192,0.192,0.192
2012-11-21 05:00:00,0.637,0.637,0.637,0.637,0.637,0.637,0.637,0.637,0.637,0.637,0.637,0.637,0.637,0.637,0.637,0.637,0.637
2012-11-21 06:00:00,1.212,1.212,1.212,1.212,1.212,1.212,1.212,1.212,1.212,1.212,1.212,1.212,1.212,1.212,1.212,1.212,1.212
2012-11-21 07:00:00,1.657,1.657,1.657,1.657,1.657,1.657,1.657,1.657,1.657,1.657,1.657,1.657,1.657,1.657,1.657,1.657,1.657
2012-11-21 08:00:00,1.505,1.505,1.505,1.505,1.505,1.505,1.505,1.505,1.505,1.505,1.505,1.505,1.505,1.505,1.505,1.505,1.505
2012-11-21 09:00:00,1.253,1.253,1.253,1.253,1.253,1.253,1.253,1.253,1.253,1.253,1.253,1.253,1.253,1.253,1.253,1.253,1.253
2012-11-21 10:00:00,1.212,1.212,1.212,1.212,1.212,1.212,1.212,1.212,1.212,1.212,1.212,1.212,1.212,1.212,1.212,1.212,1.212
2012-11-21 11:00:00,1.243,1.243,1.243,1.243,1.243,1.243,1.243,1.243,1.243,1.243,1.243,1.243,1.243,1.243,1.243,1.243,1.243
2012-11-21 12:00:00,1.282,1.282,1.282,1.282,1.282,1.282,1.282,1.282,1.282,1.282,1.282,1.282,1.282,1.282,1.282,1.282,1.282
2012-11-21 13:00:00,1.424,1.424,1.424,1.424,1.424,1.424,1.424,1.424,1.424,1.424,1.424,1.424,1.424,1.424,1.424,1.424,1.424
2012-11-21 14:00:00,1.748,1.748,1.748,1.748,1.748,1.748,1.748,1.748,1.748,1.748,1.748,1.748,1.748,1.748,1.748,1.748,1.748
2012-11-21 15:00:00,2.0,2.0,2.0,2.0,2.0,2.0,2.0,2.0,2.0,2.0,2.0,2.0,2.0,2.0,2.0,2.0,2.0
2012-11-21 16:00:00,2.0,2.0,2.0,2.0,2.0,2.0,2.0,2.0,2.0,2.0,2.0,2.0,2.0,2.0,2.0,2.0,2.0
2012-11-21 17:00:00,1.606,1.606,1.606,1.606,1.606,1.606,1.606,1.606,1.606,1.606,1.606,1.606,1.606,1.606,1.606,1.606,1.606
2012-11-21 18:00:00,1.243,1.243,1.243,1.243,1.243,1.243,1.243,1.243,1.243,1.243,1.243,1.243,1.243,1.243,1.243,1.243,1.243
2012-11-21 19:00:00,0.97,0.97,0.97,0.97,0.97,0.97,0.97,0.97,0.97,0.97,0.97,0.97,0.97,0.97,0.97,0.97,0.97
2012-11-21 20:00:00,0.748,0.748,0.748,0.748,0.748,0.748,0.748,0.748,0.748,0.748,0.748,0.748,0.748,0.748,0.748,0.748,0.748
2012-11-21 21:00:00,0.566,0.566,0.566,0.566,0.566,0.566,0.566,0.566,0.566,0.566,0.566,0.566,0.566,0.566,0.566,0.566,0.566
2012-11-21 22:00:00,0.404,0.404,0.404,0.404,0.404,0.404,0.404,0.404,0.404,0.404,0.404,0.404,0.404,0.404,0.404,0.404,0.404
2012-11-21 23:00:00,0.213,0.213,0.213,0.213,0.213,0.213,0.213,0.213,0.213,0.213,0.213,0.213,0.213,0.213,0.213,0.213,0.213
