hour,PL,PL dolnośląskie,PL kujawsko-pomorskie,PL lubelskie,PL lubuskie,PL łódzkie,PL małopolskie,PL mazowieckie,PL opolskie,PL podkarpackie,PL podlaskie,PL pomorskie,PL śląskie,PL świętokrzyskie,PL warmińsko-mazurskie,PL wielkopolskie,PL zachodniopomorskie
2012-01-28 00:00:00,2.001,1.868,2.042,1.981,1.846,2.091,2.064,2.04,2.029,1.986,1.918,2.043,2.004,2.113,1.961,1.961,1.841
2012-01-28 01:00:00,1.986,1.854,2.035,1.966,1.846,2.077,2.049,2.026,1.999,1.957,1.91,2.043,1.975,2.09,1.954,1.961,1.841
2012-01-28 02:00:00,1.986,1.854,2.049,1.966,1.861,2.077,2.049,2.033,1.985,1.95,1.91,2.059,1.967,2.09,1.961,1.968,1.856
2012-01-28 03:00:00,2.009,1.868,2.072,1.988,1.89,2.091,2.064,2.055,1.985,1.965,1.933,2.09,1.975,2.105,1.991,1.99,1.886
2012-01-28 04:00:00,2.082,1.941,2.153,2.061,1.977,2.166,2.137,2.136,2.051,2.03,2.015,2.182,2.048,2.179,2.066,2.079,1.977
2012-01-28 05:00:00,2.415,2.255,2.487,2.383,2.313,2.492,2.453,2.46,2.373,2.342,2.327,2.558,2.378,2.503,2.396,2.418,2.312
2012-01-28 06:00:00,2.666,2.496,2.747,2.624,2.583,2.744,2.695,2.718,2.622,2.573,2.572,2.85,2.628,2.753,2.635,2.69,2.594
2012-01-28 07:00:00,2.525,2.335,2.621,2.507,2.444,2.611,2.563,2.585,2.454,2.45,2.468,2.696,2.474,2.62,2.515,2.536,2.457
2012-01-28 08:00:00,2.481,2.284,2.577,2.471,2.415,2.559,2.512,2.541,2.402,2.407,2.431,2.658,2.43,2.562,2.478,2.491,2.426
2012-01-28 09:00:00,2.422,2.219,2.517,2.419,2.357,2.492,2.453,2.482,2.329,2.363,2.386,2.597,2.364,2.495,2.425,2.432,2.373
2012-01-28 10:00:00,2.37,2.153,2.465,2.376,2.313,2.44,2.394,2.423,2.263,2.313,2.356,2.543,2.305,2.436,2.373,2.373,2.327
2012-01-28 11:00:00,2.333,2.109,2.428,2.354,2.277,2.396,2.358,2.394,2.227,2.284,2.334,2.504,2.276,2.4,2.343,2.337,2.297
2012-01-28 12:00:00,2.297,2.065,2.391,2.324,2.24,2.351,2.321,2.357,2.183,2.255,2.312,2.458,2.239,2.355,2.313,2.292,2.259
2012-01-28 13:00:00,2.289,2.043,2.369,2.317,2.225,2.329,2.299,2.342,2.168,2.247,2.319,2.435,2.231,2.341,2.313,2.278,2.251
2012-01-28 14:00:00,2.274,2.022,2.361,2.324,2.211,2.321,2.291,2.342,2.146,2.247,2.319,2.428,2.224,2.326,2.306,2.263,2.244
2012-01-28 15:00:00,2.311,2.051,2.398,2.376,2.247,2.351,2.321,2.379,2.183,2.291,2.371,2.458,2.261,2.363,2.351,2.292,2.282
2012-01-28 16:00:00,2.363,2.08,2.443,2.427,2.298,2.396,2.372,2.431,2.227,2.349,2.431,2.504,2.32,2.407,2.403,2.344,2.327
2012-01-28 17:00:00,2.407,2.102,2.48,2.471,2.342,2.44,2.402,2.475,2.263,2.4,2.483,2.543,2.371,2.436,2.448,2.381,2.365
2012-01-28 18:00:00,2.385,2.087,2.465,2.471,2.32,2.418,2.387,2.467,2.248,2.392,2.475,2.52,2.356,2.422,2.433,2.351,2.343
2012-01-28 19:00:00,2.4,2.08,2.48,2.485,2.328,2.425,2.387,2.475,2.263,2.414,2.49,2.527,2.378,2.422,2.448,2.366,2.35
2012-01-28 20:00:00,2.37,2.058,2.443,2.471,2.298,2.388,2.358,2.453,2.241,2.392,2.475,2.489,2.356,2.392,2.418,2.329,2.32
2012-01-28 21:00:00,2.297,1.985,2.354,2.398,2.225,2.307,2.291,2.379,2.175,2.32,2.394,2.397,2.29,2.319,2.351,2.248,2.228
2012-01-28 22:00:00,2.178,1.876,2.228,2.281,2.101,2.18,2.174,2.261,2.073,2.211,2.282,2.259,2.18,2.201,2.223,2.123,2.107
2012-01-28 23:00:00,1.986,1.708,2.012,2.083,1.904,1.973,1.983,2.07,1.897,2.023,2.081,2.043,1.997,2.01,2.029,1.916,1.901
2012-01-29 00:00:00,1.964,1.7,1.983,2.061,1.883,1.951,1.961,2.04,1.897,2.001,2.052,2.005,1.982,1.987,1.999,1.894,1.871
2012-01-29 01:00:00,1.957,1.708,1.968,2.061,1.875,1.936,1.961,2.033,1.912,2.001,2.052,1.99,1.989,1.98,1.991,1.88,1.856
2012-01-29 02:00:00,1.957,1.722,1.968,2.061,1.875,1.936,1.968,2.026,1.934,2.001,2.052,1.982,2.011,1.973,1.984,1.88,1.848
2012-01-29 03:00:00,1.986,1.759,1.983,2.091,1.897,1.958,1.998,2.055,1.977,2.03,2.081,1.997,2.048,2.002,2.014,1.894,1.863
2012-01-29 04:00:00,2.068,1.854,2.064,2.178,1.97,2.04,2.078,2.136,2.073,2.11,2.171,2.066,2.143,2.083,2.089,1.968,1.932
2012-01-29 05:00:00,2.407,2.189,2.413,2.522,2.306,2.381,2.409,2.475,2.446,2.443,2.513,2.412,2.525,2.414,2.418,2.307,2.251
2012-01-29 06:00:00,2.673,2.467,2.688,2.785,2.568,2.655,2.651,2.733,2.754,2.697,2.773,2.673,2.782,2.657,2.658,2.565,2.502
2012-01-29 07:00:00,2.525,2.343,2.532,2.639,2.408,2.499,2.519,2.593,2.615,2.552,2.624,2.504,2.643,2.517,2.523,2.418,2.35
2012-01-29 08:00:00,2.489,2.328,2.48,2.602,2.364,2.455,2.482,2.563,2.6,2.508,2.572,2.451,2.599,2.473,2.485,2.373,2.304
2012-01-29 09:00:00,2.444,2.306,2.435,2.551,2.32,2.403,2.438,2.519,2.563,2.465,2.527,2.397,2.554,2.429,2.44,2.329,2.251
2012-01-29 10:00:00,2.4,2.277,2.383,2.507,2.269,2.358,2.394,2.482,2.534,2.414,2.461,2.335,2.503,2.378,2.396,2.285,2.198
2012-01-29 11:00:00,2.378,2.27,2.361,2.485,2.247,2.336,2.387,2.467,2.519,2.392,2.446,2.305,2.488,2.363,2.381,2.263,2.175
2012-01-29 12:00:00,2.348,2.255,2.339,2.449,2.218,2.307,2.35,2.431,2.497,2.363,2.401,2.266,2.459,2.326,2.343,2.233,2.145
2012-01-29 13:00:00,2.341,2.248,2.324,2.434,2.204,2.292,2.35,2.431,2.497,2.356,2.386,2.259,2.444,2.319,2.336,2.226,2.137
2012-01-29 14:00:00,2.341,2.255,2.324,2.427,2.204,2.292,2.358,2.423,2.512,2.356,2.379,2.251,2.444,2.319,2.321,2.226,2.137
2012-01-29 15:00:00,2.385,2.313,2.369,2.471,2.255,2.344,2.402,2.467,2.571,2.407,2.416,2.289,2.488,2.363,2.358,2.278,2.175
2012-01-29 16:00:00,2.437,2.379,2.428,2.515,2.313,2.396,2.453,2.519,2.637,2.465,2.461,2.343,2.54,2.407,2.41,2.337,2.228
2012-01-29 17:00:00,2.489,2.43,2.48,2.558,2.364,2.447,2.504,2.563,2.703,2.516,2.498,2.397,2.584,2.451,2.448,2.381,2.274
2012-01-29 18:00:00,2.474,2.423,2.473,2.536,2.357,2.433,2.497,2.548,2.703,2.508,2.475,2.381,2.569,2.444,2.433,2.373,2.266
2012-01-29 19:00:00,2.489,2.445,2.487,2.551,2.379,2.455,2.512,2.556,2.725,2.53,2.475,2.397,2.584,2.459,2.448,2.396,2.289
2012-01-29 20:00:00,2.481,2.43,2.473,2.529,2.371,2.44,2.504,2.541,2.717,2.516,2.461,2.381,2.569,2.444,2.433,2.388,2.274
2012-01-29 21:00:00,2.4,2.365,2.398,2.449,2.298,2.366,2.431,2.46,2.637,2.443,2.379,2.305,2.488,2.37,2.358,2.307,2.206
2012-01-29 22:00:00,2.282,2.248,2.287,2.324,2.182,2.247,2.314,2.342,2.505,2.327,2.26,2.189,2.364,2.267,2.238,2.197,2.092
2012-01-29 23:00:00,2.09,2.043,2.094,2.12,1.985,2.062,2.115,2.136,2.278,2.139,2.059,1.997,2.151,2.068,2.051,1.998,1.901
2012-01-30 00:00:00,2.082,2.029,2.101,2.12,1.97,2.062,2.115,2.136,2.256,2.146,2.059,1.99,2.151,2.076,2.051,1.99,1.894
2012-01-30 01:00:00,2.082,2.029,2.101,2.12,1.963,2.069,2.115,2.136,2.241,2.16,2.052,1.99,2.151,2.083,2.051,1.99,1.894
2012-01-30 02:00:00,2.097,2.029,2.116,2.134,1.97,2.091,2.137,2.151,2.248,2.182,2.067,1.997,2.158,2.098,2.066,2.012,1.901
2012-01-30 03:00:00,2.134,2.058,2.153,2.171,1.999,2.129,2.181,2.188,2.278,2.226,2.096,2.043,2.195,2.142,2.096,2.049,1.939
2012-01-30 04:00:00,2.23,2.146,2.25,2.259,2.094,2.225,2.277,2.283,2.373,2.334,2.178,2.143,2.29,2.238,2.186,2.145,2.031
2012-01-30 05:00:00,2.585,2.489,2.599,2.602,2.444,2.566,2.629,2.63,2.739,2.704,2.513,2.512,2.643,2.591,2.523,2.506,2.365
2012-01-30 06:00:00,2.843,2.759,2.866,2.865,2.714,2.833,2.901,2.895,3.003,2.987,2.773,2.796,2.914,2.856,2.777,2.794,2.632
2012-01-30 07:00:00,2.71,2.598,2.732,2.734,2.576,2.707,2.769,2.755,2.856,2.856,2.654,2.65,2.782,2.731,2.65,2.646,2.502
2012-01-30 08:00:00,2.681,2.547,2.703,2.697,2.539,2.677,2.739,2.725,2.812,2.834,2.624,2.612,2.745,2.701,2.613,2.609,2.464
2012-01-30 09:00:00,2.629,2.489,2.651,2.646,2.488,2.625,2.688,2.666,2.747,2.784,2.579,2.566,2.701,2.65,2.56,2.558,2.419
2012-01-30 10:00:00,2.577,2.43,2.599,2.588,2.444,2.566,2.637,2.607,2.688,2.733,2.527,2.52,2.65,2.598,2.508,2.514,2.381
2012-01-30 11:00:00,2.548,2.408,2.577,2.573,2.422,2.544,2.622,2.578,2.659,2.711,2.52,2.497,2.628,2.576,2.485,2.484,2.358
2012-01-30 12:00:00,2.518,2.379,2.539,2.544,2.401,2.507,2.593,2.548,2.622,2.675,2.483,2.474,2.599,2.547,2.455,2.455,2.327
2012-01-30 13:00:00,2.503,2.365,2.525,2.529,2.386,2.492,2.578,2.526,2.6,2.66,2.475,2.466,2.584,2.532,2.44,2.44,2.32
2012-01-30 14:00:00,2.503,2.357,2.517,2.529,2.386,2.485,2.571,2.519,2.585,2.653,2.468,2.466,2.584,2.525,2.44,2.432,2.32
2012-01-30 15:00:00,2.555,2.408,2.569,2.58,2.437,2.529,2.622,2.571,2.629,2.704,2.513,2.52,2.635,2.576,2.493,2.484,2.373
2012-01-30 16:00:00,2.607,2.467,2.629,2.631,2.488,2.581,2.681,2.63,2.673,2.755,2.572,2.581,2.694,2.628,2.545,2.536,2.426
2012-01-30 17:00:00,2.658,2.525,2.673,2.683,2.546,2.618,2.725,2.674,2.71,2.791,2.617,2.635,2.745,2.672,2.59,2.58,2.479
2012-01-30 18:00:00,2.636,2.503,2.651,2.661,2.517,2.596,2.71,2.659,2.688,2.769,2.602,2.612,2.738,2.657,2.575,2.558,2.464
2012-01-30 19:00:00,2.651,2.518,2.666,2.675,2.532,2.603,2.725,2.674,2.695,2.769,2.617,2.635,2.753,2.665,2.583,2.565,2.479
2012-01-30 20:00:00,2.629,2.503,2.643,2.661,2.51,2.581,2.703,2.652,2.666,2.747,2.602,2.612,2.731,2.635,2.568,2.543,2.457
2012-01-30 21:00:00,2.54,2.423,2.569,2.58,2.422,2.499,2.622,2.578,2.593,2.653,2.527,2.52,2.657,2.554,2.485,2.455,2.381
2012-01-30 22:00:00,2.415,2.299,2.428,2.449,2.306,2.366,2.482,2.438,2.454,2.508,2.409,2.381,2.518,2.414,2.351,2.315,2.259
2012-01-30 23:00:00,2.208,2.116,2.228,2.251,2.101,2.166,2.277,2.239,2.27,2.291,2.215,2.166,2.32,2.216,2.156,2.108,2.054
2012-01-31 00:00:00,2.178,2.095,2.19,2.208,2.072,2.136,2.247,2.202,2.248,2.24,2.171,2.128,2.29,2.179,2.119,2.071,2.023
2012-01-31 01:00:00,2.171,2.095,2.19,2.208,2.08,2.136,2.24,2.202,2.256,2.233,2.171,2.12,2.29,2.171,2.119,2.071,2.015
2012-01-31 02:00:00,2.178,2.116,2.198,2.215,2.087,2.136,2.247,2.21,2.27,2.233,2.185,2.12,2.298,2.171,2.126,2.079,2.023
2012-01-31 03:00:00,2.215,2.153,2.228,2.251,2.131,2.173,2.277,2.239,2.314,2.255,2.215,2.159,2.334,2.201,2.156,2.115,2.054
2012-01-31 04:00:00,2.304,2.248,2.317,2.339,2.225,2.255,2.372,2.335,2.417,2.342,2.304,2.243,2.43,2.289,2.238,2.204,2.152
2012-01-31 05:00:00,2.666,2.605,2.673,2.697,2.59,2.596,2.732,2.696,2.79,2.689,2.646,2.604,2.804,2.628,2.583,2.572,2.502
2012-01-31 06:00:00,2.939,2.883,2.94,2.968,2.875,2.855,3.004,2.961,3.069,2.958,2.959,2.881,3.083,2.893,2.837,2.853,2.776
2012-01-31 07:00:00,2.799,2.759,2.799,2.829,2.722,2.722,2.857,2.821,2.922,2.813,2.765,2.727,2.951,2.753,2.71,2.705,2.632
2012-01-31 08:00:00,2.762,2.737,2.77,2.792,2.678,2.692,2.82,2.792,2.878,2.776,2.736,2.673,2.907,2.716,2.68,2.661,2.578
2012-01-31 09:00:00,2.703,2.686,2.718,2.734,2.627,2.633,2.762,2.733,2.82,2.718,2.676,2.62,2.848,2.657,2.628,2.609,2.525
2012-01-31 10:00:00,2.644,2.635,2.673,2.668,2.576,2.581,2.703,2.674,2.754,2.66,2.624,2.558,2.789,2.598,2.583,2.558,2.472
2012-01-31 11:00:00,2.621,2.613,2.666,2.646,2.546,2.559,2.681,2.652,2.739,2.639,2.609,2.527,2.767,2.576,2.56,2.528,2.449
2012-01-31 12:00:00,2.592,2.576,2.643,2.61,2.517,2.529,2.644,2.622,2.703,2.61,2.572,2.497,2.731,2.547,2.53,2.499,2.419
2012-01-31 13:00:00,2.577,2.562,2.636,2.588,2.51,2.514,2.629,2.607,2.695,2.595,2.572,2.481,2.716,2.532,2.523,2.491,2.403
2012-01-31 14:00:00,2.57,2.554,2.636,2.58,2.503,2.514,2.629,2.607,2.681,2.588,2.565,2.466,2.709,2.525,2.515,2.484,2.403
2012-01-31 15:00:00,2.629,2.605,2.703,2.631,2.561,2.566,2.681,2.659,2.739,2.646,2.602,2.512,2.76,2.576,2.568,2.543,2.449
2012-01-31 16:00:00,2.681,2.656,2.755,2.69,2.619,2.618,2.739,2.718,2.79,2.704,2.661,2.566,2.819,2.628,2.62,2.602,2.502
2012-01-31 17:00:00,2.732,2.7,2.807,2.734,2.685,2.67,2.784,2.769,2.842,2.755,2.706,2.62,2.87,2.672,2.672,2.654,2.548
2012-01-31 18:00:00,2.717,2.686,2.792,2.719,2.663,2.655,2.769,2.747,2.827,2.747,2.676,2.597,2.855,2.657,2.658,2.639,2.525
2012-01-31 19:00:00,2.732,2.693,2.807,2.734,2.685,2.67,2.784,2.762,2.842,2.769,2.676,2.604,2.87,2.665,2.672,2.661,2.533
2012-01-31 20:00:00,2.71,2.671,2.792,2.697,2.671,2.655,2.762,2.747,2.82,2.762,2.654,2.581,2.848,2.657,2.65,2.646,2.51
2012-01-31 21:00:00,2.629,2.598,2.71,2.617,2.583,2.581,2.681,2.666,2.732,2.689,2.579,2.489,2.767,2.584,2.583,2.572,2.426
2012-01-31 22:00:00,2.496,2.459,2.569,2.5,2.452,2.447,2.549,2.534,2.585,2.559,2.468,2.366,2.628,2.451,2.448,2.44,2.289
2012-01-31 23:00:00,2.304,2.262,2.376,2.31,2.247,2.255,2.35,2.335,2.38,2.378,2.282,2.151,2.422,2.267,2.261,2.256,2.092
2012-02-01 00:00:00,2.274,2.233,2.339,2.273,2.218,2.232,2.314,2.298,2.336,2.342,2.245,2.12,2.386,2.238,2.238,2.226,2.061
2012-02-01 01:00:00,2.274,2.233,2.346,2.281,2.218,2.24,2.328,2.313,2.336,2.363,2.26,2.12,2.393,2.252,2.246,2.226,2.069
2012-02-01 02:00:00,2.304,2.248,2.361,2.31,2.233,2.262,2.358,2.328,2.358,2.392,2.282,2.166,2.408,2.274,2.261,2.248,2.084
2012-02-01 03:00:00,2.348,2.284,2.413,2.354,2.277,2.307,2.409,2.386,2.402,2.443,2.327,2.205,2.452,2.319,2.313,2.292,2.13
2012-02-01 04:00:00,2.452,2.372,2.525,2.449,2.371,2.41,2.512,2.49,2.512,2.552,2.423,2.305,2.562,2.422,2.41,2.396,2.228
2012-02-01 05:00:00,2.836,2.744,2.918,2.829,2.751,2.796,2.908,2.873,2.9,2.958,2.795,2.673,2.966,2.812,2.8,2.779,2.616
2012-02-01 06:00:00,3.153,3.014,3.215,3.165,3.035,3.085,3.261,3.219,3.208,3.313,3.13,2.95,3.267,3.15,3.144,3.059,2.905
2012-02-01 07:00:00,2.991,2.875,3.081,2.968,2.911,2.959,3.063,3.02,3.076,3.11,2.929,2.827,3.127,2.959,2.949,2.934,2.768
2012-02-01 08:00:00,2.961,2.832,3.044,2.953,2.882,2.929,3.041,2.99,3.047,3.088,2.907,2.789,3.09,2.937,2.92,2.904,2.738
2012-02-01 09:00:00,2.909,2.788,2.992,2.902,2.831,2.878,2.989,2.939,2.996,3.037,2.855,2.735,3.039,2.885,2.875,2.86,2.685
2012-02-01 10:00:00,2.858,2.744,2.926,2.858,2.795,2.84,2.938,2.887,2.944,2.979,2.795,2.689,2.988,2.841,2.822,2.816,2.639
2012-02-01 11:00:00,2.843,2.729,2.896,2.843,2.78,2.818,2.93,2.873,2.922,2.965,2.773,2.658,2.966,2.827,2.807,2.801,2.624
2012-02-01 12:00:00,2.806,2.7,2.859,2.814,2.751,2.789,2.894,2.836,2.886,2.929,2.75,2.62,2.929,2.797,2.77,2.772,2.586
2012-02-01 13:00:00,2.806,2.693,2.851,2.822,2.751,2.789,2.901,2.843,2.886,2.936,2.743,2.612,2.922,2.804,2.777,2.772,2.578
2012-02-01 14:00:00,2.806,2.693,2.851,2.822,2.758,2.789,2.901,2.843,2.886,2.943,2.75,2.597,2.929,2.812,2.785,2.772,2.578
2012-02-01 15:00:00,2.873,2.751,2.918,2.887,2.816,2.848,2.967,2.902,2.944,3.008,2.802,2.643,2.98,2.871,2.852,2.83,2.632
2012-02-01 16:00:00,2.939,2.817,2.992,2.953,2.889,2.922,3.033,2.961,3.018,3.081,2.869,2.696,3.046,2.944,2.92,2.904,2.708
2012-02-01 17:00:00,2.998,2.875,3.067,3.012,2.948,2.981,3.099,3.02,3.076,3.153,2.929,2.742,3.098,3.011,2.987,2.963,2.768
2012-02-01 18:00:00,2.976,2.861,3.059,2.99,2.933,2.959,3.085,2.998,3.061,3.132,2.914,2.727,3.076,2.988,2.972,2.948,2.753
2012-02-01 19:00:00,2.991,2.883,3.089,3.004,2.955,2.967,3.099,3.013,3.083,3.153,2.936,2.727,3.09,3.011,2.994,2.971,2.761
2012-02-01 20:00:00,2.976,2.868,3.081,2.99,2.941,2.952,3.085,2.998,3.061,3.132,2.929,2.712,3.068,3.003,2.987,2.948,2.746
2012-02-01 21:00:00,2.895,2.788,2.992,2.902,2.853,2.878,2.989,2.909,2.974,3.045,2.855,2.635,2.973,2.915,2.905,2.867,2.662
2012-02-01 22:00:00,2.754,2.649,2.851,2.77,2.707,2.744,2.857,2.777,2.834,2.907,2.721,2.504,2.841,2.782,2.777,2.727,2.533
2012-02-01 23:00:00,2.548,2.43,2.643,2.573,2.495,2.536,2.644,2.563,2.607,2.697,2.52,2.305,2.628,2.576,2.568,2.506,2.32
2012-02-02 00:00:00,2.511,2.408,2.599,2.529,2.466,2.507,2.6,2.534,2.578,2.653,2.49,2.282,2.584,2.539,2.538,2.484,2.289
2012-02-02 01:00:00,2.518,2.401,2.606,2.544,2.466,2.514,2.607,2.541,2.593,2.668,2.505,2.289,2.584,2.539,2.553,2.484,2.289
2012-02-02 02:00:00,2.54,2.416,2.636,2.566,2.481,2.544,2.629,2.571,2.615,2.689,2.527,2.305,2.613,2.562,2.575,2.506,2.304
2012-02-02 03:00:00,2.592,2.459,2.68,2.617,2.517,2.588,2.673,2.615,2.666,2.733,2.579,2.351,2.657,2.606,2.628,2.55,2.343
2012-02-02 04:00:00,2.688,2.554,2.792,2.727,2.619,2.7,2.776,2.725,2.776,2.849,2.676,2.451,2.76,2.709,2.74,2.654,2.441
2012-02-02 05:00:00,3.116,2.963,3.223,3.15,3.028,3.115,3.202,3.152,3.201,3.277,3.1,2.842,3.186,3.121,3.167,3.074,2.814
2012-02-02 06:00:00,3.463,3.262,3.616,3.531,3.327,3.486,3.591,3.535,3.581,3.661,3.479,3.134,3.567,3.496,3.548,3.383,3.088
2012-02-02 07:00:00,3.271,3.124,3.401,3.311,3.181,3.271,3.364,3.315,3.354,3.422,3.271,3.011,3.34,3.276,3.331,3.236,2.943
2012-02-02 08:00:00,3.242,3.08,3.386,3.289,3.13,3.241,3.327,3.292,3.325,3.385,3.249,2.981,3.303,3.239,3.309,3.192,2.89
2012-02-02 09:00:00,3.175,3.029,3.319,3.231,3.065,3.174,3.268,3.241,3.259,3.313,3.196,2.935,3.237,3.18,3.256,3.133,2.829
2012-02-02 10:00:00,3.124,2.97,3.26,3.172,3.006,3.122,3.202,3.189,3.201,3.24,3.152,2.888,3.171,3.121,3.211,3.066,2.753
2012-02-02 11:00:00,3.101,2.956,3.252,3.158,2.97,3.1,3.18,3.175,3.179,3.219,3.152,2.881,3.142,3.106,3.196,3.044,2.715
2012-02-02 12:00:00,3.065,2.919,3.223,3.121,2.919,3.063,3.136,3.138,3.142,3.175,3.115,2.858,3.098,3.062,3.159,3.0,2.662
2012-02-02 13:00:00,3.065,2.927,3.23,3.129,2.889,3.063,3.136,3.145,3.142,3.168,3.13,2.858,3.098,3.055,3.159,3.0,2.632
2012-02-02 14:00:00,3.057,2.934,3.237,3.129,2.86,3.063,3.129,3.145,3.142,3.161,3.13,2.865,3.098,3.047,3.152,2.985,2.609
2012-02-02 15:00:00,3.116,2.992,3.304,3.202,2.904,3.122,3.188,3.211,3.208,3.219,3.204,2.935,3.156,3.106,3.219,3.029,2.639
2012-02-02 16:00:00,3.19,3.072,3.371,3.275,2.948,3.196,3.254,3.292,3.281,3.291,3.278,3.011,3.23,3.173,3.279,3.096,2.685
2012-02-02 17:00:00,3.249,3.131,3.423,3.341,2.977,3.256,3.312,3.359,3.347,3.349,3.345,3.073,3.289,3.239,3.339,3.14,2.723
2012-02-02 18:00:00,3.212,3.102,3.371,3.311,2.933,3.226,3.276,3.329,3.318,3.313,3.308,3.065,3.259,3.209,3.294,3.096,2.677
2012-02-02 19:00:00,3.234,3.124,3.364,3.326,2.926,3.241,3.29,3.351,3.332,3.327,3.315,3.08,3.267,3.224,3.294,3.103,2.685
2012-02-02 20:00:00,3.197,3.102,3.319,3.311,2.882,3.211,3.268,3.337,3.31,3.306,3.293,3.065,3.244,3.209,3.264,3.066,2.662
2012-02-02 21:00:00,3.109,3.007,3.215,3.209,2.78,3.122,3.173,3.241,3.215,3.211,3.189,2.973,3.149,3.114,3.159,2.963,2.563
2012-02-02 22:00:00,2.954,2.868,3.059,3.055,2.619,2.967,3.026,3.079,3.061,3.059,3.033,2.812,2.995,2.974,3.002,2.823,2.434
2012-02-02 23:00:00,2.717,2.642,2.814,2.814,2.393,2.729,2.784,2.836,2.827,2.82,2.788,2.581,2.753,2.738,2.762,2.58,2.213
2012-02-03 00:00:00,2.651,2.576,2.747,2.741,2.342,2.67,2.725,2.769,2.754,2.762,2.721,2.527,2.694,2.679,2.695,2.528,2.16
2012-02-03 01:00:00,2.644,2.569,2.74,2.734,2.328,2.662,2.725,2.755,2.747,2.762,2.721,2.504,2.687,2.672,2.695,2.514,2.16
2012-02-03 02:00:00,2.658,2.576,2.747,2.741,2.335,2.67,2.739,2.762,2.761,2.776,2.728,2.504,2.701,2.687,2.702,2.521,2.16
2012-02-03 03:00:00,2.688,2.605,2.777,2.778,2.364,2.7,2.776,2.799,2.798,2.82,2.765,2.535,2.731,2.724,2.732,2.55,2.198
2012-02-03 04:00:00,2.784,2.693,2.874,2.88,2.452,2.796,2.886,2.902,2.9,2.929,2.862,2.62,2.833,2.827,2.83,2.639,2.289
2012-02-03 05:00:00,3.205,3.102,3.297,3.304,2.824,3.211,3.32,3.329,3.34,3.378,3.293,3.004,3.267,3.261,3.241,3.044,2.677
2012-02-03 06:00:00,3.559,3.452,3.646,3.684,3.086,3.582,3.702,3.705,3.728,3.77,3.665,3.273,3.641,3.636,3.601,3.332,2.974
2012-02-03 07:00:00,3.338,3.226,3.378,3.436,2.941,3.352,3.459,3.454,3.486,3.53,3.419,3.111,3.406,3.408,3.354,3.177,2.814
2012-02-03 08:00:00,3.286,3.182,3.304,3.384,2.897,3.308,3.408,3.403,3.457,3.494,3.367,3.05,3.369,3.371,3.301,3.111,2.768
2012-02-03 09:00:00,3.212,3.109,3.215,3.297,2.831,3.234,3.327,3.315,3.384,3.414,3.278,2.973,3.296,3.298,3.204,3.044,2.708
2012-02-03 10:00:00,3.146,3.036,3.141,3.231,2.773,3.167,3.261,3.241,3.318,3.349,3.204,2.888,3.237,3.231,3.129,2.971,2.67
2012-02-03 11:00:00,3.109,2.999,3.096,3.187,2.751,3.137,3.217,3.204,3.288,3.313,3.159,2.842,3.208,3.202,3.077,2.941,2.647
2012-02-03 12:00:00,3.05,2.948,3.022,3.129,2.714,3.085,3.158,3.145,3.237,3.255,3.1,2.789,3.156,3.15,3.017,2.889,2.624
2012-02-03 13:00:00,3.035,2.927,2.985,3.114,2.707,3.078,3.136,3.13,3.23,3.24,3.078,2.75,3.149,3.15,2.994,2.875,2.616
2012-02-03 14:00:00,3.013,2.897,2.948,3.092,2.707,3.063,3.107,3.108,3.215,3.211,3.055,2.719,3.134,3.143,2.964,2.86,2.624
2012-02-03 15:00:00,3.057,2.934,2.963,3.136,2.765,3.115,3.143,3.152,3.267,3.248,3.092,2.75,3.178,3.195,2.994,2.912,2.685
2012-02-03 16:00:00,3.101,2.985,3.0,3.187,2.831,3.174,3.188,3.211,3.332,3.291,3.152,2.773,3.244,3.253,3.047,2.971,2.746
2012-02-03 17:00:00,3.146,3.021,3.029,3.231,2.889,3.226,3.224,3.256,3.384,3.32,3.196,2.796,3.281,3.298,3.084,3.015,2.791
2012-02-03 18:00:00,3.109,2.992,2.985,3.187,2.875,3.189,3.173,3.211,3.354,3.262,3.152,2.75,3.244,3.261,3.039,3.0,2.776
2012-02-03 19:00:00,3.109,2.985,3.0,3.18,2.889,3.196,3.165,3.211,3.354,3.248,3.152,2.727,3.252,3.261,3.047,3.0,2.776
2012-02-03 20:00:00,3.072,2.948,2.963,3.143,2.86,3.167,3.121,3.175,3.325,3.197,3.122,2.681,3.215,3.224,3.009,2.978,2.746
2012-02-03 21:00:00,2.969,2.846,2.866,3.048,2.773,3.078,3.019,3.079,3.223,3.088,3.033,2.581,3.12,3.128,2.92,2.882,2.647
2012-02-03 22:00:00,2.828,2.693,2.718,2.909,2.627,2.929,2.872,2.932,3.069,2.929,2.892,2.428,2.973,2.974,2.777,2.727,2.495
2012-02-03 23:00:00,2.599,2.467,2.495,2.683,2.415,2.692,2.644,2.696,2.827,2.697,2.669,2.22,2.738,2.738,2.56,2.506,2.251
2012-02-04 00:00:00,2.518,2.386,2.421,2.61,2.349,2.611,2.563,2.622,2.747,2.617,2.587,2.166,2.665,2.665,2.485,2.425,2.183
2012-02-04 01:00:00,2.511,2.379,2.398,2.61,2.335,2.603,2.563,2.615,2.739,2.602,2.579,2.151,2.657,2.657,2.478,2.41,2.168
2012-02-04 02:00:00,2.525,2.394,2.413,2.624,2.349,2.618,2.578,2.63,2.761,2.624,2.594,2.166,2.679,2.672,2.485,2.425,2.168
2012-02-04 03:00:00,2.562,2.423,2.435,2.661,2.379,2.655,2.615,2.666,2.798,2.653,2.624,2.197,2.716,2.709,2.515,2.455,2.19
2012-02-04 04:00:00,2.658,2.518,2.532,2.763,2.474,2.751,2.71,2.762,2.9,2.755,2.721,2.289,2.819,2.804,2.613,2.55,2.282
2012-02-04 05:00:00,3.065,2.905,2.918,3.18,2.853,3.174,3.121,3.197,3.347,3.168,3.144,2.65,3.244,3.224,3.017,2.941,2.647
2012-02-04 06:00:00,3.426,3.197,3.208,3.567,3.145,3.552,3.496,3.58,3.743,3.552,3.524,2.935,3.641,3.607,3.384,3.251,2.951
2012-02-04 07:00:00,3.205,3.036,3.067,3.326,2.999,3.315,3.254,3.344,3.479,3.306,3.286,2.812,3.391,3.357,3.174,3.096,2.784
2012-02-04 08:00:00,3.161,2.985,3.022,3.26,2.955,3.256,3.188,3.285,3.42,3.24,3.226,2.773,3.333,3.283,3.129,3.044,2.738
2012-02-04 09:00:00,3.087,2.912,2.963,3.187,2.882,3.182,3.114,3.219,3.34,3.175,3.159,2.719,3.252,3.202,3.077,2.978,2.67
2012-02-04 10:00:00,3.013,2.839,2.896,3.107,2.816,3.1,3.033,3.138,3.259,3.095,3.085,2.673,3.171,3.114,3.017,2.904,2.616
2012-02-04 11:00:00,2.969,2.795,2.859,3.055,2.78,3.056,2.982,3.094,3.215,3.045,3.048,2.666,3.12,3.055,3.002,2.867,2.586
2012-02-04 12:00:00,2.917,2.744,2.807,3.004,2.722,3.004,2.93,3.049,3.157,2.987,3.003,2.635,3.068,2.996,2.964,2.808,2.563
2012-02-04 13:00:00,2.902,2.722,2.799,2.975,2.707,2.981,2.908,3.027,3.135,2.965,2.996,2.65,3.039,2.966,2.972,2.786,2.548
2012-02-04 14:00:00,2.887,2.708,2.792,2.953,2.685,2.967,2.886,3.013,3.12,2.95,2.981,2.666,3.017,2.937,2.987,2.764,2.555
2012-02-04 15:00:00,2.924,2.729,2.844,2.975,2.714,2.996,2.916,3.049,3.149,2.987,3.018,2.735,3.046,2.959,3.047,2.801,2.601
2012-02-04 16:00:00,2.976,2.773,2.918,3.012,2.758,3.033,2.96,3.101,3.186,3.03,3.07,2.819,3.09,2.988,3.129,2.845,2.67
2012-02-04 17:00:00,3.013,2.795,2.985,3.034,2.787,3.056,2.989,3.13,3.215,3.059,3.107,2.896,3.112,3.003,3.189,2.882,2.73
2012-02-04 18:00:00,2.969,2.759,2.97,2.99,2.743,3.011,2.945,3.086,3.164,3.023,3.07,2.911,3.061,2.952,3.174,2.86,2.715
2012-02-04 19:00:00,2.969,2.737,3.0,2.968,2.743,2.996,2.93,3.079,3.142,3.008,3.063,2.958,3.046,2.93,3.196,2.86,2.738
2012-02-04 20:00:00,2.932,2.686,3.0,2.924,2.7,2.944,2.886,3.042,3.083,2.972,3.025,2.965,2.995,2.878,3.182,2.83,2.73
2012-02-04 21:00:00,2.836,2.584,2.903,2.807,2.605,2.84,2.776,2.932,2.974,2.856,2.914,2.904,2.877,2.768,3.084,2.742,2.662
2012-02-04 22:00:00,2.688,2.438,2.762,2.661,2.466,2.7,2.637,2.784,2.812,2.711,2.765,2.773,2.731,2.62,2.942,2.602,2.54
2012-02-04 23:00:00,2.466,2.233,2.554,2.427,2.255,2.477,2.416,2.556,2.556,2.479,2.542,2.55,2.488,2.392,2.71,2.388,2.343
2012-02-05 00:00:00,2.429,2.204,2.525,2.383,2.225,2.44,2.372,2.519,2.512,2.436,2.505,2.535,2.444,2.355,2.68,2.366,2.335
2012-02-05 01:00:00,2.422,2.204,2.525,2.368,2.225,2.433,2.358,2.512,2.497,2.421,2.498,2.535,2.43,2.333,2.672,2.373,2.35
2012-02-05 02:00:00,2.429,2.204,2.547,2.361,2.233,2.44,2.358,2.519,2.49,2.421,2.505,2.558,2.422,2.333,2.687,2.381,2.365
2012-02-05 03:00:00,2.459,2.24,2.591,2.383,2.277,2.47,2.372,2.548,2.519,2.436,2.535,2.597,2.452,2.355,2.717,2.425,2.419
2012-02-05 04:00:00,2.555,2.335,2.703,2.471,2.371,2.566,2.46,2.644,2.622,2.53,2.632,2.712,2.54,2.444,2.83,2.536,2.533
2012-02-05 05:00:00,2.961,2.715,3.148,2.851,2.765,2.959,2.842,3.057,3.032,2.914,3.04,3.15,2.944,2.819,3.286,2.948,2.959
2012-02-05 06:00:00,3.308,2.999,3.557,3.202,3.065,3.33,3.188,3.432,3.347,3.269,3.412,3.557,3.237,3.158,3.698,3.265,3.293
2012-02-05 07:00:00,3.094,2.854,3.304,2.968,2.919,3.085,2.96,3.182,3.171,3.023,3.167,3.311,3.068,2.93,3.421,3.103,3.149
2012-02-05 08:00:00,3.05,2.824,3.267,2.917,2.889,3.041,2.916,3.123,3.12,2.972,3.115,3.28,3.017,2.878,3.376,3.066,3.134
2012-02-05 09:00:00,3.005,2.788,3.23,2.873,2.86,2.989,2.872,3.079,3.061,2.921,3.055,3.242,2.958,2.827,3.324,3.022,3.111
2012-02-05 10:00:00,2.946,2.751,3.185,2.814,2.831,2.929,2.82,3.02,3.003,2.863,2.996,3.196,2.899,2.775,3.256,2.978,3.08
2012-02-05 11:00:00,2.924,2.744,3.163,2.785,2.824,2.907,2.791,2.99,2.959,2.842,2.959,3.18,2.87,2.746,3.219,2.963,3.073
2012-02-05 12:00:00,2.895,2.715,3.141,2.741,2.809,2.855,2.754,2.939,2.915,2.791,2.907,3.142,2.833,2.701,3.174,2.941,3.057
2012-02-05 13:00:00,2.88,2.722,3.133,2.734,2.816,2.848,2.747,2.924,2.886,2.776,2.884,3.142,2.819,2.694,3.152,2.934,3.057
2012-02-05 14:00:00,2.88,2.729,3.126,2.727,2.838,2.84,2.747,2.917,2.864,2.769,2.862,3.15,2.811,2.679,3.137,2.941,3.073
2012-02-05 15:00:00,2.924,2.802,3.171,2.77,2.919,2.885,2.791,2.961,2.9,2.805,2.899,3.203,2.863,2.731,3.167,3.0,3.149
2012-02-05 16:00:00,2.991,2.89,3.223,2.814,3.013,2.937,2.842,3.013,2.952,2.849,2.936,3.273,2.922,2.775,3.219,3.074,3.232
2012-02-05 17:00:00,3.042,2.97,3.252,2.858,3.101,2.989,2.894,3.064,3.003,2.892,2.973,3.334,2.973,2.819,3.249,3.133,3.308
2012-02-05 18:00:00,3.02,2.97,3.215,2.836,3.123,2.967,2.879,3.035,2.981,2.871,2.936,3.303,2.958,2.812,3.211,3.118,3.324
2012-02-05 19:00:00,3.035,3.014,3.208,2.851,3.174,2.981,2.886,3.049,2.996,2.878,2.936,3.319,2.973,2.819,3.211,3.14,3.362
2012-02-05 20:00:00,3.02,3.029,3.163,2.829,3.181,2.967,2.872,3.027,2.974,2.856,2.899,3.296,2.951,2.804,3.174,3.125,3.377
2012-02-05 21:00:00,2.924,2.956,3.052,2.748,3.123,2.87,2.776,2.924,2.886,2.755,2.795,3.196,2.855,2.724,3.062,3.029,3.301
2012-02-05 22:00:00,2.784,2.832,2.911,2.61,2.999,2.737,2.644,2.784,2.747,2.624,2.654,3.034,2.716,2.591,2.905,2.882,3.156
2012-02-05 23:00:00,2.548,2.605,2.658,2.383,2.758,2.507,2.424,2.548,2.512,2.4,2.423,2.781,2.488,2.378,2.658,2.639,2.898
2012-02-06 00:00:00,2.54,2.598,2.636,2.376,2.758,2.492,2.416,2.534,2.512,2.385,2.409,2.758,2.488,2.37,2.635,2.631,2.89
2012-02-06 01:00:00,2.54,2.598,2.629,2.368,2.765,2.499,2.416,2.526,2.512,2.378,2.394,2.75,2.488,2.37,2.628,2.624,2.89
2012-02-06 02:00:00,2.555,2.62,2.643,2.383,2.795,2.514,2.431,2.541,2.527,2.392,2.401,2.758,2.496,2.392,2.635,2.639,2.913
2012-02-06 03:00:00,2.592,2.664,2.673,2.405,2.846,2.551,2.468,2.578,2.571,2.414,2.423,2.789,2.554,2.429,2.672,2.676,2.951
2012-02-06 04:00:00,2.688,2.773,2.77,2.493,2.955,2.64,2.563,2.666,2.681,2.508,2.505,2.881,2.643,2.517,2.762,2.779,3.057
2012-02-06 05:00:00,3.087,3.197,3.178,2.858,3.407,3.041,2.945,3.071,3.083,2.878,2.869,3.303,3.046,2.9,3.167,3.192,3.514
2012-02-06 06:00:00,3.441,3.569,3.534,3.18,3.801,3.397,3.29,3.418,3.384,3.204,3.196,3.657,3.406,3.246,3.526,3.56,3.909
2012-02-06 07:00:00,3.205,3.328,3.297,2.96,3.553,3.167,3.07,3.182,3.223,2.987,2.973,3.395,3.178,3.033,3.279,3.324,3.643
2012-02-06 08:00:00,3.161,3.277,3.245,2.909,3.51,3.122,3.026,3.138,3.164,2.943,2.914,3.334,3.134,2.988,3.219,3.273,3.582
2012-02-06 09:00:00,3.072,3.197,3.171,2.822,3.437,3.041,2.945,3.049,3.083,2.863,2.84,3.234,3.054,2.915,3.137,3.199,3.499
2012-02-06 10:00:00,3.005,3.116,3.089,2.756,3.356,2.974,2.879,2.976,3.01,2.798,2.773,3.134,3.002,2.856,3.054,3.125,3.415
2012-02-06 11:00:00,2.961,3.08,3.052,2.712,3.313,2.944,2.85,2.932,2.974,2.762,2.728,3.08,2.966,2.819,3.009,3.081,3.369
2012-02-06 12:00:00,2.902,3.014,2.992,2.653,3.254,2.885,2.791,2.873,2.915,2.711,2.669,3.004,2.907,2.768,2.942,3.022,3.301
2012-02-06 13:00:00,2.88,2.992,2.97,2.624,3.232,2.863,2.769,2.843,2.893,2.682,2.639,2.95,2.877,2.746,2.912,3.0,3.27
2012-02-06 14:00:00,2.85,2.956,2.948,2.58,3.203,2.833,2.747,2.814,2.871,2.653,2.609,2.904,2.855,2.716,2.875,2.971,3.225
2012-02-06 15:00:00,2.88,2.985,2.985,2.61,3.24,2.87,2.776,2.836,2.922,2.697,2.632,2.919,2.899,2.746,2.897,3.007,3.263
2012-02-06 16:00:00,2.917,3.021,3.037,2.639,3.291,2.907,2.82,2.873,2.966,2.733,2.669,2.935,2.944,2.782,2.934,3.052,3.301
2012-02-06 17:00:00,2.939,3.043,3.067,2.653,3.32,2.937,2.85,2.895,2.996,2.762,2.684,2.935,2.98,2.804,2.957,3.081,3.316
2012-02-06 18:00:00,2.895,2.992,3.015,2.602,3.254,2.9,2.813,2.843,2.959,2.718,2.632,2.865,2.944,2.768,2.905,3.037,3.255
2012-02-06 19:00:00,2.88,2.97,3.0,2.58,3.232,2.885,2.806,2.836,2.952,2.711,2.617,2.827,2.936,2.753,2.89,3.029,3.217
2012-02-06 20:00:00,2.828,2.912,2.97,2.529,3.174,2.84,2.769,2.784,2.908,2.668,2.572,2.75,2.892,2.701,2.837,2.978,3.134
2012-02-06 21:00:00,2.717,2.802,2.866,2.427,3.072,2.729,2.673,2.674,2.805,2.566,2.468,2.62,2.797,2.598,2.725,2.867,2.997
2012-02-06 22:00:00,2.555,2.635,2.695,2.266,2.882,2.566,2.512,2.504,2.637,2.407,2.327,2.435,2.628,2.429,2.575,2.69,2.806
2012-02-06 23:00:00,2.333,2.408,2.458,2.061,2.634,2.344,2.291,2.283,2.41,2.182,2.119,2.205,2.4,2.208,2.351,2.462,2.548
2012-02-07 00:00:00,2.274,2.365,2.406,2.003,2.576,2.292,2.233,2.224,2.358,2.131,2.067,2.128,2.349,2.149,2.291,2.41,2.479
2012-02-07 01:00:00,2.252,2.35,2.391,1.988,2.561,2.269,2.218,2.202,2.344,2.117,2.052,2.105,2.327,2.127,2.268,2.388,2.449
2012-02-07 02:00:00,2.245,2.357,2.391,1.974,2.561,2.269,2.211,2.188,2.336,2.102,2.044,2.105,2.327,2.12,2.268,2.388,2.434
2012-02-07 03:00:00,2.267,2.379,2.413,1.981,2.583,2.292,2.225,2.202,2.358,2.124,2.052,2.12,2.349,2.127,2.291,2.41,2.449
2012-02-07 04:00:00,2.341,2.474,2.502,2.039,2.671,2.366,2.299,2.276,2.439,2.189,2.119,2.205,2.43,2.194,2.366,2.499,2.533
2012-02-07 05:00:00,2.688,2.839,2.874,2.339,3.065,2.714,2.637,2.593,2.798,2.508,2.416,2.55,2.782,2.51,2.702,2.86,2.898
2012-02-07 06:00:00,2.932,3.102,3.133,2.558,3.335,2.959,2.879,2.828,3.054,2.74,2.632,2.804,3.032,2.738,2.942,3.118,3.149
2012-02-07 07:00:00,2.769,2.948,2.97,2.427,3.152,2.803,2.725,2.681,2.9,2.602,2.49,2.627,2.87,2.598,2.777,2.948,2.959
2012-02-07 08:00:00,2.71,2.883,2.896,2.383,3.065,2.744,2.673,2.622,2.834,2.559,2.431,2.558,2.811,2.547,2.717,2.875,2.875
2012-02-07 09:00:00,2.636,2.81,2.807,2.332,2.97,2.67,2.607,2.548,2.761,2.508,2.356,2.466,2.738,2.488,2.643,2.794,2.776
2012-02-07 10:00:00,2.562,2.729,2.718,2.281,2.875,2.596,2.541,2.475,2.681,2.458,2.29,2.397,2.665,2.429,2.568,2.713,2.67
2012-02-07 11:00:00,2.518,2.693,2.666,2.251,2.824,2.551,2.512,2.431,2.644,2.436,2.252,2.343,2.621,2.4,2.523,2.661,2.594
2012-02-07 12:00:00,2.474,2.642,2.599,2.215,2.751,2.499,2.482,2.386,2.6,2.4,2.2,2.289,2.577,2.355,2.47,2.609,2.517
2012-02-07 13:00:00,2.444,2.605,2.562,2.208,2.714,2.47,2.468,2.35,2.578,2.4,2.171,2.251,2.554,2.348,2.433,2.572,2.464
2012-02-07 14:00:00,2.429,2.584,2.532,2.208,2.678,2.447,2.468,2.328,2.563,2.4,2.148,2.228,2.54,2.348,2.396,2.543,2.419
2012-02-07 15:00:00,2.466,2.62,2.562,2.251,2.7,2.477,2.527,2.364,2.615,2.465,2.171,2.259,2.591,2.4,2.425,2.572,2.426
2012-02-07 16:00:00,2.503,2.656,2.591,2.303,2.729,2.507,2.585,2.394,2.666,2.53,2.2,2.297,2.635,2.444,2.44,2.609,2.441
2012-02-07 17:00:00,2.54,2.686,2.621,2.354,2.743,2.536,2.644,2.431,2.71,2.595,2.223,2.343,2.679,2.503,2.47,2.639,2.457
2012-02-07 18:00:00,2.518,2.656,2.599,2.346,2.7,2.507,2.644,2.401,2.695,2.595,2.185,2.32,2.665,2.481,2.433,2.602,2.403
2012-02-07 19:00:00,2.533,2.656,2.599,2.368,2.707,2.507,2.673,2.401,2.703,2.631,2.185,2.335,2.679,2.503,2.418,2.609,2.388
2012-02-07 20:00:00,2.511,2.627,2.569,2.361,2.663,2.477,2.666,2.379,2.688,2.639,2.163,2.32,2.657,2.488,2.388,2.572,2.343
2012-02-07 21:00:00,2.429,2.532,2.48,2.31,2.554,2.396,2.6,2.305,2.607,2.581,2.089,2.243,2.584,2.422,2.298,2.469,2.244
2012-02-07 22:00:00,2.297,2.386,2.332,2.193,2.408,2.255,2.468,2.173,2.461,2.465,1.97,2.12,2.444,2.297,2.156,2.329,2.099
2012-02-07 23:00:00,2.097,2.175,2.124,2.025,2.167,2.047,2.262,1.996,2.256,2.276,1.806,1.936,2.246,2.113,1.969,2.101,1.901
2012-02-08 00:00:00,2.053,2.131,2.079,1.988,2.116,1.995,2.233,1.952,2.205,2.255,1.769,1.882,2.209,2.083,1.894,2.049,1.848
2012-02-08 01:00:00,2.038,2.109,2.035,1.996,2.094,1.98,2.233,1.922,2.19,2.269,1.732,1.882,2.202,2.083,1.879,2.027,1.841
2012-02-08 02:00:00,2.045,2.102,2.027,2.01,2.087,1.973,2.247,1.922,2.197,2.291,1.739,1.874,2.202,2.09,1.879,2.02,1.841
2012-02-08 03:00:00,2.068,2.116,2.049,2.047,2.109,1.995,2.284,1.952,2.219,2.334,1.762,1.89,2.239,2.127,1.894,2.042,1.856
2012-02-08 04:00:00,2.149,2.189,2.131,2.127,2.189,2.069,2.372,2.033,2.3,2.436,1.836,1.967,2.327,2.216,1.969,2.115,1.932
2012-02-08 05:00:00,2.496,2.525,2.48,2.463,2.539,2.403,2.754,2.372,2.659,2.827,2.133,2.282,2.687,2.562,2.283,2.462,2.244
2012-02-08 06:00:00,2.754,2.788,2.747,2.705,2.802,2.655,3.041,2.637,2.922,3.168,2.364,2.52,2.958,2.819,2.53,2.713,2.388
2012-02-08 07:00:00,2.621,2.642,2.591,2.588,2.649,2.507,2.916,2.482,2.798,2.979,2.23,2.366,2.841,2.694,2.381,2.565,2.312
2012-02-08 08:00:00,2.577,2.598,2.547,2.551,2.605,2.47,2.886,2.453,2.768,2.95,2.193,2.312,2.811,2.657,2.336,2.521,2.297
2012-02-08 09:00:00,2.525,2.547,2.487,2.493,2.539,2.41,2.835,2.394,2.725,2.892,2.148,2.259,2.767,2.606,2.276,2.462,2.244
2012-02-08 10:00:00,2.481,2.496,2.421,2.441,2.481,2.351,2.784,2.342,2.681,2.827,2.104,2.189,2.738,2.562,2.216,2.403,2.198
2012-02-08 11:00:00,2.452,2.481,2.391,2.419,2.444,2.329,2.762,2.328,2.659,2.805,2.081,2.151,2.723,2.539,2.186,2.381,2.145
2012-02-08 12:00:00,2.415,2.445,2.346,2.376,2.393,2.292,2.71,2.291,2.615,2.762,2.052,2.113,2.701,2.495,2.148,2.337,2.107
2012-02-08 13:00:00,2.4,2.445,2.324,2.361,2.371,2.284,2.695,2.283,2.6,2.747,2.052,2.082,2.694,2.488,2.133,2.322,2.076
2012-02-08 14:00:00,2.385,2.438,2.302,2.346,2.342,2.277,2.673,2.283,2.578,2.726,2.052,2.059,2.694,2.481,2.126,2.307,2.076
2012-02-08 15:00:00,2.422,2.474,2.324,2.376,2.364,2.314,2.71,2.32,2.607,2.769,2.089,2.074,2.738,2.525,2.163,2.337,2.076
2012-02-08 16:00:00,2.474,2.532,2.369,2.419,2.401,2.366,2.762,2.379,2.659,2.805,2.133,2.136,2.789,2.584,2.216,2.381,2.099
2012-02-08 17:00:00,2.503,2.569,2.391,2.449,2.422,2.403,2.798,2.423,2.688,2.834,2.171,2.136,2.841,2.628,2.253,2.41,2.099
2012-02-08 18:00:00,2.481,2.547,2.354,2.427,2.379,2.388,2.769,2.416,2.651,2.805,2.163,2.12,2.804,2.613,2.231,2.381,2.084
2012-02-08 19:00:00,2.481,2.54,2.339,2.427,2.371,2.396,2.769,2.423,2.651,2.798,2.171,2.09,2.804,2.613,2.246,2.373,2.061
2012-02-08 20:00:00,2.444,2.511,2.302,2.398,2.32,2.366,2.747,2.409,2.593,2.769,2.148,2.028,2.775,2.591,2.223,2.337,2.0
2012-02-08 21:00:00,2.363,2.423,2.22,2.317,2.218,2.284,2.651,2.335,2.497,2.668,2.081,1.921,2.679,2.51,2.148,2.248,1.901
2012-02-08 22:00:00,2.23,2.284,2.101,2.186,2.08,2.166,2.504,2.21,2.351,2.516,1.977,1.767,2.525,2.378,2.036,2.115,1.742
2012-02-08 23:00:00,2.038,2.08,1.908,2.003,1.875,1.965,2.291,2.033,2.139,2.298,1.821,1.621,2.312,2.179,1.857,1.924,1.59
2012-02-09 00:00:00,2.001,2.036,1.886,1.974,1.839,1.943,2.255,2.003,2.095,2.255,1.799,1.598,2.268,2.142,1.834,1.894,1.567
2012-02-09 01:00:00,1.994,2.029,1.886,1.966,1.831,1.936,2.247,2.003,2.095,2.24,1.806,1.629,2.261,2.135,1.834,1.894,1.597
2012-02-09 02:00:00,2.009,2.036,1.901,1.974,1.839,1.958,2.247,2.018,2.102,2.24,1.814,1.652,2.268,2.149,1.849,1.909,1.62
2012-02-09 03:00:00,2.045,2.065,1.938,2.003,1.868,1.995,2.284,2.048,2.139,2.269,1.851,1.705,2.305,2.179,1.886,1.946,1.666
2012-02-09 04:00:00,2.141,2.16,2.035,2.083,1.963,2.099,2.372,2.136,2.234,2.349,1.933,1.836,2.4,2.267,1.976,2.049,1.795
2012-02-09 05:00:00,2.481,2.511,2.376,2.405,2.291,2.447,2.725,2.467,2.607,2.697,2.238,2.143,2.76,2.613,2.313,2.396,2.092
2012-02-09 06:00:00,2.732,2.781,2.643,2.639,2.546,2.722,2.982,2.718,2.893,2.958,2.475,2.374,3.032,2.871,2.575,2.668,2.259
2012-02-09 07:00:00,2.607,2.627,2.51,2.522,2.415,2.581,2.835,2.593,2.732,2.813,2.379,2.274,2.892,2.738,2.455,2.536,2.221
2012-02-09 08:00:00,2.57,2.576,2.48,2.485,2.393,2.544,2.791,2.563,2.681,2.769,2.356,2.251,2.841,2.694,2.418,2.499,2.251
2012-02-09 09:00:00,2.525,2.511,2.443,2.449,2.349,2.499,2.732,2.519,2.622,2.711,2.319,2.22,2.767,2.635,2.388,2.455,2.251
2012-02-09 10:00:00,2.481,2.452,2.421,2.405,2.328,2.455,2.673,2.475,2.556,2.653,2.29,2.197,2.694,2.576,2.358,2.425,2.236
2012-02-09 11:00:00,2.459,2.416,2.413,2.398,2.328,2.44,2.651,2.46,2.527,2.624,2.282,2.197,2.657,2.547,2.358,2.41,2.198
2012-02-09 12:00:00,2.437,2.379,2.413,2.383,2.328,2.418,2.629,2.438,2.49,2.588,2.275,2.189,2.613,2.51,2.351,2.396,2.206
2012-02-09 13:00:00,2.437,2.357,2.421,2.39,2.342,2.41,2.622,2.445,2.483,2.573,2.282,2.205,2.584,2.503,2.366,2.403,2.221
2012-02-09 14:00:00,2.444,2.35,2.443,2.398,2.371,2.418,2.629,2.445,2.49,2.573,2.297,2.228,2.577,2.495,2.388,2.418,2.251
2012-02-09 15:00:00,2.511,2.401,2.532,2.471,2.459,2.477,2.703,2.512,2.563,2.624,2.371,2.305,2.628,2.539,2.463,2.491,2.343
2012-02-09 16:00:00,2.585,2.459,2.629,2.544,2.554,2.544,2.769,2.578,2.629,2.689,2.446,2.389,2.687,2.591,2.538,2.572,2.434
2012-02-09 17:00:00,2.644,2.525,2.718,2.61,2.641,2.603,2.82,2.637,2.695,2.74,2.52,2.466,2.745,2.635,2.613,2.639,2.533
2012-02-09 18:00:00,2.651,2.518,2.732,2.617,2.663,2.603,2.813,2.63,2.703,2.74,2.535,2.474,2.738,2.628,2.62,2.654,2.555
2012-02-09 19:00:00,2.681,2.54,2.784,2.646,2.714,2.633,2.828,2.652,2.739,2.762,2.557,2.512,2.76,2.643,2.658,2.705,2.616
2012-02-09 20:00:00,2.681,2.547,2.799,2.653,2.736,2.633,2.798,2.644,2.747,2.747,2.565,2.504,2.753,2.628,2.665,2.713,2.632
2012-02-09 21:00:00,2.607,2.496,2.74,2.595,2.7,2.573,2.725,2.578,2.688,2.675,2.498,2.435,2.687,2.554,2.613,2.661,2.563
2012-02-09 22:00:00,2.489,2.379,2.606,2.463,2.583,2.44,2.6,2.453,2.563,2.544,2.401,2.312,2.554,2.422,2.485,2.543,2.449
2012-02-09 23:00:00,2.289,2.197,2.413,2.281,2.401,2.247,2.409,2.269,2.366,2.342,2.215,2.105,2.349,2.23,2.291,2.351,2.236
2012-02-10 00:00:00,2.252,2.168,2.369,2.244,2.379,2.21,2.365,2.224,2.329,2.291,2.178,2.059,2.305,2.186,2.261,2.307,2.198
2012-02-10 01:00:00,2.26,2.175,2.369,2.251,2.386,2.21,2.365,2.232,2.329,2.291,2.178,2.059,2.312,2.186,2.261,2.307,2.198
2012-02-10 02:00:00,2.274,2.197,2.383,2.266,2.408,2.218,2.38,2.247,2.344,2.305,2.2,2.059,2.32,2.201,2.283,2.322,2.198
2012-02-10 03:00:00,2.311,2.24,2.421,2.31,2.459,2.255,2.416,2.283,2.38,2.342,2.238,2.09,2.364,2.23,2.336,2.359,2.228
2012-02-10 04:00:00,2.407,2.343,2.532,2.405,2.561,2.351,2.512,2.386,2.483,2.443,2.327,2.182,2.459,2.326,2.425,2.462,2.32
2012-02-10 05:00:00,2.784,2.715,2.926,2.778,2.962,2.714,2.894,2.762,2.871,2.813,2.684,2.543,2.841,2.679,2.807,2.838,2.692
2012-02-10 06:00:00,3.087,2.999,3.237,3.114,3.254,2.989,3.246,3.042,3.157,3.139,3.011,2.819,3.127,2.952,3.152,3.118,2.966
2012-02-10 07:00:00,2.932,2.875,3.126,2.924,3.116,2.863,3.048,2.917,3.025,2.943,2.825,2.673,2.995,2.834,2.949,2.993,2.791
2012-02-10 08:00:00,2.909,2.861,3.104,2.902,3.057,2.833,3.026,2.895,2.996,2.914,2.795,2.643,2.966,2.804,2.927,2.956,2.723
2012-02-10 09:00:00,2.858,2.817,3.067,2.858,2.984,2.781,2.975,2.843,2.952,2.863,2.743,2.597,2.922,2.76,2.882,2.904,2.639
2012-02-10 10:00:00,2.806,2.781,3.029,2.807,2.911,2.729,2.938,2.792,2.915,2.813,2.691,2.558,2.877,2.724,2.83,2.853,2.571
2012-02-10 11:00:00,2.799,2.781,3.037,2.8,2.86,2.714,2.923,2.784,2.922,2.813,2.676,2.543,2.87,2.709,2.822,2.838,2.525
2012-02-10 12:00:00,2.769,2.766,3.022,2.763,2.809,2.7,2.894,2.755,2.915,2.791,2.632,2.52,2.848,2.694,2.785,2.808,2.487
2012-02-10 13:00:00,2.769,2.773,3.044,2.763,2.773,2.692,2.894,2.762,2.922,2.798,2.624,2.512,2.848,2.694,2.785,2.801,2.457
2012-02-10 14:00:00,2.777,2.788,3.059,2.763,2.736,2.7,2.894,2.762,2.937,2.805,2.617,2.504,2.855,2.701,2.785,2.794,2.441
2012-02-10 15:00:00,2.836,2.861,3.126,2.807,2.773,2.766,2.952,2.814,3.01,2.878,2.661,2.566,2.929,2.76,2.837,2.86,2.479
2012-02-10 16:00:00,2.902,2.948,3.2,2.873,2.809,2.833,3.026,2.887,3.098,2.958,2.713,2.62,3.01,2.834,2.905,2.926,2.517
2012-02-10 17:00:00,2.961,3.014,3.275,2.924,2.831,2.892,3.085,2.939,3.164,3.023,2.758,2.673,3.068,2.893,2.957,2.978,2.563
2012-02-10 18:00:00,2.946,2.992,3.26,2.895,2.795,2.892,3.048,2.917,3.149,3.001,2.728,2.65,3.054,2.878,2.927,2.963,2.533
2012-02-10 19:00:00,2.954,3.014,3.282,2.902,2.795,2.915,3.063,2.932,3.171,3.03,2.736,2.666,3.076,2.908,2.942,2.978,2.548
2012-02-10 20:00:00,2.939,2.999,3.275,2.88,2.751,2.892,3.048,2.909,3.164,3.016,2.706,2.643,3.061,2.885,2.912,2.948,2.525
2012-02-10 21:00:00,2.85,2.919,3.178,2.792,2.656,2.803,2.96,2.821,3.083,2.936,2.617,2.566,2.98,2.804,2.822,2.86,2.441
2012-02-10 22:00:00,2.71,2.788,3.029,2.661,2.503,2.662,2.82,2.688,2.944,2.805,2.49,2.435,2.833,2.672,2.687,2.713,2.327
2012-02-10 23:00:00,2.496,2.576,2.784,2.449,2.298,2.447,2.6,2.475,2.717,2.588,2.29,2.235,2.613,2.466,2.478,2.491,2.122
2012-02-11 00:00:00,2.422,2.496,2.695,2.368,2.225,2.373,2.519,2.394,2.637,2.516,2.223,2.174,2.532,2.392,2.396,2.418,2.061
2012-02-11 01:00:00,2.407,2.489,2.68,2.361,2.211,2.358,2.504,2.386,2.629,2.516,2.208,2.159,2.525,2.385,2.381,2.403,2.061
2012-02-11 02:00:00,2.422,2.503,2.688,2.376,2.225,2.373,2.519,2.401,2.644,2.53,2.215,2.166,2.532,2.392,2.396,2.418,2.076
2012-02-11 03:00:00,2.452,2.532,2.718,2.405,2.255,2.403,2.549,2.423,2.673,2.559,2.238,2.189,2.562,2.422,2.41,2.447,2.107
2012-02-11 04:00:00,2.54,2.627,2.807,2.493,2.342,2.499,2.637,2.519,2.768,2.653,2.319,2.266,2.657,2.51,2.5,2.543,2.213
2012-02-11 05:00:00,2.932,3.029,3.23,2.873,2.714,2.885,3.041,2.895,3.193,3.066,2.676,2.612,3.061,2.893,2.867,2.941,2.601
2012-02-11 06:00:00,3.279,3.408,3.616,3.216,2.999,3.182,3.408,3.256,3.581,3.443,3.003,2.873,3.435,3.239,3.204,3.251,2.928
2012-02-11 07:00:00,3.087,3.197,3.371,3.012,2.875,3.033,3.188,3.042,3.347,3.219,2.81,2.735,3.215,3.033,2.979,3.103,2.791
2012-02-11 08:00:00,3.042,3.153,3.312,2.968,2.846,2.996,3.143,2.998,3.296,3.175,2.788,2.681,3.156,2.981,2.92,3.066,2.784
2012-02-11 09:00:00,2.976,3.102,3.23,2.909,2.809,2.937,3.07,2.939,3.237,3.103,2.736,2.604,3.098,2.915,2.837,3.007,2.746
2012-02-11 10:00:00,2.909,3.051,3.141,2.851,2.765,2.878,3.004,2.873,3.157,3.037,2.691,2.527,3.024,2.849,2.755,2.948,2.723
2012-02-11 11:00:00,2.88,3.029,3.074,2.822,2.765,2.855,2.967,2.85,3.113,3.001,2.684,2.474,2.995,2.819,2.702,2.919,2.723
2012-02-11 12:00:00,2.836,2.999,2.992,2.778,2.751,2.811,2.923,2.806,3.069,2.958,2.646,2.412,2.958,2.775,2.643,2.875,2.708
2012-02-11 13:00:00,2.828,2.999,2.933,2.778,2.765,2.803,2.916,2.799,3.061,2.95,2.654,2.374,2.951,2.768,2.598,2.867,2.715
2012-02-11 14:00:00,2.821,3.007,2.881,2.77,2.787,2.803,2.908,2.792,3.047,2.943,2.654,2.335,2.951,2.76,2.56,2.853,2.73
2012-02-11 15:00:00,2.858,3.065,2.881,2.822,2.853,2.848,2.952,2.836,3.091,2.987,2.706,2.343,3.002,2.804,2.568,2.904,2.784
2012-02-11 16:00:00,2.909,3.131,2.896,2.88,2.933,2.907,3.004,2.887,3.149,3.052,2.758,2.366,3.061,2.856,2.583,2.963,2.844
2012-02-11 17:00:00,2.954,3.189,2.881,2.931,2.999,2.952,3.048,2.932,3.201,3.095,2.81,2.381,3.105,2.9,2.583,3.015,2.883
2012-02-11 18:00:00,2.924,3.175,2.814,2.909,2.992,2.937,3.019,2.895,3.179,3.066,2.788,2.343,3.076,2.878,2.53,3.0,2.852
2012-02-11 19:00:00,2.924,3.189,2.77,2.917,3.013,2.922,3.026,2.895,3.179,3.074,2.795,2.328,3.083,2.871,2.493,3.007,2.844
2012-02-11 20:00:00,2.887,3.175,2.688,2.887,2.992,2.9,2.997,2.858,3.149,3.045,2.765,2.289,3.054,2.849,2.425,2.978,2.799
2012-02-11 21:00:00,2.791,3.08,2.577,2.792,2.897,2.803,2.894,2.755,3.047,2.943,2.669,2.189,2.951,2.753,2.321,2.882,2.692
2012-02-11 22:00:00,2.651,2.941,2.428,2.661,2.751,2.67,2.754,2.622,2.9,2.798,2.542,2.059,2.811,2.635,2.178,2.727,2.54
2012-02-11 23:00:00,2.422,2.7,2.213,2.434,2.51,2.44,2.527,2.401,2.666,2.573,2.334,1.867,2.584,2.414,1.969,2.491,2.32
2012-02-12 00:00:00,2.385,2.664,2.176,2.39,2.466,2.403,2.49,2.357,2.622,2.53,2.297,1.844,2.54,2.378,1.931,2.455,2.282
2012-02-12 01:00:00,2.37,2.656,2.168,2.376,2.452,2.396,2.475,2.342,2.607,2.523,2.29,1.836,2.525,2.37,1.916,2.447,2.274
2012-02-12 02:00:00,2.37,2.656,2.168,2.376,2.444,2.396,2.468,2.335,2.615,2.523,2.297,1.851,2.532,2.378,1.909,2.44,2.266
2012-02-12 03:00:00,2.393,2.678,2.19,2.39,2.474,2.425,2.49,2.357,2.644,2.552,2.327,1.874,2.554,2.4,1.931,2.469,2.297
2012-02-12 04:00:00,2.481,2.773,2.272,2.478,2.554,2.514,2.578,2.438,2.739,2.646,2.409,1.959,2.65,2.488,1.999,2.565,2.381
2012-02-12 05:00:00,2.873,3.211,2.621,2.858,2.955,2.907,2.975,2.806,3.171,3.059,2.773,2.289,3.061,2.878,2.313,2.963,2.738
2012-02-12 06:00:00,3.19,3.598,2.859,3.209,3.24,3.196,3.334,3.079,3.559,3.436,3.092,2.558,3.435,3.239,2.568,3.251,3.035
2012-02-12 07:00:00,2.976,3.321,2.673,2.96,3.043,3.026,3.085,2.895,3.296,3.175,2.84,2.397,3.186,2.996,2.403,3.052,2.829
2012-02-12 08:00:00,2.909,3.262,2.591,2.895,2.97,2.967,3.033,2.821,3.252,3.132,2.765,2.351,3.142,2.952,2.343,2.978,2.738
2012-02-12 09:00:00,2.843,3.211,2.51,2.829,2.882,2.892,2.975,2.74,3.208,3.088,2.684,2.297,3.09,2.908,2.283,2.889,2.639
2012-02-12 10:00:00,2.769,3.131,2.428,2.756,2.795,2.826,2.916,2.652,3.135,3.023,2.594,2.235,3.032,2.849,2.216,2.801,2.54
2012-02-12 11:00:00,2.717,3.087,2.376,2.705,2.736,2.774,2.879,2.593,3.098,2.987,2.535,2.197,2.995,2.812,2.186,2.749,2.464
2012-02-12 12:00:00,2.666,3.029,2.332,2.631,2.663,2.714,2.835,2.526,3.047,2.95,2.453,2.151,2.944,2.76,2.133,2.676,2.388
2012-02-12 13:00:00,2.621,2.985,2.294,2.602,2.605,2.67,2.813,2.475,3.018,2.929,2.409,2.128,2.922,2.738,2.111,2.624,2.327
2012-02-12 14:00:00,2.599,2.948,2.272,2.566,2.561,2.633,2.798,2.438,2.996,2.921,2.356,2.105,2.907,2.709,2.096,2.587,2.274
2012-02-12 15:00:00,2.614,2.948,2.302,2.58,2.554,2.648,2.835,2.438,3.018,2.958,2.349,2.12,2.936,2.738,2.119,2.595,2.274
2012-02-12 16:00:00,2.636,2.948,2.339,2.602,2.568,2.662,2.872,2.445,3.054,3.001,2.349,2.151,2.973,2.768,2.156,2.602,2.282
2012-02-12 17:00:00,2.651,2.956,2.369,2.61,2.576,2.67,2.901,2.453,3.069,3.045,2.342,2.174,3.01,2.804,2.178,2.595,2.282
2012-02-12 18:00:00,2.599,2.875,2.339,2.558,2.51,2.611,2.864,2.401,3.01,3.008,2.282,2.136,2.966,2.768,2.148,2.536,2.228
2012-02-12 19:00:00,2.577,2.824,2.332,2.536,2.474,2.573,2.864,2.372,2.981,3.016,2.245,2.12,2.944,2.753,2.148,2.506,2.213
2012-02-12 20:00:00,2.525,2.744,2.294,2.485,2.408,2.522,2.828,2.32,2.922,2.979,2.193,2.082,2.892,2.701,2.111,2.432,2.145
2012-02-12 21:00:00,2.422,2.613,2.198,2.383,2.291,2.403,2.725,2.217,2.79,2.871,2.104,1.959,2.775,2.598,2.029,2.322,2.008
2012-02-12 22:00:00,2.274,2.438,2.072,2.251,2.145,2.269,2.578,2.084,2.629,2.718,1.977,1.782,2.613,2.459,1.909,2.174,1.825
2012-02-12 23:00:00,2.06,2.197,1.871,2.047,1.926,2.062,2.35,1.886,2.388,2.479,1.784,1.613,2.378,2.23,1.729,1.961,1.65
2012-02-13 00:00:00,2.038,2.175,1.849,2.032,1.897,2.025,2.321,1.871,2.38,2.458,1.769,1.582,2.364,2.216,1.707,1.931,1.612
2012-02-13 01:00:00,2.023,2.16,1.827,2.017,1.883,2.017,2.306,1.856,2.373,2.443,1.739,1.582,2.349,2.208,1.699,1.916,1.612
2012-02-13 02:00:00,2.023,2.153,1.819,2.025,1.875,2.025,2.306,1.856,2.38,2.45,1.732,1.575,2.349,2.201,1.692,1.916,1.612
2012-02-13 03:00:00,2.045,2.175,1.834,2.047,1.89,2.054,2.336,1.878,2.41,2.472,1.754,1.598,2.378,2.23,1.707,1.931,1.635
2012-02-13 04:00:00,2.127,2.248,1.893,2.12,1.963,2.143,2.416,1.959,2.497,2.544,1.814,1.675,2.466,2.311,1.767,2.012,1.726
2012-02-13 05:00:00,2.444,2.562,2.198,2.419,2.269,2.485,2.769,2.269,2.871,2.914,2.104,1.928,2.826,2.643,2.051,2.329,1.985
2012-02-13 06:00:00,2.673,2.781,2.421,2.646,2.488,2.737,3.011,2.49,3.127,3.24,2.312,2.028,3.076,2.878,2.253,2.558,2.092
2012-02-13 07:00:00,2.518,2.62,2.272,2.515,2.335,2.573,2.835,2.342,2.952,3.008,2.171,1.959,2.907,2.716,2.111,2.41,2.015
2012-02-13 08:00:00,2.452,2.532,2.228,2.463,2.277,2.507,2.762,2.291,2.864,2.943,2.119,1.936,2.826,2.65,2.066,2.351,2.0
2012-02-13 09:00:00,2.378,2.43,2.161,2.398,2.204,2.433,2.666,2.224,2.761,2.849,2.059,1.89,2.723,2.562,2.006,2.278,1.955
2012-02-13 10:00:00,2.304,2.335,2.109,2.339,2.174,2.366,2.571,2.165,2.666,2.769,2.0,1.844,2.628,2.473,1.946,2.219,1.909
2012-02-13 11:00:00,2.252,2.262,2.072,2.303,2.116,2.321,2.497,2.129,2.6,2.711,1.962,1.805,2.562,2.414,1.916,2.174,1.863
2012-02-13 12:00:00,2.201,2.189,2.02,2.251,2.08,2.269,2.424,2.077,2.527,2.639,1.918,1.775,2.481,2.355,1.871,2.123,1.841
2012-02-13 13:00:00,2.164,2.138,2.005,2.229,2.043,2.247,2.365,2.055,2.476,2.595,1.896,1.751,2.422,2.326,1.849,2.101,1.818
2012-02-13 14:00:00,2.141,2.102,1.99,2.208,2.036,2.218,2.314,2.033,2.432,2.552,1.881,1.751,2.371,2.304,1.834,2.079,1.825
2012-02-13 15:00:00,2.156,2.124,2.02,2.237,2.036,2.247,2.314,2.062,2.454,2.566,1.903,1.759,2.378,2.333,1.857,2.108,1.841
2012-02-13 16:00:00,2.178,2.153,2.057,2.273,2.072,2.284,2.314,2.092,2.483,2.588,1.925,1.798,2.386,2.355,1.886,2.138,1.886
2012-02-13 17:00:00,2.208,2.182,2.094,2.295,2.087,2.321,2.314,2.121,2.505,2.595,1.948,1.821,2.393,2.385,1.909,2.167,1.924
2012-02-13 18:00:00,2.171,2.146,2.072,2.266,2.08,2.284,2.247,2.084,2.461,2.544,1.918,1.813,2.334,2.341,1.916,2.138,1.939
2012-02-13 19:00:00,2.156,2.146,2.079,2.251,2.065,2.284,2.211,2.077,2.461,2.516,1.918,1.813,2.312,2.333,1.901,2.138,1.947
2012-02-13 20:00:00,2.119,2.109,2.042,2.215,2.021,2.255,2.152,2.04,2.417,2.472,1.888,1.782,2.268,2.297,1.864,2.101,1.932
2012-02-13 21:00:00,2.031,2.029,1.968,2.127,1.919,2.166,2.049,1.959,2.314,2.371,1.806,1.698,2.165,2.201,1.774,2.02,1.856
2012-02-13 22:00:00,1.898,1.905,1.856,2.003,1.766,2.04,1.924,1.849,2.168,2.226,1.702,1.575,2.033,2.061,1.632,1.828,1.719
2012-02-13 23:00:00,1.721,1.722,1.693,1.82,1.613,1.847,1.741,1.672,1.948,2.03,1.539,1.437,1.85,1.87,1.482,1.658,1.582
2012-02-14 00:00:00,1.684,1.679,1.656,1.784,1.576,1.802,1.697,1.635,1.89,1.986,1.502,1.406,1.798,1.825,1.445,1.614,1.552
2012-02-14 01:00:00,1.676,1.671,1.611,1.769,1.591,1.78,1.697,1.628,1.86,1.972,1.494,1.421,1.784,1.818,1.452,1.629,1.574
2012-02-14 02:00:00,1.676,1.671,1.619,1.776,1.598,1.773,1.697,1.62,1.846,1.972,1.487,1.437,1.776,1.818,1.46,1.629,1.59
2012-02-14 03:00:00,1.698,1.693,1.656,1.798,1.627,1.795,1.719,1.635,1.86,1.994,1.509,1.475,1.798,1.84,1.497,1.666,1.635
2012-02-14 04:00:00,1.78,1.759,1.76,1.871,1.729,1.854,1.792,1.709,1.919,2.066,1.569,1.575,1.864,1.914,1.595,1.769,1.742
2012-02-14 05:00:00,2.068,2.058,2.035,2.178,1.999,2.158,2.086,1.989,2.227,2.371,1.821,1.836,2.173,2.223,1.849,2.042,2.023
2012-02-14 06:00:00,2.267,2.284,2.161,2.398,2.123,2.388,2.314,2.195,2.461,2.631,2.0,1.959,2.408,2.459,1.976,2.167,2.152
2012-02-14 07:00:00,2.164,2.168,2.101,2.259,2.058,2.262,2.196,2.077,2.329,2.479,1.888,1.913,2.283,2.326,1.924,2.108,2.092
2012-02-14 08:00:00,2.134,2.146,2.101,2.208,2.05,2.225,2.167,2.048,2.292,2.429,1.851,1.913,2.246,2.289,1.924,2.108,2.084
2012-02-14 09:00:00,2.09,2.095,2.072,2.142,2.014,2.173,2.137,1.996,2.248,2.371,1.806,1.89,2.202,2.245,1.894,2.071,2.054
2012-02-14 10:00:00,2.053,2.043,2.027,2.091,1.963,2.129,2.108,1.959,2.212,2.32,1.762,1.859,2.158,2.208,1.864,2.027,2.008
2012-02-14 11:00:00,2.023,2.007,1.983,2.047,1.912,2.099,2.108,1.93,2.19,2.291,1.739,1.836,2.129,2.186,1.827,1.983,1.97
2012-02-14 12:00:00,1.994,2.0,1.953,2.003,1.875,2.062,2.093,1.9,2.153,2.247,1.702,1.821,2.092,2.157,1.812,1.953,1.939
2012-02-14 13:00:00,1.979,1.963,1.931,1.981,1.846,2.047,2.108,1.886,2.139,2.233,1.687,1.805,2.077,2.149,1.797,1.931,1.909
2012-02-14 14:00:00,1.972,1.956,1.931,1.959,1.831,2.032,2.115,1.878,2.117,2.211,1.68,1.813,2.063,2.142,1.804,1.924,1.894
2012-02-14 15:00:00,1.986,1.949,1.931,1.988,1.824,2.062,2.174,1.915,2.139,2.24,1.71,1.828,2.092,2.179,1.812,1.924,1.886
2012-02-14 16:00:00,2.016,1.963,1.96,2.025,1.846,2.084,2.225,1.945,2.161,2.269,1.732,1.859,2.121,2.216,1.849,1.946,1.894
2012-02-14 17:00:00,2.038,1.956,1.968,2.054,1.846,2.114,2.277,1.981,2.175,2.298,1.769,1.874,2.151,2.245,1.871,1.946,1.886
2012-02-14 18:00:00,2.023,1.934,1.945,2.032,1.817,2.077,2.247,1.959,2.168,2.247,1.747,1.874,2.114,2.216,1.871,1.924,1.856
2012-02-14 19:00:00,2.001,1.89,1.916,2.032,1.788,2.062,2.24,1.967,2.124,2.226,1.754,1.844,2.099,2.201,1.857,1.894,1.81
2012-02-14 20:00:00,1.957,1.832,1.856,1.996,1.729,2.017,2.203,1.937,2.051,2.175,1.739,1.798,2.055,2.164,1.819,1.835,1.749
2012-02-14 21:00:00,1.861,1.722,1.745,1.922,1.627,1.899,2.108,1.863,1.919,2.081,1.673,1.705,1.945,2.068,1.729,1.725,1.635
2012-02-14 22:00:00,1.721,1.569,1.589,1.813,1.481,1.735,1.983,1.76,1.75,1.95,1.583,1.567,1.776,1.951,1.602,1.585,1.498
2012-02-14 23:00:00,1.565,1.423,1.44,1.645,1.335,1.58,1.799,1.598,1.589,1.776,1.45,1.429,1.608,1.774,1.467,1.437,1.354
2012-02-15 00:00:00,1.529,1.387,1.396,1.615,1.299,1.535,1.755,1.562,1.553,1.74,1.42,1.406,1.564,1.73,1.445,1.408,1.331
2012-02-15 01:00:00,1.529,1.394,1.411,1.601,1.27,1.543,1.748,1.554,1.56,1.74,1.42,1.421,1.571,1.722,1.46,1.415,1.301
2012-02-15 02:00:00,1.529,1.394,1.418,1.608,1.277,1.55,1.755,1.525,1.567,1.747,1.427,1.437,1.578,1.722,1.482,1.423,1.308
2012-02-15 03:00:00,1.565,1.423,1.463,1.63,1.313,1.587,1.77,1.562,1.619,1.776,1.457,1.475,1.615,1.745,1.527,1.459,1.339
2012-02-15 04:00:00,1.654,1.511,1.559,1.703,1.408,1.691,1.843,1.665,1.714,1.849,1.524,1.575,1.71,1.811,1.632,1.555,1.437
2012-02-15 05:00:00,1.92,1.737,1.819,1.966,1.671,1.958,2.137,1.93,1.992,2.153,1.777,1.828,1.975,2.098,1.909,1.799,1.704
2012-02-15 06:00:00,2.053,1.817,1.923,2.178,1.773,2.054,2.35,2.04,2.095,2.385,1.985,1.936,2.077,2.319,2.021,1.894,1.81
2012-02-15 07:00:00,1.964,1.744,1.871,2.047,1.729,1.988,2.203,1.974,2.021,2.247,1.881,1.89,2.004,2.171,1.969,1.835,1.764
2012-02-15 08:00:00,1.942,1.722,1.864,2.003,1.693,1.965,2.137,1.967,1.985,2.197,1.851,1.882,1.975,2.113,1.969,1.813,1.726
2012-02-15 09:00:00,1.89,1.679,1.834,1.944,1.656,1.913,2.056,1.922,1.926,2.139,1.814,1.844,1.916,2.032,1.939,1.776,1.688
2012-02-15 10:00:00,1.839,1.627,1.797,1.893,1.613,1.862,1.976,1.878,1.86,2.073,1.784,1.798,1.864,1.965,1.901,1.725,1.643
2012-02-15 11:00:00,1.794,1.591,1.767,1.864,1.583,1.817,1.91,1.841,1.794,2.03,1.777,1.751,1.806,1.914,1.849,1.688,1.612
2012-02-15 12:00:00,1.772,1.576,1.76,1.827,1.561,1.787,1.851,1.819,1.758,1.979,1.762,1.736,1.776,1.855,1.834,1.673,1.59
2012-02-15 13:00:00,1.75,1.554,1.737,1.805,1.561,1.758,1.829,1.797,1.721,1.943,1.762,1.705,1.747,1.833,1.827,1.651,1.59
2012-02-15 14:00:00,1.75,1.569,1.752,1.798,1.576,1.765,1.807,1.805,1.721,1.921,1.769,1.713,1.754,1.818,1.834,1.666,1.597
2012-02-15 15:00:00,1.757,1.576,1.767,1.82,1.591,1.78,1.792,1.812,1.728,1.936,1.814,1.721,1.769,1.803,1.879,1.681,1.612
2012-02-15 16:00:00,1.794,1.613,1.812,1.849,1.62,1.817,1.807,1.841,1.765,1.965,1.866,1.744,1.806,1.818,1.939,1.725,1.65
2012-02-15 17:00:00,1.817,1.642,1.841,1.879,1.656,1.839,1.807,1.871,1.787,1.986,1.918,1.767,1.82,1.825,1.991,1.747,1.688
2012-02-15 18:00:00,1.824,1.649,1.849,1.857,1.671,1.854,1.807,1.871,1.787,1.95,1.918,1.767,1.835,1.818,1.991,1.762,1.704
2012-02-15 19:00:00,1.824,1.649,1.856,1.864,1.671,1.854,1.799,1.863,1.772,1.95,1.948,1.759,1.835,1.803,2.021,1.754,1.696
2012-02-15 20:00:00,1.802,1.627,1.841,1.849,1.656,1.832,1.77,1.834,1.75,1.921,1.948,1.728,1.813,1.767,2.021,1.732,1.681
2012-02-15 21:00:00,1.728,1.554,1.767,1.791,1.576,1.758,1.697,1.753,1.677,1.849,1.896,1.644,1.74,1.686,1.969,1.658,1.597
2012-02-15 22:00:00,1.602,1.43,1.641,1.703,1.423,1.632,1.572,1.62,1.56,1.747,1.806,1.513,1.608,1.553,1.871,1.533,1.437
2012-02-15 23:00:00,1.469,1.314,1.507,1.55,1.284,1.498,1.447,1.488,1.428,1.588,1.65,1.383,1.483,1.421,1.714,1.4,1.301
2012-02-16 00:00:00,1.447,1.299,1.492,1.528,1.248,1.491,1.432,1.48,1.414,1.551,1.621,1.36,1.468,1.399,1.692,1.386,1.263
2012-02-16 01:00:00,1.462,1.314,1.522,1.535,1.27,1.513,1.454,1.51,1.421,1.551,1.628,1.367,1.49,1.421,1.699,1.393,1.278
2012-02-16 02:00:00,1.477,1.321,1.537,1.55,1.277,1.535,1.476,1.532,1.436,1.559,1.635,1.383,1.512,1.443,1.707,1.408,1.285
2012-02-16 03:00:00,1.521,1.357,1.574,1.572,1.306,1.58,1.528,1.591,1.472,1.58,1.665,1.413,1.556,1.494,1.737,1.445,1.323
2012-02-16 04:00:00,1.617,1.445,1.678,1.652,1.408,1.691,1.638,1.672,1.567,1.653,1.739,1.513,1.659,1.605,1.819,1.541,1.437
2012-02-16 05:00:00,1.89,1.686,1.953,1.944,1.671,1.973,1.91,1.967,1.824,1.936,2.037,1.759,1.938,1.877,2.133,1.791,1.704
2012-02-16 06:00:00,2.053,1.803,2.094,2.164,1.78,2.114,2.049,2.195,1.941,2.146,2.275,1.874,2.07,2.017,2.388,1.916,1.825
2012-02-16 07:00:00,1.994,1.759,2.042,2.069,1.751,2.062,1.998,2.107,1.89,2.03,2.185,1.828,2.011,1.98,2.283,1.872,1.787
2012-02-16 08:00:00,1.986,1.773,2.035,2.061,1.722,2.077,2.005,2.107,1.89,2.008,2.185,1.821,2.011,1.987,2.268,1.872,1.764
2012-02-16 09:00:00,1.964,1.759,2.005,2.032,1.693,2.062,1.954,2.092,1.86,1.972,2.171,1.798,1.989,1.943,2.238,1.85,1.734
2012-02-16 10:00:00,1.935,1.744,1.96,2.017,1.664,2.032,1.924,2.077,1.838,1.928,2.156,1.775,1.96,1.929,2.208,1.821,1.704
2012-02-16 11:00:00,1.92,1.722,1.916,2.017,1.627,1.988,1.91,2.077,1.816,1.921,2.171,1.744,1.931,1.921,2.201,1.791,1.673
2012-02-16 12:00:00,1.905,1.715,1.893,2.01,1.62,1.958,1.888,2.062,1.809,1.892,2.171,1.728,1.909,1.914,2.186,1.776,1.658
2012-02-16 13:00:00,1.898,1.708,1.871,2.032,1.613,1.958,1.895,2.077,1.802,1.892,2.2,1.721,1.901,1.929,2.178,1.762,1.65
2012-02-16 14:00:00,1.913,1.715,1.871,2.047,1.62,1.951,1.895,2.092,1.802,1.892,2.223,1.728,1.909,1.951,2.171,1.762,1.65
2012-02-16 15:00:00,1.942,1.73,1.886,2.12,1.634,1.988,1.932,2.151,1.816,1.943,2.297,1.744,1.916,2.01,2.216,1.776,1.666
2012-02-16 16:00:00,1.986,1.766,1.916,2.2,1.656,2.025,1.976,2.217,1.853,1.994,2.371,1.782,1.953,2.076,2.253,1.806,1.688
2012-02-16 17:00:00,2.023,1.788,1.931,2.273,1.678,2.062,2.012,2.283,1.875,2.052,2.438,1.805,1.975,2.135,2.283,1.821,1.704
2012-02-16 18:00:00,2.023,1.781,1.923,2.281,1.671,2.04,1.998,2.276,1.875,2.059,2.438,1.813,1.975,2.135,2.253,1.821,1.696
2012-02-16 19:00:00,2.016,1.766,1.901,2.31,1.656,2.047,2.012,2.291,1.868,2.088,2.461,1.798,1.953,2.149,2.246,1.799,1.681
2012-02-16 20:00:00,1.986,1.722,1.856,2.31,1.613,2.01,1.983,2.276,1.831,2.073,2.453,1.759,1.909,2.135,2.208,1.762,1.643
2012-02-16 21:00:00,1.905,1.635,1.76,2.251,1.518,1.906,1.902,2.195,1.743,2.008,2.379,1.667,1.806,2.068,2.111,1.666,1.552
2012-02-16 22:00:00,1.772,1.503,1.619,2.142,1.35,1.743,1.792,2.07,1.604,1.907,2.245,1.529,1.659,1.958,1.984,1.533,1.384
2012-02-16 23:00:00,1.61,1.357,1.47,1.966,1.211,1.587,1.616,1.886,1.457,1.733,2.059,1.383,1.505,1.774,1.797,1.386,1.24
2012-02-17 00:00:00,1.565,1.321,1.418,1.922,1.146,1.543,1.572,1.834,1.414,1.696,2.015,1.352,1.461,1.737,1.752,1.342,1.186
2012-02-17 01:00:00,1.558,1.328,1.426,1.908,1.153,1.543,1.557,1.819,1.421,1.682,2.015,1.36,1.461,1.722,1.737,1.349,1.194
2012-02-17 02:00:00,1.558,1.328,1.426,1.915,1.153,1.543,1.52,1.812,1.428,1.682,2.015,1.367,1.461,1.715,1.729,1.349,1.194
2012-02-17 03:00:00,1.58,1.35,1.448,1.937,1.175,1.565,1.55,1.834,1.457,1.704,2.037,1.39,1.49,1.737,1.752,1.371,1.225
2012-02-17 04:00:00,1.654,1.43,1.53,2.01,1.255,1.654,1.638,1.908,1.538,1.769,2.119,1.475,1.571,1.803,1.819,1.452,1.316
2012-02-17 05:00:00,1.913,1.642,1.737,2.31,1.474,1.899,1.88,2.202,1.772,2.059,2.431,1.69,1.806,2.083,2.096,1.666,1.536
2012-02-17 06:00:00,2.045,1.73,1.819,2.522,1.561,1.995,1.976,2.409,1.875,2.269,2.646,1.79,1.901,2.289,2.283,1.754,1.635
2012-02-17 07:00:00,1.942,1.649,1.737,2.398,1.503,1.906,1.895,2.247,1.802,2.139,2.498,1.721,1.828,2.142,2.126,1.688,1.582
2012-02-17 08:00:00,1.905,1.62,1.708,2.354,1.459,1.869,1.866,2.165,1.787,2.088,2.423,1.705,1.806,2.083,2.059,1.666,1.544
2012-02-17 09:00:00,1.839,1.569,1.663,2.281,1.423,1.81,1.814,2.07,1.743,2.023,2.334,1.659,1.754,2.002,1.969,1.614,1.506
2012-02-17 10:00:00,1.78,1.511,1.611,2.215,1.379,1.743,1.755,1.981,1.692,1.965,2.245,1.613,1.71,1.936,1.894,1.563,1.468
2012-02-17 11:00:00,1.728,1.452,1.559,2.164,1.335,1.676,1.697,1.915,1.641,1.921,2.185,1.567,1.659,1.87,1.849,1.511,1.437
2012-02-17 12:00:00,1.684,1.416,1.522,2.105,1.299,1.632,1.66,1.878,1.604,1.878,2.104,1.536,1.622,1.833,1.789,1.474,1.407
2012-02-17 13:00:00,1.647,1.394,1.492,2.054,1.284,1.587,1.616,1.819,1.575,1.841,2.052,1.521,1.586,1.781,1.737,1.452,1.399
2012-02-17 14:00:00,1.625,1.379,1.47,2.01,1.277,1.572,1.601,1.782,1.56,1.82,2.007,1.513,1.578,1.745,1.722,1.445,1.407
2012-02-17 15:00:00,1.61,1.372,1.47,2.01,1.277,1.55,1.579,1.746,1.553,1.849,2.0,1.521,1.564,1.708,1.692,1.437,1.415
2012-02-17 16:00:00,1.617,1.387,1.485,2.017,1.306,1.55,1.586,1.738,1.567,1.856,2.007,1.544,1.578,1.708,1.692,1.459,1.453
2012-02-17 17:00:00,1.625,1.401,1.492,2.01,1.328,1.565,1.579,1.716,1.582,1.849,1.992,1.567,1.593,1.686,1.684,1.467,1.475
2012-02-17 18:00:00,1.61,1.401,1.485,1.944,1.343,1.557,1.564,1.679,1.575,1.827,1.94,1.567,1.578,1.649,1.662,1.467,1.498
2012-02-17 19:00:00,1.58,1.387,1.463,1.908,1.343,1.528,1.535,1.628,1.545,1.783,1.91,1.552,1.556,1.605,1.632,1.452,1.498
2012-02-17 20:00:00,1.536,1.357,1.433,1.849,1.328,1.483,1.484,1.569,1.509,1.718,1.866,1.529,1.519,1.538,1.58,1.43,1.483
2012-02-17 21:00:00,1.447,1.284,1.351,1.725,1.27,1.394,1.395,1.466,1.421,1.609,1.784,1.452,1.424,1.435,1.482,1.356,1.415
2012-02-17 22:00:00,1.307,1.153,1.203,1.564,1.138,1.239,1.271,1.326,1.267,1.457,1.673,1.306,1.277,1.303,1.347,1.209,1.27
2012-02-17 23:00:00,1.174,1.036,1.077,1.418,1.029,1.112,1.131,1.201,1.135,1.319,1.516,1.183,1.145,1.17,1.22,1.098,1.148
2012-02-18 00:00:00,1.115,0.971,1.017,1.36,0.97,1.046,1.065,1.142,1.077,1.261,1.464,1.114,1.072,1.075,1.168,1.032,1.088
2012-02-18 01:00:00,1.122,0.985,1.032,1.367,0.992,1.061,1.08,1.142,1.091,1.261,1.457,1.137,1.094,1.082,1.168,1.054,1.11
2012-02-18 02:00:00,1.122,0.985,1.04,1.367,0.992,1.068,1.072,1.105,1.091,1.261,1.464,1.145,1.094,1.082,1.168,1.061,1.118
2012-02-18 03:00:00,1.137,1.007,1.069,1.396,1.014,1.09,1.094,1.127,1.113,1.276,1.479,1.175,1.116,1.097,1.19,1.084,1.148
2012-02-18 04:00:00,1.218,1.08,1.151,1.477,1.087,1.179,1.175,1.208,1.194,1.341,1.546,1.26,1.196,1.17,1.258,1.165,1.232
2012-02-18 05:00:00,1.44,1.277,1.359,1.703,1.284,1.394,1.381,1.422,1.406,1.544,1.799,1.49,1.417,1.376,1.452,1.378,1.46
2012-02-18 06:00:00,1.543,1.372,1.47,1.805,1.379,1.506,1.491,1.517,1.516,1.631,2.0,1.606,1.527,1.472,1.55,1.482,1.567
2012-02-18 07:00:00,1.499,1.343,1.44,1.754,1.343,1.476,1.462,1.48,1.479,1.573,1.888,1.567,1.49,1.435,1.505,1.452,1.521
2012-02-18 08:00:00,1.484,1.321,1.418,1.74,1.321,1.454,1.454,1.451,1.457,1.566,1.858,1.536,1.468,1.413,1.497,1.43,1.491
2012-02-18 09:00:00,1.455,1.292,1.396,1.703,1.284,1.431,1.44,1.422,1.421,1.53,1.821,1.506,1.431,1.384,1.467,1.4,1.445
2012-02-18 10:00:00,1.425,1.263,1.366,1.667,1.248,1.402,1.425,1.392,1.384,1.508,1.777,1.475,1.402,1.362,1.43,1.364,1.399
2012-02-18 11:00:00,1.396,1.241,1.344,1.63,1.219,1.379,1.417,1.363,1.355,1.479,1.754,1.444,1.373,1.34,1.407,1.342,1.361
2012-02-18 12:00:00,1.381,1.219,1.322,1.608,1.197,1.372,1.417,1.348,1.333,1.464,1.725,1.421,1.351,1.325,1.385,1.319,1.331
2012-02-18 13:00:00,1.373,1.211,1.322,1.594,1.189,1.372,1.425,1.341,1.333,1.457,1.702,1.406,1.343,1.332,1.385,1.312,1.316
2012-02-18 14:00:00,1.373,1.219,1.314,1.594,1.189,1.372,1.454,1.348,1.333,1.464,1.702,1.398,1.343,1.347,1.385,1.312,1.308
2012-02-18 15:00:00,1.388,1.219,1.329,1.601,1.189,1.387,1.476,1.363,1.34,1.479,1.717,1.406,1.351,1.369,1.4,1.319,1.308
2012-02-18 16:00:00,1.418,1.241,1.359,1.63,1.204,1.424,1.528,1.392,1.37,1.515,1.754,1.429,1.38,1.413,1.437,1.349,1.323
2012-02-18 17:00:00,1.44,1.255,1.374,1.652,1.219,1.446,1.564,1.414,1.384,1.537,1.769,1.437,1.395,1.45,1.452,1.364,1.323
2012-02-18 18:00:00,1.447,1.263,1.381,1.645,1.211,1.454,1.586,1.429,1.392,1.551,1.747,1.437,1.395,1.465,1.46,1.371,1.323
2012-02-18 19:00:00,1.433,1.255,1.366,1.637,1.204,1.446,1.594,1.422,1.377,1.537,1.739,1.429,1.387,1.472,1.452,1.356,1.316
2012-02-18 20:00:00,1.41,1.226,1.344,1.601,1.167,1.417,1.572,1.399,1.355,1.508,1.702,1.39,1.358,1.457,1.422,1.334,1.285
2012-02-18 21:00:00,1.337,1.16,1.27,1.52,1.102,1.342,1.506,1.326,1.274,1.435,1.606,1.314,1.285,1.362,1.347,1.26,1.217
2012-02-18 22:00:00,1.211,1.044,1.136,1.389,0.992,1.209,1.388,1.201,1.143,1.327,1.464,1.175,1.145,1.259,1.213,1.128,1.095
2012-02-18 23:00:00,1.093,0.941,1.025,1.257,0.905,1.09,1.263,1.083,1.033,1.203,1.323,1.06,1.028,1.148,1.093,1.017,0.989
2012-02-19 00:00:00,1.056,0.92,0.995,1.235,0.876,1.053,1.241,1.046,1.003,1.189,1.301,1.029,0.991,1.134,1.056,0.988,0.958
2012-02-19 01:00:00,1.071,0.927,1.002,1.235,0.897,1.061,1.241,1.053,1.011,1.196,1.293,1.037,0.998,1.097,1.063,0.995,0.966
2012-02-19 02:00:00,1.078,0.941,1.01,1.235,0.912,1.068,1.249,1.061,1.025,1.211,1.293,1.045,1.006,1.104,1.07,1.002,0.974
2012-02-19 03:00:00,1.108,0.978,1.04,1.257,0.949,1.098,1.278,1.09,1.062,1.232,1.316,1.075,1.035,1.134,1.1,1.032,1.004
2012-02-19 04:00:00,1.182,1.058,1.121,1.323,1.029,1.187,1.351,1.171,1.15,1.319,1.383,1.152,1.116,1.222,1.183,1.12,1.08
2012-02-19 05:00:00,1.396,1.263,1.329,1.52,1.233,1.417,1.564,1.385,1.37,1.522,1.591,1.367,1.329,1.45,1.392,1.334,1.293
2012-02-19 06:00:00,1.499,1.365,1.433,1.608,1.335,1.528,1.667,1.495,1.479,1.631,1.68,1.475,1.439,1.56,1.497,1.437,1.392
2012-02-19 07:00:00,1.462,1.336,1.396,1.542,1.313,1.491,1.608,1.458,1.443,1.573,1.606,1.444,1.409,1.524,1.452,1.4,1.369
2012-02-19 08:00:00,1.44,1.314,1.374,1.52,1.299,1.461,1.586,1.429,1.421,1.559,1.576,1.413,1.387,1.494,1.422,1.378,1.361
2012-02-19 09:00:00,1.403,1.284,1.337,1.484,1.284,1.431,1.55,1.392,1.399,1.53,1.531,1.383,1.365,1.465,1.385,1.349,1.339
2012-02-19 10:00:00,1.381,1.263,1.314,1.447,1.27,1.394,1.506,1.363,1.37,1.493,1.479,1.352,1.343,1.428,1.347,1.327,1.331
2012-02-19 11:00:00,1.351,1.241,1.285,1.411,1.262,1.365,1.462,1.333,1.355,1.457,1.435,1.329,1.321,1.399,1.318,1.312,1.323
2012-02-19 12:00:00,1.329,1.233,1.277,1.389,1.255,1.35,1.432,1.311,1.333,1.435,1.405,1.321,1.307,1.376,1.295,1.297,1.323
2012-02-19 13:00:00,1.322,1.233,1.285,1.36,1.27,1.342,1.395,1.304,1.333,1.406,1.368,1.321,1.314,1.362,1.288,1.305,1.339
2012-02-19 14:00:00,1.329,1.241,1.292,1.345,1.291,1.342,1.388,1.304,1.34,1.399,1.353,1.329,1.321,1.362,1.288,1.312,1.354
2012-02-19 15:00:00,1.337,1.263,1.314,1.345,1.321,1.357,1.388,1.311,1.355,1.406,1.338,1.344,1.343,1.362,1.303,1.334,1.384
2012-02-19 16:00:00,1.373,1.306,1.359,1.367,1.372,1.387,1.403,1.348,1.406,1.428,1.353,1.39,1.38,1.384,1.332,1.378,1.437
2012-02-19 17:00:00,1.403,1.343,1.396,1.382,1.416,1.417,1.41,1.37,1.436,1.443,1.353,1.421,1.417,1.406,1.362,1.408,1.483
2012-02-19 18:00:00,1.41,1.365,1.411,1.367,1.445,1.431,1.403,1.377,1.457,1.45,1.353,1.437,1.431,1.399,1.37,1.43,1.514
2012-02-19 19:00:00,1.41,1.379,1.426,1.352,1.467,1.431,1.388,1.377,1.472,1.45,1.331,1.444,1.439,1.391,1.37,1.437,1.529
2012-02-19 20:00:00,1.396,1.365,1.411,1.316,1.467,1.417,1.351,1.355,1.457,1.421,1.323,1.429,1.431,1.362,1.355,1.423,1.514
2012-02-19 21:00:00,1.329,1.314,1.351,1.25,1.408,1.357,1.285,1.289,1.392,1.348,1.256,1.375,1.365,1.296,1.295,1.364,1.445
2012-02-19 22:00:00,1.204,1.19,1.225,1.118,1.284,1.231,1.153,1.164,1.26,1.218,1.122,1.244,1.248,1.163,1.168,1.246,1.308
2012-02-19 23:00:00,1.093,1.087,1.114,1.009,1.167,1.12,1.05,1.053,1.143,1.095,1.018,1.129,1.13,1.053,1.063,1.135,1.186
2012-02-20 00:00:00,1.063,1.058,1.092,0.979,1.131,1.09,1.028,1.024,1.106,1.066,0.989,1.091,1.101,1.023,1.033,1.106,1.156
2012-02-20 01:00:00,1.086,1.08,1.114,0.994,1.16,1.12,1.05,1.046,1.128,1.08,1.004,1.114,1.13,1.045,1.056,1.128,1.179
2012-02-20 02:00:00,1.1,1.095,1.129,1.001,1.175,1.135,1.072,1.061,1.143,1.095,1.011,1.122,1.145,1.053,1.063,1.15,1.194
2012-02-20 03:00:00,1.145,1.131,1.173,1.038,1.211,1.179,1.116,1.105,1.179,1.131,1.041,1.168,1.189,1.097,1.1,1.187,1.232
2012-02-20 04:00:00,1.233,1.219,1.262,1.126,1.299,1.268,1.204,1.193,1.267,1.218,1.122,1.252,1.277,1.185,1.19,1.283,1.323
2012-02-20 05:00:00,1.469,1.452,1.507,1.352,1.554,1.513,1.447,1.429,1.509,1.457,1.338,1.498,1.527,1.421,1.422,1.526,1.582
2012-02-20 06:00:00,1.573,1.562,1.619,1.447,1.664,1.617,1.55,1.525,1.619,1.559,1.427,1.606,1.637,1.524,1.52,1.636,1.688
2012-02-20 07:00:00,1.551,1.547,1.604,1.44,1.642,1.595,1.535,1.503,1.597,1.537,1.412,1.59,1.608,1.502,1.505,1.614,1.658
2012-02-20 08:00:00,1.536,1.54,1.589,1.425,1.627,1.572,1.52,1.488,1.589,1.522,1.398,1.567,1.593,1.487,1.497,1.6,1.635
2012-02-20 09:00:00,1.521,1.533,1.574,1.403,1.613,1.557,1.506,1.473,1.589,1.508,1.398,1.552,1.578,1.472,1.49,1.585,1.605
2012-02-20 10:00:00,1.499,1.518,1.544,1.382,1.591,1.528,1.491,1.444,1.575,1.493,1.383,1.521,1.564,1.443,1.475,1.563,1.574
2012-02-20 11:00:00,1.484,1.511,1.522,1.36,1.561,1.513,1.491,1.429,1.567,1.472,1.368,1.49,1.556,1.421,1.467,1.541,1.536
2012-02-20 12:00:00,1.492,1.518,1.515,1.36,1.561,1.528,1.506,1.436,1.582,1.479,1.375,1.483,1.564,1.421,1.467,1.541,1.521
2012-02-20 13:00:00,1.499,1.533,1.515,1.36,1.554,1.528,1.528,1.444,1.604,1.479,1.383,1.475,1.571,1.421,1.475,1.541,1.514
2012-02-20 14:00:00,1.514,1.562,1.522,1.374,1.569,1.55,1.564,1.458,1.626,1.501,1.405,1.483,1.6,1.443,1.49,1.555,1.514
2012-02-20 15:00:00,1.543,1.598,1.53,1.396,1.591,1.587,1.608,1.488,1.663,1.537,1.435,1.498,1.637,1.465,1.505,1.57,1.529
2012-02-20 16:00:00,1.595,1.657,1.559,1.44,1.62,1.639,1.675,1.532,1.707,1.595,1.479,1.529,1.696,1.516,1.542,1.614,1.552
2012-02-20 17:00:00,1.632,1.7,1.582,1.477,1.656,1.676,1.733,1.569,1.758,1.646,1.516,1.559,1.747,1.56,1.572,1.636,1.582
2012-02-20 18:00:00,1.654,1.73,1.589,1.506,1.664,1.706,1.777,1.584,1.78,1.682,1.531,1.567,1.776,1.597,1.58,1.651,1.582
2012-02-20 19:00:00,1.661,1.737,1.582,1.52,1.664,1.706,1.807,1.591,1.794,1.704,1.539,1.567,1.791,1.619,1.58,1.636,1.582
2012-02-20 20:00:00,1.639,1.722,1.552,1.513,1.634,1.691,1.807,1.569,1.78,1.704,1.516,1.544,1.776,1.612,1.55,1.607,1.552
2012-02-20 21:00:00,1.573,1.649,1.478,1.447,1.547,1.617,1.741,1.503,1.707,1.646,1.45,1.467,1.703,1.56,1.475,1.533,1.475
2012-02-20 22:00:00,1.455,1.525,1.359,1.345,1.401,1.491,1.616,1.392,1.589,1.537,1.338,1.321,1.578,1.45,1.362,1.415,1.331
2012-02-20 23:00:00,1.322,1.394,1.24,1.228,1.262,1.357,1.476,1.267,1.457,1.406,1.219,1.191,1.439,1.325,1.243,1.283,1.202
2012-02-21 00:00:00,1.3,1.365,1.218,1.213,1.226,1.335,1.447,1.245,1.428,1.385,1.204,1.152,1.409,1.31,1.22,1.26,1.164
2012-02-21 01:00:00,1.307,1.372,1.195,1.228,1.255,1.342,1.462,1.252,1.443,1.392,1.212,1.175,1.424,1.318,1.235,1.275,1.186
2012-02-21 02:00:00,1.322,1.387,1.24,1.235,1.27,1.342,1.469,1.26,1.45,1.399,1.227,1.191,1.431,1.332,1.243,1.283,1.202
2012-02-21 03:00:00,1.351,1.416,1.277,1.265,1.313,1.372,1.506,1.289,1.494,1.435,1.256,1.229,1.475,1.362,1.28,1.319,1.24
2012-02-21 04:00:00,1.447,1.511,1.359,1.352,1.452,1.461,1.594,1.37,1.582,1.53,1.345,1.321,1.571,1.45,1.37,1.408,1.339
2012-02-21 05:00:00,1.676,1.752,1.582,1.564,1.693,1.691,1.851,1.584,1.838,1.769,1.561,1.567,1.82,1.678,1.587,1.636,1.59
2012-02-21 06:00:00,1.78,1.854,1.678,1.659,1.802,1.795,1.968,1.679,1.948,1.885,1.665,1.659,1.931,1.774,1.677,1.732,1.696
2012-02-21 07:00:00,1.728,1.788,1.648,1.601,1.751,1.743,1.91,1.628,1.882,1.827,1.613,1.621,1.864,1.715,1.624,1.681,1.65
2012-02-21 08:00:00,1.713,1.766,1.611,1.586,1.737,1.728,1.902,1.613,1.853,1.812,1.598,1.582,1.85,1.7,1.602,1.673,1.612
2012-02-21 09:00:00,1.669,1.715,1.574,1.55,1.7,1.684,1.858,1.576,1.794,1.776,1.554,1.544,1.798,1.664,1.557,1.629,1.574
2012-02-21 10:00:00,1.625,1.664,1.53,1.506,1.656,1.646,1.807,1.532,1.743,1.733,1.502,1.506,1.747,1.619,1.512,1.585,1.536
2012-02-21 11:00:00,1.58,1.606,1.492,1.477,1.605,1.595,1.755,1.488,1.677,1.689,1.457,1.467,1.696,1.583,1.467,1.541,1.491
2012-02-21 12:00:00,1.543,1.562,1.47,1.455,1.576,1.565,1.704,1.466,1.626,1.66,1.427,1.444,1.652,1.553,1.437,1.511,1.468
2012-02-21 13:00:00,1.514,1.525,1.448,1.433,1.554,1.535,1.66,1.436,1.582,1.624,1.398,1.429,1.615,1.531,1.407,1.489,1.445
2012-02-21 14:00:00,1.499,1.503,1.44,1.425,1.547,1.52,1.63,1.429,1.567,1.609,1.383,1.437,1.586,1.516,1.4,1.489,1.445
2012-02-21 15:00:00,1.492,1.481,1.44,1.418,1.54,1.52,1.601,1.429,1.553,1.595,1.368,1.444,1.571,1.509,1.4,1.489,1.445
2012-02-21 16:00:00,1.499,1.474,1.463,1.425,1.554,1.528,1.594,1.436,1.553,1.602,1.375,1.46,1.578,1.516,1.407,1.504,1.46
2012-02-21 17:00:00,1.506,1.474,1.478,1.44,1.569,1.535,1.572,1.444,1.553,1.588,1.375,1.49,1.586,1.509,1.422,1.518,1.475
2012-02-21 18:00:00,1.484,1.445,1.47,1.418,1.554,1.513,1.535,1.429,1.531,1.551,1.36,1.483,1.564,1.494,1.415,1.511,1.468
2012-02-21 19:00:00,1.462,1.409,1.463,1.396,1.54,1.491,1.506,1.407,1.501,1.508,1.36,1.475,1.527,1.457,1.4,1.496,1.445
2012-02-21 20:00:00,1.418,1.357,1.426,1.352,1.496,1.446,1.432,1.37,1.443,1.45,1.323,1.437,1.475,1.406,1.37,1.452,1.399
2012-02-21 21:00:00,1.329,1.27,1.344,1.272,1.408,1.365,1.337,1.289,1.355,1.385,1.249,1.352,1.387,1.31,1.295,1.371,1.308
2012-02-21 22:00:00,1.189,1.124,1.203,1.133,1.255,1.224,1.182,1.156,1.208,1.232,1.115,1.206,1.241,1.17,1.16,1.231,1.164
2012-02-21 23:00:00,1.063,1.007,1.077,1.023,1.116,1.098,1.058,1.039,1.077,1.102,1.004,1.075,1.116,1.053,1.041,1.098,1.034
2012-02-22 00:00:00,1.019,0.963,1.032,0.979,1.051,1.061,1.014,1.002,1.033,1.058,0.959,1.029,1.072,1.008,0.996,1.047,0.981
2012-02-22 01:00:00,1.034,0.971,1.032,0.994,1.043,1.075,1.021,1.016,1.04,1.08,0.974,1.037,1.086,1.023,1.003,1.054,0.981
2012-02-22 02:00:00,1.034,0.963,1.032,1.001,1.022,1.083,1.021,1.024,1.04,1.087,0.974,1.029,1.094,1.023,1.003,1.047,0.974
2012-02-22 03:00:00,1.056,0.985,1.04,1.023,1.029,1.105,1.05,1.046,1.062,1.124,0.996,1.045,1.116,1.053,1.026,1.061,0.981
2012-02-22 04:00:00,1.13,1.051,1.114,1.104,1.087,1.194,1.131,1.127,1.143,1.211,1.07,1.122,1.204,1.134,1.1,1.135,1.042
2012-02-22 05:00:00,1.329,1.233,1.299,1.308,1.255,1.409,1.329,1.333,1.348,1.435,1.264,1.314,1.424,1.347,1.295,1.327,1.217
2012-02-22 06:00:00,1.41,1.314,1.374,1.396,1.313,1.498,1.403,1.414,1.428,1.522,1.338,1.383,1.512,1.428,1.37,1.393,1.285
2012-02-22 07:00:00,1.366,1.284,1.322,1.36,1.262,1.461,1.351,1.377,1.384,1.479,1.293,1.344,1.468,1.391,1.325,1.342,1.278
2012-02-22 08:00:00,1.344,1.27,1.285,1.33,1.233,1.431,1.322,1.341,1.377,1.45,1.264,1.306,1.446,1.369,1.295,1.312,1.225
2012-02-22 09:00:00,1.307,1.241,1.247,1.301,1.197,1.402,1.293,1.311,1.348,1.414,1.234,1.268,1.409,1.347,1.265,1.268,1.171
2012-02-22 10:00:00,1.278,1.219,1.21,1.272,1.167,1.365,1.263,1.282,1.333,1.377,1.204,1.229,1.38,1.318,1.228,1.238,1.118
2012-02-22 11:00:00,1.248,1.204,1.181,1.25,1.131,1.342,1.241,1.245,1.311,1.348,1.175,1.198,1.343,1.303,1.198,1.209,1.08
2012-02-22 12:00:00,1.226,1.19,1.158,1.228,1.094,1.32,1.227,1.223,1.296,1.334,1.152,1.168,1.321,1.288,1.168,1.187,1.065
2012-02-22 13:00:00,1.218,1.182,1.151,1.221,1.073,1.313,1.234,1.223,1.296,1.334,1.145,1.16,1.307,1.288,1.16,1.179,1.05
2012-02-22 14:00:00,1.226,1.182,1.151,1.228,1.065,1.32,1.249,1.223,1.304,1.341,1.152,1.152,1.307,1.303,1.168,1.179,1.057
2012-02-22 15:00:00,1.233,1.182,1.158,1.235,1.073,1.328,1.271,1.23,1.318,1.348,1.16,1.16,1.307,1.325,1.168,1.179,1.065
2012-02-22 16:00:00,1.248,1.19,1.173,1.257,1.094,1.342,1.3,1.252,1.34,1.37,1.175,1.175,1.321,1.362,1.183,1.187,1.095
2012-02-22 17:00:00,1.27,1.204,1.188,1.287,1.124,1.365,1.337,1.267,1.362,1.392,1.189,1.191,1.336,1.384,1.205,1.201,1.126
2012-02-22 18:00:00,1.27,1.19,1.188,1.287,1.138,1.357,1.351,1.267,1.355,1.399,1.189,1.191,1.329,1.391,1.205,1.194,1.133
2012-02-22 19:00:00,1.263,1.175,1.173,1.279,1.146,1.342,1.359,1.252,1.348,1.392,1.189,1.175,1.314,1.391,1.198,1.187,1.141
2012-02-22 20:00:00,1.233,1.153,1.151,1.25,1.131,1.313,1.337,1.223,1.318,1.363,1.167,1.152,1.285,1.362,1.183,1.165,1.118
2012-02-22 21:00:00,1.167,1.087,1.092,1.184,1.065,1.239,1.263,1.156,1.252,1.29,1.108,1.091,1.211,1.288,1.115,1.098,1.057
2012-02-22 22:00:00,1.041,0.971,0.973,1.06,0.941,1.112,1.131,1.031,1.128,1.16,0.996,0.976,1.086,1.156,0.996,0.988,0.935
2012-02-22 23:00:00,0.945,0.883,0.876,0.958,0.832,1.001,1.014,0.935,1.018,1.044,0.907,0.883,0.976,1.038,0.898,0.892,0.837
2012-02-23 00:00:00,0.908,0.847,0.832,0.928,0.788,0.964,0.977,0.899,0.981,1.008,0.87,0.845,0.94,1.001,0.853,0.855,0.791
2012-02-23 01:00:00,0.916,0.868,0.846,0.943,0.81,0.972,0.984,0.906,0.996,1.022,0.885,0.868,0.954,1.016,0.868,0.87,0.814
2012-02-23 02:00:00,0.923,0.876,0.846,0.95,0.81,0.979,0.999,0.906,1.003,1.037,0.885,0.876,0.962,1.023,0.868,0.877,0.814
2012-02-23 03:00:00,0.945,0.905,0.869,0.972,0.846,1.001,1.028,0.921,1.033,1.073,0.907,0.899,0.991,1.053,0.883,0.899,0.844
2012-02-23 04:00:00,1.026,0.985,0.921,1.045,0.941,1.075,1.116,0.994,1.121,1.16,0.966,0.96,1.072,1.141,0.943,0.966,0.943
2012-02-23 05:00:00,1.211,1.16,1.099,1.228,1.116,1.276,1.329,1.164,1.333,1.377,1.145,1.152,1.27,1.347,1.115,1.15,1.118
2012-02-23 06:00:00,1.292,1.226,1.195,1.301,1.197,1.35,1.417,1.23,1.414,1.472,1.212,1.229,1.351,1.428,1.19,1.224,1.217
2012-02-23 07:00:00,1.255,1.19,1.166,1.272,1.167,1.32,1.388,1.201,1.384,1.443,1.182,1.206,1.321,1.399,1.16,1.194,1.194
2012-02-23 08:00:00,1.241,1.153,1.136,1.243,1.124,1.298,1.359,1.178,1.355,1.414,1.16,1.198,1.299,1.362,1.138,1.179,1.164
2012-02-23 09:00:00,1.211,1.117,1.092,1.213,1.073,1.261,1.329,1.149,1.326,1.377,1.137,1.175,1.263,1.332,1.123,1.157,1.118
2012-02-23 10:00:00,1.174,1.08,1.054,1.184,1.022,1.231,1.278,1.127,1.282,1.341,1.115,1.16,1.241,1.288,1.1,1.128,1.08
2012-02-23 11:00:00,1.145,1.029,1.032,1.155,0.992,1.201,1.241,1.105,1.245,1.305,1.093,1.145,1.219,1.251,1.085,1.098,1.05
2012-02-23 12:00:00,1.13,1.0,1.017,1.14,0.97,1.179,1.219,1.09,1.223,1.283,1.078,1.129,1.204,1.222,1.07,1.076,1.034
2012-02-23 13:00:00,1.115,0.985,1.002,1.126,0.949,1.164,1.197,1.075,1.201,1.269,1.078,1.129,1.196,1.2,1.063,1.039,1.012
2012-02-23 14:00:00,1.108,0.978,1.002,1.133,0.941,1.164,1.182,1.083,1.201,1.269,1.085,1.137,1.204,1.192,1.07,1.039,1.004
2012-02-23 15:00:00,1.115,0.993,1.017,1.14,0.941,1.164,1.175,1.083,1.201,1.269,1.093,1.145,1.219,1.185,1.078,1.047,1.004
2012-02-23 16:00:00,1.13,1.007,1.032,1.148,0.941,1.179,1.175,1.097,1.208,1.29,1.115,1.16,1.241,1.192,1.1,1.054,1.004
2012-02-23 17:00:00,1.145,1.036,1.047,1.17,0.949,1.194,1.175,1.12,1.223,1.305,1.137,1.175,1.263,1.2,1.115,1.076,1.019
2012-02-23 18:00:00,1.152,1.036,1.04,1.17,0.934,1.187,1.16,1.12,1.223,1.305,1.145,1.175,1.263,1.2,1.123,1.069,1.027
2012-02-23 19:00:00,1.13,1.036,1.032,1.162,0.912,1.172,1.138,1.105,1.201,1.305,1.145,1.168,1.255,1.185,1.108,1.061,1.027
2012-02-23 20:00:00,1.108,1.007,1.002,1.148,0.883,1.15,1.109,1.083,1.172,1.276,1.122,1.145,1.233,1.163,1.093,1.032,1.004
2012-02-23 21:00:00,1.041,0.949,0.921,1.082,0.81,1.075,1.043,1.016,1.099,1.211,1.063,1.075,1.16,1.097,1.026,0.958,0.943
2012-02-23 22:00:00,0.923,0.825,0.802,0.972,0.7,0.949,0.94,0.899,0.967,1.08,0.952,0.968,1.042,0.979,0.913,0.833,0.829
2012-02-23 23:00:00,0.827,0.73,0.698,0.87,0.613,0.845,0.852,0.803,0.857,0.979,0.862,0.86,0.932,0.876,0.831,0.722,0.73
2012-02-24 00:00:00,0.775,0.679,0.661,0.826,0.569,0.794,0.815,0.729,0.791,0.928,0.825,0.799,0.888,0.832,0.794,0.671,0.685
2012-02-24 01:00:00,0.783,0.686,0.668,0.826,0.576,0.779,0.83,0.737,0.806,0.935,0.833,0.822,0.896,0.832,0.801,0.678,0.692
2012-02-24 02:00:00,0.775,0.671,0.661,0.819,0.569,0.764,0.83,0.729,0.798,0.935,0.84,0.814,0.888,0.824,0.808,0.663,0.685
2012-02-24 03:00:00,0.79,0.693,0.683,0.833,0.584,0.786,0.845,0.751,0.82,0.95,0.862,0.845,0.91,0.839,0.823,0.678,0.707
2012-02-24 04:00:00,0.864,0.759,0.757,0.892,0.642,0.86,0.903,0.832,0.901,1.008,0.937,0.937,0.962,0.898,0.883,0.752,0.791
2012-02-24 05:00:00,1.012,0.89,0.884,1.045,0.766,1.016,1.058,0.98,1.062,1.182,1.108,1.114,1.13,1.045,1.041,0.885,0.935
2012-02-24 06:00:00,1.078,0.949,0.943,1.111,0.817,1.075,1.116,1.031,1.121,1.247,1.182,1.191,1.189,1.104,1.108,0.929,0.996
2012-02-24 07:00:00,1.041,0.912,0.906,1.075,0.788,1.038,1.08,1.002,1.077,1.211,1.152,1.16,1.152,1.075,1.07,0.892,0.974
2012-02-24 08:00:00,1.004,0.876,0.861,1.038,0.752,0.986,1.065,0.95,1.018,1.182,1.13,1.114,1.13,1.06,1.041,0.84,0.935
2012-02-24 09:00:00,0.96,0.832,0.824,1.009,0.722,0.934,1.014,0.906,0.967,1.145,1.1,1.068,1.072,1.001,1.011,0.796,0.905
2012-02-24 10:00:00,0.923,0.795,0.794,0.979,0.7,0.89,0.977,0.869,0.916,1.116,1.07,1.037,1.02,0.964,0.973,0.759,0.882
2012-02-24 11:00:00,0.886,0.766,0.757,0.928,0.679,0.845,0.94,0.84,0.879,1.08,1.041,1.006,0.984,0.927,0.943,0.73,0.859
2012-02-24 12:00:00,0.864,0.752,0.743,0.906,0.671,0.823,0.918,0.818,0.857,1.058,1.026,0.991,0.954,0.898,0.921,0.715,0.859
2012-02-24 13:00:00,0.857,0.744,0.735,0.892,0.679,0.808,0.903,0.803,0.842,1.051,1.026,0.983,0.932,0.883,0.913,0.715,0.867
2012-02-24 14:00:00,0.857,0.752,0.735,0.892,0.693,0.808,0.903,0.803,0.835,1.044,1.033,0.991,0.932,0.883,0.921,0.722,0.882
2012-02-24 15:00:00,0.864,0.759,0.743,0.892,0.715,0.816,0.903,0.803,0.842,1.037,1.033,1.006,0.932,0.883,0.928,0.737,0.913
2012-02-24 16:00:00,0.886,0.795,0.765,0.914,0.759,0.838,0.925,0.825,0.864,1.051,1.056,1.045,0.947,0.898,0.951,0.767,0.951
2012-02-24 17:00:00,0.916,0.832,0.794,0.928,0.803,0.868,0.94,0.847,0.886,1.066,1.078,1.075,0.969,0.92,0.981,0.803,1.004
2012-02-24 18:00:00,0.93,0.854,0.817,0.943,0.832,0.89,0.955,0.862,0.908,1.058,1.078,1.106,0.991,0.927,0.996,0.833,1.027
2012-02-24 19:00:00,0.953,0.883,0.846,0.95,0.868,0.905,0.969,0.877,0.923,1.051,1.078,1.122,1.006,0.935,1.003,0.855,1.05
2012-02-24 20:00:00,0.945,0.883,0.846,0.936,0.876,0.905,0.962,0.877,0.916,1.029,1.063,1.114,0.991,0.927,0.996,0.862,1.05
2012-02-24 21:00:00,0.908,0.854,0.824,0.892,0.854,0.875,0.918,0.847,0.879,0.979,1.011,1.068,0.947,0.883,0.951,0.84,1.012
2012-02-24 22:00:00,0.812,0.766,0.743,0.789,0.773,0.786,0.823,0.759,0.791,0.877,0.914,0.953,0.844,0.788,0.846,0.759,0.905
2012-02-24 23:00:00,0.731,0.693,0.668,0.702,0.7,0.705,0.734,0.685,0.71,0.79,0.825,0.853,0.756,0.699,0.756,0.686,0.806
2012-04-01 00:00:00,0.768,0.664,0.705,0.877,0.7,0.712,0.786,0.795,0.666,0.855,0.855,0.853,0.727,0.802,0.861,0.693,0.761
2012-04-01 01:00:00,0.783,0.679,0.735,0.892,0.722,0.719,0.793,0.81,0.681,0.855,0.87,0.876,0.734,0.817,0.891,0.715,0.776
2012-04-01 02:00:00,0.812,0.715,0.78,0.914,0.773,0.764,0.808,0.84,0.718,0.87,0.892,0.914,0.771,0.839,0.928,0.759,0.814
2012-04-01 03:00:00,0.908,0.81,0.876,0.994,0.876,0.868,0.881,0.928,0.82,0.942,0.974,1.014,0.866,0.905,1.018,0.862,0.92
2012-04-01 04:00:00,1.086,0.978,1.069,1.191,1.065,1.046,1.043,1.12,0.996,1.116,1.175,1.229,1.05,1.075,1.22,1.047,1.118
2012-04-01 05:00:00,1.196,1.087,1.158,1.294,1.182,1.164,1.131,1.215,1.113,1.196,1.271,1.344,1.16,1.156,1.325,1.165,1.232
2012-04-01 06:00:00,1.182,1.087,1.166,1.272,1.182,1.135,1.124,1.215,1.113,1.174,1.256,1.337,1.152,1.141,1.31,1.157,1.232
2012-04-01 07:00:00,1.174,1.08,1.166,1.257,1.175,1.142,1.109,1.208,1.106,1.145,1.241,1.329,1.123,1.119,1.295,1.143,1.217
2012-04-01 08:00:00,1.159,1.066,1.166,1.228,1.153,1.135,1.094,1.193,1.084,1.124,1.219,1.321,1.116,1.097,1.265,1.12,1.186
2012-04-01 09:00:00,1.152,1.066,1.166,1.213,1.153,1.135,1.087,1.186,1.069,1.102,1.204,1.306,1.116,1.089,1.243,1.12,1.179
2012-04-01 10:00:00,1.145,1.073,1.158,1.191,1.153,1.135,1.087,1.171,1.062,1.08,1.182,1.298,1.116,1.082,1.228,1.113,1.179
2012-04-01 11:00:00,1.145,1.08,1.166,1.184,1.167,1.142,1.087,1.171,1.084,1.087,1.167,1.298,1.13,1.075,1.213,1.12,1.186
2012-04-01 12:00:00,1.152,1.095,1.181,1.191,1.182,1.157,1.102,1.178,1.099,1.087,1.167,1.306,1.138,1.089,1.213,1.135,1.194
2012-04-01 13:00:00,1.174,1.124,1.21,1.206,1.219,1.179,1.131,1.201,1.128,1.109,1.175,1.321,1.16,1.111,1.228,1.157,1.225
2012-04-01 14:00:00,1.196,1.153,1.233,1.213,1.24,1.209,1.153,1.208,1.157,1.138,1.182,1.344,1.189,1.134,1.235,1.187,1.247
2012-04-01 15:00:00,1.241,1.197,1.277,1.243,1.299,1.253,1.197,1.245,1.201,1.174,1.204,1.39,1.233,1.17,1.273,1.231,1.293
2012-04-01 16:00:00,1.27,1.241,1.307,1.265,1.343,1.283,1.227,1.274,1.238,1.203,1.227,1.421,1.27,1.207,1.303,1.268,1.331
2012-04-01 17:00:00,1.3,1.277,1.337,1.279,1.372,1.313,1.256,1.296,1.274,1.232,1.234,1.437,1.299,1.229,1.318,1.305,1.354
2012-04-01 18:00:00,1.314,1.299,1.351,1.279,1.386,1.335,1.278,1.304,1.304,1.247,1.241,1.444,1.321,1.237,1.325,1.327,1.377
2012-04-01 19:00:00,1.307,1.299,1.344,1.257,1.386,1.328,1.271,1.289,1.304,1.24,1.227,1.429,1.321,1.229,1.31,1.319,1.361
2012-04-01 20:00:00,1.255,1.248,1.292,1.199,1.328,1.283,1.234,1.23,1.26,1.196,1.182,1.36,1.285,1.185,1.258,1.268,1.301
2012-04-01 21:00:00,1.137,1.138,1.173,1.082,1.204,1.164,1.124,1.112,1.15,1.087,1.07,1.221,1.174,1.075,1.13,1.15,1.164
2012-04-01 22:00:00,1.034,1.036,1.069,0.979,1.087,1.068,1.036,1.016,1.055,0.993,0.974,1.106,1.072,0.986,1.033,1.047,1.05
2012-04-01 23:00:00,1.012,1.007,1.04,0.95,1.051,1.053,1.021,0.987,1.047,0.979,0.944,1.068,1.05,0.972,1.003,1.017,1.012
2012-04-02 00:00:00,1.026,1.022,1.054,0.965,1.058,1.068,1.043,1.002,1.062,1.0,0.966,1.075,1.072,0.994,1.018,1.025,1.012
2012-04-02 01:00:00,1.041,1.029,1.054,0.972,1.058,1.083,1.065,1.016,1.062,1.022,0.974,1.075,1.094,1.001,1.018,1.025,1.004
2012-04-02 02:00:00,1.071,1.058,1.077,1.001,1.065,1.112,1.102,1.053,1.099,1.066,1.004,1.099,1.13,1.038,1.041,1.047,1.027
2012-04-02 03:00:00,1.152,1.138,1.151,1.089,1.131,1.201,1.197,1.127,1.172,1.16,1.085,1.168,1.219,1.126,1.123,1.12,1.095
2012-04-02 04:00:00,1.359,1.336,1.344,1.294,1.321,1.417,1.432,1.333,1.384,1.392,1.286,1.367,1.439,1.347,1.325,1.319,1.293
2012-04-02 05:00:00,1.462,1.423,1.433,1.396,1.401,1.513,1.55,1.429,1.479,1.508,1.375,1.46,1.549,1.45,1.422,1.4,1.392
2012-04-02 06:00:00,1.418,1.372,1.374,1.367,1.35,1.468,1.513,1.392,1.436,1.486,1.345,1.421,1.505,1.421,1.385,1.356,1.354
2012-04-02 07:00:00,1.388,1.336,1.337,1.345,1.306,1.439,1.491,1.37,1.399,1.472,1.316,1.39,1.475,1.399,1.362,1.319,1.316
2012-04-02 08:00:00,1.351,1.292,1.285,1.316,1.255,1.394,1.469,1.333,1.362,1.457,1.286,1.36,1.439,1.376,1.325,1.275,1.278
2012-04-02 09:00:00,1.322,1.255,1.255,1.294,1.219,1.357,1.44,1.304,1.326,1.435,1.264,1.329,1.402,1.354,1.303,1.231,1.247
2012-04-02 10:00:00,1.292,1.219,1.218,1.279,1.175,1.32,1.417,1.274,1.289,1.414,1.234,1.298,1.365,1.332,1.273,1.194,1.217
2012-04-02 11:00:00,1.27,1.19,1.203,1.265,1.153,1.29,1.395,1.252,1.274,1.399,1.219,1.283,1.343,1.31,1.258,1.172,1.194
2012-04-02 12:00:00,1.263,1.175,1.188,1.257,1.124,1.276,1.388,1.245,1.26,1.392,1.219,1.275,1.329,1.303,1.25,1.15,1.179
2012-04-02 13:00:00,1.255,1.16,1.181,1.257,1.116,1.268,1.388,1.237,1.245,1.399,1.219,1.268,1.321,1.303,1.25,1.15,1.171
2012-04-02 14:00:00,1.255,1.153,1.173,1.272,1.087,1.268,1.395,1.245,1.245,1.406,1.227,1.268,1.321,1.303,1.265,1.143,1.164
2012-04-02 15:00:00,1.278,1.168,1.195,1.294,1.102,1.29,1.417,1.267,1.26,1.435,1.256,1.291,1.336,1.325,1.288,1.15,1.179
2012-04-02 16:00:00,1.292,1.175,1.21,1.323,1.116,1.305,1.425,1.289,1.267,1.45,1.286,1.314,1.351,1.347,1.303,1.157,1.202
2012-04-02 17:00:00,1.292,1.168,1.21,1.33,1.124,1.305,1.417,1.289,1.252,1.457,1.286,1.314,1.336,1.347,1.31,1.157,1.202
2012-04-02 18:00:00,1.27,1.146,1.195,1.323,1.109,1.283,1.403,1.274,1.223,1.45,1.271,1.298,1.314,1.332,1.295,1.135,1.194
2012-04-02 19:00:00,1.241,1.109,1.166,1.294,1.094,1.246,1.366,1.245,1.194,1.414,1.241,1.275,1.277,1.296,1.265,1.106,1.186
2012-04-02 20:00:00,1.182,1.044,1.106,1.235,1.029,1.179,1.285,1.178,1.121,1.334,1.175,1.214,1.211,1.229,1.205,1.054,1.118
2012-04-02 21:00:00,1.049,0.934,0.98,1.096,0.905,1.053,1.146,1.053,0.989,1.196,1.056,1.083,1.072,1.089,1.078,0.929,0.996
2012-04-02 22:00:00,0.93,0.832,0.876,0.987,0.803,0.934,1.021,0.943,0.872,1.073,0.944,0.976,0.954,0.979,0.966,0.811,0.89
2012-04-02 23:00:00,0.901,0.803,0.846,0.958,0.773,0.897,0.977,0.913,0.813,1.022,0.922,0.953,0.918,0.95,0.936,0.781,0.89
2012-04-03 00:00:00,0.908,0.795,0.854,0.965,0.795,0.897,0.977,0.913,0.828,1.029,0.937,0.968,0.918,0.957,0.951,0.796,0.905
2012-04-03 01:00:00,0.908,0.788,0.854,0.972,0.795,0.89,0.969,0.913,0.82,1.022,0.937,0.976,0.91,0.95,0.951,0.796,0.92
2012-04-03 02:00:00,0.93,0.817,0.884,0.987,0.832,0.912,0.977,0.928,0.85,1.037,0.966,1.006,0.918,0.964,0.981,0.833,0.958
2012-04-03 03:00:00,1.004,0.905,0.95,1.053,0.941,0.979,1.043,0.994,0.945,1.102,1.041,1.099,0.984,1.031,1.056,0.936,1.042
2012-04-03 04:00:00,1.182,1.073,1.143,1.235,1.124,1.15,1.212,1.171,1.106,1.283,1.234,1.314,1.152,1.2,1.25,1.113,1.24
2012-04-03 05:00:00,1.255,1.153,1.233,1.308,1.219,1.216,1.271,1.245,1.186,1.341,1.316,1.406,1.211,1.266,1.34,1.201,1.316
2012-04-03 06:00:00,1.218,1.117,1.218,1.272,1.197,1.179,1.212,1.215,1.15,1.29,1.293,1.39,1.174,1.222,1.318,1.172,1.285
2012-04-03 07:00:00,1.196,1.073,1.203,1.235,1.167,1.157,1.175,1.193,1.106,1.247,1.279,1.367,1.13,1.192,1.303,1.15,1.278
2012-04-03 08:00:00,1.152,1.022,1.188,1.199,1.131,1.12,1.124,1.164,1.047,1.189,1.264,1.352,1.094,1.148,1.273,1.113,1.255
2012-04-03 09:00:00,1.122,0.993,1.166,1.162,1.094,1.09,1.072,1.134,0.996,1.131,1.249,1.321,1.035,1.111,1.258,1.084,1.232
2012-04-03 10:00:00,1.1,0.971,1.151,1.126,1.073,1.068,1.028,1.12,0.974,1.087,1.241,1.298,0.998,1.075,1.235,1.084,1.217
2012-04-03 11:00:00,1.086,0.971,1.143,1.104,1.073,1.053,0.992,1.112,0.959,1.044,1.241,1.298,0.984,1.053,1.235,1.084,1.209
2012-04-03 12:00:00,1.078,0.971,1.151,1.104,1.065,1.061,0.955,1.112,0.952,1.022,1.241,1.291,0.969,1.053,1.235,1.091,1.217
2012-04-03 13:00:00,1.093,0.993,1.173,1.111,1.08,1.075,0.955,1.127,0.967,1.015,1.264,1.306,0.984,1.06,1.25,1.106,1.24
2012-04-03 14:00:00,1.108,1.029,1.195,1.118,1.109,1.098,0.969,1.149,0.996,1.008,1.279,1.329,1.013,1.075,1.273,1.12,1.255
2012-04-03 15:00:00,1.137,1.073,1.225,1.14,1.146,1.127,0.992,1.178,1.04,1.015,1.316,1.367,1.042,1.097,1.31,1.15,1.285
2012-04-03 16:00:00,1.174,1.109,1.255,1.162,1.182,1.157,1.028,1.215,1.091,1.022,1.353,1.398,1.086,1.126,1.347,1.187,1.316
2012-04-03 17:00:00,1.196,1.138,1.277,1.17,1.197,1.179,1.043,1.23,1.135,1.029,1.353,1.413,1.108,1.148,1.37,1.201,1.323
2012-04-03 18:00:00,1.196,1.146,1.27,1.17,1.189,1.187,1.043,1.237,1.172,1.029,1.353,1.421,1.13,1.148,1.37,1.209,1.331
2012-04-03 19:00:00,1.182,1.138,1.247,1.155,1.175,1.179,1.028,1.223,1.15,1.015,1.338,1.406,1.116,1.141,1.347,1.194,1.308
2012-04-03 20:00:00,1.122,1.087,1.181,1.089,1.116,1.12,0.969,1.164,1.091,0.95,1.271,1.329,1.057,1.082,1.288,1.135,1.247
2012-04-03 21:00:00,1.004,0.971,1.062,0.972,1.0,0.994,0.874,1.039,0.981,0.834,1.167,1.198,0.932,0.972,1.153,1.017,1.126
2012-04-03 22:00:00,0.901,0.876,0.958,0.877,0.897,0.897,0.779,0.935,0.886,0.732,1.063,1.083,0.822,0.876,1.041,0.914,1.019
2012-04-03 23:00:00,0.857,0.832,0.921,0.833,0.832,0.853,0.72,0.899,0.813,0.689,1.041,1.037,0.771,0.832,0.996,0.877,0.981
2012-04-04 00:00:00,0.871,0.839,0.936,0.841,0.839,0.86,0.742,0.906,0.828,0.71,1.048,1.06,0.778,0.846,1.011,0.885,0.996
2012-04-04 01:00:00,0.864,0.803,0.943,0.841,0.825,0.853,0.727,0.913,0.813,0.71,1.018,1.06,0.763,0.846,1.018,0.877,1.012
2012-04-04 02:00:00,0.879,0.817,0.965,0.855,0.839,0.86,0.749,0.928,0.835,0.732,1.041,1.091,0.778,0.869,1.041,0.899,1.042
2012-04-04 03:00:00,0.953,0.898,1.04,0.914,0.919,0.912,0.815,0.994,0.916,0.797,1.122,1.183,0.844,0.92,1.123,0.951,1.133
2012-04-04 04:00:00,1.122,1.044,1.218,1.075,1.065,1.083,0.947,1.164,1.062,0.935,1.323,1.406,0.984,1.089,1.325,1.135,1.346
2012-04-04 05:00:00,1.182,1.102,1.277,1.133,1.124,1.15,0.999,1.223,1.121,0.993,1.398,1.498,1.042,1.148,1.407,1.209,1.437
2012-04-04 06:00:00,1.137,1.058,1.233,1.096,1.073,1.105,0.962,1.178,1.077,0.964,1.36,1.467,0.991,1.119,1.37,1.157,1.422
2012-04-04 07:00:00,1.108,1.014,1.203,1.075,1.029,1.053,0.933,1.149,1.033,0.928,1.323,1.437,0.94,1.089,1.34,1.113,1.399
2012-04-04 08:00:00,1.063,0.956,1.173,1.053,0.963,0.994,0.889,1.112,0.981,0.892,1.279,1.413,0.896,1.067,1.303,1.054,1.377
2012-04-04 09:00:00,1.026,0.905,1.136,1.023,0.919,0.957,0.867,1.083,0.945,0.863,1.234,1.383,0.859,1.038,1.273,1.002,1.346
2012-04-04 10:00:00,0.997,0.868,1.106,1.001,0.89,0.927,0.852,1.046,0.908,0.848,1.197,1.36,0.829,1.008,1.235,0.966,1.323
2012-04-04 11:00:00,0.982,0.847,1.077,0.979,0.868,0.905,0.845,1.024,0.886,0.841,1.167,1.352,0.815,0.986,1.22,0.936,1.308
2012-04-04 12:00:00,0.96,0.817,1.062,0.972,0.846,0.883,0.83,1.009,0.857,0.834,1.145,1.344,0.785,0.979,1.198,0.914,1.301
2012-04-04 13:00:00,0.953,0.803,1.054,0.972,0.839,0.875,0.83,1.009,0.842,0.834,1.145,1.36,0.763,0.964,1.198,0.907,1.308
2012-04-04 14:00:00,0.96,0.803,1.04,0.972,0.846,0.875,0.837,1.009,0.835,0.848,1.152,1.375,0.749,0.972,1.198,0.914,1.316
2012-04-04 15:00:00,0.96,0.803,1.047,0.987,0.854,0.883,0.845,1.024,0.82,0.855,1.16,1.398,0.727,0.986,1.205,0.921,1.339
2012-04-04 16:00:00,0.975,0.81,1.077,1.001,0.876,0.89,0.852,1.031,0.813,0.87,1.175,1.429,0.727,1.008,1.22,0.936,1.361
2012-04-04 17:00:00,0.975,0.81,1.084,1.001,0.883,0.89,0.852,1.031,0.798,0.87,1.175,1.429,0.719,1.008,1.22,0.943,1.369
2012-04-04 18:00:00,0.967,0.788,1.092,1.009,0.876,0.868,0.852,1.031,0.776,0.855,1.16,1.421,0.705,1.001,1.198,0.943,1.361
2012-04-04 19:00:00,0.945,0.759,1.069,0.994,0.868,0.845,0.815,1.016,0.725,0.826,1.137,1.406,0.675,0.986,1.183,0.929,1.339
2012-04-04 20:00:00,0.879,0.693,1.01,0.921,0.817,0.779,0.734,0.958,0.652,0.747,1.063,1.337,0.609,0.913,1.123,0.87,1.278
2012-04-04 21:00:00,0.768,0.598,0.898,0.804,0.722,0.675,0.624,0.84,0.549,0.631,0.952,1.214,0.514,0.788,1.011,0.774,1.148
2012-04-04 22:00:00,0.672,0.518,0.802,0.702,0.649,0.578,0.529,0.744,0.454,0.536,0.862,1.106,0.418,0.67,0.921,0.686,1.05
2012-04-04 23:00:00,0.628,0.467,0.757,0.651,0.628,0.534,0.47,0.7,0.403,0.478,0.818,1.068,0.367,0.611,0.891,0.649,1.019
2012-04-05 00:00:00,0.635,0.474,0.787,0.643,0.657,0.527,0.47,0.707,0.388,0.464,0.833,1.091,0.352,0.596,0.921,0.671,1.042
2012-04-05 01:00:00,0.628,0.467,0.794,0.614,0.671,0.512,0.441,0.7,0.366,0.435,0.84,1.106,0.345,0.567,0.936,0.678,1.05
2012-04-05 02:00:00,0.642,0.482,0.832,0.614,0.737,0.527,0.441,0.722,0.359,0.435,0.87,1.145,0.338,0.559,0.973,0.715,1.08
2012-04-05 03:00:00,0.702,0.533,0.928,0.658,0.846,0.578,0.47,0.795,0.395,0.464,0.937,1.244,0.367,0.589,1.07,0.811,1.171
2012-04-05 04:00:00,0.842,0.642,1.121,0.746,1.043,0.667,0.558,0.943,0.469,0.551,1.122,1.483,0.44,0.662,1.288,0.98,1.392
2012-04-05 05:00:00,0.901,0.701,1.218,0.768,1.167,0.712,0.595,1.024,0.52,0.587,1.204,1.582,0.477,0.685,1.392,1.084,1.483
2012-04-05 06:00:00,0.879,0.693,1.218,0.731,1.175,0.69,0.551,1.002,0.498,0.544,1.182,1.552,0.44,0.64,1.37,1.084,1.445
2012-04-05 07:00:00,0.849,0.679,1.21,0.687,1.167,0.667,0.492,0.965,0.461,0.478,1.167,1.529,0.404,0.596,1.362,1.061,1.43
2012-04-05 08:00:00,0.82,0.657,1.21,0.643,1.153,0.638,0.441,0.928,0.432,0.42,1.152,1.49,0.367,0.574,1.34,1.039,1.392
2012-04-05 09:00:00,0.79,0.65,1.203,0.607,1.153,0.616,0.404,0.906,0.425,0.377,1.13,1.46,0.345,0.523,1.318,1.032,1.361
2012-04-05 10:00:00,0.768,0.635,1.188,0.57,1.153,0.593,0.367,0.884,0.41,0.333,1.108,1.421,0.323,0.486,1.303,1.025,1.339
2012-04-05 11:00:00,0.753,0.628,1.188,0.548,1.153,0.586,0.331,0.869,0.403,0.304,1.093,1.398,0.316,0.464,1.288,1.025,1.323
2012-04-05 12:00:00,0.746,0.628,1.195,0.526,1.167,0.578,0.308,0.862,0.403,0.275,1.1,1.39,0.308,0.442,1.288,1.032,1.323
2012-04-05 13:00:00,0.753,0.635,1.21,0.512,1.197,0.586,0.294,0.869,0.395,0.254,1.108,1.398,0.316,0.42,1.303,1.076,1.339
2012-04-05 14:00:00,0.761,0.65,1.233,0.49,1.219,0.601,0.286,0.884,0.41,0.246,1.115,1.413,0.33,0.405,1.318,1.098,1.354
2012-04-05 15:00:00,0.775,0.664,1.27,0.482,1.255,0.616,0.286,0.906,0.417,0.239,1.137,1.444,0.345,0.397,1.347,1.128,1.392
2012-04-05 16:00:00,0.798,0.693,1.299,0.49,1.291,0.638,0.294,0.935,0.439,0.239,1.167,1.467,0.36,0.39,1.377,1.165,1.422
2012-04-05 17:00:00,0.82,0.715,1.314,0.504,1.306,0.667,0.294,0.95,0.461,0.239,1.175,1.49,0.374,0.39,1.4,1.179,1.437
2012-04-05 18:00:00,0.827,0.73,1.329,0.526,1.321,0.682,0.308,0.958,0.491,0.246,1.175,1.498,0.396,0.397,1.407,1.187,1.445
2012-04-05 19:00:00,0.827,0.744,1.314,0.534,1.306,0.69,0.308,0.958,0.52,0.254,1.16,1.475,0.411,0.397,1.392,1.179,1.422
2012-04-05 20:00:00,0.798,0.73,1.262,0.519,1.255,0.675,0.316,0.913,0.535,0.268,1.115,1.39,0.418,0.39,1.325,1.135,1.346
2012-04-05 21:00:00,0.731,0.679,1.143,0.468,1.131,0.63,0.294,0.825,0.505,0.254,1.018,1.244,0.396,0.368,1.19,1.032,1.202
2012-04-05 22:00:00,0.665,0.628,1.04,0.439,1.029,0.593,0.272,0.744,0.483,0.225,0.929,1.114,0.374,0.339,1.078,0.943,1.08
2012-04-05 23:00:00,0.65,0.628,0.995,0.439,0.992,0.601,0.279,0.714,0.491,0.232,0.907,1.068,0.382,0.346,1.033,0.914,1.034
2012-04-06 00:00:00,0.687,0.671,1.002,0.49,1.007,0.645,0.308,0.773,0.542,0.246,0.929,1.075,0.448,0.383,1.041,0.936,1.042
2012-04-06 01:00:00,0.709,0.708,1.002,0.526,1.014,0.69,0.338,0.795,0.586,0.275,0.937,1.068,0.492,0.442,1.033,0.951,1.034
2012-04-06 02:00:00,0.761,0.774,1.017,0.592,1.036,0.749,0.382,0.847,0.659,0.312,0.966,1.091,0.551,0.501,1.048,0.988,1.057
2012-04-06 03:00:00,0.849,0.898,1.084,0.709,1.116,0.868,0.485,0.928,0.784,0.391,1.041,1.168,0.668,0.611,1.123,1.069,1.133
2012-04-06 04:00:00,1.041,1.109,1.27,0.899,1.313,1.083,0.632,1.12,0.996,0.529,1.234,1.375,0.844,0.78,1.31,1.275,1.339
2012-04-06 05:00:00,1.13,1.197,1.322,1.016,1.386,1.172,0.734,1.208,1.121,0.638,1.301,1.452,0.969,0.891,1.37,1.349,1.415
2012-04-06 06:00:00,1.122,1.197,1.277,1.031,1.343,1.172,0.764,1.193,1.128,0.623,1.279,1.421,0.991,0.913,1.332,1.327,1.384
2012-04-06 07:00:00,1.122,1.204,1.247,1.031,1.321,1.179,0.771,1.193,1.128,0.638,1.264,1.398,0.998,0.913,1.303,1.297,1.361
2012-04-06 08:00:00,1.108,1.197,1.218,1.016,1.291,1.172,0.771,1.178,1.106,0.645,1.249,1.383,0.984,0.905,1.273,1.268,1.339
2012-04-06 09:00:00,1.093,1.182,1.195,1.016,1.262,1.164,0.771,1.164,1.084,0.66,1.234,1.36,0.984,0.898,1.258,1.246,1.316
2012-04-06 10:00:00,1.086,1.175,1.173,1.016,1.248,1.15,0.779,1.156,1.069,0.674,1.227,1.352,0.984,0.898,1.243,1.231,1.301
2012-04-06 11:00:00,1.093,1.175,1.173,1.016,1.24,1.15,0.793,1.156,1.062,0.689,1.227,1.352,0.984,0.913,1.235,1.231,1.301
2012-04-06 12:00:00,1.1,1.175,1.188,1.038,1.248,1.15,0.801,1.164,1.062,0.703,1.241,1.36,0.984,0.913,1.243,1.238,1.316
2012-04-06 13:00:00,1.115,1.19,1.218,1.06,1.262,1.164,0.815,1.186,1.099,0.732,1.264,1.383,1.006,0.935,1.265,1.26,1.339
2012-04-06 14:00:00,1.145,1.211,1.255,1.082,1.291,1.172,0.845,1.201,1.113,0.761,1.293,1.406,1.035,0.972,1.288,1.283,1.369
2012-04-06 15:00:00,1.174,1.233,1.299,1.111,1.328,1.194,0.867,1.23,1.143,0.797,1.331,1.444,1.064,1.016,1.325,1.319,1.415
2012-04-06 16:00:00,1.211,1.263,1.351,1.14,1.364,1.224,0.903,1.267,1.172,0.834,1.368,1.475,1.108,1.053,1.362,1.364,1.468
2012-04-06 17:00:00,1.226,1.27,1.389,1.155,1.386,1.231,0.933,1.282,1.186,0.863,1.398,1.49,1.123,1.075,1.377,1.378,1.498
2012-04-06 18:00:00,1.233,1.263,1.403,1.155,1.394,1.224,0.94,1.282,1.186,0.877,1.405,1.49,1.13,1.082,1.377,1.393,1.514
2012-04-06 19:00:00,1.226,1.241,1.381,1.14,1.379,1.209,0.947,1.267,1.172,0.884,1.375,1.475,1.123,1.075,1.355,1.378,1.498
2012-04-06 20:00:00,1.159,1.182,1.307,1.082,1.313,1.15,0.903,1.193,1.113,0.848,1.308,1.398,1.072,1.031,1.288,1.305,1.43
2012-04-06 21:00:00,1.049,1.066,1.166,0.972,1.175,1.031,0.815,1.068,1.003,0.768,1.197,1.26,0.969,0.935,1.153,1.172,1.285
2012-04-06 22:00:00,0.945,0.963,1.047,0.884,1.051,0.934,0.742,0.972,0.908,0.696,1.085,1.129,0.888,0.854,1.033,1.054,1.148
2012-04-06 23:00:00,0.901,0.92,1.002,0.848,1.007,0.897,0.698,0.928,0.872,0.667,1.063,1.083,0.851,0.824,0.988,1.01,1.103
2012-04-07 00:00:00,0.923,0.934,1.017,0.863,1.022,0.905,0.727,0.943,0.879,0.703,1.063,1.091,0.874,0.846,1.003,1.017,1.118
2012-04-07 01:00:00,0.93,0.941,1.025,0.87,1.014,0.912,0.727,0.958,0.879,0.71,1.07,1.091,0.881,0.861,1.003,1.017,1.118
2012-04-07 02:00:00,0.96,0.963,1.047,0.906,1.036,0.942,0.771,0.987,0.908,0.754,1.093,1.122,0.918,0.891,1.026,1.032,1.141
2012-04-07 03:00:00,1.034,1.029,1.121,0.972,1.102,1.009,0.859,1.061,0.974,0.848,1.16,1.198,0.991,0.964,1.093,1.098,1.225
2012-04-07 04:00:00,1.226,1.211,1.322,1.162,1.299,1.194,1.036,1.26,1.143,1.022,1.345,1.413,1.182,1.156,1.288,1.297,1.437
2012-04-07 05:00:00,1.307,1.284,1.411,1.243,1.386,1.276,1.116,1.348,1.223,1.109,1.435,1.498,1.27,1.244,1.37,1.378,1.529
2012-04-07 06:00:00,1.278,1.248,1.366,1.221,1.35,1.246,1.072,1.318,1.223,1.095,1.398,1.46,1.248,1.222,1.325,1.334,1.475
2012-04-07 07:00:00,1.248,1.211,1.337,1.199,1.321,1.224,1.058,1.289,1.179,1.051,1.383,1.421,1.233,1.2,1.295,1.305,1.437
2012-04-07 08:00:00,1.226,1.182,1.314,1.177,1.284,1.201,1.05,1.26,1.128,1.037,1.345,1.39,1.211,1.185,1.258,1.268,1.399
2012-04-07 09:00:00,1.196,1.153,1.292,1.155,1.248,1.172,1.028,1.23,1.091,1.022,1.301,1.352,1.196,1.163,1.213,1.231,1.361
2012-04-07 10:00:00,1.159,1.124,1.24,1.126,1.204,1.142,1.006,1.193,1.069,1.008,1.256,1.314,1.167,1.141,1.175,1.187,1.316
2012-04-07 11:00:00,1.145,1.109,1.203,1.118,1.182,1.135,1.006,1.171,1.047,1.0,1.227,1.283,1.16,1.134,1.153,1.157,1.278
2012-04-07 12:00:00,1.13,1.102,1.166,1.118,1.16,1.127,1.006,1.156,1.04,1.008,1.212,1.268,1.16,1.134,1.138,1.135,1.247
2012-04-07 13:00:00,1.13,1.109,1.143,1.126,1.153,1.135,1.014,1.156,1.047,1.015,1.212,1.252,1.16,1.141,1.13,1.12,1.232
2012-04-07 14:00:00,1.13,1.109,1.106,1.126,1.138,1.135,1.021,1.156,1.062,1.029,1.204,1.244,1.167,1.141,1.115,1.098,1.209
2012-04-07 15:00:00,1.145,1.138,1.092,1.155,1.153,1.157,1.043,1.171,1.091,1.051,1.219,1.252,1.189,1.17,1.123,1.091,1.209
2012-04-07 16:00:00,1.152,1.153,1.069,1.17,1.153,1.172,1.058,1.178,1.113,1.073,1.219,1.252,1.204,1.192,1.123,1.098,1.202
2012-04-07 17:00:00,1.152,1.16,1.047,1.177,1.16,1.172,1.058,1.178,1.135,1.08,1.204,1.237,1.211,1.185,1.1,1.091,1.202
2012-04-07 18:00:00,1.145,1.168,1.017,1.177,1.153,1.164,1.058,1.164,1.143,1.087,1.189,1.214,1.204,1.178,1.078,1.076,1.186
2012-04-07 19:00:00,1.115,1.146,0.988,1.155,1.131,1.135,1.036,1.134,1.128,1.066,1.16,1.183,1.174,1.156,1.048,1.054,1.156
2012-04-07 20:00:00,1.056,1.087,0.936,1.096,1.073,1.075,0.984,1.075,1.069,1.015,1.1,1.129,1.108,1.089,0.996,0.995,1.095
2012-04-07 21:00:00,0.945,0.971,0.824,0.987,0.956,0.964,0.881,0.965,0.937,0.913,0.989,1.022,0.991,0.972,0.891,0.885,0.981
2012-04-07 22:00:00,0.842,0.868,0.743,0.892,0.854,0.86,0.771,0.862,0.82,0.819,0.885,0.937,0.874,0.869,0.801,0.781,0.882
2012-04-07 23:00:00,0.79,0.817,0.698,0.833,0.803,0.808,0.705,0.818,0.754,0.776,0.833,0.891,0.815,0.817,0.764,0.737,0.837
2012-04-08 00:00:00,0.805,0.832,0.72,0.841,0.832,0.816,0.712,0.825,0.769,0.776,0.84,0.93,0.815,0.824,0.786,0.759,0.89
2012-04-08 01:00:00,0.812,0.847,0.735,0.848,0.876,0.823,0.698,0.84,0.762,0.768,0.847,0.953,0.778,0.824,0.808,0.767,0.92
2012-04-08 02:00:00,0.827,0.868,0.78,0.855,0.912,0.838,0.705,0.847,0.791,0.761,0.862,0.991,0.793,0.824,0.838,0.811,0.958
2012-04-08 03:00:00,0.908,0.941,0.884,0.921,1.007,0.905,0.771,0.921,0.886,0.826,0.937,1.091,0.866,0.876,0.921,0.914,1.065
2012-04-08 04:00:00,1.078,1.124,1.077,1.082,1.226,1.083,0.896,1.09,1.062,0.95,1.115,1.314,1.013,1.023,1.115,1.106,1.285
2012-04-08 05:00:00,1.167,1.219,1.151,1.148,1.35,1.157,0.955,1.164,1.165,1.015,1.197,1.437,1.101,1.111,1.205,1.187,1.422
2012-04-08 06:00:00,1.145,1.211,1.158,1.118,1.343,1.142,0.925,1.142,1.15,0.971,1.175,1.421,1.072,1.075,1.198,1.194,1.422
2012-04-08 07:00:00,1.13,1.204,1.151,1.089,1.343,1.127,0.889,1.12,1.128,0.935,1.152,1.413,1.05,1.031,1.19,1.187,1.43
2012-04-08 08:00:00,1.108,1.197,1.129,1.06,1.335,1.105,0.852,1.09,1.099,0.892,1.122,1.383,1.02,0.994,1.168,1.172,1.422
2012-04-08 09:00:00,1.078,1.182,1.099,1.038,1.328,1.098,0.83,1.068,1.084,0.863,1.093,1.36,0.998,0.957,1.145,1.165,1.407
2012-04-08 10:00:00,1.063,1.175,1.092,1.016,1.321,1.083,0.815,1.053,1.069,0.834,1.063,1.337,0.976,0.935,1.123,1.157,1.399
2012-04-08 11:00:00,1.063,1.175,1.099,1.001,1.321,1.083,0.808,1.039,1.084,0.826,1.048,1.321,0.976,0.927,1.108,1.157,1.392
2012-04-08 12:00:00,1.063,1.19,1.106,0.994,1.343,1.083,0.815,1.031,1.099,0.826,1.026,1.329,0.984,0.927,1.1,1.172,1.399
2012-04-08 13:00:00,1.078,1.204,1.136,1.001,1.357,1.105,0.83,1.039,1.121,0.834,1.026,1.344,0.998,0.935,1.108,1.194,1.415
2012-04-08 14:00:00,1.1,1.226,1.158,1.016,1.394,1.127,0.852,1.053,1.143,0.848,1.018,1.36,1.035,0.957,1.123,1.224,1.437
2012-04-08 15:00:00,1.13,1.277,1.195,1.038,1.437,1.164,0.889,1.075,1.179,0.877,1.033,1.398,1.079,0.986,1.145,1.275,1.475
2012-04-08 16:00:00,1.167,1.306,1.233,1.067,1.474,1.201,0.925,1.105,1.216,0.913,1.041,1.429,1.123,1.023,1.175,1.312,1.514
2012-04-08 17:00:00,1.189,1.336,1.262,1.075,1.496,1.224,0.962,1.112,1.245,0.942,1.048,1.444,1.145,1.038,1.183,1.342,1.521
2012-04-08 18:00:00,1.196,1.343,1.277,1.075,1.503,1.239,0.977,1.12,1.267,0.957,1.041,1.444,1.167,1.053,1.19,1.356,1.529
2012-04-08 19:00:00,1.189,1.336,1.27,1.067,1.488,1.239,0.984,1.112,1.26,0.964,1.018,1.437,1.167,1.045,1.183,1.349,1.506
2012-04-08 20:00:00,1.145,1.284,1.225,1.016,1.423,1.194,0.955,1.068,1.216,0.921,0.966,1.367,1.138,1.008,1.138,1.297,1.437
2012-04-08 21:00:00,1.041,1.175,1.114,0.921,1.291,1.083,0.859,0.965,1.106,0.826,0.877,1.237,1.042,0.92,1.033,1.172,1.293
2012-04-08 22:00:00,0.953,1.073,1.01,0.841,1.167,0.994,0.808,0.884,1.018,0.754,0.803,1.114,0.969,0.854,0.943,1.069,1.164
2012-04-08 23:00:00,0.938,1.058,0.988,0.819,1.138,0.979,0.808,0.862,1.011,0.754,0.788,1.083,0.962,0.839,0.921,1.047,1.126
2012-04-09 00:00:00,0.96,1.08,1.01,0.841,1.153,1.009,0.852,0.884,1.033,0.79,0.818,1.099,0.998,0.869,0.943,1.061,1.133
2012-04-09 01:00:00,0.982,1.095,1.017,0.855,1.167,1.031,0.896,0.899,1.062,0.826,0.84,1.106,1.042,0.891,0.958,1.076,1.141
2012-04-09 02:00:00,1.026,1.138,1.062,0.892,1.197,1.075,0.955,0.935,1.113,0.884,0.877,1.137,1.101,0.942,0.996,1.113,1.171
2012-04-09 03:00:00,1.122,1.241,1.143,0.972,1.284,1.172,1.065,1.024,1.216,0.986,0.959,1.229,1.211,1.038,1.078,1.201,1.247
2012-04-09 04:00:00,1.351,1.481,1.366,1.17,1.518,1.402,1.307,1.23,1.45,1.218,1.16,1.46,1.468,1.259,1.288,1.437,1.468
2012-04-09 05:00:00,1.469,1.598,1.478,1.279,1.62,1.52,1.454,1.348,1.567,1.356,1.256,1.567,1.608,1.384,1.4,1.541,1.567
2012-04-09 06:00:00,1.447,1.562,1.44,1.265,1.569,1.498,1.447,1.333,1.538,1.356,1.241,1.529,1.586,1.376,1.377,1.511,1.514
2012-04-09 07:00:00,1.433,1.533,1.426,1.257,1.54,1.483,1.454,1.326,1.516,1.363,1.234,1.498,1.571,1.376,1.37,1.489,1.475
2012-04-09 08:00:00,1.41,1.511,1.403,1.243,1.496,1.461,1.44,1.311,1.494,1.356,1.219,1.467,1.541,1.362,1.347,1.467,1.445
2012-04-09 09:00:00,1.396,1.489,1.396,1.228,1.467,1.446,1.432,1.304,1.479,1.348,1.204,1.444,1.527,1.347,1.332,1.452,1.422
2012-04-09 10:00:00,1.388,1.467,1.389,1.213,1.445,1.439,1.417,1.296,1.465,1.341,1.197,1.421,1.512,1.34,1.325,1.437,1.407
2012-04-09 11:00:00,1.381,1.46,1.396,1.213,1.43,1.439,1.425,1.296,1.457,1.341,1.204,1.413,1.505,1.34,1.325,1.43,1.399
2012-04-09 12:00:00,1.396,1.467,1.411,1.221,1.423,1.454,1.417,1.318,1.472,1.348,1.212,1.413,1.512,1.354,1.332,1.437,1.407
2012-04-09 13:00:00,1.41,1.489,1.448,1.235,1.437,1.483,1.44,1.341,1.501,1.37,1.234,1.421,1.534,1.369,1.347,1.467,1.415
2012-04-09 14:00:00,1.44,1.518,1.492,1.257,1.459,1.513,1.462,1.37,1.538,1.399,1.264,1.444,1.556,1.406,1.385,1.496,1.43
2012-04-09 15:00:00,1.492,1.569,1.552,1.301,1.503,1.565,1.513,1.429,1.589,1.443,1.308,1.483,1.608,1.45,1.43,1.548,1.468
2012-04-09 16:00:00,1.529,1.606,1.604,1.345,1.54,1.609,1.542,1.473,1.641,1.464,1.345,1.521,1.652,1.48,1.467,1.6,1.491
2012-04-09 17:00:00,1.558,1.635,1.648,1.367,1.561,1.639,1.564,1.48,1.648,1.486,1.368,1.544,1.674,1.509,1.482,1.629,1.506
2012-04-09 18:00:00,1.558,1.642,1.663,1.374,1.561,1.646,1.572,1.495,1.655,1.493,1.375,1.544,1.688,1.524,1.49,1.614,1.498
2012-04-09 19:00:00,1.536,1.62,1.641,1.36,1.532,1.617,1.55,1.473,1.633,1.479,1.368,1.521,1.659,1.502,1.467,1.585,1.475
2012-04-09 20:00:00,1.462,1.54,1.559,1.301,1.459,1.535,1.484,1.407,1.56,1.414,1.301,1.437,1.578,1.435,1.392,1.504,1.392
2012-04-09 21:00:00,1.344,1.409,1.426,1.177,1.306,1.409,1.366,1.296,1.436,1.305,1.204,1.283,1.446,1.325,1.28,1.371,1.247
2012-04-09 22:00:00,1.211,1.27,1.292,1.06,1.167,1.276,1.241,1.178,1.304,1.189,1.093,1.152,1.307,1.207,1.16,1.231,1.118
2012-04-09 23:00:00,1.174,1.233,1.255,1.023,1.109,1.246,1.219,1.149,1.274,1.167,1.07,1.099,1.277,1.178,1.13,1.172,1.065
2012-04-10 00:00:00,1.174,1.233,1.255,1.031,1.102,1.246,1.219,1.156,1.274,1.174,1.07,1.091,1.277,1.185,1.13,1.172,1.065
2012-04-10 01:00:00,1.167,1.182,1.255,1.031,1.094,1.239,1.219,1.12,1.238,1.174,1.063,1.083,1.27,1.185,1.093,1.172,1.057
2012-04-10 02:00:00,1.182,1.197,1.27,1.053,1.109,1.253,1.234,1.134,1.26,1.189,1.078,1.099,1.285,1.2,1.108,1.194,1.072
2012-04-10 03:00:00,1.248,1.27,1.337,1.118,1.167,1.298,1.3,1.208,1.34,1.254,1.115,1.168,1.351,1.266,1.175,1.268,1.133
2012-04-10 04:00:00,1.455,1.489,1.544,1.316,1.364,1.52,1.491,1.422,1.567,1.45,1.308,1.367,1.556,1.465,1.385,1.489,1.323
2012-04-10 05:00:00,1.543,1.576,1.641,1.403,1.437,1.617,1.572,1.51,1.67,1.544,1.39,1.452,1.652,1.553,1.467,1.585,1.399
2012-04-10 06:00:00,1.492,1.518,1.582,1.367,1.379,1.557,1.535,1.458,1.611,1.493,1.345,1.398,1.593,1.502,1.415,1.526,1.339
2012-04-10 07:00:00,1.447,1.474,1.53,1.338,1.335,1.52,1.498,1.422,1.575,1.464,1.323,1.352,1.549,1.465,1.377,1.482,1.285
2012-04-10 08:00:00,1.403,1.423,1.47,1.316,1.27,1.476,1.462,1.385,1.523,1.428,1.301,1.298,1.512,1.428,1.332,1.423,1.217
2012-04-10 09:00:00,1.366,1.372,1.418,1.294,1.211,1.439,1.432,1.348,1.487,1.406,1.286,1.244,1.475,1.399,1.288,1.364,1.141
2012-04-10 10:00:00,1.329,1.328,1.359,1.272,1.16,1.402,1.41,1.318,1.436,1.385,1.271,1.198,1.439,1.369,1.25,1.312,1.072
2012-04-10 11:00:00,1.3,1.284,1.322,1.272,1.116,1.365,1.395,1.296,1.399,1.377,1.264,1.168,1.409,1.347,1.228,1.268,1.019
2012-04-10 12:00:00,1.285,1.263,1.285,1.272,1.051,1.35,1.395,1.282,1.37,1.377,1.264,1.137,1.395,1.34,1.205,1.231,0.966
2012-04-10 13:00:00,1.27,1.241,1.255,1.287,1.022,1.328,1.403,1.274,1.348,1.392,1.271,1.129,1.387,1.34,1.198,1.209,0.943
2012-04-10 14:00:00,1.27,1.226,1.233,1.301,1.0,1.32,1.417,1.282,1.326,1.406,1.286,1.114,1.387,1.347,1.19,1.187,0.935
2012-04-10 15:00:00,1.285,1.226,1.218,1.345,0.992,1.335,1.454,1.304,1.333,1.45,1.323,1.114,1.402,1.376,1.198,1.179,0.928
2012-04-10 16:00:00,1.292,1.219,1.203,1.374,0.985,1.342,1.476,1.326,1.326,1.464,1.338,1.114,1.402,1.399,1.205,1.172,0.92
2012-04-10 17:00:00,1.285,1.19,1.173,1.389,0.963,1.328,1.491,1.318,1.296,1.472,1.353,1.114,1.387,1.391,1.19,1.143,0.913
2012-04-10 18:00:00,1.263,1.153,1.143,1.382,0.941,1.298,1.484,1.304,1.26,1.464,1.338,1.091,1.358,1.376,1.175,1.135,0.89
2012-04-10 19:00:00,1.226,1.102,1.099,1.352,0.89,1.253,1.447,1.267,1.208,1.435,1.301,1.068,1.307,1.347,1.138,1.098,0.852
2012-04-10 20:00:00,1.159,1.022,1.032,1.279,0.817,1.187,1.359,1.193,1.135,1.377,1.256,1.006,1.233,1.266,1.07,1.017,0.791
2012-04-10 21:00:00,1.019,0.905,0.913,1.14,0.715,1.053,1.212,1.061,0.996,1.225,1.115,0.883,1.086,1.119,0.951,0.892,0.692
2012-04-10 22:00:00,0.901,0.781,0.802,1.016,0.613,0.927,1.072,0.943,0.879,1.087,0.996,0.768,0.962,0.994,0.846,0.774,0.593
2012-04-10 23:00:00,0.857,0.737,0.75,0.972,0.569,0.89,1.014,0.906,0.813,1.029,0.959,0.73,0.918,0.95,0.808,0.722,0.555
2012-04-11 00:00:00,0.857,0.744,0.757,0.979,0.576,0.89,1.006,0.906,0.813,1.029,0.959,0.737,0.91,0.95,0.808,0.73,0.555
2012-04-11 01:00:00,0.842,0.73,0.735,0.972,0.569,0.875,0.984,0.899,0.791,1.015,0.952,0.73,0.896,0.935,0.801,0.708,0.54
2012-04-11 02:00:00,0.857,0.744,0.75,0.987,0.584,0.875,0.992,0.906,0.798,1.022,0.966,0.745,0.903,0.942,0.823,0.715,0.555
2012-04-11 03:00:00,0.908,0.81,0.809,1.053,0.635,0.92,1.043,0.958,0.864,1.087,1.033,0.807,0.947,1.001,0.868,0.774,0.616
2012-04-11 04:00:00,1.063,0.949,0.943,1.228,0.737,1.09,1.204,1.12,1.003,1.269,1.212,0.945,1.101,1.156,1.026,0.907,0.715
2012-04-11 05:00:00,1.115,1.007,0.988,1.294,0.773,1.15,1.249,1.171,1.062,1.327,1.279,0.999,1.182,1.207,1.093,0.951,0.761
2012-04-11 06:00:00,1.071,0.963,0.943,1.243,0.737,1.098,1.19,1.127,1.011,1.276,1.234,0.953,1.13,1.156,1.048,0.907,0.738
2012-04-11 07:00:00,1.019,0.905,0.884,1.213,0.693,1.038,1.146,1.09,0.952,1.232,1.197,0.899,1.072,1.111,1.003,0.848,0.7
2012-04-11 08:00:00,0.96,0.839,0.817,1.162,0.657,0.972,1.087,1.046,0.879,1.182,1.145,0.845,0.998,1.06,0.943,0.789,0.662
2012-04-11 09:00:00,0.916,0.788,0.765,1.118,0.635,0.912,1.036,0.987,0.82,1.131,1.1,0.791,0.932,1.016,0.898,0.744,0.639
2012-04-11 10:00:00,0.864,0.744,0.72,1.075,0.591,0.868,0.977,0.943,0.769,1.08,1.056,0.753,0.881,0.957,0.861,0.7,0.601
2012-04-11 11:00:00,0.834,0.701,0.676,1.045,0.569,0.831,0.94,0.913,0.732,1.037,1.018,0.714,0.844,0.927,0.831,0.663,0.578
2012-04-11 12:00:00,0.798,0.671,0.639,1.023,0.547,0.794,0.896,0.877,0.696,1.008,0.989,0.691,0.807,0.898,0.801,0.641,0.563
2012-04-11 13:00:00,0.783,0.65,0.616,1.009,0.525,0.779,0.874,0.862,0.674,0.986,0.974,0.676,0.785,0.876,0.794,0.619,0.548
2012-04-11 14:00:00,0.775,0.635,0.601,1.001,0.525,0.771,0.867,0.854,0.666,0.95,0.966,0.668,0.778,0.876,0.794,0.612,0.54
2012-04-11 15:00:00,0.761,0.628,0.594,1.009,0.518,0.764,0.852,0.854,0.659,0.942,0.966,0.668,0.763,0.876,0.794,0.604,0.54
2012-04-11 16:00:00,0.761,0.62,0.549,1.001,0.525,0.756,0.845,0.862,0.659,0.935,0.959,0.668,0.771,0.883,0.808,0.575,0.548
2012-04-11 17:00:00,0.761,0.62,0.549,1.001,0.54,0.756,0.823,0.854,0.666,0.921,0.952,0.668,0.771,0.876,0.808,0.582,0.57
2012-04-11 18:00:00,0.753,0.62,0.542,0.994,0.555,0.742,0.793,0.84,0.659,0.892,0.952,0.661,0.763,0.861,0.808,0.59,0.586
2012-04-11 19:00:00,0.731,0.613,0.52,0.972,0.547,0.719,0.764,0.825,0.637,0.848,0.937,0.63,0.734,0.839,0.786,0.575,0.578
2012-04-11 20:00:00,0.672,0.577,0.49,0.906,0.518,0.653,0.698,0.766,0.586,0.776,0.877,0.599,0.668,0.773,0.734,0.523,0.54
2012-04-11 21:00:00,0.583,0.496,0.423,0.782,0.445,0.564,0.602,0.678,0.498,0.674,0.766,0.507,0.573,0.67,0.644,0.442,0.464
2012-04-11 22:00:00,0.502,0.423,0.342,0.68,0.379,0.489,0.521,0.589,0.417,0.587,0.669,0.423,0.492,0.582,0.569,0.369,0.388
2012-04-11 23:00:00,0.458,0.387,0.304,0.629,0.35,0.445,0.485,0.552,0.374,0.544,0.617,0.376,0.448,0.545,0.532,0.332,0.35
2012-04-12 00:00:00,0.465,0.387,0.297,0.636,0.35,0.445,0.485,0.56,0.374,0.551,0.624,0.376,0.448,0.545,0.539,0.324,0.35
2012-04-12 01:00:00,0.45,0.387,0.297,0.614,0.35,0.445,0.477,0.545,0.374,0.544,0.61,0.369,0.411,0.537,0.532,0.332,0.35
2012-04-12 02:00:00,0.465,0.394,0.304,0.629,0.372,0.43,0.492,0.56,0.381,0.558,0.617,0.376,0.426,0.552,0.546,0.339,0.365
2012-04-12 03:00:00,0.517,0.452,0.342,0.687,0.43,0.482,0.536,0.619,0.439,0.616,0.676,0.43,0.477,0.604,0.599,0.383,0.418
2012-04-12 04:00:00,0.62,0.562,0.423,0.797,0.533,0.593,0.632,0.722,0.542,0.725,0.788,0.53,0.587,0.707,0.704,0.472,0.532
2012-04-12 05:00:00,0.672,0.62,0.46,0.848,0.598,0.653,0.676,0.766,0.586,0.761,0.833,0.584,0.646,0.751,0.741,0.523,0.608
2012-04-12 06:00:00,0.65,0.598,0.438,0.811,0.591,0.63,0.654,0.737,0.564,0.732,0.803,0.568,0.624,0.721,0.711,0.501,0.624
2012-04-12 07:00:00,0.606,0.562,0.408,0.76,0.562,0.578,0.624,0.7,0.527,0.689,0.758,0.538,0.565,0.685,0.681,0.472,0.601
2012-04-12 08:00:00,0.576,0.54,0.386,0.716,0.547,0.541,0.588,0.663,0.498,0.645,0.714,0.515,0.521,0.648,0.644,0.457,0.601
2012-04-12 09:00:00,0.546,0.525,0.364,0.672,0.533,0.504,0.551,0.633,0.483,0.609,0.676,0.492,0.484,0.611,0.621,0.45,0.593
2012-04-12 10:00:00,0.524,0.511,0.356,0.636,0.525,0.482,0.521,0.604,0.469,0.58,0.647,0.484,0.448,0.582,0.591,0.442,0.586
2012-04-12 11:00:00,0.51,0.504,0.356,0.607,0.525,0.46,0.492,0.589,0.469,0.558,0.617,0.484,0.418,0.559,0.576,0.442,0.593
2012-04-12 12:00:00,0.495,0.496,0.349,0.577,0.525,0.445,0.463,0.575,0.461,0.536,0.602,0.484,0.396,0.545,0.569,0.442,0.593
2012-04-12 13:00:00,0.487,0.496,0.349,0.556,0.525,0.438,0.441,0.567,0.461,0.529,0.595,0.492,0.382,0.537,0.554,0.45,0.624
2012-04-12 14:00:00,0.487,0.504,0.356,0.541,0.54,0.43,0.426,0.567,0.461,0.5,0.58,0.515,0.367,0.537,0.554,0.457,0.646
2012-04-12 15:00:00,0.487,0.511,0.379,0.534,0.555,0.43,0.419,0.56,0.469,0.493,0.572,0.53,0.36,0.501,0.554,0.464,0.677
2012-04-12 16:00:00,0.495,0.518,0.408,0.497,0.569,0.43,0.419,0.567,0.476,0.493,0.572,0.561,0.345,0.501,0.561,0.479,0.715
2012-04-12 17:00:00,0.495,0.533,0.446,0.49,0.598,0.438,0.419,0.552,0.476,0.5,0.565,0.592,0.345,0.508,0.546,0.494,0.738
2012-04-12 18:00:00,0.51,0.547,0.483,0.482,0.628,0.438,0.426,0.56,0.491,0.5,0.558,0.622,0.345,0.508,0.561,0.516,0.753
2012-04-12 19:00:00,0.502,0.555,0.497,0.468,0.628,0.43,0.411,0.552,0.491,0.486,0.543,0.63,0.338,0.501,0.546,0.516,0.761
2012-04-12 20:00:00,0.48,0.54,0.475,0.439,0.613,0.408,0.389,0.508,0.476,0.457,0.505,0.599,0.323,0.464,0.517,0.509,0.738
2012-04-12 21:00:00,0.421,0.482,0.423,0.38,0.54,0.363,0.338,0.435,0.432,0.391,0.446,0.545,0.286,0.397,0.442,0.457,0.677
2012-04-12 22:00:00,0.362,0.423,0.371,0.314,0.496,0.311,0.279,0.354,0.374,0.326,0.401,0.507,0.235,0.339,0.374,0.405,0.624
2012-04-12 23:00:00,0.34,0.423,0.342,0.285,0.496,0.297,0.264,0.317,0.352,0.297,0.372,0.499,0.228,0.309,0.344,0.383,0.608
2012-04-13 00:00:00,0.354,0.46,0.356,0.285,0.533,0.311,0.264,0.309,0.374,0.297,0.387,0.538,0.235,0.309,0.344,0.405,0.654
2012-04-13 01:00:00,0.362,0.482,0.356,0.278,0.555,0.319,0.272,0.317,0.381,0.304,0.387,0.553,0.242,0.309,0.352,0.42,0.677
2012-04-13 02:00:00,0.391,0.533,0.371,0.292,0.598,0.341,0.294,0.324,0.41,0.319,0.409,0.599,0.264,0.324,0.367,0.479,0.738
2012-04-13 03:00:00,0.458,0.628,0.438,0.336,0.7,0.4,0.353,0.368,0.498,0.377,0.453,0.691,0.323,0.383,0.427,0.545,0.837
2012-04-13 04:00:00,0.569,0.781,0.549,0.424,0.876,0.504,0.455,0.464,0.659,0.471,0.535,0.853,0.433,0.478,0.524,0.678,1.019
2012-04-13 05:00:00,0.642,0.883,0.616,0.468,0.985,0.586,0.529,0.516,0.725,0.544,0.58,0.953,0.506,0.545,0.584,0.759,1.118
2012-04-13 06:00:00,0.65,0.905,0.609,0.461,1.0,0.593,0.536,0.508,0.754,0.544,0.572,0.96,0.529,0.552,0.576,0.774,1.11
2012-04-13 07:00:00,0.628,0.898,0.579,0.431,1.0,0.564,0.514,0.471,0.754,0.515,0.55,0.953,0.521,0.53,0.539,0.767,1.088
2012-04-13 08:00:00,0.613,0.883,0.557,0.409,0.978,0.556,0.507,0.442,0.747,0.5,0.52,0.945,0.529,0.515,0.517,0.752,1.057
2012-04-13 09:00:00,0.598,0.876,0.535,0.387,0.97,0.541,0.499,0.412,0.74,0.486,0.498,0.937,0.536,0.501,0.487,0.744,1.027
2012-04-13 10:00:00,0.591,0.876,0.512,0.365,0.97,0.527,0.485,0.39,0.732,0.471,0.483,0.937,0.536,0.486,0.464,0.73,1.012
2012-04-13 11:00:00,0.583,0.89,0.505,0.358,0.978,0.519,0.485,0.376,0.732,0.471,0.468,0.937,0.551,0.478,0.449,0.73,1.012
2012-04-13 12:00:00,0.591,0.905,0.512,0.351,0.985,0.527,0.492,0.368,0.74,0.464,0.453,0.937,0.573,0.471,0.442,0.73,1.012
2012-04-13 13:00:00,0.591,0.934,0.505,0.344,1.014,0.527,0.507,0.361,0.762,0.464,0.439,0.945,0.602,0.464,0.434,0.744,1.027
2012-04-13 14:00:00,0.613,0.978,0.512,0.351,1.043,0.564,0.543,0.354,0.791,0.478,0.439,0.968,0.639,0.464,0.442,0.767,1.057
2012-04-13 15:00:00,0.635,1.022,0.505,0.358,1.087,0.593,0.566,0.361,0.82,0.486,0.446,0.983,0.668,0.478,0.449,0.796,1.088
2012-04-13 16:00:00,0.657,1.087,0.505,0.365,1.138,0.616,0.588,0.361,0.872,0.507,0.446,1.014,0.705,0.493,0.457,0.84,1.118
2012-04-13 17:00:00,0.679,1.131,0.512,0.38,1.175,0.638,0.61,0.368,0.916,0.536,0.453,1.029,0.741,0.515,0.472,0.87,1.141
2012-04-13 18:00:00,0.702,1.153,0.527,0.395,1.175,0.66,0.624,0.383,0.952,0.565,0.468,1.037,0.771,0.545,0.487,0.885,1.156
2012-04-13 19:00:00,0.702,1.153,0.512,0.395,1.175,0.667,0.624,0.39,0.967,0.573,0.453,1.029,0.778,0.559,0.487,0.892,1.141
2012-04-13 20:00:00,0.672,1.102,0.497,0.387,1.124,0.645,0.595,0.39,0.916,0.565,0.424,0.976,0.741,0.552,0.472,0.848,1.088
2012-04-13 21:00:00,0.606,0.993,0.446,0.358,1.014,0.586,0.536,0.368,0.813,0.515,0.372,0.868,0.675,0.493,0.427,0.759,0.958
2012-04-13 22:00:00,0.546,0.89,0.394,0.322,0.919,0.534,0.485,0.339,0.732,0.471,0.32,0.776,0.609,0.449,0.374,0.678,0.859
2012-04-13 23:00:00,0.532,0.847,0.371,0.314,0.876,0.504,0.463,0.331,0.696,0.449,0.305,0.73,0.587,0.434,0.359,0.649,0.806
2012-04-14 00:00:00,0.546,0.847,0.394,0.336,0.883,0.534,0.485,0.354,0.718,0.464,0.312,0.761,0.602,0.456,0.404,0.663,0.829
2012-04-14 01:00:00,0.554,0.839,0.408,0.365,0.876,0.541,0.485,0.383,0.718,0.464,0.335,0.761,0.609,0.471,0.427,0.663,0.829
2012-04-14 02:00:00,0.583,0.847,0.46,0.424,0.883,0.571,0.499,0.427,0.74,0.493,0.364,0.807,0.631,0.493,0.464,0.693,0.867
2012-04-14 03:00:00,0.65,0.912,0.52,0.49,0.97,0.638,0.543,0.493,0.813,0.536,0.446,0.899,0.69,0.545,0.532,0.774,0.951
2012-04-14 04:00:00,0.775,1.066,0.639,0.599,1.153,0.771,0.639,0.604,0.952,0.638,0.565,1.075,0.807,0.655,0.666,0.914,1.133
2012-04-14 05:00:00,0.842,1.124,0.705,0.665,1.226,0.838,0.676,0.67,0.996,0.674,0.639,1.152,0.851,0.707,0.741,0.973,1.209
2012-04-14 06:00:00,0.812,1.087,0.705,0.658,1.189,0.808,0.639,0.663,0.952,0.645,0.639,1.129,0.815,0.677,0.741,0.958,1.186
2012-04-14 07:00:00,0.79,1.036,0.713,0.658,1.138,0.794,0.61,0.663,0.908,0.631,0.647,1.091,0.778,0.655,0.749,0.921,1.141
2012-04-14 08:00:00,0.768,0.993,0.713,0.658,1.094,0.764,0.58,0.656,0.857,0.609,0.647,1.045,0.734,0.633,0.741,0.885,1.095
2012-04-14 09:00:00,0.746,0.963,0.713,0.658,1.058,0.742,0.551,0.656,0.82,0.587,0.662,1.014,0.697,0.618,0.741,0.862,1.065
2012-04-14 10:00:00,0.731,0.934,0.705,0.658,1.029,0.712,0.529,0.656,0.784,0.573,0.662,0.983,0.661,0.596,0.734,0.848,1.042
2012-04-14 11:00:00,0.724,0.92,0.713,0.672,1.007,0.705,0.521,0.663,0.762,0.565,0.684,0.968,0.646,0.589,0.749,0.84,1.027
2012-04-14 12:00:00,0.724,0.912,0.72,0.687,1.0,0.705,0.499,0.678,0.747,0.573,0.714,0.96,0.631,0.589,0.764,0.84,1.019
2012-04-14 13:00:00,0.731,0.912,0.743,0.702,1.014,0.705,0.492,0.692,0.74,0.58,0.751,0.968,0.624,0.589,0.786,0.855,1.034
2012-04-14 14:00:00,0.746,0.927,0.765,0.724,1.029,0.712,0.492,0.714,0.74,0.587,0.781,0.976,0.624,0.596,0.816,0.87,1.042
2012-04-14 15:00:00,0.768,0.949,0.809,0.753,1.065,0.727,0.492,0.744,0.747,0.594,0.825,1.014,0.631,0.604,0.853,0.907,1.08
2012-04-14 16:00:00,0.798,0.963,0.861,0.789,1.094,0.749,0.499,0.781,0.754,0.609,0.87,1.045,0.639,0.618,0.898,0.936,1.11
2012-04-14 17:00:00,0.812,0.978,0.884,0.811,1.131,0.756,0.521,0.795,0.74,0.623,0.892,1.06,0.639,0.626,0.928,0.966,1.141
2012-04-14 18:00:00,0.82,0.985,0.898,0.826,1.146,0.764,0.536,0.818,0.725,0.616,0.922,1.075,0.631,0.626,0.951,0.98,1.164
2012-04-14 19:00:00,0.812,0.971,0.884,0.819,1.146,0.756,0.529,0.81,0.718,0.594,0.922,1.052,0.617,0.611,0.951,0.973,1.156
2012-04-14 20:00:00,0.768,0.927,0.839,0.775,1.08,0.712,0.507,0.766,0.666,0.544,0.885,0.999,0.58,0.559,0.906,0.921,1.095
2012-04-14 21:00:00,0.679,0.817,0.743,0.672,0.949,0.638,0.448,0.678,0.593,0.471,0.788,0.876,0.514,0.478,0.801,0.826,0.966
2012-04-14 22:00:00,0.598,0.723,0.661,0.585,0.839,0.564,0.382,0.589,0.527,0.399,0.714,0.776,0.462,0.405,0.704,0.737,0.852
2012-04-14 23:00:00,0.546,0.679,0.616,0.526,0.781,0.527,0.345,0.538,0.483,0.362,0.676,0.722,0.426,0.361,0.644,0.686,0.791
2012-05-24 00:00:00,0.0,0.0,0.0,0.0,0.0,0.0,0.0,0.0,0.0,0.0,0.0,0.0,0.0,0.0,0.0,0.0,0.0
2012-05-24 01:00:00,0.0,0.0,0.0,0.0,0.0,0.0,0.0,0.0,0.0,0.0,0.0,0.0,0.0,0.0,0.0,0.0,0.0
2012-05-24 02:00:00,0.0,0.0,0.0,0.0,0.0,0.0,0.0,0.0,0.0,0.0,0.0,0.0,0.0,0.0,0.0,0.0,0.0
2012-05-24 03:00:00,0.0,0.0,0.0,0.0,0.0,0.0,0.0,0.0,0.0,0.0,0.0,0.0,0.0,0.0,0.0,0.0,0.0
2012-05-24 04:00:00,0.0,0.0,0.0,0.0,0.0,0.0,0.0,0.0,0.0,0.0,0.0,0.0,0.0,0.0,0.0,0.0,0.0
2012-05-24 05:00:00,0.0,0.0,0.0,0.0,0.0,0.0,0.0,0.0,0.0,0.0,0.0,0.0,0.0,0.0,0.0,0.0,0.0
2012-05-24 06:00:00,0.0,0.0,0.0,0.0,0.0,0.0,0.0,0.0,0.0,0.0,0.0,0.0,0.0,0.0,0.0,0.0,0.0
2012-05-24 07:00:00,0.0,0.0,0.0,0.0,0.0,0.0,0.0,0.0,0.0,0.0,0.0,0.0,0.0,0.0,0.0,0.0,0.0
2012-05-24 08:00:00,0.0,0.0,0.0,0.0,0.0,0.0,0.0,0.0,0.0,0.0,0.0,0.008,0.0,0.0,0.0,0.0,0.0
2012-05-24 09:00:00,0.0,0.0,0.0,0.0,0.0,0.0,0.0,0.0,0.0,0.0,0.0,0.031,0.0,0.0,0.0,0.0,0.0
2012-05-24 10:00:00,0.0,0.0,0.0,0.0,0.0,0.0,0.0,0.0,0.0,0.0,0.0,0.046,0.0,0.0,0.0,0.0,0.0
2012-05-24 11:00:00,0.007,0.0,0.0,0.0,0.0,0.0,0.0,0.0,0.0,0.0,0.0,0.061,0.0,0.0,0.0,0.0,0.015
2012-05-24 12:00:00,0.007,0.0,0.0,0.0,0.0,0.0,0.0,0.0,0.0,0.0,0.0,0.077,0.0,0.0,0.0,0.0,0.023
2012-05-24 13:00:00,0.007,0.0,0.0,0.0,0.0,0.0,0.0,0.0,0.0,0.0,0.0,0.092,0.0,0.0,0.0,0.0,0.038
2012-05-24 14:00:00,0.007,0.0,0.0,0.0,0.0,0.0,0.0,0.0,0.0,0.0,0.0,0.108,0.0,0.0,0.0,0.0,0.046
2012-05-24 15:00:00,0.007,0.0,0.0,0.0,0.0,0.0,0.0,0.0,0.0,0.0,0.0,0.123,0.0,0.0,0.0,0.0,0.061
2012-05-24 16:00:00,0.007,0.0,0.0,0.0,0.0,0.0,0.0,0.0,0.0,0.0,0.0,0.138,0.0,0.0,0.0,0.0,0.076
2012-05-24 17:00:00,0.015,0.0,0.0,0.0,0.0,0.0,0.0,0.0,0.0,0.0,0.0,0.154,0.0,0.0,0.0,0.0,0.091
2012-05-24 18:00:00,0.015,0.0,0.0,0.0,0.0,0.0,0.0,0.0,0.0,0.0,0.0,0.177,0.0,0.0,0.0,0.0,0.106
2012-05-24 19:00:00,0.015,0.0,0.0,0.0,0.0,0.0,0.0,0.0,0.0,0.0,0.0,0.184,0.0,0.0,0.0,0.0,0.122
2012-05-24 20:00:00,0.015,0.0,0.0,0.0,0.0,0.0,0.0,0.0,0.0,0.0,0.0,0.192,0.0,0.0,0.0,0.0,0.122
2012-05-24 21:00:00,0.015,0.0,0.0,0.0,0.0,0.0,0.0,0.0,0.0,0.0,0.0,0.177,0.0,0.0,0.0,0.0,0.106
2012-05-24 22:00:00,0.015,0.0,0.0,0.0,0.0,0.0,0.0,0.0,0.0,0.0,0.0,0.161,0.0,0.0,0.0,0.0,0.091
2012-05-24 23:00:00,0.015,0.0,0.0,0.0,0.0,0.0,0.0,0.0,0.0,0.0,0.0,0.161,0.0,0.0,0.0,0.0,0.091
2012-05-25 00:00:00,0.015,0.0,0.0,0.0,0.0,0.0,0.0,0.0,0.0,0.0,0.0,0.177,0.0,0.0,0.0,0.0,0.091
2012-05-25 01:00:00,0.015,0.0,0.0,0.0,0.0,0.0,0.0,0.0,0.0,0.0,0.0,0.184,0.0,0.0,0.0,0.0,0.106
2012-05-25 02:00:00,0.015,0.0,0.0,0.0,0.0,0.0,0.0,0.0,0.0,0.0,0.0,0.207,0.0,0.0,0.0,0.0,0.122
2012-05-25 03:00:00,0.022,0.0,0.0,0.0,0.0,0.0,0.0,0.0,0.0,0.0,0.0,0.246,0.0,0.0,0.0,0.0,0.145
2012-05-25 04:00:00,0.022,0.0,0.0,0.0,0.0,0.0,0.0,0.0,0.0,0.0,0.0,0.323,0.0,0.0,0.0,0.0,0.183
2012-05-25 05:00:00,0.03,0.0,0.0,0.0,0.0,0.0,0.0,0.0,0.0,0.0,0.0,0.376,0.0,0.0,0.0,0.0,0.221
2012-05-25 06:00:00,0.03,0.0,0.0,0.0,0.0,0.0,0.0,0.0,0.0,0.0,0.0,0.376,0.0,0.0,0.015,0.0,0.221
2012-05-25 07:00:00,0.03,0.0,0.0,0.0,0.0,0.0,0.0,0.0,0.0,0.0,0.0,0.361,0.0,0.0,0.03,0.0,0.221
2012-05-25 08:00:00,0.03,0.0,0.0,0.0,0.0,0.0,0.0,0.0,0.0,0.0,0.022,0.353,0.0,0.0,0.045,0.0,0.221
2012-05-25 09:00:00,0.03,0.0,0.0,0.0,0.0,0.0,0.0,0.0,0.0,0.0,0.037,0.353,0.0,0.0,0.06,0.0,0.221
2012-05-25 10:00:00,0.037,0.0,0.015,0.0,0.0,0.0,0.0,0.0,0.0,0.0,0.052,0.346,0.0,0.0,0.075,0.0,0.221
2012-05-25 11:00:00,0.037,0.0,0.03,0.0,0.0,0.0,0.0,0.0,0.0,0.0,0.067,0.346,0.0,0.0,0.082,0.0,0.221
2012-05-25 12:00:00,0.037,0.0,0.045,0.0,0.0,0.0,0.0,0.0,0.0,0.0,0.074,0.346,0.0,0.0,0.09,0.0,0.221
2012-05-25 13:00:00,0.037,0.0,0.052,0.0,0.0,0.0,0.0,0.0,0.0,0.0,0.089,0.346,0.0,0.0,0.097,0.0,0.228
2012-05-25 14:00:00,0.044,0.0,0.067,0.0,0.0,0.0,0.0,0.0,0.0,0.0,0.104,0.361,0.0,0.0,0.112,0.0,0.236
2012-05-25 15:00:00,0.044,0.0,0.082,0.015,0.0,0.0,0.0,0.0,0.0,0.0,0.119,0.376,0.0,0.0,0.127,0.0,0.243
2012-05-25 16:00:00,0.052,0.0,0.104,0.029,0.0,0.0,0.0,0.0,0.0,0.007,0.134,0.392,0.0,0.0,0.142,0.0,0.251
2012-05-25 17:00:00,0.059,0.0,0.111,0.051,0.0,0.0,0.0,0.015,0.0,0.029,0.149,0.415,0.0,0.0,0.157,0.0,0.266
2012-05-25 18:00:00,0.066,0.0,0.126,0.066,0.0,0.0,0.0,0.022,0.0,0.043,0.156,0.438,0.0,0.0,0.172,0.0,0.274
2012-05-25 19:00:00,0.066,0.0,0.126,0.08,0.0,0.0,0.0,0.037,0.0,0.065,0.156,0.446,0.0,0.0,0.18,0.0,0.274
2012-05-25 20:00:00,0.066,0.007,0.119,0.088,0.0,0.0,0.007,0.037,0.0,0.072,0.149,0.423,0.0,0.0,0.172,0.0,0.274
2012-05-25 21:00:00,0.066,0.015,0.104,0.08,0.007,0.0,0.015,0.037,0.0,0.072,0.126,0.376,0.0,0.0,0.15,0.0,0.243
2012-05-25 22:00:00,0.059,0.022,0.097,0.073,0.007,0.0,0.022,0.037,0.0,0.065,0.112,0.323,0.0,0.0,0.12,0.0,0.205
2012-05-25 23:00:00,0.059,0.029,0.089,0.073,0.015,0.0,0.029,0.037,0.0,0.072,0.104,0.292,0.0,0.0,0.112,0.0,0.198
2012-05-26 00:00:00,0.059,0.036,0.089,0.08,0.022,0.0,0.044,0.044,0.0,0.08,0.104,0.292,0.0,0.007,0.112,0.007,0.198
2012-05-26 01:00:00,0.066,0.036,0.089,0.088,0.022,0.0,0.051,0.052,0.0,0.087,0.112,0.292,0.0,0.015,0.12,0.015,0.198
2012-05-26 02:00:00,0.074,0.051,0.097,0.095,0.029,0.0,0.066,0.052,0.0,0.109,0.119,0.307,0.0,0.029,0.127,0.015,0.213
2012-05-26 03:00:00,0.089,0.066,0.111,0.117,0.044,0.0,0.088,0.074,0.0,0.13,0.126,0.346,0.0,0.044,0.142,0.029,0.243
2012-05-26 04:00:00,0.118,0.095,0.134,0.154,0.066,0.015,0.132,0.103,0.0,0.174,0.164,0.438,0.0,0.074,0.172,0.044,0.304
2012-05-26 05:00:00,0.133,0.109,0.149,0.175,0.073,0.022,0.162,0.11,0.0,0.21,0.178,0.484,0.007,0.096,0.195,0.052,0.342
2012-05-26 06:00:00,0.133,0.117,0.134,0.168,0.073,0.022,0.169,0.11,0.0,0.217,0.171,0.469,0.022,0.103,0.187,0.052,0.327
2012-05-26 07:00:00,0.133,0.109,0.119,0.161,0.073,0.03,0.176,0.103,0.0,0.217,0.156,0.438,0.029,0.103,0.172,0.044,0.304
2012-05-26 08:00:00,0.133,0.109,0.111,0.161,0.066,0.037,0.184,0.103,0.0,0.217,0.156,0.415,0.037,0.11,0.157,0.044,0.289
2012-05-26 09:00:00,0.133,0.109,0.097,0.161,0.066,0.044,0.191,0.103,0.0,0.225,0.164,0.399,0.044,0.125,0.15,0.044,0.281
2012-05-26 10:00:00,0.133,0.117,0.097,0.161,0.051,0.052,0.198,0.103,0.0,0.225,0.164,0.384,0.051,0.14,0.15,0.044,0.266
2012-05-26 11:00:00,0.14,0.124,0.089,0.168,0.051,0.067,0.206,0.11,0.0,0.232,0.171,0.376,0.066,0.155,0.142,0.044,0.266
2012-05-26 12:00:00,0.14,0.139,0.082,0.175,0.044,0.074,0.213,0.11,0.0,0.239,0.171,0.376,0.073,0.162,0.15,0.037,0.266
2012-05-26 13:00:00,0.148,0.139,0.082,0.183,0.036,0.089,0.22,0.118,0.015,0.239,0.178,0.376,0.088,0.177,0.15,0.037,0.266
2012-05-26 14:00:00,0.155,0.153,0.082,0.197,0.029,0.096,0.235,0.118,0.022,0.254,0.186,0.384,0.103,0.191,0.157,0.037,0.274
2012-05-26 15:00:00,0.17,0.168,0.082,0.205,0.029,0.111,0.257,0.125,0.037,0.275,0.193,0.392,0.125,0.206,0.165,0.037,0.281
2012-05-26 16:00:00,0.177,0.182,0.082,0.212,0.022,0.126,0.272,0.133,0.059,0.297,0.201,0.407,0.147,0.228,0.172,0.037,0.289
2012-05-26 17:00:00,0.192,0.204,0.089,0.219,0.022,0.141,0.294,0.14,0.066,0.319,0.201,0.43,0.169,0.243,0.18,0.044,0.312
2012-05-26 18:00:00,0.199,0.212,0.089,0.234,0.022,0.156,0.316,0.147,0.081,0.341,0.208,0.446,0.176,0.258,0.18,0.044,0.319
2012-05-26 19:00:00,0.199,0.212,0.089,0.234,0.022,0.148,0.316,0.14,0.081,0.348,0.201,0.446,0.176,0.258,0.18,0.037,0.319
2012-05-26 20:00:00,0.192,0.204,0.089,0.234,0.022,0.141,0.301,0.133,0.073,0.333,0.193,0.423,0.169,0.25,0.172,0.037,0.304
2012-05-26 21:00:00,0.162,0.175,0.082,0.197,0.015,0.119,0.264,0.11,0.066,0.29,0.164,0.369,0.139,0.206,0.142,0.029,0.259
2012-05-26 22:00:00,0.133,0.139,0.059,0.161,0.015,0.096,0.22,0.088,0.051,0.239,0.134,0.307,0.117,0.169,0.12,0.022,0.221
2012-05-26 23:00:00,0.118,0.124,0.052,0.146,0.015,0.089,0.198,0.081,0.044,0.21,0.119,0.277,0.103,0.147,0.105,0.015,0.198
2012-05-27 00:00:00,0.118,0.124,0.052,0.146,0.007,0.089,0.198,0.074,0.044,0.21,0.119,0.284,0.103,0.147,0.105,0.015,0.205
2012-05-27 01:00:00,0.118,0.124,0.052,0.146,0.007,0.082,0.191,0.074,0.044,0.21,0.119,0.284,0.103,0.155,0.105,0.015,0.213
2012-05-27 02:00:00,0.118,0.131,0.052,0.146,0.015,0.082,0.198,0.081,0.044,0.21,0.126,0.292,0.103,0.169,0.105,0.015,0.221
2012-05-27 03:00:00,0.14,0.146,0.059,0.175,0.015,0.096,0.228,0.088,0.044,0.254,0.141,0.33,0.117,0.191,0.12,0.015,0.259
2012-05-27 04:00:00,0.177,0.19,0.089,0.219,0.029,0.111,0.279,0.11,0.059,0.326,0.178,0.407,0.147,0.243,0.157,0.022,0.335
2012-05-27 05:00:00,0.199,0.204,0.089,0.249,0.036,0.126,0.308,0.125,0.059,0.377,0.201,0.461,0.154,0.272,0.18,0.022,0.38
2012-05-27 06:00:00,0.192,0.204,0.089,0.241,0.044,0.119,0.301,0.118,0.059,0.384,0.193,0.453,0.147,0.265,0.18,0.022,0.38
2012-05-27 07:00:00,0.185,0.19,0.082,0.227,0.044,0.104,0.279,0.118,0.051,0.37,0.171,0.423,0.132,0.25,0.172,0.022,0.365
2012-05-27 08:00:00,0.177,0.182,0.074,0.219,0.051,0.104,0.272,0.11,0.051,0.362,0.156,0.399,0.125,0.243,0.165,0.022,0.342
2012-05-27 09:00:00,0.17,0.175,0.074,0.212,0.044,0.096,0.264,0.103,0.059,0.355,0.141,0.384,0.125,0.236,0.165,0.015,0.327
2012-05-27 10:00:00,0.162,0.168,0.067,0.205,0.044,0.089,0.264,0.103,0.059,0.355,0.119,0.369,0.125,0.236,0.165,0.015,0.312
2012-05-27 11:00:00,0.162,0.168,0.067,0.197,0.036,0.082,0.272,0.103,0.066,0.362,0.104,0.353,0.117,0.236,0.165,0.007,0.297
2012-05-27 12:00:00,0.155,0.168,0.067,0.19,0.029,0.074,0.286,0.096,0.066,0.37,0.089,0.346,0.117,0.236,0.157,0.007,0.289
2012-05-27 13:00:00,0.155,0.168,0.059,0.183,0.029,0.074,0.294,0.088,0.066,0.377,0.074,0.323,0.125,0.228,0.157,0.0,0.266
2012-05-27 14:00:00,0.155,0.168,0.059,0.183,0.022,0.074,0.308,0.088,0.066,0.384,0.067,0.315,0.132,0.228,0.15,0.0,0.251
2012-05-27 15:00:00,0.155,0.161,0.052,0.175,0.015,0.074,0.323,0.081,0.066,0.399,0.059,0.315,0.139,0.228,0.15,0.0,0.243
2012-05-27 16:00:00,0.155,0.161,0.045,0.175,0.0,0.074,0.345,0.081,0.073,0.413,0.052,0.315,0.147,0.236,0.142,0.0,0.243
2012-05-27 17:00:00,0.162,0.161,0.045,0.168,0.0,0.074,0.367,0.081,0.073,0.435,0.045,0.315,0.154,0.25,0.142,0.0,0.236
2012-05-27 18:00:00,0.162,0.161,0.045,0.168,0.0,0.082,0.382,0.088,0.073,0.457,0.052,0.33,0.161,0.258,0.15,0.0,0.236
2012-05-27 19:00:00,0.162,0.161,0.045,0.154,0.0,0.074,0.382,0.088,0.081,0.457,0.059,0.33,0.161,0.25,0.157,0.0,0.236
2012-05-27 20:00:00,0.162,0.153,0.037,0.146,0.0,0.067,0.375,0.081,0.081,0.449,0.059,0.315,0.154,0.236,0.165,0.0,0.228
2012-05-27 21:00:00,0.14,0.131,0.037,0.124,0.0,0.059,0.323,0.074,0.073,0.384,0.059,0.284,0.132,0.213,0.157,0.0,0.205
2012-05-27 22:00:00,0.118,0.102,0.037,0.102,0.0,0.044,0.272,0.059,0.059,0.326,0.052,0.246,0.11,0.177,0.142,0.0,0.183
2012-05-27 23:00:00,0.111,0.095,0.037,0.088,0.0,0.037,0.257,0.052,0.051,0.312,0.052,0.238,0.095,0.169,0.142,0.0,0.175
2012-05-28 00:00:00,0.111,0.088,0.037,0.088,0.0,0.037,0.264,0.059,0.044,0.312,0.059,0.246,0.095,0.162,0.142,0.0,0.175
2012-05-28 01:00:00,0.111,0.08,0.037,0.088,0.0,0.03,0.264,0.052,0.044,0.312,0.059,0.246,0.095,0.155,0.15,0.0,0.175
2012-05-28 02:00:00,0.118,0.08,0.037,0.095,0.0,0.03,0.279,0.059,0.044,0.326,0.067,0.261,0.095,0.155,0.157,0.0,0.175
2012-05-28 03:00:00,0.133,0.095,0.052,0.11,0.0,0.037,0.323,0.074,0.044,0.362,0.097,0.3,0.117,0.184,0.187,0.0,0.205
2012-05-28 04:00:00,0.177,0.117,0.074,0.139,0.0,0.052,0.411,0.103,0.051,0.449,0.141,0.384,0.147,0.236,0.24,0.0,0.251
2012-05-28 05:00:00,0.199,0.124,0.082,0.161,0.0,0.059,0.455,0.118,0.059,0.486,0.171,0.43,0.169,0.28,0.262,0.0,0.281
2012-05-28 06:00:00,0.192,0.117,0.074,0.161,0.0,0.059,0.448,0.11,0.051,0.464,0.186,0.43,0.176,0.28,0.262,0.0,0.274
2012-05-28 07:00:00,0.185,0.109,0.059,0.154,0.0,0.052,0.419,0.103,0.037,0.428,0.193,0.399,0.169,0.272,0.255,0.0,0.259
2012-05-28 08:00:00,0.17,0.102,0.052,0.139,0.0,0.052,0.397,0.103,0.022,0.399,0.186,0.384,0.161,0.258,0.247,0.0,0.243
2012-05-28 09:00:00,0.162,0.095,0.045,0.132,0.0,0.044,0.375,0.096,0.015,0.377,0.186,0.376,0.161,0.25,0.24,0.0,0.243
2012-05-28 10:00:00,0.155,0.088,0.045,0.124,0.0,0.044,0.353,0.088,0.007,0.355,0.178,0.361,0.154,0.236,0.225,0.0,0.243
2012-05-28 11:00:00,0.155,0.08,0.037,0.124,0.0,0.044,0.338,0.088,0.007,0.341,0.171,0.361,0.147,0.221,0.225,0.0,0.251
2012-05-28 12:00:00,0.148,0.073,0.037,0.124,0.0,0.044,0.316,0.081,0.0,0.326,0.178,0.361,0.139,0.213,0.217,0.0,0.266
2012-05-28 13:00:00,0.14,0.066,0.037,0.132,0.0,0.037,0.301,0.074,0.0,0.326,0.178,0.376,0.125,0.206,0.217,0.0,0.281
2012-05-28 14:00:00,0.14,0.058,0.037,0.132,0.0,0.037,0.286,0.066,0.0,0.319,0.171,0.392,0.11,0.199,0.225,0.0,0.297
2012-05-28 15:00:00,0.14,0.051,0.045,0.139,0.0,0.037,0.279,0.059,0.0,0.326,0.171,0.415,0.095,0.191,0.232,0.0,0.327
2012-05-28 16:00:00,0.14,0.051,0.045,0.146,0.0,0.03,0.272,0.052,0.0,0.333,0.171,0.438,0.073,0.191,0.247,0.0,0.35
2012-05-28 17:00:00,0.14,0.044,0.052,0.154,0.0,0.022,0.264,0.052,0.0,0.341,0.178,0.469,0.059,0.199,0.262,0.0,0.38
2012-05-28 18:00:00,0.14,0.044,0.059,0.161,0.0,0.022,0.264,0.052,0.0,0.355,0.186,0.492,0.051,0.206,0.284,0.0,0.395
2012-05-28 19:00:00,0.14,0.044,0.067,0.161,0.0,0.022,0.257,0.052,0.0,0.348,0.186,0.484,0.051,0.206,0.284,0.0,0.395
2012-05-28 20:00:00,0.14,0.051,0.059,0.161,0.0,0.03,0.242,0.052,0.0,0.333,0.178,0.461,0.059,0.206,0.269,0.0,0.365
2012-05-28 21:00:00,0.126,0.058,0.052,0.139,0.0,0.03,0.213,0.052,0.0,0.297,0.156,0.392,0.051,0.191,0.232,0.0,0.312
2012-05-28 22:00:00,0.103,0.058,0.045,0.117,0.0,0.022,0.176,0.044,0.0,0.246,0.119,0.323,0.051,0.169,0.187,0.0,0.243
2012-05-28 23:00:00,0.096,0.066,0.037,0.11,0.0,0.022,0.176,0.037,0.0,0.232,0.104,0.3,0.044,0.162,0.18,0.0,0.221
2012-05-29 00:00:00,0.096,0.08,0.037,0.11,0.0,0.03,0.176,0.037,0.0,0.232,0.104,0.292,0.051,0.169,0.172,0.0,0.205
2012-05-29 01:00:00,0.096,0.095,0.03,0.11,0.0,0.03,0.184,0.029,0.0,0.232,0.104,0.277,0.059,0.169,0.172,0.0,0.19
2012-05-29 02:00:00,0.103,0.109,0.03,0.117,0.0,0.03,0.191,0.029,0.0,0.246,0.112,0.277,0.081,0.169,0.172,0.0,0.183
2012-05-29 03:00:00,0.118,0.131,0.022,0.124,0.0,0.044,0.22,0.029,0.0,0.29,0.104,0.307,0.103,0.191,0.195,0.0,0.198
2012-05-29 04:00:00,0.148,0.175,0.022,0.139,0.0,0.059,0.279,0.022,0.022,0.362,0.119,0.361,0.154,0.228,0.225,0.0,0.213
2012-05-29 05:00:00,0.155,0.204,0.007,0.154,0.0,0.059,0.323,0.007,0.037,0.399,0.104,0.376,0.184,0.236,0.232,0.0,0.205
2012-05-29 06:00:00,0.148,0.197,0.0,0.132,0.0,0.059,0.323,0.0,0.044,0.384,0.082,0.33,0.191,0.213,0.21,0.0,0.167
2012-05-29 07:00:00,0.133,0.182,0.0,0.117,0.0,0.052,0.308,0.0,0.051,0.355,0.067,0.284,0.184,0.191,0.172,0.0,0.122
2012-05-29 08:00:00,0.126,0.182,0.0,0.11,0.0,0.059,0.294,0.0,0.059,0.333,0.067,0.246,0.184,0.169,0.157,0.0,0.091
2012-05-29 09:00:00,0.118,0.182,0.0,0.102,0.0,0.059,0.286,0.0,0.059,0.319,0.067,0.207,0.176,0.155,0.142,0.0,0.061
2012-05-29 10:00:00,0.111,0.182,0.0,0.095,0.0,0.059,0.279,0.0,0.051,0.304,0.074,0.169,0.184,0.147,0.12,0.0,0.038
2012-05-29 11:00:00,0.103,0.182,0.0,0.088,0.0,0.052,0.272,0.0,0.037,0.29,0.082,0.138,0.184,0.14,0.112,0.0,0.008
2012-05-29 12:00:00,0.103,0.182,0.0,0.08,0.0,0.044,0.272,0.0,0.029,0.275,0.089,0.108,0.191,0.14,0.097,0.0,0.0
2012-05-29 13:00:00,0.103,0.182,0.0,0.073,0.0,0.037,0.272,0.0,0.022,0.268,0.097,0.077,0.198,0.14,0.082,0.0,0.0
2012-05-29 14:00:00,0.103,0.197,0.0,0.066,0.0,0.037,0.279,0.0,0.015,0.261,0.112,0.054,0.213,0.147,0.067,0.0,0.0
2012-05-29 15:00:00,0.103,0.204,0.0,0.066,0.0,0.03,0.286,0.0,0.007,0.261,0.119,0.023,0.228,0.155,0.052,0.0,0.0
2012-05-29 16:00:00,0.103,0.219,0.0,0.066,0.0,0.03,0.301,0.0,0.0,0.261,0.134,0.0,0.25,0.162,0.045,0.0,0.0
2012-05-29 17:00:00,0.111,0.226,0.0,0.058,0.0,0.022,0.308,0.0,0.0,0.261,0.134,0.0,0.264,0.169,0.03,0.0,0.0
2012-05-29 18:00:00,0.111,0.234,0.0,0.058,0.0,0.015,0.323,0.0,0.0,0.261,0.134,0.0,0.272,0.177,0.007,0.0,0.0
2012-05-29 19:00:00,0.111,0.226,0.0,0.058,0.0,0.007,0.316,0.0,0.0,0.254,0.119,0.0,0.272,0.177,0.0,0.0,0.0
2012-05-29 20:00:00,0.096,0.197,0.0,0.051,0.0,0.0,0.308,0.0,0.0,0.246,0.097,0.0,0.257,0.155,0.0,0.0,0.0
2012-05-29 21:00:00,0.081,0.153,0.0,0.037,0.0,0.0,0.257,0.0,0.0,0.21,0.074,0.0,0.22,0.125,0.0,0.0,0.0
2012-05-29 22:00:00,0.066,0.109,0.0,0.015,0.0,0.0,0.213,0.0,0.0,0.167,0.052,0.0,0.176,0.088,0.0,0.0,0.0
2012-05-29 23:00:00,0.052,0.08,0.0,0.007,0.0,0.0,0.191,0.0,0.0,0.152,0.045,0.0,0.154,0.074,0.0,0.0,0.0
2012-05-30 00:00:00,0.052,0.066,0.0,0.0,0.0,0.0,0.184,0.0,0.0,0.145,0.037,0.0,0.147,0.059,0.0,0.0,0.0
2012-05-30 01:00:00,0.044,0.051,0.0,0.0,0.0,0.0,0.169,0.0,0.0,0.138,0.03,0.015,0.132,0.052,0.0,0.0,0.0
2012-05-30 02:00:00,0.044,0.036,0.0,0.0,0.0,0.0,0.162,0.0,0.0,0.13,0.022,0.031,0.125,0.044,0.0,0.0,0.0
2012-05-30 03:00:00,0.044,0.029,0.0,0.0,0.0,0.0,0.162,0.0,0.0,0.13,0.03,0.061,0.11,0.044,0.0,0.0,0.0
2012-05-30 04:00:00,0.052,0.022,0.0,0.0,0.0,0.0,0.176,0.0,0.0,0.138,0.045,0.123,0.11,0.044,0.0,0.0,0.0
2012-05-30 05:00:00,0.052,0.007,0.0,0.0,0.0,0.0,0.169,0.0,0.0,0.138,0.067,0.184,0.088,0.029,0.0,0.0,0.053
2012-05-30 06:00:00,0.044,0.0,0.0,0.0,0.0,0.0,0.14,0.0,0.0,0.116,0.089,0.223,0.051,0.015,0.007,0.0,0.106
2012-05-30 07:00:00,0.044,0.0,0.0,0.0,0.0,0.0,0.11,0.0,0.0,0.094,0.097,0.254,0.022,0.0,0.045,0.0,0.145
2012-05-30 08:00:00,0.044,0.0,0.0,0.0,0.0,0.0,0.095,0.0,0.0,0.08,0.089,0.277,0.0,0.0,0.067,0.0,0.175
2012-05-30 09:00:00,0.044,0.0,0.0,0.0,0.0,0.0,0.081,0.0,0.0,0.058,0.089,0.3,0.0,0.0,0.082,0.0,0.205
2012-05-30 10:00:00,0.044,0.0,0.0,0.0,0.0,0.0,0.066,0.0,0.0,0.043,0.082,0.323,0.0,0.0,0.097,0.0,0.228
2012-05-30 11:00:00,0.044,0.0,0.0,0.0,0.0,0.0,0.051,0.0,0.0,0.029,0.082,0.346,0.0,0.0,0.112,0.0,0.259
2012-05-30 12:00:00,0.044,0.0,0.0,0.0,0.0,0.0,0.029,0.0,0.0,0.014,0.074,0.376,0.0,0.0,0.127,0.0,0.289
2012-05-30 13:00:00,0.044,0.0,0.0,0.0,0.0,0.0,0.015,0.0,0.0,0.0,0.067,0.407,0.0,0.0,0.15,0.0,0.327
2012-05-30 14:00:00,0.052,0.0,0.0,0.0,0.0,0.0,0.0,0.0,0.0,0.0,0.067,0.446,0.0,0.0,0.165,0.0,0.373
2012-05-30 15:00:00,0.052,0.0,0.0,0.0,0.0,0.0,0.0,0.0,0.0,0.0,0.074,0.484,0.0,0.0,0.187,0.0,0.418
2012-05-30 16:00:00,0.059,0.0,0.0,0.0,0.0,0.0,0.0,0.0,0.0,0.0,0.089,0.522,0.0,0.0,0.21,0.0,0.456
2012-05-30 17:00:00,0.066,0.0,0.0,0.0,0.015,0.0,0.0,0.0,0.0,0.0,0.112,0.576,0.0,0.0,0.24,0.0,0.517
2012-05-30 18:00:00,0.081,0.0,0.015,0.0,0.044,0.0,0.0,0.022,0.0,0.0,0.141,0.622,0.0,0.0,0.277,0.0,0.563
2012-05-30 19:00:00,0.089,0.0,0.052,0.0,0.073,0.0,0.0,0.052,0.0,0.0,0.171,0.638,0.0,0.0,0.307,0.0,0.593
2012-05-30 20:00:00,0.096,0.0,0.089,0.0,0.102,0.0,0.0,0.088,0.0,0.0,0.201,0.607,0.0,0.0,0.329,0.015,0.586
2012-05-30 21:00:00,0.103,0.0,0.111,0.0,0.117,0.0,0.0,0.11,0.0,0.0,0.208,0.545,0.0,0.0,0.314,0.044,0.525
2012-05-30 22:00:00,0.096,0.0,0.119,0.0,0.117,0.0,0.0,0.118,0.0,0.0,0.201,0.492,0.0,0.0,0.299,0.059,0.456
2012-05-30 23:00:00,0.096,0.0,0.141,0.0,0.124,0.0,0.0,0.14,0.0,0.0,0.216,0.469,0.0,0.0,0.299,0.074,0.441
2012-05-31 00:00:00,0.111,0.0,0.171,0.007,0.146,0.015,0.0,0.162,0.0,0.0,0.245,0.492,0.0,0.0,0.329,0.096,0.487
2012-05-31 01:00:00,0.126,0.0,0.193,0.029,0.161,0.03,0.0,0.184,0.0,0.0,0.268,0.492,0.0,0.0,0.352,0.118,0.494
2012-05-31 02:00:00,0.148,0.007,0.23,0.058,0.182,0.052,0.0,0.214,0.0,0.0,0.305,0.515,0.0,0.0,0.382,0.147,0.517
2012-05-31 03:00:00,0.177,0.022,0.29,0.102,0.226,0.082,0.0,0.265,0.0,0.0,0.372,0.568,0.0,0.0,0.464,0.192,0.578
2012-05-31 04:00:00,0.229,0.044,0.394,0.168,0.299,0.133,0.0,0.354,0.0,0.0,0.491,0.676,0.0,0.0,0.576,0.258,0.685
2012-05-31 05:00:00,0.266,0.066,0.468,0.227,0.358,0.178,0.0,0.42,0.0,0.0,0.572,0.722,0.0,0.015,0.629,0.317,0.745
2012-05-31 06:00:00,0.273,0.08,0.475,0.256,0.372,0.2,0.0,0.427,0.0,0.007,0.572,0.699,0.0,0.037,0.614,0.332,0.73
2012-05-31 07:00:00,0.266,0.08,0.468,0.263,0.365,0.208,0.0,0.412,0.0,0.022,0.55,0.668,0.0,0.059,0.599,0.324,0.707
2012-05-31 08:00:00,0.266,0.095,0.446,0.285,0.365,0.215,0.0,0.412,0.0,0.029,0.528,0.638,0.0,0.074,0.584,0.324,0.677
2012-05-31 09:00:00,0.266,0.095,0.423,0.3,0.358,0.222,0.0,0.405,0.0,0.036,0.52,0.615,0.0,0.081,0.576,0.324,0.654
2012-05-31 10:00:00,0.258,0.102,0.408,0.314,0.343,0.23,0.0,0.398,0.0,0.043,0.513,0.584,0.0,0.088,0.561,0.317,0.631
2012-05-31 11:00:00,0.258,0.109,0.394,0.336,0.343,0.237,0.0,0.398,0.0,0.043,0.528,0.568,0.0,0.096,0.561,0.31,0.608
2012-05-31 12:00:00,0.258,0.117,0.379,0.358,0.336,0.245,0.0,0.398,0.0,0.051,0.543,0.553,0.0,0.103,0.561,0.302,0.578
2012-05-31 13:00:00,0.258,0.117,0.364,0.373,0.328,0.245,0.0,0.39,0.0,0.051,0.565,0.53,0.0,0.11,0.569,0.295,0.555
2012-05-31 14:00:00,0.258,0.124,0.356,0.395,0.321,0.252,0.0,0.398,0.0,0.058,0.595,0.515,0.0,0.125,0.584,0.295,0.548
2012-05-31 15:00:00,0.266,0.124,0.356,0.417,0.328,0.26,0.0,0.398,0.0,0.072,0.617,0.499,0.0,0.132,0.591,0.295,0.532
2012-05-31 16:00:00,0.273,0.131,0.349,0.439,0.321,0.26,0.0,0.405,0.0,0.08,0.654,0.492,0.0,0.14,0.606,0.302,0.54
2012-05-31 17:00:00,0.273,0.139,0.356,0.461,0.328,0.267,0.007,0.42,0.0,0.087,0.676,0.499,0.0,0.155,0.614,0.31,0.54
2012-05-31 18:00:00,0.281,0.139,0.356,0.475,0.336,0.274,0.007,0.427,0.0,0.101,0.684,0.515,0.007,0.162,0.621,0.317,0.555
2012-05-31 19:00:00,0.281,0.139,0.349,0.475,0.328,0.274,0.022,0.42,0.0,0.101,0.669,0.507,0.015,0.169,0.614,0.31,0.548
2012-05-31 20:00:00,0.273,0.139,0.334,0.446,0.314,0.267,0.029,0.39,0.0,0.101,0.624,0.476,0.022,0.162,0.576,0.295,0.517
2012-05-31 21:00:00,0.236,0.124,0.29,0.387,0.27,0.222,0.037,0.331,0.0,0.094,0.55,0.415,0.022,0.14,0.517,0.251,0.449
2012-05-31 22:00:00,0.199,0.109,0.238,0.329,0.226,0.185,0.029,0.273,0.0,0.087,0.491,0.353,0.022,0.125,0.457,0.206,0.38
2012-05-31 23:00:00,0.192,0.109,0.223,0.3,0.219,0.178,0.029,0.258,0.0,0.087,0.461,0.33,0.022,0.11,0.427,0.199,0.357
2012-06-01 00:00:00,0.192,0.131,0.223,0.3,0.226,0.178,0.037,0.25,0.0,0.087,0.483,0.338,0.029,0.125,0.434,0.199,0.365
2012-06-01 01:00:00,0.192,0.139,0.223,0.307,0.233,0.178,0.037,0.25,0.0,0.094,0.476,0.346,0.029,0.125,0.434,0.199,0.365
2012-06-01 02:00:00,0.207,0.153,0.23,0.314,0.241,0.185,0.044,0.25,0.015,0.109,0.498,0.361,0.037,0.132,0.449,0.206,0.38
2012-06-01 03:00:00,0.236,0.182,0.267,0.351,0.277,0.215,0.059,0.287,0.022,0.123,0.55,0.43,0.051,0.147,0.494,0.243,0.441
2012-06-01 04:00:00,0.295,0.226,0.334,0.431,0.336,0.267,0.088,0.354,0.059,0.159,0.654,0.538,0.073,0.184,0.576,0.302,0.54
2012-06-01 05:00:00,0.325,0.255,0.364,0.475,0.365,0.289,0.103,0.39,0.095,0.181,0.699,0.607,0.088,0.199,0.614,0.332,0.593
2012-06-01 06:00:00,0.318,0.255,0.349,0.446,0.343,0.282,0.103,0.376,0.117,0.174,0.676,0.599,0.088,0.184,0.636,0.31,0.578
2012-06-01 07:00:00,0.295,0.241,0.327,0.417,0.314,0.26,0.095,0.339,0.117,0.167,0.647,0.561,0.088,0.169,0.591,0.287,0.532
2012-06-01 08:00:00,0.281,0.234,0.312,0.387,0.285,0.252,0.095,0.317,0.125,0.152,0.617,0.538,0.095,0.155,0.554,0.265,0.502
2012-06-01 09:00:00,0.266,0.219,0.297,0.358,0.27,0.252,0.095,0.295,0.125,0.145,0.595,0.515,0.095,0.147,0.517,0.251,0.479
2012-06-01 10:00:00,0.258,0.212,0.282,0.336,0.248,0.245,0.095,0.28,0.132,0.145,0.572,0.499,0.095,0.147,0.487,0.229,0.456
2012-06-01 11:00:00,0.251,0.204,0.275,0.322,0.241,0.245,0.103,0.273,0.139,0.138,0.55,0.492,0.088,0.155,0.472,0.221,0.441
2012-06-01 12:00:00,0.244,0.19,0.267,0.307,0.226,0.237,0.11,0.265,0.132,0.138,0.528,0.484,0.081,0.162,0.457,0.206,0.434
2012-06-01 13:00:00,0.236,0.175,0.26,0.292,0.219,0.23,0.118,0.258,0.125,0.145,0.513,0.484,0.073,0.169,0.442,0.199,0.426
2012-06-01 14:00:00,0.229,0.161,0.26,0.285,0.212,0.222,0.118,0.25,0.117,0.145,0.505,0.492,0.059,0.169,0.442,0.192,0.426
2012-06-01 15:00:00,0.229,0.146,0.267,0.292,0.204,0.215,0.125,0.25,0.11,0.152,0.476,0.507,0.044,0.177,0.442,0.184,0.426
2012-06-01 16:00:00,0.229,0.131,0.275,0.292,0.197,0.208,0.132,0.25,0.088,0.159,0.461,0.522,0.037,0.177,0.449,0.177,0.426
2012-06-01 17:00:00,0.229,0.117,0.282,0.3,0.197,0.208,0.132,0.25,0.073,0.159,0.468,0.553,0.029,0.184,0.464,0.17,0.441
2012-06-01 18:00:00,0.229,0.117,0.304,0.3,0.197,0.208,0.132,0.258,0.073,0.152,0.476,0.584,0.022,0.191,0.487,0.17,0.456
2012-06-01 19:00:00,0.229,0.109,0.312,0.292,0.197,0.2,0.125,0.258,0.073,0.145,0.468,0.592,0.022,0.191,0.487,0.17,0.464
2012-06-01 20:00:00,0.222,0.109,0.312,0.278,0.197,0.193,0.125,0.25,0.066,0.13,0.446,0.576,0.022,0.184,0.464,0.162,0.449
2012-06-01 21:00:00,0.199,0.102,0.29,0.234,0.175,0.163,0.11,0.221,0.066,0.109,0.394,0.515,0.022,0.162,0.419,0.147,0.395
2012-06-01 22:00:00,0.17,0.088,0.26,0.19,0.153,0.148,0.095,0.184,0.059,0.094,0.335,0.446,0.022,0.14,0.367,0.133,0.342
2012-06-01 23:00:00,0.0,0.0,0.0,0.0,0.0,0.0,0.0,0.0,0.0,0.0,0.0,0.0,0.0,0.0,0.0,0.0,0.0
2012-06-02 00:00:00,0.0,0.0,0.0,0.0,0.0,0.0,0.0,0.0,0.0,0.0,0.0,0.0,0.0,0.0,0.0,0.0,0.0
2012-06-02 01:00:00,0.0,0.0,0.0,0.0,0.0,0.0,0.0,0.0,0.0,0.0,0.0,0.0,0.0,0.0,0.0,0.0,0.0
2012-06-02 02:00:00,0.0,0.0,0.0,0.0,0.0,0.0,0.0,0.0,0.0,0.0,0.0,0.0,0.0,0.0,0.0,0.0,0.0
2012-06-02 03:00:00,0.0,0.0,0.0,0.0,0.0,0.0,0.0,0.0,0.0,0.0,0.0,0.0,0.0,0.0,0.0,0.0,0.0
2012-06-02 04:00:00,0.0,0.0,0.0,0.0,0.0,0.0,0.0,0.0,0.0,0.0,0.0,0.0,0.0,0.0,0.0,0.0,0.0
2012-06-02 05:00:00,0.0,0.0,0.0,0.0,0.0,0.0,0.0,0.0,0.0,0.0,0.0,0.0,0.0,0.0,0.0,0.0,0.0
2012-06-02 06:00:00,0.0,0.0,0.0,0.0,0.0,0.0,0.0,0.0,0.0,0.0,0.0,0.0,0.0,0.0,0.0,0.0,0.0
2012-06-02 07:00:00,0.0,0.0,0.0,0.0,0.0,0.0,0.0,0.0,0.0,0.0,0.0,0.0,0.0,0.0,0.0,0.0,0.0
2012-06-02 08:00:00,0.0,0.0,0.0,0.0,0.0,0.0,0.0,0.0,0.0,0.0,0.0,0.0,0.0,0.0,0.0,0.0,0.0
2012-06-02 09:00:00,0.0,0.0,0.0,0.0,0.0,0.0,0.0,0.0,0.0,0.0,0.0,0.0,0.0,0.0,0.0,0.0,0.0
2012-06-02 10:00:00,0.0,0.0,0.0,0.0,0.0,0.0,0.0,0.0,0.0,0.0,0.0,0.0,0.0,0.0,0.0,0.0,0.0
2012-06-02 11:00:00,0.0,0.0,0.0,0.0,0.0,0.0,0.0,0.0,0.0,0.0,0.0,0.0,0.0,0.0,0.0,0.0,0.0
2012-06-02 12:00:00,0.0,0.0,0.0,0.0,0.0,0.0,0.0,0.0,0.0,0.0,0.0,0.0,0.0,0.0,0.0,0.0,0.0
2012-06-02 13:00:00,0.0,0.0,0.0,0.0,0.0,0.0,0.0,0.0,0.0,0.0,0.0,0.0,0.0,0.0,0.0,0.0,0.0
2012-06-02 14:00:00,0.0,0.0,0.0,0.0,0.0,0.0,0.0,0.0,0.0,0.0,0.0,0.0,0.0,0.0,0.0,0.0,0.0
2012-06-02 15:00:00,0.0,0.0,0.0,0.0,0.0,0.0,0.0,0.0,0.0,0.0,0.0,0.0,0.0,0.0,0.0,0.0,0.0
2012-06-02 16:00:00,0.0,0.0,0.0,0.0,0.0,0.0,0.0,0.0,0.0,0.0,0.0,0.0,0.0,0.0,0.0,0.0,0.0
2012-06-02 17:00:00,0.0,0.0,0.0,0.0,0.0,0.0,0.0,0.0,0.0,0.0,0.0,0.0,0.0,0.0,0.0,0.0,0.0
2012-06-02 18:00:00,0.0,0.0,0.0,0.0,0.0,0.0,0.0,0.0,0.0,0.0,0.0,0.0,0.0,0.0,0.0,0.0,0.0
2012-06-02 19:00:00,0.0,0.0,0.0,0.0,0.0,0.0,0.0,0.0,0.0,0.0,0.0,0.0,0.0,0.0,0.0,0.0,0.0
2012-06-02 20:00:00,0.0,0.0,0.0,0.0,0.0,0.0,0.0,0.0,0.0,0.0,0.0,0.0,0.0,0.0,0.0,0.0,0.0
2012-06-02 21:00:00,0.0,0.0,0.0,0.0,0.0,0.0,0.0,0.0,0.0,0.0,0.0,0.0,0.0,0.0,0.0,0.0,0.0
2012-06-02 22:00:00,0.0,0.0,0.0,0.0,0.0,0.0,0.0,0.0,0.0,0.0,0.0,0.0,0.0,0.0,0.0,0.0,0.0
2012-06-02 23:00:00,0.0,0.0,0.0,0.0,0.0,0.0,0.0,0.0,0.0,0.0,0.0,0.0,0.0,0.0,0.0,0.0,0.0
2012-06-03 00:00:00,0.0,0.0,0.0,0.0,0.0,0.0,0.0,0.0,0.0,0.0,0.0,0.0,0.0,0.0,0.0,0.0,0.0
2012-06-03 01:00:00,0.0,0.0,0.0,0.0,0.0,0.0,0.0,0.0,0.0,0.0,0.0,0.0,0.0,0.0,0.0,0.0,0.0
2012-06-03 02:00:00,0.0,0.0,0.0,0.0,0.0,0.0,0.0,0.0,0.0,0.0,0.0,0.0,0.0,0.0,0.0,0.0,0.0
2012-06-03 03:00:00,0.0,0.0,0.0,0.0,0.0,0.0,0.0,0.0,0.0,0.0,0.0,0.0,0.0,0.0,0.0,0.0,0.0
2012-06-03 04:00:00,0.0,0.0,0.0,0.0,0.0,0.0,0.0,0.0,0.0,0.0,0.0,0.0,0.0,0.0,0.0,0.0,0.0
2012-06-03 05:00:00,0.0,0.0,0.0,0.0,0.0,0.0,0.0,0.0,0.0,0.0,0.0,0.0,0.0,0.0,0.0,0.0,0.0
2012-06-03 06:00:00,0.0,0.0,0.0,0.0,0.0,0.0,0.0,0.0,0.0,0.0,0.0,0.0,0.0,0.0,0.0,0.0,0.0
2012-06-03 07:00:00,0.0,0.0,0.0,0.0,0.0,0.0,0.0,0.0,0.0,0.0,0.0,0.0,0.0,0.0,0.0,0.0,0.0
2012-06-03 08:00:00,0.0,0.0,0.0,0.0,0.0,0.0,0.0,0.0,0.0,0.0,0.0,0.0,0.0,0.0,0.0,0.0,0.0
2012-06-03 09:00:00,0.0,0.0,0.0,0.0,0.0,0.0,0.0,0.0,0.0,0.0,0.0,0.0,0.0,0.0,0.0,0.0,0.0
2012-06-03 10:00:00,0.0,0.0,0.0,0.0,0.0,0.0,0.0,0.0,0.0,0.0,0.0,0.0,0.0,0.0,0.0,0.0,0.0
2012-06-03 11:00:00,0.0,0.0,0.0,0.0,0.0,0.0,0.0,0.0,0.0,0.0,0.0,0.0,0.0,0.0,0.0,0.0,0.0
2012-06-03 12:00:00,0.0,0.0,0.0,0.0,0.0,0.0,0.0,0.0,0.0,0.0,0.0,0.0,0.0,0.0,0.0,0.0,0.0
2012-06-03 13:00:00,0.0,0.0,0.0,0.0,0.0,0.0,0.0,0.0,0.0,0.0,0.0,0.0,0.0,0.0,0.0,0.0,0.0
2012-06-03 14:00:00,0.0,0.0,0.0,0.0,0.0,0.0,0.0,0.0,0.0,0.0,0.0,0.0,0.0,0.0,0.0,0.0,0.0
2012-06-03 15:00:00,0.0,0.0,0.0,0.0,0.0,0.0,0.0,0.0,0.0,0.0,0.0,0.0,0.0,0.0,0.0,0.0,0.0
2012-06-03 16:00:00,0.0,0.0,0.0,0.0,0.0,0.0,0.0,0.0,0.0,0.0,0.0,0.0,0.0,0.0,0.0,0.0,0.0
2012-06-03 17:00:00,0.0,0.0,0.0,0.0,0.0,0.0,0.0,0.0,0.0,0.0,0.0,0.0,0.0,0.0,0.0,0.0,0.0
2012-06-03 18:00:00,0.0,0.0,0.0,0.0,0.0,0.0,0.0,0.0,0.0,0.0,0.0,0.0,0.0,0.0,0.0,0.0,0.0
2012-06-03 19:00:00,0.0,0.0,0.0,0.0,0.0,0.0,0.0,0.0,0.0,0.0,0.0,0.0,0.0,0.0,0.0,0.0,0.0
2012-06-03 20:00:00,0.0,0.0,0.0,0.0,0.0,0.0,0.0,0.0,0.0,0.0,0.0,0.0,0.0,0.0,0.0,0.0,0.0
2012-06-03 21:00:00,0.0,0.0,0.0,0.0,0.0,0.0,0.0,0.0,0.0,0.0,0.0,0.0,0.0,0.0,0.0,0.0,0.0
2012-06-03 22:00:00,0.0,0.0,0.0,0.0,0.0,0.0,0.0,0.0,0.0,0.0,0.0,0.0,0.0,0.0,0.0,0.0,0.0
2012-06-03 23:00:00,0.0,0.0,0.0,0.0,0.0,0.0,0.0,0.0,0.0,0.0,0.0,0.0,0.0,0.0,0.0,0.0,0.0
2012-06-04 00:00:00,0.0,0.0,0.0,0.0,0.0,0.0,0.0,0.0,0.0,0.0,0.0,0.0,0.0,0.0,0.0,0.0,0.0
2012-06-04 01:00:00,0.0,0.0,0.0,0.0,0.0,0.0,0.0,0.0,0.0,0.0,0.0,0.0,0.0,0.0,0.0,0.0,0.0
2012-06-04 02:00:00,0.0,0.0,0.0,0.0,0.0,0.0,0.0,0.0,0.0,0.0,0.0,0.0,0.0,0.0,0.0,0.0,0.0
2012-06-04 03:00:00,0.0,0.0,0.0,0.0,0.0,0.0,0.0,0.0,0.0,0.0,0.0,0.0,0.0,0.0,0.0,0.0,0.0
2012-06-04 04:00:00,0.0,0.0,0.0,0.0,0.0,0.0,0.0,0.0,0.0,0.0,0.0,0.0,0.0,0.0,0.0,0.0,0.0
2012-06-04 05:00:00,0.0,0.0,0.0,0.0,0.0,0.0,0.0,0.0,0.0,0.0,0.0,0.0,0.0,0.0,0.0,0.0,0.0
2012-06-04 06:00:00,0.0,0.0,0.0,0.0,0.0,0.0,0.0,0.0,0.0,0.0,0.0,0.0,0.0,0.0,0.0,0.0,0.0
2012-06-04 07:00:00,0.0,0.0,0.0,0.0,0.0,0.0,0.0,0.0,0.0,0.0,0.0,0.0,0.0,0.0,0.0,0.0,0.0
2012-06-04 08:00:00,0.0,0.0,0.0,0.0,0.0,0.0,0.0,0.0,0.0,0.0,0.0,0.0,0.0,0.0,0.0,0.0,0.0
2012-06-04 09:00:00,0.0,0.0,0.0,0.0,0.0,0.0,0.0,0.0,0.0,0.0,0.0,0.0,0.0,0.0,0.0,0.0,0.0
2012-06-04 10:00:00,0.0,0.0,0.0,0.0,0.0,0.0,0.0,0.0,0.0,0.0,0.0,0.0,0.0,0.0,0.0,0.0,0.0
2012-06-04 11:00:00,0.0,0.0,0.0,0.0,0.0,0.0,0.0,0.0,0.0,0.0,0.0,0.0,0.0,0.0,0.0,0.0,0.0
2012-06-04 12:00:00,0.0,0.0,0.0,0.0,0.0,0.0,0.0,0.0,0.0,0.0,0.0,0.0,0.0,0.0,0.0,0.0,0.0
2012-06-04 13:00:00,0.0,0.0,0.0,0.0,0.0,0.0,0.0,0.0,0.0,0.0,0.0,0.0,0.0,0.0,0.0,0.0,0.0
2012-06-04 14:00:00,0.0,0.0,0.0,0.0,0.0,0.0,0.0,0.0,0.0,0.0,0.0,0.0,0.0,0.0,0.0,0.0,0.0
2012-06-04 15:00:00,0.0,0.0,0.0,0.0,0.0,0.0,0.0,0.0,0.0,0.0,0.0,0.0,0.0,0.0,0.0,0.0,0.0
2012-06-04 16:00:00,0.0,0.0,0.0,0.0,0.0,0.0,0.0,0.0,0.0,0.0,0.0,0.0,0.0,0.0,0.0,0.0,0.0
2012-06-04 17:00:00,0.0,0.0,0.0,0.0,0.0,0.0,0.0,0.0,0.0,0.0,0.0,0.0,0.0,0.0,0.0,0.0,0.0
2012-06-04 18:00:00,0.0,0.0,0.0,0.0,0.0,0.0,0.0,0.0,0.0,0.0,0.0,0.0,0.0,0.0,0.0,0.0,0.0
2012-06-04 19:00:00,0.0,0.0,0.0,0.0,0.0,0.0,0.0,0.0,0.0,0.0,0.0,0.0,0.0,0.0,0.0,0.0,0.0
2012-06-04 20:00:00,0.0,0.0,0.0,0.0,0.0,0.0,0.0,0.0,0.0,0.0,0.0,0.0,0.0,0.0,0.0,0.0,0.0
2012-06-04 21:00:00,0.0,0.0,0.0,0.0,0.0,0.0,0.0,0.0,0.0,0.0,0.0,0.0,0.0,0.0,0.0,0.0,0.0
2012-06-04 22:00:00,0.0,0.0,0.0,0.0,0.0,0.0,0.0,0.0,0.0,0.0,0.0,0.0,0.0,0.0,0.0,0.0,0.0
2012-06-04 23:00:00,0.0,0.0,0.0,0.0,0.0,0.0,0.0,0.0,0.0,0.0,0.0,0.0,0.0,0.0,0.0,0.0,0.0
2012-06-05 00:00:00,0.0,0.0,0.0,0.0,0.0,0.0,0.0,0.0,0.0,0.0,0.0,0.0,0.0,0.0,0.0,0.0,0.0
2012-06-05 01:00:00,0.0,0.0,0.0,0.0,0.0,0.0,0.0,0.0,0.0,0.0,0.0,0.0,0.0,0.0,0.0,0.0,0.0
2012-06-05 02:00:00,0.0,0.0,0.0,0.0,0.0,0.0,0.0,0.0,0.0,0.0,0.0,0.0,0.0,0.0,0.0,0.0,0.0
2012-06-05 03:00:00,0.0,0.0,0.0,0.0,0.0,0.0,0.0,0.0,0.0,0.0,0.0,0.0,0.0,0.0,0.0,0.0,0.0
2012-06-05 04:00:00,0.0,0.0,0.0,0.0,0.0,0.0,0.0,0.0,0.0,0.0,0.0,0.0,0.0,0.0,0.0,0.0,0.0
2012-06-05 05:00:00,0.0,0.0,0.0,0.0,0.0,0.0,0.0,0.0,0.0,0.0,0.0,0.0,0.0,0.0,0.0,0.0,0.0
2012-06-05 06:00:00,0.0,0.0,0.0,0.0,0.0,0.0,0.0,0.0,0.0,0.0,0.0,0.0,0.0,0.0,0.0,0.0,0.0
2012-06-05 07:00:00,0.0,0.0,0.0,0.0,0.0,0.0,0.0,0.0,0.0,0.0,0.0,0.0,0.0,0.0,0.0,0.0,0.0
2012-06-05 08:00:00,0.0,0.0,0.0,0.0,0.0,0.0,0.0,0.0,0.0,0.0,0.0,0.0,0.0,0.0,0.0,0.0,0.0
2012-06-05 09:00:00,0.0,0.0,0.0,0.0,0.0,0.0,0.0,0.0,0.0,0.0,0.0,0.0,0.0,0.0,0.0,0.0,0.0
2012-06-05 10:00:00,0.0,0.0,0.0,0.0,0.0,0.0,0.0,0.0,0.0,0.0,0.0,0.0,0.0,0.0,0.0,0.0,0.0
2012-06-05 11:00:00,0.0,0.0,0.0,0.0,0.0,0.0,0.0,0.0,0.0,0.0,0.0,0.0,0.0,0.0,0.0,0.0,0.0
2012-06-05 12:00:00,0.0,0.0,0.0,0.0,0.0,0.0,0.0,0.0,0.0,0.0,0.0,0.0,0.0,0.0,0.0,0.0,0.0
2012-06-05 13:00:00,0.0,0.0,0.0,0.0,0.0,0.0,0.0,0.0,0.0,0.0,0.0,0.0,0.0,0.0,0.0,0.0,0.0
2012-06-05 14:00:00,0.0,0.0,0.0,0.0,0.0,0.0,0.0,0.0,0.0,0.0,0.0,0.0,0.0,0.0,0.0,0.0,0.0
2012-06-05 15:00:00,0.0,0.0,0.0,0.0,0.0,0.0,0.0,0.0,0.0,0.0,0.0,0.0,0.0,0.0,0.0,0.0,0.0
2012-06-05 16:00:00,0.0,0.0,0.0,0.0,0.0,0.0,0.0,0.0,0.0,0.0,0.0,0.0,0.0,0.0,0.0,0.0,0.0
2012-06-05 17:00:00,0.0,0.0,0.0,0.0,0.0,0.0,0.0,0.0,0.0,0.0,0.0,0.0,0.0,0.0,0.0,0.0,0.0
2012-06-05 18:00:00,0.0,0.0,0.0,0.0,0.0,0.0,0.0,0.0,0.0,0.0,0.0,0.0,0.0,0.0,0.0,0.0,0.0
2012-06-05 19:00:00,0.0,0.0,0.0,0.0,0.0,0.0,0.0,0.0,0.0,0.0,0.0,0.0,0.0,0.0,0.0,0.0,0.0
2012-06-05 20:00:00,0.0,0.0,0.0,0.0,0.0,0.0,0.0,0.0,0.0,0.0,0.0,0.0,0.0,0.0,0.0,0.0,0.0
2012-06-05 21:00:00,0.0,0.0,0.0,0.0,0.0,0.0,0.0,0.0,0.0,0.0,0.0,0.0,0.0,0.0,0.0,0.0,0.0
2012-06-05 22:00:00,0.0,0.0,0.0,0.0,0.0,0.0,0.0,0.0,0.0,0.0,0.0,0.0,0.0,0.0,0.0,0.0,0.0
2012-06-05 23:00:00,0.0,0.0,0.0,0.0,0.0,0.0,0.0,0.0,0.0,0.0,0.0,0.0,0.0,0.0,0.0,0.0,0.0
2012-06-06 00:00:00,0.0,0.0,0.0,0.0,0.0,0.0,0.0,0.0,0.0,0.0,0.0,0.0,0.0,0.0,0.0,0.0,0.0
2012-06-06 01:00:00,0.0,0.0,0.0,0.0,0.0,0.0,0.0,0.0,0.0,0.0,0.0,0.0,0.0,0.0,0.0,0.0,0.0
2012-06-06 02:00:00,0.0,0.0,0.0,0.0,0.0,0.0,0.0,0.0,0.0,0.0,0.0,0.0,0.0,0.0,0.0,0.0,0.0
2012-06-06 03:00:00,0.0,0.0,0.0,0.0,0.0,0.0,0.0,0.0,0.0,0.0,0.0,0.0,0.0,0.0,0.0,0.0,0.0
2012-06-06 04:00:00,0.0,0.0,0.0,0.0,0.0,0.0,0.0,0.0,0.0,0.0,0.0,0.0,0.0,0.0,0.0,0.0,0.0
2012-06-06 05:00:00,0.0,0.0,0.0,0.0,0.0,0.0,0.0,0.0,0.0,0.0,0.0,0.0,0.0,0.0,0.0,0.0,0.0
2012-06-06 06:00:00,0.0,0.0,0.0,0.0,0.0,0.0,0.0,0.0,0.0,0.0,0.0,0.0,0.0,0.0,0.0,0.0,0.0
2012-06-06 07:00:00,0.0,0.0,0.0,0.0,0.0,0.0,0.0,0.0,0.0,0.0,0.0,0.0,0.0,0.0,0.0,0.0,0.0
2012-06-06 08:00:00,0.0,0.0,0.0,0.0,0.0,0.0,0.0,0.0,0.0,0.0,0.0,0.0,0.0,0.0,0.0,0.0,0.0
2012-06-06 09:00:00,0.0,0.0,0.0,0.0,0.0,0.0,0.0,0.0,0.0,0.0,0.0,0.0,0.0,0.0,0.0,0.0,0.0
2012-06-06 10:00:00,0.0,0.0,0.0,0.0,0.0,0.0,0.0,0.0,0.0,0.0,0.0,0.0,0.0,0.0,0.0,0.0,0.0
2012-06-06 11:00:00,0.0,0.0,0.0,0.0,0.0,0.0,0.0,0.0,0.0,0.0,0.0,0.0,0.0,0.0,0.0,0.0,0.0
2012-06-06 12:00:00,0.0,0.0,0.0,0.0,0.0,0.0,0.0,0.0,0.0,0.0,0.0,0.0,0.0,0.0,0.0,0.0,0.0
2012-06-06 13:00:00,0.0,0.0,0.0,0.0,0.0,0.0,0.0,0.0,0.0,0.0,0.0,0.0,0.0,0.0,0.0,0.0,0.0
2012-06-06 14:00:00,0.0,0.0,0.0,0.0,0.0,0.0,0.0,0.0,0.0,0.0,0.0,0.0,0.0,0.0,0.0,0.0,0.0
2012-06-06 15:00:00,0.0,0.0,0.0,0.0,0.0,0.0,0.0,0.0,0.0,0.0,0.0,0.0,0.0,0.0,0.0,0.0,0.0
2012-06-06 16:00:00,0.0,0.0,0.0,0.0,0.0,0.0,0.0,0.0,0.0,0.0,0.0,0.0,0.0,0.0,0.0,0.0,0.0
2012-06-06 17:00:00,0.0,0.0,0.0,0.0,0.0,0.0,0.0,0.0,0.0,0.0,0.0,0.0,0.0,0.0,0.0,0.0,0.0
2012-06-06 18:00:00,0.0,0.0,0.0,0.0,0.0,0.0,0.0,0.0,0.0,0.0,0.0,0.0,0.0,0.0,0.0,0.0,0.0
2012-06-06 19:00:00,0.0,0.0,0.0,0.0,0.0,0.0,0.0,0.0,0.0,0.0,0.0,0.0,0.0,0.0,0.0,0.0,0.0
2012-06-06 20:00:00,0.0,0.0,0.0,0.0,0.0,0.0,0.0,0.0,0.0,0.0,0.0,0.0,0.0,0.0,0.0,0.0,0.0
2012-06-06 21:00:00,0.0,0.0,0.0,0.0,0.0,0.0,0.0,0.0,0.0,0.0,0.0,0.0,0.0,0.0,0.0,0.0,0.0
2012-06-06 22:00:00,0.0,0.0,0.0,0.0,0.0,0.0,0.0,0.0,0.0,0.0,0.0,0.0,0.0,0.0,0.0,0.0,0.0
2012-06-06 23:00:00,0.0,0.0,0.0,0.0,0.0,0.0,0.0,0.0,0.0,0.0,0.0,0.0,0.0,0.0,0.0,0.0,0.0
2012-07-31 00:00:00,0.0,0.0,0.0,0.0,0.0,0.0,0.0,0.0,0.0,0.0,0.0,0.0,0.0,0.0,0.0,0.0,0.0
2012-07-31 01:00:00,0.0,0.0,0.0,0.0,0.0,0.0,0.0,0.0,0.0,0.0,0.0,0.0,0.0,0.0,0.0,0.0,0.0
2012-07-31 02:00:00,0.0,0.0,0.0,0.0,0.0,0.0,0.0,0.0,0.0,0.0,0.0,0.0,0.0,0.0,0.0,0.0,0.0
2012-07-31 03:00:00,0.0,0.0,0.0,0.0,0.0,0.0,0.0,0.0,0.0,0.0,0.0,0.0,0.0,0.0,0.0,0.0,0.0
2012-07-31 04:00:00,0.0,0.0,0.0,0.0,0.0,0.0,0.0,0.0,0.0,0.0,0.0,0.0,0.0,0.0,0.0,0.0,0.0
2012-07-31 05:00:00,0.0,0.0,0.0,0.0,0.0,0.0,0.0,0.0,0.0,0.0,0.0,0.0,0.0,0.0,0.0,0.0,0.0
2012-07-31 06:00:00,0.0,0.0,0.0,0.0,0.0,0.0,0.0,0.0,0.0,0.0,0.0,0.0,0.0,0.0,0.0,0.0,0.0
2012-07-31 07:00:00,0.0,0.0,0.0,0.0,0.0,0.0,0.0,0.0,0.0,0.0,0.0,0.0,0.0,0.0,0.0,0.0,0.0
2012-07-31 08:00:00,0.0,0.0,0.0,0.0,0.0,0.0,0.0,0.0,0.0,0.0,0.0,0.0,0.0,0.0,0.0,0.0,0.0
2012-07-31 09:00:00,0.0,0.0,0.0,0.0,0.0,0.0,0.0,0.0,0.0,0.0,0.0,0.0,0.0,0.0,0.0,0.0,0.0
2012-07-31 10:00:00,0.0,0.0,0.0,0.0,0.0,0.0,0.0,0.0,0.0,0.0,0.0,0.0,0.0,0.0,0.0,0.0,0.0
2012-07-31 11:00:00,0.0,0.0,0.0,0.0,0.0,0.0,0.0,0.0,0.0,0.0,0.0,0.0,0.0,0.0,0.0,0.0,0.0
2012-07-31 12:00:00,0.0,0.0,0.0,0.0,0.0,0.0,0.0,0.0,0.0,0.0,0.0,0.0,0.0,0.0,0.0,0.0,0.0
2012-07-31 13:00:00,0.0,0.0,0.0,0.0,0.0,0.0,0.0,0.0,0.0,0.0,0.0,0.0,0.0,0.0,0.0,0.0,0.0
2012-07-31 14:00:00,0.0,0.0,0.0,0.0,0.0,0.0,0.0,0.0,0.0,0.0,0.0,0.0,0.0,0.0,0.0,0.0,0.0
2012-07-31 15:00:00,0.0,0.0,0.0,0.0,0.0,0.0,0.0,0.0,0.0,0.0,0.0,0.0,0.0,0.0,0.0,0.0,0.0
2012-07-31 16:00:00,0.0,0.0,0.0,0.0,0.0,0.0,0.0,0.0,0.0,0.0,0.0,0.0,0.0,0.0,0.0,0.0,0.0
2012-07-31 17:00:00,0.0,0.0,0.0,0.0,0.0,0.0,0.0,0.0,0.0,0.0,0.0,0.0,0.0,0.0,0.0,0.0,0.0
2012-07-31 18:00:00,0.0,0.0,0.0,0.0,0.0,0.0,0.0,0.0,0.0,0.0,0.0,0.0,0.0,0.0,0.0,0.0,0.0
2012-07-31 19:00:00,0.0,0.0,0.0,0.0,0.0,0.0,0.0,0.0,0.0,0.0,0.0,0.0,0.0,0.0,0.0,0.0,0.0
2012-07-31 20:00:00,0.0,0.0,0.0,0.0,0.0,0.0,0.0,0.0,0.0,0.0,0.0,0.0,0.0,0.0,0.0,0.0,0.0
2012-07-31 21:00:00,0.0,0.0,0.0,0.0,0.0,0.0,0.0,0.0,0.0,0.0,0.0,0.0,0.0,0.0,0.0,0.0,0.0
2012-07-31 22:00:00,0.0,0.0,0.0,0.0,0.0,0.0,0.0,0.0,0.0,0.0,0.0,0.0,0.0,0.0,0.0,0.0,0.0
2012-07-31 23:00:00,0.0,0.0,0.0,0.0,0.0,0.0,0.0,0.0,0.0,0.0,0.0,0.0,0.0,0.0,0.0,0.0,0.0
2012-08-01 00:00:00,0.0,0.0,0.0,0.0,0.0,0.0,0.0,0.0,0.0,0.0,0.0,0.0,0.0,0.0,0.0,0.0,0.0
2012-08-01 01:00:00,0.0,0.0,0.0,0.0,0.0,0.0,0.0,0.0,0.0,0.0,0.0,0.0,0.0,0.0,0.0,0.0,0.0
2012-08-01 02:00:00,0.0,0.0,0.0,0.0,0.0,0.0,0.0,0.0,0.0,0.0,0.0,0.0,0.0,0.0,0.0,0.0,0.0
2012-08-01 03:00:00,0.0,0.0,0.0,0.0,0.0,0.0,0.0,0.0,0.0,0.0,0.0,0.0,0.0,0.0,0.0,0.0,0.0
2012-08-01 04:00:00,0.0,0.0,0.0,0.0,0.0,0.0,0.0,0.0,0.0,0.0,0.0,0.0,0.0,0.0,0.0,0.0,0.0
2012-08-01 05:00:00,0.0,0.0,0.0,0.0,0.0,0.0,0.0,0.0,0.0,0.0,0.0,0.0,0.0,0.0,0.0,0.0,0.0
2012-08-01 06:00:00,0.0,0.0,0.0,0.0,0.0,0.0,0.0,0.0,0.0,0.0,0.0,0.0,0.0,0.0,0.0,0.0,0.0
2012-08-01 07:00:00,0.0,0.0,0.0,0.0,0.0,0.0,0.0,0.0,0.0,0.0,0.0,0.0,0.0,0.0,0.0,0.0,0.0
2012-08-01 08:00:00,0.0,0.0,0.0,0.0,0.0,0.0,0.0,0.0,0.0,0.0,0.0,0.0,0.0,0.0,0.0,0.0,0.0
2012-08-01 09:00:00,0.0,0.0,0.0,0.0,0.0,0.0,0.0,0.0,0.0,0.0,0.0,0.0,0.0,0.0,0.0,0.0,0.0
2012-08-01 10:00:00,0.0,0.0,0.0,0.0,0.0,0.0,0.0,0.0,0.0,0.0,0.0,0.0,0.0,0.0,0.0,0.0,0.0
2012-08-01 11:00:00,0.0,0.0,0.0,0.0,0.0,0.0,0.0,0.0,0.0,0.0,0.0,0.0,0.0,0.0,0.0,0.0,0.0
2012-08-01 12:00:00,0.0,0.0,0.0,0.0,0.0,0.0,0.0,0.0,0.0,0.0,0.0,0.0,0.0,0.0,0.0,0.0,0.0
2012-08-01 13:00:00,0.0,0.0,0.0,0.0,0.0,0.0,0.0,0.0,0.0,0.0,0.0,0.0,0.0,0.0,0.0,0.0,0.0
2012-08-01 14:00:00,0.0,0.0,0.0,0.0,0.0,0.0,0.0,0.0,0.0,0.0,0.0,0.0,0.0,0.0,0.0,0.0,0.0
2012-08-01 15:00:00,0.0,0.0,0.0,0.0,0.0,0.0,0.0,0.0,0.0,0.0,0.0,0.0,0.0,0.0,0.0,0.0,0.0
2012-08-01 16:00:00,0.0,0.0,0.0,0.0,0.0,0.0,0.0,0.0,0.0,0.0,0.0,0.0,0.0,0.0,0.0,0.0,0.0
2012-08-01 17:00:00,0.0,0.0,0.0,0.0,0.0,0.0,0.0,0.0,0.0,0.0,0.0,0.0,0.0,0.0,0.0,0.0,0.0
2012-08-01 18:00:00,0.0,0.0,0.0,0.0,0.0,0.0,0.0,0.0,0.0,0.0,0.0,0.0,0.0,0.0,0.0,0.0,0.0
2012-08-01 19:00:00,0.0,0.0,0.0,0.0,0.0,0.0,0.0,0.0,0.0,0.0,0.0,0.0,0.0,0.0,0.0,0.0,0.0
2012-08-01 20:00:00,0.0,0.0,0.0,0.0,0.0,0.0,0.0,0.0,0.0,0.0,0.0,0.0,0.0,0.0,0.0,0.0,0.0
2012-08-01 21:00:00,0.0,0.0,0.0,0.0,0.0,0.0,0.0,0.0,0.0,0.0,0.0,0.0,0.0,0.0,0.0,0.0,0.0
2012-08-01 22:00:00,0.0,0.0,0.0,0.0,0.0,0.0,0.0,0.0,0.0,0.0,0.0,0.0,0.0,0.0,0.0,0.0,0.0
2012-08-01 23:00:00,0.0,0.0,0.0,0.0,0.0,0.0,0.0,0.0,0.0,0.0,0.0,0.0,0.0,0.0,0.0,0.0,0.0
2012-08-02 00:00:00,0.0,0.0,0.0,0.0,0.0,0.0,0.0,0.0,0.0,0.0,0.0,0.0,0.0,0.0,0.0,0.0,0.0
2012-08-02 01:00:00,0.0,0.0,0.0,0.0,0.0,0.0,0.0,0.0,0.0,0.0,0.0,0.0,0.0,0.0,0.0,0.0,0.0
2012-08-02 02:00:00,0.0,0.0,0.0,0.0,0.0,0.0,0.0,0.0,0.0,0.0,0.0,0.0,0.0,0.0,0.0,0.0,0.0
2012-08-02 03:00:00,0.0,0.0,0.0,0.0,0.0,0.0,0.0,0.0,0.0,0.0,0.0,0.0,0.0,0.0,0.0,0.0,0.0
2012-08-02 04:00:00,0.0,0.0,0.0,0.0,0.0,0.0,0.0,0.0,0.0,0.0,0.0,0.0,0.0,0.0,0.0,0.0,0.0
2012-08-02 05:00:00,0.0,0.0,0.0,0.0,0.0,0.0,0.0,0.0,0.0,0.0,0.0,0.0,0.0,0.0,0.0,0.0,0.0
2012-08-02 06:00:00,0.0,0.0,0.0,0.0,0.0,0.0,0.0,0.0,0.0,0.0,0.0,0.0,0.0,0.0,0.0,0.0,0.0
2012-08-02 07:00:00,0.0,0.0,0.0,0.0,0.0,0.0,0.0,0.0,0.0,0.0,0.0,0.0,0.0,0.0,0.0,0.0,0.0
2012-08-02 08:00:00,0.0,0.0,0.0,0.0,0.0,0.0,0.0,0.0,0.0,0.0,0.0,0.0,0.0,0.0,0.0,0.0,0.0
2012-08-02 09:00:00,0.0,0.0,0.0,0.0,0.0,0.0,0.0,0.0,0.0,0.0,0.0,0.0,0.0,0.0,0.0,0.0,0.0
2012-08-02 10:00:00,0.0,0.0,0.0,0.0,0.0,0.0,0.0,0.0,0.0,0.0,0.0,0.0,0.0,0.0,0.0,0.0,0.0
2012-08-02 11:00:00,0.0,0.0,0.0,0.0,0.0,0.0,0.0,0.0,0.0,0.0,0.0,0.0,0.0,0.0,0.0,0.0,0.0
2012-08-02 12:00:00,0.0,0.0,0.0,0.0,0.0,0.0,0.0,0.0,0.0,0.0,0.0,0.0,0.0,0.0,0.0,0.0,0.0
2012-08-02 13:00:00,0.0,0.0,0.0,0.0,0.0,0.0,0.0,0.0,0.0,0.0,0.0,0.0,0.0,0.0,0.0,0.0,0.0
2012-08-02 14:00:00,0.0,0.0,0.0,0.0,0.0,0.0,0.0,0.0,0.0,0.0,0.0,0.0,0.0,0.0,0.0,0.0,0.0
2012-08-02 15:00:00,0.0,0.0,0.0,0.0,0.0,0.0,0.0,0.0,0.0,0.0,0.0,0.0,0.0,0.0,0.0,0.0,0.0
2012-08-02 16:00:00,0.0,0.0,0.0,0.0,0.0,0.0,0.0,0.0,0.0,0.0,0.0,0.0,0.0,0.0,0.0,0.0,0.0
2012-08-02 17:00:00,0.0,0.0,0.0,0.0,0.0,0.0,0.0,0.0,0.0,0.0,0.0,0.0,0.0,0.0,0.0,0.0,0.0
2012-08-02 18:00:00,0.0,0.0,0.0,0.0,0.0,0.0,0.0,0.0,0.0,0.0,0.0,0.0,0.0,0.0,0.0,0.0,0.0
2012-08-02 19:00:00,0.0,0.0,0.0,0.0,0.0,0.0,0.0,0.0,0.0,0.0,0.0,0.0,0.0,0.0,0.0,0.0,0.0
2012-08-02 20:00:00,0.0,0.0,0.0,0.0,0.0,0.0,0.0,0.0,0.0,0.0,0.0,0.0,0.0,0.0,0.0,0.0,0.0
2012-08-02 21:00:00,0.0,0.0,0.0,0.0,0.0,0.0,0.0,0.0,0.0,0.0,0.0,0.0,0.0,0.0,0.0,0.0,0.0
2012-08-02 22:00:00,0.0,0.0,0.0,0.0,0.0,0.0,0.0,0.0,0.0,0.0,0.0,0.0,0.0,0.0,0.0,0.0,0.0
2012-08-02 23:00:00,0.0,0.0,0.0,0.0,0.0,0.0,0.0,0.0,0.0,0.0,0.0,0.0,0.0,0.0,0.0,0.0,0.0
2012-08-03 00:00:00,0.0,0.0,0.0,0.0,0.0,0.0,0.0,0.0,0.0,0.0,0.0,0.0,0.0,0.0,0.0,0.0,0.0
2012-08-03 01:00:00,0.0,0.0,0.0,0.0,0.0,0.0,0.0,0.0,0.0,0.0,0.0,0.0,0.0,0.0,0.0,0.0,0.0
2012-08-03 02:00:00,0.0,0.0,0.0,0.0,0.0,0.0,0.0,0.0,0.0,0.0,0.0,0.0,0.0,0.0,0.0,0.0,0.0
2012-08-03 03:00:00,0.0,0.0,0.0,0.0,0.0,0.0,0.0,0.0,0.0,0.0,0.0,0.0,0.0,0.0,0.0,0.0,0.0
2012-08-03 04:00:00,0.0,0.0,0.0,0.0,0.0,0.0,0.0,0.0,0.0,0.0,0.0,0.0,0.0,0.0,0.0,0.0,0.0
2012-08-03 05:00:00,0.0,0.0,0.0,0.0,0.0,0.0,0.0,0.0,0.0,0.0,0.0,0.0,0.0,0.0,0.0,0.0,0.0
2012-08-03 06:00:00,0.0,0.0,0.0,0.0,0.0,0.0,0.0,0.0,0.0,0.0,0.0,0.0,0.0,0.0,0.0,0.0,0.0
2012-08-03 07:00:00,0.0,0.0,0.0,0.0,0.0,0.0,0.0,0.0,0.0,0.0,0.0,0.0,0.0,0.0,0.0,0.0,0.0
2012-08-03 08:00:00,0.0,0.0,0.0,0.0,0.0,0.0,0.0,0.0,0.0,0.0,0.0,0.0,0.0,0.0,0.0,0.0,0.0
2012-08-03 09:00:00,0.0,0.0,0.0,0.0,0.0,0.0,0.0,0.0,0.0,0.0,0.0,0.0,0.0,0.0,0.0,0.0,0.0
2012-08-03 10:00:00,0.0,0.0,0.0,0.0,0.0,0.0,0.0,0.0,0.0,0.0,0.0,0.0,0.0,0.0,0.0,0.0,0.0
2012-08-03 11:00:00,0.0,0.0,0.0,0.0,0.0,0.0,0.0,0.0,0.0,0.0,0.0,0.0,0.0,0.0,0.0,0.0,0.0
2012-08-03 12:00:00,0.0,0.0,0.0,0.0,0.0,0.0,0.0,0.0,0.0,0.0,0.0,0.0,0.0,0.0,0.0,0.0,0.0
2012-08-03 13:00:00,0.0,0.0,0.0,0.0,0.0,0.0,0.0,0.0,0.0,0.0,0.0,0.0,0.0,0.0,0.0,0.0,0.0
2012-08-03 14:00:00,0.0,0.0,0.0,0.0,0.0,0.0,0.0,0.0,0.0,0.0,0.0,0.0,0.0,0.0,0.0,0.0,0.0
2012-08-03 15:00:00,0.0,0.0,0.0,0.0,0.0,0.0,0.0,0.0,0.0,0.0,0.0,0.0,0.0,0.0,0.0,0.0,0.0
2012-08-03 16:00:00,0.0,0.0,0.0,0.0,0.0,0.0,0.0,0.0,0.0,0.0,0.0,0.0,0.0,0.0,0.0,0.0,0.0
2012-08-03 17:00:00,0.0,0.0,0.0,0.0,0.0,0.0,0.0,0.0,0.0,0.0,0.0,0.0,0.0,0.0,0.0,0.0,0.0
2012-08-03 18:00:00,0.0,0.0,0.0,0.0,0.0,0.0,0.0,0.0,0.0,0.0,0.0,0.0,0.0,0.0,0.0,0.0,0.0
2012-08-03 19:00:00,0.0,0.0,0.0,0.0,0.0,0.0,0.0,0.0,0.0,0.0,0.0,0.0,0.0,0.0,0.0,0.0,0.0
2012-08-03 20:00:00,0.0,0.0,0.0,0.0,0.0,0.0,0.0,0.0,0.0,0.0,0.0,0.0,0.0,0.0,0.0,0.0,0.0
2012-08-03 21:00:00,0.0,0.0,0.0,0.0,0.0,0.0,0.0,0.0,0.0,0.0,0.0,0.0,0.0,0.0,0.0,0.0,0.0
2012-08-03 22:00:00,0.0,0.0,0.0,0.0,0.0,0.0,0.0,0.0,0.0,0.0,0.0,0.0,0.0,0.0,0.0,0.0,0.0
2012-08-03 23:00:00,0.0,0.0,0.0,0.0,0.0,0.0,0.0,0.0,0.0,0.0,0.0,0.0,0.0,0.0,0.0,0.0,0.0
2012-08-04 00:00:00,0.0,0.0,0.0,0.0,0.0,0.0,0.0,0.0,0.0,0.0,0.0,0.0,0.0,0.0,0.0,0.0,0.0
2012-08-04 01:00:00,0.0,0.0,0.0,0.0,0.0,0.0,0.0,0.0,0.0,0.0,0.0,0.0,0.0,0.0,0.0,0.0,0.0
2012-08-04 02:00:00,0.0,0.0,0.0,0.0,0.0,0.0,0.0,0.0,0.0,0.0,0.0,0.0,0.0,0.0,0.0,0.0,0.0
2012-08-04 03:00:00,0.0,0.0,0.0,0.0,0.0,0.0,0.0,0.0,0.0,0.0,0.0,0.0,0.0,0.0,0.0,0.0,0.0
2012-08-04 04:00:00,0.0,0.0,0.0,0.0,0.0,0.0,0.0,0.0,0.0,0.0,0.0,0.0,0.0,0.0,0.0,0.0,0.0
2012-08-04 05:00:00,0.0,0.0,0.0,0.0,0.0,0.0,0.0,0.0,0.0,0.0,0.0,0.0,0.0,0.0,0.0,0.0,0.0
2012-08-04 06:00:00,0.0,0.0,0.0,0.0,0.0,0.0,0.0,0.0,0.0,0.0,0.0,0.0,0.0,0.0,0.0,0.0,0.0
2012-08-04 07:00:00,0.0,0.0,0.0,0.0,0.0,0.0,0.0,0.0,0.0,0.0,0.0,0.0,0.0,0.0,0.0,0.0,0.0
2012-08-04 08:00:00,0.0,0.0,0.0,0.0,0.0,0.0,0.0,0.0,0.0,0.0,0.0,0.0,0.0,0.0,0.0,0.0,0.0
2012-08-04 09:00:00,0.0,0.0,0.0,0.0,0.0,0.0,0.0,0.0,0.0,0.0,0.0,0.0,0.0,0.0,0.0,0.0,0.0
2012-08-04 10:00:00,0.0,0.0,0.0,0.0,0.0,0.0,0.0,0.0,0.0,0.0,0.0,0.0,0.0,0.0,0.0,0.0,0.0
2012-08-04 11:00:00,0.0,0.0,0.0,0.0,0.0,0.0,0.0,0.0,0.0,0.0,0.0,0.0,0.0,0.0,0.0,0.0,0.0
2012-08-04 12:00:00,0.0,0.0,0.0,0.0,0.0,0.0,0.0,0.0,0.0,0.0,0.0,0.0,0.0,0.0,0.0,0.0,0.0
2012-08-04 13:00:00,0.0,0.0,0.0,0.0,0.0,0.0,0.0,0.0,0.0,0.0,0.0,0.0,0.0,0.0,0.0,0.0,0.0
2012-08-04 14:00:00,0.0,0.0,0.0,0.0,0.0,0.0,0.0,0.0,0.0,0.0,0.0,0.0,0.0,0.0,0.0,0.0,0.0
2012-08-04 15:00:00,0.0,0.0,0.0,0.0,0.0,0.0,0.0,0.0,0.0,0.0,0.0,0.0,0.0,0.0,0.0,0.0,0.0
2012-08-04 16:00:00,0.0,0.0,0.0,0.0,0.0,0.0,0.0,0.0,0.0,0.0,0.0,0.0,0.0,0.0,0.0,0.0,0.0
2012-08-04 17:00:00,0.0,0.0,0.0,0.0,0.0,0.0,0.0,0.0,0.0,0.0,0.0,0.0,0.0,0.0,0.0,0.0,0.0
2012-08-04 18:00:00,0.0,0.0,0.0,0.0,0.0,0.0,0.0,0.0,0.0,0.0,0.0,0.0,0.0,0.0,0.0,0.0,0.0
2012-08-04 19:00:00,0.0,0.0,0.0,0.0,0.0,0.0,0.0,0.0,0.0,0.0,0.0,0.0,0.0,0.0,0.0,0.0,0.0
2012-08-04 20:00:00,0.0,0.0,0.0,0.0,0.0,0.0,0.0,0.0,0.0,0.0,0.0,0.0,0.0,0.0,0.0,0.0,0.0
2012-08-04 21:00:00,0.0,0.0,0.0,0.0,0.0,0.0,0.0,0.0,0.0,0.0,0.0,0.0,0.0,0.0,0.0,0.0,0.0
2012-08-04 22:00:00,0.0,0.0,0.0,0.0,0.0,0.0,0.0,0.0,0.0,0.0,0.0,0.0,0.0,0.0,0.0,0.0,0.0
2012-08-04 23:00:00,0.0,0.0,0.0,0.0,0.0,0.0,0.0,0.0,0.0,0.0,0.0,0.0,0.0,0.0,0.0,0.0,0.0
2012-08-05 00:00:00,0.0,0.0,0.0,0.0,0.0,0.0,0.0,0.0,0.0,0.0,0.0,0.0,0.0,0.0,0.0,0.0,0.0
2012-08-05 01:00:00,0.0,0.0,0.0,0.0,0.0,0.0,0.0,0.0,0.0,0.0,0.0,0.0,0.0,0.0,0.0,0.0,0.0
2012-08-05 02:00:00,0.0,0.0,0.0,0.0,0.0,0.0,0.0,0.0,0.0,0.0,0.0,0.0,0.0,0.0,0.0,0.0,0.0
2012-08-05 03:00:00,0.0,0.0,0.0,0.0,0.0,0.0,0.0,0.0,0.0,0.0,0.0,0.0,0.0,0.0,0.0,0.0,0.0
2012-08-05 04:00:00,0.0,0.0,0.0,0.0,0.0,0.0,0.0,0.0,0.0,0.0,0.0,0.0,0.0,0.0,0.0,0.0,0.0
2012-08-05 05:00:00,0.0,0.0,0.0,0.0,0.0,0.0,0.0,0.0,0.0,0.0,0.0,0.0,0.0,0.0,0.0,0.0,0.0
2012-08-05 06:00:00,0.0,0.0,0.0,0.0,0.0,0.0,0.0,0.0,0.0,0.0,0.0,0.0,0.0,0.0,0.0,0.0,0.0
2012-08-05 07:00:00,0.0,0.0,0.0,0.0,0.0,0.0,0.0,0.0,0.0,0.0,0.0,0.0,0.0,0.0,0.0,0.0,0.0
2012-08-05 08:00:00,0.0,0.0,0.0,0.0,0.0,0.0,0.0,0.0,0.0,0.0,0.0,0.0,0.0,0.0,0.0,0.0,0.0
2012-08-05 09:00:00,0.0,0.0,0.0,0.0,0.0,0.0,0.0,0.0,0.0,0.0,0.0,0.0,0.0,0.0,0.0,0.0,0.0
2012-08-05 10:00:00,0.0,0.0,0.0,0.0,0.0,0.0,0.0,0.0,0.0,0.0,0.0,0.0,0.0,0.0,0.0,0.0,0.0
2012-08-05 11:00:00,0.0,0.0,0.0,0.0,0.0,0.0,0.0,0.0,0.0,0.0,0.0,0.0,0.0,0.0,0.0,0.0,0.0
2012-08-05 12:00:00,0.0,0.0,0.0,0.0,0.0,0.0,0.0,0.0,0.0,0.0,0.0,0.0,0.0,0.0,0.0,0.0,0.0
2012-08-05 13:00:00,0.0,0.0,0.0,0.0,0.0,0.0,0.0,0.0,0.0,0.0,0.0,0.0,0.0,0.0,0.0,0.0,0.0
2012-08-05 14:00:00,0.0,0.0,0.0,0.0,0.0,0.0,0.0,0.0,0.0,0.0,0.0,0.0,0.0,0.0,0.0,0.0,0.0
2012-08-05 15:00:00,0.0,0.0,0.0,0.0,0.0,0.0,0.0,0.0,0.0,0.0,0.0,0.0,0.0,0.0,0.0,0.0,0.0
2012-08-05 16:00:00,0.0,0.0,0.0,0.0,0.0,0.0,0.0,0.0,0.0,0.0,0.0,0.0,0.0,0.0,0.0,0.0,0.0
2012-08-05 17:00:00,0.0,0.0,0.0,0.0,0.0,0.0,0.0,0.0,0.0,0.0,0.0,0.0,0.0,0.0,0.0,0.0,0.0
2012-08-05 18:00:00,0.0,0.0,0.0,0.0,0.0,0.0,0.0,0.0,0.0,0.0,0.0,0.0,0.0,0.0,0.0,0.0,0.0
2012-08-05 19:00:00,0.0,0.0,0.0,0.0,0.0,0.0,0.0,0.0,0.0,0.0,0.0,0.0,0.0,0.0,0.0,0.0,0.0
2012-08-05 20:00:00,0.0,0.0,0.0,0.0,0.0,0.0,0.0,0.0,0.0,0.0,0.0,0.0,0.0,0.0,0.0,0.0,0.0
2012-08-05 21:00:00,0.0,0.0,0.0,0.0,0.0,0.0,0.0,0.0,0.0,0.0,0.0,0.0,0.0,0.0,0.0,0.0,0.0
2012-08-05 22:00:00,0.0,0.0,0.0,0.0,0.0,0.0,0.0,0.0,0.0,0.0,0.0,0.0,0.0,0.0,0.0,0.0,0.0
2012-08-05 23:00:00,0.0,0.0,0.0,0.0,0.0,0.0,0.0,0.0,0.0,0.0,0.0,0.0,0.0,0.0,0.0,0.0,0.0
2012-08-06 00:00:00,0.0,0.0,0.0,0.0,0.0,0.0,0.0,0.0,0.0,0.0,0.0,0.0,0.0,0.0,0.0,0.0,0.0
2012-08-06 01:00:00,0.0,0.0,0.0,0.0,0.0,0.0,0.0,0.0,0.0,0.0,0.0,0.0,0.0,0.0,0.0,0.0,0.0
2012-08-06 02:00:00,0.0,0.0,0.0,0.0,0.0,0.0,0.0,0.0,0.0,0.0,0.0,0.0,0.0,0.0,0.0,0.0,0.0
2012-08-06 03:00:00,0.0,0.0,0.0,0.0,0.0,0.0,0.0,0.0,0.0,0.0,0.0,0.0,0.0,0.0,0.0,0.0,0.0
2012-08-06 04:00:00,0.0,0.0,0.0,0.0,0.0,0.0,0.0,0.0,0.0,0.0,0.0,0.0,0.0,0.0,0.0,0.0,0.0
2012-08-06 05:00:00,0.0,0.0,0.0,0.0,0.0,0.0,0.0,0.0,0.0,0.0,0.0,0.0,0.0,0.0,0.0,0.0,0.0
2012-08-06 06:00:00,0.0,0.0,0.0,0.0,0.0,0.0,0.0,0.0,0.0,0.0,0.0,0.0,0.0,0.0,0.0,0.0,0.0
2012-08-06 07:00:00,0.0,0.0,0.0,0.0,0.0,0.0,0.0,0.0,0.0,0.0,0.0,0.0,0.0,0.0,0.0,0.0,0.0
2012-08-06 08:00:00,0.0,0.0,0.0,0.0,0.0,0.0,0.0,0.0,0.0,0.0,0.0,0.0,0.0,0.0,0.0,0.0,0.0
2012-08-06 09:00:00,0.0,0.0,0.0,0.0,0.0,0.0,0.0,0.0,0.0,0.0,0.0,0.0,0.0,0.0,0.0,0.0,0.0
2012-08-06 10:00:00,0.0,0.0,0.0,0.0,0.0,0.0,0.0,0.0,0.0,0.0,0.0,0.0,0.0,0.0,0.0,0.0,0.0
2012-08-06 11:00:00,0.0,0.0,0.0,0.0,0.0,0.0,0.0,0.0,0.0,0.0,0.0,0.0,0.0,0.0,0.0,0.0,0.0
2012-08-06 12:00:00,0.0,0.0,0.0,0.0,0.0,0.0,0.0,0.0,0.0,0.0,0.0,0.0,0.0,0.0,0.0,0.0,0.0
2012-08-06 13:00:00,0.0,0.0,0.0,0.0,0.0,0.0,0.0,0.0,0.0,0.0,0.0,0.0,0.0,0.0,0.0,0.0,0.0
2012-08-06 14:00:00,0.0,0.0,0.0,0.0,0.0,0.0,0.0,0.0,0.0,0.0,0.0,0.0,0.0,0.0,0.0,0.0,0.0
2012-08-06 15:00:00,0.0,0.0,0.0,0.0,0.0,0.0,0.0,0.0,0.0,0.0,0.0,0.0,0.0,0.0,0.0,0.0,0.0
2012-08-06 16:00:00,0.0,0.0,0.0,0.0,0.0,0.0,0.0,0.0,0.0,0.0,0.0,0.0,0.0,0.0,0.0,0.0,0.0
2012-08-06 17:00:00,0.0,0.0,0.0,0.0,0.0,0.0,0.0,0.0,0.0,0.0,0.0,0.0,0.0,0.0,0.0,0.0,0.0
2012-08-06 18:00:00,0.0,0.0,0.0,0.0,0.0,0.0,0.0,0.0,0.0,0.0,0.0,0.0,0.0,0.0,0.0,0.0,0.0
2012-08-06 19:00:00,0.0,0.0,0.0,0.0,0.0,0.0,0.0,0.0,0.0,0.0,0.0,0.0,0.0,0.0,0.0,0.0,0.0
2012-08-06 20:00:00,0.0,0.0,0.0,0.0,0.0,0.0,0.0,0.0,0.0,0.0,0.0,0.0,0.0,0.0,0.0,0.0,0.0
2012-08-06 21:00:00,0.0,0.0,0.0,0.0,0.0,0.0,0.0,0.0,0.0,0.0,0.0,0.0,0.0,0.0,0.0,0.0,0.0
2012-08-06 22:00:00,0.0,0.0,0.0,0.0,0.0,0.0,0.0,0.0,0.0,0.0,0.0,0.0,0.0,0.0,0.0,0.0,0.0
2012-08-06 23:00:00,0.0,0.0,0.0,0.0,0.0,0.0,0.0,0.0,0.0,0.0,0.0,0.0,0.0,0.0,0.0,0.0,0.0
2012-08-07 00:00:00,0.0,0.0,0.0,0.0,0.0,0.0,0.0,0.0,0.0,0.0,0.0,0.0,0.0,0.0,0.0,0.0,0.0
2012-08-07 01:00:00,0.0,0.0,0.0,0.0,0.0,0.0,0.0,0.0,0.0,0.0,0.0,0.0,0.0,0.0,0.0,0.0,0.0
2012-08-07 02:00:00,0.0,0.0,0.0,0.0,0.0,0.0,0.0,0.0,0.0,0.0,0.0,0.0,0.0,0.0,0.0,0.0,0.0
2012-08-07 03:00:00,0.0,0.0,0.0,0.0,0.0,0.0,0.0,0.0,0.0,0.0,0.0,0.0,0.0,0.0,0.0,0.0,0.0
2012-08-07 04:00:00,0.0,0.0,0.0,0.0,0.0,0.0,0.0,0.0,0.0,0.0,0.0,0.0,0.0,0.0,0.0,0.0,0.0
2012-08-07 05:00:00,0.0,0.0,0.0,0.0,0.0,0.0,0.0,0.0,0.0,0.0,0.0,0.0,0.0,0.0,0.0,0.0,0.0
2012-08-07 06:00:00,0.0,0.0,0.0,0.0,0.0,0.0,0.0,0.0,0.0,0.0,0.0,0.0,0.0,0.0,0.0,0.0,0.0
2012-08-07 07:00:00,0.0,0.0,0.0,0.0,0.0,0.0,0.0,0.0,0.0,0.0,0.0,0.0,0.0,0.0,0.0,0.0,0.0
2012-08-07 08:00:00,0.0,0.0,0.0,0.0,0.0,0.0,0.0,0.0,0.0,0.0,0.0,0.0,0.0,0.0,0.0,0.0,0.0
2012-08-07 09:00:00,0.0,0.0,0.0,0.0,0.0,0.0,0.0,0.0,0.0,0.0,0.0,0.0,0.0,0.0,0.0,0.0,0.0
2012-08-07 10:00:00,0.0,0.0,0.0,0.0,0.0,0.0,0.0,0.0,0.0,0.0,0.0,0.0,0.0,0.0,0.0,0.0,0.0
2012-08-07 11:00:00,0.0,0.0,0.0,0.0,0.0,0.0,0.0,0.0,0.0,0.0,0.0,0.0,0.0,0.0,0.0,0.0,0.0
2012-08-07 12:00:00,0.0,0.0,0.0,0.0,0.0,0.0,0.0,0.0,0.0,0.0,0.0,0.0,0.0,0.0,0.0,0.0,0.0
2012-08-07 13:00:00,0.0,0.0,0.0,0.0,0.0,0.0,0.0,0.0,0.0,0.0,0.0,0.0,0.0,0.0,0.0,0.0,0.0
2012-08-07 14:00:00,0.0,0.0,0.0,0.0,0.0,0.0,0.0,0.0,0.0,0.0,0.0,0.0,0.0,0.0,0.0,0.0,0.0
2012-08-07 15:00:00,0.0,0.0,0.0,0.0,0.0,0.0,0.0,0.0,0.0,0.0,0.0,0.0,0.0,0.0,0.0,0.0,0.0
2012-08-07 16:00:00,0.0,0.0,0.0,0.0,0.0,0.0,0.0,0.0,0.0,0.0,0.0,0.0,0.0,0.0,0.0,0.0,0.0
2012-08-07 17:00:00,0.0,0.0,0.0,0.0,0.0,0.0,0.0,0.0,0.0,0.0,0.0,0.0,0.0,0.0,0.0,0.0,0.0
2012-08-07 18:00:00,0.0,0.0,0.0,0.0,0.0,0.0,0.0,0.0,0.0,0.0,0.0,0.0,0.0,0.0,0.0,0.0,0.0
2012-08-07 19:00:00,0.0,0.0,0.0,0.0,0.0,0.0,0.0,0.0,0.0,0.0,0.0,0.0,0.0,0.0,0.0,0.0,0.0
2012-08-07 20:00:00,0.0,0.0,0.0,0.0,0.0,0.0,0.0,0.0,0.0,0.0,0.0,0.0,0.0,0.0,0.0,0.0,0.0
2012-08-07 21:00:00,0.0,0.0,0.0,0.0,0.0,0.0,0.0,0.0,0.0,0.0,0.0,0.0,0.0,0.0,0.0,0.0,0.0
2012-08-07 22:00:00,0.0,0.0,0.0,0.0,0.0,0.0,0.0,0.0,0.0,0.0,0.0,0.0,0.0,0.0,0.0,0.0,0.0
2012-08-07 23:00:00,0.0,0.0,0.0,0.0,0.0,0.0,0.0,0.0,0.0,0.0,0.0,0.0,0.0,0.0,0.0,0.0,0.0
2012-08-08 00:00:00,0.0,0.0,0.0,0.0,0.0,0.0,0.0,0.0,0.0,0.0,0.0,0.0,0.0,0.0,0.0,0.0,0.0
2012-08-08 01:00:00,0.0,0.0,0.0,0.0,0.0,0.0,0.0,0.0,0.0,0.0,0.0,0.0,0.0,0.0,0.0,0.0,0.0
2012-08-08 02:00:00,0.0,0.0,0.0,0.0,0.0,0.0,0.0,0.0,0.0,0.0,0.0,0.0,0.0,0.0,0.0,0.0,0.0
2012-08-08 03:00:00,0.0,0.0,0.0,0.0,0.0,0.0,0.0,0.0,0.0,0.0,0.0,0.0,0.0,0.0,0.0,0.0,0.0
2012-08-08 04:00:00,0.0,0.0,0.0,0.0,0.0,0.0,0.0,0.0,0.0,0.0,0.0,0.0,0.0,0.0,0.0,0.0,0.0
2012-08-08 05:00:00,0.0,0.0,0.0,0.0,0.0,0.0,0.0,0.0,0.0,0.0,0.0,0.0,0.0,0.0,0.0,0.0,0.0
2012-08-08 06:00:00,0.0,0.0,0.0,0.0,0.0,0.0,0.0,0.0,0.0,0.0,0.0,0.0,0.0,0.0,0.0,0.0,0.0
2012-08-08 07:00:00,0.0,0.0,0.0,0.0,0.0,0.0,0.0,0.0,0.0,0.0,0.0,0.0,0.0,0.0,0.0,0.0,0.0
2012-08-08 08:00:00,0.0,0.0,0.0,0.0,0.0,0.0,0.0,0.0,0.0,0.0,0.0,0.0,0.0,0.0,0.0,0.0,0.0
2012-08-08 09:00:00,0.0,0.0,0.0,0.0,0.0,0.0,0.0,0.0,0.0,0.0,0.0,0.0,0.0,0.0,0.0,0.0,0.0
2012-08-08 10:00:00,0.0,0.0,0.0,0.0,0.0,0.0,0.0,0.0,0.0,0.0,0.0,0.0,0.0,0.0,0.0,0.0,0.0
2012-08-08 11:00:00,0.0,0.0,0.0,0.0,0.0,0.0,0.0,0.0,0.0,0.0,0.0,0.0,0.0,0.0,0.0,0.0,0.0
2012-08-08 12:00:00,0.0,0.0,0.0,0.0,0.0,0.0,0.0,0.0,0.0,0.0,0.0,0.0,0.0,0.0,0.0,0.0,0.0
2012-08-08 13:00:00,0.0,0.0,0.0,0.0,0.0,0.0,0.0,0.0,0.0,0.0,0.0,0.0,0.0,0.0,0.0,0.0,0.0
2012-08-08 14:00:00,0.0,0.0,0.0,0.0,0.0,0.0,0.0,0.0,0.0,0.0,0.0,0.0,0.0,0.0,0.0,0.0,0.0
2012-08-08 15:00:00,0.0,0.0,0.0,0.0,0.0,0.0,0.0,0.0,0.0,0.0,0.0,0.0,0.0,0.0,0.0,0.0,0.0
2012-08-08 16:00:00,0.0,0.0,0.0,0.0,0.0,0.0,0.0,0.0,0.0,0.0,0.0,0.0,0.0,0.0,0.0,0.0,0.0
2012-08-08 17:00:00,0.0,0.0,0.0,0.0,0.0,0.0,0.0,0.0,0.0,0.0,0.0,0.0,0.0,0.0,0.0,0.0,0.0
2012-08-08 18:00:00,0.0,0.0,0.0,0.0,0.0,0.0,0.0,0.0,0.0,0.0,0.0,0.0,0.0,0.0,0.0,0.0,0.0
2012-08-08 19:00:00,0.0,0.0,0.0,0.0,0.0,0.0,0.0,0.0,0.0,0.0,0.0,0.0,0.0,0.0,0.0,0.0,0.0
2012-08-08 20:00:00,0.0,0.0,0.0,0.0,0.0,0.0,0.0,0.0,0.0,0.0,0.0,0.0,0.0,0.0,0.0,0.0,0.0
2012-08-08 21:00:00,0.0,0.0,0.0,0.0,0.0,0.0,0.0,0.0,0.0,0.0,0.0,0.0,0.0,0.0,0.0,0.0,0.0
2012-08-08 22:00:00,0.0,0.0,0.0,0.0,0.0,0.0,0.0,0.0,0.0,0.0,0.0,0.0,0.0,0.0,0.0,0.0,0.0
2012-08-08 23:00:00,0.0,0.0,0.0,0.0,0.0,0.0,0.0,0.0,0.0,0.0,0.0,0.0,0.0,0.0,0.0,0.0,0.0
2012-08-09 00:00:00,0.0,0.0,0.0,0.0,0.0,0.0,0.0,0.0,0.0,0.0,0.0,0.0,0.0,0.0,0.0,0.0,0.0
2012-08-09 01:00:00,0.0,0.0,0.0,0.0,0.0,0.0,0.0,0.0,0.0,0.0,0.0,0.0,0.0,0.0,0.0,0.0,0.0
2012-08-09 02:00:00,0.0,0.0,0.0,0.0,0.0,0.0,0.0,0.0,0.0,0.0,0.0,0.0,0.0,0.0,0.0,0.0,0.0
2012-08-09 03:00:00,0.0,0.0,0.0,0.0,0.0,0.0,0.0,0.0,0.0,0.0,0.0,0.0,0.0,0.0,0.0,0.0,0.0
2012-08-09 04:00:00,0.0,0.0,0.0,0.0,0.0,0.0,0.0,0.0,0.0,0.0,0.0,0.0,0.0,0.0,0.0,0.0,0.0
2012-08-09 05:00:00,0.0,0.0,0.0,0.0,0.0,0.0,0.0,0.0,0.0,0.0,0.0,0.0,0.0,0.0,0.0,0.0,0.0
2012-08-09 06:00:00,0.0,0.0,0.0,0.0,0.0,0.0,0.0,0.0,0.0,0.0,0.0,0.0,0.0,0.0,0.0,0.0,0.0
2012-08-09 07:00:00,0.0,0.0,0.0,0.0,0.0,0.0,0.0,0.0,0.0,0.0,0.0,0.0,0.0,0.0,0.0,0.0,0.0
2012-08-09 08:00:00,0.0,0.0,0.0,0.0,0.0,0.0,0.0,0.0,0.0,0.0,0.0,0.0,0.0,0.0,0.0,0.0,0.0
2012-08-09 09:00:00,0.0,0.0,0.0,0.0,0.0,0.0,0.0,0.0,0.0,0.0,0.0,0.0,0.0,0.0,0.0,0.0,0.0
2012-08-09 10:00:00,0.0,0.0,0.0,0.0,0.0,0.0,0.0,0.0,0.0,0.0,0.0,0.0,0.0,0.0,0.0,0.0,0.0
2012-08-09 11:00:00,0.0,0.0,0.0,0.0,0.0,0.0,0.0,0.0,0.0,0.0,0.0,0.0,0.0,0.0,0.0,0.0,0.0
2012-08-09 12:00:00,0.0,0.0,0.0,0.0,0.0,0.0,0.0,0.0,0.0,0.0,0.0,0.0,0.0,0.0,0.0,0.0,0.0
2012-08-09 13:00:00,0.0,0.0,0.0,0.0,0.0,0.0,0.0,0.0,0.0,0.0,0.0,0.0,0.0,0.0,0.0,0.0,0.0
2012-08-09 14:00:00,0.0,0.0,0.0,0.0,0.0,0.0,0.0,0.0,0.0,0.0,0.0,0.0,0.0,0.0,0.0,0.0,0.0
2012-08-09 15:00:00,0.0,0.0,0.0,0.0,0.0,0.0,0.0,0.0,0.0,0.0,0.0,0.0,0.0,0.0,0.0,0.0,0.0
2012-08-09 16:00:00,0.0,0.0,0.0,0.0,0.0,0.0,0.0,0.0,0.0,0.0,0.0,0.0,0.0,0.0,0.0,0.0,0.0
2012-08-09 17:00:00,0.0,0.0,0.0,0.0,0.0,0.0,0.0,0.0,0.0,0.0,0.0,0.0,0.0,0.0,0.0,0.0,0.0
2012-08-09 18:00:00,0.0,0.0,0.0,0.0,0.0,0.0,0.0,0.0,0.0,0.0,0.0,0.0,0.0,0.0,0.0,0.0,0.0
2012-08-09 19:00:00,0.0,0.0,0.0,0.0,0.0,0.0,0.0,0.0,0.0,0.0,0.0,0.0,0.0,0.0,0.0,0.0,0.0
2012-08-09 20:00:00,0.0,0.0,0.0,0.0,0.0,0.0,0.0,0.0,0.0,0.0,0.0,0.0,0.0,0.0,0.0,0.0,0.0
2012-08-09 21:00:00,0.0,0.0,0.0,0.0,0.0,0.0,0.0,0.0,0.0,0.0,0.0,0.0,0.0,0.0,0.0,0.0,0.0
2012-08-09 22:00:00,0.0,0.0,0.0,0.0,0.0,0.0,0.0,0.0,0.0,0.0,0.0,0.0,0.0,0.0,0.0,0.0,0.0
2012-08-09 23:00:00,0.0,0.0,0.0,0.0,0.0,0.0,0.0,0.0,0.0,0.0,0.0,0.0,0.0,0.0,0.0,0.0,0.0
2012-08-10 00:00:00,0.0,0.0,0.0,0.0,0.0,0.0,0.0,0.0,0.0,0.0,0.0,0.0,0.0,0.0,0.0,0.0,0.0
2012-08-10 01:00:00,0.0,0.0,0.0,0.0,0.0,0.0,0.0,0.0,0.0,0.0,0.0,0.0,0.0,0.0,0.0,0.0,0.0
2012-08-10 02:00:00,0.0,0.0,0.0,0.0,0.0,0.0,0.0,0.0,0.0,0.0,0.0,0.0,0.0,0.0,0.0,0.0,0.0
2012-08-10 03:00:00,0.0,0.0,0.0,0.0,0.0,0.0,0.0,0.0,0.0,0.0,0.0,0.0,0.0,0.0,0.0,0.0,0.0
2012-08-10 04:00:00,0.0,0.0,0.0,0.0,0.0,0.0,0.0,0.0,0.0,0.0,0.0,0.0,0.0,0.0,0.0,0.0,0.0
2012-08-10 05:00:00,0.0,0.0,0.0,0.0,0.0,0.0,0.0,0.0,0.0,0.0,0.0,0.0,0.0,0.0,0.0,0.0,0.0
2012-08-10 06:00:00,0.0,0.0,0.0,0.0,0.0,0.0,0.0,0.0,0.0,0.0,0.0,0.0,0.0,0.0,0.0,0.0,0.0
2012-08-10 07:00:00,0.0,0.0,0.0,0.0,0.0,0.0,0.0,0.0,0.0,0.0,0.0,0.0,0.0,0.0,0.0,0.0,0.0
2012-08-10 08:00:00,0.0,0.0,0.0,0.0,0.0,0.0,0.0,0.0,0.0,0.0,0.0,0.0,0.0,0.0,0.0,0.0,0.0
2012-08-10 09:00:00,0.0,0.0,0.0,0.0,0.0,0.0,0.0,0.0,0.0,0.0,0.0,0.0,0.0,0.0,0.0,0.0,0.0
2012-08-10 10:00:00,0.0,0.0,0.0,0.0,0.0,0.0,0.0,0.0,0.0,0.0,0.0,0.0,0.0,0.0,0.0,0.0,0.0
2012-08-10 11:00:00,0.0,0.0,0.0,0.0,0.0,0.0,0.0,0.0,0.0,0.0,0.0,0.0,0.0,0.0,0.0,0.0,0.0
2012-08-10 12:00:00,0.0,0.0,0.0,0.0,0.0,0.0,0.0,0.0,0.0,0.0,0.0,0.0,0.0,0.0,0.0,0.0,0.0
2012-08-10 13:00:00,0.0,0.0,0.0,0.0,0.0,0.0,0.0,0.0,0.0,0.0,0.0,0.0,0.0,0.0,0.0,0.0,0.0
2012-08-10 14:00:00,0.0,0.0,0.0,0.0,0.0,0.0,0.0,0.0,0.0,0.0,0.0,0.0,0.0,0.0,0.0,0.0,0.0
2012-08-10 15:00:00,0.0,0.0,0.0,0.0,0.0,0.0,0.0,0.0,0.0,0.0,0.0,0.0,0.0,0.0,0.0,0.0,0.0
2012-08-10 16:00:00,0.0,0.0,0.0,0.0,0.0,0.0,0.0,0.0,0.0,0.0,0.0,0.0,0.0,0.0,0.0,0.0,0.0
2012-08-10 17:00:00,0.0,0.0,0.0,0.0,0.0,0.0,0.0,0.0,0.0,0.0,0.0,0.0,0.0,0.0,0.0,0.0,0.0
2012-08-10 18:00:00,0.0,0.0,0.0,0.0,0.0,0.0,0.0,0.0,0.0,0.0,0.0,0.0,0.0,0.0,0.0,0.0,0.0
2012-08-10 19:00:00,0.0,0.0,0.0,0.0,0.0,0.0,0.0,0.0,0.0,0.0,0.0,0.0,0.0,0.0,0.0,0.0,0.0
2012-08-10 20:00:00,0.0,0.0,0.0,0.0,0.0,0.0,0.0,0.0,0.0,0.0,0.0,0.0,0.0,0.0,0.0,0.0,0.0
2012-08-10 21:00:00,0.0,0.0,0.0,0.0,0.0,0.0,0.0,0.0,0.0,0.0,0.0,0.0,0.0,0.0,0.0,0.0,0.0
2012-08-10 22:00:00,0.0,0.0,0.0,0.0,0.0,0.0,0.0,0.0,0.0,0.0,0.0,0.0,0.0,0.0,0.0,0.0,0.0
2012-08-10 23:00:00,0.0,0.0,0.0,0.0,0.0,0.0,0.0,0.0,0.0,0.0,0.0,0.0,0.0,0.0,0.0,0.0,0.0
2012-08-11 00:00:00,0.0,0.0,0.0,0.0,0.0,0.0,0.0,0.0,0.0,0.0,0.0,0.0,0.0,0.0,0.0,0.0,0.0
2012-08-11 01:00:00,0.0,0.0,0.0,0.0,0.0,0.0,0.0,0.0,0.0,0.0,0.0,0.0,0.0,0.0,0.0,0.0,0.0
2012-08-11 02:00:00,0.0,0.0,0.0,0.0,0.0,0.0,0.0,0.0,0.0,0.0,0.0,0.0,0.0,0.0,0.0,0.0,0.0
2012-08-11 03:00:00,0.0,0.0,0.0,0.0,0.0,0.0,0.0,0.0,0.0,0.0,0.0,0.0,0.0,0.0,0.0,0.0,0.0
2012-08-11 04:00:00,0.0,0.0,0.0,0.0,0.0,0.0,0.0,0.0,0.0,0.0,0.0,0.0,0.0,0.0,0.0,0.0,0.0
2012-08-11 05:00:00,0.0,0.0,0.0,0.0,0.0,0.0,0.0,0.0,0.0,0.0,0.0,0.0,0.0,0.0,0.0,0.0,0.0
2012-08-11 06:00:00,0.0,0.0,0.0,0.0,0.0,0.0,0.0,0.0,0.0,0.0,0.0,0.0,0.0,0.0,0.0,0.0,0.0
2012-08-11 07:00:00,0.0,0.0,0.0,0.0,0.0,0.0,0.0,0.0,0.0,0.0,0.0,0.0,0.0,0.0,0.0,0.0,0.0
2012-08-11 08:00:00,0.0,0.0,0.0,0.0,0.0,0.0,0.0,0.0,0.0,0.0,0.0,0.0,0.0,0.0,0.0,0.0,0.0
2012-08-11 09:00:00,0.0,0.0,0.0,0.0,0.0,0.0,0.0,0.0,0.0,0.0,0.0,0.0,0.0,0.0,0.0,0.0,0.0
2012-08-11 10:00:00,0.0,0.0,0.0,0.0,0.0,0.0,0.0,0.0,0.0,0.0,0.0,0.0,0.0,0.0,0.0,0.0,0.0
2012-08-11 11:00:00,0.0,0.0,0.0,0.0,0.0,0.0,0.0,0.0,0.0,0.0,0.0,0.0,0.0,0.0,0.0,0.0,0.0
2012-08-11 12:00:00,0.0,0.0,0.0,0.0,0.0,0.0,0.0,0.0,0.0,0.0,0.0,0.0,0.0,0.0,0.0,0.0,0.0
2012-08-11 13:00:00,0.0,0.0,0.0,0.0,0.0,0.0,0.0,0.0,0.0,0.0,0.0,0.0,0.0,0.0,0.0,0.0,0.0
2012-08-11 14:00:00,0.0,0.0,0.0,0.0,0.0,0.0,0.0,0.0,0.0,0.0,0.0,0.0,0.0,0.0,0.0,0.0,0.0
2012-08-11 15:00:00,0.0,0.0,0.0,0.0,0.0,0.0,0.0,0.0,0.0,0.0,0.0,0.0,0.0,0.0,0.0,0.0,0.0
2012-08-11 16:00:00,0.0,0.0,0.0,0.0,0.0,0.0,0.0,0.0,0.0,0.0,0.0,0.0,0.0,0.0,0.0,0.0,0.0
2012-08-11 17:00:00,0.0,0.0,0.0,0.0,0.0,0.0,0.0,0.0,0.0,0.0,0.0,0.0,0.0,0.0,0.0,0.0,0.0
2012-08-11 18:00:00,0.0,0.0,0.0,0.0,0.0,0.0,0.0,0.0,0.0,0.0,0.0,0.0,0.0,0.0,0.0,0.0,0.0
2012-08-11 19:00:00,0.0,0.0,0.0,0.0,0.0,0.0,0.0,0.0,0.0,0.0,0.0,0.0,0.0,0.0,0.0,0.0,0.0
2012-08-11 20:00:00,0.0,0.0,0.0,0.0,0.0,0.0,0.0,0.0,0.0,0.0,0.0,0.0,0.0,0.0,0.0,0.0,0.0
2012-08-11 21:00:00,0.0,0.0,0.0,0.0,0.0,0.0,0.0,0.0,0.0,0.0,0.0,0.0,0.0,0.0,0.0,0.0,0.0
2012-08-11 22:00:00,0.0,0.0,0.0,0.0,0.0,0.0,0.0,0.0,0.0,0.0,0.0,0.0,0.0,0.0,0.0,0.0,0.0
2012-08-11 23:00:00,0.0,0.0,0.0,0.0,0.0,0.0,0.0,0.0,0.0,0.0,0.0,0.0,0.0,0.0,0.0,0.0,0.0
2012-08-12 00:00:00,0.0,0.0,0.0,0.0,0.0,0.0,0.0,0.0,0.0,0.0,0.0,0.0,0.0,0.0,0.0,0.0,0.0
2012-08-12 01:00:00,0.0,0.0,0.0,0.0,0.0,0.0,0.0,0.0,0.0,0.0,0.0,0.0,0.0,0.0,0.0,0.0,0.0
2012-08-12 02:00:00,0.0,0.0,0.0,0.0,0.0,0.0,0.0,0.0,0.0,0.0,0.0,0.0,0.0,0.0,0.0,0.0,0.0
2012-08-12 03:00:00,0.0,0.0,0.0,0.0,0.0,0.0,0.0,0.0,0.0,0.0,0.0,0.0,0.0,0.0,0.0,0.0,0.0
2012-08-12 04:00:00,0.0,0.0,0.0,0.0,0.0,0.0,0.0,0.0,0.0,0.0,0.0,0.0,0.0,0.0,0.0,0.0,0.0
2012-08-12 05:00:00,0.0,0.0,0.0,0.0,0.0,0.0,0.0,0.0,0.0,0.0,0.0,0.0,0.0,0.0,0.0,0.0,0.0
2012-08-12 06:00:00,0.0,0.0,0.0,0.0,0.0,0.0,0.0,0.0,0.0,0.0,0.0,0.0,0.0,0.0,0.0,0.0,0.0
2012-08-12 07:00:00,0.0,0.0,0.0,0.0,0.0,0.0,0.0,0.0,0.0,0.0,0.0,0.0,0.0,0.0,0.0,0.0,0.0
2012-08-12 08:00:00,0.0,0.0,0.0,0.0,0.0,0.0,0.0,0.0,0.0,0.0,0.0,0.0,0.0,0.0,0.0,0.0,0.0
2012-08-12 09:00:00,0.0,0.0,0.0,0.0,0.0,0.0,0.0,0.0,0.0,0.0,0.0,0.0,0.0,0.0,0.0,0.0,0.0
2012-08-12 10:00:00,0.0,0.0,0.0,0.0,0.0,0.0,0.0,0.0,0.0,0.0,0.0,0.0,0.0,0.0,0.0,0.0,0.0
2012-08-12 11:00:00,0.0,0.0,0.0,0.0,0.0,0.0,0.0,0.0,0.0,0.0,0.0,0.0,0.0,0.0,0.0,0.0,0.0
2012-08-12 12:00:00,0.0,0.0,0.0,0.0,0.0,0.0,0.0,0.0,0.0,0.0,0.0,0.0,0.0,0.0,0.0,0.0,0.0
2012-08-12 13:00:00,0.0,0.0,0.0,0.0,0.0,0.0,0.0,0.0,0.0,0.0,0.0,0.0,0.0,0.0,0.0,0.0,0.0
2012-08-12 14:00:00,0.0,0.0,0.0,0.0,0.0,0.0,0.0,0.0,0.0,0.0,0.0,0.0,0.0,0.0,0.0,0.0,0.0
2012-08-12 15:00:00,0.0,0.0,0.0,0.0,0.0,0.0,0.0,0.0,0.0,0.0,0.0,0.0,0.0,0.0,0.0,0.0,0.0
2012-08-12 16:00:00,0.0,0.0,0.0,0.0,0.0,0.0,0.0,0.0,0.0,0.0,0.0,0.0,0.0,0.0,0.0,0.0,0.0
2012-08-12 17:00:00,0.0,0.0,0.0,0.0,0.0,0.0,0.0,0.0,0.0,0.0,0.0,0.0,0.0,0.0,0.0,0.0,0.0
2012-08-12 18:00:00,0.0,0.0,0.0,0.0,0.0,0.0,0.0,0.0,0.0,0.0,0.0,0.0,0.0,0.0,0.0,0.0,0.0
2012-08-12 19:00:00,0.0,0.0,0.0,0.0,0.0,0.0,0.0,0.0,0.0,0.0,0.0,0.0,0.0,0.0,0.0,0.0,0.0
2012-08-12 20:00:00,0.0,0.0,0.0,0.0,0.0,0.0,0.0,0.0,0.0,0.0,0.0,0.0,0.0,0.0,0.0,0.0,0.0
2012-08-12 21:00:00,0.0,0.0,0.0,0.0,0.0,0.0,0.0,0.0,0.0,0.0,0.0,0.0,0.0,0.0,0.0,0.0,0.0
2012-08-12 22:00:00,0.0,0.0,0.0,0.0,0.0,0.0,0.0,0.0,0.0,0.0,0.0,0.0,0.0,0.0,0.0,0.0,0.0
2012-08-12 23:00:00,0.0,0.0,0.0,0.0,0.0,0.0,0.0,0.0,0.0,0.0,0.0,0.0,0.0,0.0,0.0,0.0,0.0
2012-08-13 00:00:00,0.0,0.0,0.0,0.0,0.0,0.0,0.0,0.0,0.0,0.0,0.0,0.0,0.0,0.0,0.0,0.0,0.0
2012-08-13 01:00:00,0.0,0.0,0.0,0.0,0.0,0.0,0.0,0.0,0.0,0.0,0.0,0.0,0.0,0.0,0.0,0.0,0.0
2012-08-13 02:00:00,0.0,0.0,0.0,0.0,0.0,0.0,0.0,0.0,0.0,0.0,0.0,0.0,0.0,0.0,0.0,0.0,0.0
2012-08-13 03:00:00,0.0,0.0,0.0,0.0,0.0,0.0,0.0,0.0,0.0,0.0,0.0,0.0,0.0,0.0,0.0,0.0,0.0
2012-08-13 04:00:00,0.0,0.0,0.0,0.0,0.0,0.0,0.0,0.0,0.0,0.0,0.0,0.0,0.0,0.0,0.0,0.0,0.0
2012-08-13 05:00:00,0.0,0.0,0.0,0.0,0.0,0.0,0.0,0.0,0.0,0.0,0.0,0.0,0.0,0.0,0.0,0.0,0.0
2012-08-13 06:00:00,0.0,0.0,0.0,0.0,0.0,0.0,0.0,0.0,0.0,0.0,0.0,0.0,0.0,0.0,0.0,0.0,0.0
2012-08-13 07:00:00,0.0,0.0,0.0,0.0,0.0,0.0,0.0,0.0,0.0,0.0,0.0,0.0,0.0,0.0,0.0,0.0,0.0
2012-08-13 08:00:00,0.0,0.0,0.0,0.0,0.0,0.0,0.0,0.0,0.0,0.0,0.0,0.0,0.0,0.0,0.0,0.0,0.0
2012-08-13 09:00:00,0.0,0.0,0.0,0.0,0.0,0.0,0.0,0.0,0.0,0.0,0.0,0.0,0.0,0.0,0.0,0.0,0.0
2012-08-13 10:00:00,0.0,0.0,0.0,0.0,0.0,0.0,0.0,0.0,0.0,0.0,0.0,0.0,0.0,0.0,0.0,0.0,0.0
2012-08-13 11:00:00,0.0,0.0,0.0,0.0,0.0,0.0,0.0,0.0,0.0,0.0,0.0,0.0,0.0,0.0,0.0,0.0,0.0
2012-08-13 12:00:00,0.0,0.0,0.0,0.0,0.0,0.0,0.0,0.0,0.0,0.0,0.0,0.0,0.0,0.0,0.0,0.0,0.0
2012-08-13 13:00:00,0.0,0.0,0.0,0.0,0.0,0.0,0.0,0.0,0.0,0.0,0.0,0.0,0.0,0.0,0.0,0.0,0.0
2012-08-13 14:00:00,0.0,0.0,0.0,0.0,0.0,0.0,0.0,0.0,0.0,0.0,0.0,0.0,0.0,0.0,0.0,0.0,0.0
2012-08-13 15:00:00,0.0,0.0,0.0,0.0,0.0,0.0,0.0,0.0,0.0,0.0,0.0,0.0,0.0,0.0,0.0,0.0,0.0
2012-08-13 16:00:00,0.0,0.0,0.0,0.0,0.0,0.0,0.0,0.0,0.0,0.0,0.0,0.0,0.0,0.0,0.0,0.0,0.0
2012-08-13 17:00:00,0.0,0.0,0.0,0.0,0.0,0.0,0.0,0.0,0.0,0.0,0.0,0.0,0.0,0.0,0.0,0.0,0.0
2012-08-13 18:00:00,0.0,0.0,0.0,0.0,0.0,0.0,0.0,0.0,0.0,0.0,0.0,0.0,0.0,0.0,0.0,0.0,0.0
2012-08-13 19:00:00,0.0,0.0,0.0,0.0,0.0,0.0,0.0,0.0,0.0,0.0,0.0,0.0,0.0,0.0,0.0,0.0,0.0
2012-08-13 20:00:00,0.0,0.0,0.0,0.0,0.0,0.0,0.0,0.0,0.0,0.0,0.0,0.0,0.0,0.0,0.0,0.0,0.0
2012-08-13 21:00:00,0.0,0.0,0.0,0.0,0.0,0.0,0.0,0.0,0.0,0.0,0.0,0.0,0.0,0.0,0.0,0.0,0.0
2012-08-13 22:00:00,0.0,0.0,0.0,0.0,0.0,0.0,0.0,0.0,0.0,0.0,0.0,0.0,0.0,0.0,0.0,0.0,0.0
2012-08-13 23:00:00,0.0,0.0,0.0,0.0,0.0,0.0,0.0,0.0,0.0,0.0,0.0,0.0,0.0,0.0,0.0,0.0,0.0
2012-10-09 00:00:00,0.554,0.547,0.535,0.541,0.511,0.578,0.602,0.545,0.586,0.551,0.565,0.399,0.639,0.567,0.539,0.523,0.487
2012-10-09 01:00:00,0.546,0.547,0.535,0.541,0.511,0.571,0.602,0.538,0.579,0.558,0.558,0.399,0.631,0.559,0.532,0.523,0.479
2012-10-09 02:00:00,0.569,0.562,0.564,0.57,0.525,0.593,0.639,0.56,0.593,0.594,0.58,0.415,0.661,0.582,0.554,0.538,0.479
2012-10-09 03:00:00,0.642,0.628,0.639,0.636,0.591,0.66,0.72,0.626,0.652,0.674,0.654,0.484,0.727,0.648,0.614,0.604,0.548
2012-10-09 04:00:00,0.761,0.752,0.757,0.76,0.7,0.779,0.852,0.737,0.762,0.812,0.773,0.599,0.851,0.766,0.726,0.715,0.685
2012-10-09 05:00:00,0.82,0.81,0.809,0.819,0.752,0.838,0.918,0.795,0.82,0.884,0.833,0.661,0.918,0.832,0.779,0.767,0.753
2012-10-09 06:00:00,0.805,0.795,0.794,0.804,0.737,0.816,0.896,0.773,0.798,0.87,0.81,0.645,0.888,0.817,0.756,0.752,0.738
2012-10-09 07:00:00,0.775,0.774,0.765,0.782,0.715,0.786,0.867,0.744,0.769,0.841,0.773,0.607,0.859,0.795,0.719,0.722,0.685
2012-10-09 08:00:00,0.746,0.752,0.735,0.753,0.693,0.756,0.837,0.714,0.74,0.812,0.743,0.576,0.829,0.773,0.681,0.7,0.654
2012-10-09 09:00:00,0.724,0.744,0.705,0.731,0.671,0.734,0.815,0.692,0.718,0.79,0.714,0.545,0.807,0.751,0.659,0.678,0.624
2012-10-09 10:00:00,0.702,0.744,0.683,0.709,0.664,0.719,0.801,0.678,0.696,0.776,0.691,0.522,0.785,0.729,0.636,0.663,0.593
2012-10-09 11:00:00,0.694,0.752,0.661,0.694,0.657,0.719,0.801,0.663,0.688,0.768,0.676,0.515,0.785,0.721,0.621,0.656,0.578
2012-10-09 12:00:00,0.694,0.759,0.646,0.687,0.664,0.719,0.801,0.656,0.696,0.768,0.662,0.515,0.785,0.714,0.614,0.656,0.57
2012-10-09 13:00:00,0.702,0.788,0.646,0.687,0.679,0.727,0.815,0.656,0.71,0.776,0.662,0.507,0.8,0.714,0.614,0.671,0.57
2012-10-09 14:00:00,0.716,0.825,0.646,0.694,0.708,0.749,0.845,0.663,0.747,0.79,0.662,0.522,0.822,0.721,0.621,0.693,0.586
2012-10-09 15:00:00,0.738,0.868,0.661,0.702,0.737,0.771,0.881,0.67,0.776,0.812,0.676,0.53,0.851,0.736,0.636,0.722,0.601
2012-10-09 16:00:00,0.775,0.92,0.676,0.709,0.788,0.808,0.933,0.685,0.828,0.848,0.691,0.553,0.896,0.766,0.644,0.759,0.654
2012-10-09 17:00:00,0.798,0.963,0.691,0.716,0.825,0.845,0.969,0.7,0.864,0.87,0.699,0.584,0.918,0.788,0.659,0.796,0.677
2012-10-09 18:00:00,0.812,1.0,0.705,0.716,0.846,0.86,0.992,0.707,0.894,0.884,0.706,0.615,0.932,0.802,0.666,0.826,0.685
2012-10-09 19:00:00,0.82,1.007,0.705,0.702,0.861,0.875,0.999,0.707,0.901,0.892,0.691,0.63,0.94,0.802,0.659,0.833,0.685
2012-10-09 20:00:00,0.775,0.963,0.676,0.651,0.817,0.831,0.955,0.663,0.864,0.834,0.654,0.615,0.888,0.758,0.629,0.796,0.662
2012-10-09 21:00:00,0.687,0.854,0.601,0.57,0.737,0.734,0.845,0.589,0.769,0.739,0.58,0.538,0.785,0.677,0.561,0.715,0.586
2012-10-09 22:00:00,0.613,0.759,0.542,0.504,0.657,0.653,0.742,0.523,0.681,0.645,0.52,0.484,0.69,0.596,0.509,0.634,0.525
2012-10-09 23:00:00,0.576,0.708,0.512,0.468,0.628,0.616,0.69,0.493,0.637,0.602,0.491,0.461,0.646,0.559,0.487,0.597,0.502
2012-10-10 00:00:00,0.591,0.73,0.527,0.482,0.649,0.623,0.698,0.508,0.645,0.609,0.513,0.492,0.653,0.567,0.509,0.612,0.517
2012-10-10 01:00:00,0.583,0.73,0.527,0.475,0.649,0.616,0.683,0.501,0.63,0.602,0.513,0.499,0.646,0.559,0.517,0.612,0.517
2012-10-10 02:00:00,0.606,0.752,0.549,0.49,0.686,0.638,0.698,0.523,0.659,0.616,0.535,0.538,0.661,0.574,0.546,0.641,0.548
2012-10-10 03:00:00,0.672,0.832,0.609,0.541,0.759,0.712,0.749,0.575,0.725,0.681,0.602,0.615,0.727,0.633,0.629,0.715,0.616
2012-10-10 04:00:00,0.798,0.993,0.728,0.636,0.905,0.838,0.874,0.685,0.864,0.805,0.721,0.745,0.859,0.736,0.771,0.855,0.738
2012-10-10 05:00:00,0.857,1.066,0.794,0.687,0.985,0.905,0.933,0.737,0.93,0.855,0.788,0.814,0.91,0.78,0.846,0.929,0.799
2012-10-10 06:00:00,0.842,1.044,0.787,0.672,0.963,0.89,0.896,0.722,0.908,0.834,0.788,0.814,0.881,0.758,0.846,0.907,0.791
2012-10-10 07:00:00,0.812,1.014,0.765,0.651,0.934,0.86,0.852,0.707,0.879,0.79,0.781,0.791,0.844,0.721,0.831,0.877,0.761
2012-10-10 08:00:00,0.775,0.963,0.728,0.629,0.897,0.831,0.808,0.678,0.85,0.747,0.758,0.768,0.8,0.692,0.808,0.84,0.738
2012-10-10 09:00:00,0.753,0.92,0.713,0.614,0.876,0.801,0.779,0.663,0.828,0.718,0.743,0.753,0.778,0.67,0.794,0.818,0.723
2012-10-10 10:00:00,0.738,0.89,0.698,0.599,0.861,0.786,0.749,0.648,0.806,0.696,0.736,0.737,0.756,0.655,0.779,0.796,0.715
2012-10-10 11:00:00,0.724,0.876,0.683,0.592,0.854,0.771,0.734,0.633,0.798,0.674,0.728,0.73,0.741,0.648,0.771,0.789,0.715
2012-10-10 12:00:00,0.716,0.854,0.683,0.592,0.839,0.756,0.72,0.633,0.784,0.667,0.728,0.73,0.727,0.648,0.764,0.774,0.715
2012-10-10 13:00:00,0.724,0.847,0.698,0.599,0.839,0.756,0.712,0.633,0.784,0.674,0.736,0.73,0.727,0.662,0.771,0.781,0.73
2012-10-10 14:00:00,0.731,0.854,0.713,0.614,0.854,0.771,0.72,0.641,0.798,0.689,0.751,0.753,0.741,0.677,0.786,0.796,0.753
2012-10-10 15:00:00,0.746,0.861,0.735,0.629,0.876,0.786,0.72,0.656,0.806,0.703,0.758,0.768,0.756,0.699,0.808,0.811,0.776
2012-10-10 16:00:00,0.768,0.876,0.765,0.643,0.897,0.808,0.727,0.67,0.828,0.732,0.781,0.791,0.778,0.721,0.831,0.833,0.806
2012-10-10 17:00:00,0.783,0.876,0.787,0.658,0.905,0.823,0.727,0.685,0.835,0.747,0.795,0.807,0.8,0.736,0.853,0.84,0.821
2012-10-10 18:00:00,0.783,0.876,0.802,0.665,0.912,0.823,0.727,0.692,0.835,0.747,0.803,0.814,0.807,0.743,0.868,0.84,0.837
2012-10-10 19:00:00,0.775,0.868,0.787,0.658,0.905,0.816,0.705,0.678,0.828,0.739,0.788,0.807,0.8,0.729,0.861,0.833,0.829
2012-10-10 20:00:00,0.731,0.817,0.743,0.621,0.861,0.771,0.661,0.641,0.776,0.703,0.743,0.753,0.756,0.685,0.808,0.789,0.783
2012-10-10 21:00:00,0.65,0.73,0.653,0.556,0.766,0.69,0.588,0.575,0.696,0.631,0.662,0.661,0.683,0.611,0.726,0.7,0.7
2012-10-10 22:00:00,0.583,0.657,0.579,0.504,0.686,0.623,0.529,0.516,0.623,0.565,0.587,0.592,0.617,0.552,0.644,0.634,0.624
2012-10-10 23:00:00,0.561,0.628,0.557,0.482,0.657,0.601,0.514,0.486,0.601,0.551,0.558,0.553,0.595,0.53,0.606,0.612,0.601
2012-10-11 00:00:00,0.583,0.657,0.572,0.504,0.679,0.623,0.543,0.516,0.623,0.573,0.572,0.568,0.617,0.552,0.621,0.634,0.624
2012-10-11 01:00:00,0.591,0.657,0.579,0.504,0.686,0.623,0.551,0.516,0.63,0.58,0.58,0.561,0.631,0.559,0.621,0.641,0.631
2012-10-11 02:00:00,0.62,0.701,0.609,0.534,0.737,0.66,0.588,0.545,0.666,0.616,0.602,0.584,0.661,0.596,0.636,0.671,0.669
2012-10-11 03:00:00,0.702,0.795,0.698,0.599,0.832,0.742,0.676,0.619,0.754,0.696,0.684,0.645,0.756,0.677,0.704,0.767,0.761
2012-10-11 04:00:00,0.849,0.956,0.839,0.724,1.007,0.897,0.815,0.744,0.908,0.834,0.81,0.768,0.91,0.824,0.831,0.921,0.92
2012-10-11 05:00:00,0.923,1.051,0.913,0.797,1.094,0.979,0.896,0.81,0.996,0.913,0.877,0.83,0.998,0.898,0.898,1.01,1.004
2012-10-11 06:00:00,0.916,1.029,0.898,0.782,1.08,0.964,0.896,0.803,0.989,0.913,0.855,0.822,0.984,0.891,0.876,0.995,0.989
2012-10-11 07:00:00,0.894,1.0,0.876,0.768,1.051,0.934,0.874,0.781,0.959,0.899,0.825,0.799,0.969,0.876,0.846,0.973,0.974
2012-10-11 08:00:00,0.864,0.963,0.854,0.746,1.022,0.905,0.852,0.759,0.93,0.884,0.803,0.776,0.94,0.854,0.816,0.943,0.943
2012-10-11 09:00:00,0.849,0.941,0.839,0.724,0.992,0.883,0.837,0.744,0.901,0.87,0.781,0.761,0.91,0.832,0.794,0.929,0.928
2012-10-11 10:00:00,0.834,0.927,0.824,0.709,0.97,0.86,0.83,0.737,0.879,0.863,0.766,0.745,0.896,0.817,0.779,0.907,0.913
2012-10-11 11:00:00,0.82,0.912,0.817,0.702,0.963,0.845,0.823,0.729,0.857,0.855,0.751,0.737,0.881,0.802,0.771,0.899,0.905
2012-10-11 12:00:00,0.82,0.898,0.817,0.702,0.956,0.845,0.823,0.737,0.857,0.855,0.751,0.737,0.874,0.802,0.771,0.899,0.897
2012-10-11 13:00:00,0.827,0.905,0.824,0.716,0.956,0.853,0.83,0.744,0.857,0.863,0.766,0.753,0.874,0.802,0.779,0.899,0.913
2012-10-11 14:00:00,0.842,0.912,0.839,0.738,0.97,0.86,0.845,0.766,0.857,0.877,0.781,0.768,0.881,0.817,0.794,0.914,0.928
2012-10-11 15:00:00,0.857,0.927,0.854,0.76,0.985,0.875,0.859,0.788,0.864,0.899,0.803,0.791,0.896,0.832,0.808,0.929,0.958
2012-10-11 16:00:00,0.886,0.941,0.884,0.797,1.007,0.897,0.881,0.818,0.879,0.921,0.833,0.822,0.91,0.854,0.838,0.958,0.996
2012-10-11 17:00:00,0.894,0.941,0.891,0.819,1.022,0.897,0.881,0.84,0.879,0.928,0.847,0.845,0.91,0.854,0.853,0.958,1.019
2012-10-11 18:00:00,0.901,0.941,0.898,0.833,1.022,0.897,0.881,0.84,0.879,0.928,0.862,0.853,0.91,0.861,0.861,0.958,1.042
2012-10-11 19:00:00,0.886,0.927,0.891,0.833,1.0,0.883,0.867,0.84,0.864,0.921,0.855,0.853,0.888,0.854,0.853,0.943,1.034
2012-10-11 20:00:00,0.834,0.876,0.854,0.789,0.949,0.831,0.823,0.788,0.813,0.863,0.81,0.807,0.837,0.802,0.808,0.885,0.981
2012-10-11 21:00:00,0.746,0.774,0.757,0.702,0.839,0.734,0.727,0.7,0.725,0.761,0.721,0.714,0.741,0.714,0.719,0.781,0.867
2012-10-11 22:00:00,0.657,0.686,0.683,0.621,0.744,0.653,0.646,0.626,0.645,0.674,0.647,0.638,0.661,0.64,0.636,0.693,0.761
2012-10-11 23:00:00,0.628,0.642,0.646,0.592,0.708,0.623,0.61,0.597,0.615,0.638,0.617,0.607,0.624,0.611,0.606,0.663,0.723
2012-10-12 00:00:00,0.642,0.664,0.668,0.614,0.737,0.638,0.632,0.619,0.63,0.652,0.632,0.622,0.646,0.633,0.629,0.678,0.738
2012-10-12 01:00:00,0.642,0.657,0.668,0.614,0.737,0.638,0.632,0.619,0.623,0.652,0.632,0.622,0.646,0.64,0.621,0.686,0.73
2012-10-12 02:00:00,0.679,0.686,0.698,0.643,0.766,0.675,0.668,0.648,0.652,0.689,0.669,0.653,0.683,0.677,0.651,0.722,0.745
2012-10-12 03:00:00,0.753,0.752,0.78,0.724,0.846,0.749,0.742,0.722,0.725,0.768,0.751,0.73,0.763,0.751,0.726,0.796,0.821
2012-10-12 04:00:00,0.901,0.883,0.936,0.87,1.007,0.89,0.889,0.862,0.857,0.913,0.892,0.86,0.91,0.898,0.861,0.943,0.966
2012-10-12 05:00:00,0.975,0.949,1.017,0.95,1.094,0.972,0.962,0.943,0.923,0.986,0.966,0.93,0.984,0.979,0.936,1.025,1.042
2012-10-12 06:00:00,0.96,0.934,1.002,0.936,1.08,0.957,0.947,0.928,0.908,0.964,0.959,0.906,0.976,0.964,0.921,1.01,1.034
2012-10-12 07:00:00,0.938,0.905,0.995,0.921,1.058,0.942,0.933,0.906,0.894,0.942,0.937,0.883,0.954,0.957,0.891,0.995,1.019
2012-10-12 08:00:00,0.916,0.89,0.965,0.899,1.036,0.927,0.911,0.884,0.872,0.906,0.899,0.853,0.94,0.927,0.868,0.973,0.989
2012-10-12 09:00:00,0.901,0.876,0.958,0.884,1.014,0.92,0.896,0.869,0.864,0.884,0.877,0.837,0.932,0.92,0.846,0.958,0.966
2012-10-12 10:00:00,0.901,0.876,0.958,0.877,1.007,0.92,0.896,0.862,0.872,0.877,0.862,0.83,0.932,0.913,0.831,0.958,0.958
2012-10-12 11:00:00,0.908,0.89,0.973,0.884,1.014,0.934,0.903,0.869,0.886,0.877,0.862,0.837,0.94,0.927,0.831,0.973,0.966
2012-10-12 12:00:00,0.916,0.905,0.988,0.884,1.014,0.949,0.911,0.869,0.894,0.877,0.847,0.837,0.954,0.927,0.823,0.98,0.974
2012-10-12 13:00:00,0.938,0.927,1.01,0.906,1.036,0.979,0.94,0.891,0.93,0.892,0.855,0.853,0.976,0.957,0.838,1.01,0.996
2012-10-12 14:00:00,0.975,0.978,1.069,0.936,1.073,1.023,0.977,0.928,0.974,0.928,0.87,0.883,1.02,1.001,0.853,1.054,1.027
2012-10-12 15:00:00,1.019,1.022,1.114,0.979,1.109,1.083,1.036,0.972,1.025,0.957,0.885,0.914,1.064,1.045,0.876,1.113,1.065
2012-10-12 16:00:00,1.071,1.08,1.166,1.009,1.16,1.135,1.08,1.024,1.091,1.008,0.914,0.96,1.123,1.089,0.913,1.165,1.103
2012-10-12 17:00:00,1.1,1.117,1.203,1.038,1.182,1.172,1.116,1.053,1.135,1.037,0.929,0.983,1.16,1.126,0.928,1.201,1.126
2012-10-12 18:00:00,1.122,1.138,1.218,1.053,1.197,1.194,1.146,1.075,1.157,1.058,0.944,1.014,1.174,1.148,0.936,1.224,1.141
2012-10-12 19:00:00,1.122,1.146,1.225,1.053,1.197,1.209,1.153,1.083,1.172,1.058,0.937,1.022,1.189,1.148,0.936,1.224,1.141
2012-10-12 20:00:00,1.086,1.109,1.181,1.016,1.146,1.164,1.109,1.046,1.128,1.015,0.885,0.976,1.138,1.104,0.883,1.179,1.095
2012-10-12 21:00:00,0.982,1.014,1.084,0.921,1.036,1.061,1.006,0.958,1.025,0.928,0.781,0.868,1.028,0.994,0.779,1.076,0.981
2012-10-12 22:00:00,0.894,0.927,0.995,0.841,0.941,0.964,0.911,0.877,0.93,0.841,0.691,0.776,0.932,0.905,0.689,0.973,0.89
2012-10-12 23:00:00,0.849,0.883,0.965,0.804,0.89,0.912,0.874,0.84,0.886,0.805,0.654,0.73,0.888,0.861,0.651,0.936,0.837
2012-10-13 00:00:00,0.864,0.89,0.995,0.811,0.897,0.92,0.881,0.854,0.894,0.812,0.669,0.745,0.896,0.869,0.659,0.943,0.867
2012-10-13 01:00:00,0.864,0.898,1.01,0.811,0.89,0.927,0.874,0.862,0.894,0.805,0.662,0.737,0.888,0.869,0.659,0.951,0.867
2012-10-13 02:00:00,0.886,0.92,1.04,0.833,0.912,0.949,0.896,0.884,0.916,0.819,0.684,0.768,0.91,0.883,0.681,0.966,0.905
2012-10-13 03:00:00,0.953,0.985,1.114,0.892,0.985,1.016,0.955,0.95,0.981,0.877,0.766,0.86,0.969,0.942,0.756,1.032,1.004
2012-10-13 04:00:00,1.122,1.168,1.307,1.045,1.16,1.194,1.116,1.12,1.157,1.022,0.907,1.022,1.138,1.111,0.898,1.216,1.202
2012-10-13 05:00:00,1.196,1.248,1.389,1.118,1.233,1.268,1.19,1.201,1.23,1.116,0.974,1.099,1.204,1.185,0.966,1.29,1.285
2012-10-13 06:00:00,1.167,1.204,1.351,1.096,1.189,1.231,1.153,1.178,1.216,1.095,0.944,1.083,1.16,1.148,0.943,1.253,1.247
2012-10-13 07:00:00,1.13,1.16,1.314,1.082,1.138,1.194,1.131,1.156,1.157,1.058,0.922,1.052,1.13,1.119,0.906,1.209,1.202
2012-10-13 08:00:00,1.093,1.117,1.277,1.067,1.073,1.157,1.102,1.142,1.077,1.015,0.892,1.014,1.064,1.089,0.868,1.165,1.141
2012-10-13 09:00:00,1.056,1.051,1.233,1.053,1.022,1.112,1.065,1.112,1.011,0.993,0.877,0.991,1.006,1.053,0.838,1.12,1.088
2012-10-13 10:00:00,1.012,0.993,1.188,1.031,0.985,1.068,1.021,1.083,0.959,0.971,0.862,0.96,0.954,1.016,0.816,1.054,1.05
2012-10-13 11:00:00,0.99,0.949,1.151,1.023,0.941,1.031,0.999,1.075,0.908,0.957,0.862,0.937,0.91,0.994,0.801,1.01,1.012
2012-10-13 12:00:00,0.96,0.905,1.121,1.031,0.912,0.979,0.955,1.068,0.872,0.95,0.892,0.93,0.874,0.957,0.801,0.973,0.981
2012-10-13 13:00:00,0.953,0.876,1.106,1.031,0.89,0.957,0.94,1.061,0.835,0.95,0.907,0.922,0.851,0.942,0.808,0.951,0.966
2012-10-13 14:00:00,0.938,0.839,1.084,1.038,0.868,0.934,0.918,1.053,0.806,0.957,0.929,0.922,0.822,0.942,0.808,0.929,0.943
2012-10-13 15:00:00,0.938,0.817,1.077,1.06,0.861,0.927,0.918,1.061,0.791,0.979,0.952,0.93,0.807,0.95,0.831,0.914,0.943
2012-10-13 16:00:00,0.938,0.803,1.062,1.075,0.854,0.912,0.911,1.068,0.769,0.986,0.981,0.945,0.785,0.957,0.853,0.907,0.943
2012-10-13 17:00:00,0.916,0.766,1.054,1.067,0.832,0.897,0.889,1.053,0.732,0.993,0.989,0.945,0.756,0.95,0.861,0.877,0.928
2012-10-13 18:00:00,0.901,0.73,1.04,1.053,0.81,0.868,0.859,1.053,0.688,0.986,0.989,0.937,0.719,0.942,0.861,0.848,0.905
2012-10-13 19:00:00,0.857,0.693,0.988,1.031,0.773,0.816,0.823,1.016,0.645,0.957,0.981,0.906,0.675,0.905,0.853,0.796,0.859
2012-10-13 20:00:00,0.798,0.613,0.906,0.965,0.708,0.742,0.749,0.95,0.586,0.899,0.929,0.853,0.609,0.854,0.808,0.722,0.791
2012-10-13 21:00:00,0.694,0.518,0.772,0.87,0.606,0.638,0.654,0.825,0.483,0.79,0.84,0.753,0.521,0.751,0.719,0.619,0.685
2012-10-13 22:00:00,0.606,0.431,0.668,0.782,0.533,0.549,0.573,0.729,0.403,0.696,0.758,0.668,0.455,0.67,0.651,0.531,0.593
2012-10-13 23:00:00,0.554,0.387,0.594,0.738,0.482,0.504,0.529,0.67,0.359,0.652,0.721,0.622,0.404,0.618,0.606,0.479,0.54
2012-10-14 00:00:00,0.561,0.387,0.587,0.76,0.489,0.512,0.543,0.678,0.359,0.674,0.736,0.63,0.404,0.64,0.629,0.486,0.548
2012-10-14 01:00:00,0.569,0.379,0.572,0.775,0.482,0.504,0.543,0.678,0.359,0.681,0.751,0.638,0.396,0.64,0.644,0.479,0.548
2012-10-14 02:00:00,0.583,0.394,0.572,0.797,0.496,0.519,0.566,0.7,0.374,0.718,0.773,0.653,0.411,0.662,0.666,0.486,0.555
2012-10-14 03:00:00,0.65,0.445,0.631,0.863,0.555,0.578,0.639,0.773,0.417,0.812,0.847,0.73,0.462,0.736,0.749,0.545,0.616
2012-10-14 04:00:00,0.775,0.555,0.743,1.023,0.657,0.675,0.764,0.913,0.52,0.971,1.004,0.86,0.587,0.869,0.891,0.634,0.723
2012-10-14 05:00:00,0.842,0.62,0.802,1.096,0.708,0.734,0.823,0.98,0.579,1.058,1.078,0.922,0.653,0.935,0.958,0.686,0.783
2012-10-14 06:00:00,0.82,0.62,0.787,1.067,0.693,0.719,0.808,0.95,0.579,1.029,1.056,0.899,0.653,0.913,0.936,0.671,0.776
2012-10-14 07:00:00,0.79,0.591,0.765,1.045,0.679,0.697,0.786,0.921,0.557,0.993,1.026,0.86,0.617,0.883,0.906,0.656,0.745
2012-10-14 08:00:00,0.761,0.577,0.75,1.009,0.649,0.675,0.749,0.877,0.542,0.95,0.989,0.822,0.602,0.854,0.876,0.634,0.723
2012-10-14 09:00:00,0.746,0.569,0.735,0.979,0.635,0.66,0.72,0.847,0.535,0.906,0.952,0.799,0.587,0.824,0.846,0.627,0.7
2012-10-14 10:00:00,0.724,0.562,0.728,0.958,0.62,0.645,0.705,0.825,0.527,0.877,0.914,0.776,0.565,0.802,0.831,0.619,0.692
2012-10-14 11:00:00,0.709,0.569,0.728,0.943,0.613,0.638,0.683,0.803,0.535,0.855,0.892,0.761,0.558,0.788,0.816,0.619,0.677
2012-10-14 12:00:00,0.709,0.577,0.735,0.914,0.62,0.645,0.676,0.795,0.527,0.834,0.855,0.761,0.558,0.773,0.808,0.627,0.677
2012-10-14 13:00:00,0.716,0.598,0.75,0.906,0.635,0.653,0.676,0.803,0.527,0.826,0.847,0.768,0.565,0.78,0.816,0.641,0.692
2012-10-14 14:00:00,0.724,0.628,0.757,0.914,0.657,0.667,0.69,0.803,0.535,0.819,0.847,0.784,0.573,0.78,0.823,0.663,0.707
2012-10-14 15:00:00,0.746,0.657,0.794,0.921,0.679,0.682,0.698,0.832,0.549,0.826,0.862,0.814,0.587,0.802,0.853,0.693,0.73
2012-10-14 16:00:00,0.768,0.686,0.809,0.943,0.708,0.712,0.72,0.847,0.579,0.834,0.87,0.837,0.609,0.81,0.876,0.722,0.761
2012-10-14 17:00:00,0.783,0.708,0.832,0.95,0.722,0.719,0.727,0.862,0.608,0.834,0.877,0.853,0.624,0.817,0.898,0.744,0.776
2012-10-14 18:00:00,0.79,0.723,0.846,0.95,0.737,0.734,0.734,0.869,0.645,0.834,0.877,0.86,0.631,0.817,0.913,0.759,0.791
2012-10-14 19:00:00,0.775,0.708,0.839,0.928,0.73,0.727,0.727,0.854,0.637,0.805,0.862,0.853,0.624,0.795,0.898,0.759,0.791
2012-10-14 20:00:00,0.738,0.671,0.802,0.87,0.7,0.69,0.69,0.81,0.601,0.747,0.818,0.807,0.58,0.743,0.853,0.73,0.753
2012-10-14 21:00:00,0.65,0.591,0.705,0.76,0.62,0.608,0.61,0.707,0.535,0.652,0.721,0.714,0.514,0.64,0.749,0.649,0.677
2012-10-14 22:00:00,0.576,0.525,0.624,0.672,0.555,0.534,0.536,0.626,0.469,0.573,0.639,0.63,0.455,0.559,0.659,0.575,0.601
2012-10-14 23:00:00,0.539,0.496,0.587,0.629,0.525,0.504,0.507,0.582,0.425,0.536,0.602,0.599,0.426,0.523,0.621,0.545,0.578
2012-10-15 00:00:00,0.546,0.511,0.609,0.636,0.54,0.512,0.507,0.589,0.425,0.536,0.617,0.622,0.411,0.53,0.629,0.56,0.593
2012-10-15 01:00:00,0.539,0.511,0.609,0.621,0.547,0.504,0.499,0.582,0.425,0.522,0.602,0.622,0.411,0.523,0.629,0.56,0.601
2012-10-15 02:00:00,0.561,0.533,0.639,0.636,0.569,0.519,0.507,0.604,0.439,0.529,0.617,0.653,0.426,0.53,0.651,0.582,0.631
2012-10-15 03:00:00,0.62,0.591,0.713,0.694,0.635,0.571,0.543,0.663,0.505,0.573,0.676,0.722,0.492,0.582,0.726,0.641,0.707
2012-10-15 04:00:00,0.746,0.708,0.854,0.826,0.773,0.682,0.639,0.788,0.63,0.674,0.803,0.868,0.617,0.692,0.868,0.774,0.859
2012-10-15 05:00:00,0.798,0.759,0.921,0.877,0.832,0.727,0.676,0.847,0.703,0.71,0.855,0.945,0.683,0.729,0.936,0.833,0.935
2012-10-15 06:00:00,0.775,0.737,0.906,0.841,0.817,0.697,0.646,0.81,0.674,0.689,0.825,0.922,0.653,0.699,0.906,0.811,0.913
2012-10-15 07:00:00,0.731,0.708,0.869,0.797,0.781,0.66,0.602,0.766,0.615,0.652,0.788,0.891,0.602,0.655,0.861,0.781,0.882
2012-10-15 08:00:00,0.694,0.664,0.832,0.746,0.752,0.63,0.566,0.722,0.579,0.616,0.751,0.853,0.558,0.611,0.816,0.752,0.852
2012-10-15 09:00:00,0.665,0.628,0.802,0.709,0.73,0.601,0.551,0.685,0.542,0.58,0.721,0.822,0.521,0.582,0.779,0.715,0.829
2012-10-15 10:00:00,0.635,0.598,0.765,0.672,0.708,0.571,0.514,0.656,0.505,0.551,0.699,0.791,0.492,0.552,0.749,0.686,0.806
2012-10-15 11:00:00,0.613,0.569,0.743,0.651,0.693,0.556,0.485,0.633,0.483,0.536,0.684,0.776,0.47,0.545,0.726,0.671,0.791
2012-10-15 12:00:00,0.583,0.54,0.713,0.621,0.679,0.527,0.455,0.611,0.447,0.5,0.669,0.753,0.448,0.523,0.704,0.649,0.776
2012-10-15 13:00:00,0.576,0.511,0.698,0.607,0.671,0.512,0.441,0.604,0.425,0.478,0.662,0.745,0.433,0.501,0.681,0.634,0.768
2012-10-15 14:00:00,0.569,0.511,0.698,0.599,0.679,0.504,0.426,0.604,0.417,0.471,0.662,0.737,0.426,0.501,0.681,0.634,0.776
2012-10-15 15:00:00,0.561,0.511,0.705,0.592,0.693,0.504,0.426,0.604,0.403,0.457,0.669,0.745,0.426,0.501,0.681,0.634,0.791
2012-10-15 16:00:00,0.569,0.518,0.713,0.592,0.708,0.497,0.419,0.604,0.388,0.449,0.676,0.753,0.418,0.508,0.689,0.641,0.806
2012-10-15 17:00:00,0.569,0.54,0.72,0.585,0.722,0.504,0.419,0.604,0.381,0.442,0.676,0.753,0.418,0.523,0.681,0.649,0.814
2012-10-15 18:00:00,0.569,0.555,0.705,0.577,0.715,0.512,0.419,0.597,0.366,0.435,0.669,0.737,0.418,0.537,0.666,0.641,0.806
2012-10-15 19:00:00,0.546,0.555,0.683,0.556,0.715,0.497,0.397,0.575,0.344,0.413,0.647,0.722,0.404,0.53,0.644,0.619,0.799
2012-10-15 20:00:00,0.517,0.54,0.639,0.519,0.664,0.467,0.367,0.545,0.315,0.384,0.595,0.676,0.374,0.501,0.599,0.597,0.745
2012-10-15 21:00:00,0.45,0.467,0.564,0.453,0.598,0.4,0.301,0.464,0.271,0.319,0.52,0.592,0.316,0.42,0.517,0.516,0.662
2012-10-15 22:00:00,0.369,0.387,0.49,0.38,0.525,0.326,0.235,0.383,0.22,0.254,0.446,0.515,0.25,0.339,0.449,0.428,0.578
2012-10-15 23:00:00,0.34,0.358,0.46,0.344,0.511,0.297,0.213,0.354,0.198,0.225,0.416,0.484,0.22,0.302,0.419,0.405,0.548
2012-10-16 00:00:00,0.34,0.358,0.468,0.336,0.518,0.289,0.198,0.354,0.19,0.217,0.431,0.492,0.213,0.294,0.434,0.398,0.555
2012-10-16 01:00:00,0.332,0.35,0.453,0.336,0.518,0.282,0.191,0.346,0.183,0.21,0.424,0.484,0.198,0.28,0.419,0.391,0.555
2012-10-16 02:00:00,0.34,0.365,0.46,0.336,0.533,0.297,0.191,0.354,0.183,0.21,0.431,0.499,0.198,0.287,0.434,0.405,0.57
2012-10-16 03:00:00,0.377,0.423,0.49,0.38,0.598,0.326,0.206,0.398,0.205,0.232,0.468,0.553,0.22,0.317,0.464,0.464,0.639
2012-10-16 04:00:00,0.458,0.518,0.609,0.453,0.708,0.4,0.25,0.479,0.242,0.283,0.55,0.653,0.257,0.39,0.561,0.575,0.753
2012-10-16 05:00:00,0.487,0.577,0.653,0.49,0.759,0.43,0.257,0.516,0.256,0.304,0.587,0.691,0.272,0.42,0.614,0.619,0.806
2012-10-16 06:00:00,0.465,0.562,0.609,0.468,0.752,0.4,0.235,0.486,0.242,0.283,0.572,0.714,0.242,0.397,0.599,0.59,0.776
2012-10-16 07:00:00,0.428,0.518,0.535,0.424,0.73,0.363,0.206,0.435,0.212,0.246,0.543,0.661,0.213,0.361,0.546,0.538,0.745
2012-10-16 08:00:00,0.391,0.496,0.483,0.387,0.7,0.326,0.191,0.398,0.183,0.225,0.513,0.615,0.184,0.331,0.509,0.501,0.707
2012-10-16 09:00:00,0.362,0.482,0.431,0.358,0.686,0.297,0.176,0.361,0.168,0.203,0.491,0.576,0.169,0.309,0.472,0.472,0.677
2012-10-16 10:00:00,0.34,0.467,0.394,0.329,0.679,0.274,0.162,0.331,0.161,0.188,0.461,0.545,0.147,0.287,0.449,0.45,0.662
2012-10-16 11:00:00,0.332,0.467,0.379,0.314,0.671,0.267,0.154,0.309,0.161,0.174,0.439,0.53,0.139,0.272,0.427,0.435,0.646
2012-10-16 12:00:00,0.325,0.467,0.364,0.307,0.671,0.252,0.154,0.295,0.168,0.167,0.424,0.515,0.132,0.258,0.419,0.428,0.646
2012-10-16 13:00:00,0.318,0.467,0.356,0.3,0.686,0.245,0.154,0.28,0.176,0.159,0.409,0.507,0.125,0.25,0.404,0.428,0.654
2012-10-16 14:00:00,0.318,0.482,0.356,0.3,0.715,0.245,0.169,0.273,0.19,0.152,0.409,0.515,0.132,0.243,0.404,0.435,0.669
2012-10-16 15:00:00,0.332,0.489,0.364,0.307,0.737,0.252,0.176,0.273,0.22,0.159,0.409,0.522,0.147,0.243,0.412,0.45,0.692
2012-10-16 16:00:00,0.34,0.504,0.364,0.314,0.773,0.267,0.191,0.273,0.249,0.167,0.409,0.545,0.169,0.25,0.419,0.464,0.723
2012-10-16 17:00:00,0.354,0.533,0.371,0.322,0.803,0.274,0.206,0.265,0.271,0.181,0.424,0.584,0.191,0.25,0.434,0.486,0.745
2012-10-16 18:00:00,0.377,0.555,0.394,0.344,0.817,0.289,0.22,0.273,0.308,0.188,0.439,0.615,0.213,0.25,0.449,0.516,0.768
2012-10-16 19:00:00,0.377,0.555,0.401,0.344,0.825,0.304,0.22,0.273,0.33,0.196,0.431,0.63,0.228,0.25,0.449,0.531,0.776
2012-10-16 20:00:00,0.377,0.54,0.394,0.329,0.795,0.311,0.22,0.265,0.344,0.188,0.416,0.615,0.25,0.243,0.434,0.523,0.738
2012-10-16 21:00:00,0.34,0.489,0.356,0.292,0.715,0.289,0.198,0.236,0.33,0.159,0.357,0.538,0.242,0.213,0.382,0.472,0.662
2012-10-16 22:00:00,0.303,0.438,0.319,0.249,0.642,0.267,0.176,0.199,0.308,0.138,0.305,0.484,0.228,0.184,0.329,0.42,0.601
2012-10-16 23:00:00,0.295,0.452,0.312,0.234,0.613,0.274,0.176,0.206,0.308,0.123,0.282,0.461,0.242,0.184,0.307,0.405,0.57
2012-10-17 00:00:00,0.318,0.489,0.334,0.241,0.635,0.297,0.191,0.221,0.352,0.123,0.282,0.484,0.272,0.191,0.314,0.457,0.593
2012-10-17 01:00:00,0.34,0.511,0.356,0.249,0.635,0.334,0.206,0.236,0.381,0.123,0.297,0.484,0.308,0.199,0.337,0.472,0.586
2012-10-17 02:00:00,0.369,0.555,0.394,0.263,0.679,0.371,0.228,0.258,0.425,0.13,0.312,0.515,0.345,0.213,0.367,0.516,0.608
2012-10-17 03:00:00,0.428,0.65,0.483,0.322,0.752,0.467,0.279,0.317,0.527,0.152,0.357,0.576,0.433,0.258,0.442,0.597,0.685
2012-10-17 04:00:00,0.554,0.795,0.609,0.417,0.897,0.616,0.375,0.427,0.674,0.188,0.461,0.691,0.58,0.339,0.569,0.737,0.806
2012-10-17 05:00:00,0.62,0.876,0.683,0.468,0.978,0.667,0.433,0.493,0.762,0.21,0.52,0.768,0.683,0.383,0.651,0.818,0.882
2012-10-17 06:00:00,0.62,0.876,0.698,0.468,0.963,0.682,0.433,0.501,0.776,0.203,0.513,0.768,0.661,0.375,0.606,0.818,0.867
2012-10-17 07:00:00,0.606,0.861,0.698,0.439,0.949,0.675,0.411,0.486,0.776,0.188,0.483,0.761,0.668,0.353,0.599,0.811,0.844
2012-10-17 08:00:00,0.598,0.839,0.691,0.417,0.919,0.667,0.397,0.479,0.776,0.174,0.461,0.753,0.668,0.339,0.591,0.796,0.821
2012-10-17 09:00:00,0.591,0.825,0.691,0.395,0.897,0.667,0.389,0.457,0.769,0.167,0.439,0.745,0.675,0.324,0.584,0.781,0.799
2012-10-17 10:00:00,0.583,0.817,0.691,0.373,0.883,0.66,0.389,0.449,0.769,0.152,0.424,0.745,0.683,0.317,0.576,0.774,0.791
2012-10-17 11:00:00,0.576,0.825,0.691,0.358,0.883,0.66,0.389,0.442,0.769,0.152,0.409,0.745,0.69,0.317,0.569,0.774,0.783
2012-10-17 12:00:00,0.576,0.825,0.691,0.344,0.868,0.667,0.389,0.442,0.769,0.152,0.401,0.745,0.697,0.317,0.576,0.781,0.768
2012-10-17 13:00:00,0.583,0.847,0.705,0.329,0.868,0.682,0.389,0.435,0.784,0.152,0.394,0.761,0.719,0.317,0.584,0.789,0.768
2012-10-17 14:00:00,0.598,0.868,0.72,0.322,0.883,0.705,0.404,0.442,0.798,0.167,0.387,0.784,0.741,0.324,0.599,0.811,0.783
2012-10-17 15:00:00,0.613,0.898,0.743,0.314,0.89,0.727,0.411,0.457,0.828,0.188,0.394,0.799,0.771,0.331,0.621,0.833,0.791
2012-10-17 16:00:00,0.635,0.934,0.772,0.307,0.919,0.756,0.426,0.471,0.857,0.203,0.387,0.83,0.807,0.346,0.644,0.862,0.814
2012-10-17 17:00:00,0.657,0.956,0.794,0.314,0.927,0.779,0.455,0.493,0.879,0.225,0.401,0.845,0.837,0.361,0.659,0.885,0.821
2012-10-17 18:00:00,0.672,0.971,0.817,0.314,0.934,0.801,0.477,0.523,0.901,0.239,0.416,0.845,0.851,0.383,0.666,0.899,0.821
2012-10-17 19:00:00,0.672,0.978,0.809,0.314,0.919,0.801,0.492,0.523,0.908,0.254,0.416,0.837,0.859,0.39,0.666,0.899,0.806
2012-10-17 20:00:00,0.642,0.92,0.765,0.307,0.861,0.756,0.485,0.508,0.857,0.268,0.401,0.784,0.815,0.383,0.629,0.848,0.761
2012-10-17 21:00:00,0.569,0.81,0.683,0.27,0.752,0.667,0.433,0.449,0.754,0.254,0.357,0.691,0.719,0.346,0.561,0.744,0.662
2012-10-17 22:00:00,0.502,0.715,0.601,0.234,0.664,0.593,0.375,0.383,0.659,0.232,0.305,0.607,0.631,0.302,0.494,0.656,0.586
2012-10-17 23:00:00,0.473,0.664,0.557,0.227,0.62,0.556,0.353,0.354,0.615,0.232,0.282,0.568,0.587,0.287,0.464,0.612,0.548
2012-10-18 00:00:00,0.473,0.664,0.564,0.234,0.628,0.556,0.36,0.354,0.615,0.246,0.282,0.576,0.595,0.302,0.464,0.619,0.555
2012-10-18 01:00:00,0.465,0.642,0.549,0.241,0.62,0.541,0.36,0.354,0.593,0.261,0.282,0.568,0.573,0.309,0.464,0.604,0.548
2012-10-18 02:00:00,0.48,0.657,0.557,0.256,0.635,0.549,0.375,0.368,0.601,0.29,0.297,0.576,0.587,0.331,0.464,0.612,0.57
2012-10-18 03:00:00,0.532,0.708,0.609,0.307,0.7,0.593,0.426,0.42,0.652,0.341,0.342,0.638,0.639,0.383,0.502,0.671,0.631
2012-10-18 04:00:00,0.635,0.825,0.705,0.387,0.825,0.697,0.536,0.523,0.754,0.442,0.431,0.753,0.734,0.493,0.584,0.781,0.745
2012-10-18 05:00:00,0.694,0.876,0.75,0.446,0.876,0.749,0.61,0.589,0.798,0.515,0.498,0.807,0.785,0.567,0.636,0.833,0.791
2012-10-18 06:00:00,0.679,0.847,0.728,0.453,0.839,0.727,0.624,0.597,0.769,0.522,0.505,0.784,0.763,0.574,0.621,0.811,0.761
2012-10-18 07:00:00,0.657,0.81,0.698,0.453,0.795,0.705,0.588,0.575,0.732,0.515,0.505,0.753,0.734,0.567,0.614,0.781,0.723
2012-10-18 08:00:00,0.642,0.766,0.668,0.468,0.744,0.682,0.58,0.575,0.688,0.515,0.505,0.714,0.705,0.567,0.599,0.744,0.685
2012-10-18 09:00:00,0.62,0.737,0.646,0.482,0.708,0.667,0.573,0.56,0.652,0.515,0.513,0.684,0.683,0.559,0.591,0.722,0.646
2012-10-18 10:00:00,0.613,0.708,0.631,0.497,0.671,0.653,0.566,0.567,0.623,0.515,0.528,0.661,0.668,0.559,0.584,0.7,0.616
2012-10-18 11:00:00,0.613,0.679,0.624,0.526,0.642,0.645,0.566,0.589,0.601,0.515,0.558,0.638,0.653,0.574,0.591,0.686,0.586
2012-10-18 12:00:00,0.613,0.657,0.624,0.563,0.628,0.645,0.573,0.611,0.586,0.529,0.587,0.622,0.653,0.582,0.599,0.671,0.563
2012-10-18 13:00:00,0.62,0.635,0.631,0.607,0.62,0.653,0.588,0.633,0.557,0.536,0.632,0.615,0.661,0.604,0.606,0.671,0.54
2012-10-18 14:00:00,0.635,0.628,0.653,0.651,0.613,0.667,0.61,0.67,0.542,0.551,0.676,0.615,0.668,0.626,0.629,0.678,0.532
2012-10-18 15:00:00,0.65,0.628,0.661,0.702,0.584,0.682,0.639,0.7,0.527,0.558,0.728,0.615,0.683,0.655,0.644,0.686,0.525
2012-10-18 16:00:00,0.679,0.635,0.691,0.76,0.591,0.705,0.668,0.737,0.52,0.58,0.795,0.63,0.69,0.692,0.674,0.708,0.532
2012-10-18 17:00:00,0.694,0.635,0.705,0.804,0.598,0.719,0.698,0.766,0.513,0.587,0.847,0.615,0.697,0.721,0.689,0.715,0.54
2012-10-18 18:00:00,0.709,0.628,0.713,0.841,0.598,0.719,0.712,0.781,0.505,0.594,0.87,0.63,0.69,0.743,0.704,0.715,0.548
2012-10-18 19:00:00,0.694,0.613,0.698,0.855,0.584,0.705,0.712,0.788,0.469,0.58,0.87,0.622,0.668,0.743,0.689,0.7,0.532
2012-10-18 20:00:00,0.65,0.577,0.653,0.819,0.54,0.653,0.668,0.737,0.425,0.536,0.833,0.592,0.617,0.707,0.651,0.649,0.487
2012-10-18 21:00:00,0.569,0.482,0.572,0.724,0.452,0.564,0.588,0.656,0.352,0.471,0.736,0.507,0.536,0.626,0.576,0.568,0.411
2012-10-18 22:00:00,0.487,0.394,0.497,0.636,0.372,0.489,0.521,0.575,0.278,0.391,0.654,0.43,0.462,0.559,0.509,0.486,0.342
2012-10-18 23:00:00,0.443,0.35,0.46,0.599,0.328,0.445,0.485,0.545,0.242,0.348,0.61,0.384,0.404,0.523,0.479,0.442,0.297
2012-10-19 00:00:00,0.45,0.336,0.46,0.607,0.321,0.452,0.485,0.552,0.227,0.348,0.624,0.392,0.389,0.53,0.487,0.42,0.289
2012-10-19 01:00:00,0.436,0.328,0.446,0.592,0.306,0.408,0.477,0.538,0.212,0.348,0.61,0.376,0.374,0.523,0.479,0.413,0.274
2012-10-19 02:00:00,0.436,0.328,0.431,0.614,0.306,0.415,0.485,0.552,0.205,0.348,0.624,0.384,0.374,0.53,0.487,0.413,0.274
2012-10-19 03:00:00,0.487,0.365,0.483,0.68,0.328,0.467,0.529,0.611,0.227,0.399,0.691,0.43,0.418,0.589,0.539,0.457,0.289
2012-10-19 04:00:00,0.576,0.445,0.587,0.797,0.387,0.556,0.61,0.707,0.271,0.478,0.81,0.515,0.506,0.685,0.629,0.553,0.335
2012-10-19 05:00:00,0.613,0.474,0.624,0.855,0.409,0.601,0.646,0.751,0.278,0.522,0.862,0.553,0.543,0.721,0.659,0.59,0.35
2012-10-19 06:00:00,0.583,0.452,0.594,0.826,0.372,0.578,0.61,0.722,0.249,0.507,0.833,0.515,0.514,0.699,0.629,0.553,0.327
2012-10-19 07:00:00,0.546,0.409,0.542,0.789,0.328,0.527,0.602,0.685,0.227,0.464,0.788,0.461,0.47,0.662,0.584,0.501,0.289
2012-10-19 08:00:00,0.51,0.372,0.497,0.746,0.299,0.489,0.566,0.641,0.212,0.435,0.743,0.415,0.426,0.618,0.561,0.457,0.266
2012-10-19 09:00:00,0.473,0.343,0.453,0.709,0.277,0.452,0.529,0.611,0.205,0.413,0.699,0.376,0.396,0.589,0.517,0.42,0.243
2012-10-19 10:00:00,0.443,0.328,0.423,0.68,0.255,0.423,0.499,0.582,0.19,0.391,0.669,0.346,0.374,0.559,0.472,0.391,0.228
2012-10-19 11:00:00,0.428,0.321,0.401,0.651,0.241,0.408,0.485,0.56,0.176,0.384,0.632,0.323,0.36,0.545,0.449,0.369,0.221
2012-10-19 12:00:00,0.414,0.321,0.379,0.629,0.233,0.4,0.47,0.545,0.168,0.384,0.61,0.307,0.352,0.53,0.427,0.354,0.205
2012-10-19 13:00:00,0.406,0.328,0.364,0.614,0.226,0.386,0.455,0.538,0.161,0.384,0.595,0.292,0.345,0.523,0.404,0.346,0.205
2012-10-19 14:00:00,0.406,0.336,0.356,0.607,0.219,0.386,0.455,0.538,0.161,0.391,0.587,0.284,0.352,0.508,0.397,0.346,0.205
2012-10-19 15:00:00,0.406,0.35,0.356,0.607,0.219,0.393,0.463,0.516,0.161,0.406,0.587,0.277,0.36,0.501,0.389,0.346,0.205
2012-10-19 16:00:00,0.406,0.365,0.349,0.607,0.226,0.393,0.47,0.523,0.168,0.42,0.58,0.277,0.367,0.508,0.389,0.339,0.213
2012-10-19 17:00:00,0.421,0.394,0.349,0.599,0.226,0.4,0.492,0.538,0.176,0.442,0.58,0.277,0.389,0.53,0.397,0.346,0.213
2012-10-19 18:00:00,0.436,0.416,0.356,0.592,0.226,0.415,0.514,0.552,0.198,0.464,0.58,0.277,0.411,0.552,0.404,0.354,0.221
2012-10-19 19:00:00,0.428,0.423,0.342,0.57,0.226,0.408,0.514,0.545,0.212,0.471,0.565,0.269,0.411,0.545,0.397,0.346,0.213
2012-10-19 20:00:00,0.406,0.423,0.327,0.534,0.212,0.393,0.492,0.523,0.205,0.457,0.535,0.254,0.396,0.515,0.374,0.332,0.205
2012-10-19 21:00:00,0.362,0.379,0.282,0.461,0.182,0.349,0.433,0.449,0.176,0.406,0.461,0.215,0.352,0.449,0.314,0.287,0.175
2012-10-19 22:00:00,0.303,0.336,0.238,0.395,0.153,0.289,0.367,0.383,0.146,0.341,0.409,0.177,0.301,0.375,0.262,0.243,0.145
2012-10-19 23:00:00,0.281,0.307,0.223,0.351,0.139,0.267,0.338,0.346,0.139,0.304,0.379,0.161,0.279,0.339,0.24,0.229,0.129
2012-10-20 00:00:00,0.281,0.307,0.223,0.351,0.146,0.267,0.338,0.346,0.146,0.297,0.387,0.161,0.279,0.339,0.24,0.229,0.137
2012-10-20 01:00:00,0.273,0.307,0.223,0.351,0.146,0.26,0.338,0.346,0.146,0.29,0.387,0.161,0.279,0.346,0.232,0.229,0.137
2012-10-20 02:00:00,0.288,0.321,0.23,0.358,0.146,0.274,0.353,0.361,0.154,0.304,0.394,0.169,0.286,0.353,0.24,0.236,0.145
2012-10-20 03:00:00,0.325,0.365,0.26,0.409,0.168,0.311,0.404,0.412,0.176,0.341,0.439,0.192,0.33,0.405,0.277,0.273,0.16
2012-10-20 04:00:00,0.406,0.445,0.319,0.504,0.204,0.393,0.499,0.508,0.212,0.413,0.528,0.23,0.404,0.501,0.337,0.346,0.198
2012-10-20 05:00:00,0.45,0.496,0.356,0.556,0.233,0.43,0.558,0.567,0.242,0.457,0.565,0.261,0.448,0.559,0.374,0.391,0.221
2012-10-20 06:00:00,0.436,0.482,0.342,0.526,0.226,0.415,0.543,0.552,0.234,0.435,0.55,0.254,0.44,0.537,0.359,0.383,0.213
2012-10-20 07:00:00,0.414,0.46,0.327,0.482,0.212,0.393,0.507,0.516,0.227,0.399,0.543,0.23,0.418,0.508,0.337,0.361,0.19
2012-10-20 08:00:00,0.391,0.445,0.312,0.453,0.204,0.378,0.492,0.493,0.212,0.384,0.52,0.223,0.404,0.486,0.322,0.346,0.183
2012-10-20 09:00:00,0.377,0.438,0.304,0.431,0.197,0.363,0.47,0.471,0.198,0.37,0.498,0.215,0.396,0.464,0.307,0.339,0.183
2012-10-20 10:00:00,0.369,0.423,0.297,0.409,0.182,0.349,0.455,0.449,0.198,0.355,0.491,0.207,0.389,0.449,0.292,0.332,0.175
2012-10-20 11:00:00,0.362,0.431,0.297,0.402,0.175,0.349,0.455,0.442,0.205,0.348,0.491,0.207,0.382,0.442,0.292,0.332,0.183
2012-10-20 12:00:00,0.362,0.431,0.297,0.395,0.175,0.349,0.448,0.435,0.212,0.341,0.491,0.207,0.382,0.434,0.292,0.332,0.183
2012-10-20 13:00:00,0.362,0.438,0.297,0.395,0.168,0.349,0.448,0.435,0.234,0.333,0.491,0.207,0.382,0.434,0.292,0.332,0.183
2012-10-20 14:00:00,0.369,0.452,0.297,0.395,0.168,0.356,0.455,0.442,0.256,0.333,0.505,0.207,0.389,0.434,0.299,0.339,0.183
2012-10-20 15:00:00,0.377,0.467,0.312,0.395,0.175,0.363,0.463,0.449,0.286,0.333,0.513,0.215,0.396,0.442,0.307,0.346,0.19
2012-10-20 16:00:00,0.391,0.496,0.312,0.409,0.175,0.378,0.477,0.464,0.322,0.341,0.528,0.223,0.411,0.464,0.314,0.369,0.198
2012-10-20 17:00:00,0.414,0.525,0.327,0.424,0.182,0.4,0.499,0.486,0.366,0.348,0.535,0.23,0.433,0.486,0.329,0.391,0.213
2012-10-20 18:00:00,0.428,0.555,0.342,0.439,0.197,0.423,0.521,0.508,0.395,0.362,0.543,0.238,0.455,0.508,0.344,0.405,0.228
2012-10-20 19:00:00,0.428,0.569,0.342,0.431,0.197,0.43,0.521,0.508,0.41,0.362,0.535,0.238,0.462,0.515,0.344,0.413,0.228
2012-10-20 20:00:00,0.414,0.555,0.327,0.417,0.204,0.415,0.507,0.486,0.41,0.341,0.505,0.238,0.448,0.493,0.329,0.398,0.228
2012-10-20 21:00:00,0.369,0.496,0.29,0.373,0.182,0.371,0.441,0.427,0.366,0.304,0.461,0.2,0.396,0.434,0.292,0.354,0.205
2012-10-20 22:00:00,0.318,0.431,0.238,0.322,0.153,0.319,0.382,0.376,0.315,0.261,0.416,0.169,0.338,0.375,0.24,0.302,0.167
2012-10-20 23:00:00,0.288,0.401,0.215,0.292,0.146,0.289,0.353,0.346,0.286,0.239,0.394,0.146,0.308,0.339,0.225,0.28,0.152
2012-10-21 00:00:00,0.303,0.431,0.223,0.307,0.146,0.304,0.353,0.354,0.293,0.246,0.409,0.146,0.316,0.346,0.232,0.295,0.16
2012-10-21 01:00:00,0.31,0.431,0.223,0.314,0.153,0.304,0.353,0.361,0.293,0.254,0.416,0.146,0.316,0.346,0.232,0.295,0.16
2012-10-21 02:00:00,0.325,0.452,0.23,0.336,0.161,0.319,0.367,0.383,0.3,0.261,0.439,0.154,0.33,0.361,0.247,0.31,0.167
2012-10-21 03:00:00,0.369,0.511,0.267,0.387,0.19,0.363,0.419,0.449,0.337,0.297,0.498,0.177,0.374,0.412,0.292,0.354,0.198
2012-10-21 04:00:00,0.465,0.613,0.334,0.497,0.241,0.467,0.536,0.575,0.425,0.384,0.595,0.23,0.484,0.53,0.374,0.45,0.251
2012-10-21 05:00:00,0.524,0.671,0.379,0.556,0.277,0.527,0.602,0.648,0.469,0.428,0.654,0.269,0.536,0.589,0.427,0.509,0.297
2012-10-21 06:00:00,0.517,0.671,0.379,0.548,0.285,0.519,0.588,0.641,0.461,0.428,0.647,0.269,0.529,0.582,0.427,0.509,0.312
2012-10-21 07:00:00,0.487,0.657,0.356,0.519,0.277,0.489,0.551,0.582,0.439,0.406,0.624,0.261,0.492,0.545,0.404,0.486,0.312
2012-10-21 08:00:00,0.473,0.642,0.342,0.497,0.27,0.467,0.529,0.56,0.439,0.384,0.602,0.261,0.47,0.523,0.397,0.479,0.312
2012-10-21 09:00:00,0.458,0.635,0.334,0.482,0.263,0.452,0.507,0.545,0.439,0.37,0.58,0.254,0.448,0.501,0.389,0.472,0.304
2012-10-21 10:00:00,0.45,0.628,0.327,0.468,0.263,0.438,0.492,0.538,0.439,0.362,0.565,0.254,0.433,0.478,0.382,0.457,0.304
2012-10-21 11:00:00,0.443,0.62,0.319,0.461,0.27,0.43,0.485,0.53,0.447,0.355,0.558,0.261,0.426,0.478,0.382,0.464,0.304
2012-10-21 12:00:00,0.436,0.62,0.319,0.446,0.277,0.415,0.47,0.523,0.447,0.355,0.558,0.261,0.411,0.464,0.374,0.457,0.304
2012-10-21 13:00:00,0.436,0.628,0.319,0.439,0.277,0.408,0.47,0.523,0.447,0.348,0.558,0.269,0.404,0.456,0.367,0.457,0.297
2012-10-21 14:00:00,0.443,0.635,0.334,0.446,0.285,0.415,0.477,0.53,0.454,0.348,0.572,0.269,0.411,0.464,0.382,0.464,0.304
2012-10-21 15:00:00,0.458,0.65,0.349,0.461,0.299,0.423,0.485,0.545,0.469,0.355,0.58,0.284,0.418,0.478,0.389,0.486,0.319
2012-10-21 16:00:00,0.473,0.664,0.371,0.475,0.321,0.445,0.499,0.56,0.483,0.37,0.602,0.307,0.433,0.493,0.412,0.494,0.335
2012-10-21 17:00:00,0.487,0.679,0.386,0.497,0.343,0.46,0.521,0.575,0.498,0.377,0.617,0.323,0.448,0.508,0.427,0.523,0.35
2012-10-21 18:00:00,0.502,0.679,0.408,0.526,0.358,0.482,0.536,0.582,0.52,0.399,0.632,0.346,0.47,0.537,0.449,0.545,0.365
2012-10-21 19:00:00,0.502,0.671,0.416,0.526,0.365,0.482,0.536,0.582,0.52,0.391,0.617,0.353,0.47,0.537,0.457,0.553,0.365
2012-10-21 20:00:00,0.487,0.628,0.416,0.504,0.35,0.46,0.514,0.552,0.505,0.384,0.587,0.346,0.455,0.523,0.449,0.531,0.35
2012-10-21 21:00:00,0.436,0.562,0.379,0.446,0.306,0.4,0.455,0.501,0.454,0.326,0.528,0.315,0.404,0.471,0.397,0.479,0.304
2012-10-21 22:00:00,0.384,0.511,0.342,0.38,0.27,0.341,0.389,0.457,0.388,0.275,0.476,0.277,0.345,0.42,0.352,0.42,0.274
2012-10-21 23:00:00,0.369,0.496,0.342,0.365,0.27,0.326,0.36,0.449,0.366,0.261,0.468,0.277,0.323,0.412,0.344,0.42,0.266
2012-10-22 00:00:00,0.391,0.518,0.371,0.395,0.292,0.326,0.36,0.471,0.374,0.261,0.491,0.3,0.323,0.427,0.367,0.464,0.281
2012-10-22 01:00:00,0.399,0.518,0.401,0.395,0.306,0.334,0.367,0.486,0.381,0.254,0.505,0.315,0.33,0.434,0.404,0.494,0.304
2012-10-22 02:00:00,0.428,0.547,0.475,0.417,0.336,0.349,0.382,0.516,0.403,0.268,0.543,0.346,0.345,0.456,0.434,0.538,0.335
2012-10-22 03:00:00,0.487,0.613,0.557,0.461,0.409,0.408,0.448,0.582,0.476,0.297,0.617,0.415,0.396,0.501,0.494,0.619,0.403
2012-10-22 04:00:00,0.606,0.744,0.698,0.548,0.54,0.512,0.558,0.714,0.608,0.377,0.758,0.538,0.492,0.604,0.614,0.774,0.525
2012-10-22 05:00:00,0.679,0.81,0.78,0.607,0.62,0.571,0.632,0.781,0.696,0.413,0.825,0.615,0.558,0.655,0.674,0.862,0.593
2012-10-22 06:00:00,0.672,0.795,0.78,0.607,0.62,0.564,0.624,0.781,0.688,0.406,0.81,0.607,0.551,0.64,0.666,0.855,0.586
2012-10-22 07:00:00,0.642,0.766,0.772,0.592,0.598,0.534,0.588,0.766,0.645,0.384,0.788,0.568,0.514,0.618,0.651,0.833,0.54
2012-10-22 08:00:00,0.62,0.737,0.75,0.585,0.584,0.519,0.558,0.744,0.615,0.362,0.758,0.538,0.499,0.604,0.629,0.803,0.517
2012-10-22 09:00:00,0.606,0.723,0.735,0.57,0.569,0.504,0.536,0.729,0.601,0.348,0.736,0.515,0.477,0.582,0.614,0.774,0.487
2012-10-22 10:00:00,0.591,0.701,0.72,0.57,0.547,0.489,0.521,0.722,0.579,0.333,0.721,0.492,0.462,0.574,0.599,0.752,0.464
2012-10-22 11:00:00,0.583,0.693,0.72,0.57,0.533,0.489,0.507,0.722,0.564,0.333,0.714,0.476,0.455,0.574,0.599,0.737,0.449
2012-10-22 12:00:00,0.569,0.671,0.698,0.563,0.511,0.482,0.492,0.714,0.549,0.326,0.691,0.453,0.44,0.567,0.584,0.715,0.434
2012-10-22 13:00:00,0.561,0.664,0.683,0.563,0.496,0.482,0.492,0.714,0.535,0.333,0.684,0.438,0.433,0.567,0.576,0.708,0.418
2012-10-22 14:00:00,0.569,0.671,0.676,0.57,0.489,0.489,0.492,0.722,0.527,0.333,0.691,0.438,0.44,0.574,0.584,0.7,0.411
2012-10-22 15:00:00,0.576,0.679,0.676,0.592,0.489,0.504,0.499,0.744,0.527,0.355,0.699,0.438,0.448,0.589,0.584,0.708,0.411
2012-10-22 16:00:00,0.583,0.686,0.683,0.614,0.489,0.512,0.514,0.766,0.527,0.37,0.706,0.438,0.455,0.611,0.584,0.708,0.411
2012-10-22 17:00:00,0.591,0.686,0.676,0.629,0.496,0.527,0.536,0.773,0.535,0.399,0.706,0.438,0.477,0.626,0.584,0.708,0.418
2012-10-22 18:00:00,0.598,0.679,0.661,0.636,0.496,0.541,0.551,0.766,0.542,0.42,0.691,0.43,0.492,0.633,0.569,0.693,0.411
2012-10-22 19:00:00,0.583,0.65,0.631,0.636,0.482,0.541,0.543,0.751,0.535,0.435,0.676,0.415,0.484,0.626,0.561,0.663,0.395
2012-10-22 20:00:00,0.554,0.606,0.587,0.614,0.46,0.519,0.514,0.7,0.513,0.435,0.624,0.392,0.477,0.596,0.524,0.604,0.38
2012-10-22 21:00:00,0.487,0.54,0.505,0.548,0.394,0.467,0.455,0.626,0.454,0.399,0.558,0.338,0.426,0.53,0.449,0.531,0.327
2012-10-22 22:00:00,0.421,0.474,0.416,0.49,0.328,0.408,0.389,0.545,0.403,0.348,0.483,0.277,0.367,0.456,0.367,0.457,0.274
2012-10-22 23:00:00,0.406,0.467,0.386,0.49,0.306,0.423,0.375,0.523,0.41,0.341,0.461,0.261,0.352,0.442,0.337,0.42,0.259
2012-11-08 00:00:00,0.82,0.825,0.772,0.797,0.773,0.868,0.859,0.81,0.864,0.863,0.758,0.73,0.888,0.854,0.786,0.826,0.715
2012-11-08 01:00:00,0.834,0.832,0.794,0.811,0.795,0.883,0.874,0.818,0.879,0.892,0.773,0.737,0.91,0.876,0.794,0.818,0.723
2012-11-08 02:00:00,0.834,0.832,0.787,0.826,0.781,0.89,0.889,0.818,0.886,0.906,0.773,0.737,0.918,0.883,0.794,0.811,0.723
2012-11-08 03:00:00,0.864,0.854,0.817,0.855,0.81,0.912,0.911,0.84,0.916,0.928,0.795,0.761,0.94,0.913,0.808,0.84,0.753
2012-11-08 04:00:00,0.93,0.92,0.898,0.914,0.89,0.964,0.977,0.899,0.974,1.0,0.855,0.837,1.006,0.979,0.868,0.921,0.829
2012-11-08 05:00:00,1.093,1.087,1.062,1.082,1.051,1.135,1.153,1.061,1.157,1.189,1.011,0.991,1.189,1.163,1.018,1.091,0.974
2012-11-08 06:00:00,1.167,1.153,1.136,1.148,1.116,1.201,1.227,1.12,1.223,1.261,1.078,1.06,1.263,1.237,1.085,1.165,1.042
2012-11-08 07:00:00,1.13,1.102,1.099,1.118,1.065,1.164,1.19,1.09,1.223,1.225,1.056,1.029,1.219,1.2,1.085,1.12,1.004
2012-11-08 08:00:00,1.093,1.044,1.047,1.089,1.007,1.127,1.16,1.061,1.179,1.196,1.033,0.976,1.189,1.163,1.033,1.076,0.958
2012-11-08 09:00:00,1.049,0.978,0.995,1.06,0.949,1.098,1.124,1.024,1.113,1.16,1.011,0.93,1.152,1.134,0.988,1.01,0.905
2012-11-08 10:00:00,1.012,0.927,0.95,1.031,0.897,1.046,1.094,0.987,1.062,1.124,0.981,0.891,1.116,1.097,0.951,0.966,0.867
2012-11-08 11:00:00,0.975,0.883,0.913,1.001,0.861,1.001,1.058,0.958,1.018,1.095,0.959,0.86,1.079,1.067,0.921,0.921,0.837
2012-11-08 12:00:00,0.945,0.847,0.884,0.979,0.832,0.972,1.036,0.928,0.981,1.066,0.937,0.83,1.028,1.031,0.898,0.892,0.814
2012-11-08 13:00:00,0.923,0.825,0.869,0.965,0.81,0.949,1.021,0.906,0.945,1.051,0.929,0.814,0.998,1.016,0.883,0.862,0.799
2012-11-08 14:00:00,0.916,0.81,0.854,0.958,0.795,0.927,1.006,0.899,0.923,1.044,0.929,0.814,0.984,1.001,0.876,0.855,0.791
2012-11-08 15:00:00,0.908,0.81,0.854,0.943,0.795,0.92,0.999,0.899,0.901,1.037,0.922,0.814,0.976,0.994,0.876,0.848,0.791
2012-11-08 16:00:00,0.908,0.81,0.861,0.95,0.795,0.927,0.984,0.899,0.894,1.037,0.929,0.822,0.984,0.979,0.891,0.855,0.799
2012-11-08 17:00:00,0.916,0.825,0.869,0.965,0.81,0.934,0.984,0.913,0.894,1.037,0.937,0.837,0.991,0.979,0.906,0.862,0.814
2012-11-08 18:00:00,0.916,0.817,0.861,0.958,0.81,0.927,0.977,0.906,0.879,1.029,0.937,0.845,0.991,0.972,0.906,0.855,0.821
2012-11-08 19:00:00,0.908,0.817,0.854,0.95,0.803,0.912,0.969,0.899,0.872,1.022,0.937,0.845,0.991,0.957,0.898,0.848,0.821
2012-11-08 20:00:00,0.886,0.81,0.839,0.921,0.795,0.89,0.947,0.869,0.85,0.993,0.914,0.837,0.962,0.935,0.876,0.826,0.814
2012-11-08 21:00:00,0.827,0.759,0.78,0.855,0.744,0.823,0.881,0.803,0.791,0.928,0.847,0.784,0.896,0.869,0.816,0.774,0.768
2012-11-08 22:00:00,0.724,0.664,0.691,0.746,0.657,0.719,0.771,0.7,0.688,0.819,0.736,0.699,0.778,0.758,0.719,0.678,0.677
2012-11-08 23:00:00,0.635,0.584,0.609,0.643,0.576,0.63,0.676,0.619,0.601,0.718,0.647,0.622,0.675,0.662,0.636,0.597,0.601
2012-11-09 00:00:00,0.598,0.547,0.579,0.599,0.547,0.586,0.624,0.575,0.564,0.674,0.602,0.592,0.631,0.611,0.599,0.568,0.57
2012-11-09 01:00:00,0.606,0.555,0.594,0.607,0.562,0.593,0.632,0.589,0.564,0.689,0.617,0.607,0.639,0.618,0.614,0.575,0.578
2012-11-09 02:00:00,0.598,0.547,0.587,0.599,0.562,0.586,0.617,0.582,0.549,0.689,0.61,0.607,0.624,0.611,0.614,0.568,0.578
2012-11-09 03:00:00,0.62,0.569,0.609,0.614,0.584,0.608,0.632,0.604,0.571,0.71,0.632,0.63,0.646,0.626,0.636,0.59,0.601
2012-11-09 04:00:00,0.687,0.635,0.676,0.687,0.649,0.675,0.698,0.67,0.637,0.783,0.706,0.699,0.712,0.692,0.704,0.663,0.669
2012-11-09 05:00:00,0.812,0.752,0.802,0.804,0.773,0.794,0.83,0.795,0.747,0.935,0.833,0.83,0.844,0.817,0.838,0.781,0.799
2012-11-09 06:00:00,0.871,0.817,0.861,0.87,0.839,0.853,0.889,0.847,0.806,1.008,0.885,0.899,0.903,0.876,0.898,0.84,0.859
2012-11-09 07:00:00,0.849,0.81,0.839,0.841,0.825,0.831,0.874,0.825,0.784,0.979,0.862,0.876,0.881,0.854,0.876,0.818,0.844
2012-11-09 08:00:00,0.82,0.788,0.809,0.811,0.81,0.801,0.852,0.795,0.754,0.942,0.825,0.845,0.844,0.832,0.838,0.789,0.821
2012-11-09 09:00:00,0.79,0.766,0.772,0.775,0.788,0.771,0.823,0.759,0.732,0.899,0.788,0.814,0.807,0.802,0.801,0.759,0.799
2012-11-09 10:00:00,0.768,0.752,0.75,0.753,0.773,0.749,0.808,0.737,0.71,0.87,0.766,0.791,0.778,0.78,0.779,0.744,0.776
2012-11-09 11:00:00,0.753,0.737,0.735,0.731,0.759,0.734,0.793,0.714,0.703,0.841,0.743,0.776,0.756,0.766,0.756,0.73,0.761
2012-11-09 12:00:00,0.746,0.737,0.728,0.724,0.759,0.727,0.793,0.7,0.696,0.834,0.728,0.768,0.749,0.758,0.741,0.73,0.761
2012-11-09 13:00:00,0.738,0.737,0.728,0.716,0.759,0.727,0.786,0.7,0.696,0.819,0.714,0.761,0.734,0.758,0.734,0.73,0.753
2012-11-09 14:00:00,0.746,0.744,0.735,0.716,0.766,0.742,0.801,0.707,0.703,0.819,0.721,0.768,0.741,0.766,0.741,0.737,0.753
2012-11-09 15:00:00,0.761,0.766,0.75,0.731,0.788,0.764,0.823,0.722,0.725,0.826,0.728,0.784,0.763,0.78,0.756,0.759,0.768
2012-11-09 16:00:00,0.783,0.788,0.765,0.746,0.803,0.779,0.845,0.737,0.747,0.841,0.743,0.791,0.785,0.802,0.771,0.781,0.783
2012-11-09 17:00:00,0.812,0.817,0.794,0.775,0.832,0.816,0.874,0.766,0.784,0.87,0.766,0.814,0.815,0.839,0.801,0.803,0.814
2012-11-09 18:00:00,0.827,0.839,0.809,0.789,0.846,0.838,0.903,0.781,0.806,0.877,0.788,0.83,0.837,0.861,0.816,0.826,0.829
2012-11-09 19:00:00,0.842,0.847,0.817,0.804,0.854,0.845,0.911,0.795,0.82,0.884,0.795,0.837,0.851,0.869,0.823,0.84,0.837
2012-11-09 20:00:00,0.834,0.839,0.817,0.797,0.854,0.845,0.903,0.788,0.82,0.884,0.788,0.822,0.844,0.869,0.816,0.833,0.829
2012-11-09 21:00:00,0.783,0.788,0.765,0.753,0.803,0.801,0.859,0.744,0.784,0.834,0.743,0.768,0.8,0.824,0.764,0.781,0.776
2012-11-09 22:00:00,0.702,0.701,0.683,0.672,0.708,0.712,0.764,0.663,0.703,0.732,0.662,0.684,0.712,0.736,0.681,0.693,0.692
2012-11-09 23:00:00,0.62,0.628,0.601,0.599,0.628,0.638,0.69,0.589,0.63,0.652,0.587,0.599,0.639,0.655,0.599,0.619,0.608
2012-11-10 00:00:00,0.591,0.598,0.564,0.57,0.591,0.608,0.654,0.56,0.601,0.616,0.55,0.568,0.609,0.626,0.569,0.582,0.578
2012-11-10 01:00:00,0.606,0.613,0.579,0.592,0.606,0.623,0.683,0.575,0.623,0.631,0.565,0.576,0.631,0.64,0.584,0.597,0.593
2012-11-10 02:00:00,0.606,0.613,0.572,0.585,0.606,0.63,0.69,0.575,0.623,0.631,0.565,0.576,0.639,0.64,0.576,0.597,0.586
2012-11-10 03:00:00,0.635,0.642,0.594,0.614,0.628,0.653,0.727,0.597,0.652,0.652,0.587,0.599,0.668,0.67,0.599,0.619,0.608
2012-11-10 04:00:00,0.709,0.723,0.668,0.687,0.7,0.734,0.815,0.663,0.74,0.732,0.654,0.661,0.749,0.751,0.659,0.693,0.685
2012-11-10 05:00:00,0.849,0.861,0.787,0.819,0.832,0.883,0.977,0.788,0.894,0.87,0.781,0.791,0.903,0.898,0.794,0.826,0.814
2012-11-10 06:00:00,0.916,0.934,0.854,0.884,0.897,0.964,1.05,0.854,0.981,0.935,0.847,0.853,0.976,0.972,0.853,0.892,0.875
2012-11-10 07:00:00,0.901,0.927,0.832,0.863,0.876,0.957,1.028,0.832,0.989,0.913,0.833,0.837,0.969,0.95,0.838,0.87,0.852
2012-11-10 08:00:00,0.879,0.912,0.802,0.841,0.846,0.942,0.992,0.81,0.974,0.892,0.81,0.814,0.954,0.92,0.816,0.848,0.829
2012-11-10 09:00:00,0.849,0.89,0.772,0.811,0.817,0.92,0.955,0.788,0.967,0.863,0.788,0.784,0.94,0.883,0.786,0.818,0.799
2012-11-10 10:00:00,0.834,0.89,0.75,0.789,0.803,0.905,0.925,0.766,0.959,0.848,0.773,0.768,0.932,0.861,0.764,0.796,0.776
2012-11-10 11:00:00,0.82,0.89,0.728,0.768,0.788,0.905,0.911,0.751,0.967,0.826,0.751,0.745,0.925,0.839,0.741,0.774,0.753
2012-11-10 12:00:00,0.82,0.898,0.713,0.76,0.781,0.905,0.903,0.751,0.981,0.826,0.751,0.745,0.94,0.832,0.741,0.774,0.745
2012-11-10 13:00:00,0.827,0.92,0.713,0.76,0.788,0.92,0.911,0.751,1.003,0.826,0.751,0.745,0.954,0.839,0.734,0.774,0.745
2012-11-10 14:00:00,0.842,0.949,0.713,0.768,0.803,0.949,0.933,0.766,1.033,0.841,0.766,0.753,0.984,0.854,0.741,0.789,0.753
2012-11-10 15:00:00,0.864,0.978,0.72,0.782,0.825,0.979,0.955,0.781,1.069,0.863,0.773,0.761,1.013,0.869,0.749,0.803,0.761
2012-11-10 16:00:00,0.901,1.014,0.743,0.811,0.861,1.031,1.014,0.81,1.128,0.906,0.803,0.784,1.057,0.905,0.771,0.84,0.791
2012-11-10 17:00:00,0.938,1.051,0.772,0.841,0.905,1.068,1.05,0.854,1.172,0.95,0.825,0.814,1.108,0.935,0.794,0.877,0.821
2012-11-10 18:00:00,0.953,1.08,0.787,0.855,0.941,1.09,1.065,0.877,1.194,0.986,0.84,0.83,1.13,0.957,0.808,0.899,0.837
2012-11-10 19:00:00,0.975,1.095,0.809,0.87,0.97,1.098,1.087,0.899,1.201,1.015,0.847,0.837,1.138,0.972,0.808,0.921,0.852
2012-11-10 20:00:00,0.967,1.087,0.809,0.863,0.97,1.09,1.087,0.899,1.186,1.015,0.84,0.83,1.13,0.964,0.808,0.914,0.852
2012-11-10 21:00:00,0.93,1.029,0.772,0.826,0.934,1.046,1.043,0.862,1.128,0.971,0.795,0.791,1.086,0.92,0.764,0.877,0.814
2012-11-10 22:00:00,0.827,0.912,0.691,0.724,0.839,0.942,0.94,0.766,1.018,0.855,0.706,0.707,0.976,0.817,0.674,0.789,0.73
2012-11-10 23:00:00,0.738,0.81,0.616,0.643,0.744,0.853,0.845,0.685,0.923,0.754,0.632,0.63,0.874,0.721,0.599,0.7,0.654
2012-11-11 00:00:00,0.687,0.759,0.572,0.592,0.7,0.808,0.801,0.633,0.864,0.696,0.58,0.584,0.822,0.67,0.554,0.649,0.601
2012-11-11 01:00:00,0.702,0.774,0.587,0.599,0.715,0.823,0.808,0.648,0.879,0.703,0.595,0.607,0.829,0.677,0.576,0.663,0.624
2012-11-11 02:00:00,0.709,0.774,0.594,0.607,0.722,0.831,0.808,0.656,0.879,0.696,0.602,0.607,0.829,0.677,0.576,0.671,0.631
2012-11-11 03:00:00,0.724,0.803,0.616,0.621,0.752,0.845,0.808,0.678,0.894,0.718,0.617,0.63,0.829,0.699,0.599,0.7,0.654
2012-11-11 04:00:00,0.798,0.89,0.691,0.702,0.839,0.912,0.867,0.766,0.959,0.797,0.691,0.707,0.918,0.78,0.674,0.774,0.73
2012-11-11 05:00:00,0.953,1.051,0.824,0.833,0.992,1.083,1.014,0.913,1.135,0.942,0.825,0.845,1.079,0.927,0.808,0.921,0.875
2012-11-11 06:00:00,1.026,1.131,0.891,0.906,1.08,1.15,1.109,0.994,1.208,1.029,0.892,0.914,1.167,1.001,0.868,1.002,0.951
2012-11-11 07:00:00,0.997,1.087,0.876,0.892,1.058,1.127,1.072,0.972,1.143,1.0,0.87,0.899,1.123,0.979,0.853,0.98,0.928
2012-11-11 08:00:00,0.967,1.036,0.846,0.87,1.029,1.105,1.028,0.943,1.077,0.971,0.84,0.868,1.072,0.95,0.823,0.951,0.905
2012-11-11 09:00:00,0.923,0.978,0.817,0.833,0.992,1.053,0.969,0.906,1.003,0.921,0.81,0.837,1.006,0.905,0.794,0.914,0.875
2012-11-11 10:00:00,0.886,0.927,0.794,0.811,0.963,1.016,0.925,0.877,0.937,0.884,0.781,0.807,0.954,0.876,0.771,0.892,0.852
2012-11-11 11:00:00,0.857,0.883,0.78,0.789,0.934,0.972,0.881,0.854,0.879,0.848,0.758,0.791,0.896,0.846,0.749,0.87,0.837
2012-11-11 12:00:00,0.834,0.847,0.765,0.775,0.919,0.949,0.845,0.84,0.835,0.826,0.743,0.776,0.851,0.824,0.734,0.855,0.821
2012-11-11 13:00:00,0.812,0.817,0.772,0.768,0.912,0.927,0.815,0.825,0.798,0.805,0.736,0.776,0.807,0.81,0.734,0.855,0.821
2012-11-11 14:00:00,0.805,0.795,0.78,0.768,0.905,0.912,0.793,0.825,0.769,0.797,0.736,0.784,0.778,0.795,0.734,0.855,0.821
2012-11-11 15:00:00,0.798,0.788,0.794,0.768,0.912,0.897,0.771,0.832,0.74,0.783,0.743,0.791,0.749,0.788,0.741,0.87,0.829
2012-11-11 16:00:00,0.812,0.803,0.817,0.789,0.919,0.897,0.756,0.847,0.732,0.783,0.766,0.814,0.727,0.795,0.771,0.892,0.852
2012-11-11 17:00:00,0.812,0.81,0.839,0.797,0.934,0.905,0.749,0.854,0.718,0.768,0.788,0.837,0.705,0.795,0.794,0.914,0.867
2012-11-11 18:00:00,0.812,0.817,0.854,0.811,0.941,0.912,0.72,0.862,0.696,0.754,0.81,0.853,0.683,0.795,0.808,0.929,0.875
2012-11-11 19:00:00,0.812,0.817,0.861,0.811,0.927,0.905,0.698,0.862,0.674,0.725,0.818,0.868,0.653,0.788,0.823,0.936,0.875
2012-11-11 20:00:00,0.783,0.795,0.854,0.797,0.897,0.875,0.654,0.832,0.645,0.689,0.81,0.853,0.617,0.758,0.816,0.914,0.859
2012-11-11 21:00:00,0.731,0.752,0.809,0.746,0.832,0.816,0.58,0.781,0.593,0.623,0.773,0.814,0.573,0.699,0.771,0.862,0.806
2012-11-11 22:00:00,0.635,0.657,0.713,0.658,0.722,0.705,0.492,0.678,0.513,0.544,0.676,0.722,0.47,0.611,0.681,0.759,0.707
2012-11-11 23:00:00,0.554,0.577,0.624,0.577,0.635,0.608,0.419,0.597,0.417,0.478,0.602,0.638,0.374,0.53,0.606,0.671,0.616
2012-11-12 00:00:00,0.51,0.54,0.594,0.541,0.591,0.564,0.367,0.552,0.381,0.449,0.565,0.599,0.338,0.493,0.576,0.627,0.578
2012-11-12 01:00:00,0.517,0.547,0.601,0.548,0.606,0.564,0.353,0.56,0.366,0.449,0.58,0.615,0.323,0.501,0.584,0.641,0.586
2012-11-12 02:00:00,0.51,0.547,0.601,0.541,0.598,0.549,0.345,0.545,0.359,0.442,0.572,0.607,0.308,0.486,0.584,0.641,0.578
2012-11-12 03:00:00,0.524,0.562,0.624,0.556,0.62,0.556,0.353,0.56,0.366,0.457,0.595,0.63,0.301,0.501,0.599,0.663,0.593
2012-11-12 04:00:00,0.576,0.62,0.691,0.607,0.693,0.608,0.397,0.611,0.417,0.493,0.654,0.699,0.33,0.545,0.666,0.737,0.654
2012-11-12 05:00:00,0.687,0.744,0.839,0.716,0.832,0.712,0.477,0.729,0.513,0.573,0.788,0.83,0.389,0.648,0.794,0.885,0.776
2012-11-12 06:00:00,0.738,0.803,0.906,0.768,0.89,0.756,0.514,0.781,0.557,0.645,0.847,0.891,0.411,0.692,0.853,0.951,0.829
2012-11-12 07:00:00,0.709,0.781,0.884,0.746,0.868,0.734,0.492,0.759,0.535,0.609,0.825,0.868,0.382,0.67,0.838,0.929,0.806
2012-11-12 08:00:00,0.672,0.759,0.854,0.709,0.832,0.697,0.448,0.722,0.491,0.551,0.788,0.837,0.345,0.64,0.808,0.899,0.776
2012-11-12 09:00:00,0.642,0.73,0.824,0.672,0.795,0.66,0.411,0.692,0.461,0.515,0.751,0.807,0.316,0.611,0.779,0.862,0.745
2012-11-12 10:00:00,0.62,0.708,0.794,0.651,0.766,0.63,0.382,0.67,0.439,0.478,0.721,0.784,0.301,0.589,0.749,0.833,0.723
2012-11-12 11:00:00,0.598,0.686,0.772,0.629,0.744,0.608,0.36,0.648,0.417,0.449,0.699,0.761,0.286,0.574,0.734,0.803,0.7
2012-11-12 12:00:00,0.583,0.679,0.757,0.621,0.73,0.593,0.345,0.633,0.41,0.435,0.691,0.753,0.286,0.567,0.726,0.789,0.7
2012-11-12 13:00:00,0.569,0.664,0.735,0.607,0.715,0.571,0.331,0.619,0.388,0.406,0.676,0.737,0.286,0.559,0.711,0.759,0.692
2012-11-12 14:00:00,0.569,0.657,0.728,0.607,0.708,0.571,0.338,0.611,0.388,0.399,0.669,0.737,0.294,0.567,0.711,0.752,0.7
2012-11-12 15:00:00,0.576,0.664,0.735,0.614,0.715,0.571,0.331,0.619,0.388,0.391,0.669,0.745,0.301,0.574,0.719,0.752,0.715
2012-11-12 16:00:00,0.583,0.679,0.757,0.621,0.737,0.578,0.345,0.619,0.403,0.399,0.676,0.768,0.316,0.589,0.734,0.767,0.745
2012-11-12 17:00:00,0.598,0.693,0.772,0.636,0.759,0.586,0.36,0.626,0.417,0.406,0.691,0.791,0.338,0.611,0.756,0.774,0.783
2012-11-12 18:00:00,0.613,0.701,0.78,0.643,0.781,0.578,0.375,0.633,0.439,0.413,0.699,0.807,0.367,0.618,0.764,0.781,0.814
2012-11-12 19:00:00,0.62,0.708,0.772,0.636,0.788,0.601,0.389,0.626,0.461,0.428,0.691,0.807,0.382,0.626,0.764,0.774,0.829
2012-11-12 20:00:00,0.613,0.701,0.765,0.621,0.788,0.593,0.389,0.619,0.469,0.42,0.676,0.799,0.389,0.618,0.756,0.759,0.829
2012-11-12 21:00:00,0.591,0.664,0.72,0.585,0.752,0.571,0.389,0.589,0.461,0.413,0.639,0.753,0.396,0.596,0.711,0.715,0.799
2012-11-12 22:00:00,0.524,0.598,0.653,0.526,0.686,0.504,0.353,0.523,0.417,0.362,0.565,0.676,0.367,0.537,0.636,0.641,0.73
2012-11-12 23:00:00,0.465,0.525,0.579,0.468,0.613,0.445,0.308,0.464,0.366,0.304,0.498,0.599,0.33,0.478,0.561,0.568,0.654
2012-11-13 00:00:00,0.458,0.511,0.564,0.453,0.591,0.445,0.308,0.457,0.359,0.29,0.483,0.576,0.33,0.471,0.539,0.545,0.639
2012-11-13 01:00:00,0.48,0.533,0.579,0.475,0.62,0.475,0.338,0.471,0.381,0.297,0.498,0.599,0.36,0.493,0.554,0.568,0.669
2012-11-13 02:00:00,0.487,0.54,0.587,0.482,0.628,0.482,0.353,0.479,0.395,0.312,0.505,0.607,0.382,0.508,0.554,0.568,0.685
2012-11-13 03:00:00,0.517,0.562,0.616,0.504,0.664,0.519,0.382,0.508,0.425,0.333,0.528,0.638,0.418,0.537,0.584,0.597,0.738
2012-11-13 04:00:00,0.598,0.635,0.698,0.57,0.752,0.593,0.463,0.582,0.513,0.399,0.595,0.73,0.506,0.611,0.659,0.678,0.829
2012-11-13 05:00:00,0.724,0.759,0.832,0.687,0.905,0.719,0.58,0.7,0.659,0.507,0.714,0.876,0.631,0.729,0.786,0.818,1.004
2012-11-13 06:00:00,0.798,0.825,0.906,0.746,0.992,0.801,0.654,0.766,0.71,0.587,0.773,0.953,0.712,0.795,0.853,0.899,1.095
2012-11-13 07:00:00,0.798,0.817,0.898,0.738,0.985,0.816,0.661,0.766,0.732,0.594,0.766,0.945,0.719,0.78,0.846,0.892,1.088
2012-11-13 08:00:00,0.783,0.795,0.876,0.716,0.978,0.808,0.661,0.759,0.74,0.58,0.751,0.93,0.719,0.758,0.831,0.877,1.072
2012-11-13 09:00:00,0.768,0.774,0.854,0.702,0.949,0.801,0.654,0.744,0.74,0.573,0.736,0.906,0.712,0.736,0.808,0.862,1.034
2012-11-13 10:00:00,0.761,0.752,0.839,0.687,0.934,0.801,0.654,0.737,0.732,0.551,0.728,0.891,0.712,0.721,0.801,0.855,1.012
2012-11-13 11:00:00,0.761,0.744,0.839,0.68,0.927,0.808,0.654,0.737,0.732,0.558,0.728,0.876,0.712,0.707,0.794,0.855,1.004
2012-11-13 12:00:00,0.761,0.737,0.846,0.68,0.934,0.831,0.661,0.744,0.74,0.558,0.736,0.876,0.712,0.699,0.801,0.87,1.004
2012-11-13 13:00:00,0.768,0.737,0.854,0.687,0.941,0.845,0.661,0.751,0.754,0.573,0.743,0.876,0.712,0.699,0.801,0.877,0.996
2012-11-13 14:00:00,0.783,0.752,0.869,0.702,0.963,0.875,0.676,0.766,0.769,0.594,0.758,0.891,0.727,0.707,0.816,0.899,1.012
2012-11-13 15:00:00,0.812,0.781,0.898,0.731,1.0,0.92,0.69,0.803,0.798,0.616,0.788,0.914,0.749,0.736,0.846,0.936,1.034
2012-11-13 16:00:00,0.842,0.81,0.921,0.768,1.036,0.957,0.712,0.832,0.82,0.645,0.818,0.937,0.778,0.758,0.876,0.98,1.065
2012-11-13 17:00:00,0.879,0.854,0.958,0.804,1.08,1.016,0.742,0.877,0.857,0.674,0.847,0.968,0.815,0.795,0.921,1.025,1.103
2012-11-13 18:00:00,0.908,0.883,0.98,0.841,1.109,1.053,0.771,0.906,0.879,0.703,0.877,0.983,0.837,0.832,0.943,1.054,1.126
2012-11-13 19:00:00,0.93,0.912,0.995,0.855,1.138,1.083,0.786,0.935,0.894,0.725,0.892,0.991,0.851,0.854,0.958,1.084,1.141
2012-11-13 20:00:00,0.938,0.927,0.995,0.87,1.138,1.098,0.786,0.943,0.894,0.732,0.899,0.991,0.859,0.861,0.958,1.084,1.133
2012-11-13 21:00:00,0.894,0.883,0.943,0.833,1.094,1.031,0.749,0.899,0.85,0.71,0.855,0.937,0.815,0.832,0.913,1.039,1.08
2012-11-13 22:00:00,0.798,0.795,0.846,0.753,0.97,0.942,0.676,0.81,0.762,0.645,0.766,0.83,0.734,0.751,0.816,0.929,0.958
2012-11-13 23:00:00,0.724,0.708,0.757,0.672,0.868,0.868,0.61,0.722,0.688,0.587,0.684,0.737,0.653,0.67,0.734,0.84,0.859
2012-11-14 00:00:00,0.687,0.671,0.72,0.643,0.825,0.838,0.58,0.692,0.652,0.565,0.654,0.699,0.624,0.64,0.696,0.796,0.821
2012-11-14 01:00:00,0.716,0.701,0.757,0.665,0.839,0.86,0.602,0.722,0.674,0.594,0.684,0.722,0.646,0.662,0.719,0.826,0.844
2012-11-14 02:00:00,0.724,0.701,0.765,0.672,0.832,0.868,0.61,0.729,0.688,0.602,0.706,0.722,0.646,0.67,0.726,0.826,0.852
2012-11-14 03:00:00,0.753,0.737,0.802,0.709,0.868,0.897,0.639,0.766,0.718,0.638,0.736,0.753,0.69,0.707,0.764,0.877,0.89
2012-11-14 04:00:00,0.842,0.825,0.898,0.797,0.97,0.972,0.72,0.854,0.806,0.718,0.803,0.837,0.771,0.795,0.846,0.951,1.004
2012-11-14 05:00:00,1.012,1.0,1.084,0.958,1.153,1.157,0.874,1.031,0.967,0.87,0.966,0.999,0.932,0.964,1.018,1.143,1.209
2012-11-14 06:00:00,1.1,1.102,1.181,1.053,1.255,1.231,0.955,1.12,1.055,0.95,1.033,1.091,1.02,1.053,1.108,1.216,1.278
2012-11-14 07:00:00,1.086,1.109,1.166,1.038,1.233,1.201,0.955,1.105,1.033,0.95,1.026,1.075,1.006,1.045,1.063,1.201,1.263
2012-11-14 08:00:00,1.063,1.109,1.129,1.031,1.211,1.187,0.933,1.061,1.018,0.935,1.018,1.052,0.998,1.031,1.048,1.194,1.27
2012-11-14 09:00:00,1.049,1.102,1.114,1.009,1.182,1.164,0.918,1.053,0.989,0.913,1.018,1.014,0.976,1.001,1.041,1.179,1.247
2012-11-14 10:00:00,1.041,1.109,1.099,1.009,1.175,1.157,0.903,1.046,0.974,0.899,1.011,0.991,0.962,0.979,1.026,1.165,1.24
2012-11-14 11:00:00,1.034,1.124,1.077,1.016,1.167,1.142,0.903,1.046,0.974,0.892,1.004,0.976,0.962,0.964,1.018,1.157,1.225
2012-11-14 12:00:00,1.041,1.146,1.069,1.016,1.167,1.142,0.918,1.046,0.989,0.899,0.989,0.983,0.976,0.964,1.018,1.15,1.225
2012-11-14 13:00:00,1.049,1.175,1.069,1.038,1.175,1.142,0.925,1.053,1.011,0.906,0.996,0.976,0.984,0.986,1.026,1.15,1.232
2012-11-14 14:00:00,1.071,1.219,1.077,1.067,1.197,1.164,0.955,1.075,1.047,0.921,1.011,0.999,1.013,1.008,1.041,1.172,1.247
2012-11-14 15:00:00,1.108,1.263,1.092,1.096,1.219,1.187,1.006,1.097,1.113,0.95,1.026,1.029,1.072,1.038,1.063,1.194,1.278
2012-11-14 16:00:00,1.137,1.321,1.121,1.133,1.262,1.216,1.043,1.127,1.172,0.986,1.056,1.06,1.123,1.075,1.093,1.231,1.316
2012-11-14 17:00:00,1.182,1.372,1.143,1.17,1.306,1.253,1.08,1.164,1.23,1.029,1.085,1.106,1.174,1.119,1.123,1.268,1.346
2012-11-14 18:00:00,1.204,1.409,1.158,1.199,1.328,1.268,1.109,1.178,1.274,1.044,1.108,1.137,1.204,1.141,1.145,1.297,1.369
2012-11-14 19:00:00,1.218,1.438,1.158,1.206,1.335,1.276,1.116,1.178,1.311,1.058,1.115,1.16,1.226,1.156,1.153,1.297,1.377
2012-11-14 20:00:00,1.211,1.438,1.143,1.213,1.321,1.261,1.116,1.178,1.318,1.051,1.115,1.137,1.233,1.156,1.145,1.297,1.369
2012-11-14 21:00:00,1.159,1.387,1.084,1.162,1.27,1.216,1.065,1.127,1.282,1.0,1.07,1.083,1.189,1.097,1.1,1.238,1.301
2012-11-14 22:00:00,1.056,1.27,0.973,1.06,1.153,1.105,0.962,1.024,1.165,0.906,0.974,0.983,1.079,0.994,1.003,1.128,1.171
2012-11-14 23:00:00,0.967,1.153,0.884,0.979,1.058,1.016,0.881,0.935,1.062,0.826,0.899,0.899,0.984,0.905,0.921,1.032,1.05
2012-11-15 00:00:00,0.938,1.124,0.846,0.958,1.029,0.986,0.845,0.913,1.025,0.79,0.877,0.86,0.947,0.869,0.891,1.01,1.004
2012-11-15 01:00:00,0.96,1.153,0.854,0.987,1.058,1.016,0.859,0.943,1.047,0.805,0.907,0.883,0.969,0.891,0.928,1.039,1.012
2012-11-15 02:00:00,0.975,1.168,0.861,1.009,1.08,1.031,0.867,0.958,1.055,0.805,0.929,0.891,0.976,0.905,0.951,1.061,1.012
2012-11-15 03:00:00,1.004,1.219,0.891,1.053,1.116,1.068,0.896,0.994,1.091,0.834,0.974,0.922,1.006,0.935,0.988,1.106,1.034
2012-11-15 04:00:00,1.093,1.328,0.958,1.155,1.219,1.172,0.969,1.083,1.186,0.892,1.056,0.991,1.094,1.016,1.078,1.209,1.118
2012-11-15 05:00:00,1.307,1.576,1.136,1.382,1.459,1.402,1.16,1.289,1.428,1.058,1.264,1.191,1.307,1.222,1.288,1.445,1.331
2012-11-15 06:00:00,1.403,1.686,1.218,1.491,1.569,1.513,1.249,1.385,1.545,1.145,1.353,1.275,1.409,1.325,1.377,1.548,1.415
2012-11-15 07:00:00,1.381,1.649,1.181,1.477,1.547,1.498,1.234,1.363,1.523,1.124,1.323,1.252,1.395,1.31,1.355,1.526,1.384
2012-11-15 08:00:00,1.373,1.657,1.166,1.462,1.532,1.491,1.234,1.341,1.523,1.116,1.308,1.237,1.387,1.31,1.332,1.511,1.369
2012-11-15 09:00:00,1.351,1.635,1.151,1.44,1.51,1.468,1.227,1.318,1.509,1.116,1.279,1.229,1.38,1.31,1.318,1.482,1.346
2012-11-15 10:00:00,1.337,1.606,1.136,1.411,1.488,1.439,1.227,1.296,1.479,1.109,1.256,1.206,1.365,1.31,1.288,1.459,1.331
2012-11-15 11:00:00,1.314,1.584,1.121,1.382,1.474,1.417,1.219,1.267,1.465,1.102,1.227,1.191,1.358,1.303,1.265,1.43,1.316
2012-11-15 12:00:00,1.307,1.584,1.114,1.367,1.459,1.394,1.219,1.252,1.45,1.102,1.212,1.183,1.351,1.31,1.25,1.415,1.308
2012-11-15 13:00:00,1.307,1.569,1.121,1.36,1.459,1.394,1.227,1.245,1.457,1.124,1.219,1.191,1.358,1.318,1.243,1.415,1.316
2012-11-15 14:00:00,1.322,1.584,1.143,1.36,1.474,1.409,1.249,1.252,1.465,1.153,1.227,1.206,1.373,1.332,1.25,1.423,1.331
2012-11-15 15:00:00,1.344,1.598,1.166,1.367,1.496,1.424,1.278,1.267,1.487,1.182,1.241,1.221,1.395,1.354,1.258,1.43,1.354
2012-11-15 16:00:00,1.373,1.635,1.195,1.389,1.525,1.454,1.322,1.296,1.523,1.225,1.271,1.252,1.424,1.384,1.28,1.459,1.377
2012-11-15 17:00:00,1.403,1.657,1.233,1.418,1.547,1.476,1.366,1.318,1.56,1.276,1.301,1.291,1.453,1.406,1.31,1.482,1.415
2012-11-15 18:00:00,1.418,1.657,1.255,1.418,1.569,1.491,1.395,1.326,1.582,1.298,1.301,1.298,1.468,1.421,1.31,1.496,1.422
2012-11-15 19:00:00,1.418,1.649,1.262,1.418,1.561,1.498,1.417,1.326,1.582,1.319,1.301,1.306,1.475,1.428,1.303,1.489,1.422
2012-11-15 20:00:00,1.403,1.62,1.255,1.389,1.54,1.483,1.417,1.304,1.567,1.312,1.279,1.291,1.453,1.406,1.28,1.467,1.399
2012-11-15 21:00:00,1.337,1.547,1.203,1.323,1.474,1.409,1.366,1.245,1.487,1.269,1.212,1.244,1.387,1.347,1.22,1.4,1.346
2012-11-15 22:00:00,1.211,1.43,1.099,1.191,1.335,1.261,1.241,1.12,1.333,1.145,1.093,1.129,1.241,1.229,1.093,1.26,1.225
2012-11-15 23:00:00,1.1,1.306,1.01,1.082,1.219,1.135,1.124,1.016,1.194,1.044,0.989,1.029,1.123,1.126,0.996,1.143,1.126
2012-11-16 00:00:00,1.071,1.292,0.988,1.045,1.189,1.09,1.087,0.987,1.15,1.008,0.952,1.006,1.079,1.148,0.958,1.113,1.11
2012-11-16 01:00:00,1.086,1.306,1.017,1.06,1.233,1.098,1.109,1.002,1.172,1.029,0.966,1.029,1.094,1.178,0.981,1.143,1.148
2012-11-16 02:00:00,1.1,1.321,1.04,1.075,1.262,1.098,1.116,1.016,1.179,1.037,0.966,1.045,1.094,1.207,0.988,1.165,1.179
2012-11-16 03:00:00,1.145,1.357,1.092,1.111,1.313,1.135,1.153,1.046,1.208,1.073,0.996,1.083,1.13,1.244,1.018,1.209,1.232
2012-11-16 04:00:00,1.233,1.452,1.188,1.191,1.459,1.216,1.234,1.134,1.296,1.16,1.07,1.183,1.219,1.34,1.108,1.305,1.339
2012-11-16 05:00:00,1.462,1.693,1.426,1.418,1.707,1.439,1.476,1.355,1.545,1.377,1.271,1.398,1.446,1.553,1.318,1.563,1.597
2012-11-16 06:00:00,1.558,1.81,1.537,1.513,1.831,1.543,1.572,1.451,1.648,1.464,1.353,1.49,1.534,1.664,1.407,1.666,1.711
2012-11-16 07:00:00,1.529,1.766,1.522,1.484,1.788,1.513,1.55,1.429,1.611,1.435,1.331,1.46,1.505,1.627,1.385,1.644,1.681
2012-11-16 08:00:00,1.514,1.766,1.5,1.462,1.788,1.491,1.52,1.407,1.589,1.406,1.308,1.429,1.475,1.627,1.362,1.622,1.658
2012-11-16 09:00:00,1.484,1.737,1.485,1.44,1.766,1.476,1.498,1.392,1.567,1.377,1.279,1.398,1.446,1.597,1.332,1.6,1.628
2012-11-16 10:00:00,1.455,1.715,1.455,1.411,1.737,1.439,1.462,1.363,1.538,1.341,1.256,1.352,1.402,1.56,1.303,1.57,1.59
2012-11-16 11:00:00,1.425,1.679,1.426,1.389,1.707,1.417,1.432,1.341,1.509,1.312,1.234,1.321,1.373,1.531,1.273,1.541,1.552
2012-11-16 12:00:00,1.41,1.657,1.418,1.382,1.693,1.409,1.417,1.333,1.501,1.298,1.219,1.298,1.358,1.524,1.258,1.533,1.529
2012-11-16 13:00:00,1.403,1.635,1.403,1.374,1.685,1.402,1.41,1.326,1.501,1.29,1.212,1.275,1.351,1.516,1.25,1.533,1.514
2012-11-16 14:00:00,1.41,1.635,1.411,1.382,1.693,1.417,1.417,1.341,1.509,1.298,1.212,1.268,1.358,1.524,1.258,1.548,1.521
2012-11-16 15:00:00,1.425,1.642,1.426,1.389,1.707,1.431,1.425,1.355,1.523,1.305,1.227,1.268,1.365,1.538,1.265,1.57,1.529
2012-11-16 16:00:00,1.447,1.671,1.448,1.418,1.744,1.461,1.454,1.385,1.56,1.327,1.241,1.275,1.387,1.575,1.28,1.607,1.552
2012-11-16 17:00:00,1.469,1.679,1.478,1.44,1.773,1.498,1.484,1.414,1.589,1.348,1.264,1.283,1.409,1.597,1.303,1.629,1.582
2012-11-16 18:00:00,1.477,1.664,1.478,1.447,1.78,1.506,1.484,1.429,1.589,1.356,1.264,1.275,1.409,1.605,1.303,1.636,1.582
2012-11-16 19:00:00,1.469,1.649,1.478,1.44,1.766,1.498,1.484,1.429,1.575,1.356,1.256,1.252,1.402,1.597,1.288,1.636,1.582
2012-11-16 20:00:00,1.44,1.606,1.455,1.411,1.737,1.476,1.454,1.407,1.545,1.334,1.234,1.221,1.373,1.568,1.273,1.6,1.544
2012-11-16 21:00:00,1.373,1.518,1.381,1.345,1.656,1.402,1.388,1.348,1.465,1.261,1.167,1.145,1.307,1.487,1.198,1.533,1.468
2012-11-16 22:00:00,1.248,1.401,1.247,1.243,1.532,1.276,1.256,1.215,1.318,1.138,1.041,1.022,1.174,1.376,1.07,1.423,1.316
2012-11-16 23:00:00,1.13,1.277,1.129,1.133,1.401,1.157,1.131,1.097,1.186,1.029,0.937,0.914,1.064,1.251,0.966,1.297,1.186
2012-11-17 00:00:00,1.093,1.248,1.092,1.118,1.364,1.12,1.094,1.061,1.143,0.993,0.892,0.868,1.028,1.222,0.913,1.268,1.141
2012-11-17 01:00:00,1.115,1.27,1.114,1.126,1.386,1.142,1.153,1.083,1.157,1.008,0.899,0.876,1.042,1.237,0.928,1.29,1.156
2012-11-17 02:00:00,1.122,1.277,1.121,1.14,1.401,1.157,1.168,1.097,1.172,1.015,0.907,0.883,1.057,1.244,0.928,1.297,1.164
2012-11-17 03:00:00,1.159,1.314,1.158,1.177,1.437,1.187,1.204,1.127,1.208,1.037,0.937,0.906,1.086,1.288,0.951,1.327,1.194
2012-11-17 04:00:00,1.241,1.387,1.255,1.257,1.532,1.283,1.293,1.223,1.304,1.116,0.996,0.976,1.174,1.369,1.018,1.4,1.293
2012-11-17 05:00:00,1.455,1.598,1.478,1.462,1.78,1.513,1.506,1.444,1.531,1.327,1.182,1.16,1.38,1.59,1.198,1.629,1.536
2012-11-17 06:00:00,1.551,1.693,1.589,1.557,1.89,1.609,1.608,1.547,1.611,1.421,1.256,1.237,1.475,1.693,1.28,1.725,1.65
2012-11-17 07:00:00,1.506,1.627,1.552,1.52,1.831,1.557,1.564,1.51,1.545,1.385,1.219,1.221,1.431,1.641,1.25,1.695,1.612
2012-11-17 08:00:00,1.492,1.62,1.522,1.52,1.824,1.52,1.564,1.48,1.494,1.356,1.197,1.206,1.395,1.634,1.228,1.658,1.582
2012-11-17 09:00:00,1.455,1.569,1.492,1.491,1.795,1.476,1.535,1.451,1.436,1.334,1.175,1.198,1.365,1.605,1.205,1.614,1.552
2012-11-17 10:00:00,1.418,1.525,1.455,1.469,1.751,1.439,1.513,1.422,1.377,1.305,1.145,1.191,1.321,1.568,1.183,1.57,1.521
2012-11-17 11:00:00,1.388,1.481,1.426,1.44,1.707,1.402,1.484,1.385,1.311,1.276,1.115,1.168,1.277,1.538,1.153,1.533,1.491
2012-11-17 12:00:00,1.366,1.452,1.396,1.425,1.678,1.372,1.462,1.37,1.252,1.261,1.108,1.168,1.255,1.509,1.145,1.496,1.468
2012-11-17 13:00:00,1.351,1.438,1.381,1.418,1.656,1.357,1.454,1.363,1.208,1.254,1.108,1.175,1.241,1.487,1.145,1.489,1.46
2012-11-17 14:00:00,1.359,1.43,1.381,1.425,1.664,1.357,1.462,1.363,1.172,1.247,1.115,1.191,1.241,1.494,1.153,1.482,1.46
2012-11-17 15:00:00,1.359,1.43,1.381,1.433,1.656,1.357,1.462,1.37,1.143,1.254,1.122,1.206,1.241,1.487,1.153,1.482,1.468
2012-11-17 16:00:00,1.388,1.46,1.403,1.462,1.678,1.379,1.491,1.399,1.128,1.283,1.152,1.237,1.263,1.509,1.183,1.504,1.498
2012-11-17 17:00:00,1.396,1.474,1.418,1.477,1.685,1.394,1.506,1.422,1.106,1.29,1.175,1.26,1.277,1.516,1.205,1.526,1.521
2012-11-17 18:00:00,1.403,1.481,1.426,1.477,1.7,1.402,1.506,1.429,1.077,1.298,1.189,1.275,1.277,1.524,1.213,1.526,1.521
2012-11-17 19:00:00,1.396,1.474,1.418,1.469,1.685,1.394,1.498,1.422,1.062,1.283,1.189,1.283,1.277,1.509,1.213,1.511,1.506
2012-11-17 20:00:00,1.373,1.452,1.389,1.44,1.649,1.372,1.462,1.399,1.018,1.254,1.175,1.268,1.263,1.472,1.198,1.482,1.475
2012-11-17 21:00:00,1.3,1.372,1.314,1.374,1.561,1.298,1.388,1.326,0.945,1.182,1.13,1.206,1.196,1.399,1.145,1.4,1.399
2012-11-17 22:00:00,1.174,1.233,1.173,1.265,1.401,1.172,1.278,1.193,0.828,1.058,1.018,1.091,1.079,1.281,1.041,1.253,1.247
2012-11-17 23:00:00,1.063,1.102,1.054,1.155,1.255,1.053,1.16,1.083,0.725,0.942,0.922,0.983,0.976,1.178,0.943,1.12,1.118
2012-11-18 00:00:00,0.997,1.036,0.995,1.118,1.189,0.994,1.08,1.024,0.674,0.892,0.885,0.937,0.925,1.134,0.891,1.047,1.05
2012-11-18 01:00:00,1.012,1.051,1.002,1.126,1.204,1.023,1.102,1.046,0.681,0.906,0.907,0.96,0.94,1.141,0.921,1.054,1.065
2012-11-18 02:00:00,1.026,1.058,1.002,1.14,1.204,1.031,1.102,1.053,0.681,0.921,0.929,0.968,0.947,1.148,0.936,1.054,1.057
2012-11-18 03:00:00,1.049,1.08,1.017,1.17,1.233,1.068,1.131,1.083,0.703,0.942,0.959,0.991,0.969,1.178,0.966,1.069,1.08
2012-11-18 04:00:00,1.13,1.16,1.092,1.243,1.328,1.157,1.212,1.171,0.776,1.015,1.041,1.075,1.05,1.251,1.048,1.143,1.156
2012-11-18 05:00:00,1.337,1.372,1.292,1.447,1.576,1.379,1.425,1.385,0.923,1.196,1.241,1.275,1.248,1.457,1.25,1.356,1.354
2012-11-18 06:00:00,1.44,1.474,1.381,1.55,1.685,1.491,1.52,1.495,1.003,1.283,1.353,1.375,1.351,1.568,1.355,1.459,1.445
2012-11-18 07:00:00,1.403,1.445,1.344,1.506,1.649,1.461,1.469,1.466,0.974,1.247,1.331,1.344,1.329,1.524,1.332,1.43,1.407
2012-11-18 08:00:00,1.381,1.416,1.322,1.498,1.62,1.439,1.432,1.444,0.937,1.211,1.323,1.314,1.314,1.502,1.318,1.408,1.377
2012-11-18 09:00:00,1.351,1.394,1.285,1.469,1.598,1.417,1.388,1.414,0.894,1.174,1.293,1.268,1.277,1.465,1.295,1.378,1.339
2012-11-18 10:00:00,1.322,1.365,1.255,1.44,1.569,1.387,1.344,1.392,0.864,1.138,1.279,1.237,1.255,1.435,1.273,1.349,1.308
2012-11-18 11:00:00,1.292,1.343,1.233,1.403,1.54,1.357,1.307,1.363,0.842,1.102,1.256,1.206,1.233,1.406,1.25,1.327,1.278
2012-11-18 12:00:00,1.27,1.321,1.225,1.389,1.532,1.335,1.278,1.348,0.828,1.073,1.241,1.191,1.211,1.391,1.243,1.312,1.263
2012-11-18 13:00:00,1.27,1.321,1.225,1.367,1.525,1.335,1.271,1.348,0.82,1.066,1.249,1.175,1.196,1.384,1.243,1.312,1.263
2012-11-18 14:00:00,1.27,1.328,1.24,1.374,1.54,1.335,1.263,1.348,0.828,1.066,1.256,1.183,1.189,1.391,1.258,1.319,1.27
2012-11-18 15:00:00,1.278,1.343,1.247,1.374,1.561,1.342,1.263,1.355,0.835,1.058,1.264,1.191,1.174,1.406,1.273,1.334,1.27
2012-11-18 16:00:00,1.3,1.379,1.285,1.411,1.598,1.372,1.278,1.385,0.85,1.058,1.301,1.214,1.182,1.435,1.31,1.371,1.301
2012-11-18 17:00:00,1.314,1.409,1.299,1.418,1.627,1.379,1.285,1.407,0.872,1.066,1.316,1.237,1.182,1.457,1.332,1.4,1.316
2012-11-18 18:00:00,1.322,1.423,1.314,1.425,1.649,1.387,1.285,1.407,0.894,1.066,1.331,1.237,1.16,1.457,1.347,1.415,1.331
2012-11-18 19:00:00,1.314,1.423,1.307,1.411,1.642,1.365,1.271,1.407,0.908,1.044,1.331,1.237,1.13,1.45,1.347,1.423,1.331
2012-11-18 20:00:00,1.292,1.409,1.285,1.382,1.613,1.342,1.234,1.385,0.901,1.022,1.308,1.214,1.086,1.413,1.325,1.4,1.308
2012-11-18 21:00:00,1.226,1.343,1.218,1.316,1.525,1.261,1.153,1.304,0.857,0.95,1.249,1.16,1.035,1.34,1.258,1.334,1.247
2012-11-18 22:00:00,1.093,1.211,1.099,1.199,1.372,1.12,1.021,1.171,0.762,0.855,1.122,1.037,0.896,1.2,1.13,1.209,1.133
2012-11-18 23:00:00,0.982,1.095,0.988,1.082,1.226,0.994,0.903,1.053,0.681,0.761,1.011,0.945,0.785,1.075,1.026,1.084,1.027
2012-11-19 00:00:00,0.938,1.058,0.95,1.045,1.182,0.949,0.859,1.009,0.645,0.718,0.981,0.914,0.734,1.031,0.996,1.054,1.004
2012-11-19 01:00:00,0.945,1.073,0.965,1.045,1.189,0.949,0.859,1.009,0.659,0.725,0.989,0.93,0.749,1.031,1.003,1.069,1.019
2012-11-19 02:00:00,0.945,1.073,0.965,1.045,1.197,0.949,0.852,1.009,0.659,0.718,0.996,0.945,0.749,1.023,1.011,1.084,1.034
2012-11-19 03:00:00,0.975,1.109,0.995,1.067,1.219,0.964,0.867,1.031,0.688,0.739,1.026,0.976,0.771,1.038,1.033,1.12,1.072
2012-11-19 04:00:00,1.049,1.182,1.062,1.148,1.306,1.031,0.925,1.097,0.776,0.826,1.1,1.06,0.859,1.097,1.108,1.201,1.156
2012-11-19 05:00:00,1.241,1.401,1.262,1.352,1.532,1.209,1.102,1.304,0.93,0.979,1.301,1.26,1.013,1.288,1.31,1.423,1.369
2012-11-19 06:00:00,1.329,1.503,1.344,1.447,1.634,1.29,1.182,1.392,1.025,1.058,1.398,1.367,1.072,1.369,1.407,1.526,1.475
2012-11-19 07:00:00,1.292,1.452,1.307,1.403,1.576,1.246,1.153,1.348,1.025,1.037,1.36,1.344,1.028,1.325,1.362,1.482,1.437
2012-11-19 08:00:00,1.255,1.416,1.277,1.374,1.532,1.216,1.124,1.311,1.025,1.0,1.331,1.321,0.976,1.288,1.332,1.452,1.407
2012-11-19 09:00:00,1.226,1.365,1.24,1.338,1.474,1.179,1.102,1.274,1.011,0.964,1.293,1.291,0.932,1.244,1.288,1.415,1.361
2012-11-19 10:00:00,1.182,1.321,1.203,1.301,1.423,1.15,1.072,1.237,1.011,0.935,1.264,1.268,0.896,1.207,1.25,1.378,1.323
2012-11-19 11:00:00,1.152,1.277,1.173,1.272,1.372,1.127,1.043,1.201,1.011,0.913,1.234,1.244,0.866,1.17,1.213,1.334,1.285
2012-11-19 12:00:00,1.13,1.241,1.151,1.25,1.328,1.105,1.021,1.178,1.018,0.892,1.204,1.229,0.859,1.148,1.19,1.312,1.263
2012-11-19 13:00:00,1.115,1.219,1.136,1.235,1.306,1.09,0.999,1.156,1.018,0.87,1.197,1.214,0.844,1.134,1.175,1.29,1.247
2012-11-19 14:00:00,1.108,1.197,1.136,1.228,1.277,1.09,0.992,1.156,1.04,0.87,1.189,1.214,0.844,1.126,1.168,1.275,1.24
2012-11-19 15:00:00,1.108,1.19,1.136,1.235,1.27,1.09,0.992,1.149,1.062,0.877,1.182,1.206,0.874,1.126,1.16,1.268,1.24
2012-11-19 16:00:00,1.122,1.197,1.158,1.257,1.277,1.098,0.984,1.164,1.121,0.899,1.204,1.221,0.896,1.148,1.175,1.275,1.27
2012-11-19 17:00:00,1.137,1.19,1.173,1.272,1.277,1.112,0.999,1.178,1.15,0.921,1.219,1.237,0.925,1.163,1.183,1.275,1.301
2012-11-19 18:00:00,1.145,1.168,1.173,1.279,1.27,1.112,1.006,1.178,1.165,0.928,1.212,1.244,0.954,1.17,1.183,1.26,1.316
2012-11-19 19:00:00,1.13,1.138,1.166,1.265,1.24,1.098,0.999,1.164,1.165,0.935,1.197,1.244,0.969,1.163,1.168,1.224,1.316
2012-11-19 20:00:00,1.108,1.095,1.136,1.235,1.204,1.068,0.969,1.134,1.135,0.921,1.175,1.229,0.962,1.134,1.138,1.187,1.301
2012-11-19 21:00:00,1.049,1.036,1.069,1.17,1.138,1.009,0.918,1.068,1.084,0.87,1.108,1.175,0.918,1.075,1.07,1.106,1.247
2012-11-19 22:00:00,0.93,0.905,0.95,1.038,1.007,0.912,0.815,0.95,0.981,0.776,0.981,1.052,0.822,0.964,0.951,0.98,1.118
2012-11-19 23:00:00,0.834,0.795,0.846,0.928,0.905,0.823,0.727,0.854,0.894,0.689,0.877,0.945,0.734,0.861,0.846,0.877,1.012
2012-11-20 00:00:00,0.805,0.759,0.809,0.892,0.876,0.801,0.705,0.825,0.886,0.66,0.84,0.914,0.712,0.839,0.816,0.848,0.981
2012-11-20 01:00:00,0.827,0.781,0.824,0.899,0.883,0.823,0.742,0.84,0.908,0.689,0.855,0.914,0.741,0.854,0.823,0.855,0.996
2012-11-20 02:00:00,0.827,0.774,0.794,0.899,0.846,0.838,0.749,0.84,0.923,0.703,0.847,0.914,0.749,0.861,0.816,0.855,1.004
2012-11-20 03:00:00,0.849,0.803,0.824,0.921,0.876,0.868,0.786,0.862,0.952,0.739,0.862,0.937,0.785,0.891,0.831,0.855,1.034
2012-11-20 04:00:00,0.93,0.898,0.913,0.987,0.978,0.927,0.874,0.921,1.033,0.819,0.914,1.006,0.874,0.957,0.891,0.951,1.126
2012-11-20 05:00:00,1.1,1.058,1.077,1.162,1.153,1.105,1.043,1.09,1.216,0.979,1.085,1.191,1.042,1.141,1.056,1.12,1.331
2012-11-20 06:00:00,1.174,1.138,1.158,1.228,1.233,1.172,1.124,1.149,1.282,1.058,1.137,1.268,1.13,1.215,1.115,1.201,1.422
2012-11-20 07:00:00,1.137,1.117,1.129,1.199,1.189,1.135,1.087,1.12,1.238,1.029,1.108,1.237,1.101,1.185,1.085,1.165,1.399
2012-11-20 08:00:00,1.115,1.087,1.092,1.17,1.153,1.112,1.05,1.09,1.201,1.0,1.085,1.214,1.072,1.163,1.063,1.12,1.369
2012-11-20 09:00:00,1.078,1.051,1.04,1.133,1.109,1.083,0.999,1.068,1.15,0.957,1.056,1.191,1.028,1.141,1.041,1.069,1.339
2012-11-20 10:00:00,1.041,1.022,1.002,1.104,1.065,1.031,0.962,1.046,1.084,0.921,1.026,1.168,0.998,1.111,1.018,1.025,1.308
2012-11-20 11:00:00,1.019,1.007,0.973,1.075,1.043,1.001,0.94,1.024,1.04,0.899,1.004,1.145,0.969,1.089,0.996,0.995,1.285
2012-11-20 12:00:00,1.004,1.007,0.965,1.053,1.036,0.986,0.925,1.009,1.025,0.899,0.981,1.129,0.962,1.067,0.981,0.98,1.27
2012-11-20 13:00:00,0.99,1.0,0.943,1.045,1.029,0.964,0.911,1.009,1.003,0.884,0.974,1.122,0.947,1.06,0.981,0.966,1.255
2012-11-20 14:00:00,0.997,1.014,0.943,1.045,1.036,0.964,0.911,1.016,1.003,0.892,0.981,1.137,0.947,1.067,0.988,0.966,1.255
2012-11-20 15:00:00,1.012,1.058,0.958,1.053,1.065,0.986,0.925,1.024,1.018,0.906,0.989,1.145,0.954,1.067,1.003,0.98,1.263
2012-11-20 16:00:00,1.026,1.087,0.973,1.067,1.094,1.009,0.947,1.039,1.033,0.928,1.004,1.168,0.969,1.082,1.026,0.995,1.27
2012-11-20 17:00:00,1.056,1.117,1.002,1.082,1.131,1.046,0.977,1.061,1.069,0.957,1.018,1.191,0.991,1.089,1.048,1.025,1.285
2012-11-20 18:00:00,1.063,1.131,1.01,1.082,1.16,1.068,0.992,1.068,1.077,0.971,1.026,1.191,0.998,1.097,1.056,1.032,1.27
2012-11-20 19:00:00,1.063,1.131,1.01,1.067,1.182,1.09,0.999,1.068,1.084,0.986,1.026,1.183,1.013,1.089,1.063,1.047,1.247
2012-11-20 20:00:00,1.056,1.124,1.002,1.045,1.175,1.083,0.999,1.053,1.069,0.979,1.004,1.145,0.998,1.067,1.041,1.032,1.217
2012-11-20 21:00:00,0.997,1.066,0.936,0.987,1.102,1.031,0.94,0.994,1.003,0.928,0.952,1.075,0.947,1.008,0.988,0.98,1.141
2012-11-20 22:00:00,0.886,0.963,0.824,0.884,0.992,0.92,0.83,0.891,0.886,0.826,0.855,0.96,0.829,0.905,0.891,0.87,1.012
2012-11-20 23:00:00,0.798,0.876,0.728,0.804,0.905,0.838,0.742,0.81,0.784,0.739,0.773,0.853,0.741,0.824,0.808,0.767,0.89
2012-11-21 00:00:00,0.753,0.839,0.683,0.775,0.876,0.808,0.698,0.773,0.732,0.703,0.743,0.807,0.69,0.788,0.779,0.722,0.829
2012-11-21 01:00:00,0.775,0.854,0.705,0.782,0.89,0.823,0.727,0.781,0.747,0.732,0.758,0.822,0.712,0.802,0.794,0.744,0.829
2012-11-21 02:00:00,0.775,0.854,0.698,0.789,0.897,0.831,0.734,0.788,0.74,0.739,0.766,0.807,0.705,0.817,0.808,0.737,0.814
2012-11-21 03:00:00,0.798,0.876,0.728,0.819,0.927,0.86,0.764,0.818,0.762,0.776,0.795,0.837,0.727,0.839,0.838,0.767,0.829
2012-11-21 04:00:00,0.871,0.941,0.817,0.877,1.0,0.927,0.852,0.877,0.842,0.87,0.855,0.922,0.807,0.905,0.898,0.848,0.92
2012-11-21 05:00:00,1.049,1.117,0.988,1.038,1.189,1.105,1.028,1.046,1.003,1.037,1.026,1.091,0.969,1.082,1.078,1.01,1.08
2012-11-21 06:00:00,1.122,1.19,1.077,1.096,1.27,1.187,1.124,1.112,1.084,1.116,1.093,1.168,1.05,1.156,1.145,1.091,1.171
2012-11-21 07:00:00,1.1,1.168,1.069,1.067,1.255,1.157,1.072,1.09,1.069,1.109,1.07,1.137,1.028,1.134,1.123,1.069,1.141
2012-11-21 08:00:00,1.078,1.153,1.054,1.045,1.24,1.142,1.065,1.075,1.055,1.102,1.056,1.106,1.013,1.119,1.108,1.047,1.118
2012-11-21 09:00:00,1.056,1.131,1.025,1.023,1.219,1.127,1.05,1.046,1.025,1.087,1.033,1.06,0.969,1.097,1.093,1.017,1.088
2012-11-21 10:00:00,1.034,1.109,1.002,1.001,1.204,1.112,1.036,1.024,1.011,1.08,1.011,1.029,0.947,1.075,1.078,0.988,1.065
2012-11-21 11:00:00,1.019,1.095,0.98,0.972,1.182,1.098,1.028,1.009,1.003,1.066,0.989,1.006,0.932,1.053,1.056,0.973,1.05
2012-11-21 12:00:00,1.012,1.095,0.98,0.958,1.175,1.083,1.021,0.987,0.996,1.058,0.966,1.006,0.932,1.038,1.041,0.98,1.05
2012-11-21 13:00:00,1.012,1.095,0.965,0.95,1.175,1.083,1.028,0.98,0.981,1.066,0.966,0.999,0.925,1.031,1.033,0.973,1.05
2012-11-21 14:00:00,1.012,1.109,0.98,0.928,1.189,1.09,1.043,0.965,0.989,1.08,0.966,1.014,0.94,1.031,1.041,0.988,1.065
2012-11-21 15:00:00,1.034,1.131,1.002,0.936,1.204,1.105,1.058,0.98,1.011,1.102,0.974,1.045,0.969,1.038,1.041,1.017,1.095
2012-11-21 16:00:00,1.056,1.16,1.025,0.95,1.233,1.112,1.08,0.994,1.033,1.131,0.989,1.083,0.998,1.053,1.048,1.047,1.133
2012-11-21 17:00:00,1.086,1.19,1.054,0.972,1.262,1.135,1.109,1.016,1.069,1.16,0.996,1.129,1.035,1.067,1.063,1.084,1.171
2012-11-21 18:00:00,1.093,1.211,1.077,0.979,1.27,1.135,1.124,1.024,1.084,1.174,1.004,1.152,1.064,1.075,1.07,1.106,1.194
2012-11-21 19:00:00,1.1,1.219,1.084,0.994,1.27,1.112,1.131,1.024,1.099,1.174,0.996,1.152,1.079,1.06,1.063,1.12,1.209
2012-11-21 20:00:00,1.093,1.211,1.077,0.987,1.255,1.098,1.116,1.002,1.084,1.174,0.966,1.145,1.072,1.045,1.041,1.106,1.194
2012-11-21 21:00:00,1.034,1.16,1.017,0.928,1.182,1.031,1.065,0.943,1.04,1.116,0.914,1.091,1.028,0.986,0.981,1.054,1.141
2012-11-21 22:00:00,0.923,1.051,0.906,0.819,1.065,0.927,0.962,0.832,0.93,1.008,0.818,0.983,0.918,0.891,0.876,0.936,1.012
2012-11-21 23:00:00,0.842,0.956,0.809,0.731,0.97,0.845,0.881,0.744,0.842,0.921,0.728,0.899,0.829,0.81,0.794,0.848,0.92
