hour,PL,PL dolnośląskie,PL kujawsko-pomorskie,PL lubelskie,PL lubuskie,PL łódzkie,PL małopolskie,PL mazowieckie,PL opolskie,PL podkarpackie,PL podlaskie,PL pomorskie,PL śląskie,PL świętokrzyskie,PL warmińsko-mazurskie,PL wielkopolskie,PL zachodniopomorskie
2013-01-05 00:00:00,0.214,0.214,0.214,0.214,0.214,0.214,0.214,0.214,0.214,0.214,0.214,0.214,0.214,0.214,0.214,0.214,0.214
2013-01-05 01:00:00,0.164,0.164,0.164,0.164,0.164,0.164,0.164,0.164,0.164,0.164,0.164,0.164,0.164,0.164,0.164,0.164,0.164
2013-01-05 02:00:00,0.144,0.144,0.144,0.144,0.144,0.144,0.144,0.144,0.144,0.144,0.144,0.144,0.144,0.144,0.144,0.144,0.144
2013-01-05 03:00:00,0.144,0.144,0.144,0.144,0.144,0.144,0.144,0.144,0.144,0.144,0.144,0.144,0.144,0.144,0.144,0.144,0.144
2013-01-05 04:00:00,0.174,0.174,0.174,0.174,0.174,0.174,0.174,0.174,0.174,0.174,0.174,0.174,0.174,0.174,0.174,0.174,0.174
2013-01-05 05:00:00,0.307,0.307,0.307,0.307,0.307,0.307,0.307,0.307,0.307,0.307,0.307,0.307,0.307,0.307,0.307,0.307,0.307
2013-01-05 06:00:00,0.44,0.44,0.44,0.44,0.44,0.44,0.44,0.44,0.44,0.44,0.44,0.44,0.44,0.44,0.44,0.44,0.44
2013-01-05 07:00:00,0.563,0.563,0.563,0.563,0.563,0.563,0.563,0.563,0.563,0.563,0.563,0.563,0.563,0.563,0.563,0.563,0.563
2013-01-05 08:00:00,0.757,0.757,0.757,0.757,0.757,0.757,0.757,0.757,0.757,0.757,0.757,0.757,0.757,0.757,0.757,0.757,0.757
2013-01-05 09:00:00,0.962,0.962,0.962,0.962,0.962,0.962,0.962,0.962,0.962,0.962,0.962,0.962,0.962,0.962,0.962,0.962,0.962
2013-01-05 10:00:00,1.207,1.207,1.207,1.207,1.207,1.207,1.207,1.207,1.207,1.207,1.207,1.207,1.207,1.207,1.207,1.207,1.207
2013-01-05 11:00:00,1.31,1.31,1.31,1.31,1.31,1.31,1.31,1.31,1.31,1.31,1.31,1.31,1.31,1.31,1.31,1.31,1.31
2013-01-05 12:00:00,1.382,1.382,1.382,1.382,1.382,1.382,1.382,1.382,1.382,1.382,1.382,1.382,1.382,1.382,1.382,1.382,1.382
2013-01-05 13:00:00,1.392,1.392,1.392,1.392,1.392,1.392,1.392,1.392,1.392,1.392,1.392,1.392,1.392,1.392,1.392,1.392,1.392
2013-01-05 14:00:00,1.372,1.372,1.372,1.372,1.372,1.372,1.372,1.372,1.372,1.372,1.372,1.372,1.372,1.372,1.372,1.372,1.372
2013-01-05 15:00:00,1.3,1.3,1.3,1.3,1.3,1.3,1.3,1.3,1.3,1.3,1.3,1.3,1.3,1.3,1.3,1.3,1.3
2013-01-05 16:00:00,1.187,1.187,1.187,1.187,1.187,1.187,1.187,1.187,1.187,1.187,1.187,1.187,1.187,1.187,1.187,1.187,1.187
2013-01-05 17:00:00,1.095,1.095,1.095,1.095,1.095,1.095,1.095,1.095,1.095,1.095,1.095,1.095,1.095,1.095,1.095,1.095,1.095
2013-01-05 18:00:00,0.973,0.973,0.973,0.973,0.973,0.973,0.973,0.973,0.973,0.973,0.973,0.973,0.973,0.973,0.973,0.973,0.973
2013-01-05 19:00:00,0.849,0.849,0.849,0.849,0.849,0.849,0.849,0.849,0.849,0.849,0.849,0.849,0.849,0.849,0.849,0.849,0.849
2013-01-05 20:00:00,0.696,0.696,0.696,0.696,0.696,0.696,0.696,0.696,0.696,0.696,0.696,0.696,0.696,0.696,0.696,0.696,0.696
2013-01-05 21:00:00,0.532,0.532,0.532,0.532,0.532,0.532,0.532,0.532,0.532,0.532,0.532,0.532,0.532,0.532,0.532,0.532,0.532
2013-01-05 22:00:00,0.389,0.389,0.389,0.389,0.389,0.389,0.389,0.389,0.389,0.389,0.389,0.389,0.389,0.389,0.389,0.389,0.389
2013-01-05 23:00:00,0.255,0.255,0.255,0.255,0.255,0.255,0.255,0.255,0.255,0.255,0.255,0.255,0.255,0.255,0.255,0.255,0.255
2013-01-06 00:00:00,0.195,0.195,0.195,0.195,0.195,0.195,0.195,0.195,0.195,0.195,0.195,0.195,0.195,0.195,0.195,0.195,0.195
2013-01-06 01:00:00,0.164,0.164,0.164,0.164,0.164,0.164,0.164,0.164,0.164,0.164,0.164,0.164,0.164,0.164,0.164,0.164,0.164
2013-01-06 02:00:00,0.133,0.133,0.133,0.133,0.133,0.133,0.133,0.133,0.133,0.133,0.133,0.133,0.133,0.133,0.133,0.133,0.133
2013-01-06 03:00:00,0.103,0.103,0.103,0.103,0.103,0.103,0.103,0.103,0.103,0.103,0.103,0.103,0.103,0.103,0.103,0.103,0.103
2013-01-06 04:00:00,0.113,0.113,0.113,0.113,0.113,0.113,0.113,0.113,0.113,0.113,0.113,0.113,0.113,0.113,0.113,0.113,0.113
2013-01-06 05:00:00,0.195,0.195,0.195,0.195,0.195,0.195,0.195,0.195,0.195,0.195,0.195,0.195,0.195,0.195,0.195,0.195,0.195
2013-01-06 06:00:00,0.266,0.266,0.266,0.266,0.266,0.266,0.266,0.266,0.266,0.266,0.266,0.266,0.266,0.266,0.266,0.266,0.266
2013-01-06 07:00:00,0.358,0.358,0.358,0.358,0.358,0.358,0.358,0.358,0.358,0.358,0.358,0.358,0.358,0.358,0.358,0.358,0.358
2013-01-06 08:00:00,0.481,0.481,0.481,0.481,0.481,0.481,0.481,0.481,0.481,0.481,0.481,0.481,0.481,0.481,0.481,0.481,0.481
2013-01-06 09:00:00,0.675,0.675,0.675,0.675,0.675,0.675,0.675,0.675,0.675,0.675,0.675,0.675,0.675,0.675,0.675,0.675,0.675
2013-01-06 10:00:00,0.89,0.89,0.89,0.89,0.89,0.89,0.89,0.89,0.89,0.89,0.89,0.89,0.89,0.89,0.89,0.89,0.89
2013-01-06 11:00:00,1.074,1.074,1.074,1.074,1.074,1.074,1.074,1.074,1.074,1.074,1.074,1.074,1.074,1.074,1.074,1.074,1.074
2013-01-06 12:00:00,1.187,1.187,1.187,1.187,1.187,1.187,1.187,1.187,1.187,1.187,1.187,1.187,1.187,1.187,1.187,1.187,1.187
2013-01-06 13:00:00,1.248,1.248,1.248,1.248,1.248,1.248,1.248,1.248,1.248,1.248,1.248,1.248,1.248,1.248,1.248,1.248,1.248
2013-01-06 14:00:00,1.32,1.32,1.32,1.32,1.32,1.32,1.32,1.32,1.32,1.32,1.32,1.32,1.32,1.32,1.32,1.32,1.32
2013-01-06 15:00:00,1.341,1.341,1.341,1.341,1.341,1.341,1.341,1.341,1.341,1.341,1.341,1.341,1.341,1.341,1.341,1.341,1.341
2013-01-06 16:00:00,1.351,1.351,1.351,1.351,1.351,1.351,1.351,1.351,1.351,1.351,1.351,1.351,1.351,1.351,1.351,1.351,1.351
2013-01-06 17:00:00,1.32,1.32,1.32,1.32,1.32,1.32,1.32,1.32,1.32,1.32,1.32,1.32,1.32,1.32,1.32,1.32,1.32
2013-01-06 18:00:00,1.269,1.269,1.269,1.269,1.269,1.269,1.269,1.269,1.269,1.269,1.269,1.269,1.269,1.269,1.269,1.269,1.269
2013-01-06 19:00:00,1.115,1.115,1.115,1.115,1.115,1.115,1.115,1.115,1.115,1.115,1.115,1.115,1.115,1.115,1.115,1.115,1.115
2013-01-06 20:00:00,0.87,0.87,0.87,0.87,0.87,0.87,0.87,0.87,0.87,0.87,0.87,0.87,0.87,0.87,0.87,0.87,0.87
2013-01-06 21:00:00,0.613,0.613,0.613,0.613,0.613,0.613,0.613,0.613,0.613,0.613,0.613,0.613,0.613,0.613,0.613,0.613,0.613
2013-01-06 22:00:00,0.379,0.379,0.379,0.379,0.379,0.379,0.379,0.379,0.379,0.379,0.379,0.379,0.379,0.379,0.379,0.379,0.379
2013-01-06 23:00:00,0.214,0.214,0.214,0.214,0.214,0.214,0.214,0.214,0.214,0.214,0.214,0.214,0.214,0.214,0.214,0.214,0.214
2013-01-07 00:00:00,0.103,0.103,0.103,0.103,0.103,0.103,0.103,0.103,0.103,0.103,0.103,0.103,0.103,0.103,0.103,0.103,0.103
2013-01-07 01:00:00,0.082,0.082,0.082,0.082,0.082,0.082,0.082,0.082,0.082,0.082,0.082,0.082,0.082,0.082,0.082,0.082,0.082
2013-01-07 02:00:00,0.072,0.072,0.072,0.072,0.072,0.072,0.072,0.072,0.072,0.072,0.072,0.072,0.072,0.072,0.072,0.072,0.072
2013-01-07 03:00:00,0.092,0.092,0.092,0.092,0.092,0.092,0.092,0.092,0.092,0.092,0.092,0.092,0.092,0.092,0.092,0.092,0.092
2013-01-07 04:00:00,0.174,0.174,0.174,0.174,0.174,0.174,0.174,0.174,0.174,0.174,0.174,0.174,0.174,0.174,0.174,0.174,0.174
2013-01-07 05:00:00,0.563,0.563,0.563,0.563,0.563,0.563,0.563,0.563,0.563,0.563,0.563,0.563,0.563,0.563,0.563,0.563,0.563
2013-01-07 06:00:00,1.074,1.074,1.074,1.074,1.074,1.074,1.074,1.074,1.074,1.074,1.074,1.074,1.074,1.074,1.074,1.074,1.074
2013-01-07 07:00:00,1.463,1.463,1.463,1.463,1.463,1.463,1.463,1.463,1.463,1.463,1.463,1.463,1.463,1.463,1.463,1.463,1.463
2013-01-07 08:00:00,1.331,1.331,1.331,1.331,1.331,1.331,1.331,1.331,1.331,1.331,1.331,1.331,1.331,1.331,1.331,1.331,1.331
2013-01-07 09:00:00,1.105,1.105,1.105,1.105,1.105,1.105,1.105,1.105,1.105,1.105,1.105,1.105,1.105,1.105,1.105,1.105,1.105
2013-01-07 10:00:00,1.074,1.074,1.074,1.074,1.074,1.074,1.074,1.074,1.074,1.074,1.074,1.074,1.074,1.074,1.074,1.074,1.074
2013-01-07 11:00:00,1.095,1.095,1.095,1.095,1.095,1.095,1.095,1.095,1.095,1.095,1.095,1.095,1.095,1.095,1.095,1.095,1.095
2013-01-07 12:00:00,1.136,1.136,1.136,1.136,1.136,1.136,1.136,1.136,1.136,1.136,1.136,1.136,1.136,1.136,1.136,1.136,1.136
2013-01-07 13:00:00,1.269,1.269,1.269,1.269,1.269,1.269,1.269,1.269,1.269,1.269,1.269,1.269,1.269,1.269,1.269,1.269,1.269
2013-01-07 14:00:00,1.545,1.545,1.545,1.545,1.545,1.545,1.545,1.545,1.545,1.545,1.545,1.545,1.545,1.545,1.545,1.545,1.545
2013-01-07 15:00:00,1.771,1.771,1.771,1.771,1.771,1.771,1.771,1.771,1.771,1.771,1.771,1.771,1.771,1.771,1.771,1.771,1.771
2013-01-07 16:00:00,1.771,1.771,1.771,1.771,1.771,1.771,1.771,1.771,1.771,1.771,1.771,1.771,1.771,1.771,1.771,1.771,1.771
2013-01-07 17:00:00,1.422,1.422,1.422,1.422,1.422,1.422,1.422,1.422,1.422,1.422,1.422,1.422,1.422,1.422,1.422,1.422,1.422
2013-01-07 18:00:00,1.105,1.105,1.105,1.105,1.105,1.105,1.105,1.105,1.105,1.105,1.105,1.105,1.105,1.105,1.105,1.105,1.105
2013-01-07 19:00:00,0.86,0.86,0.86,0.86,0.86,0.86,0.86,0.86,0.86,0.86,0.86,0.86,0.86,0.86,0.86,0.86,0.86
2013-01-07 20:00:00,0.665,0.665,0.665,0.665,0.665,0.665,0.665,0.665,0.665,0.665,0.665,0.665,0.665,0.665,0.665,0.665,0.665
2013-01-07 21:00:00,0.502,0.502,0.502,0.502,0.502,0.502,0.502,0.502,0.502,0.502,0.502,0.502,0.502,0.502,0.502,0.502,0.502
2013-01-07 22:00:00,0.358,0.358,0.358,0.358,0.358,0.358,0.358,0.358,0.358,0.358,0.358,0.358,0.358,0.358,0.358,0.358,0.358
2013-01-07 23:00:00,0.185,0.185,0.185,0.185,0.185,0.185,0.185,0.185,0.185,0.185,0.185,0.185,0.185,0.185,0.185,0.185,0.185
2013-01-08 00:00:00,0.103,0.103,0.103,0.103,0.103,0.103,0.103,0.103,0.103,0.103,0.103,0.103,0.103,0.103,0.103,0.103,0.103
2013-01-08 01:00:00,0.072,0.072,0.072,0.072,0.072,0.072,0.072,0.072,0.072,0.072,0.072,0.072,0.072,0.072,0.072,0.072,0.072
2013-01-08 02:00:00,0.072,0.072,0.072,0.072,0.072,0.072,0.072,0.072,0.072,0.072,0.072,0.072,0.072,0.072,0.072,0.072,0.072
2013-01-08 03:00:00,0.082,0.082,0.082,0.082,0.082,0.082,0.082,0.082,0.082,0.082,0.082,0.082,0.082,0.082,0.082,0.082,0.082
2013-01-08 04:00:00,0.164,0.164,0.164,0.164,0.164,0.164,0.164,0.164,0.164,0.164,0.164,0.164,0.164,0.164,0.164,0.164,0.164
2013-01-08 05:00:00,0.543,0.543,0.543,0.543,0.543,0.543,0.543,0.543,0.543,0.543,0.543,0.543,0.543,0.543,0.543,0.543,0.543
2013-01-08 06:00:00,1.043,1.043,1.043,1.043,1.043,1.043,1.043,1.043,1.043,1.043,1.043,1.043,1.043,1.043,1.043,1.043,1.043
2013-01-08 07:00:00,1.422,1.422,1.422,1.422,1.422,1.422,1.422,1.422,1.422,1.422,1.422,1.422,1.422,1.422,1.422,1.422,1.422
2013-01-08 08:00:00,1.29,1.29,1.29,1.29,1.29,1.29,1.29,1.29,1.29,1.29,1.29,1.29,1.29,1.29,1.29,1.29,1.29
2013-01-08 09:00:00,1.074,1.074,1.074,1.074,1.074,1.074,1.074,1.074,1.074,1.074,1.074,1.074,1.074,1.074,1.074,1.074,1.074
2013-01-08 10:00:00,1.043,1.043,1.043,1.043,1.043,1.043,1.043,1.043,1.043,1.043,1.043,1.043,1.043,1.043,1.043,1.043,1.043
2013-01-08 11:00:00,1.064,1.064,1.064,1.064,1.064,1.064,1.064,1.064,1.064,1.064,1.064,1.064,1.064,1.064,1.064,1.064,1.064
2013-01-08 12:00:00,1.105,1.105,1.105,1.105,1.105,1.105,1.105,1.105,1.105,1.105,1.105,1.105,1.105,1.105,1.105,1.105,1.105
2013-01-08 13:00:00,1.228,1.228,1.228,1.228,1.228,1.228,1.228,1.228,1.228,1.228,1.228,1.228,1.228,1.228,1.228,1.228,1.228
2013-01-08 14:00:00,1.504,1.504,1.504,1.504,1.504,1.504,1.504,1.504,1.504,1.504,1.504,1.504,1.504,1.504,1.504,1.504,1.504
2013-01-08 15:00:00,1.719,1.719,1.719,1.719,1.719,1.719,1.719,1.719,1.719,1.719,1.719,1.719,1.719,1.719,1.719,1.719,1.719
2013-01-08 16:00:00,1.719,1.719,1.719,1.719,1.719,1.719,1.719,1.719,1.719,1.719,1.719,1.719,1.719,1.719,1.719,1.719,1.719
2013-01-08 17:00:00,1.382,1.382,1.382,1.382,1.382,1.382,1.382,1.382,1.382,1.382,1.382,1.382,1.382,1.382,1.382,1.382,1.382
2013-01-08 18:00:00,1.074,1.074,1.074,1.074,1.074,1.074,1.074,1.074,1.074,1.074,1.074,1.074,1.074,1.074,1.074,1.074,1.074
2013-01-08 19:00:00,0.839,0.839,0.839,0.839,0.839,0.839,0.839,0.839,0.839,0.839,0.839,0.839,0.839,0.839,0.839,0.839,0.839
2013-01-08 20:00:00,0.644,0.644,0.644,0.644,0.644,0.644,0.644,0.644,0.644,0.644,0.644,0.644,0.644,0.644,0.644,0.644,0.644
2013-01-08 21:00:00,0.491,0.491,0.491,0.491,0.491,0.491,0.491,0.491,0.491,0.491,0.491,0.491,0.491,0.491,0.491,0.491,0.491
2013-01-08 22:00:00,0.348,0.348,0.348,0.348,0.348,0.348,0.348,0.348,0.348,0.348,0.348,0.348,0.348,0.348,0.348,0.348,0.348
2013-01-08 23:00:00,0.185,0.185,0.185,0.185,0.185,0.185,0.185,0.185,0.185,0.185,0.185,0.185,0.185,0.185,0.185,0.185,0.185
2013-01-09 00:00:00,0.103,0.103,0.103,0.103,0.103,0.103,0.103,0.103,0.103,0.103,0.103,0.103,0.103,0.103,0.103,0.103,0.103
2013-01-09 01:00:00,0.082,0.082,0.082,0.082,0.082,0.082,0.082,0.082,0.082,0.082,0.082,0.082,0.082,0.082,0.082,0.082,0.082
2013-01-09 02:00:00,0.072,0.072,0.072,0.072,0.072,0.072,0.072,0.072,0.072,0.072,0.072,0.072,0.072,0.072,0.072,0.072,0.072
2013-01-09 03:00:00,0.092,0.092,0.092,0.092,0.092,0.092,0.092,0.092,0.092,0.092,0.092,0.092,0.092,0.092,0.092,0.092,0.092
2013-01-09 04:00:00,0.164,0.164,0.164,0.164,0.164,0.164,0.164,0.164,0.164,0.164,0.164,0.164,0.164,0.164,0.164,0.164,0.164
2013-01-09 05:00:00,0.563,0.563,0.563,0.563,0.563,0.563,0.563,0.563,0.563,0.563,0.563,0.563,0.563,0.563,0.563,0.563,0.563
2013-01-09 06:00:00,1.064,1.064,1.064,1.064,1.064,1.064,1.064,1.064,1.064,1.064,1.064,1.064,1.064,1.064,1.064,1.064,1.064
2013-01-09 07:00:00,1.463,1.463,1.463,1.463,1.463,1.463,1.463,1.463,1.463,1.463,1.463,1.463,1.463,1.463,1.463,1.463,1.463
2013-01-09 08:00:00,1.331,1.331,1.331,1.331,1.331,1.331,1.331,1.331,1.331,1.331,1.331,1.331,1.331,1.331,1.331,1.331,1.331
2013-01-09 09:00:00,1.105,1.105,1.105,1.105,1.105,1.105,1.105,1.105,1.105,1.105,1.105,1.105,1.105,1.105,1.105,1.105,1.105
2013-01-09 10:00:00,1.064,1.064,1.064,1.064,1.064,1.064,1.064,1.064,1.064,1.064,1.064,1.064,1.064,1.064,1.064,1.064,1.064
2013-01-09 11:00:00,1.095,1.095,1.095,1.095,1.095,1.095,1.095,1.095,1.095,1.095,1.095,1.095,1.095,1.095,1.095,1.095,1.095
2013-01-09 12:00:00,1.136,1.136,1.136,1.136,1.136,1.136,1.136,1.136,1.136,1.136,1.136,1.136,1.136,1.136,1.136,1.136,1.136
2013-01-09 13:00:00,1.259,1.259,1.259,1.259,1.259,1.259,1.259,1.259,1.259,1.259,1.259,1.259,1.259,1.259,1.259,1.259,1.259
2013-01-09 14:00:00,1.535,1.535,1.535,1.535,1.535,1.535,1.535,1.535,1.535,1.535,1.535,1.535,1.535,1.535,1.535,1.535,1.535
2013-01-09 15:00:00,1.76,1.76,1.76,1.76,1.76,1.76,1.76,1.76,1.76,1.76,1.76,1.76,1.76,1.76,1.76,1.76,1.76
2013-01-09 16:00:00,1.76,1.76,1.76,1.76,1.76,1.76,1.76,1.76,1.76,1.76,1.76,1.76,1.76,1.76,1.76,1.76,1.76
2013-01-09 17:00:00,1.422,1.422,1.422,1.422,1.422,1.422,1.422,1.422,1.422,1.422,1.422,1.422,1.422,1.422,1.422,1.422,1.422
2013-01-09 18:00:00,1.095,1.095,1.095,1.095,1.095,1.095,1.095,1.095,1.095,1.095,1.095,1.095,1.095,1.095,1.095,1.095,1.095
2013-01-09 19:00:00,0.86,0.86,0.86,0.86,0.86,0.86,0.86,0.86,0.86,0.86,0.86,0.86,0.86,0.86,0.86,0.86,0.86
2013-01-09 20:00:00,0.665,0.665,0.665,0.665,0.665,0.665,0.665,0.665,0.665,0.665,0.665,0.665,0.665,0.665,0.665,0.665,0.665
2013-01-09 21:00:00,0.502,0.502,0.502,0.502,0.502,0.502,0.502,0.502,0.502,0.502,0.502,0.502,0.502,0.502,0.502,0.502,0.502
2013-01-09 22:00:00,0.358,0.358,0.358,0.358,0.358,0.358,0.358,0.358,0.358,0.358,0.358,0.358,0.358,0.358,0.358,0.358,0.358
2013-01-09 23:00:00,0.185,0.185,0.185,0.185,0.185,0.185,0.185,0.185,0.185,0.185,0.185,0.185,0.185,0.185,0.185,0.185,0.185
2013-01-10 00:00:00,0.103,0.103,0.103,0.103,0.103,0.103,0.103,0.103,0.103,0.103,0.103,0.103,0.103,0.103,0.103,0.103,0.103
2013-01-10 01:00:00,0.082,0.082,0.082,0.082,0.082,0.082,0.082,0.082,0.082,0.082,0.082,0.082,0.082,0.082,0.082,0.082,0.082
2013-01-10 02:00:00,0.082,0.082,0.082,0.082,0.082,0.082,0.082,0.082,0.082,0.082,0.082,0.082,0.082,0.082,0.082,0.082,0.082
2013-01-10 03:00:00,0.092,0.092,0.092,0.092,0.092,0.092,0.092,0.092,0.092,0.092,0.092,0.092,0.092,0.092,0.092,0.092,0.092
2013-01-10 04:00:00,0.174,0.174,0.174,0.174,0.174,0.174,0.174,0.174,0.174,0.174,0.174,0.174,0.174,0.174,0.174,0.174,0.174
2013-01-10 05:00:00,0.584,0.584,0.584,0.584,0.584,0.584,0.584,0.584,0.584,0.584,0.584,0.584,0.584,0.584,0.584,0.584,0.584
2013-01-10 06:00:00,1.105,1.105,1.105,1.105,1.105,1.105,1.105,1.105,1.105,1.105,1.105,1.105,1.105,1.105,1.105,1.105,1.105
2013-01-10 07:00:00,1.514,1.514,1.514,1.514,1.514,1.514,1.514,1.514,1.514,1.514,1.514,1.514,1.514,1.514,1.514,1.514,1.514
2013-01-10 08:00:00,1.372,1.372,1.372,1.372,1.372,1.372,1.372,1.372,1.372,1.372,1.372,1.372,1.372,1.372,1.372,1.372,1.372
2013-01-10 09:00:00,1.146,1.146,1.146,1.146,1.146,1.146,1.146,1.146,1.146,1.146,1.146,1.146,1.146,1.146,1.146,1.146,1.146
2013-01-10 10:00:00,1.105,1.105,1.105,1.105,1.105,1.105,1.105,1.105,1.105,1.105,1.105,1.105,1.105,1.105,1.105,1.105,1.105
2013-01-10 11:00:00,1.125,1.125,1.125,1.125,1.125,1.125,1.125,1.125,1.125,1.125,1.125,1.125,1.125,1.125,1.125,1.125,1.125
2013-01-10 12:00:00,1.177,1.177,1.177,1.177,1.177,1.177,1.177,1.177,1.177,1.177,1.177,1.177,1.177,1.177,1.177,1.177,1.177
2013-01-10 13:00:00,1.3,1.3,1.3,1.3,1.3,1.3,1.3,1.3,1.3,1.3,1.3,1.3,1.3,1.3,1.3,1.3,1.3
2013-01-10 14:00:00,1.596,1.596,1.596,1.596,1.596,1.596,1.596,1.596,1.596,1.596,1.596,1.596,1.596,1.596,1.596,1.596,1.596
2013-01-10 15:00:00,1.821,1.821,1.821,1.821,1.821,1.821,1.821,1.821,1.821,1.821,1.821,1.821,1.821,1.821,1.821,1.821,1.821
2013-01-10 16:00:00,1.821,1.821,1.821,1.821,1.821,1.821,1.821,1.821,1.821,1.821,1.821,1.821,1.821,1.821,1.821,1.821,1.821
2013-01-10 17:00:00,1.463,1.463,1.463,1.463,1.463,1.463,1.463,1.463,1.463,1.463,1.463,1.463,1.463,1.463,1.463,1.463,1.463
2013-01-10 18:00:00,1.136,1.136,1.136,1.136,1.136,1.136,1.136,1.136,1.136,1.136,1.136,1.136,1.136,1.136,1.136,1.136,1.136
2013-01-10 19:00:00,0.89,0.89,0.89,0.89,0.89,0.89,0.89,0.89,0.89,0.89,0.89,0.89,0.89,0.89,0.89,0.89,0.89
2013-01-10 20:00:00,0.685,0.685,0.685,0.685,0.685,0.685,0.685,0.685,0.685,0.685,0.685,0.685,0.685,0.685,0.685,0.685,0.685
2013-01-10 21:00:00,0.522,0.522,0.522,0.522,0.522,0.522,0.522,0.522,0.522,0.522,0.522,0.522,0.522,0.522,0.522,0.522,0.522
2013-01-10 22:00:00,0.368,0.368,0.368,0.368,0.368,0.368,0.368,0.368,0.368,0.368,0.368,0.368,0.368,0.368,0.368,0.368,0.368
2013-01-10 23:00:00,0.195,0.195,0.195,0.195,0.195,0.195,0.195,0.195,0.195,0.195,0.195,0.195,0.195,0.195,0.195,0.195,0.195
2013-01-11 00:00:00,0.113,0.113,0.113,0.113,0.113,0.113,0.113,0.113,0.113,0.113,0.113,0.113,0.113,0.113,0.113,0.113,0.113
2013-01-11 01:00:00,0.082,0.082,0.082,0.082,0.082,0.082,0.082,0.082,0.082,0.082,0.082,0.082,0.082,0.082,0.082,0.082,0.082
2013-01-11 02:00:00,0.082,0.082,0.082,0.082,0.082,0.082,0.082,0.082,0.082,0.082,0.082,0.082,0.082,0.082,0.082,0.082,0.082
2013-01-11 03:00:00,0.103,0.103,0.103,0.103,0.103,0.103,0.103,0.103,0.103,0.103,0.103,0.103,0.103,0.103,0.103,0.103,0.103
2013-01-11 04:00:00,0.185,0.185,0.185,0.185,0.185,0.185,0.185,0.185,0.185,0.185,0.185,0.185,0.185,0.185,0.185,0.185,0.185
2013-01-11 05:00:00,0.624,0.624,0.624,0.624,0.624,0.624,0.624,0.624,0.624,0.624,0.624,0.624,0.624,0.624,0.624,0.624,0.624
2013-01-11 06:00:00,1.177,1.177,1.177,1.177,1.177,1.177,1.177,1.177,1.177,1.177,1.177,1.177,1.177,1.177,1.177,1.177,1.177
2013-01-11 07:00:00,1.607,1.607,1.607,1.607,1.607,1.607,1.607,1.607,1.607,1.607,1.607,1.607,1.607,1.607,1.607,1.607,1.607
2013-01-11 08:00:00,1.463,1.463,1.463,1.463,1.463,1.463,1.463,1.463,1.463,1.463,1.463,1.463,1.463,1.463,1.463,1.463,1.463
2013-01-11 09:00:00,1.218,1.218,1.218,1.218,1.218,1.218,1.218,1.218,1.218,1.218,1.218,1.218,1.218,1.218,1.218,1.218,1.218
2013-01-11 10:00:00,1.177,1.177,1.177,1.177,1.177,1.177,1.177,1.177,1.177,1.177,1.177,1.177,1.177,1.177,1.177,1.177,1.177
2013-01-11 11:00:00,1.207,1.207,1.207,1.207,1.207,1.207,1.207,1.207,1.207,1.207,1.207,1.207,1.207,1.207,1.207,1.207,1.207
2013-01-11 12:00:00,1.248,1.248,1.248,1.248,1.248,1.248,1.248,1.248,1.248,1.248,1.248,1.248,1.248,1.248,1.248,1.248,1.248
2013-01-11 13:00:00,1.392,1.392,1.392,1.392,1.392,1.392,1.392,1.392,1.392,1.392,1.392,1.392,1.392,1.392,1.392,1.392,1.392
2013-01-11 14:00:00,1.699,1.699,1.699,1.699,1.699,1.699,1.699,1.699,1.699,1.699,1.699,1.699,1.699,1.699,1.699,1.699,1.699
2013-01-11 15:00:00,1.944,1.944,1.944,1.944,1.944,1.944,1.944,1.944,1.944,1.944,1.944,1.944,1.944,1.944,1.944,1.944,1.944
2013-01-11 16:00:00,1.944,1.944,1.944,1.944,1.944,1.944,1.944,1.944,1.944,1.944,1.944,1.944,1.944,1.944,1.944,1.944,1.944
2013-01-11 17:00:00,1.565,1.565,1.565,1.565,1.565,1.565,1.565,1.565,1.565,1.565,1.565,1.565,1.565,1.565,1.565,1.565,1.565
2013-01-11 18:00:00,1.218,1.218,1.218,1.218,1.218,1.218,1.218,1.218,1.218,1.218,1.218,1.218,1.218,1.218,1.218,1.218,1.218
2013-01-11 19:00:00,0.952,0.952,0.952,0.952,0.952,0.952,0.952,0.952,0.952,0.952,0.952,0.952,0.952,0.952,0.952,0.952,0.952
2013-01-11 20:00:00,0.726,0.726,0.726,0.726,0.726,0.726,0.726,0.726,0.726,0.726,0.726,0.726,0.726,0.726,0.726,0.726,0.726
2013-01-11 21:00:00,0.553,0.553,0.553,0.553,0.553,0.553,0.553,0.553,0.553,0.553,0.553,0.553,0.553,0.553,0.553,0.553,0.553
2013-01-11 22:00:00,0.399,0.399,0.399,0.399,0.399,0.399,0.399,0.399,0.399,0.399,0.399,0.399,0.399,0.399,0.399,0.399,0.399
2013-01-11 23:00:00,0.204,0.204,0.204,0.204,0.204,0.204,0.204,0.204,0.204,0.204,0.204,0.204,0.204,0.204,0.204,0.204,0.204
2013-01-12 00:00:00,0.214,0.214,0.214,0.214,0.214,0.214,0.214,0.214,0.214,0.214,0.214,0.214,0.214,0.214,0.214,0.214,0.214
2013-01-12 01:00:00,0.164,0.164,0.164,0.164,0.164,0.164,0.164,0.164,0.164,0.164,0.164,0.164,0.164,0.164,0.164,0.164,0.164
2013-01-12 02:00:00,0.144,0.144,0.144,0.144,0.144,0.144,0.144,0.144,0.144,0.144,0.144,0.144,0.144,0.144,0.144,0.144,0.144
2013-01-12 03:00:00,0.144,0.144,0.144,0.144,0.144,0.144,0.144,0.144,0.144,0.144,0.144,0.144,0.144,0.144,0.144,0.144,0.144
2013-01-12 04:00:00,0.174,0.174,0.174,0.174,0.174,0.174,0.174,0.174,0.174,0.174,0.174,0.174,0.174,0.174,0.174,0.174,0.174
2013-01-12 05:00:00,0.307,0.307,0.307,0.307,0.307,0.307,0.307,0.307,0.307,0.307,0.307,0.307,0.307,0.307,0.307,0.307,0.307
2013-01-12 06:00:00,0.44,0.44,0.44,0.44,0.44,0.44,0.44,0.44,0.44,0.44,0.44,0.44,0.44,0.44,0.44,0.44,0.44
2013-01-12 07:00:00,0.563,0.563,0.563,0.563,0.563,0.563,0.563,0.563,0.563,0.563,0.563,0.563,0.563,0.563,0.563,0.563,0.563
2013-01-12 08:00:00,0.757,0.757,0.757,0.757,0.757,0.757,0.757,0.757,0.757,0.757,0.757,0.757,0.757,0.757,0.757,0.757,0.757
2013-01-12 09:00:00,0.962,0.962,0.962,0.962,0.962,0.962,0.962,0.962,0.962,0.962,0.962,0.962,0.962,0.962,0.962,0.962,0.962
2013-01-12 10:00:00,1.207,1.207,1.207,1.207,1.207,1.207,1.207,1.207,1.207,1.207,1.207,1.207,1.207,1.207,1.207,1.207,1.207
2013-01-12 11:00:00,1.31,1.31,1.31,1.31,1.31,1.31,1.31,1.31,1.31,1.31,1.31,1.31,1.31,1.31,1.31,1.31,1.31
2013-01-12 12:00:00,1.382,1.382,1.382,1.382,1.382,1.382,1.382,1.382,1.382,1.382,1.382,1.382,1.382,1.382,1.382,1.382,1.382
2013-01-12 13:00:00,1.392,1.392,1.392,1.392,1.392,1.392,1.392,1.392,1.392,1.392,1.392,1.392,1.392,1.392,1.392,1.392,1.392
2013-01-12 14:00:00,1.372,1.372,1.372,1.372,1.372,1.372,1.372,1.372,1.372,1.372,1.372,1.372,1.372,1.372,1.372,1.372,1.372
2013-01-12 15:00:00,1.3,1.3,1.3,1.3,1.3,1.3,1.3,1.3,1.3,1.3,1.3,1.3,1.3,1.3,1.3,1.3,1.3
2013-01-12 16:00:00,1.187,1.187,1.187,1.187,1.187,1.187,1.187,1.187,1.187,1.187,1.187,1.187,1.187,1.187,1.187,1.187,1.187
2013-01-12 17:00:00,1.095,1.095,1.095,1.095,1.095,1.095,1.095,1.095,1.095,1.095,1.095,1.095,1.095,1.095,1.095,1.095,1.095
2013-01-12 18:00:00,0.973,0.973,0.973,0.973,0.973,0.973,0.973,0.973,0.973,0.973,0.973,0.973,0.973,0.973,0.973,0.973,0.973
2013-01-12 19:00:00,0.849,0.849,0.849,0.849,0.849,0.849,0.849,0.849,0.849,0.849,0.849,0.849,0.849,0.849,0.849,0.849,0.849
2013-01-12 20:00:00,0.696,0.696,0.696,0.696,0.696,0.696,0.696,0.696,0.696,0.696,0.696,0.696,0.696,0.696,0.696,0.696,0.696
2013-01-12 21:00:00,0.532,0.532,0.532,0.532,0.532,0.532,0.532,0.532,0.532,0.532,0.532,0.532,0.532,0.532,0.532,0.532,0.532
2013-01-12 22:00:00,0.389,0.389,0.389,0.389,0.389,0.389,0.389,0.389,0.389,0.389,0.389,0.389,0.389,0.389,0.389,0.389,0.389
2013-01-12 23:00:00,0.255,0.255,0.255,0.255,0.255,0.255,0.255,0.255,0.255,0.255,0.255,0.255,0.255,0.255,0.255,0.255,0.255
2013-01-13 00:00:00,0.195,0.195,0.195,0.195,0.195,0.195,0.195,0.195,0.195,0.195,0.195,0.195,0.195,0.195,0.195,0.195,0.195
2013-01-13 01:00:00,0.164,0.164,0.164,0.164,0.164,0.164,0.164,0.164,0.164,0.164,0.164,0.164,0.164,0.164,0.164,0.164,0.164
2013-01-13 02:00:00,0.133,0.133,0.133,0.133,0.133,0.133,0.133,0.133,0.133,0.133,0.133,0.133,0.133,0.133,0.133,0.133,0.133
2013-01-13 03:00:00,0.103,0.103,0.103,0.103,0.103,0.103,0.103,0.103,0.103,0.103,0.103,0.103,0.103,0.103,0.103,0.103,0.103
2013-01-13 04:00:00,0.113,0.113,0.113,0.113,0.113,0.113,0.113,0.113,0.113,0.113,0.113,0.113,0.113,0.113,0.113,0.113,0.113
2013-01-13 05:00:00,0.195,0.195,0.195,0.195,0.195,0.195,0.195,0.195,0.195,0.195,0.195,0.195,0.195,0.195,0.195,0.195,0.195
2013-01-13 06:00:00,0.266,0.266,0.266,0.266,0.266,0.266,0.266,0.266,0.266,0.266,0.266,0.266,0.266,0.266,0.266,0.266,0.266
2013-01-13 07:00:00,0.358,0.358,0.358,0.358,0.358,0.358,0.358,0.358,0.358,0.358,0.358,0.358,0.358,0.358,0.358,0.358,0.358
2013-01-13 08:00:00,0.481,0.481,0.481,0.481,0.481,0.481,0.481,0.481,0.481,0.481,0.481,0.481,0.481,0.481,0.481,0.481,0.481
2013-01-13 09:00:00,0.675,0.675,0.675,0.675,0.675,0.675,0.675,0.675,0.675,0.675,0.675,0.675,0.675,0.675,0.675,0.675,0.675
2013-01-13 10:00:00,0.89,0.89,0.89,0.89,0.89,0.89,0.89,0.89,0.89,0.89,0.89,0.89,0.89,0.89,0.89,0.89,0.89
2013-01-13 11:00:00,1.074,1.074,1.074,1.074,1.074,1.074,1.074,1.074,1.074,1.074,1.074,1.074,1.074,1.074,1.074,1.074,1.074
2013-01-13 12:00:00,1.187,1.187,1.187,1.187,1.187,1.187,1.187,1.187,1.187,1.187,1.187,1.187,1.187,1.187,1.187,1.187,1.187
2013-01-13 13:00:00,1.248,1.248,1.248,1.248,1.248,1.248,1.248,1.248,1.248,1.248,1.248,1.248,1.248,1.248,1.248,1.248,1.248
2013-01-13 14:00:00,1.32,1.32,1.32,1.32,1.32,1.32,1.32,1.32,1.32,1.32,1.32,1.32,1.32,1.32,1.32,1.32,1.32
2013-01-13 15:00:00,1.341,1.341,1.341,1.341,1.341,1.341,1.341,1.341,1.341,1.341,1.341,1.341,1.341,1.341,1.341,1.341,1.341
2013-01-13 16:00:00,1.351,1.351,1.351,1.351,1.351,1.351,1.351,1.351,1.351,1.351,1.351,1.351,1.351,1.351,1.351,1.351,1.351
2013-01-13 17:00:00,1.32,1.32,1.32,1.32,1.32,1.32,1.32,1.32,1.32,1.32,1.32,1.32,1.32,1.32,1.32,1.32,1.32
2013-01-13 18:00:00,1.269,1.269,1.269,1.269,1.269,1.269,1.269,1.269,1.269,1.269,1.269,1.269,1.269,1.269,1.269,1.269,1.269
2013-01-13 19:00:00,1.115,1.115,1.115,1.115,1.115,1.115,1.115,1.115,1.115,1.115,1.115,1.115,1.115,1.115,1.115,1.115,1.115
2013-01-13 20:00:00,0.87,0.87,0.87,0.87,0.87,0.87,0.87,0.87,0.87,0.87,0.87,0.87,0.87,0.87,0.87,0.87,0.87
2013-01-13 21:00:00,0.613,0.613,0.613,0.613,0.613,0.613,0.613,0.613,0.613,0.613,0.613,0.613,0.613,0.613,0.613,0.613,0.613
2013-01-13 22:00:00,0.379,0.379,0.379,0.379,0.379,0.379,0.379,0.379,0.379,0.379,0.379,0.379,0.379,0.379,0.379,0.379,0.379
2013-01-13 23:00:00,0.214,0.214,0.214,0.214,0.214,0.214,0.214,0.214,0.214,0.214,0.214,0.214,0.214,0.214,0.214,0.214,0.214
2013-01-14 00:00:00,0.103,0.103,0.103,0.103,0.103,0.103,0.103,0.103,0.103,0.103,0.103,0.103,0.103,0.103,0.103,0.103,0.103
2013-01-14 01:00:00,0.082,0.082,0.082,0.082,0.082,0.082,0.082,0.082,0.082,0.082,0.082,0.082,0.082,0.082,0.082,0.082,0.082
2013-01-14 02:00:00,0.072,0.072,0.072,0.072,0.072,0.072,0.072,0.072,0.072,0.072,0.072,0.072,0.072,0.072,0.072,0.072,0.072
2013-01-14 03:00:00,0.092,0.092,0.092,0.092,0.092,0.092,0.092,0.092,0.092,0.092,0.092,0.092,0.092,0.092,0.092,0.092,0.092
2013-01-14 04:00:00,0.174,0.174,0.174,0.174,0.174,0.174,0.174,0.174,0.174,0.174,0.174,0.174,0.174,0.174,0.174,0.174,0.174
2013-01-14 05:00:00,0.563,0.563,0.563,0.563,0.563,0.563,0.563,0.563,0.563,0.563,0.563,0.563,0.563,0.563,0.563,0.563,0.563
2013-01-14 06:00:00,1.074,1.074,1.074,1.074,1.074,1.074,1.074,1.074,1.074,1.074,1.074,1.074,1.074,1.074,1.074,1.074,1.074
2013-01-14 07:00:00,1.463,1.463,1.463,1.463,1.463,1.463,1.463,1.463,1.463,1.463,1.463,1.463,1.463,1.463,1.463,1.463,1.463
2013-01-14 08:00:00,1.331,1.331,1.331,1.331,1.331,1.331,1.331,1.331,1.331,1.331,1.331,1.331,1.331,1.331,1.331,1.331,1.331
2013-01-14 09:00:00,1.105,1.105,1.105,1.105,1.105,1.105,1.105,1.105,1.105,1.105,1.105,1.105,1.105,1.105,1.105,1.105,1.105
2013-01-14 10:00:00,1.074,1.074,1.074,1.074,1.074,1.074,1.074,1.074,1.074,1.074,1.074,1.074,1.074,1.074,1.074,1.074,1.074
2013-01-14 11:00:00,1.095,1.095,1.095,1.095,1.095,1.095,1.095,1.095,1.095,1.095,1.095,1.095,1.095,1.095,1.095,1.095,1.095
2013-01-14 12:00:00,1.136,1.136,1.136,1.136,1.136,1.136,1.136,1.136,1.136,1.136,1.136,1.136,1.136,1.136,1.136,1.136,1.136
2013-01-14 13:00:00,1.269,1.269,1.269,1.269,1.269,1.269,1.269,1.269,1.269,1.269,1.269,1.269,1.269,1.269,1.269,1.269,1.269
2013-01-14 14:00:00,1.545,1.545,1.545,1.545,1.545,1.545,1.545,1.545,1.545,1.545,1.545,1.545,1.545,1.545,1.545,1.545,1.545
2013-01-14 15:00:00,1.771,1.771,1.771,1.771,1.771,1.771,1.771,1.771,1.771,1.771,1.771,1.771,1.771,1.771,1.771,1.771,1.771
2013-01-14 16:00:00,1.771,1.771,1.771,1.771,1.771,1.771,1.771,1.771,1.771,1.771,1.771,1.771,1.771,1.771,1.771,1.771,1.771
2013-01-14 17:00:00,1.422,1.422,1.422,1.422,1.422,1.422,1.422,1.422,1.422,1.422,1.422,1.422,1.422,1.422,1.422,1.422,1.422
2013-01-14 18:00:00,1.105,1.105,1.105,1.105,1.105,1.105,1.105,1.105,1.105,1.105,1.105,1.105,1.105,1.105,1.105,1.105,1.105
2013-01-14 19:00:00,0.86,0.86,0.86,0.86,0.86,0.86,0.86,0.86,0.86,0.86,0.86,0.86,0.86,0.86,0.86,0.86,0.86
2013-01-14 20:00:00,0.665,0.665,0.665,0.665,0.665,0.665,0.665,0.665,0.665,0.665,0.665,0.665,0.665,0.665,0.665,0.665,0.665
2013-01-14 21:00:00,0.502,0.502,0.502,0.502,0.502,0.502,0.502,0.502,0.502,0.502,0.502,0.502,0.502,0.502,0.502,0.502,0.502
2013-01-14 22:00:00,0.358,0.358,0.358,0.358,0.358,0.358,0.358,0.358,0.358,0.358,0.358,0.358,0.358,0.358,0.358,0.358,0.358
2013-01-14 23:00:00,0.185,0.185,0.185,0.185,0.185,0.185,0.185,0.185,0.185,0.185,0.185,0.185,0.185,0.185,0.185,0.185,0.185
2013-01-15 00:00:00,0.103,0.103,0.103,0.103,0.103,0.103,0.103,0.103,0.103,0.103,0.103,0.103,0.103,0.103,0.103,0.103,0.103
2013-01-15 01:00:00,0.072,0.072,0.072,0.072,0.072,0.072,0.072,0.072,0.072,0.072,0.072,0.072,0.072,0.072,0.072,0.072,0.072
2013-01-15 02:00:00,0.072,0.072,0.072,0.072,0.072,0.072,0.072,0.072,0.072,0.072,0.072,0.072,0.072,0.072,0.072,0.072,0.072
2013-01-15 03:00:00,0.082,0.082,0.082,0.082,0.082,0.082,0.082,0.082,0.082,0.082,0.082,0.082,0.082,0.082,0.082,0.082,0.082
2013-01-15 04:00:00,0.164,0.164,0.164,0.164,0.164,0.164,0.164,0.164,0.164,0.164,0.164,0.164,0.164,0.164,0.164,0.164,0.164
2013-01-15 05:00:00,0.543,0.543,0.543,0.543,0.543,0.543,0.543,0.543,0.543,0.543,0.543,0.543,0.543,0.543,0.543,0.543,0.543
2013-01-15 06:00:00,1.043,1.043,1.043,1.043,1.043,1.043,1.043,1.043,1.043,1.043,1.043,1.043,1.043,1.043,1.043,1.043,1.043
2013-01-15 07:00:00,1.422,1.422,1.422,1.422,1.422,1.422,1.422,1.422,1.422,1.422,1.422,1.422,1.422,1.422,1.422,1.422,1.422
2013-01-15 08:00:00,1.29,1.29,1.29,1.29,1.29,1.29,1.29,1.29,1.29,1.29,1.29,1.29,1.29,1.29,1.29,1.29,1.29
2013-01-15 09:00:00,1.074,1.074,1.074,1.074,1.074,1.074,1.074,1.074,1.074,1.074,1.074,1.074,1.074,1.074,1.074,1.074,1.074
2013-01-15 10:00:00,1.043,1.043,1.043,1.043,1.043,1.043,1.043,1.043,1.043,1.043,1.043,1.043,1.043,1.043,1.043,1.043,1.043
2013-01-15 11:00:00,1.064,1.064,1.064,1.064,1.064,1.064,1.064,1.064,1.064,1.064,1.064,1.064,1.064,1.064,1.064,1.064,1.064
2013-01-15 12:00:00,1.105,1.105,1.105,1.105,1.105,1.105,1.105,1.105,1.105,1.105,1.105,1.105,1.105,1.105,1.105,1.105,1.105
2013-01-15 13:00:00,1.228,1.228,1.228,1.228,1.228,1.228,1.228,1.228,1.228,1.228,1.228,1.228,1.228,1.228,1.228,1.228,1.228
2013-01-15 14:00:00,1.504,1.504,1.504,1.504,1.504,1.504,1.504,1.504,1.504,1.504,1.504,1.504,1.504,1.504,1.504,1.504,1.504
2013-01-15 15:00:00,1.719,1.719,1.719,1.719,1.719,1.719,1.719,1.719,1.719,1.719,1.719,1.719,1.719,1.719,1.719,1.719,1.719
2013-01-15 16:00:00,1.719,1.719,1.719,1.719,1.719,1.719,1.719,1.719,1.719,1.719,1.719,1.719,1.719,1.719,1.719,1.719,1.719
2013-01-15 17:00:00,1.382,1.382,1.382,1.382,1.382,1.382,1.382,1.382,1.382,1.382,1.382,1.382,1.382,1.382,1.382,1.382,1.382
2013-01-15 18:00:00,1.074,1.074,1.074,1.074,1.074,1.074,1.074,1.074,1.074,1.074,1.074,1.074,1.074,1.074,1.074,1.074,1.074
2013-01-15 19:00:00,0.839,0.839,0.839,0.839,0.839,0.839,0.839,0.839,0.839,0.839,0.839,0.839,0.839,0.839,0.839,0.839,0.839
2013-01-15 20:00:00,0.644,0.644,0.644,0.644,0.644,0.644,0.644,0.644,0.644,0.644,0.644,0.644,0.644,0.644,0.644,0.644,0.644
2013-01-15 21:00:00,0.491,0.491,0.491,0.491,0.491,0.491,0.491,0.491,0.491,0.491,0.491,0.491,0.491,0.491,0.491,0.491,0.491
2013-01-15 22:00:00,0.348,0.348,0.348,0.348,0.348,0.348,0.348,0.348,0.348,0.348,0.348,0.348,0.348,0.348,0.348,0.348,0.348
2013-01-15 23:00:00,0.185,0.185,0.185,0.185,0.185,0.185,0.185,0.185,0.185,0.185,0.185,0.185,0.185,0.185,0.185,0.185,0.185
2013-01-16 00:00:00,0.103,0.103,0.103,0.103,0.103,0.103,0.103,0.103,0.103,0.103,0.103,0.103,0.103,0.103,0.103,0.103,0.103
2013-01-16 01:00:00,0.082,0.082,0.082,0.082,0.082,0.082,0.082,0.082,0.082,0.082,0.082,0.082,0.082,0.082,0.082,0.082,0.082
2013-01-16 02:00:00,0.072,0.072,0.072,0.072,0.072,0.072,0.072,0.072,0.072,0.072,0.072,0.072,0.072,0.072,0.072,0.072,0.072
2013-01-16 03:00:00,0.092,0.092,0.092,0.092,0.092,0.092,0.092,0.092,0.092,0.092,0.092,0.092,0.092,0.092,0.092,0.092,0.092
2013-01-16 04:00:00,0.164,0.164,0.164,0.164,0.164,0.164,0.164,0.164,0.164,0.164,0.164,0.164,0.164,0.164,0.164,0.164,0.164
2013-01-16 05:00:00,0.563,0.563,0.563,0.563,0.563,0.563,0.563,0.563,0.563,0.563,0.563,0.563,0.563,0.563,0.563,0.563,0.563
2013-01-16 06:00:00,1.064,1.064,1.064,1.064,1.064,1.064,1.064,1.064,1.064,1.064,1.064,1.064,1.064,1.064,1.064,1.064,1.064
2013-01-16 07:00:00,1.463,1.463,1.463,1.463,1.463,1.463,1.463,1.463,1.463,1.463,1.463,1.463,1.463,1.463,1.463,1.463,1.463
2013-01-16 08:00:00,1.331,1.331,1.331,1.331,1.331,1.331,1.331,1.331,1.331,1.331,1.331,1.331,1.331,1.331,1.331,1.331,1.331
2013-01-16 09:00:00,1.105,1.105,1.105,1.105,1.105,1.105,1.105,1.105,1.105,1.105,1.105,1.105,1.105,1.105,1.105,1.105,1.105
2013-01-16 10:00:00,1.064,1.064,1.064,1.064,1.064,1.064,1.064,1.064,1.064,1.064,1.064,1.064,1.064,1.064,1.064,1.064,1.064
2013-01-16 11:00:00,1.095,1.095,1.095,1.095,1.095,1.095,1.095,1.095,1.095,1.095,1.095,1.095,1.095,1.095,1.095,1.095,1.095
2013-01-16 12:00:00,1.136,1.136,1.136,1.136,1.136,1.136,1.136,1.136,1.136,1.136,1.136,1.136,1.136,1.136,1.136,1.136,1.136
2013-01-16 13:00:00,1.259,1.259,1.259,1.259,1.259,1.259,1.259,1.259,1.259,1.259,1.259,1.259,1.259,1.259,1.259,1.259,1.259
2013-01-16 14:00:00,1.535,1.535,1.535,1.535,1.535,1.535,1.535,1.535,1.535,1.535,1.535,1.535,1.535,1.535,1.535,1.535,1.535
2013-01-16 15:00:00,1.76,1.76,1.76,1.76,1.76,1.76,1.76,1.76,1.76,1.76,1.76,1.76,1.76,1.76,1.76,1.76,1.76
2013-01-16 16:00:00,1.76,1.76,1.76,1.76,1.76,1.76,1.76,1.76,1.76,1.76,1.76,1.76,1.76,1.76,1.76,1.76,1.76
2013-01-16 17:00:00,1.422,1.422,1.422,1.422,1.422,1.422,1.422,1.422,1.422,1.422,1.422,1.422,1.422,1.422,1.422,1.422,1.422
2013-01-16 18:00:00,1.095,1.095,1.095,1.095,1.095,1.095,1.095,1.095,1.095,1.095,1.095,1.095,1.095,1.095,1.095,1.095,1.095
2013-01-16 19:00:00,0.86,0.86,0.86,0.86,0.86,0.86,0.86,0.86,0.86,0.86,0.86,0.86,0.86,0.86,0.86,0.86,0.86
2013-01-16 20:00:00,0.665,0.665,0.665,0.665,0.665,0.665,0.665,0.665,0.665,0.665,0.665,0.665,0.665,0.665,0.665,0.665,0.665
2013-01-16 21:00:00,0.502,0.502,0.502,0.502,0.502,0.502,0.502,0.502,0.502,0.502,0.502,0.502,0.502,0.502,0.502,0.502,0.502
2013-01-16 22:00:00,0.358,0.358,0.358,0.358,0.358,0.358,0.358,0.358,0.358,0.358,0.358,0.358,0.358,0.358,0.358,0.358,0.358
2013-01-16 23:00:00,0.185,0.185,0.185,0.185,0.185,0.185,0.185,0.185,0.185,0.185,0.185,0.185,0.185,0.185,0.185,0.185,0.185
2013-01-17 00:00:00,0.103,0.103,0.103,0.103,0.103,0.103,0.103,0.103,0.103,0.103,0.103,0.103,0.103,0.103,0.103,0.103,0.103
2013-01-17 01:00:00,0.082,0.082,0.082,0.082,0.082,0.082,0.082,0.082,0.082,0.082,0.082,0.082,0.082,0.082,0.082,0.082,0.082
2013-01-17 02:00:00,0.082,0.082,0.082,0.082,0.082,0.082,0.082,0.082,0.082,0.082,0.082,0.082,0.082,0.082,0.082,0.082,0.082
2013-01-17 03:00:00,0.092,0.092,0.092,0.092,0.092,0.092,0.092,0.092,0.092,0.092,0.092,0.092,0.092,0.092,0.092,0.092,0.092
2013-01-17 04:00:00,0.174,0.174,0.174,0.174,0.174,0.174,0.174,0.174,0.174,0.174,0.174,0.174,0.174,0.174,0.174,0.174,0.174
2013-01-17 05:00:00,0.584,0.584,0.584,0.584,0.584,0.584,0.584,0.584,0.584,0.584,0.584,0.584,0.584,0.584,0.584,0.584,0.584
2013-01-17 06:00:00,1.105,1.105,1.105,1.105,1.105,1.105,1.105,1.105,1.105,1.105,1.105,1.105,1.105,1.105,1.105,1.105,1.105
2013-01-17 07:00:00,1.514,1.514,1.514,1.514,1.514,1.514,1.514,1.514,1.514,1.514,1.514,1.514,1.514,1.514,1.514,1.514,1.514
2013-01-17 08:00:00,1.372,1.372,1.372,1.372,1.372,1.372,1.372,1.372,1.372,1.372,1.372,1.372,1.372,1.372,1.372,1.372,1.372
2013-01-17 09:00:00,1.146,1.146,1.146,1.146,1.146,1.146,1.146,1.146,1.146,1.146,1.146,1.146,1.146,1.146,1.146,1.146,1.146
2013-01-17 10:00:00,1.105,1.105,1.105,1.105,1.105,1.105,1.105,1.105,1.105,1.105,1.105,1.105,1.105,1.105,1.105,1.105,1.105
2013-01-17 11:00:00,1.125,1.125,1.125,1.125,1.125,1.125,1.125,1.125,1.125,1.125,1.125,1.125,1.125,1.125,1.125,1.125,1.125
2013-01-17 12:00:00,1.177,1.177,1.177,1.177,1.177,1.177,1.177,1.177,1.177,1.177,1.177,1.177,1.177,1.177,1.177,1.177,1.177
2013-01-17 13:00:00,1.3,1.3,1.3,1.3,1.3,1.3,1.3,1.3,1.3,1.3,1.3,1.3,1.3,1.3,1.3,1.3,1.3
2013-01-17 14:00:00,1.596,1.596,1.596,1.596,1.596,1.596,1.596,1.596,1.596,1.596,1.596,1.596,1.596,1.596,1.596,1.596,1.596
2013-01-17 15:00:00,1.821,1.821,1.821,1.821,1.821,1.821,1.821,1.821,1.821,1.821,1.821,1.821,1.821,1.821,1.821,1.821,1.821
2013-01-17 16:00:00,1.821,1.821,1.821,1.821,1.821,1.821,1.821,1.821,1.821,1.821,1.821,1.821,1.821,1.821,1.821,1.821,1.821
2013-01-17 17:00:00,1.463,1.463,1.463,1.463,1.463,1.463,1.463,1.463,1.463,1.463,1.463,1.463,1.463,1.463,1.463,1.463,1.463
2013-01-17 18:00:00,1.136,1.136,1.136,1.136,1.136,1.136,1.136,1.136,1.136,1.136,1.136,1.136,1.136,1.136,1.136,1.136,1.136
2013-01-17 19:00:00,0.89,0.89,0.89,0.89,0.89,0.89,0.89,0.89,0.89,0.89,0.89,0.89,0.89,0.89,0.89,0.89,0.89
2013-01-17 20:00:00,0.685,0.685,0.685,0.685,0.685,0.685,0.685,0.685,0.685,0.685,0.685,0.685,0.685,0.685,0.685,0.685,0.685
2013-01-17 21:00:00,0.522,0.522,0.522,0.522,0.522,0.522,0.522,0.522,0.522,0.522,0.522,0.522,0.522,0.522,0.522,0.522,0.522
2013-01-17 22:00:00,0.368,0.368,0.368,0.368,0.368,0.368,0.368,0.368,0.368,0.368,0.368,0.368,0.368,0.368,0.368,0.368,0.368
2013-01-17 23:00:00,0.195,0.195,0.195,0.195,0.195,0.195,0.195,0.195,0.195,0.195,0.195,0.195,0.195,0.195,0.195,0.195,0.195
2013-01-18 00:00:00,0.113,0.113,0.113,0.113,0.113,0.113,0.113,0.113,0.113,0.113,0.113,0.113,0.113,0.113,0.113,0.113,0.113
2013-01-18 01:00:00,0.082,0.082,0.082,0.082,0.082,0.082,0.082,0.082,0.082,0.082,0.082,0.082,0.082,0.082,0.082,0.082,0.082
2013-01-18 02:00:00,0.082,0.082,0.082,0.082,0.082,0.082,0.082,0.082,0.082,0.082,0.082,0.082,0.082,0.082,0.082,0.082,0.082
2013-01-18 03:00:00,0.103,0.103,0.103,0.103,0.103,0.103,0.103,0.103,0.103,0.103,0.103,0.103,0.103,0.103,0.103,0.103,0.103
2013-01-18 04:00:00,0.185,0.185,0.185,0.185,0.185,0.185,0.185,0.185,0.185,0.185,0.185,0.185,0.185,0.185,0.185,0.185,0.185
2013-01-18 05:00:00,0.624,0.624,0.624,0.624,0.624,0.624,0.624,0.624,0.624,0.624,0.624,0.624,0.624,0.624,0.624,0.624,0.624
2013-01-18 06:00:00,1.177,1.177,1.177,1.177,1.177,1.177,1.177,1.177,1.177,1.177,1.177,1.177,1.177,1.177,1.177,1.177,1.177
2013-01-18 07:00:00,1.607,1.607,1.607,1.607,1.607,1.607,1.607,1.607,1.607,1.607,1.607,1.607,1.607,1.607,1.607,1.607,1.607
2013-01-18 08:00:00,1.463,1.463,1.463,1.463,1.463,1.463,1.463,1.463,1.463,1.463,1.463,1.463,1.463,1.463,1.463,1.463,1.463
2013-01-18 09:00:00,1.218,1.218,1.218,1.218,1.218,1.218,1.218,1.218,1.218,1.218,1.218,1.218,1.218,1.218,1.218,1.218,1.218
2013-01-18 10:00:00,1.177,1.177,1.177,1.177,1.177,1.177,1.177,1.177,1.177,1.177,1.177,1.177,1.177,1.177,1.177,1.177,1.177
2013-01-18 11:00:00,1.207,1.207,1.207,1.207,1.207,1.207,1.207,1.207,1.207,1.207,1.207,1.207,1.207,1.207,1.207,1.207,1.207
2013-01-18 12:00:00,1.248,1.248,1.248,1.248,1.248,1.248,1.248,1.248,1.248,1.248,1.248,1.248,1.248,1.248,1.248,1.248,1.248
2013-01-18 13:00:00,1.392,1.392,1.392,1.392,1.392,1.392,1.392,1.392,1.392,1.392,1.392,1.392,1.392,1.392,1.392,1.392,1.392
2013-01-18 14:00:00,1.699,1.699,1.699,1.699,1.699,1.699,1.699,1.699,1.699,1.699,1.699,1.699,1.699,1.699,1.699,1.699,1.699
2013-01-18 15:00:00,1.944,1.944,1.944,1.944,1.944,1.944,1.944,1.944,1.944,1.944,1.944,1.944,1.944,1.944,1.944,1.944,1.944
2013-01-18 16:00:00,1.944,1.944,1.944,1.944,1.944,1.944,1.944,1.944,1.944,1.944,1.944,1.944,1.944,1.944,1.944,1.944,1.944
2013-01-18 17:00:00,1.565,1.565,1.565,1.565,1.565,1.565,1.565,1.565,1.565,1.565,1.565,1.565,1.565,1.565,1.565,1.565,1.565
2013-01-18 18:00:00,1.218,1.218,1.218,1.218,1.218,1.218,1.218,1.218,1.218,1.218,1.218,1.218,1.218,1.218,1.218,1.218,1.218
2013-01-18 19:00:00,0.952,0.952,0.952,0.952,0.952,0.952,0.952,0.952,0.952,0.952,0.952,0.952,0.952,0.952,0.952,0.952,0.952
2013-01-18 20:00:00,0.726,0.726,0.726,0.726,0.726,0.726,0.726,0.726,0.726,0.726,0.726,0.726,0.726,0.726,0.726,0.726,0.726
2013-01-18 21:00:00,0.553,0.553,0.553,0.553,0.553,0.553,0.553,0.553,0.553,0.553,0.553,0.553,0.553,0.553,0.553,0.553,0.553
2013-01-18 22:00:00,0.399,0.399,0.399,0.399,0.399,0.399,0.399,0.399,0.399,0.399,0.399,0.399,0.399,0.399,0.399,0.399,0.399
2013-01-18 23:00:00,0.204,0.204,0.204,0.204,0.204,0.204,0.204,0.204,0.204,0.204,0.204,0.204,0.204,0.204,0.204,0.204,0.204
2013-01-19 00:00:00,0.214,0.214,0.214,0.214,0.214,0.214,0.214,0.214,0.214,0.214,0.214,0.214,0.214,0.214,0.214,0.214,0.214
2013-01-19 01:00:00,0.164,0.164,0.164,0.164,0.164,0.164,0.164,0.164,0.164,0.164,0.164,0.164,0.164,0.164,0.164,0.164,0.164
2013-01-19 02:00:00,0.144,0.144,0.144,0.144,0.144,0.144,0.144,0.144,0.144,0.144,0.144,0.144,0.144,0.144,0.144,0.144,0.144
2013-01-19 03:00:00,0.144,0.144,0.144,0.144,0.144,0.144,0.144,0.144,0.144,0.144,0.144,0.144,0.144,0.144,0.144,0.144,0.144
2013-01-19 04:00:00,0.174,0.174,0.174,0.174,0.174,0.174,0.174,0.174,0.174,0.174,0.174,0.174,0.174,0.174,0.174,0.174,0.174
2013-01-19 05:00:00,0.307,0.307,0.307,0.307,0.307,0.307,0.307,0.307,0.307,0.307,0.307,0.307,0.307,0.307,0.307,0.307,0.307
2013-01-19 06:00:00,0.44,0.44,0.44,0.44,0.44,0.44,0.44,0.44,0.44,0.44,0.44,0.44,0.44,0.44,0.44,0.44,0.44
2013-01-19 07:00:00,0.563,0.563,0.563,0.563,0.563,0.563,0.563,0.563,0.563,0.563,0.563,0.563,0.563,0.563,0.563,0.563,0.563
2013-01-19 08:00:00,0.757,0.757,0.757,0.757,0.757,0.757,0.757,0.757,0.757,0.757,0.757,0.757,0.757,0.757,0.757,0.757,0.757
2013-01-19 09:00:00,0.962,0.962,0.962,0.962,0.962,0.962,0.962,0.962,0.962,0.962,0.962,0.962,0.962,0.962,0.962,0.962,0.962
2013-01-19 10:00:00,1.207,1.207,1.207,1.207,1.207,1.207,1.207,1.207,1.207,1.207,1.207,1.207,1.207,1.207,1.207,1.207,1.207
2013-01-19 11:00:00,1.31,1.31,1.31,1.31,1.31,1.31,1.31,1.31,1.31,1.31,1.31,1.31,1.31,1.31,1.31,1.31,1.31
2013-01-19 12:00:00,1.382,1.382,1.382,1.382,1.382,1.382,1.382,1.382,1.382,1.382,1.382,1.382,1.382,1.382,1.382,1.382,1.382
2013-01-19 13:00:00,1.392,1.392,1.392,1.392,1.392,1.392,1.392,1.392,1.392,1.392,1.392,1.392,1.392,1.392,1.392,1.392,1.392
2013-01-19 14:00:00,1.372,1.372,1.372,1.372,1.372,1.372,1.372,1.372,1.372,1.372,1.372,1.372,1.372,1.372,1.372,1.372,1.372
2013-01-19 15:00:00,1.3,1.3,1.3,1.3,1.3,1.3,1.3,1.3,1.3,1.3,1.3,1.3,1.3,1.3,1.3,1.3,1.3
2013-01-19 16:00:00,1.187,1.187,1.187,1.187,1.187,1.187,1.187,1.187,1.187,1.187,1.187,1.187,1.187,1.187,1.187,1.187,1.187
2013-01-19 17:00:00,1.095,1.095,1.095,1.095,1.095,1.095,1.095,1.095,1.095,1.095,1.095,1.095,1.095,1.095,1.095,1.095,1.095
2013-01-19 18:00:00,0.973,0.973,0.973,0.973,0.973,0.973,0.973,0.973,0.973,0.973,0.973,0.973,0.973,0.973,0.973,0.973,0.973
2013-01-19 19:00:00,0.849,0.849,0.849,0.849,0.849,0.849,0.849,0.849,0.849,0.849,0.849,0.849,0.849,0.849,0.849,0.849,0.849
2013-01-19 20:00:00,0.696,0.696,0.696,0.696,0.696,0.696,0.696,0.696,0.696,0.696,0.696,0.696,0.696,0.696,0.696,0.696,0.696
2013-01-19 21:00:00,0.532,0.532,0.532,0.532,0.532,0.532,0.532,0.532,0.532,0.532,0.532,0.532,0.532,0.532,0.532,0.532,0.532
2013-01-19 22:00:00,0.389,0.389,0.389,0.389,0.389,0.389,0.389,0.389,0.389,0.389,0.389,0.389,0.389,0.389,0.389,0.389,0.389
2013-01-19 23:00:00,0.255,0.255,0.255,0.255,0.255,0.255,0.255,0.255,0.255,0.255,0.255,0.255,0.255,0.255,0.255,0.255,0.255
2013-01-20 00:00:00,0.195,0.195,0.195,0.195,0.195,0.195,0.195,0.195,0.195,0.195,0.195,0.195,0.195,0.195,0.195,0.195,0.195
2013-01-20 01:00:00,0.164,0.164,0.164,0.164,0.164,0.164,0.164,0.164,0.164,0.164,0.164,0.164,0.164,0.164,0.164,0.164,0.164
2013-01-20 02:00:00,0.133,0.133,0.133,0.133,0.133,0.133,0.133,0.133,0.133,0.133,0.133,0.133,0.133,0.133,0.133,0.133,0.133
2013-01-20 03:00:00,0.103,0.103,0.103,0.103,0.103,0.103,0.103,0.103,0.103,0.103,0.103,0.103,0.103,0.103,0.103,0.103,0.103
2013-01-20 04:00:00,0.113,0.113,0.113,0.113,0.113,0.113,0.113,0.113,0.113,0.113,0.113,0.113,0.113,0.113,0.113,0.113,0.113
2013-01-20 05:00:00,0.195,0.195,0.195,0.195,0.195,0.195,0.195,0.195,0.195,0.195,0.195,0.195,0.195,0.195,0.195,0.195,0.195
2013-01-20 06:00:00,0.266,0.266,0.266,0.266,0.266,0.266,0.266,0.266,0.266,0.266,0.266,0.266,0.266,0.266,0.266,0.266,0.266
2013-01-20 07:00:00,0.358,0.358,0.358,0.358,0.358,0.358,0.358,0.358,0.358,0.358,0.358,0.358,0.358,0.358,0.358,0.358,0.358
2013-01-20 08:00:00,0.481,0.481,0.481,0.481,0.481,0.481,0.481,0.481,0.481,0.481,0.481,0.481,0.481,0.481,0.481,0.481,0.481
2013-01-20 09:00:00,0.675,0.675,0.675,0.675,0.675,0.675,0.675,0.675,0.675,0.675,0.675,0.675,0.675,0.675,0.675,0.675,0.675
2013-01-20 10:00:00,0.89,0.89,0.89,0.89,0.89,0.89,0.89,0.89,0.89,0.89,0.89,0.89,0.89,0.89,0.89,0.89,0.89
2013-01-20 11:00:00,1.074,1.074,1.074,1.074,1.074,1.074,1.074,1.074,1.074,1.074,1.074,1.074,1.074,1.074,1.074,1.074,1.074
2013-01-20 12:00:00,1.187,1.187,1.187,1.187,1.187,1.187,1.187,1.187,1.187,1.187,1.187,1.187,1.187,1.187,1.187,1.187,1.187
2013-01-20 13:00:00,1.248,1.248,1.248,1.248,1.248,1.248,1.248,1.248,1.248,1.248,1.248,1.248,1.248,1.248,1.248,1.248,1.248
2013-01-20 14:00:00,1.32,1.32,1.32,1.32,1.32,1.32,1.32,1.32,1.32,1.32,1.32,1.32,1.32,1.32,1.32,1.32,1.32
2013-01-20 15:00:00,1.341,1.341,1.341,1.341,1.341,1.341,1.341,1.341,1.341,1.341,1.341,1.341,1.341,1.341,1.341,1.341,1.341
2013-01-20 16:00:00,1.351,1.351,1.351,1.351,1.351,1.351,1.351,1.351,1.351,1.351,1.351,1.351,1.351,1.351,1.351,1.351,1.351
2013-01-20 17:00:00,1.32,1.32,1.32,1.32,1.32,1.32,1.32,1.32,1.32,1.32,1.32,1.32,1.32,1.32,1.32,1.32,1.32
2013-01-20 18:00:00,1.269,1.269,1.269,1.269,1.269,1.269,1.269,1.269,1.269,1.269,1.269,1.269,1.269,1.269,1.269,1.269,1.269
2013-01-20 19:00:00,1.115,1.115,1.115,1.115,1.115,1.115,1.115,1.115,1.115,1.115,1.115,1.115,1.115,1.115,1.115,1.115,1.115
2013-01-20 20:00:00,0.87,0.87,0.87,0.87,0.87,0.87,0.87,0.87,0.87,0.87,0.87,0.87,0.87,0.87,0.87,0.87,0.87
2013-01-20 21:00:00,0.613,0.613,0.613,0.613,0.613,0.613,0.613,0.613,0.613,0.613,0.613,0.613,0.613,0.613,0.613,0.613,0.613
2013-01-20 22:00:00,0.379,0.379,0.379,0.379,0.379,0.379,0.379,0.379,0.379,0.379,0.379,0.379,0.379,0.379,0.379,0.379,0.379
2013-01-20 23:00:00,0.214,0.214,0.214,0.214,0.214,0.214,0.214,0.214,0.214,0.214,0.214,0.214,0.214,0.214,0.214,0.214,0.214
2013-01-21 00:00:00,0.103,0.103,0.103,0.103,0.103,0.103,0.103,0.103,0.103,0.103,0.103,0.103,0.103,0.103,0.103,0.103,0.103
2013-01-21 01:00:00,0.082,0.082,0.082,0.082,0.082,0.082,0.082,0.082,0.082,0.082,0.082,0.082,0.082,0.082,0.082,0.082,0.082
2013-01-21 02:00:00,0.072,0.072,0.072,0.072,0.072,0.072,0.072,0.072,0.072,0.072,0.072,0.072,0.072,0.072,0.072,0.072,0.072
2013-01-21 03:00:00,0.092,0.092,0.092,0.092,0.092,0.092,0.092,0.092,0.092,0.092,0.092,0.092,0.092,0.092,0.092,0.092,0.092
2013-01-21 04:00:00,0.174,0.174,0.174,0.174,0.174,0.174,0.174,0.174,0.174,0.174,0.174,0.174,0.174,0.174,0.174,0.174,0.174
2013-01-21 05:00:00,0.563,0.563,0.563,0.563,0.563,0.563,0.563,0.563,0.563,0.563,0.563,0.563,0.563,0.563,0.563,0.563,0.563
2013-01-21 06:00:00,1.074,1.074,1.074,1.074,1.074,1.074,1.074,1.074,1.074,1.074,1.074,1.074,1.074,1.074,1.074,1.074,1.074
2013-01-21 07:00:00,1.463,1.463,1.463,1.463,1.463,1.463,1.463,1.463,1.463,1.463,1.463,1.463,1.463,1.463,1.463,1.463,1.463
2013-01-21 08:00:00,1.331,1.331,1.331,1.331,1.331,1.331,1.331,1.331,1.331,1.331,1.331,1.331,1.331,1.331,1.331,1.331,1.331
2013-01-21 09:00:00,1.105,1.105,1.105,1.105,1.105,1.105,1.105,1.105,1.105,1.105,1.105,1.105,1.105,1.105,1.105,1.105,1.105
2013-01-21 10:00:00,1.074,1.074,1.074,1.074,1.074,1.074,1.074,1.074,1.074,1.074,1.074,1.074,1.074,1.074,1.074,1.074,1.074
2013-01-21 11:00:00,1.095,1.095,1.095,1.095,1.095,1.095,1.095,1.095,1.095,1.095,1.095,1.095,1.095,1.095,1.095,1.095,1.095
2013-01-21 12:00:00,1.136,1.136,1.136,1.136,1.136,1.136,1.136,1.136,1.136,1.136,1.136,1.136,1.136,1.136,1.136,1.136,1.136
2013-01-21 13:00:00,1.269,1.269,1.269,1.269,1.269,1.269,1.269,1.269,1.269,1.269,1.269,1.269,1.269,1.269,1.269,1.269,1.269
2013-01-21 14:00:00,1.545,1.545,1.545,1.545,1.545,1.545,1.545,1.545,1.545,1.545,1.545,1.545,1.545,1.545,1.545,1.545,1.545
2013-01-21 15:00:00,1.771,1.771,1.771,1.771,1.771,1.771,1.771,1.771,1.771,1.771,1.771,1.771,1.771,1.771,1.771,1.771,1.771
2013-01-21 16:00:00,1.771,1.771,1.771,1.771,1.771,1.771,1.771,1.771,1.771,1.771,1.771,1.771,1.771,1.771,1.771,1.771,1.771
2013-01-21 17:00:00,1.422,1.422,1.422,1.422,1.422,1.422,1.422,1.422,1.422,1.422,1.422,1.422,1.422,1.422,1.422,1.422,1.422
2013-01-21 18:00:00,1.105,1.105,1.105,1.105,1.105,1.105,1.105,1.105,1.105,1.105,1.105,1.105,1.105,1.105,1.105,1.105,1.105
2013-01-21 19:00:00,0.86,0.86,0.86,0.86,0.86,0.86,0.86,0.86,0.86,0.86,0.86,0.86,0.86,0.86,0.86,0.86,0.86
2013-01-21 20:00:00,0.665,0.665,0.665,0.665,0.665,0.665,0.665,0.665,0.665,0.665,0.665,0.665,0.665,0.665,0.665,0.665,0.665
2013-01-21 21:00:00,0.502,0.502,0.502,0.502,0.502,0.502,0.502,0.502,0.502,0.502,0.502,0.502,0.502,0.502,0.502,0.502,0.502
2013-01-21 22:00:00,0.358,0.358,0.358,0.358,0.358,0.358,0.358,0.358,0.358,0.358,0.358,0.358,0.358,0.358,0.358,0.358,0.358
2013-01-21 23:00:00,0.185,0.185,0.185,0.185,0.185,0.185,0.185,0.185,0.185,0.185,0.185,0.185,0.185,0.185,0.185,0.185,0.185
2013-01-22 00:00:00,0.103,0.103,0.103,0.103,0.103,0.103,0.103,0.103,0.103,0.103,0.103,0.103,0.103,0.103,0.103,0.103,0.103
2013-01-22 01:00:00,0.072,0.072,0.072,0.072,0.072,0.072,0.072,0.072,0.072,0.072,0.072,0.072,0.072,0.072,0.072,0.072,0.072
2013-01-22 02:00:00,0.072,0.072,0.072,0.072,0.072,0.072,0.072,0.072,0.072,0.072,0.072,0.072,0.072,0.072,0.072,0.072,0.072
2013-01-22 03:00:00,0.082,0.082,0.082,0.082,0.082,0.082,0.082,0.082,0.082,0.082,0.082,0.082,0.082,0.082,0.082,0.082,0.082
2013-01-22 04:00:00,0.164,0.164,0.164,0.164,0.164,0.164,0.164,0.164,0.164,0.164,0.164,0.164,0.164,0.164,0.164,0.164,0.164
2013-01-22 05:00:00,0.543,0.543,0.543,0.543,0.543,0.543,0.543,0.543,0.543,0.543,0.543,0.543,0.543,0.543,0.543,0.543,0.543
2013-01-22 06:00:00,1.043,1.043,1.043,1.043,1.043,1.043,1.043,1.043,1.043,1.043,1.043,1.043,1.043,1.043,1.043,1.043,1.043
2013-01-22 07:00:00,1.422,1.422,1.422,1.422,1.422,1.422,1.422,1.422,1.422,1.422,1.422,1.422,1.422,1.422,1.422,1.422,1.422
2013-01-22 08:00:00,1.29,1.29,1.29,1.29,1.29,1.29,1.29,1.29,1.29,1.29,1.29,1.29,1.29,1.29,1.29,1.29,1.29
2013-01-22 09:00:00,1.074,1.074,1.074,1.074,1.074,1.074,1.074,1.074,1.074,1.074,1.074,1.074,1.074,1.074,1.074,1.074,1.074
2013-01-22 10:00:00,1.043,1.043,1.043,1.043,1.043,1.043,1.043,1.043,1.043,1.043,1.043,1.043,1.043,1.043,1.043,1.043,1.043
2013-01-22 11:00:00,1.064,1.064,1.064,1.064,1.064,1.064,1.064,1.064,1.064,1.064,1.064,1.064,1.064,1.064,1.064,1.064,1.064
2013-01-22 12:00:00,1.105,1.105,1.105,1.105,1.105,1.105,1.105,1.105,1.105,1.105,1.105,1.105,1.105,1.105,1.105,1.105,1.105
2013-01-22 13:00:00,1.228,1.228,1.228,1.228,1.228,1.228,1.228,1.228,1.228,1.228,1.228,1.228,1.228,1.228,1.228,1.228,1.228
2013-01-22 14:00:00,1.504,1.504,1.504,1.504,1.504,1.504,1.504,1.504,1.504,1.504,1.504,1.504,1.504,1.504,1.504,1.504,1.504
2013-01-22 15:00:00,1.719,1.719,1.719,1.719,1.719,1.719,1.719,1.719,1.719,1.719,1.719,1.719,1.719,1.719,1.719,1.719,1.719
2013-01-22 16:00:00,1.719,1.719,1.719,1.719,1.719,1.719,1.719,1.719,1.719,1.719,1.719,1.719,1.719,1.719,1.719,1.719,1.719
2013-01-22 17:00:00,1.382,1.382,1.382,1.382,1.382,1.382,1.382,1.382,1.382,1.382,1.382,1.382,1.382,1.382,1.382,1.382,1.382
2013-01-22 18:00:00,1.074,1.074,1.074,1.074,1.074,1.074,1.074,1.074,1.074,1.074,1.074,1.074,1.074,1.074,1.074,1.074,1.074
2013-01-22 19:00:00,0.839,0.839,0.839,0.839,0.839,0.839,0.839,0.839,0.839,0.839,0.839,0.839,0.839,0.839,0.839,0.839,0.839
2013-01-22 20:00:00,0.644,0.644,0.644,0.644,0.644,0.644,0.644,0.644,0.644,0.644,0.644,0.644,0.644,0.644,0.644,0.644,0.644
2013-01-22 21:00:00,0.491,0.491,0.491,0.491,0.491,0.491,0.491,0.491,0.491,0.491,0.491,0.491,0.491,0.491,0.491,0.491,0.491
2013-01-22 22:00:00,0.348,0.348,0.348,0.348,0.348,0.348,0.348,0.348,0.348,0.348,0.348,0.348,0.348,0.348,0.348,0.348,0.348
2013-01-22 23:00:00,0.185,0.185,0.185,0.185,0.185,0.185,0.185,0.185,0.185,0.185,0.185,0.185,0.185,0.185,0.185,0.185,0.185
2013-01-23 00:00:00,0.103,0.103,0.103,0.103,0.103,0.103,0.103,0.103,0.103,0.103,0.103,0.103,0.103,0.103,0.103,0.103,0.103
2013-01-23 01:00:00,0.082,0.082,0.082,0.082,0.082,0.082,0.082,0.082,0.082,0.082,0.082,0.082,0.082,0.082,0.082,0.082,0.082
2013-01-23 02:00:00,0.072,0.072,0.072,0.072,0.072,0.072,0.072,0.072,0.072,0.072,0.072,0.072,0.072,0.072,0.072,0.072,0.072
2013-01-23 03:00:00,0.092,0.092,0.092,0.092,0.092,0.092,0.092,0.092,0.092,0.092,0.092,0.092,0.092,0.092,0.092,0.092,0.092
2013-01-23 04:00:00,0.164,0.164,0.164,0.164,0.164,0.164,0.164,0.164,0.164,0.164,0.164,0.164,0.164,0.164,0.164,0.164,0.164
2013-01-23 05:00:00,0.563,0.563,0.563,0.563,0.563,0.563,0.563,0.563,0.563,0.563,0.563,0.563,0.563,0.563,0.563,0.563,0.563
2013-01-23 06:00:00,1.064,1.064,1.064,1.064,1.064,1.064,1.064,1.064,1.064,1.064,1.064,1.064,1.064,1.064,1.064,1.064,1.064
2013-01-23 07:00:00,1.463,1.463,1.463,1.463,1.463,1.463,1.463,1.463,1.463,1.463,1.463,1.463,1.463,1.463,1.463,1.463,1.463
2013-01-23 08:00:00,1.331,1.331,1.331,1.331,1.331,1.331,1.331,1.331,1.331,1.331,1.331,1.331,1.331,1.331,1.331,1.331,1.331
2013-01-23 09:00:00,1.105,1.105,1.105,1.105,1.105,1.105,1.105,1.105,1.105,1.105,1.105,1.105,1.105,1.105,1.105,1.105,1.105
2013-01-23 10:00:00,1.064,1.064,1.064,1.064,1.064,1.064,1.064,1.064,1.064,1.064,1.064,1.064,1.064,1.064,1.064,1.064,1.064
2013-01-23 11:00:00,1.095,1.095,1.095,1.095,1.095,1.095,1.095,1.095,1.095,1.095,1.095,1.095,1.095,1.095,1.095,1.095,1.095
2013-01-23 12:00:00,1.136,1.136,1.136,1.136,1.136,1.136,1.136,1.136,1.136,1.136,1.136,1.136,1.136,1.136,1.136,1.136,1.136
2013-01-23 13:00:00,1.259,1.259,1.259,1.259,1.259,1.259,1.259,1.259,1.259,1.259,1.259,1.259,1.259,1.259,1.259,1.259,1.259
2013-01-23 14:00:00,1.535,1.535,1.535,1.535,1.535,1.535,1.535,1.535,1.535,1.535,1.535,1.535,1.535,1.535,1.535,1.535,1.535
2013-01-23 15:00:00,1.76,1.76,1.76,1.76,1.76,1.76,1.76,1.76,1.76,1.76,1.76,1.76,1.76,1.76,1.76,1.76,1.76
2013-01-23 16:00:00,1.76,1.76,1.76,1.76,1.76,1.76,1.76,1.76,1.76,1.76,1.76,1.76,1.76,1.76,1.76,1.76,1.76
2013-01-23 17:00:00,1.422,1.422,1.422,1.422,1.422,1.422,1.422,1.422,1.422,1.422,1.422,1.422,1.422,1.422,1.422,1.422,1.422
2013-01-23 18:00:00,1.095,1.095,1.095,1.095,1.095,1.095,1.095,1.095,1.095,1.095,1.095,1.095,1.095,1.095,1.095,1.095,1.095
2013-01-23 19:00:00,0.86,0.86,0.86,0.86,0.86,0.86,0.86,0.86,0.86,0.86,0.86,0.86,0.86,0.86,0.86,0.86,0.86
2013-01-23 20:00:00,0.665,0.665,0.665,0.665,0.665,0.665,0.665,0.665,0.665,0.665,0.665,0.665,0.665,0.665,0.665,0.665,0.665
2013-01-23 21:00:00,0.502,0.502,0.502,0.502,0.502,0.502,0.502,0.502,0.502,0.502,0.502,0.502,0.502,0.502,0.502,0.502,0.502
2013-01-23 22:00:00,0.358,0.358,0.358,0.358,0.358,0.358,0.358,0.358,0.358,0.358,0.358,0.358,0.358,0.358,0.358,0.358,0.358
2013-01-23 23:00:00,0.185,0.185,0.185,0.185,0.185,0.185,0.185,0.185,0.185,0.185,0.185,0.185,0.185,0.185,0.185,0.185,0.185
2013-01-24 00:00:00,0.103,0.103,0.103,0.103,0.103,0.103,0.103,0.103,0.103,0.103,0.103,0.103,0.103,0.103,0.103,0.103,0.103
2013-01-24 01:00:00,0.082,0.082,0.082,0.082,0.082,0.082,0.082,0.082,0.082,0.082,0.082,0.082,0.082,0.082,0.082,0.082,0.082
2013-01-24 02:00:00,0.082,0.082,0.082,0.082,0.082,0.082,0.082,0.082,0.082,0.082,0.082,0.082,0.082,0.082,0.082,0.082,0.082
2013-01-24 03:00:00,0.092,0.092,0.092,0.092,0.092,0.092,0.092,0.092,0.092,0.092,0.092,0.092,0.092,0.092,0.092,0.092,0.092
2013-01-24 04:00:00,0.174,0.174,0.174,0.174,0.174,0.174,0.174,0.174,0.174,0.174,0.174,0.174,0.174,0.174,0.174,0.174,0.174
2013-01-24 05:00:00,0.584,0.584,0.584,0.584,0.584,0.584,0.584,0.584,0.584,0.584,0.584,0.584,0.584,0.584,0.584,0.584,0.584
2013-01-24 06:00:00,1.105,1.105,1.105,1.105,1.105,1.105,1.105,1.105,1.105,1.105,1.105,1.105,1.105,1.105,1.105,1.105,1.105
2013-01-24 07:00:00,1.514,1.514,1.514,1.514,1.514,1.514,1.514,1.514,1.514,1.514,1.514,1.514,1.514,1.514,1.514,1.514,1.514
2013-01-24 08:00:00,1.372,1.372,1.372,1.372,1.372,1.372,1.372,1.372,1.372,1.372,1.372,1.372,1.372,1.372,1.372,1.372,1.372
2013-01-24 09:00:00,1.146,1.146,1.146,1.146,1.146,1.146,1.146,1.146,1.146,1.146,1.146,1.146,1.146,1.146,1.146,1.146,1.146
2013-01-24 10:00:00,1.105,1.105,1.105,1.105,1.105,1.105,1.105,1.105,1.105,1.105,1.105,1.105,1.105,1.105,1.105,1.105,1.105
2013-01-24 11:00:00,1.125,1.125,1.125,1.125,1.125,1.125,1.125,1.125,1.125,1.125,1.125,1.125,1.125,1.125,1.125,1.125,1.125
2013-01-24 12:00:00,1.177,1.177,1.177,1.177,1.177,1.177,1.177,1.177,1.177,1.177,1.177,1.177,1.177,1.177,1.177,1.177,1.177
2013-01-24 13:00:00,1.3,1.3,1.3,1.3,1.3,1.3,1.3,1.3,1.3,1.3,1.3,1.3,1.3,1.3,1.3,1.3,1.3
2013-01-24 14:00:00,1.596,1.596,1.596,1.596,1.596,1.596,1.596,1.596,1.596,1.596,1.596,1.596,1.596,1.596,1.596,1.596,1.596
2013-01-24 15:00:00,1.821,1.821,1.821,1.821,1.821,1.821,1.821,1.821,1.821,1.821,1.821,1.821,1.821,1.821,1.821,1.821,1.821
2013-01-24 16:00:00,1.821,1.821,1.821,1.821,1.821,1.821,1.821,1.821,1.821,1.821,1.821,1.821,1.821,1.821,1.821,1.821,1.821
2013-01-24 17:00:00,1.463,1.463,1.463,1.463,1.463,1.463,1.463,1.463,1.463,1.463,1.463,1.463,1.463,1.463,1.463,1.463,1.463
2013-01-24 18:00:00,1.136,1.136,1.136,1.136,1.136,1.136,1.136,1.136,1.136,1.136,1.136,1.136,1.136,1.136,1.136,1.136,1.136
2013-01-24 19:00:00,0.89,0.89,0.89,0.89,0.89,0.89,0.89,0.89,0.89,0.89,0.89,0.89,0.89,0.89,0.89,0.89,0.89
2013-01-24 20:00:00,0.685,0.685,0.685,0.685,0.685,0.685,0.685,0.685,0.685,0.685,0.685,0.685,0.685,0.685,0.685,0.685,0.685
2013-01-24 21:00:00,0.522,0.522,0.522,0.522,0.522,0.522,0.522,0.522,0.522,0.522,0.522,0.522,0.522,0.522,0.522,0.522,0.522
2013-01-24 22:00:00,0.368,0.368,0.368,0.368,0.368,0.368,0.368,0.368,0.368,0.368,0.368,0.368,0.368,0.368,0.368,0.368,0.368
2013-01-24 23:00:00,0.195,0.195,0.195,0.195,0.195,0.195,0.195,0.195,0.195,0.195,0.195,0.195,0.195,0.195,0.195,0.195,0.195
2013-01-25 00:00:00,0.113,0.113,0.113,0.113,0.113,0.113,0.113,0.113,0.113,0.113,0.113,0.113,0.113,0.113,0.113,0.113,0.113
2013-01-25 01:00:00,0.082,0.082,0.082,0.082,0.082,0.082,0.082,0.082,0.082,0.082,0.082,0.082,0.082,0.082,0.082,0.082,0.082
2013-01-25 02:00:00,0.082,0.082,0.082,0.082,0.082,0.082,0.082,0.082,0.082,0.082,0.082,0.082,0.082,0.082,0.082,0.082,0.082
2013-01-25 03:00:00,0.103,0.103,0.103,0.103,0.103,0.103,0.103,0.103,0.103,0.103,0.103,0.103,0.103,0.103,0.103,0.103,0.103
2013-01-25 04:00:00,0.185,0.185,0.185,0.185,0.185,0.185,0.185,0.185,0.185,0.185,0.185,0.185,0.185,0.185,0.185,0.185,0.185
2013-01-25 05:00:00,0.624,0.624,0.624,0.624,0.624,0.624,0.624,0.624,0.624,0.624,0.624,0.624,0.624,0.624,0.624,0.624,0.624
2013-01-25 06:00:00,1.177,1.177,1.177,1.177,1.177,1.177,1.177,1.177,1.177,1.177,1.177,1.177,1.177,1.177,1.177,1.177,1.177
2013-01-25 07:00:00,1.607,1.607,1.607,1.607,1.607,1.607,1.607,1.607,1.607,1.607,1.607,1.607,1.607,1.607,1.607,1.607,1.607
2013-01-25 08:00:00,1.463,1.463,1.463,1.463,1.463,1.463,1.463,1.463,1.463,1.463,1.463,1.463,1.463,1.463,1.463,1.463,1.463
2013-01-25 09:00:00,1.218,1.218,1.218,1.218,1.218,1.218,1.218,1.218,1.218,1.218,1.218,1.218,1.218,1.218,1.218,1.218,1.218
2013-01-25 10:00:00,1.177,1.177,1.177,1.177,1.177,1.177,1.177,1.177,1.177,1.177,1.177,1.177,1.177,1.177,1.177,1.177,1.177
2013-01-25 11:00:00,1.207,1.207,1.207,1.207,1.207,1.207,1.207,1.207,1.207,1.207,1.207,1.207,1.207,1.207,1.207,1.207,1.207
2013-01-25 12:00:00,1.248,1.248,1.248,1.248,1.248,1.248,1.248,1.248,1.248,1.248,1.248,1.248,1.248,1.248,1.248,1.248,1.248
2013-01-25 13:00:00,1.392,1.392,1.392,1.392,1.392,1.392,1.392,1.392,1.392,1.392,1.392,1.392,1.392,1.392,1.392,1.392,1.392
2013-01-25 14:00:00,1.699,1.699,1.699,1.699,1.699,1.699,1.699,1.699,1.699,1.699,1.699,1.699,1.699,1.699,1.699,1.699,1.699
2013-01-25 15:00:00,1.944,1.944,1.944,1.944,1.944,1.944,1.944,1.944,1.944,1.944,1.944,1.944,1.944,1.944,1.944,1.944,1.944
2013-01-25 16:00:00,1.944,1.944,1.944,1.944,1.944,1.944,1.944,1.944,1.944,1.944,1.944,1.944,1.944,1.944,1.944,1.944,1.944
2013-01-25 17:00:00,1.565,1.565,1.565,1.565,1.565,1.565,1.565,1.565,1.565,1.565,1.565,1.565,1.565,1.565,1.565,1.565,1.565
2013-01-25 18:00:00,1.218,1.218,1.218,1.218,1.218,1.218,1.218,1.218,1.218,1.218,1.218,1.218,1.218,1.218,1.218,1.218,1.218
2013-01-25 19:00:00,0.952,0.952,0.952,0.952,0.952,0.952,0.952,0.952,0.952,0.952,0.952,0.952,0.952,0.952,0.952,0.952,0.952
2013-01-25 20:00:00,0.726,0.726,0.726,0.726,0.726,0.726,0.726,0.726,0.726,0.726,0.726,0.726,0.726,0.726,0.726,0.726,0.726
2013-01-25 21:00:00,0.553,0.553,0.553,0.553,0.553,0.553,0.553,0.553,0.553,0.553,0.553,0.553,0.553,0.553,0.553,0.553,0.553
2013-01-25 22:00:00,0.399,0.399,0.399,0.399,0.399,0.399,0.399,0.399,0.399,0.399,0.399,0.399,0.399,0.399,0.399,0.399,0.399
2013-01-25 23:00:00,0.204,0.204,0.204,0.204,0.204,0.204,0.204,0.204,0.204,0.204,0.204,0.204,0.204,0.204,0.204,0.204,0.204
2013-01-26 00:00:00,0.214,0.214,0.214,0.214,0.214,0.214,0.214,0.214,0.214,0.214,0.214,0.214,0.214,0.214,0.214,0.214,0.214
2013-01-26 01:00:00,0.164,0.164,0.164,0.164,0.164,0.164,0.164,0.164,0.164,0.164,0.164,0.164,0.164,0.164,0.164,0.164,0.164
2013-01-26 02:00:00,0.144,0.144,0.144,0.144,0.144,0.144,0.144,0.144,0.144,0.144,0.144,0.144,0.144,0.144,0.144,0.144,0.144
2013-01-26 03:00:00,0.144,0.144,0.144,0.144,0.144,0.144,0.144,0.144,0.144,0.144,0.144,0.144,0.144,0.144,0.144,0.144,0.144
2013-01-26 04:00:00,0.174,0.174,0.174,0.174,0.174,0.174,0.174,0.174,0.174,0.174,0.174,0.174,0.174,0.174,0.174,0.174,0.174
2013-01-26 05:00:00,0.307,0.307,0.307,0.307,0.307,0.307,0.307,0.307,0.307,0.307,0.307,0.307,0.307,0.307,0.307,0.307,0.307
2013-01-26 06:00:00,0.44,0.44,0.44,0.44,0.44,0.44,0.44,0.44,0.44,0.44,0.44,0.44,0.44,0.44,0.44,0.44,0.44
2013-01-26 07:00:00,0.563,0.563,0.563,0.563,0.563,0.563,0.563,0.563,0.563,0.563,0.563,0.563,0.563,0.563,0.563,0.563,0.563
2013-01-26 08:00:00,0.757,0.757,0.757,0.757,0.757,0.757,0.757,0.757,0.757,0.757,0.757,0.757,0.757,0.757,0.757,0.757,0.757
2013-01-26 09:00:00,0.962,0.962,0.962,0.962,0.962,0.962,0.962,0.962,0.962,0.962,0.962,0.962,0.962,0.962,0.962,0.962,0.962
2013-01-26 10:00:00,1.207,1.207,1.207,1.207,1.207,1.207,1.207,1.207,1.207,1.207,1.207,1.207,1.207,1.207,1.207,1.207,1.207
2013-01-26 11:00:00,1.31,1.31,1.31,1.31,1.31,1.31,1.31,1.31,1.31,1.31,1.31,1.31,1.31,1.31,1.31,1.31,1.31
2013-01-26 12:00:00,1.382,1.382,1.382,1.382,1.382,1.382,1.382,1.382,1.382,1.382,1.382,1.382,1.382,1.382,1.382,1.382,1.382
2013-01-26 13:00:00,1.392,1.392,1.392,1.392,1.392,1.392,1.392,1.392,1.392,1.392,1.392,1.392,1.392,1.392,1.392,1.392,1.392
2013-01-26 14:00:00,1.372,1.372,1.372,1.372,1.372,1.372,1.372,1.372,1.372,1.372,1.372,1.372,1.372,1.372,1.372,1.372,1.372
2013-01-26 15:00:00,1.3,1.3,1.3,1.3,1.3,1.3,1.3,1.3,1.3,1.3,1.3,1.3,1.3,1.3,1.3,1.3,1.3
2013-01-26 16:00:00,1.187,1.187,1.187,1.187,1.187,1.187,1.187,1.187,1.187,1.187,1.187,1.187,1.187,1.187,1.187,1.187,1.187
2013-01-26 17:00:00,1.095,1.095,1.095,1.095,1.095,1.095,1.095,1.095,1.095,1.095,1.095,1.095,1.095,1.095,1.095,1.095,1.095
2013-01-26 18:00:00,0.973,0.973,0.973,0.973,0.973,0.973,0.973,0.973,0.973,0.973,0.973,0.973,0.973,0.973,0.973,0.973,0.973
2013-01-26 19:00:00,0.849,0.849,0.849,0.849,0.849,0.849,0.849,0.849,0.849,0.849,0.849,0.849,0.849,0.849,0.849,0.849,0.849
2013-01-26 20:00:00,0.696,0.696,0.696,0.696,0.696,0.696,0.696,0.696,0.696,0.696,0.696,0.696,0.696,0.696,0.696,0.696,0.696
2013-01-26 21:00:00,0.532,0.532,0.532,0.532,0.532,0.532,0.532,0.532,0.532,0.532,0.532,0.532,0.532,0.532,0.532,0.532,0.532
2013-01-26 22:00:00,0.389,0.389,0.389,0.389,0.389,0.389,0.389,0.389,0.389,0.389,0.389,0.389,0.389,0.389,0.389,0.389,0.389
2013-01-26 23:00:00,0.255,0.255,0.255,0.255,0.255,0.255,0.255,0.255,0.255,0.255,0.255,0.255,0.255,0.255,0.255,0.255,0.255
2013-01-27 00:00:00,0.195,0.195,0.195,0.195,0.195,0.195,0.195,0.195,0.195,0.195,0.195,0.195,0.195,0.195,0.195,0.195,0.195
2013-01-27 01:00:00,0.164,0.164,0.164,0.164,0.164,0.164,0.164,0.164,0.164,0.164,0.164,0.164,0.164,0.164,0.164,0.164,0.164
2013-01-27 02:00:00,0.133,0.133,0.133,0.133,0.133,0.133,0.133,0.133,0.133,0.133,0.133,0.133,0.133,0.133,0.133,0.133,0.133
2013-01-27 03:00:00,0.103,0.103,0.103,0.103,0.103,0.103,0.103,0.103,0.103,0.103,0.103,0.103,0.103,0.103,0.103,0.103,0.103
2013-01-27 04:00:00,0.113,0.113,0.113,0.113,0.113,0.113,0.113,0.113,0.113,0.113,0.113,0.113,0.113,0.113,0.113,0.113,0.113
2013-01-27 05:00:00,0.195,0.195,0.195,0.195,0.195,0.195,0.195,0.195,0.195,0.195,0.195,0.195,0.195,0.195,0.195,0.195,0.195
2013-01-27 06:00:00,0.266,0.266,0.266,0.266,0.266,0.266,0.266,0.266,0.266,0.266,0.266,0.266,0.266,0.266,0.266,0.266,0.266
2013-01-27 07:00:00,0.358,0.358,0.358,0.358,0.358,0.358,0.358,0.358,0.358,0.358,0.358,0.358,0.358,0.358,0.358,0.358,0.358
2013-01-27 08:00:00,0.481,0.481,0.481,0.481,0.481,0.481,0.481,0.481,0.481,0.481,0.481,0.481,0.481,0.481,0.481,0.481,0.481
2013-01-27 09:00:00,0.675,0.675,0.675,0.675,0.675,0.675,0.675,0.675,0.675,0.675,0.675,0.675,0.675,0.675,0.675,0.675,0.675
2013-01-27 10:00:00,0.89,0.89,0.89,0.89,0.89,0.89,0.89,0.89,0.89,0.89,0.89,0.89,0.89,0.89,0.89,0.89,0.89
2013-01-27 11:00:00,1.074,1.074,1.074,1.074,1.074,1.074,1.074,1.074,1.074,1.074,1.074,1.074,1.074,1.074,1.074,1.074,1.074
2013-01-27 12:00:00,1.187,1.187,1.187,1.187,1.187,1.187,1.187,1.187,1.187,1.187,1.187,1.187,1.187,1.187,1.187,1.187,1.187
2013-01-27 13:00:00,1.248,1.248,1.248,1.248,1.248,1.248,1.248,1.248,1.248,1.248,1.248,1.248,1.248,1.248,1.248,1.248,1.248
2013-01-27 14:00:00,1.32,1.32,1.32,1.32,1.32,1.32,1.32,1.32,1.32,1.32,1.32,1.32,1.32,1.32,1.32,1.32,1.32
2013-01-27 15:00:00,1.341,1.341,1.341,1.341,1.341,1.341,1.341,1.341,1.341,1.341,1.341,1.341,1.341,1.341,1.341,1.341,1.341
2013-01-27 16:00:00,1.351,1.351,1.351,1.351,1.351,1.351,1.351,1.351,1.351,1.351,1.351,1.351,1.351,1.351,1.351,1.351,1.351
2013-01-27 17:00:00,1.32,1.32,1.32,1.32,1.32,1.32,1.32,1.32,1.32,1.32,1.32,1.32,1.32,1.32,1.32,1.32,1.32
2013-01-27 18:00:00,1.269,1.269,1.269,1.269,1.269,1.269,1.269,1.269,1.269,1.269,1.269,1.269,1.269,1.269,1.269,1.269,1.269
2013-01-27 19:00:00,1.115,1.115,1.115,1.115,1.115,1.115,1.115,1.115,1.115,1.115,1.115,1.115,1.115,1.115,1.115,1.115,1.115
2013-01-27 20:00:00,0.87,0.87,0.87,0.87,0.87,0.87,0.87,0.87,0.87,0.87,0.87,0.87,0.87,0.87,0.87,0.87,0.87
2013-01-27 21:00:00,0.613,0.613,0.613,0.613,0.613,0.613,0.613,0.613,0.613,0.613,0.613,0.613,0.613,0.613,0.613,0.613,0.613
2013-01-27 22:00:00,0.379,0.379,0.379,0.379,0.379,0.379,0.379,0.379,0.379,0.379,0.379,0.379,0.379,0.379,0.379,0.379,0.379
2013-01-27 23:00:00,0.214,0.214,0.214,0.214,0.214,0.214,0.214,0.214,0.214,0.214,0.214,0.214,0.214,0.214,0.214,0.214,0.214
2013-01-28 00:00:00,0.103,0.103,0.103,0.103,0.103,0.103,0.103,0.103,0.103,0.103,0.103,0.103,0.103,0.103,0.103,0.103,0.103
2013-01-28 01:00:00,0.082,0.082,0.082,0.082,0.082,0.082,0.082,0.082,0.082,0.082,0.082,0.082,0.082,0.082,0.082,0.082,0.082
2013-01-28 02:00:00,0.072,0.072,0.072,0.072,0.072,0.072,0.072,0.072,0.072,0.072,0.072,0.072,0.072,0.072,0.072,0.072,0.072
2013-01-28 03:00:00,0.092,0.092,0.092,0.092,0.092,0.092,0.092,0.092,0.092,0.092,0.092,0.092,0.092,0.092,0.092,0.092,0.092
2013-01-28 04:00:00,0.174,0.174,0.174,0.174,0.174,0.174,0.174,0.174,0.174,0.174,0.174,0.174,0.174,0.174,0.174,0.174,0.174
2013-01-28 05:00:00,0.563,0.563,0.563,0.563,0.563,0.563,0.563,0.563,0.563,0.563,0.563,0.563,0.563,0.563,0.563,0.563,0.563
2013-01-28 06:00:00,1.074,1.074,1.074,1.074,1.074,1.074,1.074,1.074,1.074,1.074,1.074,1.074,1.074,1.074,1.074,1.074,1.074
2013-01-28 07:00:00,1.463,1.463,1.463,1.463,1.463,1.463,1.463,1.463,1.463,1.463,1.463,1.463,1.463,1.463,1.463,1.463,1.463
2013-01-28 08:00:00,1.331,1.331,1.331,1.331,1.331,1.331,1.331,1.331,1.331,1.331,1.331,1.331,1.331,1.331,1.331,1.331,1.331
2013-01-28 09:00:00,1.105,1.105,1.105,1.105,1.105,1.105,1.105,1.105,1.105,1.105,1.105,1.105,1.105,1.105,1.105,1.105,1.105
2013-01-28 10:00:00,1.074,1.074,1.074,1.074,1.074,1.074,1.074,1.074,1.074,1.074,1.074,1.074,1.074,1.074,1.074,1.074,1.074
2013-01-28 11:00:00,1.095,1.095,1.095,1.095,1.095,1.095,1.095,1.095,1.095,1.095,1.095,1.095,1.095,1.095,1.095,1.095,1.095
2013-01-28 12:00:00,1.136,1.136,1.136,1.136,1.136,1.136,1.136,1.136,1.136,1.136,1.136,1.136,1.136,1.136,1.136,1.136,1.136
2013-01-28 13:00:00,1.269,1.269,1.269,1.269,1.269,1.269,1.269,1.269,1.269,1.269,1.269,1.269,1.269,1.269,1.269,1.269,1.269
2013-01-28 14:00:00,1.545,1.545,1.545,1.545,1.545,1.545,1.545,1.545,1.545,1.545,1.545,1.545,1.545,1.545,1.545,1.545,1.545
2013-01-28 15:00:00,1.771,1.771,1.771,1.771,1.771,1.771,1.771,1.771,1.771,1.771,1.771,1.771,1.771,1.771,1.771,1.771,1.771
2013-01-28 16:00:00,1.771,1.771,1.771,1.771,1.771,1.771,1.771,1.771,1.771,1.771,1.771,1.771,1.771,1.771,1.771,1.771,1.771
2013-01-28 17:00:00,1.422,1.422,1.422,1.422,1.422,1.422,1.422,1.422,1.422,1.422,1.422,1.422,1.422,1.422,1.422,1.422,1.422
2013-01-28 18:00:00,1.105,1.105,1.105,1.105,1.105,1.105,1.105,1.105,1.105,1.105,1.105,1.105,1.105,1.105,1.105,1.105,1.105
2013-01-28 19:00:00,0.86,0.86,0.86,0.86,0.86,0.86,0.86,0.86,0.86,0.86,0.86,0.86,0.86,0.86,0.86,0.86,0.86
2013-01-28 20:00:00,0.665,0.665,0.665,0.665,0.665,0.665,0.665,0.665,0.665,0.665,0.665,0.665,0.665,0.665,0.665,0.665,0.665
2013-01-28 21:00:00,0.502,0.502,0.502,0.502,0.502,0.502,0.502,0.502,0.502,0.502,0.502,0.502,0.502,0.502,0.502,0.502,0.502
2013-01-28 22:00:00,0.358,0.358,0.358,0.358,0.358,0.358,0.358,0.358,0.358,0.358,0.358,0.358,0.358,0.358,0.358,0.358,0.358
2013-01-28 23:00:00,0.185,0.185,0.185,0.185,0.185,0.185,0.185,0.185,0.185,0.185,0.185,0.185,0.185,0.185,0.185,0.185,0.185
2013-01-29 00:00:00,0.103,0.103,0.103,0.103,0.103,0.103,0.103,0.103,0.103,0.103,0.103,0.103,0.103,0.103,0.103,0.103,0.103
2013-01-29 01:00:00,0.072,0.072,0.072,0.072,0.072,0.072,0.072,0.072,0.072,0.072,0.072,0.072,0.072,0.072,0.072,0.072,0.072
2013-01-29 02:00:00,0.072,0.072,0.072,0.072,0.072,0.072,0.072,0.072,0.072,0.072,0.072,0.072,0.072,0.072,0.072,0.072,0.072
2013-01-29 03:00:00,0.082,0.082,0.082,0.082,0.082,0.082,0.082,0.082,0.082,0.082,0.082,0.082,0.082,0.082,0.082,0.082,0.082
2013-01-29 04:00:00,0.164,0.164,0.164,0.164,0.164,0.164,0.164,0.164,0.164,0.164,0.164,0.164,0.164,0.164,0.164,0.164,0.164
2013-01-29 05:00:00,0.543,0.543,0.543,0.543,0.543,0.543,0.543,0.543,0.543,0.543,0.543,0.543,0.543,0.543,0.543,0.543,0.543
2013-01-29 06:00:00,1.043,1.043,1.043,1.043,1.043,1.043,1.043,1.043,1.043,1.043,1.043,1.043,1.043,1.043,1.043,1.043,1.043
2013-01-29 07:00:00,1.422,1.422,1.422,1.422,1.422,1.422,1.422,1.422,1.422,1.422,1.422,1.422,1.422,1.422,1.422,1.422,1.422
2013-01-29 08:00:00,1.29,1.29,1.29,1.29,1.29,1.29,1.29,1.29,1.29,1.29,1.29,1.29,1.29,1.29,1.29,1.29,1.29
2013-01-29 09:00:00,1.074,1.074,1.074,1.074,1.074,1.074,1.074,1.074,1.074,1.074,1.074,1.074,1.074,1.074,1.074,1.074,1.074
2013-01-29 10:00:00,1.043,1.043,1.043,1.043,1.043,1.043,1.043,1.043,1.043,1.043,1.043,1.043,1.043,1.043,1.043,1.043,1.043
2013-01-29 11:00:00,1.064,1.064,1.064,1.064,1.064,1.064,1.064,1.064,1.064,1.064,1.064,1.064,1.064,1.064,1.064,1.064,1.064
2013-01-29 12:00:00,1.105,1.105,1.105,1.105,1.105,1.105,1.105,1.105,1.105,1.105,1.105,1.105,1.105,1.105,1.105,1.105,1.105
2013-01-29 13:00:00,1.228,1.228,1.228,1.228,1.228,1.228,1.228,1.228,1.228,1.228,1.228,1.228,1.228,1.228,1.228,1.228,1.228
2013-01-29 14:00:00,1.504,1.504,1.504,1.504,1.504,1.504,1.504,1.504,1.504,1.504,1.504,1.504,1.504,1.504,1.504,1.504,1.504
2013-01-29 15:00:00,1.719,1.719,1.719,1.719,1.719,1.719,1.719,1.719,1.719,1.719,1.719,1.719,1.719,1.719,1.719,1.719,1.719
2013-01-29 16:00:00,1.719,1.719,1.719,1.719,1.719,1.719,1.719,1.719,1.719,1.719,1.719,1.719,1.719,1.719,1.719,1.719,1.719
2013-01-29 17:00:00,1.382,1.382,1.382,1.382,1.382,1.382,1.382,1.382,1.382,1.382,1.382,1.382,1.382,1.382,1.382,1.382,1.382
2013-01-29 18:00:00,1.074,1.074,1.074,1.074,1.074,1.074,1.074,1.074,1.074,1.074,1.074,1.074,1.074,1.074,1.074,1.074,1.074
2013-01-29 19:00:00,0.839,0.839,0.839,0.839,0.839,0.839,0.839,0.839,0.839,0.839,0.839,0.839,0.839,0.839,0.839,0.839,0.839
2013-01-29 20:00:00,0.644,0.644,0.644,0.644,0.644,0.644,0.644,0.644,0.644,0.644,0.644,0.644,0.644,0.644,0.644,0.644,0.644
2013-01-29 21:00:00,0.491,0.491,0.491,0.491,0.491,0.491,0.491,0.491,0.491,0.491,0.491,0.491,0.491,0.491,0.491,0.491,0.491
2013-01-29 22:00:00,0.348,0.348,0.348,0.348,0.348,0.348,0.348,0.348,0.348,0.348,0.348,0.348,0.348,0.348,0.348,0.348,0.348
2013-01-29 23:00:00,0.185,0.185,0.185,0.185,0.185,0.185,0.185,0.185,0.185,0.185,0.185,0.185,0.185,0.185,0.185,0.185,0.185
2013-01-30 00:00:00,0.103,0.103,0.103,0.103,0.103,0.103,0.103,0.103,0.103,0.103,0.103,0.103,0.103,0.103,0.103,0.103,0.103
2013-01-30 01:00:00,0.082,0.082,0.082,0.082,0.082,0.082,0.082,0.082,0.082,0.082,0.082,0.082,0.082,0.082,0.082,0.082,0.082
2013-01-30 02:00:00,0.072,0.072,0.072,0.072,0.072,0.072,0.072,0.072,0.072,0.072,0.072,0.072,0.072,0.072,0.072,0.072,0.072
2013-01-30 03:00:00,0.092,0.092,0.092,0.092,0.092,0.092,0.092,0.092,0.092,0.092,0.092,0.092,0.092,0.092,0.092,0.092,0.092
2013-01-30 04:00:00,0.164,0.164,0.164,0.164,0.164,0.164,0.164,0.164,0.164,0.164,0.164,0.164,0.164,0.164,0.164,0.164,0.164
2013-01-30 05:00:00,0.563,0.563,0.563,0.563,0.563,0.563,0.563,0.563,0.563,0.563,0.563,0.563,0.563,0.563,0.563,0.563,0.563
2013-01-30 06:00:00,1.064,1.064,1.064,1.064,1.064,1.064,1.064,1.064,1.064,1.064,1.064,1.064,1.064,1.064,1.064,1.064,1.064
2013-01-30 07:00:00,1.463,1.463,1.463,1.463,1.463,1.463,1.463,1.463,1.463,1.463,1.463,1.463,1.463,1.463,1.463,1.463,1.463
2013-01-30 08:00:00,1.331,1.331,1.331,1.331,1.331,1.331,1.331,1.331,1.331,1.331,1.331,1.331,1.331,1.331,1.331,1.331,1.331
2013-01-30 09:00:00,1.105,1.105,1.105,1.105,1.105,1.105,1.105,1.105,1.105,1.105,1.105,1.105,1.105,1.105,1.105,1.105,1.105
2013-01-30 10:00:00,1.064,1.064,1.064,1.064,1.064,1.064,1.064,1.064,1.064,1.064,1.064,1.064,1.064,1.064,1.064,1.064,1.064
2013-01-30 11:00:00,1.095,1.095,1.095,1.095,1.095,1.095,1.095,1.095,1.095,1.095,1.095,1.095,1.095,1.095,1.095,1.095,1.095
2013-01-30 12:00:00,1.136,1.136,1.136,1.136,1.136,1.136,1.136,1.136,1.136,1.136,1.136,1.136,1.136,1.136,1.136,1.136,1.136
2013-01-30 13:00:00,1.259,1.259,1.259,1.259,1.259,1.259,1.259,1.259,1.259,1.259,1.259,1.259,1.259,1.259,1.259,1.259,1.259
2013-01-30 14:00:00,1.535,1.535,1.535,1.535,1.535,1.535,1.535,1.535,1.535,1.535,1.535,1.535,1.535,1.535,1.535,1.535,1.535
2013-01-30 15:00:00,1.76,1.76,1.76,1.76,1.76,1.76,1.76,1.76,1.76,1.76,1.76,1.76,1.76,1.76,1.76,1.76,1.76
2013-01-30 16:00:00,1.76,1.76,1.76,1.76,1.76,1.76,1.76,1.76,1.76,1.76,1.76,1.76,1.76,1.76,1.76,1.76,1.76
2013-01-30 17:00:00,1.422,1.422,1.422,1.422,1.422,1.422,1.422,1.422,1.422,1.422,1.422,1.422,1.422,1.422,1.422,1.422,1.422
2013-01-30 18:00:00,1.095,1.095,1.095,1.095,1.095,1.095,1.095,1.095,1.095,1.095,1.095,1.095,1.095,1.095,1.095,1.095,1.095
2013-01-30 19:00:00,0.86,0.86,0.86,0.86,0.86,0.86,0.86,0.86,0.86,0.86,0.86,0.86,0.86,0.86,0.86,0.86,0.86
2013-01-30 20:00:00,0.665,0.665,0.665,0.665,0.665,0.665,0.665,0.665,0.665,0.665,0.665,0.665,0.665,0.665,0.665,0.665,0.665
2013-01-30 21:00:00,0.502,0.502,0.502,0.502,0.502,0.502,0.502,0.502,0.502,0.502,0.502,0.502,0.502,0.502,0.502,0.502,0.502
2013-01-30 22:00:00,0.358,0.358,0.358,0.358,0.358,0.358,0.358,0.358,0.358,0.358,0.358,0.358,0.358,0.358,0.358,0.358,0.358
2013-01-30 23:00:00,0.185,0.185,0.185,0.185,0.185,0.185,0.185,0.185,0.185,0.185,0.185,0.185,0.185,0.185,0.185,0.185,0.185
2013-01-31 00:00:00,0.103,0.103,0.103,0.103,0.103,0.103,0.103,0.103,0.103,0.103,0.103,0.103,0.103,0.103,0.103,0.103,0.103
2013-01-31 01:00:00,0.082,0.082,0.082,0.082,0.082,0.082,0.082,0.082,0.082,0.082,0.082,0.082,0.082,0.082,0.082,0.082,0.082
2013-01-31 02:00:00,0.082,0.082,0.082,0.082,0.082,0.082,0.082,0.082,0.082,0.082,0.082,0.082,0.082,0.082,0.082,0.082,0.082
2013-01-31 03:00:00,0.092,0.092,0.092,0.092,0.092,0.092,0.092,0.092,0.092,0.092,0.092,0.092,0.092,0.092,0.092,0.092,0.092
2013-01-31 04:00:00,0.174,0.174,0.174,0.174,0.174,0.174,0.174,0.174,0.174,0.174,0.174,0.174,0.174,0.174,0.174,0.174,0.174
2013-01-31 05:00:00,0.584,0.584,0.584,0.584,0.584,0.584,0.584,0.584,0.584,0.584,0.584,0.584,0.584,0.584,0.584,0.584,0.584
2013-01-31 06:00:00,1.105,1.105,1.105,1.105,1.105,1.105,1.105,1.105,1.105,1.105,1.105,1.105,1.105,1.105,1.105,1.105,1.105
2013-01-31 07:00:00,1.514,1.514,1.514,1.514,1.514,1.514,1.514,1.514,1.514,1.514,1.514,1.514,1.514,1.514,1.514,1.514,1.514
2013-01-31 08:00:00,1.372,1.372,1.372,1.372,1.372,1.372,1.372,1.372,1.372,1.372,1.372,1.372,1.372,1.372,1.372,1.372,1.372
2013-01-31 09:00:00,1.146,1.146,1.146,1.146,1.146,1.146,1.146,1.146,1.146,1.146,1.146,1.146,1.146,1.146,1.146,1.146,1.146
2013-01-31 10:00:00,1.105,1.105,1.105,1.105,1.105,1.105,1.105,1.105,1.105,1.105,1.105,1.105,1.105,1.105,1.105,1.105,1.105
2013-01-31 11:00:00,1.125,1.125,1.125,1.125,1.125,1.125,1.125,1.125,1.125,1.125,1.125,1.125,1.125,1.125,1.125,1.125,1.125
2013-01-31 12:00:00,1.177,1.177,1.177,1.177,1.177,1.177,1.177,1.177,1.177,1.177,1.177,1.177,1.177,1.177,1.177,1.177,1.177
2013-01-31 13:00:00,1.3,1.3,1.3,1.3,1.3,1.3,1.3,1.3,1.3,1.3,1.3,1.3,1.3,1.3,1.3,1.3,1.3
2013-01-31 14:00:00,1.596,1.596,1.596,1.596,1.596,1.596,1.596,1.596,1.596,1.596,1.596,1.596,1.596,1.596,1.596,1.596,1.596
2013-01-31 15:00:00,1.821,1.821,1.821,1.821,1.821,1.821,1.821,1.821,1.821,1.821,1.821,1.821,1.821,1.821,1.821,1.821,1.821
2013-01-31 16:00:00,1.821,1.821,1.821,1.821,1.821,1.821,1.821,1.821,1.821,1.821,1.821,1.821,1.821,1.821,1.821,1.821,1.821
2013-01-31 17:00:00,1.463,1.463,1.463,1.463,1.463,1.463,1.463,1.463,1.463,1.463,1.463,1.463,1.463,1.463,1.463,1.463,1.463
2013-01-31 18:00:00,1.136,1.136,1.136,1.136,1.136,1.136,1.136,1.136,1.136,1.136,1.136,1.136,1.136,1.136,1.136,1.136,1.136
2013-01-31 19:00:00,0.89,0.89,0.89,0.89,0.89,0.89,0.89,0.89,0.89,0.89,0.89,0.89,0.89,0.89,0.89,0.89,0.89
2013-01-31 20:00:00,0.685,0.685,0.685,0.685,0.685,0.685,0.685,0.685,0.685,0.685,0.685,0.685,0.685,0.685,0.685,0.685,0.685
2013-01-31 21:00:00,0.522,0.522,0.522,0.522,0.522,0.522,0.522,0.522,0.522,0.522,0.522,0.522,0.522,0.522,0.522,0.522,0.522
2013-01-31 22:00:00,0.368,0.368,0.368,0.368,0.368,0.368,0.368,0.368,0.368,0.368,0.368,0.368,0.368,0.368,0.368,0.368,0.368
2013-01-31 23:00:00,0.195,0.195,0.195,0.195,0.195,0.195,0.195,0.195,0.195,0.195,0.195,0.195,0.195,0.195,0.195,0.195,0.195
2013-02-01 00:00:00,0.123,0.123,0.123,0.123,0.123,0.123,0.123,0.123,0.123,0.123,0.123,0.123,0.123,0.123,0.123,0.123,0.123
2013-02-01 01:00:00,0.092,0.092,0.092,0.092,0.092,0.092,0.092,0.092,0.092,0.092,0.092,0.092,0.092,0.092,0.092,0.092,0.092
2013-02-01 02:00:00,0.092,0.092,0.092,0.092,0.092,0.092,0.092,0.092,0.092,0.092,0.092,0.092,0.092,0.092,0.092,0.092,0.092
2013-02-01 03:00:00,0.103,0.103,0.103,0.103,0.103,0.103,0.103,0.103,0.103,0.103,0.103,0.103,0.103,0.103,0.103,0.103,0.103
2013-02-01 04:00:00,0.204,0.204,0.204,0.204,0.204,0.204,0.204,0.204,0.204,0.204,0.204,0.204,0.204,0.204,0.204,0.204,0.204
2013-02-01 05:00:00,0.665,0.665,0.665,0.665,0.665,0.665,0.665,0.665,0.665,0.665,0.665,0.665,0.665,0.665,0.665,0.665,0.665
2013-02-01 06:00:00,1.269,1.269,1.269,1.269,1.269,1.269,1.269,1.269,1.269,1.269,1.269,1.269,1.269,1.269,1.269,1.269,1.269
2013-02-01 07:00:00,1.74,1.74,1.74,1.74,1.74,1.74,1.74,1.74,1.74,1.74,1.74,1.74,1.74,1.74,1.74,1.74,1.74
2013-02-01 08:00:00,1.576,1.576,1.576,1.576,1.576,1.576,1.576,1.576,1.576,1.576,1.576,1.576,1.576,1.576,1.576,1.576,1.576
2013-02-01 09:00:00,1.32,1.32,1.32,1.32,1.32,1.32,1.32,1.32,1.32,1.32,1.32,1.32,1.32,1.32,1.32,1.32,1.32
2013-02-01 10:00:00,1.269,1.269,1.269,1.269,1.269,1.269,1.269,1.269,1.269,1.269,1.269,1.269,1.269,1.269,1.269,1.269,1.269
2013-02-01 11:00:00,1.3,1.3,1.3,1.3,1.3,1.3,1.3,1.3,1.3,1.3,1.3,1.3,1.3,1.3,1.3,1.3,1.3
2013-02-01 12:00:00,1.351,1.351,1.351,1.351,1.351,1.351,1.351,1.351,1.351,1.351,1.351,1.351,1.351,1.351,1.351,1.351,1.351
2013-02-01 13:00:00,1.504,1.504,1.504,1.504,1.504,1.504,1.504,1.504,1.504,1.504,1.504,1.504,1.504,1.504,1.504,1.504,1.504
2013-02-01 14:00:00,1.831,1.831,1.831,1.831,1.831,1.831,1.831,1.831,1.831,1.831,1.831,1.831,1.831,1.831,1.831,1.831,1.831
2013-02-01 15:00:00,2.098,2.098,2.098,2.098,2.098,2.098,2.098,2.098,2.098,2.098,2.098,2.098,2.098,2.098,2.098,2.098,2.098
2013-02-01 16:00:00,2.098,2.098,2.098,2.098,2.098,2.098,2.098,2.098,2.098,2.098,2.098,2.098,2.098,2.098,2.098,2.098,2.098
2013-02-01 17:00:00,1.689,1.689,1.689,1.689,1.689,1.689,1.689,1.689,1.689,1.689,1.689,1.689,1.689,1.689,1.689,1.689,1.689
2013-02-01 18:00:00,1.31,1.31,1.31,1.31,1.31,1.31,1.31,1.31,1.31,1.31,1.31,1.31,1.31,1.31,1.31,1.31,1.31
2013-02-01 19:00:00,1.023,1.023,1.023,1.023,1.023,1.023,1.023,1.023,1.023,1.023,1.023,1.023,1.023,1.023,1.023,1.023,1.023
2013-02-01 20:00:00,0.788,0.788,0.788,0.788,0.788,0.788,0.788,0.788,0.788,0.788,0.788,0.788,0.788,0.788,0.788,0.788,0.788
2013-02-01 21:00:00,0.603,0.603,0.603,0.603,0.603,0.603,0.603,0.603,0.603,0.603,0.603,0.603,0.603,0.603,0.603,0.603,0.603
2013-02-01 22:00:00,0.43,0.43,0.43,0.43,0.43,0.43,0.43,0.43,0.43,0.43,0.43,0.43,0.43,0.43,0.43,0.43,0.43
2013-02-01 23:00:00,0.225,0.225,0.225,0.225,0.225,0.225,0.225,0.225,0.225,0.225,0.225,0.225,0.225,0.225,0.225,0.225,0.225
2013-04-03 00:00:00,0.092,0.092,0.092,0.092,0.092,0.092,0.092,0.092,0.092,0.092,0.092,0.092,0.092,0.092,0.092,0.092,0.092
2013-04-03 01:00:00,0.082,0.082,0.082,0.082,0.082,0.082,0.082,0.082,0.082,0.082,0.082,0.082,0.082,0.082,0.082,0.082,0.082
2013-04-03 02:00:00,0.103,0.103,0.103,0.103,0.103,0.103,0.103,0.103,0.103,0.103,0.103,0.103,0.103,0.103,0.103,0.103,0.103
2013-04-03 03:00:00,0.195,0.195,0.195,0.195,0.195,0.195,0.195,0.195,0.195,0.195,0.195,0.195,0.195,0.195,0.195,0.195,0.195
2013-04-03 04:00:00,0.644,0.644,0.644,0.644,0.644,0.644,0.644,0.644,0.644,0.644,0.644,0.644,0.644,0.644,0.644,0.644,0.644
2013-04-03 05:00:00,1.228,1.228,1.228,1.228,1.228,1.228,1.228,1.228,1.228,1.228,1.228,1.228,1.228,1.228,1.228,1.228,1.228
2013-04-03 06:00:00,1.678,1.678,1.678,1.678,1.678,1.678,1.678,1.678,1.678,1.678,1.678,1.678,1.678,1.678,1.678,1.678,1.678
2013-04-03 07:00:00,1.524,1.524,1.524,1.524,1.524,1.524,1.524,1.524,1.524,1.524,1.524,1.524,1.524,1.524,1.524,1.524,1.524
2013-04-03 08:00:00,1.269,1.269,1.269,1.269,1.269,1.269,1.269,1.269,1.269,1.269,1.269,1.269,1.269,1.269,1.269,1.269,1.269
2013-04-03 09:00:00,1.228,1.228,1.228,1.228,1.228,1.228,1.228,1.228,1.228,1.228,1.228,1.228,1.228,1.228,1.228,1.228,1.228
2013-04-03 10:00:00,1.248,1.248,1.248,1.248,1.248,1.248,1.248,1.248,1.248,1.248,1.248,1.248,1.248,1.248,1.248,1.248,1.248
2013-04-03 11:00:00,1.3,1.3,1.3,1.3,1.3,1.3,1.3,1.3,1.3,1.3,1.3,1.3,1.3,1.3,1.3,1.3,1.3
2013-04-03 12:00:00,1.442,1.442,1.442,1.442,1.442,1.442,1.442,1.442,1.442,1.442,1.442,1.442,1.442,1.442,1.442,1.442,1.442
2013-04-03 13:00:00,1.771,1.771,1.771,1.771,1.771,1.771,1.771,1.771,1.771,1.771,1.771,1.771,1.771,1.771,1.771,1.771,1.771
2013-04-03 14:00:00,2.026,2.026,2.026,2.026,2.026,2.026,2.026,2.026,2.026,2.026,2.026,2.026,2.026,2.026,2.026,2.026,2.026
2013-04-03 15:00:00,2.026,2.026,2.026,2.026,2.026,2.026,2.026,2.026,2.026,2.026,2.026,2.026,2.026,2.026,2.026,2.026,2.026
2013-04-03 16:00:00,1.627,1.627,1.627,1.627,1.627,1.627,1.627,1.627,1.627,1.627,1.627,1.627,1.627,1.627,1.627,1.627,1.627
2013-04-03 17:00:00,1.259,1.259,1.259,1.259,1.259,1.259,1.259,1.259,1.259,1.259,1.259,1.259,1.259,1.259,1.259,1.259,1.259
2013-04-03 18:00:00,0.983,0.983,0.983,0.983,0.983,0.983,0.983,0.983,0.983,0.983,0.983,0.983,0.983,0.983,0.983,0.983,0.983
2013-04-03 19:00:00,0.757,0.757,0.757,0.757,0.757,0.757,0.757,0.757,0.757,0.757,0.757,0.757,0.757,0.757,0.757,0.757,0.757
2013-04-03 20:00:00,0.573,0.573,0.573,0.573,0.573,0.573,0.573,0.573,0.573,0.573,0.573,0.573,0.573,0.573,0.573,0.573,0.573
2013-04-03 21:00:00,0.409,0.409,0.409,0.409,0.409,0.409,0.409,0.409,0.409,0.409,0.409,0.409,0.409,0.409,0.409,0.409,0.409
2013-04-03 22:00:00,0.214,0.214,0.214,0.214,0.214,0.214,0.214,0.214,0.214,0.214,0.214,0.214,0.214,0.214,0.214,0.214,0.214
2013-04-03 23:00:00,0.123,0.123,0.123,0.123,0.123,0.123,0.123,0.123,0.123,0.123,0.123,0.123,0.123,0.123,0.123,0.123,0.123
2013-04-04 00:00:00,0.092,0.092,0.092,0.092,0.092,0.092,0.092,0.092,0.092,0.092,0.092,0.092,0.092,0.092,0.092,0.092,0.092
2013-04-04 01:00:00,0.092,0.092,0.092,0.092,0.092,0.092,0.092,0.092,0.092,0.092,0.092,0.092,0.092,0.092,0.092,0.092,0.092
2013-04-04 02:00:00,0.103,0.103,0.103,0.103,0.103,0.103,0.103,0.103,0.103,0.103,0.103,0.103,0.103,0.103,0.103,0.103,0.103
2013-04-04 03:00:00,0.204,0.204,0.204,0.204,0.204,0.204,0.204,0.204,0.204,0.204,0.204,0.204,0.204,0.204,0.204,0.204,0.204
2013-04-04 04:00:00,0.665,0.665,0.665,0.665,0.665,0.665,0.665,0.665,0.665,0.665,0.665,0.665,0.665,0.665,0.665,0.665,0.665
2013-04-04 05:00:00,1.269,1.269,1.269,1.269,1.269,1.269,1.269,1.269,1.269,1.269,1.269,1.269,1.269,1.269,1.269,1.269,1.269
2013-04-04 06:00:00,1.73,1.73,1.73,1.73,1.73,1.73,1.73,1.73,1.73,1.73,1.73,1.73,1.73,1.73,1.73,1.73,1.73
2013-04-04 07:00:00,1.576,1.576,1.576,1.576,1.576,1.576,1.576,1.576,1.576,1.576,1.576,1.576,1.576,1.576,1.576,1.576,1.576
2013-04-04 08:00:00,1.31,1.31,1.31,1.31,1.31,1.31,1.31,1.31,1.31,1.31,1.31,1.31,1.31,1.31,1.31,1.31,1.31
2013-04-04 09:00:00,1.269,1.269,1.269,1.269,1.269,1.269,1.269,1.269,1.269,1.269,1.269,1.269,1.269,1.269,1.269,1.269,1.269
2013-04-04 10:00:00,1.3,1.3,1.3,1.3,1.3,1.3,1.3,1.3,1.3,1.3,1.3,1.3,1.3,1.3,1.3,1.3,1.3
2013-04-04 11:00:00,1.341,1.341,1.341,1.341,1.341,1.341,1.341,1.341,1.341,1.341,1.341,1.341,1.341,1.341,1.341,1.341,1.341
2013-04-04 12:00:00,1.494,1.494,1.494,1.494,1.494,1.494,1.494,1.494,1.494,1.494,1.494,1.494,1.494,1.494,1.494,1.494,1.494
2013-04-04 13:00:00,1.831,1.831,1.831,1.831,1.831,1.831,1.831,1.831,1.831,1.831,1.831,1.831,1.831,1.831,1.831,1.831,1.831
2013-04-04 14:00:00,2.088,2.088,2.088,2.088,2.088,2.088,2.088,2.088,2.088,2.088,2.088,2.088,2.088,2.088,2.088,2.088,2.088
2013-04-04 15:00:00,2.098,2.098,2.098,2.098,2.098,2.098,2.098,2.098,2.098,2.098,2.098,2.098,2.098,2.098,2.098,2.098,2.098
2013-04-04 16:00:00,1.689,1.689,1.689,1.689,1.689,1.689,1.689,1.689,1.689,1.689,1.689,1.689,1.689,1.689,1.689,1.689,1.689
2013-04-04 17:00:00,1.3,1.3,1.3,1.3,1.3,1.3,1.3,1.3,1.3,1.3,1.3,1.3,1.3,1.3,1.3,1.3,1.3
2013-04-04 18:00:00,1.023,1.023,1.023,1.023,1.023,1.023,1.023,1.023,1.023,1.023,1.023,1.023,1.023,1.023,1.023,1.023,1.023
2013-04-04 19:00:00,0.788,0.788,0.788,0.788,0.788,0.788,0.788,0.788,0.788,0.788,0.788,0.788,0.788,0.788,0.788,0.788,0.788
2013-04-04 20:00:00,0.594,0.594,0.594,0.594,0.594,0.594,0.594,0.594,0.594,0.594,0.594,0.594,0.594,0.594,0.594,0.594,0.594
2013-04-04 21:00:00,0.43,0.43,0.43,0.43,0.43,0.43,0.43,0.43,0.43,0.43,0.43,0.43,0.43,0.43,0.43,0.43,0.43
2013-04-04 22:00:00,0.225,0.225,0.225,0.225,0.225,0.225,0.225,0.225,0.225,0.225,0.225,0.225,0.225,0.225,0.225,0.225,0.225
2013-04-04 23:00:00,0.133,0.133,0.133,0.133,0.133,0.133,0.133,0.133,0.133,0.133,0.133,0.133,0.133,0.133,0.133,0.133,0.133
2013-04-05 00:00:00,0.103,0.103,0.103,0.103,0.103,0.103,0.103,0.103,0.103,0.103,0.103,0.103,0.103,0.103,0.103,0.103,0.103
2013-04-05 01:00:00,0.092,0.092,0.092,0.092,0.092,0.092,0.092,0.092,0.092,0.092,0.092,0.092,0.092,0.092,0.092,0.092,0.092
2013-04-05 02:00:00,0.113,0.113,0.113,0.113,0.113,0.113,0.113,0.113,0.113,0.113,0.113,0.113,0.113,0.113,0.113,0.113,0.113
2013-04-05 03:00:00,0.214,0.214,0.214,0.214,0.214,0.214,0.214,0.214,0.214,0.214,0.214,0.214,0.214,0.214,0.214,0.214,0.214
2013-04-05 04:00:00,0.706,0.706,0.706,0.706,0.706,0.706,0.706,0.706,0.706,0.706,0.706,0.706,0.706,0.706,0.706,0.706,0.706
2013-04-05 05:00:00,1.351,1.351,1.351,1.351,1.351,1.351,1.351,1.351,1.351,1.351,1.351,1.351,1.351,1.351,1.351,1.351,1.351
2013-04-05 06:00:00,1.852,1.852,1.852,1.852,1.852,1.852,1.852,1.852,1.852,1.852,1.852,1.852,1.852,1.852,1.852,1.852,1.852
2013-04-05 07:00:00,1.678,1.678,1.678,1.678,1.678,1.678,1.678,1.678,1.678,1.678,1.678,1.678,1.678,1.678,1.678,1.678,1.678
2013-04-05 08:00:00,1.402,1.402,1.402,1.402,1.402,1.402,1.402,1.402,1.402,1.402,1.402,1.402,1.402,1.402,1.402,1.402,1.402
2013-04-05 09:00:00,1.351,1.351,1.351,1.351,1.351,1.351,1.351,1.351,1.351,1.351,1.351,1.351,1.351,1.351,1.351,1.351,1.351
2013-04-05 10:00:00,1.382,1.382,1.382,1.382,1.382,1.382,1.382,1.382,1.382,1.382,1.382,1.382,1.382,1.382,1.382,1.382,1.382
2013-04-05 11:00:00,1.432,1.432,1.432,1.432,1.432,1.432,1.432,1.432,1.432,1.432,1.432,1.432,1.432,1.432,1.432,1.432,1.432
2013-04-05 12:00:00,1.596,1.596,1.596,1.596,1.596,1.596,1.596,1.596,1.596,1.596,1.596,1.596,1.596,1.596,1.596,1.596,1.596
2013-04-05 13:00:00,1.954,1.954,1.954,1.954,1.954,1.954,1.954,1.954,1.954,1.954,1.954,1.954,1.954,1.954,1.954,1.954,1.954
2013-04-05 14:00:00,2.23,2.23,2.23,2.23,2.23,2.23,2.23,2.23,2.23,2.23,2.23,2.23,2.23,2.23,2.23,2.23,2.23
2013-04-05 15:00:00,2.23,2.23,2.23,2.23,2.23,2.23,2.23,2.23,2.23,2.23,2.23,2.23,2.23,2.23,2.23,2.23,2.23
2013-04-05 16:00:00,1.801,1.801,1.801,1.801,1.801,1.801,1.801,1.801,1.801,1.801,1.801,1.801,1.801,1.801,1.801,1.801,1.801
2013-04-05 17:00:00,1.392,1.392,1.392,1.392,1.392,1.392,1.392,1.392,1.392,1.392,1.392,1.392,1.392,1.392,1.392,1.392,1.392
2013-04-05 18:00:00,1.084,1.084,1.084,1.084,1.084,1.084,1.084,1.084,1.084,1.084,1.084,1.084,1.084,1.084,1.084,1.084,1.084
2013-04-05 19:00:00,0.839,0.839,0.839,0.839,0.839,0.839,0.839,0.839,0.839,0.839,0.839,0.839,0.839,0.839,0.839,0.839,0.839
2013-04-05 20:00:00,0.634,0.634,0.634,0.634,0.634,0.634,0.634,0.634,0.634,0.634,0.634,0.634,0.634,0.634,0.634,0.634,0.634
2013-04-05 21:00:00,0.45,0.45,0.45,0.45,0.45,0.45,0.45,0.45,0.45,0.45,0.45,0.45,0.45,0.45,0.45,0.45,0.45
2013-04-05 22:00:00,0.235,0.235,0.235,0.235,0.235,0.235,0.235,0.235,0.235,0.235,0.235,0.235,0.235,0.235,0.235,0.235,0.235
2013-04-05 23:00:00,0.245,0.245,0.245,0.245,0.245,0.245,0.245,0.245,0.245,0.245,0.245,0.245,0.245,0.245,0.245,0.245,0.245
2013-04-06 00:00:00,0.195,0.195,0.195,0.195,0.195,0.195,0.195,0.195,0.195,0.195,0.195,0.195,0.195,0.195,0.195,0.195,0.195
2013-04-06 01:00:00,0.164,0.164,0.164,0.164,0.164,0.164,0.164,0.164,0.164,0.164,0.164,0.164,0.164,0.164,0.164,0.164,0.164
2013-04-06 02:00:00,0.164,0.164,0.164,0.164,0.164,0.164,0.164,0.164,0.164,0.164,0.164,0.164,0.164,0.164,0.164,0.164,0.164
2013-04-06 03:00:00,0.204,0.204,0.204,0.204,0.204,0.204,0.204,0.204,0.204,0.204,0.204,0.204,0.204,0.204,0.204,0.204,0.204
2013-04-06 04:00:00,0.358,0.358,0.358,0.358,0.358,0.358,0.358,0.358,0.358,0.358,0.358,0.358,0.358,0.358,0.358,0.358,0.358
2013-04-06 05:00:00,0.502,0.502,0.502,0.502,0.502,0.502,0.502,0.502,0.502,0.502,0.502,0.502,0.502,0.502,0.502,0.502,0.502
2013-04-06 06:00:00,0.644,0.644,0.644,0.644,0.644,0.644,0.644,0.644,0.644,0.644,0.644,0.644,0.644,0.644,0.644,0.644,0.644
2013-04-06 07:00:00,0.87,0.87,0.87,0.87,0.87,0.87,0.87,0.87,0.87,0.87,0.87,0.87,0.87,0.87,0.87,0.87,0.87
2013-04-06 08:00:00,1.095,1.095,1.095,1.095,1.095,1.095,1.095,1.095,1.095,1.095,1.095,1.095,1.095,1.095,1.095,1.095,1.095
2013-04-06 09:00:00,1.382,1.382,1.382,1.382,1.382,1.382,1.382,1.382,1.382,1.382,1.382,1.382,1.382,1.382,1.382,1.382,1.382
2013-04-06 10:00:00,1.504,1.504,1.504,1.504,1.504,1.504,1.504,1.504,1.504,1.504,1.504,1.504,1.504,1.504,1.504,1.504,1.504
2013-04-06 11:00:00,1.586,1.586,1.586,1.586,1.586,1.586,1.586,1.586,1.586,1.586,1.586,1.586,1.586,1.586,1.586,1.586,1.586
2013-04-06 12:00:00,1.596,1.596,1.596,1.596,1.596,1.596,1.596,1.596,1.596,1.596,1.596,1.596,1.596,1.596,1.596,1.596,1.596
2013-04-06 13:00:00,1.565,1.565,1.565,1.565,1.565,1.565,1.565,1.565,1.565,1.565,1.565,1.565,1.565,1.565,1.565,1.565,1.565
2013-04-06 14:00:00,1.483,1.483,1.483,1.483,1.483,1.483,1.483,1.483,1.483,1.483,1.483,1.483,1.483,1.483,1.483,1.483,1.483
2013-04-06 15:00:00,1.372,1.372,1.372,1.372,1.372,1.372,1.372,1.372,1.372,1.372,1.372,1.372,1.372,1.372,1.372,1.372,1.372
2013-04-06 16:00:00,1.259,1.259,1.259,1.259,1.259,1.259,1.259,1.259,1.259,1.259,1.259,1.259,1.259,1.259,1.259,1.259,1.259
2013-04-06 17:00:00,1.115,1.115,1.115,1.115,1.115,1.115,1.115,1.115,1.115,1.115,1.115,1.115,1.115,1.115,1.115,1.115,1.115
2013-04-06 18:00:00,0.973,0.973,0.973,0.973,0.973,0.973,0.973,0.973,0.973,0.973,0.973,0.973,0.973,0.973,0.973,0.973,0.973
2013-04-06 19:00:00,0.798,0.798,0.798,0.798,0.798,0.798,0.798,0.798,0.798,0.798,0.798,0.798,0.798,0.798,0.798,0.798,0.798
2013-04-06 20:00:00,0.613,0.613,0.613,0.613,0.613,0.613,0.613,0.613,0.613,0.613,0.613,0.613,0.613,0.613,0.613,0.613,0.613
2013-04-06 21:00:00,0.44,0.44,0.44,0.44,0.44,0.44,0.44,0.44,0.44,0.44,0.44,0.44,0.44,0.44,0.44,0.44,0.44
2013-04-06 22:00:00,0.296,0.296,0.296,0.296,0.296,0.296,0.296,0.296,0.296,0.296,0.296,0.296,0.296,0.296,0.296,0.296,0.296
2013-04-06 23:00:00,0.225,0.225,0.225,0.225,0.225,0.225,0.225,0.225,0.225,0.225,0.225,0.225,0.225,0.225,0.225,0.225,0.225
2013-04-07 00:00:00,0.185,0.185,0.185,0.185,0.185,0.185,0.185,0.185,0.185,0.185,0.185,0.185,0.185,0.185,0.185,0.185,0.185
2013-04-07 01:00:00,0.154,0.154,0.154,0.154,0.154,0.154,0.154,0.154,0.154,0.154,0.154,0.154,0.154,0.154,0.154,0.154,0.154
2013-04-07 02:00:00,0.123,0.123,0.123,0.123,0.123,0.123,0.123,0.123,0.123,0.123,0.123,0.123,0.123,0.123,0.123,0.123,0.123
2013-04-07 03:00:00,0.123,0.123,0.123,0.123,0.123,0.123,0.123,0.123,0.123,0.123,0.123,0.123,0.123,0.123,0.123,0.123,0.123
2013-04-07 04:00:00,0.214,0.214,0.214,0.214,0.214,0.214,0.214,0.214,0.214,0.214,0.214,0.214,0.214,0.214,0.214,0.214,0.214
2013-04-07 05:00:00,0.307,0.307,0.307,0.307,0.307,0.307,0.307,0.307,0.307,0.307,0.307,0.307,0.307,0.307,0.307,0.307,0.307
2013-04-07 06:00:00,0.409,0.409,0.409,0.409,0.409,0.409,0.409,0.409,0.409,0.409,0.409,0.409,0.409,0.409,0.409,0.409,0.409
2013-04-07 07:00:00,0.543,0.543,0.543,0.543,0.543,0.543,0.543,0.543,0.543,0.543,0.543,0.543,0.543,0.543,0.543,0.543,0.543
2013-04-07 08:00:00,0.767,0.767,0.767,0.767,0.767,0.767,0.767,0.767,0.767,0.767,0.767,0.767,0.767,0.767,0.767,0.767,0.767
2013-04-07 09:00:00,1.023,1.023,1.023,1.023,1.023,1.023,1.023,1.023,1.023,1.023,1.023,1.023,1.023,1.023,1.023,1.023,1.023
2013-04-07 10:00:00,1.228,1.228,1.228,1.228,1.228,1.228,1.228,1.228,1.228,1.228,1.228,1.228,1.228,1.228,1.228,1.228,1.228
2013-04-07 11:00:00,1.361,1.361,1.361,1.361,1.361,1.361,1.361,1.361,1.361,1.361,1.361,1.361,1.361,1.361,1.361,1.361,1.361
2013-04-07 12:00:00,1.432,1.432,1.432,1.432,1.432,1.432,1.432,1.432,1.432,1.432,1.432,1.432,1.432,1.432,1.432,1.432,1.432
2013-04-07 13:00:00,1.524,1.524,1.524,1.524,1.524,1.524,1.524,1.524,1.524,1.524,1.524,1.524,1.524,1.524,1.524,1.524,1.524
2013-04-07 14:00:00,1.535,1.535,1.535,1.535,1.535,1.535,1.535,1.535,1.535,1.535,1.535,1.535,1.535,1.535,1.535,1.535,1.535
2013-04-07 15:00:00,1.555,1.555,1.555,1.555,1.555,1.555,1.555,1.555,1.555,1.555,1.555,1.555,1.555,1.555,1.555,1.555,1.555
2013-04-07 16:00:00,1.514,1.514,1.514,1.514,1.514,1.514,1.514,1.514,1.514,1.514,1.514,1.514,1.514,1.514,1.514,1.514,1.514
2013-04-07 17:00:00,1.453,1.453,1.453,1.453,1.453,1.453,1.453,1.453,1.453,1.453,1.453,1.453,1.453,1.453,1.453,1.453,1.453
2013-04-07 18:00:00,1.29,1.29,1.29,1.29,1.29,1.29,1.29,1.29,1.29,1.29,1.29,1.29,1.29,1.29,1.29,1.29,1.29
2013-04-07 19:00:00,1.002,1.002,1.002,1.002,1.002,1.002,1.002,1.002,1.002,1.002,1.002,1.002,1.002,1.002,1.002,1.002,1.002
2013-04-07 20:00:00,0.706,0.706,0.706,0.706,0.706,0.706,0.706,0.706,0.706,0.706,0.706,0.706,0.706,0.706,0.706,0.706,0.706
2013-04-07 21:00:00,0.43,0.43,0.43,0.43,0.43,0.43,0.43,0.43,0.43,0.43,0.43,0.43,0.43,0.43,0.43,0.43,0.43
2013-04-07 22:00:00,0.245,0.245,0.245,0.245,0.245,0.245,0.245,0.245,0.245,0.245,0.245,0.245,0.245,0.245,0.245,0.245,0.245
2013-04-07 23:00:00,0.113,0.113,0.113,0.113,0.113,0.113,0.113,0.113,0.113,0.113,0.113,0.113,0.113,0.113,0.113,0.113,0.113
2013-04-08 00:00:00,0.092,0.092,0.092,0.092,0.092,0.092,0.092,0.092,0.092,0.092,0.092,0.092,0.092,0.092,0.092,0.092,0.092
2013-04-08 01:00:00,0.092,0.092,0.092,0.092,0.092,0.092,0.092,0.092,0.092,0.092,0.092,0.092,0.092,0.092,0.092,0.092,0.092
2013-04-08 02:00:00,0.103,0.103,0.103,0.103,0.103,0.103,0.103,0.103,0.103,0.103,0.103,0.103,0.103,0.103,0.103,0.103,0.103
2013-04-08 03:00:00,0.195,0.195,0.195,0.195,0.195,0.195,0.195,0.195,0.195,0.195,0.195,0.195,0.195,0.195,0.195,0.195,0.195
2013-04-08 04:00:00,0.644,0.644,0.644,0.644,0.644,0.644,0.644,0.644,0.644,0.644,0.644,0.644,0.644,0.644,0.644,0.644,0.644
2013-04-08 05:00:00,1.228,1.228,1.228,1.228,1.228,1.228,1.228,1.228,1.228,1.228,1.228,1.228,1.228,1.228,1.228,1.228,1.228
2013-04-08 06:00:00,1.689,1.689,1.689,1.689,1.689,1.689,1.689,1.689,1.689,1.689,1.689,1.689,1.689,1.689,1.689,1.689,1.689
2013-04-08 07:00:00,1.524,1.524,1.524,1.524,1.524,1.524,1.524,1.524,1.524,1.524,1.524,1.524,1.524,1.524,1.524,1.524,1.524
2013-04-08 08:00:00,1.269,1.269,1.269,1.269,1.269,1.269,1.269,1.269,1.269,1.269,1.269,1.269,1.269,1.269,1.269,1.269,1.269
2013-04-08 09:00:00,1.228,1.228,1.228,1.228,1.228,1.228,1.228,1.228,1.228,1.228,1.228,1.228,1.228,1.228,1.228,1.228,1.228
2013-04-08 10:00:00,1.259,1.259,1.259,1.259,1.259,1.259,1.259,1.259,1.259,1.259,1.259,1.259,1.259,1.259,1.259,1.259,1.259
2013-04-08 11:00:00,1.31,1.31,1.31,1.31,1.31,1.31,1.31,1.31,1.31,1.31,1.31,1.31,1.31,1.31,1.31,1.31,1.31
2013-04-08 12:00:00,1.453,1.453,1.453,1.453,1.453,1.453,1.453,1.453,1.453,1.453,1.453,1.453,1.453,1.453,1.453,1.453,1.453
2013-04-08 13:00:00,1.781,1.781,1.781,1.781,1.781,1.781,1.781,1.781,1.781,1.781,1.781,1.781,1.781,1.781,1.781,1.781,1.781
2013-04-08 14:00:00,2.036,2.036,2.036,2.036,2.036,2.036,2.036,2.036,2.036,2.036,2.036,2.036,2.036,2.036,2.036,2.036,2.036
2013-04-08 15:00:00,2.036,2.036,2.036,2.036,2.036,2.036,2.036,2.036,2.036,2.036,2.036,2.036,2.036,2.036,2.036,2.036,2.036
2013-04-08 16:00:00,1.637,1.637,1.637,1.637,1.637,1.637,1.637,1.637,1.637,1.637,1.637,1.637,1.637,1.637,1.637,1.637,1.637
2013-04-08 17:00:00,1.269,1.269,1.269,1.269,1.269,1.269,1.269,1.269,1.269,1.269,1.269,1.269,1.269,1.269,1.269,1.269,1.269
2013-04-08 18:00:00,0.993,0.993,0.993,0.993,0.993,0.993,0.993,0.993,0.993,0.993,0.993,0.993,0.993,0.993,0.993,0.993,0.993
2013-04-08 19:00:00,0.757,0.757,0.757,0.757,0.757,0.757,0.757,0.757,0.757,0.757,0.757,0.757,0.757,0.757,0.757,0.757,0.757
2013-04-08 20:00:00,0.584,0.584,0.584,0.584,0.584,0.584,0.584,0.584,0.584,0.584,0.584,0.584,0.584,0.584,0.584,0.584,0.584
2013-04-08 21:00:00,0.409,0.409,0.409,0.409,0.409,0.409,0.409,0.409,0.409,0.409,0.409,0.409,0.409,0.409,0.409,0.409,0.409
2013-04-08 22:00:00,0.214,0.214,0.214,0.214,0.214,0.214,0.214,0.214,0.214,0.214,0.214,0.214,0.214,0.214,0.214,0.214,0.214
2013-04-08 23:00:00,0.113,0.113,0.113,0.113,0.113,0.113,0.113,0.113,0.113,0.113,0.113,0.113,0.113,0.113,0.113,0.113,0.113
2013-04-09 00:00:00,0.082,0.082,0.082,0.082,0.082,0.082,0.082,0.082,0.082,0.082,0.082,0.082,0.082,0.082,0.082,0.082,0.082
2013-04-09 01:00:00,0.082,0.082,0.082,0.082,0.082,0.082,0.082,0.082,0.082,0.082,0.082,0.082,0.082,0.082,0.082,0.082,0.082
2013-04-09 02:00:00,0.103,0.103,0.103,0.103,0.103,0.103,0.103,0.103,0.103,0.103,0.103,0.103,0.103,0.103,0.103,0.103,0.103
2013-04-09 03:00:00,0.185,0.185,0.185,0.185,0.185,0.185,0.185,0.185,0.185,0.185,0.185,0.185,0.185,0.185,0.185,0.185,0.185
2013-04-09 04:00:00,0.624,0.624,0.624,0.624,0.624,0.624,0.624,0.624,0.624,0.624,0.624,0.624,0.624,0.624,0.624,0.624,0.624
2013-04-09 05:00:00,1.197,1.197,1.197,1.197,1.197,1.197,1.197,1.197,1.197,1.197,1.197,1.197,1.197,1.197,1.197,1.197,1.197
2013-04-09 06:00:00,1.637,1.637,1.637,1.637,1.637,1.637,1.637,1.637,1.637,1.637,1.637,1.637,1.637,1.637,1.637,1.637,1.637
2013-04-09 07:00:00,1.483,1.483,1.483,1.483,1.483,1.483,1.483,1.483,1.483,1.483,1.483,1.483,1.483,1.483,1.483,1.483,1.483
2013-04-09 08:00:00,1.238,1.238,1.238,1.238,1.238,1.238,1.238,1.238,1.238,1.238,1.238,1.238,1.238,1.238,1.238,1.238,1.238
2013-04-09 09:00:00,1.197,1.197,1.197,1.197,1.197,1.197,1.197,1.197,1.197,1.197,1.197,1.197,1.197,1.197,1.197,1.197,1.197
2013-04-09 10:00:00,1.218,1.218,1.218,1.218,1.218,1.218,1.218,1.218,1.218,1.218,1.218,1.218,1.218,1.218,1.218,1.218,1.218
2013-04-09 11:00:00,1.269,1.269,1.269,1.269,1.269,1.269,1.269,1.269,1.269,1.269,1.269,1.269,1.269,1.269,1.269,1.269,1.269
2013-04-09 12:00:00,1.412,1.412,1.412,1.412,1.412,1.412,1.412,1.412,1.412,1.412,1.412,1.412,1.412,1.412,1.412,1.412,1.412
2013-04-09 13:00:00,1.719,1.719,1.719,1.719,1.719,1.719,1.719,1.719,1.719,1.719,1.719,1.719,1.719,1.719,1.719,1.719,1.719
2013-04-09 14:00:00,1.975,1.975,1.975,1.975,1.975,1.975,1.975,1.975,1.975,1.975,1.975,1.975,1.975,1.975,1.975,1.975,1.975
2013-04-09 15:00:00,1.975,1.975,1.975,1.975,1.975,1.975,1.975,1.975,1.975,1.975,1.975,1.975,1.975,1.975,1.975,1.975,1.975
2013-04-09 16:00:00,1.586,1.586,1.586,1.586,1.586,1.586,1.586,1.586,1.586,1.586,1.586,1.586,1.586,1.586,1.586,1.586,1.586
2013-04-09 17:00:00,1.228,1.228,1.228,1.228,1.228,1.228,1.228,1.228,1.228,1.228,1.228,1.228,1.228,1.228,1.228,1.228,1.228
2013-04-09 18:00:00,0.962,0.962,0.962,0.962,0.962,0.962,0.962,0.962,0.962,0.962,0.962,0.962,0.962,0.962,0.962,0.962,0.962
2013-04-09 19:00:00,0.737,0.737,0.737,0.737,0.737,0.737,0.737,0.737,0.737,0.737,0.737,0.737,0.737,0.737,0.737,0.737,0.737
2013-04-09 20:00:00,0.563,0.563,0.563,0.563,0.563,0.563,0.563,0.563,0.563,0.563,0.563,0.563,0.563,0.563,0.563,0.563,0.563
2013-04-09 21:00:00,0.399,0.399,0.399,0.399,0.399,0.399,0.399,0.399,0.399,0.399,0.399,0.399,0.399,0.399,0.399,0.399,0.399
2013-04-09 22:00:00,0.204,0.204,0.204,0.204,0.204,0.204,0.204,0.204,0.204,0.204,0.204,0.204,0.204,0.204,0.204,0.204,0.204
2013-04-09 23:00:00,0.113,0.113,0.113,0.113,0.113,0.113,0.113,0.113,0.113,0.113,0.113,0.113,0.113,0.113,0.113,0.113,0.113
2013-04-10 00:00:00,0.092,0.092,0.092,0.092,0.092,0.092,0.092,0.092,0.092,0.092,0.092,0.092,0.092,0.092,0.092,0.092,0.092
2013-04-10 01:00:00,0.082,0.082,0.082,0.082,0.082,0.082,0.082,0.082,0.082,0.082,0.082,0.082,0.082,0.082,0.082,0.082,0.082
2013-04-10 02:00:00,0.103,0.103,0.103,0.103,0.103,0.103,0.103,0.103,0.103,0.103,0.103,0.103,0.103,0.103,0.103,0.103,0.103
2013-04-10 03:00:00,0.195,0.195,0.195,0.195,0.195,0.195,0.195,0.195,0.195,0.195,0.195,0.195,0.195,0.195,0.195,0.195,0.195
2013-04-10 04:00:00,0.644,0.644,0.644,0.644,0.644,0.644,0.644,0.644,0.644,0.644,0.644,0.644,0.644,0.644,0.644,0.644,0.644
2013-04-10 05:00:00,1.228,1.228,1.228,1.228,1.228,1.228,1.228,1.228,1.228,1.228,1.228,1.228,1.228,1.228,1.228,1.228,1.228
2013-04-10 06:00:00,1.678,1.678,1.678,1.678,1.678,1.678,1.678,1.678,1.678,1.678,1.678,1.678,1.678,1.678,1.678,1.678,1.678
2013-04-10 07:00:00,1.524,1.524,1.524,1.524,1.524,1.524,1.524,1.524,1.524,1.524,1.524,1.524,1.524,1.524,1.524,1.524,1.524
2013-04-10 08:00:00,1.269,1.269,1.269,1.269,1.269,1.269,1.269,1.269,1.269,1.269,1.269,1.269,1.269,1.269,1.269,1.269,1.269
2013-04-10 09:00:00,1.228,1.228,1.228,1.228,1.228,1.228,1.228,1.228,1.228,1.228,1.228,1.228,1.228,1.228,1.228,1.228,1.228
2013-04-10 10:00:00,1.248,1.248,1.248,1.248,1.248,1.248,1.248,1.248,1.248,1.248,1.248,1.248,1.248,1.248,1.248,1.248,1.248
2013-04-10 11:00:00,1.3,1.3,1.3,1.3,1.3,1.3,1.3,1.3,1.3,1.3,1.3,1.3,1.3,1.3,1.3,1.3,1.3
2013-04-10 12:00:00,1.442,1.442,1.442,1.442,1.442,1.442,1.442,1.442,1.442,1.442,1.442,1.442,1.442,1.442,1.442,1.442,1.442
2013-04-10 13:00:00,1.771,1.771,1.771,1.771,1.771,1.771,1.771,1.771,1.771,1.771,1.771,1.771,1.771,1.771,1.771,1.771,1.771
2013-04-10 14:00:00,2.026,2.026,2.026,2.026,2.026,2.026,2.026,2.026,2.026,2.026,2.026,2.026,2.026,2.026,2.026,2.026,2.026
2013-04-10 15:00:00,2.026,2.026,2.026,2.026,2.026,2.026,2.026,2.026,2.026,2.026,2.026,2.026,2.026,2.026,2.026,2.026,2.026
2013-04-10 16:00:00,1.627,1.627,1.627,1.627,1.627,1.627,1.627,1.627,1.627,1.627,1.627,1.627,1.627,1.627,1.627,1.627,1.627
2013-04-10 17:00:00,1.259,1.259,1.259,1.259,1.259,1.259,1.259,1.259,1.259,1.259,1.259,1.259,1.259,1.259,1.259,1.259,1.259
2013-04-10 18:00:00,0.983,0.983,0.983,0.983,0.983,0.983,0.983,0.983,0.983,0.983,0.983,0.983,0.983,0.983,0.983,0.983,0.983
2013-04-10 19:00:00,0.757,0.757,0.757,0.757,0.757,0.757,0.757,0.757,0.757,0.757,0.757,0.757,0.757,0.757,0.757,0.757,0.757
2013-04-10 20:00:00,0.573,0.573,0.573,0.573,0.573,0.573,0.573,0.573,0.573,0.573,0.573,0.573,0.573,0.573,0.573,0.573,0.573
2013-04-10 21:00:00,0.409,0.409,0.409,0.409,0.409,0.409,0.409,0.409,0.409,0.409,0.409,0.409,0.409,0.409,0.409,0.409,0.409
2013-04-10 22:00:00,0.214,0.214,0.214,0.214,0.214,0.214,0.214,0.214,0.214,0.214,0.214,0.214,0.214,0.214,0.214,0.214,0.214
2013-04-10 23:00:00,0.123,0.123,0.123,0.123,0.123,0.123,0.123,0.123,0.123,0.123,0.123,0.123,0.123,0.123,0.123,0.123,0.123
2013-04-11 00:00:00,0.092,0.092,0.092,0.092,0.092,0.092,0.092,0.092,0.092,0.092,0.092,0.092,0.092,0.092,0.092,0.092,0.092
2013-04-11 01:00:00,0.092,0.092,0.092,0.092,0.092,0.092,0.092,0.092,0.092,0.092,0.092,0.092,0.092,0.092,0.092,0.092,0.092
2013-04-11 02:00:00,0.103,0.103,0.103,0.103,0.103,0.103,0.103,0.103,0.103,0.103,0.103,0.103,0.103,0.103,0.103,0.103,0.103
2013-04-11 03:00:00,0.204,0.204,0.204,0.204,0.204,0.204,0.204,0.204,0.204,0.204,0.204,0.204,0.204,0.204,0.204,0.204,0.204
2013-04-11 04:00:00,0.665,0.665,0.665,0.665,0.665,0.665,0.665,0.665,0.665,0.665,0.665,0.665,0.665,0.665,0.665,0.665,0.665
2013-04-11 05:00:00,1.269,1.269,1.269,1.269,1.269,1.269,1.269,1.269,1.269,1.269,1.269,1.269,1.269,1.269,1.269,1.269,1.269
2013-04-11 06:00:00,1.73,1.73,1.73,1.73,1.73,1.73,1.73,1.73,1.73,1.73,1.73,1.73,1.73,1.73,1.73,1.73,1.73
2013-04-11 07:00:00,1.576,1.576,1.576,1.576,1.576,1.576,1.576,1.576,1.576,1.576,1.576,1.576,1.576,1.576,1.576,1.576,1.576
2013-04-11 08:00:00,1.31,1.31,1.31,1.31,1.31,1.31,1.31,1.31,1.31,1.31,1.31,1.31,1.31,1.31,1.31,1.31,1.31
2013-04-11 09:00:00,1.269,1.269,1.269,1.269,1.269,1.269,1.269,1.269,1.269,1.269,1.269,1.269,1.269,1.269,1.269,1.269,1.269
2013-04-11 10:00:00,1.3,1.3,1.3,1.3,1.3,1.3,1.3,1.3,1.3,1.3,1.3,1.3,1.3,1.3,1.3,1.3,1.3
2013-04-11 11:00:00,1.341,1.341,1.341,1.341,1.341,1.341,1.341,1.341,1.341,1.341,1.341,1.341,1.341,1.341,1.341,1.341,1.341
2013-04-11 12:00:00,1.494,1.494,1.494,1.494,1.494,1.494,1.494,1.494,1.494,1.494,1.494,1.494,1.494,1.494,1.494,1.494,1.494
2013-04-11 13:00:00,1.831,1.831,1.831,1.831,1.831,1.831,1.831,1.831,1.831,1.831,1.831,1.831,1.831,1.831,1.831,1.831,1.831
2013-04-11 14:00:00,2.088,2.088,2.088,2.088,2.088,2.088,2.088,2.088,2.088,2.088,2.088,2.088,2.088,2.088,2.088,2.088,2.088
2013-04-11 15:00:00,2.098,2.098,2.098,2.098,2.098,2.098,2.098,2.098,2.098,2.098,2.098,2.098,2.098,2.098,2.098,2.098,2.098
2013-04-11 16:00:00,1.689,1.689,1.689,1.689,1.689,1.689,1.689,1.689,1.689,1.689,1.689,1.689,1.689,1.689,1.689,1.689,1.689
2013-04-11 17:00:00,1.3,1.3,1.3,1.3,1.3,1.3,1.3,1.3,1.3,1.3,1.3,1.3,1.3,1.3,1.3,1.3,1.3
2013-04-11 18:00:00,1.023,1.023,1.023,1.023,1.023,1.023,1.023,1.023,1.023,1.023,1.023,1.023,1.023,1.023,1.023,1.023,1.023
2013-04-11 19:00:00,0.788,0.788,0.788,0.788,0.788,0.788,0.788,0.788,0.788,0.788,0.788,0.788,0.788,0.788,0.788,0.788,0.788
2013-04-11 20:00:00,0.594,0.594,0.594,0.594,0.594,0.594,0.594,0.594,0.594,0.594,0.594,0.594,0.594,0.594,0.594,0.594,0.594
2013-04-11 21:00:00,0.43,0.43,0.43,0.43,0.43,0.43,0.43,0.43,0.43,0.43,0.43,0.43,0.43,0.43,0.43,0.43,0.43
2013-04-11 22:00:00,0.225,0.225,0.225,0.225,0.225,0.225,0.225,0.225,0.225,0.225,0.225,0.225,0.225,0.225,0.225,0.225,0.225
2013-04-11 23:00:00,0.133,0.133,0.133,0.133,0.133,0.133,0.133,0.133,0.133,0.133,0.133,0.133,0.133,0.133,0.133,0.133,0.133
2013-04-12 00:00:00,0.103,0.103,0.103,0.103,0.103,0.103,0.103,0.103,0.103,0.103,0.103,0.103,0.103,0.103,0.103,0.103,0.103
2013-04-12 01:00:00,0.092,0.092,0.092,0.092,0.092,0.092,0.092,0.092,0.092,0.092,0.092,0.092,0.092,0.092,0.092,0.092,0.092
2013-04-12 02:00:00,0.113,0.113,0.113,0.113,0.113,0.113,0.113,0.113,0.113,0.113,0.113,0.113,0.113,0.113,0.113,0.113,0.113
2013-04-12 03:00:00,0.214,0.214,0.214,0.214,0.214,0.214,0.214,0.214,0.214,0.214,0.214,0.214,0.214,0.214,0.214,0.214,0.214
2013-04-12 04:00:00,0.706,0.706,0.706,0.706,0.706,0.706,0.706,0.706,0.706,0.706,0.706,0.706,0.706,0.706,0.706,0.706,0.706
2013-04-12 05:00:00,1.351,1.351,1.351,1.351,1.351,1.351,1.351,1.351,1.351,1.351,1.351,1.351,1.351,1.351,1.351,1.351,1.351
2013-04-12 06:00:00,1.852,1.852,1.852,1.852,1.852,1.852,1.852,1.852,1.852,1.852,1.852,1.852,1.852,1.852,1.852,1.852,1.852
2013-04-12 07:00:00,1.678,1.678,1.678,1.678,1.678,1.678,1.678,1.678,1.678,1.678,1.678,1.678,1.678,1.678,1.678,1.678,1.678
2013-04-12 08:00:00,1.402,1.402,1.402,1.402,1.402,1.402,1.402,1.402,1.402,1.402,1.402,1.402,1.402,1.402,1.402,1.402,1.402
2013-04-12 09:00:00,1.351,1.351,1.351,1.351,1.351,1.351,1.351,1.351,1.351,1.351,1.351,1.351,1.351,1.351,1.351,1.351,1.351
2013-04-12 10:00:00,1.382,1.382,1.382,1.382,1.382,1.382,1.382,1.382,1.382,1.382,1.382,1.382,1.382,1.382,1.382,1.382,1.382
2013-04-12 11:00:00,1.432,1.432,1.432,1.432,1.432,1.432,1.432,1.432,1.432,1.432,1.432,1.432,1.432,1.432,1.432,1.432,1.432
2013-04-12 12:00:00,1.596,1.596,1.596,1.596,1.596,1.596,1.596,1.596,1.596,1.596,1.596,1.596,1.596,1.596,1.596,1.596,1.596
2013-04-12 13:00:00,1.954,1.954,1.954,1.954,1.954,1.954,1.954,1.954,1.954,1.954,1.954,1.954,1.954,1.954,1.954,1.954,1.954
2013-04-12 14:00:00,2.23,2.23,2.23,2.23,2.23,2.23,2.23,2.23,2.23,2.23,2.23,2.23,2.23,2.23,2.23,2.23,2.23
2013-04-12 15:00:00,2.23,2.23,2.23,2.23,2.23,2.23,2.23,2.23,2.23,2.23,2.23,2.23,2.23,2.23,2.23,2.23,2.23
2013-04-12 16:00:00,1.801,1.801,1.801,1.801,1.801,1.801,1.801,1.801,1.801,1.801,1.801,1.801,1.801,1.801,1.801,1.801,1.801
2013-04-12 17:00:00,1.392,1.392,1.392,1.392,1.392,1.392,1.392,1.392,1.392,1.392,1.392,1.392,1.392,1.392,1.392,1.392,1.392
2013-04-12 18:00:00,1.084,1.084,1.084,1.084,1.084,1.084,1.084,1.084,1.084,1.084,1.084,1.084,1.084,1.084,1.084,1.084,1.084
2013-04-12 19:00:00,0.839,0.839,0.839,0.839,0.839,0.839,0.839,0.839,0.839,0.839,0.839,0.839,0.839,0.839,0.839,0.839,0.839
2013-04-12 20:00:00,0.634,0.634,0.634,0.634,0.634,0.634,0.634,0.634,0.634,0.634,0.634,0.634,0.634,0.634,0.634,0.634,0.634
2013-04-12 21:00:00,0.45,0.45,0.45,0.45,0.45,0.45,0.45,0.45,0.45,0.45,0.45,0.45,0.45,0.45,0.45,0.45,0.45
2013-04-12 22:00:00,0.235,0.235,0.235,0.235,0.235,0.235,0.235,0.235,0.235,0.235,0.235,0.235,0.235,0.235,0.235,0.235,0.235
2013-04-12 23:00:00,0.245,0.245,0.245,0.245,0.245,0.245,0.245,0.245,0.245,0.245,0.245,0.245,0.245,0.245,0.245,0.245,0.245
2013-04-13 00:00:00,0.195,0.195,0.195,0.195,0.195,0.195,0.195,0.195,0.195,0.195,0.195,0.195,0.195,0.195,0.195,0.195,0.195
2013-04-13 01:00:00,0.164,0.164,0.164,0.164,0.164,0.164,0.164,0.164,0.164,0.164,0.164,0.164,0.164,0.164,0.164,0.164,0.164
2013-04-13 02:00:00,0.164,0.164,0.164,0.164,0.164,0.164,0.164,0.164,0.164,0.164,0.164,0.164,0.164,0.164,0.164,0.164,0.164
2013-04-13 03:00:00,0.204,0.204,0.204,0.204,0.204,0.204,0.204,0.204,0.204,0.204,0.204,0.204,0.204,0.204,0.204,0.204,0.204
2013-04-13 04:00:00,0.358,0.358,0.358,0.358,0.358,0.358,0.358,0.358,0.358,0.358,0.358,0.358,0.358,0.358,0.358,0.358,0.358
2013-04-13 05:00:00,0.502,0.502,0.502,0.502,0.502,0.502,0.502,0.502,0.502,0.502,0.502,0.502,0.502,0.502,0.502,0.502,0.502
2013-04-13 06:00:00,0.644,0.644,0.644,0.644,0.644,0.644,0.644,0.644,0.644,0.644,0.644,0.644,0.644,0.644,0.644,0.644,0.644
2013-04-13 07:00:00,0.87,0.87,0.87,0.87,0.87,0.87,0.87,0.87,0.87,0.87,0.87,0.87,0.87,0.87,0.87,0.87,0.87
2013-04-13 08:00:00,1.095,1.095,1.095,1.095,1.095,1.095,1.095,1.095,1.095,1.095,1.095,1.095,1.095,1.095,1.095,1.095,1.095
2013-04-13 09:00:00,1.382,1.382,1.382,1.382,1.382,1.382,1.382,1.382,1.382,1.382,1.382,1.382,1.382,1.382,1.382,1.382,1.382
2013-04-13 10:00:00,1.504,1.504,1.504,1.504,1.504,1.504,1.504,1.504,1.504,1.504,1.504,1.504,1.504,1.504,1.504,1.504,1.504
2013-04-13 11:00:00,1.586,1.586,1.586,1.586,1.586,1.586,1.586,1.586,1.586,1.586,1.586,1.586,1.586,1.586,1.586,1.586,1.586
2013-04-13 12:00:00,1.596,1.596,1.596,1.596,1.596,1.596,1.596,1.596,1.596,1.596,1.596,1.596,1.596,1.596,1.596,1.596,1.596
2013-04-13 13:00:00,1.565,1.565,1.565,1.565,1.565,1.565,1.565,1.565,1.565,1.565,1.565,1.565,1.565,1.565,1.565,1.565,1.565
2013-04-13 14:00:00,1.483,1.483,1.483,1.483,1.483,1.483,1.483,1.483,1.483,1.483,1.483,1.483,1.483,1.483,1.483,1.483,1.483
2013-04-13 15:00:00,1.372,1.372,1.372,1.372,1.372,1.372,1.372,1.372,1.372,1.372,1.372,1.372,1.372,1.372,1.372,1.372,1.372
2013-04-13 16:00:00,1.259,1.259,1.259,1.259,1.259,1.259,1.259,1.259,1.259,1.259,1.259,1.259,1.259,1.259,1.259,1.259,1.259
2013-04-13 17:00:00,1.115,1.115,1.115,1.115,1.115,1.115,1.115,1.115,1.115,1.115,1.115,1.115,1.115,1.115,1.115,1.115,1.115
2013-04-13 18:00:00,0.973,0.973,0.973,0.973,0.973,0.973,0.973,0.973,0.973,0.973,0.973,0.973,0.973,0.973,0.973,0.973,0.973
2013-04-13 19:00:00,0.798,0.798,0.798,0.798,0.798,0.798,0.798,0.798,0.798,0.798,0.798,0.798,0.798,0.798,0.798,0.798,0.798
2013-04-13 20:00:00,0.613,0.613,0.613,0.613,0.613,0.613,0.613,0.613,0.613,0.613,0.613,0.613,0.613,0.613,0.613,0.613,0.613
2013-04-13 21:00:00,0.44,0.44,0.44,0.44,0.44,0.44,0.44,0.44,0.44,0.44,0.44,0.44,0.44,0.44,0.44,0.44,0.44
2013-04-13 22:00:00,0.296,0.296,0.296,0.296,0.296,0.296,0.296,0.296,0.296,0.296,0.296,0.296,0.296,0.296,0.296,0.296,0.296
2013-04-13 23:00:00,0.225,0.225,0.225,0.225,0.225,0.225,0.225,0.225,0.225,0.225,0.225,0.225,0.225,0.225,0.225,0.225,0.225
2013-04-14 00:00:00,0.185,0.185,0.185,0.185,0.185,0.185,0.185,0.185,0.185,0.185,0.185,0.185,0.185,0.185,0.185,0.185,0.185
2013-04-14 01:00:00,0.154,0.154,0.154,0.154,0.154,0.154,0.154,0.154,0.154,0.154,0.154,0.154,0.154,0.154,0.154,0.154,0.154
2013-04-14 02:00:00,0.123,0.123,0.123,0.123,0.123,0.123,0.123,0.123,0.123,0.123,0.123,0.123,0.123,0.123,0.123,0.123,0.123
2013-04-14 03:00:00,0.123,0.123,0.123,0.123,0.123,0.123,0.123,0.123,0.123,0.123,0.123,0.123,0.123,0.123,0.123,0.123,0.123
2013-04-14 04:00:00,0.214,0.214,0.214,0.214,0.214,0.214,0.214,0.214,0.214,0.214,0.214,0.214,0.214,0.214,0.214,0.214,0.214
2013-04-14 05:00:00,0.307,0.307,0.307,0.307,0.307,0.307,0.307,0.307,0.307,0.307,0.307,0.307,0.307,0.307,0.307,0.307,0.307
2013-04-14 06:00:00,0.409,0.409,0.409,0.409,0.409,0.409,0.409,0.409,0.409,0.409,0.409,0.409,0.409,0.409,0.409,0.409,0.409
2013-04-14 07:00:00,0.543,0.543,0.543,0.543,0.543,0.543,0.543,0.543,0.543,0.543,0.543,0.543,0.543,0.543,0.543,0.543,0.543
2013-04-14 08:00:00,0.767,0.767,0.767,0.767,0.767,0.767,0.767,0.767,0.767,0.767,0.767,0.767,0.767,0.767,0.767,0.767,0.767
2013-04-14 09:00:00,1.023,1.023,1.023,1.023,1.023,1.023,1.023,1.023,1.023,1.023,1.023,1.023,1.023,1.023,1.023,1.023,1.023
2013-04-14 10:00:00,1.228,1.228,1.228,1.228,1.228,1.228,1.228,1.228,1.228,1.228,1.228,1.228,1.228,1.228,1.228,1.228,1.228
2013-04-14 11:00:00,1.361,1.361,1.361,1.361,1.361,1.361,1.361,1.361,1.361,1.361,1.361,1.361,1.361,1.361,1.361,1.361,1.361
2013-04-14 12:00:00,1.432,1.432,1.432,1.432,1.432,1.432,1.432,1.432,1.432,1.432,1.432,1.432,1.432,1.432,1.432,1.432,1.432
2013-04-14 13:00:00,1.524,1.524,1.524,1.524,1.524,1.524,1.524,1.524,1.524,1.524,1.524,1.524,1.524,1.524,1.524,1.524,1.524
2013-04-14 14:00:00,1.535,1.535,1.535,1.535,1.535,1.535,1.535,1.535,1.535,1.535,1.535,1.535,1.535,1.535,1.535,1.535,1.535
2013-04-14 15:00:00,1.555,1.555,1.555,1.555,1.555,1.555,1.555,1.555,1.555,1.555,1.555,1.555,1.555,1.555,1.555,1.555,1.555
2013-04-14 16:00:00,1.514,1.514,1.514,1.514,1.514,1.514,1.514,1.514,1.514,1.514,1.514,1.514,1.514,1.514,1.514,1.514,1.514
2013-04-14 17:00:00,1.453,1.453,1.453,1.453,1.453,1.453,1.453,1.453,1.453,1.453,1.453,1.453,1.453,1.453,1.453,1.453,1.453
2013-04-14 18:00:00,1.29,1.29,1.29,1.29,1.29,1.29,1.29,1.29,1.29,1.29,1.29,1.29,1.29,1.29,1.29,1.29,1.29
2013-04-14 19:00:00,1.002,1.002,1.002,1.002,1.002,1.002,1.002,1.002,1.002,1.002,1.002,1.002,1.002,1.002,1.002,1.002,1.002
2013-04-14 20:00:00,0.706,0.706,0.706,0.706,0.706,0.706,0.706,0.706,0.706,0.706,0.706,0.706,0.706,0.706,0.706,0.706,0.706
2013-04-14 21:00:00,0.43,0.43,0.43,0.43,0.43,0.43,0.43,0.43,0.43,0.43,0.43,0.43,0.43,0.43,0.43,0.43,0.43
2013-04-14 22:00:00,0.245,0.245,0.245,0.245,0.245,0.245,0.245,0.245,0.245,0.245,0.245,0.245,0.245,0.245,0.245,0.245,0.245
2013-04-14 23:00:00,0.113,0.113,0.113,0.113,0.113,0.113,0.113,0.113,0.113,0.113,0.113,0.113,0.113,0.113,0.113,0.113,0.113
2013-04-15 00:00:00,0.092,0.092,0.092,0.092,0.092,0.092,0.092,0.092,0.092,0.092,0.092,0.092,0.092,0.092,0.092,0.092,0.092
2013-04-15 01:00:00,0.092,0.092,0.092,0.092,0.092,0.092,0.092,0.092,0.092,0.092,0.092,0.092,0.092,0.092,0.092,0.092,0.092
2013-04-15 02:00:00,0.103,0.103,0.103,0.103,0.103,0.103,0.103,0.103,0.103,0.103,0.103,0.103,0.103,0.103,0.103,0.103,0.103
2013-04-15 03:00:00,0.195,0.195,0.195,0.195,0.195,0.195,0.195,0.195,0.195,0.195,0.195,0.195,0.195,0.195,0.195,0.195,0.195
2013-04-15 04:00:00,0.644,0.644,0.644,0.644,0.644,0.644,0.644,0.644,0.644,0.644,0.644,0.644,0.644,0.644,0.644,0.644,0.644
2013-04-15 05:00:00,1.228,1.228,1.228,1.228,1.228,1.228,1.228,1.228,1.228,1.228,1.228,1.228,1.228,1.228,1.228,1.228,1.228
2013-04-15 06:00:00,1.689,1.689,1.689,1.689,1.689,1.689,1.689,1.689,1.689,1.689,1.689,1.689,1.689,1.689,1.689,1.689,1.689
2013-04-15 07:00:00,1.524,1.524,1.524,1.524,1.524,1.524,1.524,1.524,1.524,1.524,1.524,1.524,1.524,1.524,1.524,1.524,1.524
2013-04-15 08:00:00,1.269,1.269,1.269,1.269,1.269,1.269,1.269,1.269,1.269,1.269,1.269,1.269,1.269,1.269,1.269,1.269,1.269
2013-04-15 09:00:00,1.228,1.228,1.228,1.228,1.228,1.228,1.228,1.228,1.228,1.228,1.228,1.228,1.228,1.228,1.228,1.228,1.228
2013-04-15 10:00:00,1.259,1.259,1.259,1.259,1.259,1.259,1.259,1.259,1.259,1.259,1.259,1.259,1.259,1.259,1.259,1.259,1.259
2013-04-15 11:00:00,1.31,1.31,1.31,1.31,1.31,1.31,1.31,1.31,1.31,1.31,1.31,1.31,1.31,1.31,1.31,1.31,1.31
2013-04-15 12:00:00,1.453,1.453,1.453,1.453,1.453,1.453,1.453,1.453,1.453,1.453,1.453,1.453,1.453,1.453,1.453,1.453,1.453
2013-04-15 13:00:00,1.781,1.781,1.781,1.781,1.781,1.781,1.781,1.781,1.781,1.781,1.781,1.781,1.781,1.781,1.781,1.781,1.781
2013-04-15 14:00:00,2.036,2.036,2.036,2.036,2.036,2.036,2.036,2.036,2.036,2.036,2.036,2.036,2.036,2.036,2.036,2.036,2.036
2013-04-15 15:00:00,2.036,2.036,2.036,2.036,2.036,2.036,2.036,2.036,2.036,2.036,2.036,2.036,2.036,2.036,2.036,2.036,2.036
2013-04-15 16:00:00,1.637,1.637,1.637,1.637,1.637,1.637,1.637,1.637,1.637,1.637,1.637,1.637,1.637,1.637,1.637,1.637,1.637
2013-04-15 17:00:00,1.269,1.269,1.269,1.269,1.269,1.269,1.269,1.269,1.269,1.269,1.269,1.269,1.269,1.269,1.269,1.269,1.269
2013-04-15 18:00:00,0.993,0.993,0.993,0.993,0.993,0.993,0.993,0.993,0.993,0.993,0.993,0.993,0.993,0.993,0.993,0.993,0.993
2013-04-15 19:00:00,0.757,0.757,0.757,0.757,0.757,0.757,0.757,0.757,0.757,0.757,0.757,0.757,0.757,0.757,0.757,0.757,0.757
2013-04-15 20:00:00,0.584,0.584,0.584,0.584,0.584,0.584,0.584,0.584,0.584,0.584,0.584,0.584,0.584,0.584,0.584,0.584,0.584
2013-04-15 21:00:00,0.409,0.409,0.409,0.409,0.409,0.409,0.409,0.409,0.409,0.409,0.409,0.409,0.409,0.409,0.409,0.409,0.409
2013-04-15 22:00:00,0.214,0.214,0.214,0.214,0.214,0.214,0.214,0.214,0.214,0.214,0.214,0.214,0.214,0.214,0.214,0.214,0.214
2013-04-15 23:00:00,0.113,0.113,0.113,0.113,0.113,0.113,0.113,0.113,0.113,0.113,0.113,0.113,0.113,0.113,0.113,0.113,0.113
2013-04-16 00:00:00,0.082,0.082,0.082,0.082,0.082,0.082,0.082,0.082,0.082,0.082,0.082,0.082,0.082,0.082,0.082,0.082,0.082
2013-04-16 01:00:00,0.082,0.082,0.082,0.082,0.082,0.082,0.082,0.082,0.082,0.082,0.082,0.082,0.082,0.082,0.082,0.082,0.082
2013-04-16 02:00:00,0.103,0.103,0.103,0.103,0.103,0.103,0.103,0.103,0.103,0.103,0.103,0.103,0.103,0.103,0.103,0.103,0.103
2013-04-16 03:00:00,0.185,0.185,0.185,0.185,0.185,0.185,0.185,0.185,0.185,0.185,0.185,0.185,0.185,0.185,0.185,0.185,0.185
2013-04-16 04:00:00,0.624,0.624,0.624,0.624,0.624,0.624,0.624,0.624,0.624,0.624,0.624,0.624,0.624,0.624,0.624,0.624,0.624
2013-04-16 05:00:00,1.197,1.197,1.197,1.197,1.197,1.197,1.197,1.197,1.197,1.197,1.197,1.197,1.197,1.197,1.197,1.197,1.197
2013-04-16 06:00:00,1.637,1.637,1.637,1.637,1.637,1.637,1.637,1.637,1.637,1.637,1.637,1.637,1.637,1.637,1.637,1.637,1.637
2013-04-16 07:00:00,1.483,1.483,1.483,1.483,1.483,1.483,1.483,1.483,1.483,1.483,1.483,1.483,1.483,1.483,1.483,1.483,1.483
2013-04-16 08:00:00,1.238,1.238,1.238,1.238,1.238,1.238,1.238,1.238,1.238,1.238,1.238,1.238,1.238,1.238,1.238,1.238,1.238
2013-04-16 09:00:00,1.197,1.197,1.197,1.197,1.197,1.197,1.197,1.197,1.197,1.197,1.197,1.197,1.197,1.197,1.197,1.197,1.197
2013-04-16 10:00:00,1.218,1.218,1.218,1.218,1.218,1.218,1.218,1.218,1.218,1.218,1.218,1.218,1.218,1.218,1.218,1.218,1.218
2013-04-16 11:00:00,1.269,1.269,1.269,1.269,1.269,1.269,1.269,1.269,1.269,1.269,1.269,1.269,1.269,1.269,1.269,1.269,1.269
2013-04-16 12:00:00,1.412,1.412,1.412,1.412,1.412,1.412,1.412,1.412,1.412,1.412,1.412,1.412,1.412,1.412,1.412,1.412,1.412
2013-04-16 13:00:00,1.719,1.719,1.719,1.719,1.719,1.719,1.719,1.719,1.719,1.719,1.719,1.719,1.719,1.719,1.719,1.719,1.719
2013-04-16 14:00:00,1.975,1.975,1.975,1.975,1.975,1.975,1.975,1.975,1.975,1.975,1.975,1.975,1.975,1.975,1.975,1.975,1.975
2013-04-16 15:00:00,1.975,1.975,1.975,1.975,1.975,1.975,1.975,1.975,1.975,1.975,1.975,1.975,1.975,1.975,1.975,1.975,1.975
2013-04-16 16:00:00,1.586,1.586,1.586,1.586,1.586,1.586,1.586,1.586,1.586,1.586,1.586,1.586,1.586,1.586,1.586,1.586,1.586
2013-04-16 17:00:00,1.228,1.228,1.228,1.228,1.228,1.228,1.228,1.228,1.228,1.228,1.228,1.228,1.228,1.228,1.228,1.228,1.228
2013-04-16 18:00:00,0.962,0.962,0.962,0.962,0.962,0.962,0.962,0.962,0.962,0.962,0.962,0.962,0.962,0.962,0.962,0.962,0.962
2013-04-16 19:00:00,0.737,0.737,0.737,0.737,0.737,0.737,0.737,0.737,0.737,0.737,0.737,0.737,0.737,0.737,0.737,0.737,0.737
2013-04-16 20:00:00,0.563,0.563,0.563,0.563,0.563,0.563,0.563,0.563,0.563,0.563,0.563,0.563,0.563,0.563,0.563,0.563,0.563
2013-04-16 21:00:00,0.399,0.399,0.399,0.399,0.399,0.399,0.399,0.399,0.399,0.399,0.399,0.399,0.399,0.399,0.399,0.399,0.399
2013-04-16 22:00:00,0.204,0.204,0.204,0.204,0.204,0.204,0.204,0.204,0.204,0.204,0.204,0.204,0.204,0.204,0.204,0.204,0.204
2013-04-16 23:00:00,0.113,0.113,0.113,0.113,0.113,0.113,0.113,0.113,0.113,0.113,0.113,0.113,0.113,0.113,0.113,0.113,0.113
2013-05-29 00:00:00,0.092,0.092,0.092,0.092,0.092,0.092,0.092,0.092,0.092,0.092,0.092,0.092,0.092,0.092,0.092,0.092,0.092
2013-05-29 01:00:00,0.092,0.092,0.092,0.092,0.092,0.092,0.092,0.092,0.092,0.092,0.092,0.092,0.092,0.092,0.092,0.092,0.092
2013-05-29 02:00:00,0.113,0.113,0.113,0.113,0.113,0.113,0.113,0.113,0.113,0.113,0.113,0.113,0.113,0.113,0.113,0.113,0.113
2013-05-29 03:00:00,0.204,0.204,0.204,0.204,0.204,0.204,0.204,0.204,0.204,0.204,0.204,0.204,0.204,0.204,0.204,0.204,0.204
2013-05-29 04:00:00,0.696,0.696,0.696,0.696,0.696,0.696,0.696,0.696,0.696,0.696,0.696,0.696,0.696,0.696,0.696,0.696,0.696
2013-05-29 05:00:00,1.32,1.32,1.32,1.32,1.32,1.32,1.32,1.32,1.32,1.32,1.32,1.32,1.32,1.32,1.32,1.32,1.32
2013-05-29 06:00:00,1.811,1.811,1.811,1.811,1.811,1.811,1.811,1.811,1.811,1.811,1.811,1.811,1.811,1.811,1.811,1.811,1.811
2013-05-29 07:00:00,1.648,1.648,1.648,1.648,1.648,1.648,1.648,1.648,1.648,1.648,1.648,1.648,1.648,1.648,1.648,1.648,1.648
2013-05-29 08:00:00,1.372,1.372,1.372,1.372,1.372,1.372,1.372,1.372,1.372,1.372,1.372,1.372,1.372,1.372,1.372,1.372,1.372
2013-05-29 09:00:00,1.32,1.32,1.32,1.32,1.32,1.32,1.32,1.32,1.32,1.32,1.32,1.32,1.32,1.32,1.32,1.32,1.32
2013-05-29 10:00:00,1.351,1.351,1.351,1.351,1.351,1.351,1.351,1.351,1.351,1.351,1.351,1.351,1.351,1.351,1.351,1.351,1.351
2013-05-29 11:00:00,1.402,1.402,1.402,1.402,1.402,1.402,1.402,1.402,1.402,1.402,1.402,1.402,1.402,1.402,1.402,1.402,1.402
2013-05-29 12:00:00,1.565,1.565,1.565,1.565,1.565,1.565,1.565,1.565,1.565,1.565,1.565,1.565,1.565,1.565,1.565,1.565,1.565
2013-05-29 13:00:00,1.913,1.913,1.913,1.913,1.913,1.913,1.913,1.913,1.913,1.913,1.913,1.913,1.913,1.913,1.913,1.913,1.913
2013-05-29 14:00:00,2.19,2.19,2.19,2.19,2.19,2.19,2.19,2.19,2.19,2.19,2.19,2.19,2.19,2.19,2.19,2.19,2.19
2013-05-29 15:00:00,2.19,2.19,2.19,2.19,2.19,2.19,2.19,2.19,2.19,2.19,2.19,2.19,2.19,2.19,2.19,2.19,2.19
2013-05-29 16:00:00,1.76,1.76,1.76,1.76,1.76,1.76,1.76,1.76,1.76,1.76,1.76,1.76,1.76,1.76,1.76,1.76,1.76
2013-05-29 17:00:00,1.361,1.361,1.361,1.361,1.361,1.361,1.361,1.361,1.361,1.361,1.361,1.361,1.361,1.361,1.361,1.361,1.361
2013-05-29 18:00:00,1.064,1.064,1.064,1.064,1.064,1.064,1.064,1.064,1.064,1.064,1.064,1.064,1.064,1.064,1.064,1.064,1.064
2013-05-29 19:00:00,0.819,0.819,0.819,0.819,0.819,0.819,0.819,0.819,0.819,0.819,0.819,0.819,0.819,0.819,0.819,0.819,0.819
2013-05-29 20:00:00,0.624,0.624,0.624,0.624,0.624,0.624,0.624,0.624,0.624,0.624,0.624,0.624,0.624,0.624,0.624,0.624,0.624
2013-05-29 21:00:00,0.44,0.44,0.44,0.44,0.44,0.44,0.44,0.44,0.44,0.44,0.44,0.44,0.44,0.44,0.44,0.44,0.44
2013-05-29 22:00:00,0.235,0.235,0.235,0.235,0.235,0.235,0.235,0.235,0.235,0.235,0.235,0.235,0.235,0.235,0.235,0.235,0.235
2013-05-29 23:00:00,0.307,0.307,0.307,0.307,0.307,0.307,0.307,0.307,0.307,0.307,0.307,0.307,0.307,0.307,0.307,0.307,0.307
2013-05-30 00:00:00,0.255,0.255,0.255,0.255,0.255,0.255,0.255,0.255,0.255,0.255,0.255,0.255,0.255,0.255,0.255,0.255,0.255
2013-05-30 01:00:00,0.204,0.204,0.204,0.204,0.204,0.204,0.204,0.204,0.204,0.204,0.204,0.204,0.204,0.204,0.204,0.204,0.204
2013-05-30 02:00:00,0.174,0.174,0.174,0.174,0.174,0.174,0.174,0.174,0.174,0.174,0.174,0.174,0.174,0.174,0.174,0.174,0.174
2013-05-30 03:00:00,0.174,0.174,0.174,0.174,0.174,0.174,0.174,0.174,0.174,0.174,0.174,0.174,0.174,0.174,0.174,0.174,0.174
2013-05-30 04:00:00,0.296,0.296,0.296,0.296,0.296,0.296,0.296,0.296,0.296,0.296,0.296,0.296,0.296,0.296,0.296,0.296,0.296
2013-05-30 05:00:00,0.42,0.42,0.42,0.42,0.42,0.42,0.42,0.42,0.42,0.42,0.42,0.42,0.42,0.42,0.42,0.42,0.42
2013-05-30 06:00:00,0.563,0.563,0.563,0.563,0.563,0.563,0.563,0.563,0.563,0.563,0.563,0.563,0.563,0.563,0.563,0.563,0.563
2013-05-30 07:00:00,0.747,0.747,0.747,0.747,0.747,0.747,0.747,0.747,0.747,0.747,0.747,0.747,0.747,0.747,0.747,0.747,0.747
2013-05-30 08:00:00,1.054,1.054,1.054,1.054,1.054,1.054,1.054,1.054,1.054,1.054,1.054,1.054,1.054,1.054,1.054,1.054,1.054
2013-05-30 09:00:00,1.402,1.402,1.402,1.402,1.402,1.402,1.402,1.402,1.402,1.402,1.402,1.402,1.402,1.402,1.402,1.402,1.402
2013-05-30 10:00:00,1.689,1.689,1.689,1.689,1.689,1.689,1.689,1.689,1.689,1.689,1.689,1.689,1.689,1.689,1.689,1.689,1.689
2013-05-30 11:00:00,1.872,1.872,1.872,1.872,1.872,1.872,1.872,1.872,1.872,1.872,1.872,1.872,1.872,1.872,1.872,1.872,1.872
2013-05-30 12:00:00,1.975,1.975,1.975,1.975,1.975,1.975,1.975,1.975,1.975,1.975,1.975,1.975,1.975,1.975,1.975,1.975,1.975
2013-05-30 13:00:00,2.088,2.088,2.088,2.088,2.088,2.088,2.088,2.088,2.088,2.088,2.088,2.088,2.088,2.088,2.088,2.088,2.088
2013-05-30 14:00:00,2.108,2.108,2.108,2.108,2.108,2.108,2.108,2.108,2.108,2.108,2.108,2.108,2.108,2.108,2.108,2.108,2.108
2013-05-30 15:00:00,2.129,2.129,2.129,2.129,2.129,2.129,2.129,2.129,2.129,2.129,2.129,2.129,2.129,2.129,2.129,2.129,2.129
2013-05-30 16:00:00,2.077,2.077,2.077,2.077,2.077,2.077,2.077,2.077,2.077,2.077,2.077,2.077,2.077,2.077,2.077,2.077,2.077
2013-05-30 17:00:00,1.995,1.995,1.995,1.995,1.995,1.995,1.995,1.995,1.995,1.995,1.995,1.995,1.995,1.995,1.995,1.995,1.995
2013-05-30 18:00:00,1.76,1.76,1.76,1.76,1.76,1.76,1.76,1.76,1.76,1.76,1.76,1.76,1.76,1.76,1.76,1.76,1.76
2013-05-30 19:00:00,1.382,1.382,1.382,1.382,1.382,1.382,1.382,1.382,1.382,1.382,1.382,1.382,1.382,1.382,1.382,1.382,1.382
2013-05-30 20:00:00,0.962,0.962,0.962,0.962,0.962,0.962,0.962,0.962,0.962,0.962,0.962,0.962,0.962,0.962,0.962,0.962,0.962
2013-05-30 21:00:00,0.594,0.594,0.594,0.594,0.594,0.594,0.594,0.594,0.594,0.594,0.594,0.594,0.594,0.594,0.594,0.594,0.594
2013-05-30 22:00:00,0.338,0.338,0.338,0.338,0.338,0.338,0.338,0.338,0.338,0.338,0.338,0.338,0.338,0.338,0.338,0.338,0.338
2013-05-30 23:00:00,0.144,0.144,0.144,0.144,0.144,0.144,0.144,0.144,0.144,0.144,0.144,0.144,0.144,0.144,0.144,0.144,0.144
2013-05-31 00:00:00,0.103,0.103,0.103,0.103,0.103,0.103,0.103,0.103,0.103,0.103,0.103,0.103,0.103,0.103,0.103,0.103,0.103
2013-05-31 01:00:00,0.103,0.103,0.103,0.103,0.103,0.103,0.103,0.103,0.103,0.103,0.103,0.103,0.103,0.103,0.103,0.103,0.103
2013-05-31 02:00:00,0.123,0.123,0.123,0.123,0.123,0.123,0.123,0.123,0.123,0.123,0.123,0.123,0.123,0.123,0.123,0.123,0.123
2013-05-31 03:00:00,0.235,0.235,0.235,0.235,0.235,0.235,0.235,0.235,0.235,0.235,0.235,0.235,0.235,0.235,0.235,0.235,0.235
2013-05-31 04:00:00,0.767,0.767,0.767,0.767,0.767,0.767,0.767,0.767,0.767,0.767,0.767,0.767,0.767,0.767,0.767,0.767,0.767
2013-05-31 05:00:00,1.463,1.463,1.463,1.463,1.463,1.463,1.463,1.463,1.463,1.463,1.463,1.463,1.463,1.463,1.463,1.463,1.463
2013-05-31 06:00:00,1.995,1.995,1.995,1.995,1.995,1.995,1.995,1.995,1.995,1.995,1.995,1.995,1.995,1.995,1.995,1.995,1.995
2013-05-31 07:00:00,1.811,1.811,1.811,1.811,1.811,1.811,1.811,1.811,1.811,1.811,1.811,1.811,1.811,1.811,1.811,1.811,1.811
2013-05-31 08:00:00,1.514,1.514,1.514,1.514,1.514,1.514,1.514,1.514,1.514,1.514,1.514,1.514,1.514,1.514,1.514,1.514,1.514
2013-05-31 09:00:00,1.463,1.463,1.463,1.463,1.463,1.463,1.463,1.463,1.463,1.463,1.463,1.463,1.463,1.463,1.463,1.463,1.463
2013-05-31 10:00:00,1.494,1.494,1.494,1.494,1.494,1.494,1.494,1.494,1.494,1.494,1.494,1.494,1.494,1.494,1.494,1.494,1.494
2013-05-31 11:00:00,1.555,1.555,1.555,1.555,1.555,1.555,1.555,1.555,1.555,1.555,1.555,1.555,1.555,1.555,1.555,1.555,1.555
2013-05-31 12:00:00,1.719,1.719,1.719,1.719,1.719,1.719,1.719,1.719,1.719,1.719,1.719,1.719,1.719,1.719,1.719,1.719,1.719
2013-05-31 13:00:00,2.108,2.108,2.108,2.108,2.108,2.108,2.108,2.108,2.108,2.108,2.108,2.108,2.108,2.108,2.108,2.108,2.108
2013-05-31 14:00:00,2.415,2.415,2.415,2.415,2.415,2.415,2.415,2.415,2.415,2.415,2.415,2.415,2.415,2.415,2.415,2.415,2.415
2013-05-31 15:00:00,2.415,2.415,2.415,2.415,2.415,2.415,2.415,2.415,2.415,2.415,2.415,2.415,2.415,2.415,2.415,2.415,2.415
2013-05-31 16:00:00,1.944,1.944,1.944,1.944,1.944,1.944,1.944,1.944,1.944,1.944,1.944,1.944,1.944,1.944,1.944,1.944,1.944
2013-05-31 17:00:00,1.504,1.504,1.504,1.504,1.504,1.504,1.504,1.504,1.504,1.504,1.504,1.504,1.504,1.504,1.504,1.504,1.504
2013-05-31 18:00:00,1.177,1.177,1.177,1.177,1.177,1.177,1.177,1.177,1.177,1.177,1.177,1.177,1.177,1.177,1.177,1.177,1.177
2013-05-31 19:00:00,0.901,0.901,0.901,0.901,0.901,0.901,0.901,0.901,0.901,0.901,0.901,0.901,0.901,0.901,0.901,0.901,0.901
2013-05-31 20:00:00,0.685,0.685,0.685,0.685,0.685,0.685,0.685,0.685,0.685,0.685,0.685,0.685,0.685,0.685,0.685,0.685,0.685
2013-05-31 21:00:00,0.491,0.491,0.491,0.491,0.491,0.491,0.491,0.491,0.491,0.491,0.491,0.491,0.491,0.491,0.491,0.491,0.491
2013-05-31 22:00:00,0.255,0.255,0.255,0.255,0.255,0.255,0.255,0.255,0.255,0.255,0.255,0.255,0.255,0.255,0.255,0.255,0.255
2013-05-31 23:00:00,0.286,0.286,0.286,0.286,0.286,0.286,0.286,0.286,0.286,0.286,0.286,0.286,0.286,0.286,0.286,0.286,0.286
2013-06-01 00:00:00,0.225,0.225,0.225,0.225,0.225,0.225,0.225,0.225,0.225,0.225,0.225,0.225,0.225,0.225,0.225,0.225,0.225
2013-06-01 01:00:00,0.195,0.195,0.195,0.195,0.195,0.195,0.195,0.195,0.195,0.195,0.195,0.195,0.195,0.195,0.195,0.195,0.195
2013-06-01 02:00:00,0.185,0.185,0.185,0.185,0.185,0.185,0.185,0.185,0.185,0.185,0.185,0.185,0.185,0.185,0.185,0.185,0.185
2013-06-01 03:00:00,0.235,0.235,0.235,0.235,0.235,0.235,0.235,0.235,0.235,0.235,0.235,0.235,0.235,0.235,0.235,0.235,0.235
2013-06-01 04:00:00,0.409,0.409,0.409,0.409,0.409,0.409,0.409,0.409,0.409,0.409,0.409,0.409,0.409,0.409,0.409,0.409,0.409
2013-06-01 05:00:00,0.584,0.584,0.584,0.584,0.584,0.584,0.584,0.584,0.584,0.584,0.584,0.584,0.584,0.584,0.584,0.584,0.584
2013-06-01 06:00:00,0.747,0.747,0.747,0.747,0.747,0.747,0.747,0.747,0.747,0.747,0.747,0.747,0.747,0.747,0.747,0.747,0.747
2013-06-01 07:00:00,1.013,1.013,1.013,1.013,1.013,1.013,1.013,1.013,1.013,1.013,1.013,1.013,1.013,1.013,1.013,1.013,1.013
2013-06-01 08:00:00,1.279,1.279,1.279,1.279,1.279,1.279,1.279,1.279,1.279,1.279,1.279,1.279,1.279,1.279,1.279,1.279,1.279
2013-06-01 09:00:00,1.617,1.617,1.617,1.617,1.617,1.617,1.617,1.617,1.617,1.617,1.617,1.617,1.617,1.617,1.617,1.617,1.617
2013-06-01 10:00:00,1.76,1.76,1.76,1.76,1.76,1.76,1.76,1.76,1.76,1.76,1.76,1.76,1.76,1.76,1.76,1.76,1.76
2013-06-01 11:00:00,1.841,1.841,1.841,1.841,1.841,1.841,1.841,1.841,1.841,1.841,1.841,1.841,1.841,1.841,1.841,1.841,1.841
2013-06-01 12:00:00,1.862,1.862,1.862,1.862,1.862,1.862,1.862,1.862,1.862,1.862,1.862,1.862,1.862,1.862,1.862,1.862,1.862
2013-06-01 13:00:00,1.831,1.831,1.831,1.831,1.831,1.831,1.831,1.831,1.831,1.831,1.831,1.831,1.831,1.831,1.831,1.831,1.831
2013-06-01 14:00:00,1.73,1.73,1.73,1.73,1.73,1.73,1.73,1.73,1.73,1.73,1.73,1.73,1.73,1.73,1.73,1.73,1.73
2013-06-01 15:00:00,1.596,1.596,1.596,1.596,1.596,1.596,1.596,1.596,1.596,1.596,1.596,1.596,1.596,1.596,1.596,1.596,1.596
2013-06-01 16:00:00,1.463,1.463,1.463,1.463,1.463,1.463,1.463,1.463,1.463,1.463,1.463,1.463,1.463,1.463,1.463,1.463,1.463
2013-06-01 17:00:00,1.3,1.3,1.3,1.3,1.3,1.3,1.3,1.3,1.3,1.3,1.3,1.3,1.3,1.3,1.3,1.3,1.3
2013-06-01 18:00:00,1.136,1.136,1.136,1.136,1.136,1.136,1.136,1.136,1.136,1.136,1.136,1.136,1.136,1.136,1.136,1.136,1.136
2013-06-01 19:00:00,0.932,0.932,0.932,0.932,0.932,0.932,0.932,0.932,0.932,0.932,0.932,0.932,0.932,0.932,0.932,0.932,0.932
2013-06-01 20:00:00,0.716,0.716,0.716,0.716,0.716,0.716,0.716,0.716,0.716,0.716,0.716,0.716,0.716,0.716,0.716,0.716,0.716
2013-06-01 21:00:00,0.512,0.512,0.512,0.512,0.512,0.512,0.512,0.512,0.512,0.512,0.512,0.512,0.512,0.512,0.512,0.512,0.512
2013-06-01 22:00:00,0.338,0.338,0.338,0.338,0.338,0.338,0.338,0.338,0.338,0.338,0.338,0.338,0.338,0.338,0.338,0.338,0.338
2013-06-01 23:00:00,0.266,0.266,0.266,0.266,0.266,0.266,0.266,0.266,0.266,0.266,0.266,0.266,0.266,0.266,0.266,0.266,0.266
2013-06-02 00:00:00,0.214,0.214,0.214,0.214,0.214,0.214,0.214,0.214,0.214,0.214,0.214,0.214,0.214,0.214,0.214,0.214,0.214
2013-06-02 01:00:00,0.174,0.174,0.174,0.174,0.174,0.174,0.174,0.174,0.174,0.174,0.174,0.174,0.174,0.174,0.174,0.174,0.174
2013-06-02 02:00:00,0.144,0.144,0.144,0.144,0.144,0.144,0.144,0.144,0.144,0.144,0.144,0.144,0.144,0.144,0.144,0.144,0.144
2013-06-02 03:00:00,0.144,0.144,0.144,0.144,0.144,0.144,0.144,0.144,0.144,0.144,0.144,0.144,0.144,0.144,0.144,0.144,0.144
2013-06-02 04:00:00,0.255,0.255,0.255,0.255,0.255,0.255,0.255,0.255,0.255,0.255,0.255,0.255,0.255,0.255,0.255,0.255,0.255
2013-06-02 05:00:00,0.348,0.348,0.348,0.348,0.348,0.348,0.348,0.348,0.348,0.348,0.348,0.348,0.348,0.348,0.348,0.348,0.348
2013-06-02 06:00:00,0.471,0.471,0.471,0.471,0.471,0.471,0.471,0.471,0.471,0.471,0.471,0.471,0.471,0.471,0.471,0.471,0.471
2013-06-02 07:00:00,0.634,0.634,0.634,0.634,0.634,0.634,0.634,0.634,0.634,0.634,0.634,0.634,0.634,0.634,0.634,0.634,0.634
2013-06-02 08:00:00,0.901,0.901,0.901,0.901,0.901,0.901,0.901,0.901,0.901,0.901,0.901,0.901,0.901,0.901,0.901,0.901,0.901
2013-06-02 09:00:00,1.187,1.187,1.187,1.187,1.187,1.187,1.187,1.187,1.187,1.187,1.187,1.187,1.187,1.187,1.187,1.187,1.187
2013-06-02 10:00:00,1.432,1.432,1.432,1.432,1.432,1.432,1.432,1.432,1.432,1.432,1.432,1.432,1.432,1.432,1.432,1.432,1.432
2013-06-02 11:00:00,1.586,1.586,1.586,1.586,1.586,1.586,1.586,1.586,1.586,1.586,1.586,1.586,1.586,1.586,1.586,1.586,1.586
2013-06-02 12:00:00,1.678,1.678,1.678,1.678,1.678,1.678,1.678,1.678,1.678,1.678,1.678,1.678,1.678,1.678,1.678,1.678,1.678
2013-06-02 13:00:00,1.771,1.771,1.771,1.771,1.771,1.771,1.771,1.771,1.771,1.771,1.771,1.771,1.771,1.771,1.771,1.771,1.771
2013-06-02 14:00:00,1.791,1.791,1.791,1.791,1.791,1.791,1.791,1.791,1.791,1.791,1.791,1.791,1.791,1.791,1.791,1.791,1.791
2013-06-02 15:00:00,1.811,1.811,1.811,1.811,1.811,1.811,1.811,1.811,1.811,1.811,1.811,1.811,1.811,1.811,1.811,1.811,1.811
2013-06-02 16:00:00,1.771,1.771,1.771,1.771,1.771,1.771,1.771,1.771,1.771,1.771,1.771,1.771,1.771,1.771,1.771,1.771,1.771
2013-06-02 17:00:00,1.689,1.689,1.689,1.689,1.689,1.689,1.689,1.689,1.689,1.689,1.689,1.689,1.689,1.689,1.689,1.689,1.689
2013-06-02 18:00:00,1.494,1.494,1.494,1.494,1.494,1.494,1.494,1.494,1.494,1.494,1.494,1.494,1.494,1.494,1.494,1.494,1.494
2013-06-02 19:00:00,1.166,1.166,1.166,1.166,1.166,1.166,1.166,1.166,1.166,1.166,1.166,1.166,1.166,1.166,1.166,1.166,1.166
2013-06-02 20:00:00,0.819,0.819,0.819,0.819,0.819,0.819,0.819,0.819,0.819,0.819,0.819,0.819,0.819,0.819,0.819,0.819,0.819
2013-06-02 21:00:00,0.502,0.502,0.502,0.502,0.502,0.502,0.502,0.502,0.502,0.502,0.502,0.502,0.502,0.502,0.502,0.502,0.502
2013-06-02 22:00:00,0.286,0.286,0.286,0.286,0.286,0.286,0.286,0.286,0.286,0.286,0.286,0.286,0.286,0.286,0.286,0.286,0.286
2013-06-02 23:00:00,0.133,0.133,0.133,0.133,0.133,0.133,0.133,0.133,0.133,0.133,0.133,0.133,0.133,0.133,0.133,0.133,0.133
2013-06-03 00:00:00,0.103,0.103,0.103,0.103,0.103,0.103,0.103,0.103,0.103,0.103,0.103,0.103,0.103,0.103,0.103,0.103,0.103
2013-06-03 01:00:00,0.103,0.103,0.103,0.103,0.103,0.103,0.103,0.103,0.103,0.103,0.103,0.103,0.103,0.103,0.103,0.103,0.103
2013-06-03 02:00:00,0.123,0.123,0.123,0.123,0.123,0.123,0.123,0.123,0.123,0.123,0.123,0.123,0.123,0.123,0.123,0.123,0.123
2013-06-03 03:00:00,0.225,0.225,0.225,0.225,0.225,0.225,0.225,0.225,0.225,0.225,0.225,0.225,0.225,0.225,0.225,0.225,0.225
2013-06-03 04:00:00,0.757,0.757,0.757,0.757,0.757,0.757,0.757,0.757,0.757,0.757,0.757,0.757,0.757,0.757,0.757,0.757,0.757
2013-06-03 05:00:00,1.432,1.432,1.432,1.432,1.432,1.432,1.432,1.432,1.432,1.432,1.432,1.432,1.432,1.432,1.432,1.432,1.432
2013-06-03 06:00:00,1.965,1.965,1.965,1.965,1.965,1.965,1.965,1.965,1.965,1.965,1.965,1.965,1.965,1.965,1.965,1.965,1.965
2013-06-03 07:00:00,1.781,1.781,1.781,1.781,1.781,1.781,1.781,1.781,1.781,1.781,1.781,1.781,1.781,1.781,1.781,1.781,1.781
2013-06-03 08:00:00,1.483,1.483,1.483,1.483,1.483,1.483,1.483,1.483,1.483,1.483,1.483,1.483,1.483,1.483,1.483,1.483,1.483
2013-06-03 09:00:00,1.432,1.432,1.432,1.432,1.432,1.432,1.432,1.432,1.432,1.432,1.432,1.432,1.432,1.432,1.432,1.432,1.432
2013-06-03 10:00:00,1.473,1.473,1.473,1.473,1.473,1.473,1.473,1.473,1.473,1.473,1.473,1.473,1.473,1.473,1.473,1.473,1.473
2013-06-03 11:00:00,1.524,1.524,1.524,1.524,1.524,1.524,1.524,1.524,1.524,1.524,1.524,1.524,1.524,1.524,1.524,1.524,1.524
2013-06-03 12:00:00,1.689,1.689,1.689,1.689,1.689,1.689,1.689,1.689,1.689,1.689,1.689,1.689,1.689,1.689,1.689,1.689,1.689
2013-06-03 13:00:00,2.067,2.067,2.067,2.067,2.067,2.067,2.067,2.067,2.067,2.067,2.067,2.067,2.067,2.067,2.067,2.067,2.067
2013-06-03 14:00:00,2.374,2.374,2.374,2.374,2.374,2.374,2.374,2.374,2.374,2.374,2.374,2.374,2.374,2.374,2.374,2.374,2.374
2013-06-03 15:00:00,2.374,2.374,2.374,2.374,2.374,2.374,2.374,2.374,2.374,2.374,2.374,2.374,2.374,2.374,2.374,2.374,2.374
2013-06-03 16:00:00,1.903,1.903,1.903,1.903,1.903,1.903,1.903,1.903,1.903,1.903,1.903,1.903,1.903,1.903,1.903,1.903,1.903
2013-06-03 17:00:00,1.473,1.473,1.473,1.473,1.473,1.473,1.473,1.473,1.473,1.473,1.473,1.473,1.473,1.473,1.473,1.473,1.473
2013-06-03 18:00:00,1.156,1.156,1.156,1.156,1.156,1.156,1.156,1.156,1.156,1.156,1.156,1.156,1.156,1.156,1.156,1.156,1.156
2013-06-03 19:00:00,0.89,0.89,0.89,0.89,0.89,0.89,0.89,0.89,0.89,0.89,0.89,0.89,0.89,0.89,0.89,0.89,0.89
2013-06-03 20:00:00,0.675,0.675,0.675,0.675,0.675,0.675,0.675,0.675,0.675,0.675,0.675,0.675,0.675,0.675,0.675,0.675,0.675
2013-06-03 21:00:00,0.481,0.481,0.481,0.481,0.481,0.481,0.481,0.481,0.481,0.481,0.481,0.481,0.481,0.481,0.481,0.481,0.481
2013-06-03 22:00:00,0.245,0.245,0.245,0.245,0.245,0.245,0.245,0.245,0.245,0.245,0.245,0.245,0.245,0.245,0.245,0.245,0.245
2013-06-03 23:00:00,0.133,0.133,0.133,0.133,0.133,0.133,0.133,0.133,0.133,0.133,0.133,0.133,0.133,0.133,0.133,0.133,0.133
2013-06-04 00:00:00,0.103,0.103,0.103,0.103,0.103,0.103,0.103,0.103,0.103,0.103,0.103,0.103,0.103,0.103,0.103,0.103,0.103
2013-06-04 01:00:00,0.103,0.103,0.103,0.103,0.103,0.103,0.103,0.103,0.103,0.103,0.103,0.103,0.103,0.103,0.103,0.103,0.103
2013-06-04 02:00:00,0.113,0.113,0.113,0.113,0.113,0.113,0.113,0.113,0.113,0.113,0.113,0.113,0.113,0.113,0.113,0.113,0.113
2013-06-04 03:00:00,0.214,0.214,0.214,0.214,0.214,0.214,0.214,0.214,0.214,0.214,0.214,0.214,0.214,0.214,0.214,0.214,0.214
2013-06-04 04:00:00,0.737,0.737,0.737,0.737,0.737,0.737,0.737,0.737,0.737,0.737,0.737,0.737,0.737,0.737,0.737,0.737,0.737
2013-06-04 05:00:00,1.392,1.392,1.392,1.392,1.392,1.392,1.392,1.392,1.392,1.392,1.392,1.392,1.392,1.392,1.392,1.392,1.392
2013-06-04 06:00:00,1.903,1.903,1.903,1.903,1.903,1.903,1.903,1.903,1.903,1.903,1.903,1.903,1.903,1.903,1.903,1.903,1.903
2013-06-04 07:00:00,1.73,1.73,1.73,1.73,1.73,1.73,1.73,1.73,1.73,1.73,1.73,1.73,1.73,1.73,1.73,1.73,1.73
2013-06-04 08:00:00,1.442,1.442,1.442,1.442,1.442,1.442,1.442,1.442,1.442,1.442,1.442,1.442,1.442,1.442,1.442,1.442,1.442
2013-06-04 09:00:00,1.392,1.392,1.392,1.392,1.392,1.392,1.392,1.392,1.392,1.392,1.392,1.392,1.392,1.392,1.392,1.392,1.392
2013-06-04 10:00:00,1.422,1.422,1.422,1.422,1.422,1.422,1.422,1.422,1.422,1.422,1.422,1.422,1.422,1.422,1.422,1.422,1.422
2013-06-04 11:00:00,1.483,1.483,1.483,1.483,1.483,1.483,1.483,1.483,1.483,1.483,1.483,1.483,1.483,1.483,1.483,1.483,1.483
2013-06-04 12:00:00,1.648,1.648,1.648,1.648,1.648,1.648,1.648,1.648,1.648,1.648,1.648,1.648,1.648,1.648,1.648,1.648,1.648
2013-06-04 13:00:00,2.006,2.006,2.006,2.006,2.006,2.006,2.006,2.006,2.006,2.006,2.006,2.006,2.006,2.006,2.006,2.006,2.006
2013-06-04 14:00:00,2.302,2.302,2.302,2.302,2.302,2.302,2.302,2.302,2.302,2.302,2.302,2.302,2.302,2.302,2.302,2.302,2.302
2013-06-04 15:00:00,2.302,2.302,2.302,2.302,2.302,2.302,2.302,2.302,2.302,2.302,2.302,2.302,2.302,2.302,2.302,2.302,2.302
2013-06-04 16:00:00,1.852,1.852,1.852,1.852,1.852,1.852,1.852,1.852,1.852,1.852,1.852,1.852,1.852,1.852,1.852,1.852,1.852
2013-06-04 17:00:00,1.432,1.432,1.432,1.432,1.432,1.432,1.432,1.432,1.432,1.432,1.432,1.432,1.432,1.432,1.432,1.432,1.432
2013-06-04 18:00:00,1.125,1.125,1.125,1.125,1.125,1.125,1.125,1.125,1.125,1.125,1.125,1.125,1.125,1.125,1.125,1.125,1.125
2013-06-04 19:00:00,0.86,0.86,0.86,0.86,0.86,0.86,0.86,0.86,0.86,0.86,0.86,0.86,0.86,0.86,0.86,0.86,0.86
2013-06-04 20:00:00,0.655,0.655,0.655,0.655,0.655,0.655,0.655,0.655,0.655,0.655,0.655,0.655,0.655,0.655,0.655,0.655,0.655
2013-06-04 21:00:00,0.471,0.471,0.471,0.471,0.471,0.471,0.471,0.471,0.471,0.471,0.471,0.471,0.471,0.471,0.471,0.471,0.471
2013-06-04 22:00:00,0.245,0.245,0.245,0.245,0.245,0.245,0.245,0.245,0.245,0.245,0.245,0.245,0.245,0.245,0.245,0.245,0.245
2013-06-04 23:00:00,0.133,0.133,0.133,0.133,0.133,0.133,0.133,0.133,0.133,0.133,0.133,0.133,0.133,0.133,0.133,0.133,0.133
2013-06-05 00:00:00,0.103,0.103,0.103,0.103,0.103,0.103,0.103,0.103,0.103,0.103,0.103,0.103,0.103,0.103,0.103,0.103,0.103
2013-06-05 01:00:00,0.103,0.103,0.103,0.103,0.103,0.103,0.103,0.103,0.103,0.103,0.103,0.103,0.103,0.103,0.103,0.103,0.103
2013-06-05 02:00:00,0.123,0.123,0.123,0.123,0.123,0.123,0.123,0.123,0.123,0.123,0.123,0.123,0.123,0.123,0.123,0.123,0.123
2013-06-05 03:00:00,0.225,0.225,0.225,0.225,0.225,0.225,0.225,0.225,0.225,0.225,0.225,0.225,0.225,0.225,0.225,0.225,0.225
2013-06-05 04:00:00,0.747,0.747,0.747,0.747,0.747,0.747,0.747,0.747,0.747,0.747,0.747,0.747,0.747,0.747,0.747,0.747,0.747
2013-06-05 05:00:00,1.422,1.422,1.422,1.422,1.422,1.422,1.422,1.422,1.422,1.422,1.422,1.422,1.422,1.422,1.422,1.422,1.422
2013-06-05 06:00:00,1.954,1.954,1.954,1.954,1.954,1.954,1.954,1.954,1.954,1.954,1.954,1.954,1.954,1.954,1.954,1.954,1.954
2013-06-05 07:00:00,1.771,1.771,1.771,1.771,1.771,1.771,1.771,1.771,1.771,1.771,1.771,1.771,1.771,1.771,1.771,1.771,1.771
2013-06-05 08:00:00,1.473,1.473,1.473,1.473,1.473,1.473,1.473,1.473,1.473,1.473,1.473,1.473,1.473,1.473,1.473,1.473,1.473
2013-06-05 09:00:00,1.422,1.422,1.422,1.422,1.422,1.422,1.422,1.422,1.422,1.422,1.422,1.422,1.422,1.422,1.422,1.422,1.422
2013-06-05 10:00:00,1.463,1.463,1.463,1.463,1.463,1.463,1.463,1.463,1.463,1.463,1.463,1.463,1.463,1.463,1.463,1.463,1.463
2013-06-05 11:00:00,1.514,1.514,1.514,1.514,1.514,1.514,1.514,1.514,1.514,1.514,1.514,1.514,1.514,1.514,1.514,1.514,1.514
2013-06-05 12:00:00,1.689,1.689,1.689,1.689,1.689,1.689,1.689,1.689,1.689,1.689,1.689,1.689,1.689,1.689,1.689,1.689,1.689
2013-06-05 13:00:00,2.057,2.057,2.057,2.057,2.057,2.057,2.057,2.057,2.057,2.057,2.057,2.057,2.057,2.057,2.057,2.057,2.057
2013-06-05 14:00:00,2.353,2.353,2.353,2.353,2.353,2.353,2.353,2.353,2.353,2.353,2.353,2.353,2.353,2.353,2.353,2.353,2.353
2013-06-05 15:00:00,2.364,2.364,2.364,2.364,2.364,2.364,2.364,2.364,2.364,2.364,2.364,2.364,2.364,2.364,2.364,2.364,2.364
2013-06-05 16:00:00,1.893,1.893,1.893,1.893,1.893,1.893,1.893,1.893,1.893,1.893,1.893,1.893,1.893,1.893,1.893,1.893,1.893
2013-06-05 17:00:00,1.473,1.473,1.473,1.473,1.473,1.473,1.473,1.473,1.473,1.473,1.473,1.473,1.473,1.473,1.473,1.473,1.473
2013-06-05 18:00:00,1.146,1.146,1.146,1.146,1.146,1.146,1.146,1.146,1.146,1.146,1.146,1.146,1.146,1.146,1.146,1.146,1.146
2013-06-05 19:00:00,0.88,0.88,0.88,0.88,0.88,0.88,0.88,0.88,0.88,0.88,0.88,0.88,0.88,0.88,0.88,0.88,0.88
2013-06-05 20:00:00,0.675,0.675,0.675,0.675,0.675,0.675,0.675,0.675,0.675,0.675,0.675,0.675,0.675,0.675,0.675,0.675,0.675
2013-06-05 21:00:00,0.481,0.481,0.481,0.481,0.481,0.481,0.481,0.481,0.481,0.481,0.481,0.481,0.481,0.481,0.481,0.481,0.481
2013-06-05 22:00:00,0.245,0.245,0.245,0.245,0.245,0.245,0.245,0.245,0.245,0.245,0.245,0.245,0.245,0.245,0.245,0.245,0.245
2013-06-05 23:00:00,0.144,0.144,0.144,0.144,0.144,0.144,0.144,0.144,0.144,0.144,0.144,0.144,0.144,0.144,0.144,0.144,0.144
2013-06-06 00:00:00,0.113,0.113,0.113,0.113,0.113,0.113,0.113,0.113,0.113,0.113,0.113,0.113,0.113,0.113,0.113,0.113,0.113
2013-06-06 01:00:00,0.103,0.103,0.103,0.103,0.103,0.103,0.103,0.103,0.103,0.103,0.103,0.103,0.103,0.103,0.103,0.103,0.103
2013-06-06 02:00:00,0.123,0.123,0.123,0.123,0.123,0.123,0.123,0.123,0.123,0.123,0.123,0.123,0.123,0.123,0.123,0.123,0.123
2013-06-06 03:00:00,0.235,0.235,0.235,0.235,0.235,0.235,0.235,0.235,0.235,0.235,0.235,0.235,0.235,0.235,0.235,0.235,0.235
2013-06-06 04:00:00,0.778,0.778,0.778,0.778,0.778,0.778,0.778,0.778,0.778,0.778,0.778,0.778,0.778,0.778,0.778,0.778,0.778
2013-06-06 05:00:00,1.473,1.473,1.473,1.473,1.473,1.473,1.473,1.473,1.473,1.473,1.473,1.473,1.473,1.473,1.473,1.473,1.473
2013-06-06 06:00:00,2.016,2.016,2.016,2.016,2.016,2.016,2.016,2.016,2.016,2.016,2.016,2.016,2.016,2.016,2.016,2.016,2.016
2013-06-06 07:00:00,1.831,1.831,1.831,1.831,1.831,1.831,1.831,1.831,1.831,1.831,1.831,1.831,1.831,1.831,1.831,1.831,1.831
2013-06-06 08:00:00,1.524,1.524,1.524,1.524,1.524,1.524,1.524,1.524,1.524,1.524,1.524,1.524,1.524,1.524,1.524,1.524,1.524
2013-06-06 09:00:00,1.473,1.473,1.473,1.473,1.473,1.473,1.473,1.473,1.473,1.473,1.473,1.473,1.473,1.473,1.473,1.473,1.473
2013-06-06 10:00:00,1.514,1.514,1.514,1.514,1.514,1.514,1.514,1.514,1.514,1.514,1.514,1.514,1.514,1.514,1.514,1.514,1.514
2013-06-06 11:00:00,1.565,1.565,1.565,1.565,1.565,1.565,1.565,1.565,1.565,1.565,1.565,1.565,1.565,1.565,1.565,1.565,1.565
2013-06-06 12:00:00,1.74,1.74,1.74,1.74,1.74,1.74,1.74,1.74,1.74,1.74,1.74,1.74,1.74,1.74,1.74,1.74,1.74
2013-06-06 13:00:00,2.129,2.129,2.129,2.129,2.129,2.129,2.129,2.129,2.129,2.129,2.129,2.129,2.129,2.129,2.129,2.129,2.129
2013-06-06 14:00:00,2.435,2.435,2.435,2.435,2.435,2.435,2.435,2.435,2.435,2.435,2.435,2.435,2.435,2.435,2.435,2.435,2.435
2013-06-06 15:00:00,2.446,2.446,2.446,2.446,2.446,2.446,2.446,2.446,2.446,2.446,2.446,2.446,2.446,2.446,2.446,2.446,2.446
2013-06-06 16:00:00,1.965,1.965,1.965,1.965,1.965,1.965,1.965,1.965,1.965,1.965,1.965,1.965,1.965,1.965,1.965,1.965,1.965
2013-06-06 17:00:00,1.524,1.524,1.524,1.524,1.524,1.524,1.524,1.524,1.524,1.524,1.524,1.524,1.524,1.524,1.524,1.524,1.524
2013-06-06 18:00:00,1.187,1.187,1.187,1.187,1.187,1.187,1.187,1.187,1.187,1.187,1.187,1.187,1.187,1.187,1.187,1.187,1.187
2013-06-06 19:00:00,0.911,0.911,0.911,0.911,0.911,0.911,0.911,0.911,0.911,0.911,0.911,0.911,0.911,0.911,0.911,0.911,0.911
2013-06-06 20:00:00,0.696,0.696,0.696,0.696,0.696,0.696,0.696,0.696,0.696,0.696,0.696,0.696,0.696,0.696,0.696,0.696,0.696
2013-06-06 21:00:00,0.491,0.491,0.491,0.491,0.491,0.491,0.491,0.491,0.491,0.491,0.491,0.491,0.491,0.491,0.491,0.491,0.491
2013-06-06 22:00:00,0.255,0.255,0.255,0.255,0.255,0.255,0.255,0.255,0.255,0.255,0.255,0.255,0.255,0.255,0.255,0.255,0.255
2013-06-06 23:00:00,0.154,0.154,0.154,0.154,0.154,0.154,0.154,0.154,0.154,0.154,0.154,0.154,0.154,0.154,0.154,0.154,0.154
2013-06-07 00:00:00,0.113,0.113,0.113,0.113,0.113,0.113,0.113,0.113,0.113,0.113,0.113,0.113,0.113,0.113,0.113,0.113,0.113
2013-06-07 01:00:00,0.113,0.113,0.113,0.113,0.113,0.113,0.113,0.113,0.113,0.113,0.113,0.113,0.113,0.113,0.113,0.113,0.113
2013-06-07 02:00:00,0.133,0.133,0.133,0.133,0.133,0.133,0.133,0.133,0.133,0.133,0.133,0.133,0.133,0.133,0.133,0.133,0.133
2013-06-07 03:00:00,0.245,0.245,0.245,0.245,0.245,0.245,0.245,0.245,0.245,0.245,0.245,0.245,0.245,0.245,0.245,0.245,0.245
2013-06-07 04:00:00,0.829,0.829,0.829,0.829,0.829,0.829,0.829,0.829,0.829,0.829,0.829,0.829,0.829,0.829,0.829,0.829,0.829
2013-06-07 05:00:00,1.576,1.576,1.576,1.576,1.576,1.576,1.576,1.576,1.576,1.576,1.576,1.576,1.576,1.576,1.576,1.576,1.576
2013-06-07 06:00:00,2.159,2.159,2.159,2.159,2.159,2.159,2.159,2.159,2.159,2.159,2.159,2.159,2.159,2.159,2.159,2.159,2.159
2013-06-07 07:00:00,1.954,1.954,1.954,1.954,1.954,1.954,1.954,1.954,1.954,1.954,1.954,1.954,1.954,1.954,1.954,1.954,1.954
2013-06-07 08:00:00,1.627,1.627,1.627,1.627,1.627,1.627,1.627,1.627,1.627,1.627,1.627,1.627,1.627,1.627,1.627,1.627,1.627
2013-06-07 09:00:00,1.576,1.576,1.576,1.576,1.576,1.576,1.576,1.576,1.576,1.576,1.576,1.576,1.576,1.576,1.576,1.576,1.576
2013-06-07 10:00:00,1.617,1.617,1.617,1.617,1.617,1.617,1.617,1.617,1.617,1.617,1.617,1.617,1.617,1.617,1.617,1.617,1.617
2013-06-07 11:00:00,1.678,1.678,1.678,1.678,1.678,1.678,1.678,1.678,1.678,1.678,1.678,1.678,1.678,1.678,1.678,1.678,1.678
2013-06-07 12:00:00,1.862,1.862,1.862,1.862,1.862,1.862,1.862,1.862,1.862,1.862,1.862,1.862,1.862,1.862,1.862,1.862,1.862
2013-06-07 13:00:00,2.271,2.271,2.271,2.271,2.271,2.271,2.271,2.271,2.271,2.271,2.271,2.271,2.271,2.271,2.271,2.271,2.271
2013-06-07 14:00:00,2.6,2.6,2.6,2.6,2.6,2.6,2.6,2.6,2.6,2.6,2.6,2.6,2.6,2.6,2.6,2.6,2.6
2013-06-07 15:00:00,2.609,2.609,2.609,2.609,2.609,2.609,2.609,2.609,2.609,2.609,2.609,2.609,2.609,2.609,2.609,2.609,2.609
2013-06-07 16:00:00,2.098,2.098,2.098,2.098,2.098,2.098,2.098,2.098,2.098,2.098,2.098,2.098,2.098,2.098,2.098,2.098,2.098
2013-06-07 17:00:00,1.627,1.627,1.627,1.627,1.627,1.627,1.627,1.627,1.627,1.627,1.627,1.627,1.627,1.627,1.627,1.627,1.627
2013-06-07 18:00:00,1.269,1.269,1.269,1.269,1.269,1.269,1.269,1.269,1.269,1.269,1.269,1.269,1.269,1.269,1.269,1.269,1.269
2013-06-07 19:00:00,0.973,0.973,0.973,0.973,0.973,0.973,0.973,0.973,0.973,0.973,0.973,0.973,0.973,0.973,0.973,0.973,0.973
2013-06-07 20:00:00,0.747,0.747,0.747,0.747,0.747,0.747,0.747,0.747,0.747,0.747,0.747,0.747,0.747,0.747,0.747,0.747,0.747
2013-06-07 21:00:00,0.532,0.532,0.532,0.532,0.532,0.532,0.532,0.532,0.532,0.532,0.532,0.532,0.532,0.532,0.532,0.532,0.532
2013-06-07 22:00:00,0.276,0.276,0.276,0.276,0.276,0.276,0.276,0.276,0.276,0.276,0.276,0.276,0.276,0.276,0.276,0.276,0.276
2013-06-07 23:00:00,0.286,0.286,0.286,0.286,0.286,0.286,0.286,0.286,0.286,0.286,0.286,0.286,0.286,0.286,0.286,0.286,0.286
2013-06-08 00:00:00,0.225,0.225,0.225,0.225,0.225,0.225,0.225,0.225,0.225,0.225,0.225,0.225,0.225,0.225,0.225,0.225,0.225
2013-06-08 01:00:00,0.195,0.195,0.195,0.195,0.195,0.195,0.195,0.195,0.195,0.195,0.195,0.195,0.195,0.195,0.195,0.195,0.195
2013-06-08 02:00:00,0.185,0.185,0.185,0.185,0.185,0.185,0.185,0.185,0.185,0.185,0.185,0.185,0.185,0.185,0.185,0.185,0.185
2013-06-08 03:00:00,0.235,0.235,0.235,0.235,0.235,0.235,0.235,0.235,0.235,0.235,0.235,0.235,0.235,0.235,0.235,0.235,0.235
2013-06-08 04:00:00,0.409,0.409,0.409,0.409,0.409,0.409,0.409,0.409,0.409,0.409,0.409,0.409,0.409,0.409,0.409,0.409,0.409
2013-06-08 05:00:00,0.584,0.584,0.584,0.584,0.584,0.584,0.584,0.584,0.584,0.584,0.584,0.584,0.584,0.584,0.584,0.584,0.584
2013-06-08 06:00:00,0.747,0.747,0.747,0.747,0.747,0.747,0.747,0.747,0.747,0.747,0.747,0.747,0.747,0.747,0.747,0.747,0.747
2013-06-08 07:00:00,1.013,1.013,1.013,1.013,1.013,1.013,1.013,1.013,1.013,1.013,1.013,1.013,1.013,1.013,1.013,1.013,1.013
2013-06-08 08:00:00,1.279,1.279,1.279,1.279,1.279,1.279,1.279,1.279,1.279,1.279,1.279,1.279,1.279,1.279,1.279,1.279,1.279
2013-06-08 09:00:00,1.617,1.617,1.617,1.617,1.617,1.617,1.617,1.617,1.617,1.617,1.617,1.617,1.617,1.617,1.617,1.617,1.617
2013-06-08 10:00:00,1.76,1.76,1.76,1.76,1.76,1.76,1.76,1.76,1.76,1.76,1.76,1.76,1.76,1.76,1.76,1.76,1.76
2013-06-08 11:00:00,1.841,1.841,1.841,1.841,1.841,1.841,1.841,1.841,1.841,1.841,1.841,1.841,1.841,1.841,1.841,1.841,1.841
2013-06-08 12:00:00,1.862,1.862,1.862,1.862,1.862,1.862,1.862,1.862,1.862,1.862,1.862,1.862,1.862,1.862,1.862,1.862,1.862
2013-06-08 13:00:00,1.831,1.831,1.831,1.831,1.831,1.831,1.831,1.831,1.831,1.831,1.831,1.831,1.831,1.831,1.831,1.831,1.831
2013-06-08 14:00:00,1.73,1.73,1.73,1.73,1.73,1.73,1.73,1.73,1.73,1.73,1.73,1.73,1.73,1.73,1.73,1.73,1.73
2013-06-08 15:00:00,1.596,1.596,1.596,1.596,1.596,1.596,1.596,1.596,1.596,1.596,1.596,1.596,1.596,1.596,1.596,1.596,1.596
2013-06-08 16:00:00,1.463,1.463,1.463,1.463,1.463,1.463,1.463,1.463,1.463,1.463,1.463,1.463,1.463,1.463,1.463,1.463,1.463
2013-06-08 17:00:00,1.3,1.3,1.3,1.3,1.3,1.3,1.3,1.3,1.3,1.3,1.3,1.3,1.3,1.3,1.3,1.3,1.3
2013-06-08 18:00:00,1.136,1.136,1.136,1.136,1.136,1.136,1.136,1.136,1.136,1.136,1.136,1.136,1.136,1.136,1.136,1.136,1.136
2013-06-08 19:00:00,0.932,0.932,0.932,0.932,0.932,0.932,0.932,0.932,0.932,0.932,0.932,0.932,0.932,0.932,0.932,0.932,0.932
2013-06-08 20:00:00,0.716,0.716,0.716,0.716,0.716,0.716,0.716,0.716,0.716,0.716,0.716,0.716,0.716,0.716,0.716,0.716,0.716
2013-06-08 21:00:00,0.512,0.512,0.512,0.512,0.512,0.512,0.512,0.512,0.512,0.512,0.512,0.512,0.512,0.512,0.512,0.512,0.512
2013-06-08 22:00:00,0.338,0.338,0.338,0.338,0.338,0.338,0.338,0.338,0.338,0.338,0.338,0.338,0.338,0.338,0.338,0.338,0.338
2013-06-08 23:00:00,0.266,0.266,0.266,0.266,0.266,0.266,0.266,0.266,0.266,0.266,0.266,0.266,0.266,0.266,0.266,0.266,0.266
2013-06-09 00:00:00,0.214,0.214,0.214,0.214,0.214,0.214,0.214,0.214,0.214,0.214,0.214,0.214,0.214,0.214,0.214,0.214,0.214
2013-06-09 01:00:00,0.174,0.174,0.174,0.174,0.174,0.174,0.174,0.174,0.174,0.174,0.174,0.174,0.174,0.174,0.174,0.174,0.174
2013-06-09 02:00:00,0.144,0.144,0.144,0.144,0.144,0.144,0.144,0.144,0.144,0.144,0.144,0.144,0.144,0.144,0.144,0.144,0.144
2013-06-09 03:00:00,0.144,0.144,0.144,0.144,0.144,0.144,0.144,0.144,0.144,0.144,0.144,0.144,0.144,0.144,0.144,0.144,0.144
2013-06-09 04:00:00,0.255,0.255,0.255,0.255,0.255,0.255,0.255,0.255,0.255,0.255,0.255,0.255,0.255,0.255,0.255,0.255,0.255
2013-06-09 05:00:00,0.348,0.348,0.348,0.348,0.348,0.348,0.348,0.348,0.348,0.348,0.348,0.348,0.348,0.348,0.348,0.348,0.348
2013-06-09 06:00:00,0.471,0.471,0.471,0.471,0.471,0.471,0.471,0.471,0.471,0.471,0.471,0.471,0.471,0.471,0.471,0.471,0.471
2013-06-09 07:00:00,0.634,0.634,0.634,0.634,0.634,0.634,0.634,0.634,0.634,0.634,0.634,0.634,0.634,0.634,0.634,0.634,0.634
2013-06-09 08:00:00,0.901,0.901,0.901,0.901,0.901,0.901,0.901,0.901,0.901,0.901,0.901,0.901,0.901,0.901,0.901,0.901,0.901
2013-06-09 09:00:00,1.187,1.187,1.187,1.187,1.187,1.187,1.187,1.187,1.187,1.187,1.187,1.187,1.187,1.187,1.187,1.187,1.187
2013-06-09 10:00:00,1.432,1.432,1.432,1.432,1.432,1.432,1.432,1.432,1.432,1.432,1.432,1.432,1.432,1.432,1.432,1.432,1.432
2013-06-09 11:00:00,1.586,1.586,1.586,1.586,1.586,1.586,1.586,1.586,1.586,1.586,1.586,1.586,1.586,1.586,1.586,1.586,1.586
2013-06-09 12:00:00,1.678,1.678,1.678,1.678,1.678,1.678,1.678,1.678,1.678,1.678,1.678,1.678,1.678,1.678,1.678,1.678,1.678
2013-06-09 13:00:00,1.771,1.771,1.771,1.771,1.771,1.771,1.771,1.771,1.771,1.771,1.771,1.771,1.771,1.771,1.771,1.771,1.771
2013-06-09 14:00:00,1.791,1.791,1.791,1.791,1.791,1.791,1.791,1.791,1.791,1.791,1.791,1.791,1.791,1.791,1.791,1.791,1.791
2013-06-09 15:00:00,1.811,1.811,1.811,1.811,1.811,1.811,1.811,1.811,1.811,1.811,1.811,1.811,1.811,1.811,1.811,1.811,1.811
2013-06-09 16:00:00,1.771,1.771,1.771,1.771,1.771,1.771,1.771,1.771,1.771,1.771,1.771,1.771,1.771,1.771,1.771,1.771,1.771
2013-06-09 17:00:00,1.689,1.689,1.689,1.689,1.689,1.689,1.689,1.689,1.689,1.689,1.689,1.689,1.689,1.689,1.689,1.689,1.689
2013-06-09 18:00:00,1.494,1.494,1.494,1.494,1.494,1.494,1.494,1.494,1.494,1.494,1.494,1.494,1.494,1.494,1.494,1.494,1.494
2013-06-09 19:00:00,1.166,1.166,1.166,1.166,1.166,1.166,1.166,1.166,1.166,1.166,1.166,1.166,1.166,1.166,1.166,1.166,1.166
2013-06-09 20:00:00,0.819,0.819,0.819,0.819,0.819,0.819,0.819,0.819,0.819,0.819,0.819,0.819,0.819,0.819,0.819,0.819,0.819
2013-06-09 21:00:00,0.502,0.502,0.502,0.502,0.502,0.502,0.502,0.502,0.502,0.502,0.502,0.502,0.502,0.502,0.502,0.502,0.502
2013-06-09 22:00:00,0.286,0.286,0.286,0.286,0.286,0.286,0.286,0.286,0.286,0.286,0.286,0.286,0.286,0.286,0.286,0.286,0.286
2013-06-09 23:00:00,0.133,0.133,0.133,0.133,0.133,0.133,0.133,0.133,0.133,0.133,0.133,0.133,0.133,0.133,0.133,0.133,0.133
2013-06-10 00:00:00,0.103,0.103,0.103,0.103,0.103,0.103,0.103,0.103,0.103,0.103,0.103,0.103,0.103,0.103,0.103,0.103,0.103
2013-06-10 01:00:00,0.103,0.103,0.103,0.103,0.103,0.103,0.103,0.103,0.103,0.103,0.103,0.103,0.103,0.103,0.103,0.103,0.103
2013-06-10 02:00:00,0.123,0.123,0.123,0.123,0.123,0.123,0.123,0.123,0.123,0.123,0.123,0.123,0.123,0.123,0.123,0.123,0.123
2013-06-10 03:00:00,0.225,0.225,0.225,0.225,0.225,0.225,0.225,0.225,0.225,0.225,0.225,0.225,0.225,0.225,0.225,0.225,0.225
2013-06-10 04:00:00,0.757,0.757,0.757,0.757,0.757,0.757,0.757,0.757,0.757,0.757,0.757,0.757,0.757,0.757,0.757,0.757,0.757
2013-06-10 05:00:00,1.432,1.432,1.432,1.432,1.432,1.432,1.432,1.432,1.432,1.432,1.432,1.432,1.432,1.432,1.432,1.432,1.432
2013-06-10 06:00:00,1.965,1.965,1.965,1.965,1.965,1.965,1.965,1.965,1.965,1.965,1.965,1.965,1.965,1.965,1.965,1.965,1.965
2013-06-10 07:00:00,1.781,1.781,1.781,1.781,1.781,1.781,1.781,1.781,1.781,1.781,1.781,1.781,1.781,1.781,1.781,1.781,1.781
2013-06-10 08:00:00,1.483,1.483,1.483,1.483,1.483,1.483,1.483,1.483,1.483,1.483,1.483,1.483,1.483,1.483,1.483,1.483,1.483
2013-06-10 09:00:00,1.432,1.432,1.432,1.432,1.432,1.432,1.432,1.432,1.432,1.432,1.432,1.432,1.432,1.432,1.432,1.432,1.432
2013-06-10 10:00:00,1.473,1.473,1.473,1.473,1.473,1.473,1.473,1.473,1.473,1.473,1.473,1.473,1.473,1.473,1.473,1.473,1.473
2013-06-10 11:00:00,1.524,1.524,1.524,1.524,1.524,1.524,1.524,1.524,1.524,1.524,1.524,1.524,1.524,1.524,1.524,1.524,1.524
2013-06-10 12:00:00,1.689,1.689,1.689,1.689,1.689,1.689,1.689,1.689,1.689,1.689,1.689,1.689,1.689,1.689,1.689,1.689,1.689
2013-06-10 13:00:00,2.067,2.067,2.067,2.067,2.067,2.067,2.067,2.067,2.067,2.067,2.067,2.067,2.067,2.067,2.067,2.067,2.067
2013-06-10 14:00:00,2.374,2.374,2.374,2.374,2.374,2.374,2.374,2.374,2.374,2.374,2.374,2.374,2.374,2.374,2.374,2.374,2.374
2013-06-10 15:00:00,2.374,2.374,2.374,2.374,2.374,2.374,2.374,2.374,2.374,2.374,2.374,2.374,2.374,2.374,2.374,2.374,2.374
2013-06-10 16:00:00,1.903,1.903,1.903,1.903,1.903,1.903,1.903,1.903,1.903,1.903,1.903,1.903,1.903,1.903,1.903,1.903,1.903
2013-06-10 17:00:00,1.473,1.473,1.473,1.473,1.473,1.473,1.473,1.473,1.473,1.473,1.473,1.473,1.473,1.473,1.473,1.473,1.473
2013-06-10 18:00:00,1.156,1.156,1.156,1.156,1.156,1.156,1.156,1.156,1.156,1.156,1.156,1.156,1.156,1.156,1.156,1.156,1.156
2013-06-10 19:00:00,0.89,0.89,0.89,0.89,0.89,0.89,0.89,0.89,0.89,0.89,0.89,0.89,0.89,0.89,0.89,0.89,0.89
2013-06-10 20:00:00,0.675,0.675,0.675,0.675,0.675,0.675,0.675,0.675,0.675,0.675,0.675,0.675,0.675,0.675,0.675,0.675,0.675
2013-06-10 21:00:00,0.481,0.481,0.481,0.481,0.481,0.481,0.481,0.481,0.481,0.481,0.481,0.481,0.481,0.481,0.481,0.481,0.481
2013-06-10 22:00:00,0.245,0.245,0.245,0.245,0.245,0.245,0.245,0.245,0.245,0.245,0.245,0.245,0.245,0.245,0.245,0.245,0.245
2013-06-10 23:00:00,0.133,0.133,0.133,0.133,0.133,0.133,0.133,0.133,0.133,0.133,0.133,0.133,0.133,0.133,0.133,0.133,0.133
2013-06-11 00:00:00,0.103,0.103,0.103,0.103,0.103,0.103,0.103,0.103,0.103,0.103,0.103,0.103,0.103,0.103,0.103,0.103,0.103
2013-06-11 01:00:00,0.103,0.103,0.103,0.103,0.103,0.103,0.103,0.103,0.103,0.103,0.103,0.103,0.103,0.103,0.103,0.103,0.103
2013-06-11 02:00:00,0.113,0.113,0.113,0.113,0.113,0.113,0.113,0.113,0.113,0.113,0.113,0.113,0.113,0.113,0.113,0.113,0.113
2013-06-11 03:00:00,0.214,0.214,0.214,0.214,0.214,0.214,0.214,0.214,0.214,0.214,0.214,0.214,0.214,0.214,0.214,0.214,0.214
2013-06-11 04:00:00,0.737,0.737,0.737,0.737,0.737,0.737,0.737,0.737,0.737,0.737,0.737,0.737,0.737,0.737,0.737,0.737,0.737
2013-06-11 05:00:00,1.392,1.392,1.392,1.392,1.392,1.392,1.392,1.392,1.392,1.392,1.392,1.392,1.392,1.392,1.392,1.392,1.392
2013-06-11 06:00:00,1.903,1.903,1.903,1.903,1.903,1.903,1.903,1.903,1.903,1.903,1.903,1.903,1.903,1.903,1.903,1.903,1.903
2013-06-11 07:00:00,1.73,1.73,1.73,1.73,1.73,1.73,1.73,1.73,1.73,1.73,1.73,1.73,1.73,1.73,1.73,1.73,1.73
2013-06-11 08:00:00,1.442,1.442,1.442,1.442,1.442,1.442,1.442,1.442,1.442,1.442,1.442,1.442,1.442,1.442,1.442,1.442,1.442
2013-06-11 09:00:00,1.392,1.392,1.392,1.392,1.392,1.392,1.392,1.392,1.392,1.392,1.392,1.392,1.392,1.392,1.392,1.392,1.392
2013-06-11 10:00:00,1.422,1.422,1.422,1.422,1.422,1.422,1.422,1.422,1.422,1.422,1.422,1.422,1.422,1.422,1.422,1.422,1.422
2013-06-11 11:00:00,1.483,1.483,1.483,1.483,1.483,1.483,1.483,1.483,1.483,1.483,1.483,1.483,1.483,1.483,1.483,1.483,1.483
2013-06-11 12:00:00,1.648,1.648,1.648,1.648,1.648,1.648,1.648,1.648,1.648,1.648,1.648,1.648,1.648,1.648,1.648,1.648,1.648
2013-06-11 13:00:00,2.006,2.006,2.006,2.006,2.006,2.006,2.006,2.006,2.006,2.006,2.006,2.006,2.006,2.006,2.006,2.006,2.006
2013-06-11 14:00:00,2.302,2.302,2.302,2.302,2.302,2.302,2.302,2.302,2.302,2.302,2.302,2.302,2.302,2.302,2.302,2.302,2.302
2013-06-11 15:00:00,2.302,2.302,2.302,2.302,2.302,2.302,2.302,2.302,2.302,2.302,2.302,2.302,2.302,2.302,2.302,2.302,2.302
2013-06-11 16:00:00,1.852,1.852,1.852,1.852,1.852,1.852,1.852,1.852,1.852,1.852,1.852,1.852,1.852,1.852,1.852,1.852,1.852
2013-06-11 17:00:00,1.432,1.432,1.432,1.432,1.432,1.432,1.432,1.432,1.432,1.432,1.432,1.432,1.432,1.432,1.432,1.432,1.432
2013-06-11 18:00:00,1.125,1.125,1.125,1.125,1.125,1.125,1.125,1.125,1.125,1.125,1.125,1.125,1.125,1.125,1.125,1.125,1.125
2013-06-11 19:00:00,0.86,0.86,0.86,0.86,0.86,0.86,0.86,0.86,0.86,0.86,0.86,0.86,0.86,0.86,0.86,0.86,0.86
2013-06-11 20:00:00,0.655,0.655,0.655,0.655,0.655,0.655,0.655,0.655,0.655,0.655,0.655,0.655,0.655,0.655,0.655,0.655,0.655
2013-06-11 21:00:00,0.471,0.471,0.471,0.471,0.471,0.471,0.471,0.471,0.471,0.471,0.471,0.471,0.471,0.471,0.471,0.471,0.471
2013-06-11 22:00:00,0.245,0.245,0.245,0.245,0.245,0.245,0.245,0.245,0.245,0.245,0.245,0.245,0.245,0.245,0.245,0.245,0.245
2013-06-11 23:00:00,0.133,0.133,0.133,0.133,0.133,0.133,0.133,0.133,0.133,0.133,0.133,0.133,0.133,0.133,0.133,0.133,0.133
2013-07-30 00:00:00,0.113,0.113,0.113,0.113,0.113,0.113,0.113,0.113,0.113,0.113,0.113,0.113,0.113,0.113,0.113,0.113,0.113
2013-07-30 01:00:00,0.103,0.103,0.103,0.103,0.103,0.103,0.103,0.103,0.103,0.103,0.103,0.103,0.103,0.103,0.103,0.103,0.103
2013-07-30 02:00:00,0.123,0.123,0.123,0.123,0.123,0.123,0.123,0.123,0.123,0.123,0.123,0.123,0.123,0.123,0.123,0.123,0.123
2013-07-30 03:00:00,0.235,0.235,0.235,0.235,0.235,0.235,0.235,0.235,0.235,0.235,0.235,0.235,0.235,0.235,0.235,0.235,0.235
2013-07-30 04:00:00,0.788,0.788,0.788,0.788,0.788,0.788,0.788,0.788,0.788,0.788,0.788,0.788,0.788,0.788,0.788,0.788,0.788
2013-07-30 05:00:00,1.494,1.494,1.494,1.494,1.494,1.494,1.494,1.494,1.494,1.494,1.494,1.494,1.494,1.494,1.494,1.494,1.494
2013-07-30 06:00:00,2.047,2.047,2.047,2.047,2.047,2.047,2.047,2.047,2.047,2.047,2.047,2.047,2.047,2.047,2.047,2.047,2.047
2013-07-30 07:00:00,1.862,1.862,1.862,1.862,1.862,1.862,1.862,1.862,1.862,1.862,1.862,1.862,1.862,1.862,1.862,1.862,1.862
2013-07-30 08:00:00,1.545,1.545,1.545,1.545,1.545,1.545,1.545,1.545,1.545,1.545,1.545,1.545,1.545,1.545,1.545,1.545,1.545
2013-07-30 09:00:00,1.494,1.494,1.494,1.494,1.494,1.494,1.494,1.494,1.494,1.494,1.494,1.494,1.494,1.494,1.494,1.494,1.494
2013-07-30 10:00:00,1.535,1.535,1.535,1.535,1.535,1.535,1.535,1.535,1.535,1.535,1.535,1.535,1.535,1.535,1.535,1.535,1.535
2013-07-30 11:00:00,1.586,1.586,1.586,1.586,1.586,1.586,1.586,1.586,1.586,1.586,1.586,1.586,1.586,1.586,1.586,1.586,1.586
2013-07-30 12:00:00,1.76,1.76,1.76,1.76,1.76,1.76,1.76,1.76,1.76,1.76,1.76,1.76,1.76,1.76,1.76,1.76,1.76
2013-07-30 13:00:00,2.159,2.159,2.159,2.159,2.159,2.159,2.159,2.159,2.159,2.159,2.159,2.159,2.159,2.159,2.159,2.159,2.159
2013-07-30 14:00:00,2.466,2.466,2.466,2.466,2.466,2.466,2.466,2.466,2.466,2.466,2.466,2.466,2.466,2.466,2.466,2.466,2.466
2013-07-30 15:00:00,2.476,2.476,2.476,2.476,2.476,2.476,2.476,2.476,2.476,2.476,2.476,2.476,2.476,2.476,2.476,2.476,2.476
2013-07-30 16:00:00,1.985,1.985,1.985,1.985,1.985,1.985,1.985,1.985,1.985,1.985,1.985,1.985,1.985,1.985,1.985,1.985,1.985
2013-07-30 17:00:00,1.545,1.545,1.545,1.545,1.545,1.545,1.545,1.545,1.545,1.545,1.545,1.545,1.545,1.545,1.545,1.545,1.545
2013-07-30 18:00:00,1.207,1.207,1.207,1.207,1.207,1.207,1.207,1.207,1.207,1.207,1.207,1.207,1.207,1.207,1.207,1.207,1.207
2013-07-30 19:00:00,0.932,0.932,0.932,0.932,0.932,0.932,0.932,0.932,0.932,0.932,0.932,0.932,0.932,0.932,0.932,0.932,0.932
2013-07-30 20:00:00,0.706,0.706,0.706,0.706,0.706,0.706,0.706,0.706,0.706,0.706,0.706,0.706,0.706,0.706,0.706,0.706,0.706
2013-07-30 21:00:00,0.502,0.502,0.502,0.502,0.502,0.502,0.502,0.502,0.502,0.502,0.502,0.502,0.502,0.502,0.502,0.502,0.502
2013-07-30 22:00:00,0.255,0.255,0.255,0.255,0.255,0.255,0.255,0.255,0.255,0.255,0.255,0.255,0.255,0.255,0.255,0.255,0.255
2013-07-30 23:00:00,0.144,0.144,0.144,0.144,0.144,0.144,0.144,0.144,0.144,0.144,0.144,0.144,0.144,0.144,0.144,0.144,0.144
2013-07-31 00:00:00,0.113,0.113,0.113,0.113,0.113,0.113,0.113,0.113,0.113,0.113,0.113,0.113,0.113,0.113,0.113,0.113,0.113
2013-07-31 01:00:00,0.113,0.113,0.113,0.113,0.113,0.113,0.113,0.113,0.113,0.113,0.113,0.113,0.113,0.113,0.113,0.113,0.113
2013-07-31 02:00:00,0.123,0.123,0.123,0.123,0.123,0.123,0.123,0.123,0.123,0.123,0.123,0.123,0.123,0.123,0.123,0.123,0.123
2013-07-31 03:00:00,0.245,0.245,0.245,0.245,0.245,0.245,0.245,0.245,0.245,0.245,0.245,0.245,0.245,0.245,0.245,0.245,0.245
2013-07-31 04:00:00,0.808,0.808,0.808,0.808,0.808,0.808,0.808,0.808,0.808,0.808,0.808,0.808,0.808,0.808,0.808,0.808,0.808
2013-07-31 05:00:00,1.535,1.535,1.535,1.535,1.535,1.535,1.535,1.535,1.535,1.535,1.535,1.535,1.535,1.535,1.535,1.535,1.535
2013-07-31 06:00:00,2.098,2.098,2.098,2.098,2.098,2.098,2.098,2.098,2.098,2.098,2.098,2.098,2.098,2.098,2.098,2.098,2.098
2013-07-31 07:00:00,1.903,1.903,1.903,1.903,1.903,1.903,1.903,1.903,1.903,1.903,1.903,1.903,1.903,1.903,1.903,1.903,1.903
2013-07-31 08:00:00,1.586,1.586,1.586,1.586,1.586,1.586,1.586,1.586,1.586,1.586,1.586,1.586,1.586,1.586,1.586,1.586,1.586
2013-07-31 09:00:00,1.535,1.535,1.535,1.535,1.535,1.535,1.535,1.535,1.535,1.535,1.535,1.535,1.535,1.535,1.535,1.535,1.535
2013-07-31 10:00:00,1.565,1.565,1.565,1.565,1.565,1.565,1.565,1.565,1.565,1.565,1.565,1.565,1.565,1.565,1.565,1.565,1.565
2013-07-31 11:00:00,1.627,1.627,1.627,1.627,1.627,1.627,1.627,1.627,1.627,1.627,1.627,1.627,1.627,1.627,1.627,1.627,1.627
2013-07-31 12:00:00,1.811,1.811,1.811,1.811,1.811,1.811,1.811,1.811,1.811,1.811,1.811,1.811,1.811,1.811,1.811,1.811,1.811
2013-07-31 13:00:00,2.21,2.21,2.21,2.21,2.21,2.21,2.21,2.21,2.21,2.21,2.21,2.21,2.21,2.21,2.21,2.21,2.21
2013-07-31 14:00:00,2.528,2.528,2.528,2.528,2.528,2.528,2.528,2.528,2.528,2.528,2.528,2.528,2.528,2.528,2.528,2.528,2.528
2013-07-31 15:00:00,2.538,2.538,2.538,2.538,2.538,2.538,2.538,2.538,2.538,2.538,2.538,2.538,2.538,2.538,2.538,2.538,2.538
2013-07-31 16:00:00,2.036,2.036,2.036,2.036,2.036,2.036,2.036,2.036,2.036,2.036,2.036,2.036,2.036,2.036,2.036,2.036,2.036
2013-07-31 17:00:00,1.576,1.576,1.576,1.576,1.576,1.576,1.576,1.576,1.576,1.576,1.576,1.576,1.576,1.576,1.576,1.576,1.576
2013-07-31 18:00:00,1.238,1.238,1.238,1.238,1.238,1.238,1.238,1.238,1.238,1.238,1.238,1.238,1.238,1.238,1.238,1.238,1.238
2013-07-31 19:00:00,0.952,0.952,0.952,0.952,0.952,0.952,0.952,0.952,0.952,0.952,0.952,0.952,0.952,0.952,0.952,0.952,0.952
2013-07-31 20:00:00,0.726,0.726,0.726,0.726,0.726,0.726,0.726,0.726,0.726,0.726,0.726,0.726,0.726,0.726,0.726,0.726,0.726
2013-07-31 21:00:00,0.512,0.512,0.512,0.512,0.512,0.512,0.512,0.512,0.512,0.512,0.512,0.512,0.512,0.512,0.512,0.512,0.512
2013-07-31 22:00:00,0.266,0.266,0.266,0.266,0.266,0.266,0.266,0.266,0.266,0.266,0.266,0.266,0.266,0.266,0.266,0.266,0.266
2013-07-31 23:00:00,0.154,0.154,0.154,0.154,0.154,0.154,0.154,0.154,0.154,0.154,0.154,0.154,0.154,0.154,0.154,0.154,0.154
2013-08-01 00:00:00,0.123,0.123,0.123,0.123,0.123,0.123,0.123,0.123,0.123,0.123,0.123,0.123,0.123,0.123,0.123,0.123,0.123
2013-08-01 01:00:00,0.113,0.113,0.113,0.113,0.113,0.113,0.113,0.113,0.113,0.113,0.113,0.113,0.113,0.113,0.113,0.113,0.113
2013-08-01 02:00:00,0.133,0.133,0.133,0.133,0.133,0.133,0.133,0.133,0.133,0.133,0.133,0.133,0.133,0.133,0.133,0.133,0.133
2013-08-01 03:00:00,0.255,0.255,0.255,0.255,0.255,0.255,0.255,0.255,0.255,0.255,0.255,0.255,0.255,0.255,0.255,0.255,0.255
2013-08-01 04:00:00,0.849,0.849,0.849,0.849,0.849,0.849,0.849,0.849,0.849,0.849,0.849,0.849,0.849,0.849,0.849,0.849,0.849
2013-08-01 05:00:00,1.617,1.617,1.617,1.617,1.617,1.617,1.617,1.617,1.617,1.617,1.617,1.617,1.617,1.617,1.617,1.617,1.617
2013-08-01 06:00:00,2.22,2.22,2.22,2.22,2.22,2.22,2.22,2.22,2.22,2.22,2.22,2.22,2.22,2.22,2.22,2.22,2.22
2013-08-01 07:00:00,2.016,2.016,2.016,2.016,2.016,2.016,2.016,2.016,2.016,2.016,2.016,2.016,2.016,2.016,2.016,2.016,2.016
2013-08-01 08:00:00,1.678,1.678,1.678,1.678,1.678,1.678,1.678,1.678,1.678,1.678,1.678,1.678,1.678,1.678,1.678,1.678,1.678
2013-08-01 09:00:00,1.617,1.617,1.617,1.617,1.617,1.617,1.617,1.617,1.617,1.617,1.617,1.617,1.617,1.617,1.617,1.617,1.617
2013-08-01 10:00:00,1.658,1.658,1.658,1.658,1.658,1.658,1.658,1.658,1.658,1.658,1.658,1.658,1.658,1.658,1.658,1.658,1.658
2013-08-01 11:00:00,1.719,1.719,1.719,1.719,1.719,1.719,1.719,1.719,1.719,1.719,1.719,1.719,1.719,1.719,1.719,1.719,1.719
2013-08-01 12:00:00,1.913,1.913,1.913,1.913,1.913,1.913,1.913,1.913,1.913,1.913,1.913,1.913,1.913,1.913,1.913,1.913,1.913
2013-08-01 13:00:00,2.343,2.343,2.343,2.343,2.343,2.343,2.343,2.343,2.343,2.343,2.343,2.343,2.343,2.343,2.343,2.343,2.343
2013-08-01 14:00:00,2.681,2.681,2.681,2.681,2.681,2.681,2.681,2.681,2.681,2.681,2.681,2.681,2.681,2.681,2.681,2.681,2.681
2013-08-01 15:00:00,2.681,2.681,2.681,2.681,2.681,2.681,2.681,2.681,2.681,2.681,2.681,2.681,2.681,2.681,2.681,2.681,2.681
2013-08-01 16:00:00,2.159,2.159,2.159,2.159,2.159,2.159,2.159,2.159,2.159,2.159,2.159,2.159,2.159,2.159,2.159,2.159,2.159
2013-08-01 17:00:00,1.668,1.668,1.668,1.668,1.668,1.668,1.668,1.668,1.668,1.668,1.668,1.668,1.668,1.668,1.668,1.668,1.668
2013-08-01 18:00:00,1.31,1.31,1.31,1.31,1.31,1.31,1.31,1.31,1.31,1.31,1.31,1.31,1.31,1.31,1.31,1.31,1.31
2013-08-01 19:00:00,1.002,1.002,1.002,1.002,1.002,1.002,1.002,1.002,1.002,1.002,1.002,1.002,1.002,1.002,1.002,1.002,1.002
2013-08-01 20:00:00,0.767,0.767,0.767,0.767,0.767,0.767,0.767,0.767,0.767,0.767,0.767,0.767,0.767,0.767,0.767,0.767,0.767
2013-08-01 21:00:00,0.543,0.543,0.543,0.543,0.543,0.543,0.543,0.543,0.543,0.543,0.543,0.543,0.543,0.543,0.543,0.543,0.543
2013-08-01 22:00:00,0.286,0.286,0.286,0.286,0.286,0.286,0.286,0.286,0.286,0.286,0.286,0.286,0.286,0.286,0.286,0.286,0.286
2013-08-01 23:00:00,0.164,0.164,0.164,0.164,0.164,0.164,0.164,0.164,0.164,0.164,0.164,0.164,0.164,0.164,0.164,0.164,0.164
2013-08-02 00:00:00,0.123,0.123,0.123,0.123,0.123,0.123,0.123,0.123,0.123,0.123,0.123,0.123,0.123,0.123,0.123,0.123,0.123
2013-08-02 01:00:00,0.123,0.123,0.123,0.123,0.123,0.123,0.123,0.123,0.123,0.123,0.123,0.123,0.123,0.123,0.123,0.123,0.123
2013-08-02 02:00:00,0.144,0.144,0.144,0.144,0.144,0.144,0.144,0.144,0.144,0.144,0.144,0.144,0.144,0.144,0.144,0.144,0.144
2013-08-02 03:00:00,0.276,0.276,0.276,0.276,0.276,0.276,0.276,0.276,0.276,0.276,0.276,0.276,0.276,0.276,0.276,0.276,0.276
2013-08-02 04:00:00,0.911,0.911,0.911,0.911,0.911,0.911,0.911,0.911,0.911,0.911,0.911,0.911,0.911,0.911,0.911,0.911,0.911
2013-08-02 05:00:00,1.73,1.73,1.73,1.73,1.73,1.73,1.73,1.73,1.73,1.73,1.73,1.73,1.73,1.73,1.73,1.73,1.73
2013-08-02 06:00:00,2.364,2.364,2.364,2.364,2.364,2.364,2.364,2.364,2.364,2.364,2.364,2.364,2.364,2.364,2.364,2.364,2.364
2013-08-02 07:00:00,2.149,2.149,2.149,2.149,2.149,2.149,2.149,2.149,2.149,2.149,2.149,2.149,2.149,2.149,2.149,2.149,2.149
2013-08-02 08:00:00,1.791,1.791,1.791,1.791,1.791,1.791,1.791,1.791,1.791,1.791,1.791,1.791,1.791,1.791,1.791,1.791,1.791
2013-08-02 09:00:00,1.73,1.73,1.73,1.73,1.73,1.73,1.73,1.73,1.73,1.73,1.73,1.73,1.73,1.73,1.73,1.73,1.73
2013-08-02 10:00:00,1.771,1.771,1.771,1.771,1.771,1.771,1.771,1.771,1.771,1.771,1.771,1.771,1.771,1.771,1.771,1.771,1.771
2013-08-02 11:00:00,1.841,1.841,1.841,1.841,1.841,1.841,1.841,1.841,1.841,1.841,1.841,1.841,1.841,1.841,1.841,1.841,1.841
2013-08-02 12:00:00,2.047,2.047,2.047,2.047,2.047,2.047,2.047,2.047,2.047,2.047,2.047,2.047,2.047,2.047,2.047,2.047,2.047
2013-08-02 13:00:00,2.497,2.497,2.497,2.497,2.497,2.497,2.497,2.497,2.497,2.497,2.497,2.497,2.497,2.497,2.497,2.497,2.497
2013-08-02 14:00:00,2.855,2.855,2.855,2.855,2.855,2.855,2.855,2.855,2.855,2.855,2.855,2.855,2.855,2.855,2.855,2.855,2.855
2013-08-02 15:00:00,2.865,2.865,2.865,2.865,2.865,2.865,2.865,2.865,2.865,2.865,2.865,2.865,2.865,2.865,2.865,2.865,2.865
2013-08-02 16:00:00,2.302,2.302,2.302,2.302,2.302,2.302,2.302,2.302,2.302,2.302,2.302,2.302,2.302,2.302,2.302,2.302,2.302
2013-08-02 17:00:00,1.781,1.781,1.781,1.781,1.781,1.781,1.781,1.781,1.781,1.781,1.781,1.781,1.781,1.781,1.781,1.781,1.781
2013-08-02 18:00:00,1.392,1.392,1.392,1.392,1.392,1.392,1.392,1.392,1.392,1.392,1.392,1.392,1.392,1.392,1.392,1.392,1.392
2013-08-02 19:00:00,1.074,1.074,1.074,1.074,1.074,1.074,1.074,1.074,1.074,1.074,1.074,1.074,1.074,1.074,1.074,1.074,1.074
2013-08-02 20:00:00,0.819,0.819,0.819,0.819,0.819,0.819,0.819,0.819,0.819,0.819,0.819,0.819,0.819,0.819,0.819,0.819,0.819
2013-08-02 21:00:00,0.584,0.584,0.584,0.584,0.584,0.584,0.584,0.584,0.584,0.584,0.584,0.584,0.584,0.584,0.584,0.584,0.584
2013-08-02 22:00:00,0.296,0.296,0.296,0.296,0.296,0.296,0.296,0.296,0.296,0.296,0.296,0.296,0.296,0.296,0.296,0.296,0.296
2013-08-02 23:00:00,0.317,0.317,0.317,0.317,0.317,0.317,0.317,0.317,0.317,0.317,0.317,0.317,0.317,0.317,0.317,0.317,0.317
2013-08-03 00:00:00,0.245,0.245,0.245,0.245,0.245,0.245,0.245,0.245,0.245,0.245,0.245,0.245,0.245,0.245,0.245,0.245,0.245
2013-08-03 01:00:00,0.214,0.214,0.214,0.214,0.214,0.214,0.214,0.214,0.214,0.214,0.214,0.214,0.214,0.214,0.214,0.214,0.214
2013-08-03 02:00:00,0.204,0.204,0.204,0.204,0.204,0.204,0.204,0.204,0.204,0.204,0.204,0.204,0.204,0.204,0.204,0.204,0.204
2013-08-03 03:00:00,0.255,0.255,0.255,0.255,0.255,0.255,0.255,0.255,0.255,0.255,0.255,0.255,0.255,0.255,0.255,0.255,0.255
2013-08-03 04:00:00,0.45,0.45,0.45,0.45,0.45,0.45,0.45,0.45,0.45,0.45,0.45,0.45,0.45,0.45,0.45,0.45,0.45
2013-08-03 05:00:00,0.644,0.644,0.644,0.644,0.644,0.644,0.644,0.644,0.644,0.644,0.644,0.644,0.644,0.644,0.644,0.644,0.644
2013-08-03 06:00:00,0.819,0.819,0.819,0.819,0.819,0.819,0.819,0.819,0.819,0.819,0.819,0.819,0.819,0.819,0.819,0.819,0.819
2013-08-03 07:00:00,1.105,1.105,1.105,1.105,1.105,1.105,1.105,1.105,1.105,1.105,1.105,1.105,1.105,1.105,1.105,1.105,1.105
2013-08-03 08:00:00,1.412,1.412,1.412,1.412,1.412,1.412,1.412,1.412,1.412,1.412,1.412,1.412,1.412,1.412,1.412,1.412,1.412
2013-08-03 09:00:00,1.781,1.781,1.781,1.781,1.781,1.781,1.781,1.781,1.781,1.781,1.781,1.781,1.781,1.781,1.781,1.781,1.781
2013-08-03 10:00:00,1.934,1.934,1.934,1.934,1.934,1.934,1.934,1.934,1.934,1.934,1.934,1.934,1.934,1.934,1.934,1.934,1.934
2013-08-03 11:00:00,2.026,2.026,2.026,2.026,2.026,2.026,2.026,2.026,2.026,2.026,2.026,2.026,2.026,2.026,2.026,2.026,2.026
2013-08-03 12:00:00,2.047,2.047,2.047,2.047,2.047,2.047,2.047,2.047,2.047,2.047,2.047,2.047,2.047,2.047,2.047,2.047,2.047
2013-08-03 13:00:00,2.006,2.006,2.006,2.006,2.006,2.006,2.006,2.006,2.006,2.006,2.006,2.006,2.006,2.006,2.006,2.006,2.006
2013-08-03 14:00:00,1.903,1.903,1.903,1.903,1.903,1.903,1.903,1.903,1.903,1.903,1.903,1.903,1.903,1.903,1.903,1.903,1.903
2013-08-03 15:00:00,1.75,1.75,1.75,1.75,1.75,1.75,1.75,1.75,1.75,1.75,1.75,1.75,1.75,1.75,1.75,1.75,1.75
2013-08-03 16:00:00,1.607,1.607,1.607,1.607,1.607,1.607,1.607,1.607,1.607,1.607,1.607,1.607,1.607,1.607,1.607,1.607,1.607
2013-08-03 17:00:00,1.432,1.432,1.432,1.432,1.432,1.432,1.432,1.432,1.432,1.432,1.432,1.432,1.432,1.432,1.432,1.432,1.432
2013-08-03 18:00:00,1.248,1.248,1.248,1.248,1.248,1.248,1.248,1.248,1.248,1.248,1.248,1.248,1.248,1.248,1.248,1.248,1.248
2013-08-03 19:00:00,1.023,1.023,1.023,1.023,1.023,1.023,1.023,1.023,1.023,1.023,1.023,1.023,1.023,1.023,1.023,1.023,1.023
2013-08-03 20:00:00,0.778,0.778,0.778,0.778,0.778,0.778,0.778,0.778,0.778,0.778,0.778,0.778,0.778,0.778,0.778,0.778,0.778
2013-08-03 21:00:00,0.563,0.563,0.563,0.563,0.563,0.563,0.563,0.563,0.563,0.563,0.563,0.563,0.563,0.563,0.563,0.563,0.563
2013-08-03 22:00:00,0.379,0.379,0.379,0.379,0.379,0.379,0.379,0.379,0.379,0.379,0.379,0.379,0.379,0.379,0.379,0.379,0.379
2013-08-03 23:00:00,0.286,0.286,0.286,0.286,0.286,0.286,0.286,0.286,0.286,0.286,0.286,0.286,0.286,0.286,0.286,0.286,0.286
2013-08-04 00:00:00,0.235,0.235,0.235,0.235,0.235,0.235,0.235,0.235,0.235,0.235,0.235,0.235,0.235,0.235,0.235,0.235,0.235
2013-08-04 01:00:00,0.195,0.195,0.195,0.195,0.195,0.195,0.195,0.195,0.195,0.195,0.195,0.195,0.195,0.195,0.195,0.195,0.195
2013-08-04 02:00:00,0.154,0.154,0.154,0.154,0.154,0.154,0.154,0.154,0.154,0.154,0.154,0.154,0.154,0.154,0.154,0.154,0.154
2013-08-04 03:00:00,0.164,0.164,0.164,0.164,0.164,0.164,0.164,0.164,0.164,0.164,0.164,0.164,0.164,0.164,0.164,0.164,0.164
2013-08-04 04:00:00,0.276,0.276,0.276,0.276,0.276,0.276,0.276,0.276,0.276,0.276,0.276,0.276,0.276,0.276,0.276,0.276,0.276
2013-08-04 05:00:00,0.389,0.389,0.389,0.389,0.389,0.389,0.389,0.389,0.389,0.389,0.389,0.389,0.389,0.389,0.389,0.389,0.389
2013-08-04 06:00:00,0.522,0.522,0.522,0.522,0.522,0.522,0.522,0.522,0.522,0.522,0.522,0.522,0.522,0.522,0.522,0.522,0.522
2013-08-04 07:00:00,0.696,0.696,0.696,0.696,0.696,0.696,0.696,0.696,0.696,0.696,0.696,0.696,0.696,0.696,0.696,0.696,0.696
2013-08-04 08:00:00,0.983,0.983,0.983,0.983,0.983,0.983,0.983,0.983,0.983,0.983,0.983,0.983,0.983,0.983,0.983,0.983,0.983
2013-08-04 09:00:00,1.31,1.31,1.31,1.31,1.31,1.31,1.31,1.31,1.31,1.31,1.31,1.31,1.31,1.31,1.31,1.31,1.31
2013-08-04 10:00:00,1.576,1.576,1.576,1.576,1.576,1.576,1.576,1.576,1.576,1.576,1.576,1.576,1.576,1.576,1.576,1.576,1.576
2013-08-04 11:00:00,1.75,1.75,1.75,1.75,1.75,1.75,1.75,1.75,1.75,1.75,1.75,1.75,1.75,1.75,1.75,1.75,1.75
2013-08-04 12:00:00,1.841,1.841,1.841,1.841,1.841,1.841,1.841,1.841,1.841,1.841,1.841,1.841,1.841,1.841,1.841,1.841,1.841
2013-08-04 13:00:00,1.944,1.944,1.944,1.944,1.944,1.944,1.944,1.944,1.944,1.944,1.944,1.944,1.944,1.944,1.944,1.944,1.944
2013-08-04 14:00:00,1.965,1.965,1.965,1.965,1.965,1.965,1.965,1.965,1.965,1.965,1.965,1.965,1.965,1.965,1.965,1.965,1.965
2013-08-04 15:00:00,1.985,1.985,1.985,1.985,1.985,1.985,1.985,1.985,1.985,1.985,1.985,1.985,1.985,1.985,1.985,1.985,1.985
2013-08-04 16:00:00,1.934,1.934,1.934,1.934,1.934,1.934,1.934,1.934,1.934,1.934,1.934,1.934,1.934,1.934,1.934,1.934,1.934
2013-08-04 17:00:00,1.862,1.862,1.862,1.862,1.862,1.862,1.862,1.862,1.862,1.862,1.862,1.862,1.862,1.862,1.862,1.862,1.862
2013-08-04 18:00:00,1.648,1.648,1.648,1.648,1.648,1.648,1.648,1.648,1.648,1.648,1.648,1.648,1.648,1.648,1.648,1.648,1.648
2013-08-04 19:00:00,1.279,1.279,1.279,1.279,1.279,1.279,1.279,1.279,1.279,1.279,1.279,1.279,1.279,1.279,1.279,1.279,1.279
2013-08-04 20:00:00,0.901,0.901,0.901,0.901,0.901,0.901,0.901,0.901,0.901,0.901,0.901,0.901,0.901,0.901,0.901,0.901,0.901
2013-08-04 21:00:00,0.553,0.553,0.553,0.553,0.553,0.553,0.553,0.553,0.553,0.553,0.553,0.553,0.553,0.553,0.553,0.553,0.553
2013-08-04 22:00:00,0.317,0.317,0.317,0.317,0.317,0.317,0.317,0.317,0.317,0.317,0.317,0.317,0.317,0.317,0.317,0.317,0.317
2013-08-04 23:00:00,0.154,0.154,0.154,0.154,0.154,0.154,0.154,0.154,0.154,0.154,0.154,0.154,0.154,0.154,0.154,0.154,0.154
2013-08-05 00:00:00,0.113,0.113,0.113,0.113,0.113,0.113,0.113,0.113,0.113,0.113,0.113,0.113,0.113,0.113,0.113,0.113,0.113
2013-08-05 01:00:00,0.113,0.113,0.113,0.113,0.113,0.113,0.113,0.113,0.113,0.113,0.113,0.113,0.113,0.113,0.113,0.113,0.113
2013-08-05 02:00:00,0.133,0.133,0.133,0.133,0.133,0.133,0.133,0.133,0.133,0.133,0.133,0.133,0.133,0.133,0.133,0.133,0.133
2013-08-05 03:00:00,0.245,0.245,0.245,0.245,0.245,0.245,0.245,0.245,0.245,0.245,0.245,0.245,0.245,0.245,0.245,0.245,0.245
2013-08-05 04:00:00,0.829,0.829,0.829,0.829,0.829,0.829,0.829,0.829,0.829,0.829,0.829,0.829,0.829,0.829,0.829,0.829,0.829
2013-08-05 05:00:00,1.576,1.576,1.576,1.576,1.576,1.576,1.576,1.576,1.576,1.576,1.576,1.576,1.576,1.576,1.576,1.576,1.576
2013-08-05 06:00:00,2.159,2.159,2.159,2.159,2.159,2.159,2.159,2.159,2.159,2.159,2.159,2.159,2.159,2.159,2.159,2.159,2.159
2013-08-05 07:00:00,1.954,1.954,1.954,1.954,1.954,1.954,1.954,1.954,1.954,1.954,1.954,1.954,1.954,1.954,1.954,1.954,1.954
2013-08-05 08:00:00,1.627,1.627,1.627,1.627,1.627,1.627,1.627,1.627,1.627,1.627,1.627,1.627,1.627,1.627,1.627,1.627,1.627
2013-08-05 09:00:00,1.576,1.576,1.576,1.576,1.576,1.576,1.576,1.576,1.576,1.576,1.576,1.576,1.576,1.576,1.576,1.576,1.576
2013-08-05 10:00:00,1.617,1.617,1.617,1.617,1.617,1.617,1.617,1.617,1.617,1.617,1.617,1.617,1.617,1.617,1.617,1.617,1.617
2013-08-05 11:00:00,1.678,1.678,1.678,1.678,1.678,1.678,1.678,1.678,1.678,1.678,1.678,1.678,1.678,1.678,1.678,1.678,1.678
2013-08-05 12:00:00,1.862,1.862,1.862,1.862,1.862,1.862,1.862,1.862,1.862,1.862,1.862,1.862,1.862,1.862,1.862,1.862,1.862
2013-08-05 13:00:00,2.271,2.271,2.271,2.271,2.271,2.271,2.271,2.271,2.271,2.271,2.271,2.271,2.271,2.271,2.271,2.271,2.271
2013-08-05 14:00:00,2.6,2.6,2.6,2.6,2.6,2.6,2.6,2.6,2.6,2.6,2.6,2.6,2.6,2.6,2.6,2.6,2.6
2013-08-05 15:00:00,2.609,2.609,2.609,2.609,2.609,2.609,2.609,2.609,2.609,2.609,2.609,2.609,2.609,2.609,2.609,2.609,2.609
2013-08-05 16:00:00,2.098,2.098,2.098,2.098,2.098,2.098,2.098,2.098,2.098,2.098,2.098,2.098,2.098,2.098,2.098,2.098,2.098
2013-08-05 17:00:00,1.627,1.627,1.627,1.627,1.627,1.627,1.627,1.627,1.627,1.627,1.627,1.627,1.627,1.627,1.627,1.627,1.627
2013-08-05 18:00:00,1.269,1.269,1.269,1.269,1.269,1.269,1.269,1.269,1.269,1.269,1.269,1.269,1.269,1.269,1.269,1.269,1.269
2013-08-05 19:00:00,0.973,0.973,0.973,0.973,0.973,0.973,0.973,0.973,0.973,0.973,0.973,0.973,0.973,0.973,0.973,0.973,0.973
2013-08-05 20:00:00,0.747,0.747,0.747,0.747,0.747,0.747,0.747,0.747,0.747,0.747,0.747,0.747,0.747,0.747,0.747,0.747,0.747
2013-08-05 21:00:00,0.532,0.532,0.532,0.532,0.532,0.532,0.532,0.532,0.532,0.532,0.532,0.532,0.532,0.532,0.532,0.532,0.532
2013-08-05 22:00:00,0.276,0.276,0.276,0.276,0.276,0.276,0.276,0.276,0.276,0.276,0.276,0.276,0.276,0.276,0.276,0.276,0.276
2013-08-05 23:00:00,0.144,0.144,0.144,0.144,0.144,0.144,0.144,0.144,0.144,0.144,0.144,0.144,0.144,0.144,0.144,0.144,0.144
2013-08-06 00:00:00,0.113,0.113,0.113,0.113,0.113,0.113,0.113,0.113,0.113,0.113,0.113,0.113,0.113,0.113,0.113,0.113,0.113
2013-08-06 01:00:00,0.113,0.113,0.113,0.113,0.113,0.113,0.113,0.113,0.113,0.113,0.113,0.113,0.113,0.113,0.113,0.113,0.113
2013-08-06 02:00:00,0.123,0.123,0.123,0.123,0.123,0.123,0.123,0.123,0.123,0.123,0.123,0.123,0.123,0.123,0.123,0.123,0.123
2013-08-06 03:00:00,0.245,0.245,0.245,0.245,0.245,0.245,0.245,0.245,0.245,0.245,0.245,0.245,0.245,0.245,0.245,0.245,0.245
2013-08-06 04:00:00,0.808,0.808,0.808,0.808,0.808,0.808,0.808,0.808,0.808,0.808,0.808,0.808,0.808,0.808,0.808,0.808,0.808
2013-08-06 05:00:00,1.524,1.524,1.524,1.524,1.524,1.524,1.524,1.524,1.524,1.524,1.524,1.524,1.524,1.524,1.524,1.524,1.524
2013-08-06 06:00:00,2.088,2.088,2.088,2.088,2.088,2.088,2.088,2.088,2.088,2.088,2.088,2.088,2.088,2.088,2.088,2.088,2.088
2013-08-06 07:00:00,1.903,1.903,1.903,1.903,1.903,1.903,1.903,1.903,1.903,1.903,1.903,1.903,1.903,1.903,1.903,1.903,1.903
2013-08-06 08:00:00,1.586,1.586,1.586,1.586,1.586,1.586,1.586,1.586,1.586,1.586,1.586,1.586,1.586,1.586,1.586,1.586,1.586
2013-08-06 09:00:00,1.524,1.524,1.524,1.524,1.524,1.524,1.524,1.524,1.524,1.524,1.524,1.524,1.524,1.524,1.524,1.524,1.524
2013-08-06 10:00:00,1.565,1.565,1.565,1.565,1.565,1.565,1.565,1.565,1.565,1.565,1.565,1.565,1.565,1.565,1.565,1.565,1.565
2013-08-06 11:00:00,1.627,1.627,1.627,1.627,1.627,1.627,1.627,1.627,1.627,1.627,1.627,1.627,1.627,1.627,1.627,1.627,1.627
2013-08-06 12:00:00,1.801,1.801,1.801,1.801,1.801,1.801,1.801,1.801,1.801,1.801,1.801,1.801,1.801,1.801,1.801,1.801,1.801
2013-08-06 13:00:00,2.21,2.21,2.21,2.21,2.21,2.21,2.21,2.21,2.21,2.21,2.21,2.21,2.21,2.21,2.21,2.21,2.21
2013-08-06 14:00:00,2.528,2.528,2.528,2.528,2.528,2.528,2.528,2.528,2.528,2.528,2.528,2.528,2.528,2.528,2.528,2.528,2.528
2013-08-06 15:00:00,2.528,2.528,2.528,2.528,2.528,2.528,2.528,2.528,2.528,2.528,2.528,2.528,2.528,2.528,2.528,2.528,2.528
2013-08-06 16:00:00,2.036,2.036,2.036,2.036,2.036,2.036,2.036,2.036,2.036,2.036,2.036,2.036,2.036,2.036,2.036,2.036,2.036
2013-08-06 17:00:00,1.576,1.576,1.576,1.576,1.576,1.576,1.576,1.576,1.576,1.576,1.576,1.576,1.576,1.576,1.576,1.576,1.576
2013-08-06 18:00:00,1.228,1.228,1.228,1.228,1.228,1.228,1.228,1.228,1.228,1.228,1.228,1.228,1.228,1.228,1.228,1.228,1.228
2013-08-06 19:00:00,0.952,0.952,0.952,0.952,0.952,0.952,0.952,0.952,0.952,0.952,0.952,0.952,0.952,0.952,0.952,0.952,0.952
2013-08-06 20:00:00,0.716,0.716,0.716,0.716,0.716,0.716,0.716,0.716,0.716,0.716,0.716,0.716,0.716,0.716,0.716,0.716,0.716
2013-08-06 21:00:00,0.512,0.512,0.512,0.512,0.512,0.512,0.512,0.512,0.512,0.512,0.512,0.512,0.512,0.512,0.512,0.512,0.512
2013-08-06 22:00:00,0.266,0.266,0.266,0.266,0.266,0.266,0.266,0.266,0.266,0.266,0.266,0.266,0.266,0.266,0.266,0.266,0.266
2013-08-06 23:00:00,0.154,0.154,0.154,0.154,0.154,0.154,0.154,0.154,0.154,0.154,0.154,0.154,0.154,0.154,0.154,0.154,0.154
2013-08-07 00:00:00,0.113,0.113,0.113,0.113,0.113,0.113,0.113,0.113,0.113,0.113,0.113,0.113,0.113,0.113,0.113,0.113,0.113
2013-08-07 01:00:00,0.113,0.113,0.113,0.113,0.113,0.113,0.113,0.113,0.113,0.113,0.113,0.113,0.113,0.113,0.113,0.113,0.113
2013-08-07 02:00:00,0.133,0.133,0.133,0.133,0.133,0.133,0.133,0.133,0.133,0.133,0.133,0.133,0.133,0.133,0.133,0.133,0.133
2013-08-07 03:00:00,0.245,0.245,0.245,0.245,0.245,0.245,0.245,0.245,0.245,0.245,0.245,0.245,0.245,0.245,0.245,0.245,0.245
2013-08-07 04:00:00,0.829,0.829,0.829,0.829,0.829,0.829,0.829,0.829,0.829,0.829,0.829,0.829,0.829,0.829,0.829,0.829,0.829
2013-08-07 05:00:00,1.565,1.565,1.565,1.565,1.565,1.565,1.565,1.565,1.565,1.565,1.565,1.565,1.565,1.565,1.565,1.565,1.565
2013-08-07 06:00:00,2.149,2.149,2.149,2.149,2.149,2.149,2.149,2.149,2.149,2.149,2.149,2.149,2.149,2.149,2.149,2.149,2.149
2013-08-07 07:00:00,1.944,1.944,1.944,1.944,1.944,1.944,1.944,1.944,1.944,1.944,1.944,1.944,1.944,1.944,1.944,1.944,1.944
2013-08-07 08:00:00,1.617,1.617,1.617,1.617,1.617,1.617,1.617,1.617,1.617,1.617,1.617,1.617,1.617,1.617,1.617,1.617,1.617
2013-08-07 09:00:00,1.565,1.565,1.565,1.565,1.565,1.565,1.565,1.565,1.565,1.565,1.565,1.565,1.565,1.565,1.565,1.565,1.565
2013-08-07 10:00:00,1.607,1.607,1.607,1.607,1.607,1.607,1.607,1.607,1.607,1.607,1.607,1.607,1.607,1.607,1.607,1.607,1.607
2013-08-07 11:00:00,1.668,1.668,1.668,1.668,1.668,1.668,1.668,1.668,1.668,1.668,1.668,1.668,1.668,1.668,1.668,1.668,1.668
2013-08-07 12:00:00,1.852,1.852,1.852,1.852,1.852,1.852,1.852,1.852,1.852,1.852,1.852,1.852,1.852,1.852,1.852,1.852,1.852
2013-08-07 13:00:00,2.261,2.261,2.261,2.261,2.261,2.261,2.261,2.261,2.261,2.261,2.261,2.261,2.261,2.261,2.261,2.261,2.261
2013-08-07 14:00:00,2.589,2.589,2.589,2.589,2.589,2.589,2.589,2.589,2.589,2.589,2.589,2.589,2.589,2.589,2.589,2.589,2.589
2013-08-07 15:00:00,2.589,2.589,2.589,2.589,2.589,2.589,2.589,2.589,2.589,2.589,2.589,2.589,2.589,2.589,2.589,2.589,2.589
2013-08-07 16:00:00,2.088,2.088,2.088,2.088,2.088,2.088,2.088,2.088,2.088,2.088,2.088,2.088,2.088,2.088,2.088,2.088,2.088
2013-08-07 17:00:00,1.617,1.617,1.617,1.617,1.617,1.617,1.617,1.617,1.617,1.617,1.617,1.617,1.617,1.617,1.617,1.617,1.617
2013-08-07 18:00:00,1.259,1.259,1.259,1.259,1.259,1.259,1.259,1.259,1.259,1.259,1.259,1.259,1.259,1.259,1.259,1.259,1.259
2013-08-07 19:00:00,0.973,0.973,0.973,0.973,0.973,0.973,0.973,0.973,0.973,0.973,0.973,0.973,0.973,0.973,0.973,0.973,0.973
2013-08-07 20:00:00,0.737,0.737,0.737,0.737,0.737,0.737,0.737,0.737,0.737,0.737,0.737,0.737,0.737,0.737,0.737,0.737,0.737
2013-08-07 21:00:00,0.522,0.522,0.522,0.522,0.522,0.522,0.522,0.522,0.522,0.522,0.522,0.522,0.522,0.522,0.522,0.522,0.522
2013-08-07 22:00:00,0.276,0.276,0.276,0.276,0.276,0.276,0.276,0.276,0.276,0.276,0.276,0.276,0.276,0.276,0.276,0.276,0.276
2013-08-07 23:00:00,0.154,0.154,0.154,0.154,0.154,0.154,0.154,0.154,0.154,0.154,0.154,0.154,0.154,0.154,0.154,0.154,0.154
2013-08-08 00:00:00,0.123,0.123,0.123,0.123,0.123,0.123,0.123,0.123,0.123,0.123,0.123,0.123,0.123,0.123,0.123,0.123,0.123
2013-08-08 01:00:00,0.113,0.113,0.113,0.113,0.113,0.113,0.113,0.113,0.113,0.113,0.113,0.113,0.113,0.113,0.113,0.113,0.113
2013-08-08 02:00:00,0.133,0.133,0.133,0.133,0.133,0.133,0.133,0.133,0.133,0.133,0.133,0.133,0.133,0.133,0.133,0.133,0.133
2013-08-08 03:00:00,0.255,0.255,0.255,0.255,0.255,0.255,0.255,0.255,0.255,0.255,0.255,0.255,0.255,0.255,0.255,0.255,0.255
2013-08-08 04:00:00,0.849,0.849,0.849,0.849,0.849,0.849,0.849,0.849,0.849,0.849,0.849,0.849,0.849,0.849,0.849,0.849,0.849
2013-08-08 05:00:00,1.617,1.617,1.617,1.617,1.617,1.617,1.617,1.617,1.617,1.617,1.617,1.617,1.617,1.617,1.617,1.617,1.617
2013-08-08 06:00:00,2.22,2.22,2.22,2.22,2.22,2.22,2.22,2.22,2.22,2.22,2.22,2.22,2.22,2.22,2.22,2.22,2.22
2013-08-08 07:00:00,2.016,2.016,2.016,2.016,2.016,2.016,2.016,2.016,2.016,2.016,2.016,2.016,2.016,2.016,2.016,2.016,2.016
2013-08-08 08:00:00,1.678,1.678,1.678,1.678,1.678,1.678,1.678,1.678,1.678,1.678,1.678,1.678,1.678,1.678,1.678,1.678,1.678
2013-08-08 09:00:00,1.617,1.617,1.617,1.617,1.617,1.617,1.617,1.617,1.617,1.617,1.617,1.617,1.617,1.617,1.617,1.617,1.617
2013-08-08 10:00:00,1.658,1.658,1.658,1.658,1.658,1.658,1.658,1.658,1.658,1.658,1.658,1.658,1.658,1.658,1.658,1.658,1.658
2013-08-08 11:00:00,1.719,1.719,1.719,1.719,1.719,1.719,1.719,1.719,1.719,1.719,1.719,1.719,1.719,1.719,1.719,1.719,1.719
2013-08-08 12:00:00,1.913,1.913,1.913,1.913,1.913,1.913,1.913,1.913,1.913,1.913,1.913,1.913,1.913,1.913,1.913,1.913,1.913
2013-08-08 13:00:00,2.343,2.343,2.343,2.343,2.343,2.343,2.343,2.343,2.343,2.343,2.343,2.343,2.343,2.343,2.343,2.343,2.343
2013-08-08 14:00:00,2.681,2.681,2.681,2.681,2.681,2.681,2.681,2.681,2.681,2.681,2.681,2.681,2.681,2.681,2.681,2.681,2.681
2013-08-08 15:00:00,2.681,2.681,2.681,2.681,2.681,2.681,2.681,2.681,2.681,2.681,2.681,2.681,2.681,2.681,2.681,2.681,2.681
2013-08-08 16:00:00,2.159,2.159,2.159,2.159,2.159,2.159,2.159,2.159,2.159,2.159,2.159,2.159,2.159,2.159,2.159,2.159,2.159
2013-08-08 17:00:00,1.668,1.668,1.668,1.668,1.668,1.668,1.668,1.668,1.668,1.668,1.668,1.668,1.668,1.668,1.668,1.668,1.668
2013-08-08 18:00:00,1.31,1.31,1.31,1.31,1.31,1.31,1.31,1.31,1.31,1.31,1.31,1.31,1.31,1.31,1.31,1.31,1.31
2013-08-08 19:00:00,1.002,1.002,1.002,1.002,1.002,1.002,1.002,1.002,1.002,1.002,1.002,1.002,1.002,1.002,1.002,1.002,1.002
2013-08-08 20:00:00,0.767,0.767,0.767,0.767,0.767,0.767,0.767,0.767,0.767,0.767,0.767,0.767,0.767,0.767,0.767,0.767,0.767
2013-08-08 21:00:00,0.543,0.543,0.543,0.543,0.543,0.543,0.543,0.543,0.543,0.543,0.543,0.543,0.543,0.543,0.543,0.543,0.543
2013-08-08 22:00:00,0.286,0.286,0.286,0.286,0.286,0.286,0.286,0.286,0.286,0.286,0.286,0.286,0.286,0.286,0.286,0.286,0.286
2013-08-08 23:00:00,0.164,0.164,0.164,0.164,0.164,0.164,0.164,0.164,0.164,0.164,0.164,0.164,0.164,0.164,0.164,0.164,0.164
2013-08-09 00:00:00,0.123,0.123,0.123,0.123,0.123,0.123,0.123,0.123,0.123,0.123,0.123,0.123,0.123,0.123,0.123,0.123,0.123
2013-08-09 01:00:00,0.123,0.123,0.123,0.123,0.123,0.123,0.123,0.123,0.123,0.123,0.123,0.123,0.123,0.123,0.123,0.123,0.123
2013-08-09 02:00:00,0.144,0.144,0.144,0.144,0.144,0.144,0.144,0.144,0.144,0.144,0.144,0.144,0.144,0.144,0.144,0.144,0.144
2013-08-09 03:00:00,0.276,0.276,0.276,0.276,0.276,0.276,0.276,0.276,0.276,0.276,0.276,0.276,0.276,0.276,0.276,0.276,0.276
2013-08-09 04:00:00,0.911,0.911,0.911,0.911,0.911,0.911,0.911,0.911,0.911,0.911,0.911,0.911,0.911,0.911,0.911,0.911,0.911
2013-08-09 05:00:00,1.73,1.73,1.73,1.73,1.73,1.73,1.73,1.73,1.73,1.73,1.73,1.73,1.73,1.73,1.73,1.73,1.73
2013-08-09 06:00:00,2.364,2.364,2.364,2.364,2.364,2.364,2.364,2.364,2.364,2.364,2.364,2.364,2.364,2.364,2.364,2.364,2.364
2013-08-09 07:00:00,2.149,2.149,2.149,2.149,2.149,2.149,2.149,2.149,2.149,2.149,2.149,2.149,2.149,2.149,2.149,2.149,2.149
2013-08-09 08:00:00,1.791,1.791,1.791,1.791,1.791,1.791,1.791,1.791,1.791,1.791,1.791,1.791,1.791,1.791,1.791,1.791,1.791
2013-08-09 09:00:00,1.73,1.73,1.73,1.73,1.73,1.73,1.73,1.73,1.73,1.73,1.73,1.73,1.73,1.73,1.73,1.73,1.73
2013-08-09 10:00:00,1.771,1.771,1.771,1.771,1.771,1.771,1.771,1.771,1.771,1.771,1.771,1.771,1.771,1.771,1.771,1.771,1.771
2013-08-09 11:00:00,1.841,1.841,1.841,1.841,1.841,1.841,1.841,1.841,1.841,1.841,1.841,1.841,1.841,1.841,1.841,1.841,1.841
2013-08-09 12:00:00,2.047,2.047,2.047,2.047,2.047,2.047,2.047,2.047,2.047,2.047,2.047,2.047,2.047,2.047,2.047,2.047,2.047
2013-08-09 13:00:00,2.497,2.497,2.497,2.497,2.497,2.497,2.497,2.497,2.497,2.497,2.497,2.497,2.497,2.497,2.497,2.497,2.497
2013-08-09 14:00:00,2.855,2.855,2.855,2.855,2.855,2.855,2.855,2.855,2.855,2.855,2.855,2.855,2.855,2.855,2.855,2.855,2.855
2013-08-09 15:00:00,2.865,2.865,2.865,2.865,2.865,2.865,2.865,2.865,2.865,2.865,2.865,2.865,2.865,2.865,2.865,2.865,2.865
2013-08-09 16:00:00,2.302,2.302,2.302,2.302,2.302,2.302,2.302,2.302,2.302,2.302,2.302,2.302,2.302,2.302,2.302,2.302,2.302
2013-08-09 17:00:00,1.781,1.781,1.781,1.781,1.781,1.781,1.781,1.781,1.781,1.781,1.781,1.781,1.781,1.781,1.781,1.781,1.781
2013-08-09 18:00:00,1.392,1.392,1.392,1.392,1.392,1.392,1.392,1.392,1.392,1.392,1.392,1.392,1.392,1.392,1.392,1.392,1.392
2013-08-09 19:00:00,1.074,1.074,1.074,1.074,1.074,1.074,1.074,1.074,1.074,1.074,1.074,1.074,1.074,1.074,1.074,1.074,1.074
2013-08-09 20:00:00,0.819,0.819,0.819,0.819,0.819,0.819,0.819,0.819,0.819,0.819,0.819,0.819,0.819,0.819,0.819,0.819,0.819
2013-08-09 21:00:00,0.584,0.584,0.584,0.584,0.584,0.584,0.584,0.584,0.584,0.584,0.584,0.584,0.584,0.584,0.584,0.584,0.584
2013-08-09 22:00:00,0.296,0.296,0.296,0.296,0.296,0.296,0.296,0.296,0.296,0.296,0.296,0.296,0.296,0.296,0.296,0.296,0.296
2013-08-09 23:00:00,0.317,0.317,0.317,0.317,0.317,0.317,0.317,0.317,0.317,0.317,0.317,0.317,0.317,0.317,0.317,0.317,0.317
2013-08-10 00:00:00,0.245,0.245,0.245,0.245,0.245,0.245,0.245,0.245,0.245,0.245,0.245,0.245,0.245,0.245,0.245,0.245,0.245
2013-08-10 01:00:00,0.214,0.214,0.214,0.214,0.214,0.214,0.214,0.214,0.214,0.214,0.214,0.214,0.214,0.214,0.214,0.214,0.214
2013-08-10 02:00:00,0.204,0.204,0.204,0.204,0.204,0.204,0.204,0.204,0.204,0.204,0.204,0.204,0.204,0.204,0.204,0.204,0.204
2013-08-10 03:00:00,0.255,0.255,0.255,0.255,0.255,0.255,0.255,0.255,0.255,0.255,0.255,0.255,0.255,0.255,0.255,0.255,0.255
2013-08-10 04:00:00,0.45,0.45,0.45,0.45,0.45,0.45,0.45,0.45,0.45,0.45,0.45,0.45,0.45,0.45,0.45,0.45,0.45
2013-08-10 05:00:00,0.644,0.644,0.644,0.644,0.644,0.644,0.644,0.644,0.644,0.644,0.644,0.644,0.644,0.644,0.644,0.644,0.644
2013-08-10 06:00:00,0.819,0.819,0.819,0.819,0.819,0.819,0.819,0.819,0.819,0.819,0.819,0.819,0.819,0.819,0.819,0.819,0.819
2013-08-10 07:00:00,1.105,1.105,1.105,1.105,1.105,1.105,1.105,1.105,1.105,1.105,1.105,1.105,1.105,1.105,1.105,1.105,1.105
2013-08-10 08:00:00,1.412,1.412,1.412,1.412,1.412,1.412,1.412,1.412,1.412,1.412,1.412,1.412,1.412,1.412,1.412,1.412,1.412
2013-08-10 09:00:00,1.781,1.781,1.781,1.781,1.781,1.781,1.781,1.781,1.781,1.781,1.781,1.781,1.781,1.781,1.781,1.781,1.781
2013-08-10 10:00:00,1.934,1.934,1.934,1.934,1.934,1.934,1.934,1.934,1.934,1.934,1.934,1.934,1.934,1.934,1.934,1.934,1.934
2013-08-10 11:00:00,2.026,2.026,2.026,2.026,2.026,2.026,2.026,2.026,2.026,2.026,2.026,2.026,2.026,2.026,2.026,2.026,2.026
2013-08-10 12:00:00,2.047,2.047,2.047,2.047,2.047,2.047,2.047,2.047,2.047,2.047,2.047,2.047,2.047,2.047,2.047,2.047,2.047
2013-08-10 13:00:00,2.006,2.006,2.006,2.006,2.006,2.006,2.006,2.006,2.006,2.006,2.006,2.006,2.006,2.006,2.006,2.006,2.006
2013-08-10 14:00:00,1.903,1.903,1.903,1.903,1.903,1.903,1.903,1.903,1.903,1.903,1.903,1.903,1.903,1.903,1.903,1.903,1.903
2013-08-10 15:00:00,1.75,1.75,1.75,1.75,1.75,1.75,1.75,1.75,1.75,1.75,1.75,1.75,1.75,1.75,1.75,1.75,1.75
2013-08-10 16:00:00,1.607,1.607,1.607,1.607,1.607,1.607,1.607,1.607,1.607,1.607,1.607,1.607,1.607,1.607,1.607,1.607,1.607
2013-08-10 17:00:00,1.432,1.432,1.432,1.432,1.432,1.432,1.432,1.432,1.432,1.432,1.432,1.432,1.432,1.432,1.432,1.432,1.432
2013-08-10 18:00:00,1.248,1.248,1.248,1.248,1.248,1.248,1.248,1.248,1.248,1.248,1.248,1.248,1.248,1.248,1.248,1.248,1.248
2013-08-10 19:00:00,1.023,1.023,1.023,1.023,1.023,1.023,1.023,1.023,1.023,1.023,1.023,1.023,1.023,1.023,1.023,1.023,1.023
2013-08-10 20:00:00,0.778,0.778,0.778,0.778,0.778,0.778,0.778,0.778,0.778,0.778,0.778,0.778,0.778,0.778,0.778,0.778,0.778
2013-08-10 21:00:00,0.563,0.563,0.563,0.563,0.563,0.563,0.563,0.563,0.563,0.563,0.563,0.563,0.563,0.563,0.563,0.563,0.563
2013-08-10 22:00:00,0.379,0.379,0.379,0.379,0.379,0.379,0.379,0.379,0.379,0.379,0.379,0.379,0.379,0.379,0.379,0.379,0.379
2013-08-10 23:00:00,0.286,0.286,0.286,0.286,0.286,0.286,0.286,0.286,0.286,0.286,0.286,0.286,0.286,0.286,0.286,0.286,0.286
2013-08-11 00:00:00,0.235,0.235,0.235,0.235,0.235,0.235,0.235,0.235,0.235,0.235,0.235,0.235,0.235,0.235,0.235,0.235,0.235
2013-08-11 01:00:00,0.195,0.195,0.195,0.195,0.195,0.195,0.195,0.195,0.195,0.195,0.195,0.195,0.195,0.195,0.195,0.195,0.195
2013-08-11 02:00:00,0.154,0.154,0.154,0.154,0.154,0.154,0.154,0.154,0.154,0.154,0.154,0.154,0.154,0.154,0.154,0.154,0.154
2013-08-11 03:00:00,0.164,0.164,0.164,0.164,0.164,0.164,0.164,0.164,0.164,0.164,0.164,0.164,0.164,0.164,0.164,0.164,0.164
2013-08-11 04:00:00,0.276,0.276,0.276,0.276,0.276,0.276,0.276,0.276,0.276,0.276,0.276,0.276,0.276,0.276,0.276,0.276,0.276
2013-08-11 05:00:00,0.389,0.389,0.389,0.389,0.389,0.389,0.389,0.389,0.389,0.389,0.389,0.389,0.389,0.389,0.389,0.389,0.389
2013-08-11 06:00:00,0.522,0.522,0.522,0.522,0.522,0.522,0.522,0.522,0.522,0.522,0.522,0.522,0.522,0.522,0.522,0.522,0.522
2013-08-11 07:00:00,0.696,0.696,0.696,0.696,0.696,0.696,0.696,0.696,0.696,0.696,0.696,0.696,0.696,0.696,0.696,0.696,0.696
2013-08-11 08:00:00,0.983,0.983,0.983,0.983,0.983,0.983,0.983,0.983,0.983,0.983,0.983,0.983,0.983,0.983,0.983,0.983,0.983
2013-08-11 09:00:00,1.31,1.31,1.31,1.31,1.31,1.31,1.31,1.31,1.31,1.31,1.31,1.31,1.31,1.31,1.31,1.31,1.31
2013-08-11 10:00:00,1.576,1.576,1.576,1.576,1.576,1.576,1.576,1.576,1.576,1.576,1.576,1.576,1.576,1.576,1.576,1.576,1.576
2013-08-11 11:00:00,1.75,1.75,1.75,1.75,1.75,1.75,1.75,1.75,1.75,1.75,1.75,1.75,1.75,1.75,1.75,1.75,1.75
2013-08-11 12:00:00,1.841,1.841,1.841,1.841,1.841,1.841,1.841,1.841,1.841,1.841,1.841,1.841,1.841,1.841,1.841,1.841,1.841
2013-08-11 13:00:00,1.944,1.944,1.944,1.944,1.944,1.944,1.944,1.944,1.944,1.944,1.944,1.944,1.944,1.944,1.944,1.944,1.944
2013-08-11 14:00:00,1.965,1.965,1.965,1.965,1.965,1.965,1.965,1.965,1.965,1.965,1.965,1.965,1.965,1.965,1.965,1.965,1.965
2013-08-11 15:00:00,1.985,1.985,1.985,1.985,1.985,1.985,1.985,1.985,1.985,1.985,1.985,1.985,1.985,1.985,1.985,1.985,1.985
2013-08-11 16:00:00,1.934,1.934,1.934,1.934,1.934,1.934,1.934,1.934,1.934,1.934,1.934,1.934,1.934,1.934,1.934,1.934,1.934
2013-08-11 17:00:00,1.862,1.862,1.862,1.862,1.862,1.862,1.862,1.862,1.862,1.862,1.862,1.862,1.862,1.862,1.862,1.862,1.862
2013-08-11 18:00:00,1.648,1.648,1.648,1.648,1.648,1.648,1.648,1.648,1.648,1.648,1.648,1.648,1.648,1.648,1.648,1.648,1.648
2013-08-11 19:00:00,1.279,1.279,1.279,1.279,1.279,1.279,1.279,1.279,1.279,1.279,1.279,1.279,1.279,1.279,1.279,1.279,1.279
2013-08-11 20:00:00,0.901,0.901,0.901,0.901,0.901,0.901,0.901,0.901,0.901,0.901,0.901,0.901,0.901,0.901,0.901,0.901,0.901
2013-08-11 21:00:00,0.553,0.553,0.553,0.553,0.553,0.553,0.553,0.553,0.553,0.553,0.553,0.553,0.553,0.553,0.553,0.553,0.553
2013-08-11 22:00:00,0.317,0.317,0.317,0.317,0.317,0.317,0.317,0.317,0.317,0.317,0.317,0.317,0.317,0.317,0.317,0.317,0.317
2013-08-11 23:00:00,0.154,0.154,0.154,0.154,0.154,0.154,0.154,0.154,0.154,0.154,0.154,0.154,0.154,0.154,0.154,0.154,0.154
2013-08-12 00:00:00,0.113,0.113,0.113,0.113,0.113,0.113,0.113,0.113,0.113,0.113,0.113,0.113,0.113,0.113,0.113,0.113,0.113
2013-08-12 01:00:00,0.113,0.113,0.113,0.113,0.113,0.113,0.113,0.113,0.113,0.113,0.113,0.113,0.113,0.113,0.113,0.113,0.113
2013-08-12 02:00:00,0.133,0.133,0.133,0.133,0.133,0.133,0.133,0.133,0.133,0.133,0.133,0.133,0.133,0.133,0.133,0.133,0.133
2013-08-12 03:00:00,0.245,0.245,0.245,0.245,0.245,0.245,0.245,0.245,0.245,0.245,0.245,0.245,0.245,0.245,0.245,0.245,0.245
2013-08-12 04:00:00,0.829,0.829,0.829,0.829,0.829,0.829,0.829,0.829,0.829,0.829,0.829,0.829,0.829,0.829,0.829,0.829,0.829
2013-08-12 05:00:00,1.576,1.576,1.576,1.576,1.576,1.576,1.576,1.576,1.576,1.576,1.576,1.576,1.576,1.576,1.576,1.576,1.576
2013-08-12 06:00:00,2.159,2.159,2.159,2.159,2.159,2.159,2.159,2.159,2.159,2.159,2.159,2.159,2.159,2.159,2.159,2.159,2.159
2013-08-12 07:00:00,1.954,1.954,1.954,1.954,1.954,1.954,1.954,1.954,1.954,1.954,1.954,1.954,1.954,1.954,1.954,1.954,1.954
2013-08-12 08:00:00,1.627,1.627,1.627,1.627,1.627,1.627,1.627,1.627,1.627,1.627,1.627,1.627,1.627,1.627,1.627,1.627,1.627
2013-08-12 09:00:00,1.576,1.576,1.576,1.576,1.576,1.576,1.576,1.576,1.576,1.576,1.576,1.576,1.576,1.576,1.576,1.576,1.576
2013-08-12 10:00:00,1.617,1.617,1.617,1.617,1.617,1.617,1.617,1.617,1.617,1.617,1.617,1.617,1.617,1.617,1.617,1.617,1.617
2013-08-12 11:00:00,1.678,1.678,1.678,1.678,1.678,1.678,1.678,1.678,1.678,1.678,1.678,1.678,1.678,1.678,1.678,1.678,1.678
2013-08-12 12:00:00,1.862,1.862,1.862,1.862,1.862,1.862,1.862,1.862,1.862,1.862,1.862,1.862,1.862,1.862,1.862,1.862,1.862
2013-08-12 13:00:00,2.271,2.271,2.271,2.271,2.271,2.271,2.271,2.271,2.271,2.271,2.271,2.271,2.271,2.271,2.271,2.271,2.271
2013-08-12 14:00:00,2.6,2.6,2.6,2.6,2.6,2.6,2.6,2.6,2.6,2.6,2.6,2.6,2.6,2.6,2.6,2.6,2.6
2013-08-12 15:00:00,2.609,2.609,2.609,2.609,2.609,2.609,2.609,2.609,2.609,2.609,2.609,2.609,2.609,2.609,2.609,2.609,2.609
2013-08-12 16:00:00,2.098,2.098,2.098,2.098,2.098,2.098,2.098,2.098,2.098,2.098,2.098,2.098,2.098,2.098,2.098,2.098,2.098
2013-08-12 17:00:00,1.627,1.627,1.627,1.627,1.627,1.627,1.627,1.627,1.627,1.627,1.627,1.627,1.627,1.627,1.627,1.627,1.627
2013-08-12 18:00:00,1.269,1.269,1.269,1.269,1.269,1.269,1.269,1.269,1.269,1.269,1.269,1.269,1.269,1.269,1.269,1.269,1.269
2013-08-12 19:00:00,0.973,0.973,0.973,0.973,0.973,0.973,0.973,0.973,0.973,0.973,0.973,0.973,0.973,0.973,0.973,0.973,0.973
2013-08-12 20:00:00,0.747,0.747,0.747,0.747,0.747,0.747,0.747,0.747,0.747,0.747,0.747,0.747,0.747,0.747,0.747,0.747,0.747
2013-08-12 21:00:00,0.532,0.532,0.532,0.532,0.532,0.532,0.532,0.532,0.532,0.532,0.532,0.532,0.532,0.532,0.532,0.532,0.532
2013-08-12 22:00:00,0.276,0.276,0.276,0.276,0.276,0.276,0.276,0.276,0.276,0.276,0.276,0.276,0.276,0.276,0.276,0.276,0.276
2013-08-12 23:00:00,0.144,0.144,0.144,0.144,0.144,0.144,0.144,0.144,0.144,0.144,0.144,0.144,0.144,0.144,0.144,0.144,0.144
2013-10-11 00:00:00,0.113,0.113,0.113,0.113,0.113,0.113,0.113,0.113,0.113,0.113,0.113,0.113,0.113,0.113,0.113,0.113,0.113
2013-10-11 01:00:00,0.103,0.103,0.103,0.103,0.103,0.103,0.103,0.103,0.103,0.103,0.103,0.103,0.103,0.103,0.103,0.103,0.103
2013-10-11 02:00:00,0.123,0.123,0.123,0.123,0.123,0.123,0.123,0.123,0.123,0.123,0.123,0.123,0.123,0.123,0.123,0.123,0.123
2013-10-11 03:00:00,0.235,0.235,0.235,0.235,0.235,0.235,0.235,0.235,0.235,0.235,0.235,0.235,0.235,0.235,0.235,0.235,0.235
2013-10-11 04:00:00,0.788,0.788,0.788,0.788,0.788,0.788,0.788,0.788,0.788,0.788,0.788,0.788,0.788,0.788,0.788,0.788,0.788
2013-10-11 05:00:00,1.483,1.483,1.483,1.483,1.483,1.483,1.483,1.483,1.483,1.483,1.483,1.483,1.483,1.483,1.483,1.483,1.483
2013-10-11 06:00:00,2.036,2.036,2.036,2.036,2.036,2.036,2.036,2.036,2.036,2.036,2.036,2.036,2.036,2.036,2.036,2.036,2.036
2013-10-11 07:00:00,1.852,1.852,1.852,1.852,1.852,1.852,1.852,1.852,1.852,1.852,1.852,1.852,1.852,1.852,1.852,1.852,1.852
2013-10-11 08:00:00,1.535,1.535,1.535,1.535,1.535,1.535,1.535,1.535,1.535,1.535,1.535,1.535,1.535,1.535,1.535,1.535,1.535
2013-10-11 09:00:00,1.483,1.483,1.483,1.483,1.483,1.483,1.483,1.483,1.483,1.483,1.483,1.483,1.483,1.483,1.483,1.483,1.483
2013-10-11 10:00:00,1.524,1.524,1.524,1.524,1.524,1.524,1.524,1.524,1.524,1.524,1.524,1.524,1.524,1.524,1.524,1.524,1.524
2013-10-11 11:00:00,1.586,1.586,1.586,1.586,1.586,1.586,1.586,1.586,1.586,1.586,1.586,1.586,1.586,1.586,1.586,1.586,1.586
2013-10-11 12:00:00,1.76,1.76,1.76,1.76,1.76,1.76,1.76,1.76,1.76,1.76,1.76,1.76,1.76,1.76,1.76,1.76,1.76
2013-10-11 13:00:00,2.149,2.149,2.149,2.149,2.149,2.149,2.149,2.149,2.149,2.149,2.149,2.149,2.149,2.149,2.149,2.149,2.149
2013-10-11 14:00:00,2.456,2.456,2.456,2.456,2.456,2.456,2.456,2.456,2.456,2.456,2.456,2.456,2.456,2.456,2.456,2.456,2.456
2013-10-11 15:00:00,2.456,2.456,2.456,2.456,2.456,2.456,2.456,2.456,2.456,2.456,2.456,2.456,2.456,2.456,2.456,2.456,2.456
2013-10-11 16:00:00,1.975,1.975,1.975,1.975,1.975,1.975,1.975,1.975,1.975,1.975,1.975,1.975,1.975,1.975,1.975,1.975,1.975
2013-10-11 17:00:00,1.535,1.535,1.535,1.535,1.535,1.535,1.535,1.535,1.535,1.535,1.535,1.535,1.535,1.535,1.535,1.535,1.535
2013-10-11 18:00:00,1.197,1.197,1.197,1.197,1.197,1.197,1.197,1.197,1.197,1.197,1.197,1.197,1.197,1.197,1.197,1.197,1.197
2013-10-11 19:00:00,0.921,0.921,0.921,0.921,0.921,0.921,0.921,0.921,0.921,0.921,0.921,0.921,0.921,0.921,0.921,0.921,0.921
2013-10-11 20:00:00,0.706,0.706,0.706,0.706,0.706,0.706,0.706,0.706,0.706,0.706,0.706,0.706,0.706,0.706,0.706,0.706,0.706
2013-10-11 21:00:00,0.502,0.502,0.502,0.502,0.502,0.502,0.502,0.502,0.502,0.502,0.502,0.502,0.502,0.502,0.502,0.502,0.502
2013-10-11 22:00:00,0.255,0.255,0.255,0.255,0.255,0.255,0.255,0.255,0.255,0.255,0.255,0.255,0.255,0.255,0.255,0.255,0.255
2013-10-11 23:00:00,0.276,0.276,0.276,0.276,0.276,0.276,0.276,0.276,0.276,0.276,0.276,0.276,0.276,0.276,0.276,0.276,0.276
2013-10-12 00:00:00,0.214,0.214,0.214,0.214,0.214,0.214,0.214,0.214,0.214,0.214,0.214,0.214,0.214,0.214,0.214,0.214,0.214
2013-10-12 01:00:00,0.185,0.185,0.185,0.185,0.185,0.185,0.185,0.185,0.185,0.185,0.185,0.185,0.185,0.185,0.185,0.185,0.185
2013-10-12 02:00:00,0.174,0.174,0.174,0.174,0.174,0.174,0.174,0.174,0.174,0.174,0.174,0.174,0.174,0.174,0.174,0.174,0.174
2013-10-12 03:00:00,0.225,0.225,0.225,0.225,0.225,0.225,0.225,0.225,0.225,0.225,0.225,0.225,0.225,0.225,0.225,0.225,0.225
2013-10-12 04:00:00,0.389,0.389,0.389,0.389,0.389,0.389,0.389,0.389,0.389,0.389,0.389,0.389,0.389,0.389,0.389,0.389,0.389
2013-10-12 05:00:00,0.553,0.553,0.553,0.553,0.553,0.553,0.553,0.553,0.553,0.553,0.553,0.553,0.553,0.553,0.553,0.553,0.553
2013-10-12 06:00:00,0.706,0.706,0.706,0.706,0.706,0.706,0.706,0.706,0.706,0.706,0.706,0.706,0.706,0.706,0.706,0.706,0.706
2013-10-12 07:00:00,0.952,0.952,0.952,0.952,0.952,0.952,0.952,0.952,0.952,0.952,0.952,0.952,0.952,0.952,0.952,0.952,0.952
2013-10-12 08:00:00,1.207,1.207,1.207,1.207,1.207,1.207,1.207,1.207,1.207,1.207,1.207,1.207,1.207,1.207,1.207,1.207,1.207
2013-10-12 09:00:00,1.524,1.524,1.524,1.524,1.524,1.524,1.524,1.524,1.524,1.524,1.524,1.524,1.524,1.524,1.524,1.524,1.524
2013-10-12 10:00:00,1.658,1.658,1.658,1.658,1.658,1.658,1.658,1.658,1.658,1.658,1.658,1.658,1.658,1.658,1.658,1.658,1.658
2013-10-12 11:00:00,1.74,1.74,1.74,1.74,1.74,1.74,1.74,1.74,1.74,1.74,1.74,1.74,1.74,1.74,1.74,1.74,1.74
2013-10-12 12:00:00,1.76,1.76,1.76,1.76,1.76,1.76,1.76,1.76,1.76,1.76,1.76,1.76,1.76,1.76,1.76,1.76,1.76
2013-10-12 13:00:00,1.73,1.73,1.73,1.73,1.73,1.73,1.73,1.73,1.73,1.73,1.73,1.73,1.73,1.73,1.73,1.73,1.73
2013-10-12 14:00:00,1.637,1.637,1.637,1.637,1.637,1.637,1.637,1.637,1.637,1.637,1.637,1.637,1.637,1.637,1.637,1.637,1.637
2013-10-12 15:00:00,1.504,1.504,1.504,1.504,1.504,1.504,1.504,1.504,1.504,1.504,1.504,1.504,1.504,1.504,1.504,1.504,1.504
2013-10-12 16:00:00,1.382,1.382,1.382,1.382,1.382,1.382,1.382,1.382,1.382,1.382,1.382,1.382,1.382,1.382,1.382,1.382,1.382
2013-10-12 17:00:00,1.228,1.228,1.228,1.228,1.228,1.228,1.228,1.228,1.228,1.228,1.228,1.228,1.228,1.228,1.228,1.228,1.228
2013-10-12 18:00:00,1.074,1.074,1.074,1.074,1.074,1.074,1.074,1.074,1.074,1.074,1.074,1.074,1.074,1.074,1.074,1.074,1.074
2013-10-12 19:00:00,0.88,0.88,0.88,0.88,0.88,0.88,0.88,0.88,0.88,0.88,0.88,0.88,0.88,0.88,0.88,0.88,0.88
2013-10-12 20:00:00,0.675,0.675,0.675,0.675,0.675,0.675,0.675,0.675,0.675,0.675,0.675,0.675,0.675,0.675,0.675,0.675,0.675
2013-10-12 21:00:00,0.491,0.491,0.491,0.491,0.491,0.491,0.491,0.491,0.491,0.491,0.491,0.491,0.491,0.491,0.491,0.491,0.491
2013-10-12 22:00:00,0.327,0.327,0.327,0.327,0.327,0.327,0.327,0.327,0.327,0.327,0.327,0.327,0.327,0.327,0.327,0.327,0.327
2013-10-12 23:00:00,0.245,0.245,0.245,0.245,0.245,0.245,0.245,0.245,0.245,0.245,0.245,0.245,0.245,0.245,0.245,0.245,0.245
2013-10-13 00:00:00,0.204,0.204,0.204,0.204,0.204,0.204,0.204,0.204,0.204,0.204,0.204,0.204,0.204,0.204,0.204,0.204,0.204
2013-10-13 01:00:00,0.164,0.164,0.164,0.164,0.164,0.164,0.164,0.164,0.164,0.164,0.164,0.164,0.164,0.164,0.164,0.164,0.164
2013-10-13 02:00:00,0.133,0.133,0.133,0.133,0.133,0.133,0.133,0.133,0.133,0.133,0.133,0.133,0.133,0.133,0.133,0.133,0.133
2013-10-13 03:00:00,0.144,0.144,0.144,0.144,0.144,0.144,0.144,0.144,0.144,0.144,0.144,0.144,0.144,0.144,0.144,0.144,0.144
2013-10-13 04:00:00,0.235,0.235,0.235,0.235,0.235,0.235,0.235,0.235,0.235,0.235,0.235,0.235,0.235,0.235,0.235,0.235,0.235
2013-10-13 05:00:00,0.338,0.338,0.338,0.338,0.338,0.338,0.338,0.338,0.338,0.338,0.338,0.338,0.338,0.338,0.338,0.338,0.338
2013-10-13 06:00:00,0.45,0.45,0.45,0.45,0.45,0.45,0.45,0.45,0.45,0.45,0.45,0.45,0.45,0.45,0.45,0.45,0.45
2013-10-13 07:00:00,0.603,0.603,0.603,0.603,0.603,0.603,0.603,0.603,0.603,0.603,0.603,0.603,0.603,0.603,0.603,0.603,0.603
2013-10-13 08:00:00,0.849,0.849,0.849,0.849,0.849,0.849,0.849,0.849,0.849,0.849,0.849,0.849,0.849,0.849,0.849,0.849,0.849
2013-10-13 09:00:00,1.125,1.125,1.125,1.125,1.125,1.125,1.125,1.125,1.125,1.125,1.125,1.125,1.125,1.125,1.125,1.125,1.125
2013-10-13 10:00:00,1.351,1.351,1.351,1.351,1.351,1.351,1.351,1.351,1.351,1.351,1.351,1.351,1.351,1.351,1.351,1.351,1.351
2013-10-13 11:00:00,1.504,1.504,1.504,1.504,1.504,1.504,1.504,1.504,1.504,1.504,1.504,1.504,1.504,1.504,1.504,1.504,1.504
2013-10-13 12:00:00,1.586,1.586,1.586,1.586,1.586,1.586,1.586,1.586,1.586,1.586,1.586,1.586,1.586,1.586,1.586,1.586,1.586
2013-10-13 13:00:00,1.678,1.678,1.678,1.678,1.678,1.678,1.678,1.678,1.678,1.678,1.678,1.678,1.678,1.678,1.678,1.678,1.678
2013-10-13 14:00:00,1.689,1.689,1.689,1.689,1.689,1.689,1.689,1.689,1.689,1.689,1.689,1.689,1.689,1.689,1.689,1.689,1.689
2013-10-13 15:00:00,1.709,1.709,1.709,1.709,1.709,1.709,1.709,1.709,1.709,1.709,1.709,1.709,1.709,1.709,1.709,1.709,1.709
2013-10-13 16:00:00,1.668,1.668,1.668,1.668,1.668,1.668,1.668,1.668,1.668,1.668,1.668,1.668,1.668,1.668,1.668,1.668,1.668
2013-10-13 17:00:00,1.596,1.596,1.596,1.596,1.596,1.596,1.596,1.596,1.596,1.596,1.596,1.596,1.596,1.596,1.596,1.596,1.596
2013-10-13 18:00:00,1.412,1.412,1.412,1.412,1.412,1.412,1.412,1.412,1.412,1.412,1.412,1.412,1.412,1.412,1.412,1.412,1.412
2013-10-13 19:00:00,1.105,1.105,1.105,1.105,1.105,1.105,1.105,1.105,1.105,1.105,1.105,1.105,1.105,1.105,1.105,1.105,1.105
2013-10-13 20:00:00,0.778,0.778,0.778,0.778,0.778,0.778,0.778,0.778,0.778,0.778,0.778,0.778,0.778,0.778,0.778,0.778,0.778
2013-10-13 21:00:00,0.481,0.481,0.481,0.481,0.481,0.481,0.481,0.481,0.481,0.481,0.481,0.481,0.481,0.481,0.481,0.481,0.481
2013-10-13 22:00:00,0.266,0.266,0.266,0.266,0.266,0.266,0.266,0.266,0.266,0.266,0.266,0.266,0.266,0.266,0.266,0.266,0.266
2013-10-13 23:00:00,0.133,0.133,0.133,0.133,0.133,0.133,0.133,0.133,0.133,0.133,0.133,0.133,0.133,0.133,0.133,0.133,0.133
2013-10-14 00:00:00,0.103,0.103,0.103,0.103,0.103,0.103,0.103,0.103,0.103,0.103,0.103,0.103,0.103,0.103,0.103,0.103,0.103
2013-10-14 01:00:00,0.092,0.092,0.092,0.092,0.092,0.092,0.092,0.092,0.092,0.092,0.092,0.092,0.092,0.092,0.092,0.092,0.092
2013-10-14 02:00:00,0.113,0.113,0.113,0.113,0.113,0.113,0.113,0.113,0.113,0.113,0.113,0.113,0.113,0.113,0.113,0.113,0.113
2013-10-14 03:00:00,0.214,0.214,0.214,0.214,0.214,0.214,0.214,0.214,0.214,0.214,0.214,0.214,0.214,0.214,0.214,0.214,0.214
2013-10-14 04:00:00,0.716,0.716,0.716,0.716,0.716,0.716,0.716,0.716,0.716,0.716,0.716,0.716,0.716,0.716,0.716,0.716,0.716
2013-10-14 05:00:00,1.351,1.351,1.351,1.351,1.351,1.351,1.351,1.351,1.351,1.351,1.351,1.351,1.351,1.351,1.351,1.351,1.351
2013-10-14 06:00:00,1.852,1.852,1.852,1.852,1.852,1.852,1.852,1.852,1.852,1.852,1.852,1.852,1.852,1.852,1.852,1.852,1.852
2013-10-14 07:00:00,1.689,1.689,1.689,1.689,1.689,1.689,1.689,1.689,1.689,1.689,1.689,1.689,1.689,1.689,1.689,1.689,1.689
2013-10-14 08:00:00,1.402,1.402,1.402,1.402,1.402,1.402,1.402,1.402,1.402,1.402,1.402,1.402,1.402,1.402,1.402,1.402,1.402
2013-10-14 09:00:00,1.351,1.351,1.351,1.351,1.351,1.351,1.351,1.351,1.351,1.351,1.351,1.351,1.351,1.351,1.351,1.351,1.351
2013-10-14 10:00:00,1.392,1.392,1.392,1.392,1.392,1.392,1.392,1.392,1.392,1.392,1.392,1.392,1.392,1.392,1.392,1.392,1.392
2013-10-14 11:00:00,1.442,1.442,1.442,1.442,1.442,1.442,1.442,1.442,1.442,1.442,1.442,1.442,1.442,1.442,1.442,1.442,1.442
2013-10-14 12:00:00,1.596,1.596,1.596,1.596,1.596,1.596,1.596,1.596,1.596,1.596,1.596,1.596,1.596,1.596,1.596,1.596,1.596
2013-10-14 13:00:00,1.954,1.954,1.954,1.954,1.954,1.954,1.954,1.954,1.954,1.954,1.954,1.954,1.954,1.954,1.954,1.954,1.954
2013-10-14 14:00:00,2.241,2.241,2.241,2.241,2.241,2.241,2.241,2.241,2.241,2.241,2.241,2.241,2.241,2.241,2.241,2.241,2.241
2013-10-14 15:00:00,2.241,2.241,2.241,2.241,2.241,2.241,2.241,2.241,2.241,2.241,2.241,2.241,2.241,2.241,2.241,2.241,2.241
2013-10-14 16:00:00,1.801,1.801,1.801,1.801,1.801,1.801,1.801,1.801,1.801,1.801,1.801,1.801,1.801,1.801,1.801,1.801,1.801
2013-10-14 17:00:00,1.392,1.392,1.392,1.392,1.392,1.392,1.392,1.392,1.392,1.392,1.392,1.392,1.392,1.392,1.392,1.392,1.392
2013-10-14 18:00:00,1.095,1.095,1.095,1.095,1.095,1.095,1.095,1.095,1.095,1.095,1.095,1.095,1.095,1.095,1.095,1.095,1.095
2013-10-14 19:00:00,0.839,0.839,0.839,0.839,0.839,0.839,0.839,0.839,0.839,0.839,0.839,0.839,0.839,0.839,0.839,0.839,0.839
2013-10-14 20:00:00,0.634,0.634,0.634,0.634,0.634,0.634,0.634,0.634,0.634,0.634,0.634,0.634,0.634,0.634,0.634,0.634,0.634
2013-10-14 21:00:00,0.45,0.45,0.45,0.45,0.45,0.45,0.45,0.45,0.45,0.45,0.45,0.45,0.45,0.45,0.45,0.45,0.45
2013-10-14 22:00:00,0.235,0.235,0.235,0.235,0.235,0.235,0.235,0.235,0.235,0.235,0.235,0.235,0.235,0.235,0.235,0.235,0.235
2013-10-14 23:00:00,0.123,0.123,0.123,0.123,0.123,0.123,0.123,0.123,0.123,0.123,0.123,0.123,0.123,0.123,0.123,0.123,0.123
2013-10-15 00:00:00,0.092,0.092,0.092,0.092,0.092,0.092,0.092,0.092,0.092,0.092,0.092,0.092,0.092,0.092,0.092,0.092,0.092
2013-10-15 01:00:00,0.092,0.092,0.092,0.092,0.092,0.092,0.092,0.092,0.092,0.092,0.092,0.092,0.092,0.092,0.092,0.092,0.092
2013-10-15 02:00:00,0.113,0.113,0.113,0.113,0.113,0.113,0.113,0.113,0.113,0.113,0.113,0.113,0.113,0.113,0.113,0.113,0.113
2013-10-15 03:00:00,0.204,0.204,0.204,0.204,0.204,0.204,0.204,0.204,0.204,0.204,0.204,0.204,0.204,0.204,0.204,0.204,0.204
2013-10-15 04:00:00,0.696,0.696,0.696,0.696,0.696,0.696,0.696,0.696,0.696,0.696,0.696,0.696,0.696,0.696,0.696,0.696,0.696
2013-10-15 05:00:00,1.31,1.31,1.31,1.31,1.31,1.31,1.31,1.31,1.31,1.31,1.31,1.31,1.31,1.31,1.31,1.31,1.31
2013-10-15 06:00:00,1.801,1.801,1.801,1.801,1.801,1.801,1.801,1.801,1.801,1.801,1.801,1.801,1.801,1.801,1.801,1.801,1.801
2013-10-15 07:00:00,1.637,1.637,1.637,1.637,1.637,1.637,1.637,1.637,1.637,1.637,1.637,1.637,1.637,1.637,1.637,1.637,1.637
2013-10-15 08:00:00,1.361,1.361,1.361,1.361,1.361,1.361,1.361,1.361,1.361,1.361,1.361,1.361,1.361,1.361,1.361,1.361,1.361
2013-10-15 09:00:00,1.31,1.31,1.31,1.31,1.31,1.31,1.31,1.31,1.31,1.31,1.31,1.31,1.31,1.31,1.31,1.31,1.31
2013-10-15 10:00:00,1.351,1.351,1.351,1.351,1.351,1.351,1.351,1.351,1.351,1.351,1.351,1.351,1.351,1.351,1.351,1.351,1.351
2013-10-15 11:00:00,1.402,1.402,1.402,1.402,1.402,1.402,1.402,1.402,1.402,1.402,1.402,1.402,1.402,1.402,1.402,1.402,1.402
2013-10-15 12:00:00,1.555,1.555,1.555,1.555,1.555,1.555,1.555,1.555,1.555,1.555,1.555,1.555,1.555,1.555,1.555,1.555,1.555
2013-10-15 13:00:00,1.893,1.893,1.893,1.893,1.893,1.893,1.893,1.893,1.893,1.893,1.893,1.893,1.893,1.893,1.893,1.893,1.893
2013-10-15 14:00:00,2.17,2.17,2.17,2.17,2.17,2.17,2.17,2.17,2.17,2.17,2.17,2.17,2.17,2.17,2.17,2.17,2.17
2013-10-15 15:00:00,2.17,2.17,2.17,2.17,2.17,2.17,2.17,2.17,2.17,2.17,2.17,2.17,2.17,2.17,2.17,2.17,2.17
2013-10-15 16:00:00,1.75,1.75,1.75,1.75,1.75,1.75,1.75,1.75,1.75,1.75,1.75,1.75,1.75,1.75,1.75,1.75,1.75
2013-10-15 17:00:00,1.351,1.351,1.351,1.351,1.351,1.351,1.351,1.351,1.351,1.351,1.351,1.351,1.351,1.351,1.351,1.351,1.351
2013-10-15 18:00:00,1.054,1.054,1.054,1.054,1.054,1.054,1.054,1.054,1.054,1.054,1.054,1.054,1.054,1.054,1.054,1.054,1.054
2013-10-15 19:00:00,0.819,0.819,0.819,0.819,0.819,0.819,0.819,0.819,0.819,0.819,0.819,0.819,0.819,0.819,0.819,0.819,0.819
2013-10-15 20:00:00,0.624,0.624,0.624,0.624,0.624,0.624,0.624,0.624,0.624,0.624,0.624,0.624,0.624,0.624,0.624,0.624,0.624
2013-10-15 21:00:00,0.44,0.44,0.44,0.44,0.44,0.44,0.44,0.44,0.44,0.44,0.44,0.44,0.44,0.44,0.44,0.44,0.44
2013-10-15 22:00:00,0.225,0.225,0.225,0.225,0.225,0.225,0.225,0.225,0.225,0.225,0.225,0.225,0.225,0.225,0.225,0.225,0.225
2013-10-15 23:00:00,0.133,0.133,0.133,0.133,0.133,0.133,0.133,0.133,0.133,0.133,0.133,0.133,0.133,0.133,0.133,0.133,0.133
2013-10-16 00:00:00,0.103,0.103,0.103,0.103,0.103,0.103,0.103,0.103,0.103,0.103,0.103,0.103,0.103,0.103,0.103,0.103,0.103
2013-10-16 01:00:00,0.092,0.092,0.092,0.092,0.092,0.092,0.092,0.092,0.092,0.092,0.092,0.092,0.092,0.092,0.092,0.092,0.092
2013-10-16 02:00:00,0.113,0.113,0.113,0.113,0.113,0.113,0.113,0.113,0.113,0.113,0.113,0.113,0.113,0.113,0.113,0.113,0.113
2013-10-16 03:00:00,0.214,0.214,0.214,0.214,0.214,0.214,0.214,0.214,0.214,0.214,0.214,0.214,0.214,0.214,0.214,0.214,0.214
2013-10-16 04:00:00,0.706,0.706,0.706,0.706,0.706,0.706,0.706,0.706,0.706,0.706,0.706,0.706,0.706,0.706,0.706,0.706,0.706
2013-10-16 05:00:00,1.351,1.351,1.351,1.351,1.351,1.351,1.351,1.351,1.351,1.351,1.351,1.351,1.351,1.351,1.351,1.351,1.351
2013-10-16 06:00:00,1.841,1.841,1.841,1.841,1.841,1.841,1.841,1.841,1.841,1.841,1.841,1.841,1.841,1.841,1.841,1.841,1.841
2013-10-16 07:00:00,1.678,1.678,1.678,1.678,1.678,1.678,1.678,1.678,1.678,1.678,1.678,1.678,1.678,1.678,1.678,1.678,1.678
2013-10-16 08:00:00,1.392,1.392,1.392,1.392,1.392,1.392,1.392,1.392,1.392,1.392,1.392,1.392,1.392,1.392,1.392,1.392,1.392
2013-10-16 09:00:00,1.351,1.351,1.351,1.351,1.351,1.351,1.351,1.351,1.351,1.351,1.351,1.351,1.351,1.351,1.351,1.351,1.351
2013-10-16 10:00:00,1.382,1.382,1.382,1.382,1.382,1.382,1.382,1.382,1.382,1.382,1.382,1.382,1.382,1.382,1.382,1.382,1.382
2013-10-16 11:00:00,1.432,1.432,1.432,1.432,1.432,1.432,1.432,1.432,1.432,1.432,1.432,1.432,1.432,1.432,1.432,1.432,1.432
2013-10-16 12:00:00,1.586,1.586,1.586,1.586,1.586,1.586,1.586,1.586,1.586,1.586,1.586,1.586,1.586,1.586,1.586,1.586,1.586
2013-10-16 13:00:00,1.944,1.944,1.944,1.944,1.944,1.944,1.944,1.944,1.944,1.944,1.944,1.944,1.944,1.944,1.944,1.944,1.944
2013-10-16 14:00:00,2.23,2.23,2.23,2.23,2.23,2.23,2.23,2.23,2.23,2.23,2.23,2.23,2.23,2.23,2.23,2.23,2.23
2013-10-16 15:00:00,2.23,2.23,2.23,2.23,2.23,2.23,2.23,2.23,2.23,2.23,2.23,2.23,2.23,2.23,2.23,2.23,2.23
2013-10-16 16:00:00,1.791,1.791,1.791,1.791,1.791,1.791,1.791,1.791,1.791,1.791,1.791,1.791,1.791,1.791,1.791,1.791,1.791
2013-10-16 17:00:00,1.392,1.392,1.392,1.392,1.392,1.392,1.392,1.392,1.392,1.392,1.392,1.392,1.392,1.392,1.392,1.392,1.392
2013-10-16 18:00:00,1.084,1.084,1.084,1.084,1.084,1.084,1.084,1.084,1.084,1.084,1.084,1.084,1.084,1.084,1.084,1.084,1.084
2013-10-16 19:00:00,0.839,0.839,0.839,0.839,0.839,0.839,0.839,0.839,0.839,0.839,0.839,0.839,0.839,0.839,0.839,0.839,0.839
2013-10-16 20:00:00,0.634,0.634,0.634,0.634,0.634,0.634,0.634,0.634,0.634,0.634,0.634,0.634,0.634,0.634,0.634,0.634,0.634
2013-10-16 21:00:00,0.45,0.45,0.45,0.45,0.45,0.45,0.45,0.45,0.45,0.45,0.45,0.45,0.45,0.45,0.45,0.45,0.45
2013-10-16 22:00:00,0.235,0.235,0.235,0.235,0.235,0.235,0.235,0.235,0.235,0.235,0.235,0.235,0.235,0.235,0.235,0.235,0.235
2013-10-16 23:00:00,0.133,0.133,0.133,0.133,0.133,0.133,0.133,0.133,0.133,0.133,0.133,0.133,0.133,0.133,0.133,0.133,0.133
2013-10-17 00:00:00,0.103,0.103,0.103,0.103,0.103,0.103,0.103,0.103,0.103,0.103,0.103,0.103,0.103,0.103,0.103,0.103,0.103
2013-10-17 01:00:00,0.103,0.103,0.103,0.103,0.103,0.103,0.103,0.103,0.103,0.103,0.103,0.103,0.103,0.103,0.103,0.103,0.103
2013-10-17 02:00:00,0.113,0.113,0.113,0.113,0.113,0.113,0.113,0.113,0.113,0.113,0.113,0.113,0.113,0.113,0.113,0.113,0.113
2013-10-17 03:00:00,0.225,0.225,0.225,0.225,0.225,0.225,0.225,0.225,0.225,0.225,0.225,0.225,0.225,0.225,0.225,0.225,0.225
2013-10-17 04:00:00,0.737,0.737,0.737,0.737,0.737,0.737,0.737,0.737,0.737,0.737,0.737,0.737,0.737,0.737,0.737,0.737,0.737
2013-10-17 05:00:00,1.392,1.392,1.392,1.392,1.392,1.392,1.392,1.392,1.392,1.392,1.392,1.392,1.392,1.392,1.392,1.392,1.392
2013-10-17 06:00:00,1.903,1.903,1.903,1.903,1.903,1.903,1.903,1.903,1.903,1.903,1.903,1.903,1.903,1.903,1.903,1.903,1.903
2013-10-17 07:00:00,1.73,1.73,1.73,1.73,1.73,1.73,1.73,1.73,1.73,1.73,1.73,1.73,1.73,1.73,1.73,1.73,1.73
2013-10-17 08:00:00,1.442,1.442,1.442,1.442,1.442,1.442,1.442,1.442,1.442,1.442,1.442,1.442,1.442,1.442,1.442,1.442,1.442
2013-10-17 09:00:00,1.392,1.392,1.392,1.392,1.392,1.392,1.392,1.392,1.392,1.392,1.392,1.392,1.392,1.392,1.392,1.392,1.392
2013-10-17 10:00:00,1.432,1.432,1.432,1.432,1.432,1.432,1.432,1.432,1.432,1.432,1.432,1.432,1.432,1.432,1.432,1.432,1.432
2013-10-17 11:00:00,1.483,1.483,1.483,1.483,1.483,1.483,1.483,1.483,1.483,1.483,1.483,1.483,1.483,1.483,1.483,1.483,1.483
2013-10-17 12:00:00,1.648,1.648,1.648,1.648,1.648,1.648,1.648,1.648,1.648,1.648,1.648,1.648,1.648,1.648,1.648,1.648,1.648
2013-10-17 13:00:00,2.016,2.016,2.016,2.016,2.016,2.016,2.016,2.016,2.016,2.016,2.016,2.016,2.016,2.016,2.016,2.016,2.016
2013-10-17 14:00:00,2.302,2.302,2.302,2.302,2.302,2.302,2.302,2.302,2.302,2.302,2.302,2.302,2.302,2.302,2.302,2.302,2.302
2013-10-17 15:00:00,2.302,2.302,2.302,2.302,2.302,2.302,2.302,2.302,2.302,2.302,2.302,2.302,2.302,2.302,2.302,2.302,2.302
2013-10-17 16:00:00,1.852,1.852,1.852,1.852,1.852,1.852,1.852,1.852,1.852,1.852,1.852,1.852,1.852,1.852,1.852,1.852,1.852
2013-10-17 17:00:00,1.432,1.432,1.432,1.432,1.432,1.432,1.432,1.432,1.432,1.432,1.432,1.432,1.432,1.432,1.432,1.432,1.432
2013-10-17 18:00:00,1.125,1.125,1.125,1.125,1.125,1.125,1.125,1.125,1.125,1.125,1.125,1.125,1.125,1.125,1.125,1.125,1.125
2013-10-17 19:00:00,0.86,0.86,0.86,0.86,0.86,0.86,0.86,0.86,0.86,0.86,0.86,0.86,0.86,0.86,0.86,0.86,0.86
2013-10-17 20:00:00,0.655,0.655,0.655,0.655,0.655,0.655,0.655,0.655,0.655,0.655,0.655,0.655,0.655,0.655,0.655,0.655,0.655
2013-10-17 21:00:00,0.471,0.471,0.471,0.471,0.471,0.471,0.471,0.471,0.471,0.471,0.471,0.471,0.471,0.471,0.471,0.471,0.471
2013-10-17 22:00:00,0.245,0.245,0.245,0.245,0.245,0.245,0.245,0.245,0.245,0.245,0.245,0.245,0.245,0.245,0.245,0.245,0.245
2013-10-17 23:00:00,0.144,0.144,0.144,0.144,0.144,0.144,0.144,0.144,0.144,0.144,0.144,0.144,0.144,0.144,0.144,0.144,0.144
2013-10-18 00:00:00,0.113,0.113,0.113,0.113,0.113,0.113,0.113,0.113,0.113,0.113,0.113,0.113,0.113,0.113,0.113,0.113,0.113
2013-10-18 01:00:00,0.103,0.103,0.103,0.103,0.103,0.103,0.103,0.103,0.103,0.103,0.103,0.103,0.103,0.103,0.103,0.103,0.103
2013-10-18 02:00:00,0.123,0.123,0.123,0.123,0.123,0.123,0.123,0.123,0.123,0.123,0.123,0.123,0.123,0.123,0.123,0.123,0.123
2013-10-18 03:00:00,0.235,0.235,0.235,0.235,0.235,0.235,0.235,0.235,0.235,0.235,0.235,0.235,0.235,0.235,0.235,0.235,0.235
2013-10-18 04:00:00,0.788,0.788,0.788,0.788,0.788,0.788,0.788,0.788,0.788,0.788,0.788,0.788,0.788,0.788,0.788,0.788,0.788
2013-10-18 05:00:00,1.483,1.483,1.483,1.483,1.483,1.483,1.483,1.483,1.483,1.483,1.483,1.483,1.483,1.483,1.483,1.483,1.483
2013-10-18 06:00:00,2.036,2.036,2.036,2.036,2.036,2.036,2.036,2.036,2.036,2.036,2.036,2.036,2.036,2.036,2.036,2.036,2.036
2013-10-18 07:00:00,1.852,1.852,1.852,1.852,1.852,1.852,1.852,1.852,1.852,1.852,1.852,1.852,1.852,1.852,1.852,1.852,1.852
2013-10-18 08:00:00,1.535,1.535,1.535,1.535,1.535,1.535,1.535,1.535,1.535,1.535,1.535,1.535,1.535,1.535,1.535,1.535,1.535
2013-10-18 09:00:00,1.483,1.483,1.483,1.483,1.483,1.483,1.483,1.483,1.483,1.483,1.483,1.483,1.483,1.483,1.483,1.483,1.483
2013-10-18 10:00:00,1.524,1.524,1.524,1.524,1.524,1.524,1.524,1.524,1.524,1.524,1.524,1.524,1.524,1.524,1.524,1.524,1.524
2013-10-18 11:00:00,1.586,1.586,1.586,1.586,1.586,1.586,1.586,1.586,1.586,1.586,1.586,1.586,1.586,1.586,1.586,1.586,1.586
2013-10-18 12:00:00,1.76,1.76,1.76,1.76,1.76,1.76,1.76,1.76,1.76,1.76,1.76,1.76,1.76,1.76,1.76,1.76,1.76
2013-10-18 13:00:00,2.149,2.149,2.149,2.149,2.149,2.149,2.149,2.149,2.149,2.149,2.149,2.149,2.149,2.149,2.149,2.149,2.149
2013-10-18 14:00:00,2.456,2.456,2.456,2.456,2.456,2.456,2.456,2.456,2.456,2.456,2.456,2.456,2.456,2.456,2.456,2.456,2.456
2013-10-18 15:00:00,2.456,2.456,2.456,2.456,2.456,2.456,2.456,2.456,2.456,2.456,2.456,2.456,2.456,2.456,2.456,2.456,2.456
2013-10-18 16:00:00,1.975,1.975,1.975,1.975,1.975,1.975,1.975,1.975,1.975,1.975,1.975,1.975,1.975,1.975,1.975,1.975,1.975
2013-10-18 17:00:00,1.535,1.535,1.535,1.535,1.535,1.535,1.535,1.535,1.535,1.535,1.535,1.535,1.535,1.535,1.535,1.535,1.535
2013-10-18 18:00:00,1.197,1.197,1.197,1.197,1.197,1.197,1.197,1.197,1.197,1.197,1.197,1.197,1.197,1.197,1.197,1.197,1.197
2013-10-18 19:00:00,0.921,0.921,0.921,0.921,0.921,0.921,0.921,0.921,0.921,0.921,0.921,0.921,0.921,0.921,0.921,0.921,0.921
2013-10-18 20:00:00,0.706,0.706,0.706,0.706,0.706,0.706,0.706,0.706,0.706,0.706,0.706,0.706,0.706,0.706,0.706,0.706,0.706
2013-10-18 21:00:00,0.502,0.502,0.502,0.502,0.502,0.502,0.502,0.502,0.502,0.502,0.502,0.502,0.502,0.502,0.502,0.502,0.502
2013-10-18 22:00:00,0.255,0.255,0.255,0.255,0.255,0.255,0.255,0.255,0.255,0.255,0.255,0.255,0.255,0.255,0.255,0.255,0.255
2013-10-18 23:00:00,0.276,0.276,0.276,0.276,0.276,0.276,0.276,0.276,0.276,0.276,0.276,0.276,0.276,0.276,0.276,0.276,0.276
2013-10-19 00:00:00,0.214,0.214,0.214,0.214,0.214,0.214,0.214,0.214,0.214,0.214,0.214,0.214,0.214,0.214,0.214,0.214,0.214
2013-10-19 01:00:00,0.185,0.185,0.185,0.185,0.185,0.185,0.185,0.185,0.185,0.185,0.185,0.185,0.185,0.185,0.185,0.185,0.185
2013-10-19 02:00:00,0.174,0.174,0.174,0.174,0.174,0.174,0.174,0.174,0.174,0.174,0.174,0.174,0.174,0.174,0.174,0.174,0.174
2013-10-19 03:00:00,0.225,0.225,0.225,0.225,0.225,0.225,0.225,0.225,0.225,0.225,0.225,0.225,0.225,0.225,0.225,0.225,0.225
2013-10-19 04:00:00,0.389,0.389,0.389,0.389,0.389,0.389,0.389,0.389,0.389,0.389,0.389,0.389,0.389,0.389,0.389,0.389,0.389
2013-10-19 05:00:00,0.553,0.553,0.553,0.553,0.553,0.553,0.553,0.553,0.553,0.553,0.553,0.553,0.553,0.553,0.553,0.553,0.553
2013-10-19 06:00:00,0.706,0.706,0.706,0.706,0.706,0.706,0.706,0.706,0.706,0.706,0.706,0.706,0.706,0.706,0.706,0.706,0.706
2013-10-19 07:00:00,0.952,0.952,0.952,0.952,0.952,0.952,0.952,0.952,0.952,0.952,0.952,0.952,0.952,0.952,0.952,0.952,0.952
2013-10-19 08:00:00,1.207,1.207,1.207,1.207,1.207,1.207,1.207,1.207,1.207,1.207,1.207,1.207,1.207,1.207,1.207,1.207,1.207
2013-10-19 09:00:00,1.524,1.524,1.524,1.524,1.524,1.524,1.524,1.524,1.524,1.524,1.524,1.524,1.524,1.524,1.524,1.524,1.524
2013-10-19 10:00:00,1.658,1.658,1.658,1.658,1.658,1.658,1.658,1.658,1.658,1.658,1.658,1.658,1.658,1.658,1.658,1.658,1.658
2013-10-19 11:00:00,1.74,1.74,1.74,1.74,1.74,1.74,1.74,1.74,1.74,1.74,1.74,1.74,1.74,1.74,1.74,1.74,1.74
2013-10-19 12:00:00,1.76,1.76,1.76,1.76,1.76,1.76,1.76,1.76,1.76,1.76,1.76,1.76,1.76,1.76,1.76,1.76,1.76
2013-10-19 13:00:00,1.73,1.73,1.73,1.73,1.73,1.73,1.73,1.73,1.73,1.73,1.73,1.73,1.73,1.73,1.73,1.73,1.73
2013-10-19 14:00:00,1.637,1.637,1.637,1.637,1.637,1.637,1.637,1.637,1.637,1.637,1.637,1.637,1.637,1.637,1.637,1.637,1.637
2013-10-19 15:00:00,1.504,1.504,1.504,1.504,1.504,1.504,1.504,1.504,1.504,1.504,1.504,1.504,1.504,1.504,1.504,1.504,1.504
2013-10-19 16:00:00,1.382,1.382,1.382,1.382,1.382,1.382,1.382,1.382,1.382,1.382,1.382,1.382,1.382,1.382,1.382,1.382,1.382
2013-10-19 17:00:00,1.228,1.228,1.228,1.228,1.228,1.228,1.228,1.228,1.228,1.228,1.228,1.228,1.228,1.228,1.228,1.228,1.228
2013-10-19 18:00:00,1.074,1.074,1.074,1.074,1.074,1.074,1.074,1.074,1.074,1.074,1.074,1.074,1.074,1.074,1.074,1.074,1.074
2013-10-19 19:00:00,0.88,0.88,0.88,0.88,0.88,0.88,0.88,0.88,0.88,0.88,0.88,0.88,0.88,0.88,0.88,0.88,0.88
2013-10-19 20:00:00,0.675,0.675,0.675,0.675,0.675,0.675,0.675,0.675,0.675,0.675,0.675,0.675,0.675,0.675,0.675,0.675,0.675
2013-10-19 21:00:00,0.491,0.491,0.491,0.491,0.491,0.491,0.491,0.491,0.491,0.491,0.491,0.491,0.491,0.491,0.491,0.491,0.491
2013-10-19 22:00:00,0.327,0.327,0.327,0.327,0.327,0.327,0.327,0.327,0.327,0.327,0.327,0.327,0.327,0.327,0.327,0.327,0.327
2013-10-19 23:00:00,0.245,0.245,0.245,0.245,0.245,0.245,0.245,0.245,0.245,0.245,0.245,0.245,0.245,0.245,0.245,0.245,0.245
2013-10-20 00:00:00,0.204,0.204,0.204,0.204,0.204,0.204,0.204,0.204,0.204,0.204,0.204,0.204,0.204,0.204,0.204,0.204,0.204
2013-10-20 01:00:00,0.164,0.164,0.164,0.164,0.164,0.164,0.164,0.164,0.164,0.164,0.164,0.164,0.164,0.164,0.164,0.164,0.164
2013-10-20 02:00:00,0.133,0.133,0.133,0.133,0.133,0.133,0.133,0.133,0.133,0.133,0.133,0.133,0.133,0.133,0.133,0.133,0.133
2013-10-20 03:00:00,0.144,0.144,0.144,0.144,0.144,0.144,0.144,0.144,0.144,0.144,0.144,0.144,0.144,0.144,0.144,0.144,0.144
2013-10-20 04:00:00,0.235,0.235,0.235,0.235,0.235,0.235,0.235,0.235,0.235,0.235,0.235,0.235,0.235,0.235,0.235,0.235,0.235
2013-10-20 05:00:00,0.338,0.338,0.338,0.338,0.338,0.338,0.338,0.338,0.338,0.338,0.338,0.338,0.338,0.338,0.338,0.338,0.338
2013-10-20 06:00:00,0.45,0.45,0.45,0.45,0.45,0.45,0.45,0.45,0.45,0.45,0.45,0.45,0.45,0.45,0.45,0.45,0.45
2013-10-20 07:00:00,0.603,0.603,0.603,0.603,0.603,0.603,0.603,0.603,0.603,0.603,0.603,0.603,0.603,0.603,0.603,0.603,0.603
2013-10-20 08:00:00,0.849,0.849,0.849,0.849,0.849,0.849,0.849,0.849,0.849,0.849,0.849,0.849,0.849,0.849,0.849,0.849,0.849
2013-10-20 09:00:00,1.125,1.125,1.125,1.125,1.125,1.125,1.125,1.125,1.125,1.125,1.125,1.125,1.125,1.125,1.125,1.125,1.125
2013-10-20 10:00:00,1.351,1.351,1.351,1.351,1.351,1.351,1.351,1.351,1.351,1.351,1.351,1.351,1.351,1.351,1.351,1.351,1.351
2013-10-20 11:00:00,1.504,1.504,1.504,1.504,1.504,1.504,1.504,1.504,1.504,1.504,1.504,1.504,1.504,1.504,1.504,1.504,1.504
2013-10-20 12:00:00,1.586,1.586,1.586,1.586,1.586,1.586,1.586,1.586,1.586,1.586,1.586,1.586,1.586,1.586,1.586,1.586,1.586
2013-10-20 13:00:00,1.678,1.678,1.678,1.678,1.678,1.678,1.678,1.678,1.678,1.678,1.678,1.678,1.678,1.678,1.678,1.678,1.678
2013-10-20 14:00:00,1.689,1.689,1.689,1.689,1.689,1.689,1.689,1.689,1.689,1.689,1.689,1.689,1.689,1.689,1.689,1.689,1.689
2013-10-20 15:00:00,1.709,1.709,1.709,1.709,1.709,1.709,1.709,1.709,1.709,1.709,1.709,1.709,1.709,1.709,1.709,1.709,1.709
2013-10-20 16:00:00,1.668,1.668,1.668,1.668,1.668,1.668,1.668,1.668,1.668,1.668,1.668,1.668,1.668,1.668,1.668,1.668,1.668
2013-10-20 17:00:00,1.596,1.596,1.596,1.596,1.596,1.596,1.596,1.596,1.596,1.596,1.596,1.596,1.596,1.596,1.596,1.596,1.596
2013-10-20 18:00:00,1.412,1.412,1.412,1.412,1.412,1.412,1.412,1.412,1.412,1.412,1.412,1.412,1.412,1.412,1.412,1.412,1.412
2013-10-20 19:00:00,1.105,1.105,1.105,1.105,1.105,1.105,1.105,1.105,1.105,1.105,1.105,1.105,1.105,1.105,1.105,1.105,1.105
2013-10-20 20:00:00,0.778,0.778,0.778,0.778,0.778,0.778,0.778,0.778,0.778,0.778,0.778,0.778,0.778,0.778,0.778,0.778,0.778
2013-10-20 21:00:00,0.481,0.481,0.481,0.481,0.481,0.481,0.481,0.481,0.481,0.481,0.481,0.481,0.481,0.481,0.481,0.481,0.481
2013-10-20 22:00:00,0.266,0.266,0.266,0.266,0.266,0.266,0.266,0.266,0.266,0.266,0.266,0.266,0.266,0.266,0.266,0.266,0.266
2013-10-20 23:00:00,0.133,0.133,0.133,0.133,0.133,0.133,0.133,0.133,0.133,0.133,0.133,0.133,0.133,0.133,0.133,0.133,0.133
2013-10-21 00:00:00,0.103,0.103,0.103,0.103,0.103,0.103,0.103,0.103,0.103,0.103,0.103,0.103,0.103,0.103,0.103,0.103,0.103
2013-10-21 01:00:00,0.092,0.092,0.092,0.092,0.092,0.092,0.092,0.092,0.092,0.092,0.092,0.092,0.092,0.092,0.092,0.092,0.092
2013-10-21 02:00:00,0.113,0.113,0.113,0.113,0.113,0.113,0.113,0.113,0.113,0.113,0.113,0.113,0.113,0.113,0.113,0.113,0.113
2013-10-21 03:00:00,0.214,0.214,0.214,0.214,0.214,0.214,0.214,0.214,0.214,0.214,0.214,0.214,0.214,0.214,0.214,0.214,0.214
2013-10-21 04:00:00,0.716,0.716,0.716,0.716,0.716,0.716,0.716,0.716,0.716,0.716,0.716,0.716,0.716,0.716,0.716,0.716,0.716
2013-10-21 05:00:00,1.351,1.351,1.351,1.351,1.351,1.351,1.351,1.351,1.351,1.351,1.351,1.351,1.351,1.351,1.351,1.351,1.351
2013-10-21 06:00:00,1.852,1.852,1.852,1.852,1.852,1.852,1.852,1.852,1.852,1.852,1.852,1.852,1.852,1.852,1.852,1.852,1.852
2013-10-21 07:00:00,1.689,1.689,1.689,1.689,1.689,1.689,1.689,1.689,1.689,1.689,1.689,1.689,1.689,1.689,1.689,1.689,1.689
2013-10-21 08:00:00,1.402,1.402,1.402,1.402,1.402,1.402,1.402,1.402,1.402,1.402,1.402,1.402,1.402,1.402,1.402,1.402,1.402
2013-10-21 09:00:00,1.351,1.351,1.351,1.351,1.351,1.351,1.351,1.351,1.351,1.351,1.351,1.351,1.351,1.351,1.351,1.351,1.351
2013-10-21 10:00:00,1.392,1.392,1.392,1.392,1.392,1.392,1.392,1.392,1.392,1.392,1.392,1.392,1.392,1.392,1.392,1.392,1.392
2013-10-21 11:00:00,1.442,1.442,1.442,1.442,1.442,1.442,1.442,1.442,1.442,1.442,1.442,1.442,1.442,1.442,1.442,1.442,1.442
2013-10-21 12:00:00,1.596,1.596,1.596,1.596,1.596,1.596,1.596,1.596,1.596,1.596,1.596,1.596,1.596,1.596,1.596,1.596,1.596
2013-10-21 13:00:00,1.954,1.954,1.954,1.954,1.954,1.954,1.954,1.954,1.954,1.954,1.954,1.954,1.954,1.954,1.954,1.954,1.954
2013-10-21 14:00:00,2.241,2.241,2.241,2.241,2.241,2.241,2.241,2.241,2.241,2.241,2.241,2.241,2.241,2.241,2.241,2.241,2.241
2013-10-21 15:00:00,2.241,2.241,2.241,2.241,2.241,2.241,2.241,2.241,2.241,2.241,2.241,2.241,2.241,2.241,2.241,2.241,2.241
2013-10-21 16:00:00,1.801,1.801,1.801,1.801,1.801,1.801,1.801,1.801,1.801,1.801,1.801,1.801,1.801,1.801,1.801,1.801,1.801
2013-10-21 17:00:00,1.392,1.392,1.392,1.392,1.392,1.392,1.392,1.392,1.392,1.392,1.392,1.392,1.392,1.392,1.392,1.392,1.392
2013-10-21 18:00:00,1.095,1.095,1.095,1.095,1.095,1.095,1.095,1.095,1.095,1.095,1.095,1.095,1.095,1.095,1.095,1.095,1.095
2013-10-21 19:00:00,0.839,0.839,0.839,0.839,0.839,0.839,0.839,0.839,0.839,0.839,0.839,0.839,0.839,0.839,0.839,0.839,0.839
2013-10-21 20:00:00,0.634,0.634,0.634,0.634,0.634,0.634,0.634,0.634,0.634,0.634,0.634,0.634,0.634,0.634,0.634,0.634,0.634
2013-10-21 21:00:00,0.45,0.45,0.45,0.45,0.45,0.45,0.45,0.45,0.45,0.45,0.45,0.45,0.45,0.45,0.45,0.45,0.45
2013-10-21 22:00:00,0.235,0.235,0.235,0.235,0.235,0.235,0.235,0.235,0.235,0.235,0.235,0.235,0.235,0.235,0.235,0.235,0.235
2013-10-21 23:00:00,0.123,0.123,0.123,0.123,0.123,0.123,0.123,0.123,0.123,0.123,0.123,0.123,0.123,0.123,0.123,0.123,0.123
2013-10-22 00:00:00,0.092,0.092,0.092,0.092,0.092,0.092,0.092,0.092,0.092,0.092,0.092,0.092,0.092,0.092,0.092,0.092,0.092
2013-10-22 01:00:00,0.092,0.092,0.092,0.092,0.092,0.092,0.092,0.092,0.092,0.092,0.092,0.092,0.092,0.092,0.092,0.092,0.092
2013-10-22 02:00:00,0.113,0.113,0.113,0.113,0.113,0.113,0.113,0.113,0.113,0.113,0.113,0.113,0.113,0.113,0.113,0.113,0.113
2013-10-22 03:00:00,0.204,0.204,0.204,0.204,0.204,0.204,0.204,0.204,0.204,0.204,0.204,0.204,0.204,0.204,0.204,0.204,0.204
2013-10-22 04:00:00,0.696,0.696,0.696,0.696,0.696,0.696,0.696,0.696,0.696,0.696,0.696,0.696,0.696,0.696,0.696,0.696,0.696
2013-10-22 05:00:00,1.31,1.31,1.31,1.31,1.31,1.31,1.31,1.31,1.31,1.31,1.31,1.31,1.31,1.31,1.31,1.31,1.31
2013-10-22 06:00:00,1.801,1.801,1.801,1.801,1.801,1.801,1.801,1.801,1.801,1.801,1.801,1.801,1.801,1.801,1.801,1.801,1.801
2013-10-22 07:00:00,1.637,1.637,1.637,1.637,1.637,1.637,1.637,1.637,1.637,1.637,1.637,1.637,1.637,1.637,1.637,1.637,1.637
2013-10-22 08:00:00,1.361,1.361,1.361,1.361,1.361,1.361,1.361,1.361,1.361,1.361,1.361,1.361,1.361,1.361,1.361,1.361,1.361
2013-10-22 09:00:00,1.31,1.31,1.31,1.31,1.31,1.31,1.31,1.31,1.31,1.31,1.31,1.31,1.31,1.31,1.31,1.31,1.31
2013-10-22 10:00:00,1.351,1.351,1.351,1.351,1.351,1.351,1.351,1.351,1.351,1.351,1.351,1.351,1.351,1.351,1.351,1.351,1.351
2013-10-22 11:00:00,1.402,1.402,1.402,1.402,1.402,1.402,1.402,1.402,1.402,1.402,1.402,1.402,1.402,1.402,1.402,1.402,1.402
2013-10-22 12:00:00,1.555,1.555,1.555,1.555,1.555,1.555,1.555,1.555,1.555,1.555,1.555,1.555,1.555,1.555,1.555,1.555,1.555
2013-10-22 13:00:00,1.893,1.893,1.893,1.893,1.893,1.893,1.893,1.893,1.893,1.893,1.893,1.893,1.893,1.893,1.893,1.893,1.893
2013-10-22 14:00:00,2.17,2.17,2.17,2.17,2.17,2.17,2.17,2.17,2.17,2.17,2.17,2.17,2.17,2.17,2.17,2.17,2.17
2013-10-22 15:00:00,2.17,2.17,2.17,2.17,2.17,2.17,2.17,2.17,2.17,2.17,2.17,2.17,2.17,2.17,2.17,2.17,2.17
2013-10-22 16:00:00,1.75,1.75,1.75,1.75,1.75,1.75,1.75,1.75,1.75,1.75,1.75,1.75,1.75,1.75,1.75,1.75,1.75
2013-10-22 17:00:00,1.351,1.351,1.351,1.351,1.351,1.351,1.351,1.351,1.351,1.351,1.351,1.351,1.351,1.351,1.351,1.351,1.351
2013-10-22 18:00:00,1.054,1.054,1.054,1.054,1.054,1.054,1.054,1.054,1.054,1.054,1.054,1.054,1.054,1.054,1.054,1.054,1.054
2013-10-22 19:00:00,0.819,0.819,0.819,0.819,0.819,0.819,0.819,0.819,0.819,0.819,0.819,0.819,0.819,0.819,0.819,0.819,0.819
2013-10-22 20:00:00,0.624,0.624,0.624,0.624,0.624,0.624,0.624,0.624,0.624,0.624,0.624,0.624,0.624,0.624,0.624,0.624,0.624
2013-10-22 21:00:00,0.44,0.44,0.44,0.44,0.44,0.44,0.44,0.44,0.44,0.44,0.44,0.44,0.44,0.44,0.44,0.44,0.44
2013-10-22 22:00:00,0.225,0.225,0.225,0.225,0.225,0.225,0.225,0.225,0.225,0.225,0.225,0.225,0.225,0.225,0.225,0.225,0.225
2013-10-22 23:00:00,0.133,0.133,0.133,0.133,0.133,0.133,0.133,0.133,0.133,0.133,0.133,0.133,0.133,0.133,0.133,0.133,0.133
2013-10-23 00:00:00,0.103,0.103,0.103,0.103,0.103,0.103,0.103,0.103,0.103,0.103,0.103,0.103,0.103,0.103,0.103,0.103,0.103
2013-10-23 01:00:00,0.092,0.092,0.092,0.092,0.092,0.092,0.092,0.092,0.092,0.092,0.092,0.092,0.092,0.092,0.092,0.092,0.092
2013-10-23 02:00:00,0.113,0.113,0.113,0.113,0.113,0.113,0.113,0.113,0.113,0.113,0.113,0.113,0.113,0.113,0.113,0.113,0.113
2013-10-23 03:00:00,0.214,0.214,0.214,0.214,0.214,0.214,0.214,0.214,0.214,0.214,0.214,0.214,0.214,0.214,0.214,0.214,0.214
2013-10-23 04:00:00,0.706,0.706,0.706,0.706,0.706,0.706,0.706,0.706,0.706,0.706,0.706,0.706,0.706,0.706,0.706,0.706,0.706
2013-10-23 05:00:00,1.351,1.351,1.351,1.351,1.351,1.351,1.351,1.351,1.351,1.351,1.351,1.351,1.351,1.351,1.351,1.351,1.351
2013-10-23 06:00:00,1.841,1.841,1.841,1.841,1.841,1.841,1.841,1.841,1.841,1.841,1.841,1.841,1.841,1.841,1.841,1.841,1.841
2013-10-23 07:00:00,1.678,1.678,1.678,1.678,1.678,1.678,1.678,1.678,1.678,1.678,1.678,1.678,1.678,1.678,1.678,1.678,1.678
2013-10-23 08:00:00,1.392,1.392,1.392,1.392,1.392,1.392,1.392,1.392,1.392,1.392,1.392,1.392,1.392,1.392,1.392,1.392,1.392
2013-10-23 09:00:00,1.351,1.351,1.351,1.351,1.351,1.351,1.351,1.351,1.351,1.351,1.351,1.351,1.351,1.351,1.351,1.351,1.351
2013-10-23 10:00:00,1.382,1.382,1.382,1.382,1.382,1.382,1.382,1.382,1.382,1.382,1.382,1.382,1.382,1.382,1.382,1.382,1.382
2013-10-23 11:00:00,1.432,1.432,1.432,1.432,1.432,1.432,1.432,1.432,1.432,1.432,1.432,1.432,1.432,1.432,1.432,1.432,1.432
2013-10-23 12:00:00,1.586,1.586,1.586,1.586,1.586,1.586,1.586,1.586,1.586,1.586,1.586,1.586,1.586,1.586,1.586,1.586,1.586
2013-10-23 13:00:00,1.944,1.944,1.944,1.944,1.944,1.944,1.944,1.944,1.944,1.944,1.944,1.944,1.944,1.944,1.944,1.944,1.944
2013-10-23 14:00:00,2.23,2.23,2.23,2.23,2.23,2.23,2.23,2.23,2.23,2.23,2.23,2.23,2.23,2.23,2.23,2.23,2.23
2013-10-23 15:00:00,2.23,2.23,2.23,2.23,2.23,2.23,2.23,2.23,2.23,2.23,2.23,2.23,2.23,2.23,2.23,2.23,2.23
2013-10-23 16:00:00,1.791,1.791,1.791,1.791,1.791,1.791,1.791,1.791,1.791,1.791,1.791,1.791,1.791,1.791,1.791,1.791,1.791
2013-10-23 17:00:00,1.392,1.392,1.392,1.392,1.392,1.392,1.392,1.392,1.392,1.392,1.392,1.392,1.392,1.392,1.392,1.392,1.392
2013-10-23 18:00:00,1.084,1.084,1.084,1.084,1.084,1.084,1.084,1.084,1.084,1.084,1.084,1.084,1.084,1.084,1.084,1.084,1.084
2013-10-23 19:00:00,0.839,0.839,0.839,0.839,0.839,0.839,0.839,0.839,0.839,0.839,0.839,0.839,0.839,0.839,0.839,0.839,0.839
2013-10-23 20:00:00,0.634,0.634,0.634,0.634,0.634,0.634,0.634,0.634,0.634,0.634,0.634,0.634,0.634,0.634,0.634,0.634,0.634
2013-10-23 21:00:00,0.45,0.45,0.45,0.45,0.45,0.45,0.45,0.45,0.45,0.45,0.45,0.45,0.45,0.45,0.45,0.45,0.45
2013-10-23 22:00:00,0.235,0.235,0.235,0.235,0.235,0.235,0.235,0.235,0.235,0.235,0.235,0.235,0.235,0.235,0.235,0.235,0.235
2013-10-23 23:00:00,0.133,0.133,0.133,0.133,0.133,0.133,0.133,0.133,0.133,0.133,0.133,0.133,0.133,0.133,0.133,0.133,0.133
2013-10-24 00:00:00,0.103,0.103,0.103,0.103,0.103,0.103,0.103,0.103,0.103,0.103,0.103,0.103,0.103,0.103,0.103,0.103,0.103
2013-10-24 01:00:00,0.103,0.103,0.103,0.103,0.103,0.103,0.103,0.103,0.103,0.103,0.103,0.103,0.103,0.103,0.103,0.103,0.103
2013-10-24 02:00:00,0.113,0.113,0.113,0.113,0.113,0.113,0.113,0.113,0.113,0.113,0.113,0.113,0.113,0.113,0.113,0.113,0.113
2013-10-24 03:00:00,0.225,0.225,0.225,0.225,0.225,0.225,0.225,0.225,0.225,0.225,0.225,0.225,0.225,0.225,0.225,0.225,0.225
2013-10-24 04:00:00,0.737,0.737,0.737,0.737,0.737,0.737,0.737,0.737,0.737,0.737,0.737,0.737,0.737,0.737,0.737,0.737,0.737
2013-10-24 05:00:00,1.392,1.392,1.392,1.392,1.392,1.392,1.392,1.392,1.392,1.392,1.392,1.392,1.392,1.392,1.392,1.392,1.392
2013-10-24 06:00:00,1.903,1.903,1.903,1.903,1.903,1.903,1.903,1.903,1.903,1.903,1.903,1.903,1.903,1.903,1.903,1.903,1.903
2013-10-24 07:00:00,1.73,1.73,1.73,1.73,1.73,1.73,1.73,1.73,1.73,1.73,1.73,1.73,1.73,1.73,1.73,1.73,1.73
2013-10-24 08:00:00,1.442,1.442,1.442,1.442,1.442,1.442,1.442,1.442,1.442,1.442,1.442,1.442,1.442,1.442,1.442,1.442,1.442
2013-10-24 09:00:00,1.392,1.392,1.392,1.392,1.392,1.392,1.392,1.392,1.392,1.392,1.392,1.392,1.392,1.392,1.392,1.392,1.392
2013-10-24 10:00:00,1.432,1.432,1.432,1.432,1.432,1.432,1.432,1.432,1.432,1.432,1.432,1.432,1.432,1.432,1.432,1.432,1.432
2013-10-24 11:00:00,1.483,1.483,1.483,1.483,1.483,1.483,1.483,1.483,1.483,1.483,1.483,1.483,1.483,1.483,1.483,1.483,1.483
2013-10-24 12:00:00,1.648,1.648,1.648,1.648,1.648,1.648,1.648,1.648,1.648,1.648,1.648,1.648,1.648,1.648,1.648,1.648,1.648
2013-10-24 13:00:00,2.016,2.016,2.016,2.016,2.016,2.016,2.016,2.016,2.016,2.016,2.016,2.016,2.016,2.016,2.016,2.016,2.016
2013-10-24 14:00:00,2.302,2.302,2.302,2.302,2.302,2.302,2.302,2.302,2.302,2.302,2.302,2.302,2.302,2.302,2.302,2.302,2.302
2013-10-24 15:00:00,2.302,2.302,2.302,2.302,2.302,2.302,2.302,2.302,2.302,2.302,2.302,2.302,2.302,2.302,2.302,2.302,2.302
2013-10-24 16:00:00,1.852,1.852,1.852,1.852,1.852,1.852,1.852,1.852,1.852,1.852,1.852,1.852,1.852,1.852,1.852,1.852,1.852
2013-10-24 17:00:00,1.432,1.432,1.432,1.432,1.432,1.432,1.432,1.432,1.432,1.432,1.432,1.432,1.432,1.432,1.432,1.432,1.432
2013-10-24 18:00:00,1.125,1.125,1.125,1.125,1.125,1.125,1.125,1.125,1.125,1.125,1.125,1.125,1.125,1.125,1.125,1.125,1.125
2013-10-24 19:00:00,0.86,0.86,0.86,0.86,0.86,0.86,0.86,0.86,0.86,0.86,0.86,0.86,0.86,0.86,0.86,0.86,0.86
2013-10-24 20:00:00,0.655,0.655,0.655,0.655,0.655,0.655,0.655,0.655,0.655,0.655,0.655,0.655,0.655,0.655,0.655,0.655,0.655
2013-10-24 21:00:00,0.471,0.471,0.471,0.471,0.471,0.471,0.471,0.471,0.471,0.471,0.471,0.471,0.471,0.471,0.471,0.471,0.471
2013-10-24 22:00:00,0.245,0.245,0.245,0.245,0.245,0.245,0.245,0.245,0.245,0.245,0.245,0.245,0.245,0.245,0.245,0.245,0.245
2013-10-24 23:00:00,0.144,0.144,0.144,0.144,0.144,0.144,0.144,0.144,0.144,0.144,0.144,0.144,0.144,0.144,0.144,0.144,0.144
2013-11-21 00:00:00,0.123,0.123,0.123,0.123,0.123,0.123,0.123,0.123,0.123,0.123,0.123,0.123,0.123,0.123,0.123,0.123,0.123
2013-11-21 01:00:00,0.092,0.092,0.092,0.092,0.092,0.092,0.092,0.092,0.092,0.092,0.092,0.092,0.092,0.092,0.092,0.092,0.092
2013-11-21 02:00:00,0.092,0.092,0.092,0.092,0.092,0.092,0.092,0.092,0.092,0.092,0.092,0.092,0.092,0.092,0.092,0.092,0.092
2013-11-21 03:00:00,0.113,0.113,0.113,0.113,0.113,0.113,0.113,0.113,0.113,0.113,0.113,0.113,0.113,0.113,0.113,0.113,0.113
2013-11-21 04:00:00,0.204,0.204,0.204,0.204,0.204,0.204,0.204,0.204,0.204,0.204,0.204,0.204,0.204,0.204,0.204,0.204,0.204
2013-11-21 05:00:00,0.685,0.685,0.685,0.685,0.685,0.685,0.685,0.685,0.685,0.685,0.685,0.685,0.685,0.685,0.685,0.685,0.685
2013-11-21 06:00:00,1.3,1.3,1.3,1.3,1.3,1.3,1.3,1.3,1.3,1.3,1.3,1.3,1.3,1.3,1.3,1.3,1.3
2013-11-21 07:00:00,1.781,1.781,1.781,1.781,1.781,1.781,1.781,1.781,1.781,1.781,1.781,1.781,1.781,1.781,1.781,1.781,1.781
2013-11-21 08:00:00,1.617,1.617,1.617,1.617,1.617,1.617,1.617,1.617,1.617,1.617,1.617,1.617,1.617,1.617,1.617,1.617,1.617
2013-11-21 09:00:00,1.341,1.341,1.341,1.341,1.341,1.341,1.341,1.341,1.341,1.341,1.341,1.341,1.341,1.341,1.341,1.341,1.341
2013-11-21 10:00:00,1.3,1.3,1.3,1.3,1.3,1.3,1.3,1.3,1.3,1.3,1.3,1.3,1.3,1.3,1.3,1.3,1.3
2013-11-21 11:00:00,1.331,1.331,1.331,1.331,1.331,1.331,1.331,1.331,1.331,1.331,1.331,1.331,1.331,1.331,1.331,1.331,1.331
2013-11-21 12:00:00,1.382,1.382,1.382,1.382,1.382,1.382,1.382,1.382,1.382,1.382,1.382,1.382,1.382,1.382,1.382,1.382,1.382
2013-11-21 13:00:00,1.535,1.535,1.535,1.535,1.535,1.535,1.535,1.535,1.535,1.535,1.535,1.535,1.535,1.535,1.535,1.535,1.535
2013-11-21 14:00:00,1.872,1.872,1.872,1.872,1.872,1.872,1.872,1.872,1.872,1.872,1.872,1.872,1.872,1.872,1.872,1.872,1.872
2013-11-21 15:00:00,2.149,2.149,2.149,2.149,2.149,2.149,2.149,2.149,2.149,2.149,2.149,2.149,2.149,2.149,2.149,2.149,2.149
2013-11-21 16:00:00,2.149,2.149,2.149,2.149,2.149,2.149,2.149,2.149,2.149,2.149,2.149,2.149,2.149,2.149,2.149,2.149,2.149
2013-11-21 17:00:00,1.73,1.73,1.73,1.73,1.73,1.73,1.73,1.73,1.73,1.73,1.73,1.73,1.73,1.73,1.73,1.73,1.73
2013-11-21 18:00:00,1.341,1.341,1.341,1.341,1.341,1.341,1.341,1.341,1.341,1.341,1.341,1.341,1.341,1.341,1.341,1.341,1.341
2013-11-21 19:00:00,1.043,1.043,1.043,1.043,1.043,1.043,1.043,1.043,1.043,1.043,1.043,1.043,1.043,1.043,1.043,1.043,1.043
2013-11-21 20:00:00,0.808,0.808,0.808,0.808,0.808,0.808,0.808,0.808,0.808,0.808,0.808,0.808,0.808,0.808,0.808,0.808,0.808
2013-11-21 21:00:00,0.613,0.613,0.613,0.613,0.613,0.613,0.613,0.613,0.613,0.613,0.613,0.613,0.613,0.613,0.613,0.613,0.613
2013-11-21 22:00:00,0.44,0.44,0.44,0.44,0.44,0.44,0.44,0.44,0.44,0.44,0.44,0.44,0.44,0.44,0.44,0.44,0.44
2013-11-21 23:00:00,0.225,0.225,0.225,0.225,0.225,0.225,0.225,0.225,0.225,0.225,0.225,0.225,0.225,0.225,0.225,0.225,0.225
2013-11-22 00:00:00,0.133,0.133,0.133,0.133,0.133,0.133,0.133,0.133,0.133,0.133,0.133,0.133,0.133,0.133,0.133,0.133,0.133
2013-11-22 01:00:00,0.103,0.103,0.103,0.103,0.103,0.103,0.103,0.103,0.103,0.103,0.103,0.103,0.103,0.103,0.103,0.103,0.103
2013-11-22 02:00:00,0.103,0.103,0.103,0.103,0.103,0.103,0.103,0.103,0.103,0.103,0.103,0.103,0.103,0.103,0.103,0.103,0.103
2013-11-22 03:00:00,0.113,0.113,0.113,0.113,0.113,0.113,0.113,0.113,0.113,0.113,0.113,0.113,0.113,0.113,0.113,0.113,0.113
2013-11-22 04:00:00,0.214,0.214,0.214,0.214,0.214,0.214,0.214,0.214,0.214,0.214,0.214,0.214,0.214,0.214,0.214,0.214,0.214
2013-11-22 05:00:00,0.726,0.726,0.726,0.726,0.726,0.726,0.726,0.726,0.726,0.726,0.726,0.726,0.726,0.726,0.726,0.726,0.726
2013-11-22 06:00:00,1.382,1.382,1.382,1.382,1.382,1.382,1.382,1.382,1.382,1.382,1.382,1.382,1.382,1.382,1.382,1.382,1.382
2013-11-22 07:00:00,1.893,1.893,1.893,1.893,1.893,1.893,1.893,1.893,1.893,1.893,1.893,1.893,1.893,1.893,1.893,1.893,1.893
2013-11-22 08:00:00,1.719,1.719,1.719,1.719,1.719,1.719,1.719,1.719,1.719,1.719,1.719,1.719,1.719,1.719,1.719,1.719,1.719
2013-11-22 09:00:00,1.432,1.432,1.432,1.432,1.432,1.432,1.432,1.432,1.432,1.432,1.432,1.432,1.432,1.432,1.432,1.432,1.432
2013-11-22 10:00:00,1.382,1.382,1.382,1.382,1.382,1.382,1.382,1.382,1.382,1.382,1.382,1.382,1.382,1.382,1.382,1.382,1.382
2013-11-22 11:00:00,1.422,1.422,1.422,1.422,1.422,1.422,1.422,1.422,1.422,1.422,1.422,1.422,1.422,1.422,1.422,1.422,1.422
2013-11-22 12:00:00,1.473,1.473,1.473,1.473,1.473,1.473,1.473,1.473,1.473,1.473,1.473,1.473,1.473,1.473,1.473,1.473,1.473
2013-11-22 13:00:00,1.637,1.637,1.637,1.637,1.637,1.637,1.637,1.637,1.637,1.637,1.637,1.637,1.637,1.637,1.637,1.637,1.637
2013-11-22 14:00:00,1.995,1.995,1.995,1.995,1.995,1.995,1.995,1.995,1.995,1.995,1.995,1.995,1.995,1.995,1.995,1.995,1.995
2013-11-22 15:00:00,2.292,2.292,2.292,2.292,2.292,2.292,2.292,2.292,2.292,2.292,2.292,2.292,2.292,2.292,2.292,2.292,2.292
2013-11-22 16:00:00,2.292,2.292,2.292,2.292,2.292,2.292,2.292,2.292,2.292,2.292,2.292,2.292,2.292,2.292,2.292,2.292,2.292
2013-11-22 17:00:00,1.841,1.841,1.841,1.841,1.841,1.841,1.841,1.841,1.841,1.841,1.841,1.841,1.841,1.841,1.841,1.841,1.841
2013-11-22 18:00:00,1.432,1.432,1.432,1.432,1.432,1.432,1.432,1.432,1.432,1.432,1.432,1.432,1.432,1.432,1.432,1.432,1.432
2013-11-22 19:00:00,1.115,1.115,1.115,1.115,1.115,1.115,1.115,1.115,1.115,1.115,1.115,1.115,1.115,1.115,1.115,1.115,1.115
2013-11-22 20:00:00,0.86,0.86,0.86,0.86,0.86,0.86,0.86,0.86,0.86,0.86,0.86,0.86,0.86,0.86,0.86,0.86,0.86
2013-11-22 21:00:00,0.655,0.655,0.655,0.655,0.655,0.655,0.655,0.655,0.655,0.655,0.655,0.655,0.655,0.655,0.655,0.655,0.655
2013-11-22 22:00:00,0.471,0.471,0.471,0.471,0.471,0.471,0.471,0.471,0.471,0.471,0.471,0.471,0.471,0.471,0.471,0.471,0.471
2013-11-22 23:00:00,0.245,0.245,0.245,0.245,0.245,0.245,0.245,0.245,0.245,0.245,0.245,0.245,0.245,0.245,0.245,0.245,0.245
2013-11-23 00:00:00,0.255,0.255,0.255,0.255,0.255,0.255,0.255,0.255,0.255,0.255,0.255,0.255,0.255,0.255,0.255,0.255,0.255
2013-11-23 01:00:00,0.195,0.195,0.195,0.195,0.195,0.195,0.195,0.195,0.195,0.195,0.195,0.195,0.195,0.195,0.195,0.195,0.195
2013-11-23 02:00:00,0.174,0.174,0.174,0.174,0.174,0.174,0.174,0.174,0.174,0.174,0.174,0.174,0.174,0.174,0.174,0.174,0.174
2013-11-23 03:00:00,0.164,0.164,0.164,0.164,0.164,0.164,0.164,0.164,0.164,0.164,0.164,0.164,0.164,0.164,0.164,0.164,0.164
2013-11-23 04:00:00,0.204,0.204,0.204,0.204,0.204,0.204,0.204,0.204,0.204,0.204,0.204,0.204,0.204,0.204,0.204,0.204,0.204
2013-11-23 05:00:00,0.368,0.368,0.368,0.368,0.368,0.368,0.368,0.368,0.368,0.368,0.368,0.368,0.368,0.368,0.368,0.368,0.368
2013-11-23 06:00:00,0.512,0.512,0.512,0.512,0.512,0.512,0.512,0.512,0.512,0.512,0.512,0.512,0.512,0.512,0.512,0.512,0.512
2013-11-23 07:00:00,0.655,0.655,0.655,0.655,0.655,0.655,0.655,0.655,0.655,0.655,0.655,0.655,0.655,0.655,0.655,0.655,0.655
2013-11-23 08:00:00,0.89,0.89,0.89,0.89,0.89,0.89,0.89,0.89,0.89,0.89,0.89,0.89,0.89,0.89,0.89,0.89,0.89
2013-11-23 09:00:00,1.125,1.125,1.125,1.125,1.125,1.125,1.125,1.125,1.125,1.125,1.125,1.125,1.125,1.125,1.125,1.125,1.125
2013-11-23 10:00:00,1.422,1.422,1.422,1.422,1.422,1.422,1.422,1.422,1.422,1.422,1.422,1.422,1.422,1.422,1.422,1.422,1.422
2013-11-23 11:00:00,1.545,1.545,1.545,1.545,1.545,1.545,1.545,1.545,1.545,1.545,1.545,1.545,1.545,1.545,1.545,1.545,1.545
2013-11-23 12:00:00,1.627,1.627,1.627,1.627,1.627,1.627,1.627,1.627,1.627,1.627,1.627,1.627,1.627,1.627,1.627,1.627,1.627
2013-11-23 13:00:00,1.637,1.637,1.637,1.637,1.637,1.637,1.637,1.637,1.637,1.637,1.637,1.637,1.637,1.637,1.637,1.637,1.637
2013-11-23 14:00:00,1.607,1.607,1.607,1.607,1.607,1.607,1.607,1.607,1.607,1.607,1.607,1.607,1.607,1.607,1.607,1.607,1.607
2013-11-23 15:00:00,1.524,1.524,1.524,1.524,1.524,1.524,1.524,1.524,1.524,1.524,1.524,1.524,1.524,1.524,1.524,1.524,1.524
2013-11-23 16:00:00,1.402,1.402,1.402,1.402,1.402,1.402,1.402,1.402,1.402,1.402,1.402,1.402,1.402,1.402,1.402,1.402,1.402
2013-11-23 17:00:00,1.29,1.29,1.29,1.29,1.29,1.29,1.29,1.29,1.29,1.29,1.29,1.29,1.29,1.29,1.29,1.29,1.29
2013-11-23 18:00:00,1.146,1.146,1.146,1.146,1.146,1.146,1.146,1.146,1.146,1.146,1.146,1.146,1.146,1.146,1.146,1.146,1.146
2013-11-23 19:00:00,0.993,0.993,0.993,0.993,0.993,0.993,0.993,0.993,0.993,0.993,0.993,0.993,0.993,0.993,0.993,0.993,0.993
2013-11-23 20:00:00,0.819,0.819,0.819,0.819,0.819,0.819,0.819,0.819,0.819,0.819,0.819,0.819,0.819,0.819,0.819,0.819,0.819
2013-11-23 21:00:00,0.624,0.624,0.624,0.624,0.624,0.624,0.624,0.624,0.624,0.624,0.624,0.624,0.624,0.624,0.624,0.624,0.624
2013-11-23 22:00:00,0.45,0.45,0.45,0.45,0.45,0.45,0.45,0.45,0.45,0.45,0.45,0.45,0.45,0.45,0.45,0.45,0.45
2013-11-23 23:00:00,0.296,0.296,0.296,0.296,0.296,0.296,0.296,0.296,0.296,0.296,0.296,0.296,0.296,0.296,0.296,0.296,0.296
2013-11-24 00:00:00,0.225,0.225,0.225,0.225,0.225,0.225,0.225,0.225,0.225,0.225,0.225,0.225,0.225,0.225,0.225,0.225,0.225
2013-11-24 01:00:00,0.185,0.185,0.185,0.185,0.185,0.185,0.185,0.185,0.185,0.185,0.185,0.185,0.185,0.185,0.185,0.185,0.185
2013-11-24 02:00:00,0.154,0.154,0.154,0.154,0.154,0.154,0.154,0.154,0.154,0.154,0.154,0.154,0.154,0.154,0.154,0.154,0.154
2013-11-24 03:00:00,0.123,0.123,0.123,0.123,0.123,0.123,0.123,0.123,0.123,0.123,0.123,0.123,0.123,0.123,0.123,0.123,0.123
2013-11-24 04:00:00,0.133,0.133,0.133,0.133,0.133,0.133,0.133,0.133,0.133,0.133,0.133,0.133,0.133,0.133,0.133,0.133,0.133
2013-11-24 05:00:00,0.225,0.225,0.225,0.225,0.225,0.225,0.225,0.225,0.225,0.225,0.225,0.225,0.225,0.225,0.225,0.225,0.225
2013-11-24 06:00:00,0.307,0.307,0.307,0.307,0.307,0.307,0.307,0.307,0.307,0.307,0.307,0.307,0.307,0.307,0.307,0.307,0.307
2013-11-24 07:00:00,0.42,0.42,0.42,0.42,0.42,0.42,0.42,0.42,0.42,0.42,0.42,0.42,0.42,0.42,0.42,0.42,0.42
2013-11-24 08:00:00,0.563,0.563,0.563,0.563,0.563,0.563,0.563,0.563,0.563,0.563,0.563,0.563,0.563,0.563,0.563,0.563,0.563
2013-11-24 09:00:00,0.788,0.788,0.788,0.788,0.788,0.788,0.788,0.788,0.788,0.788,0.788,0.788,0.788,0.788,0.788,0.788,0.788
2013-11-24 10:00:00,1.043,1.043,1.043,1.043,1.043,1.043,1.043,1.043,1.043,1.043,1.043,1.043,1.043,1.043,1.043,1.043,1.043
2013-11-24 11:00:00,1.259,1.259,1.259,1.259,1.259,1.259,1.259,1.259,1.259,1.259,1.259,1.259,1.259,1.259,1.259,1.259,1.259
2013-11-24 12:00:00,1.402,1.402,1.402,1.402,1.402,1.402,1.402,1.402,1.402,1.402,1.402,1.402,1.402,1.402,1.402,1.402,1.402
2013-11-24 13:00:00,1.473,1.473,1.473,1.473,1.473,1.473,1.473,1.473,1.473,1.473,1.473,1.473,1.473,1.473,1.473,1.473,1.473
2013-11-24 14:00:00,1.555,1.555,1.555,1.555,1.555,1.555,1.555,1.555,1.555,1.555,1.555,1.555,1.555,1.555,1.555,1.555,1.555
2013-11-24 15:00:00,1.576,1.576,1.576,1.576,1.576,1.576,1.576,1.576,1.576,1.576,1.576,1.576,1.576,1.576,1.576,1.576,1.576
2013-11-24 16:00:00,1.596,1.596,1.596,1.596,1.596,1.596,1.596,1.596,1.596,1.596,1.596,1.596,1.596,1.596,1.596,1.596,1.596
2013-11-24 17:00:00,1.555,1.555,1.555,1.555,1.555,1.555,1.555,1.555,1.555,1.555,1.555,1.555,1.555,1.555,1.555,1.555,1.555
2013-11-24 18:00:00,1.494,1.494,1.494,1.494,1.494,1.494,1.494,1.494,1.494,1.494,1.494,1.494,1.494,1.494,1.494,1.494,1.494
2013-11-24 19:00:00,1.32,1.32,1.32,1.32,1.32,1.32,1.32,1.32,1.32,1.32,1.32,1.32,1.32,1.32,1.32,1.32,1.32
2013-11-24 20:00:00,1.023,1.023,1.023,1.023,1.023,1.023,1.023,1.023,1.023,1.023,1.023,1.023,1.023,1.023,1.023,1.023,1.023
2013-11-24 21:00:00,0.726,0.726,0.726,0.726,0.726,0.726,0.726,0.726,0.726,0.726,0.726,0.726,0.726,0.726,0.726,0.726,0.726
2013-11-24 22:00:00,0.44,0.44,0.44,0.44,0.44,0.44,0.44,0.44,0.44,0.44,0.44,0.44,0.44,0.44,0.44,0.44,0.44
2013-11-24 23:00:00,0.245,0.245,0.245,0.245,0.245,0.245,0.245,0.245,0.245,0.245,0.245,0.245,0.245,0.245,0.245,0.245,0.245
2013-11-25 00:00:00,0.123,0.123,0.123,0.123,0.123,0.123,0.123,0.123,0.123,0.123,0.123,0.123,0.123,0.123,0.123,0.123,0.123
2013-11-25 01:00:00,0.092,0.092,0.092,0.092,0.092,0.092,0.092,0.092,0.092,0.092,0.092,0.092,0.092,0.092,0.092,0.092,0.092
2013-11-25 02:00:00,0.092,0.092,0.092,0.092,0.092,0.092,0.092,0.092,0.092,0.092,0.092,0.092,0.092,0.092,0.092,0.092,0.092
2013-11-25 03:00:00,0.103,0.103,0.103,0.103,0.103,0.103,0.103,0.103,0.103,0.103,0.103,0.103,0.103,0.103,0.103,0.103,0.103
2013-11-25 04:00:00,0.195,0.195,0.195,0.195,0.195,0.195,0.195,0.195,0.195,0.195,0.195,0.195,0.195,0.195,0.195,0.195,0.195
2013-11-25 05:00:00,0.665,0.665,0.665,0.665,0.665,0.665,0.665,0.665,0.665,0.665,0.665,0.665,0.665,0.665,0.665,0.665,0.665
2013-11-25 06:00:00,1.259,1.259,1.259,1.259,1.259,1.259,1.259,1.259,1.259,1.259,1.259,1.259,1.259,1.259,1.259,1.259,1.259
2013-11-25 07:00:00,1.73,1.73,1.73,1.73,1.73,1.73,1.73,1.73,1.73,1.73,1.73,1.73,1.73,1.73,1.73,1.73,1.73
2013-11-25 08:00:00,1.565,1.565,1.565,1.565,1.565,1.565,1.565,1.565,1.565,1.565,1.565,1.565,1.565,1.565,1.565,1.565,1.565
2013-11-25 09:00:00,1.31,1.31,1.31,1.31,1.31,1.31,1.31,1.31,1.31,1.31,1.31,1.31,1.31,1.31,1.31,1.31,1.31
2013-11-25 10:00:00,1.259,1.259,1.259,1.259,1.259,1.259,1.259,1.259,1.259,1.259,1.259,1.259,1.259,1.259,1.259,1.259,1.259
2013-11-25 11:00:00,1.29,1.29,1.29,1.29,1.29,1.29,1.29,1.29,1.29,1.29,1.29,1.29,1.29,1.29,1.29,1.29,1.29
2013-11-25 12:00:00,1.341,1.341,1.341,1.341,1.341,1.341,1.341,1.341,1.341,1.341,1.341,1.341,1.341,1.341,1.341,1.341,1.341
2013-11-25 13:00:00,1.494,1.494,1.494,1.494,1.494,1.494,1.494,1.494,1.494,1.494,1.494,1.494,1.494,1.494,1.494,1.494,1.494
2013-11-25 14:00:00,1.821,1.821,1.821,1.821,1.821,1.821,1.821,1.821,1.821,1.821,1.821,1.821,1.821,1.821,1.821,1.821,1.821
2013-11-25 15:00:00,2.088,2.088,2.088,2.088,2.088,2.088,2.088,2.088,2.088,2.088,2.088,2.088,2.088,2.088,2.088,2.088,2.088
2013-11-25 16:00:00,2.088,2.088,2.088,2.088,2.088,2.088,2.088,2.088,2.088,2.088,2.088,2.088,2.088,2.088,2.088,2.088,2.088
2013-11-25 17:00:00,1.678,1.678,1.678,1.678,1.678,1.678,1.678,1.678,1.678,1.678,1.678,1.678,1.678,1.678,1.678,1.678,1.678
2013-11-25 18:00:00,1.3,1.3,1.3,1.3,1.3,1.3,1.3,1.3,1.3,1.3,1.3,1.3,1.3,1.3,1.3,1.3,1.3
2013-11-25 19:00:00,1.013,1.013,1.013,1.013,1.013,1.013,1.013,1.013,1.013,1.013,1.013,1.013,1.013,1.013,1.013,1.013,1.013
2013-11-25 20:00:00,0.778,0.778,0.778,0.778,0.778,0.778,0.778,0.778,0.778,0.778,0.778,0.778,0.778,0.778,0.778,0.778,0.778
2013-11-25 21:00:00,0.594,0.594,0.594,0.594,0.594,0.594,0.594,0.594,0.594,0.594,0.594,0.594,0.594,0.594,0.594,0.594,0.594
2013-11-25 22:00:00,0.42,0.42,0.42,0.42,0.42,0.42,0.42,0.42,0.42,0.42,0.42,0.42,0.42,0.42,0.42,0.42,0.42
2013-11-25 23:00:00,0.214,0.214,0.214,0.214,0.214,0.214,0.214,0.214,0.214,0.214,0.214,0.214,0.214,0.214,0.214,0.214,0.214
2013-11-26 00:00:00,0.113,0.113,0.113,0.113,0.113,0.113,0.113,0.113,0.113,0.113,0.113,0.113,0.113,0.113,0.113,0.113,0.113
2013-11-26 01:00:00,0.092,0.092,0.092,0.092,0.092,0.092,0.092,0.092,0.092,0.092,0.092,0.092,0.092,0.092,0.092,0.092,0.092
2013-11-26 02:00:00,0.082,0.082,0.082,0.082,0.082,0.082,0.082,0.082,0.082,0.082,0.082,0.082,0.082,0.082,0.082,0.082,0.082
2013-11-26 03:00:00,0.103,0.103,0.103,0.103,0.103,0.103,0.103,0.103,0.103,0.103,0.103,0.103,0.103,0.103,0.103,0.103,0.103
2013-11-26 04:00:00,0.195,0.195,0.195,0.195,0.195,0.195,0.195,0.195,0.195,0.195,0.195,0.195,0.195,0.195,0.195,0.195,0.195
2013-11-26 05:00:00,0.644,0.644,0.644,0.644,0.644,0.644,0.644,0.644,0.644,0.644,0.644,0.644,0.644,0.644,0.644,0.644,0.644
2013-11-26 06:00:00,1.228,1.228,1.228,1.228,1.228,1.228,1.228,1.228,1.228,1.228,1.228,1.228,1.228,1.228,1.228,1.228,1.228
2013-11-26 07:00:00,1.678,1.678,1.678,1.678,1.678,1.678,1.678,1.678,1.678,1.678,1.678,1.678,1.678,1.678,1.678,1.678,1.678
2013-11-26 08:00:00,1.524,1.524,1.524,1.524,1.524,1.524,1.524,1.524,1.524,1.524,1.524,1.524,1.524,1.524,1.524,1.524,1.524
2013-11-26 09:00:00,1.269,1.269,1.269,1.269,1.269,1.269,1.269,1.269,1.269,1.269,1.269,1.269,1.269,1.269,1.269,1.269,1.269
2013-11-26 10:00:00,1.228,1.228,1.228,1.228,1.228,1.228,1.228,1.228,1.228,1.228,1.228,1.228,1.228,1.228,1.228,1.228,1.228
2013-11-26 11:00:00,1.259,1.259,1.259,1.259,1.259,1.259,1.259,1.259,1.259,1.259,1.259,1.259,1.259,1.259,1.259,1.259,1.259
2013-11-26 12:00:00,1.3,1.3,1.3,1.3,1.3,1.3,1.3,1.3,1.3,1.3,1.3,1.3,1.3,1.3,1.3,1.3,1.3
2013-11-26 13:00:00,1.442,1.442,1.442,1.442,1.442,1.442,1.442,1.442,1.442,1.442,1.442,1.442,1.442,1.442,1.442,1.442,1.442
2013-11-26 14:00:00,1.771,1.771,1.771,1.771,1.771,1.771,1.771,1.771,1.771,1.771,1.771,1.771,1.771,1.771,1.771,1.771,1.771
2013-11-26 15:00:00,2.026,2.026,2.026,2.026,2.026,2.026,2.026,2.026,2.026,2.026,2.026,2.026,2.026,2.026,2.026,2.026,2.026
2013-11-26 16:00:00,2.026,2.026,2.026,2.026,2.026,2.026,2.026,2.026,2.026,2.026,2.026,2.026,2.026,2.026,2.026,2.026,2.026
2013-11-26 17:00:00,1.627,1.627,1.627,1.627,1.627,1.627,1.627,1.627,1.627,1.627,1.627,1.627,1.627,1.627,1.627,1.627,1.627
2013-11-26 18:00:00,1.259,1.259,1.259,1.259,1.259,1.259,1.259,1.259,1.259,1.259,1.259,1.259,1.259,1.259,1.259,1.259,1.259
2013-11-26 19:00:00,0.983,0.983,0.983,0.983,0.983,0.983,0.983,0.983,0.983,0.983,0.983,0.983,0.983,0.983,0.983,0.983,0.983
2013-11-26 20:00:00,0.757,0.757,0.757,0.757,0.757,0.757,0.757,0.757,0.757,0.757,0.757,0.757,0.757,0.757,0.757,0.757,0.757
2013-11-26 21:00:00,0.573,0.573,0.573,0.573,0.573,0.573,0.573,0.573,0.573,0.573,0.573,0.573,0.573,0.573,0.573,0.573,0.573
2013-11-26 22:00:00,0.409,0.409,0.409,0.409,0.409,0.409,0.409,0.409,0.409,0.409,0.409,0.409,0.409,0.409,0.409,0.409,0.409
2013-11-26 23:00:00,0.214,0.214,0.214,0.214,0.214,0.214,0.214,0.214,0.214,0.214,0.214,0.214,0.214,0.214,0.214,0.214,0.214
2013-11-27 00:00:00,0.123,0.123,0.123,0.123,0.123,0.123,0.123,0.123,0.123,0.123,0.123,0.123,0.123,0.123,0.123,0.123,0.123
2013-11-27 01:00:00,0.092,0.092,0.092,0.092,0.092,0.092,0.092,0.092,0.092,0.092,0.092,0.092,0.092,0.092,0.092,0.092,0.092
2013-11-27 02:00:00,0.092,0.092,0.092,0.092,0.092,0.092,0.092,0.092,0.092,0.092,0.092,0.092,0.092,0.092,0.092,0.092,0.092
2013-11-27 03:00:00,0.103,0.103,0.103,0.103,0.103,0.103,0.103,0.103,0.103,0.103,0.103,0.103,0.103,0.103,0.103,0.103,0.103
2013-11-27 04:00:00,0.195,0.195,0.195,0.195,0.195,0.195,0.195,0.195,0.195,0.195,0.195,0.195,0.195,0.195,0.195,0.195,0.195
2013-11-27 05:00:00,0.665,0.665,0.665,0.665,0.665,0.665,0.665,0.665,0.665,0.665,0.665,0.665,0.665,0.665,0.665,0.665,0.665
2013-11-27 06:00:00,1.259,1.259,1.259,1.259,1.259,1.259,1.259,1.259,1.259,1.259,1.259,1.259,1.259,1.259,1.259,1.259,1.259
2013-11-27 07:00:00,1.719,1.719,1.719,1.719,1.719,1.719,1.719,1.719,1.719,1.719,1.719,1.719,1.719,1.719,1.719,1.719,1.719
2013-11-27 08:00:00,1.555,1.555,1.555,1.555,1.555,1.555,1.555,1.555,1.555,1.555,1.555,1.555,1.555,1.555,1.555,1.555,1.555
2013-11-27 09:00:00,1.3,1.3,1.3,1.3,1.3,1.3,1.3,1.3,1.3,1.3,1.3,1.3,1.3,1.3,1.3,1.3,1.3
2013-11-27 10:00:00,1.259,1.259,1.259,1.259,1.259,1.259,1.259,1.259,1.259,1.259,1.259,1.259,1.259,1.259,1.259,1.259,1.259
2013-11-27 11:00:00,1.29,1.29,1.29,1.29,1.29,1.29,1.29,1.29,1.29,1.29,1.29,1.29,1.29,1.29,1.29,1.29,1.29
2013-11-27 12:00:00,1.331,1.331,1.331,1.331,1.331,1.331,1.331,1.331,1.331,1.331,1.331,1.331,1.331,1.331,1.331,1.331,1.331
2013-11-27 13:00:00,1.483,1.483,1.483,1.483,1.483,1.483,1.483,1.483,1.483,1.483,1.483,1.483,1.483,1.483,1.483,1.483,1.483
2013-11-27 14:00:00,1.811,1.811,1.811,1.811,1.811,1.811,1.811,1.811,1.811,1.811,1.811,1.811,1.811,1.811,1.811,1.811,1.811
2013-11-27 15:00:00,2.077,2.077,2.077,2.077,2.077,2.077,2.077,2.077,2.077,2.077,2.077,2.077,2.077,2.077,2.077,2.077,2.077
2013-11-27 16:00:00,2.077,2.077,2.077,2.077,2.077,2.077,2.077,2.077,2.077,2.077,2.077,2.077,2.077,2.077,2.077,2.077,2.077
2013-11-27 17:00:00,1.668,1.668,1.668,1.668,1.668,1.668,1.668,1.668,1.668,1.668,1.668,1.668,1.668,1.668,1.668,1.668,1.668
2013-11-27 18:00:00,1.29,1.29,1.29,1.29,1.29,1.29,1.29,1.29,1.29,1.29,1.29,1.29,1.29,1.29,1.29,1.29,1.29
2013-11-27 19:00:00,1.013,1.013,1.013,1.013,1.013,1.013,1.013,1.013,1.013,1.013,1.013,1.013,1.013,1.013,1.013,1.013,1.013
2013-11-27 20:00:00,0.778,0.778,0.778,0.778,0.778,0.778,0.778,0.778,0.778,0.778,0.778,0.778,0.778,0.778,0.778,0.778,0.778
2013-11-27 21:00:00,0.594,0.594,0.594,0.594,0.594,0.594,0.594,0.594,0.594,0.594,0.594,0.594,0.594,0.594,0.594,0.594,0.594
2013-11-27 22:00:00,0.42,0.42,0.42,0.42,0.42,0.42,0.42,0.42,0.42,0.42,0.42,0.42,0.42,0.42,0.42,0.42,0.42
2013-11-27 23:00:00,0.214,0.214,0.214,0.214,0.214,0.214,0.214,0.214,0.214,0.214,0.214,0.214,0.214,0.214,0.214,0.214,0.214
2013-11-28 00:00:00,0.123,0.123,0.123,0.123,0.123,0.123,0.123,0.123,0.123,0.123,0.123,0.123,0.123,0.123,0.123,0.123,0.123
2013-11-28 01:00:00,0.092,0.092,0.092,0.092,0.092,0.092,0.092,0.092,0.092,0.092,0.092,0.092,0.092,0.092,0.092,0.092,0.092
2013-11-28 02:00:00,0.092,0.092,0.092,0.092,0.092,0.092,0.092,0.092,0.092,0.092,0.092,0.092,0.092,0.092,0.092,0.092,0.092
2013-11-28 03:00:00,0.113,0.113,0.113,0.113,0.113,0.113,0.113,0.113,0.113,0.113,0.113,0.113,0.113,0.113,0.113,0.113,0.113
2013-11-28 04:00:00,0.204,0.204,0.204,0.204,0.204,0.204,0.204,0.204,0.204,0.204,0.204,0.204,0.204,0.204,0.204,0.204,0.204
2013-11-28 05:00:00,0.685,0.685,0.685,0.685,0.685,0.685,0.685,0.685,0.685,0.685,0.685,0.685,0.685,0.685,0.685,0.685,0.685
2013-11-28 06:00:00,1.3,1.3,1.3,1.3,1.3,1.3,1.3,1.3,1.3,1.3,1.3,1.3,1.3,1.3,1.3,1.3,1.3
2013-11-28 07:00:00,1.781,1.781,1.781,1.781,1.781,1.781,1.781,1.781,1.781,1.781,1.781,1.781,1.781,1.781,1.781,1.781,1.781
2013-11-28 08:00:00,1.617,1.617,1.617,1.617,1.617,1.617,1.617,1.617,1.617,1.617,1.617,1.617,1.617,1.617,1.617,1.617,1.617
2013-11-28 09:00:00,1.341,1.341,1.341,1.341,1.341,1.341,1.341,1.341,1.341,1.341,1.341,1.341,1.341,1.341,1.341,1.341,1.341
2013-11-28 10:00:00,1.3,1.3,1.3,1.3,1.3,1.3,1.3,1.3,1.3,1.3,1.3,1.3,1.3,1.3,1.3,1.3,1.3
2013-11-28 11:00:00,1.331,1.331,1.331,1.331,1.331,1.331,1.331,1.331,1.331,1.331,1.331,1.331,1.331,1.331,1.331,1.331,1.331
2013-11-28 12:00:00,1.382,1.382,1.382,1.382,1.382,1.382,1.382,1.382,1.382,1.382,1.382,1.382,1.382,1.382,1.382,1.382,1.382
2013-11-28 13:00:00,1.535,1.535,1.535,1.535,1.535,1.535,1.535,1.535,1.535,1.535,1.535,1.535,1.535,1.535,1.535,1.535,1.535
2013-11-28 14:00:00,1.872,1.872,1.872,1.872,1.872,1.872,1.872,1.872,1.872,1.872,1.872,1.872,1.872,1.872,1.872,1.872,1.872
2013-11-28 15:00:00,2.149,2.149,2.149,2.149,2.149,2.149,2.149,2.149,2.149,2.149,2.149,2.149,2.149,2.149,2.149,2.149,2.149
2013-11-28 16:00:00,2.149,2.149,2.149,2.149,2.149,2.149,2.149,2.149,2.149,2.149,2.149,2.149,2.149,2.149,2.149,2.149,2.149
2013-11-28 17:00:00,1.73,1.73,1.73,1.73,1.73,1.73,1.73,1.73,1.73,1.73,1.73,1.73,1.73,1.73,1.73,1.73,1.73
2013-11-28 18:00:00,1.341,1.341,1.341,1.341,1.341,1.341,1.341,1.341,1.341,1.341,1.341,1.341,1.341,1.341,1.341,1.341,1.341
2013-11-28 19:00:00,1.043,1.043,1.043,1.043,1.043,1.043,1.043,1.043,1.043,1.043,1.043,1.043,1.043,1.043,1.043,1.043,1.043
2013-11-28 20:00:00,0.808,0.808,0.808,0.808,0.808,0.808,0.808,0.808,0.808,0.808,0.808,0.808,0.808,0.808,0.808,0.808,0.808
2013-11-28 21:00:00,0.613,0.613,0.613,0.613,0.613,0.613,0.613,0.613,0.613,0.613,0.613,0.613,0.613,0.613,0.613,0.613,0.613
2013-11-28 22:00:00,0.44,0.44,0.44,0.44,0.44,0.44,0.44,0.44,0.44,0.44,0.44,0.44,0.44,0.44,0.44,0.44,0.44
2013-11-28 23:00:00,0.225,0.225,0.225,0.225,0.225,0.225,0.225,0.225,0.225,0.225,0.225,0.225,0.225,0.225,0.225,0.225,0.225
2013-11-29 00:00:00,0.133,0.133,0.133,0.133,0.133,0.133,0.133,0.133,0.133,0.133,0.133,0.133,0.133,0.133,0.133,0.133,0.133
2013-11-29 01:00:00,0.103,0.103,0.103,0.103,0.103,0.103,0.103,0.103,0.103,0.103,0.103,0.103,0.103,0.103,0.103,0.103,0.103
2013-11-29 02:00:00,0.103,0.103,0.103,0.103,0.103,0.103,0.103,0.103,0.103,0.103,0.103,0.103,0.103,0.103,0.103,0.103,0.103
2013-11-29 03:00:00,0.113,0.113,0.113,0.113,0.113,0.113,0.113,0.113,0.113,0.113,0.113,0.113,0.113,0.113,0.113,0.113,0.113
2013-11-29 04:00:00,0.214,0.214,0.214,0.214,0.214,0.214,0.214,0.214,0.214,0.214,0.214,0.214,0.214,0.214,0.214,0.214,0.214
2013-11-29 05:00:00,0.726,0.726,0.726,0.726,0.726,0.726,0.726,0.726,0.726,0.726,0.726,0.726,0.726,0.726,0.726,0.726,0.726
2013-11-29 06:00:00,1.382,1.382,1.382,1.382,1.382,1.382,1.382,1.382,1.382,1.382,1.382,1.382,1.382,1.382,1.382,1.382,1.382
2013-11-29 07:00:00,1.893,1.893,1.893,1.893,1.893,1.893,1.893,1.893,1.893,1.893,1.893,1.893,1.893,1.893,1.893,1.893,1.893
2013-11-29 08:00:00,1.719,1.719,1.719,1.719,1.719,1.719,1.719,1.719,1.719,1.719,1.719,1.719,1.719,1.719,1.719,1.719,1.719
2013-11-29 09:00:00,1.432,1.432,1.432,1.432,1.432,1.432,1.432,1.432,1.432,1.432,1.432,1.432,1.432,1.432,1.432,1.432,1.432
2013-11-29 10:00:00,1.382,1.382,1.382,1.382,1.382,1.382,1.382,1.382,1.382,1.382,1.382,1.382,1.382,1.382,1.382,1.382,1.382
2013-11-29 11:00:00,1.422,1.422,1.422,1.422,1.422,1.422,1.422,1.422,1.422,1.422,1.422,1.422,1.422,1.422,1.422,1.422,1.422
2013-11-29 12:00:00,1.473,1.473,1.473,1.473,1.473,1.473,1.473,1.473,1.473,1.473,1.473,1.473,1.473,1.473,1.473,1.473,1.473
2013-11-29 13:00:00,1.637,1.637,1.637,1.637,1.637,1.637,1.637,1.637,1.637,1.637,1.637,1.637,1.637,1.637,1.637,1.637,1.637
2013-11-29 14:00:00,1.995,1.995,1.995,1.995,1.995,1.995,1.995,1.995,1.995,1.995,1.995,1.995,1.995,1.995,1.995,1.995,1.995
2013-11-29 15:00:00,2.292,2.292,2.292,2.292,2.292,2.292,2.292,2.292,2.292,2.292,2.292,2.292,2.292,2.292,2.292,2.292,2.292
2013-11-29 16:00:00,2.292,2.292,2.292,2.292,2.292,2.292,2.292,2.292,2.292,2.292,2.292,2.292,2.292,2.292,2.292,2.292,2.292
2013-11-29 17:00:00,1.841,1.841,1.841,1.841,1.841,1.841,1.841,1.841,1.841,1.841,1.841,1.841,1.841,1.841,1.841,1.841,1.841
2013-11-29 18:00:00,1.432,1.432,1.432,1.432,1.432,1.432,1.432,1.432,1.432,1.432,1.432,1.432,1.432,1.432,1.432,1.432,1.432
2013-11-29 19:00:00,1.115,1.115,1.115,1.115,1.115,1.115,1.115,1.115,1.115,1.115,1.115,1.115,1.115,1.115,1.115,1.115,1.115
2013-11-29 20:00:00,0.86,0.86,0.86,0.86,0.86,0.86,0.86,0.86,0.86,0.86,0.86,0.86,0.86,0.86,0.86,0.86,0.86
2013-11-29 21:00:00,0.655,0.655,0.655,0.655,0.655,0.655,0.655,0.655,0.655,0.655,0.655,0.655,0.655,0.655,0.655,0.655,0.655
2013-11-29 22:00:00,0.471,0.471,0.471,0.471,0.471,0.471,0.471,0.471,0.471,0.471,0.471,0.471,0.471,0.471,0.471,0.471,0.471
2013-11-29 23:00:00,0.245,0.245,0.245,0.245,0.245,0.245,0.245,0.245,0.245,0.245,0.245,0.245,0.245,0.245,0.245,0.245,0.245
2013-11-30 00:00:00,0.255,0.255,0.255,0.255,0.255,0.255,0.255,0.255,0.255,0.255,0.255,0.255,0.255,0.255,0.255,0.255,0.255
2013-11-30 01:00:00,0.195,0.195,0.195,0.195,0.195,0.195,0.195,0.195,0.195,0.195,0.195,0.195,0.195,0.195,0.195,0.195,0.195
2013-11-30 02:00:00,0.174,0.174,0.174,0.174,0.174,0.174,0.174,0.174,0.174,0.174,0.174,0.174,0.174,0.174,0.174,0.174,0.174
2013-11-30 03:00:00,0.164,0.164,0.164,0.164,0.164,0.164,0.164,0.164,0.164,0.164,0.164,0.164,0.164,0.164,0.164,0.164,0.164
2013-11-30 04:00:00,0.204,0.204,0.204,0.204,0.204,0.204,0.204,0.204,0.204,0.204,0.204,0.204,0.204,0.204,0.204,0.204,0.204
2013-11-30 05:00:00,0.368,0.368,0.368,0.368,0.368,0.368,0.368,0.368,0.368,0.368,0.368,0.368,0.368,0.368,0.368,0.368,0.368
2013-11-30 06:00:00,0.512,0.512,0.512,0.512,0.512,0.512,0.512,0.512,0.512,0.512,0.512,0.512,0.512,0.512,0.512,0.512,0.512
2013-11-30 07:00:00,0.655,0.655,0.655,0.655,0.655,0.655,0.655,0.655,0.655,0.655,0.655,0.655,0.655,0.655,0.655,0.655,0.655
2013-11-30 08:00:00,0.89,0.89,0.89,0.89,0.89,0.89,0.89,0.89,0.89,0.89,0.89,0.89,0.89,0.89,0.89,0.89,0.89
2013-11-30 09:00:00,1.125,1.125,1.125,1.125,1.125,1.125,1.125,1.125,1.125,1.125,1.125,1.125,1.125,1.125,1.125,1.125,1.125
2013-11-30 10:00:00,1.422,1.422,1.422,1.422,1.422,1.422,1.422,1.422,1.422,1.422,1.422,1.422,1.422,1.422,1.422,1.422,1.422
2013-11-30 11:00:00,1.545,1.545,1.545,1.545,1.545,1.545,1.545,1.545,1.545,1.545,1.545,1.545,1.545,1.545,1.545,1.545,1.545
2013-11-30 12:00:00,1.627,1.627,1.627,1.627,1.627,1.627,1.627,1.627,1.627,1.627,1.627,1.627,1.627,1.627,1.627,1.627,1.627
2013-11-30 13:00:00,1.637,1.637,1.637,1.637,1.637,1.637,1.637,1.637,1.637,1.637,1.637,1.637,1.637,1.637,1.637,1.637,1.637
2013-11-30 14:00:00,1.607,1.607,1.607,1.607,1.607,1.607,1.607,1.607,1.607,1.607,1.607,1.607,1.607,1.607,1.607,1.607,1.607
2013-11-30 15:00:00,1.524,1.524,1.524,1.524,1.524,1.524,1.524,1.524,1.524,1.524,1.524,1.524,1.524,1.524,1.524,1.524,1.524
2013-11-30 16:00:00,1.402,1.402,1.402,1.402,1.402,1.402,1.402,1.402,1.402,1.402,1.402,1.402,1.402,1.402,1.402,1.402,1.402
2013-11-30 17:00:00,1.29,1.29,1.29,1.29,1.29,1.29,1.29,1.29,1.29,1.29,1.29,1.29,1.29,1.29,1.29,1.29,1.29
2013-11-30 18:00:00,1.146,1.146,1.146,1.146,1.146,1.146,1.146,1.146,1.146,1.146,1.146,1.146,1.146,1.146,1.146,1.146,1.146
2013-11-30 19:00:00,0.993,0.993,0.993,0.993,0.993,0.993,0.993,0.993,0.993,0.993,0.993,0.993,0.993,0.993,0.993,0.993,0.993
2013-11-30 20:00:00,0.819,0.819,0.819,0.819,0.819,0.819,0.819,0.819,0.819,0.819,0.819,0.819,0.819,0.819,0.819,0.819,0.819
2013-11-30 21:00:00,0.624,0.624,0.624,0.624,0.624,0.624,0.624,0.624,0.624,0.624,0.624,0.624,0.624,0.624,0.624,0.624,0.624
2013-11-30 22:00:00,0.45,0.45,0.45,0.45,0.45,0.45,0.45,0.45,0.45,0.45,0.45,0.45,0.45,0.45,0.45,0.45,0.45
2013-11-30 23:00:00,0.296,0.296,0.296,0.296,0.296,0.296,0.296,0.296,0.296,0.296,0.296,0.296,0.296,0.296,0.296,0.296,0.296
2013-12-01 00:00:00,0.214,0.214,0.214,0.214,0.214,0.214,0.214,0.214,0.214,0.214,0.214,0.214,0.214,0.214,0.214,0.214,0.214
2013-12-01 01:00:00,0.174,0.174,0.174,0.174,0.174,0.174,0.174,0.174,0.174,0.174,0.174,0.174,0.174,0.174,0.174,0.174,0.174
2013-12-01 02:00:00,0.144,0.144,0.144,0.144,0.144,0.144,0.144,0.144,0.144,0.144,0.144,0.144,0.144,0.144,0.144,0.144,0.144
2013-12-01 03:00:00,0.123,0.123,0.123,0.123,0.123,0.123,0.123,0.123,0.123,0.123,0.123,0.123,0.123,0.123,0.123,0.123,0.123
2013-12-01 04:00:00,0.123,0.123,0.123,0.123,0.123,0.123,0.123,0.123,0.123,0.123,0.123,0.123,0.123,0.123,0.123,0.123,0.123
2013-12-01 05:00:00,0.204,0.204,0.204,0.204,0.204,0.204,0.204,0.204,0.204,0.204,0.204,0.204,0.204,0.204,0.204,0.204,0.204
2013-12-01 06:00:00,0.286,0.286,0.286,0.286,0.286,0.286,0.286,0.286,0.286,0.286,0.286,0.286,0.286,0.286,0.286,0.286,0.286
2013-12-01 07:00:00,0.389,0.389,0.389,0.389,0.389,0.389,0.389,0.389,0.389,0.389,0.389,0.389,0.389,0.389,0.389,0.389,0.389
2013-12-01 08:00:00,0.522,0.522,0.522,0.522,0.522,0.522,0.522,0.522,0.522,0.522,0.522,0.522,0.522,0.522,0.522,0.522,0.522
2013-12-01 09:00:00,0.737,0.737,0.737,0.737,0.737,0.737,0.737,0.737,0.737,0.737,0.737,0.737,0.737,0.737,0.737,0.737,0.737
2013-12-01 10:00:00,0.983,0.983,0.983,0.983,0.983,0.983,0.983,0.983,0.983,0.983,0.983,0.983,0.983,0.983,0.983,0.983,0.983
2013-12-01 11:00:00,1.187,1.187,1.187,1.187,1.187,1.187,1.187,1.187,1.187,1.187,1.187,1.187,1.187,1.187,1.187,1.187,1.187
2013-12-01 12:00:00,1.31,1.31,1.31,1.31,1.31,1.31,1.31,1.31,1.31,1.31,1.31,1.31,1.31,1.31,1.31,1.31,1.31
2013-12-01 13:00:00,1.382,1.382,1.382,1.382,1.382,1.382,1.382,1.382,1.382,1.382,1.382,1.382,1.382,1.382,1.382,1.382,1.382
2013-12-01 14:00:00,1.463,1.463,1.463,1.463,1.463,1.463,1.463,1.463,1.463,1.463,1.463,1.463,1.463,1.463,1.463,1.463,1.463
2013-12-01 15:00:00,1.473,1.473,1.473,1.473,1.473,1.473,1.473,1.473,1.473,1.473,1.473,1.473,1.473,1.473,1.473,1.473,1.473
2013-12-01 16:00:00,1.494,1.494,1.494,1.494,1.494,1.494,1.494,1.494,1.494,1.494,1.494,1.494,1.494,1.494,1.494,1.494,1.494
2013-12-01 17:00:00,1.453,1.453,1.453,1.453,1.453,1.453,1.453,1.453,1.453,1.453,1.453,1.453,1.453,1.453,1.453,1.453,1.453
2013-12-01 18:00:00,1.392,1.392,1.392,1.392,1.392,1.392,1.392,1.392,1.392,1.392,1.392,1.392,1.392,1.392,1.392,1.392,1.392
2013-12-01 19:00:00,1.238,1.238,1.238,1.238,1.238,1.238,1.238,1.238,1.238,1.238,1.238,1.238,1.238,1.238,1.238,1.238,1.238
2013-12-01 20:00:00,0.962,0.962,0.962,0.962,0.962,0.962,0.962,0.962,0.962,0.962,0.962,0.962,0.962,0.962,0.962,0.962,0.962
2013-12-01 21:00:00,0.675,0.675,0.675,0.675,0.675,0.675,0.675,0.675,0.675,0.675,0.675,0.675,0.675,0.675,0.675,0.675,0.675
2013-12-01 22:00:00,0.42,0.42,0.42,0.42,0.42,0.42,0.42,0.42,0.42,0.42,0.42,0.42,0.42,0.42,0.42,0.42,0.42
2013-12-01 23:00:00,0.235,0.235,0.235,0.235,0.235,0.235,0.235,0.235,0.235,0.235,0.235,0.235,0.235,0.235,0.235,0.235,0.235
2013-12-02 00:00:00,0.113,0.113,0.113,0.113,0.113,0.113,0.113,0.113,0.113,0.113,0.113,0.113,0.113,0.113,0.113,0.113,0.113
2013-12-02 01:00:00,0.082,0.082,0.082,0.082,0.082,0.082,0.082,0.082,0.082,0.082,0.082,0.082,0.082,0.082,0.082,0.082,0.082
2013-12-02 02:00:00,0.082,0.082,0.082,0.082,0.082,0.082,0.082,0.082,0.082,0.082,0.082,0.082,0.082,0.082,0.082,0.082,0.082
2013-12-02 03:00:00,0.103,0.103,0.103,0.103,0.103,0.103,0.103,0.103,0.103,0.103,0.103,0.103,0.103,0.103,0.103,0.103,0.103
2013-12-02 04:00:00,0.185,0.185,0.185,0.185,0.185,0.185,0.185,0.185,0.185,0.185,0.185,0.185,0.185,0.185,0.185,0.185,0.185
2013-12-02 05:00:00,0.624,0.624,0.624,0.624,0.624,0.624,0.624,0.624,0.624,0.624,0.624,0.624,0.624,0.624,0.624,0.624,0.624
2013-12-02 06:00:00,1.187,1.187,1.187,1.187,1.187,1.187,1.187,1.187,1.187,1.187,1.187,1.187,1.187,1.187,1.187,1.187,1.187
2013-12-02 07:00:00,1.617,1.617,1.617,1.617,1.617,1.617,1.617,1.617,1.617,1.617,1.617,1.617,1.617,1.617,1.617,1.617,1.617
2013-12-02 08:00:00,1.473,1.473,1.473,1.473,1.473,1.473,1.473,1.473,1.473,1.473,1.473,1.473,1.473,1.473,1.473,1.473,1.473
2013-12-02 09:00:00,1.228,1.228,1.228,1.228,1.228,1.228,1.228,1.228,1.228,1.228,1.228,1.228,1.228,1.228,1.228,1.228,1.228
2013-12-02 10:00:00,1.187,1.187,1.187,1.187,1.187,1.187,1.187,1.187,1.187,1.187,1.187,1.187,1.187,1.187,1.187,1.187,1.187
2013-12-02 11:00:00,1.207,1.207,1.207,1.207,1.207,1.207,1.207,1.207,1.207,1.207,1.207,1.207,1.207,1.207,1.207,1.207,1.207
2013-12-02 12:00:00,1.259,1.259,1.259,1.259,1.259,1.259,1.259,1.259,1.259,1.259,1.259,1.259,1.259,1.259,1.259,1.259,1.259
2013-12-02 13:00:00,1.392,1.392,1.392,1.392,1.392,1.392,1.392,1.392,1.392,1.392,1.392,1.392,1.392,1.392,1.392,1.392,1.392
2013-12-02 14:00:00,1.709,1.709,1.709,1.709,1.709,1.709,1.709,1.709,1.709,1.709,1.709,1.709,1.709,1.709,1.709,1.709,1.709
2013-12-02 15:00:00,1.954,1.954,1.954,1.954,1.954,1.954,1.954,1.954,1.954,1.954,1.954,1.954,1.954,1.954,1.954,1.954,1.954
2013-12-02 16:00:00,1.954,1.954,1.954,1.954,1.954,1.954,1.954,1.954,1.954,1.954,1.954,1.954,1.954,1.954,1.954,1.954,1.954
2013-12-02 17:00:00,1.576,1.576,1.576,1.576,1.576,1.576,1.576,1.576,1.576,1.576,1.576,1.576,1.576,1.576,1.576,1.576,1.576
2013-12-02 18:00:00,1.218,1.218,1.218,1.218,1.218,1.218,1.218,1.218,1.218,1.218,1.218,1.218,1.218,1.218,1.218,1.218,1.218
2013-12-02 19:00:00,0.952,0.952,0.952,0.952,0.952,0.952,0.952,0.952,0.952,0.952,0.952,0.952,0.952,0.952,0.952,0.952,0.952
2013-12-02 20:00:00,0.737,0.737,0.737,0.737,0.737,0.737,0.737,0.737,0.737,0.737,0.737,0.737,0.737,0.737,0.737,0.737,0.737
2013-12-02 21:00:00,0.563,0.563,0.563,0.563,0.563,0.563,0.563,0.563,0.563,0.563,0.563,0.563,0.563,0.563,0.563,0.563,0.563
2013-12-02 22:00:00,0.399,0.399,0.399,0.399,0.399,0.399,0.399,0.399,0.399,0.399,0.399,0.399,0.399,0.399,0.399,0.399,0.399
2013-12-02 23:00:00,0.204,0.204,0.204,0.204,0.204,0.204,0.204,0.204,0.204,0.204,0.204,0.204,0.204,0.204,0.204,0.204,0.204
2013-12-03 00:00:00,0.113,0.113,0.113,0.113,0.113,0.113,0.113,0.113,0.113,0.113,0.113,0.113,0.113,0.113,0.113,0.113,0.113
2013-12-03 01:00:00,0.082,0.082,0.082,0.082,0.082,0.082,0.082,0.082,0.082,0.082,0.082,0.082,0.082,0.082,0.082,0.082,0.082
2013-12-03 02:00:00,0.082,0.082,0.082,0.082,0.082,0.082,0.082,0.082,0.082,0.082,0.082,0.082,0.082,0.082,0.082,0.082,0.082
2013-12-03 03:00:00,0.092,0.092,0.092,0.092,0.092,0.092,0.092,0.092,0.092,0.092,0.092,0.092,0.092,0.092,0.092,0.092,0.092
2013-12-03 04:00:00,0.185,0.185,0.185,0.185,0.185,0.185,0.185,0.185,0.185,0.185,0.185,0.185,0.185,0.185,0.185,0.185,0.185
2013-12-03 05:00:00,0.603,0.603,0.603,0.603,0.603,0.603,0.603,0.603,0.603,0.603,0.603,0.603,0.603,0.603,0.603,0.603,0.603
2013-12-03 06:00:00,1.146,1.146,1.146,1.146,1.146,1.146,1.146,1.146,1.146,1.146,1.146,1.146,1.146,1.146,1.146,1.146,1.146
2013-12-03 07:00:00,1.576,1.576,1.576,1.576,1.576,1.576,1.576,1.576,1.576,1.576,1.576,1.576,1.576,1.576,1.576,1.576,1.576
2013-12-03 08:00:00,1.422,1.422,1.422,1.422,1.422,1.422,1.422,1.422,1.422,1.422,1.422,1.422,1.422,1.422,1.422,1.422,1.422
2013-12-03 09:00:00,1.187,1.187,1.187,1.187,1.187,1.187,1.187,1.187,1.187,1.187,1.187,1.187,1.187,1.187,1.187,1.187,1.187
2013-12-03 10:00:00,1.146,1.146,1.146,1.146,1.146,1.146,1.146,1.146,1.146,1.146,1.146,1.146,1.146,1.146,1.146,1.146,1.146
2013-12-03 11:00:00,1.177,1.177,1.177,1.177,1.177,1.177,1.177,1.177,1.177,1.177,1.177,1.177,1.177,1.177,1.177,1.177,1.177
2013-12-03 12:00:00,1.218,1.218,1.218,1.218,1.218,1.218,1.218,1.218,1.218,1.218,1.218,1.218,1.218,1.218,1.218,1.218,1.218
2013-12-03 13:00:00,1.351,1.351,1.351,1.351,1.351,1.351,1.351,1.351,1.351,1.351,1.351,1.351,1.351,1.351,1.351,1.351,1.351
2013-12-03 14:00:00,1.658,1.658,1.658,1.658,1.658,1.658,1.658,1.658,1.658,1.658,1.658,1.658,1.658,1.658,1.658,1.658,1.658
2013-12-03 15:00:00,1.893,1.893,1.893,1.893,1.893,1.893,1.893,1.893,1.893,1.893,1.893,1.893,1.893,1.893,1.893,1.893,1.893
2013-12-03 16:00:00,1.903,1.903,1.903,1.903,1.903,1.903,1.903,1.903,1.903,1.903,1.903,1.903,1.903,1.903,1.903,1.903,1.903
2013-12-03 17:00:00,1.524,1.524,1.524,1.524,1.524,1.524,1.524,1.524,1.524,1.524,1.524,1.524,1.524,1.524,1.524,1.524,1.524
2013-12-03 18:00:00,1.187,1.187,1.187,1.187,1.187,1.187,1.187,1.187,1.187,1.187,1.187,1.187,1.187,1.187,1.187,1.187,1.187
2013-12-03 19:00:00,0.921,0.921,0.921,0.921,0.921,0.921,0.921,0.921,0.921,0.921,0.921,0.921,0.921,0.921,0.921,0.921,0.921
2013-12-03 20:00:00,0.716,0.716,0.716,0.716,0.716,0.716,0.716,0.716,0.716,0.716,0.716,0.716,0.716,0.716,0.716,0.716,0.716
2013-12-03 21:00:00,0.543,0.543,0.543,0.543,0.543,0.543,0.543,0.543,0.543,0.543,0.543,0.543,0.543,0.543,0.543,0.543,0.543
2013-12-03 22:00:00,0.389,0.389,0.389,0.389,0.389,0.389,0.389,0.389,0.389,0.389,0.389,0.389,0.389,0.389,0.389,0.389,0.389
2013-12-03 23:00:00,0.204,0.204,0.204,0.204,0.204,0.204,0.204,0.204,0.204,0.204,0.204,0.204,0.204,0.204,0.204,0.204,0.204
2013-12-04 00:00:00,0.113,0.113,0.113,0.113,0.113,0.113,0.113,0.113,0.113,0.113,0.113,0.113,0.113,0.113,0.113,0.113,0.113
2013-12-04 01:00:00,0.082,0.082,0.082,0.082,0.082,0.082,0.082,0.082,0.082,0.082,0.082,0.082,0.082,0.082,0.082,0.082,0.082
2013-12-04 02:00:00,0.082,0.082,0.082,0.082,0.082,0.082,0.082,0.082,0.082,0.082,0.082,0.082,0.082,0.082,0.082,0.082,0.082
2013-12-04 03:00:00,0.103,0.103,0.103,0.103,0.103,0.103,0.103,0.103,0.103,0.103,0.103,0.103,0.103,0.103,0.103,0.103,0.103
2013-12-04 04:00:00,0.185,0.185,0.185,0.185,0.185,0.185,0.185,0.185,0.185,0.185,0.185,0.185,0.185,0.185,0.185,0.185,0.185
2013-12-04 05:00:00,0.624,0.624,0.624,0.624,0.624,0.624,0.624,0.624,0.624,0.624,0.624,0.624,0.624,0.624,0.624,0.624,0.624
2013-12-04 06:00:00,1.177,1.177,1.177,1.177,1.177,1.177,1.177,1.177,1.177,1.177,1.177,1.177,1.177,1.177,1.177,1.177,1.177
2013-12-04 07:00:00,1.607,1.607,1.607,1.607,1.607,1.607,1.607,1.607,1.607,1.607,1.607,1.607,1.607,1.607,1.607,1.607,1.607
2013-12-04 08:00:00,1.463,1.463,1.463,1.463,1.463,1.463,1.463,1.463,1.463,1.463,1.463,1.463,1.463,1.463,1.463,1.463,1.463
2013-12-04 09:00:00,1.218,1.218,1.218,1.218,1.218,1.218,1.218,1.218,1.218,1.218,1.218,1.218,1.218,1.218,1.218,1.218,1.218
2013-12-04 10:00:00,1.177,1.177,1.177,1.177,1.177,1.177,1.177,1.177,1.177,1.177,1.177,1.177,1.177,1.177,1.177,1.177,1.177
2013-12-04 11:00:00,1.207,1.207,1.207,1.207,1.207,1.207,1.207,1.207,1.207,1.207,1.207,1.207,1.207,1.207,1.207,1.207,1.207
2013-12-04 12:00:00,1.248,1.248,1.248,1.248,1.248,1.248,1.248,1.248,1.248,1.248,1.248,1.248,1.248,1.248,1.248,1.248,1.248
2013-12-04 13:00:00,1.392,1.392,1.392,1.392,1.392,1.392,1.392,1.392,1.392,1.392,1.392,1.392,1.392,1.392,1.392,1.392,1.392
2013-12-04 14:00:00,1.699,1.699,1.699,1.699,1.699,1.699,1.699,1.699,1.699,1.699,1.699,1.699,1.699,1.699,1.699,1.699,1.699
2013-12-04 15:00:00,1.944,1.944,1.944,1.944,1.944,1.944,1.944,1.944,1.944,1.944,1.944,1.944,1.944,1.944,1.944,1.944,1.944
2013-12-04 16:00:00,1.944,1.944,1.944,1.944,1.944,1.944,1.944,1.944,1.944,1.944,1.944,1.944,1.944,1.944,1.944,1.944,1.944
2013-12-04 17:00:00,1.565,1.565,1.565,1.565,1.565,1.565,1.565,1.565,1.565,1.565,1.565,1.565,1.565,1.565,1.565,1.565,1.565
2013-12-04 18:00:00,1.218,1.218,1.218,1.218,1.218,1.218,1.218,1.218,1.218,1.218,1.218,1.218,1.218,1.218,1.218,1.218,1.218
2013-12-04 19:00:00,0.952,0.952,0.952,0.952,0.952,0.952,0.952,0.952,0.952,0.952,0.952,0.952,0.952,0.952,0.952,0.952,0.952
2013-12-04 20:00:00,0.726,0.726,0.726,0.726,0.726,0.726,0.726,0.726,0.726,0.726,0.726,0.726,0.726,0.726,0.726,0.726,0.726
2013-12-04 21:00:00,0.553,0.553,0.553,0.553,0.553,0.553,0.553,0.553,0.553,0.553,0.553,0.553,0.553,0.553,0.553,0.553,0.553
2013-12-04 22:00:00,0.399,0.399,0.399,0.399,0.399,0.399,0.399,0.399,0.399,0.399,0.399,0.399,0.399,0.399,0.399,0.399,0.399
2013-12-04 23:00:00,0.204,0.204,0.204,0.204,0.204,0.204,0.204,0.204,0.204,0.204,0.204,0.204,0.204,0.204,0.204,0.204,0.204
