hour,DE,LT,PL,PL pomorskie,PL zachodniopomorskie,SE
2012-01-01 00:00:00,0.602,0.078,0.222,0.222,0.186,0.157
2012-01-01 01:00:00,0.742,0.094,0.159,0.159,0.228,0.169
2012-01-01 02:00:00,0.868,0.094,0.149,0.149,0.308,0.18
2012-01-01 03:00:00,0.897,0.092,0.169,0.169,0.446,0.21
2012-01-01 04:00:00,0.907,0.076,0.247,0.247,0.562,0.252
2012-01-01 05:00:00,0.916,0.109,0.308,0.308,0.624,0.304
2012-01-01 06:00:00,0.917,0.185,0.397,0.397,0.682,0.378
2012-01-01 07:00:00,0.916,0.289,0.512,0.512,0.752,0.482
2012-01-01 08:00:00,0.92,0.4,0.672,0.672,0.821,0.612
2012-01-01 09:00:00,0.934,0.473,0.776,0.776,0.9,0.728
2012-01-01 10:00:00,0.938,0.555,0.85,0.85,0.911,0.805
2012-01-01 11:00:00,0.93,0.712,0.855,0.855,0.963,0.855
2012-01-01 12:00:00,0.933,0.836,0.887,0.887,0.989,0.877
2012-01-01 13:00:00,0.932,0.896,0.859,0.859,0.981,0.87
2012-01-01 14:00:00,0.926,0.923,0.891,0.891,0.967,0.858
2012-01-01 15:00:00,0.921,0.937,0.913,0.913,0.952,0.858
2012-01-01 16:00:00,0.906,0.943,0.925,0.925,0.937,0.845
2012-01-01 17:00:00,0.915,0.948,0.89,0.89,0.969,0.814
2012-01-01 18:00:00,0.923,0.949,0.951,0.951,0.919,0.76
2012-01-01 19:00:00,0.888,0.947,0.951,0.951,0.732,0.768
2012-01-01 20:00:00,0.842,0.942,0.914,0.914,0.795,0.78
2012-01-01 21:00:00,0.814,0.899,0.842,0.842,0.834,0.683
2012-01-01 22:00:00,0.768,0.78,0.674,0.674,0.9,0.633
2012-01-01 23:00:00,0.634,0.608,0.569,0.569,0.875,0.625
2012-01-02 00:00:00,0.665,0.478,0.583,0.583,0.965,0.568
2012-01-02 01:00:00,0.809,0.389,0.799,0.799,0.996,0.552
2012-01-02 02:00:00,0.872,0.286,0.883,0.883,1.0,0.683
2012-01-02 03:00:00,0.805,0.259,0.954,0.954,1.0,0.798
2012-01-02 04:00:00,0.812,0.438,0.998,0.998,0.999,0.836
2012-01-02 05:00:00,0.793,0.728,1.0,1.0,0.999,0.832
2012-01-02 06:00:00,0.81,0.82,1.0,1.0,1.0,0.839
2012-01-02 07:00:00,0.814,0.947,1.0,1.0,0.996,0.859
2012-01-02 08:00:00,0.815,0.95,1.0,1.0,0.958,0.858
2012-01-02 09:00:00,0.825,0.95,0.999,0.999,0.921,0.865
2012-01-02 10:00:00,0.803,0.95,0.997,0.997,0.926,0.865
2012-01-02 11:00:00,0.758,0.95,0.99,0.99,0.925,0.863
2012-01-02 12:00:00,0.741,0.95,0.979,0.979,0.821,0.847
2012-01-02 13:00:00,0.798,0.949,0.891,0.891,0.733,0.823
2012-01-02 14:00:00,0.842,0.932,0.8,0.8,0.591,0.808
2012-01-02 15:00:00,0.873,0.795,0.695,0.695,0.591,0.733
2012-01-02 16:00:00,0.878,0.635,0.679,0.679,0.515,0.681
2012-01-02 17:00:00,0.889,0.584,0.561,0.561,0.371,0.651
2012-01-02 18:00:00,0.902,0.683,0.419,0.419,0.498,0.593
2012-01-02 19:00:00,0.912,0.63,0.449,0.449,0.724,0.555
2012-01-02 20:00:00,0.914,0.475,0.616,0.616,0.783,0.599
2012-01-02 21:00:00,0.915,0.46,0.708,0.708,0.802,0.684
2012-01-02 22:00:00,0.931,0.572,0.778,0.778,0.866,0.744
2012-01-02 23:00:00,0.935,0.591,0.772,0.772,0.874,0.759
2012-01-03 00:00:00,0.941,0.629,0.714,0.714,0.964,0.714
2012-01-03 01:00:00,0.947,0.56,0.865,0.865,0.969,0.745
2012-01-03 02:00:00,0.946,0.404,0.971,0.971,0.964,0.82
2012-01-03 03:00:00,0.945,0.435,0.99,0.99,0.973,0.858
2012-01-03 04:00:00,0.947,0.732,0.994,0.994,0.972,0.871
2012-01-03 05:00:00,0.948,0.852,0.99,0.99,0.979,0.875
2012-01-03 06:00:00,0.949,0.902,0.992,0.992,0.976,0.897
2012-01-03 07:00:00,0.948,0.916,0.996,0.996,0.952,0.909
2012-01-03 08:00:00,0.948,0.918,0.991,0.991,0.963,0.916
2012-01-03 09:00:00,0.906,0.929,0.985,0.985,0.974,0.917
2012-01-03 10:00:00,0.688,0.94,0.982,0.982,0.984,0.925
2012-01-03 11:00:00,0.56,0.946,0.966,0.966,0.992,0.932
2012-01-03 12:00:00,0.644,0.944,0.967,0.967,0.999,0.935
2012-01-03 13:00:00,0.607,0.94,0.992,0.992,1.0,0.938
2012-01-03 14:00:00,0.614,0.944,0.997,0.997,1.0,0.932
2012-01-03 15:00:00,0.665,0.937,0.999,0.999,1.0,0.931
2012-01-03 16:00:00,0.852,0.949,1.0,1.0,0.998,0.936
2012-01-03 17:00:00,0.906,0.95,1.0,1.0,0.984,0.934
2012-01-03 18:00:00,0.848,0.95,1.0,1.0,0.959,0.937
2012-01-03 19:00:00,0.596,0.95,1.0,1.0,0.89,0.949
2012-01-03 20:00:00,0.608,0.95,0.985,0.985,0.771,0.949
2012-01-03 21:00:00,0.662,0.95,0.946,0.946,0.904,0.945
2012-01-03 22:00:00,0.649,0.95,0.857,0.857,0.999,0.932
2012-01-03 23:00:00,0.601,0.95,0.979,0.979,1.0,0.941
2012-01-04 00:00:00,0.633,0.95,0.997,0.997,0.998,0.949
2012-01-04 01:00:00,0.694,0.95,0.989,0.989,0.996,0.949
2012-01-04 02:00:00,0.761,0.95,0.984,0.984,0.98,0.942
2012-01-04 03:00:00,0.884,0.95,0.94,0.94,0.976,0.924
2012-01-04 04:00:00,0.949,0.95,0.915,0.915,0.973,0.922
2012-01-04 05:00:00,0.949,0.94,0.897,0.897,0.968,0.917
2012-01-04 06:00:00,0.948,0.92,0.862,0.862,0.958,0.891
2012-01-04 07:00:00,0.948,0.907,0.805,0.805,0.958,0.859
2012-01-04 08:00:00,0.949,0.879,0.758,0.758,0.957,0.839
2012-01-04 09:00:00,0.949,0.843,0.743,0.743,0.961,0.831
2012-01-04 10:00:00,0.949,0.82,0.791,0.791,0.975,0.809
2012-01-04 11:00:00,0.946,0.832,0.685,0.685,0.972,0.8
2012-01-04 12:00:00,0.95,0.768,0.431,0.431,0.983,0.783
2012-01-04 13:00:00,0.95,0.716,0.66,0.66,0.973,0.797
2012-01-04 14:00:00,0.95,0.795,0.715,0.715,0.991,0.817
2012-01-04 15:00:00,0.95,0.875,0.792,0.792,0.999,0.812
2012-01-04 16:00:00,0.95,0.881,0.901,0.901,0.999,0.819
2012-01-04 17:00:00,0.95,0.912,0.952,0.952,0.998,0.831
2012-01-04 18:00:00,0.95,0.931,0.914,0.914,0.998,0.834
2012-01-04 19:00:00,0.95,0.949,0.881,0.881,0.996,0.841
2012-01-04 20:00:00,0.936,0.95,0.98,0.98,0.999,0.841
2012-01-04 21:00:00,0.941,0.945,0.992,0.992,1.0,0.848
2012-01-04 22:00:00,0.947,0.948,0.95,0.95,0.999,0.858
2012-01-04 23:00:00,0.7,0.927,0.974,0.974,1.0,0.842
2012-01-05 00:00:00,0.663,0.901,0.994,0.994,1.0,0.866
2012-01-05 01:00:00,0.722,0.919,0.984,0.984,0.999,0.87
2012-01-05 02:00:00,0.678,0.942,0.991,0.991,0.999,0.855
2012-01-05 03:00:00,0.553,0.948,0.999,0.999,0.999,0.838
2012-01-05 04:00:00,0.672,0.948,1.0,1.0,1.0,0.834
2012-01-05 05:00:00,0.826,0.95,1.0,1.0,0.998,0.834
2012-01-05 06:00:00,0.883,0.95,1.0,1.0,0.999,0.821
2012-01-05 07:00:00,0.937,0.95,1.0,1.0,0.971,0.806
2012-01-05 08:00:00,0.947,0.95,0.999,0.999,0.998,0.795
2012-01-05 09:00:00,0.945,0.95,0.989,0.989,0.995,0.792
2012-01-05 10:00:00,0.938,0.95,0.998,0.998,0.991,0.794
2012-01-05 11:00:00,0.742,0.95,0.999,0.999,0.959,0.791
2012-01-05 12:00:00,0.696,0.95,0.996,0.996,0.967,0.795
2012-01-05 13:00:00,0.682,0.95,0.985,0.985,0.998,0.809
2012-01-05 14:00:00,0.661,0.95,0.997,0.997,1.0,0.826
2012-01-05 15:00:00,0.664,0.95,0.995,0.995,1.0,0.82
2012-01-05 16:00:00,0.677,0.95,0.998,0.998,1.0,0.793
2012-01-05 17:00:00,0.677,0.95,1.0,1.0,0.999,0.773
2012-01-05 18:00:00,0.669,0.95,0.999,0.999,0.989,0.732
2012-01-05 19:00:00,0.705,0.95,0.962,0.962,0.983,0.545
2012-01-05 20:00:00,0.734,0.948,0.7,0.7,0.996,0.443
2012-01-05 21:00:00,0.761,0.915,0.368,0.368,1.0,0.532
2012-01-05 22:00:00,0.803,0.8,0.21,0.21,1.0,0.654
2012-01-05 23:00:00,0.801,0.385,0.231,0.231,1.0,0.767
2012-01-06 00:00:00,0.818,0.196,0.379,0.379,0.996,0.842
2012-01-06 01:00:00,0.841,0.03,0.499,0.499,0.994,0.859
2012-01-06 02:00:00,0.861,0.0,0.626,0.626,0.999,0.864
2012-01-06 03:00:00,0.862,0.011,0.865,0.865,1.0,0.878
2012-01-06 04:00:00,0.866,0.169,0.965,0.965,1.0,0.893
2012-01-06 05:00:00,0.942,0.405,0.993,0.993,1.0,0.907
2012-01-06 06:00:00,0.947,0.618,0.999,0.999,1.0,0.901
2012-01-06 07:00:00,0.933,0.783,1.0,1.0,0.999,0.875
2012-01-06 08:00:00,0.91,0.912,1.0,1.0,0.991,0.863
2012-01-06 09:00:00,0.89,0.948,1.0,1.0,0.978,0.841
2012-01-06 10:00:00,0.869,0.95,0.996,0.996,0.877,0.807
2012-01-06 11:00:00,0.845,0.95,0.963,0.963,0.811,0.718
2012-01-06 12:00:00,0.889,0.95,0.901,0.901,0.82,0.636
2012-01-06 13:00:00,0.899,0.939,0.787,0.787,0.624,0.555
2012-01-06 14:00:00,0.897,0.901,0.714,0.714,0.695,0.484
2012-01-06 15:00:00,0.887,0.876,0.705,0.705,0.691,0.495
2012-01-06 16:00:00,0.856,0.897,0.659,0.659,0.657,0.506
2012-01-06 17:00:00,0.827,0.9,0.623,0.623,0.675,0.455
2012-01-06 18:00:00,0.758,0.856,0.461,0.461,0.585,0.365
2012-01-06 19:00:00,0.769,0.745,0.365,0.365,0.475,0.323
2012-01-06 20:00:00,0.817,0.613,0.366,0.366,0.527,0.365
2012-01-06 21:00:00,0.847,0.671,0.411,0.411,0.724,0.424
2012-01-06 22:00:00,0.895,0.699,0.649,0.649,0.894,0.544
2012-01-06 23:00:00,0.929,0.673,0.782,0.782,0.94,0.701
2012-01-07 00:00:00,0.941,0.685,0.928,0.928,0.963,0.775
2012-01-07 01:00:00,0.943,0.765,0.985,0.985,0.979,0.839
2012-01-07 02:00:00,0.947,0.886,0.99,0.99,0.993,0.851
2012-01-07 03:00:00,0.949,0.949,0.99,0.99,0.995,0.844
2012-01-07 04:00:00,0.949,0.95,0.971,0.971,0.998,0.819
2012-01-07 05:00:00,0.944,0.95,0.963,0.963,0.998,0.791
2012-01-07 06:00:00,0.931,0.947,0.966,0.966,0.996,0.792
2012-01-07 07:00:00,0.898,0.928,0.983,0.983,0.983,0.79
2012-01-07 08:00:00,0.915,0.851,0.992,0.992,0.97,0.777
2012-01-07 09:00:00,0.938,0.757,0.991,0.991,0.988,0.716
2012-01-07 10:00:00,0.946,0.703,0.997,0.997,0.994,0.665
2012-01-07 11:00:00,0.949,0.712,0.982,0.982,0.993,0.65
2012-01-07 12:00:00,0.947,0.631,0.932,0.932,0.987,0.612
2012-01-07 13:00:00,0.943,0.564,0.877,0.877,0.975,0.59
2012-01-07 14:00:00,0.94,0.527,0.833,0.833,0.916,0.588
2012-01-07 15:00:00,0.942,0.624,0.777,0.777,0.838,0.543
2012-01-07 16:00:00,0.942,0.752,0.745,0.745,0.864,0.452
2012-01-07 17:00:00,0.945,0.806,0.683,0.683,0.965,0.374
2012-01-07 18:00:00,0.946,0.774,0.557,0.557,0.981,0.322
2012-01-07 19:00:00,0.947,0.726,0.459,0.459,0.984,0.342
2012-01-07 20:00:00,0.947,0.629,0.586,0.586,0.987,0.413
2012-01-07 21:00:00,0.947,0.529,0.78,0.78,0.994,0.483
2012-01-07 22:00:00,0.947,0.461,0.821,0.821,0.994,0.495
2012-01-07 23:00:00,0.947,0.546,0.818,0.818,0.992,0.493
2012-01-08 00:00:00,0.947,0.517,0.813,0.813,0.993,0.471
2012-01-08 01:00:00,0.947,0.427,0.825,0.825,0.988,0.448
2012-01-08 02:00:00,0.947,0.262,0.841,0.841,0.995,0.435
2012-01-08 03:00:00,0.947,0.141,0.828,0.828,0.99,0.395
2012-01-08 04:00:00,0.942,0.136,0.747,0.747,0.972,0.357
2012-01-08 05:00:00,0.936,0.199,0.574,0.574,0.92,0.322
2012-01-08 06:00:00,0.926,0.259,0.431,0.431,0.856,0.272
2012-01-08 07:00:00,0.919,0.231,0.316,0.316,0.702,0.245
2012-01-08 08:00:00,0.903,0.181,0.236,0.236,0.539,0.222
2012-01-08 09:00:00,0.886,0.138,0.186,0.186,0.385,0.213
2012-01-08 10:00:00,0.875,0.129,0.19,0.19,0.164,0.2
2012-01-08 11:00:00,0.856,0.145,0.16,0.16,0.117,0.208
2012-01-08 12:00:00,0.855,0.168,0.173,0.173,0.102,0.237
2012-01-08 13:00:00,0.852,0.172,0.253,0.253,0.078,0.288
2012-01-08 14:00:00,0.85,0.116,0.38,0.38,0.09,0.371
2012-01-08 15:00:00,0.849,0.067,0.492,0.492,0.185,0.454
2012-01-08 16:00:00,0.808,0.03,0.663,0.663,0.304,0.519
2012-01-08 17:00:00,0.727,0.014,0.779,0.779,0.313,0.541
2012-01-08 18:00:00,0.612,0.032,0.792,0.792,0.275,0.537
2012-01-08 19:00:00,0.433,0.092,0.855,0.855,0.299,0.531
2012-01-08 20:00:00,0.29,0.201,0.907,0.907,0.285,0.538
2012-01-08 21:00:00,0.209,0.377,0.852,0.852,0.262,0.522
2012-01-08 22:00:00,0.169,0.657,0.741,0.741,0.228,0.504
2012-01-08 23:00:00,0.113,0.765,0.789,0.789,0.193,0.477
2012-01-09 00:00:00,0.104,0.764,0.799,0.799,0.168,0.475
2012-01-09 01:00:00,0.097,0.855,0.735,0.735,0.159,0.452
2012-01-09 02:00:00,0.083,0.924,0.647,0.647,0.158,0.412
2012-01-09 03:00:00,0.115,0.943,0.579,0.579,0.117,0.378
2012-01-09 04:00:00,0.226,0.948,0.53,0.53,0.095,0.345
2012-01-09 05:00:00,0.287,0.945,0.51,0.51,0.071,0.327
2012-01-09 06:00:00,0.341,0.94,0.425,0.425,0.064,0.305
2012-01-09 07:00:00,0.463,0.939,0.316,0.316,0.063,0.262
2012-01-09 08:00:00,0.548,0.912,0.238,0.238,0.042,0.194
2012-01-09 09:00:00,0.604,0.85,0.172,0.172,0.023,0.13
2012-01-09 10:00:00,0.701,0.729,0.119,0.119,0.021,0.081
2012-01-09 11:00:00,0.726,0.545,0.103,0.103,0.024,0.066
2012-01-09 12:00:00,0.782,0.44,0.107,0.107,0.026,0.064
2012-01-09 13:00:00,0.82,0.36,0.102,0.102,0.017,0.069
2012-01-09 14:00:00,0.84,0.413,0.091,0.091,0.022,0.076
2012-01-09 15:00:00,0.856,0.414,0.061,0.061,0.062,0.075
2012-01-09 16:00:00,0.87,0.32,0.041,0.041,0.164,0.068
2012-01-09 17:00:00,0.882,0.228,0.039,0.039,0.313,0.09
2012-01-09 18:00:00,0.901,0.15,0.052,0.052,0.489,0.113
2012-01-09 19:00:00,0.914,0.097,0.116,0.116,0.649,0.129
2012-01-09 20:00:00,0.925,0.055,0.232,0.232,0.769,0.185
2012-01-09 21:00:00,0.921,0.028,0.336,0.336,0.818,0.3
2012-01-09 22:00:00,0.907,0.015,0.336,0.336,0.79,0.423
2012-01-09 23:00:00,0.907,0.004,0.308,0.308,0.624,0.474
2012-01-10 00:00:00,0.9,0.0,0.33,0.33,0.876,0.496
2012-01-10 01:00:00,0.859,0.0,0.384,0.384,0.999,0.515
2012-01-10 02:00:00,0.757,0.0,0.505,0.505,0.998,0.531
2012-01-10 03:00:00,0.599,0.001,0.507,0.507,0.998,0.563
2012-01-10 04:00:00,0.525,0.004,0.35,0.35,0.988,0.47
2012-01-10 05:00:00,0.484,0.003,0.196,0.196,0.941,0.309
2012-01-10 06:00:00,0.53,0.0,0.131,0.131,0.917,0.214
2012-01-10 07:00:00,0.581,0.0,0.126,0.126,0.888,0.165
2012-01-10 08:00:00,0.626,0.0,0.12,0.12,0.928,0.137
2012-01-10 09:00:00,0.649,0.007,0.028,0.028,0.86,0.075
2012-01-10 10:00:00,0.663,0.0,0.006,0.006,0.676,0.067
2012-01-10 11:00:00,0.712,0.003,0.012,0.012,0.559,0.049
2012-01-10 12:00:00,0.723,0.028,0.023,0.023,0.443,0.069
2012-01-10 13:00:00,0.701,0.054,0.051,0.051,0.352,0.119
2012-01-10 14:00:00,0.643,0.084,0.075,0.075,0.351,0.169
2012-01-10 15:00:00,0.665,0.125,0.103,0.103,0.363,0.215
2012-01-10 16:00:00,0.728,0.165,0.17,0.17,0.29,0.295
2012-01-10 17:00:00,0.705,0.189,0.231,0.231,0.238,0.372
2012-01-10 18:00:00,0.733,0.206,0.31,0.31,0.351,0.42
2012-01-10 19:00:00,0.819,0.276,0.361,0.361,0.536,0.437
2012-01-10 20:00:00,0.875,0.375,0.373,0.373,0.7,0.438
2012-01-10 21:00:00,0.878,0.47,0.439,0.439,0.815,0.46
2012-01-10 22:00:00,0.878,0.525,0.602,0.602,0.864,0.523
2012-01-10 23:00:00,0.9,0.598,0.767,0.767,0.882,0.612
2012-01-11 00:00:00,0.911,0.683,0.855,0.855,0.861,0.635
2012-01-11 01:00:00,0.92,0.766,0.904,0.904,0.847,0.638
2012-01-11 02:00:00,0.931,0.793,0.936,0.936,0.902,0.69
2012-01-11 03:00:00,0.939,0.818,0.965,0.965,0.962,0.752
2012-01-11 04:00:00,0.941,0.927,0.987,0.987,0.986,0.785
2012-01-11 05:00:00,0.942,0.95,0.997,0.997,0.994,0.79
2012-01-11 06:00:00,0.942,0.95,0.999,0.999,0.997,0.78
2012-01-11 07:00:00,0.94,0.95,1.0,1.0,0.999,0.76
2012-01-11 08:00:00,0.934,0.95,1.0,1.0,0.999,0.775
2012-01-11 09:00:00,0.914,0.95,1.0,1.0,1.0,0.83
2012-01-11 10:00:00,0.859,0.95,1.0,1.0,1.0,0.902
2012-01-11 11:00:00,0.888,0.95,1.0,1.0,1.0,0.935
2012-01-11 12:00:00,0.765,0.95,1.0,1.0,1.0,0.932
2012-01-11 13:00:00,0.651,0.95,1.0,1.0,1.0,0.916
2012-01-11 14:00:00,0.643,0.95,1.0,1.0,1.0,0.883
2012-01-11 15:00:00,0.454,0.95,1.0,1.0,1.0,0.83
2012-01-11 16:00:00,0.367,0.95,1.0,1.0,0.998,0.796
2012-01-11 17:00:00,0.433,0.95,0.998,0.998,0.987,0.805
2012-01-11 18:00:00,0.541,0.95,0.998,0.998,0.969,0.85
2012-01-11 19:00:00,0.761,0.95,0.99,0.99,0.918,0.86
2012-01-11 20:00:00,0.88,0.949,0.951,0.951,0.879,0.829
2012-01-11 21:00:00,0.919,0.949,0.983,0.983,0.933,0.834
2012-01-11 22:00:00,0.927,0.945,0.989,0.989,0.973,0.845
2012-01-11 23:00:00,0.941,0.788,0.993,0.993,0.986,0.85
2012-01-12 00:00:00,0.947,0.919,0.989,0.989,0.991,0.867
2012-01-12 01:00:00,0.949,0.945,0.996,0.996,0.996,0.871
2012-01-12 02:00:00,0.95,0.948,0.999,0.999,0.999,0.914
2012-01-12 03:00:00,0.95,0.95,1.0,1.0,1.0,0.93
2012-01-12 04:00:00,0.95,0.95,1.0,1.0,1.0,0.94
2012-01-12 05:00:00,0.95,0.95,0.999,0.999,1.0,0.944
2012-01-12 06:00:00,0.95,0.95,0.998,0.998,1.0,0.939
2012-01-12 07:00:00,0.949,0.95,0.99,0.99,1.0,0.932
2012-01-12 08:00:00,0.941,0.95,0.977,0.977,0.999,0.867
2012-01-12 09:00:00,0.932,0.95,0.943,0.943,0.995,0.804
2012-01-12 10:00:00,0.919,0.947,0.87,0.87,0.988,0.761
2012-01-12 11:00:00,0.913,0.937,0.794,0.794,0.972,0.748
2012-01-12 12:00:00,0.946,0.91,0.661,0.661,0.948,0.793
2012-01-12 13:00:00,0.948,0.912,0.54,0.54,0.913,0.783
2012-01-12 14:00:00,0.946,0.889,0.505,0.505,0.833,0.787
2012-01-12 15:00:00,0.947,0.842,0.403,0.403,0.685,0.807
2012-01-12 16:00:00,0.95,0.796,0.369,0.369,0.841,0.809
2012-01-12 17:00:00,0.95,0.759,0.566,0.566,0.784,0.849
2012-01-12 18:00:00,0.95,0.81,0.816,0.816,0.951,0.895
2012-01-12 19:00:00,0.95,0.904,0.985,0.985,0.999,0.92
2012-01-12 20:00:00,0.95,0.95,0.999,0.999,1.0,0.941
2012-01-12 21:00:00,0.95,0.95,1.0,1.0,1.0,0.947
2012-01-12 22:00:00,0.95,0.95,1.0,1.0,1.0,0.947
2012-01-12 23:00:00,0.95,0.95,1.0,1.0,1.0,0.946
2012-01-13 00:00:00,0.95,0.95,1.0,1.0,1.0,0.944
2012-01-13 01:00:00,0.95,0.95,1.0,1.0,1.0,0.942
2012-01-13 02:00:00,0.95,0.95,1.0,1.0,1.0,0.937
2012-01-13 03:00:00,0.95,0.95,1.0,1.0,1.0,0.934
2012-01-13 04:00:00,0.95,0.95,0.998,0.998,1.0,0.938
2012-01-13 05:00:00,0.95,0.95,0.998,0.998,1.0,0.937
2012-01-13 06:00:00,0.95,0.95,1.0,1.0,1.0,0.935
2012-01-13 07:00:00,0.95,0.95,1.0,1.0,1.0,0.936
2012-01-13 08:00:00,0.945,0.95,0.999,0.999,1.0,0.939
2012-01-13 09:00:00,0.931,0.95,0.999,0.999,1.0,0.939
2012-01-13 10:00:00,0.935,0.95,0.99,0.99,0.991,0.933
2012-01-13 11:00:00,0.946,0.95,0.998,0.998,0.997,0.914
2012-01-13 12:00:00,0.945,0.95,0.999,0.999,0.998,0.918
2012-01-13 13:00:00,0.948,0.95,0.999,0.999,0.999,0.918
2012-01-13 14:00:00,0.949,0.95,0.999,0.999,1.0,0.936
2012-01-13 15:00:00,0.95,0.95,1.0,1.0,1.0,0.943
2012-01-13 16:00:00,0.95,0.95,1.0,1.0,1.0,0.944
2012-01-13 17:00:00,0.95,0.95,0.999,0.999,0.999,0.946
2012-01-13 18:00:00,0.95,0.95,0.999,0.999,0.974,0.948
2012-01-13 19:00:00,0.95,0.95,1.0,1.0,0.999,0.95
2012-01-13 20:00:00,0.95,0.95,1.0,1.0,1.0,0.95
2012-01-13 21:00:00,0.95,0.95,1.0,1.0,1.0,0.95
2012-01-13 22:00:00,0.95,0.95,1.0,1.0,1.0,0.95
2012-01-13 23:00:00,0.949,0.95,1.0,1.0,1.0,0.95
2012-01-14 00:00:00,0.95,0.95,1.0,1.0,1.0,0.95
2012-01-14 01:00:00,0.95,0.95,1.0,1.0,1.0,0.947
2012-01-14 02:00:00,0.949,0.949,1.0,1.0,1.0,0.947
2012-01-14 03:00:00,0.946,0.95,1.0,1.0,1.0,0.948
2012-01-14 04:00:00,0.943,0.95,1.0,1.0,1.0,0.948
2012-01-14 05:00:00,0.936,0.95,1.0,1.0,1.0,0.942
2012-01-14 06:00:00,0.914,0.95,1.0,1.0,1.0,0.931
2012-01-14 07:00:00,0.88,0.95,1.0,1.0,1.0,0.918
2012-01-14 08:00:00,0.836,0.95,1.0,1.0,0.999,0.901
2012-01-14 09:00:00,0.764,0.95,1.0,1.0,0.999,0.884
2012-01-14 10:00:00,0.66,0.95,1.0,1.0,0.946,0.87
2012-01-14 11:00:00,0.485,0.95,1.0,1.0,0.955,0.834
2012-01-14 12:00:00,0.415,0.95,1.0,1.0,0.934,0.838
2012-01-14 13:00:00,0.404,0.95,1.0,1.0,0.961,0.855
2012-01-14 14:00:00,0.439,0.95,1.0,1.0,0.986,0.873
2012-01-14 15:00:00,0.449,0.95,1.0,1.0,0.997,0.876
2012-01-14 16:00:00,0.436,0.95,1.0,1.0,0.998,0.875
2012-01-14 17:00:00,0.426,0.95,1.0,1.0,0.993,0.868
2012-01-14 18:00:00,0.405,0.95,1.0,1.0,0.978,0.862
2012-01-14 19:00:00,0.361,0.95,1.0,1.0,0.962,0.853
2012-01-14 20:00:00,0.329,0.95,1.0,1.0,0.934,0.848
2012-01-14 21:00:00,0.286,0.95,0.999,0.999,0.911,0.842
2012-01-14 22:00:00,0.238,0.95,0.998,0.998,0.888,0.834
2012-01-14 23:00:00,0.19,0.949,0.999,0.999,0.886,0.816
2012-01-15 00:00:00,0.156,0.947,1.0,1.0,0.923,0.796
2012-01-15 01:00:00,0.133,0.944,0.999,0.999,0.931,0.772
2012-01-15 02:00:00,0.111,0.935,0.999,0.999,0.92,0.735
2012-01-15 03:00:00,0.103,0.919,0.999,0.999,0.899,0.699
2012-01-15 04:00:00,0.09,0.909,0.998,0.998,0.877,0.671
2012-01-15 05:00:00,0.081,0.903,0.993,0.993,0.827,0.651
2012-01-15 06:00:00,0.066,0.893,0.988,0.988,0.751,0.631
2012-01-15 07:00:00,0.05,0.879,0.984,0.984,0.677,0.607
2012-01-15 08:00:00,0.038,0.834,0.976,0.976,0.625,0.588
2012-01-15 09:00:00,0.031,0.765,0.961,0.961,0.559,0.57
2012-01-15 10:00:00,0.025,0.721,0.914,0.914,0.47,0.553
2012-01-15 11:00:00,0.015,0.589,0.91,0.91,0.388,0.519
2012-01-15 12:00:00,0.014,0.519,0.898,0.898,0.36,0.51
2012-01-15 13:00:00,0.013,0.38,0.814,0.814,0.352,0.491
2012-01-15 14:00:00,0.016,0.304,0.759,0.759,0.372,0.451
2012-01-15 15:00:00,0.023,0.301,0.723,0.723,0.357,0.412
2012-01-15 16:00:00,0.029,0.323,0.656,0.656,0.325,0.349
2012-01-15 17:00:00,0.029,0.317,0.55,0.55,0.274,0.298
2012-01-15 18:00:00,0.023,0.267,0.501,0.501,0.238,0.26
2012-01-15 19:00:00,0.016,0.241,0.409,0.409,0.182,0.226
2012-01-15 20:00:00,0.01,0.223,0.307,0.307,0.111,0.172
2012-01-15 21:00:00,0.007,0.202,0.22,0.22,0.055,0.122
2012-01-15 22:00:00,0.008,0.169,0.172,0.172,0.017,0.093
2012-01-15 23:00:00,0.016,0.149,0.23,0.23,0.025,0.133
2012-01-16 00:00:00,0.02,0.162,0.217,0.217,0.031,0.142
2012-01-16 01:00:00,0.024,0.189,0.146,0.146,0.025,0.13
2012-01-16 02:00:00,0.03,0.23,0.107,0.107,0.027,0.118
2012-01-16 03:00:00,0.037,0.313,0.091,0.091,0.058,0.119
2012-01-16 04:00:00,0.045,0.378,0.093,0.093,0.095,0.106
2012-01-16 05:00:00,0.053,0.446,0.077,0.077,0.109,0.089
2012-01-16 06:00:00,0.061,0.469,0.061,0.061,0.13,0.069
2012-01-16 07:00:00,0.066,0.453,0.044,0.044,0.165,0.053
2012-01-16 08:00:00,0.066,0.422,0.032,0.032,0.185,0.043
2012-01-16 09:00:00,0.067,0.351,0.025,0.025,0.194,0.037
2012-01-16 10:00:00,0.074,0.273,0.018,0.018,0.135,0.036
2012-01-16 11:00:00,0.08,0.202,0.02,0.02,0.115,0.036
2012-01-16 12:00:00,0.098,0.12,0.017,0.017,0.124,0.036
2012-01-16 13:00:00,0.121,0.055,0.014,0.014,0.149,0.035
2012-01-16 14:00:00,0.162,0.018,0.01,0.01,0.159,0.043
2012-01-16 15:00:00,0.201,0.003,0.007,0.007,0.137,0.049
2012-01-16 16:00:00,0.224,0.0,0.006,0.006,0.136,0.059
2012-01-16 17:00:00,0.239,0.0,0.006,0.006,0.175,0.068
2012-01-16 18:00:00,0.267,0.0,0.007,0.007,0.235,0.082
2012-01-16 19:00:00,0.27,0.0,0.008,0.008,0.374,0.1
2012-01-16 20:00:00,0.269,0.0,0.009,0.009,0.483,0.12
2012-01-16 21:00:00,0.263,0.0,0.011,0.011,0.579,0.126
2012-01-16 22:00:00,0.252,0.0,0.027,0.027,0.691,0.139
2012-01-16 23:00:00,0.318,0.0,0.031,0.031,0.686,0.187
2012-01-17 00:00:00,0.305,0.0,0.027,0.027,0.634,0.169
2012-01-17 01:00:00,0.279,0.002,0.02,0.02,0.623,0.141
2012-01-17 02:00:00,0.243,0.031,0.015,0.015,0.561,0.115
2012-01-17 03:00:00,0.21,0.067,0.013,0.013,0.359,0.089
2012-01-17 04:00:00,0.199,0.074,0.012,0.012,0.169,0.072
2012-01-17 05:00:00,0.194,0.066,0.007,0.007,0.074,0.058
2012-01-17 06:00:00,0.182,0.049,0.004,0.004,0.033,0.048
2012-01-17 07:00:00,0.147,0.033,0.003,0.003,0.014,0.046
2012-01-17 08:00:00,0.097,0.022,0.004,0.004,0.004,0.046
2012-01-17 09:00:00,0.061,0.019,0.006,0.006,0.003,0.041
2012-01-17 10:00:00,0.074,0.018,0.006,0.006,0.007,0.036
2012-01-17 11:00:00,0.089,0.005,0.011,0.011,0.014,0.026
2012-01-17 12:00:00,0.136,0.009,0.019,0.019,0.026,0.026
2012-01-17 13:00:00,0.21,0.016,0.03,0.03,0.044,0.027
2012-01-17 14:00:00,0.26,0.029,0.041,0.041,0.051,0.03
2012-01-17 15:00:00,0.285,0.049,0.059,0.059,0.045,0.033
2012-01-17 16:00:00,0.298,0.082,0.064,0.064,0.036,0.038
2012-01-17 17:00:00,0.328,0.123,0.065,0.065,0.035,0.041
2012-01-17 18:00:00,0.38,0.211,0.063,0.063,0.046,0.045
2012-01-17 19:00:00,0.428,0.341,0.072,0.072,0.047,0.047
2012-01-17 20:00:00,0.444,0.519,0.088,0.088,0.048,0.051
2012-01-17 21:00:00,0.482,0.562,0.114,0.114,0.081,0.053
2012-01-17 22:00:00,0.436,0.492,0.183,0.183,0.118,0.081
2012-01-17 23:00:00,0.372,0.34,0.307,0.307,0.164,0.109
2012-01-18 00:00:00,0.41,0.311,0.371,0.371,0.202,0.135
2012-01-18 01:00:00,0.472,0.3,0.43,0.43,0.247,0.169
2012-01-18 02:00:00,0.463,0.371,0.396,0.396,0.271,0.206
2012-01-18 03:00:00,0.488,0.445,0.341,0.341,0.293,0.186
2012-01-18 04:00:00,0.604,0.388,0.349,0.349,0.414,0.199
2012-01-18 05:00:00,0.748,0.301,0.422,0.422,0.431,0.278
2012-01-18 06:00:00,0.823,0.293,0.327,0.327,0.523,0.248
2012-01-18 07:00:00,0.878,0.315,0.39,0.39,0.627,0.195
2012-01-18 08:00:00,0.884,0.282,0.45,0.45,0.469,0.202
2012-01-18 09:00:00,0.879,0.222,0.306,0.306,0.359,0.214
2012-01-18 10:00:00,0.891,0.225,0.234,0.234,0.479,0.129
2012-01-18 11:00:00,0.895,0.154,0.452,0.452,0.404,0.156
2012-01-18 12:00:00,0.898,0.098,0.54,0.54,0.377,0.243
2012-01-18 13:00:00,0.909,0.171,0.713,0.713,0.493,0.266
2012-01-18 14:00:00,0.919,0.244,0.772,0.772,0.626,0.38
2012-01-18 15:00:00,0.927,0.331,0.788,0.788,0.675,0.469
2012-01-18 16:00:00,0.935,0.269,0.757,0.757,0.804,0.608
2012-01-18 17:00:00,0.947,0.216,0.824,0.824,0.946,0.692
2012-01-18 18:00:00,0.941,0.21,0.921,0.921,0.953,0.827
2012-01-18 19:00:00,0.886,0.441,0.939,0.939,0.969,0.88
2012-01-18 20:00:00,0.73,0.762,0.962,0.962,0.97,0.899
2012-01-18 21:00:00,0.556,0.798,0.975,0.975,0.98,0.899
2012-01-18 22:00:00,0.457,0.864,0.927,0.927,0.968,0.878
2012-01-18 23:00:00,0.48,0.843,0.942,0.942,0.974,0.868
2012-01-19 00:00:00,0.535,0.796,0.972,0.972,0.982,0.88
2012-01-19 01:00:00,0.685,0.812,0.989,0.989,0.981,0.878
2012-01-19 02:00:00,0.741,0.887,0.983,0.983,0.985,0.873
2012-01-19 03:00:00,0.752,0.91,0.986,0.986,0.946,0.854
2012-01-19 04:00:00,0.787,0.895,0.988,0.988,0.936,0.853
2012-01-19 05:00:00,0.817,0.913,0.986,0.986,0.939,0.786
2012-01-19 06:00:00,0.834,0.942,0.984,0.984,0.892,0.736
2012-01-19 07:00:00,0.866,0.943,0.962,0.962,0.876,0.75
2012-01-19 08:00:00,0.883,0.917,0.92,0.92,0.901,0.741
2012-01-19 09:00:00,0.899,0.896,0.892,0.892,0.91,0.721
2012-01-19 10:00:00,0.89,0.896,0.845,0.845,0.954,0.73
2012-01-19 11:00:00,0.928,0.88,0.959,0.959,0.981,0.726
2012-01-19 12:00:00,0.944,0.834,0.984,0.984,0.992,0.735
2012-01-19 13:00:00,0.948,0.839,0.995,0.995,0.989,0.689
2012-01-19 14:00:00,0.948,0.878,0.988,0.988,0.972,0.659
2012-01-19 15:00:00,0.946,0.882,0.943,0.943,0.934,0.639
2012-01-19 16:00:00,0.94,0.887,0.897,0.897,0.96,0.595
2012-01-19 17:00:00,0.927,0.921,0.882,0.882,0.964,0.553
2012-01-19 18:00:00,0.918,0.876,0.854,0.854,0.902,0.454
2012-01-19 19:00:00,0.923,0.887,0.662,0.662,0.841,0.336
2012-01-19 20:00:00,0.934,0.872,0.365,0.365,0.766,0.274
2012-01-19 21:00:00,0.929,0.764,0.159,0.159,0.877,0.249
2012-01-19 22:00:00,0.866,0.536,0.101,0.101,1.0,0.213
2012-01-19 23:00:00,0.725,0.263,0.097,0.097,1.0,0.208
2012-01-20 00:00:00,0.622,0.088,0.143,0.143,1.0,0.232
2012-01-20 01:00:00,0.678,0.011,0.189,0.189,1.0,0.209
2012-01-20 02:00:00,0.778,0.0,0.224,0.224,1.0,0.2
2012-01-20 03:00:00,0.863,0.008,0.222,0.222,1.0,0.198
2012-01-20 04:00:00,0.901,0.034,0.183,0.183,0.989,0.168
2012-01-20 05:00:00,0.905,0.063,0.188,0.188,0.969,0.138
2012-01-20 06:00:00,0.908,0.052,0.24,0.24,0.933,0.125
2012-01-20 07:00:00,0.909,0.039,0.279,0.279,0.853,0.126
2012-01-20 08:00:00,0.903,0.021,0.263,0.263,0.797,0.117
2012-01-20 09:00:00,0.89,0.006,0.224,0.224,0.773,0.102
2012-01-20 10:00:00,0.894,0.0,0.182,0.182,0.817,0.086
2012-01-20 11:00:00,0.911,0.0,0.192,0.192,0.911,0.065
2012-01-20 12:00:00,0.922,0.0,0.198,0.198,0.953,0.061
2012-01-20 13:00:00,0.921,0.0,0.154,0.154,0.948,0.049
2012-01-20 14:00:00,0.911,0.0,0.103,0.103,0.908,0.047
2012-01-20 15:00:00,0.898,0.0,0.094,0.094,0.847,0.074
2012-01-20 16:00:00,0.892,0.0,0.13,0.13,0.761,0.116
2012-01-20 17:00:00,0.881,0.0,0.165,0.165,0.631,0.116
2012-01-20 18:00:00,0.841,0.0,0.21,0.21,0.438,0.097
2012-01-20 19:00:00,0.797,0.0,0.232,0.232,0.286,0.096
2012-01-20 20:00:00,0.667,0.002,0.197,0.197,0.179,0.094
2012-01-20 21:00:00,0.486,0.0,0.14,0.14,0.093,0.078
2012-01-20 22:00:00,0.338,0.0,0.14,0.14,0.039,0.073
2012-01-20 23:00:00,0.175,0.0,0.105,0.105,0.008,0.066
2012-01-21 00:00:00,0.217,0.0,0.068,0.068,0.003,0.048
2012-01-21 01:00:00,0.291,0.0,0.04,0.04,0.012,0.037
2012-01-21 02:00:00,0.398,0.0,0.036,0.036,0.02,0.036
2012-01-21 03:00:00,0.565,0.0,0.041,0.041,0.012,0.029
2012-01-21 04:00:00,0.748,0.0,0.028,0.028,0.014,0.027
2012-01-21 05:00:00,0.837,0.0,0.019,0.019,0.027,0.039
2012-01-21 06:00:00,0.857,0.0,0.015,0.015,0.055,0.054
2012-01-21 07:00:00,0.864,0.0,0.023,0.023,0.156,0.073
2012-01-21 08:00:00,0.875,0.0,0.064,0.064,0.322,0.1
2012-01-21 09:00:00,0.893,0.016,0.195,0.195,0.567,0.17
2012-01-21 10:00:00,0.916,0.117,0.361,0.361,0.749,0.285
2012-01-21 11:00:00,0.937,0.199,0.626,0.626,0.912,0.448
2012-01-21 12:00:00,0.947,0.378,0.765,0.765,0.967,0.636
2012-01-21 13:00:00,0.949,0.515,0.853,0.853,0.994,0.7
2012-01-21 14:00:00,0.95,0.675,0.907,0.907,1.0,0.735
2012-01-21 15:00:00,0.95,0.8,0.914,0.914,1.0,0.748
2012-01-21 16:00:00,0.95,0.861,0.935,0.935,1.0,0.684
2012-01-21 17:00:00,0.95,0.897,0.965,0.965,1.0,0.756
2012-01-21 18:00:00,0.95,0.913,0.991,0.991,0.993,0.741
2012-01-21 19:00:00,0.949,0.943,0.999,0.999,0.995,0.716
2012-01-21 20:00:00,0.948,0.95,0.996,0.996,0.997,0.702
2012-01-21 21:00:00,0.946,0.95,0.932,0.932,0.991,0.649
2012-01-21 22:00:00,0.946,0.95,0.638,0.638,0.975,0.605
2012-01-21 23:00:00,0.936,0.95,0.587,0.587,0.995,0.525
2012-01-22 00:00:00,0.904,0.95,0.62,0.62,0.99,0.51
2012-01-22 01:00:00,0.938,0.95,0.579,0.579,0.979,0.539
2012-01-22 02:00:00,0.942,0.95,0.491,0.491,0.976,0.518
2012-01-22 03:00:00,0.934,0.95,0.48,0.48,0.933,0.467
2012-01-22 04:00:00,0.925,0.95,0.366,0.366,0.764,0.427
2012-01-22 05:00:00,0.925,0.95,0.279,0.279,0.641,0.354
2012-01-22 06:00:00,0.928,0.925,0.225,0.225,0.657,0.29
2012-01-22 07:00:00,0.92,0.811,0.3,0.3,0.624,0.249
2012-01-22 08:00:00,0.887,0.699,0.389,0.389,0.485,0.222
2012-01-22 09:00:00,0.796,0.537,0.335,0.335,0.29,0.207
2012-01-22 10:00:00,0.67,0.377,0.368,0.368,0.322,0.201
2012-01-22 11:00:00,0.535,0.4,0.166,0.166,0.262,0.208
2012-01-22 12:00:00,0.371,0.301,0.091,0.091,0.212,0.2
2012-01-22 13:00:00,0.201,0.23,0.089,0.089,0.221,0.187
2012-01-22 14:00:00,0.168,0.211,0.103,0.103,0.241,0.177
2012-01-22 15:00:00,0.151,0.295,0.105,0.105,0.244,0.174
2012-01-22 16:00:00,0.197,0.404,0.11,0.11,0.296,0.196
2012-01-22 17:00:00,0.285,0.554,0.114,0.114,0.344,0.241
2012-01-22 18:00:00,0.35,0.656,0.116,0.116,0.425,0.267
2012-01-22 19:00:00,0.339,0.575,0.109,0.109,0.584,0.259
2012-01-22 20:00:00,0.334,0.38,0.092,0.092,0.781,0.25
2012-01-22 21:00:00,0.288,0.264,0.068,0.068,0.902,0.271
2012-01-22 22:00:00,0.218,0.193,0.086,0.086,0.958,0.328
2012-01-22 23:00:00,0.194,0.216,0.1,0.1,0.99,0.419
2012-01-23 00:00:00,0.173,0.135,0.179,0.179,0.994,0.511
2012-01-23 01:00:00,0.186,0.093,0.29,0.29,0.993,0.558
2012-01-23 02:00:00,0.204,0.109,0.416,0.416,0.985,0.563
2012-01-23 03:00:00,0.207,0.107,0.565,0.565,0.962,0.579
2012-01-23 04:00:00,0.22,0.087,0.666,0.666,0.912,0.593
2012-01-23 05:00:00,0.249,0.074,0.696,0.696,0.874,0.585
2012-01-23 06:00:00,0.277,0.072,0.71,0.71,0.809,0.565
2012-01-23 07:00:00,0.278,0.089,0.729,0.729,0.726,0.548
2012-01-23 08:00:00,0.248,0.13,0.706,0.706,0.629,0.539
2012-01-23 09:00:00,0.208,0.179,0.662,0.662,0.562,0.542
2012-01-23 10:00:00,0.185,0.212,0.53,0.53,0.56,0.54
2012-01-23 11:00:00,0.132,0.257,0.504,0.504,0.535,0.495
2012-01-23 12:00:00,0.128,0.232,0.551,0.551,0.455,0.468
2012-01-23 13:00:00,0.142,0.164,0.672,0.672,0.351,0.469
2012-01-23 14:00:00,0.165,0.094,0.752,0.752,0.248,0.479
2012-01-23 15:00:00,0.182,0.061,0.733,0.733,0.187,0.484
2012-01-23 16:00:00,0.189,0.078,0.721,0.721,0.193,0.485
2012-01-23 17:00:00,0.209,0.117,0.684,0.684,0.209,0.484
2012-01-23 18:00:00,0.198,0.149,0.633,0.633,0.2,0.473
2012-01-23 19:00:00,0.157,0.181,0.532,0.532,0.178,0.455
2012-01-23 20:00:00,0.128,0.208,0.421,0.421,0.141,0.42
2012-01-23 21:00:00,0.126,0.194,0.366,0.366,0.107,0.377
2012-01-23 22:00:00,0.143,0.17,0.312,0.312,0.101,0.339
2012-01-23 23:00:00,0.252,0.131,0.264,0.264,0.078,0.344
2012-01-24 00:00:00,0.288,0.117,0.204,0.204,0.081,0.313
2012-01-24 01:00:00,0.298,0.097,0.151,0.151,0.099,0.289
2012-01-24 02:00:00,0.278,0.081,0.137,0.137,0.129,0.273
2012-01-24 03:00:00,0.286,0.078,0.148,0.148,0.173,0.259
2012-01-24 04:00:00,0.303,0.098,0.16,0.16,0.196,0.23
2012-01-24 05:00:00,0.282,0.136,0.127,0.127,0.179,0.205
2012-01-24 06:00:00,0.219,0.162,0.09,0.09,0.152,0.173
2012-01-24 07:00:00,0.165,0.158,0.064,0.064,0.139,0.142
2012-01-24 08:00:00,0.124,0.126,0.042,0.042,0.152,0.116
2012-01-24 09:00:00,0.093,0.109,0.025,0.025,0.152,0.103
2012-01-24 10:00:00,0.067,0.106,0.031,0.031,0.126,0.094
2012-01-24 11:00:00,0.047,0.082,0.029,0.029,0.08,0.123
2012-01-24 12:00:00,0.042,0.069,0.032,0.032,0.058,0.096
2012-01-24 13:00:00,0.037,0.059,0.055,0.055,0.058,0.081
2012-01-24 14:00:00,0.027,0.068,0.085,0.085,0.068,0.083
2012-01-24 15:00:00,0.025,0.08,0.12,0.12,0.083,0.096
2012-01-24 16:00:00,0.033,0.084,0.152,0.152,0.095,0.106
2012-01-24 17:00:00,0.037,0.083,0.142,0.142,0.091,0.103
2012-01-24 18:00:00,0.054,0.104,0.101,0.101,0.068,0.084
2012-01-24 19:00:00,0.102,0.129,0.06,0.06,0.044,0.062
2012-01-24 20:00:00,0.16,0.151,0.039,0.039,0.032,0.058
2012-01-24 21:00:00,0.202,0.153,0.028,0.028,0.034,0.069
2012-01-24 22:00:00,0.224,0.143,0.041,0.041,0.029,0.095
2012-01-24 23:00:00,0.376,0.249,0.037,0.037,0.034,0.134
2012-01-25 00:00:00,0.369,0.317,0.038,0.038,0.054,0.211
2012-01-25 01:00:00,0.359,0.334,0.053,0.053,0.094,0.282
2012-01-25 02:00:00,0.381,0.334,0.115,0.115,0.119,0.303
2012-01-25 03:00:00,0.407,0.323,0.171,0.171,0.112,0.304
2012-01-25 04:00:00,0.445,0.276,0.222,0.222,0.125,0.295
2012-01-25 05:00:00,0.501,0.242,0.226,0.226,0.159,0.287
2012-01-25 06:00:00,0.544,0.249,0.214,0.214,0.194,0.287
2012-01-25 07:00:00,0.595,0.254,0.2,0.2,0.202,0.301
2012-01-25 08:00:00,0.627,0.222,0.186,0.186,0.187,0.32
2012-01-25 09:00:00,0.66,0.187,0.184,0.184,0.167,0.331
2012-01-25 10:00:00,0.691,0.149,0.336,0.336,0.185,0.336
2012-01-25 11:00:00,0.725,0.313,0.332,0.332,0.172,0.393
2012-01-25 12:00:00,0.716,0.323,0.262,0.262,0.169,0.362
2012-01-25 13:00:00,0.723,0.263,0.249,0.249,0.159,0.313
2012-01-25 14:00:00,0.747,0.23,0.284,0.284,0.15,0.29
2012-01-25 15:00:00,0.775,0.222,0.313,0.313,0.133,0.279
2012-01-25 16:00:00,0.808,0.243,0.325,0.325,0.137,0.274
2012-01-25 17:00:00,0.834,0.292,0.311,0.311,0.158,0.271
2012-01-25 18:00:00,0.852,0.308,0.271,0.271,0.186,0.247
2012-01-25 19:00:00,0.864,0.302,0.223,0.223,0.192,0.215
2012-01-25 20:00:00,0.868,0.259,0.192,0.192,0.179,0.185
2012-01-25 21:00:00,0.868,0.248,0.166,0.166,0.141,0.178
2012-01-25 22:00:00,0.869,0.291,0.191,0.191,0.11,0.171
2012-01-25 23:00:00,0.872,0.311,0.17,0.17,0.081,0.165
2012-01-26 00:00:00,0.865,0.369,0.171,0.171,0.065,0.145
2012-01-26 01:00:00,0.863,0.427,0.158,0.158,0.044,0.141
2012-01-26 02:00:00,0.862,0.475,0.126,0.126,0.037,0.134
2012-01-26 03:00:00,0.864,0.52,0.095,0.095,0.039,0.145
2012-01-26 04:00:00,0.863,0.57,0.059,0.059,0.042,0.163
2012-01-26 05:00:00,0.864,0.644,0.04,0.04,0.045,0.181
2012-01-26 06:00:00,0.865,0.743,0.041,0.041,0.041,0.201
2012-01-26 07:00:00,0.867,0.807,0.073,0.073,0.039,0.227
2012-01-26 08:00:00,0.87,0.849,0.137,0.137,0.045,0.263
2012-01-26 09:00:00,0.875,0.844,0.204,0.204,0.055,0.301
2012-01-26 10:00:00,0.879,0.859,0.528,0.528,0.188,0.357
2012-01-26 11:00:00,0.888,0.921,0.454,0.454,0.163,0.647
2012-01-26 12:00:00,0.886,0.875,0.4,0.4,0.171,0.721
2012-01-26 13:00:00,0.882,0.766,0.346,0.346,0.23,0.661
2012-01-26 14:00:00,0.88,0.607,0.314,0.314,0.271,0.605
2012-01-26 15:00:00,0.882,0.56,0.299,0.299,0.327,0.613
2012-01-26 16:00:00,0.892,0.577,0.321,0.321,0.406,0.627
2012-01-26 17:00:00,0.904,0.634,0.384,0.384,0.515,0.65
2012-01-26 18:00:00,0.916,0.705,0.393,0.393,0.664,0.701
2012-01-26 19:00:00,0.927,0.709,0.382,0.382,0.697,0.729
2012-01-26 20:00:00,0.936,0.679,0.376,0.376,0.634,0.703
2012-01-26 21:00:00,0.939,0.646,0.427,0.427,0.557,0.695
2012-01-26 22:00:00,0.926,0.699,0.462,0.462,0.347,0.739
2012-01-26 23:00:00,0.875,0.722,0.398,0.398,0.315,0.827
2012-01-27 00:00:00,0.831,0.624,0.337,0.337,0.318,0.804
2012-01-27 01:00:00,0.77,0.549,0.329,0.329,0.328,0.763
2012-01-27 02:00:00,0.733,0.543,0.358,0.358,0.328,0.728
2012-01-27 03:00:00,0.693,0.523,0.375,0.375,0.358,0.71
2012-01-27 04:00:00,0.651,0.553,0.354,0.354,0.403,0.699
2012-01-27 05:00:00,0.636,0.587,0.343,0.343,0.426,0.676
2012-01-27 06:00:00,0.673,0.628,0.363,0.363,0.416,0.651
2012-01-27 07:00:00,0.699,0.639,0.424,0.424,0.44,0.638
2012-01-27 08:00:00,0.705,0.613,0.461,0.461,0.503,0.666
2012-01-27 09:00:00,0.67,0.601,0.431,0.431,0.497,0.696
2012-01-27 10:00:00,0.629,0.627,0.385,0.385,0.425,0.695
2012-01-27 11:00:00,0.554,0.698,0.339,0.339,0.335,0.696
2012-01-27 12:00:00,0.479,0.668,0.307,0.307,0.283,0.618
2012-01-27 13:00:00,0.495,0.644,0.317,0.317,0.295,0.563
2012-01-27 14:00:00,0.576,0.631,0.356,0.356,0.313,0.541
2012-01-27 15:00:00,0.577,0.625,0.439,0.439,0.351,0.513
2012-01-27 16:00:00,0.552,0.648,0.553,0.553,0.336,0.538
2012-01-27 17:00:00,0.56,0.711,0.632,0.632,0.332,0.592
2012-01-27 18:00:00,0.524,0.748,0.609,0.609,0.409,0.624
2012-01-27 19:00:00,0.474,0.741,0.518,0.518,0.414,0.618
2012-01-27 20:00:00,0.385,0.727,0.474,0.474,0.356,0.582
2012-01-27 21:00:00,0.321,0.761,0.412,0.412,0.29,0.554
2012-01-27 22:00:00,0.247,0.75,0.438,0.438,0.205,0.52
2012-01-27 23:00:00,0.143,0.753,0.453,0.453,0.195,0.519
2012-01-28 00:00:00,0.087,0.638,0.414,0.414,0.18,0.498
2012-01-28 01:00:00,0.068,0.564,0.384,0.384,0.153,0.462
2012-01-28 02:00:00,0.061,0.558,0.398,0.398,0.138,0.438
2012-01-28 03:00:00,0.069,0.588,0.397,0.397,0.136,0.44
2012-01-28 04:00:00,0.076,0.646,0.397,0.397,0.17,0.432
2012-01-28 05:00:00,0.088,0.682,0.402,0.402,0.219,0.429
2012-01-28 06:00:00,0.118,0.719,0.386,0.386,0.246,0.44
2012-01-28 07:00:00,0.172,0.735,0.382,0.382,0.244,0.456
2012-01-28 08:00:00,0.241,0.752,0.382,0.382,0.247,0.456
2012-01-28 09:00:00,0.304,0.766,0.37,0.37,0.214,0.433
2012-01-28 10:00:00,0.336,0.789,0.416,0.416,0.166,0.418
2012-01-28 11:00:00,0.365,0.9,0.385,0.385,0.16,0.528
2012-01-28 12:00:00,0.337,0.877,0.31,0.31,0.161,0.526
2012-01-28 13:00:00,0.309,0.841,0.299,0.299,0.149,0.462
2012-01-28 14:00:00,0.301,0.852,0.334,0.334,0.131,0.43
2012-01-28 15:00:00,0.266,0.879,0.368,0.368,0.15,0.421
2012-01-28 16:00:00,0.316,0.902,0.381,0.381,0.173,0.436
2012-01-28 17:00:00,0.421,0.922,0.372,0.372,0.188,0.461
2012-01-28 18:00:00,0.542,0.929,0.364,0.364,0.2,0.478
2012-01-28 19:00:00,0.576,0.929,0.393,0.393,0.213,0.495
2012-01-28 20:00:00,0.544,0.927,0.418,0.418,0.208,0.51
2012-01-28 21:00:00,0.491,0.921,0.428,0.428,0.188,0.521
2012-01-28 22:00:00,0.421,0.924,0.434,0.434,0.137,0.507
2012-01-28 23:00:00,0.359,0.929,0.435,0.435,0.121,0.498
2012-01-29 00:00:00,0.321,0.918,0.466,0.466,0.145,0.479
2012-01-29 01:00:00,0.276,0.896,0.518,0.518,0.172,0.489
2012-01-29 02:00:00,0.27,0.895,0.566,0.566,0.24,0.515
2012-01-29 03:00:00,0.294,0.906,0.603,0.603,0.372,0.55
2012-01-29 04:00:00,0.293,0.914,0.654,0.654,0.494,0.567
2012-01-29 05:00:00,0.31,0.906,0.738,0.738,0.499,0.572
2012-01-29 06:00:00,0.358,0.888,0.793,0.793,0.54,0.607
2012-01-29 07:00:00,0.387,0.855,0.821,0.821,0.628,0.643
2012-01-29 08:00:00,0.39,0.839,0.813,0.813,0.728,0.666
2012-01-29 09:00:00,0.401,0.843,0.796,0.796,0.706,0.661
2012-01-29 10:00:00,0.416,0.869,0.839,0.839,0.705,0.647
2012-01-29 11:00:00,0.377,0.93,0.794,0.794,0.75,0.669
2012-01-29 12:00:00,0.343,0.892,0.756,0.756,0.786,0.686
2012-01-29 13:00:00,0.287,0.745,0.742,0.742,0.781,0.655
2012-01-29 14:00:00,0.244,0.605,0.761,0.761,0.812,0.621
2012-01-29 15:00:00,0.232,0.599,0.755,0.755,0.89,0.599
2012-01-29 16:00:00,0.242,0.663,0.778,0.778,0.937,0.587
2012-01-29 17:00:00,0.28,0.751,0.811,0.811,0.945,0.612
2012-01-29 18:00:00,0.346,0.796,0.818,0.818,0.934,0.647
2012-01-29 19:00:00,0.401,0.832,0.818,0.818,0.911,0.669
2012-01-29 20:00:00,0.426,0.846,0.807,0.807,0.885,0.668
2012-01-29 21:00:00,0.493,0.801,0.785,0.785,0.868,0.653
2012-01-29 22:00:00,0.559,0.702,0.799,0.799,0.879,0.63
2012-01-29 23:00:00,0.668,0.599,0.719,0.719,0.844,0.623
2012-01-30 00:00:00,0.704,0.466,0.628,0.628,0.797,0.572
2012-01-30 01:00:00,0.697,0.372,0.592,0.592,0.77,0.502
2012-01-30 02:00:00,0.709,0.346,0.562,0.562,0.744,0.473
2012-01-30 03:00:00,0.733,0.38,0.557,0.557,0.708,0.448
2012-01-30 04:00:00,0.782,0.416,0.572,0.572,0.681,0.448
2012-01-30 05:00:00,0.82,0.401,0.597,0.597,0.682,0.468
2012-01-30 06:00:00,0.844,0.405,0.627,0.627,0.674,0.475
2012-01-30 07:00:00,0.868,0.42,0.644,0.644,0.685,0.471
2012-01-30 08:00:00,0.883,0.424,0.669,0.669,0.707,0.478
2012-01-30 09:00:00,0.894,0.415,0.675,0.675,0.71,0.51
2012-01-30 10:00:00,0.904,0.389,0.621,0.621,0.704,0.547
2012-01-30 11:00:00,0.929,0.355,0.59,0.59,0.671,0.533
2012-01-30 12:00:00,0.917,0.324,0.55,0.55,0.63,0.492
2012-01-30 13:00:00,0.911,0.326,0.553,0.553,0.616,0.459
2012-01-30 14:00:00,0.913,0.363,0.575,0.575,0.678,0.474
2012-01-30 15:00:00,0.921,0.433,0.626,0.626,0.756,0.513
2012-01-30 16:00:00,0.93,0.502,0.673,0.673,0.802,0.545
2012-01-30 17:00:00,0.937,0.52,0.721,0.721,0.822,0.555
2012-01-30 18:00:00,0.938,0.515,0.726,0.726,0.818,0.562
2012-01-30 19:00:00,0.937,0.487,0.698,0.698,0.822,0.548
2012-01-30 20:00:00,0.934,0.451,0.635,0.635,0.82,0.521
2012-01-30 21:00:00,0.928,0.403,0.564,0.564,0.808,0.473
2012-01-30 22:00:00,0.92,0.372,0.501,0.501,0.791,0.423
2012-01-30 23:00:00,0.909,0.378,0.414,0.414,0.702,0.387
2012-01-31 00:00:00,0.902,0.335,0.351,0.351,0.622,0.308
2012-01-31 01:00:00,0.901,0.28,0.326,0.326,0.595,0.265
2012-01-31 02:00:00,0.903,0.244,0.321,0.321,0.597,0.25
2012-01-31 03:00:00,0.908,0.197,0.305,0.305,0.582,0.243
2012-01-31 04:00:00,0.911,0.15,0.29,0.29,0.57,0.243
2012-01-31 05:00:00,0.911,0.127,0.279,0.279,0.546,0.259
2012-01-31 06:00:00,0.909,0.117,0.285,0.285,0.528,0.268
2012-01-31 07:00:00,0.908,0.122,0.291,0.291,0.548,0.275
2012-01-31 08:00:00,0.913,0.123,0.285,0.285,0.583,0.281
2012-01-31 09:00:00,0.915,0.119,0.259,0.259,0.609,0.281
2012-01-31 10:00:00,0.919,0.111,0.244,0.244,0.652,0.28
2012-01-31 11:00:00,0.932,0.135,0.192,0.192,0.553,0.294
2012-01-31 12:00:00,0.921,0.138,0.16,0.16,0.503,0.273
2012-01-31 13:00:00,0.914,0.139,0.176,0.176,0.508,0.278
2012-01-31 14:00:00,0.915,0.117,0.235,0.235,0.592,0.291
2012-01-31 15:00:00,0.921,0.089,0.287,0.287,0.721,0.302
2012-01-31 16:00:00,0.931,0.076,0.327,0.327,0.815,0.329
2012-01-31 17:00:00,0.939,0.105,0.368,0.368,0.822,0.37
2012-01-31 18:00:00,0.943,0.193,0.411,0.411,0.771,0.429
2012-01-31 19:00:00,0.943,0.327,0.476,0.476,0.702,0.488
2012-01-31 20:00:00,0.942,0.424,0.526,0.526,0.622,0.561
2012-01-31 21:00:00,0.938,0.388,0.525,0.525,0.57,0.595
2012-01-31 22:00:00,0.932,0.311,0.392,0.392,0.562,0.575
2012-01-31 23:00:00,0.931,0.223,0.328,0.328,0.48,0.515
2012-02-01 00:00:00,0.912,0.142,0.334,0.334,0.416,0.483
2012-02-01 01:00:00,0.877,0.188,0.381,0.381,0.393,0.404
2012-02-01 02:00:00,0.831,0.319,0.41,0.41,0.433,0.376
2012-02-01 03:00:00,0.806,0.374,0.456,0.456,0.54,0.376
2012-02-01 04:00:00,0.798,0.366,0.517,0.517,0.634,0.387
2012-02-01 05:00:00,0.8,0.368,0.52,0.52,0.695,0.4
2012-02-01 06:00:00,0.811,0.39,0.512,0.512,0.687,0.402
2012-02-01 07:00:00,0.825,0.433,0.557,0.557,0.651,0.384
2012-02-01 08:00:00,0.834,0.488,0.604,0.604,0.59,0.384
2012-02-01 09:00:00,0.818,0.52,0.643,0.643,0.577,0.4
2012-02-01 10:00:00,0.778,0.486,0.623,0.623,0.513,0.422
2012-02-01 11:00:00,0.708,0.374,0.536,0.536,0.497,0.482
2012-02-01 12:00:00,0.65,0.3,0.457,0.457,0.486,0.458
2012-02-01 13:00:00,0.579,0.293,0.44,0.44,0.489,0.393
2012-02-01 14:00:00,0.556,0.319,0.443,0.443,0.512,0.346
2012-02-01 15:00:00,0.552,0.375,0.435,0.435,0.596,0.321
2012-02-01 16:00:00,0.6,0.438,0.457,0.457,0.644,0.328
2012-02-01 17:00:00,0.657,0.479,0.47,0.47,0.659,0.353
2012-02-01 18:00:00,0.716,0.497,0.47,0.47,0.666,0.375
2012-02-01 19:00:00,0.764,0.542,0.462,0.462,0.627,0.384
2012-02-01 20:00:00,0.786,0.57,0.464,0.464,0.544,0.373
2012-02-01 21:00:00,0.756,0.575,0.451,0.451,0.444,0.367
2012-02-01 22:00:00,0.672,0.545,0.423,0.423,0.408,0.364
2012-02-01 23:00:00,0.584,0.514,0.385,0.385,0.267,0.347
2012-02-02 00:00:00,0.483,0.465,0.362,0.362,0.13,0.35
2012-02-02 01:00:00,0.431,0.387,0.338,0.338,0.059,0.351
2012-02-02 02:00:00,0.389,0.306,0.285,0.285,0.019,0.334
2012-02-02 03:00:00,0.339,0.263,0.267,0.267,0.007,0.321
2012-02-02 04:00:00,0.318,0.234,0.285,0.285,0.003,0.333
2012-02-02 05:00:00,0.293,0.217,0.276,0.276,0.001,0.307
2012-02-02 06:00:00,0.284,0.214,0.212,0.212,0.001,0.259
2012-02-02 07:00:00,0.269,0.22,0.144,0.144,0.001,0.212
2012-02-02 08:00:00,0.241,0.237,0.087,0.087,0.001,0.203
2012-02-02 09:00:00,0.211,0.186,0.056,0.056,0.003,0.214
2012-02-02 10:00:00,0.168,0.131,0.047,0.047,0.006,0.229
2012-02-02 11:00:00,0.195,0.089,0.04,0.04,0.015,0.278
2012-02-02 12:00:00,0.148,0.103,0.029,0.029,0.02,0.23
2012-02-02 13:00:00,0.096,0.083,0.011,0.011,0.013,0.178
2012-02-02 14:00:00,0.06,0.067,0.005,0.005,0.005,0.163
2012-02-02 15:00:00,0.041,0.067,0.006,0.006,0.002,0.16
2012-02-02 16:00:00,0.042,0.057,0.017,0.017,0.001,0.168
2012-02-02 17:00:00,0.059,0.038,0.051,0.051,0.002,0.195
2012-02-02 18:00:00,0.095,0.031,0.101,0.101,0.003,0.206
2012-02-02 19:00:00,0.107,0.053,0.125,0.125,0.005,0.21
2012-02-02 20:00:00,0.096,0.096,0.137,0.137,0.013,0.199
2012-02-02 21:00:00,0.077,0.159,0.157,0.157,0.045,0.198
2012-02-02 22:00:00,0.058,0.201,0.194,0.194,0.156,0.206
2012-02-02 23:00:00,0.039,0.027,0.161,0.161,0.359,0.214
2012-02-03 00:00:00,0.034,0.0,0.125,0.125,0.462,0.25
2012-02-03 01:00:00,0.033,0.0,0.103,0.103,0.386,0.287
2012-02-03 02:00:00,0.037,0.013,0.106,0.106,0.241,0.317
2012-02-03 03:00:00,0.067,0.107,0.085,0.085,0.149,0.344
2012-02-03 04:00:00,0.108,0.213,0.081,0.081,0.076,0.386
2012-02-03 05:00:00,0.182,0.266,0.108,0.108,0.037,0.407
2012-02-03 06:00:00,0.393,0.351,0.152,0.152,0.017,0.45
2012-02-03 07:00:00,0.5,0.701,0.209,0.209,0.006,0.535
2012-02-03 08:00:00,0.544,0.837,0.247,0.247,0.002,0.593
2012-02-03 09:00:00,0.518,0.817,0.238,0.238,0.001,0.575
2012-02-03 10:00:00,0.487,0.659,0.126,0.126,0.011,0.547
2012-02-03 11:00:00,0.412,0.689,0.067,0.067,0.049,0.579
2012-02-03 12:00:00,0.302,0.446,0.119,0.119,0.087,0.557
2012-02-03 13:00:00,0.222,0.243,0.346,0.346,0.126,0.552
2012-02-03 14:00:00,0.189,0.099,0.595,0.595,0.164,0.541
2012-02-03 15:00:00,0.164,0.048,0.642,0.642,0.213,0.505
2012-02-03 16:00:00,0.147,0.029,0.528,0.528,0.344,0.475
2012-02-03 17:00:00,0.134,0.009,0.368,0.368,0.494,0.448
2012-02-03 18:00:00,0.121,0.003,0.223,0.223,0.539,0.427
2012-02-03 19:00:00,0.11,0.008,0.141,0.141,0.44,0.425
2012-02-03 20:00:00,0.096,0.061,0.13,0.13,0.297,0.413
2012-02-03 21:00:00,0.082,0.174,0.114,0.114,0.14,0.388
2012-02-03 22:00:00,0.063,0.347,0.183,0.183,0.035,0.362
2012-02-03 23:00:00,0.072,0.652,0.195,0.195,0.031,0.45
2012-02-04 00:00:00,0.054,0.9,0.241,0.241,0.039,0.453
2012-02-04 01:00:00,0.044,0.943,0.293,0.293,0.055,0.468
2012-02-04 02:00:00,0.051,0.95,0.307,0.307,0.089,0.489
2012-02-04 03:00:00,0.058,0.95,0.294,0.294,0.152,0.485
2012-02-04 04:00:00,0.074,0.95,0.252,0.252,0.196,0.467
2012-02-04 05:00:00,0.077,0.95,0.226,0.226,0.234,0.438
2012-02-04 06:00:00,0.076,0.95,0.179,0.179,0.24,0.426
2012-02-04 07:00:00,0.07,0.95,0.135,0.135,0.23,0.41
2012-02-04 08:00:00,0.069,0.95,0.096,0.096,0.229,0.412
2012-02-04 09:00:00,0.065,0.949,0.074,0.074,0.231,0.4
2012-02-04 10:00:00,0.056,0.943,0.122,0.122,0.424,0.376
2012-02-04 11:00:00,0.055,0.941,0.162,0.162,0.366,0.42
2012-02-04 12:00:00,0.051,0.888,0.231,0.231,0.346,0.458
2012-02-04 13:00:00,0.047,0.747,0.298,0.298,0.426,0.443
2012-02-04 14:00:00,0.038,0.536,0.402,0.402,0.439,0.393
2012-02-04 15:00:00,0.037,0.434,0.492,0.492,0.407,0.345
2012-02-04 16:00:00,0.049,0.322,0.535,0.535,0.428,0.317
2012-02-04 17:00:00,0.07,0.28,0.546,0.546,0.478,0.296
2012-02-04 18:00:00,0.1,0.237,0.525,0.525,0.484,0.279
2012-02-04 19:00:00,0.146,0.221,0.5,0.5,0.455,0.266
2012-02-04 20:00:00,0.187,0.198,0.42,0.42,0.426,0.258
2012-02-04 21:00:00,0.242,0.14,0.317,0.317,0.376,0.255
2012-02-04 22:00:00,0.337,0.104,0.205,0.205,0.275,0.238
2012-02-04 23:00:00,0.506,0.085,0.173,0.173,0.234,0.251
2012-02-05 00:00:00,0.634,0.112,0.159,0.159,0.254,0.222
2012-02-05 01:00:00,0.644,0.062,0.147,0.147,0.312,0.203
2012-02-05 02:00:00,0.644,0.047,0.133,0.133,0.334,0.194
2012-02-05 03:00:00,0.632,0.044,0.131,0.131,0.331,0.183
2012-02-05 04:00:00,0.628,0.047,0.126,0.126,0.335,0.167
2012-02-05 05:00:00,0.617,0.044,0.119,0.119,0.327,0.158
2012-02-05 06:00:00,0.609,0.052,0.109,0.109,0.304,0.164
2012-02-05 07:00:00,0.628,0.064,0.107,0.107,0.279,0.179
2012-02-05 08:00:00,0.652,0.074,0.105,0.105,0.239,0.203
2012-02-05 09:00:00,0.677,0.068,0.089,0.089,0.194,0.246
2012-02-05 10:00:00,0.701,0.057,0.055,0.055,0.2,0.28
2012-02-05 11:00:00,0.698,0.028,0.03,0.03,0.154,0.308
2012-02-05 12:00:00,0.667,0.025,0.019,0.019,0.105,0.319
2012-02-05 13:00:00,0.61,0.011,0.022,0.022,0.101,0.309
2012-02-05 14:00:00,0.533,0.011,0.03,0.03,0.108,0.295
2012-02-05 15:00:00,0.463,0.021,0.034,0.034,0.115,0.287
2012-02-05 16:00:00,0.436,0.026,0.042,0.042,0.14,0.28
2012-02-05 17:00:00,0.436,0.024,0.054,0.054,0.165,0.278
2012-02-05 18:00:00,0.429,0.025,0.061,0.061,0.198,0.285
2012-02-05 19:00:00,0.407,0.034,0.055,0.055,0.203,0.305
2012-02-05 20:00:00,0.385,0.042,0.046,0.046,0.176,0.326
2012-02-05 21:00:00,0.35,0.053,0.053,0.053,0.153,0.335
2012-02-05 22:00:00,0.322,0.059,0.062,0.062,0.152,0.338
2012-02-05 23:00:00,0.378,0.052,0.098,0.098,0.167,0.346
2012-02-06 00:00:00,0.289,0.077,0.115,0.115,0.173,0.336
2012-02-06 01:00:00,0.233,0.086,0.129,0.129,0.183,0.332
2012-02-06 02:00:00,0.212,0.085,0.151,0.151,0.161,0.342
2012-02-06 03:00:00,0.186,0.089,0.171,0.171,0.129,0.344
2012-02-06 04:00:00,0.171,0.106,0.201,0.201,0.12,0.343
2012-02-06 05:00:00,0.161,0.14,0.235,0.235,0.135,0.347
2012-02-06 06:00:00,0.168,0.168,0.264,0.264,0.147,0.366
2012-02-06 07:00:00,0.184,0.2,0.277,0.277,0.121,0.393
2012-02-06 08:00:00,0.208,0.218,0.315,0.315,0.084,0.406
2012-02-06 09:00:00,0.221,0.232,0.364,0.364,0.049,0.403
2012-02-06 10:00:00,0.238,0.273,0.332,0.332,0.074,0.404
2012-02-06 11:00:00,0.332,0.286,0.351,0.351,0.036,0.34
2012-02-06 12:00:00,0.346,0.326,0.417,0.417,0.027,0.342
2012-02-06 13:00:00,0.332,0.405,0.471,0.471,0.03,0.363
2012-02-06 14:00:00,0.293,0.535,0.553,0.553,0.053,0.39
2012-02-06 15:00:00,0.262,0.635,0.634,0.634,0.127,0.435
2012-02-06 16:00:00,0.255,0.687,0.688,0.688,0.258,0.498
2012-02-06 17:00:00,0.27,0.713,0.704,0.704,0.383,0.558
2012-02-06 18:00:00,0.315,0.694,0.695,0.695,0.411,0.606
2012-02-06 19:00:00,0.338,0.642,0.719,0.719,0.346,0.639
2012-02-06 20:00:00,0.343,0.587,0.688,0.688,0.286,0.664
2012-02-06 21:00:00,0.333,0.515,0.666,0.666,0.267,0.683
2012-02-06 22:00:00,0.319,0.448,0.67,0.67,0.464,0.686
2012-02-06 23:00:00,0.408,0.413,0.655,0.655,0.447,0.669
2012-02-07 00:00:00,0.351,0.43,0.61,0.61,0.382,0.651
2012-02-07 01:00:00,0.289,0.523,0.628,0.628,0.3,0.62
2012-02-07 02:00:00,0.217,0.535,0.69,0.69,0.226,0.596
2012-02-07 03:00:00,0.175,0.573,0.756,0.756,0.198,0.589
2012-02-07 04:00:00,0.171,0.554,0.851,0.851,0.251,0.588
2012-02-07 05:00:00,0.168,0.51,0.873,0.873,0.301,0.612
2012-02-07 06:00:00,0.167,0.47,0.878,0.878,0.325,0.642
2012-02-07 07:00:00,0.145,0.458,0.908,0.908,0.426,0.664
2012-02-07 08:00:00,0.133,0.536,0.93,0.93,0.59,0.676
2012-02-07 09:00:00,0.146,0.547,0.934,0.934,0.698,0.683
2012-02-07 10:00:00,0.168,0.457,0.959,0.959,0.877,0.674
2012-02-07 11:00:00,0.192,0.287,0.956,0.956,0.956,0.634
2012-02-07 12:00:00,0.202,0.196,0.945,0.945,0.963,0.593
2012-02-07 13:00:00,0.206,0.154,0.922,0.922,0.976,0.545
2012-02-07 14:00:00,0.21,0.144,0.912,0.912,0.99,0.502
2012-02-07 15:00:00,0.236,0.131,0.923,0.923,0.995,0.456
2012-02-07 16:00:00,0.259,0.142,0.939,0.939,0.994,0.425
2012-02-07 17:00:00,0.275,0.178,0.942,0.942,0.988,0.41
2012-02-07 18:00:00,0.285,0.224,0.932,0.932,0.979,0.396
2012-02-07 19:00:00,0.304,0.197,0.898,0.898,0.971,0.358
2012-02-07 20:00:00,0.336,0.169,0.846,0.846,0.956,0.297
2012-02-07 21:00:00,0.372,0.133,0.757,0.757,0.921,0.24
2012-02-07 22:00:00,0.38,0.094,0.57,0.57,0.897,0.186
2012-02-07 23:00:00,0.307,0.047,0.443,0.443,0.773,0.123
2012-02-08 00:00:00,0.305,0.016,0.357,0.357,0.647,0.095
2012-02-08 01:00:00,0.301,0.0,0.311,0.311,0.532,0.089
2012-02-08 02:00:00,0.307,0.0,0.237,0.237,0.441,0.097
2012-02-08 03:00:00,0.323,0.0,0.202,0.202,0.418,0.101
2012-02-08 04:00:00,0.363,0.009,0.186,0.186,0.43,0.122
2012-02-08 05:00:00,0.404,0.032,0.148,0.148,0.368,0.119
2012-02-08 06:00:00,0.417,0.066,0.133,0.133,0.29,0.122
2012-02-08 07:00:00,0.372,0.108,0.1,0.1,0.187,0.133
2012-02-08 08:00:00,0.303,0.128,0.059,0.059,0.092,0.16
2012-02-08 09:00:00,0.247,0.128,0.024,0.024,0.027,0.204
2012-02-08 10:00:00,0.204,0.111,0.009,0.009,0.01,0.229
2012-02-08 11:00:00,0.171,0.072,0.007,0.007,0.001,0.219
2012-02-08 12:00:00,0.139,0.044,0.013,0.013,0.001,0.221
2012-02-08 13:00:00,0.112,0.018,0.032,0.032,0.006,0.263
2012-02-08 14:00:00,0.094,0.015,0.076,0.076,0.039,0.245
2012-02-08 15:00:00,0.086,0.059,0.124,0.124,0.102,0.202
2012-02-08 16:00:00,0.07,0.115,0.152,0.152,0.169,0.185
2012-02-08 17:00:00,0.059,0.13,0.116,0.116,0.243,0.243
2012-02-08 18:00:00,0.072,0.166,0.147,0.147,0.267,0.36
2012-02-08 19:00:00,0.09,0.159,0.276,0.276,0.271,0.472
2012-02-08 20:00:00,0.09,0.053,0.385,0.385,0.306,0.554
2012-02-08 21:00:00,0.081,0.0,0.414,0.414,0.359,0.634
2012-02-08 22:00:00,0.072,0.01,0.358,0.358,0.38,0.669
2012-02-08 23:00:00,0.07,0.682,0.364,0.364,0.398,0.661
2012-02-09 00:00:00,0.057,0.95,0.437,0.437,0.598,0.649
2012-02-09 01:00:00,0.06,0.95,0.395,0.395,0.818,0.629
2012-02-09 02:00:00,0.08,0.95,0.239,0.239,0.979,0.589
2012-02-09 03:00:00,0.123,0.95,0.354,0.354,0.988,0.594
2012-02-09 04:00:00,0.175,0.95,0.893,0.893,0.979,0.668
2012-02-09 05:00:00,0.249,0.949,0.998,0.998,0.775,0.685
2012-02-09 06:00:00,0.352,0.944,0.997,0.997,0.42,0.704
2012-02-09 07:00:00,0.454,0.931,0.996,0.996,0.977,0.713
2012-02-09 08:00:00,0.522,0.91,0.993,0.993,1.0,0.714
2012-02-09 09:00:00,0.589,0.895,0.988,0.988,1.0,0.722
2012-02-09 10:00:00,0.634,0.873,0.994,0.994,0.999,0.72
2012-02-09 11:00:00,0.68,0.854,0.981,0.981,0.997,0.716
2012-02-09 12:00:00,0.642,0.723,0.935,0.935,0.995,0.723
2012-02-09 13:00:00,0.564,0.619,0.911,0.911,0.988,0.715
2012-02-09 14:00:00,0.507,0.561,0.901,0.901,0.979,0.707
2012-02-09 15:00:00,0.531,0.511,0.872,0.872,0.974,0.663
2012-02-09 16:00:00,0.616,0.484,0.811,0.811,0.954,0.626
2012-02-09 17:00:00,0.645,0.479,0.742,0.742,0.914,0.586
2012-02-09 18:00:00,0.607,0.485,0.652,0.652,0.835,0.562
2012-02-09 19:00:00,0.577,0.464,0.547,0.547,0.701,0.541
2012-02-09 20:00:00,0.574,0.419,0.447,0.447,0.524,0.515
2012-02-09 21:00:00,0.577,0.371,0.377,0.377,0.375,0.486
2012-02-09 22:00:00,0.557,0.361,0.368,0.368,0.289,0.461
2012-02-09 23:00:00,0.46,0.291,0.288,0.288,0.202,0.42
2012-02-10 00:00:00,0.379,0.247,0.219,0.219,0.118,0.39
2012-02-10 01:00:00,0.314,0.223,0.179,0.179,0.066,0.366
2012-02-10 02:00:00,0.279,0.209,0.198,0.198,0.04,0.352
2012-02-10 03:00:00,0.258,0.241,0.237,0.237,0.023,0.371
2012-02-10 04:00:00,0.23,0.279,0.276,0.276,0.016,0.382
2012-02-10 05:00:00,0.193,0.293,0.299,0.299,0.014,0.377
2012-02-10 06:00:00,0.171,0.274,0.316,0.316,0.013,0.355
2012-02-10 07:00:00,0.155,0.27,0.332,0.332,0.012,0.351
2012-02-10 08:00:00,0.141,0.264,0.365,0.365,0.02,0.347
2012-02-10 09:00:00,0.133,0.275,0.383,0.383,0.039,0.345
2012-02-10 10:00:00,0.12,0.278,0.385,0.385,0.084,0.331
2012-02-10 11:00:00,0.149,0.257,0.324,0.324,0.123,0.358
2012-02-10 12:00:00,0.117,0.18,0.257,0.257,0.141,0.29
2012-02-10 13:00:00,0.085,0.106,0.214,0.214,0.167,0.228
2012-02-10 14:00:00,0.068,0.06,0.166,0.166,0.197,0.195
2012-02-10 15:00:00,0.065,0.047,0.154,0.154,0.212,0.174
2012-02-10 16:00:00,0.06,0.064,0.163,0.163,0.237,0.172
2012-02-10 17:00:00,0.061,0.109,0.21,0.21,0.278,0.165
2012-02-10 18:00:00,0.054,0.158,0.261,0.261,0.333,0.164
2012-02-10 19:00:00,0.053,0.147,0.248,0.248,0.355,0.157
2012-02-10 20:00:00,0.052,0.107,0.179,0.179,0.322,0.14
2012-02-10 21:00:00,0.055,0.084,0.143,0.143,0.258,0.12
2012-02-10 22:00:00,0.054,0.079,0.162,0.162,0.255,0.104
2012-02-10 23:00:00,0.073,0.06,0.112,0.112,0.191,0.07
2012-02-11 00:00:00,0.064,0.059,0.079,0.079,0.138,0.065
2012-02-11 01:00:00,0.055,0.039,0.048,0.048,0.103,0.072
2012-02-11 02:00:00,0.053,0.016,0.024,0.024,0.069,0.078
2012-02-11 03:00:00,0.047,0.005,0.011,0.011,0.037,0.077
2012-02-11 04:00:00,0.036,0.007,0.004,0.004,0.02,0.07
2012-02-11 05:00:00,0.022,0.004,0.002,0.002,0.016,0.069
2012-02-11 06:00:00,0.013,0.008,0.002,0.002,0.01,0.076
2012-02-11 07:00:00,0.008,0.009,0.002,0.002,0.007,0.082
2012-02-11 08:00:00,0.007,0.005,0.004,0.004,0.007,0.08
2012-02-11 09:00:00,0.007,0.004,0.005,0.005,0.011,0.081
2012-02-11 10:00:00,0.012,0.004,0.016,0.016,0.009,0.083
2012-02-11 11:00:00,0.027,0.027,0.024,0.024,0.013,0.086
2012-02-11 12:00:00,0.027,0.041,0.038,0.038,0.016,0.09
2012-02-11 13:00:00,0.036,0.066,0.042,0.042,0.022,0.101
2012-02-11 14:00:00,0.048,0.079,0.046,0.046,0.031,0.119
2012-02-11 15:00:00,0.065,0.068,0.051,0.051,0.031,0.154
2012-02-11 16:00:00,0.078,0.056,0.061,0.061,0.032,0.202
2012-02-11 17:00:00,0.084,0.036,0.086,0.086,0.033,0.252
2012-02-11 18:00:00,0.084,0.023,0.106,0.106,0.031,0.277
2012-02-11 19:00:00,0.092,0.027,0.128,0.128,0.034,0.308
2012-02-11 20:00:00,0.107,0.047,0.162,0.162,0.04,0.34
2012-02-11 21:00:00,0.132,0.095,0.196,0.196,0.056,0.332
2012-02-11 22:00:00,0.166,0.13,0.331,0.331,0.174,0.318
2012-02-11 23:00:00,0.264,0.168,0.505,0.505,0.236,0.404
2012-02-12 00:00:00,0.346,0.256,0.588,0.588,0.248,0.491
2012-02-12 01:00:00,0.402,0.37,0.652,0.652,0.27,0.518
2012-02-12 02:00:00,0.505,0.505,0.742,0.742,0.297,0.543
2012-02-12 03:00:00,0.581,0.632,0.808,0.808,0.322,0.579
2012-02-12 04:00:00,0.637,0.722,0.819,0.819,0.334,0.622
2012-02-12 05:00:00,0.686,0.809,0.807,0.807,0.37,0.66
2012-02-12 06:00:00,0.669,0.837,0.803,0.803,0.478,0.708
2012-02-12 07:00:00,0.619,0.906,0.837,0.837,0.595,0.756
2012-02-12 08:00:00,0.578,0.946,0.891,0.891,0.731,0.78
2012-02-12 09:00:00,0.569,0.948,0.922,0.922,0.808,0.792
2012-02-12 10:00:00,0.628,0.949,0.894,0.894,0.757,0.795
2012-02-12 11:00:00,0.571,0.944,0.968,0.968,0.86,0.73
2012-02-12 12:00:00,0.644,0.948,0.982,0.982,0.927,0.693
2012-02-12 13:00:00,0.698,0.95,0.987,0.987,0.954,0.671
2012-02-12 14:00:00,0.691,0.947,0.99,0.99,0.953,0.609
2012-02-12 15:00:00,0.644,0.868,0.981,0.981,0.938,0.514
2012-02-12 16:00:00,0.63,0.615,0.959,0.959,0.925,0.399
2012-02-12 17:00:00,0.581,0.306,0.891,0.891,0.841,0.336
2012-02-12 18:00:00,0.546,0.156,0.603,0.603,0.569,0.296
2012-02-12 19:00:00,0.534,0.22,0.247,0.247,0.177,0.287
2012-02-12 20:00:00,0.548,0.36,0.111,0.111,0.055,0.309
2012-02-12 21:00:00,0.568,0.507,0.098,0.098,0.05,0.313
2012-02-12 22:00:00,0.581,0.566,0.112,0.112,0.062,0.281
2012-02-12 23:00:00,0.374,0.608,0.081,0.081,0.064,0.242
2012-02-13 00:00:00,0.336,0.51,0.07,0.07,0.039,0.175
2012-02-13 01:00:00,0.327,0.415,0.062,0.062,0.019,0.126
2012-02-13 02:00:00,0.294,0.411,0.062,0.062,0.009,0.102
2012-02-13 03:00:00,0.27,0.337,0.078,0.078,0.012,0.085
2012-02-13 04:00:00,0.267,0.316,0.104,0.104,0.017,0.076
2012-02-13 05:00:00,0.286,0.305,0.111,0.111,0.02,0.066
2012-02-13 06:00:00,0.269,0.318,0.115,0.115,0.023,0.065
2012-02-13 07:00:00,0.208,0.323,0.095,0.095,0.021,0.06
2012-02-13 08:00:00,0.142,0.303,0.067,0.067,0.016,0.043
2012-02-13 09:00:00,0.085,0.28,0.054,0.054,0.027,0.024
2012-02-13 10:00:00,0.095,0.241,0.07,0.07,0.055,0.015
2012-02-13 11:00:00,0.191,0.181,0.093,0.093,0.076,0.023
2012-02-13 12:00:00,0.39,0.115,0.111,0.111,0.088,0.03
2012-02-13 13:00:00,0.449,0.069,0.118,0.118,0.092,0.037
2012-02-13 14:00:00,0.373,0.04,0.107,0.107,0.089,0.054
2012-02-13 15:00:00,0.288,0.017,0.097,0.097,0.09,0.079
2012-02-13 16:00:00,0.192,0.005,0.087,0.087,0.085,0.101
2012-02-13 17:00:00,0.17,0.001,0.099,0.099,0.072,0.118
2012-02-13 18:00:00,0.226,0.001,0.119,0.119,0.063,0.14
2012-02-13 19:00:00,0.322,0.005,0.139,0.139,0.063,0.172
2012-02-13 20:00:00,0.396,0.013,0.159,0.159,0.062,0.213
2012-02-13 21:00:00,0.51,0.032,0.171,0.171,0.071,0.26
2012-02-13 22:00:00,0.609,0.051,0.193,0.193,0.094,0.291
2012-02-13 23:00:00,0.673,0.113,0.187,0.187,0.106,0.333
2012-02-14 00:00:00,0.736,0.148,0.174,0.174,0.107,0.361
2012-02-14 01:00:00,0.759,0.186,0.162,0.162,0.096,0.36
2012-02-14 02:00:00,0.773,0.23,0.157,0.157,0.1,0.363
2012-02-14 03:00:00,0.784,0.268,0.167,0.167,0.11,0.379
2012-02-14 04:00:00,0.801,0.284,0.182,0.182,0.131,0.378
2012-02-14 05:00:00,0.833,0.318,0.192,0.192,0.158,0.346
2012-02-14 06:00:00,0.848,0.348,0.225,0.225,0.191,0.294
2012-02-14 07:00:00,0.85,0.406,0.265,0.265,0.235,0.286
2012-02-14 08:00:00,0.849,0.49,0.326,0.326,0.312,0.337
2012-02-14 09:00:00,0.845,0.565,0.431,0.431,0.388,0.41
2012-02-14 10:00:00,0.85,0.642,0.545,0.545,0.376,0.487
2012-02-14 11:00:00,0.828,0.79,0.614,0.614,0.407,0.599
2012-02-14 12:00:00,0.862,0.848,0.658,0.658,0.488,0.676
2012-02-14 13:00:00,0.878,0.896,0.709,0.709,0.632,0.713
2012-02-14 14:00:00,0.857,0.902,0.8,0.8,0.756,0.747
2012-02-14 15:00:00,0.76,0.93,0.858,0.858,0.842,0.78
2012-02-14 16:00:00,0.75,0.945,0.924,0.924,0.977,0.799
2012-02-14 17:00:00,0.818,0.948,0.962,0.962,0.996,0.822
2012-02-14 18:00:00,0.882,0.949,0.982,0.982,0.999,0.834
2012-02-14 19:00:00,0.92,0.95,0.997,0.997,0.999,0.852
2012-02-14 20:00:00,0.937,0.95,0.999,0.999,0.994,0.857
2012-02-14 21:00:00,0.946,0.95,1.0,1.0,0.995,0.822
2012-02-14 22:00:00,0.95,0.95,0.999,0.999,0.996,0.762
2012-02-14 23:00:00,0.95,0.95,0.998,0.998,0.997,0.73
2012-02-15 00:00:00,0.95,0.95,0.997,0.997,1.0,0.715
2012-02-15 01:00:00,0.947,0.95,0.99,0.99,1.0,0.711
2012-02-15 02:00:00,0.947,0.95,0.977,0.977,1.0,0.692
2012-02-15 03:00:00,0.95,0.95,0.798,0.798,0.995,0.509
2012-02-15 04:00:00,0.95,0.95,0.374,0.374,0.921,0.455
2012-02-15 05:00:00,0.949,0.948,0.299,0.299,0.968,0.536
2012-02-15 06:00:00,0.947,0.929,0.334,0.334,0.992,0.59
2012-02-15 07:00:00,0.948,0.871,0.401,0.401,0.996,0.629
2012-02-15 08:00:00,0.948,0.81,0.458,0.458,0.989,0.677
2012-02-15 09:00:00,0.949,0.763,0.527,0.527,0.973,0.705
2012-02-15 10:00:00,0.95,0.72,0.439,0.439,1.0,0.699
2012-02-15 11:00:00,0.95,0.582,0.413,0.413,1.0,0.642
2012-02-15 12:00:00,0.95,0.447,0.375,0.375,1.0,0.655
2012-02-15 13:00:00,0.95,0.352,0.414,0.414,1.0,0.646
2012-02-15 14:00:00,0.95,0.334,0.562,0.562,1.0,0.652
2012-02-15 15:00:00,0.95,0.28,0.693,0.693,1.0,0.654
2012-02-15 16:00:00,0.95,0.318,0.787,0.787,1.0,0.659
2012-02-15 17:00:00,0.95,0.407,0.805,0.805,1.0,0.689
2012-02-15 18:00:00,0.948,0.4,0.778,0.778,0.999,0.697
2012-02-15 19:00:00,0.945,0.343,0.717,0.717,0.991,0.672
2012-02-15 20:00:00,0.943,0.286,0.645,0.645,0.971,0.621
2012-02-15 21:00:00,0.934,0.219,0.615,0.615,0.961,0.568
2012-02-15 22:00:00,0.905,0.188,0.383,0.383,0.763,0.562
2012-02-15 23:00:00,0.823,0.135,0.353,0.353,0.702,0.465
2012-02-16 00:00:00,0.726,0.094,0.386,0.386,0.778,0.464
2012-02-16 01:00:00,0.602,0.079,0.475,0.475,0.862,0.498
2012-02-16 02:00:00,0.406,0.08,0.579,0.579,0.781,0.484
2012-02-16 03:00:00,0.243,0.103,0.519,0.519,0.541,0.428
2012-02-16 04:00:00,0.192,0.111,0.363,0.363,0.334,0.337
2012-02-16 05:00:00,0.227,0.104,0.213,0.213,0.222,0.257
2012-02-16 06:00:00,0.331,0.079,0.124,0.124,0.147,0.192
2012-02-16 07:00:00,0.402,0.042,0.07,0.07,0.102,0.135
2012-02-16 08:00:00,0.471,0.019,0.027,0.027,0.096,0.106
2012-02-16 09:00:00,0.552,0.002,0.009,0.009,0.119,0.118
2012-02-16 10:00:00,0.6,0.0,0.007,0.007,0.098,0.186
2012-02-16 11:00:00,0.67,0.002,0.008,0.008,0.046,0.238
2012-02-16 12:00:00,0.715,0.002,0.012,0.012,0.04,0.251
2012-02-16 13:00:00,0.756,0.009,0.014,0.014,0.03,0.275
2012-02-16 14:00:00,0.813,0.018,0.017,0.017,0.042,0.294
2012-02-16 15:00:00,0.848,0.039,0.024,0.024,0.057,0.336
2012-02-16 16:00:00,0.871,0.071,0.048,0.048,0.102,0.387
2012-02-16 17:00:00,0.899,0.099,0.098,0.098,0.278,0.441
2012-02-16 18:00:00,0.912,0.142,0.188,0.188,0.566,0.51
2012-02-16 19:00:00,0.911,0.206,0.339,0.339,0.766,0.602
2012-02-16 20:00:00,0.914,0.32,0.48,0.48,0.862,0.712
2012-02-16 21:00:00,0.919,0.478,0.568,0.568,0.915,0.789
2012-02-16 22:00:00,0.872,0.674,0.671,0.671,0.873,0.823
2012-02-16 23:00:00,0.777,0.877,0.758,0.758,0.834,0.816
2012-02-17 00:00:00,0.762,0.918,0.873,0.873,0.751,0.796
2012-02-17 01:00:00,0.76,0.924,0.919,0.919,0.794,0.765
2012-02-17 02:00:00,0.715,0.932,0.901,0.901,0.932,0.714
2012-02-17 03:00:00,0.667,0.939,0.886,0.886,0.983,0.628
2012-02-17 04:00:00,0.68,0.939,0.74,0.74,0.994,0.517
2012-02-17 05:00:00,0.709,0.946,0.623,0.623,0.993,0.457
2012-02-17 06:00:00,0.734,0.949,0.553,0.553,0.994,0.475
2012-02-17 07:00:00,0.715,0.949,0.71,0.71,0.996,0.529
2012-02-17 08:00:00,0.703,0.949,0.878,0.878,0.997,0.562
2012-02-17 09:00:00,0.647,0.947,0.87,0.87,0.998,0.517
2012-02-17 10:00:00,0.609,0.935,0.814,0.814,0.991,0.466
2012-02-17 11:00:00,0.553,0.855,0.805,0.805,0.99,0.445
2012-02-17 12:00:00,0.514,0.618,0.76,0.76,0.99,0.457
2012-02-17 13:00:00,0.512,0.278,0.726,0.726,0.989,0.43
2012-02-17 14:00:00,0.484,0.088,0.706,0.706,0.972,0.416
2012-02-17 15:00:00,0.481,0.153,0.601,0.601,0.958,0.399
2012-02-17 16:00:00,0.52,0.52,0.562,0.562,0.971,0.355
2012-02-17 17:00:00,0.549,0.739,0.558,0.558,0.977,0.334
2012-02-17 18:00:00,0.531,0.772,0.509,0.509,0.976,0.303
2012-02-17 19:00:00,0.533,0.818,0.43,0.43,0.974,0.282
2012-02-17 20:00:00,0.533,0.824,0.399,0.399,0.951,0.255
2012-02-17 21:00:00,0.547,0.773,0.351,0.351,0.876,0.236
2012-02-17 22:00:00,0.556,0.695,0.27,0.27,0.696,0.202
2012-02-17 23:00:00,0.627,0.553,0.212,0.212,0.582,0.164
2012-02-18 00:00:00,0.672,0.437,0.117,0.117,0.487,0.167
2012-02-18 01:00:00,0.739,0.301,0.056,0.056,0.464,0.174
2012-02-18 02:00:00,0.788,0.191,0.039,0.039,0.503,0.205
2012-02-18 03:00:00,0.838,0.12,0.057,0.057,0.515,0.246
2012-02-18 04:00:00,0.875,0.063,0.097,0.097,0.558,0.283
2012-02-18 05:00:00,0.888,0.011,0.144,0.144,0.472,0.3
2012-02-18 06:00:00,0.889,0.0,0.201,0.201,0.263,0.328
2012-02-18 07:00:00,0.896,0.0,0.243,0.243,0.252,0.35
2012-02-18 08:00:00,0.902,0.0,0.254,0.254,0.355,0.385
2012-02-18 09:00:00,0.912,0.017,0.295,0.295,0.551,0.451
2012-02-18 10:00:00,0.925,0.085,0.257,0.257,0.667,0.547
2012-02-18 11:00:00,0.937,0.189,0.305,0.305,0.833,0.64
2012-02-18 12:00:00,0.942,0.242,0.468,0.468,0.919,0.727
2012-02-18 13:00:00,0.945,0.259,0.637,0.637,0.967,0.809
2012-02-18 14:00:00,0.946,0.357,0.801,0.801,0.989,0.878
2012-02-18 15:00:00,0.948,0.541,0.897,0.897,0.993,0.918
2012-02-18 16:00:00,0.949,0.725,0.949,0.949,0.994,0.937
2012-02-18 17:00:00,0.949,0.872,0.977,0.977,0.996,0.941
2012-02-18 18:00:00,0.949,0.941,0.99,0.99,0.998,0.94
2012-02-18 19:00:00,0.937,0.948,0.995,0.995,0.999,0.938
2012-02-18 20:00:00,0.904,0.95,0.997,0.997,0.999,0.939
2012-02-18 21:00:00,0.858,0.95,0.998,0.998,0.999,0.939
2012-02-18 22:00:00,0.847,0.95,0.997,0.997,0.999,0.94
2012-02-18 23:00:00,0.917,0.95,0.994,0.994,0.998,0.942
2012-02-19 00:00:00,0.927,0.95,0.995,0.995,0.999,0.934
2012-02-19 01:00:00,0.938,0.95,0.995,0.995,1.0,0.912
2012-02-19 02:00:00,0.945,0.95,0.995,0.995,1.0,0.873
2012-02-19 03:00:00,0.942,0.95,0.994,0.994,0.999,0.854
2012-02-19 04:00:00,0.937,0.95,0.99,0.99,0.999,0.844
2012-02-19 05:00:00,0.936,0.95,0.989,0.989,0.991,0.839
2012-02-19 06:00:00,0.929,0.95,0.987,0.987,0.905,0.85
2012-02-19 07:00:00,0.928,0.95,0.976,0.976,0.693,0.863
2012-02-19 08:00:00,0.943,0.95,0.915,0.915,0.791,0.786
2012-02-19 09:00:00,0.946,0.95,0.87,0.87,0.955,0.686
2012-02-19 10:00:00,0.947,0.95,0.706,0.706,0.987,0.762
2012-02-19 11:00:00,0.947,0.948,0.833,0.833,0.99,0.796
2012-02-19 12:00:00,0.947,0.921,0.88,0.88,0.993,0.809
2012-02-19 13:00:00,0.947,0.876,0.967,0.967,0.995,0.836
2012-02-19 14:00:00,0.942,0.718,0.988,0.988,0.997,0.843
2012-02-19 15:00:00,0.939,0.795,0.993,0.993,0.994,0.813
2012-02-19 16:00:00,0.933,0.941,0.992,0.992,0.993,0.793
2012-02-19 17:00:00,0.931,0.95,0.992,0.992,0.994,0.752
2012-02-19 18:00:00,0.93,0.949,0.994,0.994,0.995,0.731
2012-02-19 19:00:00,0.928,0.95,0.995,0.995,0.994,0.802
2012-02-19 20:00:00,0.921,0.95,0.995,0.995,0.993,0.879
2012-02-19 21:00:00,0.908,0.95,0.994,0.994,0.993,0.873
2012-02-19 22:00:00,0.883,0.949,0.996,0.996,0.994,0.847
2012-02-19 23:00:00,0.798,0.942,0.992,0.992,0.992,0.815
2012-02-20 00:00:00,0.788,0.929,0.976,0.976,0.987,0.791
2012-02-20 01:00:00,0.746,0.911,0.94,0.94,0.98,0.73
2012-02-20 02:00:00,0.596,0.869,0.882,0.882,0.978,0.659
2012-02-20 03:00:00,0.482,0.726,0.783,0.783,0.968,0.574
2012-02-20 04:00:00,0.466,0.583,0.689,0.689,0.94,0.528
2012-02-20 05:00:00,0.512,0.428,0.514,0.514,0.943,0.476
2012-02-20 06:00:00,0.523,0.267,0.408,0.408,0.903,0.388
2012-02-20 07:00:00,0.576,0.213,0.288,0.288,0.756,0.394
2012-02-20 08:00:00,0.67,0.302,0.235,0.235,0.713,0.404
2012-02-20 09:00:00,0.74,0.385,0.288,0.288,0.663,0.425
2012-02-20 10:00:00,0.81,0.415,0.345,0.345,0.558,0.456
2012-02-20 11:00:00,0.874,0.406,0.406,0.406,0.556,0.445
2012-02-20 12:00:00,0.868,0.447,0.421,0.421,0.555,0.446
2012-02-20 13:00:00,0.888,0.492,0.475,0.475,0.566,0.433
2012-02-20 14:00:00,0.911,0.436,0.559,0.559,0.624,0.504
2012-02-20 15:00:00,0.93,0.424,0.619,0.619,0.689,0.523
2012-02-20 16:00:00,0.941,0.638,0.747,0.747,0.787,0.686
2012-02-20 17:00:00,0.945,0.735,0.858,0.858,0.879,0.876
2012-02-20 18:00:00,0.946,0.772,0.926,0.926,0.941,0.916
2012-02-20 19:00:00,0.948,0.888,0.97,0.97,0.979,0.937
2012-02-20 20:00:00,0.948,0.92,0.983,0.983,0.992,0.945
2012-02-20 21:00:00,0.947,0.947,0.992,0.992,0.995,0.947
2012-02-20 22:00:00,0.949,0.95,0.998,0.998,0.998,0.949
2012-02-20 23:00:00,0.95,0.95,0.999,0.999,0.999,0.95
2012-02-21 00:00:00,0.95,0.95,1.0,1.0,1.0,0.95
2012-02-21 01:00:00,0.95,0.95,1.0,1.0,1.0,0.95
2012-02-21 02:00:00,0.95,0.95,1.0,1.0,1.0,0.95
2012-02-21 03:00:00,0.95,0.95,1.0,1.0,1.0,0.947
2012-02-21 04:00:00,0.95,0.95,0.999,0.999,0.999,0.94
2012-02-21 05:00:00,0.95,0.95,0.996,0.996,0.997,0.931
2012-02-21 06:00:00,0.95,0.949,0.988,0.988,0.996,0.93
2012-02-21 07:00:00,0.948,0.95,0.992,0.992,0.998,0.938
2012-02-21 08:00:00,0.936,0.95,0.991,0.991,1.0,0.941
2012-02-21 09:00:00,0.899,0.95,0.987,0.987,1.0,0.934
2012-02-21 10:00:00,0.873,0.95,1.0,1.0,1.0,0.925
2012-02-21 11:00:00,0.869,0.95,1.0,1.0,1.0,0.92
2012-02-21 12:00:00,0.881,0.95,1.0,1.0,1.0,0.927
2012-02-21 13:00:00,0.885,0.95,1.0,1.0,1.0,0.931
2012-02-21 14:00:00,0.913,0.95,1.0,1.0,1.0,0.927
2012-02-21 15:00:00,0.922,0.95,1.0,1.0,0.999,0.911
2012-02-21 16:00:00,0.919,0.95,1.0,1.0,0.998,0.886
2012-02-21 17:00:00,0.912,0.95,1.0,1.0,0.998,0.859
2012-02-21 18:00:00,0.913,0.939,0.998,0.998,0.995,0.827
2012-02-21 19:00:00,0.925,0.819,0.993,0.993,0.993,0.8
2012-02-21 20:00:00,0.933,0.677,0.984,0.984,0.985,0.792
2012-02-21 21:00:00,0.932,0.583,0.959,0.959,0.972,0.779
2012-02-21 22:00:00,0.93,0.512,0.894,0.894,0.929,0.743
2012-02-21 23:00:00,0.929,0.391,0.835,0.835,0.924,0.667
2012-02-22 00:00:00,0.935,0.265,0.775,0.775,0.898,0.609
2012-02-22 01:00:00,0.939,0.141,0.793,0.793,0.875,0.564
2012-02-22 02:00:00,0.941,0.084,0.804,0.804,0.934,0.535
2012-02-22 03:00:00,0.944,0.132,0.765,0.765,0.972,0.509
2012-02-22 04:00:00,0.945,0.301,0.813,0.813,0.986,0.494
2012-02-22 05:00:00,0.946,0.427,0.922,0.922,0.994,0.581
2012-02-22 06:00:00,0.948,0.514,0.978,0.978,0.997,0.743
2012-02-22 07:00:00,0.949,0.588,0.993,0.993,0.999,0.859
2012-02-22 08:00:00,0.949,0.641,0.999,0.999,0.999,0.908
2012-02-22 09:00:00,0.949,0.901,1.0,1.0,1.0,0.928
2012-02-22 10:00:00,0.95,0.946,1.0,1.0,0.999,0.931
2012-02-22 11:00:00,0.95,0.95,1.0,1.0,1.0,0.935
2012-02-22 12:00:00,0.95,0.95,1.0,1.0,1.0,0.944
2012-02-22 13:00:00,0.95,0.95,1.0,1.0,1.0,0.947
2012-02-22 14:00:00,0.95,0.95,1.0,1.0,1.0,0.946
2012-02-22 15:00:00,0.95,0.95,1.0,1.0,1.0,0.93
2012-02-22 16:00:00,0.946,0.95,1.0,1.0,1.0,0.911
2012-02-22 17:00:00,0.946,0.95,1.0,1.0,1.0,0.929
2012-02-22 18:00:00,0.942,0.95,1.0,1.0,1.0,0.938
2012-02-22 19:00:00,0.939,0.95,0.999,0.999,1.0,0.942
2012-02-22 20:00:00,0.942,0.95,0.998,0.998,1.0,0.941
2012-02-22 21:00:00,0.948,0.95,0.998,0.998,1.0,0.939
2012-02-22 22:00:00,0.95,0.949,0.992,0.992,0.999,0.928
2012-02-22 23:00:00,0.95,0.949,0.994,0.994,0.999,0.908
2012-02-23 00:00:00,0.95,0.95,0.966,0.966,0.997,0.866
2012-02-23 01:00:00,0.95,0.95,0.89,0.89,0.992,0.803
2012-02-23 02:00:00,0.95,0.95,0.7,0.7,0.982,0.754
2012-02-23 03:00:00,0.95,0.949,0.632,0.632,0.929,0.717
2012-02-23 04:00:00,0.949,0.941,0.528,0.528,0.873,0.721
2012-02-23 05:00:00,0.941,0.883,0.684,0.684,0.88,0.763
2012-02-23 06:00:00,0.926,0.847,0.878,0.878,0.963,0.8
2012-02-23 07:00:00,0.898,0.839,0.944,0.944,0.996,0.822
2012-02-23 08:00:00,0.849,0.896,0.93,0.93,0.999,0.851
2012-02-23 09:00:00,0.753,0.882,0.954,0.954,1.0,0.879
2012-02-23 10:00:00,0.658,0.755,0.999,0.999,1.0,0.922
2012-02-23 11:00:00,0.581,0.86,1.0,1.0,1.0,0.909
2012-02-23 12:00:00,0.691,0.906,1.0,1.0,1.0,0.918
2012-02-23 13:00:00,0.784,0.95,1.0,1.0,1.0,0.903
2012-02-23 14:00:00,0.843,0.95,1.0,1.0,1.0,0.851
2012-02-23 15:00:00,0.903,0.95,1.0,1.0,1.0,0.819
2012-02-23 16:00:00,0.942,0.95,1.0,1.0,1.0,0.79
2012-02-23 17:00:00,0.948,0.95,1.0,1.0,1.0,0.744
2012-02-23 18:00:00,0.949,0.95,1.0,1.0,1.0,0.701
2012-02-23 19:00:00,0.949,0.95,1.0,1.0,1.0,0.685
2012-02-23 20:00:00,0.948,0.95,1.0,1.0,1.0,0.655
2012-02-23 21:00:00,0.949,0.95,0.999,0.999,1.0,0.652
2012-02-23 22:00:00,0.949,0.95,0.999,0.999,1.0,0.67
2012-02-23 23:00:00,0.95,0.94,0.999,0.999,1.0,0.698
2012-02-24 00:00:00,0.95,0.94,1.0,1.0,1.0,0.716
2012-02-24 01:00:00,0.95,0.947,1.0,1.0,0.999,0.734
2012-02-24 02:00:00,0.949,0.949,0.999,0.999,0.999,0.741
2012-02-24 03:00:00,0.949,0.936,0.993,0.993,0.999,0.732
2012-02-24 04:00:00,0.949,0.901,0.993,0.993,0.999,0.725
2012-02-24 05:00:00,0.949,0.874,0.998,0.998,1.0,0.732
2012-02-24 06:00:00,0.949,0.883,0.999,0.999,1.0,0.748
2012-02-24 07:00:00,0.949,0.941,1.0,1.0,1.0,0.759
2012-02-24 08:00:00,0.948,0.949,1.0,1.0,1.0,0.768
2012-02-24 09:00:00,0.947,0.949,1.0,1.0,1.0,0.774
2012-02-24 10:00:00,0.948,0.938,1.0,1.0,1.0,0.77
2012-02-24 11:00:00,0.949,0.916,1.0,1.0,1.0,0.753
2012-02-24 12:00:00,0.949,0.948,0.999,0.999,0.999,0.754
2012-02-24 13:00:00,0.949,0.95,0.993,0.993,0.994,0.743
2012-02-24 14:00:00,0.95,0.95,0.986,0.986,0.99,0.733
2012-02-24 15:00:00,0.949,0.95,0.979,0.979,0.995,0.732
2012-02-24 16:00:00,0.948,0.95,0.977,0.977,0.998,0.731
2012-02-24 17:00:00,0.945,0.95,0.958,0.958,0.999,0.731
2012-02-24 18:00:00,0.941,0.95,0.949,0.949,0.996,0.729
2012-02-24 19:00:00,0.936,0.95,0.967,0.967,0.987,0.729
2012-02-24 20:00:00,0.935,0.95,0.968,0.968,0.979,0.758
2012-02-24 21:00:00,0.931,0.95,0.956,0.956,0.959,0.779
2012-02-24 22:00:00,0.936,0.95,0.986,0.986,0.973,0.807
2012-02-24 23:00:00,0.94,0.95,0.983,0.983,0.966,0.837
2012-02-25 00:00:00,0.944,0.95,0.978,0.978,0.96,0.808
2012-02-25 01:00:00,0.945,0.95,0.985,0.985,0.968,0.758
2012-02-25 02:00:00,0.944,0.95,0.994,0.994,0.97,0.751
2012-02-25 03:00:00,0.942,0.95,0.992,0.992,0.973,0.745
2012-02-25 04:00:00,0.938,0.95,0.987,0.987,0.989,0.742
2012-02-25 05:00:00,0.924,0.95,0.983,0.983,0.979,0.741
2012-02-25 06:00:00,0.918,0.95,0.989,0.989,0.927,0.742
2012-02-25 07:00:00,0.925,0.95,0.992,0.992,0.947,0.754
2012-02-25 08:00:00,0.928,0.95,0.994,0.994,0.977,0.884
2012-02-25 09:00:00,0.927,0.95,0.995,0.995,0.988,0.948
2012-02-25 10:00:00,0.931,0.95,1.0,1.0,0.997,0.948
2012-02-25 11:00:00,0.936,0.95,1.0,1.0,0.993,0.941
2012-02-25 12:00:00,0.932,0.95,1.0,1.0,0.983,0.933
2012-02-25 13:00:00,0.918,0.95,1.0,1.0,0.983,0.925
2012-02-25 14:00:00,0.904,0.95,1.0,1.0,0.989,0.917
2012-02-25 15:00:00,0.875,0.95,1.0,1.0,0.997,0.904
2012-02-25 16:00:00,0.854,0.95,1.0,1.0,0.999,0.891
2012-02-25 17:00:00,0.83,0.946,0.999,0.999,1.0,0.877
2012-02-25 18:00:00,0.798,0.946,0.987,0.987,1.0,0.861
2012-02-25 19:00:00,0.797,0.948,0.95,0.95,1.0,0.849
2012-02-25 20:00:00,0.768,0.948,0.881,0.881,1.0,0.813
2012-02-25 21:00:00,0.729,0.947,0.746,0.746,0.988,0.795
2012-02-25 22:00:00,0.692,0.947,0.793,0.793,0.873,0.805
2012-02-25 23:00:00,0.724,0.946,0.807,0.807,0.734,0.776
2012-02-26 00:00:00,0.702,0.945,0.797,0.797,0.675,0.744
2012-02-26 01:00:00,0.668,0.939,0.849,0.849,0.734,0.743
2012-02-26 02:00:00,0.627,0.945,0.913,0.913,0.819,0.772
2012-02-26 03:00:00,0.595,0.95,0.953,0.953,0.859,0.8
2012-02-26 04:00:00,0.57,0.95,0.965,0.965,0.901,0.803
2012-02-26 05:00:00,0.535,0.95,0.973,0.973,0.911,0.795
2012-02-26 06:00:00,0.509,0.95,0.978,0.978,0.876,0.794
2012-02-26 07:00:00,0.496,0.95,0.976,0.976,0.808,0.795
2012-02-26 08:00:00,0.417,0.95,0.979,0.979,0.744,0.787
2012-02-26 09:00:00,0.307,0.95,0.966,0.966,0.629,0.771
2012-02-26 10:00:00,0.193,0.95,0.86,0.86,0.332,0.752
2012-02-26 11:00:00,0.098,0.95,0.803,0.803,0.346,0.625
2012-02-26 12:00:00,0.076,0.95,0.761,0.761,0.352,0.575
2012-02-26 13:00:00,0.075,0.95,0.761,0.761,0.396,0.539
2012-02-26 14:00:00,0.1,0.95,0.761,0.761,0.439,0.517
2012-02-26 15:00:00,0.128,0.95,0.718,0.718,0.473,0.493
2012-02-26 16:00:00,0.131,0.95,0.59,0.59,0.501,0.441
2012-02-26 17:00:00,0.118,0.95,0.493,0.493,0.598,0.437
2012-02-26 18:00:00,0.098,0.95,0.425,0.425,0.724,0.441
2012-02-26 19:00:00,0.091,0.95,0.361,0.361,0.783,0.43
2012-02-26 20:00:00,0.094,0.95,0.343,0.343,0.736,0.409
2012-02-26 21:00:00,0.097,0.949,0.353,0.353,0.638,0.416
2012-02-26 22:00:00,0.083,0.948,0.269,0.269,0.571,0.413
2012-02-26 23:00:00,0.117,0.936,0.297,0.297,0.42,0.378
2012-02-27 00:00:00,0.197,0.938,0.333,0.333,0.287,0.335
2012-02-27 01:00:00,0.323,0.915,0.243,0.243,0.192,0.254
2012-02-27 02:00:00,0.425,0.852,0.221,0.221,0.135,0.188
2012-02-27 03:00:00,0.461,0.795,0.246,0.246,0.096,0.173
2012-02-27 04:00:00,0.503,0.767,0.252,0.252,0.058,0.169
2012-02-27 05:00:00,0.58,0.733,0.234,0.234,0.055,0.141
2012-02-27 06:00:00,0.661,0.69,0.2,0.2,0.061,0.112
2012-02-27 07:00:00,0.705,0.628,0.147,0.147,0.068,0.09
2012-02-27 08:00:00,0.667,0.547,0.088,0.088,0.091,0.062
2012-02-27 09:00:00,0.626,0.446,0.042,0.042,0.082,0.039
2012-02-27 10:00:00,0.584,0.342,0.023,0.023,0.092,0.027
2012-02-27 11:00:00,0.626,0.278,0.011,0.011,0.074,0.039
2012-02-27 12:00:00,0.705,0.242,0.008,0.008,0.064,0.051
2012-02-27 13:00:00,0.684,0.198,0.007,0.007,0.071,0.07
2012-02-27 14:00:00,0.683,0.146,0.009,0.009,0.084,0.108
2012-02-27 15:00:00,0.726,0.072,0.019,0.019,0.069,0.181
2012-02-27 16:00:00,0.752,0.024,0.039,0.039,0.076,0.256
2012-02-27 17:00:00,0.763,0.0,0.077,0.077,0.151,0.341
2012-02-27 18:00:00,0.807,0.0,0.078,0.078,0.164,0.381
2012-02-27 19:00:00,0.799,0.003,0.112,0.112,0.246,0.397
2012-02-27 20:00:00,0.743,0.001,0.16,0.16,0.296,0.431
2012-02-27 21:00:00,0.682,0.017,0.247,0.247,0.307,0.462
2012-02-27 22:00:00,0.65,0.074,0.318,0.318,0.342,0.487
2012-02-27 23:00:00,0.76,0.171,0.418,0.418,0.431,0.552
2012-02-28 00:00:00,0.785,0.3,0.464,0.464,0.598,0.632
2012-02-28 01:00:00,0.755,0.505,0.471,0.471,0.432,0.696
2012-02-28 02:00:00,0.804,0.651,0.588,0.588,0.409,0.702
2012-02-28 03:00:00,0.794,0.776,0.717,0.717,0.564,0.749
2012-02-28 04:00:00,0.819,0.879,0.842,0.842,0.784,0.79
2012-02-28 05:00:00,0.85,0.93,0.913,0.913,0.929,0.82
2012-02-28 06:00:00,0.845,0.934,0.961,0.961,0.977,0.845
2012-02-28 07:00:00,0.822,0.948,0.951,0.951,0.994,0.886
2012-02-28 08:00:00,0.742,0.95,0.963,0.963,1.0,0.907
2012-02-28 09:00:00,0.711,0.95,0.984,0.984,1.0,0.91
2012-02-28 10:00:00,0.753,0.95,0.997,0.997,1.0,0.917
2012-02-28 11:00:00,0.761,0.95,0.999,0.999,1.0,0.913
2012-02-28 12:00:00,0.803,0.949,0.999,0.999,1.0,0.898
2012-02-28 13:00:00,0.779,0.927,0.994,0.994,1.0,0.853
2012-02-28 14:00:00,0.736,0.855,0.975,0.975,1.0,0.761
2012-02-28 15:00:00,0.661,0.91,0.969,0.969,1.0,0.727
2012-02-28 16:00:00,0.609,0.943,0.915,0.915,1.0,0.705
2012-02-28 17:00:00,0.6,0.932,0.881,0.881,1.0,0.698
2012-02-28 18:00:00,0.598,0.896,0.885,0.885,0.998,0.711
2012-02-28 19:00:00,0.591,0.857,0.869,0.869,0.985,0.706
2012-02-28 20:00:00,0.582,0.796,0.774,0.774,0.965,0.636
2012-02-28 21:00:00,0.604,0.775,0.537,0.537,0.952,0.539
2012-02-28 22:00:00,0.582,0.854,0.308,0.308,0.835,0.473
2012-02-28 23:00:00,0.513,0.931,0.182,0.182,0.834,0.413
2012-03-01 00:00:00,0.403,0.909,0.209,0.209,0.8,0.381
2012-03-01 01:00:00,0.304,0.869,0.292,0.292,0.75,0.337
2012-03-01 02:00:00,0.251,0.841,0.191,0.191,0.537,0.307
2012-03-01 03:00:00,0.237,0.679,0.096,0.096,0.275,0.256
2012-03-01 04:00:00,0.286,0.515,0.056,0.056,0.093,0.241
2012-03-01 05:00:00,0.294,0.468,0.048,0.048,0.064,0.206
2012-03-01 06:00:00,0.276,0.35,0.03,0.03,0.087,0.161
2012-03-01 07:00:00,0.269,0.208,0.01,0.01,0.154,0.155
2012-03-01 08:00:00,0.268,0.097,0.008,0.008,0.205,0.181
2012-03-01 09:00:00,0.261,0.065,0.069,0.069,0.237,0.191
2012-03-01 10:00:00,0.245,0.133,0.224,0.224,0.21,0.215
2012-03-01 11:00:00,0.244,0.127,0.391,0.391,0.361,0.222
2012-03-01 12:00:00,0.253,0.107,0.458,0.458,0.587,0.308
2012-03-01 13:00:00,0.274,0.082,0.498,0.498,0.73,0.344
2012-03-01 14:00:00,0.322,0.146,0.497,0.497,0.844,0.388
2012-03-01 15:00:00,0.408,0.416,0.54,0.54,0.944,0.431
2012-03-01 16:00:00,0.444,0.542,0.614,0.614,0.97,0.456
2012-03-01 17:00:00,0.462,0.577,0.64,0.64,0.969,0.45
2012-03-01 18:00:00,0.49,0.579,0.677,0.677,0.957,0.472
2012-03-01 19:00:00,0.524,0.483,0.653,0.653,0.948,0.438
2012-03-01 20:00:00,0.518,0.389,0.629,0.629,0.959,0.416
2012-03-01 21:00:00,0.489,0.33,0.619,0.619,0.968,0.396
2012-03-01 22:00:00,0.51,0.249,0.561,0.561,0.929,0.373
2012-03-01 23:00:00,0.506,0.155,0.588,0.588,0.893,0.335
2012-03-02 00:00:00,0.596,0.128,0.529,0.529,0.864,0.381
2012-03-02 01:00:00,0.636,0.138,0.513,0.513,0.87,0.352
2012-03-02 02:00:00,0.61,0.202,0.555,0.555,0.91,0.349
2012-03-02 03:00:00,0.562,0.275,0.624,0.624,0.954,0.397
2012-03-02 04:00:00,0.492,0.253,0.713,0.713,0.958,0.466
2012-03-02 05:00:00,0.428,0.306,0.821,0.821,0.943,0.53
2012-03-02 06:00:00,0.376,0.447,0.878,0.878,0.91,0.571
2012-03-02 07:00:00,0.368,0.529,0.897,0.897,0.865,0.603
2012-03-02 08:00:00,0.359,0.584,0.903,0.903,0.861,0.616
2012-03-02 09:00:00,0.335,0.523,0.928,0.928,0.901,0.614
2012-03-02 10:00:00,0.319,0.39,0.955,0.955,0.92,0.623
2012-03-02 11:00:00,0.428,0.494,0.974,0.974,0.957,0.646
2012-03-02 12:00:00,0.455,0.633,0.968,0.968,0.983,0.675
2012-03-02 13:00:00,0.495,0.708,0.966,0.966,0.994,0.672
2012-03-02 14:00:00,0.513,0.717,0.969,0.969,0.998,0.685
2012-03-02 15:00:00,0.491,0.791,0.981,0.981,0.999,0.731
2012-03-02 16:00:00,0.469,0.813,0.989,0.989,0.999,0.744
2012-03-02 17:00:00,0.459,0.838,0.99,0.99,0.999,0.758
2012-03-02 18:00:00,0.47,0.779,0.99,0.99,0.999,0.775
2012-03-02 19:00:00,0.454,0.689,0.981,0.981,0.998,0.797
2012-03-02 20:00:00,0.41,0.725,0.961,0.961,0.999,0.818
2012-03-02 21:00:00,0.417,0.764,0.945,0.945,0.999,0.819
2012-03-02 22:00:00,0.471,0.735,0.906,0.906,0.997,0.81
2012-03-02 23:00:00,0.501,0.629,0.948,0.948,0.994,0.811
2012-03-03 00:00:00,0.483,0.689,0.98,0.98,0.994,0.854
2012-03-03 01:00:00,0.417,0.785,0.986,0.986,0.991,0.861
2012-03-03 02:00:00,0.381,0.734,0.996,0.996,0.993,0.878
2012-03-03 03:00:00,0.331,0.815,1.0,1.0,0.996,0.882
2012-03-03 04:00:00,0.217,0.947,1.0,1.0,0.994,0.87
2012-03-03 05:00:00,0.178,0.95,0.992,0.992,0.98,0.853
2012-03-03 06:00:00,0.212,0.95,0.96,0.96,0.96,0.829
2012-03-03 07:00:00,0.241,0.95,0.95,0.95,0.945,0.814
2012-03-03 08:00:00,0.248,0.95,0.957,0.957,0.924,0.8
2012-03-03 09:00:00,0.226,0.95,0.956,0.956,0.922,0.792
2012-03-03 10:00:00,0.192,0.95,0.848,0.848,0.845,0.77
2012-03-03 11:00:00,0.132,0.95,0.737,0.737,0.676,0.637
2012-03-03 12:00:00,0.096,0.95,0.742,0.742,0.477,0.597
2012-03-03 13:00:00,0.056,0.95,0.748,0.748,0.455,0.581
2012-03-03 14:00:00,0.031,0.95,0.706,0.706,0.409,0.58
2012-03-03 15:00:00,0.019,0.95,0.641,0.641,0.315,0.548
2012-03-03 16:00:00,0.02,0.95,0.592,0.592,0.37,0.545
2012-03-03 17:00:00,0.034,0.95,0.599,0.599,0.442,0.59
2012-03-03 18:00:00,0.062,0.95,0.627,0.627,0.482,0.665
2012-03-03 19:00:00,0.093,0.95,0.72,0.72,0.552,0.719
2012-03-03 20:00:00,0.118,0.95,0.823,0.823,0.61,0.737
2012-03-03 21:00:00,0.16,0.95,0.885,0.885,0.637,0.739
2012-03-03 22:00:00,0.255,0.95,0.93,0.93,0.664,0.747
2012-03-03 23:00:00,0.461,0.95,0.926,0.926,0.571,0.774
2012-03-04 00:00:00,0.623,0.95,0.897,0.897,0.432,0.772
2012-03-04 01:00:00,0.732,0.95,0.795,0.795,0.274,0.757
2012-03-04 02:00:00,0.797,0.95,0.642,0.642,0.189,0.713
2012-03-04 03:00:00,0.817,0.95,0.5,0.5,0.129,0.649
2012-03-04 04:00:00,0.813,0.95,0.45,0.45,0.077,0.589
2012-03-04 05:00:00,0.82,0.95,0.439,0.439,0.063,0.556
2012-03-04 06:00:00,0.844,0.95,0.437,0.437,0.08,0.527
2012-03-04 07:00:00,0.855,0.949,0.492,0.492,0.103,0.51
2012-03-04 08:00:00,0.858,0.949,0.58,0.58,0.111,0.553
2012-03-04 09:00:00,0.852,0.946,0.566,0.566,0.159,0.584
2012-03-04 10:00:00,0.849,0.932,0.444,0.444,0.205,0.566
2012-03-04 11:00:00,0.862,0.786,0.399,0.399,0.258,0.445
2012-03-04 12:00:00,0.851,0.819,0.388,0.388,0.309,0.427
2012-03-04 13:00:00,0.849,0.867,0.386,0.386,0.428,0.445
2012-03-04 14:00:00,0.851,0.893,0.4,0.4,0.491,0.443
2012-03-04 15:00:00,0.839,0.912,0.445,0.445,0.565,0.438
2012-03-04 16:00:00,0.827,0.915,0.504,0.504,0.561,0.451
2012-03-04 17:00:00,0.813,0.922,0.573,0.573,0.56,0.487
2012-03-04 18:00:00,0.799,0.929,0.582,0.582,0.699,0.513
2012-03-04 19:00:00,0.795,0.9,0.557,0.557,0.81,0.509
2012-03-04 20:00:00,0.796,0.84,0.523,0.523,0.743,0.5
2012-03-04 21:00:00,0.796,0.721,0.482,0.482,0.542,0.497
2012-03-04 22:00:00,0.775,0.567,0.364,0.364,0.35,0.49
2012-03-04 23:00:00,0.692,0.497,0.273,0.273,0.204,0.46
2012-03-05 00:00:00,0.589,0.388,0.213,0.213,0.175,0.44
2012-03-05 01:00:00,0.493,0.319,0.186,0.186,0.158,0.403
2012-03-05 02:00:00,0.413,0.267,0.15,0.15,0.171,0.343
2012-03-05 03:00:00,0.328,0.245,0.144,0.144,0.194,0.273
2012-03-05 04:00:00,0.282,0.234,0.132,0.132,0.222,0.246
2012-03-05 05:00:00,0.22,0.204,0.111,0.111,0.278,0.204
2012-03-05 06:00:00,0.187,0.213,0.095,0.095,0.322,0.183
2012-03-05 07:00:00,0.186,0.232,0.101,0.101,0.302,0.165
2012-03-05 08:00:00,0.184,0.25,0.112,0.112,0.254,0.164
2012-03-05 09:00:00,0.171,0.302,0.11,0.11,0.243,0.165
2012-03-05 10:00:00,0.158,0.349,0.065,0.065,0.215,0.152
2012-03-05 11:00:00,0.158,0.29,0.072,0.072,0.179,0.133
2012-03-05 12:00:00,0.176,0.217,0.126,0.126,0.203,0.124
2012-03-05 13:00:00,0.198,0.144,0.17,0.17,0.308,0.134
2012-03-05 14:00:00,0.23,0.131,0.181,0.181,0.423,0.152
2012-03-05 15:00:00,0.267,0.129,0.196,0.196,0.551,0.165
2012-03-05 16:00:00,0.282,0.141,0.209,0.209,0.648,0.191
2012-03-05 17:00:00,0.31,0.163,0.235,0.235,0.67,0.218
2012-03-05 18:00:00,0.414,0.178,0.264,0.264,0.712,0.243
2012-03-05 19:00:00,0.584,0.197,0.245,0.245,0.818,0.267
2012-03-05 20:00:00,0.681,0.22,0.212,0.212,0.866,0.272
2012-03-05 21:00:00,0.74,0.198,0.219,0.219,0.816,0.278
2012-03-05 22:00:00,0.784,0.133,0.221,0.221,0.665,0.302
2012-03-05 23:00:00,0.756,0.114,0.224,0.224,0.644,0.346
2012-03-06 00:00:00,0.774,0.068,0.215,0.215,0.635,0.346
2012-03-06 01:00:00,0.796,0.026,0.172,0.172,0.586,0.308
2012-03-06 02:00:00,0.806,0.011,0.116,0.116,0.485,0.256
2012-03-06 03:00:00,0.836,0.011,0.072,0.072,0.4,0.204
2012-03-06 04:00:00,0.848,0.021,0.039,0.039,0.347,0.17
2012-03-06 05:00:00,0.852,0.041,0.02,0.02,0.331,0.141
2012-03-06 06:00:00,0.841,0.076,0.011,0.011,0.321,0.124
2012-03-06 07:00:00,0.829,0.12,0.01,0.01,0.315,0.123
2012-03-06 08:00:00,0.808,0.175,0.012,0.012,0.318,0.13
2012-03-06 09:00:00,0.792,0.232,0.021,0.021,0.3,0.147
2012-03-06 10:00:00,0.774,0.275,0.023,0.023,0.194,0.168
2012-03-06 11:00:00,0.683,0.189,0.045,0.045,0.215,0.154
2012-03-06 12:00:00,0.57,0.237,0.067,0.067,0.272,0.152
2012-03-06 13:00:00,0.499,0.325,0.107,0.107,0.345,0.154
2012-03-06 14:00:00,0.487,0.414,0.159,0.159,0.534,0.179
2012-03-06 15:00:00,0.489,0.441,0.201,0.201,0.75,0.21
2012-03-06 16:00:00,0.479,0.478,0.273,0.273,0.816,0.252
2012-03-06 17:00:00,0.458,0.517,0.413,0.413,0.768,0.308
2012-03-06 18:00:00,0.468,0.537,0.506,0.506,0.737,0.38
2012-03-06 19:00:00,0.468,0.597,0.493,0.493,0.771,0.415
2012-03-06 20:00:00,0.456,0.702,0.463,0.463,0.783,0.404
2012-03-06 21:00:00,0.434,0.66,0.468,0.468,0.704,0.387
2012-03-06 22:00:00,0.391,0.557,0.408,0.408,0.514,0.384
2012-03-06 23:00:00,0.392,0.492,0.387,0.387,0.393,0.363
2012-03-07 00:00:00,0.408,0.381,0.34,0.34,0.347,0.324
2012-03-07 01:00:00,0.4,0.297,0.257,0.257,0.304,0.256
2012-03-07 02:00:00,0.38,0.242,0.179,0.179,0.259,0.192
2012-03-07 03:00:00,0.352,0.219,0.141,0.141,0.211,0.149
2012-03-07 04:00:00,0.294,0.216,0.112,0.112,0.18,0.123
2012-03-07 05:00:00,0.266,0.213,0.096,0.096,0.151,0.111
2012-03-07 06:00:00,0.25,0.214,0.092,0.092,0.113,0.104
2012-03-07 07:00:00,0.242,0.21,0.104,0.104,0.082,0.101
2012-03-07 08:00:00,0.267,0.199,0.115,0.115,0.068,0.107
2012-03-07 09:00:00,0.303,0.183,0.109,0.109,0.087,0.121
2012-03-07 10:00:00,0.301,0.164,0.075,0.075,0.055,0.116
2012-03-07 11:00:00,0.299,0.085,0.078,0.078,0.068,0.115
2012-03-07 12:00:00,0.289,0.082,0.079,0.079,0.068,0.107
2012-03-07 13:00:00,0.331,0.089,0.086,0.086,0.076,0.106
2012-03-07 14:00:00,0.378,0.103,0.079,0.079,0.087,0.123
2012-03-07 15:00:00,0.37,0.097,0.078,0.078,0.105,0.136
2012-03-07 16:00:00,0.344,0.097,0.066,0.066,0.122,0.156
2012-03-07 17:00:00,0.327,0.087,0.052,0.052,0.159,0.171
2012-03-07 18:00:00,0.346,0.086,0.046,0.046,0.202,0.198
2012-03-07 19:00:00,0.373,0.089,0.048,0.048,0.201,0.221
2012-03-07 20:00:00,0.382,0.067,0.041,0.041,0.173,0.231
2012-03-07 21:00:00,0.424,0.057,0.024,0.024,0.17,0.236
2012-03-07 22:00:00,0.465,0.046,0.023,0.023,0.192,0.251
2012-03-07 23:00:00,0.481,0.061,0.018,0.018,0.202,0.309
2012-03-08 00:00:00,0.543,0.065,0.017,0.017,0.218,0.315
2012-03-08 01:00:00,0.61,0.065,0.022,0.022,0.236,0.311
2012-03-08 02:00:00,0.682,0.054,0.032,0.032,0.255,0.317
2012-03-08 03:00:00,0.742,0.045,0.042,0.042,0.223,0.328
2012-03-08 04:00:00,0.765,0.041,0.046,0.046,0.192,0.335
2012-03-08 05:00:00,0.788,0.039,0.049,0.049,0.219,0.336
2012-03-08 06:00:00,0.829,0.042,0.051,0.051,0.264,0.343
2012-03-08 07:00:00,0.863,0.04,0.064,0.064,0.312,0.363
2012-03-08 08:00:00,0.89,0.048,0.078,0.078,0.343,0.405
2012-03-08 09:00:00,0.915,0.068,0.08,0.08,0.39,0.442
2012-03-08 10:00:00,0.93,0.104,0.06,0.06,0.374,0.474
2012-03-08 11:00:00,0.923,0.047,0.071,0.071,0.414,0.472
2012-03-08 12:00:00,0.934,0.064,0.108,0.108,0.433,0.5
2012-03-08 13:00:00,0.939,0.093,0.159,0.159,0.433,0.527
2012-03-08 14:00:00,0.94,0.108,0.23,0.23,0.44,0.555
2012-03-08 15:00:00,0.943,0.109,0.291,0.291,0.512,0.592
2012-03-08 16:00:00,0.944,0.093,0.339,0.339,0.686,0.61
2012-03-08 17:00:00,0.942,0.104,0.412,0.412,0.82,0.648
2012-03-08 18:00:00,0.862,0.131,0.544,0.544,0.909,0.699
2012-03-08 19:00:00,0.768,0.173,0.619,0.619,0.918,0.756
2012-03-08 20:00:00,0.76,0.239,0.633,0.633,0.909,0.804
2012-03-08 21:00:00,0.796,0.322,0.63,0.63,0.887,0.821
2012-03-08 22:00:00,0.801,0.399,0.651,0.651,0.836,0.812
2012-03-08 23:00:00,0.877,0.563,0.649,0.649,0.821,0.787
2012-03-09 00:00:00,0.912,0.646,0.614,0.614,0.773,0.777
2012-03-09 01:00:00,0.898,0.642,0.573,0.573,0.655,0.745
2012-03-09 02:00:00,0.842,0.559,0.56,0.56,0.526,0.687
2012-03-09 03:00:00,0.752,0.5,0.554,0.554,0.463,0.651
2012-03-09 04:00:00,0.635,0.512,0.548,0.548,0.4,0.631
2012-03-09 05:00:00,0.602,0.604,0.527,0.527,0.313,0.616
2012-03-09 06:00:00,0.609,0.682,0.508,0.508,0.232,0.605
2012-03-09 07:00:00,0.577,0.73,0.485,0.485,0.178,0.6
2012-03-09 08:00:00,0.52,0.763,0.392,0.392,0.125,0.586
2012-03-09 09:00:00,0.472,0.763,0.273,0.273,0.073,0.555
2012-03-09 10:00:00,0.402,0.72,0.155,0.155,0.027,0.505
2012-03-09 11:00:00,0.303,0.688,0.106,0.106,0.018,0.428
2012-03-09 12:00:00,0.272,0.619,0.076,0.076,0.011,0.397
2012-03-09 13:00:00,0.257,0.602,0.055,0.055,0.008,0.379
2012-03-09 14:00:00,0.265,0.611,0.04,0.04,0.008,0.371
2012-03-09 15:00:00,0.284,0.592,0.029,0.029,0.011,0.358
2012-03-09 16:00:00,0.319,0.565,0.025,0.025,0.018,0.331
2012-03-09 17:00:00,0.306,0.579,0.023,0.023,0.035,0.302
2012-03-09 18:00:00,0.268,0.614,0.023,0.023,0.055,0.284
2012-03-09 19:00:00,0.246,0.644,0.025,0.025,0.062,0.271
2012-03-09 20:00:00,0.243,0.656,0.024,0.024,0.09,0.266
2012-03-09 21:00:00,0.273,0.622,0.019,0.019,0.162,0.262
2012-03-09 22:00:00,0.33,0.542,0.033,0.033,0.159,0.257
2012-03-09 23:00:00,0.413,0.492,0.064,0.064,0.174,0.276
2012-03-10 00:00:00,0.519,0.437,0.08,0.08,0.189,0.284
2012-03-10 01:00:00,0.658,0.341,0.113,0.113,0.201,0.308
2012-03-10 02:00:00,0.737,0.217,0.1,0.1,0.215,0.325
2012-03-10 03:00:00,0.775,0.134,0.093,0.093,0.245,0.325
2012-03-10 04:00:00,0.795,0.087,0.118,0.118,0.221,0.336
2012-03-10 05:00:00,0.801,0.064,0.138,0.138,0.214,0.343
2012-03-10 06:00:00,0.812,0.093,0.178,0.178,0.286,0.37
2012-03-10 07:00:00,0.834,0.12,0.215,0.215,0.34,0.408
2012-03-10 08:00:00,0.861,0.136,0.291,0.291,0.452,0.465
2012-03-10 09:00:00,0.879,0.218,0.366,0.366,0.502,0.538
2012-03-10 10:00:00,0.891,0.318,0.482,0.482,0.476,0.617
2012-03-10 11:00:00,0.919,0.32,0.636,0.636,0.575,0.716
2012-03-10 12:00:00,0.93,0.382,0.755,0.755,0.657,0.811
2012-03-10 13:00:00,0.934,0.42,0.838,0.838,0.721,0.874
2012-03-10 14:00:00,0.939,0.526,0.866,0.866,0.83,0.909
2012-03-10 15:00:00,0.943,0.76,0.885,0.885,0.922,0.92
2012-03-10 16:00:00,0.944,0.904,0.929,0.929,0.97,0.929
2012-03-10 17:00:00,0.945,0.942,0.964,0.964,0.982,0.93
2012-03-10 18:00:00,0.945,0.949,0.984,0.984,0.986,0.932
2012-03-10 19:00:00,0.943,0.95,0.994,0.994,0.989,0.932
2012-03-10 20:00:00,0.939,0.95,0.998,0.998,0.993,0.93
2012-03-10 21:00:00,0.936,0.95,0.999,0.999,0.994,0.919
2012-03-10 22:00:00,0.936,0.95,0.999,0.999,0.995,0.875
2012-03-10 23:00:00,0.934,0.95,0.999,0.999,0.996,0.836
2012-03-11 00:00:00,0.931,0.95,0.999,0.999,0.996,0.809
2012-03-11 01:00:00,0.926,0.95,0.999,0.999,0.996,0.796
2012-03-11 02:00:00,0.92,0.95,0.999,0.999,0.997,0.761
2012-03-11 03:00:00,0.913,0.95,1.0,1.0,0.995,0.734
2012-03-11 04:00:00,0.897,0.95,0.999,0.999,0.993,0.705
2012-03-11 05:00:00,0.882,0.95,0.999,0.999,0.992,0.661
2012-03-11 06:00:00,0.881,0.95,0.999,0.999,0.992,0.625
2012-03-11 07:00:00,0.881,0.95,0.998,0.998,0.99,0.607
2012-03-11 08:00:00,0.882,0.949,0.996,0.996,0.989,0.598
2012-03-11 09:00:00,0.891,0.946,0.993,0.993,0.986,0.594
2012-03-11 10:00:00,0.897,0.942,0.981,0.981,0.985,0.61
2012-03-11 11:00:00,0.852,0.923,0.989,0.989,0.995,0.667
2012-03-11 12:00:00,0.867,0.944,0.994,0.994,0.993,0.719
2012-03-11 13:00:00,0.881,0.95,0.99,0.99,0.984,0.724
2012-03-11 14:00:00,0.895,0.95,0.982,0.982,0.994,0.732
2012-03-11 15:00:00,0.869,0.95,0.994,0.994,0.997,0.773
2012-03-11 16:00:00,0.819,0.95,1.0,1.0,0.997,0.791
2012-03-11 17:00:00,0.833,0.95,1.0,1.0,0.998,0.814
2012-03-11 18:00:00,0.862,0.95,0.999,0.999,0.999,0.842
2012-03-11 19:00:00,0.871,0.95,1.0,1.0,1.0,0.917
2012-03-11 20:00:00,0.87,0.95,1.0,1.0,1.0,0.945
2012-03-11 21:00:00,0.87,0.95,1.0,1.0,1.0,0.947
2012-03-11 22:00:00,0.877,0.95,0.999,0.999,1.0,0.949
2012-03-11 23:00:00,0.901,0.95,0.997,0.997,1.0,0.949
2012-03-12 00:00:00,0.919,0.95,1.0,1.0,1.0,0.947
2012-03-12 01:00:00,0.922,0.95,1.0,1.0,1.0,0.944
2012-03-12 02:00:00,0.902,0.95,1.0,1.0,1.0,0.928
2012-03-12 03:00:00,0.876,0.95,1.0,1.0,0.998,0.892
2012-03-12 04:00:00,0.86,0.95,1.0,1.0,0.994,0.873
2012-03-12 05:00:00,0.848,0.95,1.0,1.0,0.989,0.855
2012-03-12 06:00:00,0.815,0.95,1.0,1.0,0.989,0.841
2012-03-12 07:00:00,0.786,0.95,0.999,0.999,0.986,0.833
2012-03-12 08:00:00,0.737,0.95,0.998,0.998,0.981,0.821
2012-03-12 09:00:00,0.694,0.95,0.993,0.993,0.956,0.803
2012-03-12 10:00:00,0.658,0.95,0.908,0.908,0.879,0.759
2012-03-12 11:00:00,0.646,0.95,0.883,0.883,0.843,0.639
2012-03-12 12:00:00,0.765,0.95,0.862,0.862,0.788,0.626
2012-03-12 13:00:00,0.804,0.949,0.809,0.809,0.82,0.667
2012-03-12 14:00:00,0.794,0.938,0.794,0.794,0.914,0.67
2012-03-12 15:00:00,0.795,0.9,0.818,0.818,0.958,0.689
2012-03-12 16:00:00,0.787,0.755,0.868,0.868,0.963,0.721
2012-03-12 17:00:00,0.779,0.527,0.914,0.914,0.972,0.766
2012-03-12 18:00:00,0.737,0.351,0.938,0.938,0.972,0.806
2012-03-12 19:00:00,0.722,0.221,0.937,0.937,0.962,0.829
2012-03-12 20:00:00,0.732,0.176,0.918,0.918,0.972,0.838
2012-03-12 21:00:00,0.731,0.285,0.919,0.919,0.979,0.854
2012-03-12 22:00:00,0.709,0.45,0.924,0.924,0.987,0.855
2012-03-12 23:00:00,0.752,0.578,0.914,0.914,0.983,0.832
2012-03-13 00:00:00,0.746,0.639,0.908,0.908,0.986,0.807
2012-03-13 01:00:00,0.724,0.615,0.945,0.945,0.983,0.8
2012-03-13 02:00:00,0.705,0.63,0.955,0.955,0.975,0.801
2012-03-13 03:00:00,0.691,0.619,0.947,0.947,0.978,0.792
2012-03-13 04:00:00,0.7,0.656,0.937,0.937,0.977,0.802
2012-03-13 05:00:00,0.737,0.674,0.9,0.9,0.967,0.749
2012-03-13 06:00:00,0.773,0.609,0.925,0.925,0.963,0.799
2012-03-13 07:00:00,0.797,0.749,0.829,0.829,0.951,0.777
2012-03-13 08:00:00,0.798,0.703,0.669,0.669,0.945,0.675
2012-03-13 09:00:00,0.792,0.592,0.55,0.55,0.945,0.604
2012-03-13 10:00:00,0.782,0.504,0.392,0.392,0.924,0.541
2012-03-13 11:00:00,0.834,0.319,0.199,0.199,0.824,0.445
2012-03-13 12:00:00,0.839,0.207,0.127,0.127,0.802,0.37
2012-03-13 13:00:00,0.842,0.105,0.13,0.13,0.82,0.356
2012-03-13 14:00:00,0.845,0.105,0.286,0.286,0.936,0.375
2012-03-13 15:00:00,0.842,0.2,0.396,0.396,0.937,0.433
2012-03-13 16:00:00,0.83,0.224,0.34,0.34,0.953,0.475
2012-03-13 17:00:00,0.824,0.196,0.289,0.289,0.97,0.522
2012-03-13 18:00:00,0.831,0.225,0.262,0.262,0.964,0.534
2012-03-13 19:00:00,0.826,0.263,0.324,0.324,0.947,0.542
2012-03-13 20:00:00,0.801,0.284,0.368,0.368,0.941,0.576
2012-03-13 21:00:00,0.767,0.339,0.349,0.349,0.925,0.58
2012-03-13 22:00:00,0.739,0.406,0.444,0.444,0.839,0.551
2012-03-13 23:00:00,0.731,0.613,0.358,0.358,0.738,0.552
2012-03-14 00:00:00,0.738,0.658,0.275,0.275,0.763,0.498
2012-03-14 01:00:00,0.735,0.674,0.337,0.337,0.802,0.55
2012-03-14 02:00:00,0.743,0.728,0.6,0.6,0.825,0.599
2012-03-14 03:00:00,0.757,0.837,0.763,0.763,0.907,0.652
2012-03-14 04:00:00,0.753,0.925,0.843,0.843,0.932,0.726
2012-03-14 05:00:00,0.726,0.941,0.859,0.859,0.956,0.745
2012-03-14 06:00:00,0.678,0.918,0.887,0.887,0.976,0.724
2012-03-14 07:00:00,0.635,0.85,0.958,0.958,0.987,0.798
2012-03-14 08:00:00,0.613,0.871,0.988,0.988,0.988,0.861
2012-03-14 09:00:00,0.594,0.921,0.992,0.992,0.986,0.871
2012-03-14 10:00:00,0.571,0.93,0.989,0.989,0.974,0.871
2012-03-14 11:00:00,0.605,0.934,0.994,0.994,0.977,0.875
2012-03-14 12:00:00,0.581,0.946,0.998,0.998,0.988,0.869
2012-03-14 13:00:00,0.592,0.948,0.999,0.999,0.992,0.883
2012-03-14 14:00:00,0.598,0.948,0.997,0.997,0.995,0.871
2012-03-14 15:00:00,0.612,0.944,0.994,0.994,0.999,0.862
2012-03-14 16:00:00,0.593,0.931,0.988,0.988,0.999,0.849
2012-03-14 17:00:00,0.579,0.888,0.959,0.959,0.999,0.846
2012-03-14 18:00:00,0.595,0.775,0.927,0.927,0.999,0.843
2012-03-14 19:00:00,0.598,0.898,0.903,0.903,0.997,0.838
2012-03-14 20:00:00,0.563,0.801,0.856,0.856,0.987,0.823
2012-03-14 21:00:00,0.572,0.602,0.639,0.639,0.965,0.797
2012-03-14 22:00:00,0.561,0.382,0.256,0.256,0.961,0.669
2012-03-14 23:00:00,0.595,0.382,0.108,0.108,0.961,0.53
2012-03-15 00:00:00,0.533,0.323,0.087,0.087,0.966,0.458
2012-03-15 01:00:00,0.491,0.201,0.084,0.084,0.982,0.455
2012-03-15 02:00:00,0.424,0.149,0.087,0.087,0.97,0.443
2012-03-15 03:00:00,0.378,0.162,0.066,0.066,0.935,0.401
2012-03-15 04:00:00,0.363,0.238,0.055,0.055,0.809,0.38
2012-03-15 05:00:00,0.357,0.344,0.038,0.038,0.757,0.361
2012-03-15 06:00:00,0.342,0.42,0.017,0.017,0.72,0.338
2012-03-15 07:00:00,0.323,0.458,0.006,0.006,0.68,0.321
2012-03-15 08:00:00,0.299,0.523,0.002,0.002,0.554,0.309
2012-03-15 09:00:00,0.282,0.564,0.006,0.006,0.319,0.302
2012-03-15 10:00:00,0.268,0.531,0.075,0.075,0.233,0.289
2012-03-15 11:00:00,0.321,0.514,0.162,0.162,0.098,0.323
2012-03-15 12:00:00,0.268,0.516,0.26,0.26,0.053,0.285
2012-03-15 13:00:00,0.211,0.6,0.282,0.282,0.036,0.258
2012-03-15 14:00:00,0.181,0.657,0.307,0.307,0.025,0.222
2012-03-15 15:00:00,0.15,0.761,0.319,0.319,0.025,0.188
2012-03-15 16:00:00,0.111,0.756,0.197,0.197,0.009,0.138
2012-03-15 17:00:00,0.084,0.647,0.117,0.117,0.003,0.087
2012-03-15 18:00:00,0.068,0.556,0.045,0.045,0.0,0.045
2012-03-15 19:00:00,0.079,0.42,0.014,0.014,0.002,0.023
2012-03-15 20:00:00,0.102,0.293,0.005,0.005,0.01,0.02
2012-03-15 21:00:00,0.122,0.161,0.003,0.003,0.035,0.028
2012-03-15 22:00:00,0.12,0.082,0.008,0.008,0.055,0.051
2012-03-15 23:00:00,0.121,0.051,0.033,0.033,0.124,0.069
2012-03-16 00:00:00,0.108,0.086,0.088,0.088,0.185,0.11
2012-03-16 01:00:00,0.109,0.13,0.195,0.195,0.201,0.153
2012-03-16 02:00:00,0.137,0.176,0.345,0.345,0.26,0.186
2012-03-16 03:00:00,0.143,0.218,0.45,0.45,0.321,0.239
2012-03-16 04:00:00,0.135,0.332,0.499,0.499,0.395,0.302
2012-03-16 05:00:00,0.151,0.434,0.585,0.585,0.447,0.349
2012-03-16 06:00:00,0.18,0.495,0.618,0.618,0.45,0.374
2012-03-16 07:00:00,0.202,0.552,0.663,0.663,0.442,0.406
2012-03-16 08:00:00,0.203,0.548,0.701,0.701,0.468,0.423
2012-03-16 09:00:00,0.218,0.515,0.696,0.696,0.491,0.428
2012-03-16 10:00:00,0.237,0.543,0.581,0.581,0.491,0.444
2012-03-16 11:00:00,0.242,0.625,0.581,0.581,0.459,0.47
2012-03-16 12:00:00,0.192,0.607,0.616,0.616,0.41,0.495
2012-03-16 13:00:00,0.199,0.636,0.669,0.669,0.344,0.546
2012-03-16 14:00:00,0.228,0.717,0.752,0.752,0.268,0.6
2012-03-16 15:00:00,0.254,0.777,0.79,0.79,0.2,0.634
2012-03-16 16:00:00,0.257,0.828,0.797,0.797,0.187,0.629
2012-03-16 17:00:00,0.269,0.886,0.77,0.77,0.173,0.623
2012-03-16 18:00:00,0.304,0.884,0.754,0.754,0.149,0.614
2012-03-16 19:00:00,0.338,0.861,0.753,0.753,0.122,0.595
2012-03-16 20:00:00,0.355,0.838,0.728,0.728,0.108,0.575
2012-03-16 21:00:00,0.367,0.821,0.686,0.686,0.103,0.547
2012-03-16 22:00:00,0.363,0.804,0.615,0.615,0.097,0.504
2012-03-16 23:00:00,0.356,0.778,0.596,0.596,0.13,0.463
2012-03-17 00:00:00,0.367,0.744,0.54,0.54,0.167,0.449
2012-03-17 01:00:00,0.332,0.716,0.485,0.485,0.212,0.429
2012-03-17 02:00:00,0.282,0.705,0.449,0.449,0.248,0.428
2012-03-17 03:00:00,0.254,0.668,0.454,0.454,0.237,0.435
2012-03-17 04:00:00,0.24,0.673,0.448,0.448,0.205,0.453
2012-03-17 05:00:00,0.242,0.701,0.425,0.425,0.249,0.457
2012-03-17 06:00:00,0.239,0.705,0.405,0.405,0.326,0.412
2012-03-17 07:00:00,0.237,0.65,0.45,0.45,0.367,0.39
2012-03-17 08:00:00,0.223,0.59,0.534,0.534,0.371,0.412
2012-03-17 09:00:00,0.223,0.583,0.625,0.625,0.352,0.438
2012-03-17 10:00:00,0.269,0.577,0.641,0.641,0.346,0.482
2012-03-17 11:00:00,0.463,0.515,0.684,0.684,0.436,0.554
2012-03-17 12:00:00,0.575,0.486,0.72,0.72,0.477,0.544
2012-03-17 13:00:00,0.573,0.524,0.695,0.695,0.466,0.532
2012-03-17 14:00:00,0.528,0.587,0.612,0.612,0.469,0.532
2012-03-17 15:00:00,0.489,0.647,0.573,0.573,0.475,0.487
2012-03-17 16:00:00,0.519,0.681,0.544,0.544,0.474,0.469
2012-03-17 17:00:00,0.557,0.671,0.55,0.55,0.508,0.478
2012-03-17 18:00:00,0.562,0.631,0.589,0.589,0.528,0.5
2012-03-17 19:00:00,0.549,0.648,0.644,0.644,0.514,0.518
2012-03-17 20:00:00,0.563,0.685,0.718,0.718,0.449,0.527
2012-03-17 21:00:00,0.596,0.684,0.762,0.762,0.396,0.534
2012-03-17 22:00:00,0.621,0.657,0.729,0.729,0.328,0.526
2012-03-17 23:00:00,0.607,0.584,0.622,0.622,0.331,0.508
2012-03-18 00:00:00,0.623,0.522,0.488,0.488,0.331,0.503
2012-03-18 01:00:00,0.646,0.445,0.426,0.426,0.35,0.509
2012-03-18 02:00:00,0.702,0.397,0.474,0.474,0.373,0.534
2012-03-18 03:00:00,0.733,0.418,0.615,0.615,0.359,0.558
2012-03-18 04:00:00,0.75,0.465,0.747,0.747,0.312,0.585
2012-03-18 05:00:00,0.71,0.575,0.818,0.818,0.227,0.604
2012-03-18 06:00:00,0.671,0.682,0.847,0.847,0.146,0.624
2012-03-18 07:00:00,0.694,0.723,0.826,0.826,0.102,0.642
2012-03-18 08:00:00,0.681,0.75,0.791,0.791,0.057,0.652
2012-03-18 09:00:00,0.648,0.746,0.743,0.743,0.039,0.698
2012-03-18 10:00:00,0.627,0.735,0.53,0.53,0.02,0.725
2012-03-18 11:00:00,0.584,0.671,0.305,0.305,0.049,0.694
2012-03-18 12:00:00,0.598,0.737,0.14,0.14,0.111,0.675
2012-03-18 13:00:00,0.541,0.823,0.084,0.084,0.308,0.667
2012-03-18 14:00:00,0.589,0.861,0.113,0.113,0.588,0.688
2012-03-18 15:00:00,0.548,0.876,0.21,0.21,0.657,0.694
2012-03-18 16:00:00,0.469,0.874,0.442,0.442,0.538,0.667
2012-03-18 17:00:00,0.454,0.867,0.563,0.563,0.408,0.654
2012-03-18 18:00:00,0.441,0.855,0.502,0.502,0.414,0.568
2012-03-18 19:00:00,0.37,0.816,0.441,0.441,0.319,0.486
2012-03-18 20:00:00,0.329,0.662,0.359,0.359,0.174,0.457
2012-03-18 21:00:00,0.286,0.566,0.235,0.235,0.074,0.409
2012-03-18 22:00:00,0.221,0.471,0.075,0.075,0.028,0.351
2012-03-18 23:00:00,0.184,0.256,0.023,0.023,0.01,0.243
2012-03-19 00:00:00,0.137,0.127,0.002,0.002,0.005,0.189
2012-03-19 01:00:00,0.097,0.046,0.008,0.008,0.007,0.123
2012-03-19 02:00:00,0.064,0.008,0.025,0.025,0.018,0.091
2012-03-19 03:00:00,0.056,0.0,0.026,0.026,0.025,0.086
2012-03-19 04:00:00,0.051,0.002,0.026,0.026,0.075,0.1
2012-03-19 05:00:00,0.049,0.019,0.045,0.045,0.109,0.104
2012-03-19 06:00:00,0.058,0.125,0.066,0.066,0.075,0.126
2012-03-19 07:00:00,0.068,0.176,0.06,0.06,0.077,0.138
2012-03-19 08:00:00,0.132,0.122,0.086,0.086,0.126,0.132
2012-03-19 09:00:00,0.279,0.098,0.139,0.139,0.147,0.156
2012-03-19 10:00:00,0.438,0.109,0.143,0.143,0.162,0.203
2012-03-19 11:00:00,0.606,0.132,0.121,0.121,0.225,0.209
2012-03-19 12:00:00,0.676,0.165,0.101,0.101,0.29,0.2
2012-03-19 13:00:00,0.723,0.159,0.079,0.079,0.31,0.192
2012-03-19 14:00:00,0.765,0.103,0.088,0.088,0.258,0.183
2012-03-19 15:00:00,0.722,0.117,0.052,0.052,0.159,0.23
2012-03-19 16:00:00,0.79,0.266,0.02,0.02,0.093,0.23
2012-03-19 17:00:00,0.793,0.299,0.012,0.012,0.12,0.219
2012-03-19 18:00:00,0.797,0.22,0.075,0.075,0.248,0.216
2012-03-19 19:00:00,0.823,0.147,0.248,0.248,0.521,0.235
2012-03-19 20:00:00,0.859,0.166,0.255,0.255,0.945,0.278
2012-03-19 21:00:00,0.848,0.226,0.258,0.258,0.956,0.314
2012-03-19 22:00:00,0.803,0.365,0.901,0.901,0.94,0.339
2012-03-19 23:00:00,0.729,0.641,0.992,0.992,0.967,0.527
2012-03-20 00:00:00,0.718,0.763,0.985,0.985,0.981,0.685
2012-03-20 01:00:00,0.778,0.788,0.977,0.977,0.975,0.723
2012-03-20 02:00:00,0.799,0.864,0.992,0.992,0.979,0.792
2012-03-20 03:00:00,0.793,0.847,0.993,0.993,0.997,0.829
2012-03-20 04:00:00,0.817,0.949,0.994,0.994,0.998,0.825
2012-03-20 05:00:00,0.856,0.95,0.998,0.998,0.998,0.855
2012-03-20 06:00:00,0.883,0.95,0.999,0.999,0.999,0.844
2012-03-20 07:00:00,0.887,0.95,1.0,1.0,1.0,0.814
2012-03-20 08:00:00,0.818,0.95,1.0,1.0,1.0,0.874
2012-03-20 09:00:00,0.695,0.95,0.992,0.992,0.999,0.926
2012-03-20 10:00:00,0.523,0.95,0.985,0.985,1.0,0.937
2012-03-20 11:00:00,0.313,0.95,0.975,0.975,0.998,0.947
2012-03-20 12:00:00,0.245,0.944,0.996,0.996,1.0,0.945
2012-03-20 13:00:00,0.266,0.95,1.0,1.0,1.0,0.94
2012-03-20 14:00:00,0.323,0.95,0.998,0.998,1.0,0.941
2012-03-20 15:00:00,0.397,0.95,0.993,0.993,1.0,0.942
2012-03-20 16:00:00,0.495,0.95,0.998,0.998,1.0,0.943
2012-03-20 17:00:00,0.612,0.95,0.994,0.994,1.0,0.932
2012-03-20 18:00:00,0.677,0.95,0.987,0.987,1.0,0.924
2012-03-20 19:00:00,0.694,0.948,0.993,0.993,1.0,0.912
2012-03-20 20:00:00,0.738,0.95,0.999,0.999,0.999,0.897
2012-03-20 21:00:00,0.775,0.95,1.0,1.0,0.996,0.876
2012-03-20 22:00:00,0.803,0.95,1.0,1.0,0.993,0.863
2012-03-20 23:00:00,0.84,0.95,1.0,1.0,0.983,0.865
2012-03-21 00:00:00,0.864,0.95,0.998,0.998,0.966,0.854
2012-03-21 01:00:00,0.874,0.95,0.991,0.991,0.932,0.85
2012-03-21 02:00:00,0.904,0.95,0.98,0.98,0.918,0.829
2012-03-21 03:00:00,0.914,0.95,0.981,0.981,0.948,0.797
2012-03-21 04:00:00,0.921,0.95,0.988,0.988,0.958,0.755
2012-03-21 05:00:00,0.919,0.949,0.986,0.986,0.97,0.741
2012-03-21 06:00:00,0.922,0.95,0.996,0.996,0.991,0.736
2012-03-21 07:00:00,0.926,0.949,1.0,1.0,0.998,0.727
2012-03-21 08:00:00,0.927,0.95,1.0,1.0,0.999,0.734
2012-03-21 09:00:00,0.924,0.95,1.0,1.0,0.999,0.706
2012-03-21 10:00:00,0.917,0.95,1.0,1.0,0.999,0.7
2012-03-21 11:00:00,0.891,0.95,1.0,1.0,1.0,0.688
2012-03-21 12:00:00,0.898,0.95,1.0,1.0,1.0,0.699
2012-03-21 13:00:00,0.897,0.95,1.0,1.0,1.0,0.724
2012-03-21 14:00:00,0.896,0.95,0.999,0.999,1.0,0.74
2012-03-21 15:00:00,0.889,0.95,0.999,0.999,1.0,0.761
2012-03-21 16:00:00,0.883,0.95,1.0,1.0,1.0,0.765
2012-03-21 17:00:00,0.873,0.95,0.999,0.999,1.0,0.76
2012-03-21 18:00:00,0.857,0.95,1.0,1.0,1.0,0.781
2012-03-21 19:00:00,0.833,0.95,1.0,1.0,1.0,0.856
2012-03-21 20:00:00,0.795,0.95,1.0,1.0,1.0,0.912
2012-03-21 21:00:00,0.773,0.95,1.0,1.0,1.0,0.91
2012-03-21 22:00:00,0.75,0.95,1.0,1.0,1.0,0.898
2012-03-21 23:00:00,0.751,0.95,1.0,1.0,1.0,0.875
2012-03-22 00:00:00,0.745,0.95,1.0,1.0,1.0,0.853
2012-03-22 01:00:00,0.742,0.949,0.999,0.999,0.999,0.838
2012-03-22 02:00:00,0.732,0.918,0.999,0.999,0.999,0.813
2012-03-22 03:00:00,0.689,0.883,1.0,1.0,0.999,0.808
2012-03-22 04:00:00,0.617,0.851,1.0,1.0,0.998,0.812
2012-03-22 05:00:00,0.527,0.885,1.0,1.0,0.996,0.797
2012-03-22 06:00:00,0.478,0.949,1.0,1.0,0.997,0.777
2012-03-22 07:00:00,0.439,0.95,1.0,1.0,0.998,0.751
2012-03-22 08:00:00,0.386,0.95,1.0,1.0,0.998,0.719
2012-03-22 09:00:00,0.313,0.95,1.0,1.0,0.997,0.715
2012-03-22 10:00:00,0.25,0.95,0.998,0.998,0.99,0.687
2012-03-22 11:00:00,0.226,0.95,0.998,0.998,0.988,0.639
2012-03-22 12:00:00,0.237,0.946,0.998,0.998,0.985,0.609
2012-03-22 13:00:00,0.249,0.902,0.997,0.997,0.977,0.584
2012-03-22 14:00:00,0.257,0.796,0.997,0.997,0.966,0.578
2012-03-22 15:00:00,0.268,0.759,0.996,0.996,0.969,0.579
2012-03-22 16:00:00,0.279,0.69,0.997,0.997,0.986,0.581
2012-03-22 17:00:00,0.245,0.559,0.997,0.997,0.988,0.591
2012-03-22 18:00:00,0.193,0.385,0.997,0.997,0.979,0.603
2012-03-22 19:00:00,0.16,0.251,0.993,0.993,0.961,0.637
2012-03-22 20:00:00,0.144,0.186,0.98,0.98,0.951,0.683
2012-03-22 21:00:00,0.137,0.214,0.966,0.966,0.951,0.73
2012-03-22 22:00:00,0.126,0.32,0.937,0.937,0.934,0.727
2012-03-22 23:00:00,0.107,0.343,0.868,0.868,0.889,0.72
2012-03-23 00:00:00,0.092,0.306,0.751,0.751,0.804,0.66
2012-03-23 01:00:00,0.079,0.237,0.617,0.617,0.715,0.574
2012-03-23 02:00:00,0.07,0.114,0.593,0.593,0.691,0.514
2012-03-23 03:00:00,0.069,0.114,0.576,0.576,0.678,0.494
2012-03-23 04:00:00,0.068,0.166,0.532,0.532,0.644,0.464
2012-03-23 05:00:00,0.065,0.116,0.498,0.498,0.596,0.44
2012-03-23 06:00:00,0.068,0.132,0.515,0.515,0.543,0.437
2012-03-23 07:00:00,0.065,0.202,0.53,0.53,0.486,0.461
2012-03-23 08:00:00,0.057,0.222,0.52,0.52,0.412,0.493
2012-03-23 09:00:00,0.048,0.259,0.511,0.511,0.408,0.463
2012-03-23 10:00:00,0.042,0.258,0.48,0.48,0.342,0.415
2012-03-23 11:00:00,0.025,0.264,0.595,0.595,0.424,0.356
2012-03-23 12:00:00,0.021,0.274,0.703,0.703,0.504,0.4
2012-03-23 13:00:00,0.023,0.319,0.739,0.739,0.546,0.482
2012-03-23 14:00:00,0.032,0.368,0.725,0.725,0.569,0.559
2012-03-23 15:00:00,0.05,0.404,0.668,0.668,0.578,0.591
2012-03-23 16:00:00,0.07,0.394,0.643,0.643,0.565,0.605
2012-03-23 17:00:00,0.094,0.383,0.621,0.621,0.533,0.621
2012-03-23 18:00:00,0.122,0.432,0.595,0.595,0.5,0.642
2012-03-23 19:00:00,0.144,0.582,0.608,0.608,0.507,0.652
2012-03-23 20:00:00,0.168,0.741,0.635,0.635,0.498,0.642
2012-03-23 21:00:00,0.167,0.753,0.633,0.633,0.458,0.621
2012-03-23 22:00:00,0.14,0.777,0.696,0.696,0.42,0.613
2012-03-23 23:00:00,0.11,0.884,0.567,0.567,0.315,0.652
2012-03-24 00:00:00,0.072,0.827,0.4,0.4,0.199,0.584
2012-03-24 01:00:00,0.048,0.716,0.292,0.292,0.13,0.517
2012-03-24 02:00:00,0.035,0.593,0.237,0.237,0.126,0.465
2012-03-24 03:00:00,0.03,0.512,0.199,0.199,0.156,0.431
2012-03-24 04:00:00,0.033,0.443,0.162,0.162,0.189,0.408
2012-03-24 05:00:00,0.035,0.373,0.13,0.13,0.229,0.391
2012-03-24 06:00:00,0.037,0.441,0.12,0.12,0.264,0.394
2012-03-24 07:00:00,0.044,0.601,0.098,0.098,0.26,0.422
2012-03-24 08:00:00,0.056,0.719,0.057,0.057,0.207,0.431
2012-03-24 09:00:00,0.067,0.803,0.034,0.034,0.113,0.416
2012-03-24 10:00:00,0.065,0.787,0.019,0.019,0.028,0.415
2012-03-24 11:00:00,0.081,0.639,0.021,0.021,0.01,0.336
2012-03-24 12:00:00,0.054,0.635,0.016,0.016,0.005,0.293
2012-03-24 13:00:00,0.035,0.584,0.015,0.015,0.003,0.23
2012-03-24 14:00:00,0.031,0.491,0.026,0.026,0.003,0.158
2012-03-24 15:00:00,0.034,0.429,0.055,0.055,0.003,0.1
2012-03-24 16:00:00,0.055,0.417,0.09,0.09,0.004,0.067
2012-03-24 17:00:00,0.079,0.463,0.134,0.134,0.008,0.052
2012-03-24 18:00:00,0.101,0.524,0.18,0.18,0.021,0.053
2012-03-24 19:00:00,0.101,0.517,0.207,0.207,0.055,0.069
2012-03-24 20:00:00,0.089,0.434,0.198,0.198,0.105,0.094
2012-03-24 21:00:00,0.093,0.326,0.171,0.171,0.15,0.115
2012-03-24 22:00:00,0.099,0.233,0.094,0.094,0.131,0.128
2012-03-24 23:00:00,0.106,0.179,0.08,0.08,0.147,0.129
2012-03-25 00:00:00,0.092,0.104,0.063,0.063,0.165,0.137
2012-03-25 01:00:00,0.073,0.05,0.05,0.05,0.146,0.163
2012-03-25 02:00:00,0.051,0.005,0.046,0.046,0.146,0.197
2012-03-25 03:00:00,0.03,0.0,0.048,0.048,0.169,0.234
2012-03-25 04:00:00,0.009,0.0,0.047,0.047,0.194,0.258
2012-03-25 05:00:00,0.001,0.0,0.035,0.035,0.181,0.266
2012-03-25 06:00:00,0.004,0.0,0.027,0.027,0.117,0.276
2012-03-25 07:00:00,0.01,0.001,0.028,0.028,0.074,0.292
2012-03-25 08:00:00,0.031,0.002,0.036,0.036,0.038,0.299
2012-03-25 09:00:00,0.067,0.011,0.051,0.051,0.03,0.315
2012-03-25 10:00:00,0.094,0.044,0.05,0.05,0.012,0.333
2012-03-25 11:00:00,0.09,0.052,0.045,0.045,0.016,0.317
2012-03-25 12:00:00,0.088,0.086,0.042,0.042,0.021,0.329
2012-03-25 13:00:00,0.088,0.182,0.036,0.036,0.037,0.342
2012-03-25 14:00:00,0.091,0.277,0.039,0.039,0.07,0.333
2012-03-25 15:00:00,0.102,0.353,0.059,0.059,0.111,0.339
2012-03-25 16:00:00,0.144,0.413,0.109,0.109,0.159,0.357
2012-03-25 17:00:00,0.207,0.471,0.158,0.158,0.214,0.387
2012-03-25 18:00:00,0.298,0.501,0.185,0.185,0.319,0.408
2012-03-25 19:00:00,0.377,0.567,0.224,0.224,0.399,0.444
2012-03-25 20:00:00,0.437,0.683,0.301,0.301,0.439,0.523
2012-03-25 21:00:00,0.459,0.814,0.39,0.39,0.547,0.608
2012-03-25 22:00:00,0.465,0.88,0.566,0.566,0.55,0.672
2012-03-25 23:00:00,0.385,0.919,0.673,0.673,0.533,0.743
2012-03-26 00:00:00,0.392,0.925,0.711,0.711,0.553,0.743
2012-03-26 01:00:00,0.455,0.9,0.688,0.688,0.562,0.721
2012-03-26 02:00:00,0.525,0.939,0.747,0.747,0.551,0.691
2012-03-26 03:00:00,0.585,0.949,0.789,0.789,0.554,0.712
2012-03-26 04:00:00,0.621,0.95,0.841,0.841,0.592,0.743
2012-03-26 05:00:00,0.64,0.95,0.874,0.874,0.58,0.775
2012-03-26 06:00:00,0.641,0.95,0.895,0.895,0.615,0.783
2012-03-26 07:00:00,0.65,0.95,0.871,0.871,0.62,0.777
2012-03-26 08:00:00,0.654,0.95,0.854,0.854,0.566,0.759
2012-03-26 09:00:00,0.65,0.95,0.869,0.869,0.372,0.74
2012-03-26 10:00:00,0.645,0.95,0.698,0.698,0.119,0.713
2012-03-26 11:00:00,0.578,0.95,0.668,0.668,0.057,0.609
2012-03-26 12:00:00,0.554,0.95,0.704,0.704,0.037,0.595
2012-03-26 13:00:00,0.513,0.95,0.756,0.756,0.058,0.587
2012-03-26 14:00:00,0.448,0.95,0.75,0.75,0.11,0.572
2012-03-26 15:00:00,0.389,0.95,0.656,0.656,0.142,0.547
2012-03-26 16:00:00,0.382,0.95,0.513,0.513,0.149,0.53
2012-03-26 17:00:00,0.395,0.95,0.382,0.382,0.13,0.48
2012-03-26 18:00:00,0.405,0.949,0.269,0.269,0.111,0.355
2012-03-26 19:00:00,0.409,0.932,0.173,0.173,0.075,0.222
2012-03-26 20:00:00,0.427,0.808,0.075,0.075,0.042,0.183
2012-03-26 21:00:00,0.427,0.565,0.017,0.017,0.023,0.231
2012-03-26 22:00:00,0.388,0.352,0.004,0.004,0.013,0.247
2012-03-26 23:00:00,0.375,0.297,0.017,0.017,0.008,0.245
2012-03-27 00:00:00,0.295,0.259,0.051,0.051,0.01,0.22
2012-03-27 01:00:00,0.217,0.253,0.13,0.13,0.04,0.228
2012-03-27 02:00:00,0.181,0.392,0.279,0.279,0.107,0.318
2012-03-27 03:00:00,0.182,0.548,0.429,0.429,0.204,0.427
2012-03-27 04:00:00,0.192,0.579,0.539,0.539,0.308,0.504
2012-03-27 05:00:00,0.179,0.629,0.672,0.672,0.448,0.502
2012-03-27 06:00:00,0.17,0.71,0.781,0.781,0.487,0.474
2012-03-27 07:00:00,0.151,0.763,0.825,0.825,0.465,0.438
2012-03-27 08:00:00,0.128,0.711,0.8,0.8,0.427,0.411
2012-03-27 09:00:00,0.111,0.557,0.744,0.744,0.388,0.397
2012-03-27 10:00:00,0.102,0.36,0.703,0.703,0.407,0.349
2012-03-27 11:00:00,0.181,0.321,0.629,0.629,0.422,0.255
2012-03-27 12:00:00,0.244,0.322,0.505,0.505,0.501,0.219
2012-03-27 13:00:00,0.287,0.43,0.359,0.359,0.625,0.222
2012-03-27 14:00:00,0.311,0.46,0.257,0.257,0.722,0.23
2012-03-27 15:00:00,0.379,0.352,0.275,0.275,0.805,0.283
2012-03-27 16:00:00,0.468,0.233,0.381,0.381,0.887,0.41
2012-03-27 17:00:00,0.532,0.129,0.602,0.602,0.943,0.6
2012-03-27 18:00:00,0.588,0.137,0.809,0.809,0.96,0.744
2012-03-27 19:00:00,0.638,0.219,0.945,0.945,0.971,0.802
2012-03-27 20:00:00,0.675,0.539,0.989,0.989,0.974,0.831
2012-03-27 21:00:00,0.672,0.889,0.997,0.997,0.977,0.84
2012-03-27 22:00:00,0.61,0.949,1.0,1.0,0.985,0.844
2012-03-27 23:00:00,0.648,0.95,0.999,0.999,0.981,0.854
2012-03-28 00:00:00,0.635,0.95,0.999,0.999,0.984,0.851
2012-03-28 01:00:00,0.645,0.95,0.994,0.994,0.977,0.842
2012-03-28 02:00:00,0.69,0.95,0.985,0.985,0.963,0.833
2012-03-28 03:00:00,0.737,0.95,0.964,0.964,0.924,0.833
2012-03-28 04:00:00,0.764,0.95,0.91,0.91,0.87,0.806
2012-03-28 05:00:00,0.774,0.949,0.845,0.845,0.774,0.745
2012-03-28 06:00:00,0.776,0.95,0.882,0.882,0.744,0.72
2012-03-28 07:00:00,0.79,0.95,0.812,0.812,0.752,0.718
2012-03-28 08:00:00,0.811,0.95,0.814,0.814,0.727,0.698
2012-03-28 09:00:00,0.817,0.95,0.856,0.856,0.677,0.702
2012-03-28 10:00:00,0.784,0.95,0.83,0.83,0.562,0.703
2012-03-28 11:00:00,0.693,0.949,0.749,0.749,0.495,0.635
2012-03-28 12:00:00,0.645,0.947,0.629,0.629,0.4,0.537
2012-03-28 13:00:00,0.67,0.946,0.526,0.526,0.333,0.422
2012-03-28 14:00:00,0.716,0.937,0.4,0.4,0.24,0.329
2012-03-28 15:00:00,0.759,0.892,0.202,0.202,0.271,0.254
2012-03-28 16:00:00,0.809,0.773,0.117,0.117,0.499,0.223
2012-03-28 17:00:00,0.844,0.636,0.069,0.069,0.81,0.266
2012-03-28 18:00:00,0.861,0.296,0.04,0.04,0.958,0.291
2012-03-28 19:00:00,0.864,0.104,0.06,0.06,0.981,0.312
2012-03-28 20:00:00,0.849,0.049,0.118,0.118,0.963,0.339
2012-03-28 21:00:00,0.818,0.119,0.162,0.162,0.873,0.366
2012-03-28 22:00:00,0.71,0.255,0.142,0.142,0.878,0.372
2012-03-28 23:00:00,0.626,0.258,0.114,0.114,0.83,0.411
2012-03-29 00:00:00,0.567,0.23,0.231,0.231,0.815,0.459
2012-03-29 01:00:00,0.583,0.306,0.55,0.55,0.845,0.569
2012-03-29 02:00:00,0.593,0.324,0.793,0.793,0.897,0.651
2012-03-29 03:00:00,0.596,0.28,0.887,0.887,0.937,0.691
2012-03-29 04:00:00,0.692,0.324,0.94,0.94,0.968,0.704
2012-03-29 05:00:00,0.793,0.381,0.968,0.968,0.987,0.722
2012-03-29 06:00:00,0.813,0.327,0.973,0.973,0.995,0.719
2012-03-29 07:00:00,0.747,0.266,0.941,0.941,0.996,0.687
2012-03-29 08:00:00,0.629,0.239,0.937,0.937,0.999,0.665
2012-03-29 09:00:00,0.591,0.234,0.975,0.975,1.0,0.685
2012-03-29 10:00:00,0.704,0.231,0.98,0.98,1.0,0.755
2012-03-29 11:00:00,0.773,0.191,0.996,0.996,1.0,0.768
2012-03-29 12:00:00,0.833,0.18,1.0,1.0,1.0,0.762
2012-03-29 13:00:00,0.881,0.135,1.0,1.0,1.0,0.769
2012-03-29 14:00:00,0.905,0.237,1.0,1.0,0.999,0.782
2012-03-29 15:00:00,0.903,0.493,0.999,0.999,0.991,0.806
2012-03-29 16:00:00,0.898,0.892,0.993,0.993,0.967,0.811
2012-03-29 17:00:00,0.92,0.95,0.956,0.956,0.952,0.817
2012-03-29 18:00:00,0.927,0.95,0.931,0.931,0.945,0.842
2012-03-29 19:00:00,0.909,0.95,0.984,0.984,0.984,0.925
2012-03-29 20:00:00,0.902,0.95,0.999,0.999,0.997,0.946
2012-03-29 21:00:00,0.902,0.95,1.0,1.0,0.999,0.945
2012-03-29 22:00:00,0.901,0.95,1.0,1.0,1.0,0.947
2012-03-29 23:00:00,0.923,0.95,0.992,0.992,1.0,0.944
2012-03-30 00:00:00,0.918,0.95,0.98,0.98,1.0,0.932
2012-03-30 01:00:00,0.918,0.95,0.971,0.971,0.999,0.912
2012-03-30 02:00:00,0.933,0.95,0.971,0.971,0.999,0.901
2012-03-30 03:00:00,0.936,0.95,0.982,0.982,0.999,0.881
2012-03-30 04:00:00,0.94,0.949,0.989,0.989,0.996,0.88
2012-03-30 05:00:00,0.945,0.949,0.976,0.976,0.996,0.86
2012-03-30 06:00:00,0.946,0.941,0.965,0.965,0.995,0.821
2012-03-30 07:00:00,0.948,0.903,0.938,0.938,0.995,0.833
2012-03-30 08:00:00,0.948,0.885,0.907,0.907,0.995,0.85
2012-03-30 09:00:00,0.948,0.891,0.891,0.891,0.99,0.858
2012-03-30 10:00:00,0.946,0.845,0.807,0.807,0.974,0.775
2012-03-30 11:00:00,0.933,0.758,0.821,0.821,0.97,0.637
2012-03-30 12:00:00,0.923,0.755,0.878,0.878,0.974,0.608
2012-03-30 13:00:00,0.925,0.745,0.877,0.877,0.979,0.583
2012-03-30 14:00:00,0.931,0.666,0.88,0.88,0.988,0.573
2012-03-30 15:00:00,0.935,0.667,0.861,0.861,0.987,0.544
2012-03-30 16:00:00,0.935,0.672,0.791,0.791,0.991,0.422
2012-03-30 17:00:00,0.939,0.528,0.675,0.675,0.998,0.313
2012-03-30 18:00:00,0.943,0.396,0.574,0.574,0.999,0.299
2012-03-30 19:00:00,0.944,0.412,0.471,0.471,0.999,0.309
2012-03-30 20:00:00,0.943,0.421,0.372,0.372,0.995,0.32
2012-03-30 21:00:00,0.941,0.376,0.435,0.435,0.992,0.353
2012-03-30 22:00:00,0.941,0.391,0.56,0.56,0.985,0.424
2012-03-30 23:00:00,0.941,0.503,0.535,0.535,0.965,0.466
2012-03-31 00:00:00,0.934,0.511,0.433,0.433,0.942,0.434
2012-03-31 01:00:00,0.931,0.498,0.442,0.442,0.938,0.434
2012-03-31 02:00:00,0.928,0.514,0.604,0.604,0.92,0.481
2012-03-31 03:00:00,0.922,0.518,0.642,0.642,0.847,0.511
2012-03-31 04:00:00,0.924,0.512,0.615,0.615,0.829,0.49
2012-03-31 05:00:00,0.927,0.491,0.55,0.55,0.792,0.456
2012-03-31 06:00:00,0.926,0.438,0.495,0.495,0.731,0.403
2012-03-31 07:00:00,0.919,0.323,0.481,0.481,0.727,0.362
2012-03-31 08:00:00,0.917,0.252,0.486,0.486,0.759,0.329
2012-03-31 09:00:00,0.921,0.185,0.609,0.609,0.882,0.422
2012-03-31 10:00:00,0.924,0.254,0.597,0.597,0.925,0.444
2012-03-31 11:00:00,0.918,0.424,0.745,0.745,0.925,0.46
2012-03-31 12:00:00,0.926,0.485,0.92,0.92,0.955,0.54
2012-03-31 13:00:00,0.936,0.421,0.949,0.949,0.988,0.491
2012-03-31 14:00:00,0.938,0.472,0.938,0.938,0.997,0.409
2012-03-31 15:00:00,0.935,0.539,0.871,0.871,0.997,0.343
2012-03-31 16:00:00,0.931,0.593,0.771,0.771,0.999,0.343
2012-03-31 17:00:00,0.933,0.591,0.711,0.711,1.0,0.352
2012-03-31 18:00:00,0.936,0.513,0.717,0.717,1.0,0.347
2012-03-31 19:00:00,0.94,0.439,0.708,0.708,0.998,0.332
2012-03-31 20:00:00,0.944,0.371,0.727,0.727,0.996,0.387
2012-03-31 21:00:00,0.947,0.293,0.766,0.766,0.998,0.471
2012-03-31 22:00:00,0.949,0.222,0.73,0.73,0.999,0.533
2012-03-31 23:00:00,0.949,0.253,0.569,0.569,0.999,0.564
2012-04-01 00:00:00,0.95,0.262,0.372,0.372,1.0,0.531
2012-04-01 01:00:00,0.949,0.213,0.24,0.24,1.0,0.481
2012-04-01 02:00:00,0.949,0.208,0.119,0.119,1.0,0.47
2012-04-01 03:00:00,0.949,0.209,0.125,0.125,1.0,0.516
2012-04-01 04:00:00,0.949,0.211,0.177,0.177,0.996,0.529
2012-04-01 05:00:00,0.943,0.23,0.29,0.29,0.893,0.549
2012-04-01 06:00:00,0.924,0.268,0.533,0.533,0.682,0.652
2012-04-01 07:00:00,0.914,0.293,0.755,0.755,0.688,0.779
2012-04-01 08:00:00,0.924,0.32,0.788,0.788,0.889,0.853
2012-04-01 09:00:00,0.939,0.468,0.839,0.839,0.925,0.865
2012-04-01 10:00:00,0.933,0.601,0.937,0.937,0.947,0.874
2012-04-01 11:00:00,0.928,0.749,0.957,0.957,0.963,0.891
2012-04-01 12:00:00,0.92,0.579,0.942,0.942,0.956,0.878
2012-04-01 13:00:00,0.913,0.548,0.969,0.969,0.973,0.871
2012-04-01 14:00:00,0.904,0.641,0.988,0.988,0.985,0.85
2012-04-01 15:00:00,0.88,0.782,0.981,0.981,0.982,0.808
2012-04-01 16:00:00,0.868,0.937,0.989,0.989,0.99,0.757
2012-04-01 17:00:00,0.858,0.95,0.998,0.998,0.997,0.716
2012-04-01 18:00:00,0.833,0.95,1.0,1.0,0.999,0.661
2012-04-01 19:00:00,0.782,0.95,1.0,1.0,0.993,0.629
2012-04-01 20:00:00,0.761,0.95,1.0,1.0,0.954,0.63
2012-04-01 21:00:00,0.748,0.95,0.999,0.999,0.804,0.643
2012-04-01 22:00:00,0.754,0.95,0.982,0.982,0.461,0.648
2012-04-01 23:00:00,0.707,0.945,0.937,0.937,0.351,0.612
2012-04-02 00:00:00,0.702,0.904,0.853,0.853,0.344,0.552
2012-04-02 01:00:00,0.687,0.804,0.795,0.795,0.327,0.477
2012-04-02 02:00:00,0.636,0.698,0.759,0.759,0.35,0.412
2012-04-02 03:00:00,0.594,0.627,0.704,0.704,0.371,0.346
2012-04-02 04:00:00,0.551,0.498,0.618,0.618,0.315,0.276
2012-04-02 05:00:00,0.56,0.404,0.52,0.52,0.188,0.226
2012-04-02 06:00:00,0.609,0.308,0.398,0.398,0.064,0.212
2012-04-02 07:00:00,0.647,0.27,0.223,0.223,0.012,0.203
2012-04-02 08:00:00,0.692,0.282,0.104,0.104,0.017,0.196
2012-04-02 09:00:00,0.749,0.254,0.076,0.076,0.112,0.233
2012-04-02 10:00:00,0.794,0.198,0.245,0.245,0.508,0.308
2012-04-02 11:00:00,0.792,0.306,0.546,0.546,0.908,0.581
2012-04-02 12:00:00,0.824,0.467,0.798,0.798,0.993,0.729
2012-04-02 13:00:00,0.887,0.721,0.933,0.933,0.997,0.749
2012-04-02 14:00:00,0.924,0.892,0.991,0.991,0.998,0.737
2012-04-02 15:00:00,0.939,0.922,1.0,1.0,1.0,0.733
2012-04-02 16:00:00,0.948,0.933,1.0,1.0,1.0,0.725
2012-04-02 17:00:00,0.95,0.949,1.0,1.0,1.0,0.726
2012-04-02 18:00:00,0.95,0.948,1.0,1.0,0.999,0.746
2012-04-02 19:00:00,0.95,0.947,1.0,1.0,0.999,0.768
2012-04-02 20:00:00,0.95,0.946,1.0,1.0,0.986,0.775
2012-04-02 21:00:00,0.949,0.931,1.0,1.0,0.977,0.796
2012-04-02 22:00:00,0.947,0.865,0.997,0.997,0.998,0.822
2012-04-02 23:00:00,0.93,0.938,0.998,0.998,1.0,0.88
2012-04-03 00:00:00,0.902,0.904,0.999,0.999,1.0,0.899
2012-04-03 01:00:00,0.877,0.935,0.987,0.987,1.0,0.835
2012-04-03 02:00:00,0.823,0.95,0.97,0.97,0.991,0.787
2012-04-03 03:00:00,0.783,0.95,0.966,0.966,0.938,0.776
2012-04-03 04:00:00,0.73,0.95,0.949,0.949,0.855,0.772
2012-04-03 05:00:00,0.662,0.95,0.963,0.963,0.76,0.778
2012-04-03 06:00:00,0.578,0.95,0.979,0.979,0.637,0.804
2012-04-03 07:00:00,0.516,0.95,0.983,0.983,0.464,0.819
2012-04-03 08:00:00,0.431,0.95,0.984,0.984,0.359,0.813
2012-04-03 09:00:00,0.354,0.95,0.979,0.979,0.343,0.823
2012-04-03 10:00:00,0.284,0.95,0.961,0.961,0.311,0.821
2012-04-03 11:00:00,0.188,0.95,0.961,0.961,0.391,0.833
2012-04-03 12:00:00,0.202,0.95,0.957,0.957,0.654,0.855
2012-04-03 13:00:00,0.214,0.95,0.906,0.906,0.924,0.838
2012-04-03 14:00:00,0.204,0.949,0.849,0.849,0.97,0.796
2012-04-03 15:00:00,0.168,0.943,0.816,0.816,0.937,0.753
2012-04-03 16:00:00,0.136,0.917,0.777,0.777,0.816,0.74
2012-04-03 17:00:00,0.12,0.826,0.713,0.713,0.745,0.691
2012-04-03 18:00:00,0.101,0.742,0.629,0.629,0.661,0.594
2012-04-03 19:00:00,0.071,0.672,0.542,0.542,0.565,0.506
2012-04-03 20:00:00,0.048,0.612,0.477,0.477,0.399,0.424
2012-04-03 21:00:00,0.033,0.41,0.391,0.391,0.261,0.354
2012-04-03 22:00:00,0.026,0.278,0.307,0.307,0.192,0.321
2012-04-03 23:00:00,0.02,0.305,0.263,0.263,0.103,0.361
2012-04-04 00:00:00,0.017,0.311,0.282,0.282,0.047,0.305
2012-04-04 01:00:00,0.014,0.295,0.196,0.196,0.027,0.245
2012-04-04 02:00:00,0.015,0.284,0.115,0.115,0.014,0.183
2012-04-04 03:00:00,0.021,0.281,0.075,0.075,0.01,0.129
2012-04-04 04:00:00,0.029,0.252,0.042,0.042,0.005,0.097
2012-04-04 05:00:00,0.053,0.197,0.019,0.019,0.003,0.072
2012-04-04 06:00:00,0.092,0.161,0.009,0.009,0.002,0.05
2012-04-04 07:00:00,0.139,0.118,0.005,0.005,0.001,0.038
2012-04-04 08:00:00,0.188,0.075,0.003,0.003,0.0,0.031
2012-04-04 09:00:00,0.235,0.039,0.001,0.001,0.0,0.023
2012-04-04 10:00:00,0.283,0.021,0.001,0.001,0.001,0.012
2012-04-04 11:00:00,0.295,0.046,0.002,0.002,0.004,0.007
2012-04-04 12:00:00,0.298,0.024,0.007,0.007,0.008,0.011
2012-04-04 13:00:00,0.296,0.008,0.028,0.028,0.026,0.013
2012-04-04 14:00:00,0.301,0.0,0.079,0.079,0.07,0.015
2012-04-04 15:00:00,0.341,0.0,0.174,0.174,0.136,0.017
2012-04-04 16:00:00,0.375,0.0,0.258,0.258,0.236,0.024
2012-04-04 17:00:00,0.428,0.0,0.326,0.326,0.406,0.042
2012-04-04 18:00:00,0.53,0.0,0.377,0.377,0.485,0.079
2012-04-04 19:00:00,0.644,0.0,0.419,0.419,0.509,0.133
2012-04-04 20:00:00,0.737,0.0,0.432,0.432,0.539,0.161
2012-04-04 21:00:00,0.764,0.007,0.447,0.447,0.61,0.162
2012-04-04 22:00:00,0.797,0.043,0.386,0.386,0.651,0.189
2012-04-04 23:00:00,0.864,0.089,0.397,0.397,0.701,0.254
2012-04-05 00:00:00,0.879,0.155,0.437,0.437,0.789,0.293
2012-04-05 01:00:00,0.883,0.199,0.558,0.558,0.867,0.34
2012-04-05 02:00:00,0.888,0.229,0.71,0.71,0.962,0.391
2012-04-05 03:00:00,0.893,0.236,0.87,0.87,0.989,0.433
2012-04-05 04:00:00,0.903,0.238,0.927,0.927,0.992,0.449
2012-04-05 05:00:00,0.906,0.262,0.937,0.937,0.998,0.465
2012-04-05 06:00:00,0.907,0.248,0.959,0.959,1.0,0.472
2012-04-05 07:00:00,0.907,0.241,0.986,0.986,1.0,0.506
2012-04-05 08:00:00,0.913,0.291,0.987,0.987,1.0,0.55
2012-04-05 09:00:00,0.908,0.437,0.988,0.988,1.0,0.585
2012-04-05 10:00:00,0.886,0.471,0.948,0.948,0.998,0.598
2012-04-05 11:00:00,0.876,0.413,0.968,0.968,0.994,0.47
2012-04-05 12:00:00,0.862,0.58,0.97,0.97,0.983,0.499
2012-04-05 13:00:00,0.84,0.653,0.966,0.966,0.983,0.533
2012-04-05 14:00:00,0.807,0.683,0.954,0.954,0.978,0.546
2012-04-05 15:00:00,0.746,0.695,0.931,0.931,0.981,0.527
2012-04-05 16:00:00,0.661,0.715,0.9,0.9,0.976,0.492
2012-04-05 17:00:00,0.605,0.781,0.855,0.855,0.956,0.45
2012-04-05 18:00:00,0.576,0.812,0.816,0.816,0.913,0.395
2012-04-05 19:00:00,0.538,0.802,0.755,0.755,0.836,0.348
2012-04-05 20:00:00,0.503,0.724,0.659,0.659,0.689,0.307
2012-04-05 21:00:00,0.458,0.6,0.54,0.54,0.485,0.272
2012-04-05 22:00:00,0.397,0.438,0.427,0.427,0.388,0.236
2012-04-05 23:00:00,0.354,0.283,0.312,0.312,0.324,0.232
2012-04-06 00:00:00,0.289,0.167,0.266,0.266,0.273,0.192
2012-04-06 01:00:00,0.233,0.099,0.205,0.205,0.199,0.148
2012-04-06 02:00:00,0.19,0.049,0.134,0.134,0.161,0.123
2012-04-06 03:00:00,0.16,0.018,0.076,0.076,0.119,0.131
2012-04-06 04:00:00,0.127,0.002,0.049,0.049,0.09,0.16
2012-04-06 05:00:00,0.106,0.0,0.031,0.031,0.07,0.187
2012-04-06 06:00:00,0.09,0.0,0.016,0.016,0.054,0.207
2012-04-06 07:00:00,0.075,0.001,0.007,0.007,0.043,0.225
2012-04-06 08:00:00,0.056,0.009,0.003,0.003,0.033,0.237
2012-04-06 09:00:00,0.044,0.036,0.001,0.001,0.023,0.245
2012-04-06 10:00:00,0.034,0.088,0.003,0.003,0.02,0.241
2012-04-06 11:00:00,0.024,0.176,0.003,0.003,0.021,0.226
2012-04-06 12:00:00,0.021,0.225,0.002,0.002,0.022,0.229
2012-04-06 13:00:00,0.019,0.243,0.002,0.002,0.023,0.244
2012-04-06 14:00:00,0.019,0.268,0.003,0.003,0.026,0.284
2012-04-06 15:00:00,0.02,0.315,0.005,0.005,0.027,0.331
2012-04-06 16:00:00,0.021,0.373,0.006,0.006,0.024,0.377
2012-04-06 17:00:00,0.027,0.428,0.006,0.006,0.015,0.405
2012-04-06 18:00:00,0.037,0.465,0.006,0.006,0.009,0.426
2012-04-06 19:00:00,0.05,0.484,0.006,0.006,0.005,0.475
2012-04-06 20:00:00,0.059,0.538,0.011,0.011,0.002,0.561
2012-04-06 21:00:00,0.064,0.62,0.028,0.028,0.001,0.628
2012-04-06 22:00:00,0.076,0.7,0.06,0.06,0.0,0.64
2012-04-06 23:00:00,0.132,0.78,0.135,0.135,0.002,0.659
2012-04-07 00:00:00,0.183,0.828,0.25,0.25,0.007,0.645
2012-04-07 01:00:00,0.25,0.86,0.286,0.286,0.013,0.636
2012-04-07 02:00:00,0.33,0.874,0.271,0.271,0.02,0.625
2012-04-07 03:00:00,0.427,0.873,0.269,0.269,0.031,0.607
2012-04-07 04:00:00,0.536,0.857,0.237,0.237,0.036,0.593
2012-04-07 05:00:00,0.609,0.82,0.214,0.214,0.035,0.579
2012-04-07 06:00:00,0.651,0.778,0.206,0.206,0.043,0.569
2012-04-07 07:00:00,0.678,0.728,0.204,0.204,0.057,0.556
2012-04-07 08:00:00,0.675,0.671,0.21,0.21,0.083,0.549
2012-04-07 09:00:00,0.625,0.658,0.208,0.208,0.117,0.564
2012-04-07 10:00:00,0.556,0.671,0.148,0.148,0.096,0.589
2012-04-07 11:00:00,0.456,0.583,0.168,0.168,0.151,0.534
2012-04-07 12:00:00,0.394,0.517,0.207,0.207,0.202,0.584
2012-04-07 13:00:00,0.393,0.432,0.268,0.268,0.259,0.623
2012-04-07 14:00:00,0.452,0.412,0.348,0.348,0.272,0.641
2012-04-07 15:00:00,0.52,0.431,0.409,0.409,0.259,0.656
2012-04-07 16:00:00,0.564,0.449,0.413,0.413,0.255,0.643
2012-04-07 17:00:00,0.615,0.4,0.389,0.389,0.297,0.61
2012-04-07 18:00:00,0.695,0.335,0.325,0.325,0.38,0.573
2012-04-07 19:00:00,0.769,0.282,0.268,0.268,0.472,0.518
2012-04-07 20:00:00,0.808,0.272,0.232,0.232,0.541,0.479
2012-04-07 21:00:00,0.843,0.261,0.245,0.245,0.57,0.46
2012-04-07 22:00:00,0.848,0.273,0.171,0.171,0.387,0.46
2012-04-07 23:00:00,0.859,0.193,0.194,0.194,0.345,0.368
2012-04-08 00:00:00,0.86,0.24,0.222,0.222,0.335,0.322
2012-04-08 01:00:00,0.861,0.299,0.242,0.242,0.36,0.269
2012-04-08 02:00:00,0.848,0.36,0.237,0.237,0.475,0.22
2012-04-08 03:00:00,0.816,0.375,0.249,0.249,0.434,0.181
2012-04-08 04:00:00,0.766,0.362,0.241,0.241,0.358,0.164
2012-04-08 05:00:00,0.697,0.284,0.174,0.174,0.265,0.158
2012-04-08 06:00:00,0.647,0.205,0.116,0.116,0.175,0.18
2012-04-08 07:00:00,0.581,0.134,0.075,0.075,0.075,0.208
2012-04-08 08:00:00,0.536,0.066,0.044,0.044,0.033,0.264
2012-04-08 09:00:00,0.506,0.017,0.016,0.016,0.031,0.338
2012-04-08 10:00:00,0.456,0.001,0.009,0.009,0.132,0.435
2012-04-08 11:00:00,0.3,0.002,0.012,0.012,0.589,0.523
2012-04-08 12:00:00,0.253,0.0,0.049,0.049,0.933,0.575
2012-04-08 13:00:00,0.221,0.0,0.136,0.136,0.99,0.61
2012-04-08 14:00:00,0.213,0.0,0.314,0.314,0.998,0.626
2012-04-08 15:00:00,0.207,0.0,0.57,0.57,0.999,0.642
2012-04-08 16:00:00,0.216,0.0,0.829,0.829,0.997,0.646
2012-04-08 17:00:00,0.213,0.0,0.948,0.948,0.995,0.629
2012-04-08 18:00:00,0.22,0.012,0.993,0.993,0.987,0.609
2012-04-08 19:00:00,0.22,0.18,0.999,0.999,0.957,0.592
2012-04-08 20:00:00,0.206,0.608,1.0,1.0,0.922,0.587
2012-04-08 21:00:00,0.195,0.925,1.0,1.0,0.886,0.59
2012-04-08 22:00:00,0.177,0.95,1.0,1.0,0.865,0.589
2012-04-08 23:00:00,0.125,0.95,0.999,0.999,0.852,0.595
2012-04-09 00:00:00,0.137,0.95,0.996,0.996,0.833,0.581
2012-04-09 01:00:00,0.122,0.95,0.993,0.993,0.822,0.569
2012-04-09 02:00:00,0.095,0.95,0.99,0.99,0.805,0.562
2012-04-09 03:00:00,0.072,0.95,0.989,0.989,0.793,0.554
2012-04-09 04:00:00,0.051,0.95,0.986,0.986,0.792,0.549
2012-04-09 05:00:00,0.035,0.95,0.983,0.983,0.754,0.542
2012-04-09 06:00:00,0.028,0.95,0.97,0.97,0.647,0.531
2012-04-09 07:00:00,0.025,0.95,0.926,0.926,0.522,0.502
2012-04-09 08:00:00,0.026,0.95,0.829,0.829,0.382,0.44
2012-04-09 09:00:00,0.026,0.95,0.692,0.692,0.245,0.368
2012-04-09 10:00:00,0.029,0.95,0.458,0.458,0.107,0.267
2012-04-09 11:00:00,0.07,0.941,0.365,0.365,0.088,0.177
2012-04-09 12:00:00,0.155,0.903,0.3,0.3,0.099,0.138
2012-04-09 13:00:00,0.241,0.832,0.206,0.206,0.136,0.11
2012-04-09 14:00:00,0.339,0.733,0.149,0.149,0.205,0.117
2012-04-09 15:00:00,0.451,0.677,0.133,0.133,0.324,0.152
2012-04-09 16:00:00,0.581,0.509,0.139,0.139,0.502,0.191
2012-04-09 17:00:00,0.682,0.278,0.179,0.179,0.588,0.254
2012-04-09 18:00:00,0.738,0.1,0.238,0.238,0.518,0.315
2012-04-09 19:00:00,0.753,0.045,0.304,0.304,0.358,0.354
2012-04-09 20:00:00,0.78,0.055,0.414,0.414,0.188,0.411
2012-04-09 21:00:00,0.816,0.068,0.485,0.485,0.101,0.444
2012-04-09 22:00:00,0.846,0.072,0.423,0.423,0.239,0.417
2012-04-09 23:00:00,0.879,0.067,0.39,0.39,0.483,0.355
2012-04-10 00:00:00,0.9,0.096,0.342,0.342,0.732,0.344
2012-04-10 01:00:00,0.91,0.151,0.38,0.38,0.822,0.346
2012-04-10 02:00:00,0.871,0.158,0.476,0.476,0.732,0.382
2012-04-10 03:00:00,0.768,0.119,0.509,0.509,0.632,0.431
2012-04-10 04:00:00,0.696,0.112,0.539,0.539,0.654,0.443
2012-04-10 05:00:00,0.693,0.149,0.551,0.551,0.683,0.461
2012-04-10 06:00:00,0.698,0.201,0.542,0.542,0.7,0.482
2012-04-10 07:00:00,0.664,0.219,0.517,0.517,0.738,0.495
2012-04-10 08:00:00,0.666,0.192,0.495,0.495,0.783,0.522
2012-04-10 09:00:00,0.727,0.177,0.542,0.542,0.841,0.572
2012-04-10 10:00:00,0.744,0.202,0.555,0.555,0.83,0.609
2012-04-10 11:00:00,0.726,0.34,0.571,0.571,0.887,0.624
2012-04-10 12:00:00,0.786,0.445,0.537,0.537,0.905,0.661
2012-04-10 13:00:00,0.796,0.549,0.489,0.489,0.908,0.683
2012-04-10 14:00:00,0.799,0.636,0.471,0.471,0.926,0.7
2012-04-10 15:00:00,0.758,0.635,0.51,0.51,0.929,0.715
2012-04-10 16:00:00,0.707,0.645,0.587,0.587,0.912,0.711
2012-04-10 17:00:00,0.702,0.687,0.722,0.722,0.916,0.723
2012-04-10 18:00:00,0.77,0.761,0.87,0.87,0.911,0.769
2012-04-10 19:00:00,0.867,0.849,0.941,0.941,0.916,0.811
2012-04-10 20:00:00,0.903,0.902,0.968,0.968,0.929,0.835
2012-04-10 21:00:00,0.915,0.921,0.981,0.981,0.955,0.848
2012-04-10 22:00:00,0.926,0.932,0.994,0.994,0.97,0.867
2012-04-10 23:00:00,0.932,0.949,0.994,0.994,0.969,0.889
2012-04-11 00:00:00,0.936,0.949,0.993,0.993,0.956,0.902
2012-04-11 01:00:00,0.938,0.95,0.99,0.99,0.925,0.909
2012-04-11 02:00:00,0.938,0.95,0.982,0.982,0.929,0.91
2012-04-11 03:00:00,0.942,0.95,0.976,0.976,0.958,0.913
2012-04-11 04:00:00,0.946,0.95,0.973,0.973,0.965,0.92
2012-04-11 05:00:00,0.947,0.95,0.976,0.976,0.978,0.927
2012-04-11 06:00:00,0.948,0.95,0.982,0.982,0.987,0.929
2012-04-11 07:00:00,0.948,0.95,0.991,0.991,0.991,0.933
2012-04-11 08:00:00,0.949,0.95,0.988,0.988,0.991,0.938
2012-04-11 09:00:00,0.948,0.95,0.981,0.981,0.986,0.94
2012-04-11 10:00:00,0.946,0.95,0.92,0.92,0.918,0.937
2012-04-11 11:00:00,0.936,0.95,0.927,0.927,0.902,0.915
2012-04-11 12:00:00,0.919,0.95,0.944,0.944,0.922,0.897
2012-04-11 13:00:00,0.894,0.95,0.956,0.956,0.928,0.894
2012-04-11 14:00:00,0.858,0.95,0.954,0.954,0.925,0.894
2012-04-11 15:00:00,0.816,0.95,0.949,0.949,0.921,0.885
2012-04-11 16:00:00,0.787,0.95,0.923,0.923,0.863,0.861
2012-04-11 17:00:00,0.745,0.95,0.872,0.872,0.778,0.832
2012-04-11 18:00:00,0.662,0.95,0.871,0.871,0.767,0.809
2012-04-11 19:00:00,0.582,0.95,0.894,0.894,0.83,0.792
2012-04-11 20:00:00,0.532,0.95,0.932,0.932,0.889,0.784
2012-04-11 21:00:00,0.49,0.95,0.946,0.946,0.89,0.791
2012-04-11 22:00:00,0.454,0.95,0.933,0.933,0.826,0.792
2012-04-11 23:00:00,0.336,0.95,0.908,0.908,0.811,0.773
2012-04-12 00:00:00,0.289,0.95,0.89,0.89,0.817,0.751
2012-04-12 01:00:00,0.258,0.95,0.88,0.88,0.838,0.727
2012-04-12 02:00:00,0.246,0.949,0.852,0.852,0.856,0.725
2012-04-12 03:00:00,0.258,0.947,0.852,0.852,0.881,0.708
2012-04-12 04:00:00,0.24,0.941,0.889,0.889,0.848,0.722
2012-04-12 05:00:00,0.189,0.935,0.911,0.911,0.841,0.759
2012-04-12 06:00:00,0.177,0.937,0.897,0.897,0.904,0.783
2012-04-12 07:00:00,0.217,0.94,0.911,0.911,0.899,0.796
2012-04-12 08:00:00,0.228,0.94,0.854,0.854,0.748,0.778
2012-04-12 09:00:00,0.202,0.938,0.662,0.662,0.455,0.749
2012-04-12 10:00:00,0.183,0.925,0.371,0.371,0.228,0.71
2012-04-12 11:00:00,0.219,0.893,0.345,0.345,0.179,0.511
2012-04-12 12:00:00,0.17,0.864,0.311,0.311,0.086,0.439
2012-04-12 13:00:00,0.158,0.883,0.219,0.219,0.052,0.415
2012-04-12 14:00:00,0.193,0.921,0.198,0.198,0.084,0.401
2012-04-12 15:00:00,0.24,0.921,0.223,0.223,0.186,0.387
2012-04-12 16:00:00,0.235,0.894,0.243,0.243,0.294,0.377
2012-04-12 17:00:00,0.216,0.871,0.267,0.267,0.321,0.364
2012-04-12 18:00:00,0.173,0.844,0.277,0.277,0.365,0.343
2012-04-12 19:00:00,0.128,0.809,0.217,0.217,0.575,0.322
2012-04-12 20:00:00,0.089,0.765,0.143,0.143,0.677,0.307
2012-04-12 21:00:00,0.077,0.714,0.097,0.097,0.579,0.303
2012-04-12 22:00:00,0.081,0.646,0.044,0.044,0.382,0.307
2012-04-12 23:00:00,0.086,0.531,0.048,0.048,0.288,0.297
2012-04-13 00:00:00,0.089,0.437,0.071,0.071,0.21,0.274
2012-04-13 01:00:00,0.086,0.318,0.12,0.12,0.193,0.269
2012-04-13 02:00:00,0.077,0.217,0.172,0.172,0.221,0.254
2012-04-13 03:00:00,0.055,0.152,0.178,0.178,0.271,0.224
2012-04-13 04:00:00,0.037,0.091,0.172,0.172,0.307,0.189
2012-04-13 05:00:00,0.02,0.051,0.183,0.183,0.296,0.166
2012-04-13 06:00:00,0.012,0.063,0.188,0.188,0.282,0.14
2012-04-13 07:00:00,0.008,0.118,0.165,0.165,0.265,0.117
2012-04-13 08:00:00,0.006,0.151,0.137,0.137,0.236,0.119
2012-04-13 09:00:00,0.004,0.114,0.101,0.101,0.186,0.134
2012-04-13 10:00:00,0.001,0.072,0.13,0.13,0.134,0.147
2012-04-13 11:00:00,0.001,0.006,0.119,0.119,0.098,0.149
2012-04-13 12:00:00,0.0,0.001,0.122,0.122,0.076,0.149
2012-04-13 13:00:00,0.0,0.0,0.136,0.136,0.056,0.138
2012-04-13 14:00:00,0.0,0.0,0.166,0.166,0.029,0.142
2012-04-13 15:00:00,0.0,0.0,0.176,0.176,0.012,0.145
2012-04-13 16:00:00,0.0,0.0,0.127,0.127,0.005,0.153
2012-04-13 17:00:00,0.002,0.0,0.087,0.087,0.015,0.163
2012-04-13 18:00:00,0.003,0.005,0.047,0.047,0.055,0.163
2012-04-13 19:00:00,0.003,0.041,0.036,0.036,0.122,0.132
2012-04-13 20:00:00,0.002,0.073,0.054,0.054,0.236,0.089
2012-04-13 21:00:00,0.002,0.095,0.113,0.113,0.385,0.066
2012-04-13 22:00:00,0.002,0.101,0.349,0.349,0.555,0.076
2012-04-13 23:00:00,0.009,0.207,0.266,0.266,0.459,0.18
2012-04-14 00:00:00,0.007,0.144,0.178,0.178,0.438,0.193
2012-04-14 01:00:00,0.008,0.101,0.175,0.175,0.433,0.177
2012-04-14 02:00:00,0.015,0.073,0.258,0.258,0.4,0.182
2012-04-14 03:00:00,0.024,0.051,0.268,0.268,0.284,0.218
2012-04-14 04:00:00,0.026,0.036,0.233,0.233,0.181,0.246
2012-04-14 05:00:00,0.025,0.025,0.285,0.285,0.11,0.236
2012-04-14 06:00:00,0.025,0.014,0.388,0.388,0.06,0.21
2012-04-14 07:00:00,0.023,0.0,0.479,0.479,0.052,0.203
2012-04-14 08:00:00,0.021,0.003,0.52,0.52,0.105,0.216
2012-04-14 09:00:00,0.028,0.008,0.523,0.523,0.189,0.246
2012-04-14 10:00:00,0.048,0.025,0.371,0.371,0.201,0.258
2012-04-14 11:00:00,0.126,0.116,0.366,0.366,0.238,0.262
2012-04-14 12:00:00,0.148,0.278,0.42,0.42,0.189,0.201
2012-04-14 13:00:00,0.153,0.459,0.455,0.455,0.14,0.18
2012-04-14 14:00:00,0.171,0.564,0.475,0.475,0.098,0.225
2012-04-14 15:00:00,0.19,0.751,0.429,0.429,0.122,0.299
2012-04-14 16:00:00,0.206,0.896,0.378,0.378,0.161,0.353
2012-04-14 17:00:00,0.209,0.907,0.385,0.385,0.238,0.395
2012-04-14 18:00:00,0.202,0.878,0.374,0.374,0.259,0.422
2012-04-14 19:00:00,0.179,0.873,0.354,0.354,0.221,0.381
2012-04-14 20:00:00,0.153,0.88,0.309,0.309,0.172,0.314
2012-04-14 21:00:00,0.136,0.818,0.243,0.243,0.216,0.266
2012-04-14 22:00:00,0.134,0.735,0.229,0.229,0.236,0.248
2012-04-14 23:00:00,0.147,0.508,0.21,0.21,0.314,0.25
2012-04-15 00:00:00,0.153,0.416,0.254,0.254,0.336,0.269
2012-04-15 01:00:00,0.165,0.377,0.235,0.235,0.29,0.277
2012-04-15 02:00:00,0.179,0.387,0.243,0.243,0.272,0.281
2012-04-15 03:00:00,0.183,0.399,0.202,0.202,0.254,0.289
2012-04-15 04:00:00,0.178,0.394,0.145,0.145,0.216,0.285
2012-04-15 05:00:00,0.161,0.388,0.09,0.09,0.138,0.275
2012-04-15 06:00:00,0.131,0.352,0.069,0.069,0.071,0.266
2012-04-15 07:00:00,0.086,0.286,0.075,0.075,0.033,0.257
2012-04-15 08:00:00,0.047,0.234,0.094,0.094,0.022,0.247
2012-04-15 09:00:00,0.029,0.177,0.108,0.108,0.017,0.245
2012-04-15 10:00:00,0.023,0.149,0.059,0.059,0.001,0.253
2012-04-15 11:00:00,0.043,0.081,0.039,0.039,0.002,0.247
2012-04-15 12:00:00,0.042,0.081,0.028,0.028,0.002,0.256
2012-04-15 13:00:00,0.04,0.09,0.015,0.015,0.002,0.269
2012-04-15 14:00:00,0.039,0.079,0.008,0.008,0.002,0.267
2012-04-15 15:00:00,0.038,0.055,0.005,0.005,0.003,0.262
2012-04-15 16:00:00,0.039,0.03,0.002,0.002,0.003,0.256
2012-04-15 17:00:00,0.059,0.008,0.001,0.001,0.006,0.253
2012-04-15 18:00:00,0.096,0.0,0.001,0.001,0.011,0.248
2012-04-15 19:00:00,0.148,0.0,0.003,0.003,0.03,0.243
2012-04-15 20:00:00,0.207,0.0,0.006,0.006,0.063,0.236
2012-04-15 21:00:00,0.246,0.0,0.008,0.008,0.094,0.219
2012-04-15 22:00:00,0.26,0.0,0.017,0.017,0.083,0.189
2012-04-15 23:00:00,0.216,0.0,0.021,0.021,0.077,0.16
2012-04-16 00:00:00,0.267,0.0,0.016,0.016,0.064,0.133
2012-04-16 01:00:00,0.306,0.0,0.017,0.017,0.061,0.129
2012-04-16 02:00:00,0.338,0.0,0.024,0.024,0.064,0.127
2012-04-16 03:00:00,0.376,0.0,0.031,0.031,0.089,0.123
2012-04-16 04:00:00,0.452,0.002,0.031,0.031,0.127,0.113
2012-04-16 05:00:00,0.525,0.007,0.037,0.037,0.155,0.103
2012-04-16 06:00:00,0.551,0.011,0.055,0.055,0.168,0.087
2012-04-16 07:00:00,0.607,0.012,0.099,0.099,0.158,0.08
2012-04-16 08:00:00,0.636,0.021,0.122,0.122,0.145,0.07
2012-04-16 09:00:00,0.651,0.026,0.143,0.143,0.135,0.051
2012-04-16 10:00:00,0.631,0.037,0.141,0.141,0.171,0.034
2012-04-16 11:00:00,0.619,0.027,0.18,0.18,0.203,0.013
2012-04-16 12:00:00,0.573,0.042,0.235,0.235,0.232,0.008
2012-04-16 13:00:00,0.526,0.086,0.249,0.249,0.253,0.012
2012-04-16 14:00:00,0.502,0.164,0.257,0.257,0.292,0.019
2012-04-16 15:00:00,0.504,0.298,0.323,0.323,0.33,0.029
2012-04-16 16:00:00,0.518,0.448,0.38,0.38,0.366,0.048
2012-04-16 17:00:00,0.527,0.593,0.364,0.364,0.348,0.078
2012-04-16 18:00:00,0.513,0.715,0.387,0.387,0.314,0.116
2012-04-16 19:00:00,0.485,0.782,0.39,0.39,0.254,0.147
2012-04-16 20:00:00,0.479,0.809,0.397,0.397,0.197,0.157
2012-04-16 21:00:00,0.492,0.8,0.406,0.406,0.186,0.155
2012-04-16 22:00:00,0.498,0.743,0.636,0.636,0.283,0.157
2012-04-16 23:00:00,0.42,0.821,0.759,0.759,0.327,0.193
2012-04-17 00:00:00,0.453,0.817,0.865,0.865,0.323,0.24
2012-04-17 01:00:00,0.473,0.825,0.926,0.926,0.425,0.295
2012-04-17 02:00:00,0.472,0.801,0.963,0.963,0.727,0.361
2012-04-17 03:00:00,0.472,0.798,0.972,0.972,0.936,0.415
2012-04-17 04:00:00,0.492,0.815,0.974,0.974,0.982,0.469
2012-04-17 05:00:00,0.516,0.858,0.971,0.971,0.984,0.526
2012-04-17 06:00:00,0.532,0.889,0.966,0.966,0.984,0.57
2012-04-17 07:00:00,0.557,0.902,0.957,0.957,0.977,0.595
2012-04-17 08:00:00,0.563,0.919,0.966,0.966,0.955,0.61
2012-04-17 09:00:00,0.555,0.938,0.974,0.974,0.932,0.606
2012-04-17 10:00:00,0.533,0.936,0.975,0.975,0.86,0.607
2012-04-17 11:00:00,0.461,0.919,0.96,0.96,0.881,0.524
2012-04-17 12:00:00,0.472,0.905,0.947,0.947,0.912,0.495
2012-04-17 13:00:00,0.532,0.91,0.942,0.942,0.924,0.482
2012-04-17 14:00:00,0.616,0.905,0.95,0.95,0.966,0.474
2012-04-17 15:00:00,0.648,0.902,0.958,0.958,0.985,0.493
2012-04-17 16:00:00,0.611,0.879,0.961,0.961,0.987,0.521
2012-04-17 17:00:00,0.567,0.827,0.968,0.968,0.981,0.557
2012-04-17 18:00:00,0.531,0.715,0.979,0.979,0.958,0.583
2012-04-17 19:00:00,0.494,0.604,0.985,0.985,0.917,0.604
2012-04-17 20:00:00,0.493,0.486,0.99,0.99,0.881,0.624
2012-04-17 21:00:00,0.459,0.393,0.987,0.987,0.843,0.631
2012-04-17 22:00:00,0.407,0.366,0.987,0.987,0.85,0.608
2012-04-17 23:00:00,0.434,0.502,0.961,0.961,0.85,0.595
2012-04-18 00:00:00,0.367,0.507,0.89,0.89,0.851,0.562
2012-04-18 01:00:00,0.334,0.565,0.828,0.828,0.872,0.539
2012-04-18 02:00:00,0.316,0.665,0.842,0.842,0.825,0.561
2012-04-18 03:00:00,0.3,0.755,0.805,0.805,0.818,0.553
2012-04-18 04:00:00,0.297,0.81,0.808,0.808,0.843,0.561
2012-04-18 05:00:00,0.296,0.794,0.802,0.802,0.858,0.594
2012-04-18 06:00:00,0.305,0.719,0.787,0.787,0.873,0.594
2012-04-18 07:00:00,0.364,0.732,0.865,0.865,0.848,0.592
2012-04-18 08:00:00,0.498,0.755,0.928,0.928,0.787,0.632
2012-04-18 09:00:00,0.625,0.785,0.934,0.934,0.771,0.635
2012-04-18 10:00:00,0.732,0.84,0.879,0.879,0.704,0.627
2012-04-18 11:00:00,0.731,0.792,0.873,0.873,0.612,0.584
2012-04-18 12:00:00,0.741,0.792,0.879,0.879,0.494,0.597
2012-04-18 13:00:00,0.753,0.851,0.836,0.836,0.345,0.618
2012-04-18 14:00:00,0.795,0.906,0.793,0.793,0.199,0.638
2012-04-18 15:00:00,0.783,0.894,0.742,0.742,0.102,0.663
2012-04-18 16:00:00,0.749,0.881,0.623,0.623,0.068,0.671
2012-04-18 17:00:00,0.711,0.9,0.463,0.463,0.08,0.659
2012-04-18 18:00:00,0.717,0.906,0.326,0.326,0.104,0.631
2012-04-18 19:00:00,0.715,0.89,0.241,0.241,0.133,0.582
2012-04-18 20:00:00,0.75,0.876,0.17,0.17,0.178,0.537
2012-04-18 21:00:00,0.781,0.861,0.117,0.117,0.253,0.505
2012-04-18 22:00:00,0.806,0.839,0.135,0.135,0.571,0.489
2012-04-18 23:00:00,0.861,0.78,0.178,0.178,0.634,0.493
2012-04-19 00:00:00,0.856,0.677,0.265,0.265,0.729,0.453
2012-04-19 01:00:00,0.808,0.501,0.337,0.337,0.834,0.417
2012-04-19 02:00:00,0.774,0.334,0.39,0.39,0.892,0.42
2012-04-19 03:00:00,0.754,0.202,0.455,0.455,0.885,0.448
2012-04-19 04:00:00,0.798,0.136,0.52,0.52,0.873,0.477
2012-04-19 05:00:00,0.819,0.133,0.58,0.58,0.884,0.492
2012-04-19 06:00:00,0.804,0.141,0.608,0.608,0.885,0.507
2012-04-19 07:00:00,0.801,0.147,0.571,0.571,0.888,0.508
2012-04-19 08:00:00,0.796,0.168,0.517,0.517,0.891,0.507
2012-04-19 09:00:00,0.76,0.204,0.45,0.45,0.894,0.509
2012-04-19 10:00:00,0.722,0.235,0.353,0.353,0.772,0.502
2012-04-19 11:00:00,0.532,0.274,0.304,0.304,0.651,0.423
2012-04-19 12:00:00,0.479,0.257,0.335,0.335,0.463,0.4
2012-04-19 13:00:00,0.416,0.193,0.484,0.484,0.276,0.37
2012-04-19 14:00:00,0.36,0.151,0.65,0.65,0.143,0.365
2012-04-19 15:00:00,0.37,0.15,0.753,0.753,0.098,0.401
2012-04-19 16:00:00,0.443,0.175,0.915,0.915,0.182,0.441
2012-04-19 17:00:00,0.515,0.216,0.972,0.972,0.326,0.461
2012-04-19 18:00:00,0.607,0.269,0.968,0.968,0.515,0.524
2012-04-19 19:00:00,0.644,0.389,0.908,0.908,0.66,0.586
2012-04-19 20:00:00,0.695,0.54,0.764,0.764,0.65,0.618
2012-04-19 21:00:00,0.796,0.671,0.562,0.562,0.594,0.638
2012-04-19 22:00:00,0.879,0.741,0.689,0.689,0.707,0.613
2012-04-19 23:00:00,0.908,0.912,0.766,0.766,0.79,0.638
2012-04-20 00:00:00,0.888,0.909,0.804,0.804,0.806,0.551
2012-04-20 01:00:00,0.876,0.86,0.803,0.803,0.755,0.51
2012-04-20 02:00:00,0.863,0.822,0.821,0.821,0.675,0.499
2012-04-20 03:00:00,0.873,0.86,0.809,0.809,0.648,0.489
2012-04-20 04:00:00,0.885,0.904,0.751,0.751,0.611,0.523
2012-04-20 05:00:00,0.873,0.902,0.776,0.776,0.599,0.555
2012-04-20 06:00:00,0.875,0.911,0.822,0.822,0.564,0.565
2012-04-20 07:00:00,0.874,0.911,0.815,0.815,0.522,0.55
2012-04-20 08:00:00,0.864,0.898,0.793,0.793,0.482,0.55
2012-04-20 09:00:00,0.844,0.893,0.787,0.787,0.456,0.551
2012-04-20 10:00:00,0.815,0.845,0.697,0.697,0.605,0.573
2012-04-20 11:00:00,0.714,0.828,0.6,0.6,0.585,0.62
2012-04-20 12:00:00,0.665,0.766,0.719,0.719,0.516,0.572
2012-04-20 13:00:00,0.579,0.683,0.776,0.776,0.511,0.568
2012-04-20 14:00:00,0.449,0.734,0.815,0.815,0.659,0.632
2012-04-20 15:00:00,0.326,0.845,0.896,0.896,0.832,0.651
2012-04-20 16:00:00,0.245,0.924,0.959,0.959,0.883,0.698
2012-04-20 17:00:00,0.22,0.944,0.964,0.964,0.828,0.723
2012-04-20 18:00:00,0.214,0.942,0.919,0.919,0.789,0.759
2012-04-20 19:00:00,0.248,0.917,0.813,0.813,0.782,0.8
2012-04-20 20:00:00,0.324,0.851,0.619,0.619,0.698,0.803
2012-04-20 21:00:00,0.429,0.707,0.357,0.357,0.601,0.786
2012-04-20 22:00:00,0.487,0.613,0.25,0.25,0.622,0.722
2012-04-20 23:00:00,0.517,0.687,0.15,0.15,0.345,0.66
2012-04-21 00:00:00,0.532,0.532,0.12,0.12,0.16,0.62
2012-04-21 01:00:00,0.559,0.553,0.091,0.091,0.153,0.589
2012-04-21 02:00:00,0.454,0.549,0.083,0.083,0.181,0.559
2012-04-21 03:00:00,0.308,0.356,0.056,0.056,0.206,0.563
2012-04-21 04:00:00,0.196,0.17,0.025,0.025,0.217,0.526
2012-04-21 05:00:00,0.136,0.037,0.033,0.033,0.209,0.442
2012-04-21 06:00:00,0.138,0.002,0.076,0.076,0.148,0.391
2012-04-21 07:00:00,0.165,0.003,0.146,0.146,0.098,0.367
2012-04-21 08:00:00,0.191,0.019,0.166,0.166,0.053,0.346
2012-04-21 09:00:00,0.205,0.058,0.139,0.139,0.019,0.308
2012-04-21 10:00:00,0.207,0.136,0.121,0.121,0.009,0.292
2012-04-21 11:00:00,0.153,0.174,0.127,0.127,0.013,0.296
2012-04-21 12:00:00,0.126,0.212,0.123,0.123,0.022,0.277
2012-04-21 13:00:00,0.097,0.237,0.102,0.102,0.041,0.255
2012-04-21 14:00:00,0.065,0.305,0.06,0.06,0.049,0.248
2012-04-21 15:00:00,0.043,0.425,0.027,0.027,0.057,0.253
2012-04-21 16:00:00,0.029,0.457,0.014,0.014,0.099,0.26
2012-04-21 17:00:00,0.024,0.412,0.005,0.005,0.093,0.268
2012-04-21 18:00:00,0.017,0.328,0.002,0.002,0.088,0.269
2012-04-21 19:00:00,0.014,0.223,0.001,0.001,0.087,0.266
2012-04-21 20:00:00,0.023,0.131,0.0,0.0,0.126,0.263
2012-04-21 21:00:00,0.039,0.071,0.004,0.004,0.169,0.251
2012-04-21 22:00:00,0.064,0.024,0.019,0.019,0.156,0.232
2012-04-21 23:00:00,0.053,0.001,0.041,0.041,0.147,0.193
2012-04-22 00:00:00,0.046,0.0,0.073,0.073,0.157,0.162
2012-04-22 01:00:00,0.039,0.003,0.122,0.122,0.145,0.15
2012-04-22 02:00:00,0.025,0.005,0.144,0.144,0.11,0.126
2012-04-22 03:00:00,0.026,0.001,0.113,0.113,0.042,0.112
2012-04-22 04:00:00,0.029,0.0,0.08,0.08,0.023,0.102
2012-04-22 05:00:00,0.046,0.001,0.05,0.05,0.025,0.09
2012-04-22 06:00:00,0.068,0.024,0.045,0.045,0.032,0.085
2012-04-22 07:00:00,0.069,0.07,0.044,0.044,0.033,0.087
2012-04-22 08:00:00,0.058,0.101,0.035,0.035,0.042,0.099
2012-04-22 09:00:00,0.058,0.112,0.035,0.035,0.062,0.123
2012-04-22 10:00:00,0.079,0.117,0.091,0.091,0.092,0.142
2012-04-22 11:00:00,0.109,0.105,0.157,0.157,0.074,0.202
2012-04-22 12:00:00,0.127,0.104,0.178,0.178,0.053,0.257
2012-04-22 13:00:00,0.117,0.12,0.097,0.097,0.027,0.3
2012-04-22 14:00:00,0.109,0.105,0.039,0.039,0.025,0.279
2012-04-22 15:00:00,0.107,0.054,0.02,0.02,0.04,0.221
2012-04-22 16:00:00,0.086,0.04,0.038,0.038,0.145,0.175
2012-04-22 17:00:00,0.053,0.034,0.163,0.163,0.125,0.147
2012-04-22 18:00:00,0.03,0.047,0.307,0.307,0.13,0.13
2012-04-22 19:00:00,0.027,0.046,0.188,0.188,0.284,0.148
2012-04-22 20:00:00,0.034,0.036,0.147,0.147,0.435,0.173
2012-04-22 21:00:00,0.055,0.036,0.137,0.137,0.518,0.165
2012-04-22 22:00:00,0.079,0.031,0.048,0.048,0.551,0.133
2012-04-22 23:00:00,0.107,0.001,0.044,0.044,0.502,0.084
2012-04-23 00:00:00,0.113,0.0,0.061,0.061,0.332,0.066
2012-04-23 01:00:00,0.113,0.0,0.093,0.093,0.109,0.063
2012-04-23 02:00:00,0.11,0.0,0.103,0.103,0.049,0.067
2012-04-23 03:00:00,0.094,0.002,0.11,0.11,0.018,0.061
2012-04-23 04:00:00,0.087,0.003,0.118,0.118,0.038,0.039
2012-04-23 05:00:00,0.099,0.002,0.077,0.077,0.044,0.026
2012-04-23 06:00:00,0.129,0.003,0.052,0.052,0.011,0.016
2012-04-23 07:00:00,0.154,0.004,0.039,0.039,0.021,0.015
2012-04-23 08:00:00,0.171,0.005,0.035,0.035,0.074,0.019
2012-04-23 09:00:00,0.181,0.009,0.023,0.023,0.191,0.024
2012-04-23 10:00:00,0.175,0.003,0.07,0.07,0.327,0.021
2012-04-23 11:00:00,0.288,0.0,0.273,0.273,0.249,0.038
2012-04-23 12:00:00,0.276,0.0,0.478,0.478,0.19,0.048
2012-04-23 13:00:00,0.255,0.0,0.625,0.625,0.093,0.095
2012-04-23 14:00:00,0.209,0.0,0.572,0.572,0.087,0.156
2012-04-23 15:00:00,0.175,0.0,0.402,0.402,0.128,0.196
2012-04-23 16:00:00,0.153,0.0,0.271,0.271,0.128,0.212
2012-04-23 17:00:00,0.166,0.082,0.285,0.285,0.079,0.254
2012-04-23 18:00:00,0.169,0.209,0.244,0.244,0.044,0.317
2012-04-23 19:00:00,0.165,0.192,0.161,0.161,0.042,0.337
2012-04-23 20:00:00,0.173,0.175,0.101,0.101,0.054,0.334
2012-04-23 21:00:00,0.214,0.23,0.066,0.066,0.067,0.301
2012-04-23 22:00:00,0.295,0.235,0.032,0.032,0.1,0.246
2012-04-23 23:00:00,0.33,0.246,0.018,0.018,0.135,0.2
2012-04-24 00:00:00,0.418,0.227,0.008,0.008,0.178,0.139
2012-04-24 01:00:00,0.414,0.172,0.007,0.007,0.255,0.105
2012-04-24 02:00:00,0.36,0.13,0.016,0.016,0.225,0.077
2012-04-24 03:00:00,0.373,0.105,0.053,0.053,0.175,0.058
2012-04-24 04:00:00,0.404,0.073,0.095,0.095,0.152,0.062
2012-04-24 05:00:00,0.391,0.045,0.115,0.115,0.117,0.083
2012-04-24 06:00:00,0.417,0.029,0.097,0.097,0.112,0.1
2012-04-24 07:00:00,0.469,0.004,0.068,0.068,0.138,0.084
2012-04-24 08:00:00,0.503,0.0,0.052,0.052,0.134,0.063
2012-04-24 09:00:00,0.528,0.0,0.028,0.028,0.106,0.044
2012-04-24 10:00:00,0.504,0.0,0.025,0.025,0.126,0.033
2012-04-24 11:00:00,0.445,0.0,0.01,0.01,0.075,0.031
2012-04-24 12:00:00,0.339,0.0,0.001,0.001,0.042,0.042
2012-04-24 13:00:00,0.257,0.0,0.005,0.005,0.01,0.045
2012-04-24 14:00:00,0.183,0.001,0.036,0.036,0.003,0.047
2012-04-24 15:00:00,0.122,0.009,0.092,0.092,0.011,0.054
2012-04-24 16:00:00,0.076,0.019,0.108,0.108,0.033,0.067
2012-04-24 17:00:00,0.03,0.04,0.158,0.158,0.174,0.107
2012-04-24 18:00:00,0.006,0.073,0.337,0.337,0.205,0.125
2012-04-24 19:00:00,0.004,0.091,0.426,0.426,0.15,0.123
2012-04-24 20:00:00,0.014,0.089,0.441,0.441,0.162,0.133
2012-04-24 21:00:00,0.045,0.089,0.444,0.444,0.223,0.141
2012-04-24 22:00:00,0.099,0.069,0.357,0.357,0.457,0.12
2012-04-24 23:00:00,0.217,0.102,0.267,0.267,0.439,0.116
2012-04-25 00:00:00,0.298,0.124,0.244,0.244,0.363,0.088
2012-04-25 01:00:00,0.39,0.152,0.249,0.249,0.275,0.08
2012-04-25 02:00:00,0.404,0.142,0.234,0.234,0.218,0.085
2012-04-25 03:00:00,0.36,0.135,0.215,0.215,0.203,0.074
2012-04-25 04:00:00,0.328,0.163,0.185,0.185,0.196,0.057
2012-04-25 05:00:00,0.366,0.162,0.146,0.146,0.216,0.053
2012-04-25 06:00:00,0.475,0.131,0.093,0.093,0.289,0.059
2012-04-25 07:00:00,0.578,0.153,0.076,0.076,0.355,0.061
2012-04-25 08:00:00,0.587,0.217,0.155,0.155,0.436,0.06
2012-04-25 09:00:00,0.574,0.282,0.319,0.319,0.566,0.09
2012-04-25 10:00:00,0.544,0.333,0.361,0.361,0.561,0.148
2012-04-25 11:00:00,0.491,0.456,0.554,0.554,0.518,0.209
2012-04-25 12:00:00,0.462,0.469,0.784,0.784,0.429,0.279
2012-04-25 13:00:00,0.41,0.484,0.806,0.806,0.527,0.338
2012-04-25 14:00:00,0.369,0.497,0.871,0.871,0.684,0.358
2012-04-25 15:00:00,0.317,0.487,0.961,0.961,0.949,0.397
2012-04-25 16:00:00,0.243,0.476,0.967,0.967,0.965,0.46
2012-04-25 17:00:00,0.179,0.544,0.984,0.984,0.875,0.525
2012-04-25 18:00:00,0.15,0.686,0.993,0.993,0.915,0.586
2012-04-25 19:00:00,0.117,0.87,0.991,0.991,0.937,0.63
2012-04-25 20:00:00,0.091,0.921,0.993,0.993,0.93,0.631
2012-04-25 21:00:00,0.073,0.938,0.989,0.989,0.954,0.61
2012-04-25 22:00:00,0.042,0.939,0.991,0.991,0.874,0.598
2012-04-25 23:00:00,0.03,0.947,0.991,0.991,0.835,0.571
2012-04-26 00:00:00,0.023,0.947,0.984,0.984,0.814,0.579
2012-04-26 01:00:00,0.015,0.949,0.981,0.981,0.752,0.58
2012-04-26 02:00:00,0.012,0.95,0.965,0.965,0.473,0.572
2012-04-26 03:00:00,0.012,0.95,0.966,0.966,0.204,0.563
2012-04-26 04:00:00,0.021,0.95,0.953,0.953,0.115,0.563
2012-04-26 05:00:00,0.04,0.95,0.923,0.923,0.078,0.559
2012-04-26 06:00:00,0.059,0.95,0.908,0.908,0.039,0.557
2012-04-26 07:00:00,0.102,0.95,0.887,0.887,0.04,0.555
2012-04-26 08:00:00,0.167,0.95,0.874,0.874,0.229,0.553
2012-04-26 09:00:00,0.174,0.95,0.622,0.622,0.625,0.551
2012-04-26 10:00:00,0.155,0.95,0.376,0.376,0.917,0.549
2012-04-26 11:00:00,0.149,0.95,0.339,0.339,0.934,0.481
2012-04-26 12:00:00,0.098,0.95,0.598,0.598,0.909,0.402
2012-04-26 13:00:00,0.079,0.949,0.947,0.947,0.877,0.306
2012-04-26 14:00:00,0.12,0.918,0.989,0.989,0.83,0.278
2012-04-26 15:00:00,0.179,0.849,0.989,0.989,0.768,0.364
2012-04-26 16:00:00,0.299,0.853,0.98,0.98,0.556,0.505
2012-04-26 17:00:00,0.479,0.884,0.929,0.929,0.344,0.553
2012-04-26 18:00:00,0.664,0.942,0.822,0.822,0.235,0.564
2012-04-26 19:00:00,0.777,0.948,0.752,0.752,0.114,0.554
2012-04-26 20:00:00,0.835,0.938,0.617,0.617,0.106,0.575
2012-04-26 21:00:00,0.849,0.928,0.423,0.423,0.216,0.61
2012-04-26 22:00:00,0.846,0.924,0.481,0.481,0.644,0.605
2012-04-26 23:00:00,0.774,0.94,0.442,0.442,0.805,0.641
2012-04-27 00:00:00,0.782,0.924,0.471,0.471,0.897,0.618
2012-04-27 01:00:00,0.806,0.869,0.587,0.587,0.937,0.587
2012-04-27 02:00:00,0.866,0.7,0.677,0.677,0.97,0.6
2012-04-27 03:00:00,0.905,0.541,0.786,0.786,0.987,0.607
2012-04-27 04:00:00,0.887,0.503,0.923,0.923,0.991,0.643
2012-04-27 05:00:00,0.896,0.525,0.971,0.971,0.991,0.714
2012-04-27 06:00:00,0.912,0.645,0.982,0.982,0.989,0.779
2012-04-27 07:00:00,0.922,0.697,0.985,0.985,0.983,0.766
2012-04-27 08:00:00,0.928,0.779,0.988,0.988,0.946,0.768
2012-04-27 09:00:00,0.916,0.841,0.982,0.982,0.953,0.742
2012-04-27 10:00:00,0.919,0.915,0.945,0.945,0.714,0.759
2012-04-27 11:00:00,0.886,0.929,0.985,0.985,0.886,0.67
2012-04-27 12:00:00,0.907,0.937,0.994,0.994,0.838,0.713
2012-04-27 13:00:00,0.913,0.94,0.994,0.994,0.788,0.724
2012-04-27 14:00:00,0.909,0.942,0.986,0.986,0.757,0.737
2012-04-27 15:00:00,0.901,0.947,0.942,0.942,0.726,0.764
2012-04-27 16:00:00,0.871,0.95,0.833,0.833,0.502,0.746
2012-04-27 17:00:00,0.862,0.95,0.745,0.745,0.221,0.721
2012-04-27 18:00:00,0.867,0.95,0.512,0.512,0.128,0.678
2012-04-27 19:00:00,0.867,0.95,0.211,0.211,0.104,0.587
2012-04-27 20:00:00,0.871,0.95,0.1,0.1,0.064,0.498
2012-04-27 21:00:00,0.885,0.95,0.078,0.078,0.053,0.445
2012-04-27 22:00:00,0.889,0.863,0.006,0.006,0.033,0.397
2012-04-27 23:00:00,0.895,0.552,0.003,0.003,0.13,0.346
2012-04-28 00:00:00,0.896,0.222,0.023,0.023,0.362,0.339
2012-04-28 01:00:00,0.898,0.033,0.132,0.132,0.496,0.406
2012-04-28 02:00:00,0.899,0.0,0.295,0.295,0.464,0.498
2012-04-28 03:00:00,0.906,0.0,0.437,0.437,0.435,0.596
2012-04-28 04:00:00,0.91,0.067,0.502,0.502,0.426,0.621
2012-04-28 05:00:00,0.91,0.158,0.428,0.428,0.496,0.619
2012-04-28 06:00:00,0.914,0.273,0.434,0.434,0.698,0.589
2012-04-28 07:00:00,0.916,0.372,0.467,0.467,0.772,0.58
2012-04-28 08:00:00,0.909,0.409,0.615,0.615,0.614,0.573
2012-04-28 09:00:00,0.899,0.419,0.665,0.665,0.455,0.587
2012-04-28 10:00:00,0.888,0.284,0.391,0.391,0.147,0.587
2012-04-28 11:00:00,0.843,0.17,0.28,0.28,0.104,0.458
2012-04-28 12:00:00,0.845,0.178,0.207,0.207,0.077,0.481
2012-04-28 13:00:00,0.831,0.35,0.114,0.114,0.047,0.533
2012-04-28 14:00:00,0.83,0.432,0.043,0.043,0.059,0.572
2012-04-28 15:00:00,0.837,0.423,0.049,0.049,0.017,0.635
2012-04-28 16:00:00,0.826,0.423,0.088,0.088,0.004,0.64
2012-04-28 17:00:00,0.773,0.383,0.087,0.087,0.004,0.662
2012-04-28 18:00:00,0.629,0.41,0.076,0.076,0.008,0.649
2012-04-28 19:00:00,0.413,0.458,0.065,0.065,0.001,0.58
2012-04-28 20:00:00,0.233,0.461,0.095,0.095,0.003,0.532
2012-04-28 21:00:00,0.129,0.417,0.002,0.002,0.009,0.484
2012-04-28 22:00:00,0.064,0.321,0.003,0.003,0.019,0.423
2012-04-28 23:00:00,0.048,0.099,0.022,0.022,0.034,0.356
2012-04-29 00:00:00,0.037,0.022,0.04,0.04,0.08,0.316
2012-04-29 01:00:00,0.032,0.002,0.09,0.09,0.081,0.291
2012-04-29 02:00:00,0.041,0.0,0.064,0.064,0.031,0.271
2012-04-29 03:00:00,0.102,0.0,0.075,0.075,0.036,0.271
2012-04-29 04:00:00,0.174,0.0,0.153,0.153,0.056,0.258
2012-04-29 05:00:00,0.232,0.0,0.189,0.189,0.061,0.24
2012-04-29 06:00:00,0.346,0.0,0.155,0.155,0.068,0.239
2012-04-29 07:00:00,0.509,0.003,0.145,0.145,0.07,0.229
2012-04-29 08:00:00,0.601,0.009,0.179,0.179,0.059,0.222
2012-04-29 09:00:00,0.601,0.039,0.185,0.185,0.081,0.227
2012-04-29 10:00:00,0.648,0.106,0.214,0.214,0.223,0.207
2012-04-29 11:00:00,0.729,0.091,0.199,0.199,0.417,0.139
2012-04-29 12:00:00,0.757,0.046,0.134,0.134,0.585,0.113
2012-04-29 13:00:00,0.827,0.077,0.135,0.135,0.611,0.108
2012-04-29 14:00:00,0.881,0.132,0.207,0.207,0.604,0.152
2012-04-29 15:00:00,0.897,0.157,0.26,0.26,0.77,0.224
2012-04-29 16:00:00,0.842,0.247,0.466,0.466,0.852,0.269
2012-04-29 17:00:00,0.865,0.366,0.618,0.618,0.768,0.355
2012-04-29 18:00:00,0.879,0.384,0.617,0.617,0.571,0.468
2012-04-29 19:00:00,0.873,0.474,0.419,0.419,0.505,0.525
2012-04-29 20:00:00,0.844,0.665,0.132,0.132,0.593,0.556
2012-04-29 21:00:00,0.822,0.681,0.058,0.058,0.64,0.591
2012-04-29 22:00:00,0.84,0.484,0.192,0.192,0.893,0.654
2012-04-29 23:00:00,0.901,0.424,0.198,0.198,0.856,0.731
2012-04-30 00:00:00,0.897,0.431,0.274,0.274,0.883,0.712
2012-04-30 01:00:00,0.929,0.51,0.552,0.552,0.914,0.708
2012-04-30 02:00:00,0.938,0.676,0.79,0.79,0.974,0.719
2012-04-30 03:00:00,0.941,0.833,0.898,0.898,0.997,0.738
2012-04-30 04:00:00,0.945,0.923,0.936,0.936,0.999,0.754
2012-04-30 05:00:00,0.947,0.948,0.969,0.969,0.999,0.748
2012-04-30 06:00:00,0.949,0.95,0.988,0.988,0.999,0.758
2012-04-30 07:00:00,0.95,0.949,0.989,0.989,0.999,0.76
2012-04-30 08:00:00,0.95,0.949,0.978,0.978,0.998,0.769
2012-04-30 09:00:00,0.949,0.949,0.955,0.955,0.998,0.75
2012-04-30 10:00:00,0.948,0.95,0.932,0.932,0.999,0.726
2012-04-30 11:00:00,0.896,0.949,0.942,0.942,0.999,0.715
2012-04-30 12:00:00,0.917,0.933,0.933,0.933,1.0,0.714
2012-04-30 13:00:00,0.944,0.927,0.944,0.944,0.999,0.712
2012-04-30 14:00:00,0.946,0.945,0.971,0.971,1.0,0.709
2012-04-30 15:00:00,0.929,0.95,0.986,0.986,1.0,0.707
2012-04-30 16:00:00,0.89,0.95,0.997,0.997,1.0,0.715
2012-04-30 17:00:00,0.872,0.95,0.999,0.999,1.0,0.716
2012-04-30 18:00:00,0.807,0.95,0.999,0.999,1.0,0.725
2012-04-30 19:00:00,0.749,0.95,0.999,0.999,1.0,0.731
2012-04-30 20:00:00,0.687,0.95,0.999,0.999,1.0,0.731
2012-04-30 21:00:00,0.612,0.95,0.999,0.999,0.997,0.724
2012-04-30 22:00:00,0.517,0.95,1.0,1.0,0.989,0.718
2012-04-30 23:00:00,0.302,0.95,0.998,0.998,0.983,0.715
2012-05-01 00:00:00,0.204,0.95,0.99,0.99,0.966,0.702
2012-05-01 01:00:00,0.148,0.95,0.969,0.969,0.942,0.695
2012-05-01 02:00:00,0.106,0.95,0.946,0.946,0.82,0.669
2012-05-01 03:00:00,0.101,0.95,0.938,0.938,0.413,0.61
2012-05-01 04:00:00,0.102,0.95,0.892,0.892,0.106,0.585
2012-05-01 05:00:00,0.074,0.95,0.79,0.79,0.073,0.576
2012-05-01 06:00:00,0.041,0.949,0.648,0.648,0.095,0.566
2012-05-01 07:00:00,0.034,0.946,0.554,0.554,0.146,0.538
2012-05-01 08:00:00,0.037,0.923,0.521,0.521,0.168,0.495
2012-05-01 09:00:00,0.031,0.803,0.488,0.488,0.135,0.438
2012-05-01 10:00:00,0.021,0.666,0.499,0.499,0.18,0.384
2012-05-01 11:00:00,0.018,0.38,0.416,0.416,0.18,0.356
2012-05-01 12:00:00,0.014,0.341,0.498,0.498,0.176,0.356
2012-05-01 13:00:00,0.021,0.388,0.635,0.635,0.226,0.392
2012-05-01 14:00:00,0.037,0.432,0.702,0.702,0.325,0.445
2012-05-01 15:00:00,0.072,0.453,0.708,0.708,0.469,0.503
2012-05-01 16:00:00,0.126,0.441,0.657,0.657,0.597,0.522
2012-05-01 17:00:00,0.167,0.391,0.623,0.623,0.663,0.514
2012-05-01 18:00:00,0.216,0.357,0.668,0.668,0.72,0.555
2012-05-01 19:00:00,0.286,0.402,0.749,0.749,0.763,0.611
2012-05-01 20:00:00,0.383,0.481,0.791,0.791,0.759,0.647
2012-05-01 21:00:00,0.517,0.519,0.817,0.817,0.755,0.663
2012-05-01 22:00:00,0.654,0.557,0.903,0.903,0.828,0.664
2012-05-01 23:00:00,0.848,0.784,0.916,0.916,0.86,0.731
2012-05-02 00:00:00,0.863,0.77,0.912,0.912,0.909,0.725
2012-05-02 01:00:00,0.864,0.716,0.887,0.887,0.94,0.719
2012-05-02 02:00:00,0.863,0.724,0.859,0.859,0.944,0.72
2012-05-02 03:00:00,0.847,0.82,0.876,0.876,0.946,0.729
2012-05-02 04:00:00,0.827,0.923,0.926,0.926,0.956,0.753
2012-05-02 05:00:00,0.821,0.943,0.963,0.963,0.976,0.766
2012-05-02 06:00:00,0.846,0.944,0.973,0.973,0.989,0.779
2012-05-02 07:00:00,0.876,0.939,0.98,0.98,0.993,0.784
2012-05-02 08:00:00,0.874,0.931,0.984,0.984,0.996,0.757
2012-05-02 09:00:00,0.84,0.91,0.986,0.986,0.999,0.728
2012-05-02 10:00:00,0.828,0.892,0.986,0.986,1.0,0.701
2012-05-02 11:00:00,0.791,0.899,0.986,0.986,1.0,0.646
2012-05-02 12:00:00,0.782,0.921,0.991,0.991,1.0,0.648
2012-05-02 13:00:00,0.805,0.947,0.994,0.994,1.0,0.647
2012-05-02 14:00:00,0.8,0.95,0.994,0.994,1.0,0.641
2012-05-02 15:00:00,0.82,0.95,0.995,0.995,1.0,0.641
2012-05-02 16:00:00,0.825,0.95,0.995,0.995,1.0,0.647
2012-05-02 17:00:00,0.831,0.95,0.994,0.994,1.0,0.655
2012-05-02 18:00:00,0.819,0.95,0.988,0.988,1.0,0.666
2012-05-02 19:00:00,0.779,0.95,0.971,0.971,0.999,0.691
2012-05-02 20:00:00,0.729,0.949,0.949,0.949,0.995,0.708
2012-05-02 21:00:00,0.7,0.939,0.893,0.893,0.99,0.733
2012-05-02 22:00:00,0.678,0.853,0.807,0.807,0.984,0.754
2012-05-02 23:00:00,0.724,0.676,0.787,0.787,0.99,0.755
2012-05-03 00:00:00,0.722,0.499,0.69,0.69,0.984,0.73
2012-05-03 01:00:00,0.678,0.319,0.61,0.61,0.949,0.665
2012-05-03 02:00:00,0.623,0.18,0.554,0.554,0.901,0.565
2012-05-03 03:00:00,0.596,0.088,0.493,0.493,0.847,0.446
2012-05-03 04:00:00,0.594,0.043,0.44,0.44,0.755,0.38
2012-05-03 05:00:00,0.592,0.026,0.392,0.392,0.7,0.331
2012-05-03 06:00:00,0.56,0.013,0.347,0.347,0.638,0.289
2012-05-03 07:00:00,0.502,0.009,0.328,0.328,0.613,0.261
2012-05-03 08:00:00,0.439,0.036,0.349,0.349,0.645,0.248
2012-05-03 09:00:00,0.414,0.067,0.452,0.452,0.702,0.24
2012-05-03 10:00:00,0.438,0.069,0.421,0.421,0.845,0.198
2012-05-03 11:00:00,0.592,0.03,0.412,0.412,0.824,0.16
2012-05-03 12:00:00,0.699,0.025,0.404,0.404,0.811,0.15
2012-05-03 13:00:00,0.759,0.04,0.382,0.382,0.816,0.131
2012-05-03 14:00:00,0.782,0.068,0.423,0.423,0.856,0.137
2012-05-03 15:00:00,0.776,0.05,0.428,0.428,0.91,0.148
2012-05-03 16:00:00,0.765,0.015,0.348,0.348,0.906,0.165
2012-05-03 17:00:00,0.772,0.011,0.286,0.286,0.859,0.189
2012-05-03 18:00:00,0.797,0.024,0.257,0.257,0.808,0.201
2012-05-03 19:00:00,0.809,0.023,0.226,0.226,0.78,0.201
2012-05-03 20:00:00,0.801,0.011,0.183,0.183,0.734,0.203
2012-05-03 21:00:00,0.751,0.004,0.14,0.14,0.642,0.214
2012-05-03 22:00:00,0.676,0.001,0.114,0.114,0.652,0.218
2012-05-03 23:00:00,0.589,0.0,0.086,0.086,0.521,0.227
2012-05-04 00:00:00,0.514,0.0,0.076,0.076,0.405,0.204
2012-05-04 01:00:00,0.426,0.0,0.068,0.068,0.328,0.184
2012-05-04 02:00:00,0.366,0.0,0.069,0.069,0.306,0.164
2012-05-04 03:00:00,0.347,0.0,0.071,0.071,0.297,0.159
2012-05-04 04:00:00,0.327,0.0,0.066,0.066,0.267,0.176
2012-05-04 05:00:00,0.33,0.0,0.067,0.067,0.201,0.192
2012-05-04 06:00:00,0.349,0.0,0.066,0.066,0.113,0.203
2012-05-04 07:00:00,0.352,0.002,0.053,0.053,0.048,0.195
2012-05-04 08:00:00,0.313,0.003,0.037,0.037,0.023,0.165
2012-05-04 09:00:00,0.247,0.002,0.036,0.036,0.02,0.144
2012-05-04 10:00:00,0.155,0.001,0.031,0.031,0.019,0.114
2012-05-04 11:00:00,0.073,0.0,0.046,0.046,0.034,0.058
2012-05-04 12:00:00,0.031,0.002,0.054,0.054,0.052,0.038
2012-05-04 13:00:00,0.019,0.001,0.071,0.071,0.051,0.03
2012-05-04 14:00:00,0.031,0.0,0.115,0.115,0.058,0.028
2012-05-04 15:00:00,0.048,0.003,0.15,0.15,0.063,0.026
2012-05-04 16:00:00,0.043,0.004,0.185,0.185,0.043,0.031
2012-05-04 17:00:00,0.028,0.008,0.294,0.294,0.031,0.049
2012-05-04 18:00:00,0.014,0.019,0.44,0.44,0.018,0.082
2012-05-04 19:00:00,0.011,0.027,0.591,0.591,0.011,0.127
2012-05-04 20:00:00,0.015,0.046,0.629,0.629,0.007,0.174
2012-05-04 21:00:00,0.021,0.075,0.602,0.602,0.006,0.206
2012-05-04 22:00:00,0.022,0.086,0.531,0.531,0.004,0.214
2012-05-04 23:00:00,0.03,0.096,0.465,0.465,0.007,0.179
2012-05-05 00:00:00,0.017,0.104,0.374,0.374,0.035,0.161
2012-05-05 01:00:00,0.013,0.107,0.276,0.276,0.158,0.144
2012-05-05 02:00:00,0.019,0.111,0.258,0.258,0.349,0.146
2012-05-05 03:00:00,0.034,0.106,0.168,0.168,0.304,0.126
2012-05-05 04:00:00,0.046,0.115,0.139,0.139,0.204,0.109
2012-05-05 05:00:00,0.053,0.131,0.129,0.129,0.181,0.092
2012-05-05 06:00:00,0.061,0.081,0.097,0.097,0.157,0.093
2012-05-05 07:00:00,0.063,0.144,0.112,0.112,0.197,0.094
2012-05-05 08:00:00,0.063,0.16,0.234,0.234,0.269,0.093
2012-05-05 09:00:00,0.07,0.226,0.389,0.389,0.308,0.107
2012-05-05 10:00:00,0.085,0.301,0.644,0.644,0.356,0.144
2012-05-05 11:00:00,0.111,0.271,0.641,0.641,0.213,0.244
2012-05-05 12:00:00,0.132,0.3,0.602,0.602,0.125,0.309
2012-05-05 13:00:00,0.131,0.284,0.604,0.604,0.091,0.338
2012-05-05 14:00:00,0.103,0.301,0.541,0.541,0.095,0.391
2012-05-05 15:00:00,0.094,0.339,0.421,0.421,0.153,0.443
2012-05-05 16:00:00,0.117,0.5,0.31,0.31,0.238,0.5
2012-05-05 17:00:00,0.151,0.503,0.261,0.261,0.217,0.557
2012-05-05 18:00:00,0.211,0.44,0.242,0.242,0.133,0.579
2012-05-05 19:00:00,0.289,0.514,0.255,0.255,0.099,0.592
2012-05-05 20:00:00,0.373,0.567,0.329,0.329,0.133,0.55
2012-05-05 21:00:00,0.424,0.577,0.467,0.467,0.21,0.526
2012-05-05 22:00:00,0.422,0.562,0.511,0.511,0.272,0.569
2012-05-05 23:00:00,0.413,0.579,0.503,0.503,0.403,0.618
2012-05-06 00:00:00,0.395,0.514,0.5,0.5,0.397,0.607
2012-05-06 01:00:00,0.386,0.573,0.508,0.508,0.326,0.565
2012-05-06 02:00:00,0.396,0.677,0.506,0.506,0.29,0.526
2012-05-06 03:00:00,0.389,0.653,0.518,0.518,0.304,0.496
2012-05-06 04:00:00,0.359,0.6,0.522,0.522,0.365,0.495
2012-05-06 05:00:00,0.353,0.619,0.577,0.577,0.413,0.485
2012-05-06 06:00:00,0.369,0.652,0.659,0.659,0.388,0.451
2012-05-06 07:00:00,0.349,0.74,0.697,0.697,0.349,0.429
2012-05-06 08:00:00,0.327,0.795,0.639,0.639,0.328,0.464
2012-05-06 09:00:00,0.314,0.772,0.588,0.588,0.378,0.484
2012-05-06 10:00:00,0.286,0.719,0.479,0.479,0.329,0.519
2012-05-06 11:00:00,0.222,0.645,0.527,0.527,0.272,0.486
2012-05-06 12:00:00,0.183,0.734,0.51,0.51,0.208,0.537
2012-05-06 13:00:00,0.139,0.814,0.516,0.516,0.224,0.544
2012-05-06 14:00:00,0.12,0.851,0.537,0.537,0.189,0.542
2012-05-06 15:00:00,0.126,0.853,0.524,0.524,0.174,0.533
2012-05-06 16:00:00,0.152,0.833,0.506,0.506,0.166,0.519
2012-05-06 17:00:00,0.175,0.796,0.391,0.391,0.168,0.5
2012-05-06 18:00:00,0.188,0.771,0.256,0.256,0.137,0.463
2012-05-06 19:00:00,0.194,0.656,0.159,0.159,0.1,0.396
2012-05-06 20:00:00,0.187,0.508,0.082,0.082,0.073,0.347
2012-05-06 21:00:00,0.17,0.447,0.057,0.057,0.071,0.325
2012-05-06 22:00:00,0.145,0.371,0.098,0.098,0.096,0.331
2012-05-06 23:00:00,0.117,0.222,0.107,0.107,0.139,0.335
2012-05-07 00:00:00,0.119,0.111,0.105,0.105,0.202,0.318
2012-05-07 01:00:00,0.102,0.033,0.13,0.13,0.19,0.314
2012-05-07 02:00:00,0.079,0.004,0.134,0.134,0.144,0.308
2012-05-07 03:00:00,0.064,0.0,0.122,0.122,0.089,0.274
2012-05-07 04:00:00,0.059,0.0,0.101,0.101,0.051,0.248
2012-05-07 05:00:00,0.056,0.001,0.08,0.08,0.038,0.19
2012-05-07 06:00:00,0.059,0.001,0.075,0.075,0.017,0.13
2012-05-07 07:00:00,0.066,0.0,0.082,0.082,0.004,0.095
2012-05-07 08:00:00,0.067,0.003,0.077,0.077,0.006,0.075
2012-05-07 09:00:00,0.053,0.084,0.064,0.064,0.014,0.052
2012-05-07 10:00:00,0.038,0.217,0.06,0.06,0.015,0.058
2012-05-07 11:00:00,0.013,0.423,0.055,0.055,0.033,0.053
2012-05-07 12:00:00,0.012,0.411,0.064,0.064,0.057,0.073
2012-05-07 13:00:00,0.014,0.445,0.104,0.104,0.096,0.09
2012-05-07 14:00:00,0.023,0.473,0.162,0.162,0.149,0.107
2012-05-07 15:00:00,0.032,0.496,0.227,0.227,0.169,0.132
2012-05-07 16:00:00,0.036,0.39,0.258,0.258,0.171,0.19
2012-05-07 17:00:00,0.037,0.244,0.284,0.284,0.18,0.235
2012-05-07 18:00:00,0.036,0.152,0.357,0.357,0.189,0.236
2012-05-07 19:00:00,0.036,0.134,0.371,0.371,0.195,0.252
2012-05-07 20:00:00,0.038,0.155,0.344,0.344,0.193,0.281
2012-05-07 21:00:00,0.036,0.167,0.349,0.349,0.205,0.306
2012-05-07 22:00:00,0.029,0.12,0.254,0.254,0.121,0.309
2012-05-07 23:00:00,0.025,0.062,0.221,0.221,0.085,0.255
2012-05-08 00:00:00,0.021,0.038,0.205,0.205,0.083,0.201
2012-05-08 01:00:00,0.02,0.01,0.168,0.168,0.085,0.178
2012-05-08 02:00:00,0.019,0.002,0.158,0.158,0.035,0.173
2012-05-08 03:00:00,0.013,0.002,0.155,0.155,0.018,0.172
2012-05-08 04:00:00,0.01,0.0,0.174,0.174,0.036,0.182
2012-05-08 05:00:00,0.007,0.003,0.196,0.196,0.043,0.207
2012-05-08 06:00:00,0.005,0.0,0.168,0.168,0.032,0.254
2012-05-08 07:00:00,0.004,0.003,0.139,0.139,0.023,0.246
2012-05-08 08:00:00,0.005,0.023,0.151,0.151,0.016,0.2
2012-05-08 09:00:00,0.004,0.031,0.184,0.184,0.016,0.178
2012-05-08 10:00:00,0.003,0.018,0.166,0.166,0.018,0.217
2012-05-08 11:00:00,0.003,0.056,0.146,0.146,0.012,0.228
2012-05-08 12:00:00,0.001,0.087,0.138,0.138,0.009,0.251
2012-05-08 13:00:00,0.002,0.12,0.154,0.154,0.008,0.274
2012-05-08 14:00:00,0.005,0.133,0.208,0.208,0.008,0.332
2012-05-08 15:00:00,0.007,0.15,0.277,0.277,0.008,0.445
2012-05-08 16:00:00,0.014,0.181,0.346,0.346,0.006,0.556
2012-05-08 17:00:00,0.036,0.204,0.371,0.371,0.004,0.626
2012-05-08 18:00:00,0.071,0.223,0.334,0.334,0.003,0.656
2012-05-08 19:00:00,0.106,0.235,0.299,0.299,0.002,0.655
2012-05-08 20:00:00,0.156,0.226,0.249,0.249,0.001,0.635
2012-05-08 21:00:00,0.25,0.205,0.172,0.172,0.001,0.557
2012-05-08 22:00:00,0.374,0.189,0.121,0.121,0.002,0.413
2012-05-08 23:00:00,0.416,0.223,0.069,0.069,0.006,0.277
2012-05-09 00:00:00,0.541,0.232,0.03,0.03,0.014,0.174
2012-05-09 01:00:00,0.646,0.218,0.012,0.012,0.034,0.105
2012-05-09 02:00:00,0.733,0.164,0.006,0.006,0.071,0.059
2012-05-09 03:00:00,0.776,0.106,0.005,0.005,0.146,0.037
2012-05-09 04:00:00,0.805,0.042,0.009,0.009,0.248,0.035
2012-05-09 05:00:00,0.824,0.006,0.013,0.013,0.322,0.037
2012-05-09 06:00:00,0.845,0.0,0.025,0.025,0.351,0.045
2012-05-09 07:00:00,0.865,0.002,0.039,0.039,0.383,0.056
2012-05-09 08:00:00,0.871,0.012,0.05,0.05,0.432,0.087
2012-05-09 09:00:00,0.872,0.034,0.063,0.063,0.456,0.118
2012-05-09 10:00:00,0.873,0.048,0.048,0.048,0.416,0.148
2012-05-09 11:00:00,0.805,0.017,0.049,0.049,0.414,0.16
2012-05-09 12:00:00,0.789,0.006,0.101,0.101,0.343,0.159
2012-05-09 13:00:00,0.716,0.0,0.198,0.198,0.216,0.18
2012-05-09 14:00:00,0.615,0.0,0.357,0.357,0.184,0.24
2012-05-09 15:00:00,0.502,0.0,0.575,0.575,0.239,0.339
2012-05-09 16:00:00,0.401,0.0,0.74,0.74,0.359,0.476
2012-05-09 17:00:00,0.329,0.0,0.82,0.82,0.407,0.624
2012-05-09 18:00:00,0.242,0.004,0.84,0.84,0.51,0.753
2012-05-09 19:00:00,0.163,0.051,0.855,0.855,0.721,0.809
2012-05-09 20:00:00,0.135,0.125,0.866,0.866,0.888,0.829
2012-05-09 21:00:00,0.13,0.19,0.855,0.855,0.952,0.851
2012-05-09 22:00:00,0.147,0.273,0.857,0.857,0.983,0.876
2012-05-09 23:00:00,0.151,0.366,0.84,0.84,0.974,0.899
2012-05-10 00:00:00,0.16,0.436,0.86,0.86,0.973,0.891
2012-05-10 01:00:00,0.142,0.498,0.879,0.879,0.972,0.872
2012-05-10 02:00:00,0.136,0.515,0.89,0.89,0.973,0.882
2012-05-10 03:00:00,0.145,0.447,0.909,0.909,0.981,0.899
2012-05-10 04:00:00,0.144,0.366,0.939,0.939,0.984,0.901
2012-05-10 05:00:00,0.134,0.335,0.951,0.951,0.983,0.893
2012-05-10 06:00:00,0.139,0.36,0.962,0.962,0.985,0.872
2012-05-10 07:00:00,0.154,0.432,0.958,0.958,0.979,0.849
2012-05-10 08:00:00,0.164,0.541,0.96,0.96,0.963,0.83
2012-05-10 09:00:00,0.174,0.684,0.967,0.967,0.94,0.827
2012-05-10 10:00:00,0.192,0.855,0.927,0.927,0.855,0.823
2012-05-10 11:00:00,0.214,0.878,0.943,0.943,0.879,0.819
2012-05-10 12:00:00,0.229,0.842,0.949,0.949,0.886,0.811
2012-05-10 13:00:00,0.249,0.806,0.943,0.943,0.925,0.799
2012-05-10 14:00:00,0.21,0.76,0.938,0.938,0.7,0.799
2012-05-10 15:00:00,0.177,0.754,0.901,0.901,0.654,0.798
2012-05-10 16:00:00,0.135,0.786,0.781,0.781,0.777,0.794
2012-05-10 17:00:00,0.093,0.817,0.604,0.604,0.865,0.807
2012-05-10 18:00:00,0.061,0.873,0.661,0.661,0.886,0.785
2012-05-10 19:00:00,0.037,0.92,0.775,0.775,0.811,0.763
2012-05-10 20:00:00,0.036,0.939,0.9,0.9,0.703,0.767
2012-05-10 21:00:00,0.034,0.939,0.882,0.882,0.654,0.746
2012-05-10 22:00:00,0.052,0.937,0.893,0.893,0.584,0.7
2012-05-10 23:00:00,0.063,0.947,0.842,0.842,0.292,0.576
2012-05-11 00:00:00,0.091,0.95,0.696,0.696,0.151,0.531
2012-05-11 01:00:00,0.162,0.95,0.502,0.502,0.123,0.437
2012-05-11 02:00:00,0.28,0.95,0.223,0.223,0.089,0.323
2012-05-11 03:00:00,0.455,0.949,0.07,0.07,0.085,0.205
2012-05-11 04:00:00,0.691,0.865,0.06,0.06,0.068,0.117
2012-05-11 05:00:00,0.829,0.508,0.084,0.084,0.151,0.072
2012-05-11 06:00:00,0.859,0.403,0.125,0.125,0.318,0.066
2012-05-11 07:00:00,0.88,0.408,0.186,0.186,0.419,0.093
2012-05-11 08:00:00,0.893,0.4,0.215,0.215,0.466,0.157
2012-05-11 09:00:00,0.895,0.436,0.197,0.197,0.475,0.245
2012-05-11 10:00:00,0.894,0.424,0.127,0.127,0.498,0.325
2012-05-11 11:00:00,0.911,0.291,0.15,0.15,0.672,0.396
2012-05-11 12:00:00,0.924,0.374,0.191,0.191,0.776,0.492
2012-05-11 13:00:00,0.933,0.496,0.237,0.237,0.807,0.584
2012-05-11 14:00:00,0.943,0.58,0.235,0.235,0.893,0.646
2012-05-11 15:00:00,0.946,0.642,0.249,0.249,0.963,0.681
2012-05-11 16:00:00,0.943,0.688,0.334,0.334,0.986,0.73
2012-05-11 17:00:00,0.945,0.755,0.549,0.549,0.996,0.789
2012-05-11 18:00:00,0.945,0.78,0.756,0.756,0.999,0.81
2012-05-11 19:00:00,0.943,0.739,0.893,0.893,1.0,0.768
2012-05-11 20:00:00,0.94,0.801,0.974,0.974,0.999,0.768
2012-05-11 21:00:00,0.933,0.861,0.99,0.99,0.999,0.803
2012-05-11 22:00:00,0.915,0.943,0.999,0.999,1.0,0.835
2012-05-11 23:00:00,0.932,0.95,1.0,1.0,0.995,0.799
2012-05-12 00:00:00,0.923,0.95,0.999,0.999,0.972,0.789
2012-05-12 01:00:00,0.905,0.95,0.998,0.998,0.925,0.783
2012-05-12 02:00:00,0.926,0.95,0.997,0.997,0.999,0.771
2012-05-12 03:00:00,0.948,0.95,0.994,0.994,1.0,0.729
2012-05-12 04:00:00,0.946,0.95,0.999,0.999,1.0,0.703
2012-05-12 05:00:00,0.944,0.95,1.0,1.0,1.0,0.708
2012-05-12 06:00:00,0.943,0.946,1.0,1.0,1.0,0.728
2012-05-12 07:00:00,0.944,0.95,0.999,0.999,0.999,0.736
2012-05-12 08:00:00,0.944,0.95,0.999,0.999,0.995,0.755
2012-05-12 09:00:00,0.944,0.95,0.999,0.999,0.994,0.767
2012-05-12 10:00:00,0.943,0.95,0.986,0.986,0.975,0.756
2012-05-12 11:00:00,0.922,0.95,0.958,0.958,0.976,0.745
2012-05-12 12:00:00,0.9,0.95,0.958,0.958,0.885,0.748
2012-05-12 13:00:00,0.854,0.95,0.933,0.933,0.886,0.743
2012-05-12 14:00:00,0.846,0.944,0.86,0.86,0.696,0.752
2012-05-12 15:00:00,0.814,0.93,0.768,0.768,0.646,0.759
2012-05-12 16:00:00,0.821,0.916,0.64,0.64,0.811,0.759
2012-05-12 17:00:00,0.858,0.863,0.664,0.664,0.859,0.759
2012-05-12 18:00:00,0.871,0.848,0.842,0.842,0.911,0.756
2012-05-12 19:00:00,0.866,0.828,0.954,0.954,0.978,0.756
2012-05-12 20:00:00,0.868,0.913,0.998,0.998,0.992,0.747
2012-05-12 21:00:00,0.873,0.95,0.999,0.999,0.991,0.745
2012-05-12 22:00:00,0.875,0.95,1.0,1.0,0.992,0.752
2012-05-12 23:00:00,0.874,0.95,0.999,0.999,0.981,0.758
2012-05-13 00:00:00,0.887,0.95,0.999,0.999,0.989,0.776
2012-05-13 01:00:00,0.894,0.95,1.0,1.0,0.991,0.797
2012-05-13 02:00:00,0.91,0.95,1.0,1.0,0.992,0.854
2012-05-13 03:00:00,0.921,0.95,1.0,1.0,0.995,0.916
2012-05-13 04:00:00,0.927,0.95,1.0,1.0,0.998,0.939
2012-05-13 05:00:00,0.931,0.95,1.0,1.0,0.999,0.944
2012-05-13 06:00:00,0.929,0.95,1.0,1.0,0.999,0.943
2012-05-13 07:00:00,0.934,0.95,1.0,1.0,1.0,0.948
2012-05-13 08:00:00,0.93,0.95,1.0,1.0,1.0,0.945
2012-05-13 09:00:00,0.926,0.95,1.0,1.0,1.0,0.941
2012-05-13 10:00:00,0.924,0.95,1.0,1.0,1.0,0.936
2012-05-13 11:00:00,0.916,0.95,1.0,1.0,1.0,0.931
2012-05-13 12:00:00,0.911,0.95,1.0,1.0,1.0,0.917
2012-05-13 13:00:00,0.917,0.95,1.0,1.0,1.0,0.901
2012-05-13 14:00:00,0.917,0.95,1.0,1.0,1.0,0.903
2012-05-13 15:00:00,0.912,0.95,1.0,1.0,1.0,0.887
2012-05-13 16:00:00,0.899,0.95,1.0,1.0,1.0,0.822
2012-05-13 17:00:00,0.875,0.949,1.0,1.0,1.0,0.756
2012-05-13 18:00:00,0.845,0.855,0.999,0.999,0.999,0.713
2012-05-13 19:00:00,0.786,0.519,0.996,0.996,0.997,0.665
2012-05-13 20:00:00,0.733,0.305,0.96,0.96,0.992,0.577
2012-05-13 21:00:00,0.665,0.415,0.79,0.79,0.983,0.492
2012-05-13 22:00:00,0.613,0.461,0.626,0.626,0.974,0.436
2012-05-13 23:00:00,0.479,0.441,0.457,0.457,0.909,0.365
2012-05-14 00:00:00,0.453,0.412,0.227,0.227,0.775,0.3
2012-05-14 01:00:00,0.387,0.356,0.075,0.075,0.695,0.224
2012-05-14 02:00:00,0.364,0.33,0.032,0.032,0.604,0.165
2012-05-14 03:00:00,0.418,0.335,0.023,0.023,0.464,0.125
2012-05-14 04:00:00,0.434,0.304,0.024,0.024,0.375,0.102
2012-05-14 05:00:00,0.462,0.23,0.027,0.027,0.311,0.092
2012-05-14 06:00:00,0.423,0.131,0.034,0.034,0.261,0.075
2012-05-14 07:00:00,0.358,0.057,0.036,0.036,0.24,0.08
2012-05-14 08:00:00,0.362,0.016,0.04,0.04,0.231,0.05
2012-05-14 09:00:00,0.412,0.002,0.055,0.055,0.216,0.032
2012-05-14 10:00:00,0.482,0.005,0.057,0.057,0.229,0.037
2012-05-14 11:00:00,0.553,0.014,0.093,0.093,0.269,0.066
2012-05-14 12:00:00,0.624,0.013,0.146,0.146,0.313,0.11
2012-05-14 13:00:00,0.664,0.013,0.166,0.166,0.321,0.176
2012-05-14 14:00:00,0.691,0.029,0.172,0.172,0.336,0.27
2012-05-14 15:00:00,0.715,0.041,0.196,0.196,0.303,0.383
2012-05-14 16:00:00,0.73,0.036,0.196,0.196,0.271,0.453
2012-05-14 17:00:00,0.737,0.019,0.181,0.181,0.226,0.489
2012-05-14 18:00:00,0.736,0.02,0.178,0.178,0.167,0.498
2012-05-14 19:00:00,0.733,0.028,0.17,0.17,0.133,0.497
2012-05-14 20:00:00,0.75,0.018,0.209,0.209,0.118,0.517
2012-05-14 21:00:00,0.777,0.035,0.244,0.244,0.124,0.548
2012-05-14 22:00:00,0.808,0.072,0.356,0.356,0.124,0.57
2012-05-14 23:00:00,0.853,0.174,0.332,0.332,0.155,0.595
2012-05-15 00:00:00,0.868,0.273,0.309,0.309,0.246,0.531
2012-05-15 01:00:00,0.881,0.314,0.298,0.298,0.336,0.51
2012-05-15 02:00:00,0.89,0.284,0.261,0.261,0.403,0.536
2012-05-15 03:00:00,0.903,0.282,0.235,0.235,0.466,0.574
2012-05-15 04:00:00,0.913,0.288,0.247,0.247,0.498,0.629
2012-05-15 05:00:00,0.916,0.279,0.257,0.257,0.511,0.692
2012-05-15 06:00:00,0.912,0.317,0.258,0.258,0.476,0.727
2012-05-15 07:00:00,0.906,0.369,0.254,0.254,0.411,0.766
2012-05-15 08:00:00,0.893,0.377,0.238,0.238,0.412,0.81
2012-05-15 09:00:00,0.875,0.356,0.205,0.205,0.42,0.838
2012-05-15 10:00:00,0.858,0.31,0.084,0.084,0.27,0.853
2012-05-15 11:00:00,0.785,0.207,0.045,0.045,0.201,0.756
2012-05-15 12:00:00,0.779,0.186,0.019,0.019,0.178,0.746
2012-05-15 13:00:00,0.769,0.153,0.008,0.008,0.206,0.733
2012-05-15 14:00:00,0.716,0.153,0.02,0.02,0.224,0.674
2012-05-15 15:00:00,0.625,0.204,0.034,0.034,0.268,0.571
2012-05-15 16:00:00,0.533,0.233,0.032,0.032,0.328,0.478
2012-05-15 17:00:00,0.464,0.238,0.028,0.028,0.409,0.431
2012-05-15 18:00:00,0.382,0.266,0.028,0.028,0.469,0.428
2012-05-15 19:00:00,0.294,0.367,0.035,0.035,0.46,0.445
2012-05-15 20:00:00,0.24,0.554,0.068,0.068,0.408,0.464
2012-05-15 21:00:00,0.201,0.743,0.195,0.195,0.355,0.475
2012-05-15 22:00:00,0.19,0.861,0.463,0.463,0.446,0.483
2012-05-15 23:00:00,0.149,0.924,0.62,0.62,0.597,0.509
2012-05-16 00:00:00,0.131,0.931,0.586,0.586,0.655,0.586
2012-05-16 01:00:00,0.131,0.907,0.496,0.496,0.664,0.665
2012-05-16 02:00:00,0.12,0.824,0.446,0.446,0.673,0.661
2012-05-16 03:00:00,0.104,0.702,0.45,0.45,0.664,0.622
2012-05-16 04:00:00,0.089,0.586,0.518,0.518,0.677,0.575
2012-05-16 05:00:00,0.082,0.526,0.553,0.553,0.688,0.556
2012-05-16 06:00:00,0.075,0.527,0.462,0.462,0.668,0.586
2012-05-16 07:00:00,0.069,0.49,0.323,0.323,0.613,0.624
2012-05-16 08:00:00,0.069,0.419,0.208,0.208,0.571,0.658
2012-05-16 09:00:00,0.071,0.352,0.191,0.191,0.53,0.657
2012-05-16 10:00:00,0.077,0.291,0.324,0.324,0.512,0.601
2012-05-16 11:00:00,0.107,0.26,0.369,0.369,0.469,0.467
2012-05-16 12:00:00,0.158,0.381,0.427,0.427,0.42,0.537
2012-05-16 13:00:00,0.208,0.505,0.623,0.623,0.337,0.634
2012-05-16 14:00:00,0.24,0.509,0.748,0.748,0.282,0.683
2012-05-16 15:00:00,0.269,0.412,0.732,0.732,0.247,0.704
2012-05-16 16:00:00,0.306,0.267,0.644,0.644,0.254,0.713
2012-05-16 17:00:00,0.361,0.166,0.605,0.605,0.284,0.724
2012-05-16 18:00:00,0.48,0.13,0.616,0.616,0.316,0.718
2012-05-16 19:00:00,0.645,0.133,0.543,0.543,0.321,0.708
2012-05-16 20:00:00,0.807,0.145,0.434,0.434,0.37,0.687
2012-05-16 21:00:00,0.875,0.169,0.341,0.341,0.517,0.644
2012-05-16 22:00:00,0.901,0.225,0.36,0.36,0.516,0.58
2012-05-16 23:00:00,0.89,0.39,0.229,0.229,0.562,0.507
2012-05-17 00:00:00,0.873,0.435,0.147,0.147,0.566,0.423
2012-05-17 01:00:00,0.846,0.304,0.084,0.084,0.534,0.376
2012-05-17 02:00:00,0.83,0.183,0.104,0.104,0.465,0.301
2012-05-17 03:00:00,0.829,0.171,0.16,0.16,0.171,0.229
2012-05-17 04:00:00,0.836,0.206,0.138,0.138,0.082,0.186
2012-05-17 05:00:00,0.848,0.188,0.093,0.093,0.051,0.144
2012-05-17 06:00:00,0.861,0.132,0.028,0.028,0.094,0.125
2012-05-17 07:00:00,0.868,0.049,0.014,0.014,0.204,0.116
2012-05-17 08:00:00,0.874,0.014,0.008,0.008,0.307,0.101
2012-05-17 09:00:00,0.877,0.027,0.005,0.005,0.301,0.095
2012-05-17 10:00:00,0.883,0.039,0.021,0.021,0.312,0.09
2012-05-17 11:00:00,0.89,0.035,0.055,0.055,0.282,0.053
2012-05-17 12:00:00,0.895,0.008,0.086,0.086,0.395,0.059
2012-05-17 13:00:00,0.904,0.013,0.119,0.119,0.502,0.077
2012-05-17 14:00:00,0.913,0.013,0.252,0.252,0.435,0.099
2012-05-17 15:00:00,0.919,0.004,0.44,0.44,0.39,0.148
2012-05-17 16:00:00,0.934,0.029,0.536,0.536,0.578,0.247
2012-05-17 17:00:00,0.944,0.095,0.571,0.571,0.851,0.364
2012-05-17 18:00:00,0.945,0.172,0.601,0.601,0.98,0.419
2012-05-17 19:00:00,0.942,0.242,0.717,0.717,0.995,0.449
2012-05-17 20:00:00,0.937,0.274,0.843,0.843,0.998,0.466
2012-05-17 21:00:00,0.931,0.345,0.935,0.935,0.998,0.481
2012-05-17 22:00:00,0.926,0.525,0.99,0.99,0.998,0.54
2012-05-17 23:00:00,0.929,0.731,0.991,0.991,0.994,0.636
2012-05-18 00:00:00,0.925,0.717,0.978,0.978,0.968,0.651
2012-05-18 01:00:00,0.918,0.709,0.949,0.949,0.941,0.678
2012-05-18 02:00:00,0.915,0.709,0.921,0.921,0.949,0.687
2012-05-18 03:00:00,0.919,0.711,0.926,0.926,0.959,0.695
2012-05-18 04:00:00,0.919,0.803,0.945,0.945,0.956,0.688
2012-05-18 05:00:00,0.908,0.872,0.966,0.966,0.96,0.678
2012-05-18 06:00:00,0.878,0.857,0.969,0.969,0.967,0.675
2012-05-18 07:00:00,0.822,0.845,0.961,0.961,0.946,0.682
2012-05-18 08:00:00,0.731,0.847,0.944,0.944,0.936,0.657
2012-05-18 09:00:00,0.645,0.806,0.94,0.94,0.915,0.636
2012-05-18 10:00:00,0.575,0.803,0.936,0.936,0.903,0.638
2012-05-18 11:00:00,0.37,0.772,0.949,0.949,0.892,0.638
2012-05-18 12:00:00,0.321,0.779,0.941,0.941,0.892,0.647
2012-05-18 13:00:00,0.258,0.837,0.941,0.941,0.916,0.652
2012-05-18 14:00:00,0.211,0.871,0.951,0.951,0.929,0.673
2012-05-18 15:00:00,0.181,0.89,0.961,0.961,0.938,0.703
2012-05-18 16:00:00,0.177,0.92,0.956,0.956,0.928,0.705
2012-05-18 17:00:00,0.16,0.926,0.963,0.963,0.924,0.694
2012-05-18 18:00:00,0.124,0.906,0.973,0.973,0.924,0.691
2012-05-18 19:00:00,0.098,0.915,0.964,0.964,0.898,0.689
2012-05-18 20:00:00,0.079,0.936,0.932,0.932,0.828,0.676
2012-05-18 21:00:00,0.062,0.94,0.875,0.875,0.71,0.649
2012-05-18 22:00:00,0.055,0.929,0.784,0.784,0.422,0.62
2012-05-18 23:00:00,0.049,0.902,0.755,0.755,0.382,0.539
2012-05-19 00:00:00,0.056,0.902,0.744,0.744,0.363,0.532
2012-05-19 01:00:00,0.06,0.913,0.704,0.704,0.334,0.528
2012-05-19 02:00:00,0.066,0.904,0.649,0.649,0.285,0.511
2012-05-19 03:00:00,0.084,0.875,0.638,0.638,0.245,0.473
2012-05-19 04:00:00,0.114,0.814,0.615,0.615,0.186,0.44
2012-05-19 05:00:00,0.164,0.708,0.456,0.456,0.162,0.403
2012-05-19 06:00:00,0.223,0.636,0.34,0.34,0.122,0.37
2012-05-19 07:00:00,0.271,0.609,0.265,0.265,0.096,0.364
2012-05-19 08:00:00,0.323,0.599,0.205,0.205,0.093,0.352
2012-05-19 09:00:00,0.393,0.562,0.16,0.16,0.078,0.348
2012-05-19 10:00:00,0.491,0.549,0.085,0.085,0.04,0.345
2012-05-19 11:00:00,0.538,0.429,0.05,0.05,0.019,0.296
2012-05-19 12:00:00,0.562,0.426,0.02,0.02,0.003,0.325
2012-05-19 13:00:00,0.637,0.393,0.004,0.004,0.001,0.373
2012-05-19 14:00:00,0.701,0.355,0.003,0.003,0.01,0.39
2012-05-19 15:00:00,0.714,0.275,0.032,0.032,0.045,0.36
2012-05-19 16:00:00,0.697,0.2,0.14,0.14,0.125,0.3
2012-05-19 17:00:00,0.679,0.148,0.236,0.236,0.29,0.241
2012-05-19 18:00:00,0.687,0.109,0.273,0.273,0.458,0.2
2012-05-19 19:00:00,0.693,0.08,0.303,0.303,0.508,0.202
2012-05-19 20:00:00,0.708,0.074,0.448,0.448,0.426,0.246
2012-05-19 21:00:00,0.705,0.114,0.647,0.647,0.365,0.276
2012-05-19 22:00:00,0.673,0.228,0.828,0.828,0.458,0.287
2012-05-19 23:00:00,0.618,0.441,0.768,0.768,0.661,0.348
2012-05-20 00:00:00,0.519,0.555,0.682,0.682,0.78,0.396
2012-05-20 01:00:00,0.483,0.619,0.606,0.606,0.849,0.446
2012-05-20 02:00:00,0.345,0.627,0.61,0.61,0.874,0.438
2012-05-20 03:00:00,0.259,0.612,0.692,0.692,0.859,0.419
2012-05-20 04:00:00,0.226,0.558,0.759,0.759,0.851,0.411
2012-05-20 05:00:00,0.177,0.529,0.757,0.757,0.798,0.458
2012-05-20 06:00:00,0.133,0.541,0.75,0.75,0.728,0.504
2012-05-20 07:00:00,0.112,0.64,0.729,0.729,0.608,0.553
2012-05-20 08:00:00,0.112,0.71,0.714,0.714,0.516,0.586
2012-05-20 09:00:00,0.126,0.743,0.727,0.727,0.456,0.603
2012-05-20 10:00:00,0.135,0.736,0.705,0.705,0.262,0.618
2012-05-20 11:00:00,0.128,0.828,0.692,0.692,0.23,0.625
2012-05-20 12:00:00,0.146,0.787,0.705,0.705,0.193,0.658
2012-05-20 13:00:00,0.134,0.718,0.686,0.686,0.159,0.673
2012-05-20 14:00:00,0.112,0.653,0.598,0.598,0.114,0.688
2012-05-20 15:00:00,0.086,0.63,0.535,0.535,0.089,0.712
2012-05-20 16:00:00,0.069,0.657,0.517,0.517,0.085,0.73
2012-05-20 17:00:00,0.056,0.666,0.527,0.527,0.091,0.727
2012-05-20 18:00:00,0.052,0.663,0.649,0.649,0.122,0.719
2012-05-20 19:00:00,0.046,0.672,0.801,0.801,0.193,0.723
2012-05-20 20:00:00,0.041,0.736,0.875,0.875,0.315,0.737
2012-05-20 21:00:00,0.036,0.805,0.867,0.867,0.424,0.748
2012-05-20 22:00:00,0.033,0.844,0.874,0.874,0.605,0.748
2012-05-20 23:00:00,0.044,0.907,0.807,0.807,0.627,0.747
2012-05-21 00:00:00,0.049,0.872,0.735,0.735,0.591,0.738
2012-05-21 01:00:00,0.045,0.785,0.686,0.686,0.573,0.702
2012-05-21 02:00:00,0.038,0.65,0.66,0.66,0.585,0.656
2012-05-21 03:00:00,0.032,0.481,0.592,0.592,0.552,0.621
2012-05-21 04:00:00,0.032,0.331,0.51,0.51,0.48,0.558
2012-05-21 05:00:00,0.048,0.274,0.401,0.401,0.405,0.467
2012-05-21 06:00:00,0.081,0.302,0.289,0.289,0.376,0.385
2012-05-21 07:00:00,0.131,0.347,0.207,0.207,0.309,0.338
2012-05-21 08:00:00,0.181,0.353,0.185,0.185,0.22,0.315
2012-05-21 09:00:00,0.219,0.319,0.214,0.214,0.158,0.308
2012-05-21 10:00:00,0.244,0.274,0.266,0.266,0.297,0.307
2012-05-21 11:00:00,0.25,0.272,0.264,0.264,0.303,0.304
2012-05-21 12:00:00,0.276,0.289,0.331,0.331,0.291,0.286
2012-05-21 13:00:00,0.342,0.337,0.5,0.5,0.326,0.264
2012-05-21 14:00:00,0.353,0.364,0.732,0.732,0.388,0.281
2012-05-21 15:00:00,0.333,0.357,0.92,0.92,0.563,0.296
2012-05-21 16:00:00,0.359,0.328,0.957,0.957,0.711,0.349
2012-05-21 17:00:00,0.434,0.253,0.97,0.97,0.712,0.425
2012-05-21 18:00:00,0.515,0.208,0.944,0.944,0.598,0.477
2012-05-21 19:00:00,0.594,0.208,0.879,0.879,0.648,0.497
2012-05-21 20:00:00,0.644,0.252,0.805,0.805,0.829,0.516
2012-05-21 21:00:00,0.653,0.283,0.772,0.772,0.931,0.549
2012-05-21 22:00:00,0.656,0.271,0.726,0.726,0.928,0.592
2012-05-21 23:00:00,0.659,0.415,0.643,0.643,0.872,0.652
2012-05-22 00:00:00,0.676,0.462,0.549,0.549,0.811,0.586
2012-05-22 01:00:00,0.671,0.588,0.506,0.506,0.762,0.469
2012-05-22 02:00:00,0.673,0.82,0.544,0.544,0.723,0.405
2012-05-22 03:00:00,0.66,0.776,0.546,0.546,0.719,0.391
2012-05-22 04:00:00,0.645,0.635,0.478,0.478,0.73,0.394
2012-05-22 05:00:00,0.653,0.563,0.406,0.406,0.708,0.369
2012-05-22 06:00:00,0.654,0.564,0.345,0.345,0.714,0.354
2012-05-22 07:00:00,0.642,0.576,0.329,0.329,0.683,0.325
2012-05-22 08:00:00,0.674,0.595,0.415,0.415,0.623,0.314
2012-05-22 09:00:00,0.722,0.577,0.553,0.553,0.631,0.33
2012-05-22 10:00:00,0.733,0.484,0.47,0.47,0.651,0.363
2012-05-22 11:00:00,0.71,0.408,0.515,0.515,0.717,0.359
2012-05-22 12:00:00,0.693,0.396,0.564,0.564,0.713,0.374
2012-05-22 13:00:00,0.688,0.454,0.645,0.645,0.727,0.386
2012-05-22 14:00:00,0.705,0.513,0.732,0.732,0.718,0.41
2012-05-22 15:00:00,0.724,0.492,0.728,0.728,0.68,0.437
2012-05-22 16:00:00,0.725,0.479,0.676,0.676,0.624,0.457
2012-05-22 17:00:00,0.731,0.506,0.642,0.642,0.634,0.446
2012-05-22 18:00:00,0.763,0.614,0.586,0.586,0.704,0.431
2012-05-22 19:00:00,0.789,0.725,0.5,0.5,0.816,0.436
2012-05-22 20:00:00,0.805,0.71,0.473,0.473,0.927,0.417
2012-05-22 21:00:00,0.835,0.565,0.424,0.424,0.959,0.417
2012-05-22 22:00:00,0.851,0.401,0.329,0.329,0.883,0.415
2012-05-22 23:00:00,0.869,0.299,0.276,0.276,0.758,0.4
2012-05-23 00:00:00,0.862,0.152,0.257,0.257,0.64,0.382
2012-05-23 01:00:00,0.816,0.057,0.212,0.212,0.518,0.383
2012-05-23 02:00:00,0.757,0.029,0.187,0.187,0.46,0.415
2012-05-23 03:00:00,0.728,0.056,0.144,0.144,0.479,0.489
2012-05-23 04:00:00,0.696,0.112,0.14,0.14,0.451,0.563
2012-05-23 05:00:00,0.654,0.196,0.19,0.19,0.362,0.591
2012-05-23 06:00:00,0.643,0.261,0.272,0.272,0.246,0.585
2012-05-23 07:00:00,0.655,0.279,0.294,0.294,0.18,0.541
2012-05-23 08:00:00,0.669,0.261,0.29,0.29,0.244,0.495
2012-05-23 09:00:00,0.658,0.209,0.336,0.336,0.481,0.444
2012-05-23 10:00:00,0.636,0.143,0.495,0.495,0.788,0.452
2012-05-23 11:00:00,0.694,0.023,0.663,0.663,0.923,0.475
2012-05-23 12:00:00,0.678,0.061,0.814,0.814,0.983,0.614
2012-05-23 13:00:00,0.649,0.215,0.92,0.92,0.998,0.705
2012-05-23 14:00:00,0.635,0.385,0.98,0.98,1.0,0.753
2012-05-23 15:00:00,0.661,0.47,0.993,0.993,1.0,0.775
2012-05-23 16:00:00,0.688,0.459,0.992,0.992,1.0,0.789
2012-05-23 17:00:00,0.726,0.647,0.987,0.987,1.0,0.797
2012-05-23 18:00:00,0.746,0.843,0.985,0.985,1.0,0.808
2012-05-23 19:00:00,0.768,0.785,0.982,0.982,1.0,0.82
2012-05-23 20:00:00,0.8,0.713,0.95,0.95,1.0,0.829
2012-05-23 21:00:00,0.799,0.829,0.852,0.852,0.999,0.829
2012-05-23 22:00:00,0.743,0.887,0.925,0.925,0.999,0.82
2012-05-23 23:00:00,0.794,0.922,0.92,0.92,0.992,0.845
2012-05-24 00:00:00,0.717,0.914,0.909,0.909,0.982,0.819
2012-05-24 01:00:00,0.629,0.908,0.917,0.917,0.973,0.785
2012-05-24 02:00:00,0.564,0.906,0.919,0.919,0.966,0.751
2012-05-24 03:00:00,0.54,0.907,0.911,0.911,0.979,0.714
2012-05-24 04:00:00,0.571,0.918,0.918,0.918,0.983,0.693
2012-05-24 05:00:00,0.619,0.938,0.936,0.936,0.982,0.679
2012-05-24 06:00:00,0.669,0.948,0.957,0.957,0.984,0.662
2012-05-24 07:00:00,0.721,0.949,0.971,0.971,0.99,0.648
2012-05-24 08:00:00,0.752,0.949,0.974,0.974,0.994,0.635
2012-05-24 09:00:00,0.743,0.949,0.969,0.969,0.996,0.621
2012-05-24 10:00:00,0.693,0.95,0.987,0.987,0.998,0.62
2012-05-24 11:00:00,0.675,0.95,0.991,0.991,0.998,0.613
2012-05-24 12:00:00,0.689,0.95,0.996,0.996,0.999,0.617
2012-05-24 13:00:00,0.723,0.95,0.999,0.999,1.0,0.619
2012-05-24 14:00:00,0.734,0.95,1.0,1.0,1.0,0.619
2012-05-24 15:00:00,0.75,0.95,1.0,1.0,1.0,0.62
2012-05-24 16:00:00,0.77,0.95,1.0,1.0,1.0,0.615
2012-05-24 17:00:00,0.816,0.95,1.0,1.0,1.0,0.605
2012-05-24 18:00:00,0.87,0.95,0.999,0.999,1.0,0.597
2012-05-24 19:00:00,0.926,0.95,0.998,0.998,0.999,0.601
2012-05-24 20:00:00,0.944,0.95,0.996,0.996,0.995,0.6
2012-05-24 21:00:00,0.943,0.95,0.989,0.989,0.986,0.585
2012-05-24 22:00:00,0.939,0.95,0.987,0.987,0.987,0.568
2012-05-24 23:00:00,0.937,0.95,0.973,0.973,0.96,0.558
2012-05-25 00:00:00,0.927,0.948,0.957,0.957,0.92,0.552
2012-05-25 01:00:00,0.913,0.902,0.935,0.935,0.876,0.541
2012-05-25 02:00:00,0.901,0.774,0.89,0.89,0.833,0.523
2012-05-25 03:00:00,0.885,0.766,0.859,0.859,0.827,0.484
2012-05-25 04:00:00,0.865,0.872,0.86,0.86,0.855,0.416
2012-05-25 05:00:00,0.86,0.906,0.882,0.882,0.868,0.37
2012-05-25 06:00:00,0.866,0.897,0.896,0.896,0.844,0.361
2012-05-25 07:00:00,0.862,0.863,0.862,0.862,0.825,0.354
2012-05-25 08:00:00,0.853,0.814,0.834,0.834,0.858,0.341
2012-05-25 09:00:00,0.842,0.827,0.823,0.823,0.908,0.335
2012-05-25 10:00:00,0.83,0.864,0.734,0.734,0.89,0.329
2012-05-25 11:00:00,0.831,0.787,0.691,0.691,0.88,0.271
2012-05-25 12:00:00,0.813,0.716,0.631,0.631,0.883,0.236
2012-05-25 13:00:00,0.805,0.709,0.615,0.615,0.875,0.209
2012-05-25 14:00:00,0.802,0.801,0.635,0.635,0.853,0.19
2012-05-25 15:00:00,0.802,0.885,0.662,0.662,0.838,0.185
2012-05-25 16:00:00,0.796,0.917,0.67,0.67,0.803,0.194
2012-05-25 17:00:00,0.791,0.928,0.655,0.655,0.723,0.208
2012-05-25 18:00:00,0.772,0.929,0.605,0.605,0.64,0.219
2012-05-25 19:00:00,0.739,0.923,0.585,0.585,0.577,0.215
2012-05-25 20:00:00,0.693,0.924,0.587,0.587,0.544,0.213
2012-05-25 21:00:00,0.649,0.899,0.592,0.592,0.505,0.222
2012-05-25 22:00:00,0.592,0.828,0.581,0.581,0.377,0.236
2012-05-25 23:00:00,0.564,0.757,0.581,0.581,0.374,0.226
2012-05-26 00:00:00,0.459,0.665,0.557,0.557,0.341,0.251
2012-05-26 01:00:00,0.341,0.619,0.495,0.495,0.292,0.251
2012-05-26 02:00:00,0.244,0.576,0.429,0.429,0.239,0.212
2012-05-26 03:00:00,0.173,0.486,0.399,0.399,0.22,0.152
2012-05-26 04:00:00,0.153,0.382,0.368,0.368,0.204,0.112
2012-05-26 05:00:00,0.152,0.294,0.354,0.354,0.2,0.093
2012-05-26 06:00:00,0.142,0.268,0.378,0.378,0.229,0.095
2012-05-26 07:00:00,0.142,0.272,0.416,0.416,0.316,0.108
2012-05-26 08:00:00,0.172,0.303,0.417,0.417,0.392,0.123
2012-05-26 09:00:00,0.239,0.329,0.418,0.418,0.442,0.13
2012-05-26 10:00:00,0.327,0.324,0.313,0.313,0.462,0.129
2012-05-26 11:00:00,0.463,0.253,0.307,0.307,0.536,0.112
2012-05-26 12:00:00,0.482,0.225,0.295,0.295,0.608,0.092
2012-05-26 13:00:00,0.525,0.251,0.288,0.288,0.679,0.074
2012-05-26 14:00:00,0.585,0.311,0.302,0.302,0.696,0.064
2012-05-26 15:00:00,0.618,0.357,0.318,0.318,0.676,0.057
2012-05-26 16:00:00,0.631,0.396,0.321,0.321,0.627,0.06
2012-05-26 17:00:00,0.634,0.475,0.316,0.316,0.57,0.093
2012-05-26 18:00:00,0.635,0.563,0.284,0.284,0.519,0.114
2012-05-26 19:00:00,0.612,0.648,0.246,0.246,0.501,0.104
2012-05-26 20:00:00,0.575,0.65,0.198,0.198,0.478,0.078
2012-05-26 21:00:00,0.53,0.571,0.139,0.139,0.417,0.074
2012-05-26 22:00:00,0.484,0.487,0.124,0.124,0.363,0.114
2012-05-26 23:00:00,0.417,0.418,0.087,0.087,0.223,0.17
2012-05-27 00:00:00,0.276,0.326,0.089,0.089,0.138,0.218
2012-05-27 01:00:00,0.163,0.203,0.087,0.087,0.088,0.225
2012-05-27 02:00:00,0.129,0.108,0.068,0.068,0.054,0.223
2012-05-27 03:00:00,0.134,0.054,0.043,0.043,0.032,0.221
2012-05-27 04:00:00,0.144,0.021,0.029,0.029,0.018,0.217
2012-05-27 05:00:00,0.143,0.001,0.032,0.032,0.008,0.209
2012-05-27 06:00:00,0.12,0.0,0.047,0.047,0.005,0.196
2012-05-27 07:00:00,0.088,0.0,0.037,0.037,0.007,0.181
2012-05-27 08:00:00,0.057,0.011,0.029,0.029,0.008,0.167
2012-05-27 09:00:00,0.033,0.073,0.062,0.062,0.009,0.157
2012-05-27 10:00:00,0.024,0.127,0.135,0.135,0.017,0.153
2012-05-27 11:00:00,0.025,0.07,0.07,0.07,0.033,0.124
2012-05-27 12:00:00,0.024,0.113,0.067,0.067,0.049,0.095
2012-05-27 13:00:00,0.025,0.095,0.112,0.112,0.045,0.062
2012-05-27 14:00:00,0.026,0.219,0.114,0.114,0.098,0.048
2012-05-27 15:00:00,0.035,0.314,0.12,0.12,0.106,0.05
2012-05-27 16:00:00,0.048,0.305,0.208,0.208,0.064,0.061
2012-05-27 17:00:00,0.07,0.361,0.211,0.211,0.101,0.08
2012-05-27 18:00:00,0.094,0.449,0.141,0.141,0.212,0.098
2012-05-27 19:00:00,0.116,0.561,0.096,0.096,0.292,0.117
2012-05-27 20:00:00,0.135,0.651,0.096,0.096,0.303,0.138
2012-05-27 21:00:00,0.159,0.709,0.128,0.128,0.27,0.152
2012-05-27 22:00:00,0.172,0.699,0.194,0.194,0.336,0.162
2012-05-27 23:00:00,0.192,0.626,0.174,0.174,0.334,0.207
2012-05-28 00:00:00,0.186,0.478,0.092,0.092,0.277,0.181
2012-05-28 01:00:00,0.194,0.298,0.059,0.059,0.198,0.118
2012-05-28 02:00:00,0.205,0.234,0.064,0.064,0.131,0.072
2012-05-28 03:00:00,0.179,0.26,0.108,0.108,0.088,0.066
2012-05-28 04:00:00,0.137,0.304,0.112,0.112,0.069,0.09
2012-05-28 05:00:00,0.108,0.307,0.097,0.097,0.075,0.124
2012-05-28 06:00:00,0.096,0.266,0.1,0.1,0.096,0.135
2012-05-28 07:00:00,0.1,0.246,0.103,0.103,0.122,0.118
2012-05-28 08:00:00,0.089,0.235,0.087,0.087,0.118,0.089
2012-05-28 09:00:00,0.05,0.177,0.06,0.06,0.107,0.056
2012-05-28 10:00:00,0.023,0.108,0.022,0.022,0.057,0.027
2012-05-28 11:00:00,0.006,0.044,0.025,0.025,0.054,0.013
2012-05-28 12:00:00,0.01,0.044,0.03,0.03,0.074,0.019
2012-05-28 13:00:00,0.024,0.051,0.028,0.028,0.097,0.024
2012-05-28 14:00:00,0.034,0.065,0.027,0.027,0.1,0.035
2012-05-28 15:00:00,0.033,0.076,0.029,0.029,0.073,0.055
2012-05-28 16:00:00,0.022,0.069,0.027,0.027,0.044,0.084
2012-05-28 17:00:00,0.014,0.054,0.023,0.023,0.024,0.132
2012-05-28 18:00:00,0.009,0.048,0.016,0.016,0.014,0.193
2012-05-28 19:00:00,0.009,0.041,0.009,0.009,0.007,0.234
2012-05-28 20:00:00,0.014,0.028,0.004,0.004,0.004,0.249
2012-05-28 21:00:00,0.02,0.007,0.002,0.002,0.003,0.258
2012-05-28 22:00:00,0.025,0.001,0.003,0.003,0.002,0.272
2012-05-28 23:00:00,0.035,0.016,0.004,0.004,0.004,0.291
2012-05-29 00:00:00,0.032,0.022,0.011,0.011,0.012,0.265
2012-05-29 01:00:00,0.028,0.028,0.036,0.036,0.039,0.223
2012-05-29 02:00:00,0.026,0.049,0.084,0.084,0.091,0.265
2012-05-29 03:00:00,0.027,0.062,0.146,0.146,0.159,0.337
2012-05-29 04:00:00,0.032,0.056,0.226,0.226,0.229,0.37
2012-05-29 05:00:00,0.039,0.071,0.293,0.293,0.346,0.361
2012-05-29 06:00:00,0.049,0.128,0.338,0.338,0.452,0.363
2012-05-29 07:00:00,0.068,0.192,0.394,0.394,0.49,0.373
2012-05-29 08:00:00,0.088,0.259,0.475,0.475,0.555,0.398
2012-05-29 09:00:00,0.105,0.36,0.57,0.57,0.644,0.443
2012-05-29 10:00:00,0.107,0.466,0.595,0.595,0.633,0.492
2012-05-29 11:00:00,0.094,0.508,0.676,0.676,0.703,0.481
2012-05-29 12:00:00,0.1,0.607,0.789,0.789,0.789,0.554
2012-05-29 13:00:00,0.139,0.694,0.88,0.88,0.863,0.617
2012-05-29 14:00:00,0.193,0.73,0.935,0.935,0.921,0.634
2012-05-29 15:00:00,0.233,0.783,0.956,0.956,0.943,0.643
2012-05-29 16:00:00,0.273,0.803,0.965,0.965,0.949,0.652
2012-05-29 17:00:00,0.303,0.774,0.966,0.966,0.967,0.629
2012-05-29 18:00:00,0.34,0.743,0.959,0.959,0.965,0.597
2012-05-29 19:00:00,0.362,0.701,0.939,0.939,0.931,0.568
2012-05-29 20:00:00,0.366,0.513,0.902,0.902,0.831,0.559
2012-05-29 21:00:00,0.388,0.223,0.778,0.778,0.738,0.51
2012-05-29 22:00:00,0.427,0.068,0.498,0.498,0.764,0.481
2012-05-29 23:00:00,0.492,0.08,0.245,0.245,0.785,0.518
2012-05-30 00:00:00,0.56,0.22,0.101,0.101,0.828,0.545
2012-05-30 01:00:00,0.617,0.476,0.027,0.027,0.849,0.518
2012-05-30 02:00:00,0.691,0.639,0.005,0.005,0.859,0.498
2012-05-30 03:00:00,0.761,0.662,0.002,0.002,0.881,0.498
2012-05-30 04:00:00,0.805,0.677,0.001,0.001,0.899,0.516
2012-05-30 05:00:00,0.825,0.769,0.006,0.006,0.905,0.568
2012-05-30 06:00:00,0.805,0.819,0.034,0.034,0.869,0.629
2012-05-30 07:00:00,0.739,0.787,0.074,0.074,0.796,0.612
2012-05-30 08:00:00,0.6,0.705,0.093,0.093,0.759,0.578
2012-05-30 09:00:00,0.456,0.58,0.067,0.067,0.686,0.54
2012-05-30 10:00:00,0.343,0.444,0.159,0.159,0.226,0.567
2012-05-30 11:00:00,0.225,0.35,0.39,0.39,0.082,0.628
2012-05-30 12:00:00,0.217,0.291,0.715,0.715,0.138,0.556
2012-05-30 13:00:00,0.255,0.331,0.746,0.746,0.821,0.478
2012-05-30 14:00:00,0.249,0.399,0.639,0.639,0.917,0.43
2012-05-30 15:00:00,0.217,0.555,0.533,0.533,0.769,0.379
2012-05-30 16:00:00,0.187,0.759,0.491,0.491,0.497,0.311
2012-05-30 17:00:00,0.186,0.903,0.394,0.394,0.256,0.232
2012-05-30 18:00:00,0.217,0.947,0.233,0.233,0.121,0.15
2012-05-30 19:00:00,0.225,0.946,0.128,0.128,0.063,0.096
2012-05-30 20:00:00,0.214,0.892,0.11,0.11,0.029,0.069
2012-05-30 21:00:00,0.221,0.772,0.079,0.079,0.007,0.059
2012-05-30 22:00:00,0.236,0.705,0.039,0.039,0.002,0.067
2012-05-30 23:00:00,0.186,0.722,0.037,0.037,0.005,0.114
2012-05-31 00:00:00,0.236,0.658,0.089,0.089,0.009,0.195
2012-05-31 01:00:00,0.271,0.565,0.167,0.167,0.013,0.296
2012-05-31 02:00:00,0.297,0.464,0.269,0.269,0.015,0.358
2012-05-31 03:00:00,0.35,0.41,0.357,0.357,0.013,0.385
2012-05-31 04:00:00,0.385,0.489,0.365,0.365,0.013,0.386
2012-05-31 05:00:00,0.398,0.589,0.383,0.383,0.018,0.348
2012-05-31 06:00:00,0.365,0.543,0.442,0.442,0.021,0.328
2012-05-31 07:00:00,0.329,0.427,0.492,0.492,0.023,0.3
2012-05-31 08:00:00,0.281,0.337,0.449,0.449,0.024,0.268
2012-05-31 09:00:00,0.237,0.261,0.376,0.376,0.019,0.238
2012-05-31 10:00:00,0.196,0.183,0.222,0.222,0.033,0.208
2012-05-31 11:00:00,0.106,0.131,0.202,0.202,0.038,0.142
2012-05-31 12:00:00,0.109,0.09,0.197,0.197,0.032,0.13
2012-05-31 13:00:00,0.107,0.071,0.174,0.174,0.024,0.143
2012-05-31 14:00:00,0.111,0.048,0.138,0.138,0.028,0.158
2012-05-31 15:00:00,0.123,0.026,0.114,0.114,0.06,0.164
2012-05-31 16:00:00,0.132,0.01,0.085,0.085,0.13,0.172
2012-05-31 17:00:00,0.131,0.002,0.056,0.056,0.201,0.18
2012-05-31 18:00:00,0.125,0.0,0.029,0.029,0.216,0.178
2012-05-31 19:00:00,0.11,0.0,0.01,0.01,0.205,0.157
2012-05-31 20:00:00,0.086,0.0,0.004,0.004,0.202,0.122
2012-05-31 21:00:00,0.075,0.0,0.012,0.012,0.222,0.115
2012-05-31 22:00:00,0.08,0.0,0.042,0.042,0.358,0.119
2012-05-31 23:00:00,0.045,0.003,0.102,0.102,0.367,0.133
2012-06-01 00:00:00,0.055,0.029,0.154,0.154,0.379,0.15
2012-06-01 01:00:00,0.061,0.089,0.153,0.153,0.358,0.157
2012-06-01 02:00:00,0.066,0.2,0.141,0.141,0.348,0.145
2012-06-01 03:00:00,0.073,0.279,0.137,0.137,0.336,0.129
2012-06-01 04:00:00,0.076,0.264,0.127,0.127,0.303,0.122
2012-06-01 05:00:00,0.071,0.227,0.147,0.147,0.226,0.116
2012-06-01 06:00:00,0.069,0.229,0.175,0.175,0.161,0.115
2012-06-01 07:00:00,0.068,0.277,0.195,0.195,0.189,0.134
2012-06-01 08:00:00,0.065,0.296,0.213,0.213,0.274,0.145
2012-06-01 09:00:00,0.047,0.244,0.249,0.249,0.309,0.137
2012-06-01 10:00:00,0.037,0.199,0.278,0.278,0.306,0.123
2012-06-01 11:00:00,0.036,0.15,0.309,0.309,0.264,0.15
2012-06-01 12:00:00,0.037,0.164,0.342,0.342,0.26,0.186
2012-06-01 13:00:00,0.038,0.134,0.356,0.356,0.257,0.218
2012-06-01 14:00:00,0.033,0.118,0.378,0.378,0.237,0.225
2012-06-01 15:00:00,0.024,0.15,0.467,0.467,0.112,0.243
2012-06-01 16:00:00,0.026,0.179,0.487,0.487,0.038,0.297
2012-06-01 17:00:00,0.04,0.158,0.382,0.382,0.021,0.331
2012-06-01 18:00:00,0.082,0.185,0.3,0.3,0.015,0.341
2012-06-01 19:00:00,0.149,0.2,0.201,0.201,0.016,0.322
2012-06-01 20:00:00,0.22,0.199,0.133,0.133,0.039,0.274
2012-06-01 21:00:00,0.306,0.168,0.128,0.128,0.068,0.23
2012-06-01 22:00:00,0.366,0.156,0.115,0.115,0.055,0.206
2012-06-01 23:00:00,0.383,0.164,0.094,0.094,0.047,0.189
2012-06-02 00:00:00,0.498,0.173,0.053,0.053,0.014,0.159
2012-06-02 01:00:00,0.616,0.184,0.031,0.031,0.007,0.152
2012-06-02 02:00:00,0.677,0.167,0.02,0.02,0.008,0.137
2012-06-02 03:00:00,0.756,0.126,0.018,0.018,0.019,0.123
2012-06-02 04:00:00,0.797,0.107,0.017,0.017,0.087,0.119
2012-06-02 05:00:00,0.835,0.097,0.024,0.024,0.312,0.117
2012-06-02 06:00:00,0.849,0.092,0.043,0.043,0.587,0.128
2012-06-02 07:00:00,0.859,0.104,0.088,0.088,0.715,0.165
2012-06-02 08:00:00,0.865,0.102,0.161,0.161,0.778,0.191
2012-06-02 09:00:00,0.858,0.1,0.285,0.285,0.872,0.231
2012-06-02 10:00:00,0.843,0.102,0.473,0.473,0.901,0.289
2012-06-02 11:00:00,0.8,0.048,0.615,0.615,0.963,0.343
2012-06-02 12:00:00,0.786,0.037,0.675,0.675,0.978,0.352
2012-06-02 13:00:00,0.801,0.044,0.764,0.764,0.994,0.375
2012-06-02 14:00:00,0.821,0.064,0.89,0.89,0.999,0.459
2012-06-02 15:00:00,0.832,0.104,0.962,0.962,1.0,0.585
2012-06-02 16:00:00,0.829,0.136,0.985,0.985,1.0,0.664
2012-06-02 17:00:00,0.831,0.215,0.993,0.993,1.0,0.694
2012-06-02 18:00:00,0.846,0.215,0.999,0.999,1.0,0.704
2012-06-02 19:00:00,0.851,0.185,0.998,0.998,1.0,0.677
2012-06-02 20:00:00,0.844,0.205,0.999,0.999,1.0,0.646
2012-06-02 21:00:00,0.828,0.247,0.999,0.999,1.0,0.638
2012-06-02 22:00:00,0.808,0.274,0.994,0.994,1.0,0.653
2012-06-02 23:00:00,0.795,0.199,0.968,0.968,1.0,0.769
2012-06-03 00:00:00,0.722,0.055,0.978,0.978,0.999,0.783
2012-06-03 01:00:00,0.716,0.015,0.99,0.99,0.994,0.79
2012-06-03 02:00:00,0.692,0.027,0.963,0.963,0.963,0.782
2012-06-03 03:00:00,0.67,0.097,0.965,0.965,0.905,0.782
2012-06-03 04:00:00,0.678,0.325,0.982,0.982,0.827,0.793
2012-06-03 05:00:00,0.673,0.705,0.973,0.973,0.781,0.805
2012-06-03 06:00:00,0.637,0.929,0.955,0.955,0.769,0.806
2012-06-03 07:00:00,0.61,0.95,0.932,0.932,0.739,0.816
2012-06-03 08:00:00,0.583,0.95,0.913,0.913,0.761,0.812
2012-06-03 09:00:00,0.551,0.949,0.924,0.924,0.835,0.807
2012-06-03 10:00:00,0.518,0.948,0.891,0.891,0.887,0.811
2012-06-03 11:00:00,0.431,0.949,0.888,0.888,0.943,0.802
2012-06-03 12:00:00,0.389,0.947,0.869,0.869,0.974,0.816
2012-06-03 13:00:00,0.342,0.943,0.932,0.932,0.979,0.821
2012-06-03 14:00:00,0.324,0.943,0.967,0.967,0.984,0.834
2012-06-03 15:00:00,0.352,0.947,0.97,0.97,0.984,0.84
2012-06-03 16:00:00,0.394,0.947,0.973,0.973,0.981,0.845
2012-06-03 17:00:00,0.419,0.947,0.991,0.991,0.979,0.826
2012-06-03 18:00:00,0.446,0.949,0.989,0.989,0.94,0.846
2012-06-03 19:00:00,0.467,0.949,0.99,0.99,0.946,0.828
2012-06-03 20:00:00,0.462,0.904,0.991,0.991,0.934,0.83
2012-06-03 21:00:00,0.457,0.876,0.973,0.973,0.875,0.832
2012-06-03 22:00:00,0.471,0.924,0.96,0.96,0.872,0.845
2012-06-03 23:00:00,0.471,0.949,0.919,0.919,0.921,0.852
2012-06-04 00:00:00,0.466,0.949,0.837,0.837,0.858,0.855
2012-06-04 01:00:00,0.44,0.946,0.827,0.827,0.857,0.843
2012-06-04 02:00:00,0.411,0.924,0.833,0.833,0.845,0.849
2012-06-04 03:00:00,0.368,0.89,0.77,0.77,0.81,0.839
2012-06-04 04:00:00,0.347,0.875,0.782,0.782,0.838,0.838
2012-06-04 05:00:00,0.305,0.837,0.874,0.874,0.882,0.867
2012-06-04 06:00:00,0.262,0.869,0.939,0.939,0.913,0.897
2012-06-04 07:00:00,0.226,0.888,0.965,0.965,0.924,0.901
2012-06-04 08:00:00,0.204,0.916,0.981,0.981,0.916,0.887
2012-06-04 09:00:00,0.208,0.934,0.972,0.972,0.913,0.858
2012-06-04 10:00:00,0.225,0.931,0.933,0.933,0.717,0.848
2012-06-04 11:00:00,0.22,0.776,0.893,0.893,0.74,0.801
2012-06-04 12:00:00,0.231,0.789,0.839,0.839,0.575,0.801
2012-06-04 13:00:00,0.259,0.841,0.803,0.803,0.52,0.802
2012-06-04 14:00:00,0.302,0.841,0.796,0.796,0.319,0.794
2012-06-04 15:00:00,0.341,0.781,0.79,0.79,0.155,0.78
2012-06-04 16:00:00,0.367,0.693,0.6,0.6,0.08,0.766
2012-06-04 17:00:00,0.412,0.716,0.48,0.48,0.054,0.746
2012-06-04 18:00:00,0.46,0.64,0.455,0.455,0.035,0.727
2012-06-04 19:00:00,0.495,0.566,0.377,0.377,0.04,0.701
2012-06-04 20:00:00,0.532,0.533,0.319,0.319,0.051,0.669
2012-06-04 21:00:00,0.542,0.543,0.26,0.26,0.078,0.595
2012-06-04 22:00:00,0.561,0.521,0.199,0.199,0.071,0.488
2012-06-04 23:00:00,0.522,0.431,0.195,0.195,0.094,0.406
2012-06-05 00:00:00,0.52,0.333,0.18,0.18,0.126,0.334
2012-06-05 01:00:00,0.508,0.26,0.166,0.166,0.14,0.271
2012-06-05 02:00:00,0.514,0.2,0.169,0.169,0.159,0.232
2012-06-05 03:00:00,0.537,0.179,0.162,0.162,0.176,0.215
2012-06-05 04:00:00,0.557,0.181,0.157,0.157,0.147,0.197
2012-06-05 05:00:00,0.557,0.17,0.154,0.154,0.128,0.18
2012-06-05 06:00:00,0.557,0.147,0.169,0.169,0.177,0.187
2012-06-05 07:00:00,0.559,0.138,0.226,0.226,0.28,0.225
2012-06-05 08:00:00,0.552,0.146,0.297,0.297,0.383,0.267
2012-06-05 09:00:00,0.543,0.186,0.343,0.343,0.439,0.312
2012-06-05 10:00:00,0.542,0.234,0.206,0.206,0.255,0.358
2012-06-05 11:00:00,0.381,0.173,0.212,0.212,0.221,0.289
2012-06-05 12:00:00,0.461,0.191,0.257,0.257,0.18,0.337
2012-06-05 13:00:00,0.52,0.245,0.297,0.297,0.104,0.409
2012-06-05 14:00:00,0.591,0.287,0.262,0.262,0.064,0.475
2012-06-05 15:00:00,0.668,0.326,0.233,0.233,0.06,0.511
2012-06-05 16:00:00,0.71,0.361,0.227,0.227,0.053,0.555
2012-06-05 17:00:00,0.738,0.364,0.207,0.207,0.051,0.57
2012-06-05 18:00:00,0.741,0.383,0.176,0.176,0.05,0.568
2012-06-05 19:00:00,0.718,0.389,0.138,0.138,0.047,0.546
2012-06-05 20:00:00,0.707,0.367,0.096,0.096,0.032,0.533
2012-06-05 21:00:00,0.695,0.353,0.077,0.077,0.019,0.503
2012-06-05 22:00:00,0.701,0.347,0.05,0.05,0.008,0.448
2012-06-05 23:00:00,0.638,0.299,0.066,0.066,0.01,0.328
2012-06-06 00:00:00,0.629,0.308,0.089,0.089,0.015,0.277
2012-06-06 01:00:00,0.621,0.316,0.074,0.074,0.023,0.264
2012-06-06 02:00:00,0.623,0.29,0.083,0.083,0.028,0.248
2012-06-06 03:00:00,0.665,0.276,0.067,0.067,0.044,0.239
2012-06-06 04:00:00,0.681,0.241,0.05,0.05,0.076,0.206
2012-06-06 05:00:00,0.677,0.222,0.049,0.049,0.129,0.183
2012-06-06 06:00:00,0.653,0.172,0.054,0.054,0.193,0.181
2012-06-06 07:00:00,0.633,0.122,0.063,0.063,0.254,0.189
2012-06-06 08:00:00,0.596,0.093,0.076,0.076,0.303,0.188
2012-06-06 09:00:00,0.537,0.075,0.103,0.103,0.37,0.214
2012-06-06 10:00:00,0.461,0.061,0.085,0.085,0.368,0.247
2012-06-06 11:00:00,0.342,0.009,0.131,0.131,0.392,0.193
2012-06-06 12:00:00,0.331,0.015,0.185,0.185,0.384,0.228
2012-06-06 13:00:00,0.308,0.033,0.274,0.274,0.366,0.307
2012-06-06 14:00:00,0.31,0.075,0.415,0.415,0.401,0.412
2012-06-06 15:00:00,0.318,0.14,0.593,0.593,0.464,0.507
2012-06-06 16:00:00,0.313,0.232,0.704,0.704,0.499,0.575
2012-06-06 17:00:00,0.291,0.348,0.733,0.733,0.541,0.589
2012-06-06 18:00:00,0.266,0.414,0.697,0.697,0.576,0.562
2012-06-06 19:00:00,0.248,0.429,0.696,0.696,0.592,0.494
2012-06-06 20:00:00,0.206,0.437,0.701,0.701,0.555,0.425
2012-06-06 21:00:00,0.155,0.484,0.686,0.686,0.49,0.379
2012-06-06 22:00:00,0.139,0.539,0.573,0.573,0.326,0.361
2012-06-06 23:00:00,0.117,0.686,0.537,0.537,0.275,0.314
2012-06-07 00:00:00,0.136,0.647,0.438,0.438,0.228,0.299
2012-06-07 01:00:00,0.187,0.59,0.315,0.315,0.19,0.262
2012-06-07 02:00:00,0.267,0.542,0.218,0.218,0.166,0.221
2012-06-07 03:00:00,0.338,0.447,0.182,0.182,0.128,0.187
2012-06-07 04:00:00,0.391,0.314,0.163,0.163,0.063,0.165
2012-06-07 05:00:00,0.448,0.246,0.115,0.115,0.024,0.147
2012-06-07 06:00:00,0.52,0.191,0.094,0.094,0.009,0.114
2012-06-07 07:00:00,0.549,0.137,0.079,0.079,0.002,0.094
2012-06-07 08:00:00,0.579,0.097,0.041,0.041,0.001,0.08
2012-06-07 09:00:00,0.621,0.09,0.016,0.016,0.001,0.065
2012-06-07 10:00:00,0.637,0.082,0.007,0.007,0.001,0.05
2012-06-07 11:00:00,0.544,0.055,0.006,0.006,0.002,0.047
2012-06-07 12:00:00,0.542,0.071,0.004,0.004,0.013,0.067
2012-06-07 13:00:00,0.592,0.089,0.005,0.005,0.037,0.077
2012-06-07 14:00:00,0.654,0.083,0.006,0.006,0.074,0.077
2012-06-07 15:00:00,0.703,0.065,0.01,0.01,0.126,0.069
2012-06-07 16:00:00,0.702,0.037,0.023,0.023,0.17,0.06
2012-06-07 17:00:00,0.688,0.021,0.047,0.047,0.202,0.053
2012-06-07 18:00:00,0.647,0.007,0.095,0.095,0.168,0.05
2012-06-07 19:00:00,0.595,0.001,0.161,0.161,0.156,0.049
2012-06-07 20:00:00,0.555,0.0,0.18,0.18,0.163,0.043
2012-06-07 21:00:00,0.513,0.0,0.191,0.191,0.128,0.046
2012-06-07 22:00:00,0.428,0.0,0.221,0.221,0.091,0.053
2012-06-07 23:00:00,0.264,0.001,0.217,0.217,0.107,0.043
2012-06-08 00:00:00,0.148,0.005,0.175,0.175,0.123,0.037
2012-06-08 01:00:00,0.122,0.001,0.11,0.11,0.147,0.037
2012-06-08 02:00:00,0.12,0.0,0.057,0.057,0.147,0.039
2012-06-08 03:00:00,0.119,0.0,0.032,0.032,0.135,0.036
2012-06-08 04:00:00,0.139,0.0,0.021,0.021,0.139,0.039
2012-06-08 05:00:00,0.126,0.0,0.012,0.012,0.133,0.049
2012-06-08 06:00:00,0.124,0.0,0.01,0.01,0.112,0.056
2012-06-08 07:00:00,0.148,0.0,0.016,0.016,0.092,0.058
2012-06-08 08:00:00,0.179,0.004,0.03,0.03,0.058,0.073
2012-06-08 09:00:00,0.209,0.009,0.052,0.052,0.02,0.073
2012-06-08 10:00:00,0.234,0.015,0.103,0.103,0.002,0.078
2012-06-08 11:00:00,0.213,0.021,0.129,0.129,0.0,0.105
2012-06-08 12:00:00,0.19,0.015,0.149,0.149,0.003,0.091
2012-06-08 13:00:00,0.157,0.011,0.168,0.168,0.016,0.077
2012-06-08 14:00:00,0.115,0.013,0.22,0.22,0.037,0.07
2012-06-08 15:00:00,0.079,0.018,0.248,0.248,0.052,0.079
2012-06-08 16:00:00,0.056,0.02,0.27,0.27,0.056,0.089
2012-06-08 17:00:00,0.099,0.026,0.274,0.274,0.056,0.098
2012-06-08 18:00:00,0.17,0.038,0.255,0.255,0.061,0.1
2012-06-08 19:00:00,0.239,0.048,0.254,0.254,0.09,0.098
2012-06-08 20:00:00,0.321,0.05,0.269,0.269,0.09,0.11
2012-06-08 21:00:00,0.443,0.059,0.235,0.235,0.076,0.134
2012-06-08 22:00:00,0.632,0.078,0.267,0.267,0.084,0.146
2012-06-08 23:00:00,0.461,0.121,0.239,0.239,0.127,0.213
2012-06-09 00:00:00,0.568,0.126,0.198,0.198,0.156,0.22
2012-06-09 01:00:00,0.593,0.137,0.134,0.134,0.165,0.214
2012-06-09 02:00:00,0.555,0.143,0.095,0.095,0.2,0.212
2012-06-09 03:00:00,0.559,0.15,0.071,0.071,0.212,0.191
2012-06-09 04:00:00,0.576,0.163,0.083,0.083,0.248,0.188
2012-06-09 05:00:00,0.44,0.173,0.11,0.11,0.252,0.193
2012-06-09 06:00:00,0.287,0.166,0.119,0.119,0.257,0.206
2012-06-09 07:00:00,0.262,0.172,0.131,0.131,0.243,0.222
2012-06-09 08:00:00,0.302,0.185,0.133,0.133,0.225,0.24
2012-06-09 09:00:00,0.381,0.204,0.154,0.154,0.16,0.225
2012-06-09 10:00:00,0.477,0.198,0.15,0.15,0.15,0.221
2012-06-09 11:00:00,0.358,0.123,0.322,0.322,0.141,0.165
2012-06-09 12:00:00,0.455,0.136,0.351,0.351,0.237,0.154
2012-06-09 13:00:00,0.533,0.17,0.331,0.331,0.507,0.23
2012-06-09 14:00:00,0.648,0.208,0.272,0.272,0.797,0.293
2012-06-09 15:00:00,0.755,0.226,0.214,0.214,0.852,0.29
2012-06-09 16:00:00,0.815,0.261,0.375,0.375,0.828,0.293
2012-06-09 17:00:00,0.816,0.407,0.707,0.707,0.555,0.288
2012-06-09 18:00:00,0.834,0.501,0.882,0.882,0.447,0.392
2012-06-09 19:00:00,0.871,0.668,0.825,0.825,0.317,0.505
2012-06-09 20:00:00,0.875,0.778,0.861,0.861,0.199,0.522
2012-06-09 21:00:00,0.875,0.803,0.803,0.803,0.113,0.527
2012-06-09 22:00:00,0.881,0.768,0.629,0.629,0.083,0.507
2012-06-09 23:00:00,0.881,0.559,0.452,0.452,0.08,0.437
2012-06-10 00:00:00,0.88,0.586,0.299,0.299,0.146,0.413
2012-06-10 01:00:00,0.877,0.555,0.386,0.386,0.195,0.417
2012-06-10 02:00:00,0.869,0.474,0.467,0.467,0.152,0.405
2012-06-10 03:00:00,0.872,0.541,0.431,0.431,0.203,0.384
2012-06-10 04:00:00,0.884,0.631,0.291,0.291,0.344,0.313
2012-06-10 05:00:00,0.896,0.601,0.211,0.211,0.375,0.243
2012-06-10 06:00:00,0.894,0.458,0.185,0.185,0.391,0.215
2012-06-10 07:00:00,0.894,0.355,0.125,0.125,0.353,0.211
2012-06-10 08:00:00,0.895,0.279,0.089,0.089,0.31,0.182
2012-06-10 09:00:00,0.894,0.205,0.083,0.083,0.223,0.152
2012-06-10 10:00:00,0.885,0.123,0.062,0.062,0.106,0.124
2012-06-10 11:00:00,0.875,0.014,0.066,0.066,0.061,0.09
2012-06-10 12:00:00,0.872,0.03,0.072,0.072,0.038,0.151
2012-06-10 13:00:00,0.868,0.028,0.027,0.027,0.037,0.2
2012-06-10 14:00:00,0.866,0.018,0.009,0.009,0.071,0.204
2012-06-10 15:00:00,0.868,0.016,0.002,0.002,0.014,0.212
2012-06-10 16:00:00,0.873,0.09,0.011,0.011,0.014,0.225
2012-06-10 17:00:00,0.877,0.18,0.048,0.048,0.016,0.22
2012-06-10 18:00:00,0.877,0.18,0.068,0.068,0.032,0.207
2012-06-10 19:00:00,0.873,0.175,0.106,0.106,0.052,0.201
2012-06-10 20:00:00,0.867,0.137,0.129,0.129,0.053,0.231
2012-06-10 21:00:00,0.859,0.122,0.129,0.129,0.028,0.264
2012-06-10 22:00:00,0.852,0.148,0.034,0.034,0.02,0.265
2012-06-10 23:00:00,0.814,0.138,0.03,0.03,0.003,0.238
2012-06-11 00:00:00,0.783,0.147,0.021,0.021,0.002,0.21
2012-06-11 01:00:00,0.78,0.146,0.01,0.01,0.011,0.19
2012-06-11 02:00:00,0.759,0.123,0.001,0.001,0.064,0.167
2012-06-11 03:00:00,0.758,0.083,0.001,0.001,0.13,0.163
2012-06-11 04:00:00,0.768,0.075,0.002,0.002,0.311,0.183
2012-06-11 05:00:00,0.788,0.07,0.007,0.007,0.473,0.183
2012-06-11 06:00:00,0.778,0.032,0.017,0.017,0.476,0.2
2012-06-11 07:00:00,0.74,0.016,0.022,0.022,0.434,0.257
2012-06-11 08:00:00,0.68,0.005,0.03,0.03,0.381,0.308
2012-06-11 09:00:00,0.619,0.001,0.032,0.032,0.297,0.319
2012-06-11 10:00:00,0.559,0.0,0.013,0.013,0.105,0.324
2012-06-11 11:00:00,0.422,0.0,0.009,0.009,0.079,0.175
2012-06-11 12:00:00,0.437,0.0,0.006,0.006,0.071,0.186
2012-06-11 13:00:00,0.422,0.001,0.005,0.005,0.045,0.219
2012-06-11 14:00:00,0.371,0.002,0.003,0.003,0.026,0.239
2012-06-11 15:00:00,0.323,0.004,0.002,0.002,0.016,0.255
2012-06-11 16:00:00,0.279,0.014,0.004,0.004,0.009,0.304
2012-06-11 17:00:00,0.214,0.021,0.015,0.015,0.003,0.313
2012-06-11 18:00:00,0.16,0.017,0.043,0.043,0.001,0.27
2012-06-11 19:00:00,0.113,0.012,0.084,0.084,0.002,0.206
2012-06-11 20:00:00,0.069,0.006,0.126,0.126,0.002,0.184
2012-06-11 21:00:00,0.037,0.002,0.168,0.168,0.001,0.176
2012-06-11 22:00:00,0.018,0.0,0.104,0.104,0.001,0.164
2012-06-11 23:00:00,0.016,0.0,0.061,0.061,0.002,0.151
2012-06-12 00:00:00,0.008,0.0,0.025,0.025,0.001,0.118
2012-06-12 01:00:00,0.007,0.0,0.007,0.007,0.001,0.095
2012-06-12 02:00:00,0.007,0.003,0.002,0.002,0.003,0.062
2012-06-12 03:00:00,0.008,0.026,0.002,0.002,0.006,0.039
2012-06-12 04:00:00,0.008,0.058,0.01,0.01,0.016,0.026
2012-06-12 05:00:00,0.007,0.092,0.022,0.022,0.029,0.026
2012-06-12 06:00:00,0.005,0.086,0.016,0.016,0.024,0.028
2012-06-12 07:00:00,0.002,0.053,0.007,0.007,0.015,0.024
2012-06-12 08:00:00,0.001,0.018,0.005,0.005,0.011,0.016
2012-06-12 09:00:00,0.002,0.009,0.006,0.006,0.009,0.011
2012-06-12 10:00:00,0.004,0.023,0.008,0.008,0.014,0.011
2012-06-12 11:00:00,0.005,0.02,0.005,0.005,0.009,0.01
2012-06-12 12:00:00,0.005,0.001,0.004,0.004,0.007,0.013
2012-06-12 13:00:00,0.008,0.0,0.003,0.003,0.006,0.027
2012-06-12 14:00:00,0.015,0.0,0.002,0.002,0.004,0.044
2012-06-12 15:00:00,0.025,0.0,0.001,0.001,0.002,0.058
2012-06-12 16:00:00,0.048,0.0,0.001,0.001,0.002,0.062
2012-06-12 17:00:00,0.092,0.0,0.001,0.001,0.002,0.063
2012-06-12 18:00:00,0.121,0.0,0.001,0.001,0.002,0.069
2012-06-12 19:00:00,0.126,0.003,0.002,0.002,0.001,0.069
2012-06-12 20:00:00,0.131,0.001,0.002,0.002,0.001,0.068
2012-06-12 21:00:00,0.141,0.001,0.001,0.001,0.001,0.05
2012-06-12 22:00:00,0.14,0.001,0.001,0.001,0.002,0.037
2012-06-12 23:00:00,0.117,0.005,0.002,0.002,0.005,0.035
2012-06-13 00:00:00,0.104,0.009,0.002,0.002,0.011,0.037
2012-06-13 01:00:00,0.113,0.007,0.003,0.003,0.017,0.029
2012-06-13 02:00:00,0.125,0.004,0.004,0.004,0.035,0.017
2012-06-13 03:00:00,0.145,0.003,0.004,0.004,0.071,0.009
2012-06-13 04:00:00,0.169,0.002,0.004,0.004,0.094,0.009
2012-06-13 05:00:00,0.179,0.005,0.003,0.003,0.097,0.01
2012-06-13 06:00:00,0.175,0.018,0.002,0.002,0.093,0.008
2012-06-13 07:00:00,0.171,0.031,0.001,0.001,0.103,0.007
2012-06-13 08:00:00,0.169,0.029,0.001,0.001,0.108,0.006
2012-06-13 09:00:00,0.154,0.018,0.003,0.003,0.12,0.005
2012-06-13 10:00:00,0.146,0.004,0.011,0.011,0.102,0.003
2012-06-13 11:00:00,0.077,0.0,0.037,0.037,0.172,0.003
2012-06-13 12:00:00,0.068,0.0,0.067,0.067,0.278,0.002
2012-06-13 13:00:00,0.085,0.0,0.09,0.09,0.464,0.002
2012-06-13 14:00:00,0.115,0.0,0.137,0.137,0.581,0.002
2012-06-13 15:00:00,0.156,0.0,0.165,0.165,0.601,0.002
2012-06-13 16:00:00,0.196,0.0,0.167,0.167,0.576,0.003
2012-06-13 17:00:00,0.214,0.0,0.15,0.15,0.549,0.003
2012-06-13 18:00:00,0.225,0.0,0.131,0.131,0.5,0.004
2012-06-13 19:00:00,0.239,0.0,0.151,0.151,0.401,0.004
2012-06-13 20:00:00,0.202,0.0,0.173,0.173,0.313,0.004
2012-06-13 21:00:00,0.132,0.0,0.15,0.15,0.235,0.005
2012-06-13 22:00:00,0.116,0.0,0.136,0.136,0.069,0.008
2012-06-13 23:00:00,0.126,0.0,0.104,0.104,0.086,0.012
2012-06-14 00:00:00,0.115,0.001,0.1,0.1,0.08,0.018
2012-06-14 01:00:00,0.166,0.013,0.119,0.119,0.079,0.019
2012-06-14 02:00:00,0.269,0.035,0.172,0.172,0.103,0.019
2012-06-14 03:00:00,0.331,0.048,0.211,0.211,0.103,0.021
2012-06-14 04:00:00,0.313,0.051,0.216,0.216,0.12,0.024
2012-06-14 05:00:00,0.318,0.059,0.223,0.223,0.132,0.026
2012-06-14 06:00:00,0.388,0.067,0.259,0.259,0.115,0.03
2012-06-14 07:00:00,0.424,0.07,0.26,0.26,0.086,0.034
2012-06-14 08:00:00,0.418,0.057,0.224,0.224,0.067,0.029
2012-06-14 09:00:00,0.422,0.04,0.184,0.184,0.048,0.018
2012-06-14 10:00:00,0.455,0.021,0.1,0.1,0.025,0.008
2012-06-14 11:00:00,0.473,0.029,0.072,0.072,0.008,0.001
2012-06-14 12:00:00,0.49,0.077,0.069,0.069,0.014,0.002
2012-06-14 13:00:00,0.49,0.103,0.073,0.073,0.037,0.012
2012-06-14 14:00:00,0.505,0.111,0.07,0.07,0.06,0.034
2012-06-14 15:00:00,0.513,0.093,0.056,0.056,0.126,0.051
2012-06-14 16:00:00,0.501,0.07,0.041,0.041,0.302,0.048
2012-06-14 17:00:00,0.475,0.059,0.027,0.027,0.528,0.048
2012-06-14 18:00:00,0.471,0.036,0.014,0.014,0.599,0.052
2012-06-14 19:00:00,0.442,0.014,0.007,0.007,0.644,0.063
2012-06-14 20:00:00,0.414,0.012,0.01,0.01,0.569,0.08
2012-06-14 21:00:00,0.387,0.018,0.031,0.031,0.549,0.103
2012-06-14 22:00:00,0.364,0.031,0.092,0.092,0.574,0.118
2012-06-14 23:00:00,0.291,0.05,0.117,0.117,0.573,0.129
2012-06-15 00:00:00,0.259,0.022,0.098,0.098,0.561,0.142
2012-06-15 01:00:00,0.239,0.004,0.081,0.081,0.495,0.148
2012-06-15 02:00:00,0.234,0.0,0.086,0.086,0.374,0.142
2012-06-15 03:00:00,0.242,0.0,0.091,0.091,0.321,0.129
2012-06-15 04:00:00,0.241,0.001,0.093,0.093,0.265,0.12
2012-06-15 05:00:00,0.235,0.006,0.103,0.103,0.219,0.122
2012-06-15 06:00:00,0.237,0.01,0.1,0.1,0.18,0.133
2012-06-15 07:00:00,0.227,0.008,0.121,0.121,0.144,0.139
2012-06-15 08:00:00,0.18,0.007,0.174,0.174,0.14,0.137
2012-06-15 09:00:00,0.139,0.015,0.194,0.194,0.16,0.156
2012-06-15 10:00:00,0.112,0.03,0.187,0.187,0.15,0.19
2012-06-15 11:00:00,0.075,0.032,0.212,0.212,0.188,0.156
2012-06-15 12:00:00,0.088,0.048,0.262,0.262,0.182,0.201
2012-06-15 13:00:00,0.09,0.046,0.289,0.289,0.173,0.231
2012-06-15 14:00:00,0.094,0.05,0.232,0.232,0.142,0.259
2012-06-15 15:00:00,0.094,0.069,0.225,0.225,0.116,0.297
2012-06-15 16:00:00,0.081,0.117,0.283,0.283,0.105,0.332
2012-06-15 17:00:00,0.058,0.158,0.279,0.279,0.12,0.351
2012-06-15 18:00:00,0.038,0.161,0.23,0.23,0.115,0.366
2012-06-15 19:00:00,0.022,0.157,0.183,0.183,0.085,0.325
2012-06-15 20:00:00,0.014,0.156,0.131,0.131,0.057,0.27
2012-06-15 21:00:00,0.011,0.162,0.103,0.103,0.041,0.224
2012-06-15 22:00:00,0.011,0.164,0.124,0.124,0.04,0.182
2012-06-15 23:00:00,0.013,0.233,0.112,0.112,0.056,0.156
2012-06-16 00:00:00,0.014,0.158,0.118,0.118,0.053,0.137
2012-06-16 01:00:00,0.014,0.115,0.167,0.167,0.042,0.119
2012-06-16 02:00:00,0.016,0.095,0.182,0.182,0.034,0.12
2012-06-16 03:00:00,0.021,0.083,0.165,0.165,0.035,0.114
2012-06-16 04:00:00,0.034,0.072,0.146,0.146,0.022,0.117
2012-06-16 05:00:00,0.061,0.066,0.138,0.138,0.008,0.123
2012-06-16 06:00:00,0.113,0.092,0.101,0.101,0.002,0.121
2012-06-16 07:00:00,0.194,0.11,0.072,0.072,0.002,0.102
2012-06-16 08:00:00,0.293,0.147,0.043,0.043,0.004,0.07
2012-06-16 09:00:00,0.399,0.193,0.022,0.022,0.007,0.042
2012-06-16 10:00:00,0.534,0.207,0.011,0.011,0.007,0.024
2012-06-16 11:00:00,0.493,0.25,0.005,0.005,0.01,0.017
2012-06-16 12:00:00,0.644,0.197,0.002,0.002,0.012,0.02
2012-06-16 13:00:00,0.728,0.145,0.002,0.002,0.034,0.027
2012-06-16 14:00:00,0.767,0.094,0.006,0.006,0.1,0.042
2012-06-16 15:00:00,0.81,0.051,0.018,0.018,0.168,0.066
2012-06-16 16:00:00,0.846,0.029,0.036,0.036,0.216,0.097
2012-06-16 17:00:00,0.865,0.016,0.082,0.082,0.307,0.12
2012-06-16 18:00:00,0.865,0.011,0.197,0.197,0.433,0.146
2012-06-16 19:00:00,0.809,0.003,0.393,0.393,0.608,0.195
2012-06-16 20:00:00,0.767,0.0,0.524,0.524,0.78,0.251
2012-06-16 21:00:00,0.779,0.0,0.632,0.632,0.907,0.291
2012-06-16 22:00:00,0.809,0.012,0.737,0.737,0.898,0.385
2012-06-16 23:00:00,0.882,0.086,0.799,0.799,0.889,0.479
2012-06-17 00:00:00,0.869,0.122,0.847,0.847,0.855,0.524
2012-06-17 01:00:00,0.843,0.158,0.885,0.885,0.903,0.527
2012-06-17 02:00:00,0.808,0.192,0.927,0.927,0.907,0.504
2012-06-17 03:00:00,0.714,0.306,0.909,0.909,0.905,0.506
2012-06-17 04:00:00,0.653,0.476,0.902,0.902,0.802,0.524
2012-06-17 05:00:00,0.612,0.651,0.87,0.87,0.653,0.514
2012-06-17 06:00:00,0.637,0.742,0.806,0.806,0.465,0.504
2012-06-17 07:00:00,0.644,0.829,0.672,0.672,0.37,0.488
2012-06-17 08:00:00,0.631,0.87,0.537,0.537,0.326,0.455
2012-06-17 09:00:00,0.616,0.88,0.419,0.419,0.368,0.449
2012-06-17 10:00:00,0.592,0.832,0.149,0.149,0.246,0.446
2012-06-17 11:00:00,0.376,0.792,0.108,0.108,0.203,0.229
2012-06-17 12:00:00,0.349,0.69,0.086,0.086,0.211,0.188
2012-06-17 13:00:00,0.435,0.592,0.055,0.055,0.173,0.188
2012-06-17 14:00:00,0.474,0.425,0.056,0.056,0.072,0.19
2012-06-17 15:00:00,0.566,0.322,0.03,0.03,0.056,0.202
2012-06-17 16:00:00,0.667,0.211,0.004,0.004,0.11,0.222
2012-06-17 17:00:00,0.661,0.199,0.007,0.007,0.225,0.22
2012-06-17 18:00:00,0.674,0.181,0.057,0.057,0.531,0.236
2012-06-17 19:00:00,0.703,0.095,0.197,0.197,0.643,0.232
2012-06-17 20:00:00,0.682,0.07,0.272,0.272,0.713,0.231
2012-06-17 21:00:00,0.719,0.151,0.48,0.48,0.662,0.272
2012-06-17 22:00:00,0.746,0.252,0.452,0.452,0.94,0.312
2012-06-17 23:00:00,0.901,0.153,0.685,0.685,0.924,0.3
2012-06-18 00:00:00,0.919,0.368,0.908,0.908,0.91,0.4
2012-06-18 01:00:00,0.918,0.547,0.964,0.964,0.965,0.546
2012-06-18 02:00:00,0.916,0.809,0.988,0.988,0.968,0.541
2012-06-18 03:00:00,0.88,0.944,0.993,0.993,0.841,0.564
2012-06-18 04:00:00,0.877,0.949,0.962,0.962,0.343,0.602
2012-06-18 05:00:00,0.902,0.95,0.814,0.814,0.38,0.551
2012-06-18 06:00:00,0.91,0.949,0.763,0.763,0.567,0.548
2012-06-18 07:00:00,0.915,0.941,0.814,0.814,0.686,0.603
2012-06-18 08:00:00,0.927,0.934,0.842,0.842,0.775,0.646
2012-06-18 09:00:00,0.934,0.938,0.879,0.879,0.822,0.665
2012-06-18 10:00:00,0.938,0.936,0.764,0.764,0.62,0.687
2012-06-18 11:00:00,0.903,0.917,0.796,0.796,0.672,0.668
2012-06-18 12:00:00,0.908,0.924,0.802,0.802,0.735,0.686
2012-06-18 13:00:00,0.9,0.937,0.81,0.81,0.672,0.673
2012-06-18 14:00:00,0.897,0.946,0.792,0.792,0.411,0.69
2012-06-18 15:00:00,0.89,0.947,0.713,0.713,0.317,0.692
2012-06-18 16:00:00,0.887,0.946,0.594,0.594,0.251,0.673
2012-06-18 17:00:00,0.858,0.941,0.535,0.535,0.163,0.681
2012-06-18 18:00:00,0.827,0.93,0.491,0.491,0.102,0.667
2012-06-18 19:00:00,0.777,0.926,0.491,0.491,0.06,0.669
2012-06-18 20:00:00,0.669,0.924,0.481,0.481,0.024,0.674
2012-06-18 21:00:00,0.536,0.907,0.403,0.403,0.008,0.685
2012-06-18 22:00:00,0.375,0.894,0.185,0.185,0.001,0.687
2012-06-18 23:00:00,0.301,0.886,0.126,0.126,0.001,0.608
2012-06-19 00:00:00,0.196,0.873,0.102,0.102,0.007,0.564
2012-06-19 01:00:00,0.142,0.787,0.095,0.095,0.026,0.546
2012-06-19 02:00:00,0.075,0.674,0.078,0.078,0.057,0.516
2012-06-19 03:00:00,0.026,0.621,0.049,0.049,0.105,0.49
2012-06-19 04:00:00,0.024,0.595,0.027,0.027,0.164,0.437
2012-06-19 05:00:00,0.041,0.516,0.022,0.022,0.225,0.378
2012-06-19 06:00:00,0.065,0.368,0.036,0.036,0.26,0.338
2012-06-19 07:00:00,0.092,0.248,0.073,0.073,0.242,0.271
2012-06-19 08:00:00,0.122,0.15,0.092,0.092,0.189,0.194
2012-06-19 09:00:00,0.128,0.078,0.074,0.074,0.161,0.149
2012-06-19 10:00:00,0.143,0.043,0.04,0.04,0.087,0.137
2012-06-19 11:00:00,0.109,0.025,0.033,0.033,0.218,0.133
2012-06-19 12:00:00,0.212,0.027,0.134,0.134,0.425,0.201
2012-06-19 13:00:00,0.266,0.06,0.316,0.316,0.643,0.339
2012-06-19 14:00:00,0.274,0.197,0.473,0.473,0.794,0.451
2012-06-19 15:00:00,0.251,0.368,0.631,0.631,0.942,0.568
2012-06-19 16:00:00,0.196,0.458,0.823,0.823,0.983,0.605
2012-06-19 17:00:00,0.143,0.565,0.966,0.966,0.974,0.653
2012-06-19 18:00:00,0.122,0.691,0.994,0.994,0.959,0.711
2012-06-19 19:00:00,0.118,0.885,0.976,0.976,0.806,0.737
2012-06-19 20:00:00,0.113,0.949,0.743,0.743,0.976,0.781
2012-06-19 21:00:00,0.109,0.95,0.571,0.571,1.0,0.815
2012-06-19 22:00:00,0.103,0.945,0.908,0.908,1.0,0.8
2012-06-19 23:00:00,0.1,0.78,0.983,0.983,0.998,0.798
2012-06-20 00:00:00,0.098,0.85,0.999,0.999,0.991,0.776
2012-06-20 01:00:00,0.089,0.894,0.999,0.999,0.983,0.746
2012-06-20 02:00:00,0.079,0.948,0.999,0.999,0.956,0.718
2012-06-20 03:00:00,0.073,0.95,0.998,0.998,0.899,0.696
2012-06-20 04:00:00,0.08,0.95,0.996,0.996,0.809,0.69
2012-06-20 05:00:00,0.094,0.949,0.978,0.978,0.699,0.687
2012-06-20 06:00:00,0.094,0.949,0.913,0.913,0.622,0.688
2012-06-20 07:00:00,0.078,0.948,0.819,0.819,0.505,0.661
2012-06-20 08:00:00,0.058,0.91,0.748,0.748,0.365,0.612
2012-06-20 09:00:00,0.045,0.798,0.643,0.643,0.26,0.589
2012-06-20 10:00:00,0.029,0.692,0.382,0.382,0.191,0.571
2012-06-20 11:00:00,0.021,0.499,0.42,0.42,0.141,0.461
2012-06-20 12:00:00,0.017,0.522,0.404,0.404,0.093,0.49
2012-06-20 13:00:00,0.017,0.543,0.373,0.373,0.035,0.484
2012-06-20 14:00:00,0.021,0.483,0.328,0.328,0.012,0.511
2012-06-20 15:00:00,0.022,0.515,0.246,0.246,0.004,0.588
2012-06-20 16:00:00,0.019,0.666,0.184,0.184,0.001,0.615
2012-06-20 17:00:00,0.02,0.739,0.144,0.144,0.0,0.618
2012-06-20 18:00:00,0.018,0.768,0.1,0.1,0.0,0.599
2012-06-20 19:00:00,0.014,0.729,0.097,0.097,0.0,0.559
2012-06-20 20:00:00,0.016,0.627,0.101,0.101,0.001,0.525
2012-06-20 21:00:00,0.015,0.547,0.107,0.107,0.003,0.466
2012-06-20 22:00:00,0.017,0.585,0.057,0.057,0.005,0.425
2012-06-20 23:00:00,0.01,0.539,0.056,0.056,0.014,0.353
2012-06-21 00:00:00,0.011,0.463,0.034,0.034,0.019,0.326
2012-06-21 01:00:00,0.011,0.291,0.018,0.018,0.037,0.309
2012-06-21 02:00:00,0.01,0.259,0.009,0.009,0.049,0.28
2012-06-21 03:00:00,0.014,0.232,0.005,0.005,0.057,0.259
2012-06-21 04:00:00,0.019,0.185,0.006,0.006,0.084,0.238
2012-06-21 05:00:00,0.026,0.158,0.006,0.006,0.138,0.22
2012-06-21 06:00:00,0.036,0.09,0.006,0.006,0.196,0.207
2012-06-21 07:00:00,0.052,0.032,0.009,0.009,0.225,0.178
2012-06-21 08:00:00,0.066,0.007,0.012,0.012,0.2,0.147
2012-06-21 09:00:00,0.084,0.005,0.013,0.013,0.161,0.122
2012-06-21 10:00:00,0.1,0.002,0.015,0.015,0.125,0.096
2012-06-21 11:00:00,0.105,0.0,0.013,0.013,0.123,0.065
2012-06-21 12:00:00,0.105,0.0,0.018,0.018,0.124,0.062
2012-06-21 13:00:00,0.128,0.0,0.024,0.024,0.173,0.056
2012-06-21 14:00:00,0.145,0.0,0.048,0.048,0.183,0.052
2012-06-21 15:00:00,0.147,0.0,0.043,0.043,0.21,0.052
2012-06-21 16:00:00,0.171,0.0,0.042,0.042,0.233,0.054
2012-06-21 17:00:00,0.243,0.0,0.039,0.039,0.258,0.071
2012-06-21 18:00:00,0.321,0.0,0.047,0.047,0.249,0.094
2012-06-21 19:00:00,0.369,0.0,0.048,0.048,0.224,0.095
2012-06-21 20:00:00,0.418,0.0,0.048,0.048,0.226,0.082
2012-06-21 21:00:00,0.482,0.0,0.055,0.055,0.222,0.061
2012-06-21 22:00:00,0.519,0.0,0.071,0.071,0.226,0.047
2012-06-21 23:00:00,0.523,0.0,0.066,0.066,0.182,0.045
2012-06-22 00:00:00,0.462,0.011,0.12,0.12,0.167,0.068
2012-06-22 01:00:00,0.411,0.043,0.168,0.168,0.197,0.109
2012-06-22 02:00:00,0.409,0.061,0.279,0.279,0.267,0.152
2012-06-22 03:00:00,0.431,0.09,0.346,0.346,0.332,0.179
2012-06-22 04:00:00,0.488,0.153,0.437,0.437,0.363,0.197
2012-06-22 05:00:00,0.499,0.227,0.437,0.437,0.481,0.228
2012-06-22 06:00:00,0.514,0.339,0.511,0.511,0.554,0.248
2012-06-22 07:00:00,0.572,0.466,0.567,0.567,0.585,0.255
2012-06-22 08:00:00,0.618,0.503,0.529,0.529,0.567,0.268
2012-06-22 09:00:00,0.621,0.517,0.585,0.585,0.59,0.31
2012-06-22 10:00:00,0.597,0.598,0.535,0.535,0.5,0.368
2012-06-22 11:00:00,0.47,0.458,0.625,0.625,0.535,0.335
2012-06-22 12:00:00,0.452,0.573,0.697,0.697,0.685,0.408
2012-06-22 13:00:00,0.443,0.646,0.825,0.825,0.79,0.474
2012-06-22 14:00:00,0.451,0.727,0.898,0.898,0.791,0.532
2012-06-22 15:00:00,0.541,0.846,0.869,0.869,0.68,0.562
2012-06-22 16:00:00,0.64,0.883,0.813,0.813,0.642,0.575
2012-06-22 17:00:00,0.739,0.871,0.837,0.837,0.695,0.585
2012-06-22 18:00:00,0.847,0.829,0.87,0.87,0.688,0.611
2012-06-22 19:00:00,0.897,0.847,0.887,0.887,0.655,0.622
2012-06-22 20:00:00,0.89,0.913,0.853,0.853,0.626,0.639
2012-06-22 21:00:00,0.869,0.943,0.821,0.821,0.547,0.635
2012-06-22 22:00:00,0.858,0.944,0.736,0.736,0.478,0.624
2012-06-22 23:00:00,0.832,0.932,0.827,0.827,0.509,0.624
2012-06-23 00:00:00,0.841,0.928,0.83,0.83,0.567,0.635
2012-06-23 01:00:00,0.827,0.935,0.787,0.787,0.444,0.618
2012-06-23 02:00:00,0.825,0.94,0.775,0.775,0.272,0.586
2012-06-23 03:00:00,0.827,0.936,0.815,0.815,0.239,0.554
2012-06-23 04:00:00,0.789,0.944,0.735,0.735,0.163,0.549
2012-06-23 05:00:00,0.732,0.933,0.533,0.533,0.1,0.55
2012-06-23 06:00:00,0.764,0.917,0.334,0.334,0.085,0.511
2012-06-23 07:00:00,0.795,0.885,0.279,0.279,0.077,0.476
2012-06-23 08:00:00,0.804,0.833,0.301,0.301,0.034,0.414
2012-06-23 09:00:00,0.795,0.766,0.328,0.328,0.006,0.368
2012-06-23 10:00:00,0.738,0.627,0.118,0.118,0.001,0.372
2012-06-23 11:00:00,0.576,0.369,0.057,0.057,0.003,0.279
2012-06-23 12:00:00,0.588,0.338,0.034,0.034,0.012,0.182
2012-06-23 13:00:00,0.615,0.193,0.024,0.024,0.046,0.118
2012-06-23 14:00:00,0.68,0.034,0.009,0.009,0.131,0.068
2012-06-23 15:00:00,0.746,0.006,0.001,0.001,0.269,0.051
2012-06-23 16:00:00,0.766,0.002,0.006,0.006,0.387,0.045
2012-06-23 17:00:00,0.796,0.0,0.061,0.061,0.359,0.042
2012-06-23 18:00:00,0.808,0.0,0.237,0.237,0.262,0.034
2012-06-23 19:00:00,0.81,0.0,0.388,0.388,0.212,0.047
2012-06-23 20:00:00,0.833,0.0,0.314,0.314,0.182,0.075
2012-06-23 21:00:00,0.86,0.0,0.424,0.424,0.201,0.11
2012-06-23 22:00:00,0.867,0.007,0.589,0.589,0.13,0.171
2012-06-23 23:00:00,0.861,0.135,0.739,0.739,0.076,0.26
2012-06-24 00:00:00,0.852,0.317,0.724,0.724,0.049,0.312
2012-06-24 01:00:00,0.857,0.547,0.693,0.693,0.073,0.333
2012-06-24 02:00:00,0.866,0.802,0.676,0.676,0.11,0.354
2012-06-24 03:00:00,0.864,0.877,0.674,0.674,0.108,0.392
2012-06-24 04:00:00,0.865,0.91,0.629,0.629,0.145,0.426
2012-06-24 05:00:00,0.881,0.941,0.678,0.678,0.281,0.438
2012-06-24 06:00:00,0.892,0.947,0.813,0.813,0.375,0.416
2012-06-24 07:00:00,0.887,0.945,0.818,0.818,0.4,0.44
2012-06-24 08:00:00,0.884,0.944,0.781,0.781,0.391,0.446
2012-06-24 09:00:00,0.889,0.944,0.769,0.769,0.319,0.429
2012-06-24 10:00:00,0.889,0.937,0.543,0.543,0.212,0.419
2012-06-24 11:00:00,0.854,0.849,0.598,0.598,0.153,0.319
2012-06-24 12:00:00,0.858,0.711,0.622,0.622,0.103,0.363
2012-06-24 13:00:00,0.86,0.548,0.56,0.56,0.066,0.409
2012-06-24 14:00:00,0.855,0.477,0.476,0.476,0.048,0.462
2012-06-24 15:00:00,0.859,0.467,0.449,0.449,0.05,0.548
2012-06-24 16:00:00,0.871,0.454,0.435,0.435,0.043,0.55
2012-06-24 17:00:00,0.879,0.551,0.347,0.347,0.065,0.52
2012-06-24 18:00:00,0.879,0.622,0.288,0.288,0.114,0.513
2012-06-24 19:00:00,0.878,0.655,0.304,0.304,0.121,0.507
2012-06-24 20:00:00,0.876,0.686,0.294,0.294,0.087,0.409
2012-06-24 21:00:00,0.856,0.748,0.298,0.298,0.071,0.314
2012-06-24 22:00:00,0.838,0.725,0.37,0.37,0.061,0.317
2012-06-24 23:00:00,0.831,0.777,0.396,0.396,0.059,0.365
2012-06-25 00:00:00,0.813,0.836,0.423,0.423,0.045,0.372
2012-06-25 01:00:00,0.796,0.87,0.382,0.382,0.038,0.377
2012-06-25 02:00:00,0.788,0.813,0.302,0.302,0.041,0.367
2012-06-25 03:00:00,0.777,0.69,0.278,0.278,0.039,0.35
2012-06-25 04:00:00,0.721,0.565,0.23,0.23,0.05,0.314
2012-06-25 05:00:00,0.664,0.475,0.148,0.148,0.088,0.273
2012-06-25 06:00:00,0.646,0.373,0.14,0.14,0.113,0.234
2012-06-25 07:00:00,0.629,0.233,0.138,0.138,0.116,0.256
2012-06-25 08:00:00,0.602,0.203,0.096,0.096,0.102,0.287
2012-06-25 09:00:00,0.587,0.226,0.047,0.047,0.105,0.29
2012-06-25 10:00:00,0.525,0.199,0.005,0.005,0.047,0.232
2012-06-25 11:00:00,0.318,0.084,0.007,0.007,0.017,0.104
2012-06-25 12:00:00,0.173,0.073,0.041,0.041,0.009,0.099
2012-06-25 13:00:00,0.092,0.044,0.168,0.168,0.077,0.113
2012-06-25 14:00:00,0.092,0.033,0.284,0.284,0.254,0.151
2012-06-25 15:00:00,0.126,0.048,0.448,0.448,0.307,0.226
2012-06-25 16:00:00,0.13,0.082,0.696,0.696,0.282,0.416
2012-06-25 17:00:00,0.149,0.168,0.865,0.865,0.321,0.587
2012-06-25 18:00:00,0.242,0.322,0.825,0.825,0.377,0.605
2012-06-25 19:00:00,0.425,0.525,0.682,0.682,0.586,0.608
2012-06-25 20:00:00,0.662,0.833,0.536,0.536,0.967,0.603
2012-06-25 21:00:00,0.77,0.949,0.656,0.656,1.0,0.583
2012-06-25 22:00:00,0.76,0.95,0.98,0.98,0.995,0.592
2012-06-25 23:00:00,0.807,0.95,0.993,0.993,0.984,0.669
2012-06-26 00:00:00,0.835,0.95,0.982,0.982,0.992,0.685
2012-06-26 01:00:00,0.873,0.95,0.975,0.975,0.996,0.698
2012-06-26 02:00:00,0.889,0.938,0.994,0.994,0.996,0.724
2012-06-26 03:00:00,0.902,0.948,0.996,0.996,0.999,0.745
2012-06-26 04:00:00,0.922,0.942,0.992,0.992,1.0,0.753
2012-06-26 05:00:00,0.939,0.948,0.996,0.996,1.0,0.757
2012-06-26 06:00:00,0.937,0.95,1.0,1.0,1.0,0.771
2012-06-26 07:00:00,0.919,0.95,1.0,1.0,1.0,0.792
2012-06-26 08:00:00,0.867,0.95,1.0,1.0,1.0,0.796
2012-06-26 09:00:00,0.83,0.95,1.0,1.0,1.0,0.809
2012-06-26 10:00:00,0.878,0.95,1.0,1.0,1.0,0.821
2012-06-26 11:00:00,0.869,0.95,1.0,1.0,0.999,0.8
2012-06-26 12:00:00,0.936,0.95,1.0,1.0,1.0,0.837
2012-06-26 13:00:00,0.942,0.95,1.0,1.0,1.0,0.86
2012-06-26 14:00:00,0.937,0.95,1.0,1.0,1.0,0.867
2012-06-26 15:00:00,0.932,0.95,1.0,1.0,1.0,0.913
2012-06-26 16:00:00,0.937,0.95,1.0,1.0,0.999,0.885
2012-06-26 17:00:00,0.941,0.95,1.0,1.0,0.996,0.864
2012-06-26 18:00:00,0.94,0.95,1.0,1.0,0.994,0.826
2012-06-26 19:00:00,0.935,0.95,0.999,0.999,0.997,0.8
2012-06-26 20:00:00,0.93,0.95,1.0,1.0,0.999,0.781
2012-06-26 21:00:00,0.919,0.95,1.0,1.0,1.0,0.766
2012-06-26 22:00:00,0.903,0.95,1.0,1.0,1.0,0.754
2012-06-26 23:00:00,0.868,0.95,1.0,1.0,1.0,0.752
2012-06-27 00:00:00,0.84,0.95,1.0,1.0,1.0,0.725
2012-06-27 01:00:00,0.825,0.95,1.0,1.0,1.0,0.69
2012-06-27 02:00:00,0.834,0.933,1.0,1.0,1.0,0.675
2012-06-27 03:00:00,0.855,0.853,1.0,1.0,1.0,0.672
2012-06-27 04:00:00,0.855,0.863,1.0,1.0,1.0,0.669
2012-06-27 05:00:00,0.854,0.91,1.0,1.0,1.0,0.669
2012-06-27 06:00:00,0.849,0.946,1.0,1.0,1.0,0.67
2012-06-27 07:00:00,0.845,0.949,1.0,1.0,1.0,0.675
2012-06-27 08:00:00,0.834,0.95,1.0,1.0,1.0,0.697
2012-06-27 09:00:00,0.812,0.95,1.0,1.0,1.0,0.703
2012-06-27 10:00:00,0.791,0.95,1.0,1.0,1.0,0.69
2012-06-27 11:00:00,0.761,0.95,1.0,1.0,1.0,0.652
2012-06-27 12:00:00,0.771,0.95,1.0,1.0,0.999,0.65
2012-06-27 13:00:00,0.751,0.95,1.0,1.0,0.998,0.635
2012-06-27 14:00:00,0.703,0.95,1.0,1.0,0.998,0.614
2012-06-27 15:00:00,0.636,0.95,1.0,1.0,0.997,0.602
2012-06-27 16:00:00,0.565,0.95,1.0,1.0,0.998,0.588
2012-06-27 17:00:00,0.502,0.932,1.0,1.0,0.999,0.621
2012-06-27 18:00:00,0.453,0.844,1.0,1.0,0.999,0.619
2012-06-27 19:00:00,0.415,0.75,1.0,1.0,0.999,0.598
2012-06-27 20:00:00,0.363,0.776,0.999,0.999,0.999,0.59
2012-06-27 21:00:00,0.3,0.754,0.999,0.999,0.998,0.594
2012-06-27 22:00:00,0.257,0.59,0.997,0.997,0.996,0.617
2012-06-27 23:00:00,0.182,0.487,0.995,0.995,0.992,0.618
2012-06-28 00:00:00,0.178,0.416,0.993,0.993,0.989,0.644
2012-06-28 01:00:00,0.158,0.36,0.993,0.993,0.978,0.682
2012-06-28 02:00:00,0.136,0.346,0.991,0.991,0.966,0.711
2012-06-28 03:00:00,0.127,0.292,0.976,0.976,0.944,0.737
2012-06-28 04:00:00,0.106,0.192,0.948,0.948,0.917,0.715
2012-06-28 05:00:00,0.102,0.148,0.934,0.934,0.896,0.705
2012-06-28 06:00:00,0.1,0.152,0.908,0.908,0.868,0.726
2012-06-28 07:00:00,0.091,0.207,0.88,0.88,0.874,0.709
2012-06-28 08:00:00,0.087,0.325,0.86,0.86,0.908,0.718
2012-06-28 09:00:00,0.091,0.476,0.885,0.885,0.946,0.682
2012-06-28 10:00:00,0.09,0.557,0.849,0.849,0.836,0.68
2012-06-28 11:00:00,0.07,0.645,0.868,0.868,0.842,0.638
2012-06-28 12:00:00,0.063,0.663,0.885,0.885,0.787,0.637
2012-06-28 13:00:00,0.063,0.741,0.843,0.843,0.661,0.623
2012-06-28 14:00:00,0.065,0.791,0.802,0.802,0.584,0.564
2012-06-28 15:00:00,0.068,0.783,0.804,0.804,0.588,0.486
2012-06-28 16:00:00,0.079,0.759,0.841,0.841,0.591,0.425
2012-06-28 17:00:00,0.084,0.648,0.796,0.796,0.554,0.41
2012-06-28 18:00:00,0.085,0.54,0.791,0.791,0.533,0.419
2012-06-28 19:00:00,0.076,0.55,0.761,0.761,0.499,0.395
2012-06-28 20:00:00,0.058,0.524,0.7,0.7,0.452,0.346
2012-06-28 21:00:00,0.045,0.406,0.65,0.65,0.414,0.376
2012-06-28 22:00:00,0.036,0.219,0.516,0.516,0.215,0.427
2012-06-28 23:00:00,0.022,0.184,0.473,0.473,0.191,0.309
2012-06-29 00:00:00,0.02,0.135,0.437,0.437,0.188,0.299
2012-06-29 01:00:00,0.02,0.097,0.397,0.397,0.205,0.324
2012-06-29 02:00:00,0.019,0.058,0.365,0.365,0.213,0.356
2012-06-29 03:00:00,0.016,0.037,0.339,0.339,0.182,0.36
2012-06-29 04:00:00,0.011,0.052,0.266,0.266,0.122,0.335
2012-06-29 05:00:00,0.006,0.078,0.174,0.174,0.076,0.286
2012-06-29 06:00:00,0.003,0.07,0.105,0.105,0.045,0.232
2012-06-29 07:00:00,0.002,0.05,0.087,0.087,0.04,0.178
2012-06-29 08:00:00,0.008,0.045,0.124,0.124,0.046,0.126
2012-06-29 09:00:00,0.036,0.047,0.175,0.175,0.051,0.099
2012-06-29 10:00:00,0.068,0.052,0.15,0.15,0.063,0.076
2012-06-29 11:00:00,0.1,0.061,0.161,0.161,0.048,0.06
2012-06-29 12:00:00,0.099,0.063,0.138,0.138,0.029,0.046
2012-06-29 13:00:00,0.127,0.068,0.106,0.106,0.008,0.03
2012-06-29 14:00:00,0.17,0.061,0.047,0.047,0.002,0.019
2012-06-29 15:00:00,0.212,0.038,0.02,0.02,0.001,0.007
2012-06-29 16:00:00,0.21,0.017,0.01,0.01,0.0,0.006
2012-06-29 17:00:00,0.31,0.001,0.005,0.005,0.001,0.006
2012-06-29 18:00:00,0.456,0.0,0.002,0.002,0.002,0.008
2012-06-29 19:00:00,0.581,0.0,0.001,0.001,0.009,0.007
2012-06-29 20:00:00,0.705,0.0,0.002,0.002,0.029,0.014
2012-06-29 21:00:00,0.823,0.0,0.011,0.011,0.073,0.032
2012-06-29 22:00:00,0.858,0.0,0.035,0.035,0.113,0.046
2012-06-29 23:00:00,0.878,0.0,0.074,0.074,0.213,0.059
2012-06-30 00:00:00,0.888,0.0,0.118,0.118,0.299,0.077
2012-06-30 01:00:00,0.877,0.0,0.149,0.149,0.3,0.106
2012-06-30 02:00:00,0.836,0.0,0.193,0.193,0.349,0.138
2012-06-30 03:00:00,0.849,0.0,0.211,0.211,0.321,0.182
2012-06-30 04:00:00,0.867,0.001,0.203,0.203,0.376,0.219
2012-06-30 05:00:00,0.856,0.007,0.236,0.236,0.438,0.261
2012-06-30 06:00:00,0.853,0.013,0.238,0.238,0.469,0.325
2012-06-30 07:00:00,0.839,0.03,0.212,0.212,0.472,0.398
2012-06-30 08:00:00,0.804,0.047,0.235,0.235,0.553,0.488
2012-06-30 09:00:00,0.769,0.088,0.275,0.275,0.684,0.568
2012-06-30 10:00:00,0.684,0.137,0.228,0.228,0.677,0.612
2012-06-30 11:00:00,0.707,0.171,0.364,0.364,0.643,0.583
2012-06-30 12:00:00,0.613,0.228,0.393,0.393,0.677,0.603
2012-06-30 13:00:00,0.555,0.266,0.424,0.424,0.471,0.624
2012-06-30 14:00:00,0.538,0.302,0.497,0.497,0.217,0.65
2012-06-30 15:00:00,0.541,0.4,0.522,0.522,0.148,0.626
2012-06-30 16:00:00,0.636,0.516,0.585,0.585,0.234,0.654
2012-06-30 17:00:00,0.676,0.6,0.586,0.586,0.371,0.697
2012-06-30 18:00:00,0.703,0.738,0.612,0.612,0.562,0.733
2012-06-30 19:00:00,0.716,0.881,0.778,0.778,0.721,0.736
2012-06-30 20:00:00,0.731,0.914,0.907,0.907,0.71,0.73
2012-06-30 21:00:00,0.746,0.92,0.946,0.946,0.859,0.755
2012-06-30 22:00:00,0.766,0.947,0.99,0.99,0.962,0.783
2012-06-30 23:00:00,0.79,0.95,0.934,0.934,0.99,0.777
2012-07-01 00:00:00,0.827,0.95,0.876,0.876,0.943,0.781
2012-07-01 01:00:00,0.847,0.949,0.789,0.789,0.778,0.792
2012-07-01 02:00:00,0.847,0.947,0.79,0.79,0.705,0.768
2012-07-01 03:00:00,0.831,0.943,0.676,0.676,0.43,0.729
2012-07-01 04:00:00,0.82,0.905,0.498,0.498,0.181,0.694
2012-07-01 05:00:00,0.804,0.892,0.331,0.331,0.085,0.557
2012-07-01 06:00:00,0.784,0.923,0.227,0.227,0.046,0.415
2012-07-01 07:00:00,0.773,0.932,0.119,0.119,0.034,0.355
2012-07-01 08:00:00,0.757,0.934,0.067,0.067,0.048,0.325
2012-07-01 09:00:00,0.727,0.886,0.144,0.144,0.06,0.333
2012-07-01 10:00:00,0.682,0.75,0.273,0.273,0.041,0.375
2012-07-01 11:00:00,0.563,0.499,0.323,0.323,0.011,0.395
2012-07-01 12:00:00,0.586,0.365,0.205,0.205,0.002,0.398
2012-07-01 13:00:00,0.586,0.229,0.155,0.155,0.001,0.33
2012-07-01 14:00:00,0.599,0.128,0.107,0.107,0.0,0.298
2012-07-01 15:00:00,0.601,0.16,0.079,0.079,0.001,0.3
2012-07-01 16:00:00,0.57,0.146,0.052,0.052,0.002,0.293
2012-07-01 17:00:00,0.531,0.172,0.042,0.042,0.01,0.329
2012-07-01 18:00:00,0.514,0.222,0.021,0.021,0.031,0.408
2012-07-01 19:00:00,0.516,0.247,0.009,0.009,0.058,0.409
2012-07-01 20:00:00,0.495,0.228,0.008,0.008,0.108,0.367
2012-07-01 21:00:00,0.451,0.194,0.004,0.004,0.23,0.343
2012-07-01 22:00:00,0.411,0.221,0.008,0.008,0.49,0.321
2012-07-01 23:00:00,0.335,0.115,0.037,0.037,0.372,0.285
2012-07-02 00:00:00,0.298,0.112,0.07,0.07,0.367,0.246
2012-07-02 01:00:00,0.289,0.027,0.12,0.12,0.568,0.237
2012-07-02 02:00:00,0.335,0.015,0.452,0.452,0.748,0.248
2012-07-02 03:00:00,0.489,0.0,0.503,0.503,0.767,0.269
2012-07-02 04:00:00,0.607,0.0,0.428,0.428,0.474,0.346
2012-07-02 05:00:00,0.582,0.031,0.507,0.507,0.643,0.47
2012-07-02 06:00:00,0.554,0.127,0.704,0.704,0.81,0.492
2012-07-02 07:00:00,0.543,0.176,0.572,0.572,0.514,0.537
2012-07-02 08:00:00,0.563,0.355,0.476,0.476,0.469,0.63
2012-07-02 09:00:00,0.652,0.533,0.626,0.626,0.558,0.657
2012-07-02 10:00:00,0.729,0.583,0.427,0.427,0.53,0.61
2012-07-02 11:00:00,0.641,0.421,0.276,0.276,0.581,0.523
2012-07-02 12:00:00,0.639,0.308,0.391,0.391,0.569,0.528
2012-07-02 13:00:00,0.69,0.351,0.533,0.533,0.651,0.539
2012-07-02 14:00:00,0.742,0.486,0.421,0.421,0.848,0.638
2012-07-02 15:00:00,0.763,0.344,0.475,0.475,0.841,0.693
2012-07-02 16:00:00,0.729,0.281,0.484,0.484,0.614,0.737
2012-07-02 17:00:00,0.723,0.351,0.557,0.557,0.458,0.661
2012-07-02 18:00:00,0.749,0.462,0.705,0.705,0.3,0.652
2012-07-02 19:00:00,0.773,0.262,0.738,0.738,0.233,0.691
2012-07-02 20:00:00,0.792,0.181,0.667,0.667,0.211,0.715
2012-07-02 21:00:00,0.789,0.38,0.538,0.538,0.157,0.723
2012-07-02 22:00:00,0.769,0.517,0.44,0.44,0.127,0.673
2012-07-02 23:00:00,0.784,0.624,0.186,0.186,0.054,0.609
2012-07-03 00:00:00,0.82,0.398,0.162,0.162,0.15,0.474
2012-07-03 01:00:00,0.808,0.3,0.237,0.237,0.121,0.428
2012-07-03 02:00:00,0.762,0.551,0.594,0.594,0.029,0.579
2012-07-03 03:00:00,0.69,0.836,0.809,0.809,0.004,0.692
2012-07-03 04:00:00,0.542,0.436,0.475,0.475,0.008,0.545
2012-07-03 05:00:00,0.351,0.484,0.108,0.108,0.025,0.405
2012-07-03 06:00:00,0.251,0.622,0.059,0.059,0.043,0.472
2012-07-03 07:00:00,0.28,0.392,0.109,0.109,0.046,0.544
2012-07-03 08:00:00,0.344,0.256,0.117,0.117,0.045,0.601
2012-07-03 09:00:00,0.424,0.375,0.089,0.089,0.036,0.568
2012-07-03 10:00:00,0.504,0.45,0.069,0.069,0.013,0.523
2012-07-03 11:00:00,0.489,0.257,0.055,0.055,0.007,0.398
2012-07-03 12:00:00,0.431,0.144,0.041,0.041,0.001,0.392
2012-07-03 13:00:00,0.296,0.113,0.022,0.022,0.002,0.377
2012-07-03 14:00:00,0.216,0.119,0.016,0.016,0.009,0.367
2012-07-03 15:00:00,0.192,0.148,0.01,0.01,0.014,0.387
2012-07-03 16:00:00,0.177,0.151,0.005,0.005,0.014,0.344
2012-07-03 17:00:00,0.141,0.063,0.008,0.008,0.014,0.291
2012-07-03 18:00:00,0.13,0.027,0.013,0.013,0.01,0.272
2012-07-03 19:00:00,0.145,0.039,0.005,0.005,0.013,0.27
2012-07-03 20:00:00,0.162,0.023,0.01,0.01,0.053,0.273
2012-07-03 21:00:00,0.173,0.033,0.054,0.054,0.077,0.264
2012-07-03 22:00:00,0.218,0.023,0.074,0.074,0.09,0.25
2012-07-03 23:00:00,0.276,0.023,0.096,0.096,0.159,0.247
2012-07-04 00:00:00,0.319,0.015,0.142,0.142,0.216,0.225
2012-07-04 01:00:00,0.339,0.0,0.159,0.159,0.268,0.186
2012-07-04 02:00:00,0.323,0.0,0.101,0.101,0.341,0.158
2012-07-04 03:00:00,0.276,0.0,0.255,0.255,0.412,0.133
2012-07-04 04:00:00,0.263,0.0,0.408,0.408,0.477,0.117
2012-07-04 05:00:00,0.317,0.0,0.577,0.577,0.44,0.118
2012-07-04 06:00:00,0.344,0.005,0.741,0.741,0.428,0.156
2012-07-04 07:00:00,0.312,0.003,0.758,0.758,0.486,0.178
2012-07-04 08:00:00,0.269,0.025,0.77,0.77,0.528,0.167
2012-07-04 09:00:00,0.247,0.053,0.742,0.742,0.561,0.135
2012-07-04 10:00:00,0.239,0.092,0.413,0.413,0.375,0.108
2012-07-04 11:00:00,0.173,0.141,0.42,0.42,0.297,0.053
2012-07-04 12:00:00,0.15,0.153,0.436,0.436,0.276,0.056
2012-07-04 13:00:00,0.125,0.106,0.501,0.501,0.364,0.08
2012-07-04 14:00:00,0.106,0.11,0.4,0.4,0.393,0.107
2012-07-04 15:00:00,0.106,0.183,0.344,0.344,0.413,0.102
2012-07-04 16:00:00,0.117,0.238,0.293,0.293,0.393,0.096
2012-07-04 17:00:00,0.144,0.364,0.269,0.269,0.336,0.091
2012-07-04 18:00:00,0.208,0.508,0.323,0.323,0.302,0.081
2012-07-04 19:00:00,0.256,0.621,0.395,0.395,0.298,0.082
2012-07-04 20:00:00,0.249,0.595,0.372,0.372,0.408,0.107
2012-07-04 21:00:00,0.31,0.624,0.323,0.323,0.407,0.116
2012-07-04 22:00:00,0.378,0.693,0.291,0.291,0.26,0.115
2012-07-04 23:00:00,0.29,0.692,0.22,0.22,0.191,0.133
2012-07-05 00:00:00,0.299,0.745,0.244,0.244,0.196,0.13
2012-07-05 01:00:00,0.329,0.738,0.303,0.303,0.183,0.155
2012-07-05 02:00:00,0.348,0.664,0.311,0.311,0.209,0.205
2012-07-05 03:00:00,0.348,0.549,0.24,0.24,0.246,0.251
2012-07-05 04:00:00,0.338,0.5,0.201,0.201,0.237,0.268
2012-07-05 05:00:00,0.331,0.432,0.195,0.195,0.182,0.285
2012-07-05 06:00:00,0.35,0.336,0.159,0.159,0.137,0.31
2012-07-05 07:00:00,0.357,0.305,0.148,0.148,0.127,0.313
2012-07-05 08:00:00,0.412,0.284,0.165,0.165,0.134,0.316
2012-07-05 09:00:00,0.486,0.233,0.187,0.187,0.143,0.327
2012-07-05 10:00:00,0.486,0.198,0.254,0.254,0.183,0.316
2012-07-05 11:00:00,0.394,0.103,0.208,0.208,0.196,0.243
2012-07-05 12:00:00,0.406,0.091,0.182,0.182,0.249,0.227
2012-07-05 13:00:00,0.446,0.071,0.164,0.164,0.294,0.239
2012-07-05 14:00:00,0.494,0.042,0.169,0.169,0.322,0.278
2012-07-05 15:00:00,0.515,0.049,0.196,0.196,0.353,0.317
2012-07-05 16:00:00,0.521,0.061,0.187,0.187,0.37,0.35
2012-07-05 17:00:00,0.541,0.061,0.17,0.17,0.419,0.346
2012-07-05 18:00:00,0.563,0.048,0.133,0.133,0.469,0.328
2012-07-05 19:00:00,0.606,0.032,0.106,0.106,0.438,0.298
2012-07-05 20:00:00,0.651,0.026,0.106,0.106,0.314,0.276
2012-07-05 21:00:00,0.714,0.017,0.114,0.114,0.23,0.285
2012-07-05 22:00:00,0.751,0.005,0.139,0.139,0.141,0.303
2012-07-05 23:00:00,0.764,0.028,0.083,0.083,0.136,0.332
2012-07-06 00:00:00,0.723,0.029,0.032,0.032,0.114,0.272
2012-07-06 01:00:00,0.663,0.022,0.019,0.019,0.076,0.184
2012-07-06 02:00:00,0.595,0.006,0.013,0.013,0.06,0.143
2012-07-06 03:00:00,0.57,0.002,0.006,0.006,0.036,0.129
2012-07-06 04:00:00,0.595,0.013,0.004,0.004,0.042,0.124
2012-07-06 05:00:00,0.565,0.037,0.011,0.011,0.043,0.135
2012-07-06 06:00:00,0.564,0.037,0.011,0.011,0.045,0.162
2012-07-06 07:00:00,0.614,0.026,0.009,0.009,0.049,0.178
2012-07-06 08:00:00,0.646,0.012,0.005,0.005,0.046,0.166
2012-07-06 09:00:00,0.661,0.001,0.004,0.004,0.051,0.16
2012-07-06 10:00:00,0.665,0.002,0.021,0.021,0.127,0.132
2012-07-06 11:00:00,0.691,0.008,0.044,0.044,0.156,0.116
2012-07-06 12:00:00,0.711,0.003,0.059,0.059,0.188,0.11
2012-07-06 13:00:00,0.705,0.0,0.072,0.072,0.273,0.127
2012-07-06 14:00:00,0.644,0.0,0.132,0.132,0.391,0.13
2012-07-06 15:00:00,0.57,0.0,0.198,0.198,0.5,0.127
2012-07-06 16:00:00,0.504,0.0,0.204,0.204,0.678,0.116
2012-07-06 17:00:00,0.466,0.012,0.187,0.187,0.819,0.109
2012-07-06 18:00:00,0.448,0.025,0.231,0.231,0.84,0.106
2012-07-06 19:00:00,0.461,0.044,0.325,0.325,0.829,0.1
2012-07-06 20:00:00,0.519,0.051,0.401,0.401,0.876,0.14
2012-07-06 21:00:00,0.57,0.003,0.409,0.409,0.945,0.187
2012-07-06 22:00:00,0.589,0.0,0.423,0.423,0.925,0.184
2012-07-06 23:00:00,0.757,0.0,0.301,0.301,0.84,0.212
2012-07-07 00:00:00,0.774,0.0,0.328,0.328,0.782,0.183
2012-07-07 01:00:00,0.66,0.001,0.417,0.417,0.752,0.177
2012-07-07 02:00:00,0.691,0.006,0.542,0.542,0.734,0.199
2012-07-07 03:00:00,0.678,0.018,0.738,0.738,0.69,0.229
2012-07-07 04:00:00,0.676,0.049,0.82,0.82,0.618,0.278
2012-07-07 05:00:00,0.706,0.124,0.859,0.859,0.559,0.314
2012-07-07 06:00:00,0.734,0.233,0.86,0.86,0.504,0.402
2012-07-07 07:00:00,0.692,0.328,0.854,0.854,0.399,0.502
2012-07-07 08:00:00,0.633,0.42,0.801,0.801,0.229,0.571
2012-07-07 09:00:00,0.567,0.393,0.719,0.719,0.116,0.583
2012-07-07 10:00:00,0.555,0.395,0.32,0.32,0.019,0.592
2012-07-07 11:00:00,0.508,0.444,0.217,0.217,0.005,0.508
2012-07-07 12:00:00,0.483,0.429,0.19,0.19,0.009,0.427
2012-07-07 13:00:00,0.394,0.487,0.18,0.18,0.14,0.37
2012-07-07 14:00:00,0.35,0.504,0.115,0.115,0.005,0.285
2012-07-07 15:00:00,0.317,0.485,0.052,0.052,0.002,0.18
2012-07-07 16:00:00,0.298,0.59,0.068,0.068,0.001,0.107
2012-07-07 17:00:00,0.24,0.724,0.265,0.265,0.001,0.079
2012-07-07 18:00:00,0.161,0.664,0.049,0.049,0.001,0.063
2012-07-07 19:00:00,0.101,0.575,0.033,0.033,0.004,0.064
2012-07-07 20:00:00,0.079,0.42,0.049,0.049,0.01,0.056
2012-07-07 21:00:00,0.073,0.264,0.056,0.056,0.004,0.069
2012-07-07 22:00:00,0.069,0.259,0.017,0.017,0.01,0.087
2012-07-07 23:00:00,0.093,0.171,0.011,0.011,0.007,0.094
2012-07-08 00:00:00,0.077,0.037,0.003,0.003,0.004,0.094
2012-07-08 01:00:00,0.066,0.002,0.001,0.001,0.001,0.098
2012-07-08 02:00:00,0.047,0.0,0.002,0.002,0.0,0.102
2012-07-08 03:00:00,0.067,0.0,0.006,0.006,0.002,0.102
2012-07-08 04:00:00,0.088,0.0,0.023,0.023,0.005,0.106
2012-07-08 05:00:00,0.071,0.0,0.042,0.042,0.023,0.095
2012-07-08 06:00:00,0.047,0.0,0.045,0.045,0.029,0.114
2012-07-08 07:00:00,0.027,0.0,0.038,0.038,0.021,0.114
2012-07-08 08:00:00,0.016,0.0,0.039,0.039,0.011,0.12
2012-07-08 09:00:00,0.016,0.0,0.051,0.051,0.003,0.131
2012-07-08 10:00:00,0.023,0.0,0.07,0.07,0.031,0.121
2012-07-08 11:00:00,0.046,0.0,0.1,0.1,0.013,0.071
2012-07-08 12:00:00,0.083,0.0,0.038,0.038,0.02,0.06
2012-07-08 13:00:00,0.103,0.0,0.06,0.06,0.036,0.053
2012-07-08 14:00:00,0.11,0.0,0.14,0.14,0.046,0.055
2012-07-08 15:00:00,0.102,0.0,0.158,0.158,0.064,0.048
2012-07-08 16:00:00,0.07,0.0,0.091,0.091,0.02,0.047
2012-07-08 17:00:00,0.045,0.001,0.025,0.025,0.007,0.042
2012-07-08 18:00:00,0.039,0.0,0.017,0.017,0.014,0.035
2012-07-08 19:00:00,0.032,0.008,0.049,0.049,0.028,0.022
2012-07-08 20:00:00,0.028,0.034,0.077,0.077,0.03,0.018
2012-07-08 21:00:00,0.019,0.032,0.108,0.108,0.021,0.031
2012-07-08 22:00:00,0.007,0.033,0.016,0.016,0.031,0.058
2012-07-08 23:00:00,0.01,0.003,0.074,0.074,0.123,0.04
2012-07-09 00:00:00,0.01,0.043,0.175,0.175,0.159,0.074
2012-07-09 01:00:00,0.012,0.111,0.189,0.189,0.129,0.098
2012-07-09 02:00:00,0.041,0.115,0.14,0.14,0.128,0.078
2012-07-09 03:00:00,0.119,0.083,0.212,0.212,0.071,0.082
2012-07-09 04:00:00,0.201,0.059,0.277,0.277,0.047,0.102
2012-07-09 05:00:00,0.234,0.049,0.263,0.263,0.038,0.112
2012-07-09 06:00:00,0.249,0.105,0.281,0.281,0.037,0.104
2012-07-09 07:00:00,0.286,0.164,0.39,0.39,0.031,0.137
2012-07-09 08:00:00,0.345,0.14,0.41,0.41,0.033,0.185
2012-07-09 09:00:00,0.368,0.26,0.419,0.419,0.027,0.215
2012-07-09 10:00:00,0.385,0.395,0.218,0.218,0.012,0.233
2012-07-09 11:00:00,0.209,0.339,0.18,0.18,0.008,0.148
2012-07-09 12:00:00,0.132,0.288,0.2,0.2,0.003,0.186
2012-07-09 13:00:00,0.136,0.366,0.132,0.132,0.0,0.223
2012-07-09 14:00:00,0.192,0.507,0.06,0.06,0.001,0.221
2012-07-09 15:00:00,0.235,0.482,0.024,0.024,0.008,0.168
2012-07-09 16:00:00,0.33,0.321,0.011,0.011,0.024,0.131
2012-07-09 17:00:00,0.429,0.231,0.01,0.01,0.052,0.119
2012-07-09 18:00:00,0.444,0.18,0.006,0.006,0.084,0.105
2012-07-09 19:00:00,0.448,0.135,0.008,0.008,0.083,0.118
2012-07-09 20:00:00,0.475,0.099,0.033,0.033,0.114,0.135
2012-07-09 21:00:00,0.494,0.103,0.09,0.09,0.197,0.113
2012-07-09 22:00:00,0.5,0.102,0.213,0.213,0.226,0.087
2012-07-09 23:00:00,0.359,0.081,0.227,0.227,0.136,0.106
2012-07-10 00:00:00,0.386,0.059,0.293,0.293,0.143,0.119
2012-07-10 01:00:00,0.493,0.051,0.285,0.285,0.261,0.152
2012-07-10 02:00:00,0.55,0.067,0.236,0.236,0.32,0.182
2012-07-10 03:00:00,0.603,0.107,0.277,0.277,0.36,0.151
2012-07-10 04:00:00,0.636,0.15,0.408,0.408,0.491,0.132
2012-07-10 05:00:00,0.638,0.203,0.484,0.484,0.586,0.164
2012-07-10 06:00:00,0.574,0.25,0.384,0.384,0.581,0.185
2012-07-10 07:00:00,0.509,0.307,0.345,0.345,0.552,0.189
2012-07-10 08:00:00,0.485,0.376,0.429,0.429,0.532,0.192
2012-07-10 09:00:00,0.493,0.456,0.464,0.464,0.55,0.238
2012-07-10 10:00:00,0.538,0.263,0.432,0.432,0.424,0.274
2012-07-10 11:00:00,0.603,0.147,0.462,0.462,0.39,0.285
2012-07-10 12:00:00,0.717,0.196,0.44,0.44,0.438,0.387
2012-07-10 13:00:00,0.833,0.207,0.392,0.392,0.524,0.471
2012-07-10 14:00:00,0.871,0.286,0.357,0.357,0.537,0.521
2012-07-10 15:00:00,0.882,0.37,0.322,0.322,0.533,0.598
2012-07-10 16:00:00,0.879,0.601,0.326,0.326,0.579,0.65
2012-07-10 17:00:00,0.844,0.678,0.369,0.369,0.696,0.661
2012-07-10 18:00:00,0.779,0.664,0.472,0.472,0.624,0.684
2012-07-10 19:00:00,0.72,0.635,0.575,0.575,0.526,0.737
2012-07-10 20:00:00,0.699,0.582,0.58,0.58,0.516,0.775
2012-07-10 21:00:00,0.694,0.57,0.545,0.545,0.56,0.763
2012-07-10 22:00:00,0.703,0.515,0.588,0.588,0.622,0.765
2012-07-10 23:00:00,0.744,0.522,0.54,0.54,0.743,0.823
2012-07-11 00:00:00,0.702,0.557,0.542,0.542,0.774,0.786
2012-07-11 01:00:00,0.648,0.625,0.568,0.568,0.717,0.773
2012-07-11 02:00:00,0.598,0.599,0.522,0.522,0.724,0.779
2012-07-11 03:00:00,0.575,0.509,0.507,0.507,0.752,0.776
2012-07-11 04:00:00,0.547,0.431,0.56,0.56,0.754,0.744
2012-07-11 05:00:00,0.527,0.417,0.644,0.644,0.81,0.735
2012-07-11 06:00:00,0.493,0.458,0.735,0.735,0.86,0.717
2012-07-11 07:00:00,0.463,0.557,0.746,0.746,0.822,0.729
2012-07-11 08:00:00,0.439,0.647,0.769,0.769,0.731,0.741
2012-07-11 09:00:00,0.408,0.662,0.719,0.719,0.707,0.73
2012-07-11 10:00:00,0.375,0.631,0.552,0.552,0.554,0.714
2012-07-11 11:00:00,0.352,0.535,0.539,0.539,0.513,0.67
2012-07-11 12:00:00,0.35,0.494,0.577,0.577,0.384,0.679
2012-07-11 13:00:00,0.318,0.5,0.565,0.565,0.283,0.696
2012-07-11 14:00:00,0.257,0.608,0.56,0.56,0.262,0.699
2012-07-11 15:00:00,0.201,0.708,0.493,0.493,0.23,0.705
2012-07-11 16:00:00,0.161,0.75,0.493,0.493,0.178,0.677
2012-07-11 17:00:00,0.121,0.727,0.452,0.452,0.114,0.653
2012-07-11 18:00:00,0.095,0.733,0.388,0.388,0.065,0.606
2012-07-11 19:00:00,0.074,0.754,0.326,0.326,0.036,0.542
2012-07-11 20:00:00,0.049,0.732,0.258,0.258,0.032,0.498
2012-07-11 21:00:00,0.025,0.702,0.212,0.212,0.04,0.467
2012-07-11 22:00:00,0.016,0.676,0.153,0.153,0.082,0.44
2012-07-11 23:00:00,0.022,0.623,0.151,0.151,0.103,0.351
2012-07-12 00:00:00,0.046,0.632,0.146,0.146,0.117,0.325
2012-07-12 01:00:00,0.065,0.666,0.148,0.148,0.149,0.29
2012-07-12 02:00:00,0.058,0.676,0.188,0.188,0.172,0.235
2012-07-12 03:00:00,0.056,0.582,0.244,0.244,0.166,0.184
2012-07-12 04:00:00,0.062,0.441,0.277,0.277,0.122,0.156
2012-07-12 05:00:00,0.067,0.349,0.264,0.264,0.119,0.142
2012-07-12 06:00:00,0.075,0.301,0.233,0.233,0.123,0.128
2012-07-12 07:00:00,0.089,0.29,0.17,0.17,0.126,0.131
2012-07-12 08:00:00,0.101,0.343,0.124,0.124,0.116,0.136
2012-07-12 09:00:00,0.107,0.378,0.172,0.172,0.086,0.142
2012-07-12 10:00:00,0.12,0.36,0.19,0.19,0.084,0.158
2012-07-12 11:00:00,0.092,0.281,0.074,0.074,0.089,0.185
2012-07-12 12:00:00,0.105,0.252,0.038,0.038,0.14,0.186
2012-07-12 13:00:00,0.134,0.227,0.039,0.039,0.149,0.209
2012-07-12 14:00:00,0.173,0.253,0.037,0.037,0.098,0.227
2012-07-12 15:00:00,0.21,0.24,0.066,0.066,0.042,0.274
2012-07-12 16:00:00,0.252,0.268,0.079,0.079,0.088,0.346
2012-07-12 17:00:00,0.266,0.277,0.093,0.093,0.278,0.292
2012-07-12 18:00:00,0.238,0.196,0.12,0.12,0.149,0.24
2012-07-12 19:00:00,0.221,0.177,0.121,0.121,0.081,0.276
2012-07-12 20:00:00,0.226,0.227,0.128,0.128,0.087,0.313
2012-07-12 21:00:00,0.244,0.293,0.145,0.145,0.128,0.273
2012-07-12 22:00:00,0.253,0.212,0.154,0.154,0.25,0.254
2012-07-12 23:00:00,0.387,0.119,0.176,0.176,0.318,0.252
2012-07-13 00:00:00,0.434,0.12,0.197,0.197,0.327,0.25
2012-07-13 01:00:00,0.469,0.11,0.238,0.238,0.41,0.275
2012-07-13 02:00:00,0.522,0.067,0.263,0.263,0.411,0.298
2012-07-13 03:00:00,0.497,0.051,0.302,0.302,0.308,0.272
2012-07-13 04:00:00,0.49,0.054,0.317,0.317,0.271,0.269
2012-07-13 05:00:00,0.429,0.089,0.363,0.363,0.247,0.296
2012-07-13 06:00:00,0.35,0.097,0.312,0.312,0.314,0.267
2012-07-13 07:00:00,0.317,0.129,0.227,0.227,0.366,0.264
2012-07-13 08:00:00,0.323,0.254,0.234,0.234,0.354,0.254
2012-07-13 09:00:00,0.346,0.308,0.302,0.302,0.264,0.263
2012-07-13 10:00:00,0.399,0.25,0.187,0.187,0.287,0.32
2012-07-13 11:00:00,0.466,0.116,0.185,0.185,0.235,0.235
2012-07-13 12:00:00,0.531,0.106,0.178,0.178,0.102,0.241
2012-07-13 13:00:00,0.579,0.086,0.252,0.252,0.142,0.269
2012-07-13 14:00:00,0.626,0.069,0.209,0.209,0.158,0.307
2012-07-13 15:00:00,0.694,0.077,0.181,0.181,0.133,0.342
2012-07-13 16:00:00,0.724,0.091,0.171,0.171,0.127,0.374
2012-07-13 17:00:00,0.749,0.104,0.255,0.255,0.162,0.419
2012-07-13 18:00:00,0.801,0.108,0.327,0.327,0.199,0.413
2012-07-13 19:00:00,0.801,0.13,0.314,0.314,0.402,0.419
2012-07-13 20:00:00,0.795,0.188,0.263,0.263,0.589,0.409
2012-07-13 21:00:00,0.767,0.272,0.293,0.293,0.774,0.388
2012-07-13 22:00:00,0.734,0.343,0.421,0.421,0.903,0.386
2012-07-13 23:00:00,0.729,0.365,0.635,0.635,0.888,0.394
2012-07-14 00:00:00,0.679,0.377,0.731,0.731,0.887,0.417
2012-07-14 01:00:00,0.599,0.372,0.782,0.782,0.857,0.432
2012-07-14 02:00:00,0.515,0.557,0.828,0.828,0.803,0.426
2012-07-14 03:00:00,0.419,0.611,0.862,0.862,0.784,0.421
2012-07-14 04:00:00,0.352,0.564,0.833,0.833,0.766,0.438
2012-07-14 05:00:00,0.268,0.65,0.806,0.806,0.73,0.428
2012-07-14 06:00:00,0.178,0.699,0.838,0.838,0.635,0.4
2012-07-14 07:00:00,0.123,0.678,0.85,0.85,0.527,0.447
2012-07-14 08:00:00,0.093,0.718,0.812,0.812,0.475,0.471
2012-07-14 09:00:00,0.083,0.783,0.711,0.711,0.462,0.473
2012-07-14 10:00:00,0.081,0.819,0.429,0.429,0.288,0.483
2012-07-14 11:00:00,0.058,0.766,0.35,0.35,0.236,0.398
2012-07-14 12:00:00,0.049,0.751,0.252,0.252,0.215,0.416
2012-07-14 13:00:00,0.051,0.724,0.186,0.186,0.234,0.41
2012-07-14 14:00:00,0.064,0.633,0.134,0.134,0.279,0.35
2012-07-14 15:00:00,0.086,0.513,0.106,0.106,0.297,0.343
2012-07-14 16:00:00,0.111,0.405,0.131,0.131,0.238,0.326
2012-07-14 17:00:00,0.13,0.281,0.176,0.176,0.301,0.319
2012-07-14 18:00:00,0.14,0.188,0.161,0.161,0.496,0.332
2012-07-14 19:00:00,0.136,0.163,0.135,0.135,0.632,0.329
2012-07-14 20:00:00,0.142,0.183,0.177,0.177,0.654,0.293
2012-07-14 21:00:00,0.148,0.216,0.271,0.271,0.599,0.295
2012-07-14 22:00:00,0.136,0.2,0.411,0.411,0.689,0.35
2012-07-14 23:00:00,0.2,0.179,0.39,0.39,0.666,0.567
2012-07-15 00:00:00,0.192,0.184,0.361,0.361,0.608,0.56
2012-07-15 01:00:00,0.202,0.16,0.374,0.374,0.514,0.536
2012-07-15 02:00:00,0.23,0.161,0.412,0.412,0.432,0.51
2012-07-15 03:00:00,0.261,0.259,0.436,0.436,0.374,0.489
2012-07-15 04:00:00,0.262,0.343,0.466,0.466,0.369,0.469
2012-07-15 05:00:00,0.21,0.352,0.414,0.414,0.317,0.472
2012-07-15 06:00:00,0.188,0.507,0.352,0.352,0.377,0.494
2012-07-15 07:00:00,0.226,0.632,0.411,0.411,0.41,0.481
2012-07-15 08:00:00,0.277,0.726,0.356,0.356,0.338,0.435
2012-07-15 09:00:00,0.323,0.605,0.222,0.222,0.254,0.405
2012-07-15 10:00:00,0.349,0.495,0.106,0.106,0.376,0.37
2012-07-15 11:00:00,0.327,0.277,0.111,0.111,0.329,0.23
2012-07-15 12:00:00,0.347,0.341,0.098,0.098,0.221,0.22
2012-07-15 13:00:00,0.342,0.365,0.158,0.158,0.301,0.236
2012-07-15 14:00:00,0.298,0.347,0.139,0.139,0.503,0.27
2012-07-15 15:00:00,0.274,0.373,0.192,0.192,0.766,0.351
2012-07-15 16:00:00,0.291,0.487,0.566,0.566,0.942,0.428
2012-07-15 17:00:00,0.294,0.662,0.836,0.836,0.988,0.428
2012-07-15 18:00:00,0.272,0.908,0.934,0.934,0.98,0.394
2012-07-15 19:00:00,0.234,0.949,0.991,0.991,0.896,0.445
2012-07-15 20:00:00,0.211,0.95,0.999,0.999,0.942,0.593
2012-07-15 21:00:00,0.206,0.95,0.999,0.999,0.982,0.659
2012-07-15 22:00:00,0.218,0.95,1.0,1.0,1.0,0.699
2012-07-15 23:00:00,0.209,0.946,0.999,0.999,0.998,0.715
2012-07-16 00:00:00,0.219,0.949,0.995,0.995,0.995,0.7
2012-07-16 01:00:00,0.235,0.95,0.979,0.979,0.991,0.704
2012-07-16 02:00:00,0.269,0.95,0.964,0.964,0.978,0.653
2012-07-16 03:00:00,0.302,0.949,0.982,0.982,0.975,0.591
2012-07-16 04:00:00,0.315,0.948,0.997,0.997,0.962,0.567
2012-07-16 05:00:00,0.341,0.95,0.999,0.999,0.94,0.596
2012-07-16 06:00:00,0.343,0.95,1.0,1.0,0.887,0.648
2012-07-16 07:00:00,0.316,0.95,0.999,0.999,0.787,0.682
2012-07-16 08:00:00,0.281,0.95,0.988,0.988,0.685,0.678
2012-07-16 09:00:00,0.266,0.949,0.963,0.963,0.586,0.662
2012-07-16 10:00:00,0.257,0.946,0.874,0.874,0.357,0.646
2012-07-16 11:00:00,0.203,0.924,0.859,0.859,0.299,0.57
2012-07-16 12:00:00,0.213,0.947,0.807,0.807,0.235,0.586
2012-07-16 13:00:00,0.227,0.95,0.792,0.792,0.198,0.581
2012-07-16 14:00:00,0.228,0.95,0.777,0.777,0.25,0.585
2012-07-16 15:00:00,0.234,0.95,0.709,0.709,0.3,0.59
2012-07-16 16:00:00,0.248,0.95,0.663,0.663,0.406,0.592
2012-07-16 17:00:00,0.294,0.949,0.707,0.707,0.571,0.588
2012-07-16 18:00:00,0.358,0.947,0.744,0.744,0.614,0.587
2012-07-16 19:00:00,0.43,0.941,0.722,0.722,0.668,0.577
2012-07-16 20:00:00,0.484,0.937,0.69,0.69,0.761,0.567
2012-07-16 21:00:00,0.529,0.933,0.718,0.718,0.758,0.564
2012-07-16 22:00:00,0.594,0.931,0.818,0.818,0.691,0.555
2012-07-16 23:00:00,0.583,0.942,0.801,0.801,0.705,0.574
2012-07-17 00:00:00,0.728,0.933,0.796,0.796,0.721,0.571
2012-07-17 01:00:00,0.806,0.907,0.754,0.754,0.69,0.578
2012-07-17 02:00:00,0.837,0.898,0.696,0.696,0.682,0.59
2012-07-17 03:00:00,0.84,0.843,0.712,0.712,0.657,0.598
2012-07-17 04:00:00,0.8,0.858,0.712,0.712,0.633,0.604
2012-07-17 05:00:00,0.782,0.921,0.709,0.709,0.661,0.592
2012-07-17 06:00:00,0.797,0.919,0.714,0.714,0.662,0.593
2012-07-17 07:00:00,0.806,0.912,0.775,0.775,0.731,0.643
2012-07-17 08:00:00,0.815,0.928,0.855,0.855,0.849,0.669
2012-07-17 09:00:00,0.813,0.938,0.923,0.923,0.855,0.706
2012-07-17 10:00:00,0.804,0.942,0.868,0.868,0.806,0.724
2012-07-17 11:00:00,0.712,0.885,0.934,0.934,0.874,0.678
2012-07-17 12:00:00,0.743,0.863,0.947,0.947,0.945,0.71
2012-07-17 13:00:00,0.687,0.876,0.982,0.982,0.948,0.715
2012-07-17 14:00:00,0.664,0.906,0.995,0.995,0.939,0.705
2012-07-17 15:00:00,0.673,0.945,0.995,0.995,0.954,0.69
2012-07-17 16:00:00,0.646,0.949,0.989,0.989,0.917,0.685
2012-07-17 17:00:00,0.567,0.946,0.993,0.993,0.868,0.666
2012-07-17 18:00:00,0.466,0.945,0.983,0.983,0.868,0.665
2012-07-17 19:00:00,0.384,0.947,0.98,0.98,0.792,0.635
2012-07-17 20:00:00,0.327,0.94,0.953,0.953,0.8,0.623
2012-07-17 21:00:00,0.251,0.917,0.931,0.931,0.827,0.622
2012-07-17 22:00:00,0.201,0.91,0.892,0.892,0.699,0.603
2012-07-17 23:00:00,0.12,0.928,0.85,0.85,0.688,0.544
2012-07-18 00:00:00,0.107,0.927,0.833,0.833,0.533,0.497
2012-07-18 01:00:00,0.09,0.861,0.802,0.802,0.389,0.429
2012-07-18 02:00:00,0.112,0.696,0.614,0.614,0.424,0.42
2012-07-18 03:00:00,0.167,0.568,0.55,0.55,0.465,0.414
2012-07-18 04:00:00,0.215,0.524,0.525,0.525,0.387,0.401
2012-07-18 05:00:00,0.247,0.549,0.439,0.439,0.332,0.373
2012-07-18 06:00:00,0.272,0.493,0.371,0.371,0.249,0.322
2012-07-18 07:00:00,0.294,0.507,0.328,0.328,0.19,0.245
2012-07-18 08:00:00,0.297,0.55,0.24,0.24,0.187,0.184
2012-07-18 09:00:00,0.305,0.511,0.188,0.188,0.232,0.139
2012-07-18 10:00:00,0.317,0.3,0.12,0.12,0.215,0.152
2012-07-18 11:00:00,0.329,0.15,0.131,0.131,0.305,0.154
2012-07-18 12:00:00,0.412,0.16,0.211,0.211,0.438,0.232
2012-07-18 13:00:00,0.443,0.174,0.356,0.356,0.527,0.294
2012-07-18 14:00:00,0.402,0.188,0.547,0.547,0.665,0.357
2012-07-18 15:00:00,0.392,0.23,0.767,0.767,0.803,0.483
2012-07-18 16:00:00,0.491,0.281,0.882,0.882,0.938,0.576
2012-07-18 17:00:00,0.567,0.359,0.857,0.857,0.949,0.597
2012-07-18 18:00:00,0.601,0.482,0.919,0.919,0.946,0.611
2012-07-18 19:00:00,0.592,0.518,0.93,0.93,0.901,0.632
2012-07-18 20:00:00,0.539,0.465,0.876,0.876,0.911,0.626
2012-07-18 21:00:00,0.465,0.507,0.89,0.89,0.933,0.6
2012-07-18 22:00:00,0.365,0.514,0.9,0.9,0.901,0.581
2012-07-18 23:00:00,0.303,0.596,0.909,0.909,0.818,0.593
2012-07-19 00:00:00,0.239,0.657,0.821,0.821,0.749,0.576
2012-07-19 01:00:00,0.219,0.532,0.757,0.757,0.785,0.548
2012-07-19 02:00:00,0.193,0.54,0.762,0.762,0.815,0.529
2012-07-19 03:00:00,0.173,0.654,0.714,0.714,0.831,0.534
2012-07-19 04:00:00,0.143,0.709,0.68,0.68,0.848,0.499
2012-07-19 05:00:00,0.119,0.605,0.711,0.711,0.855,0.491
2012-07-19 06:00:00,0.099,0.51,0.7,0.7,0.846,0.47
2012-07-19 07:00:00,0.078,0.468,0.714,0.714,0.806,0.482
2012-07-19 08:00:00,0.059,0.473,0.721,0.721,0.732,0.487
2012-07-19 09:00:00,0.047,0.528,0.741,0.741,0.679,0.488
2012-07-19 10:00:00,0.056,0.539,0.772,0.772,0.603,0.481
2012-07-19 11:00:00,0.08,0.517,0.809,0.809,0.503,0.457
2012-07-19 12:00:00,0.194,0.519,0.789,0.789,0.502,0.471
2012-07-19 13:00:00,0.299,0.586,0.823,0.823,0.371,0.466
2012-07-19 14:00:00,0.387,0.641,0.859,0.859,0.173,0.467
2012-07-19 15:00:00,0.509,0.725,0.794,0.794,0.109,0.493
2012-07-19 16:00:00,0.71,0.804,0.664,0.664,0.078,0.499
2012-07-19 17:00:00,0.841,0.846,0.446,0.446,0.075,0.483
2012-07-19 18:00:00,0.843,0.855,0.324,0.324,0.024,0.432
2012-07-19 19:00:00,0.815,0.845,0.238,0.238,0.017,0.372
2012-07-19 20:00:00,0.768,0.79,0.211,0.211,0.025,0.311
2012-07-19 21:00:00,0.692,0.71,0.126,0.126,0.041,0.295
2012-07-19 22:00:00,0.651,0.558,0.105,0.105,0.324,0.246
2012-07-19 23:00:00,0.703,0.495,0.048,0.048,0.894,0.24
2012-07-20 00:00:00,0.606,0.391,0.055,0.055,0.906,0.176
2012-07-20 01:00:00,0.553,0.322,0.127,0.127,0.852,0.078
2012-07-20 02:00:00,0.555,0.22,0.186,0.186,0.802,0.072
2012-07-20 03:00:00,0.49,0.1,0.364,0.364,0.703,0.103
2012-07-20 04:00:00,0.483,0.055,0.657,0.657,0.686,0.099
2012-07-20 05:00:00,0.541,0.045,0.812,0.812,0.571,0.097
2012-07-20 06:00:00,0.574,0.09,0.771,0.771,0.448,0.095
2012-07-20 07:00:00,0.579,0.14,0.709,0.709,0.37,0.081
2012-07-20 08:00:00,0.63,0.177,0.62,0.62,0.297,0.074
2012-07-20 09:00:00,0.606,0.229,0.548,0.548,0.296,0.073
2012-07-20 10:00:00,0.532,0.2,0.407,0.407,0.314,0.087
2012-07-20 11:00:00,0.562,0.132,0.288,0.288,0.382,0.115
2012-07-20 12:00:00,0.594,0.05,0.183,0.183,0.39,0.095
2012-07-20 13:00:00,0.658,0.02,0.11,0.11,0.294,0.086
2012-07-20 14:00:00,0.734,0.029,0.079,0.079,0.41,0.076
2012-07-20 15:00:00,0.818,0.051,0.072,0.072,0.543,0.104
2012-07-20 16:00:00,0.867,0.12,0.202,0.202,0.758,0.094
2012-07-20 17:00:00,0.896,0.183,0.523,0.523,0.796,0.087
2012-07-20 18:00:00,0.917,0.196,0.703,0.703,0.774,0.144
2012-07-20 19:00:00,0.924,0.284,0.769,0.769,0.833,0.164
2012-07-20 20:00:00,0.909,0.404,0.827,0.827,0.92,0.178
2012-07-20 21:00:00,0.863,0.413,0.913,0.913,0.982,0.221
2012-07-20 22:00:00,0.797,0.353,0.901,0.901,0.987,0.305
2012-07-20 23:00:00,0.781,0.381,0.662,0.662,0.956,0.329
2012-07-21 00:00:00,0.776,0.442,0.594,0.594,0.87,0.238
2012-07-21 01:00:00,0.752,0.357,0.571,0.571,0.738,0.172
2012-07-21 02:00:00,0.736,0.287,0.494,0.494,0.777,0.154
2012-07-21 03:00:00,0.714,0.264,0.326,0.326,0.818,0.214
2012-07-21 04:00:00,0.699,0.321,0.331,0.331,0.898,0.265
2012-07-21 05:00:00,0.719,0.362,0.445,0.445,0.921,0.325
2012-07-21 06:00:00,0.72,0.389,0.59,0.59,0.917,0.363
2012-07-21 07:00:00,0.695,0.409,0.758,0.758,0.909,0.313
2012-07-21 08:00:00,0.667,0.434,0.843,0.843,0.873,0.294
2012-07-21 09:00:00,0.633,0.452,0.839,0.839,0.835,0.297
2012-07-21 10:00:00,0.586,0.368,0.795,0.795,0.808,0.27
2012-07-21 11:00:00,0.5,0.309,0.72,0.72,0.79,0.238
2012-07-21 12:00:00,0.52,0.297,0.78,0.78,0.859,0.219
2012-07-21 13:00:00,0.522,0.224,0.855,0.855,0.864,0.24
2012-07-21 14:00:00,0.525,0.258,0.869,0.869,0.848,0.342
2012-07-21 15:00:00,0.552,0.326,0.914,0.914,0.838,0.422
2012-07-21 16:00:00,0.612,0.349,0.943,0.943,0.849,0.506
2012-07-21 17:00:00,0.645,0.402,0.963,0.963,0.865,0.532
2012-07-21 18:00:00,0.627,0.428,0.916,0.916,0.786,0.541
2012-07-21 19:00:00,0.593,0.449,0.876,0.876,0.735,0.543
2012-07-21 20:00:00,0.59,0.409,0.84,0.84,0.689,0.538
2012-07-21 21:00:00,0.612,0.414,0.799,0.799,0.66,0.522
2012-07-21 22:00:00,0.637,0.521,0.74,0.74,0.67,0.505
2012-07-21 23:00:00,0.554,0.748,0.602,0.602,0.608,0.565
2012-07-22 00:00:00,0.584,0.688,0.509,0.509,0.499,0.516
2012-07-22 01:00:00,0.581,0.622,0.424,0.424,0.491,0.502
2012-07-22 02:00:00,0.605,0.584,0.389,0.389,0.456,0.53
2012-07-22 03:00:00,0.644,0.505,0.36,0.36,0.378,0.515
2012-07-22 04:00:00,0.666,0.434,0.296,0.296,0.356,0.467
2012-07-22 05:00:00,0.672,0.345,0.315,0.315,0.456,0.446
2012-07-22 06:00:00,0.662,0.31,0.397,0.397,0.533,0.459
2012-07-22 07:00:00,0.638,0.329,0.482,0.482,0.597,0.467
2012-07-22 08:00:00,0.589,0.448,0.552,0.552,0.669,0.433
2012-07-22 09:00:00,0.537,0.631,0.565,0.565,0.697,0.401
2012-07-22 10:00:00,0.484,0.683,0.477,0.477,0.629,0.379
2012-07-22 11:00:00,0.409,0.553,0.504,0.504,0.673,0.283
2012-07-22 12:00:00,0.381,0.487,0.478,0.478,0.594,0.256
2012-07-22 13:00:00,0.349,0.368,0.415,0.415,0.444,0.213
2012-07-22 14:00:00,0.375,0.316,0.366,0.366,0.325,0.205
2012-07-22 15:00:00,0.433,0.319,0.291,0.291,0.246,0.218
2012-07-22 16:00:00,0.453,0.292,0.255,0.255,0.219,0.212
2012-07-22 17:00:00,0.401,0.272,0.2,0.2,0.241,0.204
2012-07-22 18:00:00,0.325,0.269,0.16,0.16,0.344,0.184
2012-07-22 19:00:00,0.284,0.235,0.132,0.132,0.38,0.17
2012-07-22 20:00:00,0.263,0.188,0.105,0.105,0.333,0.171
2012-07-22 21:00:00,0.222,0.145,0.067,0.067,0.398,0.142
2012-07-22 22:00:00,0.172,0.107,0.038,0.038,0.482,0.118
2012-07-22 23:00:00,0.15,0.113,0.017,0.017,0.476,0.107
2012-07-23 00:00:00,0.151,0.067,0.009,0.009,0.42,0.113
2012-07-23 01:00:00,0.165,0.027,0.006,0.006,0.38,0.092
2012-07-23 02:00:00,0.178,0.012,0.007,0.007,0.334,0.071
2012-07-23 03:00:00,0.182,0.016,0.008,0.008,0.299,0.047
2012-07-23 04:00:00,0.193,0.036,0.008,0.008,0.201,0.042
2012-07-23 05:00:00,0.211,0.062,0.007,0.007,0.189,0.049
2012-07-23 06:00:00,0.177,0.059,0.009,0.009,0.169,0.053
2012-07-23 07:00:00,0.167,0.056,0.011,0.011,0.141,0.061
2012-07-23 08:00:00,0.171,0.059,0.009,0.009,0.125,0.061
2012-07-23 09:00:00,0.226,0.041,0.008,0.008,0.126,0.067
2012-07-23 10:00:00,0.331,0.016,0.006,0.006,0.101,0.075
2012-07-23 11:00:00,0.469,0.001,0.007,0.007,0.172,0.076
2012-07-23 12:00:00,0.578,0.0,0.02,0.02,0.255,0.128
2012-07-23 13:00:00,0.646,0.0,0.059,0.059,0.272,0.213
2012-07-23 14:00:00,0.684,0.003,0.113,0.113,0.216,0.323
2012-07-23 15:00:00,0.712,0.032,0.157,0.157,0.208,0.451
2012-07-23 16:00:00,0.744,0.075,0.173,0.173,0.235,0.532
2012-07-23 17:00:00,0.754,0.12,0.166,0.166,0.246,0.565
2012-07-23 18:00:00,0.751,0.185,0.202,0.202,0.265,0.568
2012-07-23 19:00:00,0.743,0.271,0.256,0.256,0.216,0.569
2012-07-23 20:00:00,0.745,0.378,0.316,0.316,0.228,0.56
2012-07-23 21:00:00,0.744,0.464,0.393,0.393,0.22,0.57
2012-07-23 22:00:00,0.751,0.583,0.489,0.489,0.228,0.564
2012-07-23 23:00:00,0.765,0.867,0.442,0.442,0.231,0.651
2012-07-24 00:00:00,0.78,0.844,0.419,0.419,0.258,0.669
2012-07-24 01:00:00,0.811,0.787,0.457,0.457,0.289,0.674
2012-07-24 02:00:00,0.828,0.782,0.537,0.537,0.324,0.71
2012-07-24 03:00:00,0.833,0.785,0.567,0.567,0.36,0.735
2012-07-24 04:00:00,0.828,0.785,0.597,0.597,0.413,0.752
2012-07-24 05:00:00,0.837,0.802,0.572,0.572,0.44,0.79
2012-07-24 06:00:00,0.854,0.846,0.545,0.545,0.469,0.816
2012-07-24 07:00:00,0.869,0.893,0.575,0.575,0.538,0.824
2012-07-24 08:00:00,0.873,0.898,0.642,0.642,0.562,0.836
2012-07-24 09:00:00,0.874,0.918,0.696,0.696,0.531,0.838
2012-07-24 10:00:00,0.87,0.942,0.475,0.475,0.428,0.818
2012-07-24 11:00:00,0.846,0.939,0.535,0.535,0.47,0.861
2012-07-24 12:00:00,0.839,0.945,0.563,0.563,0.48,0.842
2012-07-24 13:00:00,0.827,0.948,0.554,0.554,0.473,0.83
2012-07-24 14:00:00,0.81,0.946,0.568,0.568,0.411,0.842
2012-07-24 15:00:00,0.782,0.943,0.573,0.573,0.389,0.841
2012-07-24 16:00:00,0.759,0.935,0.518,0.518,0.385,0.819
2012-07-24 17:00:00,0.733,0.921,0.467,0.467,0.38,0.789
2012-07-24 18:00:00,0.712,0.909,0.429,0.429,0.34,0.769
2012-07-24 19:00:00,0.689,0.907,0.422,0.422,0.306,0.765
2012-07-24 20:00:00,0.665,0.911,0.419,0.419,0.287,0.757
2012-07-24 21:00:00,0.647,0.912,0.446,0.446,0.306,0.744
2012-07-24 22:00:00,0.644,0.915,0.501,0.501,0.376,0.734
2012-07-24 23:00:00,0.669,0.904,0.516,0.516,0.393,0.727
2012-07-25 00:00:00,0.668,0.872,0.545,0.545,0.393,0.706
2012-07-25 01:00:00,0.65,0.858,0.535,0.535,0.401,0.696
2012-07-25 02:00:00,0.629,0.867,0.538,0.538,0.436,0.672
2012-07-25 03:00:00,0.607,0.882,0.516,0.516,0.422,0.644
2012-07-25 04:00:00,0.575,0.883,0.444,0.444,0.33,0.642
2012-07-25 05:00:00,0.51,0.863,0.382,0.382,0.252,0.601
2012-07-25 06:00:00,0.458,0.839,0.317,0.317,0.196,0.575
2012-07-25 07:00:00,0.399,0.822,0.258,0.258,0.152,0.542
2012-07-25 08:00:00,0.34,0.77,0.204,0.204,0.106,0.504
2012-07-25 09:00:00,0.281,0.694,0.151,0.151,0.075,0.497
2012-07-25 10:00:00,0.238,0.603,0.096,0.096,0.072,0.487
2012-07-25 11:00:00,0.206,0.431,0.053,0.053,0.043,0.443
2012-07-25 12:00:00,0.198,0.398,0.017,0.017,0.01,0.44
2012-07-25 13:00:00,0.182,0.331,0.002,0.002,0.002,0.411
2012-07-25 14:00:00,0.15,0.265,0.001,0.001,0.007,0.391
2012-07-25 15:00:00,0.113,0.224,0.004,0.004,0.033,0.372
2012-07-25 16:00:00,0.081,0.204,0.018,0.018,0.085,0.362
2012-07-25 17:00:00,0.056,0.19,0.058,0.058,0.158,0.34
2012-07-25 18:00:00,0.037,0.167,0.12,0.12,0.234,0.308
2012-07-25 19:00:00,0.032,0.14,0.195,0.195,0.316,0.274
2012-07-25 20:00:00,0.033,0.124,0.268,0.268,0.392,0.265
2012-07-25 21:00:00,0.034,0.101,0.293,0.293,0.422,0.27
2012-07-25 22:00:00,0.034,0.075,0.287,0.287,0.493,0.278
2012-07-25 23:00:00,0.042,0.109,0.256,0.256,0.463,0.289
2012-07-26 00:00:00,0.045,0.102,0.253,0.253,0.386,0.288
2012-07-26 01:00:00,0.049,0.165,0.221,0.221,0.267,0.258
2012-07-26 02:00:00,0.047,0.202,0.155,0.155,0.201,0.241
2012-07-26 03:00:00,0.039,0.167,0.147,0.147,0.228,0.208
2012-07-26 04:00:00,0.037,0.156,0.226,0.226,0.307,0.156
2012-07-26 05:00:00,0.036,0.18,0.275,0.275,0.315,0.166
2012-07-26 06:00:00,0.04,0.269,0.261,0.261,0.246,0.199
2012-07-26 07:00:00,0.043,0.363,0.189,0.189,0.148,0.234
2012-07-26 08:00:00,0.043,0.399,0.119,0.119,0.067,0.255
2012-07-26 09:00:00,0.039,0.332,0.084,0.084,0.04,0.238
2012-07-26 10:00:00,0.034,0.238,0.052,0.052,0.056,0.207
2012-07-26 11:00:00,0.042,0.238,0.062,0.062,0.071,0.183
2012-07-26 12:00:00,0.049,0.175,0.095,0.095,0.088,0.193
2012-07-26 13:00:00,0.073,0.143,0.101,0.101,0.092,0.231
2012-07-26 14:00:00,0.112,0.134,0.102,0.102,0.081,0.246
2012-07-26 15:00:00,0.188,0.143,0.12,0.12,0.081,0.229
2012-07-26 16:00:00,0.301,0.137,0.152,0.152,0.107,0.187
2012-07-26 17:00:00,0.384,0.163,0.164,0.164,0.128,0.158
2012-07-26 18:00:00,0.396,0.221,0.153,0.153,0.139,0.142
2012-07-26 19:00:00,0.384,0.247,0.12,0.12,0.143,0.128
2012-07-26 20:00:00,0.396,0.237,0.065,0.065,0.122,0.094
2012-07-26 21:00:00,0.414,0.212,0.025,0.025,0.081,0.056
2012-07-26 22:00:00,0.406,0.157,0.013,0.013,0.105,0.05
2012-07-26 23:00:00,0.339,0.092,0.01,0.01,0.1,0.06
2012-07-27 00:00:00,0.327,0.077,0.003,0.003,0.067,0.08
2012-07-27 01:00:00,0.353,0.05,0.001,0.001,0.027,0.098
2012-07-27 02:00:00,0.397,0.022,0.004,0.004,0.012,0.134
2012-07-27 03:00:00,0.437,0.005,0.016,0.016,0.015,0.173
2012-07-27 04:00:00,0.451,0.001,0.037,0.037,0.028,0.195
2012-07-27 05:00:00,0.455,0.0,0.058,0.058,0.06,0.202
2012-07-27 06:00:00,0.431,0.001,0.076,0.076,0.118,0.193
2012-07-27 07:00:00,0.401,0.013,0.09,0.09,0.17,0.166
2012-07-27 08:00:00,0.358,0.028,0.091,0.091,0.2,0.133
2012-07-27 09:00:00,0.322,0.027,0.073,0.073,0.204,0.099
2012-07-27 10:00:00,0.275,0.012,0.092,0.092,0.248,0.074
2012-07-27 11:00:00,0.179,0.0,0.06,0.06,0.214,0.034
2012-07-27 12:00:00,0.121,0.0,0.044,0.044,0.198,0.029
2012-07-27 13:00:00,0.088,0.0,0.038,0.038,0.189,0.026
2012-07-27 14:00:00,0.079,0.001,0.041,0.041,0.172,0.021
2012-07-27 15:00:00,0.088,0.013,0.045,0.045,0.148,0.016
2012-07-27 16:00:00,0.099,0.027,0.047,0.047,0.136,0.014
2012-07-27 17:00:00,0.109,0.036,0.042,0.042,0.119,0.014
2012-07-27 18:00:00,0.119,0.036,0.03,0.03,0.078,0.018
2012-07-27 19:00:00,0.114,0.032,0.018,0.018,0.042,0.02
2012-07-27 20:00:00,0.102,0.025,0.012,0.012,0.022,0.024
2012-07-27 21:00:00,0.087,0.019,0.007,0.007,0.013,0.022
2012-07-27 22:00:00,0.074,0.021,0.009,0.009,0.012,0.017
2012-07-27 23:00:00,0.051,0.039,0.006,0.006,0.007,0.014
2012-07-28 00:00:00,0.04,0.041,0.006,0.006,0.007,0.012
2012-07-28 01:00:00,0.032,0.047,0.01,0.01,0.007,0.009
2012-07-28 02:00:00,0.03,0.06,0.012,0.012,0.005,0.008
2012-07-28 03:00:00,0.031,0.063,0.012,0.012,0.006,0.008
2012-07-28 04:00:00,0.041,0.058,0.009,0.009,0.009,0.006
2012-07-28 05:00:00,0.052,0.04,0.006,0.006,0.013,0.004
2012-07-28 06:00:00,0.074,0.022,0.004,0.004,0.019,0.002
2012-07-28 07:00:00,0.119,0.009,0.004,0.004,0.023,0.001
2012-07-28 08:00:00,0.159,0.003,0.004,0.004,0.016,0.002
2012-07-28 09:00:00,0.162,0.001,0.003,0.003,0.007,0.001
2012-07-28 10:00:00,0.157,0.0,0.005,0.005,0.009,0.002
2012-07-28 11:00:00,0.121,0.002,0.012,0.012,0.014,0.001
2012-07-28 12:00:00,0.106,0.005,0.028,0.028,0.042,0.003
2012-07-28 13:00:00,0.102,0.011,0.055,0.055,0.117,0.007
2012-07-28 14:00:00,0.109,0.01,0.089,0.089,0.237,0.015
2012-07-28 15:00:00,0.078,0.01,0.147,0.147,0.399,0.023
2012-07-28 16:00:00,0.042,0.009,0.227,0.227,0.525,0.043
2012-07-28 17:00:00,0.03,0.011,0.278,0.278,0.639,0.069
2012-07-28 18:00:00,0.035,0.013,0.351,0.351,0.72,0.098
2012-07-28 19:00:00,0.044,0.016,0.457,0.457,0.778,0.135
2012-07-28 20:00:00,0.073,0.021,0.538,0.538,0.844,0.187
2012-07-28 21:00:00,0.119,0.022,0.543,0.543,0.856,0.24
2012-07-28 22:00:00,0.167,0.02,0.563,0.563,0.917,0.266
2012-07-28 23:00:00,0.237,0.014,0.49,0.49,0.947,0.322
2012-07-29 00:00:00,0.273,0.007,0.422,0.422,0.923,0.349
2012-07-29 01:00:00,0.243,0.007,0.385,0.385,0.865,0.339
2012-07-29 02:00:00,0.231,0.018,0.386,0.386,0.834,0.302
2012-07-29 03:00:00,0.247,0.034,0.387,0.387,0.789,0.273
2012-07-29 04:00:00,0.259,0.068,0.37,0.37,0.789,0.239
2012-07-29 05:00:00,0.272,0.11,0.349,0.349,0.84,0.241
2012-07-29 06:00:00,0.299,0.116,0.333,0.333,0.836,0.301
2012-07-29 07:00:00,0.326,0.133,0.301,0.301,0.781,0.344
2012-07-29 08:00:00,0.333,0.178,0.254,0.254,0.741,0.352
2012-07-29 09:00:00,0.364,0.199,0.242,0.242,0.773,0.378
2012-07-29 10:00:00,0.338,0.242,0.337,0.337,0.839,0.428
2012-07-29 11:00:00,0.269,0.359,0.431,0.431,0.761,0.58
2012-07-29 12:00:00,0.213,0.388,0.509,0.509,0.845,0.567
2012-07-29 13:00:00,0.203,0.337,0.426,0.426,0.917,0.491
2012-07-29 14:00:00,0.199,0.416,0.324,0.324,0.94,0.476
2012-07-29 15:00:00,0.221,0.488,0.167,0.167,0.84,0.473
2012-07-29 16:00:00,0.212,0.471,0.02,0.02,0.747,0.474
2012-07-29 17:00:00,0.167,0.433,0.006,0.006,0.635,0.538
2012-07-29 18:00:00,0.138,0.448,0.041,0.041,0.564,0.533
2012-07-29 19:00:00,0.121,0.279,0.112,0.112,0.542,0.554
2012-07-29 20:00:00,0.098,0.11,0.157,0.157,0.554,0.507
2012-07-29 21:00:00,0.07,0.1,0.204,0.204,0.466,0.458
2012-07-29 22:00:00,0.062,0.118,0.587,0.587,0.397,0.478
2012-07-29 23:00:00,0.071,0.107,0.508,0.508,0.229,0.585
2012-07-30 00:00:00,0.079,0.223,0.425,0.425,0.155,0.489
2012-07-30 01:00:00,0.074,0.358,0.251,0.251,0.171,0.383
2012-07-30 02:00:00,0.067,0.243,0.076,0.076,0.124,0.357
2012-07-30 03:00:00,0.05,0.127,0.125,0.125,0.109,0.332
2012-07-30 04:00:00,0.043,0.074,0.16,0.16,0.105,0.262
2012-07-30 05:00:00,0.037,0.063,0.088,0.088,0.101,0.211
2012-07-30 06:00:00,0.039,0.049,0.087,0.087,0.093,0.184
2012-07-30 07:00:00,0.039,0.054,0.146,0.146,0.106,0.175
2012-07-30 08:00:00,0.046,0.087,0.243,0.243,0.114,0.146
2012-07-30 09:00:00,0.051,0.154,0.309,0.309,0.224,0.135
2012-07-30 10:00:00,0.046,0.22,0.647,0.647,0.282,0.135
2012-07-30 11:00:00,0.023,0.386,0.647,0.647,0.37,0.225
2012-07-30 12:00:00,0.034,0.614,0.656,0.656,0.537,0.251
2012-07-30 13:00:00,0.042,0.838,0.671,0.671,0.594,0.3
2012-07-30 14:00:00,0.045,0.819,0.656,0.656,0.614,0.329
2012-07-30 15:00:00,0.043,0.734,0.661,0.661,0.502,0.381
2012-07-30 16:00:00,0.049,0.388,0.728,0.728,0.374,0.377
2012-07-30 17:00:00,0.064,0.158,0.679,0.679,0.312,0.401
2012-07-30 18:00:00,0.092,0.203,0.55,0.55,0.202,0.349
2012-07-30 19:00:00,0.113,0.491,0.563,0.563,0.087,0.313
2012-07-30 20:00:00,0.086,0.507,0.468,0.468,0.017,0.265
2012-07-30 21:00:00,0.041,0.212,0.24,0.24,0.005,0.197
2012-07-30 22:00:00,0.041,0.167,0.067,0.067,0.003,0.145
2012-07-30 23:00:00,0.059,0.665,0.015,0.015,0.005,0.094
2012-07-31 00:00:00,0.074,0.543,0.017,0.017,0.013,0.06
2012-07-31 01:00:00,0.106,0.217,0.028,0.028,0.017,0.062
2012-07-31 02:00:00,0.142,0.22,0.052,0.052,0.022,0.073
2012-07-31 03:00:00,0.155,0.299,0.055,0.055,0.026,0.065
2012-07-31 04:00:00,0.165,0.356,0.031,0.031,0.037,0.048
2012-07-31 05:00:00,0.179,0.237,0.019,0.019,0.05,0.036
2012-07-31 06:00:00,0.15,0.067,0.019,0.019,0.076,0.034
2012-07-31 07:00:00,0.129,0.019,0.024,0.024,0.097,0.03
2012-07-31 08:00:00,0.126,0.01,0.031,0.031,0.119,0.028
2012-07-31 09:00:00,0.136,0.01,0.066,0.066,0.163,0.029
2012-07-31 10:00:00,0.175,0.009,0.119,0.119,0.309,0.044
2012-07-31 11:00:00,0.233,0.007,0.15,0.15,0.249,0.065
2012-07-31 12:00:00,0.23,0.016,0.161,0.161,0.087,0.094
2012-07-31 13:00:00,0.307,0.03,0.145,0.145,0.052,0.13
2012-07-31 14:00:00,0.446,0.052,0.101,0.101,0.036,0.142
2012-07-31 15:00:00,0.52,0.076,0.109,0.109,0.065,0.198
2012-07-31 16:00:00,0.52,0.059,0.108,0.108,0.111,0.237
2012-07-31 17:00:00,0.498,0.064,0.069,0.069,0.097,0.287
2012-07-31 18:00:00,0.484,0.144,0.021,0.021,0.344,0.331
2012-07-31 19:00:00,0.48,0.154,0.009,0.009,0.493,0.326
2012-07-31 20:00:00,0.435,0.107,0.028,0.028,0.379,0.278
2012-07-31 21:00:00,0.403,0.126,0.118,0.118,0.417,0.233
2012-07-31 22:00:00,0.413,0.173,0.248,0.248,0.315,0.273
2012-07-31 23:00:00,0.358,0.211,0.264,0.264,0.189,0.34
2012-08-01 00:00:00,0.353,0.224,0.26,0.26,0.273,0.375
2012-08-01 01:00:00,0.442,0.249,0.33,0.33,0.284,0.426
2012-08-01 02:00:00,0.51,0.359,0.426,0.426,0.244,0.462
2012-08-01 03:00:00,0.5,0.483,0.407,0.407,0.216,0.519
2012-08-01 04:00:00,0.474,0.511,0.283,0.283,0.228,0.496
2012-08-01 05:00:00,0.433,0.479,0.217,0.217,0.268,0.424
2012-08-01 06:00:00,0.437,0.407,0.242,0.242,0.269,0.38
2012-08-01 07:00:00,0.447,0.263,0.236,0.236,0.232,0.374
2012-08-01 08:00:00,0.419,0.236,0.177,0.177,0.22,0.398
2012-08-01 09:00:00,0.379,0.278,0.169,0.169,0.194,0.411
2012-08-01 10:00:00,0.363,0.314,0.104,0.104,0.134,0.406
2012-08-01 11:00:00,0.365,0.234,0.083,0.083,0.098,0.391
2012-08-01 12:00:00,0.318,0.214,0.067,0.067,0.063,0.402
2012-08-01 13:00:00,0.261,0.172,0.051,0.051,0.064,0.396
2012-08-01 14:00:00,0.245,0.109,0.044,0.044,0.048,0.369
2012-08-01 15:00:00,0.192,0.077,0.031,0.031,0.037,0.392
2012-08-01 16:00:00,0.13,0.093,0.025,0.025,0.034,0.486
2012-08-01 17:00:00,0.086,0.111,0.03,0.03,0.036,0.461
2012-08-01 18:00:00,0.069,0.106,0.044,0.044,0.057,0.403
2012-08-01 19:00:00,0.055,0.109,0.079,0.079,0.062,0.408
2012-08-01 20:00:00,0.043,0.117,0.126,0.126,0.053,0.417
2012-08-01 21:00:00,0.035,0.119,0.137,0.137,0.022,0.405
2012-08-01 22:00:00,0.035,0.126,0.067,0.067,0.006,0.389
2012-08-01 23:00:00,0.006,0.106,0.076,0.076,0.012,0.325
2012-08-02 00:00:00,0.01,0.146,0.063,0.063,0.017,0.297
2012-08-02 01:00:00,0.02,0.164,0.06,0.06,0.032,0.276
2012-08-02 02:00:00,0.047,0.161,0.09,0.09,0.063,0.269
2012-08-02 03:00:00,0.081,0.192,0.151,0.151,0.094,0.251
2012-08-02 04:00:00,0.108,0.157,0.179,0.179,0.089,0.231
2012-08-02 05:00:00,0.122,0.147,0.142,0.142,0.056,0.198
2012-08-02 06:00:00,0.133,0.159,0.095,0.095,0.028,0.161
2012-08-02 07:00:00,0.161,0.121,0.064,0.064,0.013,0.147
2012-08-02 08:00:00,0.206,0.082,0.037,0.037,0.005,0.141
2012-08-02 09:00:00,0.248,0.047,0.015,0.015,0.002,0.139
2012-08-02 10:00:00,0.272,0.019,0.003,0.003,0.002,0.131
2012-08-02 11:00:00,0.362,0.01,0.004,0.004,0.001,0.107
2012-08-02 12:00:00,0.313,0.015,0.003,0.003,0.001,0.1
2012-08-02 13:00:00,0.264,0.036,0.001,0.001,0.005,0.105
2012-08-02 14:00:00,0.226,0.059,0.001,0.001,0.017,0.129
2012-08-02 15:00:00,0.207,0.038,0.002,0.002,0.042,0.148
2012-08-02 16:00:00,0.208,0.024,0.006,0.006,0.069,0.15
2012-08-02 17:00:00,0.224,0.013,0.018,0.018,0.099,0.151
2012-08-02 18:00:00,0.215,0.008,0.034,0.034,0.161,0.137
2012-08-02 19:00:00,0.18,0.005,0.06,0.06,0.287,0.145
2012-08-02 20:00:00,0.205,0.003,0.113,0.113,0.427,0.155
2012-08-02 21:00:00,0.278,0.003,0.188,0.188,0.475,0.16
2012-08-02 22:00:00,0.42,0.008,0.37,0.37,0.441,0.197
2012-08-02 23:00:00,0.565,0.06,0.369,0.369,0.367,0.319
2012-08-03 00:00:00,0.614,0.107,0.382,0.382,0.354,0.338
2012-08-03 01:00:00,0.575,0.168,0.392,0.392,0.388,0.348
2012-08-03 02:00:00,0.502,0.22,0.406,0.406,0.444,0.371
2012-08-03 03:00:00,0.393,0.272,0.42,0.42,0.468,0.388
2012-08-03 04:00:00,0.399,0.324,0.404,0.404,0.489,0.401
2012-08-03 05:00:00,0.366,0.373,0.368,0.368,0.567,0.418
2012-08-03 06:00:00,0.234,0.387,0.376,0.376,0.614,0.426
2012-08-03 07:00:00,0.14,0.394,0.429,0.429,0.646,0.441
2012-08-03 08:00:00,0.134,0.461,0.534,0.534,0.623,0.5
2012-08-03 09:00:00,0.151,0.568,0.663,0.663,0.597,0.598
2012-08-03 10:00:00,0.166,0.698,0.694,0.694,0.646,0.69
2012-08-03 11:00:00,0.421,0.842,0.72,0.72,0.589,0.763
2012-08-03 12:00:00,0.455,0.898,0.75,0.75,0.491,0.755
2012-08-03 13:00:00,0.439,0.924,0.771,0.771,0.416,0.769
2012-08-03 14:00:00,0.387,0.936,0.774,0.774,0.393,0.751
2012-08-03 15:00:00,0.357,0.941,0.767,0.767,0.413,0.697
2012-08-03 16:00:00,0.353,0.942,0.748,0.748,0.437,0.686
2012-08-03 17:00:00,0.343,0.943,0.761,0.761,0.428,0.69
2012-08-03 18:00:00,0.334,0.946,0.793,0.793,0.432,0.713
2012-08-03 19:00:00,0.288,0.947,0.901,0.901,0.31,0.713
2012-08-03 20:00:00,0.26,0.948,0.953,0.953,0.249,0.741
2012-08-03 21:00:00,0.242,0.949,0.956,0.956,0.342,0.749
2012-08-03 22:00:00,0.228,0.95,0.881,0.881,0.247,0.75
2012-08-03 23:00:00,0.229,0.949,0.718,0.718,0.086,0.745
2012-08-04 00:00:00,0.206,0.948,0.478,0.478,0.042,0.695
2012-08-04 01:00:00,0.166,0.94,0.277,0.277,0.051,0.478
2012-08-04 02:00:00,0.172,0.893,0.301,0.301,0.142,0.319
2012-08-04 03:00:00,0.208,0.812,0.217,0.217,0.23,0.301
2012-08-04 04:00:00,0.24,0.631,0.118,0.118,0.303,0.339
2012-08-04 05:00:00,0.259,0.423,0.128,0.128,0.576,0.289
2012-08-04 06:00:00,0.228,0.242,0.12,0.12,0.576,0.236
2012-08-04 07:00:00,0.237,0.047,0.114,0.114,0.416,0.211
2012-08-04 08:00:00,0.323,0.0,0.112,0.112,0.315,0.199
2012-08-04 09:00:00,0.372,0.0,0.148,0.148,0.218,0.204
2012-08-04 10:00:00,0.323,0.031,0.189,0.189,0.053,0.218
2012-08-04 11:00:00,0.188,0.002,0.198,0.198,0.025,0.159
2012-08-04 12:00:00,0.168,0.041,0.178,0.178,0.015,0.181
2012-08-04 13:00:00,0.193,0.105,0.183,0.183,0.009,0.207
2012-08-04 14:00:00,0.233,0.158,0.179,0.179,0.01,0.261
2012-08-04 15:00:00,0.244,0.211,0.185,0.185,0.014,0.285
2012-08-04 16:00:00,0.224,0.181,0.192,0.192,0.013,0.309
2012-08-04 17:00:00,0.189,0.151,0.172,0.172,0.012,0.345
2012-08-04 18:00:00,0.154,0.135,0.18,0.18,0.017,0.351
2012-08-04 19:00:00,0.14,0.105,0.188,0.188,0.042,0.35
2012-08-04 20:00:00,0.135,0.115,0.276,0.276,0.073,0.338
2012-08-04 21:00:00,0.122,0.125,0.305,0.305,0.111,0.364
2012-08-04 22:00:00,0.112,0.22,0.317,0.317,0.117,0.355
2012-08-04 23:00:00,0.056,0.362,0.309,0.309,0.192,0.312
2012-08-05 00:00:00,0.044,0.373,0.285,0.285,0.247,0.249
2012-08-05 01:00:00,0.06,0.441,0.269,0.269,0.189,0.194
2012-08-05 02:00:00,0.09,0.464,0.222,0.222,0.153,0.145
2012-08-05 03:00:00,0.109,0.43,0.182,0.182,0.154,0.123
2012-08-05 04:00:00,0.138,0.348,0.128,0.128,0.196,0.119
2012-08-05 05:00:00,0.134,0.223,0.094,0.094,0.242,0.116
2012-08-05 06:00:00,0.114,0.16,0.088,0.088,0.177,0.098
2012-08-05 07:00:00,0.1,0.149,0.119,0.119,0.092,0.071
2012-08-05 08:00:00,0.113,0.135,0.142,0.142,0.05,0.071
2012-08-05 09:00:00,0.132,0.111,0.142,0.142,0.024,0.105
2012-08-05 10:00:00,0.163,0.111,0.06,0.06,0.006,0.14
2012-08-05 11:00:00,0.202,0.087,0.052,0.052,0.001,0.119
2012-08-05 12:00:00,0.215,0.122,0.04,0.04,0.001,0.154
2012-08-05 13:00:00,0.218,0.117,0.027,0.027,0.001,0.185
2012-08-05 14:00:00,0.198,0.098,0.018,0.018,0.004,0.212
2012-08-05 15:00:00,0.186,0.107,0.019,0.019,0.015,0.194
2012-08-05 16:00:00,0.203,0.087,0.034,0.034,0.026,0.167
2012-08-05 17:00:00,0.216,0.085,0.046,0.046,0.009,0.165
2012-08-05 18:00:00,0.181,0.121,0.095,0.095,0.02,0.152
2012-08-05 19:00:00,0.119,0.125,0.111,0.111,0.037,0.131
2012-08-05 20:00:00,0.075,0.116,0.166,0.166,0.047,0.108
2012-08-05 21:00:00,0.057,0.1,0.149,0.149,0.075,0.105
2012-08-05 22:00:00,0.067,0.116,0.055,0.055,0.115,0.105
2012-08-05 23:00:00,0.058,0.111,0.043,0.043,0.12,0.062
2012-08-06 00:00:00,0.073,0.109,0.044,0.044,0.087,0.071
2012-08-06 01:00:00,0.096,0.084,0.032,0.032,0.039,0.083
2012-08-06 02:00:00,0.11,0.019,0.017,0.017,0.017,0.075
2012-08-06 03:00:00,0.116,0.003,0.009,0.009,0.005,0.064
2012-08-06 04:00:00,0.104,0.004,0.004,0.004,0.001,0.062
2012-08-06 05:00:00,0.076,0.01,0.004,0.004,0.004,0.056
2012-08-06 06:00:00,0.058,0.011,0.004,0.004,0.023,0.046
2012-08-06 07:00:00,0.04,0.005,0.003,0.003,0.05,0.046
2012-08-06 08:00:00,0.025,0.007,0.003,0.003,0.059,0.06
2012-08-06 09:00:00,0.021,0.012,0.005,0.005,0.075,0.073
2012-08-06 10:00:00,0.027,0.011,0.006,0.006,0.073,0.079
2012-08-06 11:00:00,0.018,0.0,0.018,0.018,0.145,0.069
2012-08-06 12:00:00,0.023,0.0,0.052,0.052,0.246,0.079
2012-08-06 13:00:00,0.033,0.0,0.152,0.152,0.284,0.086
2012-08-06 14:00:00,0.041,0.0,0.306,0.306,0.117,0.086
2012-08-06 15:00:00,0.044,0.0,0.326,0.326,0.063,0.118
2012-08-06 16:00:00,0.033,0.0,0.213,0.213,0.196,0.147
2012-08-06 17:00:00,0.028,0.0,0.201,0.201,0.428,0.168
2012-08-06 18:00:00,0.046,0.01,0.505,0.505,0.588,0.249
2012-08-06 19:00:00,0.059,0.0,0.829,0.829,0.729,0.268
2012-08-06 20:00:00,0.054,0.001,0.875,0.875,0.698,0.342
2012-08-06 21:00:00,0.058,0.0,0.839,0.839,0.503,0.326
2012-08-06 22:00:00,0.078,0.026,0.834,0.834,0.314,0.297
2012-08-06 23:00:00,0.095,0.112,0.675,0.675,0.071,0.348
2012-08-07 00:00:00,0.045,0.275,0.507,0.507,0.017,0.381
2012-08-07 01:00:00,0.04,0.551,0.347,0.347,0.014,0.379
2012-08-07 02:00:00,0.031,0.677,0.306,0.306,0.009,0.426
2012-08-07 03:00:00,0.032,0.741,0.109,0.109,0.0,0.324
2012-08-07 04:00:00,0.027,0.762,0.042,0.042,0.001,0.225
2012-08-07 05:00:00,0.025,0.697,0.067,0.067,0.004,0.209
2012-08-07 06:00:00,0.03,0.513,0.05,0.05,0.009,0.145
2012-08-07 07:00:00,0.062,0.508,0.066,0.066,0.014,0.143
2012-08-07 08:00:00,0.124,0.353,0.061,0.061,0.006,0.09
2012-08-07 09:00:00,0.184,0.363,0.034,0.034,0.005,0.064
2012-08-07 10:00:00,0.2,0.401,0.037,0.037,0.013,0.059
2012-08-07 11:00:00,0.083,0.341,0.103,0.103,0.005,0.118
2012-08-07 12:00:00,0.129,0.305,0.138,0.138,0.072,0.239
2012-08-07 13:00:00,0.217,0.244,0.043,0.043,0.352,0.2
2012-08-07 14:00:00,0.306,0.155,0.059,0.059,0.488,0.196
2012-08-07 15:00:00,0.392,0.065,0.226,0.226,0.447,0.3
2012-08-07 16:00:00,0.437,0.065,0.45,0.45,0.566,0.393
2012-08-07 17:00:00,0.447,0.029,0.776,0.776,0.606,0.477
2012-08-07 18:00:00,0.423,0.133,0.892,0.892,0.577,0.601
2012-08-07 19:00:00,0.427,0.322,0.871,0.871,0.535,0.639
2012-08-07 20:00:00,0.439,0.55,0.782,0.782,0.474,0.625
2012-08-07 21:00:00,0.483,0.689,0.724,0.724,0.493,0.602
2012-08-07 22:00:00,0.579,0.698,0.841,0.841,0.603,0.556
2012-08-07 23:00:00,0.725,0.793,0.824,0.824,0.485,0.572
2012-08-08 00:00:00,0.685,0.66,0.739,0.739,0.467,0.598
2012-08-08 01:00:00,0.638,0.703,0.602,0.602,0.549,0.594
2012-08-08 02:00:00,0.662,0.675,0.414,0.414,0.699,0.494
2012-08-08 03:00:00,0.687,0.568,0.447,0.447,0.733,0.412
2012-08-08 04:00:00,0.663,0.549,0.67,0.67,0.742,0.455
2012-08-08 05:00:00,0.629,0.453,0.715,0.715,0.83,0.555
2012-08-08 06:00:00,0.607,0.41,0.788,0.788,0.852,0.599
2012-08-08 07:00:00,0.611,0.761,0.87,0.87,0.906,0.67
2012-08-08 08:00:00,0.624,0.869,0.914,0.914,0.955,0.72
2012-08-08 09:00:00,0.644,0.761,0.954,0.954,0.967,0.798
2012-08-08 10:00:00,0.663,0.848,0.968,0.968,0.968,0.854
2012-08-08 11:00:00,0.639,0.904,0.991,0.991,0.948,0.844
2012-08-08 12:00:00,0.581,0.942,0.989,0.989,0.985,0.868
2012-08-08 13:00:00,0.514,0.948,0.995,0.995,0.991,0.864
2012-08-08 14:00:00,0.512,0.95,0.999,0.999,0.996,0.861
2012-08-08 15:00:00,0.515,0.95,1.0,1.0,0.989,0.816
2012-08-08 16:00:00,0.499,0.95,1.0,1.0,0.991,0.808
2012-08-08 17:00:00,0.478,0.95,1.0,1.0,0.984,0.802
2012-08-08 18:00:00,0.444,0.95,1.0,1.0,0.988,0.779
2012-08-08 19:00:00,0.407,0.95,0.999,0.999,0.985,0.748
2012-08-08 20:00:00,0.363,0.95,0.999,0.999,0.991,0.733
2012-08-08 21:00:00,0.321,0.95,0.998,0.998,0.996,0.72
2012-08-08 22:00:00,0.316,0.95,1.0,1.0,0.999,0.734
2012-08-08 23:00:00,0.31,0.95,0.999,0.999,0.995,0.747
2012-08-09 00:00:00,0.365,0.95,0.998,0.998,0.988,0.772
2012-08-09 01:00:00,0.442,0.95,0.989,0.989,0.966,0.783
2012-08-09 02:00:00,0.447,0.95,0.977,0.977,0.946,0.796
2012-08-09 03:00:00,0.441,0.95,0.972,0.972,0.941,0.781
2012-08-09 04:00:00,0.378,0.95,0.96,0.96,0.91,0.773
2012-08-09 05:00:00,0.312,0.949,0.96,0.96,0.931,0.783
2012-08-09 06:00:00,0.283,0.948,0.969,0.969,0.948,0.797
2012-08-09 07:00:00,0.272,0.948,0.971,0.971,0.955,0.828
2012-08-09 08:00:00,0.265,0.949,0.971,0.971,0.956,0.825
2012-08-09 09:00:00,0.255,0.949,0.978,0.978,0.965,0.806
2012-08-09 10:00:00,0.251,0.949,0.976,0.976,0.967,0.783
2012-08-09 11:00:00,0.236,0.948,0.983,0.983,0.967,0.725
2012-08-09 12:00:00,0.245,0.946,0.991,0.991,0.963,0.689
2012-08-09 13:00:00,0.248,0.93,0.992,0.992,0.953,0.683
2012-08-09 14:00:00,0.253,0.901,0.994,0.994,0.926,0.678
2012-08-09 15:00:00,0.262,0.9,0.987,0.987,0.926,0.665
2012-08-09 16:00:00,0.277,0.865,0.974,0.974,0.878,0.644
2012-08-09 17:00:00,0.3,0.825,0.955,0.955,0.825,0.621
2012-08-09 18:00:00,0.312,0.799,0.938,0.938,0.796,0.604
2012-08-09 19:00:00,0.322,0.81,0.911,0.911,0.737,0.586
2012-08-09 20:00:00,0.308,0.78,0.905,0.905,0.733,0.567
2012-08-09 21:00:00,0.28,0.802,0.889,0.889,0.746,0.552
2012-08-09 22:00:00,0.248,0.757,0.798,0.798,0.737,0.533
2012-08-09 23:00:00,0.204,0.653,0.763,0.763,0.64,0.543
2012-08-10 00:00:00,0.23,0.677,0.745,0.745,0.554,0.511
2012-08-10 01:00:00,0.294,0.488,0.723,0.723,0.553,0.446
2012-08-10 02:00:00,0.364,0.335,0.75,0.75,0.578,0.438
2012-08-10 03:00:00,0.367,0.339,0.731,0.731,0.555,0.443
2012-08-10 04:00:00,0.366,0.406,0.649,0.649,0.567,0.385
2012-08-10 05:00:00,0.384,0.483,0.596,0.596,0.582,0.323
2012-08-10 06:00:00,0.364,0.448,0.581,0.581,0.598,0.301
2012-08-10 07:00:00,0.339,0.373,0.595,0.595,0.633,0.3
2012-08-10 08:00:00,0.308,0.338,0.609,0.609,0.652,0.293
2012-08-10 09:00:00,0.295,0.338,0.574,0.574,0.626,0.28
2012-08-10 10:00:00,0.291,0.393,0.443,0.443,0.535,0.274
2012-08-10 11:00:00,0.314,0.449,0.491,0.491,0.491,0.226
2012-08-10 12:00:00,0.329,0.602,0.525,0.525,0.412,0.241
2012-08-10 13:00:00,0.299,0.685,0.555,0.555,0.41,0.257
2012-08-10 14:00:00,0.27,0.758,0.569,0.569,0.464,0.257
2012-08-10 15:00:00,0.254,0.783,0.571,0.571,0.513,0.255
2012-08-10 16:00:00,0.257,0.79,0.591,0.591,0.496,0.249
2012-08-10 17:00:00,0.251,0.76,0.385,0.385,0.467,0.175
2012-08-10 18:00:00,0.243,0.725,0.22,0.22,0.479,0.139
2012-08-10 19:00:00,0.272,0.722,0.202,0.202,0.504,0.144
2012-08-10 20:00:00,0.322,0.715,0.198,0.198,0.482,0.158
2012-08-10 21:00:00,0.342,0.695,0.167,0.167,0.407,0.162
2012-08-10 22:00:00,0.332,0.675,0.189,0.189,0.463,0.182
2012-08-10 23:00:00,0.282,0.816,0.228,0.228,0.414,0.251
2012-08-11 00:00:00,0.293,0.72,0.265,0.265,0.324,0.278
2012-08-11 01:00:00,0.306,0.721,0.267,0.267,0.23,0.265
2012-08-11 02:00:00,0.333,0.793,0.311,0.311,0.166,0.254
2012-08-11 03:00:00,0.354,0.836,0.377,0.377,0.135,0.235
2012-08-11 04:00:00,0.34,0.854,0.392,0.392,0.104,0.222
2012-08-11 05:00:00,0.341,0.867,0.361,0.361,0.088,0.224
2012-08-11 06:00:00,0.346,0.856,0.322,0.322,0.092,0.213
2012-08-11 07:00:00,0.35,0.856,0.314,0.314,0.103,0.196
2012-08-11 08:00:00,0.345,0.851,0.308,0.308,0.156,0.19
2012-08-11 09:00:00,0.355,0.795,0.269,0.269,0.175,0.161
2012-08-11 10:00:00,0.326,0.786,0.244,0.244,0.295,0.129
2012-08-11 11:00:00,0.318,0.828,0.253,0.253,0.286,0.137
2012-08-11 12:00:00,0.262,0.806,0.256,0.256,0.216,0.127
2012-08-11 13:00:00,0.245,0.773,0.258,0.258,0.149,0.11
2012-08-11 14:00:00,0.238,0.808,0.207,0.207,0.087,0.106
2012-08-11 15:00:00,0.239,0.83,0.159,0.159,0.045,0.091
2012-08-11 16:00:00,0.225,0.813,0.097,0.097,0.02,0.075
2012-08-11 17:00:00,0.217,0.824,0.091,0.091,0.014,0.068
2012-08-11 18:00:00,0.23,0.802,0.111,0.111,0.015,0.071
2012-08-11 19:00:00,0.241,0.787,0.152,0.152,0.017,0.087
2012-08-11 20:00:00,0.247,0.785,0.197,0.197,0.025,0.11
2012-08-11 21:00:00,0.227,0.733,0.241,0.241,0.063,0.129
2012-08-11 22:00:00,0.179,0.69,0.506,0.506,0.168,0.156
2012-08-11 23:00:00,0.159,0.756,0.574,0.574,0.228,0.272
2012-08-12 00:00:00,0.157,0.724,0.579,0.579,0.243,0.318
2012-08-12 01:00:00,0.137,0.629,0.58,0.58,0.272,0.33
2012-08-12 02:00:00,0.112,0.533,0.614,0.614,0.256,0.319
2012-08-12 03:00:00,0.092,0.513,0.654,0.654,0.232,0.32
2012-08-12 04:00:00,0.085,0.526,0.669,0.669,0.261,0.328
2012-08-12 05:00:00,0.073,0.524,0.659,0.659,0.338,0.338
2012-08-12 06:00:00,0.071,0.434,0.642,0.642,0.437,0.334
2012-08-12 07:00:00,0.07,0.36,0.622,0.622,0.465,0.298
2012-08-12 08:00:00,0.058,0.319,0.524,0.524,0.371,0.231
2012-08-12 09:00:00,0.036,0.278,0.36,0.36,0.275,0.16
2012-08-12 10:00:00,0.019,0.27,0.163,0.163,0.215,0.104
2012-08-12 11:00:00,0.006,0.151,0.083,0.083,0.171,0.029
2012-08-12 12:00:00,0.003,0.123,0.054,0.054,0.127,0.012
2012-08-12 13:00:00,0.002,0.111,0.054,0.054,0.102,0.008
2012-08-12 14:00:00,0.002,0.11,0.077,0.077,0.114,0.01
2012-08-12 15:00:00,0.006,0.116,0.096,0.096,0.131,0.012
2012-08-12 16:00:00,0.013,0.116,0.086,0.086,0.107,0.016
2012-08-12 17:00:00,0.022,0.125,0.067,0.067,0.069,0.022
2012-08-12 18:00:00,0.035,0.142,0.067,0.067,0.039,0.024
2012-08-12 19:00:00,0.048,0.154,0.073,0.073,0.022,0.025
2012-08-12 20:00:00,0.057,0.163,0.067,0.067,0.011,0.027
2012-08-12 21:00:00,0.067,0.164,0.055,0.055,0.006,0.028
2012-08-12 22:00:00,0.087,0.142,0.029,0.029,0.002,0.029
2012-08-12 23:00:00,0.123,0.093,0.024,0.024,0.001,0.013
2012-08-13 00:00:00,0.119,0.078,0.022,0.022,0.001,0.012
2012-08-13 01:00:00,0.116,0.063,0.026,0.026,0.001,0.014
2012-08-13 02:00:00,0.128,0.063,0.037,0.037,0.003,0.016
2012-08-13 03:00:00,0.134,0.067,0.062,0.062,0.007,0.018
2012-08-13 04:00:00,0.132,0.071,0.087,0.087,0.011,0.023
2012-08-13 05:00:00,0.123,0.082,0.097,0.097,0.018,0.027
2012-08-13 06:00:00,0.138,0.093,0.113,0.113,0.033,0.027
2012-08-13 07:00:00,0.163,0.106,0.135,0.135,0.064,0.029
2012-08-13 08:00:00,0.204,0.11,0.145,0.145,0.089,0.032
2012-08-13 09:00:00,0.239,0.095,0.145,0.145,0.105,0.034
2012-08-13 10:00:00,0.251,0.083,0.091,0.091,0.149,0.034
2012-08-13 11:00:00,0.243,0.053,0.078,0.078,0.162,0.013
2012-08-13 12:00:00,0.243,0.05,0.089,0.089,0.194,0.012
2012-08-13 13:00:00,0.268,0.05,0.106,0.106,0.235,0.014
2012-08-13 14:00:00,0.303,0.051,0.131,0.131,0.273,0.015
2012-08-13 15:00:00,0.319,0.073,0.157,0.157,0.313,0.019
2012-08-13 16:00:00,0.322,0.131,0.157,0.157,0.34,0.023
2012-08-13 17:00:00,0.352,0.173,0.156,0.156,0.355,0.023
2012-08-13 18:00:00,0.367,0.205,0.148,0.148,0.341,0.023
2012-08-13 19:00:00,0.387,0.202,0.139,0.139,0.329,0.024
2012-08-13 20:00:00,0.469,0.184,0.131,0.131,0.311,0.026
2012-08-13 21:00:00,0.605,0.159,0.115,0.115,0.27,0.028
2012-08-13 22:00:00,0.71,0.146,0.162,0.162,0.305,0.031
2012-08-13 23:00:00,0.812,0.159,0.128,0.128,0.248,0.038
2012-08-14 00:00:00,0.823,0.169,0.093,0.093,0.174,0.044
2012-08-14 01:00:00,0.813,0.155,0.072,0.072,0.115,0.044
2012-08-14 02:00:00,0.793,0.137,0.067,0.067,0.079,0.043
2012-08-14 03:00:00,0.784,0.114,0.068,0.068,0.061,0.044
2012-08-14 04:00:00,0.769,0.115,0.075,0.075,0.053,0.046
2012-08-14 05:00:00,0.741,0.141,0.081,0.081,0.05,0.053
2012-08-14 06:00:00,0.717,0.18,0.095,0.095,0.055,0.062
2012-08-14 07:00:00,0.702,0.22,0.123,0.123,0.075,0.078
2012-08-14 08:00:00,0.708,0.224,0.145,0.145,0.123,0.109
2012-08-14 09:00:00,0.716,0.195,0.153,0.153,0.174,0.143
2012-08-14 10:00:00,0.709,0.183,0.088,0.088,0.211,0.17
2012-08-14 11:00:00,0.695,0.13,0.1,0.1,0.207,0.127
2012-08-14 12:00:00,0.683,0.151,0.145,0.145,0.253,0.129
2012-08-14 13:00:00,0.692,0.147,0.178,0.178,0.337,0.129
2012-08-14 14:00:00,0.67,0.173,0.206,0.206,0.394,0.12
2012-08-14 15:00:00,0.644,0.231,0.237,0.237,0.436,0.12
2012-08-14 16:00:00,0.626,0.312,0.225,0.225,0.522,0.141
2012-08-14 17:00:00,0.631,0.396,0.187,0.187,0.52,0.172
2012-08-14 18:00:00,0.683,0.476,0.203,0.203,0.446,0.189
2012-08-14 19:00:00,0.754,0.584,0.252,0.252,0.329,0.214
2012-08-14 20:00:00,0.825,0.706,0.291,0.291,0.251,0.244
2012-08-14 21:00:00,0.857,0.792,0.312,0.312,0.209,0.275
2012-08-14 22:00:00,0.861,0.805,0.332,0.332,0.205,0.275
2012-08-14 23:00:00,0.871,0.839,0.382,0.382,0.135,0.297
2012-08-15 00:00:00,0.862,0.74,0.311,0.311,0.087,0.325
2012-08-15 01:00:00,0.842,0.641,0.207,0.207,0.043,0.308
2012-08-15 02:00:00,0.83,0.641,0.17,0.17,0.023,0.26
2012-08-15 03:00:00,0.819,0.719,0.216,0.216,0.024,0.249
2012-08-15 04:00:00,0.806,0.758,0.289,0.289,0.053,0.273
2012-08-15 05:00:00,0.799,0.801,0.381,0.381,0.072,0.329
2012-08-15 06:00:00,0.801,0.854,0.501,0.501,0.093,0.367
2012-08-15 07:00:00,0.801,0.886,0.597,0.597,0.123,0.376
2012-08-15 08:00:00,0.795,0.875,0.644,0.644,0.183,0.383
2012-08-15 09:00:00,0.775,0.862,0.7,0.7,0.276,0.395
2012-08-15 10:00:00,0.744,0.876,0.705,0.705,0.293,0.417
2012-08-15 11:00:00,0.74,0.879,0.658,0.658,0.249,0.363
2012-08-15 12:00:00,0.73,0.836,0.675,0.675,0.21,0.373
2012-08-15 13:00:00,0.716,0.81,0.732,0.732,0.209,0.398
2012-08-15 14:00:00,0.679,0.833,0.763,0.763,0.265,0.439
2012-08-15 15:00:00,0.633,0.887,0.741,0.741,0.33,0.463
2012-08-15 16:00:00,0.613,0.898,0.727,0.727,0.341,0.459
2012-08-15 17:00:00,0.628,0.916,0.703,0.703,0.321,0.452
2012-08-15 18:00:00,0.66,0.9,0.674,0.674,0.296,0.469
2012-08-15 19:00:00,0.694,0.82,0.629,0.629,0.273,0.481
2012-08-15 20:00:00,0.722,0.624,0.632,0.632,0.259,0.489
2012-08-15 21:00:00,0.727,0.54,0.615,0.615,0.262,0.48
2012-08-15 22:00:00,0.692,0.544,0.694,0.694,0.273,0.469
2012-08-15 23:00:00,0.723,0.476,0.639,0.639,0.359,0.494
2012-08-16 00:00:00,0.686,0.423,0.586,0.586,0.422,0.479
2012-08-16 01:00:00,0.662,0.439,0.554,0.554,0.468,0.451
2012-08-16 02:00:00,0.659,0.44,0.559,0.559,0.449,0.427
2012-08-16 03:00:00,0.655,0.428,0.564,0.564,0.385,0.41
2012-08-16 04:00:00,0.65,0.418,0.526,0.526,0.344,0.415
2012-08-16 05:00:00,0.615,0.399,0.472,0.472,0.338,0.395
2012-08-16 06:00:00,0.599,0.396,0.415,0.415,0.324,0.356
2012-08-16 07:00:00,0.64,0.363,0.358,0.358,0.267,0.303
2012-08-16 08:00:00,0.697,0.312,0.322,0.322,0.186,0.268
2012-08-16 09:00:00,0.734,0.266,0.285,0.285,0.17,0.252
2012-08-16 10:00:00,0.763,0.216,0.22,0.22,0.147,0.238
2012-08-16 11:00:00,0.731,0.102,0.205,0.205,0.121,0.166
2012-08-16 12:00:00,0.734,0.105,0.195,0.195,0.117,0.177
2012-08-16 13:00:00,0.731,0.131,0.214,0.214,0.141,0.19
2012-08-16 14:00:00,0.73,0.177,0.241,0.241,0.171,0.203
2012-08-16 15:00:00,0.732,0.198,0.239,0.239,0.208,0.205
2012-08-16 16:00:00,0.73,0.225,0.222,0.222,0.214,0.187
2012-08-16 17:00:00,0.749,0.255,0.193,0.193,0.151,0.183
2012-08-16 18:00:00,0.794,0.293,0.168,0.168,0.103,0.195
2012-08-16 19:00:00,0.826,0.288,0.134,0.134,0.083,0.194
2012-08-16 20:00:00,0.849,0.231,0.102,0.102,0.056,0.167
2012-08-16 21:00:00,0.858,0.163,0.075,0.075,0.045,0.136
2012-08-16 22:00:00,0.847,0.112,0.045,0.045,0.039,0.11
2012-08-16 23:00:00,0.809,0.063,0.045,0.045,0.021,0.125
2012-08-17 00:00:00,0.761,0.047,0.04,0.04,0.016,0.13
2012-08-17 01:00:00,0.72,0.037,0.027,0.027,0.035,0.13
2012-08-17 02:00:00,0.671,0.034,0.025,0.025,0.047,0.128
2012-08-17 03:00:00,0.638,0.019,0.021,0.021,0.039,0.135
2012-08-17 04:00:00,0.615,0.008,0.011,0.011,0.048,0.142
2012-08-17 05:00:00,0.499,0.012,0.009,0.009,0.047,0.127
2012-08-17 06:00:00,0.394,0.009,0.009,0.009,0.032,0.114
2012-08-17 07:00:00,0.323,0.002,0.005,0.005,0.029,0.106
2012-08-17 08:00:00,0.272,0.0,0.003,0.003,0.019,0.071
2012-08-17 09:00:00,0.264,0.0,0.003,0.003,0.01,0.041
2012-08-17 10:00:00,0.234,0.0,0.006,0.006,0.005,0.028
2012-08-17 11:00:00,0.149,0.0,0.014,0.014,0.014,0.012
2012-08-17 12:00:00,0.177,0.0,0.022,0.022,0.028,0.015
2012-08-17 13:00:00,0.199,0.0,0.026,0.026,0.025,0.017
2012-08-17 14:00:00,0.198,0.002,0.019,0.019,0.016,0.021
2012-08-17 15:00:00,0.163,0.007,0.009,0.009,0.008,0.013
2012-08-17 16:00:00,0.143,0.004,0.01,0.01,0.003,0.012
2012-08-17 17:00:00,0.116,0.004,0.015,0.015,0.003,0.004
2012-08-17 18:00:00,0.091,0.003,0.016,0.016,0.009,0.001
2012-08-17 19:00:00,0.071,0.007,0.012,0.012,0.004,0.001
2012-08-17 20:00:00,0.071,0.012,0.005,0.005,0.002,0.001
2012-08-17 21:00:00,0.078,0.02,0.002,0.002,0.001,0.001
2012-08-17 22:00:00,0.102,0.032,0.001,0.001,0.002,0.001
2012-08-17 23:00:00,0.097,0.009,0.001,0.001,0.004,0.001
2012-08-18 00:00:00,0.1,0.025,0.004,0.004,0.005,0.001
2012-08-18 01:00:00,0.118,0.048,0.006,0.006,0.008,0.003
2012-08-18 02:00:00,0.14,0.089,0.008,0.008,0.013,0.004
2012-08-18 03:00:00,0.152,0.115,0.014,0.014,0.022,0.005
2012-08-18 04:00:00,0.172,0.112,0.023,0.023,0.019,0.022
2012-08-18 05:00:00,0.17,0.095,0.024,0.024,0.014,0.034
2012-08-18 06:00:00,0.156,0.065,0.015,0.015,0.009,0.017
2012-08-18 07:00:00,0.17,0.045,0.007,0.007,0.006,0.006
2012-08-18 08:00:00,0.178,0.034,0.004,0.004,0.006,0.006
2012-08-18 09:00:00,0.179,0.021,0.006,0.006,0.007,0.011
2012-08-18 10:00:00,0.197,0.013,0.009,0.009,0.007,0.011
2012-08-18 11:00:00,0.253,0.026,0.022,0.022,0.011,0.008
2012-08-18 12:00:00,0.292,0.037,0.043,0.043,0.022,0.02
2012-08-18 13:00:00,0.338,0.066,0.07,0.07,0.032,0.049
2012-08-18 14:00:00,0.387,0.109,0.103,0.103,0.034,0.097
2012-08-18 15:00:00,0.454,0.145,0.123,0.123,0.028,0.148
2012-08-18 16:00:00,0.538,0.166,0.152,0.152,0.019,0.177
2012-08-18 17:00:00,0.584,0.172,0.154,0.154,0.009,0.196
2012-08-18 18:00:00,0.619,0.149,0.161,0.161,0.007,0.212
2012-08-18 19:00:00,0.628,0.115,0.14,0.14,0.006,0.225
2012-08-18 20:00:00,0.635,0.102,0.112,0.112,0.008,0.201
2012-08-18 21:00:00,0.668,0.09,0.096,0.096,0.01,0.186
2012-08-18 22:00:00,0.731,0.054,0.096,0.096,0.013,0.164
2012-08-18 23:00:00,0.709,0.063,0.111,0.111,0.014,0.162
2012-08-19 00:00:00,0.704,0.06,0.138,0.138,0.018,0.131
2012-08-19 01:00:00,0.641,0.041,0.154,0.154,0.014,0.115
2012-08-19 02:00:00,0.598,0.051,0.15,0.15,0.014,0.092
2012-08-19 03:00:00,0.531,0.154,0.181,0.181,0.017,0.09
2012-08-19 04:00:00,0.403,0.211,0.171,0.171,0.029,0.104
2012-08-19 05:00:00,0.252,0.248,0.174,0.174,0.061,0.103
2012-08-19 06:00:00,0.201,0.216,0.221,0.221,0.097,0.119
2012-08-19 07:00:00,0.231,0.213,0.243,0.243,0.107,0.173
2012-08-19 08:00:00,0.322,0.313,0.159,0.159,0.121,0.182
2012-08-19 09:00:00,0.473,0.381,0.11,0.11,0.116,0.175
2012-08-19 10:00:00,0.614,0.447,0.096,0.096,0.135,0.155
2012-08-19 11:00:00,0.625,0.335,0.098,0.098,0.158,0.165
2012-08-19 12:00:00,0.681,0.484,0.037,0.037,0.189,0.152
2012-08-19 13:00:00,0.735,0.454,0.009,0.009,0.265,0.144
2012-08-19 14:00:00,0.766,0.19,0.017,0.017,0.33,0.199
2012-08-19 15:00:00,0.782,0.075,0.042,0.042,0.396,0.309
2012-08-19 16:00:00,0.788,0.058,0.087,0.087,0.438,0.413
2012-08-19 17:00:00,0.774,0.119,0.158,0.158,0.451,0.467
2012-08-19 18:00:00,0.73,0.198,0.264,0.264,0.449,0.513
2012-08-19 19:00:00,0.602,0.232,0.43,0.43,0.483,0.522
2012-08-19 20:00:00,0.44,0.253,0.579,0.579,0.566,0.542
2012-08-19 21:00:00,0.337,0.332,0.679,0.679,0.655,0.515
2012-08-19 22:00:00,0.266,0.427,0.709,0.709,0.748,0.48
2012-08-19 23:00:00,0.207,0.498,0.716,0.716,0.696,0.463
2012-08-20 00:00:00,0.144,0.518,0.689,0.689,0.612,0.479
2012-08-20 01:00:00,0.123,0.446,0.642,0.642,0.524,0.505
2012-08-20 02:00:00,0.116,0.422,0.616,0.616,0.501,0.53
2012-08-20 03:00:00,0.128,0.432,0.608,0.608,0.58,0.565
2012-08-20 04:00:00,0.164,0.468,0.62,0.62,0.725,0.583
2012-08-20 05:00:00,0.197,0.543,0.691,0.691,0.829,0.57
2012-08-20 06:00:00,0.187,0.579,0.794,0.794,0.85,0.581
2012-08-20 07:00:00,0.153,0.636,0.843,0.843,0.822,0.585
2012-08-20 08:00:00,0.119,0.709,0.875,0.875,0.789,0.568
2012-08-20 09:00:00,0.108,0.755,0.88,0.88,0.729,0.562
2012-08-20 10:00:00,0.083,0.8,0.817,0.817,0.726,0.558
2012-08-20 11:00:00,0.092,0.93,0.826,0.826,0.689,0.546
2012-08-20 12:00:00,0.081,0.945,0.86,0.86,0.571,0.549
2012-08-20 13:00:00,0.086,0.946,0.885,0.885,0.473,0.557
2012-08-20 14:00:00,0.121,0.946,0.874,0.874,0.351,0.575
2012-08-20 15:00:00,0.195,0.948,0.856,0.856,0.251,0.588
2012-08-20 16:00:00,0.195,0.948,0.788,0.788,0.197,0.602
2012-08-20 17:00:00,0.255,0.947,0.751,0.751,0.169,0.584
2012-08-20 18:00:00,0.308,0.933,0.725,0.725,0.145,0.564
2012-08-20 19:00:00,0.345,0.896,0.603,0.603,0.101,0.542
2012-08-20 20:00:00,0.379,0.811,0.452,0.452,0.048,0.476
2012-08-20 21:00:00,0.394,0.626,0.221,0.221,0.033,0.395
2012-08-20 22:00:00,0.331,0.477,0.203,0.203,0.006,0.353
2012-08-20 23:00:00,0.331,0.316,0.133,0.133,0.001,0.308
2012-08-21 00:00:00,0.311,0.248,0.049,0.049,0.002,0.233
2012-08-21 01:00:00,0.348,0.187,0.027,0.027,0.008,0.189
2012-08-21 02:00:00,0.432,0.176,0.03,0.03,0.01,0.174
2012-08-21 03:00:00,0.474,0.188,0.047,0.047,0.004,0.171
2012-08-21 04:00:00,0.409,0.197,0.062,0.062,0.001,0.214
2012-08-21 05:00:00,0.329,0.168,0.062,0.062,0.005,0.229
2012-08-21 06:00:00,0.217,0.132,0.062,0.062,0.035,0.221
2012-08-21 07:00:00,0.163,0.109,0.182,0.182,0.038,0.187
2012-08-21 08:00:00,0.17,0.109,0.293,0.293,0.054,0.207
2012-08-21 09:00:00,0.171,0.137,0.298,0.298,0.076,0.237
2012-08-21 10:00:00,0.132,0.175,0.216,0.216,0.623,0.22
2012-08-21 11:00:00,0.1,0.027,0.445,0.445,0.994,0.212
2012-08-21 12:00:00,0.145,0.053,0.682,0.682,0.579,0.401
2012-08-21 13:00:00,0.185,0.08,0.541,0.541,0.147,0.367
2012-08-21 14:00:00,0.216,0.047,0.423,0.423,0.044,0.302
2012-08-21 15:00:00,0.296,0.083,0.418,0.418,0.053,0.426
2012-08-21 16:00:00,0.367,0.13,0.486,0.486,0.385,0.515
2012-08-21 17:00:00,0.383,0.123,0.396,0.396,0.43,0.485
2012-08-21 18:00:00,0.344,0.078,0.222,0.222,0.456,0.408
2012-08-21 19:00:00,0.304,0.085,0.15,0.15,0.583,0.368
2012-08-21 20:00:00,0.259,0.077,0.093,0.093,0.637,0.368
2012-08-21 21:00:00,0.218,0.084,0.079,0.079,0.63,0.368
2012-08-21 22:00:00,0.197,0.113,0.068,0.068,0.897,0.346
2012-08-21 23:00:00,0.17,0.243,0.04,0.04,0.747,0.392
2012-08-22 00:00:00,0.134,0.435,0.03,0.03,0.702,0.326
2012-08-22 01:00:00,0.106,0.5,0.012,0.012,0.681,0.261
2012-08-22 02:00:00,0.102,0.5,0.015,0.015,0.706,0.276
2012-08-22 03:00:00,0.091,0.574,0.088,0.088,0.701,0.263
2012-08-22 04:00:00,0.074,0.629,0.239,0.239,0.703,0.234
2012-08-22 05:00:00,0.063,0.641,0.42,0.42,0.662,0.219
2012-08-22 06:00:00,0.046,0.726,0.555,0.555,0.571,0.223
2012-08-22 07:00:00,0.039,0.743,0.607,0.607,0.484,0.271
2012-08-22 08:00:00,0.032,0.703,0.624,0.624,0.362,0.314
2012-08-22 09:00:00,0.024,0.623,0.544,0.544,0.234,0.33
2012-08-22 10:00:00,0.02,0.477,0.365,0.365,0.149,0.321
2012-08-22 11:00:00,0.033,0.253,0.262,0.262,0.139,0.303
2012-08-22 12:00:00,0.027,0.158,0.299,0.299,0.111,0.297
2012-08-22 13:00:00,0.018,0.037,0.326,0.326,0.092,0.301
2012-08-22 14:00:00,0.015,0.004,0.373,0.373,0.056,0.296
2012-08-22 15:00:00,0.012,0.028,0.359,0.359,0.041,0.328
2012-08-22 16:00:00,0.019,0.084,0.325,0.325,0.043,0.385
2012-08-22 17:00:00,0.034,0.158,0.338,0.338,0.036,0.444
2012-08-22 18:00:00,0.048,0.2,0.279,0.279,0.019,0.51
2012-08-22 19:00:00,0.054,0.225,0.21,0.21,0.006,0.454
2012-08-22 20:00:00,0.054,0.245,0.131,0.131,0.005,0.375
2012-08-22 21:00:00,0.059,0.19,0.089,0.089,0.006,0.29
2012-08-22 22:00:00,0.056,0.16,0.088,0.088,0.015,0.191
2012-08-22 23:00:00,0.064,0.122,0.084,0.084,0.007,0.11
2012-08-23 00:00:00,0.16,0.077,0.083,0.083,0.004,0.064
2012-08-23 01:00:00,0.342,0.141,0.055,0.055,0.005,0.052
2012-08-23 02:00:00,0.319,0.185,0.033,0.033,0.008,0.058
2012-08-23 03:00:00,0.166,0.191,0.012,0.012,0.026,0.068
2012-08-23 04:00:00,0.206,0.239,0.019,0.019,0.045,0.062
2012-08-23 05:00:00,0.413,0.221,0.033,0.033,0.027,0.038
2012-08-23 06:00:00,0.592,0.083,0.016,0.016,0.017,0.039
2012-08-23 07:00:00,0.698,0.071,0.018,0.018,0.038,0.063
2012-08-23 08:00:00,0.721,0.158,0.029,0.029,0.233,0.094
2012-08-23 09:00:00,0.825,0.235,0.029,0.029,0.866,0.124
2012-08-23 10:00:00,0.897,0.377,0.035,0.035,0.994,0.241
2012-08-23 11:00:00,0.913,0.254,0.18,0.18,0.989,0.194
2012-08-23 12:00:00,0.894,0.165,0.875,0.875,0.974,0.313
2012-08-23 13:00:00,0.856,0.212,0.995,0.995,0.943,0.514
2012-08-23 14:00:00,0.865,0.306,1.0,1.0,0.921,0.63
2012-08-23 15:00:00,0.906,0.825,0.999,0.999,0.964,0.678
2012-08-23 16:00:00,0.922,0.949,1.0,1.0,0.981,0.712
2012-08-23 17:00:00,0.922,0.95,1.0,1.0,0.98,0.719
2012-08-23 18:00:00,0.915,0.95,1.0,1.0,0.99,0.71
2012-08-23 19:00:00,0.915,0.95,1.0,1.0,0.994,0.702
2012-08-23 20:00:00,0.92,0.95,0.999,0.999,0.989,0.679
2012-08-23 21:00:00,0.909,0.95,0.997,0.997,0.973,0.653
2012-08-23 22:00:00,0.898,0.95,0.99,0.99,0.978,0.653
2012-08-23 23:00:00,0.908,0.95,0.978,0.978,0.969,0.682
2012-08-24 00:00:00,0.9,0.95,0.947,0.947,0.956,0.685
2012-08-24 01:00:00,0.897,0.95,0.932,0.932,0.949,0.677
2012-08-24 02:00:00,0.852,0.948,0.919,0.919,0.936,0.667
2012-08-24 03:00:00,0.804,0.946,0.935,0.935,0.966,0.659
2012-08-24 04:00:00,0.749,0.938,0.98,0.98,0.971,0.688
2012-08-24 05:00:00,0.702,0.942,0.982,0.982,0.979,0.699
2012-08-24 06:00:00,0.71,0.948,0.985,0.985,0.975,0.694
2012-08-24 07:00:00,0.724,0.949,0.987,0.987,0.97,0.703
2012-08-24 08:00:00,0.725,0.949,0.992,0.992,0.967,0.702
2012-08-24 09:00:00,0.699,0.95,0.997,0.997,0.968,0.702
2012-08-24 10:00:00,0.629,0.95,0.983,0.983,0.864,0.715
2012-08-24 11:00:00,0.61,0.95,0.989,0.989,0.831,0.674
2012-08-24 12:00:00,0.633,0.95,0.988,0.988,0.833,0.682
2012-08-24 13:00:00,0.598,0.95,0.993,0.993,0.765,0.699
2012-08-24 14:00:00,0.603,0.95,0.99,0.99,0.662,0.705
2012-08-24 15:00:00,0.567,0.949,0.98,0.98,0.638,0.693
2012-08-24 16:00:00,0.496,0.95,0.973,0.973,0.704,0.682
2012-08-24 17:00:00,0.449,0.95,0.946,0.946,0.661,0.669
2012-08-24 18:00:00,0.381,0.95,0.906,0.906,0.539,0.655
2012-08-24 19:00:00,0.281,0.95,0.879,0.879,0.531,0.633
2012-08-24 20:00:00,0.208,0.949,0.878,0.878,0.432,0.592
2012-08-24 21:00:00,0.151,0.945,0.815,0.815,0.392,0.565
2012-08-24 22:00:00,0.117,0.942,0.708,0.708,0.396,0.532
2012-08-24 23:00:00,0.107,0.944,0.651,0.651,0.32,0.48
2012-08-25 00:00:00,0.101,0.926,0.572,0.572,0.173,0.407
2012-08-25 01:00:00,0.071,0.901,0.458,0.458,0.109,0.38
2012-08-25 02:00:00,0.038,0.792,0.395,0.395,0.088,0.335
2012-08-25 03:00:00,0.027,0.696,0.413,0.413,0.086,0.279
2012-08-25 04:00:00,0.021,0.639,0.33,0.33,0.047,0.263
2012-08-25 05:00:00,0.019,0.618,0.222,0.222,0.029,0.229
2012-08-25 06:00:00,0.012,0.562,0.204,0.204,0.013,0.182
2012-08-25 07:00:00,0.007,0.437,0.189,0.189,0.003,0.133
2012-08-25 08:00:00,0.004,0.359,0.096,0.096,0.002,0.125
2012-08-25 09:00:00,0.004,0.394,0.059,0.059,0.001,0.088
2012-08-25 10:00:00,0.005,0.248,0.034,0.034,0.001,0.06
2012-08-25 11:00:00,0.008,0.167,0.021,0.021,0.003,0.056
2012-08-25 12:00:00,0.005,0.172,0.016,0.016,0.002,0.064
2012-08-25 13:00:00,0.004,0.186,0.01,0.01,0.001,0.062
2012-08-25 14:00:00,0.006,0.134,0.002,0.002,0.001,0.054
2012-08-25 15:00:00,0.007,0.062,0.001,0.001,0.001,0.043
2012-08-25 16:00:00,0.009,0.026,0.003,0.003,0.003,0.037
2012-08-25 17:00:00,0.015,0.031,0.007,0.007,0.002,0.037
2012-08-25 18:00:00,0.029,0.071,0.008,0.008,0.002,0.042
2012-08-25 19:00:00,0.036,0.104,0.007,0.007,0.001,0.043
2012-08-25 20:00:00,0.058,0.067,0.005,0.005,0.001,0.044
2012-08-25 21:00:00,0.106,0.05,0.003,0.003,0.0,0.049
2012-08-25 22:00:00,0.139,0.038,0.003,0.003,0.001,0.052
2012-08-25 23:00:00,0.117,0.025,0.002,0.002,0.002,0.034
2012-08-26 00:00:00,0.144,0.023,0.001,0.001,0.001,0.016
2012-08-26 01:00:00,0.194,0.01,0.001,0.001,0.001,0.006
2012-08-26 02:00:00,0.214,0.0,0.001,0.001,0.0,0.003
2012-08-26 03:00:00,0.162,0.0,0.0,0.0,0.0,0.001
2012-08-26 04:00:00,0.119,0.0,0.0,0.0,0.001,0.001
2012-08-26 05:00:00,0.093,0.0,0.0,0.0,0.001,0.001
2012-08-26 06:00:00,0.109,0.001,0.0,0.0,0.003,0.001
2012-08-26 07:00:00,0.159,0.009,0.001,0.001,0.003,0.003
2012-08-26 08:00:00,0.245,0.007,0.0,0.0,0.004,0.006
2012-08-26 09:00:00,0.298,0.005,0.001,0.001,0.005,0.006
2012-08-26 10:00:00,0.263,0.001,0.001,0.001,0.006,0.008
2012-08-26 11:00:00,0.212,0.0,0.001,0.001,0.006,0.02
2012-08-26 12:00:00,0.215,0.0,0.001,0.001,0.014,0.037
2012-08-26 13:00:00,0.196,0.0,0.002,0.002,0.019,0.059
2012-08-26 14:00:00,0.156,0.0,0.003,0.003,0.027,0.077
2012-08-26 15:00:00,0.161,0.001,0.003,0.003,0.034,0.091
2012-08-26 16:00:00,0.132,0.004,0.006,0.006,0.039,0.096
2012-08-26 17:00:00,0.121,0.005,0.01,0.01,0.08,0.094
2012-08-26 18:00:00,0.139,0.004,0.025,0.025,0.191,0.08
2012-08-26 19:00:00,0.147,0.001,0.074,0.074,0.172,0.077
2012-08-26 20:00:00,0.144,0.0,0.155,0.155,0.172,0.097
2012-08-26 21:00:00,0.155,0.004,0.237,0.237,0.238,0.124
2012-08-26 22:00:00,0.169,0.026,0.216,0.216,0.203,0.16
2012-08-26 23:00:00,0.246,0.043,0.239,0.239,0.192,0.127
2012-08-27 00:00:00,0.249,0.1,0.23,0.23,0.191,0.211
2012-08-27 01:00:00,0.211,0.152,0.322,0.322,0.41,0.275
2012-08-27 02:00:00,0.17,0.182,0.457,0.457,0.578,0.231
2012-08-27 03:00:00,0.17,0.283,0.404,0.404,0.496,0.263
2012-08-27 04:00:00,0.19,0.415,0.375,0.375,0.515,0.335
2012-08-27 05:00:00,0.241,0.421,0.279,0.279,0.427,0.328
2012-08-27 06:00:00,0.292,0.386,0.231,0.231,0.267,0.265
2012-08-27 07:00:00,0.352,0.422,0.251,0.251,0.214,0.239
2012-08-27 08:00:00,0.458,0.392,0.301,0.301,0.241,0.268
2012-08-27 09:00:00,0.557,0.412,0.311,0.311,0.252,0.31
2012-08-27 10:00:00,0.591,0.327,0.304,0.304,0.517,0.301
2012-08-27 11:00:00,0.671,0.193,0.234,0.234,0.416,0.31
2012-08-27 12:00:00,0.675,0.257,0.198,0.198,0.329,0.339
2012-08-27 13:00:00,0.582,0.226,0.228,0.228,0.451,0.341
2012-08-27 14:00:00,0.677,0.24,0.254,0.254,0.572,0.433
2012-08-27 15:00:00,0.779,0.325,0.275,0.275,0.556,0.496
2012-08-27 16:00:00,0.819,0.302,0.24,0.24,0.552,0.497
2012-08-27 17:00:00,0.827,0.329,0.292,0.292,0.557,0.499
2012-08-27 18:00:00,0.803,0.339,0.344,0.344,0.49,0.436
2012-08-27 19:00:00,0.776,0.403,0.317,0.317,0.428,0.448
2012-08-27 20:00:00,0.753,0.409,0.289,0.289,0.37,0.437
2012-08-27 21:00:00,0.711,0.381,0.278,0.278,0.374,0.366
2012-08-27 22:00:00,0.659,0.421,0.275,0.275,0.454,0.363
2012-08-27 23:00:00,0.64,0.595,0.28,0.28,0.761,0.372
2012-08-28 00:00:00,0.584,0.488,0.264,0.264,0.948,0.332
2012-08-28 01:00:00,0.548,0.335,0.325,0.325,0.968,0.325
2012-08-28 02:00:00,0.529,0.234,0.471,0.471,0.968,0.359
2012-08-28 03:00:00,0.501,0.197,0.635,0.635,0.979,0.426
2012-08-28 04:00:00,0.454,0.216,0.745,0.745,0.99,0.509
2012-08-28 05:00:00,0.373,0.287,0.812,0.812,0.991,0.656
2012-08-28 06:00:00,0.255,0.337,0.838,0.838,0.977,0.757
2012-08-28 07:00:00,0.166,0.48,0.865,0.865,0.955,0.752
2012-08-28 08:00:00,0.116,0.735,0.871,0.871,0.921,0.744
2012-08-28 09:00:00,0.082,0.877,0.795,0.795,0.882,0.699
2012-08-28 10:00:00,0.061,0.863,0.707,0.707,0.848,0.617
2012-08-28 11:00:00,0.052,0.85,0.736,0.736,0.844,0.536
2012-08-28 12:00:00,0.088,0.881,0.833,0.833,0.829,0.533
2012-08-28 13:00:00,0.15,0.898,0.89,0.89,0.773,0.558
2012-08-28 14:00:00,0.217,0.881,0.885,0.885,0.675,0.556
2012-08-28 15:00:00,0.29,0.902,0.871,0.871,0.616,0.542
2012-08-28 16:00:00,0.354,0.871,0.781,0.781,0.61,0.523
2012-08-28 17:00:00,0.435,0.757,0.596,0.596,0.497,0.478
2012-08-28 18:00:00,0.509,0.68,0.394,0.394,0.416,0.425
2012-08-28 19:00:00,0.546,0.63,0.232,0.232,0.342,0.383
2012-08-28 20:00:00,0.572,0.552,0.144,0.144,0.228,0.337
2012-08-28 21:00:00,0.612,0.427,0.086,0.086,0.133,0.304
2012-08-28 22:00:00,0.676,0.33,0.027,0.027,0.081,0.285
2012-08-28 23:00:00,0.801,0.158,0.01,0.01,0.066,0.251
2012-08-29 00:00:00,0.828,0.093,0.004,0.004,0.047,0.243
2012-08-29 01:00:00,0.838,0.101,0.001,0.001,0.022,0.233
2012-08-29 02:00:00,0.842,0.135,0.001,0.001,0.017,0.213
2012-08-29 03:00:00,0.842,0.134,0.003,0.003,0.021,0.187
2012-08-29 04:00:00,0.839,0.11,0.009,0.009,0.053,0.166
2012-08-29 05:00:00,0.825,0.075,0.017,0.017,0.099,0.154
2012-08-29 06:00:00,0.778,0.054,0.023,0.023,0.166,0.147
2012-08-29 07:00:00,0.755,0.038,0.044,0.044,0.161,0.124
2012-08-29 08:00:00,0.766,0.019,0.059,0.059,0.098,0.1
2012-08-29 09:00:00,0.802,0.005,0.049,0.049,0.081,0.085
2012-08-29 10:00:00,0.818,0.0,0.042,0.042,0.09,0.079
2012-08-29 11:00:00,0.734,0.002,0.021,0.021,0.055,0.099
2012-08-29 12:00:00,0.612,0.0,0.017,0.017,0.052,0.092
2012-08-29 13:00:00,0.439,0.0,0.006,0.006,0.065,0.102
2012-08-29 14:00:00,0.327,0.0,0.003,0.003,0.058,0.087
2012-08-29 15:00:00,0.288,0.0,0.001,0.001,0.066,0.083
2012-08-29 16:00:00,0.257,0.0,0.005,0.005,0.073,0.077
2012-08-29 17:00:00,0.275,0.0,0.01,0.01,0.091,0.087
2012-08-29 18:00:00,0.233,0.0,0.029,0.029,0.141,0.105
2012-08-29 19:00:00,0.193,0.0,0.083,0.083,0.226,0.124
2012-08-29 20:00:00,0.191,0.0,0.116,0.116,0.287,0.154
2012-08-29 21:00:00,0.142,0.006,0.119,0.119,0.274,0.167
2012-08-29 22:00:00,0.089,0.012,0.064,0.064,0.283,0.157
2012-08-29 23:00:00,0.088,0.0,0.074,0.074,0.247,0.146
2012-08-30 00:00:00,0.103,0.004,0.097,0.097,0.269,0.19
2012-08-30 01:00:00,0.163,0.016,0.09,0.09,0.241,0.252
2012-08-30 02:00:00,0.174,0.005,0.096,0.096,0.192,0.287
2012-08-30 03:00:00,0.159,0.007,0.091,0.091,0.125,0.294
2012-08-30 04:00:00,0.18,0.005,0.077,0.077,0.085,0.275
2012-08-30 05:00:00,0.236,0.005,0.08,0.08,0.067,0.241
2012-08-30 06:00:00,0.296,0.006,0.102,0.102,0.06,0.218
2012-08-30 07:00:00,0.349,0.007,0.096,0.096,0.038,0.224
2012-08-30 08:00:00,0.388,0.012,0.067,0.067,0.017,0.233
2012-08-30 09:00:00,0.413,0.022,0.051,0.051,0.007,0.221
2012-08-30 10:00:00,0.415,0.03,0.02,0.02,0.004,0.19
2012-08-30 11:00:00,0.357,0.004,0.014,0.014,0.003,0.135
2012-08-30 12:00:00,0.32,0.004,0.012,0.012,0.002,0.125
2012-08-30 13:00:00,0.255,0.006,0.015,0.015,0.001,0.109
2012-08-30 14:00:00,0.238,0.005,0.026,0.026,0.001,0.101
2012-08-30 15:00:00,0.285,0.007,0.06,0.06,0.001,0.106
2012-08-30 16:00:00,0.295,0.013,0.119,0.119,0.001,0.116
2012-08-30 17:00:00,0.36,0.025,0.2,0.2,0.002,0.124
2012-08-30 18:00:00,0.517,0.044,0.29,0.29,0.005,0.122
2012-08-30 19:00:00,0.577,0.069,0.361,0.361,0.023,0.13
2012-08-30 20:00:00,0.656,0.094,0.421,0.421,0.056,0.16
2012-08-30 21:00:00,0.716,0.116,0.47,0.47,0.087,0.216
2012-08-30 22:00:00,0.745,0.147,0.563,0.563,0.152,0.287
2012-08-30 23:00:00,0.75,0.205,0.545,0.545,0.202,0.41
2012-08-31 00:00:00,0.714,0.251,0.496,0.496,0.291,0.497
2012-08-31 01:00:00,0.641,0.293,0.451,0.451,0.356,0.513
2012-08-31 02:00:00,0.598,0.316,0.38,0.38,0.371,0.523
2012-08-31 03:00:00,0.553,0.34,0.319,0.319,0.457,0.509
2012-08-31 04:00:00,0.458,0.342,0.312,0.312,0.556,0.463
2012-08-31 05:00:00,0.334,0.352,0.339,0.339,0.622,0.459
2012-08-31 06:00:00,0.274,0.407,0.383,0.383,0.641,0.484
2012-08-31 07:00:00,0.257,0.48,0.397,0.397,0.613,0.494
2012-08-31 08:00:00,0.228,0.586,0.475,0.475,0.519,0.504
2012-08-31 09:00:00,0.173,0.651,0.582,0.582,0.412,0.54
2012-08-31 10:00:00,0.129,0.683,0.558,0.558,0.142,0.585
2012-08-31 11:00:00,0.095,0.778,0.571,0.571,0.049,0.579
2012-08-31 12:00:00,0.085,0.786,0.531,0.531,0.014,0.552
2012-08-31 13:00:00,0.081,0.796,0.411,0.411,0.023,0.479
2012-08-31 14:00:00,0.07,0.788,0.298,0.298,0.007,0.428
2012-08-31 15:00:00,0.041,0.755,0.232,0.232,0.001,0.384
2012-08-31 16:00:00,0.026,0.764,0.166,0.166,0.001,0.367
2012-08-31 17:00:00,0.016,0.794,0.155,0.155,0.001,0.353
2012-08-31 18:00:00,0.011,0.859,0.175,0.175,0.001,0.342
2012-08-31 19:00:00,0.019,0.905,0.16,0.16,0.001,0.333
2012-08-31 20:00:00,0.046,0.928,0.165,0.165,0.001,0.331
2012-08-31 21:00:00,0.095,0.945,0.24,0.24,0.003,0.318
2012-08-31 22:00:00,0.144,0.924,0.451,0.451,0.013,0.308
2012-08-31 23:00:00,0.346,0.945,0.368,0.368,0.024,0.332
2012-09-01 00:00:00,0.382,0.925,0.214,0.214,0.012,0.332
2012-09-01 01:00:00,0.453,0.903,0.073,0.073,0.015,0.327
2012-09-01 02:00:00,0.527,0.858,0.027,0.027,0.004,0.295
2012-09-01 03:00:00,0.597,0.714,0.027,0.027,0.0,0.251
2012-09-01 04:00:00,0.654,0.615,0.042,0.042,0.001,0.235
2012-09-01 05:00:00,0.729,0.672,0.049,0.049,0.005,0.252
2012-09-01 06:00:00,0.8,0.774,0.035,0.035,0.046,0.297
2012-09-01 07:00:00,0.84,0.892,0.02,0.02,0.087,0.335
2012-09-01 08:00:00,0.852,0.93,0.014,0.014,0.069,0.331
2012-09-01 09:00:00,0.855,0.929,0.01,0.01,0.076,0.317
2012-09-01 10:00:00,0.847,0.916,0.008,0.008,0.11,0.298
2012-09-01 11:00:00,0.86,0.684,0.003,0.003,0.132,0.272
2012-09-01 12:00:00,0.859,0.578,0.007,0.007,0.244,0.186
2012-09-01 13:00:00,0.856,0.496,0.009,0.009,0.331,0.134
2012-09-01 14:00:00,0.855,0.526,0.008,0.008,0.341,0.129
2012-09-01 15:00:00,0.842,0.624,0.018,0.018,0.329,0.15
2012-09-01 16:00:00,0.819,0.817,0.036,0.036,0.413,0.163
2012-09-01 17:00:00,0.807,0.867,0.057,0.057,0.433,0.19
2012-09-01 18:00:00,0.791,0.824,0.122,0.122,0.381,0.239
2012-09-01 19:00:00,0.747,0.788,0.231,0.231,0.353,0.275
2012-09-01 20:00:00,0.7,0.885,0.392,0.392,0.302,0.342
2012-09-01 21:00:00,0.656,0.923,0.697,0.697,0.29,0.384
2012-09-01 22:00:00,0.602,0.943,0.844,0.844,0.321,0.394
2012-09-01 23:00:00,0.582,0.813,0.702,0.702,0.278,0.467
2012-09-02 00:00:00,0.556,0.367,0.537,0.537,0.256,0.484
2012-09-02 01:00:00,0.458,0.11,0.409,0.409,0.314,0.496
2012-09-02 02:00:00,0.298,0.068,0.332,0.332,0.285,0.487
2012-09-02 03:00:00,0.265,0.151,0.27,0.27,0.219,0.471
2012-09-02 04:00:00,0.204,0.229,0.295,0.295,0.216,0.435
2012-09-02 05:00:00,0.135,0.392,0.321,0.321,0.229,0.389
2012-09-02 06:00:00,0.124,0.546,0.312,0.312,0.263,0.403
2012-09-02 07:00:00,0.126,0.596,0.296,0.296,0.294,0.43
2012-09-02 08:00:00,0.124,0.56,0.261,0.261,0.268,0.441
2012-09-02 09:00:00,0.138,0.448,0.242,0.242,0.239,0.439
2012-09-02 10:00:00,0.161,0.337,0.288,0.288,0.227,0.436
2012-09-02 11:00:00,0.188,0.269,0.37,0.37,0.194,0.463
2012-09-02 12:00:00,0.207,0.244,0.458,0.458,0.179,0.512
2012-09-02 13:00:00,0.269,0.297,0.503,0.503,0.17,0.532
2012-09-02 14:00:00,0.361,0.393,0.441,0.441,0.177,0.507
2012-09-02 15:00:00,0.446,0.417,0.381,0.381,0.244,0.459
2012-09-02 16:00:00,0.522,0.348,0.421,0.421,0.339,0.487
2012-09-02 17:00:00,0.571,0.282,0.476,0.476,0.349,0.571
2012-09-02 18:00:00,0.662,0.277,0.488,0.488,0.308,0.582
2012-09-02 19:00:00,0.724,0.366,0.458,0.458,0.311,0.568
2012-09-02 20:00:00,0.757,0.469,0.45,0.45,0.384,0.522
2012-09-02 21:00:00,0.765,0.6,0.46,0.46,0.315,0.496
2012-09-02 22:00:00,0.787,0.741,0.494,0.494,0.26,0.461
2012-09-02 23:00:00,0.817,0.905,0.426,0.426,0.224,0.438
2012-09-03 00:00:00,0.815,0.793,0.382,0.382,0.204,0.346
2012-09-03 01:00:00,0.798,0.623,0.303,0.303,0.178,0.288
2012-09-03 02:00:00,0.793,0.59,0.241,0.241,0.182,0.264
2012-09-03 03:00:00,0.799,0.604,0.271,0.271,0.236,0.289
2012-09-03 04:00:00,0.811,0.59,0.291,0.291,0.228,0.339
2012-09-03 05:00:00,0.787,0.571,0.304,0.304,0.234,0.381
2012-09-03 06:00:00,0.656,0.542,0.361,0.361,0.259,0.422
2012-09-03 07:00:00,0.514,0.526,0.428,0.428,0.283,0.48
2012-09-03 08:00:00,0.434,0.544,0.449,0.449,0.305,0.551
2012-09-03 09:00:00,0.404,0.581,0.424,0.424,0.298,0.589
2012-09-03 10:00:00,0.409,0.602,0.294,0.294,0.25,0.589
2012-09-03 11:00:00,0.361,0.469,0.371,0.371,0.287,0.604
2012-09-03 12:00:00,0.39,0.433,0.463,0.463,0.294,0.662
2012-09-03 13:00:00,0.423,0.503,0.479,0.479,0.271,0.692
2012-09-03 14:00:00,0.455,0.659,0.497,0.497,0.249,0.686
2012-09-03 15:00:00,0.443,0.737,0.476,0.476,0.221,0.698
2012-09-03 16:00:00,0.359,0.759,0.387,0.387,0.189,0.696
2012-09-03 17:00:00,0.294,0.78,0.305,0.305,0.146,0.667
2012-09-03 18:00:00,0.277,0.752,0.265,0.265,0.158,0.648
2012-09-03 19:00:00,0.235,0.661,0.252,0.252,0.182,0.618
2012-09-03 20:00:00,0.166,0.64,0.28,0.28,0.19,0.581
2012-09-03 21:00:00,0.115,0.682,0.291,0.291,0.223,0.541
2012-09-03 22:00:00,0.099,0.669,0.325,0.325,0.239,0.5
2012-09-03 23:00:00,0.101,0.471,0.394,0.394,0.272,0.527
2012-09-04 00:00:00,0.079,0.533,0.451,0.451,0.282,0.51
2012-09-04 01:00:00,0.098,0.598,0.498,0.498,0.268,0.521
2012-09-04 02:00:00,0.102,0.71,0.548,0.548,0.264,0.537
2012-09-04 03:00:00,0.088,0.826,0.608,0.608,0.29,0.521
2012-09-04 04:00:00,0.097,0.837,0.626,0.626,0.31,0.5
2012-09-04 05:00:00,0.088,0.874,0.635,0.635,0.336,0.443
2012-09-04 06:00:00,0.085,0.901,0.624,0.624,0.275,0.387
2012-09-04 07:00:00,0.103,0.857,0.554,0.554,0.227,0.313
2012-09-04 08:00:00,0.108,0.687,0.419,0.419,0.229,0.262
2012-09-04 09:00:00,0.108,0.543,0.43,0.43,0.253,0.265
2012-09-04 10:00:00,0.09,0.47,0.314,0.314,0.165,0.289
2012-09-04 11:00:00,0.091,0.505,0.315,0.315,0.164,0.297
2012-09-04 12:00:00,0.125,0.576,0.323,0.323,0.133,0.339
2012-09-04 13:00:00,0.195,0.566,0.325,0.325,0.113,0.326
2012-09-04 14:00:00,0.233,0.413,0.361,0.361,0.138,0.348
2012-09-04 15:00:00,0.235,0.449,0.307,0.307,0.124,0.39
2012-09-04 16:00:00,0.211,0.525,0.285,0.285,0.118,0.404
2012-09-04 17:00:00,0.164,0.544,0.329,0.329,0.154,0.437
2012-09-04 18:00:00,0.15,0.606,0.359,0.359,0.13,0.431
2012-09-04 19:00:00,0.128,0.684,0.39,0.39,0.153,0.377
2012-09-04 20:00:00,0.099,0.691,0.427,0.427,0.158,0.387
2012-09-04 21:00:00,0.104,0.667,0.351,0.351,0.136,0.386
2012-09-04 22:00:00,0.137,0.56,0.295,0.295,0.119,0.339
2012-09-04 23:00:00,0.186,0.552,0.197,0.197,0.092,0.274
2012-09-05 00:00:00,0.256,0.458,0.139,0.139,0.093,0.193
2012-09-05 01:00:00,0.283,0.375,0.113,0.113,0.078,0.174
2012-09-05 02:00:00,0.306,0.285,0.101,0.101,0.065,0.169
2012-09-05 03:00:00,0.372,0.29,0.078,0.078,0.06,0.146
2012-09-05 04:00:00,0.458,0.299,0.067,0.067,0.071,0.128
2012-09-05 05:00:00,0.526,0.202,0.077,0.077,0.072,0.123
2012-09-05 06:00:00,0.579,0.169,0.101,0.101,0.074,0.142
2012-09-05 07:00:00,0.622,0.189,0.169,0.169,0.096,0.214
2012-09-05 08:00:00,0.616,0.276,0.274,0.274,0.142,0.306
2012-09-05 09:00:00,0.629,0.34,0.394,0.394,0.181,0.4
2012-09-05 10:00:00,0.638,0.3,0.383,0.383,0.214,0.488
2012-09-05 11:00:00,0.634,0.264,0.455,0.455,0.284,0.519
2012-09-05 12:00:00,0.627,0.319,0.583,0.583,0.342,0.62
2012-09-05 13:00:00,0.631,0.475,0.694,0.694,0.315,0.768
2012-09-05 14:00:00,0.543,0.704,0.72,0.72,0.242,0.835
2012-09-05 15:00:00,0.501,0.877,0.673,0.673,0.19,0.857
2012-09-05 16:00:00,0.45,0.919,0.672,0.672,0.174,0.842
2012-09-05 17:00:00,0.373,0.924,0.644,0.644,0.165,0.853
2012-09-05 18:00:00,0.317,0.917,0.595,0.595,0.208,0.837
2012-09-05 19:00:00,0.301,0.917,0.674,0.674,0.29,0.826
2012-09-05 20:00:00,0.311,0.888,0.807,0.807,0.377,0.827
2012-09-05 21:00:00,0.332,0.901,0.866,0.866,0.494,0.826
2012-09-05 22:00:00,0.349,0.923,0.936,0.936,0.601,0.833
2012-09-05 23:00:00,0.348,0.945,0.94,0.94,0.585,0.818
2012-09-06 00:00:00,0.394,0.944,0.905,0.905,0.549,0.797
2012-09-06 01:00:00,0.458,0.935,0.825,0.825,0.523,0.789
2012-09-06 02:00:00,0.473,0.91,0.711,0.711,0.445,0.776
2012-09-06 03:00:00,0.47,0.852,0.603,0.603,0.399,0.742
2012-09-06 04:00:00,0.43,0.799,0.548,0.548,0.414,0.729
2012-09-06 05:00:00,0.394,0.765,0.542,0.542,0.369,0.729
2012-09-06 06:00:00,0.365,0.787,0.536,0.536,0.324,0.741
2012-09-06 07:00:00,0.385,0.799,0.56,0.56,0.329,0.736
2012-09-06 08:00:00,0.409,0.817,0.649,0.649,0.398,0.751
2012-09-06 09:00:00,0.446,0.887,0.736,0.736,0.487,0.782
2012-09-06 10:00:00,0.532,0.906,0.8,0.8,0.487,0.797
2012-09-06 11:00:00,0.588,0.911,0.862,0.862,0.592,0.817
2012-09-06 12:00:00,0.651,0.923,0.928,0.928,0.709,0.813
2012-09-06 13:00:00,0.694,0.936,0.954,0.954,0.799,0.817
2012-09-06 14:00:00,0.751,0.94,0.969,0.969,0.867,0.836
2012-09-06 15:00:00,0.806,0.944,0.977,0.977,0.924,0.845
2012-09-06 16:00:00,0.834,0.948,0.977,0.977,0.943,0.865
2012-09-06 17:00:00,0.854,0.945,0.977,0.977,0.953,0.883
2012-09-06 18:00:00,0.866,0.936,0.966,0.966,0.942,0.885
2012-09-06 19:00:00,0.873,0.914,0.925,0.925,0.932,0.867
2012-09-06 20:00:00,0.862,0.831,0.869,0.869,0.909,0.845
2012-09-06 21:00:00,0.856,0.706,0.829,0.829,0.904,0.829
2012-09-06 22:00:00,0.846,0.631,0.913,0.913,0.922,0.804
2012-09-06 23:00:00,0.794,0.712,0.902,0.902,0.874,0.841
2012-09-07 00:00:00,0.818,0.736,0.815,0.815,0.841,0.808
2012-09-07 01:00:00,0.763,0.656,0.817,0.817,0.852,0.792
2012-09-07 02:00:00,0.692,0.609,0.842,0.842,0.881,0.791
2012-09-07 03:00:00,0.6,0.632,0.831,0.831,0.924,0.787
2012-09-07 04:00:00,0.529,0.599,0.85,0.85,0.944,0.785
2012-09-07 05:00:00,0.403,0.535,0.878,0.878,0.958,0.795
2012-09-07 06:00:00,0.291,0.569,0.886,0.886,0.934,0.778
2012-09-07 07:00:00,0.241,0.54,0.798,0.798,0.891,0.701
2012-09-07 08:00:00,0.242,0.324,0.611,0.611,0.847,0.591
2012-09-07 09:00:00,0.295,0.303,0.428,0.428,0.814,0.512
2012-09-07 10:00:00,0.335,0.466,0.367,0.367,0.697,0.424
2012-09-07 11:00:00,0.252,0.5,0.407,0.407,0.652,0.383
2012-09-07 12:00:00,0.362,0.57,0.431,0.431,0.75,0.369
2012-09-07 13:00:00,0.54,0.613,0.462,0.462,0.799,0.398
2012-09-07 14:00:00,0.666,0.676,0.515,0.515,0.867,0.431
2012-09-07 15:00:00,0.759,0.626,0.559,0.559,0.862,0.495
2012-09-07 16:00:00,0.847,0.552,0.626,0.626,0.897,0.543
2012-09-07 17:00:00,0.883,0.5,0.761,0.761,0.878,0.557
2012-09-07 18:00:00,0.912,0.281,0.835,0.835,0.891,0.595
2012-09-07 19:00:00,0.931,0.255,0.861,0.861,0.943,0.619
2012-09-07 20:00:00,0.936,0.264,0.881,0.881,0.949,0.615
2012-09-07 21:00:00,0.938,0.468,0.894,0.894,0.953,0.63
2012-09-07 22:00:00,0.946,0.773,0.886,0.886,0.981,0.677
2012-09-07 23:00:00,0.946,0.933,0.916,0.916,0.986,0.751
2012-09-08 00:00:00,0.947,0.942,0.903,0.903,0.991,0.744
2012-09-08 01:00:00,0.945,0.945,0.96,0.96,0.997,0.736
2012-09-08 02:00:00,0.931,0.933,0.987,0.987,1.0,0.744
2012-09-08 03:00:00,0.889,0.925,0.998,0.998,1.0,0.741
2012-09-08 04:00:00,0.772,0.948,0.999,0.999,1.0,0.732
2012-09-08 05:00:00,0.688,0.95,1.0,1.0,1.0,0.738
2012-09-08 06:00:00,0.679,0.949,1.0,1.0,1.0,0.74
2012-09-08 07:00:00,0.669,0.948,0.998,0.998,1.0,0.742
2012-09-08 08:00:00,0.606,0.932,0.996,0.996,0.999,0.75
2012-09-08 09:00:00,0.52,0.891,0.993,0.993,0.998,0.762
2012-09-08 10:00:00,0.445,0.861,0.967,0.967,0.987,0.751
2012-09-08 11:00:00,0.397,0.759,0.969,0.969,0.971,0.713
2012-09-08 12:00:00,0.354,0.705,0.988,0.988,0.938,0.756
2012-09-08 13:00:00,0.298,0.672,0.993,0.993,0.96,0.775
2012-09-08 14:00:00,0.256,0.734,0.996,0.996,0.977,0.806
2012-09-08 15:00:00,0.263,0.897,0.999,0.999,0.976,0.819
2012-09-08 16:00:00,0.279,0.946,0.999,0.999,0.954,0.818
2012-09-08 17:00:00,0.287,0.949,0.999,0.999,0.935,0.814
2012-09-08 18:00:00,0.288,0.95,0.998,0.998,0.936,0.833
2012-09-08 19:00:00,0.28,0.95,0.993,0.993,0.928,0.796
2012-09-08 20:00:00,0.279,0.949,0.98,0.98,0.909,0.805
2012-09-08 21:00:00,0.264,0.948,0.973,0.973,0.905,0.792
2012-09-08 22:00:00,0.227,0.945,0.956,0.956,0.906,0.741
2012-09-08 23:00:00,0.209,0.946,0.963,0.963,0.904,0.708
2012-09-09 00:00:00,0.217,0.922,0.954,0.954,0.912,0.693
2012-09-09 01:00:00,0.208,0.889,0.957,0.957,0.946,0.684
2012-09-09 02:00:00,0.196,0.864,0.946,0.946,0.939,0.7
2012-09-09 03:00:00,0.192,0.895,0.926,0.926,0.909,0.739
2012-09-09 04:00:00,0.192,0.885,0.954,0.954,0.891,0.795
2012-09-09 05:00:00,0.198,0.898,0.963,0.963,0.869,0.833
2012-09-09 06:00:00,0.255,0.907,0.974,0.974,0.842,0.851
2012-09-09 07:00:00,0.377,0.924,0.976,0.976,0.882,0.862
2012-09-09 08:00:00,0.477,0.936,0.98,0.98,0.906,0.882
2012-09-09 09:00:00,0.53,0.948,0.981,0.981,0.933,0.912
2012-09-09 10:00:00,0.522,0.949,0.984,0.984,0.938,0.909
2012-09-09 11:00:00,0.556,0.95,0.989,0.989,0.97,0.863
2012-09-09 12:00:00,0.498,0.95,0.998,0.998,0.977,0.86
2012-09-09 13:00:00,0.425,0.95,0.999,0.999,0.956,0.856
2012-09-09 14:00:00,0.395,0.95,1.0,1.0,0.977,0.876
2012-09-09 15:00:00,0.388,0.95,1.0,1.0,0.975,0.895
2012-09-09 16:00:00,0.345,0.95,1.0,1.0,0.941,0.894
2012-09-09 17:00:00,0.276,0.95,1.0,1.0,0.967,0.892
2012-09-09 18:00:00,0.231,0.95,1.0,1.0,0.996,0.899
2012-09-09 19:00:00,0.208,0.95,1.0,1.0,0.997,0.876
2012-09-09 20:00:00,0.189,0.95,0.999,0.999,0.988,0.847
2012-09-09 21:00:00,0.15,0.95,0.995,0.995,0.966,0.82
2012-09-09 22:00:00,0.102,0.95,0.985,0.985,0.748,0.797
2012-09-09 23:00:00,0.064,0.95,0.965,0.965,0.614,0.765
2012-09-10 00:00:00,0.045,0.945,0.862,0.862,0.408,0.713
2012-09-10 01:00:00,0.046,0.86,0.675,0.675,0.304,0.61
2012-09-10 02:00:00,0.074,0.654,0.408,0.408,0.188,0.481
2012-09-10 03:00:00,0.114,0.559,0.247,0.247,0.096,0.36
2012-09-10 04:00:00,0.139,0.502,0.139,0.139,0.051,0.29
2012-09-10 05:00:00,0.168,0.385,0.058,0.058,0.017,0.22
2012-09-10 06:00:00,0.205,0.268,0.021,0.021,0.004,0.154
2012-09-10 07:00:00,0.253,0.195,0.005,0.005,0.001,0.102
2012-09-10 08:00:00,0.325,0.139,0.001,0.001,0.002,0.065
2012-09-10 09:00:00,0.372,0.077,0.001,0.001,0.006,0.037
2012-09-10 10:00:00,0.404,0.029,0.006,0.006,0.012,0.024
2012-09-10 11:00:00,0.429,0.001,0.01,0.01,0.011,0.055
2012-09-10 12:00:00,0.387,0.0,0.011,0.011,0.008,0.079
2012-09-10 13:00:00,0.355,0.002,0.006,0.006,0.005,0.107
2012-09-10 14:00:00,0.337,0.021,0.001,0.001,0.004,0.116
2012-09-10 15:00:00,0.326,0.044,0.001,0.001,0.009,0.115
2012-09-10 16:00:00,0.32,0.052,0.005,0.005,0.026,0.123
2012-09-10 17:00:00,0.355,0.031,0.018,0.018,0.068,0.139
2012-09-10 18:00:00,0.414,0.007,0.058,0.058,0.138,0.158
2012-09-10 19:00:00,0.509,0.002,0.163,0.163,0.249,0.19
2012-09-10 20:00:00,0.599,0.013,0.237,0.237,0.372,0.221
2012-09-10 21:00:00,0.662,0.058,0.266,0.266,0.529,0.257
2012-09-10 22:00:00,0.708,0.144,0.402,0.402,0.696,0.323
2012-09-10 23:00:00,0.678,0.262,0.457,0.457,0.768,0.48
2012-09-11 00:00:00,0.652,0.314,0.529,0.529,0.821,0.523
2012-09-11 01:00:00,0.677,0.363,0.559,0.559,0.815,0.538
2012-09-11 02:00:00,0.758,0.458,0.565,0.565,0.793,0.552
2012-09-11 03:00:00,0.818,0.533,0.57,0.57,0.789,0.552
2012-09-11 04:00:00,0.837,0.566,0.609,0.609,0.84,0.536
2012-09-11 05:00:00,0.799,0.6,0.689,0.689,0.883,0.504
2012-09-11 06:00:00,0.717,0.673,0.728,0.728,0.879,0.505
2012-09-11 07:00:00,0.635,0.741,0.77,0.77,0.855,0.541
2012-09-11 08:00:00,0.663,0.813,0.727,0.727,0.808,0.56
2012-09-11 09:00:00,0.69,0.867,0.7,0.7,0.758,0.556
2012-09-11 10:00:00,0.695,0.901,0.592,0.592,0.665,0.573
2012-09-11 11:00:00,0.674,0.883,0.567,0.567,0.627,0.544
2012-09-11 12:00:00,0.693,0.902,0.557,0.557,0.586,0.562
2012-09-11 13:00:00,0.721,0.916,0.51,0.51,0.516,0.58
2012-09-11 14:00:00,0.761,0.915,0.502,0.502,0.49,0.552
2012-09-11 15:00:00,0.793,0.919,0.502,0.502,0.454,0.545
2012-09-11 16:00:00,0.826,0.925,0.453,0.453,0.435,0.57
2012-09-11 17:00:00,0.84,0.928,0.376,0.376,0.542,0.565
2012-09-11 18:00:00,0.837,0.929,0.331,0.331,0.646,0.512
2012-09-11 19:00:00,0.834,0.931,0.386,0.386,0.721,0.49
2012-09-11 20:00:00,0.838,0.923,0.463,0.463,0.757,0.51
2012-09-11 21:00:00,0.83,0.884,0.481,0.481,0.771,0.524
2012-09-11 22:00:00,0.82,0.809,0.505,0.505,0.689,0.539
2012-09-11 23:00:00,0.84,0.667,0.406,0.406,0.362,0.569
2012-09-12 00:00:00,0.842,0.331,0.347,0.347,0.158,0.474
2012-09-12 01:00:00,0.838,0.222,0.334,0.334,0.055,0.352
2012-09-12 02:00:00,0.838,0.215,0.304,0.304,0.009,0.298
2012-09-12 03:00:00,0.847,0.234,0.189,0.189,0.001,0.27
2012-09-12 04:00:00,0.855,0.263,0.115,0.115,0.001,0.232
2012-09-12 05:00:00,0.856,0.35,0.101,0.101,0.002,0.231
2012-09-12 06:00:00,0.859,0.371,0.073,0.073,0.03,0.23
2012-09-12 07:00:00,0.87,0.201,0.063,0.063,0.124,0.243
2012-09-12 08:00:00,0.891,0.202,0.089,0.089,0.215,0.273
2012-09-12 09:00:00,0.882,0.215,0.132,0.132,0.26,0.335
2012-09-12 10:00:00,0.8,0.239,0.129,0.129,0.292,0.371
2012-09-12 11:00:00,0.795,0.181,0.13,0.13,0.45,0.379
2012-09-12 12:00:00,0.699,0.13,0.172,0.172,0.628,0.379
2012-09-12 13:00:00,0.565,0.037,0.283,0.283,0.695,0.418
2012-09-12 14:00:00,0.515,0.172,0.43,0.43,0.547,0.508
2012-09-12 15:00:00,0.511,0.473,0.572,0.572,0.514,0.567
2012-09-12 16:00:00,0.553,0.698,0.748,0.748,0.239,0.597
2012-09-12 17:00:00,0.616,0.832,0.727,0.727,0.236,0.648
2012-09-12 18:00:00,0.642,0.9,0.457,0.457,0.247,0.608
2012-09-12 19:00:00,0.631,0.904,0.217,0.217,0.273,0.538
2012-09-12 20:00:00,0.644,0.893,0.178,0.178,0.384,0.525
2012-09-12 21:00:00,0.649,0.729,0.185,0.185,0.786,0.538
2012-09-12 22:00:00,0.587,0.394,0.054,0.054,0.646,0.591
2012-09-12 23:00:00,0.519,0.22,0.105,0.105,0.655,0.486
2012-09-13 00:00:00,0.586,0.199,0.198,0.198,0.513,0.486
2012-09-13 01:00:00,0.609,0.186,0.247,0.247,0.498,0.473
2012-09-13 02:00:00,0.587,0.136,0.251,0.251,0.49,0.437
2012-09-13 03:00:00,0.591,0.112,0.363,0.363,0.472,0.409
2012-09-13 04:00:00,0.609,0.085,0.538,0.538,0.323,0.423
2012-09-13 05:00:00,0.582,0.043,0.389,0.389,0.297,0.405
2012-09-13 06:00:00,0.548,0.015,0.303,0.303,0.291,0.367
2012-09-13 07:00:00,0.536,0.012,0.38,0.38,0.205,0.364
2012-09-13 08:00:00,0.524,0.159,0.448,0.448,0.126,0.333
2012-09-13 09:00:00,0.551,0.378,0.395,0.395,0.08,0.289
2012-09-13 10:00:00,0.578,0.255,0.133,0.133,0.07,0.232
2012-09-13 11:00:00,0.718,0.19,0.066,0.066,0.128,0.159
2012-09-13 12:00:00,0.688,0.175,0.056,0.056,0.197,0.162
2012-09-13 13:00:00,0.683,0.092,0.059,0.059,0.189,0.194
2012-09-13 14:00:00,0.702,0.048,0.083,0.083,0.178,0.245
2012-09-13 15:00:00,0.695,0.034,0.101,0.101,0.215,0.281
2012-09-13 16:00:00,0.662,0.064,0.13,0.13,0.226,0.295
2012-09-13 17:00:00,0.532,0.145,0.147,0.147,0.204,0.308
2012-09-13 18:00:00,0.376,0.158,0.167,0.167,0.181,0.298
2012-09-13 19:00:00,0.266,0.157,0.142,0.142,0.13,0.29
2012-09-13 20:00:00,0.203,0.161,0.126,0.126,0.106,0.276
2012-09-13 21:00:00,0.181,0.14,0.088,0.088,0.112,0.257
2012-09-13 22:00:00,0.164,0.113,0.084,0.084,0.169,0.252
2012-09-13 23:00:00,0.171,0.056,0.058,0.058,0.178,0.282
2012-09-14 00:00:00,0.184,0.033,0.039,0.039,0.116,0.232
2012-09-14 01:00:00,0.216,0.014,0.037,0.037,0.084,0.184
2012-09-14 02:00:00,0.272,0.005,0.046,0.046,0.091,0.149
2012-09-14 03:00:00,0.266,0.004,0.042,0.042,0.101,0.146
2012-09-14 04:00:00,0.221,0.005,0.027,0.027,0.143,0.161
2012-09-14 05:00:00,0.222,0.0,0.032,0.032,0.124,0.178
2012-09-14 06:00:00,0.177,0.0,0.039,0.039,0.073,0.194
2012-09-14 07:00:00,0.118,0.003,0.036,0.036,0.05,0.2
2012-09-14 08:00:00,0.096,0.018,0.03,0.03,0.054,0.205
2012-09-14 09:00:00,0.074,0.048,0.034,0.034,0.061,0.208
2012-09-14 10:00:00,0.063,0.071,0.036,0.036,0.05,0.214
2012-09-14 11:00:00,0.061,0.037,0.044,0.044,0.074,0.237
2012-09-14 12:00:00,0.086,0.041,0.055,0.055,0.122,0.24
2012-09-14 13:00:00,0.159,0.041,0.061,0.061,0.123,0.243
2012-09-14 14:00:00,0.192,0.045,0.066,0.066,0.107,0.257
2012-09-14 15:00:00,0.253,0.069,0.086,0.086,0.102,0.277
2012-09-14 16:00:00,0.33,0.065,0.09,0.09,0.112,0.282
2012-09-14 17:00:00,0.459,0.075,0.089,0.089,0.103,0.289
2012-09-14 18:00:00,0.59,0.086,0.078,0.078,0.065,0.27
2012-09-14 19:00:00,0.695,0.105,0.068,0.068,0.052,0.277
2012-09-14 20:00:00,0.752,0.122,0.075,0.075,0.085,0.301
2012-09-14 21:00:00,0.799,0.154,0.113,0.113,0.112,0.353
2012-09-14 22:00:00,0.843,0.186,0.234,0.234,0.172,0.393
2012-09-14 23:00:00,0.889,0.3,0.212,0.212,0.183,0.464
2012-09-15 00:00:00,0.907,0.326,0.173,0.173,0.248,0.448
2012-09-15 01:00:00,0.922,0.296,0.228,0.228,0.358,0.455
2012-09-15 02:00:00,0.929,0.234,0.359,0.359,0.483,0.551
2012-09-15 03:00:00,0.933,0.203,0.429,0.429,0.648,0.694
2012-09-15 04:00:00,0.938,0.25,0.563,0.563,0.824,0.797
2012-09-15 05:00:00,0.942,0.317,0.729,0.729,0.895,0.879
2012-09-15 06:00:00,0.944,0.425,0.872,0.872,0.928,0.916
2012-09-15 07:00:00,0.948,0.619,0.943,0.943,0.975,0.93
2012-09-15 08:00:00,0.95,0.789,0.969,0.969,0.991,0.945
2012-09-15 09:00:00,0.95,0.928,0.985,0.985,0.996,0.948
2012-09-15 10:00:00,0.95,0.949,0.975,0.975,0.998,0.949
2012-09-15 11:00:00,0.95,0.948,0.987,0.987,0.998,0.949
2012-09-15 12:00:00,0.949,0.95,0.999,0.999,1.0,0.949
2012-09-15 13:00:00,0.947,0.95,1.0,1.0,1.0,0.948
2012-09-15 14:00:00,0.949,0.95,0.999,0.999,1.0,0.949
2012-09-15 15:00:00,0.95,0.95,0.999,0.999,1.0,0.95
2012-09-15 16:00:00,0.949,0.95,0.996,0.996,1.0,0.95
2012-09-15 17:00:00,0.949,0.95,0.99,0.99,0.998,0.943
2012-09-15 18:00:00,0.949,0.95,0.976,0.976,0.999,0.903
2012-09-15 19:00:00,0.949,0.95,0.982,0.982,0.999,0.871
2012-09-15 20:00:00,0.946,0.95,0.99,0.99,0.997,0.865
2012-09-15 21:00:00,0.943,0.95,0.987,0.987,0.99,0.832
2012-09-15 22:00:00,0.941,0.95,0.981,0.981,0.993,0.792
2012-09-15 23:00:00,0.946,0.947,0.954,0.954,0.985,0.711
2012-09-16 00:00:00,0.935,0.943,0.87,0.87,0.967,0.61
2012-09-16 01:00:00,0.923,0.892,0.81,0.81,0.931,0.554
2012-09-16 02:00:00,0.924,0.656,0.791,0.791,0.935,0.584
2012-09-16 03:00:00,0.922,0.424,0.787,0.787,0.955,0.65
2012-09-16 04:00:00,0.911,0.445,0.666,0.666,0.968,0.653
2012-09-16 05:00:00,0.895,0.523,0.611,0.611,0.968,0.622
2012-09-16 06:00:00,0.878,0.429,0.672,0.672,0.976,0.645
2012-09-16 07:00:00,0.848,0.34,0.683,0.683,0.96,0.658
2012-09-16 08:00:00,0.807,0.451,0.67,0.67,0.963,0.657
2012-09-16 09:00:00,0.786,0.561,0.784,0.784,0.967,0.719
2012-09-16 10:00:00,0.796,0.485,0.825,0.825,0.913,0.765
2012-09-16 11:00:00,0.788,0.504,0.92,0.92,0.958,0.739
2012-09-16 12:00:00,0.804,0.533,0.965,0.965,0.988,0.74
2012-09-16 13:00:00,0.774,0.588,0.984,0.984,0.994,0.733
2012-09-16 14:00:00,0.697,0.707,0.995,0.995,0.996,0.729
2012-09-16 15:00:00,0.628,0.808,0.997,0.997,0.991,0.715
2012-09-16 16:00:00,0.58,0.782,0.996,0.996,0.993,0.685
2012-09-16 17:00:00,0.517,0.748,0.993,0.993,0.992,0.663
2012-09-16 18:00:00,0.473,0.745,0.993,0.993,0.992,0.645
2012-09-16 19:00:00,0.499,0.796,0.995,0.995,0.983,0.654
2012-09-16 20:00:00,0.436,0.858,0.992,0.992,0.954,0.673
2012-09-16 21:00:00,0.443,0.843,0.972,0.972,0.914,0.685
2012-09-16 22:00:00,0.479,0.795,0.945,0.945,0.885,0.664
2012-09-16 23:00:00,0.536,0.882,0.882,0.882,0.826,0.701
2012-09-17 00:00:00,0.565,0.78,0.808,0.808,0.744,0.671
2012-09-17 01:00:00,0.567,0.755,0.651,0.651,0.658,0.594
2012-09-17 02:00:00,0.589,0.73,0.476,0.476,0.619,0.498
2012-09-17 03:00:00,0.617,0.637,0.378,0.378,0.552,0.439
2012-09-17 04:00:00,0.656,0.555,0.317,0.317,0.461,0.436
2012-09-17 05:00:00,0.698,0.58,0.271,0.271,0.484,0.42
2012-09-17 06:00:00,0.684,0.598,0.304,0.304,0.49,0.412
2012-09-17 07:00:00,0.684,0.547,0.361,0.361,0.493,0.423
2012-09-17 08:00:00,0.674,0.559,0.423,0.423,0.583,0.441
2012-09-17 09:00:00,0.694,0.598,0.527,0.527,0.611,0.461
2012-09-17 10:00:00,0.677,0.586,0.648,0.648,0.651,0.477
2012-09-17 11:00:00,0.689,0.615,0.675,0.675,0.558,0.564
2012-09-17 12:00:00,0.715,0.582,0.623,0.623,0.395,0.593
2012-09-17 13:00:00,0.739,0.603,0.509,0.509,0.311,0.658
2012-09-17 14:00:00,0.741,0.58,0.436,0.436,0.324,0.719
2012-09-17 15:00:00,0.786,0.545,0.294,0.294,0.358,0.728
2012-09-17 16:00:00,0.766,0.648,0.221,0.221,0.386,0.7
2012-09-17 17:00:00,0.785,0.647,0.25,0.25,0.452,0.693
2012-09-17 18:00:00,0.793,0.587,0.354,0.354,0.592,0.672
2012-09-17 19:00:00,0.775,0.564,0.493,0.493,0.75,0.651
2012-09-17 20:00:00,0.776,0.591,0.644,0.644,0.873,0.63
2012-09-17 21:00:00,0.791,0.626,0.726,0.726,0.891,0.652
2012-09-17 22:00:00,0.806,0.676,0.816,0.816,0.897,0.699
2012-09-17 23:00:00,0.869,0.791,0.811,0.811,0.863,0.783
2012-09-18 00:00:00,0.877,0.787,0.808,0.808,0.861,0.8
2012-09-18 01:00:00,0.885,0.738,0.844,0.844,0.902,0.807
2012-09-18 02:00:00,0.899,0.74,0.903,0.903,0.914,0.815
2012-09-18 03:00:00,0.906,0.829,0.924,0.924,0.879,0.841
2012-09-18 04:00:00,0.813,0.895,0.922,0.922,0.848,0.866
2012-09-18 05:00:00,0.72,0.925,0.918,0.918,0.814,0.879
2012-09-18 06:00:00,0.665,0.94,0.918,0.918,0.82,0.893
2012-09-18 07:00:00,0.607,0.948,0.897,0.897,0.814,0.908
2012-09-18 08:00:00,0.543,0.949,0.879,0.879,0.775,0.903
2012-09-18 09:00:00,0.518,0.95,0.845,0.845,0.731,0.926
2012-09-18 10:00:00,0.516,0.95,0.766,0.766,0.6,0.895
2012-09-18 11:00:00,0.492,0.948,0.764,0.764,0.549,0.846
2012-09-18 12:00:00,0.504,0.948,0.757,0.757,0.478,0.829
2012-09-18 13:00:00,0.519,0.945,0.759,0.759,0.358,0.812
2012-09-18 14:00:00,0.52,0.937,0.708,0.708,0.242,0.807
2012-09-18 15:00:00,0.502,0.908,0.602,0.602,0.195,0.799
2012-09-18 16:00:00,0.521,0.82,0.503,0.503,0.153,0.763
2012-09-18 17:00:00,0.555,0.708,0.348,0.348,0.104,0.687
2012-09-18 18:00:00,0.573,0.614,0.236,0.236,0.053,0.585
2012-09-18 19:00:00,0.58,0.488,0.164,0.164,0.017,0.488
2012-09-18 20:00:00,0.584,0.375,0.106,0.106,0.002,0.396
2012-09-18 21:00:00,0.575,0.282,0.076,0.076,0.001,0.344
2012-09-18 22:00:00,0.586,0.196,0.064,0.064,0.012,0.331
2012-09-18 23:00:00,0.512,0.1,0.039,0.039,0.065,0.34
2012-09-19 00:00:00,0.604,0.048,0.016,0.016,0.179,0.327
2012-09-19 01:00:00,0.729,0.016,0.013,0.013,0.312,0.299
2012-09-19 02:00:00,0.781,0.005,0.037,0.037,0.456,0.264
2012-09-19 03:00:00,0.791,0.019,0.106,0.106,0.538,0.269
2012-09-19 04:00:00,0.795,0.045,0.232,0.232,0.625,0.347
2012-09-19 05:00:00,0.803,0.071,0.362,0.362,0.726,0.483
2012-09-19 06:00:00,0.809,0.095,0.45,0.45,0.755,0.596
2012-09-19 07:00:00,0.782,0.119,0.484,0.484,0.791,0.74
2012-09-19 08:00:00,0.743,0.183,0.488,0.488,0.763,0.815
2012-09-19 09:00:00,0.716,0.281,0.506,0.506,0.702,0.788
2012-09-19 10:00:00,0.695,0.385,0.582,0.582,0.509,0.793
2012-09-19 11:00:00,0.52,0.575,0.593,0.593,0.45,0.776
2012-09-19 12:00:00,0.532,0.62,0.591,0.591,0.356,0.797
2012-09-19 13:00:00,0.556,0.59,0.505,0.505,0.237,0.777
2012-09-19 14:00:00,0.593,0.602,0.367,0.367,0.123,0.711
2012-09-19 15:00:00,0.652,0.665,0.231,0.231,0.056,0.653
2012-09-19 16:00:00,0.722,0.715,0.132,0.132,0.046,0.55
2012-09-19 17:00:00,0.813,0.763,0.094,0.094,0.043,0.466
2012-09-19 18:00:00,0.877,0.739,0.097,0.097,0.03,0.415
2012-09-19 19:00:00,0.887,0.641,0.088,0.088,0.051,0.392
2012-09-19 20:00:00,0.894,0.516,0.053,0.053,0.107,0.378
2012-09-19 21:00:00,0.905,0.32,0.026,0.026,0.16,0.404
2012-09-19 22:00:00,0.914,0.203,0.013,0.013,0.163,0.441
2012-09-19 23:00:00,0.888,0.207,0.022,0.022,0.232,0.402
2012-09-20 00:00:00,0.884,0.088,0.047,0.047,0.301,0.397
2012-09-20 01:00:00,0.883,0.005,0.101,0.101,0.351,0.378
2012-09-20 02:00:00,0.887,0.008,0.228,0.228,0.383,0.38
2012-09-20 03:00:00,0.882,0.018,0.352,0.352,0.466,0.395
2012-09-20 04:00:00,0.879,0.033,0.383,0.383,0.595,0.377
2012-09-20 05:00:00,0.866,0.036,0.403,0.403,0.697,0.377
2012-09-20 06:00:00,0.852,0.092,0.506,0.506,0.738,0.397
2012-09-20 07:00:00,0.853,0.427,0.57,0.57,0.808,0.416
2012-09-20 08:00:00,0.847,0.839,0.552,0.552,0.885,0.458
2012-09-20 09:00:00,0.836,0.768,0.652,0.652,0.947,0.56
2012-09-20 10:00:00,0.826,0.386,0.72,0.72,0.932,0.656
2012-09-20 11:00:00,0.67,0.202,0.758,0.758,0.95,0.657
2012-09-20 12:00:00,0.736,0.207,0.878,0.878,0.971,0.669
2012-09-20 13:00:00,0.793,0.181,0.955,0.955,0.965,0.672
2012-09-20 14:00:00,0.803,0.275,0.981,0.981,0.97,0.744
2012-09-20 15:00:00,0.774,0.68,0.99,0.99,0.962,0.784
2012-09-20 16:00:00,0.739,0.933,0.984,0.984,0.919,0.801
2012-09-20 17:00:00,0.701,0.942,0.97,0.97,0.922,0.82
2012-09-20 18:00:00,0.68,0.948,0.968,0.968,0.901,0.797
2012-09-20 19:00:00,0.637,0.949,0.973,0.973,0.896,0.762
2012-09-20 20:00:00,0.611,0.948,0.956,0.956,0.888,0.723
2012-09-20 21:00:00,0.597,0.946,0.926,0.926,0.861,0.693
2012-09-20 22:00:00,0.58,0.934,0.732,0.732,0.918,0.674
2012-09-20 23:00:00,0.599,0.835,0.616,0.616,0.867,0.716
2012-09-21 00:00:00,0.647,0.738,0.402,0.402,0.681,0.61
2012-09-21 01:00:00,0.658,0.583,0.323,0.323,0.47,0.574
2012-09-21 02:00:00,0.647,0.44,0.341,0.341,0.53,0.637
2012-09-21 03:00:00,0.64,0.491,0.371,0.371,0.421,0.57
2012-09-21 04:00:00,0.616,0.45,0.344,0.344,0.353,0.525
2012-09-21 05:00:00,0.579,0.44,0.364,0.364,0.396,0.508
2012-09-21 06:00:00,0.539,0.534,0.442,0.442,0.455,0.511
2012-09-21 07:00:00,0.496,0.642,0.512,0.512,0.539,0.523
2012-09-21 08:00:00,0.5,0.687,0.607,0.607,0.63,0.508
2012-09-21 09:00:00,0.489,0.638,0.715,0.715,0.69,0.564
2012-09-21 10:00:00,0.448,0.6,0.616,0.616,0.633,0.641
2012-09-21 11:00:00,0.424,0.621,0.592,0.592,0.672,0.588
2012-09-21 12:00:00,0.4,0.6,0.595,0.595,0.717,0.628
2012-09-21 13:00:00,0.387,0.611,0.59,0.59,0.662,0.652
2012-09-21 14:00:00,0.37,0.607,0.625,0.625,0.622,0.709
2012-09-21 15:00:00,0.356,0.608,0.675,0.675,0.672,0.746
2012-09-21 16:00:00,0.342,0.65,0.705,0.705,0.703,0.724
2012-09-21 17:00:00,0.316,0.633,0.735,0.735,0.754,0.692
2012-09-21 18:00:00,0.287,0.658,0.716,0.716,0.744,0.656
2012-09-21 19:00:00,0.223,0.724,0.665,0.665,0.758,0.625
2012-09-21 20:00:00,0.174,0.668,0.628,0.628,0.765,0.583
2012-09-21 21:00:00,0.134,0.726,0.619,0.619,0.742,0.535
2012-09-21 22:00:00,0.133,0.7,0.66,0.66,0.561,0.491
2012-09-21 23:00:00,0.149,0.762,0.608,0.608,0.527,0.506
2012-09-22 00:00:00,0.245,0.856,0.585,0.585,0.522,0.405
2012-09-22 01:00:00,0.359,0.829,0.525,0.525,0.516,0.348
2012-09-22 02:00:00,0.489,0.779,0.478,0.478,0.466,0.354
2012-09-22 03:00:00,0.689,0.736,0.423,0.423,0.463,0.357
2012-09-22 04:00:00,0.83,0.707,0.398,0.398,0.476,0.324
2012-09-22 05:00:00,0.879,0.654,0.446,0.446,0.512,0.281
2012-09-22 06:00:00,0.868,0.617,0.532,0.532,0.565,0.303
2012-09-22 07:00:00,0.813,0.6,0.578,0.578,0.62,0.415
2012-09-22 08:00:00,0.737,0.521,0.598,0.598,0.681,0.52
2012-09-22 09:00:00,0.678,0.46,0.594,0.594,0.686,0.574
2012-09-22 10:00:00,0.615,0.487,0.595,0.595,0.674,0.607
2012-09-22 11:00:00,0.535,0.578,0.56,0.56,0.672,0.606
2012-09-22 12:00:00,0.504,0.594,0.533,0.533,0.694,0.646
2012-09-22 13:00:00,0.489,0.554,0.518,0.518,0.7,0.658
2012-09-22 14:00:00,0.543,0.546,0.502,0.502,0.753,0.656
2012-09-22 15:00:00,0.612,0.578,0.541,0.541,0.806,0.65
2012-09-22 16:00:00,0.629,0.554,0.589,0.589,0.854,0.642
2012-09-22 17:00:00,0.57,0.517,0.666,0.666,0.795,0.656
2012-09-22 18:00:00,0.537,0.479,0.68,0.68,0.735,0.668
2012-09-22 19:00:00,0.539,0.545,0.648,0.648,0.694,0.662
2012-09-22 20:00:00,0.544,0.617,0.588,0.588,0.705,0.65
2012-09-22 21:00:00,0.536,0.668,0.601,0.601,0.694,0.645
2012-09-22 22:00:00,0.498,0.717,0.626,0.626,0.762,0.624
2012-09-22 23:00:00,0.607,0.745,0.622,0.622,0.753,0.561
2012-09-23 00:00:00,0.583,0.704,0.536,0.536,0.729,0.541
2012-09-23 01:00:00,0.545,0.691,0.53,0.53,0.755,0.535
2012-09-23 02:00:00,0.508,0.789,0.546,0.546,0.641,0.528
2012-09-23 03:00:00,0.527,0.833,0.5,0.5,0.452,0.529
2012-09-23 04:00:00,0.593,0.849,0.399,0.399,0.462,0.503
2012-09-23 05:00:00,0.658,0.873,0.376,0.376,0.484,0.465
2012-09-23 06:00:00,0.73,0.882,0.376,0.376,0.54,0.415
2012-09-23 07:00:00,0.769,0.88,0.385,0.385,0.559,0.441
2012-09-23 08:00:00,0.784,0.89,0.42,0.42,0.495,0.448
2012-09-23 09:00:00,0.744,0.913,0.427,0.427,0.382,0.446
2012-09-23 10:00:00,0.667,0.942,0.402,0.402,0.179,0.432
2012-09-23 11:00:00,0.604,0.946,0.309,0.309,0.137,0.334
2012-09-23 12:00:00,0.609,0.947,0.252,0.252,0.199,0.324
2012-09-23 13:00:00,0.594,0.944,0.161,0.161,0.3,0.32
2012-09-23 14:00:00,0.596,0.934,0.08,0.08,0.439,0.301
2012-09-23 15:00:00,0.607,0.933,0.064,0.064,0.76,0.259
2012-09-23 16:00:00,0.595,0.905,0.08,0.08,0.929,0.235
2012-09-23 17:00:00,0.607,0.818,0.118,0.118,0.985,0.232
2012-09-23 18:00:00,0.652,0.575,0.24,0.24,0.998,0.239
2012-09-23 19:00:00,0.718,0.26,0.452,0.452,1.0,0.242
2012-09-23 20:00:00,0.718,0.063,0.729,0.729,1.0,0.273
2012-09-23 21:00:00,0.672,0.008,0.92,0.92,1.0,0.361
2012-09-23 22:00:00,0.587,0.0,0.992,0.992,1.0,0.439
2012-09-23 23:00:00,0.545,0.002,0.989,0.989,1.0,0.518
2012-09-24 00:00:00,0.519,0.002,0.988,0.988,1.0,0.519
2012-09-24 01:00:00,0.503,0.003,0.989,0.989,1.0,0.508
2012-09-24 02:00:00,0.475,0.001,0.99,0.99,1.0,0.462
2012-09-24 03:00:00,0.464,0.0,0.987,0.987,1.0,0.458
2012-09-24 04:00:00,0.423,0.005,0.981,0.981,1.0,0.485
2012-09-24 05:00:00,0.392,0.048,0.977,0.977,1.0,0.542
2012-09-24 06:00:00,0.342,0.126,0.984,0.984,0.999,0.609
2012-09-24 07:00:00,0.272,0.226,0.991,0.991,0.999,0.669
2012-09-24 08:00:00,0.211,0.267,0.994,0.994,0.998,0.686
2012-09-24 09:00:00,0.164,0.219,0.991,0.991,0.994,0.708
2012-09-24 10:00:00,0.125,0.151,0.969,0.969,0.977,0.684
2012-09-24 11:00:00,0.084,0.183,0.975,0.975,0.97,0.582
2012-09-24 12:00:00,0.066,0.173,0.956,0.956,0.955,0.535
2012-09-24 13:00:00,0.054,0.198,0.887,0.887,0.923,0.487
2012-09-24 14:00:00,0.048,0.302,0.733,0.733,0.874,0.467
2012-09-24 15:00:00,0.04,0.497,0.55,0.55,0.765,0.452
2012-09-24 16:00:00,0.036,0.675,0.344,0.344,0.655,0.411
2012-09-24 17:00:00,0.043,0.718,0.238,0.238,0.55,0.376
2012-09-24 18:00:00,0.081,0.74,0.182,0.182,0.379,0.359
2012-09-24 19:00:00,0.112,0.783,0.132,0.132,0.267,0.351
2012-09-24 20:00:00,0.153,0.857,0.083,0.083,0.13,0.337
2012-09-24 21:00:00,0.231,0.894,0.056,0.056,0.06,0.327
2012-09-24 22:00:00,0.312,0.893,0.054,0.054,0.035,0.321
2012-09-24 23:00:00,0.51,0.911,0.048,0.048,0.021,0.328
2012-09-25 00:00:00,0.631,0.892,0.036,0.036,0.008,0.33
2012-09-25 01:00:00,0.77,0.829,0.024,0.024,0.003,0.328
2012-09-25 02:00:00,0.842,0.767,0.021,0.021,0.004,0.317
2012-09-25 03:00:00,0.853,0.762,0.019,0.019,0.004,0.324
2012-09-25 04:00:00,0.861,0.703,0.021,0.021,0.01,0.338
2012-09-25 05:00:00,0.867,0.613,0.021,0.021,0.024,0.363
2012-09-25 06:00:00,0.876,0.521,0.027,0.027,0.07,0.382
2012-09-25 07:00:00,0.888,0.443,0.044,0.044,0.129,0.393
2012-09-25 08:00:00,0.901,0.355,0.045,0.045,0.194,0.429
2012-09-25 09:00:00,0.914,0.251,0.058,0.058,0.322,0.459
2012-09-25 10:00:00,0.923,0.212,0.061,0.061,0.235,0.475
2012-09-25 11:00:00,0.919,0.146,0.098,0.098,0.404,0.44
2012-09-25 12:00:00,0.928,0.079,0.161,0.161,0.66,0.453
2012-09-25 13:00:00,0.936,0.077,0.328,0.328,0.762,0.486
2012-09-25 14:00:00,0.94,0.093,0.468,0.468,0.85,0.535
2012-09-25 15:00:00,0.944,0.057,0.518,0.518,0.92,0.571
2012-09-25 16:00:00,0.948,0.056,0.466,0.466,0.974,0.578
2012-09-25 17:00:00,0.948,0.093,0.591,0.591,0.956,0.568
2012-09-25 18:00:00,0.944,0.069,0.764,0.764,0.972,0.595
2012-09-25 19:00:00,0.934,0.033,0.791,0.791,0.988,0.668
2012-09-25 20:00:00,0.934,0.004,0.789,0.789,0.984,0.691
2012-09-25 21:00:00,0.949,0.024,0.833,0.833,0.99,0.704
2012-09-25 22:00:00,0.95,0.056,0.904,0.904,0.97,0.703
2012-09-25 23:00:00,0.947,0.076,0.889,0.889,0.883,0.71
2012-09-26 00:00:00,0.944,0.077,0.898,0.898,0.551,0.689
2012-09-26 01:00:00,0.914,0.094,0.839,0.839,0.31,0.699
2012-09-26 02:00:00,0.885,0.122,0.644,0.644,0.168,0.629
2012-09-26 03:00:00,0.87,0.189,0.45,0.45,0.122,0.544
2012-09-26 04:00:00,0.863,0.23,0.279,0.279,0.139,0.53
2012-09-26 05:00:00,0.863,0.234,0.198,0.198,0.14,0.506
2012-09-26 06:00:00,0.863,0.292,0.133,0.133,0.144,0.464
2012-09-26 07:00:00,0.856,0.468,0.086,0.086,0.087,0.407
2012-09-26 08:00:00,0.795,0.606,0.054,0.054,0.066,0.319
2012-09-26 09:00:00,0.691,0.673,0.018,0.018,0.095,0.232
2012-09-26 10:00:00,0.68,0.621,0.008,0.008,0.073,0.176
2012-09-26 11:00:00,0.785,0.6,0.012,0.012,0.087,0.199
2012-09-26 12:00:00,0.736,0.428,0.004,0.004,0.158,0.19
2012-09-26 13:00:00,0.727,0.285,0.001,0.001,0.317,0.178
2012-09-26 14:00:00,0.704,0.141,0.005,0.005,0.436,0.165
2012-09-26 15:00:00,0.663,0.052,0.029,0.029,0.446,0.14
2012-09-26 16:00:00,0.615,0.029,0.084,0.084,0.35,0.139
2012-09-26 17:00:00,0.464,0.018,0.212,0.212,0.353,0.157
2012-09-26 18:00:00,0.45,0.011,0.371,0.371,0.6,0.208
2012-09-26 19:00:00,0.445,0.007,0.525,0.525,0.915,0.271
2012-09-26 20:00:00,0.386,0.013,0.64,0.64,0.966,0.348
2012-09-26 21:00:00,0.382,0.017,0.755,0.755,0.954,0.425
2012-09-26 22:00:00,0.36,0.018,0.794,0.794,0.492,0.478
2012-09-26 23:00:00,0.276,0.026,0.866,0.866,0.376,0.476
2012-09-27 00:00:00,0.226,0.063,0.883,0.883,0.243,0.447
2012-09-27 01:00:00,0.209,0.135,0.831,0.831,0.171,0.488
2012-09-27 02:00:00,0.275,0.255,0.69,0.69,0.087,0.487
2012-09-27 03:00:00,0.304,0.414,0.375,0.375,0.028,0.405
2012-09-27 04:00:00,0.355,0.521,0.229,0.229,0.093,0.294
2012-09-27 05:00:00,0.41,0.47,0.24,0.24,0.194,0.258
2012-09-27 06:00:00,0.428,0.483,0.245,0.245,0.237,0.302
2012-09-27 07:00:00,0.391,0.634,0.231,0.231,0.169,0.327
2012-09-27 08:00:00,0.428,0.688,0.195,0.195,0.181,0.31
2012-09-27 09:00:00,0.496,0.683,0.145,0.145,0.199,0.274
2012-09-27 10:00:00,0.592,0.673,0.375,0.375,0.242,0.258
2012-09-27 11:00:00,0.727,0.556,0.475,0.475,0.115,0.358
2012-09-27 12:00:00,0.708,0.579,0.475,0.475,0.23,0.342
2012-09-27 13:00:00,0.626,0.489,0.456,0.456,0.344,0.333
2012-09-27 14:00:00,0.549,0.525,0.509,0.509,0.456,0.351
2012-09-27 15:00:00,0.579,0.64,0.579,0.579,0.548,0.415
2012-09-27 16:00:00,0.648,0.697,0.663,0.663,0.638,0.516
2012-09-27 17:00:00,0.682,0.83,0.769,0.769,0.616,0.639
2012-09-27 18:00:00,0.709,0.909,0.746,0.746,0.617,0.69
2012-09-27 19:00:00,0.689,0.94,0.711,0.711,0.509,0.688
2012-09-27 20:00:00,0.664,0.946,0.68,0.68,0.248,0.635
2012-09-27 21:00:00,0.638,0.939,0.602,0.602,0.227,0.562
2012-09-27 22:00:00,0.615,0.905,0.475,0.475,0.481,0.476
2012-09-27 23:00:00,0.751,0.856,0.396,0.396,0.272,0.476
2012-09-28 00:00:00,0.748,0.752,0.401,0.401,0.168,0.426
2012-09-28 01:00:00,0.618,0.653,0.283,0.283,0.119,0.399
2012-09-28 02:00:00,0.494,0.556,0.293,0.293,0.059,0.347
2012-09-28 03:00:00,0.396,0.368,0.185,0.185,0.017,0.37
2012-09-28 04:00:00,0.307,0.195,0.059,0.059,0.005,0.343
2012-09-28 05:00:00,0.277,0.107,0.017,0.017,0.003,0.265
2012-09-28 06:00:00,0.275,0.005,0.012,0.012,0.008,0.24
2012-09-28 07:00:00,0.265,0.0,0.015,0.015,0.076,0.246
2012-09-28 08:00:00,0.246,0.0,0.01,0.01,0.231,0.246
2012-09-28 09:00:00,0.206,0.0,0.115,0.115,0.261,0.227
2012-09-28 10:00:00,0.172,0.0,0.598,0.598,0.275,0.272
2012-09-28 11:00:00,0.146,0.041,0.549,0.549,0.143,0.329
2012-09-28 12:00:00,0.149,0.111,0.295,0.295,0.11,0.269
2012-09-28 13:00:00,0.175,0.278,0.129,0.129,0.235,0.218
2012-09-28 14:00:00,0.217,0.7,0.086,0.086,0.41,0.182
2012-09-28 15:00:00,0.272,0.759,0.156,0.156,0.411,0.165
2012-09-28 16:00:00,0.362,0.77,0.29,0.29,0.57,0.241
2012-09-28 17:00:00,0.46,0.461,0.412,0.412,0.933,0.396
2012-09-28 18:00:00,0.435,0.3,0.648,0.648,0.96,0.462
2012-09-28 19:00:00,0.404,0.333,0.799,0.799,0.939,0.577
2012-09-28 20:00:00,0.427,0.45,0.871,0.871,0.952,0.652
2012-09-28 21:00:00,0.489,0.71,0.923,0.923,0.967,0.661
2012-09-28 22:00:00,0.545,0.818,0.949,0.949,0.961,0.654
2012-09-28 23:00:00,0.534,0.886,0.919,0.919,0.969,0.616
2012-09-29 00:00:00,0.578,0.935,0.888,0.888,0.978,0.597
2012-09-29 01:00:00,0.6,0.909,0.927,0.927,0.978,0.587
2012-09-29 02:00:00,0.55,0.862,0.942,0.942,0.949,0.581
2012-09-29 03:00:00,0.548,0.921,0.963,0.963,0.933,0.585
2012-09-29 04:00:00,0.527,0.936,0.974,0.974,0.915,0.58
2012-09-29 05:00:00,0.51,0.946,0.96,0.96,0.913,0.592
2012-09-29 06:00:00,0.463,0.948,0.929,0.929,0.948,0.603
2012-09-29 07:00:00,0.421,0.949,0.922,0.922,0.965,0.615
2012-09-29 08:00:00,0.411,0.943,0.941,0.941,0.955,0.619
2012-09-29 09:00:00,0.449,0.932,0.947,0.947,0.941,0.626
2012-09-29 10:00:00,0.561,0.942,0.905,0.905,0.891,0.629
2012-09-29 11:00:00,0.756,0.923,0.943,0.943,0.855,0.606
2012-09-29 12:00:00,0.826,0.913,0.967,0.967,0.864,0.592
2012-09-29 13:00:00,0.872,0.934,0.974,0.974,0.845,0.593
2012-09-29 14:00:00,0.898,0.946,0.981,0.981,0.888,0.621
2012-09-29 15:00:00,0.912,0.948,0.978,0.978,0.891,0.661
2012-09-29 16:00:00,0.924,0.949,0.967,0.967,0.842,0.637
2012-09-29 17:00:00,0.918,0.95,0.926,0.926,0.801,0.609
2012-09-29 18:00:00,0.907,0.95,0.919,0.919,0.674,0.601
2012-09-29 19:00:00,0.9,0.946,0.879,0.879,0.591,0.597
2012-09-29 20:00:00,0.877,0.881,0.753,0.753,0.599,0.587
2012-09-29 21:00:00,0.82,0.712,0.631,0.631,0.57,0.577
2012-09-29 22:00:00,0.748,0.649,0.741,0.741,0.669,0.559
2012-09-29 23:00:00,0.749,0.582,0.593,0.593,0.64,0.587
2012-09-30 00:00:00,0.705,0.594,0.546,0.546,0.632,0.554
2012-09-30 01:00:00,0.68,0.658,0.534,0.534,0.573,0.509
2012-09-30 02:00:00,0.632,0.599,0.541,0.541,0.595,0.49
2012-09-30 03:00:00,0.598,0.501,0.616,0.616,0.665,0.513
2012-09-30 04:00:00,0.624,0.405,0.698,0.698,0.671,0.575
2012-09-30 05:00:00,0.626,0.444,0.741,0.741,0.691,0.621
2012-09-30 06:00:00,0.672,0.649,0.71,0.71,0.735,0.671
2012-09-30 07:00:00,0.744,0.732,0.722,0.722,0.753,0.688
2012-09-30 08:00:00,0.752,0.76,0.679,0.679,0.768,0.738
2012-09-30 09:00:00,0.762,0.808,0.668,0.668,0.798,0.788
2012-09-30 10:00:00,0.826,0.815,0.589,0.589,0.674,0.788
2012-09-30 11:00:00,0.88,0.801,0.588,0.588,0.67,0.765
2012-09-30 12:00:00,0.914,0.827,0.587,0.587,0.713,0.778
2012-09-30 13:00:00,0.924,0.808,0.613,0.613,0.73,0.775
2012-09-30 14:00:00,0.932,0.767,0.646,0.646,0.741,0.779
2012-09-30 15:00:00,0.931,0.75,0.732,0.732,0.767,0.773
2012-09-30 16:00:00,0.923,0.711,0.768,0.768,0.603,0.768
2012-09-30 17:00:00,0.924,0.747,0.676,0.676,0.676,0.74
2012-09-30 18:00:00,0.927,0.829,0.551,0.551,0.647,0.694
2012-09-30 19:00:00,0.931,0.9,0.504,0.504,0.71,0.663
2012-09-30 20:00:00,0.938,0.894,0.566,0.566,0.868,0.635
2012-09-30 21:00:00,0.939,0.811,0.716,0.716,0.953,0.627
2012-09-30 22:00:00,0.932,0.725,0.917,0.917,0.989,0.659
2012-09-30 23:00:00,0.921,0.831,0.942,0.942,0.992,0.714
2012-10-01 00:00:00,0.914,0.877,0.956,0.956,0.997,0.698
2012-10-01 01:00:00,0.881,0.826,0.98,0.98,0.997,0.695
2012-10-01 02:00:00,0.822,0.699,0.987,0.987,0.998,0.691
2012-10-01 03:00:00,0.724,0.707,0.994,0.994,0.999,0.702
2012-10-01 04:00:00,0.759,0.742,0.998,0.998,0.999,0.719
2012-10-01 05:00:00,0.8,0.86,0.998,0.998,1.0,0.734
2012-10-01 06:00:00,0.845,0.871,1.0,1.0,0.999,0.74
2012-10-01 07:00:00,0.83,0.916,1.0,1.0,0.999,0.733
2012-10-01 08:00:00,0.776,0.945,1.0,1.0,0.999,0.726
2012-10-01 09:00:00,0.769,0.95,1.0,1.0,0.998,0.734
2012-10-01 10:00:00,0.819,0.95,1.0,1.0,0.996,0.732
2012-10-01 11:00:00,0.934,0.95,1.0,1.0,0.987,0.712
2012-10-01 12:00:00,0.943,0.95,1.0,1.0,0.966,0.69
2012-10-01 13:00:00,0.943,0.95,1.0,1.0,0.946,0.682
2012-10-01 14:00:00,0.943,0.95,0.999,0.999,0.914,0.693
2012-10-01 15:00:00,0.94,0.95,0.996,0.996,0.801,0.689
2012-10-01 16:00:00,0.932,0.95,0.99,0.99,0.665,0.666
2012-10-01 17:00:00,0.923,0.95,0.982,0.982,0.426,0.658
2012-10-01 18:00:00,0.91,0.95,0.936,0.936,0.378,0.649
2012-10-01 19:00:00,0.909,0.95,0.82,0.82,0.427,0.637
2012-10-01 20:00:00,0.908,0.922,0.693,0.693,0.449,0.638
2012-10-01 21:00:00,0.905,0.852,0.552,0.552,0.528,0.633
2012-10-01 22:00:00,0.905,0.781,0.584,0.584,0.67,0.626
2012-10-01 23:00:00,0.919,0.777,0.643,0.643,0.625,0.674
2012-10-02 00:00:00,0.915,0.764,0.655,0.655,0.522,0.653
2012-10-02 01:00:00,0.9,0.814,0.606,0.606,0.459,0.652
2012-10-02 02:00:00,0.89,0.802,0.537,0.537,0.495,0.666
2012-10-02 03:00:00,0.891,0.845,0.592,0.592,0.534,0.637
2012-10-02 04:00:00,0.889,0.812,0.672,0.672,0.52,0.66
2012-10-02 05:00:00,0.852,0.731,0.677,0.677,0.52,0.712
2012-10-02 06:00:00,0.87,0.744,0.631,0.631,0.484,0.734
2012-10-02 07:00:00,0.889,0.818,0.574,0.574,0.437,0.736
2012-10-02 08:00:00,0.882,0.833,0.551,0.551,0.412,0.722
2012-10-02 09:00:00,0.87,0.831,0.495,0.495,0.39,0.71
2012-10-02 10:00:00,0.862,0.838,0.365,0.365,0.328,0.697
2012-10-02 11:00:00,0.8,0.756,0.342,0.342,0.267,0.632
2012-10-02 12:00:00,0.735,0.677,0.26,0.26,0.18,0.614
2012-10-02 13:00:00,0.703,0.657,0.136,0.136,0.122,0.59
2012-10-02 14:00:00,0.657,0.598,0.087,0.087,0.109,0.539
2012-10-02 15:00:00,0.638,0.494,0.078,0.078,0.128,0.489
2012-10-02 16:00:00,0.674,0.415,0.086,0.086,0.139,0.479
2012-10-02 17:00:00,0.644,0.436,0.11,0.11,0.153,0.502
2012-10-02 18:00:00,0.622,0.41,0.161,0.161,0.194,0.502
2012-10-02 19:00:00,0.645,0.442,0.229,0.229,0.23,0.51
2012-10-02 20:00:00,0.655,0.467,0.274,0.274,0.271,0.486
2012-10-02 21:00:00,0.671,0.553,0.292,0.292,0.317,0.466
2012-10-02 22:00:00,0.722,0.59,0.228,0.228,0.297,0.448
2012-10-02 23:00:00,0.72,0.647,0.14,0.14,0.207,0.465
2012-10-03 00:00:00,0.725,0.421,0.089,0.089,0.151,0.439
2012-10-03 01:00:00,0.74,0.252,0.053,0.053,0.137,0.408
2012-10-03 02:00:00,0.751,0.132,0.04,0.04,0.107,0.366
2012-10-03 03:00:00,0.702,0.054,0.04,0.04,0.093,0.33
2012-10-03 04:00:00,0.628,0.021,0.047,0.047,0.128,0.32
2012-10-03 05:00:00,0.721,0.015,0.079,0.079,0.195,0.319
2012-10-03 06:00:00,0.787,0.028,0.136,0.136,0.264,0.348
2012-10-03 07:00:00,0.755,0.047,0.182,0.182,0.29,0.386
2012-10-03 08:00:00,0.689,0.058,0.188,0.188,0.257,0.43
2012-10-03 09:00:00,0.596,0.076,0.179,0.179,0.258,0.465
2012-10-03 10:00:00,0.51,0.097,0.144,0.144,0.217,0.488
2012-10-03 11:00:00,0.453,0.095,0.137,0.137,0.182,0.425
2012-10-03 12:00:00,0.464,0.096,0.148,0.148,0.19,0.471
2012-10-03 13:00:00,0.521,0.099,0.176,0.176,0.166,0.506
2012-10-03 14:00:00,0.598,0.11,0.206,0.206,0.144,0.536
2012-10-03 15:00:00,0.708,0.129,0.162,0.162,0.148,0.514
2012-10-03 16:00:00,0.791,0.179,0.119,0.119,0.135,0.479
2012-10-03 17:00:00,0.815,0.206,0.094,0.094,0.112,0.487
2012-10-03 18:00:00,0.812,0.19,0.066,0.066,0.083,0.491
2012-10-03 19:00:00,0.821,0.197,0.036,0.036,0.062,0.466
2012-10-03 20:00:00,0.82,0.217,0.016,0.016,0.039,0.422
2012-10-03 21:00:00,0.827,0.206,0.008,0.008,0.034,0.375
2012-10-03 22:00:00,0.839,0.153,0.008,0.008,0.087,0.344
2012-10-03 23:00:00,0.867,0.095,0.013,0.013,0.119,0.322
2012-10-04 00:00:00,0.869,0.043,0.029,0.029,0.173,0.308
2012-10-04 01:00:00,0.877,0.015,0.056,0.056,0.235,0.296
2012-10-04 02:00:00,0.882,0.002,0.078,0.078,0.268,0.277
2012-10-04 03:00:00,0.883,0.0,0.096,0.096,0.341,0.268
2012-10-04 04:00:00,0.889,0.0,0.109,0.109,0.402,0.294
2012-10-04 05:00:00,0.891,0.0,0.14,0.14,0.451,0.308
2012-10-04 06:00:00,0.897,0.0,0.198,0.198,0.506,0.342
2012-10-04 07:00:00,0.906,0.017,0.285,0.285,0.518,0.384
2012-10-04 08:00:00,0.912,0.048,0.342,0.342,0.483,0.452
2012-10-04 09:00:00,0.909,0.091,0.328,0.328,0.428,0.516
2012-10-04 10:00:00,0.901,0.136,0.319,0.319,0.446,0.556
2012-10-04 11:00:00,0.9,0.145,0.271,0.271,0.531,0.572
2012-10-04 12:00:00,0.905,0.179,0.242,0.242,0.56,0.589
2012-10-04 13:00:00,0.911,0.202,0.236,0.236,0.573,0.597
2012-10-04 14:00:00,0.909,0.207,0.219,0.219,0.63,0.583
2012-10-04 15:00:00,0.898,0.233,0.19,0.19,0.718,0.556
2012-10-04 16:00:00,0.902,0.279,0.221,0.221,0.826,0.535
2012-10-04 17:00:00,0.911,0.331,0.312,0.312,0.778,0.604
2012-10-04 18:00:00,0.876,0.351,0.473,0.473,0.706,0.654
2012-10-04 19:00:00,0.82,0.366,0.469,0.469,0.769,0.721
2012-10-04 20:00:00,0.772,0.374,0.39,0.39,0.877,0.735
2012-10-04 21:00:00,0.664,0.364,0.591,0.591,0.868,0.705
2012-10-04 22:00:00,0.554,0.334,0.855,0.855,0.869,0.71
2012-10-04 23:00:00,0.634,0.366,0.87,0.87,0.627,0.737
2012-10-05 00:00:00,0.534,0.373,0.834,0.834,0.531,0.736
2012-10-05 01:00:00,0.468,0.409,0.771,0.771,0.487,0.686
2012-10-05 02:00:00,0.555,0.491,0.599,0.599,0.668,0.623
2012-10-05 03:00:00,0.425,0.418,0.647,0.647,0.856,0.539
2012-10-05 04:00:00,0.328,0.384,0.735,0.735,0.795,0.539
2012-10-05 05:00:00,0.44,0.362,0.728,0.728,0.916,0.609
2012-10-05 06:00:00,0.486,0.637,0.796,0.796,0.986,0.683
2012-10-05 07:00:00,0.468,0.659,0.83,0.83,0.98,0.697
2012-10-05 08:00:00,0.445,0.719,0.83,0.83,0.903,0.64
2012-10-05 09:00:00,0.404,0.886,0.799,0.799,0.707,0.612
2012-10-05 10:00:00,0.36,0.873,0.877,0.877,0.39,0.564
2012-10-05 11:00:00,0.301,0.886,0.696,0.696,0.23,0.334
2012-10-05 12:00:00,0.301,0.901,0.406,0.406,0.115,0.188
2012-10-05 13:00:00,0.31,0.93,0.239,0.239,0.136,0.099
2012-10-05 14:00:00,0.336,0.887,0.162,0.162,0.462,0.068
2012-10-05 15:00:00,0.362,0.785,0.464,0.464,0.701,0.047
2012-10-05 16:00:00,0.405,0.701,0.701,0.701,0.379,0.053
2012-10-05 17:00:00,0.381,0.695,0.828,0.828,0.872,0.076
2012-10-05 18:00:00,0.357,0.794,0.772,0.772,0.999,0.144
2012-10-05 19:00:00,0.351,0.947,0.676,0.676,0.965,0.35
2012-10-05 20:00:00,0.411,0.948,0.863,0.863,0.954,0.548
2012-10-05 21:00:00,0.464,0.946,0.997,0.997,0.928,0.556
2012-10-05 22:00:00,0.475,0.95,1.0,1.0,0.995,0.534
2012-10-05 23:00:00,0.448,0.95,1.0,1.0,0.996,0.619
2012-10-06 00:00:00,0.408,0.754,1.0,1.0,0.996,0.629
2012-10-06 01:00:00,0.367,0.95,1.0,1.0,0.993,0.621
2012-10-06 02:00:00,0.335,0.95,1.0,1.0,0.951,0.603
2012-10-06 03:00:00,0.346,0.95,0.999,0.999,0.934,0.601
2012-10-06 04:00:00,0.39,0.95,0.997,0.997,0.899,0.596
2012-10-06 05:00:00,0.461,0.95,0.987,0.987,0.882,0.588
2012-10-06 06:00:00,0.465,0.95,0.978,0.978,0.865,0.588
2012-10-06 07:00:00,0.437,0.95,0.966,0.966,0.855,0.577
2012-10-06 08:00:00,0.438,0.95,0.957,0.957,0.89,0.562
2012-10-06 09:00:00,0.408,0.95,0.929,0.929,0.923,0.549
2012-10-06 10:00:00,0.33,0.949,0.956,0.956,0.843,0.52
2012-10-06 11:00:00,0.177,0.933,0.951,0.951,0.917,0.494
2012-10-06 12:00:00,0.168,0.933,0.943,0.943,0.965,0.53
2012-10-06 13:00:00,0.299,0.909,0.862,0.862,0.971,0.535
2012-10-06 14:00:00,0.585,0.922,0.896,0.896,0.902,0.516
2012-10-06 15:00:00,0.881,0.896,0.926,0.926,0.998,0.541
2012-10-06 16:00:00,0.935,0.87,0.882,0.882,0.997,0.541
2012-10-06 17:00:00,0.934,0.847,0.957,0.957,0.393,0.501
2012-10-06 18:00:00,0.948,0.888,0.996,0.996,0.289,0.461
2012-10-06 19:00:00,0.946,0.924,0.198,0.198,0.96,0.402
2012-10-06 20:00:00,0.94,0.903,0.422,0.422,1.0,0.253
2012-10-06 21:00:00,0.945,0.946,0.932,0.932,1.0,0.622
2012-10-06 22:00:00,0.923,0.852,0.999,0.999,1.0,0.701
2012-10-06 23:00:00,0.878,0.881,1.0,1.0,1.0,0.772
2012-10-07 00:00:00,0.796,0.95,1.0,1.0,1.0,0.785
2012-10-07 01:00:00,0.592,0.949,1.0,1.0,1.0,0.803
2012-10-07 02:00:00,0.387,0.94,1.0,1.0,1.0,0.815
2012-10-07 03:00:00,0.271,0.934,1.0,1.0,1.0,0.799
2012-10-07 04:00:00,0.214,0.93,1.0,1.0,0.999,0.75
2012-10-07 05:00:00,0.218,0.887,0.999,0.999,0.997,0.717
2012-10-07 06:00:00,0.274,0.822,0.994,0.994,0.983,0.682
2012-10-07 07:00:00,0.338,0.765,0.979,0.979,0.962,0.617
2012-10-07 08:00:00,0.378,0.714,0.959,0.959,0.954,0.514
2012-10-07 09:00:00,0.407,0.73,0.939,0.939,0.89,0.407
2012-10-07 10:00:00,0.422,0.599,0.899,0.899,0.685,0.348
2012-10-07 11:00:00,0.274,0.355,0.854,0.854,0.422,0.315
2012-10-07 12:00:00,0.283,0.336,0.752,0.752,0.347,0.319
2012-10-07 13:00:00,0.287,0.363,0.615,0.615,0.381,0.344
2012-10-07 14:00:00,0.342,0.428,0.524,0.524,0.609,0.371
2012-10-07 15:00:00,0.418,0.471,0.639,0.639,0.719,0.4
2012-10-07 16:00:00,0.526,0.359,0.652,0.652,0.933,0.411
2012-10-07 17:00:00,0.642,0.297,0.791,0.791,0.986,0.417
2012-10-07 18:00:00,0.692,0.231,0.874,0.874,0.948,0.48
2012-10-07 19:00:00,0.683,0.278,0.848,0.848,0.888,0.595
2012-10-07 20:00:00,0.713,0.468,0.888,0.888,0.84,0.711
2012-10-07 21:00:00,0.77,0.634,0.944,0.944,0.757,0.782
2012-10-07 22:00:00,0.801,0.762,0.969,0.969,0.761,0.816
2012-10-07 23:00:00,0.85,0.916,0.942,0.942,0.759,0.848
2012-10-08 00:00:00,0.867,0.936,0.884,0.884,0.809,0.835
2012-10-08 01:00:00,0.875,0.925,0.863,0.863,0.856,0.817
2012-10-08 02:00:00,0.854,0.91,0.851,0.851,0.861,0.821
2012-10-08 03:00:00,0.861,0.912,0.902,0.902,0.881,0.825
2012-10-08 04:00:00,0.877,0.902,0.958,0.958,0.914,0.825
2012-10-08 05:00:00,0.895,0.896,0.969,0.969,0.908,0.835
2012-10-08 06:00:00,0.906,0.902,0.968,0.968,0.931,0.858
2012-10-08 07:00:00,0.92,0.937,0.98,0.98,0.935,0.872
2012-10-08 08:00:00,0.93,0.948,0.976,0.976,0.938,0.871
2012-10-08 09:00:00,0.936,0.944,0.969,0.969,0.938,0.866
2012-10-08 10:00:00,0.938,0.932,0.936,0.936,0.942,0.868
2012-10-08 11:00:00,0.938,0.924,0.954,0.954,0.959,0.791
2012-10-08 12:00:00,0.944,0.909,0.966,0.966,0.955,0.784
2012-10-08 13:00:00,0.945,0.925,0.98,0.98,0.973,0.775
2012-10-08 14:00:00,0.946,0.917,0.99,0.99,0.989,0.8
2012-10-08 15:00:00,0.947,0.903,0.991,0.991,0.993,0.804
2012-10-08 16:00:00,0.947,0.912,0.992,0.992,0.987,0.804
2012-10-08 17:00:00,0.946,0.945,0.986,0.986,0.992,0.77
2012-10-08 18:00:00,0.94,0.948,0.972,0.972,0.996,0.738
2012-10-08 19:00:00,0.937,0.949,0.966,0.966,0.999,0.74
2012-10-08 20:00:00,0.931,0.949,0.948,0.948,0.998,0.748
2012-10-08 21:00:00,0.915,0.946,0.918,0.918,0.997,0.765
2012-10-08 22:00:00,0.892,0.912,0.982,0.982,1.0,0.795
2012-10-08 23:00:00,0.853,0.935,0.992,0.992,1.0,0.818
2012-10-09 00:00:00,0.863,0.927,0.995,0.995,0.999,0.833
2012-10-09 01:00:00,0.839,0.908,0.993,0.993,0.999,0.838
2012-10-09 02:00:00,0.8,0.933,0.994,0.994,1.0,0.85
2012-10-09 03:00:00,0.734,0.934,0.998,0.998,1.0,0.849
2012-10-09 04:00:00,0.676,0.933,0.998,0.998,0.999,0.835
2012-10-09 05:00:00,0.661,0.937,0.997,0.997,0.998,0.827
2012-10-09 06:00:00,0.612,0.932,0.994,0.994,0.997,0.823
2012-10-09 07:00:00,0.524,0.913,0.991,0.991,0.997,0.825
2012-10-09 08:00:00,0.474,0.87,0.994,0.994,0.995,0.814
2012-10-09 09:00:00,0.466,0.836,0.996,0.996,0.986,0.825
2012-10-09 10:00:00,0.476,0.799,0.991,0.991,0.941,0.823
2012-10-09 11:00:00,0.58,0.792,0.975,0.975,0.957,0.728
2012-10-09 12:00:00,0.607,0.827,0.979,0.979,0.967,0.657
2012-10-09 13:00:00,0.608,0.771,0.979,0.979,0.946,0.662
2012-10-09 14:00:00,0.648,0.645,0.975,0.975,0.946,0.654
2012-10-09 15:00:00,0.687,0.751,0.968,0.968,0.962,0.651
2012-10-09 16:00:00,0.72,0.856,0.969,0.969,0.974,0.626
2012-10-09 17:00:00,0.737,0.833,0.977,0.977,0.966,0.607
2012-10-09 18:00:00,0.765,0.787,0.982,0.982,0.969,0.612
2012-10-09 19:00:00,0.796,0.755,0.976,0.976,0.972,0.619
2012-10-09 20:00:00,0.815,0.735,0.947,0.947,0.976,0.628
2012-10-09 21:00:00,0.84,0.765,0.941,0.941,0.973,0.642
2012-10-09 22:00:00,0.868,0.833,0.978,0.978,0.991,0.667
2012-10-09 23:00:00,0.85,0.916,0.989,0.989,0.994,0.714
2012-10-10 00:00:00,0.879,0.939,0.995,0.995,0.998,0.716
2012-10-10 01:00:00,0.882,0.934,0.998,0.998,0.999,0.719
2012-10-10 02:00:00,0.894,0.918,1.0,1.0,1.0,0.716
2012-10-10 03:00:00,0.882,0.899,0.998,0.998,1.0,0.699
2012-10-10 04:00:00,0.873,0.946,0.998,0.998,1.0,0.709
2012-10-10 05:00:00,0.903,0.95,1.0,1.0,0.999,0.714
2012-10-10 06:00:00,0.922,0.95,0.999,0.999,1.0,0.719
2012-10-10 07:00:00,0.928,0.95,0.997,0.997,1.0,0.72
2012-10-10 08:00:00,0.932,0.95,1.0,1.0,1.0,0.723
2012-10-10 09:00:00,0.938,0.949,0.999,0.999,1.0,0.723
2012-10-10 10:00:00,0.939,0.938,0.999,0.999,0.999,0.718
2012-10-10 11:00:00,0.93,0.933,0.998,0.998,0.991,0.72
2012-10-10 12:00:00,0.924,0.792,0.998,0.998,0.957,0.7
2012-10-10 13:00:00,0.912,0.666,1.0,1.0,0.96,0.627
2012-10-10 14:00:00,0.894,0.438,0.992,0.992,0.998,0.655
2012-10-10 15:00:00,0.88,0.28,0.995,0.995,1.0,0.768
2012-10-10 16:00:00,0.862,0.32,0.999,0.999,1.0,0.788
2012-10-10 17:00:00,0.829,0.576,1.0,1.0,1.0,0.784
2012-10-10 18:00:00,0.781,0.594,1.0,1.0,0.998,0.772
2012-10-10 19:00:00,0.735,0.686,0.999,0.999,0.989,0.738
2012-10-10 20:00:00,0.676,0.936,0.999,0.999,0.964,0.716
2012-10-10 21:00:00,0.619,0.95,0.997,0.997,0.889,0.714
2012-10-10 22:00:00,0.576,0.95,0.998,0.998,0.825,0.713
2012-10-10 23:00:00,0.59,0.95,0.995,0.995,0.779,0.725
2012-10-11 00:00:00,0.588,0.95,0.984,0.984,0.728,0.699
2012-10-11 01:00:00,0.624,0.95,0.965,0.965,0.68,0.68
2012-10-11 02:00:00,0.616,0.95,0.929,0.929,0.519,0.656
2012-10-11 03:00:00,0.565,0.95,0.878,0.878,0.376,0.639
2012-10-11 04:00:00,0.523,0.949,0.806,0.806,0.319,0.586
2012-10-11 05:00:00,0.511,0.949,0.776,0.776,0.288,0.535
2012-10-11 06:00:00,0.541,0.949,0.743,0.743,0.36,0.51
2012-10-11 07:00:00,0.588,0.946,0.702,0.702,0.451,0.486
2012-10-11 08:00:00,0.597,0.931,0.618,0.618,0.422,0.482
2012-10-11 09:00:00,0.592,0.918,0.47,0.47,0.463,0.47
2012-10-11 10:00:00,0.59,0.913,0.361,0.361,0.494,0.429
2012-10-11 11:00:00,0.624,0.897,0.246,0.246,0.505,0.377
2012-10-11 12:00:00,0.604,0.779,0.172,0.172,0.49,0.322
2012-10-11 13:00:00,0.582,0.625,0.119,0.119,0.591,0.289
2012-10-11 14:00:00,0.549,0.567,0.086,0.086,0.573,0.296
2012-10-11 15:00:00,0.494,0.551,0.088,0.088,0.516,0.294
2012-10-11 16:00:00,0.431,0.537,0.077,0.077,0.445,0.304
2012-10-11 17:00:00,0.354,0.502,0.071,0.071,0.336,0.304
2012-10-11 18:00:00,0.288,0.471,0.068,0.068,0.316,0.307
2012-10-11 19:00:00,0.214,0.435,0.071,0.071,0.3,0.329
2012-10-11 20:00:00,0.154,0.364,0.09,0.09,0.282,0.365
2012-10-11 21:00:00,0.13,0.298,0.125,0.125,0.304,0.398
2012-10-11 22:00:00,0.12,0.263,0.131,0.131,0.326,0.405
2012-10-11 23:00:00,0.115,0.213,0.112,0.112,0.334,0.383
2012-10-12 00:00:00,0.106,0.209,0.101,0.101,0.277,0.356
2012-10-12 01:00:00,0.088,0.231,0.115,0.115,0.175,0.326
2012-10-12 02:00:00,0.061,0.292,0.149,0.149,0.104,0.303
2012-10-12 03:00:00,0.04,0.368,0.196,0.196,0.091,0.307
2012-10-12 04:00:00,0.024,0.415,0.26,0.26,0.098,0.313
2012-10-12 05:00:00,0.012,0.413,0.302,0.302,0.101,0.309
2012-10-12 06:00:00,0.006,0.396,0.309,0.309,0.095,0.302
2012-10-12 07:00:00,0.003,0.434,0.288,0.288,0.08,0.297
2012-10-12 08:00:00,0.003,0.502,0.264,0.264,0.064,0.287
2012-10-12 09:00:00,0.009,0.554,0.25,0.25,0.045,0.277
2012-10-12 10:00:00,0.022,0.584,0.189,0.189,0.018,0.257
2012-10-12 11:00:00,0.039,0.545,0.179,0.179,0.011,0.21
2012-10-12 12:00:00,0.055,0.566,0.162,0.162,0.008,0.175
2012-10-12 13:00:00,0.081,0.616,0.154,0.154,0.005,0.152
2012-10-12 14:00:00,0.121,0.636,0.154,0.154,0.004,0.132
2012-10-12 15:00:00,0.151,0.629,0.15,0.15,0.003,0.114
2012-10-12 16:00:00,0.195,0.643,0.137,0.137,0.003,0.106
2012-10-12 17:00:00,0.26,0.623,0.119,0.119,0.005,0.107
2012-10-12 18:00:00,0.358,0.618,0.104,0.104,0.005,0.103
2012-10-12 19:00:00,0.475,0.533,0.076,0.076,0.004,0.085
2012-10-12 20:00:00,0.573,0.422,0.052,0.052,0.004,0.067
2012-10-12 21:00:00,0.656,0.346,0.037,0.037,0.004,0.052
2012-10-12 22:00:00,0.717,0.287,0.037,0.037,0.012,0.042
2012-10-12 23:00:00,0.797,0.353,0.027,0.027,0.018,0.038
2012-10-13 00:00:00,0.804,0.281,0.016,0.016,0.022,0.031
2012-10-13 01:00:00,0.807,0.222,0.017,0.017,0.021,0.026
2012-10-13 02:00:00,0.807,0.208,0.016,0.016,0.027,0.023
2012-10-13 03:00:00,0.814,0.213,0.013,0.013,0.037,0.023
2012-10-13 04:00:00,0.831,0.198,0.009,0.009,0.04,0.035
2012-10-13 05:00:00,0.847,0.183,0.007,0.007,0.048,0.056
2012-10-13 06:00:00,0.861,0.164,0.005,0.005,0.06,0.078
2012-10-13 07:00:00,0.868,0.139,0.003,0.003,0.08,0.089
2012-10-13 08:00:00,0.874,0.106,0.002,0.002,0.096,0.092
2012-10-13 09:00:00,0.879,0.07,0.002,0.002,0.11,0.091
2012-10-13 10:00:00,0.884,0.047,0.005,0.005,0.105,0.101
2012-10-13 11:00:00,0.876,0.029,0.008,0.008,0.133,0.102
2012-10-13 12:00:00,0.867,0.009,0.012,0.012,0.16,0.1
2012-10-13 13:00:00,0.861,0.002,0.021,0.021,0.214,0.101
2012-10-13 14:00:00,0.864,0.0,0.038,0.038,0.283,0.109
2012-10-13 15:00:00,0.856,0.0,0.055,0.055,0.381,0.124
2012-10-13 16:00:00,0.835,0.0,0.086,0.086,0.53,0.149
2012-10-13 17:00:00,0.794,0.0,0.149,0.149,0.669,0.185
2012-10-13 18:00:00,0.786,0.0,0.222,0.222,0.717,0.214
2012-10-13 19:00:00,0.866,0.0,0.248,0.248,0.716,0.233
2012-10-13 20:00:00,0.83,0.0,0.237,0.237,0.706,0.259
2012-10-13 21:00:00,0.75,0.0,0.219,0.219,0.718,0.287
2012-10-13 22:00:00,0.645,0.0,0.237,0.237,0.564,0.311
2012-10-13 23:00:00,0.606,0.0,0.315,0.315,0.547,0.316
2012-10-14 00:00:00,0.788,0.001,0.362,0.362,0.476,0.344
2012-10-14 01:00:00,0.904,0.017,0.367,0.367,0.474,0.37
2012-10-14 02:00:00,0.914,0.04,0.37,0.37,0.54,0.381
2012-10-14 03:00:00,0.894,0.05,0.405,0.405,0.555,0.411
2012-10-14 04:00:00,0.871,0.058,0.44,0.44,0.429,0.446
2012-10-14 05:00:00,0.882,0.127,0.379,0.379,0.938,0.414
2012-10-14 06:00:00,0.889,0.208,0.322,0.322,1.0,0.351
2012-10-14 07:00:00,0.854,0.317,0.264,0.264,0.999,0.409
2012-10-14 08:00:00,0.782,0.477,0.361,0.361,0.995,0.453
2012-10-14 09:00:00,0.679,0.654,0.76,0.76,0.996,0.397
2012-10-14 10:00:00,0.546,0.698,0.988,0.988,0.998,0.328
2012-10-14 11:00:00,0.394,0.765,1.0,1.0,0.978,0.33
2012-10-14 12:00:00,0.274,0.754,0.996,0.996,0.93,0.337
2012-10-14 13:00:00,0.187,0.475,0.992,0.992,0.864,0.374
2012-10-14 14:00:00,0.13,0.169,0.987,0.987,0.769,0.397
2012-10-14 15:00:00,0.096,0.19,0.974,0.974,0.609,0.404
2012-10-14 16:00:00,0.078,0.455,0.93,0.93,0.412,0.432
2012-10-14 17:00:00,0.058,0.465,0.829,0.829,0.247,0.426
2012-10-14 18:00:00,0.063,0.459,0.65,0.65,0.189,0.397
2012-10-14 19:00:00,0.109,0.467,0.432,0.432,0.199,0.353
2012-10-14 20:00:00,0.165,0.436,0.304,0.304,0.243,0.274
2012-10-14 21:00:00,0.244,0.36,0.212,0.212,0.299,0.191
2012-10-14 22:00:00,0.355,0.252,0.208,0.208,0.323,0.113
2012-10-14 23:00:00,0.798,0.16,0.173,0.173,0.285,0.072
2012-10-15 00:00:00,0.792,0.088,0.12,0.12,0.215,0.068
2012-10-15 01:00:00,0.665,0.04,0.077,0.077,0.212,0.074
2012-10-15 02:00:00,0.475,0.018,0.097,0.097,0.377,0.078
2012-10-15 03:00:00,0.388,0.008,0.227,0.227,0.537,0.095
2012-10-15 04:00:00,0.346,0.0,0.364,0.364,0.535,0.13
2012-10-15 05:00:00,0.359,0.0,0.39,0.39,0.487,0.213
2012-10-15 06:00:00,0.406,0.015,0.465,0.465,0.489,0.326
2012-10-15 07:00:00,0.412,0.102,0.573,0.573,0.552,0.395
2012-10-15 08:00:00,0.416,0.224,0.656,0.656,0.6,0.423
2012-10-15 09:00:00,0.423,0.325,0.76,0.76,0.598,0.49
2012-10-15 10:00:00,0.441,0.458,0.671,0.671,0.392,0.55
2012-10-15 11:00:00,0.356,0.498,0.632,0.632,0.51,0.509
2012-10-15 12:00:00,0.355,0.67,0.629,0.629,0.492,0.528
2012-10-15 13:00:00,0.363,0.836,0.589,0.589,0.476,0.548
2012-10-15 14:00:00,0.335,0.915,0.541,0.541,0.494,0.551
2012-10-15 15:00:00,0.303,0.945,0.429,0.429,0.503,0.618
2012-10-15 16:00:00,0.327,0.937,0.398,0.398,0.528,0.617
2012-10-15 17:00:00,0.369,0.834,0.482,0.482,0.446,0.561
2012-10-15 18:00:00,0.383,0.658,0.395,0.395,0.323,0.558
2012-10-15 19:00:00,0.424,0.503,0.337,0.337,0.266,0.516
2012-10-15 20:00:00,0.528,0.359,0.291,0.291,0.183,0.47
2012-10-15 21:00:00,0.638,0.304,0.259,0.259,0.142,0.416
2012-10-15 22:00:00,0.645,0.286,0.104,0.104,0.117,0.363
2012-10-15 23:00:00,0.496,0.247,0.043,0.043,0.139,0.306
2012-10-16 00:00:00,0.476,0.124,0.05,0.05,0.15,0.268
2012-10-16 01:00:00,0.469,0.033,0.106,0.106,0.143,0.243
2012-10-16 02:00:00,0.45,0.009,0.21,0.21,0.179,0.245
2012-10-16 03:00:00,0.44,0.044,0.38,0.38,0.161,0.276
2012-10-16 04:00:00,0.427,0.109,0.626,0.626,0.344,0.329
2012-10-16 05:00:00,0.434,0.183,0.809,0.809,0.405,0.388
2012-10-16 06:00:00,0.471,0.334,0.85,0.85,0.314,0.424
2012-10-16 07:00:00,0.558,0.518,0.785,0.785,0.355,0.494
2012-10-16 08:00:00,0.619,0.648,0.758,0.758,0.442,0.595
2012-10-16 09:00:00,0.589,0.843,0.738,0.738,0.484,0.631
2012-10-16 10:00:00,0.587,0.92,0.423,0.423,0.541,0.647
2012-10-16 11:00:00,0.589,0.759,0.486,0.486,0.514,0.69
2012-10-16 12:00:00,0.594,0.857,0.509,0.509,0.514,0.686
2012-10-16 13:00:00,0.544,0.927,0.429,0.429,0.597,0.671
2012-10-16 14:00:00,0.513,0.907,0.362,0.362,0.834,0.615
2012-10-16 15:00:00,0.548,0.911,0.471,0.471,0.792,0.547
2012-10-16 16:00:00,0.582,0.895,0.625,0.625,0.786,0.579
2012-10-16 17:00:00,0.577,0.842,0.835,0.835,0.847,0.636
2012-10-16 18:00:00,0.575,0.879,0.902,0.902,0.914,0.675
2012-10-16 19:00:00,0.571,0.819,0.919,0.919,0.935,0.71
2012-10-16 20:00:00,0.622,0.881,0.955,0.955,0.958,0.771
2012-10-16 21:00:00,0.838,0.876,0.937,0.937,0.956,0.821
2012-10-16 22:00:00,0.825,0.878,0.965,0.965,0.923,0.814
2012-10-16 23:00:00,0.599,0.946,0.942,0.942,0.765,0.809
2012-10-17 00:00:00,0.471,0.924,0.866,0.866,0.645,0.791
2012-10-17 01:00:00,0.365,0.77,0.788,0.788,0.572,0.776
2012-10-17 02:00:00,0.317,0.718,0.657,0.657,0.539,0.787
2012-10-17 03:00:00,0.337,0.806,0.592,0.592,0.536,0.794
2012-10-17 04:00:00,0.391,0.808,0.592,0.592,0.542,0.779
2012-10-17 05:00:00,0.463,0.765,0.574,0.574,0.615,0.761
2012-10-17 06:00:00,0.591,0.708,0.469,0.469,0.615,0.741
2012-10-17 07:00:00,0.816,0.599,0.381,0.381,0.617,0.732
2012-10-17 08:00:00,0.927,0.471,0.368,0.368,0.657,0.722
2012-10-17 09:00:00,0.923,0.351,0.314,0.314,0.614,0.717
2012-10-17 10:00:00,0.917,0.331,0.264,0.264,0.539,0.741
2012-10-17 11:00:00,0.921,0.294,0.206,0.206,0.452,0.779
2012-10-17 12:00:00,0.912,0.234,0.164,0.164,0.421,0.738
2012-10-17 13:00:00,0.906,0.164,0.124,0.124,0.395,0.683
2012-10-17 14:00:00,0.907,0.141,0.095,0.095,0.368,0.61
2012-10-17 15:00:00,0.914,0.164,0.109,0.109,0.369,0.563
2012-10-17 16:00:00,0.92,0.187,0.122,0.122,0.406,0.516
2012-10-17 17:00:00,0.925,0.19,0.145,0.145,0.545,0.49
2012-10-17 18:00:00,0.93,0.149,0.201,0.201,0.646,0.481
2012-10-17 19:00:00,0.934,0.161,0.248,0.248,0.689,0.456
2012-10-17 20:00:00,0.934,0.185,0.249,0.249,0.712,0.425
2012-10-17 21:00:00,0.937,0.154,0.232,0.232,0.688,0.444
2012-10-17 22:00:00,0.938,0.075,0.279,0.279,0.631,0.442
2012-10-17 23:00:00,0.941,0.026,0.322,0.322,0.566,0.462
2012-10-18 00:00:00,0.933,0.001,0.297,0.297,0.66,0.464
2012-10-18 01:00:00,0.933,0.004,0.368,0.368,0.686,0.451
2012-10-18 02:00:00,0.927,0.042,0.507,0.507,0.627,0.498
2012-10-18 03:00:00,0.912,0.061,0.55,0.55,0.536,0.568
2012-10-18 04:00:00,0.835,0.054,0.453,0.453,0.571,0.598
2012-10-18 05:00:00,0.743,0.067,0.487,0.487,0.705,0.602
2012-10-18 06:00:00,0.604,0.181,0.585,0.585,0.721,0.658
2012-10-18 07:00:00,0.571,0.333,0.666,0.666,0.644,0.717
2012-10-18 08:00:00,0.554,0.541,0.673,0.673,0.606,0.749
2012-10-18 09:00:00,0.59,0.629,0.671,0.671,0.57,0.747
2012-10-18 10:00:00,0.684,0.666,0.628,0.628,0.568,0.791
2012-10-18 11:00:00,0.871,0.796,0.627,0.627,0.517,0.815
2012-10-18 12:00:00,0.887,0.867,0.527,0.527,0.506,0.79
2012-10-18 13:00:00,0.895,0.884,0.517,0.517,0.512,0.719
2012-10-18 14:00:00,0.9,0.809,0.481,0.481,0.61,0.672
2012-10-18 15:00:00,0.906,0.718,0.424,0.424,0.802,0.608
2012-10-18 16:00:00,0.92,0.567,0.487,0.487,0.93,0.544
2012-10-18 17:00:00,0.904,0.446,0.626,0.626,0.953,0.512
2012-10-18 18:00:00,0.909,0.458,0.725,0.725,0.942,0.49
2012-10-18 19:00:00,0.898,0.454,0.761,0.761,0.945,0.518
2012-10-18 20:00:00,0.883,0.513,0.759,0.759,0.942,0.584
2012-10-18 21:00:00,0.876,0.696,0.78,0.78,0.931,0.591
2012-10-18 22:00:00,0.838,0.821,0.748,0.748,0.916,0.586
2012-10-18 23:00:00,0.828,0.911,0.692,0.692,0.928,0.597
2012-10-19 00:00:00,0.677,0.856,0.746,0.746,0.893,0.6
2012-10-19 01:00:00,0.47,0.757,0.772,0.772,0.86,0.579
2012-10-19 02:00:00,0.363,0.559,0.757,0.757,0.797,0.559
2012-10-19 03:00:00,0.382,0.547,0.764,0.764,0.67,0.547
2012-10-19 04:00:00,0.393,0.567,0.646,0.646,0.757,0.56
2012-10-19 05:00:00,0.431,0.65,0.614,0.614,0.788,0.473
2012-10-19 06:00:00,0.521,0.714,0.63,0.63,0.781,0.445
2012-10-19 07:00:00,0.503,0.711,0.597,0.597,0.847,0.524
2012-10-19 08:00:00,0.579,0.743,0.583,0.583,0.91,0.631
2012-10-19 09:00:00,0.794,0.752,0.621,0.621,0.879,0.664
2012-10-19 10:00:00,0.925,0.763,0.61,0.61,0.887,0.64
2012-10-19 11:00:00,0.935,0.718,0.575,0.575,0.913,0.618
2012-10-19 12:00:00,0.925,0.709,0.584,0.584,0.883,0.65
2012-10-19 13:00:00,0.914,0.761,0.605,0.605,0.856,0.676
2012-10-19 14:00:00,0.879,0.811,0.598,0.598,0.9,0.68
2012-10-19 15:00:00,0.806,0.819,0.719,0.719,0.962,0.586
2012-10-19 16:00:00,0.729,0.814,0.836,0.836,0.984,0.655
2012-10-19 17:00:00,0.717,0.847,0.924,0.924,0.992,0.773
2012-10-19 18:00:00,0.609,0.895,0.974,0.974,0.993,0.825
2012-10-19 19:00:00,0.478,0.931,0.987,0.987,0.991,0.808
2012-10-19 20:00:00,0.352,0.948,0.988,0.988,0.988,0.747
2012-10-19 21:00:00,0.274,0.95,0.985,0.985,0.977,0.717
2012-10-19 22:00:00,0.253,0.95,0.982,0.982,0.953,0.704
2012-10-19 23:00:00,0.283,0.95,0.937,0.937,0.874,0.69
2012-10-20 00:00:00,0.178,0.95,0.881,0.881,0.84,0.67
2012-10-20 01:00:00,0.172,0.949,0.825,0.825,0.745,0.667
2012-10-20 02:00:00,0.183,0.934,0.741,0.741,0.606,0.666
2012-10-20 03:00:00,0.101,0.899,0.678,0.678,0.616,0.635
2012-10-20 04:00:00,0.074,0.887,0.64,0.64,0.667,0.596
2012-10-20 05:00:00,0.07,0.887,0.629,0.629,0.765,0.597
2012-10-20 06:00:00,0.056,0.851,0.658,0.658,0.709,0.6
2012-10-20 07:00:00,0.057,0.831,0.654,0.654,0.7,0.631
2012-10-20 08:00:00,0.048,0.872,0.596,0.596,0.758,0.652
2012-10-20 09:00:00,0.05,0.902,0.581,0.581,0.703,0.614
2012-10-20 10:00:00,0.045,0.897,0.4,0.4,0.64,0.602
2012-10-20 11:00:00,0.085,0.705,0.336,0.336,0.577,0.481
2012-10-20 12:00:00,0.105,0.571,0.361,0.361,0.655,0.479
2012-10-20 13:00:00,0.112,0.535,0.388,0.388,0.702,0.497
2012-10-20 14:00:00,0.079,0.604,0.37,0.37,0.656,0.413
2012-10-20 15:00:00,0.057,0.669,0.445,0.445,0.644,0.359
2012-10-20 16:00:00,0.055,0.645,0.527,0.527,0.721,0.346
2012-10-20 17:00:00,0.081,0.623,0.579,0.579,0.787,0.32
2012-10-20 18:00:00,0.083,0.624,0.632,0.632,0.726,0.303
2012-10-20 19:00:00,0.089,0.613,0.597,0.597,0.58,0.313
2012-10-20 20:00:00,0.106,0.59,0.496,0.496,0.568,0.321
2012-10-20 21:00:00,0.166,0.604,0.459,0.459,0.66,0.333
2012-10-20 22:00:00,0.184,0.632,0.483,0.483,0.786,0.333
2012-10-20 23:00:00,0.206,0.741,0.5,0.5,0.761,0.295
2012-10-21 00:00:00,0.252,0.67,0.571,0.571,0.646,0.26
2012-10-21 01:00:00,0.318,0.584,0.552,0.552,0.496,0.255
2012-10-21 02:00:00,0.445,0.549,0.408,0.408,0.432,0.236
2012-10-21 03:00:00,0.535,0.537,0.293,0.293,0.425,0.176
2012-10-21 04:00:00,0.574,0.459,0.261,0.261,0.352,0.139
2012-10-21 05:00:00,0.556,0.441,0.238,0.238,0.246,0.114
2012-10-21 06:00:00,0.604,0.52,0.237,0.237,0.185,0.108
2012-10-21 07:00:00,0.662,0.575,0.273,0.273,0.16,0.122
2012-10-21 08:00:00,0.669,0.707,0.248,0.248,0.152,0.125
2012-10-21 09:00:00,0.7,0.739,0.153,0.153,0.116,0.112
2012-10-21 10:00:00,0.695,0.622,0.108,0.108,0.115,0.1
2012-10-21 11:00:00,0.677,0.56,0.079,0.079,0.099,0.101
2012-10-21 12:00:00,0.574,0.532,0.067,0.067,0.108,0.1
2012-10-21 13:00:00,0.47,0.497,0.059,0.059,0.097,0.083
2012-10-21 14:00:00,0.329,0.411,0.056,0.056,0.093,0.076
2012-10-21 15:00:00,0.164,0.388,0.064,0.064,0.13,0.079
2012-10-21 16:00:00,0.09,0.453,0.093,0.093,0.168,0.099
2012-10-21 17:00:00,0.049,0.602,0.165,0.165,0.141,0.116
2012-10-21 18:00:00,0.046,0.783,0.191,0.191,0.088,0.146
2012-10-21 19:00:00,0.046,0.834,0.166,0.166,0.068,0.113
2012-10-21 20:00:00,0.057,0.824,0.181,0.181,0.072,0.1
2012-10-21 21:00:00,0.045,0.755,0.217,0.217,0.063,0.119
2012-10-21 22:00:00,0.025,0.664,0.225,0.225,0.075,0.154
2012-10-21 23:00:00,0.018,0.656,0.162,0.162,0.063,0.174
2012-10-22 00:00:00,0.024,0.521,0.149,0.149,0.132,0.184
2012-10-22 01:00:00,0.026,0.391,0.174,0.174,0.27,0.223
2012-10-22 02:00:00,0.019,0.304,0.171,0.171,0.215,0.253
2012-10-22 03:00:00,0.011,0.209,0.088,0.088,0.134,0.226
2012-10-22 04:00:00,0.009,0.09,0.048,0.048,0.082,0.207
2012-10-22 05:00:00,0.009,0.04,0.036,0.036,0.047,0.205
2012-10-22 06:00:00,0.005,0.02,0.019,0.019,0.021,0.172
2012-10-22 07:00:00,0.019,0.008,0.015,0.015,0.016,0.122
2012-10-22 08:00:00,0.06,0.011,0.033,0.033,0.03,0.099
2012-10-22 09:00:00,0.122,0.035,0.042,0.042,0.019,0.099
2012-10-22 10:00:00,0.183,0.041,0.025,0.025,0.014,0.09
2012-10-22 11:00:00,0.239,0.008,0.012,0.012,0.006,0.071
2012-10-22 12:00:00,0.303,0.0,0.012,0.012,0.004,0.076
2012-10-22 13:00:00,0.347,0.0,0.013,0.013,0.01,0.086
2012-10-22 14:00:00,0.365,0.0,0.032,0.032,0.034,0.082
2012-10-22 15:00:00,0.387,0.009,0.069,0.069,0.06,0.09
2012-10-22 16:00:00,0.403,0.069,0.08,0.08,0.108,0.105
2012-10-22 17:00:00,0.419,0.177,0.072,0.072,0.132,0.116
2012-10-22 18:00:00,0.506,0.245,0.078,0.078,0.107,0.125
2012-10-22 19:00:00,0.584,0.171,0.07,0.07,0.069,0.126
2012-10-22 20:00:00,0.655,0.098,0.051,0.051,0.044,0.112
2012-10-22 21:00:00,0.66,0.066,0.05,0.05,0.032,0.094
2012-10-22 22:00:00,0.669,0.084,0.088,0.088,0.065,0.102
2012-10-22 23:00:00,0.77,0.181,0.124,0.124,0.094,0.182
2012-10-23 00:00:00,0.74,0.298,0.164,0.164,0.135,0.239
2012-10-23 01:00:00,0.748,0.429,0.182,0.182,0.217,0.267
2012-10-23 02:00:00,0.746,0.538,0.235,0.235,0.323,0.266
2012-10-23 03:00:00,0.765,0.551,0.272,0.272,0.371,0.264
2012-10-23 04:00:00,0.783,0.501,0.304,0.304,0.409,0.233
2012-10-23 05:00:00,0.787,0.469,0.358,0.358,0.431,0.246
2012-10-23 06:00:00,0.765,0.418,0.365,0.365,0.429,0.247
2012-10-23 07:00:00,0.733,0.369,0.329,0.329,0.411,0.247
2012-10-23 08:00:00,0.697,0.296,0.291,0.291,0.419,0.254
2012-10-23 09:00:00,0.654,0.226,0.244,0.244,0.452,0.26
2012-10-23 10:00:00,0.582,0.18,0.196,0.196,0.447,0.263
2012-10-23 11:00:00,0.507,0.178,0.191,0.191,0.349,0.24
2012-10-23 12:00:00,0.387,0.16,0.181,0.181,0.315,0.225
2012-10-23 13:00:00,0.327,0.126,0.16,0.16,0.274,0.217
2012-10-23 14:00:00,0.277,0.14,0.114,0.114,0.221,0.219
2012-10-23 15:00:00,0.248,0.165,0.095,0.095,0.173,0.214
2012-10-23 16:00:00,0.228,0.162,0.1,0.1,0.166,0.214
2012-10-23 17:00:00,0.224,0.137,0.109,0.109,0.185,0.223
2012-10-23 18:00:00,0.21,0.109,0.108,0.108,0.203,0.232
2012-10-23 19:00:00,0.198,0.088,0.096,0.096,0.189,0.214
2012-10-23 20:00:00,0.192,0.059,0.068,0.068,0.154,0.188
2012-10-23 21:00:00,0.201,0.034,0.04,0.04,0.124,0.162
2012-10-23 22:00:00,0.205,0.013,0.035,0.035,0.104,0.141
2012-10-23 23:00:00,0.288,0.0,0.038,0.038,0.1,0.154
2012-10-24 00:00:00,0.304,0.0,0.034,0.034,0.076,0.148
2012-10-24 01:00:00,0.282,0.001,0.04,0.04,0.062,0.142
2012-10-24 02:00:00,0.276,0.02,0.06,0.06,0.059,0.192
2012-10-24 03:00:00,0.276,0.047,0.084,0.084,0.061,0.252
2012-10-24 04:00:00,0.269,0.071,0.1,0.1,0.073,0.286
2012-10-24 05:00:00,0.259,0.118,0.097,0.097,0.088,0.284
2012-10-24 06:00:00,0.259,0.168,0.085,0.085,0.118,0.252
2012-10-24 07:00:00,0.252,0.2,0.077,0.077,0.133,0.221
2012-10-24 08:00:00,0.272,0.257,0.071,0.071,0.11,0.193
2012-10-24 09:00:00,0.289,0.348,0.071,0.071,0.094,0.171
2012-10-24 10:00:00,0.287,0.39,0.085,0.085,0.099,0.143
2012-10-24 11:00:00,0.302,0.308,0.076,0.076,0.115,0.117
2012-10-24 12:00:00,0.275,0.247,0.065,0.065,0.138,0.093
2012-10-24 13:00:00,0.24,0.185,0.06,0.06,0.181,0.066
2012-10-24 14:00:00,0.217,0.13,0.057,0.057,0.196,0.056
2012-10-24 15:00:00,0.226,0.107,0.046,0.046,0.193,0.062
2012-10-24 16:00:00,0.264,0.1,0.038,0.038,0.213,0.08
2012-10-24 17:00:00,0.245,0.107,0.027,0.027,0.204,0.107
2012-10-24 18:00:00,0.216,0.076,0.015,0.015,0.164,0.135
2012-10-24 19:00:00,0.183,0.023,0.006,0.006,0.124,0.147
2012-10-24 20:00:00,0.153,0.001,0.003,0.003,0.101,0.156
2012-10-24 21:00:00,0.116,0.0,0.002,0.002,0.075,0.16
2012-10-24 22:00:00,0.074,0.0,0.002,0.002,0.046,0.167
2012-10-24 23:00:00,0.065,0.002,0.001,0.001,0.031,0.197
2012-10-25 00:00:00,0.038,0.002,0.001,0.001,0.018,0.201
2012-10-25 01:00:00,0.021,0.0,0.0,0.0,0.011,0.207
2012-10-25 02:00:00,0.014,0.0,0.002,0.002,0.007,0.208
2012-10-25 03:00:00,0.015,0.003,0.004,0.004,0.005,0.211
2012-10-25 04:00:00,0.026,0.013,0.008,0.008,0.003,0.218
2012-10-25 05:00:00,0.037,0.039,0.014,0.014,0.002,0.239
2012-10-25 06:00:00,0.047,0.092,0.025,0.025,0.001,0.254
2012-10-25 07:00:00,0.077,0.134,0.036,0.036,0.001,0.277
2012-10-25 08:00:00,0.092,0.169,0.049,0.049,0.002,0.31
2012-10-25 09:00:00,0.09,0.233,0.061,0.061,0.01,0.338
2012-10-25 10:00:00,0.082,0.304,0.055,0.055,0.016,0.341
2012-10-25 11:00:00,0.024,0.338,0.084,0.084,0.024,0.382
2012-10-25 12:00:00,0.005,0.452,0.134,0.134,0.029,0.416
2012-10-25 13:00:00,0.018,0.589,0.15,0.15,0.031,0.423
2012-10-25 14:00:00,0.046,0.627,0.165,0.165,0.038,0.436
2012-10-25 15:00:00,0.093,0.611,0.151,0.151,0.033,0.44
2012-10-25 16:00:00,0.129,0.526,0.164,0.164,0.038,0.437
2012-10-25 17:00:00,0.107,0.483,0.25,0.25,0.073,0.429
2012-10-25 18:00:00,0.112,0.463,0.359,0.359,0.109,0.448
2012-10-25 19:00:00,0.149,0.385,0.411,0.411,0.2,0.45
2012-10-25 20:00:00,0.162,0.364,0.427,0.427,0.291,0.428
2012-10-25 21:00:00,0.166,0.364,0.416,0.416,0.347,0.393
2012-10-25 22:00:00,0.204,0.342,0.347,0.347,0.303,0.361
2012-10-25 23:00:00,0.352,0.299,0.419,0.419,0.372,0.358
2012-10-26 00:00:00,0.381,0.303,0.536,0.536,0.456,0.398
2012-10-26 01:00:00,0.412,0.343,0.648,0.648,0.519,0.465
2012-10-26 02:00:00,0.491,0.42,0.728,0.728,0.634,0.515
2012-10-26 03:00:00,0.545,0.486,0.817,0.817,0.758,0.556
2012-10-26 04:00:00,0.587,0.566,0.897,0.897,0.869,0.61
2012-10-26 05:00:00,0.658,0.745,0.952,0.952,0.909,0.624
2012-10-26 06:00:00,0.709,0.813,0.987,0.987,0.978,0.62
2012-10-26 07:00:00,0.755,0.735,0.991,0.991,0.994,0.633
2012-10-26 08:00:00,0.801,0.651,0.993,0.993,0.998,0.658
2012-10-26 09:00:00,0.832,0.726,0.998,0.998,0.998,0.678
2012-10-26 10:00:00,0.849,0.807,0.997,0.997,0.989,0.691
2012-10-26 11:00:00,0.887,0.77,0.998,0.998,0.996,0.74
2012-10-26 12:00:00,0.898,0.676,0.999,0.999,0.999,0.639
2012-10-26 13:00:00,0.899,0.671,0.997,0.997,0.999,0.503
2012-10-26 14:00:00,0.911,0.495,0.98,0.98,1.0,0.436
2012-10-26 15:00:00,0.927,0.528,0.98,0.98,1.0,0.492
2012-10-26 16:00:00,0.929,0.668,0.986,0.986,1.0,0.654
2012-10-26 17:00:00,0.931,0.672,0.986,0.986,0.999,0.765
2012-10-26 18:00:00,0.938,0.533,0.994,0.994,1.0,0.857
2012-10-26 19:00:00,0.944,0.492,0.996,0.996,1.0,0.893
2012-10-26 20:00:00,0.948,0.629,0.997,0.997,1.0,0.917
2012-10-26 21:00:00,0.949,0.707,0.998,0.998,1.0,0.932
2012-10-26 22:00:00,0.949,0.823,0.997,0.997,0.999,0.929
2012-10-26 23:00:00,0.945,0.818,1.0,1.0,0.995,0.887
2012-10-27 00:00:00,0.938,0.944,1.0,1.0,0.999,0.887
2012-10-27 01:00:00,0.872,0.95,1.0,1.0,0.997,0.873
2012-10-27 02:00:00,0.644,0.95,1.0,1.0,1.0,0.865
2012-10-27 03:00:00,0.404,0.95,0.999,0.999,0.999,0.793
2012-10-27 04:00:00,0.241,0.95,1.0,1.0,0.964,0.803
2012-10-27 05:00:00,0.162,0.95,0.994,0.994,0.86,0.816
2012-10-27 06:00:00,0.149,0.95,0.996,0.996,0.806,0.851
2012-10-27 07:00:00,0.199,0.95,0.985,0.985,0.711,0.888
2012-10-27 08:00:00,0.277,0.95,0.991,0.991,0.756,0.906
2012-10-27 09:00:00,0.349,0.95,0.998,0.998,0.91,0.914
2012-10-27 10:00:00,0.387,0.95,0.992,0.992,0.849,0.918
2012-10-27 11:00:00,0.296,0.95,0.996,0.996,0.919,0.893
2012-10-27 12:00:00,0.366,0.95,0.996,0.996,0.957,0.893
2012-10-27 13:00:00,0.403,0.95,0.998,0.998,0.969,0.835
2012-10-27 14:00:00,0.436,0.95,0.995,0.995,0.966,0.828
2012-10-27 15:00:00,0.45,0.95,0.991,0.991,0.966,0.831
2012-10-27 16:00:00,0.413,0.95,0.991,0.991,0.955,0.786
2012-10-27 17:00:00,0.414,0.95,0.958,0.958,0.881,0.743
2012-10-27 18:00:00,0.437,0.947,0.863,0.863,0.769,0.679
2012-10-27 19:00:00,0.43,0.934,0.825,0.825,0.61,0.596
2012-10-27 20:00:00,0.355,0.907,0.768,0.768,0.463,0.521
2012-10-27 21:00:00,0.289,0.848,0.61,0.61,0.366,0.429
2012-10-27 22:00:00,0.296,0.767,0.33,0.33,0.295,0.345
2012-10-27 23:00:00,0.28,0.708,0.233,0.233,0.197,0.269
2012-10-28 00:00:00,0.304,0.481,0.14,0.14,0.098,0.199
2012-10-28 01:00:00,0.379,0.248,0.075,0.075,0.039,0.175
2012-10-28 02:00:00,0.376,0.158,0.044,0.044,0.017,0.217
2012-10-28 03:00:00,0.304,0.105,0.019,0.019,0.008,0.254
2012-10-28 04:00:00,0.259,0.091,0.008,0.008,0.004,0.253
2012-10-28 05:00:00,0.237,0.093,0.004,0.004,0.003,0.249
2012-10-28 06:00:00,0.236,0.079,0.004,0.004,0.009,0.245
2012-10-28 07:00:00,0.264,0.051,0.006,0.006,0.015,0.238
2012-10-28 08:00:00,0.292,0.014,0.005,0.005,0.015,0.225
2012-10-28 09:00:00,0.304,0.002,0.004,0.004,0.013,0.195
2012-10-28 10:00:00,0.322,0.0,0.007,0.007,0.019,0.15
2012-10-28 11:00:00,0.271,0.0,0.018,0.018,0.079,0.099
2012-10-28 12:00:00,0.313,0.0,0.043,0.043,0.184,0.109
2012-10-28 13:00:00,0.37,0.0,0.046,0.046,0.206,0.121
2012-10-28 14:00:00,0.449,0.005,0.083,0.083,0.247,0.1
2012-10-28 15:00:00,0.49,0.006,0.174,0.174,0.27,0.079
2012-10-28 16:00:00,0.538,0.018,0.259,0.259,0.285,0.095
2012-10-28 17:00:00,0.582,0.043,0.265,0.265,0.276,0.137
2012-10-28 18:00:00,0.578,0.067,0.276,0.276,0.285,0.159
2012-10-28 19:00:00,0.538,0.072,0.277,0.277,0.278,0.158
2012-10-28 20:00:00,0.457,0.064,0.254,0.254,0.253,0.143
2012-10-28 21:00:00,0.378,0.065,0.184,0.184,0.219,0.132
2012-10-28 22:00:00,0.309,0.056,0.209,0.209,0.174,0.115
2012-10-28 23:00:00,0.275,0.053,0.163,0.163,0.207,0.145
2012-10-29 00:00:00,0.269,0.049,0.137,0.137,0.247,0.167
2012-10-29 01:00:00,0.224,0.074,0.11,0.11,0.228,0.216
2012-10-29 02:00:00,0.174,0.113,0.094,0.094,0.24,0.226
2012-10-29 03:00:00,0.137,0.094,0.111,0.111,0.28,0.2
2012-10-29 04:00:00,0.092,0.082,0.113,0.113,0.31,0.197
2012-10-29 05:00:00,0.05,0.074,0.101,0.101,0.353,0.205
2012-10-29 06:00:00,0.023,0.049,0.118,0.118,0.428,0.218
2012-10-29 07:00:00,0.017,0.022,0.144,0.144,0.419,0.247
2012-10-29 08:00:00,0.021,0.011,0.161,0.161,0.316,0.269
2012-10-29 09:00:00,0.044,0.004,0.151,0.151,0.219,0.251
2012-10-29 10:00:00,0.093,0.003,0.128,0.128,0.085,0.199
2012-10-29 11:00:00,0.119,0.041,0.119,0.119,0.059,0.118
2012-10-29 12:00:00,0.205,0.079,0.125,0.125,0.052,0.093
2012-10-29 13:00:00,0.333,0.127,0.129,0.129,0.048,0.082
2012-10-29 14:00:00,0.482,0.181,0.121,0.121,0.044,0.074
2012-10-29 15:00:00,0.615,0.223,0.107,0.107,0.029,0.063
2012-10-29 16:00:00,0.729,0.246,0.078,0.078,0.016,0.056
2012-10-29 17:00:00,0.804,0.228,0.053,0.053,0.009,0.052
2012-10-29 18:00:00,0.834,0.184,0.039,0.039,0.005,0.047
2012-10-29 19:00:00,0.848,0.161,0.028,0.028,0.002,0.043
2012-10-29 20:00:00,0.855,0.153,0.018,0.018,0.001,0.043
2012-10-29 21:00:00,0.859,0.149,0.012,0.012,0.002,0.047
2012-10-29 22:00:00,0.863,0.137,0.016,0.016,0.009,0.061
2012-10-29 23:00:00,0.879,0.16,0.009,0.009,0.022,0.12
2012-10-30 00:00:00,0.89,0.115,0.006,0.006,0.049,0.135
2012-10-30 01:00:00,0.89,0.054,0.008,0.008,0.076,0.15
2012-10-30 02:00:00,0.891,0.024,0.016,0.016,0.109,0.162
2012-10-30 03:00:00,0.893,0.004,0.028,0.028,0.133,0.184
2012-10-30 04:00:00,0.882,0.0,0.072,0.072,0.232,0.225
2012-10-30 05:00:00,0.886,0.0,0.161,0.161,0.344,0.287
2012-10-30 06:00:00,0.899,0.002,0.212,0.212,0.419,0.393
2012-10-30 07:00:00,0.893,0.021,0.283,0.283,0.523,0.49
2012-10-30 08:00:00,0.874,0.051,0.381,0.381,0.624,0.587
2012-10-30 09:00:00,0.855,0.122,0.448,0.448,0.74,0.717
2012-10-30 10:00:00,0.846,0.223,0.6,0.6,0.869,0.831
2012-10-30 11:00:00,0.829,0.426,0.6,0.6,0.897,0.902
2012-10-30 12:00:00,0.844,0.544,0.557,0.557,0.883,0.938
2012-10-30 13:00:00,0.841,0.627,0.535,0.535,0.887,0.946
2012-10-30 14:00:00,0.841,0.669,0.58,0.58,0.936,0.946
2012-10-30 15:00:00,0.821,0.724,0.639,0.639,0.964,0.946
2012-10-30 16:00:00,0.745,0.761,0.718,0.718,0.982,0.949
2012-10-30 17:00:00,0.635,0.744,0.802,0.802,0.991,0.949
2012-10-30 18:00:00,0.556,0.742,0.886,0.886,0.995,0.95
2012-10-30 19:00:00,0.583,0.792,0.896,0.896,0.995,0.949
2012-10-30 20:00:00,0.609,0.868,0.899,0.899,0.994,0.947
2012-10-30 21:00:00,0.565,0.923,0.892,0.892,0.989,0.944
2012-10-30 22:00:00,0.457,0.932,0.865,0.865,0.978,0.941
2012-10-30 23:00:00,0.379,0.899,0.893,0.893,0.976,0.917
2012-10-31 00:00:00,0.344,0.852,0.908,0.908,0.975,0.911
2012-10-31 01:00:00,0.355,0.878,0.913,0.913,0.975,0.9
2012-10-31 02:00:00,0.361,0.882,0.916,0.916,0.976,0.883
2012-10-31 03:00:00,0.323,0.85,0.925,0.925,0.974,0.875
2012-10-31 04:00:00,0.274,0.796,0.934,0.934,0.966,0.847
2012-10-31 05:00:00,0.237,0.749,0.924,0.924,0.935,0.801
2012-10-31 06:00:00,0.217,0.733,0.905,0.905,0.929,0.784
2012-10-31 07:00:00,0.2,0.686,0.875,0.875,0.932,0.782
2012-10-31 08:00:00,0.162,0.637,0.878,0.878,0.893,0.781
2012-10-31 09:00:00,0.116,0.651,0.851,0.851,0.846,0.782
2012-10-31 10:00:00,0.062,0.677,0.733,0.733,0.795,0.778
2012-10-31 11:00:00,0.058,0.695,0.642,0.642,0.755,0.734
2012-10-31 12:00:00,0.055,0.596,0.545,0.545,0.52,0.701
2012-10-31 13:00:00,0.08,0.535,0.535,0.535,0.257,0.598
2012-10-31 14:00:00,0.118,0.494,0.567,0.567,0.137,0.482
2012-10-31 15:00:00,0.192,0.486,0.55,0.55,0.1,0.401
2012-10-31 16:00:00,0.274,0.586,0.512,0.512,0.102,0.347
2012-10-31 17:00:00,0.352,0.6,0.464,0.464,0.14,0.288
2012-10-31 18:00:00,0.443,0.54,0.443,0.443,0.143,0.258
2012-10-31 19:00:00,0.537,0.548,0.339,0.339,0.127,0.25
2012-10-31 20:00:00,0.632,0.573,0.218,0.218,0.123,0.217
2012-10-31 21:00:00,0.687,0.557,0.185,0.185,0.153,0.171
2012-10-31 22:00:00,0.745,0.418,0.203,0.203,0.133,0.154
2012-10-31 23:00:00,0.686,0.267,0.174,0.174,0.143,0.169
2012-11-01 00:00:00,0.775,0.244,0.135,0.135,0.228,0.148
2012-11-01 01:00:00,0.837,0.323,0.121,0.121,0.23,0.134
2012-11-01 02:00:00,0.86,0.372,0.132,0.132,0.199,0.151
2012-11-01 03:00:00,0.868,0.328,0.171,0.171,0.262,0.159
2012-11-01 04:00:00,0.872,0.279,0.204,0.204,0.33,0.162
2012-11-01 05:00:00,0.876,0.239,0.267,0.267,0.471,0.17
2012-11-01 06:00:00,0.884,0.166,0.377,0.377,0.554,0.211
2012-11-01 07:00:00,0.891,0.162,0.555,0.555,0.682,0.249
2012-11-01 08:00:00,0.903,0.176,0.639,0.639,0.778,0.311
2012-11-01 09:00:00,0.915,0.197,0.626,0.626,0.728,0.398
2012-11-01 10:00:00,0.918,0.283,0.652,0.652,0.779,0.527
2012-11-01 11:00:00,0.928,0.416,0.662,0.662,0.741,0.661
2012-11-01 12:00:00,0.928,0.465,0.587,0.587,0.713,0.673
2012-11-01 13:00:00,0.925,0.54,0.487,0.487,0.652,0.65
2012-11-01 14:00:00,0.919,0.589,0.429,0.429,0.746,0.619
2012-11-01 15:00:00,0.925,0.557,0.491,0.491,0.874,0.595
2012-11-01 16:00:00,0.93,0.486,0.683,0.683,0.9,0.622
2012-11-01 17:00:00,0.931,0.475,0.77,0.77,0.821,0.696
2012-11-01 18:00:00,0.93,0.623,0.732,0.732,0.751,0.765
2012-11-01 19:00:00,0.924,0.791,0.692,0.692,0.754,0.798
2012-11-01 20:00:00,0.914,0.837,0.677,0.677,0.79,0.8
2012-11-01 21:00:00,0.917,0.847,0.737,0.737,0.818,0.816
2012-11-01 22:00:00,0.921,0.889,0.857,0.857,0.911,0.834
2012-11-01 23:00:00,0.934,0.941,0.829,0.829,0.871,0.874
2012-11-02 00:00:00,0.933,0.929,0.79,0.79,0.819,0.882
2012-11-02 01:00:00,0.924,0.906,0.806,0.806,0.843,0.88
2012-11-02 02:00:00,0.924,0.886,0.865,0.865,0.838,0.871
2012-11-02 03:00:00,0.927,0.922,0.92,0.92,0.828,0.877
2012-11-02 04:00:00,0.927,0.944,0.924,0.924,0.822,0.905
2012-11-02 05:00:00,0.924,0.949,0.933,0.933,0.885,0.905
2012-11-02 06:00:00,0.93,0.95,0.953,0.953,0.926,0.901
2012-11-02 07:00:00,0.941,0.95,0.972,0.972,0.953,0.92
2012-11-02 08:00:00,0.942,0.95,0.984,0.984,0.976,0.932
2012-11-02 09:00:00,0.943,0.95,0.991,0.991,0.977,0.931
2012-11-02 10:00:00,0.943,0.95,0.982,0.982,0.977,0.94
2012-11-02 11:00:00,0.939,0.95,0.981,0.981,0.956,0.926
2012-11-02 12:00:00,0.942,0.95,0.989,0.989,0.953,0.931
2012-11-02 13:00:00,0.945,0.95,0.993,0.993,0.929,0.933
2012-11-02 14:00:00,0.945,0.95,0.998,0.998,0.944,0.938
2012-11-02 15:00:00,0.942,0.95,0.997,0.997,0.968,0.921
2012-11-02 16:00:00,0.942,0.95,0.996,0.996,0.985,0.91
2012-11-02 17:00:00,0.925,0.95,0.992,0.992,0.985,0.908
2012-11-02 18:00:00,0.842,0.95,0.977,0.977,0.988,0.896
2012-11-02 19:00:00,0.73,0.95,0.963,0.963,0.978,0.889
2012-11-02 20:00:00,0.666,0.95,0.946,0.946,0.936,0.886
2012-11-02 21:00:00,0.653,0.95,0.94,0.94,0.887,0.898
2012-11-02 22:00:00,0.652,0.95,0.987,0.987,0.94,0.918
2012-11-02 23:00:00,0.622,0.95,0.965,0.965,0.909,0.91
2012-11-03 00:00:00,0.568,0.95,0.889,0.889,0.907,0.917
2012-11-03 01:00:00,0.616,0.95,0.861,0.861,0.91,0.938
2012-11-03 02:00:00,0.724,0.95,0.846,0.846,0.862,0.911
2012-11-03 03:00:00,0.742,0.95,0.829,0.829,0.83,0.866
2012-11-03 04:00:00,0.822,0.948,0.859,0.859,0.786,0.912
2012-11-03 05:00:00,0.883,0.882,0.8,0.8,0.794,0.934
2012-11-03 06:00:00,0.886,0.891,0.741,0.741,0.84,0.925
2012-11-03 07:00:00,0.906,0.872,0.734,0.734,0.84,0.902
2012-11-03 08:00:00,0.919,0.644,0.779,0.779,0.792,0.869
2012-11-03 09:00:00,0.924,0.585,0.731,0.731,0.734,0.868
2012-11-03 10:00:00,0.937,0.526,0.558,0.558,0.716,0.878
2012-11-03 11:00:00,0.937,0.469,0.621,0.621,0.632,0.773
2012-11-03 12:00:00,0.926,0.347,0.529,0.529,0.697,0.745
2012-11-03 13:00:00,0.897,0.318,0.389,0.389,0.893,0.715
2012-11-03 14:00:00,0.901,0.376,0.548,0.548,0.821,0.704
2012-11-03 15:00:00,0.909,0.479,0.66,0.66,0.789,0.753
2012-11-03 16:00:00,0.897,0.502,0.554,0.554,0.708,0.773
2012-11-03 17:00:00,0.864,0.556,0.586,0.586,0.719,0.725
2012-11-03 18:00:00,0.876,0.511,0.618,0.618,0.712,0.68
2012-11-03 19:00:00,0.887,0.412,0.586,0.586,0.702,0.649
2012-11-03 20:00:00,0.755,0.349,0.495,0.495,0.655,0.607
2012-11-03 21:00:00,0.696,0.342,0.453,0.453,0.65,0.498
2012-11-03 22:00:00,0.68,0.299,0.467,0.467,0.613,0.426
2012-11-03 23:00:00,0.75,0.339,0.438,0.438,0.604,0.407
2012-11-04 00:00:00,0.718,0.263,0.465,0.465,0.619,0.366
2012-11-04 01:00:00,0.769,0.194,0.508,0.508,0.448,0.331
2012-11-04 02:00:00,0.852,0.131,0.349,0.349,0.426,0.378
2012-11-04 03:00:00,0.869,0.173,0.404,0.404,0.553,0.352
2012-11-04 04:00:00,0.893,0.248,0.554,0.554,0.365,0.307
2012-11-04 05:00:00,0.88,0.234,0.576,0.576,0.238,0.327
2012-11-04 06:00:00,0.855,0.342,0.494,0.494,0.237,0.357
2012-11-04 07:00:00,0.801,0.514,0.477,0.477,0.387,0.314
2012-11-04 08:00:00,0.7,0.585,0.499,0.499,0.741,0.229
2012-11-04 09:00:00,0.623,0.518,0.413,0.413,0.964,0.213
2012-11-04 10:00:00,0.575,0.738,0.317,0.317,0.992,0.235
2012-11-04 11:00:00,0.499,0.626,0.57,0.57,0.973,0.202
2012-11-04 12:00:00,0.405,0.458,0.838,0.838,0.804,0.188
2012-11-04 13:00:00,0.41,0.277,0.934,0.934,0.482,0.154
2012-11-04 14:00:00,0.434,0.17,0.891,0.891,0.445,0.183
2012-11-04 15:00:00,0.428,0.189,0.891,0.891,0.422,0.226
2012-11-04 16:00:00,0.413,0.208,0.807,0.807,0.295,0.281
2012-11-04 17:00:00,0.351,0.346,0.557,0.557,0.334,0.264
2012-11-04 18:00:00,0.277,0.431,0.444,0.444,0.255,0.21
2012-11-04 19:00:00,0.263,0.431,0.206,0.206,0.222,0.174
2012-11-04 20:00:00,0.282,0.422,0.108,0.108,0.252,0.153
2012-11-04 21:00:00,0.315,0.492,0.152,0.152,0.299,0.09
2012-11-04 22:00:00,0.398,0.316,0.171,0.171,0.19,0.061
2012-11-04 23:00:00,0.492,0.359,0.192,0.192,0.243,0.065
2012-11-05 00:00:00,0.612,0.246,0.347,0.347,0.389,0.068
2012-11-05 01:00:00,0.723,0.096,0.262,0.262,0.703,0.074
2012-11-05 02:00:00,0.816,0.051,0.36,0.36,0.957,0.088
2012-11-05 03:00:00,0.874,0.033,0.571,0.571,0.99,0.111
2012-11-05 04:00:00,0.816,0.018,0.882,0.882,0.992,0.166
2012-11-05 05:00:00,0.764,0.016,0.991,0.991,0.992,0.266
2012-11-05 06:00:00,0.678,0.024,0.994,0.994,0.986,0.349
2012-11-05 07:00:00,0.556,0.059,0.989,0.989,0.967,0.395
2012-11-05 08:00:00,0.472,0.123,0.993,0.993,0.954,0.498
2012-11-05 09:00:00,0.388,0.212,0.995,0.995,0.924,0.554
2012-11-05 10:00:00,0.272,0.543,0.997,0.997,0.903,0.592
2012-11-05 11:00:00,0.151,0.579,0.993,0.993,0.749,0.614
2012-11-05 12:00:00,0.123,0.871,0.978,0.978,0.518,0.631
2012-11-05 13:00:00,0.101,0.932,0.893,0.893,0.293,0.609
2012-11-05 14:00:00,0.085,0.941,0.55,0.55,0.178,0.588
2012-11-05 15:00:00,0.062,0.947,0.321,0.321,0.142,0.515
2012-11-05 16:00:00,0.078,0.926,0.234,0.234,0.111,0.397
2012-11-05 17:00:00,0.125,0.862,0.139,0.139,0.278,0.28
2012-11-05 18:00:00,0.173,0.682,0.153,0.153,0.355,0.203
2012-11-05 19:00:00,0.178,0.484,0.184,0.184,0.404,0.134
2012-11-05 20:00:00,0.164,0.249,0.134,0.134,0.44,0.123
2012-11-05 21:00:00,0.161,0.122,0.107,0.107,0.381,0.138
2012-11-05 22:00:00,0.15,0.085,0.091,0.091,0.269,0.142
2012-11-05 23:00:00,0.151,0.17,0.194,0.194,0.23,0.162
2012-11-06 00:00:00,0.158,0.139,0.362,0.362,0.315,0.134
2012-11-06 01:00:00,0.178,0.053,0.538,0.538,0.49,0.157
2012-11-06 02:00:00,0.209,0.182,0.889,0.889,0.425,0.215
2012-11-06 03:00:00,0.265,0.438,0.846,0.846,0.154,0.368
2012-11-06 04:00:00,0.307,0.715,0.82,0.82,0.161,0.435
2012-11-06 05:00:00,0.304,0.863,0.344,0.344,0.582,0.462
2012-11-06 06:00:00,0.296,0.93,0.126,0.126,0.903,0.46
2012-11-06 07:00:00,0.324,0.937,0.413,0.413,0.924,0.376
2012-11-06 08:00:00,0.333,0.939,0.625,0.625,0.851,0.303
2012-11-06 09:00:00,0.319,0.854,0.604,0.604,0.797,0.291
2012-11-06 10:00:00,0.305,0.416,0.632,0.632,0.782,0.343
2012-11-06 11:00:00,0.288,0.088,0.704,0.704,0.884,0.313
2012-11-06 12:00:00,0.297,0.015,0.8,0.8,0.863,0.234
2012-11-06 13:00:00,0.262,0.033,0.725,0.725,0.814,0.171
2012-11-06 14:00:00,0.218,0.076,0.595,0.595,0.721,0.144
2012-11-06 15:00:00,0.181,0.116,0.334,0.334,0.649,0.144
2012-11-06 16:00:00,0.158,0.145,0.164,0.164,0.585,0.157
2012-11-06 17:00:00,0.172,0.199,0.075,0.075,0.532,0.176
2012-11-06 18:00:00,0.242,0.254,0.03,0.03,0.523,0.179
2012-11-06 19:00:00,0.378,0.256,0.016,0.016,0.491,0.172
2012-11-06 20:00:00,0.533,0.218,0.02,0.02,0.392,0.176
2012-11-06 21:00:00,0.596,0.196,0.024,0.024,0.249,0.198
2012-11-06 22:00:00,0.576,0.189,0.046,0.046,0.127,0.233
2012-11-06 23:00:00,0.537,0.258,0.058,0.058,0.261,0.301
2012-11-07 00:00:00,0.572,0.353,0.128,0.128,0.499,0.432
2012-11-07 01:00:00,0.563,0.418,0.294,0.294,0.747,0.497
2012-11-07 02:00:00,0.554,0.408,0.484,0.484,0.848,0.496
2012-11-07 03:00:00,0.541,0.477,0.623,0.623,0.881,0.517
2012-11-07 04:00:00,0.487,0.548,0.751,0.751,0.9,0.571
2012-11-07 05:00:00,0.461,0.647,0.856,0.856,0.82,0.585
2012-11-07 06:00:00,0.456,0.734,0.817,0.817,0.725,0.542
2012-11-07 07:00:00,0.441,0.793,0.746,0.746,0.684,0.472
2012-11-07 08:00:00,0.481,0.844,0.681,0.681,0.605,0.41
2012-11-07 09:00:00,0.589,0.855,0.662,0.662,0.571,0.379
2012-11-07 10:00:00,0.681,0.841,0.689,0.689,0.595,0.403
2012-11-07 11:00:00,0.839,0.898,0.724,0.724,0.71,0.492
2012-11-07 12:00:00,0.895,0.878,0.737,0.737,0.791,0.502
2012-11-07 13:00:00,0.91,0.829,0.837,0.837,0.851,0.55
2012-11-07 14:00:00,0.935,0.805,0.902,0.902,0.953,0.604
2012-11-07 15:00:00,0.94,0.785,0.941,0.941,0.984,0.593
2012-11-07 16:00:00,0.946,0.775,0.967,0.967,0.991,0.652
2012-11-07 17:00:00,0.949,0.803,0.972,0.972,0.997,0.723
2012-11-07 18:00:00,0.95,0.859,0.975,0.975,0.999,0.801
2012-11-07 19:00:00,0.95,0.886,0.997,0.997,1.0,0.855
2012-11-07 20:00:00,0.949,0.911,1.0,1.0,1.0,0.89
2012-11-07 21:00:00,0.948,0.942,1.0,1.0,1.0,0.902
2012-11-07 22:00:00,0.947,0.934,1.0,1.0,0.999,0.926
2012-11-07 23:00:00,0.948,0.949,1.0,1.0,1.0,0.936
2012-11-08 00:00:00,0.948,0.949,0.998,0.998,0.994,0.928
2012-11-08 01:00:00,0.949,0.95,0.993,0.993,0.986,0.921
2012-11-08 02:00:00,0.949,0.95,0.995,0.995,0.999,0.924
2012-11-08 03:00:00,0.949,0.95,0.998,0.998,1.0,0.918
2012-11-08 04:00:00,0.948,0.95,1.0,1.0,1.0,0.91
2012-11-08 05:00:00,0.938,0.948,1.0,1.0,1.0,0.904
2012-11-08 06:00:00,0.902,0.936,0.999,0.999,1.0,0.892
2012-11-08 07:00:00,0.868,0.947,0.997,0.997,1.0,0.869
2012-11-08 08:00:00,0.892,0.921,0.997,0.997,0.999,0.827
2012-11-08 09:00:00,0.899,0.902,0.996,0.996,0.999,0.811
2012-11-08 10:00:00,0.91,0.916,0.993,0.993,0.999,0.804
2012-11-08 11:00:00,0.898,0.911,0.98,0.98,0.993,0.845
2012-11-08 12:00:00,0.894,0.903,0.955,0.955,0.996,0.823
2012-11-08 13:00:00,0.923,0.92,0.947,0.947,0.998,0.79
2012-11-08 14:00:00,0.938,0.929,0.976,0.976,0.997,0.819
2012-11-08 15:00:00,0.946,0.925,0.987,0.987,0.997,0.848
2012-11-08 16:00:00,0.947,0.911,0.998,0.998,0.998,0.858
2012-11-08 17:00:00,0.948,0.889,1.0,1.0,0.994,0.901
2012-11-08 18:00:00,0.949,0.931,1.0,1.0,0.999,0.923
2012-11-08 19:00:00,0.949,0.945,1.0,1.0,1.0,0.926
2012-11-08 20:00:00,0.949,0.948,1.0,1.0,1.0,0.922
2012-11-08 21:00:00,0.949,0.95,1.0,1.0,1.0,0.919
2012-11-08 22:00:00,0.949,0.95,1.0,1.0,1.0,0.918
2012-11-08 23:00:00,0.949,0.95,1.0,1.0,1.0,0.913
2012-11-09 00:00:00,0.949,0.95,1.0,1.0,1.0,0.921
2012-11-09 01:00:00,0.949,0.95,0.999,0.999,1.0,0.916
2012-11-09 02:00:00,0.949,0.95,1.0,1.0,1.0,0.908
2012-11-09 03:00:00,0.949,0.95,0.998,0.998,1.0,0.889
2012-11-09 04:00:00,0.95,0.95,1.0,1.0,1.0,0.855
2012-11-09 05:00:00,0.95,0.95,1.0,1.0,1.0,0.833
2012-11-09 06:00:00,0.95,0.95,1.0,1.0,1.0,0.824
2012-11-09 07:00:00,0.95,0.95,1.0,1.0,1.0,0.817
2012-11-09 08:00:00,0.95,0.95,1.0,1.0,1.0,0.805
2012-11-09 09:00:00,0.95,0.95,1.0,1.0,1.0,0.797
2012-11-09 10:00:00,0.95,0.95,1.0,1.0,0.999,0.798
2012-11-09 11:00:00,0.947,0.95,1.0,1.0,0.999,0.787
2012-11-09 12:00:00,0.94,0.95,1.0,1.0,0.999,0.785
2012-11-09 13:00:00,0.915,0.95,1.0,1.0,1.0,0.751
2012-11-09 14:00:00,0.887,0.95,1.0,1.0,1.0,0.758
2012-11-09 15:00:00,0.88,0.95,1.0,1.0,1.0,0.766
2012-11-09 16:00:00,0.874,0.95,1.0,1.0,1.0,0.751
2012-11-09 17:00:00,0.868,0.95,1.0,1.0,0.999,0.735
2012-11-09 18:00:00,0.839,0.946,1.0,1.0,1.0,0.727
2012-11-09 19:00:00,0.838,0.945,1.0,1.0,0.999,0.718
2012-11-09 20:00:00,0.823,0.945,0.995,0.995,0.996,0.688
2012-11-09 21:00:00,0.687,0.937,0.962,0.962,0.99,0.654
2012-11-09 22:00:00,0.594,0.903,0.911,0.911,0.973,0.621
2012-11-09 23:00:00,0.607,0.938,0.79,0.79,0.935,0.63
2012-11-10 00:00:00,0.501,0.91,0.722,0.722,0.907,0.564
2012-11-10 01:00:00,0.406,0.83,0.696,0.696,0.898,0.496
2012-11-10 02:00:00,0.36,0.663,0.665,0.665,0.871,0.447
2012-11-10 03:00:00,0.349,0.486,0.617,0.617,0.868,0.375
2012-11-10 04:00:00,0.372,0.391,0.508,0.508,0.84,0.306
2012-11-10 05:00:00,0.35,0.356,0.336,0.336,0.829,0.236
2012-11-10 06:00:00,0.359,0.335,0.225,0.225,0.82,0.17
2012-11-10 07:00:00,0.408,0.292,0.134,0.134,0.717,0.118
2012-11-10 08:00:00,0.465,0.212,0.062,0.062,0.674,0.072
2012-11-10 09:00:00,0.592,0.137,0.031,0.031,0.688,0.036
2012-11-10 10:00:00,0.698,0.074,0.024,0.024,0.53,0.022
2012-11-10 11:00:00,0.643,0.06,0.024,0.024,0.535,0.026
2012-11-10 12:00:00,0.736,0.045,0.021,0.021,0.425,0.019
2012-11-10 13:00:00,0.821,0.022,0.02,0.02,0.291,0.019
2012-11-10 14:00:00,0.833,0.002,0.028,0.028,0.224,0.025
2012-11-10 15:00:00,0.835,0.0,0.042,0.042,0.223,0.042
2012-11-10 16:00:00,0.834,0.0,0.063,0.063,0.249,0.083
2012-11-10 17:00:00,0.849,0.0,0.08,0.08,0.327,0.119
2012-11-10 18:00:00,0.872,0.0,0.104,0.104,0.37,0.161
2012-11-10 19:00:00,0.877,0.001,0.136,0.136,0.339,0.216
2012-11-10 20:00:00,0.878,0.033,0.189,0.189,0.329,0.285
2012-11-10 21:00:00,0.866,0.112,0.238,0.238,0.368,0.343
2012-11-10 22:00:00,0.842,0.218,0.336,0.336,0.417,0.37
2012-11-10 23:00:00,0.841,0.32,0.45,0.45,0.493,0.413
2012-11-11 00:00:00,0.846,0.387,0.476,0.476,0.55,0.481
2012-11-11 01:00:00,0.848,0.383,0.533,0.533,0.603,0.559
2012-11-11 02:00:00,0.839,0.369,0.606,0.606,0.662,0.633
2012-11-11 03:00:00,0.851,0.375,0.616,0.616,0.728,0.712
2012-11-11 04:00:00,0.839,0.501,0.6,0.6,0.794,0.746
2012-11-11 05:00:00,0.819,0.539,0.648,0.648,0.84,0.79
2012-11-11 06:00:00,0.795,0.679,0.747,0.747,0.835,0.838
2012-11-11 07:00:00,0.781,0.803,0.803,0.803,0.863,0.862
2012-11-11 08:00:00,0.794,0.869,0.861,0.861,0.867,0.871
2012-11-11 09:00:00,0.804,0.903,0.9,0.9,0.865,0.876
2012-11-11 10:00:00,0.797,0.929,0.921,0.921,0.813,0.859
2012-11-11 11:00:00,0.709,0.94,0.862,0.862,0.691,0.852
2012-11-11 12:00:00,0.65,0.945,0.816,0.816,0.649,0.829
2012-11-11 13:00:00,0.603,0.949,0.805,0.805,0.6,0.799
2012-11-11 14:00:00,0.517,0.95,0.788,0.788,0.601,0.786
2012-11-11 15:00:00,0.419,0.95,0.777,0.777,0.728,0.769
2012-11-11 16:00:00,0.456,0.95,0.752,0.752,0.803,0.748
2012-11-11 17:00:00,0.588,0.95,0.724,0.724,0.767,0.717
2012-11-11 18:00:00,0.659,0.95,0.704,0.704,0.741,0.717
2012-11-11 19:00:00,0.649,0.95,0.651,0.651,0.643,0.72
2012-11-11 20:00:00,0.662,0.95,0.578,0.578,0.571,0.672
2012-11-11 21:00:00,0.62,0.95,0.516,0.516,0.495,0.643
2012-11-11 22:00:00,0.617,0.949,0.432,0.432,0.657,0.64
2012-11-11 23:00:00,0.656,0.948,0.502,0.502,0.596,0.617
2012-11-12 00:00:00,0.542,0.948,0.501,0.501,0.684,0.645
2012-11-12 01:00:00,0.435,0.945,0.491,0.491,0.671,0.599
2012-11-12 02:00:00,0.364,0.932,0.549,0.549,0.708,0.584
2012-11-12 03:00:00,0.417,0.943,0.562,0.562,0.681,0.593
2012-11-12 04:00:00,0.712,0.941,0.592,0.592,0.758,0.583
2012-11-12 05:00:00,0.813,0.918,0.605,0.605,0.737,0.583
2012-11-12 06:00:00,0.708,0.841,0.613,0.613,0.795,0.629
2012-11-12 07:00:00,0.719,0.864,0.699,0.699,0.804,0.627
2012-11-12 08:00:00,0.732,0.758,0.513,0.513,0.813,0.696
2012-11-12 09:00:00,0.74,0.887,0.483,0.483,0.844,0.694
2012-11-12 10:00:00,0.77,0.745,0.542,0.542,0.802,0.702
2012-11-12 11:00:00,0.769,0.704,0.596,0.596,0.76,0.772
2012-11-12 12:00:00,0.768,0.77,0.635,0.635,0.755,0.772
2012-11-12 13:00:00,0.772,0.702,0.744,0.744,0.683,0.782
2012-11-12 14:00:00,0.766,0.667,0.751,0.751,0.682,0.799
2012-11-12 15:00:00,0.782,0.793,0.788,0.788,0.704,0.81
2012-11-12 16:00:00,0.771,0.775,0.9,0.9,0.57,0.826
2012-11-12 17:00:00,0.728,0.7,0.952,0.952,0.437,0.842
2012-11-12 18:00:00,0.662,0.735,0.909,0.909,0.374,0.838
2012-11-12 19:00:00,0.596,0.825,0.714,0.714,0.481,0.812
2012-11-12 20:00:00,0.598,0.823,0.58,0.58,0.646,0.784
2012-11-12 21:00:00,0.64,0.628,0.609,0.609,0.7,0.821
2012-11-12 22:00:00,0.601,0.599,0.71,0.71,0.765,0.851
2012-11-12 23:00:00,0.606,0.632,0.825,0.825,0.719,0.857
2012-11-13 00:00:00,0.638,0.688,0.846,0.846,0.789,0.857
2012-11-13 01:00:00,0.616,0.776,0.895,0.895,0.81,0.867
2012-11-13 02:00:00,0.589,0.9,0.905,0.905,0.804,0.876
2012-11-13 03:00:00,0.593,0.941,0.934,0.934,0.821,0.872
2012-11-13 04:00:00,0.59,0.945,0.946,0.946,0.832,0.864
2012-11-13 05:00:00,0.529,0.95,0.946,0.946,0.873,0.862
2012-11-13 06:00:00,0.441,0.95,0.946,0.946,0.906,0.86
2012-11-13 07:00:00,0.377,0.95,0.955,0.955,0.92,0.858
2012-11-13 08:00:00,0.327,0.95,0.968,0.968,0.882,0.855
2012-11-13 09:00:00,0.282,0.95,0.973,0.973,0.86,0.854
2012-11-13 10:00:00,0.263,0.95,0.973,0.973,0.903,0.847
2012-11-13 11:00:00,0.281,0.95,0.966,0.966,0.933,0.856
2012-11-13 12:00:00,0.303,0.95,0.963,0.963,0.905,0.859
2012-11-13 13:00:00,0.306,0.948,0.97,0.97,0.87,0.844
2012-11-13 14:00:00,0.318,0.949,0.966,0.966,0.803,0.832
2012-11-13 15:00:00,0.316,0.95,0.957,0.957,0.8,0.825
2012-11-13 16:00:00,0.312,0.95,0.952,0.952,0.844,0.805
2012-11-13 17:00:00,0.335,0.949,0.965,0.965,0.864,0.799
2012-11-13 18:00:00,0.382,0.949,0.961,0.961,0.863,0.796
2012-11-13 19:00:00,0.431,0.949,0.944,0.944,0.838,0.787
2012-11-13 20:00:00,0.498,0.947,0.905,0.905,0.799,0.763
2012-11-13 21:00:00,0.567,0.943,0.853,0.853,0.788,0.722
2012-11-13 22:00:00,0.664,0.911,0.844,0.844,0.747,0.677
2012-11-13 23:00:00,0.687,0.926,0.63,0.63,0.674,0.686
2012-11-14 00:00:00,0.744,0.888,0.449,0.449,0.588,0.593
2012-11-14 01:00:00,0.782,0.794,0.315,0.315,0.518,0.522
2012-11-14 02:00:00,0.816,0.682,0.256,0.256,0.429,0.477
2012-11-14 03:00:00,0.84,0.643,0.253,0.253,0.375,0.456
2012-11-14 04:00:00,0.844,0.626,0.262,0.262,0.325,0.435
2012-11-14 05:00:00,0.832,0.551,0.226,0.226,0.253,0.409
2012-11-14 06:00:00,0.794,0.519,0.176,0.176,0.186,0.388
2012-11-14 07:00:00,0.745,0.498,0.14,0.14,0.163,0.321
2012-11-14 08:00:00,0.719,0.399,0.131,0.131,0.16,0.237
2012-11-14 09:00:00,0.727,0.31,0.153,0.153,0.151,0.188
2012-11-14 10:00:00,0.731,0.32,0.146,0.146,0.118,0.189
2012-11-14 11:00:00,0.701,0.388,0.142,0.142,0.118,0.171
2012-11-14 12:00:00,0.703,0.381,0.13,0.13,0.158,0.178
2012-11-14 13:00:00,0.689,0.297,0.132,0.132,0.199,0.215
2012-11-14 14:00:00,0.676,0.211,0.145,0.145,0.201,0.283
2012-11-14 15:00:00,0.698,0.226,0.161,0.161,0.168,0.317
2012-11-14 16:00:00,0.747,0.318,0.218,0.218,0.159,0.356
2012-11-14 17:00:00,0.797,0.421,0.312,0.312,0.178,0.437
2012-11-14 18:00:00,0.821,0.524,0.371,0.371,0.25,0.481
2012-11-14 19:00:00,0.827,0.507,0.366,0.366,0.339,0.526
2012-11-14 20:00:00,0.817,0.418,0.388,0.388,0.429,0.544
2012-11-14 21:00:00,0.82,0.367,0.396,0.396,0.49,0.567
2012-11-14 22:00:00,0.819,0.449,0.437,0.437,0.583,0.64
2012-11-14 23:00:00,0.813,0.681,0.458,0.458,0.604,0.744
2012-11-15 00:00:00,0.812,0.846,0.429,0.429,0.629,0.764
2012-11-15 01:00:00,0.808,0.858,0.476,0.476,0.65,0.784
2012-11-15 02:00:00,0.786,0.807,0.577,0.577,0.657,0.786
2012-11-15 03:00:00,0.774,0.723,0.628,0.628,0.64,0.801
2012-11-15 04:00:00,0.752,0.775,0.687,0.687,0.65,0.802
2012-11-15 05:00:00,0.721,0.882,0.756,0.756,0.653,0.806
2012-11-15 06:00:00,0.715,0.908,0.791,0.791,0.634,0.817
2012-11-15 07:00:00,0.71,0.908,0.823,0.823,0.655,0.819
2012-11-15 08:00:00,0.688,0.909,0.856,0.856,0.669,0.813
2012-11-15 09:00:00,0.666,0.922,0.892,0.892,0.67,0.809
2012-11-15 10:00:00,0.631,0.938,0.909,0.909,0.698,0.803
2012-11-15 11:00:00,0.601,0.945,0.882,0.882,0.622,0.769
2012-11-15 12:00:00,0.569,0.947,0.852,0.852,0.562,0.734
2012-11-15 13:00:00,0.536,0.948,0.819,0.819,0.529,0.734
2012-11-15 14:00:00,0.499,0.949,0.795,0.795,0.475,0.731
2012-11-15 15:00:00,0.45,0.949,0.755,0.755,0.415,0.684
2012-11-15 16:00:00,0.401,0.949,0.718,0.718,0.403,0.665
2012-11-15 17:00:00,0.379,0.947,0.732,0.732,0.421,0.635
2012-11-15 18:00:00,0.377,0.945,0.759,0.759,0.481,0.623
2012-11-15 19:00:00,0.407,0.944,0.791,0.791,0.552,0.618
2012-11-15 20:00:00,0.441,0.943,0.807,0.807,0.582,0.621
2012-11-15 21:00:00,0.465,0.938,0.835,0.835,0.616,0.623
2012-11-15 22:00:00,0.466,0.934,0.87,0.87,0.656,0.621
2012-11-15 23:00:00,0.463,0.937,0.884,0.884,0.588,0.622
2012-11-16 00:00:00,0.432,0.944,0.855,0.855,0.486,0.641
2012-11-16 01:00:00,0.398,0.947,0.807,0.807,0.432,0.65
2012-11-16 02:00:00,0.356,0.947,0.774,0.774,0.411,0.688
2012-11-16 03:00:00,0.329,0.946,0.774,0.774,0.411,0.727
2012-11-16 04:00:00,0.293,0.947,0.757,0.757,0.359,0.764
2012-11-16 05:00:00,0.242,0.949,0.732,0.732,0.288,0.783
2012-11-16 06:00:00,0.192,0.95,0.702,0.702,0.248,0.807
2012-11-16 07:00:00,0.18,0.949,0.726,0.726,0.263,0.815
2012-11-16 08:00:00,0.164,0.95,0.776,0.776,0.301,0.796
2012-11-16 09:00:00,0.142,0.95,0.791,0.791,0.309,0.779
2012-11-16 10:00:00,0.118,0.95,0.656,0.656,0.249,0.791
2012-11-16 11:00:00,0.077,0.95,0.707,0.707,0.274,0.772
2012-11-16 12:00:00,0.067,0.95,0.774,0.774,0.304,0.77
2012-11-16 13:00:00,0.069,0.95,0.806,0.806,0.314,0.763
2012-11-16 14:00:00,0.079,0.947,0.82,0.82,0.275,0.748
2012-11-16 15:00:00,0.077,0.942,0.816,0.816,0.258,0.709
2012-11-16 16:00:00,0.081,0.884,0.751,0.751,0.25,0.661
2012-11-16 17:00:00,0.091,0.752,0.642,0.642,0.252,0.598
2012-11-16 18:00:00,0.106,0.601,0.531,0.531,0.234,0.501
2012-11-16 19:00:00,0.118,0.479,0.436,0.436,0.212,0.41
2012-11-16 20:00:00,0.126,0.368,0.398,0.398,0.186,0.328
2012-11-16 21:00:00,0.116,0.274,0.36,0.36,0.175,0.234
2012-11-16 22:00:00,0.116,0.206,0.181,0.181,0.109,0.17
2012-11-16 23:00:00,0.134,0.138,0.189,0.189,0.11,0.104
2012-11-17 00:00:00,0.159,0.105,0.195,0.195,0.134,0.09
2012-11-17 01:00:00,0.165,0.109,0.202,0.202,0.155,0.095
2012-11-17 02:00:00,0.166,0.143,0.214,0.214,0.155,0.131
2012-11-17 03:00:00,0.164,0.201,0.234,0.234,0.161,0.174
2012-11-17 04:00:00,0.185,0.296,0.208,0.208,0.145,0.21
2012-11-17 05:00:00,0.208,0.397,0.177,0.177,0.139,0.238
2012-11-17 06:00:00,0.226,0.429,0.162,0.162,0.131,0.27
2012-11-17 07:00:00,0.234,0.406,0.163,0.163,0.155,0.294
2012-11-17 08:00:00,0.251,0.407,0.167,0.167,0.171,0.347
2012-11-17 09:00:00,0.284,0.404,0.159,0.159,0.179,0.385
2012-11-17 10:00:00,0.335,0.395,0.104,0.104,0.109,0.417
2012-11-17 11:00:00,0.321,0.315,0.078,0.078,0.089,0.376
2012-11-17 12:00:00,0.301,0.294,0.062,0.062,0.069,0.369
2012-11-17 13:00:00,0.268,0.284,0.041,0.041,0.046,0.346
2012-11-17 14:00:00,0.228,0.303,0.029,0.029,0.037,0.299
2012-11-17 15:00:00,0.236,0.255,0.027,0.027,0.038,0.258
2012-11-17 16:00:00,0.262,0.183,0.028,0.028,0.049,0.232
2012-11-17 17:00:00,0.275,0.157,0.035,0.035,0.061,0.196
2012-11-17 18:00:00,0.268,0.143,0.047,0.047,0.08,0.168
2012-11-17 19:00:00,0.3,0.123,0.07,0.07,0.102,0.16
2012-11-17 20:00:00,0.351,0.135,0.089,0.089,0.109,0.166
2012-11-17 21:00:00,0.367,0.194,0.101,0.101,0.107,0.17
2012-11-17 22:00:00,0.345,0.256,0.093,0.093,0.12,0.171
2012-11-17 23:00:00,0.301,0.296,0.089,0.089,0.121,0.169
2012-11-18 00:00:00,0.332,0.307,0.09,0.09,0.114,0.181
2012-11-18 01:00:00,0.354,0.29,0.1,0.1,0.11,0.18
2012-11-18 02:00:00,0.343,0.252,0.098,0.098,0.097,0.183
2012-11-18 03:00:00,0.321,0.225,0.098,0.098,0.103,0.199
2012-11-18 04:00:00,0.4,0.239,0.104,0.104,0.103,0.218
2012-11-18 05:00:00,0.504,0.259,0.12,0.12,0.112,0.24
2012-11-18 06:00:00,0.618,0.272,0.12,0.12,0.12,0.266
2012-11-18 07:00:00,0.694,0.274,0.104,0.104,0.127,0.294
2012-11-18 08:00:00,0.746,0.278,0.121,0.121,0.146,0.31
2012-11-18 09:00:00,0.78,0.305,0.141,0.141,0.18,0.327
2012-11-18 10:00:00,0.793,0.314,0.185,0.185,0.264,0.346
2012-11-18 11:00:00,0.778,0.403,0.189,0.189,0.274,0.39
2012-11-18 12:00:00,0.727,0.424,0.176,0.176,0.295,0.393
2012-11-18 13:00:00,0.666,0.494,0.135,0.135,0.282,0.393
2012-11-18 14:00:00,0.626,0.513,0.13,0.13,0.282,0.39
2012-11-18 15:00:00,0.635,0.461,0.167,0.167,0.305,0.386
2012-11-18 16:00:00,0.638,0.406,0.261,0.261,0.394,0.396
2012-11-18 17:00:00,0.701,0.413,0.363,0.363,0.527,0.427
2012-11-18 18:00:00,0.755,0.489,0.437,0.437,0.6,0.478
2012-11-18 19:00:00,0.781,0.58,0.465,0.465,0.591,0.536
2012-11-18 20:00:00,0.761,0.654,0.45,0.45,0.529,0.58
2012-11-18 21:00:00,0.635,0.658,0.434,0.434,0.476,0.588
2012-11-18 22:00:00,0.52,0.69,0.41,0.41,0.399,0.597
2012-11-18 23:00:00,0.338,0.719,0.474,0.474,0.331,0.577
2012-11-19 00:00:00,0.242,0.732,0.465,0.465,0.306,0.579
2012-11-19 01:00:00,0.204,0.752,0.433,0.433,0.312,0.575
2012-11-19 02:00:00,0.194,0.767,0.419,0.419,0.303,0.557
2012-11-19 03:00:00,0.185,0.775,0.418,0.418,0.302,0.548
2012-11-19 04:00:00,0.194,0.784,0.414,0.414,0.275,0.538
2012-11-19 05:00:00,0.208,0.805,0.386,0.386,0.263,0.532
2012-11-19 06:00:00,0.229,0.826,0.354,0.354,0.274,0.527
2012-11-19 07:00:00,0.24,0.827,0.346,0.346,0.283,0.521
2012-11-19 08:00:00,0.23,0.805,0.351,0.351,0.261,0.504
2012-11-19 09:00:00,0.24,0.788,0.349,0.349,0.256,0.494
2012-11-19 10:00:00,0.272,0.748,0.331,0.331,0.155,0.466
2012-11-19 11:00:00,0.236,0.707,0.263,0.263,0.143,0.447
2012-11-19 12:00:00,0.28,0.587,0.215,0.215,0.183,0.402
2012-11-19 13:00:00,0.292,0.534,0.191,0.191,0.216,0.357
2012-11-19 14:00:00,0.291,0.475,0.205,0.205,0.198,0.333
2012-11-19 15:00:00,0.294,0.411,0.204,0.204,0.15,0.348
2012-11-19 16:00:00,0.272,0.379,0.174,0.174,0.127,0.368
2012-11-19 17:00:00,0.228,0.357,0.139,0.139,0.111,0.347
2012-11-19 18:00:00,0.175,0.316,0.156,0.156,0.107,0.334
2012-11-19 19:00:00,0.16,0.243,0.187,0.187,0.231,0.329
2012-11-19 20:00:00,0.148,0.196,0.227,0.227,0.332,0.329
2012-11-19 21:00:00,0.14,0.213,0.28,0.28,0.238,0.37
2012-11-19 22:00:00,0.131,0.258,0.191,0.191,0.2,0.389
2012-11-19 23:00:00,0.151,0.191,0.206,0.206,0.114,0.373
2012-11-20 00:00:00,0.174,0.21,0.13,0.13,0.064,0.307
2012-11-20 01:00:00,0.207,0.217,0.086,0.086,0.035,0.288
2012-11-20 02:00:00,0.247,0.135,0.097,0.097,0.026,0.285
2012-11-20 03:00:00,0.331,0.1,0.106,0.106,0.013,0.29
2012-11-20 04:00:00,0.387,0.194,0.082,0.082,0.005,0.283
2012-11-20 05:00:00,0.457,0.212,0.048,0.048,0.002,0.265
2012-11-20 06:00:00,0.515,0.168,0.03,0.03,0.003,0.257
2012-11-20 07:00:00,0.551,0.138,0.018,0.018,0.003,0.227
2012-11-20 08:00:00,0.592,0.12,0.01,0.01,0.004,0.212
2012-11-20 09:00:00,0.642,0.076,0.006,0.006,0.01,0.216
2012-11-20 10:00:00,0.685,0.054,0.008,0.008,0.036,0.244
2012-11-20 11:00:00,0.759,0.015,0.014,0.014,0.034,0.247
2012-11-20 12:00:00,0.75,0.018,0.018,0.018,0.029,0.266
2012-11-20 13:00:00,0.759,0.028,0.02,0.02,0.036,0.29
2012-11-20 14:00:00,0.781,0.032,0.02,0.02,0.05,0.297
2012-11-20 15:00:00,0.793,0.027,0.022,0.022,0.08,0.306
2012-11-20 16:00:00,0.81,0.022,0.029,0.029,0.185,0.325
2012-11-20 17:00:00,0.84,0.021,0.094,0.094,0.379,0.341
2012-11-20 18:00:00,0.866,0.039,0.233,0.233,0.457,0.404
2012-11-20 19:00:00,0.869,0.098,0.311,0.311,0.454,0.487
2012-11-20 20:00:00,0.879,0.182,0.342,0.342,0.478,0.579
2012-11-20 21:00:00,0.891,0.268,0.381,0.381,0.542,0.674
2012-11-20 22:00:00,0.902,0.345,0.439,0.439,0.575,0.717
2012-11-20 23:00:00,0.901,0.397,0.443,0.443,0.634,0.706
2012-11-21 00:00:00,0.894,0.43,0.418,0.418,0.609,0.691
2012-11-21 01:00:00,0.882,0.509,0.418,0.418,0.623,0.676
2012-11-21 02:00:00,0.871,0.573,0.46,0.46,0.572,0.667
2012-11-21 03:00:00,0.85,0.594,0.474,0.474,0.56,0.697
2012-11-21 04:00:00,0.841,0.609,0.438,0.438,0.532,0.733
2012-11-21 05:00:00,0.832,0.579,0.439,0.439,0.533,0.718
2012-11-21 06:00:00,0.839,0.475,0.471,0.471,0.513,0.727
2012-11-21 07:00:00,0.847,0.452,0.519,0.519,0.512,0.732
2012-11-21 08:00:00,0.849,0.569,0.526,0.526,0.49,0.72
2012-11-21 09:00:00,0.843,0.682,0.51,0.51,0.445,0.678
2012-11-21 10:00:00,0.848,0.788,0.437,0.437,0.367,0.649
2012-11-21 11:00:00,0.818,0.733,0.363,0.363,0.324,0.625
2012-11-21 12:00:00,0.827,0.754,0.289,0.289,0.291,0.617
2012-11-21 13:00:00,0.833,0.705,0.21,0.21,0.212,0.588
2012-11-21 14:00:00,0.831,0.645,0.163,0.163,0.175,0.562
2012-11-21 15:00:00,0.836,0.577,0.179,0.179,0.208,0.555
2012-11-21 16:00:00,0.841,0.558,0.253,0.253,0.268,0.552
2012-11-21 17:00:00,0.854,0.573,0.336,0.336,0.307,0.555
2012-11-21 18:00:00,0.871,0.614,0.372,0.372,0.315,0.535
2012-11-21 19:00:00,0.876,0.621,0.334,0.334,0.327,0.545
2012-11-21 20:00:00,0.875,0.578,0.288,0.288,0.361,0.57
2012-11-21 21:00:00,0.877,0.533,0.279,0.279,0.363,0.567
2012-11-21 22:00:00,0.875,0.527,0.283,0.283,0.331,0.567
2012-11-21 23:00:00,0.835,0.582,0.252,0.252,0.269,0.557
2012-11-22 00:00:00,0.821,0.465,0.187,0.187,0.219,0.531
2012-11-22 01:00:00,0.803,0.393,0.153,0.153,0.247,0.497
2012-11-22 02:00:00,0.797,0.351,0.167,0.167,0.247,0.467
2012-11-22 03:00:00,0.784,0.342,0.182,0.182,0.183,0.452
2012-11-22 04:00:00,0.736,0.346,0.17,0.17,0.123,0.446
2012-11-22 05:00:00,0.699,0.337,0.153,0.153,0.125,0.438
2012-11-22 06:00:00,0.671,0.316,0.132,0.132,0.222,0.426
2012-11-22 07:00:00,0.611,0.265,0.172,0.172,0.392,0.432
2012-11-22 08:00:00,0.582,0.227,0.266,0.266,0.519,0.497
2012-11-22 09:00:00,0.64,0.26,0.308,0.308,0.537,0.579
2012-11-22 10:00:00,0.695,0.324,0.302,0.302,0.505,0.587
2012-11-22 11:00:00,0.645,0.45,0.28,0.28,0.434,0.572
2012-11-22 12:00:00,0.674,0.376,0.251,0.251,0.353,0.539
2012-11-22 13:00:00,0.718,0.358,0.232,0.232,0.316,0.528
2012-11-22 14:00:00,0.736,0.349,0.263,0.263,0.342,0.546
2012-11-22 15:00:00,0.77,0.398,0.386,0.386,0.471,0.562
2012-11-22 16:00:00,0.839,0.495,0.516,0.516,0.627,0.622
2012-11-22 17:00:00,0.867,0.585,0.592,0.592,0.739,0.701
2012-11-22 18:00:00,0.865,0.649,0.621,0.621,0.777,0.786
2012-11-22 19:00:00,0.863,0.691,0.621,0.621,0.75,0.823
2012-11-22 20:00:00,0.876,0.731,0.568,0.568,0.716,0.819
2012-11-22 21:00:00,0.873,0.763,0.477,0.477,0.664,0.785
2012-11-22 22:00:00,0.887,0.768,0.413,0.413,0.579,0.752
2012-11-22 23:00:00,0.897,0.779,0.387,0.387,0.536,0.653
2012-11-23 00:00:00,0.9,0.782,0.369,0.369,0.51,0.663
2012-11-23 01:00:00,0.89,0.792,0.335,0.335,0.478,0.674
2012-11-23 02:00:00,0.803,0.797,0.322,0.322,0.459,0.657
2012-11-23 03:00:00,0.772,0.806,0.336,0.336,0.478,0.622
2012-11-23 04:00:00,0.903,0.841,0.366,0.366,0.509,0.602
2012-11-23 05:00:00,0.915,0.853,0.36,0.36,0.572,0.595
2012-11-23 06:00:00,0.903,0.855,0.394,0.394,0.568,0.604
2012-11-23 07:00:00,0.899,0.823,0.453,0.453,0.56,0.615
2012-11-23 08:00:00,0.909,0.795,0.476,0.476,0.538,0.65
2012-11-23 09:00:00,0.916,0.792,0.504,0.504,0.603,0.671
2012-11-23 10:00:00,0.917,0.807,0.452,0.452,0.67,0.68
2012-11-23 11:00:00,0.919,0.852,0.445,0.445,0.713,0.703
2012-11-23 12:00:00,0.929,0.867,0.456,0.456,0.827,0.728
2012-11-23 13:00:00,0.925,0.837,0.506,0.506,0.913,0.709
2012-11-23 14:00:00,0.916,0.734,0.673,0.673,0.907,0.689
2012-11-23 15:00:00,0.915,0.622,0.776,0.776,0.806,0.64
2012-11-23 16:00:00,0.916,0.562,0.744,0.744,0.704,0.642
2012-11-23 17:00:00,0.913,0.506,0.765,0.765,0.594,0.668
2012-11-23 18:00:00,0.908,0.498,0.776,0.776,0.494,0.687
2012-11-23 19:00:00,0.904,0.552,0.75,0.75,0.483,0.694
2012-11-23 20:00:00,0.906,0.691,0.65,0.65,0.478,0.677
2012-11-23 21:00:00,0.907,0.748,0.555,0.555,0.433,0.611
2012-11-23 22:00:00,0.906,0.681,0.511,0.511,0.396,0.544
2012-11-23 23:00:00,0.907,0.674,0.43,0.43,0.306,0.562
2012-11-24 00:00:00,0.903,0.654,0.336,0.336,0.252,0.553
2012-11-24 01:00:00,0.899,0.604,0.246,0.246,0.254,0.532
2012-11-24 02:00:00,0.898,0.565,0.211,0.211,0.288,0.51
2012-11-24 03:00:00,0.903,0.499,0.213,0.213,0.328,0.507
2012-11-24 04:00:00,0.91,0.374,0.212,0.212,0.386,0.535
2012-11-24 05:00:00,0.919,0.26,0.214,0.214,0.493,0.525
2012-11-24 06:00:00,0.925,0.169,0.237,0.237,0.56,0.504
2012-11-24 07:00:00,0.929,0.109,0.321,0.321,0.562,0.541
2012-11-24 08:00:00,0.93,0.086,0.354,0.354,0.552,0.624
2012-11-24 09:00:00,0.929,0.127,0.304,0.304,0.463,0.695
2012-11-24 10:00:00,0.93,0.216,0.233,0.233,0.478,0.715
2012-11-24 11:00:00,0.885,0.303,0.202,0.202,0.492,0.677
2012-11-24 12:00:00,0.791,0.302,0.198,0.198,0.52,0.63
2012-11-24 13:00:00,0.809,0.257,0.201,0.201,0.584,0.603
2012-11-24 14:00:00,0.813,0.211,0.231,0.231,0.672,0.605
2012-11-24 15:00:00,0.759,0.182,0.287,0.287,0.766,0.623
2012-11-24 16:00:00,0.637,0.199,0.419,0.419,0.836,0.657
2012-11-24 17:00:00,0.527,0.265,0.574,0.574,0.888,0.692
2012-11-24 18:00:00,0.458,0.367,0.661,0.661,0.9,0.744
2012-11-24 19:00:00,0.408,0.456,0.659,0.659,0.894,0.764
2012-11-24 20:00:00,0.344,0.571,0.653,0.653,0.868,0.768
2012-11-24 21:00:00,0.297,0.67,0.649,0.649,0.817,0.778
2012-11-24 22:00:00,0.305,0.708,0.711,0.711,0.743,0.777
2012-11-24 23:00:00,0.237,0.8,0.681,0.681,0.611,0.712
2012-11-25 00:00:00,0.258,0.719,0.611,0.611,0.51,0.662
2012-11-25 01:00:00,0.249,0.666,0.478,0.478,0.378,0.611
2012-11-25 02:00:00,0.257,0.692,0.371,0.371,0.298,0.489
2012-11-25 03:00:00,0.302,0.744,0.316,0.316,0.221,0.43
2012-11-25 04:00:00,0.356,0.724,0.32,0.32,0.161,0.402
2012-11-25 05:00:00,0.33,0.692,0.311,0.311,0.133,0.368
2012-11-25 06:00:00,0.29,0.651,0.276,0.276,0.132,0.316
2012-11-25 07:00:00,0.253,0.62,0.221,0.221,0.144,0.265
2012-11-25 08:00:00,0.22,0.566,0.187,0.187,0.145,0.245
2012-11-25 09:00:00,0.171,0.537,0.197,0.197,0.137,0.267
2012-11-25 10:00:00,0.133,0.456,0.197,0.197,0.09,0.291
2012-11-25 11:00:00,0.085,0.177,0.216,0.216,0.071,0.328
2012-11-25 12:00:00,0.076,0.068,0.205,0.205,0.051,0.316
2012-11-25 13:00:00,0.063,0.03,0.208,0.208,0.035,0.273
2012-11-25 14:00:00,0.047,0.031,0.177,0.177,0.026,0.212
2012-11-25 15:00:00,0.034,0.113,0.114,0.114,0.02,0.156
2012-11-25 16:00:00,0.039,0.349,0.074,0.074,0.013,0.115
2012-11-25 17:00:00,0.067,0.593,0.058,0.058,0.009,0.102
2012-11-25 18:00:00,0.151,0.65,0.05,0.05,0.006,0.095
2012-11-25 19:00:00,0.294,0.579,0.033,0.033,0.002,0.079
2012-11-25 20:00:00,0.416,0.448,0.016,0.016,0.001,0.051
2012-11-25 21:00:00,0.572,0.339,0.008,0.008,0.0,0.04
2012-11-25 22:00:00,0.703,0.28,0.004,0.004,0.002,0.035
2012-11-25 23:00:00,0.791,0.207,0.003,0.003,0.006,0.019
2012-11-26 00:00:00,0.835,0.157,0.001,0.001,0.017,0.021
2012-11-26 01:00:00,0.862,0.104,0.002,0.002,0.034,0.024
2012-11-26 02:00:00,0.874,0.074,0.003,0.003,0.088,0.037
2012-11-26 03:00:00,0.892,0.054,0.008,0.008,0.211,0.063
2012-11-26 04:00:00,0.912,0.029,0.023,0.023,0.372,0.087
2012-11-26 05:00:00,0.926,0.014,0.061,0.061,0.587,0.125
2012-11-26 06:00:00,0.938,0.002,0.117,0.117,0.658,0.172
2012-11-26 07:00:00,0.942,0.0,0.208,0.208,0.736,0.221
2012-11-26 08:00:00,0.947,0.0,0.275,0.275,0.873,0.28
2012-11-26 09:00:00,0.948,0.0,0.362,0.362,0.934,0.345
2012-11-26 10:00:00,0.949,0.0,0.621,0.621,0.968,0.427
2012-11-26 11:00:00,0.95,0.055,0.721,0.721,0.978,0.597
2012-11-26 12:00:00,0.949,0.121,0.819,0.819,0.971,0.64
2012-11-26 13:00:00,0.949,0.216,0.882,0.882,0.943,0.662
2012-11-26 14:00:00,0.88,0.332,0.933,0.933,0.96,0.677
2012-11-26 15:00:00,0.76,0.453,0.963,0.963,0.935,0.675
2012-11-26 16:00:00,0.698,0.539,0.973,0.973,0.945,0.64
2012-11-26 17:00:00,0.626,0.678,0.956,0.956,0.98,0.623
2012-11-26 18:00:00,0.552,0.825,0.892,0.892,0.984,0.647
2012-11-26 19:00:00,0.59,0.92,0.787,0.787,0.985,0.665
2012-11-26 20:00:00,0.609,0.943,0.851,0.851,0.984,0.647
2012-11-26 21:00:00,0.638,0.941,0.935,0.935,0.986,0.647
2012-11-26 22:00:00,0.742,0.947,0.969,0.969,0.986,0.654
2012-11-26 23:00:00,0.841,0.946,0.96,0.96,0.984,0.661
2012-11-27 00:00:00,0.917,0.909,0.945,0.945,0.985,0.654
2012-11-27 01:00:00,0.94,0.649,0.941,0.941,0.978,0.63
2012-11-27 02:00:00,0.947,0.646,0.925,0.925,0.986,0.629
2012-11-27 03:00:00,0.935,0.663,0.92,0.92,0.996,0.628
2012-11-27 04:00:00,0.885,0.684,0.949,0.949,0.997,0.652
2012-11-27 05:00:00,0.792,0.618,0.942,0.942,0.995,0.683
2012-11-27 06:00:00,0.657,0.642,0.917,0.917,0.995,0.697
2012-11-27 07:00:00,0.45,0.655,0.905,0.905,0.994,0.702
2012-11-27 08:00:00,0.312,0.695,0.887,0.887,0.99,0.706
2012-11-27 09:00:00,0.242,0.695,0.835,0.835,0.974,0.713
2012-11-27 10:00:00,0.211,0.693,0.746,0.746,0.935,0.715
2012-11-27 11:00:00,0.195,0.594,0.657,0.657,0.816,0.696
2012-11-27 12:00:00,0.166,0.574,0.498,0.498,0.734,0.683
2012-11-27 13:00:00,0.127,0.537,0.41,0.41,0.551,0.642
2012-11-27 14:00:00,0.102,0.503,0.348,0.348,0.36,0.603
2012-11-27 15:00:00,0.086,0.431,0.312,0.312,0.288,0.506
2012-11-27 16:00:00,0.099,0.367,0.281,0.281,0.42,0.397
2012-11-27 17:00:00,0.132,0.334,0.304,0.304,0.428,0.333
2012-11-27 18:00:00,0.141,0.311,0.364,0.364,0.361,0.311
2012-11-27 19:00:00,0.146,0.267,0.347,0.347,0.406,0.326
2012-11-27 20:00:00,0.142,0.227,0.296,0.296,0.472,0.327
2012-11-27 21:00:00,0.135,0.226,0.311,0.311,0.451,0.283
2012-11-27 22:00:00,0.117,0.231,0.322,0.322,0.199,0.249
2012-11-27 23:00:00,0.12,0.133,0.274,0.274,0.149,0.202
2012-11-28 00:00:00,0.12,0.101,0.182,0.182,0.156,0.168
2012-11-28 01:00:00,0.16,0.156,0.104,0.104,0.191,0.182
2012-11-28 02:00:00,0.169,0.204,0.109,0.109,0.281,0.181
2012-11-28 03:00:00,0.175,0.292,0.215,0.215,0.369,0.189
2012-11-28 04:00:00,0.175,0.452,0.35,0.35,0.413,0.236
2012-11-28 05:00:00,0.201,0.592,0.426,0.426,0.382,0.343
2012-11-28 06:00:00,0.242,0.599,0.421,0.421,0.47,0.444
2012-11-28 07:00:00,0.293,0.599,0.405,0.405,0.415,0.485
2012-11-28 08:00:00,0.346,0.713,0.395,0.395,0.371,0.455
2012-11-28 09:00:00,0.393,0.784,0.508,0.508,0.326,0.376
2012-11-28 10:00:00,0.422,0.772,0.725,0.725,0.256,0.348
2012-11-28 11:00:00,0.329,0.676,0.733,0.733,0.208,0.354
2012-11-28 12:00:00,0.322,0.634,0.654,0.654,0.225,0.356
2012-11-28 13:00:00,0.325,0.48,0.572,0.572,0.241,0.358
2012-11-28 14:00:00,0.351,0.329,0.421,0.421,0.232,0.372
2012-11-28 15:00:00,0.359,0.339,0.292,0.292,0.264,0.362
2012-11-28 16:00:00,0.336,0.374,0.242,0.242,0.267,0.342
2012-11-28 17:00:00,0.309,0.388,0.233,0.233,0.265,0.349
2012-11-28 18:00:00,0.277,0.405,0.261,0.261,0.217,0.374
2012-11-28 19:00:00,0.242,0.39,0.297,0.297,0.217,0.408
2012-11-28 20:00:00,0.221,0.378,0.32,0.32,0.219,0.387
2012-11-28 21:00:00,0.202,0.308,0.33,0.33,0.178,0.36
2012-11-28 22:00:00,0.183,0.241,0.358,0.358,0.162,0.333
2012-11-28 23:00:00,0.133,0.177,0.312,0.312,0.118,0.321
2012-11-29 00:00:00,0.112,0.088,0.269,0.269,0.102,0.29
2012-11-29 01:00:00,0.114,0.031,0.245,0.245,0.085,0.27
2012-11-29 02:00:00,0.116,0.01,0.189,0.189,0.067,0.258
2012-11-29 03:00:00,0.163,0.021,0.187,0.187,0.049,0.242
2012-11-29 04:00:00,0.235,0.034,0.167,0.167,0.027,0.235
2012-11-29 05:00:00,0.323,0.058,0.114,0.114,0.027,0.225
2012-11-29 06:00:00,0.378,0.057,0.067,0.067,0.033,0.22
2012-11-29 07:00:00,0.378,0.058,0.055,0.055,0.04,0.22
2012-11-29 08:00:00,0.364,0.03,0.058,0.058,0.073,0.219
2012-11-29 09:00:00,0.34,0.017,0.104,0.104,0.064,0.218
2012-11-29 10:00:00,0.309,0.021,0.081,0.081,0.024,0.215
2012-11-29 11:00:00,0.234,0.017,0.082,0.082,0.027,0.204
2012-11-29 12:00:00,0.219,0.019,0.085,0.085,0.027,0.197
2012-11-29 13:00:00,0.209,0.015,0.075,0.075,0.014,0.185
2012-11-29 14:00:00,0.235,0.02,0.038,0.038,0.008,0.178
2012-11-29 15:00:00,0.266,0.027,0.023,0.023,0.013,0.173
2012-11-29 16:00:00,0.276,0.002,0.021,0.021,0.014,0.175
2012-11-29 17:00:00,0.293,0.0,0.008,0.008,0.014,0.175
2012-11-29 18:00:00,0.288,0.0,0.003,0.003,0.01,0.175
2012-11-29 19:00:00,0.296,0.0,0.003,0.003,0.009,0.167
2012-11-29 20:00:00,0.324,0.0,0.004,0.004,0.014,0.154
2012-11-29 21:00:00,0.368,0.0,0.008,0.008,0.022,0.147
2012-11-29 22:00:00,0.411,0.0,0.027,0.027,0.076,0.157
2012-11-29 23:00:00,0.365,0.0,0.052,0.052,0.16,0.202
2012-11-30 00:00:00,0.43,0.006,0.083,0.083,0.263,0.214
2012-11-30 01:00:00,0.467,0.024,0.119,0.119,0.295,0.209
2012-11-30 02:00:00,0.499,0.029,0.118,0.118,0.311,0.202
2012-11-30 03:00:00,0.552,0.042,0.129,0.129,0.331,0.204
2012-11-30 04:00:00,0.61,0.048,0.167,0.167,0.397,0.219
2012-11-30 05:00:00,0.646,0.062,0.253,0.253,0.498,0.242
2012-11-30 06:00:00,0.671,0.07,0.317,0.317,0.523,0.264
2012-11-30 07:00:00,0.683,0.106,0.252,0.252,0.455,0.321
2012-11-30 08:00:00,0.678,0.154,0.2,0.2,0.485,0.356
2012-11-30 09:00:00,0.658,0.165,0.262,0.262,0.563,0.339
2012-11-30 10:00:00,0.635,0.181,0.331,0.331,0.55,0.338
2012-11-30 11:00:00,0.684,0.278,0.267,0.267,0.593,0.432
2012-11-30 12:00:00,0.686,0.353,0.392,0.392,0.679,0.459
2012-11-30 13:00:00,0.631,0.398,0.585,0.585,0.703,0.477
2012-11-30 14:00:00,0.587,0.572,0.73,0.73,0.722,0.577
2012-11-30 15:00:00,0.583,0.706,0.887,0.887,0.788,0.681
2012-11-30 16:00:00,0.589,0.703,0.949,0.949,0.836,0.779
2012-11-30 17:00:00,0.609,0.755,0.975,0.975,0.816,0.826
2012-11-30 18:00:00,0.618,0.854,0.99,0.99,0.928,0.835
2012-11-30 19:00:00,0.589,0.88,0.996,0.996,0.995,0.839
2012-11-30 20:00:00,0.531,0.873,0.996,0.996,0.999,0.842
2012-11-30 21:00:00,0.474,0.882,0.994,0.994,0.999,0.839
2012-11-30 22:00:00,0.411,0.894,0.962,0.962,0.972,0.835
2012-11-30 23:00:00,0.346,0.811,0.973,0.973,0.967,0.769
2012-12-01 00:00:00,0.32,0.856,0.98,0.98,0.961,0.792
2012-12-01 01:00:00,0.297,0.863,0.97,0.97,0.963,0.803
2012-12-01 02:00:00,0.252,0.793,0.958,0.958,0.959,0.807
2012-12-01 03:00:00,0.236,0.698,0.928,0.928,0.912,0.803
2012-12-01 04:00:00,0.193,0.664,0.879,0.879,0.844,0.783
2012-12-01 05:00:00,0.157,0.725,0.787,0.787,0.727,0.77
2012-12-01 06:00:00,0.115,0.804,0.716,0.716,0.608,0.76
2012-12-01 07:00:00,0.077,0.852,0.696,0.696,0.547,0.758
2012-12-01 08:00:00,0.048,0.842,0.714,0.714,0.499,0.758
2012-12-01 09:00:00,0.03,0.785,0.753,0.753,0.42,0.738
2012-12-01 10:00:00,0.023,0.706,0.792,0.792,0.294,0.692
2012-12-01 11:00:00,0.019,0.708,0.703,0.703,0.271,0.638
2012-12-01 12:00:00,0.019,0.603,0.571,0.571,0.246,0.55
2012-12-01 13:00:00,0.024,0.525,0.423,0.423,0.237,0.479
2012-12-01 14:00:00,0.036,0.528,0.263,0.263,0.231,0.424
2012-12-01 15:00:00,0.056,0.494,0.145,0.145,0.24,0.389
2012-12-01 16:00:00,0.07,0.425,0.096,0.096,0.273,0.384
2012-12-01 17:00:00,0.073,0.36,0.092,0.092,0.323,0.377
2012-12-01 18:00:00,0.073,0.305,0.098,0.098,0.345,0.368
2012-12-01 19:00:00,0.066,0.268,0.105,0.105,0.332,0.36
2012-12-01 20:00:00,0.068,0.243,0.111,0.111,0.297,0.351
2012-12-01 21:00:00,0.084,0.242,0.121,0.121,0.284,0.343
2012-12-01 22:00:00,0.104,0.228,0.207,0.207,0.279,0.345
2012-12-01 23:00:00,0.101,0.249,0.285,0.285,0.259,0.404
2012-12-02 00:00:00,0.102,0.271,0.322,0.322,0.3,0.422
2012-12-02 01:00:00,0.11,0.305,0.382,0.382,0.326,0.427
2012-12-02 02:00:00,0.113,0.353,0.383,0.383,0.271,0.412
2012-12-02 03:00:00,0.104,0.384,0.356,0.356,0.241,0.39
2012-12-02 04:00:00,0.096,0.401,0.375,0.375,0.234,0.387
2012-12-02 05:00:00,0.09,0.394,0.439,0.439,0.222,0.394
2012-12-02 06:00:00,0.083,0.38,0.527,0.527,0.197,0.405
2012-12-02 07:00:00,0.071,0.443,0.572,0.572,0.179,0.423
2012-12-02 08:00:00,0.052,0.58,0.58,0.58,0.165,0.433
2012-12-02 09:00:00,0.036,0.674,0.583,0.583,0.165,0.418
2012-12-02 10:00:00,0.025,0.672,0.616,0.616,0.204,0.404
2012-12-02 11:00:00,0.025,0.802,0.65,0.65,0.188,0.482
2012-12-02 12:00:00,0.032,0.822,0.643,0.643,0.165,0.462
2012-12-02 13:00:00,0.043,0.778,0.63,0.63,0.113,0.45
2012-12-02 14:00:00,0.054,0.704,0.562,0.562,0.084,0.464
2012-12-02 15:00:00,0.065,0.623,0.436,0.436,0.078,0.421
2012-12-02 16:00:00,0.071,0.6,0.308,0.308,0.122,0.351
2012-12-02 17:00:00,0.063,0.595,0.213,0.213,0.227,0.3
2012-12-02 18:00:00,0.061,0.574,0.161,0.161,0.263,0.264
2012-12-02 19:00:00,0.056,0.55,0.152,0.152,0.268,0.251
2012-12-02 20:00:00,0.053,0.54,0.167,0.167,0.296,0.239
2012-12-02 21:00:00,0.056,0.599,0.186,0.186,0.41,0.205
2012-12-02 22:00:00,0.08,0.631,0.266,0.266,0.497,0.165
2012-12-02 23:00:00,0.129,0.558,0.256,0.256,0.604,0.173
2012-12-03 00:00:00,0.273,0.38,0.411,0.411,0.554,0.136
2012-12-03 01:00:00,0.394,0.251,0.6,0.6,0.681,0.098
2012-12-03 02:00:00,0.445,0.132,0.75,0.75,0.812,0.092
2012-12-03 03:00:00,0.547,0.049,0.85,0.85,0.717,0.104
2012-12-03 04:00:00,0.654,0.001,0.887,0.887,0.637,0.107
2012-12-03 05:00:00,0.726,0.0,0.911,0.911,0.628,0.099
2012-12-03 06:00:00,0.754,0.005,0.901,0.901,0.547,0.119
2012-12-03 07:00:00,0.743,0.037,0.852,0.852,0.522,0.139
2012-12-03 08:00:00,0.707,0.129,0.775,0.775,0.506,0.171
2012-12-03 09:00:00,0.657,0.312,0.699,0.699,0.488,0.217
2012-12-03 10:00:00,0.571,0.526,0.721,0.721,0.32,0.279
2012-12-03 11:00:00,0.427,0.806,0.564,0.564,0.185,0.33
2012-12-03 12:00:00,0.305,0.8,0.396,0.396,0.145,0.296
2012-12-03 13:00:00,0.227,0.776,0.298,0.298,0.083,0.229
2012-12-03 14:00:00,0.173,0.767,0.2,0.2,0.053,0.17
2012-12-03 15:00:00,0.123,0.756,0.146,0.146,0.055,0.142
2012-12-03 16:00:00,0.079,0.69,0.113,0.113,0.062,0.126
2012-12-03 17:00:00,0.055,0.618,0.136,0.136,0.068,0.115
2012-12-03 18:00:00,0.035,0.576,0.176,0.176,0.065,0.114
2012-12-03 19:00:00,0.025,0.533,0.188,0.188,0.059,0.12
2012-12-03 20:00:00,0.027,0.501,0.191,0.191,0.06,0.116
2012-12-03 21:00:00,0.035,0.487,0.199,0.199,0.051,0.112
2012-12-03 22:00:00,0.054,0.458,0.242,0.242,0.02,0.113
2012-12-03 23:00:00,0.075,0.415,0.16,0.16,0.02,0.203
2012-12-04 00:00:00,0.139,0.293,0.116,0.116,0.039,0.319
2012-12-04 01:00:00,0.223,0.164,0.081,0.081,0.114,0.393
2012-12-04 02:00:00,0.309,0.062,0.065,0.065,0.265,0.42
2012-12-04 03:00:00,0.4,0.024,0.101,0.101,0.363,0.423
2012-12-04 04:00:00,0.484,0.019,0.19,0.19,0.32,0.396
2012-12-04 05:00:00,0.565,0.067,0.291,0.291,0.197,0.351
2012-12-04 06:00:00,0.566,0.189,0.282,0.282,0.088,0.296
2012-12-04 07:00:00,0.495,0.32,0.243,0.243,0.04,0.249
2012-12-04 08:00:00,0.42,0.398,0.181,0.181,0.021,0.179
2012-12-04 09:00:00,0.378,0.466,0.098,0.098,0.009,0.112
2012-12-04 10:00:00,0.364,0.44,0.073,0.073,0.009,0.081
2012-12-04 11:00:00,0.335,0.347,0.056,0.056,0.013,0.064
2012-12-04 12:00:00,0.393,0.303,0.037,0.037,0.034,0.066
2012-12-04 13:00:00,0.428,0.251,0.015,0.015,0.066,0.079
2012-12-04 14:00:00,0.463,0.21,0.005,0.005,0.126,0.099
2012-12-04 15:00:00,0.52,0.171,0.004,0.004,0.249,0.111
2012-12-04 16:00:00,0.609,0.109,0.019,0.019,0.399,0.122
2012-12-04 17:00:00,0.674,0.049,0.079,0.079,0.468,0.136
2012-12-04 18:00:00,0.688,0.004,0.224,0.224,0.564,0.187
2012-12-04 19:00:00,0.642,0.001,0.427,0.427,0.643,0.259
2012-12-04 20:00:00,0.597,0.008,0.576,0.576,0.665,0.355
2012-12-04 21:00:00,0.572,0.006,0.587,0.587,0.715,0.443
2012-12-04 22:00:00,0.483,0.0,0.604,0.604,0.808,0.474
2012-12-04 23:00:00,0.52,0.002,0.492,0.492,0.846,0.497
2012-12-05 00:00:00,0.506,0.047,0.445,0.445,0.863,0.501
2012-12-05 01:00:00,0.424,0.125,0.513,0.513,0.924,0.464
2012-12-05 02:00:00,0.376,0.245,0.533,0.533,0.942,0.456
2012-12-05 03:00:00,0.371,0.288,0.545,0.545,0.967,0.422
2012-12-05 04:00:00,0.374,0.325,0.583,0.583,0.988,0.394
2012-12-05 05:00:00,0.391,0.395,0.655,0.655,0.992,0.395
2012-12-05 06:00:00,0.436,0.473,0.81,0.81,0.993,0.406
2012-12-05 07:00:00,0.512,0.625,0.903,0.903,0.989,0.478
2012-12-05 08:00:00,0.552,0.729,0.951,0.951,0.987,0.534
2012-12-05 09:00:00,0.535,0.827,0.974,0.974,0.975,0.582
2012-12-05 10:00:00,0.535,0.865,0.986,0.986,0.971,0.619
2012-12-05 11:00:00,0.596,0.933,0.983,0.983,0.995,0.684
2012-12-05 12:00:00,0.693,0.929,0.958,0.958,0.998,0.679
2012-12-05 13:00:00,0.739,0.921,0.929,0.929,0.999,0.683
2012-12-05 14:00:00,0.729,0.933,0.943,0.943,0.997,0.708
2012-12-05 15:00:00,0.745,0.945,0.954,0.954,0.987,0.728
2012-12-05 16:00:00,0.772,0.95,0.982,0.982,0.965,0.728
2012-12-05 17:00:00,0.777,0.95,0.984,0.984,0.91,0.727
2012-12-05 18:00:00,0.735,0.95,0.987,0.987,0.823,0.702
2012-12-05 19:00:00,0.663,0.95,0.985,0.985,0.637,0.676
2012-12-05 20:00:00,0.604,0.95,0.981,0.981,0.467,0.653
2012-12-05 21:00:00,0.553,0.95,0.966,0.966,0.237,0.645
2012-12-05 22:00:00,0.537,0.95,0.977,0.977,0.144,0.64
2012-12-05 23:00:00,0.594,0.95,0.948,0.948,0.124,0.686
2012-12-06 00:00:00,0.552,0.95,0.853,0.853,0.155,0.676
2012-12-06 01:00:00,0.523,0.95,0.655,0.655,0.215,0.629
2012-12-06 02:00:00,0.473,0.95,0.414,0.414,0.323,0.559
2012-12-06 03:00:00,0.397,0.95,0.27,0.27,0.434,0.501
2012-12-06 04:00:00,0.362,0.949,0.19,0.19,0.535,0.462
2012-12-06 05:00:00,0.327,0.935,0.163,0.163,0.614,0.453
2012-12-06 06:00:00,0.274,0.895,0.168,0.168,0.663,0.479
2012-12-06 07:00:00,0.219,0.869,0.207,0.207,0.648,0.516
2012-12-06 08:00:00,0.159,0.839,0.271,0.271,0.591,0.542
2012-12-06 09:00:00,0.113,0.751,0.36,0.36,0.553,0.54
2012-12-06 10:00:00,0.083,0.593,0.303,0.303,0.558,0.53
2012-12-06 11:00:00,0.08,0.366,0.313,0.313,0.631,0.447
2012-12-06 12:00:00,0.196,0.264,0.395,0.395,0.79,0.543
2012-12-06 13:00:00,0.355,0.192,0.488,0.488,0.842,0.619
2012-12-06 14:00:00,0.443,0.178,0.514,0.514,0.838,0.6
2012-12-06 15:00:00,0.5,0.191,0.496,0.496,0.846,0.526
2012-12-06 16:00:00,0.475,0.203,0.458,0.458,0.84,0.485
2012-12-06 17:00:00,0.511,0.169,0.425,0.425,0.807,0.474
2012-12-06 18:00:00,0.801,0.139,0.414,0.414,0.809,0.482
2012-12-06 19:00:00,0.844,0.165,0.451,0.451,0.774,0.482
2012-12-06 20:00:00,0.855,0.207,0.474,0.474,0.63,0.493
2012-12-06 21:00:00,0.873,0.205,0.485,0.485,0.57,0.494
2012-12-06 22:00:00,0.858,0.198,0.559,0.559,0.693,0.486
2012-12-06 23:00:00,0.804,0.187,0.536,0.536,0.509,0.536
2012-12-07 00:00:00,0.785,0.224,0.502,0.502,0.425,0.531
2012-12-07 01:00:00,0.778,0.262,0.389,0.389,0.572,0.516
2012-12-07 02:00:00,0.795,0.322,0.438,0.438,0.473,0.484
2012-12-07 03:00:00,0.802,0.376,0.687,0.687,0.403,0.473
2012-12-07 04:00:00,0.764,0.337,0.81,0.81,0.374,0.461
2012-12-07 05:00:00,0.694,0.381,0.808,0.808,0.491,0.407
2012-12-07 06:00:00,0.575,0.336,0.749,0.749,0.552,0.358
2012-12-07 07:00:00,0.475,0.208,0.713,0.713,0.363,0.322
2012-12-07 08:00:00,0.412,0.222,0.691,0.691,0.185,0.316
2012-12-07 09:00:00,0.362,0.46,0.659,0.659,0.091,0.324
2012-12-07 10:00:00,0.267,0.633,0.772,0.772,0.055,0.331
2012-12-07 11:00:00,0.184,0.678,0.701,0.701,0.081,0.348
2012-12-07 12:00:00,0.171,0.602,0.545,0.545,0.137,0.35
2012-12-07 13:00:00,0.196,0.597,0.436,0.436,0.171,0.349
2012-12-07 14:00:00,0.268,0.598,0.322,0.322,0.209,0.348
2012-12-07 15:00:00,0.361,0.548,0.242,0.242,0.25,0.339
2012-12-07 16:00:00,0.427,0.55,0.196,0.196,0.288,0.334
2012-12-07 17:00:00,0.452,0.607,0.149,0.149,0.309,0.334
2012-12-07 18:00:00,0.493,0.599,0.118,0.118,0.332,0.33
2012-12-07 19:00:00,0.617,0.535,0.118,0.118,0.428,0.323
2012-12-07 20:00:00,0.763,0.48,0.118,0.118,0.507,0.3
2012-12-07 21:00:00,0.834,0.419,0.113,0.113,0.524,0.274
2012-12-07 22:00:00,0.86,0.308,0.132,0.132,0.362,0.248
2012-12-07 23:00:00,0.877,0.186,0.174,0.174,0.283,0.243
2012-12-08 00:00:00,0.879,0.12,0.197,0.197,0.194,0.245
2012-12-08 01:00:00,0.881,0.086,0.198,0.198,0.117,0.243
2012-12-08 02:00:00,0.891,0.059,0.159,0.159,0.107,0.235
2012-12-08 03:00:00,0.896,0.039,0.125,0.125,0.178,0.222
2012-12-08 04:00:00,0.898,0.025,0.086,0.086,0.235,0.21
2012-12-08 05:00:00,0.893,0.021,0.047,0.047,0.242,0.198
2012-12-08 06:00:00,0.885,0.026,0.028,0.028,0.253,0.189
2012-12-08 07:00:00,0.881,0.023,0.019,0.019,0.283,0.193
2012-12-08 08:00:00,0.878,0.013,0.028,0.028,0.321,0.203
2012-12-08 09:00:00,0.871,0.011,0.066,0.066,0.326,0.198
2012-12-08 10:00:00,0.862,0.032,0.162,0.162,0.394,0.186
2012-12-08 11:00:00,0.808,0.128,0.214,0.214,0.268,0.182
2012-12-08 12:00:00,0.733,0.134,0.26,0.26,0.178,0.157
2012-12-08 13:00:00,0.624,0.117,0.302,0.302,0.117,0.151
2012-12-08 14:00:00,0.52,0.109,0.312,0.312,0.079,0.152
2012-12-08 15:00:00,0.438,0.095,0.287,0.287,0.07,0.132
2012-12-08 16:00:00,0.387,0.079,0.238,0.238,0.072,0.108
2012-12-08 17:00:00,0.36,0.063,0.188,0.188,0.084,0.126
2012-12-08 18:00:00,0.34,0.062,0.127,0.127,0.107,0.16
2012-12-08 19:00:00,0.253,0.049,0.085,0.085,0.136,0.188
2012-12-08 20:00:00,0.155,0.04,0.068,0.068,0.151,0.215
2012-12-08 21:00:00,0.08,0.033,0.07,0.07,0.174,0.231
2012-12-08 22:00:00,0.032,0.022,0.073,0.073,0.287,0.243
2012-12-08 23:00:00,0.028,0.038,0.076,0.076,0.384,0.217
2012-12-09 00:00:00,0.029,0.022,0.083,0.083,0.415,0.189
2012-12-09 01:00:00,0.03,0.019,0.09,0.09,0.411,0.148
2012-12-09 02:00:00,0.044,0.021,0.104,0.104,0.436,0.114
2012-12-09 03:00:00,0.065,0.011,0.132,0.132,0.479,0.093
2012-12-09 04:00:00,0.091,0.002,0.155,0.155,0.47,0.084
2012-12-09 05:00:00,0.09,0.0,0.185,0.185,0.423,0.08
2012-12-09 06:00:00,0.07,0.0,0.245,0.245,0.33,0.08
2012-12-09 07:00:00,0.06,0.0,0.293,0.293,0.238,0.079
2012-12-09 08:00:00,0.052,0.0,0.286,0.286,0.216,0.078
2012-12-09 09:00:00,0.04,0.0,0.264,0.264,0.237,0.083
2012-12-09 10:00:00,0.036,0.001,0.206,0.206,0.256,0.091
2012-12-09 11:00:00,0.05,0.005,0.155,0.155,0.358,0.06
2012-12-09 12:00:00,0.057,0.012,0.138,0.138,0.442,0.063
2012-12-09 13:00:00,0.073,0.014,0.108,0.108,0.456,0.06
2012-12-09 14:00:00,0.1,0.01,0.072,0.072,0.482,0.061
2012-12-09 15:00:00,0.135,0.013,0.043,0.043,0.547,0.078
2012-12-09 16:00:00,0.182,0.02,0.028,0.028,0.562,0.097
2012-12-09 17:00:00,0.266,0.039,0.027,0.027,0.514,0.117
2012-12-09 18:00:00,0.355,0.068,0.03,0.03,0.442,0.189
2012-12-09 19:00:00,0.421,0.125,0.033,0.033,0.432,0.284
2012-12-09 20:00:00,0.491,0.156,0.034,0.034,0.416,0.367
2012-12-09 21:00:00,0.532,0.17,0.047,0.047,0.387,0.406
2012-12-09 22:00:00,0.553,0.176,0.049,0.049,0.321,0.412
2012-12-09 23:00:00,0.552,0.206,0.056,0.056,0.204,0.378
2012-12-10 00:00:00,0.715,0.183,0.051,0.051,0.226,0.335
2012-12-10 01:00:00,0.804,0.212,0.058,0.058,0.212,0.27
2012-12-10 02:00:00,0.835,0.275,0.067,0.067,0.131,0.222
2012-12-10 03:00:00,0.839,0.376,0.083,0.083,0.065,0.174
2012-12-10 04:00:00,0.859,0.466,0.082,0.082,0.028,0.15
2012-12-10 05:00:00,0.873,0.555,0.078,0.078,0.033,0.129
2012-12-10 06:00:00,0.887,0.614,0.08,0.08,0.094,0.156
2012-12-10 07:00:00,0.902,0.627,0.095,0.095,0.279,0.216
2012-12-10 08:00:00,0.915,0.662,0.146,0.146,0.532,0.255
2012-12-10 09:00:00,0.932,0.743,0.219,0.219,0.706,0.291
2012-12-10 10:00:00,0.926,0.816,0.33,0.33,0.78,0.352
2012-12-10 11:00:00,0.913,0.918,0.331,0.331,0.909,0.402
2012-12-10 12:00:00,0.928,0.914,0.463,0.463,0.984,0.447
2012-12-10 13:00:00,0.937,0.916,0.606,0.606,0.996,0.527
2012-12-10 14:00:00,0.939,0.931,0.747,0.747,0.999,0.614
2012-12-10 15:00:00,0.938,0.948,0.908,0.908,1.0,0.666
2012-12-10 16:00:00,0.934,0.943,0.963,0.963,1.0,0.68
2012-12-10 17:00:00,0.924,0.918,0.978,0.978,1.0,0.673
2012-12-10 18:00:00,0.762,0.899,0.981,0.981,0.998,0.672
2012-12-10 19:00:00,0.624,0.844,0.983,0.983,0.995,0.683
2012-12-10 20:00:00,0.668,0.824,0.981,0.981,0.988,0.691
2012-12-10 21:00:00,0.724,0.792,0.984,0.984,0.98,0.694
2012-12-10 22:00:00,0.772,0.817,0.989,0.989,0.962,0.706
2012-12-10 23:00:00,0.84,0.911,0.99,0.99,0.937,0.707
2012-12-11 00:00:00,0.859,0.91,0.981,0.981,0.873,0.715
2012-12-11 01:00:00,0.862,0.906,0.961,0.961,0.788,0.71
2012-12-11 02:00:00,0.866,0.89,0.943,0.943,0.755,0.699
2012-12-11 03:00:00,0.863,0.851,0.895,0.895,0.735,0.694
2012-12-11 04:00:00,0.854,0.767,0.872,0.872,0.757,0.695
2012-12-11 05:00:00,0.865,0.743,0.903,0.903,0.792,0.697
2012-12-11 06:00:00,0.901,0.77,0.924,0.924,0.809,0.698
2012-12-11 07:00:00,0.929,0.751,0.909,0.909,0.86,0.706
2012-12-11 08:00:00,0.934,0.717,0.848,0.848,0.882,0.714
2012-12-11 09:00:00,0.936,0.716,0.793,0.793,0.887,0.721
2012-12-11 10:00:00,0.936,0.699,0.706,0.706,0.915,0.706
2012-12-11 11:00:00,0.93,0.645,0.575,0.575,0.906,0.722
2012-12-11 12:00:00,0.93,0.562,0.488,0.488,0.842,0.699
2012-12-11 13:00:00,0.925,0.5,0.427,0.427,0.78,0.665
2012-12-11 14:00:00,0.927,0.446,0.416,0.416,0.718,0.649
2012-12-11 15:00:00,0.926,0.37,0.453,0.453,0.643,0.639
2012-12-11 16:00:00,0.926,0.331,0.479,0.479,0.54,0.648
2012-12-11 17:00:00,0.925,0.304,0.47,0.47,0.493,0.643
2012-12-11 18:00:00,0.928,0.252,0.429,0.429,0.461,0.628
2012-12-11 19:00:00,0.931,0.231,0.382,0.382,0.358,0.607
2012-12-11 20:00:00,0.922,0.27,0.319,0.319,0.306,0.576
2012-12-11 21:00:00,0.919,0.263,0.28,0.28,0.254,0.56
2012-12-11 22:00:00,0.917,0.245,0.172,0.172,0.38,0.536
2012-12-11 23:00:00,0.924,0.231,0.216,0.216,0.516,0.505
2012-12-12 00:00:00,0.921,0.193,0.257,0.257,0.702,0.508
2012-12-12 01:00:00,0.917,0.181,0.265,0.265,0.857,0.52
2012-12-12 02:00:00,0.892,0.245,0.296,0.296,0.88,0.527
2012-12-12 03:00:00,0.847,0.3,0.328,0.328,0.88,0.549
2012-12-12 04:00:00,0.775,0.275,0.338,0.338,0.872,0.578
2012-12-12 05:00:00,0.697,0.226,0.265,0.265,0.868,0.599
2012-12-12 06:00:00,0.626,0.18,0.194,0.194,0.878,0.6
2012-12-12 07:00:00,0.548,0.145,0.14,0.14,0.899,0.59
2012-12-12 08:00:00,0.47,0.101,0.106,0.106,0.933,0.584
2012-12-12 09:00:00,0.427,0.042,0.081,0.081,0.957,0.604
2012-12-12 10:00:00,0.392,0.011,0.073,0.073,0.994,0.624
2012-12-12 11:00:00,0.33,0.009,0.057,0.057,0.995,0.649
2012-12-12 12:00:00,0.282,0.001,0.044,0.044,0.996,0.646
2012-12-12 13:00:00,0.291,0.0,0.05,0.05,0.996,0.646
2012-12-12 14:00:00,0.285,0.0,0.096,0.096,0.99,0.674
2012-12-12 15:00:00,0.244,0.0,0.218,0.218,0.985,0.728
2012-12-12 16:00:00,0.213,0.0,0.376,0.376,0.989,0.768
2012-12-12 17:00:00,0.186,0.0,0.473,0.473,0.986,0.79
2012-12-12 18:00:00,0.18,0.007,0.542,0.542,0.97,0.793
2012-12-12 19:00:00,0.183,0.027,0.639,0.639,0.923,0.788
2012-12-12 20:00:00,0.176,0.105,0.723,0.723,0.84,0.781
2012-12-12 21:00:00,0.153,0.205,0.777,0.777,0.725,0.768
2012-12-12 22:00:00,0.113,0.34,0.775,0.775,0.597,0.733
2012-12-12 23:00:00,0.057,0.378,0.776,0.776,0.518,0.677
2012-12-13 00:00:00,0.046,0.443,0.679,0.679,0.484,0.632
2012-12-13 01:00:00,0.041,0.388,0.543,0.543,0.457,0.541
2012-12-13 02:00:00,0.036,0.249,0.417,0.417,0.385,0.417
2012-12-13 03:00:00,0.03,0.132,0.322,0.322,0.328,0.312
2012-12-13 04:00:00,0.025,0.068,0.227,0.227,0.288,0.225
2012-12-13 05:00:00,0.023,0.044,0.178,0.178,0.272,0.169
2012-12-13 06:00:00,0.021,0.051,0.154,0.154,0.256,0.148
2012-12-13 07:00:00,0.022,0.088,0.121,0.121,0.209,0.133
2012-12-13 08:00:00,0.03,0.141,0.076,0.076,0.151,0.11
2012-12-13 09:00:00,0.049,0.182,0.059,0.059,0.117,0.078
2012-12-13 10:00:00,0.072,0.181,0.087,0.087,0.128,0.057
2012-12-13 11:00:00,0.112,0.131,0.085,0.085,0.12,0.085
2012-12-13 12:00:00,0.11,0.082,0.069,0.069,0.121,0.116
2012-12-13 13:00:00,0.104,0.067,0.055,0.055,0.124,0.097
2012-12-13 14:00:00,0.099,0.076,0.053,0.053,0.11,0.063
2012-12-13 15:00:00,0.099,0.094,0.053,0.053,0.073,0.063
2012-12-13 16:00:00,0.111,0.118,0.045,0.045,0.046,0.091
2012-12-13 17:00:00,0.131,0.13,0.035,0.035,0.032,0.12
2012-12-13 18:00:00,0.157,0.102,0.026,0.026,0.026,0.128
2012-12-13 19:00:00,0.165,0.078,0.023,0.023,0.018,0.131
2012-12-13 20:00:00,0.17,0.065,0.024,0.024,0.015,0.126
2012-12-13 21:00:00,0.174,0.059,0.033,0.033,0.013,0.121
2012-12-13 22:00:00,0.172,0.061,0.038,0.038,0.008,0.11
2012-12-13 23:00:00,0.129,0.084,0.041,0.041,0.007,0.093
2012-12-14 00:00:00,0.172,0.11,0.041,0.041,0.006,0.087
2012-12-14 01:00:00,0.237,0.141,0.04,0.04,0.006,0.091
2012-12-14 02:00:00,0.278,0.151,0.04,0.04,0.007,0.098
2012-12-14 03:00:00,0.309,0.18,0.044,0.044,0.005,0.103
2012-12-14 04:00:00,0.353,0.226,0.049,0.049,0.003,0.106
2012-12-14 05:00:00,0.369,0.291,0.045,0.045,0.002,0.109
2012-12-14 06:00:00,0.38,0.373,0.048,0.048,0.006,0.099
2012-12-14 07:00:00,0.342,0.505,0.048,0.048,0.027,0.09
2012-12-14 08:00:00,0.302,0.616,0.049,0.049,0.061,0.079
2012-12-14 09:00:00,0.264,0.671,0.052,0.052,0.1,0.078
2012-12-14 10:00:00,0.221,0.688,0.081,0.081,0.182,0.073
2012-12-14 11:00:00,0.174,0.706,0.104,0.104,0.138,0.07
2012-12-14 12:00:00,0.163,0.718,0.109,0.109,0.079,0.073
2012-12-14 13:00:00,0.17,0.709,0.093,0.093,0.059,0.068
2012-12-14 14:00:00,0.208,0.611,0.085,0.085,0.052,0.059
2012-12-14 15:00:00,0.294,0.416,0.082,0.082,0.075,0.061
2012-12-14 16:00:00,0.412,0.271,0.084,0.084,0.115,0.05
2012-12-14 17:00:00,0.527,0.199,0.131,0.131,0.15,0.048
2012-12-14 18:00:00,0.63,0.17,0.219,0.219,0.154,0.042
2012-12-14 19:00:00,0.681,0.148,0.296,0.296,0.171,0.043
2012-12-14 20:00:00,0.694,0.111,0.313,0.313,0.207,0.052
2012-12-14 21:00:00,0.695,0.073,0.254,0.254,0.234,0.066
2012-12-14 22:00:00,0.689,0.051,0.173,0.173,0.279,0.091
2012-12-14 23:00:00,0.753,0.031,0.143,0.143,0.271,0.107
2012-12-15 00:00:00,0.751,0.026,0.13,0.13,0.266,0.136
2012-12-15 01:00:00,0.755,0.016,0.162,0.162,0.277,0.161
2012-12-15 02:00:00,0.758,0.031,0.229,0.229,0.346,0.17
2012-12-15 03:00:00,0.767,0.102,0.292,0.292,0.426,0.183
2012-12-15 04:00:00,0.775,0.212,0.396,0.396,0.48,0.199
2012-12-15 05:00:00,0.803,0.281,0.523,0.523,0.502,0.227
2012-12-15 06:00:00,0.81,0.354,0.62,0.62,0.502,0.275
2012-12-15 07:00:00,0.805,0.517,0.691,0.691,0.513,0.339
2012-12-15 08:00:00,0.831,0.72,0.745,0.745,0.499,0.414
2012-12-15 09:00:00,0.87,0.821,0.771,0.771,0.457,0.488
2012-12-15 10:00:00,0.88,0.867,0.803,0.803,0.457,0.559
2012-12-15 11:00:00,0.893,0.948,0.767,0.767,0.504,0.608
2012-12-15 12:00:00,0.893,0.944,0.736,0.736,0.472,0.619
2012-12-15 13:00:00,0.906,0.939,0.71,0.71,0.515,0.632
2012-12-15 14:00:00,0.916,0.942,0.769,0.769,0.522,0.641
2012-12-15 15:00:00,0.917,0.947,0.825,0.825,0.508,0.669
2012-12-15 16:00:00,0.928,0.949,0.863,0.863,0.682,0.707
2012-12-15 17:00:00,0.934,0.95,0.948,0.948,0.722,0.757
2012-12-15 18:00:00,0.937,0.95,0.933,0.933,0.736,0.8
2012-12-15 19:00:00,0.94,0.95,0.881,0.881,0.77,0.804
2012-12-15 20:00:00,0.94,0.95,0.863,0.863,0.856,0.797
2012-12-15 21:00:00,0.941,0.95,0.893,0.893,0.88,0.811
2012-12-15 22:00:00,0.944,0.95,0.949,0.949,0.947,0.835
2012-12-15 23:00:00,0.947,0.95,0.968,0.968,0.948,0.882
2012-12-16 00:00:00,0.95,0.95,0.991,0.991,0.979,0.912
2012-12-16 01:00:00,0.949,0.95,0.997,0.997,0.989,0.922
2012-12-16 02:00:00,0.949,0.95,0.999,0.999,0.981,0.937
2012-12-16 03:00:00,0.949,0.95,0.999,0.999,0.987,0.949
2012-12-16 04:00:00,0.949,0.95,0.999,0.999,0.995,0.95
2012-12-16 05:00:00,0.949,0.95,0.998,0.998,0.99,0.95
2012-12-16 06:00:00,0.949,0.95,0.998,0.998,0.979,0.945
2012-12-16 07:00:00,0.948,0.95,0.998,0.998,0.97,0.938
2012-12-16 08:00:00,0.947,0.95,0.998,0.998,0.956,0.93
2012-12-16 09:00:00,0.945,0.95,0.995,0.995,0.935,0.914
2012-12-16 10:00:00,0.94,0.95,0.934,0.934,0.842,0.899
2012-12-16 11:00:00,0.927,0.95,0.936,0.936,0.722,0.864
2012-12-16 12:00:00,0.912,0.95,0.907,0.907,0.603,0.844
2012-12-16 13:00:00,0.896,0.95,0.865,0.865,0.43,0.815
2012-12-16 14:00:00,0.883,0.95,0.765,0.765,0.258,0.799
2012-12-16 15:00:00,0.869,0.95,0.702,0.702,0.264,0.762
2012-12-16 16:00:00,0.865,0.95,0.636,0.636,0.288,0.714
2012-12-16 17:00:00,0.865,0.95,0.554,0.554,0.266,0.68
2012-12-16 18:00:00,0.864,0.95,0.407,0.407,0.173,0.649
2012-12-16 19:00:00,0.852,0.95,0.296,0.296,0.114,0.592
2012-12-16 20:00:00,0.847,0.95,0.201,0.201,0.08,0.511
2012-12-16 21:00:00,0.844,0.95,0.162,0.162,0.07,0.425
2012-12-16 22:00:00,0.831,0.95,0.157,0.157,0.085,0.373
2012-12-16 23:00:00,0.817,0.95,0.108,0.108,0.079,0.371
2012-12-17 00:00:00,0.773,0.949,0.078,0.078,0.055,0.353
2012-12-17 01:00:00,0.705,0.946,0.054,0.054,0.028,0.343
2012-12-17 02:00:00,0.666,0.937,0.036,0.036,0.018,0.329
2012-12-17 03:00:00,0.604,0.908,0.024,0.024,0.019,0.31
2012-12-17 04:00:00,0.536,0.863,0.011,0.011,0.024,0.294
2012-12-17 05:00:00,0.426,0.797,0.008,0.008,0.049,0.283
2012-12-17 06:00:00,0.367,0.736,0.009,0.009,0.06,0.282
2012-12-17 07:00:00,0.309,0.685,0.012,0.012,0.058,0.286
2012-12-17 08:00:00,0.285,0.64,0.011,0.011,0.065,0.291
2012-12-17 09:00:00,0.264,0.569,0.014,0.014,0.1,0.291
2012-12-17 10:00:00,0.254,0.461,0.016,0.016,0.145,0.29
2012-12-17 11:00:00,0.151,0.38,0.013,0.013,0.155,0.299
2012-12-17 12:00:00,0.114,0.356,0.012,0.012,0.158,0.3
2012-12-17 13:00:00,0.107,0.416,0.014,0.014,0.111,0.291
2012-12-17 14:00:00,0.096,0.481,0.018,0.018,0.076,0.294
2012-12-17 15:00:00,0.091,0.526,0.031,0.031,0.097,0.295
2012-12-17 16:00:00,0.08,0.547,0.064,0.064,0.122,0.29
2012-12-17 17:00:00,0.078,0.523,0.084,0.084,0.129,0.298
2012-12-17 18:00:00,0.08,0.473,0.085,0.085,0.148,0.304
2012-12-17 19:00:00,0.091,0.576,0.081,0.081,0.175,0.312
2012-12-17 20:00:00,0.104,0.662,0.06,0.06,0.139,0.3
2012-12-17 21:00:00,0.098,0.693,0.045,0.045,0.115,0.273
2012-12-17 22:00:00,0.083,0.699,0.063,0.063,0.117,0.243
2012-12-17 23:00:00,0.059,0.643,0.083,0.083,0.091,0.273
2012-12-18 00:00:00,0.039,0.615,0.113,0.113,0.13,0.273
2012-12-18 01:00:00,0.022,0.646,0.133,0.133,0.144,0.272
2012-12-18 02:00:00,0.018,0.715,0.176,0.176,0.123,0.284
2012-12-18 03:00:00,0.029,0.809,0.193,0.193,0.095,0.3
2012-12-18 04:00:00,0.039,0.843,0.214,0.214,0.106,0.299
2012-12-18 05:00:00,0.052,0.869,0.23,0.23,0.113,0.302
2012-12-18 06:00:00,0.071,0.892,0.248,0.248,0.117,0.321
2012-12-18 07:00:00,0.103,0.907,0.302,0.302,0.116,0.347
2012-12-18 08:00:00,0.143,0.904,0.328,0.328,0.113,0.366
2012-12-18 09:00:00,0.199,0.914,0.32,0.32,0.11,0.398
2012-12-18 10:00:00,0.272,0.932,0.316,0.316,0.099,0.406
2012-12-18 11:00:00,0.222,0.831,0.304,0.304,0.091,0.415
2012-12-18 12:00:00,0.227,0.806,0.307,0.307,0.087,0.376
2012-12-18 13:00:00,0.253,0.769,0.298,0.298,0.082,0.348
2012-12-18 14:00:00,0.281,0.736,0.294,0.294,0.073,0.331
2012-12-18 15:00:00,0.324,0.765,0.257,0.257,0.067,0.331
2012-12-18 16:00:00,0.353,0.797,0.227,0.227,0.065,0.338
2012-12-18 17:00:00,0.395,0.772,0.23,0.23,0.064,0.341
2012-12-18 18:00:00,0.43,0.724,0.222,0.222,0.074,0.331
2012-12-18 19:00:00,0.44,0.729,0.189,0.189,0.098,0.327
2012-12-18 20:00:00,0.467,0.739,0.139,0.139,0.114,0.31
2012-12-18 21:00:00,0.448,0.732,0.103,0.103,0.106,0.274
2012-12-18 22:00:00,0.438,0.684,0.134,0.134,0.045,0.228
2012-12-18 23:00:00,0.258,0.637,0.144,0.144,0.028,0.214
2012-12-19 00:00:00,0.263,0.591,0.14,0.14,0.02,0.2
2012-12-19 01:00:00,0.289,0.578,0.115,0.115,0.027,0.191
2012-12-19 02:00:00,0.331,0.51,0.087,0.087,0.044,0.186
2012-12-19 03:00:00,0.387,0.426,0.085,0.085,0.057,0.171
2012-12-19 04:00:00,0.428,0.412,0.114,0.114,0.075,0.153
2012-12-19 05:00:00,0.472,0.422,0.116,0.116,0.081,0.159
2012-12-19 06:00:00,0.484,0.416,0.109,0.109,0.08,0.184
2012-12-19 07:00:00,0.477,0.4,0.103,0.103,0.09,0.2
2012-12-19 08:00:00,0.486,0.352,0.1,0.1,0.101,0.196
2012-12-19 09:00:00,0.522,0.364,0.088,0.088,0.095,0.168
2012-12-19 10:00:00,0.55,0.405,0.09,0.09,0.048,0.134
2012-12-19 11:00:00,0.5,0.423,0.096,0.096,0.043,0.184
2012-12-19 12:00:00,0.439,0.406,0.097,0.097,0.04,0.184
2012-12-19 13:00:00,0.44,0.283,0.079,0.079,0.036,0.176
2012-12-19 14:00:00,0.411,0.201,0.058,0.058,0.044,0.153
2012-12-19 15:00:00,0.39,0.14,0.047,0.047,0.075,0.127
2012-12-19 16:00:00,0.412,0.12,0.042,0.042,0.107,0.117
2012-12-19 17:00:00,0.499,0.126,0.045,0.045,0.111,0.123
2012-12-19 18:00:00,0.54,0.143,0.05,0.05,0.094,0.131
2012-12-19 19:00:00,0.528,0.16,0.053,0.053,0.075,0.13
2012-12-19 20:00:00,0.468,0.171,0.049,0.049,0.063,0.116
2012-12-19 21:00:00,0.405,0.159,0.043,0.043,0.061,0.099
2012-12-19 22:00:00,0.356,0.139,0.066,0.066,0.076,0.087
2012-12-19 23:00:00,0.326,0.094,0.051,0.051,0.071,0.097
2012-12-20 00:00:00,0.337,0.082,0.038,0.038,0.067,0.094
2012-12-20 01:00:00,0.375,0.067,0.029,0.029,0.066,0.078
2012-12-20 02:00:00,0.402,0.044,0.018,0.018,0.056,0.054
2012-12-20 03:00:00,0.413,0.025,0.014,0.014,0.058,0.035
2012-12-20 04:00:00,0.409,0.012,0.01,0.01,0.069,0.027
2012-12-20 05:00:00,0.354,0.01,0.008,0.008,0.082,0.028
2012-12-20 06:00:00,0.293,0.009,0.007,0.007,0.081,0.031
2012-12-20 07:00:00,0.24,0.01,0.007,0.007,0.075,0.028
2012-12-20 08:00:00,0.193,0.009,0.005,0.005,0.069,0.023
2012-12-20 09:00:00,0.172,0.006,0.002,0.002,0.052,0.02
2012-12-20 10:00:00,0.179,0.007,0.002,0.002,0.039,0.014
2012-12-20 11:00:00,0.171,0.014,0.003,0.003,0.025,0.009
2012-12-20 12:00:00,0.168,0.025,0.005,0.005,0.02,0.007
2012-12-20 13:00:00,0.179,0.015,0.01,0.01,0.017,0.01
2012-12-20 14:00:00,0.18,0.007,0.016,0.016,0.015,0.019
2012-12-20 15:00:00,0.173,0.004,0.019,0.019,0.014,0.033
2012-12-20 16:00:00,0.167,0.015,0.025,0.025,0.016,0.049
2012-12-20 17:00:00,0.171,0.035,0.027,0.027,0.016,0.062
2012-12-20 18:00:00,0.22,0.057,0.034,0.034,0.013,0.071
2012-12-20 19:00:00,0.316,0.063,0.035,0.035,0.011,0.082
2012-12-20 20:00:00,0.432,0.071,0.031,0.031,0.009,0.088
2012-12-20 21:00:00,0.499,0.065,0.026,0.026,0.01,0.086
2012-12-20 22:00:00,0.554,0.066,0.05,0.05,0.007,0.079
2012-12-20 23:00:00,0.577,0.067,0.059,0.059,0.006,0.076
2012-12-21 00:00:00,0.598,0.082,0.063,0.063,0.009,0.076
2012-12-21 01:00:00,0.607,0.087,0.066,0.066,0.016,0.078
2012-12-21 02:00:00,0.611,0.074,0.061,0.061,0.022,0.087
2012-12-21 03:00:00,0.669,0.067,0.043,0.043,0.032,0.092
2012-12-21 04:00:00,0.725,0.055,0.038,0.038,0.046,0.085
2012-12-21 05:00:00,0.768,0.052,0.033,0.033,0.081,0.09
2012-12-21 06:00:00,0.806,0.047,0.024,0.024,0.107,0.098
2012-12-21 07:00:00,0.831,0.036,0.015,0.015,0.107,0.11
2012-12-21 08:00:00,0.839,0.031,0.01,0.01,0.094,0.118
2012-12-21 09:00:00,0.848,0.024,0.008,0.008,0.071,0.115
2012-12-21 10:00:00,0.86,0.03,0.005,0.005,0.077,0.114
2012-12-21 11:00:00,0.876,0.061,0.004,0.004,0.068,0.143
2012-12-21 12:00:00,0.874,0.05,0.003,0.003,0.067,0.152
2012-12-21 13:00:00,0.875,0.018,0.002,0.002,0.078,0.15
2012-12-21 14:00:00,0.881,0.01,0.002,0.002,0.092,0.148
2012-12-21 15:00:00,0.888,0.023,0.003,0.003,0.113,0.165
2012-12-21 16:00:00,0.893,0.061,0.004,0.004,0.139,0.193
2012-12-21 17:00:00,0.897,0.092,0.01,0.01,0.165,0.221
2012-12-21 18:00:00,0.899,0.111,0.021,0.021,0.182,0.259
2012-12-21 19:00:00,0.897,0.126,0.036,0.036,0.18,0.295
2012-12-21 20:00:00,0.895,0.14,0.043,0.043,0.157,0.314
2012-12-21 21:00:00,0.892,0.137,0.047,0.047,0.134,0.308
2012-12-21 22:00:00,0.889,0.132,0.043,0.043,0.166,0.283
2012-12-21 23:00:00,0.891,0.158,0.055,0.055,0.178,0.28
2012-12-22 00:00:00,0.895,0.124,0.084,0.084,0.206,0.236
2012-12-22 01:00:00,0.9,0.103,0.115,0.115,0.267,0.196
2012-12-22 02:00:00,0.903,0.095,0.132,0.132,0.31,0.183
2012-12-22 03:00:00,0.904,0.091,0.156,0.156,0.315,0.191
2012-12-22 04:00:00,0.908,0.093,0.204,0.204,0.36,0.208
2012-12-22 05:00:00,0.914,0.106,0.262,0.262,0.415,0.238
2012-12-22 06:00:00,0.919,0.118,0.339,0.339,0.449,0.261
2012-12-22 07:00:00,0.924,0.128,0.39,0.39,0.409,0.313
2012-12-22 08:00:00,0.927,0.139,0.383,0.383,0.391,0.369
2012-12-22 09:00:00,0.927,0.152,0.329,0.329,0.379,0.397
2012-12-22 10:00:00,0.923,0.164,0.26,0.26,0.574,0.391
2012-12-22 11:00:00,0.938,0.158,0.209,0.209,0.434,0.466
2012-12-22 12:00:00,0.92,0.123,0.162,0.162,0.332,0.415
2012-12-22 13:00:00,0.906,0.109,0.124,0.124,0.286,0.368
2012-12-22 14:00:00,0.886,0.118,0.107,0.107,0.251,0.341
2012-12-22 15:00:00,0.869,0.119,0.135,0.135,0.28,0.3
2012-12-22 16:00:00,0.869,0.135,0.167,0.167,0.31,0.302
2012-12-22 17:00:00,0.875,0.165,0.216,0.216,0.356,0.308
2012-12-22 18:00:00,0.876,0.214,0.261,0.261,0.404,0.316
2012-12-22 19:00:00,0.871,0.244,0.284,0.284,0.429,0.314
2012-12-22 20:00:00,0.867,0.249,0.291,0.291,0.411,0.312
2012-12-22 21:00:00,0.859,0.233,0.292,0.292,0.377,0.299
2012-12-22 22:00:00,0.859,0.224,0.293,0.293,0.456,0.303
2012-12-22 23:00:00,0.863,0.169,0.272,0.272,0.373,0.295
2012-12-23 00:00:00,0.886,0.159,0.251,0.251,0.295,0.277
2012-12-23 01:00:00,0.887,0.139,0.226,0.226,0.253,0.267
2012-12-23 02:00:00,0.874,0.108,0.202,0.202,0.252,0.258
2012-12-23 03:00:00,0.868,0.101,0.172,0.172,0.246,0.248
2012-12-23 04:00:00,0.874,0.101,0.156,0.156,0.237,0.233
2012-12-23 05:00:00,0.885,0.109,0.153,0.153,0.256,0.234
2012-12-23 06:00:00,0.872,0.13,0.155,0.155,0.263,0.25
2012-12-23 07:00:00,0.864,0.153,0.166,0.166,0.277,0.276
2012-12-23 08:00:00,0.872,0.166,0.187,0.187,0.283,0.303
2012-12-23 09:00:00,0.874,0.193,0.182,0.182,0.234,0.323
2012-12-23 10:00:00,0.877,0.199,0.161,0.161,0.156,0.315
2012-12-23 11:00:00,0.863,0.213,0.172,0.172,0.143,0.341
2012-12-23 12:00:00,0.852,0.153,0.164,0.164,0.158,0.35
2012-12-23 13:00:00,0.85,0.126,0.164,0.164,0.171,0.349
2012-12-23 14:00:00,0.846,0.127,0.192,0.192,0.219,0.357
2012-12-23 15:00:00,0.851,0.137,0.223,0.223,0.298,0.383
2012-12-23 16:00:00,0.88,0.175,0.253,0.253,0.387,0.404
2012-12-23 17:00:00,0.895,0.216,0.295,0.295,0.471,0.429
2012-12-23 18:00:00,0.912,0.237,0.372,0.372,0.53,0.455
2012-12-23 19:00:00,0.918,0.248,0.402,0.402,0.556,0.487
2012-12-23 20:00:00,0.921,0.285,0.421,0.421,0.66,0.494
2012-12-23 21:00:00,0.921,0.327,0.486,0.486,0.717,0.5
2012-12-23 22:00:00,0.933,0.316,0.562,0.562,0.828,0.51
2012-12-23 23:00:00,0.937,0.309,0.512,0.512,0.814,0.551
2012-12-24 00:00:00,0.94,0.3,0.422,0.422,0.747,0.526
2012-12-24 01:00:00,0.945,0.3,0.429,0.429,0.765,0.491
2012-12-24 02:00:00,0.944,0.325,0.423,0.423,0.777,0.514
2012-12-24 03:00:00,0.946,0.373,0.505,0.505,0.762,0.5
2012-12-24 04:00:00,0.947,0.443,0.594,0.594,0.766,0.532
2012-12-24 05:00:00,0.948,0.496,0.734,0.734,0.84,0.577
2012-12-24 06:00:00,0.948,0.575,0.781,0.781,0.864,0.663
2012-12-24 07:00:00,0.948,0.754,0.787,0.787,0.95,0.712
2012-12-24 08:00:00,0.947,0.868,0.862,0.862,0.952,0.744
2012-12-24 09:00:00,0.941,0.901,0.859,0.859,0.947,0.787
2012-12-24 10:00:00,0.894,0.936,0.902,0.902,0.929,0.825
2012-12-24 11:00:00,0.916,0.942,0.919,0.919,0.922,0.863
2012-12-24 12:00:00,0.931,0.947,0.93,0.93,0.94,0.872
2012-12-24 13:00:00,0.903,0.946,0.906,0.906,0.915,0.878
2012-12-24 14:00:00,0.89,0.94,0.978,0.978,0.971,0.891
2012-12-24 15:00:00,0.929,0.949,0.996,0.996,0.978,0.904
2012-12-24 16:00:00,0.949,0.95,0.982,0.982,0.984,0.906
2012-12-24 17:00:00,0.949,0.95,0.997,0.997,0.989,0.911
2012-12-24 18:00:00,0.949,0.95,0.998,0.998,0.994,0.919
2012-12-24 19:00:00,0.947,0.95,1.0,1.0,0.99,0.927
2012-12-24 20:00:00,0.939,0.95,1.0,1.0,0.958,0.912
2012-12-24 21:00:00,0.919,0.95,0.999,0.999,0.863,0.865
2012-12-24 22:00:00,0.902,0.95,0.993,0.993,0.664,0.834
2012-12-24 23:00:00,0.912,0.95,0.963,0.963,0.636,0.824
2012-12-25 00:00:00,0.932,0.95,0.865,0.865,0.664,0.824
2012-12-25 01:00:00,0.94,0.95,0.675,0.675,0.889,0.754
2012-12-25 02:00:00,0.944,0.95,0.571,0.571,0.954,0.648
2012-12-25 03:00:00,0.943,0.95,0.667,0.667,0.97,0.606
2012-12-25 04:00:00,0.938,0.95,0.822,0.822,0.98,0.676
2012-12-25 05:00:00,0.925,0.95,0.969,0.969,0.988,0.759
2012-12-25 06:00:00,0.903,0.947,0.998,0.998,0.991,0.812
2012-12-25 07:00:00,0.862,0.925,1.0,1.0,0.991,0.798
2012-12-25 08:00:00,0.794,0.912,0.999,0.999,0.993,0.786
2012-12-25 09:00:00,0.706,0.828,0.999,0.999,0.993,0.784
2012-12-25 10:00:00,0.612,0.813,0.995,0.995,0.982,0.762
2012-12-25 11:00:00,0.39,0.932,0.998,0.998,0.977,0.725
2012-12-25 12:00:00,0.376,0.95,0.999,0.999,0.967,0.73
2012-12-25 13:00:00,0.402,0.95,0.998,0.998,0.929,0.719
2012-12-25 14:00:00,0.382,0.95,0.997,0.997,0.841,0.688
2012-12-25 15:00:00,0.446,0.95,0.989,0.989,0.773,0.671
2012-12-25 16:00:00,0.644,0.95,0.967,0.967,0.565,0.646
2012-12-25 17:00:00,0.792,0.95,0.875,0.875,0.486,0.603
2012-12-25 18:00:00,0.886,0.949,0.671,0.671,0.459,0.545
2012-12-25 19:00:00,0.887,0.949,0.503,0.503,0.458,0.453
2012-12-25 20:00:00,0.888,0.94,0.664,0.664,0.597,0.313
2012-12-25 21:00:00,0.907,0.786,0.649,0.649,0.859,0.345
2012-12-25 22:00:00,0.94,0.682,0.676,0.676,0.979,0.384
2012-12-25 23:00:00,0.922,0.374,0.747,0.747,0.995,0.473
2012-12-26 00:00:00,0.943,0.36,0.888,0.888,0.999,0.585
2012-12-26 01:00:00,0.949,0.406,0.974,0.974,1.0,0.709
2012-12-26 02:00:00,0.934,0.441,0.995,0.995,1.0,0.773
2012-12-26 03:00:00,0.855,0.808,0.997,0.997,1.0,0.817
2012-12-26 04:00:00,0.775,0.945,0.998,0.998,1.0,0.846
2012-12-26 05:00:00,0.584,0.95,0.999,0.999,1.0,0.862
2012-12-26 06:00:00,0.381,0.95,1.0,1.0,1.0,0.869
2012-12-26 07:00:00,0.308,0.95,1.0,1.0,0.999,0.872
2012-12-26 08:00:00,0.28,0.95,1.0,1.0,0.985,0.873
2012-12-26 09:00:00,0.355,0.95,1.0,1.0,0.782,0.863
2012-12-26 10:00:00,0.5,0.95,0.998,0.998,0.628,0.8
2012-12-26 11:00:00,0.437,0.95,0.983,0.983,0.443,0.737
2012-12-26 12:00:00,0.537,0.95,0.955,0.955,0.414,0.692
2012-12-26 13:00:00,0.66,0.95,0.928,0.928,0.406,0.649
2012-12-26 14:00:00,0.706,0.95,0.893,0.893,0.358,0.616
2012-12-26 15:00:00,0.647,0.95,0.862,0.862,0.399,0.595
2012-12-26 16:00:00,0.671,0.95,0.863,0.863,0.403,0.584
2012-12-26 17:00:00,0.706,0.95,0.804,0.804,0.536,0.567
2012-12-26 18:00:00,0.698,0.95,0.821,0.821,0.575,0.491
2012-12-26 19:00:00,0.656,0.949,0.781,0.781,0.436,0.48
2012-12-26 20:00:00,0.605,0.937,0.679,0.679,0.321,0.444
2012-12-26 21:00:00,0.577,0.862,0.551,0.551,0.509,0.322
2012-12-26 22:00:00,0.592,0.718,0.44,0.44,0.656,0.201
2012-12-26 23:00:00,0.573,0.469,0.302,0.302,0.79,0.16
2012-12-27 00:00:00,0.686,0.216,0.359,0.359,0.934,0.172
2012-12-27 01:00:00,0.845,0.15,0.461,0.461,0.975,0.195
2012-12-27 02:00:00,0.918,0.147,0.57,0.57,0.99,0.251
2012-12-27 03:00:00,0.933,0.185,0.732,0.732,0.998,0.331
2012-12-27 04:00:00,0.939,0.252,0.856,0.856,1.0,0.438
2012-12-27 05:00:00,0.939,0.166,0.952,0.952,1.0,0.549
2012-12-27 06:00:00,0.939,0.213,0.992,0.992,1.0,0.675
2012-12-27 07:00:00,0.932,0.452,0.998,0.998,1.0,0.772
2012-12-27 08:00:00,0.928,0.869,0.999,0.999,1.0,0.847
2012-12-27 09:00:00,0.933,0.907,1.0,1.0,1.0,0.886
2012-12-27 10:00:00,0.939,0.915,1.0,1.0,1.0,0.896
2012-12-27 11:00:00,0.943,0.948,1.0,1.0,1.0,0.869
2012-12-27 12:00:00,0.947,0.95,1.0,1.0,1.0,0.847
2012-12-27 13:00:00,0.947,0.95,1.0,1.0,0.999,0.822
2012-12-27 14:00:00,0.948,0.95,1.0,1.0,0.995,0.803
2012-12-27 15:00:00,0.946,0.95,1.0,1.0,0.992,0.811
2012-12-27 16:00:00,0.934,0.95,1.0,1.0,0.996,0.834
2012-12-27 17:00:00,0.92,0.95,1.0,1.0,0.995,0.844
2012-12-27 18:00:00,0.911,0.95,0.999,0.999,0.993,0.84
2012-12-27 19:00:00,0.882,0.95,0.998,0.998,0.995,0.837
2012-12-27 20:00:00,0.89,0.95,0.998,0.998,0.997,0.84
2012-12-27 21:00:00,0.885,0.95,0.999,0.999,0.998,0.839
2012-12-27 22:00:00,0.803,0.95,0.999,0.999,0.997,0.83
2012-12-27 23:00:00,0.534,0.95,0.999,0.999,0.995,0.778
2012-12-28 00:00:00,0.414,0.95,0.998,0.998,0.994,0.766
2012-12-28 01:00:00,0.457,0.95,0.999,0.999,0.983,0.736
2012-12-28 02:00:00,0.489,0.95,0.997,0.997,0.987,0.728
2012-12-28 03:00:00,0.438,0.95,0.994,0.994,0.979,0.756
2012-12-28 04:00:00,0.485,0.95,0.994,0.994,0.983,0.744
2012-12-28 05:00:00,0.578,0.95,0.967,0.967,0.993,0.725
2012-12-28 06:00:00,0.712,0.949,0.953,0.953,0.997,0.707
2012-12-28 07:00:00,0.851,0.949,0.971,0.971,1.0,0.671
2012-12-28 08:00:00,0.836,0.943,0.983,0.983,1.0,0.631
2012-12-28 09:00:00,0.68,0.942,0.993,0.993,1.0,0.696
2012-12-28 10:00:00,0.485,0.934,0.993,0.993,1.0,0.73
2012-12-28 11:00:00,0.396,0.943,0.999,0.999,1.0,0.703
2012-12-28 12:00:00,0.319,0.949,1.0,1.0,1.0,0.639
2012-12-28 13:00:00,0.328,0.95,1.0,1.0,1.0,0.685
2012-12-28 14:00:00,0.366,0.95,1.0,1.0,1.0,0.69
2012-12-28 15:00:00,0.44,0.95,1.0,1.0,1.0,0.642
2012-12-28 16:00:00,0.554,0.95,1.0,1.0,0.999,0.549
2012-12-28 17:00:00,0.667,0.95,0.998,0.998,0.993,0.447
2012-12-28 18:00:00,0.782,0.95,0.995,0.995,0.949,0.601
2012-12-28 19:00:00,0.851,0.899,0.994,0.994,0.93,0.675
2012-12-28 20:00:00,0.853,0.767,0.987,0.987,0.929,0.719
2012-12-28 21:00:00,0.813,0.944,0.983,0.983,0.943,0.751
2012-12-28 22:00:00,0.722,0.934,0.991,0.991,0.977,0.787
2012-12-28 23:00:00,0.38,0.944,0.993,0.993,0.958,0.826
2012-12-29 00:00:00,0.25,0.947,0.995,0.995,0.912,0.802
2012-12-29 01:00:00,0.177,0.948,0.99,0.99,0.846,0.793
2012-12-29 02:00:00,0.138,0.95,0.989,0.989,0.92,0.794
2012-12-29 03:00:00,0.096,0.95,0.997,0.997,0.962,0.818
2012-12-29 04:00:00,0.08,0.95,0.998,0.998,0.985,0.85
2012-12-29 05:00:00,0.067,0.95,0.998,0.998,0.974,0.837
2012-12-29 06:00:00,0.062,0.95,0.999,0.999,0.869,0.827
2012-12-29 07:00:00,0.127,0.95,0.997,0.997,0.647,0.819
2012-12-29 08:00:00,0.284,0.95,0.994,0.994,0.516,0.815
2012-12-29 09:00:00,0.483,0.95,0.982,0.982,0.485,0.807
2012-12-29 10:00:00,0.708,0.95,0.937,0.937,0.326,0.796
2012-12-29 11:00:00,0.823,0.95,0.955,0.955,0.338,0.755
2012-12-29 12:00:00,0.853,0.95,0.94,0.94,0.487,0.755
2012-12-29 13:00:00,0.874,0.95,0.918,0.918,0.627,0.745
2012-12-29 14:00:00,0.879,0.95,0.968,0.968,0.588,0.751
2012-12-29 15:00:00,0.884,0.95,0.952,0.952,0.462,0.752
2012-12-29 16:00:00,0.887,0.95,0.886,0.886,0.305,0.731
2012-12-29 17:00:00,0.88,0.95,0.746,0.746,0.292,0.647
2012-12-29 18:00:00,0.879,0.949,0.616,0.616,0.349,0.563
2012-12-29 19:00:00,0.889,0.947,0.581,0.581,0.405,0.535
2012-12-29 20:00:00,0.905,0.913,0.578,0.578,0.467,0.496
2012-12-29 21:00:00,0.915,0.779,0.463,0.463,0.555,0.442
2012-12-29 22:00:00,0.925,0.753,0.395,0.395,0.765,0.353
2012-12-29 23:00:00,0.936,0.724,0.351,0.351,0.892,0.31
2012-12-30 00:00:00,0.943,0.567,0.455,0.455,0.93,0.368
2012-12-30 01:00:00,0.946,0.409,0.672,0.672,0.94,0.505
2012-12-30 02:00:00,0.948,0.207,0.813,0.813,0.969,0.632
2012-12-30 03:00:00,0.949,0.167,0.868,0.868,0.992,0.711
2012-12-30 04:00:00,0.949,0.405,0.901,0.901,0.997,0.763
2012-12-30 05:00:00,0.949,0.681,0.95,0.95,0.999,0.794
2012-12-30 06:00:00,0.948,0.838,0.976,0.976,1.0,0.84
2012-12-30 07:00:00,0.948,0.91,0.98,0.98,1.0,0.865
2012-12-30 08:00:00,0.948,0.932,0.977,0.977,0.999,0.899
2012-12-30 09:00:00,0.948,0.942,0.988,0.988,0.998,0.92
2012-12-30 10:00:00,0.948,0.948,0.975,0.975,0.997,0.924
2012-12-30 11:00:00,0.948,0.95,0.972,0.972,0.992,0.918
2012-12-30 12:00:00,0.947,0.95,0.975,0.975,0.981,0.917
2012-12-30 13:00:00,0.947,0.949,0.964,0.964,0.966,0.918
2012-12-30 14:00:00,0.947,0.932,0.95,0.95,0.968,0.913
2012-12-30 15:00:00,0.947,0.899,0.944,0.944,0.978,0.908
2012-12-30 16:00:00,0.947,0.872,0.943,0.943,0.981,0.904
2012-12-30 17:00:00,0.946,0.885,0.946,0.946,0.965,0.901
2012-12-30 18:00:00,0.943,0.91,0.941,0.941,0.941,0.906
2012-12-30 19:00:00,0.942,0.908,0.921,0.921,0.95,0.91
2012-12-30 20:00:00,0.943,0.899,0.914,0.914,0.976,0.912
2012-12-30 21:00:00,0.946,0.87,0.939,0.939,0.99,0.913
2012-12-30 22:00:00,0.948,0.822,0.962,0.962,0.993,0.913
2012-12-30 23:00:00,0.949,0.805,0.97,0.97,0.996,0.923
2012-12-31 00:00:00,0.947,0.853,0.974,0.974,0.996,0.919
2012-12-31 01:00:00,0.944,0.896,0.979,0.979,0.996,0.904
2012-12-31 02:00:00,0.94,0.918,0.988,0.988,0.995,0.894
2012-12-31 03:00:00,0.938,0.928,0.991,0.991,0.995,0.882
2012-12-31 04:00:00,0.944,0.947,0.991,0.991,0.996,0.897
2012-12-31 05:00:00,0.946,0.949,0.992,0.992,0.996,0.91
2012-12-31 06:00:00,0.948,0.947,0.993,0.993,0.998,0.912
2012-12-31 07:00:00,0.948,0.942,0.987,0.987,0.998,0.903
2012-12-31 08:00:00,0.945,0.941,0.981,0.981,0.997,0.884
2012-12-31 09:00:00,0.943,0.931,0.981,0.981,0.997,0.878
2012-12-31 10:00:00,0.945,0.912,0.967,0.967,0.995,0.884
2012-12-31 11:00:00,0.947,0.831,0.977,0.977,0.995,0.893
2012-12-31 12:00:00,0.947,0.842,0.973,0.973,0.997,0.907
2012-12-31 13:00:00,0.949,0.882,0.983,0.983,0.998,0.924
2012-12-31 14:00:00,0.95,0.913,0.993,0.993,0.998,0.933
2012-12-31 15:00:00,0.95,0.939,0.994,0.994,0.998,0.934
2012-12-31 16:00:00,0.95,0.945,0.996,0.996,0.997,0.937
2012-12-31 17:00:00,0.95,0.948,0.997,0.997,0.998,0.939
2012-12-31 18:00:00,0.95,0.95,0.998,0.998,0.999,0.937
2012-12-31 19:00:00,0.95,0.95,0.998,0.998,1.0,0.928
2012-12-31 20:00:00,0.95,0.95,0.999,0.999,1.0,0.916
2012-12-31 21:00:00,0.95,0.95,1.0,1.0,1.0,0.907
2012-12-31 22:00:00,0.95,0.95,1.0,1.0,1.0,0.895
2012-12-31 23:00:00,0.95,0.95,1.0,1.0,1.0,0.908
