hour,PL,PL dolnośląskie,PL kujawsko-pomorskie,PL lubelskie,PL lubuskie,PL łódzkie,PL małopolskie,PL mazowieckie,PL opolskie,PL podkarpackie,PL podlaskie,PL pomorskie,PL śląskie,PL świętokrzyskie,PL warmińsko-mazurskie,PL wielkopolskie,PL zachodniopomorskie
2015-01-01 00:00:00,0.0,0.0,0.0,0.0,0.0,0.0,0.0,0.0,0.0,0.0,0.0,0.0,0.0,0.0,0.0,0.0,0.0
2015-01-01 01:00:00,0.0,0.0,0.0,0.0,0.0,0.0,0.0,0.0,0.0,0.0,0.0,0.0,0.0,0.0,0.0,0.0,0.0
2015-01-01 02:00:00,0.0,0.0,0.0,0.0,0.0,0.0,0.0,0.0,0.0,0.0,0.0,0.0,0.0,0.0,0.0,0.0,0.0
2015-01-01 03:00:00,0.0,0.0,0.0,0.0,0.0,0.0,0.0,0.0,0.0,0.0,0.0,0.0,0.0,0.0,0.0,0.0,0.0
2015-01-01 04:00:00,0.0,0.0,0.0,0.0,0.0,0.0,0.0,0.0,0.0,0.0,0.0,0.0,0.0,0.0,0.0,0.0,0.0
2015-01-01 05:00:00,0.0,0.0,0.0,0.0,0.0,0.0,0.0,0.0,0.0,0.0,0.0,0.0,0.0,0.0,0.0,0.0,0.0
2015-01-01 06:00:00,0.0,0.0,0.0,0.0,0.0,0.0,0.0,0.0,0.0,0.0,0.0,0.0,0.0,0.0,0.0,0.0,0.0
2015-01-01 07:00:00,0.0,0.0,0.0,0.0,0.0,0.0,0.0,0.0,0.0,0.0,0.0,0.0,0.0,0.0,0.0,0.0,0.0
2015-01-01 08:00:00,0.002,0.002,0.002,0.004,0.001,0.001,0.005,0.002,0.0,0.008,0.003,0.001,0.002,0.003,0.003,0.002,0.0
2015-01-01 09:00:00,0.017,0.026,0.018,0.013,0.02,0.012,0.019,0.015,0.012,0.02,0.013,0.015,0.01,0.008,0.017,0.02,0.012
2015-01-01 10:00:00,0.035,0.041,0.044,0.028,0.035,0.032,0.038,0.034,0.029,0.04,0.033,0.029,0.027,0.02,0.036,0.04,0.028
2015-01-01 11:00:00,0.063,0.084,0.073,0.04,0.083,0.054,0.028,0.057,0.053,0.03,0.053,0.036,0.037,0.019,0.052,0.084,0.053
2015-01-01 12:00:00,0.089,0.145,0.084,0.03,0.142,0.089,0.023,0.072,0.07,0.035,0.048,0.036,0.049,0.034,0.059,0.132,0.068
2015-01-01 13:00:00,0.096,0.19,0.057,0.024,0.186,0.112,0.021,0.067,0.146,0.015,0.072,0.026,0.074,0.03,0.034,0.134,0.077
2015-01-01 14:00:00,0.085,0.142,0.054,0.014,0.175,0.107,0.014,0.042,0.111,0.005,0.038,0.01,0.066,0.024,0.007,0.141,0.069
2015-01-01 15:00:00,0.034,0.087,0.0,0.0,0.091,0.02,0.012,0.0,0.06,0.0,0.0,0.0,0.05,0.004,0.0,0.058,0.017
2015-01-01 16:00:00,0.0,0.0,0.0,0.0,0.0,0.0,0.0,0.0,0.0,0.0,0.0,0.0,0.0,0.0,0.0,0.0,0.0
2015-01-01 17:00:00,0.0,0.0,0.0,0.0,0.0,0.0,0.0,0.0,0.0,0.0,0.0,0.0,0.0,0.0,0.0,0.0,0.0
2015-01-01 18:00:00,0.0,0.0,0.0,0.0,0.0,0.0,0.0,0.0,0.0,0.0,0.0,0.0,0.0,0.0,0.0,0.0,0.0
2015-01-01 19:00:00,0.0,0.0,0.0,0.0,0.0,0.0,0.0,0.0,0.0,0.0,0.0,0.0,0.0,0.0,0.0,0.0,0.0
2015-01-01 20:00:00,0.0,0.0,0.0,0.0,0.0,0.0,0.0,0.0,0.0,0.0,0.0,0.0,0.0,0.0,0.0,0.0,0.0
2015-01-01 21:00:00,0.0,0.0,0.0,0.0,0.0,0.0,0.0,0.0,0.0,0.0,0.0,0.0,0.0,0.0,0.0,0.0,0.0
2015-01-01 22:00:00,0.0,0.0,0.0,0.0,0.0,0.0,0.0,0.0,0.0,0.0,0.0,0.0,0.0,0.0,0.0,0.0,0.0
2015-01-01 23:00:00,0.0,0.0,0.0,0.0,0.0,0.0,0.0,0.0,0.0,0.0,0.0,0.0,0.0,0.0,0.0,0.0,0.0
2015-01-02 00:00:00,0.0,0.0,0.0,0.0,0.0,0.0,0.0,0.0,0.0,0.0,0.0,0.0,0.0,0.0,0.0,0.0,0.0
2015-01-02 01:00:00,0.0,0.0,0.0,0.0,0.0,0.0,0.0,0.0,0.0,0.0,0.0,0.0,0.0,0.0,0.0,0.0,0.0
2015-01-02 02:00:00,0.0,0.0,0.0,0.0,0.0,0.0,0.0,0.0,0.0,0.0,0.0,0.0,0.0,0.0,0.0,0.0,0.0
2015-01-02 03:00:00,0.0,0.0,0.0,0.0,0.0,0.0,0.0,0.0,0.0,0.0,0.0,0.0,0.0,0.0,0.0,0.0,0.0
2015-01-02 04:00:00,0.0,0.0,0.0,0.0,0.0,0.0,0.0,0.0,0.0,0.0,0.0,0.0,0.0,0.0,0.0,0.0,0.0
2015-01-02 05:00:00,0.0,0.0,0.0,0.0,0.0,0.0,0.0,0.0,0.0,0.0,0.0,0.0,0.0,0.0,0.0,0.0,0.0
2015-01-02 06:00:00,0.0,0.0,0.0,0.0,0.0,0.0,0.0,0.0,0.0,0.0,0.0,0.0,0.0,0.0,0.0,0.0,0.0
2015-01-02 07:00:00,0.0,0.0,0.0,0.0,0.0,0.0,0.0,0.0,0.0,0.0,0.0,0.0,0.0,0.0,0.0,0.0,0.0
2015-01-02 08:00:00,0.005,0.005,0.001,0.022,0.0,0.008,0.019,0.009,0.008,0.024,0.004,0.0,0.012,0.017,0.001,0.002,0.0
2015-01-02 09:00:00,0.016,0.023,0.001,0.053,0.002,0.029,0.049,0.027,0.038,0.064,0.016,0.002,0.037,0.038,0.003,0.007,0.002
2015-01-02 10:00:00,0.021,0.018,0.003,0.071,0.003,0.039,0.073,0.031,0.058,0.087,0.022,0.008,0.069,0.065,0.004,0.006,0.007
2015-01-02 11:00:00,0.026,0.016,0.009,0.074,0.008,0.036,0.116,0.022,0.07,0.081,0.016,0.023,0.104,0.099,0.009,0.008,0.012
2015-01-02 12:00:00,0.026,0.015,0.007,0.064,0.012,0.008,0.152,0.009,0.04,0.116,0.005,0.017,0.106,0.079,0.015,0.009,0.039
2015-01-02 13:00:00,0.023,0.006,0.006,0.023,0.01,0.002,0.175,0.005,0.004,0.073,0.002,0.044,0.034,0.045,0.006,0.007,0.08
2015-01-02 14:00:00,0.017,0.004,0.005,0.003,0.006,0.0,0.074,0.0,0.002,0.032,0.0,0.048,0.005,0.006,0.006,0.009,0.076
2015-01-02 15:00:00,0.007,0.0,0.0,0.0,0.022,0.0,0.005,0.0,0.0,0.002,0.0,0.0,0.0,0.0,0.0,0.003,0.042
2015-01-02 16:00:00,0.0,0.0,0.0,0.0,0.0,0.0,0.0,0.0,0.0,0.0,0.0,0.0,0.0,0.0,0.0,0.0,0.0
2015-01-02 17:00:00,0.0,0.0,0.0,0.0,0.0,0.0,0.0,0.0,0.0,0.0,0.0,0.0,0.0,0.0,0.0,0.0,0.0
2015-01-02 18:00:00,0.0,0.0,0.0,0.0,0.0,0.0,0.0,0.0,0.0,0.0,0.0,0.0,0.0,0.0,0.0,0.0,0.0
2015-01-02 19:00:00,0.0,0.0,0.0,0.0,0.0,0.0,0.0,0.0,0.0,0.0,0.0,0.0,0.0,0.0,0.0,0.0,0.0
2015-01-02 20:00:00,0.0,0.0,0.0,0.0,0.0,0.0,0.0,0.0,0.0,0.0,0.0,0.0,0.0,0.0,0.0,0.0,0.0
2015-01-02 21:00:00,0.0,0.0,0.0,0.0,0.0,0.0,0.0,0.0,0.0,0.0,0.0,0.0,0.0,0.0,0.0,0.0,0.0
2015-01-02 22:00:00,0.0,0.0,0.0,0.0,0.0,0.0,0.0,0.0,0.0,0.0,0.0,0.0,0.0,0.0,0.0,0.0,0.0
2015-01-02 23:00:00,0.0,0.0,0.0,0.0,0.0,0.0,0.0,0.0,0.0,0.0,0.0,0.0,0.0,0.0,0.0,0.0,0.0
2015-01-03 00:00:00,0.0,0.0,0.0,0.0,0.0,0.0,0.0,0.0,0.0,0.0,0.0,0.0,0.0,0.0,0.0,0.0,0.0
2015-01-03 01:00:00,0.0,0.0,0.0,0.0,0.0,0.0,0.0,0.0,0.0,0.0,0.0,0.0,0.0,0.0,0.0,0.0,0.0
2015-01-03 02:00:00,0.0,0.0,0.0,0.0,0.0,0.0,0.0,0.0,0.0,0.0,0.0,0.0,0.0,0.0,0.0,0.0,0.0
2015-01-03 03:00:00,0.0,0.0,0.0,0.0,0.0,0.0,0.0,0.0,0.0,0.0,0.0,0.0,0.0,0.0,0.0,0.0,0.0
2015-01-03 04:00:00,0.0,0.0,0.0,0.0,0.0,0.0,0.0,0.0,0.0,0.0,0.0,0.0,0.0,0.0,0.0,0.0,0.0
2015-01-03 05:00:00,0.0,0.0,0.0,0.0,0.0,0.0,0.0,0.0,0.0,0.0,0.0,0.0,0.0,0.0,0.0,0.0,0.0
2015-01-03 06:00:00,0.0,0.0,0.0,0.0,0.0,0.0,0.0,0.0,0.0,0.0,0.0,0.0,0.0,0.0,0.0,0.0,0.0
2015-01-03 07:00:00,0.0,0.0,0.0,0.0,0.0,0.0,0.0,0.0,0.0,0.0,0.0,0.0,0.0,0.0,0.0,0.0,0.0
2015-01-03 08:00:00,0.005,0.007,0.004,0.011,0.003,0.008,0.013,0.007,0.009,0.015,0.007,0.001,0.01,0.012,0.003,0.004,0.0
2015-01-03 09:00:00,0.03,0.039,0.031,0.035,0.031,0.034,0.04,0.028,0.041,0.037,0.029,0.015,0.037,0.036,0.023,0.032,0.014
2015-01-03 10:00:00,0.05,0.071,0.035,0.054,0.063,0.055,0.074,0.046,0.068,0.063,0.045,0.025,0.067,0.055,0.038,0.052,0.031
2015-01-03 11:00:00,0.087,0.109,0.058,0.111,0.094,0.108,0.142,0.084,0.124,0.127,0.105,0.039,0.132,0.129,0.056,0.089,0.053
2015-01-03 12:00:00,0.107,0.107,0.096,0.148,0.093,0.108,0.198,0.068,0.144,0.165,0.077,0.06,0.176,0.185,0.045,0.137,0.065
2015-01-03 13:00:00,0.089,0.079,0.095,0.071,0.08,0.139,0.148,0.048,0.089,0.143,0.056,0.058,0.128,0.108,0.057,0.122,0.048
2015-01-03 14:00:00,0.054,0.04,0.051,0.028,0.045,0.095,0.059,0.057,0.04,0.068,0.048,0.043,0.047,0.092,0.051,0.073,0.025
2015-01-03 15:00:00,0.006,0.007,0.0,0.0,0.009,0.008,0.008,0.0,0.005,0.002,0.0,0.0,0.006,0.005,0.0,0.015,0.004
2015-01-03 16:00:00,0.0,0.0,0.0,0.0,0.0,0.0,0.0,0.0,0.0,0.0,0.0,0.0,0.0,0.0,0.0,0.0,0.0
2015-01-03 17:00:00,0.0,0.0,0.0,0.0,0.0,0.0,0.0,0.0,0.0,0.0,0.0,0.0,0.0,0.0,0.0,0.0,0.0
2015-01-03 18:00:00,0.0,0.0,0.0,0.0,0.0,0.0,0.0,0.0,0.0,0.0,0.0,0.0,0.0,0.0,0.0,0.0,0.0
2015-01-03 19:00:00,0.0,0.0,0.0,0.0,0.0,0.0,0.0,0.0,0.0,0.0,0.0,0.0,0.0,0.0,0.0,0.0,0.0
2015-01-03 20:00:00,0.0,0.0,0.0,0.0,0.0,0.0,0.0,0.0,0.0,0.0,0.0,0.0,0.0,0.0,0.0,0.0,0.0
2015-01-03 21:00:00,0.0,0.0,0.0,0.0,0.0,0.0,0.0,0.0,0.0,0.0,0.0,0.0,0.0,0.0,0.0,0.0,0.0
2015-01-03 22:00:00,0.0,0.0,0.0,0.0,0.0,0.0,0.0,0.0,0.0,0.0,0.0,0.0,0.0,0.0,0.0,0.0,0.0
2015-01-03 23:00:00,0.0,0.0,0.0,0.0,0.0,0.0,0.0,0.0,0.0,0.0,0.0,0.0,0.0,0.0,0.0,0.0,0.0
2015-01-04 00:00:00,0.0,0.0,0.0,0.0,0.0,0.0,0.0,0.0,0.0,0.0,0.0,0.0,0.0,0.0,0.0,0.0,0.0
2015-01-04 01:00:00,0.0,0.0,0.0,0.0,0.0,0.0,0.0,0.0,0.0,0.0,0.0,0.0,0.0,0.0,0.0,0.0,0.0
2015-01-04 02:00:00,0.0,0.0,0.0,0.0,0.0,0.0,0.0,0.0,0.0,0.0,0.0,0.0,0.0,0.0,0.0,0.0,0.0
2015-01-04 03:00:00,0.0,0.0,0.0,0.0,0.0,0.0,0.0,0.0,0.0,0.0,0.0,0.0,0.0,0.0,0.0,0.0,0.0
2015-01-04 04:00:00,0.0,0.0,0.0,0.0,0.0,0.0,0.0,0.0,0.0,0.0,0.0,0.0,0.0,0.0,0.0,0.0,0.0
2015-01-04 05:00:00,0.0,0.0,0.0,0.0,0.0,0.0,0.0,0.0,0.0,0.0,0.0,0.0,0.0,0.0,0.0,0.0,0.0
2015-01-04 06:00:00,0.0,0.0,0.0,0.0,0.0,0.0,0.0,0.0,0.0,0.0,0.0,0.0,0.0,0.0,0.0,0.0,0.0
2015-01-04 07:00:00,0.0,0.0,0.0,0.0,0.0,0.0,0.0,0.0,0.0,0.0,0.0,0.0,0.0,0.0,0.0,0.0,0.0
2015-01-04 08:00:00,0.005,0.003,0.004,0.016,0.002,0.006,0.015,0.008,0.005,0.015,0.009,0.002,0.007,0.009,0.005,0.004,0.0
2015-01-04 09:00:00,0.028,0.024,0.027,0.042,0.019,0.033,0.05,0.032,0.033,0.047,0.036,0.022,0.035,0.045,0.031,0.026,0.017
2015-01-04 10:00:00,0.047,0.05,0.043,0.071,0.04,0.048,0.061,0.052,0.05,0.078,0.055,0.035,0.056,0.067,0.043,0.043,0.034
2015-01-04 11:00:00,0.101,0.1,0.101,0.138,0.09,0.105,0.094,0.115,0.112,0.133,0.121,0.09,0.098,0.132,0.105,0.092,0.083
2015-01-04 12:00:00,0.163,0.177,0.173,0.159,0.172,0.138,0.153,0.174,0.171,0.179,0.171,0.158,0.125,0.169,0.144,0.161,0.161
2015-01-04 13:00:00,0.183,0.212,0.21,0.147,0.213,0.146,0.118,0.182,0.194,0.157,0.183,0.174,0.152,0.134,0.132,0.199,0.191
2015-01-04 14:00:00,0.139,0.186,0.155,0.104,0.169,0.108,0.092,0.114,0.16,0.106,0.083,0.128,0.117,0.103,0.068,0.166,0.16
2015-01-04 15:00:00,0.053,0.098,0.019,0.0,0.098,0.025,0.07,0.0,0.084,0.014,0.0,0.0,0.074,0.023,0.0,0.092,0.076
2015-01-04 16:00:00,0.0,0.0,0.0,0.0,0.0,0.0,0.0,0.0,0.0,0.0,0.0,0.0,0.0,0.0,0.0,0.0,0.0
2015-01-04 17:00:00,0.0,0.0,0.0,0.0,0.0,0.0,0.0,0.0,0.0,0.0,0.0,0.0,0.0,0.0,0.0,0.0,0.0
2015-01-04 18:00:00,0.0,0.0,0.0,0.0,0.0,0.0,0.0,0.0,0.0,0.0,0.0,0.0,0.0,0.0,0.0,0.0,0.0
2015-01-04 19:00:00,0.0,0.0,0.0,0.0,0.0,0.0,0.0,0.0,0.0,0.0,0.0,0.0,0.0,0.0,0.0,0.0,0.0
2015-01-04 20:00:00,0.0,0.0,0.0,0.0,0.0,0.0,0.0,0.0,0.0,0.0,0.0,0.0,0.0,0.0,0.0,0.0,0.0
2015-01-04 21:00:00,0.0,0.0,0.0,0.0,0.0,0.0,0.0,0.0,0.0,0.0,0.0,0.0,0.0,0.0,0.0,0.0,0.0
2015-01-04 22:00:00,0.0,0.0,0.0,0.0,0.0,0.0,0.0,0.0,0.0,0.0,0.0,0.0,0.0,0.0,0.0,0.0,0.0
2015-01-04 23:00:00,0.0,0.0,0.0,0.0,0.0,0.0,0.0,0.0,0.0,0.0,0.0,0.0,0.0,0.0,0.0,0.0,0.0
2015-01-05 00:00:00,0.0,0.0,0.0,0.0,0.0,0.0,0.0,0.0,0.0,0.0,0.0,0.0,0.0,0.0,0.0,0.0,0.0
2015-01-05 01:00:00,0.0,0.0,0.0,0.0,0.0,0.0,0.0,0.0,0.0,0.0,0.0,0.0,0.0,0.0,0.0,0.0,0.0
2015-01-05 02:00:00,0.0,0.0,0.0,0.0,0.0,0.0,0.0,0.0,0.0,0.0,0.0,0.0,0.0,0.0,0.0,0.0,0.0
2015-01-05 03:00:00,0.0,0.0,0.0,0.0,0.0,0.0,0.0,0.0,0.0,0.0,0.0,0.0,0.0,0.0,0.0,0.0,0.0
2015-01-05 04:00:00,0.0,0.0,0.0,0.0,0.0,0.0,0.0,0.0,0.0,0.0,0.0,0.0,0.0,0.0,0.0,0.0,0.0
2015-01-05 05:00:00,0.0,0.0,0.0,0.0,0.0,0.0,0.0,0.0,0.0,0.0,0.0,0.0,0.0,0.0,0.0,0.0,0.0
2015-01-05 06:00:00,0.0,0.0,0.0,0.0,0.0,0.0,0.0,0.0,0.0,0.0,0.0,0.0,0.0,0.0,0.0,0.0,0.0
2015-01-05 07:00:00,0.0,0.0,0.0,0.0,0.0,0.0,0.0,0.0,0.0,0.0,0.0,0.0,0.0,0.0,0.0,0.0,0.0
2015-01-05 08:00:00,0.005,0.001,0.004,0.016,0.0,0.008,0.012,0.01,0.006,0.019,0.01,0.002,0.009,0.015,0.006,0.003,0.0
2015-01-05 09:00:00,0.023,0.006,0.031,0.044,0.002,0.039,0.047,0.035,0.031,0.046,0.033,0.022,0.037,0.043,0.028,0.019,0.008
2015-01-05 10:00:00,0.037,0.009,0.043,0.068,0.003,0.057,0.082,0.05,0.028,0.077,0.055,0.035,0.072,0.071,0.045,0.032,0.022
2015-01-05 11:00:00,0.077,0.014,0.109,0.135,0.008,0.109,0.141,0.126,0.03,0.121,0.125,0.098,0.101,0.12,0.107,0.057,0.06
2015-01-05 12:00:00,0.119,0.018,0.19,0.164,0.021,0.148,0.166,0.158,0.028,0.137,0.171,0.17,0.102,0.149,0.153,0.108,0.133
2015-01-05 13:00:00,0.134,0.02,0.204,0.145,0.034,0.187,0.138,0.157,0.028,0.108,0.173,0.195,0.096,0.146,0.158,0.14,0.182
2015-01-05 14:00:00,0.117,0.016,0.173,0.117,0.044,0.165,0.071,0.123,0.026,0.102,0.121,0.149,0.075,0.119,0.105,0.147,0.159
2015-01-05 15:00:00,0.043,0.022,0.044,0.0,0.034,0.05,0.025,0.0,0.033,0.025,0.0,0.0,0.054,0.039,0.0,0.098,0.069
2015-01-05 16:00:00,0.0,0.0,0.0,0.0,0.0,0.0,0.0,0.0,0.0,0.0,0.0,0.0,0.0,0.0,0.0,0.0,0.0
2015-01-05 17:00:00,0.0,0.0,0.0,0.0,0.0,0.0,0.0,0.0,0.0,0.0,0.0,0.0,0.0,0.0,0.0,0.0,0.0
2015-01-05 18:00:00,0.0,0.0,0.0,0.0,0.0,0.0,0.0,0.0,0.0,0.0,0.0,0.0,0.0,0.0,0.0,0.0,0.0
2015-01-05 19:00:00,0.0,0.0,0.0,0.0,0.0,0.0,0.0,0.0,0.0,0.0,0.0,0.0,0.0,0.0,0.0,0.0,0.0
2015-01-05 20:00:00,0.0,0.0,0.0,0.0,0.0,0.0,0.0,0.0,0.0,0.0,0.0,0.0,0.0,0.0,0.0,0.0,0.0
2015-01-05 21:00:00,0.0,0.0,0.0,0.0,0.0,0.0,0.0,0.0,0.0,0.0,0.0,0.0,0.0,0.0,0.0,0.0,0.0
2015-01-05 22:00:00,0.0,0.0,0.0,0.0,0.0,0.0,0.0,0.0,0.0,0.0,0.0,0.0,0.0,0.0,0.0,0.0,0.0
2015-01-05 23:00:00,0.0,0.0,0.0,0.0,0.0,0.0,0.0,0.0,0.0,0.0,0.0,0.0,0.0,0.0,0.0,0.0,0.0
2015-01-06 00:00:00,0.0,0.0,0.0,0.0,0.0,0.0,0.0,0.0,0.0,0.0,0.0,0.0,0.0,0.0,0.0,0.0,0.0
2015-01-06 01:00:00,0.0,0.0,0.0,0.0,0.0,0.0,0.0,0.0,0.0,0.0,0.0,0.0,0.0,0.0,0.0,0.0,0.0
2015-01-06 02:00:00,0.0,0.0,0.0,0.0,0.0,0.0,0.0,0.0,0.0,0.0,0.0,0.0,0.0,0.0,0.0,0.0,0.0
2015-01-06 03:00:00,0.0,0.0,0.0,0.0,0.0,0.0,0.0,0.0,0.0,0.0,0.0,0.0,0.0,0.0,0.0,0.0,0.0
2015-01-06 04:00:00,0.0,0.0,0.0,0.0,0.0,0.0,0.0,0.0,0.0,0.0,0.0,0.0,0.0,0.0,0.0,0.0,0.0
2015-01-06 05:00:00,0.0,0.0,0.0,0.0,0.0,0.0,0.0,0.0,0.0,0.0,0.0,0.0,0.0,0.0,0.0,0.0,0.0
2015-01-06 06:00:00,0.0,0.0,0.0,0.0,0.0,0.0,0.0,0.0,0.0,0.0,0.0,0.0,0.0,0.0,0.0,0.0,0.0
2015-01-06 07:00:00,0.0,0.0,0.0,0.0,0.0,0.0,0.0,0.0,0.0,0.0,0.0,0.0,0.0,0.0,0.0,0.0,0.0
2015-01-06 08:00:00,0.008,0.005,0.005,0.021,0.002,0.012,0.019,0.015,0.007,0.019,0.014,0.002,0.012,0.018,0.007,0.005,0.001
2015-01-06 09:00:00,0.036,0.034,0.029,0.06,0.029,0.041,0.055,0.042,0.038,0.061,0.043,0.027,0.047,0.058,0.03,0.031,0.025
2015-01-06 10:00:00,0.058,0.063,0.045,0.094,0.058,0.065,0.096,0.059,0.073,0.1,0.058,0.04,0.073,0.09,0.042,0.051,0.047
2015-01-06 11:00:00,0.118,0.098,0.119,0.15,0.076,0.149,0.157,0.156,0.128,0.139,0.15,0.103,0.149,0.153,0.136,0.112,0.084
2015-01-06 12:00:00,0.177,0.155,0.204,0.205,0.105,0.235,0.183,0.24,0.205,0.161,0.205,0.179,0.215,0.22,0.215,0.168,0.123
2015-01-06 13:00:00,0.196,0.172,0.241,0.206,0.089,0.272,0.196,0.266,0.218,0.201,0.224,0.21,0.245,0.253,0.237,0.198,0.126
2015-01-06 14:00:00,0.156,0.146,0.2,0.131,0.054,0.225,0.167,0.204,0.18,0.14,0.176,0.17,0.227,0.211,0.178,0.172,0.088
2015-01-06 15:00:00,0.055,0.088,0.082,0.0,0.021,0.086,0.114,0.003,0.115,0.046,0.0,0.005,0.128,0.084,0.0,0.105,0.033
2015-01-06 16:00:00,0.0,0.0,0.0,0.0,0.0,0.0,0.0,0.0,0.0,0.0,0.0,0.0,0.0,0.0,0.0,0.0,0.0
2015-01-06 17:00:00,0.0,0.0,0.0,0.0,0.0,0.0,0.0,0.0,0.0,0.0,0.0,0.0,0.0,0.0,0.0,0.0,0.0
2015-01-06 18:00:00,0.0,0.0,0.0,0.0,0.0,0.0,0.0,0.0,0.0,0.0,0.0,0.0,0.0,0.0,0.0,0.0,0.0
2015-01-06 19:00:00,0.0,0.0,0.0,0.0,0.0,0.0,0.0,0.0,0.0,0.0,0.0,0.0,0.0,0.0,0.0,0.0,0.0
2015-01-06 20:00:00,0.0,0.0,0.0,0.0,0.0,0.0,0.0,0.0,0.0,0.0,0.0,0.0,0.0,0.0,0.0,0.0,0.0
2015-01-06 21:00:00,0.0,0.0,0.0,0.0,0.0,0.0,0.0,0.0,0.0,0.0,0.0,0.0,0.0,0.0,0.0,0.0,0.0
2015-01-06 22:00:00,0.0,0.0,0.0,0.0,0.0,0.0,0.0,0.0,0.0,0.0,0.0,0.0,0.0,0.0,0.0,0.0,0.0
2015-01-06 23:00:00,0.0,0.0,0.0,0.0,0.0,0.0,0.0,0.0,0.0,0.0,0.0,0.0,0.0,0.0,0.0,0.0,0.0
2015-01-07 00:00:00,0.0,0.0,0.0,0.0,0.0,0.0,0.0,0.0,0.0,0.0,0.0,0.0,0.0,0.0,0.0,0.0,0.0
2015-01-07 01:00:00,0.0,0.0,0.0,0.0,0.0,0.0,0.0,0.0,0.0,0.0,0.0,0.0,0.0,0.0,0.0,0.0,0.0
2015-01-07 02:00:00,0.0,0.0,0.0,0.0,0.0,0.0,0.0,0.0,0.0,0.0,0.0,0.0,0.0,0.0,0.0,0.0,0.0
2015-01-07 03:00:00,0.0,0.0,0.0,0.0,0.0,0.0,0.0,0.0,0.0,0.0,0.0,0.0,0.0,0.0,0.0,0.0,0.0
2015-01-07 04:00:00,0.0,0.0,0.0,0.0,0.0,0.0,0.0,0.0,0.0,0.0,0.0,0.0,0.0,0.0,0.0,0.0,0.0
2015-01-07 05:00:00,0.0,0.0,0.0,0.0,0.0,0.0,0.0,0.0,0.0,0.0,0.0,0.0,0.0,0.0,0.0,0.0,0.0
2015-01-07 06:00:00,0.0,0.0,0.0,0.0,0.0,0.0,0.0,0.0,0.0,0.0,0.0,0.0,0.0,0.0,0.0,0.0,0.0
2015-01-07 07:00:00,0.0,0.0,0.0,0.0,0.0,0.0,0.0,0.0,0.0,0.0,0.0,0.0,0.0,0.0,0.0,0.0,0.0
2015-01-07 08:00:00,0.008,0.006,0.002,0.022,0.002,0.013,0.03,0.015,0.008,0.028,0.015,0.001,0.017,0.026,0.008,0.004,0.001
2015-01-07 09:00:00,0.033,0.037,0.02,0.045,0.017,0.042,0.076,0.051,0.034,0.056,0.052,0.02,0.053,0.059,0.038,0.029,0.015
2015-01-07 10:00:00,0.054,0.051,0.054,0.082,0.026,0.066,0.112,0.074,0.064,0.101,0.077,0.041,0.078,0.095,0.055,0.048,0.021
2015-01-07 11:00:00,0.082,0.072,0.094,0.173,0.012,0.081,0.123,0.087,0.115,0.19,0.131,0.067,0.083,0.123,0.076,0.085,0.023
2015-01-07 12:00:00,0.1,0.077,0.149,0.222,0.018,0.092,0.12,0.087,0.182,0.215,0.151,0.087,0.107,0.108,0.083,0.107,0.026
2015-01-07 13:00:00,0.079,0.036,0.106,0.197,0.013,0.106,0.097,0.064,0.181,0.198,0.103,0.044,0.112,0.076,0.066,0.083,0.029
2015-01-07 14:00:00,0.04,0.015,0.03,0.095,0.011,0.077,0.052,0.03,0.12,0.118,0.041,0.014,0.118,0.037,0.032,0.038,0.022
2015-01-07 15:00:00,0.006,0.001,0.009,0.0,0.001,0.029,0.017,0.001,0.016,0.007,0.0,0.0,0.063,0.002,0.0,0.004,0.01
2015-01-07 16:00:00,0.0,0.0,0.0,0.0,0.0,0.0,0.0,0.0,0.0,0.0,0.0,0.0,0.0,0.0,0.0,0.0,0.0
2015-01-07 17:00:00,0.0,0.0,0.0,0.0,0.0,0.0,0.0,0.0,0.0,0.0,0.0,0.0,0.0,0.0,0.0,0.0,0.0
2015-01-07 18:00:00,0.0,0.0,0.0,0.0,0.0,0.0,0.0,0.0,0.0,0.0,0.0,0.0,0.0,0.0,0.0,0.0,0.0
2015-01-07 19:00:00,0.0,0.0,0.0,0.0,0.0,0.0,0.0,0.0,0.0,0.0,0.0,0.0,0.0,0.0,0.0,0.0,0.0
2015-01-07 20:00:00,0.0,0.0,0.0,0.0,0.0,0.0,0.0,0.0,0.0,0.0,0.0,0.0,0.0,0.0,0.0,0.0,0.0
2015-01-07 21:00:00,0.0,0.0,0.0,0.0,0.0,0.0,0.0,0.0,0.0,0.0,0.0,0.0,0.0,0.0,0.0,0.0,0.0
2015-01-07 22:00:00,0.0,0.0,0.0,0.0,0.0,0.0,0.0,0.0,0.0,0.0,0.0,0.0,0.0,0.0,0.0,0.0,0.0
2015-01-07 23:00:00,0.0,0.0,0.0,0.0,0.0,0.0,0.0,0.0,0.0,0.0,0.0,0.0,0.0,0.0,0.0,0.0,0.0
2015-01-08 00:00:00,0.0,0.0,0.0,0.0,0.0,0.0,0.0,0.0,0.0,0.0,0.0,0.0,0.0,0.0,0.0,0.0,0.0
2015-01-08 01:00:00,0.0,0.0,0.0,0.0,0.0,0.0,0.0,0.0,0.0,0.0,0.0,0.0,0.0,0.0,0.0,0.0,0.0
2015-01-08 02:00:00,0.0,0.0,0.0,0.0,0.0,0.0,0.0,0.0,0.0,0.0,0.0,0.0,0.0,0.0,0.0,0.0,0.0
2015-01-08 03:00:00,0.0,0.0,0.0,0.0,0.0,0.0,0.0,0.0,0.0,0.0,0.0,0.0,0.0,0.0,0.0,0.0,0.0
2015-01-08 04:00:00,0.0,0.0,0.0,0.0,0.0,0.0,0.0,0.0,0.0,0.0,0.0,0.0,0.0,0.0,0.0,0.0,0.0
2015-01-08 05:00:00,0.0,0.0,0.0,0.0,0.0,0.0,0.0,0.0,0.0,0.0,0.0,0.0,0.0,0.0,0.0,0.0,0.0
2015-01-08 06:00:00,0.0,0.0,0.0,0.0,0.0,0.0,0.0,0.0,0.0,0.0,0.0,0.0,0.0,0.0,0.0,0.0,0.0
2015-01-08 07:00:00,0.0,0.0,0.0,0.0,0.0,0.0,0.0,0.0,0.0,0.0,0.0,0.0,0.0,0.0,0.0,0.0,0.0
2015-01-08 08:00:00,0.006,0.007,0.003,0.015,0.002,0.011,0.02,0.007,0.014,0.021,0.007,0.0,0.017,0.014,0.004,0.006,0.0
2015-01-08 09:00:00,0.03,0.043,0.029,0.04,0.014,0.046,0.055,0.028,0.053,0.057,0.027,0.014,0.059,0.039,0.017,0.036,0.007
2015-01-08 10:00:00,0.046,0.055,0.051,0.056,0.016,0.079,0.081,0.051,0.079,0.076,0.039,0.022,0.09,0.073,0.029,0.054,0.014
2015-01-08 11:00:00,0.062,0.069,0.057,0.085,0.027,0.104,0.171,0.079,0.117,0.132,0.054,0.029,0.133,0.125,0.04,0.056,0.018
2015-01-08 12:00:00,0.06,0.062,0.045,0.084,0.02,0.115,0.203,0.082,0.12,0.17,0.045,0.024,0.143,0.156,0.036,0.052,0.011
2015-01-08 13:00:00,0.047,0.038,0.022,0.096,0.01,0.1,0.187,0.062,0.1,0.185,0.031,0.014,0.129,0.16,0.02,0.033,0.007
2015-01-08 14:00:00,0.022,0.019,0.01,0.048,0.003,0.036,0.152,0.029,0.024,0.118,0.01,0.004,0.055,0.095,0.004,0.01,0.001
2015-01-08 15:00:00,0.004,0.002,0.0,0.0,0.0,0.001,0.08,0.0,0.005,0.042,0.0,0.0,0.009,0.027,0.0,0.0,0.0
2015-01-08 16:00:00,0.0,0.0,0.0,0.0,0.0,0.0,0.0,0.0,0.0,0.0,0.0,0.0,0.0,0.0,0.0,0.0,0.0
2015-01-08 17:00:00,0.0,0.0,0.0,0.0,0.0,0.0,0.0,0.0,0.0,0.0,0.0,0.0,0.0,0.0,0.0,0.0,0.0
2015-01-08 18:00:00,0.0,0.0,0.0,0.0,0.0,0.0,0.0,0.0,0.0,0.0,0.0,0.0,0.0,0.0,0.0,0.0,0.0
2015-01-08 19:00:00,0.0,0.0,0.0,0.0,0.0,0.0,0.0,0.0,0.0,0.0,0.0,0.0,0.0,0.0,0.0,0.0,0.0
2015-01-08 20:00:00,0.0,0.0,0.0,0.0,0.0,0.0,0.0,0.0,0.0,0.0,0.0,0.0,0.0,0.0,0.0,0.0,0.0
2015-01-08 21:00:00,0.0,0.0,0.0,0.0,0.0,0.0,0.0,0.0,0.0,0.0,0.0,0.0,0.0,0.0,0.0,0.0,0.0
2015-01-08 22:00:00,0.0,0.0,0.0,0.0,0.0,0.0,0.0,0.0,0.0,0.0,0.0,0.0,0.0,0.0,0.0,0.0,0.0
2015-01-08 23:00:00,0.0,0.0,0.0,0.0,0.0,0.0,0.0,0.0,0.0,0.0,0.0,0.0,0.0,0.0,0.0,0.0,0.0
2015-01-09 00:00:00,0.0,0.0,0.0,0.0,0.0,0.0,0.0,0.0,0.0,0.0,0.0,0.0,0.0,0.0,0.0,0.0,0.0
2015-01-09 01:00:00,0.0,0.0,0.0,0.0,0.0,0.0,0.0,0.0,0.0,0.0,0.0,0.0,0.0,0.0,0.0,0.0,0.0
2015-01-09 02:00:00,0.0,0.0,0.0,0.0,0.0,0.0,0.0,0.0,0.0,0.0,0.0,0.0,0.0,0.0,0.0,0.0,0.0
2015-01-09 03:00:00,0.0,0.0,0.0,0.0,0.0,0.0,0.0,0.0,0.0,0.0,0.0,0.0,0.0,0.0,0.0,0.0,0.0
2015-01-09 04:00:00,0.0,0.0,0.0,0.0,0.0,0.0,0.0,0.0,0.0,0.0,0.0,0.0,0.0,0.0,0.0,0.0,0.0
2015-01-09 05:00:00,0.0,0.0,0.0,0.0,0.0,0.0,0.0,0.0,0.0,0.0,0.0,0.0,0.0,0.0,0.0,0.0,0.0
2015-01-09 06:00:00,0.0,0.0,0.0,0.0,0.0,0.0,0.0,0.0,0.0,0.0,0.0,0.0,0.0,0.0,0.0,0.0,0.0
2015-01-09 07:00:00,0.0,0.0,0.0,0.0,0.0,0.0,0.0,0.0,0.0,0.0,0.0,0.0,0.0,0.0,0.0,0.0,0.0
2015-01-09 08:00:00,0.004,0.006,0.002,0.006,0.002,0.004,0.014,0.003,0.01,0.01,0.005,0.001,0.014,0.006,0.003,0.002,0.0
2015-01-09 09:00:00,0.027,0.04,0.03,0.019,0.019,0.024,0.05,0.019,0.041,0.033,0.022,0.026,0.051,0.034,0.019,0.03,0.015
2015-01-09 10:00:00,0.044,0.056,0.062,0.041,0.02,0.044,0.07,0.044,0.057,0.075,0.038,0.055,0.063,0.069,0.044,0.044,0.016
2015-01-09 11:00:00,0.062,0.062,0.059,0.06,0.042,0.076,0.16,0.083,0.11,0.118,0.065,0.05,0.127,0.104,0.087,0.052,0.01
2015-01-09 12:00:00,0.053,0.064,0.016,0.076,0.047,0.069,0.162,0.061,0.066,0.159,0.095,0.014,0.094,0.144,0.058,0.027,0.03
2015-01-09 13:00:00,0.036,0.06,0.008,0.045,0.045,0.034,0.113,0.03,0.04,0.181,0.033,0.008,0.051,0.097,0.029,0.018,0.019
2015-01-09 14:00:00,0.016,0.029,0.007,0.021,0.025,0.003,0.039,0.007,0.017,0.071,0.014,0.003,0.011,0.021,0.006,0.012,0.016
2015-01-09 15:00:00,0.005,0.006,0.001,0.0,0.003,0.0,0.002,0.0,0.001,0.001,0.0,0.004,0.0,0.0,0.0,0.001,0.041
2015-01-09 16:00:00,0.0,0.0,0.0,0.0,0.0,0.0,0.0,0.0,0.0,0.0,0.0,0.0,0.0,0.0,0.0,0.0,0.0
2015-01-09 17:00:00,0.0,0.0,0.0,0.0,0.0,0.0,0.0,0.0,0.0,0.0,0.0,0.0,0.0,0.0,0.0,0.0,0.0
2015-01-09 18:00:00,0.0,0.0,0.0,0.0,0.0,0.0,0.0,0.0,0.0,0.0,0.0,0.0,0.0,0.0,0.0,0.0,0.0
2015-01-09 19:00:00,0.0,0.0,0.0,0.0,0.0,0.0,0.0,0.0,0.0,0.0,0.0,0.0,0.0,0.0,0.0,0.0,0.0
2015-01-09 20:00:00,0.0,0.0,0.0,0.0,0.0,0.0,0.0,0.0,0.0,0.0,0.0,0.0,0.0,0.0,0.0,0.0,0.0
2015-01-09 21:00:00,0.0,0.0,0.0,0.0,0.0,0.0,0.0,0.0,0.0,0.0,0.0,0.0,0.0,0.0,0.0,0.0,0.0
2015-01-09 22:00:00,0.0,0.0,0.0,0.0,0.0,0.0,0.0,0.0,0.0,0.0,0.0,0.0,0.0,0.0,0.0,0.0,0.0
2015-01-09 23:00:00,0.0,0.0,0.0,0.0,0.0,0.0,0.0,0.0,0.0,0.0,0.0,0.0,0.0,0.0,0.0,0.0,0.0
2015-01-10 00:00:00,0.0,0.0,0.0,0.0,0.0,0.0,0.0,0.0,0.0,0.0,0.0,0.0,0.0,0.0,0.0,0.0,0.0
2015-01-10 01:00:00,0.0,0.0,0.0,0.0,0.0,0.0,0.0,0.0,0.0,0.0,0.0,0.0,0.0,0.0,0.0,0.0,0.0
2015-01-10 02:00:00,0.0,0.0,0.0,0.0,0.0,0.0,0.0,0.0,0.0,0.0,0.0,0.0,0.0,0.0,0.0,0.0,0.0
2015-01-10 03:00:00,0.0,0.0,0.0,0.0,0.0,0.0,0.0,0.0,0.0,0.0,0.0,0.0,0.0,0.0,0.0,0.0,0.0
2015-01-10 04:00:00,0.0,0.0,0.0,0.0,0.0,0.0,0.0,0.0,0.0,0.0,0.0,0.0,0.0,0.0,0.0,0.0,0.0
2015-01-10 05:00:00,0.0,0.0,0.0,0.0,0.0,0.0,0.0,0.0,0.0,0.0,0.0,0.0,0.0,0.0,0.0,0.0,0.0
2015-01-10 06:00:00,0.0,0.0,0.0,0.0,0.0,0.0,0.0,0.0,0.0,0.0,0.0,0.0,0.0,0.0,0.0,0.0,0.0
2015-01-10 07:00:00,0.0,0.0,0.0,0.0,0.0,0.0,0.0,0.0,0.0,0.0,0.0,0.0,0.0,0.0,0.0,0.0,0.0
2015-01-10 08:00:00,0.002,0.0,0.001,0.011,0.0,0.005,0.005,0.007,0.0,0.019,0.002,0.0,0.0,0.013,0.0,0.0,0.0
2015-01-10 09:00:00,0.008,0.001,0.007,0.034,0.0,0.012,0.017,0.017,0.002,0.045,0.009,0.008,0.007,0.027,0.006,0.003,0.001
2015-01-10 10:00:00,0.012,0.004,0.012,0.036,0.004,0.018,0.024,0.024,0.004,0.06,0.012,0.009,0.006,0.034,0.012,0.004,0.003
2015-01-10 11:00:00,0.012,0.01,0.004,0.04,0.008,0.009,0.014,0.028,0.005,0.066,0.02,0.005,0.005,0.023,0.017,0.003,0.006
2015-01-10 12:00:00,0.013,0.022,0.004,0.036,0.015,0.007,0.011,0.017,0.009,0.04,0.021,0.003,0.006,0.011,0.015,0.007,0.011
2015-01-10 13:00:00,0.01,0.023,0.001,0.018,0.018,0.002,0.007,0.006,0.021,0.018,0.013,0.002,0.007,0.005,0.008,0.005,0.009
2015-01-10 14:00:00,0.004,0.021,0.001,0.004,0.009,0.0,0.002,0.001,0.018,0.006,0.003,0.0,0.005,0.001,0.001,0.002,0.003
2015-01-10 15:00:00,0.004,0.035,0.0,0.0,0.004,0.0,0.0,0.0,0.028,0.0,0.0,0.0,0.006,0.0,0.0,0.0,0.0
2015-01-10 16:00:00,0.0,0.0,0.0,0.0,0.0,0.0,0.0,0.0,0.0,0.0,0.0,0.0,0.0,0.0,0.0,0.0,0.0
2015-01-10 17:00:00,0.0,0.0,0.0,0.0,0.0,0.0,0.0,0.0,0.0,0.0,0.0,0.0,0.0,0.0,0.0,0.0,0.0
2015-01-10 18:00:00,0.0,0.0,0.0,0.0,0.0,0.0,0.0,0.0,0.0,0.0,0.0,0.0,0.0,0.0,0.0,0.0,0.0
2015-01-10 19:00:00,0.0,0.0,0.0,0.0,0.0,0.0,0.0,0.0,0.0,0.0,0.0,0.0,0.0,0.0,0.0,0.0,0.0
2015-01-10 20:00:00,0.0,0.0,0.0,0.0,0.0,0.0,0.0,0.0,0.0,0.0,0.0,0.0,0.0,0.0,0.0,0.0,0.0
2015-01-10 21:00:00,0.0,0.0,0.0,0.0,0.0,0.0,0.0,0.0,0.0,0.0,0.0,0.0,0.0,0.0,0.0,0.0,0.0
2015-01-10 22:00:00,0.0,0.0,0.0,0.0,0.0,0.0,0.0,0.0,0.0,0.0,0.0,0.0,0.0,0.0,0.0,0.0,0.0
2015-01-10 23:00:00,0.0,0.0,0.0,0.0,0.0,0.0,0.0,0.0,0.0,0.0,0.0,0.0,0.0,0.0,0.0,0.0,0.0
2015-01-11 00:00:00,0.0,0.0,0.0,0.0,0.0,0.0,0.0,0.0,0.0,0.0,0.0,0.0,0.0,0.0,0.0,0.0,0.0
2015-01-11 01:00:00,0.0,0.0,0.0,0.0,0.0,0.0,0.0,0.0,0.0,0.0,0.0,0.0,0.0,0.0,0.0,0.0,0.0
2015-01-11 02:00:00,0.0,0.0,0.0,0.0,0.0,0.0,0.0,0.0,0.0,0.0,0.0,0.0,0.0,0.0,0.0,0.0,0.0
2015-01-11 03:00:00,0.0,0.0,0.0,0.0,0.0,0.0,0.0,0.0,0.0,0.0,0.0,0.0,0.0,0.0,0.0,0.0,0.0
2015-01-11 04:00:00,0.0,0.0,0.0,0.0,0.0,0.0,0.0,0.0,0.0,0.0,0.0,0.0,0.0,0.0,0.0,0.0,0.0
2015-01-11 05:00:00,0.0,0.0,0.0,0.0,0.0,0.0,0.0,0.0,0.0,0.0,0.0,0.0,0.0,0.0,0.0,0.0,0.0
2015-01-11 06:00:00,0.0,0.0,0.0,0.0,0.0,0.0,0.0,0.0,0.0,0.0,0.0,0.0,0.0,0.0,0.0,0.0,0.0
2015-01-11 07:00:00,0.0,0.0,0.0,0.0,0.0,0.0,0.0,0.0,0.0,0.0,0.0,0.0,0.0,0.0,0.0,0.0,0.0
2015-01-11 08:00:00,0.008,0.007,0.007,0.019,0.003,0.012,0.021,0.013,0.013,0.022,0.014,0.003,0.019,0.021,0.007,0.005,0.001
2015-01-11 09:00:00,0.036,0.036,0.037,0.045,0.028,0.041,0.06,0.039,0.047,0.063,0.039,0.023,0.054,0.059,0.025,0.036,0.023
2015-01-11 10:00:00,0.058,0.058,0.053,0.076,0.051,0.06,0.086,0.061,0.06,0.107,0.061,0.038,0.068,0.082,0.042,0.06,0.04
2015-01-11 11:00:00,0.106,0.107,0.105,0.159,0.087,0.119,0.162,0.13,0.119,0.155,0.112,0.08,0.127,0.151,0.097,0.097,0.077
2015-01-11 12:00:00,0.149,0.164,0.165,0.199,0.138,0.16,0.141,0.187,0.117,0.154,0.137,0.133,0.115,0.152,0.139,0.146,0.127
2015-01-11 13:00:00,0.148,0.196,0.176,0.128,0.134,0.152,0.101,0.155,0.144,0.08,0.134,0.142,0.075,0.095,0.133,0.168,0.156
2015-01-11 14:00:00,0.099,0.107,0.135,0.053,0.084,0.13,0.059,0.095,0.179,0.042,0.11,0.081,0.088,0.063,0.077,0.107,0.125
2015-01-11 15:00:00,0.033,0.035,0.053,0.003,0.029,0.043,0.016,0.019,0.091,0.006,0.0,0.036,0.078,0.049,0.001,0.037,0.058
2015-01-11 16:00:00,0.0,0.0,0.0,0.0,0.0,0.0,0.0,0.0,0.0,0.0,0.0,0.0,0.0,0.0,0.0,0.0,0.0
2015-01-11 17:00:00,0.0,0.0,0.0,0.0,0.0,0.0,0.0,0.0,0.0,0.0,0.0,0.0,0.0,0.0,0.0,0.0,0.0
2015-01-11 18:00:00,0.0,0.0,0.0,0.0,0.0,0.0,0.0,0.0,0.0,0.0,0.0,0.0,0.0,0.0,0.0,0.0,0.0
2015-01-11 19:00:00,0.0,0.0,0.0,0.0,0.0,0.0,0.0,0.0,0.0,0.0,0.0,0.0,0.0,0.0,0.0,0.0,0.0
2015-01-11 20:00:00,0.0,0.0,0.0,0.0,0.0,0.0,0.0,0.0,0.0,0.0,0.0,0.0,0.0,0.0,0.0,0.0,0.0
2015-01-11 21:00:00,0.0,0.0,0.0,0.0,0.0,0.0,0.0,0.0,0.0,0.0,0.0,0.0,0.0,0.0,0.0,0.0,0.0
2015-01-11 22:00:00,0.0,0.0,0.0,0.0,0.0,0.0,0.0,0.0,0.0,0.0,0.0,0.0,0.0,0.0,0.0,0.0,0.0
2015-01-11 23:00:00,0.0,0.0,0.0,0.0,0.0,0.0,0.0,0.0,0.0,0.0,0.0,0.0,0.0,0.0,0.0,0.0,0.0
2015-01-12 00:00:00,0.0,0.0,0.0,0.0,0.0,0.0,0.0,0.0,0.0,0.0,0.0,0.0,0.0,0.0,0.0,0.0,0.0
2015-01-12 01:00:00,0.0,0.0,0.0,0.0,0.0,0.0,0.0,0.0,0.0,0.0,0.0,0.0,0.0,0.0,0.0,0.0,0.0
2015-01-12 02:00:00,0.0,0.0,0.0,0.0,0.0,0.0,0.0,0.0,0.0,0.0,0.0,0.0,0.0,0.0,0.0,0.0,0.0
2015-01-12 03:00:00,0.0,0.0,0.0,0.0,0.0,0.0,0.0,0.0,0.0,0.0,0.0,0.0,0.0,0.0,0.0,0.0,0.0
2015-01-12 04:00:00,0.0,0.0,0.0,0.0,0.0,0.0,0.0,0.0,0.0,0.0,0.0,0.0,0.0,0.0,0.0,0.0,0.0
2015-01-12 05:00:00,0.0,0.0,0.0,0.0,0.0,0.0,0.0,0.0,0.0,0.0,0.0,0.0,0.0,0.0,0.0,0.0,0.0
2015-01-12 06:00:00,0.0,0.0,0.0,0.0,0.0,0.0,0.0,0.0,0.0,0.0,0.0,0.0,0.0,0.0,0.0,0.0,0.0
2015-01-12 07:00:00,0.0,0.0,0.0,0.0,0.0,0.0,0.0,0.0,0.0,0.0,0.0,0.0,0.0,0.0,0.0,0.0,0.0
2015-01-12 08:00:00,0.005,0.005,0.005,0.014,0.002,0.008,0.01,0.009,0.006,0.011,0.01,0.003,0.008,0.012,0.006,0.003,0.0
2015-01-12 09:00:00,0.024,0.033,0.021,0.04,0.029,0.025,0.033,0.031,0.019,0.029,0.032,0.017,0.027,0.032,0.031,0.017,0.006
2015-01-12 10:00:00,0.045,0.076,0.025,0.058,0.048,0.048,0.063,0.051,0.041,0.067,0.05,0.023,0.045,0.065,0.049,0.043,0.015
2015-01-12 11:00:00,0.063,0.082,0.029,0.128,0.053,0.047,0.092,0.074,0.089,0.133,0.086,0.023,0.057,0.11,0.065,0.059,0.021
2015-01-12 12:00:00,0.061,0.072,0.033,0.166,0.042,0.037,0.08,0.072,0.107,0.17,0.084,0.032,0.091,0.095,0.052,0.047,0.022
2015-01-12 13:00:00,0.042,0.056,0.022,0.145,0.03,0.037,0.099,0.039,0.071,0.083,0.051,0.023,0.109,0.047,0.023,0.024,0.019
2015-01-12 14:00:00,0.021,0.035,0.008,0.065,0.018,0.02,0.116,0.013,0.025,0.034,0.013,0.009,0.04,0.045,0.007,0.014,0.008
2015-01-12 15:00:00,0.003,0.009,0.001,0.002,0.003,0.001,0.035,0.0,0.01,0.018,0.0,0.0,0.004,0.011,0.0,0.002,0.0
2015-01-12 16:00:00,0.0,0.0,0.0,0.0,0.0,0.0,0.0,0.0,0.0,0.0,0.0,0.0,0.0,0.0,0.0,0.0,0.0
2015-01-12 17:00:00,0.0,0.0,0.0,0.0,0.0,0.0,0.0,0.0,0.0,0.0,0.0,0.0,0.0,0.0,0.0,0.0,0.0
2015-01-12 18:00:00,0.0,0.0,0.0,0.0,0.0,0.0,0.0,0.0,0.0,0.0,0.0,0.0,0.0,0.0,0.0,0.0,0.0
2015-01-12 19:00:00,0.0,0.0,0.0,0.0,0.0,0.0,0.0,0.0,0.0,0.0,0.0,0.0,0.0,0.0,0.0,0.0,0.0
2015-01-12 20:00:00,0.0,0.0,0.0,0.0,0.0,0.0,0.0,0.0,0.0,0.0,0.0,0.0,0.0,0.0,0.0,0.0,0.0
2015-01-12 21:00:00,0.0,0.0,0.0,0.0,0.0,0.0,0.0,0.0,0.0,0.0,0.0,0.0,0.0,0.0,0.0,0.0,0.0
2015-01-12 22:00:00,0.0,0.0,0.0,0.0,0.0,0.0,0.0,0.0,0.0,0.0,0.0,0.0,0.0,0.0,0.0,0.0,0.0
2015-01-12 23:00:00,0.0,0.0,0.0,0.0,0.0,0.0,0.0,0.0,0.0,0.0,0.0,0.0,0.0,0.0,0.0,0.0,0.0
2015-01-13 00:00:00,0.0,0.0,0.0,0.0,0.0,0.0,0.0,0.0,0.0,0.0,0.0,0.0,0.0,0.0,0.0,0.0,0.0
2015-01-13 01:00:00,0.0,0.0,0.0,0.0,0.0,0.0,0.0,0.0,0.0,0.0,0.0,0.0,0.0,0.0,0.0,0.0,0.0
2015-01-13 02:00:00,0.0,0.0,0.0,0.0,0.0,0.0,0.0,0.0,0.0,0.0,0.0,0.0,0.0,0.0,0.0,0.0,0.0
2015-01-13 03:00:00,0.0,0.0,0.0,0.0,0.0,0.0,0.0,0.0,0.0,0.0,0.0,0.0,0.0,0.0,0.0,0.0,0.0
2015-01-13 04:00:00,0.0,0.0,0.0,0.0,0.0,0.0,0.0,0.0,0.0,0.0,0.0,0.0,0.0,0.0,0.0,0.0,0.0
2015-01-13 05:00:00,0.0,0.0,0.0,0.0,0.0,0.0,0.0,0.0,0.0,0.0,0.0,0.0,0.0,0.0,0.0,0.0,0.0
2015-01-13 06:00:00,0.0,0.0,0.0,0.0,0.0,0.0,0.0,0.0,0.0,0.0,0.0,0.0,0.0,0.0,0.0,0.0,0.0
2015-01-13 07:00:00,0.0,0.0,0.0,0.0,0.0,0.0,0.0,0.0,0.0,0.0,0.0,0.0,0.0,0.0,0.0,0.0,0.0
2015-01-13 08:00:00,0.003,0.006,0.0,0.005,0.0,0.002,0.02,0.0,0.01,0.017,0.002,0.0,0.011,0.009,0.0,0.001,0.0
2015-01-13 09:00:00,0.013,0.027,0.004,0.015,0.007,0.014,0.046,0.007,0.033,0.042,0.007,0.008,0.038,0.036,0.004,0.012,0.004
2015-01-13 10:00:00,0.025,0.038,0.015,0.035,0.016,0.028,0.068,0.017,0.047,0.086,0.016,0.014,0.052,0.064,0.011,0.022,0.007
2015-01-13 11:00:00,0.045,0.095,0.009,0.073,0.042,0.047,0.165,0.028,0.142,0.15,0.033,0.009,0.138,0.091,0.016,0.03,0.009
2015-01-13 12:00:00,0.073,0.189,0.007,0.075,0.118,0.106,0.254,0.027,0.228,0.211,0.027,0.006,0.235,0.142,0.012,0.046,0.013
2015-01-13 13:00:00,0.101,0.249,0.008,0.071,0.139,0.162,0.296,0.055,0.264,0.245,0.005,0.004,0.275,0.217,0.004,0.104,0.017
2015-01-13 14:00:00,0.104,0.23,0.054,0.102,0.144,0.153,0.258,0.064,0.237,0.218,0.004,0.002,0.24,0.217,0.0,0.119,0.011
2015-01-13 15:00:00,0.062,0.137,0.029,0.055,0.102,0.085,0.144,0.036,0.138,0.12,0.0,0.0,0.135,0.114,0.0,0.077,0.002
2015-01-13 16:00:00,0.0,0.0,0.0,0.0,0.0,0.0,0.0,0.0,0.0,0.0,0.0,0.0,0.0,0.0,0.0,0.0,0.0
2015-01-13 17:00:00,0.0,0.0,0.0,0.0,0.0,0.0,0.0,0.0,0.0,0.0,0.0,0.0,0.0,0.0,0.0,0.0,0.0
2015-01-13 18:00:00,0.0,0.0,0.0,0.0,0.0,0.0,0.0,0.0,0.0,0.0,0.0,0.0,0.0,0.0,0.0,0.0,0.0
2015-01-13 19:00:00,0.0,0.0,0.0,0.0,0.0,0.0,0.0,0.0,0.0,0.0,0.0,0.0,0.0,0.0,0.0,0.0,0.0
2015-01-13 20:00:00,0.0,0.0,0.0,0.0,0.0,0.0,0.0,0.0,0.0,0.0,0.0,0.0,0.0,0.0,0.0,0.0,0.0
2015-01-13 21:00:00,0.0,0.0,0.0,0.0,0.0,0.0,0.0,0.0,0.0,0.0,0.0,0.0,0.0,0.0,0.0,0.0,0.0
2015-01-13 22:00:00,0.0,0.0,0.0,0.0,0.0,0.0,0.0,0.0,0.0,0.0,0.0,0.0,0.0,0.0,0.0,0.0,0.0
2015-01-13 23:00:00,0.0,0.0,0.0,0.0,0.0,0.0,0.0,0.0,0.0,0.0,0.0,0.0,0.0,0.0,0.0,0.0,0.0
2015-01-14 00:00:00,0.0,0.0,0.0,0.0,0.0,0.0,0.0,0.0,0.0,0.0,0.0,0.0,0.0,0.0,0.0,0.0,0.0
2015-01-14 01:00:00,0.0,0.0,0.0,0.0,0.0,0.0,0.0,0.0,0.0,0.0,0.0,0.0,0.0,0.0,0.0,0.0,0.0
2015-01-14 02:00:00,0.0,0.0,0.0,0.0,0.0,0.0,0.0,0.0,0.0,0.0,0.0,0.0,0.0,0.0,0.0,0.0,0.0
2015-01-14 03:00:00,0.0,0.0,0.0,0.0,0.0,0.0,0.0,0.0,0.0,0.0,0.0,0.0,0.0,0.0,0.0,0.0,0.0
2015-01-14 04:00:00,0.0,0.0,0.0,0.0,0.0,0.0,0.0,0.0,0.0,0.0,0.0,0.0,0.0,0.0,0.0,0.0,0.0
2015-01-14 05:00:00,0.0,0.0,0.0,0.0,0.0,0.0,0.0,0.0,0.0,0.0,0.0,0.0,0.0,0.0,0.0,0.0,0.0
2015-01-14 06:00:00,0.0,0.0,0.0,0.0,0.0,0.0,0.0,0.0,0.0,0.0,0.0,0.0,0.0,0.0,0.0,0.0,0.0
2015-01-14 07:00:00,0.0,0.0,0.0,0.0,0.0,0.0,0.0,0.0,0.0,0.0,0.0,0.0,0.0,0.0,0.0,0.0,0.0
2015-01-14 08:00:00,0.006,0.005,0.005,0.016,0.003,0.005,0.019,0.01,0.007,0.021,0.003,0.002,0.014,0.017,0.005,0.003,0.002
2015-01-14 09:00:00,0.03,0.036,0.031,0.049,0.023,0.018,0.048,0.031,0.041,0.041,0.023,0.023,0.042,0.045,0.029,0.03,0.021
2015-01-14 10:00:00,0.049,0.044,0.045,0.066,0.043,0.059,0.083,0.038,0.065,0.076,0.049,0.048,0.068,0.077,0.049,0.049,0.024
2015-01-14 11:00:00,0.093,0.12,0.097,0.091,0.083,0.116,0.142,0.078,0.131,0.169,0.05,0.072,0.129,0.12,0.074,0.101,0.056
2015-01-14 12:00:00,0.137,0.183,0.117,0.137,0.174,0.147,0.154,0.123,0.186,0.221,0.051,0.071,0.14,0.157,0.117,0.149,0.111
2015-01-14 13:00:00,0.155,0.212,0.128,0.117,0.186,0.176,0.125,0.136,0.24,0.218,0.077,0.098,0.153,0.113,0.128,0.178,0.144
2015-01-14 14:00:00,0.122,0.154,0.13,0.065,0.108,0.126,0.062,0.103,0.226,0.15,0.08,0.078,0.166,0.059,0.105,0.145,0.141
2015-01-14 15:00:00,0.04,0.033,0.08,0.011,0.027,0.048,0.022,0.03,0.079,0.05,0.0,0.039,0.076,0.023,0.022,0.046,0.063
2015-01-14 16:00:00,0.0,0.0,0.0,0.0,0.0,0.0,0.0,0.0,0.0,0.0,0.0,0.0,0.0,0.0,0.0,0.0,0.0
2015-01-14 17:00:00,0.0,0.0,0.0,0.0,0.0,0.0,0.0,0.0,0.0,0.0,0.0,0.0,0.0,0.0,0.0,0.0,0.0
2015-01-14 18:00:00,0.0,0.0,0.0,0.0,0.0,0.0,0.0,0.0,0.0,0.0,0.0,0.0,0.0,0.0,0.0,0.0,0.0
2015-01-14 19:00:00,0.0,0.0,0.0,0.0,0.0,0.0,0.0,0.0,0.0,0.0,0.0,0.0,0.0,0.0,0.0,0.0,0.0
2015-01-14 20:00:00,0.0,0.0,0.0,0.0,0.0,0.0,0.0,0.0,0.0,0.0,0.0,0.0,0.0,0.0,0.0,0.0,0.0
2015-01-14 21:00:00,0.0,0.0,0.0,0.0,0.0,0.0,0.0,0.0,0.0,0.0,0.0,0.0,0.0,0.0,0.0,0.0,0.0
2015-01-14 22:00:00,0.0,0.0,0.0,0.0,0.0,0.0,0.0,0.0,0.0,0.0,0.0,0.0,0.0,0.0,0.0,0.0,0.0
2015-01-14 23:00:00,0.0,0.0,0.0,0.0,0.0,0.0,0.0,0.0,0.0,0.0,0.0,0.0,0.0,0.0,0.0,0.0,0.0
2015-01-15 00:00:00,0.0,0.0,0.0,0.0,0.0,0.0,0.0,0.0,0.0,0.0,0.0,0.0,0.0,0.0,0.0,0.0,0.0
2015-01-15 01:00:00,0.0,0.0,0.0,0.0,0.0,0.0,0.0,0.0,0.0,0.0,0.0,0.0,0.0,0.0,0.0,0.0,0.0
2015-01-15 02:00:00,0.0,0.0,0.0,0.0,0.0,0.0,0.0,0.0,0.0,0.0,0.0,0.0,0.0,0.0,0.0,0.0,0.0
2015-01-15 03:00:00,0.0,0.0,0.0,0.0,0.0,0.0,0.0,0.0,0.0,0.0,0.0,0.0,0.0,0.0,0.0,0.0,0.0
2015-01-15 04:00:00,0.0,0.0,0.0,0.0,0.0,0.0,0.0,0.0,0.0,0.0,0.0,0.0,0.0,0.0,0.0,0.0,0.0
2015-01-15 05:00:00,0.0,0.0,0.0,0.0,0.0,0.0,0.0,0.0,0.0,0.0,0.0,0.0,0.0,0.0,0.0,0.0,0.0
2015-01-15 06:00:00,0.0,0.0,0.0,0.0,0.0,0.0,0.0,0.0,0.0,0.0,0.0,0.0,0.0,0.0,0.0,0.0,0.0
2015-01-15 07:00:00,0.0,0.0,0.0,0.0,0.0,0.0,0.0,0.0,0.0,0.0,0.0,0.0,0.0,0.0,0.0,0.0,0.0
2015-01-15 08:00:00,0.008,0.009,0.004,0.019,0.006,0.007,0.015,0.01,0.012,0.022,0.013,0.004,0.016,0.014,0.01,0.006,0.003
2015-01-15 09:00:00,0.035,0.042,0.032,0.04,0.04,0.031,0.046,0.033,0.04,0.047,0.031,0.034,0.041,0.041,0.03,0.033,0.031
2015-01-15 10:00:00,0.063,0.081,0.06,0.069,0.068,0.054,0.086,0.059,0.055,0.079,0.057,0.062,0.065,0.059,0.049,0.067,0.052
2015-01-15 11:00:00,0.101,0.126,0.083,0.121,0.094,0.098,0.153,0.08,0.144,0.105,0.095,0.079,0.144,0.093,0.116,0.106,0.066
2015-01-15 12:00:00,0.12,0.185,0.102,0.127,0.08,0.119,0.223,0.074,0.182,0.105,0.121,0.085,0.189,0.11,0.115,0.153,0.055
2015-01-15 13:00:00,0.112,0.199,0.132,0.073,0.069,0.106,0.218,0.053,0.224,0.068,0.088,0.077,0.136,0.083,0.082,0.168,0.029
2015-01-15 14:00:00,0.095,0.19,0.153,0.032,0.076,0.147,0.155,0.041,0.194,0.069,0.024,0.051,0.176,0.074,0.029,0.143,0.013
2015-01-15 15:00:00,0.041,0.072,0.039,0.003,0.02,0.112,0.14,0.033,0.106,0.05,0.0,0.004,0.138,0.047,0.006,0.06,0.002
2015-01-15 16:00:00,0.0,0.0,0.0,0.0,0.0,0.0,0.0,0.0,0.0,0.0,0.0,0.0,0.0,0.0,0.0,0.0,0.0
2015-01-15 17:00:00,0.0,0.0,0.0,0.0,0.0,0.0,0.0,0.0,0.0,0.0,0.0,0.0,0.0,0.0,0.0,0.0,0.0
2015-01-15 18:00:00,0.0,0.0,0.0,0.0,0.0,0.0,0.0,0.0,0.0,0.0,0.0,0.0,0.0,0.0,0.0,0.0,0.0
2015-01-15 19:00:00,0.0,0.0,0.0,0.0,0.0,0.0,0.0,0.0,0.0,0.0,0.0,0.0,0.0,0.0,0.0,0.0,0.0
2015-01-15 20:00:00,0.0,0.0,0.0,0.0,0.0,0.0,0.0,0.0,0.0,0.0,0.0,0.0,0.0,0.0,0.0,0.0,0.0
2015-01-15 21:00:00,0.0,0.0,0.0,0.0,0.0,0.0,0.0,0.0,0.0,0.0,0.0,0.0,0.0,0.0,0.0,0.0,0.0
2015-01-15 22:00:00,0.0,0.0,0.0,0.0,0.0,0.0,0.0,0.0,0.0,0.0,0.0,0.0,0.0,0.0,0.0,0.0,0.0
2015-01-15 23:00:00,0.0,0.0,0.0,0.0,0.0,0.0,0.0,0.0,0.0,0.0,0.0,0.0,0.0,0.0,0.0,0.0,0.0
2015-01-16 00:00:00,0.0,0.0,0.0,0.0,0.0,0.0,0.0,0.0,0.0,0.0,0.0,0.0,0.0,0.0,0.0,0.0,0.0
2015-01-16 01:00:00,0.0,0.0,0.0,0.0,0.0,0.0,0.0,0.0,0.0,0.0,0.0,0.0,0.0,0.0,0.0,0.0,0.0
2015-01-16 02:00:00,0.0,0.0,0.0,0.0,0.0,0.0,0.0,0.0,0.0,0.0,0.0,0.0,0.0,0.0,0.0,0.0,0.0
2015-01-16 03:00:00,0.0,0.0,0.0,0.0,0.0,0.0,0.0,0.0,0.0,0.0,0.0,0.0,0.0,0.0,0.0,0.0,0.0
2015-01-16 04:00:00,0.0,0.0,0.0,0.0,0.0,0.0,0.0,0.0,0.0,0.0,0.0,0.0,0.0,0.0,0.0,0.0,0.0
2015-01-16 05:00:00,0.0,0.0,0.0,0.0,0.0,0.0,0.0,0.0,0.0,0.0,0.0,0.0,0.0,0.0,0.0,0.0,0.0
2015-01-16 06:00:00,0.0,0.0,0.0,0.0,0.0,0.0,0.0,0.0,0.0,0.0,0.0,0.0,0.0,0.0,0.0,0.0,0.0
2015-01-16 07:00:00,0.0,0.0,0.0,0.0,0.0,0.0,0.0,0.0,0.0,0.0,0.0,0.0,0.0,0.0,0.0,0.0,0.0
2015-01-16 08:00:00,0.009,0.008,0.008,0.025,0.005,0.012,0.019,0.014,0.011,0.03,0.007,0.005,0.015,0.02,0.006,0.007,0.003
2015-01-16 09:00:00,0.035,0.036,0.034,0.05,0.035,0.033,0.044,0.036,0.037,0.051,0.033,0.033,0.036,0.042,0.035,0.032,0.032
2015-01-16 10:00:00,0.056,0.055,0.051,0.075,0.064,0.046,0.063,0.05,0.049,0.086,0.056,0.055,0.048,0.062,0.056,0.049,0.053
2015-01-16 11:00:00,0.118,0.122,0.1,0.17,0.097,0.135,0.174,0.137,0.136,0.179,0.135,0.086,0.154,0.167,0.096,0.11,0.097
2015-01-16 12:00:00,0.164,0.159,0.135,0.243,0.094,0.215,0.255,0.211,0.212,0.252,0.187,0.121,0.233,0.246,0.131,0.147,0.154
2015-01-16 13:00:00,0.176,0.187,0.115,0.255,0.096,0.241,0.264,0.229,0.241,0.276,0.208,0.132,0.255,0.272,0.141,0.144,0.193
2015-01-16 14:00:00,0.137,0.157,0.073,0.201,0.074,0.189,0.233,0.172,0.172,0.235,0.152,0.096,0.195,0.231,0.077,0.116,0.171
2015-01-16 15:00:00,0.066,0.083,0.026,0.107,0.042,0.099,0.121,0.085,0.088,0.121,0.013,0.066,0.091,0.122,0.01,0.063,0.077
2015-01-16 16:00:00,0.0,0.0,0.0,0.0,0.0,0.0,0.0,0.0,0.0,0.0,0.0,0.0,0.0,0.0,0.0,0.0,0.0
2015-01-16 17:00:00,0.0,0.0,0.0,0.0,0.0,0.0,0.0,0.0,0.0,0.0,0.0,0.0,0.0,0.0,0.0,0.0,0.0
2015-01-16 18:00:00,0.0,0.0,0.0,0.0,0.0,0.0,0.0,0.0,0.0,0.0,0.0,0.0,0.0,0.0,0.0,0.0,0.0
2015-01-16 19:00:00,0.0,0.0,0.0,0.0,0.0,0.0,0.0,0.0,0.0,0.0,0.0,0.0,0.0,0.0,0.0,0.0,0.0
2015-01-16 20:00:00,0.0,0.0,0.0,0.0,0.0,0.0,0.0,0.0,0.0,0.0,0.0,0.0,0.0,0.0,0.0,0.0,0.0
2015-01-16 21:00:00,0.0,0.0,0.0,0.0,0.0,0.0,0.0,0.0,0.0,0.0,0.0,0.0,0.0,0.0,0.0,0.0,0.0
2015-01-16 22:00:00,0.0,0.0,0.0,0.0,0.0,0.0,0.0,0.0,0.0,0.0,0.0,0.0,0.0,0.0,0.0,0.0,0.0
2015-01-16 23:00:00,0.0,0.0,0.0,0.0,0.0,0.0,0.0,0.0,0.0,0.0,0.0,0.0,0.0,0.0,0.0,0.0,0.0
2015-01-17 00:00:00,0.0,0.0,0.0,0.0,0.0,0.0,0.0,0.0,0.0,0.0,0.0,0.0,0.0,0.0,0.0,0.0,0.0
2015-01-17 01:00:00,0.0,0.0,0.0,0.0,0.0,0.0,0.0,0.0,0.0,0.0,0.0,0.0,0.0,0.0,0.0,0.0,0.0
2015-01-17 02:00:00,0.0,0.0,0.0,0.0,0.0,0.0,0.0,0.0,0.0,0.0,0.0,0.0,0.0,0.0,0.0,0.0,0.0
2015-01-17 03:00:00,0.0,0.0,0.0,0.0,0.0,0.0,0.0,0.0,0.0,0.0,0.0,0.0,0.0,0.0,0.0,0.0,0.0
2015-01-17 04:00:00,0.0,0.0,0.0,0.0,0.0,0.0,0.0,0.0,0.0,0.0,0.0,0.0,0.0,0.0,0.0,0.0,0.0
2015-01-17 05:00:00,0.0,0.0,0.0,0.0,0.0,0.0,0.0,0.0,0.0,0.0,0.0,0.0,0.0,0.0,0.0,0.0,0.0
2015-01-17 06:00:00,0.0,0.0,0.0,0.0,0.0,0.0,0.0,0.0,0.0,0.0,0.0,0.0,0.0,0.0,0.0,0.0,0.0
2015-01-17 07:00:00,0.0,0.0,0.0,0.0,0.0,0.0,0.0,0.0,0.0,0.0,0.0,0.0,0.0,0.0,0.0,0.0,0.0
2015-01-17 08:00:00,0.009,0.008,0.005,0.019,0.001,0.016,0.019,0.016,0.017,0.021,0.019,0.001,0.018,0.017,0.01,0.008,0.002
2015-01-17 09:00:00,0.034,0.031,0.033,0.037,0.026,0.044,0.039,0.038,0.05,0.039,0.047,0.012,0.041,0.037,0.033,0.036,0.031
2015-01-17 10:00:00,0.058,0.055,0.048,0.067,0.061,0.064,0.067,0.059,0.069,0.075,0.06,0.03,0.057,0.061,0.048,0.061,0.063
2015-01-17 11:00:00,0.088,0.054,0.047,0.166,0.069,0.128,0.168,0.122,0.096,0.172,0.133,0.052,0.121,0.156,0.055,0.07,0.083
2015-01-17 12:00:00,0.104,0.055,0.054,0.229,0.076,0.154,0.235,0.139,0.118,0.218,0.15,0.073,0.151,0.214,0.047,0.075,0.095
2015-01-17 13:00:00,0.089,0.036,0.062,0.238,0.07,0.132,0.251,0.132,0.054,0.233,0.118,0.078,0.097,0.197,0.023,0.043,0.099
2015-01-17 14:00:00,0.055,0.027,0.023,0.167,0.058,0.057,0.124,0.062,0.016,0.157,0.041,0.072,0.038,0.116,0.012,0.021,0.095
2015-01-17 15:00:00,0.018,0.008,0.002,0.048,0.019,0.007,0.021,0.008,0.003,0.069,0.002,0.023,0.008,0.017,0.002,0.006,0.065
2015-01-17 16:00:00,0.0,0.0,0.0,0.0,0.0,0.0,0.0,0.0,0.0,0.0,0.0,0.0,0.0,0.0,0.0,0.0,0.0
2015-01-17 17:00:00,0.0,0.0,0.0,0.0,0.0,0.0,0.0,0.0,0.0,0.0,0.0,0.0,0.0,0.0,0.0,0.0,0.0
2015-01-17 18:00:00,0.0,0.0,0.0,0.0,0.0,0.0,0.0,0.0,0.0,0.0,0.0,0.0,0.0,0.0,0.0,0.0,0.0
2015-01-17 19:00:00,0.0,0.0,0.0,0.0,0.0,0.0,0.0,0.0,0.0,0.0,0.0,0.0,0.0,0.0,0.0,0.0,0.0
2015-01-17 20:00:00,0.0,0.0,0.0,0.0,0.0,0.0,0.0,0.0,0.0,0.0,0.0,0.0,0.0,0.0,0.0,0.0,0.0
2015-01-17 21:00:00,0.0,0.0,0.0,0.0,0.0,0.0,0.0,0.0,0.0,0.0,0.0,0.0,0.0,0.0,0.0,0.0,0.0
2015-01-17 22:00:00,0.0,0.0,0.0,0.0,0.0,0.0,0.0,0.0,0.0,0.0,0.0,0.0,0.0,0.0,0.0,0.0,0.0
2015-01-17 23:00:00,0.0,0.0,0.0,0.0,0.0,0.0,0.0,0.0,0.0,0.0,0.0,0.0,0.0,0.0,0.0,0.0,0.0
2015-01-18 00:00:00,0.0,0.0,0.0,0.0,0.0,0.0,0.0,0.0,0.0,0.0,0.0,0.0,0.0,0.0,0.0,0.0,0.0
2015-01-18 01:00:00,0.0,0.0,0.0,0.0,0.0,0.0,0.0,0.0,0.0,0.0,0.0,0.0,0.0,0.0,0.0,0.0,0.0
2015-01-18 02:00:00,0.0,0.0,0.0,0.0,0.0,0.0,0.0,0.0,0.0,0.0,0.0,0.0,0.0,0.0,0.0,0.0,0.0
2015-01-18 03:00:00,0.0,0.0,0.0,0.0,0.0,0.0,0.0,0.0,0.0,0.0,0.0,0.0,0.0,0.0,0.0,0.0,0.0
2015-01-18 04:00:00,0.0,0.0,0.0,0.0,0.0,0.0,0.0,0.0,0.0,0.0,0.0,0.0,0.0,0.0,0.0,0.0,0.0
2015-01-18 05:00:00,0.0,0.0,0.0,0.0,0.0,0.0,0.0,0.0,0.0,0.0,0.0,0.0,0.0,0.0,0.0,0.0,0.0
2015-01-18 06:00:00,0.0,0.0,0.0,0.0,0.0,0.0,0.0,0.0,0.0,0.0,0.0,0.0,0.0,0.0,0.0,0.0,0.0
2015-01-18 07:00:00,0.0,0.0,0.0,0.0,0.0,0.0,0.0,0.0,0.0,0.0,0.0,0.0,0.0,0.0,0.0,0.0,0.0
2015-01-18 08:00:00,0.008,0.007,0.008,0.011,0.005,0.012,0.005,0.013,0.011,0.014,0.015,0.005,0.013,0.009,0.015,0.006,0.003
2015-01-18 09:00:00,0.033,0.037,0.03,0.025,0.03,0.042,0.027,0.045,0.04,0.024,0.051,0.027,0.042,0.031,0.045,0.029,0.025
2015-01-18 10:00:00,0.053,0.063,0.046,0.049,0.049,0.066,0.044,0.067,0.061,0.046,0.08,0.039,0.07,0.06,0.056,0.049,0.04
2015-01-18 11:00:00,0.101,0.107,0.11,0.074,0.102,0.076,0.064,0.115,0.09,0.046,0.133,0.114,0.086,0.067,0.136,0.098,0.103
2015-01-18 12:00:00,0.139,0.119,0.168,0.075,0.126,0.093,0.059,0.141,0.098,0.045,0.206,0.188,0.074,0.071,0.213,0.137,0.176
2015-01-18 13:00:00,0.129,0.105,0.13,0.047,0.13,0.074,0.057,0.143,0.077,0.032,0.225,0.227,0.069,0.04,0.246,0.096,0.181
2015-01-18 14:00:00,0.091,0.056,0.08,0.03,0.075,0.038,0.026,0.103,0.065,0.018,0.187,0.173,0.04,0.02,0.185,0.064,0.153
2015-01-18 15:00:00,0.048,0.042,0.072,0.009,0.05,0.023,0.005,0.05,0.03,0.001,0.069,0.09,0.011,0.003,0.075,0.031,0.097
2015-01-18 16:00:00,0.0,0.0,0.0,0.0,0.0,0.0,0.0,0.0,0.0,0.0,0.0,0.0,0.0,0.0,0.0,0.0,0.0
2015-01-18 17:00:00,0.0,0.0,0.0,0.0,0.0,0.0,0.0,0.0,0.0,0.0,0.0,0.0,0.0,0.0,0.0,0.0,0.0
2015-01-18 18:00:00,0.0,0.0,0.0,0.0,0.0,0.0,0.0,0.0,0.0,0.0,0.0,0.0,0.0,0.0,0.0,0.0,0.0
2015-01-18 19:00:00,0.0,0.0,0.0,0.0,0.0,0.0,0.0,0.0,0.0,0.0,0.0,0.0,0.0,0.0,0.0,0.0,0.0
2015-01-18 20:00:00,0.0,0.0,0.0,0.0,0.0,0.0,0.0,0.0,0.0,0.0,0.0,0.0,0.0,0.0,0.0,0.0,0.0
2015-01-18 21:00:00,0.0,0.0,0.0,0.0,0.0,0.0,0.0,0.0,0.0,0.0,0.0,0.0,0.0,0.0,0.0,0.0,0.0
2015-01-18 22:00:00,0.0,0.0,0.0,0.0,0.0,0.0,0.0,0.0,0.0,0.0,0.0,0.0,0.0,0.0,0.0,0.0,0.0
2015-01-18 23:00:00,0.0,0.0,0.0,0.0,0.0,0.0,0.0,0.0,0.0,0.0,0.0,0.0,0.0,0.0,0.0,0.0,0.0
2015-01-19 00:00:00,0.0,0.0,0.0,0.0,0.0,0.0,0.0,0.0,0.0,0.0,0.0,0.0,0.0,0.0,0.0,0.0,0.0
2015-01-19 01:00:00,0.0,0.0,0.0,0.0,0.0,0.0,0.0,0.0,0.0,0.0,0.0,0.0,0.0,0.0,0.0,0.0,0.0
2015-01-19 02:00:00,0.0,0.0,0.0,0.0,0.0,0.0,0.0,0.0,0.0,0.0,0.0,0.0,0.0,0.0,0.0,0.0,0.0
2015-01-19 03:00:00,0.0,0.0,0.0,0.0,0.0,0.0,0.0,0.0,0.0,0.0,0.0,0.0,0.0,0.0,0.0,0.0,0.0
2015-01-19 04:00:00,0.0,0.0,0.0,0.0,0.0,0.0,0.0,0.0,0.0,0.0,0.0,0.0,0.0,0.0,0.0,0.0,0.0
2015-01-19 05:00:00,0.0,0.0,0.0,0.0,0.0,0.0,0.0,0.0,0.0,0.0,0.0,0.0,0.0,0.0,0.0,0.0,0.0
2015-01-19 06:00:00,0.0,0.0,0.0,0.0,0.0,0.0,0.0,0.0,0.0,0.0,0.0,0.0,0.0,0.0,0.0,0.0,0.0
2015-01-19 07:00:00,0.0,0.0,0.0,0.0,0.0,0.0,0.0,0.0,0.0,0.0,0.0,0.0,0.0,0.0,0.0,0.0,0.0
2015-01-19 08:00:00,0.007,0.006,0.005,0.016,0.005,0.01,0.008,0.014,0.004,0.007,0.014,0.004,0.007,0.009,0.008,0.005,0.003
2015-01-19 09:00:00,0.029,0.033,0.024,0.04,0.029,0.031,0.027,0.038,0.026,0.019,0.042,0.025,0.026,0.021,0.033,0.027,0.024
2015-01-19 10:00:00,0.049,0.055,0.051,0.05,0.051,0.055,0.043,0.059,0.046,0.049,0.067,0.047,0.038,0.04,0.049,0.045,0.046
2015-01-19 11:00:00,0.077,0.087,0.068,0.069,0.102,0.067,0.06,0.089,0.058,0.048,0.091,0.075,0.045,0.04,0.09,0.071,0.088
2015-01-19 12:00:00,0.102,0.091,0.108,0.071,0.121,0.085,0.084,0.11,0.062,0.04,0.096,0.104,0.058,0.051,0.131,0.104,0.142
2015-01-19 13:00:00,0.094,0.059,0.132,0.038,0.102,0.077,0.115,0.095,0.04,0.028,0.07,0.124,0.058,0.044,0.119,0.094,0.155
2015-01-19 14:00:00,0.065,0.051,0.102,0.019,0.071,0.036,0.079,0.06,0.028,0.016,0.035,0.103,0.027,0.02,0.093,0.052,0.132
2015-01-19 15:00:00,0.025,0.016,0.056,0.002,0.016,0.009,0.02,0.018,0.006,0.002,0.004,0.065,0.005,0.006,0.046,0.021,0.047
2015-01-19 16:00:00,0.0,0.0,0.0,0.0,0.0,0.0,0.0,0.0,0.0,0.0,0.0,0.0,0.0,0.0,0.0,0.0,0.0
2015-01-19 17:00:00,0.0,0.0,0.0,0.0,0.0,0.0,0.0,0.0,0.0,0.0,0.0,0.0,0.0,0.0,0.0,0.0,0.0
2015-01-19 18:00:00,0.0,0.0,0.0,0.0,0.0,0.0,0.0,0.0,0.0,0.0,0.0,0.0,0.0,0.0,0.0,0.0,0.0
2015-01-19 19:00:00,0.0,0.0,0.0,0.0,0.0,0.0,0.0,0.0,0.0,0.0,0.0,0.0,0.0,0.0,0.0,0.0,0.0
2015-01-19 20:00:00,0.0,0.0,0.0,0.0,0.0,0.0,0.0,0.0,0.0,0.0,0.0,0.0,0.0,0.0,0.0,0.0,0.0
2015-01-19 21:00:00,0.0,0.0,0.0,0.0,0.0,0.0,0.0,0.0,0.0,0.0,0.0,0.0,0.0,0.0,0.0,0.0,0.0
2015-01-19 22:00:00,0.0,0.0,0.0,0.0,0.0,0.0,0.0,0.0,0.0,0.0,0.0,0.0,0.0,0.0,0.0,0.0,0.0
2015-01-19 23:00:00,0.0,0.0,0.0,0.0,0.0,0.0,0.0,0.0,0.0,0.0,0.0,0.0,0.0,0.0,0.0,0.0,0.0
2015-01-20 00:00:00,0.0,0.0,0.0,0.0,0.0,0.0,0.0,0.0,0.0,0.0,0.0,0.0,0.0,0.0,0.0,0.0,0.0
2015-01-20 01:00:00,0.0,0.0,0.0,0.0,0.0,0.0,0.0,0.0,0.0,0.0,0.0,0.0,0.0,0.0,0.0,0.0,0.0
2015-01-20 02:00:00,0.0,0.0,0.0,0.0,0.0,0.0,0.0,0.0,0.0,0.0,0.0,0.0,0.0,0.0,0.0,0.0,0.0
2015-01-20 03:00:00,0.0,0.0,0.0,0.0,0.0,0.0,0.0,0.0,0.0,0.0,0.0,0.0,0.0,0.0,0.0,0.0,0.0
2015-01-20 04:00:00,0.0,0.0,0.0,0.0,0.0,0.0,0.0,0.0,0.0,0.0,0.0,0.0,0.0,0.0,0.0,0.0,0.0
2015-01-20 05:00:00,0.0,0.0,0.0,0.0,0.0,0.0,0.0,0.0,0.0,0.0,0.0,0.0,0.0,0.0,0.0,0.0,0.0
2015-01-20 06:00:00,0.0,0.0,0.0,0.0,0.0,0.0,0.0,0.0,0.0,0.0,0.0,0.0,0.0,0.0,0.0,0.0,0.0
2015-01-20 07:00:00,0.0,0.0,0.0,0.0,0.0,0.0,0.0,0.0,0.0,0.0,0.0,0.0,0.0,0.0,0.0,0.0,0.0
2015-01-20 08:00:00,0.007,0.013,0.002,0.006,0.007,0.007,0.019,0.004,0.016,0.01,0.009,0.002,0.019,0.011,0.006,0.005,0.002
2015-01-20 09:00:00,0.03,0.051,0.017,0.022,0.044,0.03,0.048,0.019,0.054,0.029,0.024,0.018,0.056,0.035,0.021,0.029,0.028
2015-01-20 10:00:00,0.049,0.08,0.026,0.039,0.071,0.042,0.075,0.035,0.076,0.042,0.035,0.03,0.079,0.048,0.036,0.05,0.049
2015-01-20 11:00:00,0.07,0.112,0.039,0.048,0.104,0.074,0.094,0.044,0.113,0.053,0.039,0.042,0.113,0.07,0.042,0.077,0.07
2015-01-20 12:00:00,0.077,0.116,0.048,0.059,0.113,0.081,0.091,0.055,0.115,0.049,0.05,0.058,0.103,0.068,0.054,0.08,0.084
2015-01-20 13:00:00,0.058,0.085,0.038,0.044,0.076,0.052,0.086,0.044,0.082,0.024,0.032,0.04,0.075,0.046,0.045,0.064,0.075
2015-01-20 14:00:00,0.033,0.047,0.022,0.014,0.04,0.035,0.057,0.018,0.047,0.013,0.013,0.029,0.053,0.025,0.018,0.036,0.05
2015-01-20 15:00:00,0.007,0.013,0.002,0.0,0.012,0.005,0.02,0.001,0.014,0.003,0.0,0.005,0.013,0.003,0.001,0.007,0.014
2015-01-20 16:00:00,0.0,0.0,0.0,0.0,0.0,0.0,0.0,0.0,0.0,0.0,0.0,0.0,0.0,0.0,0.0,0.0,0.0
2015-01-20 17:00:00,0.0,0.0,0.0,0.0,0.0,0.0,0.0,0.0,0.0,0.0,0.0,0.0,0.0,0.0,0.0,0.0,0.0
2015-01-20 18:00:00,0.0,0.0,0.0,0.0,0.0,0.0,0.0,0.0,0.0,0.0,0.0,0.0,0.0,0.0,0.0,0.0,0.0
2015-01-20 19:00:00,0.0,0.0,0.0,0.0,0.0,0.0,0.0,0.0,0.0,0.0,0.0,0.0,0.0,0.0,0.0,0.0,0.0
2015-01-20 20:00:00,0.0,0.0,0.0,0.0,0.0,0.0,0.0,0.0,0.0,0.0,0.0,0.0,0.0,0.0,0.0,0.0,0.0
2015-01-20 21:00:00,0.0,0.0,0.0,0.0,0.0,0.0,0.0,0.0,0.0,0.0,0.0,0.0,0.0,0.0,0.0,0.0,0.0
2015-01-20 22:00:00,0.0,0.0,0.0,0.0,0.0,0.0,0.0,0.0,0.0,0.0,0.0,0.0,0.0,0.0,0.0,0.0,0.0
2015-01-20 23:00:00,0.0,0.0,0.0,0.0,0.0,0.0,0.0,0.0,0.0,0.0,0.0,0.0,0.0,0.0,0.0,0.0,0.0
2015-01-21 00:00:00,0.0,0.0,0.0,0.0,0.0,0.0,0.0,0.0,0.0,0.0,0.0,0.0,0.0,0.0,0.0,0.0,0.0
2015-01-21 01:00:00,0.0,0.0,0.0,0.0,0.0,0.0,0.0,0.0,0.0,0.0,0.0,0.0,0.0,0.0,0.0,0.0,0.0
2015-01-21 02:00:00,0.0,0.0,0.0,0.0,0.0,0.0,0.0,0.0,0.0,0.0,0.0,0.0,0.0,0.0,0.0,0.0,0.0
2015-01-21 03:00:00,0.0,0.0,0.0,0.0,0.0,0.0,0.0,0.0,0.0,0.0,0.0,0.0,0.0,0.0,0.0,0.0,0.0
2015-01-21 04:00:00,0.0,0.0,0.0,0.0,0.0,0.0,0.0,0.0,0.0,0.0,0.0,0.0,0.0,0.0,0.0,0.0,0.0
2015-01-21 05:00:00,0.0,0.0,0.0,0.0,0.0,0.0,0.0,0.0,0.0,0.0,0.0,0.0,0.0,0.0,0.0,0.0,0.0
2015-01-21 06:00:00,0.0,0.0,0.0,0.0,0.0,0.0,0.0,0.0,0.0,0.0,0.0,0.0,0.0,0.0,0.0,0.0,0.0
2015-01-21 07:00:00,0.0,0.0,0.0,0.0,0.0,0.0,0.0,0.0,0.0,0.0,0.0,0.0,0.0,0.0,0.0,0.0,0.0
2015-01-21 08:00:00,0.009,0.009,0.006,0.016,0.005,0.009,0.02,0.013,0.014,0.01,0.008,0.008,0.012,0.02,0.01,0.007,0.003
2015-01-21 09:00:00,0.037,0.033,0.04,0.048,0.031,0.038,0.049,0.04,0.035,0.04,0.033,0.042,0.035,0.054,0.038,0.036,0.027
2015-01-21 10:00:00,0.061,0.057,0.058,0.068,0.066,0.06,0.077,0.061,0.056,0.059,0.046,0.072,0.056,0.088,0.064,0.058,0.051
2015-01-21 11:00:00,0.085,0.09,0.077,0.079,0.096,0.089,0.138,0.089,0.072,0.065,0.068,0.109,0.1,0.122,0.091,0.078,0.062
2015-01-21 12:00:00,0.093,0.117,0.074,0.079,0.087,0.098,0.193,0.099,0.076,0.056,0.067,0.119,0.12,0.152,0.095,0.091,0.066
2015-01-21 13:00:00,0.083,0.087,0.048,0.057,0.099,0.12,0.202,0.07,0.098,0.047,0.057,0.071,0.164,0.165,0.063,0.087,0.058
2015-01-21 14:00:00,0.054,0.079,0.023,0.039,0.084,0.06,0.145,0.047,0.052,0.03,0.032,0.032,0.099,0.093,0.034,0.056,0.046
2015-01-21 15:00:00,0.027,0.061,0.006,0.006,0.056,0.024,0.099,0.006,0.015,0.002,0.003,0.002,0.048,0.019,0.001,0.043,0.018
2015-01-21 16:00:00,0.0,0.0,0.0,0.0,0.0,0.0,0.0,0.0,0.0,0.0,0.0,0.0,0.0,0.0,0.0,0.0,0.0
2015-01-21 17:00:00,0.0,0.0,0.0,0.0,0.0,0.0,0.0,0.0,0.0,0.0,0.0,0.0,0.0,0.0,0.0,0.0,0.0
2015-01-21 18:00:00,0.0,0.0,0.0,0.0,0.0,0.0,0.0,0.0,0.0,0.0,0.0,0.0,0.0,0.0,0.0,0.0,0.0
2015-01-21 19:00:00,0.0,0.0,0.0,0.0,0.0,0.0,0.0,0.0,0.0,0.0,0.0,0.0,0.0,0.0,0.0,0.0,0.0
2015-01-21 20:00:00,0.0,0.0,0.0,0.0,0.0,0.0,0.0,0.0,0.0,0.0,0.0,0.0,0.0,0.0,0.0,0.0,0.0
2015-01-21 21:00:00,0.0,0.0,0.0,0.0,0.0,0.0,0.0,0.0,0.0,0.0,0.0,0.0,0.0,0.0,0.0,0.0,0.0
2015-01-21 22:00:00,0.0,0.0,0.0,0.0,0.0,0.0,0.0,0.0,0.0,0.0,0.0,0.0,0.0,0.0,0.0,0.0,0.0
2015-01-21 23:00:00,0.0,0.0,0.0,0.0,0.0,0.0,0.0,0.0,0.0,0.0,0.0,0.0,0.0,0.0,0.0,0.0,0.0
2015-01-22 00:00:00,0.0,0.0,0.0,0.0,0.0,0.0,0.0,0.0,0.0,0.0,0.0,0.0,0.0,0.0,0.0,0.0,0.0
2015-01-22 01:00:00,0.0,0.0,0.0,0.0,0.0,0.0,0.0,0.0,0.0,0.0,0.0,0.0,0.0,0.0,0.0,0.0,0.0
2015-01-22 02:00:00,0.0,0.0,0.0,0.0,0.0,0.0,0.0,0.0,0.0,0.0,0.0,0.0,0.0,0.0,0.0,0.0,0.0
2015-01-22 03:00:00,0.0,0.0,0.0,0.0,0.0,0.0,0.0,0.0,0.0,0.0,0.0,0.0,0.0,0.0,0.0,0.0,0.0
2015-01-22 04:00:00,0.0,0.0,0.0,0.0,0.0,0.0,0.0,0.0,0.0,0.0,0.0,0.0,0.0,0.0,0.0,0.0,0.0
2015-01-22 05:00:00,0.0,0.0,0.0,0.0,0.0,0.0,0.0,0.0,0.0,0.0,0.0,0.0,0.0,0.0,0.0,0.0,0.0
2015-01-22 06:00:00,0.0,0.0,0.0,0.0,0.0,0.0,0.0,0.0,0.0,0.0,0.0,0.0,0.0,0.0,0.0,0.0,0.0
2015-01-22 07:00:00,0.0,0.0,0.0,0.0,0.0,0.0,0.0,0.0,0.0,0.0,0.0,0.0,0.0,0.0,0.0,0.0,0.0
2015-01-22 08:00:00,0.005,0.002,0.006,0.007,0.001,0.009,0.011,0.008,0.006,0.012,0.01,0.006,0.012,0.01,0.009,0.003,0.003
2015-01-22 09:00:00,0.026,0.018,0.031,0.023,0.017,0.031,0.032,0.028,0.033,0.04,0.033,0.031,0.034,0.027,0.034,0.022,0.024
2015-01-22 10:00:00,0.043,0.034,0.046,0.039,0.027,0.05,0.038,0.048,0.05,0.056,0.054,0.062,0.044,0.039,0.056,0.033,0.05
2015-01-22 11:00:00,0.064,0.058,0.094,0.032,0.036,0.054,0.043,0.061,0.091,0.066,0.081,0.099,0.068,0.028,0.079,0.061,0.072
2015-01-22 12:00:00,0.077,0.087,0.107,0.035,0.06,0.046,0.046,0.063,0.096,0.072,0.088,0.13,0.059,0.027,0.093,0.068,0.104
2015-01-22 13:00:00,0.075,0.069,0.125,0.026,0.029,0.055,0.036,0.076,0.082,0.06,0.083,0.142,0.06,0.019,0.087,0.075,0.107
2015-01-22 14:00:00,0.054,0.039,0.131,0.009,0.025,0.029,0.019,0.047,0.037,0.023,0.056,0.096,0.026,0.008,0.055,0.055,0.097
2015-01-22 15:00:00,0.022,0.012,0.039,0.0,0.004,0.005,0.002,0.024,0.007,0.003,0.023,0.048,0.004,0.0,0.031,0.015,0.067
2015-01-22 16:00:00,0.0,0.0,0.0,0.0,0.0,0.0,0.0,0.0,0.0,0.0,0.0,0.0,0.0,0.0,0.0,0.0,0.0
2015-01-22 17:00:00,0.0,0.0,0.0,0.0,0.0,0.0,0.0,0.0,0.0,0.0,0.0,0.0,0.0,0.0,0.0,0.0,0.0
2015-01-22 18:00:00,0.0,0.0,0.0,0.0,0.0,0.0,0.0,0.0,0.0,0.0,0.0,0.0,0.0,0.0,0.0,0.0,0.0
2015-01-22 19:00:00,0.0,0.0,0.0,0.0,0.0,0.0,0.0,0.0,0.0,0.0,0.0,0.0,0.0,0.0,0.0,0.0,0.0
2015-01-22 20:00:00,0.0,0.0,0.0,0.0,0.0,0.0,0.0,0.0,0.0,0.0,0.0,0.0,0.0,0.0,0.0,0.0,0.0
2015-01-22 21:00:00,0.0,0.0,0.0,0.0,0.0,0.0,0.0,0.0,0.0,0.0,0.0,0.0,0.0,0.0,0.0,0.0,0.0
2015-01-22 22:00:00,0.0,0.0,0.0,0.0,0.0,0.0,0.0,0.0,0.0,0.0,0.0,0.0,0.0,0.0,0.0,0.0,0.0
2015-01-22 23:00:00,0.0,0.0,0.0,0.0,0.0,0.0,0.0,0.0,0.0,0.0,0.0,0.0,0.0,0.0,0.0,0.0,0.0
2015-01-23 00:00:00,0.0,0.0,0.0,0.0,0.0,0.0,0.0,0.0,0.0,0.0,0.0,0.0,0.0,0.0,0.0,0.0,0.0
2015-01-23 01:00:00,0.0,0.0,0.0,0.0,0.0,0.0,0.0,0.0,0.0,0.0,0.0,0.0,0.0,0.0,0.0,0.0,0.0
2015-01-23 02:00:00,0.0,0.0,0.0,0.0,0.0,0.0,0.0,0.0,0.0,0.0,0.0,0.0,0.0,0.0,0.0,0.0,0.0
2015-01-23 03:00:00,0.0,0.0,0.0,0.0,0.0,0.0,0.0,0.0,0.0,0.0,0.0,0.0,0.0,0.0,0.0,0.0,0.0
2015-01-23 04:00:00,0.0,0.0,0.0,0.0,0.0,0.0,0.0,0.0,0.0,0.0,0.0,0.0,0.0,0.0,0.0,0.0,0.0
2015-01-23 05:00:00,0.0,0.0,0.0,0.0,0.0,0.0,0.0,0.0,0.0,0.0,0.0,0.0,0.0,0.0,0.0,0.0,0.0
2015-01-23 06:00:00,0.0,0.0,0.0,0.0,0.0,0.0,0.0,0.0,0.0,0.0,0.0,0.0,0.0,0.0,0.0,0.0,0.0
2015-01-23 07:00:00,0.0,0.0,0.0,0.0,0.0,0.0,0.0,0.0,0.0,0.0,0.0,0.0,0.0,0.0,0.0,0.0,0.0
2015-01-23 08:00:00,0.006,0.003,0.007,0.007,0.003,0.01,0.011,0.008,0.006,0.014,0.007,0.004,0.01,0.015,0.005,0.007,0.004
2015-01-23 09:00:00,0.028,0.022,0.03,0.019,0.025,0.028,0.029,0.022,0.036,0.027,0.019,0.028,0.037,0.033,0.023,0.031,0.035
2015-01-23 10:00:00,0.049,0.039,0.061,0.036,0.038,0.055,0.045,0.038,0.057,0.049,0.034,0.052,0.057,0.055,0.052,0.053,0.058
2015-01-23 11:00:00,0.067,0.06,0.082,0.033,0.065,0.069,0.054,0.049,0.085,0.066,0.032,0.081,0.063,0.068,0.062,0.074,0.09
2015-01-23 12:00:00,0.085,0.07,0.109,0.04,0.066,0.079,0.074,0.064,0.094,0.076,0.034,0.119,0.082,0.07,0.073,0.1,0.125
2015-01-23 13:00:00,0.067,0.066,0.08,0.022,0.048,0.052,0.044,0.043,0.054,0.033,0.026,0.122,0.041,0.038,0.052,0.077,0.123
2015-01-23 14:00:00,0.051,0.054,0.049,0.013,0.039,0.026,0.031,0.02,0.039,0.014,0.012,0.111,0.031,0.021,0.033,0.06,0.117
2015-01-23 15:00:00,0.022,0.014,0.024,0.001,0.019,0.005,0.006,0.003,0.009,0.001,0.002,0.062,0.006,0.005,0.011,0.021,0.078
2015-01-23 16:00:00,0.0,0.0,0.0,0.0,0.0,0.0,0.0,0.0,0.0,0.0,0.0,0.0,0.0,0.0,0.0,0.0,0.0
2015-01-23 17:00:00,0.0,0.0,0.0,0.0,0.0,0.0,0.0,0.0,0.0,0.0,0.0,0.0,0.0,0.0,0.0,0.0,0.0
2015-01-23 18:00:00,0.0,0.0,0.0,0.0,0.0,0.0,0.0,0.0,0.0,0.0,0.0,0.0,0.0,0.0,0.0,0.0,0.0
2015-01-23 19:00:00,0.0,0.0,0.0,0.0,0.0,0.0,0.0,0.0,0.0,0.0,0.0,0.0,0.0,0.0,0.0,0.0,0.0
2015-01-23 20:00:00,0.0,0.0,0.0,0.0,0.0,0.0,0.0,0.0,0.0,0.0,0.0,0.0,0.0,0.0,0.0,0.0,0.0
2015-01-23 21:00:00,0.0,0.0,0.0,0.0,0.0,0.0,0.0,0.0,0.0,0.0,0.0,0.0,0.0,0.0,0.0,0.0,0.0
2015-01-23 22:00:00,0.0,0.0,0.0,0.0,0.0,0.0,0.0,0.0,0.0,0.0,0.0,0.0,0.0,0.0,0.0,0.0,0.0
2015-01-23 23:00:00,0.0,0.0,0.0,0.0,0.0,0.0,0.0,0.0,0.0,0.0,0.0,0.0,0.0,0.0,0.0,0.0,0.0
2015-01-24 00:00:00,0.0,0.0,0.0,0.0,0.0,0.0,0.0,0.0,0.0,0.0,0.0,0.0,0.0,0.0,0.0,0.0,0.0
2015-01-24 01:00:00,0.0,0.0,0.0,0.0,0.0,0.0,0.0,0.0,0.0,0.0,0.0,0.0,0.0,0.0,0.0,0.0,0.0
2015-01-24 02:00:00,0.0,0.0,0.0,0.0,0.0,0.0,0.0,0.0,0.0,0.0,0.0,0.0,0.0,0.0,0.0,0.0,0.0
2015-01-24 03:00:00,0.0,0.0,0.0,0.0,0.0,0.0,0.0,0.0,0.0,0.0,0.0,0.0,0.0,0.0,0.0,0.0,0.0
2015-01-24 04:00:00,0.0,0.0,0.0,0.0,0.0,0.0,0.0,0.0,0.0,0.0,0.0,0.0,0.0,0.0,0.0,0.0,0.0
2015-01-24 05:00:00,0.0,0.0,0.0,0.0,0.0,0.0,0.0,0.0,0.0,0.0,0.0,0.0,0.0,0.0,0.0,0.0,0.0
2015-01-24 06:00:00,0.0,0.0,0.0,0.0,0.0,0.0,0.0,0.0,0.0,0.0,0.0,0.0,0.0,0.0,0.0,0.0,0.0
2015-01-24 07:00:00,0.0,0.0,0.0,0.0,0.0,0.0,0.0,0.0,0.0,0.0,0.0,0.0,0.0,0.0,0.0,0.0,0.0
2015-01-24 08:00:00,0.009,0.01,0.01,0.007,0.007,0.006,0.012,0.009,0.007,0.012,0.014,0.006,0.006,0.01,0.017,0.01,0.003
2015-01-24 09:00:00,0.036,0.049,0.033,0.022,0.044,0.02,0.039,0.029,0.031,0.026,0.035,0.035,0.026,0.034,0.052,0.036,0.029
2015-01-24 10:00:00,0.058,0.082,0.058,0.043,0.082,0.032,0.046,0.044,0.049,0.025,0.057,0.059,0.036,0.042,0.082,0.061,0.046
2015-01-24 11:00:00,0.089,0.13,0.081,0.046,0.118,0.043,0.075,0.056,0.074,0.051,0.072,0.1,0.055,0.063,0.103,0.101,0.096
2015-01-24 12:00:00,0.094,0.142,0.11,0.037,0.13,0.046,0.066,0.063,0.052,0.056,0.067,0.129,0.053,0.061,0.1,0.1,0.101
2015-01-24 13:00:00,0.079,0.134,0.063,0.033,0.129,0.027,0.043,0.05,0.028,0.043,0.054,0.112,0.039,0.038,0.09,0.08,0.09
2015-01-24 14:00:00,0.051,0.092,0.043,0.013,0.084,0.025,0.025,0.02,0.024,0.02,0.02,0.092,0.031,0.02,0.043,0.056,0.055
2015-01-24 15:00:00,0.019,0.044,0.017,0.001,0.036,0.005,0.005,0.003,0.004,0.003,0.001,0.047,0.005,0.004,0.009,0.022,0.018
2015-01-24 16:00:00,0.0,0.0,0.0,0.0,0.0,0.0,0.0,0.0,0.0,0.0,0.0,0.0,0.0,0.0,0.0,0.0,0.0
2015-01-24 17:00:00,0.0,0.0,0.0,0.0,0.0,0.0,0.0,0.0,0.0,0.0,0.0,0.0,0.0,0.0,0.0,0.0,0.0
2015-01-24 18:00:00,0.0,0.0,0.0,0.0,0.0,0.0,0.0,0.0,0.0,0.0,0.0,0.0,0.0,0.0,0.0,0.0,0.0
2015-01-24 19:00:00,0.0,0.0,0.0,0.0,0.0,0.0,0.0,0.0,0.0,0.0,0.0,0.0,0.0,0.0,0.0,0.0,0.0
2015-01-24 20:00:00,0.0,0.0,0.0,0.0,0.0,0.0,0.0,0.0,0.0,0.0,0.0,0.0,0.0,0.0,0.0,0.0,0.0
2015-01-24 21:00:00,0.0,0.0,0.0,0.0,0.0,0.0,0.0,0.0,0.0,0.0,0.0,0.0,0.0,0.0,0.0,0.0,0.0
2015-01-24 22:00:00,0.0,0.0,0.0,0.0,0.0,0.0,0.0,0.0,0.0,0.0,0.0,0.0,0.0,0.0,0.0,0.0,0.0
2015-01-24 23:00:00,0.0,0.0,0.0,0.0,0.0,0.0,0.0,0.0,0.0,0.0,0.0,0.0,0.0,0.0,0.0,0.0,0.0
2015-01-25 00:00:00,0.0,0.0,0.0,0.0,0.0,0.0,0.0,0.0,0.0,0.0,0.0,0.0,0.0,0.0,0.0,0.0,0.0
2015-01-25 01:00:00,0.0,0.0,0.0,0.0,0.0,0.0,0.0,0.0,0.0,0.0,0.0,0.0,0.0,0.0,0.0,0.0,0.0
2015-01-25 02:00:00,0.0,0.0,0.0,0.0,0.0,0.0,0.0,0.0,0.0,0.0,0.0,0.0,0.0,0.0,0.0,0.0,0.0
2015-01-25 03:00:00,0.0,0.0,0.0,0.0,0.0,0.0,0.0,0.0,0.0,0.0,0.0,0.0,0.0,0.0,0.0,0.0,0.0
2015-01-25 04:00:00,0.0,0.0,0.0,0.0,0.0,0.0,0.0,0.0,0.0,0.0,0.0,0.0,0.0,0.0,0.0,0.0,0.0
2015-01-25 05:00:00,0.0,0.0,0.0,0.0,0.0,0.0,0.0,0.0,0.0,0.0,0.0,0.0,0.0,0.0,0.0,0.0,0.0
2015-01-25 06:00:00,0.0,0.0,0.0,0.0,0.0,0.0,0.0,0.0,0.0,0.0,0.0,0.0,0.0,0.0,0.0,0.0,0.0
2015-01-25 07:00:00,0.0,0.0,0.0,0.0,0.0,0.0,0.0,0.0,0.0,0.0,0.0,0.0,0.0,0.0,0.0,0.0,0.0
2015-01-25 08:00:00,0.009,0.005,0.009,0.012,0.005,0.015,0.02,0.012,0.017,0.014,0.013,0.006,0.02,0.011,0.016,0.006,0.002
2015-01-25 09:00:00,0.034,0.025,0.04,0.033,0.029,0.037,0.051,0.034,0.058,0.034,0.032,0.033,0.057,0.034,0.049,0.03,0.024
2015-01-25 10:00:00,0.059,0.053,0.066,0.054,0.055,0.075,0.08,0.057,0.103,0.066,0.049,0.059,0.087,0.07,0.07,0.051,0.047
2015-01-25 11:00:00,0.067,0.069,0.078,0.047,0.071,0.069,0.087,0.061,0.12,0.055,0.057,0.081,0.106,0.053,0.072,0.05,0.081
2015-01-25 12:00:00,0.08,0.086,0.091,0.051,0.077,0.075,0.103,0.075,0.101,0.069,0.061,0.098,0.123,0.071,0.087,0.069,0.096
2015-01-25 13:00:00,0.074,0.118,0.05,0.037,0.105,0.047,0.075,0.049,0.089,0.041,0.044,0.084,0.091,0.042,0.066,0.071,0.103
2015-01-25 14:00:00,0.053,0.084,0.035,0.013,0.079,0.03,0.04,0.028,0.061,0.022,0.021,0.058,0.054,0.021,0.037,0.062,0.077
2015-01-25 15:00:00,0.025,0.05,0.008,0.002,0.046,0.009,0.011,0.005,0.021,0.004,0.003,0.043,0.016,0.005,0.01,0.03,0.047
2015-01-25 16:00:00,0.0,0.0,0.0,0.0,0.0,0.0,0.0,0.0,0.0,0.0,0.0,0.0,0.0,0.0,0.0,0.0,0.0
2015-01-25 17:00:00,0.0,0.0,0.0,0.0,0.0,0.0,0.0,0.0,0.0,0.0,0.0,0.0,0.0,0.0,0.0,0.0,0.0
2015-01-25 18:00:00,0.0,0.0,0.0,0.0,0.0,0.0,0.0,0.0,0.0,0.0,0.0,0.0,0.0,0.0,0.0,0.0,0.0
2015-01-25 19:00:00,0.0,0.0,0.0,0.0,0.0,0.0,0.0,0.0,0.0,0.0,0.0,0.0,0.0,0.0,0.0,0.0,0.0
2015-01-25 20:00:00,0.0,0.0,0.0,0.0,0.0,0.0,0.0,0.0,0.0,0.0,0.0,0.0,0.0,0.0,0.0,0.0,0.0
2015-01-25 21:00:00,0.0,0.0,0.0,0.0,0.0,0.0,0.0,0.0,0.0,0.0,0.0,0.0,0.0,0.0,0.0,0.0,0.0
2015-01-25 22:00:00,0.0,0.0,0.0,0.0,0.0,0.0,0.0,0.0,0.0,0.0,0.0,0.0,0.0,0.0,0.0,0.0,0.0
2015-01-25 23:00:00,0.0,0.0,0.0,0.0,0.0,0.0,0.0,0.0,0.0,0.0,0.0,0.0,0.0,0.0,0.0,0.0,0.0
2015-01-26 00:00:00,0.0,0.0,0.0,0.0,0.0,0.0,0.0,0.0,0.0,0.0,0.0,0.0,0.0,0.0,0.0,0.0,0.0
2015-01-26 01:00:00,0.0,0.0,0.0,0.0,0.0,0.0,0.0,0.0,0.0,0.0,0.0,0.0,0.0,0.0,0.0,0.0,0.0
2015-01-26 02:00:00,0.0,0.0,0.0,0.0,0.0,0.0,0.0,0.0,0.0,0.0,0.0,0.0,0.0,0.0,0.0,0.0,0.0
2015-01-26 03:00:00,0.0,0.0,0.0,0.0,0.0,0.0,0.0,0.0,0.0,0.0,0.0,0.0,0.0,0.0,0.0,0.0,0.0
2015-01-26 04:00:00,0.0,0.0,0.0,0.0,0.0,0.0,0.0,0.0,0.0,0.0,0.0,0.0,0.0,0.0,0.0,0.0,0.0
2015-01-26 05:00:00,0.0,0.0,0.0,0.0,0.0,0.0,0.0,0.0,0.0,0.0,0.0,0.0,0.0,0.0,0.0,0.0,0.0
2015-01-26 06:00:00,0.0,0.0,0.0,0.0,0.0,0.0,0.0,0.0,0.0,0.0,0.0,0.0,0.0,0.0,0.0,0.0,0.0
2015-01-26 07:00:00,0.0,0.0,0.0,0.0,0.0,0.0,0.0,0.0,0.0,0.0,0.0,0.0,0.0,0.0,0.0,0.0,0.0
2015-01-26 08:00:00,0.011,0.011,0.008,0.013,0.005,0.018,0.021,0.019,0.023,0.01,0.014,0.007,0.024,0.02,0.015,0.009,0.003
2015-01-26 09:00:00,0.037,0.04,0.033,0.029,0.026,0.057,0.057,0.047,0.066,0.031,0.035,0.031,0.077,0.048,0.042,0.036,0.019
2015-01-26 10:00:00,0.061,0.069,0.055,0.045,0.056,0.086,0.095,0.075,0.1,0.044,0.065,0.048,0.11,0.077,0.065,0.056,0.038
2015-01-26 11:00:00,0.092,0.11,0.071,0.06,0.073,0.13,0.127,0.106,0.175,0.061,0.117,0.073,0.176,0.082,0.11,0.084,0.075
2015-01-26 12:00:00,0.101,0.124,0.087,0.059,0.104,0.162,0.144,0.125,0.201,0.056,0.128,0.09,0.202,0.097,0.097,0.083,0.079
2015-01-26 13:00:00,0.102,0.149,0.089,0.05,0.112,0.143,0.144,0.094,0.205,0.047,0.106,0.075,0.203,0.072,0.101,0.104,0.067
2015-01-26 14:00:00,0.08,0.117,0.083,0.027,0.085,0.086,0.12,0.065,0.171,0.035,0.062,0.07,0.159,0.06,0.068,0.083,0.069
2015-01-26 15:00:00,0.043,0.06,0.057,0.005,0.033,0.054,0.041,0.031,0.092,0.011,0.018,0.032,0.101,0.022,0.038,0.057,0.037
2015-01-26 16:00:00,0.0,0.0,0.0,0.0,0.0,0.0,0.0,0.0,0.0,0.0,0.0,0.0,0.0,0.0,0.0,0.0,0.0
2015-01-26 17:00:00,0.0,0.0,0.0,0.0,0.0,0.0,0.0,0.0,0.0,0.0,0.0,0.0,0.0,0.0,0.0,0.0,0.0
2015-01-26 18:00:00,0.0,0.0,0.0,0.0,0.0,0.0,0.0,0.0,0.0,0.0,0.0,0.0,0.0,0.0,0.0,0.0,0.0
2015-01-26 19:00:00,0.0,0.0,0.0,0.0,0.0,0.0,0.0,0.0,0.0,0.0,0.0,0.0,0.0,0.0,0.0,0.0,0.0
2015-01-26 20:00:00,0.0,0.0,0.0,0.0,0.0,0.0,0.0,0.0,0.0,0.0,0.0,0.0,0.0,0.0,0.0,0.0,0.0
2015-01-26 21:00:00,0.0,0.0,0.0,0.0,0.0,0.0,0.0,0.0,0.0,0.0,0.0,0.0,0.0,0.0,0.0,0.0,0.0
2015-01-26 22:00:00,0.0,0.0,0.0,0.0,0.0,0.0,0.0,0.0,0.0,0.0,0.0,0.0,0.0,0.0,0.0,0.0,0.0
2015-01-26 23:00:00,0.0,0.0,0.0,0.0,0.0,0.0,0.0,0.0,0.0,0.0,0.0,0.0,0.0,0.0,0.0,0.0,0.0
2015-01-27 00:00:00,0.0,0.0,0.0,0.0,0.0,0.0,0.0,0.0,0.0,0.0,0.0,0.0,0.0,0.0,0.0,0.0,0.0
2015-01-27 01:00:00,0.0,0.0,0.0,0.0,0.0,0.0,0.0,0.0,0.0,0.0,0.0,0.0,0.0,0.0,0.0,0.0,0.0
2015-01-27 02:00:00,0.0,0.0,0.0,0.0,0.0,0.0,0.0,0.0,0.0,0.0,0.0,0.0,0.0,0.0,0.0,0.0,0.0
2015-01-27 03:00:00,0.0,0.0,0.0,0.0,0.0,0.0,0.0,0.0,0.0,0.0,0.0,0.0,0.0,0.0,0.0,0.0,0.0
2015-01-27 04:00:00,0.0,0.0,0.0,0.0,0.0,0.0,0.0,0.0,0.0,0.0,0.0,0.0,0.0,0.0,0.0,0.0,0.0
2015-01-27 05:00:00,0.0,0.0,0.0,0.0,0.0,0.0,0.0,0.0,0.0,0.0,0.0,0.0,0.0,0.0,0.0,0.0,0.0
2015-01-27 06:00:00,0.0,0.0,0.0,0.0,0.0,0.0,0.0,0.0,0.0,0.0,0.0,0.0,0.0,0.0,0.0,0.0,0.0
2015-01-27 07:00:00,0.0,0.0,0.0,0.001,0.0,0.0,0.0,0.0,0.0,0.002,0.0,0.0,0.0,0.0,0.0,0.0,0.0
2015-01-27 08:00:00,0.013,0.009,0.009,0.029,0.006,0.024,0.039,0.025,0.01,0.03,0.024,0.01,0.033,0.03,0.021,0.004,0.002
2015-01-27 09:00:00,0.039,0.037,0.032,0.055,0.026,0.051,0.073,0.054,0.038,0.058,0.058,0.035,0.076,0.055,0.058,0.027,0.015
2015-01-27 10:00:00,0.067,0.066,0.057,0.097,0.043,0.077,0.125,0.088,0.069,0.101,0.095,0.062,0.104,0.099,0.094,0.053,0.033
2015-01-27 11:00:00,0.098,0.088,0.081,0.185,0.055,0.094,0.178,0.127,0.093,0.197,0.121,0.091,0.121,0.185,0.114,0.079,0.054
2015-01-27 12:00:00,0.113,0.113,0.082,0.217,0.075,0.081,0.179,0.105,0.117,0.248,0.123,0.105,0.12,0.188,0.108,0.103,0.086
2015-01-27 13:00:00,0.109,0.136,0.065,0.17,0.122,0.062,0.129,0.073,0.117,0.251,0.092,0.08,0.097,0.132,0.077,0.111,0.102
2015-01-27 14:00:00,0.078,0.131,0.041,0.074,0.113,0.041,0.059,0.034,0.087,0.188,0.042,0.041,0.054,0.066,0.037,0.102,0.058
2015-01-27 15:00:00,0.042,0.097,0.023,0.043,0.082,0.016,0.021,0.009,0.065,0.106,0.011,0.01,0.023,0.014,0.011,0.054,0.028
2015-01-27 16:00:00,0.0,0.0,0.0,0.0,0.0,0.0,0.0,0.0,0.0,0.0,0.0,0.0,0.0,0.0,0.0,0.0,0.0
2015-01-27 17:00:00,0.0,0.0,0.0,0.0,0.0,0.0,0.0,0.0,0.0,0.0,0.0,0.0,0.0,0.0,0.0,0.0,0.0
2015-01-27 18:00:00,0.0,0.0,0.0,0.0,0.0,0.0,0.0,0.0,0.0,0.0,0.0,0.0,0.0,0.0,0.0,0.0,0.0
2015-01-27 19:00:00,0.0,0.0,0.0,0.0,0.0,0.0,0.0,0.0,0.0,0.0,0.0,0.0,0.0,0.0,0.0,0.0,0.0
2015-01-27 20:00:00,0.0,0.0,0.0,0.0,0.0,0.0,0.0,0.0,0.0,0.0,0.0,0.0,0.0,0.0,0.0,0.0,0.0
2015-01-27 21:00:00,0.0,0.0,0.0,0.0,0.0,0.0,0.0,0.0,0.0,0.0,0.0,0.0,0.0,0.0,0.0,0.0,0.0
2015-01-27 22:00:00,0.0,0.0,0.0,0.0,0.0,0.0,0.0,0.0,0.0,0.0,0.0,0.0,0.0,0.0,0.0,0.0,0.0
2015-01-27 23:00:00,0.0,0.0,0.0,0.0,0.0,0.0,0.0,0.0,0.0,0.0,0.0,0.0,0.0,0.0,0.0,0.0,0.0
2015-01-28 00:00:00,0.0,0.0,0.0,0.0,0.0,0.0,0.0,0.0,0.0,0.0,0.0,0.0,0.0,0.0,0.0,0.0,0.0
2015-01-28 01:00:00,0.0,0.0,0.0,0.0,0.0,0.0,0.0,0.0,0.0,0.0,0.0,0.0,0.0,0.0,0.0,0.0,0.0
2015-01-28 02:00:00,0.0,0.0,0.0,0.0,0.0,0.0,0.0,0.0,0.0,0.0,0.0,0.0,0.0,0.0,0.0,0.0,0.0
2015-01-28 03:00:00,0.0,0.0,0.0,0.0,0.0,0.0,0.0,0.0,0.0,0.0,0.0,0.0,0.0,0.0,0.0,0.0,0.0
2015-01-28 04:00:00,0.0,0.0,0.0,0.0,0.0,0.0,0.0,0.0,0.0,0.0,0.0,0.0,0.0,0.0,0.0,0.0,0.0
2015-01-28 05:00:00,0.0,0.0,0.0,0.0,0.0,0.0,0.0,0.0,0.0,0.0,0.0,0.0,0.0,0.0,0.0,0.0,0.0
2015-01-28 06:00:00,0.0,0.0,0.0,0.0,0.0,0.0,0.0,0.0,0.0,0.0,0.0,0.0,0.0,0.0,0.0,0.0,0.0
2015-01-28 07:00:00,0.0,0.0,0.0,0.001,0.0,0.0,0.0,0.0,0.0,0.002,0.0,0.0,0.0,0.0,0.0,0.0,0.0
2015-01-28 08:00:00,0.012,0.013,0.009,0.018,0.007,0.015,0.038,0.008,0.022,0.03,0.013,0.009,0.031,0.02,0.011,0.012,0.003
2015-01-28 09:00:00,0.037,0.04,0.039,0.048,0.024,0.04,0.085,0.027,0.059,0.065,0.028,0.038,0.077,0.055,0.029,0.037,0.02
2015-01-28 10:00:00,0.058,0.065,0.059,0.079,0.049,0.071,0.113,0.052,0.077,0.086,0.049,0.058,0.106,0.062,0.059,0.052,0.032
2015-01-28 11:00:00,0.084,0.116,0.076,0.072,0.079,0.12,0.156,0.082,0.124,0.09,0.065,0.066,0.172,0.081,0.082,0.085,0.039
2015-01-28 12:00:00,0.094,0.13,0.072,0.082,0.103,0.141,0.171,0.101,0.151,0.097,0.062,0.069,0.213,0.11,0.089,0.086,0.047
2015-01-28 13:00:00,0.086,0.132,0.043,0.096,0.105,0.13,0.164,0.119,0.136,0.098,0.04,0.053,0.227,0.145,0.086,0.066,0.031
2015-01-28 14:00:00,0.082,0.148,0.032,0.085,0.141,0.093,0.149,0.079,0.122,0.069,0.031,0.024,0.207,0.089,0.055,0.084,0.033
2015-01-28 15:00:00,0.049,0.104,0.018,0.037,0.09,0.08,0.096,0.049,0.064,0.042,0.02,0.007,0.098,0.076,0.015,0.047,0.021
2015-01-28 16:00:00,0.0,0.0,0.0,0.0,0.0,0.0,0.0,0.0,0.0,0.0,0.0,0.0,0.0,0.0,0.0,0.0,0.0
2015-01-28 17:00:00,0.0,0.0,0.0,0.0,0.0,0.0,0.0,0.0,0.0,0.0,0.0,0.0,0.0,0.0,0.0,0.0,0.0
2015-01-28 18:00:00,0.0,0.0,0.0,0.0,0.0,0.0,0.0,0.0,0.0,0.0,0.0,0.0,0.0,0.0,0.0,0.0,0.0
2015-01-28 19:00:00,0.0,0.0,0.0,0.0,0.0,0.0,0.0,0.0,0.0,0.0,0.0,0.0,0.0,0.0,0.0,0.0,0.0
2015-01-28 20:00:00,0.0,0.0,0.0,0.0,0.0,0.0,0.0,0.0,0.0,0.0,0.0,0.0,0.0,0.0,0.0,0.0,0.0
2015-01-28 21:00:00,0.0,0.0,0.0,0.0,0.0,0.0,0.0,0.0,0.0,0.0,0.0,0.0,0.0,0.0,0.0,0.0,0.0
2015-01-28 22:00:00,0.0,0.0,0.0,0.0,0.0,0.0,0.0,0.0,0.0,0.0,0.0,0.0,0.0,0.0,0.0,0.0,0.0
2015-01-28 23:00:00,0.0,0.0,0.0,0.0,0.0,0.0,0.0,0.0,0.0,0.0,0.0,0.0,0.0,0.0,0.0,0.0,0.0
2015-01-29 00:00:00,0.0,0.0,0.0,0.0,0.0,0.0,0.0,0.0,0.0,0.0,0.0,0.0,0.0,0.0,0.0,0.0,0.0
2015-01-29 01:00:00,0.0,0.0,0.0,0.0,0.0,0.0,0.0,0.0,0.0,0.0,0.0,0.0,0.0,0.0,0.0,0.0,0.0
2015-01-29 02:00:00,0.0,0.0,0.0,0.0,0.0,0.0,0.0,0.0,0.0,0.0,0.0,0.0,0.0,0.0,0.0,0.0,0.0
2015-01-29 03:00:00,0.0,0.0,0.0,0.0,0.0,0.0,0.0,0.0,0.0,0.0,0.0,0.0,0.0,0.0,0.0,0.0,0.0
2015-01-29 04:00:00,0.0,0.0,0.0,0.0,0.0,0.0,0.0,0.0,0.0,0.0,0.0,0.0,0.0,0.0,0.0,0.0,0.0
2015-01-29 05:00:00,0.0,0.0,0.0,0.0,0.0,0.0,0.0,0.0,0.0,0.0,0.0,0.0,0.0,0.0,0.0,0.0,0.0
2015-01-29 06:00:00,0.0,0.0,0.0,0.0,0.0,0.0,0.0,0.0,0.0,0.0,0.0,0.0,0.0,0.0,0.0,0.0,0.0
2015-01-29 07:00:00,0.0,0.0,0.0,0.002,0.0,0.0,0.0,0.0,0.0,0.003,0.0,0.0,0.0,0.0,0.0,0.0,0.0
2015-01-29 08:00:00,0.015,0.02,0.013,0.025,0.013,0.018,0.021,0.012,0.018,0.029,0.018,0.009,0.027,0.02,0.013,0.015,0.008
2015-01-29 09:00:00,0.045,0.055,0.038,0.052,0.037,0.053,0.056,0.036,0.054,0.057,0.043,0.029,0.053,0.043,0.048,0.049,0.036
2015-01-29 10:00:00,0.07,0.066,0.071,0.088,0.049,0.089,0.091,0.073,0.096,0.089,0.079,0.055,0.06,0.054,0.082,0.07,0.055
2015-01-29 11:00:00,0.128,0.17,0.132,0.076,0.146,0.115,0.107,0.096,0.164,0.093,0.096,0.122,0.101,0.056,0.131,0.15,0.122
2015-01-29 12:00:00,0.186,0.274,0.196,0.072,0.249,0.146,0.137,0.119,0.239,0.078,0.104,0.196,0.186,0.058,0.181,0.23,0.165
2015-01-29 13:00:00,0.211,0.337,0.237,0.057,0.295,0.197,0.132,0.125,0.292,0.089,0.097,0.21,0.207,0.075,0.177,0.275,0.155
2015-01-29 14:00:00,0.208,0.333,0.25,0.053,0.223,0.196,0.086,0.127,0.321,0.063,0.124,0.205,0.238,0.066,0.209,0.286,0.135
2015-01-29 15:00:00,0.127,0.246,0.173,0.013,0.099,0.149,0.03,0.068,0.238,0.01,0.065,0.125,0.152,0.031,0.119,0.186,0.066
2015-01-29 16:00:00,0.0,0.005,0.0,0.0,0.0,0.0,0.0,0.0,0.0,0.0,0.0,0.0,0.0,0.0,0.0,0.0,0.0
2015-01-29 17:00:00,0.0,0.0,0.0,0.0,0.0,0.0,0.0,0.0,0.0,0.0,0.0,0.0,0.0,0.0,0.0,0.0,0.0
2015-01-29 18:00:00,0.0,0.0,0.0,0.0,0.0,0.0,0.0,0.0,0.0,0.0,0.0,0.0,0.0,0.0,0.0,0.0,0.0
2015-01-29 19:00:00,0.0,0.0,0.0,0.0,0.0,0.0,0.0,0.0,0.0,0.0,0.0,0.0,0.0,0.0,0.0,0.0,0.0
2015-01-29 20:00:00,0.0,0.0,0.0,0.0,0.0,0.0,0.0,0.0,0.0,0.0,0.0,0.0,0.0,0.0,0.0,0.0,0.0
2015-01-29 21:00:00,0.0,0.0,0.0,0.0,0.0,0.0,0.0,0.0,0.0,0.0,0.0,0.0,0.0,0.0,0.0,0.0,0.0
2015-01-29 22:00:00,0.0,0.0,0.0,0.0,0.0,0.0,0.0,0.0,0.0,0.0,0.0,0.0,0.0,0.0,0.0,0.0,0.0
2015-01-29 23:00:00,0.0,0.0,0.0,0.0,0.0,0.0,0.0,0.0,0.0,0.0,0.0,0.0,0.0,0.0,0.0,0.0,0.0
2015-01-30 00:00:00,0.0,0.0,0.0,0.0,0.0,0.0,0.0,0.0,0.0,0.0,0.0,0.0,0.0,0.0,0.0,0.0,0.0
2015-01-30 01:00:00,0.0,0.0,0.0,0.0,0.0,0.0,0.0,0.0,0.0,0.0,0.0,0.0,0.0,0.0,0.0,0.0,0.0
2015-01-30 02:00:00,0.0,0.0,0.0,0.0,0.0,0.0,0.0,0.0,0.0,0.0,0.0,0.0,0.0,0.0,0.0,0.0,0.0
2015-01-30 03:00:00,0.0,0.0,0.0,0.0,0.0,0.0,0.0,0.0,0.0,0.0,0.0,0.0,0.0,0.0,0.0,0.0,0.0
2015-01-30 04:00:00,0.0,0.0,0.0,0.0,0.0,0.0,0.0,0.0,0.0,0.0,0.0,0.0,0.0,0.0,0.0,0.0,0.0
2015-01-30 05:00:00,0.0,0.0,0.0,0.0,0.0,0.0,0.0,0.0,0.0,0.0,0.0,0.0,0.0,0.0,0.0,0.0,0.0
2015-01-30 06:00:00,0.0,0.0,0.0,0.0,0.0,0.0,0.0,0.0,0.0,0.0,0.0,0.0,0.0,0.0,0.0,0.0,0.0
2015-01-30 07:00:00,0.001,0.0,0.0,0.005,0.0,0.0,0.002,0.0,0.0,0.005,0.001,0.0,0.0,0.003,0.0,0.0,0.0
2015-01-30 08:00:00,0.02,0.014,0.014,0.046,0.005,0.02,0.039,0.035,0.015,0.044,0.042,0.015,0.031,0.036,0.034,0.012,0.003
2015-01-30 09:00:00,0.054,0.042,0.044,0.087,0.036,0.044,0.055,0.067,0.049,0.08,0.087,0.042,0.061,0.065,0.082,0.052,0.033
2015-01-30 10:00:00,0.078,0.071,0.063,0.125,0.054,0.07,0.091,0.094,0.072,0.104,0.12,0.057,0.077,0.093,0.108,0.071,0.061
2015-01-30 11:00:00,0.12,0.121,0.1,0.187,0.088,0.078,0.161,0.135,0.108,0.129,0.181,0.073,0.107,0.138,0.156,0.125,0.087
2015-01-30 12:00:00,0.142,0.179,0.117,0.249,0.133,0.058,0.17,0.145,0.135,0.179,0.219,0.074,0.088,0.191,0.178,0.135,0.095
2015-01-30 13:00:00,0.138,0.138,0.118,0.252,0.099,0.066,0.144,0.137,0.099,0.233,0.248,0.091,0.094,0.199,0.175,0.132,0.096
2015-01-30 14:00:00,0.083,0.057,0.064,0.161,0.049,0.066,0.047,0.133,0.048,0.159,0.226,0.047,0.049,0.196,0.116,0.054,0.048
2015-01-30 15:00:00,0.032,0.018,0.025,0.114,0.016,0.043,0.009,0.075,0.014,0.026,0.101,0.014,0.007,0.043,0.043,0.016,0.009
2015-01-30 16:00:00,0.0,0.0,0.0,0.0,0.0,0.0,0.0,0.0,0.0,0.0,0.0,0.0,0.0,0.0,0.0,0.0,0.0
2015-01-30 17:00:00,0.0,0.0,0.0,0.0,0.0,0.0,0.0,0.0,0.0,0.0,0.0,0.0,0.0,0.0,0.0,0.0,0.0
2015-01-30 18:00:00,0.0,0.0,0.0,0.0,0.0,0.0,0.0,0.0,0.0,0.0,0.0,0.0,0.0,0.0,0.0,0.0,0.0
2015-01-30 19:00:00,0.0,0.0,0.0,0.0,0.0,0.0,0.0,0.0,0.0,0.0,0.0,0.0,0.0,0.0,0.0,0.0,0.0
2015-01-30 20:00:00,0.0,0.0,0.0,0.0,0.0,0.0,0.0,0.0,0.0,0.0,0.0,0.0,0.0,0.0,0.0,0.0,0.0
2015-01-30 21:00:00,0.0,0.0,0.0,0.0,0.0,0.0,0.0,0.0,0.0,0.0,0.0,0.0,0.0,0.0,0.0,0.0,0.0
2015-01-30 22:00:00,0.0,0.0,0.0,0.0,0.0,0.0,0.0,0.0,0.0,0.0,0.0,0.0,0.0,0.0,0.0,0.0,0.0
2015-01-30 23:00:00,0.0,0.0,0.0,0.0,0.0,0.0,0.0,0.0,0.0,0.0,0.0,0.0,0.0,0.0,0.0,0.0,0.0
2015-01-31 00:00:00,0.0,0.0,0.0,0.0,0.0,0.0,0.0,0.0,0.0,0.0,0.0,0.0,0.0,0.0,0.0,0.0,0.0
2015-01-31 01:00:00,0.0,0.0,0.0,0.0,0.0,0.0,0.0,0.0,0.0,0.0,0.0,0.0,0.0,0.0,0.0,0.0,0.0
2015-01-31 02:00:00,0.0,0.0,0.0,0.0,0.0,0.0,0.0,0.0,0.0,0.0,0.0,0.0,0.0,0.0,0.0,0.0,0.0
2015-01-31 03:00:00,0.0,0.0,0.0,0.0,0.0,0.0,0.0,0.0,0.0,0.0,0.0,0.0,0.0,0.0,0.0,0.0,0.0
2015-01-31 04:00:00,0.0,0.0,0.0,0.0,0.0,0.0,0.0,0.0,0.0,0.0,0.0,0.0,0.0,0.0,0.0,0.0,0.0
2015-01-31 05:00:00,0.0,0.0,0.0,0.0,0.0,0.0,0.0,0.0,0.0,0.0,0.0,0.0,0.0,0.0,0.0,0.0,0.0
2015-01-31 06:00:00,0.0,0.0,0.0,0.0,0.0,0.0,0.0,0.0,0.0,0.0,0.0,0.0,0.0,0.0,0.0,0.0,0.0
2015-01-31 07:00:00,0.0,0.0,0.0,0.0,0.0,0.0,0.0,0.0,0.0,0.0,0.0,0.0,0.0,0.0,0.0,0.0,0.0
2015-01-31 08:00:00,0.016,0.022,0.019,0.012,0.012,0.031,0.033,0.013,0.034,0.012,0.004,0.017,0.053,0.018,0.017,0.013,0.008
2015-01-31 09:00:00,0.046,0.058,0.045,0.033,0.043,0.067,0.08,0.036,0.073,0.034,0.014,0.058,0.107,0.056,0.04,0.042,0.043
2015-01-31 10:00:00,0.074,0.073,0.074,0.051,0.067,0.106,0.143,0.071,0.101,0.048,0.021,0.087,0.167,0.106,0.055,0.072,0.077
2015-01-31 11:00:00,0.105,0.137,0.118,0.059,0.119,0.121,0.207,0.084,0.145,0.06,0.04,0.116,0.22,0.128,0.052,0.105,0.108
2015-01-31 12:00:00,0.133,0.222,0.091,0.072,0.143,0.1,0.274,0.098,0.181,0.154,0.058,0.114,0.26,0.149,0.065,0.151,0.134
2015-01-31 13:00:00,0.147,0.226,0.131,0.083,0.157,0.104,0.336,0.085,0.207,0.247,0.059,0.112,0.281,0.204,0.062,0.165,0.146
2015-01-31 14:00:00,0.131,0.177,0.136,0.13,0.111,0.132,0.357,0.062,0.181,0.195,0.033,0.089,0.291,0.18,0.038,0.161,0.103
2015-01-31 15:00:00,0.094,0.104,0.116,0.056,0.109,0.126,0.255,0.038,0.175,0.148,0.009,0.05,0.249,0.156,0.02,0.114,0.057
2015-01-31 16:00:00,0.003,0.016,0.0,0.0,0.025,0.0,0.0,0.0,0.0,0.0,0.0,0.0,0.0,0.0,0.0,0.0,0.0
2015-01-31 17:00:00,0.0,0.0,0.0,0.0,0.0,0.0,0.0,0.0,0.0,0.0,0.0,0.0,0.0,0.0,0.0,0.0,0.0
2015-01-31 18:00:00,0.0,0.0,0.0,0.0,0.0,0.0,0.0,0.0,0.0,0.0,0.0,0.0,0.0,0.0,0.0,0.0,0.0
2015-01-31 19:00:00,0.0,0.0,0.0,0.0,0.0,0.0,0.0,0.0,0.0,0.0,0.0,0.0,0.0,0.0,0.0,0.0,0.0
2015-01-31 20:00:00,0.0,0.0,0.0,0.0,0.0,0.0,0.0,0.0,0.0,0.0,0.0,0.0,0.0,0.0,0.0,0.0,0.0
2015-01-31 21:00:00,0.0,0.0,0.0,0.0,0.0,0.0,0.0,0.0,0.0,0.0,0.0,0.0,0.0,0.0,0.0,0.0,0.0
2015-01-31 22:00:00,0.0,0.0,0.0,0.0,0.0,0.0,0.0,0.0,0.0,0.0,0.0,0.0,0.0,0.0,0.0,0.0,0.0
2015-01-31 23:00:00,0.0,0.0,0.0,0.0,0.0,0.0,0.0,0.0,0.0,0.0,0.0,0.0,0.0,0.0,0.0,0.0,0.0
2015-02-01 00:00:00,0.0,0.0,0.0,0.0,0.0,0.0,0.0,0.0,0.0,0.0,0.0,0.0,0.0,0.0,0.0,0.0,0.0
2015-02-01 01:00:00,0.0,0.0,0.0,0.0,0.0,0.0,0.0,0.0,0.0,0.0,0.0,0.0,0.0,0.0,0.0,0.0,0.0
2015-02-01 02:00:00,0.0,0.0,0.0,0.0,0.0,0.0,0.0,0.0,0.0,0.0,0.0,0.0,0.0,0.0,0.0,0.0,0.0
2015-02-01 03:00:00,0.0,0.0,0.0,0.0,0.0,0.0,0.0,0.0,0.0,0.0,0.0,0.0,0.0,0.0,0.0,0.0,0.0
2015-02-01 04:00:00,0.0,0.0,0.0,0.0,0.0,0.0,0.0,0.0,0.0,0.0,0.0,0.0,0.0,0.0,0.0,0.0,0.0
2015-02-01 05:00:00,0.0,0.0,0.0,0.0,0.0,0.0,0.0,0.0,0.0,0.0,0.0,0.0,0.0,0.0,0.0,0.0,0.0
2015-02-01 06:00:00,0.0,0.0,0.0,0.0,0.0,0.0,0.0,0.0,0.0,0.0,0.0,0.0,0.0,0.0,0.0,0.0,0.0
2015-02-01 07:00:00,0.001,0.0,0.0,0.004,0.0,0.0,0.003,0.0,0.0,0.006,0.0,0.0,0.0,0.003,0.0,0.0,0.0
2015-02-01 08:00:00,0.02,0.024,0.012,0.033,0.013,0.027,0.043,0.025,0.03,0.04,0.019,0.017,0.041,0.033,0.024,0.013,0.008
2015-02-01 09:00:00,0.047,0.048,0.034,0.052,0.038,0.052,0.084,0.051,0.053,0.065,0.056,0.055,0.08,0.056,0.063,0.038,0.035
2015-02-01 10:00:00,0.075,0.06,0.059,0.106,0.052,0.079,0.136,0.093,0.073,0.127,0.106,0.086,0.121,0.107,0.097,0.056,0.057
2015-02-01 11:00:00,0.157,0.177,0.097,0.231,0.126,0.204,0.237,0.185,0.201,0.256,0.171,0.149,0.247,0.235,0.151,0.126,0.112
2015-02-01 12:00:00,0.222,0.224,0.142,0.315,0.168,0.282,0.278,0.228,0.294,0.349,0.198,0.219,0.337,0.329,0.206,0.214,0.164
2015-02-01 13:00:00,0.232,0.234,0.133,0.351,0.172,0.315,0.267,0.251,0.307,0.385,0.214,0.224,0.336,0.344,0.229,0.21,0.185
2015-02-01 14:00:00,0.194,0.201,0.122,0.318,0.098,0.263,0.223,0.221,0.278,0.324,0.192,0.218,0.265,0.32,0.214,0.15,0.181
2015-02-01 15:00:00,0.13,0.148,0.074,0.186,0.107,0.171,0.117,0.159,0.174,0.151,0.112,0.14,0.152,0.216,0.122,0.114,0.114
2015-02-01 16:00:00,0.007,0.047,0.0,0.0,0.035,0.0,0.0,0.0,0.003,0.0,0.0,0.0,0.0,0.0,0.0,0.0,0.001
2015-02-01 17:00:00,0.0,0.0,0.0,0.0,0.0,0.0,0.0,0.0,0.0,0.0,0.0,0.0,0.0,0.0,0.0,0.0,0.0
2015-02-01 18:00:00,0.0,0.0,0.0,0.0,0.0,0.0,0.0,0.0,0.0,0.0,0.0,0.0,0.0,0.0,0.0,0.0,0.0
2015-02-01 19:00:00,0.0,0.0,0.0,0.0,0.0,0.0,0.0,0.0,0.0,0.0,0.0,0.0,0.0,0.0,0.0,0.0,0.0
2015-02-01 20:00:00,0.0,0.0,0.0,0.0,0.0,0.0,0.0,0.0,0.0,0.0,0.0,0.0,0.0,0.0,0.0,0.0,0.0
2015-02-01 21:00:00,0.0,0.0,0.0,0.0,0.0,0.0,0.0,0.0,0.0,0.0,0.0,0.0,0.0,0.0,0.0,0.0,0.0
2015-02-01 22:00:00,0.0,0.0,0.0,0.0,0.0,0.0,0.0,0.0,0.0,0.0,0.0,0.0,0.0,0.0,0.0,0.0,0.0
2015-02-01 23:00:00,0.0,0.0,0.0,0.0,0.0,0.0,0.0,0.0,0.0,0.0,0.0,0.0,0.0,0.0,0.0,0.0,0.0
2015-02-02 00:00:00,0.0,0.0,0.0,0.0,0.0,0.0,0.0,0.0,0.0,0.0,0.0,0.0,0.0,0.0,0.0,0.0,0.0
2015-02-02 01:00:00,0.0,0.0,0.0,0.0,0.0,0.0,0.0,0.0,0.0,0.0,0.0,0.0,0.0,0.0,0.0,0.0,0.0
2015-02-02 02:00:00,0.0,0.0,0.0,0.0,0.0,0.0,0.0,0.0,0.0,0.0,0.0,0.0,0.0,0.0,0.0,0.0,0.0
2015-02-02 03:00:00,0.0,0.0,0.0,0.0,0.0,0.0,0.0,0.0,0.0,0.0,0.0,0.0,0.0,0.0,0.0,0.0,0.0
2015-02-02 04:00:00,0.0,0.0,0.0,0.0,0.0,0.0,0.0,0.0,0.0,0.0,0.0,0.0,0.0,0.0,0.0,0.0,0.0
2015-02-02 05:00:00,0.0,0.0,0.0,0.0,0.0,0.0,0.0,0.0,0.0,0.0,0.0,0.0,0.0,0.0,0.0,0.0,0.0
2015-02-02 06:00:00,0.0,0.0,0.0,0.0,0.0,0.0,0.0,0.0,0.0,0.0,0.0,0.0,0.0,0.0,0.0,0.0,0.0
2015-02-02 07:00:00,0.001,0.0,0.0,0.006,0.0,0.001,0.003,0.001,0.0,0.009,0.002,0.0,0.001,0.005,0.0,0.0,0.0
2015-02-02 08:00:00,0.023,0.017,0.012,0.041,0.011,0.032,0.04,0.029,0.036,0.06,0.031,0.017,0.056,0.053,0.024,0.016,0.012
2015-02-02 09:00:00,0.052,0.041,0.038,0.076,0.03,0.064,0.078,0.059,0.066,0.109,0.054,0.052,0.116,0.095,0.05,0.042,0.042
2015-02-02 10:00:00,0.079,0.071,0.056,0.125,0.061,0.091,0.106,0.087,0.083,0.145,0.093,0.078,0.149,0.135,0.077,0.061,0.063
2015-02-02 11:00:00,0.149,0.141,0.111,0.208,0.129,0.17,0.153,0.171,0.189,0.186,0.167,0.158,0.224,0.166,0.143,0.13,0.134
2015-02-02 12:00:00,0.192,0.185,0.188,0.22,0.162,0.217,0.172,0.196,0.26,0.192,0.209,0.224,0.28,0.139,0.166,0.185,0.185
2015-02-02 13:00:00,0.187,0.184,0.166,0.169,0.123,0.221,0.15,0.186,0.269,0.171,0.236,0.236,0.275,0.129,0.166,0.197,0.179
2015-02-02 14:00:00,0.154,0.179,0.167,0.104,0.145,0.12,0.103,0.122,0.206,0.114,0.172,0.214,0.166,0.091,0.127,0.159,0.179
2015-02-02 15:00:00,0.098,0.128,0.137,0.031,0.131,0.074,0.04,0.042,0.13,0.045,0.07,0.129,0.089,0.04,0.07,0.1,0.15
2015-02-02 16:00:00,0.012,0.05,0.0,0.0,0.057,0.0,0.0,0.0,0.015,0.0,0.0,0.0,0.001,0.0,0.0,0.003,0.025
2015-02-02 17:00:00,0.0,0.0,0.0,0.0,0.0,0.0,0.0,0.0,0.0,0.0,0.0,0.0,0.0,0.0,0.0,0.0,0.0
2015-02-02 18:00:00,0.0,0.0,0.0,0.0,0.0,0.0,0.0,0.0,0.0,0.0,0.0,0.0,0.0,0.0,0.0,0.0,0.0
2015-02-02 19:00:00,0.0,0.0,0.0,0.0,0.0,0.0,0.0,0.0,0.0,0.0,0.0,0.0,0.0,0.0,0.0,0.0,0.0
2015-02-02 20:00:00,0.0,0.0,0.0,0.0,0.0,0.0,0.0,0.0,0.0,0.0,0.0,0.0,0.0,0.0,0.0,0.0,0.0
2015-02-02 21:00:00,0.0,0.0,0.0,0.0,0.0,0.0,0.0,0.0,0.0,0.0,0.0,0.0,0.0,0.0,0.0,0.0,0.0
2015-02-02 22:00:00,0.0,0.0,0.0,0.0,0.0,0.0,0.0,0.0,0.0,0.0,0.0,0.0,0.0,0.0,0.0,0.0,0.0
2015-02-02 23:00:00,0.0,0.0,0.0,0.0,0.0,0.0,0.0,0.0,0.0,0.0,0.0,0.0,0.0,0.0,0.0,0.0,0.0
2015-02-03 00:00:00,0.0,0.0,0.0,0.0,0.0,0.0,0.0,0.0,0.0,0.0,0.0,0.0,0.0,0.0,0.0,0.0,0.0
2015-02-03 01:00:00,0.0,0.0,0.0,0.0,0.0,0.0,0.0,0.0,0.0,0.0,0.0,0.0,0.0,0.0,0.0,0.0,0.0
2015-02-03 02:00:00,0.0,0.0,0.0,0.0,0.0,0.0,0.0,0.0,0.0,0.0,0.0,0.0,0.0,0.0,0.0,0.0,0.0
2015-02-03 03:00:00,0.0,0.0,0.0,0.0,0.0,0.0,0.0,0.0,0.0,0.0,0.0,0.0,0.0,0.0,0.0,0.0,0.0
2015-02-03 04:00:00,0.0,0.0,0.0,0.0,0.0,0.0,0.0,0.0,0.0,0.0,0.0,0.0,0.0,0.0,0.0,0.0,0.0
2015-02-03 05:00:00,0.0,0.0,0.0,0.0,0.0,0.0,0.0,0.0,0.0,0.0,0.0,0.0,0.0,0.0,0.0,0.0,0.0
2015-02-03 06:00:00,0.0,0.0,0.0,0.0,0.0,0.0,0.0,0.0,0.0,0.0,0.0,0.0,0.0,0.0,0.0,0.0,0.0
2015-02-03 07:00:00,0.001,0.0,0.0,0.006,0.0,0.001,0.004,0.002,0.0,0.007,0.003,0.0,0.002,0.004,0.0,0.0,0.0
2015-02-03 08:00:00,0.027,0.026,0.026,0.04,0.017,0.03,0.047,0.033,0.025,0.041,0.038,0.025,0.042,0.034,0.028,0.025,0.016
2015-02-03 09:00:00,0.061,0.06,0.064,0.063,0.049,0.052,0.081,0.063,0.049,0.068,0.087,0.07,0.075,0.058,0.069,0.054,0.057
2015-02-03 10:00:00,0.094,0.092,0.088,0.114,0.087,0.083,0.125,0.089,0.077,0.131,0.113,0.102,0.121,0.11,0.088,0.085,0.095
2015-02-03 11:00:00,0.162,0.16,0.122,0.224,0.108,0.212,0.245,0.192,0.203,0.257,0.176,0.153,0.248,0.239,0.161,0.138,0.134
2015-02-03 12:00:00,0.205,0.178,0.162,0.274,0.153,0.309,0.338,0.243,0.286,0.318,0.21,0.183,0.343,0.322,0.202,0.169,0.159
2015-02-03 13:00:00,0.197,0.166,0.145,0.306,0.138,0.345,0.33,0.268,0.296,0.358,0.231,0.19,0.365,0.363,0.16,0.134,0.134
2015-02-03 14:00:00,0.162,0.129,0.09,0.307,0.102,0.266,0.292,0.237,0.245,0.318,0.159,0.147,0.326,0.333,0.127,0.105,0.121
2015-02-03 15:00:00,0.091,0.071,0.038,0.194,0.043,0.146,0.217,0.163,0.127,0.22,0.09,0.089,0.192,0.205,0.085,0.044,0.062
2015-02-03 16:00:00,0.004,0.023,0.0,0.0,0.009,0.0,0.0,0.0,0.021,0.0,0.0,0.0,0.004,0.0,0.0,0.001,0.005
2015-02-03 17:00:00,0.0,0.0,0.0,0.0,0.0,0.0,0.0,0.0,0.0,0.0,0.0,0.0,0.0,0.0,0.0,0.0,0.0
2015-02-03 18:00:00,0.0,0.0,0.0,0.0,0.0,0.0,0.0,0.0,0.0,0.0,0.0,0.0,0.0,0.0,0.0,0.0,0.0
2015-02-03 19:00:00,0.0,0.0,0.0,0.0,0.0,0.0,0.0,0.0,0.0,0.0,0.0,0.0,0.0,0.0,0.0,0.0,0.0
2015-02-03 20:00:00,0.0,0.0,0.0,0.0,0.0,0.0,0.0,0.0,0.0,0.0,0.0,0.0,0.0,0.0,0.0,0.0,0.0
2015-02-03 21:00:00,0.0,0.0,0.0,0.0,0.0,0.0,0.0,0.0,0.0,0.0,0.0,0.0,0.0,0.0,0.0,0.0,0.0
2015-02-03 22:00:00,0.0,0.0,0.0,0.0,0.0,0.0,0.0,0.0,0.0,0.0,0.0,0.0,0.0,0.0,0.0,0.0,0.0
2015-02-03 23:00:00,0.0,0.0,0.0,0.0,0.0,0.0,0.0,0.0,0.0,0.0,0.0,0.0,0.0,0.0,0.0,0.0,0.0
2015-02-04 00:00:00,0.0,0.0,0.0,0.0,0.0,0.0,0.0,0.0,0.0,0.0,0.0,0.0,0.0,0.0,0.0,0.0,0.0
2015-02-04 01:00:00,0.0,0.0,0.0,0.0,0.0,0.0,0.0,0.0,0.0,0.0,0.0,0.0,0.0,0.0,0.0,0.0,0.0
2015-02-04 02:00:00,0.0,0.0,0.0,0.0,0.0,0.0,0.0,0.0,0.0,0.0,0.0,0.0,0.0,0.0,0.0,0.0,0.0
2015-02-04 03:00:00,0.0,0.0,0.0,0.0,0.0,0.0,0.0,0.0,0.0,0.0,0.0,0.0,0.0,0.0,0.0,0.0,0.0
2015-02-04 04:00:00,0.0,0.0,0.0,0.0,0.0,0.0,0.0,0.0,0.0,0.0,0.0,0.0,0.0,0.0,0.0,0.0,0.0
2015-02-04 05:00:00,0.0,0.0,0.0,0.0,0.0,0.0,0.0,0.0,0.0,0.0,0.0,0.0,0.0,0.0,0.0,0.0,0.0
2015-02-04 06:00:00,0.0,0.0,0.0,0.0,0.0,0.0,0.0,0.0,0.0,0.0,0.0,0.0,0.0,0.0,0.0,0.0,0.0
2015-02-04 07:00:00,0.001,0.0,0.0,0.008,0.0,0.002,0.003,0.003,0.0,0.008,0.004,0.0,0.003,0.006,0.001,0.0,0.0
2015-02-04 08:00:00,0.031,0.023,0.019,0.05,0.019,0.045,0.052,0.043,0.034,0.054,0.038,0.024,0.051,0.052,0.037,0.024,0.02
2015-02-04 09:00:00,0.07,0.067,0.058,0.087,0.062,0.085,0.099,0.079,0.07,0.1,0.066,0.069,0.092,0.086,0.069,0.067,0.059
2015-02-04 10:00:00,0.105,0.099,0.088,0.136,0.091,0.12,0.149,0.115,0.109,0.149,0.107,0.102,0.146,0.136,0.101,0.095,0.089
2015-02-04 11:00:00,0.164,0.161,0.137,0.228,0.121,0.186,0.22,0.192,0.192,0.21,0.21,0.148,0.213,0.218,0.18,0.141,0.136
2015-02-04 12:00:00,0.196,0.19,0.153,0.292,0.142,0.227,0.27,0.234,0.236,0.197,0.285,0.184,0.253,0.256,0.217,0.166,0.168
2015-02-04 13:00:00,0.19,0.222,0.11,0.307,0.163,0.229,0.233,0.23,0.211,0.165,0.277,0.158,0.28,0.259,0.183,0.158,0.154
2015-02-04 14:00:00,0.152,0.181,0.069,0.228,0.132,0.186,0.143,0.154,0.204,0.084,0.231,0.106,0.271,0.167,0.102,0.146,0.162
2015-02-04 15:00:00,0.082,0.088,0.038,0.095,0.069,0.113,0.06,0.075,0.121,0.036,0.113,0.063,0.144,0.096,0.059,0.089,0.095
2015-02-04 16:00:00,0.019,0.058,0.0,0.0,0.048,0.0,0.0,0.0,0.081,0.0,0.0,0.0,0.016,0.0,0.0,0.019,0.042
2015-02-04 17:00:00,0.0,0.0,0.0,0.0,0.0,0.0,0.0,0.0,0.0,0.0,0.0,0.0,0.0,0.0,0.0,0.0,0.0
2015-02-04 18:00:00,0.0,0.0,0.0,0.0,0.0,0.0,0.0,0.0,0.0,0.0,0.0,0.0,0.0,0.0,0.0,0.0,0.0
2015-02-04 19:00:00,0.0,0.0,0.0,0.0,0.0,0.0,0.0,0.0,0.0,0.0,0.0,0.0,0.0,0.0,0.0,0.0,0.0
2015-02-04 20:00:00,0.0,0.0,0.0,0.0,0.0,0.0,0.0,0.0,0.0,0.0,0.0,0.0,0.0,0.0,0.0,0.0,0.0
2015-02-04 21:00:00,0.0,0.0,0.0,0.0,0.0,0.0,0.0,0.0,0.0,0.0,0.0,0.0,0.0,0.0,0.0,0.0,0.0
2015-02-04 22:00:00,0.0,0.0,0.0,0.0,0.0,0.0,0.0,0.0,0.0,0.0,0.0,0.0,0.0,0.0,0.0,0.0,0.0
2015-02-04 23:00:00,0.0,0.0,0.0,0.0,0.0,0.0,0.0,0.0,0.0,0.0,0.0,0.0,0.0,0.0,0.0,0.0,0.0
2015-02-05 00:00:00,0.0,0.0,0.0,0.0,0.0,0.0,0.0,0.0,0.0,0.0,0.0,0.0,0.0,0.0,0.0,0.0,0.0
2015-02-05 01:00:00,0.0,0.0,0.0,0.0,0.0,0.0,0.0,0.0,0.0,0.0,0.0,0.0,0.0,0.0,0.0,0.0,0.0
2015-02-05 02:00:00,0.0,0.0,0.0,0.0,0.0,0.0,0.0,0.0,0.0,0.0,0.0,0.0,0.0,0.0,0.0,0.0,0.0
2015-02-05 03:00:00,0.0,0.0,0.0,0.0,0.0,0.0,0.0,0.0,0.0,0.0,0.0,0.0,0.0,0.0,0.0,0.0,0.0
2015-02-05 04:00:00,0.0,0.0,0.0,0.0,0.0,0.0,0.0,0.0,0.0,0.0,0.0,0.0,0.0,0.0,0.0,0.0,0.0
2015-02-05 05:00:00,0.0,0.0,0.0,0.0,0.0,0.0,0.0,0.0,0.0,0.0,0.0,0.0,0.0,0.0,0.0,0.0,0.0
2015-02-05 06:00:00,0.0,0.0,0.0,0.0,0.0,0.0,0.0,0.0,0.0,0.0,0.0,0.0,0.0,0.0,0.0,0.0,0.0
2015-02-05 07:00:00,0.001,0.0,0.0,0.006,0.0,0.002,0.004,0.002,0.0,0.007,0.003,0.0,0.004,0.005,0.001,0.0,0.0
2015-02-05 08:00:00,0.03,0.024,0.031,0.038,0.024,0.035,0.037,0.034,0.028,0.048,0.032,0.026,0.053,0.051,0.028,0.028,0.019
2015-02-05 09:00:00,0.067,0.066,0.062,0.072,0.066,0.069,0.086,0.071,0.078,0.088,0.071,0.065,0.112,0.1,0.063,0.059,0.052
2015-02-05 10:00:00,0.099,0.092,0.092,0.117,0.102,0.111,0.118,0.105,0.101,0.142,0.092,0.101,0.151,0.148,0.092,0.087,0.08
2015-02-05 11:00:00,0.171,0.131,0.173,0.217,0.152,0.201,0.162,0.183,0.135,0.212,0.177,0.162,0.197,0.228,0.17,0.175,0.146
2015-02-05 12:00:00,0.194,0.138,0.171,0.252,0.177,0.222,0.203,0.212,0.174,0.234,0.209,0.21,0.211,0.265,0.185,0.192,0.176
2015-02-05 13:00:00,0.197,0.168,0.16,0.227,0.214,0.206,0.188,0.197,0.243,0.195,0.235,0.239,0.215,0.256,0.175,0.161,0.232
2015-02-05 14:00:00,0.141,0.121,0.108,0.164,0.116,0.173,0.134,0.157,0.19,0.185,0.166,0.237,0.182,0.214,0.116,0.092,0.18
2015-02-05 15:00:00,0.095,0.103,0.074,0.093,0.061,0.106,0.072,0.084,0.105,0.139,0.099,0.167,0.104,0.136,0.053,0.064,0.177
2015-02-05 16:00:00,0.013,0.047,0.0,0.0,0.01,0.001,0.005,0.0,0.053,0.0,0.0,0.0,0.017,0.0,0.0,0.009,0.053
2015-02-05 17:00:00,0.0,0.0,0.0,0.0,0.0,0.0,0.0,0.0,0.0,0.0,0.0,0.0,0.0,0.0,0.0,0.0,0.0
2015-02-05 18:00:00,0.0,0.0,0.0,0.0,0.0,0.0,0.0,0.0,0.0,0.0,0.0,0.0,0.0,0.0,0.0,0.0,0.0
2015-02-05 19:00:00,0.0,0.0,0.0,0.0,0.0,0.0,0.0,0.0,0.0,0.0,0.0,0.0,0.0,0.0,0.0,0.0,0.0
2015-02-05 20:00:00,0.0,0.0,0.0,0.0,0.0,0.0,0.0,0.0,0.0,0.0,0.0,0.0,0.0,0.0,0.0,0.0,0.0
2015-02-05 21:00:00,0.0,0.0,0.0,0.0,0.0,0.0,0.0,0.0,0.0,0.0,0.0,0.0,0.0,0.0,0.0,0.0,0.0
2015-02-05 22:00:00,0.0,0.0,0.0,0.0,0.0,0.0,0.0,0.0,0.0,0.0,0.0,0.0,0.0,0.0,0.0,0.0,0.0
2015-02-05 23:00:00,0.0,0.0,0.0,0.0,0.0,0.0,0.0,0.0,0.0,0.0,0.0,0.0,0.0,0.0,0.0,0.0,0.0
2015-02-06 00:00:00,0.0,0.0,0.0,0.0,0.0,0.0,0.0,0.0,0.0,0.0,0.0,0.0,0.0,0.0,0.0,0.0,0.0
2015-02-06 01:00:00,0.0,0.0,0.0,0.0,0.0,0.0,0.0,0.0,0.0,0.0,0.0,0.0,0.0,0.0,0.0,0.0,0.0
2015-02-06 02:00:00,0.0,0.0,0.0,0.0,0.0,0.0,0.0,0.0,0.0,0.0,0.0,0.0,0.0,0.0,0.0,0.0,0.0
2015-02-06 03:00:00,0.0,0.0,0.0,0.0,0.0,0.0,0.0,0.0,0.0,0.0,0.0,0.0,0.0,0.0,0.0,0.0,0.0
2015-02-06 04:00:00,0.0,0.0,0.0,0.0,0.0,0.0,0.0,0.0,0.0,0.0,0.0,0.0,0.0,0.0,0.0,0.0,0.0
2015-02-06 05:00:00,0.0,0.0,0.0,0.0,0.0,0.0,0.0,0.0,0.0,0.0,0.0,0.0,0.0,0.0,0.0,0.0,0.0
2015-02-06 06:00:00,0.0,0.0,0.0,0.0,0.0,0.0,0.0,0.0,0.0,0.0,0.0,0.0,0.0,0.0,0.0,0.0,0.0
2015-02-06 07:00:00,0.001,0.0,0.0,0.003,0.0,0.002,0.004,0.002,0.0,0.006,0.003,0.0,0.004,0.005,0.001,0.0,0.0
2015-02-06 08:00:00,0.028,0.022,0.024,0.039,0.021,0.033,0.033,0.038,0.031,0.051,0.035,0.025,0.051,0.048,0.033,0.022,0.018
2015-02-06 09:00:00,0.069,0.057,0.064,0.076,0.059,0.083,0.087,0.082,0.068,0.096,0.08,0.066,0.113,0.101,0.073,0.062,0.057
2015-02-06 10:00:00,0.105,0.095,0.092,0.113,0.103,0.12,0.126,0.117,0.111,0.126,0.109,0.099,0.162,0.146,0.104,0.097,0.089
2015-02-06 11:00:00,0.143,0.139,0.125,0.128,0.153,0.153,0.165,0.164,0.122,0.166,0.163,0.148,0.214,0.191,0.14,0.128,0.13
2015-02-06 12:00:00,0.167,0.161,0.15,0.137,0.191,0.16,0.178,0.165,0.14,0.157,0.178,0.189,0.236,0.201,0.17,0.155,0.172
2015-02-06 13:00:00,0.163,0.164,0.142,0.094,0.186,0.126,0.172,0.151,0.135,0.127,0.15,0.182,0.212,0.164,0.188,0.152,0.222
2015-02-06 14:00:00,0.129,0.111,0.122,0.063,0.137,0.097,0.122,0.104,0.094,0.082,0.118,0.166,0.14,0.106,0.145,0.119,0.229
2015-02-06 15:00:00,0.078,0.06,0.089,0.036,0.08,0.056,0.06,0.043,0.046,0.054,0.069,0.097,0.078,0.065,0.096,0.062,0.178
2015-02-06 16:00:00,0.017,0.021,0.0,0.0,0.031,0.0,0.019,0.0,0.005,0.0,0.0,0.0,0.026,0.0,0.0,0.016,0.087
2015-02-06 17:00:00,0.0,0.0,0.0,0.0,0.0,0.0,0.0,0.0,0.0,0.0,0.0,0.0,0.0,0.0,0.0,0.0,0.0
2015-02-06 18:00:00,0.0,0.0,0.0,0.0,0.0,0.0,0.0,0.0,0.0,0.0,0.0,0.0,0.0,0.0,0.0,0.0,0.0
2015-02-06 19:00:00,0.0,0.0,0.0,0.0,0.0,0.0,0.0,0.0,0.0,0.0,0.0,0.0,0.0,0.0,0.0,0.0,0.0
2015-02-06 20:00:00,0.0,0.0,0.0,0.0,0.0,0.0,0.0,0.0,0.0,0.0,0.0,0.0,0.0,0.0,0.0,0.0,0.0
2015-02-06 21:00:00,0.0,0.0,0.0,0.0,0.0,0.0,0.0,0.0,0.0,0.0,0.0,0.0,0.0,0.0,0.0,0.0,0.0
2015-02-06 22:00:00,0.0,0.0,0.0,0.0,0.0,0.0,0.0,0.0,0.0,0.0,0.0,0.0,0.0,0.0,0.0,0.0,0.0
2015-02-06 23:00:00,0.0,0.0,0.0,0.0,0.0,0.0,0.0,0.0,0.0,0.0,0.0,0.0,0.0,0.0,0.0,0.0,0.0
2015-02-07 00:00:00,0.0,0.0,0.0,0.0,0.0,0.0,0.0,0.0,0.0,0.0,0.0,0.0,0.0,0.0,0.0,0.0,0.0
2015-02-07 01:00:00,0.0,0.0,0.0,0.0,0.0,0.0,0.0,0.0,0.0,0.0,0.0,0.0,0.0,0.0,0.0,0.0,0.0
2015-02-07 02:00:00,0.0,0.0,0.0,0.0,0.0,0.0,0.0,0.0,0.0,0.0,0.0,0.0,0.0,0.0,0.0,0.0,0.0
2015-02-07 03:00:00,0.0,0.0,0.0,0.0,0.0,0.0,0.0,0.0,0.0,0.0,0.0,0.0,0.0,0.0,0.0,0.0,0.0
2015-02-07 04:00:00,0.0,0.0,0.0,0.0,0.0,0.0,0.0,0.0,0.0,0.0,0.0,0.0,0.0,0.0,0.0,0.0,0.0
2015-02-07 05:00:00,0.0,0.0,0.0,0.0,0.0,0.0,0.0,0.0,0.0,0.0,0.0,0.0,0.0,0.0,0.0,0.0,0.0
2015-02-07 06:00:00,0.0,0.0,0.0,0.0,0.0,0.0,0.0,0.0,0.0,0.0,0.0,0.0,0.0,0.0,0.0,0.0,0.0
2015-02-07 07:00:00,0.001,0.0,0.0,0.002,0.0,0.0,0.007,0.0,0.001,0.007,0.001,0.0,0.005,0.004,0.0,0.0,0.0
2015-02-07 08:00:00,0.02,0.024,0.018,0.025,0.015,0.022,0.044,0.02,0.027,0.042,0.023,0.015,0.045,0.039,0.02,0.014,0.008
2015-02-07 09:00:00,0.046,0.05,0.042,0.054,0.041,0.047,0.067,0.042,0.057,0.068,0.039,0.044,0.089,0.076,0.042,0.041,0.042
2015-02-07 10:00:00,0.071,0.073,0.073,0.064,0.069,0.063,0.13,0.059,0.091,0.113,0.057,0.075,0.134,0.107,0.074,0.061,0.065
2015-02-07 11:00:00,0.111,0.143,0.117,0.085,0.11,0.096,0.248,0.091,0.186,0.191,0.077,0.102,0.231,0.171,0.098,0.092,0.084
2015-02-07 12:00:00,0.123,0.204,0.098,0.074,0.169,0.082,0.326,0.082,0.246,0.198,0.076,0.094,0.28,0.169,0.102,0.102,0.073
2015-02-07 13:00:00,0.117,0.244,0.087,0.065,0.159,0.077,0.332,0.078,0.222,0.205,0.076,0.08,0.208,0.14,0.073,0.108,0.057
2015-02-07 14:00:00,0.096,0.267,0.057,0.031,0.147,0.068,0.29,0.043,0.234,0.123,0.036,0.045,0.154,0.074,0.045,0.093,0.053
2015-02-07 15:00:00,0.058,0.207,0.022,0.022,0.062,0.033,0.185,0.02,0.193,0.058,0.014,0.019,0.114,0.026,0.019,0.068,0.021
2015-02-07 16:00:00,0.016,0.079,0.0,0.0,0.006,0.01,0.092,0.0,0.104,0.0,0.0,0.0,0.065,0.0,0.0,0.015,0.007
2015-02-07 17:00:00,0.0,0.0,0.0,0.0,0.0,0.0,0.0,0.0,0.0,0.0,0.0,0.0,0.0,0.0,0.0,0.0,0.0
2015-02-07 18:00:00,0.0,0.0,0.0,0.0,0.0,0.0,0.0,0.0,0.0,0.0,0.0,0.0,0.0,0.0,0.0,0.0,0.0
2015-02-07 19:00:00,0.0,0.0,0.0,0.0,0.0,0.0,0.0,0.0,0.0,0.0,0.0,0.0,0.0,0.0,0.0,0.0,0.0
2015-02-07 20:00:00,0.0,0.0,0.0,0.0,0.0,0.0,0.0,0.0,0.0,0.0,0.0,0.0,0.0,0.0,0.0,0.0,0.0
2015-02-07 21:00:00,0.0,0.0,0.0,0.0,0.0,0.0,0.0,0.0,0.0,0.0,0.0,0.0,0.0,0.0,0.0,0.0,0.0
2015-02-07 22:00:00,0.0,0.0,0.0,0.0,0.0,0.0,0.0,0.0,0.0,0.0,0.0,0.0,0.0,0.0,0.0,0.0,0.0
2015-02-07 23:00:00,0.0,0.0,0.0,0.0,0.0,0.0,0.0,0.0,0.0,0.0,0.0,0.0,0.0,0.0,0.0,0.0,0.0
2015-02-08 00:00:00,0.0,0.0,0.0,0.0,0.0,0.0,0.0,0.0,0.0,0.0,0.0,0.0,0.0,0.0,0.0,0.0,0.0
2015-02-08 01:00:00,0.0,0.0,0.0,0.0,0.0,0.0,0.0,0.0,0.0,0.0,0.0,0.0,0.0,0.0,0.0,0.0,0.0
2015-02-08 02:00:00,0.0,0.0,0.0,0.0,0.0,0.0,0.0,0.0,0.0,0.0,0.0,0.0,0.0,0.0,0.0,0.0,0.0
2015-02-08 03:00:00,0.0,0.0,0.0,0.0,0.0,0.0,0.0,0.0,0.0,0.0,0.0,0.0,0.0,0.0,0.0,0.0,0.0
2015-02-08 04:00:00,0.0,0.0,0.0,0.0,0.0,0.0,0.0,0.0,0.0,0.0,0.0,0.0,0.0,0.0,0.0,0.0,0.0
2015-02-08 05:00:00,0.0,0.0,0.0,0.0,0.0,0.0,0.0,0.0,0.0,0.0,0.0,0.0,0.0,0.0,0.0,0.0,0.0
2015-02-08 06:00:00,0.0,0.0,0.0,0.0,0.0,0.0,0.0,0.0,0.0,0.0,0.0,0.0,0.0,0.0,0.0,0.0,0.0
2015-02-08 07:00:00,0.003,0.0,0.0,0.012,0.0,0.004,0.005,0.006,0.002,0.009,0.006,0.0,0.003,0.008,0.003,0.001,0.0
2015-02-08 08:00:00,0.035,0.032,0.031,0.06,0.027,0.05,0.03,0.048,0.033,0.047,0.037,0.028,0.037,0.056,0.041,0.031,0.022
2015-02-08 09:00:00,0.068,0.063,0.059,0.095,0.057,0.097,0.075,0.074,0.082,0.085,0.061,0.056,0.1,0.119,0.077,0.06,0.052
2015-02-08 10:00:00,0.1,0.085,0.085,0.148,0.072,0.119,0.115,0.117,0.122,0.143,0.124,0.084,0.162,0.165,0.12,0.082,0.078
2015-02-08 11:00:00,0.204,0.202,0.201,0.24,0.185,0.235,0.159,0.229,0.218,0.186,0.223,0.183,0.262,0.256,0.208,0.205,0.163
2015-02-08 12:00:00,0.284,0.28,0.284,0.328,0.273,0.318,0.252,0.292,0.307,0.233,0.278,0.266,0.359,0.343,0.254,0.292,0.254
2015-02-08 13:00:00,0.328,0.34,0.338,0.369,0.349,0.378,0.26,0.336,0.336,0.28,0.303,0.326,0.368,0.391,0.275,0.329,0.297
2015-02-08 14:00:00,0.308,0.325,0.269,0.315,0.328,0.318,0.274,0.275,0.345,0.311,0.289,0.294,0.36,0.354,0.254,0.324,0.301
2015-02-08 15:00:00,0.222,0.243,0.247,0.222,0.264,0.224,0.174,0.194,0.236,0.216,0.163,0.205,0.274,0.248,0.148,0.243,0.194
2015-02-08 16:00:00,0.084,0.107,0.109,0.0,0.148,0.059,0.106,0.0,0.1,0.0,0.0,0.028,0.158,0.018,0.0,0.142,0.117
2015-02-08 17:00:00,0.0,0.0,0.0,0.0,0.0,0.0,0.0,0.0,0.0,0.0,0.0,0.0,0.0,0.0,0.0,0.0,0.0
2015-02-08 18:00:00,0.0,0.0,0.0,0.0,0.0,0.0,0.0,0.0,0.0,0.0,0.0,0.0,0.0,0.0,0.0,0.0,0.0
2015-02-08 19:00:00,0.0,0.0,0.0,0.0,0.0,0.0,0.0,0.0,0.0,0.0,0.0,0.0,0.0,0.0,0.0,0.0,0.0
2015-02-08 20:00:00,0.0,0.0,0.0,0.0,0.0,0.0,0.0,0.0,0.0,0.0,0.0,0.0,0.0,0.0,0.0,0.0,0.0
2015-02-08 21:00:00,0.0,0.0,0.0,0.0,0.0,0.0,0.0,0.0,0.0,0.0,0.0,0.0,0.0,0.0,0.0,0.0,0.0
2015-02-08 22:00:00,0.0,0.0,0.0,0.0,0.0,0.0,0.0,0.0,0.0,0.0,0.0,0.0,0.0,0.0,0.0,0.0,0.0
2015-02-08 23:00:00,0.0,0.0,0.0,0.0,0.0,0.0,0.0,0.0,0.0,0.0,0.0,0.0,0.0,0.0,0.0,0.0,0.0
2015-02-09 00:00:00,0.0,0.0,0.0,0.0,0.0,0.0,0.0,0.0,0.0,0.0,0.0,0.0,0.0,0.0,0.0,0.0,0.0
2015-02-09 01:00:00,0.0,0.0,0.0,0.0,0.0,0.0,0.0,0.0,0.0,0.0,0.0,0.0,0.0,0.0,0.0,0.0,0.0
2015-02-09 02:00:00,0.0,0.0,0.0,0.0,0.0,0.0,0.0,0.0,0.0,0.0,0.0,0.0,0.0,0.0,0.0,0.0,0.0
2015-02-09 03:00:00,0.0,0.0,0.0,0.0,0.0,0.0,0.0,0.0,0.0,0.0,0.0,0.0,0.0,0.0,0.0,0.0,0.0
2015-02-09 04:00:00,0.0,0.0,0.0,0.0,0.0,0.0,0.0,0.0,0.0,0.0,0.0,0.0,0.0,0.0,0.0,0.0,0.0
2015-02-09 05:00:00,0.0,0.0,0.0,0.0,0.0,0.0,0.0,0.0,0.0,0.0,0.0,0.0,0.0,0.0,0.0,0.0,0.0
2015-02-09 06:00:00,0.0,0.0,0.0,0.0,0.0,0.0,0.0,0.0,0.0,0.0,0.0,0.0,0.0,0.0,0.0,0.0,0.0
2015-02-09 07:00:00,0.002,0.0,0.0,0.012,0.0,0.003,0.009,0.004,0.001,0.015,0.003,0.0,0.006,0.013,0.001,0.0,0.0
2015-02-09 08:00:00,0.02,0.006,0.009,0.055,0.004,0.024,0.064,0.027,0.015,0.069,0.042,0.02,0.044,0.06,0.021,0.008,0.011
2015-02-09 09:00:00,0.049,0.023,0.041,0.103,0.019,0.051,0.122,0.061,0.032,0.119,0.088,0.05,0.075,0.108,0.049,0.032,0.039
2015-02-09 10:00:00,0.069,0.044,0.064,0.137,0.038,0.072,0.141,0.085,0.05,0.176,0.092,0.065,0.083,0.134,0.052,0.051,0.059
2015-02-09 11:00:00,0.095,0.051,0.117,0.158,0.056,0.083,0.134,0.1,0.046,0.198,0.113,0.139,0.089,0.136,0.088,0.069,0.116
2015-02-09 12:00:00,0.107,0.051,0.149,0.135,0.059,0.081,0.116,0.087,0.054,0.177,0.107,0.231,0.09,0.113,0.101,0.081,0.158
2015-02-09 13:00:00,0.11,0.052,0.167,0.091,0.045,0.075,0.106,0.071,0.074,0.14,0.094,0.256,0.089,0.093,0.11,0.093,0.194
2015-02-09 14:00:00,0.092,0.042,0.144,0.056,0.046,0.046,0.05,0.058,0.046,0.077,0.041,0.258,0.058,0.051,0.096,0.066,0.218
2015-02-09 15:00:00,0.06,0.024,0.109,0.016,0.032,0.032,0.018,0.03,0.017,0.026,0.014,0.193,0.025,0.025,0.053,0.039,0.181
2015-02-09 16:00:00,0.022,0.008,0.047,0.0,0.018,0.003,0.0,0.0,0.0,0.0,0.0,0.041,0.001,0.0,0.0,0.015,0.115
2015-02-09 17:00:00,0.0,0.0,0.0,0.0,0.0,0.0,0.0,0.0,0.0,0.0,0.0,0.0,0.0,0.0,0.0,0.0,0.0
2015-02-09 18:00:00,0.0,0.0,0.0,0.0,0.0,0.0,0.0,0.0,0.0,0.0,0.0,0.0,0.0,0.0,0.0,0.0,0.0
2015-02-09 19:00:00,0.0,0.0,0.0,0.0,0.0,0.0,0.0,0.0,0.0,0.0,0.0,0.0,0.0,0.0,0.0,0.0,0.0
2015-02-09 20:00:00,0.0,0.0,0.0,0.0,0.0,0.0,0.0,0.0,0.0,0.0,0.0,0.0,0.0,0.0,0.0,0.0,0.0
2015-02-09 21:00:00,0.0,0.0,0.0,0.0,0.0,0.0,0.0,0.0,0.0,0.0,0.0,0.0,0.0,0.0,0.0,0.0,0.0
2015-02-09 22:00:00,0.0,0.0,0.0,0.0,0.0,0.0,0.0,0.0,0.0,0.0,0.0,0.0,0.0,0.0,0.0,0.0,0.0
2015-02-09 23:00:00,0.0,0.0,0.0,0.0,0.0,0.0,0.0,0.0,0.0,0.0,0.0,0.0,0.0,0.0,0.0,0.0,0.0
2015-02-10 00:00:00,0.0,0.0,0.0,0.0,0.0,0.0,0.0,0.0,0.0,0.0,0.0,0.0,0.0,0.0,0.0,0.0,0.0
2015-02-10 01:00:00,0.0,0.0,0.0,0.0,0.0,0.0,0.0,0.0,0.0,0.0,0.0,0.0,0.0,0.0,0.0,0.0,0.0
2015-02-10 02:00:00,0.0,0.0,0.0,0.0,0.0,0.0,0.0,0.0,0.0,0.0,0.0,0.0,0.0,0.0,0.0,0.0,0.0
2015-02-10 03:00:00,0.0,0.0,0.0,0.0,0.0,0.0,0.0,0.0,0.0,0.0,0.0,0.0,0.0,0.0,0.0,0.0,0.0
2015-02-10 04:00:00,0.0,0.0,0.0,0.0,0.0,0.0,0.0,0.0,0.0,0.0,0.0,0.0,0.0,0.0,0.0,0.0,0.0
2015-02-10 05:00:00,0.0,0.0,0.0,0.0,0.0,0.0,0.0,0.0,0.0,0.0,0.0,0.0,0.0,0.0,0.0,0.0,0.0
2015-02-10 06:00:00,0.0,0.0,0.0,0.0,0.0,0.0,0.0,0.0,0.0,0.0,0.0,0.0,0.0,0.0,0.0,0.0,0.0
2015-02-10 07:00:00,0.002,0.0,0.001,0.011,0.0,0.003,0.003,0.006,0.0,0.01,0.006,0.0,0.002,0.008,0.005,0.0,0.0
2015-02-10 08:00:00,0.028,0.019,0.031,0.046,0.014,0.031,0.03,0.039,0.017,0.057,0.042,0.024,0.025,0.043,0.042,0.024,0.018
2015-02-10 09:00:00,0.056,0.041,0.064,0.082,0.034,0.04,0.059,0.059,0.036,0.093,0.083,0.051,0.055,0.069,0.085,0.049,0.047
2015-02-10 10:00:00,0.081,0.074,0.09,0.129,0.058,0.072,0.081,0.084,0.058,0.142,0.079,0.07,0.085,0.118,0.095,0.074,0.07
2015-02-10 11:00:00,0.113,0.095,0.163,0.149,0.08,0.081,0.105,0.1,0.079,0.17,0.077,0.159,0.117,0.155,0.172,0.103,0.082
2015-02-10 12:00:00,0.134,0.107,0.237,0.128,0.081,0.079,0.1,0.11,0.081,0.16,0.09,0.218,0.108,0.122,0.257,0.127,0.1
2015-02-10 13:00:00,0.125,0.075,0.251,0.123,0.062,0.069,0.055,0.129,0.043,0.114,0.09,0.245,0.077,0.077,0.292,0.105,0.095
2015-02-10 14:00:00,0.099,0.054,0.191,0.081,0.039,0.069,0.036,0.106,0.026,0.077,0.087,0.206,0.045,0.05,0.28,0.074,0.081
2015-02-10 15:00:00,0.066,0.032,0.114,0.033,0.031,0.038,0.017,0.07,0.02,0.052,0.069,0.132,0.02,0.019,0.215,0.042,0.075
2015-02-10 16:00:00,0.01,0.007,0.038,0.0,0.003,0.014,0.001,0.002,0.007,0.0,0.0,0.02,0.001,0.0,0.0,0.008,0.038
2015-02-10 17:00:00,0.0,0.0,0.0,0.0,0.0,0.0,0.0,0.0,0.0,0.0,0.0,0.0,0.0,0.0,0.0,0.0,0.0
2015-02-10 18:00:00,0.0,0.0,0.0,0.0,0.0,0.0,0.0,0.0,0.0,0.0,0.0,0.0,0.0,0.0,0.0,0.0,0.0
2015-02-10 19:00:00,0.0,0.0,0.0,0.0,0.0,0.0,0.0,0.0,0.0,0.0,0.0,0.0,0.0,0.0,0.0,0.0,0.0
2015-02-10 20:00:00,0.0,0.0,0.0,0.0,0.0,0.0,0.0,0.0,0.0,0.0,0.0,0.0,0.0,0.0,0.0,0.0,0.0
2015-02-10 21:00:00,0.0,0.0,0.0,0.0,0.0,0.0,0.0,0.0,0.0,0.0,0.0,0.0,0.0,0.0,0.0,0.0,0.0
2015-02-10 22:00:00,0.0,0.0,0.0,0.0,0.0,0.0,0.0,0.0,0.0,0.0,0.0,0.0,0.0,0.0,0.0,0.0,0.0
2015-02-10 23:00:00,0.0,0.0,0.0,0.0,0.0,0.0,0.0,0.0,0.0,0.0,0.0,0.0,0.0,0.0,0.0,0.0,0.0
2015-02-11 00:00:00,0.0,0.0,0.0,0.0,0.0,0.0,0.0,0.0,0.0,0.0,0.0,0.0,0.0,0.0,0.0,0.0,0.0
2015-02-11 01:00:00,0.0,0.0,0.0,0.0,0.0,0.0,0.0,0.0,0.0,0.0,0.0,0.0,0.0,0.0,0.0,0.0,0.0
2015-02-11 02:00:00,0.0,0.0,0.0,0.0,0.0,0.0,0.0,0.0,0.0,0.0,0.0,0.0,0.0,0.0,0.0,0.0,0.0
2015-02-11 03:00:00,0.0,0.0,0.0,0.0,0.0,0.0,0.0,0.0,0.0,0.0,0.0,0.0,0.0,0.0,0.0,0.0,0.0
2015-02-11 04:00:00,0.0,0.0,0.0,0.0,0.0,0.0,0.0,0.0,0.0,0.0,0.0,0.0,0.0,0.0,0.0,0.0,0.0
2015-02-11 05:00:00,0.0,0.0,0.0,0.0,0.0,0.0,0.0,0.0,0.0,0.0,0.0,0.0,0.0,0.0,0.0,0.0,0.0
2015-02-11 06:00:00,0.0,0.0,0.0,0.0,0.0,0.0,0.0,0.0,0.0,0.0,0.0,0.0,0.0,0.0,0.0,0.0,0.0
2015-02-11 07:00:00,0.001,0.0,0.0,0.003,0.0,0.001,0.003,0.002,0.0,0.003,0.004,0.0,0.002,0.002,0.002,0.0,0.0
2015-02-11 08:00:00,0.023,0.023,0.021,0.025,0.014,0.025,0.032,0.028,0.024,0.028,0.036,0.022,0.035,0.03,0.029,0.02,0.016
2015-02-11 09:00:00,0.052,0.055,0.051,0.042,0.042,0.059,0.071,0.058,0.059,0.057,0.061,0.055,0.08,0.067,0.071,0.045,0.039
2015-02-11 10:00:00,0.078,0.077,0.084,0.066,0.066,0.081,0.098,0.086,0.073,0.082,0.091,0.089,0.124,0.088,0.103,0.067,0.067
2015-02-11 11:00:00,0.1,0.11,0.099,0.068,0.082,0.098,0.14,0.097,0.103,0.111,0.101,0.13,0.162,0.123,0.129,0.089,0.086
2015-02-11 12:00:00,0.102,0.124,0.106,0.064,0.089,0.098,0.129,0.096,0.097,0.097,0.097,0.137,0.158,0.104,0.132,0.09,0.096
2015-02-11 13:00:00,0.102,0.14,0.101,0.066,0.088,0.076,0.137,0.081,0.089,0.063,0.098,0.147,0.153,0.071,0.131,0.098,0.095
2015-02-11 14:00:00,0.068,0.095,0.062,0.043,0.076,0.053,0.093,0.052,0.067,0.049,0.05,0.09,0.135,0.05,0.08,0.062,0.068
2015-02-11 15:00:00,0.036,0.058,0.039,0.013,0.04,0.026,0.045,0.024,0.03,0.034,0.018,0.047,0.054,0.045,0.038,0.034,0.041
2015-02-11 16:00:00,0.005,0.019,0.005,0.0,0.004,0.002,0.008,0.001,0.009,0.001,0.0,0.004,0.019,0.002,0.0,0.007,0.007
2015-02-11 17:00:00,0.0,0.0,0.0,0.0,0.0,0.0,0.0,0.0,0.0,0.0,0.0,0.0,0.0,0.0,0.0,0.0,0.0
2015-02-11 18:00:00,0.0,0.0,0.0,0.0,0.0,0.0,0.0,0.0,0.0,0.0,0.0,0.0,0.0,0.0,0.0,0.0,0.0
2015-02-11 19:00:00,0.0,0.0,0.0,0.0,0.0,0.0,0.0,0.0,0.0,0.0,0.0,0.0,0.0,0.0,0.0,0.0,0.0
2015-02-11 20:00:00,0.0,0.0,0.0,0.0,0.0,0.0,0.0,0.0,0.0,0.0,0.0,0.0,0.0,0.0,0.0,0.0,0.0
2015-02-11 21:00:00,0.0,0.0,0.0,0.0,0.0,0.0,0.0,0.0,0.0,0.0,0.0,0.0,0.0,0.0,0.0,0.0,0.0
2015-02-11 22:00:00,0.0,0.0,0.0,0.0,0.0,0.0,0.0,0.0,0.0,0.0,0.0,0.0,0.0,0.0,0.0,0.0,0.0
2015-02-11 23:00:00,0.0,0.0,0.0,0.0,0.0,0.0,0.0,0.0,0.0,0.0,0.0,0.0,0.0,0.0,0.0,0.0,0.0
2015-02-12 00:00:00,0.0,0.0,0.0,0.0,0.0,0.0,0.0,0.0,0.0,0.0,0.0,0.0,0.0,0.0,0.0,0.0,0.0
2015-02-12 01:00:00,0.0,0.0,0.0,0.0,0.0,0.0,0.0,0.0,0.0,0.0,0.0,0.0,0.0,0.0,0.0,0.0,0.0
2015-02-12 02:00:00,0.0,0.0,0.0,0.0,0.0,0.0,0.0,0.0,0.0,0.0,0.0,0.0,0.0,0.0,0.0,0.0,0.0
2015-02-12 03:00:00,0.0,0.0,0.0,0.0,0.0,0.0,0.0,0.0,0.0,0.0,0.0,0.0,0.0,0.0,0.0,0.0,0.0
2015-02-12 04:00:00,0.0,0.0,0.0,0.0,0.0,0.0,0.0,0.0,0.0,0.0,0.0,0.0,0.0,0.0,0.0,0.0,0.0
2015-02-12 05:00:00,0.0,0.0,0.0,0.0,0.0,0.0,0.0,0.0,0.0,0.0,0.0,0.0,0.0,0.0,0.0,0.0,0.0
2015-02-12 06:00:00,0.0,0.0,0.0,0.0,0.0,0.0,0.0,0.0,0.0,0.0,0.0,0.0,0.0,0.0,0.0,0.0,0.0
2015-02-12 07:00:00,0.003,0.002,0.001,0.009,0.0,0.004,0.007,0.003,0.003,0.015,0.003,0.0,0.006,0.009,0.002,0.001,0.0
2015-02-12 08:00:00,0.034,0.038,0.026,0.045,0.03,0.035,0.045,0.035,0.037,0.069,0.036,0.027,0.05,0.046,0.037,0.03,0.022
2015-02-12 09:00:00,0.066,0.075,0.062,0.073,0.065,0.055,0.092,0.056,0.066,0.1,0.06,0.066,0.106,0.08,0.071,0.061,0.05
2015-02-12 10:00:00,0.1,0.105,0.094,0.122,0.082,0.099,0.135,0.1,0.107,0.165,0.09,0.092,0.153,0.134,0.11,0.093,0.08
2015-02-12 11:00:00,0.169,0.206,0.133,0.175,0.184,0.193,0.225,0.137,0.209,0.258,0.107,0.13,0.228,0.205,0.14,0.179,0.137
2015-02-12 12:00:00,0.217,0.305,0.155,0.246,0.27,0.212,0.286,0.169,0.297,0.356,0.113,0.134,0.274,0.275,0.141,0.232,0.174
2015-02-12 13:00:00,0.225,0.365,0.149,0.159,0.323,0.246,0.305,0.135,0.332,0.312,0.117,0.125,0.282,0.153,0.135,0.273,0.162
2015-02-12 14:00:00,0.205,0.404,0.117,0.109,0.363,0.22,0.254,0.099,0.348,0.192,0.075,0.088,0.23,0.108,0.086,0.256,0.149
2015-02-12 15:00:00,0.162,0.332,0.093,0.05,0.315,0.163,0.184,0.039,0.286,0.099,0.039,0.045,0.194,0.062,0.037,0.236,0.113
2015-02-12 16:00:00,0.084,0.185,0.031,0.0,0.187,0.096,0.091,0.019,0.149,0.042,0.0,0.005,0.103,0.021,0.001,0.133,0.068
2015-02-12 17:00:00,0.0,0.0,0.0,0.0,0.0,0.0,0.0,0.0,0.0,0.0,0.0,0.0,0.0,0.0,0.0,0.0,0.0
2015-02-12 18:00:00,0.0,0.0,0.0,0.0,0.0,0.0,0.0,0.0,0.0,0.0,0.0,0.0,0.0,0.0,0.0,0.0,0.0
2015-02-12 19:00:00,0.0,0.0,0.0,0.0,0.0,0.0,0.0,0.0,0.0,0.0,0.0,0.0,0.0,0.0,0.0,0.0,0.0
2015-02-12 20:00:00,0.0,0.0,0.0,0.0,0.0,0.0,0.0,0.0,0.0,0.0,0.0,0.0,0.0,0.0,0.0,0.0,0.0
2015-02-12 21:00:00,0.0,0.0,0.0,0.0,0.0,0.0,0.0,0.0,0.0,0.0,0.0,0.0,0.0,0.0,0.0,0.0,0.0
2015-02-12 22:00:00,0.0,0.0,0.0,0.0,0.0,0.0,0.0,0.0,0.0,0.0,0.0,0.0,0.0,0.0,0.0,0.0,0.0
2015-02-12 23:00:00,0.0,0.0,0.0,0.0,0.0,0.0,0.0,0.0,0.0,0.0,0.0,0.0,0.0,0.0,0.0,0.0,0.0
2015-02-13 00:00:00,0.0,0.0,0.0,0.0,0.0,0.0,0.0,0.0,0.0,0.0,0.0,0.0,0.0,0.0,0.0,0.0,0.0
2015-02-13 01:00:00,0.0,0.0,0.0,0.0,0.0,0.0,0.0,0.0,0.0,0.0,0.0,0.0,0.0,0.0,0.0,0.0,0.0
2015-02-13 02:00:00,0.0,0.0,0.0,0.0,0.0,0.0,0.0,0.0,0.0,0.0,0.0,0.0,0.0,0.0,0.0,0.0,0.0
2015-02-13 03:00:00,0.0,0.0,0.0,0.0,0.0,0.0,0.0,0.0,0.0,0.0,0.0,0.0,0.0,0.0,0.0,0.0,0.0
2015-02-13 04:00:00,0.0,0.0,0.0,0.0,0.0,0.0,0.0,0.0,0.0,0.0,0.0,0.0,0.0,0.0,0.0,0.0,0.0
2015-02-13 05:00:00,0.0,0.0,0.0,0.0,0.0,0.0,0.0,0.0,0.0,0.0,0.0,0.0,0.0,0.0,0.0,0.0,0.0
2015-02-13 06:00:00,0.0,0.0,0.0,0.0,0.0,0.0,0.0,0.0,0.0,0.0,0.0,0.0,0.0,0.0,0.0,0.0,0.0
2015-02-13 07:00:00,0.004,0.003,0.003,0.013,0.0,0.006,0.011,0.008,0.004,0.014,0.008,0.001,0.01,0.01,0.004,0.003,0.0
2015-02-13 08:00:00,0.034,0.036,0.03,0.044,0.027,0.034,0.051,0.039,0.037,0.048,0.045,0.031,0.054,0.042,0.042,0.029,0.024
2015-02-13 09:00:00,0.062,0.066,0.053,0.068,0.056,0.058,0.073,0.07,0.061,0.075,0.077,0.058,0.081,0.07,0.081,0.054,0.055
2015-02-13 10:00:00,0.1,0.088,0.086,0.132,0.081,0.108,0.142,0.123,0.098,0.151,0.116,0.095,0.144,0.132,0.118,0.084,0.081
2015-02-13 11:00:00,0.206,0.219,0.207,0.234,0.19,0.236,0.281,0.215,0.238,0.278,0.159,0.185,0.283,0.26,0.172,0.205,0.173
2015-02-13 12:00:00,0.297,0.331,0.305,0.338,0.309,0.342,0.39,0.28,0.349,0.383,0.176,0.27,0.394,0.361,0.189,0.312,0.248
2015-02-13 13:00:00,0.35,0.404,0.359,0.375,0.386,0.402,0.447,0.307,0.406,0.42,0.149,0.339,0.448,0.411,0.157,0.389,0.321
2015-02-13 14:00:00,0.344,0.409,0.346,0.351,0.388,0.395,0.434,0.288,0.412,0.403,0.156,0.336,0.437,0.387,0.132,0.384,0.333
2015-02-13 15:00:00,0.273,0.337,0.279,0.254,0.325,0.298,0.337,0.239,0.333,0.3,0.106,0.253,0.338,0.3,0.071,0.315,0.275
2015-02-13 16:00:00,0.133,0.188,0.141,0.033,0.188,0.155,0.173,0.096,0.177,0.142,0.0,0.132,0.172,0.159,0.027,0.16,0.147
2015-02-13 17:00:00,0.0,0.0,0.0,0.0,0.0,0.0,0.0,0.0,0.0,0.0,0.0,0.0,0.0,0.0,0.0,0.0,0.0
2015-02-13 18:00:00,0.0,0.0,0.0,0.0,0.0,0.0,0.0,0.0,0.0,0.0,0.0,0.0,0.0,0.0,0.0,0.0,0.0
2015-02-13 19:00:00,0.0,0.0,0.0,0.0,0.0,0.0,0.0,0.0,0.0,0.0,0.0,0.0,0.0,0.0,0.0,0.0,0.0
2015-02-13 20:00:00,0.0,0.0,0.0,0.0,0.0,0.0,0.0,0.0,0.0,0.0,0.0,0.0,0.0,0.0,0.0,0.0,0.0
2015-02-13 21:00:00,0.0,0.0,0.0,0.0,0.0,0.0,0.0,0.0,0.0,0.0,0.0,0.0,0.0,0.0,0.0,0.0,0.0
2015-02-13 22:00:00,0.0,0.0,0.0,0.0,0.0,0.0,0.0,0.0,0.0,0.0,0.0,0.0,0.0,0.0,0.0,0.0,0.0
2015-02-13 23:00:00,0.0,0.0,0.0,0.0,0.0,0.0,0.0,0.0,0.0,0.0,0.0,0.0,0.0,0.0,0.0,0.0,0.0
2015-02-14 00:00:00,0.0,0.0,0.0,0.0,0.0,0.0,0.0,0.0,0.0,0.0,0.0,0.0,0.0,0.0,0.0,0.0,0.0
2015-02-14 01:00:00,0.0,0.0,0.0,0.0,0.0,0.0,0.0,0.0,0.0,0.0,0.0,0.0,0.0,0.0,0.0,0.0,0.0
2015-02-14 02:00:00,0.0,0.0,0.0,0.0,0.0,0.0,0.0,0.0,0.0,0.0,0.0,0.0,0.0,0.0,0.0,0.0,0.0
2015-02-14 03:00:00,0.0,0.0,0.0,0.0,0.0,0.0,0.0,0.0,0.0,0.0,0.0,0.0,0.0,0.0,0.0,0.0,0.0
2015-02-14 04:00:00,0.0,0.0,0.0,0.0,0.0,0.0,0.0,0.0,0.0,0.0,0.0,0.0,0.0,0.0,0.0,0.0,0.0
2015-02-14 05:00:00,0.0,0.0,0.0,0.0,0.0,0.0,0.0,0.0,0.0,0.0,0.0,0.0,0.0,0.0,0.0,0.0,0.0
2015-02-14 06:00:00,0.0,0.0,0.0,0.0,0.0,0.0,0.0,0.0,0.0,0.0,0.0,0.0,0.0,0.0,0.0,0.0,0.0
2015-02-14 07:00:00,0.005,0.003,0.004,0.015,0.001,0.007,0.012,0.009,0.006,0.016,0.011,0.002,0.011,0.012,0.007,0.003,0.0
2015-02-14 08:00:00,0.033,0.032,0.031,0.041,0.028,0.036,0.044,0.037,0.034,0.043,0.039,0.031,0.048,0.04,0.036,0.031,0.025
2015-02-14 09:00:00,0.053,0.054,0.049,0.056,0.047,0.053,0.063,0.053,0.053,0.059,0.055,0.059,0.071,0.057,0.055,0.05,0.046
2015-02-14 10:00:00,0.094,0.089,0.082,0.142,0.063,0.108,0.141,0.115,0.101,0.152,0.125,0.088,0.136,0.133,0.104,0.082,0.059
2015-02-14 11:00:00,0.228,0.225,0.219,0.278,0.203,0.246,0.285,0.251,0.242,0.289,0.258,0.187,0.279,0.27,0.239,0.219,0.186
2015-02-14 12:00:00,0.333,0.333,0.327,0.376,0.319,0.352,0.392,0.353,0.353,0.388,0.356,0.259,0.386,0.372,0.343,0.329,0.298
2015-02-14 13:00:00,0.391,0.406,0.387,0.421,0.395,0.408,0.447,0.404,0.417,0.434,0.401,0.285,0.442,0.422,0.396,0.393,0.356
2015-02-14 14:00:00,0.387,0.419,0.387,0.398,0.409,0.4,0.436,0.39,0.416,0.414,0.379,0.252,0.434,0.408,0.381,0.398,0.36
2015-02-14 15:00:00,0.303,0.347,0.304,0.287,0.347,0.31,0.341,0.29,0.336,0.306,0.267,0.162,0.342,0.309,0.281,0.323,0.294
2015-02-14 16:00:00,0.144,0.193,0.163,0.054,0.2,0.162,0.178,0.126,0.181,0.171,0.0,0.075,0.177,0.163,0.08,0.174,0.145
2015-02-14 17:00:00,0.0,0.0,0.0,0.0,0.0,0.0,0.0,0.0,0.0,0.0,0.0,0.0,0.0,0.0,0.0,0.0,0.0
2015-02-14 18:00:00,0.0,0.0,0.0,0.0,0.0,0.0,0.0,0.0,0.0,0.0,0.0,0.0,0.0,0.0,0.0,0.0,0.0
2015-02-14 19:00:00,0.0,0.0,0.0,0.0,0.0,0.0,0.0,0.0,0.0,0.0,0.0,0.0,0.0,0.0,0.0,0.0,0.0
2015-02-14 20:00:00,0.0,0.0,0.0,0.0,0.0,0.0,0.0,0.0,0.0,0.0,0.0,0.0,0.0,0.0,0.0,0.0,0.0
2015-02-14 21:00:00,0.0,0.0,0.0,0.0,0.0,0.0,0.0,0.0,0.0,0.0,0.0,0.0,0.0,0.0,0.0,0.0,0.0
2015-02-14 22:00:00,0.0,0.0,0.0,0.0,0.0,0.0,0.0,0.0,0.0,0.0,0.0,0.0,0.0,0.0,0.0,0.0,0.0
2015-02-14 23:00:00,0.0,0.0,0.0,0.0,0.0,0.0,0.0,0.0,0.0,0.0,0.0,0.0,0.0,0.0,0.0,0.0,0.0
2015-02-15 00:00:00,0.0,0.0,0.0,0.0,0.0,0.0,0.0,0.0,0.0,0.0,0.0,0.0,0.0,0.0,0.0,0.0,0.0
2015-02-15 01:00:00,0.0,0.0,0.0,0.0,0.0,0.0,0.0,0.0,0.0,0.0,0.0,0.0,0.0,0.0,0.0,0.0,0.0
2015-02-15 02:00:00,0.0,0.0,0.0,0.0,0.0,0.0,0.0,0.0,0.0,0.0,0.0,0.0,0.0,0.0,0.0,0.0,0.0
2015-02-15 03:00:00,0.0,0.0,0.0,0.0,0.0,0.0,0.0,0.0,0.0,0.0,0.0,0.0,0.0,0.0,0.0,0.0,0.0
2015-02-15 04:00:00,0.0,0.0,0.0,0.0,0.0,0.0,0.0,0.0,0.0,0.0,0.0,0.0,0.0,0.0,0.0,0.0,0.0
2015-02-15 05:00:00,0.0,0.0,0.0,0.0,0.0,0.0,0.0,0.0,0.0,0.0,0.0,0.0,0.0,0.0,0.0,0.0,0.0
2015-02-15 06:00:00,0.0,0.0,0.0,0.0,0.0,0.0,0.0,0.0,0.0,0.0,0.0,0.0,0.0,0.0,0.0,0.0,0.0
2015-02-15 07:00:00,0.006,0.003,0.004,0.015,0.001,0.008,0.013,0.01,0.006,0.017,0.012,0.003,0.012,0.013,0.008,0.004,0.0
2015-02-15 08:00:00,0.034,0.032,0.032,0.042,0.024,0.037,0.045,0.037,0.036,0.044,0.046,0.035,0.05,0.041,0.04,0.03,0.026
2015-02-15 09:00:00,0.056,0.054,0.049,0.059,0.047,0.054,0.064,0.057,0.055,0.06,0.082,0.065,0.075,0.058,0.066,0.05,0.056
2015-02-15 10:00:00,0.101,0.089,0.085,0.149,0.073,0.113,0.146,0.125,0.105,0.157,0.144,0.102,0.144,0.138,0.107,0.083,0.076
2015-02-15 11:00:00,0.221,0.22,0.224,0.286,0.194,0.254,0.291,0.256,0.244,0.296,0.194,0.175,0.288,0.279,0.183,0.219,0.18
2015-02-15 12:00:00,0.313,0.334,0.337,0.382,0.299,0.362,0.398,0.343,0.356,0.397,0.189,0.213,0.396,0.383,0.212,0.333,0.288
2015-02-15 13:00:00,0.365,0.404,0.401,0.429,0.375,0.421,0.453,0.381,0.42,0.445,0.127,0.256,0.453,0.434,0.187,0.402,0.376
2015-02-15 14:00:00,0.358,0.418,0.399,0.395,0.402,0.415,0.444,0.327,0.422,0.424,0.091,0.222,0.445,0.42,0.143,0.407,0.393
2015-02-15 15:00:00,0.277,0.345,0.311,0.261,0.341,0.323,0.349,0.209,0.345,0.315,0.028,0.159,0.352,0.32,0.072,0.331,0.326
2015-02-15 16:00:00,0.144,0.198,0.157,0.087,0.2,0.166,0.181,0.085,0.19,0.167,0.0,0.072,0.183,0.164,0.011,0.182,0.184
2015-02-15 17:00:00,0.0,0.0,0.0,0.0,0.0,0.0,0.0,0.0,0.0,0.0,0.0,0.0,0.0,0.0,0.0,0.0,0.0
2015-02-15 18:00:00,0.0,0.0,0.0,0.0,0.0,0.0,0.0,0.0,0.0,0.0,0.0,0.0,0.0,0.0,0.0,0.0,0.0
2015-02-15 19:00:00,0.0,0.0,0.0,0.0,0.0,0.0,0.0,0.0,0.0,0.0,0.0,0.0,0.0,0.0,0.0,0.0,0.0
2015-02-15 20:00:00,0.0,0.0,0.0,0.0,0.0,0.0,0.0,0.0,0.0,0.0,0.0,0.0,0.0,0.0,0.0,0.0,0.0
2015-02-15 21:00:00,0.0,0.0,0.0,0.0,0.0,0.0,0.0,0.0,0.0,0.0,0.0,0.0,0.0,0.0,0.0,0.0,0.0
2015-02-15 22:00:00,0.0,0.0,0.0,0.0,0.0,0.0,0.0,0.0,0.0,0.0,0.0,0.0,0.0,0.0,0.0,0.0,0.0
2015-02-15 23:00:00,0.0,0.0,0.0,0.0,0.0,0.0,0.0,0.0,0.0,0.0,0.0,0.0,0.0,0.0,0.0,0.0,0.0
2015-02-16 00:00:00,0.0,0.0,0.0,0.0,0.0,0.0,0.0,0.0,0.0,0.0,0.0,0.0,0.0,0.0,0.0,0.0,0.0
2015-02-16 01:00:00,0.0,0.0,0.0,0.0,0.0,0.0,0.0,0.0,0.0,0.0,0.0,0.0,0.0,0.0,0.0,0.0,0.0
2015-02-16 02:00:00,0.0,0.0,0.0,0.0,0.0,0.0,0.0,0.0,0.0,0.0,0.0,0.0,0.0,0.0,0.0,0.0,0.0
2015-02-16 03:00:00,0.0,0.0,0.0,0.0,0.0,0.0,0.0,0.0,0.0,0.0,0.0,0.0,0.0,0.0,0.0,0.0,0.0
2015-02-16 04:00:00,0.0,0.0,0.0,0.0,0.0,0.0,0.0,0.0,0.0,0.0,0.0,0.0,0.0,0.0,0.0,0.0,0.0
2015-02-16 05:00:00,0.0,0.0,0.0,0.0,0.0,0.0,0.0,0.0,0.0,0.0,0.0,0.0,0.0,0.0,0.0,0.0,0.0
2015-02-16 06:00:00,0.0,0.0,0.0,0.0,0.0,0.0,0.0,0.0,0.0,0.0,0.0,0.0,0.0,0.0,0.0,0.0,0.0
2015-02-16 07:00:00,0.006,0.003,0.004,0.014,0.001,0.008,0.011,0.01,0.005,0.014,0.014,0.003,0.012,0.01,0.01,0.004,0.001
2015-02-16 08:00:00,0.044,0.04,0.045,0.05,0.037,0.053,0.054,0.048,0.045,0.054,0.042,0.039,0.069,0.054,0.042,0.044,0.036
2015-02-16 09:00:00,0.084,0.088,0.09,0.075,0.083,0.094,0.089,0.075,0.096,0.092,0.059,0.071,0.123,0.093,0.063,0.094,0.078
2015-02-16 10:00:00,0.129,0.129,0.125,0.16,0.116,0.14,0.129,0.136,0.156,0.13,0.139,0.096,0.179,0.13,0.12,0.134,0.113
2015-02-16 11:00:00,0.221,0.22,0.185,0.3,0.207,0.199,0.228,0.259,0.228,0.21,0.283,0.207,0.264,0.187,0.262,0.203,0.193
2015-02-16 12:00:00,0.308,0.327,0.229,0.407,0.308,0.256,0.257,0.371,0.311,0.283,0.389,0.303,0.316,0.243,0.373,0.276,0.295
2015-02-16 13:00:00,0.372,0.41,0.313,0.458,0.415,0.309,0.315,0.435,0.391,0.363,0.44,0.391,0.36,0.279,0.431,0.306,0.38
2015-02-16 14:00:00,0.383,0.435,0.322,0.44,0.432,0.343,0.314,0.432,0.396,0.414,0.421,0.402,0.351,0.316,0.421,0.325,0.396
2015-02-16 15:00:00,0.327,0.37,0.331,0.325,0.353,0.313,0.302,0.332,0.299,0.33,0.309,0.333,0.314,0.327,0.32,0.307,0.345
2015-02-16 16:00:00,0.179,0.211,0.181,0.17,0.211,0.18,0.168,0.181,0.186,0.179,0.053,0.184,0.193,0.183,0.134,0.183,0.202
2015-02-16 17:00:00,0.0,0.0,0.0,0.0,0.0,0.0,0.0,0.0,0.0,0.0,0.0,0.0,0.0,0.0,0.0,0.0,0.0
2015-02-16 18:00:00,0.0,0.0,0.0,0.0,0.0,0.0,0.0,0.0,0.0,0.0,0.0,0.0,0.0,0.0,0.0,0.0,0.0
2015-02-16 19:00:00,0.0,0.0,0.0,0.0,0.0,0.0,0.0,0.0,0.0,0.0,0.0,0.0,0.0,0.0,0.0,0.0,0.0
2015-02-16 20:00:00,0.0,0.0,0.0,0.0,0.0,0.0,0.0,0.0,0.0,0.0,0.0,0.0,0.0,0.0,0.0,0.0,0.0
2015-02-16 21:00:00,0.0,0.0,0.0,0.0,0.0,0.0,0.0,0.0,0.0,0.0,0.0,0.0,0.0,0.0,0.0,0.0,0.0
2015-02-16 22:00:00,0.0,0.0,0.0,0.0,0.0,0.0,0.0,0.0,0.0,0.0,0.0,0.0,0.0,0.0,0.0,0.0,0.0
2015-02-16 23:00:00,0.0,0.0,0.0,0.0,0.0,0.0,0.0,0.0,0.0,0.0,0.0,0.0,0.0,0.0,0.0,0.0,0.0
2015-02-17 00:00:00,0.0,0.0,0.0,0.0,0.0,0.0,0.0,0.0,0.0,0.0,0.0,0.0,0.0,0.0,0.0,0.0,0.0
2015-02-17 01:00:00,0.0,0.0,0.0,0.0,0.0,0.0,0.0,0.0,0.0,0.0,0.0,0.0,0.0,0.0,0.0,0.0,0.0
2015-02-17 02:00:00,0.0,0.0,0.0,0.0,0.0,0.0,0.0,0.0,0.0,0.0,0.0,0.0,0.0,0.0,0.0,0.0,0.0
2015-02-17 03:00:00,0.0,0.0,0.0,0.0,0.0,0.0,0.0,0.0,0.0,0.0,0.0,0.0,0.0,0.0,0.0,0.0,0.0
2015-02-17 04:00:00,0.0,0.0,0.0,0.0,0.0,0.0,0.0,0.0,0.0,0.0,0.0,0.0,0.0,0.0,0.0,0.0,0.0
2015-02-17 05:00:00,0.0,0.0,0.0,0.0,0.0,0.0,0.0,0.0,0.0,0.0,0.0,0.0,0.0,0.0,0.0,0.0,0.0
2015-02-17 06:00:00,0.0,0.0,0.0,0.0,0.0,0.0,0.0,0.0,0.0,0.0,0.0,0.0,0.0,0.0,0.0,0.0,0.0
2015-02-17 07:00:00,0.008,0.005,0.006,0.019,0.003,0.011,0.016,0.013,0.008,0.02,0.015,0.004,0.014,0.016,0.011,0.006,0.002
2015-02-17 08:00:00,0.036,0.036,0.034,0.045,0.031,0.039,0.049,0.041,0.039,0.047,0.042,0.031,0.052,0.044,0.04,0.034,0.027
2015-02-17 09:00:00,0.055,0.056,0.052,0.061,0.051,0.057,0.069,0.057,0.057,0.064,0.059,0.048,0.075,0.061,0.059,0.052,0.046
2015-02-17 10:00:00,0.105,0.094,0.095,0.162,0.071,0.124,0.16,0.133,0.114,0.174,0.142,0.078,0.151,0.152,0.121,0.091,0.059
2015-02-17 11:00:00,0.249,0.239,0.239,0.307,0.214,0.27,0.31,0.279,0.257,0.321,0.284,0.221,0.289,0.301,0.266,0.235,0.2
2015-02-17 12:00:00,0.361,0.355,0.352,0.411,0.333,0.379,0.421,0.389,0.367,0.428,0.388,0.336,0.386,0.411,0.375,0.349,0.32
2015-02-17 13:00:00,0.425,0.426,0.415,0.46,0.406,0.44,0.482,0.446,0.433,0.478,0.438,0.402,0.45,0.467,0.431,0.416,0.395
2015-02-17 14:00:00,0.425,0.435,0.417,0.439,0.42,0.434,0.476,0.435,0.434,0.459,0.419,0.405,0.446,0.455,0.42,0.421,0.409
2015-02-17 15:00:00,0.343,0.365,0.336,0.327,0.354,0.346,0.378,0.337,0.355,0.35,0.308,0.326,0.354,0.355,0.32,0.347,0.347
2015-02-17 16:00:00,0.187,0.208,0.182,0.184,0.211,0.185,0.207,0.181,0.196,0.183,0.106,0.177,0.196,0.186,0.157,0.194,0.203
2015-02-17 17:00:00,0.0,0.0,0.0,0.0,0.0,0.0,0.0,0.0,0.0,0.0,0.0,0.0,0.0,0.0,0.0,0.0,0.0
2015-02-17 18:00:00,0.0,0.0,0.0,0.0,0.0,0.0,0.0,0.0,0.0,0.0,0.0,0.0,0.0,0.0,0.0,0.0,0.0
2015-02-17 19:00:00,0.0,0.0,0.0,0.0,0.0,0.0,0.0,0.0,0.0,0.0,0.0,0.0,0.0,0.0,0.0,0.0,0.0
2015-02-17 20:00:00,0.0,0.0,0.0,0.0,0.0,0.0,0.0,0.0,0.0,0.0,0.0,0.0,0.0,0.0,0.0,0.0,0.0
2015-02-17 21:00:00,0.0,0.0,0.0,0.0,0.0,0.0,0.0,0.0,0.0,0.0,0.0,0.0,0.0,0.0,0.0,0.0,0.0
2015-02-17 22:00:00,0.0,0.0,0.0,0.0,0.0,0.0,0.0,0.0,0.0,0.0,0.0,0.0,0.0,0.0,0.0,0.0,0.0
2015-02-17 23:00:00,0.0,0.0,0.0,0.0,0.0,0.0,0.0,0.0,0.0,0.0,0.0,0.0,0.0,0.0,0.0,0.0,0.0
2015-02-18 00:00:00,0.0,0.0,0.0,0.0,0.0,0.0,0.0,0.0,0.0,0.0,0.0,0.0,0.0,0.0,0.0,0.0,0.0
2015-02-18 01:00:00,0.0,0.0,0.0,0.0,0.0,0.0,0.0,0.0,0.0,0.0,0.0,0.0,0.0,0.0,0.0,0.0,0.0
2015-02-18 02:00:00,0.0,0.0,0.0,0.0,0.0,0.0,0.0,0.0,0.0,0.0,0.0,0.0,0.0,0.0,0.0,0.0,0.0
2015-02-18 03:00:00,0.0,0.0,0.0,0.0,0.0,0.0,0.0,0.0,0.0,0.0,0.0,0.0,0.0,0.0,0.0,0.0,0.0
2015-02-18 04:00:00,0.0,0.0,0.0,0.0,0.0,0.0,0.0,0.0,0.0,0.0,0.0,0.0,0.0,0.0,0.0,0.0,0.0
2015-02-18 05:00:00,0.0,0.0,0.0,0.0,0.0,0.0,0.0,0.0,0.0,0.0,0.0,0.0,0.0,0.0,0.0,0.0,0.0
2015-02-18 06:00:00,0.0,0.0,0.0,0.0,0.0,0.0,0.0,0.0,0.0,0.0,0.0,0.0,0.0,0.0,0.0,0.0,0.0
2015-02-18 07:00:00,0.006,0.001,0.004,0.019,0.0,0.006,0.017,0.011,0.002,0.021,0.016,0.004,0.01,0.016,0.01,0.002,0.002
2015-02-18 08:00:00,0.033,0.019,0.035,0.044,0.019,0.03,0.053,0.043,0.029,0.047,0.046,0.035,0.044,0.043,0.047,0.026,0.037
2015-02-18 09:00:00,0.064,0.049,0.072,0.06,0.055,0.062,0.074,0.067,0.052,0.064,0.079,0.072,0.071,0.065,0.083,0.053,0.082
2015-02-18 10:00:00,0.112,0.085,0.109,0.148,0.089,0.101,0.147,0.123,0.108,0.169,0.134,0.114,0.125,0.139,0.138,0.092,0.118
2015-02-18 11:00:00,0.165,0.079,0.203,0.229,0.139,0.117,0.235,0.173,0.102,0.293,0.216,0.161,0.161,0.185,0.22,0.144,0.162
2015-02-18 12:00:00,0.212,0.112,0.286,0.25,0.224,0.108,0.339,0.178,0.118,0.377,0.269,0.192,0.167,0.219,0.272,0.196,0.209
2015-02-18 13:00:00,0.222,0.098,0.301,0.213,0.275,0.093,0.366,0.159,0.095,0.369,0.223,0.201,0.151,0.149,0.271,0.226,0.267
2015-02-18 14:00:00,0.212,0.093,0.285,0.106,0.276,0.081,0.327,0.143,0.075,0.278,0.195,0.204,0.124,0.077,0.304,0.234,0.286
2015-02-18 15:00:00,0.176,0.062,0.263,0.057,0.248,0.054,0.216,0.124,0.04,0.159,0.191,0.149,0.061,0.04,0.24,0.199,0.277
2015-02-18 16:00:00,0.105,0.039,0.148,0.009,0.149,0.041,0.077,0.087,0.01,0.039,0.102,0.086,0.016,0.003,0.118,0.14,0.185
2015-02-18 17:00:00,0.0,0.0,0.0,0.0,0.0,0.0,0.0,0.0,0.0,0.0,0.0,0.0,0.0,0.0,0.0,0.0,0.0
2015-02-18 18:00:00,0.0,0.0,0.0,0.0,0.0,0.0,0.0,0.0,0.0,0.0,0.0,0.0,0.0,0.0,0.0,0.0,0.0
2015-02-18 19:00:00,0.0,0.0,0.0,0.0,0.0,0.0,0.0,0.0,0.0,0.0,0.0,0.0,0.0,0.0,0.0,0.0,0.0
2015-02-18 20:00:00,0.0,0.0,0.0,0.0,0.0,0.0,0.0,0.0,0.0,0.0,0.0,0.0,0.0,0.0,0.0,0.0,0.0
2015-02-18 21:00:00,0.0,0.0,0.0,0.0,0.0,0.0,0.0,0.0,0.0,0.0,0.0,0.0,0.0,0.0,0.0,0.0,0.0
2015-02-18 22:00:00,0.0,0.0,0.0,0.0,0.0,0.0,0.0,0.0,0.0,0.0,0.0,0.0,0.0,0.0,0.0,0.0,0.0
2015-02-18 23:00:00,0.0,0.0,0.0,0.0,0.0,0.0,0.0,0.0,0.0,0.0,0.0,0.0,0.0,0.0,0.0,0.0,0.0
2015-02-19 00:00:00,0.0,0.0,0.0,0.0,0.0,0.0,0.0,0.0,0.0,0.0,0.0,0.0,0.0,0.0,0.0,0.0,0.0
2015-02-19 01:00:00,0.0,0.0,0.0,0.0,0.0,0.0,0.0,0.0,0.0,0.0,0.0,0.0,0.0,0.0,0.0,0.0,0.0
2015-02-19 02:00:00,0.0,0.0,0.0,0.0,0.0,0.0,0.0,0.0,0.0,0.0,0.0,0.0,0.0,0.0,0.0,0.0,0.0
2015-02-19 03:00:00,0.0,0.0,0.0,0.0,0.0,0.0,0.0,0.0,0.0,0.0,0.0,0.0,0.0,0.0,0.0,0.0,0.0
2015-02-19 04:00:00,0.0,0.0,0.0,0.0,0.0,0.0,0.0,0.0,0.0,0.0,0.0,0.0,0.0,0.0,0.0,0.0,0.0
2015-02-19 05:00:00,0.0,0.0,0.0,0.0,0.0,0.0,0.0,0.0,0.0,0.0,0.0,0.0,0.0,0.0,0.0,0.0,0.0
2015-02-19 06:00:00,0.0,0.0,0.0,0.0,0.0,0.0,0.0,0.0,0.0,0.0,0.0,0.0,0.0,0.0,0.0,0.0,0.0
2015-02-19 07:00:00,0.005,0.007,0.002,0.007,0.002,0.006,0.024,0.001,0.012,0.025,0.002,0.001,0.019,0.013,0.001,0.006,0.001
2015-02-19 08:00:00,0.033,0.049,0.014,0.022,0.037,0.019,0.081,0.008,0.057,0.074,0.012,0.017,0.069,0.045,0.014,0.041,0.029
2015-02-19 09:00:00,0.056,0.076,0.026,0.029,0.065,0.034,0.116,0.017,0.093,0.079,0.038,0.045,0.104,0.066,0.034,0.066,0.062
2015-02-19 10:00:00,0.079,0.116,0.039,0.025,0.089,0.054,0.177,0.023,0.142,0.086,0.048,0.07,0.162,0.075,0.042,0.099,0.083
2015-02-19 11:00:00,0.144,0.231,0.083,0.046,0.206,0.074,0.245,0.03,0.221,0.099,0.056,0.151,0.227,0.082,0.061,0.188,0.178
2015-02-19 12:00:00,0.189,0.318,0.101,0.042,0.323,0.067,0.276,0.029,0.261,0.115,0.043,0.238,0.233,0.067,0.073,0.24,0.258
2015-02-19 13:00:00,0.204,0.342,0.159,0.028,0.398,0.044,0.257,0.02,0.208,0.078,0.024,0.261,0.182,0.039,0.058,0.249,0.343
2015-02-19 14:00:00,0.214,0.357,0.179,0.02,0.402,0.038,0.172,0.014,0.225,0.047,0.017,0.261,0.13,0.021,0.089,0.282,0.368
2015-02-19 15:00:00,0.196,0.319,0.187,0.007,0.348,0.046,0.126,0.004,0.263,0.012,0.005,0.214,0.118,0.008,0.047,0.287,0.335
2015-02-19 16:00:00,0.114,0.162,0.126,0.0,0.191,0.041,0.07,0.001,0.146,0.0,0.0,0.137,0.05,0.002,0.043,0.168,0.199
2015-02-19 17:00:00,0.0,0.0,0.0,0.0,0.0,0.0,0.0,0.0,0.0,0.0,0.0,0.0,0.0,0.0,0.0,0.0,0.0
2015-02-19 18:00:00,0.0,0.0,0.0,0.0,0.0,0.0,0.0,0.0,0.0,0.0,0.0,0.0,0.0,0.0,0.0,0.0,0.0
2015-02-19 19:00:00,0.0,0.0,0.0,0.0,0.0,0.0,0.0,0.0,0.0,0.0,0.0,0.0,0.0,0.0,0.0,0.0,0.0
2015-02-19 20:00:00,0.0,0.0,0.0,0.0,0.0,0.0,0.0,0.0,0.0,0.0,0.0,0.0,0.0,0.0,0.0,0.0,0.0
2015-02-19 21:00:00,0.0,0.0,0.0,0.0,0.0,0.0,0.0,0.0,0.0,0.0,0.0,0.0,0.0,0.0,0.0,0.0,0.0
2015-02-19 22:00:00,0.0,0.0,0.0,0.0,0.0,0.0,0.0,0.0,0.0,0.0,0.0,0.0,0.0,0.0,0.0,0.0,0.0
2015-02-19 23:00:00,0.0,0.0,0.0,0.0,0.0,0.0,0.0,0.0,0.0,0.0,0.0,0.0,0.0,0.0,0.0,0.0,0.0
2015-02-20 00:00:00,0.0,0.0,0.0,0.0,0.0,0.0,0.0,0.0,0.0,0.0,0.0,0.0,0.0,0.0,0.0,0.0,0.0
2015-02-20 01:00:00,0.0,0.0,0.0,0.0,0.0,0.0,0.0,0.0,0.0,0.0,0.0,0.0,0.0,0.0,0.0,0.0,0.0
2015-02-20 02:00:00,0.0,0.0,0.0,0.0,0.0,0.0,0.0,0.0,0.0,0.0,0.0,0.0,0.0,0.0,0.0,0.0,0.0
2015-02-20 03:00:00,0.0,0.0,0.0,0.0,0.0,0.0,0.0,0.0,0.0,0.0,0.0,0.0,0.0,0.0,0.0,0.0,0.0
2015-02-20 04:00:00,0.0,0.0,0.0,0.0,0.0,0.0,0.0,0.0,0.0,0.0,0.0,0.0,0.0,0.0,0.0,0.0,0.0
2015-02-20 05:00:00,0.0,0.0,0.0,0.0,0.0,0.0,0.0,0.0,0.0,0.0,0.0,0.0,0.0,0.0,0.0,0.0,0.0
2015-02-20 06:00:00,0.0,0.0,0.0,0.0,0.0,0.0,0.0,0.0,0.0,0.0,0.0,0.0,0.0,0.0,0.0,0.0,0.0
2015-02-20 07:00:00,0.01,0.008,0.009,0.011,0.005,0.013,0.019,0.016,0.011,0.012,0.02,0.007,0.016,0.013,0.017,0.008,0.004
2015-02-20 08:00:00,0.04,0.04,0.037,0.053,0.032,0.041,0.05,0.049,0.042,0.047,0.059,0.034,0.052,0.055,0.045,0.036,0.03
2015-02-20 09:00:00,0.062,0.065,0.06,0.079,0.055,0.058,0.069,0.062,0.064,0.077,0.072,0.059,0.069,0.073,0.059,0.059,0.052
2015-02-20 10:00:00,0.115,0.115,0.109,0.151,0.088,0.129,0.162,0.137,0.128,0.163,0.144,0.095,0.149,0.155,0.124,0.108,0.071
2015-02-20 11:00:00,0.246,0.251,0.249,0.241,0.218,0.271,0.303,0.27,0.267,0.278,0.274,0.221,0.29,0.278,0.262,0.246,0.198
2015-02-20 12:00:00,0.353,0.366,0.362,0.337,0.313,0.378,0.415,0.375,0.382,0.373,0.372,0.328,0.401,0.39,0.366,0.36,0.3
2015-02-20 13:00:00,0.4,0.432,0.416,0.385,0.364,0.431,0.47,0.43,0.438,0.436,0.42,0.399,0.436,0.445,0.422,0.39,0.332
2015-02-20 14:00:00,0.398,0.439,0.405,0.393,0.394,0.428,0.455,0.42,0.445,0.423,0.404,0.373,0.446,0.432,0.409,0.392,0.313
2015-02-20 15:00:00,0.321,0.371,0.274,0.298,0.348,0.349,0.378,0.328,0.371,0.328,0.302,0.277,0.372,0.345,0.312,0.325,0.28
2015-02-20 16:00:00,0.177,0.226,0.143,0.16,0.209,0.178,0.208,0.166,0.212,0.169,0.151,0.135,0.198,0.178,0.164,0.192,0.143
2015-02-20 17:00:00,0.0,0.0,0.0,0.0,0.0,0.0,0.0,0.0,0.0,0.0,0.0,0.0,0.0,0.0,0.0,0.0,0.0
2015-02-20 18:00:00,0.0,0.0,0.0,0.0,0.0,0.0,0.0,0.0,0.0,0.0,0.0,0.0,0.0,0.0,0.0,0.0,0.0
2015-02-20 19:00:00,0.0,0.0,0.0,0.0,0.0,0.0,0.0,0.0,0.0,0.0,0.0,0.0,0.0,0.0,0.0,0.0,0.0
2015-02-20 20:00:00,0.0,0.0,0.0,0.0,0.0,0.0,0.0,0.0,0.0,0.0,0.0,0.0,0.0,0.0,0.0,0.0,0.0
2015-02-20 21:00:00,0.0,0.0,0.0,0.0,0.0,0.0,0.0,0.0,0.0,0.0,0.0,0.0,0.0,0.0,0.0,0.0,0.0
2015-02-20 22:00:00,0.0,0.0,0.0,0.0,0.0,0.0,0.0,0.0,0.0,0.0,0.0,0.0,0.0,0.0,0.0,0.0,0.0
2015-02-20 23:00:00,0.0,0.0,0.0,0.0,0.0,0.0,0.0,0.0,0.0,0.0,0.0,0.0,0.0,0.0,0.0,0.0,0.0
2015-02-21 00:00:00,0.0,0.0,0.0,0.0,0.0,0.0,0.0,0.0,0.0,0.0,0.0,0.0,0.0,0.0,0.0,0.0,0.0
2015-02-21 01:00:00,0.0,0.0,0.0,0.0,0.0,0.0,0.0,0.0,0.0,0.0,0.0,0.0,0.0,0.0,0.0,0.0,0.0
2015-02-21 02:00:00,0.0,0.0,0.0,0.0,0.0,0.0,0.0,0.0,0.0,0.0,0.0,0.0,0.0,0.0,0.0,0.0,0.0
2015-02-21 03:00:00,0.0,0.0,0.0,0.0,0.0,0.0,0.0,0.0,0.0,0.0,0.0,0.0,0.0,0.0,0.0,0.0,0.0
2015-02-21 04:00:00,0.0,0.0,0.0,0.0,0.0,0.0,0.0,0.0,0.0,0.0,0.0,0.0,0.0,0.0,0.0,0.0,0.0
2015-02-21 05:00:00,0.0,0.0,0.0,0.0,0.0,0.0,0.0,0.0,0.0,0.0,0.0,0.0,0.0,0.0,0.0,0.0,0.0
2015-02-21 06:00:00,0.0,0.0,0.0,0.0,0.0,0.0,0.0,0.0,0.0,0.0,0.0,0.0,0.0,0.0,0.0,0.0,0.0
2015-02-21 07:00:00,0.016,0.013,0.013,0.036,0.006,0.024,0.029,0.024,0.02,0.038,0.024,0.008,0.028,0.032,0.017,0.013,0.004
2015-02-21 08:00:00,0.058,0.065,0.051,0.087,0.038,0.069,0.084,0.07,0.073,0.083,0.065,0.037,0.086,0.083,0.056,0.056,0.033
2015-02-21 09:00:00,0.091,0.1,0.1,0.119,0.057,0.113,0.117,0.107,0.114,0.125,0.098,0.061,0.125,0.129,0.09,0.096,0.049
2015-02-21 10:00:00,0.145,0.152,0.153,0.194,0.099,0.178,0.169,0.176,0.171,0.18,0.172,0.11,0.191,0.19,0.159,0.148,0.07
2015-02-21 11:00:00,0.231,0.248,0.234,0.261,0.223,0.241,0.193,0.243,0.252,0.206,0.241,0.214,0.228,0.227,0.237,0.232,0.205
2015-02-21 12:00:00,0.28,0.313,0.27,0.264,0.315,0.281,0.215,0.272,0.352,0.168,0.273,0.278,0.259,0.219,0.276,0.281,0.3
2015-02-21 13:00:00,0.302,0.376,0.263,0.212,0.388,0.29,0.337,0.269,0.411,0.139,0.256,0.287,0.314,0.18,0.275,0.31,0.345
2015-02-21 14:00:00,0.277,0.398,0.228,0.16,0.348,0.265,0.435,0.206,0.409,0.155,0.173,0.23,0.424,0.188,0.219,0.303,0.285
2015-02-21 15:00:00,0.199,0.329,0.188,0.091,0.219,0.229,0.366,0.115,0.305,0.227,0.066,0.134,0.312,0.291,0.103,0.247,0.139
2015-02-21 16:00:00,0.095,0.165,0.072,0.092,0.087,0.155,0.176,0.058,0.207,0.171,0.006,0.04,0.157,0.181,0.018,0.121,0.041
2015-02-21 17:00:00,0.0,0.0,0.0,0.0,0.0,0.0,0.0,0.0,0.0,0.0,0.0,0.0,0.0,0.0,0.0,0.0,0.0
2015-02-21 18:00:00,0.0,0.0,0.0,0.0,0.0,0.0,0.0,0.0,0.0,0.0,0.0,0.0,0.0,0.0,0.0,0.0,0.0
2015-02-21 19:00:00,0.0,0.0,0.0,0.0,0.0,0.0,0.0,0.0,0.0,0.0,0.0,0.0,0.0,0.0,0.0,0.0,0.0
2015-02-21 20:00:00,0.0,0.0,0.0,0.0,0.0,0.0,0.0,0.0,0.0,0.0,0.0,0.0,0.0,0.0,0.0,0.0,0.0
2015-02-21 21:00:00,0.0,0.0,0.0,0.0,0.0,0.0,0.0,0.0,0.0,0.0,0.0,0.0,0.0,0.0,0.0,0.0,0.0
2015-02-21 22:00:00,0.0,0.0,0.0,0.0,0.0,0.0,0.0,0.0,0.0,0.0,0.0,0.0,0.0,0.0,0.0,0.0,0.0
2015-02-21 23:00:00,0.0,0.0,0.0,0.0,0.0,0.0,0.0,0.0,0.0,0.0,0.0,0.0,0.0,0.0,0.0,0.0,0.0
2015-02-22 00:00:00,0.0,0.0,0.0,0.0,0.0,0.0,0.0,0.0,0.0,0.0,0.0,0.0,0.0,0.0,0.0,0.0,0.0
2015-02-22 01:00:00,0.0,0.0,0.0,0.0,0.0,0.0,0.0,0.0,0.0,0.0,0.0,0.0,0.0,0.0,0.0,0.0,0.0
2015-02-22 02:00:00,0.0,0.0,0.0,0.0,0.0,0.0,0.0,0.0,0.0,0.0,0.0,0.0,0.0,0.0,0.0,0.0,0.0
2015-02-22 03:00:00,0.0,0.0,0.0,0.0,0.0,0.0,0.0,0.0,0.0,0.0,0.0,0.0,0.0,0.0,0.0,0.0,0.0
2015-02-22 04:00:00,0.0,0.0,0.0,0.0,0.0,0.0,0.0,0.0,0.0,0.0,0.0,0.0,0.0,0.0,0.0,0.0,0.0
2015-02-22 05:00:00,0.0,0.0,0.0,0.0,0.0,0.0,0.0,0.0,0.0,0.0,0.0,0.0,0.0,0.0,0.0,0.0,0.0
2015-02-22 06:00:00,0.0,0.0,0.0,0.0,0.0,0.0,0.0,0.0,0.0,0.0,0.0,0.0,0.0,0.0,0.0,0.0,0.0
2015-02-22 07:00:00,0.014,0.009,0.012,0.032,0.005,0.019,0.021,0.022,0.018,0.029,0.027,0.009,0.019,0.022,0.021,0.01,0.003
2015-02-22 08:00:00,0.053,0.053,0.059,0.055,0.048,0.056,0.051,0.057,0.061,0.055,0.06,0.052,0.059,0.049,0.06,0.055,0.029
2015-02-22 09:00:00,0.092,0.087,0.1,0.065,0.085,0.088,0.075,0.092,0.113,0.066,0.091,0.097,0.094,0.064,0.115,0.103,0.082
2015-02-22 10:00:00,0.143,0.122,0.144,0.17,0.116,0.143,0.177,0.159,0.171,0.185,0.166,0.132,0.158,0.162,0.16,0.14,0.118
2015-02-22 11:00:00,0.197,0.162,0.181,0.301,0.138,0.186,0.305,0.246,0.206,0.306,0.267,0.173,0.236,0.283,0.224,0.165,0.159
2015-02-22 12:00:00,0.218,0.164,0.188,0.391,0.159,0.222,0.396,0.28,0.216,0.382,0.305,0.174,0.301,0.373,0.241,0.164,0.162
2015-02-22 13:00:00,0.198,0.135,0.148,0.426,0.129,0.196,0.376,0.235,0.21,0.37,0.262,0.159,0.325,0.41,0.197,0.148,0.142
2015-02-22 14:00:00,0.158,0.116,0.099,0.402,0.133,0.157,0.262,0.197,0.158,0.248,0.179,0.118,0.286,0.343,0.144,0.111,0.106
2015-02-22 15:00:00,0.095,0.085,0.06,0.242,0.123,0.082,0.147,0.1,0.113,0.136,0.081,0.062,0.147,0.154,0.055,0.075,0.067
2015-02-22 16:00:00,0.044,0.063,0.013,0.045,0.087,0.031,0.079,0.028,0.026,0.056,0.025,0.033,0.053,0.038,0.008,0.044,0.053
2015-02-22 17:00:00,0.0,0.0,0.0,0.0,0.0,0.0,0.0,0.0,0.0,0.0,0.0,0.0,0.0,0.0,0.0,0.0,0.0
2015-02-22 18:00:00,0.0,0.0,0.0,0.0,0.0,0.0,0.0,0.0,0.0,0.0,0.0,0.0,0.0,0.0,0.0,0.0,0.0
2015-02-22 19:00:00,0.0,0.0,0.0,0.0,0.0,0.0,0.0,0.0,0.0,0.0,0.0,0.0,0.0,0.0,0.0,0.0,0.0
2015-02-22 20:00:00,0.0,0.0,0.0,0.0,0.0,0.0,0.0,0.0,0.0,0.0,0.0,0.0,0.0,0.0,0.0,0.0,0.0
2015-02-22 21:00:00,0.0,0.0,0.0,0.0,0.0,0.0,0.0,0.0,0.0,0.0,0.0,0.0,0.0,0.0,0.0,0.0,0.0
2015-02-22 22:00:00,0.0,0.0,0.0,0.0,0.0,0.0,0.0,0.0,0.0,0.0,0.0,0.0,0.0,0.0,0.0,0.0,0.0
2015-02-22 23:00:00,0.0,0.0,0.0,0.0,0.0,0.0,0.0,0.0,0.0,0.0,0.0,0.0,0.0,0.0,0.0,0.0,0.0
2015-02-23 00:00:00,0.0,0.0,0.0,0.0,0.0,0.0,0.0,0.0,0.0,0.0,0.0,0.0,0.0,0.0,0.0,0.0,0.0
2015-02-23 01:00:00,0.0,0.0,0.0,0.0,0.0,0.0,0.0,0.0,0.0,0.0,0.0,0.0,0.0,0.0,0.0,0.0,0.0
2015-02-23 02:00:00,0.0,0.0,0.0,0.0,0.0,0.0,0.0,0.0,0.0,0.0,0.0,0.0,0.0,0.0,0.0,0.0,0.0
2015-02-23 03:00:00,0.0,0.0,0.0,0.0,0.0,0.0,0.0,0.0,0.0,0.0,0.0,0.0,0.0,0.0,0.0,0.0,0.0
2015-02-23 04:00:00,0.0,0.0,0.0,0.0,0.0,0.0,0.0,0.0,0.0,0.0,0.0,0.0,0.0,0.0,0.0,0.0,0.0
2015-02-23 05:00:00,0.0,0.0,0.0,0.0,0.0,0.0,0.0,0.0,0.0,0.0,0.0,0.0,0.0,0.0,0.0,0.0,0.0
2015-02-23 06:00:00,0.0,0.0,0.0,0.0,0.0,0.0,0.0,0.0,0.0,0.0,0.0,0.0,0.0,0.0,0.0,0.0,0.0
2015-02-23 07:00:00,0.014,0.011,0.012,0.025,0.007,0.02,0.022,0.021,0.014,0.03,0.023,0.008,0.017,0.022,0.02,0.012,0.006
2015-02-23 08:00:00,0.051,0.05,0.055,0.05,0.042,0.062,0.069,0.056,0.056,0.061,0.053,0.041,0.063,0.054,0.064,0.049,0.04
2015-02-23 09:00:00,0.086,0.093,0.085,0.07,0.075,0.1,0.097,0.084,0.092,0.08,0.077,0.077,0.092,0.087,0.105,0.086,0.095
2015-02-23 10:00:00,0.142,0.134,0.137,0.174,0.119,0.153,0.181,0.154,0.141,0.172,0.161,0.136,0.146,0.165,0.156,0.133,0.13
2015-02-23 11:00:00,0.234,0.248,0.223,0.283,0.231,0.248,0.275,0.263,0.197,0.246,0.276,0.205,0.239,0.262,0.225,0.236,0.176
2015-02-23 12:00:00,0.306,0.334,0.298,0.368,0.315,0.349,0.309,0.366,0.247,0.319,0.376,0.228,0.314,0.376,0.313,0.327,0.147
2015-02-23 13:00:00,0.332,0.35,0.319,0.401,0.332,0.402,0.312,0.416,0.255,0.219,0.426,0.241,0.362,0.39,0.391,0.359,0.15
2015-02-23 14:00:00,0.268,0.175,0.314,0.357,0.2,0.41,0.249,0.411,0.121,0.133,0.408,0.213,0.277,0.32,0.374,0.289,0.081
2015-02-23 15:00:00,0.167,0.111,0.26,0.229,0.084,0.271,0.205,0.305,0.042,0.087,0.305,0.124,0.102,0.099,0.299,0.158,0.036
2015-02-23 16:00:00,0.06,0.056,0.074,0.081,0.026,0.089,0.111,0.115,0.013,0.061,0.137,0.037,0.036,0.044,0.139,0.04,0.005
2015-02-23 17:00:00,0.0,0.0,0.0,0.0,0.0,0.0,0.0,0.0,0.0,0.0,0.0,0.0,0.0,0.0,0.0,0.0,0.0
2015-02-23 18:00:00,0.0,0.0,0.0,0.0,0.0,0.0,0.0,0.0,0.0,0.0,0.0,0.0,0.0,0.0,0.0,0.0,0.0
2015-02-23 19:00:00,0.0,0.0,0.0,0.0,0.0,0.0,0.0,0.0,0.0,0.0,0.0,0.0,0.0,0.0,0.0,0.0,0.0
2015-02-23 20:00:00,0.0,0.0,0.0,0.0,0.0,0.0,0.0,0.0,0.0,0.0,0.0,0.0,0.0,0.0,0.0,0.0,0.0
2015-02-23 21:00:00,0.0,0.0,0.0,0.0,0.0,0.0,0.0,0.0,0.0,0.0,0.0,0.0,0.0,0.0,0.0,0.0,0.0
2015-02-23 22:00:00,0.0,0.0,0.0,0.0,0.0,0.0,0.0,0.0,0.0,0.0,0.0,0.0,0.0,0.0,0.0,0.0,0.0
2015-02-23 23:00:00,0.0,0.0,0.0,0.0,0.0,0.0,0.0,0.0,0.0,0.0,0.0,0.0,0.0,0.0,0.0,0.0,0.0
2015-02-24 00:00:00,0.0,0.0,0.0,0.0,0.0,0.0,0.0,0.0,0.0,0.0,0.0,0.0,0.0,0.0,0.0,0.0,0.0
2015-02-24 01:00:00,0.0,0.0,0.0,0.0,0.0,0.0,0.0,0.0,0.0,0.0,0.0,0.0,0.0,0.0,0.0,0.0,0.0
2015-02-24 02:00:00,0.0,0.0,0.0,0.0,0.0,0.0,0.0,0.0,0.0,0.0,0.0,0.0,0.0,0.0,0.0,0.0,0.0
2015-02-24 03:00:00,0.0,0.0,0.0,0.0,0.0,0.0,0.0,0.0,0.0,0.0,0.0,0.0,0.0,0.0,0.0,0.0,0.0
2015-02-24 04:00:00,0.0,0.0,0.0,0.0,0.0,0.0,0.0,0.0,0.0,0.0,0.0,0.0,0.0,0.0,0.0,0.0,0.0
2015-02-24 05:00:00,0.0,0.0,0.0,0.0,0.0,0.0,0.0,0.0,0.0,0.0,0.0,0.0,0.0,0.0,0.0,0.0,0.0
2015-02-24 06:00:00,0.0,0.0,0.0,0.0,0.0,0.0,0.0,0.0,0.0,0.0,0.0,0.0,0.0,0.0,0.0,0.0,0.0
2015-02-24 07:00:00,0.014,0.015,0.012,0.022,0.008,0.019,0.025,0.02,0.021,0.017,0.012,0.006,0.023,0.024,0.014,0.014,0.006
2015-02-24 08:00:00,0.053,0.057,0.058,0.061,0.037,0.062,0.072,0.056,0.073,0.053,0.049,0.043,0.062,0.063,0.049,0.057,0.039
2015-02-24 09:00:00,0.084,0.09,0.09,0.097,0.066,0.1,0.11,0.078,0.118,0.079,0.087,0.082,0.103,0.093,0.086,0.085,0.064
2015-02-24 10:00:00,0.128,0.127,0.13,0.137,0.128,0.137,0.173,0.116,0.143,0.12,0.133,0.111,0.148,0.13,0.099,0.145,0.104
2015-02-24 11:00:00,0.172,0.177,0.184,0.13,0.197,0.146,0.168,0.136,0.187,0.131,0.159,0.172,0.172,0.126,0.128,0.187,0.213
2015-02-24 12:00:00,0.177,0.173,0.189,0.091,0.255,0.125,0.142,0.118,0.154,0.105,0.118,0.221,0.134,0.103,0.112,0.187,0.29
2015-02-24 13:00:00,0.181,0.188,0.184,0.085,0.293,0.11,0.162,0.119,0.129,0.098,0.11,0.243,0.102,0.084,0.111,0.173,0.336
2015-02-24 14:00:00,0.156,0.141,0.143,0.046,0.291,0.077,0.06,0.098,0.077,0.075,0.135,0.244,0.052,0.044,0.086,0.136,0.334
2015-02-24 15:00:00,0.122,0.08,0.1,0.034,0.253,0.038,0.035,0.07,0.051,0.051,0.151,0.195,0.03,0.03,0.051,0.098,0.296
2015-02-24 16:00:00,0.064,0.039,0.026,0.013,0.164,0.007,0.011,0.025,0.017,0.012,0.067,0.113,0.016,0.009,0.012,0.049,0.188
2015-02-24 17:00:00,0.0,0.0,0.0,0.0,0.0,0.0,0.0,0.0,0.0,0.0,0.0,0.0,0.0,0.0,0.0,0.0,0.0
2015-02-24 18:00:00,0.0,0.0,0.0,0.0,0.0,0.0,0.0,0.0,0.0,0.0,0.0,0.0,0.0,0.0,0.0,0.0,0.0
2015-02-24 19:00:00,0.0,0.0,0.0,0.0,0.0,0.0,0.0,0.0,0.0,0.0,0.0,0.0,0.0,0.0,0.0,0.0,0.0
2015-02-24 20:00:00,0.0,0.0,0.0,0.0,0.0,0.0,0.0,0.0,0.0,0.0,0.0,0.0,0.0,0.0,0.0,0.0,0.0
2015-02-24 21:00:00,0.0,0.0,0.0,0.0,0.0,0.0,0.0,0.0,0.0,0.0,0.0,0.0,0.0,0.0,0.0,0.0,0.0
2015-02-24 22:00:00,0.0,0.0,0.0,0.0,0.0,0.0,0.0,0.0,0.0,0.0,0.0,0.0,0.0,0.0,0.0,0.0,0.0
2015-02-24 23:00:00,0.0,0.0,0.0,0.0,0.0,0.0,0.0,0.0,0.0,0.0,0.0,0.0,0.0,0.0,0.0,0.0,0.0
2015-02-25 00:00:00,0.0,0.0,0.0,0.0,0.0,0.0,0.0,0.0,0.0,0.0,0.0,0.0,0.0,0.0,0.0,0.0,0.0
2015-02-25 01:00:00,0.0,0.0,0.0,0.0,0.0,0.0,0.0,0.0,0.0,0.0,0.0,0.0,0.0,0.0,0.0,0.0,0.0
2015-02-25 02:00:00,0.0,0.0,0.0,0.0,0.0,0.0,0.0,0.0,0.0,0.0,0.0,0.0,0.0,0.0,0.0,0.0,0.0
2015-02-25 03:00:00,0.0,0.0,0.0,0.0,0.0,0.0,0.0,0.0,0.0,0.0,0.0,0.0,0.0,0.0,0.0,0.0,0.0
2015-02-25 04:00:00,0.0,0.0,0.0,0.0,0.0,0.0,0.0,0.0,0.0,0.0,0.0,0.0,0.0,0.0,0.0,0.0,0.0
2015-02-25 05:00:00,0.0,0.0,0.0,0.0,0.0,0.0,0.0,0.0,0.0,0.0,0.0,0.0,0.0,0.0,0.0,0.0,0.0
2015-02-25 06:00:00,0.0,0.0,0.0,0.0,0.0,0.0,0.0,0.0,0.0,0.0,0.0,0.0,0.0,0.0,0.0,0.0,0.0
2015-02-25 07:00:00,0.014,0.017,0.019,0.017,0.013,0.012,0.005,0.015,0.007,0.011,0.006,0.014,0.005,0.008,0.021,0.019,0.008
2015-02-25 08:00:00,0.053,0.071,0.06,0.054,0.057,0.053,0.022,0.045,0.038,0.028,0.04,0.042,0.021,0.033,0.054,0.069,0.039
2015-02-25 09:00:00,0.088,0.118,0.115,0.071,0.093,0.1,0.04,0.081,0.083,0.036,0.067,0.072,0.044,0.055,0.076,0.116,0.06
2015-02-25 10:00:00,0.127,0.169,0.163,0.085,0.13,0.135,0.065,0.119,0.107,0.052,0.105,0.129,0.069,0.075,0.141,0.155,0.097
2015-02-25 11:00:00,0.202,0.244,0.246,0.099,0.243,0.176,0.092,0.15,0.124,0.08,0.13,0.236,0.077,0.107,0.217,0.245,0.227
2015-02-25 12:00:00,0.241,0.287,0.315,0.111,0.287,0.168,0.113,0.14,0.181,0.067,0.115,0.303,0.09,0.114,0.249,0.311,0.282
2015-02-25 13:00:00,0.225,0.236,0.333,0.091,0.25,0.159,0.07,0.111,0.125,0.053,0.062,0.314,0.073,0.097,0.268,0.299,0.278
2015-02-25 14:00:00,0.166,0.172,0.296,0.059,0.215,0.092,0.05,0.085,0.072,0.039,0.039,0.236,0.052,0.059,0.197,0.203,0.218
2015-02-25 15:00:00,0.093,0.11,0.119,0.018,0.204,0.034,0.021,0.028,0.027,0.01,0.015,0.133,0.021,0.016,0.093,0.089,0.172
2015-02-25 16:00:00,0.038,0.043,0.041,0.001,0.08,0.005,0.003,0.006,0.009,0.0,0.004,0.055,0.003,0.001,0.04,0.036,0.099
2015-02-25 17:00:00,0.0,0.0,0.0,0.0,0.0,0.0,0.0,0.0,0.0,0.0,0.0,0.0,0.0,0.0,0.0,0.0,0.0
2015-02-25 18:00:00,0.0,0.0,0.0,0.0,0.0,0.0,0.0,0.0,0.0,0.0,0.0,0.0,0.0,0.0,0.0,0.0,0.0
2015-02-25 19:00:00,0.0,0.0,0.0,0.0,0.0,0.0,0.0,0.0,0.0,0.0,0.0,0.0,0.0,0.0,0.0,0.0,0.0
2015-02-25 20:00:00,0.0,0.0,0.0,0.0,0.0,0.0,0.0,0.0,0.0,0.0,0.0,0.0,0.0,0.0,0.0,0.0,0.0
2015-02-25 21:00:00,0.0,0.0,0.0,0.0,0.0,0.0,0.0,0.0,0.0,0.0,0.0,0.0,0.0,0.0,0.0,0.0,0.0
2015-02-25 22:00:00,0.0,0.0,0.0,0.0,0.0,0.0,0.0,0.0,0.0,0.0,0.0,0.0,0.0,0.0,0.0,0.0,0.0
2015-02-25 23:00:00,0.0,0.0,0.0,0.0,0.0,0.0,0.0,0.0,0.0,0.0,0.0,0.0,0.0,0.0,0.0,0.0,0.0
2015-02-26 00:00:00,0.0,0.0,0.0,0.0,0.0,0.0,0.0,0.0,0.0,0.0,0.0,0.0,0.0,0.0,0.0,0.0,0.0
2015-02-26 01:00:00,0.0,0.0,0.0,0.0,0.0,0.0,0.0,0.0,0.0,0.0,0.0,0.0,0.0,0.0,0.0,0.0,0.0
2015-02-26 02:00:00,0.0,0.0,0.0,0.0,0.0,0.0,0.0,0.0,0.0,0.0,0.0,0.0,0.0,0.0,0.0,0.0,0.0
2015-02-26 03:00:00,0.0,0.0,0.0,0.0,0.0,0.0,0.0,0.0,0.0,0.0,0.0,0.0,0.0,0.0,0.0,0.0,0.0
2015-02-26 04:00:00,0.0,0.0,0.0,0.0,0.0,0.0,0.0,0.0,0.0,0.0,0.0,0.0,0.0,0.0,0.0,0.0,0.0
2015-02-26 05:00:00,0.0,0.0,0.0,0.0,0.0,0.0,0.0,0.0,0.0,0.0,0.0,0.0,0.0,0.0,0.0,0.0,0.0
2015-02-26 06:00:00,0.0,0.0,0.0,0.0,0.0,0.0,0.0,0.0,0.0,0.0,0.0,0.0,0.0,0.0,0.0,0.0,0.0
2015-02-26 07:00:00,0.014,0.015,0.015,0.015,0.01,0.013,0.01,0.008,0.014,0.012,0.023,0.014,0.009,0.013,0.021,0.016,0.011
2015-02-26 08:00:00,0.045,0.051,0.047,0.051,0.042,0.031,0.034,0.032,0.043,0.028,0.056,0.051,0.034,0.044,0.052,0.043,0.051
2015-02-26 09:00:00,0.075,0.076,0.072,0.08,0.06,0.054,0.087,0.075,0.075,0.056,0.082,0.088,0.063,0.087,0.088,0.068,0.091
2015-02-26 10:00:00,0.113,0.136,0.118,0.105,0.105,0.073,0.128,0.098,0.111,0.07,0.109,0.131,0.088,0.091,0.132,0.114,0.131
2015-02-26 11:00:00,0.187,0.254,0.189,0.138,0.246,0.09,0.146,0.138,0.175,0.078,0.114,0.187,0.098,0.105,0.189,0.217,0.218
2015-02-26 12:00:00,0.218,0.234,0.222,0.127,0.351,0.12,0.144,0.141,0.122,0.08,0.097,0.241,0.102,0.128,0.205,0.254,0.303
2015-02-26 13:00:00,0.208,0.218,0.246,0.113,0.339,0.114,0.124,0.132,0.112,0.071,0.085,0.239,0.093,0.139,0.194,0.207,0.368
2015-02-26 14:00:00,0.166,0.135,0.146,0.06,0.296,0.079,0.097,0.114,0.07,0.034,0.074,0.228,0.059,0.094,0.187,0.137,0.381
2015-02-26 15:00:00,0.117,0.068,0.096,0.034,0.267,0.041,0.044,0.071,0.028,0.012,0.033,0.124,0.042,0.048,0.111,0.089,0.336
2015-02-26 16:00:00,0.06,0.019,0.023,0.005,0.141,0.011,0.018,0.036,0.006,0.002,0.003,0.069,0.009,0.019,0.072,0.044,0.213
2015-02-26 17:00:00,0.0,0.0,0.0,0.0,0.0,0.0,0.0,0.0,0.0,0.0,0.0,0.0,0.0,0.0,0.0,0.0,0.0
2015-02-26 18:00:00,0.0,0.0,0.0,0.0,0.0,0.0,0.0,0.0,0.0,0.0,0.0,0.0,0.0,0.0,0.0,0.0,0.0
2015-02-26 19:00:00,0.0,0.0,0.0,0.0,0.0,0.0,0.0,0.0,0.0,0.0,0.0,0.0,0.0,0.0,0.0,0.0,0.0
2015-02-26 20:00:00,0.0,0.0,0.0,0.0,0.0,0.0,0.0,0.0,0.0,0.0,0.0,0.0,0.0,0.0,0.0,0.0,0.0
2015-02-26 21:00:00,0.0,0.0,0.0,0.0,0.0,0.0,0.0,0.0,0.0,0.0,0.0,0.0,0.0,0.0,0.0,0.0,0.0
2015-02-26 22:00:00,0.0,0.0,0.0,0.0,0.0,0.0,0.0,0.0,0.0,0.0,0.0,0.0,0.0,0.0,0.0,0.0,0.0
2015-02-26 23:00:00,0.0,0.0,0.0,0.0,0.0,0.0,0.0,0.0,0.0,0.0,0.0,0.0,0.0,0.0,0.0,0.0,0.0
2015-02-27 00:00:00,0.0,0.0,0.0,0.0,0.0,0.0,0.0,0.0,0.0,0.0,0.0,0.0,0.0,0.0,0.0,0.0,0.0
2015-02-27 01:00:00,0.0,0.0,0.0,0.0,0.0,0.0,0.0,0.0,0.0,0.0,0.0,0.0,0.0,0.0,0.0,0.0,0.0
2015-02-27 02:00:00,0.0,0.0,0.0,0.0,0.0,0.0,0.0,0.0,0.0,0.0,0.0,0.0,0.0,0.0,0.0,0.0,0.0
2015-02-27 03:00:00,0.0,0.0,0.0,0.0,0.0,0.0,0.0,0.0,0.0,0.0,0.0,0.0,0.0,0.0,0.0,0.0,0.0
2015-02-27 04:00:00,0.0,0.0,0.0,0.0,0.0,0.0,0.0,0.0,0.0,0.0,0.0,0.0,0.0,0.0,0.0,0.0,0.0
2015-02-27 05:00:00,0.0,0.0,0.0,0.0,0.0,0.0,0.0,0.0,0.0,0.0,0.0,0.0,0.0,0.0,0.0,0.0,0.0
2015-02-27 06:00:00,0.0,0.0,0.0,0.0,0.0,0.0,0.0,0.0,0.0,0.0,0.0,0.0,0.0,0.0,0.0,0.0,0.0
2015-02-27 07:00:00,0.011,0.013,0.006,0.016,0.012,0.014,0.013,0.014,0.012,0.006,0.016,0.012,0.019,0.011,0.01,0.01,0.009
2015-02-27 08:00:00,0.044,0.052,0.031,0.047,0.048,0.047,0.046,0.043,0.042,0.015,0.052,0.042,0.051,0.034,0.039,0.045,0.044
2015-02-27 09:00:00,0.075,0.069,0.068,0.085,0.078,0.084,0.078,0.084,0.044,0.042,0.103,0.076,0.078,0.066,0.075,0.072,0.078
2015-02-27 10:00:00,0.102,0.087,0.094,0.097,0.118,0.099,0.133,0.093,0.076,0.05,0.124,0.105,0.105,0.082,0.105,0.104,0.116
2015-02-27 11:00:00,0.129,0.099,0.132,0.105,0.184,0.11,0.171,0.116,0.092,0.079,0.136,0.165,0.125,0.093,0.128,0.105,0.184
2015-02-27 12:00:00,0.127,0.097,0.11,0.104,0.171,0.09,0.172,0.114,0.151,0.135,0.117,0.159,0.145,0.097,0.127,0.089,0.211
2015-02-27 13:00:00,0.111,0.12,0.117,0.066,0.119,0.109,0.132,0.08,0.162,0.141,0.114,0.135,0.126,0.103,0.095,0.089,0.161
2015-02-27 14:00:00,0.084,0.095,0.071,0.048,0.084,0.079,0.083,0.063,0.149,0.115,0.064,0.133,0.107,0.068,0.066,0.074,0.113
2015-02-27 15:00:00,0.046,0.074,0.023,0.021,0.039,0.034,0.057,0.03,0.051,0.073,0.026,0.06,0.046,0.02,0.032,0.05,0.07
2015-02-27 16:00:00,0.019,0.067,0.008,0.003,0.025,0.01,0.022,0.006,0.05,0.031,0.002,0.025,0.019,0.005,0.007,0.013,0.031
2015-02-27 17:00:00,0.0,0.0,0.0,0.0,0.0,0.0,0.0,0.0,0.0,0.0,0.0,0.0,0.0,0.0,0.0,0.0,0.0
2015-02-27 18:00:00,0.0,0.0,0.0,0.0,0.0,0.0,0.0,0.0,0.0,0.0,0.0,0.0,0.0,0.0,0.0,0.0,0.0
2015-02-27 19:00:00,0.0,0.0,0.0,0.0,0.0,0.0,0.0,0.0,0.0,0.0,0.0,0.0,0.0,0.0,0.0,0.0,0.0
2015-02-27 20:00:00,0.0,0.0,0.0,0.0,0.0,0.0,0.0,0.0,0.0,0.0,0.0,0.0,0.0,0.0,0.0,0.0,0.0
2015-02-27 21:00:00,0.0,0.0,0.0,0.0,0.0,0.0,0.0,0.0,0.0,0.0,0.0,0.0,0.0,0.0,0.0,0.0,0.0
2015-02-27 22:00:00,0.0,0.0,0.0,0.0,0.0,0.0,0.0,0.0,0.0,0.0,0.0,0.0,0.0,0.0,0.0,0.0,0.0
2015-02-27 23:00:00,0.0,0.0,0.0,0.0,0.0,0.0,0.0,0.0,0.0,0.0,0.0,0.0,0.0,0.0,0.0,0.0,0.0
2015-02-28 00:00:00,0.0,0.0,0.0,0.0,0.0,0.0,0.0,0.0,0.0,0.0,0.0,0.0,0.0,0.0,0.0,0.0,0.0
2015-02-28 01:00:00,0.0,0.0,0.0,0.0,0.0,0.0,0.0,0.0,0.0,0.0,0.0,0.0,0.0,0.0,0.0,0.0,0.0
2015-02-28 02:00:00,0.0,0.0,0.0,0.0,0.0,0.0,0.0,0.0,0.0,0.0,0.0,0.0,0.0,0.0,0.0,0.0,0.0
2015-02-28 03:00:00,0.0,0.0,0.0,0.0,0.0,0.0,0.0,0.0,0.0,0.0,0.0,0.0,0.0,0.0,0.0,0.0,0.0
2015-02-28 04:00:00,0.0,0.0,0.0,0.0,0.0,0.0,0.0,0.0,0.0,0.0,0.0,0.0,0.0,0.0,0.0,0.0,0.0
2015-02-28 05:00:00,0.0,0.0,0.0,0.0,0.0,0.0,0.0,0.0,0.0,0.0,0.0,0.0,0.0,0.0,0.0,0.0,0.0
2015-02-28 06:00:00,0.0,0.0,0.0,0.0,0.0,0.0,0.0,0.0,0.0,0.001,0.0,0.0,0.0,0.0,0.0,0.0,0.0
2015-02-28 07:00:00,0.015,0.012,0.015,0.018,0.005,0.018,0.009,0.024,0.012,0.02,0.03,0.011,0.01,0.019,0.021,0.014,0.006
2015-02-28 08:00:00,0.049,0.048,0.052,0.061,0.032,0.051,0.035,0.068,0.048,0.058,0.078,0.042,0.039,0.05,0.056,0.05,0.034
2015-02-28 09:00:00,0.078,0.081,0.087,0.097,0.039,0.085,0.064,0.089,0.076,0.104,0.114,0.075,0.082,0.108,0.09,0.078,0.052
2015-02-28 10:00:00,0.125,0.129,0.139,0.133,0.089,0.128,0.132,0.127,0.135,0.168,0.154,0.113,0.14,0.138,0.126,0.133,0.097
2015-02-28 11:00:00,0.166,0.187,0.21,0.166,0.155,0.225,0.16,0.169,0.225,0.201,0.131,0.133,0.195,0.196,0.14,0.172,0.116
2015-02-28 12:00:00,0.188,0.222,0.218,0.18,0.227,0.275,0.184,0.186,0.285,0.192,0.114,0.198,0.224,0.221,0.121,0.179,0.134
2015-02-28 13:00:00,0.199,0.225,0.251,0.221,0.231,0.325,0.154,0.194,0.298,0.198,0.092,0.262,0.255,0.254,0.13,0.18,0.116
2015-02-28 14:00:00,0.176,0.236,0.245,0.177,0.24,0.248,0.117,0.184,0.274,0.168,0.071,0.236,0.227,0.207,0.13,0.134,0.11
2015-02-28 15:00:00,0.12,0.127,0.2,0.137,0.132,0.169,0.069,0.121,0.234,0.079,0.035,0.159,0.197,0.12,0.09,0.103,0.076
2015-02-28 16:00:00,0.066,0.117,0.05,0.093,0.064,0.1,0.026,0.079,0.122,0.048,0.029,0.067,0.105,0.079,0.065,0.041,0.068
2015-02-28 17:00:00,0.0,0.0,0.0,0.0,0.0,0.0,0.0,0.0,0.0,0.0,0.0,0.0,0.0,0.0,0.0,0.0,0.0
2015-02-28 18:00:00,0.0,0.0,0.0,0.0,0.0,0.0,0.0,0.0,0.0,0.0,0.0,0.0,0.0,0.0,0.0,0.0,0.0
2015-02-28 19:00:00,0.0,0.0,0.0,0.0,0.0,0.0,0.0,0.0,0.0,0.0,0.0,0.0,0.0,0.0,0.0,0.0,0.0
2015-02-28 20:00:00,0.0,0.0,0.0,0.0,0.0,0.0,0.0,0.0,0.0,0.0,0.0,0.0,0.0,0.0,0.0,0.0,0.0
2015-02-28 21:00:00,0.0,0.0,0.0,0.0,0.0,0.0,0.0,0.0,0.0,0.0,0.0,0.0,0.0,0.0,0.0,0.0,0.0
2015-02-28 22:00:00,0.0,0.0,0.0,0.0,0.0,0.0,0.0,0.0,0.0,0.0,0.0,0.0,0.0,0.0,0.0,0.0,0.0
2015-02-28 23:00:00,0.0,0.0,0.0,0.0,0.0,0.0,0.0,0.0,0.0,0.0,0.0,0.0,0.0,0.0,0.0,0.0,0.0
2015-03-01 00:00:00,0.0,0.0,0.0,0.0,0.0,0.0,0.0,0.0,0.0,0.0,0.0,0.0,0.0,0.0,0.0,0.0,0.0
2015-03-01 01:00:00,0.0,0.0,0.0,0.0,0.0,0.0,0.0,0.0,0.0,0.0,0.0,0.0,0.0,0.0,0.0,0.0,0.0
2015-03-01 02:00:00,0.0,0.0,0.0,0.0,0.0,0.0,0.0,0.0,0.0,0.0,0.0,0.0,0.0,0.0,0.0,0.0,0.0
2015-03-01 03:00:00,0.0,0.0,0.0,0.0,0.0,0.0,0.0,0.0,0.0,0.0,0.0,0.0,0.0,0.0,0.0,0.0,0.0
2015-03-01 04:00:00,0.0,0.0,0.0,0.0,0.0,0.0,0.0,0.0,0.0,0.0,0.0,0.0,0.0,0.0,0.0,0.0,0.0
2015-03-01 05:00:00,0.0,0.0,0.0,0.0,0.0,0.0,0.0,0.0,0.0,0.0,0.0,0.0,0.0,0.0,0.0,0.0,0.0
2015-03-01 06:00:00,0.0,0.0,0.0,0.001,0.0,0.0,0.0,0.0,0.0,0.0,0.0,0.0,0.0,0.0,0.0,0.0,0.0
2015-03-01 07:00:00,0.022,0.021,0.018,0.027,0.023,0.025,0.025,0.029,0.023,0.035,0.026,0.017,0.019,0.029,0.022,0.02,0.019
2015-03-01 08:00:00,0.063,0.061,0.048,0.074,0.076,0.068,0.064,0.079,0.05,0.089,0.066,0.047,0.054,0.083,0.059,0.053,0.071
2015-03-01 09:00:00,0.097,0.112,0.069,0.11,0.121,0.082,0.12,0.111,0.075,0.129,0.105,0.078,0.081,0.127,0.087,0.082,0.114
2015-03-01 10:00:00,0.165,0.18,0.146,0.172,0.17,0.156,0.195,0.173,0.168,0.195,0.161,0.146,0.168,0.188,0.161,0.162,0.162
2015-03-01 11:00:00,0.248,0.27,0.273,0.245,0.206,0.225,0.275,0.246,0.284,0.216,0.217,0.256,0.264,0.251,0.289,0.27,0.191
2015-03-01 12:00:00,0.276,0.278,0.337,0.284,0.161,0.243,0.268,0.265,0.322,0.261,0.247,0.321,0.274,0.351,0.378,0.318,0.15
2015-03-01 13:00:00,0.219,0.187,0.213,0.305,0.09,0.208,0.303,0.234,0.319,0.229,0.242,0.253,0.254,0.298,0.363,0.228,0.088
2015-03-01 14:00:00,0.16,0.096,0.134,0.28,0.045,0.246,0.259,0.285,0.232,0.249,0.249,0.152,0.173,0.324,0.239,0.123,0.043
2015-03-01 15:00:00,0.105,0.039,0.1,0.212,0.028,0.186,0.243,0.222,0.096,0.238,0.191,0.076,0.161,0.239,0.139,0.057,0.022
2015-03-01 16:00:00,0.046,0.019,0.022,0.123,0.019,0.044,0.074,0.107,0.023,0.15,0.105,0.022,0.039,0.116,0.092,0.012,0.014
2015-03-01 17:00:00,0.0,0.0,0.0,0.0,0.0,0.0,0.0,0.0,0.0,0.0,0.0,0.0,0.0,0.0,0.0,0.0,0.0
2015-03-01 18:00:00,0.0,0.0,0.0,0.0,0.0,0.0,0.0,0.0,0.0,0.0,0.0,0.0,0.0,0.0,0.0,0.0,0.0
2015-03-01 19:00:00,0.0,0.0,0.0,0.0,0.0,0.0,0.0,0.0,0.0,0.0,0.0,0.0,0.0,0.0,0.0,0.0,0.0
2015-03-01 20:00:00,0.0,0.0,0.0,0.0,0.0,0.0,0.0,0.0,0.0,0.0,0.0,0.0,0.0,0.0,0.0,0.0,0.0
2015-03-01 21:00:00,0.0,0.0,0.0,0.0,0.0,0.0,0.0,0.0,0.0,0.0,0.0,0.0,0.0,0.0,0.0,0.0,0.0
2015-03-01 22:00:00,0.0,0.0,0.0,0.0,0.0,0.0,0.0,0.0,0.0,0.0,0.0,0.0,0.0,0.0,0.0,0.0,0.0
2015-03-01 23:00:00,0.0,0.0,0.0,0.0,0.0,0.0,0.0,0.0,0.0,0.0,0.0,0.0,0.0,0.0,0.0,0.0,0.0
2015-03-02 00:00:00,0.0,0.0,0.0,0.0,0.0,0.0,0.0,0.0,0.0,0.0,0.0,0.0,0.0,0.0,0.0,0.0,0.0
2015-03-02 01:00:00,0.0,0.0,0.0,0.0,0.0,0.0,0.0,0.0,0.0,0.0,0.0,0.0,0.0,0.0,0.0,0.0,0.0
2015-03-02 02:00:00,0.0,0.0,0.0,0.0,0.0,0.0,0.0,0.0,0.0,0.0,0.0,0.0,0.0,0.0,0.0,0.0,0.0
2015-03-02 03:00:00,0.0,0.0,0.0,0.0,0.0,0.0,0.0,0.0,0.0,0.0,0.0,0.0,0.0,0.0,0.0,0.0,0.0
2015-03-02 04:00:00,0.0,0.0,0.0,0.0,0.0,0.0,0.0,0.0,0.0,0.0,0.0,0.0,0.0,0.0,0.0,0.0,0.0
2015-03-02 05:00:00,0.0,0.0,0.0,0.0,0.0,0.0,0.0,0.0,0.0,0.0,0.0,0.0,0.0,0.0,0.0,0.0,0.0
2015-03-02 06:00:00,0.0,0.0,0.0,0.002,0.0,0.0,0.0,0.0,0.0,0.002,0.0,0.0,0.0,0.001,0.0,0.0,0.0
2015-03-02 07:00:00,0.024,0.016,0.026,0.035,0.017,0.028,0.035,0.031,0.019,0.036,0.027,0.022,0.028,0.031,0.021,0.025,0.018
2015-03-02 08:00:00,0.059,0.037,0.058,0.058,0.03,0.069,0.092,0.064,0.062,0.082,0.071,0.062,0.065,0.074,0.056,0.068,0.049
2015-03-02 09:00:00,0.086,0.061,0.098,0.086,0.052,0.104,0.122,0.099,0.092,0.11,0.094,0.099,0.103,0.11,0.084,0.095,0.056
2015-03-02 10:00:00,0.137,0.122,0.165,0.193,0.126,0.162,0.176,0.164,0.101,0.205,0.137,0.156,0.113,0.146,0.125,0.126,0.087
2015-03-02 11:00:00,0.171,0.257,0.162,0.26,0.24,0.1,0.155,0.192,0.174,0.261,0.206,0.168,0.082,0.111,0.184,0.118,0.126
2015-03-02 12:00:00,0.203,0.353,0.063,0.219,0.344,0.059,0.19,0.135,0.324,0.161,0.198,0.13,0.174,0.062,0.191,0.2,0.232
2015-03-02 13:00:00,0.25,0.429,0.086,0.105,0.416,0.117,0.352,0.061,0.439,0.07,0.112,0.083,0.33,0.073,0.215,0.353,0.271
2015-03-02 14:00:00,0.263,0.45,0.27,0.034,0.41,0.231,0.338,0.034,0.397,0.094,0.08,0.083,0.382,0.158,0.113,0.396,0.26
2015-03-02 15:00:00,0.231,0.395,0.276,0.024,0.366,0.279,0.168,0.058,0.361,0.119,0.022,0.072,0.242,0.261,0.048,0.36,0.18
2015-03-02 16:00:00,0.134,0.229,0.133,0.04,0.209,0.185,0.065,0.069,0.194,0.122,0.0,0.097,0.123,0.147,0.012,0.195,0.094
2015-03-02 17:00:00,0.0,0.002,0.0,0.0,0.001,0.0,0.0,0.0,0.0,0.0,0.0,0.0,0.0,0.0,0.0,0.0,0.0
2015-03-02 18:00:00,0.0,0.0,0.0,0.0,0.0,0.0,0.0,0.0,0.0,0.0,0.0,0.0,0.0,0.0,0.0,0.0,0.0
2015-03-02 19:00:00,0.0,0.0,0.0,0.0,0.0,0.0,0.0,0.0,0.0,0.0,0.0,0.0,0.0,0.0,0.0,0.0,0.0
2015-03-02 20:00:00,0.0,0.0,0.0,0.0,0.0,0.0,0.0,0.0,0.0,0.0,0.0,0.0,0.0,0.0,0.0,0.0,0.0
2015-03-02 21:00:00,0.0,0.0,0.0,0.0,0.0,0.0,0.0,0.0,0.0,0.0,0.0,0.0,0.0,0.0,0.0,0.0,0.0
2015-03-02 22:00:00,0.0,0.0,0.0,0.0,0.0,0.0,0.0,0.0,0.0,0.0,0.0,0.0,0.0,0.0,0.0,0.0,0.0
2015-03-02 23:00:00,0.0,0.0,0.0,0.0,0.0,0.0,0.0,0.0,0.0,0.0,0.0,0.0,0.0,0.0,0.0,0.0,0.0
2015-03-03 00:00:00,0.0,0.0,0.0,0.0,0.0,0.0,0.0,0.0,0.0,0.0,0.0,0.0,0.0,0.0,0.0,0.0,0.0
2015-03-03 01:00:00,0.0,0.0,0.0,0.0,0.0,0.0,0.0,0.0,0.0,0.0,0.0,0.0,0.0,0.0,0.0,0.0,0.0
2015-03-03 02:00:00,0.0,0.0,0.0,0.0,0.0,0.0,0.0,0.0,0.0,0.0,0.0,0.0,0.0,0.0,0.0,0.0,0.0
2015-03-03 03:00:00,0.0,0.0,0.0,0.0,0.0,0.0,0.0,0.0,0.0,0.0,0.0,0.0,0.0,0.0,0.0,0.0,0.0
2015-03-03 04:00:00,0.0,0.0,0.0,0.0,0.0,0.0,0.0,0.0,0.0,0.0,0.0,0.0,0.0,0.0,0.0,0.0,0.0
2015-03-03 05:00:00,0.0,0.0,0.0,0.0,0.0,0.0,0.0,0.0,0.0,0.0,0.0,0.0,0.0,0.0,0.0,0.0,0.0
2015-03-03 06:00:00,0.001,0.0,0.0,0.004,0.0,0.0,0.001,0.001,0.0,0.004,0.002,0.0,0.0,0.002,0.0,0.0,0.0
2015-03-03 07:00:00,0.023,0.022,0.016,0.035,0.012,0.032,0.027,0.033,0.034,0.037,0.038,0.014,0.03,0.034,0.028,0.022,0.014
2015-03-03 08:00:00,0.061,0.062,0.073,0.059,0.043,0.09,0.067,0.065,0.084,0.066,0.071,0.045,0.102,0.08,0.058,0.062,0.04
2015-03-03 09:00:00,0.088,0.097,0.089,0.071,0.084,0.108,0.112,0.097,0.105,0.088,0.094,0.067,0.11,0.094,0.085,0.091,0.074
2015-03-03 10:00:00,0.151,0.149,0.149,0.209,0.127,0.172,0.201,0.161,0.173,0.197,0.158,0.115,0.2,0.189,0.149,0.142,0.121
2015-03-03 11:00:00,0.222,0.284,0.214,0.261,0.255,0.258,0.329,0.193,0.277,0.257,0.219,0.163,0.28,0.276,0.184,0.189,0.207
2015-03-03 12:00:00,0.299,0.409,0.256,0.319,0.374,0.249,0.379,0.26,0.398,0.34,0.184,0.207,0.274,0.334,0.202,0.311,0.313
2015-03-03 13:00:00,0.369,0.485,0.279,0.367,0.455,0.307,0.314,0.347,0.481,0.404,0.253,0.26,0.412,0.316,0.267,0.409,0.379
2015-03-03 14:00:00,0.369,0.5,0.316,0.393,0.472,0.297,0.325,0.28,0.457,0.373,0.241,0.253,0.442,0.328,0.262,0.418,0.354
2015-03-03 15:00:00,0.334,0.413,0.312,0.289,0.391,0.276,0.404,0.199,0.434,0.23,0.274,0.254,0.4,0.297,0.242,0.397,0.347
2015-03-03 16:00:00,0.199,0.276,0.173,0.122,0.259,0.182,0.224,0.108,0.276,0.129,0.129,0.178,0.24,0.181,0.127,0.234,0.213
2015-03-03 17:00:00,0.004,0.014,0.0,0.0,0.031,0.0,0.0,0.0,0.0,0.0,0.0,0.0,0.0,0.0,0.0,0.0,0.001
2015-03-03 18:00:00,0.0,0.0,0.0,0.0,0.0,0.0,0.0,0.0,0.0,0.0,0.0,0.0,0.0,0.0,0.0,0.0,0.0
2015-03-03 19:00:00,0.0,0.0,0.0,0.0,0.0,0.0,0.0,0.0,0.0,0.0,0.0,0.0,0.0,0.0,0.0,0.0,0.0
2015-03-03 20:00:00,0.0,0.0,0.0,0.0,0.0,0.0,0.0,0.0,0.0,0.0,0.0,0.0,0.0,0.0,0.0,0.0,0.0
2015-03-03 21:00:00,0.0,0.0,0.0,0.0,0.0,0.0,0.0,0.0,0.0,0.0,0.0,0.0,0.0,0.0,0.0,0.0,0.0
2015-03-03 22:00:00,0.0,0.0,0.0,0.0,0.0,0.0,0.0,0.0,0.0,0.0,0.0,0.0,0.0,0.0,0.0,0.0,0.0
2015-03-03 23:00:00,0.0,0.0,0.0,0.0,0.0,0.0,0.0,0.0,0.0,0.0,0.0,0.0,0.0,0.0,0.0,0.0,0.0
2015-03-04 00:00:00,0.0,0.0,0.0,0.0,0.0,0.0,0.0,0.0,0.0,0.0,0.0,0.0,0.0,0.0,0.0,0.0,0.0
2015-03-04 01:00:00,0.0,0.0,0.0,0.0,0.0,0.0,0.0,0.0,0.0,0.0,0.0,0.0,0.0,0.0,0.0,0.0,0.0
2015-03-04 02:00:00,0.0,0.0,0.0,0.0,0.0,0.0,0.0,0.0,0.0,0.0,0.0,0.0,0.0,0.0,0.0,0.0,0.0
2015-03-04 03:00:00,0.0,0.0,0.0,0.0,0.0,0.0,0.0,0.0,0.0,0.0,0.0,0.0,0.0,0.0,0.0,0.0,0.0
2015-03-04 04:00:00,0.0,0.0,0.0,0.0,0.0,0.0,0.0,0.0,0.0,0.0,0.0,0.0,0.0,0.0,0.0,0.0,0.0
2015-03-04 05:00:00,0.0,0.0,0.0,0.0,0.0,0.0,0.0,0.0,0.0,0.0,0.0,0.0,0.0,0.0,0.0,0.0,0.0
2015-03-04 06:00:00,0.001,0.0,0.0,0.004,0.0,0.0,0.002,0.0,0.0,0.006,0.002,0.0,0.0,0.002,0.0,0.0,0.0
2015-03-04 07:00:00,0.023,0.022,0.024,0.031,0.018,0.031,0.037,0.023,0.022,0.052,0.03,0.02,0.012,0.024,0.018,0.023,0.012
2015-03-04 08:00:00,0.058,0.066,0.067,0.052,0.054,0.071,0.07,0.066,0.067,0.093,0.037,0.06,0.047,0.047,0.048,0.059,0.044
2015-03-04 09:00:00,0.089,0.078,0.126,0.078,0.091,0.095,0.101,0.108,0.084,0.121,0.068,0.084,0.095,0.071,0.088,0.086,0.082
2015-03-04 10:00:00,0.152,0.162,0.178,0.122,0.149,0.185,0.101,0.176,0.177,0.143,0.119,0.111,0.173,0.1,0.148,0.172,0.135
2015-03-04 11:00:00,0.232,0.279,0.226,0.121,0.254,0.307,0.156,0.299,0.278,0.126,0.228,0.159,0.283,0.168,0.209,0.257,0.216
2015-03-04 12:00:00,0.303,0.381,0.256,0.2,0.352,0.372,0.332,0.348,0.409,0.095,0.359,0.217,0.419,0.317,0.225,0.314,0.291
2015-03-04 13:00:00,0.316,0.441,0.23,0.311,0.394,0.323,0.408,0.284,0.428,0.154,0.343,0.241,0.43,0.419,0.218,0.314,0.287
2015-03-04 14:00:00,0.301,0.414,0.242,0.344,0.307,0.303,0.423,0.247,0.434,0.253,0.242,0.262,0.405,0.395,0.162,0.33,0.259
2015-03-04 15:00:00,0.257,0.352,0.26,0.277,0.266,0.281,0.337,0.199,0.412,0.296,0.182,0.261,0.38,0.32,0.146,0.257,0.203
2015-03-04 16:00:00,0.145,0.236,0.125,0.128,0.147,0.176,0.218,0.117,0.252,0.186,0.123,0.141,0.26,0.178,0.054,0.141,0.111
2015-03-04 17:00:00,0.01,0.021,0.0,0.0,0.062,0.0,0.0,0.0,0.0,0.0,0.0,0.0,0.0,0.0,0.0,0.0,0.024
2015-03-04 18:00:00,0.0,0.0,0.0,0.0,0.0,0.0,0.0,0.0,0.0,0.0,0.0,0.0,0.0,0.0,0.0,0.0,0.0
2015-03-04 19:00:00,0.0,0.0,0.0,0.0,0.0,0.0,0.0,0.0,0.0,0.0,0.0,0.0,0.0,0.0,0.0,0.0,0.0
2015-03-04 20:00:00,0.0,0.0,0.0,0.0,0.0,0.0,0.0,0.0,0.0,0.0,0.0,0.0,0.0,0.0,0.0,0.0,0.0
2015-03-04 21:00:00,0.0,0.0,0.0,0.0,0.0,0.0,0.0,0.0,0.0,0.0,0.0,0.0,0.0,0.0,0.0,0.0,0.0
2015-03-04 22:00:00,0.0,0.0,0.0,0.0,0.0,0.0,0.0,0.0,0.0,0.0,0.0,0.0,0.0,0.0,0.0,0.0,0.0
2015-03-04 23:00:00,0.0,0.0,0.0,0.0,0.0,0.0,0.0,0.0,0.0,0.0,0.0,0.0,0.0,0.0,0.0,0.0,0.0
2015-03-05 00:00:00,0.0,0.0,0.0,0.0,0.0,0.0,0.0,0.0,0.0,0.0,0.0,0.0,0.0,0.0,0.0,0.0,0.0
2015-03-05 01:00:00,0.0,0.0,0.0,0.0,0.0,0.0,0.0,0.0,0.0,0.0,0.0,0.0,0.0,0.0,0.0,0.0,0.0
2015-03-05 02:00:00,0.0,0.0,0.0,0.0,0.0,0.0,0.0,0.0,0.0,0.0,0.0,0.0,0.0,0.0,0.0,0.0,0.0
2015-03-05 03:00:00,0.0,0.0,0.0,0.0,0.0,0.0,0.0,0.0,0.0,0.0,0.0,0.0,0.0,0.0,0.0,0.0,0.0
2015-03-05 04:00:00,0.0,0.0,0.0,0.0,0.0,0.0,0.0,0.0,0.0,0.0,0.0,0.0,0.0,0.0,0.0,0.0,0.0
2015-03-05 05:00:00,0.0,0.0,0.0,0.0,0.0,0.0,0.0,0.0,0.0,0.0,0.0,0.0,0.0,0.0,0.0,0.0,0.0
2015-03-05 06:00:00,0.001,0.0,0.0,0.005,0.0,0.001,0.004,0.001,0.0,0.006,0.002,0.0,0.0,0.003,0.001,0.0,0.0
2015-03-05 07:00:00,0.023,0.02,0.016,0.043,0.011,0.028,0.039,0.033,0.026,0.041,0.038,0.021,0.034,0.039,0.031,0.015,0.014
2015-03-05 08:00:00,0.061,0.056,0.056,0.083,0.042,0.07,0.065,0.063,0.065,0.071,0.083,0.066,0.074,0.086,0.066,0.056,0.051
2015-03-05 09:00:00,0.098,0.096,0.089,0.122,0.066,0.104,0.104,0.11,0.089,0.101,0.138,0.102,0.101,0.112,0.112,0.097,0.082
2015-03-05 10:00:00,0.161,0.148,0.157,0.158,0.142,0.185,0.209,0.176,0.164,0.229,0.157,0.165,0.192,0.199,0.151,0.154,0.153
2015-03-05 11:00:00,0.241,0.219,0.241,0.24,0.235,0.27,0.328,0.264,0.237,0.306,0.177,0.26,0.274,0.288,0.214,0.236,0.234
2015-03-05 12:00:00,0.292,0.272,0.24,0.365,0.313,0.251,0.389,0.301,0.344,0.36,0.179,0.324,0.349,0.316,0.27,0.285,0.28
2015-03-05 13:00:00,0.328,0.302,0.34,0.423,0.33,0.285,0.441,0.341,0.319,0.418,0.263,0.361,0.361,0.398,0.346,0.309,0.267
2015-03-05 14:00:00,0.307,0.333,0.298,0.407,0.289,0.259,0.456,0.303,0.312,0.359,0.241,0.332,0.354,0.427,0.319,0.297,0.217
2015-03-05 15:00:00,0.248,0.262,0.231,0.277,0.217,0.214,0.361,0.219,0.253,0.308,0.243,0.229,0.321,0.329,0.218,0.267,0.207
2015-03-05 16:00:00,0.167,0.202,0.146,0.124,0.144,0.185,0.209,0.134,0.191,0.188,0.141,0.177,0.191,0.124,0.13,0.183,0.193
2015-03-05 17:00:00,0.013,0.039,0.0,0.0,0.068,0.0,0.0,0.0,0.0,0.0,0.0,0.0,0.0,0.0,0.0,0.001,0.04
2015-03-05 18:00:00,0.0,0.0,0.0,0.0,0.0,0.0,0.0,0.0,0.0,0.0,0.0,0.0,0.0,0.0,0.0,0.0,0.0
2015-03-05 19:00:00,0.0,0.0,0.0,0.0,0.0,0.0,0.0,0.0,0.0,0.0,0.0,0.0,0.0,0.0,0.0,0.0,0.0
2015-03-05 20:00:00,0.0,0.0,0.0,0.0,0.0,0.0,0.0,0.0,0.0,0.0,0.0,0.0,0.0,0.0,0.0,0.0,0.0
2015-03-05 21:00:00,0.0,0.0,0.0,0.0,0.0,0.0,0.0,0.0,0.0,0.0,0.0,0.0,0.0,0.0,0.0,0.0,0.0
2015-03-05 22:00:00,0.0,0.0,0.0,0.0,0.0,0.0,0.0,0.0,0.0,0.0,0.0,0.0,0.0,0.0,0.0,0.0,0.0
2015-03-05 23:00:00,0.0,0.0,0.0,0.0,0.0,0.0,0.0,0.0,0.0,0.0,0.0,0.0,0.0,0.0,0.0,0.0,0.0
2015-03-06 00:00:00,0.0,0.0,0.0,0.0,0.0,0.0,0.0,0.0,0.0,0.0,0.0,0.0,0.0,0.0,0.0,0.0,0.0
2015-03-06 01:00:00,0.0,0.0,0.0,0.0,0.0,0.0,0.0,0.0,0.0,0.0,0.0,0.0,0.0,0.0,0.0,0.0,0.0
2015-03-06 02:00:00,0.0,0.0,0.0,0.0,0.0,0.0,0.0,0.0,0.0,0.0,0.0,0.0,0.0,0.0,0.0,0.0,0.0
2015-03-06 03:00:00,0.0,0.0,0.0,0.0,0.0,0.0,0.0,0.0,0.0,0.0,0.0,0.0,0.0,0.0,0.0,0.0,0.0
2015-03-06 04:00:00,0.0,0.0,0.0,0.0,0.0,0.0,0.0,0.0,0.0,0.0,0.0,0.0,0.0,0.0,0.0,0.0,0.0
2015-03-06 05:00:00,0.0,0.0,0.0,0.0,0.0,0.0,0.0,0.0,0.0,0.0,0.0,0.0,0.0,0.0,0.0,0.0,0.0
2015-03-06 06:00:00,0.001,0.0,0.0,0.006,0.0,0.001,0.002,0.002,0.0,0.003,0.002,0.0,0.001,0.002,0.001,0.0,0.0
2015-03-06 07:00:00,0.029,0.024,0.03,0.04,0.018,0.038,0.04,0.035,0.031,0.042,0.035,0.028,0.033,0.041,0.031,0.028,0.015
2015-03-06 08:00:00,0.063,0.057,0.063,0.069,0.05,0.077,0.092,0.079,0.06,0.085,0.083,0.065,0.07,0.092,0.085,0.058,0.026
2015-03-06 09:00:00,0.095,0.093,0.095,0.115,0.057,0.126,0.131,0.123,0.092,0.117,0.115,0.101,0.108,0.119,0.132,0.084,0.051
2015-03-06 10:00:00,0.165,0.172,0.177,0.213,0.082,0.189,0.242,0.185,0.197,0.236,0.164,0.162,0.214,0.224,0.193,0.158,0.113
2015-03-06 11:00:00,0.229,0.216,0.261,0.298,0.114,0.279,0.339,0.258,0.281,0.306,0.2,0.187,0.324,0.32,0.233,0.249,0.146
2015-03-06 12:00:00,0.251,0.243,0.307,0.31,0.132,0.357,0.4,0.292,0.336,0.301,0.227,0.164,0.374,0.333,0.246,0.273,0.144
2015-03-06 13:00:00,0.243,0.24,0.311,0.276,0.124,0.392,0.449,0.296,0.369,0.228,0.244,0.103,0.393,0.328,0.214,0.277,0.119
2015-03-06 14:00:00,0.177,0.167,0.124,0.248,0.118,0.344,0.424,0.259,0.324,0.233,0.219,0.059,0.398,0.308,0.142,0.153,0.069
2015-03-06 15:00:00,0.117,0.094,0.099,0.17,0.088,0.243,0.367,0.143,0.225,0.178,0.105,0.044,0.29,0.235,0.092,0.092,0.047
2015-03-06 16:00:00,0.062,0.074,0.048,0.126,0.048,0.101,0.234,0.055,0.131,0.123,0.037,0.008,0.166,0.133,0.027,0.056,0.009
2015-03-06 17:00:00,0.007,0.03,0.0,0.0,0.043,0.0,0.0,0.0,0.0,0.0,0.0,0.0,0.0,0.0,0.0,0.003,0.0
2015-03-06 18:00:00,0.0,0.0,0.0,0.0,0.0,0.0,0.0,0.0,0.0,0.0,0.0,0.0,0.0,0.0,0.0,0.0,0.0
2015-03-06 19:00:00,0.0,0.0,0.0,0.0,0.0,0.0,0.0,0.0,0.0,0.0,0.0,0.0,0.0,0.0,0.0,0.0,0.0
2015-03-06 20:00:00,0.0,0.0,0.0,0.0,0.0,0.0,0.0,0.0,0.0,0.0,0.0,0.0,0.0,0.0,0.0,0.0,0.0
2015-03-06 21:00:00,0.0,0.0,0.0,0.0,0.0,0.0,0.0,0.0,0.0,0.0,0.0,0.0,0.0,0.0,0.0,0.0,0.0
2015-03-06 22:00:00,0.0,0.0,0.0,0.0,0.0,0.0,0.0,0.0,0.0,0.0,0.0,0.0,0.0,0.0,0.0,0.0,0.0
2015-03-06 23:00:00,0.0,0.0,0.0,0.0,0.0,0.0,0.0,0.0,0.0,0.0,0.0,0.0,0.0,0.0,0.0,0.0,0.0
2015-03-07 00:00:00,0.0,0.0,0.0,0.0,0.0,0.0,0.0,0.0,0.0,0.0,0.0,0.0,0.0,0.0,0.0,0.0,0.0
2015-03-07 01:00:00,0.0,0.0,0.0,0.0,0.0,0.0,0.0,0.0,0.0,0.0,0.0,0.0,0.0,0.0,0.0,0.0,0.0
2015-03-07 02:00:00,0.0,0.0,0.0,0.0,0.0,0.0,0.0,0.0,0.0,0.0,0.0,0.0,0.0,0.0,0.0,0.0,0.0
2015-03-07 03:00:00,0.0,0.0,0.0,0.0,0.0,0.0,0.0,0.0,0.0,0.0,0.0,0.0,0.0,0.0,0.0,0.0,0.0
2015-03-07 04:00:00,0.0,0.0,0.0,0.0,0.0,0.0,0.0,0.0,0.0,0.0,0.0,0.0,0.0,0.0,0.0,0.0,0.0
2015-03-07 05:00:00,0.0,0.0,0.0,0.0,0.0,0.0,0.0,0.0,0.0,0.0,0.0,0.0,0.0,0.0,0.0,0.0,0.0
2015-03-07 06:00:00,0.001,0.0,0.0,0.007,0.0,0.001,0.003,0.001,0.0,0.007,0.001,0.0,0.001,0.004,0.0,0.0,0.0
2015-03-07 07:00:00,0.021,0.025,0.007,0.048,0.022,0.025,0.037,0.018,0.033,0.042,0.017,0.009,0.037,0.048,0.016,0.012,0.021
2015-03-07 08:00:00,0.05,0.069,0.018,0.084,0.05,0.059,0.067,0.045,0.071,0.074,0.04,0.038,0.076,0.074,0.037,0.039,0.053
2015-03-07 09:00:00,0.083,0.101,0.048,0.123,0.066,0.099,0.083,0.09,0.113,0.098,0.09,0.083,0.089,0.082,0.068,0.071,0.101
2015-03-07 10:00:00,0.143,0.169,0.111,0.171,0.15,0.116,0.225,0.083,0.185,0.241,0.097,0.142,0.193,0.216,0.072,0.145,0.158
2015-03-07 11:00:00,0.232,0.288,0.213,0.217,0.28,0.119,0.361,0.098,0.257,0.378,0.139,0.244,0.244,0.277,0.128,0.255,0.259
2015-03-07 12:00:00,0.287,0.394,0.296,0.217,0.36,0.172,0.425,0.121,0.309,0.424,0.134,0.269,0.23,0.255,0.157,0.348,0.303
2015-03-07 13:00:00,0.282,0.425,0.288,0.154,0.373,0.176,0.401,0.098,0.323,0.389,0.091,0.244,0.235,0.195,0.144,0.371,0.281
2015-03-07 14:00:00,0.248,0.422,0.294,0.1,0.317,0.194,0.389,0.111,0.279,0.351,0.071,0.186,0.169,0.18,0.099,0.33,0.223
2015-03-07 15:00:00,0.174,0.346,0.196,0.071,0.233,0.107,0.291,0.053,0.234,0.232,0.029,0.093,0.117,0.103,0.051,0.265,0.106
2015-03-07 16:00:00,0.077,0.19,0.07,0.036,0.086,0.044,0.217,0.019,0.17,0.218,0.01,0.026,0.088,0.095,0.015,0.099,0.03
2015-03-07 17:00:00,0.004,0.037,0.0,0.0,0.006,0.0,0.0,0.0,0.007,0.0,0.0,0.0,0.0,0.0,0.0,0.002,0.001
2015-03-07 18:00:00,0.0,0.0,0.0,0.0,0.0,0.0,0.0,0.0,0.0,0.0,0.0,0.0,0.0,0.0,0.0,0.0,0.0
2015-03-07 19:00:00,0.0,0.0,0.0,0.0,0.0,0.0,0.0,0.0,0.0,0.0,0.0,0.0,0.0,0.0,0.0,0.0,0.0
2015-03-07 20:00:00,0.0,0.0,0.0,0.0,0.0,0.0,0.0,0.0,0.0,0.0,0.0,0.0,0.0,0.0,0.0,0.0,0.0
2015-03-07 21:00:00,0.0,0.0,0.0,0.0,0.0,0.0,0.0,0.0,0.0,0.0,0.0,0.0,0.0,0.0,0.0,0.0,0.0
2015-03-07 22:00:00,0.0,0.0,0.0,0.0,0.0,0.0,0.0,0.0,0.0,0.0,0.0,0.0,0.0,0.0,0.0,0.0,0.0
2015-03-07 23:00:00,0.0,0.0,0.0,0.0,0.0,0.0,0.0,0.0,0.0,0.0,0.0,0.0,0.0,0.0,0.0,0.0,0.0
2015-03-08 00:00:00,0.0,0.0,0.0,0.0,0.0,0.0,0.0,0.0,0.0,0.0,0.0,0.0,0.0,0.0,0.0,0.0,0.0
2015-03-08 01:00:00,0.0,0.0,0.0,0.0,0.0,0.0,0.0,0.0,0.0,0.0,0.0,0.0,0.0,0.0,0.0,0.0,0.0
2015-03-08 02:00:00,0.0,0.0,0.0,0.0,0.0,0.0,0.0,0.0,0.0,0.0,0.0,0.0,0.0,0.0,0.0,0.0,0.0
2015-03-08 03:00:00,0.0,0.0,0.0,0.0,0.0,0.0,0.0,0.0,0.0,0.0,0.0,0.0,0.0,0.0,0.0,0.0,0.0
2015-03-08 04:00:00,0.0,0.0,0.0,0.0,0.0,0.0,0.0,0.0,0.0,0.0,0.0,0.0,0.0,0.0,0.0,0.0,0.0
2015-03-08 05:00:00,0.0,0.0,0.0,0.0,0.0,0.0,0.0,0.0,0.0,0.0,0.0,0.0,0.0,0.0,0.0,0.0,0.0
2015-03-08 06:00:00,0.002,0.0,0.0,0.009,0.0,0.004,0.005,0.004,0.001,0.008,0.003,0.0,0.003,0.006,0.001,0.0,0.0
2015-03-08 07:00:00,0.032,0.034,0.028,0.052,0.026,0.035,0.049,0.041,0.04,0.044,0.035,0.028,0.048,0.045,0.032,0.028,0.022
2015-03-08 08:00:00,0.063,0.068,0.048,0.087,0.067,0.061,0.08,0.073,0.073,0.08,0.071,0.049,0.079,0.081,0.065,0.056,0.045
2015-03-08 09:00:00,0.086,0.098,0.072,0.106,0.086,0.094,0.087,0.092,0.09,0.113,0.103,0.07,0.085,0.092,0.073,0.089,0.059
2015-03-08 10:00:00,0.171,0.166,0.159,0.228,0.155,0.196,0.223,0.185,0.19,0.242,0.171,0.148,0.204,0.222,0.178,0.158,0.129
2015-03-08 11:00:00,0.292,0.295,0.291,0.344,0.277,0.313,0.361,0.282,0.322,0.357,0.237,0.28,0.335,0.352,0.307,0.276,0.27
2015-03-08 12:00:00,0.38,0.398,0.369,0.404,0.374,0.4,0.452,0.339,0.431,0.427,0.261,0.388,0.442,0.453,0.393,0.366,0.384
2015-03-08 13:00:00,0.423,0.445,0.417,0.431,0.407,0.435,0.485,0.363,0.485,0.456,0.268,0.448,0.499,0.504,0.416,0.419,0.454
2015-03-08 14:00:00,0.417,0.45,0.437,0.369,0.394,0.413,0.464,0.313,0.495,0.446,0.229,0.455,0.499,0.497,0.416,0.426,0.469
2015-03-08 15:00:00,0.347,0.397,0.364,0.276,0.326,0.318,0.38,0.199,0.424,0.363,0.138,0.394,0.42,0.416,0.304,0.381,0.421
2015-03-08 16:00:00,0.221,0.267,0.245,0.143,0.217,0.162,0.234,0.106,0.27,0.22,0.074,0.263,0.268,0.243,0.192,0.248,0.283
2015-03-08 17:00:00,0.048,0.149,0.0,0.0,0.097,0.0,0.0,0.0,0.051,0.0,0.0,0.0,0.0,0.0,0.0,0.067,0.125
2015-03-08 18:00:00,0.0,0.0,0.0,0.0,0.0,0.0,0.0,0.0,0.0,0.0,0.0,0.0,0.0,0.0,0.0,0.0,0.0
2015-03-08 19:00:00,0.0,0.0,0.0,0.0,0.0,0.0,0.0,0.0,0.0,0.0,0.0,0.0,0.0,0.0,0.0,0.0,0.0
2015-03-08 20:00:00,0.0,0.0,0.0,0.0,0.0,0.0,0.0,0.0,0.0,0.0,0.0,0.0,0.0,0.0,0.0,0.0,0.0
2015-03-08 21:00:00,0.0,0.0,0.0,0.0,0.0,0.0,0.0,0.0,0.0,0.0,0.0,0.0,0.0,0.0,0.0,0.0,0.0
2015-03-08 22:00:00,0.0,0.0,0.0,0.0,0.0,0.0,0.0,0.0,0.0,0.0,0.0,0.0,0.0,0.0,0.0,0.0,0.0
2015-03-08 23:00:00,0.0,0.0,0.0,0.0,0.0,0.0,0.0,0.0,0.0,0.0,0.0,0.0,0.0,0.0,0.0,0.0,0.0
2015-03-09 00:00:00,0.0,0.0,0.0,0.0,0.0,0.0,0.0,0.0,0.0,0.0,0.0,0.0,0.0,0.0,0.0,0.0,0.0
2015-03-09 01:00:00,0.0,0.0,0.0,0.0,0.0,0.0,0.0,0.0,0.0,0.0,0.0,0.0,0.0,0.0,0.0,0.0,0.0
2015-03-09 02:00:00,0.0,0.0,0.0,0.0,0.0,0.0,0.0,0.0,0.0,0.0,0.0,0.0,0.0,0.0,0.0,0.0,0.0
2015-03-09 03:00:00,0.0,0.0,0.0,0.0,0.0,0.0,0.0,0.0,0.0,0.0,0.0,0.0,0.0,0.0,0.0,0.0,0.0
2015-03-09 04:00:00,0.0,0.0,0.0,0.0,0.0,0.0,0.0,0.0,0.0,0.0,0.0,0.0,0.0,0.0,0.0,0.0,0.0
2015-03-09 05:00:00,0.0,0.0,0.0,0.0,0.0,0.0,0.0,0.0,0.0,0.0,0.0,0.0,0.0,0.0,0.0,0.0,0.0
2015-03-09 06:00:00,0.002,0.0,0.0,0.008,0.0,0.004,0.005,0.004,0.002,0.009,0.004,0.0,0.004,0.006,0.002,0.001,0.0
2015-03-09 07:00:00,0.029,0.037,0.025,0.041,0.02,0.034,0.04,0.035,0.034,0.041,0.033,0.013,0.037,0.037,0.033,0.026,0.02
2015-03-09 08:00:00,0.06,0.079,0.065,0.06,0.045,0.063,0.061,0.068,0.064,0.06,0.062,0.05,0.06,0.059,0.064,0.062,0.054
2015-03-09 09:00:00,0.083,0.09,0.086,0.088,0.068,0.091,0.075,0.09,0.082,0.086,0.081,0.079,0.073,0.073,0.091,0.082,0.088
2015-03-09 10:00:00,0.163,0.181,0.118,0.224,0.156,0.207,0.231,0.161,0.205,0.245,0.105,0.134,0.207,0.225,0.121,0.158,0.151
2015-03-09 11:00:00,0.253,0.302,0.13,0.358,0.281,0.312,0.378,0.249,0.316,0.385,0.191,0.189,0.327,0.363,0.125,0.248,0.238
2015-03-09 12:00:00,0.329,0.423,0.246,0.45,0.36,0.401,0.485,0.305,0.412,0.484,0.239,0.228,0.443,0.458,0.134,0.333,0.288
2015-03-09 13:00:00,0.365,0.488,0.372,0.499,0.341,0.41,0.541,0.311,0.462,0.532,0.21,0.284,0.502,0.505,0.161,0.361,0.356
2015-03-09 14:00:00,0.355,0.498,0.4,0.499,0.233,0.382,0.54,0.3,0.466,0.522,0.212,0.278,0.492,0.512,0.16,0.367,0.346
2015-03-09 15:00:00,0.298,0.431,0.299,0.416,0.186,0.284,0.47,0.242,0.406,0.439,0.109,0.205,0.417,0.436,0.129,0.318,0.361
2015-03-09 16:00:00,0.183,0.262,0.15,0.242,0.109,0.184,0.306,0.142,0.266,0.267,0.044,0.137,0.232,0.272,0.094,0.198,0.236
2015-03-09 17:00:00,0.042,0.125,0.002,0.0,0.05,0.0,0.0,0.0,0.107,0.0,0.0,0.021,0.005,0.0,0.0,0.055,0.129
2015-03-09 18:00:00,0.0,0.0,0.0,0.0,0.0,0.0,0.0,0.0,0.0,0.0,0.0,0.0,0.0,0.0,0.0,0.0,0.0
2015-03-09 19:00:00,0.0,0.0,0.0,0.0,0.0,0.0,0.0,0.0,0.0,0.0,0.0,0.0,0.0,0.0,0.0,0.0,0.0
2015-03-09 20:00:00,0.0,0.0,0.0,0.0,0.0,0.0,0.0,0.0,0.0,0.0,0.0,0.0,0.0,0.0,0.0,0.0,0.0
2015-03-09 21:00:00,0.0,0.0,0.0,0.0,0.0,0.0,0.0,0.0,0.0,0.0,0.0,0.0,0.0,0.0,0.0,0.0,0.0
2015-03-09 22:00:00,0.0,0.0,0.0,0.0,0.0,0.0,0.0,0.0,0.0,0.0,0.0,0.0,0.0,0.0,0.0,0.0,0.0
2015-03-09 23:00:00,0.0,0.0,0.0,0.0,0.0,0.0,0.0,0.0,0.0,0.0,0.0,0.0,0.0,0.0,0.0,0.0,0.0
2015-03-10 00:00:00,0.0,0.0,0.0,0.0,0.0,0.0,0.0,0.0,0.0,0.0,0.0,0.0,0.0,0.0,0.0,0.0,0.0
2015-03-10 01:00:00,0.0,0.0,0.0,0.0,0.0,0.0,0.0,0.0,0.0,0.0,0.0,0.0,0.0,0.0,0.0,0.0,0.0
2015-03-10 02:00:00,0.0,0.0,0.0,0.0,0.0,0.0,0.0,0.0,0.0,0.0,0.0,0.0,0.0,0.0,0.0,0.0,0.0
2015-03-10 03:00:00,0.0,0.0,0.0,0.0,0.0,0.0,0.0,0.0,0.0,0.0,0.0,0.0,0.0,0.0,0.0,0.0,0.0
2015-03-10 04:00:00,0.0,0.0,0.0,0.0,0.0,0.0,0.0,0.0,0.0,0.0,0.0,0.0,0.0,0.0,0.0,0.0,0.0
2015-03-10 05:00:00,0.0,0.0,0.0,0.0,0.0,0.0,0.0,0.0,0.0,0.0,0.0,0.0,0.0,0.0,0.0,0.0,0.0
2015-03-10 06:00:00,0.003,0.0,0.001,0.01,0.0,0.005,0.007,0.006,0.003,0.012,0.007,0.001,0.004,0.007,0.003,0.001,0.0
2015-03-10 07:00:00,0.035,0.033,0.034,0.047,0.029,0.036,0.055,0.042,0.035,0.068,0.042,0.03,0.043,0.044,0.035,0.032,0.025
2015-03-10 08:00:00,0.065,0.066,0.065,0.064,0.065,0.06,0.088,0.075,0.063,0.085,0.069,0.055,0.072,0.066,0.075,0.064,0.054
2015-03-10 09:00:00,0.086,0.08,0.091,0.088,0.077,0.072,0.111,0.089,0.079,0.112,0.101,0.079,0.1,0.087,0.114,0.08,0.079
2015-03-10 10:00:00,0.184,0.178,0.167,0.24,0.154,0.205,0.24,0.213,0.19,0.251,0.215,0.163,0.215,0.234,0.175,0.173,0.151
2015-03-10 11:00:00,0.31,0.326,0.28,0.371,0.299,0.344,0.373,0.331,0.342,0.388,0.329,0.28,0.349,0.363,0.238,0.313,0.257
2015-03-10 12:00:00,0.387,0.441,0.367,0.458,0.398,0.447,0.475,0.421,0.445,0.484,0.415,0.311,0.454,0.454,0.278,0.416,0.219
2015-03-10 13:00:00,0.4,0.51,0.326,0.508,0.404,0.494,0.533,0.459,0.515,0.534,0.463,0.198,0.514,0.515,0.272,0.458,0.129
2015-03-10 14:00:00,0.373,0.524,0.284,0.498,0.319,0.497,0.535,0.455,0.523,0.522,0.431,0.11,0.515,0.505,0.253,0.442,0.083
2015-03-10 15:00:00,0.296,0.459,0.22,0.416,0.168,0.428,0.459,0.386,0.464,0.441,0.379,0.064,0.438,0.426,0.186,0.352,0.056
2015-03-10 16:00:00,0.161,0.278,0.097,0.247,0.048,0.254,0.289,0.208,0.318,0.269,0.225,0.025,0.259,0.253,0.072,0.188,0.033
2015-03-10 17:00:00,0.023,0.086,0.003,0.0,0.004,0.004,0.0,0.0,0.167,0.0,0.0,0.009,0.016,0.0,0.0,0.04,0.018
2015-03-10 18:00:00,0.0,0.0,0.0,0.0,0.0,0.0,0.0,0.0,0.0,0.0,0.0,0.0,0.0,0.0,0.0,0.0,0.0
2015-03-10 19:00:00,0.0,0.0,0.0,0.0,0.0,0.0,0.0,0.0,0.0,0.0,0.0,0.0,0.0,0.0,0.0,0.0,0.0
2015-03-10 20:00:00,0.0,0.0,0.0,0.0,0.0,0.0,0.0,0.0,0.0,0.0,0.0,0.0,0.0,0.0,0.0,0.0,0.0
2015-03-10 21:00:00,0.0,0.0,0.0,0.0,0.0,0.0,0.0,0.0,0.0,0.0,0.0,0.0,0.0,0.0,0.0,0.0,0.0
2015-03-10 22:00:00,0.0,0.0,0.0,0.0,0.0,0.0,0.0,0.0,0.0,0.0,0.0,0.0,0.0,0.0,0.0,0.0,0.0
2015-03-10 23:00:00,0.0,0.0,0.0,0.0,0.0,0.0,0.0,0.0,0.0,0.0,0.0,0.0,0.0,0.0,0.0,0.0,0.0
2015-03-11 00:00:00,0.0,0.0,0.0,0.0,0.0,0.0,0.0,0.0,0.0,0.0,0.0,0.0,0.0,0.0,0.0,0.0,0.0
2015-03-11 01:00:00,0.0,0.0,0.0,0.0,0.0,0.0,0.0,0.0,0.0,0.0,0.0,0.0,0.0,0.0,0.0,0.0,0.0
2015-03-11 02:00:00,0.0,0.0,0.0,0.0,0.0,0.0,0.0,0.0,0.0,0.0,0.0,0.0,0.0,0.0,0.0,0.0,0.0
2015-03-11 03:00:00,0.0,0.0,0.0,0.0,0.0,0.0,0.0,0.0,0.0,0.0,0.0,0.0,0.0,0.0,0.0,0.0,0.0
2015-03-11 04:00:00,0.0,0.0,0.0,0.0,0.0,0.0,0.0,0.0,0.0,0.0,0.0,0.0,0.0,0.0,0.0,0.0,0.0
2015-03-11 05:00:00,0.0,0.0,0.0,0.0,0.0,0.0,0.0,0.0,0.0,0.0,0.0,0.0,0.0,0.0,0.0,0.0,0.0
2015-03-11 06:00:00,0.003,0.0,0.002,0.013,0.0,0.001,0.007,0.004,0.0,0.014,0.005,0.003,0.002,0.008,0.005,0.001,0.0
2015-03-11 07:00:00,0.037,0.028,0.047,0.061,0.033,0.026,0.053,0.03,0.017,0.06,0.03,0.04,0.025,0.056,0.046,0.036,0.023
2015-03-11 08:00:00,0.074,0.062,0.099,0.106,0.072,0.05,0.111,0.059,0.036,0.098,0.052,0.076,0.044,0.107,0.087,0.076,0.056
2015-03-11 09:00:00,0.106,0.106,0.135,0.122,0.106,0.07,0.137,0.107,0.085,0.121,0.085,0.092,0.073,0.125,0.12,0.117,0.077
2015-03-11 10:00:00,0.164,0.182,0.181,0.243,0.136,0.108,0.167,0.134,0.141,0.255,0.132,0.131,0.095,0.189,0.183,0.182,0.131
2015-03-11 11:00:00,0.21,0.254,0.192,0.35,0.175,0.121,0.184,0.174,0.184,0.378,0.189,0.164,0.106,0.228,0.23,0.216,0.199
2015-03-11 12:00:00,0.224,0.26,0.191,0.423,0.157,0.16,0.134,0.206,0.197,0.46,0.234,0.177,0.092,0.254,0.294,0.201,0.219
2015-03-11 13:00:00,0.236,0.256,0.188,0.462,0.192,0.184,0.085,0.247,0.185,0.486,0.278,0.188,0.098,0.248,0.32,0.197,0.225
2015-03-11 14:00:00,0.21,0.234,0.175,0.392,0.178,0.143,0.084,0.207,0.172,0.432,0.255,0.151,0.084,0.209,0.263,0.174,0.238
2015-03-11 15:00:00,0.171,0.196,0.088,0.276,0.182,0.124,0.056,0.123,0.147,0.27,0.181,0.13,0.075,0.105,0.243,0.157,0.218
2015-03-11 16:00:00,0.095,0.124,0.037,0.155,0.136,0.045,0.022,0.055,0.085,0.119,0.1,0.08,0.032,0.057,0.091,0.059,0.212
2015-03-11 17:00:00,0.028,0.049,0.017,0.0,0.06,0.003,0.0,0.0,0.023,0.0,0.0,0.034,0.004,0.0,0.0,0.023,0.102
2015-03-11 18:00:00,0.0,0.0,0.0,0.0,0.0,0.0,0.0,0.0,0.0,0.0,0.0,0.0,0.0,0.0,0.0,0.0,0.0
2015-03-11 19:00:00,0.0,0.0,0.0,0.0,0.0,0.0,0.0,0.0,0.0,0.0,0.0,0.0,0.0,0.0,0.0,0.0,0.0
2015-03-11 20:00:00,0.0,0.0,0.0,0.0,0.0,0.0,0.0,0.0,0.0,0.0,0.0,0.0,0.0,0.0,0.0,0.0,0.0
2015-03-11 21:00:00,0.0,0.0,0.0,0.0,0.0,0.0,0.0,0.0,0.0,0.0,0.0,0.0,0.0,0.0,0.0,0.0,0.0
2015-03-11 22:00:00,0.0,0.0,0.0,0.0,0.0,0.0,0.0,0.0,0.0,0.0,0.0,0.0,0.0,0.0,0.0,0.0,0.0
2015-03-11 23:00:00,0.0,0.0,0.0,0.0,0.0,0.0,0.0,0.0,0.0,0.0,0.0,0.0,0.0,0.0,0.0,0.0,0.0
2015-03-12 00:00:00,0.0,0.0,0.0,0.0,0.0,0.0,0.0,0.0,0.0,0.0,0.0,0.0,0.0,0.0,0.0,0.0,0.0
2015-03-12 01:00:00,0.0,0.0,0.0,0.0,0.0,0.0,0.0,0.0,0.0,0.0,0.0,0.0,0.0,0.0,0.0,0.0,0.0
2015-03-12 02:00:00,0.0,0.0,0.0,0.0,0.0,0.0,0.0,0.0,0.0,0.0,0.0,0.0,0.0,0.0,0.0,0.0,0.0
2015-03-12 03:00:00,0.0,0.0,0.0,0.0,0.0,0.0,0.0,0.0,0.0,0.0,0.0,0.0,0.0,0.0,0.0,0.0,0.0
2015-03-12 04:00:00,0.0,0.0,0.0,0.0,0.0,0.0,0.0,0.0,0.0,0.0,0.0,0.0,0.0,0.0,0.0,0.0,0.0
2015-03-12 05:00:00,0.0,0.0,0.0,0.0,0.0,0.0,0.0,0.0,0.0,0.0,0.0,0.0,0.0,0.0,0.0,0.0,0.0
2015-03-12 06:00:00,0.003,0.0,0.001,0.014,0.0,0.005,0.004,0.007,0.002,0.005,0.01,0.001,0.004,0.011,0.004,0.001,0.0
2015-03-12 07:00:00,0.034,0.028,0.03,0.061,0.028,0.046,0.038,0.046,0.04,0.047,0.043,0.023,0.05,0.06,0.029,0.027,0.024
2015-03-12 08:00:00,0.072,0.062,0.059,0.099,0.078,0.076,0.091,0.081,0.083,0.081,0.07,0.061,0.107,0.111,0.063,0.067,0.06
2015-03-12 09:00:00,0.109,0.106,0.089,0.145,0.118,0.102,0.143,0.112,0.116,0.138,0.107,0.1,0.141,0.167,0.092,0.101,0.092
2015-03-12 10:00:00,0.156,0.131,0.111,0.217,0.143,0.212,0.204,0.213,0.16,0.175,0.196,0.151,0.222,0.22,0.131,0.133,0.13
2015-03-12 11:00:00,0.168,0.131,0.099,0.222,0.155,0.241,0.232,0.255,0.178,0.158,0.257,0.178,0.24,0.254,0.14,0.129,0.156
2015-03-12 12:00:00,0.187,0.175,0.124,0.22,0.177,0.254,0.25,0.227,0.211,0.143,0.214,0.273,0.246,0.254,0.148,0.144,0.202
2015-03-12 13:00:00,0.143,0.123,0.116,0.141,0.106,0.17,0.188,0.162,0.153,0.087,0.178,0.233,0.184,0.168,0.121,0.121,0.178
2015-03-12 14:00:00,0.149,0.122,0.255,0.092,0.105,0.15,0.157,0.115,0.136,0.076,0.111,0.267,0.164,0.131,0.111,0.156,0.18
2015-03-12 15:00:00,0.113,0.079,0.177,0.056,0.045,0.103,0.096,0.069,0.069,0.046,0.052,0.241,0.074,0.078,0.069,0.149,0.17
2015-03-12 16:00:00,0.066,0.05,0.046,0.024,0.031,0.039,0.056,0.033,0.041,0.02,0.023,0.192,0.028,0.04,0.035,0.073,0.158
2015-03-12 17:00:00,0.024,0.027,0.03,0.0,0.015,0.011,0.001,0.0,0.033,0.0,0.0,0.041,0.014,0.0,0.0,0.034,0.07
2015-03-12 18:00:00,0.0,0.0,0.0,0.0,0.0,0.0,0.0,0.0,0.0,0.0,0.0,0.0,0.0,0.0,0.0,0.0,0.0
2015-03-12 19:00:00,0.0,0.0,0.0,0.0,0.0,0.0,0.0,0.0,0.0,0.0,0.0,0.0,0.0,0.0,0.0,0.0,0.0
2015-03-12 20:00:00,0.0,0.0,0.0,0.0,0.0,0.0,0.0,0.0,0.0,0.0,0.0,0.0,0.0,0.0,0.0,0.0,0.0
2015-03-12 21:00:00,0.0,0.0,0.0,0.0,0.0,0.0,0.0,0.0,0.0,0.0,0.0,0.0,0.0,0.0,0.0,0.0,0.0
2015-03-12 22:00:00,0.0,0.0,0.0,0.0,0.0,0.0,0.0,0.0,0.0,0.0,0.0,0.0,0.0,0.0,0.0,0.0,0.0
2015-03-12 23:00:00,0.0,0.0,0.0,0.0,0.0,0.0,0.0,0.0,0.0,0.0,0.0,0.0,0.0,0.0,0.0,0.0,0.0
2015-03-13 00:00:00,0.0,0.0,0.0,0.0,0.0,0.0,0.0,0.0,0.0,0.0,0.0,0.0,0.0,0.0,0.0,0.0,0.0
2015-03-13 01:00:00,0.0,0.0,0.0,0.0,0.0,0.0,0.0,0.0,0.0,0.0,0.0,0.0,0.0,0.0,0.0,0.0,0.0
2015-03-13 02:00:00,0.0,0.0,0.0,0.0,0.0,0.0,0.0,0.0,0.0,0.0,0.0,0.0,0.0,0.0,0.0,0.0,0.0
2015-03-13 03:00:00,0.0,0.0,0.0,0.0,0.0,0.0,0.0,0.0,0.0,0.0,0.0,0.0,0.0,0.0,0.0,0.0,0.0
2015-03-13 04:00:00,0.0,0.0,0.0,0.0,0.0,0.0,0.0,0.0,0.0,0.0,0.0,0.0,0.0,0.0,0.0,0.0,0.0
2015-03-13 05:00:00,0.0,0.0,0.0,0.0,0.0,0.0,0.0,0.0,0.0,0.0,0.0,0.0,0.0,0.0,0.0,0.0,0.0
2015-03-13 06:00:00,0.003,0.0,0.003,0.005,0.0,0.002,0.001,0.007,0.0,0.003,0.012,0.004,0.0,0.002,0.01,0.001,0.0
2015-03-13 07:00:00,0.029,0.019,0.037,0.027,0.022,0.023,0.017,0.05,0.015,0.014,0.059,0.036,0.017,0.023,0.058,0.022,0.024
2015-03-13 08:00:00,0.059,0.052,0.068,0.043,0.05,0.049,0.048,0.074,0.049,0.037,0.087,0.062,0.052,0.053,0.098,0.053,0.053
2015-03-13 09:00:00,0.09,0.083,0.113,0.069,0.101,0.096,0.079,0.099,0.083,0.066,0.115,0.084,0.072,0.061,0.12,0.081,0.087
2015-03-13 10:00:00,0.138,0.101,0.206,0.095,0.113,0.114,0.119,0.099,0.087,0.093,0.135,0.191,0.091,0.07,0.204,0.148,0.153
2015-03-13 11:00:00,0.159,0.109,0.195,0.093,0.142,0.093,0.125,0.102,0.102,0.1,0.149,0.285,0.1,0.086,0.217,0.149,0.263
2015-03-13 12:00:00,0.162,0.106,0.124,0.109,0.146,0.097,0.156,0.104,0.105,0.141,0.143,0.301,0.12,0.106,0.2,0.132,0.345
2015-03-13 13:00:00,0.137,0.092,0.123,0.088,0.114,0.079,0.127,0.1,0.093,0.117,0.113,0.261,0.092,0.105,0.149,0.094,0.344
2015-03-13 14:00:00,0.107,0.093,0.085,0.065,0.096,0.06,0.117,0.088,0.085,0.056,0.102,0.183,0.079,0.063,0.129,0.08,0.239
2015-03-13 15:00:00,0.068,0.062,0.067,0.028,0.065,0.049,0.08,0.042,0.048,0.033,0.059,0.121,0.066,0.04,0.087,0.057,0.129
2015-03-13 16:00:00,0.029,0.025,0.031,0.008,0.033,0.019,0.033,0.015,0.022,0.008,0.021,0.069,0.025,0.012,0.034,0.024,0.051
2015-03-13 17:00:00,0.003,0.002,0.002,0.0,0.005,0.001,0.006,0.0,0.001,0.0,0.0,0.012,0.001,0.0,0.0,0.003,0.008
2015-03-13 18:00:00,0.0,0.0,0.0,0.0,0.0,0.0,0.0,0.0,0.0,0.0,0.0,0.0,0.0,0.0,0.0,0.0,0.0
2015-03-13 19:00:00,0.0,0.0,0.0,0.0,0.0,0.0,0.0,0.0,0.0,0.0,0.0,0.0,0.0,0.0,0.0,0.0,0.0
2015-03-13 20:00:00,0.0,0.0,0.0,0.0,0.0,0.0,0.0,0.0,0.0,0.0,0.0,0.0,0.0,0.0,0.0,0.0,0.0
2015-03-13 21:00:00,0.0,0.0,0.0,0.0,0.0,0.0,0.0,0.0,0.0,0.0,0.0,0.0,0.0,0.0,0.0,0.0,0.0
2015-03-13 22:00:00,0.0,0.0,0.0,0.0,0.0,0.0,0.0,0.0,0.0,0.0,0.0,0.0,0.0,0.0,0.0,0.0,0.0
2015-03-13 23:00:00,0.0,0.0,0.0,0.0,0.0,0.0,0.0,0.0,0.0,0.0,0.0,0.0,0.0,0.0,0.0,0.0,0.0
2015-03-14 00:00:00,0.0,0.0,0.0,0.0,0.0,0.0,0.0,0.0,0.0,0.0,0.0,0.0,0.0,0.0,0.0,0.0,0.0
2015-03-14 01:00:00,0.0,0.0,0.0,0.0,0.0,0.0,0.0,0.0,0.0,0.0,0.0,0.0,0.0,0.0,0.0,0.0,0.0
2015-03-14 02:00:00,0.0,0.0,0.0,0.0,0.0,0.0,0.0,0.0,0.0,0.0,0.0,0.0,0.0,0.0,0.0,0.0,0.0
2015-03-14 03:00:00,0.0,0.0,0.0,0.0,0.0,0.0,0.0,0.0,0.0,0.0,0.0,0.0,0.0,0.0,0.0,0.0,0.0
2015-03-14 04:00:00,0.0,0.0,0.0,0.0,0.0,0.0,0.0,0.0,0.0,0.0,0.0,0.0,0.0,0.0,0.0,0.0,0.0
2015-03-14 05:00:00,0.0,0.0,0.0,0.0,0.0,0.0,0.0,0.0,0.0,0.0,0.0,0.0,0.0,0.0,0.0,0.0,0.0
2015-03-14 06:00:00,0.003,0.0,0.001,0.004,0.0,0.003,0.003,0.003,0.001,0.005,0.007,0.004,0.003,0.003,0.009,0.002,0.001
2015-03-14 07:00:00,0.033,0.025,0.03,0.024,0.026,0.027,0.033,0.033,0.027,0.039,0.044,0.044,0.029,0.022,0.057,0.031,0.032
2015-03-14 08:00:00,0.072,0.053,0.079,0.059,0.072,0.067,0.076,0.079,0.052,0.092,0.08,0.075,0.057,0.067,0.091,0.068,0.08
2015-03-14 09:00:00,0.108,0.087,0.12,0.097,0.105,0.116,0.135,0.113,0.106,0.137,0.094,0.085,0.12,0.111,0.114,0.108,0.119
2015-03-14 10:00:00,0.146,0.128,0.152,0.132,0.148,0.166,0.179,0.135,0.151,0.152,0.113,0.183,0.146,0.155,0.151,0.126,0.187
2015-03-14 11:00:00,0.167,0.15,0.147,0.144,0.148,0.164,0.2,0.148,0.154,0.162,0.125,0.282,0.165,0.175,0.159,0.153,0.221
2015-03-14 12:00:00,0.163,0.154,0.142,0.12,0.139,0.145,0.214,0.146,0.12,0.175,0.145,0.306,0.148,0.159,0.174,0.133,0.23
2015-03-14 13:00:00,0.148,0.129,0.187,0.1,0.111,0.13,0.19,0.144,0.098,0.155,0.111,0.299,0.114,0.137,0.162,0.12,0.202
2015-03-14 14:00:00,0.122,0.113,0.173,0.084,0.119,0.095,0.148,0.083,0.09,0.094,0.061,0.183,0.096,0.088,0.09,0.131,0.172
2015-03-14 15:00:00,0.089,0.062,0.16,0.05,0.09,0.065,0.086,0.052,0.057,0.056,0.034,0.137,0.081,0.056,0.056,0.109,0.118
2015-03-14 16:00:00,0.041,0.036,0.061,0.019,0.048,0.034,0.048,0.028,0.029,0.033,0.016,0.06,0.036,0.034,0.032,0.044,0.058
2015-03-14 17:00:00,0.008,0.003,0.012,0.0,0.006,0.002,0.007,0.0,0.001,0.0,0.0,0.025,0.003,0.0,0.002,0.008,0.028
2015-03-14 18:00:00,0.0,0.0,0.0,0.0,0.0,0.0,0.0,0.0,0.0,0.0,0.0,0.0,0.0,0.0,0.0,0.0,0.0
2015-03-14 19:00:00,0.0,0.0,0.0,0.0,0.0,0.0,0.0,0.0,0.0,0.0,0.0,0.0,0.0,0.0,0.0,0.0,0.0
2015-03-14 20:00:00,0.0,0.0,0.0,0.0,0.0,0.0,0.0,0.0,0.0,0.0,0.0,0.0,0.0,0.0,0.0,0.0,0.0
2015-03-14 21:00:00,0.0,0.0,0.0,0.0,0.0,0.0,0.0,0.0,0.0,0.0,0.0,0.0,0.0,0.0,0.0,0.0,0.0
2015-03-14 22:00:00,0.0,0.0,0.0,0.0,0.0,0.0,0.0,0.0,0.0,0.0,0.0,0.0,0.0,0.0,0.0,0.0,0.0
2015-03-14 23:00:00,0.0,0.0,0.0,0.0,0.0,0.0,0.0,0.0,0.0,0.0,0.0,0.0,0.0,0.0,0.0,0.0,0.0
2015-03-15 00:00:00,0.0,0.0,0.0,0.0,0.0,0.0,0.0,0.0,0.0,0.0,0.0,0.0,0.0,0.0,0.0,0.0,0.0
2015-03-15 01:00:00,0.0,0.0,0.0,0.0,0.0,0.0,0.0,0.0,0.0,0.0,0.0,0.0,0.0,0.0,0.0,0.0,0.0
2015-03-15 02:00:00,0.0,0.0,0.0,0.0,0.0,0.0,0.0,0.0,0.0,0.0,0.0,0.0,0.0,0.0,0.0,0.0,0.0
2015-03-15 03:00:00,0.0,0.0,0.0,0.0,0.0,0.0,0.0,0.0,0.0,0.0,0.0,0.0,0.0,0.0,0.0,0.0,0.0
2015-03-15 04:00:00,0.0,0.0,0.0,0.0,0.0,0.0,0.0,0.0,0.0,0.0,0.0,0.0,0.0,0.0,0.0,0.0,0.0
2015-03-15 05:00:00,0.0,0.0,0.0,0.0,0.0,0.0,0.0,0.0,0.0,0.0,0.0,0.0,0.0,0.0,0.0,0.0,0.0
2015-03-15 06:00:00,0.004,0.001,0.0,0.015,0.0,0.007,0.013,0.007,0.006,0.016,0.009,0.003,0.01,0.014,0.004,0.001,0.001
2015-03-15 07:00:00,0.028,0.021,0.008,0.049,0.013,0.047,0.068,0.04,0.045,0.05,0.04,0.023,0.06,0.057,0.021,0.018,0.029
2015-03-15 08:00:00,0.071,0.075,0.048,0.094,0.06,0.089,0.113,0.085,0.097,0.084,0.086,0.055,0.113,0.101,0.067,0.059,0.069
2015-03-15 09:00:00,0.107,0.136,0.088,0.145,0.088,0.127,0.135,0.122,0.126,0.16,0.114,0.084,0.131,0.165,0.105,0.09,0.087
2015-03-15 10:00:00,0.164,0.186,0.148,0.194,0.125,0.217,0.264,0.181,0.213,0.244,0.12,0.131,0.237,0.253,0.137,0.164,0.113
2015-03-15 11:00:00,0.201,0.225,0.2,0.157,0.168,0.262,0.395,0.155,0.271,0.264,0.146,0.168,0.364,0.291,0.142,0.221,0.159
2015-03-15 12:00:00,0.218,0.195,0.199,0.168,0.182,0.32,0.455,0.172,0.335,0.253,0.138,0.179,0.458,0.345,0.131,0.231,0.216
2015-03-15 13:00:00,0.224,0.218,0.193,0.174,0.215,0.365,0.445,0.158,0.35,0.246,0.142,0.225,0.488,0.321,0.12,0.213,0.246
2015-03-15 14:00:00,0.204,0.187,0.159,0.177,0.172,0.315,0.383,0.121,0.331,0.22,0.137,0.224,0.474,0.23,0.136,0.217,0.194
2015-03-15 15:00:00,0.123,0.105,0.097,0.102,0.098,0.164,0.21,0.072,0.132,0.16,0.061,0.15,0.266,0.138,0.085,0.133,0.153
2015-03-15 16:00:00,0.075,0.072,0.043,0.082,0.071,0.065,0.162,0.051,0.161,0.073,0.031,0.084,0.193,0.065,0.064,0.065,0.106
2015-03-15 17:00:00,0.032,0.038,0.028,0.0,0.055,0.023,0.049,0.002,0.084,0.0,0.0,0.041,0.078,0.005,0.007,0.031,0.067
2015-03-15 18:00:00,0.0,0.0,0.0,0.0,0.0,0.0,0.0,0.0,0.0,0.0,0.0,0.0,0.0,0.0,0.0,0.0,0.0
2015-03-15 19:00:00,0.0,0.0,0.0,0.0,0.0,0.0,0.0,0.0,0.0,0.0,0.0,0.0,0.0,0.0,0.0,0.0,0.0
2015-03-15 20:00:00,0.0,0.0,0.0,0.0,0.0,0.0,0.0,0.0,0.0,0.0,0.0,0.0,0.0,0.0,0.0,0.0,0.0
2015-03-15 21:00:00,0.0,0.0,0.0,0.0,0.0,0.0,0.0,0.0,0.0,0.0,0.0,0.0,0.0,0.0,0.0,0.0,0.0
2015-03-15 22:00:00,0.0,0.0,0.0,0.0,0.0,0.0,0.0,0.0,0.0,0.0,0.0,0.0,0.0,0.0,0.0,0.0,0.0
2015-03-15 23:00:00,0.0,0.0,0.0,0.0,0.0,0.0,0.0,0.0,0.0,0.0,0.0,0.0,0.0,0.0,0.0,0.0,0.0
2015-03-16 00:00:00,0.0,0.0,0.0,0.0,0.0,0.0,0.0,0.0,0.0,0.0,0.0,0.0,0.0,0.0,0.0,0.0,0.0
2015-03-16 01:00:00,0.0,0.0,0.0,0.0,0.0,0.0,0.0,0.0,0.0,0.0,0.0,0.0,0.0,0.0,0.0,0.0,0.0
2015-03-16 02:00:00,0.0,0.0,0.0,0.0,0.0,0.0,0.0,0.0,0.0,0.0,0.0,0.0,0.0,0.0,0.0,0.0,0.0
2015-03-16 03:00:00,0.0,0.0,0.0,0.0,0.0,0.0,0.0,0.0,0.0,0.0,0.0,0.0,0.0,0.0,0.0,0.0,0.0
2015-03-16 04:00:00,0.0,0.0,0.0,0.0,0.0,0.0,0.0,0.0,0.0,0.0,0.0,0.0,0.0,0.0,0.0,0.0,0.0
2015-03-16 05:00:00,0.0,0.0,0.0,0.0,0.0,0.0,0.0,0.0,0.0,0.0,0.0,0.0,0.0,0.0,0.0,0.0,0.0
2015-03-16 06:00:00,0.008,0.005,0.007,0.019,0.003,0.012,0.015,0.013,0.007,0.024,0.015,0.004,0.01,0.019,0.01,0.006,0.002
2015-03-16 07:00:00,0.047,0.038,0.057,0.058,0.034,0.056,0.06,0.059,0.041,0.06,0.058,0.037,0.044,0.058,0.052,0.047,0.038
2015-03-16 08:00:00,0.076,0.062,0.078,0.073,0.06,0.093,0.089,0.098,0.063,0.094,0.076,0.085,0.065,0.09,0.083,0.075,0.066
2015-03-16 09:00:00,0.114,0.083,0.118,0.129,0.103,0.129,0.105,0.127,0.078,0.159,0.105,0.11,0.08,0.129,0.108,0.122,0.114
2015-03-16 10:00:00,0.218,0.204,0.206,0.271,0.197,0.235,0.257,0.233,0.222,0.276,0.241,0.201,0.235,0.261,0.223,0.21,0.189
2015-03-16 11:00:00,0.315,0.334,0.283,0.341,0.313,0.333,0.366,0.293,0.351,0.35,0.348,0.284,0.362,0.363,0.297,0.31,0.294
2015-03-16 12:00:00,0.348,0.367,0.242,0.431,0.389,0.345,0.409,0.277,0.388,0.375,0.406,0.307,0.45,0.388,0.301,0.329,0.368
2015-03-16 13:00:00,0.331,0.366,0.173,0.462,0.291,0.34,0.393,0.249,0.453,0.306,0.497,0.294,0.498,0.331,0.319,0.298,0.375
2015-03-16 14:00:00,0.293,0.292,0.179,0.483,0.19,0.318,0.307,0.296,0.374,0.382,0.497,0.267,0.379,0.285,0.346,0.223,0.333
2015-03-16 15:00:00,0.268,0.303,0.159,0.422,0.229,0.232,0.348,0.295,0.33,0.362,0.438,0.195,0.297,0.226,0.359,0.208,0.25
2015-03-16 16:00:00,0.192,0.274,0.112,0.275,0.21,0.157,0.228,0.221,0.201,0.27,0.274,0.126,0.214,0.186,0.254,0.157,0.124
2015-03-16 17:00:00,0.086,0.157,0.078,0.0,0.137,0.095,0.13,0.035,0.127,0.0,0.0,0.101,0.138,0.043,0.049,0.096,0.111
2015-03-16 18:00:00,0.0,0.0,0.0,0.0,0.0,0.0,0.0,0.0,0.0,0.0,0.0,0.0,0.0,0.0,0.0,0.0,0.0
2015-03-16 19:00:00,0.0,0.0,0.0,0.0,0.0,0.0,0.0,0.0,0.0,0.0,0.0,0.0,0.0,0.0,0.0,0.0,0.0
2015-03-16 20:00:00,0.0,0.0,0.0,0.0,0.0,0.0,0.0,0.0,0.0,0.0,0.0,0.0,0.0,0.0,0.0,0.0,0.0
2015-03-16 21:00:00,0.0,0.0,0.0,0.0,0.0,0.0,0.0,0.0,0.0,0.0,0.0,0.0,0.0,0.0,0.0,0.0,0.0
2015-03-16 22:00:00,0.0,0.0,0.0,0.0,0.0,0.0,0.0,0.0,0.0,0.0,0.0,0.0,0.0,0.0,0.0,0.0,0.0
2015-03-16 23:00:00,0.0,0.0,0.0,0.0,0.0,0.0,0.0,0.0,0.0,0.0,0.0,0.0,0.0,0.0,0.0,0.0,0.0
2015-03-17 00:00:00,0.0,0.0,0.0,0.0,0.0,0.0,0.0,0.0,0.0,0.0,0.0,0.0,0.0,0.0,0.0,0.0,0.0
2015-03-17 01:00:00,0.0,0.0,0.0,0.0,0.0,0.0,0.0,0.0,0.0,0.0,0.0,0.0,0.0,0.0,0.0,0.0,0.0
2015-03-17 02:00:00,0.0,0.0,0.0,0.0,0.0,0.0,0.0,0.0,0.0,0.0,0.0,0.0,0.0,0.0,0.0,0.0,0.0
2015-03-17 03:00:00,0.0,0.0,0.0,0.0,0.0,0.0,0.0,0.0,0.0,0.0,0.0,0.0,0.0,0.0,0.0,0.0,0.0
2015-03-17 04:00:00,0.0,0.0,0.0,0.0,0.0,0.0,0.0,0.0,0.0,0.0,0.0,0.0,0.0,0.0,0.0,0.0,0.0
2015-03-17 05:00:00,0.0,0.0,0.0,0.0,0.0,0.0,0.0,0.0,0.0,0.0,0.0,0.0,0.0,0.0,0.0,0.0,0.0
2015-03-17 06:00:00,0.009,0.006,0.008,0.02,0.004,0.012,0.014,0.015,0.008,0.019,0.018,0.007,0.011,0.016,0.013,0.007,0.004
2015-03-17 07:00:00,0.04,0.038,0.039,0.049,0.035,0.043,0.048,0.045,0.04,0.049,0.046,0.037,0.043,0.047,0.043,0.039,0.036
2015-03-17 08:00:00,0.061,0.061,0.06,0.067,0.056,0.064,0.07,0.064,0.062,0.068,0.064,0.057,0.063,0.066,0.061,0.06,0.054
2015-03-17 09:00:00,0.081,0.075,0.073,0.118,0.07,0.083,0.106,0.091,0.076,0.122,0.099,0.069,0.083,0.104,0.078,0.074,0.068
2015-03-17 10:00:00,0.218,0.207,0.211,0.278,0.182,0.239,0.272,0.248,0.227,0.285,0.254,0.195,0.241,0.265,0.229,0.207,0.172
2015-03-17 11:00:00,0.359,0.352,0.352,0.417,0.326,0.38,0.416,0.386,0.369,0.425,0.39,0.337,0.383,0.406,0.367,0.349,0.315
2015-03-17 12:00:00,0.466,0.464,0.459,0.515,0.439,0.484,0.521,0.488,0.476,0.524,0.489,0.446,0.489,0.507,0.468,0.457,0.428
2015-03-17 13:00:00,0.527,0.531,0.52,0.563,0.51,0.542,0.577,0.542,0.536,0.574,0.539,0.51,0.548,0.562,0.523,0.52,0.499
2015-03-17 14:00:00,0.535,0.545,0.53,0.554,0.53,0.546,0.577,0.541,0.544,0.566,0.533,0.522,0.554,0.56,0.524,0.531,0.52
2015-03-17 15:00:00,0.48,0.497,0.476,0.474,0.489,0.485,0.507,0.473,0.488,0.487,0.457,0.47,0.493,0.489,0.459,0.481,0.48
2015-03-17 16:00:00,0.342,0.37,0.342,0.305,0.371,0.339,0.355,0.318,0.349,0.319,0.294,0.338,0.348,0.33,0.309,0.352,0.364
2015-03-17 17:00:00,0.139,0.179,0.16,0.0,0.188,0.164,0.176,0.104,0.165,0.019,0.0,0.16,0.166,0.096,0.092,0.168,0.184
2015-03-17 18:00:00,0.0,0.0,0.0,0.0,0.0,0.0,0.0,0.0,0.0,0.0,0.0,0.0,0.0,0.0,0.0,0.0,0.0
2015-03-17 19:00:00,0.0,0.0,0.0,0.0,0.0,0.0,0.0,0.0,0.0,0.0,0.0,0.0,0.0,0.0,0.0,0.0,0.0
2015-03-17 20:00:00,0.0,0.0,0.0,0.0,0.0,0.0,0.0,0.0,0.0,0.0,0.0,0.0,0.0,0.0,0.0,0.0,0.0
2015-03-17 21:00:00,0.0,0.0,0.0,0.0,0.0,0.0,0.0,0.0,0.0,0.0,0.0,0.0,0.0,0.0,0.0,0.0,0.0
2015-03-17 22:00:00,0.0,0.0,0.0,0.0,0.0,0.0,0.0,0.0,0.0,0.0,0.0,0.0,0.0,0.0,0.0,0.0,0.0
2015-03-17 23:00:00,0.0,0.0,0.0,0.0,0.0,0.0,0.0,0.0,0.0,0.0,0.0,0.0,0.0,0.0,0.0,0.0,0.0
2015-03-18 00:00:00,0.0,0.0,0.0,0.0,0.0,0.0,0.0,0.0,0.0,0.0,0.0,0.0,0.0,0.0,0.0,0.0,0.0
2015-03-18 01:00:00,0.0,0.0,0.0,0.0,0.0,0.0,0.0,0.0,0.0,0.0,0.0,0.0,0.0,0.0,0.0,0.0,0.0
2015-03-18 02:00:00,0.0,0.0,0.0,0.0,0.0,0.0,0.0,0.0,0.0,0.0,0.0,0.0,0.0,0.0,0.0,0.0,0.0
2015-03-18 03:00:00,0.0,0.0,0.0,0.0,0.0,0.0,0.0,0.0,0.0,0.0,0.0,0.0,0.0,0.0,0.0,0.0,0.0
2015-03-18 04:00:00,0.0,0.0,0.0,0.0,0.0,0.0,0.0,0.0,0.0,0.0,0.0,0.0,0.0,0.0,0.0,0.0,0.0
2015-03-18 05:00:00,0.0,0.0,0.0,0.0,0.0,0.0,0.0,0.0,0.0,0.0,0.0,0.0,0.0,0.0,0.0,0.0,0.0
2015-03-18 06:00:00,0.011,0.007,0.01,0.022,0.005,0.014,0.016,0.017,0.01,0.021,0.02,0.008,0.013,0.018,0.015,0.008,0.005
2015-03-18 07:00:00,0.042,0.04,0.041,0.051,0.036,0.045,0.049,0.047,0.042,0.051,0.048,0.038,0.045,0.048,0.044,0.041,0.035
2015-03-18 08:00:00,0.062,0.063,0.061,0.069,0.058,0.065,0.071,0.065,0.064,0.069,0.065,0.058,0.065,0.068,0.061,0.062,0.056
2015-03-18 09:00:00,0.084,0.078,0.074,0.124,0.073,0.087,0.111,0.096,0.078,0.128,0.105,0.07,0.088,0.11,0.081,0.076,0.07
2015-03-18 10:00:00,0.229,0.222,0.221,0.287,0.199,0.251,0.283,0.257,0.241,0.293,0.261,0.201,0.255,0.275,0.235,0.22,0.183
2015-03-18 11:00:00,0.375,0.374,0.367,0.423,0.352,0.396,0.431,0.398,0.39,0.434,0.398,0.345,0.402,0.418,0.374,0.368,0.333
2015-03-18 12:00:00,0.484,0.488,0.477,0.517,0.471,0.502,0.538,0.5,0.501,0.497,0.497,0.455,0.511,0.522,0.477,0.481,0.451
2015-03-18 13:00:00,0.545,0.556,0.541,0.559,0.543,0.56,0.594,0.554,0.565,0.51,0.547,0.522,0.571,0.574,0.534,0.546,0.525
2015-03-18 14:00:00,0.552,0.57,0.55,0.54,0.562,0.562,0.594,0.552,0.571,0.48,0.539,0.534,0.576,0.57,0.535,0.559,0.546
2015-03-18 15:00:00,0.493,0.522,0.494,0.449,0.519,0.498,0.524,0.483,0.517,0.356,0.459,0.484,0.514,0.491,0.469,0.507,0.506
2015-03-18 16:00:00,0.357,0.394,0.357,0.299,0.399,0.349,0.361,0.326,0.379,0.259,0.293,0.352,0.366,0.331,0.318,0.374,0.389
2015-03-18 17:00:00,0.155,0.197,0.168,0.007,0.206,0.165,0.169,0.145,0.179,0.047,0.002,0.169,0.169,0.177,0.112,0.18,0.201
2015-03-18 18:00:00,0.0,0.0,0.0,0.0,0.0,0.0,0.0,0.0,0.0,0.0,0.0,0.0,0.0,0.0,0.0,0.0,0.0
2015-03-18 19:00:00,0.0,0.0,0.0,0.0,0.0,0.0,0.0,0.0,0.0,0.0,0.0,0.0,0.0,0.0,0.0,0.0,0.0
2015-03-18 20:00:00,0.0,0.0,0.0,0.0,0.0,0.0,0.0,0.0,0.0,0.0,0.0,0.0,0.0,0.0,0.0,0.0,0.0
2015-03-18 21:00:00,0.0,0.0,0.0,0.0,0.0,0.0,0.0,0.0,0.0,0.0,0.0,0.0,0.0,0.0,0.0,0.0,0.0
2015-03-18 22:00:00,0.0,0.0,0.0,0.0,0.0,0.0,0.0,0.0,0.0,0.0,0.0,0.0,0.0,0.0,0.0,0.0,0.0
2015-03-18 23:00:00,0.0,0.0,0.0,0.0,0.0,0.0,0.0,0.0,0.0,0.0,0.0,0.0,0.0,0.0,0.0,0.0,0.0
2015-03-19 00:00:00,0.0,0.0,0.0,0.0,0.0,0.0,0.0,0.0,0.0,0.0,0.0,0.0,0.0,0.0,0.0,0.0,0.0
2015-03-19 01:00:00,0.0,0.0,0.0,0.0,0.0,0.0,0.0,0.0,0.0,0.0,0.0,0.0,0.0,0.0,0.0,0.0,0.0
2015-03-19 02:00:00,0.0,0.0,0.0,0.0,0.0,0.0,0.0,0.0,0.0,0.0,0.0,0.0,0.0,0.0,0.0,0.0,0.0
2015-03-19 03:00:00,0.0,0.0,0.0,0.0,0.0,0.0,0.0,0.0,0.0,0.0,0.0,0.0,0.0,0.0,0.0,0.0,0.0
2015-03-19 04:00:00,0.0,0.0,0.0,0.0,0.0,0.0,0.0,0.0,0.0,0.0,0.0,0.0,0.0,0.0,0.0,0.0,0.0
2015-03-19 05:00:00,0.0,0.0,0.0,0.0,0.0,0.0,0.0,0.0,0.0,0.0,0.0,0.0,0.0,0.0,0.0,0.0,0.0
2015-03-19 06:00:00,0.012,0.008,0.011,0.024,0.006,0.015,0.018,0.018,0.011,0.022,0.021,0.01,0.014,0.019,0.017,0.009,0.006
2015-03-19 07:00:00,0.044,0.041,0.043,0.064,0.038,0.046,0.05,0.048,0.043,0.056,0.049,0.04,0.046,0.049,0.045,0.042,0.036
2015-03-19 08:00:00,0.065,0.063,0.063,0.09,0.059,0.066,0.072,0.066,0.064,0.083,0.066,0.059,0.066,0.073,0.063,0.063,0.057
2015-03-19 09:00:00,0.088,0.078,0.076,0.151,0.073,0.092,0.116,0.102,0.08,0.153,0.109,0.071,0.093,0.128,0.085,0.076,0.07
2015-03-19 10:00:00,0.231,0.225,0.226,0.276,0.201,0.252,0.286,0.258,0.244,0.287,0.266,0.206,0.258,0.271,0.242,0.223,0.187
2015-03-19 11:00:00,0.37,0.377,0.372,0.368,0.353,0.396,0.413,0.398,0.392,0.303,0.403,0.35,0.402,0.384,0.383,0.37,0.337
2015-03-19 12:00:00,0.462,0.493,0.482,0.337,0.471,0.49,0.426,0.491,0.502,0.285,0.498,0.461,0.468,0.347,0.487,0.482,0.455
2015-03-19 13:00:00,0.518,0.562,0.545,0.322,0.544,0.542,0.468,0.531,0.566,0.271,0.552,0.527,0.519,0.357,0.542,0.549,0.529
2015-03-19 14:00:00,0.517,0.577,0.554,0.27,0.565,0.52,0.407,0.507,0.575,0.213,0.539,0.541,0.51,0.287,0.543,0.561,0.55
2015-03-19 15:00:00,0.462,0.528,0.499,0.227,0.523,0.45,0.366,0.455,0.521,0.167,0.459,0.489,0.441,0.175,0.476,0.51,0.5
2015-03-19 16:00:00,0.331,0.4,0.362,0.116,0.404,0.304,0.216,0.312,0.371,0.124,0.303,0.357,0.226,0.081,0.325,0.379,0.373
2015-03-19 17:00:00,0.152,0.202,0.17,0.015,0.21,0.147,0.096,0.143,0.18,0.039,0.029,0.17,0.133,0.059,0.137,0.185,0.172
2015-03-19 18:00:00,0.0,0.0,0.0,0.0,0.0,0.0,0.0,0.0,0.0,0.0,0.0,0.0,0.0,0.0,0.0,0.0,0.0
2015-03-19 19:00:00,0.0,0.0,0.0,0.0,0.0,0.0,0.0,0.0,0.0,0.0,0.0,0.0,0.0,0.0,0.0,0.0,0.0
2015-03-19 20:00:00,0.0,0.0,0.0,0.0,0.0,0.0,0.0,0.0,0.0,0.0,0.0,0.0,0.0,0.0,0.0,0.0,0.0
2015-03-19 21:00:00,0.0,0.0,0.0,0.0,0.0,0.0,0.0,0.0,0.0,0.0,0.0,0.0,0.0,0.0,0.0,0.0,0.0
2015-03-19 22:00:00,0.0,0.0,0.0,0.0,0.0,0.0,0.0,0.0,0.0,0.0,0.0,0.0,0.0,0.0,0.0,0.0,0.0
2015-03-19 23:00:00,0.0,0.0,0.0,0.0,0.0,0.0,0.0,0.0,0.0,0.0,0.0,0.0,0.0,0.0,0.0,0.0,0.0
2015-03-20 00:00:00,0.0,0.0,0.0,0.0,0.0,0.0,0.0,0.0,0.0,0.0,0.0,0.0,0.0,0.0,0.0,0.0,0.0
2015-03-20 01:00:00,0.0,0.0,0.0,0.0,0.0,0.0,0.0,0.0,0.0,0.0,0.0,0.0,0.0,0.0,0.0,0.0,0.0
2015-03-20 02:00:00,0.0,0.0,0.0,0.0,0.0,0.0,0.0,0.0,0.0,0.0,0.0,0.0,0.0,0.0,0.0,0.0,0.0
2015-03-20 03:00:00,0.0,0.0,0.0,0.0,0.0,0.0,0.0,0.0,0.0,0.0,0.0,0.0,0.0,0.0,0.0,0.0,0.0
2015-03-20 04:00:00,0.0,0.0,0.0,0.0,0.0,0.0,0.0,0.0,0.0,0.0,0.0,0.0,0.0,0.0,0.0,0.0,0.0
2015-03-20 05:00:00,0.0,0.0,0.0,0.0,0.0,0.0,0.0,0.0,0.0,0.0,0.0,0.0,0.0,0.0,0.0,0.0,0.0
2015-03-20 06:00:00,0.014,0.009,0.013,0.024,0.007,0.016,0.019,0.019,0.012,0.025,0.023,0.013,0.015,0.021,0.018,0.01,0.008
2015-03-20 07:00:00,0.047,0.041,0.044,0.052,0.039,0.047,0.051,0.048,0.044,0.054,0.05,0.061,0.047,0.051,0.047,0.043,0.051
2015-03-20 08:00:00,0.072,0.063,0.069,0.07,0.06,0.066,0.071,0.067,0.065,0.075,0.066,0.114,0.067,0.069,0.071,0.065,0.089
2015-03-20 09:00:00,0.103,0.077,0.093,0.132,0.074,0.095,0.117,0.104,0.083,0.141,0.114,0.164,0.097,0.118,0.101,0.085,0.128
2015-03-20 10:00:00,0.245,0.229,0.245,0.292,0.208,0.258,0.289,0.265,0.25,0.302,0.271,0.236,0.264,0.283,0.256,0.234,0.218
2015-03-20 11:00:00,0.372,0.379,0.355,0.429,0.356,0.401,0.435,0.403,0.398,0.433,0.407,0.291,0.41,0.423,0.371,0.369,0.319
2015-03-20 12:00:00,0.458,0.492,0.405,0.519,0.469,0.503,0.538,0.496,0.507,0.48,0.501,0.311,0.515,0.525,0.438,0.456,0.41
2015-03-20 13:00:00,0.496,0.553,0.398,0.563,0.534,0.552,0.584,0.538,0.569,0.534,0.547,0.317,0.568,0.573,0.429,0.491,0.469
2015-03-20 14:00:00,0.468,0.566,0.332,0.543,0.548,0.531,0.583,0.493,0.574,0.481,0.512,0.252,0.577,0.573,0.297,0.477,0.443
2015-03-20 15:00:00,0.377,0.518,0.245,0.475,0.489,0.409,0.523,0.357,0.506,0.49,0.349,0.179,0.512,0.5,0.15,0.381,0.345
2015-03-20 16:00:00,0.235,0.387,0.129,0.316,0.38,0.187,0.372,0.174,0.344,0.332,0.132,0.056,0.341,0.343,0.061,0.246,0.192
2015-03-20 17:00:00,0.077,0.177,0.038,0.052,0.154,0.029,0.17,0.027,0.14,0.115,0.008,0.005,0.136,0.153,0.011,0.088,0.042
2015-03-20 18:00:00,0.0,0.0,0.0,0.0,0.0,0.0,0.0,0.0,0.0,0.0,0.0,0.0,0.0,0.0,0.0,0.0,0.0
2015-03-20 19:00:00,0.0,0.0,0.0,0.0,0.0,0.0,0.0,0.0,0.0,0.0,0.0,0.0,0.0,0.0,0.0,0.0,0.0
2015-03-20 20:00:00,0.0,0.0,0.0,0.0,0.0,0.0,0.0,0.0,0.0,0.0,0.0,0.0,0.0,0.0,0.0,0.0,0.0
2015-03-20 21:00:00,0.0,0.0,0.0,0.0,0.0,0.0,0.0,0.0,0.0,0.0,0.0,0.0,0.0,0.0,0.0,0.0,0.0
2015-03-20 22:00:00,0.0,0.0,0.0,0.0,0.0,0.0,0.0,0.0,0.0,0.0,0.0,0.0,0.0,0.0,0.0,0.0,0.0
2015-03-20 23:00:00,0.0,0.0,0.0,0.0,0.0,0.0,0.0,0.0,0.0,0.0,0.0,0.0,0.0,0.0,0.0,0.0,0.0
2015-03-21 00:00:00,0.0,0.0,0.0,0.0,0.0,0.0,0.0,0.0,0.0,0.0,0.0,0.0,0.0,0.0,0.0,0.0,0.0
2015-03-21 01:00:00,0.0,0.0,0.0,0.0,0.0,0.0,0.0,0.0,0.0,0.0,0.0,0.0,0.0,0.0,0.0,0.0,0.0
2015-03-21 02:00:00,0.0,0.0,0.0,0.0,0.0,0.0,0.0,0.0,0.0,0.0,0.0,0.0,0.0,0.0,0.0,0.0,0.0
2015-03-21 03:00:00,0.0,0.0,0.0,0.0,0.0,0.0,0.0,0.0,0.0,0.0,0.0,0.0,0.0,0.0,0.0,0.0,0.0
2015-03-21 04:00:00,0.0,0.0,0.0,0.0,0.0,0.0,0.0,0.0,0.0,0.0,0.0,0.0,0.0,0.0,0.0,0.0,0.0
2015-03-21 05:00:00,0.0,0.0,0.0,0.0,0.0,0.0,0.0,0.0,0.0,0.0,0.0,0.0,0.0,0.0,0.0,0.0,0.0
2015-03-21 06:00:00,0.016,0.011,0.018,0.034,0.007,0.025,0.024,0.026,0.02,0.025,0.027,0.006,0.022,0.027,0.014,0.013,0.004
2015-03-21 07:00:00,0.054,0.044,0.046,0.086,0.041,0.076,0.066,0.084,0.066,0.057,0.072,0.04,0.065,0.081,0.052,0.047,0.044
2015-03-21 08:00:00,0.081,0.065,0.065,0.127,0.065,0.107,0.08,0.117,0.083,0.083,0.132,0.051,0.089,0.108,0.083,0.069,0.068
2015-03-21 09:00:00,0.111,0.077,0.089,0.2,0.09,0.132,0.13,0.141,0.088,0.155,0.171,0.083,0.125,0.154,0.105,0.091,0.105
2015-03-21 10:00:00,0.227,0.231,0.25,0.297,0.208,0.263,0.291,0.267,0.248,0.305,0.255,0.139,0.271,0.292,0.194,0.233,0.137
2015-03-21 11:00:00,0.333,0.38,0.348,0.369,0.341,0.401,0.426,0.397,0.393,0.419,0.363,0.168,0.404,0.403,0.26,0.364,0.171
2015-03-21 12:00:00,0.388,0.493,0.414,0.439,0.378,0.506,0.522,0.489,0.501,0.506,0.395,0.138,0.508,0.486,0.232,0.461,0.131
2015-03-21 13:00:00,0.414,0.561,0.428,0.5,0.453,0.562,0.557,0.517,0.562,0.557,0.403,0.108,0.562,0.545,0.197,0.475,0.141
2015-03-21 14:00:00,0.362,0.516,0.323,0.509,0.328,0.569,0.532,0.453,0.536,0.556,0.238,0.071,0.57,0.515,0.154,0.438,0.089
2015-03-21 15:00:00,0.288,0.398,0.181,0.447,0.253,0.481,0.489,0.357,0.428,0.454,0.14,0.037,0.468,0.453,0.097,0.376,0.055
2015-03-21 16:00:00,0.16,0.209,0.089,0.269,0.113,0.332,0.358,0.227,0.193,0.248,0.077,0.015,0.309,0.294,0.027,0.209,0.018
2015-03-21 17:00:00,0.067,0.129,0.028,0.089,0.043,0.151,0.169,0.097,0.13,0.072,0.013,0.001,0.127,0.13,0.001,0.09,0.003
2015-03-21 18:00:00,0.0,0.0,0.0,0.0,0.0,0.0,0.0,0.0,0.0,0.0,0.0,0.0,0.0,0.0,0.0,0.0,0.0
2015-03-21 19:00:00,0.0,0.0,0.0,0.0,0.0,0.0,0.0,0.0,0.0,0.0,0.0,0.0,0.0,0.0,0.0,0.0,0.0
2015-03-21 20:00:00,0.0,0.0,0.0,0.0,0.0,0.0,0.0,0.0,0.0,0.0,0.0,0.0,0.0,0.0,0.0,0.0,0.0
2015-03-21 21:00:00,0.0,0.0,0.0,0.0,0.0,0.0,0.0,0.0,0.0,0.0,0.0,0.0,0.0,0.0,0.0,0.0,0.0
2015-03-21 22:00:00,0.0,0.0,0.0,0.0,0.0,0.0,0.0,0.0,0.0,0.0,0.0,0.0,0.0,0.0,0.0,0.0,0.0
2015-03-21 23:00:00,0.0,0.0,0.0,0.0,0.0,0.0,0.0,0.0,0.0,0.0,0.0,0.0,0.0,0.0,0.0,0.0,0.0
2015-03-22 00:00:00,0.0,0.0,0.0,0.0,0.0,0.0,0.0,0.0,0.0,0.0,0.0,0.0,0.0,0.0,0.0,0.0,0.0
2015-03-22 01:00:00,0.0,0.0,0.0,0.0,0.0,0.0,0.0,0.0,0.0,0.0,0.0,0.0,0.0,0.0,0.0,0.0,0.0
2015-03-22 02:00:00,0.0,0.0,0.0,0.0,0.0,0.0,0.0,0.0,0.0,0.0,0.0,0.0,0.0,0.0,0.0,0.0,0.0
2015-03-22 03:00:00,0.0,0.0,0.0,0.0,0.0,0.0,0.0,0.0,0.0,0.0,0.0,0.0,0.0,0.0,0.0,0.0,0.0
2015-03-22 04:00:00,0.0,0.0,0.0,0.0,0.0,0.0,0.0,0.0,0.0,0.0,0.0,0.0,0.0,0.0,0.0,0.0,0.0
2015-03-22 05:00:00,0.0,0.0,0.0,0.0,0.0,0.0,0.0,0.0,0.0,0.0,0.0,0.0,0.0,0.0,0.0,0.0,0.0
2015-03-22 06:00:00,0.014,0.005,0.017,0.018,0.008,0.012,0.017,0.019,0.006,0.024,0.028,0.015,0.009,0.013,0.022,0.012,0.01
2015-03-22 07:00:00,0.053,0.039,0.048,0.066,0.048,0.075,0.049,0.065,0.03,0.064,0.058,0.051,0.034,0.048,0.052,0.057,0.041
2015-03-22 08:00:00,0.089,0.106,0.067,0.132,0.091,0.131,0.074,0.095,0.091,0.083,0.074,0.076,0.095,0.116,0.072,0.092,0.063
2015-03-22 09:00:00,0.122,0.152,0.085,0.181,0.12,0.165,0.136,0.139,0.165,0.108,0.135,0.097,0.167,0.176,0.107,0.11,0.076
2015-03-22 10:00:00,0.252,0.213,0.256,0.272,0.246,0.29,0.199,0.296,0.232,0.18,0.307,0.242,0.234,0.244,0.279,0.257,0.215
2015-03-22 11:00:00,0.379,0.315,0.41,0.377,0.382,0.426,0.191,0.44,0.282,0.239,0.453,0.379,0.274,0.279,0.428,0.404,0.366
2015-03-22 12:00:00,0.477,0.412,0.526,0.432,0.508,0.517,0.191,0.545,0.34,0.245,0.559,0.48,0.301,0.314,0.537,0.521,0.475
2015-03-22 13:00:00,0.523,0.427,0.592,0.411,0.582,0.578,0.201,0.593,0.361,0.226,0.606,0.523,0.311,0.289,0.544,0.595,0.549
2015-03-22 14:00:00,0.503,0.445,0.599,0.366,0.586,0.583,0.16,0.562,0.329,0.134,0.533,0.47,0.28,0.26,0.403,0.608,0.565
2015-03-22 15:00:00,0.426,0.465,0.528,0.336,0.559,0.5,0.109,0.39,0.301,0.094,0.281,0.345,0.23,0.151,0.242,0.557,0.495
2015-03-22 16:00:00,0.283,0.354,0.383,0.161,0.44,0.287,0.051,0.15,0.245,0.047,0.108,0.187,0.149,0.118,0.118,0.416,0.306
2015-03-22 17:00:00,0.113,0.197,0.162,0.022,0.219,0.101,0.013,0.023,0.123,0.025,0.011,0.042,0.06,0.027,0.021,0.192,0.079
2015-03-22 18:00:00,0.0,0.0,0.0,0.0,0.0,0.0,0.0,0.0,0.0,0.0,0.0,0.0,0.0,0.0,0.0,0.0,0.0
2015-03-22 19:00:00,0.0,0.0,0.0,0.0,0.0,0.0,0.0,0.0,0.0,0.0,0.0,0.0,0.0,0.0,0.0,0.0,0.0
2015-03-22 20:00:00,0.0,0.0,0.0,0.0,0.0,0.0,0.0,0.0,0.0,0.0,0.0,0.0,0.0,0.0,0.0,0.0,0.0
2015-03-22 21:00:00,0.0,0.0,0.0,0.0,0.0,0.0,0.0,0.0,0.0,0.0,0.0,0.0,0.0,0.0,0.0,0.0,0.0
2015-03-22 22:00:00,0.0,0.0,0.0,0.0,0.0,0.0,0.0,0.0,0.0,0.0,0.0,0.0,0.0,0.0,0.0,0.0,0.0
2015-03-22 23:00:00,0.0,0.0,0.0,0.0,0.0,0.0,0.0,0.0,0.0,0.0,0.0,0.0,0.0,0.0,0.0,0.0,0.0
2015-03-23 00:00:00,0.0,0.0,0.0,0.0,0.0,0.0,0.0,0.0,0.0,0.0,0.0,0.0,0.0,0.0,0.0,0.0,0.0
2015-03-23 01:00:00,0.0,0.0,0.0,0.0,0.0,0.0,0.0,0.0,0.0,0.0,0.0,0.0,0.0,0.0,0.0,0.0,0.0
2015-03-23 02:00:00,0.0,0.0,0.0,0.0,0.0,0.0,0.0,0.0,0.0,0.0,0.0,0.0,0.0,0.0,0.0,0.0,0.0
2015-03-23 03:00:00,0.0,0.0,0.0,0.0,0.0,0.0,0.0,0.0,0.0,0.0,0.0,0.0,0.0,0.0,0.0,0.0,0.0
2015-03-23 04:00:00,0.0,0.0,0.0,0.0,0.0,0.0,0.0,0.0,0.0,0.0,0.0,0.0,0.0,0.0,0.0,0.0,0.0
2015-03-23 05:00:00,0.0,0.0,0.0,0.0,0.0,0.0,0.0,0.0,0.0,0.0,0.0,0.0,0.0,0.0,0.0,0.0,0.0
2015-03-23 06:00:00,0.019,0.012,0.018,0.034,0.01,0.022,0.033,0.026,0.016,0.04,0.028,0.018,0.022,0.037,0.024,0.015,0.009
2015-03-23 07:00:00,0.051,0.046,0.052,0.056,0.042,0.051,0.063,0.052,0.049,0.057,0.054,0.061,0.051,0.054,0.051,0.051,0.051
2015-03-23 08:00:00,0.075,0.066,0.09,0.074,0.066,0.07,0.073,0.07,0.069,0.074,0.071,0.095,0.07,0.073,0.074,0.076,0.078
2015-03-23 09:00:00,0.112,0.083,0.142,0.15,0.085,0.111,0.131,0.122,0.1,0.154,0.132,0.12,0.112,0.135,0.119,0.104,0.099
2015-03-23 10:00:00,0.259,0.245,0.258,0.317,0.222,0.277,0.303,0.286,0.266,0.323,0.293,0.238,0.28,0.304,0.27,0.25,0.219
2015-03-23 11:00:00,0.397,0.395,0.374,0.457,0.369,0.422,0.451,0.427,0.415,0.465,0.431,0.354,0.428,0.448,0.395,0.388,0.354
2015-03-23 12:00:00,0.501,0.508,0.482,0.555,0.481,0.526,0.556,0.528,0.524,0.564,0.526,0.446,0.53,0.55,0.487,0.495,0.462
2015-03-23 13:00:00,0.556,0.575,0.553,0.603,0.547,0.58,0.611,0.581,0.586,0.611,0.571,0.473,0.591,0.603,0.52,0.555,0.523
2015-03-23 14:00:00,0.559,0.589,0.548,0.592,0.566,0.582,0.61,0.578,0.591,0.6,0.548,0.499,0.595,0.597,0.454,0.566,0.558
2015-03-23 15:00:00,0.508,0.544,0.506,0.514,0.525,0.52,0.543,0.506,0.536,0.523,0.459,0.462,0.535,0.526,0.417,0.524,0.52
2015-03-23 16:00:00,0.376,0.419,0.383,0.348,0.416,0.381,0.392,0.351,0.405,0.358,0.297,0.334,0.392,0.372,0.276,0.401,0.408
2015-03-23 17:00:00,0.186,0.219,0.188,0.171,0.22,0.18,0.183,0.158,0.203,0.172,0.133,0.159,0.187,0.171,0.119,0.203,0.213
2015-03-23 18:00:00,0.0,0.0,0.0,0.0,0.0,0.0,0.0,0.0,0.0,0.0,0.0,0.0,0.0,0.0,0.0,0.0,0.0
2015-03-23 19:00:00,0.0,0.0,0.0,0.0,0.0,0.0,0.0,0.0,0.0,0.0,0.0,0.0,0.0,0.0,0.0,0.0,0.0
2015-03-23 20:00:00,0.0,0.0,0.0,0.0,0.0,0.0,0.0,0.0,0.0,0.0,0.0,0.0,0.0,0.0,0.0,0.0,0.0
2015-03-23 21:00:00,0.0,0.0,0.0,0.0,0.0,0.0,0.0,0.0,0.0,0.0,0.0,0.0,0.0,0.0,0.0,0.0,0.0
2015-03-23 22:00:00,0.0,0.0,0.0,0.0,0.0,0.0,0.0,0.0,0.0,0.0,0.0,0.0,0.0,0.0,0.0,0.0,0.0
2015-03-23 23:00:00,0.0,0.0,0.0,0.0,0.0,0.0,0.0,0.0,0.0,0.0,0.0,0.0,0.0,0.0,0.0,0.0,0.0
2015-03-24 00:00:00,0.0,0.0,0.0,0.0,0.0,0.0,0.0,0.0,0.0,0.0,0.0,0.0,0.0,0.0,0.0,0.0,0.0
2015-03-24 01:00:00,0.0,0.0,0.0,0.0,0.0,0.0,0.0,0.0,0.0,0.0,0.0,0.0,0.0,0.0,0.0,0.0,0.0
2015-03-24 02:00:00,0.0,0.0,0.0,0.0,0.0,0.0,0.0,0.0,0.0,0.0,0.0,0.0,0.0,0.0,0.0,0.0,0.0
2015-03-24 03:00:00,0.0,0.0,0.0,0.0,0.0,0.0,0.0,0.0,0.0,0.0,0.0,0.0,0.0,0.0,0.0,0.0,0.0
2015-03-24 04:00:00,0.0,0.0,0.0,0.0,0.0,0.0,0.0,0.0,0.0,0.0,0.0,0.0,0.0,0.0,0.0,0.0,0.0
2015-03-24 05:00:00,0.0,0.0,0.0,0.0,0.0,0.0,0.0,0.0,0.0,0.0,0.0,0.0,0.0,0.0,0.0,0.0,0.0
2015-03-24 06:00:00,0.018,0.013,0.018,0.029,0.011,0.021,0.023,0.024,0.017,0.028,0.027,0.017,0.02,0.025,0.023,0.016,0.012
2015-03-24 07:00:00,0.047,0.045,0.046,0.055,0.042,0.05,0.052,0.051,0.047,0.054,0.052,0.047,0.049,0.053,0.049,0.046,0.044
2015-03-24 08:00:00,0.067,0.065,0.065,0.071,0.066,0.068,0.07,0.068,0.066,0.071,0.068,0.067,0.067,0.07,0.065,0.065,0.069
2015-03-24 09:00:00,0.1,0.081,0.087,0.146,0.075,0.11,0.13,0.12,0.097,0.15,0.13,0.091,0.11,0.132,0.106,0.083,0.099
2015-03-24 10:00:00,0.251,0.24,0.244,0.302,0.218,0.267,0.295,0.277,0.258,0.309,0.286,0.232,0.271,0.291,0.262,0.24,0.214
2015-03-24 11:00:00,0.387,0.386,0.386,0.433,0.364,0.404,0.437,0.412,0.4,0.444,0.419,0.347,0.411,0.426,0.397,0.383,0.326
2015-03-24 12:00:00,0.48,0.497,0.494,0.525,0.47,0.504,0.536,0.509,0.506,0.539,0.514,0.382,0.513,0.523,0.497,0.491,0.373
2015-03-24 13:00:00,0.533,0.561,0.555,0.57,0.542,0.555,0.588,0.56,0.562,0.586,0.561,0.408,0.558,0.574,0.549,0.552,0.403
2015-03-24 14:00:00,0.516,0.54,0.563,0.561,0.512,0.527,0.585,0.557,0.56,0.578,0.554,0.339,0.519,0.554,0.539,0.56,0.341
2015-03-24 15:00:00,0.427,0.395,0.508,0.488,0.367,0.321,0.518,0.439,0.425,0.504,0.481,0.287,0.434,0.48,0.484,0.5,0.25
2015-03-24 16:00:00,0.267,0.226,0.359,0.33,0.177,0.147,0.371,0.283,0.163,0.346,0.324,0.231,0.236,0.333,0.344,0.301,0.164
2015-03-24 17:00:00,0.133,0.097,0.184,0.155,0.085,0.115,0.169,0.139,0.125,0.158,0.15,0.134,0.138,0.156,0.154,0.149,0.09
2015-03-24 18:00:00,0.0,0.0,0.0,0.0,0.0,0.0,0.0,0.0,0.0,0.0,0.0,0.0,0.0,0.0,0.0,0.0,0.0
2015-03-24 19:00:00,0.0,0.0,0.0,0.0,0.0,0.0,0.0,0.0,0.0,0.0,0.0,0.0,0.0,0.0,0.0,0.0,0.0
2015-03-24 20:00:00,0.0,0.0,0.0,0.0,0.0,0.0,0.0,0.0,0.0,0.0,0.0,0.0,0.0,0.0,0.0,0.0,0.0
2015-03-24 21:00:00,0.0,0.0,0.0,0.0,0.0,0.0,0.0,0.0,0.0,0.0,0.0,0.0,0.0,0.0,0.0,0.0,0.0
2015-03-24 22:00:00,0.0,0.0,0.0,0.0,0.0,0.0,0.0,0.0,0.0,0.0,0.0,0.0,0.0,0.0,0.0,0.0,0.0
2015-03-24 23:00:00,0.0,0.0,0.0,0.0,0.0,0.0,0.0,0.0,0.0,0.0,0.0,0.0,0.0,0.0,0.0,0.0,0.0
2015-03-25 00:00:00,0.0,0.0,0.0,0.0,0.0,0.0,0.0,0.0,0.0,0.0,0.0,0.0,0.0,0.0,0.0,0.0,0.0
2015-03-25 01:00:00,0.0,0.0,0.0,0.0,0.0,0.0,0.0,0.0,0.0,0.0,0.0,0.0,0.0,0.0,0.0,0.0,0.0
2015-03-25 02:00:00,0.0,0.0,0.0,0.0,0.0,0.0,0.0,0.0,0.0,0.0,0.0,0.0,0.0,0.0,0.0,0.0,0.0
2015-03-25 03:00:00,0.0,0.0,0.0,0.0,0.0,0.0,0.0,0.0,0.0,0.0,0.0,0.0,0.0,0.0,0.0,0.0,0.0
2015-03-25 04:00:00,0.0,0.0,0.0,0.0,0.0,0.0,0.0,0.0,0.0,0.0,0.0,0.0,0.0,0.0,0.0,0.0,0.0
2015-03-25 05:00:00,0.0,0.0,0.0,0.0,0.0,0.0,0.0,0.0,0.0,0.0,0.0,0.0,0.0,0.0,0.0,0.0,0.0
2015-03-25 06:00:00,0.018,0.014,0.017,0.031,0.011,0.022,0.024,0.024,0.018,0.029,0.025,0.014,0.021,0.026,0.021,0.016,0.009
2015-03-25 07:00:00,0.051,0.045,0.054,0.059,0.043,0.053,0.052,0.058,0.047,0.063,0.055,0.055,0.049,0.053,0.053,0.05,0.047
2015-03-25 08:00:00,0.077,0.065,0.096,0.075,0.063,0.08,0.069,0.081,0.066,0.082,0.072,0.095,0.066,0.071,0.078,0.078,0.079
2015-03-25 09:00:00,0.113,0.082,0.124,0.149,0.077,0.122,0.13,0.138,0.099,0.169,0.141,0.122,0.112,0.136,0.12,0.106,0.094
2015-03-25 10:00:00,0.248,0.24,0.242,0.297,0.218,0.263,0.292,0.271,0.256,0.304,0.276,0.225,0.269,0.286,0.258,0.24,0.209
2015-03-25 11:00:00,0.379,0.382,0.364,0.426,0.361,0.397,0.417,0.387,0.395,0.43,0.388,0.351,0.404,0.42,0.39,0.374,0.344
2015-03-25 12:00:00,0.481,0.492,0.484,0.508,0.471,0.498,0.495,0.49,0.48,0.468,0.478,0.47,0.484,0.514,0.493,0.477,0.455
2015-03-25 13:00:00,0.527,0.543,0.537,0.537,0.539,0.54,0.431,0.54,0.439,0.496,0.5,0.542,0.379,0.443,0.551,0.543,0.528
2015-03-25 14:00:00,0.516,0.518,0.559,0.526,0.541,0.482,0.315,0.52,0.342,0.502,0.529,0.556,0.23,0.357,0.52,0.549,0.548
2015-03-25 15:00:00,0.433,0.403,0.506,0.41,0.467,0.358,0.262,0.438,0.211,0.421,0.464,0.496,0.163,0.253,0.471,0.459,0.462
2015-03-25 16:00:00,0.277,0.209,0.359,0.244,0.318,0.199,0.141,0.278,0.112,0.223,0.315,0.369,0.092,0.185,0.33,0.284,0.304
2015-03-25 17:00:00,0.112,0.06,0.146,0.103,0.125,0.056,0.018,0.116,0.029,0.05,0.144,0.179,0.035,0.074,0.162,0.101,0.16
2015-03-25 18:00:00,0.0,0.0,0.0,0.0,0.0,0.0,0.0,0.0,0.0,0.0,0.0,0.0,0.0,0.0,0.0,0.0,0.0
2015-03-25 19:00:00,0.0,0.0,0.0,0.0,0.0,0.0,0.0,0.0,0.0,0.0,0.0,0.0,0.0,0.0,0.0,0.0,0.0
2015-03-25 20:00:00,0.0,0.0,0.0,0.0,0.0,0.0,0.0,0.0,0.0,0.0,0.0,0.0,0.0,0.0,0.0,0.0,0.0
2015-03-25 21:00:00,0.0,0.0,0.0,0.0,0.0,0.0,0.0,0.0,0.0,0.0,0.0,0.0,0.0,0.0,0.0,0.0,0.0
2015-03-25 22:00:00,0.0,0.0,0.0,0.0,0.0,0.0,0.0,0.0,0.0,0.0,0.0,0.0,0.0,0.0,0.0,0.0,0.0
2015-03-25 23:00:00,0.0,0.0,0.0,0.0,0.0,0.0,0.0,0.0,0.0,0.0,0.0,0.0,0.0,0.0,0.0,0.0,0.0
2015-03-26 00:00:00,0.0,0.0,0.0,0.0,0.0,0.0,0.0,0.0,0.0,0.0,0.0,0.0,0.0,0.0,0.0,0.0,0.0
2015-03-26 01:00:00,0.0,0.0,0.0,0.0,0.0,0.0,0.0,0.0,0.0,0.0,0.0,0.0,0.0,0.0,0.0,0.0,0.0
2015-03-26 02:00:00,0.0,0.0,0.0,0.0,0.0,0.0,0.0,0.0,0.0,0.0,0.0,0.0,0.0,0.0,0.0,0.0,0.0
2015-03-26 03:00:00,0.0,0.0,0.0,0.0,0.0,0.0,0.0,0.0,0.0,0.0,0.0,0.0,0.0,0.0,0.0,0.0,0.0
2015-03-26 04:00:00,0.0,0.0,0.0,0.0,0.0,0.0,0.0,0.0,0.0,0.0,0.0,0.0,0.0,0.0,0.0,0.0,0.0
2015-03-26 05:00:00,0.0,0.0,0.0,0.001,0.0,0.0,0.0,0.0,0.0,0.0,0.001,0.0,0.0,0.0,0.0,0.0,0.0
2015-03-26 06:00:00,0.022,0.008,0.025,0.037,0.009,0.022,0.023,0.029,0.012,0.026,0.045,0.025,0.018,0.019,0.035,0.019,0.014
2015-03-26 07:00:00,0.059,0.027,0.073,0.082,0.036,0.061,0.055,0.073,0.04,0.048,0.105,0.067,0.053,0.055,0.086,0.052,0.058
2015-03-26 08:00:00,0.087,0.073,0.08,0.111,0.065,0.08,0.078,0.12,0.069,0.083,0.145,0.124,0.075,0.092,0.126,0.052,0.108
2015-03-26 09:00:00,0.122,0.113,0.086,0.143,0.125,0.13,0.133,0.163,0.115,0.16,0.198,0.154,0.113,0.137,0.179,0.06,0.14
2015-03-26 10:00:00,0.18,0.194,0.106,0.22,0.152,0.21,0.273,0.214,0.198,0.284,0.258,0.196,0.216,0.271,0.229,0.126,0.152
2015-03-26 11:00:00,0.236,0.249,0.139,0.365,0.179,0.304,0.383,0.255,0.29,0.411,0.284,0.2,0.322,0.394,0.259,0.199,0.148
2015-03-26 12:00:00,0.259,0.24,0.222,0.46,0.2,0.404,0.479,0.322,0.277,0.504,0.238,0.185,0.403,0.481,0.232,0.209,0.134
2015-03-26 13:00:00,0.232,0.223,0.227,0.51,0.233,0.347,0.5,0.324,0.236,0.49,0.145,0.169,0.394,0.511,0.153,0.154,0.075
2015-03-26 14:00:00,0.184,0.146,0.122,0.436,0.179,0.307,0.462,0.336,0.165,0.419,0.128,0.094,0.321,0.514,0.134,0.102,0.055
2015-03-26 15:00:00,0.156,0.184,0.063,0.33,0.184,0.197,0.391,0.239,0.16,0.405,0.174,0.03,0.233,0.433,0.102,0.1,0.038
2015-03-26 16:00:00,0.098,0.123,0.026,0.182,0.094,0.103,0.248,0.158,0.133,0.302,0.141,0.011,0.085,0.26,0.065,0.077,0.023
2015-03-26 17:00:00,0.046,0.081,0.013,0.09,0.057,0.037,0.114,0.053,0.036,0.134,0.084,0.002,0.031,0.079,0.021,0.041,0.007
2015-03-26 18:00:00,0.0,0.0,0.0,0.0,0.0,0.0,0.0,0.0,0.0,0.0,0.0,0.0,0.0,0.0,0.0,0.0,0.0
2015-03-26 19:00:00,0.0,0.0,0.0,0.0,0.0,0.0,0.0,0.0,0.0,0.0,0.0,0.0,0.0,0.0,0.0,0.0,0.0
2015-03-26 20:00:00,0.0,0.0,0.0,0.0,0.0,0.0,0.0,0.0,0.0,0.0,0.0,0.0,0.0,0.0,0.0,0.0,0.0
2015-03-26 21:00:00,0.0,0.0,0.0,0.0,0.0,0.0,0.0,0.0,0.0,0.0,0.0,0.0,0.0,0.0,0.0,0.0,0.0
2015-03-26 22:00:00,0.0,0.0,0.0,0.0,0.0,0.0,0.0,0.0,0.0,0.0,0.0,0.0,0.0,0.0,0.0,0.0,0.0
2015-03-26 23:00:00,0.0,0.0,0.0,0.0,0.0,0.0,0.0,0.0,0.0,0.0,0.0,0.0,0.0,0.0,0.0,0.0,0.0
2015-03-27 00:00:00,0.0,0.0,0.0,0.0,0.0,0.0,0.0,0.0,0.0,0.0,0.0,0.0,0.0,0.0,0.0,0.0,0.0
2015-03-27 01:00:00,0.0,0.0,0.0,0.0,0.0,0.0,0.0,0.0,0.0,0.0,0.0,0.0,0.0,0.0,0.0,0.0,0.0
2015-03-27 02:00:00,0.0,0.0,0.0,0.0,0.0,0.0,0.0,0.0,0.0,0.0,0.0,0.0,0.0,0.0,0.0,0.0,0.0
2015-03-27 03:00:00,0.0,0.0,0.0,0.0,0.0,0.0,0.0,0.0,0.0,0.0,0.0,0.0,0.0,0.0,0.0,0.0,0.0
2015-03-27 04:00:00,0.0,0.0,0.0,0.0,0.0,0.0,0.0,0.0,0.0,0.0,0.0,0.0,0.0,0.0,0.0,0.0,0.0
2015-03-27 05:00:00,0.0,0.0,0.0,0.002,0.0,0.0,0.0,0.0,0.0,0.001,0.002,0.0,0.0,0.0,0.0,0.0,0.0
2015-03-27 06:00:00,0.015,0.002,0.009,0.04,0.002,0.023,0.027,0.033,0.003,0.04,0.038,0.016,0.021,0.031,0.03,0.003,0.011
2015-03-27 07:00:00,0.042,0.037,0.023,0.067,0.04,0.058,0.061,0.06,0.02,0.061,0.08,0.042,0.058,0.056,0.058,0.018,0.047
2015-03-27 08:00:00,0.075,0.086,0.053,0.077,0.105,0.08,0.09,0.081,0.036,0.074,0.098,0.072,0.074,0.079,0.102,0.049,0.088
2015-03-27 09:00:00,0.11,0.118,0.065,0.155,0.126,0.116,0.142,0.132,0.075,0.158,0.158,0.072,0.104,0.143,0.134,0.075,0.127
2015-03-27 10:00:00,0.164,0.179,0.047,0.299,0.195,0.171,0.245,0.253,0.059,0.307,0.271,0.085,0.108,0.281,0.188,0.098,0.159
2015-03-27 11:00:00,0.215,0.213,0.051,0.414,0.256,0.223,0.342,0.347,0.074,0.431,0.376,0.082,0.128,0.401,0.272,0.132,0.166
2015-03-27 12:00:00,0.261,0.265,0.072,0.504,0.312,0.238,0.343,0.428,0.131,0.506,0.439,0.082,0.11,0.454,0.291,0.175,0.247
2015-03-27 13:00:00,0.264,0.26,0.077,0.544,0.335,0.171,0.256,0.412,0.119,0.489,0.447,0.071,0.082,0.405,0.268,0.193,0.285
2015-03-27 14:00:00,0.235,0.267,0.113,0.511,0.333,0.099,0.171,0.283,0.098,0.384,0.452,0.077,0.066,0.292,0.212,0.164,0.285
2015-03-27 15:00:00,0.199,0.279,0.052,0.406,0.316,0.049,0.091,0.149,0.086,0.251,0.356,0.062,0.033,0.153,0.151,0.166,0.311
2015-03-27 16:00:00,0.128,0.214,0.019,0.252,0.243,0.03,0.024,0.081,0.066,0.143,0.242,0.036,0.015,0.059,0.069,0.1,0.214
2015-03-27 17:00:00,0.054,0.105,0.024,0.066,0.122,0.017,0.004,0.015,0.033,0.046,0.091,0.02,0.004,0.006,0.019,0.041,0.107
2015-03-27 18:00:00,0.0,0.0,0.0,0.0,0.0,0.0,0.0,0.0,0.0,0.0,0.0,0.0,0.0,0.0,0.0,0.0,0.0
2015-03-27 19:00:00,0.0,0.0,0.0,0.0,0.0,0.0,0.0,0.0,0.0,0.0,0.0,0.0,0.0,0.0,0.0,0.0,0.0
2015-03-27 20:00:00,0.0,0.0,0.0,0.0,0.0,0.0,0.0,0.0,0.0,0.0,0.0,0.0,0.0,0.0,0.0,0.0,0.0
2015-03-27 21:00:00,0.0,0.0,0.0,0.0,0.0,0.0,0.0,0.0,0.0,0.0,0.0,0.0,0.0,0.0,0.0,0.0,0.0
2015-03-27 22:00:00,0.0,0.0,0.0,0.0,0.0,0.0,0.0,0.0,0.0,0.0,0.0,0.0,0.0,0.0,0.0,0.0,0.0
2015-03-27 23:00:00,0.0,0.0,0.0,0.0,0.0,0.0,0.0,0.0,0.0,0.0,0.0,0.0,0.0,0.0,0.0,0.0,0.0
2015-03-28 00:00:00,0.0,0.0,0.0,0.0,0.0,0.0,0.0,0.0,0.0,0.0,0.0,0.0,0.0,0.0,0.0,0.0,0.0
2015-03-28 01:00:00,0.0,0.0,0.0,0.0,0.0,0.0,0.0,0.0,0.0,0.0,0.0,0.0,0.0,0.0,0.0,0.0,0.0
2015-03-28 02:00:00,0.0,0.0,0.0,0.0,0.0,0.0,0.0,0.0,0.0,0.0,0.0,0.0,0.0,0.0,0.0,0.0,0.0
2015-03-28 03:00:00,0.0,0.0,0.0,0.0,0.0,0.0,0.0,0.0,0.0,0.0,0.0,0.0,0.0,0.0,0.0,0.0,0.0
2015-03-28 04:00:00,0.0,0.0,0.0,0.0,0.0,0.0,0.0,0.0,0.0,0.0,0.0,0.0,0.0,0.0,0.0,0.0,0.0
2015-03-28 05:00:00,0.0,0.0,0.0,0.0,0.0,0.0,0.0,0.0,0.0,0.0,0.0,0.0,0.0,0.0,0.0,0.0,0.0
2015-03-28 06:00:00,0.016,0.012,0.023,0.007,0.008,0.03,0.012,0.029,0.015,0.005,0.006,0.023,0.018,0.008,0.025,0.015,0.011
2015-03-28 07:00:00,0.055,0.045,0.075,0.022,0.044,0.081,0.052,0.067,0.073,0.018,0.016,0.067,0.081,0.047,0.073,0.056,0.057
2015-03-28 08:00:00,0.086,0.073,0.125,0.027,0.075,0.113,0.084,0.091,0.084,0.018,0.032,0.106,0.115,0.051,0.112,0.101,0.087
2015-03-28 09:00:00,0.116,0.113,0.161,0.036,0.119,0.158,0.126,0.107,0.138,0.045,0.046,0.126,0.155,0.084,0.144,0.132,0.102
2015-03-28 10:00:00,0.179,0.229,0.212,0.052,0.22,0.183,0.161,0.124,0.219,0.06,0.047,0.218,0.201,0.063,0.172,0.2,0.228
2015-03-28 11:00:00,0.219,0.289,0.235,0.06,0.284,0.244,0.184,0.164,0.263,0.072,0.062,0.316,0.215,0.092,0.191,0.221,0.311
2015-03-28 12:00:00,0.263,0.346,0.303,0.077,0.345,0.294,0.213,0.233,0.279,0.081,0.076,0.404,0.238,0.147,0.244,0.251,0.346
2015-03-28 13:00:00,0.281,0.37,0.301,0.076,0.36,0.327,0.278,0.274,0.295,0.075,0.099,0.418,0.295,0.218,0.239,0.289,0.309
2015-03-28 14:00:00,0.273,0.348,0.316,0.076,0.312,0.291,0.303,0.245,0.298,0.053,0.096,0.407,0.302,0.222,0.226,0.294,0.314
2015-03-28 15:00:00,0.253,0.326,0.278,0.03,0.274,0.319,0.279,0.2,0.289,0.047,0.056,0.369,0.276,0.172,0.219,0.282,0.336
2015-03-28 16:00:00,0.196,0.246,0.288,0.025,0.183,0.183,0.168,0.143,0.201,0.031,0.041,0.3,0.209,0.115,0.185,0.229,0.256
2015-03-28 17:00:00,0.1,0.117,0.122,0.002,0.109,0.103,0.087,0.049,0.11,0.003,0.01,0.167,0.112,0.036,0.083,0.125,0.139
2015-03-28 18:00:00,0.0,0.0,0.0,0.0,0.0,0.0,0.0,0.0,0.0,0.0,0.0,0.0,0.0,0.0,0.0,0.0,0.0
2015-03-28 19:00:00,0.0,0.0,0.0,0.0,0.0,0.0,0.0,0.0,0.0,0.0,0.0,0.0,0.0,0.0,0.0,0.0,0.0
2015-03-28 20:00:00,0.0,0.0,0.0,0.0,0.0,0.0,0.0,0.0,0.0,0.0,0.0,0.0,0.0,0.0,0.0,0.0,0.0
2015-03-28 21:00:00,0.0,0.0,0.0,0.0,0.0,0.0,0.0,0.0,0.0,0.0,0.0,0.0,0.0,0.0,0.0,0.0,0.0
2015-03-28 22:00:00,0.0,0.0,0.0,0.0,0.0,0.0,0.0,0.0,0.0,0.0,0.0,0.0,0.0,0.0,0.0,0.0,0.0
2015-03-28 23:00:00,0.0,0.0,0.0,0.0,0.0,0.0,0.0,0.0,0.0,0.0,0.0,0.0,0.0,0.0,0.0,0.0,0.0
2015-03-29 00:00:00,0.0,0.0,0.0,0.0,0.0,0.0,0.0,0.0,0.0,0.0,0.0,0.0,0.0,0.0,0.0,0.0,0.0
2015-03-29 01:00:00,0.0,0.0,0.0,0.0,0.0,0.0,0.0,0.0,0.0,0.0,0.0,0.0,0.0,0.0,0.0,0.0,0.0
2015-03-29 02:00:00,0.0,0.0,0.0,0.0,0.0,0.0,0.0,0.0,0.0,0.0,0.0,0.0,0.0,0.0,0.0,0.0,0.0
2015-03-29 03:00:00,0.0,0.0,0.0,0.0,0.0,0.0,0.0,0.0,0.0,0.0,0.0,0.0,0.0,0.0,0.0,0.0,0.0
2015-03-29 04:00:00,0.0,0.0,0.0,0.0,0.0,0.0,0.0,0.0,0.0,0.0,0.0,0.0,0.0,0.0,0.0,0.0,0.0
2015-03-29 05:00:00,0.0,0.0,0.0,0.001,0.0,0.0,0.0,0.001,0.0,0.001,0.002,0.0,0.0,0.001,0.001,0.0,0.0
2015-03-29 06:00:00,0.02,0.006,0.026,0.031,0.007,0.031,0.033,0.038,0.026,0.038,0.031,0.023,0.031,0.038,0.039,0.012,0.003
2015-03-29 07:00:00,0.056,0.046,0.057,0.068,0.013,0.089,0.077,0.096,0.044,0.068,0.081,0.058,0.076,0.066,0.096,0.051,0.018
2015-03-29 08:00:00,0.082,0.069,0.108,0.088,0.014,0.134,0.094,0.138,0.116,0.13,0.111,0.09,0.106,0.094,0.144,0.068,0.022
2015-03-29 09:00:00,0.105,0.056,0.118,0.152,0.029,0.149,0.193,0.173,0.142,0.185,0.165,0.093,0.158,0.178,0.172,0.076,0.042
2015-03-29 10:00:00,0.156,0.065,0.129,0.239,0.077,0.273,0.329,0.299,0.206,0.254,0.249,0.118,0.295,0.296,0.275,0.075,0.081
2015-03-29 11:00:00,0.183,0.105,0.078,0.273,0.16,0.309,0.455,0.379,0.139,0.316,0.343,0.105,0.337,0.409,0.331,0.053,0.116
2015-03-29 12:00:00,0.21,0.17,0.07,0.335,0.231,0.247,0.526,0.373,0.105,0.405,0.349,0.079,0.32,0.457,0.299,0.1,0.159
2015-03-29 13:00:00,0.207,0.197,0.043,0.321,0.251,0.194,0.464,0.382,0.076,0.383,0.249,0.08,0.148,0.421,0.273,0.128,0.2
2015-03-29 14:00:00,0.178,0.145,0.075,0.261,0.153,0.136,0.287,0.295,0.117,0.332,0.224,0.043,0.095,0.41,0.195,0.158,0.204
2015-03-29 15:00:00,0.109,0.062,0.082,0.276,0.052,0.058,0.092,0.152,0.096,0.316,0.182,0.059,0.054,0.231,0.082,0.092,0.107
2015-03-29 16:00:00,0.066,0.032,0.087,0.156,0.034,0.047,0.042,0.045,0.097,0.214,0.065,0.062,0.073,0.075,0.028,0.06,0.076
2015-03-29 17:00:00,0.018,0.004,0.012,0.078,0.004,0.009,0.006,0.014,0.011,0.103,0.037,0.018,0.017,0.032,0.013,0.007,0.011
2015-03-29 18:00:00,0.0,0.0,0.0,0.0,0.0,0.0,0.0,0.0,0.0,0.0,0.0,0.0,0.0,0.0,0.0,0.0,0.0
2015-03-29 19:00:00,0.0,0.0,0.0,0.0,0.0,0.0,0.0,0.0,0.0,0.0,0.0,0.0,0.0,0.0,0.0,0.0,0.0
2015-03-29 20:00:00,0.0,0.0,0.0,0.0,0.0,0.0,0.0,0.0,0.0,0.0,0.0,0.0,0.0,0.0,0.0,0.0,0.0
2015-03-29 21:00:00,0.0,0.0,0.0,0.0,0.0,0.0,0.0,0.0,0.0,0.0,0.0,0.0,0.0,0.0,0.0,0.0,0.0
2015-03-29 22:00:00,0.0,0.0,0.0,0.0,0.0,0.0,0.0,0.0,0.0,0.0,0.0,0.0,0.0,0.0,0.0,0.0,0.0
2015-03-29 23:00:00,0.0,0.0,0.0,0.0,0.0,0.0,0.0,0.0,0.0,0.0,0.0,0.0,0.0,0.0,0.0,0.0,0.0
2015-03-30 00:00:00,0.0,0.0,0.0,0.0,0.0,0.0,0.0,0.0,0.0,0.0,0.0,0.0,0.0,0.0,0.0,0.0,0.0
2015-03-30 01:00:00,0.0,0.0,0.0,0.0,0.0,0.0,0.0,0.0,0.0,0.0,0.0,0.0,0.0,0.0,0.0,0.0,0.0
2015-03-30 02:00:00,0.0,0.0,0.0,0.0,0.0,0.0,0.0,0.0,0.0,0.0,0.0,0.0,0.0,0.0,0.0,0.0,0.0
2015-03-30 03:00:00,0.0,0.0,0.0,0.0,0.0,0.0,0.0,0.0,0.0,0.0,0.0,0.0,0.0,0.0,0.0,0.0,0.0
2015-03-30 04:00:00,0.0,0.0,0.0,0.0,0.0,0.0,0.0,0.0,0.0,0.0,0.0,0.0,0.0,0.0,0.0,0.0,0.0
2015-03-30 05:00:00,0.0,0.0,0.0,0.0,0.0,0.0,0.0,0.0,0.0,0.0,0.0,0.0,0.0,0.0,0.0,0.0,0.0
2015-03-30 06:00:00,0.014,0.022,0.019,0.01,0.016,0.027,0.017,0.008,0.025,0.013,0.004,0.009,0.017,0.012,0.006,0.018,0.005
2015-03-30 07:00:00,0.045,0.06,0.043,0.024,0.049,0.067,0.056,0.042,0.079,0.03,0.018,0.031,0.079,0.027,0.032,0.06,0.026
2015-03-30 08:00:00,0.083,0.096,0.092,0.054,0.09,0.099,0.105,0.102,0.078,0.066,0.049,0.063,0.094,0.107,0.078,0.098,0.054
2015-03-30 09:00:00,0.127,0.12,0.143,0.139,0.121,0.15,0.156,0.168,0.136,0.138,0.098,0.081,0.14,0.171,0.128,0.131,0.09
2015-03-30 10:00:00,0.241,0.23,0.27,0.284,0.224,0.292,0.285,0.293,0.267,0.246,0.226,0.112,0.28,0.305,0.219,0.271,0.164
2015-03-30 11:00:00,0.336,0.359,0.386,0.395,0.347,0.409,0.367,0.409,0.258,0.282,0.363,0.155,0.301,0.417,0.316,0.356,0.263
2015-03-30 12:00:00,0.382,0.467,0.392,0.486,0.395,0.426,0.449,0.456,0.35,0.358,0.447,0.213,0.304,0.445,0.358,0.374,0.307
2015-03-30 13:00:00,0.412,0.515,0.434,0.484,0.412,0.436,0.453,0.458,0.44,0.411,0.418,0.264,0.364,0.389,0.333,0.441,0.34
2015-03-30 14:00:00,0.357,0.419,0.349,0.396,0.279,0.413,0.224,0.332,0.506,0.368,0.425,0.193,0.409,0.251,0.307,0.412,0.345
2015-03-30 15:00:00,0.311,0.308,0.409,0.225,0.302,0.362,0.347,0.33,0.485,0.231,0.324,0.171,0.47,0.158,0.299,0.322,0.325
2015-03-30 16:00:00,0.212,0.268,0.184,0.138,0.191,0.176,0.341,0.264,0.261,0.068,0.22,0.092,0.333,0.196,0.231,0.228,0.248
2015-03-30 17:00:00,0.106,0.093,0.117,0.053,0.154,0.087,0.204,0.095,0.09,0.028,0.115,0.032,0.096,0.124,0.102,0.112,0.149
2015-03-30 18:00:00,0.0,0.0,0.0,0.0,0.0,0.0,0.0,0.0,0.0,0.0,0.0,0.0,0.0,0.0,0.0,0.0,0.0
2015-03-30 19:00:00,0.0,0.0,0.0,0.0,0.0,0.0,0.0,0.0,0.0,0.0,0.0,0.0,0.0,0.0,0.0,0.0,0.0
2015-03-30 20:00:00,0.0,0.0,0.0,0.0,0.0,0.0,0.0,0.0,0.0,0.0,0.0,0.0,0.0,0.0,0.0,0.0,0.0
2015-03-30 21:00:00,0.0,0.0,0.0,0.0,0.0,0.0,0.0,0.0,0.0,0.0,0.0,0.0,0.0,0.0,0.0,0.0,0.0
2015-03-30 22:00:00,0.0,0.0,0.0,0.0,0.0,0.0,0.0,0.0,0.0,0.0,0.0,0.0,0.0,0.0,0.0,0.0,0.0
2015-03-30 23:00:00,0.0,0.0,0.0,0.0,0.0,0.0,0.0,0.0,0.0,0.0,0.0,0.0,0.0,0.0,0.0,0.0,0.0
2015-03-31 00:00:00,0.0,0.0,0.0,0.0,0.0,0.0,0.0,0.0,0.0,0.0,0.0,0.0,0.0,0.0,0.0,0.0,0.0
2015-03-31 01:00:00,0.0,0.0,0.0,0.0,0.0,0.0,0.0,0.0,0.0,0.0,0.0,0.0,0.0,0.0,0.0,0.0,0.0
2015-03-31 02:00:00,0.0,0.0,0.0,0.0,0.0,0.0,0.0,0.0,0.0,0.0,0.0,0.0,0.0,0.0,0.0,0.0,0.0
2015-03-31 03:00:00,0.0,0.0,0.0,0.0,0.0,0.0,0.0,0.0,0.0,0.0,0.0,0.0,0.0,0.0,0.0,0.0,0.0
2015-03-31 04:00:00,0.0,0.0,0.0,0.0,0.0,0.0,0.0,0.0,0.0,0.0,0.0,0.0,0.0,0.0,0.0,0.0,0.0
2015-03-31 05:00:00,0.001,0.0,0.0,0.003,0.0,0.0,0.001,0.001,0.0,0.003,0.003,0.0,0.0,0.002,0.001,0.0,0.0
2015-03-31 06:00:00,0.029,0.019,0.028,0.041,0.015,0.035,0.042,0.031,0.031,0.05,0.038,0.028,0.04,0.045,0.03,0.03,0.019
2015-03-31 07:00:00,0.07,0.037,0.089,0.091,0.022,0.09,0.106,0.08,0.061,0.082,0.092,0.089,0.101,0.073,0.083,0.07,0.052
2015-03-31 08:00:00,0.102,0.04,0.138,0.122,0.028,0.147,0.147,0.126,0.094,0.117,0.121,0.138,0.142,0.147,0.124,0.098,0.081
2015-03-31 09:00:00,0.125,0.026,0.154,0.198,0.029,0.184,0.14,0.214,0.052,0.237,0.182,0.182,0.139,0.226,0.195,0.087,0.083
2015-03-31 10:00:00,0.138,0.073,0.116,0.3,0.033,0.161,0.106,0.263,0.057,0.261,0.297,0.189,0.085,0.192,0.27,0.072,0.062
2015-03-31 11:00:00,0.14,0.183,0.108,0.272,0.112,0.109,0.066,0.22,0.088,0.215,0.291,0.197,0.057,0.141,0.255,0.061,0.073
2015-03-31 12:00:00,0.159,0.265,0.083,0.201,0.31,0.075,0.097,0.142,0.235,0.17,0.213,0.17,0.139,0.106,0.216,0.077,0.134
2015-03-31 13:00:00,0.184,0.352,0.042,0.142,0.399,0.042,0.212,0.082,0.27,0.129,0.219,0.092,0.139,0.086,0.164,0.157,0.236
2015-03-31 14:00:00,0.234,0.513,0.064,0.098,0.502,0.062,0.183,0.061,0.277,0.075,0.139,0.071,0.19,0.092,0.1,0.324,0.245
2015-03-31 15:00:00,0.205,0.42,0.134,0.037,0.315,0.134,0.134,0.027,0.446,0.049,0.075,0.054,0.199,0.063,0.053,0.363,0.145
2015-03-31 16:00:00,0.121,0.262,0.111,0.013,0.238,0.145,0.111,0.019,0.243,0.049,0.024,0.041,0.251,0.065,0.021,0.147,0.108
2015-03-31 17:00:00,0.061,0.168,0.039,0.008,0.1,0.075,0.078,0.029,0.134,0.042,0.001,0.01,0.136,0.093,0.003,0.082,0.014
2015-03-31 18:00:00,0.0,0.0,0.0,0.0,0.0,0.0,0.0,0.0,0.0,0.0,0.0,0.0,0.0,0.0,0.0,0.0,0.0
2015-03-31 19:00:00,0.0,0.0,0.0,0.0,0.0,0.0,0.0,0.0,0.0,0.0,0.0,0.0,0.0,0.0,0.0,0.0,0.0
2015-03-31 20:00:00,0.0,0.0,0.0,0.0,0.0,0.0,0.0,0.0,0.0,0.0,0.0,0.0,0.0,0.0,0.0,0.0,0.0
2015-03-31 21:00:00,0.0,0.0,0.0,0.0,0.0,0.0,0.0,0.0,0.0,0.0,0.0,0.0,0.0,0.0,0.0,0.0,0.0
2015-03-31 22:00:00,0.0,0.0,0.0,0.0,0.0,0.0,0.0,0.0,0.0,0.0,0.0,0.0,0.0,0.0,0.0,0.0,0.0
2015-03-31 23:00:00,0.0,0.0,0.0,0.0,0.0,0.0,0.0,0.0,0.0,0.0,0.0,0.0,0.0,0.0,0.0,0.0,0.0
2015-04-01 00:00:00,0.0,0.0,0.0,0.0,0.0,0.0,0.0,0.0,0.0,0.0,0.0,0.0,0.0,0.0,0.0,0.0,0.0
2015-04-01 01:00:00,0.0,0.0,0.0,0.0,0.0,0.0,0.0,0.0,0.0,0.0,0.0,0.0,0.0,0.0,0.0,0.0,0.0
2015-04-01 02:00:00,0.0,0.0,0.0,0.0,0.0,0.0,0.0,0.0,0.0,0.0,0.0,0.0,0.0,0.0,0.0,0.0,0.0
2015-04-01 03:00:00,0.0,0.0,0.0,0.0,0.0,0.0,0.0,0.0,0.0,0.0,0.0,0.0,0.0,0.0,0.0,0.0,0.0
2015-04-01 04:00:00,0.0,0.0,0.0,0.0,0.0,0.0,0.0,0.0,0.0,0.0,0.0,0.0,0.0,0.0,0.0,0.0,0.0
2015-04-01 05:00:00,0.001,0.0,0.0,0.004,0.0,0.0,0.001,0.0,0.0,0.004,0.0,0.0,0.0,0.003,0.0,0.0,0.0
2015-04-01 06:00:00,0.023,0.026,0.024,0.035,0.017,0.027,0.036,0.023,0.033,0.039,0.014,0.026,0.031,0.04,0.012,0.019,0.018
2015-04-01 07:00:00,0.063,0.069,0.077,0.069,0.054,0.062,0.094,0.055,0.068,0.086,0.051,0.074,0.07,0.067,0.06,0.057,0.059
2015-04-01 08:00:00,0.111,0.123,0.135,0.133,0.096,0.126,0.134,0.127,0.095,0.115,0.063,0.124,0.103,0.124,0.103,0.106,0.11
2015-04-01 09:00:00,0.165,0.164,0.204,0.184,0.17,0.188,0.186,0.205,0.162,0.162,0.132,0.169,0.129,0.15,0.151,0.151,0.158
2015-04-01 10:00:00,0.246,0.286,0.278,0.262,0.255,0.257,0.25,0.29,0.262,0.224,0.198,0.227,0.18,0.201,0.204,0.245,0.25
2015-04-01 11:00:00,0.319,0.336,0.333,0.329,0.323,0.285,0.328,0.336,0.371,0.314,0.305,0.282,0.234,0.247,0.26,0.342,0.342
2015-04-01 12:00:00,0.337,0.347,0.336,0.329,0.394,0.327,0.346,0.314,0.361,0.33,0.315,0.317,0.333,0.276,0.259,0.339,0.384
2015-04-01 13:00:00,0.355,0.428,0.322,0.32,0.388,0.309,0.418,0.3,0.39,0.302,0.318,0.312,0.422,0.26,0.26,0.388,0.408
2015-04-01 14:00:00,0.314,0.381,0.308,0.29,0.375,0.292,0.325,0.289,0.347,0.325,0.287,0.332,0.279,0.27,0.256,0.292,0.349
2015-04-01 15:00:00,0.279,0.385,0.253,0.215,0.371,0.229,0.342,0.197,0.377,0.231,0.151,0.29,0.303,0.201,0.167,0.305,0.3
2015-04-01 16:00:00,0.183,0.294,0.167,0.104,0.229,0.146,0.178,0.115,0.232,0.14,0.077,0.242,0.194,0.115,0.116,0.19,0.237
2015-04-01 17:00:00,0.086,0.118,0.112,0.041,0.072,0.067,0.067,0.037,0.136,0.056,0.026,0.165,0.117,0.049,0.047,0.087,0.127
2015-04-01 18:00:00,0.0,0.0,0.0,0.0,0.0,0.0,0.0,0.0,0.0,0.0,0.0,0.0,0.0,0.0,0.0,0.0,0.0
2015-04-01 19:00:00,0.0,0.0,0.0,0.0,0.0,0.0,0.0,0.0,0.0,0.0,0.0,0.0,0.0,0.0,0.0,0.0,0.0
2015-04-01 20:00:00,0.0,0.0,0.0,0.0,0.0,0.0,0.0,0.0,0.0,0.0,0.0,0.0,0.0,0.0,0.0,0.0,0.0
2015-04-01 21:00:00,0.0,0.0,0.0,0.0,0.0,0.0,0.0,0.0,0.0,0.0,0.0,0.0,0.0,0.0,0.0,0.0,0.0
2015-04-01 22:00:00,0.0,0.0,0.0,0.0,0.0,0.0,0.0,0.0,0.0,0.0,0.0,0.0,0.0,0.0,0.0,0.0,0.0
2015-04-01 23:00:00,0.0,0.0,0.0,0.0,0.0,0.0,0.0,0.0,0.0,0.0,0.0,0.0,0.0,0.0,0.0,0.0,0.0
2015-04-02 00:00:00,0.0,0.0,0.0,0.0,0.0,0.0,0.0,0.0,0.0,0.0,0.0,0.0,0.0,0.0,0.0,0.0,0.0
2015-04-02 01:00:00,0.0,0.0,0.0,0.0,0.0,0.0,0.0,0.0,0.0,0.0,0.0,0.0,0.0,0.0,0.0,0.0,0.0
2015-04-02 02:00:00,0.0,0.0,0.0,0.0,0.0,0.0,0.0,0.0,0.0,0.0,0.0,0.0,0.0,0.0,0.0,0.0,0.0
2015-04-02 03:00:00,0.0,0.0,0.0,0.0,0.0,0.0,0.0,0.0,0.0,0.0,0.0,0.0,0.0,0.0,0.0,0.0,0.0
2015-04-02 04:00:00,0.0,0.0,0.0,0.0,0.0,0.0,0.0,0.0,0.0,0.0,0.0,0.0,0.0,0.0,0.0,0.0,0.0
2015-04-02 05:00:00,0.001,0.0,0.0,0.005,0.0,0.002,0.003,0.004,0.0,0.006,0.004,0.001,0.001,0.005,0.003,0.0,0.0
2015-04-02 06:00:00,0.032,0.029,0.034,0.046,0.019,0.036,0.041,0.038,0.04,0.047,0.036,0.03,0.039,0.046,0.033,0.028,0.023
2015-04-02 07:00:00,0.077,0.066,0.083,0.099,0.047,0.086,0.081,0.085,0.09,0.089,0.086,0.078,0.102,0.087,0.081,0.078,0.067
2015-04-02 08:00:00,0.119,0.089,0.138,0.129,0.088,0.147,0.172,0.132,0.126,0.115,0.12,0.115,0.158,0.134,0.112,0.123,0.111
2015-04-02 09:00:00,0.157,0.119,0.184,0.202,0.124,0.192,0.216,0.187,0.114,0.22,0.174,0.15,0.186,0.206,0.177,0.147,0.114
2015-04-02 10:00:00,0.251,0.246,0.281,0.327,0.224,0.252,0.29,0.286,0.198,0.363,0.288,0.27,0.166,0.308,0.28,0.208,0.236
2015-04-02 11:00:00,0.329,0.275,0.364,0.454,0.34,0.307,0.256,0.406,0.216,0.436,0.444,0.371,0.166,0.329,0.4,0.24,0.36
2015-04-02 12:00:00,0.383,0.356,0.368,0.529,0.474,0.279,0.252,0.493,0.251,0.412,0.543,0.437,0.25,0.325,0.495,0.252,0.433
2015-04-02 13:00:00,0.402,0.416,0.327,0.493,0.519,0.257,0.182,0.454,0.253,0.312,0.555,0.527,0.177,0.275,0.534,0.302,0.482
2015-04-02 14:00:00,0.382,0.484,0.304,0.385,0.481,0.252,0.096,0.367,0.265,0.209,0.536,0.528,0.152,0.152,0.51,0.315,0.461
2015-04-02 15:00:00,0.324,0.397,0.218,0.186,0.317,0.242,0.055,0.258,0.216,0.12,0.486,0.482,0.129,0.091,0.454,0.353,0.389
2015-04-02 16:00:00,0.237,0.303,0.18,0.069,0.259,0.174,0.036,0.169,0.242,0.039,0.307,0.389,0.121,0.047,0.325,0.222,0.378
2015-04-02 17:00:00,0.13,0.163,0.101,0.017,0.167,0.092,0.005,0.078,0.149,0.003,0.136,0.193,0.079,0.014,0.129,0.145,0.214
2015-04-02 18:00:00,0.0,0.0,0.0,0.0,0.0,0.0,0.0,0.0,0.0,0.0,0.0,0.0,0.0,0.0,0.0,0.0,0.0
2015-04-02 19:00:00,0.0,0.0,0.0,0.0,0.0,0.0,0.0,0.0,0.0,0.0,0.0,0.0,0.0,0.0,0.0,0.0,0.0
2015-04-02 20:00:00,0.0,0.0,0.0,0.0,0.0,0.0,0.0,0.0,0.0,0.0,0.0,0.0,0.0,0.0,0.0,0.0,0.0
2015-04-02 21:00:00,0.0,0.0,0.0,0.0,0.0,0.0,0.0,0.0,0.0,0.0,0.0,0.0,0.0,0.0,0.0,0.0,0.0
2015-04-02 22:00:00,0.0,0.0,0.0,0.0,0.0,0.0,0.0,0.0,0.0,0.0,0.0,0.0,0.0,0.0,0.0,0.0,0.0
2015-04-02 23:00:00,0.0,0.0,0.0,0.0,0.0,0.0,0.0,0.0,0.0,0.0,0.0,0.0,0.0,0.0,0.0,0.0,0.0
2015-04-03 00:00:00,0.0,0.0,0.0,0.0,0.0,0.0,0.0,0.0,0.0,0.0,0.0,0.0,0.0,0.0,0.0,0.0,0.0
2015-04-03 01:00:00,0.0,0.0,0.0,0.0,0.0,0.0,0.0,0.0,0.0,0.0,0.0,0.0,0.0,0.0,0.0,0.0,0.0
2015-04-03 02:00:00,0.0,0.0,0.0,0.0,0.0,0.0,0.0,0.0,0.0,0.0,0.0,0.0,0.0,0.0,0.0,0.0,0.0
2015-04-03 03:00:00,0.0,0.0,0.0,0.0,0.0,0.0,0.0,0.0,0.0,0.0,0.0,0.0,0.0,0.0,0.0,0.0,0.0
2015-04-03 04:00:00,0.0,0.0,0.0,0.0,0.0,0.0,0.0,0.0,0.0,0.0,0.0,0.0,0.0,0.0,0.0,0.0,0.0
2015-04-03 05:00:00,0.001,0.0,0.001,0.007,0.0,0.001,0.001,0.003,0.0,0.005,0.005,0.001,0.0,0.003,0.003,0.0,0.0
2015-04-03 06:00:00,0.034,0.031,0.034,0.048,0.025,0.034,0.035,0.039,0.027,0.05,0.045,0.032,0.029,0.038,0.04,0.031,0.025
2015-04-03 07:00:00,0.074,0.071,0.069,0.106,0.056,0.085,0.086,0.099,0.059,0.097,0.114,0.058,0.058,0.091,0.088,0.066,0.053
2015-04-03 08:00:00,0.125,0.14,0.129,0.147,0.112,0.143,0.148,0.139,0.124,0.147,0.145,0.087,0.124,0.146,0.115,0.127,0.102
2015-04-03 09:00:00,0.184,0.187,0.183,0.222,0.157,0.193,0.208,0.192,0.187,0.243,0.22,0.138,0.203,0.196,0.197,0.19,0.142
2015-04-03 10:00:00,0.286,0.291,0.295,0.289,0.217,0.31,0.286,0.296,0.305,0.353,0.299,0.282,0.308,0.298,0.295,0.294,0.263
2015-04-03 11:00:00,0.393,0.387,0.424,0.438,0.318,0.415,0.374,0.419,0.422,0.445,0.365,0.405,0.416,0.4,0.37,0.404,0.377
2015-04-03 12:00:00,0.464,0.47,0.478,0.542,0.382,0.445,0.39,0.436,0.509,0.487,0.399,0.432,0.446,0.467,0.412,0.51,0.489
2015-04-03 13:00:00,0.482,0.551,0.401,0.511,0.465,0.437,0.356,0.424,0.605,0.507,0.382,0.448,0.453,0.417,0.393,0.539,0.546
2015-04-03 14:00:00,0.506,0.571,0.443,0.441,0.546,0.47,0.45,0.385,0.608,0.397,0.399,0.467,0.562,0.408,0.422,0.589,0.553
2015-04-03 15:00:00,0.434,0.532,0.358,0.334,0.538,0.395,0.381,0.25,0.536,0.315,0.317,0.379,0.513,0.346,0.316,0.543,0.424
2015-04-03 16:00:00,0.298,0.435,0.21,0.204,0.418,0.224,0.273,0.138,0.401,0.217,0.203,0.303,0.351,0.225,0.198,0.346,0.319
2015-04-03 17:00:00,0.153,0.258,0.049,0.047,0.217,0.092,0.16,0.051,0.227,0.112,0.119,0.192,0.167,0.074,0.11,0.164,0.227
2015-04-03 18:00:00,0.0,0.0,0.0,0.0,0.0,0.0,0.0,0.0,0.0,0.0,0.0,0.0,0.0,0.0,0.0,0.0,0.0
2015-04-03 19:00:00,0.0,0.0,0.0,0.0,0.0,0.0,0.0,0.0,0.0,0.0,0.0,0.0,0.0,0.0,0.0,0.0,0.0
2015-04-03 20:00:00,0.0,0.0,0.0,0.0,0.0,0.0,0.0,0.0,0.0,0.0,0.0,0.0,0.0,0.0,0.0,0.0,0.0
2015-04-03 21:00:00,0.0,0.0,0.0,0.0,0.0,0.0,0.0,0.0,0.0,0.0,0.0,0.0,0.0,0.0,0.0,0.0,0.0
2015-04-03 22:00:00,0.0,0.0,0.0,0.0,0.0,0.0,0.0,0.0,0.0,0.0,0.0,0.0,0.0,0.0,0.0,0.0,0.0
2015-04-03 23:00:00,0.0,0.0,0.0,0.0,0.0,0.0,0.0,0.0,0.0,0.0,0.0,0.0,0.0,0.0,0.0,0.0,0.0
2015-04-04 00:00:00,0.0,0.0,0.0,0.0,0.0,0.0,0.0,0.0,0.0,0.0,0.0,0.0,0.0,0.0,0.0,0.0,0.0
2015-04-04 01:00:00,0.0,0.0,0.0,0.0,0.0,0.0,0.0,0.0,0.0,0.0,0.0,0.0,0.0,0.0,0.0,0.0,0.0
2015-04-04 02:00:00,0.0,0.0,0.0,0.0,0.0,0.0,0.0,0.0,0.0,0.0,0.0,0.0,0.0,0.0,0.0,0.0,0.0
2015-04-04 03:00:00,0.0,0.0,0.0,0.0,0.0,0.0,0.0,0.0,0.0,0.0,0.0,0.0,0.0,0.0,0.0,0.0,0.0
2015-04-04 04:00:00,0.0,0.0,0.0,0.0,0.0,0.0,0.0,0.0,0.0,0.0,0.0,0.0,0.0,0.0,0.0,0.0,0.0
2015-04-04 05:00:00,0.002,0.0,0.002,0.004,0.0,0.004,0.004,0.005,0.0,0.006,0.006,0.002,0.002,0.005,0.005,0.001,0.0
2015-04-04 06:00:00,0.035,0.032,0.033,0.048,0.026,0.038,0.046,0.045,0.034,0.049,0.045,0.034,0.037,0.044,0.045,0.031,0.026
2015-04-04 07:00:00,0.069,0.065,0.059,0.089,0.053,0.074,0.089,0.087,0.074,0.095,0.083,0.071,0.086,0.099,0.082,0.058,0.052
2015-04-04 08:00:00,0.105,0.096,0.088,0.136,0.071,0.127,0.133,0.14,0.124,0.14,0.137,0.104,0.131,0.13,0.129,0.09,0.083
2015-04-04 09:00:00,0.168,0.157,0.167,0.212,0.111,0.206,0.242,0.209,0.198,0.186,0.211,0.172,0.21,0.215,0.207,0.149,0.11
2015-04-04 10:00:00,0.299,0.308,0.301,0.292,0.277,0.323,0.365,0.288,0.328,0.33,0.304,0.268,0.334,0.334,0.302,0.303,0.269
2015-04-04 11:00:00,0.414,0.434,0.409,0.372,0.412,0.446,0.452,0.389,0.439,0.466,0.416,0.371,0.447,0.459,0.375,0.431,0.4
2015-04-04 12:00:00,0.477,0.522,0.446,0.451,0.502,0.502,0.482,0.439,0.517,0.512,0.451,0.418,0.5,0.5,0.412,0.491,0.495
2015-04-04 13:00:00,0.492,0.558,0.422,0.488,0.516,0.519,0.517,0.489,0.541,0.545,0.437,0.44,0.528,0.515,0.42,0.493,0.53
2015-04-04 14:00:00,0.455,0.494,0.429,0.48,0.465,0.462,0.461,0.424,0.522,0.51,0.38,0.432,0.501,0.47,0.361,0.45,0.518
2015-04-04 15:00:00,0.387,0.443,0.375,0.349,0.377,0.421,0.418,0.368,0.455,0.5,0.261,0.437,0.441,0.431,0.304,0.359,0.466
2015-04-04 16:00:00,0.286,0.352,0.181,0.245,0.317,0.215,0.292,0.216,0.345,0.32,0.213,0.325,0.313,0.272,0.29,0.254,0.423
2015-04-04 17:00:00,0.154,0.167,0.123,0.117,0.136,0.108,0.153,0.108,0.139,0.144,0.072,0.206,0.166,0.11,0.155,0.146,0.285
2015-04-04 18:00:00,0.0,0.0,0.0,0.0,0.0,0.0,0.0,0.0,0.0,0.0,0.0,0.0,0.0,0.0,0.0,0.0,0.002
2015-04-04 19:00:00,0.0,0.0,0.0,0.0,0.0,0.0,0.0,0.0,0.0,0.0,0.0,0.0,0.0,0.0,0.0,0.0,0.0
2015-04-04 20:00:00,0.0,0.0,0.0,0.0,0.0,0.0,0.0,0.0,0.0,0.0,0.0,0.0,0.0,0.0,0.0,0.0,0.0
2015-04-04 21:00:00,0.0,0.0,0.0,0.0,0.0,0.0,0.0,0.0,0.0,0.0,0.0,0.0,0.0,0.0,0.0,0.0,0.0
2015-04-04 22:00:00,0.0,0.0,0.0,0.0,0.0,0.0,0.0,0.0,0.0,0.0,0.0,0.0,0.0,0.0,0.0,0.0,0.0
2015-04-04 23:00:00,0.0,0.0,0.0,0.0,0.0,0.0,0.0,0.0,0.0,0.0,0.0,0.0,0.0,0.0,0.0,0.0,0.0
2015-04-05 00:00:00,0.0,0.0,0.0,0.0,0.0,0.0,0.0,0.0,0.0,0.0,0.0,0.0,0.0,0.0,0.0,0.0,0.0
2015-04-05 01:00:00,0.0,0.0,0.0,0.0,0.0,0.0,0.0,0.0,0.0,0.0,0.0,0.0,0.0,0.0,0.0,0.0,0.0
2015-04-05 02:00:00,0.0,0.0,0.0,0.0,0.0,0.0,0.0,0.0,0.0,0.0,0.0,0.0,0.0,0.0,0.0,0.0,0.0
2015-04-05 03:00:00,0.0,0.0,0.0,0.0,0.0,0.0,0.0,0.0,0.0,0.0,0.0,0.0,0.0,0.0,0.0,0.0,0.0
2015-04-05 04:00:00,0.0,0.0,0.0,0.0,0.0,0.0,0.0,0.0,0.0,0.0,0.0,0.0,0.0,0.0,0.0,0.0,0.0
2015-04-05 05:00:00,0.002,0.0,0.002,0.007,0.0,0.002,0.004,0.002,0.001,0.008,0.008,0.002,0.003,0.006,0.004,0.001,0.0
2015-04-05 06:00:00,0.037,0.032,0.037,0.055,0.028,0.037,0.035,0.041,0.034,0.053,0.05,0.039,0.039,0.05,0.038,0.034,0.027
2015-04-05 07:00:00,0.075,0.062,0.073,0.097,0.054,0.095,0.094,0.095,0.078,0.109,0.088,0.081,0.106,0.105,0.084,0.062,0.054
2015-04-05 08:00:00,0.108,0.092,0.111,0.152,0.078,0.127,0.121,0.14,0.124,0.141,0.134,0.112,0.137,0.148,0.133,0.088,0.078
2015-04-05 09:00:00,0.165,0.16,0.167,0.201,0.122,0.19,0.2,0.181,0.176,0.205,0.202,0.154,0.196,0.187,0.185,0.161,0.119
2015-04-05 10:00:00,0.295,0.314,0.287,0.312,0.281,0.325,0.328,0.288,0.316,0.342,0.292,0.273,0.308,0.333,0.249,0.306,0.272
2015-04-05 11:00:00,0.405,0.406,0.411,0.45,0.376,0.415,0.441,0.379,0.435,0.448,0.394,0.379,0.451,0.467,0.325,0.426,0.393
2015-04-05 12:00:00,0.475,0.515,0.476,0.536,0.507,0.466,0.559,0.454,0.493,0.509,0.41,0.399,0.522,0.526,0.3,0.495,0.504
2015-04-05 13:00:00,0.488,0.564,0.435,0.578,0.555,0.46,0.565,0.427,0.57,0.593,0.344,0.388,0.547,0.526,0.272,0.507,0.563
2015-04-05 14:00:00,0.46,0.582,0.348,0.479,0.565,0.446,0.543,0.348,0.538,0.596,0.283,0.382,0.527,0.474,0.237,0.469,0.587
2015-04-05 15:00:00,0.358,0.425,0.329,0.274,0.467,0.354,0.384,0.236,0.421,0.461,0.179,0.354,0.402,0.378,0.154,0.333,0.58
2015-04-05 16:00:00,0.288,0.343,0.21,0.231,0.465,0.236,0.296,0.169,0.276,0.323,0.089,0.307,0.269,0.297,0.097,0.283,0.476
2015-04-05 17:00:00,0.161,0.198,0.135,0.102,0.285,0.107,0.159,0.066,0.159,0.16,0.02,0.157,0.14,0.159,0.026,0.16,0.316
2015-04-05 18:00:00,0.003,0.0,0.0,0.0,0.006,0.0,0.0,0.0,0.0,0.0,0.0,0.0,0.0,0.0,0.0,0.0,0.026
2015-04-05 19:00:00,0.0,0.0,0.0,0.0,0.0,0.0,0.0,0.0,0.0,0.0,0.0,0.0,0.0,0.0,0.0,0.0,0.0
2015-04-05 20:00:00,0.0,0.0,0.0,0.0,0.0,0.0,0.0,0.0,0.0,0.0,0.0,0.0,0.0,0.0,0.0,0.0,0.0
2015-04-05 21:00:00,0.0,0.0,0.0,0.0,0.0,0.0,0.0,0.0,0.0,0.0,0.0,0.0,0.0,0.0,0.0,0.0,0.0
2015-04-05 22:00:00,0.0,0.0,0.0,0.0,0.0,0.0,0.0,0.0,0.0,0.0,0.0,0.0,0.0,0.0,0.0,0.0,0.0
2015-04-05 23:00:00,0.0,0.0,0.0,0.0,0.0,0.0,0.0,0.0,0.0,0.0,0.0,0.0,0.0,0.0,0.0,0.0,0.0
2015-04-06 00:00:00,0.0,0.0,0.0,0.0,0.0,0.0,0.0,0.0,0.0,0.0,0.0,0.0,0.0,0.0,0.0,0.0,0.0
2015-04-06 01:00:00,0.0,0.0,0.0,0.0,0.0,0.0,0.0,0.0,0.0,0.0,0.0,0.0,0.0,0.0,0.0,0.0,0.0
2015-04-06 02:00:00,0.0,0.0,0.0,0.0,0.0,0.0,0.0,0.0,0.0,0.0,0.0,0.0,0.0,0.0,0.0,0.0,0.0
2015-04-06 03:00:00,0.0,0.0,0.0,0.0,0.0,0.0,0.0,0.0,0.0,0.0,0.0,0.0,0.0,0.0,0.0,0.0,0.0
2015-04-06 04:00:00,0.0,0.0,0.0,0.0,0.0,0.0,0.0,0.0,0.0,0.0,0.0,0.0,0.0,0.0,0.0,0.0,0.0
2015-04-06 05:00:00,0.003,0.001,0.003,0.007,0.0,0.004,0.006,0.004,0.004,0.005,0.006,0.002,0.005,0.006,0.005,0.003,0.0
2015-04-06 06:00:00,0.042,0.042,0.045,0.052,0.031,0.043,0.043,0.046,0.049,0.05,0.041,0.038,0.05,0.042,0.044,0.046,0.028
2015-04-06 07:00:00,0.093,0.081,0.103,0.126,0.065,0.116,0.107,0.106,0.094,0.118,0.095,0.079,0.104,0.127,0.1,0.094,0.065
2015-04-06 08:00:00,0.136,0.131,0.143,0.173,0.099,0.167,0.15,0.162,0.129,0.149,0.152,0.116,0.13,0.161,0.151,0.139,0.101
2015-04-06 09:00:00,0.196,0.192,0.206,0.231,0.142,0.219,0.248,0.221,0.21,0.228,0.215,0.177,0.219,0.248,0.211,0.196,0.151
2015-04-06 10:00:00,0.288,0.33,0.254,0.317,0.283,0.286,0.359,0.299,0.341,0.316,0.264,0.238,0.35,0.347,0.245,0.307,0.23
2015-04-06 11:00:00,0.363,0.412,0.311,0.406,0.381,0.419,0.428,0.358,0.434,0.38,0.353,0.301,0.436,0.408,0.269,0.39,0.283
2015-04-06 12:00:00,0.407,0.455,0.374,0.496,0.436,0.472,0.425,0.368,0.456,0.425,0.384,0.348,0.453,0.404,0.258,0.447,0.344
2015-04-06 13:00:00,0.416,0.465,0.343,0.512,0.441,0.515,0.397,0.426,0.453,0.426,0.451,0.324,0.445,0.402,0.279,0.462,0.319
2015-04-06 14:00:00,0.422,0.477,0.359,0.484,0.444,0.518,0.362,0.435,0.429,0.405,0.471,0.369,0.39,0.366,0.342,0.462,0.325
2015-04-06 15:00:00,0.353,0.409,0.305,0.367,0.363,0.469,0.288,0.349,0.347,0.333,0.417,0.31,0.295,0.305,0.312,0.384,0.27
2015-04-06 16:00:00,0.255,0.335,0.182,0.227,0.292,0.331,0.155,0.261,0.212,0.188,0.324,0.302,0.178,0.221,0.23,0.254,0.213
2015-04-06 17:00:00,0.149,0.191,0.103,0.099,0.201,0.181,0.08,0.162,0.102,0.108,0.111,0.209,0.094,0.122,0.132,0.144,0.16
2015-04-06 18:00:00,0.007,0.0,0.0,0.0,0.022,0.0,0.0,0.0,0.0,0.0,0.0,0.0,0.0,0.0,0.0,0.0,0.054
2015-04-06 19:00:00,0.0,0.0,0.0,0.0,0.0,0.0,0.0,0.0,0.0,0.0,0.0,0.0,0.0,0.0,0.0,0.0,0.0
2015-04-06 20:00:00,0.0,0.0,0.0,0.0,0.0,0.0,0.0,0.0,0.0,0.0,0.0,0.0,0.0,0.0,0.0,0.0,0.0
2015-04-06 21:00:00,0.0,0.0,0.0,0.0,0.0,0.0,0.0,0.0,0.0,0.0,0.0,0.0,0.0,0.0,0.0,0.0,0.0
2015-04-06 22:00:00,0.0,0.0,0.0,0.0,0.0,0.0,0.0,0.0,0.0,0.0,0.0,0.0,0.0,0.0,0.0,0.0,0.0
2015-04-06 23:00:00,0.0,0.0,0.0,0.0,0.0,0.0,0.0,0.0,0.0,0.0,0.0,0.0,0.0,0.0,0.0,0.0,0.0
2015-04-07 00:00:00,0.0,0.0,0.0,0.0,0.0,0.0,0.0,0.0,0.0,0.0,0.0,0.0,0.0,0.0,0.0,0.0,0.0
2015-04-07 01:00:00,0.0,0.0,0.0,0.0,0.0,0.0,0.0,0.0,0.0,0.0,0.0,0.0,0.0,0.0,0.0,0.0,0.0
2015-04-07 02:00:00,0.0,0.0,0.0,0.0,0.0,0.0,0.0,0.0,0.0,0.0,0.0,0.0,0.0,0.0,0.0,0.0,0.0
2015-04-07 03:00:00,0.0,0.0,0.0,0.0,0.0,0.0,0.0,0.0,0.0,0.0,0.0,0.0,0.0,0.0,0.0,0.0,0.0
2015-04-07 04:00:00,0.0,0.0,0.0,0.0,0.0,0.0,0.0,0.0,0.0,0.0,0.0,0.0,0.0,0.0,0.0,0.0,0.0
2015-04-07 05:00:00,0.005,0.001,0.005,0.012,0.0,0.006,0.003,0.01,0.003,0.008,0.016,0.005,0.004,0.008,0.011,0.003,0.001
2015-04-07 06:00:00,0.044,0.035,0.043,0.056,0.032,0.047,0.038,0.053,0.04,0.045,0.071,0.045,0.042,0.052,0.059,0.039,0.04
2015-04-07 07:00:00,0.089,0.062,0.107,0.1,0.072,0.088,0.079,0.116,0.074,0.093,0.11,0.104,0.083,0.094,0.117,0.078,0.087
2015-04-07 08:00:00,0.136,0.087,0.168,0.145,0.124,0.115,0.16,0.166,0.111,0.146,0.123,0.156,0.136,0.144,0.177,0.127,0.131
2015-04-07 09:00:00,0.2,0.174,0.239,0.212,0.172,0.191,0.235,0.218,0.172,0.215,0.223,0.197,0.193,0.214,0.234,0.204,0.163
2015-04-07 10:00:00,0.315,0.319,0.315,0.32,0.3,0.331,0.331,0.33,0.287,0.322,0.335,0.303,0.311,0.294,0.314,0.321,0.299
2015-04-07 11:00:00,0.391,0.415,0.427,0.329,0.419,0.387,0.37,0.376,0.334,0.38,0.393,0.366,0.309,0.343,0.372,0.419,0.384
2015-04-07 12:00:00,0.435,0.474,0.497,0.313,0.508,0.428,0.316,0.416,0.335,0.358,0.409,0.389,0.302,0.353,0.388,0.499,0.428
2015-04-07 13:00:00,0.439,0.546,0.513,0.292,0.541,0.474,0.299,0.405,0.389,0.338,0.314,0.297,0.322,0.288,0.37,0.533,0.417
2015-04-07 14:00:00,0.411,0.571,0.418,0.297,0.562,0.399,0.441,0.377,0.378,0.298,0.242,0.197,0.367,0.344,0.258,0.534,0.334
2015-04-07 15:00:00,0.312,0.509,0.252,0.236,0.468,0.36,0.336,0.272,0.349,0.281,0.198,0.11,0.301,0.297,0.112,0.408,0.206
2015-04-07 16:00:00,0.187,0.409,0.097,0.196,0.224,0.237,0.305,0.14,0.288,0.247,0.075,0.047,0.2,0.259,0.038,0.232,0.108
2015-04-07 17:00:00,0.074,0.175,0.025,0.087,0.123,0.098,0.117,0.041,0.138,0.142,0.037,0.024,0.102,0.11,0.014,0.067,0.04
2015-04-07 18:00:00,0.003,0.002,0.0,0.0,0.017,0.0,0.0,0.0,0.0,0.0,0.0,0.0,0.0,0.0,0.0,0.0,0.008
2015-04-07 19:00:00,0.0,0.0,0.0,0.0,0.0,0.0,0.0,0.0,0.0,0.0,0.0,0.0,0.0,0.0,0.0,0.0,0.0
2015-04-07 20:00:00,0.0,0.0,0.0,0.0,0.0,0.0,0.0,0.0,0.0,0.0,0.0,0.0,0.0,0.0,0.0,0.0,0.0
2015-04-07 21:00:00,0.0,0.0,0.0,0.0,0.0,0.0,0.0,0.0,0.0,0.0,0.0,0.0,0.0,0.0,0.0,0.0,0.0
2015-04-07 22:00:00,0.0,0.0,0.0,0.0,0.0,0.0,0.0,0.0,0.0,0.0,0.0,0.0,0.0,0.0,0.0,0.0,0.0
2015-04-07 23:00:00,0.0,0.0,0.0,0.0,0.0,0.0,0.0,0.0,0.0,0.0,0.0,0.0,0.0,0.0,0.0,0.0,0.0
2015-04-08 00:00:00,0.0,0.0,0.0,0.0,0.0,0.0,0.0,0.0,0.0,0.0,0.0,0.0,0.0,0.0,0.0,0.0,0.0
2015-04-08 01:00:00,0.0,0.0,0.0,0.0,0.0,0.0,0.0,0.0,0.0,0.0,0.0,0.0,0.0,0.0,0.0,0.0,0.0
2015-04-08 02:00:00,0.0,0.0,0.0,0.0,0.0,0.0,0.0,0.0,0.0,0.0,0.0,0.0,0.0,0.0,0.0,0.0,0.0
2015-04-08 03:00:00,0.0,0.0,0.0,0.0,0.0,0.0,0.0,0.0,0.0,0.0,0.0,0.0,0.0,0.0,0.0,0.0,0.0
2015-04-08 04:00:00,0.0,0.0,0.0,0.0,0.0,0.0,0.0,0.0,0.0,0.0,0.0,0.0,0.0,0.0,0.0,0.0,0.0
2015-04-08 05:00:00,0.002,0.0,0.002,0.006,0.0,0.002,0.001,0.005,0.0,0.002,0.011,0.004,0.0,0.003,0.009,0.0,0.0
2015-04-08 06:00:00,0.026,0.01,0.024,0.047,0.018,0.024,0.017,0.04,0.008,0.025,0.052,0.036,0.013,0.035,0.055,0.015,0.022
2015-04-08 07:00:00,0.073,0.04,0.09,0.086,0.05,0.073,0.049,0.091,0.049,0.061,0.115,0.09,0.067,0.078,0.118,0.067,0.059
2015-04-08 08:00:00,0.113,0.067,0.131,0.134,0.077,0.115,0.106,0.153,0.075,0.125,0.146,0.132,0.12,0.125,0.163,0.102,0.094
2015-04-08 09:00:00,0.168,0.116,0.169,0.2,0.109,0.193,0.159,0.231,0.127,0.191,0.221,0.185,0.174,0.199,0.219,0.158,0.14
2015-04-08 10:00:00,0.217,0.129,0.226,0.232,0.145,0.242,0.247,0.307,0.207,0.224,0.348,0.215,0.229,0.228,0.312,0.186,0.206
2015-04-08 11:00:00,0.263,0.18,0.248,0.309,0.196,0.265,0.337,0.405,0.221,0.265,0.465,0.263,0.27,0.252,0.36,0.201,0.261
2015-04-08 12:00:00,0.292,0.169,0.246,0.395,0.166,0.309,0.378,0.444,0.25,0.319,0.493,0.33,0.265,0.351,0.349,0.249,0.292
2015-04-08 13:00:00,0.253,0.167,0.193,0.4,0.165,0.269,0.301,0.31,0.232,0.326,0.264,0.328,0.229,0.328,0.285,0.202,0.325
2015-04-08 14:00:00,0.223,0.135,0.154,0.354,0.128,0.231,0.344,0.224,0.156,0.311,0.162,0.341,0.271,0.285,0.242,0.181,0.323
2015-04-08 15:00:00,0.174,0.095,0.123,0.197,0.106,0.104,0.234,0.125,0.092,0.271,0.16,0.371,0.115,0.167,0.241,0.118,0.337
2015-04-08 16:00:00,0.144,0.09,0.138,0.062,0.109,0.04,0.168,0.076,0.054,0.161,0.179,0.39,0.079,0.075,0.251,0.086,0.278
2015-04-08 17:00:00,0.078,0.024,0.041,0.017,0.045,0.02,0.105,0.035,0.016,0.073,0.078,0.26,0.031,0.04,0.165,0.035,0.21
2015-04-08 18:00:00,0.01,0.0,0.0,0.0,0.011,0.0,0.0,0.0,0.0,0.0,0.0,0.0,0.0,0.0,0.0,0.001,0.093
2015-04-08 19:00:00,0.0,0.0,0.0,0.0,0.0,0.0,0.0,0.0,0.0,0.0,0.0,0.0,0.0,0.0,0.0,0.0,0.0
2015-04-08 20:00:00,0.0,0.0,0.0,0.0,0.0,0.0,0.0,0.0,0.0,0.0,0.0,0.0,0.0,0.0,0.0,0.0,0.0
2015-04-08 21:00:00,0.0,0.0,0.0,0.0,0.0,0.0,0.0,0.0,0.0,0.0,0.0,0.0,0.0,0.0,0.0,0.0,0.0
2015-04-08 22:00:00,0.0,0.0,0.0,0.0,0.0,0.0,0.0,0.0,0.0,0.0,0.0,0.0,0.0,0.0,0.0,0.0,0.0
2015-04-08 23:00:00,0.0,0.0,0.0,0.0,0.0,0.0,0.0,0.0,0.0,0.0,0.0,0.0,0.0,0.0,0.0,0.0,0.0
2015-04-09 00:00:00,0.0,0.0,0.0,0.0,0.0,0.0,0.0,0.0,0.0,0.0,0.0,0.0,0.0,0.0,0.0,0.0,0.0
2015-04-09 01:00:00,0.0,0.0,0.0,0.0,0.0,0.0,0.0,0.0,0.0,0.0,0.0,0.0,0.0,0.0,0.0,0.0,0.0
2015-04-09 02:00:00,0.0,0.0,0.0,0.0,0.0,0.0,0.0,0.0,0.0,0.0,0.0,0.0,0.0,0.0,0.0,0.0,0.0
2015-04-09 03:00:00,0.0,0.0,0.0,0.0,0.0,0.0,0.0,0.0,0.0,0.0,0.0,0.0,0.0,0.0,0.0,0.0,0.0
2015-04-09 04:00:00,0.0,0.0,0.0,0.0,0.0,0.0,0.0,0.0,0.0,0.0,0.0,0.0,0.0,0.0,0.0,0.0,0.0
2015-04-09 05:00:00,0.008,0.003,0.009,0.015,0.002,0.008,0.007,0.011,0.005,0.012,0.015,0.008,0.006,0.011,0.011,0.007,0.004
2015-04-09 06:00:00,0.051,0.045,0.056,0.046,0.043,0.045,0.045,0.043,0.046,0.046,0.044,0.056,0.041,0.043,0.042,0.061,0.056
2015-04-09 07:00:00,0.09,0.103,0.102,0.067,0.097,0.073,0.079,0.064,0.084,0.068,0.065,0.095,0.069,0.066,0.063,0.11,0.106
2015-04-09 08:00:00,0.118,0.142,0.138,0.081,0.126,0.099,0.101,0.079,0.109,0.081,0.078,0.115,0.087,0.081,0.076,0.148,0.147
2015-04-09 09:00:00,0.205,0.205,0.208,0.222,0.194,0.208,0.219,0.194,0.214,0.226,0.203,0.163,0.208,0.209,0.178,0.225,0.197
2015-04-09 10:00:00,0.338,0.325,0.338,0.382,0.294,0.357,0.384,0.355,0.352,0.39,0.361,0.315,0.365,0.374,0.339,0.342,0.302
2015-04-09 11:00:00,0.454,0.441,0.458,0.514,0.402,0.483,0.51,0.491,0.46,0.523,0.493,0.448,0.476,0.508,0.475,0.444,0.39
2015-04-09 12:00:00,0.544,0.559,0.551,0.604,0.492,0.572,0.595,0.587,0.547,0.614,0.586,0.546,0.557,0.598,0.574,0.53,0.447
2015-04-09 13:00:00,0.591,0.619,0.604,0.648,0.535,0.619,0.638,0.636,0.593,0.657,0.633,0.599,0.601,0.637,0.626,0.584,0.465
2015-04-09 14:00:00,0.599,0.642,0.608,0.64,0.571,0.612,0.623,0.632,0.623,0.648,0.63,0.592,0.602,0.63,0.628,0.598,0.483
2015-04-09 15:00:00,0.544,0.608,0.551,0.57,0.55,0.54,0.542,0.547,0.6,0.578,0.568,0.524,0.549,0.555,0.559,0.559,0.401
2015-04-09 16:00:00,0.42,0.505,0.439,0.424,0.438,0.395,0.393,0.393,0.493,0.439,0.429,0.401,0.437,0.397,0.426,0.445,0.276
2015-04-09 17:00:00,0.222,0.311,0.234,0.208,0.269,0.195,0.203,0.186,0.294,0.22,0.205,0.19,0.239,0.169,0.202,0.246,0.126
2015-04-09 18:00:00,0.015,0.029,0.0,0.0,0.105,0.0,0.0,0.0,0.0,0.0,0.0,0.001,0.0,0.0,0.0,0.003,0.022
2015-04-09 19:00:00,0.0,0.0,0.0,0.0,0.0,0.0,0.0,0.0,0.0,0.0,0.0,0.0,0.0,0.0,0.0,0.0,0.0
2015-04-09 20:00:00,0.0,0.0,0.0,0.0,0.0,0.0,0.0,0.0,0.0,0.0,0.0,0.0,0.0,0.0,0.0,0.0,0.0
2015-04-09 21:00:00,0.0,0.0,0.0,0.0,0.0,0.0,0.0,0.0,0.0,0.0,0.0,0.0,0.0,0.0,0.0,0.0,0.0
2015-04-09 22:00:00,0.0,0.0,0.0,0.0,0.0,0.0,0.0,0.0,0.0,0.0,0.0,0.0,0.0,0.0,0.0,0.0,0.0
2015-04-09 23:00:00,0.0,0.0,0.0,0.0,0.0,0.0,0.0,0.0,0.0,0.0,0.0,0.0,0.0,0.0,0.0,0.0,0.0
2015-04-10 00:00:00,0.0,0.0,0.0,0.0,0.0,0.0,0.0,0.0,0.0,0.0,0.0,0.0,0.0,0.0,0.0,0.0,0.0
2015-04-10 01:00:00,0.0,0.0,0.0,0.0,0.0,0.0,0.0,0.0,0.0,0.0,0.0,0.0,0.0,0.0,0.0,0.0,0.0
2015-04-10 02:00:00,0.0,0.0,0.0,0.0,0.0,0.0,0.0,0.0,0.0,0.0,0.0,0.0,0.0,0.0,0.0,0.0,0.0
2015-04-10 03:00:00,0.0,0.0,0.0,0.0,0.0,0.0,0.0,0.0,0.0,0.0,0.0,0.0,0.0,0.0,0.0,0.0,0.0
2015-04-10 04:00:00,0.0,0.0,0.0,0.0,0.0,0.0,0.0,0.0,0.0,0.0,0.0,0.0,0.0,0.0,0.0,0.0,0.0
2015-04-10 05:00:00,0.008,0.003,0.007,0.021,0.002,0.013,0.012,0.016,0.006,0.015,0.016,0.006,0.01,0.015,0.012,0.006,0.003
2015-04-10 06:00:00,0.043,0.036,0.041,0.062,0.032,0.056,0.062,0.053,0.041,0.055,0.046,0.036,0.054,0.06,0.041,0.042,0.033
2015-04-10 07:00:00,0.064,0.059,0.066,0.071,0.058,0.074,0.076,0.064,0.064,0.072,0.064,0.056,0.073,0.069,0.061,0.067,0.056
2015-04-10 08:00:00,0.081,0.077,0.074,0.08,0.081,0.092,0.115,0.077,0.081,0.089,0.077,0.07,0.106,0.103,0.074,0.082,0.072
2015-04-10 09:00:00,0.166,0.153,0.154,0.219,0.134,0.19,0.226,0.191,0.176,0.229,0.202,0.142,0.199,0.224,0.175,0.157,0.12
2015-04-10 10:00:00,0.317,0.309,0.308,0.372,0.283,0.34,0.367,0.345,0.328,0.378,0.353,0.298,0.345,0.361,0.327,0.306,0.276
2015-04-10 11:00:00,0.448,0.443,0.44,0.498,0.418,0.468,0.469,0.473,0.461,0.497,0.477,0.434,0.46,0.479,0.456,0.438,0.416
2015-04-10 12:00:00,0.545,0.547,0.537,0.585,0.521,0.561,0.547,0.563,0.558,0.58,0.564,0.537,0.55,0.564,0.55,0.537,0.522
2015-04-10 13:00:00,0.598,0.603,0.592,0.627,0.573,0.612,0.586,0.608,0.613,0.614,0.603,0.596,0.595,0.606,0.596,0.596,0.588
2015-04-10 14:00:00,0.603,0.586,0.601,0.619,0.584,0.615,0.577,0.607,0.624,0.618,0.6,0.611,0.601,0.612,0.603,0.604,0.604
2015-04-10 15:00:00,0.548,0.536,0.557,0.554,0.519,0.563,0.527,0.55,0.582,0.547,0.538,0.571,0.549,0.545,0.551,0.551,0.546
2015-04-10 16:00:00,0.432,0.398,0.446,0.418,0.393,0.444,0.441,0.425,0.438,0.417,0.409,0.468,0.423,0.433,0.432,0.445,0.449
2015-04-10 17:00:00,0.258,0.253,0.263,0.214,0.267,0.25,0.239,0.231,0.248,0.216,0.213,0.288,0.232,0.232,0.243,0.277,0.291
2015-04-10 18:00:00,0.038,0.066,0.0,0.0,0.125,0.0,0.0,0.0,0.0,0.0,0.0,0.039,0.0,0.0,0.0,0.03,0.129
2015-04-10 19:00:00,0.0,0.0,0.0,0.0,0.0,0.0,0.0,0.0,0.0,0.0,0.0,0.0,0.0,0.0,0.0,0.0,0.0
2015-04-10 20:00:00,0.0,0.0,0.0,0.0,0.0,0.0,0.0,0.0,0.0,0.0,0.0,0.0,0.0,0.0,0.0,0.0,0.0
2015-04-10 21:00:00,0.0,0.0,0.0,0.0,0.0,0.0,0.0,0.0,0.0,0.0,0.0,0.0,0.0,0.0,0.0,0.0,0.0
2015-04-10 22:00:00,0.0,0.0,0.0,0.0,0.0,0.0,0.0,0.0,0.0,0.0,0.0,0.0,0.0,0.0,0.0,0.0,0.0
2015-04-10 23:00:00,0.0,0.0,0.0,0.0,0.0,0.0,0.0,0.0,0.0,0.0,0.0,0.0,0.0,0.0,0.0,0.0,0.0
2015-04-11 00:00:00,0.0,0.0,0.0,0.0,0.0,0.0,0.0,0.0,0.0,0.0,0.0,0.0,0.0,0.0,0.0,0.0,0.0
2015-04-11 01:00:00,0.0,0.0,0.0,0.0,0.0,0.0,0.0,0.0,0.0,0.0,0.0,0.0,0.0,0.0,0.0,0.0,0.0
2015-04-11 02:00:00,0.0,0.0,0.0,0.0,0.0,0.0,0.0,0.0,0.0,0.0,0.0,0.0,0.0,0.0,0.0,0.0,0.0
2015-04-11 03:00:00,0.0,0.0,0.0,0.0,0.0,0.0,0.0,0.0,0.0,0.0,0.0,0.0,0.0,0.0,0.0,0.0,0.0
2015-04-11 04:00:00,0.0,0.0,0.0,0.0,0.0,0.0,0.0,0.0,0.0,0.0,0.0,0.0,0.0,0.0,0.0,0.0,0.0
2015-04-11 05:00:00,0.008,0.004,0.007,0.016,0.003,0.009,0.009,0.013,0.006,0.015,0.017,0.007,0.008,0.012,0.013,0.005,0.003
2015-04-11 06:00:00,0.038,0.034,0.038,0.046,0.031,0.04,0.042,0.042,0.037,0.045,0.044,0.037,0.039,0.043,0.041,0.036,0.032
2015-04-11 07:00:00,0.06,0.062,0.058,0.066,0.059,0.061,0.065,0.062,0.064,0.066,0.063,0.058,0.061,0.065,0.06,0.058,0.054
2015-04-11 08:00:00,0.075,0.078,0.073,0.078,0.079,0.075,0.082,0.075,0.074,0.078,0.075,0.074,0.074,0.078,0.072,0.073,0.07
2015-04-11 09:00:00,0.164,0.161,0.157,0.218,0.14,0.181,0.201,0.19,0.163,0.222,0.2,0.143,0.182,0.204,0.175,0.152,0.12
2015-04-11 10:00:00,0.315,0.309,0.309,0.368,0.288,0.333,0.359,0.34,0.317,0.376,0.347,0.293,0.336,0.358,0.324,0.304,0.272
2015-04-11 11:00:00,0.442,0.426,0.44,0.492,0.41,0.459,0.481,0.467,0.45,0.501,0.471,0.423,0.458,0.483,0.451,0.435,0.404
2015-04-11 12:00:00,0.512,0.402,0.532,0.578,0.459,0.551,0.504,0.557,0.497,0.589,0.557,0.527,0.525,0.569,0.542,0.499,0.494
2015-04-11 13:00:00,0.536,0.457,0.56,0.618,0.504,0.554,0.498,0.602,0.493,0.625,0.596,0.576,0.501,0.571,0.591,0.493,0.518
2015-04-11 14:00:00,0.509,0.447,0.573,0.611,0.464,0.457,0.424,0.573,0.438,0.597,0.578,0.583,0.404,0.468,0.586,0.466,0.49
2015-04-11 15:00:00,0.433,0.314,0.511,0.537,0.35,0.367,0.359,0.452,0.319,0.483,0.526,0.535,0.38,0.308,0.54,0.425,0.416
2015-04-11 16:00:00,0.29,0.16,0.344,0.367,0.227,0.291,0.17,0.316,0.202,0.332,0.408,0.385,0.253,0.234,0.416,0.253,0.283
2015-04-11 17:00:00,0.153,0.071,0.224,0.177,0.099,0.167,0.097,0.159,0.074,0.2,0.21,0.249,0.096,0.156,0.233,0.127,0.135
2015-04-11 18:00:00,0.017,0.02,0.001,0.0,0.039,0.0,0.0,0.0,0.0,0.0,0.0,0.044,0.0,0.0,0.0,0.018,0.046
2015-04-11 19:00:00,0.0,0.0,0.0,0.0,0.0,0.0,0.0,0.0,0.0,0.0,0.0,0.0,0.0,0.0,0.0,0.0,0.0
2015-04-11 20:00:00,0.0,0.0,0.0,0.0,0.0,0.0,0.0,0.0,0.0,0.0,0.0,0.0,0.0,0.0,0.0,0.0,0.0
2015-04-11 21:00:00,0.0,0.0,0.0,0.0,0.0,0.0,0.0,0.0,0.0,0.0,0.0,0.0,0.0,0.0,0.0,0.0,0.0
2015-04-11 22:00:00,0.0,0.0,0.0,0.0,0.0,0.0,0.0,0.0,0.0,0.0,0.0,0.0,0.0,0.0,0.0,0.0,0.0
2015-04-11 23:00:00,0.0,0.0,0.0,0.0,0.0,0.0,0.0,0.0,0.0,0.0,0.0,0.0,0.0,0.0,0.0,0.0,0.0
2015-04-12 00:00:00,0.0,0.0,0.0,0.0,0.0,0.0,0.0,0.0,0.0,0.0,0.0,0.0,0.0,0.0,0.0,0.0,0.0
2015-04-12 01:00:00,0.0,0.0,0.0,0.0,0.0,0.0,0.0,0.0,0.0,0.0,0.0,0.0,0.0,0.0,0.0,0.0,0.0
2015-04-12 02:00:00,0.0,0.0,0.0,0.0,0.0,0.0,0.0,0.0,0.0,0.0,0.0,0.0,0.0,0.0,0.0,0.0,0.0
2015-04-12 03:00:00,0.0,0.0,0.0,0.0,0.0,0.0,0.0,0.0,0.0,0.0,0.0,0.0,0.0,0.0,0.0,0.0,0.0
2015-04-12 04:00:00,0.0,0.0,0.0,0.0,0.0,0.0,0.0,0.0,0.0,0.0,0.0,0.0,0.0,0.0,0.0,0.0,0.0
2015-04-12 05:00:00,0.007,0.003,0.005,0.019,0.004,0.008,0.011,0.012,0.004,0.015,0.019,0.006,0.005,0.015,0.007,0.004,0.005
2015-04-12 06:00:00,0.05,0.045,0.056,0.065,0.053,0.048,0.044,0.044,0.053,0.058,0.053,0.045,0.038,0.052,0.025,0.053,0.053
2015-04-12 07:00:00,0.099,0.102,0.122,0.072,0.118,0.09,0.08,0.078,0.078,0.09,0.078,0.07,0.077,0.079,0.075,0.123,0.107
2015-04-12 08:00:00,0.145,0.164,0.171,0.106,0.167,0.163,0.127,0.14,0.146,0.106,0.102,0.11,0.104,0.104,0.124,0.17,0.145
2015-04-12 09:00:00,0.225,0.229,0.249,0.24,0.206,0.252,0.201,0.243,0.229,0.238,0.186,0.184,0.209,0.237,0.21,0.243,0.207
2015-04-12 10:00:00,0.33,0.342,0.334,0.31,0.323,0.359,0.323,0.344,0.354,0.365,0.32,0.304,0.343,0.314,0.325,0.338,0.311
2015-04-12 11:00:00,0.429,0.44,0.38,0.391,0.436,0.443,0.395,0.439,0.459,0.454,0.448,0.412,0.46,0.418,0.427,0.439,0.423
2015-04-12 12:00:00,0.486,0.532,0.422,0.425,0.516,0.523,0.491,0.486,0.519,0.506,0.519,0.47,0.545,0.507,0.467,0.504,0.414
2015-04-12 13:00:00,0.523,0.62,0.376,0.518,0.552,0.603,0.562,0.573,0.557,0.514,0.574,0.447,0.576,0.574,0.504,0.522,0.455
2015-04-12 14:00:00,0.506,0.622,0.323,0.576,0.563,0.612,0.53,0.561,0.555,0.532,0.543,0.468,0.58,0.627,0.364,0.504,0.41
2015-04-12 15:00:00,0.481,0.583,0.338,0.547,0.526,0.552,0.522,0.478,0.562,0.533,0.495,0.468,0.56,0.567,0.337,0.481,0.41
2015-04-12 16:00:00,0.39,0.468,0.276,0.407,0.418,0.395,0.408,0.399,0.46,0.399,0.416,0.377,0.426,0.42,0.341,0.411,0.294
2015-04-12 17:00:00,0.226,0.29,0.193,0.188,0.287,0.244,0.221,0.21,0.272,0.191,0.178,0.272,0.246,0.205,0.158,0.238,0.172
2015-04-12 18:00:00,0.034,0.088,0.013,0.0,0.072,0.0,0.0,0.0,0.0,0.0,0.0,0.066,0.0,0.0,0.0,0.041,0.072
2015-04-12 19:00:00,0.0,0.0,0.0,0.0,0.0,0.0,0.0,0.0,0.0,0.0,0.0,0.0,0.0,0.0,0.0,0.0,0.0
2015-04-12 20:00:00,0.0,0.0,0.0,0.0,0.0,0.0,0.0,0.0,0.0,0.0,0.0,0.0,0.0,0.0,0.0,0.0,0.0
2015-04-12 21:00:00,0.0,0.0,0.0,0.0,0.0,0.0,0.0,0.0,0.0,0.0,0.0,0.0,0.0,0.0,0.0,0.0,0.0
2015-04-12 22:00:00,0.0,0.0,0.0,0.0,0.0,0.0,0.0,0.0,0.0,0.0,0.0,0.0,0.0,0.0,0.0,0.0,0.0
2015-04-12 23:00:00,0.0,0.0,0.0,0.0,0.0,0.0,0.0,0.0,0.0,0.0,0.0,0.0,0.0,0.0,0.0,0.0,0.0
2015-04-13 00:00:00,0.0,0.0,0.0,0.0,0.0,0.0,0.0,0.0,0.0,0.0,0.0,0.0,0.0,0.0,0.0,0.0,0.0
2015-04-13 01:00:00,0.0,0.0,0.0,0.0,0.0,0.0,0.0,0.0,0.0,0.0,0.0,0.0,0.0,0.0,0.0,0.0,0.0
2015-04-13 02:00:00,0.0,0.0,0.0,0.0,0.0,0.0,0.0,0.0,0.0,0.0,0.0,0.0,0.0,0.0,0.0,0.0,0.0
2015-04-13 03:00:00,0.0,0.0,0.0,0.0,0.0,0.0,0.0,0.0,0.0,0.0,0.0,0.0,0.0,0.0,0.0,0.0,0.0
2015-04-13 04:00:00,0.0,0.0,0.0,0.0,0.0,0.0,0.0,0.0,0.0,0.0,0.0,0.0,0.0,0.0,0.0,0.0,0.0
2015-04-13 05:00:00,0.011,0.007,0.011,0.022,0.003,0.016,0.013,0.02,0.01,0.021,0.029,0.007,0.012,0.017,0.02,0.009,0.001
2015-04-13 06:00:00,0.053,0.051,0.058,0.071,0.03,0.075,0.048,0.076,0.064,0.058,0.083,0.035,0.06,0.058,0.071,0.049,0.034
2015-04-13 07:00:00,0.089,0.077,0.078,0.126,0.076,0.117,0.074,0.136,0.104,0.083,0.14,0.049,0.102,0.116,0.116,0.075,0.068
2015-04-13 08:00:00,0.118,0.119,0.108,0.188,0.085,0.11,0.1,0.155,0.115,0.11,0.176,0.099,0.105,0.163,0.119,0.111,0.102
2015-04-13 09:00:00,0.179,0.164,0.189,0.269,0.145,0.189,0.225,0.187,0.193,0.247,0.226,0.165,0.204,0.236,0.136,0.171,0.148
2015-04-13 10:00:00,0.291,0.297,0.32,0.367,0.295,0.242,0.345,0.224,0.219,0.37,0.228,0.299,0.295,0.341,0.196,0.318,0.29
2015-04-13 11:00:00,0.409,0.447,0.444,0.379,0.436,0.381,0.443,0.297,0.405,0.421,0.23,0.433,0.353,0.392,0.373,0.453,0.422
2015-04-13 12:00:00,0.492,0.529,0.57,0.303,0.539,0.539,0.43,0.475,0.423,0.431,0.352,0.534,0.322,0.288,0.477,0.547,0.526
2015-04-13 13:00:00,0.538,0.544,0.61,0.351,0.523,0.59,0.401,0.577,0.547,0.421,0.497,0.537,0.508,0.32,0.543,0.601,0.543
2015-04-13 14:00:00,0.522,0.504,0.549,0.437,0.442,0.584,0.264,0.606,0.509,0.268,0.559,0.537,0.465,0.535,0.575,0.565,0.537
2015-04-13 15:00:00,0.451,0.339,0.531,0.463,0.296,0.541,0.278,0.499,0.47,0.342,0.491,0.515,0.465,0.444,0.465,0.47,0.506
2015-04-13 16:00:00,0.317,0.179,0.308,0.38,0.202,0.365,0.243,0.368,0.248,0.19,0.361,0.449,0.319,0.373,0.348,0.275,0.479
2015-04-13 17:00:00,0.186,0.099,0.176,0.21,0.193,0.184,0.081,0.175,0.064,0.087,0.167,0.294,0.074,0.195,0.169,0.17,0.333
2015-04-13 18:00:00,0.05,0.043,0.051,0.0,0.073,0.0,0.0,0.0,0.001,0.0,0.0,0.097,0.0,0.0,0.0,0.077,0.136
2015-04-13 19:00:00,0.0,0.0,0.0,0.0,0.0,0.0,0.0,0.0,0.0,0.0,0.0,0.0,0.0,0.0,0.0,0.0,0.0
2015-04-13 20:00:00,0.0,0.0,0.0,0.0,0.0,0.0,0.0,0.0,0.0,0.0,0.0,0.0,0.0,0.0,0.0,0.0,0.0
2015-04-13 21:00:00,0.0,0.0,0.0,0.0,0.0,0.0,0.0,0.0,0.0,0.0,0.0,0.0,0.0,0.0,0.0,0.0,0.0
2015-04-13 22:00:00,0.0,0.0,0.0,0.0,0.0,0.0,0.0,0.0,0.0,0.0,0.0,0.0,0.0,0.0,0.0,0.0,0.0
2015-04-13 23:00:00,0.0,0.0,0.0,0.0,0.0,0.0,0.0,0.0,0.0,0.0,0.0,0.0,0.0,0.0,0.0,0.0,0.0
2015-04-14 00:00:00,0.0,0.0,0.0,0.0,0.0,0.0,0.0,0.0,0.0,0.0,0.0,0.0,0.0,0.0,0.0,0.0,0.0
2015-04-14 01:00:00,0.0,0.0,0.0,0.0,0.0,0.0,0.0,0.0,0.0,0.0,0.0,0.0,0.0,0.0,0.0,0.0,0.0
2015-04-14 02:00:00,0.0,0.0,0.0,0.0,0.0,0.0,0.0,0.0,0.0,0.0,0.0,0.0,0.0,0.0,0.0,0.0,0.0
2015-04-14 03:00:00,0.0,0.0,0.0,0.0,0.0,0.0,0.0,0.0,0.0,0.0,0.0,0.0,0.0,0.0,0.0,0.0,0.0
2015-04-14 04:00:00,0.0,0.0,0.0,0.0,0.0,0.0,0.0,0.0,0.0,0.0,0.0,0.0,0.0,0.0,0.0,0.0,0.0
2015-04-14 05:00:00,0.013,0.009,0.017,0.021,0.007,0.017,0.015,0.019,0.009,0.019,0.021,0.015,0.014,0.018,0.019,0.011,0.008
2015-04-14 06:00:00,0.057,0.051,0.068,0.054,0.049,0.066,0.057,0.058,0.058,0.051,0.052,0.056,0.061,0.061,0.051,0.061,0.052
2015-04-14 07:00:00,0.101,0.1,0.114,0.075,0.103,0.11,0.106,0.087,0.099,0.079,0.083,0.103,0.113,0.1,0.088,0.113,0.102
2015-04-14 08:00:00,0.148,0.158,0.177,0.127,0.148,0.15,0.176,0.141,0.14,0.109,0.146,0.138,0.161,0.151,0.146,0.162,0.116
2015-04-14 09:00:00,0.219,0.211,0.237,0.26,0.175,0.243,0.266,0.247,0.221,0.255,0.255,0.189,0.256,0.257,0.224,0.213,0.188
2015-04-14 10:00:00,0.332,0.34,0.316,0.371,0.312,0.359,0.366,0.339,0.355,0.385,0.36,0.31,0.346,0.369,0.317,0.331,0.29
2015-04-14 11:00:00,0.406,0.475,0.386,0.432,0.44,0.419,0.444,0.377,0.486,0.403,0.438,0.365,0.448,0.405,0.378,0.418,0.302
2015-04-14 12:00:00,0.425,0.554,0.391,0.435,0.443,0.468,0.482,0.375,0.586,0.356,0.553,0.35,0.559,0.361,0.452,0.438,0.236
2015-04-14 13:00:00,0.382,0.462,0.363,0.368,0.327,0.487,0.537,0.389,0.502,0.333,0.545,0.33,0.573,0.416,0.431,0.364,0.218
2015-04-14 14:00:00,0.299,0.33,0.265,0.37,0.255,0.43,0.517,0.325,0.357,0.276,0.475,0.181,0.45,0.39,0.358,0.252,0.185
2015-04-14 15:00:00,0.199,0.217,0.154,0.291,0.19,0.272,0.385,0.229,0.211,0.294,0.331,0.109,0.301,0.382,0.205,0.158,0.081
2015-04-14 16:00:00,0.085,0.109,0.054,0.15,0.073,0.1,0.203,0.096,0.101,0.151,0.152,0.03,0.134,0.163,0.073,0.068,0.03
2015-04-14 17:00:00,0.027,0.04,0.015,0.048,0.031,0.031,0.047,0.028,0.031,0.092,0.029,0.007,0.031,0.061,0.016,0.019,0.011
2015-04-14 18:00:00,0.003,0.016,0.0,0.0,0.005,0.0,0.0,0.0,0.003,0.0,0.0,0.0,0.0,0.0,0.0,0.004,0.0
2015-04-14 19:00:00,0.0,0.0,0.0,0.0,0.0,0.0,0.0,0.0,0.0,0.0,0.0,0.0,0.0,0.0,0.0,0.0,0.0
2015-04-14 20:00:00,0.0,0.0,0.0,0.0,0.0,0.0,0.0,0.0,0.0,0.0,0.0,0.0,0.0,0.0,0.0,0.0,0.0
2015-04-14 21:00:00,0.0,0.0,0.0,0.0,0.0,0.0,0.0,0.0,0.0,0.0,0.0,0.0,0.0,0.0,0.0,0.0,0.0
2015-04-14 22:00:00,0.0,0.0,0.0,0.0,0.0,0.0,0.0,0.0,0.0,0.0,0.0,0.0,0.0,0.0,0.0,0.0,0.0
2015-04-14 23:00:00,0.0,0.0,0.0,0.0,0.0,0.0,0.0,0.0,0.0,0.0,0.0,0.0,0.0,0.0,0.0,0.0,0.0
2015-04-15 00:00:00,0.0,0.0,0.0,0.0,0.0,0.0,0.0,0.0,0.0,0.0,0.0,0.0,0.0,0.0,0.0,0.0,0.0
2015-04-15 01:00:00,0.0,0.0,0.0,0.0,0.0,0.0,0.0,0.0,0.0,0.0,0.0,0.0,0.0,0.0,0.0,0.0,0.0
2015-04-15 02:00:00,0.0,0.0,0.0,0.0,0.0,0.0,0.0,0.0,0.0,0.0,0.0,0.0,0.0,0.0,0.0,0.0,0.0
2015-04-15 03:00:00,0.0,0.0,0.0,0.0,0.0,0.0,0.0,0.0,0.0,0.0,0.0,0.0,0.0,0.0,0.0,0.0,0.0
2015-04-15 04:00:00,0.0,0.0,0.0,0.0,0.0,0.0,0.0,0.0,0.0,0.0,0.0,0.0,0.0,0.0,0.0,0.0,0.0
2015-04-15 05:00:00,0.003,0.006,0.002,0.001,0.004,0.003,0.009,0.001,0.007,0.003,0.002,0.004,0.007,0.004,0.002,0.004,0.002
2015-04-15 06:00:00,0.026,0.037,0.022,0.015,0.035,0.028,0.044,0.018,0.043,0.021,0.013,0.023,0.042,0.031,0.014,0.029,0.024
2015-04-15 07:00:00,0.071,0.069,0.088,0.046,0.066,0.089,0.076,0.062,0.078,0.061,0.043,0.073,0.083,0.082,0.045,0.085,0.076
2015-04-15 08:00:00,0.109,0.091,0.12,0.074,0.097,0.119,0.109,0.096,0.092,0.098,0.092,0.099,0.12,0.106,0.11,0.13,0.118
2015-04-15 09:00:00,0.173,0.173,0.148,0.142,0.169,0.198,0.205,0.145,0.182,0.19,0.176,0.124,0.203,0.21,0.149,0.204,0.161
2015-04-15 10:00:00,0.25,0.315,0.209,0.21,0.274,0.274,0.3,0.202,0.333,0.328,0.234,0.13,0.307,0.299,0.219,0.287,0.189
2015-04-15 11:00:00,0.282,0.409,0.199,0.243,0.329,0.307,0.427,0.229,0.437,0.336,0.263,0.107,0.432,0.374,0.216,0.301,0.231
2015-04-15 12:00:00,0.292,0.507,0.158,0.241,0.481,0.289,0.53,0.213,0.529,0.341,0.212,0.086,0.508,0.373,0.161,0.253,0.29
2015-04-15 13:00:00,0.309,0.543,0.151,0.195,0.56,0.238,0.541,0.173,0.529,0.283,0.233,0.082,0.501,0.309,0.127,0.289,0.404
2015-04-15 14:00:00,0.321,0.556,0.136,0.132,0.623,0.171,0.539,0.12,0.359,0.303,0.229,0.157,0.417,0.251,0.095,0.322,0.531
2015-04-15 15:00:00,0.326,0.591,0.153,0.1,0.592,0.116,0.438,0.077,0.359,0.196,0.068,0.339,0.308,0.153,0.036,0.4,0.558
2015-04-15 16:00:00,0.303,0.504,0.225,0.084,0.503,0.164,0.184,0.051,0.416,0.165,0.029,0.281,0.163,0.12,0.031,0.435,0.483
2015-04-15 17:00:00,0.209,0.331,0.227,0.013,0.341,0.135,0.084,0.016,0.288,0.056,0.002,0.238,0.166,0.057,0.023,0.3,0.329
2015-04-15 18:00:00,0.083,0.143,0.1,0.0,0.143,0.004,0.0,0.0,0.101,0.0,0.0,0.098,0.0,0.0,0.006,0.131,0.143
2015-04-15 19:00:00,0.0,0.0,0.0,0.0,0.0,0.0,0.0,0.0,0.0,0.0,0.0,0.0,0.0,0.0,0.0,0.0,0.0
2015-04-15 20:00:00,0.0,0.0,0.0,0.0,0.0,0.0,0.0,0.0,0.0,0.0,0.0,0.0,0.0,0.0,0.0,0.0,0.0
2015-04-15 21:00:00,0.0,0.0,0.0,0.0,0.0,0.0,0.0,0.0,0.0,0.0,0.0,0.0,0.0,0.0,0.0,0.0,0.0
2015-04-15 22:00:00,0.0,0.0,0.0,0.0,0.0,0.0,0.0,0.0,0.0,0.0,0.0,0.0,0.0,0.0,0.0,0.0,0.0
2015-04-15 23:00:00,0.0,0.0,0.0,0.0,0.0,0.0,0.0,0.0,0.0,0.0,0.0,0.0,0.0,0.0,0.0,0.0,0.0
2015-04-16 00:00:00,0.0,0.0,0.0,0.0,0.0,0.0,0.0,0.0,0.0,0.0,0.0,0.0,0.0,0.0,0.0,0.0,0.0
2015-04-16 01:00:00,0.0,0.0,0.0,0.0,0.0,0.0,0.0,0.0,0.0,0.0,0.0,0.0,0.0,0.0,0.0,0.0,0.0
2015-04-16 02:00:00,0.0,0.0,0.0,0.0,0.0,0.0,0.0,0.0,0.0,0.0,0.0,0.0,0.0,0.0,0.0,0.0,0.0
2015-04-16 03:00:00,0.0,0.0,0.0,0.0,0.0,0.0,0.0,0.0,0.0,0.0,0.0,0.0,0.0,0.0,0.0,0.0,0.0
2015-04-16 04:00:00,0.0,0.0,0.0,0.0,0.0,0.0,0.0,0.0,0.0,0.0,0.0,0.0,0.0,0.0,0.0,0.0,0.0
2015-04-16 05:00:00,0.013,0.008,0.012,0.022,0.006,0.018,0.016,0.021,0.01,0.021,0.022,0.013,0.012,0.018,0.017,0.01,0.007
2015-04-16 06:00:00,0.047,0.045,0.043,0.058,0.032,0.054,0.052,0.06,0.047,0.05,0.055,0.045,0.044,0.047,0.047,0.049,0.039
2015-04-16 07:00:00,0.083,0.083,0.082,0.103,0.068,0.106,0.076,0.094,0.089,0.072,0.075,0.082,0.093,0.083,0.079,0.087,0.072
2015-04-16 08:00:00,0.118,0.097,0.12,0.13,0.117,0.135,0.093,0.115,0.1,0.113,0.12,0.123,0.105,0.136,0.137,0.115,0.12
2015-04-16 09:00:00,0.211,0.194,0.237,0.253,0.193,0.175,0.203,0.226,0.179,0.211,0.239,0.219,0.187,0.212,0.227,0.208,0.206
2015-04-16 10:00:00,0.316,0.302,0.328,0.36,0.292,0.32,0.337,0.344,0.305,0.355,0.326,0.299,0.31,0.328,0.298,0.327,0.281
2015-04-16 11:00:00,0.386,0.351,0.378,0.397,0.376,0.448,0.446,0.445,0.417,0.432,0.424,0.36,0.44,0.346,0.365,0.397,0.313
2015-04-16 12:00:00,0.447,0.364,0.425,0.471,0.471,0.537,0.545,0.501,0.358,0.479,0.402,0.383,0.445,0.398,0.39,0.515,0.352
2015-04-16 13:00:00,0.5,0.462,0.456,0.481,0.617,0.583,0.549,0.542,0.363,0.547,0.43,0.338,0.448,0.494,0.458,0.58,0.382
2015-04-16 14:00:00,0.478,0.462,0.372,0.51,0.597,0.606,0.439,0.516,0.424,0.432,0.453,0.281,0.439,0.492,0.472,0.557,0.328
2015-04-16 15:00:00,0.424,0.408,0.282,0.514,0.568,0.55,0.35,0.395,0.392,0.308,0.378,0.272,0.356,0.442,0.391,0.492,0.33
2015-04-16 16:00:00,0.343,0.347,0.269,0.415,0.416,0.445,0.265,0.294,0.313,0.165,0.395,0.26,0.328,0.33,0.252,0.422,0.239
2015-04-16 17:00:00,0.218,0.228,0.168,0.222,0.323,0.263,0.133,0.174,0.166,0.077,0.205,0.164,0.194,0.188,0.146,0.276,0.175
2015-04-16 18:00:00,0.064,0.08,0.08,0.0,0.118,0.018,0.0,0.0,0.017,0.0,0.0,0.07,0.0,0.0,0.014,0.113,0.095
2015-04-16 19:00:00,0.0,0.0,0.0,0.0,0.0,0.0,0.0,0.0,0.0,0.0,0.0,0.0,0.0,0.0,0.0,0.0,0.0
2015-04-16 20:00:00,0.0,0.0,0.0,0.0,0.0,0.0,0.0,0.0,0.0,0.0,0.0,0.0,0.0,0.0,0.0,0.0,0.0
2015-04-16 21:00:00,0.0,0.0,0.0,0.0,0.0,0.0,0.0,0.0,0.0,0.0,0.0,0.0,0.0,0.0,0.0,0.0,0.0
2015-04-16 22:00:00,0.0,0.0,0.0,0.0,0.0,0.0,0.0,0.0,0.0,0.0,0.0,0.0,0.0,0.0,0.0,0.0,0.0
2015-04-16 23:00:00,0.0,0.0,0.0,0.0,0.0,0.0,0.0,0.0,0.0,0.0,0.0,0.0,0.0,0.0,0.0,0.0,0.0
2015-04-17 00:00:00,0.0,0.0,0.0,0.0,0.0,0.0,0.0,0.0,0.0,0.0,0.0,0.0,0.0,0.0,0.0,0.0,0.0
2015-04-17 01:00:00,0.0,0.0,0.0,0.0,0.0,0.0,0.0,0.0,0.0,0.0,0.0,0.0,0.0,0.0,0.0,0.0,0.0
2015-04-17 02:00:00,0.0,0.0,0.0,0.0,0.0,0.0,0.0,0.0,0.0,0.0,0.0,0.0,0.0,0.0,0.0,0.0,0.0
2015-04-17 03:00:00,0.0,0.0,0.0,0.0,0.0,0.0,0.0,0.0,0.0,0.0,0.0,0.0,0.0,0.0,0.0,0.0,0.0
2015-04-17 04:00:00,0.0,0.0,0.0,0.0,0.0,0.0,0.0,0.0,0.0,0.0,0.0,0.0,0.0,0.0,0.0,0.0,0.0
2015-04-17 05:00:00,0.017,0.012,0.017,0.024,0.011,0.023,0.019,0.022,0.013,0.024,0.026,0.017,0.017,0.022,0.021,0.017,0.01
2015-04-17 06:00:00,0.064,0.064,0.058,0.07,0.065,0.082,0.067,0.065,0.062,0.057,0.06,0.051,0.062,0.072,0.059,0.071,0.051
2015-04-17 07:00:00,0.104,0.125,0.094,0.116,0.09,0.123,0.119,0.106,0.124,0.134,0.079,0.1,0.124,0.14,0.086,0.104,0.086
2015-04-17 08:00:00,0.132,0.143,0.111,0.16,0.119,0.17,0.096,0.136,0.114,0.188,0.118,0.132,0.105,0.18,0.126,0.131,0.117
2015-04-17 09:00:00,0.212,0.213,0.191,0.273,0.188,0.259,0.041,0.235,0.162,0.231,0.231,0.207,0.124,0.227,0.247,0.219,0.18
2015-04-17 10:00:00,0.305,0.348,0.309,0.33,0.298,0.351,0.062,0.344,0.283,0.152,0.359,0.298,0.178,0.258,0.335,0.321,0.272
2015-04-17 11:00:00,0.368,0.413,0.386,0.303,0.323,0.404,0.092,0.418,0.441,0.064,0.397,0.418,0.341,0.264,0.401,0.385,0.402
2015-04-17 12:00:00,0.403,0.404,0.47,0.337,0.282,0.431,0.18,0.453,0.451,0.104,0.499,0.49,0.416,0.326,0.479,0.395,0.472
2015-04-17 13:00:00,0.437,0.439,0.479,0.322,0.368,0.413,0.288,0.432,0.488,0.215,0.517,0.528,0.422,0.4,0.508,0.422,0.544
2015-04-17 14:00:00,0.44,0.387,0.526,0.294,0.401,0.395,0.346,0.467,0.386,0.229,0.479,0.538,0.384,0.367,0.466,0.439,0.583
2015-04-17 15:00:00,0.419,0.371,0.484,0.339,0.43,0.387,0.29,0.444,0.311,0.207,0.427,0.468,0.393,0.326,0.402,0.438,0.525
2015-04-17 16:00:00,0.324,0.286,0.305,0.238,0.374,0.263,0.213,0.294,0.209,0.184,0.221,0.418,0.261,0.299,0.306,0.335,0.491
2015-04-17 17:00:00,0.24,0.207,0.199,0.183,0.274,0.237,0.154,0.217,0.119,0.137,0.17,0.298,0.175,0.184,0.192,0.283,0.329
2015-04-17 18:00:00,0.077,0.097,0.088,0.0,0.136,0.036,0.0,0.003,0.043,0.0,0.0,0.126,0.012,0.0,0.032,0.107,0.148
2015-04-17 19:00:00,0.0,0.0,0.0,0.0,0.0,0.0,0.0,0.0,0.0,0.0,0.0,0.0,0.0,0.0,0.0,0.0,0.0
2015-04-17 20:00:00,0.0,0.0,0.0,0.0,0.0,0.0,0.0,0.0,0.0,0.0,0.0,0.0,0.0,0.0,0.0,0.0,0.0
2015-04-17 21:00:00,0.0,0.0,0.0,0.0,0.0,0.0,0.0,0.0,0.0,0.0,0.0,0.0,0.0,0.0,0.0,0.0,0.0
2015-04-17 22:00:00,0.0,0.0,0.0,0.0,0.0,0.0,0.0,0.0,0.0,0.0,0.0,0.0,0.0,0.0,0.0,0.0,0.0
2015-04-17 23:00:00,0.0,0.0,0.0,0.0,0.0,0.0,0.0,0.0,0.0,0.0,0.0,0.0,0.0,0.0,0.0,0.0,0.0
2015-04-18 00:00:00,0.0,0.0,0.0,0.0,0.0,0.0,0.0,0.0,0.0,0.0,0.0,0.0,0.0,0.0,0.0,0.0,0.0
2015-04-18 01:00:00,0.0,0.0,0.0,0.0,0.0,0.0,0.0,0.0,0.0,0.0,0.0,0.0,0.0,0.0,0.0,0.0,0.0
2015-04-18 02:00:00,0.0,0.0,0.0,0.0,0.0,0.0,0.0,0.0,0.0,0.0,0.0,0.0,0.0,0.0,0.0,0.0,0.0
2015-04-18 03:00:00,0.0,0.0,0.0,0.0,0.0,0.0,0.0,0.0,0.0,0.0,0.0,0.0,0.0,0.0,0.0,0.0,0.0
2015-04-18 04:00:00,0.0,0.0,0.0,0.0,0.0,0.0,0.0,0.0,0.0,0.0,0.0,0.0,0.0,0.0,0.0,0.0,0.0
2015-04-18 05:00:00,0.014,0.008,0.013,0.026,0.009,0.014,0.016,0.018,0.012,0.024,0.019,0.014,0.016,0.022,0.019,0.013,0.009
2015-04-18 06:00:00,0.056,0.05,0.054,0.068,0.045,0.051,0.066,0.057,0.053,0.068,0.058,0.052,0.058,0.075,0.059,0.061,0.045
2015-04-18 07:00:00,0.1,0.103,0.094,0.12,0.091,0.101,0.097,0.096,0.098,0.11,0.11,0.088,0.096,0.101,0.1,0.108,0.082
2015-04-18 08:00:00,0.14,0.158,0.135,0.145,0.13,0.136,0.173,0.125,0.143,0.123,0.135,0.134,0.151,0.153,0.138,0.154,0.112
2015-04-18 09:00:00,0.211,0.209,0.194,0.264,0.182,0.217,0.248,0.24,0.222,0.256,0.221,0.217,0.228,0.234,0.219,0.204,0.173
2015-04-18 10:00:00,0.329,0.293,0.332,0.409,0.285,0.376,0.336,0.378,0.309,0.389,0.345,0.31,0.355,0.384,0.326,0.322,0.29
2015-04-18 11:00:00,0.436,0.4,0.44,0.539,0.35,0.47,0.435,0.474,0.425,0.518,0.473,0.398,0.491,0.53,0.45,0.434,0.396
2015-04-18 12:00:00,0.5,0.503,0.493,0.54,0.383,0.511,0.573,0.508,0.554,0.625,0.54,0.494,0.584,0.548,0.516,0.49,0.486
2015-04-18 13:00:00,0.523,0.505,0.551,0.479,0.426,0.548,0.537,0.492,0.627,0.588,0.514,0.555,0.597,0.507,0.501,0.542,0.54
2015-04-18 14:00:00,0.472,0.466,0.531,0.454,0.323,0.543,0.443,0.477,0.632,0.428,0.464,0.581,0.542,0.397,0.517,0.47,0.447
2015-04-18 15:00:00,0.414,0.44,0.454,0.314,0.281,0.439,0.364,0.392,0.547,0.341,0.34,0.558,0.467,0.356,0.442,0.408,0.501
2015-04-18 16:00:00,0.336,0.261,0.396,0.232,0.2,0.336,0.308,0.291,0.428,0.271,0.263,0.488,0.357,0.313,0.362,0.345,0.469
2015-04-18 17:00:00,0.234,0.244,0.222,0.153,0.232,0.222,0.169,0.17,0.257,0.144,0.158,0.319,0.222,0.159,0.225,0.236,0.357
2015-04-18 18:00:00,0.082,0.108,0.1,0.0,0.131,0.051,0.0,0.014,0.114,0.0,0.0,0.114,0.042,0.0,0.052,0.11,0.137
2015-04-18 19:00:00,0.0,0.0,0.0,0.0,0.0,0.0,0.0,0.0,0.0,0.0,0.0,0.0,0.0,0.0,0.0,0.0,0.0
2015-04-18 20:00:00,0.0,0.0,0.0,0.0,0.0,0.0,0.0,0.0,0.0,0.0,0.0,0.0,0.0,0.0,0.0,0.0,0.0
2015-04-18 21:00:00,0.0,0.0,0.0,0.0,0.0,0.0,0.0,0.0,0.0,0.0,0.0,0.0,0.0,0.0,0.0,0.0,0.0
2015-04-18 22:00:00,0.0,0.0,0.0,0.0,0.0,0.0,0.0,0.0,0.0,0.0,0.0,0.0,0.0,0.0,0.0,0.0,0.0
2015-04-18 23:00:00,0.0,0.0,0.0,0.0,0.0,0.0,0.0,0.0,0.0,0.0,0.0,0.0,0.0,0.0,0.0,0.0,0.0
2015-04-19 00:00:00,0.0,0.0,0.0,0.0,0.0,0.0,0.0,0.0,0.0,0.0,0.0,0.0,0.0,0.0,0.0,0.0,0.0
2015-04-19 01:00:00,0.0,0.0,0.0,0.0,0.0,0.0,0.0,0.0,0.0,0.0,0.0,0.0,0.0,0.0,0.0,0.0,0.0
2015-04-19 02:00:00,0.0,0.0,0.0,0.0,0.0,0.0,0.0,0.0,0.0,0.0,0.0,0.0,0.0,0.0,0.0,0.0,0.0
2015-04-19 03:00:00,0.0,0.0,0.0,0.0,0.0,0.0,0.0,0.0,0.0,0.0,0.0,0.0,0.0,0.0,0.0,0.0,0.0
2015-04-19 04:00:00,0.0,0.0,0.0,0.0,0.0,0.0,0.0,0.0,0.0,0.0,0.0,0.0,0.0,0.0,0.0,0.0,0.0
2015-04-19 05:00:00,0.016,0.012,0.011,0.029,0.01,0.02,0.017,0.023,0.016,0.025,0.028,0.015,0.017,0.023,0.019,0.012,0.012
2015-04-19 06:00:00,0.052,0.047,0.051,0.066,0.042,0.055,0.054,0.06,0.052,0.059,0.065,0.055,0.054,0.056,0.058,0.049,0.045
2015-04-19 07:00:00,0.083,0.066,0.089,0.135,0.061,0.08,0.093,0.082,0.075,0.106,0.102,0.079,0.083,0.091,0.094,0.083,0.063
2015-04-19 08:00:00,0.111,0.082,0.109,0.169,0.076,0.084,0.127,0.114,0.089,0.144,0.157,0.122,0.122,0.137,0.145,0.107,0.086
2015-04-19 09:00:00,0.194,0.188,0.209,0.218,0.165,0.143,0.251,0.148,0.213,0.277,0.196,0.208,0.207,0.231,0.191,0.2,0.176
2015-04-19 10:00:00,0.301,0.354,0.297,0.247,0.326,0.203,0.322,0.192,0.361,0.39,0.277,0.306,0.258,0.204,0.251,0.337,0.321
2015-04-19 11:00:00,0.367,0.492,0.314,0.267,0.442,0.284,0.293,0.268,0.454,0.431,0.324,0.37,0.264,0.174,0.239,0.409,0.444
2015-04-19 12:00:00,0.353,0.505,0.301,0.324,0.327,0.303,0.258,0.301,0.428,0.378,0.314,0.444,0.233,0.134,0.266,0.341,0.5
2015-04-19 13:00:00,0.327,0.357,0.278,0.308,0.269,0.362,0.182,0.313,0.298,0.269,0.28,0.441,0.246,0.155,0.222,0.321,0.557
2015-04-19 14:00:00,0.305,0.311,0.298,0.316,0.239,0.311,0.157,0.233,0.286,0.187,0.27,0.393,0.244,0.175,0.171,0.323,0.542
2015-04-19 15:00:00,0.262,0.257,0.192,0.272,0.246,0.265,0.167,0.198,0.267,0.195,0.171,0.309,0.222,0.182,0.142,0.292,0.452
2015-04-19 16:00:00,0.169,0.158,0.12,0.219,0.16,0.147,0.088,0.085,0.132,0.11,0.056,0.179,0.15,0.162,0.073,0.203,0.332
2015-04-19 17:00:00,0.084,0.095,0.067,0.087,0.115,0.07,0.035,0.032,0.101,0.064,0.016,0.102,0.076,0.124,0.037,0.088,0.143
2015-04-19 18:00:00,0.019,0.031,0.01,0.0,0.035,0.004,0.001,0.0,0.031,0.0,0.0,0.037,0.028,0.0,0.009,0.021,0.04
2015-04-19 19:00:00,0.0,0.0,0.0,0.0,0.0,0.0,0.0,0.0,0.0,0.0,0.0,0.0,0.0,0.0,0.0,0.0,0.0
2015-04-19 20:00:00,0.0,0.0,0.0,0.0,0.0,0.0,0.0,0.0,0.0,0.0,0.0,0.0,0.0,0.0,0.0,0.0,0.0
2015-04-19 21:00:00,0.0,0.0,0.0,0.0,0.0,0.0,0.0,0.0,0.0,0.0,0.0,0.0,0.0,0.0,0.0,0.0,0.0
2015-04-19 22:00:00,0.0,0.0,0.0,0.0,0.0,0.0,0.0,0.0,0.0,0.0,0.0,0.0,0.0,0.0,0.0,0.0,0.0
2015-04-19 23:00:00,0.0,0.0,0.0,0.0,0.0,0.0,0.0,0.0,0.0,0.0,0.0,0.0,0.0,0.0,0.0,0.0,0.0
2015-04-20 00:00:00,0.0,0.0,0.0,0.0,0.0,0.0,0.0,0.0,0.0,0.0,0.0,0.0,0.0,0.0,0.0,0.0,0.0
2015-04-20 01:00:00,0.0,0.0,0.0,0.0,0.0,0.0,0.0,0.0,0.0,0.0,0.0,0.0,0.0,0.0,0.0,0.0,0.0
2015-04-20 02:00:00,0.0,0.0,0.0,0.0,0.0,0.0,0.0,0.0,0.0,0.0,0.0,0.0,0.0,0.0,0.0,0.0,0.0
2015-04-20 03:00:00,0.0,0.0,0.0,0.0,0.0,0.0,0.0,0.0,0.0,0.0,0.0,0.0,0.0,0.0,0.0,0.0,0.0
2015-04-20 04:00:00,0.0,0.0,0.0,0.0,0.0,0.0,0.0,0.0,0.0,0.0,0.0,0.0,0.0,0.0,0.0,0.0,0.0
2015-04-20 05:00:00,0.018,0.012,0.019,0.024,0.01,0.02,0.023,0.027,0.015,0.02,0.029,0.018,0.02,0.02,0.026,0.015,0.012
2015-04-20 06:00:00,0.052,0.044,0.047,0.068,0.043,0.059,0.063,0.066,0.05,0.053,0.08,0.044,0.058,0.065,0.062,0.046,0.041
2015-04-20 07:00:00,0.076,0.065,0.068,0.121,0.062,0.081,0.104,0.1,0.073,0.077,0.099,0.063,0.097,0.102,0.084,0.067,0.06
2015-04-20 08:00:00,0.093,0.081,0.081,0.141,0.076,0.094,0.135,0.111,0.095,0.131,0.135,0.077,0.117,0.119,0.099,0.081,0.075
2015-04-20 09:00:00,0.201,0.188,0.2,0.233,0.167,0.22,0.199,0.23,0.213,0.228,0.259,0.188,0.231,0.223,0.23,0.192,0.162
2015-04-20 10:00:00,0.348,0.348,0.351,0.349,0.325,0.361,0.302,0.367,0.366,0.349,0.39,0.346,0.36,0.325,0.373,0.348,0.32
2015-04-20 11:00:00,0.458,0.479,0.479,0.446,0.462,0.469,0.343,0.466,0.459,0.318,0.491,0.48,0.419,0.361,0.471,0.467,0.46
2015-04-20 12:00:00,0.536,0.54,0.574,0.536,0.544,0.545,0.467,0.549,0.473,0.362,0.537,0.579,0.449,0.486,0.5,0.551,0.564
2015-04-20 13:00:00,0.56,0.46,0.634,0.545,0.525,0.561,0.501,0.531,0.511,0.533,0.495,0.614,0.531,0.524,0.477,0.609,0.627
2015-04-20 14:00:00,0.556,0.469,0.618,0.561,0.484,0.563,0.479,0.487,0.538,0.579,0.478,0.608,0.544,0.497,0.451,0.614,0.658
2015-04-20 15:00:00,0.512,0.427,0.576,0.44,0.512,0.485,0.435,0.395,0.5,0.511,0.452,0.59,0.495,0.392,0.469,0.548,0.632
2015-04-20 16:00:00,0.437,0.383,0.476,0.328,0.505,0.348,0.282,0.326,0.387,0.353,0.312,0.5,0.408,0.294,0.437,0.491,0.544
2015-04-20 17:00:00,0.296,0.284,0.342,0.174,0.362,0.204,0.205,0.204,0.275,0.161,0.2,0.359,0.268,0.176,0.267,0.347,0.379
2015-04-20 18:00:00,0.103,0.142,0.141,0.0,0.147,0.101,0.01,0.04,0.124,0.0,0.001,0.147,0.094,0.003,0.086,0.147,0.101
2015-04-20 19:00:00,0.0,0.0,0.0,0.0,0.0,0.0,0.0,0.0,0.0,0.0,0.0,0.0,0.0,0.0,0.0,0.0,0.0
2015-04-20 20:00:00,0.0,0.0,0.0,0.0,0.0,0.0,0.0,0.0,0.0,0.0,0.0,0.0,0.0,0.0,0.0,0.0,0.0
2015-04-20 21:00:00,0.0,0.0,0.0,0.0,0.0,0.0,0.0,0.0,0.0,0.0,0.0,0.0,0.0,0.0,0.0,0.0,0.0
2015-04-20 22:00:00,0.0,0.0,0.0,0.0,0.0,0.0,0.0,0.0,0.0,0.0,0.0,0.0,0.0,0.0,0.0,0.0,0.0
2015-04-20 23:00:00,0.0,0.0,0.0,0.0,0.0,0.0,0.0,0.0,0.0,0.0,0.0,0.0,0.0,0.0,0.0,0.0,0.0
2015-04-21 00:00:00,0.0,0.0,0.0,0.0,0.0,0.0,0.0,0.0,0.0,0.0,0.0,0.0,0.0,0.0,0.0,0.0,0.0
2015-04-21 01:00:00,0.0,0.0,0.0,0.0,0.0,0.0,0.0,0.0,0.0,0.0,0.0,0.0,0.0,0.0,0.0,0.0,0.0
2015-04-21 02:00:00,0.0,0.0,0.0,0.0,0.0,0.0,0.0,0.0,0.0,0.0,0.0,0.0,0.0,0.0,0.0,0.0,0.0
2015-04-21 03:00:00,0.0,0.0,0.0,0.0,0.0,0.0,0.0,0.0,0.0,0.0,0.0,0.0,0.0,0.0,0.0,0.0,0.0
2015-04-21 04:00:00,0.0,0.0,0.0,0.0,0.0,0.0,0.0,0.0,0.0,0.0,0.001,0.0,0.0,0.0,0.0,0.0,0.0
2015-04-21 05:00:00,0.021,0.014,0.02,0.037,0.012,0.028,0.024,0.033,0.018,0.034,0.037,0.019,0.022,0.035,0.027,0.017,0.013
2015-04-21 06:00:00,0.053,0.045,0.048,0.093,0.041,0.052,0.059,0.062,0.05,0.084,0.066,0.046,0.055,0.074,0.054,0.046,0.042
2015-04-21 07:00:00,0.073,0.069,0.067,0.108,0.061,0.071,0.073,0.079,0.068,0.126,0.086,0.063,0.07,0.091,0.078,0.066,0.061
2015-04-21 08:00:00,0.09,0.08,0.081,0.143,0.075,0.087,0.087,0.095,0.085,0.151,0.118,0.076,0.085,0.098,0.108,0.081,0.075
2015-04-21 09:00:00,0.204,0.19,0.201,0.274,0.17,0.225,0.249,0.237,0.209,0.275,0.21,0.189,0.227,0.256,0.203,0.194,0.164
2015-04-21 10:00:00,0.34,0.35,0.356,0.325,0.327,0.379,0.408,0.353,0.363,0.377,0.225,0.347,0.381,0.394,0.304,0.351,0.322
2015-04-21 11:00:00,0.45,0.486,0.487,0.298,0.463,0.496,0.439,0.435,0.502,0.399,0.29,0.483,0.486,0.488,0.398,0.483,0.463
2015-04-21 12:00:00,0.524,0.586,0.576,0.287,0.567,0.579,0.397,0.483,0.598,0.355,0.354,0.588,0.566,0.427,0.451,0.581,0.57
2015-04-21 13:00:00,0.565,0.645,0.611,0.35,0.63,0.596,0.429,0.532,0.652,0.314,0.286,0.655,0.64,0.509,0.429,0.633,0.631
2015-04-21 14:00:00,0.563,0.66,0.639,0.323,0.649,0.517,0.472,0.396,0.651,0.284,0.325,0.672,0.547,0.463,0.443,0.644,0.663
2015-04-21 15:00:00,0.526,0.624,0.602,0.282,0.62,0.468,0.374,0.42,0.614,0.341,0.261,0.636,0.483,0.456,0.391,0.588,0.636
2015-04-21 16:00:00,0.431,0.53,0.516,0.139,0.535,0.341,0.234,0.328,0.495,0.268,0.22,0.542,0.294,0.298,0.324,0.497,0.553
2015-04-21 17:00:00,0.294,0.359,0.346,0.109,0.378,0.227,0.138,0.207,0.325,0.139,0.166,0.37,0.241,0.188,0.195,0.341,0.397
2015-04-21 18:00:00,0.118,0.153,0.146,0.0,0.172,0.093,0.037,0.063,0.127,0.0,0.006,0.16,0.106,0.011,0.087,0.148,0.187
2015-04-21 19:00:00,0.0,0.0,0.0,0.0,0.0,0.0,0.0,0.0,0.0,0.0,0.0,0.0,0.0,0.0,0.0,0.0,0.0
2015-04-21 20:00:00,0.0,0.0,0.0,0.0,0.0,0.0,0.0,0.0,0.0,0.0,0.0,0.0,0.0,0.0,0.0,0.0,0.0
2015-04-21 21:00:00,0.0,0.0,0.0,0.0,0.0,0.0,0.0,0.0,0.0,0.0,0.0,0.0,0.0,0.0,0.0,0.0,0.0
2015-04-21 22:00:00,0.0,0.0,0.0,0.0,0.0,0.0,0.0,0.0,0.0,0.0,0.0,0.0,0.0,0.0,0.0,0.0,0.0
2015-04-21 23:00:00,0.0,0.0,0.0,0.0,0.0,0.0,0.0,0.0,0.0,0.0,0.0,0.0,0.0,0.0,0.0,0.0,0.0
2015-04-22 00:00:00,0.0,0.0,0.0,0.0,0.0,0.0,0.0,0.0,0.0,0.0,0.0,0.0,0.0,0.0,0.0,0.0,0.0
2015-04-22 01:00:00,0.0,0.0,0.0,0.0,0.0,0.0,0.0,0.0,0.0,0.0,0.0,0.0,0.0,0.0,0.0,0.0,0.0
2015-04-22 02:00:00,0.0,0.0,0.0,0.0,0.0,0.0,0.0,0.0,0.0,0.0,0.0,0.0,0.0,0.0,0.0,0.0,0.0
2015-04-22 03:00:00,0.0,0.0,0.0,0.0,0.0,0.0,0.0,0.0,0.0,0.0,0.0,0.0,0.0,0.0,0.0,0.0,0.0
2015-04-22 04:00:00,0.0,0.0,0.0,0.0,0.0,0.0,0.0,0.0,0.0,0.0,0.001,0.0,0.0,0.0,0.0,0.0,0.0
2015-04-22 05:00:00,0.023,0.02,0.023,0.03,0.015,0.026,0.022,0.027,0.019,0.028,0.031,0.024,0.023,0.025,0.027,0.022,0.015
2015-04-22 06:00:00,0.058,0.073,0.054,0.057,0.057,0.06,0.059,0.059,0.057,0.061,0.057,0.052,0.066,0.055,0.053,0.06,0.051
2015-04-22 07:00:00,0.082,0.097,0.083,0.082,0.089,0.094,0.083,0.088,0.073,0.077,0.09,0.071,0.098,0.082,0.073,0.08,0.068
2015-04-22 08:00:00,0.103,0.118,0.103,0.136,0.119,0.112,0.1,0.114,0.088,0.108,0.118,0.081,0.117,0.104,0.082,0.094,0.088
2015-04-22 09:00:00,0.218,0.212,0.217,0.281,0.172,0.242,0.258,0.25,0.222,0.273,0.257,0.197,0.252,0.275,0.23,0.207,0.165
2015-04-22 10:00:00,0.343,0.344,0.37,0.316,0.226,0.355,0.394,0.365,0.374,0.4,0.392,0.355,0.353,0.357,0.384,0.363,0.294
2015-04-22 11:00:00,0.431,0.402,0.502,0.353,0.272,0.417,0.442,0.384,0.506,0.423,0.429,0.489,0.429,0.358,0.497,0.494,0.403
2015-04-22 12:00:00,0.482,0.406,0.598,0.333,0.268,0.477,0.469,0.403,0.581,0.491,0.432,0.589,0.357,0.433,0.563,0.585,0.469
2015-04-22 13:00:00,0.501,0.414,0.635,0.342,0.281,0.5,0.451,0.371,0.633,0.484,0.419,0.639,0.507,0.399,0.539,0.635,0.462
2015-04-22 14:00:00,0.494,0.454,0.652,0.268,0.266,0.555,0.552,0.36,0.639,0.431,0.342,0.658,0.536,0.362,0.521,0.642,0.408
2015-04-22 15:00:00,0.42,0.301,0.608,0.222,0.15,0.427,0.477,0.27,0.547,0.376,0.25,0.625,0.441,0.3,0.463,0.568,0.406
2015-04-22 16:00:00,0.341,0.27,0.518,0.096,0.111,0.332,0.397,0.217,0.455,0.256,0.186,0.535,0.358,0.187,0.391,0.474,0.336
2015-04-22 17:00:00,0.24,0.21,0.354,0.062,0.103,0.188,0.248,0.145,0.292,0.14,0.146,0.368,0.228,0.126,0.285,0.329,0.269
2015-04-22 18:00:00,0.107,0.108,0.147,0.0,0.062,0.113,0.114,0.092,0.131,0.0,0.032,0.161,0.107,0.038,0.128,0.136,0.154
2015-04-22 19:00:00,0.0,0.0,0.0,0.0,0.0,0.0,0.0,0.0,0.0,0.0,0.0,0.0,0.0,0.0,0.0,0.0,0.0
2015-04-22 20:00:00,0.0,0.0,0.0,0.0,0.0,0.0,0.0,0.0,0.0,0.0,0.0,0.0,0.0,0.0,0.0,0.0,0.0
2015-04-22 21:00:00,0.0,0.0,0.0,0.0,0.0,0.0,0.0,0.0,0.0,0.0,0.0,0.0,0.0,0.0,0.0,0.0,0.0
2015-04-22 22:00:00,0.0,0.0,0.0,0.0,0.0,0.0,0.0,0.0,0.0,0.0,0.0,0.0,0.0,0.0,0.0,0.0,0.0
2015-04-22 23:00:00,0.0,0.0,0.0,0.0,0.0,0.0,0.0,0.0,0.0,0.0,0.0,0.0,0.0,0.0,0.0,0.0,0.0
2015-04-23 00:00:00,0.0,0.0,0.0,0.0,0.0,0.0,0.0,0.0,0.0,0.0,0.0,0.0,0.0,0.0,0.0,0.0,0.0
2015-04-23 01:00:00,0.0,0.0,0.0,0.0,0.0,0.0,0.0,0.0,0.0,0.0,0.0,0.0,0.0,0.0,0.0,0.0,0.0
2015-04-23 02:00:00,0.0,0.0,0.0,0.0,0.0,0.0,0.0,0.0,0.0,0.0,0.0,0.0,0.0,0.0,0.0,0.0,0.0
2015-04-23 03:00:00,0.0,0.0,0.0,0.0,0.0,0.0,0.0,0.0,0.0,0.0,0.0,0.0,0.0,0.0,0.0,0.0,0.0
2015-04-23 04:00:00,0.0,0.0,0.0,0.001,0.0,0.0,0.0,0.0,0.0,0.0,0.003,0.0,0.0,0.0,0.001,0.0,0.0
2015-04-23 05:00:00,0.023,0.016,0.022,0.039,0.014,0.025,0.024,0.029,0.019,0.03,0.032,0.023,0.022,0.028,0.027,0.019,0.018
2015-04-23 06:00:00,0.051,0.046,0.05,0.067,0.044,0.052,0.052,0.055,0.049,0.058,0.055,0.053,0.05,0.057,0.052,0.048,0.05
2015-04-23 07:00:00,0.072,0.067,0.071,0.076,0.063,0.071,0.071,0.072,0.07,0.075,0.072,0.08,0.07,0.073,0.069,0.069,0.085
2015-04-23 08:00:00,0.09,0.081,0.09,0.107,0.077,0.085,0.086,0.086,0.084,0.107,0.093,0.101,0.083,0.091,0.082,0.086,0.109
2015-04-23 09:00:00,0.216,0.197,0.214,0.271,0.178,0.232,0.247,0.242,0.217,0.271,0.252,0.208,0.231,0.254,0.229,0.204,0.191
2015-04-23 10:00:00,0.368,0.354,0.363,0.419,0.335,0.386,0.404,0.394,0.373,0.42,0.4,0.35,0.387,0.406,0.377,0.359,0.332
2015-04-23 11:00:00,0.494,0.486,0.49,0.54,0.471,0.513,0.531,0.518,0.501,0.541,0.518,0.471,0.514,0.53,0.486,0.49,0.46
2015-04-23 12:00:00,0.583,0.584,0.584,0.623,0.573,0.603,0.619,0.604,0.594,0.62,0.595,0.549,0.604,0.617,0.546,0.587,0.556
2015-04-23 13:00:00,0.632,0.639,0.638,0.663,0.635,0.652,0.665,0.649,0.646,0.643,0.617,0.593,0.652,0.662,0.578,0.643,0.612
2015-04-23 14:00:00,0.635,0.619,0.646,0.655,0.654,0.654,0.664,0.645,0.644,0.64,0.606,0.583,0.655,0.659,0.572,0.654,0.628
2015-04-23 15:00:00,0.577,0.528,0.601,0.594,0.625,0.607,0.608,0.586,0.535,0.599,0.474,0.529,0.594,0.602,0.439,0.616,0.599
2015-04-23 16:00:00,0.475,0.418,0.499,0.47,0.54,0.499,0.464,0.462,0.466,0.471,0.326,0.45,0.486,0.486,0.337,0.52,0.521
2015-04-23 17:00:00,0.307,0.276,0.317,0.274,0.384,0.319,0.253,0.272,0.31,0.275,0.149,0.313,0.301,0.294,0.191,0.351,0.358
2015-04-23 18:00:00,0.116,0.126,0.125,0.0,0.175,0.127,0.109,0.088,0.119,0.0,0.013,0.133,0.119,0.067,0.06,0.15,0.168
2015-04-23 19:00:00,0.0,0.0,0.0,0.0,0.0,0.0,0.0,0.0,0.0,0.0,0.0,0.0,0.0,0.0,0.0,0.0,0.0
2015-04-23 20:00:00,0.0,0.0,0.0,0.0,0.0,0.0,0.0,0.0,0.0,0.0,0.0,0.0,0.0,0.0,0.0,0.0,0.0
2015-04-23 21:00:00,0.0,0.0,0.0,0.0,0.0,0.0,0.0,0.0,0.0,0.0,0.0,0.0,0.0,0.0,0.0,0.0,0.0
2015-04-23 22:00:00,0.0,0.0,0.0,0.0,0.0,0.0,0.0,0.0,0.0,0.0,0.0,0.0,0.0,0.0,0.0,0.0,0.0
2015-04-23 23:00:00,0.0,0.0,0.0,0.0,0.0,0.0,0.0,0.0,0.0,0.0,0.0,0.0,0.0,0.0,0.0,0.0,0.0
2015-04-24 00:00:00,0.0,0.0,0.0,0.0,0.0,0.0,0.0,0.0,0.0,0.0,0.0,0.0,0.0,0.0,0.0,0.0,0.0
2015-04-24 01:00:00,0.0,0.0,0.0,0.0,0.0,0.0,0.0,0.0,0.0,0.0,0.0,0.0,0.0,0.0,0.0,0.0,0.0
2015-04-24 02:00:00,0.0,0.0,0.0,0.0,0.0,0.0,0.0,0.0,0.0,0.0,0.0,0.0,0.0,0.0,0.0,0.0,0.0
2015-04-24 03:00:00,0.0,0.0,0.0,0.0,0.0,0.0,0.0,0.0,0.0,0.0,0.0,0.0,0.0,0.0,0.0,0.0,0.0
2015-04-24 04:00:00,0.0,0.0,0.0,0.002,0.0,0.0,0.0,0.0,0.0,0.0,0.002,0.0,0.0,0.0,0.0,0.0,0.0
2015-04-24 05:00:00,0.022,0.014,0.024,0.03,0.015,0.024,0.024,0.028,0.018,0.029,0.031,0.018,0.022,0.026,0.028,0.02,0.017
2015-04-24 06:00:00,0.056,0.048,0.065,0.056,0.046,0.052,0.053,0.061,0.057,0.055,0.078,0.059,0.06,0.058,0.068,0.051,0.058
2015-04-24 07:00:00,0.089,0.075,0.105,0.074,0.076,0.071,0.079,0.081,0.076,0.078,0.119,0.104,0.073,0.074,0.128,0.081,0.104
2015-04-24 08:00:00,0.118,0.091,0.161,0.107,0.091,0.084,0.107,0.11,0.113,0.109,0.179,0.143,0.088,0.094,0.166,0.106,0.137
2015-04-24 09:00:00,0.224,0.197,0.252,0.264,0.191,0.228,0.247,0.257,0.221,0.265,0.277,0.193,0.23,0.251,0.24,0.213,0.207
2015-04-24 10:00:00,0.337,0.336,0.259,0.397,0.33,0.377,0.385,0.376,0.363,0.403,0.375,0.26,0.374,0.382,0.321,0.348,0.282
2015-04-24 11:00:00,0.424,0.442,0.382,0.492,0.418,0.501,0.488,0.465,0.46,0.509,0.456,0.269,0.502,0.486,0.374,0.447,0.335
2015-04-24 12:00:00,0.471,0.494,0.422,0.538,0.511,0.567,0.547,0.505,0.506,0.589,0.486,0.309,0.588,0.582,0.388,0.474,0.384
2015-04-24 13:00:00,0.472,0.444,0.345,0.607,0.508,0.573,0.598,0.5,0.468,0.624,0.497,0.336,0.57,0.627,0.382,0.48,0.389
2015-04-24 14:00:00,0.432,0.426,0.194,0.603,0.525,0.472,0.57,0.435,0.439,0.58,0.45,0.318,0.524,0.605,0.328,0.433,0.376
2015-04-24 15:00:00,0.371,0.408,0.167,0.495,0.42,0.399,0.446,0.325,0.41,0.454,0.34,0.208,0.483,0.541,0.204,0.433,0.343
2015-04-24 16:00:00,0.285,0.332,0.272,0.353,0.274,0.335,0.241,0.237,0.315,0.35,0.213,0.204,0.348,0.357,0.134,0.32,0.31
2015-04-24 17:00:00,0.198,0.217,0.245,0.208,0.209,0.215,0.142,0.186,0.224,0.208,0.114,0.185,0.18,0.189,0.054,0.24,0.201
2015-04-24 18:00:00,0.079,0.12,0.091,0.005,0.128,0.078,0.049,0.086,0.077,0.002,0.045,0.091,0.051,0.045,0.031,0.104,0.055
2015-04-24 19:00:00,0.0,0.0,0.0,0.0,0.0,0.0,0.0,0.0,0.0,0.0,0.0,0.0,0.0,0.0,0.0,0.0,0.0
2015-04-24 20:00:00,0.0,0.0,0.0,0.0,0.0,0.0,0.0,0.0,0.0,0.0,0.0,0.0,0.0,0.0,0.0,0.0,0.0
2015-04-24 21:00:00,0.0,0.0,0.0,0.0,0.0,0.0,0.0,0.0,0.0,0.0,0.0,0.0,0.0,0.0,0.0,0.0,0.0
2015-04-24 22:00:00,0.0,0.0,0.0,0.0,0.0,0.0,0.0,0.0,0.0,0.0,0.0,0.0,0.0,0.0,0.0,0.0,0.0
2015-04-24 23:00:00,0.0,0.0,0.0,0.0,0.0,0.0,0.0,0.0,0.0,0.0,0.0,0.0,0.0,0.0,0.0,0.0,0.0
2015-04-25 00:00:00,0.0,0.0,0.0,0.0,0.0,0.0,0.0,0.0,0.0,0.0,0.0,0.0,0.0,0.0,0.0,0.0,0.0
2015-04-25 01:00:00,0.0,0.0,0.0,0.0,0.0,0.0,0.0,0.0,0.0,0.0,0.0,0.0,0.0,0.0,0.0,0.0,0.0
2015-04-25 02:00:00,0.0,0.0,0.0,0.0,0.0,0.0,0.0,0.0,0.0,0.0,0.0,0.0,0.0,0.0,0.0,0.0,0.0
2015-04-25 03:00:00,0.0,0.0,0.0,0.0,0.0,0.0,0.0,0.0,0.0,0.0,0.0,0.0,0.0,0.0,0.0,0.0,0.0
2015-04-25 04:00:00,0.0,0.0,0.0,0.001,0.0,0.0,0.0,0.001,0.0,0.001,0.002,0.0,0.0,0.0,0.001,0.0,0.0
2015-04-25 05:00:00,0.023,0.017,0.024,0.033,0.016,0.026,0.025,0.031,0.021,0.029,0.033,0.023,0.023,0.027,0.027,0.02,0.017
2015-04-25 06:00:00,0.051,0.047,0.05,0.068,0.044,0.054,0.053,0.062,0.052,0.057,0.056,0.048,0.051,0.06,0.053,0.048,0.045
2015-04-25 07:00:00,0.074,0.073,0.073,0.085,0.063,0.072,0.072,0.081,0.072,0.075,0.098,0.064,0.072,0.078,0.084,0.075,0.063
2015-04-25 08:00:00,0.094,0.085,0.089,0.134,0.078,0.091,0.09,0.098,0.088,0.112,0.124,0.076,0.088,0.1,0.095,0.097,0.079
2015-04-25 09:00:00,0.214,0.196,0.211,0.26,0.193,0.235,0.247,0.244,0.216,0.254,0.242,0.196,0.233,0.248,0.228,0.2,0.184
2015-04-25 10:00:00,0.347,0.355,0.349,0.384,0.344,0.319,0.366,0.343,0.367,0.362,0.361,0.346,0.363,0.332,0.339,0.343,0.331
2015-04-25 11:00:00,0.441,0.479,0.435,0.473,0.446,0.39,0.383,0.415,0.476,0.432,0.398,0.416,0.419,0.379,0.431,0.47,0.435
2015-04-25 12:00:00,0.503,0.542,0.548,0.506,0.48,0.457,0.352,0.503,0.539,0.509,0.489,0.524,0.443,0.457,0.506,0.536,0.44
2015-04-25 13:00:00,0.511,0.544,0.587,0.487,0.454,0.451,0.361,0.527,0.578,0.551,0.515,0.536,0.461,0.44,0.525,0.553,0.421
2015-04-25 14:00:00,0.458,0.469,0.52,0.505,0.364,0.421,0.355,0.483,0.6,0.531,0.571,0.451,0.506,0.39,0.53,0.473,0.311
2015-04-25 15:00:00,0.367,0.382,0.375,0.464,0.288,0.358,0.339,0.34,0.497,0.458,0.514,0.318,0.496,0.318,0.351,0.384,0.258
2015-04-25 16:00:00,0.232,0.217,0.257,0.302,0.162,0.26,0.418,0.232,0.332,0.357,0.256,0.196,0.349,0.267,0.178,0.238,0.148
2015-04-25 17:00:00,0.108,0.079,0.103,0.167,0.057,0.127,0.272,0.131,0.154,0.235,0.116,0.086,0.164,0.179,0.091,0.095,0.069
2015-04-25 18:00:00,0.021,0.012,0.016,0.023,0.009,0.021,0.1,0.039,0.027,0.021,0.039,0.017,0.04,0.089,0.014,0.013,0.013
2015-04-25 19:00:00,0.0,0.0,0.0,0.0,0.0,0.0,0.0,0.0,0.0,0.0,0.0,0.0,0.0,0.0,0.0,0.0,0.0
2015-04-25 20:00:00,0.0,0.0,0.0,0.0,0.0,0.0,0.0,0.0,0.0,0.0,0.0,0.0,0.0,0.0,0.0,0.0,0.0
2015-04-25 21:00:00,0.0,0.0,0.0,0.0,0.0,0.0,0.0,0.0,0.0,0.0,0.0,0.0,0.0,0.0,0.0,0.0,0.0
2015-04-25 22:00:00,0.0,0.0,0.0,0.0,0.0,0.0,0.0,0.0,0.0,0.0,0.0,0.0,0.0,0.0,0.0,0.0,0.0
2015-04-25 23:00:00,0.0,0.0,0.0,0.0,0.0,0.0,0.0,0.0,0.0,0.0,0.0,0.0,0.0,0.0,0.0,0.0,0.0
2015-04-26 00:00:00,0.0,0.0,0.0,0.0,0.0,0.0,0.0,0.0,0.0,0.0,0.0,0.0,0.0,0.0,0.0,0.0,0.0
2015-04-26 01:00:00,0.0,0.0,0.0,0.0,0.0,0.0,0.0,0.0,0.0,0.0,0.0,0.0,0.0,0.0,0.0,0.0,0.0
2015-04-26 02:00:00,0.0,0.0,0.0,0.0,0.0,0.0,0.0,0.0,0.0,0.0,0.0,0.0,0.0,0.0,0.0,0.0,0.0
2015-04-26 03:00:00,0.0,0.0,0.0,0.0,0.0,0.0,0.0,0.0,0.0,0.0,0.0,0.0,0.0,0.0,0.0,0.0,0.0
2015-04-26 04:00:00,0.0,0.0,0.0,0.004,0.0,0.0,0.0,0.001,0.0,0.002,0.002,0.0,0.0,0.0,0.001,0.0,0.0
2015-04-26 05:00:00,0.022,0.006,0.024,0.044,0.013,0.024,0.039,0.032,0.015,0.043,0.032,0.031,0.029,0.04,0.027,0.012,0.019
2015-04-26 06:00:00,0.06,0.037,0.072,0.089,0.049,0.057,0.103,0.072,0.045,0.098,0.075,0.074,0.081,0.096,0.069,0.039,0.054
2015-04-26 07:00:00,0.1,0.077,0.078,0.148,0.088,0.103,0.159,0.12,0.1,0.162,0.114,0.099,0.115,0.161,0.117,0.077,0.086
2015-04-26 08:00:00,0.135,0.124,0.091,0.198,0.104,0.148,0.207,0.157,0.157,0.218,0.174,0.103,0.17,0.202,0.155,0.111,0.126
2015-04-26 09:00:00,0.199,0.181,0.141,0.28,0.207,0.17,0.305,0.205,0.171,0.311,0.212,0.182,0.252,0.283,0.231,0.171,0.174
2015-04-26 10:00:00,0.263,0.278,0.236,0.347,0.291,0.165,0.339,0.214,0.217,0.361,0.246,0.261,0.273,0.339,0.283,0.246,0.241
2015-04-26 11:00:00,0.331,0.379,0.331,0.383,0.39,0.21,0.345,0.276,0.227,0.401,0.237,0.359,0.284,0.36,0.323,0.334,0.323
2015-04-26 12:00:00,0.359,0.414,0.363,0.408,0.365,0.258,0.385,0.269,0.392,0.399,0.212,0.364,0.314,0.368,0.31,0.398,0.374
2015-04-26 13:00:00,0.403,0.484,0.378,0.347,0.454,0.336,0.426,0.309,0.502,0.408,0.226,0.401,0.39,0.356,0.331,0.476,0.368
2015-04-26 14:00:00,0.343,0.394,0.358,0.289,0.412,0.335,0.399,0.299,0.412,0.355,0.189,0.387,0.429,0.35,0.246,0.379,0.264
2015-04-26 15:00:00,0.315,0.452,0.318,0.219,0.43,0.312,0.343,0.232,0.451,0.294,0.148,0.314,0.409,0.283,0.17,0.362,0.237
2015-04-26 16:00:00,0.258,0.374,0.269,0.148,0.305,0.272,0.303,0.157,0.3,0.187,0.1,0.226,0.35,0.204,0.146,0.342,0.21
2015-04-26 17:00:00,0.138,0.197,0.144,0.077,0.12,0.167,0.186,0.099,0.121,0.107,0.035,0.087,0.156,0.135,0.097,0.198,0.124
2015-04-26 18:00:00,0.061,0.103,0.079,0.018,0.082,0.061,0.054,0.027,0.081,0.02,0.007,0.017,0.038,0.039,0.02,0.089,0.083
2015-04-26 19:00:00,0.0,0.0,0.0,0.0,0.0,0.0,0.0,0.0,0.0,0.0,0.0,0.0,0.0,0.0,0.0,0.0,0.0
2015-04-26 20:00:00,0.0,0.0,0.0,0.0,0.0,0.0,0.0,0.0,0.0,0.0,0.0,0.0,0.0,0.0,0.0,0.0,0.0
2015-04-26 21:00:00,0.0,0.0,0.0,0.0,0.0,0.0,0.0,0.0,0.0,0.0,0.0,0.0,0.0,0.0,0.0,0.0,0.0
2015-04-26 22:00:00,0.0,0.0,0.0,0.0,0.0,0.0,0.0,0.0,0.0,0.0,0.0,0.0,0.0,0.0,0.0,0.0,0.0
2015-04-26 23:00:00,0.0,0.0,0.0,0.0,0.0,0.0,0.0,0.0,0.0,0.0,0.0,0.0,0.0,0.0,0.0,0.0,0.0
2015-04-27 00:00:00,0.0,0.0,0.0,0.0,0.0,0.0,0.0,0.0,0.0,0.0,0.0,0.0,0.0,0.0,0.0,0.0,0.0
2015-04-27 01:00:00,0.0,0.0,0.0,0.0,0.0,0.0,0.0,0.0,0.0,0.0,0.0,0.0,0.0,0.0,0.0,0.0,0.0
2015-04-27 02:00:00,0.0,0.0,0.0,0.0,0.0,0.0,0.0,0.0,0.0,0.0,0.0,0.0,0.0,0.0,0.0,0.0,0.0
2015-04-27 03:00:00,0.0,0.0,0.0,0.0,0.0,0.0,0.0,0.0,0.0,0.0,0.0,0.0,0.0,0.0,0.0,0.0,0.0
2015-04-27 04:00:00,0.001,0.0,0.0,0.003,0.0,0.0,0.0,0.002,0.0,0.002,0.004,0.0,0.0,0.001,0.003,0.0,0.0
2015-04-27 05:00:00,0.026,0.021,0.024,0.034,0.02,0.027,0.027,0.032,0.022,0.031,0.037,0.025,0.025,0.03,0.034,0.026,0.018
2015-04-27 06:00:00,0.058,0.048,0.056,0.059,0.058,0.055,0.054,0.058,0.05,0.058,0.069,0.063,0.052,0.059,0.063,0.061,0.052
2015-04-27 07:00:00,0.1,0.103,0.109,0.076,0.115,0.08,0.078,0.077,0.073,0.075,0.099,0.096,0.072,0.076,0.089,0.132,0.075
2015-04-27 08:00:00,0.13,0.099,0.167,0.116,0.126,0.092,0.095,0.099,0.083,0.115,0.13,0.144,0.084,0.102,0.103,0.163,0.143
2015-04-27 09:00:00,0.234,0.202,0.266,0.268,0.192,0.235,0.249,0.245,0.219,0.268,0.256,0.233,0.233,0.253,0.241,0.243,0.202
2015-04-27 10:00:00,0.332,0.349,0.346,0.374,0.311,0.336,0.388,0.362,0.359,0.369,0.356,0.3,0.349,0.361,0.334,0.349,0.215
2015-04-27 11:00:00,0.4,0.455,0.413,0.46,0.398,0.374,0.452,0.437,0.445,0.461,0.387,0.394,0.43,0.448,0.391,0.412,0.244
2015-04-27 12:00:00,0.463,0.542,0.457,0.538,0.499,0.47,0.487,0.495,0.54,0.537,0.4,0.47,0.474,0.518,0.425,0.486,0.237
2015-04-27 13:00:00,0.447,0.542,0.437,0.505,0.516,0.464,0.467,0.442,0.518,0.504,0.368,0.418,0.416,0.579,0.381,0.484,0.223
2015-04-27 14:00:00,0.423,0.461,0.439,0.505,0.418,0.495,0.486,0.426,0.526,0.513,0.259,0.313,0.501,0.527,0.334,0.516,0.188
2015-04-27 15:00:00,0.357,0.415,0.435,0.411,0.37,0.475,0.4,0.391,0.36,0.499,0.15,0.243,0.368,0.458,0.303,0.409,0.167
2015-04-27 16:00:00,0.245,0.211,0.368,0.35,0.129,0.358,0.347,0.347,0.181,0.386,0.173,0.247,0.285,0.325,0.305,0.232,0.085
2015-04-27 17:00:00,0.146,0.226,0.196,0.229,0.071,0.158,0.242,0.214,0.179,0.205,0.138,0.134,0.174,0.189,0.199,0.104,0.053
2015-04-27 18:00:00,0.051,0.097,0.057,0.064,0.021,0.055,0.084,0.089,0.088,0.046,0.072,0.053,0.075,0.063,0.096,0.025,0.007
2015-04-27 19:00:00,0.0,0.0,0.0,0.0,0.0,0.0,0.0,0.0,0.0,0.0,0.0,0.0,0.0,0.0,0.0,0.0,0.0
2015-04-27 20:00:00,0.0,0.0,0.0,0.0,0.0,0.0,0.0,0.0,0.0,0.0,0.0,0.0,0.0,0.0,0.0,0.0,0.0
2015-04-27 21:00:00,0.0,0.0,0.0,0.0,0.0,0.0,0.0,0.0,0.0,0.0,0.0,0.0,0.0,0.0,0.0,0.0,0.0
2015-04-27 22:00:00,0.0,0.0,0.0,0.0,0.0,0.0,0.0,0.0,0.0,0.0,0.0,0.0,0.0,0.0,0.0,0.0,0.0
2015-04-27 23:00:00,0.0,0.0,0.0,0.0,0.0,0.0,0.0,0.0,0.0,0.0,0.0,0.0,0.0,0.0,0.0,0.0,0.0
2015-04-28 00:00:00,0.0,0.0,0.0,0.0,0.0,0.0,0.0,0.0,0.0,0.0,0.0,0.0,0.0,0.0,0.0,0.0,0.0
2015-04-28 01:00:00,0.0,0.0,0.0,0.0,0.0,0.0,0.0,0.0,0.0,0.0,0.0,0.0,0.0,0.0,0.0,0.0,0.0
2015-04-28 02:00:00,0.0,0.0,0.0,0.0,0.0,0.0,0.0,0.0,0.0,0.0,0.0,0.0,0.0,0.0,0.0,0.0,0.0
2015-04-28 03:00:00,0.0,0.0,0.0,0.0,0.0,0.0,0.0,0.0,0.0,0.0,0.0,0.0,0.0,0.0,0.0,0.0,0.0
2015-04-28 04:00:00,0.001,0.0,0.0,0.004,0.0,0.0,0.0,0.002,0.0,0.002,0.005,0.0,0.0,0.001,0.002,0.0,0.0
2015-04-28 05:00:00,0.019,0.005,0.022,0.04,0.002,0.032,0.028,0.04,0.02,0.033,0.035,0.013,0.025,0.035,0.033,0.011,0.004
2015-04-28 06:00:00,0.045,0.022,0.053,0.077,0.008,0.064,0.063,0.076,0.048,0.06,0.077,0.036,0.057,0.072,0.072,0.034,0.03
2015-04-28 07:00:00,0.065,0.05,0.07,0.089,0.028,0.106,0.081,0.095,0.103,0.087,0.087,0.045,0.089,0.088,0.095,0.052,0.045
2015-04-28 08:00:00,0.101,0.084,0.1,0.13,0.075,0.132,0.108,0.122,0.135,0.134,0.122,0.064,0.108,0.121,0.129,0.091,0.091
2015-04-28 09:00:00,0.169,0.115,0.139,0.268,0.085,0.227,0.244,0.232,0.212,0.233,0.262,0.101,0.238,0.236,0.238,0.125,0.171
2015-04-28 10:00:00,0.227,0.095,0.143,0.395,0.08,0.34,0.306,0.352,0.273,0.362,0.382,0.107,0.322,0.352,0.33,0.168,0.256
2015-04-28 11:00:00,0.272,0.119,0.185,0.473,0.077,0.45,0.379,0.46,0.315,0.433,0.467,0.134,0.424,0.452,0.381,0.18,0.31
2015-04-28 12:00:00,0.285,0.145,0.19,0.433,0.099,0.507,0.227,0.493,0.422,0.449,0.497,0.16,0.464,0.393,0.415,0.188,0.3
2015-04-28 13:00:00,0.252,0.096,0.178,0.467,0.042,0.469,0.349,0.448,0.323,0.422,0.326,0.177,0.35,0.425,0.344,0.196,0.21
2015-04-28 14:00:00,0.181,0.045,0.157,0.436,0.04,0.26,0.338,0.356,0.174,0.338,0.232,0.141,0.192,0.37,0.24,0.139,0.087
2015-04-28 15:00:00,0.146,0.04,0.13,0.293,0.039,0.249,0.254,0.279,0.084,0.308,0.265,0.088,0.105,0.279,0.219,0.11,0.069
2015-04-28 16:00:00,0.093,0.022,0.051,0.206,0.044,0.102,0.261,0.124,0.029,0.307,0.193,0.052,0.077,0.246,0.154,0.048,0.054
2015-04-28 17:00:00,0.044,0.007,0.016,0.16,0.021,0.028,0.063,0.068,0.006,0.159,0.082,0.018,0.021,0.116,0.11,0.01,0.03
2015-04-28 18:00:00,0.009,0.002,0.001,0.028,0.009,0.001,0.018,0.009,0.0,0.038,0.012,0.002,0.0,0.045,0.024,0.0,0.007
2015-04-28 19:00:00,0.0,0.0,0.0,0.0,0.0,0.0,0.0,0.0,0.0,0.0,0.0,0.0,0.0,0.0,0.0,0.0,0.0
2015-04-28 20:00:00,0.0,0.0,0.0,0.0,0.0,0.0,0.0,0.0,0.0,0.0,0.0,0.0,0.0,0.0,0.0,0.0,0.0
2015-04-28 21:00:00,0.0,0.0,0.0,0.0,0.0,0.0,0.0,0.0,0.0,0.0,0.0,0.0,0.0,0.0,0.0,0.0,0.0
2015-04-28 22:00:00,0.0,0.0,0.0,0.0,0.0,0.0,0.0,0.0,0.0,0.0,0.0,0.0,0.0,0.0,0.0,0.0,0.0
2015-04-28 23:00:00,0.0,0.0,0.0,0.0,0.0,0.0,0.0,0.0,0.0,0.0,0.0,0.0,0.0,0.0,0.0,0.0,0.0
2015-04-29 00:00:00,0.0,0.0,0.0,0.0,0.0,0.0,0.0,0.0,0.0,0.0,0.0,0.0,0.0,0.0,0.0,0.0,0.0
2015-04-29 01:00:00,0.0,0.0,0.0,0.0,0.0,0.0,0.0,0.0,0.0,0.0,0.0,0.0,0.0,0.0,0.0,0.0,0.0
2015-04-29 02:00:00,0.0,0.0,0.0,0.0,0.0,0.0,0.0,0.0,0.0,0.0,0.0,0.0,0.0,0.0,0.0,0.0,0.0
2015-04-29 03:00:00,0.0,0.0,0.0,0.0,0.0,0.0,0.0,0.0,0.0,0.0,0.0,0.0,0.0,0.0,0.0,0.0,0.0
2015-04-29 04:00:00,0.0,0.0,0.0,0.0,0.0,0.0,0.0,0.0,0.0,0.0,0.0,0.001,0.0,0.0,0.001,0.0,0.0
2015-04-29 05:00:00,0.023,0.024,0.03,0.001,0.022,0.036,0.032,0.018,0.026,0.004,0.003,0.031,0.035,0.012,0.024,0.027,0.024
2015-04-29 06:00:00,0.049,0.056,0.056,0.006,0.052,0.061,0.077,0.048,0.056,0.018,0.013,0.054,0.062,0.04,0.052,0.056,0.055
2015-04-29 07:00:00,0.11,0.125,0.089,0.037,0.114,0.151,0.135,0.142,0.135,0.042,0.091,0.079,0.134,0.129,0.116,0.128,0.091
2015-04-29 08:00:00,0.142,0.177,0.12,0.085,0.141,0.151,0.181,0.158,0.181,0.096,0.135,0.092,0.185,0.173,0.132,0.168,0.109
2015-04-29 09:00:00,0.224,0.261,0.216,0.139,0.228,0.257,0.268,0.247,0.255,0.129,0.223,0.217,0.24,0.257,0.248,0.224,0.203
2015-04-29 10:00:00,0.334,0.375,0.331,0.205,0.358,0.363,0.404,0.347,0.348,0.225,0.28,0.342,0.344,0.374,0.342,0.342,0.332
2015-04-29 11:00:00,0.431,0.474,0.441,0.311,0.452,0.444,0.471,0.468,0.396,0.3,0.351,0.472,0.396,0.492,0.442,0.438,0.435
2015-04-29 12:00:00,0.512,0.613,0.512,0.381,0.535,0.428,0.516,0.531,0.502,0.368,0.432,0.567,0.355,0.518,0.532,0.541,0.507
2015-04-29 13:00:00,0.548,0.662,0.579,0.419,0.598,0.392,0.478,0.495,0.548,0.44,0.502,0.631,0.327,0.494,0.565,0.581,0.555
2015-04-29 14:00:00,0.554,0.682,0.576,0.433,0.635,0.451,0.393,0.443,0.569,0.501,0.506,0.644,0.306,0.39,0.579,0.623,0.457
2015-04-29 15:00:00,0.534,0.655,0.491,0.455,0.591,0.437,0.312,0.4,0.597,0.419,0.54,0.599,0.335,0.358,0.564,0.588,0.535
2015-04-29 16:00:00,0.469,0.565,0.49,0.394,0.56,0.308,0.175,0.354,0.51,0.334,0.448,0.538,0.264,0.176,0.467,0.524,0.514
2015-04-29 17:00:00,0.346,0.4,0.383,0.242,0.404,0.225,0.117,0.252,0.334,0.225,0.329,0.404,0.18,0.106,0.358,0.399,0.408
2015-04-29 18:00:00,0.15,0.156,0.177,0.083,0.14,0.109,0.031,0.105,0.16,0.081,0.126,0.193,0.072,0.036,0.152,0.181,0.217
2015-04-29 19:00:00,0.0,0.0,0.0,0.0,0.0,0.0,0.0,0.0,0.0,0.0,0.0,0.0,0.0,0.0,0.0,0.0,0.0
2015-04-29 20:00:00,0.0,0.0,0.0,0.0,0.0,0.0,0.0,0.0,0.0,0.0,0.0,0.0,0.0,0.0,0.0,0.0,0.0
2015-04-29 21:00:00,0.0,0.0,0.0,0.0,0.0,0.0,0.0,0.0,0.0,0.0,0.0,0.0,0.0,0.0,0.0,0.0,0.0
2015-04-29 22:00:00,0.0,0.0,0.0,0.0,0.0,0.0,0.0,0.0,0.0,0.0,0.0,0.0,0.0,0.0,0.0,0.0,0.0
2015-04-29 23:00:00,0.0,0.0,0.0,0.0,0.0,0.0,0.0,0.0,0.0,0.0,0.0,0.0,0.0,0.0,0.0,0.0,0.0
2015-04-30 00:00:00,0.0,0.0,0.0,0.0,0.0,0.0,0.0,0.0,0.0,0.0,0.0,0.0,0.0,0.0,0.0,0.0,0.0
2015-04-30 01:00:00,0.0,0.0,0.0,0.0,0.0,0.0,0.0,0.0,0.0,0.0,0.0,0.0,0.0,0.0,0.0,0.0,0.0
2015-04-30 02:00:00,0.0,0.0,0.0,0.0,0.0,0.0,0.0,0.0,0.0,0.0,0.0,0.0,0.0,0.0,0.0,0.0,0.0
2015-04-30 03:00:00,0.0,0.0,0.0,0.0,0.0,0.0,0.0,0.0,0.0,0.0,0.0,0.0,0.0,0.0,0.0,0.0,0.0
2015-04-30 04:00:00,0.002,0.0,0.001,0.006,0.0,0.001,0.001,0.005,0.0,0.004,0.008,0.003,0.0,0.003,0.007,0.0,0.0
2015-04-30 05:00:00,0.04,0.034,0.045,0.041,0.031,0.037,0.039,0.043,0.041,0.04,0.047,0.044,0.042,0.038,0.051,0.04,0.034
2015-04-30 06:00:00,0.089,0.09,0.098,0.073,0.084,0.092,0.085,0.09,0.101,0.078,0.081,0.099,0.097,0.076,0.1,0.089,0.082
2015-04-30 07:00:00,0.115,0.112,0.133,0.095,0.091,0.123,0.126,0.132,0.123,0.1,0.123,0.148,0.116,0.116,0.157,0.102,0.104
2015-04-30 08:00:00,0.148,0.154,0.164,0.162,0.115,0.16,0.16,0.165,0.144,0.164,0.157,0.181,0.152,0.17,0.201,0.126,0.121
2015-04-30 09:00:00,0.27,0.288,0.263,0.31,0.227,0.284,0.309,0.292,0.287,0.313,0.3,0.267,0.289,0.301,0.3,0.257,0.217
2015-04-30 10:00:00,0.381,0.379,0.352,0.449,0.364,0.358,0.414,0.396,0.395,0.443,0.438,0.362,0.375,0.427,0.401,0.363,0.351
2015-04-30 11:00:00,0.434,0.422,0.327,0.564,0.445,0.351,0.489,0.435,0.448,0.543,0.545,0.419,0.421,0.535,0.448,0.382,0.457
2015-04-30 12:00:00,0.448,0.437,0.319,0.63,0.49,0.272,0.417,0.459,0.421,0.571,0.611,0.407,0.333,0.558,0.454,0.4,0.49
2015-04-30 13:00:00,0.447,0.395,0.28,0.655,0.511,0.281,0.359,0.443,0.376,0.521,0.631,0.409,0.284,0.506,0.456,0.403,0.545
2015-04-30 14:00:00,0.386,0.297,0.186,0.606,0.415,0.199,0.327,0.359,0.225,0.451,0.6,0.403,0.193,0.442,0.393,0.349,0.539
2015-04-30 15:00:00,0.322,0.209,0.177,0.486,0.289,0.152,0.27,0.287,0.166,0.391,0.537,0.348,0.161,0.342,0.318,0.304,0.514
2015-04-30 16:00:00,0.216,0.128,0.128,0.329,0.212,0.081,0.203,0.153,0.127,0.213,0.344,0.219,0.131,0.192,0.193,0.215,0.379
2015-04-30 17:00:00,0.116,0.079,0.078,0.131,0.18,0.038,0.084,0.062,0.044,0.117,0.13,0.165,0.05,0.096,0.062,0.108,0.227
2015-04-30 18:00:00,0.048,0.052,0.018,0.015,0.132,0.008,0.015,0.008,0.006,0.018,0.019,0.066,0.01,0.017,0.011,0.048,0.112
2015-04-30 19:00:00,0.0,0.0,0.0,0.0,0.0,0.0,0.0,0.0,0.0,0.0,0.0,0.0,0.0,0.0,0.0,0.0,0.0
2015-04-30 20:00:00,0.0,0.0,0.0,0.0,0.0,0.0,0.0,0.0,0.0,0.0,0.0,0.0,0.0,0.0,0.0,0.0,0.0
2015-04-30 21:00:00,0.0,0.0,0.0,0.0,0.0,0.0,0.0,0.0,0.0,0.0,0.0,0.0,0.0,0.0,0.0,0.0,0.0
2015-04-30 22:00:00,0.0,0.0,0.0,0.0,0.0,0.0,0.0,0.0,0.0,0.0,0.0,0.0,0.0,0.0,0.0,0.0,0.0
2015-04-30 23:00:00,0.0,0.0,0.0,0.0,0.0,0.0,0.0,0.0,0.0,0.0,0.0,0.0,0.0,0.0,0.0,0.0,0.0
2015-05-01 00:00:00,0.0,0.0,0.0,0.0,0.0,0.0,0.0,0.0,0.0,0.0,0.0,0.0,0.0,0.0,0.0,0.0,0.0
2015-05-01 01:00:00,0.0,0.0,0.0,0.0,0.0,0.0,0.0,0.0,0.0,0.0,0.0,0.0,0.0,0.0,0.0,0.0,0.0
2015-05-01 02:00:00,0.0,0.0,0.0,0.0,0.0,0.0,0.0,0.0,0.0,0.0,0.0,0.0,0.0,0.0,0.0,0.0,0.0
2015-05-01 03:00:00,0.0,0.0,0.0,0.0,0.0,0.0,0.0,0.0,0.0,0.0,0.0,0.0,0.0,0.0,0.0,0.0,0.0
2015-05-01 04:00:00,0.002,0.0,0.002,0.008,0.0,0.002,0.001,0.004,0.0,0.005,0.01,0.002,0.0,0.003,0.006,0.0,0.0
2015-05-01 05:00:00,0.032,0.021,0.034,0.058,0.014,0.034,0.035,0.045,0.029,0.047,0.059,0.035,0.035,0.034,0.046,0.03,0.01
2015-05-01 06:00:00,0.075,0.061,0.085,0.107,0.046,0.078,0.081,0.077,0.093,0.08,0.125,0.074,0.092,0.065,0.092,0.076,0.043
2015-05-01 07:00:00,0.111,0.087,0.121,0.139,0.087,0.129,0.131,0.115,0.126,0.099,0.169,0.104,0.133,0.125,0.117,0.116,0.071
2015-05-01 08:00:00,0.145,0.111,0.174,0.18,0.109,0.195,0.173,0.157,0.133,0.153,0.204,0.13,0.176,0.182,0.143,0.14,0.111
2015-05-01 09:00:00,0.217,0.169,0.216,0.303,0.221,0.268,0.23,0.271,0.205,0.28,0.293,0.211,0.265,0.258,0.259,0.152,0.202
2015-05-01 10:00:00,0.3,0.237,0.205,0.406,0.332,0.344,0.299,0.346,0.215,0.344,0.395,0.251,0.322,0.338,0.37,0.243,0.336
2015-05-01 11:00:00,0.349,0.365,0.228,0.421,0.438,0.318,0.186,0.377,0.303,0.441,0.396,0.224,0.24,0.436,0.383,0.309,0.427
2015-05-01 12:00:00,0.422,0.442,0.362,0.437,0.513,0.401,0.228,0.336,0.368,0.487,0.475,0.317,0.239,0.467,0.348,0.452,0.489
2015-05-01 13:00:00,0.446,0.443,0.426,0.459,0.542,0.452,0.257,0.425,0.434,0.382,0.398,0.381,0.29,0.303,0.302,0.5,0.53
2015-05-01 14:00:00,0.451,0.453,0.515,0.387,0.57,0.343,0.304,0.295,0.398,0.265,0.321,0.442,0.371,0.241,0.233,0.588,0.532
2015-05-01 15:00:00,0.387,0.293,0.503,0.234,0.44,0.405,0.247,0.197,0.201,0.176,0.34,0.399,0.274,0.326,0.209,0.548,0.458
2015-05-01 16:00:00,0.291,0.181,0.461,0.114,0.316,0.337,0.109,0.243,0.114,0.104,0.2,0.391,0.133,0.323,0.165,0.374,0.377
2015-05-01 17:00:00,0.193,0.125,0.369,0.076,0.198,0.207,0.044,0.179,0.063,0.095,0.034,0.319,0.057,0.132,0.119,0.228,0.298
2015-05-01 18:00:00,0.082,0.091,0.139,0.029,0.107,0.038,0.005,0.071,0.049,0.003,0.006,0.146,0.013,0.005,0.055,0.089,0.157
2015-05-01 19:00:00,0.0,0.0,0.0,0.0,0.0,0.0,0.0,0.0,0.0,0.0,0.0,0.0,0.0,0.0,0.0,0.0,0.0
2015-05-01 20:00:00,0.0,0.0,0.0,0.0,0.0,0.0,0.0,0.0,0.0,0.0,0.0,0.0,0.0,0.0,0.0,0.0,0.0
2015-05-01 21:00:00,0.0,0.0,0.0,0.0,0.0,0.0,0.0,0.0,0.0,0.0,0.0,0.0,0.0,0.0,0.0,0.0,0.0
2015-05-01 22:00:00,0.0,0.0,0.0,0.0,0.0,0.0,0.0,0.0,0.0,0.0,0.0,0.0,0.0,0.0,0.0,0.0,0.0
2015-05-01 23:00:00,0.0,0.0,0.0,0.0,0.0,0.0,0.0,0.0,0.0,0.0,0.0,0.0,0.0,0.0,0.0,0.0,0.0
2015-05-02 00:00:00,0.0,0.0,0.0,0.0,0.0,0.0,0.0,0.0,0.0,0.0,0.0,0.0,0.0,0.0,0.0,0.0,0.0
2015-05-02 01:00:00,0.0,0.0,0.0,0.0,0.0,0.0,0.0,0.0,0.0,0.0,0.0,0.0,0.0,0.0,0.0,0.0,0.0
2015-05-02 02:00:00,0.0,0.0,0.0,0.0,0.0,0.0,0.0,0.0,0.0,0.0,0.0,0.0,0.0,0.0,0.0,0.0,0.0
2015-05-02 03:00:00,0.0,0.0,0.0,0.0,0.0,0.0,0.0,0.0,0.0,0.0,0.0,0.0,0.0,0.0,0.0,0.0,0.0
2015-05-02 04:00:00,0.002,0.0,0.002,0.005,0.0,0.003,0.0,0.005,0.0,0.0,0.009,0.003,0.0,0.0,0.006,0.0,0.0
2015-05-02 05:00:00,0.031,0.03,0.032,0.039,0.025,0.038,0.004,0.041,0.035,0.007,0.041,0.031,0.025,0.019,0.037,0.032,0.026
2015-05-02 06:00:00,0.058,0.056,0.058,0.08,0.051,0.067,0.013,0.076,0.074,0.01,0.071,0.057,0.068,0.051,0.06,0.058,0.052
2015-05-02 07:00:00,0.083,0.083,0.076,0.119,0.072,0.091,0.056,0.095,0.105,0.03,0.094,0.08,0.126,0.088,0.092,0.077,0.073
2015-05-02 08:00:00,0.106,0.1,0.091,0.158,0.088,0.123,0.083,0.131,0.107,0.052,0.146,0.099,0.135,0.139,0.14,0.091,0.09
2015-05-02 09:00:00,0.234,0.233,0.248,0.255,0.21,0.257,0.127,0.274,0.222,0.073,0.289,0.234,0.237,0.261,0.27,0.239,0.206
2015-05-02 10:00:00,0.357,0.355,0.393,0.35,0.337,0.359,0.188,0.386,0.355,0.11,0.422,0.371,0.317,0.341,0.392,0.382,0.335
2015-05-02 11:00:00,0.442,0.376,0.503,0.443,0.368,0.473,0.224,0.49,0.44,0.144,0.512,0.5,0.419,0.381,0.507,0.47,0.448
2015-05-02 12:00:00,0.471,0.446,0.476,0.45,0.394,0.481,0.284,0.515,0.488,0.126,0.555,0.587,0.442,0.366,0.575,0.477,0.506
2015-05-02 13:00:00,0.449,0.437,0.478,0.376,0.304,0.535,0.299,0.523,0.429,0.151,0.547,0.622,0.359,0.377,0.555,0.426,0.521
2015-05-02 14:00:00,0.432,0.399,0.441,0.414,0.338,0.489,0.299,0.452,0.485,0.172,0.495,0.608,0.384,0.343,0.48,0.396,0.55
2015-05-02 15:00:00,0.369,0.327,0.294,0.309,0.298,0.395,0.245,0.353,0.424,0.122,0.336,0.601,0.414,0.307,0.411,0.343,0.532
2015-05-02 16:00:00,0.305,0.342,0.26,0.258,0.272,0.296,0.233,0.318,0.381,0.107,0.299,0.508,0.401,0.31,0.403,0.218,0.402
2015-05-02 17:00:00,0.241,0.315,0.146,0.192,0.298,0.189,0.196,0.219,0.306,0.1,0.235,0.383,0.315,0.205,0.315,0.158,0.338
2015-05-02 18:00:00,0.118,0.15,0.107,0.079,0.138,0.071,0.085,0.092,0.124,0.05,0.091,0.191,0.135,0.096,0.135,0.092,0.182
2015-05-02 19:00:00,0.0,0.0,0.0,0.0,0.0,0.0,0.0,0.0,0.0,0.0,0.0,0.0,0.0,0.0,0.0,0.0,0.0
2015-05-02 20:00:00,0.0,0.0,0.0,0.0,0.0,0.0,0.0,0.0,0.0,0.0,0.0,0.0,0.0,0.0,0.0,0.0,0.0
2015-05-02 21:00:00,0.0,0.0,0.0,0.0,0.0,0.0,0.0,0.0,0.0,0.0,0.0,0.0,0.0,0.0,0.0,0.0,0.0
2015-05-02 22:00:00,0.0,0.0,0.0,0.0,0.0,0.0,0.0,0.0,0.0,0.0,0.0,0.0,0.0,0.0,0.0,0.0,0.0
2015-05-02 23:00:00,0.0,0.0,0.0,0.0,0.0,0.0,0.0,0.0,0.0,0.0,0.0,0.0,0.0,0.0,0.0,0.0,0.0
2015-05-03 00:00:00,0.0,0.0,0.0,0.0,0.0,0.0,0.0,0.0,0.0,0.0,0.0,0.0,0.0,0.0,0.0,0.0,0.0
2015-05-03 01:00:00,0.0,0.0,0.0,0.0,0.0,0.0,0.0,0.0,0.0,0.0,0.0,0.0,0.0,0.0,0.0,0.0,0.0
2015-05-03 02:00:00,0.0,0.0,0.0,0.0,0.0,0.0,0.0,0.0,0.0,0.0,0.0,0.0,0.0,0.0,0.0,0.0,0.0
2015-05-03 03:00:00,0.0,0.0,0.0,0.0,0.0,0.0,0.0,0.0,0.0,0.0,0.0,0.0,0.0,0.0,0.0,0.0,0.0
2015-05-03 04:00:00,0.003,0.0,0.003,0.007,0.0,0.003,0.003,0.006,0.0,0.005,0.01,0.003,0.002,0.004,0.007,0.001,0.0
2015-05-03 05:00:00,0.032,0.031,0.032,0.04,0.024,0.034,0.039,0.036,0.035,0.039,0.041,0.032,0.036,0.036,0.037,0.03,0.027
2015-05-03 06:00:00,0.064,0.067,0.07,0.067,0.057,0.069,0.088,0.065,0.074,0.07,0.068,0.055,0.074,0.067,0.062,0.066,0.053
2015-05-03 07:00:00,0.089,0.088,0.084,0.101,0.072,0.115,0.119,0.096,0.1,0.097,0.095,0.077,0.09,0.097,0.083,0.09,0.082
2015-05-03 08:00:00,0.116,0.093,0.106,0.166,0.084,0.157,0.145,0.14,0.1,0.157,0.151,0.089,0.11,0.149,0.119,0.108,0.11
2015-05-03 09:00:00,0.245,0.229,0.255,0.304,0.208,0.261,0.282,0.274,0.249,0.296,0.267,0.232,0.263,0.279,0.251,0.236,0.213
2015-05-03 10:00:00,0.372,0.358,0.35,0.423,0.365,0.392,0.429,0.39,0.387,0.43,0.382,0.38,0.411,0.429,0.378,0.353,0.333
2015-05-03 11:00:00,0.438,0.413,0.408,0.417,0.487,0.384,0.518,0.428,0.425,0.394,0.487,0.432,0.464,0.413,0.487,0.425,0.44
2015-05-03 12:00:00,0.45,0.33,0.394,0.373,0.513,0.363,0.532,0.399,0.306,0.392,0.578,0.459,0.454,0.371,0.527,0.468,0.506
2015-05-03 13:00:00,0.438,0.291,0.463,0.325,0.482,0.384,0.461,0.384,0.282,0.452,0.591,0.428,0.343,0.453,0.472,0.433,0.565
2015-05-03 14:00:00,0.411,0.195,0.492,0.287,0.395,0.398,0.331,0.369,0.232,0.387,0.464,0.46,0.285,0.356,0.381,0.453,0.604
2015-05-03 15:00:00,0.363,0.197,0.472,0.231,0.29,0.284,0.271,0.306,0.227,0.325,0.375,0.481,0.218,0.334,0.347,0.395,0.588
2015-05-03 16:00:00,0.281,0.171,0.419,0.203,0.224,0.215,0.157,0.248,0.086,0.284,0.277,0.414,0.087,0.217,0.305,0.261,0.506
2015-05-03 17:00:00,0.207,0.13,0.351,0.117,0.154,0.158,0.127,0.173,0.056,0.197,0.203,0.386,0.065,0.161,0.232,0.169,0.379
2015-05-03 18:00:00,0.104,0.089,0.176,0.081,0.075,0.083,0.033,0.087,0.032,0.092,0.085,0.192,0.029,0.063,0.109,0.097,0.166
2015-05-03 19:00:00,0.0,0.0,0.0,0.0,0.0,0.0,0.0,0.0,0.0,0.0,0.0,0.0,0.0,0.0,0.0,0.0,0.0
2015-05-03 20:00:00,0.0,0.0,0.0,0.0,0.0,0.0,0.0,0.0,0.0,0.0,0.0,0.0,0.0,0.0,0.0,0.0,0.0
2015-05-03 21:00:00,0.0,0.0,0.0,0.0,0.0,0.0,0.0,0.0,0.0,0.0,0.0,0.0,0.0,0.0,0.0,0.0,0.0
2015-05-03 22:00:00,0.0,0.0,0.0,0.0,0.0,0.0,0.0,0.0,0.0,0.0,0.0,0.0,0.0,0.0,0.0,0.0,0.0
2015-05-03 23:00:00,0.0,0.0,0.0,0.0,0.0,0.0,0.0,0.0,0.0,0.0,0.0,0.0,0.0,0.0,0.0,0.0,0.0
2015-05-04 00:00:00,0.0,0.0,0.0,0.0,0.0,0.0,0.0,0.0,0.0,0.0,0.0,0.0,0.0,0.0,0.0,0.0,0.0
2015-05-04 01:00:00,0.0,0.0,0.0,0.0,0.0,0.0,0.0,0.0,0.0,0.0,0.0,0.0,0.0,0.0,0.0,0.0,0.0
2015-05-04 02:00:00,0.0,0.0,0.0,0.0,0.0,0.0,0.0,0.0,0.0,0.0,0.0,0.0,0.0,0.0,0.0,0.0,0.0
2015-05-04 03:00:00,0.0,0.0,0.0,0.0,0.0,0.0,0.0,0.0,0.0,0.0,0.0,0.0,0.0,0.0,0.0,0.0,0.0
2015-05-04 04:00:00,0.003,0.0,0.0,0.011,0.0,0.001,0.0,0.006,0.0,0.004,0.015,0.001,0.0,0.002,0.009,0.0,0.0
2015-05-04 05:00:00,0.019,0.013,0.012,0.059,0.005,0.019,0.007,0.039,0.009,0.037,0.064,0.012,0.005,0.02,0.047,0.006,0.004
2015-05-04 06:00:00,0.046,0.05,0.025,0.112,0.036,0.035,0.014,0.086,0.05,0.084,0.124,0.025,0.015,0.057,0.088,0.016,0.024
2015-05-04 07:00:00,0.08,0.099,0.037,0.14,0.099,0.061,0.029,0.103,0.106,0.04,0.163,0.042,0.059,0.06,0.12,0.059,0.065
2015-05-04 08:00:00,0.116,0.119,0.052,0.217,0.135,0.084,0.059,0.165,0.166,0.082,0.214,0.045,0.112,0.103,0.157,0.097,0.084
2015-05-04 09:00:00,0.158,0.2,0.069,0.221,0.244,0.104,0.134,0.13,0.156,0.093,0.275,0.069,0.165,0.133,0.159,0.146,0.166
2015-05-04 10:00:00,0.209,0.289,0.093,0.203,0.341,0.127,0.251,0.118,0.214,0.11,0.22,0.096,0.213,0.12,0.158,0.245,0.247
2015-05-04 11:00:00,0.254,0.403,0.142,0.119,0.436,0.162,0.219,0.138,0.302,0.137,0.259,0.111,0.23,0.107,0.137,0.309,0.331
2015-05-04 12:00:00,0.316,0.519,0.231,0.107,0.532,0.182,0.178,0.142,0.472,0.19,0.268,0.162,0.283,0.154,0.143,0.411,0.38
2015-05-04 13:00:00,0.355,0.504,0.329,0.111,0.494,0.21,0.201,0.11,0.488,0.165,0.232,0.187,0.288,0.16,0.114,0.546,0.471
2015-05-04 14:00:00,0.334,0.457,0.407,0.089,0.448,0.374,0.169,0.114,0.446,0.128,0.147,0.199,0.275,0.18,0.073,0.516,0.387
2015-05-04 15:00:00,0.326,0.332,0.479,0.089,0.342,0.433,0.162,0.173,0.455,0.138,0.063,0.269,0.35,0.26,0.082,0.474,0.443
2015-05-04 16:00:00,0.256,0.329,0.307,0.062,0.335,0.358,0.113,0.158,0.368,0.108,0.021,0.212,0.267,0.22,0.057,0.338,0.358
2015-05-04 17:00:00,0.197,0.209,0.23,0.073,0.29,0.245,0.114,0.145,0.227,0.059,0.013,0.169,0.19,0.125,0.061,0.261,0.276
2015-05-04 18:00:00,0.106,0.131,0.126,0.036,0.162,0.116,0.051,0.072,0.102,0.019,0.002,0.128,0.066,0.065,0.036,0.132,0.161
2015-05-04 19:00:00,0.0,0.0,0.0,0.0,0.0,0.0,0.0,0.0,0.0,0.0,0.0,0.0,0.0,0.0,0.0,0.0,0.0
2015-05-04 20:00:00,0.0,0.0,0.0,0.0,0.0,0.0,0.0,0.0,0.0,0.0,0.0,0.0,0.0,0.0,0.0,0.0,0.0
2015-05-04 21:00:00,0.0,0.0,0.0,0.0,0.0,0.0,0.0,0.0,0.0,0.0,0.0,0.0,0.0,0.0,0.0,0.0,0.0
2015-05-04 22:00:00,0.0,0.0,0.0,0.0,0.0,0.0,0.0,0.0,0.0,0.0,0.0,0.0,0.0,0.0,0.0,0.0,0.0
2015-05-04 23:00:00,0.0,0.0,0.0,0.0,0.0,0.0,0.0,0.0,0.0,0.0,0.0,0.0,0.0,0.0,0.0,0.0,0.0
2015-05-05 00:00:00,0.0,0.0,0.0,0.0,0.0,0.0,0.0,0.0,0.0,0.0,0.0,0.0,0.0,0.0,0.0,0.0,0.0
2015-05-05 01:00:00,0.0,0.0,0.0,0.0,0.0,0.0,0.0,0.0,0.0,0.0,0.0,0.0,0.0,0.0,0.0,0.0,0.0
2015-05-05 02:00:00,0.0,0.0,0.0,0.0,0.0,0.0,0.0,0.0,0.0,0.0,0.0,0.0,0.0,0.0,0.0,0.0,0.0
2015-05-05 03:00:00,0.0,0.0,0.0,0.0,0.0,0.0,0.0,0.0,0.0,0.0,0.0,0.0,0.0,0.0,0.0,0.0,0.0
2015-05-05 04:00:00,0.004,0.0,0.005,0.009,0.0,0.005,0.003,0.007,0.001,0.006,0.01,0.004,0.003,0.005,0.008,0.003,0.001
2015-05-05 05:00:00,0.041,0.031,0.05,0.055,0.03,0.047,0.04,0.047,0.037,0.043,0.043,0.038,0.043,0.048,0.039,0.043,0.037
2015-05-05 06:00:00,0.087,0.081,0.098,0.114,0.07,0.087,0.094,0.091,0.089,0.087,0.064,0.092,0.095,0.106,0.068,0.093,0.088
2015-05-05 07:00:00,0.118,0.088,0.143,0.153,0.061,0.146,0.126,0.109,0.093,0.135,0.08,0.121,0.104,0.171,0.089,0.141,0.13
2015-05-05 08:00:00,0.166,0.165,0.186,0.184,0.152,0.185,0.186,0.153,0.158,0.207,0.13,0.166,0.155,0.22,0.118,0.181,0.154
2015-05-05 09:00:00,0.263,0.262,0.284,0.309,0.234,0.27,0.276,0.284,0.268,0.31,0.262,0.265,0.26,0.286,0.247,0.269,0.217
2015-05-05 10:00:00,0.343,0.339,0.35,0.425,0.321,0.355,0.37,0.404,0.315,0.397,0.383,0.33,0.329,0.387,0.374,0.332,0.246
2015-05-05 11:00:00,0.381,0.427,0.328,0.506,0.41,0.387,0.403,0.48,0.35,0.458,0.484,0.294,0.368,0.456,0.442,0.336,0.254
2015-05-05 12:00:00,0.389,0.528,0.226,0.536,0.459,0.369,0.39,0.464,0.38,0.47,0.504,0.205,0.387,0.443,0.411,0.378,0.243
2015-05-05 13:00:00,0.41,0.567,0.207,0.578,0.441,0.406,0.379,0.452,0.48,0.467,0.509,0.248,0.373,0.464,0.404,0.412,0.291
2015-05-05 14:00:00,0.362,0.475,0.206,0.453,0.248,0.418,0.397,0.38,0.498,0.372,0.363,0.191,0.417,0.384,0.283,0.474,0.242
2015-05-05 15:00:00,0.261,0.354,0.238,0.295,0.134,0.372,0.239,0.275,0.396,0.262,0.278,0.127,0.286,0.321,0.181,0.349,0.137
2015-05-05 16:00:00,0.161,0.206,0.114,0.211,0.151,0.292,0.226,0.233,0.294,0.207,0.16,0.042,0.208,0.272,0.083,0.153,0.096
2015-05-05 17:00:00,0.087,0.094,0.035,0.136,0.14,0.135,0.13,0.125,0.134,0.099,0.074,0.025,0.116,0.11,0.033,0.058,0.106
2015-05-05 18:00:00,0.027,0.014,0.005,0.054,0.033,0.03,0.028,0.034,0.014,0.016,0.013,0.004,0.021,0.018,0.008,0.025,0.079
2015-05-05 19:00:00,0.0,0.0,0.0,0.0,0.0,0.0,0.0,0.0,0.0,0.0,0.0,0.0,0.0,0.0,0.0,0.0,0.0
2015-05-05 20:00:00,0.0,0.0,0.0,0.0,0.0,0.0,0.0,0.0,0.0,0.0,0.0,0.0,0.0,0.0,0.0,0.0,0.0
2015-05-05 21:00:00,0.0,0.0,0.0,0.0,0.0,0.0,0.0,0.0,0.0,0.0,0.0,0.0,0.0,0.0,0.0,0.0,0.0
2015-05-05 22:00:00,0.0,0.0,0.0,0.0,0.0,0.0,0.0,0.0,0.0,0.0,0.0,0.0,0.0,0.0,0.0,0.0,0.0
2015-05-05 23:00:00,0.0,0.0,0.0,0.0,0.0,0.0,0.0,0.0,0.0,0.0,0.0,0.0,0.0,0.0,0.0,0.0,0.0
2015-05-06 00:00:00,0.0,0.0,0.0,0.0,0.0,0.0,0.0,0.0,0.0,0.0,0.0,0.0,0.0,0.0,0.0,0.0,0.0
2015-05-06 01:00:00,0.0,0.0,0.0,0.0,0.0,0.0,0.0,0.0,0.0,0.0,0.0,0.0,0.0,0.0,0.0,0.0,0.0
2015-05-06 02:00:00,0.0,0.0,0.0,0.0,0.0,0.0,0.0,0.0,0.0,0.0,0.0,0.0,0.0,0.0,0.0,0.0,0.0
2015-05-06 03:00:00,0.0,0.0,0.0,0.0,0.0,0.0,0.0,0.0,0.0,0.0,0.0,0.0,0.0,0.0,0.0,0.0,0.0
2015-05-06 04:00:00,0.002,0.0,0.003,0.005,0.0,0.002,0.003,0.004,0.0,0.005,0.005,0.005,0.002,0.002,0.004,0.0,0.001
2015-05-06 05:00:00,0.025,0.006,0.027,0.044,0.022,0.033,0.04,0.035,0.011,0.041,0.028,0.039,0.031,0.029,0.032,0.012,0.031
2015-05-06 06:00:00,0.06,0.028,0.047,0.1,0.067,0.051,0.083,0.066,0.025,0.091,0.074,0.081,0.055,0.069,0.077,0.033,0.087
2015-05-06 07:00:00,0.099,0.08,0.092,0.109,0.122,0.059,0.097,0.054,0.088,0.125,0.066,0.104,0.098,0.123,0.066,0.117,0.11
2015-05-06 08:00:00,0.147,0.137,0.168,0.159,0.161,0.108,0.156,0.09,0.093,0.174,0.079,0.176,0.122,0.155,0.121,0.168,0.155
2015-05-06 09:00:00,0.213,0.192,0.253,0.252,0.234,0.193,0.191,0.137,0.142,0.278,0.076,0.291,0.098,0.244,0.18,0.224,0.246
2015-05-06 10:00:00,0.28,0.245,0.324,0.3,0.349,0.262,0.193,0.212,0.221,0.335,0.091,0.377,0.158,0.264,0.232,0.275,0.364
2015-05-06 11:00:00,0.325,0.318,0.315,0.247,0.416,0.297,0.231,0.239,0.251,0.344,0.091,0.428,0.198,0.292,0.277,0.33,0.485
2015-05-06 12:00:00,0.367,0.339,0.355,0.295,0.401,0.321,0.3,0.271,0.246,0.351,0.11,0.468,0.163,0.347,0.324,0.43,0.514
2015-05-06 13:00:00,0.332,0.358,0.389,0.288,0.369,0.195,0.126,0.21,0.126,0.205,0.119,0.529,0.054,0.239,0.288,0.406,0.435
2015-05-06 14:00:00,0.308,0.301,0.389,0.255,0.297,0.269,0.073,0.231,0.139,0.169,0.133,0.511,0.082,0.132,0.272,0.389,0.369
2015-05-06 15:00:00,0.244,0.307,0.305,0.157,0.24,0.231,0.05,0.191,0.153,0.061,0.213,0.335,0.037,0.073,0.267,0.306,0.241
2015-05-06 16:00:00,0.161,0.209,0.226,0.118,0.122,0.099,0.019,0.16,0.122,0.035,0.187,0.207,0.012,0.055,0.25,0.189,0.134
2015-05-06 17:00:00,0.098,0.157,0.111,0.041,0.09,0.075,0.009,0.081,0.061,0.036,0.081,0.102,0.008,0.039,0.132,0.122,0.106
2015-05-06 18:00:00,0.035,0.055,0.044,0.009,0.052,0.019,0.001,0.013,0.061,0.007,0.017,0.029,0.002,0.009,0.032,0.045,0.048
2015-05-06 19:00:00,0.0,0.0,0.0,0.0,0.0,0.0,0.0,0.0,0.0,0.0,0.0,0.0,0.0,0.0,0.0,0.0,0.0
2015-05-06 20:00:00,0.0,0.0,0.0,0.0,0.0,0.0,0.0,0.0,0.0,0.0,0.0,0.0,0.0,0.0,0.0,0.0,0.0
2015-05-06 21:00:00,0.0,0.0,0.0,0.0,0.0,0.0,0.0,0.0,0.0,0.0,0.0,0.0,0.0,0.0,0.0,0.0,0.0
2015-05-06 22:00:00,0.0,0.0,0.0,0.0,0.0,0.0,0.0,0.0,0.0,0.0,0.0,0.0,0.0,0.0,0.0,0.0,0.0
2015-05-06 23:00:00,0.0,0.0,0.0,0.0,0.0,0.0,0.0,0.0,0.0,0.0,0.0,0.0,0.0,0.0,0.0,0.0,0.0
2015-05-07 00:00:00,0.0,0.0,0.0,0.0,0.0,0.0,0.0,0.0,0.0,0.0,0.0,0.0,0.0,0.0,0.0,0.0,0.0
2015-05-07 01:00:00,0.0,0.0,0.0,0.0,0.0,0.0,0.0,0.0,0.0,0.0,0.0,0.0,0.0,0.0,0.0,0.0,0.0
2015-05-07 02:00:00,0.0,0.0,0.0,0.0,0.0,0.0,0.0,0.0,0.0,0.0,0.0,0.0,0.0,0.0,0.0,0.0,0.0
2015-05-07 03:00:00,0.0,0.0,0.0,0.0,0.0,0.0,0.0,0.0,0.0,0.0,0.0,0.0,0.0,0.0,0.0,0.0,0.0
2015-05-07 04:00:00,0.004,0.001,0.005,0.007,0.0,0.005,0.003,0.009,0.002,0.001,0.009,0.005,0.003,0.004,0.01,0.003,0.002
2015-05-07 05:00:00,0.033,0.029,0.034,0.034,0.027,0.037,0.043,0.04,0.031,0.012,0.049,0.034,0.035,0.035,0.043,0.031,0.028
2015-05-07 06:00:00,0.06,0.055,0.058,0.089,0.052,0.063,0.083,0.065,0.058,0.039,0.076,0.057,0.066,0.078,0.064,0.056,0.052
2015-05-07 07:00:00,0.082,0.078,0.075,0.108,0.07,0.088,0.132,0.092,0.088,0.104,0.101,0.071,0.096,0.123,0.077,0.075,0.07
2015-05-07 08:00:00,0.11,0.091,0.095,0.176,0.084,0.127,0.163,0.136,0.104,0.177,0.143,0.086,0.139,0.174,0.116,0.091,0.082
2015-05-07 09:00:00,0.248,0.222,0.248,0.305,0.218,0.269,0.265,0.276,0.253,0.288,0.293,0.232,0.267,0.281,0.265,0.238,0.213
2015-05-07 10:00:00,0.371,0.342,0.39,0.41,0.36,0.399,0.397,0.396,0.345,0.362,0.421,0.358,0.404,0.389,0.392,0.358,0.333
2015-05-07 11:00:00,0.453,0.451,0.485,0.464,0.423,0.478,0.489,0.47,0.445,0.384,0.49,0.444,0.477,0.484,0.46,0.467,0.392
2015-05-07 12:00:00,0.521,0.496,0.55,0.505,0.518,0.573,0.518,0.571,0.507,0.457,0.528,0.506,0.532,0.551,0.523,0.534,0.467
2015-05-07 13:00:00,0.554,0.578,0.563,0.529,0.591,0.581,0.493,0.608,0.524,0.477,0.506,0.539,0.487,0.55,0.563,0.552,0.552
2015-05-07 14:00:00,0.566,0.537,0.633,0.495,0.518,0.598,0.557,0.593,0.54,0.485,0.544,0.529,0.554,0.558,0.561,0.613,0.572
2015-05-07 15:00:00,0.505,0.49,0.588,0.432,0.493,0.518,0.512,0.533,0.467,0.438,0.423,0.508,0.469,0.494,0.473,0.544,0.502
2015-05-07 16:00:00,0.375,0.345,0.344,0.334,0.43,0.435,0.416,0.407,0.411,0.349,0.302,0.361,0.39,0.406,0.384,0.346,0.423
2015-05-07 17:00:00,0.264,0.287,0.222,0.231,0.322,0.25,0.28,0.254,0.292,0.216,0.195,0.261,0.291,0.252,0.23,0.278,0.274
2015-05-07 18:00:00,0.127,0.167,0.112,0.097,0.17,0.102,0.122,0.112,0.11,0.078,0.093,0.115,0.124,0.1,0.104,0.15,0.11
2015-05-07 19:00:00,0.0,0.0,0.0,0.0,0.0,0.0,0.0,0.0,0.0,0.0,0.0,0.0,0.0,0.0,0.0,0.0,0.0
2015-05-07 20:00:00,0.0,0.0,0.0,0.0,0.0,0.0,0.0,0.0,0.0,0.0,0.0,0.0,0.0,0.0,0.0,0.0,0.0
2015-05-07 21:00:00,0.0,0.0,0.0,0.0,0.0,0.0,0.0,0.0,0.0,0.0,0.0,0.0,0.0,0.0,0.0,0.0,0.0
2015-05-07 22:00:00,0.0,0.0,0.0,0.0,0.0,0.0,0.0,0.0,0.0,0.0,0.0,0.0,0.0,0.0,0.0,0.0,0.0
2015-05-07 23:00:00,0.0,0.0,0.0,0.0,0.0,0.0,0.0,0.0,0.0,0.0,0.0,0.0,0.0,0.0,0.0,0.0,0.0
2015-05-08 00:00:00,0.0,0.0,0.0,0.0,0.0,0.0,0.0,0.0,0.0,0.0,0.0,0.0,0.0,0.0,0.0,0.0,0.0
2015-05-08 01:00:00,0.0,0.0,0.0,0.0,0.0,0.0,0.0,0.0,0.0,0.0,0.0,0.0,0.0,0.0,0.0,0.0,0.0
2015-05-08 02:00:00,0.0,0.0,0.0,0.0,0.0,0.0,0.0,0.0,0.0,0.0,0.0,0.0,0.0,0.0,0.0,0.0,0.0
2015-05-08 03:00:00,0.0,0.0,0.0,0.0,0.0,0.0,0.0,0.0,0.0,0.0,0.0,0.0,0.0,0.0,0.0,0.0,0.0
2015-05-08 04:00:00,0.005,0.002,0.006,0.011,0.001,0.006,0.005,0.009,0.003,0.009,0.014,0.006,0.004,0.007,0.011,0.003,0.002
2015-05-08 05:00:00,0.037,0.04,0.036,0.043,0.036,0.038,0.038,0.04,0.037,0.042,0.043,0.035,0.036,0.04,0.04,0.034,0.03
2015-05-08 06:00:00,0.068,0.09,0.059,0.067,0.082,0.063,0.065,0.064,0.078,0.066,0.066,0.059,0.066,0.065,0.062,0.067,0.063
2015-05-08 07:00:00,0.1,0.14,0.078,0.085,0.129,0.088,0.112,0.087,0.135,0.086,0.098,0.085,0.115,0.085,0.09,0.1,0.091
2015-05-08 08:00:00,0.145,0.191,0.102,0.153,0.194,0.128,0.185,0.133,0.176,0.155,0.161,0.108,0.166,0.143,0.13,0.133,0.13
2015-05-08 09:00:00,0.266,0.281,0.254,0.269,0.271,0.251,0.295,0.269,0.301,0.289,0.299,0.223,0.286,0.256,0.281,0.263,0.24
2015-05-08 10:00:00,0.349,0.333,0.36,0.38,0.324,0.357,0.387,0.391,0.379,0.401,0.419,0.312,0.387,0.377,0.371,0.319,0.337
2015-05-08 11:00:00,0.401,0.396,0.374,0.462,0.373,0.415,0.438,0.492,0.437,0.493,0.498,0.387,0.408,0.45,0.417,0.329,0.421
2015-05-08 12:00:00,0.425,0.448,0.283,0.525,0.418,0.344,0.441,0.505,0.471,0.516,0.547,0.496,0.396,0.356,0.406,0.359,0.484
2015-05-08 13:00:00,0.411,0.401,0.25,0.5,0.418,0.257,0.359,0.478,0.483,0.438,0.625,0.526,0.379,0.276,0.421,0.338,0.504
2015-05-08 14:00:00,0.353,0.311,0.206,0.412,0.327,0.225,0.454,0.441,0.413,0.387,0.607,0.514,0.387,0.271,0.358,0.245,0.467
2015-05-08 15:00:00,0.362,0.349,0.265,0.39,0.323,0.196,0.499,0.329,0.336,0.305,0.548,0.456,0.418,0.252,0.309,0.328,0.533
2015-05-08 16:00:00,0.284,0.296,0.179,0.298,0.28,0.155,0.432,0.237,0.231,0.262,0.46,0.412,0.315,0.204,0.309,0.222,0.395
2015-05-08 17:00:00,0.231,0.309,0.173,0.136,0.318,0.183,0.251,0.15,0.19,0.197,0.316,0.308,0.19,0.201,0.194,0.196,0.305
2015-05-08 18:00:00,0.123,0.171,0.097,0.031,0.215,0.083,0.083,0.064,0.106,0.078,0.124,0.152,0.086,0.065,0.099,0.118,0.175
2015-05-08 19:00:00,0.0,0.0,0.0,0.0,0.0,0.0,0.0,0.0,0.0,0.0,0.0,0.0,0.0,0.0,0.0,0.0,0.001
2015-05-08 20:00:00,0.0,0.0,0.0,0.0,0.0,0.0,0.0,0.0,0.0,0.0,0.0,0.0,0.0,0.0,0.0,0.0,0.0
2015-05-08 21:00:00,0.0,0.0,0.0,0.0,0.0,0.0,0.0,0.0,0.0,0.0,0.0,0.0,0.0,0.0,0.0,0.0,0.0
2015-05-08 22:00:00,0.0,0.0,0.0,0.0,0.0,0.0,0.0,0.0,0.0,0.0,0.0,0.0,0.0,0.0,0.0,0.0,0.0
2015-05-08 23:00:00,0.0,0.0,0.0,0.0,0.0,0.0,0.0,0.0,0.0,0.0,0.0,0.0,0.0,0.0,0.0,0.0,0.0
2015-05-09 00:00:00,0.0,0.0,0.0,0.0,0.0,0.0,0.0,0.0,0.0,0.0,0.0,0.0,0.0,0.0,0.0,0.0,0.0
2015-05-09 01:00:00,0.0,0.0,0.0,0.0,0.0,0.0,0.0,0.0,0.0,0.0,0.0,0.0,0.0,0.0,0.0,0.0,0.0
2015-05-09 02:00:00,0.0,0.0,0.0,0.0,0.0,0.0,0.0,0.0,0.0,0.0,0.0,0.0,0.0,0.0,0.0,0.0,0.0
2015-05-09 03:00:00,0.0,0.0,0.0,0.0,0.0,0.0,0.0,0.0,0.0,0.0,0.0,0.0,0.0,0.0,0.0,0.0,0.0
2015-05-09 04:00:00,0.006,0.002,0.006,0.009,0.001,0.006,0.002,0.01,0.003,0.009,0.015,0.006,0.003,0.007,0.012,0.004,0.003
2015-05-09 05:00:00,0.041,0.04,0.042,0.043,0.03,0.045,0.023,0.044,0.041,0.044,0.049,0.039,0.028,0.042,0.045,0.043,0.042
2015-05-09 06:00:00,0.082,0.086,0.074,0.073,0.068,0.095,0.049,0.083,0.095,0.078,0.084,0.075,0.057,0.077,0.079,0.092,0.087
2015-05-09 07:00:00,0.113,0.127,0.099,0.115,0.116,0.097,0.099,0.103,0.091,0.115,0.109,0.103,0.09,0.122,0.092,0.131,0.107
2015-05-09 08:00:00,0.166,0.194,0.144,0.182,0.171,0.16,0.114,0.157,0.185,0.163,0.165,0.148,0.136,0.149,0.131,0.189,0.151
2015-05-09 09:00:00,0.257,0.233,0.267,0.28,0.216,0.289,0.203,0.269,0.292,0.269,0.278,0.256,0.283,0.271,0.262,0.271,0.22
2015-05-09 10:00:00,0.321,0.292,0.358,0.312,0.272,0.363,0.248,0.358,0.316,0.336,0.34,0.354,0.328,0.342,0.344,0.333,0.253
2015-05-09 11:00:00,0.356,0.274,0.401,0.364,0.362,0.37,0.282,0.402,0.266,0.354,0.424,0.394,0.353,0.333,0.426,0.337,0.318
2015-05-09 12:00:00,0.379,0.313,0.428,0.38,0.431,0.432,0.26,0.453,0.406,0.417,0.403,0.417,0.323,0.383,0.445,0.306,0.383
2015-05-09 13:00:00,0.392,0.348,0.273,0.39,0.547,0.4,0.227,0.461,0.468,0.367,0.367,0.437,0.394,0.344,0.516,0.288,0.462
2015-05-09 14:00:00,0.393,0.505,0.285,0.35,0.509,0.397,0.237,0.384,0.531,0.347,0.346,0.409,0.427,0.347,0.424,0.328,0.445
2015-05-09 15:00:00,0.385,0.449,0.3,0.32,0.314,0.422,0.256,0.336,0.605,0.302,0.332,0.459,0.498,0.298,0.398,0.424,0.367
2015-05-09 16:00:00,0.296,0.314,0.289,0.238,0.118,0.342,0.274,0.303,0.503,0.192,0.287,0.453,0.451,0.152,0.339,0.352,0.191
2015-05-09 17:00:00,0.204,0.108,0.358,0.16,0.069,0.331,0.212,0.243,0.294,0.11,0.223,0.33,0.335,0.149,0.289,0.21,0.077
2015-05-09 18:00:00,0.077,0.027,0.128,0.069,0.033,0.133,0.101,0.121,0.077,0.047,0.115,0.135,0.131,0.072,0.153,0.05,0.028
2015-05-09 19:00:00,0.0,0.0,0.0,0.0,0.0,0.0,0.0,0.0,0.0,0.0,0.0,0.0,0.0,0.0,0.0,0.0,0.003
2015-05-09 20:00:00,0.0,0.0,0.0,0.0,0.0,0.0,0.0,0.0,0.0,0.0,0.0,0.0,0.0,0.0,0.0,0.0,0.0
2015-05-09 21:00:00,0.0,0.0,0.0,0.0,0.0,0.0,0.0,0.0,0.0,0.0,0.0,0.0,0.0,0.0,0.0,0.0,0.0
2015-05-09 22:00:00,0.0,0.0,0.0,0.0,0.0,0.0,0.0,0.0,0.0,0.0,0.0,0.0,0.0,0.0,0.0,0.0,0.0
2015-05-09 23:00:00,0.0,0.0,0.0,0.0,0.0,0.0,0.0,0.0,0.0,0.0,0.0,0.0,0.0,0.0,0.0,0.0,0.0
2015-05-10 00:00:00,0.0,0.0,0.0,0.0,0.0,0.0,0.0,0.0,0.0,0.0,0.0,0.0,0.0,0.0,0.0,0.0,0.0
2015-05-10 01:00:00,0.0,0.0,0.0,0.0,0.0,0.0,0.0,0.0,0.0,0.0,0.0,0.0,0.0,0.0,0.0,0.0,0.0
2015-05-10 02:00:00,0.0,0.0,0.0,0.0,0.0,0.0,0.0,0.0,0.0,0.0,0.0,0.0,0.0,0.0,0.0,0.0,0.0
2015-05-10 03:00:00,0.0,0.0,0.0,0.0,0.0,0.0,0.0,0.0,0.0,0.0,0.0,0.0,0.0,0.0,0.0,0.0,0.0
2015-05-10 04:00:00,0.005,0.002,0.004,0.013,0.001,0.003,0.003,0.01,0.002,0.01,0.014,0.004,0.001,0.008,0.01,0.003,0.003
2015-05-10 05:00:00,0.035,0.036,0.036,0.046,0.029,0.016,0.023,0.045,0.04,0.042,0.045,0.038,0.015,0.034,0.039,0.036,0.028
2015-05-10 06:00:00,0.065,0.068,0.07,0.074,0.055,0.039,0.034,0.087,0.078,0.07,0.089,0.066,0.038,0.062,0.072,0.066,0.055
2015-05-10 07:00:00,0.093,0.106,0.066,0.104,0.091,0.095,0.057,0.116,0.109,0.108,0.117,0.085,0.095,0.12,0.103,0.081,0.089
2015-05-10 08:00:00,0.124,0.117,0.108,0.181,0.097,0.139,0.082,0.155,0.135,0.17,0.181,0.116,0.14,0.123,0.172,0.101,0.093
2015-05-10 09:00:00,0.217,0.226,0.225,0.276,0.189,0.254,0.137,0.231,0.232,0.243,0.265,0.229,0.239,0.15,0.228,0.231,0.117
2015-05-10 10:00:00,0.273,0.336,0.333,0.285,0.251,0.243,0.2,0.221,0.362,0.275,0.266,0.296,0.345,0.145,0.294,0.32,0.116
2015-05-10 11:00:00,0.32,0.43,0.43,0.282,0.28,0.395,0.341,0.204,0.454,0.245,0.301,0.338,0.458,0.255,0.302,0.373,0.133
2015-05-10 12:00:00,0.349,0.537,0.458,0.283,0.257,0.466,0.391,0.259,0.54,0.217,0.267,0.376,0.518,0.281,0.324,0.417,0.119
2015-05-10 13:00:00,0.342,0.552,0.48,0.203,0.251,0.522,0.408,0.318,0.55,0.183,0.181,0.362,0.493,0.382,0.344,0.377,0.135
2015-05-10 14:00:00,0.29,0.485,0.368,0.138,0.198,0.444,0.417,0.305,0.582,0.221,0.145,0.35,0.507,0.356,0.256,0.28,0.152
2015-05-10 15:00:00,0.249,0.387,0.27,0.106,0.183,0.422,0.384,0.299,0.556,0.153,0.091,0.346,0.491,0.273,0.209,0.188,0.241
2015-05-10 16:00:00,0.194,0.266,0.199,0.068,0.117,0.355,0.298,0.226,0.416,0.114,0.085,0.325,0.45,0.173,0.18,0.121,0.252
2015-05-10 17:00:00,0.119,0.167,0.099,0.041,0.115,0.178,0.16,0.127,0.211,0.059,0.049,0.213,0.238,0.098,0.112,0.057,0.212
2015-05-10 18:00:00,0.062,0.081,0.027,0.007,0.103,0.032,0.086,0.04,0.086,0.011,0.016,0.111,0.09,0.033,0.052,0.022,0.19
2015-05-10 19:00:00,0.003,0.0,0.0,0.0,0.0,0.0,0.0,0.0,0.0,0.0,0.0,0.0,0.0,0.0,0.0,0.0,0.027
2015-05-10 20:00:00,0.0,0.0,0.0,0.0,0.0,0.0,0.0,0.0,0.0,0.0,0.0,0.0,0.0,0.0,0.0,0.0,0.0
2015-05-10 21:00:00,0.0,0.0,0.0,0.0,0.0,0.0,0.0,0.0,0.0,0.0,0.0,0.0,0.0,0.0,0.0,0.0,0.0
2015-05-10 22:00:00,0.0,0.0,0.0,0.0,0.0,0.0,0.0,0.0,0.0,0.0,0.0,0.0,0.0,0.0,0.0,0.0,0.0
2015-05-10 23:00:00,0.0,0.0,0.0,0.0,0.0,0.0,0.0,0.0,0.0,0.0,0.0,0.0,0.0,0.0,0.0,0.0,0.0
2015-05-11 00:00:00,0.0,0.0,0.0,0.0,0.0,0.0,0.0,0.0,0.0,0.0,0.0,0.0,0.0,0.0,0.0,0.0,0.0
2015-05-11 01:00:00,0.0,0.0,0.0,0.0,0.0,0.0,0.0,0.0,0.0,0.0,0.0,0.0,0.0,0.0,0.0,0.0,0.0
2015-05-11 02:00:00,0.0,0.0,0.0,0.0,0.0,0.0,0.0,0.0,0.0,0.0,0.0,0.0,0.0,0.0,0.0,0.0,0.0
2015-05-11 03:00:00,0.0,0.0,0.0,0.0,0.0,0.0,0.0,0.0,0.0,0.0,0.0,0.0,0.0,0.0,0.0,0.0,0.0
2015-05-11 04:00:00,0.006,0.003,0.007,0.007,0.002,0.006,0.002,0.009,0.003,0.003,0.012,0.008,0.004,0.003,0.012,0.005,0.004
2015-05-11 05:00:00,0.038,0.034,0.04,0.041,0.033,0.042,0.031,0.041,0.038,0.023,0.06,0.042,0.039,0.024,0.051,0.036,0.034
2015-05-11 06:00:00,0.071,0.062,0.066,0.089,0.063,0.079,0.077,0.089,0.074,0.043,0.101,0.063,0.083,0.074,0.089,0.063,0.068
2015-05-11 07:00:00,0.1,0.08,0.087,0.089,0.103,0.1,0.112,0.115,0.1,0.064,0.142,0.087,0.113,0.106,0.133,0.084,0.121
2015-05-11 08:00:00,0.141,0.099,0.119,0.168,0.13,0.163,0.179,0.17,0.152,0.089,0.177,0.13,0.193,0.166,0.177,0.115,0.165
2015-05-11 09:00:00,0.25,0.259,0.278,0.278,0.25,0.221,0.248,0.2,0.287,0.158,0.23,0.268,0.257,0.231,0.227,0.26,0.269
2015-05-11 10:00:00,0.364,0.406,0.403,0.332,0.394,0.329,0.305,0.259,0.42,0.284,0.24,0.4,0.376,0.283,0.284,0.412,0.395
2015-05-11 11:00:00,0.445,0.527,0.524,0.29,0.501,0.407,0.36,0.278,0.548,0.338,0.251,0.511,0.482,0.256,0.331,0.526,0.492
2015-05-11 12:00:00,0.508,0.598,0.6,0.284,0.584,0.505,0.406,0.325,0.635,0.346,0.226,0.588,0.57,0.306,0.379,0.595,0.591
2015-05-11 13:00:00,0.548,0.636,0.644,0.274,0.643,0.562,0.442,0.367,0.673,0.238,0.234,0.632,0.628,0.296,0.499,0.632,0.648
2015-05-11 14:00:00,0.56,0.658,0.639,0.232,0.67,0.591,0.475,0.405,0.685,0.204,0.295,0.612,0.635,0.256,0.542,0.648,0.646
2015-05-11 15:00:00,0.517,0.629,0.618,0.168,0.611,0.579,0.474,0.385,0.636,0.151,0.248,0.587,0.612,0.235,0.508,0.626,0.496
2015-05-11 16:00:00,0.426,0.561,0.541,0.13,0.417,0.495,0.418,0.341,0.544,0.164,0.218,0.476,0.524,0.201,0.434,0.548,0.308
2015-05-11 17:00:00,0.297,0.409,0.386,0.066,0.204,0.35,0.311,0.26,0.396,0.081,0.188,0.348,0.39,0.118,0.34,0.378,0.234
2015-05-11 18:00:00,0.142,0.196,0.2,0.016,0.076,0.166,0.139,0.118,0.19,0.032,0.078,0.185,0.172,0.076,0.159,0.176,0.145
2015-05-11 19:00:00,0.003,0.0,0.0,0.0,0.001,0.0,0.0,0.0,0.0,0.0,0.0,0.0,0.0,0.0,0.0,0.0,0.036
2015-05-11 20:00:00,0.0,0.0,0.0,0.0,0.0,0.0,0.0,0.0,0.0,0.0,0.0,0.0,0.0,0.0,0.0,0.0,0.0
2015-05-11 21:00:00,0.0,0.0,0.0,0.0,0.0,0.0,0.0,0.0,0.0,0.0,0.0,0.0,0.0,0.0,0.0,0.0,0.0
2015-05-11 22:00:00,0.0,0.0,0.0,0.0,0.0,0.0,0.0,0.0,0.0,0.0,0.0,0.0,0.0,0.0,0.0,0.0,0.0
2015-05-11 23:00:00,0.0,0.0,0.0,0.0,0.0,0.0,0.0,0.0,0.0,0.0,0.0,0.0,0.0,0.0,0.0,0.0,0.0
2015-05-12 00:00:00,0.0,0.0,0.0,0.0,0.0,0.0,0.0,0.0,0.0,0.0,0.0,0.0,0.0,0.0,0.0,0.0,0.0
2015-05-12 01:00:00,0.0,0.0,0.0,0.0,0.0,0.0,0.0,0.0,0.0,0.0,0.0,0.0,0.0,0.0,0.0,0.0,0.0
2015-05-12 02:00:00,0.0,0.0,0.0,0.0,0.0,0.0,0.0,0.0,0.0,0.0,0.0,0.0,0.0,0.0,0.0,0.0,0.0
2015-05-12 03:00:00,0.0,0.0,0.0,0.0,0.0,0.0,0.0,0.0,0.0,0.0,0.0,0.0,0.0,0.0,0.0,0.0,0.0
2015-05-12 04:00:00,0.009,0.004,0.009,0.014,0.003,0.011,0.009,0.014,0.005,0.013,0.019,0.012,0.007,0.013,0.015,0.007,0.006
2015-05-12 05:00:00,0.045,0.036,0.038,0.054,0.045,0.052,0.045,0.048,0.038,0.046,0.051,0.048,0.04,0.05,0.045,0.041,0.053
2015-05-12 06:00:00,0.081,0.079,0.064,0.081,0.1,0.072,0.068,0.068,0.065,0.073,0.07,0.097,0.072,0.074,0.071,0.081,0.106
2015-05-12 07:00:00,0.124,0.116,0.127,0.097,0.149,0.086,0.083,0.095,0.088,0.091,0.097,0.159,0.081,0.086,0.148,0.129,0.157
2015-05-12 08:00:00,0.17,0.152,0.169,0.175,0.171,0.137,0.141,0.163,0.136,0.163,0.194,0.195,0.132,0.149,0.196,0.171,0.171
2015-05-12 09:00:00,0.291,0.282,0.299,0.321,0.266,0.294,0.299,0.305,0.283,0.316,0.318,0.297,0.288,0.305,0.306,0.289,0.264
2015-05-12 10:00:00,0.399,0.399,0.399,0.445,0.356,0.428,0.445,0.434,0.415,0.453,0.437,0.375,0.428,0.447,0.414,0.397,0.33
2015-05-12 11:00:00,0.48,0.487,0.482,0.532,0.445,0.523,0.56,0.522,0.524,0.566,0.515,0.428,0.537,0.558,0.474,0.477,0.383
2015-05-12 12:00:00,0.513,0.52,0.507,0.596,0.465,0.574,0.627,0.558,0.584,0.645,0.51,0.443,0.61,0.617,0.483,0.515,0.394
2015-05-12 13:00:00,0.499,0.484,0.474,0.608,0.456,0.613,0.666,0.598,0.566,0.67,0.496,0.394,0.649,0.623,0.487,0.46,0.409
2015-05-12 14:00:00,0.446,0.439,0.349,0.548,0.457,0.543,0.659,0.591,0.446,0.631,0.462,0.275,0.6,0.612,0.447,0.378,0.408
2015-05-12 15:00:00,0.385,0.389,0.311,0.47,0.387,0.415,0.61,0.487,0.31,0.535,0.423,0.27,0.472,0.58,0.329,0.348,0.352
2015-05-12 16:00:00,0.281,0.313,0.237,0.415,0.304,0.24,0.476,0.316,0.224,0.446,0.311,0.239,0.284,0.484,0.198,0.235,0.249
2015-05-12 17:00:00,0.166,0.207,0.149,0.267,0.166,0.1,0.244,0.137,0.119,0.301,0.166,0.153,0.108,0.277,0.096,0.172,0.122
2015-05-12 18:00:00,0.05,0.064,0.096,0.073,0.025,0.028,0.038,0.025,0.047,0.11,0.027,0.062,0.02,0.048,0.027,0.067,0.023
2015-05-12 19:00:00,0.0,0.0,0.0,0.0,0.0,0.0,0.0,0.0,0.0,0.0,0.0,0.0,0.0,0.0,0.0,0.0,0.0
2015-05-12 20:00:00,0.0,0.0,0.0,0.0,0.0,0.0,0.0,0.0,0.0,0.0,0.0,0.0,0.0,0.0,0.0,0.0,0.0
2015-05-12 21:00:00,0.0,0.0,0.0,0.0,0.0,0.0,0.0,0.0,0.0,0.0,0.0,0.0,0.0,0.0,0.0,0.0,0.0
2015-05-12 22:00:00,0.0,0.0,0.0,0.0,0.0,0.0,0.0,0.0,0.0,0.0,0.0,0.0,0.0,0.0,0.0,0.0,0.0
2015-05-12 23:00:00,0.0,0.0,0.0,0.0,0.0,0.0,0.0,0.0,0.0,0.0,0.0,0.0,0.0,0.0,0.0,0.0,0.0
2015-05-13 00:00:00,0.0,0.0,0.0,0.0,0.0,0.0,0.0,0.0,0.0,0.0,0.0,0.0,0.0,0.0,0.0,0.0,0.0
2015-05-13 01:00:00,0.0,0.0,0.0,0.0,0.0,0.0,0.0,0.0,0.0,0.0,0.0,0.0,0.0,0.0,0.0,0.0,0.0
2015-05-13 02:00:00,0.0,0.0,0.0,0.0,0.0,0.0,0.0,0.0,0.0,0.0,0.0,0.0,0.0,0.0,0.0,0.0,0.0
2015-05-13 03:00:00,0.0,0.0,0.0,0.0,0.0,0.0,0.0,0.0,0.0,0.0,0.0,0.0,0.0,0.0,0.0,0.0,0.0
2015-05-13 04:00:00,0.007,0.003,0.009,0.015,0.003,0.003,0.008,0.007,0.001,0.017,0.007,0.01,0.002,0.011,0.012,0.006,0.005
2015-05-13 05:00:00,0.038,0.033,0.04,0.044,0.032,0.032,0.042,0.041,0.022,0.062,0.045,0.041,0.018,0.04,0.05,0.037,0.034
2015-05-13 06:00:00,0.07,0.065,0.066,0.07,0.056,0.079,0.076,0.087,0.062,0.09,0.101,0.068,0.043,0.071,0.084,0.068,0.06
2015-05-13 07:00:00,0.097,0.088,0.087,0.113,0.074,0.107,0.102,0.116,0.102,0.127,0.157,0.092,0.109,0.095,0.125,0.085,0.077
2015-05-13 08:00:00,0.133,0.105,0.134,0.189,0.089,0.156,0.156,0.173,0.141,0.12,0.191,0.124,0.16,0.149,0.172,0.117,0.106
2015-05-13 09:00:00,0.259,0.259,0.271,0.318,0.244,0.296,0.211,0.299,0.28,0.189,0.291,0.228,0.288,0.292,0.262,0.259,0.208
2015-05-13 10:00:00,0.351,0.394,0.295,0.433,0.303,0.421,0.296,0.408,0.423,0.3,0.374,0.319,0.414,0.446,0.315,0.355,0.285
2015-05-13 11:00:00,0.419,0.474,0.347,0.548,0.295,0.502,0.403,0.467,0.539,0.461,0.419,0.378,0.541,0.556,0.373,0.411,0.386
2015-05-13 12:00:00,0.474,0.541,0.415,0.58,0.374,0.562,0.538,0.472,0.612,0.534,0.48,0.468,0.608,0.602,0.372,0.433,0.524
2015-05-13 13:00:00,0.488,0.564,0.413,0.591,0.397,0.517,0.637,0.483,0.657,0.558,0.439,0.522,0.664,0.623,0.474,0.419,0.52
2015-05-13 14:00:00,0.456,0.545,0.428,0.528,0.406,0.452,0.65,0.375,0.634,0.576,0.364,0.5,0.593,0.601,0.479,0.365,0.506
2015-05-13 15:00:00,0.45,0.492,0.441,0.439,0.336,0.392,0.624,0.405,0.614,0.559,0.361,0.552,0.624,0.528,0.454,0.41,0.505
2015-05-13 16:00:00,0.38,0.372,0.428,0.338,0.357,0.371,0.527,0.37,0.523,0.446,0.336,0.444,0.512,0.436,0.359,0.324,0.425
2015-05-13 17:00:00,0.263,0.261,0.245,0.235,0.241,0.294,0.359,0.288,0.362,0.268,0.295,0.288,0.38,0.318,0.233,0.232,0.263
2015-05-13 18:00:00,0.118,0.122,0.115,0.118,0.126,0.123,0.129,0.132,0.145,0.111,0.113,0.14,0.161,0.135,0.106,0.106,0.104
2015-05-13 19:00:00,0.005,0.0,0.0,0.0,0.018,0.0,0.0,0.0,0.0,0.0,0.0,0.009,0.0,0.0,0.0,0.0,0.028
2015-05-13 20:00:00,0.0,0.0,0.0,0.0,0.0,0.0,0.0,0.0,0.0,0.0,0.0,0.0,0.0,0.0,0.0,0.0,0.0
2015-05-13 21:00:00,0.0,0.0,0.0,0.0,0.0,0.0,0.0,0.0,0.0,0.0,0.0,0.0,0.0,0.0,0.0,0.0,0.0
2015-05-13 22:00:00,0.0,0.0,0.0,0.0,0.0,0.0,0.0,0.0,0.0,0.0,0.0,0.0,0.0,0.0,0.0,0.0,0.0
2015-05-13 23:00:00,0.0,0.0,0.0,0.0,0.0,0.0,0.0,0.0,0.0,0.0,0.0,0.0,0.0,0.0,0.0,0.0,0.0
2015-05-14 00:00:00,0.0,0.0,0.0,0.0,0.0,0.0,0.0,0.0,0.0,0.0,0.0,0.0,0.0,0.0,0.0,0.0,0.0
2015-05-14 01:00:00,0.0,0.0,0.0,0.0,0.0,0.0,0.0,0.0,0.0,0.0,0.0,0.0,0.0,0.0,0.0,0.0,0.0
2015-05-14 02:00:00,0.0,0.0,0.0,0.0,0.0,0.0,0.0,0.0,0.0,0.0,0.0,0.0,0.0,0.0,0.0,0.0,0.0
2015-05-14 03:00:00,0.0,0.0,0.0,0.0,0.0,0.0,0.0,0.0,0.0,0.0,0.0,0.0,0.0,0.0,0.0,0.0,0.0
2015-05-14 04:00:00,0.009,0.002,0.011,0.019,0.004,0.009,0.007,0.016,0.001,0.013,0.021,0.007,0.004,0.011,0.016,0.007,0.003
2015-05-14 05:00:00,0.044,0.032,0.049,0.058,0.033,0.051,0.039,0.062,0.025,0.053,0.057,0.04,0.032,0.049,0.054,0.044,0.034
2015-05-14 06:00:00,0.082,0.08,0.076,0.1,0.064,0.094,0.079,0.105,0.057,0.098,0.104,0.07,0.07,0.103,0.082,0.084,0.07
2015-05-14 07:00:00,0.116,0.118,0.094,0.154,0.088,0.147,0.122,0.149,0.149,0.16,0.166,0.087,0.139,0.143,0.104,0.108,0.093
2015-05-14 08:00:00,0.154,0.131,0.134,0.214,0.127,0.208,0.168,0.197,0.181,0.209,0.216,0.121,0.189,0.196,0.147,0.142,0.114
2015-05-14 09:00:00,0.256,0.244,0.273,0.325,0.254,0.29,0.164,0.302,0.287,0.219,0.312,0.232,0.242,0.281,0.287,0.243,0.193
2015-05-14 10:00:00,0.342,0.372,0.334,0.402,0.322,0.371,0.274,0.365,0.332,0.199,0.376,0.338,0.326,0.339,0.398,0.342,0.29
2015-05-14 11:00:00,0.404,0.496,0.38,0.401,0.357,0.464,0.279,0.44,0.454,0.273,0.453,0.414,0.386,0.333,0.446,0.399,0.382
2015-05-14 12:00:00,0.447,0.585,0.407,0.329,0.353,0.531,0.407,0.48,0.588,0.305,0.478,0.449,0.493,0.276,0.482,0.472,0.419
2015-05-14 13:00:00,0.47,0.623,0.442,0.289,0.37,0.555,0.404,0.538,0.614,0.334,0.493,0.502,0.593,0.306,0.488,0.479,0.464
2015-05-14 14:00:00,0.471,0.602,0.544,0.162,0.356,0.551,0.403,0.48,0.639,0.32,0.452,0.497,0.578,0.366,0.488,0.503,0.507
2015-05-14 15:00:00,0.395,0.528,0.371,0.194,0.256,0.466,0.393,0.409,0.539,0.209,0.336,0.46,0.516,0.4,0.404,0.405,0.476
2015-05-14 16:00:00,0.358,0.471,0.396,0.236,0.252,0.467,0.366,0.355,0.472,0.312,0.277,0.406,0.402,0.355,0.333,0.343,0.422
2015-05-14 17:00:00,0.246,0.341,0.232,0.153,0.156,0.269,0.226,0.218,0.397,0.255,0.184,0.321,0.307,0.202,0.228,0.22,0.355
2015-05-14 18:00:00,0.128,0.162,0.125,0.052,0.12,0.109,0.112,0.078,0.185,0.083,0.084,0.203,0.142,0.117,0.107,0.115,0.212
2015-05-14 19:00:00,0.012,0.0,0.0,0.0,0.03,0.0,0.0,0.0,0.0,0.0,0.0,0.035,0.0,0.0,0.0,0.001,0.065
2015-05-14 20:00:00,0.0,0.0,0.0,0.0,0.0,0.0,0.0,0.0,0.0,0.0,0.0,0.0,0.0,0.0,0.0,0.0,0.0
2015-05-14 21:00:00,0.0,0.0,0.0,0.0,0.0,0.0,0.0,0.0,0.0,0.0,0.0,0.0,0.0,0.0,0.0,0.0,0.0
2015-05-14 22:00:00,0.0,0.0,0.0,0.0,0.0,0.0,0.0,0.0,0.0,0.0,0.0,0.0,0.0,0.0,0.0,0.0,0.0
2015-05-14 23:00:00,0.0,0.0,0.0,0.0,0.0,0.0,0.0,0.0,0.0,0.0,0.0,0.0,0.0,0.0,0.0,0.0,0.0
2015-05-15 00:00:00,0.0,0.0,0.0,0.0,0.0,0.0,0.0,0.0,0.0,0.0,0.0,0.0,0.0,0.0,0.0,0.0,0.0
2015-05-15 01:00:00,0.0,0.0,0.0,0.0,0.0,0.0,0.0,0.0,0.0,0.0,0.0,0.0,0.0,0.0,0.0,0.0,0.0
2015-05-15 02:00:00,0.0,0.0,0.0,0.0,0.0,0.0,0.0,0.0,0.0,0.0,0.0,0.0,0.0,0.0,0.0,0.0,0.0
2015-05-15 03:00:00,0.0,0.0,0.0,0.0,0.0,0.0,0.0,0.0,0.0,0.0,0.0,0.0,0.0,0.0,0.0,0.0,0.0
2015-05-15 04:00:00,0.009,0.005,0.01,0.018,0.003,0.01,0.007,0.015,0.006,0.014,0.016,0.011,0.005,0.01,0.015,0.007,0.005
2015-05-15 05:00:00,0.043,0.036,0.041,0.054,0.034,0.046,0.044,0.05,0.041,0.053,0.063,0.041,0.04,0.047,0.052,0.04,0.034
2015-05-15 06:00:00,0.076,0.063,0.071,0.084,0.069,0.083,0.085,0.085,0.076,0.087,0.117,0.07,0.083,0.087,0.096,0.069,0.063
2015-05-15 07:00:00,0.119,0.093,0.117,0.156,0.101,0.118,0.146,0.14,0.104,0.132,0.156,0.105,0.129,0.133,0.135,0.107,0.118
2015-05-15 08:00:00,0.162,0.123,0.129,0.223,0.134,0.172,0.189,0.199,0.165,0.198,0.234,0.139,0.187,0.191,0.196,0.145,0.144
2015-05-15 09:00:00,0.259,0.258,0.273,0.289,0.242,0.271,0.281,0.303,0.265,0.257,0.278,0.262,0.24,0.245,0.263,0.246,0.246
2015-05-15 10:00:00,0.325,0.331,0.355,0.365,0.291,0.344,0.382,0.389,0.304,0.298,0.361,0.374,0.317,0.291,0.33,0.288,0.317
2015-05-15 11:00:00,0.401,0.389,0.487,0.431,0.318,0.377,0.456,0.478,0.355,0.315,0.473,0.496,0.35,0.292,0.448,0.369,0.408
2015-05-15 12:00:00,0.445,0.496,0.518,0.471,0.388,0.437,0.475,0.512,0.461,0.309,0.509,0.599,0.351,0.305,0.521,0.373,0.454
2015-05-15 13:00:00,0.48,0.588,0.544,0.463,0.449,0.452,0.356,0.491,0.598,0.3,0.503,0.658,0.401,0.261,0.593,0.397,0.521
2015-05-15 14:00:00,0.506,0.611,0.474,0.47,0.498,0.455,0.442,0.516,0.596,0.452,0.504,0.692,0.435,0.415,0.621,0.415,0.553
2015-05-15 15:00:00,0.479,0.564,0.442,0.466,0.556,0.383,0.337,0.48,0.484,0.374,0.391,0.672,0.332,0.313,0.635,0.387,0.567
2015-05-15 16:00:00,0.393,0.47,0.336,0.31,0.413,0.304,0.305,0.361,0.437,0.301,0.456,0.596,0.222,0.232,0.545,0.309,0.495
2015-05-15 17:00:00,0.309,0.317,0.305,0.201,0.364,0.19,0.156,0.27,0.302,0.158,0.34,0.461,0.128,0.103,0.412,0.289,0.415
2015-05-15 18:00:00,0.176,0.193,0.172,0.093,0.228,0.099,0.046,0.148,0.142,0.066,0.165,0.266,0.059,0.056,0.211,0.168,0.27
2015-05-15 19:00:00,0.021,0.001,0.0,0.0,0.066,0.0,0.0,0.0,0.0,0.0,0.0,0.055,0.0,0.0,0.0,0.007,0.098
2015-05-15 20:00:00,0.0,0.0,0.0,0.0,0.0,0.0,0.0,0.0,0.0,0.0,0.0,0.0,0.0,0.0,0.0,0.0,0.0
2015-05-15 21:00:00,0.0,0.0,0.0,0.0,0.0,0.0,0.0,0.0,0.0,0.0,0.0,0.0,0.0,0.0,0.0,0.0,0.0
2015-05-15 22:00:00,0.0,0.0,0.0,0.0,0.0,0.0,0.0,0.0,0.0,0.0,0.0,0.0,0.0,0.0,0.0,0.0,0.0
2015-05-15 23:00:00,0.0,0.0,0.0,0.0,0.0,0.0,0.0,0.0,0.0,0.0,0.0,0.0,0.0,0.0,0.0,0.0,0.0
2015-05-16 00:00:00,0.0,0.0,0.0,0.0,0.0,0.0,0.0,0.0,0.0,0.0,0.0,0.0,0.0,0.0,0.0,0.0,0.0
2015-05-16 01:00:00,0.0,0.0,0.0,0.0,0.0,0.0,0.0,0.0,0.0,0.0,0.0,0.0,0.0,0.0,0.0,0.0,0.0
2015-05-16 02:00:00,0.0,0.0,0.0,0.0,0.0,0.0,0.0,0.0,0.0,0.0,0.0,0.0,0.0,0.0,0.0,0.0,0.0
2015-05-16 03:00:00,0.0,0.0,0.0,0.0,0.0,0.0,0.0,0.0,0.0,0.0,0.0,0.0,0.0,0.0,0.0,0.0,0.0
2015-05-16 04:00:00,0.011,0.005,0.013,0.019,0.004,0.011,0.01,0.016,0.007,0.015,0.021,0.015,0.008,0.013,0.018,0.008,0.008
2015-05-16 05:00:00,0.044,0.036,0.056,0.051,0.035,0.044,0.044,0.048,0.039,0.055,0.049,0.047,0.042,0.05,0.049,0.042,0.04
2015-05-16 06:00:00,0.074,0.071,0.073,0.077,0.066,0.076,0.069,0.081,0.065,0.094,0.07,0.071,0.068,0.086,0.074,0.072,0.079
2015-05-16 07:00:00,0.106,0.083,0.094,0.1,0.099,0.116,0.091,0.125,0.085,0.136,0.091,0.115,0.088,0.117,0.102,0.103,0.133
2015-05-16 08:00:00,0.162,0.112,0.178,0.205,0.105,0.169,0.153,0.194,0.125,0.214,0.173,0.21,0.141,0.185,0.159,0.156,0.175
2015-05-16 09:00:00,0.295,0.266,0.309,0.35,0.276,0.301,0.306,0.317,0.279,0.329,0.321,0.288,0.294,0.306,0.299,0.287,0.276
2015-05-16 10:00:00,0.389,0.408,0.408,0.436,0.383,0.387,0.443,0.428,0.411,0.393,0.422,0.339,0.422,0.367,0.348,0.396,0.334
2015-05-16 11:00:00,0.44,0.502,0.475,0.535,0.422,0.441,0.501,0.425,0.529,0.423,0.424,0.371,0.464,0.365,0.377,0.471,0.357
2015-05-16 12:00:00,0.45,0.536,0.491,0.554,0.402,0.478,0.566,0.413,0.607,0.411,0.349,0.407,0.594,0.327,0.376,0.493,0.342
2015-05-16 13:00:00,0.423,0.512,0.464,0.473,0.387,0.547,0.63,0.418,0.619,0.365,0.297,0.356,0.642,0.409,0.278,0.46,0.304
2015-05-16 14:00:00,0.389,0.48,0.455,0.373,0.363,0.51,0.637,0.408,0.588,0.338,0.275,0.384,0.624,0.43,0.293,0.38,0.267
2015-05-16 15:00:00,0.317,0.381,0.27,0.355,0.247,0.387,0.563,0.386,0.535,0.43,0.221,0.32,0.545,0.495,0.283,0.27,0.236
2015-05-16 16:00:00,0.22,0.259,0.156,0.298,0.123,0.193,0.465,0.249,0.347,0.318,0.238,0.252,0.395,0.338,0.233,0.165,0.195
2015-05-16 17:00:00,0.117,0.113,0.087,0.139,0.037,0.108,0.25,0.11,0.156,0.213,0.18,0.216,0.163,0.151,0.18,0.077,0.09
2015-05-16 18:00:00,0.042,0.027,0.053,0.028,0.009,0.035,0.087,0.03,0.057,0.049,0.085,0.087,0.058,0.039,0.107,0.025,0.024
2015-05-16 19:00:00,0.001,0.0,0.0,0.0,0.0,0.0,0.0,0.0,0.0,0.0,0.0,0.006,0.0,0.0,0.0,0.001,0.001
2015-05-16 20:00:00,0.0,0.0,0.0,0.0,0.0,0.0,0.0,0.0,0.0,0.0,0.0,0.0,0.0,0.0,0.0,0.0,0.0
2015-05-16 21:00:00,0.0,0.0,0.0,0.0,0.0,0.0,0.0,0.0,0.0,0.0,0.0,0.0,0.0,0.0,0.0,0.0,0.0
2015-05-16 22:00:00,0.0,0.0,0.0,0.0,0.0,0.0,0.0,0.0,0.0,0.0,0.0,0.0,0.0,0.0,0.0,0.0,0.0
2015-05-16 23:00:00,0.0,0.0,0.0,0.0,0.0,0.0,0.0,0.0,0.0,0.0,0.0,0.0,0.0,0.0,0.0,0.0,0.0
2015-05-17 00:00:00,0.0,0.0,0.0,0.0,0.0,0.0,0.0,0.0,0.0,0.0,0.0,0.0,0.0,0.0,0.0,0.0,0.0
2015-05-17 01:00:00,0.0,0.0,0.0,0.0,0.0,0.0,0.0,0.0,0.0,0.0,0.0,0.0,0.0,0.0,0.0,0.0,0.0
2015-05-17 02:00:00,0.0,0.0,0.0,0.0,0.0,0.0,0.0,0.0,0.0,0.0,0.0,0.0,0.0,0.0,0.0,0.0,0.0
2015-05-17 03:00:00,0.0,0.0,0.0,0.0,0.0,0.0,0.0,0.0,0.0,0.0,0.0,0.0,0.0,0.0,0.0,0.0,0.0
2015-05-17 04:00:00,0.005,0.002,0.007,0.008,0.002,0.002,0.003,0.007,0.001,0.007,0.009,0.011,0.0,0.001,0.009,0.005,0.006
2015-05-17 05:00:00,0.033,0.032,0.036,0.033,0.029,0.014,0.018,0.025,0.027,0.021,0.049,0.048,0.011,0.008,0.039,0.036,0.035
2015-05-17 06:00:00,0.063,0.062,0.081,0.064,0.058,0.054,0.038,0.052,0.066,0.032,0.082,0.086,0.059,0.028,0.063,0.064,0.064
2015-05-17 07:00:00,0.094,0.095,0.092,0.061,0.1,0.109,0.083,0.087,0.111,0.051,0.112,0.1,0.129,0.054,0.101,0.097,0.092
2015-05-17 08:00:00,0.132,0.147,0.138,0.067,0.116,0.168,0.148,0.143,0.147,0.082,0.147,0.132,0.166,0.143,0.144,0.139,0.111
2015-05-17 09:00:00,0.237,0.251,0.258,0.111,0.232,0.237,0.276,0.245,0.269,0.135,0.262,0.262,0.259,0.228,0.252,0.244,0.239
2015-05-17 10:00:00,0.333,0.283,0.377,0.198,0.302,0.352,0.38,0.365,0.362,0.277,0.367,0.381,0.361,0.375,0.374,0.325,0.349
2015-05-17 11:00:00,0.421,0.351,0.443,0.297,0.371,0.468,0.425,0.455,0.434,0.405,0.467,0.452,0.422,0.429,0.465,0.415,0.473
2015-05-17 12:00:00,0.478,0.381,0.472,0.459,0.41,0.51,0.478,0.525,0.438,0.523,0.548,0.531,0.464,0.483,0.555,0.443,0.55
2015-05-17 13:00:00,0.51,0.411,0.492,0.451,0.551,0.513,0.486,0.558,0.463,0.538,0.551,0.587,0.499,0.559,0.57,0.434,0.616
2015-05-17 14:00:00,0.51,0.389,0.49,0.442,0.505,0.426,0.476,0.555,0.418,0.568,0.601,0.568,0.48,0.501,0.598,0.469,0.632
2015-05-17 15:00:00,0.466,0.291,0.571,0.407,0.399,0.392,0.393,0.512,0.315,0.496,0.523,0.606,0.314,0.469,0.501,0.436,0.641
2015-05-17 16:00:00,0.385,0.246,0.467,0.357,0.355,0.308,0.296,0.42,0.292,0.413,0.408,0.548,0.25,0.325,0.438,0.332,0.544
2015-05-17 17:00:00,0.283,0.213,0.344,0.245,0.252,0.258,0.252,0.284,0.157,0.266,0.269,0.398,0.194,0.232,0.325,0.26,0.391
2015-05-17 18:00:00,0.154,0.176,0.16,0.109,0.154,0.153,0.116,0.135,0.127,0.113,0.112,0.228,0.12,0.119,0.152,0.155,0.183
2015-05-17 19:00:00,0.015,0.004,0.004,0.0,0.027,0.0,0.0,0.0,0.0,0.0,0.0,0.055,0.0,0.0,0.0,0.015,0.047
2015-05-17 20:00:00,0.0,0.0,0.0,0.0,0.0,0.0,0.0,0.0,0.0,0.0,0.0,0.0,0.0,0.0,0.0,0.0,0.0
2015-05-17 21:00:00,0.0,0.0,0.0,0.0,0.0,0.0,0.0,0.0,0.0,0.0,0.0,0.0,0.0,0.0,0.0,0.0,0.0
2015-05-17 22:00:00,0.0,0.0,0.0,0.0,0.0,0.0,0.0,0.0,0.0,0.0,0.0,0.0,0.0,0.0,0.0,0.0,0.0
2015-05-17 23:00:00,0.0,0.0,0.0,0.0,0.0,0.0,0.0,0.0,0.0,0.0,0.0,0.0,0.0,0.0,0.0,0.0,0.0
2015-05-18 00:00:00,0.0,0.0,0.0,0.0,0.0,0.0,0.0,0.0,0.0,0.0,0.0,0.0,0.0,0.0,0.0,0.0,0.0
2015-05-18 01:00:00,0.0,0.0,0.0,0.0,0.0,0.0,0.0,0.0,0.0,0.0,0.0,0.0,0.0,0.0,0.0,0.0,0.0
2015-05-18 02:00:00,0.0,0.0,0.0,0.0,0.0,0.0,0.0,0.0,0.0,0.0,0.0,0.0,0.0,0.0,0.0,0.0,0.0
2015-05-18 03:00:00,0.0,0.0,0.0,0.0,0.0,0.0,0.0,0.0,0.0,0.0,0.0,0.0,0.0,0.0,0.0,0.0,0.0
2015-05-18 04:00:00,0.012,0.006,0.016,0.02,0.006,0.013,0.011,0.019,0.008,0.018,0.022,0.014,0.01,0.015,0.019,0.01,0.009
2015-05-18 05:00:00,0.048,0.037,0.059,0.051,0.043,0.049,0.044,0.061,0.04,0.05,0.054,0.046,0.042,0.047,0.053,0.047,0.05
2015-05-18 06:00:00,0.085,0.063,0.108,0.082,0.076,0.077,0.069,0.091,0.065,0.073,0.085,0.088,0.066,0.071,0.084,0.09,0.101
2015-05-18 07:00:00,0.116,0.093,0.131,0.115,0.126,0.099,0.088,0.101,0.085,0.106,0.105,0.125,0.085,0.099,0.117,0.119,0.147
2015-05-18 08:00:00,0.166,0.121,0.197,0.189,0.135,0.161,0.156,0.174,0.131,0.187,0.177,0.18,0.142,0.168,0.181,0.16,0.196
2015-05-18 09:00:00,0.274,0.26,0.29,0.284,0.24,0.294,0.312,0.268,0.28,0.328,0.28,0.258,0.294,0.32,0.261,0.276,0.272
2015-05-18 10:00:00,0.356,0.323,0.384,0.38,0.3,0.326,0.457,0.317,0.423,0.437,0.35,0.35,0.438,0.42,0.344,0.358,0.363
2015-05-18 11:00:00,0.412,0.358,0.478,0.443,0.26,0.376,0.572,0.413,0.436,0.561,0.443,0.445,0.533,0.508,0.442,0.395,0.409
2015-05-18 12:00:00,0.472,0.421,0.562,0.494,0.343,0.351,0.647,0.459,0.506,0.604,0.509,0.502,0.584,0.531,0.506,0.457,0.482
2015-05-18 13:00:00,0.458,0.36,0.562,0.461,0.387,0.35,0.664,0.445,0.435,0.611,0.56,0.474,0.52,0.617,0.512,0.416,0.463
2015-05-18 14:00:00,0.393,0.349,0.412,0.402,0.399,0.286,0.539,0.367,0.394,0.525,0.474,0.493,0.371,0.503,0.457,0.329,0.373
2015-05-18 15:00:00,0.333,0.325,0.259,0.427,0.334,0.246,0.467,0.372,0.321,0.544,0.352,0.433,0.293,0.319,0.417,0.28,0.26
2015-05-18 16:00:00,0.303,0.392,0.183,0.333,0.298,0.276,0.388,0.33,0.298,0.36,0.386,0.252,0.275,0.226,0.425,0.32,0.142
2015-05-18 17:00:00,0.208,0.281,0.11,0.291,0.164,0.217,0.273,0.258,0.226,0.258,0.349,0.129,0.195,0.183,0.347,0.195,0.07
2015-05-18 18:00:00,0.12,0.13,0.098,0.135,0.123,0.138,0.147,0.128,0.158,0.135,0.163,0.05,0.128,0.142,0.169,0.128,0.048
2015-05-18 19:00:00,0.003,0.008,0.001,0.0,0.008,0.0,0.0,0.0,0.0,0.0,0.0,0.003,0.0,0.0,0.0,0.006,0.002
2015-05-18 20:00:00,0.0,0.0,0.0,0.0,0.0,0.0,0.0,0.0,0.0,0.0,0.0,0.0,0.0,0.0,0.0,0.0,0.0
2015-05-18 21:00:00,0.0,0.0,0.0,0.0,0.0,0.0,0.0,0.0,0.0,0.0,0.0,0.0,0.0,0.0,0.0,0.0,0.0
2015-05-18 22:00:00,0.0,0.0,0.0,0.0,0.0,0.0,0.0,0.0,0.0,0.0,0.0,0.0,0.0,0.0,0.0,0.0,0.0
2015-05-18 23:00:00,0.0,0.0,0.0,0.0,0.0,0.0,0.0,0.0,0.0,0.0,0.0,0.0,0.0,0.0,0.0,0.0,0.0
2015-05-19 00:00:00,0.0,0.0,0.0,0.0,0.0,0.0,0.0,0.0,0.0,0.0,0.0,0.0,0.0,0.0,0.0,0.0,0.0
2015-05-19 01:00:00,0.0,0.0,0.0,0.0,0.0,0.0,0.0,0.0,0.0,0.0,0.0,0.0,0.0,0.0,0.0,0.0,0.0
2015-05-19 02:00:00,0.0,0.0,0.0,0.0,0.0,0.0,0.0,0.0,0.0,0.0,0.0,0.0,0.0,0.0,0.0,0.0,0.0
2015-05-19 03:00:00,0.0,0.0,0.0,0.0,0.0,0.0,0.0,0.0,0.0,0.0,0.0,0.0,0.0,0.0,0.0,0.0,0.0
2015-05-19 04:00:00,0.013,0.008,0.015,0.018,0.007,0.013,0.011,0.018,0.007,0.014,0.023,0.012,0.009,0.012,0.022,0.011,0.008
2015-05-19 05:00:00,0.052,0.047,0.06,0.05,0.049,0.049,0.042,0.056,0.035,0.047,0.057,0.049,0.038,0.043,0.072,0.053,0.05
2015-05-19 06:00:00,0.098,0.086,0.12,0.076,0.099,0.082,0.067,0.1,0.065,0.075,0.09,0.109,0.067,0.081,0.119,0.102,0.111
2015-05-19 07:00:00,0.12,0.097,0.137,0.098,0.13,0.101,0.095,0.14,0.081,0.098,0.117,0.166,0.082,0.094,0.158,0.101,0.147
2015-05-19 08:00:00,0.17,0.153,0.175,0.184,0.168,0.137,0.154,0.186,0.125,0.174,0.222,0.204,0.134,0.171,0.235,0.144,0.171
2015-05-19 09:00:00,0.279,0.257,0.286,0.307,0.272,0.279,0.299,0.274,0.264,0.317,0.329,0.272,0.28,0.299,0.305,0.267,0.257
2015-05-19 10:00:00,0.374,0.302,0.398,0.419,0.348,0.399,0.432,0.365,0.336,0.446,0.397,0.369,0.393,0.427,0.383,0.382,0.333
2015-05-19 11:00:00,0.411,0.247,0.423,0.476,0.398,0.437,0.505,0.437,0.262,0.542,0.436,0.45,0.442,0.481,0.453,0.403,0.374
2015-05-19 12:00:00,0.411,0.218,0.458,0.474,0.427,0.461,0.559,0.489,0.344,0.597,0.458,0.423,0.504,0.53,0.499,0.323,0.4
2015-05-19 13:00:00,0.383,0.209,0.37,0.41,0.444,0.353,0.541,0.439,0.401,0.608,0.409,0.382,0.51,0.52,0.434,0.267,0.481
2015-05-19 14:00:00,0.368,0.245,0.266,0.47,0.437,0.332,0.476,0.423,0.288,0.63,0.378,0.392,0.443,0.521,0.391,0.253,0.476
2015-05-19 15:00:00,0.344,0.209,0.257,0.43,0.341,0.313,0.459,0.382,0.117,0.583,0.412,0.381,0.313,0.491,0.351,0.273,0.477
2015-05-19 16:00:00,0.272,0.123,0.232,0.423,0.297,0.266,0.349,0.281,0.093,0.476,0.346,0.381,0.181,0.369,0.195,0.194,0.391
2015-05-19 17:00:00,0.166,0.175,0.142,0.241,0.216,0.096,0.175,0.105,0.076,0.269,0.179,0.274,0.088,0.12,0.088,0.122,0.264
2015-05-19 18:00:00,0.079,0.068,0.086,0.094,0.084,0.025,0.069,0.048,0.022,0.118,0.036,0.144,0.023,0.056,0.031,0.077,0.147
2015-05-19 19:00:00,0.014,0.01,0.013,0.0,0.011,0.0,0.0,0.0,0.0,0.0,0.0,0.018,0.0,0.0,0.001,0.02,0.058
2015-05-19 20:00:00,0.0,0.0,0.0,0.0,0.0,0.0,0.0,0.0,0.0,0.0,0.0,0.0,0.0,0.0,0.0,0.0,0.0
2015-05-19 21:00:00,0.0,0.0,0.0,0.0,0.0,0.0,0.0,0.0,0.0,0.0,0.0,0.0,0.0,0.0,0.0,0.0,0.0
2015-05-19 22:00:00,0.0,0.0,0.0,0.0,0.0,0.0,0.0,0.0,0.0,0.0,0.0,0.0,0.0,0.0,0.0,0.0,0.0
2015-05-19 23:00:00,0.0,0.0,0.0,0.0,0.0,0.0,0.0,0.0,0.0,0.0,0.0,0.0,0.0,0.0,0.0,0.0,0.0
2015-05-20 00:00:00,0.0,0.0,0.0,0.0,0.0,0.0,0.0,0.0,0.0,0.0,0.0,0.0,0.0,0.0,0.0,0.0,0.0
2015-05-20 01:00:00,0.0,0.0,0.0,0.0,0.0,0.0,0.0,0.0,0.0,0.0,0.0,0.0,0.0,0.0,0.0,0.0,0.0
2015-05-20 02:00:00,0.0,0.0,0.0,0.0,0.0,0.0,0.0,0.0,0.0,0.0,0.0,0.0,0.0,0.0,0.0,0.0,0.0
2015-05-20 03:00:00,0.0,0.0,0.0,0.0,0.0,0.0,0.0,0.0,0.0,0.0,0.0,0.0,0.0,0.0,0.0,0.0,0.0
2015-05-20 04:00:00,0.009,0.001,0.009,0.02,0.004,0.01,0.013,0.011,0.003,0.018,0.014,0.016,0.007,0.016,0.018,0.005,0.009
2015-05-20 05:00:00,0.041,0.02,0.037,0.06,0.033,0.031,0.052,0.045,0.03,0.053,0.058,0.055,0.037,0.061,0.057,0.029,0.052
2015-05-20 06:00:00,0.076,0.036,0.055,0.093,0.071,0.054,0.099,0.083,0.063,0.073,0.108,0.101,0.091,0.094,0.1,0.055,0.115
2015-05-20 07:00:00,0.128,0.073,0.132,0.144,0.112,0.135,0.139,0.151,0.099,0.113,0.123,0.151,0.117,0.164,0.143,0.115,0.164
2015-05-20 08:00:00,0.177,0.102,0.183,0.197,0.164,0.169,0.195,0.196,0.154,0.185,0.164,0.206,0.176,0.196,0.201,0.162,0.223
2015-05-20 09:00:00,0.22,0.134,0.152,0.282,0.226,0.211,0.302,0.255,0.163,0.306,0.225,0.242,0.25,0.285,0.279,0.162,0.295
2015-05-20 10:00:00,0.237,0.126,0.153,0.4,0.212,0.237,0.398,0.269,0.104,0.415,0.294,0.234,0.263,0.399,0.33,0.146,0.316
2015-05-20 11:00:00,0.27,0.152,0.157,0.518,0.289,0.237,0.504,0.303,0.126,0.506,0.308,0.258,0.277,0.475,0.313,0.163,0.349
2015-05-20 12:00:00,0.265,0.15,0.128,0.562,0.287,0.212,0.54,0.29,0.142,0.552,0.304,0.207,0.371,0.543,0.222,0.16,0.357
2015-05-20 13:00:00,0.273,0.131,0.109,0.551,0.298,0.258,0.572,0.339,0.205,0.591,0.321,0.17,0.365,0.567,0.203,0.173,0.372
2015-05-20 14:00:00,0.22,0.101,0.084,0.547,0.199,0.219,0.537,0.29,0.115,0.525,0.24,0.153,0.289,0.439,0.151,0.128,0.299
2015-05-20 15:00:00,0.197,0.054,0.075,0.474,0.125,0.157,0.412,0.27,0.106,0.471,0.241,0.133,0.297,0.383,0.118,0.155,0.27
2015-05-20 16:00:00,0.135,0.03,0.083,0.324,0.08,0.125,0.331,0.167,0.084,0.339,0.187,0.122,0.214,0.219,0.041,0.096,0.2
2015-05-20 17:00:00,0.067,0.018,0.039,0.167,0.046,0.055,0.174,0.06,0.027,0.233,0.112,0.071,0.089,0.11,0.024,0.035,0.106
2015-05-20 18:00:00,0.023,0.005,0.008,0.065,0.017,0.028,0.044,0.022,0.004,0.095,0.042,0.017,0.022,0.042,0.012,0.01,0.03
2015-05-20 19:00:00,0.005,0.001,0.011,0.0,0.002,0.0,0.0,0.0,0.0,0.0,0.0,0.023,0.0,0.0,0.0,0.006,0.017
2015-05-20 20:00:00,0.0,0.0,0.0,0.0,0.0,0.0,0.0,0.0,0.0,0.0,0.0,0.0,0.0,0.0,0.0,0.0,0.0
2015-05-20 21:00:00,0.0,0.0,0.0,0.0,0.0,0.0,0.0,0.0,0.0,0.0,0.0,0.0,0.0,0.0,0.0,0.0,0.0
2015-05-20 22:00:00,0.0,0.0,0.0,0.0,0.0,0.0,0.0,0.0,0.0,0.0,0.0,0.0,0.0,0.0,0.0,0.0,0.0
2015-05-20 23:00:00,0.0,0.0,0.0,0.0,0.0,0.0,0.0,0.0,0.0,0.0,0.0,0.0,0.0,0.0,0.0,0.0,0.0
2015-05-21 00:00:00,0.0,0.0,0.0,0.0,0.0,0.0,0.0,0.0,0.0,0.0,0.0,0.0,0.0,0.0,0.0,0.0,0.0
2015-05-21 01:00:00,0.0,0.0,0.0,0.0,0.0,0.0,0.0,0.0,0.0,0.0,0.0,0.0,0.0,0.0,0.0,0.0,0.0
2015-05-21 02:00:00,0.0,0.0,0.0,0.0,0.0,0.0,0.0,0.0,0.0,0.0,0.0,0.0,0.0,0.0,0.0,0.0,0.0
2015-05-21 03:00:00,0.0,0.0,0.0,0.0,0.0,0.0,0.0,0.0,0.0,0.0,0.0,0.0,0.0,0.0,0.0,0.0,0.0
2015-05-21 04:00:00,0.01,0.006,0.014,0.016,0.007,0.002,0.002,0.011,0.001,0.01,0.018,0.018,0.001,0.004,0.017,0.009,0.01
2015-05-21 05:00:00,0.041,0.037,0.056,0.054,0.04,0.01,0.01,0.04,0.017,0.037,0.05,0.062,0.008,0.018,0.06,0.04,0.043
2015-05-21 06:00:00,0.079,0.08,0.114,0.094,0.064,0.024,0.027,0.058,0.034,0.066,0.088,0.113,0.023,0.028,0.113,0.089,0.076
2015-05-21 07:00:00,0.104,0.118,0.153,0.081,0.097,0.047,0.034,0.061,0.072,0.113,0.058,0.152,0.029,0.038,0.135,0.121,0.115
2015-05-21 08:00:00,0.123,0.151,0.181,0.102,0.104,0.061,0.078,0.061,0.102,0.132,0.064,0.173,0.055,0.054,0.171,0.143,0.114
2015-05-21 09:00:00,0.209,0.265,0.266,0.138,0.245,0.109,0.107,0.097,0.135,0.139,0.093,0.274,0.085,0.09,0.244,0.253,0.245
2015-05-21 10:00:00,0.275,0.306,0.356,0.173,0.35,0.123,0.096,0.132,0.156,0.18,0.106,0.366,0.101,0.099,0.27,0.342,0.376
2015-05-21 11:00:00,0.329,0.355,0.406,0.224,0.458,0.134,0.089,0.15,0.167,0.189,0.182,0.44,0.125,0.125,0.311,0.388,0.478
2015-05-21 12:00:00,0.354,0.354,0.4,0.266,0.515,0.152,0.09,0.143,0.183,0.147,0.283,0.516,0.126,0.097,0.351,0.384,0.555
2015-05-21 13:00:00,0.356,0.37,0.395,0.248,0.54,0.17,0.102,0.173,0.189,0.176,0.28,0.533,0.134,0.084,0.304,0.364,0.596
2015-05-21 14:00:00,0.339,0.37,0.293,0.157,0.552,0.177,0.069,0.163,0.215,0.093,0.217,0.4,0.124,0.067,0.293,0.388,0.615
2015-05-21 15:00:00,0.327,0.32,0.282,0.139,0.548,0.165,0.069,0.143,0.202,0.089,0.138,0.51,0.101,0.099,0.336,0.35,0.592
2015-05-21 16:00:00,0.266,0.322,0.177,0.075,0.488,0.125,0.043,0.084,0.169,0.051,0.068,0.417,0.076,0.053,0.234,0.276,0.558
2015-05-21 17:00:00,0.203,0.254,0.141,0.037,0.382,0.077,0.019,0.05,0.132,0.028,0.031,0.31,0.042,0.025,0.14,0.235,0.431
2015-05-21 18:00:00,0.106,0.119,0.084,0.006,0.222,0.017,0.005,0.012,0.066,0.003,0.007,0.17,0.016,0.005,0.049,0.124,0.259
2015-05-21 19:00:00,0.025,0.015,0.027,0.0,0.05,0.0,0.0,0.0,0.0,0.0,0.0,0.055,0.0,0.0,0.004,0.02,0.095
2015-05-21 20:00:00,0.0,0.0,0.0,0.0,0.0,0.0,0.0,0.0,0.0,0.0,0.0,0.0,0.0,0.0,0.0,0.0,0.0
2015-05-21 21:00:00,0.0,0.0,0.0,0.0,0.0,0.0,0.0,0.0,0.0,0.0,0.0,0.0,0.0,0.0,0.0,0.0,0.0
2015-05-21 22:00:00,0.0,0.0,0.0,0.0,0.0,0.0,0.0,0.0,0.0,0.0,0.0,0.0,0.0,0.0,0.0,0.0,0.0
2015-05-21 23:00:00,0.0,0.0,0.0,0.0,0.0,0.0,0.0,0.0,0.0,0.0,0.0,0.0,0.0,0.0,0.0,0.0,0.0
2015-05-22 00:00:00,0.0,0.0,0.0,0.0,0.0,0.0,0.0,0.0,0.0,0.0,0.0,0.0,0.0,0.0,0.0,0.0,0.0
2015-05-22 01:00:00,0.0,0.0,0.0,0.0,0.0,0.0,0.0,0.0,0.0,0.0,0.0,0.0,0.0,0.0,0.0,0.0,0.0
2015-05-22 02:00:00,0.0,0.0,0.0,0.0,0.0,0.0,0.0,0.0,0.0,0.0,0.0,0.0,0.0,0.0,0.0,0.0,0.0
2015-05-22 03:00:00,0.0,0.0,0.0,0.0,0.0,0.0,0.0,0.0,0.0,0.0,0.0,0.0,0.0,0.0,0.0,0.0,0.0
2015-05-22 04:00:00,0.011,0.006,0.015,0.001,0.007,0.014,0.001,0.014,0.007,0.0,0.008,0.018,0.007,0.001,0.025,0.011,0.01
2015-05-22 05:00:00,0.039,0.037,0.045,0.009,0.037,0.05,0.009,0.046,0.043,0.005,0.028,0.049,0.037,0.016,0.062,0.042,0.039
2015-05-22 06:00:00,0.064,0.067,0.069,0.026,0.06,0.077,0.031,0.072,0.075,0.018,0.057,0.078,0.082,0.039,0.089,0.065,0.061
2015-05-22 07:00:00,0.091,0.092,0.084,0.035,0.081,0.126,0.043,0.113,0.132,0.034,0.114,0.113,0.116,0.055,0.092,0.087,0.111
2015-05-22 08:00:00,0.13,0.122,0.139,0.064,0.105,0.192,0.07,0.174,0.175,0.045,0.153,0.144,0.174,0.1,0.154,0.129,0.127
2015-05-22 09:00:00,0.241,0.256,0.254,0.072,0.255,0.285,0.123,0.276,0.239,0.09,0.237,0.258,0.237,0.155,0.296,0.257,0.264
2015-05-22 10:00:00,0.329,0.359,0.375,0.101,0.357,0.358,0.111,0.359,0.302,0.087,0.355,0.331,0.28,0.238,0.415,0.368,0.327
2015-05-22 11:00:00,0.386,0.45,0.475,0.142,0.429,0.378,0.155,0.384,0.375,0.084,0.387,0.375,0.328,0.26,0.498,0.445,0.341
2015-05-22 12:00:00,0.381,0.416,0.44,0.184,0.453,0.322,0.116,0.362,0.302,0.097,0.406,0.397,0.216,0.297,0.499,0.442,0.351
2015-05-22 13:00:00,0.404,0.459,0.501,0.223,0.467,0.386,0.102,0.381,0.276,0.081,0.341,0.429,0.2,0.276,0.397,0.515,0.375
2015-05-22 14:00:00,0.391,0.496,0.442,0.246,0.514,0.309,0.075,0.364,0.239,0.059,0.377,0.387,0.154,0.169,0.339,0.51,0.359
2015-05-22 15:00:00,0.344,0.404,0.375,0.214,0.468,0.207,0.077,0.25,0.227,0.035,0.392,0.38,0.171,0.115,0.342,0.444,0.322
2015-05-22 16:00:00,0.278,0.348,0.324,0.133,0.354,0.214,0.064,0.238,0.202,0.031,0.283,0.34,0.136,0.101,0.315,0.337,0.252
2015-05-22 17:00:00,0.229,0.274,0.278,0.074,0.281,0.222,0.022,0.2,0.176,0.024,0.178,0.286,0.079,0.087,0.263,0.302,0.187
2015-05-22 18:00:00,0.129,0.128,0.174,0.035,0.188,0.111,0.005,0.119,0.075,0.004,0.11,0.148,0.028,0.055,0.16,0.162,0.111
2015-05-22 19:00:00,0.027,0.032,0.048,0.0,0.042,0.0,0.0,0.0,0.0,0.0,0.0,0.067,0.0,0.0,0.02,0.034,0.043
2015-05-22 20:00:00,0.0,0.0,0.0,0.0,0.0,0.0,0.0,0.0,0.0,0.0,0.0,0.0,0.0,0.0,0.0,0.0,0.0
2015-05-22 21:00:00,0.0,0.0,0.0,0.0,0.0,0.0,0.0,0.0,0.0,0.0,0.0,0.0,0.0,0.0,0.0,0.0,0.0
2015-05-22 22:00:00,0.0,0.0,0.0,0.0,0.0,0.0,0.0,0.0,0.0,0.0,0.0,0.0,0.0,0.0,0.0,0.0,0.0
2015-05-22 23:00:00,0.0,0.0,0.0,0.0,0.0,0.0,0.0,0.0,0.0,0.0,0.0,0.0,0.0,0.0,0.0,0.0,0.0
2015-05-23 00:00:00,0.0,0.0,0.0,0.0,0.0,0.0,0.0,0.0,0.0,0.0,0.0,0.0,0.0,0.0,0.0,0.0,0.0
2015-05-23 01:00:00,0.0,0.0,0.0,0.0,0.0,0.0,0.0,0.0,0.0,0.0,0.0,0.0,0.0,0.0,0.0,0.0,0.0
2015-05-23 02:00:00,0.0,0.0,0.0,0.0,0.0,0.0,0.0,0.0,0.0,0.0,0.0,0.0,0.0,0.0,0.0,0.0,0.0
2015-05-23 03:00:00,0.0,0.0,0.0,0.0,0.0,0.0,0.0,0.0,0.0,0.0,0.0,0.0,0.0,0.0,0.0,0.0,0.0
2015-05-23 04:00:00,0.013,0.009,0.015,0.011,0.009,0.017,0.004,0.018,0.006,0.004,0.028,0.016,0.005,0.01,0.023,0.013,0.01
2015-05-23 05:00:00,0.046,0.048,0.047,0.041,0.044,0.06,0.024,0.063,0.029,0.03,0.068,0.043,0.027,0.046,0.049,0.047,0.036
2015-05-23 06:00:00,0.074,0.09,0.072,0.05,0.075,0.094,0.045,0.097,0.044,0.048,0.117,0.069,0.055,0.068,0.071,0.075,0.069
2015-05-23 07:00:00,0.116,0.082,0.134,0.127,0.118,0.118,0.095,0.162,0.034,0.102,0.158,0.102,0.078,0.118,0.126,0.118,0.107
2015-05-23 08:00:00,0.155,0.123,0.177,0.175,0.144,0.127,0.158,0.199,0.076,0.119,0.23,0.143,0.162,0.171,0.209,0.143,0.135
2015-05-23 09:00:00,0.232,0.225,0.278,0.206,0.236,0.161,0.156,0.275,0.126,0.179,0.335,0.201,0.211,0.221,0.315,0.241,0.181
2015-05-23 10:00:00,0.273,0.299,0.29,0.287,0.265,0.246,0.221,0.323,0.207,0.194,0.375,0.238,0.259,0.255,0.304,0.281,0.214
2015-05-23 11:00:00,0.294,0.311,0.308,0.283,0.253,0.41,0.224,0.359,0.204,0.217,0.398,0.309,0.275,0.291,0.264,0.291,0.267
2015-05-23 12:00:00,0.306,0.321,0.299,0.293,0.342,0.449,0.265,0.369,0.255,0.223,0.346,0.249,0.299,0.314,0.188,0.317,0.295
2015-05-23 13:00:00,0.286,0.263,0.28,0.259,0.272,0.42,0.215,0.385,0.228,0.179,0.314,0.241,0.264,0.257,0.209,0.322,0.282
2015-05-23 14:00:00,0.253,0.302,0.238,0.196,0.302,0.43,0.177,0.386,0.196,0.142,0.202,0.249,0.224,0.187,0.209,0.245,0.221
2015-05-23 15:00:00,0.218,0.243,0.246,0.143,0.202,0.348,0.124,0.3,0.213,0.123,0.182,0.212,0.178,0.214,0.173,0.21,0.266
2015-05-23 16:00:00,0.169,0.169,0.131,0.116,0.143,0.207,0.099,0.238,0.105,0.058,0.211,0.21,0.102,0.094,0.173,0.152,0.283
2015-05-23 17:00:00,0.134,0.079,0.111,0.081,0.129,0.116,0.025,0.155,0.048,0.037,0.161,0.214,0.053,0.05,0.146,0.102,0.335
2015-05-23 18:00:00,0.087,0.031,0.071,0.031,0.14,0.038,0.006,0.055,0.012,0.019,0.076,0.159,0.013,0.012,0.055,0.071,0.269
2015-05-23 19:00:00,0.024,0.016,0.008,0.0,0.039,0.0,0.0,0.0,0.0,0.0,0.0,0.063,0.0,0.0,0.0,0.02,0.102
2015-05-23 20:00:00,0.0,0.0,0.0,0.0,0.0,0.0,0.0,0.0,0.0,0.0,0.0,0.0,0.0,0.0,0.0,0.0,0.0
2015-05-23 21:00:00,0.0,0.0,0.0,0.0,0.0,0.0,0.0,0.0,0.0,0.0,0.0,0.0,0.0,0.0,0.0,0.0,0.0
2015-05-23 22:00:00,0.0,0.0,0.0,0.0,0.0,0.0,0.0,0.0,0.0,0.0,0.0,0.0,0.0,0.0,0.0,0.0,0.0
2015-05-23 23:00:00,0.0,0.0,0.0,0.0,0.0,0.0,0.0,0.0,0.0,0.0,0.0,0.0,0.0,0.0,0.0,0.0,0.0
2015-05-24 00:00:00,0.0,0.0,0.0,0.0,0.0,0.0,0.0,0.0,0.0,0.0,0.0,0.0,0.0,0.0,0.0,0.0,0.0
2015-05-24 01:00:00,0.0,0.0,0.0,0.0,0.0,0.0,0.0,0.0,0.0,0.0,0.0,0.0,0.0,0.0,0.0,0.0,0.0
2015-05-24 02:00:00,0.0,0.0,0.0,0.0,0.0,0.0,0.0,0.0,0.0,0.0,0.0,0.0,0.0,0.0,0.0,0.0,0.0
2015-05-24 03:00:00,0.0,0.0,0.0,0.0,0.0,0.0,0.0,0.0,0.0,0.0,0.0,0.0,0.0,0.0,0.0,0.0,0.0
2015-05-24 04:00:00,0.011,0.007,0.012,0.005,0.007,0.011,0.001,0.016,0.002,0.005,0.024,0.018,0.0,0.002,0.023,0.011,0.012
2015-05-24 05:00:00,0.042,0.041,0.052,0.016,0.04,0.039,0.013,0.046,0.024,0.02,0.059,0.048,0.009,0.013,0.053,0.049,0.041
2015-05-24 06:00:00,0.073,0.078,0.084,0.046,0.073,0.077,0.027,0.071,0.052,0.054,0.096,0.076,0.032,0.039,0.076,0.087,0.063
2015-05-24 07:00:00,0.106,0.119,0.097,0.06,0.102,0.12,0.051,0.123,0.112,0.045,0.135,0.108,0.042,0.048,0.114,0.114,0.131
2015-05-24 08:00:00,0.143,0.155,0.141,0.092,0.115,0.184,0.101,0.199,0.139,0.081,0.185,0.154,0.083,0.085,0.175,0.149,0.132
2015-05-24 09:00:00,0.251,0.245,0.285,0.145,0.254,0.293,0.112,0.277,0.254,0.121,0.287,0.297,0.15,0.103,0.314,0.254,0.281
2015-05-24 10:00:00,0.34,0.286,0.419,0.208,0.371,0.333,0.127,0.339,0.317,0.17,0.356,0.42,0.172,0.149,0.446,0.357,0.378
2015-05-24 11:00:00,0.411,0.288,0.527,0.278,0.478,0.312,0.151,0.42,0.279,0.211,0.413,0.531,0.182,0.216,0.552,0.428,0.492
2015-05-24 12:00:00,0.472,0.268,0.608,0.379,0.559,0.333,0.178,0.436,0.282,0.269,0.506,0.617,0.299,0.297,0.638,0.474,0.588
2015-05-24 13:00:00,0.495,0.367,0.656,0.28,0.613,0.318,0.18,0.421,0.216,0.237,0.46,0.659,0.282,0.336,0.675,0.511,0.64
2015-05-24 14:00:00,0.475,0.322,0.647,0.251,0.612,0.329,0.187,0.433,0.244,0.184,0.462,0.657,0.304,0.246,0.675,0.439,0.676
2015-05-24 15:00:00,0.432,0.233,0.612,0.234,0.534,0.263,0.111,0.412,0.196,0.131,0.47,0.637,0.192,0.193,0.632,0.394,0.67
2015-05-24 16:00:00,0.393,0.309,0.534,0.11,0.534,0.197,0.088,0.351,0.233,0.058,0.421,0.566,0.163,0.077,0.545,0.388,0.596
2015-05-24 17:00:00,0.306,0.239,0.415,0.105,0.438,0.174,0.032,0.268,0.126,0.036,0.316,0.454,0.088,0.046,0.412,0.298,0.478
2015-05-24 18:00:00,0.182,0.153,0.243,0.047,0.28,0.109,0.013,0.161,0.067,0.014,0.164,0.272,0.027,0.043,0.231,0.179,0.294
2015-05-24 19:00:00,0.05,0.047,0.08,0.0,0.087,0.001,0.0,0.002,0.008,0.0,0.0,0.095,0.0,0.0,0.036,0.06,0.116
2015-05-24 20:00:00,0.0,0.0,0.0,0.0,0.0,0.0,0.0,0.0,0.0,0.0,0.0,0.0,0.0,0.0,0.0,0.0,0.0
2015-05-24 21:00:00,0.0,0.0,0.0,0.0,0.0,0.0,0.0,0.0,0.0,0.0,0.0,0.0,0.0,0.0,0.0,0.0,0.0
2015-05-24 22:00:00,0.0,0.0,0.0,0.0,0.0,0.0,0.0,0.0,0.0,0.0,0.0,0.0,0.0,0.0,0.0,0.0,0.0
2015-05-24 23:00:00,0.0,0.0,0.0,0.0,0.0,0.0,0.0,0.0,0.0,0.0,0.0,0.0,0.0,0.0,0.0,0.0,0.0
2015-05-25 00:00:00,0.0,0.0,0.0,0.0,0.0,0.0,0.0,0.0,0.0,0.0,0.0,0.0,0.0,0.0,0.0,0.0,0.0
2015-05-25 01:00:00,0.0,0.0,0.0,0.0,0.0,0.0,0.0,0.0,0.0,0.0,0.0,0.0,0.0,0.0,0.0,0.0,0.0
2015-05-25 02:00:00,0.0,0.0,0.0,0.0,0.0,0.0,0.0,0.0,0.0,0.0,0.0,0.0,0.0,0.0,0.0,0.0,0.0
2015-05-25 03:00:00,0.0,0.0,0.0,0.0,0.0,0.0,0.0,0.0,0.0,0.0,0.0,0.0,0.0,0.0,0.0,0.0,0.0
2015-05-25 04:00:00,0.012,0.008,0.013,0.02,0.007,0.012,0.004,0.016,0.009,0.008,0.024,0.018,0.008,0.005,0.023,0.009,0.011
2015-05-25 05:00:00,0.04,0.04,0.042,0.056,0.035,0.044,0.019,0.047,0.039,0.045,0.052,0.043,0.031,0.034,0.049,0.035,0.038
2015-05-25 06:00:00,0.071,0.068,0.07,0.095,0.065,0.076,0.046,0.091,0.083,0.081,0.082,0.062,0.055,0.066,0.074,0.067,0.067
2015-05-25 07:00:00,0.098,0.097,0.113,0.103,0.089,0.112,0.068,0.11,0.092,0.065,0.115,0.089,0.084,0.091,0.099,0.096,0.102
2015-05-25 08:00:00,0.146,0.129,0.148,0.157,0.143,0.184,0.097,0.179,0.142,0.127,0.176,0.13,0.131,0.161,0.165,0.137,0.135
2015-05-25 09:00:00,0.237,0.244,0.249,0.197,0.207,0.278,0.121,0.283,0.238,0.168,0.279,0.257,0.192,0.242,0.27,0.238,0.222
2015-05-25 10:00:00,0.296,0.34,0.304,0.197,0.218,0.345,0.213,0.289,0.319,0.206,0.318,0.356,0.278,0.271,0.318,0.318,0.301
2015-05-25 11:00:00,0.313,0.363,0.332,0.26,0.209,0.328,0.211,0.276,0.355,0.232,0.329,0.412,0.25,0.259,0.349,0.345,0.299
2015-05-25 12:00:00,0.315,0.433,0.374,0.249,0.297,0.298,0.255,0.23,0.33,0.225,0.2,0.407,0.257,0.209,0.283,0.368,0.273
2015-05-25 13:00:00,0.296,0.412,0.323,0.242,0.371,0.339,0.192,0.231,0.288,0.195,0.191,0.397,0.175,0.219,0.237,0.306,0.272
2015-05-25 14:00:00,0.303,0.403,0.385,0.23,0.47,0.316,0.151,0.194,0.234,0.195,0.161,0.363,0.13,0.177,0.209,0.328,0.307
2015-05-25 15:00:00,0.274,0.357,0.413,0.121,0.433,0.198,0.105,0.144,0.193,0.121,0.111,0.383,0.079,0.126,0.161,0.328,0.306
2015-05-25 16:00:00,0.21,0.316,0.256,0.08,0.377,0.088,0.069,0.112,0.152,0.09,0.132,0.273,0.077,0.058,0.162,0.236,0.24
2015-05-25 17:00:00,0.139,0.196,0.209,0.047,0.219,0.055,0.023,0.07,0.092,0.056,0.059,0.212,0.039,0.027,0.13,0.163,0.151
2015-05-25 18:00:00,0.073,0.082,0.095,0.021,0.115,0.041,0.007,0.032,0.034,0.029,0.019,0.081,0.014,0.016,0.066,0.083,0.143
2015-05-25 19:00:00,0.02,0.011,0.024,0.0,0.048,0.002,0.0,0.001,0.002,0.0,0.0,0.015,0.0,0.0,0.005,0.025,0.064
2015-05-25 20:00:00,0.0,0.0,0.0,0.0,0.0,0.0,0.0,0.0,0.0,0.0,0.0,0.0,0.0,0.0,0.0,0.0,0.0
2015-05-25 21:00:00,0.0,0.0,0.0,0.0,0.0,0.0,0.0,0.0,0.0,0.0,0.0,0.0,0.0,0.0,0.0,0.0,0.0
2015-05-25 22:00:00,0.0,0.0,0.0,0.0,0.0,0.0,0.0,0.0,0.0,0.0,0.0,0.0,0.0,0.0,0.0,0.0,0.0
2015-05-25 23:00:00,0.0,0.0,0.0,0.0,0.0,0.0,0.0,0.0,0.0,0.0,0.0,0.0,0.0,0.0,0.0,0.0,0.0
2015-05-26 00:00:00,0.0,0.0,0.0,0.0,0.0,0.0,0.0,0.0,0.0,0.0,0.0,0.0,0.0,0.0,0.0,0.0,0.0
2015-05-26 01:00:00,0.0,0.0,0.0,0.0,0.0,0.0,0.0,0.0,0.0,0.0,0.0,0.0,0.0,0.0,0.0,0.0,0.0
2015-05-26 02:00:00,0.0,0.0,0.0,0.0,0.0,0.0,0.0,0.0,0.0,0.0,0.0,0.0,0.0,0.0,0.0,0.0,0.0
2015-05-26 03:00:00,0.0,0.0,0.0,0.0,0.0,0.0,0.0,0.0,0.0,0.0,0.0,0.0,0.0,0.0,0.0,0.0,0.0
2015-05-26 04:00:00,0.01,0.005,0.014,0.017,0.005,0.01,0.001,0.011,0.004,0.012,0.019,0.014,0.006,0.005,0.01,0.011,0.01
2015-05-26 05:00:00,0.043,0.034,0.058,0.054,0.027,0.037,0.011,0.038,0.03,0.042,0.047,0.053,0.031,0.02,0.046,0.051,0.044
2015-05-26 06:00:00,0.079,0.077,0.102,0.085,0.057,0.085,0.014,0.065,0.066,0.083,0.074,0.084,0.055,0.046,0.069,0.099,0.08
2015-05-26 07:00:00,0.113,0.11,0.102,0.171,0.113,0.116,0.091,0.083,0.11,0.141,0.089,0.108,0.118,0.123,0.079,0.127,0.105
2015-05-26 08:00:00,0.157,0.15,0.165,0.216,0.135,0.155,0.103,0.144,0.14,0.154,0.147,0.165,0.098,0.14,0.154,0.18,0.134
2015-05-26 09:00:00,0.228,0.245,0.268,0.189,0.252,0.216,0.061,0.18,0.202,0.177,0.161,0.256,0.081,0.13,0.233,0.266,0.252
2015-05-26 10:00:00,0.307,0.319,0.344,0.26,0.362,0.243,0.076,0.275,0.25,0.265,0.182,0.352,0.102,0.156,0.335,0.353,0.346
2015-05-26 11:00:00,0.353,0.331,0.434,0.279,0.404,0.238,0.074,0.263,0.301,0.326,0.213,0.449,0.099,0.18,0.337,0.429,0.414
2015-05-26 12:00:00,0.381,0.353,0.467,0.238,0.426,0.232,0.094,0.266,0.296,0.357,0.282,0.521,0.074,0.173,0.367,0.467,0.47
2015-05-26 13:00:00,0.399,0.385,0.51,0.366,0.444,0.224,0.063,0.263,0.209,0.356,0.264,0.595,0.102,0.181,0.407,0.468,0.482
2015-05-26 14:00:00,0.38,0.39,0.493,0.325,0.418,0.214,0.064,0.162,0.185,0.264,0.176,0.632,0.067,0.133,0.3,0.48,0.521
2015-05-26 15:00:00,0.324,0.329,0.392,0.24,0.383,0.19,0.045,0.136,0.154,0.191,0.132,0.579,0.087,0.112,0.219,0.407,0.473
2015-05-26 16:00:00,0.252,0.243,0.3,0.082,0.273,0.097,0.03,0.06,0.122,0.091,0.081,0.473,0.075,0.075,0.121,0.362,0.452
2015-05-26 17:00:00,0.161,0.123,0.204,0.045,0.179,0.058,0.014,0.031,0.039,0.045,0.031,0.354,0.024,0.041,0.088,0.214,0.344
2015-05-26 18:00:00,0.091,0.071,0.112,0.01,0.121,0.009,0.003,0.005,0.011,0.009,0.016,0.243,0.006,0.007,0.04,0.098,0.257
2015-05-26 19:00:00,0.027,0.016,0.014,0.0,0.056,0.001,0.0,0.0,0.002,0.0,0.0,0.075,0.0,0.0,0.009,0.019,0.103
2015-05-26 20:00:00,0.0,0.0,0.0,0.0,0.0,0.0,0.0,0.0,0.0,0.0,0.0,0.0,0.0,0.0,0.0,0.0,0.0
2015-05-26 21:00:00,0.0,0.0,0.0,0.0,0.0,0.0,0.0,0.0,0.0,0.0,0.0,0.0,0.0,0.0,0.0,0.0,0.0
2015-05-26 22:00:00,0.0,0.0,0.0,0.0,0.0,0.0,0.0,0.0,0.0,0.0,0.0,0.0,0.0,0.0,0.0,0.0,0.0
2015-05-26 23:00:00,0.0,0.0,0.0,0.0,0.0,0.0,0.0,0.0,0.0,0.0,0.0,0.0,0.0,0.0,0.0,0.0,0.0
2015-05-27 00:00:00,0.0,0.0,0.0,0.0,0.0,0.0,0.0,0.0,0.0,0.0,0.0,0.0,0.0,0.0,0.0,0.0,0.0
2015-05-27 01:00:00,0.0,0.0,0.0,0.0,0.0,0.0,0.0,0.0,0.0,0.0,0.0,0.0,0.0,0.0,0.0,0.0,0.0
2015-05-27 02:00:00,0.0,0.0,0.0,0.0,0.0,0.0,0.0,0.0,0.0,0.0,0.0,0.0,0.0,0.0,0.0,0.0,0.0
2015-05-27 03:00:00,0.0,0.0,0.0,0.0,0.0,0.0,0.0,0.0,0.0,0.0,0.0,0.0,0.0,0.0,0.0,0.0,0.0
2015-05-27 04:00:00,0.012,0.009,0.018,0.001,0.008,0.017,0.003,0.012,0.012,0.001,0.012,0.018,0.014,0.002,0.021,0.015,0.011
2015-05-27 05:00:00,0.04,0.039,0.048,0.009,0.042,0.044,0.024,0.035,0.041,0.007,0.033,0.048,0.05,0.014,0.05,0.046,0.047
2015-05-27 06:00:00,0.07,0.077,0.072,0.025,0.082,0.078,0.07,0.065,0.079,0.023,0.069,0.076,0.085,0.033,0.085,0.072,0.08
2015-05-27 07:00:00,0.107,0.1,0.139,0.05,0.095,0.14,0.133,0.088,0.132,0.037,0.056,0.113,0.16,0.052,0.143,0.123,0.098
2015-05-27 08:00:00,0.148,0.159,0.176,0.066,0.133,0.168,0.177,0.087,0.186,0.05,0.049,0.168,0.158,0.074,0.165,0.195,0.153
2015-05-27 09:00:00,0.212,0.252,0.254,0.057,0.232,0.231,0.192,0.156,0.27,0.041,0.078,0.264,0.22,0.09,0.235,0.253,0.229
2015-05-27 10:00:00,0.253,0.327,0.315,0.07,0.265,0.25,0.183,0.131,0.359,0.074,0.08,0.366,0.282,0.116,0.231,0.306,0.297
2015-05-27 11:00:00,0.289,0.328,0.346,0.084,0.29,0.238,0.2,0.161,0.424,0.091,0.121,0.441,0.281,0.11,0.283,0.347,0.372
2015-05-27 12:00:00,0.268,0.285,0.312,0.083,0.277,0.267,0.216,0.172,0.395,0.071,0.118,0.477,0.315,0.126,0.263,0.264,0.397
2015-05-27 13:00:00,0.285,0.284,0.285,0.121,0.266,0.247,0.175,0.254,0.383,0.1,0.154,0.443,0.283,0.16,0.339,0.29,0.418
2015-05-27 14:00:00,0.231,0.221,0.211,0.078,0.183,0.169,0.167,0.183,0.365,0.088,0.168,0.356,0.203,0.141,0.295,0.212,0.443
2015-05-27 15:00:00,0.218,0.173,0.198,0.069,0.235,0.165,0.129,0.171,0.249,0.074,0.19,0.342,0.144,0.102,0.35,0.181,0.395
2015-05-27 16:00:00,0.178,0.187,0.118,0.039,0.21,0.075,0.108,0.132,0.199,0.039,0.152,0.304,0.107,0.071,0.297,0.132,0.374
2015-05-27 17:00:00,0.144,0.143,0.154,0.047,0.123,0.045,0.056,0.1,0.113,0.046,0.121,0.286,0.076,0.048,0.202,0.135,0.271
2015-05-27 18:00:00,0.082,0.085,0.112,0.01,0.08,0.023,0.018,0.04,0.047,0.007,0.087,0.151,0.03,0.011,0.108,0.099,0.123
2015-05-27 19:00:00,0.027,0.026,0.045,0.0,0.032,0.005,0.0,0.004,0.008,0.0,0.0,0.047,0.0,0.0,0.027,0.033,0.063
2015-05-27 20:00:00,0.0,0.0,0.0,0.0,0.0,0.0,0.0,0.0,0.0,0.0,0.0,0.0,0.0,0.0,0.0,0.0,0.0
2015-05-27 21:00:00,0.0,0.0,0.0,0.0,0.0,0.0,0.0,0.0,0.0,0.0,0.0,0.0,0.0,0.0,0.0,0.0,0.0
2015-05-27 22:00:00,0.0,0.0,0.0,0.0,0.0,0.0,0.0,0.0,0.0,0.0,0.0,0.0,0.0,0.0,0.0,0.0,0.0
2015-05-27 23:00:00,0.0,0.0,0.0,0.0,0.0,0.0,0.0,0.0,0.0,0.0,0.0,0.0,0.0,0.0,0.0,0.0,0.0
2015-05-28 00:00:00,0.0,0.0,0.0,0.0,0.0,0.0,0.0,0.0,0.0,0.0,0.0,0.0,0.0,0.0,0.0,0.0,0.0
2015-05-28 01:00:00,0.0,0.0,0.0,0.0,0.0,0.0,0.0,0.0,0.0,0.0,0.0,0.0,0.0,0.0,0.0,0.0,0.0
2015-05-28 02:00:00,0.0,0.0,0.0,0.0,0.0,0.0,0.0,0.0,0.0,0.0,0.0,0.0,0.0,0.0,0.0,0.0,0.0
2015-05-28 03:00:00,0.0,0.0,0.0,0.0,0.0,0.0,0.0,0.0,0.0,0.0,0.001,0.0,0.0,0.0,0.001,0.0,0.0
2015-05-28 04:00:00,0.017,0.009,0.018,0.026,0.009,0.018,0.011,0.022,0.012,0.016,0.033,0.019,0.014,0.02,0.025,0.014,0.014
2015-05-28 05:00:00,0.049,0.041,0.047,0.072,0.04,0.054,0.045,0.058,0.047,0.057,0.071,0.044,0.045,0.051,0.055,0.044,0.043
2015-05-28 06:00:00,0.081,0.086,0.069,0.1,0.08,0.096,0.092,0.086,0.099,0.082,0.089,0.065,0.087,0.086,0.074,0.075,0.086
2015-05-28 07:00:00,0.116,0.118,0.088,0.146,0.094,0.138,0.121,0.14,0.13,0.113,0.171,0.088,0.138,0.125,0.148,0.099,0.109
2015-05-28 08:00:00,0.17,0.165,0.162,0.213,0.147,0.168,0.193,0.193,0.172,0.193,0.208,0.146,0.163,0.208,0.192,0.15,0.176
2015-05-28 09:00:00,0.273,0.275,0.285,0.28,0.26,0.268,0.264,0.274,0.235,0.266,0.281,0.276,0.275,0.28,0.258,0.278,0.276
2015-05-28 10:00:00,0.31,0.285,0.308,0.307,0.344,0.283,0.265,0.303,0.246,0.308,0.308,0.359,0.25,0.237,0.317,0.297,0.362
2015-05-28 11:00:00,0.331,0.312,0.312,0.276,0.386,0.275,0.342,0.283,0.318,0.295,0.307,0.403,0.269,0.288,0.375,0.304,0.416
2015-05-28 12:00:00,0.354,0.398,0.357,0.287,0.469,0.313,0.308,0.282,0.321,0.316,0.315,0.353,0.314,0.287,0.334,0.344,0.415
2015-05-28 13:00:00,0.368,0.433,0.382,0.267,0.584,0.321,0.333,0.26,0.327,0.261,0.356,0.348,0.351,0.276,0.394,0.33,0.41
2015-05-28 14:00:00,0.332,0.43,0.287,0.161,0.598,0.275,0.255,0.267,0.286,0.238,0.294,0.281,0.264,0.254,0.308,0.32,0.367
2015-05-28 15:00:00,0.289,0.363,0.224,0.178,0.475,0.217,0.183,0.232,0.244,0.256,0.283,0.281,0.206,0.158,0.263,0.322,0.256
2015-05-28 16:00:00,0.243,0.417,0.195,0.112,0.326,0.119,0.171,0.176,0.201,0.151,0.284,0.193,0.157,0.122,0.296,0.308,0.148
2015-05-28 17:00:00,0.153,0.263,0.149,0.075,0.074,0.072,0.091,0.159,0.107,0.078,0.225,0.215,0.095,0.125,0.229,0.182,0.097
2015-05-28 18:00:00,0.09,0.16,0.157,0.034,0.029,0.047,0.051,0.061,0.076,0.039,0.108,0.135,0.035,0.059,0.126,0.1,0.086
2015-05-28 19:00:00,0.035,0.067,0.055,0.0,0.033,0.006,0.0,0.01,0.044,0.0,0.002,0.046,0.0,0.0,0.03,0.056,0.047
2015-05-28 20:00:00,0.0,0.0,0.0,0.0,0.0,0.0,0.0,0.0,0.0,0.0,0.0,0.0,0.0,0.0,0.0,0.0,0.0
2015-05-28 21:00:00,0.0,0.0,0.0,0.0,0.0,0.0,0.0,0.0,0.0,0.0,0.0,0.0,0.0,0.0,0.0,0.0,0.0
2015-05-28 22:00:00,0.0,0.0,0.0,0.0,0.0,0.0,0.0,0.0,0.0,0.0,0.0,0.0,0.0,0.0,0.0,0.0,0.0
2015-05-28 23:00:00,0.0,0.0,0.0,0.0,0.0,0.0,0.0,0.0,0.0,0.0,0.0,0.0,0.0,0.0,0.0,0.0,0.0
2015-05-29 00:00:00,0.0,0.0,0.0,0.0,0.0,0.0,0.0,0.0,0.0,0.0,0.0,0.0,0.0,0.0,0.0,0.0,0.0
2015-05-29 01:00:00,0.0,0.0,0.0,0.0,0.0,0.0,0.0,0.0,0.0,0.0,0.0,0.0,0.0,0.0,0.0,0.0,0.0
2015-05-29 02:00:00,0.0,0.0,0.0,0.0,0.0,0.0,0.0,0.0,0.0,0.0,0.0,0.0,0.0,0.0,0.0,0.0,0.0
2015-05-29 03:00:00,0.0,0.0,0.0,0.0,0.0,0.0,0.0,0.0,0.0,0.0,0.001,0.0,0.0,0.0,0.001,0.0,0.0
2015-05-29 04:00:00,0.016,0.012,0.016,0.023,0.007,0.017,0.017,0.022,0.016,0.017,0.028,0.019,0.015,0.02,0.02,0.015,0.013
2015-05-29 05:00:00,0.047,0.044,0.052,0.057,0.027,0.051,0.048,0.051,0.056,0.052,0.053,0.044,0.048,0.052,0.046,0.049,0.042
2015-05-29 06:00:00,0.079,0.079,0.082,0.085,0.073,0.079,0.074,0.082,0.09,0.089,0.073,0.071,0.074,0.074,0.098,0.081,0.064
2015-05-29 07:00:00,0.107,0.114,0.125,0.102,0.113,0.095,0.095,0.091,0.109,0.118,0.09,0.104,0.089,0.092,0.121,0.116,0.092
2015-05-29 08:00:00,0.161,0.151,0.163,0.195,0.133,0.163,0.172,0.18,0.148,0.212,0.179,0.151,0.161,0.176,0.176,0.166,0.117
2015-05-29 09:00:00,0.279,0.264,0.288,0.334,0.243,0.298,0.322,0.301,0.282,0.344,0.327,0.272,0.297,0.324,0.247,0.268,0.258
2015-05-29 10:00:00,0.38,0.355,0.398,0.435,0.352,0.375,0.452,0.397,0.369,0.417,0.381,0.394,0.406,0.443,0.326,0.37,0.383
2015-05-29 11:00:00,0.432,0.399,0.448,0.514,0.356,0.457,0.497,0.45,0.436,0.518,0.451,0.481,0.441,0.522,0.398,0.394,0.472
2015-05-29 12:00:00,0.446,0.488,0.37,0.552,0.421,0.476,0.484,0.399,0.503,0.565,0.374,0.524,0.436,0.503,0.445,0.39,0.491
2015-05-29 13:00:00,0.412,0.413,0.272,0.533,0.345,0.504,0.502,0.443,0.509,0.535,0.379,0.474,0.429,0.495,0.514,0.363,0.354
2015-05-29 14:00:00,0.39,0.447,0.298,0.333,0.323,0.526,0.414,0.455,0.561,0.465,0.468,0.413,0.47,0.406,0.439,0.349,0.327
2015-05-29 15:00:00,0.352,0.417,0.35,0.238,0.266,0.475,0.451,0.43,0.505,0.386,0.325,0.298,0.474,0.363,0.311,0.371,0.295
2015-05-29 16:00:00,0.264,0.275,0.259,0.231,0.138,0.396,0.3,0.361,0.381,0.322,0.305,0.207,0.363,0.308,0.283,0.271,0.186
2015-05-29 17:00:00,0.2,0.158,0.232,0.156,0.109,0.281,0.194,0.297,0.283,0.207,0.264,0.154,0.246,0.212,0.223,0.218,0.142
2015-05-29 18:00:00,0.127,0.13,0.184,0.091,0.138,0.12,0.138,0.113,0.121,0.122,0.122,0.112,0.158,0.109,0.118,0.124,0.135
2015-05-29 19:00:00,0.022,0.026,0.017,0.0,0.034,0.009,0.0,0.011,0.037,0.0,0.006,0.019,0.004,0.0,0.025,0.029,0.038
2015-05-29 20:00:00,0.0,0.0,0.0,0.0,0.0,0.0,0.0,0.0,0.0,0.0,0.0,0.0,0.0,0.0,0.0,0.0,0.0
2015-05-29 21:00:00,0.0,0.0,0.0,0.0,0.0,0.0,0.0,0.0,0.0,0.0,0.0,0.0,0.0,0.0,0.0,0.0,0.0
2015-05-29 22:00:00,0.0,0.0,0.0,0.0,0.0,0.0,0.0,0.0,0.0,0.0,0.0,0.0,0.0,0.0,0.0,0.0,0.0
2015-05-29 23:00:00,0.0,0.0,0.0,0.0,0.0,0.0,0.0,0.0,0.0,0.0,0.0,0.0,0.0,0.0,0.0,0.0,0.0
2015-05-30 00:00:00,0.0,0.0,0.0,0.0,0.0,0.0,0.0,0.0,0.0,0.0,0.0,0.0,0.0,0.0,0.0,0.0,0.0
2015-05-30 01:00:00,0.0,0.0,0.0,0.0,0.0,0.0,0.0,0.0,0.0,0.0,0.0,0.0,0.0,0.0,0.0,0.0,0.0
2015-05-30 02:00:00,0.0,0.0,0.0,0.0,0.0,0.0,0.0,0.0,0.0,0.0,0.0,0.0,0.0,0.0,0.0,0.0,0.0
2015-05-30 03:00:00,0.0,0.0,0.0,0.0,0.0,0.0,0.0,0.0,0.0,0.0,0.001,0.0,0.0,0.0,0.0,0.0,0.0
2015-05-30 04:00:00,0.015,0.011,0.018,0.023,0.009,0.015,0.016,0.016,0.012,0.021,0.023,0.017,0.014,0.017,0.021,0.014,0.011
2015-05-30 05:00:00,0.046,0.045,0.047,0.056,0.039,0.047,0.048,0.05,0.049,0.05,0.056,0.052,0.048,0.044,0.05,0.043,0.039
2015-05-30 06:00:00,0.076,0.069,0.071,0.091,0.07,0.072,0.079,0.084,0.078,0.074,0.09,0.072,0.073,0.074,0.08,0.077,0.067
2015-05-30 07:00:00,0.105,0.112,0.085,0.124,0.093,0.104,0.114,0.108,0.085,0.09,0.115,0.096,0.096,0.101,0.12,0.101,0.124
2015-05-30 08:00:00,0.158,0.138,0.146,0.196,0.14,0.173,0.174,0.177,0.143,0.188,0.201,0.149,0.155,0.201,0.161,0.15,0.146
2015-05-30 09:00:00,0.259,0.251,0.267,0.305,0.238,0.284,0.309,0.289,0.286,0.324,0.279,0.192,0.285,0.299,0.271,0.257,0.208
2015-05-30 10:00:00,0.366,0.374,0.36,0.415,0.364,0.389,0.433,0.398,0.394,0.453,0.36,0.221,0.39,0.428,0.379,0.377,0.305
2015-05-30 11:00:00,0.481,0.491,0.482,0.538,0.49,0.493,0.542,0.49,0.492,0.544,0.483,0.29,0.51,0.517,0.439,0.498,0.487
2015-05-30 12:00:00,0.539,0.571,0.504,0.597,0.534,0.554,0.56,0.553,0.569,0.602,0.55,0.41,0.53,0.514,0.456,0.552,0.582
2015-05-30 13:00:00,0.565,0.544,0.571,0.568,0.568,0.564,0.531,0.56,0.609,0.569,0.564,0.579,0.584,0.499,0.499,0.574,0.607
2015-05-30 14:00:00,0.519,0.452,0.481,0.475,0.562,0.511,0.501,0.538,0.57,0.394,0.531,0.58,0.582,0.423,0.452,0.528,0.579
2015-05-30 15:00:00,0.506,0.454,0.486,0.447,0.533,0.472,0.465,0.487,0.521,0.366,0.55,0.546,0.557,0.477,0.479,0.527,0.552
2015-05-30 16:00:00,0.423,0.402,0.447,0.252,0.538,0.43,0.406,0.349,0.318,0.264,0.267,0.494,0.445,0.413,0.341,0.47,0.498
2015-05-30 17:00:00,0.337,0.317,0.405,0.214,0.397,0.288,0.26,0.248,0.227,0.198,0.243,0.376,0.241,0.289,0.297,0.404,0.392
2015-05-30 18:00:00,0.185,0.158,0.242,0.124,0.242,0.13,0.129,0.153,0.157,0.094,0.15,0.215,0.114,0.145,0.183,0.223,0.165
2015-05-30 19:00:00,0.046,0.061,0.067,0.0,0.093,0.022,0.0,0.018,0.028,0.0,0.004,0.084,0.009,0.0,0.021,0.064,0.045
2015-05-30 20:00:00,0.0,0.0,0.0,0.0,0.0,0.0,0.0,0.0,0.0,0.0,0.0,0.0,0.0,0.0,0.0,0.0,0.0
2015-05-30 21:00:00,0.0,0.0,0.0,0.0,0.0,0.0,0.0,0.0,0.0,0.0,0.0,0.0,0.0,0.0,0.0,0.0,0.0
2015-05-30 22:00:00,0.0,0.0,0.0,0.0,0.0,0.0,0.0,0.0,0.0,0.0,0.0,0.0,0.0,0.0,0.0,0.0,0.0
2015-05-30 23:00:00,0.0,0.0,0.0,0.0,0.0,0.0,0.0,0.0,0.0,0.0,0.0,0.0,0.0,0.0,0.0,0.0,0.0
2015-05-31 00:00:00,0.0,0.0,0.0,0.0,0.0,0.0,0.0,0.0,0.0,0.0,0.0,0.0,0.0,0.0,0.0,0.0,0.0
2015-05-31 01:00:00,0.0,0.0,0.0,0.0,0.0,0.0,0.0,0.0,0.0,0.0,0.0,0.0,0.0,0.0,0.0,0.0,0.0
2015-05-31 02:00:00,0.0,0.0,0.0,0.0,0.0,0.0,0.0,0.0,0.0,0.0,0.0,0.0,0.0,0.0,0.0,0.0,0.0
2015-05-31 03:00:00,0.0,0.0,0.0,0.0,0.0,0.0,0.0,0.0,0.0,0.0,0.002,0.0,0.0,0.0,0.001,0.0,0.0
2015-05-31 04:00:00,0.018,0.012,0.02,0.016,0.012,0.025,0.018,0.027,0.015,0.017,0.03,0.021,0.019,0.012,0.026,0.016,0.015
2015-05-31 05:00:00,0.05,0.051,0.047,0.05,0.051,0.062,0.058,0.059,0.05,0.051,0.064,0.047,0.069,0.051,0.052,0.045,0.044
2015-05-31 06:00:00,0.078,0.09,0.068,0.09,0.068,0.077,0.094,0.08,0.08,0.098,0.077,0.07,0.098,0.104,0.075,0.079,0.063
2015-05-31 07:00:00,0.11,0.129,0.099,0.127,0.096,0.113,0.129,0.096,0.141,0.126,0.101,0.086,0.127,0.115,0.106,0.121,0.094
2015-05-31 08:00:00,0.165,0.179,0.146,0.18,0.175,0.197,0.194,0.177,0.209,0.187,0.189,0.138,0.201,0.172,0.176,0.151,0.128
2015-05-31 09:00:00,0.302,0.318,0.296,0.286,0.312,0.33,0.332,0.323,0.319,0.29,0.321,0.267,0.331,0.324,0.306,0.3,0.261
2015-05-31 10:00:00,0.412,0.404,0.406,0.399,0.376,0.45,0.402,0.452,0.418,0.394,0.445,0.385,0.435,0.447,0.429,0.425,0.375
2015-05-31 11:00:00,0.474,0.409,0.499,0.492,0.443,0.553,0.409,0.532,0.472,0.463,0.54,0.475,0.524,0.478,0.492,0.484,0.386
2015-05-31 12:00:00,0.485,0.458,0.507,0.49,0.464,0.551,0.405,0.586,0.404,0.402,0.61,0.494,0.463,0.428,0.529,0.487,0.397
2015-05-31 13:00:00,0.441,0.405,0.454,0.458,0.426,0.456,0.478,0.556,0.346,0.443,0.603,0.503,0.392,0.42,0.503,0.409,0.332
2015-05-31 14:00:00,0.418,0.388,0.419,0.464,0.503,0.369,0.552,0.409,0.31,0.395,0.569,0.413,0.411,0.452,0.443,0.397,0.321
2015-05-31 15:00:00,0.381,0.419,0.317,0.381,0.514,0.32,0.419,0.364,0.266,0.409,0.482,0.378,0.383,0.393,0.374,0.344,0.356
2015-05-31 16:00:00,0.332,0.349,0.251,0.309,0.491,0.321,0.436,0.271,0.242,0.389,0.402,0.309,0.343,0.325,0.319,0.299,0.318
2015-05-31 17:00:00,0.239,0.255,0.167,0.188,0.416,0.257,0.258,0.241,0.188,0.24,0.269,0.188,0.165,0.196,0.207,0.212,0.255
2015-05-31 18:00:00,0.151,0.193,0.095,0.102,0.261,0.086,0.1,0.098,0.085,0.087,0.096,0.127,0.074,0.07,0.116,0.182,0.209
2015-05-31 19:00:00,0.053,0.078,0.08,0.0,0.089,0.006,0.0,0.018,0.02,0.0,0.01,0.085,0.004,0.0,0.033,0.076,0.073
2015-05-31 20:00:00,0.0,0.0,0.0,0.0,0.0,0.0,0.0,0.0,0.0,0.0,0.0,0.0,0.0,0.0,0.0,0.0,0.0
2015-05-31 21:00:00,0.0,0.0,0.0,0.0,0.0,0.0,0.0,0.0,0.0,0.0,0.0,0.0,0.0,0.0,0.0,0.0,0.0
2015-05-31 22:00:00,0.0,0.0,0.0,0.0,0.0,0.0,0.0,0.0,0.0,0.0,0.0,0.0,0.0,0.0,0.0,0.0,0.0
2015-05-31 23:00:00,0.0,0.0,0.0,0.0,0.0,0.0,0.0,0.0,0.0,0.0,0.0,0.0,0.0,0.0,0.0,0.0,0.0
2015-06-01 00:00:00,0.0,0.0,0.0,0.0,0.0,0.0,0.0,0.0,0.0,0.0,0.0,0.0,0.0,0.0,0.0,0.0,0.0
2015-06-01 01:00:00,0.0,0.0,0.0,0.0,0.0,0.0,0.0,0.0,0.0,0.0,0.0,0.0,0.0,0.0,0.0,0.0,0.0
2015-06-01 02:00:00,0.0,0.0,0.0,0.0,0.0,0.0,0.0,0.0,0.0,0.0,0.0,0.0,0.0,0.0,0.0,0.0,0.0
2015-06-01 03:00:00,0.0,0.0,0.0,0.0,0.0,0.0,0.0,0.0,0.0,0.0,0.002,0.0,0.0,0.0,0.001,0.0,0.0
2015-06-01 04:00:00,0.017,0.012,0.017,0.026,0.011,0.019,0.017,0.023,0.012,0.025,0.027,0.018,0.014,0.02,0.025,0.014,0.006
2015-06-01 05:00:00,0.046,0.042,0.048,0.056,0.041,0.052,0.05,0.05,0.044,0.058,0.051,0.044,0.045,0.05,0.048,0.045,0.036
2015-06-01 06:00:00,0.072,0.065,0.08,0.076,0.081,0.089,0.073,0.078,0.071,0.074,0.069,0.073,0.073,0.074,0.068,0.071,0.055
2015-06-01 07:00:00,0.087,0.096,0.088,0.1,0.095,0.094,0.093,0.086,0.082,0.095,0.084,0.105,0.093,0.097,0.084,0.09,0.044
2015-06-01 08:00:00,0.145,0.135,0.14,0.19,0.123,0.156,0.164,0.166,0.143,0.188,0.176,0.143,0.157,0.174,0.161,0.148,0.078
2015-06-01 09:00:00,0.239,0.236,0.271,0.325,0.174,0.289,0.295,0.305,0.259,0.328,0.318,0.171,0.279,0.308,0.295,0.239,0.077
2015-06-01 10:00:00,0.301,0.274,0.357,0.413,0.135,0.352,0.432,0.393,0.365,0.444,0.446,0.203,0.409,0.401,0.413,0.292,0.112
2015-06-01 11:00:00,0.317,0.338,0.343,0.495,0.153,0.411,0.517,0.439,0.403,0.538,0.539,0.197,0.469,0.474,0.429,0.245,0.102
2015-06-01 12:00:00,0.319,0.329,0.25,0.55,0.147,0.476,0.588,0.462,0.439,0.605,0.584,0.149,0.54,0.553,0.449,0.222,0.091
2015-06-01 13:00:00,0.315,0.263,0.238,0.551,0.174,0.397,0.553,0.452,0.442,0.637,0.594,0.142,0.511,0.529,0.462,0.223,0.116
2015-06-01 14:00:00,0.301,0.236,0.241,0.543,0.171,0.418,0.551,0.451,0.394,0.611,0.484,0.127,0.506,0.486,0.446,0.201,0.144
2015-06-01 15:00:00,0.269,0.219,0.219,0.455,0.17,0.335,0.527,0.367,0.347,0.569,0.344,0.097,0.496,0.5,0.336,0.201,0.17
2015-06-01 16:00:00,0.22,0.294,0.194,0.389,0.128,0.269,0.401,0.34,0.327,0.446,0.285,0.084,0.394,0.407,0.286,0.124,0.117
2015-06-01 17:00:00,0.161,0.248,0.102,0.291,0.055,0.192,0.171,0.251,0.253,0.316,0.192,0.06,0.29,0.265,0.167,0.149,0.051
2015-06-01 18:00:00,0.083,0.132,0.035,0.128,0.018,0.124,0.079,0.121,0.157,0.139,0.118,0.019,0.128,0.121,0.089,0.09,0.021
2015-06-01 19:00:00,0.017,0.03,0.014,0.0,0.001,0.042,0.0,0.026,0.04,0.0,0.018,0.006,0.039,0.001,0.037,0.019,0.004
2015-06-01 20:00:00,0.0,0.0,0.0,0.0,0.0,0.0,0.0,0.0,0.0,0.0,0.0,0.0,0.0,0.0,0.0,0.0,0.0
2015-06-01 21:00:00,0.0,0.0,0.0,0.0,0.0,0.0,0.0,0.0,0.0,0.0,0.0,0.0,0.0,0.0,0.0,0.0,0.0
2015-06-01 22:00:00,0.0,0.0,0.0,0.0,0.0,0.0,0.0,0.0,0.0,0.0,0.0,0.0,0.0,0.0,0.0,0.0,0.0
2015-06-01 23:00:00,0.0,0.0,0.0,0.0,0.0,0.0,0.0,0.0,0.0,0.0,0.0,0.0,0.0,0.0,0.0,0.0,0.0
2015-06-02 00:00:00,0.0,0.0,0.0,0.0,0.0,0.0,0.0,0.0,0.0,0.0,0.0,0.0,0.0,0.0,0.0,0.0,0.0
2015-06-02 01:00:00,0.0,0.0,0.0,0.0,0.0,0.0,0.0,0.0,0.0,0.0,0.0,0.0,0.0,0.0,0.0,0.0,0.0
2015-06-02 02:00:00,0.0,0.0,0.0,0.0,0.0,0.0,0.0,0.0,0.0,0.0,0.0,0.0,0.0,0.0,0.0,0.0,0.0
2015-06-02 03:00:00,0.0,0.0,0.0,0.0,0.0,0.0,0.0,0.0,0.0,0.0,0.002,0.0,0.0,0.0,0.001,0.0,0.0
2015-06-02 04:00:00,0.016,0.012,0.015,0.02,0.008,0.018,0.018,0.022,0.014,0.023,0.028,0.019,0.015,0.019,0.018,0.014,0.015
2015-06-02 05:00:00,0.047,0.05,0.049,0.05,0.041,0.048,0.053,0.051,0.05,0.05,0.051,0.045,0.045,0.047,0.05,0.047,0.045
2015-06-02 06:00:00,0.075,0.086,0.079,0.073,0.075,0.069,0.073,0.073,0.081,0.07,0.071,0.082,0.07,0.065,0.078,0.075,0.073
2015-06-02 07:00:00,0.109,0.119,0.1,0.09,0.093,0.11,0.088,0.096,0.144,0.086,0.086,0.105,0.109,0.094,0.112,0.125,0.116
2015-06-02 08:00:00,0.17,0.138,0.162,0.185,0.15,0.178,0.165,0.168,0.191,0.179,0.171,0.184,0.179,0.17,0.167,0.181,0.16
2015-06-02 09:00:00,0.279,0.267,0.289,0.317,0.245,0.305,0.301,0.303,0.291,0.317,0.308,0.294,0.302,0.307,0.291,0.27,0.225
2015-06-02 10:00:00,0.387,0.394,0.345,0.434,0.38,0.417,0.408,0.424,0.4,0.44,0.424,0.366,0.41,0.429,0.408,0.38,0.309
2015-06-02 11:00:00,0.481,0.492,0.469,0.531,0.491,0.513,0.458,0.517,0.486,0.533,0.52,0.402,0.433,0.489,0.513,0.488,0.395
2015-06-02 12:00:00,0.524,0.481,0.543,0.575,0.478,0.578,0.483,0.587,0.562,0.584,0.581,0.448,0.51,0.548,0.539,0.533,0.461
2015-06-02 13:00:00,0.515,0.446,0.566,0.52,0.456,0.617,0.492,0.578,0.538,0.562,0.605,0.455,0.585,0.51,0.514,0.53,0.44
2015-06-02 14:00:00,0.479,0.458,0.462,0.565,0.424,0.506,0.521,0.572,0.509,0.519,0.611,0.492,0.508,0.519,0.54,0.442,0.366
2015-06-02 15:00:00,0.413,0.365,0.314,0.543,0.406,0.432,0.533,0.498,0.455,0.444,0.568,0.369,0.514,0.511,0.444,0.366,0.338
2015-06-02 16:00:00,0.345,0.319,0.257,0.439,0.427,0.289,0.417,0.341,0.264,0.344,0.418,0.347,0.365,0.421,0.297,0.344,0.287
2015-06-02 17:00:00,0.28,0.328,0.306,0.297,0.412,0.172,0.3,0.172,0.211,0.216,0.193,0.333,0.233,0.25,0.135,0.311,0.292
2015-06-02 18:00:00,0.164,0.22,0.221,0.131,0.238,0.072,0.125,0.069,0.096,0.126,0.066,0.228,0.083,0.126,0.102,0.205,0.15
2015-06-02 19:00:00,0.045,0.07,0.08,0.0,0.04,0.03,0.0,0.018,0.044,0.0,0.008,0.061,0.013,0.001,0.048,0.065,0.056
2015-06-02 20:00:00,0.0,0.0,0.0,0.0,0.0,0.0,0.0,0.0,0.0,0.0,0.0,0.0,0.0,0.0,0.0,0.0,0.0
2015-06-02 21:00:00,0.0,0.0,0.0,0.0,0.0,0.0,0.0,0.0,0.0,0.0,0.0,0.0,0.0,0.0,0.0,0.0,0.0
2015-06-02 22:00:00,0.0,0.0,0.0,0.0,0.0,0.0,0.0,0.0,0.0,0.0,0.0,0.0,0.0,0.0,0.0,0.0,0.0
2015-06-02 23:00:00,0.0,0.0,0.0,0.0,0.0,0.0,0.0,0.0,0.0,0.0,0.0,0.0,0.0,0.0,0.0,0.0,0.0
2015-06-03 00:00:00,0.0,0.0,0.0,0.0,0.0,0.0,0.0,0.0,0.0,0.0,0.0,0.0,0.0,0.0,0.0,0.0,0.0
2015-06-03 01:00:00,0.0,0.0,0.0,0.0,0.0,0.0,0.0,0.0,0.0,0.0,0.0,0.0,0.0,0.0,0.0,0.0,0.0
2015-06-03 02:00:00,0.0,0.0,0.0,0.0,0.0,0.0,0.0,0.0,0.0,0.0,0.0,0.0,0.0,0.0,0.0,0.0,0.0
2015-06-03 03:00:00,0.0,0.0,0.0,0.0,0.0,0.0,0.0,0.0,0.0,0.0,0.002,0.0,0.0,0.0,0.001,0.0,0.0
2015-06-03 04:00:00,0.018,0.014,0.019,0.025,0.013,0.021,0.017,0.024,0.013,0.022,0.028,0.017,0.016,0.021,0.025,0.017,0.009
2015-06-03 05:00:00,0.047,0.046,0.045,0.051,0.043,0.052,0.045,0.054,0.045,0.049,0.053,0.047,0.048,0.049,0.048,0.049,0.035
2015-06-03 06:00:00,0.075,0.073,0.079,0.072,0.069,0.08,0.067,0.076,0.073,0.069,0.075,0.086,0.074,0.071,0.073,0.076,0.072
2015-06-03 07:00:00,0.099,0.091,0.102,0.087,0.097,0.094,0.094,0.093,0.088,0.088,0.095,0.102,0.092,0.094,0.113,0.097,0.119
2015-06-03 08:00:00,0.159,0.133,0.152,0.182,0.125,0.179,0.166,0.18,0.154,0.179,0.198,0.155,0.167,0.176,0.193,0.146,0.16
2015-06-03 09:00:00,0.262,0.265,0.259,0.309,0.233,0.303,0.286,0.302,0.279,0.306,0.307,0.227,0.297,0.307,0.274,0.249,0.21
2015-06-03 10:00:00,0.347,0.389,0.321,0.36,0.32,0.407,0.395,0.393,0.403,0.372,0.406,0.287,0.395,0.367,0.336,0.34,0.294
2015-06-03 11:00:00,0.393,0.482,0.319,0.409,0.301,0.487,0.452,0.477,0.501,0.457,0.435,0.339,0.493,0.442,0.298,0.401,0.349
2015-06-03 12:00:00,0.419,0.513,0.356,0.496,0.32,0.558,0.505,0.45,0.571,0.551,0.402,0.316,0.569,0.519,0.307,0.42,0.377
2015-06-03 13:00:00,0.417,0.488,0.415,0.519,0.362,0.552,0.459,0.412,0.597,0.507,0.365,0.318,0.591,0.528,0.314,0.428,0.301
2015-06-03 14:00:00,0.439,0.527,0.408,0.47,0.394,0.518,0.51,0.456,0.607,0.562,0.397,0.294,0.585,0.546,0.444,0.457,0.301
2015-06-03 15:00:00,0.421,0.51,0.454,0.392,0.443,0.477,0.449,0.461,0.571,0.455,0.421,0.254,0.556,0.478,0.402,0.421,0.309
2015-06-03 16:00:00,0.351,0.433,0.361,0.377,0.375,0.368,0.353,0.412,0.443,0.373,0.406,0.246,0.445,0.426,0.273,0.341,0.264
2015-06-03 17:00:00,0.268,0.312,0.261,0.24,0.294,0.287,0.267,0.303,0.314,0.246,0.224,0.213,0.353,0.312,0.166,0.284,0.257
2015-06-03 18:00:00,0.155,0.194,0.128,0.14,0.161,0.114,0.14,0.147,0.141,0.098,0.159,0.197,0.163,0.164,0.087,0.149,0.221
2015-06-03 19:00:00,0.054,0.058,0.048,0.0,0.086,0.041,0.003,0.035,0.043,0.0,0.028,0.082,0.04,0.005,0.035,0.06,0.109
2015-06-03 20:00:00,0.0,0.0,0.0,0.0,0.0,0.0,0.0,0.0,0.0,0.0,0.0,0.0,0.0,0.0,0.0,0.0,0.0
2015-06-03 21:00:00,0.0,0.0,0.0,0.0,0.0,0.0,0.0,0.0,0.0,0.0,0.0,0.0,0.0,0.0,0.0,0.0,0.0
2015-06-03 22:00:00,0.0,0.0,0.0,0.0,0.0,0.0,0.0,0.0,0.0,0.0,0.0,0.0,0.0,0.0,0.0,0.0,0.0
2015-06-03 23:00:00,0.0,0.0,0.0,0.0,0.0,0.0,0.0,0.0,0.0,0.0,0.0,0.0,0.0,0.0,0.0,0.0,0.0
2015-06-04 00:00:00,0.0,0.0,0.0,0.0,0.0,0.0,0.0,0.0,0.0,0.0,0.0,0.0,0.0,0.0,0.0,0.0,0.0
2015-06-04 01:00:00,0.0,0.0,0.0,0.0,0.0,0.0,0.0,0.0,0.0,0.0,0.0,0.0,0.0,0.0,0.0,0.0,0.0
2015-06-04 02:00:00,0.0,0.0,0.0,0.0,0.0,0.0,0.0,0.0,0.0,0.0,0.0,0.0,0.0,0.0,0.0,0.0,0.0
2015-06-04 03:00:00,0.0,0.0,0.0,0.0,0.0,0.0,0.0,0.0,0.0,0.0,0.002,0.0,0.0,0.0,0.002,0.0,0.0
2015-06-04 04:00:00,0.017,0.012,0.021,0.015,0.012,0.014,0.013,0.019,0.012,0.019,0.028,0.022,0.011,0.017,0.027,0.017,0.016
2015-06-04 05:00:00,0.046,0.042,0.048,0.051,0.04,0.048,0.046,0.05,0.041,0.048,0.053,0.047,0.041,0.04,0.055,0.045,0.045
2015-06-04 06:00:00,0.072,0.066,0.082,0.074,0.062,0.075,0.062,0.074,0.07,0.077,0.078,0.077,0.077,0.071,0.086,0.07,0.07
2015-06-04 07:00:00,0.103,0.087,0.108,0.132,0.081,0.091,0.11,0.096,0.096,0.114,0.123,0.1,0.114,0.115,0.124,0.093,0.114
2015-06-04 08:00:00,0.154,0.132,0.157,0.185,0.115,0.178,0.17,0.182,0.147,0.174,0.205,0.164,0.152,0.157,0.19,0.14,0.132
2015-06-04 09:00:00,0.288,0.276,0.297,0.299,0.259,0.309,0.212,0.324,0.279,0.288,0.338,0.295,0.255,0.27,0.32,0.284,0.271
2015-06-04 10:00:00,0.416,0.411,0.432,0.425,0.396,0.444,0.268,0.456,0.418,0.351,0.462,0.423,0.39,0.375,0.431,0.422,0.399
2015-06-04 11:00:00,0.533,0.532,0.548,0.553,0.506,0.557,0.341,0.568,0.542,0.461,0.571,0.541,0.525,0.516,0.54,0.54,0.524
2015-06-04 12:00:00,0.62,0.621,0.634,0.651,0.602,0.636,0.436,0.645,0.622,0.586,0.649,0.629,0.615,0.612,0.602,0.627,0.617
2015-06-04 13:00:00,0.671,0.678,0.683,0.686,0.664,0.685,0.467,0.689,0.673,0.647,0.687,0.674,0.646,0.667,0.664,0.678,0.672
2015-06-04 14:00:00,0.679,0.686,0.692,0.691,0.682,0.692,0.457,0.691,0.683,0.663,0.693,0.685,0.615,0.635,0.671,0.688,0.685
2015-06-04 15:00:00,0.651,0.661,0.662,0.644,0.66,0.656,0.409,0.653,0.65,0.624,0.646,0.672,0.6,0.604,0.629,0.662,0.683
2015-06-04 16:00:00,0.579,0.586,0.589,0.549,0.592,0.572,0.402,0.568,0.573,0.53,0.562,0.604,0.541,0.529,0.577,0.588,0.617
2015-06-04 17:00:00,0.451,0.46,0.462,0.401,0.474,0.435,0.31,0.428,0.44,0.388,0.422,0.482,0.42,0.406,0.444,0.463,0.5
2015-06-04 18:00:00,0.272,0.282,0.283,0.204,0.304,0.247,0.183,0.239,0.256,0.189,0.23,0.308,0.235,0.213,0.262,0.286,0.332
2015-06-04 19:00:00,0.088,0.099,0.101,0.0,0.118,0.078,0.007,0.068,0.081,0.0,0.058,0.12,0.072,0.011,0.086,0.103,0.139
2015-06-04 20:00:00,0.0,0.0,0.0,0.0,0.0,0.0,0.0,0.0,0.0,0.0,0.0,0.0,0.0,0.0,0.0,0.0,0.0
2015-06-04 21:00:00,0.0,0.0,0.0,0.0,0.0,0.0,0.0,0.0,0.0,0.0,0.0,0.0,0.0,0.0,0.0,0.0,0.0
2015-06-04 22:00:00,0.0,0.0,0.0,0.0,0.0,0.0,0.0,0.0,0.0,0.0,0.0,0.0,0.0,0.0,0.0,0.0,0.0
2015-06-04 23:00:00,0.0,0.0,0.0,0.0,0.0,0.0,0.0,0.0,0.0,0.0,0.0,0.0,0.0,0.0,0.0,0.0,0.0
2015-06-05 00:00:00,0.0,0.0,0.0,0.0,0.0,0.0,0.0,0.0,0.0,0.0,0.0,0.0,0.0,0.0,0.0,0.0,0.0
2015-06-05 01:00:00,0.0,0.0,0.0,0.0,0.0,0.0,0.0,0.0,0.0,0.0,0.0,0.0,0.0,0.0,0.0,0.0,0.0
2015-06-05 02:00:00,0.0,0.0,0.0,0.0,0.0,0.0,0.0,0.0,0.0,0.0,0.0,0.0,0.0,0.0,0.0,0.0,0.0
2015-06-05 03:00:00,0.0,0.0,0.0,0.001,0.0,0.0,0.0,0.001,0.0,0.0,0.003,0.0,0.0,0.0,0.002,0.0,0.0
2015-06-05 04:00:00,0.019,0.013,0.021,0.027,0.012,0.021,0.019,0.025,0.015,0.024,0.029,0.022,0.017,0.023,0.027,0.017,0.017
2015-06-05 05:00:00,0.047,0.042,0.047,0.053,0.04,0.048,0.048,0.051,0.044,0.052,0.053,0.046,0.046,0.05,0.051,0.044,0.048
2015-06-05 06:00:00,0.068,0.064,0.067,0.074,0.061,0.069,0.07,0.07,0.066,0.073,0.072,0.065,0.067,0.071,0.069,0.066,0.071
2015-06-05 07:00:00,0.082,0.081,0.083,0.09,0.077,0.085,0.087,0.086,0.084,0.09,0.087,0.08,0.084,0.088,0.084,0.081,0.077
2015-06-05 08:00:00,0.145,0.127,0.144,0.193,0.112,0.159,0.171,0.171,0.144,0.191,0.185,0.137,0.156,0.177,0.164,0.134,0.113
2015-06-05 09:00:00,0.289,0.271,0.287,0.341,0.252,0.304,0.322,0.317,0.29,0.34,0.333,0.28,0.304,0.324,0.312,0.276,0.254
2015-06-05 10:00:00,0.425,0.41,0.423,0.473,0.388,0.439,0.461,0.451,0.427,0.473,0.464,0.417,0.441,0.458,0.445,0.412,0.392
2015-06-05 11:00:00,0.537,0.526,0.537,0.58,0.503,0.55,0.573,0.558,0.541,0.576,0.572,0.531,0.554,0.567,0.556,0.526,0.504
2015-06-05 12:00:00,0.618,0.611,0.619,0.654,0.59,0.629,0.651,0.635,0.623,0.654,0.645,0.619,0.634,0.643,0.631,0.609,0.587
2015-06-05 13:00:00,0.664,0.661,0.667,0.688,0.641,0.672,0.693,0.673,0.669,0.691,0.678,0.669,0.677,0.682,0.667,0.656,0.648
2015-06-05 14:00:00,0.671,0.673,0.674,0.686,0.658,0.676,0.694,0.678,0.677,0.687,0.673,0.673,0.682,0.682,0.673,0.667,0.655
2015-06-05 15:00:00,0.635,0.644,0.637,0.638,0.635,0.639,0.652,0.636,0.643,0.639,0.637,0.608,0.644,0.639,0.643,0.637,0.62
2015-06-05 16:00:00,0.557,0.572,0.547,0.543,0.57,0.556,0.561,0.549,0.564,0.542,0.547,0.515,0.56,0.548,0.551,0.564,0.577
2015-06-05 17:00:00,0.43,0.449,0.405,0.395,0.457,0.42,0.417,0.39,0.434,0.391,0.407,0.436,0.423,0.406,0.402,0.442,0.477
2015-06-05 18:00:00,0.258,0.276,0.25,0.199,0.294,0.229,0.221,0.199,0.252,0.193,0.221,0.294,0.236,0.214,0.242,0.271,0.317
2015-06-05 19:00:00,0.087,0.099,0.099,0.0,0.116,0.074,0.012,0.069,0.08,0.0,0.061,0.118,0.073,0.014,0.087,0.1,0.135
2015-06-05 20:00:00,0.0,0.0,0.0,0.0,0.0,0.0,0.0,0.0,0.0,0.0,0.0,0.0,0.0,0.0,0.0,0.0,0.0
2015-06-05 21:00:00,0.0,0.0,0.0,0.0,0.0,0.0,0.0,0.0,0.0,0.0,0.0,0.0,0.0,0.0,0.0,0.0,0.0
2015-06-05 22:00:00,0.0,0.0,0.0,0.0,0.0,0.0,0.0,0.0,0.0,0.0,0.0,0.0,0.0,0.0,0.0,0.0,0.0
2015-06-05 23:00:00,0.0,0.0,0.0,0.0,0.0,0.0,0.0,0.0,0.0,0.0,0.0,0.0,0.0,0.0,0.0,0.0,0.0
2015-06-06 00:00:00,0.0,0.0,0.0,0.0,0.0,0.0,0.0,0.0,0.0,0.0,0.0,0.0,0.0,0.0,0.0,0.0,0.0
2015-06-06 01:00:00,0.0,0.0,0.0,0.0,0.0,0.0,0.0,0.0,0.0,0.0,0.0,0.0,0.0,0.0,0.0,0.0,0.0
2015-06-06 02:00:00,0.0,0.0,0.0,0.0,0.0,0.0,0.0,0.0,0.0,0.0,0.0,0.0,0.0,0.0,0.0,0.0,0.0
2015-06-06 03:00:00,0.0,0.0,0.0,0.001,0.0,0.0,0.0,0.001,0.0,0.0,0.003,0.0,0.0,0.0,0.002,0.0,0.0
2015-06-06 04:00:00,0.02,0.013,0.024,0.027,0.012,0.021,0.019,0.026,0.015,0.024,0.028,0.024,0.017,0.022,0.028,0.017,0.016
2015-06-06 05:00:00,0.046,0.041,0.048,0.052,0.039,0.048,0.047,0.051,0.043,0.051,0.052,0.046,0.046,0.05,0.052,0.043,0.043
2015-06-06 06:00:00,0.067,0.063,0.069,0.072,0.059,0.07,0.069,0.073,0.065,0.071,0.07,0.072,0.069,0.073,0.07,0.064,0.064
2015-06-06 07:00:00,0.084,0.08,0.08,0.088,0.081,0.086,0.085,0.089,0.082,0.087,0.086,0.078,0.083,0.087,0.083,0.08,0.097
2015-06-06 08:00:00,0.143,0.125,0.137,0.189,0.11,0.157,0.167,0.169,0.141,0.187,0.179,0.14,0.153,0.175,0.157,0.131,0.126
2015-06-06 09:00:00,0.282,0.265,0.278,0.334,0.246,0.3,0.314,0.311,0.281,0.332,0.321,0.272,0.295,0.319,0.298,0.27,0.251
2015-06-06 10:00:00,0.412,0.399,0.411,0.462,0.372,0.43,0.448,0.441,0.413,0.46,0.449,0.405,0.428,0.449,0.428,0.402,0.37
2015-06-06 11:00:00,0.515,0.51,0.521,0.566,0.469,0.537,0.556,0.547,0.522,0.562,0.554,0.508,0.536,0.553,0.536,0.511,0.443
2015-06-06 12:00:00,0.584,0.591,0.602,0.637,0.535,0.613,0.631,0.622,0.6,0.632,0.627,0.587,0.612,0.625,0.613,0.591,0.45
2015-06-06 13:00:00,0.618,0.638,0.649,0.673,0.56,0.653,0.67,0.662,0.644,0.666,0.665,0.614,0.654,0.662,0.657,0.635,0.432
2015-06-06 14:00:00,0.616,0.648,0.658,0.668,0.566,0.654,0.67,0.662,0.65,0.66,0.664,0.576,0.65,0.66,0.661,0.629,0.436
2015-06-06 15:00:00,0.561,0.609,0.623,0.621,0.428,0.621,0.628,0.624,0.619,0.612,0.622,0.469,0.621,0.617,0.626,0.575,0.404
2015-06-06 16:00:00,0.464,0.521,0.536,0.526,0.342,0.54,0.54,0.54,0.542,0.517,0.536,0.389,0.536,0.525,0.549,0.455,0.284
2015-06-06 17:00:00,0.352,0.405,0.402,0.385,0.292,0.411,0.4,0.408,0.417,0.373,0.402,0.29,0.407,0.387,0.423,0.341,0.212
2015-06-06 18:00:00,0.201,0.223,0.218,0.195,0.149,0.234,0.211,0.229,0.241,0.182,0.221,0.2,0.226,0.205,0.254,0.2,0.141
2015-06-06 19:00:00,0.066,0.077,0.077,0.003,0.07,0.073,0.017,0.069,0.076,0.0,0.064,0.079,0.069,0.018,0.081,0.071,0.09
2015-06-06 20:00:00,0.0,0.0,0.0,0.0,0.0,0.0,0.0,0.0,0.0,0.0,0.0,0.0,0.0,0.0,0.0,0.0,0.0
2015-06-06 21:00:00,0.0,0.0,0.0,0.0,0.0,0.0,0.0,0.0,0.0,0.0,0.0,0.0,0.0,0.0,0.0,0.0,0.0
2015-06-06 22:00:00,0.0,0.0,0.0,0.0,0.0,0.0,0.0,0.0,0.0,0.0,0.0,0.0,0.0,0.0,0.0,0.0,0.0
2015-06-06 23:00:00,0.0,0.0,0.0,0.0,0.0,0.0,0.0,0.0,0.0,0.0,0.0,0.0,0.0,0.0,0.0,0.0,0.0
2015-06-07 00:00:00,0.0,0.0,0.0,0.0,0.0,0.0,0.0,0.0,0.0,0.0,0.0,0.0,0.0,0.0,0.0,0.0,0.0
2015-06-07 01:00:00,0.0,0.0,0.0,0.0,0.0,0.0,0.0,0.0,0.0,0.0,0.0,0.0,0.0,0.0,0.0,0.0,0.0
2015-06-07 02:00:00,0.0,0.0,0.0,0.0,0.0,0.0,0.0,0.0,0.0,0.0,0.0,0.0,0.0,0.0,0.0,0.0,0.0
2015-06-07 03:00:00,0.0,0.0,0.0,0.001,0.0,0.0,0.0,0.001,0.0,0.0,0.003,0.0,0.0,0.0,0.002,0.0,0.0
2015-06-07 04:00:00,0.018,0.014,0.022,0.026,0.009,0.02,0.018,0.024,0.014,0.023,0.027,0.021,0.017,0.022,0.026,0.017,0.013
2015-06-07 05:00:00,0.045,0.042,0.053,0.051,0.03,0.046,0.046,0.05,0.042,0.049,0.05,0.048,0.043,0.048,0.049,0.045,0.038
2015-06-07 06:00:00,0.068,0.064,0.077,0.07,0.054,0.067,0.067,0.068,0.064,0.07,0.068,0.066,0.064,0.068,0.074,0.071,0.072
2015-06-07 07:00:00,0.105,0.111,0.116,0.086,0.102,0.102,0.092,0.097,0.087,0.085,0.097,0.107,0.085,0.084,0.099,0.112,0.125
2015-06-07 08:00:00,0.159,0.147,0.175,0.183,0.137,0.162,0.165,0.172,0.14,0.181,0.177,0.162,0.151,0.17,0.165,0.147,0.165
2015-06-07 09:00:00,0.265,0.238,0.286,0.321,0.171,0.287,0.303,0.295,0.27,0.319,0.305,0.287,0.287,0.303,0.279,0.239,0.289
2015-06-07 10:00:00,0.369,0.367,0.36,0.443,0.241,0.394,0.399,0.411,0.401,0.444,0.414,0.408,0.414,0.43,0.393,0.327,0.407
2015-06-07 11:00:00,0.459,0.459,0.46,0.543,0.272,0.515,0.474,0.51,0.501,0.544,0.507,0.519,0.51,0.518,0.486,0.414,0.507
2015-06-07 12:00:00,0.501,0.48,0.396,0.608,0.34,0.555,0.455,0.54,0.559,0.599,0.567,0.576,0.563,0.57,0.52,0.456,0.586
2015-06-07 13:00:00,0.544,0.507,0.451,0.639,0.399,0.587,0.488,0.576,0.579,0.609,0.585,0.624,0.562,0.586,0.561,0.514,0.631
2015-06-07 14:00:00,0.545,0.538,0.529,0.603,0.459,0.594,0.501,0.532,0.62,0.576,0.549,0.624,0.532,0.572,0.536,0.505,0.628
2015-06-07 15:00:00,0.5,0.474,0.491,0.571,0.419,0.547,0.459,0.489,0.582,0.543,0.517,0.6,0.478,0.53,0.457,0.447,0.608
2015-06-07 16:00:00,0.423,0.395,0.437,0.451,0.408,0.463,0.419,0.401,0.517,0.441,0.364,0.539,0.464,0.381,0.344,0.37,0.546
2015-06-07 17:00:00,0.312,0.275,0.354,0.299,0.305,0.352,0.315,0.287,0.354,0.304,0.243,0.418,0.374,0.272,0.25,0.255,0.462
2015-06-07 18:00:00,0.183,0.171,0.201,0.133,0.199,0.167,0.152,0.143,0.218,0.147,0.111,0.29,0.186,0.139,0.165,0.145,0.309
2015-06-07 19:00:00,0.048,0.036,0.068,0.004,0.046,0.053,0.017,0.037,0.063,0.0,0.025,0.095,0.053,0.02,0.045,0.029,0.125
2015-06-07 20:00:00,0.0,0.0,0.0,0.0,0.0,0.0,0.0,0.0,0.0,0.0,0.0,0.0,0.0,0.0,0.0,0.0,0.0
2015-06-07 21:00:00,0.0,0.0,0.0,0.0,0.0,0.0,0.0,0.0,0.0,0.0,0.0,0.0,0.0,0.0,0.0,0.0,0.0
2015-06-07 22:00:00,0.0,0.0,0.0,0.0,0.0,0.0,0.0,0.0,0.0,0.0,0.0,0.0,0.0,0.0,0.0,0.0,0.0
2015-06-07 23:00:00,0.0,0.0,0.0,0.0,0.0,0.0,0.0,0.0,0.0,0.0,0.0,0.0,0.0,0.0,0.0,0.0,0.0
2015-06-08 00:00:00,0.0,0.0,0.0,0.0,0.0,0.0,0.0,0.0,0.0,0.0,0.0,0.0,0.0,0.0,0.0,0.0,0.0
2015-06-08 01:00:00,0.0,0.0,0.0,0.0,0.0,0.0,0.0,0.0,0.0,0.0,0.0,0.0,0.0,0.0,0.0,0.0,0.0
2015-06-08 02:00:00,0.0,0.0,0.0,0.0,0.0,0.0,0.0,0.0,0.0,0.0,0.0,0.0,0.0,0.0,0.0,0.0,0.0
2015-06-08 03:00:00,0.0,0.0,0.0,0.001,0.0,0.0,0.0,0.0,0.0,0.0,0.002,0.0,0.0,0.0,0.002,0.0,0.0
2015-06-08 04:00:00,0.017,0.007,0.02,0.022,0.009,0.011,0.017,0.019,0.015,0.023,0.029,0.023,0.015,0.016,0.027,0.012,0.017
2015-06-08 05:00:00,0.042,0.03,0.049,0.054,0.03,0.036,0.048,0.046,0.041,0.056,0.055,0.048,0.042,0.047,0.051,0.036,0.048
2015-06-08 06:00:00,0.07,0.062,0.073,0.079,0.056,0.066,0.08,0.074,0.067,0.081,0.075,0.068,0.074,0.083,0.069,0.068,0.075
2015-06-08 07:00:00,0.097,0.069,0.113,0.109,0.073,0.096,0.101,0.113,0.091,0.109,0.099,0.106,0.106,0.088,0.102,0.094,0.109
2015-06-08 08:00:00,0.164,0.138,0.18,0.191,0.133,0.12,0.171,0.162,0.15,0.198,0.185,0.163,0.154,0.191,0.184,0.165,0.169
2015-06-08 09:00:00,0.254,0.226,0.289,0.27,0.221,0.186,0.292,0.251,0.236,0.287,0.317,0.258,0.264,0.274,0.299,0.235,0.269
2015-06-08 10:00:00,0.335,0.271,0.399,0.359,0.311,0.245,0.327,0.363,0.283,0.372,0.444,0.356,0.287,0.333,0.409,0.295,0.368
2015-06-08 11:00:00,0.409,0.281,0.469,0.451,0.354,0.355,0.442,0.476,0.365,0.468,0.541,0.445,0.414,0.483,0.492,0.338,0.471
2015-06-08 12:00:00,0.443,0.291,0.491,0.536,0.36,0.371,0.381,0.543,0.448,0.466,0.616,0.546,0.459,0.471,0.531,0.364,0.49
2015-06-08 13:00:00,0.417,0.275,0.461,0.557,0.281,0.332,0.364,0.544,0.409,0.477,0.626,0.579,0.441,0.469,0.548,0.282,0.517
2015-06-08 14:00:00,0.413,0.216,0.575,0.514,0.252,0.348,0.407,0.534,0.332,0.52,0.599,0.562,0.419,0.517,0.508,0.288,0.532
2015-06-08 15:00:00,0.39,0.245,0.55,0.522,0.234,0.256,0.395,0.515,0.315,0.452,0.557,0.541,0.321,0.463,0.489,0.264,0.514
2015-06-08 16:00:00,0.309,0.143,0.48,0.432,0.145,0.229,0.262,0.452,0.207,0.398,0.471,0.441,0.248,0.439,0.395,0.198,0.401
2015-06-08 17:00:00,0.216,0.103,0.311,0.296,0.095,0.153,0.194,0.329,0.133,0.262,0.378,0.29,0.208,0.267,0.379,0.121,0.267
2015-06-08 18:00:00,0.108,0.026,0.167,0.118,0.028,0.075,0.097,0.163,0.026,0.13,0.21,0.182,0.084,0.144,0.228,0.056,0.133
2015-06-08 19:00:00,0.027,0.007,0.065,0.006,0.003,0.034,0.019,0.045,0.018,0.0,0.063,0.039,0.029,0.014,0.065,0.021,0.019
2015-06-08 20:00:00,0.0,0.0,0.0,0.0,0.0,0.0,0.0,0.0,0.0,0.0,0.0,0.0,0.0,0.0,0.0,0.0,0.0
2015-06-08 21:00:00,0.0,0.0,0.0,0.0,0.0,0.0,0.0,0.0,0.0,0.0,0.0,0.0,0.0,0.0,0.0,0.0,0.0
2015-06-08 22:00:00,0.0,0.0,0.0,0.0,0.0,0.0,0.0,0.0,0.0,0.0,0.0,0.0,0.0,0.0,0.0,0.0,0.0
2015-06-08 23:00:00,0.0,0.0,0.0,0.0,0.0,0.0,0.0,0.0,0.0,0.0,0.0,0.0,0.0,0.0,0.0,0.0,0.0
2015-06-09 00:00:00,0.0,0.0,0.0,0.0,0.0,0.0,0.0,0.0,0.0,0.0,0.0,0.0,0.0,0.0,0.0,0.0,0.0
2015-06-09 01:00:00,0.0,0.0,0.0,0.0,0.0,0.0,0.0,0.0,0.0,0.0,0.0,0.0,0.0,0.0,0.0,0.0,0.0
2015-06-09 02:00:00,0.0,0.0,0.0,0.0,0.0,0.0,0.0,0.0,0.0,0.0,0.0,0.0,0.0,0.0,0.0,0.0,0.0
2015-06-09 03:00:00,0.0,0.0,0.0,0.001,0.0,0.0,0.0,0.0,0.0,0.0,0.002,0.0,0.0,0.0,0.001,0.0,0.0
2015-06-09 04:00:00,0.012,0.003,0.005,0.023,0.002,0.007,0.016,0.016,0.007,0.025,0.026,0.025,0.009,0.014,0.027,0.003,0.018
2015-06-09 05:00:00,0.037,0.012,0.026,0.061,0.013,0.031,0.049,0.047,0.028,0.057,0.064,0.064,0.032,0.041,0.072,0.016,0.055
2015-06-09 06:00:00,0.066,0.028,0.059,0.096,0.03,0.062,0.078,0.084,0.058,0.09,0.092,0.118,0.05,0.082,0.12,0.032,0.092
2015-06-09 07:00:00,0.095,0.047,0.106,0.116,0.065,0.096,0.105,0.119,0.075,0.107,0.128,0.133,0.094,0.102,0.169,0.067,0.09
2015-06-09 08:00:00,0.135,0.05,0.147,0.204,0.063,0.142,0.184,0.18,0.131,0.192,0.211,0.181,0.169,0.178,0.227,0.085,0.137
2015-06-09 09:00:00,0.196,0.071,0.184,0.287,0.087,0.184,0.309,0.247,0.162,0.329,0.273,0.28,0.247,0.279,0.305,0.117,0.256
2015-06-09 10:00:00,0.247,0.089,0.222,0.377,0.102,0.22,0.427,0.347,0.168,0.438,0.393,0.315,0.321,0.351,0.349,0.149,0.333
2015-06-09 11:00:00,0.275,0.093,0.239,0.473,0.134,0.222,0.478,0.394,0.186,0.534,0.452,0.289,0.348,0.42,0.411,0.152,0.37
2015-06-09 12:00:00,0.309,0.084,0.251,0.576,0.146,0.259,0.542,0.471,0.189,0.576,0.49,0.362,0.452,0.445,0.433,0.175,0.391
2015-06-09 13:00:00,0.321,0.094,0.241,0.55,0.157,0.251,0.454,0.406,0.196,0.549,0.579,0.465,0.353,0.483,0.451,0.183,0.453
2015-06-09 14:00:00,0.281,0.076,0.192,0.446,0.166,0.223,0.357,0.356,0.202,0.444,0.507,0.443,0.311,0.375,0.348,0.166,0.422
2015-06-09 15:00:00,0.264,0.068,0.21,0.459,0.212,0.176,0.356,0.342,0.188,0.312,0.478,0.411,0.262,0.363,0.255,0.161,0.388
2015-06-09 16:00:00,0.228,0.049,0.175,0.34,0.154,0.129,0.28,0.236,0.121,0.357,0.443,0.39,0.224,0.34,0.241,0.174,0.294
2015-06-09 17:00:00,0.188,0.035,0.158,0.261,0.135,0.078,0.257,0.134,0.081,0.29,0.324,0.31,0.179,0.305,0.15,0.189,0.239
2015-06-09 18:00:00,0.12,0.016,0.173,0.129,0.072,0.064,0.116,0.078,0.025,0.14,0.142,0.246,0.118,0.161,0.084,0.115,0.211
2015-06-09 19:00:00,0.035,0.0,0.057,0.009,0.031,0.022,0.016,0.021,0.0,0.0,0.021,0.108,0.012,0.031,0.024,0.027,0.094
2015-06-09 20:00:00,0.0,0.0,0.0,0.0,0.0,0.0,0.0,0.0,0.0,0.0,0.0,0.0,0.0,0.0,0.0,0.0,0.0
2015-06-09 21:00:00,0.0,0.0,0.0,0.0,0.0,0.0,0.0,0.0,0.0,0.0,0.0,0.0,0.0,0.0,0.0,0.0,0.0
2015-06-09 22:00:00,0.0,0.0,0.0,0.0,0.0,0.0,0.0,0.0,0.0,0.0,0.0,0.0,0.0,0.0,0.0,0.0,0.0
2015-06-09 23:00:00,0.0,0.0,0.0,0.0,0.0,0.0,0.0,0.0,0.0,0.0,0.0,0.0,0.0,0.0,0.0,0.0,0.0
2015-06-10 00:00:00,0.0,0.0,0.0,0.0,0.0,0.0,0.0,0.0,0.0,0.0,0.0,0.0,0.0,0.0,0.0,0.0,0.0
2015-06-10 01:00:00,0.0,0.0,0.0,0.0,0.0,0.0,0.0,0.0,0.0,0.0,0.0,0.0,0.0,0.0,0.0,0.0,0.0
2015-06-10 02:00:00,0.0,0.0,0.0,0.0,0.0,0.0,0.0,0.0,0.0,0.0,0.0,0.0,0.0,0.0,0.0,0.0,0.0
2015-06-10 03:00:00,0.0,0.0,0.0,0.0,0.0,0.0,0.0,0.0,0.0,0.0,0.003,0.0,0.0,0.0,0.002,0.0,0.0
2015-06-10 04:00:00,0.017,0.01,0.023,0.02,0.013,0.005,0.013,0.017,0.004,0.017,0.034,0.023,0.006,0.012,0.028,0.015,0.017
2015-06-10 05:00:00,0.046,0.045,0.052,0.058,0.042,0.024,0.052,0.049,0.033,0.046,0.072,0.047,0.032,0.036,0.053,0.044,0.044
2015-06-10 06:00:00,0.075,0.089,0.071,0.09,0.065,0.061,0.091,0.085,0.07,0.092,0.102,0.066,0.064,0.092,0.073,0.072,0.067
2015-06-10 07:00:00,0.103,0.105,0.094,0.13,0.09,0.087,0.141,0.139,0.096,0.136,0.161,0.081,0.119,0.127,0.107,0.09,0.082
2015-06-10 08:00:00,0.156,0.175,0.152,0.203,0.135,0.124,0.209,0.194,0.14,0.211,0.201,0.137,0.169,0.185,0.176,0.136,0.119
2015-06-10 09:00:00,0.271,0.276,0.291,0.317,0.269,0.185,0.299,0.265,0.259,0.313,0.301,0.283,0.241,0.272,0.31,0.253,0.26
2015-06-10 10:00:00,0.372,0.371,0.395,0.415,0.378,0.271,0.379,0.324,0.371,0.42,0.409,0.416,0.346,0.349,0.368,0.357,0.387
2015-06-10 11:00:00,0.438,0.404,0.406,0.478,0.455,0.37,0.418,0.383,0.412,0.52,0.413,0.497,0.415,0.441,0.378,0.446,0.488
2015-06-10 12:00:00,0.468,0.391,0.443,0.508,0.534,0.384,0.402,0.41,0.415,0.55,0.415,0.566,0.425,0.483,0.343,0.484,0.541
2015-06-10 13:00:00,0.464,0.392,0.441,0.461,0.448,0.444,0.353,0.404,0.33,0.485,0.384,0.561,0.358,0.495,0.346,0.535,0.544
2015-06-10 14:00:00,0.435,0.382,0.4,0.415,0.523,0.395,0.216,0.32,0.276,0.376,0.318,0.559,0.254,0.39,0.33,0.492,0.564
2015-06-10 15:00:00,0.37,0.29,0.384,0.31,0.39,0.198,0.162,0.226,0.188,0.347,0.282,0.62,0.182,0.208,0.36,0.42,0.53
2015-06-10 16:00:00,0.324,0.205,0.382,0.271,0.319,0.119,0.152,0.141,0.153,0.251,0.25,0.59,0.139,0.14,0.315,0.39,0.496
2015-06-10 17:00:00,0.271,0.142,0.39,0.177,0.327,0.08,0.092,0.11,0.087,0.137,0.192,0.491,0.084,0.061,0.323,0.296,0.471
2015-06-10 18:00:00,0.178,0.089,0.269,0.064,0.229,0.036,0.048,0.061,0.025,0.075,0.121,0.323,0.036,0.019,0.224,0.204,0.332
2015-06-10 19:00:00,0.069,0.027,0.104,0.002,0.109,0.011,0.023,0.026,0.006,0.0,0.043,0.125,0.011,0.011,0.089,0.074,0.15
2015-06-10 20:00:00,0.0,0.0,0.0,0.0,0.0,0.0,0.0,0.0,0.0,0.0,0.0,0.0,0.0,0.0,0.0,0.0,0.0
2015-06-10 21:00:00,0.0,0.0,0.0,0.0,0.0,0.0,0.0,0.0,0.0,0.0,0.0,0.0,0.0,0.0,0.0,0.0,0.0
2015-06-10 22:00:00,0.0,0.0,0.0,0.0,0.0,0.0,0.0,0.0,0.0,0.0,0.0,0.0,0.0,0.0,0.0,0.0,0.0
2015-06-10 23:00:00,0.0,0.0,0.0,0.0,0.0,0.0,0.0,0.0,0.0,0.0,0.0,0.0,0.0,0.0,0.0,0.0,0.0
2015-06-11 00:00:00,0.0,0.0,0.0,0.0,0.0,0.0,0.0,0.0,0.0,0.0,0.0,0.0,0.0,0.0,0.0,0.0,0.0
2015-06-11 01:00:00,0.0,0.0,0.0,0.0,0.0,0.0,0.0,0.0,0.0,0.0,0.0,0.0,0.0,0.0,0.0,0.0,0.0
2015-06-11 02:00:00,0.0,0.0,0.0,0.0,0.0,0.0,0.0,0.0,0.0,0.0,0.0,0.0,0.0,0.0,0.0,0.0,0.0
2015-06-11 03:00:00,0.0,0.0,0.0,0.0,0.0,0.0,0.0,0.001,0.0,0.0,0.004,0.001,0.0,0.0,0.003,0.0,0.0
2015-06-11 04:00:00,0.019,0.012,0.022,0.019,0.014,0.014,0.015,0.026,0.012,0.016,0.04,0.025,0.01,0.014,0.035,0.016,0.018
2015-06-11 05:00:00,0.049,0.043,0.052,0.045,0.042,0.051,0.046,0.056,0.045,0.045,0.069,0.051,0.044,0.046,0.059,0.049,0.044
2015-06-11 06:00:00,0.075,0.074,0.069,0.092,0.067,0.086,0.096,0.078,0.082,0.077,0.089,0.066,0.087,0.08,0.07,0.075,0.063
2015-06-11 07:00:00,0.091,0.09,0.085,0.142,0.082,0.091,0.097,0.092,0.097,0.114,0.094,0.079,0.1,0.134,0.082,0.088,0.078
2015-06-11 08:00:00,0.151,0.136,0.147,0.213,0.112,0.169,0.178,0.173,0.153,0.197,0.185,0.139,0.168,0.21,0.163,0.141,0.116
2015-06-11 09:00:00,0.285,0.262,0.291,0.323,0.259,0.3,0.28,0.312,0.254,0.289,0.327,0.282,0.276,0.303,0.308,0.28,0.261
2015-06-11 10:00:00,0.401,0.375,0.43,0.408,0.394,0.35,0.338,0.426,0.326,0.414,0.456,0.411,0.284,0.373,0.442,0.403,0.399
2015-06-11 11:00:00,0.484,0.448,0.547,0.434,0.491,0.409,0.335,0.532,0.289,0.379,0.561,0.509,0.278,0.376,0.552,0.508,0.513
2015-06-11 12:00:00,0.54,0.411,0.63,0.457,0.546,0.434,0.332,0.6,0.317,0.31,0.621,0.594,0.276,0.393,0.633,0.598,0.597
2015-06-11 13:00:00,0.588,0.445,0.678,0.545,0.6,0.509,0.335,0.661,0.241,0.419,0.679,0.631,0.273,0.501,0.673,0.643,0.651
2015-06-11 14:00:00,0.604,0.4,0.689,0.602,0.661,0.542,0.341,0.666,0.214,0.442,0.675,0.65,0.33,0.576,0.663,0.651,0.676
2015-06-11 15:00:00,0.584,0.396,0.656,0.558,0.6,0.597,0.296,0.632,0.205,0.525,0.63,0.627,0.284,0.557,0.622,0.644,0.652
2015-06-11 16:00:00,0.528,0.336,0.585,0.535,0.523,0.539,0.401,0.555,0.186,0.507,0.551,0.568,0.321,0.532,0.568,0.57,0.603
2015-06-11 17:00:00,0.413,0.277,0.463,0.395,0.448,0.4,0.271,0.425,0.133,0.378,0.418,0.457,0.192,0.384,0.439,0.443,0.49
2015-06-11 18:00:00,0.249,0.144,0.292,0.207,0.248,0.239,0.151,0.245,0.105,0.194,0.235,0.3,0.149,0.206,0.262,0.275,0.332
2015-06-11 19:00:00,0.09,0.058,0.111,0.03,0.11,0.073,0.037,0.078,0.057,0.003,0.073,0.123,0.04,0.061,0.093,0.101,0.144
2015-06-11 20:00:00,0.0,0.0,0.0,0.0,0.0,0.0,0.0,0.0,0.0,0.0,0.0,0.0,0.0,0.0,0.0,0.0,0.0
2015-06-11 21:00:00,0.0,0.0,0.0,0.0,0.0,0.0,0.0,0.0,0.0,0.0,0.0,0.0,0.0,0.0,0.0,0.0,0.0
2015-06-11 22:00:00,0.0,0.0,0.0,0.0,0.0,0.0,0.0,0.0,0.0,0.0,0.0,0.0,0.0,0.0,0.0,0.0,0.0
2015-06-11 23:00:00,0.0,0.0,0.0,0.0,0.0,0.0,0.0,0.0,0.0,0.0,0.0,0.0,0.0,0.0,0.0,0.0,0.0
2015-06-12 00:00:00,0.0,0.0,0.0,0.0,0.0,0.0,0.0,0.0,0.0,0.0,0.0,0.0,0.0,0.0,0.0,0.0,0.0
2015-06-12 01:00:00,0.0,0.0,0.0,0.0,0.0,0.0,0.0,0.0,0.0,0.0,0.0,0.0,0.0,0.0,0.0,0.0,0.0
2015-06-12 02:00:00,0.0,0.0,0.0,0.0,0.0,0.0,0.0,0.0,0.0,0.0,0.0,0.0,0.0,0.0,0.0,0.0,0.0
2015-06-12 03:00:00,0.0,0.0,0.0,0.001,0.0,0.0,0.0,0.001,0.0,0.0,0.003,0.0,0.0,0.0,0.002,0.0,0.0
2015-06-12 04:00:00,0.019,0.011,0.02,0.027,0.01,0.02,0.017,0.025,0.015,0.023,0.029,0.023,0.015,0.021,0.027,0.016,0.018
2015-06-12 05:00:00,0.045,0.037,0.045,0.051,0.037,0.048,0.046,0.049,0.042,0.051,0.052,0.046,0.045,0.05,0.05,0.045,0.043
2015-06-12 06:00:00,0.069,0.061,0.077,0.072,0.072,0.067,0.073,0.068,0.068,0.071,0.07,0.064,0.066,0.071,0.068,0.071,0.067
2015-06-12 07:00:00,0.094,0.085,0.113,0.087,0.094,0.088,0.101,0.084,0.081,0.088,0.084,0.1,0.087,0.088,0.082,0.101,0.098
2015-06-12 08:00:00,0.155,0.133,0.167,0.188,0.148,0.16,0.164,0.167,0.141,0.187,0.179,0.148,0.149,0.173,0.16,0.144,0.145
2015-06-12 09:00:00,0.278,0.258,0.26,0.33,0.256,0.29,0.286,0.306,0.268,0.32,0.321,0.274,0.282,0.307,0.3,0.264,0.256
2015-06-12 10:00:00,0.384,0.322,0.369,0.456,0.338,0.408,0.404,0.43,0.358,0.444,0.448,0.392,0.368,0.432,0.422,0.355,0.383
2015-06-12 11:00:00,0.484,0.428,0.474,0.558,0.431,0.51,0.482,0.533,0.474,0.541,0.552,0.479,0.49,0.532,0.526,0.451,0.496
2015-06-12 12:00:00,0.537,0.47,0.416,0.628,0.477,0.548,0.552,0.604,0.515,0.588,0.625,0.509,0.537,0.589,0.6,0.515,0.579
2015-06-12 13:00:00,0.509,0.409,0.331,0.662,0.439,0.57,0.548,0.621,0.525,0.608,0.663,0.412,0.577,0.612,0.598,0.443,0.578
2015-06-12 14:00:00,0.489,0.37,0.372,0.654,0.46,0.525,0.538,0.553,0.513,0.591,0.659,0.351,0.567,0.584,0.514,0.425,0.591
2015-06-12 15:00:00,0.4,0.223,0.221,0.606,0.36,0.46,0.485,0.484,0.396,0.524,0.617,0.31,0.504,0.531,0.446,0.286,0.567
2015-06-12 16:00:00,0.32,0.125,0.137,0.513,0.289,0.394,0.371,0.422,0.311,0.455,0.53,0.295,0.356,0.462,0.373,0.201,0.47
2015-06-12 17:00:00,0.225,0.082,0.073,0.358,0.244,0.212,0.264,0.326,0.138,0.301,0.4,0.163,0.23,0.258,0.321,0.139,0.346
2015-06-12 18:00:00,0.12,0.124,0.031,0.181,0.198,0.048,0.144,0.133,0.052,0.14,0.208,0.055,0.098,0.125,0.127,0.072,0.206
2015-06-12 19:00:00,0.047,0.07,0.016,0.024,0.103,0.004,0.044,0.011,0.042,0.002,0.058,0.015,0.037,0.031,0.043,0.046,0.087
2015-06-12 20:00:00,0.0,0.0,0.0,0.0,0.0,0.0,0.0,0.0,0.0,0.0,0.0,0.0,0.0,0.0,0.0,0.0,0.0
2015-06-12 21:00:00,0.0,0.0,0.0,0.0,0.0,0.0,0.0,0.0,0.0,0.0,0.0,0.0,0.0,0.0,0.0,0.0,0.0
2015-06-12 22:00:00,0.0,0.0,0.0,0.0,0.0,0.0,0.0,0.0,0.0,0.0,0.0,0.0,0.0,0.0,0.0,0.0,0.0
2015-06-12 23:00:00,0.0,0.0,0.0,0.0,0.0,0.0,0.0,0.0,0.0,0.0,0.0,0.0,0.0,0.0,0.0,0.0,0.0
2015-06-13 00:00:00,0.0,0.0,0.0,0.0,0.0,0.0,0.0,0.0,0.0,0.0,0.0,0.0,0.0,0.0,0.0,0.0,0.0
2015-06-13 01:00:00,0.0,0.0,0.0,0.0,0.0,0.0,0.0,0.0,0.0,0.0,0.0,0.0,0.0,0.0,0.0,0.0,0.0
2015-06-13 02:00:00,0.0,0.0,0.0,0.0,0.0,0.0,0.0,0.0,0.0,0.0,0.0,0.0,0.0,0.0,0.0,0.0,0.0
2015-06-13 03:00:00,0.0,0.0,0.0,0.001,0.0,0.0,0.0,0.001,0.0,0.0,0.002,0.0,0.0,0.0,0.001,0.0,0.0
2015-06-13 04:00:00,0.019,0.014,0.021,0.025,0.013,0.02,0.019,0.022,0.015,0.022,0.025,0.023,0.017,0.022,0.021,0.016,0.017
2015-06-13 05:00:00,0.05,0.045,0.054,0.054,0.046,0.048,0.046,0.051,0.045,0.048,0.047,0.048,0.047,0.048,0.053,0.054,0.044
2015-06-13 06:00:00,0.093,0.097,0.113,0.077,0.113,0.081,0.065,0.092,0.072,0.069,0.092,0.067,0.063,0.073,0.086,0.113,0.073
2015-06-13 07:00:00,0.132,0.141,0.163,0.086,0.147,0.109,0.111,0.112,0.097,0.096,0.106,0.125,0.09,0.113,0.124,0.167,0.115
2015-06-13 08:00:00,0.169,0.161,0.174,0.174,0.145,0.18,0.176,0.182,0.148,0.179,0.188,0.149,0.155,0.177,0.198,0.187,0.118
2015-06-13 09:00:00,0.277,0.267,0.29,0.284,0.248,0.295,0.305,0.298,0.275,0.308,0.296,0.275,0.284,0.285,0.273,0.28,0.248
2015-06-13 10:00:00,0.399,0.387,0.414,0.398,0.379,0.415,0.402,0.413,0.398,0.429,0.402,0.407,0.411,0.4,0.387,0.405,0.381
2015-06-13 11:00:00,0.502,0.487,0.523,0.498,0.491,0.521,0.495,0.51,0.495,0.507,0.492,0.521,0.511,0.492,0.455,0.516,0.497
2015-06-13 12:00:00,0.58,0.567,0.606,0.519,0.574,0.598,0.583,0.583,0.572,0.52,0.573,0.606,0.586,0.558,0.562,0.598,0.585
2015-06-13 13:00:00,0.62,0.612,0.655,0.571,0.621,0.624,0.567,0.625,0.59,0.531,0.604,0.659,0.593,0.583,0.586,0.646,0.629
2015-06-13 14:00:00,0.619,0.575,0.665,0.53,0.606,0.619,0.579,0.623,0.57,0.502,0.606,0.673,0.579,0.541,0.612,0.657,0.645
2015-06-13 15:00:00,0.574,0.551,0.636,0.471,0.513,0.584,0.505,0.592,0.549,0.374,0.582,0.648,0.498,0.488,0.573,0.62,0.609
2015-06-13 16:00:00,0.481,0.393,0.565,0.424,0.335,0.497,0.381,0.514,0.484,0.318,0.516,0.576,0.398,0.392,0.523,0.54,0.502
2015-06-13 17:00:00,0.336,0.201,0.437,0.253,0.163,0.377,0.295,0.388,0.3,0.264,0.398,0.456,0.281,0.31,0.424,0.376,0.328
2015-06-13 18:00:00,0.183,0.072,0.26,0.146,0.062,0.212,0.163,0.222,0.142,0.146,0.227,0.294,0.14,0.166,0.26,0.197,0.175
2015-06-13 19:00:00,0.029,0.006,0.03,0.023,0.009,0.018,0.04,0.058,0.005,0.005,0.069,0.085,0.014,0.035,0.089,0.006,0.02
2015-06-13 20:00:00,0.0,0.0,0.0,0.0,0.0,0.0,0.0,0.0,0.0,0.0,0.0,0.0,0.0,0.0,0.0,0.0,0.0
2015-06-13 21:00:00,0.0,0.0,0.0,0.0,0.0,0.0,0.0,0.0,0.0,0.0,0.0,0.0,0.0,0.0,0.0,0.0,0.0
2015-06-13 22:00:00,0.0,0.0,0.0,0.0,0.0,0.0,0.0,0.0,0.0,0.0,0.0,0.0,0.0,0.0,0.0,0.0,0.0
2015-06-13 23:00:00,0.0,0.0,0.0,0.0,0.0,0.0,0.0,0.0,0.0,0.0,0.0,0.0,0.0,0.0,0.0,0.0,0.0
2015-06-14 00:00:00,0.0,0.0,0.0,0.0,0.0,0.0,0.0,0.0,0.0,0.0,0.0,0.0,0.0,0.0,0.0,0.0,0.0
2015-06-14 01:00:00,0.0,0.0,0.0,0.0,0.0,0.0,0.0,0.0,0.0,0.0,0.0,0.0,0.0,0.0,0.0,0.0,0.0
2015-06-14 02:00:00,0.0,0.0,0.0,0.0,0.0,0.0,0.0,0.0,0.0,0.0,0.0,0.0,0.0,0.0,0.0,0.0,0.0
2015-06-14 03:00:00,0.001,0.0,0.0,0.001,0.0,0.0,0.0,0.001,0.0,0.0,0.004,0.0,0.0,0.0,0.003,0.0,0.0
2015-06-14 04:00:00,0.017,0.01,0.017,0.027,0.01,0.02,0.017,0.025,0.014,0.022,0.036,0.009,0.017,0.021,0.03,0.012,0.012
2015-06-14 05:00:00,0.043,0.044,0.034,0.051,0.042,0.05,0.045,0.054,0.048,0.046,0.064,0.029,0.046,0.047,0.06,0.032,0.044
2015-06-14 06:00:00,0.07,0.074,0.065,0.069,0.065,0.086,0.072,0.074,0.084,0.074,0.077,0.071,0.07,0.072,0.085,0.061,0.073
2015-06-14 07:00:00,0.108,0.101,0.1,0.095,0.093,0.12,0.095,0.123,0.105,0.09,0.095,0.113,0.107,0.117,0.124,0.12,0.098
2015-06-14 08:00:00,0.158,0.149,0.146,0.19,0.126,0.178,0.174,0.186,0.159,0.199,0.177,0.162,0.171,0.178,0.159,0.151,0.142
2015-06-14 09:00:00,0.267,0.273,0.276,0.298,0.254,0.273,0.307,0.272,0.253,0.316,0.297,0.251,0.268,0.296,0.24,0.275,0.224
2015-06-14 10:00:00,0.359,0.378,0.371,0.421,0.345,0.379,0.417,0.369,0.378,0.427,0.349,0.329,0.37,0.388,0.33,0.378,0.257
2015-06-14 11:00:00,0.43,0.472,0.475,0.471,0.453,0.489,0.513,0.436,0.48,0.5,0.305,0.387,0.47,0.481,0.355,0.471,0.268
2015-06-14 12:00:00,0.472,0.5,0.503,0.503,0.506,0.558,0.563,0.502,0.548,0.547,0.369,0.42,0.53,0.52,0.439,0.506,0.261
2015-06-14 13:00:00,0.52,0.56,0.573,0.523,0.547,0.612,0.593,0.523,0.546,0.601,0.48,0.382,0.609,0.6,0.505,0.589,0.251
2015-06-14 14:00:00,0.511,0.537,0.575,0.525,0.543,0.624,0.594,0.528,0.565,0.561,0.455,0.385,0.597,0.57,0.474,0.581,0.239
2015-06-14 15:00:00,0.467,0.489,0.493,0.421,0.505,0.594,0.446,0.551,0.437,0.511,0.404,0.371,0.498,0.545,0.485,0.518,0.247
2015-06-14 16:00:00,0.411,0.422,0.374,0.407,0.44,0.541,0.343,0.475,0.333,0.368,0.402,0.302,0.415,0.465,0.408,0.458,0.3
2015-06-14 17:00:00,0.31,0.32,0.352,0.281,0.342,0.392,0.209,0.358,0.2,0.192,0.319,0.272,0.252,0.327,0.25,0.343,0.277
2015-06-14 18:00:00,0.179,0.161,0.206,0.15,0.209,0.205,0.088,0.209,0.066,0.085,0.181,0.18,0.086,0.165,0.157,0.2,0.193
2015-06-14 19:00:00,0.052,0.025,0.073,0.029,0.04,0.064,0.031,0.067,0.012,0.004,0.054,0.066,0.029,0.045,0.053,0.057,0.082
2015-06-14 20:00:00,0.0,0.0,0.0,0.0,0.0,0.0,0.0,0.0,0.0,0.0,0.0,0.0,0.0,0.0,0.0,0.0,0.0
2015-06-14 21:00:00,0.0,0.0,0.0,0.0,0.0,0.0,0.0,0.0,0.0,0.0,0.0,0.0,0.0,0.0,0.0,0.0,0.0
2015-06-14 22:00:00,0.0,0.0,0.0,0.0,0.0,0.0,0.0,0.0,0.0,0.0,0.0,0.0,0.0,0.0,0.0,0.0,0.0
2015-06-14 23:00:00,0.0,0.0,0.0,0.0,0.0,0.0,0.0,0.0,0.0,0.0,0.0,0.0,0.0,0.0,0.0,0.0,0.0
2015-06-15 00:00:00,0.0,0.0,0.0,0.0,0.0,0.0,0.0,0.0,0.0,0.0,0.0,0.0,0.0,0.0,0.0,0.0,0.0
2015-06-15 01:00:00,0.0,0.0,0.0,0.0,0.0,0.0,0.0,0.0,0.0,0.0,0.0,0.0,0.0,0.0,0.0,0.0,0.0
2015-06-15 02:00:00,0.0,0.0,0.0,0.0,0.0,0.0,0.0,0.0,0.0,0.0,0.0,0.0,0.0,0.0,0.0,0.0,0.0
2015-06-15 03:00:00,0.0,0.0,0.0,0.001,0.0,0.0,0.0,0.001,0.0,0.0,0.003,0.0,0.0,0.0,0.002,0.0,0.0
2015-06-15 04:00:00,0.017,0.007,0.021,0.027,0.01,0.015,0.013,0.028,0.008,0.026,0.029,0.022,0.01,0.02,0.025,0.013,0.015
2015-06-15 05:00:00,0.045,0.02,0.047,0.063,0.04,0.037,0.056,0.066,0.023,0.056,0.066,0.049,0.04,0.054,0.056,0.035,0.049
2015-06-15 06:00:00,0.075,0.034,0.077,0.098,0.074,0.061,0.095,0.092,0.034,0.081,0.098,0.083,0.085,0.081,0.077,0.07,0.085
2015-06-15 07:00:00,0.116,0.076,0.118,0.146,0.109,0.107,0.148,0.13,0.041,0.146,0.139,0.121,0.121,0.147,0.111,0.104,0.141
2015-06-15 08:00:00,0.161,0.119,0.174,0.196,0.166,0.096,0.178,0.151,0.08,0.189,0.212,0.164,0.15,0.208,0.189,0.146,0.181
2015-06-15 09:00:00,0.25,0.194,0.292,0.206,0.251,0.137,0.214,0.183,0.101,0.241,0.283,0.293,0.214,0.212,0.303,0.274,0.295
2015-06-15 10:00:00,0.338,0.313,0.422,0.247,0.362,0.198,0.2,0.275,0.213,0.314,0.274,0.41,0.195,0.282,0.426,0.372,0.38
2015-06-15 11:00:00,0.424,0.365,0.524,0.306,0.474,0.296,0.221,0.353,0.273,0.292,0.333,0.524,0.247,0.285,0.545,0.471,0.485
2015-06-15 12:00:00,0.47,0.412,0.589,0.325,0.547,0.383,0.2,0.401,0.387,0.273,0.325,0.589,0.334,0.3,0.607,0.509,0.519
2015-06-15 13:00:00,0.495,0.419,0.625,0.327,0.584,0.437,0.286,0.429,0.349,0.287,0.354,0.618,0.295,0.289,0.678,0.547,0.492
2015-06-15 14:00:00,0.499,0.412,0.663,0.208,0.594,0.515,0.251,0.515,0.258,0.266,0.402,0.602,0.291,0.258,0.682,0.576,0.449
2015-06-15 15:00:00,0.495,0.496,0.645,0.136,0.624,0.455,0.242,0.523,0.321,0.217,0.506,0.537,0.318,0.229,0.662,0.578,0.397
2015-06-15 16:00:00,0.429,0.46,0.564,0.096,0.564,0.353,0.107,0.433,0.339,0.125,0.506,0.421,0.182,0.159,0.578,0.533,0.309
2015-06-15 17:00:00,0.328,0.372,0.436,0.072,0.46,0.275,0.051,0.303,0.32,0.032,0.369,0.298,0.112,0.083,0.46,0.429,0.184
2015-06-15 18:00:00,0.199,0.233,0.276,0.03,0.285,0.147,0.01,0.153,0.177,0.007,0.198,0.195,0.043,0.021,0.278,0.274,0.127
2015-06-15 19:00:00,0.078,0.062,0.101,0.002,0.132,0.057,0.001,0.056,0.018,0.0,0.059,0.122,0.026,0.005,0.102,0.092,0.096
2015-06-15 20:00:00,0.0,0.0,0.0,0.0,0.0,0.0,0.0,0.0,0.0,0.0,0.0,0.0,0.0,0.0,0.0,0.0,0.0
2015-06-15 21:00:00,0.0,0.0,0.0,0.0,0.0,0.0,0.0,0.0,0.0,0.0,0.0,0.0,0.0,0.0,0.0,0.0,0.0
2015-06-15 22:00:00,0.0,0.0,0.0,0.0,0.0,0.0,0.0,0.0,0.0,0.0,0.0,0.0,0.0,0.0,0.0,0.0,0.0
2015-06-15 23:00:00,0.0,0.0,0.0,0.0,0.0,0.0,0.0,0.0,0.0,0.0,0.0,0.0,0.0,0.0,0.0,0.0,0.0
2015-06-16 00:00:00,0.0,0.0,0.0,0.0,0.0,0.0,0.0,0.0,0.0,0.0,0.0,0.0,0.0,0.0,0.0,0.0,0.0
2015-06-16 01:00:00,0.0,0.0,0.0,0.0,0.0,0.0,0.0,0.0,0.0,0.0,0.0,0.0,0.0,0.0,0.0,0.0,0.0
2015-06-16 02:00:00,0.0,0.0,0.0,0.0,0.0,0.0,0.0,0.0,0.0,0.0,0.0,0.0,0.0,0.0,0.0,0.0,0.0
2015-06-16 03:00:00,0.001,0.0,0.0,0.001,0.0,0.0,0.0,0.001,0.0,0.0,0.004,0.001,0.0,0.0,0.003,0.0,0.0
2015-06-16 04:00:00,0.021,0.015,0.025,0.025,0.016,0.023,0.009,0.027,0.015,0.004,0.031,0.026,0.017,0.018,0.029,0.02,0.019
2015-06-16 05:00:00,0.052,0.046,0.058,0.054,0.048,0.051,0.035,0.055,0.052,0.018,0.057,0.055,0.05,0.048,0.063,0.051,0.055
2015-06-16 06:00:00,0.082,0.071,0.102,0.082,0.082,0.073,0.083,0.077,0.071,0.06,0.086,0.083,0.075,0.078,0.081,0.078,0.102
2015-06-16 07:00:00,0.112,0.089,0.138,0.104,0.116,0.098,0.094,0.118,0.091,0.103,0.136,0.104,0.106,0.101,0.11,0.121,0.106
2015-06-16 08:00:00,0.186,0.149,0.209,0.202,0.161,0.191,0.181,0.206,0.16,0.184,0.212,0.182,0.172,0.189,0.178,0.193,0.187
2015-06-16 09:00:00,0.26,0.272,0.194,0.343,0.246,0.266,0.235,0.309,0.31,0.241,0.328,0.24,0.312,0.323,0.294,0.23,0.226
2015-06-16 10:00:00,0.34,0.375,0.246,0.474,0.293,0.385,0.353,0.401,0.408,0.382,0.45,0.323,0.429,0.462,0.361,0.298,0.244
2015-06-16 11:00:00,0.376,0.42,0.26,0.574,0.304,0.456,0.408,0.433,0.471,0.522,0.53,0.313,0.525,0.556,0.381,0.307,0.286
2015-06-16 12:00:00,0.392,0.43,0.24,0.64,0.297,0.531,0.412,0.509,0.493,0.622,0.574,0.32,0.562,0.635,0.381,0.279,0.327
2015-06-16 13:00:00,0.419,0.42,0.183,0.7,0.301,0.594,0.516,0.539,0.521,0.644,0.609,0.325,0.65,0.689,0.366,0.344,0.332
2015-06-16 14:00:00,0.366,0.376,0.164,0.694,0.209,0.616,0.472,0.518,0.51,0.628,0.63,0.32,0.618,0.654,0.321,0.251,0.21
2015-06-16 15:00:00,0.338,0.287,0.144,0.63,0.138,0.603,0.512,0.568,0.501,0.618,0.581,0.31,0.628,0.621,0.263,0.247,0.163
2015-06-16 16:00:00,0.267,0.202,0.114,0.55,0.083,0.459,0.487,0.46,0.419,0.533,0.493,0.245,0.501,0.558,0.253,0.166,0.104
2015-06-16 17:00:00,0.185,0.142,0.066,0.406,0.06,0.335,0.406,0.358,0.295,0.39,0.376,0.143,0.396,0.409,0.2,0.073,0.081
2015-06-16 18:00:00,0.104,0.092,0.032,0.224,0.035,0.178,0.234,0.207,0.141,0.191,0.192,0.049,0.235,0.231,0.143,0.045,0.047
2015-06-16 19:00:00,0.029,0.027,0.019,0.047,0.009,0.049,0.053,0.05,0.033,0.013,0.05,0.028,0.05,0.071,0.031,0.016,0.028
2015-06-16 20:00:00,0.0,0.0,0.0,0.0,0.0,0.0,0.0,0.0,0.0,0.0,0.0,0.0,0.0,0.0,0.0,0.0,0.0
2015-06-16 21:00:00,0.0,0.0,0.0,0.0,0.0,0.0,0.0,0.0,0.0,0.0,0.0,0.0,0.0,0.0,0.0,0.0,0.0
2015-06-16 22:00:00,0.0,0.0,0.0,0.0,0.0,0.0,0.0,0.0,0.0,0.0,0.0,0.0,0.0,0.0,0.0,0.0,0.0
2015-06-16 23:00:00,0.0,0.0,0.0,0.0,0.0,0.0,0.0,0.0,0.0,0.0,0.0,0.0,0.0,0.0,0.0,0.0,0.0
2015-06-17 00:00:00,0.0,0.0,0.0,0.0,0.0,0.0,0.0,0.0,0.0,0.0,0.0,0.0,0.0,0.0,0.0,0.0,0.0
2015-06-17 01:00:00,0.0,0.0,0.0,0.0,0.0,0.0,0.0,0.0,0.0,0.0,0.0,0.0,0.0,0.0,0.0,0.0,0.0
2015-06-17 02:00:00,0.0,0.0,0.0,0.0,0.0,0.0,0.0,0.0,0.0,0.0,0.0,0.0,0.0,0.0,0.0,0.0,0.0
2015-06-17 03:00:00,0.0,0.0,0.0,0.001,0.0,0.0,0.0,0.001,0.0,0.0,0.003,0.001,0.0,0.0,0.002,0.0,0.0
2015-06-17 04:00:00,0.02,0.012,0.022,0.029,0.012,0.019,0.019,0.024,0.012,0.029,0.032,0.024,0.015,0.023,0.027,0.018,0.018
2015-06-17 05:00:00,0.05,0.045,0.049,0.059,0.044,0.048,0.056,0.052,0.044,0.07,0.063,0.049,0.05,0.055,0.052,0.048,0.049
2015-06-17 06:00:00,0.079,0.084,0.074,0.085,0.081,0.082,0.088,0.085,0.084,0.098,0.095,0.071,0.081,0.08,0.078,0.073,0.074
2015-06-17 07:00:00,0.105,0.099,0.106,0.098,0.088,0.108,0.108,0.113,0.095,0.106,0.103,0.097,0.097,0.133,0.115,0.104,0.119
2015-06-17 08:00:00,0.188,0.19,0.169,0.198,0.193,0.174,0.199,0.201,0.142,0.207,0.198,0.187,0.164,0.196,0.201,0.186,0.186
2015-06-17 09:00:00,0.282,0.281,0.278,0.342,0.273,0.266,0.267,0.294,0.248,0.341,0.311,0.267,0.251,0.311,0.267,0.283,0.264
2015-06-17 10:00:00,0.35,0.35,0.33,0.419,0.342,0.33,0.311,0.36,0.331,0.377,0.372,0.361,0.293,0.339,0.361,0.351,0.323
2015-06-17 11:00:00,0.41,0.429,0.352,0.319,0.455,0.405,0.364,0.366,0.462,0.367,0.399,0.418,0.396,0.334,0.384,0.44,0.444
2015-06-17 12:00:00,0.447,0.473,0.302,0.346,0.57,0.396,0.343,0.413,0.453,0.321,0.514,0.408,0.347,0.327,0.426,0.477,0.536
2015-06-17 13:00:00,0.454,0.511,0.32,0.26,0.657,0.483,0.301,0.402,0.327,0.372,0.513,0.397,0.266,0.227,0.357,0.506,0.561
2015-06-17 14:00:00,0.463,0.498,0.328,0.302,0.629,0.477,0.338,0.392,0.303,0.362,0.486,0.452,0.29,0.26,0.355,0.517,0.606
2015-06-17 15:00:00,0.409,0.351,0.288,0.265,0.578,0.328,0.264,0.305,0.302,0.256,0.434,0.412,0.295,0.256,0.284,0.474,0.617
2015-06-17 16:00:00,0.368,0.333,0.317,0.254,0.523,0.261,0.177,0.275,0.26,0.208,0.34,0.411,0.258,0.263,0.269,0.429,0.503
2015-06-17 17:00:00,0.279,0.278,0.2,0.221,0.438,0.168,0.144,0.257,0.147,0.173,0.313,0.336,0.197,0.195,0.261,0.306,0.285
2015-06-17 18:00:00,0.161,0.23,0.16,0.112,0.208,0.111,0.13,0.142,0.144,0.075,0.164,0.171,0.137,0.1,0.165,0.21,0.057
2015-06-17 19:00:00,0.047,0.087,0.068,0.023,0.041,0.054,0.026,0.044,0.076,0.003,0.039,0.024,0.053,0.028,0.023,0.072,0.01
2015-06-17 20:00:00,0.0,0.0,0.0,0.0,0.0,0.0,0.0,0.0,0.0,0.0,0.0,0.0,0.0,0.0,0.0,0.0,0.0
2015-06-17 21:00:00,0.0,0.0,0.0,0.0,0.0,0.0,0.0,0.0,0.0,0.0,0.0,0.0,0.0,0.0,0.0,0.0,0.0
2015-06-17 22:00:00,0.0,0.0,0.0,0.0,0.0,0.0,0.0,0.0,0.0,0.0,0.0,0.0,0.0,0.0,0.0,0.0,0.0
2015-06-17 23:00:00,0.0,0.0,0.0,0.0,0.0,0.0,0.0,0.0,0.0,0.0,0.0,0.0,0.0,0.0,0.0,0.0,0.0
2015-06-18 00:00:00,0.0,0.0,0.0,0.0,0.0,0.0,0.0,0.0,0.0,0.0,0.0,0.0,0.0,0.0,0.0,0.0,0.0
2015-06-18 01:00:00,0.0,0.0,0.0,0.0,0.0,0.0,0.0,0.0,0.0,0.0,0.0,0.0,0.0,0.0,0.0,0.0,0.0
2015-06-18 02:00:00,0.0,0.0,0.0,0.0,0.0,0.0,0.0,0.0,0.0,0.0,0.0,0.0,0.0,0.0,0.0,0.0,0.0
2015-06-18 03:00:00,0.0,0.0,0.0,0.002,0.0,0.0,0.0,0.0,0.0,0.0,0.001,0.0,0.0,0.0,0.0,0.0,0.0
2015-06-18 04:00:00,0.01,0.004,0.004,0.033,0.0,0.017,0.021,0.021,0.015,0.024,0.031,0.002,0.023,0.027,0.016,0.003,0.0
2015-06-18 05:00:00,0.03,0.02,0.013,0.077,0.006,0.048,0.067,0.054,0.053,0.055,0.066,0.007,0.071,0.078,0.037,0.017,0.009
2015-06-18 06:00:00,0.054,0.036,0.036,0.124,0.015,0.081,0.12,0.106,0.083,0.084,0.112,0.029,0.12,0.126,0.072,0.025,0.02
2015-06-18 07:00:00,0.085,0.053,0.048,0.188,0.021,0.117,0.198,0.14,0.111,0.158,0.162,0.051,0.183,0.203,0.101,0.051,0.049
2015-06-18 08:00:00,0.118,0.073,0.088,0.262,0.038,0.155,0.259,0.203,0.123,0.247,0.202,0.087,0.212,0.266,0.143,0.068,0.058
2015-06-18 09:00:00,0.151,0.074,0.109,0.322,0.08,0.188,0.342,0.261,0.152,0.348,0.242,0.109,0.241,0.32,0.177,0.076,0.119
2015-06-18 10:00:00,0.177,0.102,0.118,0.333,0.158,0.195,0.338,0.287,0.177,0.358,0.344,0.1,0.248,0.291,0.192,0.079,0.199
2015-06-18 11:00:00,0.211,0.212,0.089,0.293,0.225,0.226,0.365,0.251,0.205,0.345,0.316,0.084,0.221,0.293,0.167,0.154,0.314
2015-06-18 12:00:00,0.217,0.206,0.073,0.329,0.231,0.246,0.329,0.32,0.277,0.343,0.245,0.108,0.221,0.269,0.151,0.154,0.336
2015-06-18 13:00:00,0.22,0.237,0.061,0.286,0.283,0.231,0.283,0.22,0.492,0.248,0.195,0.136,0.279,0.208,0.085,0.182,0.363
2015-06-18 14:00:00,0.213,0.165,0.088,0.217,0.308,0.206,0.332,0.17,0.397,0.198,0.196,0.159,0.454,0.269,0.066,0.187,0.338
2015-06-18 15:00:00,0.192,0.117,0.104,0.179,0.35,0.114,0.325,0.114,0.194,0.158,0.125,0.177,0.317,0.266,0.04,0.213,0.267
2015-06-18 16:00:00,0.152,0.105,0.178,0.174,0.28,0.074,0.229,0.062,0.119,0.15,0.06,0.136,0.15,0.177,0.031,0.199,0.136
2015-06-18 17:00:00,0.107,0.162,0.183,0.067,0.202,0.048,0.131,0.025,0.078,0.112,0.027,0.09,0.074,0.088,0.02,0.149,0.049
2015-06-18 18:00:00,0.049,0.059,0.095,0.02,0.062,0.026,0.043,0.009,0.015,0.051,0.01,0.044,0.028,0.021,0.022,0.082,0.032
2015-06-18 19:00:00,0.011,0.01,0.012,0.0,0.013,0.016,0.025,0.015,0.007,0.001,0.0,0.009,0.014,0.015,0.006,0.008,0.024
2015-06-18 20:00:00,0.0,0.0,0.0,0.0,0.0,0.0,0.0,0.0,0.0,0.0,0.0,0.0,0.0,0.0,0.0,0.0,0.0
2015-06-18 21:00:00,0.0,0.0,0.0,0.0,0.0,0.0,0.0,0.0,0.0,0.0,0.0,0.0,0.0,0.0,0.0,0.0,0.0
2015-06-18 22:00:00,0.0,0.0,0.0,0.0,0.0,0.0,0.0,0.0,0.0,0.0,0.0,0.0,0.0,0.0,0.0,0.0,0.0
2015-06-18 23:00:00,0.0,0.0,0.0,0.0,0.0,0.0,0.0,0.0,0.0,0.0,0.0,0.0,0.0,0.0,0.0,0.0,0.0
2015-06-19 00:00:00,0.0,0.0,0.0,0.0,0.0,0.0,0.0,0.0,0.0,0.0,0.0,0.0,0.0,0.0,0.0,0.0,0.0
2015-06-19 01:00:00,0.0,0.0,0.0,0.0,0.0,0.0,0.0,0.0,0.0,0.0,0.0,0.0,0.0,0.0,0.0,0.0,0.0
2015-06-19 02:00:00,0.0,0.0,0.0,0.0,0.0,0.0,0.0,0.0,0.0,0.0,0.0,0.0,0.0,0.0,0.0,0.0,0.0
2015-06-19 03:00:00,0.0,0.0,0.0,0.0,0.0,0.0,0.0,0.0,0.0,0.0,0.002,0.0,0.0,0.0,0.002,0.0,0.0
2015-06-19 04:00:00,0.013,0.004,0.014,0.02,0.007,0.006,0.008,0.01,0.003,0.023,0.027,0.024,0.003,0.017,0.024,0.008,0.015
2015-06-19 05:00:00,0.042,0.037,0.043,0.045,0.043,0.029,0.018,0.033,0.021,0.055,0.065,0.054,0.011,0.04,0.063,0.037,0.046
2015-06-19 06:00:00,0.077,0.08,0.088,0.079,0.085,0.048,0.034,0.048,0.052,0.092,0.105,0.084,0.022,0.071,0.101,0.075,0.076
2015-06-19 07:00:00,0.102,0.097,0.105,0.09,0.112,0.112,0.06,0.074,0.069,0.1,0.099,0.12,0.08,0.086,0.104,0.106,0.113
2015-06-19 08:00:00,0.14,0.16,0.151,0.114,0.135,0.171,0.072,0.105,0.162,0.136,0.08,0.17,0.106,0.055,0.173,0.146,0.153
2015-06-19 09:00:00,0.226,0.244,0.267,0.14,0.21,0.257,0.066,0.208,0.209,0.195,0.135,0.271,0.155,0.094,0.271,0.257,0.244
2015-06-19 10:00:00,0.308,0.354,0.358,0.134,0.319,0.334,0.084,0.305,0.337,0.181,0.15,0.374,0.19,0.144,0.339,0.357,0.353
2015-06-19 11:00:00,0.395,0.466,0.436,0.137,0.445,0.426,0.115,0.342,0.475,0.157,0.215,0.439,0.319,0.144,0.42,0.473,0.469
2015-06-19 12:00:00,0.451,0.541,0.49,0.193,0.536,0.473,0.107,0.415,0.535,0.14,0.285,0.511,0.388,0.196,0.475,0.528,0.484
2015-06-19 13:00:00,0.501,0.596,0.608,0.184,0.58,0.517,0.122,0.422,0.584,0.191,0.463,0.532,0.489,0.217,0.514,0.6,0.472
2015-06-19 14:00:00,0.482,0.575,0.567,0.192,0.479,0.53,0.198,0.504,0.523,0.164,0.491,0.466,0.557,0.23,0.55,0.551,0.471
2015-06-19 15:00:00,0.406,0.534,0.439,0.197,0.399,0.495,0.285,0.499,0.493,0.132,0.335,0.433,0.527,0.313,0.469,0.415,0.36
2015-06-19 16:00:00,0.331,0.361,0.405,0.224,0.262,0.447,0.29,0.432,0.352,0.076,0.314,0.329,0.395,0.27,0.404,0.339,0.305
2015-06-19 17:00:00,0.264,0.287,0.318,0.151,0.21,0.315,0.242,0.34,0.34,0.044,0.274,0.239,0.286,0.2,0.357,0.277,0.242
2015-06-19 18:00:00,0.164,0.221,0.159,0.1,0.235,0.137,0.08,0.21,0.218,0.018,0.159,0.11,0.139,0.105,0.167,0.178,0.138
2015-06-19 19:00:00,0.061,0.071,0.056,0.02,0.088,0.07,0.015,0.061,0.063,0.003,0.039,0.055,0.064,0.026,0.047,0.079,0.068
2015-06-19 20:00:00,0.0,0.0,0.0,0.0,0.0,0.0,0.0,0.0,0.0,0.0,0.0,0.0,0.0,0.0,0.0,0.0,0.0
2015-06-19 21:00:00,0.0,0.0,0.0,0.0,0.0,0.0,0.0,0.0,0.0,0.0,0.0,0.0,0.0,0.0,0.0,0.0,0.0
2015-06-19 22:00:00,0.0,0.0,0.0,0.0,0.0,0.0,0.0,0.0,0.0,0.0,0.0,0.0,0.0,0.0,0.0,0.0,0.0
2015-06-19 23:00:00,0.0,0.0,0.0,0.0,0.0,0.0,0.0,0.0,0.0,0.0,0.0,0.0,0.0,0.0,0.0,0.0,0.0
2015-06-20 00:00:00,0.0,0.0,0.0,0.0,0.0,0.0,0.0,0.0,0.0,0.0,0.0,0.0,0.0,0.0,0.0,0.0,0.0
2015-06-20 01:00:00,0.0,0.0,0.0,0.0,0.0,0.0,0.0,0.0,0.0,0.0,0.0,0.0,0.0,0.0,0.0,0.0,0.0
2015-06-20 02:00:00,0.0,0.0,0.0,0.0,0.0,0.0,0.0,0.0,0.0,0.0,0.0,0.0,0.0,0.0,0.0,0.0,0.0
2015-06-20 03:00:00,0.0,0.0,0.0,0.001,0.0,0.0,0.0,0.001,0.0,0.0,0.004,0.0,0.0,0.0,0.002,0.0,0.0
2015-06-20 04:00:00,0.021,0.015,0.021,0.029,0.012,0.024,0.019,0.026,0.018,0.029,0.03,0.02,0.019,0.028,0.027,0.019,0.017
2015-06-20 05:00:00,0.052,0.049,0.053,0.058,0.041,0.056,0.055,0.055,0.05,0.071,0.055,0.049,0.051,0.064,0.057,0.052,0.049
2015-06-20 06:00:00,0.082,0.08,0.079,0.089,0.068,0.088,0.097,0.079,0.074,0.125,0.074,0.08,0.082,0.111,0.084,0.085,0.071
2015-06-20 07:00:00,0.123,0.102,0.156,0.129,0.108,0.119,0.125,0.126,0.104,0.185,0.117,0.126,0.106,0.146,0.144,0.12,0.102
2015-06-20 08:00:00,0.181,0.168,0.213,0.196,0.161,0.183,0.184,0.167,0.182,0.179,0.182,0.181,0.167,0.188,0.171,0.188,0.18
2015-06-20 09:00:00,0.283,0.26,0.287,0.29,0.278,0.307,0.304,0.281,0.292,0.288,0.281,0.278,0.306,0.273,0.26,0.298,0.268
2015-06-20 10:00:00,0.367,0.358,0.376,0.343,0.373,0.413,0.421,0.361,0.315,0.299,0.379,0.352,0.436,0.362,0.337,0.388,0.341
2015-06-20 11:00:00,0.423,0.437,0.449,0.362,0.439,0.421,0.513,0.412,0.394,0.357,0.343,0.394,0.512,0.452,0.385,0.473,0.374
2015-06-20 12:00:00,0.442,0.464,0.516,0.354,0.446,0.427,0.498,0.432,0.364,0.395,0.431,0.446,0.417,0.434,0.452,0.465,0.405
2015-06-20 13:00:00,0.466,0.552,0.554,0.342,0.437,0.429,0.468,0.445,0.385,0.446,0.435,0.456,0.426,0.452,0.456,0.502,0.458
2015-06-20 14:00:00,0.418,0.462,0.473,0.324,0.266,0.436,0.395,0.453,0.312,0.447,0.377,0.459,0.537,0.426,0.398,0.46,0.428
2015-06-20 15:00:00,0.404,0.441,0.484,0.245,0.366,0.382,0.446,0.37,0.333,0.42,0.327,0.485,0.409,0.426,0.363,0.404,0.505
2015-06-20 16:00:00,0.36,0.379,0.437,0.22,0.344,0.373,0.443,0.354,0.29,0.441,0.23,0.424,0.321,0.422,0.306,0.361,0.429
2015-06-20 17:00:00,0.278,0.279,0.305,0.206,0.338,0.197,0.311,0.242,0.24,0.34,0.113,0.332,0.134,0.345,0.222,0.312,0.293
2015-06-20 18:00:00,0.171,0.195,0.209,0.13,0.19,0.112,0.111,0.121,0.162,0.186,0.047,0.226,0.145,0.163,0.115,0.192,0.223
2015-06-20 19:00:00,0.063,0.072,0.088,0.038,0.066,0.041,0.034,0.038,0.05,0.017,0.005,0.094,0.031,0.039,0.035,0.081,0.101
2015-06-20 20:00:00,0.0,0.0,0.0,0.0,0.0,0.0,0.0,0.0,0.0,0.0,0.0,0.0,0.0,0.0,0.0,0.0,0.0
2015-06-20 21:00:00,0.0,0.0,0.0,0.0,0.0,0.0,0.0,0.0,0.0,0.0,0.0,0.0,0.0,0.0,0.0,0.0,0.0
2015-06-20 22:00:00,0.0,0.0,0.0,0.0,0.0,0.0,0.0,0.0,0.0,0.0,0.0,0.0,0.0,0.0,0.0,0.0,0.0
2015-06-20 23:00:00,0.0,0.0,0.0,0.0,0.0,0.0,0.0,0.0,0.0,0.0,0.0,0.0,0.0,0.0,0.0,0.0,0.0
2015-06-21 00:00:00,0.0,0.0,0.0,0.0,0.0,0.0,0.0,0.0,0.0,0.0,0.0,0.0,0.0,0.0,0.0,0.0,0.0
2015-06-21 01:00:00,0.0,0.0,0.0,0.0,0.0,0.0,0.0,0.0,0.0,0.0,0.0,0.0,0.0,0.0,0.0,0.0,0.0
2015-06-21 02:00:00,0.0,0.0,0.0,0.0,0.0,0.0,0.0,0.0,0.0,0.0,0.0,0.0,0.0,0.0,0.0,0.0,0.0
2015-06-21 03:00:00,0.0,0.0,0.0,0.001,0.0,0.0,0.0,0.001,0.0,0.0,0.003,0.001,0.0,0.0,0.002,0.0,0.0
2015-06-21 04:00:00,0.018,0.007,0.021,0.026,0.01,0.02,0.019,0.024,0.012,0.022,0.027,0.023,0.018,0.021,0.03,0.017,0.012
2015-06-21 05:00:00,0.051,0.037,0.052,0.061,0.042,0.055,0.055,0.053,0.047,0.056,0.058,0.058,0.056,0.057,0.059,0.051,0.04
2015-06-21 06:00:00,0.085,0.081,0.077,0.091,0.088,0.082,0.09,0.078,0.088,0.08,0.095,0.092,0.087,0.088,0.09,0.084,0.078
2015-06-21 07:00:00,0.108,0.095,0.122,0.118,0.122,0.126,0.127,0.102,0.079,0.156,0.106,0.117,0.12,0.146,0.104,0.098,0.081
2015-06-21 08:00:00,0.184,0.177,0.183,0.204,0.165,0.194,0.21,0.192,0.175,0.218,0.205,0.174,0.187,0.214,0.191,0.185,0.155
2015-06-21 09:00:00,0.264,0.289,0.267,0.342,0.251,0.251,0.307,0.291,0.277,0.342,0.285,0.275,0.24,0.323,0.294,0.215,0.241
2015-06-21 10:00:00,0.351,0.379,0.369,0.448,0.308,0.296,0.393,0.383,0.403,0.419,0.364,0.353,0.307,0.361,0.392,0.325,0.302
2015-06-21 11:00:00,0.407,0.445,0.424,0.489,0.375,0.411,0.444,0.46,0.442,0.506,0.338,0.447,0.402,0.47,0.47,0.348,0.364
2015-06-21 12:00:00,0.471,0.529,0.49,0.513,0.467,0.482,0.484,0.539,0.483,0.581,0.334,0.492,0.479,0.52,0.485,0.446,0.403
2015-06-21 13:00:00,0.484,0.561,0.47,0.544,0.484,0.412,0.481,0.549,0.56,0.543,0.408,0.455,0.506,0.523,0.454,0.473,0.449
2015-06-21 14:00:00,0.485,0.59,0.501,0.491,0.464,0.469,0.515,0.503,0.616,0.58,0.451,0.338,0.549,0.581,0.406,0.478,0.503
2015-06-21 15:00:00,0.47,0.505,0.535,0.489,0.376,0.406,0.516,0.43,0.569,0.533,0.429,0.4,0.545,0.517,0.422,0.507,0.472
2015-06-21 16:00:00,0.388,0.385,0.368,0.38,0.268,0.403,0.435,0.36,0.485,0.416,0.422,0.33,0.472,0.387,0.324,0.451,0.396
2015-06-21 17:00:00,0.307,0.329,0.291,0.292,0.251,0.338,0.342,0.295,0.385,0.315,0.259,0.32,0.386,0.267,0.21,0.331,0.349
2015-06-21 18:00:00,0.177,0.19,0.161,0.15,0.154,0.159,0.196,0.164,0.212,0.146,0.143,0.174,0.214,0.187,0.113,0.204,0.221
2015-06-21 19:00:00,0.059,0.079,0.061,0.049,0.087,0.05,0.037,0.043,0.06,0.019,0.045,0.07,0.049,0.047,0.036,0.058,0.075
2015-06-21 20:00:00,0.0,0.0,0.0,0.0,0.0,0.0,0.0,0.0,0.0,0.0,0.0,0.0,0.0,0.0,0.0,0.0,0.0
2015-06-21 21:00:00,0.0,0.0,0.0,0.0,0.0,0.0,0.0,0.0,0.0,0.0,0.0,0.0,0.0,0.0,0.0,0.0,0.0
2015-06-21 22:00:00,0.0,0.0,0.0,0.0,0.0,0.0,0.0,0.0,0.0,0.0,0.0,0.0,0.0,0.0,0.0,0.0,0.0
2015-06-21 23:00:00,0.0,0.0,0.0,0.0,0.0,0.0,0.0,0.0,0.0,0.0,0.0,0.0,0.0,0.0,0.0,0.0,0.0
2015-06-22 00:00:00,0.0,0.0,0.0,0.0,0.0,0.0,0.0,0.0,0.0,0.0,0.0,0.0,0.0,0.0,0.0,0.0,0.0
2015-06-22 01:00:00,0.0,0.0,0.0,0.0,0.0,0.0,0.0,0.0,0.0,0.0,0.0,0.0,0.0,0.0,0.0,0.0,0.0
2015-06-22 02:00:00,0.0,0.0,0.0,0.0,0.0,0.0,0.0,0.0,0.0,0.0,0.0,0.0,0.0,0.0,0.0,0.0,0.0
2015-06-22 03:00:00,0.0,0.0,0.0,0.001,0.0,0.0,0.0,0.001,0.0,0.0,0.004,0.001,0.0,0.0,0.002,0.0,0.0
2015-06-22 04:00:00,0.02,0.012,0.022,0.028,0.009,0.022,0.02,0.026,0.017,0.024,0.03,0.025,0.02,0.023,0.028,0.019,0.016
2015-06-22 05:00:00,0.05,0.04,0.054,0.055,0.035,0.05,0.05,0.052,0.047,0.053,0.058,0.052,0.049,0.052,0.06,0.051,0.047
2015-06-22 06:00:00,0.078,0.077,0.091,0.076,0.064,0.077,0.072,0.077,0.078,0.075,0.094,0.086,0.071,0.074,0.094,0.075,0.078
2015-06-22 07:00:00,0.121,0.116,0.125,0.103,0.11,0.115,0.101,0.108,0.127,0.097,0.153,0.109,0.13,0.102,0.157,0.13,0.104
2015-06-22 08:00:00,0.175,0.169,0.176,0.199,0.162,0.184,0.171,0.183,0.165,0.193,0.197,0.154,0.176,0.179,0.198,0.173,0.155
2015-06-22 09:00:00,0.255,0.237,0.265,0.313,0.207,0.286,0.297,0.309,0.24,0.321,0.281,0.288,0.255,0.304,0.285,0.229,0.198
2015-06-22 10:00:00,0.32,0.305,0.33,0.445,0.304,0.339,0.33,0.405,0.331,0.403,0.389,0.352,0.324,0.382,0.408,0.255,0.207
2015-06-22 11:00:00,0.361,0.349,0.348,0.51,0.356,0.37,0.365,0.444,0.276,0.477,0.417,0.379,0.334,0.427,0.419,0.297,0.295
2015-06-22 12:00:00,0.385,0.377,0.296,0.505,0.326,0.375,0.374,0.479,0.366,0.52,0.514,0.427,0.311,0.406,0.468,0.328,0.352
2015-06-22 13:00:00,0.414,0.356,0.42,0.554,0.379,0.358,0.268,0.484,0.455,0.436,0.535,0.403,0.292,0.294,0.51,0.394,0.386
2015-06-22 14:00:00,0.363,0.274,0.388,0.421,0.305,0.344,0.293,0.413,0.323,0.382,0.474,0.364,0.36,0.222,0.454,0.34,0.399
2015-06-22 15:00:00,0.288,0.166,0.242,0.417,0.2,0.258,0.256,0.395,0.188,0.372,0.527,0.233,0.231,0.26,0.487,0.228,0.313
2015-06-22 16:00:00,0.198,0.089,0.194,0.344,0.075,0.183,0.302,0.276,0.17,0.252,0.421,0.16,0.179,0.104,0.31,0.142,0.257
2015-06-22 17:00:00,0.119,0.042,0.089,0.223,0.04,0.098,0.115,0.171,0.102,0.212,0.301,0.142,0.106,0.074,0.212,0.068,0.138
2015-06-22 18:00:00,0.047,0.017,0.022,0.122,0.021,0.032,0.042,0.056,0.033,0.077,0.145,0.067,0.035,0.026,0.104,0.018,0.041
2015-06-22 19:00:00,0.005,0.002,0.003,0.0,0.004,0.002,0.009,0.003,0.0,0.002,0.013,0.016,0.0,0.004,0.013,0.001,0.01
2015-06-22 20:00:00,0.0,0.0,0.0,0.0,0.0,0.0,0.0,0.0,0.0,0.0,0.0,0.0,0.0,0.0,0.0,0.0,0.0
2015-06-22 21:00:00,0.0,0.0,0.0,0.0,0.0,0.0,0.0,0.0,0.0,0.0,0.0,0.0,0.0,0.0,0.0,0.0,0.0
2015-06-22 22:00:00,0.0,0.0,0.0,0.0,0.0,0.0,0.0,0.0,0.0,0.0,0.0,0.0,0.0,0.0,0.0,0.0,0.0
2015-06-22 23:00:00,0.0,0.0,0.0,0.0,0.0,0.0,0.0,0.0,0.0,0.0,0.0,0.0,0.0,0.0,0.0,0.0,0.0
2015-06-23 00:00:00,0.0,0.0,0.0,0.0,0.0,0.0,0.0,0.0,0.0,0.0,0.0,0.0,0.0,0.0,0.0,0.0,0.0
2015-06-23 01:00:00,0.0,0.0,0.0,0.0,0.0,0.0,0.0,0.0,0.0,0.0,0.0,0.0,0.0,0.0,0.0,0.0,0.0
2015-06-23 02:00:00,0.0,0.0,0.0,0.0,0.0,0.0,0.0,0.0,0.0,0.0,0.0,0.0,0.0,0.0,0.0,0.0,0.0
2015-06-23 03:00:00,0.0,0.0,0.0,0.0,0.0,0.0,0.0,0.0,0.0,0.0,0.0,0.0,0.0,0.0,0.0,0.0,0.0
2015-06-23 04:00:00,0.01,0.003,0.012,0.018,0.005,0.019,0.004,0.021,0.007,0.022,0.011,0.01,0.006,0.007,0.006,0.012,0.005
2015-06-23 05:00:00,0.036,0.008,0.04,0.059,0.021,0.045,0.029,0.05,0.019,0.066,0.049,0.034,0.023,0.033,0.023,0.046,0.029
2015-06-23 06:00:00,0.066,0.019,0.114,0.108,0.033,0.069,0.064,0.103,0.031,0.112,0.108,0.066,0.051,0.063,0.065,0.058,0.06
2015-06-23 07:00:00,0.09,0.046,0.122,0.12,0.07,0.078,0.062,0.074,0.043,0.165,0.08,0.083,0.041,0.094,0.1,0.101,0.094
2015-06-23 08:00:00,0.123,0.131,0.143,0.137,0.103,0.093,0.1,0.09,0.097,0.174,0.126,0.099,0.06,0.06,0.18,0.122,0.146
2015-06-23 09:00:00,0.161,0.199,0.208,0.18,0.118,0.109,0.119,0.112,0.196,0.197,0.138,0.167,0.098,0.049,0.214,0.175,0.155
2015-06-23 10:00:00,0.219,0.23,0.312,0.196,0.166,0.154,0.128,0.144,0.252,0.162,0.168,0.219,0.166,0.064,0.286,0.255,0.262
2015-06-23 11:00:00,0.234,0.324,0.345,0.14,0.172,0.171,0.158,0.131,0.315,0.143,0.118,0.261,0.188,0.089,0.264,0.295,0.24
2015-06-23 12:00:00,0.273,0.333,0.285,0.102,0.248,0.24,0.211,0.17,0.306,0.159,0.076,0.312,0.25,0.156,0.256,0.359,0.362
2015-06-23 13:00:00,0.302,0.549,0.399,0.067,0.404,0.234,0.153,0.157,0.347,0.129,0.073,0.321,0.23,0.125,0.235,0.372,0.319
2015-06-23 14:00:00,0.296,0.538,0.402,0.077,0.411,0.246,0.137,0.154,0.398,0.073,0.09,0.333,0.216,0.113,0.227,0.358,0.285
2015-06-23 15:00:00,0.278,0.513,0.351,0.046,0.355,0.245,0.122,0.142,0.443,0.043,0.075,0.341,0.222,0.103,0.193,0.365,0.245
2015-06-23 16:00:00,0.256,0.458,0.207,0.027,0.393,0.274,0.078,0.145,0.378,0.038,0.06,0.297,0.188,0.095,0.179,0.348,0.208
2015-06-23 17:00:00,0.209,0.365,0.266,0.024,0.296,0.244,0.066,0.135,0.343,0.015,0.035,0.216,0.171,0.069,0.162,0.278,0.154
2015-06-23 18:00:00,0.142,0.223,0.168,0.012,0.187,0.188,0.038,0.11,0.194,0.007,0.032,0.12,0.128,0.045,0.116,0.21,0.092
2015-06-23 19:00:00,0.057,0.103,0.04,0.008,0.071,0.077,0.058,0.055,0.09,0.011,0.021,0.047,0.064,0.046,0.036,0.072,0.055
2015-06-23 20:00:00,0.0,0.0,0.0,0.0,0.0,0.0,0.0,0.0,0.0,0.0,0.0,0.0,0.0,0.0,0.0,0.0,0.0
2015-06-23 21:00:00,0.0,0.0,0.0,0.0,0.0,0.0,0.0,0.0,0.0,0.0,0.0,0.0,0.0,0.0,0.0,0.0,0.0
2015-06-23 22:00:00,0.0,0.0,0.0,0.0,0.0,0.0,0.0,0.0,0.0,0.0,0.0,0.0,0.0,0.0,0.0,0.0,0.0
2015-06-23 23:00:00,0.0,0.0,0.0,0.0,0.0,0.0,0.0,0.0,0.0,0.0,0.0,0.0,0.0,0.0,0.0,0.0,0.0
2015-06-24 00:00:00,0.0,0.0,0.0,0.0,0.0,0.0,0.0,0.0,0.0,0.0,0.0,0.0,0.0,0.0,0.0,0.0,0.0
2015-06-24 01:00:00,0.0,0.0,0.0,0.0,0.0,0.0,0.0,0.0,0.0,0.0,0.0,0.0,0.0,0.0,0.0,0.0,0.0
2015-06-24 02:00:00,0.0,0.0,0.0,0.0,0.0,0.0,0.0,0.0,0.0,0.0,0.0,0.0,0.0,0.0,0.0,0.0,0.0
2015-06-24 03:00:00,0.0,0.0,0.0,0.001,0.0,0.0,0.0,0.001,0.0,0.0,0.003,0.0,0.0,0.0,0.001,0.0,0.0
2015-06-24 04:00:00,0.019,0.014,0.019,0.035,0.011,0.024,0.025,0.03,0.02,0.03,0.037,0.014,0.023,0.033,0.026,0.016,0.006
2015-06-24 05:00:00,0.05,0.043,0.054,0.07,0.031,0.052,0.068,0.067,0.056,0.058,0.079,0.046,0.055,0.068,0.061,0.047,0.027
2015-06-24 06:00:00,0.081,0.079,0.093,0.079,0.065,0.073,0.089,0.097,0.085,0.078,0.11,0.077,0.075,0.078,0.101,0.081,0.065
2015-06-24 07:00:00,0.117,0.115,0.131,0.12,0.102,0.127,0.096,0.146,0.097,0.115,0.156,0.11,0.089,0.095,0.114,0.121,0.101
2015-06-24 08:00:00,0.165,0.161,0.182,0.22,0.124,0.19,0.197,0.191,0.167,0.197,0.198,0.154,0.161,0.189,0.182,0.15,0.132
2015-06-24 09:00:00,0.244,0.237,0.264,0.311,0.22,0.267,0.259,0.241,0.274,0.321,0.234,0.219,0.281,0.309,0.228,0.244,0.186
2015-06-24 10:00:00,0.314,0.296,0.354,0.385,0.274,0.309,0.333,0.301,0.316,0.407,0.293,0.31,0.333,0.314,0.328,0.325,0.252
2015-06-24 11:00:00,0.379,0.376,0.408,0.453,0.348,0.366,0.322,0.37,0.419,0.478,0.333,0.376,0.387,0.349,0.369,0.403,0.31
2015-06-24 12:00:00,0.413,0.427,0.474,0.421,0.382,0.425,0.294,0.424,0.415,0.432,0.365,0.417,0.398,0.371,0.466,0.418,0.375
2015-06-24 13:00:00,0.392,0.401,0.502,0.354,0.325,0.404,0.271,0.415,0.446,0.322,0.282,0.373,0.416,0.276,0.461,0.432,0.356
2015-06-24 14:00:00,0.385,0.432,0.484,0.272,0.294,0.471,0.235,0.425,0.453,0.205,0.414,0.389,0.349,0.194,0.492,0.442,0.269
2015-06-24 15:00:00,0.343,0.515,0.482,0.179,0.285,0.373,0.18,0.335,0.493,0.155,0.324,0.36,0.265,0.16,0.42,0.395,0.211
2015-06-24 16:00:00,0.27,0.408,0.311,0.115,0.218,0.299,0.165,0.258,0.374,0.129,0.18,0.337,0.322,0.136,0.312,0.323,0.177
2015-06-24 17:00:00,0.176,0.251,0.208,0.087,0.096,0.158,0.095,0.182,0.25,0.07,0.14,0.219,0.197,0.111,0.227,0.216,0.128
2015-06-24 18:00:00,0.103,0.163,0.103,0.04,0.044,0.091,0.059,0.099,0.137,0.028,0.105,0.123,0.119,0.049,0.119,0.134,0.093
2015-06-24 19:00:00,0.039,0.037,0.058,0.007,0.024,0.034,0.009,0.027,0.055,0.0,0.042,0.075,0.046,0.003,0.032,0.047,0.052
2015-06-24 20:00:00,0.0,0.0,0.0,0.0,0.0,0.0,0.0,0.0,0.0,0.0,0.0,0.0,0.0,0.0,0.0,0.0,0.0
2015-06-24 21:00:00,0.0,0.0,0.0,0.0,0.0,0.0,0.0,0.0,0.0,0.0,0.0,0.0,0.0,0.0,0.0,0.0,0.0
2015-06-24 22:00:00,0.0,0.0,0.0,0.0,0.0,0.0,0.0,0.0,0.0,0.0,0.0,0.0,0.0,0.0,0.0,0.0,0.0
2015-06-24 23:00:00,0.0,0.0,0.0,0.0,0.0,0.0,0.0,0.0,0.0,0.0,0.0,0.0,0.0,0.0,0.0,0.0,0.0
2015-06-25 00:00:00,0.0,0.0,0.0,0.0,0.0,0.0,0.0,0.0,0.0,0.0,0.0,0.0,0.0,0.0,0.0,0.0,0.0
2015-06-25 01:00:00,0.0,0.0,0.0,0.0,0.0,0.0,0.0,0.0,0.0,0.0,0.0,0.0,0.0,0.0,0.0,0.0,0.0
2015-06-25 02:00:00,0.0,0.0,0.0,0.0,0.0,0.0,0.0,0.0,0.0,0.0,0.0,0.0,0.0,0.0,0.0,0.0,0.0
2015-06-25 03:00:00,0.0,0.0,0.0,0.001,0.0,0.0,0.0,0.001,0.0,0.0,0.002,0.0,0.0,0.0,0.002,0.0,0.0
2015-06-25 04:00:00,0.015,0.013,0.012,0.025,0.009,0.018,0.007,0.024,0.013,0.019,0.028,0.012,0.013,0.019,0.025,0.011,0.01
2015-06-25 05:00:00,0.046,0.045,0.035,0.058,0.038,0.052,0.037,0.056,0.046,0.053,0.06,0.039,0.051,0.058,0.054,0.042,0.043
2015-06-25 06:00:00,0.077,0.069,0.069,0.087,0.07,0.083,0.077,0.085,0.074,0.091,0.084,0.074,0.084,0.094,0.078,0.078,0.069
2015-06-25 07:00:00,0.11,0.111,0.077,0.138,0.111,0.114,0.12,0.123,0.122,0.125,0.129,0.108,0.11,0.131,0.109,0.105,0.096
2015-06-25 08:00:00,0.164,0.172,0.12,0.197,0.153,0.187,0.18,0.183,0.159,0.174,0.184,0.139,0.158,0.189,0.166,0.166,0.15
2015-06-25 09:00:00,0.247,0.28,0.23,0.267,0.234,0.27,0.264,0.284,0.268,0.182,0.27,0.226,0.248,0.249,0.238,0.254,0.211
2015-06-25 10:00:00,0.331,0.394,0.354,0.29,0.326,0.297,0.285,0.34,0.364,0.212,0.379,0.304,0.297,0.306,0.332,0.352,0.298
2015-06-25 11:00:00,0.363,0.421,0.38,0.369,0.313,0.299,0.303,0.331,0.392,0.208,0.403,0.379,0.283,0.297,0.346,0.429,0.312
2015-06-25 12:00:00,0.397,0.473,0.419,0.325,0.376,0.403,0.366,0.324,0.455,0.212,0.401,0.416,0.254,0.33,0.32,0.474,0.384
2015-06-25 13:00:00,0.366,0.408,0.375,0.364,0.401,0.345,0.38,0.327,0.416,0.209,0.408,0.431,0.299,0.312,0.338,0.359,0.364
2015-06-25 14:00:00,0.35,0.328,0.367,0.351,0.377,0.348,0.317,0.312,0.382,0.164,0.381,0.478,0.308,0.365,0.312,0.344,0.361
2015-06-25 15:00:00,0.321,0.253,0.427,0.329,0.26,0.372,0.223,0.321,0.268,0.129,0.376,0.47,0.249,0.307,0.316,0.324,0.323
2015-06-25 16:00:00,0.267,0.204,0.339,0.301,0.161,0.337,0.16,0.336,0.201,0.105,0.296,0.405,0.257,0.204,0.276,0.255,0.303
2015-06-25 17:00:00,0.2,0.133,0.264,0.192,0.158,0.22,0.114,0.21,0.154,0.064,0.261,0.279,0.168,0.133,0.186,0.182,0.308
2015-06-25 18:00:00,0.125,0.09,0.157,0.097,0.145,0.103,0.048,0.138,0.085,0.022,0.113,0.165,0.081,0.064,0.139,0.094,0.256
2015-06-25 19:00:00,0.05,0.021,0.061,0.018,0.066,0.045,0.007,0.044,0.055,0.001,0.05,0.077,0.014,0.017,0.057,0.042,0.11
2015-06-25 20:00:00,0.0,0.0,0.0,0.0,0.0,0.0,0.0,0.0,0.0,0.0,0.0,0.0,0.0,0.0,0.0,0.0,0.0
2015-06-25 21:00:00,0.0,0.0,0.0,0.0,0.0,0.0,0.0,0.0,0.0,0.0,0.0,0.0,0.0,0.0,0.0,0.0,0.0
2015-06-25 22:00:00,0.0,0.0,0.0,0.0,0.0,0.0,0.0,0.0,0.0,0.0,0.0,0.0,0.0,0.0,0.0,0.0,0.0
2015-06-25 23:00:00,0.0,0.0,0.0,0.0,0.0,0.0,0.0,0.0,0.0,0.0,0.0,0.0,0.0,0.0,0.0,0.0,0.0
2015-06-26 00:00:00,0.0,0.0,0.0,0.0,0.0,0.0,0.0,0.0,0.0,0.0,0.0,0.0,0.0,0.0,0.0,0.0,0.0
2015-06-26 01:00:00,0.0,0.0,0.0,0.0,0.0,0.0,0.0,0.0,0.0,0.0,0.0,0.0,0.0,0.0,0.0,0.0,0.0
2015-06-26 02:00:00,0.0,0.0,0.0,0.0,0.0,0.0,0.0,0.0,0.0,0.0,0.0,0.0,0.0,0.0,0.0,0.0,0.0
2015-06-26 03:00:00,0.0,0.0,0.0,0.001,0.0,0.0,0.0,0.001,0.0,0.0,0.003,0.0,0.0,0.0,0.002,0.0,0.0
2015-06-26 04:00:00,0.018,0.015,0.017,0.023,0.017,0.019,0.006,0.024,0.014,0.004,0.029,0.018,0.015,0.014,0.027,0.018,0.015
2015-06-26 05:00:00,0.055,0.059,0.053,0.056,0.061,0.049,0.027,0.053,0.046,0.02,0.059,0.053,0.047,0.045,0.062,0.061,0.056
2015-06-26 06:00:00,0.09,0.097,0.097,0.086,0.1,0.069,0.064,0.075,0.074,0.057,0.082,0.092,0.074,0.078,0.1,0.101,0.085
2015-06-26 07:00:00,0.12,0.126,0.146,0.093,0.127,0.089,0.112,0.103,0.107,0.136,0.108,0.145,0.102,0.095,0.119,0.13,0.115
2015-06-26 08:00:00,0.172,0.145,0.185,0.199,0.153,0.16,0.165,0.16,0.146,0.195,0.209,0.168,0.155,0.168,0.19,0.18,0.155
2015-06-26 09:00:00,0.267,0.261,0.27,0.301,0.247,0.267,0.27,0.27,0.264,0.314,0.276,0.263,0.269,0.287,0.273,0.267,0.24
2015-06-26 10:00:00,0.347,0.338,0.382,0.351,0.331,0.355,0.311,0.346,0.306,0.308,0.328,0.374,0.315,0.362,0.34,0.354,0.352
2015-06-26 11:00:00,0.418,0.413,0.481,0.315,0.431,0.46,0.385,0.411,0.419,0.281,0.354,0.469,0.415,0.357,0.375,0.44,0.452
2015-06-26 12:00:00,0.436,0.395,0.522,0.316,0.371,0.502,0.356,0.451,0.374,0.303,0.406,0.521,0.411,0.299,0.423,0.468,0.51
2015-06-26 13:00:00,0.439,0.398,0.545,0.323,0.39,0.471,0.303,0.411,0.414,0.349,0.374,0.573,0.38,0.357,0.396,0.473,0.504
2015-06-26 14:00:00,0.428,0.348,0.386,0.38,0.297,0.467,0.413,0.526,0.393,0.29,0.341,0.601,0.461,0.372,0.478,0.445,0.501
2015-06-26 15:00:00,0.39,0.333,0.401,0.418,0.189,0.357,0.364,0.425,0.347,0.294,0.4,0.562,0.349,0.402,0.392,0.423,0.451
2015-06-26 16:00:00,0.312,0.172,0.372,0.27,0.144,0.358,0.239,0.358,0.291,0.347,0.373,0.52,0.318,0.283,0.325,0.295,0.398
2015-06-26 17:00:00,0.225,0.116,0.36,0.238,0.122,0.189,0.177,0.269,0.264,0.24,0.243,0.44,0.23,0.252,0.298,0.148,0.273
2015-06-26 18:00:00,0.12,0.048,0.122,0.118,0.053,0.09,0.137,0.122,0.12,0.166,0.136,0.276,0.163,0.172,0.189,0.074,0.157
2015-06-26 19:00:00,0.038,0.011,0.059,0.034,0.002,0.024,0.05,0.049,0.047,0.025,0.059,0.095,0.058,0.049,0.071,0.021,0.04
2015-06-26 20:00:00,0.0,0.0,0.0,0.0,0.0,0.0,0.0,0.0,0.0,0.0,0.0,0.0,0.0,0.0,0.0,0.0,0.0
2015-06-26 21:00:00,0.0,0.0,0.0,0.0,0.0,0.0,0.0,0.0,0.0,0.0,0.0,0.0,0.0,0.0,0.0,0.0,0.0
2015-06-26 22:00:00,0.0,0.0,0.0,0.0,0.0,0.0,0.0,0.0,0.0,0.0,0.0,0.0,0.0,0.0,0.0,0.0,0.0
2015-06-26 23:00:00,0.0,0.0,0.0,0.0,0.0,0.0,0.0,0.0,0.0,0.0,0.0,0.0,0.0,0.0,0.0,0.0,0.0
2015-06-27 00:00:00,0.0,0.0,0.0,0.0,0.0,0.0,0.0,0.0,0.0,0.0,0.0,0.0,0.0,0.0,0.0,0.0,0.0
2015-06-27 01:00:00,0.0,0.0,0.0,0.0,0.0,0.0,0.0,0.0,0.0,0.0,0.0,0.0,0.0,0.0,0.0,0.0,0.0
2015-06-27 02:00:00,0.0,0.0,0.0,0.0,0.0,0.0,0.0,0.0,0.0,0.0,0.0,0.0,0.0,0.0,0.0,0.0,0.0
2015-06-27 03:00:00,0.0,0.0,0.0,0.001,0.0,0.0,0.0,0.001,0.0,0.0,0.003,0.0,0.0,0.0,0.002,0.0,0.0
2015-06-27 04:00:00,0.016,0.01,0.007,0.026,0.01,0.014,0.017,0.025,0.011,0.023,0.029,0.024,0.011,0.021,0.027,0.01,0.016
2015-06-27 05:00:00,0.05,0.043,0.045,0.057,0.045,0.026,0.048,0.049,0.042,0.052,0.053,0.056,0.025,0.048,0.051,0.056,0.053
2015-06-27 06:00:00,0.081,0.095,0.088,0.077,0.091,0.07,0.069,0.073,0.086,0.075,0.075,0.084,0.042,0.067,0.072,0.085,0.086
2015-06-27 07:00:00,0.117,0.144,0.133,0.107,0.129,0.097,0.073,0.115,0.125,0.113,0.093,0.14,0.064,0.109,0.106,0.128,0.094
2015-06-27 08:00:00,0.166,0.181,0.154,0.183,0.165,0.151,0.115,0.188,0.186,0.198,0.185,0.157,0.137,0.169,0.167,0.165,0.147
2015-06-27 09:00:00,0.251,0.24,0.273,0.297,0.243,0.212,0.182,0.284,0.227,0.255,0.324,0.23,0.208,0.215,0.304,0.241,0.228
2015-06-27 10:00:00,0.347,0.315,0.368,0.335,0.345,0.287,0.241,0.367,0.279,0.306,0.455,0.354,0.285,0.255,0.431,0.348,0.346
2015-06-27 11:00:00,0.394,0.352,0.447,0.391,0.355,0.301,0.255,0.396,0.33,0.307,0.554,0.412,0.321,0.251,0.518,0.398,0.402
2015-06-27 12:00:00,0.412,0.377,0.395,0.385,0.39,0.382,0.256,0.432,0.35,0.262,0.617,0.328,0.32,0.22,0.517,0.46,0.403
2015-06-27 13:00:00,0.374,0.356,0.365,0.287,0.366,0.446,0.201,0.46,0.313,0.284,0.651,0.308,0.299,0.236,0.471,0.365,0.355
2015-06-27 14:00:00,0.297,0.228,0.232,0.218,0.243,0.358,0.172,0.373,0.264,0.232,0.618,0.276,0.242,0.177,0.371,0.297,0.312
2015-06-27 15:00:00,0.277,0.211,0.271,0.186,0.226,0.299,0.247,0.28,0.29,0.112,0.562,0.322,0.256,0.129,0.268,0.272,0.363
2015-06-27 16:00:00,0.249,0.195,0.249,0.17,0.292,0.29,0.197,0.265,0.203,0.072,0.498,0.359,0.185,0.11,0.242,0.21,0.299
2015-06-27 17:00:00,0.194,0.184,0.229,0.12,0.22,0.277,0.128,0.209,0.193,0.054,0.341,0.287,0.181,0.089,0.211,0.151,0.201
2015-06-27 18:00:00,0.104,0.097,0.113,0.051,0.135,0.171,0.069,0.141,0.083,0.021,0.192,0.149,0.098,0.031,0.182,0.061,0.083
2015-06-27 19:00:00,0.04,0.025,0.059,0.021,0.035,0.04,0.01,0.059,0.025,0.002,0.078,0.086,0.018,0.003,0.084,0.021,0.044
2015-06-27 20:00:00,0.0,0.0,0.0,0.0,0.0,0.0,0.0,0.0,0.0,0.0,0.0,0.0,0.0,0.0,0.0,0.0,0.0
2015-06-27 21:00:00,0.0,0.0,0.0,0.0,0.0,0.0,0.0,0.0,0.0,0.0,0.0,0.0,0.0,0.0,0.0,0.0,0.0
2015-06-27 22:00:00,0.0,0.0,0.0,0.0,0.0,0.0,0.0,0.0,0.0,0.0,0.0,0.0,0.0,0.0,0.0,0.0,0.0
2015-06-27 23:00:00,0.0,0.0,0.0,0.0,0.0,0.0,0.0,0.0,0.0,0.0,0.0,0.0,0.0,0.0,0.0,0.0,0.0
2015-06-28 00:00:00,0.0,0.0,0.0,0.0,0.0,0.0,0.0,0.0,0.0,0.0,0.0,0.0,0.0,0.0,0.0,0.0,0.0
2015-06-28 01:00:00,0.0,0.0,0.0,0.0,0.0,0.0,0.0,0.0,0.0,0.0,0.0,0.0,0.0,0.0,0.0,0.0,0.0
2015-06-28 02:00:00,0.0,0.0,0.0,0.0,0.0,0.0,0.0,0.0,0.0,0.0,0.0,0.0,0.0,0.0,0.0,0.0,0.0
2015-06-28 03:00:00,0.0,0.0,0.0,0.001,0.0,0.0,0.0,0.0,0.0,0.0,0.001,0.0,0.0,0.0,0.001,0.0,0.0
2015-06-28 04:00:00,0.012,0.001,0.017,0.024,0.002,0.013,0.018,0.026,0.002,0.015,0.028,0.012,0.008,0.023,0.024,0.008,0.004
2015-06-28 05:00:00,0.033,0.012,0.045,0.056,0.021,0.034,0.053,0.058,0.011,0.04,0.061,0.034,0.03,0.059,0.052,0.022,0.018
2015-06-28 06:00:00,0.062,0.034,0.077,0.094,0.046,0.083,0.087,0.103,0.019,0.076,0.104,0.077,0.055,0.103,0.081,0.039,0.039
2015-06-28 07:00:00,0.091,0.033,0.125,0.117,0.047,0.124,0.131,0.135,0.034,0.132,0.147,0.108,0.083,0.169,0.104,0.072,0.074
2015-06-28 08:00:00,0.135,0.061,0.163,0.209,0.077,0.161,0.175,0.194,0.041,0.178,0.2,0.154,0.07,0.2,0.168,0.119,0.115
2015-06-28 09:00:00,0.212,0.101,0.273,0.311,0.124,0.214,0.22,0.289,0.098,0.292,0.314,0.243,0.12,0.265,0.274,0.188,0.189
2015-06-28 10:00:00,0.262,0.169,0.247,0.413,0.185,0.267,0.21,0.383,0.083,0.362,0.418,0.301,0.094,0.305,0.368,0.206,0.262
2015-06-28 11:00:00,0.316,0.236,0.332,0.345,0.248,0.336,0.247,0.424,0.084,0.383,0.372,0.358,0.127,0.391,0.364,0.307,0.343
2015-06-28 12:00:00,0.352,0.355,0.3,0.275,0.357,0.398,0.284,0.36,0.189,0.341,0.251,0.38,0.173,0.399,0.344,0.41,0.369
2015-06-28 13:00:00,0.362,0.411,0.419,0.267,0.342,0.286,0.342,0.36,0.204,0.231,0.262,0.378,0.233,0.252,0.426,0.421,0.386
2015-06-28 14:00:00,0.364,0.464,0.416,0.178,0.309,0.274,0.321,0.268,0.326,0.216,0.25,0.45,0.258,0.221,0.379,0.444,0.436
2015-06-28 15:00:00,0.327,0.438,0.399,0.184,0.351,0.251,0.237,0.255,0.435,0.224,0.252,0.431,0.223,0.225,0.34,0.295,0.447
2015-06-28 16:00:00,0.319,0.389,0.356,0.17,0.339,0.212,0.225,0.237,0.379,0.145,0.207,0.389,0.209,0.267,0.359,0.334,0.439
2015-06-28 17:00:00,0.242,0.347,0.246,0.114,0.292,0.166,0.128,0.2,0.307,0.151,0.134,0.259,0.192,0.196,0.256,0.214,0.403
2015-06-28 18:00:00,0.134,0.194,0.078,0.063,0.194,0.075,0.062,0.107,0.149,0.068,0.097,0.173,0.052,0.096,0.144,0.099,0.28
2015-06-28 19:00:00,0.05,0.055,0.038,0.024,0.089,0.033,0.018,0.034,0.027,0.017,0.046,0.075,0.019,0.039,0.057,0.028,0.115
2015-06-28 20:00:00,0.0,0.0,0.0,0.0,0.0,0.0,0.0,0.0,0.0,0.0,0.0,0.0,0.0,0.0,0.0,0.0,0.0
2015-06-28 21:00:00,0.0,0.0,0.0,0.0,0.0,0.0,0.0,0.0,0.0,0.0,0.0,0.0,0.0,0.0,0.0,0.0,0.0
2015-06-28 22:00:00,0.0,0.0,0.0,0.0,0.0,0.0,0.0,0.0,0.0,0.0,0.0,0.0,0.0,0.0,0.0,0.0,0.0
2015-06-28 23:00:00,0.0,0.0,0.0,0.0,0.0,0.0,0.0,0.0,0.0,0.0,0.0,0.0,0.0,0.0,0.0,0.0,0.0
2015-06-29 00:00:00,0.0,0.0,0.0,0.0,0.0,0.0,0.0,0.0,0.0,0.0,0.0,0.0,0.0,0.0,0.0,0.0,0.0
2015-06-29 01:00:00,0.0,0.0,0.0,0.0,0.0,0.0,0.0,0.0,0.0,0.0,0.0,0.0,0.0,0.0,0.0,0.0,0.0
2015-06-29 02:00:00,0.0,0.0,0.0,0.0,0.0,0.0,0.0,0.0,0.0,0.0,0.0,0.0,0.0,0.0,0.0,0.0,0.0
2015-06-29 03:00:00,0.0,0.0,0.0,0.0,0.0,0.0,0.0,0.0,0.0,0.0,0.002,0.0,0.0,0.0,0.001,0.0,0.0
2015-06-29 04:00:00,0.014,0.012,0.017,0.027,0.006,0.007,0.005,0.017,0.013,0.02,0.022,0.024,0.002,0.017,0.019,0.013,0.011
2015-06-29 05:00:00,0.045,0.045,0.06,0.058,0.022,0.03,0.013,0.042,0.055,0.049,0.048,0.064,0.019,0.037,0.05,0.052,0.037
2015-06-29 06:00:00,0.088,0.089,0.117,0.084,0.054,0.066,0.031,0.071,0.104,0.098,0.079,0.115,0.058,0.067,0.08,0.107,0.084
2015-06-29 07:00:00,0.121,0.116,0.124,0.115,0.114,0.114,0.053,0.108,0.139,0.132,0.112,0.149,0.105,0.062,0.106,0.132,0.134
2015-06-29 08:00:00,0.171,0.164,0.187,0.183,0.152,0.161,0.126,0.171,0.204,0.185,0.165,0.196,0.167,0.12,0.135,0.186,0.168
2015-06-29 09:00:00,0.242,0.253,0.266,0.235,0.233,0.217,0.203,0.21,0.262,0.261,0.275,0.271,0.262,0.148,0.214,0.253,0.24
2015-06-29 10:00:00,0.282,0.322,0.264,0.318,0.321,0.216,0.171,0.205,0.257,0.305,0.346,0.287,0.265,0.138,0.266,0.283,0.312
2015-06-29 11:00:00,0.336,0.347,0.336,0.366,0.408,0.319,0.272,0.299,0.274,0.392,0.346,0.37,0.305,0.219,0.282,0.325,0.358
2015-06-29 12:00:00,0.358,0.368,0.305,0.411,0.457,0.303,0.304,0.293,0.33,0.32,0.402,0.354,0.306,0.218,0.346,0.349,0.409
2015-06-29 13:00:00,0.368,0.39,0.345,0.39,0.466,0.31,0.28,0.31,0.455,0.395,0.251,0.337,0.317,0.258,0.298,0.394,0.404
2015-06-29 14:00:00,0.389,0.459,0.37,0.294,0.485,0.353,0.262,0.349,0.414,0.32,0.352,0.372,0.34,0.296,0.381,0.408,0.408
2015-06-29 15:00:00,0.346,0.364,0.32,0.173,0.43,0.333,0.243,0.369,0.371,0.3,0.257,0.376,0.312,0.277,0.332,0.339,0.457
2015-06-29 16:00:00,0.33,0.356,0.327,0.183,0.387,0.298,0.193,0.343,0.308,0.32,0.245,0.38,0.337,0.217,0.31,0.324,0.446
2015-06-29 17:00:00,0.265,0.249,0.284,0.178,0.293,0.208,0.138,0.26,0.203,0.183,0.234,0.349,0.233,0.183,0.24,0.273,0.367
2015-06-29 18:00:00,0.177,0.197,0.206,0.078,0.205,0.144,0.095,0.123,0.134,0.078,0.099,0.249,0.117,0.112,0.132,0.214,0.239
2015-06-29 19:00:00,0.065,0.077,0.089,0.011,0.08,0.05,0.013,0.035,0.064,0.004,0.038,0.104,0.046,0.022,0.045,0.075,0.102
2015-06-29 20:00:00,0.0,0.0,0.0,0.0,0.0,0.0,0.0,0.0,0.0,0.0,0.0,0.0,0.0,0.0,0.0,0.0,0.0
2015-06-29 21:00:00,0.0,0.0,0.0,0.0,0.0,0.0,0.0,0.0,0.0,0.0,0.0,0.0,0.0,0.0,0.0,0.0,0.0
2015-06-29 22:00:00,0.0,0.0,0.0,0.0,0.0,0.0,0.0,0.0,0.0,0.0,0.0,0.0,0.0,0.0,0.0,0.0,0.0
2015-06-29 23:00:00,0.0,0.0,0.0,0.0,0.0,0.0,0.0,0.0,0.0,0.0,0.0,0.0,0.0,0.0,0.0,0.0,0.0
2015-06-30 00:00:00,0.0,0.0,0.0,0.0,0.0,0.0,0.0,0.0,0.0,0.0,0.0,0.0,0.0,0.0,0.0,0.0,0.0
2015-06-30 01:00:00,0.0,0.0,0.0,0.0,0.0,0.0,0.0,0.0,0.0,0.0,0.0,0.0,0.0,0.0,0.0,0.0,0.0
2015-06-30 02:00:00,0.0,0.0,0.0,0.0,0.0,0.0,0.0,0.0,0.0,0.0,0.0,0.0,0.0,0.0,0.0,0.0,0.0
2015-06-30 03:00:00,0.0,0.0,0.0,0.0,0.0,0.0,0.0,0.0,0.0,0.0,0.001,0.0,0.0,0.0,0.001,0.0,0.0
2015-06-30 04:00:00,0.016,0.011,0.016,0.012,0.011,0.018,0.016,0.02,0.013,0.013,0.024,0.021,0.016,0.016,0.025,0.013,0.016
2015-06-30 05:00:00,0.045,0.042,0.04,0.039,0.043,0.048,0.055,0.049,0.05,0.039,0.045,0.054,0.046,0.046,0.051,0.04,0.051
2015-06-30 06:00:00,0.076,0.068,0.077,0.068,0.075,0.073,0.099,0.075,0.07,0.07,0.077,0.098,0.073,0.073,0.08,0.068,0.091
2015-06-30 07:00:00,0.108,0.108,0.107,0.103,0.118,0.094,0.091,0.1,0.096,0.098,0.103,0.114,0.086,0.107,0.102,0.106,0.134
2015-06-30 08:00:00,0.159,0.155,0.156,0.148,0.158,0.166,0.156,0.172,0.145,0.185,0.172,0.168,0.152,0.162,0.156,0.156,0.157
2015-06-30 09:00:00,0.243,0.224,0.225,0.256,0.218,0.272,0.282,0.265,0.252,0.26,0.276,0.256,0.279,0.292,0.228,0.231,0.244
2015-06-30 10:00:00,0.344,0.322,0.316,0.348,0.342,0.359,0.365,0.358,0.359,0.366,0.373,0.358,0.398,0.382,0.298,0.328,0.376
2015-06-30 11:00:00,0.43,0.428,0.381,0.458,0.431,0.395,0.423,0.395,0.442,0.426,0.41,0.439,0.441,0.406,0.37,0.447,0.49
2015-06-30 12:00:00,0.477,0.454,0.503,0.538,0.464,0.416,0.443,0.469,0.48,0.47,0.437,0.523,0.411,0.452,0.403,0.491,0.524
2015-06-30 13:00:00,0.502,0.468,0.538,0.545,0.482,0.47,0.529,0.499,0.483,0.467,0.435,0.578,0.474,0.495,0.474,0.502,0.536
2015-06-30 14:00:00,0.487,0.499,0.454,0.559,0.451,0.445,0.51,0.485,0.507,0.412,0.463,0.575,0.498,0.464,0.464,0.482,0.516
2015-06-30 15:00:00,0.477,0.524,0.481,0.454,0.459,0.466,0.472,0.444,0.445,0.45,0.462,0.591,0.444,0.434,0.413,0.477,0.511
2015-06-30 16:00:00,0.413,0.462,0.424,0.357,0.472,0.408,0.379,0.361,0.389,0.362,0.313,0.529,0.38,0.343,0.318,0.415,0.47
2015-06-30 17:00:00,0.325,0.364,0.282,0.247,0.375,0.287,0.331,0.291,0.294,0.292,0.192,0.43,0.294,0.281,0.27,0.319,0.442
2015-06-30 18:00:00,0.214,0.236,0.202,0.149,0.272,0.153,0.169,0.17,0.122,0.148,0.147,0.298,0.144,0.19,0.197,0.211,0.307
2015-06-30 19:00:00,0.092,0.098,0.104,0.041,0.126,0.049,0.066,0.059,0.04,0.021,0.047,0.136,0.039,0.06,0.085,0.101,0.148
2015-06-30 20:00:00,0.0,0.0,0.0,0.0,0.0,0.0,0.0,0.0,0.0,0.0,0.0,0.0,0.0,0.0,0.0,0.0,0.0
2015-06-30 21:00:00,0.0,0.0,0.0,0.0,0.0,0.0,0.0,0.0,0.0,0.0,0.0,0.0,0.0,0.0,0.0,0.0,0.0
2015-06-30 22:00:00,0.0,0.0,0.0,0.0,0.0,0.0,0.0,0.0,0.0,0.0,0.0,0.0,0.0,0.0,0.0,0.0,0.0
2015-06-30 23:00:00,0.0,0.0,0.0,0.0,0.0,0.0,0.0,0.0,0.0,0.0,0.0,0.0,0.0,0.0,0.0,0.0,0.0
2015-07-01 00:00:00,0.0,0.0,0.0,0.0,0.0,0.0,0.0,0.0,0.0,0.0,0.0,0.0,0.0,0.0,0.0,0.0,0.0
2015-07-01 01:00:00,0.0,0.0,0.0,0.0,0.0,0.0,0.0,0.0,0.0,0.0,0.0,0.0,0.0,0.0,0.0,0.0,0.0
2015-07-01 02:00:00,0.0,0.0,0.0,0.0,0.0,0.0,0.0,0.0,0.0,0.0,0.0,0.0,0.0,0.0,0.0,0.0,0.0
2015-07-01 03:00:00,0.0,0.0,0.0,0.0,0.0,0.0,0.0,0.0,0.0,0.0,0.002,0.0,0.0,0.0,0.002,0.0,0.0
2015-07-01 04:00:00,0.018,0.011,0.022,0.022,0.011,0.019,0.015,0.021,0.014,0.021,0.027,0.023,0.013,0.017,0.027,0.016,0.015
2015-07-01 05:00:00,0.045,0.039,0.051,0.048,0.037,0.053,0.043,0.048,0.045,0.051,0.052,0.049,0.043,0.049,0.055,0.044,0.039
2015-07-01 06:00:00,0.067,0.062,0.068,0.073,0.059,0.078,0.069,0.072,0.066,0.074,0.075,0.067,0.069,0.082,0.077,0.065,0.059
2015-07-01 07:00:00,0.089,0.08,0.084,0.1,0.075,0.106,0.109,0.091,0.088,0.113,0.102,0.082,0.109,0.103,0.11,0.084,0.074
2015-07-01 08:00:00,0.139,0.119,0.134,0.17,0.103,0.165,0.178,0.165,0.136,0.181,0.193,0.123,0.16,0.172,0.179,0.128,0.101
2015-07-01 09:00:00,0.266,0.257,0.272,0.281,0.241,0.295,0.253,0.299,0.257,0.273,0.313,0.259,0.254,0.262,0.287,0.263,0.238
2015-07-01 10:00:00,0.381,0.388,0.4,0.386,0.378,0.405,0.325,0.417,0.349,0.313,0.418,0.384,0.348,0.33,0.354,0.39,0.374
2015-07-01 11:00:00,0.478,0.475,0.505,0.469,0.495,0.509,0.399,0.5,0.391,0.417,0.482,0.471,0.412,0.446,0.399,0.506,0.493
2015-07-01 12:00:00,0.536,0.537,0.534,0.563,0.584,0.583,0.47,0.51,0.445,0.466,0.475,0.522,0.459,0.524,0.415,0.581,0.567
2015-07-01 13:00:00,0.547,0.553,0.418,0.601,0.642,0.597,0.518,0.504,0.433,0.42,0.4,0.563,0.475,0.535,0.43,0.605,0.6
2015-07-01 14:00:00,0.553,0.64,0.381,0.585,0.657,0.59,0.425,0.459,0.432,0.485,0.367,0.634,0.366,0.574,0.49,0.607,0.574
2015-07-01 15:00:00,0.516,0.535,0.369,0.491,0.644,0.571,0.454,0.409,0.343,0.399,0.277,0.63,0.353,0.565,0.475,0.565,0.574
2015-07-01 16:00:00,0.483,0.507,0.41,0.382,0.582,0.486,0.357,0.404,0.304,0.391,0.411,0.562,0.339,0.502,0.499,0.506,0.548
2015-07-01 17:00:00,0.395,0.415,0.4,0.305,0.473,0.396,0.315,0.305,0.332,0.304,0.285,0.46,0.355,0.397,0.36,0.418,0.451
2015-07-01 18:00:00,0.265,0.286,0.271,0.193,0.313,0.249,0.195,0.233,0.213,0.171,0.189,0.317,0.207,0.215,0.258,0.275,0.328
2015-07-01 19:00:00,0.106,0.116,0.112,0.049,0.136,0.088,0.066,0.076,0.094,0.022,0.059,0.138,0.08,0.068,0.098,0.116,0.152
2015-07-01 20:00:00,0.0,0.0,0.0,0.0,0.0,0.0,0.0,0.0,0.0,0.0,0.0,0.0,0.0,0.0,0.0,0.0,0.0
2015-07-01 21:00:00,0.0,0.0,0.0,0.0,0.0,0.0,0.0,0.0,0.0,0.0,0.0,0.0,0.0,0.0,0.0,0.0,0.0
2015-07-01 22:00:00,0.0,0.0,0.0,0.0,0.0,0.0,0.0,0.0,0.0,0.0,0.0,0.0,0.0,0.0,0.0,0.0,0.0
2015-07-01 23:00:00,0.0,0.0,0.0,0.0,0.0,0.0,0.0,0.0,0.0,0.0,0.0,0.0,0.0,0.0,0.0,0.0,0.0
2015-07-02 00:00:00,0.0,0.0,0.0,0.0,0.0,0.0,0.0,0.0,0.0,0.0,0.0,0.0,0.0,0.0,0.0,0.0,0.0
2015-07-02 01:00:00,0.0,0.0,0.0,0.0,0.0,0.0,0.0,0.0,0.0,0.0,0.0,0.0,0.0,0.0,0.0,0.0,0.0
2015-07-02 02:00:00,0.0,0.0,0.0,0.0,0.0,0.0,0.0,0.0,0.0,0.0,0.0,0.0,0.0,0.0,0.0,0.0,0.0
2015-07-02 03:00:00,0.0,0.0,0.0,0.0,0.0,0.0,0.0,0.0,0.0,0.0,0.002,0.0,0.0,0.0,0.001,0.0,0.0
2015-07-02 04:00:00,0.017,0.012,0.018,0.024,0.011,0.018,0.016,0.022,0.013,0.021,0.027,0.02,0.015,0.02,0.024,0.015,0.014
2015-07-02 05:00:00,0.043,0.039,0.043,0.051,0.037,0.045,0.045,0.048,0.041,0.049,0.05,0.042,0.043,0.047,0.047,0.041,0.038
2015-07-02 06:00:00,0.063,0.063,0.063,0.072,0.057,0.065,0.067,0.067,0.063,0.071,0.068,0.06,0.064,0.071,0.065,0.062,0.057
2015-07-02 07:00:00,0.079,0.078,0.078,0.088,0.073,0.082,0.086,0.083,0.08,0.087,0.083,0.074,0.08,0.086,0.079,0.078,0.072
2015-07-02 08:00:00,0.131,0.115,0.128,0.178,0.1,0.147,0.157,0.157,0.13,0.18,0.169,0.118,0.141,0.164,0.149,0.121,0.097
2015-07-02 09:00:00,0.27,0.254,0.268,0.321,0.236,0.284,0.298,0.298,0.269,0.321,0.309,0.257,0.281,0.301,0.289,0.259,0.235
2015-07-02 10:00:00,0.399,0.389,0.402,0.442,0.37,0.4,0.423,0.415,0.401,0.428,0.423,0.392,0.402,0.418,0.421,0.392,0.371
2015-07-02 11:00:00,0.498,0.501,0.515,0.53,0.487,0.461,0.468,0.511,0.489,0.525,0.501,0.509,0.446,0.443,0.52,0.497,0.489
2015-07-02 12:00:00,0.58,0.588,0.587,0.594,0.575,0.543,0.537,0.599,0.582,0.582,0.593,0.597,0.496,0.55,0.6,0.578,0.58
2015-07-02 13:00:00,0.62,0.638,0.646,0.596,0.63,0.585,0.492,0.63,0.599,0.608,0.629,0.651,0.411,0.528,0.654,0.629,0.639
2015-07-02 14:00:00,0.629,0.656,0.664,0.57,0.651,0.548,0.509,0.645,0.602,0.562,0.643,0.67,0.442,0.528,0.667,0.637,0.661
2015-07-02 15:00:00,0.612,0.633,0.639,0.522,0.633,0.562,0.498,0.616,0.566,0.565,0.626,0.65,0.471,0.545,0.636,0.622,0.646
2015-07-02 16:00:00,0.551,0.568,0.575,0.466,0.573,0.536,0.445,0.55,0.54,0.415,0.545,0.586,0.435,0.506,0.562,0.569,0.59
2015-07-02 17:00:00,0.443,0.454,0.459,0.361,0.467,0.429,0.409,0.427,0.434,0.311,0.421,0.476,0.425,0.406,0.442,0.455,0.487
2015-07-02 18:00:00,0.281,0.291,0.296,0.202,0.312,0.26,0.238,0.254,0.266,0.179,0.245,0.316,0.253,0.231,0.273,0.295,0.336
2015-07-02 19:00:00,0.109,0.114,0.119,0.053,0.133,0.091,0.077,0.087,0.095,0.024,0.081,0.137,0.084,0.073,0.103,0.118,0.156
2015-07-02 20:00:00,0.0,0.0,0.0,0.0,0.0,0.0,0.0,0.0,0.0,0.0,0.0,0.0,0.0,0.0,0.0,0.0,0.0
2015-07-02 21:00:00,0.0,0.0,0.0,0.0,0.0,0.0,0.0,0.0,0.0,0.0,0.0,0.0,0.0,0.0,0.0,0.0,0.0
2015-07-02 22:00:00,0.0,0.0,0.0,0.0,0.0,0.0,0.0,0.0,0.0,0.0,0.0,0.0,0.0,0.0,0.0,0.0,0.0
2015-07-02 23:00:00,0.0,0.0,0.0,0.0,0.0,0.0,0.0,0.0,0.0,0.0,0.0,0.0,0.0,0.0,0.0,0.0,0.0
2015-07-03 00:00:00,0.0,0.0,0.0,0.0,0.0,0.0,0.0,0.0,0.0,0.0,0.0,0.0,0.0,0.0,0.0,0.0,0.0
2015-07-03 01:00:00,0.0,0.0,0.0,0.0,0.0,0.0,0.0,0.0,0.0,0.0,0.0,0.0,0.0,0.0,0.0,0.0,0.0
2015-07-03 02:00:00,0.0,0.0,0.0,0.0,0.0,0.0,0.0,0.0,0.0,0.0,0.0,0.0,0.0,0.0,0.0,0.0,0.0
2015-07-03 03:00:00,0.0,0.0,0.0,0.0,0.0,0.0,0.0,0.0,0.0,0.0,0.002,0.0,0.0,0.0,0.001,0.0,0.0
2015-07-03 04:00:00,0.017,0.011,0.018,0.024,0.01,0.018,0.016,0.022,0.013,0.021,0.026,0.019,0.015,0.02,0.023,0.015,0.014
2015-07-03 05:00:00,0.042,0.038,0.042,0.049,0.036,0.044,0.044,0.046,0.04,0.048,0.048,0.041,0.042,0.046,0.045,0.04,0.037
2015-07-03 06:00:00,0.061,0.059,0.061,0.069,0.056,0.064,0.066,0.065,0.062,0.069,0.065,0.059,0.063,0.067,0.062,0.06,0.056
2015-07-03 07:00:00,0.076,0.076,0.076,0.084,0.071,0.079,0.083,0.08,0.078,0.085,0.079,0.072,0.08,0.083,0.076,0.076,0.071
2015-07-03 08:00:00,0.127,0.112,0.124,0.174,0.096,0.141,0.154,0.152,0.127,0.172,0.162,0.115,0.14,0.159,0.143,0.117,0.095
2015-07-03 09:00:00,0.265,0.251,0.262,0.316,0.231,0.281,0.299,0.291,0.268,0.313,0.301,0.252,0.28,0.297,0.281,0.255,0.23
2015-07-03 10:00:00,0.395,0.386,0.394,0.435,0.364,0.412,0.427,0.42,0.401,0.429,0.429,0.384,0.414,0.41,0.41,0.388,0.364
2015-07-03 11:00:00,0.507,0.501,0.507,0.54,0.479,0.521,0.54,0.528,0.513,0.513,0.534,0.499,0.524,0.529,0.518,0.501,0.481
2015-07-03 12:00:00,0.589,0.587,0.59,0.614,0.567,0.6,0.623,0.605,0.594,0.582,0.609,0.585,0.605,0.598,0.597,0.585,0.571
2015-07-03 13:00:00,0.639,0.638,0.64,0.661,0.623,0.646,0.659,0.65,0.64,0.61,0.65,0.638,0.652,0.647,0.643,0.636,0.628
2015-07-03 14:00:00,0.653,0.653,0.654,0.661,0.643,0.654,0.67,0.657,0.649,0.658,0.654,0.655,0.659,0.653,0.652,0.652,0.652
2015-07-03 15:00:00,0.627,0.627,0.63,0.62,0.627,0.624,0.637,0.624,0.615,0.617,0.619,0.635,0.63,0.621,0.623,0.629,0.639
2015-07-03 16:00:00,0.56,0.565,0.564,0.533,0.569,0.55,0.554,0.548,0.554,0.526,0.541,0.572,0.554,0.539,0.551,0.565,0.584
2015-07-03 17:00:00,0.445,0.452,0.452,0.398,0.465,0.428,0.421,0.424,0.434,0.394,0.417,0.465,0.428,0.408,0.435,0.454,0.484
2015-07-03 18:00:00,0.282,0.293,0.292,0.217,0.312,0.258,0.239,0.253,0.271,0.208,0.245,0.31,0.254,0.229,0.271,0.294,0.334
2015-07-03 19:00:00,0.109,0.118,0.117,0.055,0.135,0.09,0.077,0.087,0.097,0.019,0.083,0.135,0.085,0.072,0.103,0.12,0.151
2015-07-03 20:00:00,0.0,0.0,0.0,0.0,0.0,0.0,0.0,0.0,0.0,0.0,0.0,0.0,0.0,0.0,0.0,0.0,0.0
2015-07-03 21:00:00,0.0,0.0,0.0,0.0,0.0,0.0,0.0,0.0,0.0,0.0,0.0,0.0,0.0,0.0,0.0,0.0,0.0
2015-07-03 22:00:00,0.0,0.0,0.0,0.0,0.0,0.0,0.0,0.0,0.0,0.0,0.0,0.0,0.0,0.0,0.0,0.0,0.0
2015-07-03 23:00:00,0.0,0.0,0.0,0.0,0.0,0.0,0.0,0.0,0.0,0.0,0.0,0.0,0.0,0.0,0.0,0.0,0.0
2015-07-04 00:00:00,0.0,0.0,0.0,0.0,0.0,0.0,0.0,0.0,0.0,0.0,0.0,0.0,0.0,0.0,0.0,0.0,0.0
2015-07-04 01:00:00,0.0,0.0,0.0,0.0,0.0,0.0,0.0,0.0,0.0,0.0,0.0,0.0,0.0,0.0,0.0,0.0,0.0
2015-07-04 02:00:00,0.0,0.0,0.0,0.0,0.0,0.0,0.0,0.0,0.0,0.0,0.0,0.0,0.0,0.0,0.0,0.0,0.0
2015-07-04 03:00:00,0.0,0.0,0.0,0.0,0.0,0.0,0.0,0.0,0.0,0.0,0.002,0.0,0.0,0.0,0.001,0.0,0.0
2015-07-04 04:00:00,0.016,0.01,0.017,0.023,0.01,0.018,0.016,0.021,0.012,0.02,0.025,0.019,0.014,0.019,0.023,0.014,0.013
2015-07-04 05:00:00,0.041,0.038,0.042,0.048,0.035,0.043,0.043,0.045,0.04,0.047,0.047,0.041,0.041,0.045,0.044,0.039,0.036
2015-07-04 06:00:00,0.06,0.059,0.061,0.067,0.055,0.063,0.066,0.064,0.061,0.067,0.064,0.058,0.063,0.066,0.061,0.059,0.054
2015-07-04 07:00:00,0.075,0.074,0.075,0.082,0.069,0.078,0.081,0.078,0.077,0.083,0.077,0.071,0.078,0.081,0.075,0.075,0.069
2015-07-04 08:00:00,0.123,0.109,0.121,0.169,0.093,0.138,0.15,0.148,0.123,0.168,0.158,0.111,0.136,0.155,0.141,0.114,0.091
2015-07-04 09:00:00,0.258,0.243,0.256,0.307,0.224,0.275,0.291,0.286,0.259,0.307,0.294,0.246,0.274,0.294,0.276,0.249,0.223
2015-07-04 10:00:00,0.387,0.374,0.385,0.433,0.352,0.404,0.423,0.413,0.388,0.434,0.419,0.376,0.403,0.422,0.404,0.378,0.355
2015-07-04 11:00:00,0.496,0.485,0.495,0.536,0.463,0.511,0.517,0.519,0.496,0.537,0.523,0.487,0.508,0.527,0.509,0.488,0.467
2015-07-04 12:00:00,0.576,0.567,0.578,0.608,0.547,0.589,0.578,0.596,0.569,0.608,0.597,0.57,0.585,0.602,0.589,0.57,0.554
2015-07-04 13:00:00,0.62,0.613,0.627,0.644,0.568,0.634,0.61,0.638,0.614,0.644,0.637,0.624,0.623,0.641,0.633,0.621,0.606
2015-07-04 14:00:00,0.631,0.625,0.64,0.643,0.586,0.641,0.604,0.644,0.625,0.64,0.637,0.64,0.624,0.645,0.639,0.635,0.629
2015-07-04 15:00:00,0.604,0.601,0.617,0.603,0.578,0.6,0.532,0.612,0.59,0.59,0.607,0.622,0.532,0.609,0.613,0.614,0.617
2015-07-04 16:00:00,0.537,0.538,0.552,0.517,0.511,0.538,0.537,0.536,0.534,0.509,0.529,0.562,0.528,0.528,0.54,0.551,0.534
2015-07-04 17:00:00,0.42,0.411,0.441,0.387,0.393,0.417,0.409,0.413,0.397,0.378,0.405,0.456,0.387,0.401,0.424,0.442,0.422
2015-07-04 18:00:00,0.26,0.268,0.285,0.21,0.234,0.252,0.233,0.244,0.249,0.193,0.236,0.302,0.237,0.226,0.264,0.287,0.268
2015-07-04 19:00:00,0.099,0.096,0.116,0.051,0.111,0.089,0.076,0.084,0.09,0.019,0.079,0.131,0.081,0.073,0.101,0.108,0.13
2015-07-04 20:00:00,0.0,0.0,0.0,0.0,0.0,0.0,0.0,0.0,0.0,0.0,0.0,0.0,0.0,0.0,0.0,0.0,0.0
2015-07-04 21:00:00,0.0,0.0,0.0,0.0,0.0,0.0,0.0,0.0,0.0,0.0,0.0,0.0,0.0,0.0,0.0,0.0,0.0
2015-07-04 22:00:00,0.0,0.0,0.0,0.0,0.0,0.0,0.0,0.0,0.0,0.0,0.0,0.0,0.0,0.0,0.0,0.0,0.0
2015-07-04 23:00:00,0.0,0.0,0.0,0.0,0.0,0.0,0.0,0.0,0.0,0.0,0.0,0.0,0.0,0.0,0.0,0.0,0.0
2015-07-05 00:00:00,0.0,0.0,0.0,0.0,0.0,0.0,0.0,0.0,0.0,0.0,0.0,0.0,0.0,0.0,0.0,0.0,0.0
2015-07-05 01:00:00,0.0,0.0,0.0,0.0,0.0,0.0,0.0,0.0,0.0,0.0,0.0,0.0,0.0,0.0,0.0,0.0,0.0
2015-07-05 02:00:00,0.0,0.0,0.0,0.0,0.0,0.0,0.0,0.0,0.0,0.0,0.0,0.0,0.0,0.0,0.0,0.0,0.0
2015-07-05 03:00:00,0.0,0.0,0.0,0.0,0.0,0.0,0.0,0.0,0.0,0.0,0.002,0.0,0.0,0.0,0.001,0.0,0.0
2015-07-05 04:00:00,0.016,0.01,0.016,0.024,0.008,0.018,0.015,0.023,0.012,0.02,0.031,0.016,0.015,0.019,0.025,0.013,0.013
2015-07-05 05:00:00,0.042,0.035,0.04,0.053,0.035,0.042,0.043,0.046,0.039,0.047,0.057,0.04,0.041,0.047,0.047,0.037,0.043
2015-07-05 06:00:00,0.063,0.058,0.061,0.079,0.059,0.062,0.065,0.065,0.06,0.071,0.068,0.061,0.069,0.068,0.066,0.059,0.066
2015-07-05 07:00:00,0.098,0.102,0.095,0.081,0.079,0.089,0.089,0.086,0.103,0.081,0.085,0.103,0.099,0.088,0.101,0.114,0.106
2015-07-05 08:00:00,0.143,0.128,0.133,0.166,0.13,0.144,0.152,0.15,0.151,0.165,0.159,0.162,0.137,0.155,0.154,0.139,0.12
2015-07-05 09:00:00,0.251,0.237,0.228,0.302,0.222,0.272,0.285,0.284,0.269,0.302,0.288,0.261,0.27,0.287,0.271,0.227,0.227
2015-07-05 10:00:00,0.363,0.336,0.357,0.426,0.324,0.388,0.413,0.405,0.367,0.427,0.388,0.363,0.397,0.413,0.381,0.337,0.343
2015-07-05 11:00:00,0.462,0.427,0.451,0.525,0.433,0.485,0.51,0.503,0.474,0.529,0.492,0.457,0.5,0.515,0.489,0.425,0.456
2015-07-05 12:00:00,0.529,0.467,0.52,0.578,0.528,0.557,0.572,0.571,0.473,0.58,0.549,0.533,0.564,0.59,0.546,0.494,0.538
2015-07-05 13:00:00,0.558,0.448,0.551,0.617,0.559,0.598,0.611,0.605,0.471,0.587,0.578,0.565,0.606,0.627,0.555,0.53,0.587
2015-07-05 14:00:00,0.554,0.502,0.571,0.605,0.501,0.592,0.573,0.548,0.512,0.583,0.523,0.588,0.568,0.633,0.542,0.539,0.606
2015-07-05 15:00:00,0.518,0.452,0.557,0.56,0.476,0.576,0.595,0.482,0.423,0.535,0.41,0.579,0.556,0.596,0.526,0.496,0.589
2015-07-05 16:00:00,0.452,0.419,0.495,0.47,0.431,0.487,0.491,0.448,0.39,0.426,0.346,0.482,0.46,0.503,0.511,0.417,0.528
2015-07-05 17:00:00,0.35,0.355,0.385,0.302,0.308,0.378,0.397,0.334,0.331,0.313,0.298,0.402,0.348,0.382,0.387,0.327,0.41
2015-07-05 18:00:00,0.208,0.229,0.23,0.118,0.23,0.224,0.221,0.186,0.22,0.147,0.172,0.271,0.21,0.206,0.225,0.188,0.24
2015-07-05 19:00:00,0.075,0.068,0.101,0.03,0.079,0.082,0.073,0.068,0.068,0.013,0.06,0.115,0.073,0.069,0.088,0.075,0.084
2015-07-05 20:00:00,0.0,0.0,0.0,0.0,0.0,0.0,0.0,0.0,0.0,0.0,0.0,0.0,0.0,0.0,0.0,0.0,0.0
2015-07-05 21:00:00,0.0,0.0,0.0,0.0,0.0,0.0,0.0,0.0,0.0,0.0,0.0,0.0,0.0,0.0,0.0,0.0,0.0
2015-07-05 22:00:00,0.0,0.0,0.0,0.0,0.0,0.0,0.0,0.0,0.0,0.0,0.0,0.0,0.0,0.0,0.0,0.0,0.0
2015-07-05 23:00:00,0.0,0.0,0.0,0.0,0.0,0.0,0.0,0.0,0.0,0.0,0.0,0.0,0.0,0.0,0.0,0.0,0.0
2015-07-06 00:00:00,0.0,0.0,0.0,0.0,0.0,0.0,0.0,0.0,0.0,0.0,0.0,0.0,0.0,0.0,0.0,0.0,0.0
2015-07-06 01:00:00,0.0,0.0,0.0,0.0,0.0,0.0,0.0,0.0,0.0,0.0,0.0,0.0,0.0,0.0,0.0,0.0,0.0
2015-07-06 02:00:00,0.0,0.0,0.0,0.0,0.0,0.0,0.0,0.0,0.0,0.0,0.0,0.0,0.0,0.0,0.0,0.0,0.0
2015-07-06 03:00:00,0.0,0.0,0.0,0.0,0.0,0.0,0.0,0.0,0.0,0.0,0.001,0.0,0.0,0.0,0.001,0.0,0.0
2015-07-06 04:00:00,0.015,0.008,0.017,0.022,0.007,0.016,0.014,0.02,0.01,0.019,0.024,0.019,0.013,0.017,0.024,0.013,0.011
2015-07-06 05:00:00,0.041,0.038,0.041,0.046,0.034,0.04,0.041,0.044,0.036,0.044,0.045,0.054,0.038,0.042,0.052,0.037,0.036
2015-07-06 06:00:00,0.066,0.063,0.064,0.064,0.071,0.06,0.062,0.062,0.067,0.064,0.062,0.084,0.06,0.063,0.082,0.061,0.068
2015-07-06 07:00:00,0.096,0.113,0.113,0.081,0.093,0.078,0.077,0.083,0.082,0.08,0.122,0.121,0.075,0.079,0.119,0.097,0.068
2015-07-06 08:00:00,0.137,0.122,0.175,0.163,0.102,0.134,0.143,0.143,0.125,0.16,0.173,0.106,0.13,0.147,0.159,0.147,0.094
2015-07-06 09:00:00,0.21,0.219,0.143,0.296,0.157,0.257,0.278,0.268,0.227,0.292,0.285,0.1,0.257,0.278,0.249,0.189,0.183
2015-07-06 10:00:00,0.285,0.291,0.189,0.413,0.207,0.335,0.402,0.35,0.356,0.373,0.387,0.113,0.362,0.379,0.249,0.265,0.321
2015-07-06 11:00:00,0.367,0.359,0.307,0.503,0.384,0.405,0.496,0.363,0.446,0.439,0.413,0.276,0.443,0.468,0.249,0.308,0.467
2015-07-06 12:00:00,0.419,0.411,0.298,0.519,0.554,0.441,0.547,0.344,0.451,0.506,0.377,0.479,0.447,0.465,0.244,0.351,0.547
2015-07-06 13:00:00,0.478,0.539,0.446,0.476,0.607,0.478,0.558,0.409,0.467,0.533,0.233,0.614,0.469,0.459,0.254,0.467,0.571
2015-07-06 14:00:00,0.503,0.589,0.575,0.411,0.64,0.398,0.497,0.381,0.347,0.386,0.225,0.652,0.544,0.383,0.388,0.56,0.507
2015-07-06 15:00:00,0.482,0.62,0.593,0.397,0.523,0.337,0.481,0.343,0.415,0.25,0.23,0.642,0.403,0.423,0.466,0.567,0.411
2015-07-06 16:00:00,0.459,0.569,0.5,0.286,0.531,0.419,0.344,0.394,0.426,0.287,0.367,0.558,0.302,0.363,0.492,0.503,0.425
2015-07-06 17:00:00,0.383,0.451,0.348,0.267,0.449,0.334,0.282,0.345,0.372,0.255,0.311,0.477,0.279,0.221,0.391,0.414,0.41
2015-07-06 18:00:00,0.245,0.293,0.177,0.132,0.3,0.228,0.14,0.187,0.23,0.141,0.195,0.303,0.187,0.144,0.259,0.268,0.315
2015-07-06 19:00:00,0.094,0.115,0.047,0.031,0.135,0.079,0.056,0.063,0.085,0.008,0.049,0.126,0.07,0.056,0.096,0.106,0.142
2015-07-06 20:00:00,0.0,0.0,0.0,0.0,0.0,0.0,0.0,0.0,0.0,0.0,0.0,0.0,0.0,0.0,0.0,0.0,0.0
2015-07-06 21:00:00,0.0,0.0,0.0,0.0,0.0,0.0,0.0,0.0,0.0,0.0,0.0,0.0,0.0,0.0,0.0,0.0,0.0
2015-07-06 22:00:00,0.0,0.0,0.0,0.0,0.0,0.0,0.0,0.0,0.0,0.0,0.0,0.0,0.0,0.0,0.0,0.0,0.0
2015-07-06 23:00:00,0.0,0.0,0.0,0.0,0.0,0.0,0.0,0.0,0.0,0.0,0.0,0.0,0.0,0.0,0.0,0.0,0.0
2015-07-07 00:00:00,0.0,0.0,0.0,0.0,0.0,0.0,0.0,0.0,0.0,0.0,0.0,0.0,0.0,0.0,0.0,0.0,0.0
2015-07-07 01:00:00,0.0,0.0,0.0,0.0,0.0,0.0,0.0,0.0,0.0,0.0,0.0,0.0,0.0,0.0,0.0,0.0,0.0
2015-07-07 02:00:00,0.0,0.0,0.0,0.0,0.0,0.0,0.0,0.0,0.0,0.0,0.0,0.0,0.0,0.0,0.0,0.0,0.0
2015-07-07 03:00:00,0.0,0.0,0.0,0.0,0.0,0.0,0.0,0.0,0.0,0.0,0.002,0.0,0.0,0.0,0.001,0.0,0.0
2015-07-07 04:00:00,0.015,0.009,0.016,0.023,0.009,0.017,0.014,0.021,0.011,0.018,0.027,0.017,0.014,0.018,0.023,0.013,0.012
2015-07-07 05:00:00,0.041,0.037,0.041,0.048,0.035,0.043,0.042,0.046,0.039,0.046,0.048,0.043,0.041,0.045,0.045,0.039,0.038
2015-07-07 06:00:00,0.061,0.058,0.06,0.068,0.056,0.063,0.074,0.065,0.06,0.067,0.066,0.064,0.062,0.065,0.063,0.06,0.059
2015-07-07 07:00:00,0.079,0.075,0.076,0.086,0.071,0.079,0.115,0.08,0.077,0.105,0.082,0.086,0.078,0.081,0.079,0.075,0.08
2015-07-07 08:00:00,0.127,0.107,0.119,0.191,0.092,0.136,0.15,0.151,0.122,0.173,0.17,0.127,0.134,0.153,0.16,0.113,0.093
2015-07-07 09:00:00,0.257,0.244,0.261,0.293,0.227,0.278,0.29,0.286,0.26,0.307,0.282,0.247,0.271,0.294,0.258,0.25,0.228
2015-07-07 10:00:00,0.375,0.377,0.382,0.388,0.36,0.399,0.411,0.37,0.392,0.416,0.377,0.364,0.405,0.408,0.332,0.381,0.36
2015-07-07 11:00:00,0.486,0.49,0.498,0.504,0.475,0.514,0.52,0.479,0.502,0.526,0.5,0.453,0.513,0.523,0.431,0.494,0.47
2015-07-07 12:00:00,0.566,0.573,0.584,0.56,0.562,0.587,0.603,0.559,0.582,0.58,0.561,0.516,0.593,0.596,0.526,0.577,0.568
2015-07-07 13:00:00,0.623,0.623,0.633,0.641,0.616,0.636,0.647,0.642,0.629,0.636,0.632,0.595,0.637,0.641,0.555,0.628,0.629
2015-07-07 14:00:00,0.629,0.632,0.65,0.652,0.635,0.644,0.653,0.648,0.637,0.642,0.64,0.536,0.645,0.644,0.537,0.643,0.654
2015-07-07 15:00:00,0.609,0.605,0.625,0.611,0.614,0.613,0.62,0.613,0.609,0.605,0.598,0.581,0.614,0.61,0.553,0.618,0.635
2015-07-07 16:00:00,0.54,0.533,0.559,0.525,0.55,0.539,0.541,0.536,0.535,0.519,0.525,0.514,0.539,0.529,0.496,0.552,0.575
2015-07-07 17:00:00,0.424,0.405,0.445,0.39,0.416,0.418,0.411,0.412,0.403,0.383,0.402,0.446,0.414,0.401,0.408,0.441,0.458
2015-07-07 18:00:00,0.248,0.198,0.284,0.21,0.193,0.251,0.23,0.242,0.227,0.201,0.23,0.287,0.235,0.224,0.257,0.275,0.285
2015-07-07 19:00:00,0.056,0.054,0.043,0.042,0.057,0.067,0.07,0.077,0.072,0.009,0.077,0.045,0.077,0.066,0.095,0.058,0.02
2015-07-07 20:00:00,0.0,0.0,0.0,0.0,0.0,0.0,0.0,0.0,0.0,0.0,0.0,0.0,0.0,0.0,0.0,0.0,0.0
2015-07-07 21:00:00,0.0,0.0,0.0,0.0,0.0,0.0,0.0,0.0,0.0,0.0,0.0,0.0,0.0,0.0,0.0,0.0,0.0
2015-07-07 22:00:00,0.0,0.0,0.0,0.0,0.0,0.0,0.0,0.0,0.0,0.0,0.0,0.0,0.0,0.0,0.0,0.0,0.0
2015-07-07 23:00:00,0.0,0.0,0.0,0.0,0.0,0.0,0.0,0.0,0.0,0.0,0.0,0.0,0.0,0.0,0.0,0.0,0.0
2015-07-08 00:00:00,0.0,0.0,0.0,0.0,0.0,0.0,0.0,0.0,0.0,0.0,0.0,0.0,0.0,0.0,0.0,0.0,0.0
2015-07-08 01:00:00,0.0,0.0,0.0,0.0,0.0,0.0,0.0,0.0,0.0,0.0,0.0,0.0,0.0,0.0,0.0,0.0,0.0
2015-07-08 02:00:00,0.0,0.0,0.0,0.0,0.0,0.0,0.0,0.0,0.0,0.0,0.0,0.0,0.0,0.0,0.0,0.0,0.0
2015-07-08 03:00:00,0.0,0.0,0.0,0.0,0.0,0.0,0.0,0.0,0.0,0.0,0.001,0.0,0.0,0.0,0.0,0.0,0.0
2015-07-08 04:00:00,0.012,0.004,0.011,0.021,0.008,0.011,0.013,0.014,0.009,0.017,0.029,0.013,0.011,0.014,0.012,0.012,0.01
2015-07-08 05:00:00,0.048,0.048,0.062,0.053,0.043,0.049,0.04,0.04,0.043,0.042,0.061,0.052,0.041,0.039,0.029,0.055,0.042
2015-07-08 06:00:00,0.088,0.089,0.114,0.074,0.077,0.1,0.061,0.088,0.079,0.062,0.08,0.097,0.069,0.061,0.076,0.107,0.076
2015-07-08 07:00:00,0.121,0.105,0.138,0.109,0.111,0.118,0.1,0.113,0.114,0.131,0.143,0.111,0.095,0.12,0.144,0.135,0.094
2015-07-08 08:00:00,0.159,0.148,0.146,0.118,0.141,0.209,0.144,0.217,0.124,0.193,0.204,0.153,0.193,0.181,0.205,0.148,0.119
2015-07-08 09:00:00,0.236,0.206,0.24,0.217,0.213,0.264,0.266,0.281,0.178,0.288,0.266,0.226,0.237,0.282,0.257,0.231,0.22
2015-07-08 10:00:00,0.322,0.259,0.371,0.365,0.262,0.327,0.377,0.355,0.246,0.395,0.348,0.341,0.287,0.373,0.331,0.322,0.301
2015-07-08 11:00:00,0.405,0.371,0.463,0.479,0.342,0.361,0.437,0.391,0.349,0.494,0.456,0.443,0.351,0.439,0.389,0.4,0.401
2015-07-08 12:00:00,0.429,0.39,0.504,0.514,0.422,0.405,0.426,0.461,0.244,0.507,0.528,0.503,0.331,0.383,0.475,0.356,0.469
2015-07-08 13:00:00,0.439,0.457,0.419,0.491,0.517,0.383,0.397,0.449,0.207,0.433,0.561,0.519,0.361,0.299,0.531,0.343,0.527
2015-07-08 14:00:00,0.442,0.511,0.302,0.458,0.566,0.316,0.485,0.434,0.147,0.392,0.472,0.398,0.341,0.277,0.457,0.459,0.507
2015-07-08 15:00:00,0.391,0.391,0.444,0.306,0.445,0.24,0.28,0.327,0.109,0.373,0.365,0.423,0.2,0.296,0.342,0.451,0.501
2015-07-08 16:00:00,0.29,0.203,0.396,0.226,0.435,0.159,0.162,0.146,0.037,0.265,0.162,0.293,0.078,0.2,0.266,0.335,0.459
2015-07-08 17:00:00,0.194,0.224,0.16,0.167,0.333,0.044,0.079,0.089,0.018,0.158,0.065,0.262,0.033,0.123,0.152,0.191,0.382
2015-07-08 18:00:00,0.118,0.164,0.096,0.059,0.242,0.012,0.011,0.016,0.013,0.038,0.021,0.176,0.01,0.013,0.028,0.154,0.225
2015-07-08 19:00:00,0.055,0.069,0.067,0.0,0.124,0.002,0.0,0.002,0.002,0.0,0.003,0.108,0.0,0.0,0.016,0.064,0.114
2015-07-08 20:00:00,0.0,0.0,0.0,0.0,0.0,0.0,0.0,0.0,0.0,0.0,0.0,0.0,0.0,0.0,0.0,0.0,0.0
2015-07-08 21:00:00,0.0,0.0,0.0,0.0,0.0,0.0,0.0,0.0,0.0,0.0,0.0,0.0,0.0,0.0,0.0,0.0,0.0
2015-07-08 22:00:00,0.0,0.0,0.0,0.0,0.0,0.0,0.0,0.0,0.0,0.0,0.0,0.0,0.0,0.0,0.0,0.0,0.0
2015-07-08 23:00:00,0.0,0.0,0.0,0.0,0.0,0.0,0.0,0.0,0.0,0.0,0.0,0.0,0.0,0.0,0.0,0.0,0.0
2015-07-09 00:00:00,0.0,0.0,0.0,0.0,0.0,0.0,0.0,0.0,0.0,0.0,0.0,0.0,0.0,0.0,0.0,0.0,0.0
2015-07-09 01:00:00,0.0,0.0,0.0,0.0,0.0,0.0,0.0,0.0,0.0,0.0,0.0,0.0,0.0,0.0,0.0,0.0,0.0
2015-07-09 02:00:00,0.0,0.0,0.0,0.0,0.0,0.0,0.0,0.0,0.0,0.0,0.0,0.0,0.0,0.0,0.0,0.0,0.0
2015-07-09 03:00:00,0.0,0.0,0.0,0.0,0.0,0.0,0.0,0.0,0.0,0.0,0.001,0.0,0.0,0.0,0.0,0.0,0.0
2015-07-09 04:00:00,0.015,0.008,0.015,0.018,0.007,0.019,0.014,0.024,0.012,0.017,0.031,0.014,0.015,0.018,0.027,0.012,0.008
2015-07-09 05:00:00,0.043,0.038,0.042,0.05,0.034,0.054,0.05,0.055,0.04,0.054,0.055,0.036,0.048,0.053,0.054,0.04,0.03
2015-07-09 06:00:00,0.069,0.066,0.068,0.08,0.063,0.085,0.084,0.074,0.061,0.079,0.068,0.059,0.078,0.078,0.07,0.065,0.066
2015-07-09 07:00:00,0.094,0.095,0.085,0.109,0.074,0.104,0.104,0.112,0.091,0.098,0.143,0.089,0.09,0.101,0.109,0.09,0.075
2015-07-09 08:00:00,0.132,0.12,0.139,0.175,0.088,0.148,0.177,0.159,0.132,0.178,0.163,0.128,0.14,0.18,0.154,0.122,0.094
2015-07-09 09:00:00,0.23,0.224,0.267,0.286,0.131,0.251,0.272,0.257,0.244,0.314,0.259,0.23,0.268,0.276,0.25,0.224,0.182
2015-07-09 10:00:00,0.303,0.31,0.298,0.354,0.178,0.341,0.35,0.34,0.345,0.389,0.358,0.31,0.366,0.332,0.311,0.28,0.309
2015-07-09 11:00:00,0.376,0.317,0.264,0.397,0.364,0.435,0.425,0.447,0.437,0.412,0.398,0.395,0.436,0.428,0.398,0.338,0.406
2015-07-09 12:00:00,0.441,0.355,0.19,0.461,0.467,0.541,0.473,0.541,0.52,0.376,0.54,0.463,0.5,0.484,0.459,0.402,0.502
2015-07-09 13:00:00,0.451,0.402,0.328,0.44,0.535,0.55,0.508,0.51,0.413,0.42,0.545,0.45,0.529,0.493,0.38,0.405,0.507
2015-07-09 14:00:00,0.504,0.523,0.445,0.483,0.605,0.448,0.581,0.518,0.414,0.463,0.55,0.542,0.524,0.525,0.373,0.486,0.561
2015-07-09 15:00:00,0.444,0.476,0.45,0.431,0.509,0.317,0.557,0.373,0.453,0.377,0.43,0.466,0.372,0.498,0.254,0.494,0.468
2015-07-09 16:00:00,0.407,0.524,0.454,0.448,0.493,0.31,0.413,0.204,0.475,0.344,0.315,0.428,0.253,0.339,0.197,0.503,0.361
2015-07-09 17:00:00,0.295,0.378,0.398,0.249,0.31,0.387,0.241,0.22,0.388,0.309,0.113,0.291,0.298,0.216,0.172,0.384,0.155
2015-07-09 18:00:00,0.18,0.278,0.221,0.115,0.216,0.235,0.099,0.18,0.197,0.126,0.064,0.178,0.186,0.132,0.168,0.21,0.089
2015-07-09 19:00:00,0.061,0.081,0.077,0.014,0.088,0.08,0.046,0.055,0.071,0.002,0.027,0.039,0.063,0.047,0.071,0.08,0.031
2015-07-09 20:00:00,0.0,0.0,0.0,0.0,0.0,0.0,0.0,0.0,0.0,0.0,0.0,0.0,0.0,0.0,0.0,0.0,0.0
2015-07-09 21:00:00,0.0,0.0,0.0,0.0,0.0,0.0,0.0,0.0,0.0,0.0,0.0,0.0,0.0,0.0,0.0,0.0,0.0
2015-07-09 22:00:00,0.0,0.0,0.0,0.0,0.0,0.0,0.0,0.0,0.0,0.0,0.0,0.0,0.0,0.0,0.0,0.0,0.0
2015-07-09 23:00:00,0.0,0.0,0.0,0.0,0.0,0.0,0.0,0.0,0.0,0.0,0.0,0.0,0.0,0.0,0.0,0.0,0.0
2015-07-10 00:00:00,0.0,0.0,0.0,0.0,0.0,0.0,0.0,0.0,0.0,0.0,0.0,0.0,0.0,0.0,0.0,0.0,0.0
2015-07-10 01:00:00,0.0,0.0,0.0,0.0,0.0,0.0,0.0,0.0,0.0,0.0,0.0,0.0,0.0,0.0,0.0,0.0,0.0
2015-07-10 02:00:00,0.0,0.0,0.0,0.0,0.0,0.0,0.0,0.0,0.0,0.0,0.0,0.0,0.0,0.0,0.0,0.0,0.0
2015-07-10 03:00:00,0.0,0.0,0.0,0.0,0.0,0.0,0.0,0.0,0.0,0.0,0.0,0.0,0.0,0.0,0.0,0.0,0.0
2015-07-10 04:00:00,0.012,0.008,0.01,0.022,0.007,0.016,0.013,0.015,0.01,0.019,0.01,0.013,0.011,0.018,0.016,0.01,0.008
2015-07-10 05:00:00,0.042,0.045,0.042,0.05,0.038,0.052,0.046,0.048,0.041,0.048,0.028,0.036,0.047,0.052,0.049,0.042,0.032
2015-07-10 06:00:00,0.072,0.079,0.067,0.076,0.058,0.072,0.073,0.079,0.077,0.072,0.061,0.062,0.074,0.082,0.086,0.08,0.058
2015-07-10 07:00:00,0.101,0.113,0.102,0.115,0.097,0.092,0.11,0.089,0.131,0.1,0.096,0.09,0.099,0.109,0.087,0.111,0.087
2015-07-10 08:00:00,0.147,0.143,0.139,0.17,0.138,0.164,0.167,0.145,0.154,0.183,0.126,0.159,0.175,0.164,0.133,0.149,0.127
2015-07-10 09:00:00,0.22,0.221,0.214,0.254,0.206,0.214,0.236,0.214,0.213,0.297,0.207,0.236,0.216,0.24,0.234,0.211,0.204
2015-07-10 10:00:00,0.287,0.295,0.328,0.291,0.257,0.249,0.282,0.264,0.244,0.366,0.314,0.313,0.252,0.257,0.314,0.28,0.29
2015-07-10 11:00:00,0.355,0.329,0.435,0.365,0.332,0.256,0.301,0.342,0.363,0.359,0.4,0.407,0.246,0.242,0.429,0.351,0.357
2015-07-10 12:00:00,0.404,0.414,0.486,0.353,0.358,0.335,0.299,0.405,0.418,0.325,0.447,0.447,0.276,0.25,0.487,0.417,0.42
2015-07-10 13:00:00,0.389,0.353,0.47,0.327,0.282,0.434,0.318,0.495,0.389,0.348,0.482,0.438,0.305,0.284,0.476,0.371,0.399
2015-07-10 14:00:00,0.396,0.336,0.465,0.404,0.314,0.472,0.324,0.566,0.354,0.357,0.582,0.415,0.328,0.29,0.415,0.328,0.467
2015-07-10 15:00:00,0.321,0.211,0.373,0.41,0.223,0.445,0.288,0.501,0.316,0.327,0.498,0.35,0.274,0.354,0.308,0.255,0.328
2015-07-10 16:00:00,0.288,0.175,0.341,0.426,0.195,0.316,0.299,0.377,0.327,0.272,0.313,0.262,0.338,0.263,0.284,0.26,0.348
2015-07-10 17:00:00,0.211,0.204,0.24,0.311,0.221,0.169,0.339,0.226,0.194,0.267,0.174,0.198,0.249,0.212,0.115,0.178,0.282
2015-07-10 18:00:00,0.122,0.113,0.159,0.137,0.144,0.086,0.19,0.088,0.176,0.156,0.073,0.103,0.139,0.113,0.047,0.121,0.174
2015-07-10 19:00:00,0.044,0.053,0.072,0.012,0.058,0.054,0.063,0.027,0.044,0.003,0.013,0.029,0.05,0.068,0.004,0.059,0.054
2015-07-10 20:00:00,0.0,0.0,0.0,0.0,0.0,0.0,0.0,0.0,0.0,0.0,0.0,0.0,0.0,0.0,0.0,0.0,0.0
2015-07-10 21:00:00,0.0,0.0,0.0,0.0,0.0,0.0,0.0,0.0,0.0,0.0,0.0,0.0,0.0,0.0,0.0,0.0,0.0
2015-07-10 22:00:00,0.0,0.0,0.0,0.0,0.0,0.0,0.0,0.0,0.0,0.0,0.0,0.0,0.0,0.0,0.0,0.0,0.0
2015-07-10 23:00:00,0.0,0.0,0.0,0.0,0.0,0.0,0.0,0.0,0.0,0.0,0.0,0.0,0.0,0.0,0.0,0.0,0.0
2015-07-11 00:00:00,0.0,0.0,0.0,0.0,0.0,0.0,0.0,0.0,0.0,0.0,0.0,0.0,0.0,0.0,0.0,0.0,0.0
2015-07-11 01:00:00,0.0,0.0,0.0,0.0,0.0,0.0,0.0,0.0,0.0,0.0,0.0,0.0,0.0,0.0,0.0,0.0,0.0
2015-07-11 02:00:00,0.0,0.0,0.0,0.0,0.0,0.0,0.0,0.0,0.0,0.0,0.0,0.0,0.0,0.0,0.0,0.0,0.0
2015-07-11 03:00:00,0.0,0.0,0.0,0.0,0.0,0.0,0.0,0.0,0.0,0.0,0.0,0.0,0.0,0.0,0.0,0.0,0.0
2015-07-11 04:00:00,0.013,0.008,0.016,0.017,0.008,0.016,0.014,0.017,0.01,0.018,0.011,0.016,0.013,0.017,0.013,0.012,0.01
2015-07-11 05:00:00,0.044,0.037,0.048,0.056,0.035,0.046,0.045,0.051,0.04,0.048,0.051,0.044,0.045,0.046,0.045,0.042,0.039
2015-07-11 06:00:00,0.069,0.06,0.071,0.09,0.059,0.077,0.069,0.083,0.063,0.082,0.081,0.075,0.07,0.076,0.072,0.064,0.059
2015-07-11 07:00:00,0.093,0.078,0.106,0.128,0.074,0.087,0.084,0.121,0.08,0.099,0.114,0.095,0.082,0.09,0.11,0.082,0.087
2015-07-11 08:00:00,0.139,0.107,0.164,0.177,0.094,0.167,0.16,0.166,0.124,0.188,0.161,0.134,0.136,0.169,0.144,0.13,0.133
2015-07-11 09:00:00,0.235,0.255,0.181,0.223,0.235,0.21,0.298,0.207,0.272,0.28,0.232,0.23,0.289,0.284,0.218,0.241,0.231
2015-07-11 10:00:00,0.32,0.397,0.195,0.24,0.377,0.271,0.428,0.217,0.411,0.272,0.284,0.3,0.422,0.327,0.271,0.35,0.349
2015-07-11 11:00:00,0.39,0.511,0.212,0.302,0.477,0.315,0.544,0.279,0.523,0.269,0.389,0.359,0.545,0.361,0.331,0.413,0.429
2015-07-11 12:00:00,0.435,0.599,0.213,0.325,0.582,0.363,0.621,0.29,0.616,0.313,0.394,0.368,0.618,0.368,0.353,0.456,0.493
2015-07-11 13:00:00,0.466,0.642,0.201,0.344,0.621,0.356,0.649,0.299,0.668,0.332,0.454,0.377,0.665,0.407,0.417,0.483,0.547
2015-07-11 14:00:00,0.466,0.601,0.212,0.288,0.582,0.331,0.663,0.253,0.666,0.319,0.489,0.359,0.683,0.419,0.417,0.512,0.598
2015-07-11 15:00:00,0.423,0.48,0.192,0.223,0.456,0.409,0.637,0.228,0.606,0.351,0.419,0.395,0.653,0.433,0.352,0.494,0.504
2015-07-11 16:00:00,0.356,0.341,0.129,0.227,0.296,0.404,0.541,0.239,0.475,0.314,0.332,0.341,0.562,0.344,0.311,0.435,0.444
2015-07-11 17:00:00,0.264,0.193,0.109,0.235,0.155,0.356,0.422,0.178,0.281,0.3,0.236,0.288,0.415,0.353,0.216,0.338,0.296
2015-07-11 18:00:00,0.162,0.084,0.099,0.183,0.072,0.197,0.226,0.099,0.109,0.187,0.136,0.212,0.218,0.226,0.157,0.212,0.175
2015-07-11 19:00:00,0.052,0.016,0.054,0.013,0.02,0.082,0.056,0.051,0.018,0.0,0.044,0.096,0.06,0.059,0.061,0.068,0.07
2015-07-11 20:00:00,0.0,0.0,0.0,0.0,0.0,0.0,0.0,0.0,0.0,0.0,0.0,0.0,0.0,0.0,0.0,0.0,0.0
2015-07-11 21:00:00,0.0,0.0,0.0,0.0,0.0,0.0,0.0,0.0,0.0,0.0,0.0,0.0,0.0,0.0,0.0,0.0,0.0
2015-07-11 22:00:00,0.0,0.0,0.0,0.0,0.0,0.0,0.0,0.0,0.0,0.0,0.0,0.0,0.0,0.0,0.0,0.0,0.0
2015-07-11 23:00:00,0.0,0.0,0.0,0.0,0.0,0.0,0.0,0.0,0.0,0.0,0.0,0.0,0.0,0.0,0.0,0.0,0.0
2015-07-12 00:00:00,0.0,0.0,0.0,0.0,0.0,0.0,0.0,0.0,0.0,0.0,0.0,0.0,0.0,0.0,0.0,0.0,0.0
2015-07-12 01:00:00,0.0,0.0,0.0,0.0,0.0,0.0,0.0,0.0,0.0,0.0,0.0,0.0,0.0,0.0,0.0,0.0,0.0
2015-07-12 02:00:00,0.0,0.0,0.0,0.0,0.0,0.0,0.0,0.0,0.0,0.0,0.0,0.0,0.0,0.0,0.0,0.0,0.0
2015-07-12 03:00:00,0.0,0.0,0.0,0.0,0.0,0.0,0.0,0.0,0.0,0.0,0.0,0.0,0.0,0.0,0.0,0.0,0.0
2015-07-12 04:00:00,0.015,0.007,0.019,0.022,0.008,0.018,0.013,0.022,0.009,0.02,0.021,0.019,0.012,0.021,0.022,0.012,0.01
2015-07-12 05:00:00,0.048,0.036,0.059,0.061,0.04,0.056,0.042,0.063,0.038,0.059,0.052,0.051,0.041,0.062,0.05,0.043,0.043
2015-07-12 06:00:00,0.081,0.064,0.089,0.104,0.088,0.099,0.066,0.107,0.06,0.089,0.087,0.087,0.063,0.099,0.084,0.067,0.077
2015-07-12 07:00:00,0.119,0.137,0.119,0.136,0.15,0.097,0.085,0.101,0.088,0.126,0.131,0.094,0.081,0.106,0.113,0.122,0.121
2015-07-12 08:00:00,0.153,0.171,0.135,0.183,0.157,0.14,0.146,0.153,0.135,0.184,0.179,0.121,0.131,0.156,0.164,0.146,0.15
2015-07-12 09:00:00,0.268,0.271,0.258,0.242,0.261,0.274,0.289,0.269,0.266,0.311,0.258,0.241,0.272,0.294,0.265,0.275,0.269
2015-07-12 10:00:00,0.353,0.377,0.392,0.262,0.356,0.362,0.424,0.297,0.396,0.337,0.283,0.327,0.408,0.353,0.355,0.379,0.347
2015-07-12 11:00:00,0.424,0.468,0.459,0.321,0.453,0.433,0.539,0.303,0.493,0.402,0.357,0.345,0.521,0.443,0.411,0.455,0.426
2015-07-12 12:00:00,0.439,0.517,0.431,0.295,0.416,0.474,0.609,0.292,0.533,0.413,0.389,0.363,0.593,0.457,0.436,0.508,0.39
2015-07-12 13:00:00,0.431,0.481,0.4,0.309,0.363,0.548,0.651,0.336,0.53,0.465,0.347,0.332,0.609,0.533,0.357,0.512,0.378
2015-07-12 14:00:00,0.395,0.45,0.419,0.319,0.262,0.55,0.608,0.363,0.472,0.508,0.319,0.332,0.55,0.609,0.333,0.445,0.295
2015-07-12 15:00:00,0.31,0.372,0.334,0.306,0.136,0.5,0.537,0.347,0.547,0.515,0.242,0.342,0.555,0.522,0.233,0.291,0.168
2015-07-12 16:00:00,0.21,0.206,0.175,0.321,0.07,0.357,0.443,0.301,0.382,0.436,0.23,0.238,0.474,0.433,0.182,0.137,0.099
2015-07-12 17:00:00,0.125,0.066,0.062,0.327,0.049,0.169,0.366,0.188,0.202,0.306,0.177,0.12,0.303,0.298,0.12,0.052,0.074
2015-07-12 18:00:00,0.046,0.019,0.018,0.125,0.03,0.024,0.149,0.048,0.052,0.125,0.079,0.05,0.072,0.079,0.065,0.017,0.036
2015-07-12 19:00:00,0.008,0.003,0.005,0.005,0.005,0.001,0.035,0.015,0.003,0.0,0.015,0.009,0.019,0.002,0.029,0.001,0.011
2015-07-12 20:00:00,0.0,0.0,0.0,0.0,0.0,0.0,0.0,0.0,0.0,0.0,0.0,0.0,0.0,0.0,0.0,0.0,0.0
2015-07-12 21:00:00,0.0,0.0,0.0,0.0,0.0,0.0,0.0,0.0,0.0,0.0,0.0,0.0,0.0,0.0,0.0,0.0,0.0
2015-07-12 22:00:00,0.0,0.0,0.0,0.0,0.0,0.0,0.0,0.0,0.0,0.0,0.0,0.0,0.0,0.0,0.0,0.0,0.0
2015-07-12 23:00:00,0.0,0.0,0.0,0.0,0.0,0.0,0.0,0.0,0.0,0.0,0.0,0.0,0.0,0.0,0.0,0.0,0.0
2015-07-13 00:00:00,0.0,0.0,0.0,0.0,0.0,0.0,0.0,0.0,0.0,0.0,0.0,0.0,0.0,0.0,0.0,0.0,0.0
2015-07-13 01:00:00,0.0,0.0,0.0,0.0,0.0,0.0,0.0,0.0,0.0,0.0,0.0,0.0,0.0,0.0,0.0,0.0,0.0
2015-07-13 02:00:00,0.0,0.0,0.0,0.0,0.0,0.0,0.0,0.0,0.0,0.0,0.0,0.0,0.0,0.0,0.0,0.0,0.0
2015-07-13 03:00:00,0.0,0.0,0.0,0.0,0.0,0.0,0.0,0.0,0.0,0.0,0.0,0.0,0.0,0.0,0.0,0.0,0.0
2015-07-13 04:00:00,0.004,0.0,0.002,0.002,0.0,0.001,0.001,0.006,0.002,0.003,0.018,0.01,0.001,0.001,0.012,0.003,0.005
2015-07-13 05:00:00,0.022,0.004,0.026,0.018,0.005,0.013,0.012,0.033,0.015,0.016,0.054,0.039,0.02,0.012,0.037,0.022,0.021
2015-07-13 06:00:00,0.049,0.009,0.071,0.033,0.018,0.041,0.054,0.071,0.023,0.036,0.091,0.077,0.051,0.037,0.064,0.051,0.053
2015-07-13 07:00:00,0.075,0.017,0.095,0.074,0.063,0.096,0.087,0.126,0.036,0.088,0.14,0.086,0.07,0.073,0.083,0.057,0.083
2015-07-13 08:00:00,0.114,0.034,0.158,0.146,0.1,0.111,0.138,0.155,0.042,0.112,0.182,0.146,0.088,0.12,0.125,0.091,0.133
2015-07-13 09:00:00,0.173,0.079,0.246,0.177,0.177,0.162,0.158,0.191,0.073,0.161,0.237,0.241,0.067,0.177,0.146,0.162,0.208
2015-07-13 10:00:00,0.243,0.136,0.314,0.282,0.229,0.23,0.208,0.228,0.158,0.23,0.304,0.307,0.145,0.184,0.241,0.259,0.238
2015-07-13 11:00:00,0.279,0.176,0.343,0.255,0.269,0.345,0.211,0.218,0.13,0.2,0.304,0.381,0.241,0.22,0.214,0.323,0.307
2015-07-13 12:00:00,0.38,0.377,0.36,0.378,0.353,0.374,0.233,0.41,0.192,0.226,0.454,0.416,0.326,0.356,0.372,0.434,0.357
2015-07-13 13:00:00,0.415,0.493,0.469,0.421,0.433,0.349,0.3,0.386,0.345,0.309,0.416,0.434,0.353,0.428,0.316,0.46,0.381
2015-07-13 14:00:00,0.385,0.456,0.372,0.35,0.354,0.279,0.259,0.358,0.51,0.335,0.347,0.434,0.366,0.326,0.314,0.421,0.432
2015-07-13 15:00:00,0.36,0.368,0.372,0.318,0.235,0.317,0.332,0.393,0.536,0.394,0.293,0.452,0.387,0.305,0.313,0.382,0.404
2015-07-13 16:00:00,0.278,0.169,0.31,0.218,0.168,0.434,0.218,0.321,0.363,0.367,0.264,0.466,0.352,0.179,0.309,0.236,0.321
2015-07-13 17:00:00,0.19,0.081,0.244,0.153,0.102,0.27,0.201,0.237,0.152,0.204,0.188,0.366,0.226,0.195,0.252,0.137,0.247
2015-07-13 18:00:00,0.094,0.05,0.081,0.078,0.064,0.088,0.075,0.11,0.043,0.047,0.105,0.221,0.093,0.113,0.139,0.059,0.158
2015-07-13 19:00:00,0.027,0.007,0.031,0.002,0.022,0.044,0.007,0.04,0.005,0.0,0.023,0.079,0.009,0.022,0.038,0.019,0.041
2015-07-13 20:00:00,0.0,0.0,0.0,0.0,0.0,0.0,0.0,0.0,0.0,0.0,0.0,0.0,0.0,0.0,0.0,0.0,0.0
2015-07-13 21:00:00,0.0,0.0,0.0,0.0,0.0,0.0,0.0,0.0,0.0,0.0,0.0,0.0,0.0,0.0,0.0,0.0,0.0
2015-07-13 22:00:00,0.0,0.0,0.0,0.0,0.0,0.0,0.0,0.0,0.0,0.0,0.0,0.0,0.0,0.0,0.0,0.0,0.0
2015-07-13 23:00:00,0.0,0.0,0.0,0.0,0.0,0.0,0.0,0.0,0.0,0.0,0.0,0.0,0.0,0.0,0.0,0.0,0.0
2015-07-14 00:00:00,0.0,0.0,0.0,0.0,0.0,0.0,0.0,0.0,0.0,0.0,0.0,0.0,0.0,0.0,0.0,0.0,0.0
2015-07-14 01:00:00,0.0,0.0,0.0,0.0,0.0,0.0,0.0,0.0,0.0,0.0,0.0,0.0,0.0,0.0,0.0,0.0,0.0
2015-07-14 02:00:00,0.0,0.0,0.0,0.0,0.0,0.0,0.0,0.0,0.0,0.0,0.0,0.0,0.0,0.0,0.0,0.0,0.0
2015-07-14 03:00:00,0.0,0.0,0.0,0.0,0.0,0.0,0.0,0.0,0.0,0.0,0.0,0.0,0.0,0.0,0.0,0.0,0.0
2015-07-14 04:00:00,0.007,0.0,0.009,0.014,0.0,0.008,0.005,0.013,0.0,0.015,0.018,0.017,0.003,0.009,0.016,0.001,0.008
2015-07-14 05:00:00,0.03,0.008,0.036,0.039,0.017,0.029,0.032,0.045,0.007,0.049,0.052,0.052,0.017,0.045,0.052,0.014,0.037
2015-07-14 06:00:00,0.059,0.035,0.077,0.072,0.05,0.035,0.061,0.082,0.024,0.098,0.073,0.088,0.03,0.091,0.084,0.038,0.066
2015-07-14 07:00:00,0.09,0.072,0.102,0.122,0.089,0.055,0.106,0.122,0.035,0.115,0.118,0.084,0.051,0.097,0.122,0.07,0.097
2015-07-14 08:00:00,0.135,0.14,0.139,0.161,0.122,0.077,0.129,0.16,0.118,0.195,0.172,0.129,0.046,0.136,0.163,0.129,0.128
2015-07-14 09:00:00,0.211,0.207,0.25,0.256,0.195,0.127,0.171,0.235,0.221,0.281,0.24,0.223,0.092,0.145,0.236,0.206,0.204
2015-07-14 10:00:00,0.271,0.255,0.337,0.322,0.214,0.242,0.136,0.302,0.327,0.316,0.268,0.319,0.142,0.154,0.269,0.29,0.251
2015-07-14 11:00:00,0.334,0.283,0.394,0.417,0.209,0.382,0.339,0.383,0.264,0.334,0.332,0.405,0.344,0.197,0.321,0.376,0.276
2015-07-14 12:00:00,0.372,0.327,0.416,0.474,0.224,0.485,0.339,0.443,0.351,0.361,0.357,0.442,0.419,0.296,0.371,0.377,0.358
2015-07-14 13:00:00,0.322,0.229,0.299,0.399,0.128,0.472,0.36,0.455,0.278,0.315,0.364,0.52,0.312,0.345,0.364,0.269,0.359
2015-07-14 14:00:00,0.348,0.344,0.309,0.366,0.29,0.363,0.334,0.43,0.406,0.349,0.467,0.512,0.415,0.353,0.425,0.238,0.383
2015-07-14 15:00:00,0.323,0.35,0.324,0.363,0.245,0.199,0.39,0.341,0.435,0.348,0.329,0.519,0.353,0.37,0.342,0.254,0.362
2015-07-14 16:00:00,0.296,0.309,0.326,0.306,0.209,0.186,0.35,0.287,0.414,0.343,0.335,0.482,0.353,0.334,0.308,0.223,0.355
2015-07-14 17:00:00,0.236,0.214,0.28,0.232,0.164,0.142,0.281,0.203,0.27,0.238,0.28,0.451,0.277,0.183,0.277,0.169,0.316
2015-07-14 18:00:00,0.131,0.103,0.14,0.139,0.083,0.091,0.16,0.114,0.089,0.111,0.147,0.283,0.119,0.105,0.146,0.088,0.225
2015-07-14 19:00:00,0.041,0.02,0.073,0.002,0.017,0.013,0.016,0.037,0.003,0.0,0.038,0.121,0.013,0.014,0.063,0.03,0.096
2015-07-14 20:00:00,0.0,0.0,0.0,0.0,0.0,0.0,0.0,0.0,0.0,0.0,0.0,0.0,0.0,0.0,0.0,0.0,0.0
2015-07-14 21:00:00,0.0,0.0,0.0,0.0,0.0,0.0,0.0,0.0,0.0,0.0,0.0,0.0,0.0,0.0,0.0,0.0,0.0
2015-07-14 22:00:00,0.0,0.0,0.0,0.0,0.0,0.0,0.0,0.0,0.0,0.0,0.0,0.0,0.0,0.0,0.0,0.0,0.0
2015-07-14 23:00:00,0.0,0.0,0.0,0.0,0.0,0.0,0.0,0.0,0.0,0.0,0.0,0.0,0.0,0.0,0.0,0.0,0.0
2015-07-15 00:00:00,0.0,0.0,0.0,0.0,0.0,0.0,0.0,0.0,0.0,0.0,0.0,0.0,0.0,0.0,0.0,0.0,0.0
2015-07-15 01:00:00,0.0,0.0,0.0,0.0,0.0,0.0,0.0,0.0,0.0,0.0,0.0,0.0,0.0,0.0,0.0,0.0,0.0
2015-07-15 02:00:00,0.0,0.0,0.0,0.0,0.0,0.0,0.0,0.0,0.0,0.0,0.0,0.0,0.0,0.0,0.0,0.0,0.0
2015-07-15 03:00:00,0.0,0.0,0.0,0.0,0.0,0.0,0.0,0.0,0.0,0.0,0.0,0.0,0.0,0.0,0.0,0.0,0.0
2015-07-15 04:00:00,0.01,0.002,0.014,0.014,0.003,0.011,0.004,0.019,0.004,0.003,0.027,0.017,0.003,0.004,0.022,0.007,0.007
2015-07-15 05:00:00,0.041,0.021,0.045,0.044,0.023,0.041,0.04,0.061,0.029,0.019,0.075,0.053,0.041,0.03,0.067,0.035,0.038
2015-07-15 06:00:00,0.069,0.056,0.069,0.073,0.056,0.066,0.057,0.09,0.047,0.03,0.111,0.088,0.064,0.064,0.104,0.06,0.067
2015-07-15 07:00:00,0.097,0.081,0.089,0.105,0.076,0.099,0.093,0.113,0.099,0.038,0.146,0.1,0.091,0.063,0.13,0.099,0.091
2015-07-15 08:00:00,0.142,0.125,0.138,0.154,0.132,0.16,0.174,0.163,0.143,0.092,0.2,0.139,0.153,0.162,0.17,0.133,0.12
2015-07-15 09:00:00,0.235,0.185,0.251,0.262,0.204,0.253,0.258,0.268,0.219,0.185,0.274,0.252,0.234,0.259,0.271,0.229,0.221
2015-07-15 10:00:00,0.328,0.268,0.374,0.391,0.299,0.346,0.266,0.379,0.278,0.323,0.368,0.334,0.267,0.294,0.357,0.311,0.339
2015-07-15 11:00:00,0.408,0.392,0.461,0.465,0.428,0.419,0.241,0.44,0.329,0.373,0.414,0.404,0.306,0.35,0.421,0.398,0.432
2015-07-15 12:00:00,0.478,0.455,0.48,0.542,0.489,0.456,0.402,0.511,0.373,0.393,0.471,0.501,0.446,0.413,0.468,0.49,0.49
2015-07-15 13:00:00,0.5,0.489,0.471,0.525,0.489,0.489,0.436,0.535,0.421,0.436,0.546,0.564,0.471,0.456,0.522,0.497,0.505
2015-07-15 14:00:00,0.515,0.497,0.516,0.525,0.522,0.498,0.467,0.535,0.472,0.457,0.478,0.605,0.388,0.501,0.508,0.528,0.51
2015-07-15 15:00:00,0.475,0.431,0.459,0.482,0.479,0.419,0.413,0.441,0.482,0.35,0.43,0.572,0.4,0.355,0.46,0.505,0.549
2015-07-15 16:00:00,0.42,0.435,0.427,0.417,0.471,0.332,0.308,0.359,0.42,0.349,0.315,0.527,0.362,0.336,0.375,0.433,0.493
2015-07-15 17:00:00,0.346,0.347,0.375,0.307,0.354,0.254,0.272,0.278,0.34,0.266,0.254,0.427,0.328,0.246,0.37,0.357,0.436
2015-07-15 18:00:00,0.213,0.222,0.25,0.135,0.254,0.121,0.152,0.115,0.196,0.114,0.16,0.261,0.171,0.1,0.204,0.237,0.312
2015-07-15 19:00:00,0.079,0.094,0.085,0.0,0.106,0.059,0.013,0.049,0.063,0.0,0.045,0.108,0.05,0.015,0.075,0.098,0.122
2015-07-15 20:00:00,0.0,0.0,0.0,0.0,0.0,0.0,0.0,0.0,0.0,0.0,0.0,0.0,0.0,0.0,0.0,0.0,0.0
2015-07-15 21:00:00,0.0,0.0,0.0,0.0,0.0,0.0,0.0,0.0,0.0,0.0,0.0,0.0,0.0,0.0,0.0,0.0,0.0
2015-07-15 22:00:00,0.0,0.0,0.0,0.0,0.0,0.0,0.0,0.0,0.0,0.0,0.0,0.0,0.0,0.0,0.0,0.0,0.0
2015-07-15 23:00:00,0.0,0.0,0.0,0.0,0.0,0.0,0.0,0.0,0.0,0.0,0.0,0.0,0.0,0.0,0.0,0.0,0.0
2015-07-16 00:00:00,0.0,0.0,0.0,0.0,0.0,0.0,0.0,0.0,0.0,0.0,0.0,0.0,0.0,0.0,0.0,0.0,0.0
2015-07-16 01:00:00,0.0,0.0,0.0,0.0,0.0,0.0,0.0,0.0,0.0,0.0,0.0,0.0,0.0,0.0,0.0,0.0,0.0
2015-07-16 02:00:00,0.0,0.0,0.0,0.0,0.0,0.0,0.0,0.0,0.0,0.0,0.0,0.0,0.0,0.0,0.0,0.0,0.0
2015-07-16 03:00:00,0.0,0.0,0.0,0.0,0.0,0.0,0.0,0.0,0.0,0.0,0.0,0.0,0.0,0.0,0.0,0.0,0.0
2015-07-16 04:00:00,0.011,0.005,0.014,0.017,0.004,0.012,0.01,0.017,0.007,0.014,0.021,0.015,0.009,0.012,0.018,0.009,0.007
2015-07-16 05:00:00,0.038,0.032,0.039,0.048,0.024,0.045,0.042,0.048,0.036,0.046,0.051,0.042,0.04,0.049,0.045,0.034,0.03
2015-07-16 06:00:00,0.066,0.056,0.065,0.08,0.047,0.071,0.07,0.073,0.06,0.082,0.082,0.067,0.069,0.091,0.076,0.064,0.058
2015-07-16 07:00:00,0.088,0.073,0.108,0.112,0.066,0.09,0.087,0.115,0.091,0.094,0.102,0.1,0.081,0.093,0.094,0.079,0.082
2015-07-16 08:00:00,0.128,0.104,0.136,0.171,0.091,0.131,0.145,0.172,0.11,0.155,0.176,0.147,0.12,0.149,0.148,0.108,0.114
2015-07-16 09:00:00,0.227,0.172,0.249,0.271,0.182,0.243,0.285,0.269,0.221,0.265,0.271,0.255,0.255,0.278,0.26,0.203,0.192
2015-07-16 10:00:00,0.316,0.279,0.297,0.373,0.298,0.343,0.403,0.398,0.255,0.388,0.364,0.347,0.348,0.351,0.372,0.27,0.267
2015-07-16 11:00:00,0.397,0.377,0.31,0.486,0.416,0.435,0.5,0.501,0.363,0.503,0.463,0.43,0.392,0.493,0.433,0.325,0.347
2015-07-16 12:00:00,0.451,0.398,0.396,0.514,0.39,0.504,0.561,0.527,0.381,0.544,0.531,0.445,0.43,0.553,0.499,0.443,0.38
2015-07-16 13:00:00,0.504,0.494,0.476,0.588,0.461,0.488,0.581,0.55,0.431,0.607,0.603,0.49,0.461,0.575,0.55,0.471,0.476
2015-07-16 14:00:00,0.481,0.54,0.452,0.421,0.5,0.428,0.617,0.495,0.482,0.597,0.605,0.456,0.501,0.467,0.49,0.427,0.508
2015-07-16 15:00:00,0.443,0.487,0.441,0.429,0.471,0.313,0.587,0.441,0.457,0.55,0.527,0.526,0.442,0.463,0.436,0.365,0.486
2015-07-16 16:00:00,0.361,0.38,0.438,0.43,0.35,0.255,0.457,0.338,0.293,0.449,0.418,0.412,0.288,0.267,0.349,0.347,0.328
2015-07-16 17:00:00,0.253,0.319,0.266,0.315,0.267,0.193,0.256,0.236,0.254,0.3,0.273,0.311,0.198,0.197,0.236,0.225,0.235
2015-07-16 18:00:00,0.167,0.181,0.144,0.16,0.221,0.15,0.136,0.159,0.161,0.141,0.155,0.183,0.146,0.124,0.167,0.159,0.182
2015-07-16 19:00:00,0.065,0.083,0.044,0.0,0.11,0.058,0.01,0.039,0.068,0.0,0.051,0.06,0.061,0.008,0.05,0.081,0.099
2015-07-16 20:00:00,0.0,0.0,0.0,0.0,0.0,0.0,0.0,0.0,0.0,0.0,0.0,0.0,0.0,0.0,0.0,0.0,0.0
2015-07-16 21:00:00,0.0,0.0,0.0,0.0,0.0,0.0,0.0,0.0,0.0,0.0,0.0,0.0,0.0,0.0,0.0,0.0,0.0
2015-07-16 22:00:00,0.0,0.0,0.0,0.0,0.0,0.0,0.0,0.0,0.0,0.0,0.0,0.0,0.0,0.0,0.0,0.0,0.0
2015-07-16 23:00:00,0.0,0.0,0.0,0.0,0.0,0.0,0.0,0.0,0.0,0.0,0.0,0.0,0.0,0.0,0.0,0.0,0.0
2015-07-17 00:00:00,0.0,0.0,0.0,0.0,0.0,0.0,0.0,0.0,0.0,0.0,0.0,0.0,0.0,0.0,0.0,0.0,0.0
2015-07-17 01:00:00,0.0,0.0,0.0,0.0,0.0,0.0,0.0,0.0,0.0,0.0,0.0,0.0,0.0,0.0,0.0,0.0,0.0
2015-07-17 02:00:00,0.0,0.0,0.0,0.0,0.0,0.0,0.0,0.0,0.0,0.0,0.0,0.0,0.0,0.0,0.0,0.0,0.0
2015-07-17 03:00:00,0.0,0.0,0.0,0.0,0.0,0.0,0.0,0.0,0.0,0.0,0.0,0.0,0.0,0.0,0.0,0.0,0.0
2015-07-17 04:00:00,0.009,0.005,0.009,0.014,0.004,0.012,0.008,0.014,0.005,0.009,0.01,0.014,0.007,0.009,0.018,0.007,0.005
2015-07-17 05:00:00,0.038,0.032,0.044,0.042,0.032,0.04,0.037,0.049,0.033,0.037,0.037,0.043,0.034,0.038,0.051,0.034,0.032
2015-07-17 06:00:00,0.067,0.061,0.073,0.08,0.07,0.056,0.061,0.075,0.057,0.066,0.08,0.06,0.054,0.062,0.076,0.067,0.061
2015-07-17 07:00:00,0.092,0.098,0.116,0.098,0.073,0.085,0.079,0.1,0.074,0.082,0.109,0.083,0.083,0.092,0.105,0.09,0.095
2015-07-17 08:00:00,0.124,0.112,0.156,0.159,0.094,0.126,0.137,0.149,0.121,0.151,0.157,0.103,0.12,0.138,0.14,0.117,0.104
2015-07-17 09:00:00,0.243,0.233,0.238,0.291,0.213,0.264,0.253,0.274,0.245,0.261,0.239,0.239,0.254,0.267,0.26,0.236,0.222
2015-07-17 10:00:00,0.356,0.358,0.33,0.37,0.33,0.379,0.354,0.372,0.376,0.368,0.33,0.368,0.378,0.397,0.383,0.35,0.344
2015-07-17 11:00:00,0.461,0.439,0.457,0.472,0.439,0.467,0.479,0.49,0.466,0.453,0.443,0.504,0.483,0.474,0.511,0.438,0.462
2015-07-17 12:00:00,0.515,0.512,0.533,0.543,0.405,0.5,0.533,0.514,0.538,0.505,0.566,0.597,0.554,0.54,0.587,0.5,0.49
2015-07-17 13:00:00,0.545,0.496,0.599,0.597,0.394,0.532,0.609,0.569,0.595,0.559,0.592,0.659,0.592,0.599,0.641,0.517,0.503
2015-07-17 14:00:00,0.522,0.316,0.606,0.599,0.349,0.471,0.584,0.559,0.555,0.558,0.616,0.684,0.608,0.607,0.655,0.483,0.521
2015-07-17 15:00:00,0.479,0.164,0.582,0.584,0.352,0.466,0.53,0.536,0.356,0.501,0.593,0.662,0.514,0.545,0.641,0.439,0.466
2015-07-17 16:00:00,0.418,0.174,0.481,0.516,0.345,0.428,0.468,0.528,0.182,0.459,0.552,0.591,0.377,0.47,0.574,0.329,0.46
2015-07-17 17:00:00,0.32,0.162,0.33,0.38,0.286,0.255,0.325,0.403,0.09,0.353,0.426,0.472,0.154,0.345,0.456,0.237,0.434
2015-07-17 18:00:00,0.193,0.165,0.184,0.197,0.241,0.096,0.111,0.206,0.097,0.174,0.243,0.291,0.047,0.119,0.275,0.146,0.262
2015-07-17 19:00:00,0.067,0.065,0.091,0.0,0.076,0.052,0.002,0.049,0.048,0.0,0.063,0.099,0.034,0.006,0.089,0.077,0.103
2015-07-17 20:00:00,0.0,0.0,0.0,0.0,0.0,0.0,0.0,0.0,0.0,0.0,0.0,0.0,0.0,0.0,0.0,0.0,0.0
2015-07-17 21:00:00,0.0,0.0,0.0,0.0,0.0,0.0,0.0,0.0,0.0,0.0,0.0,0.0,0.0,0.0,0.0,0.0,0.0
2015-07-17 22:00:00,0.0,0.0,0.0,0.0,0.0,0.0,0.0,0.0,0.0,0.0,0.0,0.0,0.0,0.0,0.0,0.0,0.0
2015-07-17 23:00:00,0.0,0.0,0.0,0.0,0.0,0.0,0.0,0.0,0.0,0.0,0.0,0.0,0.0,0.0,0.0,0.0,0.0
2015-07-18 00:00:00,0.0,0.0,0.0,0.0,0.0,0.0,0.0,0.0,0.0,0.0,0.0,0.0,0.0,0.0,0.0,0.0,0.0
2015-07-18 01:00:00,0.0,0.0,0.0,0.0,0.0,0.0,0.0,0.0,0.0,0.0,0.0,0.0,0.0,0.0,0.0,0.0,0.0
2015-07-18 02:00:00,0.0,0.0,0.0,0.0,0.0,0.0,0.0,0.0,0.0,0.0,0.0,0.0,0.0,0.0,0.0,0.0,0.0
2015-07-18 03:00:00,0.0,0.0,0.0,0.0,0.0,0.0,0.0,0.0,0.0,0.0,0.0,0.0,0.0,0.0,0.0,0.0,0.0
2015-07-18 04:00:00,0.011,0.005,0.011,0.017,0.004,0.011,0.009,0.015,0.006,0.013,0.022,0.015,0.009,0.012,0.021,0.007,0.008
2015-07-18 05:00:00,0.039,0.031,0.037,0.043,0.029,0.037,0.038,0.042,0.035,0.041,0.053,0.053,0.037,0.04,0.053,0.034,0.034
2015-07-18 06:00:00,0.062,0.056,0.057,0.064,0.05,0.058,0.059,0.064,0.054,0.064,0.08,0.076,0.057,0.06,0.09,0.061,0.053
2015-07-18 07:00:00,0.078,0.068,0.071,0.082,0.074,0.073,0.079,0.078,0.07,0.08,0.093,0.084,0.073,0.08,0.093,0.069,0.091
2015-07-18 08:00:00,0.123,0.093,0.109,0.152,0.1,0.118,0.14,0.13,0.105,0.154,0.151,0.138,0.127,0.139,0.14,0.112,0.135
2015-07-18 09:00:00,0.236,0.22,0.231,0.286,0.206,0.249,0.267,0.264,0.234,0.278,0.267,0.229,0.248,0.266,0.26,0.224,0.209
2015-07-18 10:00:00,0.346,0.352,0.299,0.41,0.339,0.375,0.393,0.388,0.359,0.406,0.397,0.293,0.374,0.391,0.377,0.33,0.286
2015-07-18 11:00:00,0.443,0.465,0.374,0.509,0.449,0.462,0.5,0.475,0.455,0.512,0.501,0.324,0.475,0.496,0.45,0.454,0.359
2015-07-18 12:00:00,0.51,0.541,0.521,0.566,0.507,0.491,0.563,0.515,0.521,0.582,0.572,0.452,0.519,0.545,0.514,0.524,0.382
2015-07-18 13:00:00,0.518,0.445,0.522,0.597,0.444,0.462,0.579,0.486,0.488,0.609,0.593,0.48,0.585,0.574,0.571,0.534,0.485
2015-07-18 14:00:00,0.484,0.451,0.467,0.544,0.52,0.441,0.554,0.497,0.329,0.568,0.607,0.462,0.482,0.521,0.554,0.418,0.516
2015-07-18 15:00:00,0.461,0.534,0.334,0.384,0.512,0.361,0.537,0.453,0.371,0.446,0.566,0.469,0.36,0.352,0.45,0.455,0.552
2015-07-18 16:00:00,0.356,0.42,0.33,0.27,0.293,0.301,0.354,0.272,0.384,0.359,0.394,0.426,0.214,0.287,0.253,0.408,0.435
2015-07-18 17:00:00,0.253,0.262,0.344,0.182,0.14,0.324,0.212,0.216,0.375,0.227,0.142,0.333,0.245,0.183,0.174,0.264,0.383
2015-07-18 18:00:00,0.139,0.114,0.18,0.078,0.069,0.194,0.106,0.139,0.167,0.096,0.045,0.246,0.182,0.085,0.091,0.128,0.274
2015-07-18 19:00:00,0.053,0.036,0.055,0.0,0.063,0.048,0.004,0.037,0.068,0.0,0.022,0.077,0.057,0.004,0.049,0.061,0.114
2015-07-18 20:00:00,0.0,0.0,0.0,0.0,0.0,0.0,0.0,0.0,0.0,0.0,0.0,0.0,0.0,0.0,0.0,0.0,0.0
2015-07-18 21:00:00,0.0,0.0,0.0,0.0,0.0,0.0,0.0,0.0,0.0,0.0,0.0,0.0,0.0,0.0,0.0,0.0,0.0
2015-07-18 22:00:00,0.0,0.0,0.0,0.0,0.0,0.0,0.0,0.0,0.0,0.0,0.0,0.0,0.0,0.0,0.0,0.0,0.0
2015-07-18 23:00:00,0.0,0.0,0.0,0.0,0.0,0.0,0.0,0.0,0.0,0.0,0.0,0.0,0.0,0.0,0.0,0.0,0.0
2015-07-19 00:00:00,0.0,0.0,0.0,0.0,0.0,0.0,0.0,0.0,0.0,0.0,0.0,0.0,0.0,0.0,0.0,0.0,0.0
2015-07-19 01:00:00,0.0,0.0,0.0,0.0,0.0,0.0,0.0,0.0,0.0,0.0,0.0,0.0,0.0,0.0,0.0,0.0,0.0
2015-07-19 02:00:00,0.0,0.0,0.0,0.0,0.0,0.0,0.0,0.0,0.0,0.0,0.0,0.0,0.0,0.0,0.0,0.0,0.0
2015-07-19 03:00:00,0.0,0.0,0.0,0.0,0.0,0.0,0.0,0.0,0.0,0.0,0.0,0.0,0.0,0.0,0.0,0.0,0.0
2015-07-19 04:00:00,0.009,0.003,0.009,0.015,0.004,0.007,0.008,0.011,0.004,0.015,0.022,0.013,0.006,0.01,0.018,0.006,0.006
2015-07-19 05:00:00,0.04,0.03,0.037,0.048,0.034,0.044,0.037,0.047,0.031,0.045,0.055,0.041,0.035,0.043,0.041,0.036,0.042
2015-07-19 06:00:00,0.068,0.065,0.059,0.078,0.067,0.067,0.058,0.072,0.057,0.072,0.084,0.078,0.059,0.071,0.062,0.062,0.074
2015-07-19 07:00:00,0.093,0.089,0.088,0.106,0.096,0.088,0.085,0.099,0.082,0.085,0.091,0.114,0.083,0.107,0.082,0.087,0.103
2015-07-19 08:00:00,0.134,0.12,0.121,0.166,0.114,0.139,0.131,0.144,0.11,0.15,0.157,0.144,0.118,0.157,0.136,0.118,0.16
2015-07-19 09:00:00,0.238,0.22,0.23,0.267,0.225,0.233,0.266,0.243,0.239,0.276,0.27,0.254,0.252,0.264,0.26,0.21,0.246
2015-07-19 10:00:00,0.332,0.314,0.334,0.365,0.285,0.348,0.391,0.351,0.368,0.403,0.366,0.357,0.366,0.389,0.381,0.316,0.257
2015-07-19 11:00:00,0.404,0.437,0.421,0.495,0.306,0.44,0.465,0.469,0.456,0.503,0.468,0.402,0.464,0.48,0.497,0.409,0.162
2015-07-19 12:00:00,0.427,0.517,0.425,0.539,0.366,0.482,0.471,0.513,0.513,0.531,0.564,0.341,0.488,0.482,0.555,0.428,0.089
2015-07-19 13:00:00,0.435,0.537,0.396,0.525,0.38,0.529,0.572,0.528,0.536,0.553,0.608,0.235,0.531,0.511,0.558,0.44,0.106
2015-07-19 14:00:00,0.391,0.47,0.345,0.456,0.349,0.47,0.553,0.495,0.523,0.529,0.568,0.091,0.493,0.485,0.485,0.411,0.11
2015-07-19 15:00:00,0.32,0.325,0.235,0.466,0.289,0.464,0.493,0.466,0.277,0.491,0.441,0.082,0.421,0.447,0.306,0.344,0.091
2015-07-19 16:00:00,0.237,0.381,0.116,0.391,0.375,0.311,0.355,0.336,0.177,0.359,0.281,0.042,0.188,0.385,0.134,0.205,0.084
2015-07-19 17:00:00,0.167,0.263,0.053,0.227,0.328,0.133,0.154,0.159,0.27,0.245,0.165,0.02,0.086,0.216,0.057,0.187,0.083
2015-07-19 18:00:00,0.113,0.179,0.077,0.123,0.215,0.13,0.037,0.039,0.194,0.119,0.043,0.007,0.109,0.06,0.005,0.17,0.067
2015-07-19 19:00:00,0.031,0.053,0.055,0.0,0.072,0.034,0.001,0.007,0.03,0.0,0.0,0.001,0.032,0.001,0.001,0.058,0.006
2015-07-19 20:00:00,0.0,0.0,0.0,0.0,0.0,0.0,0.0,0.0,0.0,0.0,0.0,0.0,0.0,0.0,0.0,0.0,0.0
2015-07-19 21:00:00,0.0,0.0,0.0,0.0,0.0,0.0,0.0,0.0,0.0,0.0,0.0,0.0,0.0,0.0,0.0,0.0,0.0
2015-07-19 22:00:00,0.0,0.0,0.0,0.0,0.0,0.0,0.0,0.0,0.0,0.0,0.0,0.0,0.0,0.0,0.0,0.0,0.0
2015-07-19 23:00:00,0.0,0.0,0.0,0.0,0.0,0.0,0.0,0.0,0.0,0.0,0.0,0.0,0.0,0.0,0.0,0.0,0.0
2015-07-20 00:00:00,0.0,0.0,0.0,0.0,0.0,0.0,0.0,0.0,0.0,0.0,0.0,0.0,0.0,0.0,0.0,0.0,0.0
2015-07-20 01:00:00,0.0,0.0,0.0,0.0,0.0,0.0,0.0,0.0,0.0,0.0,0.0,0.0,0.0,0.0,0.0,0.0,0.0
2015-07-20 02:00:00,0.0,0.0,0.0,0.0,0.0,0.0,0.0,0.0,0.0,0.0,0.0,0.0,0.0,0.0,0.0,0.0,0.0
2015-07-20 03:00:00,0.0,0.0,0.0,0.0,0.0,0.0,0.0,0.0,0.0,0.0,0.0,0.0,0.0,0.0,0.0,0.0,0.0
2015-07-20 04:00:00,0.008,0.003,0.008,0.017,0.004,0.009,0.009,0.015,0.002,0.013,0.016,0.003,0.005,0.011,0.01,0.006,0.005
2015-07-20 05:00:00,0.038,0.032,0.039,0.065,0.032,0.039,0.05,0.048,0.025,0.048,0.057,0.024,0.029,0.046,0.036,0.035,0.032
2015-07-20 06:00:00,0.066,0.058,0.065,0.105,0.055,0.065,0.086,0.075,0.054,0.093,0.086,0.068,0.06,0.077,0.06,0.059,0.06
2015-07-20 07:00:00,0.099,0.084,0.103,0.134,0.082,0.132,0.089,0.133,0.085,0.096,0.113,0.088,0.091,0.121,0.112,0.091,0.085
2015-07-20 08:00:00,0.125,0.104,0.125,0.173,0.093,0.14,0.122,0.162,0.115,0.136,0.163,0.11,0.135,0.166,0.132,0.118,0.107
2015-07-20 09:00:00,0.232,0.219,0.221,0.29,0.226,0.272,0.244,0.259,0.251,0.24,0.211,0.203,0.254,0.281,0.218,0.234,0.196
2015-07-20 10:00:00,0.342,0.337,0.339,0.403,0.347,0.367,0.331,0.376,0.37,0.366,0.333,0.324,0.374,0.4,0.31,0.332,0.306
2015-07-20 11:00:00,0.413,0.405,0.401,0.498,0.429,0.432,0.427,0.422,0.466,0.498,0.373,0.325,0.487,0.5,0.322,0.422,0.392
2015-07-20 12:00:00,0.459,0.467,0.445,0.551,0.463,0.446,0.544,0.426,0.461,0.551,0.432,0.386,0.514,0.526,0.366,0.484,0.429
2015-07-20 13:00:00,0.487,0.514,0.387,0.569,0.468,0.544,0.61,0.452,0.496,0.613,0.427,0.45,0.508,0.534,0.409,0.523,0.435
2015-07-20 14:00:00,0.471,0.476,0.321,0.525,0.448,0.58,0.636,0.461,0.464,0.627,0.416,0.457,0.468,0.525,0.412,0.507,0.406
2015-07-20 15:00:00,0.459,0.509,0.286,0.58,0.472,0.589,0.56,0.482,0.496,0.603,0.328,0.461,0.493,0.557,0.413,0.437,0.427
2015-07-20 16:00:00,0.418,0.457,0.285,0.519,0.458,0.507,0.437,0.43,0.524,0.503,0.32,0.423,0.396,0.477,0.332,0.409,0.395
2015-07-20 17:00:00,0.364,0.406,0.301,0.388,0.443,0.41,0.333,0.327,0.419,0.374,0.235,0.374,0.381,0.356,0.31,0.388,0.306
2015-07-20 18:00:00,0.223,0.238,0.207,0.186,0.299,0.233,0.201,0.195,0.227,0.187,0.115,0.252,0.228,0.207,0.153,0.252,0.21
2015-07-20 19:00:00,0.073,0.084,0.093,0.0,0.12,0.075,0.0,0.033,0.069,0.0,0.02,0.089,0.058,0.0,0.06,0.099,0.093
2015-07-20 20:00:00,0.0,0.0,0.0,0.0,0.0,0.0,0.0,0.0,0.0,0.0,0.0,0.0,0.0,0.0,0.0,0.0,0.0
2015-07-20 21:00:00,0.0,0.0,0.0,0.0,0.0,0.0,0.0,0.0,0.0,0.0,0.0,0.0,0.0,0.0,0.0,0.0,0.0
2015-07-20 22:00:00,0.0,0.0,0.0,0.0,0.0,0.0,0.0,0.0,0.0,0.0,0.0,0.0,0.0,0.0,0.0,0.0,0.0
2015-07-20 23:00:00,0.0,0.0,0.0,0.0,0.0,0.0,0.0,0.0,0.0,0.0,0.0,0.0,0.0,0.0,0.0,0.0,0.0
2015-07-21 00:00:00,0.0,0.0,0.0,0.0,0.0,0.0,0.0,0.0,0.0,0.0,0.0,0.0,0.0,0.0,0.0,0.0,0.0
2015-07-21 01:00:00,0.0,0.0,0.0,0.0,0.0,0.0,0.0,0.0,0.0,0.0,0.0,0.0,0.0,0.0,0.0,0.0,0.0
2015-07-21 02:00:00,0.0,0.0,0.0,0.0,0.0,0.0,0.0,0.0,0.0,0.0,0.0,0.0,0.0,0.0,0.0,0.0,0.0
2015-07-21 03:00:00,0.0,0.0,0.0,0.0,0.0,0.0,0.0,0.0,0.0,0.0,0.0,0.0,0.0,0.0,0.0,0.0,0.0
2015-07-21 04:00:00,0.007,0.0,0.007,0.016,0.0,0.009,0.007,0.014,0.003,0.012,0.019,0.013,0.006,0.011,0.017,0.001,0.004
2015-07-21 05:00:00,0.026,0.014,0.027,0.043,0.01,0.034,0.042,0.042,0.02,0.04,0.05,0.038,0.031,0.041,0.048,0.011,0.02
2015-07-21 06:00:00,0.051,0.039,0.053,0.065,0.037,0.066,0.067,0.066,0.042,0.068,0.066,0.067,0.057,0.068,0.064,0.034,0.055
2015-07-21 07:00:00,0.078,0.065,0.066,0.082,0.065,0.082,0.095,0.082,0.07,0.09,0.11,0.115,0.081,0.105,0.094,0.057,0.083
2015-07-21 08:00:00,0.116,0.106,0.092,0.149,0.112,0.122,0.138,0.132,0.092,0.148,0.16,0.165,0.102,0.141,0.155,0.082,0.096
2015-07-21 09:00:00,0.212,0.174,0.184,0.293,0.202,0.191,0.251,0.261,0.174,0.287,0.277,0.242,0.215,0.262,0.288,0.154,0.202
2015-07-21 10:00:00,0.301,0.288,0.264,0.403,0.324,0.195,0.35,0.327,0.253,0.398,0.393,0.354,0.299,0.32,0.359,0.23,0.299
2015-07-21 11:00:00,0.376,0.36,0.402,0.492,0.378,0.237,0.409,0.355,0.32,0.476,0.451,0.397,0.336,0.325,0.435,0.352,0.339
2015-07-21 12:00:00,0.442,0.481,0.496,0.543,0.422,0.258,0.495,0.395,0.436,0.49,0.529,0.484,0.377,0.315,0.521,0.428,0.384
2015-07-21 13:00:00,0.457,0.522,0.495,0.504,0.471,0.361,0.509,0.417,0.471,0.487,0.607,0.521,0.365,0.265,0.587,0.413,0.358
2015-07-21 14:00:00,0.464,0.521,0.457,0.397,0.487,0.429,0.525,0.444,0.482,0.418,0.618,0.446,0.439,0.276,0.615,0.466,0.335
2015-07-21 15:00:00,0.396,0.475,0.308,0.276,0.39,0.408,0.425,0.391,0.424,0.298,0.578,0.281,0.409,0.338,0.561,0.402,0.34
2015-07-21 16:00:00,0.367,0.44,0.339,0.28,0.345,0.383,0.289,0.345,0.446,0.203,0.508,0.286,0.399,0.346,0.453,0.351,0.413
2015-07-21 17:00:00,0.276,0.304,0.269,0.215,0.273,0.276,0.279,0.214,0.322,0.177,0.353,0.285,0.292,0.3,0.324,0.25,0.329
2015-07-21 18:00:00,0.154,0.172,0.117,0.124,0.219,0.154,0.134,0.139,0.167,0.096,0.194,0.113,0.158,0.147,0.175,0.12,0.216
2015-07-21 19:00:00,0.05,0.068,0.042,0.0,0.084,0.031,0.0,0.022,0.064,0.0,0.015,0.051,0.027,0.0,0.058,0.058,0.089
2015-07-21 20:00:00,0.0,0.0,0.0,0.0,0.0,0.0,0.0,0.0,0.0,0.0,0.0,0.0,0.0,0.0,0.0,0.0,0.0
2015-07-21 21:00:00,0.0,0.0,0.0,0.0,0.0,0.0,0.0,0.0,0.0,0.0,0.0,0.0,0.0,0.0,0.0,0.0,0.0
2015-07-21 22:00:00,0.0,0.0,0.0,0.0,0.0,0.0,0.0,0.0,0.0,0.0,0.0,0.0,0.0,0.0,0.0,0.0,0.0
2015-07-21 23:00:00,0.0,0.0,0.0,0.0,0.0,0.0,0.0,0.0,0.0,0.0,0.0,0.0,0.0,0.0,0.0,0.0,0.0
2015-07-22 00:00:00,0.0,0.0,0.0,0.0,0.0,0.0,0.0,0.0,0.0,0.0,0.0,0.0,0.0,0.0,0.0,0.0,0.0
2015-07-22 01:00:00,0.0,0.0,0.0,0.0,0.0,0.0,0.0,0.0,0.0,0.0,0.0,0.0,0.0,0.0,0.0,0.0,0.0
2015-07-22 02:00:00,0.0,0.0,0.0,0.0,0.0,0.0,0.0,0.0,0.0,0.0,0.0,0.0,0.0,0.0,0.0,0.0,0.0
2015-07-22 03:00:00,0.0,0.0,0.0,0.0,0.0,0.0,0.0,0.0,0.0,0.0,0.0,0.0,0.0,0.0,0.0,0.0,0.0
2015-07-22 04:00:00,0.007,0.003,0.009,0.012,0.001,0.009,0.005,0.013,0.004,0.008,0.015,0.011,0.005,0.009,0.016,0.005,0.005
2015-07-22 05:00:00,0.034,0.03,0.035,0.045,0.026,0.039,0.032,0.041,0.033,0.029,0.043,0.037,0.033,0.033,0.042,0.03,0.032
2015-07-22 06:00:00,0.064,0.06,0.058,0.078,0.056,0.072,0.063,0.066,0.055,0.057,0.071,0.056,0.057,0.061,0.067,0.067,0.063
2015-07-22 07:00:00,0.086,0.078,0.077,0.093,0.088,0.087,0.083,0.08,0.071,0.088,0.099,0.076,0.074,0.084,0.081,0.093,0.084
2015-07-22 08:00:00,0.125,0.099,0.117,0.151,0.132,0.132,0.131,0.126,0.096,0.141,0.139,0.101,0.109,0.135,0.119,0.12,0.147
2015-07-22 09:00:00,0.239,0.214,0.235,0.283,0.218,0.255,0.259,0.265,0.231,0.278,0.279,0.235,0.245,0.265,0.258,0.215,0.237
2015-07-22 10:00:00,0.348,0.347,0.346,0.412,0.331,0.313,0.358,0.388,0.358,0.401,0.406,0.355,0.365,0.392,0.381,0.312,0.322
2015-07-22 11:00:00,0.42,0.414,0.396,0.502,0.372,0.386,0.471,0.471,0.464,0.494,0.5,0.42,0.473,0.47,0.434,0.394,0.37
2015-07-22 12:00:00,0.454,0.505,0.382,0.547,0.439,0.465,0.548,0.468,0.542,0.555,0.532,0.455,0.524,0.484,0.383,0.427,0.402
2015-07-22 13:00:00,0.432,0.505,0.268,0.484,0.468,0.459,0.581,0.433,0.564,0.573,0.471,0.358,0.519,0.478,0.305,0.417,0.428
2015-07-22 14:00:00,0.397,0.522,0.247,0.485,0.39,0.424,0.567,0.411,0.561,0.56,0.397,0.331,0.534,0.497,0.288,0.363,0.366
2015-07-22 15:00:00,0.396,0.468,0.346,0.482,0.295,0.387,0.551,0.42,0.551,0.546,0.371,0.415,0.545,0.468,0.367,0.334,0.431
2015-07-22 16:00:00,0.38,0.421,0.353,0.395,0.381,0.323,0.431,0.337,0.472,0.475,0.404,0.425,0.497,0.447,0.355,0.313,0.448
2015-07-22 17:00:00,0.304,0.327,0.301,0.291,0.354,0.219,0.35,0.239,0.34,0.343,0.34,0.314,0.32,0.331,0.308,0.268,0.346
2015-07-22 18:00:00,0.191,0.206,0.215,0.117,0.183,0.148,0.186,0.158,0.2,0.158,0.19,0.211,0.178,0.154,0.195,0.213,0.201
2015-07-22 19:00:00,0.059,0.065,0.076,0.0,0.091,0.036,0.0,0.022,0.035,0.0,0.005,0.091,0.008,0.0,0.057,0.08,0.091
2015-07-22 20:00:00,0.0,0.0,0.0,0.0,0.0,0.0,0.0,0.0,0.0,0.0,0.0,0.0,0.0,0.0,0.0,0.0,0.0
2015-07-22 21:00:00,0.0,0.0,0.0,0.0,0.0,0.0,0.0,0.0,0.0,0.0,0.0,0.0,0.0,0.0,0.0,0.0,0.0
2015-07-22 22:00:00,0.0,0.0,0.0,0.0,0.0,0.0,0.0,0.0,0.0,0.0,0.0,0.0,0.0,0.0,0.0,0.0,0.0
2015-07-22 23:00:00,0.0,0.0,0.0,0.0,0.0,0.0,0.0,0.0,0.0,0.0,0.0,0.0,0.0,0.0,0.0,0.0,0.0
2015-07-23 00:00:00,0.0,0.0,0.0,0.0,0.0,0.0,0.0,0.0,0.0,0.0,0.0,0.0,0.0,0.0,0.0,0.0,0.0
2015-07-23 01:00:00,0.0,0.0,0.0,0.0,0.0,0.0,0.0,0.0,0.0,0.0,0.0,0.0,0.0,0.0,0.0,0.0,0.0
2015-07-23 02:00:00,0.0,0.0,0.0,0.0,0.0,0.0,0.0,0.0,0.0,0.0,0.0,0.0,0.0,0.0,0.0,0.0,0.0
2015-07-23 03:00:00,0.0,0.0,0.0,0.0,0.0,0.0,0.0,0.0,0.0,0.0,0.0,0.0,0.0,0.0,0.0,0.0,0.0
2015-07-23 04:00:00,0.006,0.003,0.001,0.016,0.001,0.01,0.006,0.014,0.005,0.01,0.017,0.003,0.006,0.009,0.011,0.002,0.001
2015-07-23 05:00:00,0.028,0.035,0.009,0.049,0.015,0.045,0.033,0.044,0.033,0.038,0.045,0.013,0.033,0.037,0.028,0.027,0.014
2015-07-23 06:00:00,0.049,0.069,0.021,0.075,0.024,0.057,0.056,0.067,0.056,0.06,0.074,0.026,0.054,0.054,0.035,0.052,0.044
2015-07-23 07:00:00,0.09,0.086,0.09,0.099,0.089,0.102,0.074,0.107,0.111,0.081,0.133,0.049,0.077,0.086,0.086,0.09,0.088
2015-07-23 08:00:00,0.115,0.102,0.086,0.136,0.125,0.137,0.114,0.118,0.154,0.136,0.124,0.088,0.124,0.125,0.071,0.113,0.14
2015-07-23 09:00:00,0.183,0.134,0.116,0.25,0.215,0.247,0.247,0.218,0.236,0.247,0.17,0.145,0.243,0.242,0.06,0.175,0.21
2015-07-23 10:00:00,0.286,0.269,0.237,0.364,0.346,0.311,0.373,0.296,0.295,0.371,0.208,0.261,0.317,0.363,0.065,0.291,0.346
2015-07-23 11:00:00,0.37,0.373,0.354,0.413,0.462,0.332,0.417,0.301,0.29,0.432,0.302,0.378,0.319,0.363,0.127,0.399,0.466
2015-07-23 12:00:00,0.441,0.492,0.531,0.412,0.55,0.33,0.36,0.312,0.388,0.501,0.317,0.514,0.335,0.366,0.199,0.48,0.54
2015-07-23 13:00:00,0.482,0.566,0.592,0.382,0.511,0.394,0.383,0.395,0.409,0.47,0.308,0.62,0.364,0.407,0.282,0.585,0.454
2015-07-23 14:00:00,0.477,0.593,0.581,0.338,0.448,0.447,0.466,0.434,0.443,0.416,0.242,0.643,0.283,0.429,0.324,0.59,0.4
2015-07-23 15:00:00,0.442,0.563,0.532,0.302,0.349,0.43,0.332,0.429,0.414,0.304,0.269,0.616,0.174,0.316,0.453,0.524,0.402
2015-07-23 16:00:00,0.387,0.469,0.5,0.196,0.33,0.362,0.143,0.367,0.349,0.29,0.316,0.554,0.167,0.128,0.477,0.471,0.299
2015-07-23 17:00:00,0.296,0.335,0.394,0.102,0.281,0.242,0.062,0.249,0.279,0.124,0.258,0.44,0.118,0.042,0.389,0.375,0.25
2015-07-23 18:00:00,0.166,0.184,0.217,0.045,0.19,0.108,0.013,0.124,0.124,0.042,0.146,0.249,0.059,0.016,0.227,0.215,0.138
2015-07-23 19:00:00,0.047,0.068,0.045,0.0,0.057,0.023,0.0,0.009,0.06,0.0,0.001,0.087,0.003,0.0,0.066,0.075,0.033
2015-07-23 20:00:00,0.0,0.0,0.0,0.0,0.0,0.0,0.0,0.0,0.0,0.0,0.0,0.0,0.0,0.0,0.0,0.0,0.0
2015-07-23 21:00:00,0.0,0.0,0.0,0.0,0.0,0.0,0.0,0.0,0.0,0.0,0.0,0.0,0.0,0.0,0.0,0.0,0.0
2015-07-23 22:00:00,0.0,0.0,0.0,0.0,0.0,0.0,0.0,0.0,0.0,0.0,0.0,0.0,0.0,0.0,0.0,0.0,0.0
2015-07-23 23:00:00,0.0,0.0,0.0,0.0,0.0,0.0,0.0,0.0,0.0,0.0,0.0,0.0,0.0,0.0,0.0,0.0,0.0
2015-07-24 00:00:00,0.0,0.0,0.0,0.0,0.0,0.0,0.0,0.0,0.0,0.0,0.0,0.0,0.0,0.0,0.0,0.0,0.0
2015-07-24 01:00:00,0.0,0.0,0.0,0.0,0.0,0.0,0.0,0.0,0.0,0.0,0.0,0.0,0.0,0.0,0.0,0.0,0.0
2015-07-24 02:00:00,0.0,0.0,0.0,0.0,0.0,0.0,0.0,0.0,0.0,0.0,0.0,0.0,0.0,0.0,0.0,0.0,0.0
2015-07-24 03:00:00,0.0,0.0,0.0,0.0,0.0,0.0,0.0,0.0,0.0,0.0,0.0,0.0,0.0,0.0,0.0,0.0,0.0
2015-07-24 04:00:00,0.006,0.001,0.006,0.012,0.001,0.007,0.001,0.012,0.003,0.004,0.016,0.007,0.002,0.005,0.013,0.004,0.004
2015-07-24 05:00:00,0.032,0.023,0.036,0.039,0.02,0.036,0.019,0.04,0.028,0.033,0.042,0.032,0.025,0.033,0.043,0.032,0.03
2015-07-24 06:00:00,0.062,0.063,0.074,0.067,0.054,0.061,0.046,0.065,0.063,0.057,0.065,0.059,0.057,0.065,0.083,0.062,0.051
2015-07-24 07:00:00,0.089,0.088,0.107,0.096,0.085,0.079,0.114,0.087,0.086,0.105,0.084,0.083,0.099,0.111,0.088,0.09,0.074
2015-07-24 08:00:00,0.12,0.113,0.131,0.167,0.093,0.114,0.146,0.124,0.112,0.159,0.134,0.098,0.133,0.155,0.132,0.117,0.102
2015-07-24 09:00:00,0.231,0.225,0.228,0.271,0.207,0.233,0.249,0.245,0.233,0.211,0.276,0.214,0.226,0.242,0.257,0.226,0.216
2015-07-24 10:00:00,0.348,0.342,0.319,0.398,0.332,0.363,0.303,0.37,0.357,0.302,0.407,0.326,0.323,0.366,0.37,0.344,0.342
2015-07-24 11:00:00,0.402,0.432,0.362,0.486,0.441,0.347,0.367,0.399,0.455,0.345,0.416,0.369,0.379,0.413,0.34,0.396,0.439
2015-07-24 12:00:00,0.442,0.387,0.401,0.552,0.506,0.351,0.421,0.401,0.449,0.359,0.419,0.446,0.423,0.403,0.364,0.457,0.515
2015-07-24 13:00:00,0.437,0.291,0.374,0.549,0.478,0.344,0.484,0.398,0.45,0.292,0.386,0.462,0.51,0.294,0.344,0.466,0.599
2015-07-24 14:00:00,0.392,0.168,0.375,0.439,0.367,0.323,0.452,0.303,0.41,0.232,0.421,0.462,0.43,0.229,0.366,0.415,0.614
2015-07-24 15:00:00,0.358,0.177,0.407,0.341,0.357,0.338,0.39,0.28,0.363,0.304,0.368,0.429,0.387,0.284,0.301,0.337,0.586
2015-07-24 16:00:00,0.289,0.162,0.349,0.333,0.274,0.276,0.273,0.236,0.204,0.259,0.264,0.348,0.288,0.164,0.269,0.249,0.524
2015-07-24 17:00:00,0.231,0.101,0.26,0.247,0.14,0.28,0.182,0.215,0.137,0.18,0.287,0.333,0.268,0.12,0.232,0.21,0.405
2015-07-24 18:00:00,0.149,0.095,0.193,0.11,0.119,0.165,0.092,0.13,0.069,0.082,0.125,0.247,0.127,0.057,0.11,0.15,0.273
2015-07-24 19:00:00,0.04,0.019,0.067,0.0,0.077,0.009,0.0,0.008,0.024,0.0,0.0,0.068,0.0,0.0,0.046,0.055,0.053
2015-07-24 20:00:00,0.0,0.0,0.0,0.0,0.0,0.0,0.0,0.0,0.0,0.0,0.0,0.0,0.0,0.0,0.0,0.0,0.0
2015-07-24 21:00:00,0.0,0.0,0.0,0.0,0.0,0.0,0.0,0.0,0.0,0.0,0.0,0.0,0.0,0.0,0.0,0.0,0.0
2015-07-24 22:00:00,0.0,0.0,0.0,0.0,0.0,0.0,0.0,0.0,0.0,0.0,0.0,0.0,0.0,0.0,0.0,0.0,0.0
2015-07-24 23:00:00,0.0,0.0,0.0,0.0,0.0,0.0,0.0,0.0,0.0,0.0,0.0,0.0,0.0,0.0,0.0,0.0,0.0
2015-07-25 00:00:00,0.0,0.0,0.0,0.0,0.0,0.0,0.0,0.0,0.0,0.0,0.0,0.0,0.0,0.0,0.0,0.0,0.0
2015-07-25 01:00:00,0.0,0.0,0.0,0.0,0.0,0.0,0.0,0.0,0.0,0.0,0.0,0.0,0.0,0.0,0.0,0.0,0.0
2015-07-25 02:00:00,0.0,0.0,0.0,0.0,0.0,0.0,0.0,0.0,0.0,0.0,0.0,0.0,0.0,0.0,0.0,0.0,0.0
2015-07-25 03:00:00,0.0,0.0,0.0,0.0,0.0,0.0,0.0,0.0,0.0,0.0,0.0,0.0,0.0,0.0,0.0,0.0,0.0
2015-07-25 04:00:00,0.007,0.003,0.007,0.012,0.002,0.007,0.005,0.013,0.004,0.009,0.019,0.008,0.004,0.008,0.016,0.005,0.004
2015-07-25 05:00:00,0.037,0.03,0.034,0.042,0.034,0.035,0.036,0.045,0.036,0.038,0.053,0.044,0.032,0.035,0.053,0.033,0.031
2015-07-25 06:00:00,0.069,0.065,0.066,0.067,0.073,0.066,0.062,0.065,0.067,0.065,0.077,0.078,0.064,0.063,0.076,0.064,0.075
2015-07-25 07:00:00,0.1,0.103,0.089,0.088,0.112,0.094,0.084,0.105,0.085,0.078,0.106,0.11,0.098,0.089,0.102,0.108,0.087
2015-07-25 08:00:00,0.133,0.104,0.145,0.148,0.123,0.152,0.123,0.168,0.1,0.132,0.155,0.107,0.109,0.117,0.15,0.14,0.12
2015-07-25 09:00:00,0.214,0.216,0.157,0.274,0.212,0.249,0.255,0.275,0.23,0.27,0.275,0.101,0.242,0.254,0.267,0.206,0.145
2015-07-25 10:00:00,0.303,0.25,0.218,0.395,0.302,0.363,0.385,0.374,0.277,0.395,0.393,0.13,0.355,0.382,0.357,0.304,0.229
2015-07-25 11:00:00,0.363,0.297,0.347,0.499,0.379,0.453,0.487,0.466,0.313,0.497,0.474,0.152,0.432,0.487,0.414,0.308,0.31
2015-07-25 12:00:00,0.39,0.308,0.323,0.571,0.423,0.497,0.469,0.535,0.264,0.559,0.527,0.285,0.347,0.531,0.477,0.288,0.346
2015-07-25 13:00:00,0.398,0.364,0.246,0.594,0.438,0.433,0.491,0.566,0.301,0.581,0.54,0.332,0.286,0.548,0.5,0.267,0.401
2015-07-25 14:00:00,0.399,0.454,0.213,0.559,0.509,0.295,0.356,0.52,0.332,0.542,0.568,0.315,0.232,0.49,0.495,0.263,0.472
2015-07-25 15:00:00,0.339,0.339,0.102,0.53,0.444,0.206,0.315,0.375,0.289,0.488,0.534,0.154,0.221,0.397,0.365,0.288,0.419
2015-07-25 16:00:00,0.294,0.324,0.115,0.426,0.483,0.134,0.196,0.187,0.203,0.378,0.421,0.111,0.133,0.263,0.239,0.28,0.447
2015-07-25 17:00:00,0.208,0.25,0.11,0.217,0.382,0.082,0.135,0.09,0.139,0.215,0.235,0.111,0.078,0.172,0.092,0.209,0.385
2015-07-25 18:00:00,0.108,0.176,0.042,0.055,0.226,0.026,0.054,0.023,0.075,0.084,0.079,0.082,0.027,0.061,0.028,0.113,0.229
2015-07-25 19:00:00,0.023,0.026,0.002,0.0,0.076,0.0,0.0,0.0,0.001,0.0,0.0,0.008,0.0,0.0,0.0,0.02,0.087
2015-07-25 20:00:00,0.0,0.0,0.0,0.0,0.0,0.0,0.0,0.0,0.0,0.0,0.0,0.0,0.0,0.0,0.0,0.0,0.0
2015-07-25 21:00:00,0.0,0.0,0.0,0.0,0.0,0.0,0.0,0.0,0.0,0.0,0.0,0.0,0.0,0.0,0.0,0.0,0.0
2015-07-25 22:00:00,0.0,0.0,0.0,0.0,0.0,0.0,0.0,0.0,0.0,0.0,0.0,0.0,0.0,0.0,0.0,0.0,0.0
2015-07-25 23:00:00,0.0,0.0,0.0,0.0,0.0,0.0,0.0,0.0,0.0,0.0,0.0,0.0,0.0,0.0,0.0,0.0,0.0
2015-07-26 00:00:00,0.0,0.0,0.0,0.0,0.0,0.0,0.0,0.0,0.0,0.0,0.0,0.0,0.0,0.0,0.0,0.0,0.0
2015-07-26 01:00:00,0.0,0.0,0.0,0.0,0.0,0.0,0.0,0.0,0.0,0.0,0.0,0.0,0.0,0.0,0.0,0.0,0.0
2015-07-26 02:00:00,0.0,0.0,0.0,0.0,0.0,0.0,0.0,0.0,0.0,0.0,0.0,0.0,0.0,0.0,0.0,0.0,0.0
2015-07-26 03:00:00,0.0,0.0,0.0,0.0,0.0,0.0,0.0,0.0,0.0,0.0,0.0,0.0,0.0,0.0,0.0,0.0,0.0
2015-07-26 04:00:00,0.005,0.001,0.006,0.012,0.0,0.001,0.001,0.008,0.002,0.006,0.017,0.007,0.0,0.005,0.015,0.002,0.0
2015-07-26 05:00:00,0.026,0.025,0.041,0.05,0.012,0.013,0.018,0.024,0.032,0.032,0.056,0.038,0.017,0.019,0.046,0.018,0.006
2015-07-26 06:00:00,0.054,0.061,0.065,0.084,0.044,0.058,0.052,0.049,0.058,0.057,0.085,0.078,0.057,0.05,0.072,0.042,0.026
2015-07-26 07:00:00,0.083,0.081,0.083,0.073,0.067,0.128,0.109,0.079,0.107,0.045,0.108,0.076,0.105,0.06,0.104,0.095,0.032
2015-07-26 08:00:00,0.109,0.112,0.097,0.072,0.094,0.177,0.153,0.121,0.113,0.054,0.15,0.07,0.122,0.082,0.152,0.125,0.061
2015-07-26 09:00:00,0.157,0.236,0.109,0.084,0.191,0.238,0.25,0.186,0.246,0.087,0.108,0.08,0.265,0.195,0.145,0.151,0.131
2015-07-26 10:00:00,0.2,0.255,0.119,0.109,0.23,0.277,0.389,0.204,0.313,0.092,0.093,0.164,0.357,0.302,0.135,0.188,0.255
2015-07-26 11:00:00,0.264,0.323,0.131,0.174,0.289,0.335,0.438,0.29,0.342,0.161,0.148,0.307,0.43,0.412,0.188,0.224,0.37
2015-07-26 12:00:00,0.335,0.47,0.187,0.254,0.395,0.373,0.524,0.355,0.447,0.255,0.186,0.347,0.459,0.481,0.262,0.298,0.393
2015-07-26 13:00:00,0.385,0.532,0.328,0.363,0.377,0.367,0.523,0.317,0.471,0.337,0.288,0.449,0.479,0.522,0.315,0.348,0.446
2015-07-26 14:00:00,0.397,0.552,0.348,0.404,0.457,0.311,0.609,0.322,0.52,0.346,0.413,0.374,0.588,0.487,0.346,0.329,0.435
2015-07-26 15:00:00,0.414,0.575,0.388,0.386,0.416,0.35,0.589,0.329,0.528,0.421,0.291,0.401,0.585,0.524,0.365,0.387,0.458
2015-07-26 16:00:00,0.373,0.544,0.298,0.274,0.408,0.309,0.507,0.312,0.534,0.4,0.281,0.345,0.524,0.486,0.318,0.357,0.385
2015-07-26 17:00:00,0.308,0.45,0.238,0.207,0.37,0.234,0.404,0.255,0.421,0.31,0.264,0.31,0.426,0.379,0.256,0.293,0.308
2015-07-26 18:00:00,0.201,0.277,0.206,0.137,0.255,0.16,0.204,0.139,0.244,0.159,0.148,0.193,0.228,0.193,0.125,0.228,0.202
2015-07-26 19:00:00,0.055,0.101,0.071,0.0,0.111,0.003,0.0,0.002,0.04,0.0,0.0,0.063,0.0,0.0,0.025,0.073,0.096
2015-07-26 20:00:00,0.0,0.0,0.0,0.0,0.0,0.0,0.0,0.0,0.0,0.0,0.0,0.0,0.0,0.0,0.0,0.0,0.0
2015-07-26 21:00:00,0.0,0.0,0.0,0.0,0.0,0.0,0.0,0.0,0.0,0.0,0.0,0.0,0.0,0.0,0.0,0.0,0.0
2015-07-26 22:00:00,0.0,0.0,0.0,0.0,0.0,0.0,0.0,0.0,0.0,0.0,0.0,0.0,0.0,0.0,0.0,0.0,0.0
2015-07-26 23:00:00,0.0,0.0,0.0,0.0,0.0,0.0,0.0,0.0,0.0,0.0,0.0,0.0,0.0,0.0,0.0,0.0,0.0
2015-07-27 00:00:00,0.0,0.0,0.0,0.0,0.0,0.0,0.0,0.0,0.0,0.0,0.0,0.0,0.0,0.0,0.0,0.0,0.0
2015-07-27 01:00:00,0.0,0.0,0.0,0.0,0.0,0.0,0.0,0.0,0.0,0.0,0.0,0.0,0.0,0.0,0.0,0.0,0.0
2015-07-27 02:00:00,0.0,0.0,0.0,0.0,0.0,0.0,0.0,0.0,0.0,0.0,0.0,0.0,0.0,0.0,0.0,0.0,0.0
2015-07-27 03:00:00,0.0,0.0,0.0,0.0,0.0,0.0,0.0,0.0,0.0,0.0,0.0,0.0,0.0,0.0,0.0,0.0,0.0
2015-07-27 04:00:00,0.007,0.001,0.009,0.012,0.0,0.009,0.006,0.011,0.003,0.009,0.015,0.01,0.005,0.009,0.013,0.005,0.003
2015-07-27 05:00:00,0.036,0.013,0.045,0.043,0.008,0.046,0.045,0.046,0.026,0.041,0.045,0.051,0.046,0.04,0.043,0.039,0.025
2015-07-27 06:00:00,0.07,0.031,0.11,0.066,0.042,0.097,0.093,0.076,0.047,0.063,0.072,0.094,0.084,0.067,0.075,0.075,0.054
2015-07-27 07:00:00,0.08,0.036,0.121,0.085,0.056,0.094,0.1,0.089,0.047,0.101,0.085,0.121,0.059,0.097,0.086,0.072,0.077
2015-07-27 08:00:00,0.125,0.073,0.124,0.154,0.106,0.163,0.136,0.141,0.077,0.172,0.161,0.16,0.111,0.159,0.127,0.113,0.113
2015-07-27 09:00:00,0.194,0.134,0.196,0.263,0.15,0.21,0.151,0.258,0.117,0.251,0.232,0.252,0.16,0.22,0.237,0.179,0.155
2015-07-27 10:00:00,0.221,0.184,0.247,0.35,0.171,0.225,0.164,0.302,0.133,0.354,0.308,0.251,0.193,0.245,0.287,0.168,0.176
2015-07-27 11:00:00,0.248,0.296,0.254,0.376,0.282,0.221,0.241,0.281,0.207,0.339,0.321,0.252,0.243,0.226,0.263,0.156,0.263
2015-07-27 12:00:00,0.267,0.376,0.169,0.325,0.296,0.201,0.363,0.221,0.363,0.266,0.315,0.318,0.295,0.198,0.237,0.194,0.36
2015-07-27 13:00:00,0.269,0.366,0.128,0.26,0.286,0.194,0.441,0.197,0.347,0.212,0.343,0.325,0.357,0.199,0.314,0.221,0.326
2015-07-27 14:00:00,0.247,0.332,0.08,0.196,0.342,0.172,0.415,0.151,0.343,0.17,0.279,0.215,0.334,0.292,0.229,0.26,0.237
2015-07-27 15:00:00,0.253,0.306,0.098,0.15,0.296,0.201,0.391,0.137,0.299,0.201,0.208,0.131,0.226,0.328,0.15,0.389,0.219
2015-07-27 16:00:00,0.201,0.221,0.127,0.127,0.164,0.141,0.179,0.111,0.303,0.258,0.152,0.097,0.144,0.287,0.112,0.306,0.243
2015-07-27 17:00:00,0.132,0.131,0.217,0.116,0.1,0.095,0.058,0.063,0.191,0.174,0.068,0.071,0.101,0.173,0.045,0.201,0.136
2015-07-27 18:00:00,0.069,0.084,0.13,0.045,0.106,0.044,0.029,0.033,0.103,0.069,0.016,0.039,0.109,0.076,0.018,0.073,0.1
2015-07-27 19:00:00,0.017,0.022,0.055,0.0,0.012,0.0,0.0,0.0,0.0,0.0,0.0,0.032,0.0,0.0,0.002,0.019,0.048
2015-07-27 20:00:00,0.0,0.0,0.0,0.0,0.0,0.0,0.0,0.0,0.0,0.0,0.0,0.0,0.0,0.0,0.0,0.0,0.0
2015-07-27 21:00:00,0.0,0.0,0.0,0.0,0.0,0.0,0.0,0.0,0.0,0.0,0.0,0.0,0.0,0.0,0.0,0.0,0.0
2015-07-27 22:00:00,0.0,0.0,0.0,0.0,0.0,0.0,0.0,0.0,0.0,0.0,0.0,0.0,0.0,0.0,0.0,0.0,0.0
2015-07-27 23:00:00,0.0,0.0,0.0,0.0,0.0,0.0,0.0,0.0,0.0,0.0,0.0,0.0,0.0,0.0,0.0,0.0,0.0
2015-07-28 00:00:00,0.0,0.0,0.0,0.0,0.0,0.0,0.0,0.0,0.0,0.0,0.0,0.0,0.0,0.0,0.0,0.0,0.0
2015-07-28 01:00:00,0.0,0.0,0.0,0.0,0.0,0.0,0.0,0.0,0.0,0.0,0.0,0.0,0.0,0.0,0.0,0.0,0.0
2015-07-28 02:00:00,0.0,0.0,0.0,0.0,0.0,0.0,0.0,0.0,0.0,0.0,0.0,0.0,0.0,0.0,0.0,0.0,0.0
2015-07-28 03:00:00,0.0,0.0,0.0,0.0,0.0,0.0,0.0,0.0,0.0,0.0,0.0,0.0,0.0,0.0,0.0,0.0,0.0
2015-07-28 04:00:00,0.005,0.001,0.005,0.012,0.001,0.005,0.004,0.009,0.002,0.006,0.014,0.006,0.003,0.006,0.011,0.002,0.001
2015-07-28 05:00:00,0.033,0.027,0.034,0.044,0.022,0.036,0.034,0.04,0.03,0.037,0.051,0.035,0.032,0.037,0.046,0.03,0.022
2015-07-28 06:00:00,0.064,0.055,0.064,0.07,0.05,0.065,0.062,0.076,0.06,0.064,0.093,0.071,0.058,0.062,0.092,0.06,0.049
2015-07-28 07:00:00,0.092,0.079,0.077,0.099,0.078,0.09,0.082,0.11,0.078,0.086,0.123,0.108,0.078,0.086,0.138,0.081,0.089
2015-07-28 08:00:00,0.117,0.099,0.097,0.154,0.08,0.105,0.124,0.125,0.111,0.129,0.169,0.134,0.122,0.124,0.157,0.104,0.115
2015-07-28 09:00:00,0.209,0.147,0.236,0.256,0.163,0.245,0.221,0.234,0.198,0.267,0.262,0.207,0.236,0.259,0.242,0.192,0.184
2015-07-28 10:00:00,0.308,0.308,0.27,0.366,0.307,0.365,0.35,0.363,0.332,0.381,0.291,0.291,0.313,0.383,0.268,0.293,0.268
2015-07-28 11:00:00,0.384,0.393,0.322,0.493,0.384,0.333,0.412,0.362,0.415,0.447,0.347,0.348,0.41,0.397,0.333,0.404,0.38
2015-07-28 12:00:00,0.415,0.439,0.436,0.498,0.395,0.463,0.435,0.46,0.462,0.469,0.34,0.366,0.45,0.456,0.361,0.44,0.305
2015-07-28 13:00:00,0.482,0.507,0.532,0.561,0.495,0.497,0.495,0.449,0.498,0.524,0.485,0.362,0.475,0.485,0.446,0.501,0.429
2015-07-28 14:00:00,0.44,0.523,0.455,0.51,0.524,0.423,0.402,0.374,0.458,0.452,0.442,0.351,0.405,0.396,0.358,0.461,0.38
2015-07-28 15:00:00,0.424,0.473,0.435,0.42,0.489,0.399,0.41,0.403,0.465,0.476,0.186,0.349,0.411,0.48,0.351,0.458,0.445
2015-07-28 16:00:00,0.363,0.378,0.324,0.359,0.345,0.31,0.365,0.374,0.409,0.351,0.212,0.262,0.338,0.319,0.313,0.442,0.405
2015-07-28 17:00:00,0.292,0.276,0.298,0.268,0.347,0.258,0.232,0.232,0.323,0.273,0.3,0.213,0.255,0.242,0.28,0.3,0.377
2015-07-28 18:00:00,0.148,0.13,0.174,0.091,0.175,0.134,0.131,0.101,0.141,0.108,0.133,0.134,0.138,0.109,0.133,0.175,0.179
2015-07-28 19:00:00,0.024,0.019,0.053,0.0,0.035,0.0,0.0,0.0,0.0,0.0,0.0,0.036,0.0,0.0,0.012,0.029,0.068
2015-07-28 20:00:00,0.0,0.0,0.0,0.0,0.0,0.0,0.0,0.0,0.0,0.0,0.0,0.0,0.0,0.0,0.0,0.0,0.0
2015-07-28 21:00:00,0.0,0.0,0.0,0.0,0.0,0.0,0.0,0.0,0.0,0.0,0.0,0.0,0.0,0.0,0.0,0.0,0.0
2015-07-28 22:00:00,0.0,0.0,0.0,0.0,0.0,0.0,0.0,0.0,0.0,0.0,0.0,0.0,0.0,0.0,0.0,0.0,0.0
2015-07-28 23:00:00,0.0,0.0,0.0,0.0,0.0,0.0,0.0,0.0,0.0,0.0,0.0,0.0,0.0,0.0,0.0,0.0,0.0
2015-07-29 00:00:00,0.0,0.0,0.0,0.0,0.0,0.0,0.0,0.0,0.0,0.0,0.0,0.0,0.0,0.0,0.0,0.0,0.0
2015-07-29 01:00:00,0.0,0.0,0.0,0.0,0.0,0.0,0.0,0.0,0.0,0.0,0.0,0.0,0.0,0.0,0.0,0.0,0.0
2015-07-29 02:00:00,0.0,0.0,0.0,0.0,0.0,0.0,0.0,0.0,0.0,0.0,0.0,0.0,0.0,0.0,0.0,0.0,0.0
2015-07-29 03:00:00,0.0,0.0,0.0,0.0,0.0,0.0,0.0,0.0,0.0,0.0,0.0,0.0,0.0,0.0,0.0,0.0,0.0
2015-07-29 04:00:00,0.004,0.001,0.006,0.009,0.001,0.005,0.0,0.008,0.0,0.005,0.014,0.006,0.001,0.001,0.01,0.003,0.002
2015-07-29 05:00:00,0.033,0.027,0.034,0.039,0.025,0.042,0.009,0.049,0.012,0.03,0.052,0.034,0.013,0.027,0.039,0.033,0.028
2015-07-29 06:00:00,0.064,0.062,0.071,0.085,0.054,0.08,0.015,0.086,0.035,0.038,0.091,0.064,0.022,0.031,0.062,0.069,0.055
2015-07-29 07:00:00,0.077,0.077,0.074,0.103,0.069,0.096,0.042,0.091,0.108,0.04,0.091,0.072,0.1,0.06,0.077,0.073,0.069
2015-07-29 08:00:00,0.105,0.095,0.1,0.104,0.099,0.134,0.123,0.142,0.107,0.059,0.139,0.09,0.158,0.089,0.116,0.093,0.101
2015-07-29 09:00:00,0.203,0.188,0.212,0.155,0.186,0.224,0.171,0.254,0.215,0.069,0.265,0.221,0.223,0.224,0.238,0.198,0.196
2015-07-29 10:00:00,0.289,0.253,0.306,0.245,0.276,0.295,0.236,0.326,0.274,0.126,0.358,0.313,0.308,0.31,0.355,0.285,0.285
2015-07-29 11:00:00,0.354,0.26,0.404,0.268,0.327,0.33,0.336,0.368,0.302,0.235,0.43,0.363,0.386,0.339,0.421,0.378,0.366
2015-07-29 12:00:00,0.371,0.226,0.421,0.325,0.338,0.328,0.384,0.41,0.314,0.382,0.479,0.43,0.342,0.355,0.457,0.362,0.379
2015-07-29 13:00:00,0.383,0.21,0.507,0.352,0.322,0.392,0.387,0.371,0.226,0.492,0.451,0.459,0.348,0.367,0.438,0.357,0.471
2015-07-29 14:00:00,0.345,0.257,0.397,0.389,0.347,0.302,0.281,0.308,0.185,0.423,0.444,0.464,0.28,0.276,0.443,0.26,0.465
2015-07-29 15:00:00,0.333,0.217,0.376,0.381,0.34,0.231,0.256,0.289,0.193,0.333,0.363,0.478,0.234,0.276,0.431,0.261,0.506
2015-07-29 16:00:00,0.275,0.223,0.266,0.271,0.336,0.161,0.266,0.258,0.176,0.224,0.308,0.395,0.169,0.232,0.372,0.215,0.376
2015-07-29 17:00:00,0.223,0.11,0.184,0.153,0.313,0.156,0.29,0.198,0.097,0.13,0.218,0.282,0.147,0.159,0.287,0.188,0.399
2015-07-29 18:00:00,0.123,0.046,0.118,0.074,0.179,0.138,0.168,0.093,0.04,0.074,0.109,0.103,0.117,0.055,0.107,0.134,0.214
2015-07-29 19:00:00,0.022,0.015,0.053,0.0,0.036,0.0,0.0,0.0,0.0,0.0,0.0,0.056,0.0,0.0,0.007,0.03,0.04
2015-07-29 20:00:00,0.0,0.0,0.0,0.0,0.0,0.0,0.0,0.0,0.0,0.0,0.0,0.0,0.0,0.0,0.0,0.0,0.0
2015-07-29 21:00:00,0.0,0.0,0.0,0.0,0.0,0.0,0.0,0.0,0.0,0.0,0.0,0.0,0.0,0.0,0.0,0.0,0.0
2015-07-29 22:00:00,0.0,0.0,0.0,0.0,0.0,0.0,0.0,0.0,0.0,0.0,0.0,0.0,0.0,0.0,0.0,0.0,0.0
2015-07-29 23:00:00,0.0,0.0,0.0,0.0,0.0,0.0,0.0,0.0,0.0,0.0,0.0,0.0,0.0,0.0,0.0,0.0,0.0
2015-07-30 00:00:00,0.0,0.0,0.0,0.0,0.0,0.0,0.0,0.0,0.0,0.0,0.0,0.0,0.0,0.0,0.0,0.0,0.0
2015-07-30 01:00:00,0.0,0.0,0.0,0.0,0.0,0.0,0.0,0.0,0.0,0.0,0.0,0.0,0.0,0.0,0.0,0.0,0.0
2015-07-30 02:00:00,0.0,0.0,0.0,0.0,0.0,0.0,0.0,0.0,0.0,0.0,0.0,0.0,0.0,0.0,0.0,0.0,0.0
2015-07-30 03:00:00,0.0,0.0,0.0,0.0,0.0,0.0,0.0,0.0,0.0,0.0,0.0,0.0,0.0,0.0,0.0,0.0,0.0
2015-07-30 04:00:00,0.003,0.001,0.005,0.004,0.0,0.005,0.0,0.008,0.002,0.0,0.007,0.005,0.003,0.003,0.008,0.002,0.0
2015-07-30 05:00:00,0.028,0.027,0.035,0.027,0.022,0.035,0.025,0.036,0.03,0.012,0.035,0.032,0.033,0.033,0.04,0.027,0.01
2015-07-30 06:00:00,0.056,0.053,0.059,0.074,0.053,0.058,0.05,0.061,0.055,0.036,0.065,0.057,0.058,0.064,0.075,0.05,0.041
2015-07-30 07:00:00,0.085,0.081,0.118,0.094,0.088,0.077,0.09,0.085,0.077,0.08,0.087,0.068,0.076,0.084,0.076,0.09,0.078
2015-07-30 08:00:00,0.121,0.113,0.12,0.155,0.13,0.132,0.116,0.129,0.103,0.139,0.133,0.095,0.106,0.128,0.116,0.124,0.1
2015-07-30 09:00:00,0.204,0.234,0.226,0.285,0.176,0.243,0.268,0.227,0.244,0.236,0.241,0.131,0.25,0.271,0.182,0.208,0.105
2015-07-30 10:00:00,0.243,0.319,0.2,0.408,0.198,0.274,0.377,0.238,0.375,0.346,0.263,0.15,0.351,0.388,0.184,0.234,0.12
2015-07-30 11:00:00,0.272,0.344,0.235,0.445,0.233,0.32,0.479,0.281,0.465,0.423,0.232,0.211,0.416,0.392,0.194,0.228,0.193
2015-07-30 12:00:00,0.289,0.368,0.215,0.443,0.33,0.364,0.576,0.291,0.495,0.413,0.247,0.229,0.506,0.446,0.153,0.236,0.174
2015-07-30 13:00:00,0.297,0.377,0.211,0.456,0.287,0.341,0.625,0.315,0.506,0.452,0.247,0.223,0.496,0.509,0.233,0.231,0.206
2015-07-30 14:00:00,0.304,0.389,0.222,0.43,0.322,0.311,0.629,0.271,0.507,0.464,0.227,0.249,0.481,0.473,0.228,0.244,0.26
2015-07-30 15:00:00,0.299,0.388,0.168,0.452,0.312,0.337,0.525,0.258,0.375,0.513,0.177,0.288,0.377,0.423,0.233,0.266,0.246
2015-07-30 16:00:00,0.285,0.353,0.14,0.387,0.32,0.334,0.491,0.251,0.331,0.47,0.124,0.204,0.256,0.343,0.203,0.307,0.253
2015-07-30 17:00:00,0.227,0.325,0.192,0.323,0.322,0.24,0.376,0.212,0.199,0.351,0.15,0.086,0.186,0.29,0.056,0.252,0.168
2015-07-30 18:00:00,0.139,0.188,0.138,0.151,0.216,0.151,0.187,0.104,0.122,0.162,0.065,0.041,0.107,0.135,0.013,0.19,0.099
2015-07-30 19:00:00,0.025,0.064,0.023,0.0,0.074,0.0,0.0,0.0,0.0,0.0,0.0,0.018,0.0,0.0,0.0,0.039,0.019
2015-07-30 20:00:00,0.0,0.0,0.0,0.0,0.0,0.0,0.0,0.0,0.0,0.0,0.0,0.0,0.0,0.0,0.0,0.0,0.0
2015-07-30 21:00:00,0.0,0.0,0.0,0.0,0.0,0.0,0.0,0.0,0.0,0.0,0.0,0.0,0.0,0.0,0.0,0.0,0.0
2015-07-30 22:00:00,0.0,0.0,0.0,0.0,0.0,0.0,0.0,0.0,0.0,0.0,0.0,0.0,0.0,0.0,0.0,0.0,0.0
2015-07-30 23:00:00,0.0,0.0,0.0,0.0,0.0,0.0,0.0,0.0,0.0,0.0,0.0,0.0,0.0,0.0,0.0,0.0,0.0
2015-07-31 00:00:00,0.0,0.0,0.0,0.0,0.0,0.0,0.0,0.0,0.0,0.0,0.0,0.0,0.0,0.0,0.0,0.0,0.0
2015-07-31 01:00:00,0.0,0.0,0.0,0.0,0.0,0.0,0.0,0.0,0.0,0.0,0.0,0.0,0.0,0.0,0.0,0.0,0.0
2015-07-31 02:00:00,0.0,0.0,0.0,0.0,0.0,0.0,0.0,0.0,0.0,0.0,0.0,0.0,0.0,0.0,0.0,0.0,0.0
2015-07-31 03:00:00,0.0,0.0,0.0,0.0,0.0,0.0,0.0,0.0,0.0,0.0,0.0,0.0,0.0,0.0,0.0,0.0,0.0
2015-07-31 04:00:00,0.004,0.001,0.004,0.01,0.0,0.005,0.003,0.008,0.002,0.009,0.012,0.002,0.003,0.006,0.008,0.002,0.0
2015-07-31 05:00:00,0.03,0.027,0.032,0.043,0.026,0.034,0.03,0.037,0.03,0.053,0.039,0.017,0.032,0.041,0.034,0.029,0.014
2015-07-31 06:00:00,0.059,0.053,0.06,0.078,0.056,0.058,0.068,0.06,0.056,0.1,0.063,0.037,0.062,0.077,0.073,0.059,0.038
2015-07-31 07:00:00,0.089,0.074,0.111,0.126,0.081,0.079,0.129,0.088,0.088,0.138,0.089,0.066,0.102,0.125,0.09,0.088,0.061
2015-07-31 08:00:00,0.124,0.097,0.152,0.175,0.125,0.105,0.172,0.121,0.097,0.169,0.128,0.103,0.116,0.166,0.095,0.131,0.103
2015-07-31 09:00:00,0.198,0.226,0.143,0.265,0.188,0.249,0.222,0.239,0.222,0.261,0.204,0.141,0.227,0.274,0.14,0.196,0.163
2015-07-31 10:00:00,0.269,0.352,0.184,0.349,0.271,0.361,0.346,0.326,0.355,0.329,0.288,0.222,0.371,0.346,0.182,0.235,0.214
2015-07-31 11:00:00,0.315,0.437,0.134,0.392,0.332,0.404,0.412,0.359,0.465,0.268,0.325,0.255,0.463,0.404,0.183,0.306,0.271
2015-07-31 12:00:00,0.358,0.384,0.191,0.486,0.316,0.449,0.487,0.368,0.478,0.351,0.32,0.34,0.544,0.516,0.198,0.358,0.375
2015-07-31 13:00:00,0.359,0.391,0.19,0.513,0.287,0.449,0.577,0.342,0.497,0.379,0.346,0.406,0.627,0.585,0.246,0.312,0.37
2015-07-31 14:00:00,0.372,0.399,0.233,0.517,0.315,0.437,0.53,0.364,0.486,0.458,0.363,0.444,0.576,0.639,0.246,0.321,0.368
2015-07-31 15:00:00,0.34,0.466,0.285,0.45,0.278,0.391,0.531,0.25,0.457,0.477,0.223,0.323,0.54,0.601,0.212,0.314,0.329
2015-07-31 16:00:00,0.296,0.381,0.212,0.414,0.185,0.368,0.401,0.224,0.474,0.452,0.216,0.231,0.508,0.518,0.205,0.299,0.275
2015-07-31 17:00:00,0.235,0.311,0.184,0.324,0.144,0.33,0.344,0.202,0.376,0.297,0.142,0.206,0.395,0.38,0.097,0.246,0.221
2015-07-31 18:00:00,0.137,0.193,0.108,0.151,0.069,0.196,0.186,0.134,0.221,0.157,0.061,0.158,0.212,0.188,0.039,0.142,0.168
2015-07-31 19:00:00,0.025,0.042,0.022,0.0,0.042,0.0,0.0,0.0,0.0,0.0,0.0,0.055,0.0,0.0,0.0,0.027,0.068
2015-07-31 20:00:00,0.0,0.0,0.0,0.0,0.0,0.0,0.0,0.0,0.0,0.0,0.0,0.0,0.0,0.0,0.0,0.0,0.0
2015-07-31 21:00:00,0.0,0.0,0.0,0.0,0.0,0.0,0.0,0.0,0.0,0.0,0.0,0.0,0.0,0.0,0.0,0.0,0.0
2015-07-31 22:00:00,0.0,0.0,0.0,0.0,0.0,0.0,0.0,0.0,0.0,0.0,0.0,0.0,0.0,0.0,0.0,0.0,0.0
2015-07-31 23:00:00,0.0,0.0,0.0,0.0,0.0,0.0,0.0,0.0,0.0,0.0,0.0,0.0,0.0,0.0,0.0,0.0,0.0
2015-08-01 00:00:00,0.0,0.0,0.0,0.0,0.0,0.0,0.0,0.0,0.0,0.0,0.0,0.0,0.0,0.0,0.0,0.0,0.0
2015-08-01 01:00:00,0.0,0.0,0.0,0.0,0.0,0.0,0.0,0.0,0.0,0.0,0.0,0.0,0.0,0.0,0.0,0.0,0.0
2015-08-01 02:00:00,0.0,0.0,0.0,0.0,0.0,0.0,0.0,0.0,0.0,0.0,0.0,0.0,0.0,0.0,0.0,0.0,0.0
2015-08-01 03:00:00,0.0,0.0,0.0,0.0,0.0,0.0,0.0,0.0,0.0,0.0,0.0,0.0,0.0,0.0,0.0,0.0,0.0
2015-08-01 04:00:00,0.004,0.001,0.002,0.009,0.0,0.005,0.004,0.007,0.002,0.007,0.01,0.004,0.003,0.005,0.008,0.002,0.001
2015-08-01 05:00:00,0.036,0.041,0.026,0.039,0.04,0.037,0.04,0.037,0.04,0.038,0.041,0.029,0.038,0.037,0.037,0.036,0.031
2015-08-01 06:00:00,0.075,0.081,0.066,0.063,0.095,0.072,0.07,0.061,0.08,0.063,0.068,0.056,0.075,0.071,0.059,0.088,0.077
2015-08-01 07:00:00,0.108,0.094,0.123,0.082,0.124,0.115,0.076,0.097,0.087,0.081,0.1,0.09,0.078,0.082,0.086,0.128,0.124
2015-08-01 08:00:00,0.139,0.097,0.161,0.154,0.139,0.141,0.108,0.15,0.096,0.133,0.137,0.141,0.1,0.117,0.136,0.137,0.174
2015-08-01 09:00:00,0.246,0.231,0.265,0.281,0.236,0.26,0.261,0.25,0.235,0.282,0.237,0.239,0.248,0.267,0.231,0.24,0.242
2015-08-01 10:00:00,0.356,0.365,0.364,0.384,0.356,0.388,0.406,0.358,0.374,0.42,0.308,0.327,0.386,0.407,0.325,0.363,0.311
2015-08-01 11:00:00,0.436,0.477,0.415,0.389,0.462,0.468,0.521,0.382,0.489,0.533,0.31,0.368,0.503,0.497,0.355,0.474,0.425
2015-08-01 12:00:00,0.512,0.557,0.513,0.464,0.551,0.54,0.607,0.429,0.575,0.611,0.348,0.415,0.585,0.56,0.42,0.559,0.514
2015-08-01 13:00:00,0.557,0.558,0.606,0.464,0.602,0.598,0.657,0.447,0.58,0.644,0.336,0.514,0.602,0.603,0.416,0.612,0.62
2015-08-01 14:00:00,0.571,0.497,0.654,0.477,0.623,0.583,0.651,0.583,0.494,0.643,0.396,0.572,0.485,0.6,0.446,0.61,0.642
2015-08-01 15:00:00,0.542,0.402,0.632,0.484,0.559,0.482,0.557,0.573,0.441,0.604,0.377,0.585,0.503,0.545,0.507,0.567,0.638
2015-08-01 16:00:00,0.459,0.285,0.561,0.393,0.468,0.338,0.487,0.458,0.309,0.419,0.375,0.565,0.407,0.343,0.452,0.491,0.582
2015-08-01 17:00:00,0.343,0.19,0.426,0.241,0.372,0.21,0.368,0.325,0.194,0.276,0.345,0.447,0.267,0.272,0.357,0.36,0.464
2015-08-01 18:00:00,0.184,0.075,0.241,0.095,0.222,0.093,0.178,0.156,0.083,0.111,0.182,0.263,0.12,0.095,0.21,0.191,0.289
2015-08-01 19:00:00,0.034,0.018,0.017,0.0,0.079,0.0,0.0,0.0,0.0,0.0,0.0,0.076,0.0,0.0,0.0,0.038,0.11
2015-08-01 20:00:00,0.0,0.0,0.0,0.0,0.0,0.0,0.0,0.0,0.0,0.0,0.0,0.0,0.0,0.0,0.0,0.0,0.0
2015-08-01 21:00:00,0.0,0.0,0.0,0.0,0.0,0.0,0.0,0.0,0.0,0.0,0.0,0.0,0.0,0.0,0.0,0.0,0.0
2015-08-01 22:00:00,0.0,0.0,0.0,0.0,0.0,0.0,0.0,0.0,0.0,0.0,0.0,0.0,0.0,0.0,0.0,0.0,0.0
2015-08-01 23:00:00,0.0,0.0,0.0,0.0,0.0,0.0,0.0,0.0,0.0,0.0,0.0,0.0,0.0,0.0,0.0,0.0,0.0
2015-08-02 00:00:00,0.0,0.0,0.0,0.0,0.0,0.0,0.0,0.0,0.0,0.0,0.0,0.0,0.0,0.0,0.0,0.0,0.0
2015-08-02 01:00:00,0.0,0.0,0.0,0.0,0.0,0.0,0.0,0.0,0.0,0.0,0.0,0.0,0.0,0.0,0.0,0.0,0.0
2015-08-02 02:00:00,0.0,0.0,0.0,0.0,0.0,0.0,0.0,0.0,0.0,0.0,0.0,0.0,0.0,0.0,0.0,0.0,0.0
2015-08-02 03:00:00,0.0,0.0,0.0,0.0,0.0,0.0,0.0,0.0,0.0,0.0,0.0,0.0,0.0,0.0,0.0,0.0,0.0
2015-08-02 04:00:00,0.004,0.0,0.004,0.009,0.0,0.005,0.004,0.008,0.001,0.008,0.011,0.005,0.003,0.007,0.008,0.002,0.001
2015-08-02 05:00:00,0.035,0.027,0.034,0.051,0.019,0.044,0.045,0.044,0.039,0.052,0.039,0.036,0.04,0.048,0.039,0.034,0.027
2015-08-02 06:00:00,0.066,0.06,0.061,0.099,0.04,0.083,0.083,0.077,0.093,0.101,0.064,0.059,0.089,0.095,0.059,0.062,0.052
2015-08-02 07:00:00,0.086,0.1,0.088,0.089,0.074,0.113,0.117,0.09,0.12,0.097,0.079,0.07,0.122,0.086,0.077,0.085,0.071
2015-08-02 08:00:00,0.121,0.13,0.101,0.145,0.104,0.146,0.182,0.129,0.174,0.141,0.123,0.091,0.182,0.151,0.109,0.125,0.083
2015-08-02 09:00:00,0.231,0.218,0.221,0.275,0.203,0.248,0.237,0.255,0.266,0.279,0.266,0.206,0.269,0.278,0.246,0.224,0.184
2015-08-02 10:00:00,0.346,0.301,0.353,0.391,0.283,0.372,0.276,0.385,0.339,0.392,0.396,0.341,0.354,0.391,0.38,0.344,0.324
2015-08-02 11:00:00,0.448,0.417,0.468,0.492,0.384,0.48,0.33,0.492,0.376,0.439,0.503,0.442,0.389,0.437,0.494,0.454,0.442
2015-08-02 12:00:00,0.513,0.47,0.559,0.524,0.457,0.549,0.404,0.574,0.344,0.356,0.583,0.542,0.358,0.468,0.581,0.528,0.533
2015-08-02 13:00:00,0.537,0.51,0.61,0.521,0.488,0.561,0.444,0.614,0.407,0.331,0.63,0.533,0.387,0.399,0.631,0.545,0.568
2015-08-02 14:00:00,0.52,0.541,0.592,0.43,0.495,0.483,0.397,0.528,0.328,0.261,0.616,0.536,0.317,0.306,0.636,0.546,0.592
2015-08-02 15:00:00,0.47,0.485,0.577,0.298,0.505,0.394,0.324,0.423,0.284,0.342,0.489,0.457,0.279,0.278,0.605,0.499,0.554
2015-08-02 16:00:00,0.374,0.389,0.484,0.206,0.462,0.287,0.172,0.351,0.217,0.294,0.388,0.336,0.183,0.232,0.515,0.367,0.467
2015-08-02 17:00:00,0.283,0.287,0.32,0.122,0.366,0.164,0.191,0.244,0.159,0.168,0.275,0.288,0.192,0.129,0.383,0.294,0.379
2015-08-02 18:00:00,0.14,0.158,0.167,0.04,0.183,0.094,0.098,0.117,0.045,0.058,0.133,0.138,0.085,0.051,0.187,0.147,0.205
2015-08-02 19:00:00,0.018,0.012,0.001,0.0,0.068,0.0,0.0,0.0,0.0,0.0,0.0,0.028,0.0,0.0,0.0,0.022,0.044
2015-08-02 20:00:00,0.0,0.0,0.0,0.0,0.0,0.0,0.0,0.0,0.0,0.0,0.0,0.0,0.0,0.0,0.0,0.0,0.0
2015-08-02 21:00:00,0.0,0.0,0.0,0.0,0.0,0.0,0.0,0.0,0.0,0.0,0.0,0.0,0.0,0.0,0.0,0.0,0.0
2015-08-02 22:00:00,0.0,0.0,0.0,0.0,0.0,0.0,0.0,0.0,0.0,0.0,0.0,0.0,0.0,0.0,0.0,0.0,0.0
2015-08-02 23:00:00,0.0,0.0,0.0,0.0,0.0,0.0,0.0,0.0,0.0,0.0,0.0,0.0,0.0,0.0,0.0,0.0,0.0
2015-08-03 00:00:00,0.0,0.0,0.0,0.0,0.0,0.0,0.0,0.0,0.0,0.0,0.0,0.0,0.0,0.0,0.0,0.0,0.0
2015-08-03 01:00:00,0.0,0.0,0.0,0.0,0.0,0.0,0.0,0.0,0.0,0.0,0.0,0.0,0.0,0.0,0.0,0.0,0.0
2015-08-03 02:00:00,0.0,0.0,0.0,0.0,0.0,0.0,0.0,0.0,0.0,0.0,0.0,0.0,0.0,0.0,0.0,0.0,0.0
2015-08-03 03:00:00,0.0,0.0,0.0,0.0,0.0,0.0,0.0,0.0,0.0,0.0,0.0,0.0,0.0,0.0,0.0,0.0,0.0
2015-08-03 04:00:00,0.003,0.0,0.003,0.007,0.0,0.003,0.002,0.005,0.0,0.006,0.008,0.003,0.001,0.005,0.007,0.001,0.001
2015-08-03 05:00:00,0.029,0.023,0.029,0.041,0.022,0.03,0.033,0.034,0.025,0.045,0.037,0.031,0.028,0.041,0.034,0.026,0.024
2015-08-03 06:00:00,0.054,0.049,0.05,0.073,0.046,0.055,0.063,0.057,0.05,0.072,0.06,0.051,0.054,0.065,0.055,0.051,0.047
2015-08-03 07:00:00,0.073,0.07,0.068,0.109,0.065,0.075,0.109,0.073,0.068,0.089,0.073,0.066,0.071,0.097,0.068,0.071,0.062
2015-08-03 08:00:00,0.091,0.081,0.077,0.147,0.082,0.088,0.149,0.1,0.081,0.139,0.113,0.076,0.087,0.144,0.09,0.08,0.074
2015-08-03 09:00:00,0.214,0.198,0.209,0.264,0.181,0.226,0.245,0.238,0.215,0.257,0.248,0.2,0.23,0.275,0.229,0.202,0.181
2015-08-03 10:00:00,0.345,0.338,0.346,0.381,0.319,0.359,0.299,0.365,0.353,0.352,0.377,0.338,0.362,0.361,0.363,0.339,0.321
2015-08-03 11:00:00,0.455,0.458,0.462,0.465,0.439,0.47,0.418,0.466,0.47,0.369,0.478,0.459,0.475,0.414,0.477,0.457,0.445
2015-08-03 12:00:00,0.528,0.545,0.55,0.495,0.531,0.518,0.329,0.518,0.554,0.38,0.548,0.55,0.543,0.425,0.559,0.546,0.538
2015-08-03 13:00:00,0.562,0.581,0.603,0.488,0.59,0.469,0.355,0.49,0.607,0.419,0.569,0.607,0.554,0.317,0.599,0.6,0.596
2015-08-03 14:00:00,0.558,0.552,0.619,0.43,0.592,0.435,0.407,0.483,0.571,0.35,0.544,0.626,0.441,0.273,0.612,0.619,0.617
2015-08-03 15:00:00,0.515,0.531,0.595,0.283,0.537,0.336,0.278,0.425,0.542,0.37,0.492,0.605,0.341,0.242,0.584,0.588,0.607
2015-08-03 16:00:00,0.441,0.447,0.521,0.187,0.5,0.304,0.277,0.335,0.456,0.22,0.418,0.537,0.261,0.167,0.505,0.506,0.536
2015-08-03 17:00:00,0.333,0.352,0.394,0.1,0.402,0.263,0.177,0.281,0.248,0.111,0.297,0.414,0.196,0.12,0.371,0.382,0.428
2015-08-03 18:00:00,0.183,0.213,0.216,0.032,0.24,0.123,0.085,0.128,0.127,0.05,0.146,0.235,0.081,0.052,0.189,0.216,0.26
2015-08-03 19:00:00,0.025,0.004,0.0,0.0,0.086,0.0,0.0,0.0,0.0,0.0,0.0,0.054,0.0,0.0,0.0,0.014,0.1
2015-08-03 20:00:00,0.0,0.0,0.0,0.0,0.0,0.0,0.0,0.0,0.0,0.0,0.0,0.0,0.0,0.0,0.0,0.0,0.0
2015-08-03 21:00:00,0.0,0.0,0.0,0.0,0.0,0.0,0.0,0.0,0.0,0.0,0.0,0.0,0.0,0.0,0.0,0.0,0.0
2015-08-03 22:00:00,0.0,0.0,0.0,0.0,0.0,0.0,0.0,0.0,0.0,0.0,0.0,0.0,0.0,0.0,0.0,0.0,0.0
2015-08-03 23:00:00,0.0,0.0,0.0,0.0,0.0,0.0,0.0,0.0,0.0,0.0,0.0,0.0,0.0,0.0,0.0,0.0,0.0
2015-08-04 00:00:00,0.0,0.0,0.0,0.0,0.0,0.0,0.0,0.0,0.0,0.0,0.0,0.0,0.0,0.0,0.0,0.0,0.0
2015-08-04 01:00:00,0.0,0.0,0.0,0.0,0.0,0.0,0.0,0.0,0.0,0.0,0.0,0.0,0.0,0.0,0.0,0.0,0.0
2015-08-04 02:00:00,0.0,0.0,0.0,0.0,0.0,0.0,0.0,0.0,0.0,0.0,0.0,0.0,0.0,0.0,0.0,0.0,0.0
2015-08-04 03:00:00,0.0,0.0,0.0,0.0,0.0,0.0,0.0,0.0,0.0,0.0,0.0,0.0,0.0,0.0,0.0,0.0,0.0
2015-08-04 04:00:00,0.002,0.0,0.002,0.005,0.0,0.003,0.001,0.005,0.0,0.004,0.008,0.003,0.001,0.001,0.006,0.001,0.001
2015-08-04 05:00:00,0.027,0.022,0.027,0.04,0.021,0.028,0.031,0.031,0.025,0.031,0.034,0.028,0.03,0.024,0.032,0.025,0.023
2015-08-04 06:00:00,0.051,0.046,0.049,0.076,0.044,0.056,0.06,0.061,0.049,0.059,0.057,0.048,0.055,0.057,0.052,0.048,0.044
2015-08-04 07:00:00,0.07,0.064,0.065,0.095,0.061,0.075,0.084,0.081,0.069,0.082,0.077,0.063,0.088,0.078,0.066,0.066,0.067
2015-08-04 08:00:00,0.087,0.079,0.076,0.14,0.073,0.092,0.108,0.103,0.081,0.114,0.113,0.073,0.102,0.104,0.086,0.078,0.076
2015-08-04 09:00:00,0.206,0.187,0.203,0.258,0.175,0.221,0.23,0.235,0.209,0.255,0.24,0.195,0.223,0.237,0.223,0.196,0.172
2015-08-04 10:00:00,0.332,0.319,0.331,0.381,0.302,0.344,0.36,0.357,0.333,0.382,0.355,0.331,0.346,0.36,0.355,0.316,0.307
2015-08-04 11:00:00,0.424,0.411,0.425,0.488,0.422,0.432,0.447,0.421,0.399,0.478,0.405,0.449,0.455,0.464,0.457,0.386,0.428
2015-08-04 12:00:00,0.492,0.491,0.466,0.554,0.511,0.478,0.495,0.467,0.431,0.554,0.447,0.522,0.486,0.543,0.52,0.464,0.513
2015-08-04 13:00:00,0.529,0.536,0.521,0.593,0.55,0.495,0.508,0.541,0.406,0.565,0.52,0.589,0.49,0.575,0.572,0.481,0.555
2015-08-04 14:00:00,0.508,0.478,0.537,0.558,0.444,0.555,0.484,0.522,0.459,0.573,0.511,0.606,0.522,0.591,0.545,0.444,0.561
2015-08-04 15:00:00,0.426,0.396,0.489,0.529,0.292,0.473,0.393,0.486,0.407,0.449,0.454,0.586,0.506,0.515,0.511,0.32,0.473
2015-08-04 16:00:00,0.386,0.375,0.442,0.454,0.25,0.443,0.364,0.431,0.355,0.34,0.402,0.509,0.385,0.45,0.454,0.321,0.435
2015-08-04 17:00:00,0.285,0.254,0.309,0.319,0.234,0.331,0.257,0.32,0.207,0.213,0.308,0.392,0.3,0.328,0.327,0.239,0.311
2015-08-04 18:00:00,0.144,0.137,0.12,0.137,0.159,0.149,0.098,0.159,0.077,0.086,0.158,0.202,0.128,0.138,0.165,0.128,0.163
2015-08-04 19:00:00,0.01,0.0,0.0,0.0,0.022,0.0,0.0,0.0,0.0,0.0,0.0,0.031,0.0,0.0,0.0,0.001,0.062
2015-08-04 20:00:00,0.0,0.0,0.0,0.0,0.0,0.0,0.0,0.0,0.0,0.0,0.0,0.0,0.0,0.0,0.0,0.0,0.0
2015-08-04 21:00:00,0.0,0.0,0.0,0.0,0.0,0.0,0.0,0.0,0.0,0.0,0.0,0.0,0.0,0.0,0.0,0.0,0.0
2015-08-04 22:00:00,0.0,0.0,0.0,0.0,0.0,0.0,0.0,0.0,0.0,0.0,0.0,0.0,0.0,0.0,0.0,0.0,0.0
2015-08-04 23:00:00,0.0,0.0,0.0,0.0,0.0,0.0,0.0,0.0,0.0,0.0,0.0,0.0,0.0,0.0,0.0,0.0,0.0
2015-08-05 00:00:00,0.0,0.0,0.0,0.0,0.0,0.0,0.0,0.0,0.0,0.0,0.0,0.0,0.0,0.0,0.0,0.0,0.0
2015-08-05 01:00:00,0.0,0.0,0.0,0.0,0.0,0.0,0.0,0.0,0.0,0.0,0.0,0.0,0.0,0.0,0.0,0.0,0.0
2015-08-05 02:00:00,0.0,0.0,0.0,0.0,0.0,0.0,0.0,0.0,0.0,0.0,0.0,0.0,0.0,0.0,0.0,0.0,0.0
2015-08-05 03:00:00,0.0,0.0,0.0,0.0,0.0,0.0,0.0,0.0,0.0,0.0,0.0,0.0,0.0,0.0,0.0,0.0,0.0
2015-08-05 04:00:00,0.002,0.0,0.002,0.006,0.0,0.002,0.001,0.004,0.0,0.004,0.008,0.002,0.001,0.003,0.006,0.0,0.0
2015-08-05 05:00:00,0.026,0.024,0.027,0.037,0.019,0.028,0.028,0.031,0.022,0.03,0.033,0.023,0.024,0.03,0.031,0.025,0.023
2015-08-05 06:00:00,0.052,0.047,0.05,0.058,0.048,0.051,0.056,0.052,0.049,0.058,0.053,0.049,0.053,0.055,0.05,0.054,0.053
2015-08-05 07:00:00,0.073,0.079,0.068,0.089,0.078,0.067,0.08,0.068,0.067,0.083,0.068,0.077,0.069,0.078,0.066,0.068,0.074
2015-08-05 08:00:00,0.099,0.099,0.079,0.136,0.109,0.085,0.108,0.093,0.095,0.134,0.101,0.092,0.097,0.108,0.084,0.092,0.112
2015-08-05 09:00:00,0.206,0.189,0.202,0.26,0.179,0.218,0.214,0.229,0.206,0.248,0.237,0.184,0.218,0.235,0.218,0.2,0.182
2015-08-05 10:00:00,0.315,0.309,0.326,0.379,0.253,0.346,0.35,0.357,0.317,0.36,0.365,0.274,0.335,0.351,0.347,0.306,0.272
2015-08-05 11:00:00,0.412,0.383,0.428,0.476,0.327,0.452,0.456,0.465,0.438,0.465,0.472,0.391,0.448,0.449,0.455,0.399,0.359
2015-08-05 12:00:00,0.461,0.386,0.515,0.499,0.32,0.521,0.494,0.526,0.51,0.475,0.549,0.476,0.512,0.49,0.534,0.452,0.413
2015-08-05 13:00:00,0.453,0.359,0.509,0.528,0.281,0.522,0.407,0.566,0.544,0.486,0.578,0.514,0.53,0.444,0.581,0.382,0.455
2015-08-05 14:00:00,0.442,0.36,0.444,0.523,0.321,0.536,0.445,0.568,0.536,0.476,0.542,0.494,0.529,0.425,0.552,0.366,0.431
2015-08-05 15:00:00,0.405,0.369,0.291,0.498,0.351,0.428,0.379,0.509,0.505,0.409,0.453,0.486,0.474,0.401,0.514,0.314,0.455
2015-08-05 16:00:00,0.328,0.392,0.217,0.416,0.362,0.239,0.281,0.365,0.423,0.278,0.373,0.393,0.313,0.276,0.412,0.239,0.387
2015-08-05 17:00:00,0.229,0.317,0.185,0.195,0.302,0.163,0.124,0.196,0.261,0.12,0.291,0.29,0.162,0.151,0.296,0.161,0.311
2015-08-05 18:00:00,0.136,0.188,0.105,0.082,0.177,0.088,0.074,0.096,0.119,0.069,0.135,0.17,0.066,0.053,0.142,0.126,0.223
2015-08-05 19:00:00,0.011,0.0,0.0,0.0,0.03,0.0,0.0,0.0,0.0,0.0,0.0,0.009,0.0,0.0,0.0,0.0,0.074
2015-08-05 20:00:00,0.0,0.0,0.0,0.0,0.0,0.0,0.0,0.0,0.0,0.0,0.0,0.0,0.0,0.0,0.0,0.0,0.0
2015-08-05 21:00:00,0.0,0.0,0.0,0.0,0.0,0.0,0.0,0.0,0.0,0.0,0.0,0.0,0.0,0.0,0.0,0.0,0.0
2015-08-05 22:00:00,0.0,0.0,0.0,0.0,0.0,0.0,0.0,0.0,0.0,0.0,0.0,0.0,0.0,0.0,0.0,0.0,0.0
2015-08-05 23:00:00,0.0,0.0,0.0,0.0,0.0,0.0,0.0,0.0,0.0,0.0,0.0,0.0,0.0,0.0,0.0,0.0,0.0
2015-08-06 00:00:00,0.0,0.0,0.0,0.0,0.0,0.0,0.0,0.0,0.0,0.0,0.0,0.0,0.0,0.0,0.0,0.0,0.0
2015-08-06 01:00:00,0.0,0.0,0.0,0.0,0.0,0.0,0.0,0.0,0.0,0.0,0.0,0.0,0.0,0.0,0.0,0.0,0.0
2015-08-06 02:00:00,0.0,0.0,0.0,0.0,0.0,0.0,0.0,0.0,0.0,0.0,0.0,0.0,0.0,0.0,0.0,0.0,0.0
2015-08-06 03:00:00,0.0,0.0,0.0,0.0,0.0,0.0,0.0,0.0,0.0,0.0,0.0,0.0,0.0,0.0,0.0,0.0,0.0
2015-08-06 04:00:00,0.002,0.0,0.002,0.005,0.0,0.002,0.001,0.004,0.0,0.003,0.007,0.002,0.0,0.003,0.005,0.0,0.0
2015-08-06 05:00:00,0.029,0.027,0.033,0.033,0.021,0.028,0.032,0.031,0.024,0.033,0.033,0.032,0.026,0.03,0.038,0.029,0.022
2015-08-06 06:00:00,0.056,0.052,0.069,0.057,0.045,0.054,0.067,0.054,0.052,0.056,0.054,0.066,0.053,0.055,0.073,0.056,0.049
2015-08-06 07:00:00,0.076,0.065,0.083,0.075,0.062,0.075,0.106,0.075,0.068,0.086,0.084,0.082,0.08,0.079,0.118,0.071,0.062
2015-08-06 08:00:00,0.091,0.077,0.087,0.112,0.074,0.096,0.119,0.099,0.083,0.125,0.099,0.098,0.092,0.106,0.13,0.079,0.074
2015-08-06 09:00:00,0.205,0.19,0.204,0.249,0.172,0.217,0.239,0.233,0.207,0.254,0.237,0.199,0.22,0.238,0.228,0.193,0.172
2015-08-06 10:00:00,0.336,0.318,0.339,0.376,0.305,0.354,0.34,0.359,0.329,0.367,0.364,0.335,0.35,0.368,0.352,0.326,0.311
2015-08-06 11:00:00,0.423,0.352,0.455,0.463,0.385,0.446,0.418,0.462,0.361,0.449,0.455,0.455,0.363,0.463,0.46,0.405,0.434
2015-08-06 12:00:00,0.494,0.423,0.541,0.527,0.424,0.52,0.466,0.531,0.431,0.508,0.497,0.547,0.422,0.48,0.542,0.49,0.506
2015-08-06 13:00:00,0.536,0.494,0.586,0.541,0.49,0.524,0.544,0.531,0.464,0.542,0.542,0.601,0.503,0.5,0.59,0.539,0.53
2015-08-06 14:00:00,0.531,0.52,0.575,0.524,0.509,0.513,0.499,0.505,0.492,0.516,0.532,0.609,0.487,0.491,0.602,0.522,0.518
2015-08-06 15:00:00,0.482,0.471,0.528,0.477,0.478,0.492,0.472,0.505,0.422,0.43,0.483,0.554,0.412,0.462,0.563,0.451,0.471
2015-08-06 16:00:00,0.408,0.392,0.476,0.336,0.399,0.433,0.417,0.393,0.402,0.32,0.378,0.453,0.423,0.379,0.472,0.396,0.426
2015-08-06 17:00:00,0.291,0.297,0.322,0.234,0.33,0.303,0.279,0.293,0.32,0.2,0.23,0.327,0.307,0.271,0.326,0.255,0.351
2015-08-06 18:00:00,0.15,0.166,0.163,0.102,0.182,0.145,0.111,0.137,0.165,0.084,0.108,0.171,0.145,0.076,0.145,0.147,0.2
2015-08-06 19:00:00,0.009,0.0,0.0,0.0,0.013,0.0,0.0,0.0,0.0,0.0,0.0,0.001,0.0,0.0,0.0,0.0,0.077
2015-08-06 20:00:00,0.0,0.0,0.0,0.0,0.0,0.0,0.0,0.0,0.0,0.0,0.0,0.0,0.0,0.0,0.0,0.0,0.0
2015-08-06 21:00:00,0.0,0.0,0.0,0.0,0.0,0.0,0.0,0.0,0.0,0.0,0.0,0.0,0.0,0.0,0.0,0.0,0.0
2015-08-06 22:00:00,0.0,0.0,0.0,0.0,0.0,0.0,0.0,0.0,0.0,0.0,0.0,0.0,0.0,0.0,0.0,0.0,0.0
2015-08-06 23:00:00,0.0,0.0,0.0,0.0,0.0,0.0,0.0,0.0,0.0,0.0,0.0,0.0,0.0,0.0,0.0,0.0,0.0
2015-08-07 00:00:00,0.0,0.0,0.0,0.0,0.0,0.0,0.0,0.0,0.0,0.0,0.0,0.0,0.0,0.0,0.0,0.0,0.0
2015-08-07 01:00:00,0.0,0.0,0.0,0.0,0.0,0.0,0.0,0.0,0.0,0.0,0.0,0.0,0.0,0.0,0.0,0.0,0.0
2015-08-07 02:00:00,0.0,0.0,0.0,0.0,0.0,0.0,0.0,0.0,0.0,0.0,0.0,0.0,0.0,0.0,0.0,0.0,0.0
2015-08-07 03:00:00,0.0,0.0,0.0,0.0,0.0,0.0,0.0,0.0,0.0,0.0,0.0,0.0,0.0,0.0,0.0,0.0,0.0
2015-08-07 04:00:00,0.002,0.0,0.001,0.005,0.0,0.002,0.001,0.004,0.0,0.003,0.006,0.002,0.0,0.002,0.005,0.0,0.0
2015-08-07 05:00:00,0.025,0.02,0.028,0.033,0.02,0.027,0.027,0.03,0.022,0.031,0.033,0.026,0.025,0.029,0.03,0.024,0.02
2015-08-07 06:00:00,0.049,0.045,0.055,0.054,0.044,0.05,0.052,0.051,0.047,0.054,0.052,0.053,0.049,0.053,0.053,0.048,0.042
2015-08-07 07:00:00,0.071,0.062,0.089,0.071,0.062,0.067,0.069,0.067,0.068,0.082,0.074,0.073,0.066,0.07,0.071,0.077,0.059
2015-08-07 08:00:00,0.09,0.084,0.095,0.109,0.079,0.082,0.091,0.088,0.081,0.111,0.101,0.099,0.079,0.097,0.089,0.094,0.074
2015-08-07 09:00:00,0.201,0.188,0.191,0.247,0.169,0.213,0.231,0.223,0.201,0.248,0.233,0.188,0.213,0.234,0.216,0.196,0.166
2015-08-07 10:00:00,0.316,0.301,0.31,0.375,0.298,0.326,0.34,0.347,0.314,0.371,0.357,0.309,0.316,0.351,0.341,0.29,0.297
2015-08-07 11:00:00,0.401,0.39,0.386,0.443,0.379,0.401,0.401,0.421,0.43,0.471,0.414,0.403,0.407,0.403,0.446,0.371,0.407
2015-08-07 12:00:00,0.47,0.46,0.44,0.436,0.461,0.5,0.433,0.49,0.525,0.53,0.445,0.496,0.5,0.475,0.473,0.451,0.503
2015-08-07 13:00:00,0.507,0.531,0.472,0.461,0.497,0.536,0.514,0.536,0.562,0.524,0.519,0.539,0.542,0.505,0.523,0.481,0.517
2015-08-07 14:00:00,0.494,0.552,0.419,0.462,0.515,0.535,0.472,0.543,0.577,0.503,0.529,0.521,0.532,0.464,0.482,0.449,0.512
2015-08-07 15:00:00,0.462,0.51,0.424,0.452,0.468,0.514,0.414,0.477,0.528,0.465,0.469,0.462,0.525,0.418,0.431,0.453,0.454
2015-08-07 16:00:00,0.386,0.452,0.401,0.313,0.43,0.425,0.316,0.398,0.439,0.355,0.407,0.382,0.435,0.373,0.353,0.361,0.39
2015-08-07 17:00:00,0.292,0.326,0.29,0.24,0.279,0.314,0.275,0.275,0.338,0.217,0.259,0.281,0.317,0.242,0.252,0.307,0.357
2015-08-07 18:00:00,0.145,0.17,0.155,0.096,0.156,0.158,0.115,0.133,0.141,0.107,0.129,0.157,0.15,0.111,0.131,0.145,0.18
2015-08-07 19:00:00,0.004,0.0,0.0,0.0,0.003,0.0,0.0,0.0,0.0,0.0,0.0,0.0,0.0,0.0,0.0,0.0,0.037
2015-08-07 20:00:00,0.0,0.0,0.0,0.0,0.0,0.0,0.0,0.0,0.0,0.0,0.0,0.0,0.0,0.0,0.0,0.0,0.0
2015-08-07 21:00:00,0.0,0.0,0.0,0.0,0.0,0.0,0.0,0.0,0.0,0.0,0.0,0.0,0.0,0.0,0.0,0.0,0.0
2015-08-07 22:00:00,0.0,0.0,0.0,0.0,0.0,0.0,0.0,0.0,0.0,0.0,0.0,0.0,0.0,0.0,0.0,0.0,0.0
2015-08-07 23:00:00,0.0,0.0,0.0,0.0,0.0,0.0,0.0,0.0,0.0,0.0,0.0,0.0,0.0,0.0,0.0,0.0,0.0
2015-08-08 00:00:00,0.0,0.0,0.0,0.0,0.0,0.0,0.0,0.0,0.0,0.0,0.0,0.0,0.0,0.0,0.0,0.0,0.0
2015-08-08 01:00:00,0.0,0.0,0.0,0.0,0.0,0.0,0.0,0.0,0.0,0.0,0.0,0.0,0.0,0.0,0.0,0.0,0.0
2015-08-08 02:00:00,0.0,0.0,0.0,0.0,0.0,0.0,0.0,0.0,0.0,0.0,0.0,0.0,0.0,0.0,0.0,0.0,0.0
2015-08-08 03:00:00,0.0,0.0,0.0,0.0,0.0,0.0,0.0,0.0,0.0,0.0,0.0,0.0,0.0,0.0,0.0,0.0,0.0
2015-08-08 04:00:00,0.001,0.0,0.001,0.004,0.0,0.001,0.0,0.003,0.0,0.003,0.005,0.001,0.0,0.002,0.004,0.0,0.0
2015-08-08 05:00:00,0.024,0.018,0.024,0.031,0.017,0.026,0.025,0.029,0.022,0.03,0.031,0.024,0.024,0.028,0.028,0.022,0.019
2015-08-08 06:00:00,0.046,0.043,0.046,0.053,0.041,0.049,0.05,0.05,0.046,0.053,0.051,0.047,0.048,0.052,0.048,0.045,0.042
2015-08-08 07:00:00,0.064,0.063,0.062,0.07,0.058,0.066,0.069,0.066,0.069,0.07,0.068,0.06,0.067,0.069,0.065,0.061,0.063
2015-08-08 08:00:00,0.081,0.076,0.073,0.106,0.068,0.079,0.102,0.086,0.078,0.106,0.095,0.072,0.081,0.093,0.079,0.077,0.081
2015-08-08 09:00:00,0.195,0.177,0.191,0.245,0.166,0.21,0.22,0.22,0.194,0.244,0.228,0.181,0.206,0.226,0.209,0.184,0.166
2015-08-08 10:00:00,0.311,0.303,0.322,0.374,0.267,0.337,0.321,0.339,0.292,0.355,0.339,0.291,0.297,0.318,0.321,0.314,0.27
2015-08-08 11:00:00,0.388,0.358,0.414,0.473,0.334,0.398,0.38,0.416,0.367,0.439,0.423,0.361,0.384,0.353,0.388,0.398,0.359
2015-08-08 12:00:00,0.451,0.45,0.467,0.521,0.402,0.445,0.425,0.442,0.384,0.49,0.473,0.409,0.422,0.427,0.434,0.481,0.443
2015-08-08 13:00:00,0.495,0.49,0.515,0.539,0.51,0.455,0.465,0.498,0.366,0.548,0.531,0.487,0.382,0.468,0.509,0.493,0.505
2015-08-08 14:00:00,0.521,0.525,0.541,0.545,0.564,0.44,0.5,0.486,0.446,0.536,0.541,0.485,0.475,0.47,0.502,0.526,0.565
2015-08-08 15:00:00,0.47,0.448,0.518,0.494,0.482,0.384,0.444,0.434,0.414,0.465,0.508,0.487,0.404,0.43,0.484,0.454,0.539
2015-08-08 16:00:00,0.394,0.384,0.443,0.337,0.422,0.344,0.386,0.322,0.374,0.392,0.39,0.442,0.351,0.357,0.41,0.385,0.448
2015-08-08 17:00:00,0.269,0.279,0.346,0.254,0.274,0.166,0.221,0.223,0.224,0.277,0.252,0.332,0.195,0.214,0.253,0.262,0.334
2015-08-08 18:00:00,0.137,0.148,0.158,0.106,0.155,0.091,0.117,0.11,0.122,0.115,0.131,0.16,0.109,0.112,0.138,0.142,0.158
2015-08-08 19:00:00,0.001,0.0,0.0,0.0,0.0,0.0,0.0,0.0,0.0,0.0,0.0,0.0,0.0,0.0,0.0,0.0,0.012
2015-08-08 20:00:00,0.0,0.0,0.0,0.0,0.0,0.0,0.0,0.0,0.0,0.0,0.0,0.0,0.0,0.0,0.0,0.0,0.0
2015-08-08 21:00:00,0.0,0.0,0.0,0.0,0.0,0.0,0.0,0.0,0.0,0.0,0.0,0.0,0.0,0.0,0.0,0.0,0.0
2015-08-08 22:00:00,0.0,0.0,0.0,0.0,0.0,0.0,0.0,0.0,0.0,0.0,0.0,0.0,0.0,0.0,0.0,0.0,0.0
2015-08-08 23:00:00,0.0,0.0,0.0,0.0,0.0,0.0,0.0,0.0,0.0,0.0,0.0,0.0,0.0,0.0,0.0,0.0,0.0
2015-08-09 00:00:00,0.0,0.0,0.0,0.0,0.0,0.0,0.0,0.0,0.0,0.0,0.0,0.0,0.0,0.0,0.0,0.0,0.0
2015-08-09 01:00:00,0.0,0.0,0.0,0.0,0.0,0.0,0.0,0.0,0.0,0.0,0.0,0.0,0.0,0.0,0.0,0.0,0.0
2015-08-09 02:00:00,0.0,0.0,0.0,0.0,0.0,0.0,0.0,0.0,0.0,0.0,0.0,0.0,0.0,0.0,0.0,0.0,0.0
2015-08-09 03:00:00,0.0,0.0,0.0,0.0,0.0,0.0,0.0,0.0,0.0,0.0,0.0,0.0,0.0,0.0,0.0,0.0,0.0
2015-08-09 04:00:00,0.001,0.0,0.0,0.004,0.0,0.001,0.0,0.002,0.0,0.003,0.004,0.001,0.0,0.002,0.003,0.0,0.0
2015-08-09 05:00:00,0.024,0.021,0.028,0.031,0.021,0.022,0.026,0.027,0.02,0.03,0.031,0.019,0.022,0.027,0.03,0.025,0.018
2015-08-09 06:00:00,0.054,0.052,0.067,0.053,0.049,0.048,0.052,0.05,0.046,0.051,0.052,0.052,0.047,0.048,0.056,0.059,0.056
2015-08-09 07:00:00,0.081,0.088,0.084,0.073,0.085,0.069,0.076,0.079,0.073,0.07,0.087,0.088,0.064,0.068,0.095,0.08,0.08
2015-08-09 08:00:00,0.117,0.126,0.127,0.105,0.126,0.086,0.098,0.119,0.087,0.112,0.127,0.124,0.078,0.093,0.138,0.122,0.108
2015-08-09 09:00:00,0.205,0.198,0.206,0.243,0.197,0.21,0.228,0.216,0.21,0.244,0.232,0.186,0.207,0.227,0.226,0.188,0.189
2015-08-09 10:00:00,0.294,0.273,0.262,0.362,0.274,0.319,0.301,0.323,0.333,0.368,0.311,0.298,0.291,0.329,0.283,0.264,0.309
2015-08-09 11:00:00,0.376,0.36,0.331,0.471,0.331,0.403,0.365,0.419,0.438,0.45,0.406,0.36,0.384,0.386,0.341,0.352,0.408
2015-08-09 12:00:00,0.422,0.464,0.37,0.519,0.389,0.412,0.428,0.426,0.474,0.499,0.412,0.391,0.413,0.416,0.344,0.406,0.499
2015-08-09 13:00:00,0.451,0.541,0.339,0.465,0.428,0.471,0.501,0.451,0.491,0.495,0.396,0.44,0.445,0.441,0.417,0.426,0.559
2015-08-09 14:00:00,0.456,0.583,0.286,0.399,0.471,0.494,0.5,0.439,0.525,0.454,0.435,0.486,0.456,0.404,0.428,0.405,0.607
2015-08-09 15:00:00,0.423,0.536,0.234,0.389,0.493,0.386,0.4,0.376,0.475,0.41,0.377,0.533,0.345,0.322,0.397,0.359,0.616
2015-08-09 16:00:00,0.364,0.42,0.192,0.293,0.476,0.277,0.336,0.32,0.421,0.331,0.305,0.434,0.324,0.273,0.306,0.332,0.559
2015-08-09 17:00:00,0.27,0.294,0.145,0.17,0.354,0.209,0.196,0.228,0.187,0.19,0.213,0.357,0.192,0.194,0.26,0.266,0.435
2015-08-09 18:00:00,0.139,0.121,0.085,0.072,0.19,0.097,0.065,0.103,0.093,0.063,0.108,0.199,0.071,0.054,0.13,0.148,0.254
2015-08-09 19:00:00,0.0,0.0,0.0,0.0,0.0,0.0,0.0,0.0,0.0,0.0,0.0,0.0,0.0,0.0,0.0,0.0,0.002
2015-08-09 20:00:00,0.0,0.0,0.0,0.0,0.0,0.0,0.0,0.0,0.0,0.0,0.0,0.0,0.0,0.0,0.0,0.0,0.0
2015-08-09 21:00:00,0.0,0.0,0.0,0.0,0.0,0.0,0.0,0.0,0.0,0.0,0.0,0.0,0.0,0.0,0.0,0.0,0.0
2015-08-09 22:00:00,0.0,0.0,0.0,0.0,0.0,0.0,0.0,0.0,0.0,0.0,0.0,0.0,0.0,0.0,0.0,0.0,0.0
2015-08-09 23:00:00,0.0,0.0,0.0,0.0,0.0,0.0,0.0,0.0,0.0,0.0,0.0,0.0,0.0,0.0,0.0,0.0,0.0
2015-08-10 00:00:00,0.0,0.0,0.0,0.0,0.0,0.0,0.0,0.0,0.0,0.0,0.0,0.0,0.0,0.0,0.0,0.0,0.0
2015-08-10 01:00:00,0.0,0.0,0.0,0.0,0.0,0.0,0.0,0.0,0.0,0.0,0.0,0.0,0.0,0.0,0.0,0.0,0.0
2015-08-10 02:00:00,0.0,0.0,0.0,0.0,0.0,0.0,0.0,0.0,0.0,0.0,0.0,0.0,0.0,0.0,0.0,0.0,0.0
2015-08-10 03:00:00,0.0,0.0,0.0,0.0,0.0,0.0,0.0,0.0,0.0,0.0,0.0,0.0,0.0,0.0,0.0,0.0,0.0
2015-08-10 04:00:00,0.001,0.0,0.0,0.004,0.0,0.001,0.0,0.002,0.0,0.002,0.005,0.001,0.0,0.001,0.003,0.0,0.0
2015-08-10 05:00:00,0.024,0.016,0.026,0.031,0.017,0.023,0.024,0.029,0.018,0.029,0.033,0.031,0.02,0.027,0.038,0.02,0.021
2015-08-10 06:00:00,0.054,0.044,0.055,0.056,0.045,0.051,0.049,0.057,0.044,0.053,0.067,0.071,0.047,0.051,0.086,0.047,0.048
2015-08-10 07:00:00,0.079,0.062,0.073,0.071,0.069,0.075,0.071,0.087,0.068,0.071,0.124,0.106,0.076,0.071,0.112,0.069,0.071
2015-08-10 08:00:00,0.106,0.077,0.09,0.104,0.086,0.088,0.091,0.109,0.096,0.112,0.163,0.139,0.081,0.092,0.169,0.099,0.093
2015-08-10 09:00:00,0.199,0.178,0.199,0.238,0.169,0.199,0.205,0.222,0.197,0.241,0.241,0.209,0.207,0.228,0.24,0.182,0.173
2015-08-10 10:00:00,0.315,0.306,0.33,0.363,0.27,0.302,0.3,0.348,0.306,0.365,0.334,0.337,0.332,0.358,0.348,0.291,0.303
2015-08-10 11:00:00,0.422,0.41,0.447,0.474,0.37,0.417,0.409,0.459,0.437,0.464,0.438,0.459,0.429,0.463,0.454,0.386,0.423
2015-08-10 12:00:00,0.495,0.442,0.543,0.548,0.453,0.474,0.467,0.523,0.484,0.525,0.526,0.551,0.48,0.529,0.544,0.456,0.505
2015-08-10 13:00:00,0.542,0.518,0.593,0.568,0.518,0.545,0.49,0.562,0.489,0.547,0.567,0.61,0.5,0.562,0.575,0.513,0.539
2015-08-10 14:00:00,0.548,0.514,0.61,0.549,0.537,0.534,0.518,0.567,0.475,0.485,0.564,0.628,0.49,0.53,0.578,0.529,0.565
2015-08-10 15:00:00,0.512,0.475,0.575,0.463,0.522,0.474,0.462,0.536,0.426,0.441,0.509,0.602,0.417,0.459,0.536,0.513,0.529
2015-08-10 16:00:00,0.427,0.355,0.506,0.358,0.44,0.332,0.391,0.443,0.263,0.32,0.437,0.526,0.31,0.307,0.483,0.439,0.482
2015-08-10 17:00:00,0.313,0.209,0.377,0.207,0.346,0.271,0.278,0.298,0.197,0.211,0.309,0.394,0.251,0.229,0.347,0.329,0.391
2015-08-10 18:00:00,0.145,0.084,0.189,0.092,0.151,0.126,0.103,0.136,0.071,0.067,0.137,0.206,0.095,0.093,0.162,0.152,0.204
2015-08-10 19:00:00,0.0,0.0,0.0,0.0,0.0,0.0,0.0,0.0,0.0,0.0,0.0,0.0,0.0,0.0,0.0,0.0,0.0
2015-08-10 20:00:00,0.0,0.0,0.0,0.0,0.0,0.0,0.0,0.0,0.0,0.0,0.0,0.0,0.0,0.0,0.0,0.0,0.0
2015-08-10 21:00:00,0.0,0.0,0.0,0.0,0.0,0.0,0.0,0.0,0.0,0.0,0.0,0.0,0.0,0.0,0.0,0.0,0.0
2015-08-10 22:00:00,0.0,0.0,0.0,0.0,0.0,0.0,0.0,0.0,0.0,0.0,0.0,0.0,0.0,0.0,0.0,0.0,0.0
2015-08-10 23:00:00,0.0,0.0,0.0,0.0,0.0,0.0,0.0,0.0,0.0,0.0,0.0,0.0,0.0,0.0,0.0,0.0,0.0
2015-08-11 00:00:00,0.0,0.0,0.0,0.0,0.0,0.0,0.0,0.0,0.0,0.0,0.0,0.0,0.0,0.0,0.0,0.0,0.0
2015-08-11 01:00:00,0.0,0.0,0.0,0.0,0.0,0.0,0.0,0.0,0.0,0.0,0.0,0.0,0.0,0.0,0.0,0.0,0.0
2015-08-11 02:00:00,0.0,0.0,0.0,0.0,0.0,0.0,0.0,0.0,0.0,0.0,0.0,0.0,0.0,0.0,0.0,0.0,0.0
2015-08-11 03:00:00,0.0,0.0,0.0,0.0,0.0,0.0,0.0,0.0,0.0,0.0,0.0,0.0,0.0,0.0,0.0,0.0,0.0
2015-08-11 04:00:00,0.001,0.0,0.0,0.003,0.0,0.0,0.0,0.002,0.0,0.002,0.005,0.001,0.0,0.001,0.003,0.0,0.0
2015-08-11 05:00:00,0.022,0.015,0.023,0.03,0.014,0.024,0.024,0.028,0.018,0.029,0.032,0.024,0.021,0.026,0.028,0.019,0.018
2015-08-11 06:00:00,0.047,0.043,0.046,0.053,0.041,0.051,0.048,0.051,0.044,0.053,0.053,0.045,0.045,0.05,0.05,0.046,0.042
2015-08-11 07:00:00,0.067,0.066,0.066,0.07,0.066,0.068,0.068,0.068,0.067,0.069,0.068,0.062,0.068,0.069,0.065,0.066,0.067
2015-08-11 08:00:00,0.083,0.079,0.074,0.102,0.08,0.083,0.085,0.085,0.081,0.1,0.092,0.072,0.076,0.094,0.077,0.082,0.08
2015-08-11 09:00:00,0.192,0.174,0.188,0.239,0.174,0.197,0.222,0.22,0.193,0.242,0.23,0.181,0.206,0.221,0.21,0.177,0.158
2015-08-11 10:00:00,0.312,0.303,0.318,0.352,0.287,0.33,0.349,0.351,0.325,0.368,0.359,0.319,0.332,0.316,0.343,0.28,0.279
2015-08-11 11:00:00,0.427,0.414,0.433,0.462,0.409,0.439,0.442,0.462,0.439,0.467,0.464,0.438,0.432,0.404,0.456,0.404,0.398
2015-08-11 12:00:00,0.5,0.476,0.523,0.482,0.483,0.48,0.489,0.535,0.506,0.49,0.529,0.531,0.46,0.448,0.538,0.494,0.494
2015-08-11 13:00:00,0.536,0.477,0.578,0.518,0.516,0.527,0.546,0.579,0.457,0.536,0.544,0.587,0.473,0.45,0.575,0.534,0.55
2015-08-11 14:00:00,0.535,0.477,0.584,0.472,0.521,0.519,0.537,0.581,0.485,0.521,0.552,0.603,0.473,0.512,0.569,0.518,0.572
2015-08-11 15:00:00,0.499,0.482,0.545,0.449,0.537,0.446,0.491,0.547,0.412,0.45,0.519,0.576,0.411,0.423,0.545,0.458,0.552
2015-08-11 16:00:00,0.411,0.326,0.467,0.405,0.383,0.418,0.408,0.461,0.314,0.403,0.436,0.503,0.337,0.396,0.464,0.38,0.446
2015-08-11 17:00:00,0.274,0.182,0.348,0.274,0.271,0.267,0.26,0.321,0.199,0.264,0.296,0.375,0.243,0.215,0.323,0.227,0.318
2015-08-11 18:00:00,0.124,0.077,0.154,0.107,0.147,0.114,0.105,0.141,0.077,0.09,0.125,0.186,0.091,0.087,0.149,0.098,0.168
2015-08-11 19:00:00,0.0,0.0,0.0,0.0,0.0,0.0,0.0,0.0,0.0,0.0,0.0,0.0,0.0,0.0,0.0,0.0,0.0
2015-08-11 20:00:00,0.0,0.0,0.0,0.0,0.0,0.0,0.0,0.0,0.0,0.0,0.0,0.0,0.0,0.0,0.0,0.0,0.0
2015-08-11 21:00:00,0.0,0.0,0.0,0.0,0.0,0.0,0.0,0.0,0.0,0.0,0.0,0.0,0.0,0.0,0.0,0.0,0.0
2015-08-11 22:00:00,0.0,0.0,0.0,0.0,0.0,0.0,0.0,0.0,0.0,0.0,0.0,0.0,0.0,0.0,0.0,0.0,0.0
2015-08-11 23:00:00,0.0,0.0,0.0,0.0,0.0,0.0,0.0,0.0,0.0,0.0,0.0,0.0,0.0,0.0,0.0,0.0,0.0
2015-08-12 00:00:00,0.0,0.0,0.0,0.0,0.0,0.0,0.0,0.0,0.0,0.0,0.0,0.0,0.0,0.0,0.0,0.0,0.0
2015-08-12 01:00:00,0.0,0.0,0.0,0.0,0.0,0.0,0.0,0.0,0.0,0.0,0.0,0.0,0.0,0.0,0.0,0.0,0.0
2015-08-12 02:00:00,0.0,0.0,0.0,0.0,0.0,0.0,0.0,0.0,0.0,0.0,0.0,0.0,0.0,0.0,0.0,0.0,0.0
2015-08-12 03:00:00,0.0,0.0,0.0,0.0,0.0,0.0,0.0,0.0,0.0,0.0,0.0,0.0,0.0,0.0,0.0,0.0,0.0
2015-08-12 04:00:00,0.001,0.0,0.0,0.003,0.0,0.0,0.0,0.002,0.0,0.001,0.004,0.0,0.0,0.0,0.002,0.0,0.0
2015-08-12 05:00:00,0.022,0.016,0.024,0.028,0.015,0.024,0.023,0.027,0.02,0.028,0.029,0.022,0.021,0.025,0.027,0.02,0.017
2015-08-12 06:00:00,0.046,0.042,0.044,0.053,0.041,0.047,0.049,0.049,0.046,0.052,0.05,0.044,0.044,0.052,0.048,0.045,0.045
2015-08-12 07:00:00,0.069,0.066,0.061,0.073,0.083,0.066,0.068,0.065,0.073,0.071,0.066,0.06,0.068,0.067,0.063,0.063,0.092
2015-08-12 08:00:00,0.085,0.074,0.072,0.101,0.102,0.079,0.081,0.08,0.08,0.101,0.088,0.077,0.083,0.086,0.075,0.075,0.111
2015-08-12 09:00:00,0.19,0.179,0.179,0.225,0.166,0.203,0.218,0.216,0.198,0.223,0.224,0.169,0.196,0.218,0.203,0.181,0.168
2015-08-12 10:00:00,0.309,0.292,0.318,0.348,0.269,0.339,0.346,0.335,0.307,0.343,0.349,0.294,0.319,0.343,0.326,0.302,0.27
2015-08-12 11:00:00,0.402,0.414,0.431,0.431,0.38,0.447,0.379,0.428,0.39,0.428,0.394,0.407,0.402,0.407,0.409,0.401,0.344
2015-08-12 12:00:00,0.484,0.506,0.509,0.489,0.482,0.53,0.491,0.508,0.468,0.466,0.404,0.468,0.501,0.481,0.451,0.503,0.455
2015-08-12 13:00:00,0.523,0.549,0.548,0.506,0.55,0.567,0.47,0.547,0.501,0.493,0.448,0.529,0.524,0.483,0.516,0.538,0.47
2015-08-12 14:00:00,0.528,0.517,0.579,0.517,0.563,0.587,0.514,0.562,0.545,0.5,0.468,0.514,0.563,0.534,0.53,0.534,0.447
2015-08-12 15:00:00,0.463,0.449,0.497,0.442,0.494,0.53,0.452,0.518,0.489,0.414,0.432,0.447,0.493,0.466,0.509,0.452,0.393
2015-08-12 16:00:00,0.362,0.326,0.345,0.308,0.443,0.449,0.406,0.413,0.391,0.348,0.322,0.294,0.405,0.428,0.376,0.359,0.299
2015-08-12 17:00:00,0.229,0.279,0.218,0.198,0.341,0.307,0.197,0.244,0.291,0.176,0.196,0.15,0.254,0.24,0.238,0.215,0.153
2015-08-12 18:00:00,0.099,0.136,0.06,0.066,0.157,0.13,0.088,0.111,0.127,0.08,0.091,0.04,0.122,0.119,0.108,0.105,0.046
2015-08-12 19:00:00,0.0,0.0,0.0,0.0,0.0,0.0,0.0,0.0,0.0,0.0,0.0,0.0,0.0,0.0,0.0,0.0,0.0
2015-08-12 20:00:00,0.0,0.0,0.0,0.0,0.0,0.0,0.0,0.0,0.0,0.0,0.0,0.0,0.0,0.0,0.0,0.0,0.0
2015-08-12 21:00:00,0.0,0.0,0.0,0.0,0.0,0.0,0.0,0.0,0.0,0.0,0.0,0.0,0.0,0.0,0.0,0.0,0.0
2015-08-12 22:00:00,0.0,0.0,0.0,0.0,0.0,0.0,0.0,0.0,0.0,0.0,0.0,0.0,0.0,0.0,0.0,0.0,0.0
2015-08-12 23:00:00,0.0,0.0,0.0,0.0,0.0,0.0,0.0,0.0,0.0,0.0,0.0,0.0,0.0,0.0,0.0,0.0,0.0
2015-08-13 00:00:00,0.0,0.0,0.0,0.0,0.0,0.0,0.0,0.0,0.0,0.0,0.0,0.0,0.0,0.0,0.0,0.0,0.0
2015-08-13 01:00:00,0.0,0.0,0.0,0.0,0.0,0.0,0.0,0.0,0.0,0.0,0.0,0.0,0.0,0.0,0.0,0.0,0.0
2015-08-13 02:00:00,0.0,0.0,0.0,0.0,0.0,0.0,0.0,0.0,0.0,0.0,0.0,0.0,0.0,0.0,0.0,0.0,0.0
2015-08-13 03:00:00,0.0,0.0,0.0,0.0,0.0,0.0,0.0,0.0,0.0,0.0,0.0,0.0,0.0,0.0,0.0,0.0,0.0
2015-08-13 04:00:00,0.0,0.0,0.0,0.003,0.0,0.0,0.0,0.001,0.0,0.001,0.004,0.0,0.0,0.0,0.001,0.0,0.0
2015-08-13 05:00:00,0.021,0.015,0.023,0.032,0.013,0.023,0.022,0.029,0.019,0.028,0.035,0.023,0.02,0.025,0.026,0.018,0.016
2015-08-13 06:00:00,0.054,0.044,0.059,0.063,0.041,0.05,0.049,0.061,0.046,0.054,0.074,0.049,0.047,0.056,0.07,0.055,0.042
2015-08-13 07:00:00,0.081,0.07,0.095,0.083,0.083,0.085,0.07,0.091,0.067,0.071,0.121,0.076,0.067,0.077,0.094,0.077,0.067
2015-08-13 08:00:00,0.11,0.105,0.127,0.119,0.115,0.131,0.082,0.138,0.086,0.101,0.131,0.097,0.082,0.096,0.112,0.111,0.082
2015-08-13 09:00:00,0.198,0.182,0.21,0.247,0.176,0.191,0.222,0.217,0.191,0.237,0.232,0.195,0.207,0.227,0.217,0.183,0.17
2015-08-13 10:00:00,0.314,0.292,0.31,0.362,0.275,0.28,0.358,0.335,0.323,0.367,0.351,0.321,0.329,0.334,0.341,0.3,0.301
2015-08-13 11:00:00,0.42,0.395,0.418,0.452,0.34,0.363,0.469,0.425,0.433,0.46,0.462,0.437,0.448,0.43,0.46,0.42,0.424
2015-08-13 12:00:00,0.502,0.483,0.521,0.507,0.443,0.505,0.522,0.5,0.484,0.537,0.53,0.504,0.523,0.517,0.536,0.494,0.518
2015-08-13 13:00:00,0.554,0.534,0.576,0.52,0.544,0.571,0.509,0.567,0.512,0.536,0.567,0.526,0.542,0.546,0.589,0.557,0.583
2015-08-13 14:00:00,0.566,0.54,0.596,0.45,0.58,0.58,0.522,0.577,0.557,0.434,0.552,0.582,0.553,0.52,0.6,0.583,0.604
2015-08-13 15:00:00,0.527,0.516,0.569,0.423,0.556,0.527,0.431,0.535,0.51,0.283,0.5,0.565,0.449,0.421,0.574,0.543,0.593
2015-08-13 16:00:00,0.444,0.424,0.49,0.259,0.485,0.438,0.331,0.45,0.313,0.302,0.417,0.512,0.308,0.353,0.493,0.465,0.52
2015-08-13 17:00:00,0.324,0.315,0.359,0.186,0.366,0.307,0.255,0.304,0.237,0.212,0.303,0.378,0.221,0.254,0.346,0.339,0.397
2015-08-13 18:00:00,0.151,0.14,0.172,0.059,0.183,0.133,0.107,0.131,0.119,0.076,0.125,0.193,0.101,0.107,0.156,0.157,0.214
2015-08-13 19:00:00,0.0,0.0,0.0,0.0,0.0,0.0,0.0,0.0,0.0,0.0,0.0,0.0,0.0,0.0,0.0,0.0,0.0
2015-08-13 20:00:00,0.0,0.0,0.0,0.0,0.0,0.0,0.0,0.0,0.0,0.0,0.0,0.0,0.0,0.0,0.0,0.0,0.0
2015-08-13 21:00:00,0.0,0.0,0.0,0.0,0.0,0.0,0.0,0.0,0.0,0.0,0.0,0.0,0.0,0.0,0.0,0.0,0.0
2015-08-13 22:00:00,0.0,0.0,0.0,0.0,0.0,0.0,0.0,0.0,0.0,0.0,0.0,0.0,0.0,0.0,0.0,0.0,0.0
2015-08-13 23:00:00,0.0,0.0,0.0,0.0,0.0,0.0,0.0,0.0,0.0,0.0,0.0,0.0,0.0,0.0,0.0,0.0,0.0
2015-08-14 00:00:00,0.0,0.0,0.0,0.0,0.0,0.0,0.0,0.0,0.0,0.0,0.0,0.0,0.0,0.0,0.0,0.0,0.0
2015-08-14 01:00:00,0.0,0.0,0.0,0.0,0.0,0.0,0.0,0.0,0.0,0.0,0.0,0.0,0.0,0.0,0.0,0.0,0.0
2015-08-14 02:00:00,0.0,0.0,0.0,0.0,0.0,0.0,0.0,0.0,0.0,0.0,0.0,0.0,0.0,0.0,0.0,0.0,0.0
2015-08-14 03:00:00,0.0,0.0,0.0,0.0,0.0,0.0,0.0,0.0,0.0,0.0,0.0,0.0,0.0,0.0,0.0,0.0,0.0
2015-08-14 04:00:00,0.0,0.0,0.0,0.002,0.0,0.0,0.0,0.001,0.0,0.001,0.003,0.0,0.0,0.0,0.002,0.0,0.0
2015-08-14 05:00:00,0.021,0.016,0.022,0.029,0.014,0.024,0.022,0.027,0.02,0.027,0.03,0.022,0.022,0.025,0.027,0.019,0.016
2015-08-14 06:00:00,0.047,0.044,0.047,0.055,0.039,0.048,0.05,0.051,0.048,0.056,0.053,0.047,0.048,0.054,0.049,0.045,0.04
2015-08-14 07:00:00,0.064,0.065,0.064,0.074,0.058,0.069,0.073,0.069,0.063,0.077,0.069,0.061,0.067,0.069,0.066,0.062,0.058
2015-08-14 08:00:00,0.081,0.082,0.078,0.1,0.069,0.089,0.088,0.084,0.083,0.108,0.09,0.073,0.083,0.102,0.078,0.079,0.07
2015-08-14 09:00:00,0.191,0.181,0.187,0.242,0.157,0.203,0.219,0.22,0.193,0.236,0.234,0.181,0.206,0.218,0.212,0.178,0.155
2015-08-14 10:00:00,0.326,0.313,0.322,0.377,0.293,0.33,0.354,0.356,0.324,0.365,0.364,0.324,0.331,0.353,0.348,0.312,0.295
2015-08-14 11:00:00,0.433,0.398,0.436,0.486,0.413,0.418,0.448,0.467,0.41,0.454,0.464,0.448,0.426,0.44,0.456,0.42,0.419
2015-08-14 12:00:00,0.51,0.468,0.511,0.567,0.504,0.478,0.49,0.551,0.472,0.516,0.555,0.539,0.494,0.523,0.54,0.485,0.513
2015-08-14 13:00:00,0.559,0.515,0.556,0.608,0.544,0.545,0.521,0.602,0.516,0.563,0.603,0.598,0.518,0.568,0.597,0.531,0.573
2015-08-14 14:00:00,0.553,0.47,0.568,0.601,0.525,0.549,0.538,0.603,0.454,0.535,0.606,0.61,0.527,0.553,0.602,0.522,0.595
2015-08-14 15:00:00,0.509,0.392,0.474,0.551,0.463,0.498,0.483,0.559,0.404,0.464,0.571,0.59,0.494,0.518,0.579,0.489,0.574
2015-08-14 16:00:00,0.415,0.294,0.334,0.449,0.379,0.42,0.325,0.475,0.361,0.349,0.474,0.513,0.385,0.411,0.491,0.386,0.505
2015-08-14 17:00:00,0.281,0.14,0.321,0.287,0.21,0.29,0.197,0.321,0.18,0.214,0.316,0.377,0.192,0.263,0.342,0.27,0.379
2015-08-14 18:00:00,0.126,0.075,0.152,0.109,0.113,0.116,0.077,0.137,0.066,0.082,0.131,0.188,0.065,0.095,0.155,0.109,0.202
2015-08-14 19:00:00,0.0,0.0,0.0,0.0,0.0,0.0,0.0,0.0,0.0,0.0,0.0,0.0,0.0,0.0,0.0,0.0,0.0
2015-08-14 20:00:00,0.0,0.0,0.0,0.0,0.0,0.0,0.0,0.0,0.0,0.0,0.0,0.0,0.0,0.0,0.0,0.0,0.0
2015-08-14 21:00:00,0.0,0.0,0.0,0.0,0.0,0.0,0.0,0.0,0.0,0.0,0.0,0.0,0.0,0.0,0.0,0.0,0.0
2015-08-14 22:00:00,0.0,0.0,0.0,0.0,0.0,0.0,0.0,0.0,0.0,0.0,0.0,0.0,0.0,0.0,0.0,0.0,0.0
2015-08-14 23:00:00,0.0,0.0,0.0,0.0,0.0,0.0,0.0,0.0,0.0,0.0,0.0,0.0,0.0,0.0,0.0,0.0,0.0
2015-08-15 00:00:00,0.0,0.0,0.0,0.0,0.0,0.0,0.0,0.0,0.0,0.0,0.0,0.0,0.0,0.0,0.0,0.0,0.0
2015-08-15 01:00:00,0.0,0.0,0.0,0.0,0.0,0.0,0.0,0.0,0.0,0.0,0.0,0.0,0.0,0.0,0.0,0.0,0.0
2015-08-15 02:00:00,0.0,0.0,0.0,0.0,0.0,0.0,0.0,0.0,0.0,0.0,0.0,0.0,0.0,0.0,0.0,0.0,0.0
2015-08-15 03:00:00,0.0,0.0,0.0,0.0,0.0,0.0,0.0,0.0,0.0,0.0,0.0,0.0,0.0,0.0,0.0,0.0,0.0
2015-08-15 04:00:00,0.0,0.0,0.0,0.002,0.0,0.0,0.0,0.001,0.0,0.0,0.003,0.0,0.0,0.0,0.001,0.0,0.0
2015-08-15 05:00:00,0.019,0.014,0.02,0.03,0.013,0.024,0.02,0.025,0.014,0.026,0.03,0.02,0.018,0.022,0.026,0.017,0.013
2015-08-15 06:00:00,0.046,0.04,0.045,0.056,0.039,0.056,0.053,0.051,0.043,0.052,0.052,0.044,0.049,0.049,0.048,0.043,0.041
2015-08-15 07:00:00,0.064,0.059,0.061,0.074,0.063,0.068,0.067,0.067,0.063,0.07,0.075,0.06,0.064,0.069,0.063,0.062,0.058
2015-08-15 08:00:00,0.086,0.073,0.084,0.1,0.081,0.093,0.098,0.081,0.082,0.099,0.1,0.074,0.099,0.086,0.074,0.089,0.087
2015-08-15 09:00:00,0.189,0.167,0.192,0.237,0.153,0.211,0.216,0.216,0.18,0.233,0.235,0.172,0.19,0.221,0.206,0.178,0.161
2015-08-15 10:00:00,0.308,0.309,0.279,0.362,0.282,0.322,0.327,0.35,0.305,0.359,0.367,0.301,0.314,0.353,0.344,0.288,0.258
2015-08-15 11:00:00,0.419,0.426,0.406,0.464,0.399,0.415,0.443,0.457,0.416,0.454,0.462,0.424,0.413,0.454,0.462,0.403,0.355
2015-08-15 12:00:00,0.494,0.492,0.465,0.519,0.487,0.5,0.506,0.541,0.445,0.515,0.552,0.498,0.478,0.524,0.547,0.483,0.43
2015-08-15 13:00:00,0.523,0.479,0.519,0.54,0.534,0.558,0.513,0.582,0.38,0.514,0.591,0.551,0.473,0.552,0.594,0.496,0.49
2015-08-15 14:00:00,0.512,0.424,0.552,0.483,0.486,0.549,0.508,0.58,0.311,0.467,0.603,0.55,0.424,0.525,0.603,0.496,0.52
2015-08-15 15:00:00,0.454,0.299,0.538,0.477,0.459,0.482,0.411,0.545,0.243,0.463,0.558,0.545,0.271,0.496,0.563,0.384,0.497
2015-08-15 16:00:00,0.346,0.218,0.39,0.369,0.356,0.336,0.202,0.444,0.129,0.259,0.463,0.453,0.129,0.296,0.473,0.279,0.439
2015-08-15 17:00:00,0.203,0.105,0.242,0.231,0.147,0.168,0.073,0.296,0.05,0.152,0.305,0.298,0.055,0.128,0.323,0.165,0.275
2015-08-15 18:00:00,0.078,0.03,0.092,0.094,0.044,0.044,0.019,0.119,0.022,0.051,0.127,0.163,0.016,0.042,0.146,0.052,0.109
2015-08-15 19:00:00,0.0,0.0,0.0,0.0,0.0,0.0,0.0,0.0,0.0,0.0,0.0,0.0,0.0,0.0,0.0,0.0,0.0
2015-08-15 20:00:00,0.0,0.0,0.0,0.0,0.0,0.0,0.0,0.0,0.0,0.0,0.0,0.0,0.0,0.0,0.0,0.0,0.0
2015-08-15 21:00:00,0.0,0.0,0.0,0.0,0.0,0.0,0.0,0.0,0.0,0.0,0.0,0.0,0.0,0.0,0.0,0.0,0.0
2015-08-15 22:00:00,0.0,0.0,0.0,0.0,0.0,0.0,0.0,0.0,0.0,0.0,0.0,0.0,0.0,0.0,0.0,0.0,0.0
2015-08-15 23:00:00,0.0,0.0,0.0,0.0,0.0,0.0,0.0,0.0,0.0,0.0,0.0,0.0,0.0,0.0,0.0,0.0,0.0
2015-08-16 00:00:00,0.0,0.0,0.0,0.0,0.0,0.0,0.0,0.0,0.0,0.0,0.0,0.0,0.0,0.0,0.0,0.0,0.0
2015-08-16 01:00:00,0.0,0.0,0.0,0.0,0.0,0.0,0.0,0.0,0.0,0.0,0.0,0.0,0.0,0.0,0.0,0.0,0.0
2015-08-16 02:00:00,0.0,0.0,0.0,0.0,0.0,0.0,0.0,0.0,0.0,0.0,0.0,0.0,0.0,0.0,0.0,0.0,0.0
2015-08-16 03:00:00,0.0,0.0,0.0,0.0,0.0,0.0,0.0,0.0,0.0,0.0,0.0,0.0,0.0,0.0,0.0,0.0,0.0
2015-08-16 04:00:00,0.0,0.0,0.0,0.001,0.0,0.0,0.0,0.0,0.0,0.0,0.002,0.0,0.0,0.0,0.001,0.0,0.0
2015-08-16 05:00:00,0.021,0.016,0.021,0.028,0.016,0.026,0.02,0.025,0.019,0.026,0.028,0.022,0.019,0.027,0.025,0.019,0.016
2015-08-16 06:00:00,0.053,0.05,0.068,0.056,0.047,0.068,0.048,0.059,0.047,0.057,0.051,0.059,0.046,0.059,0.048,0.049,0.049
2015-08-16 07:00:00,0.076,0.097,0.074,0.074,0.086,0.076,0.077,0.086,0.084,0.07,0.071,0.058,0.078,0.069,0.066,0.077,0.065
2015-08-16 08:00:00,0.1,0.127,0.095,0.096,0.136,0.099,0.1,0.099,0.112,0.093,0.09,0.078,0.103,0.092,0.076,0.097,0.092
2015-08-16 09:00:00,0.199,0.195,0.186,0.239,0.206,0.206,0.24,0.223,0.205,0.234,0.228,0.168,0.205,0.219,0.204,0.185,0.169
2015-08-16 10:00:00,0.309,0.308,0.283,0.375,0.293,0.256,0.341,0.324,0.319,0.364,0.366,0.301,0.322,0.337,0.339,0.29,0.281
2015-08-16 11:00:00,0.402,0.361,0.401,0.465,0.365,0.351,0.428,0.418,0.405,0.472,0.479,0.414,0.395,0.422,0.447,0.381,0.386
2015-08-16 12:00:00,0.448,0.384,0.412,0.55,0.425,0.441,0.382,0.501,0.408,0.53,0.559,0.474,0.387,0.497,0.522,0.392,0.458
2015-08-16 13:00:00,0.482,0.333,0.44,0.586,0.463,0.497,0.395,0.541,0.37,0.55,0.601,0.489,0.428,0.515,0.55,0.449,0.525
2015-08-16 14:00:00,0.459,0.25,0.452,0.559,0.366,0.495,0.292,0.553,0.333,0.535,0.6,0.497,0.382,0.517,0.573,0.43,0.511
2015-08-16 15:00:00,0.395,0.182,0.425,0.48,0.247,0.44,0.139,0.518,0.251,0.452,0.553,0.421,0.249,0.441,0.546,0.366,0.493
2015-08-16 16:00:00,0.282,0.116,0.295,0.397,0.095,0.339,0.06,0.44,0.108,0.295,0.463,0.402,0.126,0.304,0.459,0.216,0.366
2015-08-16 17:00:00,0.165,0.061,0.194,0.228,0.029,0.199,0.027,0.265,0.021,0.099,0.291,0.307,0.041,0.108,0.313,0.112,0.241
2015-08-16 18:00:00,0.054,0.021,0.053,0.068,0.006,0.05,0.009,0.098,0.002,0.014,0.117,0.144,0.011,0.02,0.137,0.018,0.085
2015-08-16 19:00:00,0.0,0.0,0.0,0.0,0.0,0.0,0.0,0.0,0.0,0.0,0.0,0.0,0.0,0.0,0.0,0.0,0.0
2015-08-16 20:00:00,0.0,0.0,0.0,0.0,0.0,0.0,0.0,0.0,0.0,0.0,0.0,0.0,0.0,0.0,0.0,0.0,0.0
2015-08-16 21:00:00,0.0,0.0,0.0,0.0,0.0,0.0,0.0,0.0,0.0,0.0,0.0,0.0,0.0,0.0,0.0,0.0,0.0
2015-08-16 22:00:00,0.0,0.0,0.0,0.0,0.0,0.0,0.0,0.0,0.0,0.0,0.0,0.0,0.0,0.0,0.0,0.0,0.0
2015-08-16 23:00:00,0.0,0.0,0.0,0.0,0.0,0.0,0.0,0.0,0.0,0.0,0.0,0.0,0.0,0.0,0.0,0.0,0.0
2015-08-17 00:00:00,0.0,0.0,0.0,0.0,0.0,0.0,0.0,0.0,0.0,0.0,0.0,0.0,0.0,0.0,0.0,0.0,0.0
2015-08-17 01:00:00,0.0,0.0,0.0,0.0,0.0,0.0,0.0,0.0,0.0,0.0,0.0,0.0,0.0,0.0,0.0,0.0,0.0
2015-08-17 02:00:00,0.0,0.0,0.0,0.0,0.0,0.0,0.0,0.0,0.0,0.0,0.0,0.0,0.0,0.0,0.0,0.0,0.0
2015-08-17 03:00:00,0.0,0.0,0.0,0.0,0.0,0.0,0.0,0.0,0.0,0.0,0.0,0.0,0.0,0.0,0.0,0.0,0.0
2015-08-17 04:00:00,0.0,0.0,0.0,0.001,0.0,0.0,0.0,0.0,0.0,0.0,0.002,0.0,0.0,0.0,0.001,0.0,0.0
2015-08-17 05:00:00,0.017,0.014,0.017,0.025,0.01,0.017,0.027,0.023,0.019,0.026,0.032,0.019,0.023,0.022,0.024,0.012,0.014
2015-08-17 06:00:00,0.049,0.049,0.046,0.076,0.036,0.051,0.071,0.059,0.059,0.061,0.06,0.044,0.058,0.06,0.055,0.042,0.042
2015-08-17 07:00:00,0.082,0.069,0.105,0.121,0.068,0.088,0.096,0.108,0.08,0.093,0.081,0.058,0.084,0.085,0.067,0.08,0.076
2015-08-17 08:00:00,0.099,0.1,0.099,0.141,0.085,0.104,0.122,0.123,0.126,0.13,0.099,0.069,0.122,0.099,0.077,0.098,0.087
2015-08-17 09:00:00,0.188,0.172,0.209,0.235,0.131,0.207,0.197,0.23,0.205,0.212,0.237,0.172,0.22,0.2,0.207,0.18,0.153
2015-08-17 10:00:00,0.301,0.263,0.327,0.333,0.238,0.309,0.247,0.333,0.25,0.302,0.37,0.316,0.271,0.32,0.349,0.296,0.29
2015-08-17 11:00:00,0.391,0.292,0.423,0.411,0.29,0.399,0.282,0.443,0.257,0.361,0.483,0.442,0.32,0.382,0.47,0.401,0.412
2015-08-17 12:00:00,0.461,0.287,0.525,0.525,0.35,0.446,0.267,0.519,0.299,0.321,0.566,0.539,0.322,0.431,0.555,0.494,0.5
2015-08-17 13:00:00,0.495,0.249,0.559,0.562,0.43,0.483,0.251,0.569,0.365,0.3,0.606,0.599,0.335,0.425,0.605,0.508,0.567
2015-08-17 14:00:00,0.472,0.193,0.594,0.551,0.351,0.414,0.201,0.562,0.369,0.222,0.617,0.619,0.305,0.347,0.619,0.467,0.597
2015-08-17 15:00:00,0.428,0.162,0.558,0.51,0.266,0.379,0.093,0.515,0.234,0.153,0.572,0.593,0.205,0.282,0.58,0.444,0.577
2015-08-17 16:00:00,0.352,0.174,0.474,0.38,0.235,0.292,0.103,0.422,0.141,0.072,0.472,0.514,0.093,0.129,0.488,0.361,0.497
2015-08-17 17:00:00,0.229,0.102,0.326,0.206,0.154,0.168,0.057,0.283,0.066,0.035,0.304,0.372,0.04,0.057,0.327,0.226,0.369
2015-08-17 18:00:00,0.094,0.024,0.147,0.073,0.045,0.063,0.014,0.117,0.012,0.004,0.123,0.18,0.012,0.006,0.143,0.09,0.183
2015-08-17 19:00:00,0.0,0.0,0.0,0.0,0.0,0.0,0.0,0.0,0.0,0.0,0.0,0.0,0.0,0.0,0.0,0.0,0.0
2015-08-17 20:00:00,0.0,0.0,0.0,0.0,0.0,0.0,0.0,0.0,0.0,0.0,0.0,0.0,0.0,0.0,0.0,0.0,0.0
2015-08-17 21:00:00,0.0,0.0,0.0,0.0,0.0,0.0,0.0,0.0,0.0,0.0,0.0,0.0,0.0,0.0,0.0,0.0,0.0
2015-08-17 22:00:00,0.0,0.0,0.0,0.0,0.0,0.0,0.0,0.0,0.0,0.0,0.0,0.0,0.0,0.0,0.0,0.0,0.0
2015-08-17 23:00:00,0.0,0.0,0.0,0.0,0.0,0.0,0.0,0.0,0.0,0.0,0.0,0.0,0.0,0.0,0.0,0.0,0.0
2015-08-18 00:00:00,0.0,0.0,0.0,0.0,0.0,0.0,0.0,0.0,0.0,0.0,0.0,0.0,0.0,0.0,0.0,0.0,0.0
2015-08-18 01:00:00,0.0,0.0,0.0,0.0,0.0,0.0,0.0,0.0,0.0,0.0,0.0,0.0,0.0,0.0,0.0,0.0,0.0
2015-08-18 02:00:00,0.0,0.0,0.0,0.0,0.0,0.0,0.0,0.0,0.0,0.0,0.0,0.0,0.0,0.0,0.0,0.0,0.0
2015-08-18 03:00:00,0.0,0.0,0.0,0.0,0.0,0.0,0.0,0.0,0.0,0.0,0.0,0.0,0.0,0.0,0.0,0.0,0.0
2015-08-18 04:00:00,0.0,0.0,0.0,0.001,0.0,0.0,0.0,0.0,0.0,0.0,0.002,0.0,0.0,0.0,0.001,0.0,0.0
2015-08-18 05:00:00,0.017,0.006,0.019,0.028,0.007,0.021,0.015,0.024,0.011,0.027,0.028,0.019,0.018,0.026,0.025,0.015,0.014
2015-08-18 06:00:00,0.045,0.043,0.044,0.053,0.036,0.047,0.047,0.049,0.043,0.059,0.052,0.043,0.048,0.059,0.048,0.043,0.04
2015-08-18 07:00:00,0.07,0.069,0.063,0.071,0.061,0.068,0.088,0.067,0.09,0.082,0.069,0.06,0.095,0.075,0.065,0.076,0.062
2015-08-18 08:00:00,0.088,0.11,0.075,0.093,0.094,0.078,0.086,0.08,0.107,0.099,0.083,0.071,0.082,0.086,0.076,0.095,0.077
2015-08-18 09:00:00,0.19,0.168,0.184,0.244,0.178,0.207,0.138,0.219,0.168,0.237,0.232,0.172,0.178,0.229,0.207,0.185,0.153
2015-08-18 10:00:00,0.32,0.248,0.329,0.386,0.268,0.35,0.224,0.362,0.295,0.366,0.374,0.317,0.326,0.37,0.351,0.319,0.291
2015-08-18 11:00:00,0.423,0.284,0.453,0.503,0.325,0.472,0.24,0.483,0.348,0.466,0.49,0.444,0.389,0.48,0.474,0.438,0.409
2015-08-18 12:00:00,0.492,0.247,0.546,0.582,0.346,0.561,0.309,0.57,0.344,0.549,0.575,0.541,0.441,0.568,0.563,0.517,0.507
2015-08-18 13:00:00,0.536,0.248,0.604,0.62,0.363,0.607,0.328,0.62,0.213,0.582,0.62,0.601,0.498,0.619,0.615,0.584,0.573
2015-08-18 14:00:00,0.54,0.214,0.619,0.628,0.327,0.621,0.301,0.626,0.296,0.578,0.622,0.621,0.465,0.617,0.622,0.597,0.596
2015-08-18 15:00:00,0.496,0.188,0.59,0.579,0.241,0.575,0.296,0.584,0.204,0.549,0.574,0.595,0.424,0.575,0.583,0.553,0.559
2015-08-18 16:00:00,0.419,0.119,0.508,0.469,0.207,0.488,0.252,0.486,0.213,0.447,0.47,0.515,0.375,0.477,0.489,0.469,0.503
2015-08-18 17:00:00,0.284,0.046,0.361,0.291,0.135,0.33,0.166,0.32,0.119,0.276,0.302,0.372,0.243,0.308,0.33,0.324,0.374
2015-08-18 18:00:00,0.125,0.015,0.169,0.108,0.058,0.137,0.066,0.132,0.031,0.091,0.123,0.178,0.092,0.123,0.141,0.148,0.192
2015-08-18 19:00:00,0.0,0.0,0.0,0.0,0.0,0.0,0.0,0.0,0.0,0.0,0.0,0.0,0.0,0.0,0.0,0.0,0.0
2015-08-18 20:00:00,0.0,0.0,0.0,0.0,0.0,0.0,0.0,0.0,0.0,0.0,0.0,0.0,0.0,0.0,0.0,0.0,0.0
2015-08-18 21:00:00,0.0,0.0,0.0,0.0,0.0,0.0,0.0,0.0,0.0,0.0,0.0,0.0,0.0,0.0,0.0,0.0,0.0
2015-08-18 22:00:00,0.0,0.0,0.0,0.0,0.0,0.0,0.0,0.0,0.0,0.0,0.0,0.0,0.0,0.0,0.0,0.0,0.0
2015-08-18 23:00:00,0.0,0.0,0.0,0.0,0.0,0.0,0.0,0.0,0.0,0.0,0.0,0.0,0.0,0.0,0.0,0.0,0.0
2015-08-19 00:00:00,0.0,0.0,0.0,0.0,0.0,0.0,0.0,0.0,0.0,0.0,0.0,0.0,0.0,0.0,0.0,0.0,0.0
2015-08-19 01:00:00,0.0,0.0,0.0,0.0,0.0,0.0,0.0,0.0,0.0,0.0,0.0,0.0,0.0,0.0,0.0,0.0,0.0
2015-08-19 02:00:00,0.0,0.0,0.0,0.0,0.0,0.0,0.0,0.0,0.0,0.0,0.0,0.0,0.0,0.0,0.0,0.0,0.0
2015-08-19 03:00:00,0.0,0.0,0.0,0.0,0.0,0.0,0.0,0.0,0.0,0.0,0.0,0.0,0.0,0.0,0.0,0.0,0.0
2015-08-19 04:00:00,0.0,0.0,0.0,0.0,0.0,0.0,0.0,0.0,0.0,0.0,0.001,0.0,0.0,0.0,0.0,0.0,0.0
2015-08-19 05:00:00,0.018,0.011,0.018,0.027,0.01,0.021,0.023,0.024,0.016,0.025,0.028,0.018,0.019,0.023,0.024,0.016,0.013
2015-08-19 06:00:00,0.044,0.038,0.044,0.054,0.037,0.047,0.054,0.049,0.046,0.054,0.053,0.042,0.049,0.05,0.048,0.043,0.039
2015-08-19 07:00:00,0.067,0.067,0.062,0.083,0.057,0.065,0.096,0.072,0.087,0.09,0.084,0.059,0.078,0.072,0.067,0.061,0.057
2015-08-19 08:00:00,0.081,0.09,0.075,0.099,0.081,0.079,0.114,0.084,0.108,0.116,0.085,0.071,0.088,0.086,0.076,0.075,0.069
2015-08-19 09:00:00,0.193,0.191,0.183,0.247,0.168,0.208,0.234,0.22,0.215,0.244,0.229,0.171,0.212,0.236,0.207,0.178,0.149
2015-08-19 10:00:00,0.333,0.325,0.328,0.388,0.302,0.355,0.337,0.353,0.35,0.383,0.347,0.316,0.35,0.376,0.347,0.326,0.296
2015-08-19 11:00:00,0.455,0.446,0.455,0.489,0.438,0.479,0.43,0.48,0.45,0.5,0.426,0.444,0.472,0.498,0.47,0.454,0.426
2015-08-19 12:00:00,0.539,0.527,0.546,0.531,0.542,0.568,0.461,0.556,0.503,0.575,0.449,0.539,0.543,0.591,0.551,0.551,0.528
2015-08-19 13:00:00,0.586,0.56,0.591,0.533,0.591,0.62,0.513,0.604,0.503,0.621,0.459,0.594,0.569,0.637,0.609,0.609,0.591
2015-08-19 14:00:00,0.598,0.566,0.615,0.518,0.608,0.636,0.506,0.625,0.486,0.613,0.466,0.618,0.549,0.642,0.623,0.627,0.616
2015-08-19 15:00:00,0.559,0.546,0.582,0.414,0.598,0.597,0.439,0.57,0.469,0.56,0.372,0.584,0.495,0.595,0.573,0.597,0.595
2015-08-19 16:00:00,0.469,0.436,0.501,0.305,0.509,0.502,0.341,0.468,0.4,0.457,0.272,0.508,0.381,0.491,0.48,0.512,0.519
2015-08-19 17:00:00,0.322,0.282,0.35,0.208,0.382,0.338,0.177,0.288,0.269,0.277,0.164,0.361,0.24,0.309,0.329,0.361,0.378
2015-08-19 18:00:00,0.144,0.15,0.16,0.049,0.186,0.14,0.057,0.114,0.125,0.061,0.063,0.17,0.1,0.125,0.138,0.168,0.192
2015-08-19 19:00:00,0.0,0.0,0.0,0.0,0.0,0.0,0.0,0.0,0.0,0.0,0.0,0.0,0.0,0.0,0.0,0.0,0.0
2015-08-19 20:00:00,0.0,0.0,0.0,0.0,0.0,0.0,0.0,0.0,0.0,0.0,0.0,0.0,0.0,0.0,0.0,0.0,0.0
2015-08-19 21:00:00,0.0,0.0,0.0,0.0,0.0,0.0,0.0,0.0,0.0,0.0,0.0,0.0,0.0,0.0,0.0,0.0,0.0
2015-08-19 22:00:00,0.0,0.0,0.0,0.0,0.0,0.0,0.0,0.0,0.0,0.0,0.0,0.0,0.0,0.0,0.0,0.0,0.0
2015-08-19 23:00:00,0.0,0.0,0.0,0.0,0.0,0.0,0.0,0.0,0.0,0.0,0.0,0.0,0.0,0.0,0.0,0.0,0.0
2015-08-20 00:00:00,0.0,0.0,0.0,0.0,0.0,0.0,0.0,0.0,0.0,0.0,0.0,0.0,0.0,0.0,0.0,0.0,0.0
2015-08-20 01:00:00,0.0,0.0,0.0,0.0,0.0,0.0,0.0,0.0,0.0,0.0,0.0,0.0,0.0,0.0,0.0,0.0,0.0
2015-08-20 02:00:00,0.0,0.0,0.0,0.0,0.0,0.0,0.0,0.0,0.0,0.0,0.0,0.0,0.0,0.0,0.0,0.0,0.0
2015-08-20 03:00:00,0.0,0.0,0.0,0.0,0.0,0.0,0.0,0.0,0.0,0.0,0.0,0.0,0.0,0.0,0.0,0.0,0.0
2015-08-20 04:00:00,0.0,0.0,0.0,0.0,0.0,0.0,0.0,0.0,0.0,0.0,0.0,0.0,0.0,0.0,0.0,0.0,0.0
2015-08-20 05:00:00,0.018,0.012,0.018,0.027,0.011,0.02,0.02,0.023,0.015,0.025,0.026,0.018,0.018,0.023,0.024,0.015,0.012
2015-08-20 06:00:00,0.046,0.045,0.044,0.055,0.038,0.047,0.049,0.054,0.046,0.052,0.061,0.042,0.046,0.05,0.049,0.043,0.038
2015-08-20 07:00:00,0.067,0.071,0.062,0.075,0.058,0.066,0.069,0.077,0.067,0.071,0.106,0.06,0.066,0.069,0.069,0.062,0.056
2015-08-20 08:00:00,0.082,0.088,0.075,0.098,0.078,0.079,0.088,0.101,0.083,0.09,0.115,0.073,0.08,0.083,0.083,0.075,0.069
2015-08-20 09:00:00,0.188,0.184,0.181,0.238,0.164,0.207,0.228,0.21,0.197,0.244,0.214,0.17,0.209,0.227,0.203,0.177,0.147
2015-08-20 10:00:00,0.328,0.331,0.329,0.362,0.307,0.351,0.379,0.331,0.346,0.389,0.299,0.315,0.358,0.373,0.323,0.325,0.296
2015-08-20 11:00:00,0.435,0.453,0.449,0.393,0.435,0.474,0.504,0.395,0.472,0.47,0.348,0.441,0.485,0.446,0.398,0.449,0.428
2015-08-20 12:00:00,0.511,0.545,0.529,0.391,0.524,0.557,0.594,0.484,0.564,0.47,0.378,0.52,0.575,0.525,0.426,0.548,0.521
2015-08-20 13:00:00,0.536,0.566,0.545,0.335,0.551,0.605,0.606,0.444,0.591,0.389,0.437,0.561,0.618,0.491,0.46,0.598,0.576
2015-08-20 14:00:00,0.551,0.576,0.595,0.324,0.602,0.599,0.585,0.408,0.617,0.348,0.454,0.575,0.629,0.462,0.496,0.614,0.611
2015-08-20 15:00:00,0.496,0.49,0.56,0.251,0.515,0.572,0.465,0.433,0.569,0.221,0.427,0.473,0.565,0.32,0.503,0.565,0.561
2015-08-20 16:00:00,0.417,0.374,0.442,0.247,0.424,0.474,0.302,0.372,0.441,0.222,0.348,0.435,0.474,0.251,0.429,0.483,0.473
2015-08-20 17:00:00,0.274,0.22,0.326,0.16,0.274,0.313,0.182,0.255,0.244,0.109,0.214,0.325,0.287,0.136,0.276,0.32,0.328
2015-08-20 18:00:00,0.11,0.048,0.15,0.034,0.088,0.129,0.072,0.09,0.059,0.015,0.089,0.159,0.106,0.074,0.102,0.133,0.188
2015-08-20 19:00:00,0.0,0.0,0.0,0.0,0.0,0.0,0.0,0.0,0.0,0.0,0.0,0.0,0.0,0.0,0.0,0.0,0.0
2015-08-20 20:00:00,0.0,0.0,0.0,0.0,0.0,0.0,0.0,0.0,0.0,0.0,0.0,0.0,0.0,0.0,0.0,0.0,0.0
2015-08-20 21:00:00,0.0,0.0,0.0,0.0,0.0,0.0,0.0,0.0,0.0,0.0,0.0,0.0,0.0,0.0,0.0,0.0,0.0
2015-08-20 22:00:00,0.0,0.0,0.0,0.0,0.0,0.0,0.0,0.0,0.0,0.0,0.0,0.0,0.0,0.0,0.0,0.0,0.0
2015-08-20 23:00:00,0.0,0.0,0.0,0.0,0.0,0.0,0.0,0.0,0.0,0.0,0.0,0.0,0.0,0.0,0.0,0.0,0.0
2015-08-21 00:00:00,0.0,0.0,0.0,0.0,0.0,0.0,0.0,0.0,0.0,0.0,0.0,0.0,0.0,0.0,0.0,0.0,0.0
2015-08-21 01:00:00,0.0,0.0,0.0,0.0,0.0,0.0,0.0,0.0,0.0,0.0,0.0,0.0,0.0,0.0,0.0,0.0,0.0
2015-08-21 02:00:00,0.0,0.0,0.0,0.0,0.0,0.0,0.0,0.0,0.0,0.0,0.0,0.0,0.0,0.0,0.0,0.0,0.0
2015-08-21 03:00:00,0.0,0.0,0.0,0.0,0.0,0.0,0.0,0.0,0.0,0.0,0.0,0.0,0.0,0.0,0.0,0.0,0.0
2015-08-21 04:00:00,0.0,0.0,0.0,0.0,0.0,0.0,0.0,0.0,0.0,0.0,0.0,0.0,0.0,0.0,0.0,0.0,0.0
2015-08-21 05:00:00,0.018,0.012,0.017,0.028,0.012,0.019,0.02,0.023,0.014,0.025,0.029,0.017,0.017,0.023,0.024,0.015,0.012
2015-08-21 06:00:00,0.048,0.041,0.043,0.06,0.051,0.047,0.05,0.051,0.043,0.059,0.073,0.042,0.046,0.057,0.054,0.042,0.044
2015-08-21 07:00:00,0.071,0.065,0.062,0.08,0.078,0.066,0.068,0.072,0.064,0.08,0.119,0.06,0.066,0.076,0.083,0.063,0.065
2015-08-21 08:00:00,0.088,0.079,0.075,0.114,0.087,0.079,0.082,0.091,0.082,0.106,0.161,0.073,0.079,0.1,0.107,0.077,0.08
2015-08-21 09:00:00,0.19,0.173,0.178,0.231,0.166,0.201,0.22,0.227,0.188,0.234,0.263,0.165,0.201,0.23,0.221,0.173,0.148
2015-08-21 10:00:00,0.32,0.322,0.322,0.315,0.299,0.342,0.352,0.35,0.335,0.333,0.331,0.309,0.341,0.34,0.338,0.319,0.287
2015-08-21 11:00:00,0.416,0.442,0.447,0.394,0.413,0.395,0.347,0.387,0.447,0.397,0.363,0.424,0.405,0.382,0.421,0.434,0.413
2015-08-21 12:00:00,0.413,0.456,0.514,0.306,0.466,0.335,0.283,0.316,0.384,0.316,0.351,0.485,0.342,0.28,0.445,0.427,0.46
2015-08-21 13:00:00,0.431,0.431,0.53,0.274,0.528,0.317,0.345,0.306,0.315,0.326,0.337,0.453,0.349,0.256,0.419,0.474,0.56
2015-08-21 14:00:00,0.362,0.337,0.417,0.257,0.502,0.217,0.227,0.255,0.22,0.203,0.237,0.403,0.206,0.182,0.358,0.387,0.556
2015-08-21 15:00:00,0.32,0.302,0.287,0.149,0.478,0.187,0.174,0.197,0.254,0.158,0.187,0.376,0.216,0.13,0.245,0.378,0.526
2015-08-21 16:00:00,0.221,0.208,0.166,0.078,0.293,0.14,0.085,0.154,0.246,0.091,0.118,0.276,0.18,0.085,0.156,0.275,0.376
2015-08-21 17:00:00,0.128,0.108,0.086,0.043,0.184,0.061,0.045,0.084,0.16,0.051,0.036,0.129,0.111,0.029,0.097,0.174,0.227
2015-08-21 18:00:00,0.049,0.078,0.014,0.001,0.084,0.016,0.019,0.037,0.077,0.0,0.008,0.019,0.023,0.004,0.036,0.066,0.102
2015-08-21 19:00:00,0.0,0.0,0.0,0.0,0.0,0.0,0.0,0.0,0.0,0.0,0.0,0.0,0.0,0.0,0.0,0.0,0.0
2015-08-21 20:00:00,0.0,0.0,0.0,0.0,0.0,0.0,0.0,0.0,0.0,0.0,0.0,0.0,0.0,0.0,0.0,0.0,0.0
2015-08-21 21:00:00,0.0,0.0,0.0,0.0,0.0,0.0,0.0,0.0,0.0,0.0,0.0,0.0,0.0,0.0,0.0,0.0,0.0
2015-08-21 22:00:00,0.0,0.0,0.0,0.0,0.0,0.0,0.0,0.0,0.0,0.0,0.0,0.0,0.0,0.0,0.0,0.0,0.0
2015-08-21 23:00:00,0.0,0.0,0.0,0.0,0.0,0.0,0.0,0.0,0.0,0.0,0.0,0.0,0.0,0.0,0.0,0.0,0.0
2015-08-22 00:00:00,0.0,0.0,0.0,0.0,0.0,0.0,0.0,0.0,0.0,0.0,0.0,0.0,0.0,0.0,0.0,0.0,0.0
2015-08-22 01:00:00,0.0,0.0,0.0,0.0,0.0,0.0,0.0,0.0,0.0,0.0,0.0,0.0,0.0,0.0,0.0,0.0,0.0
2015-08-22 02:00:00,0.0,0.0,0.0,0.0,0.0,0.0,0.0,0.0,0.0,0.0,0.0,0.0,0.0,0.0,0.0,0.0,0.0
2015-08-22 03:00:00,0.0,0.0,0.0,0.0,0.0,0.0,0.0,0.0,0.0,0.0,0.0,0.0,0.0,0.0,0.0,0.0,0.0
2015-08-22 04:00:00,0.0,0.0,0.0,0.0,0.0,0.0,0.0,0.0,0.0,0.0,0.0,0.0,0.0,0.0,0.0,0.0,0.0
2015-08-22 05:00:00,0.015,0.009,0.012,0.026,0.008,0.014,0.019,0.019,0.012,0.026,0.026,0.018,0.016,0.022,0.026,0.01,0.01
2015-08-22 06:00:00,0.049,0.042,0.044,0.076,0.038,0.056,0.059,0.063,0.049,0.067,0.059,0.047,0.053,0.063,0.055,0.04,0.039
2015-08-22 07:00:00,0.081,0.072,0.074,0.1,0.065,0.099,0.119,0.087,0.082,0.105,0.083,0.073,0.076,0.118,0.081,0.085,0.061
2015-08-22 08:00:00,0.107,0.095,0.092,0.151,0.078,0.116,0.135,0.125,0.109,0.134,0.107,0.098,0.113,0.158,0.112,0.113,0.077
2015-08-22 09:00:00,0.194,0.184,0.178,0.25,0.162,0.224,0.222,0.22,0.203,0.239,0.206,0.192,0.212,0.218,0.204,0.19,0.15
2015-08-22 10:00:00,0.294,0.291,0.261,0.343,0.259,0.301,0.357,0.302,0.305,0.342,0.307,0.31,0.331,0.272,0.307,0.285,0.284
2015-08-22 11:00:00,0.382,0.353,0.329,0.425,0.378,0.379,0.447,0.383,0.364,0.393,0.415,0.346,0.438,0.441,0.384,0.381,0.389
2015-08-22 12:00:00,0.405,0.382,0.369,0.399,0.335,0.411,0.462,0.37,0.382,0.437,0.477,0.368,0.51,0.514,0.404,0.427,0.409
2015-08-22 13:00:00,0.433,0.446,0.458,0.408,0.357,0.371,0.481,0.413,0.435,0.436,0.461,0.404,0.493,0.517,0.471,0.473,0.369
2015-08-22 14:00:00,0.422,0.447,0.533,0.37,0.366,0.384,0.425,0.39,0.479,0.369,0.446,0.38,0.451,0.458,0.472,0.459,0.338
2015-08-22 15:00:00,0.368,0.374,0.449,0.281,0.337,0.348,0.341,0.358,0.341,0.318,0.348,0.382,0.313,0.332,0.352,0.41,0.37
2015-08-22 16:00:00,0.306,0.382,0.274,0.223,0.321,0.307,0.272,0.3,0.252,0.244,0.176,0.377,0.222,0.296,0.225,0.336,0.364
2015-08-22 17:00:00,0.173,0.251,0.159,0.109,0.235,0.16,0.177,0.152,0.096,0.102,0.102,0.226,0.103,0.092,0.108,0.173,0.248
2015-08-22 18:00:00,0.074,0.132,0.053,0.0,0.128,0.057,0.079,0.051,0.054,0.0,0.028,0.085,0.033,0.027,0.044,0.077,0.128
2015-08-22 19:00:00,0.0,0.0,0.0,0.0,0.0,0.0,0.0,0.0,0.0,0.0,0.0,0.0,0.0,0.0,0.0,0.0,0.0
2015-08-22 20:00:00,0.0,0.0,0.0,0.0,0.0,0.0,0.0,0.0,0.0,0.0,0.0,0.0,0.0,0.0,0.0,0.0,0.0
2015-08-22 21:00:00,0.0,0.0,0.0,0.0,0.0,0.0,0.0,0.0,0.0,0.0,0.0,0.0,0.0,0.0,0.0,0.0,0.0
2015-08-22 22:00:00,0.0,0.0,0.0,0.0,0.0,0.0,0.0,0.0,0.0,0.0,0.0,0.0,0.0,0.0,0.0,0.0,0.0
2015-08-22 23:00:00,0.0,0.0,0.0,0.0,0.0,0.0,0.0,0.0,0.0,0.0,0.0,0.0,0.0,0.0,0.0,0.0,0.0
2015-08-23 00:00:00,0.0,0.0,0.0,0.0,0.0,0.0,0.0,0.0,0.0,0.0,0.0,0.0,0.0,0.0,0.0,0.0,0.0
2015-08-23 01:00:00,0.0,0.0,0.0,0.0,0.0,0.0,0.0,0.0,0.0,0.0,0.0,0.0,0.0,0.0,0.0,0.0,0.0
2015-08-23 02:00:00,0.0,0.0,0.0,0.0,0.0,0.0,0.0,0.0,0.0,0.0,0.0,0.0,0.0,0.0,0.0,0.0,0.0
2015-08-23 03:00:00,0.0,0.0,0.0,0.0,0.0,0.0,0.0,0.0,0.0,0.0,0.0,0.0,0.0,0.0,0.0,0.0,0.0
2015-08-23 04:00:00,0.0,0.0,0.0,0.0,0.0,0.0,0.0,0.0,0.0,0.0,0.0,0.0,0.0,0.0,0.0,0.0,0.0
2015-08-23 05:00:00,0.013,0.009,0.015,0.017,0.008,0.016,0.017,0.016,0.012,0.021,0.02,0.013,0.014,0.02,0.014,0.011,0.009
2015-08-23 06:00:00,0.044,0.039,0.047,0.054,0.037,0.055,0.047,0.045,0.04,0.059,0.048,0.04,0.046,0.053,0.041,0.043,0.037
2015-08-23 07:00:00,0.074,0.072,0.074,0.092,0.075,0.086,0.068,0.08,0.064,0.086,0.077,0.075,0.067,0.081,0.076,0.074,0.056
2015-08-23 08:00:00,0.099,0.087,0.095,0.138,0.091,0.106,0.082,0.1,0.095,0.114,0.122,0.093,0.083,0.099,0.102,0.106,0.073
2015-08-23 09:00:00,0.182,0.168,0.167,0.22,0.155,0.196,0.214,0.193,0.178,0.239,0.213,0.173,0.202,0.219,0.179,0.185,0.146
2015-08-23 10:00:00,0.298,0.31,0.26,0.326,0.294,0.301,0.339,0.302,0.328,0.341,0.312,0.275,0.306,0.313,0.288,0.299,0.28
2015-08-23 11:00:00,0.369,0.425,0.336,0.313,0.414,0.325,0.373,0.334,0.429,0.347,0.326,0.34,0.404,0.321,0.326,0.393,0.388
2015-08-23 12:00:00,0.438,0.499,0.44,0.337,0.485,0.377,0.416,0.316,0.526,0.366,0.334,0.435,0.505,0.387,0.359,0.489,0.489
2015-08-23 13:00:00,0.427,0.55,0.457,0.339,0.5,0.412,0.429,0.331,0.478,0.285,0.288,0.447,0.516,0.301,0.334,0.454,0.461
2015-08-23 14:00:00,0.376,0.53,0.317,0.219,0.447,0.371,0.29,0.287,0.496,0.29,0.179,0.348,0.469,0.211,0.25,0.464,0.399
2015-08-23 15:00:00,0.355,0.495,0.404,0.191,0.458,0.371,0.258,0.251,0.436,0.232,0.101,0.318,0.442,0.221,0.21,0.436,0.374
2015-08-23 16:00:00,0.258,0.386,0.245,0.164,0.328,0.266,0.296,0.18,0.328,0.127,0.102,0.177,0.335,0.139,0.126,0.32,0.311
2015-08-23 17:00:00,0.173,0.267,0.187,0.058,0.283,0.187,0.191,0.1,0.241,0.093,0.079,0.081,0.22,0.108,0.055,0.206,0.217
2015-08-23 18:00:00,0.069,0.11,0.088,0.0,0.114,0.09,0.062,0.047,0.089,0.0,0.006,0.036,0.09,0.025,0.016,0.094,0.078
2015-08-23 19:00:00,0.0,0.0,0.0,0.0,0.0,0.0,0.0,0.0,0.0,0.0,0.0,0.0,0.0,0.0,0.0,0.0,0.0
2015-08-23 20:00:00,0.0,0.0,0.0,0.0,0.0,0.0,0.0,0.0,0.0,0.0,0.0,0.0,0.0,0.0,0.0,0.0,0.0
2015-08-23 21:00:00,0.0,0.0,0.0,0.0,0.0,0.0,0.0,0.0,0.0,0.0,0.0,0.0,0.0,0.0,0.0,0.0,0.0
2015-08-23 22:00:00,0.0,0.0,0.0,0.0,0.0,0.0,0.0,0.0,0.0,0.0,0.0,0.0,0.0,0.0,0.0,0.0,0.0
2015-08-23 23:00:00,0.0,0.0,0.0,0.0,0.0,0.0,0.0,0.0,0.0,0.0,0.0,0.0,0.0,0.0,0.0,0.0,0.0
2015-08-24 00:00:00,0.0,0.0,0.0,0.0,0.0,0.0,0.0,0.0,0.0,0.0,0.0,0.0,0.0,0.0,0.0,0.0,0.0
2015-08-24 01:00:00,0.0,0.0,0.0,0.0,0.0,0.0,0.0,0.0,0.0,0.0,0.0,0.0,0.0,0.0,0.0,0.0,0.0
2015-08-24 02:00:00,0.0,0.0,0.0,0.0,0.0,0.0,0.0,0.0,0.0,0.0,0.0,0.0,0.0,0.0,0.0,0.0,0.0
2015-08-24 03:00:00,0.0,0.0,0.0,0.0,0.0,0.0,0.0,0.0,0.0,0.0,0.0,0.0,0.0,0.0,0.0,0.0,0.0
2015-08-24 04:00:00,0.0,0.0,0.0,0.0,0.0,0.0,0.0,0.0,0.0,0.0,0.0,0.0,0.0,0.0,0.0,0.0,0.0
2015-08-24 05:00:00,0.017,0.007,0.021,0.031,0.005,0.024,0.018,0.028,0.014,0.027,0.021,0.017,0.014,0.026,0.021,0.015,0.011
2015-08-24 06:00:00,0.056,0.038,0.073,0.071,0.024,0.067,0.049,0.077,0.051,0.054,0.062,0.061,0.045,0.058,0.059,0.059,0.05
2015-08-24 07:00:00,0.095,0.088,0.106,0.092,0.08,0.08,0.093,0.085,0.104,0.073,0.101,0.093,0.074,0.067,0.081,0.109,0.107
2015-08-24 08:00:00,0.127,0.131,0.152,0.09,0.096,0.12,0.149,0.105,0.138,0.086,0.128,0.135,0.114,0.086,0.109,0.151,0.145
2015-08-24 09:00:00,0.198,0.196,0.225,0.226,0.135,0.222,0.242,0.207,0.205,0.229,0.217,0.213,0.205,0.217,0.21,0.198,0.159
2015-08-24 10:00:00,0.278,0.263,0.291,0.357,0.172,0.326,0.347,0.337,0.321,0.364,0.306,0.304,0.335,0.35,0.311,0.258,0.196
2015-08-24 11:00:00,0.34,0.308,0.278,0.471,0.204,0.385,0.418,0.434,0.402,0.46,0.417,0.366,0.449,0.447,0.396,0.319,0.221
2015-08-24 12:00:00,0.389,0.36,0.293,0.544,0.418,0.434,0.483,0.479,0.418,0.485,0.457,0.344,0.512,0.507,0.419,0.339,0.262
2015-08-24 13:00:00,0.398,0.387,0.36,0.549,0.516,0.45,0.487,0.457,0.383,0.452,0.331,0.309,0.459,0.538,0.361,0.35,0.324
2015-08-24 14:00:00,0.342,0.394,0.22,0.452,0.554,0.407,0.41,0.379,0.286,0.384,0.184,0.294,0.295,0.467,0.242,0.286,0.341
2015-08-24 15:00:00,0.291,0.374,0.214,0.307,0.547,0.28,0.295,0.278,0.126,0.282,0.156,0.182,0.191,0.292,0.181,0.282,0.337
2015-08-24 16:00:00,0.259,0.309,0.212,0.217,0.445,0.126,0.247,0.19,0.099,0.267,0.128,0.199,0.207,0.244,0.12,0.288,0.385
2015-08-24 17:00:00,0.163,0.212,0.137,0.109,0.295,0.069,0.175,0.134,0.054,0.143,0.045,0.12,0.096,0.141,0.047,0.176,0.289
2015-08-24 18:00:00,0.053,0.089,0.049,0.0,0.118,0.02,0.016,0.015,0.026,0.0,0.0,0.041,0.041,0.003,0.011,0.06,0.127
2015-08-24 19:00:00,0.0,0.0,0.0,0.0,0.0,0.0,0.0,0.0,0.0,0.0,0.0,0.0,0.0,0.0,0.0,0.0,0.0
2015-08-24 20:00:00,0.0,0.0,0.0,0.0,0.0,0.0,0.0,0.0,0.0,0.0,0.0,0.0,0.0,0.0,0.0,0.0,0.0
2015-08-24 21:00:00,0.0,0.0,0.0,0.0,0.0,0.0,0.0,0.0,0.0,0.0,0.0,0.0,0.0,0.0,0.0,0.0,0.0
2015-08-24 22:00:00,0.0,0.0,0.0,0.0,0.0,0.0,0.0,0.0,0.0,0.0,0.0,0.0,0.0,0.0,0.0,0.0,0.0
2015-08-24 23:00:00,0.0,0.0,0.0,0.0,0.0,0.0,0.0,0.0,0.0,0.0,0.0,0.0,0.0,0.0,0.0,0.0,0.0
2015-08-25 00:00:00,0.0,0.0,0.0,0.0,0.0,0.0,0.0,0.0,0.0,0.0,0.0,0.0,0.0,0.0,0.0,0.0,0.0
2015-08-25 01:00:00,0.0,0.0,0.0,0.0,0.0,0.0,0.0,0.0,0.0,0.0,0.0,0.0,0.0,0.0,0.0,0.0,0.0
2015-08-25 02:00:00,0.0,0.0,0.0,0.0,0.0,0.0,0.0,0.0,0.0,0.0,0.0,0.0,0.0,0.0,0.0,0.0,0.0
2015-08-25 03:00:00,0.0,0.0,0.0,0.0,0.0,0.0,0.0,0.0,0.0,0.0,0.0,0.0,0.0,0.0,0.0,0.0,0.0
2015-08-25 04:00:00,0.0,0.0,0.0,0.0,0.0,0.0,0.0,0.0,0.0,0.0,0.0,0.0,0.0,0.0,0.0,0.0,0.0
2015-08-25 05:00:00,0.012,0.003,0.011,0.022,0.002,0.012,0.015,0.016,0.01,0.02,0.024,0.013,0.013,0.015,0.018,0.011,0.007
2015-08-25 06:00:00,0.037,0.02,0.052,0.048,0.008,0.05,0.047,0.046,0.033,0.047,0.047,0.046,0.044,0.046,0.044,0.038,0.03
2015-08-25 07:00:00,0.064,0.04,0.083,0.068,0.014,0.072,0.084,0.067,0.078,0.065,0.061,0.072,0.072,0.066,0.071,0.083,0.047
2015-08-25 08:00:00,0.086,0.058,0.119,0.086,0.06,0.106,0.111,0.08,0.105,0.082,0.074,0.113,0.102,0.092,0.09,0.092,0.061
2015-08-25 09:00:00,0.138,0.069,0.177,0.209,0.109,0.178,0.216,0.183,0.074,0.216,0.201,0.163,0.146,0.193,0.186,0.101,0.075
2015-08-25 10:00:00,0.199,0.122,0.16,0.34,0.23,0.191,0.277,0.279,0.092,0.325,0.327,0.192,0.144,0.284,0.296,0.125,0.139
2015-08-25 11:00:00,0.258,0.193,0.187,0.441,0.299,0.211,0.277,0.364,0.075,0.42,0.412,0.145,0.108,0.309,0.379,0.193,0.237
2015-08-25 12:00:00,0.268,0.335,0.228,0.468,0.28,0.16,0.2,0.315,0.121,0.41,0.475,0.083,0.101,0.267,0.33,0.222,0.273
2015-08-25 13:00:00,0.272,0.445,0.176,0.42,0.25,0.171,0.157,0.201,0.29,0.335,0.501,0.104,0.114,0.176,0.252,0.267,0.322
2015-08-25 14:00:00,0.273,0.351,0.172,0.322,0.238,0.217,0.173,0.151,0.444,0.253,0.38,0.108,0.356,0.168,0.204,0.344,0.307
2015-08-25 15:00:00,0.222,0.244,0.186,0.205,0.235,0.241,0.119,0.134,0.423,0.205,0.201,0.087,0.349,0.168,0.117,0.279,0.266
2015-08-25 16:00:00,0.142,0.219,0.169,0.06,0.197,0.147,0.051,0.053,0.232,0.08,0.04,0.107,0.151,0.091,0.022,0.168,0.244
2015-08-25 17:00:00,0.109,0.2,0.122,0.029,0.186,0.112,0.029,0.021,0.168,0.031,0.012,0.108,0.13,0.029,0.011,0.119,0.19
2015-08-25 18:00:00,0.047,0.092,0.057,0.0,0.112,0.03,0.003,0.006,0.064,0.0,0.0,0.056,0.061,0.0,0.007,0.045,0.081
2015-08-25 19:00:00,0.0,0.0,0.0,0.0,0.0,0.0,0.0,0.0,0.0,0.0,0.0,0.0,0.0,0.0,0.0,0.0,0.0
2015-08-25 20:00:00,0.0,0.0,0.0,0.0,0.0,0.0,0.0,0.0,0.0,0.0,0.0,0.0,0.0,0.0,0.0,0.0,0.0
2015-08-25 21:00:00,0.0,0.0,0.0,0.0,0.0,0.0,0.0,0.0,0.0,0.0,0.0,0.0,0.0,0.0,0.0,0.0,0.0
2015-08-25 22:00:00,0.0,0.0,0.0,0.0,0.0,0.0,0.0,0.0,0.0,0.0,0.0,0.0,0.0,0.0,0.0,0.0,0.0
2015-08-25 23:00:00,0.0,0.0,0.0,0.0,0.0,0.0,0.0,0.0,0.0,0.0,0.0,0.0,0.0,0.0,0.0,0.0,0.0
2015-08-26 00:00:00,0.0,0.0,0.0,0.0,0.0,0.0,0.0,0.0,0.0,0.0,0.0,0.0,0.0,0.0,0.0,0.0,0.0
2015-08-26 01:00:00,0.0,0.0,0.0,0.0,0.0,0.0,0.0,0.0,0.0,0.0,0.0,0.0,0.0,0.0,0.0,0.0,0.0
2015-08-26 02:00:00,0.0,0.0,0.0,0.0,0.0,0.0,0.0,0.0,0.0,0.0,0.0,0.0,0.0,0.0,0.0,0.0,0.0
2015-08-26 03:00:00,0.0,0.0,0.0,0.0,0.0,0.0,0.0,0.0,0.0,0.0,0.0,0.0,0.0,0.0,0.0,0.0,0.0
2015-08-26 04:00:00,0.0,0.0,0.0,0.0,0.0,0.0,0.0,0.0,0.0,0.0,0.0,0.0,0.0,0.0,0.0,0.0,0.0
2015-08-26 05:00:00,0.014,0.008,0.015,0.027,0.006,0.019,0.017,0.023,0.01,0.022,0.023,0.015,0.014,0.026,0.021,0.011,0.007
2015-08-26 06:00:00,0.049,0.038,0.054,0.068,0.035,0.053,0.052,0.064,0.041,0.077,0.051,0.045,0.045,0.072,0.061,0.043,0.038
2015-08-26 07:00:00,0.078,0.059,0.074,0.113,0.062,0.066,0.084,0.087,0.063,0.091,0.112,0.079,0.087,0.082,0.076,0.076,0.077
2015-08-26 08:00:00,0.095,0.073,0.109,0.145,0.071,0.079,0.092,0.106,0.077,0.119,0.145,0.105,0.09,0.096,0.097,0.083,0.097
2015-08-26 09:00:00,0.18,0.157,0.184,0.235,0.144,0.198,0.211,0.207,0.177,0.209,0.201,0.174,0.191,0.214,0.196,0.165,0.166
2015-08-26 10:00:00,0.303,0.304,0.307,0.323,0.292,0.331,0.328,0.307,0.322,0.307,0.31,0.29,0.331,0.335,0.298,0.304,0.268
2015-08-26 11:00:00,0.395,0.428,0.416,0.367,0.406,0.431,0.413,0.349,0.443,0.393,0.335,0.39,0.436,0.414,0.322,0.421,0.367
2015-08-26 12:00:00,0.448,0.522,0.493,0.382,0.492,0.466,0.452,0.35,0.538,0.373,0.285,0.466,0.505,0.371,0.346,0.51,0.408
2015-08-26 13:00:00,0.484,0.575,0.549,0.314,0.55,0.529,0.452,0.357,0.589,0.32,0.303,0.477,0.562,0.32,0.448,0.559,0.454
2015-08-26 14:00:00,0.479,0.585,0.532,0.288,0.56,0.562,0.451,0.402,0.596,0.234,0.341,0.429,0.576,0.31,0.405,0.55,0.46
2015-08-26 15:00:00,0.433,0.55,0.434,0.232,0.531,0.538,0.463,0.428,0.553,0.244,0.232,0.32,0.546,0.388,0.3,0.505,0.422
2015-08-26 16:00:00,0.349,0.464,0.314,0.244,0.428,0.43,0.43,0.349,0.454,0.236,0.223,0.242,0.44,0.387,0.232,0.399,0.292
2015-08-26 17:00:00,0.214,0.308,0.181,0.177,0.289,0.256,0.254,0.174,0.287,0.212,0.111,0.149,0.265,0.246,0.128,0.236,0.177
2015-08-26 18:00:00,0.056,0.125,0.032,0.0,0.123,0.046,0.0,0.005,0.123,0.0,0.0,0.03,0.054,0.0,0.028,0.076,0.06
2015-08-26 19:00:00,0.0,0.0,0.0,0.0,0.0,0.0,0.0,0.0,0.0,0.0,0.0,0.0,0.0,0.0,0.0,0.0,0.0
2015-08-26 20:00:00,0.0,0.0,0.0,0.0,0.0,0.0,0.0,0.0,0.0,0.0,0.0,0.0,0.0,0.0,0.0,0.0,0.0
2015-08-26 21:00:00,0.0,0.0,0.0,0.0,0.0,0.0,0.0,0.0,0.0,0.0,0.0,0.0,0.0,0.0,0.0,0.0,0.0
2015-08-26 22:00:00,0.0,0.0,0.0,0.0,0.0,0.0,0.0,0.0,0.0,0.0,0.0,0.0,0.0,0.0,0.0,0.0,0.0
2015-08-26 23:00:00,0.0,0.0,0.0,0.0,0.0,0.0,0.0,0.0,0.0,0.0,0.0,0.0,0.0,0.0,0.0,0.0,0.0
2015-08-27 00:00:00,0.0,0.0,0.0,0.0,0.0,0.0,0.0,0.0,0.0,0.0,0.0,0.0,0.0,0.0,0.0,0.0,0.0
2015-08-27 01:00:00,0.0,0.0,0.0,0.0,0.0,0.0,0.0,0.0,0.0,0.0,0.0,0.0,0.0,0.0,0.0,0.0,0.0
2015-08-27 02:00:00,0.0,0.0,0.0,0.0,0.0,0.0,0.0,0.0,0.0,0.0,0.0,0.0,0.0,0.0,0.0,0.0,0.0
2015-08-27 03:00:00,0.0,0.0,0.0,0.0,0.0,0.0,0.0,0.0,0.0,0.0,0.0,0.0,0.0,0.0,0.0,0.0,0.0
2015-08-27 04:00:00,0.0,0.0,0.0,0.0,0.0,0.0,0.0,0.0,0.0,0.0,0.0,0.0,0.0,0.0,0.0,0.0,0.0
2015-08-27 05:00:00,0.014,0.008,0.015,0.021,0.007,0.014,0.014,0.018,0.009,0.021,0.021,0.017,0.012,0.017,0.019,0.012,0.01
2015-08-27 06:00:00,0.051,0.043,0.065,0.049,0.046,0.044,0.044,0.046,0.041,0.054,0.047,0.065,0.041,0.046,0.054,0.053,0.053
2015-08-27 07:00:00,0.077,0.073,0.078,0.07,0.104,0.067,0.064,0.066,0.059,0.107,0.064,0.074,0.061,0.074,0.069,0.073,0.095
2015-08-27 08:00:00,0.102,0.117,0.099,0.097,0.119,0.087,0.077,0.091,0.076,0.111,0.084,0.101,0.074,0.088,0.094,0.109,0.111
2015-08-27 09:00:00,0.186,0.187,0.2,0.224,0.145,0.196,0.201,0.204,0.183,0.214,0.22,0.182,0.185,0.209,0.197,0.184,0.15
2015-08-27 10:00:00,0.312,0.305,0.312,0.352,0.282,0.33,0.345,0.332,0.324,0.359,0.34,0.295,0.33,0.346,0.32,0.305,0.276
2015-08-27 11:00:00,0.42,0.42,0.421,0.445,0.394,0.428,0.461,0.441,0.424,0.473,0.445,0.403,0.437,0.461,0.42,0.419,0.381
2015-08-27 12:00:00,0.494,0.495,0.511,0.524,0.459,0.501,0.539,0.502,0.517,0.549,0.522,0.476,0.507,0.535,0.497,0.505,0.414
2015-08-27 13:00:00,0.516,0.481,0.55,0.563,0.492,0.567,0.572,0.545,0.578,0.583,0.555,0.449,0.573,0.554,0.552,0.538,0.355
2015-08-27 14:00:00,0.484,0.395,0.52,0.568,0.511,0.575,0.547,0.568,0.544,0.566,0.566,0.307,0.582,0.533,0.543,0.502,0.266
2015-08-27 15:00:00,0.422,0.345,0.477,0.513,0.475,0.517,0.539,0.508,0.439,0.498,0.513,0.184,0.53,0.522,0.411,0.454,0.186
2015-08-27 16:00:00,0.306,0.279,0.38,0.399,0.371,0.391,0.431,0.351,0.24,0.389,0.363,0.092,0.381,0.416,0.213,0.348,0.104
2015-08-27 17:00:00,0.15,0.152,0.21,0.216,0.196,0.183,0.24,0.168,0.064,0.217,0.131,0.041,0.13,0.227,0.063,0.182,0.047
2015-08-27 18:00:00,0.026,0.057,0.052,0.0,0.048,0.008,0.0,0.0,0.012,0.0,0.0,0.004,0.001,0.0,0.002,0.055,0.005
2015-08-27 19:00:00,0.0,0.0,0.0,0.0,0.0,0.0,0.0,0.0,0.0,0.0,0.0,0.0,0.0,0.0,0.0,0.0,0.0
2015-08-27 20:00:00,0.0,0.0,0.0,0.0,0.0,0.0,0.0,0.0,0.0,0.0,0.0,0.0,0.0,0.0,0.0,0.0,0.0
2015-08-27 21:00:00,0.0,0.0,0.0,0.0,0.0,0.0,0.0,0.0,0.0,0.0,0.0,0.0,0.0,0.0,0.0,0.0,0.0
2015-08-27 22:00:00,0.0,0.0,0.0,0.0,0.0,0.0,0.0,0.0,0.0,0.0,0.0,0.0,0.0,0.0,0.0,0.0,0.0
2015-08-27 23:00:00,0.0,0.0,0.0,0.0,0.0,0.0,0.0,0.0,0.0,0.0,0.0,0.0,0.0,0.0,0.0,0.0,0.0
2015-08-28 00:00:00,0.0,0.0,0.0,0.0,0.0,0.0,0.0,0.0,0.0,0.0,0.0,0.0,0.0,0.0,0.0,0.0,0.0
2015-08-28 01:00:00,0.0,0.0,0.0,0.0,0.0,0.0,0.0,0.0,0.0,0.0,0.0,0.0,0.0,0.0,0.0,0.0,0.0
2015-08-28 02:00:00,0.0,0.0,0.0,0.0,0.0,0.0,0.0,0.0,0.0,0.0,0.0,0.0,0.0,0.0,0.0,0.0,0.0
2015-08-28 03:00:00,0.0,0.0,0.0,0.0,0.0,0.0,0.0,0.0,0.0,0.0,0.0,0.0,0.0,0.0,0.0,0.0,0.0
2015-08-28 04:00:00,0.0,0.0,0.0,0.0,0.0,0.0,0.0,0.0,0.0,0.0,0.0,0.0,0.0,0.0,0.0,0.0,0.0
2015-08-28 05:00:00,0.01,0.007,0.005,0.028,0.001,0.017,0.017,0.021,0.011,0.022,0.027,0.0,0.013,0.022,0.015,0.006,0.0
2015-08-28 06:00:00,0.037,0.036,0.021,0.077,0.012,0.059,0.05,0.069,0.052,0.058,0.076,0.006,0.05,0.063,0.048,0.03,0.007
2015-08-28 07:00:00,0.061,0.063,0.06,0.08,0.039,0.09,0.064,0.103,0.091,0.064,0.12,0.013,0.078,0.066,0.065,0.055,0.03
2015-08-28 08:00:00,0.09,0.102,0.052,0.11,0.062,0.107,0.084,0.119,0.119,0.077,0.156,0.037,0.096,0.091,0.101,0.095,0.074
2015-08-28 09:00:00,0.14,0.116,0.086,0.226,0.073,0.21,0.201,0.201,0.19,0.215,0.228,0.077,0.196,0.208,0.109,0.12,0.137
2015-08-28 10:00:00,0.218,0.186,0.168,0.346,0.098,0.308,0.34,0.298,0.294,0.348,0.301,0.197,0.322,0.337,0.135,0.176,0.235
2015-08-28 11:00:00,0.28,0.256,0.185,0.443,0.202,0.34,0.451,0.374,0.371,0.457,0.336,0.32,0.404,0.436,0.18,0.184,0.338
2015-08-28 12:00:00,0.319,0.286,0.191,0.499,0.294,0.31,0.53,0.333,0.427,0.526,0.303,0.346,0.488,0.509,0.21,0.25,0.365
2015-08-28 13:00:00,0.353,0.258,0.358,0.504,0.318,0.365,0.573,0.342,0.426,0.557,0.289,0.373,0.519,0.531,0.199,0.314,0.402
2015-08-28 14:00:00,0.359,0.214,0.407,0.52,0.237,0.419,0.564,0.33,0.305,0.552,0.136,0.417,0.471,0.533,0.224,0.376,0.428
2015-08-28 15:00:00,0.313,0.202,0.364,0.419,0.137,0.272,0.502,0.35,0.278,0.494,0.138,0.445,0.319,0.46,0.272,0.31,0.392
2015-08-28 16:00:00,0.225,0.164,0.284,0.299,0.069,0.222,0.358,0.228,0.297,0.381,0.179,0.365,0.199,0.32,0.227,0.192,0.253
2015-08-28 17:00:00,0.133,0.097,0.185,0.13,0.037,0.149,0.161,0.132,0.155,0.195,0.091,0.257,0.123,0.143,0.148,0.114,0.167
2015-08-28 18:00:00,0.029,0.026,0.052,0.0,0.009,0.002,0.0,0.0,0.051,0.0,0.0,0.106,0.0,0.0,0.005,0.036,0.069
2015-08-28 19:00:00,0.0,0.0,0.0,0.0,0.0,0.0,0.0,0.0,0.0,0.0,0.0,0.0,0.0,0.0,0.0,0.0,0.0
2015-08-28 20:00:00,0.0,0.0,0.0,0.0,0.0,0.0,0.0,0.0,0.0,0.0,0.0,0.0,0.0,0.0,0.0,0.0,0.0
2015-08-28 21:00:00,0.0,0.0,0.0,0.0,0.0,0.0,0.0,0.0,0.0,0.0,0.0,0.0,0.0,0.0,0.0,0.0,0.0
2015-08-28 22:00:00,0.0,0.0,0.0,0.0,0.0,0.0,0.0,0.0,0.0,0.0,0.0,0.0,0.0,0.0,0.0,0.0,0.0
2015-08-28 23:00:00,0.0,0.0,0.0,0.0,0.0,0.0,0.0,0.0,0.0,0.0,0.0,0.0,0.0,0.0,0.0,0.0,0.0
2015-08-29 00:00:00,0.0,0.0,0.0,0.0,0.0,0.0,0.0,0.0,0.0,0.0,0.0,0.0,0.0,0.0,0.0,0.0,0.0
2015-08-29 01:00:00,0.0,0.0,0.0,0.0,0.0,0.0,0.0,0.0,0.0,0.0,0.0,0.0,0.0,0.0,0.0,0.0,0.0
2015-08-29 02:00:00,0.0,0.0,0.0,0.0,0.0,0.0,0.0,0.0,0.0,0.0,0.0,0.0,0.0,0.0,0.0,0.0,0.0
2015-08-29 03:00:00,0.0,0.0,0.0,0.0,0.0,0.0,0.0,0.0,0.0,0.0,0.0,0.0,0.0,0.0,0.0,0.0,0.0
2015-08-29 04:00:00,0.0,0.0,0.0,0.0,0.0,0.0,0.0,0.0,0.0,0.0,0.0,0.0,0.0,0.0,0.0,0.0,0.0
2015-08-29 05:00:00,0.008,0.003,0.01,0.014,0.004,0.006,0.009,0.011,0.003,0.011,0.019,0.01,0.005,0.009,0.015,0.006,0.006
2015-08-29 06:00:00,0.037,0.028,0.042,0.037,0.034,0.033,0.044,0.048,0.025,0.034,0.051,0.039,0.03,0.029,0.044,0.035,0.035
2015-08-29 07:00:00,0.065,0.062,0.069,0.05,0.067,0.062,0.07,0.064,0.063,0.066,0.068,0.066,0.062,0.051,0.072,0.066,0.061
2015-08-29 08:00:00,0.087,0.09,0.083,0.081,0.077,0.099,0.11,0.09,0.091,0.083,0.084,0.086,0.1,0.085,0.098,0.088,0.077
2015-08-29 09:00:00,0.156,0.153,0.162,0.131,0.146,0.167,0.183,0.168,0.178,0.148,0.201,0.144,0.148,0.122,0.16,0.166,0.126
2015-08-29 10:00:00,0.256,0.193,0.292,0.193,0.249,0.288,0.274,0.28,0.206,0.168,0.32,0.251,0.221,0.14,0.275,0.286,0.252
2015-08-29 11:00:00,0.344,0.268,0.38,0.264,0.338,0.386,0.316,0.344,0.303,0.229,0.365,0.355,0.317,0.219,0.346,0.386,0.377
2015-08-29 12:00:00,0.393,0.305,0.426,0.315,0.406,0.464,0.309,0.387,0.275,0.259,0.327,0.445,0.348,0.281,0.429,0.441,0.418
2015-08-29 13:00:00,0.447,0.372,0.462,0.297,0.518,0.507,0.338,0.397,0.341,0.338,0.347,0.466,0.365,0.365,0.423,0.538,0.461
2015-08-29 14:00:00,0.457,0.401,0.437,0.305,0.568,0.537,0.305,0.388,0.331,0.309,0.387,0.466,0.445,0.409,0.359,0.546,0.495
2015-08-29 15:00:00,0.434,0.367,0.353,0.324,0.545,0.53,0.223,0.409,0.393,0.309,0.314,0.463,0.416,0.422,0.324,0.531,0.422
2015-08-29 16:00:00,0.366,0.324,0.387,0.28,0.445,0.409,0.15,0.288,0.302,0.293,0.267,0.413,0.315,0.343,0.275,0.443,0.374
2015-08-29 17:00:00,0.235,0.2,0.256,0.158,0.282,0.244,0.113,0.203,0.217,0.163,0.145,0.262,0.215,0.194,0.182,0.279,0.284
2015-08-29 18:00:00,0.065,0.104,0.079,0.0,0.118,0.0,0.0,0.0,0.029,0.0,0.0,0.105,0.0,0.0,0.0,0.096,0.127
2015-08-29 19:00:00,0.0,0.0,0.0,0.0,0.0,0.0,0.0,0.0,0.0,0.0,0.0,0.0,0.0,0.0,0.0,0.0,0.0
2015-08-29 20:00:00,0.0,0.0,0.0,0.0,0.0,0.0,0.0,0.0,0.0,0.0,0.0,0.0,0.0,0.0,0.0,0.0,0.0
2015-08-29 21:00:00,0.0,0.0,0.0,0.0,0.0,0.0,0.0,0.0,0.0,0.0,0.0,0.0,0.0,0.0,0.0,0.0,0.0
2015-08-29 22:00:00,0.0,0.0,0.0,0.0,0.0,0.0,0.0,0.0,0.0,0.0,0.0,0.0,0.0,0.0,0.0,0.0,0.0
2015-08-29 23:00:00,0.0,0.0,0.0,0.0,0.0,0.0,0.0,0.0,0.0,0.0,0.0,0.0,0.0,0.0,0.0,0.0,0.0
2015-08-30 00:00:00,0.0,0.0,0.0,0.0,0.0,0.0,0.0,0.0,0.0,0.0,0.0,0.0,0.0,0.0,0.0,0.0,0.0
2015-08-30 01:00:00,0.0,0.0,0.0,0.0,0.0,0.0,0.0,0.0,0.0,0.0,0.0,0.0,0.0,0.0,0.0,0.0,0.0
2015-08-30 02:00:00,0.0,0.0,0.0,0.0,0.0,0.0,0.0,0.0,0.0,0.0,0.0,0.0,0.0,0.0,0.0,0.0,0.0
2015-08-30 03:00:00,0.0,0.0,0.0,0.0,0.0,0.0,0.0,0.0,0.0,0.0,0.0,0.0,0.0,0.0,0.0,0.0,0.0
2015-08-30 04:00:00,0.0,0.0,0.0,0.0,0.0,0.0,0.0,0.0,0.0,0.0,0.0,0.0,0.0,0.0,0.0,0.0,0.0
2015-08-30 05:00:00,0.01,0.005,0.012,0.018,0.004,0.011,0.011,0.017,0.007,0.015,0.021,0.009,0.009,0.014,0.016,0.007,0.005
2015-08-30 06:00:00,0.04,0.033,0.042,0.048,0.031,0.04,0.052,0.048,0.036,0.048,0.053,0.047,0.039,0.043,0.049,0.036,0.034
2015-08-30 07:00:00,0.067,0.065,0.064,0.065,0.065,0.063,0.09,0.065,0.058,0.067,0.073,0.063,0.06,0.063,0.074,0.066,0.078
2015-08-30 08:00:00,0.088,0.08,0.081,0.078,0.076,0.083,0.089,0.076,0.076,0.077,0.09,0.108,0.081,0.077,0.103,0.093,0.101
2015-08-30 09:00:00,0.167,0.147,0.156,0.21,0.135,0.174,0.19,0.187,0.16,0.208,0.201,0.175,0.17,0.192,0.189,0.157,0.143
2015-08-30 10:00:00,0.291,0.278,0.285,0.342,0.263,0.299,0.322,0.314,0.292,0.339,0.322,0.281,0.303,0.321,0.293,0.281,0.268
2015-08-30 11:00:00,0.395,0.388,0.395,0.452,0.38,0.404,0.435,0.406,0.403,0.448,0.404,0.39,0.415,0.43,0.354,0.397,0.355
2015-08-30 12:00:00,0.46,0.485,0.478,0.526,0.466,0.496,0.49,0.481,0.493,0.52,0.434,0.434,0.497,0.509,0.387,0.483,0.335
2015-08-30 13:00:00,0.487,0.535,0.532,0.558,0.511,0.528,0.508,0.518,0.538,0.542,0.425,0.43,0.533,0.544,0.437,0.506,0.325
2015-08-30 14:00:00,0.481,0.544,0.51,0.544,0.536,0.469,0.52,0.523,0.547,0.526,0.483,0.297,0.523,0.522,0.422,0.513,0.341
2015-08-30 15:00:00,0.42,0.507,0.462,0.482,0.505,0.44,0.454,0.462,0.504,0.444,0.438,0.174,0.45,0.455,0.313,0.456,0.276
2015-08-30 16:00:00,0.332,0.417,0.341,0.345,0.422,0.351,0.38,0.33,0.405,0.334,0.314,0.14,0.365,0.342,0.15,0.392,0.246
2015-08-30 17:00:00,0.201,0.262,0.219,0.166,0.275,0.205,0.205,0.179,0.243,0.171,0.148,0.075,0.217,0.171,0.087,0.24,0.203
2015-08-30 18:00:00,0.046,0.106,0.025,0.0,0.112,0.0,0.0,0.0,0.002,0.0,0.0,0.018,0.0,0.0,0.0,0.069,0.1
2015-08-30 19:00:00,0.0,0.0,0.0,0.0,0.0,0.0,0.0,0.0,0.0,0.0,0.0,0.0,0.0,0.0,0.0,0.0,0.0
2015-08-30 20:00:00,0.0,0.0,0.0,0.0,0.0,0.0,0.0,0.0,0.0,0.0,0.0,0.0,0.0,0.0,0.0,0.0,0.0
2015-08-30 21:00:00,0.0,0.0,0.0,0.0,0.0,0.0,0.0,0.0,0.0,0.0,0.0,0.0,0.0,0.0,0.0,0.0,0.0
2015-08-30 22:00:00,0.0,0.0,0.0,0.0,0.0,0.0,0.0,0.0,0.0,0.0,0.0,0.0,0.0,0.0,0.0,0.0,0.0
2015-08-30 23:00:00,0.0,0.0,0.0,0.0,0.0,0.0,0.0,0.0,0.0,0.0,0.0,0.0,0.0,0.0,0.0,0.0,0.0
2015-08-31 00:00:00,0.0,0.0,0.0,0.0,0.0,0.0,0.0,0.0,0.0,0.0,0.0,0.0,0.0,0.0,0.0,0.0,0.0
2015-08-31 01:00:00,0.0,0.0,0.0,0.0,0.0,0.0,0.0,0.0,0.0,0.0,0.0,0.0,0.0,0.0,0.0,0.0,0.0
2015-08-31 02:00:00,0.0,0.0,0.0,0.0,0.0,0.0,0.0,0.0,0.0,0.0,0.0,0.0,0.0,0.0,0.0,0.0,0.0
2015-08-31 03:00:00,0.0,0.0,0.0,0.0,0.0,0.0,0.0,0.0,0.0,0.0,0.0,0.0,0.0,0.0,0.0,0.0,0.0
2015-08-31 04:00:00,0.0,0.0,0.0,0.0,0.0,0.0,0.0,0.0,0.0,0.0,0.0,0.0,0.0,0.0,0.0,0.0,0.0
2015-08-31 05:00:00,0.01,0.005,0.011,0.017,0.005,0.014,0.01,0.019,0.006,0.015,0.023,0.006,0.008,0.013,0.016,0.009,0.005
2015-08-31 06:00:00,0.046,0.037,0.044,0.051,0.036,0.057,0.04,0.061,0.038,0.042,0.056,0.036,0.038,0.041,0.053,0.049,0.041
2015-08-31 07:00:00,0.074,0.054,0.067,0.086,0.079,0.085,0.059,0.087,0.055,0.061,0.067,0.075,0.056,0.061,0.067,0.077,0.087
2015-08-31 08:00:00,0.094,0.068,0.086,0.098,0.093,0.099,0.072,0.099,0.069,0.073,0.084,0.107,0.069,0.073,0.091,0.094,0.137
2015-08-31 09:00:00,0.168,0.138,0.165,0.209,0.145,0.18,0.185,0.189,0.155,0.201,0.189,0.167,0.168,0.186,0.176,0.159,0.162
2015-08-31 10:00:00,0.286,0.275,0.29,0.331,0.265,0.303,0.325,0.309,0.293,0.334,0.293,0.266,0.305,0.32,0.279,0.279,0.258
2015-08-31 11:00:00,0.385,0.395,0.382,0.427,0.374,0.412,0.441,0.401,0.411,0.444,0.393,0.341,0.421,0.432,0.341,0.389,0.347
2015-08-31 12:00:00,0.467,0.485,0.459,0.492,0.462,0.492,0.523,0.463,0.498,0.519,0.478,0.434,0.505,0.51,0.431,0.468,0.429
2015-08-31 13:00:00,0.504,0.505,0.49,0.514,0.5,0.534,0.566,0.509,0.547,0.555,0.489,0.486,0.551,0.551,0.475,0.492,0.507
2015-08-31 14:00:00,0.488,0.478,0.465,0.508,0.49,0.5,0.565,0.491,0.554,0.547,0.486,0.492,0.555,0.547,0.483,0.451,0.502
2015-08-31 15:00:00,0.438,0.42,0.429,0.467,0.423,0.458,0.514,0.441,0.504,0.487,0.407,0.45,0.509,0.494,0.444,0.413,0.439
2015-08-31 16:00:00,0.348,0.372,0.287,0.352,0.356,0.36,0.401,0.307,0.412,0.366,0.28,0.342,0.402,0.381,0.328,0.351,0.37
2015-08-31 17:00:00,0.201,0.216,0.206,0.179,0.183,0.214,0.22,0.156,0.243,0.187,0.133,0.227,0.229,0.204,0.176,0.214,0.222
2015-08-31 18:00:00,0.028,0.06,0.004,0.0,0.076,0.0,0.0,0.0,0.0,0.0,0.0,0.04,0.0,0.0,0.0,0.03,0.075
2015-08-31 19:00:00,0.0,0.0,0.0,0.0,0.0,0.0,0.0,0.0,0.0,0.0,0.0,0.0,0.0,0.0,0.0,0.0,0.0
2015-08-31 20:00:00,0.0,0.0,0.0,0.0,0.0,0.0,0.0,0.0,0.0,0.0,0.0,0.0,0.0,0.0,0.0,0.0,0.0
2015-08-31 21:00:00,0.0,0.0,0.0,0.0,0.0,0.0,0.0,0.0,0.0,0.0,0.0,0.0,0.0,0.0,0.0,0.0,0.0
2015-08-31 22:00:00,0.0,0.0,0.0,0.0,0.0,0.0,0.0,0.0,0.0,0.0,0.0,0.0,0.0,0.0,0.0,0.0,0.0
2015-08-31 23:00:00,0.0,0.0,0.0,0.0,0.0,0.0,0.0,0.0,0.0,0.0,0.0,0.0,0.0,0.0,0.0,0.0,0.0
2015-09-01 00:00:00,0.0,0.0,0.0,0.0,0.0,0.0,0.0,0.0,0.0,0.0,0.0,0.0,0.0,0.0,0.0,0.0,0.0
2015-09-01 01:00:00,0.0,0.0,0.0,0.0,0.0,0.0,0.0,0.0,0.0,0.0,0.0,0.0,0.0,0.0,0.0,0.0,0.0
2015-09-01 02:00:00,0.0,0.0,0.0,0.0,0.0,0.0,0.0,0.0,0.0,0.0,0.0,0.0,0.0,0.0,0.0,0.0,0.0
2015-09-01 03:00:00,0.0,0.0,0.0,0.0,0.0,0.0,0.0,0.0,0.0,0.0,0.0,0.0,0.0,0.0,0.0,0.0,0.0
2015-09-01 04:00:00,0.0,0.0,0.0,0.0,0.0,0.0,0.0,0.0,0.0,0.0,0.0,0.0,0.0,0.0,0.0,0.0,0.0
2015-09-01 05:00:00,0.008,0.004,0.007,0.015,0.003,0.009,0.01,0.012,0.006,0.014,0.016,0.007,0.008,0.012,0.012,0.005,0.003
2015-09-01 06:00:00,0.035,0.031,0.033,0.042,0.029,0.038,0.039,0.039,0.035,0.042,0.041,0.034,0.037,0.04,0.038,0.033,0.029
2015-09-01 07:00:00,0.055,0.052,0.054,0.061,0.05,0.058,0.059,0.061,0.055,0.06,0.061,0.057,0.056,0.059,0.054,0.056,0.05
2015-09-01 08:00:00,0.072,0.075,0.08,0.073,0.064,0.07,0.072,0.076,0.073,0.072,0.075,0.075,0.07,0.072,0.071,0.074,0.064
2015-09-01 09:00:00,0.148,0.129,0.146,0.198,0.117,0.166,0.185,0.176,0.157,0.201,0.184,0.132,0.168,0.187,0.16,0.137,0.115
2015-09-01 10:00:00,0.28,0.263,0.267,0.331,0.255,0.299,0.328,0.308,0.278,0.337,0.309,0.267,0.302,0.324,0.287,0.267,0.251
2015-09-01 11:00:00,0.391,0.357,0.374,0.443,0.375,0.411,0.446,0.423,0.366,0.45,0.417,0.381,0.408,0.438,0.402,0.372,0.375
2015-09-01 12:00:00,0.445,0.387,0.436,0.518,0.455,0.444,0.524,0.496,0.367,0.527,0.497,0.463,0.394,0.507,0.478,0.386,0.465
2015-09-01 13:00:00,0.482,0.429,0.489,0.548,0.507,0.442,0.566,0.532,0.438,0.563,0.528,0.512,0.452,0.542,0.51,0.413,0.512
2015-09-01 14:00:00,0.468,0.442,0.479,0.546,0.471,0.41,0.564,0.519,0.423,0.554,0.506,0.462,0.424,0.533,0.502,0.409,0.494
2015-09-01 15:00:00,0.402,0.408,0.344,0.483,0.426,0.307,0.495,0.418,0.407,0.491,0.449,0.377,0.418,0.428,0.407,0.364,0.424
2015-09-01 16:00:00,0.335,0.356,0.327,0.356,0.344,0.271,0.395,0.316,0.332,0.372,0.338,0.346,0.306,0.356,0.294,0.335,0.347
2015-09-01 17:00:00,0.189,0.196,0.177,0.183,0.223,0.142,0.22,0.145,0.175,0.189,0.186,0.169,0.183,0.18,0.152,0.197,0.232
2015-09-01 18:00:00,0.023,0.045,0.0,0.0,0.081,0.0,0.0,0.0,0.0,0.0,0.0,0.019,0.0,0.0,0.0,0.02,0.068
2015-09-01 19:00:00,0.0,0.0,0.0,0.0,0.0,0.0,0.0,0.0,0.0,0.0,0.0,0.0,0.0,0.0,0.0,0.0,0.0
2015-09-01 20:00:00,0.0,0.0,0.0,0.0,0.0,0.0,0.0,0.0,0.0,0.0,0.0,0.0,0.0,0.0,0.0,0.0,0.0
2015-09-01 21:00:00,0.0,0.0,0.0,0.0,0.0,0.0,0.0,0.0,0.0,0.0,0.0,0.0,0.0,0.0,0.0,0.0,0.0
2015-09-01 22:00:00,0.0,0.0,0.0,0.0,0.0,0.0,0.0,0.0,0.0,0.0,0.0,0.0,0.0,0.0,0.0,0.0,0.0
2015-09-01 23:00:00,0.0,0.0,0.0,0.0,0.0,0.0,0.0,0.0,0.0,0.0,0.0,0.0,0.0,0.0,0.0,0.0,0.0
2015-09-02 00:00:00,0.0,0.0,0.0,0.0,0.0,0.0,0.0,0.0,0.0,0.0,0.0,0.0,0.0,0.0,0.0,0.0,0.0
2015-09-02 01:00:00,0.0,0.0,0.0,0.0,0.0,0.0,0.0,0.0,0.0,0.0,0.0,0.0,0.0,0.0,0.0,0.0,0.0
2015-09-02 02:00:00,0.0,0.0,0.0,0.0,0.0,0.0,0.0,0.0,0.0,0.0,0.0,0.0,0.0,0.0,0.0,0.0,0.0
2015-09-02 03:00:00,0.0,0.0,0.0,0.0,0.0,0.0,0.0,0.0,0.0,0.0,0.0,0.0,0.0,0.0,0.0,0.0,0.0
2015-09-02 04:00:00,0.0,0.0,0.0,0.0,0.0,0.0,0.0,0.0,0.0,0.0,0.0,0.0,0.0,0.0,0.0,0.0,0.0
2015-09-02 05:00:00,0.004,0.0,0.001,0.014,0.002,0.005,0.008,0.01,0.0,0.013,0.013,0.002,0.003,0.011,0.009,0.0,0.003
2015-09-02 06:00:00,0.029,0.029,0.011,0.041,0.046,0.027,0.039,0.04,0.011,0.042,0.039,0.023,0.019,0.041,0.038,0.013,0.034
2015-09-02 07:00:00,0.062,0.08,0.032,0.062,0.077,0.048,0.072,0.07,0.067,0.063,0.068,0.039,0.027,0.071,0.056,0.058,0.078
2015-09-02 08:00:00,0.092,0.108,0.048,0.08,0.094,0.074,0.085,0.094,0.109,0.078,0.087,0.065,0.054,0.106,0.072,0.111,0.114
2015-09-02 09:00:00,0.159,0.177,0.126,0.201,0.149,0.119,0.13,0.148,0.187,0.206,0.163,0.105,0.106,0.16,0.118,0.191,0.161
2015-09-02 10:00:00,0.244,0.286,0.217,0.317,0.275,0.182,0.157,0.182,0.264,0.32,0.206,0.193,0.156,0.215,0.138,0.288,0.264
2015-09-02 11:00:00,0.317,0.389,0.302,0.411,0.378,0.231,0.144,0.212,0.379,0.384,0.273,0.27,0.198,0.223,0.15,0.379,0.34
2015-09-02 12:00:00,0.378,0.459,0.41,0.435,0.44,0.368,0.163,0.214,0.416,0.44,0.308,0.382,0.312,0.288,0.148,0.452,0.378
2015-09-02 13:00:00,0.405,0.473,0.511,0.38,0.425,0.456,0.19,0.286,0.387,0.413,0.205,0.464,0.376,0.303,0.165,0.491,0.439
2015-09-02 14:00:00,0.409,0.448,0.505,0.325,0.487,0.456,0.141,0.327,0.335,0.375,0.205,0.511,0.293,0.28,0.223,0.497,0.416
2015-09-02 15:00:00,0.38,0.401,0.477,0.257,0.445,0.43,0.146,0.374,0.293,0.375,0.107,0.482,0.263,0.335,0.304,0.443,0.36
2015-09-02 16:00:00,0.275,0.267,0.379,0.16,0.269,0.272,0.112,0.255,0.22,0.229,0.108,0.392,0.185,0.25,0.266,0.329,0.266
2015-09-02 17:00:00,0.139,0.109,0.197,0.08,0.102,0.098,0.041,0.122,0.099,0.129,0.06,0.231,0.054,0.103,0.152,0.177,0.154
2015-09-02 18:00:00,0.008,0.0,0.0,0.0,0.02,0.0,0.0,0.0,0.0,0.0,0.0,0.001,0.0,0.0,0.0,0.003,0.061
2015-09-02 19:00:00,0.0,0.0,0.0,0.0,0.0,0.0,0.0,0.0,0.0,0.0,0.0,0.0,0.0,0.0,0.0,0.0,0.0
2015-09-02 20:00:00,0.0,0.0,0.0,0.0,0.0,0.0,0.0,0.0,0.0,0.0,0.0,0.0,0.0,0.0,0.0,0.0,0.0
2015-09-02 21:00:00,0.0,0.0,0.0,0.0,0.0,0.0,0.0,0.0,0.0,0.0,0.0,0.0,0.0,0.0,0.0,0.0,0.0
2015-09-02 22:00:00,0.0,0.0,0.0,0.0,0.0,0.0,0.0,0.0,0.0,0.0,0.0,0.0,0.0,0.0,0.0,0.0,0.0
2015-09-02 23:00:00,0.0,0.0,0.0,0.0,0.0,0.0,0.0,0.0,0.0,0.0,0.0,0.0,0.0,0.0,0.0,0.0,0.0
2015-09-03 00:00:00,0.0,0.0,0.0,0.0,0.0,0.0,0.0,0.0,0.0,0.0,0.0,0.0,0.0,0.0,0.0,0.0,0.0
2015-09-03 01:00:00,0.0,0.0,0.0,0.0,0.0,0.0,0.0,0.0,0.0,0.0,0.0,0.0,0.0,0.0,0.0,0.0,0.0
2015-09-03 02:00:00,0.0,0.0,0.0,0.0,0.0,0.0,0.0,0.0,0.0,0.0,0.0,0.0,0.0,0.0,0.0,0.0,0.0
2015-09-03 03:00:00,0.0,0.0,0.0,0.0,0.0,0.0,0.0,0.0,0.0,0.0,0.0,0.0,0.0,0.0,0.0,0.0,0.0
2015-09-03 04:00:00,0.0,0.0,0.0,0.0,0.0,0.0,0.0,0.0,0.0,0.0,0.0,0.0,0.0,0.0,0.0,0.0,0.0
2015-09-03 05:00:00,0.005,0.002,0.006,0.004,0.002,0.004,0.001,0.004,0.005,0.001,0.014,0.006,0.005,0.003,0.012,0.004,0.003
2015-09-03 06:00:00,0.037,0.035,0.04,0.026,0.031,0.038,0.02,0.035,0.044,0.015,0.056,0.041,0.045,0.03,0.053,0.036,0.033
2015-09-03 07:00:00,0.073,0.081,0.083,0.066,0.072,0.076,0.029,0.081,0.098,0.027,0.104,0.069,0.094,0.043,0.097,0.066,0.063
2015-09-03 08:00:00,0.107,0.122,0.129,0.106,0.119,0.124,0.074,0.119,0.127,0.044,0.127,0.079,0.133,0.102,0.118,0.098,0.091
2015-09-03 09:00:00,0.158,0.172,0.16,0.167,0.16,0.171,0.123,0.164,0.188,0.084,0.177,0.139,0.174,0.172,0.146,0.165,0.14
2015-09-03 10:00:00,0.25,0.278,0.245,0.312,0.268,0.238,0.161,0.258,0.304,0.149,0.253,0.223,0.239,0.273,0.244,0.244,0.248
2015-09-03 11:00:00,0.322,0.37,0.261,0.392,0.373,0.284,0.233,0.295,0.384,0.215,0.281,0.304,0.314,0.352,0.294,0.326,0.333
2015-09-03 12:00:00,0.379,0.41,0.331,0.445,0.394,0.34,0.286,0.327,0.344,0.257,0.301,0.356,0.318,0.408,0.333,0.436,0.398
2015-09-03 13:00:00,0.384,0.437,0.365,0.417,0.417,0.271,0.252,0.341,0.276,0.243,0.318,0.36,0.248,0.393,0.338,0.459,0.403
2015-09-03 14:00:00,0.335,0.376,0.322,0.381,0.413,0.22,0.126,0.343,0.221,0.191,0.318,0.344,0.115,0.253,0.297,0.396,0.312
2015-09-03 15:00:00,0.228,0.255,0.234,0.258,0.24,0.14,0.105,0.225,0.175,0.084,0.325,0.288,0.098,0.096,0.283,0.231,0.227
2015-09-03 16:00:00,0.139,0.167,0.216,0.191,0.087,0.096,0.049,0.163,0.126,0.073,0.193,0.24,0.077,0.088,0.182,0.102,0.134
2015-09-03 17:00:00,0.079,0.118,0.074,0.074,0.025,0.036,0.022,0.057,0.057,0.029,0.1,0.139,0.038,0.023,0.118,0.092,0.093
2015-09-03 18:00:00,0.0,0.0,0.0,0.0,0.0,0.0,0.0,0.0,0.0,0.0,0.0,0.0,0.0,0.0,0.0,0.0,0.004
2015-09-03 19:00:00,0.0,0.0,0.0,0.0,0.0,0.0,0.0,0.0,0.0,0.0,0.0,0.0,0.0,0.0,0.0,0.0,0.0
2015-09-03 20:00:00,0.0,0.0,0.0,0.0,0.0,0.0,0.0,0.0,0.0,0.0,0.0,0.0,0.0,0.0,0.0,0.0,0.0
2015-09-03 21:00:00,0.0,0.0,0.0,0.0,0.0,0.0,0.0,0.0,0.0,0.0,0.0,0.0,0.0,0.0,0.0,0.0,0.0
2015-09-03 22:00:00,0.0,0.0,0.0,0.0,0.0,0.0,0.0,0.0,0.0,0.0,0.0,0.0,0.0,0.0,0.0,0.0,0.0
2015-09-03 23:00:00,0.0,0.0,0.0,0.0,0.0,0.0,0.0,0.0,0.0,0.0,0.0,0.0,0.0,0.0,0.0,0.0,0.0
2015-09-04 00:00:00,0.0,0.0,0.0,0.0,0.0,0.0,0.0,0.0,0.0,0.0,0.0,0.0,0.0,0.0,0.0,0.0,0.0
2015-09-04 01:00:00,0.0,0.0,0.0,0.0,0.0,0.0,0.0,0.0,0.0,0.0,0.0,0.0,0.0,0.0,0.0,0.0,0.0
2015-09-04 02:00:00,0.0,0.0,0.0,0.0,0.0,0.0,0.0,0.0,0.0,0.0,0.0,0.0,0.0,0.0,0.0,0.0,0.0
2015-09-04 03:00:00,0.0,0.0,0.0,0.0,0.0,0.0,0.0,0.0,0.0,0.0,0.0,0.0,0.0,0.0,0.0,0.0,0.0
2015-09-04 04:00:00,0.0,0.0,0.0,0.0,0.0,0.0,0.0,0.0,0.0,0.0,0.0,0.0,0.0,0.0,0.0,0.0,0.0
2015-09-04 05:00:00,0.004,0.0,0.002,0.013,0.0,0.001,0.005,0.004,0.0,0.01,0.015,0.002,0.0,0.004,0.01,0.001,0.002
2015-09-04 06:00:00,0.028,0.021,0.034,0.047,0.027,0.016,0.03,0.024,0.012,0.048,0.049,0.023,0.005,0.025,0.046,0.02,0.031
2015-09-04 07:00:00,0.063,0.057,0.072,0.069,0.068,0.04,0.054,0.039,0.072,0.083,0.094,0.072,0.028,0.051,0.083,0.054,0.07
2015-09-04 08:00:00,0.095,0.11,0.12,0.058,0.131,0.087,0.075,0.041,0.109,0.087,0.103,0.085,0.07,0.039,0.104,0.095,0.106
2015-09-04 09:00:00,0.133,0.151,0.15,0.122,0.18,0.152,0.113,0.077,0.184,0.178,0.086,0.131,0.137,0.08,0.129,0.119,0.147
2015-09-04 10:00:00,0.185,0.247,0.16,0.137,0.267,0.209,0.187,0.131,0.263,0.253,0.089,0.198,0.262,0.118,0.124,0.152,0.246
2015-09-04 11:00:00,0.253,0.342,0.211,0.145,0.357,0.284,0.351,0.197,0.326,0.295,0.094,0.201,0.352,0.251,0.112,0.259,0.319
2015-09-04 12:00:00,0.295,0.406,0.181,0.141,0.427,0.292,0.39,0.252,0.386,0.305,0.139,0.246,0.318,0.302,0.164,0.303,0.401
2015-09-04 13:00:00,0.349,0.451,0.221,0.14,0.456,0.351,0.414,0.253,0.448,0.361,0.168,0.263,0.39,0.337,0.165,0.421,0.475
2015-09-04 14:00:00,0.365,0.477,0.342,0.206,0.455,0.304,0.351,0.295,0.499,0.392,0.179,0.312,0.331,0.306,0.188,0.424,0.466
2015-09-04 15:00:00,0.315,0.356,0.35,0.186,0.329,0.261,0.34,0.286,0.431,0.34,0.11,0.265,0.29,0.338,0.173,0.39,0.379
2015-09-04 16:00:00,0.265,0.37,0.247,0.161,0.337,0.22,0.298,0.239,0.364,0.266,0.109,0.226,0.278,0.26,0.158,0.288,0.312
2015-09-04 17:00:00,0.162,0.213,0.152,0.124,0.218,0.139,0.164,0.156,0.194,0.153,0.099,0.126,0.177,0.151,0.092,0.171,0.191
2015-09-04 18:00:00,0.006,0.0,0.0,0.0,0.016,0.0,0.0,0.0,0.0,0.0,0.0,0.0,0.0,0.0,0.0,0.0,0.042
2015-09-04 19:00:00,0.0,0.0,0.0,0.0,0.0,0.0,0.0,0.0,0.0,0.0,0.0,0.0,0.0,0.0,0.0,0.0,0.0
2015-09-04 20:00:00,0.0,0.0,0.0,0.0,0.0,0.0,0.0,0.0,0.0,0.0,0.0,0.0,0.0,0.0,0.0,0.0,0.0
2015-09-04 21:00:00,0.0,0.0,0.0,0.0,0.0,0.0,0.0,0.0,0.0,0.0,0.0,0.0,0.0,0.0,0.0,0.0,0.0
2015-09-04 22:00:00,0.0,0.0,0.0,0.0,0.0,0.0,0.0,0.0,0.0,0.0,0.0,0.0,0.0,0.0,0.0,0.0,0.0
2015-09-04 23:00:00,0.0,0.0,0.0,0.0,0.0,0.0,0.0,0.0,0.0,0.0,0.0,0.0,0.0,0.0,0.0,0.0,0.0
2015-09-05 00:00:00,0.0,0.0,0.0,0.0,0.0,0.0,0.0,0.0,0.0,0.0,0.0,0.0,0.0,0.0,0.0,0.0,0.0
2015-09-05 01:00:00,0.0,0.0,0.0,0.0,0.0,0.0,0.0,0.0,0.0,0.0,0.0,0.0,0.0,0.0,0.0,0.0,0.0
2015-09-05 02:00:00,0.0,0.0,0.0,0.0,0.0,0.0,0.0,0.0,0.0,0.0,0.0,0.0,0.0,0.0,0.0,0.0,0.0
2015-09-05 03:00:00,0.0,0.0,0.0,0.0,0.0,0.0,0.0,0.0,0.0,0.0,0.0,0.0,0.0,0.0,0.0,0.0,0.0
2015-09-05 04:00:00,0.0,0.0,0.0,0.0,0.0,0.0,0.0,0.0,0.0,0.0,0.0,0.0,0.0,0.0,0.0,0.0,0.0
2015-09-05 05:00:00,0.006,0.003,0.005,0.018,0.001,0.007,0.004,0.01,0.004,0.013,0.014,0.005,0.006,0.012,0.01,0.004,0.002
2015-09-05 06:00:00,0.04,0.043,0.035,0.063,0.029,0.044,0.027,0.043,0.048,0.061,0.043,0.033,0.046,0.061,0.039,0.037,0.031
2015-09-05 07:00:00,0.073,0.06,0.058,0.124,0.064,0.08,0.097,0.082,0.068,0.104,0.099,0.055,0.091,0.113,0.066,0.061,0.068
2015-09-05 08:00:00,0.098,0.08,0.081,0.156,0.093,0.102,0.132,0.117,0.09,0.132,0.142,0.073,0.117,0.163,0.093,0.079,0.086
2015-09-05 09:00:00,0.16,0.157,0.152,0.209,0.144,0.163,0.183,0.173,0.184,0.172,0.201,0.146,0.174,0.175,0.177,0.15,0.122
2015-09-05 10:00:00,0.234,0.285,0.255,0.203,0.211,0.253,0.224,0.212,0.309,0.19,0.263,0.254,0.212,0.225,0.278,0.238,0.166
2015-09-05 11:00:00,0.288,0.347,0.285,0.226,0.284,0.319,0.236,0.259,0.419,0.242,0.281,0.277,0.292,0.209,0.322,0.29,0.285
2015-09-05 12:00:00,0.341,0.289,0.366,0.266,0.355,0.43,0.284,0.324,0.484,0.297,0.332,0.309,0.419,0.287,0.347,0.329,0.402
2015-09-05 13:00:00,0.347,0.281,0.336,0.262,0.375,0.419,0.158,0.348,0.371,0.306,0.289,0.355,0.39,0.28,0.39,0.337,0.453
2015-09-05 14:00:00,0.35,0.357,0.408,0.29,0.392,0.391,0.108,0.401,0.282,0.201,0.352,0.364,0.359,0.171,0.359,0.343,0.404
2015-09-05 15:00:00,0.308,0.313,0.359,0.245,0.367,0.277,0.099,0.324,0.247,0.061,0.279,0.378,0.262,0.103,0.263,0.388,0.248
2015-09-05 16:00:00,0.206,0.253,0.259,0.119,0.245,0.166,0.052,0.193,0.151,0.019,0.228,0.272,0.15,0.051,0.233,0.254,0.136
2015-09-05 17:00:00,0.101,0.154,0.145,0.027,0.102,0.097,0.008,0.083,0.056,0.004,0.111,0.073,0.052,0.046,0.14,0.132,0.081
2015-09-05 18:00:00,0.001,0.0,0.0,0.0,0.0,0.0,0.0,0.0,0.0,0.0,0.0,0.0,0.0,0.0,0.0,0.0,0.011
2015-09-05 19:00:00,0.0,0.0,0.0,0.0,0.0,0.0,0.0,0.0,0.0,0.0,0.0,0.0,0.0,0.0,0.0,0.0,0.0
2015-09-05 20:00:00,0.0,0.0,0.0,0.0,0.0,0.0,0.0,0.0,0.0,0.0,0.0,0.0,0.0,0.0,0.0,0.0,0.0
2015-09-05 21:00:00,0.0,0.0,0.0,0.0,0.0,0.0,0.0,0.0,0.0,0.0,0.0,0.0,0.0,0.0,0.0,0.0,0.0
2015-09-05 22:00:00,0.0,0.0,0.0,0.0,0.0,0.0,0.0,0.0,0.0,0.0,0.0,0.0,0.0,0.0,0.0,0.0,0.0
2015-09-05 23:00:00,0.0,0.0,0.0,0.0,0.0,0.0,0.0,0.0,0.0,0.0,0.0,0.0,0.0,0.0,0.0,0.0,0.0
2015-09-06 00:00:00,0.0,0.0,0.0,0.0,0.0,0.0,0.0,0.0,0.0,0.0,0.0,0.0,0.0,0.0,0.0,0.0,0.0
2015-09-06 01:00:00,0.0,0.0,0.0,0.0,0.0,0.0,0.0,0.0,0.0,0.0,0.0,0.0,0.0,0.0,0.0,0.0,0.0
2015-09-06 02:00:00,0.0,0.0,0.0,0.0,0.0,0.0,0.0,0.0,0.0,0.0,0.0,0.0,0.0,0.0,0.0,0.0,0.0
2015-09-06 03:00:00,0.0,0.0,0.0,0.0,0.0,0.0,0.0,0.0,0.0,0.0,0.0,0.0,0.0,0.0,0.0,0.0,0.0
2015-09-06 04:00:00,0.0,0.0,0.0,0.0,0.0,0.0,0.0,0.0,0.0,0.0,0.0,0.0,0.0,0.0,0.0,0.0,0.0
2015-09-06 05:00:00,0.005,0.001,0.004,0.007,0.0,0.007,0.008,0.011,0.002,0.005,0.016,0.004,0.005,0.011,0.011,0.003,0.0
2015-09-06 06:00:00,0.039,0.033,0.043,0.054,0.018,0.045,0.052,0.049,0.04,0.054,0.057,0.038,0.047,0.058,0.052,0.036,0.021
2015-09-06 07:00:00,0.068,0.06,0.071,0.071,0.04,0.07,0.093,0.074,0.065,0.064,0.086,0.074,0.073,0.083,0.088,0.07,0.054
2015-09-06 08:00:00,0.1,0.102,0.106,0.112,0.094,0.09,0.128,0.096,0.102,0.121,0.109,0.11,0.1,0.116,0.111,0.101,0.063
2015-09-06 09:00:00,0.138,0.134,0.121,0.195,0.072,0.166,0.176,0.181,0.146,0.199,0.193,0.115,0.154,0.183,0.174,0.142,0.059
2015-09-06 10:00:00,0.194,0.181,0.195,0.279,0.084,0.272,0.279,0.263,0.299,0.224,0.299,0.117,0.304,0.226,0.259,0.175,0.112
2015-09-06 11:00:00,0.241,0.203,0.221,0.37,0.091,0.364,0.358,0.391,0.348,0.287,0.391,0.143,0.397,0.332,0.347,0.173,0.175
2015-09-06 12:00:00,0.255,0.189,0.169,0.395,0.09,0.374,0.439,0.384,0.372,0.291,0.439,0.142,0.447,0.404,0.357,0.151,0.327
2015-09-06 13:00:00,0.283,0.126,0.107,0.441,0.224,0.403,0.468,0.454,0.36,0.462,0.374,0.196,0.495,0.511,0.357,0.145,0.402
2015-09-06 14:00:00,0.264,0.098,0.095,0.44,0.251,0.333,0.426,0.402,0.195,0.449,0.432,0.166,0.353,0.472,0.337,0.183,0.271
2015-09-06 15:00:00,0.217,0.066,0.174,0.396,0.136,0.16,0.42,0.296,0.079,0.355,0.337,0.175,0.205,0.385,0.277,0.172,0.263
2015-09-06 16:00:00,0.15,0.071,0.213,0.24,0.136,0.107,0.235,0.161,0.041,0.231,0.234,0.191,0.116,0.262,0.159,0.114,0.122
2015-09-06 17:00:00,0.065,0.072,0.058,0.097,0.056,0.043,0.079,0.053,0.049,0.091,0.085,0.056,0.029,0.081,0.05,0.067,0.071
2015-09-06 18:00:00,0.0,0.0,0.0,0.0,0.0,0.0,0.0,0.0,0.0,0.0,0.0,0.0,0.0,0.0,0.0,0.0,0.0
2015-09-06 19:00:00,0.0,0.0,0.0,0.0,0.0,0.0,0.0,0.0,0.0,0.0,0.0,0.0,0.0,0.0,0.0,0.0,0.0
2015-09-06 20:00:00,0.0,0.0,0.0,0.0,0.0,0.0,0.0,0.0,0.0,0.0,0.0,0.0,0.0,0.0,0.0,0.0,0.0
2015-09-06 21:00:00,0.0,0.0,0.0,0.0,0.0,0.0,0.0,0.0,0.0,0.0,0.0,0.0,0.0,0.0,0.0,0.0,0.0
2015-09-06 22:00:00,0.0,0.0,0.0,0.0,0.0,0.0,0.0,0.0,0.0,0.0,0.0,0.0,0.0,0.0,0.0,0.0,0.0
2015-09-06 23:00:00,0.0,0.0,0.0,0.0,0.0,0.0,0.0,0.0,0.0,0.0,0.0,0.0,0.0,0.0,0.0,0.0,0.0
2015-09-07 00:00:00,0.0,0.0,0.0,0.0,0.0,0.0,0.0,0.0,0.0,0.0,0.0,0.0,0.0,0.0,0.0,0.0,0.0
2015-09-07 01:00:00,0.0,0.0,0.0,0.0,0.0,0.0,0.0,0.0,0.0,0.0,0.0,0.0,0.0,0.0,0.0,0.0,0.0
2015-09-07 02:00:00,0.0,0.0,0.0,0.0,0.0,0.0,0.0,0.0,0.0,0.0,0.0,0.0,0.0,0.0,0.0,0.0,0.0
2015-09-07 03:00:00,0.0,0.0,0.0,0.0,0.0,0.0,0.0,0.0,0.0,0.0,0.0,0.0,0.0,0.0,0.0,0.0,0.0
2015-09-07 04:00:00,0.0,0.0,0.0,0.0,0.0,0.0,0.0,0.0,0.0,0.0,0.0,0.0,0.0,0.0,0.0,0.0,0.0
2015-09-07 05:00:00,0.003,0.001,0.002,0.004,0.0,0.001,0.004,0.004,0.002,0.006,0.009,0.002,0.003,0.003,0.007,0.002,0.0
2015-09-07 06:00:00,0.029,0.027,0.02,0.028,0.024,0.018,0.035,0.021,0.035,0.043,0.051,0.022,0.032,0.03,0.042,0.029,0.025
2015-09-07 07:00:00,0.059,0.061,0.05,0.046,0.055,0.059,0.079,0.048,0.069,0.055,0.067,0.059,0.065,0.065,0.07,0.063,0.054
2015-09-07 08:00:00,0.086,0.092,0.085,0.074,0.085,0.083,0.089,0.068,0.091,0.117,0.089,0.093,0.084,0.105,0.085,0.084,0.084
2015-09-07 09:00:00,0.138,0.134,0.136,0.129,0.128,0.124,0.167,0.116,0.148,0.185,0.171,0.132,0.154,0.173,0.156,0.135,0.125
2015-09-07 10:00:00,0.21,0.207,0.219,0.134,0.219,0.14,0.256,0.133,0.232,0.279,0.275,0.188,0.254,0.255,0.237,0.206,0.228
2015-09-07 11:00:00,0.288,0.315,0.239,0.155,0.325,0.209,0.402,0.18,0.341,0.35,0.303,0.218,0.373,0.309,0.293,0.308,0.346
2015-09-07 12:00:00,0.336,0.377,0.282,0.175,0.373,0.255,0.5,0.205,0.452,0.316,0.357,0.205,0.442,0.277,0.322,0.392,0.4
2015-09-07 13:00:00,0.355,0.412,0.272,0.236,0.421,0.318,0.507,0.267,0.467,0.406,0.347,0.202,0.471,0.295,0.378,0.372,0.403
2015-09-07 14:00:00,0.331,0.377,0.279,0.185,0.422,0.332,0.499,0.234,0.385,0.437,0.309,0.174,0.435,0.331,0.31,0.34,0.382
2015-09-07 15:00:00,0.314,0.353,0.225,0.16,0.434,0.251,0.406,0.213,0.366,0.419,0.276,0.207,0.36,0.355,0.284,0.344,0.348
2015-09-07 16:00:00,0.215,0.29,0.065,0.13,0.362,0.158,0.283,0.114,0.284,0.277,0.146,0.151,0.239,0.261,0.159,0.22,0.28
2015-09-07 17:00:00,0.126,0.156,0.031,0.053,0.197,0.064,0.152,0.071,0.144,0.134,0.059,0.112,0.118,0.089,0.098,0.158,0.167
2015-09-07 18:00:00,0.0,0.0,0.0,0.0,0.0,0.0,0.0,0.0,0.0,0.0,0.0,0.0,0.0,0.0,0.0,0.0,0.0
2015-09-07 19:00:00,0.0,0.0,0.0,0.0,0.0,0.0,0.0,0.0,0.0,0.0,0.0,0.0,0.0,0.0,0.0,0.0,0.0
2015-09-07 20:00:00,0.0,0.0,0.0,0.0,0.0,0.0,0.0,0.0,0.0,0.0,0.0,0.0,0.0,0.0,0.0,0.0,0.0
2015-09-07 21:00:00,0.0,0.0,0.0,0.0,0.0,0.0,0.0,0.0,0.0,0.0,0.0,0.0,0.0,0.0,0.0,0.0,0.0
2015-09-07 22:00:00,0.0,0.0,0.0,0.0,0.0,0.0,0.0,0.0,0.0,0.0,0.0,0.0,0.0,0.0,0.0,0.0,0.0
2015-09-07 23:00:00,0.0,0.0,0.0,0.0,0.0,0.0,0.0,0.0,0.0,0.0,0.0,0.0,0.0,0.0,0.0,0.0,0.0
2015-09-08 00:00:00,0.0,0.0,0.0,0.0,0.0,0.0,0.0,0.0,0.0,0.0,0.0,0.0,0.0,0.0,0.0,0.0,0.0
2015-09-08 01:00:00,0.0,0.0,0.0,0.0,0.0,0.0,0.0,0.0,0.0,0.0,0.0,0.0,0.0,0.0,0.0,0.0,0.0
2015-09-08 02:00:00,0.0,0.0,0.0,0.0,0.0,0.0,0.0,0.0,0.0,0.0,0.0,0.0,0.0,0.0,0.0,0.0,0.0
2015-09-08 03:00:00,0.0,0.0,0.0,0.0,0.0,0.0,0.0,0.0,0.0,0.0,0.0,0.0,0.0,0.0,0.0,0.0,0.0
2015-09-08 04:00:00,0.0,0.0,0.0,0.0,0.0,0.0,0.0,0.0,0.0,0.0,0.0,0.0,0.0,0.0,0.0,0.0,0.0
2015-09-08 05:00:00,0.003,0.001,0.002,0.009,0.0,0.006,0.003,0.007,0.003,0.003,0.011,0.002,0.003,0.004,0.004,0.002,0.0
2015-09-08 06:00:00,0.036,0.038,0.037,0.05,0.034,0.051,0.032,0.046,0.042,0.019,0.053,0.028,0.041,0.037,0.029,0.035,0.026
2015-09-08 07:00:00,0.065,0.073,0.051,0.107,0.066,0.077,0.085,0.077,0.07,0.064,0.053,0.057,0.073,0.088,0.057,0.059,0.049
2015-09-08 08:00:00,0.098,0.093,0.086,0.158,0.101,0.118,0.115,0.117,0.097,0.122,0.069,0.089,0.097,0.132,0.092,0.087,0.087
2015-09-08 09:00:00,0.152,0.155,0.14,0.208,0.127,0.194,0.21,0.152,0.172,0.201,0.115,0.145,0.181,0.217,0.158,0.14,0.125
2015-09-08 10:00:00,0.215,0.272,0.18,0.227,0.226,0.223,0.27,0.166,0.262,0.277,0.165,0.229,0.25,0.265,0.227,0.19,0.204
2015-09-08 11:00:00,0.274,0.33,0.332,0.259,0.301,0.202,0.372,0.184,0.318,0.349,0.234,0.312,0.257,0.306,0.308,0.235,0.282
2015-09-08 12:00:00,0.317,0.359,0.397,0.193,0.323,0.273,0.386,0.243,0.281,0.409,0.319,0.341,0.255,0.279,0.334,0.304,0.364
2015-09-08 13:00:00,0.311,0.297,0.368,0.204,0.372,0.253,0.297,0.267,0.203,0.379,0.409,0.337,0.213,0.216,0.395,0.27,0.372
2015-09-08 14:00:00,0.333,0.32,0.375,0.195,0.373,0.253,0.201,0.268,0.17,0.308,0.382,0.346,0.14,0.161,0.386,0.368,0.425
2015-09-08 15:00:00,0.3,0.251,0.33,0.242,0.26,0.304,0.155,0.272,0.155,0.224,0.329,0.318,0.176,0.29,0.355,0.332,0.38
2015-09-08 16:00:00,0.189,0.148,0.196,0.185,0.108,0.178,0.08,0.17,0.148,0.14,0.212,0.225,0.158,0.228,0.222,0.218,0.224
2015-09-08 17:00:00,0.095,0.084,0.134,0.063,0.111,0.083,0.041,0.085,0.076,0.075,0.061,0.091,0.063,0.086,0.11,0.096,0.133
2015-09-08 18:00:00,0.0,0.0,0.0,0.0,0.0,0.0,0.0,0.0,0.0,0.0,0.0,0.0,0.0,0.0,0.0,0.0,0.0
2015-09-08 19:00:00,0.0,0.0,0.0,0.0,0.0,0.0,0.0,0.0,0.0,0.0,0.0,0.0,0.0,0.0,0.0,0.0,0.0
2015-09-08 20:00:00,0.0,0.0,0.0,0.0,0.0,0.0,0.0,0.0,0.0,0.0,0.0,0.0,0.0,0.0,0.0,0.0,0.0
2015-09-08 21:00:00,0.0,0.0,0.0,0.0,0.0,0.0,0.0,0.0,0.0,0.0,0.0,0.0,0.0,0.0,0.0,0.0,0.0
2015-09-08 22:00:00,0.0,0.0,0.0,0.0,0.0,0.0,0.0,0.0,0.0,0.0,0.0,0.0,0.0,0.0,0.0,0.0,0.0
2015-09-08 23:00:00,0.0,0.0,0.0,0.0,0.0,0.0,0.0,0.0,0.0,0.0,0.0,0.0,0.0,0.0,0.0,0.0,0.0
2015-09-09 00:00:00,0.0,0.0,0.0,0.0,0.0,0.0,0.0,0.0,0.0,0.0,0.0,0.0,0.0,0.0,0.0,0.0,0.0
2015-09-09 01:00:00,0.0,0.0,0.0,0.0,0.0,0.0,0.0,0.0,0.0,0.0,0.0,0.0,0.0,0.0,0.0,0.0,0.0
2015-09-09 02:00:00,0.0,0.0,0.0,0.0,0.0,0.0,0.0,0.0,0.0,0.0,0.0,0.0,0.0,0.0,0.0,0.0,0.0
2015-09-09 03:00:00,0.0,0.0,0.0,0.0,0.0,0.0,0.0,0.0,0.0,0.0,0.0,0.0,0.0,0.0,0.0,0.0,0.0
2015-09-09 04:00:00,0.0,0.0,0.0,0.0,0.0,0.0,0.0,0.0,0.0,0.0,0.0,0.0,0.0,0.0,0.0,0.0,0.0
2015-09-09 05:00:00,0.003,0.0,0.003,0.01,0.0,0.005,0.003,0.007,0.001,0.007,0.01,0.002,0.002,0.006,0.007,0.001,0.0
2015-09-09 06:00:00,0.035,0.027,0.035,0.053,0.026,0.041,0.037,0.04,0.035,0.047,0.043,0.027,0.039,0.044,0.043,0.034,0.024
2015-09-09 07:00:00,0.069,0.066,0.069,0.075,0.056,0.082,0.088,0.082,0.072,0.097,0.075,0.064,0.069,0.085,0.076,0.065,0.056
2015-09-09 08:00:00,0.109,0.109,0.115,0.141,0.09,0.13,0.124,0.119,0.108,0.106,0.113,0.107,0.111,0.12,0.109,0.109,0.087
2015-09-09 09:00:00,0.161,0.147,0.165,0.204,0.123,0.177,0.186,0.184,0.177,0.199,0.191,0.159,0.168,0.179,0.192,0.152,0.12
2015-09-09 10:00:00,0.256,0.261,0.241,0.285,0.232,0.258,0.275,0.297,0.267,0.292,0.285,0.234,0.249,0.278,0.279,0.245,0.233
2015-09-09 11:00:00,0.327,0.374,0.291,0.362,0.334,0.345,0.319,0.371,0.368,0.347,0.346,0.271,0.351,0.367,0.366,0.302,0.284
2015-09-09 12:00:00,0.363,0.414,0.298,0.416,0.362,0.359,0.389,0.405,0.408,0.421,0.38,0.354,0.39,0.347,0.415,0.337,0.302
2015-09-09 13:00:00,0.354,0.436,0.308,0.411,0.359,0.314,0.402,0.33,0.444,0.464,0.348,0.358,0.421,0.404,0.398,0.289,0.349
2015-09-09 14:00:00,0.328,0.338,0.32,0.401,0.286,0.252,0.371,0.317,0.42,0.442,0.329,0.34,0.434,0.385,0.394,0.265,0.358
2015-09-09 15:00:00,0.27,0.283,0.26,0.317,0.183,0.255,0.239,0.287,0.345,0.363,0.3,0.315,0.347,0.36,0.326,0.209,0.306
2015-09-09 16:00:00,0.187,0.232,0.186,0.203,0.149,0.157,0.16,0.193,0.203,0.208,0.186,0.17,0.22,0.24,0.221,0.156,0.227
2015-09-09 17:00:00,0.093,0.098,0.095,0.074,0.045,0.094,0.039,0.104,0.109,0.092,0.109,0.106,0.088,0.116,0.103,0.091,0.123
2015-09-09 18:00:00,0.0,0.0,0.0,0.0,0.0,0.0,0.0,0.0,0.0,0.0,0.0,0.0,0.0,0.0,0.0,0.0,0.0
2015-09-09 19:00:00,0.0,0.0,0.0,0.0,0.0,0.0,0.0,0.0,0.0,0.0,0.0,0.0,0.0,0.0,0.0,0.0,0.0
2015-09-09 20:00:00,0.0,0.0,0.0,0.0,0.0,0.0,0.0,0.0,0.0,0.0,0.0,0.0,0.0,0.0,0.0,0.0,0.0
2015-09-09 21:00:00,0.0,0.0,0.0,0.0,0.0,0.0,0.0,0.0,0.0,0.0,0.0,0.0,0.0,0.0,0.0,0.0,0.0
2015-09-09 22:00:00,0.0,0.0,0.0,0.0,0.0,0.0,0.0,0.0,0.0,0.0,0.0,0.0,0.0,0.0,0.0,0.0,0.0
2015-09-09 23:00:00,0.0,0.0,0.0,0.0,0.0,0.0,0.0,0.0,0.0,0.0,0.0,0.0,0.0,0.0,0.0,0.0,0.0
2015-09-10 00:00:00,0.0,0.0,0.0,0.0,0.0,0.0,0.0,0.0,0.0,0.0,0.0,0.0,0.0,0.0,0.0,0.0,0.0
2015-09-10 01:00:00,0.0,0.0,0.0,0.0,0.0,0.0,0.0,0.0,0.0,0.0,0.0,0.0,0.0,0.0,0.0,0.0,0.0
2015-09-10 02:00:00,0.0,0.0,0.0,0.0,0.0,0.0,0.0,0.0,0.0,0.0,0.0,0.0,0.0,0.0,0.0,0.0,0.0
2015-09-10 03:00:00,0.0,0.0,0.0,0.0,0.0,0.0,0.0,0.0,0.0,0.0,0.0,0.0,0.0,0.0,0.0,0.0,0.0
2015-09-10 04:00:00,0.0,0.0,0.0,0.0,0.0,0.0,0.0,0.0,0.0,0.0,0.0,0.0,0.0,0.0,0.0,0.0,0.0
2015-09-10 05:00:00,0.003,0.0,0.003,0.01,0.0,0.005,0.005,0.007,0.003,0.008,0.01,0.003,0.004,0.007,0.006,0.001,0.0
2015-09-10 06:00:00,0.033,0.03,0.032,0.047,0.026,0.037,0.037,0.038,0.038,0.042,0.04,0.03,0.038,0.042,0.036,0.031,0.026
2015-09-10 07:00:00,0.066,0.063,0.064,0.095,0.058,0.073,0.074,0.064,0.067,0.077,0.063,0.063,0.069,0.063,0.057,0.066,0.068
2015-09-10 08:00:00,0.092,0.094,0.08,0.136,0.083,0.09,0.111,0.084,0.094,0.102,0.08,0.089,0.077,0.078,0.071,0.096,0.107
2015-09-10 09:00:00,0.161,0.17,0.142,0.206,0.128,0.165,0.177,0.17,0.157,0.204,0.18,0.13,0.168,0.183,0.156,0.163,0.157
2015-09-10 10:00:00,0.269,0.253,0.275,0.31,0.235,0.294,0.266,0.291,0.291,0.317,0.304,0.251,0.296,0.301,0.285,0.258,0.243
2015-09-10 11:00:00,0.354,0.308,0.36,0.411,0.333,0.362,0.324,0.377,0.367,0.38,0.381,0.341,0.396,0.371,0.36,0.343,0.35
2015-09-10 12:00:00,0.411,0.383,0.416,0.439,0.371,0.464,0.275,0.449,0.389,0.423,0.455,0.438,0.424,0.431,0.434,0.382,0.442
2015-09-10 13:00:00,0.412,0.392,0.402,0.372,0.384,0.464,0.291,0.429,0.387,0.415,0.382,0.408,0.358,0.423,0.436,0.419,0.475
2015-09-10 14:00:00,0.357,0.311,0.418,0.273,0.34,0.476,0.215,0.378,0.191,0.395,0.272,0.436,0.211,0.432,0.336,0.358,0.424
2015-09-10 15:00:00,0.348,0.374,0.372,0.218,0.352,0.372,0.22,0.348,0.258,0.286,0.276,0.403,0.221,0.314,0.313,0.385,0.409
2015-09-10 16:00:00,0.239,0.267,0.293,0.147,0.269,0.181,0.185,0.19,0.134,0.188,0.185,0.282,0.205,0.221,0.186,0.285,0.256
2015-09-10 17:00:00,0.108,0.107,0.155,0.072,0.126,0.103,0.048,0.1,0.074,0.06,0.088,0.132,0.079,0.105,0.081,0.123,0.112
2015-09-10 18:00:00,0.0,0.0,0.0,0.0,0.0,0.0,0.0,0.0,0.0,0.0,0.0,0.0,0.0,0.0,0.0,0.0,0.0
2015-09-10 19:00:00,0.0,0.0,0.0,0.0,0.0,0.0,0.0,0.0,0.0,0.0,0.0,0.0,0.0,0.0,0.0,0.0,0.0
2015-09-10 20:00:00,0.0,0.0,0.0,0.0,0.0,0.0,0.0,0.0,0.0,0.0,0.0,0.0,0.0,0.0,0.0,0.0,0.0
2015-09-10 21:00:00,0.0,0.0,0.0,0.0,0.0,0.0,0.0,0.0,0.0,0.0,0.0,0.0,0.0,0.0,0.0,0.0,0.0
2015-09-10 22:00:00,0.0,0.0,0.0,0.0,0.0,0.0,0.0,0.0,0.0,0.0,0.0,0.0,0.0,0.0,0.0,0.0,0.0
2015-09-10 23:00:00,0.0,0.0,0.0,0.0,0.0,0.0,0.0,0.0,0.0,0.0,0.0,0.0,0.0,0.0,0.0,0.0,0.0
2015-09-11 00:00:00,0.0,0.0,0.0,0.0,0.0,0.0,0.0,0.0,0.0,0.0,0.0,0.0,0.0,0.0,0.0,0.0,0.0
2015-09-11 01:00:00,0.0,0.0,0.0,0.0,0.0,0.0,0.0,0.0,0.0,0.0,0.0,0.0,0.0,0.0,0.0,0.0,0.0
2015-09-11 02:00:00,0.0,0.0,0.0,0.0,0.0,0.0,0.0,0.0,0.0,0.0,0.0,0.0,0.0,0.0,0.0,0.0,0.0
2015-09-11 03:00:00,0.0,0.0,0.0,0.0,0.0,0.0,0.0,0.0,0.0,0.0,0.0,0.0,0.0,0.0,0.0,0.0,0.0
2015-09-11 04:00:00,0.0,0.0,0.0,0.0,0.0,0.0,0.0,0.0,0.0,0.0,0.0,0.0,0.0,0.0,0.0,0.0,0.0
2015-09-11 05:00:00,0.003,0.0,0.003,0.01,0.0,0.004,0.001,0.008,0.001,0.005,0.009,0.003,0.001,0.004,0.007,0.001,0.0
2015-09-11 06:00:00,0.035,0.021,0.043,0.046,0.021,0.046,0.023,0.052,0.026,0.043,0.043,0.045,0.02,0.041,0.044,0.031,0.028
2015-09-11 07:00:00,0.072,0.054,0.094,0.084,0.055,0.093,0.062,0.094,0.068,0.055,0.062,0.084,0.073,0.076,0.068,0.067,0.072
2015-09-11 08:00:00,0.11,0.115,0.13,0.111,0.114,0.108,0.11,0.112,0.111,0.102,0.099,0.118,0.112,0.115,0.097,0.116,0.085
2015-09-11 09:00:00,0.16,0.151,0.189,0.195,0.135,0.168,0.182,0.184,0.167,0.181,0.184,0.159,0.184,0.197,0.162,0.156,0.105
2015-09-11 10:00:00,0.252,0.222,0.283,0.3,0.191,0.262,0.232,0.297,0.26,0.232,0.299,0.272,0.276,0.258,0.289,0.259,0.176
2015-09-11 11:00:00,0.317,0.297,0.326,0.349,0.261,0.318,0.272,0.38,0.364,0.248,0.368,0.371,0.361,0.259,0.389,0.321,0.228
2015-09-11 12:00:00,0.355,0.335,0.386,0.337,0.277,0.36,0.264,0.388,0.363,0.283,0.379,0.382,0.348,0.276,0.442,0.387,0.305
2015-09-11 13:00:00,0.37,0.391,0.371,0.247,0.355,0.341,0.206,0.326,0.364,0.177,0.42,0.412,0.306,0.212,0.47,0.436,0.326
2015-09-11 14:00:00,0.333,0.351,0.391,0.18,0.391,0.18,0.113,0.257,0.223,0.063,0.44,0.398,0.139,0.132,0.473,0.378,0.358
2015-09-11 15:00:00,0.246,0.248,0.267,0.097,0.31,0.083,0.03,0.19,0.169,0.034,0.354,0.356,0.049,0.052,0.402,0.229,0.375
2015-09-11 16:00:00,0.139,0.132,0.141,0.043,0.201,0.033,0.012,0.072,0.095,0.018,0.204,0.238,0.022,0.014,0.233,0.095,0.294
2015-09-11 17:00:00,0.052,0.041,0.067,0.013,0.045,0.005,0.002,0.023,0.046,0.002,0.088,0.107,0.008,0.003,0.103,0.03,0.123
2015-09-11 18:00:00,0.0,0.0,0.0,0.0,0.0,0.0,0.0,0.0,0.0,0.0,0.0,0.0,0.0,0.0,0.0,0.0,0.0
2015-09-11 19:00:00,0.0,0.0,0.0,0.0,0.0,0.0,0.0,0.0,0.0,0.0,0.0,0.0,0.0,0.0,0.0,0.0,0.0
2015-09-11 20:00:00,0.0,0.0,0.0,0.0,0.0,0.0,0.0,0.0,0.0,0.0,0.0,0.0,0.0,0.0,0.0,0.0,0.0
2015-09-11 21:00:00,0.0,0.0,0.0,0.0,0.0,0.0,0.0,0.0,0.0,0.0,0.0,0.0,0.0,0.0,0.0,0.0,0.0
2015-09-11 22:00:00,0.0,0.0,0.0,0.0,0.0,0.0,0.0,0.0,0.0,0.0,0.0,0.0,0.0,0.0,0.0,0.0,0.0
2015-09-11 23:00:00,0.0,0.0,0.0,0.0,0.0,0.0,0.0,0.0,0.0,0.0,0.0,0.0,0.0,0.0,0.0,0.0,0.0
2015-09-12 00:00:00,0.0,0.0,0.0,0.0,0.0,0.0,0.0,0.0,0.0,0.0,0.0,0.0,0.0,0.0,0.0,0.0,0.0
2015-09-12 01:00:00,0.0,0.0,0.0,0.0,0.0,0.0,0.0,0.0,0.0,0.0,0.0,0.0,0.0,0.0,0.0,0.0,0.0
2015-09-12 02:00:00,0.0,0.0,0.0,0.0,0.0,0.0,0.0,0.0,0.0,0.0,0.0,0.0,0.0,0.0,0.0,0.0,0.0
2015-09-12 03:00:00,0.0,0.0,0.0,0.0,0.0,0.0,0.0,0.0,0.0,0.0,0.0,0.0,0.0,0.0,0.0,0.0,0.0
2015-09-12 04:00:00,0.0,0.0,0.0,0.0,0.0,0.0,0.0,0.0,0.0,0.0,0.0,0.0,0.0,0.0,0.0,0.0,0.0
2015-09-12 05:00:00,0.001,0.0,0.0,0.002,0.0,0.0,0.0,0.001,0.0,0.0,0.004,0.001,0.0,0.0,0.002,0.0,0.0
2015-09-12 06:00:00,0.023,0.027,0.02,0.024,0.022,0.013,0.018,0.024,0.031,0.016,0.032,0.033,0.019,0.014,0.035,0.02,0.02
2015-09-12 07:00:00,0.054,0.062,0.041,0.032,0.056,0.048,0.062,0.037,0.066,0.026,0.068,0.071,0.066,0.04,0.061,0.054,0.06
2015-09-12 08:00:00,0.078,0.086,0.065,0.046,0.081,0.066,0.096,0.053,0.096,0.046,0.101,0.081,0.091,0.064,0.098,0.078,0.089
2015-09-12 09:00:00,0.122,0.141,0.111,0.076,0.121,0.102,0.154,0.068,0.178,0.059,0.172,0.094,0.154,0.116,0.151,0.133,0.128
2015-09-12 10:00:00,0.193,0.266,0.143,0.08,0.252,0.143,0.259,0.069,0.248,0.08,0.213,0.142,0.245,0.136,0.182,0.232,0.215
2015-09-12 11:00:00,0.254,0.374,0.195,0.078,0.363,0.197,0.358,0.078,0.331,0.115,0.2,0.199,0.365,0.163,0.19,0.318,0.284
2015-09-12 12:00:00,0.303,0.439,0.266,0.098,0.43,0.276,0.404,0.086,0.405,0.197,0.188,0.254,0.392,0.252,0.161,0.384,0.337
2015-09-12 13:00:00,0.292,0.426,0.228,0.109,0.428,0.252,0.415,0.09,0.461,0.188,0.154,0.175,0.437,0.245,0.122,0.395,0.306
2015-09-12 14:00:00,0.276,0.401,0.282,0.063,0.38,0.263,0.351,0.07,0.453,0.207,0.072,0.145,0.418,0.227,0.067,0.382,0.355
2015-09-12 15:00:00,0.267,0.411,0.224,0.041,0.38,0.226,0.349,0.055,0.422,0.179,0.077,0.181,0.408,0.219,0.054,0.362,0.383
2015-09-12 16:00:00,0.19,0.325,0.107,0.023,0.346,0.17,0.233,0.037,0.3,0.146,0.044,0.126,0.24,0.151,0.037,0.231,0.283
2015-09-12 17:00:00,0.108,0.169,0.082,0.009,0.196,0.074,0.118,0.009,0.148,0.049,0.014,0.053,0.124,0.063,0.02,0.152,0.173
2015-09-12 18:00:00,0.0,0.0,0.0,0.0,0.0,0.0,0.0,0.0,0.0,0.0,0.0,0.0,0.0,0.0,0.0,0.0,0.0
2015-09-12 19:00:00,0.0,0.0,0.0,0.0,0.0,0.0,0.0,0.0,0.0,0.0,0.0,0.0,0.0,0.0,0.0,0.0,0.0
2015-09-12 20:00:00,0.0,0.0,0.0,0.0,0.0,0.0,0.0,0.0,0.0,0.0,0.0,0.0,0.0,0.0,0.0,0.0,0.0
2015-09-12 21:00:00,0.0,0.0,0.0,0.0,0.0,0.0,0.0,0.0,0.0,0.0,0.0,0.0,0.0,0.0,0.0,0.0,0.0
2015-09-12 22:00:00,0.0,0.0,0.0,0.0,0.0,0.0,0.0,0.0,0.0,0.0,0.0,0.0,0.0,0.0,0.0,0.0,0.0
2015-09-12 23:00:00,0.0,0.0,0.0,0.0,0.0,0.0,0.0,0.0,0.0,0.0,0.0,0.0,0.0,0.0,0.0,0.0,0.0
2015-09-13 00:00:00,0.0,0.0,0.0,0.0,0.0,0.0,0.0,0.0,0.0,0.0,0.0,0.0,0.0,0.0,0.0,0.0,0.0
2015-09-13 01:00:00,0.0,0.0,0.0,0.0,0.0,0.0,0.0,0.0,0.0,0.0,0.0,0.0,0.0,0.0,0.0,0.0,0.0
2015-09-13 02:00:00,0.0,0.0,0.0,0.0,0.0,0.0,0.0,0.0,0.0,0.0,0.0,0.0,0.0,0.0,0.0,0.0,0.0
2015-09-13 03:00:00,0.0,0.0,0.0,0.0,0.0,0.0,0.0,0.0,0.0,0.0,0.0,0.0,0.0,0.0,0.0,0.0,0.0
2015-09-13 04:00:00,0.0,0.0,0.0,0.0,0.0,0.0,0.0,0.0,0.0,0.0,0.0,0.0,0.0,0.0,0.0,0.0,0.0
2015-09-13 05:00:00,0.002,0.0,0.001,0.005,0.0,0.003,0.003,0.004,0.0,0.006,0.004,0.001,0.002,0.005,0.004,0.0,0.0
2015-09-13 06:00:00,0.033,0.032,0.031,0.042,0.03,0.035,0.037,0.041,0.029,0.04,0.041,0.029,0.031,0.038,0.037,0.031,0.025
2015-09-13 07:00:00,0.068,0.052,0.071,0.076,0.049,0.072,0.105,0.073,0.064,0.084,0.072,0.064,0.069,0.093,0.063,0.07,0.07
2015-09-13 08:00:00,0.111,0.082,0.124,0.128,0.111,0.118,0.151,0.117,0.081,0.147,0.124,0.112,0.093,0.144,0.098,0.105,0.112
2015-09-13 09:00:00,0.152,0.125,0.182,0.171,0.113,0.178,0.186,0.166,0.146,0.196,0.16,0.159,0.166,0.203,0.138,0.151,0.134
2015-09-13 10:00:00,0.244,0.264,0.245,0.239,0.247,0.272,0.315,0.238,0.281,0.267,0.185,0.225,0.295,0.294,0.19,0.264,0.198
2015-09-13 11:00:00,0.321,0.384,0.315,0.243,0.356,0.368,0.429,0.286,0.396,0.335,0.161,0.273,0.399,0.395,0.202,0.367,0.294
2015-09-13 12:00:00,0.375,0.456,0.328,0.25,0.423,0.428,0.511,0.319,0.471,0.43,0.145,0.298,0.484,0.467,0.223,0.438,0.381
2015-09-13 13:00:00,0.355,0.448,0.25,0.241,0.403,0.419,0.544,0.316,0.49,0.484,0.102,0.305,0.498,0.523,0.192,0.39,0.365
2015-09-13 14:00:00,0.329,0.433,0.135,0.262,0.399,0.408,0.531,0.316,0.456,0.435,0.113,0.29,0.505,0.492,0.174,0.351,0.319
2015-09-13 15:00:00,0.262,0.379,0.105,0.228,0.376,0.359,0.467,0.278,0.379,0.317,0.092,0.16,0.442,0.401,0.132,0.281,0.17
2015-09-13 16:00:00,0.188,0.276,0.088,0.173,0.298,0.263,0.328,0.197,0.285,0.216,0.06,0.117,0.292,0.287,0.079,0.187,0.133
2015-09-13 17:00:00,0.092,0.154,0.057,0.079,0.166,0.083,0.144,0.069,0.143,0.118,0.028,0.054,0.124,0.108,0.052,0.084,0.082
2015-09-13 18:00:00,0.0,0.0,0.0,0.0,0.0,0.0,0.0,0.0,0.0,0.0,0.0,0.0,0.0,0.0,0.0,0.0,0.0
2015-09-13 19:00:00,0.0,0.0,0.0,0.0,0.0,0.0,0.0,0.0,0.0,0.0,0.0,0.0,0.0,0.0,0.0,0.0,0.0
2015-09-13 20:00:00,0.0,0.0,0.0,0.0,0.0,0.0,0.0,0.0,0.0,0.0,0.0,0.0,0.0,0.0,0.0,0.0,0.0
2015-09-13 21:00:00,0.0,0.0,0.0,0.0,0.0,0.0,0.0,0.0,0.0,0.0,0.0,0.0,0.0,0.0,0.0,0.0,0.0
2015-09-13 22:00:00,0.0,0.0,0.0,0.0,0.0,0.0,0.0,0.0,0.0,0.0,0.0,0.0,0.0,0.0,0.0,0.0,0.0
2015-09-13 23:00:00,0.0,0.0,0.0,0.0,0.0,0.0,0.0,0.0,0.0,0.0,0.0,0.0,0.0,0.0,0.0,0.0,0.0
2015-09-14 00:00:00,0.0,0.0,0.0,0.0,0.0,0.0,0.0,0.0,0.0,0.0,0.0,0.0,0.0,0.0,0.0,0.0,0.0
2015-09-14 01:00:00,0.0,0.0,0.0,0.0,0.0,0.0,0.0,0.0,0.0,0.0,0.0,0.0,0.0,0.0,0.0,0.0,0.0
2015-09-14 02:00:00,0.0,0.0,0.0,0.0,0.0,0.0,0.0,0.0,0.0,0.0,0.0,0.0,0.0,0.0,0.0,0.0,0.0
2015-09-14 03:00:00,0.0,0.0,0.0,0.0,0.0,0.0,0.0,0.0,0.0,0.0,0.0,0.0,0.0,0.0,0.0,0.0,0.0
2015-09-14 04:00:00,0.0,0.0,0.0,0.0,0.0,0.0,0.0,0.0,0.0,0.0,0.0,0.0,0.0,0.0,0.0,0.0,0.0
2015-09-14 05:00:00,0.002,0.0,0.001,0.007,0.0,0.002,0.003,0.004,0.0,0.006,0.006,0.001,0.002,0.004,0.004,0.0,0.0
2015-09-14 06:00:00,0.03,0.024,0.029,0.04,0.022,0.033,0.044,0.036,0.028,0.039,0.039,0.03,0.038,0.04,0.035,0.027,0.024
2015-09-14 07:00:00,0.061,0.052,0.061,0.093,0.047,0.058,0.058,0.074,0.055,0.073,0.077,0.066,0.055,0.06,0.078,0.054,0.053
2015-09-14 08:00:00,0.088,0.076,0.084,0.13,0.065,0.078,0.072,0.111,0.076,0.09,0.13,0.101,0.073,0.073,0.124,0.074,0.075
2015-09-14 09:00:00,0.145,0.131,0.128,0.195,0.122,0.153,0.16,0.182,0.139,0.193,0.198,0.145,0.145,0.168,0.178,0.124,0.114
2015-09-14 10:00:00,0.255,0.262,0.232,0.281,0.243,0.261,0.297,0.291,0.264,0.323,0.26,0.252,0.262,0.301,0.258,0.241,0.227
2015-09-14 11:00:00,0.357,0.336,0.352,0.343,0.34,0.364,0.412,0.373,0.357,0.429,0.339,0.361,0.344,0.418,0.341,0.362,0.346
2015-09-14 12:00:00,0.37,0.284,0.388,0.338,0.292,0.351,0.49,0.402,0.361,0.431,0.356,0.421,0.398,0.436,0.416,0.357,0.417
2015-09-14 13:00:00,0.305,0.18,0.39,0.265,0.206,0.323,0.491,0.352,0.28,0.491,0.256,0.469,0.357,0.463,0.39,0.205,0.388
2015-09-14 14:00:00,0.232,0.136,0.291,0.256,0.117,0.259,0.378,0.333,0.181,0.44,0.168,0.468,0.202,0.35,0.34,0.131,0.239
2015-09-14 15:00:00,0.154,0.091,0.118,0.237,0.085,0.124,0.237,0.233,0.092,0.385,0.093,0.372,0.093,0.309,0.251,0.073,0.12
2015-09-14 16:00:00,0.086,0.042,0.045,0.211,0.064,0.037,0.063,0.158,0.088,0.245,0.082,0.147,0.042,0.145,0.158,0.04,0.038
2015-09-14 17:00:00,0.024,0.035,0.003,0.096,0.012,0.001,0.011,0.051,0.024,0.068,0.059,0.009,0.019,0.026,0.054,0.004,0.007
2015-09-14 18:00:00,0.0,0.0,0.0,0.0,0.0,0.0,0.0,0.0,0.0,0.0,0.0,0.0,0.0,0.0,0.0,0.0,0.0
2015-09-14 19:00:00,0.0,0.0,0.0,0.0,0.0,0.0,0.0,0.0,0.0,0.0,0.0,0.0,0.0,0.0,0.0,0.0,0.0
2015-09-14 20:00:00,0.0,0.0,0.0,0.0,0.0,0.0,0.0,0.0,0.0,0.0,0.0,0.0,0.0,0.0,0.0,0.0,0.0
2015-09-14 21:00:00,0.0,0.0,0.0,0.0,0.0,0.0,0.0,0.0,0.0,0.0,0.0,0.0,0.0,0.0,0.0,0.0,0.0
2015-09-14 22:00:00,0.0,0.0,0.0,0.0,0.0,0.0,0.0,0.0,0.0,0.0,0.0,0.0,0.0,0.0,0.0,0.0,0.0
2015-09-14 23:00:00,0.0,0.0,0.0,0.0,0.0,0.0,0.0,0.0,0.0,0.0,0.0,0.0,0.0,0.0,0.0,0.0,0.0
2015-09-15 00:00:00,0.0,0.0,0.0,0.0,0.0,0.0,0.0,0.0,0.0,0.0,0.0,0.0,0.0,0.0,0.0,0.0,0.0
2015-09-15 01:00:00,0.0,0.0,0.0,0.0,0.0,0.0,0.0,0.0,0.0,0.0,0.0,0.0,0.0,0.0,0.0,0.0,0.0
2015-09-15 02:00:00,0.0,0.0,0.0,0.0,0.0,0.0,0.0,0.0,0.0,0.0,0.0,0.0,0.0,0.0,0.0,0.0,0.0
2015-09-15 03:00:00,0.0,0.0,0.0,0.0,0.0,0.0,0.0,0.0,0.0,0.0,0.0,0.0,0.0,0.0,0.0,0.0,0.0
2015-09-15 04:00:00,0.0,0.0,0.0,0.0,0.0,0.0,0.0,0.0,0.0,0.0,0.0,0.0,0.0,0.0,0.0,0.0,0.0
2015-09-15 05:00:00,0.001,0.0,0.0,0.003,0.0,0.002,0.002,0.002,0.0,0.003,0.002,0.0,0.001,0.003,0.001,0.0,0.0
2015-09-15 06:00:00,0.028,0.028,0.027,0.036,0.015,0.035,0.033,0.032,0.036,0.033,0.032,0.026,0.035,0.034,0.023,0.029,0.023
2015-09-15 07:00:00,0.062,0.057,0.067,0.071,0.064,0.077,0.067,0.065,0.063,0.066,0.058,0.064,0.074,0.073,0.064,0.054,0.054
2015-09-15 08:00:00,0.088,0.086,0.067,0.098,0.089,0.097,0.096,0.096,0.089,0.088,0.097,0.087,0.092,0.098,0.083,0.093,0.068
2015-09-15 09:00:00,0.139,0.093,0.119,0.181,0.105,0.171,0.14,0.177,0.121,0.164,0.174,0.139,0.138,0.175,0.155,0.142,0.104
2015-09-15 10:00:00,0.223,0.131,0.248,0.292,0.197,0.256,0.248,0.283,0.165,0.272,0.228,0.239,0.228,0.283,0.266,0.187,0.234
2015-09-15 11:00:00,0.288,0.172,0.318,0.327,0.293,0.311,0.294,0.349,0.207,0.386,0.287,0.312,0.25,0.348,0.361,0.219,0.363
2015-09-15 12:00:00,0.336,0.261,0.4,0.3,0.318,0.296,0.361,0.353,0.287,0.419,0.3,0.4,0.234,0.382,0.378,0.288,0.45
2015-09-15 13:00:00,0.382,0.404,0.45,0.3,0.364,0.376,0.366,0.399,0.344,0.435,0.323,0.471,0.282,0.343,0.405,0.346,0.457
2015-09-15 14:00:00,0.388,0.452,0.412,0.243,0.38,0.317,0.414,0.411,0.305,0.403,0.313,0.464,0.272,0.35,0.419,0.397,0.419
2015-09-15 15:00:00,0.271,0.299,0.317,0.162,0.179,0.165,0.325,0.257,0.159,0.296,0.284,0.314,0.166,0.29,0.39,0.296,0.271
2015-09-15 16:00:00,0.132,0.061,0.157,0.198,0.053,0.084,0.256,0.185,0.038,0.229,0.219,0.113,0.139,0.196,0.271,0.102,0.097
2015-09-15 17:00:00,0.036,0.009,0.029,0.05,0.01,0.013,0.086,0.058,0.002,0.093,0.099,0.023,0.038,0.076,0.102,0.013,0.025
2015-09-15 18:00:00,0.0,0.0,0.0,0.0,0.0,0.0,0.0,0.0,0.0,0.0,0.0,0.0,0.0,0.0,0.0,0.0,0.0
2015-09-15 19:00:00,0.0,0.0,0.0,0.0,0.0,0.0,0.0,0.0,0.0,0.0,0.0,0.0,0.0,0.0,0.0,0.0,0.0
2015-09-15 20:00:00,0.0,0.0,0.0,0.0,0.0,0.0,0.0,0.0,0.0,0.0,0.0,0.0,0.0,0.0,0.0,0.0,0.0
2015-09-15 21:00:00,0.0,0.0,0.0,0.0,0.0,0.0,0.0,0.0,0.0,0.0,0.0,0.0,0.0,0.0,0.0,0.0,0.0
2015-09-15 22:00:00,0.0,0.0,0.0,0.0,0.0,0.0,0.0,0.0,0.0,0.0,0.0,0.0,0.0,0.0,0.0,0.0,0.0
2015-09-15 23:00:00,0.0,0.0,0.0,0.0,0.0,0.0,0.0,0.0,0.0,0.0,0.0,0.0,0.0,0.0,0.0,0.0,0.0
2015-09-16 00:00:00,0.0,0.0,0.0,0.0,0.0,0.0,0.0,0.0,0.0,0.0,0.0,0.0,0.0,0.0,0.0,0.0,0.0
2015-09-16 01:00:00,0.0,0.0,0.0,0.0,0.0,0.0,0.0,0.0,0.0,0.0,0.0,0.0,0.0,0.0,0.0,0.0,0.0
2015-09-16 02:00:00,0.0,0.0,0.0,0.0,0.0,0.0,0.0,0.0,0.0,0.0,0.0,0.0,0.0,0.0,0.0,0.0,0.0
2015-09-16 03:00:00,0.0,0.0,0.0,0.0,0.0,0.0,0.0,0.0,0.0,0.0,0.0,0.0,0.0,0.0,0.0,0.0,0.0
2015-09-16 04:00:00,0.0,0.0,0.0,0.0,0.0,0.0,0.0,0.0,0.0,0.0,0.0,0.0,0.0,0.0,0.0,0.0,0.0
2015-09-16 05:00:00,0.001,0.0,0.0,0.004,0.0,0.001,0.002,0.003,0.0,0.003,0.005,0.0,0.0,0.003,0.001,0.0,0.0
2015-09-16 06:00:00,0.031,0.024,0.029,0.04,0.028,0.031,0.044,0.033,0.031,0.035,0.039,0.04,0.035,0.03,0.026,0.028,0.032
2015-09-16 07:00:00,0.066,0.072,0.066,0.063,0.073,0.065,0.066,0.064,0.053,0.063,0.063,0.067,0.05,0.058,0.065,0.064,0.072
2015-09-16 08:00:00,0.096,0.119,0.095,0.075,0.094,0.089,0.083,0.09,0.095,0.079,0.081,0.105,0.071,0.073,0.092,0.102,0.107
2015-09-16 09:00:00,0.143,0.141,0.145,0.16,0.111,0.151,0.162,0.162,0.139,0.168,0.151,0.151,0.144,0.165,0.141,0.143,0.123
2015-09-16 10:00:00,0.253,0.259,0.255,0.292,0.241,0.261,0.298,0.27,0.268,0.302,0.26,0.249,0.28,0.295,0.227,0.252,0.2
2015-09-16 11:00:00,0.328,0.328,0.353,0.383,0.327,0.349,0.409,0.328,0.368,0.403,0.309,0.348,0.383,0.399,0.247,0.329,0.251
2015-09-16 12:00:00,0.365,0.377,0.338,0.455,0.412,0.379,0.443,0.345,0.394,0.475,0.329,0.383,0.363,0.449,0.279,0.355,0.297
2015-09-16 13:00:00,0.352,0.375,0.295,0.485,0.44,0.345,0.335,0.352,0.364,0.507,0.336,0.407,0.21,0.437,0.27,0.322,0.281
2015-09-16 14:00:00,0.313,0.339,0.216,0.441,0.413,0.268,0.306,0.285,0.32,0.468,0.326,0.347,0.195,0.3,0.251,0.308,0.224
2015-09-16 15:00:00,0.226,0.232,0.203,0.304,0.348,0.152,0.195,0.165,0.268,0.336,0.216,0.239,0.179,0.176,0.179,0.225,0.159
2015-09-16 16:00:00,0.12,0.181,0.139,0.15,0.146,0.073,0.089,0.095,0.142,0.126,0.081,0.105,0.151,0.091,0.094,0.137,0.068
2015-09-16 17:00:00,0.031,0.102,0.048,0.006,0.029,0.014,0.051,0.013,0.084,0.008,0.006,0.031,0.043,0.031,0.021,0.034,0.006
2015-09-16 18:00:00,0.0,0.0,0.0,0.0,0.0,0.0,0.0,0.0,0.0,0.0,0.0,0.0,0.0,0.0,0.0,0.0,0.0
2015-09-16 19:00:00,0.0,0.0,0.0,0.0,0.0,0.0,0.0,0.0,0.0,0.0,0.0,0.0,0.0,0.0,0.0,0.0,0.0
2015-09-16 20:00:00,0.0,0.0,0.0,0.0,0.0,0.0,0.0,0.0,0.0,0.0,0.0,0.0,0.0,0.0,0.0,0.0,0.0
2015-09-16 21:00:00,0.0,0.0,0.0,0.0,0.0,0.0,0.0,0.0,0.0,0.0,0.0,0.0,0.0,0.0,0.0,0.0,0.0
2015-09-16 22:00:00,0.0,0.0,0.0,0.0,0.0,0.0,0.0,0.0,0.0,0.0,0.0,0.0,0.0,0.0,0.0,0.0,0.0
2015-09-16 23:00:00,0.0,0.0,0.0,0.0,0.0,0.0,0.0,0.0,0.0,0.0,0.0,0.0,0.0,0.0,0.0,0.0,0.0
2015-09-17 00:00:00,0.0,0.0,0.0,0.0,0.0,0.0,0.0,0.0,0.0,0.0,0.0,0.0,0.0,0.0,0.0,0.0,0.0
2015-09-17 01:00:00,0.0,0.0,0.0,0.0,0.0,0.0,0.0,0.0,0.0,0.0,0.0,0.0,0.0,0.0,0.0,0.0,0.0
2015-09-17 02:00:00,0.0,0.0,0.0,0.0,0.0,0.0,0.0,0.0,0.0,0.0,0.0,0.0,0.0,0.0,0.0,0.0,0.0
2015-09-17 03:00:00,0.0,0.0,0.0,0.0,0.0,0.0,0.0,0.0,0.0,0.0,0.0,0.0,0.0,0.0,0.0,0.0,0.0
2015-09-17 04:00:00,0.0,0.0,0.0,0.0,0.0,0.0,0.0,0.0,0.0,0.0,0.0,0.0,0.0,0.0,0.0,0.0,0.0
2015-09-17 05:00:00,0.001,0.0,0.0,0.005,0.0,0.001,0.001,0.002,0.0,0.004,0.004,0.0,0.0,0.003,0.002,0.0,0.0
2015-09-17 06:00:00,0.025,0.021,0.024,0.038,0.017,0.029,0.029,0.032,0.025,0.036,0.033,0.022,0.027,0.032,0.028,0.023,0.019
2015-09-17 07:00:00,0.05,0.047,0.044,0.058,0.045,0.051,0.053,0.052,0.051,0.06,0.058,0.051,0.052,0.055,0.051,0.047,0.048
2015-09-17 08:00:00,0.068,0.063,0.068,0.073,0.067,0.067,0.068,0.07,0.066,0.071,0.068,0.077,0.066,0.068,0.068,0.066,0.069
2015-09-17 09:00:00,0.12,0.106,0.111,0.165,0.093,0.135,0.152,0.145,0.123,0.167,0.151,0.114,0.135,0.152,0.13,0.111,0.086
2015-09-17 10:00:00,0.251,0.244,0.247,0.295,0.221,0.269,0.287,0.274,0.26,0.3,0.278,0.223,0.272,0.286,0.26,0.244,0.216
2015-09-17 11:00:00,0.366,0.358,0.361,0.401,0.344,0.383,0.4,0.384,0.378,0.41,0.383,0.342,0.386,0.397,0.371,0.361,0.338
2015-09-17 12:00:00,0.449,0.45,0.448,0.463,0.429,0.462,0.482,0.46,0.461,0.48,0.456,0.435,0.468,0.473,0.449,0.447,0.426
2015-09-17 13:00:00,0.486,0.49,0.49,0.492,0.465,0.499,0.518,0.493,0.503,0.512,0.482,0.484,0.506,0.505,0.485,0.49,0.455
2015-09-17 14:00:00,0.47,0.48,0.481,0.47,0.463,0.485,0.504,0.469,0.498,0.488,0.419,0.483,0.499,0.476,0.475,0.481,0.418
2015-09-17 15:00:00,0.401,0.432,0.405,0.376,0.415,0.416,0.425,0.399,0.437,0.391,0.353,0.417,0.43,0.375,0.401,0.422,0.322
2015-09-17 16:00:00,0.254,0.316,0.273,0.218,0.256,0.273,0.265,0.238,0.305,0.222,0.221,0.228,0.276,0.208,0.247,0.286,0.181
2015-09-17 17:00:00,0.088,0.137,0.092,0.021,0.067,0.104,0.107,0.096,0.139,0.036,0.025,0.074,0.101,0.075,0.088,0.122,0.058
2015-09-17 18:00:00,0.0,0.0,0.0,0.0,0.0,0.0,0.0,0.0,0.0,0.0,0.0,0.0,0.0,0.0,0.0,0.0,0.0
2015-09-17 19:00:00,0.0,0.0,0.0,0.0,0.0,0.0,0.0,0.0,0.0,0.0,0.0,0.0,0.0,0.0,0.0,0.0,0.0
2015-09-17 20:00:00,0.0,0.0,0.0,0.0,0.0,0.0,0.0,0.0,0.0,0.0,0.0,0.0,0.0,0.0,0.0,0.0,0.0
2015-09-17 21:00:00,0.0,0.0,0.0,0.0,0.0,0.0,0.0,0.0,0.0,0.0,0.0,0.0,0.0,0.0,0.0,0.0,0.0
2015-09-17 22:00:00,0.0,0.0,0.0,0.0,0.0,0.0,0.0,0.0,0.0,0.0,0.0,0.0,0.0,0.0,0.0,0.0,0.0
2015-09-17 23:00:00,0.0,0.0,0.0,0.0,0.0,0.0,0.0,0.0,0.0,0.0,0.0,0.0,0.0,0.0,0.0,0.0,0.0
2015-09-18 00:00:00,0.0,0.0,0.0,0.0,0.0,0.0,0.0,0.0,0.0,0.0,0.0,0.0,0.0,0.0,0.0,0.0,0.0
2015-09-18 01:00:00,0.0,0.0,0.0,0.0,0.0,0.0,0.0,0.0,0.0,0.0,0.0,0.0,0.0,0.0,0.0,0.0,0.0
2015-09-18 02:00:00,0.0,0.0,0.0,0.0,0.0,0.0,0.0,0.0,0.0,0.0,0.0,0.0,0.0,0.0,0.0,0.0,0.0
2015-09-18 03:00:00,0.0,0.0,0.0,0.0,0.0,0.0,0.0,0.0,0.0,0.0,0.0,0.0,0.0,0.0,0.0,0.0,0.0
2015-09-18 04:00:00,0.0,0.0,0.0,0.0,0.0,0.0,0.0,0.0,0.0,0.0,0.0,0.0,0.0,0.0,0.0,0.0,0.0
2015-09-18 05:00:00,0.001,0.0,0.0,0.004,0.0,0.001,0.001,0.002,0.0,0.003,0.004,0.0,0.0,0.002,0.002,0.0,0.0
2015-09-18 06:00:00,0.025,0.022,0.021,0.035,0.019,0.029,0.03,0.031,0.025,0.034,0.034,0.017,0.027,0.031,0.03,0.025,0.019
2015-09-18 07:00:00,0.054,0.049,0.057,0.065,0.048,0.055,0.056,0.055,0.049,0.063,0.054,0.056,0.059,0.059,0.067,0.052,0.047
2015-09-18 08:00:00,0.081,0.08,0.084,0.08,0.081,0.081,0.07,0.09,0.079,0.076,0.089,0.079,0.08,0.072,0.105,0.08,0.067
2015-09-18 09:00:00,0.143,0.146,0.137,0.171,0.129,0.165,0.156,0.164,0.148,0.174,0.17,0.113,0.149,0.159,0.148,0.143,0.103
2015-09-18 10:00:00,0.24,0.21,0.217,0.309,0.227,0.266,0.286,0.249,0.243,0.309,0.255,0.22,0.258,0.293,0.179,0.242,0.229
2015-09-18 11:00:00,0.314,0.258,0.315,0.413,0.262,0.35,0.395,0.339,0.314,0.409,0.343,0.3,0.347,0.386,0.229,0.31,0.315
2015-09-18 12:00:00,0.353,0.33,0.377,0.479,0.28,0.404,0.461,0.379,0.34,0.482,0.373,0.356,0.402,0.459,0.229,0.35,0.323
2015-09-18 13:00:00,0.34,0.416,0.348,0.493,0.262,0.358,0.443,0.365,0.228,0.513,0.38,0.338,0.259,0.45,0.242,0.326,0.286
2015-09-18 14:00:00,0.316,0.405,0.252,0.438,0.191,0.293,0.389,0.35,0.264,0.484,0.333,0.394,0.244,0.439,0.249,0.322,0.241
2015-09-18 15:00:00,0.277,0.367,0.26,0.364,0.174,0.228,0.342,0.291,0.173,0.393,0.295,0.31,0.249,0.307,0.233,0.305,0.201
2015-09-18 16:00:00,0.172,0.163,0.185,0.198,0.155,0.154,0.209,0.189,0.059,0.245,0.216,0.174,0.129,0.176,0.161,0.184,0.141
2015-09-18 17:00:00,0.073,0.087,0.097,0.0,0.099,0.049,0.09,0.053,0.016,0.017,0.013,0.089,0.037,0.058,0.078,0.09,0.104
2015-09-18 18:00:00,0.0,0.0,0.0,0.0,0.0,0.0,0.0,0.0,0.0,0.0,0.0,0.0,0.0,0.0,0.0,0.0,0.0
2015-09-18 19:00:00,0.0,0.0,0.0,0.0,0.0,0.0,0.0,0.0,0.0,0.0,0.0,0.0,0.0,0.0,0.0,0.0,0.0
2015-09-18 20:00:00,0.0,0.0,0.0,0.0,0.0,0.0,0.0,0.0,0.0,0.0,0.0,0.0,0.0,0.0,0.0,0.0,0.0
2015-09-18 21:00:00,0.0,0.0,0.0,0.0,0.0,0.0,0.0,0.0,0.0,0.0,0.0,0.0,0.0,0.0,0.0,0.0,0.0
2015-09-18 22:00:00,0.0,0.0,0.0,0.0,0.0,0.0,0.0,0.0,0.0,0.0,0.0,0.0,0.0,0.0,0.0,0.0,0.0
2015-09-18 23:00:00,0.0,0.0,0.0,0.0,0.0,0.0,0.0,0.0,0.0,0.0,0.0,0.0,0.0,0.0,0.0,0.0,0.0
2015-09-19 00:00:00,0.0,0.0,0.0,0.0,0.0,0.0,0.0,0.0,0.0,0.0,0.0,0.0,0.0,0.0,0.0,0.0,0.0
2015-09-19 01:00:00,0.0,0.0,0.0,0.0,0.0,0.0,0.0,0.0,0.0,0.0,0.0,0.0,0.0,0.0,0.0,0.0,0.0
2015-09-19 02:00:00,0.0,0.0,0.0,0.0,0.0,0.0,0.0,0.0,0.0,0.0,0.0,0.0,0.0,0.0,0.0,0.0,0.0
2015-09-19 03:00:00,0.0,0.0,0.0,0.0,0.0,0.0,0.0,0.0,0.0,0.0,0.0,0.0,0.0,0.0,0.0,0.0,0.0
2015-09-19 04:00:00,0.0,0.0,0.0,0.0,0.0,0.0,0.0,0.0,0.0,0.0,0.0,0.0,0.0,0.0,0.0,0.0,0.0
2015-09-19 05:00:00,0.0,0.0,0.0,0.002,0.0,0.0,0.0,0.001,0.0,0.003,0.003,0.0,0.0,0.0,0.001,0.0,0.0
2015-09-19 06:00:00,0.024,0.02,0.024,0.026,0.017,0.028,0.018,0.028,0.025,0.037,0.034,0.023,0.029,0.018,0.028,0.022,0.018
2015-09-19 07:00:00,0.054,0.051,0.049,0.08,0.045,0.054,0.083,0.059,0.07,0.069,0.074,0.045,0.064,0.079,0.051,0.049,0.043
2015-09-19 08:00:00,0.075,0.071,0.071,0.119,0.063,0.074,0.105,0.081,0.094,0.104,0.081,0.065,0.095,0.108,0.066,0.067,0.061
2015-09-19 09:00:00,0.121,0.11,0.116,0.176,0.089,0.139,0.132,0.148,0.133,0.179,0.153,0.098,0.142,0.177,0.13,0.111,0.08
2015-09-19 10:00:00,0.246,0.25,0.251,0.259,0.231,0.269,0.193,0.266,0.267,0.274,0.287,0.236,0.216,0.19,0.249,0.25,0.221
2015-09-19 11:00:00,0.316,0.341,0.288,0.26,0.318,0.351,0.206,0.334,0.335,0.311,0.372,0.292,0.237,0.184,0.306,0.343,0.323
2015-09-19 12:00:00,0.346,0.376,0.366,0.275,0.351,0.313,0.191,0.303,0.348,0.389,0.375,0.387,0.22,0.186,0.359,0.369,0.362
2015-09-19 13:00:00,0.354,0.41,0.382,0.241,0.405,0.256,0.164,0.285,0.27,0.379,0.302,0.372,0.149,0.142,0.354,0.413,0.41
2015-09-19 14:00:00,0.318,0.394,0.381,0.215,0.421,0.236,0.103,0.262,0.189,0.343,0.252,0.38,0.086,0.13,0.346,0.336,0.346
2015-09-19 15:00:00,0.287,0.337,0.325,0.198,0.37,0.232,0.075,0.242,0.161,0.263,0.208,0.304,0.068,0.099,0.276,0.333,0.348
2015-09-19 16:00:00,0.196,0.208,0.272,0.116,0.242,0.16,0.025,0.175,0.091,0.164,0.167,0.257,0.03,0.04,0.201,0.233,0.197
2015-09-19 17:00:00,0.07,0.089,0.118,0.0,0.119,0.05,0.002,0.042,0.018,0.0,0.0,0.109,0.003,0.002,0.057,0.092,0.083
2015-09-19 18:00:00,0.0,0.0,0.0,0.0,0.0,0.0,0.0,0.0,0.0,0.0,0.0,0.0,0.0,0.0,0.0,0.0,0.0
2015-09-19 19:00:00,0.0,0.0,0.0,0.0,0.0,0.0,0.0,0.0,0.0,0.0,0.0,0.0,0.0,0.0,0.0,0.0,0.0
2015-09-19 20:00:00,0.0,0.0,0.0,0.0,0.0,0.0,0.0,0.0,0.0,0.0,0.0,0.0,0.0,0.0,0.0,0.0,0.0
2015-09-19 21:00:00,0.0,0.0,0.0,0.0,0.0,0.0,0.0,0.0,0.0,0.0,0.0,0.0,0.0,0.0,0.0,0.0,0.0
2015-09-19 22:00:00,0.0,0.0,0.0,0.0,0.0,0.0,0.0,0.0,0.0,0.0,0.0,0.0,0.0,0.0,0.0,0.0,0.0
2015-09-19 23:00:00,0.0,0.0,0.0,0.0,0.0,0.0,0.0,0.0,0.0,0.0,0.0,0.0,0.0,0.0,0.0,0.0,0.0
2015-09-20 00:00:00,0.0,0.0,0.0,0.0,0.0,0.0,0.0,0.0,0.0,0.0,0.0,0.0,0.0,0.0,0.0,0.0,0.0
2015-09-20 01:00:00,0.0,0.0,0.0,0.0,0.0,0.0,0.0,0.0,0.0,0.0,0.0,0.0,0.0,0.0,0.0,0.0,0.0
2015-09-20 02:00:00,0.0,0.0,0.0,0.0,0.0,0.0,0.0,0.0,0.0,0.0,0.0,0.0,0.0,0.0,0.0,0.0,0.0
2015-09-20 03:00:00,0.0,0.0,0.0,0.0,0.0,0.0,0.0,0.0,0.0,0.0,0.0,0.0,0.0,0.0,0.0,0.0,0.0
2015-09-20 04:00:00,0.0,0.0,0.0,0.0,0.0,0.0,0.0,0.0,0.0,0.0,0.0,0.0,0.0,0.0,0.0,0.0,0.0
2015-09-20 05:00:00,0.0,0.0,0.0,0.0,0.0,0.0,0.0,0.001,0.0,0.0,0.004,0.0,0.0,0.0,0.001,0.0,0.0
2015-09-20 06:00:00,0.02,0.016,0.022,0.011,0.009,0.029,0.01,0.031,0.025,0.004,0.041,0.02,0.029,0.011,0.034,0.02,0.012
2015-09-20 07:00:00,0.049,0.049,0.052,0.015,0.049,0.054,0.012,0.066,0.054,0.006,0.079,0.048,0.043,0.013,0.073,0.052,0.044
2015-09-20 08:00:00,0.086,0.097,0.088,0.027,0.097,0.099,0.048,0.111,0.094,0.028,0.114,0.085,0.078,0.039,0.104,0.089,0.083
2015-09-20 09:00:00,0.128,0.142,0.128,0.044,0.139,0.143,0.132,0.138,0.152,0.037,0.136,0.114,0.151,0.063,0.153,0.142,0.127
2015-09-20 10:00:00,0.19,0.219,0.184,0.048,0.209,0.23,0.188,0.203,0.22,0.055,0.177,0.189,0.218,0.139,0.232,0.199,0.206
2015-09-20 11:00:00,0.234,0.295,0.236,0.037,0.276,0.281,0.193,0.211,0.307,0.07,0.141,0.269,0.259,0.221,0.26,0.245,0.265
2015-09-20 12:00:00,0.29,0.371,0.309,0.074,0.352,0.345,0.21,0.224,0.379,0.097,0.135,0.279,0.334,0.243,0.267,0.35,0.299
2015-09-20 13:00:00,0.284,0.408,0.325,0.092,0.349,0.297,0.207,0.234,0.397,0.105,0.144,0.305,0.288,0.183,0.254,0.334,0.259
2015-09-20 14:00:00,0.306,0.392,0.32,0.095,0.355,0.284,0.154,0.286,0.362,0.104,0.196,0.288,0.327,0.174,0.307,0.393,0.28
2015-09-20 15:00:00,0.265,0.347,0.349,0.11,0.257,0.274,0.183,0.195,0.307,0.167,0.177,0.323,0.282,0.168,0.212,0.338,0.21
2015-09-20 16:00:00,0.16,0.241,0.199,0.102,0.112,0.168,0.163,0.104,0.272,0.086,0.122,0.193,0.213,0.072,0.102,0.194,0.156
2015-09-20 17:00:00,0.07,0.119,0.081,0.0,0.102,0.09,0.058,0.01,0.126,0.0,0.0,0.082,0.085,0.013,0.026,0.093,0.088
2015-09-20 18:00:00,0.0,0.0,0.0,0.0,0.0,0.0,0.0,0.0,0.0,0.0,0.0,0.0,0.0,0.0,0.0,0.0,0.0
2015-09-20 19:00:00,0.0,0.0,0.0,0.0,0.0,0.0,0.0,0.0,0.0,0.0,0.0,0.0,0.0,0.0,0.0,0.0,0.0
2015-09-20 20:00:00,0.0,0.0,0.0,0.0,0.0,0.0,0.0,0.0,0.0,0.0,0.0,0.0,0.0,0.0,0.0,0.0,0.0
2015-09-20 21:00:00,0.0,0.0,0.0,0.0,0.0,0.0,0.0,0.0,0.0,0.0,0.0,0.0,0.0,0.0,0.0,0.0,0.0
2015-09-20 22:00:00,0.0,0.0,0.0,0.0,0.0,0.0,0.0,0.0,0.0,0.0,0.0,0.0,0.0,0.0,0.0,0.0,0.0
2015-09-20 23:00:00,0.0,0.0,0.0,0.0,0.0,0.0,0.0,0.0,0.0,0.0,0.0,0.0,0.0,0.0,0.0,0.0,0.0
2015-09-21 00:00:00,0.0,0.0,0.0,0.0,0.0,0.0,0.0,0.0,0.0,0.0,0.0,0.0,0.0,0.0,0.0,0.0,0.0
2015-09-21 01:00:00,0.0,0.0,0.0,0.0,0.0,0.0,0.0,0.0,0.0,0.0,0.0,0.0,0.0,0.0,0.0,0.0,0.0
2015-09-21 02:00:00,0.0,0.0,0.0,0.0,0.0,0.0,0.0,0.0,0.0,0.0,0.0,0.0,0.0,0.0,0.0,0.0,0.0
2015-09-21 03:00:00,0.0,0.0,0.0,0.0,0.0,0.0,0.0,0.0,0.0,0.0,0.0,0.0,0.0,0.0,0.0,0.0,0.0
2015-09-21 04:00:00,0.0,0.0,0.0,0.0,0.0,0.0,0.0,0.0,0.0,0.0,0.0,0.0,0.0,0.0,0.0,0.0,0.0
2015-09-21 05:00:00,0.0,0.0,0.0,0.003,0.0,0.0,0.0,0.001,0.0,0.002,0.002,0.0,0.0,0.001,0.001,0.0,0.0
2015-09-21 06:00:00,0.022,0.019,0.021,0.036,0.015,0.024,0.032,0.029,0.022,0.035,0.033,0.02,0.024,0.032,0.025,0.017,0.014
2015-09-21 07:00:00,0.054,0.051,0.05,0.083,0.039,0.049,0.068,0.053,0.06,0.07,0.073,0.06,0.059,0.082,0.056,0.046,0.043
2015-09-21 08:00:00,0.094,0.082,0.08,0.136,0.08,0.084,0.111,0.088,0.097,0.121,0.121,0.093,0.103,0.125,0.091,0.092,0.077
2015-09-21 09:00:00,0.129,0.128,0.107,0.172,0.116,0.132,0.177,0.138,0.139,0.183,0.146,0.124,0.149,0.168,0.13,0.119,0.108
2015-09-21 10:00:00,0.19,0.209,0.225,0.197,0.165,0.212,0.216,0.232,0.213,0.206,0.201,0.206,0.169,0.171,0.222,0.166,0.155
2015-09-21 11:00:00,0.236,0.247,0.279,0.222,0.208,0.274,0.25,0.307,0.27,0.21,0.216,0.27,0.193,0.188,0.289,0.215,0.203
2015-09-21 12:00:00,0.258,0.276,0.276,0.176,0.188,0.276,0.261,0.317,0.314,0.218,0.318,0.331,0.224,0.168,0.311,0.251,0.233
2015-09-21 13:00:00,0.264,0.226,0.348,0.154,0.191,0.243,0.243,0.333,0.277,0.229,0.328,0.353,0.187,0.237,0.323,0.238,0.305
2015-09-21 14:00:00,0.253,0.23,0.294,0.163,0.192,0.255,0.224,0.336,0.228,0.187,0.34,0.309,0.177,0.19,0.304,0.241,0.282
2015-09-21 15:00:00,0.194,0.213,0.285,0.137,0.15,0.184,0.216,0.247,0.108,0.127,0.212,0.229,0.126,0.148,0.211,0.181,0.226
2015-09-21 16:00:00,0.132,0.149,0.168,0.136,0.095,0.102,0.131,0.163,0.098,0.128,0.15,0.185,0.077,0.158,0.208,0.103,0.115
2015-09-21 17:00:00,0.043,0.085,0.074,0.0,0.064,0.026,0.035,0.003,0.054,0.0,0.0,0.086,0.034,0.0,0.016,0.054,0.042
2015-09-21 18:00:00,0.0,0.0,0.0,0.0,0.0,0.0,0.0,0.0,0.0,0.0,0.0,0.0,0.0,0.0,0.0,0.0,0.0
2015-09-21 19:00:00,0.0,0.0,0.0,0.0,0.0,0.0,0.0,0.0,0.0,0.0,0.0,0.0,0.0,0.0,0.0,0.0,0.0
2015-09-21 20:00:00,0.0,0.0,0.0,0.0,0.0,0.0,0.0,0.0,0.0,0.0,0.0,0.0,0.0,0.0,0.0,0.0,0.0
2015-09-21 21:00:00,0.0,0.0,0.0,0.0,0.0,0.0,0.0,0.0,0.0,0.0,0.0,0.0,0.0,0.0,0.0,0.0,0.0
2015-09-21 22:00:00,0.0,0.0,0.0,0.0,0.0,0.0,0.0,0.0,0.0,0.0,0.0,0.0,0.0,0.0,0.0,0.0,0.0
2015-09-21 23:00:00,0.0,0.0,0.0,0.0,0.0,0.0,0.0,0.0,0.0,0.0,0.0,0.0,0.0,0.0,0.0,0.0,0.0
2015-09-22 00:00:00,0.0,0.0,0.0,0.0,0.0,0.0,0.0,0.0,0.0,0.0,0.0,0.0,0.0,0.0,0.0,0.0,0.0
2015-09-22 01:00:00,0.0,0.0,0.0,0.0,0.0,0.0,0.0,0.0,0.0,0.0,0.0,0.0,0.0,0.0,0.0,0.0,0.0
2015-09-22 02:00:00,0.0,0.0,0.0,0.0,0.0,0.0,0.0,0.0,0.0,0.0,0.0,0.0,0.0,0.0,0.0,0.0,0.0
2015-09-22 03:00:00,0.0,0.0,0.0,0.0,0.0,0.0,0.0,0.0,0.0,0.0,0.0,0.0,0.0,0.0,0.0,0.0,0.0
2015-09-22 04:00:00,0.0,0.0,0.0,0.0,0.0,0.0,0.0,0.0,0.0,0.0,0.0,0.0,0.0,0.0,0.0,0.0,0.0
2015-09-22 05:00:00,0.0,0.0,0.0,0.002,0.0,0.0,0.0,0.0,0.0,0.001,0.002,0.0,0.0,0.0,0.0,0.0,0.0
2015-09-22 06:00:00,0.023,0.024,0.02,0.034,0.017,0.024,0.029,0.027,0.024,0.03,0.031,0.022,0.026,0.03,0.025,0.021,0.014
2015-09-22 07:00:00,0.065,0.078,0.071,0.064,0.066,0.054,0.069,0.058,0.066,0.075,0.062,0.069,0.052,0.058,0.06,0.067,0.06
2015-09-22 08:00:00,0.104,0.116,0.121,0.095,0.109,0.076,0.097,0.08,0.111,0.094,0.089,0.116,0.075,0.074,0.102,0.113,0.106
2015-09-22 09:00:00,0.152,0.153,0.158,0.18,0.146,0.152,0.152,0.144,0.16,0.18,0.161,0.153,0.144,0.165,0.144,0.154,0.126
2015-09-22 10:00:00,0.235,0.249,0.223,0.278,0.225,0.276,0.303,0.26,0.267,0.254,0.234,0.216,0.285,0.296,0.194,0.233,0.18
2015-09-22 11:00:00,0.303,0.369,0.27,0.273,0.334,0.355,0.416,0.312,0.388,0.244,0.285,0.231,0.407,0.336,0.246,0.315,0.252
2015-09-22 12:00:00,0.365,0.471,0.328,0.215,0.448,0.4,0.498,0.304,0.48,0.197,0.303,0.262,0.484,0.341,0.251,0.42,0.361
2015-09-22 13:00:00,0.386,0.49,0.396,0.16,0.464,0.328,0.547,0.213,0.527,0.25,0.268,0.261,0.519,0.328,0.224,0.492,0.45
2015-09-22 14:00:00,0.356,0.389,0.453,0.126,0.334,0.293,0.538,0.198,0.518,0.275,0.192,0.319,0.507,0.339,0.174,0.473,0.424
2015-09-22 15:00:00,0.251,0.22,0.367,0.074,0.116,0.312,0.459,0.116,0.42,0.261,0.089,0.35,0.441,0.251,0.142,0.319,0.29
2015-09-22 16:00:00,0.12,0.076,0.159,0.073,0.043,0.149,0.297,0.056,0.217,0.201,0.038,0.242,0.296,0.204,0.084,0.116,0.109
2015-09-22 17:00:00,0.016,0.012,0.017,0.0,0.006,0.029,0.004,0.0,0.063,0.0,0.0,0.074,0.105,0.0,0.002,0.012,0.013
2015-09-22 18:00:00,0.0,0.0,0.0,0.0,0.0,0.0,0.0,0.0,0.0,0.0,0.0,0.0,0.0,0.0,0.0,0.0,0.0
2015-09-22 19:00:00,0.0,0.0,0.0,0.0,0.0,0.0,0.0,0.0,0.0,0.0,0.0,0.0,0.0,0.0,0.0,0.0,0.0
2015-09-22 20:00:00,0.0,0.0,0.0,0.0,0.0,0.0,0.0,0.0,0.0,0.0,0.0,0.0,0.0,0.0,0.0,0.0,0.0
2015-09-22 21:00:00,0.0,0.0,0.0,0.0,0.0,0.0,0.0,0.0,0.0,0.0,0.0,0.0,0.0,0.0,0.0,0.0,0.0
2015-09-22 22:00:00,0.0,0.0,0.0,0.0,0.0,0.0,0.0,0.0,0.0,0.0,0.0,0.0,0.0,0.0,0.0,0.0,0.0
2015-09-22 23:00:00,0.0,0.0,0.0,0.0,0.0,0.0,0.0,0.0,0.0,0.0,0.0,0.0,0.0,0.0,0.0,0.0,0.0
2015-09-23 00:00:00,0.0,0.0,0.0,0.0,0.0,0.0,0.0,0.0,0.0,0.0,0.0,0.0,0.0,0.0,0.0,0.0,0.0
2015-09-23 01:00:00,0.0,0.0,0.0,0.0,0.0,0.0,0.0,0.0,0.0,0.0,0.0,0.0,0.0,0.0,0.0,0.0,0.0
2015-09-23 02:00:00,0.0,0.0,0.0,0.0,0.0,0.0,0.0,0.0,0.0,0.0,0.0,0.0,0.0,0.0,0.0,0.0,0.0
2015-09-23 03:00:00,0.0,0.0,0.0,0.0,0.0,0.0,0.0,0.0,0.0,0.0,0.0,0.0,0.0,0.0,0.0,0.0,0.0
2015-09-23 04:00:00,0.0,0.0,0.0,0.0,0.0,0.0,0.0,0.0,0.0,0.0,0.0,0.0,0.0,0.0,0.0,0.0,0.0
2015-09-23 05:00:00,0.0,0.0,0.0,0.001,0.0,0.0,0.0,0.0,0.0,0.001,0.002,0.0,0.0,0.0,0.0,0.0,0.0
2015-09-23 06:00:00,0.025,0.017,0.024,0.029,0.013,0.032,0.029,0.039,0.022,0.031,0.035,0.024,0.024,0.029,0.038,0.022,0.017
2015-09-23 07:00:00,0.064,0.061,0.07,0.063,0.033,0.066,0.065,0.074,0.062,0.06,0.072,0.056,0.054,0.062,0.081,0.073,0.058
2015-09-23 08:00:00,0.099,0.092,0.133,0.088,0.064,0.102,0.089,0.107,0.097,0.076,0.098,0.117,0.074,0.079,0.124,0.109,0.082
2015-09-23 09:00:00,0.145,0.129,0.182,0.162,0.103,0.157,0.159,0.174,0.144,0.16,0.161,0.146,0.139,0.152,0.173,0.148,0.102
2015-09-23 10:00:00,0.214,0.167,0.233,0.275,0.154,0.245,0.251,0.269,0.197,0.274,0.221,0.22,0.253,0.281,0.246,0.2,0.174
2015-09-23 11:00:00,0.262,0.184,0.254,0.365,0.19,0.302,0.267,0.355,0.216,0.325,0.28,0.269,0.212,0.347,0.312,0.24,0.248
2015-09-23 12:00:00,0.293,0.181,0.266,0.42,0.213,0.339,0.221,0.419,0.171,0.349,0.382,0.296,0.219,0.388,0.358,0.278,0.267
2015-09-23 13:00:00,0.283,0.153,0.293,0.398,0.206,0.258,0.139,0.401,0.169,0.327,0.416,0.31,0.173,0.288,0.33,0.262,0.317
2015-09-23 14:00:00,0.249,0.131,0.302,0.356,0.162,0.23,0.209,0.33,0.151,0.265,0.372,0.308,0.212,0.269,0.272,0.212,0.292
2015-09-23 15:00:00,0.173,0.1,0.254,0.265,0.053,0.235,0.14,0.2,0.15,0.221,0.2,0.277,0.192,0.243,0.171,0.141,0.176
2015-09-23 16:00:00,0.094,0.075,0.108,0.106,0.012,0.159,0.104,0.09,0.104,0.114,0.111,0.143,0.115,0.105,0.099,0.102,0.065
2015-09-23 17:00:00,0.019,0.027,0.025,0.0,0.002,0.011,0.0,0.0,0.073,0.0,0.0,0.02,0.013,0.0,0.0,0.049,0.006
2015-09-23 18:00:00,0.0,0.0,0.0,0.0,0.0,0.0,0.0,0.0,0.0,0.0,0.0,0.0,0.0,0.0,0.0,0.0,0.0
2015-09-23 19:00:00,0.0,0.0,0.0,0.0,0.0,0.0,0.0,0.0,0.0,0.0,0.0,0.0,0.0,0.0,0.0,0.0,0.0
2015-09-23 20:00:00,0.0,0.0,0.0,0.0,0.0,0.0,0.0,0.0,0.0,0.0,0.0,0.0,0.0,0.0,0.0,0.0,0.0
2015-09-23 21:00:00,0.0,0.0,0.0,0.0,0.0,0.0,0.0,0.0,0.0,0.0,0.0,0.0,0.0,0.0,0.0,0.0,0.0
2015-09-23 22:00:00,0.0,0.0,0.0,0.0,0.0,0.0,0.0,0.0,0.0,0.0,0.0,0.0,0.0,0.0,0.0,0.0,0.0
2015-09-23 23:00:00,0.0,0.0,0.0,0.0,0.0,0.0,0.0,0.0,0.0,0.0,0.0,0.0,0.0,0.0,0.0,0.0,0.0
2015-09-24 00:00:00,0.0,0.0,0.0,0.0,0.0,0.0,0.0,0.0,0.0,0.0,0.0,0.0,0.0,0.0,0.0,0.0,0.0
2015-09-24 01:00:00,0.0,0.0,0.0,0.0,0.0,0.0,0.0,0.0,0.0,0.0,0.0,0.0,0.0,0.0,0.0,0.0,0.0
2015-09-24 02:00:00,0.0,0.0,0.0,0.0,0.0,0.0,0.0,0.0,0.0,0.0,0.0,0.0,0.0,0.0,0.0,0.0,0.0
2015-09-24 03:00:00,0.0,0.0,0.0,0.0,0.0,0.0,0.0,0.0,0.0,0.0,0.0,0.0,0.0,0.0,0.0,0.0,0.0
2015-09-24 04:00:00,0.0,0.0,0.0,0.0,0.0,0.0,0.0,0.0,0.0,0.0,0.0,0.0,0.0,0.0,0.0,0.0,0.0
2015-09-24 05:00:00,0.0,0.0,0.0,0.001,0.0,0.0,0.0,0.0,0.0,0.001,0.001,0.0,0.0,0.0,0.0,0.0,0.0
2015-09-24 06:00:00,0.019,0.016,0.019,0.031,0.013,0.02,0.023,0.024,0.018,0.032,0.026,0.016,0.017,0.022,0.023,0.017,0.013
2015-09-24 07:00:00,0.05,0.042,0.047,0.056,0.042,0.052,0.066,0.05,0.051,0.065,0.057,0.049,0.051,0.053,0.054,0.049,0.045
2015-09-24 08:00:00,0.073,0.076,0.079,0.078,0.06,0.089,0.088,0.079,0.074,0.097,0.066,0.069,0.078,0.075,0.067,0.078,0.059
2015-09-24 09:00:00,0.111,0.116,0.108,0.172,0.08,0.134,0.15,0.123,0.125,0.16,0.134,0.087,0.148,0.141,0.111,0.106,0.072
2015-09-24 10:00:00,0.227,0.233,0.24,0.266,0.221,0.217,0.23,0.207,0.222,0.228,0.238,0.227,0.217,0.238,0.198,0.235,0.212
2015-09-24 11:00:00,0.331,0.343,0.364,0.308,0.346,0.283,0.285,0.288,0.322,0.277,0.34,0.351,0.283,0.295,0.298,0.359,0.334
2015-09-24 12:00:00,0.408,0.433,0.452,0.364,0.421,0.349,0.288,0.361,0.366,0.372,0.422,0.443,0.33,0.287,0.382,0.453,0.396
2015-09-24 13:00:00,0.437,0.477,0.487,0.38,0.454,0.333,0.207,0.375,0.419,0.418,0.425,0.488,0.267,0.34,0.438,0.491,0.426
2015-09-24 14:00:00,0.423,0.459,0.485,0.371,0.418,0.38,0.113,0.392,0.414,0.417,0.391,0.463,0.243,0.345,0.445,0.479,0.386
2015-09-24 15:00:00,0.35,0.418,0.41,0.312,0.339,0.321,0.129,0.33,0.372,0.312,0.3,0.378,0.271,0.294,0.36,0.396,0.283
2015-09-24 16:00:00,0.213,0.292,0.263,0.146,0.232,0.2,0.051,0.18,0.237,0.133,0.163,0.226,0.139,0.176,0.208,0.258,0.155
2015-09-24 17:00:00,0.049,0.12,0.036,0.0,0.093,0.003,0.0,0.0,0.09,0.0,0.0,0.032,0.002,0.0,0.0,0.087,0.057
2015-09-24 18:00:00,0.0,0.0,0.0,0.0,0.0,0.0,0.0,0.0,0.0,0.0,0.0,0.0,0.0,0.0,0.0,0.0,0.0
2015-09-24 19:00:00,0.0,0.0,0.0,0.0,0.0,0.0,0.0,0.0,0.0,0.0,0.0,0.0,0.0,0.0,0.0,0.0,0.0
2015-09-24 20:00:00,0.0,0.0,0.0,0.0,0.0,0.0,0.0,0.0,0.0,0.0,0.0,0.0,0.0,0.0,0.0,0.0,0.0
2015-09-24 21:00:00,0.0,0.0,0.0,0.0,0.0,0.0,0.0,0.0,0.0,0.0,0.0,0.0,0.0,0.0,0.0,0.0,0.0
2015-09-24 22:00:00,0.0,0.0,0.0,0.0,0.0,0.0,0.0,0.0,0.0,0.0,0.0,0.0,0.0,0.0,0.0,0.0,0.0
2015-09-24 23:00:00,0.0,0.0,0.0,0.0,0.0,0.0,0.0,0.0,0.0,0.0,0.0,0.0,0.0,0.0,0.0,0.0,0.0
2015-09-25 00:00:00,0.0,0.0,0.0,0.0,0.0,0.0,0.0,0.0,0.0,0.0,0.0,0.0,0.0,0.0,0.0,0.0,0.0
2015-09-25 01:00:00,0.0,0.0,0.0,0.0,0.0,0.0,0.0,0.0,0.0,0.0,0.0,0.0,0.0,0.0,0.0,0.0,0.0
2015-09-25 02:00:00,0.0,0.0,0.0,0.0,0.0,0.0,0.0,0.0,0.0,0.0,0.0,0.0,0.0,0.0,0.0,0.0,0.0
2015-09-25 03:00:00,0.0,0.0,0.0,0.0,0.0,0.0,0.0,0.0,0.0,0.0,0.0,0.0,0.0,0.0,0.0,0.0,0.0
2015-09-25 04:00:00,0.0,0.0,0.0,0.0,0.0,0.0,0.0,0.0,0.0,0.0,0.0,0.0,0.0,0.0,0.0,0.0,0.0
2015-09-25 05:00:00,0.0,0.0,0.0,0.001,0.0,0.0,0.0,0.0,0.0,0.0,0.0,0.0,0.0,0.0,0.0,0.0,0.0
2015-09-25 06:00:00,0.017,0.014,0.019,0.024,0.012,0.022,0.006,0.022,0.013,0.015,0.027,0.017,0.014,0.016,0.023,0.017,0.01
2015-09-25 07:00:00,0.048,0.045,0.046,0.045,0.045,0.06,0.025,0.051,0.052,0.025,0.058,0.056,0.044,0.039,0.053,0.049,0.043
2015-09-25 08:00:00,0.07,0.067,0.064,0.075,0.067,0.084,0.048,0.068,0.074,0.05,0.092,0.069,0.07,0.073,0.084,0.068,0.069
2015-09-25 09:00:00,0.099,0.104,0.102,0.082,0.085,0.111,0.072,0.106,0.114,0.052,0.12,0.093,0.111,0.093,0.125,0.098,0.095
2015-09-25 10:00:00,0.207,0.231,0.238,0.13,0.212,0.241,0.112,0.216,0.22,0.081,0.184,0.22,0.207,0.152,0.226,0.235,0.177
2015-09-25 11:00:00,0.283,0.346,0.36,0.111,0.302,0.33,0.122,0.272,0.335,0.078,0.206,0.302,0.281,0.149,0.319,0.357,0.186
2015-09-25 12:00:00,0.318,0.381,0.409,0.113,0.317,0.367,0.116,0.31,0.384,0.096,0.203,0.345,0.333,0.116,0.405,0.43,0.156
2015-09-25 13:00:00,0.302,0.419,0.452,0.085,0.234,0.362,0.101,0.247,0.42,0.169,0.145,0.315,0.338,0.093,0.405,0.408,0.153
2015-09-25 14:00:00,0.267,0.399,0.438,0.089,0.183,0.291,0.072,0.189,0.427,0.147,0.079,0.274,0.309,0.062,0.35,0.367,0.146
2015-09-25 15:00:00,0.198,0.268,0.347,0.055,0.15,0.185,0.036,0.101,0.307,0.072,0.037,0.213,0.177,0.032,0.248,0.292,0.139
2015-09-25 16:00:00,0.107,0.127,0.177,0.025,0.068,0.082,0.006,0.036,0.173,0.028,0.008,0.123,0.065,0.005,0.103,0.17,0.133
2015-09-25 17:00:00,0.027,0.059,0.003,0.0,0.07,0.0,0.0,0.0,0.013,0.0,0.0,0.013,0.0,0.0,0.0,0.027,0.09
2015-09-25 18:00:00,0.0,0.0,0.0,0.0,0.0,0.0,0.0,0.0,0.0,0.0,0.0,0.0,0.0,0.0,0.0,0.0,0.0
2015-09-25 19:00:00,0.0,0.0,0.0,0.0,0.0,0.0,0.0,0.0,0.0,0.0,0.0,0.0,0.0,0.0,0.0,0.0,0.0
2015-09-25 20:00:00,0.0,0.0,0.0,0.0,0.0,0.0,0.0,0.0,0.0,0.0,0.0,0.0,0.0,0.0,0.0,0.0,0.0
2015-09-25 21:00:00,0.0,0.0,0.0,0.0,0.0,0.0,0.0,0.0,0.0,0.0,0.0,0.0,0.0,0.0,0.0,0.0,0.0
2015-09-25 22:00:00,0.0,0.0,0.0,0.0,0.0,0.0,0.0,0.0,0.0,0.0,0.0,0.0,0.0,0.0,0.0,0.0,0.0
2015-09-25 23:00:00,0.0,0.0,0.0,0.0,0.0,0.0,0.0,0.0,0.0,0.0,0.0,0.0,0.0,0.0,0.0,0.0,0.0
2015-09-26 00:00:00,0.0,0.0,0.0,0.0,0.0,0.0,0.0,0.0,0.0,0.0,0.0,0.0,0.0,0.0,0.0,0.0,0.0
2015-09-26 01:00:00,0.0,0.0,0.0,0.0,0.0,0.0,0.0,0.0,0.0,0.0,0.0,0.0,0.0,0.0,0.0,0.0,0.0
2015-09-26 02:00:00,0.0,0.0,0.0,0.0,0.0,0.0,0.0,0.0,0.0,0.0,0.0,0.0,0.0,0.0,0.0,0.0,0.0
2015-09-26 03:00:00,0.0,0.0,0.0,0.0,0.0,0.0,0.0,0.0,0.0,0.0,0.0,0.0,0.0,0.0,0.0,0.0,0.0
2015-09-26 04:00:00,0.0,0.0,0.0,0.0,0.0,0.0,0.0,0.0,0.0,0.0,0.0,0.0,0.0,0.0,0.0,0.0,0.0
2015-09-26 05:00:00,0.0,0.0,0.0,0.0,0.0,0.0,0.0,0.0,0.0,0.0,0.0,0.0,0.0,0.0,0.0,0.0,0.0
2015-09-26 06:00:00,0.012,0.011,0.019,0.004,0.016,0.012,0.001,0.009,0.002,0.002,0.007,0.016,0.004,0.002,0.02,0.015,0.013
2015-09-26 07:00:00,0.041,0.05,0.066,0.019,0.051,0.021,0.006,0.021,0.021,0.012,0.02,0.049,0.016,0.007,0.048,0.054,0.044
2015-09-26 08:00:00,0.07,0.087,0.101,0.027,0.072,0.054,0.019,0.036,0.066,0.018,0.034,0.073,0.037,0.018,0.085,0.096,0.078
2015-09-26 09:00:00,0.098,0.132,0.149,0.043,0.104,0.079,0.032,0.047,0.107,0.027,0.044,0.096,0.064,0.03,0.107,0.14,0.081
2015-09-26 10:00:00,0.154,0.188,0.215,0.041,0.195,0.103,0.041,0.062,0.117,0.023,0.045,0.2,0.087,0.033,0.123,0.221,0.194
2015-09-26 11:00:00,0.201,0.252,0.268,0.052,0.258,0.11,0.032,0.088,0.144,0.026,0.085,0.303,0.082,0.026,0.188,0.256,0.289
2015-09-26 12:00:00,0.226,0.267,0.275,0.044,0.324,0.114,0.037,0.087,0.156,0.022,0.094,0.377,0.084,0.031,0.2,0.266,0.383
2015-09-26 13:00:00,0.228,0.267,0.254,0.033,0.381,0.117,0.027,0.084,0.174,0.019,0.096,0.402,0.093,0.019,0.185,0.254,0.395
2015-09-26 14:00:00,0.192,0.196,0.213,0.031,0.311,0.088,0.023,0.07,0.135,0.013,0.083,0.395,0.067,0.012,0.158,0.196,0.377
2015-09-26 15:00:00,0.144,0.147,0.137,0.012,0.214,0.07,0.012,0.049,0.074,0.007,0.057,0.321,0.066,0.009,0.122,0.149,0.308
2015-09-26 16:00:00,0.082,0.075,0.071,0.001,0.123,0.022,0.005,0.024,0.016,0.0,0.016,0.19,0.011,0.0,0.069,0.082,0.221
2015-09-26 17:00:00,0.021,0.026,0.0,0.0,0.042,0.0,0.0,0.0,0.0,0.0,0.0,0.003,0.0,0.0,0.0,0.021,0.109
2015-09-26 18:00:00,0.0,0.0,0.0,0.0,0.0,0.0,0.0,0.0,0.0,0.0,0.0,0.0,0.0,0.0,0.0,0.0,0.0
2015-09-26 19:00:00,0.0,0.0,0.0,0.0,0.0,0.0,0.0,0.0,0.0,0.0,0.0,0.0,0.0,0.0,0.0,0.0,0.0
2015-09-26 20:00:00,0.0,0.0,0.0,0.0,0.0,0.0,0.0,0.0,0.0,0.0,0.0,0.0,0.0,0.0,0.0,0.0,0.0
2015-09-26 21:00:00,0.0,0.0,0.0,0.0,0.0,0.0,0.0,0.0,0.0,0.0,0.0,0.0,0.0,0.0,0.0,0.0,0.0
2015-09-26 22:00:00,0.0,0.0,0.0,0.0,0.0,0.0,0.0,0.0,0.0,0.0,0.0,0.0,0.0,0.0,0.0,0.0,0.0
2015-09-26 23:00:00,0.0,0.0,0.0,0.0,0.0,0.0,0.0,0.0,0.0,0.0,0.0,0.0,0.0,0.0,0.0,0.0,0.0
2015-09-27 00:00:00,0.0,0.0,0.0,0.0,0.0,0.0,0.0,0.0,0.0,0.0,0.0,0.0,0.0,0.0,0.0,0.0,0.0
2015-09-27 01:00:00,0.0,0.0,0.0,0.0,0.0,0.0,0.0,0.0,0.0,0.0,0.0,0.0,0.0,0.0,0.0,0.0,0.0
2015-09-27 02:00:00,0.0,0.0,0.0,0.0,0.0,0.0,0.0,0.0,0.0,0.0,0.0,0.0,0.0,0.0,0.0,0.0,0.0
2015-09-27 03:00:00,0.0,0.0,0.0,0.0,0.0,0.0,0.0,0.0,0.0,0.0,0.0,0.0,0.0,0.0,0.0,0.0,0.0
2015-09-27 04:00:00,0.0,0.0,0.0,0.0,0.0,0.0,0.0,0.0,0.0,0.0,0.0,0.0,0.0,0.0,0.0,0.0,0.0
2015-09-27 05:00:00,0.0,0.0,0.0,0.0,0.0,0.0,0.0,0.0,0.0,0.0,0.0,0.0,0.0,0.0,0.0,0.0,0.0
2015-09-27 06:00:00,0.016,0.013,0.016,0.014,0.01,0.02,0.017,0.025,0.021,0.005,0.027,0.014,0.02,0.021,0.026,0.014,0.009
2015-09-27 07:00:00,0.047,0.051,0.043,0.05,0.042,0.059,0.05,0.056,0.056,0.017,0.052,0.041,0.051,0.056,0.049,0.048,0.041
2015-09-27 08:00:00,0.075,0.084,0.068,0.087,0.07,0.076,0.091,0.085,0.094,0.042,0.093,0.065,0.088,0.097,0.074,0.074,0.063
2015-09-27 09:00:00,0.107,0.102,0.093,0.149,0.088,0.109,0.124,0.138,0.116,0.085,0.151,0.088,0.125,0.14,0.117,0.102,0.083
2015-09-27 10:00:00,0.202,0.213,0.203,0.204,0.193,0.177,0.215,0.217,0.208,0.113,0.23,0.199,0.168,0.21,0.207,0.215,0.185
2015-09-27 11:00:00,0.282,0.282,0.31,0.298,0.272,0.221,0.233,0.255,0.222,0.161,0.366,0.291,0.178,0.257,0.307,0.3,0.286
2015-09-27 12:00:00,0.33,0.328,0.336,0.369,0.363,0.25,0.231,0.315,0.239,0.231,0.399,0.369,0.15,0.279,0.326,0.34,0.367
2015-09-27 13:00:00,0.351,0.366,0.379,0.363,0.354,0.336,0.201,0.318,0.251,0.206,0.321,0.431,0.165,0.235,0.391,0.367,0.406
2015-09-27 14:00:00,0.305,0.324,0.326,0.297,0.296,0.28,0.151,0.283,0.252,0.196,0.245,0.395,0.19,0.171,0.345,0.309,0.384
2015-09-27 15:00:00,0.26,0.224,0.3,0.242,0.233,0.222,0.094,0.242,0.168,0.175,0.21,0.378,0.178,0.16,0.31,0.254,0.375
2015-09-27 16:00:00,0.17,0.142,0.169,0.148,0.147,0.144,0.104,0.173,0.109,0.132,0.152,0.237,0.133,0.116,0.192,0.157,0.275
2015-09-27 17:00:00,0.026,0.05,0.0,0.0,0.105,0.0,0.0,0.0,0.0,0.0,0.0,0.0,0.0,0.0,0.0,0.011,0.11
2015-09-27 18:00:00,0.0,0.0,0.0,0.0,0.0,0.0,0.0,0.0,0.0,0.0,0.0,0.0,0.0,0.0,0.0,0.0,0.0
2015-09-27 19:00:00,0.0,0.0,0.0,0.0,0.0,0.0,0.0,0.0,0.0,0.0,0.0,0.0,0.0,0.0,0.0,0.0,0.0
2015-09-27 20:00:00,0.0,0.0,0.0,0.0,0.0,0.0,0.0,0.0,0.0,0.0,0.0,0.0,0.0,0.0,0.0,0.0,0.0
2015-09-27 21:00:00,0.0,0.0,0.0,0.0,0.0,0.0,0.0,0.0,0.0,0.0,0.0,0.0,0.0,0.0,0.0,0.0,0.0
2015-09-27 22:00:00,0.0,0.0,0.0,0.0,0.0,0.0,0.0,0.0,0.0,0.0,0.0,0.0,0.0,0.0,0.0,0.0,0.0
2015-09-27 23:00:00,0.0,0.0,0.0,0.0,0.0,0.0,0.0,0.0,0.0,0.0,0.0,0.0,0.0,0.0,0.0,0.0,0.0
2015-09-28 00:00:00,0.0,0.0,0.0,0.0,0.0,0.0,0.0,0.0,0.0,0.0,0.0,0.0,0.0,0.0,0.0,0.0,0.0
2015-09-28 01:00:00,0.0,0.0,0.0,0.0,0.0,0.0,0.0,0.0,0.0,0.0,0.0,0.0,0.0,0.0,0.0,0.0,0.0
2015-09-28 02:00:00,0.0,0.0,0.0,0.0,0.0,0.0,0.0,0.0,0.0,0.0,0.0,0.0,0.0,0.0,0.0,0.0,0.0
2015-09-28 03:00:00,0.0,0.0,0.0,0.0,0.0,0.0,0.0,0.0,0.0,0.0,0.0,0.0,0.0,0.0,0.0,0.0,0.0
2015-09-28 04:00:00,0.0,0.0,0.0,0.0,0.0,0.0,0.0,0.0,0.0,0.0,0.0,0.0,0.0,0.0,0.0,0.0,0.0
2015-09-28 05:00:00,0.0,0.0,0.0,0.0,0.0,0.0,0.0,0.0,0.0,0.0,0.0,0.0,0.0,0.0,0.0,0.0,0.0
2015-09-28 06:00:00,0.017,0.013,0.016,0.031,0.01,0.021,0.021,0.023,0.017,0.037,0.027,0.013,0.019,0.026,0.022,0.014,0.009
2015-09-28 07:00:00,0.055,0.054,0.044,0.08,0.058,0.055,0.055,0.052,0.049,0.091,0.061,0.04,0.061,0.082,0.048,0.054,0.044
2015-09-28 08:00:00,0.087,0.085,0.064,0.119,0.111,0.079,0.104,0.082,0.077,0.139,0.095,0.071,0.115,0.131,0.076,0.08,0.071
2015-09-28 09:00:00,0.12,0.107,0.089,0.169,0.144,0.128,0.143,0.138,0.122,0.175,0.143,0.088,0.149,0.169,0.109,0.106,0.091
2015-09-28 10:00:00,0.219,0.233,0.209,0.25,0.211,0.248,0.23,0.224,0.249,0.207,0.21,0.176,0.261,0.266,0.207,0.228,0.18
2015-09-28 11:00:00,0.293,0.359,0.285,0.259,0.314,0.341,0.325,0.282,0.373,0.254,0.215,0.235,0.381,0.283,0.271,0.313,0.249
2015-09-28 12:00:00,0.322,0.436,0.344,0.262,0.324,0.333,0.298,0.298,0.446,0.283,0.21,0.298,0.365,0.2,0.312,0.339,0.318
2015-09-28 13:00:00,0.301,0.394,0.322,0.197,0.369,0.284,0.256,0.293,0.362,0.239,0.193,0.286,0.217,0.148,0.324,0.296,0.351
2015-09-28 14:00:00,0.263,0.247,0.298,0.183,0.294,0.282,0.217,0.261,0.205,0.165,0.213,0.28,0.149,0.19,0.275,0.267,0.354
2015-09-28 15:00:00,0.226,0.164,0.241,0.157,0.239,0.257,0.134,0.224,0.077,0.073,0.174,0.276,0.112,0.146,0.244,0.255,0.323
2015-09-28 16:00:00,0.142,0.109,0.157,0.077,0.188,0.137,0.055,0.14,0.035,0.033,0.129,0.188,0.057,0.063,0.154,0.146,0.224
2015-09-28 17:00:00,0.014,0.01,0.0,0.0,0.067,0.0,0.0,0.0,0.0,0.0,0.0,0.0,0.0,0.0,0.0,0.0,0.072
2015-09-28 18:00:00,0.0,0.0,0.0,0.0,0.0,0.0,0.0,0.0,0.0,0.0,0.0,0.0,0.0,0.0,0.0,0.0,0.0
2015-09-28 19:00:00,0.0,0.0,0.0,0.0,0.0,0.0,0.0,0.0,0.0,0.0,0.0,0.0,0.0,0.0,0.0,0.0,0.0
2015-09-28 20:00:00,0.0,0.0,0.0,0.0,0.0,0.0,0.0,0.0,0.0,0.0,0.0,0.0,0.0,0.0,0.0,0.0,0.0
2015-09-28 21:00:00,0.0,0.0,0.0,0.0,0.0,0.0,0.0,0.0,0.0,0.0,0.0,0.0,0.0,0.0,0.0,0.0,0.0
2015-09-28 22:00:00,0.0,0.0,0.0,0.0,0.0,0.0,0.0,0.0,0.0,0.0,0.0,0.0,0.0,0.0,0.0,0.0,0.0
2015-09-28 23:00:00,0.0,0.0,0.0,0.0,0.0,0.0,0.0,0.0,0.0,0.0,0.0,0.0,0.0,0.0,0.0,0.0,0.0
2015-09-29 00:00:00,0.0,0.0,0.0,0.0,0.0,0.0,0.0,0.0,0.0,0.0,0.0,0.0,0.0,0.0,0.0,0.0,0.0
2015-09-29 01:00:00,0.0,0.0,0.0,0.0,0.0,0.0,0.0,0.0,0.0,0.0,0.0,0.0,0.0,0.0,0.0,0.0,0.0
2015-09-29 02:00:00,0.0,0.0,0.0,0.0,0.0,0.0,0.0,0.0,0.0,0.0,0.0,0.0,0.0,0.0,0.0,0.0,0.0
2015-09-29 03:00:00,0.0,0.0,0.0,0.0,0.0,0.0,0.0,0.0,0.0,0.0,0.0,0.0,0.0,0.0,0.0,0.0,0.0
2015-09-29 04:00:00,0.0,0.0,0.0,0.0,0.0,0.0,0.0,0.0,0.0,0.0,0.0,0.0,0.0,0.0,0.0,0.0,0.0
2015-09-29 05:00:00,0.0,0.0,0.0,0.0,0.0,0.0,0.0,0.0,0.0,0.0,0.0,0.0,0.0,0.0,0.0,0.0,0.0
2015-09-29 06:00:00,0.015,0.011,0.015,0.027,0.009,0.02,0.017,0.022,0.014,0.02,0.025,0.012,0.018,0.021,0.02,0.014,0.008
2015-09-29 07:00:00,0.048,0.044,0.047,0.06,0.041,0.055,0.047,0.051,0.049,0.065,0.057,0.037,0.063,0.06,0.053,0.047,0.038
2015-09-29 08:00:00,0.08,0.086,0.066,0.114,0.064,0.099,0.092,0.087,0.097,0.093,0.096,0.06,0.107,0.106,0.085,0.076,0.061
2015-09-29 09:00:00,0.122,0.131,0.109,0.168,0.093,0.143,0.136,0.145,0.139,0.149,0.156,0.086,0.15,0.156,0.125,0.12,0.078
2015-09-29 10:00:00,0.209,0.18,0.216,0.228,0.2,0.222,0.216,0.241,0.194,0.23,0.24,0.183,0.187,0.239,0.223,0.21,0.18
2015-09-29 11:00:00,0.277,0.224,0.313,0.26,0.26,0.299,0.292,0.275,0.24,0.282,0.252,0.272,0.267,0.264,0.316,0.288,0.276
2015-09-29 12:00:00,0.318,0.22,0.394,0.285,0.311,0.331,0.299,0.262,0.289,0.329,0.198,0.318,0.344,0.374,0.302,0.365,0.331
2015-09-29 13:00:00,0.289,0.195,0.354,0.256,0.254,0.254,0.309,0.212,0.326,0.337,0.185,0.297,0.31,0.316,0.258,0.344,0.325
2015-09-29 14:00:00,0.272,0.264,0.262,0.242,0.245,0.198,0.274,0.195,0.32,0.253,0.168,0.298,0.309,0.241,0.24,0.322,0.334
2015-09-29 15:00:00,0.23,0.223,0.153,0.161,0.248,0.174,0.186,0.205,0.252,0.209,0.157,0.247,0.231,0.188,0.211,0.262,0.315
2015-09-29 16:00:00,0.131,0.137,0.109,0.078,0.122,0.107,0.118,0.111,0.109,0.106,0.073,0.162,0.163,0.1,0.107,0.15,0.199
2015-09-29 17:00:00,0.008,0.006,0.0,0.0,0.042,0.0,0.0,0.0,0.0,0.0,0.0,0.0,0.0,0.0,0.0,0.0,0.041
2015-09-29 18:00:00,0.0,0.0,0.0,0.0,0.0,0.0,0.0,0.0,0.0,0.0,0.0,0.0,0.0,0.0,0.0,0.0,0.0
2015-09-29 19:00:00,0.0,0.0,0.0,0.0,0.0,0.0,0.0,0.0,0.0,0.0,0.0,0.0,0.0,0.0,0.0,0.0,0.0
2015-09-29 20:00:00,0.0,0.0,0.0,0.0,0.0,0.0,0.0,0.0,0.0,0.0,0.0,0.0,0.0,0.0,0.0,0.0,0.0
2015-09-29 21:00:00,0.0,0.0,0.0,0.0,0.0,0.0,0.0,0.0,0.0,0.0,0.0,0.0,0.0,0.0,0.0,0.0,0.0
2015-09-29 22:00:00,0.0,0.0,0.0,0.0,0.0,0.0,0.0,0.0,0.0,0.0,0.0,0.0,0.0,0.0,0.0,0.0,0.0
2015-09-29 23:00:00,0.0,0.0,0.0,0.0,0.0,0.0,0.0,0.0,0.0,0.0,0.0,0.0,0.0,0.0,0.0,0.0,0.0
2015-09-30 00:00:00,0.0,0.0,0.0,0.0,0.0,0.0,0.0,0.0,0.0,0.0,0.0,0.0,0.0,0.0,0.0,0.0,0.0
2015-09-30 01:00:00,0.0,0.0,0.0,0.0,0.0,0.0,0.0,0.0,0.0,0.0,0.0,0.0,0.0,0.0,0.0,0.0,0.0
2015-09-30 02:00:00,0.0,0.0,0.0,0.0,0.0,0.0,0.0,0.0,0.0,0.0,0.0,0.0,0.0,0.0,0.0,0.0,0.0
2015-09-30 03:00:00,0.0,0.0,0.0,0.0,0.0,0.0,0.0,0.0,0.0,0.0,0.0,0.0,0.0,0.0,0.0,0.0,0.0
2015-09-30 04:00:00,0.0,0.0,0.0,0.0,0.0,0.0,0.0,0.0,0.0,0.0,0.0,0.0,0.0,0.0,0.0,0.0,0.0
2015-09-30 05:00:00,0.0,0.0,0.0,0.0,0.0,0.0,0.0,0.0,0.0,0.0,0.0,0.0,0.0,0.0,0.0,0.0,0.0
2015-09-30 06:00:00,0.012,0.008,0.014,0.026,0.007,0.01,0.013,0.017,0.01,0.018,0.022,0.012,0.01,0.012,0.019,0.01,0.008
2015-09-30 07:00:00,0.045,0.039,0.044,0.057,0.041,0.049,0.042,0.057,0.036,0.056,0.053,0.043,0.042,0.051,0.05,0.038,0.045
2015-09-30 08:00:00,0.074,0.067,0.072,0.096,0.067,0.083,0.082,0.092,0.071,0.082,0.075,0.073,0.069,0.076,0.072,0.068,0.078
2015-09-30 09:00:00,0.115,0.108,0.119,0.155,0.095,0.121,0.134,0.146,0.113,0.138,0.134,0.091,0.122,0.127,0.127,0.102,0.105
2015-09-30 10:00:00,0.205,0.183,0.213,0.219,0.2,0.185,0.187,0.226,0.167,0.224,0.263,0.197,0.151,0.206,0.237,0.201,0.195
2015-09-30 11:00:00,0.257,0.207,0.255,0.192,0.259,0.216,0.261,0.265,0.179,0.227,0.357,0.283,0.205,0.205,0.334,0.248,0.298
2015-09-30 12:00:00,0.281,0.195,0.294,0.19,0.305,0.22,0.211,0.282,0.137,0.205,0.414,0.371,0.183,0.157,0.404,0.256,0.361
2015-09-30 13:00:00,0.296,0.18,0.272,0.184,0.299,0.227,0.203,0.291,0.155,0.24,0.434,0.402,0.185,0.201,0.455,0.274,0.398
2015-09-30 14:00:00,0.264,0.13,0.245,0.159,0.277,0.195,0.136,0.289,0.146,0.186,0.406,0.4,0.124,0.166,0.413,0.229,0.381
2015-09-30 15:00:00,0.207,0.08,0.234,0.109,0.184,0.123,0.127,0.223,0.11,0.126,0.323,0.344,0.085,0.157,0.341,0.164,0.346
2015-09-30 16:00:00,0.127,0.067,0.119,0.051,0.16,0.069,0.071,0.112,0.096,0.077,0.179,0.21,0.047,0.08,0.198,0.101,0.214
2015-09-30 17:00:00,0.001,0.0,0.0,0.0,0.005,0.0,0.0,0.0,0.0,0.0,0.0,0.0,0.0,0.0,0.0,0.0,0.004
2015-09-30 18:00:00,0.0,0.0,0.0,0.0,0.0,0.0,0.0,0.0,0.0,0.0,0.0,0.0,0.0,0.0,0.0,0.0,0.0
2015-09-30 19:00:00,0.0,0.0,0.0,0.0,0.0,0.0,0.0,0.0,0.0,0.0,0.0,0.0,0.0,0.0,0.0,0.0,0.0
2015-09-30 20:00:00,0.0,0.0,0.0,0.0,0.0,0.0,0.0,0.0,0.0,0.0,0.0,0.0,0.0,0.0,0.0,0.0,0.0
2015-09-30 21:00:00,0.0,0.0,0.0,0.0,0.0,0.0,0.0,0.0,0.0,0.0,0.0,0.0,0.0,0.0,0.0,0.0,0.0
2015-09-30 22:00:00,0.0,0.0,0.0,0.0,0.0,0.0,0.0,0.0,0.0,0.0,0.0,0.0,0.0,0.0,0.0,0.0,0.0
2015-09-30 23:00:00,0.0,0.0,0.0,0.0,0.0,0.0,0.0,0.0,0.0,0.0,0.0,0.0,0.0,0.0,0.0,0.0,0.0
2015-10-01 00:00:00,0.0,0.0,0.0,0.0,0.0,0.0,0.0,0.0,0.0,0.0,0.0,0.0,0.0,0.0,0.0,0.0,0.0
2015-10-01 01:00:00,0.0,0.0,0.0,0.0,0.0,0.0,0.0,0.0,0.0,0.0,0.0,0.0,0.0,0.0,0.0,0.0,0.0
2015-10-01 02:00:00,0.0,0.0,0.0,0.0,0.0,0.0,0.0,0.0,0.0,0.0,0.0,0.0,0.0,0.0,0.0,0.0,0.0
2015-10-01 03:00:00,0.0,0.0,0.0,0.0,0.0,0.0,0.0,0.0,0.0,0.0,0.0,0.0,0.0,0.0,0.0,0.0,0.0
2015-10-01 04:00:00,0.0,0.0,0.0,0.0,0.0,0.0,0.0,0.0,0.0,0.0,0.0,0.0,0.0,0.0,0.0,0.0,0.0
2015-10-01 05:00:00,0.0,0.0,0.0,0.0,0.0,0.0,0.0,0.0,0.0,0.0,0.0,0.0,0.0,0.0,0.0,0.0,0.0
2015-10-01 06:00:00,0.017,0.011,0.019,0.025,0.009,0.019,0.019,0.025,0.015,0.021,0.035,0.015,0.018,0.019,0.028,0.014,0.009
2015-10-01 07:00:00,0.06,0.045,0.066,0.07,0.056,0.057,0.066,0.072,0.045,0.065,0.083,0.055,0.05,0.054,0.071,0.062,0.047
2015-10-01 08:00:00,0.094,0.084,0.108,0.102,0.092,0.1,0.118,0.117,0.067,0.109,0.114,0.067,0.074,0.093,0.085,0.106,0.062
2015-10-01 09:00:00,0.113,0.117,0.104,0.171,0.095,0.14,0.168,0.155,0.106,0.158,0.156,0.083,0.126,0.152,0.105,0.1,0.068
2015-10-01 10:00:00,0.235,0.236,0.233,0.261,0.212,0.26,0.28,0.261,0.255,0.258,0.265,0.208,0.262,0.262,0.239,0.232,0.195
2015-10-01 11:00:00,0.353,0.365,0.359,0.348,0.343,0.361,0.401,0.373,0.379,0.304,0.376,0.327,0.392,0.362,0.348,0.357,0.324
2015-10-01 12:00:00,0.437,0.455,0.45,0.37,0.443,0.418,0.492,0.441,0.456,0.359,0.458,0.426,0.472,0.427,0.439,0.449,0.42
2015-10-01 13:00:00,0.476,0.499,0.493,0.389,0.496,0.469,0.51,0.477,0.485,0.351,0.484,0.474,0.499,0.422,0.476,0.496,0.467
2015-10-01 14:00:00,0.462,0.492,0.483,0.371,0.499,0.439,0.495,0.456,0.457,0.378,0.46,0.461,0.457,0.386,0.462,0.475,0.464
2015-10-01 15:00:00,0.386,0.41,0.403,0.294,0.434,0.338,0.397,0.36,0.36,0.336,0.356,0.386,0.36,0.304,0.369,0.41,0.41
2015-10-01 16:00:00,0.228,0.245,0.239,0.161,0.284,0.215,0.21,0.2,0.199,0.158,0.183,0.209,0.187,0.133,0.2,0.257,0.258
2015-10-01 17:00:00,0.0,0.0,0.0,0.0,0.0,0.0,0.0,0.0,0.0,0.0,0.0,0.0,0.0,0.0,0.0,0.0,0.0
2015-10-01 18:00:00,0.0,0.0,0.0,0.0,0.0,0.0,0.0,0.0,0.0,0.0,0.0,0.0,0.0,0.0,0.0,0.0,0.0
2015-10-01 19:00:00,0.0,0.0,0.0,0.0,0.0,0.0,0.0,0.0,0.0,0.0,0.0,0.0,0.0,0.0,0.0,0.0,0.0
2015-10-01 20:00:00,0.0,0.0,0.0,0.0,0.0,0.0,0.0,0.0,0.0,0.0,0.0,0.0,0.0,0.0,0.0,0.0,0.0
2015-10-01 21:00:00,0.0,0.0,0.0,0.0,0.0,0.0,0.0,0.0,0.0,0.0,0.0,0.0,0.0,0.0,0.0,0.0,0.0
2015-10-01 22:00:00,0.0,0.0,0.0,0.0,0.0,0.0,0.0,0.0,0.0,0.0,0.0,0.0,0.0,0.0,0.0,0.0,0.0
2015-10-01 23:00:00,0.0,0.0,0.0,0.0,0.0,0.0,0.0,0.0,0.0,0.0,0.0,0.0,0.0,0.0,0.0,0.0,0.0
2015-10-02 00:00:00,0.0,0.0,0.0,0.0,0.0,0.0,0.0,0.0,0.0,0.0,0.0,0.0,0.0,0.0,0.0,0.0,0.0
2015-10-02 01:00:00,0.0,0.0,0.0,0.0,0.0,0.0,0.0,0.0,0.0,0.0,0.0,0.0,0.0,0.0,0.0,0.0,0.0
2015-10-02 02:00:00,0.0,0.0,0.0,0.0,0.0,0.0,0.0,0.0,0.0,0.0,0.0,0.0,0.0,0.0,0.0,0.0,0.0
2015-10-02 03:00:00,0.0,0.0,0.0,0.0,0.0,0.0,0.0,0.0,0.0,0.0,0.0,0.0,0.0,0.0,0.0,0.0,0.0
2015-10-02 04:00:00,0.0,0.0,0.0,0.0,0.0,0.0,0.0,0.0,0.0,0.0,0.0,0.0,0.0,0.0,0.0,0.0,0.0
2015-10-02 05:00:00,0.0,0.0,0.0,0.0,0.0,0.0,0.0,0.0,0.0,0.0,0.0,0.0,0.0,0.0,0.0,0.0,0.0
2015-10-02 06:00:00,0.015,0.01,0.018,0.025,0.008,0.018,0.019,0.022,0.014,0.025,0.023,0.009,0.017,0.021,0.014,0.014,0.007
2015-10-02 07:00:00,0.05,0.042,0.063,0.054,0.046,0.051,0.048,0.059,0.044,0.051,0.058,0.049,0.046,0.051,0.054,0.05,0.04
2015-10-02 08:00:00,0.077,0.065,0.095,0.079,0.069,0.077,0.064,0.085,0.063,0.069,0.083,0.087,0.063,0.071,0.083,0.079,0.072
2015-10-02 09:00:00,0.116,0.078,0.131,0.153,0.082,0.128,0.126,0.135,0.097,0.149,0.136,0.128,0.111,0.136,0.117,0.114,0.106
2015-10-02 10:00:00,0.234,0.229,0.236,0.289,0.213,0.261,0.278,0.259,0.247,0.296,0.24,0.214,0.261,0.282,0.196,0.234,0.194
2015-10-02 11:00:00,0.347,0.361,0.331,0.403,0.329,0.377,0.403,0.378,0.375,0.415,0.36,0.314,0.387,0.402,0.31,0.342,0.301
2015-10-02 12:00:00,0.434,0.456,0.401,0.482,0.424,0.462,0.486,0.459,0.464,0.492,0.438,0.408,0.473,0.484,0.386,0.433,0.389
2015-10-02 13:00:00,0.469,0.506,0.412,0.505,0.474,0.504,0.521,0.479,0.506,0.518,0.463,0.422,0.511,0.518,0.429,0.473,0.432
2015-10-02 14:00:00,0.456,0.5,0.376,0.471,0.473,0.484,0.497,0.443,0.492,0.485,0.443,0.439,0.492,0.492,0.433,0.462,0.42
2015-10-02 15:00:00,0.368,0.427,0.284,0.358,0.403,0.394,0.401,0.345,0.41,0.376,0.322,0.362,0.403,0.391,0.347,0.379,0.333
2015-10-02 16:00:00,0.213,0.269,0.154,0.176,0.265,0.222,0.222,0.179,0.245,0.194,0.152,0.212,0.231,0.212,0.185,0.23,0.193
2015-10-02 17:00:00,0.0,0.0,0.0,0.0,0.0,0.0,0.0,0.0,0.0,0.0,0.0,0.0,0.0,0.0,0.0,0.0,0.0
2015-10-02 18:00:00,0.0,0.0,0.0,0.0,0.0,0.0,0.0,0.0,0.0,0.0,0.0,0.0,0.0,0.0,0.0,0.0,0.0
2015-10-02 19:00:00,0.0,0.0,0.0,0.0,0.0,0.0,0.0,0.0,0.0,0.0,0.0,0.0,0.0,0.0,0.0,0.0,0.0
2015-10-02 20:00:00,0.0,0.0,0.0,0.0,0.0,0.0,0.0,0.0,0.0,0.0,0.0,0.0,0.0,0.0,0.0,0.0,0.0
2015-10-02 21:00:00,0.0,0.0,0.0,0.0,0.0,0.0,0.0,0.0,0.0,0.0,0.0,0.0,0.0,0.0,0.0,0.0,0.0
2015-10-02 22:00:00,0.0,0.0,0.0,0.0,0.0,0.0,0.0,0.0,0.0,0.0,0.0,0.0,0.0,0.0,0.0,0.0,0.0
2015-10-02 23:00:00,0.0,0.0,0.0,0.0,0.0,0.0,0.0,0.0,0.0,0.0,0.0,0.0,0.0,0.0,0.0,0.0,0.0
2015-10-03 00:00:00,0.0,0.0,0.0,0.0,0.0,0.0,0.0,0.0,0.0,0.0,0.0,0.0,0.0,0.0,0.0,0.0,0.0
2015-10-03 01:00:00,0.0,0.0,0.0,0.0,0.0,0.0,0.0,0.0,0.0,0.0,0.0,0.0,0.0,0.0,0.0,0.0,0.0
2015-10-03 02:00:00,0.0,0.0,0.0,0.0,0.0,0.0,0.0,0.0,0.0,0.0,0.0,0.0,0.0,0.0,0.0,0.0,0.0
2015-10-03 03:00:00,0.0,0.0,0.0,0.0,0.0,0.0,0.0,0.0,0.0,0.0,0.0,0.0,0.0,0.0,0.0,0.0,0.0
2015-10-03 04:00:00,0.0,0.0,0.0,0.0,0.0,0.0,0.0,0.0,0.0,0.0,0.0,0.0,0.0,0.0,0.0,0.0,0.0
2015-10-03 05:00:00,0.0,0.0,0.0,0.0,0.0,0.0,0.0,0.0,0.0,0.0,0.0,0.0,0.0,0.0,0.0,0.0,0.0
2015-10-03 06:00:00,0.013,0.008,0.012,0.026,0.006,0.016,0.018,0.02,0.012,0.024,0.022,0.01,0.015,0.02,0.017,0.01,0.006
2015-10-03 07:00:00,0.044,0.038,0.044,0.058,0.035,0.045,0.046,0.052,0.041,0.05,0.051,0.042,0.043,0.048,0.048,0.04,0.044
2015-10-03 08:00:00,0.065,0.056,0.065,0.075,0.053,0.064,0.062,0.073,0.058,0.07,0.07,0.066,0.059,0.068,0.068,0.06,0.085
2015-10-03 09:00:00,0.099,0.073,0.09,0.151,0.064,0.108,0.121,0.123,0.09,0.146,0.144,0.094,0.103,0.129,0.114,0.078,0.112
2015-10-03 10:00:00,0.228,0.213,0.224,0.277,0.196,0.246,0.271,0.257,0.231,0.285,0.258,0.211,0.248,0.27,0.23,0.217,0.199
2015-10-03 11:00:00,0.343,0.337,0.348,0.367,0.323,0.364,0.395,0.368,0.351,0.379,0.356,0.328,0.369,0.38,0.338,0.341,0.306
2015-10-03 12:00:00,0.424,0.424,0.436,0.407,0.415,0.444,0.478,0.43,0.432,0.442,0.414,0.413,0.451,0.444,0.414,0.428,0.407
2015-10-03 13:00:00,0.463,0.456,0.477,0.419,0.463,0.481,0.508,0.457,0.457,0.484,0.447,0.457,0.48,0.493,0.451,0.469,0.459
2015-10-03 14:00:00,0.437,0.377,0.46,0.369,0.448,0.46,0.483,0.434,0.407,0.461,0.37,0.448,0.452,0.473,0.409,0.453,0.469
2015-10-03 15:00:00,0.339,0.243,0.374,0.281,0.35,0.358,0.373,0.341,0.295,0.356,0.224,0.385,0.337,0.369,0.311,0.352,0.401
2015-10-03 16:00:00,0.167,0.07,0.207,0.137,0.148,0.18,0.186,0.175,0.097,0.186,0.099,0.223,0.141,0.187,0.17,0.163,0.245
2015-10-03 17:00:00,0.0,0.0,0.0,0.0,0.0,0.0,0.0,0.0,0.0,0.0,0.0,0.0,0.0,0.0,0.0,0.0,0.0
2015-10-03 18:00:00,0.0,0.0,0.0,0.0,0.0,0.0,0.0,0.0,0.0,0.0,0.0,0.0,0.0,0.0,0.0,0.0,0.0
2015-10-03 19:00:00,0.0,0.0,0.0,0.0,0.0,0.0,0.0,0.0,0.0,0.0,0.0,0.0,0.0,0.0,0.0,0.0,0.0
2015-10-03 20:00:00,0.0,0.0,0.0,0.0,0.0,0.0,0.0,0.0,0.0,0.0,0.0,0.0,0.0,0.0,0.0,0.0,0.0
2015-10-03 21:00:00,0.0,0.0,0.0,0.0,0.0,0.0,0.0,0.0,0.0,0.0,0.0,0.0,0.0,0.0,0.0,0.0,0.0
2015-10-03 22:00:00,0.0,0.0,0.0,0.0,0.0,0.0,0.0,0.0,0.0,0.0,0.0,0.0,0.0,0.0,0.0,0.0,0.0
2015-10-03 23:00:00,0.0,0.0,0.0,0.0,0.0,0.0,0.0,0.0,0.0,0.0,0.0,0.0,0.0,0.0,0.0,0.0,0.0
2015-10-04 00:00:00,0.0,0.0,0.0,0.0,0.0,0.0,0.0,0.0,0.0,0.0,0.0,0.0,0.0,0.0,0.0,0.0,0.0
2015-10-04 01:00:00,0.0,0.0,0.0,0.0,0.0,0.0,0.0,0.0,0.0,0.0,0.0,0.0,0.0,0.0,0.0,0.0,0.0
2015-10-04 02:00:00,0.0,0.0,0.0,0.0,0.0,0.0,0.0,0.0,0.0,0.0,0.0,0.0,0.0,0.0,0.0,0.0,0.0
2015-10-04 03:00:00,0.0,0.0,0.0,0.0,0.0,0.0,0.0,0.0,0.0,0.0,0.0,0.0,0.0,0.0,0.0,0.0,0.0
2015-10-04 04:00:00,0.0,0.0,0.0,0.0,0.0,0.0,0.0,0.0,0.0,0.0,0.0,0.0,0.0,0.0,0.0,0.0,0.0
2015-10-04 05:00:00,0.0,0.0,0.0,0.0,0.0,0.0,0.0,0.0,0.0,0.0,0.0,0.0,0.0,0.0,0.0,0.0,0.0
2015-10-04 06:00:00,0.012,0.007,0.012,0.021,0.006,0.014,0.016,0.018,0.01,0.021,0.025,0.01,0.013,0.018,0.019,0.009,0.006
2015-10-04 07:00:00,0.043,0.038,0.043,0.047,0.033,0.041,0.044,0.046,0.04,0.046,0.061,0.05,0.041,0.044,0.062,0.037,0.042
2015-10-04 08:00:00,0.066,0.062,0.059,0.062,0.059,0.059,0.062,0.062,0.063,0.062,0.073,0.078,0.061,0.061,0.096,0.058,0.08
2015-10-04 09:00:00,0.095,0.08,0.075,0.129,0.071,0.097,0.116,0.106,0.102,0.133,0.118,0.093,0.1,0.117,0.126,0.078,0.101
2015-10-04 10:00:00,0.214,0.207,0.207,0.263,0.188,0.23,0.253,0.237,0.223,0.269,0.242,0.198,0.235,0.255,0.221,0.203,0.179
2015-10-04 11:00:00,0.321,0.322,0.319,0.373,0.31,0.345,0.368,0.347,0.34,0.381,0.346,0.293,0.351,0.368,0.3,0.31,0.271
2015-10-04 12:00:00,0.397,0.403,0.399,0.444,0.398,0.423,0.447,0.426,0.418,0.454,0.423,0.364,0.426,0.444,0.386,0.382,0.344
2015-10-04 13:00:00,0.422,0.421,0.442,0.465,0.414,0.454,0.441,0.423,0.436,0.477,0.446,0.391,0.437,0.466,0.392,0.438,0.336
2015-10-04 14:00:00,0.382,0.353,0.404,0.43,0.393,0.381,0.389,0.343,0.388,0.444,0.354,0.368,0.352,0.399,0.32,0.422,0.327
2015-10-04 15:00:00,0.27,0.183,0.328,0.312,0.286,0.224,0.268,0.234,0.211,0.315,0.189,0.286,0.228,0.253,0.178,0.32,0.285
2015-10-04 16:00:00,0.124,0.05,0.189,0.138,0.085,0.11,0.13,0.121,0.053,0.136,0.093,0.144,0.065,0.109,0.085,0.146,0.179
2015-10-04 17:00:00,0.0,0.0,0.0,0.0,0.0,0.0,0.0,0.0,0.0,0.0,0.0,0.0,0.0,0.0,0.0,0.0,0.0
2015-10-04 18:00:00,0.0,0.0,0.0,0.0,0.0,0.0,0.0,0.0,0.0,0.0,0.0,0.0,0.0,0.0,0.0,0.0,0.0
2015-10-04 19:00:00,0.0,0.0,0.0,0.0,0.0,0.0,0.0,0.0,0.0,0.0,0.0,0.0,0.0,0.0,0.0,0.0,0.0
2015-10-04 20:00:00,0.0,0.0,0.0,0.0,0.0,0.0,0.0,0.0,0.0,0.0,0.0,0.0,0.0,0.0,0.0,0.0,0.0
2015-10-04 21:00:00,0.0,0.0,0.0,0.0,0.0,0.0,0.0,0.0,0.0,0.0,0.0,0.0,0.0,0.0,0.0,0.0,0.0
2015-10-04 22:00:00,0.0,0.0,0.0,0.0,0.0,0.0,0.0,0.0,0.0,0.0,0.0,0.0,0.0,0.0,0.0,0.0,0.0
2015-10-04 23:00:00,0.0,0.0,0.0,0.0,0.0,0.0,0.0,0.0,0.0,0.0,0.0,0.0,0.0,0.0,0.0,0.0,0.0
2015-10-05 00:00:00,0.0,0.0,0.0,0.0,0.0,0.0,0.0,0.0,0.0,0.0,0.0,0.0,0.0,0.0,0.0,0.0,0.0
2015-10-05 01:00:00,0.0,0.0,0.0,0.0,0.0,0.0,0.0,0.0,0.0,0.0,0.0,0.0,0.0,0.0,0.0,0.0,0.0
2015-10-05 02:00:00,0.0,0.0,0.0,0.0,0.0,0.0,0.0,0.0,0.0,0.0,0.0,0.0,0.0,0.0,0.0,0.0,0.0
2015-10-05 03:00:00,0.0,0.0,0.0,0.0,0.0,0.0,0.0,0.0,0.0,0.0,0.0,0.0,0.0,0.0,0.0,0.0,0.0
2015-10-05 04:00:00,0.0,0.0,0.0,0.0,0.0,0.0,0.0,0.0,0.0,0.0,0.0,0.0,0.0,0.0,0.0,0.0,0.0
2015-10-05 05:00:00,0.0,0.0,0.0,0.0,0.0,0.0,0.0,0.0,0.0,0.0,0.0,0.0,0.0,0.0,0.0,0.0,0.0
2015-10-05 06:00:00,0.011,0.007,0.01,0.024,0.005,0.014,0.006,0.021,0.009,0.019,0.023,0.006,0.01,0.016,0.015,0.009,0.003
2015-10-05 07:00:00,0.046,0.045,0.041,0.062,0.038,0.047,0.034,0.057,0.047,0.054,0.058,0.033,0.049,0.048,0.05,0.05,0.031
2015-10-05 08:00:00,0.076,0.076,0.082,0.104,0.062,0.063,0.063,0.088,0.071,0.085,0.095,0.065,0.078,0.072,0.087,0.075,0.064
2015-10-05 09:00:00,0.108,0.088,0.118,0.148,0.081,0.097,0.095,0.12,0.098,0.131,0.134,0.099,0.111,0.124,0.123,0.1,0.111
2015-10-05 10:00:00,0.201,0.21,0.177,0.239,0.189,0.231,0.2,0.236,0.221,0.226,0.241,0.136,0.217,0.24,0.194,0.202,0.17
2015-10-05 11:00:00,0.276,0.332,0.224,0.297,0.296,0.345,0.201,0.338,0.343,0.244,0.335,0.165,0.301,0.311,0.241,0.283,0.211
2015-10-05 12:00:00,0.339,0.412,0.281,0.372,0.354,0.427,0.285,0.398,0.432,0.304,0.395,0.214,0.392,0.365,0.26,0.373,0.223
2015-10-05 13:00:00,0.354,0.439,0.331,0.356,0.422,0.453,0.242,0.393,0.47,0.238,0.395,0.195,0.393,0.356,0.209,0.419,0.227
2015-10-05 14:00:00,0.328,0.422,0.276,0.289,0.419,0.419,0.238,0.355,0.449,0.201,0.321,0.162,0.386,0.326,0.159,0.393,0.261
2015-10-05 15:00:00,0.259,0.341,0.169,0.189,0.362,0.338,0.182,0.273,0.365,0.114,0.22,0.139,0.303,0.242,0.088,0.336,0.21
2015-10-05 16:00:00,0.145,0.224,0.07,0.065,0.227,0.169,0.078,0.132,0.205,0.048,0.108,0.075,0.161,0.097,0.035,0.193,0.157
2015-10-05 17:00:00,0.0,0.0,0.0,0.0,0.0,0.0,0.0,0.0,0.0,0.0,0.0,0.0,0.0,0.0,0.0,0.0,0.0
2015-10-05 18:00:00,0.0,0.0,0.0,0.0,0.0,0.0,0.0,0.0,0.0,0.0,0.0,0.0,0.0,0.0,0.0,0.0,0.0
2015-10-05 19:00:00,0.0,0.0,0.0,0.0,0.0,0.0,0.0,0.0,0.0,0.0,0.0,0.0,0.0,0.0,0.0,0.0,0.0
2015-10-05 20:00:00,0.0,0.0,0.0,0.0,0.0,0.0,0.0,0.0,0.0,0.0,0.0,0.0,0.0,0.0,0.0,0.0,0.0
2015-10-05 21:00:00,0.0,0.0,0.0,0.0,0.0,0.0,0.0,0.0,0.0,0.0,0.0,0.0,0.0,0.0,0.0,0.0,0.0
2015-10-05 22:00:00,0.0,0.0,0.0,0.0,0.0,0.0,0.0,0.0,0.0,0.0,0.0,0.0,0.0,0.0,0.0,0.0,0.0
2015-10-05 23:00:00,0.0,0.0,0.0,0.0,0.0,0.0,0.0,0.0,0.0,0.0,0.0,0.0,0.0,0.0,0.0,0.0,0.0
2015-10-06 00:00:00,0.0,0.0,0.0,0.0,0.0,0.0,0.0,0.0,0.0,0.0,0.0,0.0,0.0,0.0,0.0,0.0,0.0
2015-10-06 01:00:00,0.0,0.0,0.0,0.0,0.0,0.0,0.0,0.0,0.0,0.0,0.0,0.0,0.0,0.0,0.0,0.0,0.0
2015-10-06 02:00:00,0.0,0.0,0.0,0.0,0.0,0.0,0.0,0.0,0.0,0.0,0.0,0.0,0.0,0.0,0.0,0.0,0.0
2015-10-06 03:00:00,0.0,0.0,0.0,0.0,0.0,0.0,0.0,0.0,0.0,0.0,0.0,0.0,0.0,0.0,0.0,0.0,0.0
2015-10-06 04:00:00,0.0,0.0,0.0,0.0,0.0,0.0,0.0,0.0,0.0,0.0,0.0,0.0,0.0,0.0,0.0,0.0,0.0
2015-10-06 05:00:00,0.0,0.0,0.0,0.0,0.0,0.0,0.0,0.0,0.0,0.0,0.0,0.0,0.0,0.0,0.0,0.0,0.0
2015-10-06 06:00:00,0.008,0.009,0.002,0.018,0.006,0.009,0.018,0.008,0.01,0.02,0.005,0.005,0.012,0.017,0.007,0.007,0.003
2015-10-06 07:00:00,0.04,0.054,0.018,0.051,0.048,0.045,0.064,0.028,0.054,0.056,0.02,0.033,0.059,0.052,0.033,0.04,0.03
2015-10-06 08:00:00,0.075,0.093,0.044,0.079,0.093,0.076,0.118,0.049,0.095,0.104,0.043,0.071,0.113,0.093,0.067,0.076,0.059
2015-10-06 09:00:00,0.103,0.119,0.071,0.11,0.118,0.112,0.167,0.078,0.111,0.144,0.077,0.093,0.156,0.138,0.102,0.1,0.089
2015-10-06 10:00:00,0.167,0.214,0.094,0.144,0.202,0.194,0.241,0.105,0.233,0.2,0.14,0.155,0.24,0.195,0.153,0.175,0.133
2015-10-06 11:00:00,0.219,0.26,0.112,0.167,0.243,0.251,0.322,0.153,0.322,0.253,0.144,0.205,0.324,0.25,0.198,0.248,0.186
2015-10-06 12:00:00,0.245,0.272,0.104,0.198,0.257,0.223,0.396,0.134,0.367,0.305,0.182,0.227,0.368,0.243,0.239,0.299,0.202
2015-10-06 13:00:00,0.233,0.211,0.111,0.139,0.22,0.222,0.355,0.106,0.318,0.282,0.194,0.242,0.352,0.222,0.251,0.315,0.179
2015-10-06 14:00:00,0.193,0.155,0.078,0.112,0.158,0.178,0.277,0.075,0.228,0.277,0.189,0.24,0.276,0.216,0.25,0.26,0.125
2015-10-06 15:00:00,0.107,0.069,0.033,0.043,0.077,0.101,0.14,0.046,0.11,0.195,0.122,0.167,0.177,0.117,0.186,0.127,0.068
2015-10-06 16:00:00,0.041,0.023,0.006,0.014,0.024,0.028,0.056,0.016,0.028,0.063,0.083,0.071,0.06,0.044,0.104,0.04,0.027
2015-10-06 17:00:00,0.0,0.0,0.0,0.0,0.0,0.0,0.0,0.0,0.0,0.0,0.0,0.0,0.0,0.0,0.0,0.0,0.0
2015-10-06 18:00:00,0.0,0.0,0.0,0.0,0.0,0.0,0.0,0.0,0.0,0.0,0.0,0.0,0.0,0.0,0.0,0.0,0.0
2015-10-06 19:00:00,0.0,0.0,0.0,0.0,0.0,0.0,0.0,0.0,0.0,0.0,0.0,0.0,0.0,0.0,0.0,0.0,0.0
2015-10-06 20:00:00,0.0,0.0,0.0,0.0,0.0,0.0,0.0,0.0,0.0,0.0,0.0,0.0,0.0,0.0,0.0,0.0,0.0
2015-10-06 21:00:00,0.0,0.0,0.0,0.0,0.0,0.0,0.0,0.0,0.0,0.0,0.0,0.0,0.0,0.0,0.0,0.0,0.0
2015-10-06 22:00:00,0.0,0.0,0.0,0.0,0.0,0.0,0.0,0.0,0.0,0.0,0.0,0.0,0.0,0.0,0.0,0.0,0.0
2015-10-06 23:00:00,0.0,0.0,0.0,0.0,0.0,0.0,0.0,0.0,0.0,0.0,0.0,0.0,0.0,0.0,0.0,0.0,0.0
2015-10-07 00:00:00,0.0,0.0,0.0,0.0,0.0,0.0,0.0,0.0,0.0,0.0,0.0,0.0,0.0,0.0,0.0,0.0,0.0
2015-10-07 01:00:00,0.0,0.0,0.0,0.0,0.0,0.0,0.0,0.0,0.0,0.0,0.0,0.0,0.0,0.0,0.0,0.0,0.0
2015-10-07 02:00:00,0.0,0.0,0.0,0.0,0.0,0.0,0.0,0.0,0.0,0.0,0.0,0.0,0.0,0.0,0.0,0.0,0.0
2015-10-07 03:00:00,0.0,0.0,0.0,0.0,0.0,0.0,0.0,0.0,0.0,0.0,0.0,0.0,0.0,0.0,0.0,0.0,0.0
2015-10-07 04:00:00,0.0,0.0,0.0,0.0,0.0,0.0,0.0,0.0,0.0,0.0,0.0,0.0,0.0,0.0,0.0,0.0,0.0
2015-10-07 05:00:00,0.0,0.0,0.0,0.0,0.0,0.0,0.0,0.0,0.0,0.0,0.0,0.0,0.0,0.0,0.0,0.0,0.0
2015-10-07 06:00:00,0.006,0.003,0.003,0.016,0.001,0.005,0.007,0.011,0.004,0.006,0.018,0.007,0.006,0.005,0.013,0.003,0.002
2015-10-07 07:00:00,0.035,0.025,0.042,0.044,0.02,0.03,0.029,0.041,0.025,0.02,0.045,0.052,0.031,0.018,0.046,0.035,0.035
2015-10-07 08:00:00,0.061,0.048,0.088,0.063,0.047,0.056,0.048,0.066,0.051,0.037,0.062,0.087,0.053,0.037,0.066,0.058,0.071
2015-10-07 09:00:00,0.097,0.069,0.134,0.136,0.068,0.097,0.077,0.124,0.079,0.074,0.116,0.111,0.079,0.081,0.1,0.088,0.105
2015-10-07 10:00:00,0.171,0.091,0.204,0.269,0.113,0.16,0.12,0.251,0.115,0.121,0.264,0.217,0.139,0.123,0.243,0.139,0.176
2015-10-07 11:00:00,0.238,0.113,0.273,0.397,0.129,0.208,0.138,0.358,0.176,0.18,0.385,0.321,0.16,0.196,0.364,0.188,0.254
2015-10-07 12:00:00,0.282,0.122,0.308,0.476,0.138,0.274,0.15,0.442,0.181,0.238,0.459,0.402,0.191,0.269,0.45,0.202,0.314
2015-10-07 13:00:00,0.293,0.119,0.289,0.494,0.12,0.282,0.19,0.478,0.237,0.291,0.486,0.434,0.263,0.292,0.487,0.192,0.327
2015-10-07 14:00:00,0.279,0.12,0.29,0.453,0.119,0.246,0.232,0.437,0.247,0.334,0.462,0.418,0.271,0.299,0.465,0.175,0.297
2015-10-07 15:00:00,0.19,0.082,0.154,0.317,0.092,0.164,0.176,0.315,0.157,0.249,0.341,0.324,0.209,0.191,0.355,0.086,0.206
2015-10-07 16:00:00,0.091,0.063,0.054,0.124,0.061,0.057,0.092,0.128,0.09,0.116,0.167,0.157,0.094,0.073,0.175,0.049,0.09
2015-10-07 17:00:00,0.0,0.0,0.0,0.0,0.0,0.0,0.0,0.0,0.0,0.0,0.0,0.0,0.0,0.0,0.0,0.0,0.0
2015-10-07 18:00:00,0.0,0.0,0.0,0.0,0.0,0.0,0.0,0.0,0.0,0.0,0.0,0.0,0.0,0.0,0.0,0.0,0.0
2015-10-07 19:00:00,0.0,0.0,0.0,0.0,0.0,0.0,0.0,0.0,0.0,0.0,0.0,0.0,0.0,0.0,0.0,0.0,0.0
2015-10-07 20:00:00,0.0,0.0,0.0,0.0,0.0,0.0,0.0,0.0,0.0,0.0,0.0,0.0,0.0,0.0,0.0,0.0,0.0
2015-10-07 21:00:00,0.0,0.0,0.0,0.0,0.0,0.0,0.0,0.0,0.0,0.0,0.0,0.0,0.0,0.0,0.0,0.0,0.0
2015-10-07 22:00:00,0.0,0.0,0.0,0.0,0.0,0.0,0.0,0.0,0.0,0.0,0.0,0.0,0.0,0.0,0.0,0.0,0.0
2015-10-07 23:00:00,0.0,0.0,0.0,0.0,0.0,0.0,0.0,0.0,0.0,0.0,0.0,0.0,0.0,0.0,0.0,0.0,0.0
2015-10-08 00:00:00,0.0,0.0,0.0,0.0,0.0,0.0,0.0,0.0,0.0,0.0,0.0,0.0,0.0,0.0,0.0,0.0,0.0
2015-10-08 01:00:00,0.0,0.0,0.0,0.0,0.0,0.0,0.0,0.0,0.0,0.0,0.0,0.0,0.0,0.0,0.0,0.0,0.0
2015-10-08 02:00:00,0.0,0.0,0.0,0.0,0.0,0.0,0.0,0.0,0.0,0.0,0.0,0.0,0.0,0.0,0.0,0.0,0.0
2015-10-08 03:00:00,0.0,0.0,0.0,0.0,0.0,0.0,0.0,0.0,0.0,0.0,0.0,0.0,0.0,0.0,0.0,0.0,0.0
2015-10-08 04:00:00,0.0,0.0,0.0,0.0,0.0,0.0,0.0,0.0,0.0,0.0,0.0,0.0,0.0,0.0,0.0,0.0,0.0
2015-10-08 05:00:00,0.0,0.0,0.0,0.0,0.0,0.0,0.0,0.0,0.0,0.0,0.0,0.0,0.0,0.0,0.0,0.0,0.0
2015-10-08 06:00:00,0.01,0.004,0.009,0.028,0.003,0.014,0.013,0.018,0.007,0.023,0.017,0.009,0.01,0.019,0.012,0.007,0.003
2015-10-08 07:00:00,0.046,0.036,0.058,0.074,0.02,0.06,0.051,0.056,0.042,0.055,0.044,0.048,0.045,0.059,0.041,0.048,0.033
2015-10-08 08:00:00,0.077,0.053,0.094,0.106,0.065,0.1,0.071,0.087,0.064,0.083,0.061,0.082,0.07,0.084,0.058,0.08,0.074
2015-10-08 09:00:00,0.108,0.078,0.103,0.161,0.114,0.129,0.118,0.123,0.094,0.152,0.111,0.104,0.111,0.139,0.086,0.099,0.101
2015-10-08 10:00:00,0.209,0.134,0.224,0.279,0.159,0.238,0.24,0.254,0.162,0.251,0.26,0.205,0.211,0.268,0.235,0.201,0.184
2015-10-08 11:00:00,0.304,0.184,0.348,0.378,0.205,0.352,0.284,0.375,0.246,0.327,0.385,0.326,0.284,0.367,0.364,0.297,0.275
2015-10-08 12:00:00,0.372,0.228,0.438,0.425,0.256,0.422,0.366,0.456,0.256,0.335,0.45,0.418,0.296,0.402,0.45,0.374,0.369
2015-10-08 13:00:00,0.39,0.184,0.48,0.465,0.246,0.456,0.374,0.497,0.208,0.298,0.49,0.459,0.305,0.412,0.476,0.399,0.399
2015-10-08 14:00:00,0.355,0.143,0.464,0.422,0.171,0.431,0.293,0.469,0.184,0.218,0.458,0.441,0.28,0.371,0.458,0.377,0.353
2015-10-08 15:00:00,0.264,0.062,0.369,0.303,0.102,0.331,0.233,0.358,0.101,0.158,0.334,0.357,0.18,0.305,0.349,0.291,0.26
2015-10-08 16:00:00,0.129,0.026,0.201,0.139,0.038,0.174,0.112,0.178,0.037,0.05,0.166,0.182,0.101,0.143,0.176,0.144,0.126
2015-10-08 17:00:00,0.0,0.0,0.0,0.0,0.0,0.0,0.0,0.0,0.0,0.0,0.0,0.0,0.0,0.0,0.0,0.0,0.0
2015-10-08 18:00:00,0.0,0.0,0.0,0.0,0.0,0.0,0.0,0.0,0.0,0.0,0.0,0.0,0.0,0.0,0.0,0.0,0.0
2015-10-08 19:00:00,0.0,0.0,0.0,0.0,0.0,0.0,0.0,0.0,0.0,0.0,0.0,0.0,0.0,0.0,0.0,0.0,0.0
2015-10-08 20:00:00,0.0,0.0,0.0,0.0,0.0,0.0,0.0,0.0,0.0,0.0,0.0,0.0,0.0,0.0,0.0,0.0,0.0
2015-10-08 21:00:00,0.0,0.0,0.0,0.0,0.0,0.0,0.0,0.0,0.0,0.0,0.0,0.0,0.0,0.0,0.0,0.0,0.0
2015-10-08 22:00:00,0.0,0.0,0.0,0.0,0.0,0.0,0.0,0.0,0.0,0.0,0.0,0.0,0.0,0.0,0.0,0.0,0.0
2015-10-08 23:00:00,0.0,0.0,0.0,0.0,0.0,0.0,0.0,0.0,0.0,0.0,0.0,0.0,0.0,0.0,0.0,0.0,0.0
2015-10-09 00:00:00,0.0,0.0,0.0,0.0,0.0,0.0,0.0,0.0,0.0,0.0,0.0,0.0,0.0,0.0,0.0,0.0,0.0
2015-10-09 01:00:00,0.0,0.0,0.0,0.0,0.0,0.0,0.0,0.0,0.0,0.0,0.0,0.0,0.0,0.0,0.0,0.0,0.0
2015-10-09 02:00:00,0.0,0.0,0.0,0.0,0.0,0.0,0.0,0.0,0.0,0.0,0.0,0.0,0.0,0.0,0.0,0.0,0.0
2015-10-09 03:00:00,0.0,0.0,0.0,0.0,0.0,0.0,0.0,0.0,0.0,0.0,0.0,0.0,0.0,0.0,0.0,0.0,0.0
2015-10-09 04:00:00,0.0,0.0,0.0,0.0,0.0,0.0,0.0,0.0,0.0,0.0,0.0,0.0,0.0,0.0,0.0,0.0,0.0
2015-10-09 05:00:00,0.0,0.0,0.0,0.0,0.0,0.0,0.0,0.0,0.0,0.0,0.0,0.0,0.0,0.0,0.0,0.0,0.0
2015-10-09 06:00:00,0.008,0.003,0.008,0.018,0.002,0.011,0.005,0.013,0.003,0.017,0.014,0.006,0.004,0.014,0.01,0.007,0.003
2015-10-09 07:00:00,0.042,0.028,0.047,0.047,0.037,0.043,0.029,0.043,0.022,0.048,0.048,0.05,0.032,0.045,0.044,0.046,0.042
2015-10-09 08:00:00,0.07,0.058,0.074,0.064,0.067,0.068,0.059,0.064,0.039,0.067,0.082,0.076,0.062,0.064,0.067,0.076,0.077
2015-10-09 09:00:00,0.104,0.09,0.095,0.13,0.089,0.102,0.087,0.106,0.079,0.134,0.138,0.091,0.086,0.114,0.098,0.107,0.111
2015-10-09 10:00:00,0.217,0.203,0.223,0.276,0.195,0.246,0.181,0.247,0.178,0.278,0.228,0.195,0.192,0.263,0.209,0.22,0.181
2015-10-09 11:00:00,0.32,0.305,0.324,0.394,0.314,0.366,0.237,0.368,0.268,0.402,0.29,0.295,0.301,0.392,0.301,0.321,0.278
2015-10-09 12:00:00,0.383,0.379,0.373,0.47,0.4,0.415,0.261,0.446,0.331,0.466,0.31,0.367,0.359,0.466,0.357,0.37,0.365
2015-10-09 13:00:00,0.402,0.396,0.395,0.499,0.414,0.397,0.256,0.479,0.366,0.499,0.326,0.389,0.372,0.494,0.382,0.388,0.388
2015-10-09 14:00:00,0.363,0.366,0.352,0.461,0.398,0.335,0.228,0.433,0.336,0.462,0.295,0.343,0.34,0.437,0.372,0.33,0.352
2015-10-09 15:00:00,0.265,0.279,0.259,0.326,0.32,0.221,0.154,0.301,0.242,0.331,0.184,0.242,0.243,0.299,0.233,0.261,0.263
2015-10-09 16:00:00,0.122,0.149,0.101,0.157,0.164,0.078,0.06,0.122,0.12,0.16,0.121,0.101,0.107,0.121,0.124,0.11,0.122
2015-10-09 17:00:00,0.0,0.0,0.0,0.0,0.0,0.0,0.0,0.0,0.0,0.0,0.0,0.0,0.0,0.0,0.0,0.0,0.0
2015-10-09 18:00:00,0.0,0.0,0.0,0.0,0.0,0.0,0.0,0.0,0.0,0.0,0.0,0.0,0.0,0.0,0.0,0.0,0.0
2015-10-09 19:00:00,0.0,0.0,0.0,0.0,0.0,0.0,0.0,0.0,0.0,0.0,0.0,0.0,0.0,0.0,0.0,0.0,0.0
2015-10-09 20:00:00,0.0,0.0,0.0,0.0,0.0,0.0,0.0,0.0,0.0,0.0,0.0,0.0,0.0,0.0,0.0,0.0,0.0
2015-10-09 21:00:00,0.0,0.0,0.0,0.0,0.0,0.0,0.0,0.0,0.0,0.0,0.0,0.0,0.0,0.0,0.0,0.0,0.0
2015-10-09 22:00:00,0.0,0.0,0.0,0.0,0.0,0.0,0.0,0.0,0.0,0.0,0.0,0.0,0.0,0.0,0.0,0.0,0.0
2015-10-09 23:00:00,0.0,0.0,0.0,0.0,0.0,0.0,0.0,0.0,0.0,0.0,0.0,0.0,0.0,0.0,0.0,0.0,0.0
2015-10-10 00:00:00,0.0,0.0,0.0,0.0,0.0,0.0,0.0,0.0,0.0,0.0,0.0,0.0,0.0,0.0,0.0,0.0,0.0
2015-10-10 01:00:00,0.0,0.0,0.0,0.0,0.0,0.0,0.0,0.0,0.0,0.0,0.0,0.0,0.0,0.0,0.0,0.0,0.0
2015-10-10 02:00:00,0.0,0.0,0.0,0.0,0.0,0.0,0.0,0.0,0.0,0.0,0.0,0.0,0.0,0.0,0.0,0.0,0.0
2015-10-10 03:00:00,0.0,0.0,0.0,0.0,0.0,0.0,0.0,0.0,0.0,0.0,0.0,0.0,0.0,0.0,0.0,0.0,0.0
2015-10-10 04:00:00,0.0,0.0,0.0,0.0,0.0,0.0,0.0,0.0,0.0,0.0,0.0,0.0,0.0,0.0,0.0,0.0,0.0
2015-10-10 05:00:00,0.0,0.0,0.0,0.0,0.0,0.0,0.0,0.0,0.0,0.0,0.0,0.0,0.0,0.0,0.0,0.0,0.0
2015-10-10 06:00:00,0.007,0.004,0.006,0.018,0.003,0.01,0.007,0.012,0.006,0.017,0.014,0.005,0.008,0.014,0.01,0.006,0.002
2015-10-10 07:00:00,0.04,0.036,0.037,0.047,0.033,0.045,0.037,0.042,0.041,0.048,0.044,0.037,0.043,0.045,0.04,0.044,0.03
2015-10-10 08:00:00,0.064,0.062,0.055,0.064,0.055,0.068,0.07,0.06,0.077,0.069,0.081,0.067,0.067,0.065,0.067,0.067,0.053
2015-10-10 09:00:00,0.088,0.08,0.068,0.129,0.066,0.092,0.097,0.099,0.103,0.131,0.115,0.088,0.088,0.115,0.094,0.084,0.064
2015-10-10 10:00:00,0.217,0.212,0.212,0.28,0.19,0.244,0.205,0.248,0.228,0.28,0.231,0.188,0.22,0.266,0.212,0.213,0.175
2015-10-10 11:00:00,0.335,0.343,0.347,0.404,0.326,0.358,0.273,0.374,0.322,0.399,0.298,0.282,0.321,0.392,0.289,0.343,0.31
2015-10-10 12:00:00,0.419,0.444,0.442,0.483,0.427,0.463,0.317,0.455,0.392,0.476,0.316,0.327,0.392,0.479,0.341,0.443,0.413
2015-10-10 13:00:00,0.455,0.495,0.487,0.51,0.482,0.5,0.4,0.473,0.447,0.473,0.274,0.34,0.447,0.513,0.357,0.49,0.467
2015-10-10 14:00:00,0.432,0.483,0.467,0.464,0.478,0.477,0.34,0.438,0.446,0.418,0.212,0.318,0.422,0.476,0.314,0.476,0.461
2015-10-10 15:00:00,0.335,0.39,0.367,0.329,0.397,0.369,0.231,0.319,0.327,0.271,0.132,0.23,0.312,0.361,0.243,0.383,0.376
2015-10-10 16:00:00,0.175,0.216,0.191,0.163,0.228,0.187,0.097,0.159,0.164,0.119,0.049,0.104,0.141,0.165,0.115,0.208,0.211
2015-10-10 17:00:00,0.0,0.0,0.0,0.0,0.0,0.0,0.0,0.0,0.0,0.0,0.0,0.0,0.0,0.0,0.0,0.0,0.0
2015-10-10 18:00:00,0.0,0.0,0.0,0.0,0.0,0.0,0.0,0.0,0.0,0.0,0.0,0.0,0.0,0.0,0.0,0.0,0.0
2015-10-10 19:00:00,0.0,0.0,0.0,0.0,0.0,0.0,0.0,0.0,0.0,0.0,0.0,0.0,0.0,0.0,0.0,0.0,0.0
2015-10-10 20:00:00,0.0,0.0,0.0,0.0,0.0,0.0,0.0,0.0,0.0,0.0,0.0,0.0,0.0,0.0,0.0,0.0,0.0
2015-10-10 21:00:00,0.0,0.0,0.0,0.0,0.0,0.0,0.0,0.0,0.0,0.0,0.0,0.0,0.0,0.0,0.0,0.0,0.0
2015-10-10 22:00:00,0.0,0.0,0.0,0.0,0.0,0.0,0.0,0.0,0.0,0.0,0.0,0.0,0.0,0.0,0.0,0.0,0.0
2015-10-10 23:00:00,0.0,0.0,0.0,0.0,0.0,0.0,0.0,0.0,0.0,0.0,0.0,0.0,0.0,0.0,0.0,0.0,0.0
2015-10-11 00:00:00,0.0,0.0,0.0,0.0,0.0,0.0,0.0,0.0,0.0,0.0,0.0,0.0,0.0,0.0,0.0,0.0,0.0
2015-10-11 01:00:00,0.0,0.0,0.0,0.0,0.0,0.0,0.0,0.0,0.0,0.0,0.0,0.0,0.0,0.0,0.0,0.0,0.0
2015-10-11 02:00:00,0.0,0.0,0.0,0.0,0.0,0.0,0.0,0.0,0.0,0.0,0.0,0.0,0.0,0.0,0.0,0.0,0.0
2015-10-11 03:00:00,0.0,0.0,0.0,0.0,0.0,0.0,0.0,0.0,0.0,0.0,0.0,0.0,0.0,0.0,0.0,0.0,0.0
2015-10-11 04:00:00,0.0,0.0,0.0,0.0,0.0,0.0,0.0,0.0,0.0,0.0,0.0,0.0,0.0,0.0,0.0,0.0,0.0
2015-10-11 05:00:00,0.0,0.0,0.0,0.0,0.0,0.0,0.0,0.0,0.0,0.0,0.0,0.0,0.0,0.0,0.0,0.0,0.0
2015-10-11 06:00:00,0.007,0.005,0.005,0.025,0.002,0.013,0.011,0.013,0.009,0.016,0.011,0.002,0.012,0.017,0.006,0.005,0.001
2015-10-11 07:00:00,0.043,0.044,0.037,0.076,0.03,0.065,0.058,0.053,0.068,0.063,0.042,0.026,0.071,0.072,0.033,0.039,0.029
2015-10-11 08:00:00,0.074,0.073,0.067,0.103,0.051,0.098,0.111,0.082,0.118,0.114,0.076,0.061,0.117,0.115,0.068,0.064,0.061
2015-10-11 09:00:00,0.106,0.091,0.097,0.157,0.064,0.141,0.149,0.128,0.162,0.151,0.127,0.092,0.165,0.162,0.113,0.089,0.078
2015-10-11 10:00:00,0.204,0.216,0.2,0.267,0.189,0.247,0.215,0.232,0.23,0.203,0.206,0.145,0.238,0.248,0.172,0.211,0.165
2015-10-11 11:00:00,0.297,0.339,0.295,0.341,0.328,0.328,0.253,0.325,0.271,0.225,0.263,0.19,0.275,0.304,0.237,0.332,0.268
2015-10-11 12:00:00,0.353,0.426,0.381,0.382,0.431,0.36,0.264,0.346,0.285,0.203,0.216,0.223,0.276,0.317,0.238,0.426,0.356
2015-10-11 13:00:00,0.359,0.457,0.434,0.362,0.481,0.352,0.214,0.289,0.28,0.17,0.204,0.18,0.239,0.295,0.163,0.465,0.401
2015-10-11 14:00:00,0.329,0.439,0.414,0.277,0.476,0.292,0.158,0.224,0.203,0.131,0.194,0.164,0.15,0.205,0.147,0.453,0.367
2015-10-11 15:00:00,0.234,0.351,0.277,0.138,0.396,0.175,0.063,0.144,0.115,0.061,0.095,0.102,0.066,0.094,0.102,0.35,0.257
2015-10-11 16:00:00,0.11,0.198,0.087,0.029,0.224,0.042,0.006,0.027,0.037,0.007,0.016,0.048,0.007,0.015,0.044,0.183,0.142
2015-10-11 17:00:00,0.0,0.0,0.0,0.0,0.0,0.0,0.0,0.0,0.0,0.0,0.0,0.0,0.0,0.0,0.0,0.0,0.0
2015-10-11 18:00:00,0.0,0.0,0.0,0.0,0.0,0.0,0.0,0.0,0.0,0.0,0.0,0.0,0.0,0.0,0.0,0.0,0.0
2015-10-11 19:00:00,0.0,0.0,0.0,0.0,0.0,0.0,0.0,0.0,0.0,0.0,0.0,0.0,0.0,0.0,0.0,0.0,0.0
2015-10-11 20:00:00,0.0,0.0,0.0,0.0,0.0,0.0,0.0,0.0,0.0,0.0,0.0,0.0,0.0,0.0,0.0,0.0,0.0
2015-10-11 21:00:00,0.0,0.0,0.0,0.0,0.0,0.0,0.0,0.0,0.0,0.0,0.0,0.0,0.0,0.0,0.0,0.0,0.0
2015-10-11 22:00:00,0.0,0.0,0.0,0.0,0.0,0.0,0.0,0.0,0.0,0.0,0.0,0.0,0.0,0.0,0.0,0.0,0.0
2015-10-11 23:00:00,0.0,0.0,0.0,0.0,0.0,0.0,0.0,0.0,0.0,0.0,0.0,0.0,0.0,0.0,0.0,0.0,0.0
2015-10-12 00:00:00,0.0,0.0,0.0,0.0,0.0,0.0,0.0,0.0,0.0,0.0,0.0,0.0,0.0,0.0,0.0,0.0,0.0
2015-10-12 01:00:00,0.0,0.0,0.0,0.0,0.0,0.0,0.0,0.0,0.0,0.0,0.0,0.0,0.0,0.0,0.0,0.0,0.0
2015-10-12 02:00:00,0.0,0.0,0.0,0.0,0.0,0.0,0.0,0.0,0.0,0.0,0.0,0.0,0.0,0.0,0.0,0.0,0.0
2015-10-12 03:00:00,0.0,0.0,0.0,0.0,0.0,0.0,0.0,0.0,0.0,0.0,0.0,0.0,0.0,0.0,0.0,0.0,0.0
2015-10-12 04:00:00,0.0,0.0,0.0,0.0,0.0,0.0,0.0,0.0,0.0,0.0,0.0,0.0,0.0,0.0,0.0,0.0,0.0
2015-10-12 05:00:00,0.0,0.0,0.0,0.0,0.0,0.0,0.0,0.0,0.0,0.0,0.0,0.0,0.0,0.0,0.0,0.0,0.0
2015-10-12 06:00:00,0.005,0.004,0.006,0.012,0.001,0.008,0.0,0.012,0.004,0.002,0.017,0.003,0.001,0.003,0.008,0.005,0.0
2015-10-12 07:00:00,0.04,0.038,0.055,0.038,0.029,0.037,0.007,0.052,0.035,0.01,0.07,0.035,0.014,0.011,0.054,0.047,0.028
2015-10-12 08:00:00,0.073,0.072,0.105,0.062,0.051,0.061,0.021,0.086,0.074,0.024,0.124,0.07,0.028,0.02,0.106,0.087,0.053
2015-10-12 09:00:00,0.096,0.089,0.143,0.086,0.064,0.065,0.033,0.118,0.097,0.043,0.163,0.107,0.04,0.03,0.148,0.106,0.066
2015-10-12 10:00:00,0.166,0.195,0.208,0.109,0.184,0.084,0.047,0.145,0.115,0.063,0.213,0.186,0.054,0.045,0.211,0.191,0.169
2015-10-12 11:00:00,0.218,0.249,0.237,0.103,0.322,0.058,0.066,0.129,0.138,0.053,0.238,0.268,0.072,0.043,0.26,0.245,0.304
2015-10-12 12:00:00,0.234,0.256,0.206,0.085,0.416,0.049,0.059,0.111,0.114,0.054,0.222,0.333,0.064,0.049,0.263,0.237,0.404
2015-10-12 13:00:00,0.213,0.186,0.155,0.065,0.433,0.037,0.059,0.081,0.101,0.027,0.159,0.301,0.059,0.033,0.19,0.218,0.448
2015-10-12 14:00:00,0.17,0.143,0.093,0.031,0.389,0.02,0.048,0.043,0.067,0.016,0.099,0.22,0.038,0.019,0.109,0.175,0.437
2015-10-12 15:00:00,0.107,0.09,0.035,0.011,0.283,0.009,0.028,0.017,0.046,0.006,0.035,0.109,0.026,0.01,0.04,0.098,0.348
2015-10-12 16:00:00,0.039,0.026,0.003,0.0,0.133,0.0,0.003,0.0,0.004,0.0,0.0,0.014,0.002,0.0,0.001,0.028,0.175
2015-10-12 17:00:00,0.0,0.0,0.0,0.0,0.0,0.0,0.0,0.0,0.0,0.0,0.0,0.0,0.0,0.0,0.0,0.0,0.0
2015-10-12 18:00:00,0.0,0.0,0.0,0.0,0.0,0.0,0.0,0.0,0.0,0.0,0.0,0.0,0.0,0.0,0.0,0.0,0.0
2015-10-12 19:00:00,0.0,0.0,0.0,0.0,0.0,0.0,0.0,0.0,0.0,0.0,0.0,0.0,0.0,0.0,0.0,0.0,0.0
2015-10-12 20:00:00,0.0,0.0,0.0,0.0,0.0,0.0,0.0,0.0,0.0,0.0,0.0,0.0,0.0,0.0,0.0,0.0,0.0
2015-10-12 21:00:00,0.0,0.0,0.0,0.0,0.0,0.0,0.0,0.0,0.0,0.0,0.0,0.0,0.0,0.0,0.0,0.0,0.0
2015-10-12 22:00:00,0.0,0.0,0.0,0.0,0.0,0.0,0.0,0.0,0.0,0.0,0.0,0.0,0.0,0.0,0.0,0.0,0.0
2015-10-12 23:00:00,0.0,0.0,0.0,0.0,0.0,0.0,0.0,0.0,0.0,0.0,0.0,0.0,0.0,0.0,0.0,0.0,0.0
2015-10-13 00:00:00,0.0,0.0,0.0,0.0,0.0,0.0,0.0,0.0,0.0,0.0,0.0,0.0,0.0,0.0,0.0,0.0,0.0
2015-10-13 01:00:00,0.0,0.0,0.0,0.0,0.0,0.0,0.0,0.0,0.0,0.0,0.0,0.0,0.0,0.0,0.0,0.0,0.0
2015-10-13 02:00:00,0.0,0.0,0.0,0.0,0.0,0.0,0.0,0.0,0.0,0.0,0.0,0.0,0.0,0.0,0.0,0.0,0.0
2015-10-13 03:00:00,0.0,0.0,0.0,0.0,0.0,0.0,0.0,0.0,0.0,0.0,0.0,0.0,0.0,0.0,0.0,0.0,0.0
2015-10-13 04:00:00,0.0,0.0,0.0,0.0,0.0,0.0,0.0,0.0,0.0,0.0,0.0,0.0,0.0,0.0,0.0,0.0,0.0
2015-10-13 05:00:00,0.0,0.0,0.0,0.0,0.0,0.0,0.0,0.0,0.0,0.0,0.0,0.0,0.0,0.0,0.0,0.0,0.0
2015-10-13 06:00:00,0.002,0.0,0.0,0.003,0.0,0.001,0.007,0.003,0.001,0.002,0.012,0.0,0.004,0.002,0.006,0.0,0.0
2015-10-13 07:00:00,0.021,0.017,0.011,0.014,0.014,0.015,0.049,0.02,0.027,0.018,0.062,0.018,0.034,0.019,0.045,0.013,0.017
2015-10-13 08:00:00,0.047,0.055,0.023,0.032,0.043,0.031,0.086,0.037,0.071,0.048,0.102,0.045,0.072,0.041,0.086,0.039,0.03
2015-10-13 09:00:00,0.069,0.089,0.038,0.044,0.065,0.046,0.139,0.049,0.107,0.059,0.122,0.06,0.109,0.057,0.113,0.06,0.058
2015-10-13 10:00:00,0.089,0.128,0.032,0.054,0.085,0.053,0.225,0.056,0.148,0.083,0.2,0.064,0.156,0.088,0.159,0.068,0.068
2015-10-13 11:00:00,0.102,0.15,0.043,0.058,0.09,0.081,0.268,0.06,0.159,0.113,0.207,0.076,0.168,0.151,0.166,0.072,0.086
2015-10-13 12:00:00,0.109,0.19,0.048,0.055,0.111,0.083,0.321,0.048,0.195,0.098,0.155,0.081,0.188,0.14,0.165,0.087,0.091
2015-10-13 13:00:00,0.099,0.192,0.043,0.044,0.114,0.096,0.251,0.04,0.17,0.087,0.146,0.061,0.159,0.133,0.141,0.073,0.088
2015-10-13 14:00:00,0.07,0.139,0.025,0.032,0.071,0.054,0.204,0.027,0.14,0.061,0.09,0.044,0.131,0.085,0.095,0.058,0.062
2015-10-13 15:00:00,0.036,0.073,0.014,0.018,0.031,0.027,0.134,0.014,0.058,0.052,0.049,0.028,0.061,0.047,0.061,0.025,0.026
2015-10-13 16:00:00,0.009,0.041,0.001,0.001,0.005,0.005,0.051,0.0,0.028,0.017,0.0,0.005,0.021,0.009,0.005,0.006,0.004
2015-10-13 17:00:00,0.0,0.0,0.0,0.0,0.0,0.0,0.0,0.0,0.0,0.0,0.0,0.0,0.0,0.0,0.0,0.0,0.0
2015-10-13 18:00:00,0.0,0.0,0.0,0.0,0.0,0.0,0.0,0.0,0.0,0.0,0.0,0.0,0.0,0.0,0.0,0.0,0.0
2015-10-13 19:00:00,0.0,0.0,0.0,0.0,0.0,0.0,0.0,0.0,0.0,0.0,0.0,0.0,0.0,0.0,0.0,0.0,0.0
2015-10-13 20:00:00,0.0,0.0,0.0,0.0,0.0,0.0,0.0,0.0,0.0,0.0,0.0,0.0,0.0,0.0,0.0,0.0,0.0
2015-10-13 21:00:00,0.0,0.0,0.0,0.0,0.0,0.0,0.0,0.0,0.0,0.0,0.0,0.0,0.0,0.0,0.0,0.0,0.0
2015-10-13 22:00:00,0.0,0.0,0.0,0.0,0.0,0.0,0.0,0.0,0.0,0.0,0.0,0.0,0.0,0.0,0.0,0.0,0.0
2015-10-13 23:00:00,0.0,0.0,0.0,0.0,0.0,0.0,0.0,0.0,0.0,0.0,0.0,0.0,0.0,0.0,0.0,0.0,0.0
2015-10-14 00:00:00,0.0,0.0,0.0,0.0,0.0,0.0,0.0,0.0,0.0,0.0,0.0,0.0,0.0,0.0,0.0,0.0,0.0
2015-10-14 01:00:00,0.0,0.0,0.0,0.0,0.0,0.0,0.0,0.0,0.0,0.0,0.0,0.0,0.0,0.0,0.0,0.0,0.0
2015-10-14 02:00:00,0.0,0.0,0.0,0.0,0.0,0.0,0.0,0.0,0.0,0.0,0.0,0.0,0.0,0.0,0.0,0.0,0.0
2015-10-14 03:00:00,0.0,0.0,0.0,0.0,0.0,0.0,0.0,0.0,0.0,0.0,0.0,0.0,0.0,0.0,0.0,0.0,0.0
2015-10-14 04:00:00,0.0,0.0,0.0,0.0,0.0,0.0,0.0,0.0,0.0,0.0,0.0,0.0,0.0,0.0,0.0,0.0,0.0
2015-10-14 05:00:00,0.0,0.0,0.0,0.0,0.0,0.0,0.0,0.0,0.0,0.0,0.0,0.0,0.0,0.0,0.0,0.0,0.0
2015-10-14 06:00:00,0.002,0.0,0.001,0.011,0.0,0.004,0.007,0.004,0.0,0.014,0.006,0.0,0.002,0.011,0.002,0.0,0.0
2015-10-14 07:00:00,0.022,0.002,0.018,0.05,0.005,0.038,0.029,0.039,0.003,0.052,0.038,0.018,0.016,0.048,0.03,0.013,0.021
2015-10-14 08:00:00,0.049,0.012,0.045,0.079,0.019,0.079,0.09,0.075,0.026,0.075,0.069,0.056,0.077,0.094,0.068,0.032,0.053
2015-10-14 09:00:00,0.081,0.024,0.07,0.143,0.039,0.118,0.136,0.112,0.041,0.128,0.117,0.077,0.098,0.134,0.102,0.06,0.094
2015-10-14 10:00:00,0.112,0.025,0.118,0.23,0.036,0.166,0.18,0.185,0.029,0.258,0.17,0.101,0.09,0.23,0.148,0.073,0.102
2015-10-14 11:00:00,0.149,0.025,0.15,0.347,0.052,0.182,0.176,0.26,0.025,0.345,0.259,0.192,0.073,0.311,0.218,0.073,0.137
2015-10-14 12:00:00,0.155,0.027,0.169,0.398,0.032,0.174,0.158,0.295,0.028,0.342,0.338,0.238,0.051,0.303,0.273,0.051,0.113
2015-10-14 13:00:00,0.143,0.026,0.136,0.415,0.023,0.179,0.134,0.348,0.024,0.259,0.347,0.2,0.044,0.241,0.276,0.032,0.086
2015-10-14 14:00:00,0.105,0.011,0.09,0.321,0.011,0.111,0.095,0.301,0.017,0.157,0.318,0.136,0.033,0.143,0.202,0.022,0.053
2015-10-14 15:00:00,0.051,0.005,0.027,0.146,0.005,0.045,0.071,0.171,0.013,0.067,0.195,0.061,0.025,0.066,0.095,0.007,0.021
2015-10-14 16:00:00,0.004,0.0,0.001,0.0,0.0,0.004,0.02,0.035,0.0,0.005,0.0,0.005,0.006,0.007,0.007,0.0,0.001
2015-10-14 17:00:00,0.0,0.0,0.0,0.0,0.0,0.0,0.0,0.0,0.0,0.0,0.0,0.0,0.0,0.0,0.0,0.0,0.0
2015-10-14 18:00:00,0.0,0.0,0.0,0.0,0.0,0.0,0.0,0.0,0.0,0.0,0.0,0.0,0.0,0.0,0.0,0.0,0.0
2015-10-14 19:00:00,0.0,0.0,0.0,0.0,0.0,0.0,0.0,0.0,0.0,0.0,0.0,0.0,0.0,0.0,0.0,0.0,0.0
2015-10-14 20:00:00,0.0,0.0,0.0,0.0,0.0,0.0,0.0,0.0,0.0,0.0,0.0,0.0,0.0,0.0,0.0,0.0,0.0
2015-10-14 21:00:00,0.0,0.0,0.0,0.0,0.0,0.0,0.0,0.0,0.0,0.0,0.0,0.0,0.0,0.0,0.0,0.0,0.0
2015-10-14 22:00:00,0.0,0.0,0.0,0.0,0.0,0.0,0.0,0.0,0.0,0.0,0.0,0.0,0.0,0.0,0.0,0.0,0.0
2015-10-14 23:00:00,0.0,0.0,0.0,0.0,0.0,0.0,0.0,0.0,0.0,0.0,0.0,0.0,0.0,0.0,0.0,0.0,0.0
2015-10-15 00:00:00,0.0,0.0,0.0,0.0,0.0,0.0,0.0,0.0,0.0,0.0,0.0,0.0,0.0,0.0,0.0,0.0,0.0
2015-10-15 01:00:00,0.0,0.0,0.0,0.0,0.0,0.0,0.0,0.0,0.0,0.0,0.0,0.0,0.0,0.0,0.0,0.0,0.0
2015-10-15 02:00:00,0.0,0.0,0.0,0.0,0.0,0.0,0.0,0.0,0.0,0.0,0.0,0.0,0.0,0.0,0.0,0.0,0.0
2015-10-15 03:00:00,0.0,0.0,0.0,0.0,0.0,0.0,0.0,0.0,0.0,0.0,0.0,0.0,0.0,0.0,0.0,0.0,0.0
2015-10-15 04:00:00,0.0,0.0,0.0,0.0,0.0,0.0,0.0,0.0,0.0,0.0,0.0,0.0,0.0,0.0,0.0,0.0,0.0
2015-10-15 05:00:00,0.0,0.0,0.0,0.0,0.0,0.0,0.0,0.0,0.0,0.0,0.0,0.0,0.0,0.0,0.0,0.0,0.0
2015-10-15 06:00:00,0.004,0.0,0.002,0.017,0.0,0.005,0.002,0.011,0.0,0.009,0.013,0.002,0.001,0.006,0.008,0.0,0.0
2015-10-15 07:00:00,0.025,0.004,0.028,0.068,0.003,0.019,0.007,0.053,0.01,0.044,0.06,0.044,0.014,0.023,0.053,0.009,0.018
2015-10-15 08:00:00,0.054,0.022,0.075,0.12,0.012,0.05,0.018,0.106,0.026,0.074,0.094,0.085,0.026,0.052,0.093,0.031,0.044
2015-10-15 09:00:00,0.08,0.028,0.127,0.158,0.019,0.088,0.03,0.148,0.029,0.088,0.135,0.128,0.026,0.071,0.132,0.055,0.057
2015-10-15 10:00:00,0.105,0.039,0.175,0.2,0.03,0.086,0.047,0.192,0.053,0.076,0.229,0.177,0.033,0.057,0.206,0.064,0.07
2015-10-15 11:00:00,0.132,0.072,0.19,0.207,0.05,0.075,0.092,0.209,0.105,0.072,0.309,0.222,0.07,0.054,0.266,0.093,0.08
2015-10-15 12:00:00,0.139,0.067,0.148,0.171,0.06,0.082,0.142,0.182,0.12,0.076,0.334,0.247,0.147,0.051,0.307,0.099,0.095
2015-10-15 13:00:00,0.107,0.044,0.093,0.124,0.022,0.063,0.12,0.123,0.063,0.061,0.284,0.234,0.143,0.031,0.287,0.063,0.084
2015-10-15 14:00:00,0.062,0.034,0.046,0.061,0.017,0.035,0.089,0.065,0.032,0.043,0.169,0.157,0.058,0.019,0.167,0.031,0.053
2015-10-15 15:00:00,0.023,0.02,0.014,0.019,0.014,0.009,0.035,0.025,0.013,0.021,0.053,0.055,0.032,0.01,0.071,0.008,0.016
2015-10-15 16:00:00,0.002,0.003,0.001,0.0,0.003,0.003,0.006,0.001,0.002,0.001,0.0,0.009,0.004,0.001,0.002,0.001,0.003
2015-10-15 17:00:00,0.0,0.0,0.0,0.0,0.0,0.0,0.0,0.0,0.0,0.0,0.0,0.0,0.0,0.0,0.0,0.0,0.0
2015-10-15 18:00:00,0.0,0.0,0.0,0.0,0.0,0.0,0.0,0.0,0.0,0.0,0.0,0.0,0.0,0.0,0.0,0.0,0.0
2015-10-15 19:00:00,0.0,0.0,0.0,0.0,0.0,0.0,0.0,0.0,0.0,0.0,0.0,0.0,0.0,0.0,0.0,0.0,0.0
2015-10-15 20:00:00,0.0,0.0,0.0,0.0,0.0,0.0,0.0,0.0,0.0,0.0,0.0,0.0,0.0,0.0,0.0,0.0,0.0
2015-10-15 21:00:00,0.0,0.0,0.0,0.0,0.0,0.0,0.0,0.0,0.0,0.0,0.0,0.0,0.0,0.0,0.0,0.0,0.0
2015-10-15 22:00:00,0.0,0.0,0.0,0.0,0.0,0.0,0.0,0.0,0.0,0.0,0.0,0.0,0.0,0.0,0.0,0.0,0.0
2015-10-15 23:00:00,0.0,0.0,0.0,0.0,0.0,0.0,0.0,0.0,0.0,0.0,0.0,0.0,0.0,0.0,0.0,0.0,0.0
2015-10-16 00:00:00,0.0,0.0,0.0,0.0,0.0,0.0,0.0,0.0,0.0,0.0,0.0,0.0,0.0,0.0,0.0,0.0,0.0
2015-10-16 01:00:00,0.0,0.0,0.0,0.0,0.0,0.0,0.0,0.0,0.0,0.0,0.0,0.0,0.0,0.0,0.0,0.0,0.0
2015-10-16 02:00:00,0.0,0.0,0.0,0.0,0.0,0.0,0.0,0.0,0.0,0.0,0.0,0.0,0.0,0.0,0.0,0.0,0.0
2015-10-16 03:00:00,0.0,0.0,0.0,0.0,0.0,0.0,0.0,0.0,0.0,0.0,0.0,0.0,0.0,0.0,0.0,0.0,0.0
2015-10-16 04:00:00,0.0,0.0,0.0,0.0,0.0,0.0,0.0,0.0,0.0,0.0,0.0,0.0,0.0,0.0,0.0,0.0,0.0
2015-10-16 05:00:00,0.0,0.0,0.0,0.0,0.0,0.0,0.0,0.0,0.0,0.0,0.0,0.0,0.0,0.0,0.0,0.0,0.0
2015-10-16 06:00:00,0.001,0.0,0.0,0.008,0.0,0.001,0.004,0.003,0.0,0.006,0.002,0.0,0.0,0.003,0.0,0.0,0.0
2015-10-16 07:00:00,0.01,0.002,0.002,0.051,0.0,0.01,0.041,0.027,0.003,0.047,0.018,0.003,0.015,0.034,0.011,0.001,0.001
2015-10-16 08:00:00,0.026,0.018,0.01,0.071,0.008,0.035,0.074,0.062,0.024,0.073,0.054,0.007,0.041,0.07,0.033,0.009,0.003
2015-10-16 09:00:00,0.047,0.057,0.022,0.101,0.027,0.065,0.113,0.099,0.055,0.105,0.097,0.014,0.074,0.104,0.067,0.017,0.007
2015-10-16 10:00:00,0.077,0.107,0.024,0.164,0.034,0.121,0.186,0.122,0.124,0.192,0.132,0.019,0.138,0.17,0.067,0.051,0.011
2015-10-16 11:00:00,0.116,0.177,0.028,0.239,0.042,0.203,0.271,0.167,0.218,0.259,0.136,0.022,0.241,0.214,0.073,0.11,0.016
2015-10-16 12:00:00,0.149,0.192,0.09,0.279,0.052,0.249,0.265,0.201,0.252,0.316,0.115,0.023,0.236,0.217,0.077,0.194,0.017
2015-10-16 13:00:00,0.138,0.161,0.19,0.303,0.035,0.178,0.161,0.204,0.173,0.37,0.155,0.019,0.1,0.173,0.087,0.159,0.017
2015-10-16 14:00:00,0.12,0.121,0.208,0.315,0.034,0.118,0.126,0.239,0.071,0.3,0.217,0.05,0.073,0.157,0.129,0.082,0.016
2015-10-16 15:00:00,0.073,0.044,0.093,0.212,0.017,0.026,0.171,0.149,0.038,0.206,0.173,0.046,0.057,0.098,0.144,0.027,0.008
2015-10-16 16:00:00,0.007,0.015,0.007,0.0,0.004,0.0,0.079,0.005,0.004,0.011,0.0,0.014,0.038,0.024,0.009,0.001,0.0
2015-10-16 17:00:00,0.0,0.0,0.0,0.0,0.0,0.0,0.0,0.0,0.0,0.0,0.0,0.0,0.0,0.0,0.0,0.0,0.0
2015-10-16 18:00:00,0.0,0.0,0.0,0.0,0.0,0.0,0.0,0.0,0.0,0.0,0.0,0.0,0.0,0.0,0.0,0.0,0.0
2015-10-16 19:00:00,0.0,0.0,0.0,0.0,0.0,0.0,0.0,0.0,0.0,0.0,0.0,0.0,0.0,0.0,0.0,0.0,0.0
2015-10-16 20:00:00,0.0,0.0,0.0,0.0,0.0,0.0,0.0,0.0,0.0,0.0,0.0,0.0,0.0,0.0,0.0,0.0,0.0
2015-10-16 21:00:00,0.0,0.0,0.0,0.0,0.0,0.0,0.0,0.0,0.0,0.0,0.0,0.0,0.0,0.0,0.0,0.0,0.0
2015-10-16 22:00:00,0.0,0.0,0.0,0.0,0.0,0.0,0.0,0.0,0.0,0.0,0.0,0.0,0.0,0.0,0.0,0.0,0.0
2015-10-16 23:00:00,0.0,0.0,0.0,0.0,0.0,0.0,0.0,0.0,0.0,0.0,0.0,0.0,0.0,0.0,0.0,0.0,0.0
2015-10-17 00:00:00,0.0,0.0,0.0,0.0,0.0,0.0,0.0,0.0,0.0,0.0,0.0,0.0,0.0,0.0,0.0,0.0,0.0
2015-10-17 01:00:00,0.0,0.0,0.0,0.0,0.0,0.0,0.0,0.0,0.0,0.0,0.0,0.0,0.0,0.0,0.0,0.0,0.0
2015-10-17 02:00:00,0.0,0.0,0.0,0.0,0.0,0.0,0.0,0.0,0.0,0.0,0.0,0.0,0.0,0.0,0.0,0.0,0.0
2015-10-17 03:00:00,0.0,0.0,0.0,0.0,0.0,0.0,0.0,0.0,0.0,0.0,0.0,0.0,0.0,0.0,0.0,0.0,0.0
2015-10-17 04:00:00,0.0,0.0,0.0,0.0,0.0,0.0,0.0,0.0,0.0,0.0,0.0,0.0,0.0,0.0,0.0,0.0,0.0
2015-10-17 05:00:00,0.0,0.0,0.0,0.0,0.0,0.0,0.0,0.0,0.0,0.0,0.0,0.0,0.0,0.0,0.0,0.0,0.0
2015-10-17 06:00:00,0.001,0.0,0.0,0.009,0.0,0.0,0.002,0.002,0.001,0.0,0.009,0.0,0.001,0.0,0.002,0.0,0.0
2015-10-17 07:00:00,0.017,0.017,0.017,0.038,0.014,0.005,0.006,0.024,0.018,0.008,0.048,0.014,0.004,0.004,0.026,0.015,0.005
2015-10-17 08:00:00,0.037,0.044,0.026,0.06,0.041,0.022,0.022,0.046,0.066,0.016,0.081,0.023,0.034,0.011,0.058,0.03,0.026
2015-10-17 09:00:00,0.054,0.067,0.029,0.091,0.059,0.044,0.057,0.067,0.087,0.022,0.114,0.026,0.051,0.027,0.082,0.042,0.039
2015-10-17 10:00:00,0.084,0.107,0.037,0.095,0.084,0.053,0.09,0.089,0.15,0.047,0.189,0.038,0.089,0.078,0.137,0.075,0.058
2015-10-17 11:00:00,0.101,0.135,0.036,0.056,0.106,0.053,0.107,0.094,0.206,0.057,0.254,0.043,0.091,0.095,0.177,0.097,0.067
2015-10-17 12:00:00,0.09,0.091,0.04,0.033,0.084,0.048,0.084,0.058,0.159,0.051,0.23,0.053,0.071,0.083,0.189,0.1,0.05
2015-10-17 13:00:00,0.084,0.078,0.029,0.024,0.078,0.033,0.077,0.049,0.231,0.059,0.166,0.051,0.082,0.064,0.202,0.09,0.059
2015-10-17 14:00:00,0.052,0.045,0.021,0.017,0.055,0.019,0.065,0.018,0.111,0.066,0.079,0.028,0.052,0.055,0.129,0.055,0.04
2015-10-17 15:00:00,0.021,0.019,0.011,0.013,0.03,0.008,0.014,0.005,0.036,0.032,0.016,0.004,0.011,0.028,0.065,0.021,0.011
2015-10-17 16:00:00,0.001,0.001,0.0,0.0,0.003,0.001,0.0,0.0,0.001,0.0,0.0,0.0,0.003,0.002,0.0,0.0,0.0
2015-10-17 17:00:00,0.0,0.0,0.0,0.0,0.0,0.0,0.0,0.0,0.0,0.0,0.0,0.0,0.0,0.0,0.0,0.0,0.0
2015-10-17 18:00:00,0.0,0.0,0.0,0.0,0.0,0.0,0.0,0.0,0.0,0.0,0.0,0.0,0.0,0.0,0.0,0.0,0.0
2015-10-17 19:00:00,0.0,0.0,0.0,0.0,0.0,0.0,0.0,0.0,0.0,0.0,0.0,0.0,0.0,0.0,0.0,0.0,0.0
2015-10-17 20:00:00,0.0,0.0,0.0,0.0,0.0,0.0,0.0,0.0,0.0,0.0,0.0,0.0,0.0,0.0,0.0,0.0,0.0
2015-10-17 21:00:00,0.0,0.0,0.0,0.0,0.0,0.0,0.0,0.0,0.0,0.0,0.0,0.0,0.0,0.0,0.0,0.0,0.0
2015-10-17 22:00:00,0.0,0.0,0.0,0.0,0.0,0.0,0.0,0.0,0.0,0.0,0.0,0.0,0.0,0.0,0.0,0.0,0.0
2015-10-17 23:00:00,0.0,0.0,0.0,0.0,0.0,0.0,0.0,0.0,0.0,0.0,0.0,0.0,0.0,0.0,0.0,0.0,0.0
2015-10-18 00:00:00,0.0,0.0,0.0,0.0,0.0,0.0,0.0,0.0,0.0,0.0,0.0,0.0,0.0,0.0,0.0,0.0,0.0
2015-10-18 01:00:00,0.0,0.0,0.0,0.0,0.0,0.0,0.0,0.0,0.0,0.0,0.0,0.0,0.0,0.0,0.0,0.0,0.0
2015-10-18 02:00:00,0.0,0.0,0.0,0.0,0.0,0.0,0.0,0.0,0.0,0.0,0.0,0.0,0.0,0.0,0.0,0.0,0.0
2015-10-18 03:00:00,0.0,0.0,0.0,0.0,0.0,0.0,0.0,0.0,0.0,0.0,0.0,0.0,0.0,0.0,0.0,0.0,0.0
2015-10-18 04:00:00,0.0,0.0,0.0,0.0,0.0,0.0,0.0,0.0,0.0,0.0,0.0,0.0,0.0,0.0,0.0,0.0,0.0
2015-10-18 05:00:00,0.0,0.0,0.0,0.0,0.0,0.0,0.0,0.0,0.0,0.0,0.0,0.0,0.0,0.0,0.0,0.0,0.0
2015-10-18 06:00:00,0.0,0.0,0.0,0.002,0.0,0.001,0.004,0.0,0.0,0.002,0.0,0.0,0.001,0.002,0.0,0.0,0.0
2015-10-18 07:00:00,0.012,0.018,0.001,0.024,0.016,0.016,0.039,0.008,0.012,0.027,0.005,0.003,0.02,0.024,0.004,0.012,0.004
2015-10-18 08:00:00,0.032,0.038,0.008,0.068,0.045,0.041,0.068,0.021,0.03,0.059,0.012,0.01,0.048,0.062,0.011,0.035,0.02
2015-10-18 09:00:00,0.051,0.055,0.027,0.107,0.065,0.068,0.105,0.043,0.05,0.11,0.02,0.028,0.058,0.087,0.019,0.049,0.037
2015-10-18 10:00:00,0.072,0.102,0.026,0.159,0.093,0.078,0.212,0.058,0.111,0.162,0.024,0.033,0.129,0.167,0.023,0.055,0.043
2015-10-18 11:00:00,0.093,0.124,0.041,0.205,0.119,0.092,0.261,0.06,0.154,0.267,0.028,0.048,0.189,0.24,0.027,0.07,0.046
2015-10-18 12:00:00,0.097,0.134,0.024,0.214,0.134,0.08,0.231,0.054,0.203,0.251,0.026,0.04,0.246,0.258,0.023,0.074,0.052
2015-10-18 13:00:00,0.086,0.092,0.021,0.22,0.115,0.104,0.154,0.047,0.191,0.208,0.012,0.029,0.226,0.155,0.014,0.083,0.045
2015-10-18 14:00:00,0.066,0.068,0.013,0.158,0.086,0.098,0.144,0.026,0.115,0.161,0.005,0.014,0.16,0.154,0.005,0.069,0.035
2015-10-18 15:00:00,0.043,0.038,0.008,0.066,0.06,0.082,0.106,0.009,0.048,0.143,0.0,0.003,0.094,0.094,0.0,0.056,0.02
2015-10-18 16:00:00,0.009,0.014,0.0,0.0,0.017,0.025,0.051,0.0,0.025,0.0,0.0,0.0,0.044,0.004,0.0,0.008,0.006
2015-10-18 17:00:00,0.0,0.0,0.0,0.0,0.0,0.0,0.0,0.0,0.0,0.0,0.0,0.0,0.0,0.0,0.0,0.0,0.0
2015-10-18 18:00:00,0.0,0.0,0.0,0.0,0.0,0.0,0.0,0.0,0.0,0.0,0.0,0.0,0.0,0.0,0.0,0.0,0.0
2015-10-18 19:00:00,0.0,0.0,0.0,0.0,0.0,0.0,0.0,0.0,0.0,0.0,0.0,0.0,0.0,0.0,0.0,0.0,0.0
2015-10-18 20:00:00,0.0,0.0,0.0,0.0,0.0,0.0,0.0,0.0,0.0,0.0,0.0,0.0,0.0,0.0,0.0,0.0,0.0
2015-10-18 21:00:00,0.0,0.0,0.0,0.0,0.0,0.0,0.0,0.0,0.0,0.0,0.0,0.0,0.0,0.0,0.0,0.0,0.0
2015-10-18 22:00:00,0.0,0.0,0.0,0.0,0.0,0.0,0.0,0.0,0.0,0.0,0.0,0.0,0.0,0.0,0.0,0.0,0.0
2015-10-18 23:00:00,0.0,0.0,0.0,0.0,0.0,0.0,0.0,0.0,0.0,0.0,0.0,0.0,0.0,0.0,0.0,0.0,0.0
2015-10-19 00:00:00,0.0,0.0,0.0,0.0,0.0,0.0,0.0,0.0,0.0,0.0,0.0,0.0,0.0,0.0,0.0,0.0,0.0
2015-10-19 01:00:00,0.0,0.0,0.0,0.0,0.0,0.0,0.0,0.0,0.0,0.0,0.0,0.0,0.0,0.0,0.0,0.0,0.0
2015-10-19 02:00:00,0.0,0.0,0.0,0.0,0.0,0.0,0.0,0.0,0.0,0.0,0.0,0.0,0.0,0.0,0.0,0.0,0.0
2015-10-19 03:00:00,0.0,0.0,0.0,0.0,0.0,0.0,0.0,0.0,0.0,0.0,0.0,0.0,0.0,0.0,0.0,0.0,0.0
2015-10-19 04:00:00,0.0,0.0,0.0,0.0,0.0,0.0,0.0,0.0,0.0,0.0,0.0,0.0,0.0,0.0,0.0,0.0,0.0
2015-10-19 05:00:00,0.0,0.0,0.0,0.0,0.0,0.0,0.0,0.0,0.0,0.0,0.0,0.0,0.0,0.0,0.0,0.0,0.0
2015-10-19 06:00:00,0.001,0.0,0.0,0.007,0.0,0.002,0.004,0.002,0.001,0.008,0.0,0.0,0.003,0.006,0.0,0.0,0.0
2015-10-19 07:00:00,0.017,0.02,0.005,0.044,0.012,0.037,0.039,0.024,0.028,0.054,0.005,0.005,0.033,0.043,0.002,0.017,0.002
2015-10-19 08:00:00,0.037,0.051,0.017,0.074,0.027,0.069,0.087,0.043,0.047,0.102,0.01,0.016,0.071,0.096,0.006,0.039,0.008
2015-10-19 09:00:00,0.057,0.087,0.034,0.115,0.044,0.099,0.119,0.057,0.094,0.146,0.022,0.023,0.105,0.129,0.009,0.055,0.017
2015-10-19 10:00:00,0.089,0.133,0.041,0.188,0.067,0.156,0.188,0.094,0.153,0.204,0.032,0.044,0.181,0.186,0.027,0.082,0.025
2015-10-19 11:00:00,0.117,0.171,0.047,0.245,0.084,0.193,0.257,0.114,0.249,0.257,0.021,0.062,0.276,0.273,0.015,0.114,0.039
2015-10-19 12:00:00,0.111,0.125,0.055,0.193,0.089,0.2,0.232,0.107,0.187,0.273,0.018,0.082,0.25,0.294,0.015,0.108,0.054
2015-10-19 13:00:00,0.1,0.125,0.062,0.141,0.14,0.142,0.153,0.071,0.219,0.174,0.014,0.096,0.187,0.198,0.014,0.094,0.055
2015-10-19 14:00:00,0.07,0.09,0.044,0.086,0.124,0.09,0.067,0.05,0.126,0.095,0.009,0.089,0.14,0.113,0.016,0.063,0.04
2015-10-19 15:00:00,0.046,0.095,0.023,0.04,0.081,0.054,0.049,0.019,0.087,0.059,0.002,0.06,0.108,0.079,0.018,0.039,0.017
2015-10-19 16:00:00,0.014,0.048,0.0,0.0,0.03,0.011,0.002,0.0,0.057,0.0,0.0,0.012,0.047,0.0,0.0,0.012,0.014
2015-10-19 17:00:00,0.0,0.0,0.0,0.0,0.0,0.0,0.0,0.0,0.0,0.0,0.0,0.0,0.0,0.0,0.0,0.0,0.0
2015-10-19 18:00:00,0.0,0.0,0.0,0.0,0.0,0.0,0.0,0.0,0.0,0.0,0.0,0.0,0.0,0.0,0.0,0.0,0.0
2015-10-19 19:00:00,0.0,0.0,0.0,0.0,0.0,0.0,0.0,0.0,0.0,0.0,0.0,0.0,0.0,0.0,0.0,0.0,0.0
2015-10-19 20:00:00,0.0,0.0,0.0,0.0,0.0,0.0,0.0,0.0,0.0,0.0,0.0,0.0,0.0,0.0,0.0,0.0,0.0
2015-10-19 21:00:00,0.0,0.0,0.0,0.0,0.0,0.0,0.0,0.0,0.0,0.0,0.0,0.0,0.0,0.0,0.0,0.0,0.0
2015-10-19 22:00:00,0.0,0.0,0.0,0.0,0.0,0.0,0.0,0.0,0.0,0.0,0.0,0.0,0.0,0.0,0.0,0.0,0.0
2015-10-19 23:00:00,0.0,0.0,0.0,0.0,0.0,0.0,0.0,0.0,0.0,0.0,0.0,0.0,0.0,0.0,0.0,0.0,0.0
2015-10-20 00:00:00,0.0,0.0,0.0,0.0,0.0,0.0,0.0,0.0,0.0,0.0,0.0,0.0,0.0,0.0,0.0,0.0,0.0
2015-10-20 01:00:00,0.0,0.0,0.0,0.0,0.0,0.0,0.0,0.0,0.0,0.0,0.0,0.0,0.0,0.0,0.0,0.0,0.0
2015-10-20 02:00:00,0.0,0.0,0.0,0.0,0.0,0.0,0.0,0.0,0.0,0.0,0.0,0.0,0.0,0.0,0.0,0.0,0.0
2015-10-20 03:00:00,0.0,0.0,0.0,0.0,0.0,0.0,0.0,0.0,0.0,0.0,0.0,0.0,0.0,0.0,0.0,0.0,0.0
2015-10-20 04:00:00,0.0,0.0,0.0,0.0,0.0,0.0,0.0,0.0,0.0,0.0,0.0,0.0,0.0,0.0,0.0,0.0,0.0
2015-10-20 05:00:00,0.0,0.0,0.0,0.0,0.0,0.0,0.0,0.0,0.0,0.0,0.0,0.0,0.0,0.0,0.0,0.0,0.0
2015-10-20 06:00:00,0.0,0.0,0.0,0.004,0.0,0.0,0.001,0.0,0.0,0.001,0.0,0.0,0.0,0.002,0.0,0.0,0.0
2015-10-20 07:00:00,0.009,0.007,0.003,0.028,0.001,0.012,0.017,0.011,0.015,0.019,0.002,0.014,0.018,0.03,0.005,0.004,0.008
2015-10-20 08:00:00,0.024,0.029,0.011,0.05,0.006,0.027,0.03,0.024,0.047,0.039,0.011,0.038,0.039,0.043,0.015,0.016,0.029
2015-10-20 09:00:00,0.038,0.036,0.016,0.091,0.008,0.043,0.05,0.047,0.057,0.049,0.024,0.063,0.064,0.081,0.018,0.028,0.049
2015-10-20 10:00:00,0.059,0.058,0.029,0.106,0.019,0.088,0.077,0.085,0.088,0.076,0.043,0.083,0.096,0.125,0.021,0.044,0.082
2015-10-20 11:00:00,0.065,0.05,0.028,0.125,0.021,0.091,0.089,0.091,0.092,0.041,0.083,0.09,0.102,0.09,0.028,0.05,0.101
2015-10-20 12:00:00,0.064,0.045,0.026,0.075,0.024,0.081,0.101,0.086,0.064,0.048,0.099,0.101,0.065,0.127,0.029,0.051,0.109
2015-10-20 13:00:00,0.061,0.046,0.022,0.052,0.021,0.108,0.084,0.068,0.081,0.024,0.128,0.083,0.065,0.083,0.023,0.059,0.099
2015-10-20 14:00:00,0.042,0.028,0.019,0.029,0.016,0.089,0.059,0.061,0.048,0.016,0.105,0.056,0.036,0.042,0.013,0.036,0.073
2015-10-20 15:00:00,0.022,0.018,0.003,0.007,0.006,0.054,0.04,0.053,0.027,0.001,0.052,0.021,0.022,0.01,0.007,0.017,0.037
2015-10-20 16:00:00,0.006,0.013,0.0,0.0,0.001,0.002,0.0,0.0,0.033,0.0,0.0,0.005,0.003,0.0,0.0,0.012,0.016
2015-10-20 17:00:00,0.0,0.0,0.0,0.0,0.0,0.0,0.0,0.0,0.0,0.0,0.0,0.0,0.0,0.0,0.0,0.0,0.0
2015-10-20 18:00:00,0.0,0.0,0.0,0.0,0.0,0.0,0.0,0.0,0.0,0.0,0.0,0.0,0.0,0.0,0.0,0.0,0.0
2015-10-20 19:00:00,0.0,0.0,0.0,0.0,0.0,0.0,0.0,0.0,0.0,0.0,0.0,0.0,0.0,0.0,0.0,0.0,0.0
2015-10-20 20:00:00,0.0,0.0,0.0,0.0,0.0,0.0,0.0,0.0,0.0,0.0,0.0,0.0,0.0,0.0,0.0,0.0,0.0
2015-10-20 21:00:00,0.0,0.0,0.0,0.0,0.0,0.0,0.0,0.0,0.0,0.0,0.0,0.0,0.0,0.0,0.0,0.0,0.0
2015-10-20 22:00:00,0.0,0.0,0.0,0.0,0.0,0.0,0.0,0.0,0.0,0.0,0.0,0.0,0.0,0.0,0.0,0.0,0.0
2015-10-20 23:00:00,0.0,0.0,0.0,0.0,0.0,0.0,0.0,0.0,0.0,0.0,0.0,0.0,0.0,0.0,0.0,0.0,0.0
2015-10-21 00:00:00,0.0,0.0,0.0,0.0,0.0,0.0,0.0,0.0,0.0,0.0,0.0,0.0,0.0,0.0,0.0,0.0,0.0
2015-10-21 01:00:00,0.0,0.0,0.0,0.0,0.0,0.0,0.0,0.0,0.0,0.0,0.0,0.0,0.0,0.0,0.0,0.0,0.0
2015-10-21 02:00:00,0.0,0.0,0.0,0.0,0.0,0.0,0.0,0.0,0.0,0.0,0.0,0.0,0.0,0.0,0.0,0.0,0.0
2015-10-21 03:00:00,0.0,0.0,0.0,0.0,0.0,0.0,0.0,0.0,0.0,0.0,0.0,0.0,0.0,0.0,0.0,0.0,0.0
2015-10-21 04:00:00,0.0,0.0,0.0,0.0,0.0,0.0,0.0,0.0,0.0,0.0,0.0,0.0,0.0,0.0,0.0,0.0,0.0
2015-10-21 05:00:00,0.0,0.0,0.0,0.0,0.0,0.0,0.0,0.0,0.0,0.0,0.0,0.0,0.0,0.0,0.0,0.0,0.0
2015-10-21 06:00:00,0.0,0.0,0.0,0.0,0.0,0.0,0.0,0.0,0.0,0.0,0.0,0.0,0.0,0.0,0.0,0.0,0.0
2015-10-21 07:00:00,0.009,0.003,0.015,0.007,0.001,0.015,0.01,0.011,0.01,0.015,0.003,0.017,0.006,0.017,0.011,0.012,0.005
2015-10-21 08:00:00,0.028,0.012,0.041,0.022,0.011,0.038,0.024,0.027,0.037,0.044,0.009,0.044,0.019,0.05,0.033,0.032,0.025
2015-10-21 09:00:00,0.05,0.037,0.066,0.044,0.035,0.057,0.046,0.038,0.054,0.073,0.013,0.064,0.049,0.067,0.043,0.057,0.054
2015-10-21 10:00:00,0.07,0.04,0.103,0.06,0.048,0.097,0.054,0.042,0.05,0.09,0.021,0.117,0.069,0.11,0.047,0.074,0.098
2015-10-21 11:00:00,0.093,0.054,0.164,0.054,0.065,0.136,0.122,0.048,0.06,0.145,0.019,0.18,0.126,0.19,0.044,0.094,0.105
2015-10-21 12:00:00,0.103,0.071,0.208,0.055,0.076,0.159,0.138,0.05,0.072,0.209,0.018,0.202,0.122,0.172,0.06,0.1,0.093
2015-10-21 13:00:00,0.11,0.047,0.235,0.036,0.062,0.215,0.213,0.044,0.103,0.24,0.012,0.183,0.278,0.189,0.054,0.103,0.108
2015-10-21 14:00:00,0.084,0.025,0.149,0.024,0.06,0.151,0.154,0.038,0.055,0.188,0.006,0.151,0.161,0.12,0.062,0.082,0.094
2015-10-21 15:00:00,0.047,0.018,0.084,0.007,0.034,0.103,0.124,0.026,0.032,0.094,0.001,0.099,0.166,0.09,0.033,0.025,0.057
2015-10-21 16:00:00,0.005,0.003,0.0,0.0,0.007,0.0,0.0,0.0,0.001,0.0,0.0,0.0,0.003,0.0,0.0,0.01,0.021
2015-10-21 17:00:00,0.0,0.0,0.0,0.0,0.0,0.0,0.0,0.0,0.0,0.0,0.0,0.0,0.0,0.0,0.0,0.0,0.0
2015-10-21 18:00:00,0.0,0.0,0.0,0.0,0.0,0.0,0.0,0.0,0.0,0.0,0.0,0.0,0.0,0.0,0.0,0.0,0.0
2015-10-21 19:00:00,0.0,0.0,0.0,0.0,0.0,0.0,0.0,0.0,0.0,0.0,0.0,0.0,0.0,0.0,0.0,0.0,0.0
2015-10-21 20:00:00,0.0,0.0,0.0,0.0,0.0,0.0,0.0,0.0,0.0,0.0,0.0,0.0,0.0,0.0,0.0,0.0,0.0
2015-10-21 21:00:00,0.0,0.0,0.0,0.0,0.0,0.0,0.0,0.0,0.0,0.0,0.0,0.0,0.0,0.0,0.0,0.0,0.0
2015-10-21 22:00:00,0.0,0.0,0.0,0.0,0.0,0.0,0.0,0.0,0.0,0.0,0.0,0.0,0.0,0.0,0.0,0.0,0.0
2015-10-21 23:00:00,0.0,0.0,0.0,0.0,0.0,0.0,0.0,0.0,0.0,0.0,0.0,0.0,0.0,0.0,0.0,0.0,0.0
2015-10-22 00:00:00,0.0,0.0,0.0,0.0,0.0,0.0,0.0,0.0,0.0,0.0,0.0,0.0,0.0,0.0,0.0,0.0,0.0
2015-10-22 01:00:00,0.0,0.0,0.0,0.0,0.0,0.0,0.0,0.0,0.0,0.0,0.0,0.0,0.0,0.0,0.0,0.0,0.0
2015-10-22 02:00:00,0.0,0.0,0.0,0.0,0.0,0.0,0.0,0.0,0.0,0.0,0.0,0.0,0.0,0.0,0.0,0.0,0.0
2015-10-22 03:00:00,0.0,0.0,0.0,0.0,0.0,0.0,0.0,0.0,0.0,0.0,0.0,0.0,0.0,0.0,0.0,0.0,0.0
2015-10-22 04:00:00,0.0,0.0,0.0,0.0,0.0,0.0,0.0,0.0,0.0,0.0,0.0,0.0,0.0,0.0,0.0,0.0,0.0
2015-10-22 05:00:00,0.0,0.0,0.0,0.0,0.0,0.0,0.0,0.0,0.0,0.0,0.0,0.0,0.0,0.0,0.0,0.0,0.0
2015-10-22 06:00:00,0.0,0.0,0.0,0.0,0.0,0.0,0.0,0.0,0.0,0.002,0.0,0.0,0.0,0.001,0.0,0.0,0.0
2015-10-22 07:00:00,0.018,0.021,0.021,0.007,0.019,0.016,0.017,0.015,0.023,0.025,0.012,0.017,0.022,0.025,0.016,0.021,0.013
2015-10-22 08:00:00,0.048,0.052,0.056,0.027,0.053,0.042,0.049,0.041,0.046,0.056,0.027,0.051,0.051,0.052,0.042,0.055,0.05
2015-10-22 09:00:00,0.075,0.09,0.093,0.028,0.085,0.076,0.073,0.056,0.071,0.07,0.046,0.079,0.086,0.07,0.065,0.085,0.078
2015-10-22 10:00:00,0.113,0.148,0.128,0.034,0.138,0.117,0.117,0.07,0.13,0.104,0.049,0.108,0.143,0.102,0.103,0.137,0.103
2015-10-22 11:00:00,0.161,0.191,0.199,0.057,0.186,0.186,0.157,0.139,0.161,0.147,0.059,0.12,0.168,0.145,0.166,0.204,0.123
2015-10-22 12:00:00,0.162,0.2,0.159,0.056,0.225,0.225,0.198,0.165,0.188,0.134,0.049,0.091,0.216,0.212,0.164,0.187,0.113
2015-10-22 13:00:00,0.159,0.202,0.11,0.068,0.277,0.156,0.176,0.14,0.174,0.196,0.039,0.084,0.178,0.257,0.151,0.201,0.067
2015-10-22 14:00:00,0.119,0.107,0.102,0.068,0.155,0.095,0.173,0.141,0.072,0.148,0.034,0.073,0.112,0.199,0.121,0.172,0.04
2015-10-22 15:00:00,0.061,0.072,0.061,0.025,0.043,0.059,0.122,0.079,0.044,0.09,0.01,0.049,0.061,0.088,0.059,0.095,0.009
2015-10-22 16:00:00,0.009,0.047,0.0,0.0,0.005,0.0,0.0,0.0,0.032,0.0,0.0,0.0,0.001,0.0,0.0,0.021,0.0
2015-10-22 17:00:00,0.0,0.0,0.0,0.0,0.0,0.0,0.0,0.0,0.0,0.0,0.0,0.0,0.0,0.0,0.0,0.0,0.0
2015-10-22 18:00:00,0.0,0.0,0.0,0.0,0.0,0.0,0.0,0.0,0.0,0.0,0.0,0.0,0.0,0.0,0.0,0.0,0.0
2015-10-22 19:00:00,0.0,0.0,0.0,0.0,0.0,0.0,0.0,0.0,0.0,0.0,0.0,0.0,0.0,0.0,0.0,0.0,0.0
2015-10-22 20:00:00,0.0,0.0,0.0,0.0,0.0,0.0,0.0,0.0,0.0,0.0,0.0,0.0,0.0,0.0,0.0,0.0,0.0
2015-10-22 21:00:00,0.0,0.0,0.0,0.0,0.0,0.0,0.0,0.0,0.0,0.0,0.0,0.0,0.0,0.0,0.0,0.0,0.0
2015-10-22 22:00:00,0.0,0.0,0.0,0.0,0.0,0.0,0.0,0.0,0.0,0.0,0.0,0.0,0.0,0.0,0.0,0.0,0.0
2015-10-22 23:00:00,0.0,0.0,0.0,0.0,0.0,0.0,0.0,0.0,0.0,0.0,0.0,0.0,0.0,0.0,0.0,0.0,0.0
2015-10-23 00:00:00,0.0,0.0,0.0,0.0,0.0,0.0,0.0,0.0,0.0,0.0,0.0,0.0,0.0,0.0,0.0,0.0,0.0
2015-10-23 01:00:00,0.0,0.0,0.0,0.0,0.0,0.0,0.0,0.0,0.0,0.0,0.0,0.0,0.0,0.0,0.0,0.0,0.0
2015-10-23 02:00:00,0.0,0.0,0.0,0.0,0.0,0.0,0.0,0.0,0.0,0.0,0.0,0.0,0.0,0.0,0.0,0.0,0.0
2015-10-23 03:00:00,0.0,0.0,0.0,0.0,0.0,0.0,0.0,0.0,0.0,0.0,0.0,0.0,0.0,0.0,0.0,0.0,0.0
2015-10-23 04:00:00,0.0,0.0,0.0,0.0,0.0,0.0,0.0,0.0,0.0,0.0,0.0,0.0,0.0,0.0,0.0,0.0,0.0
2015-10-23 05:00:00,0.0,0.0,0.0,0.0,0.0,0.0,0.0,0.0,0.0,0.0,0.0,0.0,0.0,0.0,0.0,0.0,0.0
2015-10-23 06:00:00,0.0,0.0,0.0,0.0,0.0,0.0,0.0,0.0,0.0,0.001,0.0,0.0,0.0,0.0,0.0,0.0,0.0
2015-10-23 07:00:00,0.012,0.016,0.011,0.005,0.015,0.014,0.004,0.009,0.02,0.009,0.008,0.01,0.014,0.003,0.012,0.013,0.009
2015-10-23 08:00:00,0.036,0.041,0.037,0.013,0.04,0.04,0.028,0.033,0.046,0.018,0.02,0.038,0.042,0.03,0.033,0.043,0.04
2015-10-23 09:00:00,0.062,0.075,0.064,0.03,0.074,0.07,0.049,0.069,0.075,0.031,0.059,0.062,0.073,0.065,0.045,0.064,0.063
2015-10-23 10:00:00,0.111,0.141,0.104,0.081,0.121,0.125,0.127,0.114,0.133,0.053,0.09,0.103,0.133,0.122,0.065,0.127,0.109
2015-10-23 11:00:00,0.138,0.17,0.126,0.111,0.168,0.127,0.131,0.129,0.134,0.083,0.077,0.17,0.116,0.118,0.079,0.142,0.188
2015-10-23 12:00:00,0.15,0.137,0.115,0.162,0.166,0.118,0.147,0.151,0.118,0.133,0.103,0.219,0.138,0.122,0.124,0.133,0.234
2015-10-23 13:00:00,0.166,0.177,0.088,0.187,0.172,0.122,0.135,0.157,0.152,0.174,0.167,0.267,0.123,0.156,0.198,0.124,0.238
2015-10-23 14:00:00,0.139,0.173,0.049,0.147,0.129,0.057,0.119,0.105,0.173,0.138,0.126,0.233,0.102,0.124,0.142,0.106,0.259
2015-10-23 15:00:00,0.092,0.096,0.038,0.086,0.081,0.026,0.073,0.046,0.108,0.059,0.072,0.18,0.066,0.033,0.111,0.073,0.203
2015-10-23 16:00:00,0.025,0.063,0.0,0.0,0.071,0.0,0.0,0.0,0.027,0.0,0.0,0.0,0.0,0.0,0.0,0.028,0.074
2015-10-23 17:00:00,0.0,0.0,0.0,0.0,0.0,0.0,0.0,0.0,0.0,0.0,0.0,0.0,0.0,0.0,0.0,0.0,0.0
2015-10-23 18:00:00,0.0,0.0,0.0,0.0,0.0,0.0,0.0,0.0,0.0,0.0,0.0,0.0,0.0,0.0,0.0,0.0,0.0
2015-10-23 19:00:00,0.0,0.0,0.0,0.0,0.0,0.0,0.0,0.0,0.0,0.0,0.0,0.0,0.0,0.0,0.0,0.0,0.0
2015-10-23 20:00:00,0.0,0.0,0.0,0.0,0.0,0.0,0.0,0.0,0.0,0.0,0.0,0.0,0.0,0.0,0.0,0.0,0.0
2015-10-23 21:00:00,0.0,0.0,0.0,0.0,0.0,0.0,0.0,0.0,0.0,0.0,0.0,0.0,0.0,0.0,0.0,0.0,0.0
2015-10-23 22:00:00,0.0,0.0,0.0,0.0,0.0,0.0,0.0,0.0,0.0,0.0,0.0,0.0,0.0,0.0,0.0,0.0,0.0
2015-10-23 23:00:00,0.0,0.0,0.0,0.0,0.0,0.0,0.0,0.0,0.0,0.0,0.0,0.0,0.0,0.0,0.0,0.0,0.0
2015-10-24 00:00:00,0.0,0.0,0.0,0.0,0.0,0.0,0.0,0.0,0.0,0.0,0.0,0.0,0.0,0.0,0.0,0.0,0.0
2015-10-24 01:00:00,0.0,0.0,0.0,0.0,0.0,0.0,0.0,0.0,0.0,0.0,0.0,0.0,0.0,0.0,0.0,0.0,0.0
2015-10-24 02:00:00,0.0,0.0,0.0,0.0,0.0,0.0,0.0,0.0,0.0,0.0,0.0,0.0,0.0,0.0,0.0,0.0,0.0
2015-10-24 03:00:00,0.0,0.0,0.0,0.0,0.0,0.0,0.0,0.0,0.0,0.0,0.0,0.0,0.0,0.0,0.0,0.0,0.0
2015-10-24 04:00:00,0.0,0.0,0.0,0.0,0.0,0.0,0.0,0.0,0.0,0.0,0.0,0.0,0.0,0.0,0.0,0.0,0.0
2015-10-24 05:00:00,0.0,0.0,0.0,0.0,0.0,0.0,0.0,0.0,0.0,0.0,0.0,0.0,0.0,0.0,0.0,0.0,0.0
2015-10-24 06:00:00,0.001,0.0,0.0,0.003,0.0,0.0,0.001,0.001,0.0,0.002,0.002,0.0,0.0,0.002,0.0,0.0,0.0
2015-10-24 07:00:00,0.022,0.021,0.021,0.036,0.014,0.025,0.03,0.029,0.02,0.034,0.031,0.016,0.026,0.032,0.026,0.019,0.012
2015-10-24 08:00:00,0.053,0.054,0.054,0.077,0.043,0.058,0.06,0.067,0.054,0.06,0.054,0.048,0.053,0.061,0.054,0.051,0.044
2015-10-24 09:00:00,0.077,0.073,0.083,0.11,0.063,0.088,0.077,0.1,0.068,0.088,0.082,0.078,0.065,0.083,0.086,0.067,0.067
2015-10-24 10:00:00,0.138,0.153,0.105,0.149,0.133,0.157,0.184,0.154,0.167,0.142,0.181,0.106,0.174,0.171,0.129,0.133,0.119
2015-10-24 11:00:00,0.202,0.269,0.155,0.171,0.237,0.198,0.284,0.181,0.271,0.203,0.232,0.122,0.245,0.216,0.165,0.209,0.177
2015-10-24 12:00:00,0.228,0.349,0.164,0.179,0.307,0.211,0.347,0.177,0.339,0.156,0.269,0.133,0.291,0.203,0.173,0.244,0.18
2015-10-24 13:00:00,0.227,0.387,0.168,0.202,0.339,0.196,0.353,0.156,0.361,0.188,0.244,0.125,0.299,0.196,0.154,0.231,0.156
2015-10-24 14:00:00,0.205,0.38,0.102,0.106,0.354,0.18,0.33,0.098,0.373,0.133,0.197,0.088,0.339,0.15,0.094,0.228,0.168
2015-10-24 15:00:00,0.148,0.267,0.067,0.051,0.268,0.12,0.225,0.045,0.27,0.113,0.119,0.034,0.246,0.086,0.045,0.194,0.134
2015-10-24 16:00:00,0.028,0.112,0.0,0.0,0.145,0.0,0.0,0.0,0.004,0.0,0.0,0.0,0.0,0.0,0.0,0.005,0.052
2015-10-24 17:00:00,0.0,0.0,0.0,0.0,0.0,0.0,0.0,0.0,0.0,0.0,0.0,0.0,0.0,0.0,0.0,0.0,0.0
2015-10-24 18:00:00,0.0,0.0,0.0,0.0,0.0,0.0,0.0,0.0,0.0,0.0,0.0,0.0,0.0,0.0,0.0,0.0,0.0
2015-10-24 19:00:00,0.0,0.0,0.0,0.0,0.0,0.0,0.0,0.0,0.0,0.0,0.0,0.0,0.0,0.0,0.0,0.0,0.0
2015-10-24 20:00:00,0.0,0.0,0.0,0.0,0.0,0.0,0.0,0.0,0.0,0.0,0.0,0.0,0.0,0.0,0.0,0.0,0.0
2015-10-24 21:00:00,0.0,0.0,0.0,0.0,0.0,0.0,0.0,0.0,0.0,0.0,0.0,0.0,0.0,0.0,0.0,0.0,0.0
2015-10-24 22:00:00,0.0,0.0,0.0,0.0,0.0,0.0,0.0,0.0,0.0,0.0,0.0,0.0,0.0,0.0,0.0,0.0,0.0
2015-10-24 23:00:00,0.0,0.0,0.0,0.0,0.0,0.0,0.0,0.0,0.0,0.0,0.0,0.0,0.0,0.0,0.0,0.0,0.0
2015-10-25 00:00:00,0.0,0.0,0.0,0.0,0.0,0.0,0.0,0.0,0.0,0.0,0.0,0.0,0.0,0.0,0.0,0.0,0.0
2015-10-25 01:00:00,0.0,0.0,0.0,0.0,0.0,0.0,0.0,0.0,0.0,0.0,0.0,0.0,0.0,0.0,0.0,0.0,0.0
2015-10-25 02:00:00,0.0,0.0,0.0,0.0,0.0,0.0,0.0,0.0,0.0,0.0,0.0,0.0,0.0,0.0,0.0,0.0,0.0
2015-10-25 03:00:00,0.0,0.0,0.0,0.0,0.0,0.0,0.0,0.0,0.0,0.0,0.0,0.0,0.0,0.0,0.0,0.0,0.0
2015-10-25 04:00:00,0.0,0.0,0.0,0.0,0.0,0.0,0.0,0.0,0.0,0.0,0.0,0.0,0.0,0.0,0.0,0.0,0.0
2015-10-25 05:00:00,0.0,0.0,0.0,0.0,0.0,0.0,0.0,0.0,0.0,0.0,0.0,0.0,0.0,0.0,0.0,0.0,0.0
2015-10-25 06:00:00,0.001,0.0,0.0,0.004,0.0,0.0,0.003,0.001,0.0,0.004,0.002,0.0,0.0,0.003,0.0,0.0,0.0
2015-10-25 07:00:00,0.025,0.017,0.029,0.04,0.012,0.036,0.036,0.038,0.027,0.037,0.034,0.024,0.029,0.039,0.033,0.021,0.01
2015-10-25 08:00:00,0.062,0.05,0.074,0.071,0.044,0.081,0.074,0.079,0.067,0.082,0.072,0.063,0.074,0.08,0.079,0.059,0.032
2015-10-25 09:00:00,0.093,0.094,0.095,0.105,0.087,0.113,0.111,0.11,0.1,0.095,0.108,0.082,0.116,0.096,0.112,0.086,0.059
2015-10-25 10:00:00,0.129,0.135,0.124,0.201,0.123,0.137,0.174,0.176,0.115,0.187,0.174,0.095,0.137,0.175,0.136,0.11,0.064
2015-10-25 11:00:00,0.144,0.162,0.138,0.266,0.161,0.122,0.196,0.182,0.129,0.245,0.208,0.086,0.11,0.173,0.137,0.13,0.051
2015-10-25 12:00:00,0.13,0.144,0.103,0.247,0.174,0.086,0.185,0.134,0.138,0.234,0.189,0.052,0.08,0.14,0.107,0.139,0.03
2015-10-25 13:00:00,0.099,0.156,0.051,0.139,0.163,0.059,0.101,0.069,0.106,0.167,0.097,0.033,0.057,0.083,0.056,0.107,0.079
2015-10-25 14:00:00,0.067,0.118,0.025,0.054,0.051,0.039,0.05,0.031,0.086,0.083,0.039,0.052,0.053,0.041,0.023,0.07,0.164
2015-10-25 15:00:00,0.032,0.047,0.005,0.007,0.022,0.008,0.018,0.004,0.034,0.019,0.005,0.071,0.012,0.006,0.003,0.019,0.151
2015-10-25 16:00:00,0.004,0.009,0.0,0.0,0.014,0.0,0.0,0.0,0.0,0.0,0.0,0.0,0.0,0.0,0.0,0.0,0.026
2015-10-25 17:00:00,0.0,0.0,0.0,0.0,0.0,0.0,0.0,0.0,0.0,0.0,0.0,0.0,0.0,0.0,0.0,0.0,0.0
2015-10-25 18:00:00,0.0,0.0,0.0,0.0,0.0,0.0,0.0,0.0,0.0,0.0,0.0,0.0,0.0,0.0,0.0,0.0,0.0
2015-10-25 19:00:00,0.0,0.0,0.0,0.0,0.0,0.0,0.0,0.0,0.0,0.0,0.0,0.0,0.0,0.0,0.0,0.0,0.0
2015-10-25 20:00:00,0.0,0.0,0.0,0.0,0.0,0.0,0.0,0.0,0.0,0.0,0.0,0.0,0.0,0.0,0.0,0.0,0.0
2015-10-25 21:00:00,0.0,0.0,0.0,0.0,0.0,0.0,0.0,0.0,0.0,0.0,0.0,0.0,0.0,0.0,0.0,0.0,0.0
2015-10-25 22:00:00,0.0,0.0,0.0,0.0,0.0,0.0,0.0,0.0,0.0,0.0,0.0,0.0,0.0,0.0,0.0,0.0,0.0
2015-10-25 23:00:00,0.0,0.0,0.0,0.0,0.0,0.0,0.0,0.0,0.0,0.0,0.0,0.0,0.0,0.0,0.0,0.0,0.0
2015-10-26 00:00:00,0.0,0.0,0.0,0.0,0.0,0.0,0.0,0.0,0.0,0.0,0.0,0.0,0.0,0.0,0.0,0.0,0.0
2015-10-26 01:00:00,0.0,0.0,0.0,0.0,0.0,0.0,0.0,0.0,0.0,0.0,0.0,0.0,0.0,0.0,0.0,0.0,0.0
2015-10-26 02:00:00,0.0,0.0,0.0,0.0,0.0,0.0,0.0,0.0,0.0,0.0,0.0,0.0,0.0,0.0,0.0,0.0,0.0
2015-10-26 03:00:00,0.0,0.0,0.0,0.0,0.0,0.0,0.0,0.0,0.0,0.0,0.0,0.0,0.0,0.0,0.0,0.0,0.0
2015-10-26 04:00:00,0.0,0.0,0.0,0.0,0.0,0.0,0.0,0.0,0.0,0.0,0.0,0.0,0.0,0.0,0.0,0.0,0.0
2015-10-26 05:00:00,0.0,0.0,0.0,0.0,0.0,0.0,0.0,0.0,0.0,0.0,0.0,0.0,0.0,0.0,0.0,0.0,0.0
2015-10-26 06:00:00,0.0,0.0,0.0,0.004,0.0,0.0,0.0,0.0,0.0,0.002,0.001,0.0,0.0,0.002,0.0,0.0,0.0
2015-10-26 07:00:00,0.023,0.018,0.021,0.039,0.015,0.026,0.029,0.031,0.023,0.037,0.031,0.019,0.029,0.036,0.022,0.021,0.013
2015-10-26 08:00:00,0.053,0.05,0.049,0.065,0.052,0.059,0.063,0.062,0.057,0.064,0.054,0.05,0.069,0.066,0.051,0.049,0.047
2015-10-26 09:00:00,0.083,0.081,0.069,0.111,0.088,0.091,0.107,0.093,0.091,0.107,0.069,0.075,0.106,0.108,0.078,0.072,0.079
2015-10-26 10:00:00,0.143,0.111,0.157,0.162,0.123,0.173,0.186,0.149,0.126,0.205,0.138,0.136,0.151,0.201,0.125,0.144,0.134
2015-10-26 11:00:00,0.215,0.17,0.242,0.243,0.191,0.234,0.252,0.207,0.153,0.293,0.187,0.217,0.199,0.285,0.199,0.22,0.216
2015-10-26 12:00:00,0.269,0.19,0.298,0.273,0.25,0.297,0.325,0.266,0.171,0.334,0.249,0.283,0.258,0.343,0.26,0.271,0.294
2015-10-26 13:00:00,0.287,0.149,0.315,0.34,0.271,0.289,0.325,0.287,0.135,0.328,0.277,0.317,0.26,0.346,0.319,0.284,0.329
2015-10-26 14:00:00,0.257,0.14,0.274,0.278,0.26,0.231,0.268,0.264,0.131,0.283,0.262,0.286,0.21,0.244,0.28,0.261,0.313
2015-10-26 15:00:00,0.167,0.077,0.194,0.133,0.183,0.154,0.128,0.164,0.116,0.155,0.145,0.194,0.112,0.136,0.171,0.178,0.235
2015-10-26 16:00:00,0.005,0.01,0.0,0.0,0.038,0.0,0.0,0.0,0.0,0.0,0.0,0.0,0.0,0.0,0.0,0.0,0.008
2015-10-26 17:00:00,0.0,0.0,0.0,0.0,0.0,0.0,0.0,0.0,0.0,0.0,0.0,0.0,0.0,0.0,0.0,0.0,0.0
2015-10-26 18:00:00,0.0,0.0,0.0,0.0,0.0,0.0,0.0,0.0,0.0,0.0,0.0,0.0,0.0,0.0,0.0,0.0,0.0
2015-10-26 19:00:00,0.0,0.0,0.0,0.0,0.0,0.0,0.0,0.0,0.0,0.0,0.0,0.0,0.0,0.0,0.0,0.0,0.0
2015-10-26 20:00:00,0.0,0.0,0.0,0.0,0.0,0.0,0.0,0.0,0.0,0.0,0.0,0.0,0.0,0.0,0.0,0.0,0.0
2015-10-26 21:00:00,0.0,0.0,0.0,0.0,0.0,0.0,0.0,0.0,0.0,0.0,0.0,0.0,0.0,0.0,0.0,0.0,0.0
2015-10-26 22:00:00,0.0,0.0,0.0,0.0,0.0,0.0,0.0,0.0,0.0,0.0,0.0,0.0,0.0,0.0,0.0,0.0,0.0
2015-10-26 23:00:00,0.0,0.0,0.0,0.0,0.0,0.0,0.0,0.0,0.0,0.0,0.0,0.0,0.0,0.0,0.0,0.0,0.0
2015-10-27 00:00:00,0.0,0.0,0.0,0.0,0.0,0.0,0.0,0.0,0.0,0.0,0.0,0.0,0.0,0.0,0.0,0.0,0.0
2015-10-27 01:00:00,0.0,0.0,0.0,0.0,0.0,0.0,0.0,0.0,0.0,0.0,0.0,0.0,0.0,0.0,0.0,0.0,0.0
2015-10-27 02:00:00,0.0,0.0,0.0,0.0,0.0,0.0,0.0,0.0,0.0,0.0,0.0,0.0,0.0,0.0,0.0,0.0,0.0
2015-10-27 03:00:00,0.0,0.0,0.0,0.0,0.0,0.0,0.0,0.0,0.0,0.0,0.0,0.0,0.0,0.0,0.0,0.0,0.0
2015-10-27 04:00:00,0.0,0.0,0.0,0.0,0.0,0.0,0.0,0.0,0.0,0.0,0.0,0.0,0.0,0.0,0.0,0.0,0.0
2015-10-27 05:00:00,0.0,0.0,0.0,0.0,0.0,0.0,0.0,0.0,0.0,0.0,0.0,0.0,0.0,0.0,0.0,0.0,0.0
2015-10-27 06:00:00,0.0,0.0,0.0,0.003,0.0,0.0,0.0,0.0,0.0,0.003,0.0,0.0,0.0,0.001,0.0,0.0,0.0
2015-10-27 07:00:00,0.021,0.017,0.022,0.035,0.013,0.027,0.035,0.025,0.021,0.043,0.016,0.016,0.026,0.035,0.018,0.02,0.012
2015-10-27 08:00:00,0.052,0.046,0.058,0.069,0.039,0.066,0.072,0.057,0.051,0.087,0.042,0.048,0.06,0.075,0.047,0.051,0.043
2015-10-27 09:00:00,0.08,0.065,0.104,0.103,0.053,0.104,0.089,0.09,0.074,0.128,0.073,0.084,0.083,0.111,0.086,0.073,0.066
2015-10-27 10:00:00,0.14,0.141,0.145,0.145,0.124,0.157,0.204,0.118,0.156,0.191,0.117,0.122,0.18,0.186,0.123,0.149,0.121
2015-10-27 11:00:00,0.223,0.236,0.222,0.158,0.249,0.241,0.325,0.149,0.252,0.246,0.143,0.171,0.29,0.254,0.168,0.262,0.221
2015-10-27 12:00:00,0.292,0.283,0.309,0.191,0.335,0.326,0.407,0.179,0.294,0.337,0.172,0.224,0.364,0.352,0.219,0.35,0.299
2015-10-27 13:00:00,0.318,0.309,0.351,0.167,0.362,0.36,0.433,0.17,0.345,0.359,0.208,0.25,0.406,0.37,0.224,0.385,0.349
2015-10-27 14:00:00,0.289,0.262,0.33,0.139,0.318,0.341,0.389,0.16,0.279,0.325,0.166,0.259,0.364,0.322,0.199,0.345,0.346
2015-10-27 15:00:00,0.19,0.196,0.216,0.077,0.216,0.217,0.251,0.088,0.202,0.195,0.086,0.166,0.24,0.204,0.121,0.231,0.239
2015-10-27 16:00:00,0.001,0.008,0.0,0.0,0.009,0.0,0.0,0.0,0.0,0.0,0.0,0.0,0.0,0.0,0.0,0.0,0.0
2015-10-27 17:00:00,0.0,0.0,0.0,0.0,0.0,0.0,0.0,0.0,0.0,0.0,0.0,0.0,0.0,0.0,0.0,0.0,0.0
2015-10-27 18:00:00,0.0,0.0,0.0,0.0,0.0,0.0,0.0,0.0,0.0,0.0,0.0,0.0,0.0,0.0,0.0,0.0,0.0
2015-10-27 19:00:00,0.0,0.0,0.0,0.0,0.0,0.0,0.0,0.0,0.0,0.0,0.0,0.0,0.0,0.0,0.0,0.0,0.0
2015-10-27 20:00:00,0.0,0.0,0.0,0.0,0.0,0.0,0.0,0.0,0.0,0.0,0.0,0.0,0.0,0.0,0.0,0.0,0.0
2015-10-27 21:00:00,0.0,0.0,0.0,0.0,0.0,0.0,0.0,0.0,0.0,0.0,0.0,0.0,0.0,0.0,0.0,0.0,0.0
2015-10-27 22:00:00,0.0,0.0,0.0,0.0,0.0,0.0,0.0,0.0,0.0,0.0,0.0,0.0,0.0,0.0,0.0,0.0,0.0
2015-10-27 23:00:00,0.0,0.0,0.0,0.0,0.0,0.0,0.0,0.0,0.0,0.0,0.0,0.0,0.0,0.0,0.0,0.0,0.0
2015-10-28 00:00:00,0.0,0.0,0.0,0.0,0.0,0.0,0.0,0.0,0.0,0.0,0.0,0.0,0.0,0.0,0.0,0.0,0.0
2015-10-28 01:00:00,0.0,0.0,0.0,0.0,0.0,0.0,0.0,0.0,0.0,0.0,0.0,0.0,0.0,0.0,0.0,0.0,0.0
2015-10-28 02:00:00,0.0,0.0,0.0,0.0,0.0,0.0,0.0,0.0,0.0,0.0,0.0,0.0,0.0,0.0,0.0,0.0,0.0
2015-10-28 03:00:00,0.0,0.0,0.0,0.0,0.0,0.0,0.0,0.0,0.0,0.0,0.0,0.0,0.0,0.0,0.0,0.0,0.0
2015-10-28 04:00:00,0.0,0.0,0.0,0.0,0.0,0.0,0.0,0.0,0.0,0.0,0.0,0.0,0.0,0.0,0.0,0.0,0.0
2015-10-28 05:00:00,0.0,0.0,0.0,0.0,0.0,0.0,0.0,0.0,0.0,0.0,0.0,0.0,0.0,0.0,0.0,0.0,0.0
2015-10-28 06:00:00,0.0,0.0,0.0,0.001,0.0,0.0,0.0,0.0,0.0,0.003,0.0,0.0,0.0,0.0,0.0,0.0,0.0
2015-10-28 07:00:00,0.02,0.016,0.021,0.034,0.014,0.024,0.026,0.025,0.02,0.031,0.017,0.017,0.023,0.028,0.015,0.021,0.016
2015-10-28 08:00:00,0.052,0.05,0.066,0.072,0.039,0.048,0.046,0.058,0.045,0.05,0.053,0.057,0.044,0.048,0.048,0.052,0.053
2015-10-28 09:00:00,0.072,0.072,0.086,0.1,0.054,0.063,0.057,0.086,0.061,0.075,0.068,0.092,0.055,0.059,0.068,0.068,0.077
2015-10-28 10:00:00,0.144,0.135,0.162,0.175,0.12,0.174,0.195,0.157,0.159,0.214,0.098,0.139,0.177,0.196,0.105,0.146,0.125
2015-10-28 11:00:00,0.235,0.229,0.242,0.26,0.233,0.29,0.316,0.229,0.26,0.33,0.126,0.2,0.296,0.311,0.135,0.253,0.223
2015-10-28 12:00:00,0.297,0.284,0.313,0.33,0.276,0.367,0.395,0.287,0.35,0.4,0.154,0.228,0.377,0.385,0.152,0.335,0.299
2015-10-28 13:00:00,0.312,0.324,0.301,0.337,0.326,0.372,0.417,0.298,0.38,0.396,0.158,0.194,0.402,0.393,0.143,0.362,0.316
2015-10-28 14:00:00,0.269,0.279,0.254,0.312,0.309,0.322,0.373,0.234,0.341,0.355,0.096,0.136,0.361,0.349,0.082,0.318,0.287
2015-10-28 15:00:00,0.157,0.143,0.145,0.16,0.181,0.186,0.23,0.109,0.221,0.207,0.024,0.061,0.229,0.208,0.025,0.21,0.192
2015-10-28 16:00:00,0.0,0.0,0.0,0.0,0.0,0.0,0.0,0.0,0.0,0.0,0.0,0.0,0.0,0.0,0.0,0.0,0.0
2015-10-28 17:00:00,0.0,0.0,0.0,0.0,0.0,0.0,0.0,0.0,0.0,0.0,0.0,0.0,0.0,0.0,0.0,0.0,0.0
2015-10-28 18:00:00,0.0,0.0,0.0,0.0,0.0,0.0,0.0,0.0,0.0,0.0,0.0,0.0,0.0,0.0,0.0,0.0,0.0
2015-10-28 19:00:00,0.0,0.0,0.0,0.0,0.0,0.0,0.0,0.0,0.0,0.0,0.0,0.0,0.0,0.0,0.0,0.0,0.0
2015-10-28 20:00:00,0.0,0.0,0.0,0.0,0.0,0.0,0.0,0.0,0.0,0.0,0.0,0.0,0.0,0.0,0.0,0.0,0.0
2015-10-28 21:00:00,0.0,0.0,0.0,0.0,0.0,0.0,0.0,0.0,0.0,0.0,0.0,0.0,0.0,0.0,0.0,0.0,0.0
2015-10-28 22:00:00,0.0,0.0,0.0,0.0,0.0,0.0,0.0,0.0,0.0,0.0,0.0,0.0,0.0,0.0,0.0,0.0,0.0
2015-10-28 23:00:00,0.0,0.0,0.0,0.0,0.0,0.0,0.0,0.0,0.0,0.0,0.0,0.0,0.0,0.0,0.0,0.0,0.0
2015-10-29 00:00:00,0.0,0.0,0.0,0.0,0.0,0.0,0.0,0.0,0.0,0.0,0.0,0.0,0.0,0.0,0.0,0.0,0.0
2015-10-29 01:00:00,0.0,0.0,0.0,0.0,0.0,0.0,0.0,0.0,0.0,0.0,0.0,0.0,0.0,0.0,0.0,0.0,0.0
2015-10-29 02:00:00,0.0,0.0,0.0,0.0,0.0,0.0,0.0,0.0,0.0,0.0,0.0,0.0,0.0,0.0,0.0,0.0,0.0
2015-10-29 03:00:00,0.0,0.0,0.0,0.0,0.0,0.0,0.0,0.0,0.0,0.0,0.0,0.0,0.0,0.0,0.0,0.0,0.0
2015-10-29 04:00:00,0.0,0.0,0.0,0.0,0.0,0.0,0.0,0.0,0.0,0.0,0.0,0.0,0.0,0.0,0.0,0.0,0.0
2015-10-29 05:00:00,0.0,0.0,0.0,0.0,0.0,0.0,0.0,0.0,0.0,0.0,0.0,0.0,0.0,0.0,0.0,0.0,0.0
2015-10-29 06:00:00,0.0,0.0,0.0,0.001,0.0,0.0,0.0,0.0,0.0,0.002,0.0,0.0,0.0,0.0,0.0,0.0,0.0
2015-10-29 07:00:00,0.017,0.01,0.016,0.033,0.008,0.024,0.034,0.024,0.018,0.032,0.025,0.013,0.026,0.028,0.02,0.013,0.008
2015-10-29 08:00:00,0.046,0.044,0.04,0.06,0.041,0.05,0.067,0.052,0.053,0.07,0.05,0.039,0.056,0.063,0.047,0.041,0.034
2015-10-29 09:00:00,0.066,0.059,0.059,0.082,0.066,0.087,0.081,0.077,0.071,0.089,0.062,0.052,0.074,0.077,0.062,0.065,0.053
2015-10-29 10:00:00,0.134,0.096,0.131,0.199,0.109,0.157,0.195,0.166,0.128,0.209,0.176,0.126,0.166,0.192,0.15,0.109,0.105
2015-10-29 11:00:00,0.202,0.139,0.197,0.298,0.175,0.208,0.302,0.244,0.206,0.316,0.272,0.234,0.268,0.277,0.238,0.141,0.179
2015-10-29 12:00:00,0.225,0.13,0.206,0.364,0.168,0.201,0.366,0.278,0.254,0.361,0.351,0.305,0.344,0.315,0.278,0.139,0.196
2015-10-29 13:00:00,0.212,0.088,0.191,0.368,0.131,0.225,0.343,0.265,0.232,0.385,0.351,0.33,0.342,0.358,0.279,0.115,0.165
2015-10-29 14:00:00,0.15,0.076,0.103,0.288,0.087,0.139,0.317,0.187,0.144,0.31,0.272,0.255,0.284,0.288,0.21,0.064,0.096
2015-10-29 15:00:00,0.074,0.042,0.06,0.144,0.03,0.057,0.191,0.099,0.057,0.156,0.156,0.155,0.156,0.15,0.109,0.019,0.036
2015-10-29 16:00:00,0.0,0.0,0.0,0.0,0.0,0.0,0.0,0.0,0.0,0.0,0.0,0.0,0.0,0.0,0.0,0.0,0.0
2015-10-29 17:00:00,0.0,0.0,0.0,0.0,0.0,0.0,0.0,0.0,0.0,0.0,0.0,0.0,0.0,0.0,0.0,0.0,0.0
2015-10-29 18:00:00,0.0,0.0,0.0,0.0,0.0,0.0,0.0,0.0,0.0,0.0,0.0,0.0,0.0,0.0,0.0,0.0,0.0
2015-10-29 19:00:00,0.0,0.0,0.0,0.0,0.0,0.0,0.0,0.0,0.0,0.0,0.0,0.0,0.0,0.0,0.0,0.0,0.0
2015-10-29 20:00:00,0.0,0.0,0.0,0.0,0.0,0.0,0.0,0.0,0.0,0.0,0.0,0.0,0.0,0.0,0.0,0.0,0.0
2015-10-29 21:00:00,0.0,0.0,0.0,0.0,0.0,0.0,0.0,0.0,0.0,0.0,0.0,0.0,0.0,0.0,0.0,0.0,0.0
2015-10-29 22:00:00,0.0,0.0,0.0,0.0,0.0,0.0,0.0,0.0,0.0,0.0,0.0,0.0,0.0,0.0,0.0,0.0,0.0
2015-10-29 23:00:00,0.0,0.0,0.0,0.0,0.0,0.0,0.0,0.0,0.0,0.0,0.0,0.0,0.0,0.0,0.0,0.0,0.0
2015-10-30 00:00:00,0.0,0.0,0.0,0.0,0.0,0.0,0.0,0.0,0.0,0.0,0.0,0.0,0.0,0.0,0.0,0.0,0.0
2015-10-30 01:00:00,0.0,0.0,0.0,0.0,0.0,0.0,0.0,0.0,0.0,0.0,0.0,0.0,0.0,0.0,0.0,0.0,0.0
2015-10-30 02:00:00,0.0,0.0,0.0,0.0,0.0,0.0,0.0,0.0,0.0,0.0,0.0,0.0,0.0,0.0,0.0,0.0,0.0
2015-10-30 03:00:00,0.0,0.0,0.0,0.0,0.0,0.0,0.0,0.0,0.0,0.0,0.0,0.0,0.0,0.0,0.0,0.0,0.0
2015-10-30 04:00:00,0.0,0.0,0.0,0.0,0.0,0.0,0.0,0.0,0.0,0.0,0.0,0.0,0.0,0.0,0.0,0.0,0.0
2015-10-30 05:00:00,0.0,0.0,0.0,0.0,0.0,0.0,0.0,0.0,0.0,0.0,0.0,0.0,0.0,0.0,0.0,0.0,0.0
2015-10-30 06:00:00,0.0,0.0,0.0,0.001,0.0,0.0,0.0,0.0,0.0,0.001,0.0,0.0,0.0,0.0,0.0,0.0,0.0
2015-10-30 07:00:00,0.012,0.007,0.005,0.03,0.003,0.015,0.025,0.02,0.007,0.034,0.023,0.008,0.021,0.028,0.017,0.006,0.003
2015-10-30 08:00:00,0.036,0.034,0.027,0.048,0.026,0.041,0.047,0.044,0.032,0.062,0.043,0.039,0.044,0.05,0.046,0.031,0.028
2015-10-30 09:00:00,0.058,0.061,0.052,0.067,0.057,0.068,0.059,0.06,0.05,0.089,0.054,0.074,0.065,0.068,0.061,0.049,0.054
2015-10-30 10:00:00,0.113,0.084,0.082,0.194,0.073,0.145,0.184,0.162,0.101,0.198,0.172,0.114,0.159,0.18,0.147,0.075,0.08
2015-10-30 11:00:00,0.168,0.099,0.108,0.303,0.079,0.223,0.3,0.267,0.11,0.31,0.281,0.179,0.254,0.289,0.245,0.105,0.11
2015-10-30 12:00:00,0.202,0.111,0.155,0.37,0.072,0.278,0.374,0.328,0.113,0.382,0.349,0.221,0.306,0.357,0.318,0.127,0.11
2015-10-30 13:00:00,0.206,0.094,0.168,0.378,0.056,0.266,0.39,0.328,0.092,0.392,0.359,0.257,0.299,0.363,0.341,0.127,0.127
2015-10-30 14:00:00,0.166,0.058,0.169,0.312,0.037,0.224,0.34,0.282,0.069,0.328,0.293,0.223,0.271,0.305,0.289,0.079,0.095
2015-10-30 15:00:00,0.098,0.043,0.117,0.17,0.015,0.117,0.207,0.155,0.058,0.183,0.157,0.125,0.18,0.156,0.164,0.055,0.063
2015-10-30 16:00:00,0.0,0.0,0.0,0.0,0.0,0.0,0.0,0.0,0.0,0.0,0.0,0.0,0.0,0.0,0.0,0.0,0.0
2015-10-30 17:00:00,0.0,0.0,0.0,0.0,0.0,0.0,0.0,0.0,0.0,0.0,0.0,0.0,0.0,0.0,0.0,0.0,0.0
2015-10-30 18:00:00,0.0,0.0,0.0,0.0,0.0,0.0,0.0,0.0,0.0,0.0,0.0,0.0,0.0,0.0,0.0,0.0,0.0
2015-10-30 19:00:00,0.0,0.0,0.0,0.0,0.0,0.0,0.0,0.0,0.0,0.0,0.0,0.0,0.0,0.0,0.0,0.0,0.0
2015-10-30 20:00:00,0.0,0.0,0.0,0.0,0.0,0.0,0.0,0.0,0.0,0.0,0.0,0.0,0.0,0.0,0.0,0.0,0.0
2015-10-30 21:00:00,0.0,0.0,0.0,0.0,0.0,0.0,0.0,0.0,0.0,0.0,0.0,0.0,0.0,0.0,0.0,0.0,0.0
2015-10-30 22:00:00,0.0,0.0,0.0,0.0,0.0,0.0,0.0,0.0,0.0,0.0,0.0,0.0,0.0,0.0,0.0,0.0,0.0
2015-10-30 23:00:00,0.0,0.0,0.0,0.0,0.0,0.0,0.0,0.0,0.0,0.0,0.0,0.0,0.0,0.0,0.0,0.0,0.0
2015-10-31 00:00:00,0.0,0.0,0.0,0.0,0.0,0.0,0.0,0.0,0.0,0.0,0.0,0.0,0.0,0.0,0.0,0.0,0.0
2015-10-31 01:00:00,0.0,0.0,0.0,0.0,0.0,0.0,0.0,0.0,0.0,0.0,0.0,0.0,0.0,0.0,0.0,0.0,0.0
2015-10-31 02:00:00,0.0,0.0,0.0,0.0,0.0,0.0,0.0,0.0,0.0,0.0,0.0,0.0,0.0,0.0,0.0,0.0,0.0
2015-10-31 03:00:00,0.0,0.0,0.0,0.0,0.0,0.0,0.0,0.0,0.0,0.0,0.0,0.0,0.0,0.0,0.0,0.0,0.0
2015-10-31 04:00:00,0.0,0.0,0.0,0.0,0.0,0.0,0.0,0.0,0.0,0.0,0.0,0.0,0.0,0.0,0.0,0.0,0.0
2015-10-31 05:00:00,0.0,0.0,0.0,0.0,0.0,0.0,0.0,0.0,0.0,0.0,0.0,0.0,0.0,0.0,0.0,0.0,0.0
2015-10-31 06:00:00,0.0,0.0,0.0,0.0,0.0,0.0,0.0,0.0,0.0,0.001,0.0,0.0,0.0,0.0,0.0,0.0,0.0
2015-10-31 07:00:00,0.016,0.015,0.014,0.03,0.01,0.02,0.024,0.021,0.016,0.031,0.022,0.011,0.022,0.026,0.017,0.014,0.007
2015-10-31 08:00:00,0.044,0.05,0.037,0.058,0.044,0.049,0.053,0.045,0.054,0.063,0.043,0.042,0.061,0.058,0.039,0.038,0.034
2015-10-31 09:00:00,0.065,0.076,0.057,0.076,0.075,0.069,0.073,0.066,0.094,0.074,0.055,0.072,0.085,0.074,0.052,0.055,0.056
2015-10-31 10:00:00,0.147,0.139,0.135,0.196,0.129,0.164,0.189,0.166,0.157,0.205,0.169,0.133,0.173,0.188,0.147,0.135,0.114
2015-10-31 11:00:00,0.253,0.249,0.245,0.308,0.23,0.28,0.307,0.278,0.265,0.318,0.275,0.199,0.284,0.303,0.246,0.252,0.202
2015-10-31 12:00:00,0.325,0.343,0.311,0.378,0.322,0.357,0.38,0.349,0.358,0.39,0.334,0.236,0.366,0.377,0.296,0.329,0.268
2015-10-31 13:00:00,0.349,0.379,0.318,0.389,0.361,0.38,0.409,0.364,0.385,0.402,0.341,0.25,0.394,0.395,0.321,0.355,0.31
2015-10-31 14:00:00,0.302,0.349,0.27,0.323,0.323,0.329,0.36,0.306,0.353,0.34,0.278,0.195,0.352,0.339,0.271,0.306,0.28
2015-10-31 15:00:00,0.184,0.235,0.162,0.179,0.222,0.195,0.221,0.171,0.227,0.193,0.133,0.105,0.219,0.198,0.141,0.194,0.182
2015-10-31 16:00:00,0.0,0.0,0.0,0.0,0.0,0.0,0.0,0.0,0.0,0.0,0.0,0.0,0.0,0.0,0.0,0.0,0.0
2015-10-31 17:00:00,0.0,0.0,0.0,0.0,0.0,0.0,0.0,0.0,0.0,0.0,0.0,0.0,0.0,0.0,0.0,0.0,0.0
2015-10-31 18:00:00,0.0,0.0,0.0,0.0,0.0,0.0,0.0,0.0,0.0,0.0,0.0,0.0,0.0,0.0,0.0,0.0,0.0
2015-10-31 19:00:00,0.0,0.0,0.0,0.0,0.0,0.0,0.0,0.0,0.0,0.0,0.0,0.0,0.0,0.0,0.0,0.0,0.0
2015-10-31 20:00:00,0.0,0.0,0.0,0.0,0.0,0.0,0.0,0.0,0.0,0.0,0.0,0.0,0.0,0.0,0.0,0.0,0.0
2015-10-31 21:00:00,0.0,0.0,0.0,0.0,0.0,0.0,0.0,0.0,0.0,0.0,0.0,0.0,0.0,0.0,0.0,0.0,0.0
2015-10-31 22:00:00,0.0,0.0,0.0,0.0,0.0,0.0,0.0,0.0,0.0,0.0,0.0,0.0,0.0,0.0,0.0,0.0,0.0
2015-10-31 23:00:00,0.0,0.0,0.0,0.0,0.0,0.0,0.0,0.0,0.0,0.0,0.0,0.0,0.0,0.0,0.0,0.0,0.0
2015-11-01 00:00:00,0.0,0.0,0.0,0.0,0.0,0.0,0.0,0.0,0.0,0.0,0.0,0.0,0.0,0.0,0.0,0.0,0.0
2015-11-01 01:00:00,0.0,0.0,0.0,0.0,0.0,0.0,0.0,0.0,0.0,0.0,0.0,0.0,0.0,0.0,0.0,0.0,0.0
2015-11-01 02:00:00,0.0,0.0,0.0,0.0,0.0,0.0,0.0,0.0,0.0,0.0,0.0,0.0,0.0,0.0,0.0,0.0,0.0
2015-11-01 03:00:00,0.0,0.0,0.0,0.0,0.0,0.0,0.0,0.0,0.0,0.0,0.0,0.0,0.0,0.0,0.0,0.0,0.0
2015-11-01 04:00:00,0.0,0.0,0.0,0.0,0.0,0.0,0.0,0.0,0.0,0.0,0.0,0.0,0.0,0.0,0.0,0.0,0.0
2015-11-01 05:00:00,0.0,0.0,0.0,0.0,0.0,0.0,0.0,0.0,0.0,0.0,0.0,0.0,0.0,0.0,0.0,0.0,0.0
2015-11-01 06:00:00,0.0,0.0,0.0,0.0,0.0,0.0,0.0,0.0,0.0,0.0,0.0,0.0,0.0,0.0,0.0,0.0,0.0
2015-11-01 07:00:00,0.017,0.012,0.017,0.027,0.009,0.019,0.025,0.024,0.017,0.027,0.029,0.015,0.022,0.025,0.024,0.013,0.009
2015-11-01 08:00:00,0.045,0.037,0.052,0.049,0.035,0.043,0.053,0.051,0.04,0.047,0.059,0.054,0.046,0.055,0.058,0.039,0.044
2015-11-01 09:00:00,0.064,0.05,0.074,0.069,0.051,0.053,0.077,0.068,0.053,0.064,0.075,0.075,0.061,0.074,0.084,0.058,0.068
2015-11-01 10:00:00,0.145,0.133,0.145,0.191,0.117,0.159,0.19,0.164,0.154,0.202,0.167,0.124,0.168,0.183,0.15,0.136,0.112
2015-11-01 11:00:00,0.238,0.259,0.188,0.293,0.222,0.27,0.312,0.248,0.278,0.314,0.245,0.202,0.29,0.295,0.214,0.231,0.204
2015-11-01 12:00:00,0.294,0.347,0.246,0.355,0.281,0.333,0.388,0.283,0.363,0.385,0.266,0.254,0.371,0.363,0.243,0.281,0.264
2015-11-01 13:00:00,0.296,0.375,0.231,0.349,0.293,0.342,0.415,0.249,0.394,0.397,0.201,0.266,0.394,0.387,0.208,0.284,0.298
2015-11-01 14:00:00,0.219,0.316,0.161,0.253,0.249,0.209,0.366,0.14,0.359,0.34,0.104,0.191,0.355,0.333,0.138,0.191,0.238
2015-11-01 15:00:00,0.109,0.189,0.078,0.093,0.153,0.062,0.23,0.039,0.218,0.193,0.029,0.101,0.2,0.168,0.048,0.092,0.117
2015-11-01 16:00:00,0.0,0.0,0.0,0.0,0.0,0.0,0.0,0.0,0.0,0.0,0.0,0.0,0.0,0.0,0.0,0.0,0.0
2015-11-01 17:00:00,0.0,0.0,0.0,0.0,0.0,0.0,0.0,0.0,0.0,0.0,0.0,0.0,0.0,0.0,0.0,0.0,0.0
2015-11-01 18:00:00,0.0,0.0,0.0,0.0,0.0,0.0,0.0,0.0,0.0,0.0,0.0,0.0,0.0,0.0,0.0,0.0,0.0
2015-11-01 19:00:00,0.0,0.0,0.0,0.0,0.0,0.0,0.0,0.0,0.0,0.0,0.0,0.0,0.0,0.0,0.0,0.0,0.0
2015-11-01 20:00:00,0.0,0.0,0.0,0.0,0.0,0.0,0.0,0.0,0.0,0.0,0.0,0.0,0.0,0.0,0.0,0.0,0.0
2015-11-01 21:00:00,0.0,0.0,0.0,0.0,0.0,0.0,0.0,0.0,0.0,0.0,0.0,0.0,0.0,0.0,0.0,0.0,0.0
2015-11-01 22:00:00,0.0,0.0,0.0,0.0,0.0,0.0,0.0,0.0,0.0,0.0,0.0,0.0,0.0,0.0,0.0,0.0,0.0
2015-11-01 23:00:00,0.0,0.0,0.0,0.0,0.0,0.0,0.0,0.0,0.0,0.0,0.0,0.0,0.0,0.0,0.0,0.0,0.0
2015-11-02 00:00:00,0.0,0.0,0.0,0.0,0.0,0.0,0.0,0.0,0.0,0.0,0.0,0.0,0.0,0.0,0.0,0.0,0.0
2015-11-02 01:00:00,0.0,0.0,0.0,0.0,0.0,0.0,0.0,0.0,0.0,0.0,0.0,0.0,0.0,0.0,0.0,0.0,0.0
2015-11-02 02:00:00,0.0,0.0,0.0,0.0,0.0,0.0,0.0,0.0,0.0,0.0,0.0,0.0,0.0,0.0,0.0,0.0,0.0
2015-11-02 03:00:00,0.0,0.0,0.0,0.0,0.0,0.0,0.0,0.0,0.0,0.0,0.0,0.0,0.0,0.0,0.0,0.0,0.0
2015-11-02 04:00:00,0.0,0.0,0.0,0.0,0.0,0.0,0.0,0.0,0.0,0.0,0.0,0.0,0.0,0.0,0.0,0.0,0.0
2015-11-02 05:00:00,0.0,0.0,0.0,0.0,0.0,0.0,0.0,0.0,0.0,0.0,0.0,0.0,0.0,0.0,0.0,0.0,0.0
2015-11-02 06:00:00,0.0,0.0,0.0,0.0,0.0,0.0,0.0,0.0,0.0,0.0,0.0,0.0,0.0,0.0,0.0,0.0,0.0
2015-11-02 07:00:00,0.013,0.012,0.011,0.035,0.008,0.017,0.022,0.019,0.016,0.029,0.018,0.004,0.019,0.023,0.008,0.012,0.004
2015-11-02 08:00:00,0.04,0.036,0.037,0.071,0.035,0.039,0.043,0.047,0.04,0.063,0.054,0.028,0.041,0.045,0.037,0.036,0.032
2015-11-02 09:00:00,0.058,0.05,0.064,0.087,0.052,0.051,0.055,0.066,0.053,0.087,0.077,0.048,0.053,0.057,0.062,0.051,0.056
2015-11-02 10:00:00,0.125,0.133,0.12,0.185,0.113,0.155,0.185,0.142,0.153,0.199,0.095,0.085,0.166,0.181,0.082,0.127,0.087
2015-11-02 11:00:00,0.207,0.261,0.169,0.279,0.23,0.273,0.31,0.216,0.279,0.28,0.122,0.09,0.29,0.295,0.095,0.24,0.111
2015-11-02 12:00:00,0.263,0.352,0.226,0.344,0.318,0.351,0.391,0.264,0.365,0.345,0.113,0.096,0.372,0.37,0.083,0.321,0.134
2015-11-02 13:00:00,0.279,0.391,0.289,0.351,0.353,0.372,0.416,0.261,0.397,0.356,0.098,0.073,0.399,0.387,0.06,0.353,0.124
2015-11-02 14:00:00,0.244,0.361,0.259,0.276,0.343,0.323,0.368,0.217,0.36,0.298,0.054,0.04,0.355,0.329,0.029,0.319,0.112
2015-11-02 15:00:00,0.148,0.243,0.152,0.144,0.233,0.19,0.228,0.114,0.234,0.156,0.017,0.009,0.221,0.189,0.008,0.2,0.064
2015-11-02 16:00:00,0.0,0.0,0.0,0.0,0.0,0.0,0.0,0.0,0.0,0.0,0.0,0.0,0.0,0.0,0.0,0.0,0.0
2015-11-02 17:00:00,0.0,0.0,0.0,0.0,0.0,0.0,0.0,0.0,0.0,0.0,0.0,0.0,0.0,0.0,0.0,0.0,0.0
2015-11-02 18:00:00,0.0,0.0,0.0,0.0,0.0,0.0,0.0,0.0,0.0,0.0,0.0,0.0,0.0,0.0,0.0,0.0,0.0
2015-11-02 19:00:00,0.0,0.0,0.0,0.0,0.0,0.0,0.0,0.0,0.0,0.0,0.0,0.0,0.0,0.0,0.0,0.0,0.0
2015-11-02 20:00:00,0.0,0.0,0.0,0.0,0.0,0.0,0.0,0.0,0.0,0.0,0.0,0.0,0.0,0.0,0.0,0.0,0.0
2015-11-02 21:00:00,0.0,0.0,0.0,0.0,0.0,0.0,0.0,0.0,0.0,0.0,0.0,0.0,0.0,0.0,0.0,0.0,0.0
2015-11-02 22:00:00,0.0,0.0,0.0,0.0,0.0,0.0,0.0,0.0,0.0,0.0,0.0,0.0,0.0,0.0,0.0,0.0,0.0
2015-11-02 23:00:00,0.0,0.0,0.0,0.0,0.0,0.0,0.0,0.0,0.0,0.0,0.0,0.0,0.0,0.0,0.0,0.0,0.0
2015-11-03 00:00:00,0.0,0.0,0.0,0.0,0.0,0.0,0.0,0.0,0.0,0.0,0.0,0.0,0.0,0.0,0.0,0.0,0.0
2015-11-03 01:00:00,0.0,0.0,0.0,0.0,0.0,0.0,0.0,0.0,0.0,0.0,0.0,0.0,0.0,0.0,0.0,0.0,0.0
2015-11-03 02:00:00,0.0,0.0,0.0,0.0,0.0,0.0,0.0,0.0,0.0,0.0,0.0,0.0,0.0,0.0,0.0,0.0,0.0
2015-11-03 03:00:00,0.0,0.0,0.0,0.0,0.0,0.0,0.0,0.0,0.0,0.0,0.0,0.0,0.0,0.0,0.0,0.0,0.0
2015-11-03 04:00:00,0.0,0.0,0.0,0.0,0.0,0.0,0.0,0.0,0.0,0.0,0.0,0.0,0.0,0.0,0.0,0.0,0.0
2015-11-03 05:00:00,0.0,0.0,0.0,0.0,0.0,0.0,0.0,0.0,0.0,0.0,0.0,0.0,0.0,0.0,0.0,0.0,0.0
2015-11-03 06:00:00,0.0,0.0,0.0,0.0,0.0,0.0,0.0,0.0,0.0,0.0,0.0,0.0,0.0,0.0,0.0,0.0,0.0
2015-11-03 07:00:00,0.012,0.012,0.006,0.022,0.008,0.017,0.022,0.014,0.015,0.025,0.011,0.005,0.018,0.022,0.008,0.012,0.004
2015-11-03 08:00:00,0.041,0.043,0.033,0.044,0.044,0.039,0.043,0.04,0.039,0.047,0.036,0.035,0.04,0.043,0.037,0.046,0.038
2015-11-03 09:00:00,0.067,0.065,0.064,0.058,0.071,0.053,0.054,0.057,0.052,0.059,0.065,0.07,0.053,0.055,0.065,0.077,0.073
2015-11-03 10:00:00,0.127,0.136,0.096,0.176,0.118,0.155,0.183,0.121,0.15,0.195,0.093,0.101,0.163,0.179,0.087,0.131,0.111
2015-11-03 11:00:00,0.212,0.257,0.143,0.267,0.225,0.276,0.307,0.186,0.274,0.311,0.114,0.148,0.286,0.297,0.109,0.23,0.191
2015-11-03 12:00:00,0.277,0.349,0.192,0.332,0.319,0.356,0.388,0.228,0.359,0.382,0.096,0.194,0.368,0.372,0.117,0.31,0.264
2015-11-03 13:00:00,0.311,0.385,0.251,0.337,0.368,0.38,0.413,0.24,0.387,0.394,0.099,0.212,0.395,0.389,0.126,0.357,0.325
2015-11-03 14:00:00,0.277,0.354,0.255,0.283,0.347,0.33,0.365,0.197,0.347,0.33,0.067,0.175,0.35,0.333,0.087,0.323,0.306
2015-11-03 15:00:00,0.169,0.229,0.16,0.151,0.234,0.191,0.222,0.113,0.198,0.186,0.009,0.105,0.207,0.194,0.026,0.206,0.207
2015-11-03 16:00:00,0.0,0.0,0.0,0.0,0.0,0.0,0.0,0.0,0.0,0.0,0.0,0.0,0.0,0.0,0.0,0.0,0.0
2015-11-03 17:00:00,0.0,0.0,0.0,0.0,0.0,0.0,0.0,0.0,0.0,0.0,0.0,0.0,0.0,0.0,0.0,0.0,0.0
2015-11-03 18:00:00,0.0,0.0,0.0,0.0,0.0,0.0,0.0,0.0,0.0,0.0,0.0,0.0,0.0,0.0,0.0,0.0,0.0
2015-11-03 19:00:00,0.0,0.0,0.0,0.0,0.0,0.0,0.0,0.0,0.0,0.0,0.0,0.0,0.0,0.0,0.0,0.0,0.0
2015-11-03 20:00:00,0.0,0.0,0.0,0.0,0.0,0.0,0.0,0.0,0.0,0.0,0.0,0.0,0.0,0.0,0.0,0.0,0.0
2015-11-03 21:00:00,0.0,0.0,0.0,0.0,0.0,0.0,0.0,0.0,0.0,0.0,0.0,0.0,0.0,0.0,0.0,0.0,0.0
2015-11-03 22:00:00,0.0,0.0,0.0,0.0,0.0,0.0,0.0,0.0,0.0,0.0,0.0,0.0,0.0,0.0,0.0,0.0,0.0
2015-11-03 23:00:00,0.0,0.0,0.0,0.0,0.0,0.0,0.0,0.0,0.0,0.0,0.0,0.0,0.0,0.0,0.0,0.0,0.0
2015-11-04 00:00:00,0.0,0.0,0.0,0.0,0.0,0.0,0.0,0.0,0.0,0.0,0.0,0.0,0.0,0.0,0.0,0.0,0.0
2015-11-04 01:00:00,0.0,0.0,0.0,0.0,0.0,0.0,0.0,0.0,0.0,0.0,0.0,0.0,0.0,0.0,0.0,0.0,0.0
2015-11-04 02:00:00,0.0,0.0,0.0,0.0,0.0,0.0,0.0,0.0,0.0,0.0,0.0,0.0,0.0,0.0,0.0,0.0,0.0
2015-11-04 03:00:00,0.0,0.0,0.0,0.0,0.0,0.0,0.0,0.0,0.0,0.0,0.0,0.0,0.0,0.0,0.0,0.0,0.0
2015-11-04 04:00:00,0.0,0.0,0.0,0.0,0.0,0.0,0.0,0.0,0.0,0.0,0.0,0.0,0.0,0.0,0.0,0.0,0.0
2015-11-04 05:00:00,0.0,0.0,0.0,0.0,0.0,0.0,0.0,0.0,0.0,0.0,0.0,0.0,0.0,0.0,0.0,0.0,0.0
2015-11-04 06:00:00,0.0,0.0,0.0,0.0,0.0,0.0,0.0,0.0,0.0,0.0,0.0,0.0,0.0,0.0,0.0,0.0,0.0
2015-11-04 07:00:00,0.012,0.01,0.009,0.027,0.006,0.016,0.023,0.017,0.014,0.028,0.02,0.004,0.018,0.024,0.013,0.01,0.002
2015-11-04 08:00:00,0.039,0.037,0.04,0.051,0.04,0.039,0.047,0.04,0.038,0.048,0.051,0.028,0.04,0.047,0.043,0.037,0.025
2015-11-04 09:00:00,0.059,0.052,0.059,0.068,0.062,0.054,0.064,0.06,0.051,0.064,0.066,0.052,0.053,0.063,0.068,0.056,0.055
2015-11-04 10:00:00,0.124,0.126,0.088,0.182,0.102,0.151,0.174,0.155,0.144,0.193,0.158,0.076,0.155,0.175,0.105,0.12,0.083
2015-11-04 11:00:00,0.194,0.247,0.113,0.277,0.158,0.271,0.288,0.247,0.268,0.297,0.251,0.103,0.275,0.277,0.125,0.195,0.108
2015-11-04 12:00:00,0.237,0.336,0.143,0.325,0.194,0.351,0.361,0.286,0.351,0.362,0.294,0.1,0.355,0.347,0.11,0.252,0.116
2015-11-04 13:00:00,0.239,0.372,0.131,0.32,0.201,0.374,0.381,0.285,0.381,0.348,0.271,0.105,0.38,0.36,0.085,0.254,0.116
2015-11-04 14:00:00,0.194,0.336,0.088,0.251,0.196,0.322,0.325,0.213,0.34,0.278,0.176,0.063,0.334,0.306,0.033,0.208,0.087
2015-11-04 15:00:00,0.104,0.208,0.041,0.128,0.106,0.187,0.187,0.107,0.21,0.146,0.07,0.02,0.202,0.18,0.005,0.115,0.042
2015-11-04 16:00:00,0.0,0.0,0.0,0.0,0.0,0.0,0.0,0.0,0.0,0.0,0.0,0.0,0.0,0.0,0.0,0.0,0.0
2015-11-04 17:00:00,0.0,0.0,0.0,0.0,0.0,0.0,0.0,0.0,0.0,0.0,0.0,0.0,0.0,0.0,0.0,0.0,0.0
2015-11-04 18:00:00,0.0,0.0,0.0,0.0,0.0,0.0,0.0,0.0,0.0,0.0,0.0,0.0,0.0,0.0,0.0,0.0,0.0
2015-11-04 19:00:00,0.0,0.0,0.0,0.0,0.0,0.0,0.0,0.0,0.0,0.0,0.0,0.0,0.0,0.0,0.0,0.0,0.0
2015-11-04 20:00:00,0.0,0.0,0.0,0.0,0.0,0.0,0.0,0.0,0.0,0.0,0.0,0.0,0.0,0.0,0.0,0.0,0.0
2015-11-04 21:00:00,0.0,0.0,0.0,0.0,0.0,0.0,0.0,0.0,0.0,0.0,0.0,0.0,0.0,0.0,0.0,0.0,0.0
2015-11-04 22:00:00,0.0,0.0,0.0,0.0,0.0,0.0,0.0,0.0,0.0,0.0,0.0,0.0,0.0,0.0,0.0,0.0,0.0
2015-11-04 23:00:00,0.0,0.0,0.0,0.0,0.0,0.0,0.0,0.0,0.0,0.0,0.0,0.0,0.0,0.0,0.0,0.0,0.0
2015-11-05 00:00:00,0.0,0.0,0.0,0.0,0.0,0.0,0.0,0.0,0.0,0.0,0.0,0.0,0.0,0.0,0.0,0.0,0.0
2015-11-05 01:00:00,0.0,0.0,0.0,0.0,0.0,0.0,0.0,0.0,0.0,0.0,0.0,0.0,0.0,0.0,0.0,0.0,0.0
2015-11-05 02:00:00,0.0,0.0,0.0,0.0,0.0,0.0,0.0,0.0,0.0,0.0,0.0,0.0,0.0,0.0,0.0,0.0,0.0
2015-11-05 03:00:00,0.0,0.0,0.0,0.0,0.0,0.0,0.0,0.0,0.0,0.0,0.0,0.0,0.0,0.0,0.0,0.0,0.0
2015-11-05 04:00:00,0.0,0.0,0.0,0.0,0.0,0.0,0.0,0.0,0.0,0.0,0.0,0.0,0.0,0.0,0.0,0.0,0.0
2015-11-05 05:00:00,0.0,0.0,0.0,0.0,0.0,0.0,0.0,0.0,0.0,0.0,0.0,0.0,0.0,0.0,0.0,0.0,0.0
2015-11-05 06:00:00,0.0,0.0,0.0,0.0,0.0,0.0,0.0,0.0,0.0,0.0,0.0,0.0,0.0,0.0,0.0,0.0,0.0
2015-11-05 07:00:00,0.008,0.01,0.006,0.013,0.003,0.011,0.02,0.009,0.018,0.023,0.011,0.003,0.018,0.018,0.006,0.005,0.002
2015-11-05 08:00:00,0.036,0.047,0.036,0.044,0.028,0.04,0.047,0.035,0.054,0.058,0.032,0.023,0.05,0.057,0.028,0.035,0.024
2015-11-05 09:00:00,0.061,0.078,0.061,0.061,0.063,0.071,0.062,0.058,0.079,0.082,0.053,0.038,0.071,0.088,0.047,0.065,0.041
2015-11-05 10:00:00,0.087,0.131,0.075,0.086,0.093,0.09,0.166,0.068,0.14,0.124,0.072,0.042,0.146,0.114,0.057,0.096,0.049
2015-11-05 11:00:00,0.114,0.178,0.089,0.089,0.137,0.106,0.263,0.079,0.224,0.16,0.082,0.041,0.229,0.126,0.059,0.122,0.087
2015-11-05 12:00:00,0.134,0.225,0.103,0.077,0.226,0.124,0.336,0.062,0.295,0.164,0.069,0.038,0.293,0.122,0.045,0.14,0.106
2015-11-05 13:00:00,0.143,0.263,0.073,0.072,0.264,0.12,0.348,0.075,0.327,0.175,0.051,0.037,0.302,0.139,0.037,0.141,0.142
2015-11-05 14:00:00,0.108,0.222,0.044,0.032,0.21,0.079,0.289,0.026,0.266,0.112,0.028,0.022,0.244,0.069,0.019,0.116,0.113
2015-11-05 15:00:00,0.054,0.135,0.015,0.005,0.096,0.031,0.154,0.003,0.159,0.057,0.001,0.013,0.114,0.014,0.001,0.062,0.067
2015-11-05 16:00:00,0.0,0.0,0.0,0.0,0.0,0.0,0.0,0.0,0.0,0.0,0.0,0.0,0.0,0.0,0.0,0.0,0.0
2015-11-05 17:00:00,0.0,0.0,0.0,0.0,0.0,0.0,0.0,0.0,0.0,0.0,0.0,0.0,0.0,0.0,0.0,0.0,0.0
2015-11-05 18:00:00,0.0,0.0,0.0,0.0,0.0,0.0,0.0,0.0,0.0,0.0,0.0,0.0,0.0,0.0,0.0,0.0,0.0
2015-11-05 19:00:00,0.0,0.0,0.0,0.0,0.0,0.0,0.0,0.0,0.0,0.0,0.0,0.0,0.0,0.0,0.0,0.0,0.0
2015-11-05 20:00:00,0.0,0.0,0.0,0.0,0.0,0.0,0.0,0.0,0.0,0.0,0.0,0.0,0.0,0.0,0.0,0.0,0.0
2015-11-05 21:00:00,0.0,0.0,0.0,0.0,0.0,0.0,0.0,0.0,0.0,0.0,0.0,0.0,0.0,0.0,0.0,0.0,0.0
2015-11-05 22:00:00,0.0,0.0,0.0,0.0,0.0,0.0,0.0,0.0,0.0,0.0,0.0,0.0,0.0,0.0,0.0,0.0,0.0
2015-11-05 23:00:00,0.0,0.0,0.0,0.0,0.0,0.0,0.0,0.0,0.0,0.0,0.0,0.0,0.0,0.0,0.0,0.0,0.0
2015-11-06 00:00:00,0.0,0.0,0.0,0.0,0.0,0.0,0.0,0.0,0.0,0.0,0.0,0.0,0.0,0.0,0.0,0.0,0.0
2015-11-06 01:00:00,0.0,0.0,0.0,0.0,0.0,0.0,0.0,0.0,0.0,0.0,0.0,0.0,0.0,0.0,0.0,0.0,0.0
2015-11-06 02:00:00,0.0,0.0,0.0,0.0,0.0,0.0,0.0,0.0,0.0,0.0,0.0,0.0,0.0,0.0,0.0,0.0,0.0
2015-11-06 03:00:00,0.0,0.0,0.0,0.0,0.0,0.0,0.0,0.0,0.0,0.0,0.0,0.0,0.0,0.0,0.0,0.0,0.0
2015-11-06 04:00:00,0.0,0.0,0.0,0.0,0.0,0.0,0.0,0.0,0.0,0.0,0.0,0.0,0.0,0.0,0.0,0.0,0.0
2015-11-06 05:00:00,0.0,0.0,0.0,0.0,0.0,0.0,0.0,0.0,0.0,0.0,0.0,0.0,0.0,0.0,0.0,0.0,0.0
2015-11-06 06:00:00,0.0,0.0,0.0,0.0,0.0,0.0,0.0,0.0,0.0,0.0,0.0,0.0,0.0,0.0,0.0,0.0,0.0
2015-11-06 07:00:00,0.009,0.009,0.008,0.017,0.006,0.012,0.016,0.01,0.013,0.018,0.008,0.004,0.015,0.014,0.005,0.01,0.002
2015-11-06 08:00:00,0.043,0.045,0.046,0.049,0.044,0.046,0.046,0.043,0.046,0.051,0.037,0.036,0.051,0.05,0.029,0.049,0.025
2015-11-06 09:00:00,0.073,0.076,0.073,0.07,0.067,0.093,0.07,0.08,0.079,0.072,0.059,0.072,0.077,0.095,0.053,0.087,0.043
2015-11-06 10:00:00,0.103,0.127,0.109,0.093,0.101,0.141,0.149,0.114,0.144,0.117,0.074,0.085,0.146,0.129,0.066,0.111,0.061
2015-11-06 11:00:00,0.146,0.204,0.173,0.099,0.161,0.209,0.226,0.152,0.218,0.158,0.078,0.102,0.22,0.174,0.073,0.179,0.043
2015-11-06 12:00:00,0.167,0.25,0.242,0.087,0.168,0.288,0.297,0.171,0.233,0.176,0.069,0.095,0.258,0.204,0.076,0.21,0.037
2015-11-06 13:00:00,0.162,0.234,0.193,0.076,0.214,0.296,0.31,0.204,0.189,0.163,0.05,0.052,0.246,0.193,0.086,0.199,0.034
2015-11-06 14:00:00,0.125,0.211,0.105,0.032,0.206,0.248,0.226,0.166,0.139,0.109,0.026,0.018,0.154,0.134,0.058,0.155,0.04
2015-11-06 15:00:00,0.068,0.144,0.031,0.007,0.154,0.12,0.061,0.087,0.047,0.046,0.002,0.001,0.044,0.053,0.013,0.092,0.031
2015-11-06 16:00:00,0.0,0.0,0.0,0.0,0.0,0.0,0.0,0.0,0.0,0.0,0.0,0.0,0.0,0.0,0.0,0.0,0.0
2015-11-06 17:00:00,0.0,0.0,0.0,0.0,0.0,0.0,0.0,0.0,0.0,0.0,0.0,0.0,0.0,0.0,0.0,0.0,0.0
2015-11-06 18:00:00,0.0,0.0,0.0,0.0,0.0,0.0,0.0,0.0,0.0,0.0,0.0,0.0,0.0,0.0,0.0,0.0,0.0
2015-11-06 19:00:00,0.0,0.0,0.0,0.0,0.0,0.0,0.0,0.0,0.0,0.0,0.0,0.0,0.0,0.0,0.0,0.0,0.0
2015-11-06 20:00:00,0.0,0.0,0.0,0.0,0.0,0.0,0.0,0.0,0.0,0.0,0.0,0.0,0.0,0.0,0.0,0.0,0.0
2015-11-06 21:00:00,0.0,0.0,0.0,0.0,0.0,0.0,0.0,0.0,0.0,0.0,0.0,0.0,0.0,0.0,0.0,0.0,0.0
2015-11-06 22:00:00,0.0,0.0,0.0,0.0,0.0,0.0,0.0,0.0,0.0,0.0,0.0,0.0,0.0,0.0,0.0,0.0,0.0
2015-11-06 23:00:00,0.0,0.0,0.0,0.0,0.0,0.0,0.0,0.0,0.0,0.0,0.0,0.0,0.0,0.0,0.0,0.0,0.0
2015-11-07 00:00:00,0.0,0.0,0.0,0.0,0.0,0.0,0.0,0.0,0.0,0.0,0.0,0.0,0.0,0.0,0.0,0.0,0.0
2015-11-07 01:00:00,0.0,0.0,0.0,0.0,0.0,0.0,0.0,0.0,0.0,0.0,0.0,0.0,0.0,0.0,0.0,0.0,0.0
2015-11-07 02:00:00,0.0,0.0,0.0,0.0,0.0,0.0,0.0,0.0,0.0,0.0,0.0,0.0,0.0,0.0,0.0,0.0,0.0
2015-11-07 03:00:00,0.0,0.0,0.0,0.0,0.0,0.0,0.0,0.0,0.0,0.0,0.0,0.0,0.0,0.0,0.0,0.0,0.0
2015-11-07 04:00:00,0.0,0.0,0.0,0.0,0.0,0.0,0.0,0.0,0.0,0.0,0.0,0.0,0.0,0.0,0.0,0.0,0.0
2015-11-07 05:00:00,0.0,0.0,0.0,0.0,0.0,0.0,0.0,0.0,0.0,0.0,0.0,0.0,0.0,0.0,0.0,0.0,0.0
2015-11-07 06:00:00,0.0,0.0,0.0,0.0,0.0,0.0,0.0,0.0,0.0,0.0,0.0,0.0,0.0,0.0,0.0,0.0,0.0
2015-11-07 07:00:00,0.004,0.001,0.001,0.013,0.0,0.007,0.019,0.005,0.005,0.02,0.002,0.0,0.014,0.016,0.003,0.001,0.0
2015-11-07 08:00:00,0.017,0.016,0.011,0.038,0.005,0.02,0.063,0.02,0.031,0.05,0.012,0.014,0.043,0.047,0.012,0.011,0.007
2015-11-07 09:00:00,0.029,0.018,0.042,0.054,0.004,0.021,0.086,0.029,0.042,0.089,0.026,0.032,0.049,0.068,0.025,0.026,0.007
2015-11-07 10:00:00,0.039,0.015,0.06,0.074,0.012,0.039,0.114,0.037,0.053,0.14,0.032,0.045,0.045,0.073,0.041,0.028,0.017
2015-11-07 11:00:00,0.039,0.013,0.05,0.064,0.02,0.05,0.073,0.034,0.037,0.151,0.041,0.044,0.064,0.038,0.048,0.022,0.037
2015-11-07 12:00:00,0.037,0.013,0.043,0.06,0.023,0.046,0.058,0.031,0.024,0.113,0.029,0.052,0.062,0.051,0.04,0.024,0.042
2015-11-07 13:00:00,0.036,0.01,0.066,0.036,0.019,0.051,0.047,0.034,0.022,0.071,0.015,0.052,0.021,0.05,0.035,0.033,0.042
2015-11-07 14:00:00,0.016,0.004,0.014,0.021,0.017,0.032,0.027,0.018,0.003,0.066,0.008,0.011,0.007,0.057,0.015,0.008,0.018
2015-11-07 15:00:00,0.006,0.001,0.001,0.002,0.013,0.015,0.016,0.008,0.0,0.019,0.0,0.0,0.003,0.059,0.0,0.002,0.007
2015-11-07 16:00:00,0.0,0.0,0.0,0.0,0.0,0.0,0.0,0.0,0.0,0.0,0.0,0.0,0.0,0.0,0.0,0.0,0.0
2015-11-07 17:00:00,0.0,0.0,0.0,0.0,0.0,0.0,0.0,0.0,0.0,0.0,0.0,0.0,0.0,0.0,0.0,0.0,0.0
2015-11-07 18:00:00,0.0,0.0,0.0,0.0,0.0,0.0,0.0,0.0,0.0,0.0,0.0,0.0,0.0,0.0,0.0,0.0,0.0
2015-11-07 19:00:00,0.0,0.0,0.0,0.0,0.0,0.0,0.0,0.0,0.0,0.0,0.0,0.0,0.0,0.0,0.0,0.0,0.0
2015-11-07 20:00:00,0.0,0.0,0.0,0.0,0.0,0.0,0.0,0.0,0.0,0.0,0.0,0.0,0.0,0.0,0.0,0.0,0.0
2015-11-07 21:00:00,0.0,0.0,0.0,0.0,0.0,0.0,0.0,0.0,0.0,0.0,0.0,0.0,0.0,0.0,0.0,0.0,0.0
2015-11-07 22:00:00,0.0,0.0,0.0,0.0,0.0,0.0,0.0,0.0,0.0,0.0,0.0,0.0,0.0,0.0,0.0,0.0,0.0
2015-11-07 23:00:00,0.0,0.0,0.0,0.0,0.0,0.0,0.0,0.0,0.0,0.0,0.0,0.0,0.0,0.0,0.0,0.0,0.0
2015-11-08 00:00:00,0.0,0.0,0.0,0.0,0.0,0.0,0.0,0.0,0.0,0.0,0.0,0.0,0.0,0.0,0.0,0.0,0.0
2015-11-08 01:00:00,0.0,0.0,0.0,0.0,0.0,0.0,0.0,0.0,0.0,0.0,0.0,0.0,0.0,0.0,0.0,0.0,0.0
2015-11-08 02:00:00,0.0,0.0,0.0,0.0,0.0,0.0,0.0,0.0,0.0,0.0,0.0,0.0,0.0,0.0,0.0,0.0,0.0
2015-11-08 03:00:00,0.0,0.0,0.0,0.0,0.0,0.0,0.0,0.0,0.0,0.0,0.0,0.0,0.0,0.0,0.0,0.0,0.0
2015-11-08 04:00:00,0.0,0.0,0.0,0.0,0.0,0.0,0.0,0.0,0.0,0.0,0.0,0.0,0.0,0.0,0.0,0.0,0.0
2015-11-08 05:00:00,0.0,0.0,0.0,0.0,0.0,0.0,0.0,0.0,0.0,0.0,0.0,0.0,0.0,0.0,0.0,0.0,0.0
2015-11-08 06:00:00,0.0,0.0,0.0,0.0,0.0,0.0,0.0,0.0,0.0,0.0,0.0,0.0,0.0,0.0,0.0,0.0,0.0
2015-11-08 07:00:00,0.004,0.004,0.004,0.002,0.001,0.008,0.009,0.004,0.006,0.009,0.0,0.002,0.009,0.006,0.003,0.005,0.001
2015-11-08 08:00:00,0.026,0.024,0.034,0.015,0.019,0.035,0.038,0.03,0.027,0.03,0.013,0.022,0.033,0.033,0.023,0.029,0.022
2015-11-08 09:00:00,0.051,0.057,0.059,0.037,0.055,0.054,0.051,0.05,0.044,0.051,0.043,0.045,0.054,0.061,0.049,0.055,0.039
2015-11-08 10:00:00,0.089,0.088,0.1,0.099,0.077,0.104,0.105,0.096,0.102,0.084,0.096,0.072,0.094,0.118,0.053,0.099,0.075
2015-11-08 11:00:00,0.156,0.14,0.204,0.174,0.154,0.181,0.172,0.147,0.12,0.153,0.113,0.14,0.154,0.193,0.057,0.174,0.189
2015-11-08 12:00:00,0.208,0.184,0.272,0.248,0.203,0.246,0.237,0.217,0.156,0.205,0.089,0.199,0.165,0.243,0.054,0.24,0.256
2015-11-08 13:00:00,0.234,0.266,0.29,0.215,0.286,0.287,0.211,0.188,0.211,0.229,0.029,0.233,0.204,0.248,0.045,0.281,0.282
2015-11-08 14:00:00,0.205,0.267,0.242,0.137,0.257,0.245,0.177,0.149,0.208,0.2,0.008,0.188,0.171,0.238,0.051,0.249,0.264
2015-11-08 15:00:00,0.121,0.157,0.133,0.091,0.15,0.131,0.098,0.085,0.139,0.115,0.008,0.124,0.125,0.126,0.033,0.146,0.154
2015-11-08 16:00:00,0.0,0.0,0.0,0.0,0.0,0.0,0.0,0.0,0.0,0.0,0.0,0.0,0.0,0.0,0.0,0.0,0.0
2015-11-08 17:00:00,0.0,0.0,0.0,0.0,0.0,0.0,0.0,0.0,0.0,0.0,0.0,0.0,0.0,0.0,0.0,0.0,0.0
2015-11-08 18:00:00,0.0,0.0,0.0,0.0,0.0,0.0,0.0,0.0,0.0,0.0,0.0,0.0,0.0,0.0,0.0,0.0,0.0
2015-11-08 19:00:00,0.0,0.0,0.0,0.0,0.0,0.0,0.0,0.0,0.0,0.0,0.0,0.0,0.0,0.0,0.0,0.0,0.0
2015-11-08 20:00:00,0.0,0.0,0.0,0.0,0.0,0.0,0.0,0.0,0.0,0.0,0.0,0.0,0.0,0.0,0.0,0.0,0.0
2015-11-08 21:00:00,0.0,0.0,0.0,0.0,0.0,0.0,0.0,0.0,0.0,0.0,0.0,0.0,0.0,0.0,0.0,0.0,0.0
2015-11-08 22:00:00,0.0,0.0,0.0,0.0,0.0,0.0,0.0,0.0,0.0,0.0,0.0,0.0,0.0,0.0,0.0,0.0,0.0
2015-11-08 23:00:00,0.0,0.0,0.0,0.0,0.0,0.0,0.0,0.0,0.0,0.0,0.0,0.0,0.0,0.0,0.0,0.0,0.0
2015-11-09 00:00:00,0.0,0.0,0.0,0.0,0.0,0.0,0.0,0.0,0.0,0.0,0.0,0.0,0.0,0.0,0.0,0.0,0.0
2015-11-09 01:00:00,0.0,0.0,0.0,0.0,0.0,0.0,0.0,0.0,0.0,0.0,0.0,0.0,0.0,0.0,0.0,0.0,0.0
2015-11-09 02:00:00,0.0,0.0,0.0,0.0,0.0,0.0,0.0,0.0,0.0,0.0,0.0,0.0,0.0,0.0,0.0,0.0,0.0
2015-11-09 03:00:00,0.0,0.0,0.0,0.0,0.0,0.0,0.0,0.0,0.0,0.0,0.0,0.0,0.0,0.0,0.0,0.0,0.0
2015-11-09 04:00:00,0.0,0.0,0.0,0.0,0.0,0.0,0.0,0.0,0.0,0.0,0.0,0.0,0.0,0.0,0.0,0.0,0.0
2015-11-09 05:00:00,0.0,0.0,0.0,0.0,0.0,0.0,0.0,0.0,0.0,0.0,0.0,0.0,0.0,0.0,0.0,0.0,0.0
2015-11-09 06:00:00,0.0,0.0,0.0,0.0,0.0,0.0,0.0,0.0,0.0,0.0,0.0,0.0,0.0,0.0,0.0,0.0,0.0
2015-11-09 07:00:00,0.006,0.004,0.004,0.023,0.0,0.009,0.014,0.009,0.011,0.022,0.014,0.001,0.011,0.013,0.005,0.004,0.0
2015-11-09 08:00:00,0.027,0.025,0.021,0.058,0.015,0.049,0.059,0.04,0.039,0.062,0.043,0.01,0.055,0.048,0.028,0.017,0.005
2015-11-09 09:00:00,0.042,0.035,0.02,0.083,0.03,0.059,0.104,0.061,0.046,0.089,0.064,0.014,0.074,0.092,0.05,0.027,0.029
2015-11-09 10:00:00,0.063,0.069,0.014,0.103,0.056,0.066,0.127,0.092,0.068,0.123,0.07,0.021,0.087,0.124,0.062,0.046,0.064
2015-11-09 11:00:00,0.083,0.088,0.029,0.098,0.082,0.055,0.131,0.091,0.072,0.134,0.068,0.053,0.087,0.131,0.047,0.081,0.131
2015-11-09 12:00:00,0.1,0.064,0.062,0.091,0.16,0.057,0.09,0.04,0.124,0.121,0.057,0.085,0.065,0.106,0.038,0.117,0.173
2015-11-09 13:00:00,0.1,0.098,0.116,0.05,0.144,0.064,0.048,0.025,0.115,0.07,0.048,0.091,0.07,0.036,0.025,0.157,0.124
2015-11-09 14:00:00,0.099,0.164,0.134,0.017,0.127,0.041,0.034,0.009,0.134,0.012,0.024,0.077,0.089,0.038,0.017,0.177,0.092
2015-11-09 15:00:00,0.035,0.062,0.078,0.001,0.018,0.072,0.021,0.01,0.079,0.006,0.0,0.014,0.042,0.028,0.004,0.065,0.008
2015-11-09 16:00:00,0.0,0.0,0.0,0.0,0.0,0.0,0.0,0.0,0.0,0.0,0.0,0.0,0.0,0.0,0.0,0.0,0.0
2015-11-09 17:00:00,0.0,0.0,0.0,0.0,0.0,0.0,0.0,0.0,0.0,0.0,0.0,0.0,0.0,0.0,0.0,0.0,0.0
2015-11-09 18:00:00,0.0,0.0,0.0,0.0,0.0,0.0,0.0,0.0,0.0,0.0,0.0,0.0,0.0,0.0,0.0,0.0,0.0
2015-11-09 19:00:00,0.0,0.0,0.0,0.0,0.0,0.0,0.0,0.0,0.0,0.0,0.0,0.0,0.0,0.0,0.0,0.0,0.0
2015-11-09 20:00:00,0.0,0.0,0.0,0.0,0.0,0.0,0.0,0.0,0.0,0.0,0.0,0.0,0.0,0.0,0.0,0.0,0.0
2015-11-09 21:00:00,0.0,0.0,0.0,0.0,0.0,0.0,0.0,0.0,0.0,0.0,0.0,0.0,0.0,0.0,0.0,0.0,0.0
2015-11-09 22:00:00,0.0,0.0,0.0,0.0,0.0,0.0,0.0,0.0,0.0,0.0,0.0,0.0,0.0,0.0,0.0,0.0,0.0
2015-11-09 23:00:00,0.0,0.0,0.0,0.0,0.0,0.0,0.0,0.0,0.0,0.0,0.0,0.0,0.0,0.0,0.0,0.0,0.0
2015-11-10 00:00:00,0.0,0.0,0.0,0.0,0.0,0.0,0.0,0.0,0.0,0.0,0.0,0.0,0.0,0.0,0.0,0.0,0.0
2015-11-10 01:00:00,0.0,0.0,0.0,0.0,0.0,0.0,0.0,0.0,0.0,0.0,0.0,0.0,0.0,0.0,0.0,0.0,0.0
2015-11-10 02:00:00,0.0,0.0,0.0,0.0,0.0,0.0,0.0,0.0,0.0,0.0,0.0,0.0,0.0,0.0,0.0,0.0,0.0
2015-11-10 03:00:00,0.0,0.0,0.0,0.0,0.0,0.0,0.0,0.0,0.0,0.0,0.0,0.0,0.0,0.0,0.0,0.0,0.0
2015-11-10 04:00:00,0.0,0.0,0.0,0.0,0.0,0.0,0.0,0.0,0.0,0.0,0.0,0.0,0.0,0.0,0.0,0.0,0.0
2015-11-10 05:00:00,0.0,0.0,0.0,0.0,0.0,0.0,0.0,0.0,0.0,0.0,0.0,0.0,0.0,0.0,0.0,0.0,0.0
2015-11-10 06:00:00,0.0,0.0,0.0,0.0,0.0,0.0,0.0,0.0,0.0,0.0,0.0,0.0,0.0,0.0,0.0,0.0,0.0
2015-11-10 07:00:00,0.0,0.0,0.0,0.001,0.0,0.0,0.0,0.0,0.0,0.001,0.001,0.0,0.0,0.001,0.0,0.0,0.0
2015-11-10 08:00:00,0.003,0.009,0.0,0.014,0.004,0.001,0.002,0.002,0.01,0.005,0.007,0.0,0.002,0.004,0.004,0.001,0.001
2015-11-10 09:00:00,0.011,0.031,0.003,0.016,0.021,0.003,0.009,0.005,0.027,0.015,0.013,0.005,0.014,0.005,0.009,0.007,0.009
2015-11-10 10:00:00,0.017,0.049,0.005,0.009,0.03,0.007,0.025,0.007,0.041,0.009,0.023,0.007,0.021,0.009,0.014,0.013,0.013
2015-11-10 11:00:00,0.021,0.071,0.007,0.009,0.051,0.007,0.02,0.006,0.056,0.01,0.017,0.007,0.023,0.009,0.01,0.017,0.017
2015-11-10 12:00:00,0.017,0.06,0.006,0.006,0.033,0.008,0.013,0.005,0.058,0.01,0.007,0.004,0.02,0.01,0.004,0.018,0.011
2015-11-10 13:00:00,0.016,0.067,0.003,0.003,0.027,0.008,0.015,0.003,0.062,0.006,0.002,0.002,0.026,0.007,0.001,0.019,0.011
2015-11-10 14:00:00,0.009,0.037,0.002,0.0,0.012,0.007,0.013,0.0,0.042,0.002,0.001,0.0,0.024,0.004,0.0,0.008,0.007
2015-11-10 15:00:00,0.002,0.012,0.0,0.0,0.0,0.0,0.004,0.0,0.021,0.0,0.0,0.0,0.01,0.0,0.0,0.0,0.0
2015-11-10 16:00:00,0.0,0.0,0.0,0.0,0.0,0.0,0.0,0.0,0.0,0.0,0.0,0.0,0.0,0.0,0.0,0.0,0.0
2015-11-10 17:00:00,0.0,0.0,0.0,0.0,0.0,0.0,0.0,0.0,0.0,0.0,0.0,0.0,0.0,0.0,0.0,0.0,0.0
2015-11-10 18:00:00,0.0,0.0,0.0,0.0,0.0,0.0,0.0,0.0,0.0,0.0,0.0,0.0,0.0,0.0,0.0,0.0,0.0
2015-11-10 19:00:00,0.0,0.0,0.0,0.0,0.0,0.0,0.0,0.0,0.0,0.0,0.0,0.0,0.0,0.0,0.0,0.0,0.0
2015-11-10 20:00:00,0.0,0.0,0.0,0.0,0.0,0.0,0.0,0.0,0.0,0.0,0.0,0.0,0.0,0.0,0.0,0.0,0.0
2015-11-10 21:00:00,0.0,0.0,0.0,0.0,0.0,0.0,0.0,0.0,0.0,0.0,0.0,0.0,0.0,0.0,0.0,0.0,0.0
2015-11-10 22:00:00,0.0,0.0,0.0,0.0,0.0,0.0,0.0,0.0,0.0,0.0,0.0,0.0,0.0,0.0,0.0,0.0,0.0
2015-11-10 23:00:00,0.0,0.0,0.0,0.0,0.0,0.0,0.0,0.0,0.0,0.0,0.0,0.0,0.0,0.0,0.0,0.0,0.0
2015-11-11 00:00:00,0.0,0.0,0.0,0.0,0.0,0.0,0.0,0.0,0.0,0.0,0.0,0.0,0.0,0.0,0.0,0.0,0.0
2015-11-11 01:00:00,0.0,0.0,0.0,0.0,0.0,0.0,0.0,0.0,0.0,0.0,0.0,0.0,0.0,0.0,0.0,0.0,0.0
2015-11-11 02:00:00,0.0,0.0,0.0,0.0,0.0,0.0,0.0,0.0,0.0,0.0,0.0,0.0,0.0,0.0,0.0,0.0,0.0
2015-11-11 03:00:00,0.0,0.0,0.0,0.0,0.0,0.0,0.0,0.0,0.0,0.0,0.0,0.0,0.0,0.0,0.0,0.0,0.0
2015-11-11 04:00:00,0.0,0.0,0.0,0.0,0.0,0.0,0.0,0.0,0.0,0.0,0.0,0.0,0.0,0.0,0.0,0.0,0.0
2015-11-11 05:00:00,0.0,0.0,0.0,0.0,0.0,0.0,0.0,0.0,0.0,0.0,0.0,0.0,0.0,0.0,0.0,0.0,0.0
2015-11-11 06:00:00,0.0,0.0,0.0,0.0,0.0,0.0,0.0,0.0,0.0,0.0,0.0,0.0,0.0,0.0,0.0,0.0,0.0
2015-11-11 07:00:00,0.0,0.0,0.0,0.001,0.0,0.0,0.003,0.0,0.0,0.002,0.0,0.0,0.001,0.001,0.0,0.0,0.0
2015-11-11 08:00:00,0.008,0.01,0.005,0.008,0.005,0.01,0.014,0.01,0.014,0.015,0.004,0.011,0.013,0.013,0.005,0.008,0.005
2015-11-11 09:00:00,0.019,0.019,0.011,0.017,0.011,0.021,0.031,0.023,0.03,0.021,0.02,0.029,0.03,0.023,0.021,0.019,0.013
2015-11-11 10:00:00,0.03,0.032,0.014,0.026,0.019,0.023,0.055,0.027,0.048,0.03,0.049,0.035,0.053,0.03,0.029,0.032,0.023
2015-11-11 11:00:00,0.045,0.039,0.02,0.038,0.021,0.048,0.103,0.042,0.093,0.034,0.117,0.063,0.101,0.044,0.05,0.041,0.021
2015-11-11 12:00:00,0.05,0.036,0.025,0.055,0.027,0.046,0.086,0.063,0.1,0.043,0.11,0.066,0.113,0.051,0.063,0.042,0.023
2015-11-11 13:00:00,0.05,0.027,0.052,0.049,0.023,0.03,0.099,0.081,0.045,0.05,0.106,0.068,0.077,0.071,0.102,0.039,0.017
2015-11-11 14:00:00,0.026,0.018,0.048,0.032,0.022,0.014,0.03,0.042,0.016,0.02,0.049,0.046,0.023,0.025,0.059,0.013,0.006
2015-11-11 15:00:00,0.004,0.003,0.001,0.003,0.003,0.0,0.005,0.017,0.003,0.011,0.0,0.01,0.004,0.004,0.011,0.0,0.001
2015-11-11 16:00:00,0.0,0.0,0.0,0.0,0.0,0.0,0.0,0.0,0.0,0.0,0.0,0.0,0.0,0.0,0.0,0.0,0.0
2015-11-11 17:00:00,0.0,0.0,0.0,0.0,0.0,0.0,0.0,0.0,0.0,0.0,0.0,0.0,0.0,0.0,0.0,0.0,0.0
2015-11-11 18:00:00,0.0,0.0,0.0,0.0,0.0,0.0,0.0,0.0,0.0,0.0,0.0,0.0,0.0,0.0,0.0,0.0,0.0
2015-11-11 19:00:00,0.0,0.0,0.0,0.0,0.0,0.0,0.0,0.0,0.0,0.0,0.0,0.0,0.0,0.0,0.0,0.0,0.0
2015-11-11 20:00:00,0.0,0.0,0.0,0.0,0.0,0.0,0.0,0.0,0.0,0.0,0.0,0.0,0.0,0.0,0.0,0.0,0.0
2015-11-11 21:00:00,0.0,0.0,0.0,0.0,0.0,0.0,0.0,0.0,0.0,0.0,0.0,0.0,0.0,0.0,0.0,0.0,0.0
2015-11-11 22:00:00,0.0,0.0,0.0,0.0,0.0,0.0,0.0,0.0,0.0,0.0,0.0,0.0,0.0,0.0,0.0,0.0,0.0
2015-11-11 23:00:00,0.0,0.0,0.0,0.0,0.0,0.0,0.0,0.0,0.0,0.0,0.0,0.0,0.0,0.0,0.0,0.0,0.0
2015-11-12 00:00:00,0.0,0.0,0.0,0.0,0.0,0.0,0.0,0.0,0.0,0.0,0.0,0.0,0.0,0.0,0.0,0.0,0.0
2015-11-12 01:00:00,0.0,0.0,0.0,0.0,0.0,0.0,0.0,0.0,0.0,0.0,0.0,0.0,0.0,0.0,0.0,0.0,0.0
2015-11-12 02:00:00,0.0,0.0,0.0,0.0,0.0,0.0,0.0,0.0,0.0,0.0,0.0,0.0,0.0,0.0,0.0,0.0,0.0
2015-11-12 03:00:00,0.0,0.0,0.0,0.0,0.0,0.0,0.0,0.0,0.0,0.0,0.0,0.0,0.0,0.0,0.0,0.0,0.0
2015-11-12 04:00:00,0.0,0.0,0.0,0.0,0.0,0.0,0.0,0.0,0.0,0.0,0.0,0.0,0.0,0.0,0.0,0.0,0.0
2015-11-12 05:00:00,0.0,0.0,0.0,0.0,0.0,0.0,0.0,0.0,0.0,0.0,0.0,0.0,0.0,0.0,0.0,0.0,0.0
2015-11-12 06:00:00,0.0,0.0,0.0,0.0,0.0,0.0,0.0,0.0,0.0,0.0,0.0,0.0,0.0,0.0,0.0,0.0,0.0
2015-11-12 07:00:00,0.003,0.003,0.0,0.007,0.0,0.006,0.011,0.003,0.006,0.012,0.001,0.0,0.009,0.011,0.0,0.002,0.0
2015-11-12 08:00:00,0.017,0.026,0.006,0.031,0.008,0.034,0.044,0.021,0.032,0.04,0.007,0.007,0.034,0.042,0.005,0.016,0.006
2015-11-12 09:00:00,0.031,0.041,0.012,0.067,0.02,0.048,0.062,0.033,0.055,0.059,0.024,0.019,0.052,0.056,0.019,0.027,0.021
2015-11-12 10:00:00,0.047,0.055,0.021,0.089,0.033,0.073,0.11,0.047,0.084,0.091,0.025,0.03,0.1,0.1,0.025,0.04,0.032
2015-11-12 11:00:00,0.059,0.069,0.026,0.109,0.077,0.062,0.138,0.038,0.09,0.108,0.02,0.034,0.117,0.144,0.022,0.043,0.068
2015-11-12 12:00:00,0.074,0.065,0.038,0.12,0.108,0.041,0.154,0.037,0.081,0.116,0.021,0.059,0.11,0.138,0.023,0.064,0.122
2015-11-12 13:00:00,0.077,0.081,0.052,0.08,0.103,0.026,0.186,0.02,0.057,0.098,0.008,0.118,0.063,0.09,0.009,0.067,0.183
2015-11-12 14:00:00,0.075,0.05,0.066,0.036,0.126,0.013,0.109,0.006,0.018,0.046,0.002,0.17,0.029,0.023,0.018,0.075,0.19
2015-11-12 15:00:00,0.055,0.057,0.067,0.001,0.097,0.002,0.051,0.004,0.011,0.024,0.0,0.111,0.003,0.0,0.03,0.062,0.124
2015-11-12 16:00:00,0.0,0.0,0.0,0.0,0.0,0.0,0.0,0.0,0.0,0.0,0.0,0.0,0.0,0.0,0.0,0.0,0.0
2015-11-12 17:00:00,0.0,0.0,0.0,0.0,0.0,0.0,0.0,0.0,0.0,0.0,0.0,0.0,0.0,0.0,0.0,0.0,0.0
2015-11-12 18:00:00,0.0,0.0,0.0,0.0,0.0,0.0,0.0,0.0,0.0,0.0,0.0,0.0,0.0,0.0,0.0,0.0,0.0
2015-11-12 19:00:00,0.0,0.0,0.0,0.0,0.0,0.0,0.0,0.0,0.0,0.0,0.0,0.0,0.0,0.0,0.0,0.0,0.0
2015-11-12 20:00:00,0.0,0.0,0.0,0.0,0.0,0.0,0.0,0.0,0.0,0.0,0.0,0.0,0.0,0.0,0.0,0.0,0.0
2015-11-12 21:00:00,0.0,0.0,0.0,0.0,0.0,0.0,0.0,0.0,0.0,0.0,0.0,0.0,0.0,0.0,0.0,0.0,0.0
2015-11-12 22:00:00,0.0,0.0,0.0,0.0,0.0,0.0,0.0,0.0,0.0,0.0,0.0,0.0,0.0,0.0,0.0,0.0,0.0
2015-11-12 23:00:00,0.0,0.0,0.0,0.0,0.0,0.0,0.0,0.0,0.0,0.0,0.0,0.0,0.0,0.0,0.0,0.0,0.0
2015-11-13 00:00:00,0.0,0.0,0.0,0.0,0.0,0.0,0.0,0.0,0.0,0.0,0.0,0.0,0.0,0.0,0.0,0.0,0.0
2015-11-13 01:00:00,0.0,0.0,0.0,0.0,0.0,0.0,0.0,0.0,0.0,0.0,0.0,0.0,0.0,0.0,0.0,0.0,0.0
2015-11-13 02:00:00,0.0,0.0,0.0,0.0,0.0,0.0,0.0,0.0,0.0,0.0,0.0,0.0,0.0,0.0,0.0,0.0,0.0
2015-11-13 03:00:00,0.0,0.0,0.0,0.0,0.0,0.0,0.0,0.0,0.0,0.0,0.0,0.0,0.0,0.0,0.0,0.0,0.0
2015-11-13 04:00:00,0.0,0.0,0.0,0.0,0.0,0.0,0.0,0.0,0.0,0.0,0.0,0.0,0.0,0.0,0.0,0.0,0.0
2015-11-13 05:00:00,0.0,0.0,0.0,0.0,0.0,0.0,0.0,0.0,0.0,0.0,0.0,0.0,0.0,0.0,0.0,0.0,0.0
2015-11-13 06:00:00,0.0,0.0,0.0,0.0,0.0,0.0,0.0,0.0,0.0,0.0,0.0,0.0,0.0,0.0,0.0,0.0,0.0
2015-11-13 07:00:00,0.004,0.004,0.003,0.012,0.001,0.006,0.013,0.008,0.006,0.011,0.007,0.001,0.008,0.009,0.005,0.003,0.0
2015-11-13 08:00:00,0.033,0.04,0.031,0.041,0.034,0.028,0.053,0.035,0.043,0.036,0.038,0.023,0.041,0.036,0.033,0.033,0.02
2015-11-13 09:00:00,0.062,0.07,0.062,0.068,0.061,0.058,0.074,0.068,0.066,0.067,0.061,0.06,0.065,0.076,0.057,0.063,0.042
2015-11-13 10:00:00,0.091,0.103,0.068,0.116,0.075,0.088,0.135,0.102,0.122,0.141,0.104,0.074,0.125,0.118,0.094,0.091,0.044
2015-11-13 11:00:00,0.126,0.182,0.079,0.156,0.135,0.132,0.23,0.115,0.197,0.214,0.125,0.073,0.208,0.174,0.113,0.123,0.056
2015-11-13 12:00:00,0.136,0.222,0.09,0.171,0.147,0.148,0.263,0.109,0.22,0.264,0.133,0.042,0.243,0.212,0.094,0.138,0.049
2015-11-13 13:00:00,0.14,0.268,0.082,0.169,0.189,0.147,0.271,0.1,0.263,0.291,0.069,0.045,0.244,0.225,0.051,0.146,0.048
2015-11-13 14:00:00,0.094,0.23,0.04,0.103,0.13,0.088,0.22,0.049,0.202,0.177,0.027,0.018,0.178,0.124,0.021,0.099,0.044
2015-11-13 15:00:00,0.027,0.072,0.003,0.01,0.025,0.04,0.112,0.005,0.082,0.072,0.0,0.0,0.104,0.049,0.001,0.027,0.018
2015-11-13 16:00:00,0.0,0.0,0.0,0.0,0.0,0.0,0.0,0.0,0.0,0.0,0.0,0.0,0.0,0.0,0.0,0.0,0.0
2015-11-13 17:00:00,0.0,0.0,0.0,0.0,0.0,0.0,0.0,0.0,0.0,0.0,0.0,0.0,0.0,0.0,0.0,0.0,0.0
2015-11-13 18:00:00,0.0,0.0,0.0,0.0,0.0,0.0,0.0,0.0,0.0,0.0,0.0,0.0,0.0,0.0,0.0,0.0,0.0
2015-11-13 19:00:00,0.0,0.0,0.0,0.0,0.0,0.0,0.0,0.0,0.0,0.0,0.0,0.0,0.0,0.0,0.0,0.0,0.0
2015-11-13 20:00:00,0.0,0.0,0.0,0.0,0.0,0.0,0.0,0.0,0.0,0.0,0.0,0.0,0.0,0.0,0.0,0.0,0.0
2015-11-13 21:00:00,0.0,0.0,0.0,0.0,0.0,0.0,0.0,0.0,0.0,0.0,0.0,0.0,0.0,0.0,0.0,0.0,0.0
2015-11-13 22:00:00,0.0,0.0,0.0,0.0,0.0,0.0,0.0,0.0,0.0,0.0,0.0,0.0,0.0,0.0,0.0,0.0,0.0
2015-11-13 23:00:00,0.0,0.0,0.0,0.0,0.0,0.0,0.0,0.0,0.0,0.0,0.0,0.0,0.0,0.0,0.0,0.0,0.0
2015-11-14 00:00:00,0.0,0.0,0.0,0.0,0.0,0.0,0.0,0.0,0.0,0.0,0.0,0.0,0.0,0.0,0.0,0.0,0.0
2015-11-14 01:00:00,0.0,0.0,0.0,0.0,0.0,0.0,0.0,0.0,0.0,0.0,0.0,0.0,0.0,0.0,0.0,0.0,0.0
2015-11-14 02:00:00,0.0,0.0,0.0,0.0,0.0,0.0,0.0,0.0,0.0,0.0,0.0,0.0,0.0,0.0,0.0,0.0,0.0
2015-11-14 03:00:00,0.0,0.0,0.0,0.0,0.0,0.0,0.0,0.0,0.0,0.0,0.0,0.0,0.0,0.0,0.0,0.0,0.0
2015-11-14 04:00:00,0.0,0.0,0.0,0.0,0.0,0.0,0.0,0.0,0.0,0.0,0.0,0.0,0.0,0.0,0.0,0.0,0.0
2015-11-14 05:00:00,0.0,0.0,0.0,0.0,0.0,0.0,0.0,0.0,0.0,0.0,0.0,0.0,0.0,0.0,0.0,0.0,0.0
2015-11-14 06:00:00,0.0,0.0,0.0,0.0,0.0,0.0,0.0,0.0,0.0,0.0,0.0,0.0,0.0,0.0,0.0,0.0,0.0
2015-11-14 07:00:00,0.002,0.003,0.003,0.001,0.0,0.006,0.006,0.004,0.005,0.003,0.001,0.001,0.007,0.008,0.003,0.002,0.0
2015-11-14 08:00:00,0.028,0.028,0.026,0.029,0.025,0.033,0.031,0.035,0.03,0.024,0.017,0.024,0.032,0.039,0.032,0.029,0.023
2015-11-14 09:00:00,0.052,0.049,0.046,0.057,0.046,0.062,0.05,0.059,0.052,0.057,0.057,0.05,0.055,0.057,0.053,0.052,0.047
2015-11-14 10:00:00,0.094,0.094,0.09,0.134,0.075,0.099,0.137,0.107,0.108,0.139,0.106,0.074,0.11,0.12,0.09,0.089,0.07
2015-11-14 11:00:00,0.167,0.206,0.162,0.205,0.172,0.151,0.215,0.155,0.211,0.239,0.157,0.08,0.204,0.196,0.133,0.188,0.11
2015-11-14 12:00:00,0.184,0.241,0.101,0.246,0.2,0.222,0.247,0.176,0.29,0.256,0.209,0.069,0.247,0.227,0.135,0.188,0.131
2015-11-14 13:00:00,0.188,0.251,0.138,0.218,0.204,0.217,0.298,0.162,0.325,0.243,0.163,0.099,0.293,0.249,0.11,0.205,0.117
2015-11-14 14:00:00,0.161,0.204,0.113,0.147,0.22,0.174,0.249,0.144,0.215,0.21,0.137,0.06,0.262,0.192,0.087,0.169,0.148
2015-11-14 15:00:00,0.074,0.12,0.037,0.034,0.123,0.081,0.131,0.053,0.087,0.109,0.0,0.032,0.114,0.094,0.01,0.09,0.079
2015-11-14 16:00:00,0.0,0.0,0.0,0.0,0.0,0.0,0.0,0.0,0.0,0.0,0.0,0.0,0.0,0.0,0.0,0.0,0.0
2015-11-14 17:00:00,0.0,0.0,0.0,0.0,0.0,0.0,0.0,0.0,0.0,0.0,0.0,0.0,0.0,0.0,0.0,0.0,0.0
2015-11-14 18:00:00,0.0,0.0,0.0,0.0,0.0,0.0,0.0,0.0,0.0,0.0,0.0,0.0,0.0,0.0,0.0,0.0,0.0
2015-11-14 19:00:00,0.0,0.0,0.0,0.0,0.0,0.0,0.0,0.0,0.0,0.0,0.0,0.0,0.0,0.0,0.0,0.0,0.0
2015-11-14 20:00:00,0.0,0.0,0.0,0.0,0.0,0.0,0.0,0.0,0.0,0.0,0.0,0.0,0.0,0.0,0.0,0.0,0.0
2015-11-14 21:00:00,0.0,0.0,0.0,0.0,0.0,0.0,0.0,0.0,0.0,0.0,0.0,0.0,0.0,0.0,0.0,0.0,0.0
2015-11-14 22:00:00,0.0,0.0,0.0,0.0,0.0,0.0,0.0,0.0,0.0,0.0,0.0,0.0,0.0,0.0,0.0,0.0,0.0
2015-11-14 23:00:00,0.0,0.0,0.0,0.0,0.0,0.0,0.0,0.0,0.0,0.0,0.0,0.0,0.0,0.0,0.0,0.0,0.0
2015-11-15 00:00:00,0.0,0.0,0.0,0.0,0.0,0.0,0.0,0.0,0.0,0.0,0.0,0.0,0.0,0.0,0.0,0.0,0.0
2015-11-15 01:00:00,0.0,0.0,0.0,0.0,0.0,0.0,0.0,0.0,0.0,0.0,0.0,0.0,0.0,0.0,0.0,0.0,0.0
2015-11-15 02:00:00,0.0,0.0,0.0,0.0,0.0,0.0,0.0,0.0,0.0,0.0,0.0,0.0,0.0,0.0,0.0,0.0,0.0
2015-11-15 03:00:00,0.0,0.0,0.0,0.0,0.0,0.0,0.0,0.0,0.0,0.0,0.0,0.0,0.0,0.0,0.0,0.0,0.0
2015-11-15 04:00:00,0.0,0.0,0.0,0.0,0.0,0.0,0.0,0.0,0.0,0.0,0.0,0.0,0.0,0.0,0.0,0.0,0.0
2015-11-15 05:00:00,0.0,0.0,0.0,0.0,0.0,0.0,0.0,0.0,0.0,0.0,0.0,0.0,0.0,0.0,0.0,0.0,0.0
2015-11-15 06:00:00,0.0,0.0,0.0,0.0,0.0,0.0,0.0,0.0,0.0,0.0,0.0,0.0,0.0,0.0,0.0,0.0,0.0
2015-11-15 07:00:00,0.002,0.0,0.001,0.008,0.0,0.004,0.007,0.004,0.0,0.012,0.004,0.0,0.001,0.007,0.002,0.0,0.0
2015-11-15 08:00:00,0.016,0.003,0.018,0.034,0.001,0.026,0.034,0.03,0.008,0.043,0.032,0.016,0.012,0.033,0.023,0.007,0.005
2015-11-15 09:00:00,0.03,0.008,0.032,0.08,0.003,0.041,0.06,0.064,0.019,0.068,0.052,0.035,0.025,0.047,0.046,0.015,0.014
2015-11-15 10:00:00,0.041,0.008,0.038,0.111,0.005,0.055,0.08,0.077,0.02,0.066,0.09,0.061,0.035,0.052,0.071,0.018,0.021
2015-11-15 11:00:00,0.034,0.008,0.033,0.086,0.006,0.035,0.064,0.055,0.016,0.059,0.078,0.076,0.029,0.04,0.056,0.011,0.02
2015-11-15 12:00:00,0.029,0.009,0.023,0.084,0.005,0.025,0.036,0.05,0.011,0.049,0.083,0.062,0.024,0.026,0.046,0.01,0.017
2015-11-15 13:00:00,0.018,0.006,0.012,0.039,0.003,0.014,0.025,0.029,0.009,0.033,0.059,0.041,0.008,0.016,0.037,0.004,0.011
2015-11-15 14:00:00,0.006,0.001,0.002,0.013,0.0,0.002,0.005,0.009,0.001,0.007,0.019,0.019,0.002,0.002,0.014,0.001,0.008
2015-11-15 15:00:00,0.001,0.0,0.0,0.0,0.0,0.0,0.0,0.0,0.0,0.0,0.0,0.008,0.0,0.0,0.0,0.0,0.006
2015-11-15 16:00:00,0.0,0.0,0.0,0.0,0.0,0.0,0.0,0.0,0.0,0.0,0.0,0.0,0.0,0.0,0.0,0.0,0.0
2015-11-15 17:00:00,0.0,0.0,0.0,0.0,0.0,0.0,0.0,0.0,0.0,0.0,0.0,0.0,0.0,0.0,0.0,0.0,0.0
2015-11-15 18:00:00,0.0,0.0,0.0,0.0,0.0,0.0,0.0,0.0,0.0,0.0,0.0,0.0,0.0,0.0,0.0,0.0,0.0
2015-11-15 19:00:00,0.0,0.0,0.0,0.0,0.0,0.0,0.0,0.0,0.0,0.0,0.0,0.0,0.0,0.0,0.0,0.0,0.0
2015-11-15 20:00:00,0.0,0.0,0.0,0.0,0.0,0.0,0.0,0.0,0.0,0.0,0.0,0.0,0.0,0.0,0.0,0.0,0.0
2015-11-15 21:00:00,0.0,0.0,0.0,0.0,0.0,0.0,0.0,0.0,0.0,0.0,0.0,0.0,0.0,0.0,0.0,0.0,0.0
2015-11-15 22:00:00,0.0,0.0,0.0,0.0,0.0,0.0,0.0,0.0,0.0,0.0,0.0,0.0,0.0,0.0,0.0,0.0,0.0
2015-11-15 23:00:00,0.0,0.0,0.0,0.0,0.0,0.0,0.0,0.0,0.0,0.0,0.0,0.0,0.0,0.0,0.0,0.0,0.0
2015-11-16 00:00:00,0.0,0.0,0.0,0.0,0.0,0.0,0.0,0.0,0.0,0.0,0.0,0.0,0.0,0.0,0.0,0.0,0.0
2015-11-16 01:00:00,0.0,0.0,0.0,0.0,0.0,0.0,0.0,0.0,0.0,0.0,0.0,0.0,0.0,0.0,0.0,0.0,0.0
2015-11-16 02:00:00,0.0,0.0,0.0,0.0,0.0,0.0,0.0,0.0,0.0,0.0,0.0,0.0,0.0,0.0,0.0,0.0,0.0
2015-11-16 03:00:00,0.0,0.0,0.0,0.0,0.0,0.0,0.0,0.0,0.0,0.0,0.0,0.0,0.0,0.0,0.0,0.0,0.0
2015-11-16 04:00:00,0.0,0.0,0.0,0.0,0.0,0.0,0.0,0.0,0.0,0.0,0.0,0.0,0.0,0.0,0.0,0.0,0.0
2015-11-16 05:00:00,0.0,0.0,0.0,0.0,0.0,0.0,0.0,0.0,0.0,0.0,0.0,0.0,0.0,0.0,0.0,0.0,0.0
2015-11-16 06:00:00,0.0,0.0,0.0,0.0,0.0,0.0,0.0,0.0,0.0,0.0,0.0,0.0,0.0,0.0,0.0,0.0,0.0
2015-11-16 07:00:00,0.001,0.0,0.001,0.006,0.0,0.002,0.001,0.003,0.0,0.003,0.004,0.0,0.001,0.003,0.003,0.0,0.0
2015-11-16 08:00:00,0.017,0.0,0.024,0.034,0.0,0.027,0.013,0.03,0.002,0.028,0.033,0.024,0.013,0.025,0.033,0.014,0.003
2015-11-16 09:00:00,0.031,0.002,0.037,0.06,0.002,0.047,0.039,0.053,0.008,0.054,0.054,0.045,0.036,0.049,0.059,0.025,0.01
2015-11-16 10:00:00,0.041,0.01,0.038,0.078,0.007,0.079,0.057,0.07,0.011,0.077,0.074,0.048,0.057,0.076,0.084,0.024,0.012
2015-11-16 11:00:00,0.046,0.028,0.024,0.096,0.027,0.078,0.073,0.103,0.009,0.085,0.085,0.035,0.055,0.089,0.104,0.016,0.017
2015-11-16 12:00:00,0.05,0.061,0.033,0.073,0.051,0.053,0.06,0.091,0.009,0.096,0.143,0.032,0.028,0.102,0.085,0.018,0.018
2015-11-16 13:00:00,0.038,0.074,0.03,0.056,0.045,0.034,0.022,0.044,0.008,0.078,0.101,0.03,0.01,0.057,0.055,0.015,0.014
2015-11-16 14:00:00,0.021,0.088,0.009,0.031,0.044,0.017,0.005,0.017,0.01,0.019,0.039,0.013,0.007,0.013,0.019,0.006,0.007
2015-11-16 15:00:00,0.008,0.063,0.0,0.0,0.03,0.003,0.0,0.004,0.012,0.002,0.0,0.0,0.003,0.008,0.0,0.0,0.0
2015-11-16 16:00:00,0.0,0.0,0.0,0.0,0.0,0.0,0.0,0.0,0.0,0.0,0.0,0.0,0.0,0.0,0.0,0.0,0.0
2015-11-16 17:00:00,0.0,0.0,0.0,0.0,0.0,0.0,0.0,0.0,0.0,0.0,0.0,0.0,0.0,0.0,0.0,0.0,0.0
2015-11-16 18:00:00,0.0,0.0,0.0,0.0,0.0,0.0,0.0,0.0,0.0,0.0,0.0,0.0,0.0,0.0,0.0,0.0,0.0
2015-11-16 19:00:00,0.0,0.0,0.0,0.0,0.0,0.0,0.0,0.0,0.0,0.0,0.0,0.0,0.0,0.0,0.0,0.0,0.0
2015-11-16 20:00:00,0.0,0.0,0.0,0.0,0.0,0.0,0.0,0.0,0.0,0.0,0.0,0.0,0.0,0.0,0.0,0.0,0.0
2015-11-16 21:00:00,0.0,0.0,0.0,0.0,0.0,0.0,0.0,0.0,0.0,0.0,0.0,0.0,0.0,0.0,0.0,0.0,0.0
2015-11-16 22:00:00,0.0,0.0,0.0,0.0,0.0,0.0,0.0,0.0,0.0,0.0,0.0,0.0,0.0,0.0,0.0,0.0,0.0
2015-11-16 23:00:00,0.0,0.0,0.0,0.0,0.0,0.0,0.0,0.0,0.0,0.0,0.0,0.0,0.0,0.0,0.0,0.0,0.0
2015-11-17 00:00:00,0.0,0.0,0.0,0.0,0.0,0.0,0.0,0.0,0.0,0.0,0.0,0.0,0.0,0.0,0.0,0.0,0.0
2015-11-17 01:00:00,0.0,0.0,0.0,0.0,0.0,0.0,0.0,0.0,0.0,0.0,0.0,0.0,0.0,0.0,0.0,0.0,0.0
2015-11-17 02:00:00,0.0,0.0,0.0,0.0,0.0,0.0,0.0,0.0,0.0,0.0,0.0,0.0,0.0,0.0,0.0,0.0,0.0
2015-11-17 03:00:00,0.0,0.0,0.0,0.0,0.0,0.0,0.0,0.0,0.0,0.0,0.0,0.0,0.0,0.0,0.0,0.0,0.0
2015-11-17 04:00:00,0.0,0.0,0.0,0.0,0.0,0.0,0.0,0.0,0.0,0.0,0.0,0.0,0.0,0.0,0.0,0.0,0.0
2015-11-17 05:00:00,0.0,0.0,0.0,0.0,0.0,0.0,0.0,0.0,0.0,0.0,0.0,0.0,0.0,0.0,0.0,0.0,0.0
2015-11-17 06:00:00,0.0,0.0,0.0,0.0,0.0,0.0,0.0,0.0,0.0,0.0,0.0,0.0,0.0,0.0,0.0,0.0,0.0
2015-11-17 07:00:00,0.001,0.0,0.0,0.002,0.0,0.001,0.005,0.001,0.002,0.005,0.0,0.0,0.005,0.003,0.0,0.0,0.0
2015-11-17 08:00:00,0.011,0.011,0.005,0.021,0.003,0.015,0.036,0.016,0.025,0.031,0.007,0.005,0.025,0.024,0.005,0.01,0.003
2015-11-17 09:00:00,0.025,0.025,0.025,0.039,0.008,0.038,0.042,0.024,0.056,0.048,0.016,0.016,0.065,0.039,0.012,0.026,0.011
2015-11-17 10:00:00,0.035,0.023,0.036,0.085,0.012,0.046,0.081,0.044,0.06,0.064,0.035,0.027,0.082,0.071,0.022,0.027,0.019
2015-11-17 11:00:00,0.034,0.035,0.061,0.085,0.016,0.034,0.098,0.027,0.048,0.058,0.023,0.028,0.073,0.095,0.013,0.023,0.015
2015-11-17 12:00:00,0.03,0.066,0.029,0.063,0.035,0.029,0.076,0.021,0.04,0.052,0.016,0.027,0.065,0.065,0.013,0.015,0.014
2015-11-17 13:00:00,0.028,0.064,0.011,0.027,0.041,0.017,0.068,0.013,0.038,0.034,0.005,0.019,0.043,0.04,0.01,0.021,0.039
2015-11-17 14:00:00,0.023,0.095,0.003,0.01,0.044,0.005,0.034,0.005,0.036,0.013,0.001,0.005,0.022,0.01,0.005,0.023,0.031
2015-11-17 15:00:00,0.017,0.038,0.002,0.0,0.007,0.004,0.015,0.0,0.073,0.0,0.0,0.013,0.014,0.001,0.0,0.033,0.022
2015-11-17 16:00:00,0.0,0.0,0.0,0.0,0.0,0.0,0.0,0.0,0.0,0.0,0.0,0.0,0.0,0.0,0.0,0.0,0.0
2015-11-17 17:00:00,0.0,0.0,0.0,0.0,0.0,0.0,0.0,0.0,0.0,0.0,0.0,0.0,0.0,0.0,0.0,0.0,0.0
2015-11-17 18:00:00,0.0,0.0,0.0,0.0,0.0,0.0,0.0,0.0,0.0,0.0,0.0,0.0,0.0,0.0,0.0,0.0,0.0
2015-11-17 19:00:00,0.0,0.0,0.0,0.0,0.0,0.0,0.0,0.0,0.0,0.0,0.0,0.0,0.0,0.0,0.0,0.0,0.0
2015-11-17 20:00:00,0.0,0.0,0.0,0.0,0.0,0.0,0.0,0.0,0.0,0.0,0.0,0.0,0.0,0.0,0.0,0.0,0.0
2015-11-17 21:00:00,0.0,0.0,0.0,0.0,0.0,0.0,0.0,0.0,0.0,0.0,0.0,0.0,0.0,0.0,0.0,0.0,0.0
2015-11-17 22:00:00,0.0,0.0,0.0,0.0,0.0,0.0,0.0,0.0,0.0,0.0,0.0,0.0,0.0,0.0,0.0,0.0,0.0
2015-11-17 23:00:00,0.0,0.0,0.0,0.0,0.0,0.0,0.0,0.0,0.0,0.0,0.0,0.0,0.0,0.0,0.0,0.0,0.0
2015-11-18 00:00:00,0.0,0.0,0.0,0.0,0.0,0.0,0.0,0.0,0.0,0.0,0.0,0.0,0.0,0.0,0.0,0.0,0.0
2015-11-18 01:00:00,0.0,0.0,0.0,0.0,0.0,0.0,0.0,0.0,0.0,0.0,0.0,0.0,0.0,0.0,0.0,0.0,0.0
2015-11-18 02:00:00,0.0,0.0,0.0,0.0,0.0,0.0,0.0,0.0,0.0,0.0,0.0,0.0,0.0,0.0,0.0,0.0,0.0
2015-11-18 03:00:00,0.0,0.0,0.0,0.0,0.0,0.0,0.0,0.0,0.0,0.0,0.0,0.0,0.0,0.0,0.0,0.0,0.0
2015-11-18 04:00:00,0.0,0.0,0.0,0.0,0.0,0.0,0.0,0.0,0.0,0.0,0.0,0.0,0.0,0.0,0.0,0.0,0.0
2015-11-18 05:00:00,0.0,0.0,0.0,0.0,0.0,0.0,0.0,0.0,0.0,0.0,0.0,0.0,0.0,0.0,0.0,0.0,0.0
2015-11-18 06:00:00,0.0,0.0,0.0,0.0,0.0,0.0,0.0,0.0,0.0,0.0,0.0,0.0,0.0,0.0,0.0,0.0,0.0
2015-11-18 07:00:00,0.001,0.0,0.0,0.004,0.0,0.002,0.003,0.001,0.001,0.005,0.001,0.0,0.002,0.001,0.0,0.0,0.0
2015-11-18 08:00:00,0.012,0.015,0.019,0.015,0.004,0.026,0.025,0.02,0.022,0.018,0.014,0.007,0.021,0.021,0.01,0.007,0.003
2015-11-18 09:00:00,0.023,0.028,0.028,0.037,0.013,0.04,0.05,0.042,0.039,0.041,0.015,0.014,0.05,0.053,0.028,0.012,0.003
2015-11-18 10:00:00,0.039,0.033,0.047,0.075,0.01,0.036,0.098,0.071,0.062,0.104,0.048,0.028,0.062,0.091,0.065,0.019,0.008
2015-11-18 11:00:00,0.048,0.039,0.04,0.093,0.042,0.026,0.099,0.06,0.062,0.133,0.1,0.03,0.095,0.084,0.091,0.018,0.016
2015-11-18 12:00:00,0.055,0.083,0.016,0.072,0.086,0.024,0.151,0.053,0.08,0.142,0.086,0.021,0.082,0.093,0.083,0.017,0.044
2015-11-18 13:00:00,0.071,0.124,0.007,0.04,0.146,0.016,0.141,0.028,0.158,0.095,0.078,0.009,0.089,0.028,0.058,0.057,0.107
2015-11-18 14:00:00,0.049,0.088,0.006,0.015,0.088,0.009,0.109,0.004,0.092,0.041,0.024,0.003,0.094,0.014,0.01,0.065,0.085
2015-11-18 15:00:00,0.03,0.052,0.002,0.0,0.048,0.013,0.051,0.0,0.058,0.005,0.0,0.004,0.049,0.004,0.0,0.049,0.058
2015-11-18 16:00:00,0.0,0.0,0.0,0.0,0.0,0.0,0.0,0.0,0.0,0.0,0.0,0.0,0.0,0.0,0.0,0.0,0.0
2015-11-18 17:00:00,0.0,0.0,0.0,0.0,0.0,0.0,0.0,0.0,0.0,0.0,0.0,0.0,0.0,0.0,0.0,0.0,0.0
2015-11-18 18:00:00,0.0,0.0,0.0,0.0,0.0,0.0,0.0,0.0,0.0,0.0,0.0,0.0,0.0,0.0,0.0,0.0,0.0
2015-11-18 19:00:00,0.0,0.0,0.0,0.0,0.0,0.0,0.0,0.0,0.0,0.0,0.0,0.0,0.0,0.0,0.0,0.0,0.0
2015-11-18 20:00:00,0.0,0.0,0.0,0.0,0.0,0.0,0.0,0.0,0.0,0.0,0.0,0.0,0.0,0.0,0.0,0.0,0.0
2015-11-18 21:00:00,0.0,0.0,0.0,0.0,0.0,0.0,0.0,0.0,0.0,0.0,0.0,0.0,0.0,0.0,0.0,0.0,0.0
2015-11-18 22:00:00,0.0,0.0,0.0,0.0,0.0,0.0,0.0,0.0,0.0,0.0,0.0,0.0,0.0,0.0,0.0,0.0,0.0
2015-11-18 23:00:00,0.0,0.0,0.0,0.0,0.0,0.0,0.0,0.0,0.0,0.0,0.0,0.0,0.0,0.0,0.0,0.0,0.0
2015-11-19 00:00:00,0.0,0.0,0.0,0.0,0.0,0.0,0.0,0.0,0.0,0.0,0.0,0.0,0.0,0.0,0.0,0.0,0.0
2015-11-19 01:00:00,0.0,0.0,0.0,0.0,0.0,0.0,0.0,0.0,0.0,0.0,0.0,0.0,0.0,0.0,0.0,0.0,0.0
2015-11-19 02:00:00,0.0,0.0,0.0,0.0,0.0,0.0,0.0,0.0,0.0,0.0,0.0,0.0,0.0,0.0,0.0,0.0,0.0
2015-11-19 03:00:00,0.0,0.0,0.0,0.0,0.0,0.0,0.0,0.0,0.0,0.0,0.0,0.0,0.0,0.0,0.0,0.0,0.0
2015-11-19 04:00:00,0.0,0.0,0.0,0.0,0.0,0.0,0.0,0.0,0.0,0.0,0.0,0.0,0.0,0.0,0.0,0.0,0.0
2015-11-19 05:00:00,0.0,0.0,0.0,0.0,0.0,0.0,0.0,0.0,0.0,0.0,0.0,0.0,0.0,0.0,0.0,0.0,0.0
2015-11-19 06:00:00,0.0,0.0,0.0,0.0,0.0,0.0,0.0,0.0,0.0,0.0,0.0,0.0,0.0,0.0,0.0,0.0,0.0
2015-11-19 07:00:00,0.001,0.0,0.0,0.007,0.0,0.001,0.006,0.0,0.003,0.009,0.0,0.0,0.003,0.004,0.0,0.0,0.0
2015-11-19 08:00:00,0.019,0.011,0.017,0.027,0.017,0.03,0.034,0.017,0.021,0.029,0.004,0.017,0.04,0.029,0.011,0.019,0.015
2015-11-19 09:00:00,0.04,0.032,0.035,0.055,0.041,0.049,0.058,0.049,0.016,0.053,0.021,0.038,0.034,0.063,0.034,0.04,0.034
2015-11-19 10:00:00,0.069,0.066,0.067,0.102,0.063,0.084,0.09,0.096,0.058,0.113,0.06,0.059,0.031,0.105,0.067,0.065,0.044
2015-11-19 11:00:00,0.129,0.137,0.108,0.15,0.145,0.134,0.057,0.151,0.09,0.111,0.156,0.099,0.056,0.062,0.124,0.148,0.114
2015-11-19 12:00:00,0.169,0.219,0.199,0.145,0.22,0.145,0.04,0.147,0.126,0.064,0.171,0.107,0.102,0.077,0.135,0.219,0.155
2015-11-19 13:00:00,0.169,0.223,0.189,0.142,0.229,0.191,0.03,0.147,0.192,0.023,0.122,0.105,0.116,0.12,0.15,0.224,0.112
2015-11-19 14:00:00,0.12,0.125,0.162,0.101,0.156,0.166,0.033,0.115,0.167,0.025,0.071,0.042,0.156,0.112,0.093,0.158,0.08
2015-11-19 15:00:00,0.037,0.02,0.053,0.0,0.059,0.044,0.033,0.002,0.039,0.004,0.0,0.004,0.049,0.034,0.0,0.069,0.053
2015-11-19 16:00:00,0.0,0.0,0.0,0.0,0.0,0.0,0.0,0.0,0.0,0.0,0.0,0.0,0.0,0.0,0.0,0.0,0.0
2015-11-19 17:00:00,0.0,0.0,0.0,0.0,0.0,0.0,0.0,0.0,0.0,0.0,0.0,0.0,0.0,0.0,0.0,0.0,0.0
2015-11-19 18:00:00,0.0,0.0,0.0,0.0,0.0,0.0,0.0,0.0,0.0,0.0,0.0,0.0,0.0,0.0,0.0,0.0,0.0
2015-11-19 19:00:00,0.0,0.0,0.0,0.0,0.0,0.0,0.0,0.0,0.0,0.0,0.0,0.0,0.0,0.0,0.0,0.0,0.0
2015-11-19 20:00:00,0.0,0.0,0.0,0.0,0.0,0.0,0.0,0.0,0.0,0.0,0.0,0.0,0.0,0.0,0.0,0.0,0.0
2015-11-19 21:00:00,0.0,0.0,0.0,0.0,0.0,0.0,0.0,0.0,0.0,0.0,0.0,0.0,0.0,0.0,0.0,0.0,0.0
2015-11-19 22:00:00,0.0,0.0,0.0,0.0,0.0,0.0,0.0,0.0,0.0,0.0,0.0,0.0,0.0,0.0,0.0,0.0,0.0
2015-11-19 23:00:00,0.0,0.0,0.0,0.0,0.0,0.0,0.0,0.0,0.0,0.0,0.0,0.0,0.0,0.0,0.0,0.0,0.0
2015-11-20 00:00:00,0.0,0.0,0.0,0.0,0.0,0.0,0.0,0.0,0.0,0.0,0.0,0.0,0.0,0.0,0.0,0.0,0.0
2015-11-20 01:00:00,0.0,0.0,0.0,0.0,0.0,0.0,0.0,0.0,0.0,0.0,0.0,0.0,0.0,0.0,0.0,0.0,0.0
2015-11-20 02:00:00,0.0,0.0,0.0,0.0,0.0,0.0,0.0,0.0,0.0,0.0,0.0,0.0,0.0,0.0,0.0,0.0,0.0
2015-11-20 03:00:00,0.0,0.0,0.0,0.0,0.0,0.0,0.0,0.0,0.0,0.0,0.0,0.0,0.0,0.0,0.0,0.0,0.0
2015-11-20 04:00:00,0.0,0.0,0.0,0.0,0.0,0.0,0.0,0.0,0.0,0.0,0.0,0.0,0.0,0.0,0.0,0.0,0.0
2015-11-20 05:00:00,0.0,0.0,0.0,0.0,0.0,0.0,0.0,0.0,0.0,0.0,0.0,0.0,0.0,0.0,0.0,0.0,0.0
2015-11-20 06:00:00,0.0,0.0,0.0,0.0,0.0,0.0,0.0,0.0,0.0,0.0,0.0,0.0,0.0,0.0,0.0,0.0,0.0
2015-11-20 07:00:00,0.0,0.0,0.0,0.002,0.0,0.001,0.001,0.001,0.001,0.001,0.001,0.0,0.002,0.0,0.0,0.0,0.0
2015-11-20 08:00:00,0.017,0.016,0.019,0.028,0.014,0.024,0.016,0.024,0.024,0.007,0.02,0.011,0.024,0.025,0.016,0.016,0.01
2015-11-20 09:00:00,0.04,0.036,0.035,0.059,0.038,0.049,0.047,0.044,0.05,0.032,0.037,0.034,0.047,0.062,0.034,0.041,0.029
2015-11-20 10:00:00,0.064,0.06,0.06,0.095,0.056,0.077,0.066,0.074,0.074,0.077,0.082,0.049,0.057,0.089,0.064,0.063,0.041
2015-11-20 11:00:00,0.112,0.119,0.096,0.17,0.108,0.122,0.083,0.135,0.087,0.116,0.121,0.072,0.054,0.128,0.091,0.128,0.087
2015-11-20 12:00:00,0.148,0.137,0.13,0.195,0.153,0.205,0.075,0.166,0.112,0.108,0.145,0.065,0.059,0.141,0.104,0.196,0.127
2015-11-20 13:00:00,0.144,0.129,0.14,0.194,0.183,0.202,0.058,0.185,0.098,0.07,0.124,0.055,0.059,0.109,0.082,0.18,0.144
2015-11-20 14:00:00,0.088,0.054,0.116,0.12,0.107,0.105,0.031,0.102,0.03,0.038,0.075,0.034,0.031,0.056,0.054,0.118,0.094
2015-11-20 15:00:00,0.029,0.009,0.054,0.0,0.042,0.023,0.002,0.0,0.003,0.0,0.0,0.006,0.002,0.003,0.0,0.061,0.061
2015-11-20 16:00:00,0.0,0.0,0.0,0.0,0.0,0.0,0.0,0.0,0.0,0.0,0.0,0.0,0.0,0.0,0.0,0.0,0.0
2015-11-20 17:00:00,0.0,0.0,0.0,0.0,0.0,0.0,0.0,0.0,0.0,0.0,0.0,0.0,0.0,0.0,0.0,0.0,0.0
2015-11-20 18:00:00,0.0,0.0,0.0,0.0,0.0,0.0,0.0,0.0,0.0,0.0,0.0,0.0,0.0,0.0,0.0,0.0,0.0
2015-11-20 19:00:00,0.0,0.0,0.0,0.0,0.0,0.0,0.0,0.0,0.0,0.0,0.0,0.0,0.0,0.0,0.0,0.0,0.0
2015-11-20 20:00:00,0.0,0.0,0.0,0.0,0.0,0.0,0.0,0.0,0.0,0.0,0.0,0.0,0.0,0.0,0.0,0.0,0.0
2015-11-20 21:00:00,0.0,0.0,0.0,0.0,0.0,0.0,0.0,0.0,0.0,0.0,0.0,0.0,0.0,0.0,0.0,0.0,0.0
2015-11-20 22:00:00,0.0,0.0,0.0,0.0,0.0,0.0,0.0,0.0,0.0,0.0,0.0,0.0,0.0,0.0,0.0,0.0,0.0
2015-11-20 23:00:00,0.0,0.0,0.0,0.0,0.0,0.0,0.0,0.0,0.0,0.0,0.0,0.0,0.0,0.0,0.0,0.0,0.0
2015-11-21 00:00:00,0.0,0.0,0.0,0.0,0.0,0.0,0.0,0.0,0.0,0.0,0.0,0.0,0.0,0.0,0.0,0.0,0.0
2015-11-21 01:00:00,0.0,0.0,0.0,0.0,0.0,0.0,0.0,0.0,0.0,0.0,0.0,0.0,0.0,0.0,0.0,0.0,0.0
2015-11-21 02:00:00,0.0,0.0,0.0,0.0,0.0,0.0,0.0,0.0,0.0,0.0,0.0,0.0,0.0,0.0,0.0,0.0,0.0
2015-11-21 03:00:00,0.0,0.0,0.0,0.0,0.0,0.0,0.0,0.0,0.0,0.0,0.0,0.0,0.0,0.0,0.0,0.0,0.0
2015-11-21 04:00:00,0.0,0.0,0.0,0.0,0.0,0.0,0.0,0.0,0.0,0.0,0.0,0.0,0.0,0.0,0.0,0.0,0.0
2015-11-21 05:00:00,0.0,0.0,0.0,0.0,0.0,0.0,0.0,0.0,0.0,0.0,0.0,0.0,0.0,0.0,0.0,0.0,0.0
2015-11-21 06:00:00,0.0,0.0,0.0,0.0,0.0,0.0,0.0,0.0,0.0,0.0,0.0,0.0,0.0,0.0,0.0,0.0,0.0
2015-11-21 07:00:00,0.001,0.0,0.0,0.004,0.0,0.001,0.003,0.001,0.002,0.0,0.001,0.0,0.004,0.005,0.0,0.0,0.0
2015-11-21 08:00:00,0.017,0.022,0.01,0.026,0.015,0.022,0.02,0.02,0.027,0.014,0.02,0.016,0.026,0.038,0.02,0.012,0.007
2015-11-21 09:00:00,0.04,0.051,0.043,0.05,0.037,0.047,0.034,0.044,0.048,0.04,0.036,0.039,0.049,0.054,0.043,0.037,0.028
2015-11-21 10:00:00,0.061,0.085,0.059,0.075,0.058,0.072,0.06,0.067,0.094,0.063,0.054,0.061,0.088,0.096,0.073,0.046,0.041
2015-11-21 11:00:00,0.099,0.13,0.091,0.124,0.099,0.101,0.104,0.103,0.15,0.09,0.1,0.137,0.128,0.157,0.138,0.061,0.071
2015-11-21 12:00:00,0.119,0.171,0.127,0.142,0.153,0.131,0.132,0.104,0.158,0.074,0.071,0.168,0.183,0.142,0.15,0.081,0.082
2015-11-21 13:00:00,0.099,0.207,0.097,0.089,0.114,0.12,0.082,0.06,0.173,0.067,0.032,0.164,0.153,0.141,0.092,0.073,0.06
2015-11-21 14:00:00,0.052,0.124,0.039,0.067,0.057,0.058,0.038,0.038,0.083,0.036,0.029,0.089,0.067,0.082,0.045,0.033,0.026
2015-11-21 15:00:00,0.025,0.097,0.017,0.0,0.079,0.016,0.004,0.0,0.05,0.0,0.0,0.0,0.036,0.007,0.0,0.024,0.015
2015-11-21 16:00:00,0.0,0.0,0.0,0.0,0.0,0.0,0.0,0.0,0.0,0.0,0.0,0.0,0.0,0.0,0.0,0.0,0.0
2015-11-21 17:00:00,0.0,0.0,0.0,0.0,0.0,0.0,0.0,0.0,0.0,0.0,0.0,0.0,0.0,0.0,0.0,0.0,0.0
2015-11-21 18:00:00,0.0,0.0,0.0,0.0,0.0,0.0,0.0,0.0,0.0,0.0,0.0,0.0,0.0,0.0,0.0,0.0,0.0
2015-11-21 19:00:00,0.0,0.0,0.0,0.0,0.0,0.0,0.0,0.0,0.0,0.0,0.0,0.0,0.0,0.0,0.0,0.0,0.0
2015-11-21 20:00:00,0.0,0.0,0.0,0.0,0.0,0.0,0.0,0.0,0.0,0.0,0.0,0.0,0.0,0.0,0.0,0.0,0.0
2015-11-21 21:00:00,0.0,0.0,0.0,0.0,0.0,0.0,0.0,0.0,0.0,0.0,0.0,0.0,0.0,0.0,0.0,0.0,0.0
2015-11-21 22:00:00,0.0,0.0,0.0,0.0,0.0,0.0,0.0,0.0,0.0,0.0,0.0,0.0,0.0,0.0,0.0,0.0,0.0
2015-11-21 23:00:00,0.0,0.0,0.0,0.0,0.0,0.0,0.0,0.0,0.0,0.0,0.0,0.0,0.0,0.0,0.0,0.0,0.0
2015-11-22 00:00:00,0.0,0.0,0.0,0.0,0.0,0.0,0.0,0.0,0.0,0.0,0.0,0.0,0.0,0.0,0.0,0.0,0.0
2015-11-22 01:00:00,0.0,0.0,0.0,0.0,0.0,0.0,0.0,0.0,0.0,0.0,0.0,0.0,0.0,0.0,0.0,0.0,0.0
2015-11-22 02:00:00,0.0,0.0,0.0,0.0,0.0,0.0,0.0,0.0,0.0,0.0,0.0,0.0,0.0,0.0,0.0,0.0,0.0
2015-11-22 03:00:00,0.0,0.0,0.0,0.0,0.0,0.0,0.0,0.0,0.0,0.0,0.0,0.0,0.0,0.0,0.0,0.0,0.0
2015-11-22 04:00:00,0.0,0.0,0.0,0.0,0.0,0.0,0.0,0.0,0.0,0.0,0.0,0.0,0.0,0.0,0.0,0.0,0.0
2015-11-22 05:00:00,0.0,0.0,0.0,0.0,0.0,0.0,0.0,0.0,0.0,0.0,0.0,0.0,0.0,0.0,0.0,0.0,0.0
2015-11-22 06:00:00,0.0,0.0,0.0,0.0,0.0,0.0,0.0,0.0,0.0,0.0,0.0,0.0,0.0,0.0,0.0,0.0,0.0
2015-11-22 07:00:00,0.001,0.0,0.0,0.003,0.0,0.002,0.004,0.002,0.001,0.002,0.001,0.0,0.002,0.003,0.0,0.0,0.0
2015-11-22 08:00:00,0.022,0.024,0.017,0.024,0.012,0.035,0.042,0.031,0.035,0.015,0.023,0.015,0.039,0.033,0.018,0.024,0.01
2015-11-22 09:00:00,0.048,0.056,0.041,0.044,0.043,0.063,0.075,0.06,0.065,0.045,0.049,0.041,0.071,0.068,0.042,0.047,0.035
2015-11-22 10:00:00,0.07,0.074,0.071,0.069,0.052,0.089,0.101,0.08,0.102,0.074,0.071,0.063,0.102,0.091,0.054,0.076,0.045
2015-11-22 11:00:00,0.093,0.124,0.077,0.089,0.12,0.101,0.107,0.084,0.14,0.092,0.09,0.071,0.108,0.089,0.087,0.089,0.073
2015-11-22 12:00:00,0.101,0.176,0.072,0.077,0.189,0.098,0.091,0.07,0.152,0.109,0.079,0.06,0.076,0.1,0.076,0.092,0.085
2015-11-22 13:00:00,0.12,0.222,0.102,0.058,0.216,0.095,0.077,0.059,0.172,0.113,0.041,0.043,0.075,0.091,0.06,0.155,0.111
2015-11-22 14:00:00,0.082,0.159,0.059,0.041,0.15,0.054,0.054,0.025,0.096,0.073,0.011,0.024,0.039,0.059,0.035,0.121,0.071
2015-11-22 15:00:00,0.036,0.072,0.012,0.0,0.098,0.009,0.009,0.0,0.012,0.002,0.0,0.0,0.006,0.003,0.0,0.068,0.039
2015-11-22 16:00:00,0.0,0.0,0.0,0.0,0.0,0.0,0.0,0.0,0.0,0.0,0.0,0.0,0.0,0.0,0.0,0.0,0.0
2015-11-22 17:00:00,0.0,0.0,0.0,0.0,0.0,0.0,0.0,0.0,0.0,0.0,0.0,0.0,0.0,0.0,0.0,0.0,0.0
2015-11-22 18:00:00,0.0,0.0,0.0,0.0,0.0,0.0,0.0,0.0,0.0,0.0,0.0,0.0,0.0,0.0,0.0,0.0,0.0
2015-11-22 19:00:00,0.0,0.0,0.0,0.0,0.0,0.0,0.0,0.0,0.0,0.0,0.0,0.0,0.0,0.0,0.0,0.0,0.0
2015-11-22 20:00:00,0.0,0.0,0.0,0.0,0.0,0.0,0.0,0.0,0.0,0.0,0.0,0.0,0.0,0.0,0.0,0.0,0.0
2015-11-22 21:00:00,0.0,0.0,0.0,0.0,0.0,0.0,0.0,0.0,0.0,0.0,0.0,0.0,0.0,0.0,0.0,0.0,0.0
2015-11-22 22:00:00,0.0,0.0,0.0,0.0,0.0,0.0,0.0,0.0,0.0,0.0,0.0,0.0,0.0,0.0,0.0,0.0,0.0
2015-11-22 23:00:00,0.0,0.0,0.0,0.0,0.0,0.0,0.0,0.0,0.0,0.0,0.0,0.0,0.0,0.0,0.0,0.0,0.0
2015-11-23 00:00:00,0.0,0.0,0.0,0.0,0.0,0.0,0.0,0.0,0.0,0.0,0.0,0.0,0.0,0.0,0.0,0.0,0.0
2015-11-23 01:00:00,0.0,0.0,0.0,0.0,0.0,0.0,0.0,0.0,0.0,0.0,0.0,0.0,0.0,0.0,0.0,0.0,0.0
2015-11-23 02:00:00,0.0,0.0,0.0,0.0,0.0,0.0,0.0,0.0,0.0,0.0,0.0,0.0,0.0,0.0,0.0,0.0,0.0
2015-11-23 03:00:00,0.0,0.0,0.0,0.0,0.0,0.0,0.0,0.0,0.0,0.0,0.0,0.0,0.0,0.0,0.0,0.0,0.0
2015-11-23 04:00:00,0.0,0.0,0.0,0.0,0.0,0.0,0.0,0.0,0.0,0.0,0.0,0.0,0.0,0.0,0.0,0.0,0.0
2015-11-23 05:00:00,0.0,0.0,0.0,0.0,0.0,0.0,0.0,0.0,0.0,0.0,0.0,0.0,0.0,0.0,0.0,0.0,0.0
2015-11-23 06:00:00,0.0,0.0,0.0,0.0,0.0,0.0,0.0,0.0,0.0,0.0,0.0,0.0,0.0,0.0,0.0,0.0,0.0
2015-11-23 07:00:00,0.001,0.0,0.0,0.005,0.0,0.002,0.005,0.001,0.001,0.009,0.0,0.0,0.003,0.004,0.0,0.0,0.0
2015-11-23 08:00:00,0.021,0.025,0.021,0.031,0.019,0.025,0.033,0.023,0.025,0.037,0.016,0.013,0.027,0.031,0.013,0.02,0.012
2015-11-23 09:00:00,0.046,0.057,0.051,0.064,0.043,0.046,0.052,0.049,0.045,0.07,0.044,0.039,0.043,0.059,0.034,0.042,0.044
2015-11-23 10:00:00,0.079,0.089,0.084,0.103,0.073,0.095,0.119,0.091,0.094,0.094,0.077,0.059,0.102,0.109,0.059,0.073,0.067
2015-11-23 11:00:00,0.138,0.141,0.116,0.149,0.138,0.178,0.23,0.136,0.175,0.128,0.14,0.087,0.213,0.161,0.109,0.154,0.096
2015-11-23 12:00:00,0.162,0.18,0.135,0.152,0.167,0.22,0.272,0.13,0.197,0.15,0.162,0.108,0.223,0.199,0.113,0.183,0.129
2015-11-23 13:00:00,0.143,0.138,0.1,0.133,0.096,0.226,0.283,0.159,0.18,0.191,0.106,0.092,0.2,0.227,0.113,0.165,0.109
2015-11-23 14:00:00,0.098,0.113,0.066,0.069,0.088,0.164,0.149,0.086,0.154,0.153,0.058,0.06,0.125,0.161,0.053,0.124,0.064
2015-11-23 15:00:00,0.024,0.063,0.002,0.0,0.027,0.02,0.064,0.0,0.043,0.002,0.0,0.0,0.069,0.004,0.0,0.047,0.018
2015-11-23 16:00:00,0.0,0.0,0.0,0.0,0.0,0.0,0.0,0.0,0.0,0.0,0.0,0.0,0.0,0.0,0.0,0.0,0.0
2015-11-23 17:00:00,0.0,0.0,0.0,0.0,0.0,0.0,0.0,0.0,0.0,0.0,0.0,0.0,0.0,0.0,0.0,0.0,0.0
2015-11-23 18:00:00,0.0,0.0,0.0,0.0,0.0,0.0,0.0,0.0,0.0,0.0,0.0,0.0,0.0,0.0,0.0,0.0,0.0
2015-11-23 19:00:00,0.0,0.0,0.0,0.0,0.0,0.0,0.0,0.0,0.0,0.0,0.0,0.0,0.0,0.0,0.0,0.0,0.0
2015-11-23 20:00:00,0.0,0.0,0.0,0.0,0.0,0.0,0.0,0.0,0.0,0.0,0.0,0.0,0.0,0.0,0.0,0.0,0.0
2015-11-23 21:00:00,0.0,0.0,0.0,0.0,0.0,0.0,0.0,0.0,0.0,0.0,0.0,0.0,0.0,0.0,0.0,0.0,0.0
2015-11-23 22:00:00,0.0,0.0,0.0,0.0,0.0,0.0,0.0,0.0,0.0,0.0,0.0,0.0,0.0,0.0,0.0,0.0,0.0
2015-11-23 23:00:00,0.0,0.0,0.0,0.0,0.0,0.0,0.0,0.0,0.0,0.0,0.0,0.0,0.0,0.0,0.0,0.0,0.0
2015-11-24 00:00:00,0.0,0.0,0.0,0.0,0.0,0.0,0.0,0.0,0.0,0.0,0.0,0.0,0.0,0.0,0.0,0.0,0.0
2015-11-24 01:00:00,0.0,0.0,0.0,0.0,0.0,0.0,0.0,0.0,0.0,0.0,0.0,0.0,0.0,0.0,0.0,0.0,0.0
2015-11-24 02:00:00,0.0,0.0,0.0,0.0,0.0,0.0,0.0,0.0,0.0,0.0,0.0,0.0,0.0,0.0,0.0,0.0,0.0
2015-11-24 03:00:00,0.0,0.0,0.0,0.0,0.0,0.0,0.0,0.0,0.0,0.0,0.0,0.0,0.0,0.0,0.0,0.0,0.0
2015-11-24 04:00:00,0.0,0.0,0.0,0.0,0.0,0.0,0.0,0.0,0.0,0.0,0.0,0.0,0.0,0.0,0.0,0.0,0.0
2015-11-24 05:00:00,0.0,0.0,0.0,0.0,0.0,0.0,0.0,0.0,0.0,0.0,0.0,0.0,0.0,0.0,0.0,0.0,0.0
2015-11-24 06:00:00,0.0,0.0,0.0,0.0,0.0,0.0,0.0,0.0,0.0,0.0,0.0,0.0,0.0,0.0,0.0,0.0,0.0
2015-11-24 07:00:00,0.001,0.0,0.0,0.004,0.0,0.0,0.004,0.0,0.0,0.005,0.001,0.0,0.001,0.002,0.0,0.0,0.0
2015-11-24 08:00:00,0.02,0.022,0.017,0.033,0.015,0.016,0.03,0.02,0.026,0.034,0.023,0.014,0.024,0.031,0.018,0.02,0.012
2015-11-24 09:00:00,0.044,0.04,0.041,0.057,0.034,0.045,0.058,0.042,0.045,0.067,0.046,0.039,0.054,0.061,0.039,0.047,0.032
2015-11-24 10:00:00,0.072,0.073,0.074,0.091,0.05,0.082,0.117,0.071,0.094,0.107,0.081,0.05,0.107,0.097,0.073,0.074,0.045
2015-11-24 11:00:00,0.148,0.176,0.156,0.109,0.165,0.142,0.199,0.107,0.206,0.155,0.106,0.088,0.195,0.145,0.149,0.168,0.134
2015-11-24 12:00:00,0.195,0.264,0.202,0.097,0.249,0.195,0.264,0.101,0.285,0.149,0.088,0.109,0.244,0.123,0.161,0.239,0.213
2015-11-24 13:00:00,0.204,0.287,0.213,0.063,0.276,0.175,0.269,0.093,0.319,0.122,0.059,0.146,0.272,0.07,0.14,0.272,0.221
2015-11-24 14:00:00,0.166,0.246,0.187,0.039,0.22,0.171,0.211,0.078,0.263,0.092,0.031,0.122,0.232,0.072,0.095,0.216,0.184
2015-11-24 15:00:00,0.061,0.137,0.001,0.0,0.121,0.036,0.113,0.0,0.144,0.0,0.0,0.0,0.146,0.003,0.0,0.095,0.076
2015-11-24 16:00:00,0.0,0.0,0.0,0.0,0.0,0.0,0.0,0.0,0.0,0.0,0.0,0.0,0.0,0.0,0.0,0.0,0.0
2015-11-24 17:00:00,0.0,0.0,0.0,0.0,0.0,0.0,0.0,0.0,0.0,0.0,0.0,0.0,0.0,0.0,0.0,0.0,0.0
2015-11-24 18:00:00,0.0,0.0,0.0,0.0,0.0,0.0,0.0,0.0,0.0,0.0,0.0,0.0,0.0,0.0,0.0,0.0,0.0
2015-11-24 19:00:00,0.0,0.0,0.0,0.0,0.0,0.0,0.0,0.0,0.0,0.0,0.0,0.0,0.0,0.0,0.0,0.0,0.0
2015-11-24 20:00:00,0.0,0.0,0.0,0.0,0.0,0.0,0.0,0.0,0.0,0.0,0.0,0.0,0.0,0.0,0.0,0.0,0.0
2015-11-24 21:00:00,0.0,0.0,0.0,0.0,0.0,0.0,0.0,0.0,0.0,0.0,0.0,0.0,0.0,0.0,0.0,0.0,0.0
2015-11-24 22:00:00,0.0,0.0,0.0,0.0,0.0,0.0,0.0,0.0,0.0,0.0,0.0,0.0,0.0,0.0,0.0,0.0,0.0
2015-11-24 23:00:00,0.0,0.0,0.0,0.0,0.0,0.0,0.0,0.0,0.0,0.0,0.0,0.0,0.0,0.0,0.0,0.0,0.0
2015-11-25 00:00:00,0.0,0.0,0.0,0.0,0.0,0.0,0.0,0.0,0.0,0.0,0.0,0.0,0.0,0.0,0.0,0.0,0.0
2015-11-25 01:00:00,0.0,0.0,0.0,0.0,0.0,0.0,0.0,0.0,0.0,0.0,0.0,0.0,0.0,0.0,0.0,0.0,0.0
2015-11-25 02:00:00,0.0,0.0,0.0,0.0,0.0,0.0,0.0,0.0,0.0,0.0,0.0,0.0,0.0,0.0,0.0,0.0,0.0
2015-11-25 03:00:00,0.0,0.0,0.0,0.0,0.0,0.0,0.0,0.0,0.0,0.0,0.0,0.0,0.0,0.0,0.0,0.0,0.0
2015-11-25 04:00:00,0.0,0.0,0.0,0.0,0.0,0.0,0.0,0.0,0.0,0.0,0.0,0.0,0.0,0.0,0.0,0.0,0.0
2015-11-25 05:00:00,0.0,0.0,0.0,0.0,0.0,0.0,0.0,0.0,0.0,0.0,0.0,0.0,0.0,0.0,0.0,0.0,0.0
2015-11-25 06:00:00,0.0,0.0,0.0,0.0,0.0,0.0,0.0,0.0,0.0,0.0,0.0,0.0,0.0,0.0,0.0,0.0,0.0
2015-11-25 07:00:00,0.001,0.0,0.0,0.005,0.0,0.001,0.004,0.001,0.0,0.006,0.002,0.0,0.002,0.004,0.0,0.0,0.0
2015-11-25 08:00:00,0.02,0.019,0.019,0.029,0.01,0.024,0.029,0.023,0.026,0.032,0.024,0.019,0.026,0.028,0.02,0.021,0.008
2015-11-25 09:00:00,0.042,0.05,0.038,0.046,0.04,0.04,0.044,0.039,0.049,0.046,0.039,0.051,0.041,0.044,0.038,0.046,0.03
2015-11-25 10:00:00,0.08,0.083,0.072,0.12,0.061,0.088,0.115,0.092,0.084,0.131,0.093,0.071,0.096,0.114,0.076,0.074,0.048
2015-11-25 11:00:00,0.143,0.119,0.123,0.227,0.088,0.196,0.233,0.2,0.163,0.245,0.188,0.114,0.21,0.227,0.179,0.12,0.059
2015-11-25 12:00:00,0.174,0.145,0.12,0.294,0.129,0.255,0.31,0.268,0.191,0.315,0.252,0.129,0.279,0.298,0.246,0.119,0.056
2015-11-25 13:00:00,0.174,0.14,0.098,0.291,0.121,0.262,0.326,0.271,0.176,0.319,0.245,0.106,0.293,0.307,0.247,0.135,0.052
2015-11-25 14:00:00,0.118,0.08,0.082,0.201,0.04,0.199,0.257,0.192,0.088,0.234,0.172,0.049,0.22,0.23,0.161,0.109,0.023
2015-11-25 15:00:00,0.017,0.046,0.0,0.0,0.004,0.015,0.12,0.0,0.039,0.0,0.0,0.0,0.101,0.0,0.0,0.033,0.001
2015-11-25 16:00:00,0.0,0.0,0.0,0.0,0.0,0.0,0.0,0.0,0.0,0.0,0.0,0.0,0.0,0.0,0.0,0.0,0.0
2015-11-25 17:00:00,0.0,0.0,0.0,0.0,0.0,0.0,0.0,0.0,0.0,0.0,0.0,0.0,0.0,0.0,0.0,0.0,0.0
2015-11-25 18:00:00,0.0,0.0,0.0,0.0,0.0,0.0,0.0,0.0,0.0,0.0,0.0,0.0,0.0,0.0,0.0,0.0,0.0
2015-11-25 19:00:00,0.0,0.0,0.0,0.0,0.0,0.0,0.0,0.0,0.0,0.0,0.0,0.0,0.0,0.0,0.0,0.0,0.0
2015-11-25 20:00:00,0.0,0.0,0.0,0.0,0.0,0.0,0.0,0.0,0.0,0.0,0.0,0.0,0.0,0.0,0.0,0.0,0.0
2015-11-25 21:00:00,0.0,0.0,0.0,0.0,0.0,0.0,0.0,0.0,0.0,0.0,0.0,0.0,0.0,0.0,0.0,0.0,0.0
2015-11-25 22:00:00,0.0,0.0,0.0,0.0,0.0,0.0,0.0,0.0,0.0,0.0,0.0,0.0,0.0,0.0,0.0,0.0,0.0
2015-11-25 23:00:00,0.0,0.0,0.0,0.0,0.0,0.0,0.0,0.0,0.0,0.0,0.0,0.0,0.0,0.0,0.0,0.0,0.0
2015-11-26 00:00:00,0.0,0.0,0.0,0.0,0.0,0.0,0.0,0.0,0.0,0.0,0.0,0.0,0.0,0.0,0.0,0.0,0.0
2015-11-26 01:00:00,0.0,0.0,0.0,0.0,0.0,0.0,0.0,0.0,0.0,0.0,0.0,0.0,0.0,0.0,0.0,0.0,0.0
2015-11-26 02:00:00,0.0,0.0,0.0,0.0,0.0,0.0,0.0,0.0,0.0,0.0,0.0,0.0,0.0,0.0,0.0,0.0,0.0
2015-11-26 03:00:00,0.0,0.0,0.0,0.0,0.0,0.0,0.0,0.0,0.0,0.0,0.0,0.0,0.0,0.0,0.0,0.0,0.0
2015-11-26 04:00:00,0.0,0.0,0.0,0.0,0.0,0.0,0.0,0.0,0.0,0.0,0.0,0.0,0.0,0.0,0.0,0.0,0.0
2015-11-26 05:00:00,0.0,0.0,0.0,0.0,0.0,0.0,0.0,0.0,0.0,0.0,0.0,0.0,0.0,0.0,0.0,0.0,0.0
2015-11-26 06:00:00,0.0,0.0,0.0,0.0,0.0,0.0,0.0,0.0,0.0,0.0,0.0,0.0,0.0,0.0,0.0,0.0,0.0
2015-11-26 07:00:00,0.001,0.0,0.0,0.004,0.0,0.0,0.004,0.001,0.0,0.004,0.001,0.0,0.001,0.004,0.0,0.0,0.0
2015-11-26 08:00:00,0.016,0.008,0.011,0.031,0.005,0.019,0.043,0.03,0.012,0.031,0.031,0.006,0.028,0.04,0.02,0.01,0.005
2015-11-26 09:00:00,0.038,0.021,0.03,0.064,0.021,0.048,0.086,0.062,0.032,0.054,0.057,0.028,0.061,0.077,0.05,0.028,0.025
2015-11-26 10:00:00,0.058,0.035,0.047,0.074,0.039,0.095,0.118,0.096,0.045,0.069,0.08,0.044,0.089,0.1,0.065,0.047,0.041
2015-11-26 11:00:00,0.08,0.037,0.066,0.095,0.045,0.141,0.153,0.128,0.064,0.086,0.098,0.073,0.16,0.124,0.094,0.065,0.069
2015-11-26 12:00:00,0.087,0.052,0.057,0.08,0.074,0.2,0.164,0.16,0.083,0.048,0.097,0.067,0.227,0.101,0.095,0.058,0.091
2015-11-26 13:00:00,0.078,0.041,0.049,0.06,0.094,0.178,0.168,0.154,0.054,0.031,0.098,0.044,0.236,0.093,0.09,0.052,0.059
2015-11-26 14:00:00,0.049,0.03,0.029,0.027,0.063,0.11,0.075,0.072,0.063,0.015,0.03,0.023,0.171,0.056,0.051,0.045,0.04
2015-11-26 15:00:00,0.013,0.027,0.0,0.0,0.045,0.003,0.02,0.0,0.018,0.0,0.0,0.0,0.069,0.0,0.0,0.015,0.011
2015-11-26 16:00:00,0.0,0.0,0.0,0.0,0.0,0.0,0.0,0.0,0.0,0.0,0.0,0.0,0.0,0.0,0.0,0.0,0.0
2015-11-26 17:00:00,0.0,0.0,0.0,0.0,0.0,0.0,0.0,0.0,0.0,0.0,0.0,0.0,0.0,0.0,0.0,0.0,0.0
2015-11-26 18:00:00,0.0,0.0,0.0,0.0,0.0,0.0,0.0,0.0,0.0,0.0,0.0,0.0,0.0,0.0,0.0,0.0,0.0
2015-11-26 19:00:00,0.0,0.0,0.0,0.0,0.0,0.0,0.0,0.0,0.0,0.0,0.0,0.0,0.0,0.0,0.0,0.0,0.0
2015-11-26 20:00:00,0.0,0.0,0.0,0.0,0.0,0.0,0.0,0.0,0.0,0.0,0.0,0.0,0.0,0.0,0.0,0.0,0.0
2015-11-26 21:00:00,0.0,0.0,0.0,0.0,0.0,0.0,0.0,0.0,0.0,0.0,0.0,0.0,0.0,0.0,0.0,0.0,0.0
2015-11-26 22:00:00,0.0,0.0,0.0,0.0,0.0,0.0,0.0,0.0,0.0,0.0,0.0,0.0,0.0,0.0,0.0,0.0,0.0
2015-11-26 23:00:00,0.0,0.0,0.0,0.0,0.0,0.0,0.0,0.0,0.0,0.0,0.0,0.0,0.0,0.0,0.0,0.0,0.0
2015-11-27 00:00:00,0.0,0.0,0.0,0.0,0.0,0.0,0.0,0.0,0.0,0.0,0.0,0.0,0.0,0.0,0.0,0.0,0.0
2015-11-27 01:00:00,0.0,0.0,0.0,0.0,0.0,0.0,0.0,0.0,0.0,0.0,0.0,0.0,0.0,0.0,0.0,0.0,0.0
2015-11-27 02:00:00,0.0,0.0,0.0,0.0,0.0,0.0,0.0,0.0,0.0,0.0,0.0,0.0,0.0,0.0,0.0,0.0,0.0
2015-11-27 03:00:00,0.0,0.0,0.0,0.0,0.0,0.0,0.0,0.0,0.0,0.0,0.0,0.0,0.0,0.0,0.0,0.0,0.0
2015-11-27 04:00:00,0.0,0.0,0.0,0.0,0.0,0.0,0.0,0.0,0.0,0.0,0.0,0.0,0.0,0.0,0.0,0.0,0.0
2015-11-27 05:00:00,0.0,0.0,0.0,0.0,0.0,0.0,0.0,0.0,0.0,0.0,0.0,0.0,0.0,0.0,0.0,0.0,0.0
2015-11-27 06:00:00,0.0,0.0,0.0,0.0,0.0,0.0,0.0,0.0,0.0,0.0,0.0,0.0,0.0,0.0,0.0,0.0,0.0
2015-11-27 07:00:00,0.001,0.0,0.0,0.004,0.0,0.0,0.002,0.001,0.0,0.005,0.0,0.0,0.001,0.003,0.0,0.0,0.0
2015-11-27 08:00:00,0.016,0.013,0.013,0.029,0.013,0.019,0.029,0.019,0.017,0.033,0.018,0.012,0.026,0.028,0.014,0.013,0.009
2015-11-27 09:00:00,0.04,0.036,0.03,0.045,0.04,0.049,0.058,0.041,0.033,0.058,0.042,0.037,0.054,0.051,0.037,0.036,0.037
2015-11-27 10:00:00,0.068,0.067,0.057,0.112,0.063,0.078,0.091,0.075,0.073,0.112,0.069,0.059,0.1,0.106,0.057,0.056,0.054
2015-11-27 11:00:00,0.118,0.086,0.092,0.208,0.099,0.144,0.135,0.136,0.132,0.191,0.105,0.117,0.178,0.208,0.092,0.107,0.092
2015-11-27 12:00:00,0.148,0.095,0.099,0.268,0.144,0.164,0.158,0.168,0.17,0.209,0.136,0.165,0.223,0.276,0.095,0.133,0.122
2015-11-27 13:00:00,0.145,0.086,0.092,0.262,0.147,0.177,0.134,0.157,0.175,0.185,0.148,0.156,0.209,0.271,0.1,0.135,0.115
2015-11-27 14:00:00,0.099,0.069,0.058,0.169,0.111,0.135,0.119,0.112,0.122,0.122,0.09,0.11,0.154,0.203,0.056,0.087,0.078
2015-11-27 15:00:00,0.019,0.037,0.0,0.0,0.058,0.003,0.021,0.0,0.067,0.0,0.0,0.0,0.055,0.0,0.0,0.026,0.011
2015-11-27 16:00:00,0.0,0.0,0.0,0.0,0.0,0.0,0.0,0.0,0.0,0.0,0.0,0.0,0.0,0.0,0.0,0.0,0.0
2015-11-27 17:00:00,0.0,0.0,0.0,0.0,0.0,0.0,0.0,0.0,0.0,0.0,0.0,0.0,0.0,0.0,0.0,0.0,0.0
2015-11-27 18:00:00,0.0,0.0,0.0,0.0,0.0,0.0,0.0,0.0,0.0,0.0,0.0,0.0,0.0,0.0,0.0,0.0,0.0
2015-11-27 19:00:00,0.0,0.0,0.0,0.0,0.0,0.0,0.0,0.0,0.0,0.0,0.0,0.0,0.0,0.0,0.0,0.0,0.0
2015-11-27 20:00:00,0.0,0.0,0.0,0.0,0.0,0.0,0.0,0.0,0.0,0.0,0.0,0.0,0.0,0.0,0.0,0.0,0.0
2015-11-27 21:00:00,0.0,0.0,0.0,0.0,0.0,0.0,0.0,0.0,0.0,0.0,0.0,0.0,0.0,0.0,0.0,0.0,0.0
2015-11-27 22:00:00,0.0,0.0,0.0,0.0,0.0,0.0,0.0,0.0,0.0,0.0,0.0,0.0,0.0,0.0,0.0,0.0,0.0
2015-11-27 23:00:00,0.0,0.0,0.0,0.0,0.0,0.0,0.0,0.0,0.0,0.0,0.0,0.0,0.0,0.0,0.0,0.0,0.0
2015-11-28 00:00:00,0.0,0.0,0.0,0.0,0.0,0.0,0.0,0.0,0.0,0.0,0.0,0.0,0.0,0.0,0.0,0.0,0.0
2015-11-28 01:00:00,0.0,0.0,0.0,0.0,0.0,0.0,0.0,0.0,0.0,0.0,0.0,0.0,0.0,0.0,0.0,0.0,0.0
2015-11-28 02:00:00,0.0,0.0,0.0,0.0,0.0,0.0,0.0,0.0,0.0,0.0,0.0,0.0,0.0,0.0,0.0,0.0,0.0
2015-11-28 03:00:00,0.0,0.0,0.0,0.0,0.0,0.0,0.0,0.0,0.0,0.0,0.0,0.0,0.0,0.0,0.0,0.0,0.0
2015-11-28 04:00:00,0.0,0.0,0.0,0.0,0.0,0.0,0.0,0.0,0.0,0.0,0.0,0.0,0.0,0.0,0.0,0.0,0.0
2015-11-28 05:00:00,0.0,0.0,0.0,0.0,0.0,0.0,0.0,0.0,0.0,0.0,0.0,0.0,0.0,0.0,0.0,0.0,0.0
2015-11-28 06:00:00,0.0,0.0,0.0,0.0,0.0,0.0,0.0,0.0,0.0,0.0,0.0,0.0,0.0,0.0,0.0,0.0,0.0
2015-11-28 07:00:00,0.0,0.0,0.0,0.001,0.0,0.0,0.001,0.0,0.0,0.001,0.0,0.0,0.0,0.0,0.0,0.0,0.0
2015-11-28 08:00:00,0.015,0.018,0.014,0.023,0.012,0.016,0.018,0.014,0.022,0.018,0.012,0.01,0.024,0.017,0.014,0.015,0.008
2015-11-28 09:00:00,0.037,0.039,0.035,0.05,0.031,0.048,0.038,0.038,0.042,0.037,0.021,0.036,0.051,0.032,0.033,0.038,0.032
2015-11-28 10:00:00,0.056,0.061,0.057,0.067,0.044,0.074,0.053,0.05,0.078,0.063,0.033,0.056,0.088,0.045,0.052,0.062,0.042
2015-11-28 11:00:00,0.117,0.165,0.14,0.085,0.132,0.125,0.059,0.065,0.182,0.079,0.043,0.126,0.156,0.055,0.071,0.153,0.087
2015-11-28 12:00:00,0.147,0.23,0.192,0.08,0.145,0.129,0.069,0.056,0.249,0.054,0.037,0.183,0.201,0.051,0.073,0.22,0.095
2015-11-28 13:00:00,0.134,0.222,0.187,0.078,0.09,0.11,0.053,0.039,0.271,0.025,0.026,0.186,0.195,0.043,0.054,0.218,0.082
2015-11-28 14:00:00,0.079,0.148,0.136,0.023,0.018,0.07,0.023,0.015,0.208,0.005,0.006,0.11,0.136,0.018,0.027,0.146,0.02
2015-11-28 15:00:00,0.012,0.051,0.0,0.0,0.001,0.002,0.005,0.0,0.106,0.0,0.0,0.0,0.058,0.0,0.0,0.02,0.0
2015-11-28 16:00:00,0.0,0.0,0.0,0.0,0.0,0.0,0.0,0.0,0.0,0.0,0.0,0.0,0.0,0.0,0.0,0.0,0.0
2015-11-28 17:00:00,0.0,0.0,0.0,0.0,0.0,0.0,0.0,0.0,0.0,0.0,0.0,0.0,0.0,0.0,0.0,0.0,0.0
2015-11-28 18:00:00,0.0,0.0,0.0,0.0,0.0,0.0,0.0,0.0,0.0,0.0,0.0,0.0,0.0,0.0,0.0,0.0,0.0
2015-11-28 19:00:00,0.0,0.0,0.0,0.0,0.0,0.0,0.0,0.0,0.0,0.0,0.0,0.0,0.0,0.0,0.0,0.0,0.0
2015-11-28 20:00:00,0.0,0.0,0.0,0.0,0.0,0.0,0.0,0.0,0.0,0.0,0.0,0.0,0.0,0.0,0.0,0.0,0.0
2015-11-28 21:00:00,0.0,0.0,0.0,0.0,0.0,0.0,0.0,0.0,0.0,0.0,0.0,0.0,0.0,0.0,0.0,0.0,0.0
2015-11-28 22:00:00,0.0,0.0,0.0,0.0,0.0,0.0,0.0,0.0,0.0,0.0,0.0,0.0,0.0,0.0,0.0,0.0,0.0
2015-11-28 23:00:00,0.0,0.0,0.0,0.0,0.0,0.0,0.0,0.0,0.0,0.0,0.0,0.0,0.0,0.0,0.0,0.0,0.0
2015-11-29 00:00:00,0.0,0.0,0.0,0.0,0.0,0.0,0.0,0.0,0.0,0.0,0.0,0.0,0.0,0.0,0.0,0.0,0.0
2015-11-29 01:00:00,0.0,0.0,0.0,0.0,0.0,0.0,0.0,0.0,0.0,0.0,0.0,0.0,0.0,0.0,0.0,0.0,0.0
2015-11-29 02:00:00,0.0,0.0,0.0,0.0,0.0,0.0,0.0,0.0,0.0,0.0,0.0,0.0,0.0,0.0,0.0,0.0,0.0
2015-11-29 03:00:00,0.0,0.0,0.0,0.0,0.0,0.0,0.0,0.0,0.0,0.0,0.0,0.0,0.0,0.0,0.0,0.0,0.0
2015-11-29 04:00:00,0.0,0.0,0.0,0.0,0.0,0.0,0.0,0.0,0.0,0.0,0.0,0.0,0.0,0.0,0.0,0.0,0.0
2015-11-29 05:00:00,0.0,0.0,0.0,0.0,0.0,0.0,0.0,0.0,0.0,0.0,0.0,0.0,0.0,0.0,0.0,0.0,0.0
2015-11-29 06:00:00,0.0,0.0,0.0,0.0,0.0,0.0,0.0,0.0,0.0,0.0,0.0,0.0,0.0,0.0,0.0,0.0,0.0
2015-11-29 07:00:00,0.0,0.0,0.0,0.001,0.0,0.0,0.002,0.0,0.0,0.001,0.0,0.0,0.0,0.001,0.0,0.0,0.0
2015-11-29 08:00:00,0.014,0.012,0.017,0.019,0.002,0.02,0.032,0.022,0.02,0.024,0.015,0.009,0.022,0.025,0.018,0.012,0.002
2015-11-29 09:00:00,0.034,0.039,0.036,0.048,0.024,0.037,0.053,0.043,0.04,0.06,0.044,0.029,0.04,0.05,0.039,0.03,0.012
2015-11-29 10:00:00,0.056,0.06,0.052,0.088,0.035,0.077,0.107,0.079,0.053,0.107,0.075,0.035,0.083,0.097,0.066,0.046,0.022
2015-11-29 11:00:00,0.086,0.091,0.047,0.128,0.057,0.119,0.217,0.163,0.09,0.175,0.106,0.041,0.149,0.2,0.116,0.046,0.046
2015-11-29 12:00:00,0.088,0.082,0.027,0.181,0.058,0.065,0.271,0.148,0.094,0.219,0.144,0.04,0.132,0.249,0.105,0.048,0.044
2015-11-29 13:00:00,0.072,0.056,0.029,0.206,0.036,0.02,0.222,0.05,0.075,0.266,0.148,0.044,0.054,0.232,0.047,0.056,0.024
2015-11-29 14:00:00,0.033,0.034,0.017,0.115,0.023,0.006,0.056,0.007,0.028,0.182,0.047,0.016,0.024,0.057,0.012,0.029,0.014
2015-11-29 15:00:00,0.002,0.008,0.0,0.0,0.003,0.0,0.003,0.0,0.001,0.0,0.0,0.0,0.001,0.0,0.0,0.003,0.0
2015-11-29 16:00:00,0.0,0.0,0.0,0.0,0.0,0.0,0.0,0.0,0.0,0.0,0.0,0.0,0.0,0.0,0.0,0.0,0.0
2015-11-29 17:00:00,0.0,0.0,0.0,0.0,0.0,0.0,0.0,0.0,0.0,0.0,0.0,0.0,0.0,0.0,0.0,0.0,0.0
2015-11-29 18:00:00,0.0,0.0,0.0,0.0,0.0,0.0,0.0,0.0,0.0,0.0,0.0,0.0,0.0,0.0,0.0,0.0,0.0
2015-11-29 19:00:00,0.0,0.0,0.0,0.0,0.0,0.0,0.0,0.0,0.0,0.0,0.0,0.0,0.0,0.0,0.0,0.0,0.0
2015-11-29 20:00:00,0.0,0.0,0.0,0.0,0.0,0.0,0.0,0.0,0.0,0.0,0.0,0.0,0.0,0.0,0.0,0.0,0.0
2015-11-29 21:00:00,0.0,0.0,0.0,0.0,0.0,0.0,0.0,0.0,0.0,0.0,0.0,0.0,0.0,0.0,0.0,0.0,0.0
2015-11-29 22:00:00,0.0,0.0,0.0,0.0,0.0,0.0,0.0,0.0,0.0,0.0,0.0,0.0,0.0,0.0,0.0,0.0,0.0
2015-11-29 23:00:00,0.0,0.0,0.0,0.0,0.0,0.0,0.0,0.0,0.0,0.0,0.0,0.0,0.0,0.0,0.0,0.0,0.0
2015-11-30 00:00:00,0.0,0.0,0.0,0.0,0.0,0.0,0.0,0.0,0.0,0.0,0.0,0.0,0.0,0.0,0.0,0.0,0.0
2015-11-30 01:00:00,0.0,0.0,0.0,0.0,0.0,0.0,0.0,0.0,0.0,0.0,0.0,0.0,0.0,0.0,0.0,0.0,0.0
2015-11-30 02:00:00,0.0,0.0,0.0,0.0,0.0,0.0,0.0,0.0,0.0,0.0,0.0,0.0,0.0,0.0,0.0,0.0,0.0
2015-11-30 03:00:00,0.0,0.0,0.0,0.0,0.0,0.0,0.0,0.0,0.0,0.0,0.0,0.0,0.0,0.0,0.0,0.0,0.0
2015-11-30 04:00:00,0.0,0.0,0.0,0.0,0.0,0.0,0.0,0.0,0.0,0.0,0.0,0.0,0.0,0.0,0.0,0.0,0.0
2015-11-30 05:00:00,0.0,0.0,0.0,0.0,0.0,0.0,0.0,0.0,0.0,0.0,0.0,0.0,0.0,0.0,0.0,0.0,0.0
2015-11-30 06:00:00,0.0,0.0,0.0,0.0,0.0,0.0,0.0,0.0,0.0,0.0,0.0,0.0,0.0,0.0,0.0,0.0,0.0
2015-11-30 07:00:00,0.0,0.0,0.0,0.0,0.0,0.0,0.0,0.0,0.0,0.0,0.0,0.0,0.0,0.0,0.0,0.0,0.0
2015-11-30 08:00:00,0.015,0.013,0.013,0.016,0.011,0.019,0.019,0.02,0.012,0.023,0.021,0.009,0.015,0.016,0.017,0.016,0.006
2015-11-30 09:00:00,0.037,0.037,0.039,0.043,0.033,0.042,0.029,0.04,0.039,0.044,0.041,0.03,0.036,0.039,0.038,0.04,0.028
2015-11-30 10:00:00,0.06,0.058,0.058,0.085,0.055,0.073,0.044,0.07,0.066,0.086,0.074,0.048,0.062,0.079,0.058,0.055,0.04
2015-11-30 11:00:00,0.126,0.138,0.137,0.126,0.125,0.156,0.103,0.115,0.149,0.162,0.094,0.091,0.163,0.177,0.083,0.138,0.11
2015-11-30 12:00:00,0.172,0.199,0.161,0.14,0.194,0.187,0.143,0.163,0.207,0.215,0.1,0.125,0.198,0.216,0.127,0.19,0.177
2015-11-30 13:00:00,0.163,0.162,0.172,0.13,0.165,0.169,0.18,0.125,0.18,0.183,0.067,0.14,0.192,0.181,0.115,0.198,0.177
2015-11-30 14:00:00,0.129,0.123,0.122,0.11,0.114,0.119,0.149,0.112,0.158,0.133,0.049,0.097,0.155,0.12,0.079,0.173,0.15
2015-11-30 15:00:00,0.013,0.021,0.0,0.0,0.02,0.0,0.037,0.0,0.04,0.0,0.0,0.0,0.015,0.0,0.0,0.024,0.019
2015-11-30 16:00:00,0.0,0.0,0.0,0.0,0.0,0.0,0.0,0.0,0.0,0.0,0.0,0.0,0.0,0.0,0.0,0.0,0.0
2015-11-30 17:00:00,0.0,0.0,0.0,0.0,0.0,0.0,0.0,0.0,0.0,0.0,0.0,0.0,0.0,0.0,0.0,0.0,0.0
2015-11-30 18:00:00,0.0,0.0,0.0,0.0,0.0,0.0,0.0,0.0,0.0,0.0,0.0,0.0,0.0,0.0,0.0,0.0,0.0
2015-11-30 19:00:00,0.0,0.0,0.0,0.0,0.0,0.0,0.0,0.0,0.0,0.0,0.0,0.0,0.0,0.0,0.0,0.0,0.0
2015-11-30 20:00:00,0.0,0.0,0.0,0.0,0.0,0.0,0.0,0.0,0.0,0.0,0.0,0.0,0.0,0.0,0.0,0.0,0.0
2015-11-30 21:00:00,0.0,0.0,0.0,0.0,0.0,0.0,0.0,0.0,0.0,0.0,0.0,0.0,0.0,0.0,0.0,0.0,0.0
2015-11-30 22:00:00,0.0,0.0,0.0,0.0,0.0,0.0,0.0,0.0,0.0,0.0,0.0,0.0,0.0,0.0,0.0,0.0,0.0
2015-11-30 23:00:00,0.0,0.0,0.0,0.0,0.0,0.0,0.0,0.0,0.0,0.0,0.0,0.0,0.0,0.0,0.0,0.0,0.0
2015-12-01 00:00:00,0.0,0.0,0.0,0.0,0.0,0.0,0.0,0.0,0.0,0.0,0.0,0.0,0.0,0.0,0.0,0.0,0.0
2015-12-01 01:00:00,0.0,0.0,0.0,0.0,0.0,0.0,0.0,0.0,0.0,0.0,0.0,0.0,0.0,0.0,0.0,0.0,0.0
2015-12-01 02:00:00,0.0,0.0,0.0,0.0,0.0,0.0,0.0,0.0,0.0,0.0,0.0,0.0,0.0,0.0,0.0,0.0,0.0
2015-12-01 03:00:00,0.0,0.0,0.0,0.0,0.0,0.0,0.0,0.0,0.0,0.0,0.0,0.0,0.0,0.0,0.0,0.0,0.0
2015-12-01 04:00:00,0.0,0.0,0.0,0.0,0.0,0.0,0.0,0.0,0.0,0.0,0.0,0.0,0.0,0.0,0.0,0.0,0.0
2015-12-01 05:00:00,0.0,0.0,0.0,0.0,0.0,0.0,0.0,0.0,0.0,0.0,0.0,0.0,0.0,0.0,0.0,0.0,0.0
2015-12-01 06:00:00,0.0,0.0,0.0,0.0,0.0,0.0,0.0,0.0,0.0,0.0,0.0,0.0,0.0,0.0,0.0,0.0,0.0
2015-12-01 07:00:00,0.0,0.0,0.0,0.0,0.0,0.0,0.0,0.0,0.0,0.0,0.0,0.0,0.0,0.0,0.0,0.0,0.0
2015-12-01 08:00:00,0.01,0.01,0.009,0.007,0.009,0.011,0.011,0.013,0.013,0.009,0.019,0.006,0.013,0.016,0.014,0.008,0.005
2015-12-01 09:00:00,0.033,0.039,0.029,0.032,0.034,0.03,0.033,0.039,0.039,0.044,0.043,0.025,0.036,0.048,0.037,0.03,0.025
2015-12-01 10:00:00,0.057,0.068,0.048,0.069,0.061,0.061,0.078,0.064,0.072,0.091,0.064,0.04,0.067,0.067,0.052,0.048,0.044
2015-12-01 11:00:00,0.103,0.1,0.108,0.097,0.11,0.098,0.158,0.096,0.118,0.15,0.09,0.074,0.133,0.122,0.073,0.11,0.101
2015-12-01 12:00:00,0.139,0.132,0.136,0.114,0.13,0.147,0.218,0.148,0.155,0.169,0.096,0.079,0.168,0.191,0.062,0.163,0.168
2015-12-01 13:00:00,0.125,0.107,0.122,0.163,0.111,0.134,0.2,0.133,0.123,0.155,0.106,0.077,0.151,0.158,0.07,0.138,0.14
2015-12-01 14:00:00,0.101,0.089,0.114,0.073,0.123,0.122,0.137,0.076,0.073,0.114,0.043,0.079,0.113,0.112,0.029,0.12,0.141
2015-12-01 15:00:00,0.016,0.041,0.0,0.0,0.051,0.0,0.018,0.0,0.048,0.0,0.0,0.0,0.018,0.0,0.0,0.018,0.024
2015-12-01 16:00:00,0.0,0.0,0.0,0.0,0.0,0.0,0.0,0.0,0.0,0.0,0.0,0.0,0.0,0.0,0.0,0.0,0.0
2015-12-01 17:00:00,0.0,0.0,0.0,0.0,0.0,0.0,0.0,0.0,0.0,0.0,0.0,0.0,0.0,0.0,0.0,0.0,0.0
2015-12-01 18:00:00,0.0,0.0,0.0,0.0,0.0,0.0,0.0,0.0,0.0,0.0,0.0,0.0,0.0,0.0,0.0,0.0,0.0
2015-12-01 19:00:00,0.0,0.0,0.0,0.0,0.0,0.0,0.0,0.0,0.0,0.0,0.0,0.0,0.0,0.0,0.0,0.0,0.0
2015-12-01 20:00:00,0.0,0.0,0.0,0.0,0.0,0.0,0.0,0.0,0.0,0.0,0.0,0.0,0.0,0.0,0.0,0.0,0.0
2015-12-01 21:00:00,0.0,0.0,0.0,0.0,0.0,0.0,0.0,0.0,0.0,0.0,0.0,0.0,0.0,0.0,0.0,0.0,0.0
2015-12-01 22:00:00,0.0,0.0,0.0,0.0,0.0,0.0,0.0,0.0,0.0,0.0,0.0,0.0,0.0,0.0,0.0,0.0,0.0
2015-12-01 23:00:00,0.0,0.0,0.0,0.0,0.0,0.0,0.0,0.0,0.0,0.0,0.0,0.0,0.0,0.0,0.0,0.0,0.0
2015-12-02 00:00:00,0.0,0.0,0.0,0.0,0.0,0.0,0.0,0.0,0.0,0.0,0.0,0.0,0.0,0.0,0.0,0.0,0.0
2015-12-02 01:00:00,0.0,0.0,0.0,0.0,0.0,0.0,0.0,0.0,0.0,0.0,0.0,0.0,0.0,0.0,0.0,0.0,0.0
2015-12-02 02:00:00,0.0,0.0,0.0,0.0,0.0,0.0,0.0,0.0,0.0,0.0,0.0,0.0,0.0,0.0,0.0,0.0,0.0
2015-12-02 03:00:00,0.0,0.0,0.0,0.0,0.0,0.0,0.0,0.0,0.0,0.0,0.0,0.0,0.0,0.0,0.0,0.0,0.0
2015-12-02 04:00:00,0.0,0.0,0.0,0.0,0.0,0.0,0.0,0.0,0.0,0.0,0.0,0.0,0.0,0.0,0.0,0.0,0.0
2015-12-02 05:00:00,0.0,0.0,0.0,0.0,0.0,0.0,0.0,0.0,0.0,0.0,0.0,0.0,0.0,0.0,0.0,0.0,0.0
2015-12-02 06:00:00,0.0,0.0,0.0,0.0,0.0,0.0,0.0,0.0,0.0,0.0,0.0,0.0,0.0,0.0,0.0,0.0,0.0
2015-12-02 07:00:00,0.0,0.0,0.0,0.001,0.0,0.0,0.0,0.0,0.0,0.002,0.0,0.0,0.0,0.0,0.0,0.0,0.0
2015-12-02 08:00:00,0.008,0.0,0.009,0.027,0.0,0.007,0.014,0.017,0.001,0.03,0.019,0.007,0.005,0.016,0.013,0.003,0.001
2015-12-02 09:00:00,0.02,0.004,0.033,0.055,0.004,0.019,0.019,0.039,0.004,0.046,0.04,0.027,0.009,0.027,0.032,0.009,0.007
2015-12-02 10:00:00,0.033,0.007,0.054,0.075,0.01,0.039,0.028,0.066,0.005,0.06,0.074,0.043,0.013,0.038,0.055,0.017,0.014
2015-12-02 11:00:00,0.051,0.021,0.072,0.078,0.026,0.074,0.026,0.115,0.01,0.067,0.099,0.088,0.015,0.045,0.125,0.02,0.017
2015-12-02 12:00:00,0.05,0.014,0.069,0.076,0.03,0.068,0.023,0.115,0.006,0.09,0.103,0.079,0.012,0.047,0.138,0.012,0.021
2015-12-02 13:00:00,0.044,0.027,0.038,0.081,0.059,0.04,0.013,0.08,0.005,0.107,0.106,0.027,0.007,0.052,0.118,0.006,0.025
2015-12-02 14:00:00,0.029,0.013,0.004,0.051,0.053,0.026,0.005,0.053,0.001,0.067,0.076,0.006,0.001,0.026,0.047,0.002,0.052
2015-12-02 15:00:00,0.007,0.014,0.0,0.0,0.043,0.0,0.0,0.0,0.0,0.0,0.0,0.0,0.0,0.0,0.0,0.001,0.014
2015-12-02 16:00:00,0.0,0.0,0.0,0.0,0.0,0.0,0.0,0.0,0.0,0.0,0.0,0.0,0.0,0.0,0.0,0.0,0.0
2015-12-02 17:00:00,0.0,0.0,0.0,0.0,0.0,0.0,0.0,0.0,0.0,0.0,0.0,0.0,0.0,0.0,0.0,0.0,0.0
2015-12-02 18:00:00,0.0,0.0,0.0,0.0,0.0,0.0,0.0,0.0,0.0,0.0,0.0,0.0,0.0,0.0,0.0,0.0,0.0
2015-12-02 19:00:00,0.0,0.0,0.0,0.0,0.0,0.0,0.0,0.0,0.0,0.0,0.0,0.0,0.0,0.0,0.0,0.0,0.0
2015-12-02 20:00:00,0.0,0.0,0.0,0.0,0.0,0.0,0.0,0.0,0.0,0.0,0.0,0.0,0.0,0.0,0.0,0.0,0.0
2015-12-02 21:00:00,0.0,0.0,0.0,0.0,0.0,0.0,0.0,0.0,0.0,0.0,0.0,0.0,0.0,0.0,0.0,0.0,0.0
2015-12-02 22:00:00,0.0,0.0,0.0,0.0,0.0,0.0,0.0,0.0,0.0,0.0,0.0,0.0,0.0,0.0,0.0,0.0,0.0
2015-12-02 23:00:00,0.0,0.0,0.0,0.0,0.0,0.0,0.0,0.0,0.0,0.0,0.0,0.0,0.0,0.0,0.0,0.0,0.0
2015-12-03 00:00:00,0.0,0.0,0.0,0.0,0.0,0.0,0.0,0.0,0.0,0.0,0.0,0.0,0.0,0.0,0.0,0.0,0.0
2015-12-03 01:00:00,0.0,0.0,0.0,0.0,0.0,0.0,0.0,0.0,0.0,0.0,0.0,0.0,0.0,0.0,0.0,0.0,0.0
2015-12-03 02:00:00,0.0,0.0,0.0,0.0,0.0,0.0,0.0,0.0,0.0,0.0,0.0,0.0,0.0,0.0,0.0,0.0,0.0
2015-12-03 03:00:00,0.0,0.0,0.0,0.0,0.0,0.0,0.0,0.0,0.0,0.0,0.0,0.0,0.0,0.0,0.0,0.0,0.0
2015-12-03 04:00:00,0.0,0.0,0.0,0.0,0.0,0.0,0.0,0.0,0.0,0.0,0.0,0.0,0.0,0.0,0.0,0.0,0.0
2015-12-03 05:00:00,0.0,0.0,0.0,0.0,0.0,0.0,0.0,0.0,0.0,0.0,0.0,0.0,0.0,0.0,0.0,0.0,0.0
2015-12-03 06:00:00,0.0,0.0,0.0,0.0,0.0,0.0,0.0,0.0,0.0,0.0,0.0,0.0,0.0,0.0,0.0,0.0,0.0
2015-12-03 07:00:00,0.0,0.0,0.0,0.0,0.0,0.0,0.0,0.0,0.0,0.0,0.0,0.0,0.0,0.0,0.0,0.0,0.0
2015-12-03 08:00:00,0.007,0.008,0.007,0.013,0.004,0.01,0.015,0.011,0.007,0.01,0.01,0.0,0.009,0.016,0.007,0.006,0.0
2015-12-03 09:00:00,0.022,0.029,0.018,0.029,0.026,0.03,0.037,0.026,0.027,0.024,0.027,0.003,0.031,0.029,0.016,0.023,0.006
2015-12-03 10:00:00,0.035,0.049,0.018,0.045,0.046,0.056,0.051,0.047,0.049,0.046,0.042,0.007,0.04,0.057,0.016,0.035,0.013
2015-12-03 11:00:00,0.053,0.082,0.018,0.049,0.086,0.101,0.074,0.078,0.069,0.087,0.061,0.014,0.07,0.087,0.015,0.046,0.021
2015-12-03 12:00:00,0.072,0.142,0.013,0.046,0.149,0.136,0.1,0.079,0.13,0.114,0.058,0.016,0.105,0.11,0.007,0.055,0.045
2015-12-03 13:00:00,0.077,0.168,0.009,0.041,0.202,0.102,0.124,0.055,0.13,0.123,0.027,0.007,0.11,0.127,0.007,0.057,0.061
2015-12-03 14:00:00,0.059,0.145,0.003,0.018,0.15,0.061,0.155,0.029,0.097,0.074,0.003,0.0,0.098,0.107,0.0,0.059,0.042
2015-12-03 15:00:00,0.018,0.077,0.0,0.0,0.089,0.0,0.004,0.0,0.063,0.0,0.0,0.0,0.015,0.0,0.0,0.008,0.009
2015-12-03 16:00:00,0.0,0.0,0.0,0.0,0.0,0.0,0.0,0.0,0.0,0.0,0.0,0.0,0.0,0.0,0.0,0.0,0.0
2015-12-03 17:00:00,0.0,0.0,0.0,0.0,0.0,0.0,0.0,0.0,0.0,0.0,0.0,0.0,0.0,0.0,0.0,0.0,0.0
2015-12-03 18:00:00,0.0,0.0,0.0,0.0,0.0,0.0,0.0,0.0,0.0,0.0,0.0,0.0,0.0,0.0,0.0,0.0,0.0
2015-12-03 19:00:00,0.0,0.0,0.0,0.0,0.0,0.0,0.0,0.0,0.0,0.0,0.0,0.0,0.0,0.0,0.0,0.0,0.0
2015-12-03 20:00:00,0.0,0.0,0.0,0.0,0.0,0.0,0.0,0.0,0.0,0.0,0.0,0.0,0.0,0.0,0.0,0.0,0.0
2015-12-03 21:00:00,0.0,0.0,0.0,0.0,0.0,0.0,0.0,0.0,0.0,0.0,0.0,0.0,0.0,0.0,0.0,0.0,0.0
2015-12-03 22:00:00,0.0,0.0,0.0,0.0,0.0,0.0,0.0,0.0,0.0,0.0,0.0,0.0,0.0,0.0,0.0,0.0,0.0
2015-12-03 23:00:00,0.0,0.0,0.0,0.0,0.0,0.0,0.0,0.0,0.0,0.0,0.0,0.0,0.0,0.0,0.0,0.0,0.0
2015-12-04 00:00:00,0.0,0.0,0.0,0.0,0.0,0.0,0.0,0.0,0.0,0.0,0.0,0.0,0.0,0.0,0.0,0.0,0.0
2015-12-04 01:00:00,0.0,0.0,0.0,0.0,0.0,0.0,0.0,0.0,0.0,0.0,0.0,0.0,0.0,0.0,0.0,0.0,0.0
2015-12-04 02:00:00,0.0,0.0,0.0,0.0,0.0,0.0,0.0,0.0,0.0,0.0,0.0,0.0,0.0,0.0,0.0,0.0,0.0
2015-12-04 03:00:00,0.0,0.0,0.0,0.0,0.0,0.0,0.0,0.0,0.0,0.0,0.0,0.0,0.0,0.0,0.0,0.0,0.0
2015-12-04 04:00:00,0.0,0.0,0.0,0.0,0.0,0.0,0.0,0.0,0.0,0.0,0.0,0.0,0.0,0.0,0.0,0.0,0.0
2015-12-04 05:00:00,0.0,0.0,0.0,0.0,0.0,0.0,0.0,0.0,0.0,0.0,0.0,0.0,0.0,0.0,0.0,0.0,0.0
2015-12-04 06:00:00,0.0,0.0,0.0,0.0,0.0,0.0,0.0,0.0,0.0,0.0,0.0,0.0,0.0,0.0,0.0,0.0,0.0
2015-12-04 07:00:00,0.0,0.0,0.0,0.001,0.0,0.0,0.0,0.0,0.0,0.003,0.0,0.0,0.0,0.0,0.0,0.0,0.0
2015-12-04 08:00:00,0.017,0.016,0.015,0.036,0.011,0.025,0.032,0.025,0.015,0.035,0.016,0.008,0.023,0.031,0.015,0.015,0.005
2015-12-04 09:00:00,0.047,0.046,0.048,0.069,0.043,0.052,0.057,0.059,0.033,0.074,0.05,0.036,0.045,0.067,0.051,0.043,0.033
2015-12-04 10:00:00,0.073,0.073,0.071,0.101,0.068,0.074,0.096,0.085,0.064,0.108,0.081,0.059,0.073,0.098,0.075,0.07,0.049
2015-12-04 11:00:00,0.099,0.124,0.09,0.147,0.086,0.12,0.183,0.127,0.098,0.167,0.091,0.07,0.112,0.162,0.089,0.096,0.029
2015-12-04 12:00:00,0.104,0.169,0.095,0.159,0.054,0.123,0.243,0.123,0.16,0.187,0.087,0.045,0.165,0.188,0.087,0.112,0.008
2015-12-04 13:00:00,0.08,0.157,0.058,0.125,0.016,0.121,0.217,0.093,0.172,0.165,0.056,0.017,0.134,0.171,0.057,0.08,0.008
2015-12-04 14:00:00,0.041,0.074,0.011,0.053,0.004,0.081,0.148,0.037,0.151,0.11,0.022,0.002,0.089,0.125,0.011,0.034,0.029
2015-12-04 15:00:00,0.002,0.009,0.0,0.0,0.0,0.0,0.003,0.0,0.056,0.0,0.0,0.0,0.008,0.0,0.0,0.0,0.002
2015-12-04 16:00:00,0.0,0.0,0.0,0.0,0.0,0.0,0.0,0.0,0.0,0.0,0.0,0.0,0.0,0.0,0.0,0.0,0.0
2015-12-04 17:00:00,0.0,0.0,0.0,0.0,0.0,0.0,0.0,0.0,0.0,0.0,0.0,0.0,0.0,0.0,0.0,0.0,0.0
2015-12-04 18:00:00,0.0,0.0,0.0,0.0,0.0,0.0,0.0,0.0,0.0,0.0,0.0,0.0,0.0,0.0,0.0,0.0,0.0
2015-12-04 19:00:00,0.0,0.0,0.0,0.0,0.0,0.0,0.0,0.0,0.0,0.0,0.0,0.0,0.0,0.0,0.0,0.0,0.0
2015-12-04 20:00:00,0.0,0.0,0.0,0.0,0.0,0.0,0.0,0.0,0.0,0.0,0.0,0.0,0.0,0.0,0.0,0.0,0.0
2015-12-04 21:00:00,0.0,0.0,0.0,0.0,0.0,0.0,0.0,0.0,0.0,0.0,0.0,0.0,0.0,0.0,0.0,0.0,0.0
2015-12-04 22:00:00,0.0,0.0,0.0,0.0,0.0,0.0,0.0,0.0,0.0,0.0,0.0,0.0,0.0,0.0,0.0,0.0,0.0
2015-12-04 23:00:00,0.0,0.0,0.0,0.0,0.0,0.0,0.0,0.0,0.0,0.0,0.0,0.0,0.0,0.0,0.0,0.0,0.0
2015-12-05 00:00:00,0.0,0.0,0.0,0.0,0.0,0.0,0.0,0.0,0.0,0.0,0.0,0.0,0.0,0.0,0.0,0.0,0.0
2015-12-05 01:00:00,0.0,0.0,0.0,0.0,0.0,0.0,0.0,0.0,0.0,0.0,0.0,0.0,0.0,0.0,0.0,0.0,0.0
2015-12-05 02:00:00,0.0,0.0,0.0,0.0,0.0,0.0,0.0,0.0,0.0,0.0,0.0,0.0,0.0,0.0,0.0,0.0,0.0
2015-12-05 03:00:00,0.0,0.0,0.0,0.0,0.0,0.0,0.0,0.0,0.0,0.0,0.0,0.0,0.0,0.0,0.0,0.0,0.0
2015-12-05 04:00:00,0.0,0.0,0.0,0.0,0.0,0.0,0.0,0.0,0.0,0.0,0.0,0.0,0.0,0.0,0.0,0.0,0.0
2015-12-05 05:00:00,0.0,0.0,0.0,0.0,0.0,0.0,0.0,0.0,0.0,0.0,0.0,0.0,0.0,0.0,0.0,0.0,0.0
2015-12-05 06:00:00,0.0,0.0,0.0,0.0,0.0,0.0,0.0,0.0,0.0,0.0,0.0,0.0,0.0,0.0,0.0,0.0,0.0
2015-12-05 07:00:00,0.0,0.0,0.0,0.0,0.0,0.0,0.0,0.0,0.0,0.001,0.0,0.0,0.0,0.0,0.0,0.0,0.0
2015-12-05 08:00:00,0.011,0.012,0.01,0.018,0.008,0.015,0.02,0.012,0.016,0.024,0.01,0.008,0.018,0.02,0.01,0.011,0.005
2015-12-05 09:00:00,0.034,0.037,0.036,0.033,0.031,0.034,0.048,0.03,0.037,0.045,0.031,0.033,0.037,0.038,0.033,0.034,0.031
2015-12-05 10:00:00,0.057,0.054,0.053,0.072,0.052,0.064,0.087,0.055,0.064,0.084,0.048,0.05,0.073,0.081,0.047,0.051,0.058
2015-12-05 11:00:00,0.12,0.119,0.12,0.14,0.117,0.156,0.182,0.13,0.131,0.147,0.074,0.086,0.16,0.173,0.093,0.13,0.092
2015-12-05 12:00:00,0.152,0.165,0.155,0.199,0.171,0.199,0.243,0.181,0.173,0.188,0.072,0.071,0.188,0.227,0.089,0.172,0.091
2015-12-05 13:00:00,0.146,0.198,0.131,0.205,0.135,0.23,0.244,0.199,0.213,0.216,0.102,0.043,0.185,0.244,0.076,0.152,0.068
2015-12-05 14:00:00,0.072,0.118,0.033,0.125,0.055,0.136,0.173,0.108,0.17,0.121,0.051,0.021,0.141,0.15,0.016,0.053,0.037
2015-12-05 15:00:00,0.003,0.019,0.0,0.0,0.007,0.0,0.0,0.0,0.044,0.0,0.0,0.0,0.008,0.0,0.0,0.0,0.0
2015-12-05 16:00:00,0.0,0.0,0.0,0.0,0.0,0.0,0.0,0.0,0.0,0.0,0.0,0.0,0.0,0.0,0.0,0.0,0.0
2015-12-05 17:00:00,0.0,0.0,0.0,0.0,0.0,0.0,0.0,0.0,0.0,0.0,0.0,0.0,0.0,0.0,0.0,0.0,0.0
2015-12-05 18:00:00,0.0,0.0,0.0,0.0,0.0,0.0,0.0,0.0,0.0,0.0,0.0,0.0,0.0,0.0,0.0,0.0,0.0
2015-12-05 19:00:00,0.0,0.0,0.0,0.0,0.0,0.0,0.0,0.0,0.0,0.0,0.0,0.0,0.0,0.0,0.0,0.0,0.0
2015-12-05 20:00:00,0.0,0.0,0.0,0.0,0.0,0.0,0.0,0.0,0.0,0.0,0.0,0.0,0.0,0.0,0.0,0.0,0.0
2015-12-05 21:00:00,0.0,0.0,0.0,0.0,0.0,0.0,0.0,0.0,0.0,0.0,0.0,0.0,0.0,0.0,0.0,0.0,0.0
2015-12-05 22:00:00,0.0,0.0,0.0,0.0,0.0,0.0,0.0,0.0,0.0,0.0,0.0,0.0,0.0,0.0,0.0,0.0,0.0
2015-12-05 23:00:00,0.0,0.0,0.0,0.0,0.0,0.0,0.0,0.0,0.0,0.0,0.0,0.0,0.0,0.0,0.0,0.0,0.0
2015-12-06 00:00:00,0.0,0.0,0.0,0.0,0.0,0.0,0.0,0.0,0.0,0.0,0.0,0.0,0.0,0.0,0.0,0.0,0.0
2015-12-06 01:00:00,0.0,0.0,0.0,0.0,0.0,0.0,0.0,0.0,0.0,0.0,0.0,0.0,0.0,0.0,0.0,0.0,0.0
2015-12-06 02:00:00,0.0,0.0,0.0,0.0,0.0,0.0,0.0,0.0,0.0,0.0,0.0,0.0,0.0,0.0,0.0,0.0,0.0
2015-12-06 03:00:00,0.0,0.0,0.0,0.0,0.0,0.0,0.0,0.0,0.0,0.0,0.0,0.0,0.0,0.0,0.0,0.0,0.0
2015-12-06 04:00:00,0.0,0.0,0.0,0.0,0.0,0.0,0.0,0.0,0.0,0.0,0.0,0.0,0.0,0.0,0.0,0.0,0.0
2015-12-06 05:00:00,0.0,0.0,0.0,0.0,0.0,0.0,0.0,0.0,0.0,0.0,0.0,0.0,0.0,0.0,0.0,0.0,0.0
2015-12-06 06:00:00,0.0,0.0,0.0,0.0,0.0,0.0,0.0,0.0,0.0,0.0,0.0,0.0,0.0,0.0,0.0,0.0,0.0
2015-12-06 07:00:00,0.0,0.0,0.0,0.001,0.0,0.0,0.0,0.0,0.0,0.001,0.0,0.0,0.0,0.0,0.0,0.0,0.0
2015-12-06 08:00:00,0.012,0.012,0.01,0.025,0.007,0.016,0.025,0.016,0.015,0.028,0.015,0.005,0.016,0.022,0.013,0.01,0.004
2015-12-06 09:00:00,0.033,0.04,0.028,0.046,0.027,0.039,0.049,0.038,0.042,0.052,0.033,0.025,0.04,0.041,0.029,0.029,0.023
2015-12-06 10:00:00,0.05,0.053,0.039,0.08,0.038,0.061,0.081,0.061,0.059,0.092,0.064,0.035,0.065,0.077,0.047,0.041,0.034
2015-12-06 11:00:00,0.127,0.135,0.13,0.129,0.117,0.138,0.175,0.14,0.123,0.134,0.143,0.105,0.134,0.147,0.131,0.127,0.099
2015-12-06 12:00:00,0.195,0.21,0.193,0.195,0.195,0.205,0.228,0.209,0.178,0.2,0.207,0.167,0.179,0.219,0.196,0.2,0.168
2015-12-06 13:00:00,0.211,0.247,0.201,0.187,0.225,0.225,0.259,0.199,0.229,0.177,0.197,0.173,0.228,0.22,0.177,0.231,0.188
2015-12-06 14:00:00,0.144,0.191,0.137,0.147,0.175,0.146,0.172,0.145,0.156,0.14,0.116,0.125,0.127,0.149,0.119,0.151,0.105
2015-12-06 15:00:00,0.016,0.095,0.0,0.0,0.079,0.0,0.0,0.0,0.045,0.0,0.0,0.0,0.01,0.0,0.0,0.001,0.002
2015-12-06 16:00:00,0.0,0.0,0.0,0.0,0.0,0.0,0.0,0.0,0.0,0.0,0.0,0.0,0.0,0.0,0.0,0.0,0.0
2015-12-06 17:00:00,0.0,0.0,0.0,0.0,0.0,0.0,0.0,0.0,0.0,0.0,0.0,0.0,0.0,0.0,0.0,0.0,0.0
2015-12-06 18:00:00,0.0,0.0,0.0,0.0,0.0,0.0,0.0,0.0,0.0,0.0,0.0,0.0,0.0,0.0,0.0,0.0,0.0
2015-12-06 19:00:00,0.0,0.0,0.0,0.0,0.0,0.0,0.0,0.0,0.0,0.0,0.0,0.0,0.0,0.0,0.0,0.0,0.0
2015-12-06 20:00:00,0.0,0.0,0.0,0.0,0.0,0.0,0.0,0.0,0.0,0.0,0.0,0.0,0.0,0.0,0.0,0.0,0.0
2015-12-06 21:00:00,0.0,0.0,0.0,0.0,0.0,0.0,0.0,0.0,0.0,0.0,0.0,0.0,0.0,0.0,0.0,0.0,0.0
2015-12-06 22:00:00,0.0,0.0,0.0,0.0,0.0,0.0,0.0,0.0,0.0,0.0,0.0,0.0,0.0,0.0,0.0,0.0,0.0
2015-12-06 23:00:00,0.0,0.0,0.0,0.0,0.0,0.0,0.0,0.0,0.0,0.0,0.0,0.0,0.0,0.0,0.0,0.0,0.0
2015-12-07 00:00:00,0.0,0.0,0.0,0.0,0.0,0.0,0.0,0.0,0.0,0.0,0.0,0.0,0.0,0.0,0.0,0.0,0.0
2015-12-07 01:00:00,0.0,0.0,0.0,0.0,0.0,0.0,0.0,0.0,0.0,0.0,0.0,0.0,0.0,0.0,0.0,0.0,0.0
2015-12-07 02:00:00,0.0,0.0,0.0,0.0,0.0,0.0,0.0,0.0,0.0,0.0,0.0,0.0,0.0,0.0,0.0,0.0,0.0
2015-12-07 03:00:00,0.0,0.0,0.0,0.0,0.0,0.0,0.0,0.0,0.0,0.0,0.0,0.0,0.0,0.0,0.0,0.0,0.0
2015-12-07 04:00:00,0.0,0.0,0.0,0.0,0.0,0.0,0.0,0.0,0.0,0.0,0.0,0.0,0.0,0.0,0.0,0.0,0.0
2015-12-07 05:00:00,0.0,0.0,0.0,0.0,0.0,0.0,0.0,0.0,0.0,0.0,0.0,0.0,0.0,0.0,0.0,0.0,0.0
2015-12-07 06:00:00,0.0,0.0,0.0,0.0,0.0,0.0,0.0,0.0,0.0,0.0,0.0,0.0,0.0,0.0,0.0,0.0,0.0
2015-12-07 07:00:00,0.0,0.0,0.0,0.0,0.0,0.0,0.0,0.0,0.0,0.0,0.0,0.0,0.0,0.0,0.0,0.0,0.0
2015-12-07 08:00:00,0.005,0.0,0.004,0.008,0.0,0.004,0.014,0.008,0.001,0.008,0.014,0.006,0.004,0.004,0.01,0.002,0.002
2015-12-07 09:00:00,0.021,0.007,0.027,0.025,0.009,0.015,0.035,0.028,0.007,0.024,0.031,0.028,0.016,0.019,0.035,0.02,0.02
2015-12-07 10:00:00,0.034,0.018,0.043,0.037,0.019,0.029,0.052,0.041,0.014,0.037,0.054,0.034,0.022,0.028,0.049,0.033,0.033
2015-12-07 11:00:00,0.064,0.02,0.091,0.043,0.019,0.05,0.095,0.071,0.025,0.048,0.129,0.112,0.038,0.051,0.129,0.049,0.087
2015-12-07 12:00:00,0.091,0.017,0.148,0.058,0.023,0.055,0.122,0.118,0.025,0.041,0.183,0.181,0.032,0.042,0.19,0.061,0.145
2015-12-07 13:00:00,0.097,0.011,0.189,0.065,0.025,0.054,0.117,0.12,0.017,0.027,0.185,0.187,0.029,0.023,0.184,0.07,0.164
2015-12-07 14:00:00,0.061,0.004,0.137,0.032,0.011,0.038,0.061,0.084,0.003,0.008,0.119,0.111,0.008,0.009,0.117,0.045,0.11
2015-12-07 15:00:00,0.001,0.002,0.0,0.0,0.006,0.0,0.0,0.0,0.002,0.0,0.0,0.0,0.001,0.0,0.0,0.0,0.0
2015-12-07 16:00:00,0.0,0.0,0.0,0.0,0.0,0.0,0.0,0.0,0.0,0.0,0.0,0.0,0.0,0.0,0.0,0.0,0.0
2015-12-07 17:00:00,0.0,0.0,0.0,0.0,0.0,0.0,0.0,0.0,0.0,0.0,0.0,0.0,0.0,0.0,0.0,0.0,0.0
2015-12-07 18:00:00,0.0,0.0,0.0,0.0,0.0,0.0,0.0,0.0,0.0,0.0,0.0,0.0,0.0,0.0,0.0,0.0,0.0
2015-12-07 19:00:00,0.0,0.0,0.0,0.0,0.0,0.0,0.0,0.0,0.0,0.0,0.0,0.0,0.0,0.0,0.0,0.0,0.0
2015-12-07 20:00:00,0.0,0.0,0.0,0.0,0.0,0.0,0.0,0.0,0.0,0.0,0.0,0.0,0.0,0.0,0.0,0.0,0.0
2015-12-07 21:00:00,0.0,0.0,0.0,0.0,0.0,0.0,0.0,0.0,0.0,0.0,0.0,0.0,0.0,0.0,0.0,0.0,0.0
2015-12-07 22:00:00,0.0,0.0,0.0,0.0,0.0,0.0,0.0,0.0,0.0,0.0,0.0,0.0,0.0,0.0,0.0,0.0,0.0
2015-12-07 23:00:00,0.0,0.0,0.0,0.0,0.0,0.0,0.0,0.0,0.0,0.0,0.0,0.0,0.0,0.0,0.0,0.0,0.0
2015-12-08 00:00:00,0.0,0.0,0.0,0.0,0.0,0.0,0.0,0.0,0.0,0.0,0.0,0.0,0.0,0.0,0.0,0.0,0.0
2015-12-08 01:00:00,0.0,0.0,0.0,0.0,0.0,0.0,0.0,0.0,0.0,0.0,0.0,0.0,0.0,0.0,0.0,0.0,0.0
2015-12-08 02:00:00,0.0,0.0,0.0,0.0,0.0,0.0,0.0,0.0,0.0,0.0,0.0,0.0,0.0,0.0,0.0,0.0,0.0
2015-12-08 03:00:00,0.0,0.0,0.0,0.0,0.0,0.0,0.0,0.0,0.0,0.0,0.0,0.0,0.0,0.0,0.0,0.0,0.0
2015-12-08 04:00:00,0.0,0.0,0.0,0.0,0.0,0.0,0.0,0.0,0.0,0.0,0.0,0.0,0.0,0.0,0.0,0.0,0.0
2015-12-08 05:00:00,0.0,0.0,0.0,0.0,0.0,0.0,0.0,0.0,0.0,0.0,0.0,0.0,0.0,0.0,0.0,0.0,0.0
2015-12-08 06:00:00,0.0,0.0,0.0,0.0,0.0,0.0,0.0,0.0,0.0,0.0,0.0,0.0,0.0,0.0,0.0,0.0,0.0
2015-12-08 07:00:00,0.0,0.0,0.0,0.0,0.0,0.0,0.0,0.0,0.0,0.0,0.0,0.0,0.0,0.0,0.0,0.0,0.0
2015-12-08 08:00:00,0.007,0.009,0.005,0.021,0.005,0.007,0.007,0.014,0.01,0.014,0.01,0.004,0.003,0.01,0.006,0.004,0.002
2015-12-08 09:00:00,0.027,0.031,0.025,0.046,0.025,0.021,0.021,0.037,0.032,0.035,0.033,0.028,0.013,0.022,0.027,0.022,0.022
2015-12-08 10:00:00,0.044,0.05,0.041,0.068,0.048,0.031,0.035,0.053,0.044,0.047,0.053,0.048,0.023,0.029,0.048,0.035,0.043
2015-12-08 11:00:00,0.064,0.094,0.059,0.078,0.081,0.036,0.044,0.07,0.088,0.078,0.074,0.076,0.038,0.042,0.067,0.044,0.065
2015-12-08 12:00:00,0.076,0.128,0.05,0.08,0.132,0.032,0.053,0.066,0.116,0.075,0.074,0.105,0.047,0.033,0.081,0.048,0.076
2015-12-08 13:00:00,0.076,0.162,0.042,0.058,0.137,0.027,0.07,0.04,0.138,0.072,0.037,0.104,0.066,0.026,0.066,0.06,0.071
2015-12-08 14:00:00,0.046,0.138,0.018,0.02,0.132,0.01,0.037,0.012,0.094,0.04,0.008,0.047,0.03,0.011,0.03,0.03,0.038
2015-12-08 15:00:00,0.011,0.064,0.0,0.0,0.064,0.0,0.0,0.0,0.023,0.0,0.0,0.0,0.004,0.0,0.0,0.0,0.002
2015-12-08 16:00:00,0.0,0.0,0.0,0.0,0.0,0.0,0.0,0.0,0.0,0.0,0.0,0.0,0.0,0.0,0.0,0.0,0.0
2015-12-08 17:00:00,0.0,0.0,0.0,0.0,0.0,0.0,0.0,0.0,0.0,0.0,0.0,0.0,0.0,0.0,0.0,0.0,0.0
2015-12-08 18:00:00,0.0,0.0,0.0,0.0,0.0,0.0,0.0,0.0,0.0,0.0,0.0,0.0,0.0,0.0,0.0,0.0,0.0
2015-12-08 19:00:00,0.0,0.0,0.0,0.0,0.0,0.0,0.0,0.0,0.0,0.0,0.0,0.0,0.0,0.0,0.0,0.0,0.0
2015-12-08 20:00:00,0.0,0.0,0.0,0.0,0.0,0.0,0.0,0.0,0.0,0.0,0.0,0.0,0.0,0.0,0.0,0.0,0.0
2015-12-08 21:00:00,0.0,0.0,0.0,0.0,0.0,0.0,0.0,0.0,0.0,0.0,0.0,0.0,0.0,0.0,0.0,0.0,0.0
2015-12-08 22:00:00,0.0,0.0,0.0,0.0,0.0,0.0,0.0,0.0,0.0,0.0,0.0,0.0,0.0,0.0,0.0,0.0,0.0
2015-12-08 23:00:00,0.0,0.0,0.0,0.0,0.0,0.0,0.0,0.0,0.0,0.0,0.0,0.0,0.0,0.0,0.0,0.0,0.0
2015-12-09 00:00:00,0.0,0.0,0.0,0.0,0.0,0.0,0.0,0.0,0.0,0.0,0.0,0.0,0.0,0.0,0.0,0.0,0.0
2015-12-09 01:00:00,0.0,0.0,0.0,0.0,0.0,0.0,0.0,0.0,0.0,0.0,0.0,0.0,0.0,0.0,0.0,0.0,0.0
2015-12-09 02:00:00,0.0,0.0,0.0,0.0,0.0,0.0,0.0,0.0,0.0,0.0,0.0,0.0,0.0,0.0,0.0,0.0,0.0
2015-12-09 03:00:00,0.0,0.0,0.0,0.0,0.0,0.0,0.0,0.0,0.0,0.0,0.0,0.0,0.0,0.0,0.0,0.0,0.0
2015-12-09 04:00:00,0.0,0.0,0.0,0.0,0.0,0.0,0.0,0.0,0.0,0.0,0.0,0.0,0.0,0.0,0.0,0.0,0.0
2015-12-09 05:00:00,0.0,0.0,0.0,0.0,0.0,0.0,0.0,0.0,0.0,0.0,0.0,0.0,0.0,0.0,0.0,0.0,0.0
2015-12-09 06:00:00,0.0,0.0,0.0,0.0,0.0,0.0,0.0,0.0,0.0,0.0,0.0,0.0,0.0,0.0,0.0,0.0,0.0
2015-12-09 07:00:00,0.0,0.0,0.0,0.0,0.0,0.0,0.0,0.0,0.0,0.0,0.0,0.0,0.0,0.0,0.0,0.0,0.0
2015-12-09 08:00:00,0.008,0.012,0.006,0.016,0.006,0.006,0.014,0.005,0.011,0.018,0.011,0.003,0.008,0.008,0.002,0.009,0.001
2015-12-09 09:00:00,0.03,0.044,0.035,0.037,0.023,0.027,0.044,0.021,0.045,0.041,0.028,0.021,0.034,0.023,0.013,0.042,0.009
2015-12-09 10:00:00,0.039,0.058,0.052,0.049,0.019,0.038,0.057,0.029,0.071,0.043,0.042,0.028,0.037,0.029,0.018,0.058,0.01
2015-12-09 11:00:00,0.044,0.06,0.057,0.036,0.013,0.04,0.08,0.025,0.103,0.04,0.042,0.027,0.061,0.025,0.02,0.076,0.01
2015-12-09 12:00:00,0.039,0.033,0.056,0.038,0.01,0.053,0.055,0.03,0.11,0.037,0.042,0.022,0.056,0.03,0.029,0.056,0.02
2015-12-09 13:00:00,0.02,0.012,0.022,0.019,0.013,0.03,0.036,0.015,0.061,0.018,0.02,0.012,0.042,0.016,0.014,0.02,0.028
2015-12-09 14:00:00,0.009,0.002,0.002,0.004,0.016,0.009,0.012,0.003,0.021,0.005,0.004,0.002,0.021,0.004,0.002,0.004,0.038
2015-12-09 15:00:00,0.0,0.0,0.0,0.0,0.004,0.0,0.0,0.0,0.0,0.0,0.0,0.0,0.0,0.0,0.0,0.0,0.0
2015-12-09 16:00:00,0.0,0.0,0.0,0.0,0.0,0.0,0.0,0.0,0.0,0.0,0.0,0.0,0.0,0.0,0.0,0.0,0.0
2015-12-09 17:00:00,0.0,0.0,0.0,0.0,0.0,0.0,0.0,0.0,0.0,0.0,0.0,0.0,0.0,0.0,0.0,0.0,0.0
2015-12-09 18:00:00,0.0,0.0,0.0,0.0,0.0,0.0,0.0,0.0,0.0,0.0,0.0,0.0,0.0,0.0,0.0,0.0,0.0
2015-12-09 19:00:00,0.0,0.0,0.0,0.0,0.0,0.0,0.0,0.0,0.0,0.0,0.0,0.0,0.0,0.0,0.0,0.0,0.0
2015-12-09 20:00:00,0.0,0.0,0.0,0.0,0.0,0.0,0.0,0.0,0.0,0.0,0.0,0.0,0.0,0.0,0.0,0.0,0.0
2015-12-09 21:00:00,0.0,0.0,0.0,0.0,0.0,0.0,0.0,0.0,0.0,0.0,0.0,0.0,0.0,0.0,0.0,0.0,0.0
2015-12-09 22:00:00,0.0,0.0,0.0,0.0,0.0,0.0,0.0,0.0,0.0,0.0,0.0,0.0,0.0,0.0,0.0,0.0,0.0
2015-12-09 23:00:00,0.0,0.0,0.0,0.0,0.0,0.0,0.0,0.0,0.0,0.0,0.0,0.0,0.0,0.0,0.0,0.0,0.0
2015-12-10 00:00:00,0.0,0.0,0.0,0.0,0.0,0.0,0.0,0.0,0.0,0.0,0.0,0.0,0.0,0.0,0.0,0.0,0.0
2015-12-10 01:00:00,0.0,0.0,0.0,0.0,0.0,0.0,0.0,0.0,0.0,0.0,0.0,0.0,0.0,0.0,0.0,0.0,0.0
2015-12-10 02:00:00,0.0,0.0,0.0,0.0,0.0,0.0,0.0,0.0,0.0,0.0,0.0,0.0,0.0,0.0,0.0,0.0,0.0
2015-12-10 03:00:00,0.0,0.0,0.0,0.0,0.0,0.0,0.0,0.0,0.0,0.0,0.0,0.0,0.0,0.0,0.0,0.0,0.0
2015-12-10 04:00:00,0.0,0.0,0.0,0.0,0.0,0.0,0.0,0.0,0.0,0.0,0.0,0.0,0.0,0.0,0.0,0.0,0.0
2015-12-10 05:00:00,0.0,0.0,0.0,0.0,0.0,0.0,0.0,0.0,0.0,0.0,0.0,0.0,0.0,0.0,0.0,0.0,0.0
2015-12-10 06:00:00,0.0,0.0,0.0,0.0,0.0,0.0,0.0,0.0,0.0,0.0,0.0,0.0,0.0,0.0,0.0,0.0,0.0
2015-12-10 07:00:00,0.0,0.0,0.0,0.0,0.0,0.0,0.0,0.0,0.0,0.0,0.0,0.0,0.0,0.0,0.0,0.0,0.0
2015-12-10 08:00:00,0.007,0.008,0.007,0.009,0.005,0.009,0.005,0.011,0.009,0.004,0.012,0.005,0.006,0.009,0.008,0.007,0.004
2015-12-10 09:00:00,0.029,0.033,0.028,0.026,0.027,0.031,0.025,0.031,0.036,0.011,0.031,0.03,0.032,0.025,0.026,0.029,0.03
2015-12-10 10:00:00,0.045,0.048,0.041,0.044,0.04,0.059,0.036,0.054,0.059,0.031,0.056,0.046,0.053,0.057,0.045,0.041,0.046
2015-12-10 11:00:00,0.109,0.132,0.12,0.061,0.12,0.108,0.089,0.106,0.116,0.039,0.105,0.1,0.111,0.084,0.111,0.125,0.098
2015-12-10 12:00:00,0.161,0.214,0.18,0.061,0.199,0.138,0.067,0.147,0.172,0.035,0.149,0.137,0.099,0.073,0.176,0.197,0.156
2015-12-10 13:00:00,0.17,0.244,0.187,0.052,0.221,0.163,0.065,0.134,0.172,0.026,0.155,0.126,0.095,0.061,0.167,0.218,0.174
2015-12-10 14:00:00,0.128,0.205,0.135,0.03,0.168,0.119,0.045,0.098,0.165,0.009,0.11,0.08,0.107,0.031,0.101,0.168,0.14
2015-12-10 15:00:00,0.014,0.093,0.0,0.0,0.072,0.0,0.0,0.0,0.039,0.0,0.0,0.0,0.005,0.0,0.0,0.0,0.001
2015-12-10 16:00:00,0.0,0.0,0.0,0.0,0.0,0.0,0.0,0.0,0.0,0.0,0.0,0.0,0.0,0.0,0.0,0.0,0.0
2015-12-10 17:00:00,0.0,0.0,0.0,0.0,0.0,0.0,0.0,0.0,0.0,0.0,0.0,0.0,0.0,0.0,0.0,0.0,0.0
2015-12-10 18:00:00,0.0,0.0,0.0,0.0,0.0,0.0,0.0,0.0,0.0,0.0,0.0,0.0,0.0,0.0,0.0,0.0,0.0
2015-12-10 19:00:00,0.0,0.0,0.0,0.0,0.0,0.0,0.0,0.0,0.0,0.0,0.0,0.0,0.0,0.0,0.0,0.0,0.0
2015-12-10 20:00:00,0.0,0.0,0.0,0.0,0.0,0.0,0.0,0.0,0.0,0.0,0.0,0.0,0.0,0.0,0.0,0.0,0.0
2015-12-10 21:00:00,0.0,0.0,0.0,0.0,0.0,0.0,0.0,0.0,0.0,0.0,0.0,0.0,0.0,0.0,0.0,0.0,0.0
2015-12-10 22:00:00,0.0,0.0,0.0,0.0,0.0,0.0,0.0,0.0,0.0,0.0,0.0,0.0,0.0,0.0,0.0,0.0,0.0
2015-12-10 23:00:00,0.0,0.0,0.0,0.0,0.0,0.0,0.0,0.0,0.0,0.0,0.0,0.0,0.0,0.0,0.0,0.0,0.0
2015-12-11 00:00:00,0.0,0.0,0.0,0.0,0.0,0.0,0.0,0.0,0.0,0.0,0.0,0.0,0.0,0.0,0.0,0.0,0.0
2015-12-11 01:00:00,0.0,0.0,0.0,0.0,0.0,0.0,0.0,0.0,0.0,0.0,0.0,0.0,0.0,0.0,0.0,0.0,0.0
2015-12-11 02:00:00,0.0,0.0,0.0,0.0,0.0,0.0,0.0,0.0,0.0,0.0,0.0,0.0,0.0,0.0,0.0,0.0,0.0
2015-12-11 03:00:00,0.0,0.0,0.0,0.0,0.0,0.0,0.0,0.0,0.0,0.0,0.0,0.0,0.0,0.0,0.0,0.0,0.0
2015-12-11 04:00:00,0.0,0.0,0.0,0.0,0.0,0.0,0.0,0.0,0.0,0.0,0.0,0.0,0.0,0.0,0.0,0.0,0.0
2015-12-11 05:00:00,0.0,0.0,0.0,0.0,0.0,0.0,0.0,0.0,0.0,0.0,0.0,0.0,0.0,0.0,0.0,0.0,0.0
2015-12-11 06:00:00,0.0,0.0,0.0,0.0,0.0,0.0,0.0,0.0,0.0,0.0,0.0,0.0,0.0,0.0,0.0,0.0,0.0
2015-12-11 07:00:00,0.0,0.0,0.0,0.0,0.0,0.0,0.0,0.0,0.0,0.0,0.0,0.0,0.0,0.0,0.0,0.0,0.0
2015-12-11 08:00:00,0.011,0.012,0.01,0.019,0.008,0.014,0.02,0.014,0.013,0.024,0.015,0.003,0.016,0.018,0.012,0.011,0.001
2015-12-11 09:00:00,0.033,0.041,0.04,0.036,0.036,0.033,0.04,0.034,0.036,0.043,0.036,0.012,0.036,0.036,0.036,0.039,0.004
2015-12-11 10:00:00,0.053,0.06,0.062,0.08,0.046,0.06,0.078,0.063,0.059,0.09,0.06,0.021,0.063,0.073,0.055,0.059,0.006
2015-12-11 11:00:00,0.094,0.125,0.071,0.18,0.046,0.145,0.177,0.142,0.146,0.178,0.141,0.017,0.157,0.18,0.064,0.09,0.006
2015-12-11 12:00:00,0.108,0.18,0.054,0.235,0.037,0.189,0.258,0.168,0.216,0.205,0.147,0.015,0.232,0.249,0.048,0.089,0.011
2015-12-11 13:00:00,0.088,0.125,0.024,0.221,0.018,0.18,0.28,0.126,0.224,0.199,0.088,0.007,0.247,0.246,0.022,0.065,0.012
2015-12-11 14:00:00,0.041,0.045,0.004,0.121,0.008,0.109,0.198,0.064,0.119,0.116,0.018,0.002,0.166,0.171,0.003,0.015,0.007
2015-12-11 15:00:00,0.001,0.005,0.0,0.0,0.0,0.0,0.0,0.0,0.011,0.0,0.0,0.0,0.004,0.0,0.0,0.0,0.0
2015-12-11 16:00:00,0.0,0.0,0.0,0.0,0.0,0.0,0.0,0.0,0.0,0.0,0.0,0.0,0.0,0.0,0.0,0.0,0.0
2015-12-11 17:00:00,0.0,0.0,0.0,0.0,0.0,0.0,0.0,0.0,0.0,0.0,0.0,0.0,0.0,0.0,0.0,0.0,0.0
2015-12-11 18:00:00,0.0,0.0,0.0,0.0,0.0,0.0,0.0,0.0,0.0,0.0,0.0,0.0,0.0,0.0,0.0,0.0,0.0
2015-12-11 19:00:00,0.0,0.0,0.0,0.0,0.0,0.0,0.0,0.0,0.0,0.0,0.0,0.0,0.0,0.0,0.0,0.0,0.0
2015-12-11 20:00:00,0.0,0.0,0.0,0.0,0.0,0.0,0.0,0.0,0.0,0.0,0.0,0.0,0.0,0.0,0.0,0.0,0.0
2015-12-11 21:00:00,0.0,0.0,0.0,0.0,0.0,0.0,0.0,0.0,0.0,0.0,0.0,0.0,0.0,0.0,0.0,0.0,0.0
2015-12-11 22:00:00,0.0,0.0,0.0,0.0,0.0,0.0,0.0,0.0,0.0,0.0,0.0,0.0,0.0,0.0,0.0,0.0,0.0
2015-12-11 23:00:00,0.0,0.0,0.0,0.0,0.0,0.0,0.0,0.0,0.0,0.0,0.0,0.0,0.0,0.0,0.0,0.0,0.0
2015-12-12 00:00:00,0.0,0.0,0.0,0.0,0.0,0.0,0.0,0.0,0.0,0.0,0.0,0.0,0.0,0.0,0.0,0.0,0.0
2015-12-12 01:00:00,0.0,0.0,0.0,0.0,0.0,0.0,0.0,0.0,0.0,0.0,0.0,0.0,0.0,0.0,0.0,0.0,0.0
2015-12-12 02:00:00,0.0,0.0,0.0,0.0,0.0,0.0,0.0,0.0,0.0,0.0,0.0,0.0,0.0,0.0,0.0,0.0,0.0
2015-12-12 03:00:00,0.0,0.0,0.0,0.0,0.0,0.0,0.0,0.0,0.0,0.0,0.0,0.0,0.0,0.0,0.0,0.0,0.0
2015-12-12 04:00:00,0.0,0.0,0.0,0.0,0.0,0.0,0.0,0.0,0.0,0.0,0.0,0.0,0.0,0.0,0.0,0.0,0.0
2015-12-12 05:00:00,0.0,0.0,0.0,0.0,0.0,0.0,0.0,0.0,0.0,0.0,0.0,0.0,0.0,0.0,0.0,0.0,0.0
2015-12-12 06:00:00,0.0,0.0,0.0,0.0,0.0,0.0,0.0,0.0,0.0,0.0,0.0,0.0,0.0,0.0,0.0,0.0,0.0
2015-12-12 07:00:00,0.0,0.0,0.0,0.0,0.0,0.0,0.0,0.0,0.0,0.0,0.0,0.0,0.0,0.0,0.0,0.0,0.0
2015-12-12 08:00:00,0.005,0.007,0.005,0.006,0.004,0.008,0.009,0.008,0.008,0.004,0.007,0.003,0.007,0.006,0.005,0.005,0.001
2015-12-12 09:00:00,0.026,0.029,0.019,0.022,0.024,0.037,0.025,0.031,0.03,0.018,0.031,0.022,0.035,0.031,0.027,0.027,0.02
2015-12-12 10:00:00,0.043,0.042,0.036,0.048,0.038,0.056,0.053,0.052,0.055,0.04,0.046,0.037,0.055,0.062,0.037,0.045,0.035
2015-12-12 11:00:00,0.097,0.131,0.077,0.1,0.1,0.106,0.113,0.089,0.134,0.12,0.091,0.063,0.114,0.131,0.072,0.107,0.068
2015-12-12 12:00:00,0.138,0.209,0.116,0.17,0.13,0.166,0.175,0.106,0.215,0.154,0.087,0.094,0.195,0.183,0.083,0.154,0.094
2015-12-12 13:00:00,0.134,0.217,0.139,0.188,0.111,0.175,0.182,0.097,0.242,0.182,0.063,0.093,0.203,0.202,0.079,0.143,0.065
2015-12-12 14:00:00,0.076,0.152,0.079,0.114,0.057,0.125,0.146,0.06,0.191,0.135,0.026,0.051,0.152,0.137,0.034,0.055,0.042
2015-12-12 15:00:00,0.006,0.054,0.0,0.0,0.015,0.0,0.0,0.0,0.04,0.0,0.0,0.0,0.006,0.0,0.0,0.0,0.001
2015-12-12 16:00:00,0.0,0.0,0.0,0.0,0.0,0.0,0.0,0.0,0.0,0.0,0.0,0.0,0.0,0.0,0.0,0.0,0.0
2015-12-12 17:00:00,0.0,0.0,0.0,0.0,0.0,0.0,0.0,0.0,0.0,0.0,0.0,0.0,0.0,0.0,0.0,0.0,0.0
2015-12-12 18:00:00,0.0,0.0,0.0,0.0,0.0,0.0,0.0,0.0,0.0,0.0,0.0,0.0,0.0,0.0,0.0,0.0,0.0
2015-12-12 19:00:00,0.0,0.0,0.0,0.0,0.0,0.0,0.0,0.0,0.0,0.0,0.0,0.0,0.0,0.0,0.0,0.0,0.0
2015-12-12 20:00:00,0.0,0.0,0.0,0.0,0.0,0.0,0.0,0.0,0.0,0.0,0.0,0.0,0.0,0.0,0.0,0.0,0.0
2015-12-12 21:00:00,0.0,0.0,0.0,0.0,0.0,0.0,0.0,0.0,0.0,0.0,0.0,0.0,0.0,0.0,0.0,0.0,0.0
2015-12-12 22:00:00,0.0,0.0,0.0,0.0,0.0,0.0,0.0,0.0,0.0,0.0,0.0,0.0,0.0,0.0,0.0,0.0,0.0
2015-12-12 23:00:00,0.0,0.0,0.0,0.0,0.0,0.0,0.0,0.0,0.0,0.0,0.0,0.0,0.0,0.0,0.0,0.0,0.0
2015-12-13 00:00:00,0.0,0.0,0.0,0.0,0.0,0.0,0.0,0.0,0.0,0.0,0.0,0.0,0.0,0.0,0.0,0.0,0.0
2015-12-13 01:00:00,0.0,0.0,0.0,0.0,0.0,0.0,0.0,0.0,0.0,0.0,0.0,0.0,0.0,0.0,0.0,0.0,0.0
2015-12-13 02:00:00,0.0,0.0,0.0,0.0,0.0,0.0,0.0,0.0,0.0,0.0,0.0,0.0,0.0,0.0,0.0,0.0,0.0
2015-12-13 03:00:00,0.0,0.0,0.0,0.0,0.0,0.0,0.0,0.0,0.0,0.0,0.0,0.0,0.0,0.0,0.0,0.0,0.0
2015-12-13 04:00:00,0.0,0.0,0.0,0.0,0.0,0.0,0.0,0.0,0.0,0.0,0.0,0.0,0.0,0.0,0.0,0.0,0.0
2015-12-13 05:00:00,0.0,0.0,0.0,0.0,0.0,0.0,0.0,0.0,0.0,0.0,0.0,0.0,0.0,0.0,0.0,0.0,0.0
2015-12-13 06:00:00,0.0,0.0,0.0,0.0,0.0,0.0,0.0,0.0,0.0,0.0,0.0,0.0,0.0,0.0,0.0,0.0,0.0
2015-12-13 07:00:00,0.0,0.0,0.0,0.0,0.0,0.0,0.0,0.0,0.0,0.0,0.0,0.0,0.0,0.0,0.0,0.0,0.0
2015-12-13 08:00:00,0.001,0.001,0.0,0.004,0.0,0.0,0.013,0.002,0.001,0.009,0.005,0.0,0.004,0.001,0.002,0.0,0.0
2015-12-13 09:00:00,0.008,0.008,0.001,0.012,0.009,0.003,0.037,0.008,0.009,0.016,0.025,0.002,0.016,0.005,0.009,0.005,0.003
2015-12-13 10:00:00,0.016,0.024,0.011,0.014,0.019,0.005,0.058,0.006,0.017,0.023,0.03,0.004,0.021,0.013,0.012,0.017,0.01
2015-12-13 11:00:00,0.024,0.043,0.014,0.014,0.023,0.01,0.1,0.006,0.04,0.028,0.017,0.01,0.025,0.015,0.012,0.032,0.03
2015-12-13 12:00:00,0.033,0.057,0.019,0.009,0.04,0.029,0.121,0.008,0.062,0.024,0.007,0.015,0.05,0.008,0.005,0.04,0.053
2015-12-13 13:00:00,0.032,0.052,0.016,0.006,0.045,0.038,0.139,0.017,0.06,0.023,0.002,0.021,0.073,0.028,0.004,0.025,0.065
2015-12-13 14:00:00,0.028,0.042,0.016,0.004,0.036,0.027,0.039,0.018,0.025,0.01,0.001,0.016,0.042,0.03,0.001,0.037,0.053
2015-12-13 15:00:00,0.002,0.011,0.0,0.0,0.01,0.0,0.0,0.0,0.008,0.0,0.0,0.0,0.002,0.0,0.0,0.0,0.0
2015-12-13 16:00:00,0.0,0.0,0.0,0.0,0.0,0.0,0.0,0.0,0.0,0.0,0.0,0.0,0.0,0.0,0.0,0.0,0.0
2015-12-13 17:00:00,0.0,0.0,0.0,0.0,0.0,0.0,0.0,0.0,0.0,0.0,0.0,0.0,0.0,0.0,0.0,0.0,0.0
2015-12-13 18:00:00,0.0,0.0,0.0,0.0,0.0,0.0,0.0,0.0,0.0,0.0,0.0,0.0,0.0,0.0,0.0,0.0,0.0
2015-12-13 19:00:00,0.0,0.0,0.0,0.0,0.0,0.0,0.0,0.0,0.0,0.0,0.0,0.0,0.0,0.0,0.0,0.0,0.0
2015-12-13 20:00:00,0.0,0.0,0.0,0.0,0.0,0.0,0.0,0.0,0.0,0.0,0.0,0.0,0.0,0.0,0.0,0.0,0.0
2015-12-13 21:00:00,0.0,0.0,0.0,0.0,0.0,0.0,0.0,0.0,0.0,0.0,0.0,0.0,0.0,0.0,0.0,0.0,0.0
2015-12-13 22:00:00,0.0,0.0,0.0,0.0,0.0,0.0,0.0,0.0,0.0,0.0,0.0,0.0,0.0,0.0,0.0,0.0,0.0
2015-12-13 23:00:00,0.0,0.0,0.0,0.0,0.0,0.0,0.0,0.0,0.0,0.0,0.0,0.0,0.0,0.0,0.0,0.0,0.0
2015-12-14 00:00:00,0.0,0.0,0.0,0.0,0.0,0.0,0.0,0.0,0.0,0.0,0.0,0.0,0.0,0.0,0.0,0.0,0.0
2015-12-14 01:00:00,0.0,0.0,0.0,0.0,0.0,0.0,0.0,0.0,0.0,0.0,0.0,0.0,0.0,0.0,0.0,0.0,0.0
2015-12-14 02:00:00,0.0,0.0,0.0,0.0,0.0,0.0,0.0,0.0,0.0,0.0,0.0,0.0,0.0,0.0,0.0,0.0,0.0
2015-12-14 03:00:00,0.0,0.0,0.0,0.0,0.0,0.0,0.0,0.0,0.0,0.0,0.0,0.0,0.0,0.0,0.0,0.0,0.0
2015-12-14 04:00:00,0.0,0.0,0.0,0.0,0.0,0.0,0.0,0.0,0.0,0.0,0.0,0.0,0.0,0.0,0.0,0.0,0.0
2015-12-14 05:00:00,0.0,0.0,0.0,0.0,0.0,0.0,0.0,0.0,0.0,0.0,0.0,0.0,0.0,0.0,0.0,0.0,0.0
2015-12-14 06:00:00,0.0,0.0,0.0,0.0,0.0,0.0,0.0,0.0,0.0,0.0,0.0,0.0,0.0,0.0,0.0,0.0,0.0
2015-12-14 07:00:00,0.0,0.0,0.0,0.0,0.0,0.0,0.0,0.0,0.0,0.0,0.0,0.0,0.0,0.0,0.0,0.0,0.0
2015-12-14 08:00:00,0.007,0.008,0.006,0.01,0.004,0.008,0.023,0.008,0.012,0.013,0.008,0.004,0.014,0.012,0.006,0.006,0.002
2015-12-14 09:00:00,0.03,0.036,0.028,0.038,0.034,0.029,0.045,0.029,0.032,0.039,0.027,0.026,0.032,0.034,0.031,0.024,0.03
2015-12-14 10:00:00,0.052,0.064,0.046,0.064,0.059,0.043,0.071,0.051,0.06,0.075,0.054,0.037,0.054,0.061,0.051,0.043,0.051
2015-12-14 11:00:00,0.094,0.112,0.097,0.104,0.088,0.088,0.136,0.096,0.105,0.127,0.107,0.104,0.094,0.116,0.102,0.077,0.076
2015-12-14 12:00:00,0.114,0.164,0.129,0.101,0.121,0.08,0.167,0.1,0.144,0.138,0.133,0.134,0.104,0.138,0.144,0.09,0.083
2015-12-14 13:00:00,0.098,0.159,0.104,0.093,0.099,0.053,0.185,0.089,0.131,0.114,0.138,0.108,0.11,0.109,0.145,0.065,0.058
2015-12-14 14:00:00,0.052,0.11,0.033,0.045,0.068,0.039,0.129,0.057,0.096,0.077,0.075,0.037,0.071,0.07,0.055,0.029,0.021
2015-12-14 15:00:00,0.006,0.046,0.0,0.0,0.021,0.0,0.0,0.0,0.021,0.0,0.0,0.0,0.004,0.0,0.0,0.0,0.0
2015-12-14 16:00:00,0.0,0.0,0.0,0.0,0.0,0.0,0.0,0.0,0.0,0.0,0.0,0.0,0.0,0.0,0.0,0.0,0.0
2015-12-14 17:00:00,0.0,0.0,0.0,0.0,0.0,0.0,0.0,0.0,0.0,0.0,0.0,0.0,0.0,0.0,0.0,0.0,0.0
2015-12-14 18:00:00,0.0,0.0,0.0,0.0,0.0,0.0,0.0,0.0,0.0,0.0,0.0,0.0,0.0,0.0,0.0,0.0,0.0
2015-12-14 19:00:00,0.0,0.0,0.0,0.0,0.0,0.0,0.0,0.0,0.0,0.0,0.0,0.0,0.0,0.0,0.0,0.0,0.0
2015-12-14 20:00:00,0.0,0.0,0.0,0.0,0.0,0.0,0.0,0.0,0.0,0.0,0.0,0.0,0.0,0.0,0.0,0.0,0.0
2015-12-14 21:00:00,0.0,0.0,0.0,0.0,0.0,0.0,0.0,0.0,0.0,0.0,0.0,0.0,0.0,0.0,0.0,0.0,0.0
2015-12-14 22:00:00,0.0,0.0,0.0,0.0,0.0,0.0,0.0,0.0,0.0,0.0,0.0,0.0,0.0,0.0,0.0,0.0,0.0
2015-12-14 23:00:00,0.0,0.0,0.0,0.0,0.0,0.0,0.0,0.0,0.0,0.0,0.0,0.0,0.0,0.0,0.0,0.0,0.0
2015-12-15 00:00:00,0.0,0.0,0.0,0.0,0.0,0.0,0.0,0.0,0.0,0.0,0.0,0.0,0.0,0.0,0.0,0.0,0.0
2015-12-15 01:00:00,0.0,0.0,0.0,0.0,0.0,0.0,0.0,0.0,0.0,0.0,0.0,0.0,0.0,0.0,0.0,0.0,0.0
2015-12-15 02:00:00,0.0,0.0,0.0,0.0,0.0,0.0,0.0,0.0,0.0,0.0,0.0,0.0,0.0,0.0,0.0,0.0,0.0
2015-12-15 03:00:00,0.0,0.0,0.0,0.0,0.0,0.0,0.0,0.0,0.0,0.0,0.0,0.0,0.0,0.0,0.0,0.0,0.0
2015-12-15 04:00:00,0.0,0.0,0.0,0.0,0.0,0.0,0.0,0.0,0.0,0.0,0.0,0.0,0.0,0.0,0.0,0.0,0.0
2015-12-15 05:00:00,0.0,0.0,0.0,0.0,0.0,0.0,0.0,0.0,0.0,0.0,0.0,0.0,0.0,0.0,0.0,0.0,0.0
2015-12-15 06:00:00,0.0,0.0,0.0,0.0,0.0,0.0,0.0,0.0,0.0,0.0,0.0,0.0,0.0,0.0,0.0,0.0,0.0
2015-12-15 07:00:00,0.0,0.0,0.0,0.0,0.0,0.0,0.0,0.0,0.0,0.0,0.0,0.0,0.0,0.0,0.0,0.0,0.0
2015-12-15 08:00:00,0.007,0.005,0.002,0.021,0.001,0.015,0.013,0.014,0.009,0.018,0.015,0.002,0.011,0.017,0.009,0.003,0.0
2015-12-15 09:00:00,0.027,0.026,0.014,0.057,0.013,0.04,0.037,0.045,0.042,0.041,0.048,0.02,0.037,0.041,0.037,0.018,0.011
2015-12-15 10:00:00,0.04,0.033,0.019,0.078,0.026,0.054,0.049,0.061,0.054,0.058,0.072,0.04,0.049,0.054,0.053,0.024,0.025
2015-12-15 11:00:00,0.056,0.028,0.03,0.1,0.041,0.051,0.074,0.074,0.047,0.075,0.115,0.081,0.07,0.066,0.108,0.031,0.043
2015-12-15 12:00:00,0.061,0.027,0.029,0.08,0.036,0.03,0.064,0.073,0.059,0.059,0.144,0.129,0.055,0.05,0.155,0.029,0.056
2015-12-15 13:00:00,0.052,0.02,0.032,0.041,0.035,0.017,0.042,0.057,0.046,0.03,0.115,0.13,0.036,0.025,0.174,0.019,0.048
2015-12-15 14:00:00,0.026,0.007,0.01,0.013,0.013,0.006,0.024,0.037,0.019,0.01,0.082,0.07,0.02,0.006,0.113,0.006,0.016
2015-12-15 15:00:00,0.001,0.007,0.0,0.0,0.006,0.0,0.0,0.0,0.001,0.0,0.0,0.0,0.0,0.0,0.0,0.0,0.0
2015-12-15 16:00:00,0.0,0.0,0.0,0.0,0.0,0.0,0.0,0.0,0.0,0.0,0.0,0.0,0.0,0.0,0.0,0.0,0.0
2015-12-15 17:00:00,0.0,0.0,0.0,0.0,0.0,0.0,0.0,0.0,0.0,0.0,0.0,0.0,0.0,0.0,0.0,0.0,0.0
2015-12-15 18:00:00,0.0,0.0,0.0,0.0,0.0,0.0,0.0,0.0,0.0,0.0,0.0,0.0,0.0,0.0,0.0,0.0,0.0
2015-12-15 19:00:00,0.0,0.0,0.0,0.0,0.0,0.0,0.0,0.0,0.0,0.0,0.0,0.0,0.0,0.0,0.0,0.0,0.0
2015-12-15 20:00:00,0.0,0.0,0.0,0.0,0.0,0.0,0.0,0.0,0.0,0.0,0.0,0.0,0.0,0.0,0.0,0.0,0.0
2015-12-15 21:00:00,0.0,0.0,0.0,0.0,0.0,0.0,0.0,0.0,0.0,0.0,0.0,0.0,0.0,0.0,0.0,0.0,0.0
2015-12-15 22:00:00,0.0,0.0,0.0,0.0,0.0,0.0,0.0,0.0,0.0,0.0,0.0,0.0,0.0,0.0,0.0,0.0,0.0
2015-12-15 23:00:00,0.0,0.0,0.0,0.0,0.0,0.0,0.0,0.0,0.0,0.0,0.0,0.0,0.0,0.0,0.0,0.0,0.0
2015-12-16 00:00:00,0.0,0.0,0.0,0.0,0.0,0.0,0.0,0.0,0.0,0.0,0.0,0.0,0.0,0.0,0.0,0.0,0.0
2015-12-16 01:00:00,0.0,0.0,0.0,0.0,0.0,0.0,0.0,0.0,0.0,0.0,0.0,0.0,0.0,0.0,0.0,0.0,0.0
2015-12-16 02:00:00,0.0,0.0,0.0,0.0,0.0,0.0,0.0,0.0,0.0,0.0,0.0,0.0,0.0,0.0,0.0,0.0,0.0
2015-12-16 03:00:00,0.0,0.0,0.0,0.0,0.0,0.0,0.0,0.0,0.0,0.0,0.0,0.0,0.0,0.0,0.0,0.0,0.0
2015-12-16 04:00:00,0.0,0.0,0.0,0.0,0.0,0.0,0.0,0.0,0.0,0.0,0.0,0.0,0.0,0.0,0.0,0.0,0.0
2015-12-16 05:00:00,0.0,0.0,0.0,0.0,0.0,0.0,0.0,0.0,0.0,0.0,0.0,0.0,0.0,0.0,0.0,0.0,0.0
2015-12-16 06:00:00,0.0,0.0,0.0,0.0,0.0,0.0,0.0,0.0,0.0,0.0,0.0,0.0,0.0,0.0,0.0,0.0,0.0
2015-12-16 07:00:00,0.0,0.0,0.0,0.0,0.0,0.0,0.0,0.0,0.0,0.0,0.0,0.0,0.0,0.0,0.0,0.0,0.0
2015-12-16 08:00:00,0.005,0.004,0.003,0.016,0.001,0.005,0.008,0.007,0.007,0.012,0.015,0.002,0.006,0.011,0.006,0.002,0.0
2015-12-16 09:00:00,0.025,0.026,0.021,0.036,0.018,0.021,0.037,0.025,0.031,0.04,0.037,0.025,0.023,0.035,0.031,0.02,0.019
2015-12-16 10:00:00,0.042,0.05,0.036,0.05,0.033,0.036,0.053,0.037,0.048,0.066,0.057,0.043,0.038,0.048,0.052,0.038,0.033
2015-12-16 11:00:00,0.058,0.079,0.043,0.067,0.041,0.047,0.075,0.053,0.089,0.092,0.106,0.061,0.063,0.049,0.065,0.05,0.04
2015-12-16 12:00:00,0.063,0.107,0.038,0.055,0.068,0.049,0.1,0.05,0.099,0.073,0.113,0.05,0.072,0.039,0.056,0.059,0.049
2015-12-16 13:00:00,0.05,0.111,0.023,0.058,0.069,0.034,0.077,0.033,0.119,0.056,0.096,0.042,0.061,0.033,0.035,0.033,0.034
2015-12-16 14:00:00,0.035,0.104,0.011,0.024,0.065,0.013,0.058,0.01,0.119,0.032,0.038,0.015,0.044,0.016,0.01,0.029,0.021
2015-12-16 15:00:00,0.008,0.053,0.0,0.0,0.035,0.0,0.0,0.0,0.03,0.0,0.0,0.0,0.006,0.0,0.0,0.0,0.0
2015-12-16 16:00:00,0.0,0.0,0.0,0.0,0.0,0.0,0.0,0.0,0.0,0.0,0.0,0.0,0.0,0.0,0.0,0.0,0.0
2015-12-16 17:00:00,0.0,0.0,0.0,0.0,0.0,0.0,0.0,0.0,0.0,0.0,0.0,0.0,0.0,0.0,0.0,0.0,0.0
2015-12-16 18:00:00,0.0,0.0,0.0,0.0,0.0,0.0,0.0,0.0,0.0,0.0,0.0,0.0,0.0,0.0,0.0,0.0,0.0
2015-12-16 19:00:00,0.0,0.0,0.0,0.0,0.0,0.0,0.0,0.0,0.0,0.0,0.0,0.0,0.0,0.0,0.0,0.0,0.0
2015-12-16 20:00:00,0.0,0.0,0.0,0.0,0.0,0.0,0.0,0.0,0.0,0.0,0.0,0.0,0.0,0.0,0.0,0.0,0.0
2015-12-16 21:00:00,0.0,0.0,0.0,0.0,0.0,0.0,0.0,0.0,0.0,0.0,0.0,0.0,0.0,0.0,0.0,0.0,0.0
2015-12-16 22:00:00,0.0,0.0,0.0,0.0,0.0,0.0,0.0,0.0,0.0,0.0,0.0,0.0,0.0,0.0,0.0,0.0,0.0
2015-12-16 23:00:00,0.0,0.0,0.0,0.0,0.0,0.0,0.0,0.0,0.0,0.0,0.0,0.0,0.0,0.0,0.0,0.0,0.0
2015-12-17 00:00:00,0.0,0.0,0.0,0.0,0.0,0.0,0.0,0.0,0.0,0.0,0.0,0.0,0.0,0.0,0.0,0.0,0.0
2015-12-17 01:00:00,0.0,0.0,0.0,0.0,0.0,0.0,0.0,0.0,0.0,0.0,0.0,0.0,0.0,0.0,0.0,0.0,0.0
2015-12-17 02:00:00,0.0,0.0,0.0,0.0,0.0,0.0,0.0,0.0,0.0,0.0,0.0,0.0,0.0,0.0,0.0,0.0,0.0
2015-12-17 03:00:00,0.0,0.0,0.0,0.0,0.0,0.0,0.0,0.0,0.0,0.0,0.0,0.0,0.0,0.0,0.0,0.0,0.0
2015-12-17 04:00:00,0.0,0.0,0.0,0.0,0.0,0.0,0.0,0.0,0.0,0.0,0.0,0.0,0.0,0.0,0.0,0.0,0.0
2015-12-17 05:00:00,0.0,0.0,0.0,0.0,0.0,0.0,0.0,0.0,0.0,0.0,0.0,0.0,0.0,0.0,0.0,0.0,0.0
2015-12-17 06:00:00,0.0,0.0,0.0,0.0,0.0,0.0,0.0,0.0,0.0,0.0,0.0,0.0,0.0,0.0,0.0,0.0,0.0
2015-12-17 07:00:00,0.0,0.0,0.0,0.0,0.0,0.0,0.0,0.0,0.0,0.0,0.0,0.0,0.0,0.0,0.0,0.0,0.0
2015-12-17 08:00:00,0.003,0.001,0.0,0.013,0.0,0.005,0.016,0.006,0.005,0.014,0.005,0.0,0.01,0.012,0.001,0.0,0.0
2015-12-17 09:00:00,0.01,0.004,0.002,0.031,0.001,0.014,0.044,0.02,0.016,0.041,0.022,0.002,0.03,0.032,0.008,0.001,0.0
2015-12-17 10:00:00,0.016,0.009,0.005,0.052,0.007,0.022,0.063,0.022,0.025,0.07,0.024,0.004,0.038,0.056,0.008,0.004,0.004
2015-12-17 11:00:00,0.019,0.007,0.011,0.079,0.005,0.012,0.084,0.02,0.017,0.106,0.02,0.009,0.033,0.084,0.005,0.005,0.007
2015-12-17 12:00:00,0.018,0.01,0.005,0.101,0.009,0.006,0.09,0.013,0.014,0.115,0.014,0.006,0.028,0.039,0.005,0.004,0.009
2015-12-17 13:00:00,0.01,0.008,0.004,0.051,0.005,0.004,0.073,0.006,0.007,0.062,0.006,0.006,0.013,0.012,0.003,0.002,0.004
2015-12-17 14:00:00,0.003,0.006,0.0,0.011,0.005,0.0,0.047,0.001,0.003,0.013,0.0,0.0,0.008,0.004,0.0,0.001,0.002
2015-12-17 15:00:00,0.0,0.002,0.0,0.0,0.0,0.0,0.0,0.0,0.001,0.0,0.0,0.0,0.0,0.0,0.0,0.0,0.0
2015-12-17 16:00:00,0.0,0.0,0.0,0.0,0.0,0.0,0.0,0.0,0.0,0.0,0.0,0.0,0.0,0.0,0.0,0.0,0.0
2015-12-17 17:00:00,0.0,0.0,0.0,0.0,0.0,0.0,0.0,0.0,0.0,0.0,0.0,0.0,0.0,0.0,0.0,0.0,0.0
2015-12-17 18:00:00,0.0,0.0,0.0,0.0,0.0,0.0,0.0,0.0,0.0,0.0,0.0,0.0,0.0,0.0,0.0,0.0,0.0
2015-12-17 19:00:00,0.0,0.0,0.0,0.0,0.0,0.0,0.0,0.0,0.0,0.0,0.0,0.0,0.0,0.0,0.0,0.0,0.0
2015-12-17 20:00:00,0.0,0.0,0.0,0.0,0.0,0.0,0.0,0.0,0.0,0.0,0.0,0.0,0.0,0.0,0.0,0.0,0.0
2015-12-17 21:00:00,0.0,0.0,0.0,0.0,0.0,0.0,0.0,0.0,0.0,0.0,0.0,0.0,0.0,0.0,0.0,0.0,0.0
2015-12-17 22:00:00,0.0,0.0,0.0,0.0,0.0,0.0,0.0,0.0,0.0,0.0,0.0,0.0,0.0,0.0,0.0,0.0,0.0
2015-12-17 23:00:00,0.0,0.0,0.0,0.0,0.0,0.0,0.0,0.0,0.0,0.0,0.0,0.0,0.0,0.0,0.0,0.0,0.0
2015-12-18 00:00:00,0.0,0.0,0.0,0.0,0.0,0.0,0.0,0.0,0.0,0.0,0.0,0.0,0.0,0.0,0.0,0.0,0.0
2015-12-18 01:00:00,0.0,0.0,0.0,0.0,0.0,0.0,0.0,0.0,0.0,0.0,0.0,0.0,0.0,0.0,0.0,0.0,0.0
2015-12-18 02:00:00,0.0,0.0,0.0,0.0,0.0,0.0,0.0,0.0,0.0,0.0,0.0,0.0,0.0,0.0,0.0,0.0,0.0
2015-12-18 03:00:00,0.0,0.0,0.0,0.0,0.0,0.0,0.0,0.0,0.0,0.0,0.0,0.0,0.0,0.0,0.0,0.0,0.0
2015-12-18 04:00:00,0.0,0.0,0.0,0.0,0.0,0.0,0.0,0.0,0.0,0.0,0.0,0.0,0.0,0.0,0.0,0.0,0.0
2015-12-18 05:00:00,0.0,0.0,0.0,0.0,0.0,0.0,0.0,0.0,0.0,0.0,0.0,0.0,0.0,0.0,0.0,0.0,0.0
2015-12-18 06:00:00,0.0,0.0,0.0,0.0,0.0,0.0,0.0,0.0,0.0,0.0,0.0,0.0,0.0,0.0,0.0,0.0,0.0
2015-12-18 07:00:00,0.0,0.0,0.0,0.0,0.0,0.0,0.0,0.0,0.0,0.0,0.0,0.0,0.0,0.0,0.0,0.0,0.0
2015-12-18 08:00:00,0.004,0.007,0.006,0.002,0.002,0.01,0.008,0.004,0.012,0.001,0.0,0.002,0.009,0.005,0.003,0.006,0.0
2015-12-18 09:00:00,0.027,0.033,0.035,0.011,0.024,0.04,0.041,0.023,0.041,0.019,0.011,0.023,0.038,0.032,0.025,0.035,0.013
2015-12-18 10:00:00,0.044,0.057,0.055,0.023,0.03,0.068,0.064,0.05,0.066,0.045,0.018,0.041,0.059,0.059,0.043,0.052,0.018
2015-12-18 11:00:00,0.058,0.07,0.077,0.026,0.022,0.097,0.103,0.07,0.102,0.071,0.029,0.054,0.094,0.097,0.064,0.066,0.024
2015-12-18 12:00:00,0.065,0.076,0.066,0.043,0.014,0.117,0.131,0.101,0.103,0.094,0.032,0.053,0.111,0.14,0.085,0.066,0.02
2015-12-18 13:00:00,0.048,0.043,0.036,0.033,0.009,0.106,0.116,0.086,0.114,0.107,0.024,0.028,0.096,0.109,0.071,0.038,0.014
2015-12-18 14:00:00,0.023,0.012,0.012,0.019,0.006,0.058,0.047,0.053,0.053,0.065,0.015,0.004,0.053,0.051,0.03,0.012,0.019
2015-12-18 15:00:00,0.0,0.0,0.0,0.0,0.0,0.0,0.0,0.0,0.002,0.0,0.0,0.0,0.001,0.0,0.0,0.0,0.0
2015-12-18 16:00:00,0.0,0.0,0.0,0.0,0.0,0.0,0.0,0.0,0.0,0.0,0.0,0.0,0.0,0.0,0.0,0.0,0.0
2015-12-18 17:00:00,0.0,0.0,0.0,0.0,0.0,0.0,0.0,0.0,0.0,0.0,0.0,0.0,0.0,0.0,0.0,0.0,0.0
2015-12-18 18:00:00,0.0,0.0,0.0,0.0,0.0,0.0,0.0,0.0,0.0,0.0,0.0,0.0,0.0,0.0,0.0,0.0,0.0
2015-12-18 19:00:00,0.0,0.0,0.0,0.0,0.0,0.0,0.0,0.0,0.0,0.0,0.0,0.0,0.0,0.0,0.0,0.0,0.0
2015-12-18 20:00:00,0.0,0.0,0.0,0.0,0.0,0.0,0.0,0.0,0.0,0.0,0.0,0.0,0.0,0.0,0.0,0.0,0.0
2015-12-18 21:00:00,0.0,0.0,0.0,0.0,0.0,0.0,0.0,0.0,0.0,0.0,0.0,0.0,0.0,0.0,0.0,0.0,0.0
2015-12-18 22:00:00,0.0,0.0,0.0,0.0,0.0,0.0,0.0,0.0,0.0,0.0,0.0,0.0,0.0,0.0,0.0,0.0,0.0
2015-12-18 23:00:00,0.0,0.0,0.0,0.0,0.0,0.0,0.0,0.0,0.0,0.0,0.0,0.0,0.0,0.0,0.0,0.0,0.0
2015-12-19 00:00:00,0.0,0.0,0.0,0.0,0.0,0.0,0.0,0.0,0.0,0.0,0.0,0.0,0.0,0.0,0.0,0.0,0.0
2015-12-19 01:00:00,0.0,0.0,0.0,0.0,0.0,0.0,0.0,0.0,0.0,0.0,0.0,0.0,0.0,0.0,0.0,0.0,0.0
2015-12-19 02:00:00,0.0,0.0,0.0,0.0,0.0,0.0,0.0,0.0,0.0,0.0,0.0,0.0,0.0,0.0,0.0,0.0,0.0
2015-12-19 03:00:00,0.0,0.0,0.0,0.0,0.0,0.0,0.0,0.0,0.0,0.0,0.0,0.0,0.0,0.0,0.0,0.0,0.0
2015-12-19 04:00:00,0.0,0.0,0.0,0.0,0.0,0.0,0.0,0.0,0.0,0.0,0.0,0.0,0.0,0.0,0.0,0.0,0.0
2015-12-19 05:00:00,0.0,0.0,0.0,0.0,0.0,0.0,0.0,0.0,0.0,0.0,0.0,0.0,0.0,0.0,0.0,0.0,0.0
2015-12-19 06:00:00,0.0,0.0,0.0,0.0,0.0,0.0,0.0,0.0,0.0,0.0,0.0,0.0,0.0,0.0,0.0,0.0,0.0
2015-12-19 07:00:00,0.0,0.0,0.0,0.0,0.0,0.0,0.0,0.0,0.0,0.0,0.0,0.0,0.0,0.0,0.0,0.0,0.0
2015-12-19 08:00:00,0.003,0.005,0.002,0.005,0.001,0.007,0.007,0.004,0.007,0.004,0.003,0.0,0.006,0.008,0.001,0.003,0.0
2015-12-19 09:00:00,0.019,0.026,0.014,0.023,0.02,0.025,0.027,0.021,0.028,0.025,0.011,0.011,0.025,0.03,0.012,0.019,0.016
2015-12-19 10:00:00,0.035,0.042,0.03,0.039,0.038,0.035,0.047,0.033,0.043,0.041,0.019,0.025,0.045,0.043,0.023,0.033,0.041
2015-12-19 11:00:00,0.069,0.093,0.063,0.056,0.086,0.085,0.107,0.055,0.124,0.067,0.028,0.041,0.107,0.076,0.029,0.079,0.066
2015-12-19 12:00:00,0.09,0.13,0.084,0.062,0.113,0.117,0.165,0.057,0.197,0.077,0.024,0.051,0.167,0.095,0.019,0.108,0.073
2015-12-19 13:00:00,0.091,0.149,0.066,0.069,0.106,0.129,0.193,0.067,0.189,0.085,0.01,0.069,0.159,0.124,0.014,0.1,0.079
2015-12-19 14:00:00,0.065,0.114,0.038,0.04,0.078,0.083,0.165,0.036,0.162,0.054,0.001,0.062,0.14,0.104,0.013,0.06,0.078
2015-12-19 15:00:00,0.007,0.029,0.0,0.0,0.041,0.0,0.0,0.0,0.034,0.0,0.0,0.0,0.008,0.0,0.0,0.0,0.002
2015-12-19 16:00:00,0.0,0.0,0.0,0.0,0.0,0.0,0.0,0.0,0.0,0.0,0.0,0.0,0.0,0.0,0.0,0.0,0.0
2015-12-19 17:00:00,0.0,0.0,0.0,0.0,0.0,0.0,0.0,0.0,0.0,0.0,0.0,0.0,0.0,0.0,0.0,0.0,0.0
2015-12-19 18:00:00,0.0,0.0,0.0,0.0,0.0,0.0,0.0,0.0,0.0,0.0,0.0,0.0,0.0,0.0,0.0,0.0,0.0
2015-12-19 19:00:00,0.0,0.0,0.0,0.0,0.0,0.0,0.0,0.0,0.0,0.0,0.0,0.0,0.0,0.0,0.0,0.0,0.0
2015-12-19 20:00:00,0.0,0.0,0.0,0.0,0.0,0.0,0.0,0.0,0.0,0.0,0.0,0.0,0.0,0.0,0.0,0.0,0.0
2015-12-19 21:00:00,0.0,0.0,0.0,0.0,0.0,0.0,0.0,0.0,0.0,0.0,0.0,0.0,0.0,0.0,0.0,0.0,0.0
2015-12-19 22:00:00,0.0,0.0,0.0,0.0,0.0,0.0,0.0,0.0,0.0,0.0,0.0,0.0,0.0,0.0,0.0,0.0,0.0
2015-12-19 23:00:00,0.0,0.0,0.0,0.0,0.0,0.0,0.0,0.0,0.0,0.0,0.0,0.0,0.0,0.0,0.0,0.0,0.0
2015-12-20 00:00:00,0.0,0.0,0.0,0.0,0.0,0.0,0.0,0.0,0.0,0.0,0.0,0.0,0.0,0.0,0.0,0.0,0.0
2015-12-20 01:00:00,0.0,0.0,0.0,0.0,0.0,0.0,0.0,0.0,0.0,0.0,0.0,0.0,0.0,0.0,0.0,0.0,0.0
2015-12-20 02:00:00,0.0,0.0,0.0,0.0,0.0,0.0,0.0,0.0,0.0,0.0,0.0,0.0,0.0,0.0,0.0,0.0,0.0
2015-12-20 03:00:00,0.0,0.0,0.0,0.0,0.0,0.0,0.0,0.0,0.0,0.0,0.0,0.0,0.0,0.0,0.0,0.0,0.0
2015-12-20 04:00:00,0.0,0.0,0.0,0.0,0.0,0.0,0.0,0.0,0.0,0.0,0.0,0.0,0.0,0.0,0.0,0.0,0.0
2015-12-20 05:00:00,0.0,0.0,0.0,0.0,0.0,0.0,0.0,0.0,0.0,0.0,0.0,0.0,0.0,0.0,0.0,0.0,0.0
2015-12-20 06:00:00,0.0,0.0,0.0,0.0,0.0,0.0,0.0,0.0,0.0,0.0,0.0,0.0,0.0,0.0,0.0,0.0,0.0
2015-12-20 07:00:00,0.0,0.0,0.0,0.0,0.0,0.0,0.0,0.0,0.0,0.0,0.0,0.0,0.0,0.0,0.0,0.0,0.0
2015-12-20 08:00:00,0.006,0.005,0.005,0.015,0.002,0.009,0.016,0.011,0.008,0.02,0.009,0.002,0.01,0.014,0.006,0.005,0.001
2015-12-20 09:00:00,0.029,0.028,0.029,0.037,0.023,0.031,0.042,0.033,0.034,0.043,0.034,0.025,0.038,0.038,0.03,0.026,0.026
2015-12-20 10:00:00,0.051,0.047,0.046,0.07,0.044,0.052,0.068,0.055,0.055,0.079,0.05,0.051,0.061,0.066,0.047,0.044,0.051
2015-12-20 11:00:00,0.089,0.098,0.09,0.101,0.081,0.106,0.148,0.089,0.1,0.124,0.058,0.064,0.117,0.13,0.063,0.094,0.071
2015-12-20 12:00:00,0.12,0.159,0.118,0.134,0.139,0.158,0.206,0.117,0.12,0.163,0.049,0.062,0.161,0.185,0.067,0.133,0.079
2015-12-20 13:00:00,0.125,0.184,0.109,0.115,0.171,0.167,0.231,0.095,0.153,0.144,0.038,0.041,0.176,0.203,0.047,0.153,0.075
2015-12-20 14:00:00,0.091,0.161,0.092,0.067,0.127,0.111,0.176,0.063,0.115,0.116,0.009,0.018,0.134,0.139,0.017,0.123,0.04
2015-12-20 15:00:00,0.013,0.09,0.0,0.0,0.062,0.0,0.0,0.0,0.033,0.0,0.0,0.0,0.012,0.0,0.0,0.001,0.001
2015-12-20 16:00:00,0.0,0.0,0.0,0.0,0.0,0.0,0.0,0.0,0.0,0.0,0.0,0.0,0.0,0.0,0.0,0.0,0.0
2015-12-20 17:00:00,0.0,0.0,0.0,0.0,0.0,0.0,0.0,0.0,0.0,0.0,0.0,0.0,0.0,0.0,0.0,0.0,0.0
2015-12-20 18:00:00,0.0,0.0,0.0,0.0,0.0,0.0,0.0,0.0,0.0,0.0,0.0,0.0,0.0,0.0,0.0,0.0,0.0
2015-12-20 19:00:00,0.0,0.0,0.0,0.0,0.0,0.0,0.0,0.0,0.0,0.0,0.0,0.0,0.0,0.0,0.0,0.0,0.0
2015-12-20 20:00:00,0.0,0.0,0.0,0.0,0.0,0.0,0.0,0.0,0.0,0.0,0.0,0.0,0.0,0.0,0.0,0.0,0.0
2015-12-20 21:00:00,0.0,0.0,0.0,0.0,0.0,0.0,0.0,0.0,0.0,0.0,0.0,0.0,0.0,0.0,0.0,0.0,0.0
2015-12-20 22:00:00,0.0,0.0,0.0,0.0,0.0,0.0,0.0,0.0,0.0,0.0,0.0,0.0,0.0,0.0,0.0,0.0,0.0
2015-12-20 23:00:00,0.0,0.0,0.0,0.0,0.0,0.0,0.0,0.0,0.0,0.0,0.0,0.0,0.0,0.0,0.0,0.0,0.0
2015-12-21 00:00:00,0.0,0.0,0.0,0.0,0.0,0.0,0.0,0.0,0.0,0.0,0.0,0.0,0.0,0.0,0.0,0.0,0.0
2015-12-21 01:00:00,0.0,0.0,0.0,0.0,0.0,0.0,0.0,0.0,0.0,0.0,0.0,0.0,0.0,0.0,0.0,0.0,0.0
2015-12-21 02:00:00,0.0,0.0,0.0,0.0,0.0,0.0,0.0,0.0,0.0,0.0,0.0,0.0,0.0,0.0,0.0,0.0,0.0
2015-12-21 03:00:00,0.0,0.0,0.0,0.0,0.0,0.0,0.0,0.0,0.0,0.0,0.0,0.0,0.0,0.0,0.0,0.0,0.0
2015-12-21 04:00:00,0.0,0.0,0.0,0.0,0.0,0.0,0.0,0.0,0.0,0.0,0.0,0.0,0.0,0.0,0.0,0.0,0.0
2015-12-21 05:00:00,0.0,0.0,0.0,0.0,0.0,0.0,0.0,0.0,0.0,0.0,0.0,0.0,0.0,0.0,0.0,0.0,0.0
2015-12-21 06:00:00,0.0,0.0,0.0,0.0,0.0,0.0,0.0,0.0,0.0,0.0,0.0,0.0,0.0,0.0,0.0,0.0,0.0
2015-12-21 07:00:00,0.0,0.0,0.0,0.0,0.0,0.0,0.0,0.0,0.0,0.0,0.0,0.0,0.0,0.0,0.0,0.0,0.0
2015-12-21 08:00:00,0.005,0.005,0.001,0.014,0.001,0.009,0.016,0.009,0.009,0.017,0.01,0.0,0.011,0.013,0.003,0.003,0.0
2015-12-21 09:00:00,0.021,0.029,0.012,0.03,0.008,0.032,0.034,0.03,0.035,0.043,0.036,0.01,0.033,0.032,0.015,0.023,0.004
2015-12-21 10:00:00,0.036,0.039,0.025,0.06,0.016,0.057,0.057,0.048,0.062,0.075,0.051,0.017,0.049,0.06,0.016,0.036,0.014
2015-12-21 11:00:00,0.049,0.029,0.033,0.118,0.011,0.09,0.141,0.072,0.088,0.131,0.054,0.023,0.106,0.131,0.02,0.035,0.03
2015-12-21 12:00:00,0.05,0.019,0.023,0.169,0.016,0.077,0.201,0.075,0.072,0.163,0.038,0.019,0.126,0.178,0.013,0.023,0.031
2015-12-21 13:00:00,0.04,0.01,0.009,0.152,0.029,0.039,0.203,0.045,0.056,0.139,0.015,0.014,0.108,0.152,0.007,0.013,0.042
2015-12-21 14:00:00,0.02,0.005,0.002,0.07,0.029,0.009,0.133,0.01,0.006,0.094,0.001,0.004,0.041,0.096,0.0,0.004,0.029
2015-12-21 15:00:00,0.003,0.002,0.0,0.0,0.027,0.0,0.002,0.0,0.0,0.0,0.0,0.0,0.001,0.0,0.0,0.0,0.003
2015-12-21 16:00:00,0.0,0.0,0.0,0.0,0.0,0.0,0.0,0.0,0.0,0.0,0.0,0.0,0.0,0.0,0.0,0.0,0.0
2015-12-21 17:00:00,0.0,0.0,0.0,0.0,0.0,0.0,0.0,0.0,0.0,0.0,0.0,0.0,0.0,0.0,0.0,0.0,0.0
2015-12-21 18:00:00,0.0,0.0,0.0,0.0,0.0,0.0,0.0,0.0,0.0,0.0,0.0,0.0,0.0,0.0,0.0,0.0,0.0
2015-12-21 19:00:00,0.0,0.0,0.0,0.0,0.0,0.0,0.0,0.0,0.0,0.0,0.0,0.0,0.0,0.0,0.0,0.0,0.0
2015-12-21 20:00:00,0.0,0.0,0.0,0.0,0.0,0.0,0.0,0.0,0.0,0.0,0.0,0.0,0.0,0.0,0.0,0.0,0.0
2015-12-21 21:00:00,0.0,0.0,0.0,0.0,0.0,0.0,0.0,0.0,0.0,0.0,0.0,0.0,0.0,0.0,0.0,0.0,0.0
2015-12-21 22:00:00,0.0,0.0,0.0,0.0,0.0,0.0,0.0,0.0,0.0,0.0,0.0,0.0,0.0,0.0,0.0,0.0,0.0
2015-12-21 23:00:00,0.0,0.0,0.0,0.0,0.0,0.0,0.0,0.0,0.0,0.0,0.0,0.0,0.0,0.0,0.0,0.0,0.0
2015-12-22 00:00:00,0.0,0.0,0.0,0.0,0.0,0.0,0.0,0.0,0.0,0.0,0.0,0.0,0.0,0.0,0.0,0.0,0.0
2015-12-22 01:00:00,0.0,0.0,0.0,0.0,0.0,0.0,0.0,0.0,0.0,0.0,0.0,0.0,0.0,0.0,0.0,0.0,0.0
2015-12-22 02:00:00,0.0,0.0,0.0,0.0,0.0,0.0,0.0,0.0,0.0,0.0,0.0,0.0,0.0,0.0,0.0,0.0,0.0
2015-12-22 03:00:00,0.0,0.0,0.0,0.0,0.0,0.0,0.0,0.0,0.0,0.0,0.0,0.0,0.0,0.0,0.0,0.0,0.0
2015-12-22 04:00:00,0.0,0.0,0.0,0.0,0.0,0.0,0.0,0.0,0.0,0.0,0.0,0.0,0.0,0.0,0.0,0.0,0.0
2015-12-22 05:00:00,0.0,0.0,0.0,0.0,0.0,0.0,0.0,0.0,0.0,0.0,0.0,0.0,0.0,0.0,0.0,0.0,0.0
2015-12-22 06:00:00,0.0,0.0,0.0,0.0,0.0,0.0,0.0,0.0,0.0,0.0,0.0,0.0,0.0,0.0,0.0,0.0,0.0
2015-12-22 07:00:00,0.0,0.0,0.0,0.0,0.0,0.0,0.0,0.0,0.0,0.0,0.0,0.0,0.0,0.0,0.0,0.0,0.0
2015-12-22 08:00:00,0.004,0.004,0.003,0.008,0.001,0.007,0.015,0.007,0.007,0.01,0.007,0.001,0.01,0.012,0.002,0.004,0.001
2015-12-22 09:00:00,0.025,0.027,0.023,0.028,0.021,0.027,0.042,0.025,0.03,0.033,0.022,0.018,0.027,0.032,0.016,0.027,0.024
2015-12-22 10:00:00,0.045,0.05,0.04,0.054,0.038,0.042,0.075,0.038,0.062,0.065,0.034,0.031,0.065,0.051,0.024,0.052,0.044
2015-12-22 11:00:00,0.081,0.065,0.098,0.116,0.05,0.09,0.127,0.114,0.079,0.108,0.055,0.086,0.09,0.093,0.074,0.077,0.072
2015-12-22 12:00:00,0.107,0.069,0.15,0.151,0.032,0.119,0.138,0.157,0.089,0.165,0.111,0.143,0.1,0.144,0.136,0.096,0.079
2015-12-22 13:00:00,0.088,0.03,0.112,0.169,0.015,0.094,0.12,0.166,0.076,0.117,0.14,0.092,0.087,0.103,0.157,0.064,0.056
2015-12-22 14:00:00,0.036,0.008,0.037,0.102,0.002,0.036,0.072,0.087,0.013,0.046,0.096,0.021,0.045,0.052,0.093,0.014,0.005
2015-12-22 15:00:00,0.0,0.0,0.0,0.0,0.0,0.0,0.002,0.0,0.0,0.0,0.0,0.0,0.004,0.0,0.0,0.0,0.0
2015-12-22 16:00:00,0.0,0.0,0.0,0.0,0.0,0.0,0.0,0.0,0.0,0.0,0.0,0.0,0.0,0.0,0.0,0.0,0.0
2015-12-22 17:00:00,0.0,0.0,0.0,0.0,0.0,0.0,0.0,0.0,0.0,0.0,0.0,0.0,0.0,0.0,0.0,0.0,0.0
2015-12-22 18:00:00,0.0,0.0,0.0,0.0,0.0,0.0,0.0,0.0,0.0,0.0,0.0,0.0,0.0,0.0,0.0,0.0,0.0
2015-12-22 19:00:00,0.0,0.0,0.0,0.0,0.0,0.0,0.0,0.0,0.0,0.0,0.0,0.0,0.0,0.0,0.0,0.0,0.0
2015-12-22 20:00:00,0.0,0.0,0.0,0.0,0.0,0.0,0.0,0.0,0.0,0.0,0.0,0.0,0.0,0.0,0.0,0.0,0.0
2015-12-22 21:00:00,0.0,0.0,0.0,0.0,0.0,0.0,0.0,0.0,0.0,0.0,0.0,0.0,0.0,0.0,0.0,0.0,0.0
2015-12-22 22:00:00,0.0,0.0,0.0,0.0,0.0,0.0,0.0,0.0,0.0,0.0,0.0,0.0,0.0,0.0,0.0,0.0,0.0
2015-12-22 23:00:00,0.0,0.0,0.0,0.0,0.0,0.0,0.0,0.0,0.0,0.0,0.0,0.0,0.0,0.0,0.0,0.0,0.0
2015-12-23 00:00:00,0.0,0.0,0.0,0.0,0.0,0.0,0.0,0.0,0.0,0.0,0.0,0.0,0.0,0.0,0.0,0.0,0.0
2015-12-23 01:00:00,0.0,0.0,0.0,0.0,0.0,0.0,0.0,0.0,0.0,0.0,0.0,0.0,0.0,0.0,0.0,0.0,0.0
2015-12-23 02:00:00,0.0,0.0,0.0,0.0,0.0,0.0,0.0,0.0,0.0,0.0,0.0,0.0,0.0,0.0,0.0,0.0,0.0
2015-12-23 03:00:00,0.0,0.0,0.0,0.0,0.0,0.0,0.0,0.0,0.0,0.0,0.0,0.0,0.0,0.0,0.0,0.0,0.0
2015-12-23 04:00:00,0.0,0.0,0.0,0.0,0.0,0.0,0.0,0.0,0.0,0.0,0.0,0.0,0.0,0.0,0.0,0.0,0.0
2015-12-23 05:00:00,0.0,0.0,0.0,0.0,0.0,0.0,0.0,0.0,0.0,0.0,0.0,0.0,0.0,0.0,0.0,0.0,0.0
2015-12-23 06:00:00,0.0,0.0,0.0,0.0,0.0,0.0,0.0,0.0,0.0,0.0,0.0,0.0,0.0,0.0,0.0,0.0,0.0
2015-12-23 07:00:00,0.0,0.0,0.0,0.0,0.0,0.0,0.0,0.0,0.0,0.0,0.0,0.0,0.0,0.0,0.0,0.0,0.0
2015-12-23 08:00:00,0.005,0.005,0.003,0.012,0.002,0.009,0.018,0.008,0.008,0.018,0.002,0.0,0.012,0.015,0.001,0.004,0.0
2015-12-23 09:00:00,0.021,0.025,0.02,0.033,0.019,0.028,0.037,0.026,0.03,0.047,0.015,0.006,0.034,0.034,0.012,0.022,0.006
2015-12-23 10:00:00,0.036,0.036,0.033,0.055,0.032,0.042,0.061,0.042,0.039,0.075,0.035,0.017,0.052,0.065,0.024,0.037,0.017
2015-12-23 11:00:00,0.082,0.109,0.092,0.119,0.068,0.124,0.151,0.103,0.131,0.118,0.055,0.024,0.134,0.129,0.041,0.095,0.012
2015-12-23 12:00:00,0.114,0.171,0.122,0.164,0.075,0.186,0.222,0.158,0.208,0.167,0.103,0.017,0.21,0.202,0.069,0.117,0.018
2015-12-23 13:00:00,0.111,0.156,0.044,0.178,0.067,0.181,0.247,0.158,0.221,0.166,0.107,0.024,0.233,0.217,0.044,0.101,0.074
2015-12-23 14:00:00,0.087,0.109,0.048,0.119,0.099,0.137,0.195,0.091,0.169,0.092,0.072,0.055,0.176,0.161,0.01,0.064,0.102
2015-12-23 15:00:00,0.017,0.074,0.0,0.0,0.071,0.0,0.028,0.0,0.06,0.0,0.0,0.0,0.024,0.0,0.0,0.007,0.008
2015-12-23 16:00:00,0.0,0.0,0.0,0.0,0.0,0.0,0.0,0.0,0.0,0.0,0.0,0.0,0.0,0.0,0.0,0.0,0.0
2015-12-23 17:00:00,0.0,0.0,0.0,0.0,0.0,0.0,0.0,0.0,0.0,0.0,0.0,0.0,0.0,0.0,0.0,0.0,0.0
2015-12-23 18:00:00,0.0,0.0,0.0,0.0,0.0,0.0,0.0,0.0,0.0,0.0,0.0,0.0,0.0,0.0,0.0,0.0,0.0
2015-12-23 19:00:00,0.0,0.0,0.0,0.0,0.0,0.0,0.0,0.0,0.0,0.0,0.0,0.0,0.0,0.0,0.0,0.0,0.0
2015-12-23 20:00:00,0.0,0.0,0.0,0.0,0.0,0.0,0.0,0.0,0.0,0.0,0.0,0.0,0.0,0.0,0.0,0.0,0.0
2015-12-23 21:00:00,0.0,0.0,0.0,0.0,0.0,0.0,0.0,0.0,0.0,0.0,0.0,0.0,0.0,0.0,0.0,0.0,0.0
2015-12-23 22:00:00,0.0,0.0,0.0,0.0,0.0,0.0,0.0,0.0,0.0,0.0,0.0,0.0,0.0,0.0,0.0,0.0,0.0
2015-12-23 23:00:00,0.0,0.0,0.0,0.0,0.0,0.0,0.0,0.0,0.0,0.0,0.0,0.0,0.0,0.0,0.0,0.0,0.0
2015-12-24 00:00:00,0.0,0.0,0.0,0.0,0.0,0.0,0.0,0.0,0.0,0.0,0.0,0.0,0.0,0.0,0.0,0.0,0.0
2015-12-24 01:00:00,0.0,0.0,0.0,0.0,0.0,0.0,0.0,0.0,0.0,0.0,0.0,0.0,0.0,0.0,0.0,0.0,0.0
2015-12-24 02:00:00,0.0,0.0,0.0,0.0,0.0,0.0,0.0,0.0,0.0,0.0,0.0,0.0,0.0,0.0,0.0,0.0,0.0
2015-12-24 03:00:00,0.0,0.0,0.0,0.0,0.0,0.0,0.0,0.0,0.0,0.0,0.0,0.0,0.0,0.0,0.0,0.0,0.0
2015-12-24 04:00:00,0.0,0.0,0.0,0.0,0.0,0.0,0.0,0.0,0.0,0.0,0.0,0.0,0.0,0.0,0.0,0.0,0.0
2015-12-24 05:00:00,0.0,0.0,0.0,0.0,0.0,0.0,0.0,0.0,0.0,0.0,0.0,0.0,0.0,0.0,0.0,0.0,0.0
2015-12-24 06:00:00,0.0,0.0,0.0,0.0,0.0,0.0,0.0,0.0,0.0,0.0,0.0,0.0,0.0,0.0,0.0,0.0,0.0
2015-12-24 07:00:00,0.0,0.0,0.0,0.0,0.0,0.0,0.0,0.0,0.0,0.0,0.0,0.0,0.0,0.0,0.0,0.0,0.0
2015-12-24 08:00:00,0.006,0.006,0.004,0.015,0.002,0.009,0.015,0.01,0.009,0.016,0.011,0.003,0.012,0.014,0.006,0.005,0.0
2015-12-24 09:00:00,0.029,0.039,0.024,0.036,0.024,0.032,0.04,0.031,0.037,0.041,0.03,0.027,0.04,0.036,0.025,0.026,0.023
2015-12-24 10:00:00,0.045,0.061,0.035,0.064,0.041,0.044,0.067,0.044,0.059,0.072,0.047,0.036,0.06,0.058,0.035,0.039,0.039
2015-12-24 11:00:00,0.115,0.106,0.111,0.151,0.097,0.136,0.151,0.135,0.128,0.151,0.129,0.093,0.136,0.154,0.113,0.113,0.083
2015-12-24 12:00:00,0.18,0.172,0.183,0.201,0.156,0.208,0.21,0.2,0.202,0.198,0.191,0.156,0.2,0.213,0.174,0.188,0.141
2015-12-24 13:00:00,0.198,0.209,0.197,0.211,0.184,0.227,0.242,0.207,0.238,0.218,0.195,0.163,0.212,0.238,0.181,0.211,0.14
2015-12-24 14:00:00,0.138,0.169,0.114,0.129,0.143,0.167,0.195,0.138,0.182,0.155,0.12,0.097,0.182,0.175,0.114,0.155,0.088
2015-12-24 15:00:00,0.021,0.096,0.0,0.0,0.078,0.0,0.027,0.0,0.087,0.0,0.0,0.0,0.026,0.0,0.0,0.011,0.009
2015-12-24 16:00:00,0.0,0.0,0.0,0.0,0.0,0.0,0.0,0.0,0.0,0.0,0.0,0.0,0.0,0.0,0.0,0.0,0.0
2015-12-24 17:00:00,0.0,0.0,0.0,0.0,0.0,0.0,0.0,0.0,0.0,0.0,0.0,0.0,0.0,0.0,0.0,0.0,0.0
2015-12-24 18:00:00,0.0,0.0,0.0,0.0,0.0,0.0,0.0,0.0,0.0,0.0,0.0,0.0,0.0,0.0,0.0,0.0,0.0
2015-12-24 19:00:00,0.0,0.0,0.0,0.0,0.0,0.0,0.0,0.0,0.0,0.0,0.0,0.0,0.0,0.0,0.0,0.0,0.0
2015-12-24 20:00:00,0.0,0.0,0.0,0.0,0.0,0.0,0.0,0.0,0.0,0.0,0.0,0.0,0.0,0.0,0.0,0.0,0.0
2015-12-24 21:00:00,0.0,0.0,0.0,0.0,0.0,0.0,0.0,0.0,0.0,0.0,0.0,0.0,0.0,0.0,0.0,0.0,0.0
2015-12-24 22:00:00,0.0,0.0,0.0,0.0,0.0,0.0,0.0,0.0,0.0,0.0,0.0,0.0,0.0,0.0,0.0,0.0,0.0
2015-12-24 23:00:00,0.0,0.0,0.0,0.0,0.0,0.0,0.0,0.0,0.0,0.0,0.0,0.0,0.0,0.0,0.0,0.0,0.0
2015-12-25 00:00:00,0.0,0.0,0.0,0.0,0.0,0.0,0.0,0.0,0.0,0.0,0.0,0.0,0.0,0.0,0.0,0.0,0.0
2015-12-25 01:00:00,0.0,0.0,0.0,0.0,0.0,0.0,0.0,0.0,0.0,0.0,0.0,0.0,0.0,0.0,0.0,0.0,0.0
2015-12-25 02:00:00,0.0,0.0,0.0,0.0,0.0,0.0,0.0,0.0,0.0,0.0,0.0,0.0,0.0,0.0,0.0,0.0,0.0
2015-12-25 03:00:00,0.0,0.0,0.0,0.0,0.0,0.0,0.0,0.0,0.0,0.0,0.0,0.0,0.0,0.0,0.0,0.0,0.0
2015-12-25 04:00:00,0.0,0.0,0.0,0.0,0.0,0.0,0.0,0.0,0.0,0.0,0.0,0.0,0.0,0.0,0.0,0.0,0.0
2015-12-25 05:00:00,0.0,0.0,0.0,0.0,0.0,0.0,0.0,0.0,0.0,0.0,0.0,0.0,0.0,0.0,0.0,0.0,0.0
2015-12-25 06:00:00,0.0,0.0,0.0,0.0,0.0,0.0,0.0,0.0,0.0,0.0,0.0,0.0,0.0,0.0,0.0,0.0,0.0
2015-12-25 07:00:00,0.0,0.0,0.0,0.0,0.0,0.0,0.0,0.0,0.0,0.0,0.0,0.0,0.0,0.0,0.0,0.0,0.0
2015-12-25 08:00:00,0.004,0.002,0.0,0.016,0.001,0.007,0.014,0.007,0.007,0.017,0.007,0.0,0.009,0.012,0.002,0.001,0.0
2015-12-25 09:00:00,0.021,0.017,0.011,0.035,0.021,0.026,0.039,0.026,0.024,0.041,0.024,0.014,0.028,0.035,0.01,0.018,0.019
2015-12-25 10:00:00,0.035,0.037,0.029,0.055,0.039,0.026,0.058,0.032,0.033,0.069,0.033,0.03,0.035,0.056,0.012,0.034,0.034
2015-12-25 11:00:00,0.077,0.077,0.083,0.1,0.095,0.038,0.123,0.032,0.078,0.104,0.039,0.082,0.063,0.088,0.031,0.093,0.083
2015-12-25 12:00:00,0.13,0.139,0.149,0.11,0.175,0.094,0.163,0.042,0.131,0.135,0.015,0.148,0.089,0.085,0.075,0.168,0.155
2015-12-25 13:00:00,0.15,0.158,0.177,0.076,0.201,0.137,0.111,0.092,0.156,0.13,0.028,0.17,0.104,0.068,0.132,0.185,0.172
2015-12-25 14:00:00,0.113,0.114,0.145,0.024,0.165,0.096,0.085,0.073,0.1,0.041,0.034,0.123,0.098,0.041,0.095,0.149,0.132
2015-12-25 15:00:00,0.017,0.051,0.0,0.0,0.062,0.0,0.027,0.0,0.06,0.0,0.0,0.0,0.022,0.0,0.0,0.018,0.012
2015-12-25 16:00:00,0.0,0.0,0.0,0.0,0.0,0.0,0.0,0.0,0.0,0.0,0.0,0.0,0.0,0.0,0.0,0.0,0.0
2015-12-25 17:00:00,0.0,0.0,0.0,0.0,0.0,0.0,0.0,0.0,0.0,0.0,0.0,0.0,0.0,0.0,0.0,0.0,0.0
2015-12-25 18:00:00,0.0,0.0,0.0,0.0,0.0,0.0,0.0,0.0,0.0,0.0,0.0,0.0,0.0,0.0,0.0,0.0,0.0
2015-12-25 19:00:00,0.0,0.0,0.0,0.0,0.0,0.0,0.0,0.0,0.0,0.0,0.0,0.0,0.0,0.0,0.0,0.0,0.0
2015-12-25 20:00:00,0.0,0.0,0.0,0.0,0.0,0.0,0.0,0.0,0.0,0.0,0.0,0.0,0.0,0.0,0.0,0.0,0.0
2015-12-25 21:00:00,0.0,0.0,0.0,0.0,0.0,0.0,0.0,0.0,0.0,0.0,0.0,0.0,0.0,0.0,0.0,0.0,0.0
2015-12-25 22:00:00,0.0,0.0,0.0,0.0,0.0,0.0,0.0,0.0,0.0,0.0,0.0,0.0,0.0,0.0,0.0,0.0,0.0
2015-12-25 23:00:00,0.0,0.0,0.0,0.0,0.0,0.0,0.0,0.0,0.0,0.0,0.0,0.0,0.0,0.0,0.0,0.0,0.0
2015-12-26 00:00:00,0.0,0.0,0.0,0.0,0.0,0.0,0.0,0.0,0.0,0.0,0.0,0.0,0.0,0.0,0.0,0.0,0.0
2015-12-26 01:00:00,0.0,0.0,0.0,0.0,0.0,0.0,0.0,0.0,0.0,0.0,0.0,0.0,0.0,0.0,0.0,0.0,0.0
2015-12-26 02:00:00,0.0,0.0,0.0,0.0,0.0,0.0,0.0,0.0,0.0,0.0,0.0,0.0,0.0,0.0,0.0,0.0,0.0
2015-12-26 03:00:00,0.0,0.0,0.0,0.0,0.0,0.0,0.0,0.0,0.0,0.0,0.0,0.0,0.0,0.0,0.0,0.0,0.0
2015-12-26 04:00:00,0.0,0.0,0.0,0.0,0.0,0.0,0.0,0.0,0.0,0.0,0.0,0.0,0.0,0.0,0.0,0.0,0.0
2015-12-26 05:00:00,0.0,0.0,0.0,0.0,0.0,0.0,0.0,0.0,0.0,0.0,0.0,0.0,0.0,0.0,0.0,0.0,0.0
2015-12-26 06:00:00,0.0,0.0,0.0,0.0,0.0,0.0,0.0,0.0,0.0,0.0,0.0,0.0,0.0,0.0,0.0,0.0,0.0
2015-12-26 07:00:00,0.0,0.0,0.0,0.0,0.0,0.0,0.0,0.0,0.0,0.0,0.0,0.0,0.0,0.0,0.0,0.0,0.0
2015-12-26 08:00:00,0.003,0.004,0.0,0.008,0.001,0.005,0.015,0.001,0.008,0.015,0.0,0.0,0.01,0.013,0.0,0.001,0.0
2015-12-26 09:00:00,0.013,0.025,0.004,0.019,0.013,0.022,0.045,0.013,0.031,0.041,0.003,0.002,0.033,0.033,0.002,0.01,0.002
2015-12-26 10:00:00,0.027,0.044,0.015,0.046,0.04,0.029,0.059,0.021,0.041,0.066,0.006,0.007,0.045,0.055,0.005,0.027,0.013
2015-12-26 11:00:00,0.049,0.097,0.021,0.042,0.083,0.032,0.146,0.022,0.1,0.097,0.006,0.007,0.108,0.098,0.006,0.054,0.022
2015-12-26 12:00:00,0.08,0.17,0.073,0.04,0.127,0.048,0.208,0.026,0.159,0.136,0.008,0.005,0.15,0.114,0.007,0.107,0.032
2015-12-26 13:00:00,0.089,0.203,0.052,0.027,0.129,0.107,0.222,0.028,0.207,0.11,0.005,0.002,0.158,0.103,0.003,0.136,0.026
2015-12-26 14:00:00,0.07,0.163,0.045,0.021,0.095,0.108,0.165,0.042,0.177,0.065,0.0,0.0,0.156,0.088,0.0,0.104,0.006
2015-12-26 15:00:00,0.016,0.079,0.0,0.0,0.036,0.0,0.051,0.0,0.093,0.0,0.0,0.0,0.033,0.0,0.0,0.015,0.003
2015-12-26 16:00:00,0.0,0.0,0.0,0.0,0.0,0.0,0.0,0.0,0.0,0.0,0.0,0.0,0.0,0.0,0.0,0.0,0.0
2015-12-26 17:00:00,0.0,0.0,0.0,0.0,0.0,0.0,0.0,0.0,0.0,0.0,0.0,0.0,0.0,0.0,0.0,0.0,0.0
2015-12-26 18:00:00,0.0,0.0,0.0,0.0,0.0,0.0,0.0,0.0,0.0,0.0,0.0,0.0,0.0,0.0,0.0,0.0,0.0
2015-12-26 19:00:00,0.0,0.0,0.0,0.0,0.0,0.0,0.0,0.0,0.0,0.0,0.0,0.0,0.0,0.0,0.0,0.0,0.0
2015-12-26 20:00:00,0.0,0.0,0.0,0.0,0.0,0.0,0.0,0.0,0.0,0.0,0.0,0.0,0.0,0.0,0.0,0.0,0.0
2015-12-26 21:00:00,0.0,0.0,0.0,0.0,0.0,0.0,0.0,0.0,0.0,0.0,0.0,0.0,0.0,0.0,0.0,0.0,0.0
2015-12-26 22:00:00,0.0,0.0,0.0,0.0,0.0,0.0,0.0,0.0,0.0,0.0,0.0,0.0,0.0,0.0,0.0,0.0,0.0
2015-12-26 23:00:00,0.0,0.0,0.0,0.0,0.0,0.0,0.0,0.0,0.0,0.0,0.0,0.0,0.0,0.0,0.0,0.0,0.0
2015-12-27 00:00:00,0.0,0.0,0.0,0.0,0.0,0.0,0.0,0.0,0.0,0.0,0.0,0.0,0.0,0.0,0.0,0.0,0.0
2015-12-27 01:00:00,0.0,0.0,0.0,0.0,0.0,0.0,0.0,0.0,0.0,0.0,0.0,0.0,0.0,0.0,0.0,0.0,0.0
2015-12-27 02:00:00,0.0,0.0,0.0,0.0,0.0,0.0,0.0,0.0,0.0,0.0,0.0,0.0,0.0,0.0,0.0,0.0,0.0
2015-12-27 03:00:00,0.0,0.0,0.0,0.0,0.0,0.0,0.0,0.0,0.0,0.0,0.0,0.0,0.0,0.0,0.0,0.0,0.0
2015-12-27 04:00:00,0.0,0.0,0.0,0.0,0.0,0.0,0.0,0.0,0.0,0.0,0.0,0.0,0.0,0.0,0.0,0.0,0.0
2015-12-27 05:00:00,0.0,0.0,0.0,0.0,0.0,0.0,0.0,0.0,0.0,0.0,0.0,0.0,0.0,0.0,0.0,0.0,0.0
2015-12-27 06:00:00,0.0,0.0,0.0,0.0,0.0,0.0,0.0,0.0,0.0,0.0,0.0,0.0,0.0,0.0,0.0,0.0,0.0
2015-12-27 07:00:00,0.0,0.0,0.0,0.0,0.0,0.0,0.0,0.0,0.0,0.0,0.0,0.0,0.0,0.0,0.0,0.0,0.0
2015-12-27 08:00:00,0.005,0.007,0.001,0.007,0.003,0.01,0.017,0.003,0.012,0.02,0.0,0.0,0.014,0.019,0.0,0.005,0.0
2015-12-27 09:00:00,0.028,0.039,0.019,0.024,0.033,0.038,0.046,0.016,0.041,0.049,0.007,0.005,0.043,0.052,0.006,0.035,0.024
2015-12-27 10:00:00,0.048,0.06,0.046,0.035,0.056,0.064,0.071,0.028,0.062,0.073,0.016,0.016,0.072,0.078,0.013,0.06,0.049
2015-12-27 11:00:00,0.079,0.11,0.074,0.061,0.094,0.094,0.14,0.045,0.122,0.128,0.024,0.032,0.125,0.122,0.021,0.094,0.078
2015-12-27 12:00:00,0.1,0.159,0.096,0.091,0.127,0.093,0.173,0.053,0.173,0.158,0.017,0.046,0.155,0.131,0.02,0.118,0.091
2015-12-27 13:00:00,0.08,0.146,0.08,0.048,0.101,0.08,0.167,0.036,0.166,0.155,0.007,0.029,0.151,0.1,0.009,0.102,0.043
2015-12-27 14:00:00,0.041,0.093,0.034,0.025,0.058,0.043,0.116,0.02,0.112,0.07,0.0,0.011,0.09,0.051,0.003,0.046,0.016
2015-12-27 15:00:00,0.005,0.026,0.0,0.0,0.005,0.0,0.035,0.0,0.028,0.0,0.0,0.0,0.015,0.0,0.0,0.006,0.0
2015-12-27 16:00:00,0.0,0.0,0.0,0.0,0.0,0.0,0.0,0.0,0.0,0.0,0.0,0.0,0.0,0.0,0.0,0.0,0.0
2015-12-27 17:00:00,0.0,0.0,0.0,0.0,0.0,0.0,0.0,0.0,0.0,0.0,0.0,0.0,0.0,0.0,0.0,0.0,0.0
2015-12-27 18:00:00,0.0,0.0,0.0,0.0,0.0,0.0,0.0,0.0,0.0,0.0,0.0,0.0,0.0,0.0,0.0,0.0,0.0
2015-12-27 19:00:00,0.0,0.0,0.0,0.0,0.0,0.0,0.0,0.0,0.0,0.0,0.0,0.0,0.0,0.0,0.0,0.0,0.0
2015-12-27 20:00:00,0.0,0.0,0.0,0.0,0.0,0.0,0.0,0.0,0.0,0.0,0.0,0.0,0.0,0.0,0.0,0.0,0.0
2015-12-27 21:00:00,0.0,0.0,0.0,0.0,0.0,0.0,0.0,0.0,0.0,0.0,0.0,0.0,0.0,0.0,0.0,0.0,0.0
2015-12-27 22:00:00,0.0,0.0,0.0,0.0,0.0,0.0,0.0,0.0,0.0,0.0,0.0,0.0,0.0,0.0,0.0,0.0,0.0
2015-12-27 23:00:00,0.0,0.0,0.0,0.0,0.0,0.0,0.0,0.0,0.0,0.0,0.0,0.0,0.0,0.0,0.0,0.0,0.0
2015-12-28 00:00:00,0.0,0.0,0.0,0.0,0.0,0.0,0.0,0.0,0.0,0.0,0.0,0.0,0.0,0.0,0.0,0.0,0.0
2015-12-28 01:00:00,0.0,0.0,0.0,0.0,0.0,0.0,0.0,0.0,0.0,0.0,0.0,0.0,0.0,0.0,0.0,0.0,0.0
2015-12-28 02:00:00,0.0,0.0,0.0,0.0,0.0,0.0,0.0,0.0,0.0,0.0,0.0,0.0,0.0,0.0,0.0,0.0,0.0
2015-12-28 03:00:00,0.0,0.0,0.0,0.0,0.0,0.0,0.0,0.0,0.0,0.0,0.0,0.0,0.0,0.0,0.0,0.0,0.0
2015-12-28 04:00:00,0.0,0.0,0.0,0.0,0.0,0.0,0.0,0.0,0.0,0.0,0.0,0.0,0.0,0.0,0.0,0.0,0.0
2015-12-28 05:00:00,0.0,0.0,0.0,0.0,0.0,0.0,0.0,0.0,0.0,0.0,0.0,0.0,0.0,0.0,0.0,0.0,0.0
2015-12-28 06:00:00,0.0,0.0,0.0,0.0,0.0,0.0,0.0,0.0,0.0,0.0,0.0,0.0,0.0,0.0,0.0,0.0,0.0
2015-12-28 07:00:00,0.0,0.0,0.0,0.0,0.0,0.0,0.0,0.0,0.0,0.0,0.0,0.0,0.0,0.0,0.0,0.0,0.0
2015-12-28 08:00:00,0.002,0.001,0.001,0.007,0.001,0.004,0.002,0.003,0.002,0.005,0.002,0.0,0.003,0.009,0.0,0.002,0.0
2015-12-28 09:00:00,0.018,0.016,0.011,0.027,0.018,0.022,0.014,0.018,0.015,0.025,0.023,0.011,0.017,0.024,0.01,0.022,0.015
2015-12-28 10:00:00,0.034,0.029,0.025,0.044,0.035,0.041,0.033,0.033,0.034,0.056,0.031,0.026,0.037,0.051,0.02,0.038,0.032
2015-12-28 11:00:00,0.057,0.052,0.037,0.071,0.069,0.07,0.046,0.059,0.054,0.085,0.037,0.044,0.058,0.061,0.039,0.062,0.055
2015-12-28 12:00:00,0.075,0.083,0.064,0.09,0.108,0.097,0.088,0.077,0.056,0.104,0.045,0.047,0.081,0.092,0.043,0.08,0.056
2015-12-28 13:00:00,0.073,0.086,0.077,0.071,0.088,0.079,0.073,0.088,0.073,0.1,0.031,0.033,0.077,0.114,0.034,0.087,0.055
2015-12-28 14:00:00,0.047,0.081,0.046,0.039,0.09,0.048,0.047,0.033,0.041,0.064,0.008,0.017,0.07,0.061,0.005,0.052,0.035
2015-12-28 15:00:00,0.011,0.043,0.0,0.0,0.042,0.0,0.001,0.0,0.021,0.0,0.0,0.0,0.012,0.0,0.0,0.013,0.001
2015-12-28 16:00:00,0.0,0.0,0.0,0.0,0.0,0.0,0.0,0.0,0.0,0.0,0.0,0.0,0.0,0.0,0.0,0.0,0.0
2015-12-28 17:00:00,0.0,0.0,0.0,0.0,0.0,0.0,0.0,0.0,0.0,0.0,0.0,0.0,0.0,0.0,0.0,0.0,0.0
2015-12-28 18:00:00,0.0,0.0,0.0,0.0,0.0,0.0,0.0,0.0,0.0,0.0,0.0,0.0,0.0,0.0,0.0,0.0,0.0
2015-12-28 19:00:00,0.0,0.0,0.0,0.0,0.0,0.0,0.0,0.0,0.0,0.0,0.0,0.0,0.0,0.0,0.0,0.0,0.0
2015-12-28 20:00:00,0.0,0.0,0.0,0.0,0.0,0.0,0.0,0.0,0.0,0.0,0.0,0.0,0.0,0.0,0.0,0.0,0.0
2015-12-28 21:00:00,0.0,0.0,0.0,0.0,0.0,0.0,0.0,0.0,0.0,0.0,0.0,0.0,0.0,0.0,0.0,0.0,0.0
2015-12-28 22:00:00,0.0,0.0,0.0,0.0,0.0,0.0,0.0,0.0,0.0,0.0,0.0,0.0,0.0,0.0,0.0,0.0,0.0
2015-12-28 23:00:00,0.0,0.0,0.0,0.0,0.0,0.0,0.0,0.0,0.0,0.0,0.0,0.0,0.0,0.0,0.0,0.0,0.0
2015-12-29 00:00:00,0.0,0.0,0.0,0.0,0.0,0.0,0.0,0.0,0.0,0.0,0.0,0.0,0.0,0.0,0.0,0.0,0.0
2015-12-29 01:00:00,0.0,0.0,0.0,0.0,0.0,0.0,0.0,0.0,0.0,0.0,0.0,0.0,0.0,0.0,0.0,0.0,0.0
2015-12-29 02:00:00,0.0,0.0,0.0,0.0,0.0,0.0,0.0,0.0,0.0,0.0,0.0,0.0,0.0,0.0,0.0,0.0,0.0
2015-12-29 03:00:00,0.0,0.0,0.0,0.0,0.0,0.0,0.0,0.0,0.0,0.0,0.0,0.0,0.0,0.0,0.0,0.0,0.0
2015-12-29 04:00:00,0.0,0.0,0.0,0.0,0.0,0.0,0.0,0.0,0.0,0.0,0.0,0.0,0.0,0.0,0.0,0.0,0.0
2015-12-29 05:00:00,0.0,0.0,0.0,0.0,0.0,0.0,0.0,0.0,0.0,0.0,0.0,0.0,0.0,0.0,0.0,0.0,0.0
2015-12-29 06:00:00,0.0,0.0,0.0,0.0,0.0,0.0,0.0,0.0,0.0,0.0,0.0,0.0,0.0,0.0,0.0,0.0,0.0
2015-12-29 07:00:00,0.0,0.0,0.0,0.0,0.0,0.0,0.0,0.0,0.0,0.0,0.0,0.0,0.0,0.0,0.0,0.0,0.0
2015-12-29 08:00:00,0.004,0.002,0.003,0.014,0.001,0.005,0.008,0.008,0.003,0.006,0.01,0.001,0.005,0.004,0.005,0.001,0.0
2015-12-29 09:00:00,0.023,0.02,0.024,0.036,0.02,0.027,0.027,0.03,0.025,0.024,0.029,0.02,0.026,0.026,0.025,0.02,0.018
2015-12-29 10:00:00,0.042,0.039,0.044,0.067,0.037,0.053,0.04,0.048,0.043,0.06,0.044,0.033,0.039,0.063,0.036,0.038,0.04
2015-12-29 11:00:00,0.093,0.056,0.099,0.173,0.063,0.108,0.065,0.144,0.06,0.137,0.141,0.098,0.058,0.127,0.123,0.071,0.069
2015-12-29 12:00:00,0.138,0.078,0.167,0.245,0.065,0.164,0.101,0.221,0.075,0.201,0.21,0.178,0.096,0.188,0.192,0.099,0.111
2015-12-29 13:00:00,0.155,0.102,0.183,0.244,0.095,0.192,0.076,0.234,0.104,0.223,0.208,0.206,0.097,0.22,0.199,0.117,0.131
2015-12-29 14:00:00,0.108,0.045,0.153,0.181,0.052,0.152,0.052,0.173,0.053,0.168,0.128,0.156,0.092,0.175,0.138,0.08,0.086
2015-12-29 15:00:00,0.009,0.028,0.0,0.0,0.032,0.002,0.013,0.0,0.012,0.0,0.0,0.0,0.033,0.0,0.0,0.008,0.01
2015-12-29 16:00:00,0.0,0.0,0.0,0.0,0.0,0.0,0.0,0.0,0.0,0.0,0.0,0.0,0.0,0.0,0.0,0.0,0.0
2015-12-29 17:00:00,0.0,0.0,0.0,0.0,0.0,0.0,0.0,0.0,0.0,0.0,0.0,0.0,0.0,0.0,0.0,0.0,0.0
2015-12-29 18:00:00,0.0,0.0,0.0,0.0,0.0,0.0,0.0,0.0,0.0,0.0,0.0,0.0,0.0,0.0,0.0,0.0,0.0
2015-12-29 19:00:00,0.0,0.0,0.0,0.0,0.0,0.0,0.0,0.0,0.0,0.0,0.0,0.0,0.0,0.0,0.0,0.0,0.0
2015-12-29 20:00:00,0.0,0.0,0.0,0.0,0.0,0.0,0.0,0.0,0.0,0.0,0.0,0.0,0.0,0.0,0.0,0.0,0.0
2015-12-29 21:00:00,0.0,0.0,0.0,0.0,0.0,0.0,0.0,0.0,0.0,0.0,0.0,0.0,0.0,0.0,0.0,0.0,0.0
2015-12-29 22:00:00,0.0,0.0,0.0,0.0,0.0,0.0,0.0,0.0,0.0,0.0,0.0,0.0,0.0,0.0,0.0,0.0,0.0
2015-12-29 23:00:00,0.0,0.0,0.0,0.0,0.0,0.0,0.0,0.0,0.0,0.0,0.0,0.0,0.0,0.0,0.0,0.0,0.0
2015-12-30 00:00:00,0.0,0.0,0.0,0.0,0.0,0.0,0.0,0.0,0.0,0.0,0.0,0.0,0.0,0.0,0.0,0.0,0.0
2015-12-30 01:00:00,0.0,0.0,0.0,0.0,0.0,0.0,0.0,0.0,0.0,0.0,0.0,0.0,0.0,0.0,0.0,0.0,0.0
2015-12-30 02:00:00,0.0,0.0,0.0,0.0,0.0,0.0,0.0,0.0,0.0,0.0,0.0,0.0,0.0,0.0,0.0,0.0,0.0
2015-12-30 03:00:00,0.0,0.0,0.0,0.0,0.0,0.0,0.0,0.0,0.0,0.0,0.0,0.0,0.0,0.0,0.0,0.0,0.0
2015-12-30 04:00:00,0.0,0.0,0.0,0.0,0.0,0.0,0.0,0.0,0.0,0.0,0.0,0.0,0.0,0.0,0.0,0.0,0.0
2015-12-30 05:00:00,0.0,0.0,0.0,0.0,0.0,0.0,0.0,0.0,0.0,0.0,0.0,0.0,0.0,0.0,0.0,0.0,0.0
2015-12-30 06:00:00,0.0,0.0,0.0,0.0,0.0,0.0,0.0,0.0,0.0,0.0,0.0,0.0,0.0,0.0,0.0,0.0,0.0
2015-12-30 07:00:00,0.0,0.0,0.0,0.0,0.0,0.0,0.0,0.0,0.0,0.0,0.0,0.0,0.0,0.0,0.0,0.0,0.0
2015-12-30 08:00:00,0.006,0.005,0.004,0.017,0.002,0.008,0.016,0.009,0.009,0.016,0.011,0.002,0.012,0.012,0.006,0.005,0.0
2015-12-30 09:00:00,0.031,0.029,0.031,0.045,0.024,0.037,0.042,0.039,0.031,0.051,0.032,0.027,0.037,0.048,0.033,0.028,0.021
2015-12-30 10:00:00,0.048,0.041,0.048,0.068,0.038,0.058,0.068,0.063,0.045,0.079,0.048,0.04,0.057,0.069,0.049,0.041,0.036
2015-12-30 11:00:00,0.121,0.13,0.115,0.17,0.107,0.127,0.137,0.131,0.149,0.152,0.142,0.097,0.144,0.121,0.11,0.121,0.089
2015-12-30 12:00:00,0.2,0.222,0.187,0.247,0.2,0.188,0.188,0.214,0.237,0.212,0.212,0.175,0.206,0.18,0.192,0.202,0.168
2015-12-30 13:00:00,0.23,0.264,0.223,0.259,0.244,0.214,0.232,0.239,0.274,0.256,0.219,0.184,0.237,0.238,0.213,0.231,0.203
2015-12-30 14:00:00,0.185,0.228,0.176,0.185,0.21,0.184,0.221,0.174,0.23,0.208,0.145,0.114,0.224,0.209,0.15,0.196,0.171
2015-12-30 15:00:00,0.047,0.124,0.0,0.0,0.117,0.01,0.105,0.0,0.127,0.0,0.0,0.0,0.106,0.0,0.0,0.066,0.045
2015-12-30 16:00:00,0.0,0.0,0.0,0.0,0.0,0.0,0.0,0.0,0.0,0.0,0.0,0.0,0.0,0.0,0.0,0.0,0.0
2015-12-30 17:00:00,0.0,0.0,0.0,0.0,0.0,0.0,0.0,0.0,0.0,0.0,0.0,0.0,0.0,0.0,0.0,0.0,0.0
2015-12-30 18:00:00,0.0,0.0,0.0,0.0,0.0,0.0,0.0,0.0,0.0,0.0,0.0,0.0,0.0,0.0,0.0,0.0,0.0
2015-12-30 19:00:00,0.0,0.0,0.0,0.0,0.0,0.0,0.0,0.0,0.0,0.0,0.0,0.0,0.0,0.0,0.0,0.0,0.0
2015-12-30 20:00:00,0.0,0.0,0.0,0.0,0.0,0.0,0.0,0.0,0.0,0.0,0.0,0.0,0.0,0.0,0.0,0.0,0.0
2015-12-30 21:00:00,0.0,0.0,0.0,0.0,0.0,0.0,0.0,0.0,0.0,0.0,0.0,0.0,0.0,0.0,0.0,0.0,0.0
2015-12-30 22:00:00,0.0,0.0,0.0,0.0,0.0,0.0,0.0,0.0,0.0,0.0,0.0,0.0,0.0,0.0,0.0,0.0,0.0
2015-12-30 23:00:00,0.0,0.0,0.0,0.0,0.0,0.0,0.0,0.0,0.0,0.0,0.0,0.0,0.0,0.0,0.0,0.0,0.0
2015-12-31 00:00:00,0.0,0.0,0.0,0.0,0.0,0.0,0.0,0.0,0.0,0.0,0.0,0.0,0.0,0.0,0.0,0.0,0.0
2015-12-31 01:00:00,0.0,0.0,0.0,0.0,0.0,0.0,0.0,0.0,0.0,0.0,0.0,0.0,0.0,0.0,0.0,0.0,0.0
2015-12-31 02:00:00,0.0,0.0,0.0,0.0,0.0,0.0,0.0,0.0,0.0,0.0,0.0,0.0,0.0,0.0,0.0,0.0,0.0
2015-12-31 03:00:00,0.0,0.0,0.0,0.0,0.0,0.0,0.0,0.0,0.0,0.0,0.0,0.0,0.0,0.0,0.0,0.0,0.0
2015-12-31 04:00:00,0.0,0.0,0.0,0.0,0.0,0.0,0.0,0.0,0.0,0.0,0.0,0.0,0.0,0.0,0.0,0.0,0.0
2015-12-31 05:00:00,0.0,0.0,0.0,0.0,0.0,0.0,0.0,0.0,0.0,0.0,0.0,0.0,0.0,0.0,0.0,0.0,0.0
2015-12-31 06:00:00,0.0,0.0,0.0,0.0,0.0,0.0,0.0,0.0,0.0,0.0,0.0,0.0,0.0,0.0,0.0,0.0,0.0
2015-12-31 07:00:00,0.0,0.0,0.0,0.0,0.0,0.0,0.0,0.0,0.0,0.0,0.0,0.0,0.0,0.0,0.0,0.0,0.0
2015-12-31 08:00:00,0.007,0.007,0.004,0.016,0.003,0.01,0.016,0.01,0.01,0.019,0.01,0.002,0.012,0.015,0.006,0.006,0.0
2015-12-31 09:00:00,0.03,0.038,0.026,0.037,0.029,0.032,0.037,0.031,0.038,0.039,0.029,0.021,0.035,0.036,0.026,0.033,0.02
2015-12-31 10:00:00,0.049,0.055,0.039,0.065,0.049,0.044,0.059,0.044,0.069,0.074,0.045,0.034,0.048,0.058,0.036,0.057,0.036
2015-12-31 11:00:00,0.128,0.125,0.119,0.174,0.107,0.147,0.18,0.148,0.138,0.189,0.146,0.101,0.158,0.172,0.126,0.119,0.09
2015-12-31 12:00:00,0.198,0.188,0.198,0.249,0.169,0.23,0.268,0.226,0.208,0.268,0.217,0.177,0.244,0.253,0.201,0.182,0.156
2015-12-31 13:00:00,0.217,0.224,0.215,0.261,0.196,0.257,0.297,0.244,0.241,0.285,0.228,0.183,0.275,0.274,0.211,0.196,0.18
2015-12-31 14:00:00,0.169,0.2,0.168,0.189,0.149,0.201,0.243,0.18,0.207,0.217,0.156,0.127,0.227,0.212,0.142,0.158,0.154
2015-12-31 15:00:00,0.037,0.099,0.0,0.0,0.066,0.016,0.119,0.0,0.101,0.0,0.0,0.0,0.121,0.002,0.0,0.048,0.048
2015-12-31 16:00:00,0.0,0.0,0.0,0.0,0.0,0.0,0.0,0.0,0.0,0.0,0.0,0.0,0.0,0.0,0.0,0.0,0.0
2015-12-31 17:00:00,0.0,0.0,0.0,0.0,0.0,0.0,0.0,0.0,0.0,0.0,0.0,0.0,0.0,0.0,0.0,0.0,0.0
2015-12-31 18:00:00,0.0,0.0,0.0,0.0,0.0,0.0,0.0,0.0,0.0,0.0,0.0,0.0,0.0,0.0,0.0,0.0,0.0
2015-12-31 19:00:00,0.0,0.0,0.0,0.0,0.0,0.0,0.0,0.0,0.0,0.0,0.0,0.0,0.0,0.0,0.0,0.0,0.0
2015-12-31 20:00:00,0.0,0.0,0.0,0.0,0.0,0.0,0.0,0.0,0.0,0.0,0.0,0.0,0.0,0.0,0.0,0.0,0.0
2015-12-31 21:00:00,0.0,0.0,0.0,0.0,0.0,0.0,0.0,0.0,0.0,0.0,0.0,0.0,0.0,0.0,0.0,0.0,0.0
2015-12-31 22:00:00,0.0,0.0,0.0,0.0,0.0,0.0,0.0,0.0,0.0,0.0,0.0,0.0,0.0,0.0,0.0,0.0,0.0
2015-12-31 23:00:00,0.0,0.0,0.0,0.0,0.0,0.0,0.0,0.0,0.0,0.0,0.0,0.0,0.0,0.0,0.0,0.0,0.0
